<?xml version="1.0" encoding="ISO-8859-1" standalone="yes"?>
<nite:root nite:id="Bdb001.D.words" xmlns:nite="http://nite.sourceforge.net/">
   <nonvocalsound nite:id="Bdb001.nonvocalsound.1" starttime="" endtime="" description="mike noise"/>
   <nonvocalsound nite:id="Bdb001.nonvocalsound.2" starttime="" endtime="" description="mike noise"/>
   <nonvocalsound nite:id="Bdb001.nonvocalsound.4" starttime="" endtime="" description="mike noise"/>
   <w nite:id="Bdb001.w.52" starttime="13.38" endtime="13.54" c="W">It</w>
   <disfmarker nite:id="Bdb001.disfmarker.4" starttime="" endtime=""/>
   <w nite:id="Bdb001.w.53" starttime="13.86" endtime="14.08" c="W">it</w>
   <w nite:id="Bdb001.w.54" starttime="14.08" endtime="14.41" c="W">doesn't</w>
   <disfmarker nite:id="Bdb001.disfmarker.5" starttime="" endtime=""/>
   <nonvocalsound nite:id="Bdb001.nonvocalsound.5" starttime="" endtime="" description="mike noise"/>
   <w nite:id="Bdb001.w.76" starttime="18.067" endtime="18.177" c="W">It</w>
   <w nite:id="Bdb001.w.77" starttime="18.177" endtime="18.387" c="W">didn't</w>
   <w nite:id="Bdb001.w.78" starttime="18.387" endtime="18.607" c="W">move</w>
   <w nite:id="Bdb001.w.79" starttime="18.607" endtime="19.027" c="W">yesterday</w>
   <w nite:id="Bdb001.w.80" starttime="19.027" endtime="19.237" c="W">either</w>
   <w nite:id="Bdb001.w.81" starttime="19.237" endtime="19.357" c="W">when</w>
   <w nite:id="Bdb001.w.82" starttime="19.357" endtime="19.457" c="W">I</w>
   <w nite:id="Bdb001.w.83" starttime="19.457" endtime="19.837" c="W">started</w>
   <w nite:id="Bdb001.w.84" starttime="19.837" endtime="19.977" c="W">it</w>
   <w nite:id="Bdb001.w.85" starttime="19.977" endtime="19.977" c=".">.</w>
   <w nite:id="Bdb001.w.95" starttime="20.56" endtime="20.64" c="W">So</w>
   <w nite:id="Bdb001.w.96" starttime="20.64" endtime="20.7" c="W">I</w>
   <w nite:id="Bdb001.w.97" starttime="20.7" endtime="20.83" c="W">don't</w>
   <w nite:id="Bdb001.w.98" starttime="20.83" endtime="20.9" c="W">know</w>
   <w nite:id="Bdb001.w.99" starttime="20.9" endtime="20.96" c="W">if</w>
   <w nite:id="Bdb001.w.100" starttime="20.96" endtime="21.02" c="W">it</w>
   <w nite:id="Bdb001.w.101" starttime="21.02" endtime="21.24" c="W">doesn't</w>
   <w nite:id="Bdb001.w.102" starttime="21.24" endtime="21.42" c="W">like</w>
   <w nite:id="Bdb001.w.103" starttime="21.42" endtime="21.64" c="W">both</w>
   <w nite:id="Bdb001.w.104" starttime="21.64" endtime="21.72" c="W">of</w>
   <w nite:id="Bdb001.w.105" starttime="21.72" endtime="21.89" c="W">us</w>
   <disfmarker nite:id="Bdb001.disfmarker.10" starttime="" endtime=""/>
   <nonvocalsound nite:id="Bdb001.nonvocalsound.6" starttime="" endtime="" description="mike noise"/>
   <w nite:id="Bdb001.w.133" starttime="25.97" endtime="26.06" c="W">You</w>
   <w nite:id="Bdb001.w.134" starttime="26.06" endtime="26.14" c="W">know</w>
   <w nite:id="Bdb001.w.135" starttime="26.14" endtime="26.14" c="CM">,</w>
   <w nite:id="Bdb001.w.136" starttime="26.14" endtime="26.24" c="W">I</w>
   <w nite:id="Bdb001.w.137" starttime="26.24" endtime="26.66" c="W">discovered</w>
   <w nite:id="Bdb001.w.138" starttime="26.66" endtime="26.97" c="W">something</w>
   <w nite:id="Bdb001.w.139" starttime="26.97" endtime="27.39" c="W">yesterday</w>
   <w nite:id="Bdb001.w.140" starttime="27.39" endtime="27.52" c="W">on</w>
   <w nite:id="Bdb001.w.141" starttime="27.52" endtime="27.8" c="W">these</w>
   <w nite:id="Bdb001.w.142" starttime="27.8" endtime="27.8" c="CM">,</w>
   <w nite:id="Bdb001.w.143" starttime="27.8" endtime="28.2" c="W">um</w>
   <w nite:id="Bdb001.w.144" starttime="28.2" endtime="28.2" c="CM">,</w>
   <w nite:id="Bdb001.w.145" starttime="28.2" endtime="28.64" c="W">wireless</w>
   <w nite:id="Bdb001.w.146" starttime="28.64" endtime="29.0" c="W">ones</w>
   <w nite:id="Bdb001.w.147" starttime="29.0" endtime="29.0" c=".">.</w>
   <comment nite:id="Bdb001.comment.1" starttime="" endtime="" description="rising intonation"/>
   <w nite:id="Bdb001.w.155" starttime="29.868" endtime="29.958" c="W">You</w>
   <w nite:id="Bdb001.w.156" starttime="29.958" endtime="30.118" c="W">can</w>
   <w nite:id="Bdb001.w.157" starttime="30.118" endtime="30.298" c="W">tell</w>
   <w nite:id="Bdb001.w.158" starttime="30.298" endtime="30.388" c="W">if</w>
   <w nite:id="Bdb001.w.159" starttime="30.388" endtime="" c="W">it</w>
   <w nite:id="Bdb001.w.160" starttime="" endtime="30.548" c="APOSS">'s</w>
   <w nite:id="Bdb001.w.161" starttime="30.548" endtime="30.908" c="W">picking</w>
   <w nite:id="Bdb001.w.162" starttime="30.908" endtime="31.068" c="W">up</w>
   <pause nite:id="Bdb001.pause.2" starttime="31.068" endtime="31.838"/>
   <w nite:id="Bdb001.w.163" starttime="31.838" endtime="32.128" c="W">breath</w>
   <w nite:id="Bdb001.w.164" starttime="32.128" endtime="32.428" c="W">noise</w>
   <w nite:id="Bdb001.w.165" starttime="32.428" endtime="32.558" c="W">and</w>
   <w nite:id="Bdb001.w.166" starttime="32.558" endtime="32.988" c="W">stuff</w>
   <w nite:id="Bdb001.w.167" starttime="32.988" endtime="32.988" c=".">.</w>
   <w nite:id="Bdb001.w.181" starttime="33.997" endtime="" c="W">Mm</w>
   <w nite:id="Bdb001.w.182" starttime="" endtime="" c="HYPH">-</w>
   <w nite:id="Bdb001.w.183" starttime="" endtime="34.437" c="W">hmm</w>
   <w nite:id="Bdb001.w.184" starttime="34.437" endtime="34.437" c=".">.</w>
   <w nite:id="Bdb001.w.206" starttime="36.739" endtime="36.919" c="W">So</w>
   <w nite:id="Bdb001.w.207" starttime="36.919" endtime="37.049" c="W">if</w>
   <w nite:id="Bdb001.w.208" starttime="37.049" endtime="37.319" c="W">you</w>
   <disfmarker nite:id="Bdb001.disfmarker.14" starttime="" endtime=""/>
   <w nite:id="Bdb001.w.209" starttime="38.329" endtime="38.509" c="W">yeah</w>
   <w nite:id="Bdb001.w.210" starttime="38.509" endtime="38.509" c="CM">,</w>
   <w nite:id="Bdb001.w.211" starttime="38.509" endtime="38.619" c="W">if</w>
   <w nite:id="Bdb001.w.212" starttime="38.619" endtime="38.839" c="W">you</w>
   <w nite:id="Bdb001.w.213" starttime="38.839" endtime="39.199" c="W">breathe</w>
   <w nite:id="Bdb001.w.214" starttime="39.199" endtime="39.549" c="W">under</w>
   <disfmarker nite:id="Bdb001.disfmarker.15" starttime="" endtime=""/>
   <w nite:id="Bdb001.w.215" starttime="39.919" endtime="40.239" c="W">breathe</w>
   <w nite:id="Bdb001.w.216" starttime="40.239" endtime="40.329" c="W">and</w>
   <w nite:id="Bdb001.w.217" starttime="40.329" endtime="40.439" c="W">then</w>
   <w nite:id="Bdb001.w.218" starttime="40.439" endtime="40.519" c="W">you</w>
   <w nite:id="Bdb001.w.219" starttime="40.519" endtime="40.729" c="W">see</w>
   <w nite:id="Bdb001.w.220" starttime="40.729" endtime="41.149" t="PLET" c="W">AF</w>
   <w nite:id="Bdb001.w.221" starttime="41.149" endtime="41.229" c="W">go</w>
   <w nite:id="Bdb001.w.222" starttime="41.229" endtime="41.499" c="W">off</w>
   <w nite:id="Bdb001.w.223" starttime="41.499" endtime="41.499" c="CM">,</w>
   <w nite:id="Bdb001.w.224" starttime="41.499" endtime="41.629" c="W">then</w>
   <w nite:id="Bdb001.w.225" starttime="41.629" endtime="41.739" c="W">you</w>
   <w nite:id="Bdb001.w.226" starttime="41.739" endtime="42.019" c="W">know</w>
   <pause nite:id="Bdb001.pause.3" starttime="42.019" endtime="42.789"/>
   <w nite:id="Bdb001.w.227" starttime="42.789" endtime="" c="W">it</w>
   <w nite:id="Bdb001.w.228" starttime="" endtime="42.899" c="APOSS">'s</w>
   <w nite:id="Bdb001.w.229" starttime="43.469" endtime="43.609" c="TRUNCW">p</w>
   <w nite:id="Bdb001.w.230" starttime="43.609" endtime="43.929" c="W">picking</w>
   <w nite:id="Bdb001.w.231" starttime="43.929" endtime="44.039" c="W">up</w>
   <w nite:id="Bdb001.w.232" starttime="44.039" endtime="44.199" c="W">your</w>
   <w nite:id="Bdb001.w.233" starttime="44.199" endtime="44.419" c="W">mouth</w>
   <w nite:id="Bdb001.w.234" starttime="44.509" endtime="44.639" c="W">noise</w>
   <w nite:id="Bdb001.w.235" starttime="44.639" endtime="44.639" c=".">.</w>
   <nonvocalsound nite:id="Bdb001.nonvocalsound.11" starttime="" endtime="" description="mike noise"/>
   <vocalsound nite:id="Bdb001.vocalsound.9" starttime="" endtime="" description="laugh"/>
   <nonvocalsound nite:id="Bdb001.nonvocalsound.12" starttime="" endtime="" description="mike noise"/>
   <nonvocalsound nite:id="Bdb001.nonvocalsound.14" starttime="" endtime="" description="mike noise"/>
   <w nite:id="Bdb001.w.477" starttime="114.568" endtime="114.698" c="W">Can</w>
   <w nite:id="Bdb001.w.478" starttime="114.698" endtime="114.728" c="W">I</w>
   <w nite:id="Bdb001.w.479" starttime="114.728" endtime="114.858" c="W">see</w>
   <w nite:id="Bdb001.w.480" starttime="114.858" endtime="114.928" c="W">it</w>
   <w nite:id="Bdb001.w.481" starttime="114.928" endtime="114.928" c=".">?</w>
   <nonvocalsound nite:id="Bdb001.nonvocalsound.20" starttime="" endtime="" description="mike noise"/>
   <nonvocalsound nite:id="Bdb001.nonvocalsound.27" starttime="" endtime="" description="mike noise"/>
   <vocalsound nite:id="Bdb001.vocalsound.34" starttime="" endtime="" description="breath-laugh"/>
   <w nite:id="Bdb001.w.1,742" starttime="427.453" endtime="427.913" c="W">Lattices</w>
   <w nite:id="Bdb001.w.1,743" starttime="427.913" endtime="427.963" c="W">are</w>
   <w nite:id="Bdb001.w.1,744" starttime="427.963" endtime="428.143" c="W">big</w>
   <w nite:id="Bdb001.w.1,745" starttime="428.143" endtime="428.143" c="CM">,</w>
   <w nite:id="Bdb001.w.1,746" starttime="428.143" endtime="428.393" c="W">too</w>
   <w nite:id="Bdb001.w.1,747" starttime="428.393" endtime="428.393" c=".">.</w>
   <vocalsound nite:id="Bdb001.vocalsound.52" starttime="" endtime="" description="sniff"/>
   <vocalsound nite:id="Bdb001.vocalsound.53" starttime="" endtime="" description="inbreath"/>
   <w nite:id="Bdb001.w.1,905" starttime="465.154" endtime="465.254" c="W">But</w>
   <w nite:id="Bdb001.w.1,906" starttime="465.254" endtime="465.494" c="W">what</w>
   <disfmarker nite:id="Bdb001.disfmarker.89" starttime="" endtime=""/>
   <w nite:id="Bdb001.w.1,907" starttime="465.494" endtime="" c="W">what</w>
   <w nite:id="Bdb001.w.1,908" starttime="" endtime="465.784" c="APOSS">'s</w>
   <w nite:id="Bdb001.w.1,909" starttime="465.784" endtime="465.874" c="W">the</w>
   <w nite:id="Bdb001.w.1,910" starttime="465.874" endtime="466.314" c="W">advantage</w>
   <w nite:id="Bdb001.w.1,911" starttime="466.314" endtime="466.444" c="W">of</w>
   <w nite:id="Bdb001.w.1,912" starttime="466.864" endtime="467.084" c="W">doing</w>
   <w nite:id="Bdb001.w.1,913" starttime="467.084" endtime="467.274" c="W">that</w>
   <w nite:id="Bdb001.w.1,914" starttime="467.274" endtime="467.674" c="W">versus</w>
   <w nite:id="Bdb001.w.1,915" starttime="467.674" endtime="467.874" c="W">just</w>
   <w nite:id="Bdb001.w.1,916" starttime="467.874" endtime="468.154" c="W">putting</w>
   <w nite:id="Bdb001.w.1,917" starttime="468.154" endtime="468.244" c="W">it</w>
   <w nite:id="Bdb001.w.1,918" starttime="468.244" endtime="468.654" c="W">into</w>
   <w nite:id="Bdb001.w.1,919" starttime="468.654" endtime="468.874" c="W">this</w>
   <w nite:id="Bdb001.w.1,920" starttime="468.874" endtime="469.174" c="W">format</w>
   <w nite:id="Bdb001.w.1,921" starttime="469.174" endtime="469.174" c=".">?</w>
   <w nite:id="Bdb001.w.1,943" starttime="470.444" endtime="" c="W">Uh</w>
   <w nite:id="Bdb001.w.1,944" starttime="" endtime="" c="HYPH">-</w>
   <w nite:id="Bdb001.w.1,945" starttime="" endtime="470.694" c="W">huh</w>
   <w nite:id="Bdb001.w.1,946" starttime="470.694" endtime="470.694" c=".">.</w>
   <vocalsound nite:id="Bdb001.vocalsound.58" starttime="" endtime="" description="inbreath"/>
   <w nite:id="Bdb001.w.2,034" starttime="485.701" endtime="485.791" c="W">Yeah</w>
   <w nite:id="Bdb001.w.2,035" starttime="485.791" endtime="485.791" c="CM">,</w>
   <w nite:id="Bdb001.w.2,036" starttime="485.791" endtime="485.821" c="W">I</w>
   <w nite:id="Bdb001.w.2,037" starttime="485.821" endtime="485.981" c="W">was</w>
   <w nite:id="Bdb001.w.2,038" starttime="485.981" endtime="486.161" c="TRUNCW">thi</w>
   <w nite:id="Bdb001.w.2,039" starttime="488.547" endtime="488.687" c="W">I</w>
   <w nite:id="Bdb001.w.2,040" starttime="488.687" endtime="488.837" c="W">was</w>
   <w nite:id="Bdb001.w.2,041" starttime="488.837" endtime="489.137" c="W">thinking</w>
   <w nite:id="Bdb001.w.2,042" starttime="489.137" endtime="489.237" c="W">the</w>
   <w nite:id="Bdb001.w.2,043" starttime="489.237" endtime="489.617" c="W">advantage</w>
   <w nite:id="Bdb001.w.2,044" starttime="489.617" endtime="489.767" c="W">is</w>
   <w nite:id="Bdb001.w.2,045" starttime="489.767" endtime="489.877" c="W">that</w>
   <w nite:id="Bdb001.w.2,046" starttime="489.877" endtime="489.967" c="W">we</w>
   <w nite:id="Bdb001.w.2,047" starttime="489.967" endtime="490.127" c="W">can</w>
   <w nite:id="Bdb001.w.2,048" starttime="490.127" endtime="490.477" c="W">share</w>
   <w nite:id="Bdb001.w.2,049" starttime="490.477" endtime="490.717" c="W">this</w>
   <w nite:id="Bdb001.w.2,050" starttime="490.717" endtime="490.867" c="W">with</w>
   <w nite:id="Bdb001.w.2,051" starttime="490.867" endtime="491.007" c="W">other</w>
   <w nite:id="Bdb001.w.2,052" starttime="491.007" endtime="491.447" c="W">people</w>
   <w nite:id="Bdb001.w.2,053" starttime="491.447" endtime="491.447" c=".">.</w>
   <vocalsound nite:id="Bdb001.vocalsound.69" starttime="" endtime="" description="inbreath"/>
   <w nite:id="Bdb001.w.2,385" starttime="551.908" endtime="551.998" c="W">But</w>
   <w nite:id="Bdb001.w.2,386" starttime="551.998" endtime="551.998" c="CM">,</w>
   <w nite:id="Bdb001.w.2,387" starttime="551.998" endtime="552.088" c="W">wait</w>
   <w nite:id="Bdb001.w.2,388" starttime="552.088" endtime="552.118" c="W">a</w>
   <w nite:id="Bdb001.w.2,389" starttime="552.118" endtime="552.398" c="W">minute</w>
   <w nite:id="Bdb001.w.2,390" starttime="552.398" endtime="552.398" c="CM">,</w>
   <w nite:id="Bdb001.w.2,391" starttime="552.398" endtime="" c="LET">P</w>
   <w nite:id="Bdb001.w.2,392" starttime="" endtime="" c="HYPH">-</w>
   <w nite:id="Bdb001.w.2,393" starttime="" endtime="552.948" c="W">file</w>
   <w nite:id="Bdb001.w.2,394" starttime="552.948" endtime="553.108" c="W">for</w>
   <w nite:id="Bdb001.w.2,395" starttime="553.108" endtime="553.318" c="W">each</w>
   <w nite:id="Bdb001.w.2,396" starttime="553.318" endtime="553.568" c="W">frame</w>
   <w nite:id="Bdb001.w.2,397" starttime="553.568" endtime="553.638" c="W">is</w>
   <w nite:id="Bdb001.w.2,398" starttime="553.638" endtime="554.208" c="W">storing</w>
   <w nite:id="Bdb001.w.2,399" starttime="554.208" endtime="554.298" c="W">a</w>
   <w nite:id="Bdb001.w.2,400" starttime="554.298" endtime="554.858" c="W">vector</w>
   <w nite:id="Bdb001.w.2,401" starttime="554.858" endtime="555.178" c="W">of</w>
   <w nite:id="Bdb001.w.2,402" starttime="555.588" endtime="556.058" c="W">cepstral</w>
   <w nite:id="Bdb001.w.2,403" starttime="556.058" endtime="556.228" c="W">or</w>
   <w nite:id="Bdb001.w.2,404" starttime="556.228" endtime="556.648" t="PLET" c="W">PLP</w>
   <w nite:id="Bdb001.w.2,405" starttime="556.648" endtime="557.118" c="W">values</w>
   <w nite:id="Bdb001.w.2,406" starttime="557.118" endtime="557.118" c="CM">,</w>
   <w nite:id="Bdb001.w.2,407" starttime="557.118" endtime="557.508" c="W">right</w>
   <w nite:id="Bdb001.w.2,408" starttime="557.508" endtime="557.508" c=".">?</w>
   <w nite:id="Bdb001.w.2,429" starttime="558.122" endtime="558.532" c="W">Right</w>
   <w nite:id="Bdb001.w.2,430" starttime="558.532" endtime="558.532" c=".">.</w>
   <vocalsound nite:id="Bdb001.vocalsound.73" starttime="" endtime="" description="breath-laugh"/>
   <vocalsound nite:id="Bdb001.vocalsound.76" starttime="" endtime="" description="inbreath"/>
   <w nite:id="Bdb001.w.2,755" starttime="634.512" endtime="634.612" c="W">I</w>
   <w nite:id="Bdb001.w.2,756" starttime="634.612" endtime="634.892" c="W">mean</w>
   <w nite:id="Bdb001.w.2,757" starttime="634.892" endtime="634.892" c="CM">,</w>
   <w nite:id="Bdb001.w.2,758" starttime="634.892" endtime="635.062" c="W">it</w>
   <w nite:id="Bdb001.w.2,759" starttime="635.062" endtime="635.452" c="W">must</w>
   <w nite:id="Bdb001.w.2,760" starttime="635.452" endtime="635.662" c="W">be</w>
   <w nite:id="Bdb001.w.2,761" starttime="635.662" endtime="635.782" c="W">the</w>
   <w nite:id="Bdb001.w.2,762" starttime="635.782" endtime="636.232" c="W">equivalent</w>
   <w nite:id="Bdb001.w.2,763" starttime="636.232" endtime="636.442" c="W">of</w>
   <w nite:id="Bdb001.w.2,764" starttime="636.442" endtime="636.952" c="W">whatever</w>
   <w nite:id="Bdb001.w.2,765" starttime="636.952" endtime="637.102" c="W">you</w>
   <w nite:id="Bdb001.w.2,766" starttime="637.102" endtime="637.352" c="W">guys</w>
   <w nite:id="Bdb001.w.2,767" starttime="637.352" endtime="637.552" c="W">used</w>
   <w nite:id="Bdb001.w.2,768" starttime="637.552" endtime="637.632" c="W">to</w>
   <w nite:id="Bdb001.w.2,769" starttime="637.632" endtime="637.822" c="W">store</w>
   <w nite:id="Bdb001.w.2,770" starttime="637.822" endtime="638.032" c="TRUNCW">feat</w>
   <w nite:id="Bdb001.w.2,771" starttime="638.232" endtime="638.602" c="W">your</w>
   <w nite:id="Bdb001.w.2,772" starttime="638.822" endtime="639.242" c="W">computed</w>
   <w nite:id="Bdb001.w.2,773" starttime="639.242" endtime="639.632" c="W">features</w>
   <w nite:id="Bdb001.w.2,774" starttime="639.632" endtime="639.832" c="W">in</w>
   <w nite:id="Bdb001.w.2,775" starttime="639.832" endtime="639.832" c="CM">,</w>
   <w nite:id="Bdb001.w.2,776" starttime="639.832" endtime="640.062" c="W">right</w>
   <w nite:id="Bdb001.w.2,777" starttime="640.062" endtime="640.062" c=".">?</w>
   <w nite:id="Bdb001.w.2,798" starttime="645.514" endtime="645.984" c="W">Mmm</w>
   <w nite:id="Bdb001.w.2,799" starttime="645.984" endtime="645.984" c=".">.</w>
   <w nite:id="Bdb001.w.2,821" starttime="652.843" endtime="653.053" c="W">And</w>
   <w nite:id="Bdb001.w.2,822" starttime="653.053" endtime="653.193" c="W">I</w>
   <w nite:id="Bdb001.w.2,823" starttime="653.193" endtime="653.363" c="W">think</w>
   <w nite:id="Bdb001.w.2,824" starttime="653.363" endtime="" c="W">there</w>
   <w nite:id="Bdb001.w.2,825" starttime="" endtime="653.663" c="APOSS">'s</w>
   <disfmarker nite:id="Bdb001.disfmarker.133" starttime="" endtime=""/>
   <w nite:id="Bdb001.w.2,882" starttime="664.04" endtime="664.52" c="W">Yeah</w>
   <w nite:id="Bdb001.w.2,883" starttime="664.52" endtime="664.52" c=".">.</w>
   <vocalsound nite:id="Bdb001.vocalsound.79" starttime="" endtime="" description="inbreath"/>
   <w nite:id="Bdb001.w.2,916" starttime="668.338" endtime="668.448" c="W">But</w>
   <w nite:id="Bdb001.w.2,917" starttime="668.448" endtime="668.448" c="CM">,</w>
   <w nite:id="Bdb001.w.2,918" starttime="668.448" endtime="668.478" c="W">I</w>
   <w nite:id="Bdb001.w.2,919" starttime="668.478" endtime="668.678" c="W">mean</w>
   <w nite:id="Bdb001.w.2,920" starttime="668.678" endtime="668.678" c="CM">,</w>
   <w nite:id="Bdb001.w.2,921" starttime="669.198" endtime="669.548" c="W">people</w>
   <w nite:id="Bdb001.w.2,922" starttime="669.548" endtime="669.808" c="W">don't</w>
   <w nite:id="Bdb001.w.2,923" starttime="670.018" endtime="670.528" c="W">typically</w>
   <w nite:id="Bdb001.w.2,924" starttime="670.528" endtime="670.968" c="W">share</w>
   <w nite:id="Bdb001.w.2,925" starttime="670.968" endtime="671.688" c="W">this</w>
   <w nite:id="Bdb001.w.2,926" starttime="671.688" endtime="672.048" c="W">kind</w>
   <w nite:id="Bdb001.w.2,927" starttime="672.048" endtime="672.138" c="W">of</w>
   <w nite:id="Bdb001.w.2,928" starttime="672.138" endtime="672.518" c="W">stuff</w>
   <w nite:id="Bdb001.w.2,929" starttime="672.518" endtime="672.518" c="CM">,</w>
   <w nite:id="Bdb001.w.2,930" starttime="672.518" endtime="672.778" c="W">right</w>
   <w nite:id="Bdb001.w.2,931" starttime="672.778" endtime="672.778" c=".">?</w>
   <w nite:id="Bdb001.w.2,932" starttime="672.778" endtime="672.878" c="W">I</w>
   <w nite:id="Bdb001.w.2,933" starttime="672.878" endtime="673.178" c="W">mean</w>
   <disfmarker nite:id="Bdb001.disfmarker.137" starttime="" endtime=""/>
   <w nite:id="Bdb001.w.2,944" starttime="674.275" endtime="674.635" c="W">Yeah</w>
   <w nite:id="Bdb001.w.2,945" starttime="674.635" endtime="674.635" c=".">.</w>
   <w nite:id="Bdb001.w.3,128" starttime="714.869" endtime="715.079" c="W">Is</w>
   <disfmarker nite:id="Bdb001.disfmarker.149" starttime="" endtime=""/>
   <w nite:id="Bdb001.w.3,129" starttime="715.079" endtime="715.329" c="W">is</w>
   <w nite:id="Bdb001.w.3,130" starttime="715.329" endtime="715.459" c="W">the</w>
   <w nite:id="Bdb001.w.3,131" starttime="715.459" endtime="715.989" c="W">sharing</w>
   <w nite:id="Bdb001.w.3,132" starttime="715.989" endtime="716.219" c="W">part</w>
   <w nite:id="Bdb001.w.3,133" starttime="716.219" endtime="716.319" c="W">of</w>
   <w nite:id="Bdb001.w.3,134" starttime="716.319" endtime="716.689" c="W">this</w>
   <w nite:id="Bdb001.w.3,135" starttime="716.869" endtime="717.009" c="W">a</w>
   <w nite:id="Bdb001.w.3,136" starttime="717.009" endtime="717.349" c="W">pretty</w>
   <w nite:id="Bdb001.w.3,137" starttime="717.349" endtime="718.049" c="W">important</w>
   <pause nite:id="Bdb001.pause.16" starttime="718.049" endtime="719.019"/>
   <w nite:id="Bdb001.w.3,138" starttime="719.019" endtime="719.709" c="W">consideration</w>
   <w nite:id="Bdb001.w.3,139" starttime="719.709" endtime="719.849" c="W">or</w>
   <w nite:id="Bdb001.w.3,140" starttime="719.849" endtime="720.009" c="W">does</w>
   <w nite:id="Bdb001.w.3,141" starttime="720.009" endtime="720.229" c="W">that</w>
   <w nite:id="Bdb001.w.3,142" starttime="720.229" endtime="720.429" c="W">just</w>
   <w nite:id="Bdb001.w.3,143" starttime="720.429" endtime="720.609" c="W">sort</w>
   <w nite:id="Bdb001.w.3,144" starttime="720.609" endtime="720.749" c="W">of</w>
   <w nite:id="Bdb001.w.3,145" starttime="720.749" endtime="720.749" c="CM">,</w>
   <w nite:id="Bdb001.w.3,146" starttime="720.859" endtime="721.129" c="W">uh</w>
   <disfmarker nite:id="Bdb001.disfmarker.150" starttime="" endtime=""/>
   <w nite:id="Bdb001.w.3,147" starttime="721.129" endtime="721.239" c="W">a</w>
   <w nite:id="Bdb001.w.3,148" starttime="721.239" endtime="721.549" c="W">nice</w>
   <w nite:id="Bdb001.w.3,149" starttime="721.549" endtime="721.739" c="W">thing</w>
   <w nite:id="Bdb001.w.3,150" starttime="721.739" endtime="721.829" c="W">to</w>
   <w nite:id="Bdb001.w.3,151" starttime="721.829" endtime="722.149" c="W">have</w>
   <w nite:id="Bdb001.w.3,152" starttime="722.149" endtime="722.149" c=".">?</w>
   <vocalsound nite:id="Bdb001.vocalsound.94" starttime="" endtime="" description="yawn"/>
   <w nite:id="Bdb001.w.3,609" starttime="833.855" endtime="833.915" c="W">You</w>
   <w nite:id="Bdb001.w.3,610" starttime="833.915" endtime="834.005" c="W">could</w>
   <w nite:id="Bdb001.w.3,611" starttime="834.005" endtime="834.365" c="W">probably</w>
   <w nite:id="Bdb001.w.3,612" starttime="834.365" endtime="834.785" c="W">translate</w>
   <w nite:id="Bdb001.w.3,613" starttime="834.785" endtime="835.085" c="W">between</w>
   <w nite:id="Bdb001.w.3,614" starttime="835.085" endtime="835.255" c="W">them</w>
   <w nite:id="Bdb001.w.3,615" starttime="835.255" endtime="835.255" c=".">.</w>
   <w nite:id="Bdb001.w.3,972" starttime="918.322" endtime="918.392" c="W">It</w>
   <w nite:id="Bdb001.w.3,973" starttime="918.392" endtime="918.692" c="W">probably</w>
   <w nite:id="Bdb001.w.3,974" starttime="918.692" endtime="918.912" c="W">wouldn't</w>
   <w nite:id="Bdb001.w.3,975" starttime="918.912" endtime="919.022" c="W">be</w>
   <w nite:id="Bdb001.w.3,976" starttime="919.022" endtime="919.052" c="W">a</w>
   <w nite:id="Bdb001.w.3,977" starttime="919.052" endtime="919.372" c="W">waste</w>
   <w nite:id="Bdb001.w.3,978" starttime="919.372" endtime="919.372" c=".">.</w>
   <w nite:id="Bdb001.w.3,979" starttime="919.372" endtime="919.432" c="W">It</w>
   <w nite:id="Bdb001.w.3,980" starttime="919.432" endtime="919.532" c="W">would</w>
   <w nite:id="Bdb001.w.3,981" starttime="919.532" endtime="919.772" c="W">mean</w>
   <w nite:id="Bdb001.w.3,982" starttime="919.772" endtime="919.922" c="W">that</w>
   <w nite:id="Bdb001.w.3,983" starttime="920.032" endtime="920.172" c="W">at</w>
   <w nite:id="Bdb001.w.3,984" starttime="920.172" endtime="920.372" c="W">some</w>
   <w nite:id="Bdb001.w.3,985" starttime="920.372" endtime="920.592" c="W">point</w>
   <w nite:id="Bdb001.w.3,986" starttime="920.592" endtime="920.672" c="W">if</w>
   <w nite:id="Bdb001.w.3,987" starttime="920.672" endtime="920.742" c="W">we</w>
   <w nite:id="Bdb001.w.3,988" starttime="920.742" endtime="921.012" c="W">wanted</w>
   <w nite:id="Bdb001.w.3,989" starttime="921.012" endtime="921.072" c="W">to</w>
   <w nite:id="Bdb001.w.3,990" starttime="921.072" endtime="921.392" c="W">switch</w>
   <w nite:id="Bdb001.w.3,991" starttime="921.392" endtime="921.392" c="CM">,</w>
   <w nite:id="Bdb001.w.3,992" starttime="921.392" endtime="" c="W">we</w>
   <w nite:id="Bdb001.w.3,993" starttime="" endtime="921.512" c="W">'d</w>
   <w nite:id="Bdb001.w.3,994" starttime="921.512" endtime="921.692" c="W">just</w>
   <w nite:id="Bdb001.w.3,995" starttime="921.692" endtime="921.802" c="W">have</w>
   <w nite:id="Bdb001.w.3,996" starttime="921.802" endtime="921.982" c="W">to</w>
   <w nite:id="Bdb001.w.4,004" starttime="922.98" endtime="923.39" c="W">translate</w>
   <w nite:id="Bdb001.w.4,005" starttime="923.6" endtime="923.96" c="W">everything</w>
   <w nite:id="Bdb001.w.4,006" starttime="923.96" endtime="923.96" c=".">.</w>
   <w nite:id="Bdb001.w.4,018" starttime="924.975" endtime="925.085" c="W">But</w>
   <w nite:id="Bdb001.w.4,019" starttime="925.085" endtime="" c="W">that</w>
   <w nite:id="Bdb001.w.4,020" starttime="" endtime="925.435" c="APOSS">'s</w>
   <disfmarker nite:id="Bdb001.disfmarker.179" starttime="" endtime=""/>
   <w nite:id="Bdb001.w.4,021" starttime="925.485" endtime="925.615" c="W">I</w>
   <w nite:id="Bdb001.w.4,022" starttime="925.615" endtime="925.755" c="W">don't</w>
   <w nite:id="Bdb001.w.4,023" starttime="925.755" endtime="925.875" c="W">think</w>
   <w nite:id="Bdb001.w.4,024" starttime="925.875" endtime="" c="W">that</w>
   <w nite:id="Bdb001.w.4,025" starttime="" endtime="926.015" c="APOSS">'s</w>
   <w nite:id="Bdb001.w.4,026" starttime="926.015" endtime="926.055" c="W">a</w>
   <w nite:id="Bdb001.w.4,027" starttime="926.055" endtime="926.225" c="W">big</w>
   <w nite:id="Bdb001.w.4,028" starttime="926.225" endtime="926.445" c="W">deal</w>
   <w nite:id="Bdb001.w.4,029" starttime="926.445" endtime="926.445" c=".">.</w>
   <w nite:id="Bdb001.w.4,091" starttime="936.66" endtime="936.91" c="W">Yeah</w>
   <w nite:id="Bdb001.w.4,092" starttime="936.91" endtime="936.91" c=".">.</w>
   <w nite:id="Bdb001.w.4,093" starttime="936.91" endtime="937.05" c="W">See</w>
   <w nite:id="Bdb001.w.4,094" starttime="937.05" endtime="937.05" c="CM">,</w>
   <w nite:id="Bdb001.w.4,095" starttime="937.05" endtime="" c="W">that</w>
   <w nite:id="Bdb001.w.4,096" starttime="" endtime="937.37" c="APOSS">'s</w>
   <w nite:id="Bdb001.w.4,097" starttime="937.37" endtime="937.44" c="W">the</w>
   <w nite:id="Bdb001.w.4,098" starttime="937.44" endtime="937.92" c="W">question</w>
   <w nite:id="Bdb001.w.4,099" starttime="937.92" endtime="937.92" c=".">.</w>
   <w nite:id="Bdb001.w.4,100" starttime="937.92" endtime="937.97" c="W">I</w>
   <w nite:id="Bdb001.w.4,101" starttime="937.97" endtime="938.14" c="W">mean</w>
   <w nite:id="Bdb001.w.4,102" starttime="938.14" endtime="938.14" c="CM">,</w>
   <w nite:id="Bdb001.w.4,103" starttime="938.14" endtime="938.49" c="W">how</w>
   <w nite:id="Bdb001.w.4,104" starttime="938.49" endtime="939.02" c="W">stable</w>
   <w nite:id="Bdb001.w.4,105" starttime="939.02" endtime="939.21" c="W">is</w>
   <w nite:id="Bdb001.w.4,106" starttime="939.21" endtime="939.54" c="W">their</w>
   <disfmarker nite:id="Bdb001.disfmarker.185" starttime="" endtime=""/>
   <w nite:id="Bdb001.w.4,107" starttime="940.251" endtime="940.351" c="W">Are</w>
   <w nite:id="Bdb001.w.4,108" starttime="940.351" endtime="940.501" c="W">they</w>
   <w nite:id="Bdb001.w.4,109" starttime="940.501" endtime="940.781" c="W">ready</w>
   <w nite:id="Bdb001.w.4,110" starttime="940.781" endtime="940.841" c="W">to</w>
   <w nite:id="Bdb001.w.4,111" starttime="940.841" endtime="941.141" c="W">go</w>
   <w nite:id="Bdb001.w.4,112" starttime="941.141" endtime="941.141" c="CM">,</w>
   <w nite:id="Bdb001.w.4,113" starttime="941.141" endtime="941.421" c="W">or</w>
   <disfmarker nite:id="Bdb001.disfmarker.186" starttime="" endtime=""/>
   <w nite:id="Bdb001.w.4,114" starttime="941.421" endtime="941.421" c=".">?</w>
   <comment nite:id="Bdb001.comment.31" starttime="" endtime="" description="leading question"/>
   <w nite:id="Bdb001.w.4,137" starttime="945.472" endtime="945.722" c="W">Hmm</w>
   <w nite:id="Bdb001.w.4,138" starttime="945.722" endtime="945.722" c=".">.</w>
   <vocalsound nite:id="Bdb001.vocalsound.113" starttime="" endtime="" description="sniff"/>
   <vocalsound nite:id="Bdb001.vocalsound.120" starttime="" endtime="" description="yawn"/>
   <vocalsound nite:id="Bdb001.vocalsound.122" starttime="" endtime="" description="sniff"/>
   <vocalsound nite:id="Bdb001.vocalsound.141" starttime="" endtime="" description="sniff"/>
   <vocalsound nite:id="Bdb001.vocalsound.143" starttime="" endtime="" description="yawn"/>
   <nonvocalsound nite:id="Bdb001.nonvocalsound.58" starttime="" endtime="" description="squeak noise"/>
   <w nite:id="Bdb001.w.5,191" starttime="1205.5" endtime="1205.75" c="W">So</w>
   <w nite:id="Bdb001.w.5,192" starttime="1205.75" endtime="1206.11" c="W">each</w>
   <w nite:id="Bdb001.w.5,193" starttime="1206.11" endtime="1206.35" c="W">thing</w>
   <w nite:id="Bdb001.w.5,194" starttime="1206.35" endtime="1206.87" c="W">refers</w>
   <w nite:id="Bdb001.w.5,195" starttime="1206.9" endtime="1207.41" c="W">to</w>
   <w nite:id="Bdb001.w.5,196" starttime="1207.41" endtime="1207.88" c="W">the</w>
   <pause nite:id="Bdb001.pause.28" starttime="1207.88" endtime="1208.29"/>
   <w nite:id="Bdb001.w.5,197" starttime="1208.29" endtime="1208.75" c="W">utterance</w>
   <w nite:id="Bdb001.w.5,198" starttime="1208.75" endtime="1208.87" c="W">that</w>
   <w nite:id="Bdb001.w.5,199" starttime="1208.87" endtime="1208.94" c="W">it</w>
   <w nite:id="Bdb001.w.5,200" starttime="1208.94" endtime="1209.35" c="W">belongs</w>
   <w nite:id="Bdb001.w.5,201" starttime="1209.35" endtime="1209.53" c="W">to</w>
   <w nite:id="Bdb001.w.5,202" starttime="1209.53" endtime="1209.53" c=".">.</w>
   <w nite:id="Bdb001.w.5,225" starttime="1211.01" endtime="1211.13" c="W">So</w>
   <w nite:id="Bdb001.w.5,226" starttime="1211.13" endtime="" c="W">it</w>
   <w nite:id="Bdb001.w.5,227" starttime="" endtime="1211.31" c="APOSS">'s</w>
   <disfmarker nite:id="Bdb001.disfmarker.249" starttime="" endtime=""/>
   <w nite:id="Bdb001.w.5,228" starttime="1211.31" endtime="" c="W">it</w>
   <w nite:id="Bdb001.w.5,229" starttime="" endtime="1211.49" c="APOSS">'s</w>
   <w nite:id="Bdb001.w.5,230" starttime="1211.49" endtime="1211.73" c="W">not</w>
   <w nite:id="Bdb001.w.5,231" starttime="1211.73" endtime="1211.91" c="TRUNCW">hi</w>
   <w nite:id="Bdb001.w.5,232" starttime="1211.91" endtime="" c="W">it</w>
   <w nite:id="Bdb001.w.5,233" starttime="" endtime="1212.05" c="APOSS">'s</w>
   <w nite:id="Bdb001.w.5,234" starttime="1212.05" endtime="1212.21" c="W">sort</w>
   <w nite:id="Bdb001.w.5,235" starttime="1212.21" endtime="1212.41" c="W">of</w>
   <w nite:id="Bdb001.w.5,236" starttime="1212.53" endtime="" c="W">bottom</w>
   <w nite:id="Bdb001.w.5,237" starttime="" endtime="" c="HYPH">-</w>
   <w nite:id="Bdb001.w.5,238" starttime="" endtime="1213.04" c="W">up</w>
   <w nite:id="Bdb001.w.5,239" starttime="1213.04" endtime="1213.04" c=".">.</w>
   <vocalsound nite:id="Bdb001.vocalsound.148" starttime="" endtime="" description="sniff"/>
   <vocalsound nite:id="Bdb001.vocalsound.151" starttime="" endtime="" description="sniff"/>
   <w nite:id="Bdb001.w.5,646" starttime="1316.77" endtime="1316.92" c="W">You</w>
   <w nite:id="Bdb001.w.5,647" starttime="1316.92" endtime="1317.02" c="W">would</w>
   <w nite:id="Bdb001.w.5,648" starttime="1317.02" endtime="1317.19" c="W">just</w>
   <w nite:id="Bdb001.w.5,649" starttime="1317.19" endtime="1317.36" c="W">have</w>
   <w nite:id="Bdb001.w.5,650" starttime="1317.36" endtime="1317.41" c="W">a</w>
   <w nite:id="Bdb001.w.5,651" starttime="1317.41" endtime="1317.62" c="TRUNCW">r</w>
   <w nite:id="Bdb001.w.5,672" starttime="1319.92" endtime="1320.01" c="W">You</w>
   <w nite:id="Bdb001.w.5,673" starttime="1320.01" endtime="1320.19" c="W">would</w>
   <w nite:id="Bdb001.w.5,674" starttime="1320.19" endtime="1320.54" c="W">refer</w>
   <w nite:id="Bdb001.w.5,675" starttime="1320.54" endtime="1320.68" c="W">up</w>
   <w nite:id="Bdb001.w.5,676" starttime="1320.68" endtime="1320.78" c="W">to</w>
   <w nite:id="Bdb001.w.5,677" starttime="1320.78" endtime="1320.89" c="W">the</w>
   <w nite:id="Bdb001.w.5,678" starttime="1320.89" endtime="1321.28" c="W">sentence</w>
   <w nite:id="Bdb001.w.5,679" starttime="1321.28" endtime="1321.28" c=".">.</w>
   <nonvocalsound nite:id="Bdb001.nonvocalsound.62" starttime="" endtime="" description="mike noise"/>
   <vocalsound nite:id="Bdb001.vocalsound.186" starttime="" endtime="" description="inbreath"/>
   <w nite:id="Bdb001.w.7,028" starttime="1618.88" endtime="1619.0" c="W">What</w>
   <w nite:id="Bdb001.w.7,029" starttime="1619.0" endtime="1619.27" c="W">about</w>
   <disfmarker nite:id="Bdb001.disfmarker.332" starttime="" endtime=""/>
   <w nite:id="Bdb001.w.7,030" starttime="1619.69" endtime="1619.9" c="W">what</w>
   <w nite:id="Bdb001.w.7,031" starttime="1619.9" endtime="1620.41" c="W">about</w>
   <w nite:id="Bdb001.w.7,032" starttime="1620.41" endtime="1620.41" c="CM">,</w>
   <w nite:id="Bdb001.w.7,033" starttime="1620.41" endtime="1620.91" c="W">um</w>
   <w nite:id="Bdb001.w.7,034" starttime="1620.91" endtime="1620.91" c="CM">,</w>
   <w nite:id="Bdb001.w.7,035" starttime="1621.83" endtime="1622.0" c="W">the</w>
   <w nite:id="Bdb001.w.7,036" starttime="1622.0" endtime="1622.21" c="W">idea</w>
   <w nite:id="Bdb001.w.7,037" starttime="1622.21" endtime="1622.28" c="W">of</w>
   <w nite:id="Bdb001.w.7,038" starttime="1622.28" endtime="1622.59" c="W">using</w>
   <w nite:id="Bdb001.w.7,039" starttime="1622.59" endtime="1622.62" c="W">a</w>
   <w nite:id="Bdb001.w.7,040" starttime="1622.62" endtime="1623.05" c="W">relational</w>
   <w nite:id="Bdb001.w.7,041" starttime="1623.05" endtime="1623.75" c="W">database</w>
   <w nite:id="Bdb001.w.7,042" starttime="1624.31" endtime="1624.89" c="W">to</w>
   <w nite:id="Bdb001.w.7,043" starttime="1624.89" endtime="1624.89" c="CM">,</w>
   <w nite:id="Bdb001.w.7,044" starttime="1625.76" endtime="1626.38" c="W">uh</w>
   <w nite:id="Bdb001.w.7,045" starttime="1626.38" endtime="1626.38" c="CM">,</w>
   <w nite:id="Bdb001.w.7,046" starttime="1626.54" endtime="1626.95" c="W">store</w>
   <w nite:id="Bdb001.w.7,047" starttime="1626.95" endtime="1627.08" c="W">the</w>
   <w nite:id="Bdb001.w.7,048" starttime="1627.08" endtime="1627.79" c="W">information</w>
   <w nite:id="Bdb001.w.7,049" starttime="1628.13" endtime="1628.29" c="W">from</w>
   <w nite:id="Bdb001.w.7,050" starttime="1628.29" endtime="1628.37" c="W">the</w>
   <w nite:id="Bdb001.w.7,051" starttime="1628.37" endtime="1628.92" t="PLET" c="W">XML</w>
   <w nite:id="Bdb001.w.7,052" starttime="1628.92" endtime="1628.92" c=".">?</w>
   <w nite:id="Bdb001.w.7,053" starttime="1628.92" endtime="1629.07" c="W">So</w>
   <w nite:id="Bdb001.w.7,054" starttime="1629.07" endtime="1629.19" c="W">you</w>
   <w nite:id="Bdb001.w.7,055" starttime="1629.19" endtime="1629.32" c="W">would</w>
   <w nite:id="Bdb001.w.7,056" starttime="1629.32" endtime="1629.62" c="W">have</w>
   <disfmarker nite:id="Bdb001.disfmarker.333" starttime="" endtime=""/>
   <w nite:id="Bdb001.w.7,057" starttime="1630.22" endtime="1630.83" t="PLET" c="W">XML</w>
   <w nite:id="Bdb001.w.7,058" starttime="1630.94" endtime="1631.42" c="W">basically</w>
   <w nite:id="Bdb001.w.7,059" starttime="1631.78" endtime="1632.22" c="W">would</w>
   <disfmarker nite:id="Bdb001.disfmarker.334" starttime="" endtime=""/>
   <w nite:id="Bdb001.w.7,060" starttime="1633.67" endtime="1634.33" c="W">Uh</w>
   <w nite:id="Bdb001.w.7,061" starttime="1634.33" endtime="1634.33" c="CM">,</w>
   <w nite:id="Bdb001.w.7,062" starttime="1634.33" endtime="1634.66" c="W">you</w>
   <disfmarker nite:id="Bdb001.disfmarker.335" starttime="" endtime=""/>
   <w nite:id="Bdb001.w.7,063" starttime="1634.66" endtime="1634.78" c="W">you</w>
   <w nite:id="Bdb001.w.7,064" starttime="1634.78" endtime="1634.89" c="W">could</w>
   <w nite:id="Bdb001.w.7,065" starttime="1634.89" endtime="1635.08" c="W">use</w>
   <w nite:id="Bdb001.w.7,066" starttime="1635.08" endtime="1635.16" c="W">the</w>
   <w nite:id="Bdb001.w.7,067" starttime="1635.16" endtime="1635.71" t="PLET" c="W">XML</w>
   <w nite:id="Bdb001.w.7,068" starttime="1635.71" endtime="1636.22" c="W">to</w>
   <w nite:id="Bdb001.w.7,069" starttime="1636.22" endtime="1636.43" c="W">put</w>
   <w nite:id="Bdb001.w.7,070" starttime="1636.43" endtime="1636.5" c="W">the</w>
   <w nite:id="Bdb001.w.7,071" starttime="1636.5" endtime="1636.76" c="W">data</w>
   <w nite:id="Bdb001.w.7,072" starttime="1636.76" endtime="1637.14" c="W">in</w>
   <w nite:id="Bdb001.w.7,073" starttime="1637.14" endtime="1637.14" c="CM">,</w>
   <w nite:id="Bdb001.w.7,074" starttime="1637.25" endtime="1637.41" c="W">and</w>
   <w nite:id="Bdb001.w.7,075" starttime="1637.41" endtime="1637.5" c="W">then</w>
   <w nite:id="Bdb001.w.7,076" starttime="1637.5" endtime="1637.61" c="W">when</w>
   <w nite:id="Bdb001.w.7,077" starttime="1637.61" endtime="1637.68" c="W">you</w>
   <w nite:id="Bdb001.w.7,078" starttime="1637.68" endtime="1637.8" c="W">get</w>
   <w nite:id="Bdb001.w.7,079" starttime="1637.8" endtime="1638.02" c="W">data</w>
   <w nite:id="Bdb001.w.7,080" starttime="1638.02" endtime="1638.22" c="W">out</w>
   <w nite:id="Bdb001.w.7,081" starttime="1638.22" endtime="1638.22" c="CM">,</w>
   <w nite:id="Bdb001.w.7,082" starttime="1638.22" endtime="1638.3" c="W">you</w>
   <w nite:id="Bdb001.w.7,083" starttime="1638.3" endtime="1638.44" c="W">put</w>
   <w nite:id="Bdb001.w.7,084" starttime="1638.44" endtime="1638.52" c="W">it</w>
   <w nite:id="Bdb001.w.7,085" starttime="1638.52" endtime="1638.79" c="W">back</w>
   <w nite:id="Bdb001.w.7,086" starttime="1638.79" endtime="1638.9" c="W">in</w>
   <w nite:id="Bdb001.w.7,087" starttime="1638.9" endtime="1639.37" t="PLET" c="W">XML</w>
   <w nite:id="Bdb001.w.7,088" starttime="1639.37" endtime="1639.37" c=".">.</w>
   <w nite:id="Bdb001.w.7,089" starttime="1639.37" endtime="1639.43" c="W">So</w>
   <w nite:id="Bdb001.w.7,090" starttime="1639.43" endtime="1639.66" c="W">use</w>
   <w nite:id="Bdb001.w.7,091" starttime="1639.66" endtime="1640.12" t="PLET" c="W">XML</w>
   <w nite:id="Bdb001.w.7,092" starttime="1640.12" endtime="1640.19" c="W">as</w>
   <w nite:id="Bdb001.w.7,093" starttime="1640.19" endtime="1640.37" c="W">sort</w>
   <w nite:id="Bdb001.w.7,094" starttime="1640.37" endtime="1640.43" c="W">of</w>
   <w nite:id="Bdb001.w.7,095" starttime="1640.43" endtime="1640.56" c="W">the</w>
   <disfmarker nite:id="Bdb001.disfmarker.336" starttime="" endtime=""/>
   <w nite:id="Bdb001.w.7,098" starttime="1640.98" endtime="1641.08" c="W">the</w>
   <w nite:id="Bdb001.w.7,099" starttime="1641.08" endtime="1641.58" c="W">transfer</w>
   <w nite:id="Bdb001.w.7,100" starttime="1641.58" endtime="1642.08" c="W">format</w>
   <w nite:id="Bdb001.w.7,101" starttime="1642.08" endtime="1642.08" c="CM">,</w>
   <w nite:id="Bdb001.w.7,102" starttime="1642.08" endtime="1642.15" c="W">uh</w>
   <w nite:id="Bdb001.w.7,103" starttime="1642.15" endtime="1642.15" c="CM">,</w>
   <w nite:id="Bdb001.w.7,104" starttime="1642.15" endtime="1642.34" c="W">but</w>
   <w nite:id="Bdb001.w.7,105" starttime="1642.65" endtime="1642.85" c="W">then</w>
   <w nite:id="Bdb001.w.7,106" starttime="1642.85" endtime="1642.94" c="W">you</w>
   <w nite:id="Bdb001.w.7,107" starttime="1642.94" endtime="1643.29" c="W">store</w>
   <w nite:id="Bdb001.w.7,108" starttime="1643.29" endtime="1643.4" c="W">the</w>
   <w nite:id="Bdb001.w.7,109" starttime="1643.4" endtime="1643.64" c="W">data</w>
   <w nite:id="Bdb001.w.7,110" starttime="1643.64" endtime="1643.83" c="W">in</w>
   <w nite:id="Bdb001.w.7,111" starttime="1643.83" endtime="1643.89" c="W">the</w>
   <w nite:id="Bdb001.w.7,112" starttime="1643.89" endtime="1644.4" c="W">database</w>
   <w nite:id="Bdb001.w.7,113" starttime="1644.4" endtime="1644.4" c="CM">,</w>
   <w nite:id="Bdb001.w.7,114" starttime="1644.4" endtime="1644.66" c="W">which</w>
   <w nite:id="Bdb001.w.7,118" starttime="1645.45" endtime="1645.84" c="W">allows</w>
   <w nite:id="Bdb001.w.7,119" starttime="1645.84" endtime="1645.91" c="W">you</w>
   <w nite:id="Bdb001.w.7,120" starttime="1645.91" endtime="1645.99" c="W">to</w>
   <w nite:id="Bdb001.w.7,121" starttime="1645.99" endtime="1646.08" c="W">do</w>
   <w nite:id="Bdb001.w.7,122" starttime="1646.08" endtime="1646.22" c="W">all</w>
   <w nite:id="Bdb001.w.7,123" starttime="1646.22" endtime="1646.53" c="W">kinds</w>
   <w nite:id="Bdb001.w.7,124" starttime="1646.53" endtime="1646.75" c="W">of</w>
   <pause nite:id="Bdb001.pause.39" starttime="1646.75" endtime="1647.29"/>
   <w nite:id="Bdb001.w.7,125" starttime="1647.29" endtime="1647.47" c="W">good</w>
   <w nite:id="Bdb001.w.7,126" starttime="1647.47" endtime="1647.86" c="W">search</w>
   <w nite:id="Bdb001.w.7,127" starttime="1647.86" endtime="1648.25" c="W">things</w>
   <w nite:id="Bdb001.w.7,128" starttime="1648.25" endtime="1648.41" c="W">in</w>
   <w nite:id="Bdb001.w.7,129" starttime="1648.41" endtime="1648.63" c="W">there</w>
   <w nite:id="Bdb001.w.7,130" starttime="1648.63" endtime="1648.63" c=".">.</w>
   <w nite:id="Bdb001.w.7,181" starttime="1659.01" endtime="" c="W">Mm</w>
   <w nite:id="Bdb001.w.7,182" starttime="" endtime="" c="HYPH">-</w>
   <w nite:id="Bdb001.w.7,183" starttime="" endtime="1659.4" c="W">hmm</w>
   <w nite:id="Bdb001.w.7,184" starttime="1659.4" endtime="1659.4" c=".">.</w>
   <vocalsound nite:id="Bdb001.vocalsound.189" starttime="" endtime="" description="sniff"/>
   <w nite:id="Bdb001.w.7,276" starttime="1680.53" endtime="" c="W">Mm</w>
   <w nite:id="Bdb001.w.7,277" starttime="" endtime="" c="HYPH">-</w>
   <w nite:id="Bdb001.w.7,278" starttime="" endtime="1680.98" c="W">hmm</w>
   <w nite:id="Bdb001.w.7,279" starttime="1680.98" endtime="1680.98" c=".">.</w>
   <w nite:id="Bdb001.w.7,280" starttime="1682.84" endtime="" c="W">Mm</w>
   <w nite:id="Bdb001.w.7,281" starttime="" endtime="" c="HYPH">-</w>
   <w nite:id="Bdb001.w.7,282" starttime="" endtime="1683.13" c="W">hmm</w>
   <w nite:id="Bdb001.w.7,283" starttime="1683.13" endtime="1683.13" c=".">.</w>
   <w nite:id="Bdb001.w.7,410" starttime="1718.66" endtime="1719.02" c="W">Hmm</w>
   <w nite:id="Bdb001.w.7,411" starttime="1719.02" endtime="1719.02" c=".">.</w>
   <w nite:id="Bdb001.w.7,590" starttime="" endtime="" c="SYM">@</w>
   <w nite:id="Bdb001.w.7,591" starttime="" endtime="" c="SYM">@</w>
   <w nite:id="Bdb001.w.7,592" starttime="1768.07" endtime="1768.46" c="W">Yeah</w>
   <w nite:id="Bdb001.w.7,593" starttime="1768.46" endtime="1768.46" c=".">.</w>
   <vocalsound nite:id="Bdb001.vocalsound.201" starttime="" endtime="" description="sniff"/>
   <vocalsound nite:id="Bdb001.vocalsound.220" starttime="" endtime="" description="laugh"/>
   <vocalsound nite:id="Bdb001.vocalsound.227" starttime="" endtime="" description="breath"/>
   <w nite:id="Bdb001.w.8,995" starttime="2094.85" endtime="" c="W">Mm</w>
   <w nite:id="Bdb001.w.8,996" starttime="" endtime="" c="HYPH">-</w>
   <w nite:id="Bdb001.w.8,997" starttime="" endtime="2095.37" c="W">hmm</w>
   <w nite:id="Bdb001.w.8,998" starttime="2095.37" endtime="2095.37" c=".">.</w>
   <w nite:id="Bdb001.w.9,024" starttime="2097.67" endtime="2098.12" c="W">No</w>
   <w nite:id="Bdb001.w.9,025" starttime="2098.12" endtime="2098.12" c=".">.</w>
   <w nite:id="Bdb001.w.9,032" starttime="2101.06" endtime="2101.14" c="W">I</w>
   <w nite:id="Bdb001.w.9,033" starttime="2101.14" endtime="2101.28" c="W">don't</w>
   <w nite:id="Bdb001.w.9,034" starttime="2101.28" endtime="2101.54" c="W">remember</w>
   <w nite:id="Bdb001.w.9,035" starttime="2101.54" endtime="2101.64" c="W">what</w>
   <w nite:id="Bdb001.w.9,036" starttime="2101.64" endtime="2101.74" c="W">the</w>
   <w nite:id="Bdb001.w.9,037" starttime="" endtime="" c="LQUOTE" qut="D">"</w>
   <w nite:id="Bdb001.w.9,038" starttime="2101.74" endtime="2101.93" c="LET">P</w>
   <w nite:id="Bdb001.w.9,039" starttime="2101.93" endtime="2101.93" c="RQUOTE" qut="D">"</w>
   <w nite:id="Bdb001.w.9,040" starttime="2101.93" endtime="2102.21" c="W">is</w>
   <w nite:id="Bdb001.w.9,041" starttime="2102.21" endtime="2102.21" c="CM">,</w>
   <w nite:id="Bdb001.w.9,042" starttime="2102.21" endtime="2102.32" c="W">though</w>
   <w nite:id="Bdb001.w.9,043" starttime="2102.32" endtime="2102.32" c=".">.</w>
   <w nite:id="Bdb001.w.9,120" starttime="2118.31" endtime="2118.64" c="W">Probably</w>
   <w nite:id="Bdb001.w.9,121" starttime="2118.64" endtime="2118.98" c="W">stands</w>
   <w nite:id="Bdb001.w.9,122" starttime="2118.98" endtime="2119.12" c="W">for</w>
   <w nite:id="Bdb001.w.9,123" starttime="" endtime="" c="LQUOTE" qut="D">"</w>
   <w nite:id="Bdb001.w.9,124" starttime="2119.12" endtime="2119.56" c="W">Phil</w>
   <w nite:id="Bdb001.w.9,125" starttime="2119.56" endtime="2119.56" c="RQUOTE" qut="D">"</w>
   <w nite:id="Bdb001.w.9,126" starttime="2119.56" endtime="2119.56" c=".">.</w>
   <w nite:id="Bdb001.w.9,127" starttime="2120.96" endtime="2121.13" c="W">Phil</w>
   <w nite:id="Bdb001.w.9,128" starttime="2121.13" endtime="2121.51" c="W">Kohn</w>
   <w nite:id="Bdb001.w.9,129" starttime="2121.51" endtime="2121.51" c=".">.</w>
   <w nite:id="Bdb001.w.9,136" starttime="2124.05" endtime="2124.34" c="W">Yeah</w>
   <w nite:id="Bdb001.w.9,137" starttime="2124.34" endtime="2124.34" c=".">.</w>
   <w nite:id="Bdb001.w.9,138" starttime="2125.9" endtime="" c="W">That</w>
   <w nite:id="Bdb001.w.9,139" starttime="" endtime="2126.06" c="APOSS">'s</w>
   <w nite:id="Bdb001.w.9,140" starttime="2126.06" endtime="2126.21" c="W">my</w>
   <w nite:id="Bdb001.w.9,141" starttime="2126.21" endtime="2126.56" c="W">guess</w>
   <w nite:id="Bdb001.w.9,142" starttime="2126.56" endtime="2126.56" c=".">.</w>
   <vocalsound nite:id="Bdb001.vocalsound.250" starttime="" endtime="" description="laugh"/>
   <vocalsound nite:id="Bdb001.vocalsound.261" starttime="" endtime="" description="inbreath"/>
   <w nite:id="Bdb001.w.9,734" starttime="2273.34" endtime="2273.62" c="W">I</w>
   <disfmarker nite:id="Bdb001.disfmarker.443" starttime="" endtime=""/>
   <w nite:id="Bdb001.w.9,735" starttime="2273.62" endtime="2273.76" c="W">I</w>
   <w nite:id="Bdb001.w.9,736" starttime="2273.76" endtime="2274.1" c="W">just</w>
   <disfmarker nite:id="Bdb001.disfmarker.444" starttime="" endtime=""/>
   <w nite:id="Bdb001.w.9,737" starttime="2274.1" endtime="2274.21" c="W">I</w>
   <w nite:id="Bdb001.w.9,738" starttime="2274.21" endtime="2274.38" c="W">don't</w>
   <w nite:id="Bdb001.w.9,739" starttime="2274.38" endtime="2274.58" c="W">quite</w>
   <w nite:id="Bdb001.w.9,740" starttime="2274.58" endtime="2275.11" c="W">understand</w>
   <w nite:id="Bdb001.w.9,741" starttime="2275.11" endtime="2275.28" c="W">what</w>
   <w nite:id="Bdb001.w.9,742" starttime="2275.5" endtime="2275.74" c="W">these</w>
   <w nite:id="Bdb001.w.9,743" starttime="2275.74" endtime="2276.08" c="W">things</w>
   <w nite:id="Bdb001.w.9,744" starttime="2276.08" endtime="2276.4" c="W">are</w>
   <w nite:id="Bdb001.w.9,745" starttime="2276.4" endtime="2276.4" c=".">.</w>
   <w nite:id="Bdb001.w.9,746" starttime="2276.8" endtime="2276.89" c="W">Uh</w>
   <w nite:id="Bdb001.w.9,747" starttime="2276.89" endtime="2276.89" c=".">.</w>
   <w nite:id="Bdb001.w.9,759" starttime="2278.16" endtime="2278.34" c="W">Well</w>
   <w nite:id="Bdb001.w.9,760" starttime="2278.34" endtime="2278.34" c="CM">,</w>
   <w nite:id="Bdb001.w.9,761" starttime="2278.34" endtime="2278.75" c="TRUNCW">th</w>
   <w nite:id="Bdb001.w.9,762" starttime="2278.75" endtime="2279.2" c="W">overlap</w>
   <w nite:id="Bdb001.w.9,763" starttime="2279.2" endtime="2279.56" c="W">codes</w>
   <w nite:id="Bdb001.w.9,764" starttime="2279.56" endtime="2279.56" c=".">.</w>
   <w nite:id="Bdb001.w.9,765" starttime="2279.56" endtime="" c="W">I</w>
   <w nite:id="Bdb001.w.9,766" starttime="" endtime="2279.67" c="W">'m</w>
   <w nite:id="Bdb001.w.9,767" starttime="2279.67" endtime="2279.8" c="W">not</w>
   <w nite:id="Bdb001.w.9,768" starttime="2279.8" endtime="2279.97" c="W">sure</w>
   <w nite:id="Bdb001.w.9,769" starttime="2279.97" endtime="2280.14" c="W">what</w>
   <w nite:id="Bdb001.w.9,770" starttime="2280.14" endtime="2280.28" c="W">that</w>
   <w nite:id="Bdb001.w.9,771" starttime="" endtime="" c="SYM">@</w>
   <w nite:id="Bdb001.w.9,772" starttime="" endtime="" c="SYM">@</w>
   <disfmarker nite:id="Bdb001.disfmarker.446" starttime="" endtime=""/>
   <w nite:id="Bdb001.w.9,804" starttime="2282.2" endtime="2282.4" c="W">It</w>
   <w nite:id="Bdb001.w.9,805" starttime="2282.4" endtime="2282.62" c="W">probably</w>
   <w nite:id="Bdb001.w.9,806" starttime="2282.62" endtime="2282.85" c="W">doesn't</w>
   <w nite:id="Bdb001.w.9,807" starttime="2282.85" endtime="2283.16" c="W">matter</w>
   <w nite:id="Bdb001.w.9,808" starttime="2283.16" endtime="2283.16" c=".">.</w>
   <w nite:id="Bdb001.w.9,809" starttime="2283.3" endtime="2283.48" c="W">No</w>
   <w nite:id="Bdb001.w.9,810" starttime="2283.48" endtime="2283.48" c="CM">,</w>
   <w nite:id="Bdb001.w.9,811" starttime="2283.48" endtime="2283.57" c="W">I</w>
   <w nite:id="Bdb001.w.9,812" starttime="2283.83" endtime="2283.96" c="TRUNCW">d</w>
   <vocalsound nite:id="Bdb001.vocalsound.279" starttime="" endtime="" description="laugh"/>
   <vocalsound nite:id="Bdb001.vocalsound.281" starttime="" endtime="" description="laugh"/>
   <vocalsound nite:id="Bdb001.vocalsound.285" starttime="" endtime="" description="breath"/>
   <w nite:id="Bdb001.w.11,402" starttime="2685.16" endtime="" c="W">What</w>
   <w nite:id="Bdb001.w.11,403" starttime="" endtime="2685.49" c="APOSS">'s</w>
   <disfmarker nite:id="Bdb001.disfmarker.517" starttime="" endtime=""/>
   <w nite:id="Bdb001.w.11,404" starttime="2685.49" endtime="" c="W">what</w>
   <w nite:id="Bdb001.w.11,405" starttime="" endtime="2685.75" c="APOSS">'s</w>
   <w nite:id="Bdb001.w.11,406" starttime="2685.75" endtime="2685.94" c="W">wrong</w>
   <w nite:id="Bdb001.w.11,407" starttime="2685.94" endtime="2686.07" c="W">with</w>
   <pause nite:id="Bdb001.pause.50" starttime="2686.07" endtime="2686.57"/>
   <w nite:id="Bdb001.w.11,408" starttime="2686.57" endtime="2686.97" c="W">doing</w>
   <w nite:id="Bdb001.w.11,409" starttime="2686.97" endtime="2687.45" c="W">times</w>
   <w nite:id="Bdb001.w.11,410" starttime="2687.45" endtime="2687.45" c=".">?</w>
   <w nite:id="Bdb001.w.11,411" starttime="2687.45" endtime="2687.66" c="W">I</w>
   <disfmarker nite:id="Bdb001.disfmarker.518" starttime="" endtime=""/>
   <w nite:id="Bdb001.w.11,601" starttime="2720.47" endtime="2720.6" c="W">But</w>
   <w nite:id="Bdb001.w.11,602" starttime="2720.6" endtime="2720.76" c="W">can</w>
   <w nite:id="Bdb001.w.11,603" starttime="2720.76" endtime="2720.86" c="W">they</w>
   <w nite:id="Bdb001.w.11,604" starttime="2720.86" endtime="2721.16" c="W">change</w>
   <w nite:id="Bdb001.w.11,605" starttime="2721.16" endtime="2721.22" c="W">the</w>
   <w nite:id="Bdb001.w.11,606" starttime="2721.22" endtime="2721.48" c="W">words</w>
   <w nite:id="Bdb001.w.11,607" starttime="2721.48" endtime="2721.73" c="W">without</w>
   <w nite:id="Bdb001.w.11,608" starttime="2721.73" endtime="2722.1" c="W">changing</w>
   <w nite:id="Bdb001.w.11,609" starttime="2722.1" endtime="2722.2" c="W">the</w>
   <w nite:id="Bdb001.w.11,610" starttime="2722.2" endtime="2722.5" c="W">time</w>
   <w nite:id="Bdb001.w.11,611" starttime="2722.5" endtime="2722.56" c="W">of</w>
   <w nite:id="Bdb001.w.11,612" starttime="2722.56" endtime="2722.64" c="W">the</w>
   <w nite:id="Bdb001.w.11,613" starttime="2722.64" endtime="2722.98" c="W">word</w>
   <w nite:id="Bdb001.w.11,614" starttime="2722.98" endtime="2722.98" c=".">?</w>
   <w nite:id="Bdb001.w.12,131" starttime="" endtime="" c="W">Transcript</w>
   <w nite:id="Bdb001.w.12,132" starttime="" endtime="" c="W">one</w>
   <w nite:id="Bdb001.w.12,133" starttime="" endtime="" c="W">five</w>
   <w nite:id="Bdb001.w.12,134" starttime="" endtime="" c="W">one</w>
   <w nite:id="Bdb001.w.12,135" starttime="" endtime="" c="W">one</w>
   <w nite:id="Bdb001.w.12,136" starttime="" endtime="" c="W">dash</w>
   <w nite:id="Bdb001.w.12,137" starttime="" endtime="" c="W">one</w>
   <w nite:id="Bdb001.w.12,138" starttime="" endtime="" c="W">five</w>
   <w nite:id="Bdb001.w.12,139" starttime="" endtime="" c="W">three</w>
   <w nite:id="Bdb001.w.12,140" starttime="" endtime="" c="W">zero</w>
   <w nite:id="Bdb001.w.12,141" starttime="" endtime="" c=".">.</w>
   <comment nite:id="Bdb001.comment.118" starttime="" endtime="" description="Digits"/>
   <w nite:id="Bdb001.w.12,144" starttime="" endtime="" c="W">zero</w>
   <comment nite:id="Bdb001.comment.119" starttime="" endtime="" description="Digits"/>
   <w nite:id="Bdb001.w.12,145" starttime="" endtime="" c="W">one</w>
   <w nite:id="Bdb001.w.12,146" starttime="" endtime="" c="LET">O</w>
   <w nite:id="Bdb001.w.12,147" starttime="" endtime="" c="W">six</w>
   <w nite:id="Bdb001.w.12,148" starttime="" endtime="" c="W">six</w>
   <w nite:id="Bdb001.w.12,149" starttime="" endtime="" c="W">seven</w>
   <w nite:id="Bdb001.w.12,150" starttime="" endtime="" c="W">three</w>
   <w nite:id="Bdb001.w.12,151" starttime="" endtime="" c="W">nine</w>
   <comment nite:id="Bdb001.comment.120" starttime="" endtime="" description="Digits"/>
   <w nite:id="Bdb001.w.12,152" starttime="" endtime="" c="W">three</w>
   <w nite:id="Bdb001.w.12,153" starttime="" endtime="" c="W">one</w>
   <w nite:id="Bdb001.w.12,154" starttime="" endtime="" c="W">zero</w>
   <w nite:id="Bdb001.w.12,155" starttime="" endtime="" c="W">five</w>
   <w nite:id="Bdb001.w.12,156" starttime="" endtime="" c="W">eight</w>
   <w nite:id="Bdb001.w.12,157" starttime="" endtime="" c="W">eight</w>
   <w nite:id="Bdb001.w.12,158" starttime="" endtime="" c="W">one</w>
   <comment nite:id="Bdb001.comment.121" starttime="" endtime="" description="Digits"/>
   <w nite:id="Bdb001.w.12,159" starttime="" endtime="" c="W">four</w>
   <w nite:id="Bdb001.w.12,160" starttime="" endtime="" c="W">five</w>
   <w nite:id="Bdb001.w.12,161" starttime="" endtime="" c="W">three</w>
   <w nite:id="Bdb001.w.12,162" starttime="" endtime="" c="W">eight</w>
   <comment nite:id="Bdb001.comment.122" starttime="" endtime="" description="Digits"/>
   <w nite:id="Bdb001.w.12,163" starttime="" endtime="" c="W">five</w>
   <w nite:id="Bdb001.w.12,164" starttime="" endtime="" c="W">nine</w>
   <w nite:id="Bdb001.w.12,165" starttime="" endtime="" c="W">four</w>
   <w nite:id="Bdb001.w.12,166" starttime="" endtime="" c="W">three</w>
   <w nite:id="Bdb001.w.12,167" starttime="" endtime="" c="W">four</w>
   <comment nite:id="Bdb001.comment.123" starttime="" endtime="" description="Digits"/>
   <w nite:id="Bdb001.w.12,168" starttime="" endtime="" c="W">six</w>
   <w nite:id="Bdb001.w.12,169" starttime="" endtime="" c="W">six</w>
   <w nite:id="Bdb001.w.12,170" starttime="" endtime="" c="LET">O</w>
   <w nite:id="Bdb001.w.12,171" starttime="" endtime="" c="W">one</w>
   <w nite:id="Bdb001.w.12,172" starttime="" endtime="" c="W">three</w>
   <w nite:id="Bdb001.w.12,173" starttime="" endtime="" c="W">four</w>
   <w nite:id="Bdb001.w.12,174" starttime="" endtime="" c="W">eight</w>
   <comment nite:id="Bdb001.comment.124" starttime="" endtime="" description="Digits"/>
   <w nite:id="Bdb001.w.12,175" starttime="" endtime="" c="W">seven</w>
   <comment nite:id="Bdb001.comment.125" starttime="" endtime="" description="Digits"/>
   <w nite:id="Bdb001.w.12,176" starttime="" endtime="" c="W">eight</w>
   <w nite:id="Bdb001.w.12,177" starttime="" endtime="" c="W">zero</w>
   <w nite:id="Bdb001.w.12,178" starttime="" endtime="" c="W">one</w>
   <w nite:id="Bdb001.w.12,179" starttime="" endtime="" c="W">one</w>
   <w nite:id="Bdb001.w.12,180" starttime="" endtime="" c="W">two</w>
   <w nite:id="Bdb001.w.12,181" starttime="" endtime="" c="W">four</w>
   <w nite:id="Bdb001.w.12,182" starttime="" endtime="" c="W">three</w>
   <comment nite:id="Bdb001.comment.126" starttime="" endtime="" description="Digits"/>
   <w nite:id="Bdb001.w.12,183" starttime="" endtime="" c="W">eight</w>
   <w nite:id="Bdb001.w.12,184" starttime="" endtime="" c="LET">O</w>
   <w nite:id="Bdb001.w.12,185" starttime="" endtime="" c="W">seven</w>
   <w nite:id="Bdb001.w.12,186" starttime="" endtime="" c="W">two</w>
   <w nite:id="Bdb001.w.12,187" starttime="" endtime="" c="W">nine</w>
   <w nite:id="Bdb001.w.12,188" starttime="" endtime="" c=".">.</w>
   <comment nite:id="Bdb001.comment.127" starttime="" endtime="" description="Digits"/>
   <w nite:id="Bdb001.w.12,189" starttime="2855.0" endtime="2855.34" c="W">Scratch</w>
   <w nite:id="Bdb001.w.12,190" starttime="2855.34" endtime="2855.51" c="W">that</w>
   <w nite:id="Bdb001.w.12,191" starttime="2855.51" endtime="2855.51" c=".">.</w>
   <vocalsound nite:id="Bdb001.vocalsound.340" starttime="" endtime="" description="inbreath"/>
   <w nite:id="Bdb001.w.12,192" starttime="" endtime="" c="W">nine</w>
   <w nite:id="Bdb001.w.12,193" starttime="" endtime="" c="LET">O</w>
   <w nite:id="Bdb001.w.12,194" starttime="" endtime="" c="W">seven</w>
   <w nite:id="Bdb001.w.12,195" starttime="" endtime="" c="W">two</w>
   <w nite:id="Bdb001.w.12,196" starttime="" endtime="" c="W">nine</w>
   <comment nite:id="Bdb001.comment.128" starttime="" endtime="" description="Digits"/>
   <w nite:id="Bdb001.w.12,197" starttime="" endtime="" c="W">zero</w>
   <w nite:id="Bdb001.w.12,198" starttime="" endtime="" c="W">one</w>
   <comment nite:id="Bdb001.comment.129" starttime="" endtime="" description="Digits"/>
   <w nite:id="Bdb001.w.12,199" starttime="" endtime="" c="W">one</w>
   <w nite:id="Bdb001.w.12,200" starttime="" endtime="" c="W">three</w>
   <w nite:id="Bdb001.w.12,201" starttime="" endtime="" c="W">nine</w>
   <w nite:id="Bdb001.w.12,202" starttime="" endtime="" c="W">four</w>
   <comment nite:id="Bdb001.comment.130" starttime="" endtime="" description="Digits"/>
   <w nite:id="Bdb001.w.12,203" starttime="" endtime="" c="W">two</w>
   <w nite:id="Bdb001.w.12,204" starttime="" endtime="" c="W">two</w>
   <w nite:id="Bdb001.w.12,205" starttime="" endtime="" c="W">five</w>
   <comment nite:id="Bdb001.comment.131" starttime="" endtime="" description="Digits"/>
   <w nite:id="Bdb001.w.12,206" starttime="" endtime="" c="W">three</w>
   <w nite:id="Bdb001.w.12,207" starttime="" endtime="" c="W">eight</w>
   <w nite:id="Bdb001.w.12,208" starttime="" endtime="" c="W">seven</w>
   <w nite:id="Bdb001.w.12,209" starttime="" endtime="" c="LET">O</w>
   <comment nite:id="Bdb001.comment.132" starttime="" endtime="" description="Digits"/>
   <w nite:id="Bdb001.w.12,210" starttime="" endtime="" c="W">four</w>
   <comment nite:id="Bdb001.comment.133" starttime="" endtime="" description="Digits"/>
   <w nite:id="Bdb001.w.12,211" starttime="" endtime="" c="W">five</w>
   <comment nite:id="Bdb001.comment.134" starttime="" endtime="" description="Digits"/>
   <w nite:id="Bdb001.w.12,212" starttime="" endtime="" c="W">seven</w>
   <w nite:id="Bdb001.w.12,213" starttime="" endtime="" c="W">two</w>
   <w nite:id="Bdb001.w.12,214" starttime="" endtime="" c="W">two</w>
   <comment nite:id="Bdb001.comment.135" starttime="" endtime="" description="Digits"/>
   <w nite:id="Bdb001.w.12,215" starttime="" endtime="" c="W">eight</w>
   <w nite:id="Bdb001.w.12,216" starttime="" endtime="" c="W">one</w>
   <w nite:id="Bdb001.w.12,217" starttime="" endtime="" c="W">zero</w>
   <comment nite:id="Bdb001.comment.136" starttime="" endtime="" description="Digits"/>
   <w nite:id="Bdb001.w.12,218" starttime="" endtime="" c="W">nine</w>
   <w nite:id="Bdb001.w.12,219" starttime="" endtime="" c="W">five</w>
   <w nite:id="Bdb001.w.12,220" starttime="" endtime="" c="W">one</w>
   <comment nite:id="Bdb001.comment.137" starttime="" endtime="" description="Digits"/>
   <w nite:id="Bdb001.w.12,221" starttime="" endtime="" c="LET">O</w>
   <w nite:id="Bdb001.w.12,222" starttime="" endtime="" c="W">nine</w>
   <w nite:id="Bdb001.w.12,223" starttime="" endtime="" c="W">eight</w>
   <comment nite:id="Bdb001.comment.138" starttime="" endtime="" description="Digits"/>
   <w nite:id="Bdb001.w.12,224" starttime="" endtime="" c="W">zero</w>
   <w nite:id="Bdb001.w.12,225" starttime="" endtime="" c=".">.</w>
   <comment nite:id="Bdb001.comment.139" starttime="" endtime="" description="Digits"/>
</nite:root>