<?xml version="1.0" encoding="ISO-8859-1" standalone="yes"?>
<nite:root nite:id="Bdb001.B.dialogue-acts" xmlns:nite="http://nite.sourceforge.net/">
   <dialogueact nite:id="Bdb001.B.dialogueact12" starttime="28.413" endtime="29.393" type="z" original-type="z" channel="c2" participant="me001">
      <nite:child href="Bdb001.B.words.xml#id(Bdb001.w.148)..id(Bdb001.w.150)"/>
   </dialogueact>
   <dialogueact nite:id="Bdb001.B.dialogueact944" starttime="1958.21" endtime="1958.54" type="b" original-type="b" channel="c2" participant="me001">
      <nite:child href="Bdb001.B.words.xml#id(Bdb001.w.8,372)..id(Bdb001.w.8,373)"/>
   </dialogueact>
   <dialogueact nite:id="Bdb001.B.dialogueact961" starttime="1987.6" endtime="1987.88" type="s^aa" adjacency="11b-2" original-type="s^aa" channel="c2" participant="me001">
      <nite:child href="Bdb001.B.words.xml#id(Bdb001.w.8,477)..id(Bdb001.w.8,478)"/>
   </dialogueact>
   <dialogueact nite:id="Bdb001.B.dialogueact967" starttime="1993.86" endtime="1994.0" type="b" original-type="b" channel="c2" participant="me001">
      <nite:child href="Bdb001.B.words.xml#id(Bdb001.w.8,498)..id(Bdb001.w.8,499)"/>
   </dialogueact>
   <dialogueact nite:id="Bdb001.B.dialogueact1013" starttime="2067.05" endtime="2067.47" type="b" original-type="b" channel="c2" participant="me001">
      <nite:child href="Bdb001.B.words.xml#id(Bdb001.w.8,877)..id(Bdb001.w.8,878)"/>
   </dialogueact>
   <dialogueact nite:id="Bdb001.B.dialogueact1014" starttime="2069.19" endtime="2070.87" type="s^ng" adjacency="20b-2" original-type="s^ng" channel="c2" participant="me001">
      <nite:child href="Bdb001.B.words.xml#id(Bdb001.w.8,879)..id(Bdb001.w.8,889)"/>
   </dialogueact>
   <dialogueact nite:id="Bdb001.B.dialogueact1015" starttime="2070.87" endtime="2076.03" type="s^bd" adjacency="20b-2+" original-type="s^bd" channel="c2" participant="me001">
      <nite:child href="Bdb001.B.words.xml#id(Bdb001.w.8,890)..id(Bdb001.w.8,916)"/>
   </dialogueact>
   <dialogueact nite:id="Bdb001.B.dialogueact1018" starttime="2078.26" endtime="2078.54" type="s^t1" original-type="s^t1" channel="c2" participant="me001">
      <nite:child href="Bdb001.B.words.xml#id(Bdb001.w.8,922)..id(Bdb001.w.8,926)"/>
   </dialogueact>
   <dialogueact nite:id="Bdb001.B.dialogueact1086" starttime="2198.84" endtime="2200.44" type="qw^rt" adjacency="34b.35a" original-type="qw^rt" channel="c2" participant="me001">
      <nite:child href="Bdb001.B.words.xml#id(Bdb001.w.9,467)..id(Bdb001.w.9,473)"/>
   </dialogueact>
</nite:root>