<?xml version="1.0" encoding="ISO-8859-1" standalone="yes"?>
<nite:root nite:id="Bed006.A.dialogue-acts" xmlns:nite="http://nite.sourceforge.net/">
   <dialogueact nite:id="Bed006.A.dialogueact44" starttime="57.093" endtime="57.293" type="%-" original-type="%-" channel="c0" participant="mn036">
      <nite:child href="Bed006.A.words.xml#id(Bed006.w.220)..id(Bed006.w.221)"/>
   </dialogueact>
   <dialogueact nite:id="Bed006.A.dialogueact47" starttime="70.472" endtime="71.632" comment="FBH" type="s^na" adjacency="12b.13a" original-type="s^na" channel="c0" participant="mn036">
      <nite:child href="Bed006.A.words.xml#id(Bed006.w.247)..id(Bed006.w.255)"/>
   </dialogueact>
   <dialogueact nite:id="Bed006.A.dialogueact49" starttime="71.632" endtime="71.872" type="s^aa" adjacency="12b+.13a+" original-type="s^aa" channel="c0" participant="mn036">
      <nite:child href="Bed006.A.words.xml#id(Bed006.w.256)..id(Bed006.w.257)"/>
   </dialogueact>
   <dialogueact nite:id="Bed006.A.dialogueact50" starttime="72.092" endtime="72.452" type="s^ft" adjacency="12b++.13a++" original-type="s^ft" channel="c0" participant="mn036">
      <nite:child href="Bed006.A.words.xml#id(Bed006.w.258)..id(Bed006.w.259)"/>
   </dialogueact>
   <dialogueact nite:id="Bed006.A.dialogueact85" starttime="139.219" endtime="140.109" type="s^cs" original-type="s^cs" channel="c0" participant="mn036">
      <nite:child href="Bed006.A.words.xml#id(Bed006.w.473)..id(Bed006.w.479)"/>
   </dialogueact>
   <dialogueact nite:id="Bed006.A.dialogueact400" starttime="811.565" endtime="821.505" type="s^bu" adjacency="19a" original-type="s^bu" channel="c0" participant="mn036">
      <nite:child href="Bed006.A.words.xml#id(Bed006.w.2,928)..id(Bed006.w.2,961)"/>
   </dialogueact>
   <dialogueact nite:id="Bed006.A.dialogueact404" starttime="822.77" endtime="823.21" type="fh" original-type="fh" channel="c0" participant="mn036">
      <nite:child href="Bed006.A.words.xml#id(Bed006.w.2,991)..id(Bed006.w.2,992)"/>
   </dialogueact>
   <dialogueact nite:id="Bed006.A.dialogueact406" starttime="828.628" endtime="832.888" type="s^ng" adjacency="20b.21a" original-type="s^ng" channel="c0" participant="mn036">
      <nite:child href="Bed006.A.words.xml#id(Bed006.w.2,993)..id(Bed006.w.3,015)"/>
   </dialogueact>
   <dialogueact nite:id="Bed006.A.dialogueact410" starttime="833.94" endtime="838.02" type="s" original-type="s" channel="c0" participant="mn036">
      <nite:child href="Bed006.A.words.xml#id(Bed006.w.3,022)..id(Bed006.w.3,033)"/>
   </dialogueact>
   <dialogueact nite:id="Bed006.A.dialogueact411" starttime="838.84" endtime="841.26" comment="FBH" type="s.%-" original-type="s.%-" channel="c0" participant="mn036">
      <nite:child href="Bed006.A.words.xml#id(Bed006.w.3,036)..id(Bed006.w.3,064)"/>
   </dialogueact>
   <dialogueact nite:id="Bed006.A.dialogueact421" starttime="864.261" endtime="864.581" comment="FBH" type="b" original-type="b" channel="c0" participant="mn036">
      <nite:child href="Bed006.A.words.xml#id(Bed006.w.3,134)..id(Bed006.w.3,135)"/>
   </dialogueact>
   <dialogueact nite:id="Bed006.A.dialogueact424" starttime="878.487" endtime="878.687" type="b" original-type="b" channel="c0" participant="mn036">
      <nite:child href="Bed006.A.words.xml#id(Bed006.w.3,204)..id(Bed006.w.3,205)"/>
   </dialogueact>
   <dialogueact nite:id="Bed006.A.dialogueact427" starttime="887.51" endtime="887.74" type="b" original-type="b" channel="c0" participant="mn036">
      <nite:child href="Bed006.A.words.xml#id(Bed006.w.3,206)..id(Bed006.w.3,207)"/>
   </dialogueact>
   <dialogueact nite:id="Bed006.A.dialogueact431" starttime="891.73" endtime="892.0" type="b" original-type="b" channel="c0" participant="mn036">
      <nite:child href="Bed006.A.words.xml#id(Bed006.w.3,219)..id(Bed006.w.3,220)"/>
   </dialogueact>
   <dialogueact nite:id="Bed006.A.dialogueact433" starttime="896.51" endtime="898.44" type="s^bd" original-type="s^bd" channel="c0" participant="mn036">
      <nite:child href="Bed006.A.words.xml#id(Bed006.w.3,234)..id(Bed006.w.3,246)"/>
   </dialogueact>
   <dialogueact nite:id="Bed006.A.dialogueact434" starttime="898.44" endtime="904.704" type="s^cs" original-type="s^cs" channel="c0" participant="mn036">
      <nite:child href="Bed006.A.words.xml#id(Bed006.w.3,247)..id(Bed006.w.3,269)"/>
   </dialogueact>
   <dialogueact nite:id="Bed006.A.dialogueact435" starttime="905.311" endtime="912.988" type="s^cs" original-type="s^cs" channel="c0" participant="mn036">
      <nite:child href="Bed006.A.words.xml#id(Bed006.w.3,270)..id(Bed006.w.3,292)"/>
   </dialogueact>
   <dialogueact nite:id="Bed006.A.dialogueact436" starttime="912.988" endtime="915.638" type="s" original-type="s" channel="c0" participant="mn036">
      <nite:child href="Bed006.A.words.xml#id(Bed006.w.3,293)..id(Bed006.w.3,305)"/>
   </dialogueact>
   <dialogueact nite:id="Bed006.A.dialogueact439" starttime="915.638" endtime="919.31" type="s" original-type="s" channel="c0" participant="mn036">
      <nite:child href="Bed006.A.words.xml#id(Bed006.w.3,306)..id(Bed006.w.3,327)"/>
   </dialogueact>
   <dialogueact nite:id="Bed006.A.dialogueact441" starttime="919.31" endtime="921.14" type="s.%--" original-type="s.%--" channel="c0" participant="mn036">
      <nite:child href="Bed006.A.words.xml#id(Bed006.w.3,328)..id(Bed006.disfmarker.117)"/>
   </dialogueact>
   <dialogueact nite:id="Bed006.A.dialogueact444" starttime="924.869" endtime="925.079" type="b" original-type="b" channel="c0" participant="mn036">
      <nite:child href="Bed006.A.words.xml#id(Bed006.w.3,356)..id(Bed006.w.3,357)"/>
   </dialogueact>
   <dialogueact nite:id="Bed006.A.dialogueact512" starttime="1110.66" endtime="1111.3" type="b" original-type="b" channel="c0" participant="mn036">
      <nite:child href="Bed006.A.words.xml#id(Bed006.w.3,903)..id(Bed006.w.3,904)"/>
   </dialogueact>
   <dialogueact nite:id="Bed006.A.dialogueact659" starttime="1399.35" endtime="1399.51" type="b" original-type="b" channel="c0" participant="mn036">
      <nite:child href="Bed006.A.words.xml#id(Bed006.w.4,960)..id(Bed006.w.4,961)"/>
   </dialogueact>
   <dialogueact nite:id="Bed006.A.dialogueact1109" starttime="2388.54" endtime="2391.12" type="s" adjacency="40b" original-type="s" channel="c0" participant="mn036">
      <nite:child href="Bed006.A.words.xml#id(Bed006.w.8,970)..id(Bed006.w.8,981)"/>
   </dialogueact>
   <dialogueact nite:id="Bed006.A.dialogueact1110" starttime="2391.12" endtime="2399.06" type="s" adjacency="40b+" original-type="s" channel="c0" participant="mn036">
      <nite:child href="Bed006.A.words.xml#id(Bed006.w.8,982)..id(Bed006.w.8,996)"/>
   </dialogueact>
   <dialogueact nite:id="Bed006.A.dialogueact1111" starttime="2399.06" endtime="2403.84" type="s" original-type="s" channel="c0" participant="mn036">
      <nite:child href="Bed006.A.words.xml#id(Bed006.w.8,997)..id(Bed006.w.9,020)"/>
   </dialogueact>
   <dialogueact nite:id="Bed006.A.dialogueact1114" starttime="2403.84" endtime="2407.49" type="s" original-type="s" channel="c0" participant="mn036">
      <nite:child href="Bed006.A.words.xml#id(Bed006.w.9,021)..id(Bed006.w.9,034)"/>
   </dialogueact>
   <dialogueact nite:id="Bed006.A.dialogueact1117" starttime="2407.82" endtime="2411.61" type="s" original-type="s" channel="c0" participant="mn036">
      <nite:child href="Bed006.A.words.xml#id(Bed006.w.9,035)..id(Bed006.w.9,047)"/>
   </dialogueact>
   <dialogueact nite:id="Bed006.A.dialogueact1119" starttime="2411.61" endtime="2416.05" type="s.%--" original-type="s.%--" channel="c0" participant="mn036">
      <nite:child href="Bed006.A.words.xml#id(Bed006.w.9,048)..id(Bed006.w.9,072)"/>
   </dialogueact>
   <dialogueact nite:id="Bed006.A.dialogueact1121" starttime="2416.3" endtime="2420.76" type="s^cs" original-type="s^cs" channel="c0" participant="mn036">
      <nite:child href="Bed006.A.words.xml#id(Bed006.w.9,073)..id(Bed006.w.9,092)"/>
   </dialogueact>
   <dialogueact nite:id="Bed006.A.dialogueact1124" starttime="2421.38" endtime="2431.18" type="s" original-type="s" channel="c0" participant="mn036">
      <nite:child href="Bed006.A.words.xml#id(Bed006.w.9,093)..id(Bed006.w.9,125)"/>
   </dialogueact>
   <dialogueact nite:id="Bed006.A.dialogueact1126" starttime="2431.64" endtime="2433.73" type="s^ba" original-type="s^ba" channel="c0" participant="mn036">
      <nite:child href="Bed006.A.words.xml#id(Bed006.w.9,129)..id(Bed006.w.9,135)"/>
   </dialogueact>
   <dialogueact nite:id="Bed006.A.dialogueact1128" starttime="2434.67" endtime="2434.89" type="b" original-type="b" channel="c0" participant="mn036">
      <nite:child href="Bed006.A.words.xml#id(Bed006.w.9,168)..id(Bed006.w.9,169)"/>
   </dialogueact>
   <dialogueact nite:id="Bed006.A.dialogueact1135" starttime="2449.31" endtime="2449.53" type="b" original-type="b" channel="c0" participant="mn036">
      <nite:child href="Bed006.A.words.xml#id(Bed006.w.9,240)..id(Bed006.w.9,241)"/>
   </dialogueact>
   <dialogueact nite:id="Bed006.A.dialogueact1137" starttime="2451.83" endtime="2452.02" type="b" original-type="b" channel="c0" participant="mn036">
      <nite:child href="Bed006.A.words.xml#id(Bed006.w.9,292)..id(Bed006.w.9,293)"/>
   </dialogueact>
   <dialogueact nite:id="Bed006.A.dialogueact1158" starttime="2487.65" endtime="2487.92" type="b" original-type="b" channel="c0" participant="mn036">
      <nite:child href="Bed006.A.words.xml#id(Bed006.w.9,431)..id(Bed006.w.9,432)"/>
   </dialogueact>
   <dialogueact nite:id="Bed006.A.dialogueact1160" starttime="2488.88" endtime="2489.04" type="%-" original-type="%-" channel="c0" participant="mn036">
      <nite:child href="Bed006.A.words.xml#id(Bed006.w.9,435)..id(Bed006.w.9,436)"/>
   </dialogueact>
   <dialogueact nite:id="Bed006.A.dialogueact1163" starttime="2489.56" endtime="2492.27" type="s^rt" original-type="s^rt" channel="c0" participant="mn036">
      <nite:child href="Bed006.A.words.xml#id(Bed006.w.9,437)..id(Bed006.w.9,448)"/>
   </dialogueact>
   <dialogueact nite:id="Bed006.A.dialogueact1164" starttime="2492.27" endtime="2498.84" comment="FBH" type="s" original-type="s" channel="c0" participant="mn036">
      <nite:child href="Bed006.A.words.xml#id(Bed006.w.9,449)..id(Bed006.w.9,470)"/>
   </dialogueact>
   <dialogueact nite:id="Bed006.A.dialogueact1165" starttime="2498.84" endtime="2501.57" type="s^bu" adjacency="5a" original-type="s^bu" channel="c0" participant="mn036">
      <nite:child href="Bed006.A.words.xml#id(Bed006.w.9,471)..id(Bed006.w.9,483)"/>
   </dialogueact>
   <dialogueact nite:id="Bed006.A.dialogueact1166" starttime="2501.57" endtime="2503.12" type="qr^bu.%--" adjacency="5a+" original-type="qr^bu.%--" channel="c0" participant="mn036">
      <nite:child href="Bed006.A.words.xml#id(Bed006.w.9,484)..id(Bed006.w.9,490)"/>
   </dialogueact>
   <dialogueact nite:id="Bed006.A.dialogueact1167" starttime="2503.7" endtime="2505.63" type="fh" original-type="fh" channel="c0" participant="mn036">
      <nite:child href="Bed006.A.words.xml#id(Bed006.w.9,491)..id(Bed006.disfmarker.379)"/>
   </dialogueact>
   <dialogueact nite:id="Bed006.A.dialogueact1169" starttime="2505.63" endtime="2506.14" type="qy^rt.%-" adjacency="5a++" original-type="qy^rt.%-" channel="c0" participant="mn036">
      <nite:child href="Bed006.A.words.xml#id(Bed006.w.9,493)..id(Bed006.disfmarker.380)"/>
   </dialogueact>
   <dialogueact nite:id="Bed006.A.dialogueact1170" starttime="2509.1" endtime="2510.1" type="s^bk" adjacency="6b" original-type="s^bk" channel="c0" participant="mn036">
      <nite:child href="Bed006.A.words.xml#id(Bed006.w.9,516)..id(Bed006.w.9,519)"/>
   </dialogueact>
   <dialogueact nite:id="Bed006.A.dialogueact1174" starttime="2510.25" endtime="2524.38" type="s" original-type="s" channel="c0" participant="mn036">
      <nite:child href="Bed006.A.words.xml#id(Bed006.w.9,520)..id(Bed006.w.9,563)"/>
   </dialogueact>
   <dialogueact nite:id="Bed006.A.dialogueact1175" starttime="2524.52" endtime="2525.96" type="s" original-type="s" channel="c0" participant="mn036">
      <nite:child href="Bed006.A.words.xml#id(Bed006.w.9,564)..id(Bed006.w.9,573)"/>
   </dialogueact>
   <dialogueact nite:id="Bed006.A.dialogueact1176" starttime="2526.34" endtime="2532.05" type="qr^rt" adjacency="7a" original-type="qr^rt" channel="c0" participant="mn036">
      <nite:child href="Bed006.A.words.xml#id(Bed006.w.9,574)..id(Bed006.w.9,595)"/>
   </dialogueact>
   <dialogueact nite:id="Bed006.A.dialogueact1177" starttime="2532.14" endtime="2532.54" type="fh" adjacency="7a+" original-type="fh" channel="c0" participant="mn036">
      <nite:child href="Bed006.A.words.xml#id(Bed006.w.9,596)..id(Bed006.disfmarker.387)"/>
   </dialogueact>
   <dialogueact nite:id="Bed006.A.dialogueact1178" starttime="2533.18" endtime="2534.19" type="s" adjacency="7a++" original-type="s" channel="c0" participant="mn036">
      <nite:child href="Bed006.A.words.xml#id(Bed006.w.9,597)..id(Bed006.w.9,604)"/>
   </dialogueact>
   <dialogueact nite:id="Bed006.A.dialogueact1188" starttime="2563.91" endtime="2567.93" type="s" adjacency="10b-1" original-type="s" channel="c0" participant="mn036">
      <nite:child href="Bed006.A.words.xml#id(Bed006.w.9,689)..id(Bed006.w.9,701)"/>
   </dialogueact>
   <dialogueact nite:id="Bed006.A.dialogueact1191" starttime="2567.93" endtime="2568.07" type="fh" adjacency="10b-1+" original-type="fh" channel="c0" participant="mn036">
      <nite:child href="Bed006.A.words.xml#id(Bed006.w.9,702)"/>
   </dialogueact>
   <dialogueact nite:id="Bed006.A.dialogueact1192" starttime="2568.07" endtime="2568.3" type="%-" adjacency="10b-1++" original-type="%-" channel="c0" participant="mn036">
      <nite:child href="Bed006.A.words.xml#id(Bed006.w.9,703)..id(Bed006.disfmarker.395)"/>
   </dialogueact>
   <dialogueact nite:id="Bed006.A.dialogueact1195" starttime="2570.7" endtime="2571.12" type="s^ar" adjacency="11b" original-type="s^ar" channel="c0" participant="mn036">
      <nite:child href="Bed006.A.words.xml#id(Bed006.w.9,716)..id(Bed006.w.9,719)"/>
   </dialogueact>
   <dialogueact nite:id="Bed006.A.dialogueact1196" starttime="2571.12" endtime="2573.7" type="s" adjacency="11b+" original-type="s" channel="c0" participant="mn036">
      <nite:child href="Bed006.A.words.xml#id(Bed006.w.9,720)..id(Bed006.w.9,733)"/>
   </dialogueact>
   <dialogueact nite:id="Bed006.A.dialogueact1197" starttime="2573.7" endtime="2574.67" type="fh|qy.%-" original-type="fh|qy.%-" channel="c0" participant="mn036">
      <nite:child href="Bed006.A.words.xml#id(Bed006.w.9,734)..id(Bed006.disfmarker.399)"/>
   </dialogueact>
   <dialogueact nite:id="Bed006.A.dialogueact1198" starttime="2574.67" endtime="2576.05" type="s" original-type="s" channel="c0" participant="mn036">
      <nite:child href="Bed006.A.words.xml#id(Bed006.w.9,736)..id(Bed006.w.9,743)"/>
   </dialogueact>
   <dialogueact nite:id="Bed006.A.dialogueact1199" starttime="2576.05" endtime="2579.64" type="s" original-type="s" channel="c0" participant="mn036">
      <nite:child href="Bed006.A.words.xml#id(Bed006.w.9,744)..id(Bed006.w.9,752)"/>
   </dialogueact>
   <dialogueact nite:id="Bed006.A.dialogueact1200" starttime="2579.74" endtime="2580.38" type="fh" original-type="fh" channel="c0" participant="mn036">
      <nite:child href="Bed006.A.words.xml#id(Bed006.w.9,753)"/>
   </dialogueact>
   <dialogueact nite:id="Bed006.A.dialogueact1201" starttime="2580.38" endtime="2584.43" type="s" original-type="s" channel="c0" participant="mn036">
      <nite:child href="Bed006.A.words.xml#id(Bed006.w.9,754)..id(Bed006.w.9,773)"/>
   </dialogueact>
   <dialogueact nite:id="Bed006.A.dialogueact1202" starttime="2585.2" endtime="2588.32" type="fh|s" original-type="fh|s" channel="c0" participant="mn036">
      <nite:child href="Bed006.A.words.xml#id(Bed006.w.9,774)..id(Bed006.w.9,781)"/>
   </dialogueact>
   <dialogueact nite:id="Bed006.A.dialogueact1204" starttime="2588.32" endtime="2595.0" type="s" original-type="s" channel="c0" participant="mn036">
      <nite:child href="Bed006.A.words.xml#id(Bed006.w.9,782)..id(Bed006.w.9,800)"/>
   </dialogueact>
   <dialogueact nite:id="Bed006.A.dialogueact1206" starttime="2595.0" endtime="2598.36" type="s" original-type="s" channel="c0" participant="mn036">
      <nite:child href="Bed006.A.words.xml#id(Bed006.w.9,801)"/>
   </dialogueact>
   <dialogueact nite:id="Bed006.A.dialogueact1207" starttime="2599.37" endtime="2607.68" type="fh|s" original-type="fh|s" channel="c0" participant="mn036">
   </dialogueact>
   <dialogueact nite:id="Bed006.A.dialogueact1208" starttime="2608.81" endtime="2617.27" type="s" original-type="s" channel="c0" participant="mn036">
      <nite:child href="Bed006.A.words.xml#id(Bed006.w.9,826)..id(Bed006.w.9,885)"/>
   </dialogueact>
   <dialogueact nite:id="Bed006.A.dialogueact1210" starttime="2617.89" endtime="2618.71" comment="FBH" type="%-" original-type="%-" channel="c0" participant="mn036">
      <nite:child href="Bed006.A.words.xml#id(Bed006.w.9,893)..id(Bed006.w.9,895)"/>
   </dialogueact>
   <dialogueact nite:id="Bed006.A.dialogueact1221" starttime="2648.02" endtime="2648.26" type="b" original-type="b" channel="c0" participant="mn036">
      <nite:child href="Bed006.A.words.xml#id(Bed006.w.10,004)..id(Bed006.w.10,005)"/>
   </dialogueact>
   <dialogueact nite:id="Bed006.A.dialogueact1222" starttime="2648.86" endtime="2653.38" type="s^bk|s^bu" adjacency="12b.13a" original-type="s^bk|s^bu" channel="c0" participant="mn036">
      <nite:child href="Bed006.A.words.xml#id(Bed006.w.10,006)..id(Bed006.w.10,025)"/>
   </dialogueact>
   <dialogueact nite:id="Bed006.A.dialogueact1240" starttime="2685.84" endtime="2686.09" type="s^aa" adjacency="15b" original-type="s^aa" channel="c0" participant="mn036">
      <nite:child href="Bed006.A.words.xml#id(Bed006.w.10,173)..id(Bed006.w.10,174)"/>
   </dialogueact>
   <dialogueact nite:id="Bed006.A.dialogueact1250" starttime="2706.3" endtime="2706.53" type="s^aa.%" adjacency="16b" original-type="s^aa.%" channel="c0" participant="mn036">
      <nite:child href="Bed006.A.words.xml#id(Bed006.w.10,253)..id(Bed006.w.10,254)"/>
   </dialogueact>
   <dialogueact nite:id="Bed006.A.dialogueact1489" starttime="3190.95" endtime="3191.73" type="fg" original-type="fg" channel="c0" participant="mn036">
      <nite:child href="Bed006.A.words.xml#id(Bed006.w.12,280)..id(Bed006.w.12,282)"/>
   </dialogueact>
   <dialogueact nite:id="Bed006.A.dialogueact1491" starttime="3193.76" endtime="3193.98" type="b" original-type="b" channel="c0" participant="mn036">
      <nite:child href="Bed006.A.words.xml#id(Bed006.w.12,289)..id(Bed006.w.12,290)"/>
   </dialogueact>
   <dialogueact nite:id="Bed006.A.dialogueact1494" starttime="3197.52" endtime="3197.81" type="s^aa" adjacency="12b" original-type="s^aa" channel="c0" participant="mn036">
      <nite:child href="Bed006.A.words.xml#id(Bed006.w.12,316)..id(Bed006.w.12,317)"/>
   </dialogueact>
   <dialogueact nite:id="Bed006.A.dialogueact1496" starttime="3197.81" endtime="3198.39" type="b" original-type="b" channel="c0" participant="mn036">
      <nite:child href="Bed006.A.words.xml#id(Bed006.w.12,318)..id(Bed006.w.12,321)"/>
   </dialogueact>
   <dialogueact nite:id="Bed006.A.dialogueact1499" starttime="3201.66" endtime="3202.04" type="s" adjacency="13b" original-type="s" channel="c0" participant="mn036">
      <nite:child href="Bed006.A.words.xml#id(Bed006.w.12,326)..id(Bed006.w.12,328)"/>
   </dialogueact>
   <dialogueact nite:id="Bed006.A.dialogueact1500" starttime="3202.04" endtime="3202.2" type="b" original-type="b" channel="c0" participant="mn036">
      <nite:child href="Bed006.A.words.xml#id(Bed006.w.12,329)..id(Bed006.w.12,330)"/>
   </dialogueact>
   <dialogueact nite:id="Bed006.A.dialogueact1570" starttime="3334.6" endtime="3336.13" type="h|s.%--" adjacency="26b" original-type="h|s.%--" channel="c0" participant="mn036">
      <nite:child href="Bed006.A.words.xml#id(Bed006.w.12,785)..id(Bed006.w.12,786)"/>
   </dialogueact>
   <dialogueact nite:id="Bed006.A.dialogueact1571" starttime="3336.55" endtime="3338.2" type="fh|s^ba" adjacency="26b+" original-type="fh|s^ba" channel="c0" participant="mn036">
      <nite:child href="Bed006.A.words.xml#id(Bed006.w.12,787)..id(Bed006.w.12,793)"/>
   </dialogueact>
   <dialogueact nite:id="Bed006.A.dialogueact1576" starttime="3343.64" endtime="3343.81" type="b" original-type="b" channel="c0" participant="mn036">
      <nite:child href="Bed006.A.words.xml#id(Bed006.w.12,815)..id(Bed006.w.12,816)"/>
   </dialogueact>
   <dialogueact nite:id="Bed006.A.dialogueact1608" starttime="3390.16" endtime="3391.58" type="qy^bu^d^rt^t" original-type="qy^bu^d^rt^t" channel="c0" participant="mn036">
      <nite:child href="Bed006.A.words.xml#id(Bed006.w.13,036)..id(Bed006.w.13,043)"/>
   </dialogueact>
   <dialogueact nite:id="Bed006.A.dialogueact1609" starttime="3391.77" endtime="3392.16" type="%" original-type="%" channel="c0" participant="mn036">
      <nite:child href="Bed006.A.words.xml#id(Bed006.w.13,044)..id(Bed006.w.13,046)"/>
   </dialogueact>
   <dialogueact nite:id="Bed006.A.dialogueact1628" starttime="3413.17" endtime="3413.52" type="b" original-type="b" channel="c0" participant="mn036">
      <nite:child href="Bed006.A.words.xml#id(Bed006.w.13,147)..id(Bed006.w.13,148)"/>
   </dialogueact>
   <dialogueact nite:id="Bed006.A.dialogueact1633" starttime="3416.27" endtime="3416.63" type="b" original-type="b" channel="c0" participant="mn036">
      <nite:child href="Bed006.A.words.xml#id(Bed006.w.13,157)..id(Bed006.w.13,158)"/>
   </dialogueact>
   <dialogueact nite:id="Bed006.A.dialogueact1636" starttime="3419.33" endtime="3421.11" type="s^cs^t^tc" adjacency="40a" original-type="s^cs^t^tc" channel="c0" participant="mn036">
      <nite:child href="Bed006.A.words.xml#id(Bed006.w.13,177)..id(Bed006.w.13,188)"/>
   </dialogueact>
   <dialogueact nite:id="Bed006.A.dialogueact1638" starttime="3421.11" endtime="3422.52" type="s^cs^e" adjacency="40a+" original-type="s^cs^e" channel="c0" participant="mn036">
      <nite:child href="Bed006.A.words.xml#id(Bed006.w.13,189)..id(Bed006.w.13,194)"/>
   </dialogueact>
   <dialogueact nite:id="Bed006.A.dialogueact1641" starttime="3422.83" endtime="3424.27" type="s^e" adjacency="40a++" original-type="s^e" channel="c0" participant="mn036">
      <nite:child href="Bed006.A.words.xml#id(Bed006.w.13,195)..id(Bed006.w.13,203)"/>
   </dialogueact>
   <dialogueact nite:id="Bed006.A.dialogueact1643" starttime="3427.25" endtime="3427.54" type="b" original-type="b" channel="c0" participant="mn036">
      <nite:child href="Bed006.A.words.xml#id(Bed006.w.13,230)..id(Bed006.w.13,231)"/>
   </dialogueact>
</nite:root>