<?xml version="1.0" encoding="ISO-8859-1" standalone="yes"?>
<nite:root nite:id="Bed012.C.dialogue-acts" xmlns:nite="http://nite.sourceforge.net/">
   <dialogueact nite:id="Bed012.C.dialogueact2" starttime="89.335" endtime="90.235" type="s^j" adjacency="1b" original-type="s^j" channel="c3" participant="me003">
      <nite:child href="Bed012.C.words.xml#id(Bed012.w.26)..id(Bed012.w.32)"/>
   </dialogueact>
   <dialogueact nite:id="Bed012.C.dialogueact26" starttime="157.17" endtime="160.32" type="qy^rt" adjacency="5a" original-type="qy^rt" channel="c3" participant="me003">
      <nite:child href="Bed012.C.words.xml#id(Bed012.w.215)..id(Bed012.w.232)"/>
   </dialogueact>
   <dialogueact nite:id="Bed012.C.dialogueact27" starttime="161.49" endtime="163.98" type="qrr^rt" adjacency="5a+" original-type="qrr^rt" channel="c3" participant="me003">
      <nite:child href="Bed012.C.words.xml#id(Bed012.w.233)..id(Bed012.w.240)"/>
   </dialogueact>
   <dialogueact nite:id="Bed012.C.dialogueact29" starttime="172.02" endtime="172.54" type="s^bk" adjacency="6b" original-type="s^bk" channel="c3" participant="me003">
      <nite:child href="Bed012.C.words.xml#id(Bed012.w.254)..id(Bed012.w.257)"/>
   </dialogueact>
   <dialogueact nite:id="Bed012.C.dialogueact30" starttime="172.54" endtime="174.1" type="qw^rt" adjacency="7a" original-type="qw^rt" channel="c3" participant="me003">
      <nite:child href="Bed012.C.words.xml#id(Bed012.w.258)..id(Bed012.w.266)"/>
   </dialogueact>
   <dialogueact nite:id="Bed012.C.dialogueact32" starttime="181.809" endtime="182.109" type="s^bk" adjacency="8b" original-type="s^bk" channel="c3" participant="me003">
      <nite:child href="Bed012.C.words.xml#id(Bed012.w.282)..id(Bed012.w.283)"/>
   </dialogueact>
   <dialogueact nite:id="Bed012.C.dialogueact37" starttime="189.61" endtime="195.22" type="fg|qy^rt" adjacency="9a" original-type="fg|qy^rt" channel="c3" participant="me003">
      <nite:child href="Bed012.C.words.xml#id(Bed012.w.317)..id(Bed012.w.353)"/>
   </dialogueact>
   <dialogueact nite:id="Bed012.C.dialogueact42" starttime="216.36" endtime="218.23" type="s^bu" original-type="s^bu" channel="c3" participant="me003">
      <nite:child href="Bed012.C.words.xml#id(Bed012.w.416)..id(Bed012.w.426)"/>
   </dialogueact>
   <dialogueact nite:id="Bed012.C.dialogueact43" starttime="218.23" endtime="219.51" type="qy^rt" adjacency="10a" original-type="qy^rt" channel="c3" participant="me003">
      <nite:child href="Bed012.C.words.xml#id(Bed012.w.427)..id(Bed012.w.434)"/>
   </dialogueact>
   <dialogueact nite:id="Bed012.C.dialogueact44" starttime="219.51" endtime="220.65" type="qy^bu^e^rt" adjacency="10a+" original-type="qy^bu^e^rt" channel="c3" participant="me003">
      <nite:child href="Bed012.C.words.xml#id(Bed012.w.435)..id(Bed012.w.438)"/>
   </dialogueact>
   <dialogueact nite:id="Bed012.C.dialogueact46" starttime="222.12" endtime="222.25" type="s^bk" adjacency="11b" original-type="s^bk" channel="c3" participant="me003">
      <nite:child href="Bed012.C.words.xml#id(Bed012.w.441)..id(Bed012.w.442)"/>
   </dialogueact>
   <dialogueact nite:id="Bed012.C.dialogueact50" starttime="238.79" endtime="244.053" type="qy^bu^d^rt" adjacency="12a" original-type="qy^bu^d^rt" channel="c3" participant="me003">
      <nite:child href="Bed012.C.words.xml#id(Bed012.w.480)..id(Bed012.w.493)"/>
   </dialogueact>
   <dialogueact nite:id="Bed012.C.dialogueact51" starttime="244.363" endtime="247.513" type="s^e^rt" adjacency="12a+" original-type="s^e^rt" channel="c3" participant="me003">
      <nite:child href="Bed012.C.words.xml#id(Bed012.w.494)..id(Bed012.w.510)"/>
   </dialogueact>
   <dialogueact nite:id="Bed012.C.dialogueact53" starttime="252.67" endtime="252.96" type="%-" original-type="%-" channel="c3" participant="me003">
      <nite:child href="Bed012.C.words.xml#id(Bed012.w.524)..id(Bed012.disfmarker.21)"/>
   </dialogueact>
   <dialogueact nite:id="Bed012.C.dialogueact55" starttime="254.43" endtime="259.11" type="s" original-type="s" channel="c3" participant="me003">
      <nite:child href="Bed012.C.words.xml#id(Bed012.w.534)..id(Bed012.w.556)"/>
   </dialogueact>
   <dialogueact nite:id="Bed012.C.dialogueact57" starttime="259.11" endtime="259.43" type="qy^d^g^rt" original-type="qy^d^g^rt" channel="c3" participant="me003">
      <nite:child href="Bed012.C.words.xml#id(Bed012.w.557)..id(Bed012.w.558)"/>
   </dialogueact>
   <dialogueact nite:id="Bed012.C.dialogueact58" starttime="260.2" endtime="261.42" type="s^e" adjacency="13a" original-type="s^e" channel="c3" participant="me003">
      <nite:child href="Bed012.C.words.xml#id(Bed012.w.559)..id(Bed012.w.565)"/>
   </dialogueact>
   <dialogueact nite:id="Bed012.C.dialogueact59" starttime="261.88" endtime="262.56" type="s^no" original-type="s^no" channel="c3" participant="me003">
      <nite:child href="Bed012.C.words.xml#id(Bed012.w.566)..id(Bed012.w.570)"/>
   </dialogueact>
   <dialogueact nite:id="Bed012.C.dialogueact62" starttime="265.3" endtime="266.66" type="qy.%-" adjacency="14a" original-type="qy.%-" channel="c3" participant="me003">
      <nite:child href="Bed012.C.words.xml#id(Bed012.w.581)..id(Bed012.disfmarker.24)"/>
   </dialogueact>
   <dialogueact nite:id="Bed012.C.dialogueact64" starttime="268.56" endtime="268.95" type="s^aa" adjacency="15b" original-type="s^aa" channel="c3" participant="me003">
      <nite:child href="Bed012.C.words.xml#id(Bed012.w.594)..id(Bed012.w.595)"/>
   </dialogueact>
   <dialogueact nite:id="Bed012.C.dialogueact65" starttime="269.518" endtime="271.488" type="qy^bu^rt" adjacency="16a" original-type="qy^bu^rt" channel="c3" participant="me003">
      <nite:child href="Bed012.C.words.xml#id(Bed012.w.596)..id(Bed012.w.605)"/>
   </dialogueact>
   <dialogueact nite:id="Bed012.C.dialogueact67" starttime="272.556" endtime="272.766" type="s^bk" adjacency="17b" original-type="s^bk" channel="c3" participant="me003">
      <nite:child href="Bed012.C.words.xml#id(Bed012.w.608)..id(Bed012.w.609)"/>
   </dialogueact>
   <dialogueact nite:id="Bed012.C.dialogueact78" starttime="314.629" endtime="317.029" type="qy^bu^d^m" adjacency="18a" original-type="qy^bu^d^m" channel="c3" participant="me003">
      <nite:child href="Bed012.C.words.xml#id(Bed012.w.736)..id(Bed012.w.747)"/>
   </dialogueact>
   <dialogueact nite:id="Bed012.C.dialogueact82" starttime="323.42" endtime="323.67" type="s^bk" adjacency="19b" original-type="s^bk" channel="c3" participant="me003">
      <nite:child href="Bed012.C.words.xml#id(Bed012.w.759)..id(Bed012.w.760)"/>
   </dialogueact>
   <dialogueact nite:id="Bed012.C.dialogueact88" starttime="351.712" endtime="354.412" type="qy^rt" original-type="qy^rt" channel="c3" participant="me003">
      <nite:child href="Bed012.C.words.xml#id(Bed012.w.829)..id(Bed012.w.845)"/>
   </dialogueact>
   <dialogueact nite:id="Bed012.C.dialogueact89" starttime="354.412" endtime="357.142" type="s^e.%--" original-type="s^e.%--" channel="c3" participant="me003">
      <nite:child href="Bed012.C.words.xml#id(Bed012.w.846)..id(Bed012.disfmarker.37)"/>
   </dialogueact>
   <dialogueact nite:id="Bed012.C.dialogueact90" starttime="358.59" endtime="367.35" type="qy^bu^d^rt" adjacency="20a" original-type="qy^bu^d^rt" channel="c3" participant="me003">
      <nite:child href="Bed012.C.words.xml#id(Bed012.w.859)..id(Bed012.w.894)"/>
   </dialogueact>
   <dialogueact nite:id="Bed012.C.dialogueact96" starttime="394.44" endtime="394.67" type="s^bk" adjacency="21b" original-type="s^bk" channel="c3" participant="me003">
      <nite:child href="Bed012.C.words.xml#id(Bed012.w.961)..id(Bed012.w.962)"/>
   </dialogueact>
   <dialogueact nite:id="Bed012.C.dialogueact98" starttime="400.627" endtime="401.327" type="s^aa" adjacency="22b" original-type="s^aa" channel="c3" participant="me003">
      <nite:child href="Bed012.C.words.xml#id(Bed012.w.981)..id(Bed012.w.986)"/>
   </dialogueact>
   <dialogueact nite:id="Bed012.C.dialogueact99" starttime="401.327" endtime="402.907" type="s^bk" adjacency="22b+" original-type="s^bk" channel="c3" participant="me003">
      <nite:child href="Bed012.C.words.xml#id(Bed012.w.987)..id(Bed012.w.998)"/>
   </dialogueact>
   <dialogueact nite:id="Bed012.C.dialogueact107" starttime="426.412" endtime="427.892" type="qy^bu^d^rt" adjacency="23a" original-type="qy^bu^d^rt" channel="c3" participant="me003">
      <nite:child href="Bed012.C.words.xml#id(Bed012.w.1,070)..id(Bed012.w.1,077)"/>
   </dialogueact>
   <dialogueact nite:id="Bed012.C.dialogueact108" starttime="427.892" endtime="428.392" type="qy^d^g^rt" adjacency="23a+" original-type="qy^d^g^rt" channel="c3" participant="me003">
      <nite:child href="Bed012.C.words.xml#id(Bed012.w.1,078)..id(Bed012.w.1,079)"/>
   </dialogueact>
   <dialogueact nite:id="Bed012.C.dialogueact113" starttime="434.507" endtime="436.987" type="s" adjacency="24b.25a" original-type="s" channel="c3" participant="me003">
      <nite:child href="Bed012.C.words.xml#id(Bed012.w.1,104)..id(Bed012.w.1,118)"/>
   </dialogueact>
   <dialogueact nite:id="Bed012.C.dialogueact115" starttime="436.987" endtime="437.217" type="qy^d^g^rt" adjacency="25a+" original-type="qy^d^g^rt" channel="c3" participant="me003">
      <nite:child href="Bed012.C.words.xml#id(Bed012.w.1,119)..id(Bed012.w.1,120)"/>
   </dialogueact>
   <dialogueact nite:id="Bed012.C.dialogueact118" starttime="442.08" endtime="447.09" type="s:s" original-type="s:s" channel="c3" participant="me003">
      <nite:child href="Bed012.C.words.xml#id(Bed012.w.1,141)..id(Bed012.w.1,162)"/>
   </dialogueact>
   <dialogueact nite:id="Bed012.C.dialogueact120" starttime="450.2" endtime="452.12" type="s.%--" original-type="s.%--" channel="c3" participant="me003">
      <nite:child href="Bed012.C.words.xml#id(Bed012.w.1,172)..id(Bed012.w.1,185)"/>
   </dialogueact>
   <dialogueact nite:id="Bed012.C.dialogueact122" starttime="452.12" endtime="452.56" type="s" original-type="s" channel="c3" participant="me003">
      <nite:child href="Bed012.C.words.xml#id(Bed012.w.1,186)..id(Bed012.w.1,188)"/>
   </dialogueact>
   <dialogueact nite:id="Bed012.C.dialogueact129" starttime="477.68" endtime="484.69" type="qy^rt" adjacency="26a" original-type="qy^rt" channel="c3" participant="me003">
      <nite:child href="Bed012.C.words.xml#id(Bed012.w.1,242)..id(Bed012.w.1,272)"/>
   </dialogueact>
   <dialogueact nite:id="Bed012.C.dialogueact133" starttime="495.621" endtime="497.081" type="s^nd" adjacency="27b" original-type="s^nd" channel="c3" participant="me003">
      <nite:child href="Bed012.C.words.xml#id(Bed012.w.1,288)..id(Bed012.w.1,301)"/>
   </dialogueact>
   <dialogueact nite:id="Bed012.C.dialogueact134" starttime="497.081" endtime="498.521" type="s^ng.%-" adjacency="27b+.28a" original-type="s^ng.%-" channel="c3" participant="me003">
      <nite:child href="Bed012.C.words.xml#id(Bed012.w.1,302)..id(Bed012.disfmarker.52)"/>
   </dialogueact>
   <dialogueact nite:id="Bed012.C.dialogueact145" starttime="537.41" endtime="537.73" type="s^bk" adjacency="29b" original-type="s^bk" channel="c3" participant="me003">
      <nite:child href="Bed012.C.words.xml#id(Bed012.w.1,420)..id(Bed012.w.1,421)"/>
   </dialogueact>
   <dialogueact nite:id="Bed012.C.dialogueact159" starttime="653.88" endtime="654.78" type="s" adjacency="1b.2a" original-type="s" channel="c3" participant="me003">
      <nite:child href="Bed012.C.words.xml#id(Bed012.w.1,539)..id(Bed012.w.1,546)"/>
   </dialogueact>
   <dialogueact nite:id="Bed012.C.dialogueact163" starttime="662.91" endtime="664.37" type="s^cs.%-" original-type="s^cs.%-" channel="c3" participant="me003">
      <nite:child href="Bed012.C.words.xml#id(Bed012.w.1,561)..id(Bed012.disfmarker.64)"/>
   </dialogueact>
   <dialogueact nite:id="Bed012.C.dialogueact167" starttime="691.11" endtime="700.46" type="fg|qy^rt" original-type="fg|qy^rt" channel="c3" participant="me003">
      <nite:child href="Bed012.C.words.xml#id(Bed012.w.1,619)..id(Bed012.w.1,641)"/>
   </dialogueact>
   <dialogueact nite:id="Bed012.C.dialogueact168" starttime="701.27" endtime="705.81" type="s.%--" original-type="s.%--" channel="c3" participant="me003">
      <nite:child href="Bed012.C.words.xml#id(Bed012.w.1,642)..id(Bed012.disfmarker.68)"/>
   </dialogueact>
   <dialogueact nite:id="Bed012.C.dialogueact169" starttime="705.81" endtime="707.29" type="s^bu" original-type="s^bu" channel="c3" participant="me003">
      <nite:child href="Bed012.C.words.xml#id(Bed012.w.1,650)..id(Bed012.w.1,661)"/>
   </dialogueact>
   <dialogueact nite:id="Bed012.C.dialogueact170" starttime="707.29" endtime="707.51" type="qy^d^g^rt" original-type="qy^d^g^rt" channel="c3" participant="me003">
      <nite:child href="Bed012.C.words.xml#id(Bed012.w.1,662)..id(Bed012.w.1,663)"/>
   </dialogueact>
   <dialogueact nite:id="Bed012.C.dialogueact171" starttime="707.51" endtime="709.34" type="qy^bu^rt" adjacency="4a" original-type="qy^bu^rt" channel="c3" participant="me003">
      <nite:child href="Bed012.C.words.xml#id(Bed012.w.1,664)..id(Bed012.w.1,673)"/>
   </dialogueact>
   <dialogueact nite:id="Bed012.C.dialogueact172" starttime="710.03" endtime="710.67" type="s^e.%--" original-type="s^e.%--" channel="c3" participant="me003">
      <nite:child href="Bed012.C.words.xml#id(Bed012.w.1,674)..id(Bed012.disfmarker.69)"/>
   </dialogueact>
   <dialogueact nite:id="Bed012.C.dialogueact178" starttime="726.99" endtime="734.91" type="s" adjacency="5b.6a" original-type="s" channel="c3" participant="me003">
      <nite:child href="Bed012.C.words.xml#id(Bed012.w.1,763)..id(Bed012.w.1,793)"/>
   </dialogueact>
   <dialogueact nite:id="Bed012.C.dialogueact188" starttime="779.432" endtime="779.642" type="%-" original-type="%-" channel="c3" participant="me003">
      <nite:child href="Bed012.C.words.xml#id(Bed012.w.1,915)"/>
   </dialogueact>
   <dialogueact nite:id="Bed012.C.dialogueact189" starttime="781.812" endtime="782.922" type="s^e" adjacency="7b.8a" original-type="s^e" channel="c3" participant="me003">
      <nite:child href="Bed012.C.words.xml#id(Bed012.w.1,917)..id(Bed012.w.1,925)"/>
   </dialogueact>
   <dialogueact nite:id="Bed012.C.dialogueact190" starttime="782.922" endtime="784.202" type="s^e" adjacency="8b+" original-type="s^e" channel="c3" participant="me003">
      <nite:child href="Bed012.C.words.xml#id(Bed012.w.1,926)..id(Bed012.w.1,934)"/>
   </dialogueact>
   <dialogueact nite:id="Bed012.C.dialogueact192" starttime="784.542" endtime="790.983" type="s^df" original-type="s^df" channel="c3" participant="me003">
      <nite:child href="Bed012.C.words.xml#id(Bed012.w.1,935)..id(Bed012.w.1,966)"/>
   </dialogueact>
   <dialogueact nite:id="Bed012.C.dialogueact193" starttime="790.983" endtime="795.708" type="s" original-type="s" channel="c3" participant="me003">
      <nite:child href="Bed012.C.words.xml#id(Bed012.w.1,967)..id(Bed012.w.1,982)"/>
   </dialogueact>
   <dialogueact nite:id="Bed012.C.dialogueact194" starttime="795.708" endtime="797.208" type="s.%--" original-type="s.%--" channel="c3" participant="me003">
      <nite:child href="Bed012.C.words.xml#id(Bed012.w.1,983)..id(Bed012.w.1,991)"/>
   </dialogueact>
   <dialogueact nite:id="Bed012.C.dialogueact195" starttime="797.208" endtime="797.468" type="qy^d^f^g^rt" original-type="qy^d^f^g^rt" channel="c3" participant="me003">
      <nite:child href="Bed012.C.words.xml#id(Bed012.w.1,992)..id(Bed012.w.1,993)"/>
   </dialogueact>
   <dialogueact nite:id="Bed012.C.dialogueact197" starttime="798.17" endtime="800.37" type="s^cs:s" original-type="s^cs:s" channel="c3" participant="me003">
      <nite:child href="Bed012.C.words.xml#id(Bed012.w.1,996)..id(Bed012.w.2,012)"/>
   </dialogueact>
   <dialogueact nite:id="Bed012.C.dialogueact198" starttime="800.838" endtime="805.758" type="s" original-type="s" channel="c3" participant="me003">
      <nite:child href="Bed012.C.words.xml#id(Bed012.w.2,013)..id(Bed012.w.2,037)"/>
   </dialogueact>
   <dialogueact nite:id="Bed012.C.dialogueact200" starttime="806.54" endtime="808.01" type="s^df^e" original-type="s^df^e" channel="c3" participant="me003">
      <nite:child href="Bed012.C.words.xml#id(Bed012.w.2,042)..id(Bed012.w.2,049)"/>
   </dialogueact>
   <dialogueact nite:id="Bed012.C.dialogueact201" starttime="808.17" endtime="812.14" type="s" adjacency="9a" original-type="s" channel="c3" participant="me003">
      <nite:child href="Bed012.C.words.xml#id(Bed012.w.2,050)..id(Bed012.w.2,073)"/>
   </dialogueact>
   <dialogueact nite:id="Bed012.C.dialogueact203" starttime="814.311" endtime="817.141" type="s" original-type="s" channel="c3" participant="me003">
      <nite:child href="Bed012.C.words.xml#id(Bed012.w.2,076)..id(Bed012.w.2,096)"/>
   </dialogueact>
   <dialogueact nite:id="Bed012.C.dialogueact205" starttime="817.141" endtime="820.951" type="s^df" original-type="s^df" channel="c3" participant="me003">
      <nite:child href="Bed012.C.words.xml#id(Bed012.w.2,097)..id(Bed012.w.2,115)"/>
   </dialogueact>
   <dialogueact nite:id="Bed012.C.dialogueact207" starttime="821.66" endtime="823.47" type="s.%--" original-type="s.%--" channel="c3" participant="me003">
      <nite:child href="Bed012.C.words.xml#id(Bed012.w.2,120)..id(Bed012.disfmarker.87)"/>
   </dialogueact>
   <dialogueact nite:id="Bed012.C.dialogueact209" starttime="830.79" endtime="833.56" type="s^aa|s^bs" adjacency="10b.11a" original-type="s^aa|s^bs" channel="c3" participant="me003">
      <nite:child href="Bed012.C.words.xml#id(Bed012.w.2,156)..id(Bed012.w.2,173)"/>
   </dialogueact>
   <dialogueact nite:id="Bed012.C.dialogueact212" starttime="836.193" endtime="837.903" type="s:qw" adjacency="12b" original-type="s:qw" channel="c3" participant="me003">
      <nite:child href="Bed012.C.words.xml#id(Bed012.w.2,187)..id(Bed012.w.2,199)"/>
   </dialogueact>
   <dialogueact nite:id="Bed012.C.dialogueact213" starttime="838.183" endtime="839.793" type="s:qw" original-type="s:qw" channel="c3" participant="me003">
      <nite:child href="Bed012.C.words.xml#id(Bed012.w.2,200)..id(Bed012.w.2,212)"/>
   </dialogueact>
   <dialogueact nite:id="Bed012.C.dialogueact217" starttime="856.4" endtime="857.18" type="s" original-type="s" channel="c3" participant="me003">
      <nite:child href="Bed012.C.words.xml#id(Bed012.w.2,262)..id(Bed012.w.2,269)"/>
   </dialogueact>
   <dialogueact nite:id="Bed012.C.dialogueact219" starttime="860.347" endtime="862.837" type="s^2" adjacency="13a" original-type="s^2" channel="c3" participant="me003">
      <nite:child href="Bed012.C.words.xml#id(Bed012.w.2,276)..id(Bed012.w.2,289)"/>
   </dialogueact>
   <dialogueact nite:id="Bed012.C.dialogueact220" starttime="869.69" endtime="872.11" type="s" original-type="s" channel="c3" participant="me003">
      <nite:child href="Bed012.C.words.xml#id(Bed012.w.2,301)..id(Bed012.w.2,319)"/>
   </dialogueact>
   <dialogueact nite:id="Bed012.C.dialogueact221" starttime="872.11" endtime="873.05" type="s" original-type="s" channel="c3" participant="me003">
      <nite:child href="Bed012.C.words.xml#id(Bed012.w.2,320)..id(Bed012.w.2,326)"/>
   </dialogueact>
   <dialogueact nite:id="Bed012.C.dialogueact222" starttime="875.015" endtime="882.585" type="s^cs" adjacency="14a" original-type="s^cs" channel="c3" participant="me003">
      <nite:child href="Bed012.C.words.xml#id(Bed012.w.2,327)..id(Bed012.w.2,362)"/>
   </dialogueact>
   <dialogueact nite:id="Bed012.C.dialogueact225" starttime="885.17" endtime="885.44" type="s^e" original-type="s^e" channel="c3" participant="me003">
      <nite:child href="Bed012.C.words.xml#id(Bed012.w.2,369)"/>
   </dialogueact>
   <dialogueact nite:id="Bed012.C.dialogueact226" starttime="885.991" endtime="886.241" type="s^e" original-type="s^e" channel="c3" participant="me003">
      <nite:child href="Bed012.C.words.xml#id(Bed012.w.2,370)"/>
   </dialogueact>
   <dialogueact nite:id="Bed012.C.dialogueact227" starttime="887.013" endtime="887.303" type="s^e" original-type="s^e" channel="c3" participant="me003">
      <nite:child href="Bed012.C.words.xml#id(Bed012.w.2,371)..id(Bed012.w.2,372)"/>
   </dialogueact>
   <dialogueact nite:id="Bed012.C.dialogueact228" starttime="887.943" endtime="888.633" type="fh" original-type="fh" channel="c3" participant="me003">
      <nite:child href="Bed012.C.words.xml#id(Bed012.w.2,373)..id(Bed012.disfmarker.94)"/>
   </dialogueact>
   <dialogueact nite:id="Bed012.C.dialogueact237" starttime="909.522" endtime="909.872" type="%-" original-type="%-" channel="c3" participant="me003">
      <nite:child href="Bed012.C.words.xml#id(Bed012.w.2,421)..id(Bed012.w.2,422)"/>
   </dialogueact>
   <dialogueact nite:id="Bed012.C.dialogueact239" starttime="910.8" endtime="915.42" type="s" adjacency="15b.16a" original-type="s" channel="c3" participant="me003">
      <nite:child href="Bed012.C.words.xml#id(Bed012.w.2,428)..id(Bed012.w.2,461)"/>
   </dialogueact>
   <dialogueact nite:id="Bed012.C.dialogueact240" starttime="915.42" endtime="915.82" type="qy^d^g^rt" adjacency="16a+" original-type="qy^d^g^rt" channel="c3" participant="me003">
      <nite:child href="Bed012.C.words.xml#id(Bed012.w.2,462)..id(Bed012.w.2,464)"/>
   </dialogueact>
   <dialogueact nite:id="Bed012.C.dialogueact242" starttime="917.792" endtime="918.092" type="s.%--" original-type="s.%--" channel="c3" participant="me003">
      <nite:child href="Bed012.C.words.xml#id(Bed012.w.2,469)..id(Bed012.w.2,472)"/>
   </dialogueact>
   <dialogueact nite:id="Bed012.C.dialogueact243" starttime="919.646" endtime="919.766" type="s^fe" original-type="s^fe" channel="c3" participant="me003">
      <nite:child href="Bed012.C.words.xml#id(Bed012.w.2,473)..id(Bed012.w.2,474)"/>
   </dialogueact>
   <dialogueact nite:id="Bed012.C.dialogueact244" starttime="920.208" endtime="921.588" type="s^cc" original-type="s^cc" channel="c3" participant="me003">
      <nite:child href="Bed012.C.words.xml#id(Bed012.w.2,475)..id(Bed012.w.2,485)"/>
   </dialogueact>
   <dialogueact nite:id="Bed012.C.dialogueact245" starttime="922.77" endtime="923.42" type="s^co" original-type="s^co" channel="c3" participant="me003">
      <nite:child href="Bed012.C.words.xml#id(Bed012.w.2,486)..id(Bed012.w.2,491)"/>
   </dialogueact>
   <dialogueact nite:id="Bed012.C.dialogueact246" starttime="923.42" endtime="923.84" type="s^co" original-type="s^co" channel="c3" participant="me003">
      <nite:child href="Bed012.C.words.xml#id(Bed012.w.2,492)..id(Bed012.w.2,494)"/>
   </dialogueact>
   <dialogueact nite:id="Bed012.C.dialogueact247" starttime="924.541" endtime="925.541" type="s^df" adjacency="17a" original-type="s^df" channel="c3" participant="me003">
      <nite:child href="Bed012.C.words.xml#id(Bed012.w.2,495)..id(Bed012.w.2,503)"/>
   </dialogueact>
   <dialogueact nite:id="Bed012.C.dialogueact248" starttime="925.651" endtime="925.991" type="s" original-type="s" channel="c3" participant="me003">
      <nite:child href="Bed012.C.words.xml#id(Bed012.w.2,504)..id(Bed012.w.2,507)"/>
   </dialogueact>
   <dialogueact nite:id="Bed012.C.dialogueact249" starttime="927.549" endtime="928.249" type="s^df" adjacency="18b" original-type="s^df" channel="c3" participant="me003">
      <nite:child href="Bed012.C.words.xml#id(Bed012.w.2,514)..id(Bed012.w.2,519)"/>
   </dialogueact>
   <dialogueact nite:id="Bed012.C.dialogueact250" starttime="929.124" endtime="932.104" type="s^df" adjacency="18b+" original-type="s^df" channel="c3" participant="me003">
      <nite:child href="Bed012.C.words.xml#id(Bed012.w.2,520)..id(Bed012.w.2,535)"/>
   </dialogueact>
   <dialogueact nite:id="Bed012.C.dialogueact251" starttime="935.86" endtime="937.36" type="s^j" original-type="s^j" channel="c3" participant="me003">
      <nite:child href="Bed012.C.words.xml#id(Bed012.w.2,536)..id(Bed012.w.2,547)"/>
   </dialogueact>
   <dialogueact nite:id="Bed012.C.dialogueact252" starttime="938.3" endtime="944.61" type="s^rt" original-type="s^rt" channel="c3" participant="me003">
      <nite:child href="Bed012.C.words.xml#id(Bed012.w.2,548)..id(Bed012.w.2,574)"/>
   </dialogueact>
   <dialogueact nite:id="Bed012.C.dialogueact253" starttime="945.256" endtime="946.926" type="s^ba" original-type="s^ba" channel="c3" participant="me003">
      <nite:child href="Bed012.C.words.xml#id(Bed012.w.2,575)..id(Bed012.w.2,582)"/>
   </dialogueact>
   <dialogueact nite:id="Bed012.C.dialogueact255" starttime="952.14" endtime="952.64" type="s^m" adjacency="19b-1.20a" original-type="s^m" channel="c3" participant="me003">
      <nite:child href="Bed012.C.words.xml#id(Bed012.w.2,594)..id(Bed012.w.2,596)"/>
   </dialogueact>
   <dialogueact nite:id="Bed012.C.dialogueact264" starttime="962.48" endtime="963.62" type="s" adjacency="23b" original-type="s" channel="c3" participant="me003">
      <nite:child href="Bed012.C.words.xml#id(Bed012.w.2,625)..id(Bed012.w.2,632)"/>
   </dialogueact>
   <dialogueact nite:id="Bed012.C.dialogueact265" starttime="964.94" endtime="965.08" type="s^co" original-type="s^co" channel="c3" participant="me003">
      <nite:child href="Bed012.C.words.xml#id(Bed012.w.2,635)..id(Bed012.w.2,638)"/>
   </dialogueact>
   <dialogueact nite:id="Bed012.C.dialogueact267" starttime="965.08" endtime="965.35" type="s" original-type="s" channel="c3" participant="me003">
      <nite:child href="Bed012.C.words.xml#id(Bed012.w.2,639)..id(Bed012.w.2,642)"/>
   </dialogueact>
   <dialogueact nite:id="Bed012.C.dialogueact268" starttime="965.35" endtime="966.07" type="s^e" original-type="s^e" channel="c3" participant="me003">
      <nite:child href="Bed012.C.words.xml#id(Bed012.w.2,643)..id(Bed012.w.2,646)"/>
   </dialogueact>
   <dialogueact nite:id="Bed012.C.dialogueact269" starttime="967.34" endtime="968.41" type="s^na" adjacency="23b+" original-type="s^na" channel="c3" participant="me003">
      <nite:child href="Bed012.C.words.xml#id(Bed012.w.2,647)..id(Bed012.w.2,655)"/>
   </dialogueact>
   <dialogueact nite:id="Bed012.C.dialogueact270" starttime="969.11" endtime="970.06" type="s^j" adjacency="24a" original-type="s^j" channel="c3" participant="me003">
      <nite:child href="Bed012.C.words.xml#id(Bed012.w.2,656)..id(Bed012.w.2,660)"/>
   </dialogueact>
   <dialogueact nite:id="Bed012.C.dialogueact273" starttime="973.61" endtime="975.11" type="qy^rt" adjacency="25a" original-type="qy^rt" channel="c3" participant="me003">
      <nite:child href="Bed012.C.words.xml#id(Bed012.w.2,669)..id(Bed012.w.2,679)"/>
   </dialogueact>
   <dialogueact nite:id="Bed012.C.dialogueact275" starttime="975.18" endtime="975.5" type="s^bk" adjacency="26b" original-type="s^bk" channel="c3" participant="me003">
      <nite:child href="Bed012.C.words.xml#id(Bed012.w.2,680)..id(Bed012.w.2,681)"/>
   </dialogueact>
   <dialogueact nite:id="Bed012.C.dialogueact276" starttime="977.1" endtime="978.12" type="s^bu" adjacency="27a" original-type="s^bu" channel="c3" participant="me003">
      <nite:child href="Bed012.C.words.xml#id(Bed012.w.2,684)..id(Bed012.w.2,692)"/>
   </dialogueact>
   <dialogueact nite:id="Bed012.C.dialogueact277" starttime="978.12" endtime="979.0" type="qy^d" adjacency="28a" original-type="qy^d" channel="c3" participant="me003">
      <nite:child href="Bed012.C.words.xml#id(Bed012.w.2,693)..id(Bed012.w.2,699)"/>
   </dialogueact>
   <dialogueact nite:id="Bed012.C.dialogueact282" starttime="983.31" endtime="983.93" type="s^fe^j" original-type="s^fe^j" channel="c3" participant="me003">
      <nite:child href="Bed012.C.words.xml#id(Bed012.w.2,720)..id(Bed012.w.2,721)"/>
   </dialogueact>
   <dialogueact nite:id="Bed012.C.dialogueact292" starttime="1002.79" endtime="1005.93" type="qy^rt^t3" adjacency="30a" original-type="qy^rt^t3" channel="c3" participant="me003">
      <nite:child href="Bed012.C.words.xml#id(Bed012.w.2,785)..id(Bed012.w.2,803)"/>
   </dialogueact>
   <dialogueact nite:id="Bed012.C.dialogueact297" starttime="1011.81" endtime="1012.21" type="s^bk^t3" adjacency="31b" original-type="s^bk^t3" channel="c3" participant="me003">
      <nite:child href="Bed012.C.words.xml#id(Bed012.w.2,822)..id(Bed012.w.2,825)"/>
   </dialogueact>
   <dialogueact nite:id="Bed012.C.dialogueact298" starttime="1012.2" endtime="1012.49" type="s^fa^t3" adjacency="31b+" original-type="s^fa^t3" channel="c3" participant="me003">
      <nite:child href="Bed012.C.words.xml#id(Bed012.w.2,826)..id(Bed012.w.2,827)"/>
   </dialogueact>
   <dialogueact nite:id="Bed012.C.dialogueact301" starttime="1022.31" endtime="1025.32" type="s^bu" adjacency="32b.33a" original-type="s^bu" channel="c3" participant="me003">
      <nite:child href="Bed012.C.words.xml#id(Bed012.w.2,871)..id(Bed012.w.2,888)"/>
   </dialogueact>
   <dialogueact nite:id="Bed012.C.dialogueact302" starttime="1025.55" endtime="1025.8" type="qy^d^g^rt" adjacency="33a+" original-type="qy^d^g^rt" channel="c3" participant="me003">
      <nite:child href="Bed012.C.words.xml#id(Bed012.w.2,889)..id(Bed012.w.2,890)"/>
   </dialogueact>
   <dialogueact nite:id="Bed012.C.dialogueact303" starttime="1026.47" endtime="1026.72" type="%--" original-type="%--" channel="c3" participant="me003">
      <nite:child href="Bed012.C.words.xml#id(Bed012.w.2,891)..id(Bed012.w.2,892)"/>
   </dialogueact>
   <dialogueact nite:id="Bed012.C.dialogueact304" starttime="1028.36" endtime="1030.96" type="s" original-type="s" channel="c3" participant="me003">
      <nite:child href="Bed012.C.words.xml#id(Bed012.w.2,893)..id(Bed012.w.2,909)"/>
   </dialogueact>
   <dialogueact nite:id="Bed012.C.dialogueact305" starttime="1030.96" endtime="1034.04" type="s:qw" original-type="s:qw" channel="c3" participant="me003">
      <nite:child href="Bed012.C.words.xml#id(Bed012.w.2,910)..id(Bed012.w.2,927)"/>
   </dialogueact>
   <dialogueact nite:id="Bed012.C.dialogueact310" starttime="1037.12" endtime="1041.01" type="s^nd" adjacency="34b.35a" original-type="s^nd" channel="c3" participant="me003">
      <nite:child href="Bed012.C.words.xml#id(Bed012.w.2,959)..id(Bed012.w.2,988)"/>
   </dialogueact>
   <dialogueact nite:id="Bed012.C.dialogueact311" starttime="1041.42" endtime="1043.55" type="s^e:qw" adjacency="35a+" original-type="s^e:qw" channel="c3" participant="me003">
      <nite:child href="Bed012.C.words.xml#id(Bed012.w.2,989)..id(Bed012.w.3,003)"/>
   </dialogueact>
   <dialogueact nite:id="Bed012.C.dialogueact326" starttime="1069.71" endtime="1070.9" type="s^bk" original-type="s^bk" channel="c3" participant="me003">
      <nite:child href="Bed012.C.words.xml#id(Bed012.w.3,096)..id(Bed012.w.3,105)"/>
   </dialogueact>
   <dialogueact nite:id="Bed012.C.dialogueact339" starttime="1098.67" endtime="1099.53" type="%-" original-type="%-" channel="c3" participant="me003">
      <nite:child href="Bed012.C.words.xml#id(Bed012.w.3,177)..id(Bed012.w.3,179)"/>
   </dialogueact>
   <dialogueact nite:id="Bed012.C.dialogueact343" starttime="1111.22" endtime="1113.24" type="qy^bu^rt" adjacency="37b-1.38a" original-type="qy^bu^rt" channel="c3" participant="me003">
      <nite:child href="Bed012.C.words.xml#id(Bed012.w.3,222)..id(Bed012.w.3,235)"/>
   </dialogueact>
   <dialogueact nite:id="Bed012.C.dialogueact345" starttime="1114.09" endtime="1114.5" type="%--" original-type="%--" channel="c3" participant="me003">
      <nite:child href="Bed012.C.words.xml#id(Bed012.w.3,238)..id(Bed012.disfmarker.116)"/>
   </dialogueact>
   <dialogueact nite:id="Bed012.C.dialogueact346" starttime="1116.21" endtime="1117.33" type="s" adjacency="38a+" original-type="s" channel="c3" participant="me003">
      <nite:child href="Bed012.C.words.xml#id(Bed012.w.3,239)..id(Bed012.w.3,245)"/>
   </dialogueact>
   <dialogueact nite:id="Bed012.C.dialogueact348" starttime="1119.54" endtime="1121.66" type="s^na^rt:s" adjacency="39b.40a" original-type="s^na^rt:s" channel="c3" participant="me003">
      <nite:child href="Bed012.C.words.xml#id(Bed012.w.3,254)..id(Bed012.w.3,269)"/>
   </dialogueact>
   <dialogueact nite:id="Bed012.C.dialogueact352" starttime="1127.12" endtime="1127.54" type="%-" original-type="%-" channel="c3" participant="me003">
      <nite:child href="Bed012.C.words.xml#id(Bed012.w.3,283)..id(Bed012.disfmarker.117)"/>
   </dialogueact>
   <dialogueact nite:id="Bed012.C.dialogueact354" starttime="1130.45" endtime="1131.39" type="%-" original-type="%-" channel="c3" participant="me003">
      <nite:child href="Bed012.C.words.xml#id(Bed012.w.3,302)..id(Bed012.w.3,304)"/>
   </dialogueact>
   <dialogueact nite:id="Bed012.C.dialogueact356" starttime="1132.69" endtime="1133.19" type="%-" original-type="%-" channel="c3" participant="me003">
      <nite:child href="Bed012.C.words.xml#id(Bed012.w.3,314)"/>
   </dialogueact>
   <dialogueact nite:id="Bed012.C.dialogueact363" starttime="1146.6" endtime="1152.89" type="s.%--" original-type="s.%--" channel="c3" participant="me003">
      <nite:child href="Bed012.C.words.xml#id(Bed012.w.3,372)..id(Bed012.disfmarker.121)"/>
   </dialogueact>
   <dialogueact nite:id="Bed012.C.dialogueact365" starttime="1153.17" endtime="1156.43" type="qw^rt" adjacency="42a" original-type="qw^rt" channel="c3" participant="me003">
      <nite:child href="Bed012.C.words.xml#id(Bed012.w.3,396)..id(Bed012.w.3,411)"/>
   </dialogueact>
   <dialogueact nite:id="Bed012.C.dialogueact368" starttime="1163.38" endtime="1163.78" type="s^2" adjacency="43b.44a" original-type="s^2" channel="c3" participant="me003">
      <nite:child href="Bed012.C.words.xml#id(Bed012.w.3,439)..id(Bed012.w.3,442)"/>
   </dialogueact>
   <dialogueact nite:id="Bed012.C.dialogueact370" starttime="1165.99" endtime="1169.56" type="s.%--" original-type="s.%--" channel="c3" participant="me003">
      <nite:child href="Bed012.C.words.xml#id(Bed012.w.3,447)..id(Bed012.disfmarker.126)"/>
   </dialogueact>
   <dialogueact nite:id="Bed012.C.dialogueact371" starttime="1171.83" endtime="1177.17" type="qy^rt" adjacency="45a" original-type="qy^rt" channel="c3" participant="me003">
      <nite:child href="Bed012.C.words.xml#id(Bed012.w.3,467)..id(Bed012.w.3,496)"/>
   </dialogueact>
   <dialogueact nite:id="Bed012.C.dialogueact372" starttime="1177.31" endtime="1182.1" type="s^df" adjacency="45a+" original-type="s^df" channel="c3" participant="me003">
      <nite:child href="Bed012.C.words.xml#id(Bed012.w.3,497)..id(Bed012.w.3,517)"/>
   </dialogueact>
   <dialogueact nite:id="Bed012.C.dialogueact373" starttime="1182.1" endtime="1182.37" type="qy^d^g^rt" adjacency="45a++" original-type="qy^d^g^rt" channel="c3" participant="me003">
      <nite:child href="Bed012.C.words.xml#id(Bed012.w.3,518)..id(Bed012.w.3,520)"/>
   </dialogueact>
   <dialogueact nite:id="Bed012.C.dialogueact375" starttime="1188.66" endtime="1190.14" type="s^na" adjacency="46b" original-type="s^na" channel="c3" participant="me003">
      <nite:child href="Bed012.C.words.xml#id(Bed012.w.3,532)..id(Bed012.w.3,542)"/>
   </dialogueact>
   <dialogueact nite:id="Bed012.C.dialogueact376" starttime="1190.47" endtime="1195.02" type="s^na.%--" original-type="s^na.%--" channel="c3" participant="me003">
      <nite:child href="Bed012.C.words.xml#id(Bed012.w.3,543)..id(Bed012.w.3,566)"/>
   </dialogueact>
   <dialogueact nite:id="Bed012.C.dialogueact377" starttime="1195.63" endtime="1197.2" type="s^df" original-type="s^df" channel="c3" participant="me003">
      <nite:child href="Bed012.C.words.xml#id(Bed012.w.3,567)..id(Bed012.w.3,574)"/>
   </dialogueact>
   <dialogueact nite:id="Bed012.C.dialogueact378" starttime="1197.2" endtime="1199.53" type="s^bu" original-type="s^bu" channel="c3" participant="me003">
      <nite:child href="Bed012.C.words.xml#id(Bed012.w.3,575)..id(Bed012.w.3,590)"/>
   </dialogueact>
   <dialogueact nite:id="Bed012.C.dialogueact379" starttime="1199.53" endtime="1199.77" type="qy^d^g^rt" original-type="qy^d^g^rt" channel="c3" participant="me003">
      <nite:child href="Bed012.C.words.xml#id(Bed012.w.3,591)..id(Bed012.w.3,592)"/>
   </dialogueact>
   <dialogueact nite:id="Bed012.C.dialogueact381" starttime="1201.0" endtime="1209.02" type="s^bu" adjacency="1a" original-type="s^bu" channel="c3" participant="me003">
      <nite:child href="Bed012.C.words.xml#id(Bed012.w.3,595)..id(Bed012.w.3,634)"/>
   </dialogueact>
   <dialogueact nite:id="Bed012.C.dialogueact384" starttime="1209.02" endtime="1209.27" type="qy^d^g^rt" adjacency="1a+" original-type="qy^d^g^rt" channel="c3" participant="me003">
      <nite:child href="Bed012.C.words.xml#id(Bed012.w.3,635)..id(Bed012.w.3,636)"/>
   </dialogueact>
   <dialogueact nite:id="Bed012.C.dialogueact387" starttime="1210.55" endtime="1211.75" type="s.%-" original-type="s.%-" channel="c3" participant="me003">
      <nite:child href="Bed012.C.words.xml#id(Bed012.w.3,641)..id(Bed012.disfmarker.134)"/>
   </dialogueact>
   <dialogueact nite:id="Bed012.C.dialogueact388" starttime="1211.88" endtime="1212.12" type="qw^rt" adjacency="2b" original-type="qw^rt" channel="c3" participant="me003">
      <nite:child href="Bed012.C.words.xml#id(Bed012.w.3,650)..id(Bed012.w.3,651)"/>
   </dialogueact>
   <dialogueact nite:id="Bed012.C.dialogueact399" starttime="1252.17" endtime="1261.93" type="qw^nd" adjacency="3b.4a" original-type="qw^nd" channel="c3" participant="me003">
      <nite:child href="Bed012.C.words.xml#id(Bed012.w.3,783)..id(Bed012.w.3,823)"/>
   </dialogueact>
   <dialogueact nite:id="Bed012.C.dialogueact401" starttime="1274.69" endtime="1276.61" type="s^arp|qw" original-type="s^arp|qw" channel="c3" participant="me003">
      <nite:child href="Bed012.C.words.xml#id(Bed012.w.3,860)..id(Bed012.w.3,873)"/>
   </dialogueact>
   <dialogueact nite:id="Bed012.C.dialogueact402" starttime="1279.05" endtime="1280.56" type="s^e" original-type="s^e" channel="c3" participant="me003">
      <nite:child href="Bed012.C.words.xml#id(Bed012.w.3,874)..id(Bed012.w.3,883)"/>
   </dialogueact>
   <dialogueact nite:id="Bed012.C.dialogueact403" starttime="1286.12" endtime="1291.66" type="s^cs" original-type="s^cs" channel="c3" participant="me003">
      <nite:child href="Bed012.C.words.xml#id(Bed012.w.3,884)..id(Bed012.w.3,917)"/>
   </dialogueact>
   <dialogueact nite:id="Bed012.C.dialogueact404" starttime="1292.53" endtime="1295.53" type="s^e" original-type="s^e" channel="c3" participant="me003">
      <nite:child href="Bed012.C.words.xml#id(Bed012.w.3,918)..id(Bed012.w.3,932)"/>
   </dialogueact>
   <dialogueact nite:id="Bed012.C.dialogueact406" starttime="1298.35" endtime="1299.03" type="qy^f^rt" adjacency="5a" original-type="qy^f^rt" channel="c3" participant="me003">
      <nite:child href="Bed012.C.words.xml#id(Bed012.w.3,937)..id(Bed012.w.3,941)"/>
   </dialogueact>
   <dialogueact nite:id="Bed012.C.dialogueact407" starttime="1300.11" endtime="1300.37" type="qy^d^rt" adjacency="5a+" original-type="qy^d^rt" channel="c3" participant="me003">
      <nite:child href="Bed012.C.words.xml#id(Bed012.w.3,942)..id(Bed012.w.3,943)"/>
   </dialogueact>
   <dialogueact nite:id="Bed012.C.dialogueact408" starttime="1300.37" endtime="1300.74" type="qy^d^rt" adjacency="5a++" original-type="qy^d^rt" channel="c3" participant="me003">
      <nite:child href="Bed012.C.words.xml#id(Bed012.w.3,944)..id(Bed012.w.3,945)"/>
   </dialogueact>
   <dialogueact nite:id="Bed012.C.dialogueact410" starttime="1301.4" endtime="1301.5" type="%-" original-type="%-" channel="c3" participant="me003">
      <nite:child href="Bed012.C.words.xml#id(Bed012.w.3,978)..id(Bed012.disfmarker.142)"/>
   </dialogueact>
   <dialogueact nite:id="Bed012.C.dialogueact412" starttime="1309.37" endtime="1313.01" type="s^ar|s.%--" adjacency="6b" original-type="s^ar|s.%--" channel="c3" participant="me003">
      <nite:child href="Bed012.C.words.xml#id(Bed012.w.3,984)..id(Bed012.w.4,004)"/>
   </dialogueact>
   <dialogueact nite:id="Bed012.C.dialogueact413" starttime="1313.01" endtime="1315.5" comment="FBH" type="s^co" original-type="s^co" channel="c3" participant="me003">
      <nite:child href="Bed012.C.words.xml#id(Bed012.w.4,005)..id(Bed012.w.4,016)"/>
   </dialogueact>
   <dialogueact nite:id="Bed012.C.dialogueact414" starttime="1315.5" endtime="1317.23" type="qy" adjacency="7a" original-type="qy" channel="c3" participant="me003">
      <nite:child href="Bed012.C.words.xml#id(Bed012.w.4,017)..id(Bed012.w.4,027)"/>
   </dialogueact>
   <dialogueact nite:id="Bed012.C.dialogueact415" starttime="1317.48" endtime="1318.25" type="qy^rt" adjacency="7a+" original-type="qy^rt" channel="c3" participant="me003">
      <nite:child href="Bed012.C.words.xml#id(Bed012.w.4,028)..id(Bed012.disfmarker.145)"/>
   </dialogueact>
   <dialogueact nite:id="Bed012.C.dialogueact416" starttime="1318.25" endtime="1318.5" type="qrr" adjacency="7a++" original-type="qrr" channel="c3" participant="me003">
      <nite:child href="Bed012.C.words.xml#id(Bed012.w.4,033)..id(Bed012.w.4,035)"/>
   </dialogueact>
   <dialogueact nite:id="Bed012.C.dialogueact419" starttime="1320.01" endtime="1320.81" type="s^bsc" adjacency="7a+++.8b" original-type="s^bsc" channel="c3" participant="me003">
      <nite:child href="Bed012.C.words.xml#id(Bed012.w.4,041)..id(Bed012.w.4,043)"/>
   </dialogueact>
   <dialogueact nite:id="Bed012.C.dialogueact424" starttime="1332.95" endtime="1333.6" type="%-" original-type="%-" channel="c3" participant="me003">
      <nite:child href="Bed012.C.words.xml#id(Bed012.w.4,101)"/>
   </dialogueact>
   <dialogueact nite:id="Bed012.C.dialogueact425" starttime="1335.1" endtime="1335.55" type="fg" original-type="fg" channel="c3" participant="me003">
      <nite:child href="Bed012.C.words.xml#id(Bed012.w.4,103)..id(Bed012.w.4,105)"/>
   </dialogueact>
   <dialogueact nite:id="Bed012.C.dialogueact426" starttime="1336.73" endtime="1338.08" type="s" original-type="s" channel="c3" participant="me003">
      <nite:child href="Bed012.C.words.xml#id(Bed012.w.4,106)..id(Bed012.w.4,112)"/>
   </dialogueact>
   <dialogueact nite:id="Bed012.C.dialogueact428" starttime="1339.0" endtime="1341.1" type="qw" adjacency="9a" original-type="qw" channel="c3" participant="me003">
      <nite:child href="Bed012.C.words.xml#id(Bed012.w.4,115)..id(Bed012.w.4,123)"/>
   </dialogueact>
   <dialogueact nite:id="Bed012.C.dialogueact435" starttime="1371.19" endtime="1371.48" type="b" original-type="b" channel="c3" participant="me003">
      <nite:child href="Bed012.C.words.xml#id(Bed012.w.4,210)..id(Bed012.w.4,211)"/>
   </dialogueact>
   <dialogueact nite:id="Bed012.C.dialogueact437" starttime="1377.12" endtime="1380.0" type="s^nd.%-" adjacency="10b.11a" original-type="s^nd.%-" channel="c3" participant="me003">
      <nite:child href="Bed012.C.words.xml#id(Bed012.w.4,230)..id(Bed012.disfmarker.155)"/>
   </dialogueact>
   <dialogueact nite:id="Bed012.C.dialogueact449" starttime="1418.5" endtime="1418.83" type="fg" original-type="fg" channel="c3" participant="me003">
      <nite:child href="Bed012.C.words.xml#id(Bed012.w.4,387)"/>
   </dialogueact>
   <dialogueact nite:id="Bed012.C.dialogueact450" starttime="1419.75" endtime="1420.61" type="s^nd" adjacency="14b" original-type="s^nd" channel="c3" participant="me003">
      <nite:child href="Bed012.C.words.xml#id(Bed012.w.4,389)..id(Bed012.w.4,394)"/>
   </dialogueact>
   <dialogueact nite:id="Bed012.C.dialogueact451" starttime="1420.61" endtime="1422.28" type="s.%-" adjacency="15a" original-type="s.%-" channel="c3" participant="me003">
      <nite:child href="Bed012.C.words.xml#id(Bed012.w.4,395)..id(Bed012.disfmarker.165)"/>
   </dialogueact>
   <dialogueact nite:id="Bed012.C.dialogueact453" starttime="1423.56" endtime="1424.75" type="qy.%-" original-type="qy.%-" channel="c3" participant="me003">
      <nite:child href="Bed012.C.words.xml#id(Bed012.w.4,413)..id(Bed012.w.4,418)"/>
   </dialogueact>
   <dialogueact nite:id="Bed012.C.dialogueact454" starttime="1425.24" endtime="1426.81" type="s^aa|qy^rt" adjacency="16b.17a" original-type="s^aa|qy^rt" channel="c3" participant="me003">
      <nite:child href="Bed012.C.words.xml#id(Bed012.w.4,419)..id(Bed012.w.4,428)"/>
   </dialogueact>
   <dialogueact nite:id="Bed012.C.dialogueact457" starttime="1434.85" endtime="1439.2" type="s^df" original-type="s^df" channel="c3" participant="me003">
      <nite:child href="Bed012.C.words.xml#id(Bed012.w.4,443)..id(Bed012.w.4,467)"/>
   </dialogueact>
   <dialogueact nite:id="Bed012.C.dialogueact460" starttime="1447.58" endtime="1447.8" type="fh" original-type="fh" channel="c3" participant="me003">
      <nite:child href="Bed012.C.words.xml#id(Bed012.w.4,486)"/>
   </dialogueact>
   <dialogueact nite:id="Bed012.C.dialogueact464" starttime="1452.15" endtime="1454.34" type="s.%-" adjacency="18a" original-type="s.%-" channel="c3" participant="me003">
      <nite:child href="Bed012.C.words.xml#id(Bed012.w.4,505)..id(Bed012.disfmarker.167)"/>
   </dialogueact>
   <dialogueact nite:id="Bed012.C.dialogueact466" starttime="1454.86" endtime="1455.51" type="s" adjacency="19b" original-type="s" channel="c3" participant="me003">
      <nite:child href="Bed012.C.words.xml#id(Bed012.w.4,525)..id(Bed012.w.4,528)"/>
   </dialogueact>
   <dialogueact nite:id="Bed012.C.dialogueact467" starttime="1455.51" endtime="1457.5" type="s^r" adjacency="19b+.20a" original-type="s^r" channel="c3" participant="me003">
      <nite:child href="Bed012.C.words.xml#id(Bed012.w.4,529)..id(Bed012.w.4,540)"/>
   </dialogueact>
   <dialogueact nite:id="Bed012.C.dialogueact471" starttime="1459.52" endtime="1462.74" type="s" original-type="s" channel="c3" participant="me003">
      <nite:child href="Bed012.C.words.xml#id(Bed012.w.4,552)..id(Bed012.w.4,576)"/>
   </dialogueact>
   <dialogueact nite:id="Bed012.C.dialogueact473" starttime="1471.63" endtime="1476.18" type="s^rt" original-type="s^rt" channel="c3" participant="me003">
      <nite:child href="Bed012.C.words.xml#id(Bed012.w.4,581)..id(Bed012.w.4,609)"/>
   </dialogueact>
   <dialogueact nite:id="Bed012.C.dialogueact475" starttime="1478.64" endtime="1479.12" type="fh" original-type="fh" channel="c3" participant="me003">
      <nite:child href="Bed012.C.words.xml#id(Bed012.w.4,614)..id(Bed012.w.4,616)"/>
   </dialogueact>
   <dialogueact nite:id="Bed012.C.dialogueact476" starttime="1480.02" endtime="1480.67" type="fh" original-type="fh" channel="c3" participant="me003">
      <nite:child href="Bed012.C.words.xml#id(Bed012.w.4,617)..id(Bed012.w.4,618)"/>
   </dialogueact>
   <dialogueact nite:id="Bed012.C.dialogueact477" starttime="1481.58" endtime="1492.17" type="qy^bu^rt" adjacency="21a" original-type="qy^bu^rt" channel="c3" participant="me003">
      <nite:child href="Bed012.C.words.xml#id(Bed012.w.4,619)..id(Bed012.w.4,663)"/>
   </dialogueact>
   <dialogueact nite:id="Bed012.C.dialogueact480" starttime="1496.64" endtime="1499.71" type="s^bu.%--" original-type="s^bu.%--" channel="c3" participant="me003">
      <nite:child href="Bed012.C.words.xml#id(Bed012.w.4,672)..id(Bed012.disfmarker.174)"/>
   </dialogueact>
   <dialogueact nite:id="Bed012.C.dialogueact481" starttime="1499.71" endtime="1505.96" type="s^bu" original-type="s^bu" channel="c3" participant="me003">
      <nite:child href="Bed012.C.words.xml#id(Bed012.w.4,692)..id(Bed012.w.4,723)"/>
   </dialogueact>
   <dialogueact nite:id="Bed012.C.dialogueact483" starttime="1506.39" endtime="1509.06" type="s" original-type="s" channel="c3" participant="me003">
      <nite:child href="Bed012.C.words.xml#id(Bed012.w.4,728)..id(Bed012.w.4,743)"/>
   </dialogueact>
   <dialogueact nite:id="Bed012.C.dialogueact484" starttime="1511.62" endtime="1515.89" type="s:s" adjacency="22a" original-type="s:s" channel="c3" participant="me003">
      <nite:child href="Bed012.C.words.xml#id(Bed012.w.4,744)..id(Bed012.w.4,775)"/>
   </dialogueact>
   <dialogueact nite:id="Bed012.C.dialogueact487" starttime="1516.18" endtime="1517.85" type="s:qw" adjacency="22a" original-type="s:qw" channel="c3" participant="me003">
      <nite:child href="Bed012.C.words.xml#id(Bed012.w.4,776)..id(Bed012.w.4,788)"/>
   </dialogueact>
   <dialogueact nite:id="Bed012.C.dialogueact489" starttime="1518.29" endtime="1519.24" type="s^cc" adjacency="23a" original-type="s^cc" channel="c3" participant="me003">
      <nite:child href="Bed012.C.words.xml#id(Bed012.w.4,793)..id(Bed012.w.4,799)"/>
   </dialogueact>
   <dialogueact nite:id="Bed012.C.dialogueact514" starttime="1606.7" endtime="1609.33" type="s^aap.%--" adjacency="24b.25a" original-type="s^aap.%--" channel="c3" participant="me003">
      <nite:child href="Bed012.C.words.xml#id(Bed012.w.5,061)..id(Bed012.disfmarker.182)"/>
   </dialogueact>
   <dialogueact nite:id="Bed012.C.dialogueact515" starttime="1611.06" endtime="1614.31" type="s^fa" original-type="s^fa" channel="c3" participant="me003">
      <nite:child href="Bed012.C.words.xml#id(Bed012.w.5,073)..id(Bed012.w.5,094)"/>
   </dialogueact>
   <dialogueact nite:id="Bed012.C.dialogueact516" starttime="1615.05" endtime="1624.53" type="s:s" adjacency="25a+" original-type="s:s" channel="c3" participant="me003">
      <nite:child href="Bed012.C.words.xml#id(Bed012.w.5,095)..id(Bed012.w.5,138)"/>
   </dialogueact>
   <dialogueact nite:id="Bed012.C.dialogueact517" starttime="1624.53" endtime="1626.99" type="s^e" adjacency="25a++" original-type="s^e" channel="c3" participant="me003">
      <nite:child href="Bed012.C.words.xml#id(Bed012.w.5,139)..id(Bed012.w.5,153)"/>
   </dialogueact>
   <dialogueact nite:id="Bed012.C.dialogueact519" starttime="1629.04" endtime="1630.27" type="%--" original-type="%--" channel="c3" participant="me003">
      <nite:child href="Bed012.C.words.xml#id(Bed012.w.5,156)..id(Bed012.w.5,160)"/>
   </dialogueact>
   <dialogueact nite:id="Bed012.C.dialogueact521" starttime="1630.87" endtime="1631.61" type="qy^f^rt" original-type="qy^f^rt" channel="c3" participant="me003">
      <nite:child href="Bed012.C.words.xml#id(Bed012.w.5,163)..id(Bed012.w.5,167)"/>
   </dialogueact>
   <dialogueact nite:id="Bed012.C.dialogueact524" starttime="1638.38" endtime="1639.13" type="fg|%-" original-type="fg|%-" channel="c3" participant="me003">
      <nite:child href="Bed012.C.words.xml#id(Bed012.w.5,204)..id(Bed012.w.5,206)"/>
   </dialogueact>
   <dialogueact nite:id="Bed012.C.dialogueact526" starttime="1640.24" endtime="1642.04" type="s.%--" original-type="s.%--" channel="c3" participant="me003">
      <nite:child href="Bed012.C.words.xml#id(Bed012.w.5,207)..id(Bed012.disfmarker.186)"/>
   </dialogueact>
   <dialogueact nite:id="Bed012.C.dialogueact527" starttime="1642.04" endtime="1642.35" type="fh" original-type="fh" channel="c3" participant="me003">
      <nite:child href="Bed012.C.words.xml#id(Bed012.w.5,217)..id(Bed012.w.5,218)"/>
   </dialogueact>
   <dialogueact nite:id="Bed012.C.dialogueact528" starttime="1642.67" endtime="1643.37" type="s" original-type="s" channel="c3" participant="me003">
      <nite:child href="Bed012.C.words.xml#id(Bed012.w.5,219)..id(Bed012.w.5,224)"/>
   </dialogueact>
   <dialogueact nite:id="Bed012.C.dialogueact529" starttime="1643.37" endtime="1645.61" type="s" adjacency="26a" original-type="s" channel="c3" participant="me003">
      <nite:child href="Bed012.C.words.xml#id(Bed012.w.5,225)..id(Bed012.w.5,241)"/>
   </dialogueact>
   <dialogueact nite:id="Bed012.C.dialogueact530" starttime="1645.61" endtime="1649.05" type="s^df" adjacency="26a+" original-type="s^df" channel="c3" participant="me003">
      <nite:child href="Bed012.C.words.xml#id(Bed012.w.5,242)..id(Bed012.w.5,258)"/>
   </dialogueact>
   <dialogueact nite:id="Bed012.C.dialogueact531" starttime="1651.54" endtime="1657.91" type="s^e" adjacency="26a++" original-type="s^e" channel="c3" participant="me003">
      <nite:child href="Bed012.C.words.xml#id(Bed012.w.5,259)..id(Bed012.w.5,287)"/>
   </dialogueact>
   <dialogueact nite:id="Bed012.C.dialogueact534" starttime="1663.89" endtime="1664.79" type="s^co" original-type="s^co" channel="c3" participant="me003">
      <nite:child href="Bed012.C.words.xml#id(Bed012.w.5,294)..id(Bed012.w.5,300)"/>
   </dialogueact>
   <dialogueact nite:id="Bed012.C.dialogueact570" starttime="1760.19" endtime="1763.74" type="qy^bu:s^co" adjacency="36a" original-type="qy^bu:s^co" channel="c3" participant="me003">
      <nite:child href="Bed012.C.words.xml#id(Bed012.w.5,642)..id(Bed012.w.5,656)"/>
   </dialogueact>
   <dialogueact nite:id="Bed012.C.dialogueact571" starttime="1763.81" endtime="1766.88" type="s^e" adjacency="36a+" original-type="s^e" channel="c3" participant="me003">
      <nite:child href="Bed012.C.words.xml#id(Bed012.w.5,657)..id(Bed012.w.5,676)"/>
   </dialogueact>
   <dialogueact nite:id="Bed012.C.dialogueact572" starttime="1766.88" endtime="1768.48" type="s^e.%-" adjacency="36a++" original-type="s^e.%-" channel="c3" participant="me003">
      <nite:child href="Bed012.C.words.xml#id(Bed012.w.5,677)..id(Bed012.w.5,686)"/>
   </dialogueact>
   <dialogueact nite:id="Bed012.C.dialogueact575" starttime="1775.46" endtime="1777.05" type="s^nd:s^co" adjacency="37b.38a" original-type="s^nd:s^co" channel="c3" participant="me003">
      <nite:child href="Bed012.C.words.xml#id(Bed012.w.5,709)..id(Bed012.w.5,722)"/>
   </dialogueact>
   <dialogueact nite:id="Bed012.C.dialogueact577" starttime="1777.05" endtime="1777.39" type="s.%--" original-type="s.%--" channel="c3" participant="me003">
      <nite:child href="Bed012.C.words.xml#id(Bed012.w.5,723)..id(Bed012.disfmarker.197)"/>
   </dialogueact>
   <dialogueact nite:id="Bed012.C.dialogueact578" starttime="1777.39" endtime="1781.06" type="s^df" adjacency="38a+" original-type="s^df" channel="c3" participant="me003">
      <nite:child href="Bed012.C.words.xml#id(Bed012.w.5,726)..id(Bed012.w.5,747)"/>
   </dialogueact>
   <dialogueact nite:id="Bed012.C.dialogueact579" starttime="1781.06" endtime="1784.4" type="s^df" adjacency="38a++" original-type="s^df" channel="c3" participant="me003">
      <nite:child href="Bed012.C.words.xml#id(Bed012.w.5,748)..id(Bed012.w.5,769)"/>
   </dialogueact>
   <dialogueact nite:id="Bed012.C.dialogueact583" starttime="1800.23" endtime="1802.58" type="s^t^tc" adjacency="38a" original-type="s^t^tc" channel="c3" participant="me003">
      <nite:child href="Bed012.C.words.xml#id(Bed012.w.5,791)..id(Bed012.w.5,801)"/>
   </dialogueact>
   <dialogueact nite:id="Bed012.C.dialogueact585" starttime="1804.35" endtime="1808.15" type="s" adjacency="1b" original-type="s" channel="c3" participant="me003">
      <nite:child href="Bed012.C.words.xml#id(Bed012.w.5,808)..id(Bed012.w.5,819)"/>
   </dialogueact>
   <dialogueact nite:id="Bed012.C.dialogueact586" starttime="1808.64" endtime="1809.29" type="s.%--" original-type="s.%--" channel="c3" participant="me003">
      <nite:child href="Bed012.C.words.xml#id(Bed012.w.5,820)..id(Bed012.disfmarker.198)"/>
   </dialogueact>
   <dialogueact nite:id="Bed012.C.dialogueact588" starttime="1810.63" endtime="1811.94" type="s" adjacency="2a" original-type="s" channel="c3" participant="me003">
      <nite:child href="Bed012.C.words.xml#id(Bed012.w.5,830)..id(Bed012.w.5,837)"/>
   </dialogueact>
   <dialogueact nite:id="Bed012.C.dialogueact592" starttime="1816.63" endtime="1816.74" type="%-" original-type="%-" channel="c3" participant="me003">
      <nite:child href="Bed012.C.words.xml#id(Bed012.w.5,849)"/>
   </dialogueact>
   <dialogueact nite:id="Bed012.C.dialogueact593" starttime="1817.45" endtime="1823.73" type="s^aa|s^df" adjacency="3b.4a" original-type="s^aa|s^df" channel="c3" participant="me003">
      <nite:child href="Bed012.C.words.xml#id(Bed012.w.5,851)..id(Bed012.w.5,883)"/>
   </dialogueact>
   <dialogueact nite:id="Bed012.C.dialogueact601" starttime="1834.62" endtime="1835.91" type="qw^rt" adjacency="6a" original-type="qw^rt" channel="c3" participant="me003">
      <nite:child href="Bed012.C.words.xml#id(Bed012.w.5,930)..id(Bed012.w.5,939)"/>
   </dialogueact>
   <dialogueact nite:id="Bed012.C.dialogueact607" starttime="1846.76" endtime="1847.49" type="qw^rt" adjacency="7a" original-type="qw^rt" channel="c3" participant="me003">
      <nite:child href="Bed012.C.words.xml#id(Bed012.w.5,992)..id(Bed012.w.5,997)"/>
   </dialogueact>
   <dialogueact nite:id="Bed012.C.dialogueact615" starttime="1866.06" endtime="1866.94" type="s^bu" adjacency="8a" original-type="s^bu" channel="c3" participant="me003">
      <nite:child href="Bed012.C.words.xml#id(Bed012.w.6,057)..id(Bed012.w.6,063)"/>
   </dialogueact>
   <dialogueact nite:id="Bed012.C.dialogueact616" starttime="1866.94" endtime="1867.15" type="qy^d^g^rt" adjacency="8a+" original-type="qy^d^g^rt" channel="c3" participant="me003">
      <nite:child href="Bed012.C.words.xml#id(Bed012.w.6,064)..id(Bed012.w.6,065)"/>
   </dialogueact>
   <dialogueact nite:id="Bed012.C.dialogueact628" starttime="1903.98" endtime="1904.31" type="%-" original-type="%-" channel="c3" participant="me003">
      <nite:child href="Bed012.C.words.xml#id(Bed012.w.6,142)..id(Bed012.disfmarker.208)"/>
   </dialogueact>
   <dialogueact nite:id="Bed012.C.dialogueact634" starttime="1912.58" endtime="1915.69" type="fg|qw^rt" original-type="fg|qw^rt" channel="c3" participant="me003">
      <nite:child href="Bed012.C.words.xml#id(Bed012.w.6,170)..id(Bed012.w.6,184)"/>
   </dialogueact>
   <dialogueact nite:id="Bed012.C.dialogueact636" starttime="1915.69" endtime="1918.7" type="s^rt" adjacency="11a" original-type="s^rt" channel="c3" participant="me003">
      <nite:child href="Bed012.C.words.xml#id(Bed012.w.6,185)..id(Bed012.w.6,199)"/>
   </dialogueact>
   <dialogueact nite:id="Bed012.C.dialogueact637" starttime="1918.91" endtime="1919.43" type="s^e.%-" original-type="s^e.%-" channel="c3" participant="me003">
      <nite:child href="Bed012.C.words.xml#id(Bed012.w.6,200)..id(Bed012.disfmarker.216)"/>
   </dialogueact>
   <dialogueact nite:id="Bed012.C.dialogueact642" starttime="1922.54" endtime="1923.1" type="s^bk" adjacency="12b.13a" original-type="s^bk" channel="c3" participant="me003">
      <nite:child href="Bed012.C.words.xml#id(Bed012.w.6,220)..id(Bed012.w.6,224)"/>
   </dialogueact>
   <dialogueact nite:id="Bed012.C.dialogueact644" starttime="1925.82" endtime="1926.29" type="s.%--" original-type="s.%--" channel="c3" participant="me003">
      <nite:child href="Bed012.C.words.xml#id(Bed012.w.6,227)..id(Bed012.w.6,230)"/>
   </dialogueact>
   <dialogueact nite:id="Bed012.C.dialogueact645" starttime="1926.29" endtime="1927.9" type="fh|s" original-type="fh|s" channel="c3" participant="me003">
      <nite:child href="Bed012.C.words.xml#id(Bed012.w.6,231)..id(Bed012.w.6,242)"/>
   </dialogueact>
   <dialogueact nite:id="Bed012.C.dialogueact647" starttime="1928.71" endtime="1934.09" type="s.%--" adjacency="14a" original-type="s.%--" channel="c3" participant="me003">
      <nite:child href="Bed012.C.words.xml#id(Bed012.w.6,245)..id(Bed012.disfmarker.218)"/>
   </dialogueact>
   <dialogueact nite:id="Bed012.C.dialogueact649" starttime="1935.19" endtime="1935.65" type="s^aa" adjacency="15b" original-type="s^aa" channel="c3" participant="me003">
      <nite:child href="Bed012.C.words.xml#id(Bed012.w.6,269)..id(Bed012.w.6,271)"/>
   </dialogueact>
   <dialogueact nite:id="Bed012.C.dialogueact651" starttime="1936.06" endtime="1937.19" type="s^bc^ng" adjacency="15b-2.16a" original-type="s^bc^ng" channel="c3" participant="me003">
      <nite:child href="Bed012.C.words.xml#id(Bed012.w.6,274)..id(Bed012.w.6,280)"/>
   </dialogueact>
   <dialogueact nite:id="Bed012.C.dialogueact653" starttime="1939.26" endtime="1940.13" type="s" adjacency="17a" original-type="s" channel="c3" participant="me003">
      <nite:child href="Bed012.C.words.xml#id(Bed012.w.6,290)..id(Bed012.w.6,299)"/>
   </dialogueact>
   <dialogueact nite:id="Bed012.C.dialogueact654" starttime="1940.13" endtime="1941.01" type="s^e" adjacency="17a+" original-type="s^e" channel="c3" participant="me003">
      <nite:child href="Bed012.C.words.xml#id(Bed012.w.6,300)..id(Bed012.w.6,306)"/>
   </dialogueact>
   <dialogueact nite:id="Bed012.C.dialogueact655" starttime="1941.01" endtime="1941.32" type="qy^d^g^rt" adjacency="17a++" original-type="qy^d^g^rt" channel="c3" participant="me003">
      <nite:child href="Bed012.C.words.xml#id(Bed012.w.6,307)..id(Bed012.w.6,309)"/>
   </dialogueact>
   <dialogueact nite:id="Bed012.C.dialogueact658" starttime="1942.79" endtime="1945.4" type="s" original-type="s" channel="c3" participant="me003">
      <nite:child href="Bed012.C.words.xml#id(Bed012.w.6,314)..id(Bed012.w.6,326)"/>
   </dialogueact>
   <dialogueact nite:id="Bed012.C.dialogueact673" starttime="1998.22" endtime="1999.16" type="qy^d^rt" adjacency="18a" original-type="qy^d^rt" channel="c3" participant="me003">
      <nite:child href="Bed012.C.words.xml#id(Bed012.w.6,432)..id(Bed012.w.6,436)"/>
   </dialogueact>
   <dialogueact nite:id="Bed012.C.dialogueact677" starttime="2002.98" endtime="2004.9" type="qw^rt" adjacency="20a" original-type="qw^rt" channel="c3" participant="me003">
      <nite:child href="Bed012.C.words.xml#id(Bed012.w.6,450)..id(Bed012.w.6,456)"/>
   </dialogueact>
   <dialogueact nite:id="Bed012.C.dialogueact683" starttime="2008.54" endtime="2008.67" type="b" original-type="b" channel="c3" participant="me003">
      <nite:child href="Bed012.C.words.xml#id(Bed012.w.6,475)..id(Bed012.w.6,476)"/>
   </dialogueact>
   <dialogueact nite:id="Bed012.C.dialogueact685" starttime="2009.26" endtime="2010.12" type="qy^bu^d^rt" adjacency="25b.26a" original-type="qy^bu^d^rt" channel="c3" participant="me003">
      <nite:child href="Bed012.C.words.xml#id(Bed012.w.6,480)..id(Bed012.w.6,485)"/>
   </dialogueact>
   <dialogueact nite:id="Bed012.C.dialogueact687" starttime="2011.81" endtime="2012.33" type="s^bsc" original-type="s^bsc" channel="c3" participant="me003">
      <nite:child href="Bed012.C.words.xml#id(Bed012.w.6,488)..id(Bed012.w.6,492)"/>
   </dialogueact>
   <dialogueact nite:id="Bed012.C.dialogueact695" starttime="2028.05" endtime="2029.08" type="s" adjacency="28b-2" original-type="s" channel="c3" participant="me003">
      <nite:child href="Bed012.C.words.xml#id(Bed012.w.6,528)..id(Bed012.w.6,536)"/>
   </dialogueact>
   <dialogueact nite:id="Bed012.C.dialogueact697" starttime="2029.08" endtime="2030.0" type="s" adjacency="28b-2+.29a" original-type="s" channel="c3" participant="me003">
      <nite:child href="Bed012.C.words.xml#id(Bed012.w.6,537)..id(Bed012.w.6,541)"/>
   </dialogueact>
   <dialogueact nite:id="Bed012.C.dialogueact707" starttime="2049.13" endtime="2050.55" type="s^j" adjacency="30b.31a" original-type="s^j" channel="c3" participant="me003">
      <nite:child href="Bed012.C.words.xml#id(Bed012.w.6,608)..id(Bed012.w.6,616)"/>
   </dialogueact>
   <dialogueact nite:id="Bed012.C.dialogueact711" starttime="2056.71" endtime="2057.86" type="s^ba" original-type="s^ba" channel="c3" participant="me003">
      <nite:child href="Bed012.C.words.xml#id(Bed012.w.6,635)..id(Bed012.w.6,639)"/>
   </dialogueact>
   <dialogueact nite:id="Bed012.C.dialogueact712" starttime="2058.66" endtime="2062.41" type="s^cs^j" adjacency="32a" original-type="s^cs^j" channel="c3" participant="me003">
      <nite:child href="Bed012.C.words.xml#id(Bed012.w.6,640)..id(Bed012.w.6,657)"/>
   </dialogueact>
   <dialogueact nite:id="Bed012.C.dialogueact716" starttime="2070.55" endtime="2071.35" type="s^ba" adjacency="33b" original-type="s^ba" channel="c3" participant="me003">
      <nite:child href="Bed012.C.words.xml#id(Bed012.w.6,702)..id(Bed012.w.6,711)"/>
   </dialogueact>
   <dialogueact nite:id="Bed012.C.dialogueact722" starttime="2090.11" endtime="2091.58" type="s" original-type="s" channel="c3" participant="me003">
      <nite:child href="Bed012.C.words.xml#id(Bed012.w.6,761)..id(Bed012.w.6,773)"/>
   </dialogueact>
   <dialogueact nite:id="Bed012.C.dialogueact732" starttime="2123.04" endtime="2123.94" type="s^2^j" adjacency="35b.36a" original-type="s^2^j" channel="c3" participant="me003">
      <nite:child href="Bed012.C.words.xml#id(Bed012.w.6,858)..id(Bed012.w.6,860)"/>
   </dialogueact>
   <dialogueact nite:id="Bed012.C.dialogueact736" starttime="2128.5" endtime="2130.55" type="qh^j" original-type="qh^j" channel="c3" participant="me003">
      <nite:child href="Bed012.C.words.xml#id(Bed012.w.6,869)..id(Bed012.w.6,877)"/>
   </dialogueact>
   <dialogueact nite:id="Bed012.C.dialogueact752" starttime="2151.89" endtime="2155.64" type="qy^bu^d^rt" adjacency="43a" original-type="qy^bu^d^rt" channel="c3" participant="me003">
      <nite:child href="Bed012.C.words.xml#id(Bed012.w.6,977)..id(Bed012.w.6,996)"/>
   </dialogueact>
   <dialogueact nite:id="Bed012.C.dialogueact754" starttime="2157.63" endtime="2158.46" type="s^na" adjacency="44b" original-type="s^na" channel="c3" participant="me003">
      <nite:child href="Bed012.C.words.xml#id(Bed012.w.7,002)..id(Bed012.w.7,006)"/>
   </dialogueact>
   <dialogueact nite:id="Bed012.C.dialogueact755" starttime="2158.46" endtime="2160.45" comment="FBH" type="s^e^rt" adjacency="45a" original-type="s^e^rt" channel="c3" participant="me003">
      <nite:child href="Bed012.C.words.xml#id(Bed012.w.7,007)..id(Bed012.w.7,016)"/>
   </dialogueact>
   <dialogueact nite:id="Bed012.C.dialogueact757" starttime="2166.99" endtime="2167.44" type="fh" original-type="fh" channel="c3" participant="me003">
      <nite:child href="Bed012.C.words.xml#id(Bed012.w.7,019)..id(Bed012.w.7,020)"/>
   </dialogueact>
   <dialogueact nite:id="Bed012.C.dialogueact758" starttime="2168.17" endtime="2168.5" type="fh" original-type="fh" channel="c3" participant="me003">
      <nite:child href="Bed012.C.words.xml#id(Bed012.w.7,021)..id(Bed012.w.7,022)"/>
   </dialogueact>
   <dialogueact nite:id="Bed012.C.dialogueact761" starttime="2172.33" endtime="2174.44" type="s^co" adjacency="46a" original-type="s^co" channel="c3" participant="me003">
      <nite:child href="Bed012.C.words.xml#id(Bed012.w.7,037)..id(Bed012.w.7,052)"/>
   </dialogueact>
   <dialogueact nite:id="Bed012.C.dialogueact762" starttime="2174.44" endtime="2175.58" type="s^e" original-type="s^e" channel="c3" participant="me003">
      <nite:child href="Bed012.C.words.xml#id(Bed012.w.7,053)..id(Bed012.w.7,060)"/>
   </dialogueact>
   <dialogueact nite:id="Bed012.C.dialogueact763" starttime="2176.57" endtime="2176.76" type="b" original-type="b" channel="c3" participant="me003">
      <nite:child href="Bed012.C.words.xml#id(Bed012.w.7,061)..id(Bed012.w.7,063)"/>
   </dialogueact>
   <dialogueact nite:id="Bed012.C.dialogueact770" starttime="2196.27" endtime="2198.65" type="s^2" adjacency="46b" original-type="s^2" channel="c3" participant="me003">
      <nite:child href="Bed012.C.words.xml#id(Bed012.w.7,116)..id(Bed012.w.7,126)"/>
   </dialogueact>
   <dialogueact nite:id="Bed012.C.dialogueact771" starttime="2198.65" endtime="2198.94" type="b" original-type="b" channel="c3" participant="me003">
      <nite:child href="Bed012.C.words.xml#id(Bed012.w.7,127)..id(Bed012.w.7,128)"/>
   </dialogueact>
   <dialogueact nite:id="Bed012.C.dialogueact774" starttime="2201.23" endtime="2203.12" comment="FBH" type="s^j" original-type="s^j" channel="c3" participant="me003">
      <nite:child href="Bed012.C.words.xml#id(Bed012.w.7,135)..id(Bed012.w.7,145)"/>
   </dialogueact>
   <dialogueact nite:id="Bed012.C.dialogueact813" starttime="2281.19" endtime="2281.61" type="s" adjacency="55b" original-type="s" channel="c3" participant="me003">
      <nite:child href="Bed012.C.words.xml#id(Bed012.w.7,449)..id(Bed012.w.7,452)"/>
   </dialogueact>
   <dialogueact nite:id="Bed012.C.dialogueact818" starttime="2288.33" endtime="2290.87" type="qr" adjacency="56a" original-type="qr" channel="c3" participant="me003">
      <nite:child href="Bed012.C.words.xml#id(Bed012.w.7,472)..id(Bed012.w.7,487)"/>
   </dialogueact>
   <dialogueact nite:id="Bed012.C.dialogueact820" starttime="2292.62" endtime="2292.88" type="s^aa" adjacency="57b" original-type="s^aa" channel="c3" participant="me003">
      <nite:child href="Bed012.C.words.xml#id(Bed012.w.7,498)..id(Bed012.w.7,499)"/>
   </dialogueact>
   <dialogueact nite:id="Bed012.C.dialogueact822" starttime="2293.96" endtime="2294.59" type="s^ba" original-type="s^ba" channel="c3" participant="me003">
      <nite:child href="Bed012.C.words.xml#id(Bed012.w.7,500)..id(Bed012.w.7,503)"/>
   </dialogueact>
   <dialogueact nite:id="Bed012.C.dialogueact823" starttime="2295.29" endtime="2296.9" type="s.%--" adjacency="58a" original-type="s.%--" channel="c3" participant="me003">
      <nite:child href="Bed012.C.words.xml#id(Bed012.w.7,504)..id(Bed012.disfmarker.263)"/>
   </dialogueact>
   <dialogueact nite:id="Bed012.C.dialogueact824" starttime="2297.0" endtime="2299.25" type="s.%--" adjacency="58a+" original-type="s.%--" channel="c3" participant="me003">
      <nite:child href="Bed012.C.words.xml#id(Bed012.w.7,518)..id(Bed012.w.7,529)"/>
   </dialogueact>
   <dialogueact nite:id="Bed012.C.dialogueact826" starttime="2299.67" endtime="2299.97" type="s^bk" adjacency="59b" original-type="s^bk" channel="c3" participant="me003">
      <nite:child href="Bed012.C.words.xml#id(Bed012.w.7,539)..id(Bed012.w.7,540)"/>
   </dialogueact>
   <dialogueact nite:id="Bed012.C.dialogueact827" starttime="2301.36" endtime="2306.4" type="s" adjacency="60a" original-type="s" channel="c3" participant="me003">
      <nite:child href="Bed012.C.words.xml#id(Bed012.w.7,541)..id(Bed012.w.7,571)"/>
   </dialogueact>
   <dialogueact nite:id="Bed012.C.dialogueact830" starttime="2309.39" endtime="2310.02" type="s^j" adjacency="61a" original-type="s^j" channel="c3" participant="me003">
      <nite:child href="Bed012.C.words.xml#id(Bed012.w.7,578)..id(Bed012.w.7,582)"/>
   </dialogueact>
   <dialogueact nite:id="Bed012.C.dialogueact837" starttime="2325.67" endtime="2326.43" type="s^fe^j" adjacency="63b-2" original-type="s^fe^j" channel="c3" participant="me003">
      <nite:child href="Bed012.C.words.xml#id(Bed012.w.7,629)..id(Bed012.w.7,633)"/>
   </dialogueact>
   <dialogueact nite:id="Bed012.C.dialogueact838" starttime="2327.74" endtime="2328.2" type="s^ba" adjacency="63b-2+" original-type="s^ba" channel="c3" participant="me003">
      <nite:child href="Bed012.C.words.xml#id(Bed012.w.7,634)..id(Bed012.w.7,638)"/>
   </dialogueact>
   <dialogueact nite:id="Bed012.C.dialogueact839" starttime="2328.3" endtime="2328.39" type="%-" original-type="%-" channel="c3" participant="me003">
      <nite:child href="Bed012.C.words.xml#id(Bed012.w.7,639)"/>
   </dialogueact>
   <dialogueact nite:id="Bed012.C.dialogueact840" starttime="2330.47" endtime="2330.94" type="qw.%--" adjacency="64a" original-type="qw.%--" channel="c3" participant="me003">
      <nite:child href="Bed012.C.words.xml#id(Bed012.w.7,640)..id(Bed012.w.7,643)"/>
   </dialogueact>
   <dialogueact nite:id="Bed012.C.dialogueact842" starttime="2331.23" endtime="2332.16" type="qw^rt" adjacency="64a+" original-type="qw^rt" channel="c3" participant="me003">
      <nite:child href="Bed012.C.words.xml#id(Bed012.w.7,646)..id(Bed012.w.7,652)"/>
   </dialogueact>
   <dialogueact nite:id="Bed012.C.dialogueact844" starttime="2333.06" endtime="2333.24" type="qy^d^m^rt" adjacency="65b.66a" original-type="qy^d^m^rt" channel="c3" participant="me003">
      <nite:child href="Bed012.C.words.xml#id(Bed012.w.7,655)..id(Bed012.w.7,656)"/>
   </dialogueact>
   <dialogueact nite:id="Bed012.C.dialogueact847" starttime="2334.99" endtime="2336.63" type="qo" adjacency="67a" original-type="qo" channel="c3" participant="me003">
      <nite:child href="Bed012.C.words.xml#id(Bed012.w.7,662)..id(Bed012.w.7,674)"/>
   </dialogueact>
   <dialogueact nite:id="Bed012.C.dialogueact851" starttime="2342.67" endtime="2344.15" type="s^ng" adjacency="68b.69a" original-type="s^ng" channel="c3" participant="me003">
      <nite:child href="Bed012.C.words.xml#id(Bed012.w.7,698)..id(Bed012.w.7,705)"/>
   </dialogueact>
   <dialogueact nite:id="Bed012.C.dialogueact852" starttime="2344.33" endtime="2348.23" type="s^df" adjacency="69a+" original-type="s^df" channel="c3" participant="me003">
      <nite:child href="Bed012.C.words.xml#id(Bed012.w.7,706)..id(Bed012.w.7,723)"/>
   </dialogueact>
   <dialogueact nite:id="Bed012.C.dialogueact854" starttime="2350.67" endtime="2350.96" type="s^aa" adjacency="70b" original-type="s^aa" channel="c3" participant="me003">
      <nite:child href="Bed012.C.words.xml#id(Bed012.w.7,728)..id(Bed012.w.7,729)"/>
   </dialogueact>
   <dialogueact nite:id="Bed012.C.dialogueact858" starttime="2356.99" endtime="2357.86" type="s" adjacency="71b.72a" original-type="s" channel="c3" participant="me003">
      <nite:child href="Bed012.C.words.xml#id(Bed012.w.7,740)..id(Bed012.w.7,745)"/>
   </dialogueact>
   <dialogueact nite:id="Bed012.C.dialogueact860" starttime="2357.99" endtime="2359.01" type="s" adjacency="71b+" original-type="s" channel="c3" participant="me003">
      <nite:child href="Bed012.C.words.xml#id(Bed012.w.7,746)..id(Bed012.w.7,753)"/>
   </dialogueact>
   <dialogueact nite:id="Bed012.C.dialogueact862" starttime="2359.01" endtime="2359.52" type="s^e.%-" original-type="s^e.%-" channel="c3" participant="me003">
      <nite:child href="Bed012.C.words.xml#id(Bed012.w.7,754)..id(Bed012.disfmarker.265)"/>
   </dialogueact>
   <dialogueact nite:id="Bed012.C.dialogueact864" starttime="2361.32" endtime="2361.66" type="b" original-type="b" channel="c3" participant="me003">
      <nite:child href="Bed012.C.words.xml#id(Bed012.w.7,775)..id(Bed012.w.7,776)"/>
   </dialogueact>
   <dialogueact nite:id="Bed012.C.dialogueact866" starttime="2368.68" endtime="2369.51" type="s" original-type="s" channel="c3" participant="me003">
      <nite:child href="Bed012.C.words.xml#id(Bed012.w.7,777)..id(Bed012.w.7,784)"/>
   </dialogueact>
   <dialogueact nite:id="Bed012.C.dialogueact868" starttime="2369.71" endtime="2371.46" type="s" adjacency="74a" original-type="s" channel="c3" participant="me003">
      <nite:child href="Bed012.C.words.xml#id(Bed012.w.7,785)..id(Bed012.w.7,796)"/>
   </dialogueact>
   <dialogueact nite:id="Bed012.C.dialogueact869" starttime="2371.63" endtime="2372.27" type="s^bd" original-type="s^bd" channel="c3" participant="me003">
      <nite:child href="Bed012.C.words.xml#id(Bed012.w.7,797)..id(Bed012.w.7,803)"/>
   </dialogueact>
   <dialogueact nite:id="Bed012.C.dialogueact887" starttime="2417.58" endtime="2417.72" type="s^co^t" original-type="s^co^t" channel="c3" participant="me003">
      <nite:child href="Bed012.C.words.xml#id(Bed012.w.7,898)..id(Bed012.w.7,899)"/>
   </dialogueact>
   <dialogueact nite:id="Bed012.C.dialogueact888" starttime="2417.72" endtime="2421.63" type="s" adjacency="1a" original-type="s" channel="c3" participant="me003">
      <nite:child href="Bed012.C.words.xml#id(Bed012.w.7,900)..id(Bed012.w.7,918)"/>
   </dialogueact>
   <dialogueact nite:id="Bed012.C.dialogueact889" starttime="2422.03" endtime="2426.5" type="s^df" adjacency="1a+" original-type="s^df" channel="c3" participant="me003">
      <nite:child href="Bed012.C.words.xml#id(Bed012.w.7,919)..id(Bed012.w.7,943)"/>
   </dialogueact>
   <dialogueact nite:id="Bed012.C.dialogueact891" starttime="2432.58" endtime="2434.85" type="s^aap" adjacency="2b" original-type="s^aap" channel="c3" participant="me003">
      <nite:child href="Bed012.C.words.xml#id(Bed012.w.7,959)..id(Bed012.w.7,981)"/>
   </dialogueact>
   <dialogueact nite:id="Bed012.C.dialogueact892" starttime="2434.85" endtime="2438.35" type="s^df" adjacency="2b+" original-type="s^df" channel="c3" participant="me003">
      <nite:child href="Bed012.C.words.xml#id(Bed012.w.7,982)..id(Bed012.w.8,005)"/>
   </dialogueact>
   <dialogueact nite:id="Bed012.C.dialogueact895" starttime="2438.35" endtime="2438.52" type="qy^d^f^g^rt" original-type="qy^d^f^g^rt" channel="c3" participant="me003">
      <nite:child href="Bed012.C.words.xml#id(Bed012.w.8,006)..id(Bed012.w.8,007)"/>
   </dialogueact>
   <dialogueact nite:id="Bed012.C.dialogueact896" starttime="2438.52" endtime="2439.89" type="s.%--" original-type="s.%--" channel="c3" participant="me003">
      <nite:child href="Bed012.C.words.xml#id(Bed012.w.8,008)..id(Bed012.disfmarker.273)"/>
   </dialogueact>
   <dialogueact nite:id="Bed012.C.dialogueact897" starttime="2439.89" endtime="2441.99" comment="FBH" type="s^bsc" original-type="s^bsc" channel="c3" participant="me003">
      <nite:child href="Bed012.C.words.xml#id(Bed012.w.8,017)..id(Bed012.disfmarker.274)"/>
   </dialogueact>
   <dialogueact nite:id="Bed012.C.dialogueact898" starttime="2442.36" endtime="2447.55" type="s" original-type="s" channel="c3" participant="me003">
      <nite:child href="Bed012.C.words.xml#id(Bed012.w.8,027)..id(Bed012.w.8,051)"/>
   </dialogueact>
   <dialogueact nite:id="Bed012.C.dialogueact900" starttime="2448.89" endtime="2450.71" type="s^e" original-type="s^e" channel="c3" participant="me003">
      <nite:child href="Bed012.C.words.xml#id(Bed012.w.8,056)..id(Bed012.w.8,066)"/>
   </dialogueact>
   <dialogueact nite:id="Bed012.C.dialogueact901" starttime="2451.59" endtime="2452.66" type="b" original-type="b" channel="c3" participant="me003">
      <nite:child href="Bed012.C.words.xml#id(Bed012.w.8,067)..id(Bed012.w.8,069)"/>
   </dialogueact>
   <dialogueact nite:id="Bed012.C.dialogueact903" starttime="2454.68" endtime="2455.82" type="s^e" original-type="s^e" channel="c3" participant="me003">
      <nite:child href="Bed012.C.words.xml#id(Bed012.w.8,080)..id(Bed012.w.8,087)"/>
   </dialogueact>
   <dialogueact nite:id="Bed012.C.dialogueact904" starttime="2456.86" endtime="2458.33" type="s^e" original-type="s^e" channel="c3" participant="me003">
      <nite:child href="Bed012.C.words.xml#id(Bed012.w.8,088)..id(Bed012.w.8,096)"/>
   </dialogueact>
   <dialogueact nite:id="Bed012.C.dialogueact905" starttime="2462.22" endtime="2463.28" type="qo" adjacency="3a" original-type="qo" channel="c3" participant="me003">
      <nite:child href="Bed012.C.words.xml#id(Bed012.w.8,097)..id(Bed012.w.8,105)"/>
   </dialogueact>
   <dialogueact nite:id="Bed012.C.dialogueact909" starttime="2473.14" endtime="2474.29" type="qr^bu^d.%-" adjacency="4b.5a" original-type="qr^bu^d.%-" channel="c3" participant="me003">
      <nite:child href="Bed012.C.words.xml#id(Bed012.w.8,121)..id(Bed012.w.8,127)"/>
   </dialogueact>
   <dialogueact nite:id="Bed012.C.dialogueact912" starttime="2476.38" endtime="2478.18" type="qw^bu^rt" adjacency="6b.7a" original-type="qw^bu^rt" channel="c3" participant="me003">
      <nite:child href="Bed012.C.words.xml#id(Bed012.w.8,142)..id(Bed012.w.8,152)"/>
   </dialogueact>
   <dialogueact nite:id="Bed012.C.dialogueact914" starttime="2478.82" endtime="2480.0" type="s^no" adjacency="4b+" original-type="s^no" channel="c3" participant="me003">
      <nite:child href="Bed012.C.words.xml#id(Bed012.w.8,155)..id(Bed012.w.8,161)"/>
   </dialogueact>
   <dialogueact nite:id="Bed012.C.dialogueact916" starttime="2483.84" endtime="2485.31" type="s" adjacency="7b+.8a" original-type="s" channel="c3" participant="me003">
      <nite:child href="Bed012.C.words.xml#id(Bed012.w.8,185)..id(Bed012.w.8,190)"/>
   </dialogueact>
   <dialogueact nite:id="Bed012.C.dialogueact918" starttime="2486.4" endtime="2486.46" type="%-" original-type="%-" channel="c3" participant="me003">
      <nite:child href="Bed012.C.words.xml#id(Bed012.w.8,201)..id(Bed012.disfmarker.279)"/>
   </dialogueact>
   <dialogueact nite:id="Bed012.C.dialogueact919" starttime="2486.46" endtime="2486.79" type="b" original-type="b" channel="c3" participant="me003">
      <nite:child href="Bed012.C.words.xml#id(Bed012.w.8,202)..id(Bed012.w.8,203)"/>
   </dialogueact>
   <dialogueact nite:id="Bed012.C.dialogueact920" starttime="2487.85" endtime="2490.41" type="s" adjacency="9a" original-type="s" channel="c3" participant="me003">
      <nite:child href="Bed012.C.words.xml#id(Bed012.w.8,204)..id(Bed012.w.8,218)"/>
   </dialogueact>
   <dialogueact nite:id="Bed012.C.dialogueact923" starttime="2491.65" endtime="2495.67" type="s^e" original-type="s^e" channel="c3" participant="me003">
      <nite:child href="Bed012.C.words.xml#id(Bed012.w.8,223)..id(Bed012.w.8,238)"/>
   </dialogueact>
   <dialogueact nite:id="Bed012.C.dialogueact926" starttime="2495.93" endtime="2496.22" type="b" original-type="b" channel="c3" participant="me003">
      <nite:child href="Bed012.C.words.xml#id(Bed012.w.8,239)..id(Bed012.w.8,240)"/>
   </dialogueact>
   <dialogueact nite:id="Bed012.C.dialogueact927" starttime="2496.85" endtime="2497.82" type="s^e" original-type="s^e" channel="c3" participant="me003">
      <nite:child href="Bed012.C.words.xml#id(Bed012.w.8,245)..id(Bed012.w.8,247)"/>
   </dialogueact>
   <dialogueact nite:id="Bed012.C.dialogueact928" starttime="2499.08" endtime="2501.74" type="s^e" original-type="s^e" channel="c3" participant="me003">
      <nite:child href="Bed012.C.words.xml#id(Bed012.w.8,248)..id(Bed012.w.8,254)"/>
   </dialogueact>
   <dialogueact nite:id="Bed012.C.dialogueact929" starttime="2501.74" endtime="2503.67" type="s.%--" original-type="s.%--" channel="c3" participant="me003">
      <nite:child href="Bed012.C.words.xml#id(Bed012.w.8,255)..id(Bed012.disfmarker.282)"/>
   </dialogueact>
   <dialogueact nite:id="Bed012.C.dialogueact931" starttime="2503.77" endtime="2505.21" type="qy^bu.%-" adjacency="10a" original-type="qy^bu.%-" channel="c3" participant="me003">
      <nite:child href="Bed012.C.words.xml#id(Bed012.w.8,272)..id(Bed012.w.8,278)"/>
   </dialogueact>
   <dialogueact nite:id="Bed012.C.dialogueact933" starttime="2505.59" endtime="2505.79" type="s^aa" adjacency="11b" original-type="s^aa" channel="c3" participant="me003">
      <nite:child href="Bed012.C.words.xml#id(Bed012.w.8,282)..id(Bed012.w.8,283)"/>
   </dialogueact>
   <dialogueact nite:id="Bed012.C.dialogueact934" starttime="2507.23" endtime="2509.0" type="s" original-type="s" channel="c3" participant="me003">
      <nite:child href="Bed012.C.words.xml#id(Bed012.w.8,286)..id(Bed012.w.8,293)"/>
   </dialogueact>
   <dialogueact nite:id="Bed012.C.dialogueact940" starttime="2523.7" endtime="2525.37" type="s^na" adjacency="12b.13a" original-type="s^na" channel="c3" participant="me003">
      <nite:child href="Bed012.C.words.xml#id(Bed012.w.8,320)..id(Bed012.w.8,333)"/>
   </dialogueact>
   <dialogueact nite:id="Bed012.C.dialogueact942" starttime="2525.87" endtime="2528.36" type="s" original-type="s" channel="c3" participant="me003">
      <nite:child href="Bed012.C.words.xml#id(Bed012.w.8,336)..id(Bed012.w.8,348)"/>
   </dialogueact>
   <dialogueact nite:id="Bed012.C.dialogueact943" starttime="2528.36" endtime="2529.91" type="s^e" original-type="s^e" channel="c3" participant="me003">
      <nite:child href="Bed012.C.words.xml#id(Bed012.w.8,349)..id(Bed012.w.8,356)"/>
   </dialogueact>
   <dialogueact nite:id="Bed012.C.dialogueact945" starttime="2534.45" endtime="2536.23" type="s" adjacency="14b.15a" original-type="s" channel="c3" participant="me003">
      <nite:child href="Bed012.C.words.xml#id(Bed012.w.8,369)..id(Bed012.w.8,381)"/>
   </dialogueact>
   <dialogueact nite:id="Bed012.C.dialogueact947" starttime="2539.67" endtime="2548.91" type="s^aa^j|s" adjacency="16b.17a" original-type="s^aa^j|s" channel="c3" participant="me003">
      <nite:child href="Bed012.C.words.xml#id(Bed012.w.8,392)..id(Bed012.w.8,431)"/>
   </dialogueact>
   <dialogueact nite:id="Bed012.C.dialogueact949" starttime="2552.79" endtime="2554.41" type="s^aa|s^df^rt" adjacency="18b.19a" original-type="s^aa|s^df^rt" channel="c3" participant="me003">
      <nite:child href="Bed012.C.words.xml#id(Bed012.w.8,446)..id(Bed012.w.8,457)"/>
   </dialogueact>
   <dialogueact nite:id="Bed012.C.dialogueact951" starttime="2559.03" endtime="2561.46" type="s.%--" adjacency="20a" original-type="s.%--" channel="c3" participant="me003">
      <nite:child href="Bed012.C.words.xml#id(Bed012.w.8,460)..id(Bed012.disfmarker.287)"/>
   </dialogueact>
   <dialogueact nite:id="Bed012.C.dialogueact952" starttime="2561.59" endtime="2564.11" type="s^bsc" adjacency="20a+" original-type="s^bsc" channel="c3" participant="me003">
      <nite:child href="Bed012.C.words.xml#id(Bed012.w.8,472)..id(Bed012.w.8,489)"/>
   </dialogueact>
   <dialogueact nite:id="Bed012.C.dialogueact954" starttime="2565.76" endtime="2566.04" type="s^aa" adjacency="21b" original-type="s^aa" channel="c3" participant="me003">
      <nite:child href="Bed012.C.words.xml#id(Bed012.w.8,502)..id(Bed012.w.8,503)"/>
   </dialogueact>
   <dialogueact nite:id="Bed012.C.dialogueact955" starttime="2567.32" endtime="2568.53" type="s^aap" adjacency="21b+" original-type="s^aap" channel="c3" participant="me003">
      <nite:child href="Bed012.C.words.xml#id(Bed012.w.8,504)..id(Bed012.w.8,507)"/>
   </dialogueact>
   <dialogueact nite:id="Bed012.C.dialogueact957" starttime="2577.21" endtime="2577.42" type="s^co" original-type="s^co" channel="c3" participant="me003">
      <nite:child href="Bed012.C.words.xml#id(Bed012.w.8,510)..id(Bed012.w.8,513)"/>
   </dialogueact>
   <dialogueact nite:id="Bed012.C.dialogueact958" starttime="2577.42" endtime="2578.37" type="qy^rt" original-type="qy^rt" channel="c3" participant="me003">
      <nite:child href="Bed012.C.words.xml#id(Bed012.w.8,514)..id(Bed012.w.8,519)"/>
   </dialogueact>
   <dialogueact nite:id="Bed012.C.dialogueact959" starttime="2578.52" endtime="2579.58" type="s^co" original-type="s^co" channel="c3" participant="me003">
      <nite:child href="Bed012.C.words.xml#id(Bed012.w.8,520)..id(Bed012.w.8,525)"/>
   </dialogueact>
   <dialogueact nite:id="Bed012.C.dialogueact960" starttime="2579.58" endtime="2579.87" type="%--" original-type="%--" channel="c3" participant="me003">
      <nite:child href="Bed012.C.words.xml#id(Bed012.w.8,526)..id(Bed012.disfmarker.288)"/>
   </dialogueact>
   <dialogueact nite:id="Bed012.C.dialogueact961" starttime="2580.41" endtime="2582.84" type="qy^rt" adjacency="22a" original-type="qy^rt" channel="c3" participant="me003">
      <nite:child href="Bed012.C.words.xml#id(Bed012.w.8,528)..id(Bed012.w.8,537)"/>
   </dialogueact>
   <dialogueact nite:id="Bed012.C.dialogueact962" starttime="2583.17" endtime="2587.82" type="s^e" adjacency="22a+" original-type="s^e" channel="c3" participant="me003">
      <nite:child href="Bed012.C.words.xml#id(Bed012.w.8,538)..id(Bed012.w.8,554)"/>
   </dialogueact>
   <dialogueact nite:id="Bed012.C.dialogueact965" starttime="2593.1" endtime="2593.92" type="s^2" adjacency="23b.24a" original-type="s^2" channel="c3" participant="me003">
      <nite:child href="Bed012.C.words.xml#id(Bed012.w.8,569)..id(Bed012.w.8,574)"/>
   </dialogueact>
   <dialogueact nite:id="Bed012.C.dialogueact966" starttime="2593.92" endtime="2594.18" type="qy^d^g^rt" adjacency="24a+" original-type="qy^d^g^rt" channel="c3" participant="me003">
      <nite:child href="Bed012.C.words.xml#id(Bed012.w.8,575)..id(Bed012.w.8,576)"/>
   </dialogueact>
   <dialogueact nite:id="Bed012.C.dialogueact968" starttime="2594.44" endtime="2594.95" type="b" original-type="b" channel="c3" participant="me003">
      <nite:child href="Bed012.C.words.xml#id(Bed012.w.8,577)..id(Bed012.w.8,578)"/>
   </dialogueact>
</nite:root>