<?xml version="1.0" encoding="ISO-8859-1" standalone="yes"?>
<nite:root nite:id="Bed016.E.dialogue-acts" xmlns:nite="http://nite.sourceforge.net/">
   <dialogueact nite:id="Bed016.E.dialogueact19" starttime="35.85" endtime="36.15" type="z" original-type="z" channel="c5" participant="me010">
      <nite:child href="Bed016.E.words.xml#id(Bed016.w.192)..id(Bed016.w.193)"/>
   </dialogueact>
   <dialogueact nite:id="Bed016.E.dialogueact21" starttime="37.06" endtime="37.23" type="z" original-type="z" channel="c5" participant="me010">
      <nite:child href="Bed016.E.words.xml#id(Bed016.w.194)..id(Bed016.w.195)"/>
   </dialogueact>
   <dialogueact nite:id="Bed016.E.dialogueact23" starttime="38.95" endtime="39.57" type="z" original-type="z" channel="c5" participant="me010">
      <nite:child href="Bed016.E.words.xml#id(Bed016.w.196)..id(Bed016.w.199)"/>
   </dialogueact>
   <dialogueact nite:id="Bed016.E.dialogueact24" starttime="39.94" endtime="40.52" type="z" original-type="z" channel="c5" participant="me010">
      <nite:child href="Bed016.E.words.xml#id(Bed016.w.200)..id(Bed016.w.201)"/>
   </dialogueact>
   <dialogueact nite:id="Bed016.E.dialogueact29" starttime="43.88" endtime="48.99" type="z" adjacency="6b.7a" original-type="z" channel="c5" participant="me010">
      <nite:child href="Bed016.E.words.xml#id(Bed016.w.235)..id(Bed016.w.254)"/>
   </dialogueact>
   <dialogueact nite:id="Bed016.E.dialogueact32" starttime="49.3" endtime="50.4" type="z" original-type="z" channel="c5" participant="me010">
      <nite:child href="Bed016.E.words.xml#id(Bed016.w.255)..id(Bed016.disfmarker.7)"/>
   </dialogueact>
   <dialogueact nite:id="Bed016.E.dialogueact37" starttime="56.122" endtime="56.382" type="z" adjacency="9b" original-type="z" channel="c5" participant="me010">
      <nite:child href="Bed016.E.words.xml#id(Bed016.w.293)..id(Bed016.w.294)"/>
   </dialogueact>
   <dialogueact nite:id="Bed016.E.dialogueact53" starttime="87.071" endtime="87.261" type="z" original-type="z" channel="c5" participant="me010">
      <nite:child href="Bed016.E.words.xml#id(Bed016.w.396)"/>
   </dialogueact>
   <dialogueact nite:id="Bed016.E.dialogueact56" starttime="89.31" endtime="90.01" type="z" original-type="z" channel="c5" participant="me010">
      <nite:child href="Bed016.E.words.xml#id(Bed016.w.407)..id(Bed016.disfmarker.10)"/>
   </dialogueact>
   <dialogueact nite:id="Bed016.E.dialogueact58" starttime="90.07" endtime="91.14" type="z" original-type="z" channel="c5" participant="me010">
      <nite:child href="Bed016.E.words.xml#id(Bed016.w.415)..id(Bed016.w.421)"/>
   </dialogueact>
   <dialogueact nite:id="Bed016.E.dialogueact60" starttime="91.95" endtime="93.13" type="z" adjacency="15a" original-type="z" channel="c5" participant="me010">
      <nite:child href="Bed016.E.words.xml#id(Bed016.w.422)..id(Bed016.w.427)"/>
   </dialogueact>
   <dialogueact nite:id="Bed016.E.dialogueact61" starttime="93.13" endtime="93.36" type="z" adjacency="15a+" original-type="z" channel="c5" participant="me010">
      <nite:child href="Bed016.E.words.xml#id(Bed016.w.428)..id(Bed016.w.429)"/>
   </dialogueact>
   <dialogueact nite:id="Bed016.E.dialogueact66" starttime="95.53" endtime="95.73" type="z" adjacency="16b" original-type="z" channel="c5" participant="me010">
      <nite:child href="Bed016.E.words.xml#id(Bed016.w.464)..id(Bed016.w.465)"/>
   </dialogueact>
   <dialogueact nite:id="Bed016.E.dialogueact68" starttime="97.303" endtime="97.473" type="z" original-type="z" channel="c5" participant="me010">
      <nite:child href="Bed016.E.words.xml#id(Bed016.w.481)"/>
   </dialogueact>
   <dialogueact nite:id="Bed016.E.dialogueact69" starttime="97.703" endtime="98.483" type="z" original-type="z" channel="c5" participant="me010">
      <nite:child href="Bed016.E.words.xml#id(Bed016.w.482)..id(Bed016.w.484)"/>
   </dialogueact>
   <dialogueact nite:id="Bed016.E.dialogueact72" starttime="98.812" endtime="101.832" type="z" adjacency="17a" original-type="z" channel="c5" participant="me010">
      <nite:child href="Bed016.E.words.xml#id(Bed016.w.487)..id(Bed016.w.503)"/>
   </dialogueact>
   <dialogueact nite:id="Bed016.E.dialogueact74" starttime="101.982" endtime="102.302" type="z" original-type="z" channel="c5" participant="me010">
      <nite:child href="Bed016.E.words.xml#id(Bed016.w.504)..id(Bed016.disfmarker.14)"/>
   </dialogueact>
   <dialogueact nite:id="Bed016.E.dialogueact76" starttime="102.699" endtime="103.789" type="z" adjacency="18a" original-type="z" channel="c5" participant="me010">
      <nite:child href="Bed016.E.words.xml#id(Bed016.w.513)..id(Bed016.w.519)"/>
   </dialogueact>
   <dialogueact nite:id="Bed016.E.dialogueact79" starttime="104.47" endtime="105.18" comment="FBH" type="z" original-type="z" channel="c5" participant="me010">
      <nite:child href="Bed016.E.words.xml#id(Bed016.w.529)..id(Bed016.w.532)"/>
   </dialogueact>
   <dialogueact nite:id="Bed016.E.dialogueact82" starttime="151.38" endtime="151.7" type="z" original-type="z" channel="c5" participant="me010">
      <nite:child href="Bed016.E.words.xml#id(Bed016.w.1,146)..id(Bed016.w.1,147)"/>
   </dialogueact>
   <dialogueact nite:id="Bed016.E.dialogueact86" starttime="155.269" endtime="155.529" type="z" original-type="z" channel="c5" participant="me010">
      <nite:child href="Bed016.E.words.xml#id(Bed016.w.1,158)..id(Bed016.w.1,159)"/>
   </dialogueact>
   <dialogueact nite:id="Bed016.E.dialogueact93" starttime="172.0" endtime="172.25" type="z" adjacency="21b.22a" original-type="z" channel="c5" participant="me010">
      <nite:child href="Bed016.E.words.xml#id(Bed016.w.1,196)..id(Bed016.w.1,197)"/>
   </dialogueact>
   <dialogueact nite:id="Bed016.E.dialogueact106" starttime="199.2" endtime="202.29" type="s" adjacency="27a" original-type="s" channel="c5" participant="me010">
      <nite:child href="Bed016.E.words.xml#id(Bed016.w.1,265)..id(Bed016.w.1,282)"/>
   </dialogueact>
   <dialogueact nite:id="Bed016.E.dialogueact108" starttime="202.29" endtime="205.57" type="s.%--" adjacency="27a+" original-type="s.%--" channel="c5" participant="me010">
      <nite:child href="Bed016.E.words.xml#id(Bed016.w.1,283)..id(Bed016.disfmarker.17)"/>
   </dialogueact>
   <dialogueact nite:id="Bed016.E.dialogueact150" starttime="307.78" endtime="311.75" type="fg|s" adjacency="33b" original-type="fg|s" channel="c5" participant="me010">
      <nite:child href="Bed016.E.words.xml#id(Bed016.w.1,636)..id(Bed016.w.1,657)"/>
   </dialogueact>
   <dialogueact nite:id="Bed016.E.dialogueact152" starttime="311.88" endtime="312.12" type="b" original-type="b" channel="c5" participant="me010">
      <nite:child href="Bed016.E.words.xml#id(Bed016.w.1,658)..id(Bed016.w.1,659)"/>
   </dialogueact>
   <dialogueact nite:id="Bed016.E.dialogueact156" starttime="319.8" endtime="319.94" type="s^aa" adjacency="34b" original-type="s^aa" channel="c5" participant="me010">
      <nite:child href="Bed016.E.words.xml#id(Bed016.w.1,685)..id(Bed016.w.1,686)"/>
   </dialogueact>
   <dialogueact nite:id="Bed016.E.dialogueact158" starttime="322.19" endtime="322.93" type="s^aa|s^am" adjacency="35b-1.36a" original-type="s^aa|s^am" channel="c5" participant="me010">
      <nite:child href="Bed016.E.words.xml#id(Bed016.w.1,694)..id(Bed016.w.1,701)"/>
   </dialogueact>
   <dialogueact nite:id="Bed016.E.dialogueact199" starttime="386.53" endtime="387.57" type="s^ar|s" adjacency="45b.46a" original-type="s^ar|s" channel="c5" participant="me010">
      <nite:child href="Bed016.E.words.xml#id(Bed016.w.1,939)..id(Bed016.w.1,947)"/>
   </dialogueact>
   <dialogueact nite:id="Bed016.E.dialogueact323" starttime="777.275" endtime="777.605" type="s^ba" original-type="s^ba" channel="c5" participant="me010">
      <nite:child href="Bed016.E.words.xml#id(Bed016.w.2,999)..id(Bed016.w.3,000)"/>
   </dialogueact>
   <dialogueact nite:id="Bed016.E.dialogueact337" starttime="821.84" endtime="822.59" type="s" adjacency="3b" original-type="s" channel="c5" participant="me010">
      <nite:child href="Bed016.E.words.xml#id(Bed016.w.3,117)..id(Bed016.w.3,120)"/>
   </dialogueact>
   <dialogueact nite:id="Bed016.E.dialogueact338" starttime="822.8" endtime="824.28" type="s^no.%--" original-type="s^no.%--" channel="c5" participant="me010">
      <nite:child href="Bed016.E.words.xml#id(Bed016.w.3,121)..id(Bed016.disfmarker.58)"/>
   </dialogueact>
   <dialogueact nite:id="Bed016.E.dialogueact340" starttime="826.56" endtime="826.93" type="s^aa" adjacency="4b" original-type="s^aa" channel="c5" participant="me010">
      <nite:child href="Bed016.E.words.xml#id(Bed016.w.3,146)..id(Bed016.w.3,147)"/>
   </dialogueact>
   <dialogueact nite:id="Bed016.E.dialogueact341" starttime="827.12" endtime="827.84" type="fg" original-type="fg" channel="c5" participant="me010">
      <nite:child href="Bed016.E.words.xml#id(Bed016.w.3,148)..id(Bed016.w.3,149)"/>
   </dialogueact>
   <dialogueact nite:id="Bed016.E.dialogueact343" starttime="830.54" endtime="835.06" type="s" adjacency="5b" original-type="s" channel="c5" participant="me010">
      <nite:child href="Bed016.E.words.xml#id(Bed016.w.3,159)..id(Bed016.w.3,179)"/>
   </dialogueact>
   <dialogueact nite:id="Bed016.E.dialogueact344" starttime="835.898" endtime="842.628" type="s" adjacency="6a" original-type="s" channel="c5" participant="me010">
      <nite:child href="Bed016.E.words.xml#id(Bed016.w.3,180)..id(Bed016.w.3,192)"/>
   </dialogueact>
   <dialogueact nite:id="Bed016.E.dialogueact345" starttime="842.628" endtime="843.088" type="s.%--" adjacency="6a+" original-type="s.%--" channel="c5" participant="me010">
      <nite:child href="Bed016.E.words.xml#id(Bed016.w.3,193)..id(Bed016.disfmarker.59)"/>
   </dialogueact>
   <dialogueact nite:id="Bed016.E.dialogueact347" starttime="843.218" endtime="843.498" type="b" original-type="b" channel="c5" participant="me010">
      <nite:child href="Bed016.E.words.xml#id(Bed016.w.3,199)..id(Bed016.disfmarker.60)"/>
   </dialogueact>
   <dialogueact nite:id="Bed016.E.dialogueact348" starttime="843.738" endtime="852.753" type="s" original-type="s" channel="c5" participant="me010">
      <nite:child href="Bed016.E.words.xml#id(Bed016.w.3,202)..id(Bed016.w.3,225)"/>
   </dialogueact>
   <dialogueact nite:id="Bed016.E.dialogueact349" starttime="852.753" endtime="853.063" type="%--" original-type="%--" channel="c5" participant="me010">
      <nite:child href="Bed016.E.words.xml#id(Bed016.w.3,226)..id(Bed016.disfmarker.63)"/>
   </dialogueact>
   <dialogueact nite:id="Bed016.E.dialogueact351" starttime="853.525" endtime="854.925" type="s" original-type="s" channel="c5" participant="me010">
      <nite:child href="Bed016.E.words.xml#id(Bed016.w.3,232)..id(Bed016.w.3,240)"/>
   </dialogueact>
   <dialogueact nite:id="Bed016.E.dialogueact352" starttime="855.055" endtime="855.955" type="fh" original-type="fh" channel="c5" participant="me010">
      <nite:child href="Bed016.E.words.xml#id(Bed016.w.3,241)..id(Bed016.w.3,242)"/>
   </dialogueact>
   <dialogueact nite:id="Bed016.E.dialogueact353" starttime="857.528" endtime="858.258" type="s" original-type="s" channel="c5" participant="me010">
      <nite:child href="Bed016.E.words.xml#id(Bed016.w.3,243)..id(Bed016.w.3,247)"/>
   </dialogueact>
   <dialogueact nite:id="Bed016.E.dialogueact354" starttime="859.98" endtime="860.76" type="s" original-type="s" channel="c5" participant="me010">
      <nite:child href="Bed016.E.words.xml#id(Bed016.w.3,248)..id(Bed016.w.3,253)"/>
   </dialogueact>
   <dialogueact nite:id="Bed016.E.dialogueact355" starttime="860.84" endtime="861.33" type="fh" original-type="fh" channel="c5" participant="me010">
      <nite:child href="Bed016.E.words.xml#id(Bed016.w.3,254)..id(Bed016.w.3,255)"/>
   </dialogueact>
   <dialogueact nite:id="Bed016.E.dialogueact356" starttime="863.43" endtime="870.404" type="s" adjacency="7a" original-type="s" channel="c5" participant="me010">
      <nite:child href="Bed016.E.words.xml#id(Bed016.w.3,256)..id(Bed016.w.3,271)"/>
   </dialogueact>
   <dialogueact nite:id="Bed016.E.dialogueact357" starttime="871.719" endtime="872.079" type="qy^d^f^g" adjacency="7a+" original-type="qy^d^f^g" channel="c5" participant="me010">
      <nite:child href="Bed016.E.words.xml#id(Bed016.w.3,272)..id(Bed016.w.3,273)"/>
   </dialogueact>
   <dialogueact nite:id="Bed016.E.dialogueact359" starttime="872.419" endtime="872.919" type="%--" original-type="%--" channel="c5" participant="me010">
      <nite:child href="Bed016.E.words.xml#id(Bed016.w.3,274)..id(Bed016.w.3,275)"/>
   </dialogueact>
   <dialogueact nite:id="Bed016.E.dialogueact360" starttime="873.591" endtime="874.581" type="%--" original-type="%--" channel="c5" participant="me010">
      <nite:child href="Bed016.E.words.xml#id(Bed016.w.3,278)..id(Bed016.w.3,283)"/>
   </dialogueact>
   <dialogueact nite:id="Bed016.E.dialogueact361" starttime="874.97" endtime="879.39" type="s" adjacency="8a" original-type="s" channel="c5" participant="me010">
      <nite:child href="Bed016.E.words.xml#id(Bed016.w.3,284)..id(Bed016.w.3,304)"/>
   </dialogueact>
   <dialogueact nite:id="Bed016.E.dialogueact364" starttime="883.525" endtime="883.775" type="b" original-type="b" channel="c5" participant="me010">
      <nite:child href="Bed016.E.words.xml#id(Bed016.w.3,317)..id(Bed016.w.3,318)"/>
   </dialogueact>
   <dialogueact nite:id="Bed016.E.dialogueact367" starttime="889.48" endtime="889.67" type="b" original-type="b" channel="c5" participant="me010">
      <nite:child href="Bed016.E.words.xml#id(Bed016.w.3,344)..id(Bed016.w.3,345)"/>
   </dialogueact>
   <dialogueact nite:id="Bed016.E.dialogueact374" starttime="915.19" endtime="919.19" type="fg|s" original-type="fg|s" channel="c5" participant="me010">
      <nite:child href="Bed016.E.words.xml#id(Bed016.w.3,419)..id(Bed016.w.3,433)"/>
   </dialogueact>
   <dialogueact nite:id="Bed016.E.dialogueact376" starttime="919.19" endtime="922.751" type="s^cs.%--" original-type="s^cs.%--" channel="c5" participant="me010">
      <nite:child href="Bed016.E.words.xml#id(Bed016.w.3,434)..id(Bed016.w.3,444)"/>
   </dialogueact>
   <dialogueact nite:id="Bed016.E.dialogueact378" starttime="923.661" endtime="924.471" type="fh" original-type="fh" channel="c5" participant="me010">
      <nite:child href="Bed016.E.words.xml#id(Bed016.w.3,445)..id(Bed016.w.3,446)"/>
   </dialogueact>
   <dialogueact nite:id="Bed016.E.dialogueact379" starttime="925.5" endtime="925.96" type="s^bd" original-type="s^bd" channel="c5" participant="me010">
      <nite:child href="Bed016.E.words.xml#id(Bed016.w.3,447)..id(Bed016.w.3,450)"/>
   </dialogueact>
   <dialogueact nite:id="Bed016.E.dialogueact380" starttime="925.96" endtime="931.63" type="s^cs.%--" original-type="s^cs.%--" channel="c5" participant="me010">
      <nite:child href="Bed016.E.words.xml#id(Bed016.w.3,451)..id(Bed016.w.3,465)"/>
   </dialogueact>
   <dialogueact nite:id="Bed016.E.dialogueact381" starttime="932.58" endtime="932.85" type="%--" original-type="%--" channel="c5" participant="me010">
      <nite:child href="Bed016.E.words.xml#id(Bed016.w.3,466)"/>
   </dialogueact>
   <dialogueact nite:id="Bed016.E.dialogueact382" starttime="932.85" endtime="939.93" type="s" adjacency="9a" original-type="s" channel="c5" participant="me010">
      <nite:child href="Bed016.E.words.xml#id(Bed016.w.3,467)..id(Bed016.w.3,490)"/>
   </dialogueact>
   <dialogueact nite:id="Bed016.E.dialogueact383" starttime="939.93" endtime="940.11" type="fh" original-type="fh" channel="c5" participant="me010">
      <nite:child href="Bed016.E.words.xml#id(Bed016.w.3,491)..id(Bed016.w.3,492)"/>
   </dialogueact>
   <dialogueact nite:id="Bed016.E.dialogueact384" starttime="940.661" endtime="943.511" type="fh|qh.%--" adjacency="9a+" original-type="fh|qh.%--" channel="c5" participant="me010">
      <nite:child href="Bed016.E.words.xml#id(Bed016.w.3,493)..id(Bed016.disfmarker.81)"/>
   </dialogueact>
   <dialogueact nite:id="Bed016.E.dialogueact385" starttime="943.551" endtime="944.681" type="s.%--" original-type="s.%--" channel="c5" participant="me010">
      <nite:child href="Bed016.E.words.xml#id(Bed016.w.3,500)..id(Bed016.w.3,504)"/>
   </dialogueact>
   <dialogueact nite:id="Bed016.E.dialogueact394" starttime="958.832" endtime="959.092" type="s^bk" adjacency="13b" original-type="s^bk" channel="c5" participant="me010">
      <nite:child href="Bed016.E.words.xml#id(Bed016.w.3,584)..id(Bed016.w.3,585)"/>
   </dialogueact>
   <dialogueact nite:id="Bed016.E.dialogueact396" starttime="962.789" endtime="965.129" type="s^ba" adjacency="14b.15a" original-type="s^ba" channel="c5" participant="me010">
      <nite:child href="Bed016.E.words.xml#id(Bed016.w.3,586)..id(Bed016.w.3,597)"/>
   </dialogueact>
   <dialogueact nite:id="Bed016.E.dialogueact398" starttime="965.956" endtime="967.326" type="s.%--" original-type="s.%--" channel="c5" participant="me010">
      <nite:child href="Bed016.E.words.xml#id(Bed016.w.3,600)..id(Bed016.w.3,609)"/>
   </dialogueact>
   <dialogueact nite:id="Bed016.E.dialogueact412" starttime="983.84" endtime="984.05" type="b" original-type="b" channel="c5" participant="me010">
      <nite:child href="Bed016.E.words.xml#id(Bed016.w.3,719)..id(Bed016.w.3,720)"/>
   </dialogueact>
   <dialogueact nite:id="Bed016.E.dialogueact414" starttime="985.082" endtime="985.342" type="b" original-type="b" channel="c5" participant="me010">
      <nite:child href="Bed016.E.words.xml#id(Bed016.w.3,721)..id(Bed016.w.3,722)"/>
   </dialogueact>
   <dialogueact nite:id="Bed016.E.dialogueact428" starttime="1010.86" endtime="1011.51" type="fg|s" original-type="fg|s" channel="c5" participant="me010">
      <nite:child href="Bed016.E.words.xml#id(Bed016.w.3,797)..id(Bed016.w.3,802)"/>
   </dialogueact>
   <dialogueact nite:id="Bed016.E.dialogueact429" starttime="1011.51" endtime="1014.71" type="s" original-type="s" channel="c5" participant="me010">
      <nite:child href="Bed016.E.words.xml#id(Bed016.w.3,803)..id(Bed016.w.3,818)"/>
   </dialogueact>
   <dialogueact nite:id="Bed016.E.dialogueact430" starttime="1015.84" endtime="1016.06" type="b" original-type="b" channel="c5" participant="me010">
      <nite:child href="Bed016.E.words.xml#id(Bed016.w.3,819)..id(Bed016.w.3,820)"/>
   </dialogueact>
   <dialogueact nite:id="Bed016.E.dialogueact433" starttime="1018.41" endtime="1025.38" type="s" adjacency="23a" original-type="s" channel="c5" participant="me010">
      <nite:child href="Bed016.E.words.xml#id(Bed016.w.3,831)..id(Bed016.w.3,857)"/>
   </dialogueact>
   <dialogueact nite:id="Bed016.E.dialogueact434" starttime="1025.65" endtime="1026.11" type="%-" original-type="%-" channel="c5" participant="me010">
      <nite:child href="Bed016.E.words.xml#id(Bed016.w.3,858)..id(Bed016.disfmarker.101)"/>
   </dialogueact>
   <dialogueact nite:id="Bed016.E.dialogueact438" starttime="1030.0" endtime="1030.64" type="s^na" adjacency="24b.25a" original-type="s^na" channel="c5" participant="me010">
      <nite:child href="Bed016.E.words.xml#id(Bed016.w.3,880)..id(Bed016.w.3,883)"/>
   </dialogueact>
   <dialogueact nite:id="Bed016.E.dialogueact440" starttime="1032.53" endtime="1034.18" type="s^e" original-type="s^e" channel="c5" participant="me010">
      <nite:child href="Bed016.E.words.xml#id(Bed016.w.3,889)..id(Bed016.w.3,894)"/>
   </dialogueact>
   <dialogueact nite:id="Bed016.E.dialogueact442" starttime="1034.18" endtime="1034.39" type="fh" original-type="fh" channel="c5" participant="me010">
      <nite:child href="Bed016.E.words.xml#id(Bed016.w.3,895)"/>
   </dialogueact>
   <dialogueact nite:id="Bed016.E.dialogueact447" starttime="1040.09" endtime="1045.02" type="s" original-type="s" channel="c5" participant="me010">
      <nite:child href="Bed016.E.words.xml#id(Bed016.w.3,911)..id(Bed016.w.3,932)"/>
   </dialogueact>
   <dialogueact nite:id="Bed016.E.dialogueact448" starttime="1046.13" endtime="1047.12" type="s.%--" original-type="s.%--" channel="c5" participant="me010">
      <nite:child href="Bed016.E.words.xml#id(Bed016.w.3,933)..id(Bed016.disfmarker.104)"/>
   </dialogueact>
   <dialogueact nite:id="Bed016.E.dialogueact453" starttime="1049.44" endtime="1049.66" type="s^bk" adjacency="26b" original-type="s^bk" channel="c5" participant="me010">
      <nite:child href="Bed016.E.words.xml#id(Bed016.w.3,958)..id(Bed016.w.3,959)"/>
   </dialogueact>
   <dialogueact nite:id="Bed016.E.dialogueact455" starttime="1052.07" endtime="1052.19" type="b" original-type="b" channel="c5" participant="me010">
      <nite:child href="Bed016.E.words.xml#id(Bed016.w.3,964)..id(Bed016.w.3,965)"/>
   </dialogueact>
   <dialogueact nite:id="Bed016.E.dialogueact456" starttime="1052.4" endtime="1054.43" type="s" original-type="s" channel="c5" participant="me010">
      <nite:child href="Bed016.E.words.xml#id(Bed016.w.3,966)..id(Bed016.w.3,978)"/>
   </dialogueact>
   <dialogueact nite:id="Bed016.E.dialogueact457" starttime="1054.43" endtime="1054.76" type="s^f" original-type="s^f" channel="c5" participant="me010">
      <nite:child href="Bed016.E.words.xml#id(Bed016.w.3,979)"/>
   </dialogueact>
   <dialogueact nite:id="Bed016.E.dialogueact458" starttime="1054.76" endtime="1057.3" type="s" original-type="s" channel="c5" participant="me010">
      <nite:child href="Bed016.E.words.xml#id(Bed016.w.3,980)..id(Bed016.w.3,990)"/>
   </dialogueact>
   <dialogueact nite:id="Bed016.E.dialogueact461" starttime="1059.57" endtime="1059.74" type="b" original-type="b" channel="c5" participant="me010">
      <nite:child href="Bed016.E.words.xml#id(Bed016.w.4,009)..id(Bed016.w.4,010)"/>
   </dialogueact>
   <dialogueact nite:id="Bed016.E.dialogueact462" starttime="1061.54" endtime="1061.69" type="b" original-type="b" channel="c5" participant="me010">
      <nite:child href="Bed016.E.words.xml#id(Bed016.w.4,011)..id(Bed016.w.4,012)"/>
   </dialogueact>
   <dialogueact nite:id="Bed016.E.dialogueact471" starttime="1079.65" endtime="1079.97" type="b" original-type="b" channel="c5" participant="me010">
      <nite:child href="Bed016.E.words.xml#id(Bed016.w.4,082)..id(Bed016.w.4,083)"/>
   </dialogueact>
   <dialogueact nite:id="Bed016.E.dialogueact473" starttime="1081.38" endtime="1081.56" type="b" original-type="b" channel="c5" participant="me010">
      <nite:child href="Bed016.E.words.xml#id(Bed016.w.4,089)..id(Bed016.w.4,090)"/>
   </dialogueact>
   <dialogueact nite:id="Bed016.E.dialogueact478" starttime="1086.0" endtime="1088.05" type="fg|s" original-type="fg|s" channel="c5" participant="me010">
      <nite:child href="Bed016.E.words.xml#id(Bed016.w.4,109)..id(Bed016.w.4,122)"/>
   </dialogueact>
   <dialogueact nite:id="Bed016.E.dialogueact479" starttime="1088.05" endtime="1090.92" type="s.x" original-type="s.x" channel="c5" participant="me010">
      <nite:child href="Bed016.E.words.xml#id(Bed016.w.4,123)..id(Bed016.w.4,132)"/>
   </dialogueact>
   <dialogueact nite:id="Bed016.E.dialogueact480" starttime="1091.65" endtime="1096.59" type="s" original-type="s" channel="c5" participant="me010">
      <nite:child href="Bed016.E.words.xml#id(Bed016.w.4,133)..id(Bed016.w.4,146)"/>
   </dialogueact>
   <dialogueact nite:id="Bed016.E.dialogueact481" starttime="1096.59" endtime="1098.41" type="s" original-type="s" channel="c5" participant="me010">
      <nite:child href="Bed016.E.words.xml#id(Bed016.w.4,147)..id(Bed016.w.4,153)"/>
   </dialogueact>
   <dialogueact nite:id="Bed016.E.dialogueact482" starttime="1099.01" endtime="1099.96" type="fh" original-type="fh" channel="c5" participant="me010">
      <nite:child href="Bed016.E.words.xml#id(Bed016.w.4,154)"/>
   </dialogueact>
   <dialogueact nite:id="Bed016.E.dialogueact483" starttime="1101.12" endtime="1101.95" type="fh" original-type="fh" channel="c5" participant="me010">
      <nite:child href="Bed016.E.words.xml#id(Bed016.w.4,155)..id(Bed016.disfmarker.111)"/>
   </dialogueact>
   <dialogueact nite:id="Bed016.E.dialogueact484" starttime="1105.76" endtime="1110.71" type="s" original-type="s" channel="c5" participant="me010">
      <nite:child href="Bed016.E.words.xml#id(Bed016.w.4,156)..id(Bed016.w.4,173)"/>
   </dialogueact>
   <dialogueact nite:id="Bed016.E.dialogueact485" starttime="1110.71" endtime="1110.79" type="b" original-type="b" channel="c5" participant="me010">
      <nite:child href="Bed016.E.words.xml#id(Bed016.w.4,174)..id(Bed016.w.4,175)"/>
   </dialogueact>
   <dialogueact nite:id="Bed016.E.dialogueact486" starttime="1112.09" endtime="1112.18" type="b.%" original-type="b.%" channel="c5" participant="me010">
      <nite:child href="Bed016.E.words.xml#id(Bed016.w.4,176)..id(Bed016.w.4,177)"/>
   </dialogueact>
   <dialogueact nite:id="Bed016.E.dialogueact487" starttime="1112.95" endtime="1113.05" type="b" original-type="b" channel="c5" participant="me010">
      <nite:child href="Bed016.E.words.xml#id(Bed016.w.4,178)..id(Bed016.w.4,179)"/>
   </dialogueact>
   <dialogueact nite:id="Bed016.E.dialogueact488" starttime="1114.05" endtime="1115.13" type="fg|s^tc" original-type="fg|s^tc" channel="c5" participant="me010">
      <nite:child href="Bed016.E.words.xml#id(Bed016.w.4,180)..id(Bed016.w.4,185)"/>
   </dialogueact>
   <dialogueact nite:id="Bed016.E.dialogueact489" starttime="1115.13" endtime="1116.91" type="s^co^t" adjacency="32a" original-type="s^co^t" channel="c5" participant="me010">
      <nite:child href="Bed016.E.words.xml#id(Bed016.w.4,186)..id(Bed016.w.4,193)"/>
   </dialogueact>
   <dialogueact nite:id="Bed016.E.dialogueact491" starttime="1120.62" endtime="1120.79" type="s^bk" adjacency="33b-1" original-type="s^bk" channel="c5" participant="me010">
      <nite:child href="Bed016.E.words.xml#id(Bed016.w.4,203)..id(Bed016.w.4,204)"/>
   </dialogueact>
   <dialogueact nite:id="Bed016.E.dialogueact495" starttime="1134.57" endtime="1135.4" type="h" adjacency="34b" original-type="h" channel="c5" participant="me010">
      <nite:child href="Bed016.E.words.xml#id(Bed016.w.4,249)..id(Bed016.w.4,250)"/>
   </dialogueact>
   <dialogueact nite:id="Bed016.E.dialogueact497" starttime="1137.55" endtime="1138.81" type="s^ar" adjacency="35b" original-type="s^ar" channel="c5" participant="me010">
      <nite:child href="Bed016.E.words.xml#id(Bed016.w.4,265)..id(Bed016.w.4,270)"/>
   </dialogueact>
   <dialogueact nite:id="Bed016.E.dialogueact512" starttime="1161.09" endtime="1161.54" type="s.%--" original-type="s.%--" channel="c5" participant="me010">
      <nite:child href="Bed016.E.words.xml#id(Bed016.w.4,359)..id(Bed016.w.4,362)"/>
   </dialogueact>
   <dialogueact nite:id="Bed016.E.dialogueact513" starttime="1161.54" endtime="1165.21" type="s" adjacency="38a" original-type="s" channel="c5" participant="me010">
      <nite:child href="Bed016.E.words.xml#id(Bed016.w.4,363)..id(Bed016.w.4,377)"/>
   </dialogueact>
   <dialogueact nite:id="Bed016.E.dialogueact516" starttime="1169.28" endtime="1170.62" type="s^bd" adjacency="39b" original-type="s^bd" channel="c5" participant="me010">
      <nite:child href="Bed016.E.words.xml#id(Bed016.w.4,389)..id(Bed016.w.4,396)"/>
   </dialogueact>
   <dialogueact nite:id="Bed016.E.dialogueact517" starttime="1170.62" endtime="1172.33" type="qy.%--" original-type="qy.%--" channel="c5" participant="me010">
      <nite:child href="Bed016.E.words.xml#id(Bed016.w.4,397)..id(Bed016.disfmarker.115)"/>
   </dialogueact>
   <dialogueact nite:id="Bed016.E.dialogueact518" starttime="1172.81" endtime="1174.38" type="qy.%-" adjacency="40a" original-type="qy.%-" channel="c5" participant="me010">
      <nite:child href="Bed016.E.words.xml#id(Bed016.w.4,404)..id(Bed016.w.4,412)"/>
   </dialogueact>
   <dialogueact nite:id="Bed016.E.dialogueact521" starttime="1176.63" endtime="1178.31" type="%--" original-type="%--" channel="c5" participant="me010">
      <nite:child href="Bed016.E.words.xml#id(Bed016.w.4,420)..id(Bed016.w.4,424)"/>
   </dialogueact>
   <dialogueact nite:id="Bed016.E.dialogueact522" starttime="1179.04" endtime="1182.75" type="s.%--" original-type="s.%--" channel="c5" participant="me010">
      <nite:child href="Bed016.E.words.xml#id(Bed016.w.4,425)..id(Bed016.w.4,435)"/>
   </dialogueact>
   <dialogueact nite:id="Bed016.E.dialogueact523" starttime="1184.65" endtime="1185.84" type="fh" original-type="fh" channel="c5" participant="me010">
      <nite:child href="Bed016.E.words.xml#id(Bed016.w.4,436)..id(Bed016.disfmarker.116)"/>
   </dialogueact>
   <dialogueact nite:id="Bed016.E.dialogueact524" starttime="1186.19" endtime="1187.06" type="s^bk" original-type="s^bk" channel="c5" participant="me010">
      <nite:child href="Bed016.E.words.xml#id(Bed016.w.4,437)..id(Bed016.w.4,441)"/>
   </dialogueact>
   <dialogueact nite:id="Bed016.E.dialogueact525" starttime="1189.51" endtime="1191.15" type="s^ba|s" original-type="s^ba|s" channel="c5" participant="me010">
      <nite:child href="Bed016.E.words.xml#id(Bed016.w.4,442)..id(Bed016.w.4,450)"/>
   </dialogueact>
   <dialogueact nite:id="Bed016.E.dialogueact526" starttime="1195.53" endtime="1198.37" type="s" original-type="s" channel="c5" participant="me010">
      <nite:child href="Bed016.E.words.xml#id(Bed016.w.4,451)..id(Bed016.w.4,465)"/>
   </dialogueact>
   <dialogueact nite:id="Bed016.E.dialogueact528" starttime="1199.54" endtime="1212.76" type="s^cs.%--" original-type="s^cs.%--" channel="c5" participant="me010">
      <nite:child href="Bed016.E.words.xml#id(Bed016.w.4,470)..id(Bed016.w.4,492)"/>
   </dialogueact>
   <dialogueact nite:id="Bed016.E.dialogueact529" starttime="1217.48" endtime="1218.29" type="s" original-type="s" channel="c5" participant="me010">
      <nite:child href="Bed016.E.words.xml#id(Bed016.w.4,493)..id(Bed016.w.4,500)"/>
   </dialogueact>
   <dialogueact nite:id="Bed016.E.dialogueact530" starttime="1218.29" endtime="1219.35" type="s" original-type="s" channel="c5" participant="me010">
      <nite:child href="Bed016.E.words.xml#id(Bed016.w.4,501)..id(Bed016.w.4,509)"/>
   </dialogueact>
   <dialogueact nite:id="Bed016.E.dialogueact531" starttime="1219.41" endtime="1231.35" type="s" original-type="s" channel="c5" participant="me010">
      <nite:child href="Bed016.E.words.xml#id(Bed016.w.4,510)..id(Bed016.w.4,535)"/>
   </dialogueact>
   <dialogueact nite:id="Bed016.E.dialogueact532" starttime="1231.7" endtime="1232.12" type="qy^rt" adjacency="1a" original-type="qy^rt" channel="c5" participant="me010">
      <nite:child href="Bed016.E.words.xml#id(Bed016.w.4,536)..id(Bed016.w.4,540)"/>
   </dialogueact>
   <dialogueact nite:id="Bed016.E.dialogueact535" starttime="1233.68" endtime="1234.98" type="s^bk|qw" adjacency="2b.3a" original-type="s^bk|qw" channel="c5" participant="me010">
      <nite:child href="Bed016.E.words.xml#id(Bed016.w.4,547)..id(Bed016.w.4,556)"/>
   </dialogueact>
   <dialogueact nite:id="Bed016.E.dialogueact536" starttime="1234.98" endtime="1235.84" type="s^df" adjacency="2b+.3a+" original-type="s^df" channel="c5" participant="me010">
      <nite:child href="Bed016.E.words.xml#id(Bed016.w.4,557)..id(Bed016.w.4,565)"/>
   </dialogueact>
   <dialogueact nite:id="Bed016.E.dialogueact544" starttime="1256.64" endtime="1257.39" type="s^bk" adjacency="4b" original-type="s^bk" channel="c5" participant="me010">
      <nite:child href="Bed016.E.words.xml#id(Bed016.w.4,617)..id(Bed016.w.4,620)"/>
   </dialogueact>
   <dialogueact nite:id="Bed016.E.dialogueact545" starttime="1258.79" endtime="1259.01" type="b" original-type="b" channel="c5" participant="me010">
      <nite:child href="Bed016.E.words.xml#id(Bed016.w.4,621)..id(Bed016.w.4,622)"/>
   </dialogueact>
   <dialogueact nite:id="Bed016.E.dialogueact550" starttime="1269.57" endtime="1272.74" type="s" original-type="s" channel="c5" participant="me010">
      <nite:child href="Bed016.E.words.xml#id(Bed016.w.4,640)..id(Bed016.w.4,647)"/>
   </dialogueact>
   <dialogueact nite:id="Bed016.E.dialogueact551" starttime="1272.74" endtime="1274.82" type="s.%-" adjacency="7a" original-type="s.%-" channel="c5" participant="me010">
      <nite:child href="Bed016.E.words.xml#id(Bed016.w.4,648)..id(Bed016.w.4,657)"/>
   </dialogueact>
   <dialogueact nite:id="Bed016.E.dialogueact553" starttime="1274.82" endtime="1275.97" type="s^aa|s^e" adjacency="8b.9a" original-type="s^aa|s^e" channel="c5" participant="me010">
      <nite:child href="Bed016.E.words.xml#id(Bed016.w.4,658)..id(Bed016.w.4,666)"/>
   </dialogueact>
   <dialogueact nite:id="Bed016.E.dialogueact555" starttime="1277.56" endtime="1280.68" type="s^df" original-type="s^df" channel="c5" participant="me010">
      <nite:child href="Bed016.E.words.xml#id(Bed016.w.4,673)..id(Bed016.w.4,686)"/>
   </dialogueact>
   <dialogueact nite:id="Bed016.E.dialogueact556" starttime="1281.01" endtime="1283.04" type="s" original-type="s" channel="c5" participant="me010">
      <nite:child href="Bed016.E.words.xml#id(Bed016.w.4,687)..id(Bed016.w.4,692)"/>
   </dialogueact>
   <dialogueact nite:id="Bed016.E.dialogueact557" starttime="1283.72" endtime="1298.86" type="s^ba" original-type="s^ba" channel="c5" participant="me010">
      <nite:child href="Bed016.E.words.xml#id(Bed016.w.4,693)..id(Bed016.w.4,722)"/>
   </dialogueact>
   <dialogueact nite:id="Bed016.E.dialogueact558" starttime="1302.54" endtime="1307.48" type="s" original-type="s" channel="c5" participant="me010">
      <nite:child href="Bed016.E.words.xml#id(Bed016.w.4,723)..id(Bed016.w.4,728)"/>
   </dialogueact>
   <dialogueact nite:id="Bed016.E.dialogueact559" starttime="1308.15" endtime="1319.53" type="s" original-type="s" channel="c5" participant="me010">
      <nite:child href="Bed016.E.words.xml#id(Bed016.w.4,729)..id(Bed016.w.4,752)"/>
   </dialogueact>
   <dialogueact nite:id="Bed016.E.dialogueact560" starttime="1320.15" endtime="1330.11" type="s" original-type="s" channel="c5" participant="me010">
      <nite:child href="Bed016.E.words.xml#id(Bed016.w.4,753)..id(Bed016.w.4,774)"/>
   </dialogueact>
   <dialogueact nite:id="Bed016.E.dialogueact561" starttime="1330.11" endtime="1339.08" type="s" original-type="s" channel="c5" participant="me010">
      <nite:child href="Bed016.E.words.xml#id(Bed016.w.4,775)..id(Bed016.w.4,799)"/>
   </dialogueact>
   <dialogueact nite:id="Bed016.E.dialogueact562" starttime="1339.08" endtime="1342.41" type="s" original-type="s" channel="c5" participant="me010">
      <nite:child href="Bed016.E.words.xml#id(Bed016.w.4,800)..id(Bed016.w.4,811)"/>
   </dialogueact>
   <dialogueact nite:id="Bed016.E.dialogueact564" starttime="1343.99" endtime="1353.35" type="s" original-type="s" channel="c5" participant="me010">
      <nite:child href="Bed016.E.words.xml#id(Bed016.w.4,816)..id(Bed016.w.4,842)"/>
   </dialogueact>
   <dialogueact nite:id="Bed016.E.dialogueact567" starttime="1356.02" endtime="1360.81" type="s" original-type="s" channel="c5" participant="me010">
      <nite:child href="Bed016.E.words.xml#id(Bed016.w.4,845)..id(Bed016.w.4,865)"/>
   </dialogueact>
   <dialogueact nite:id="Bed016.E.dialogueact570" starttime="1386.56" endtime="1386.92" type="s^aa" adjacency="10b" original-type="s^aa" channel="c5" participant="me010">
      <nite:child href="Bed016.E.words.xml#id(Bed016.w.4,901)..id(Bed016.w.4,904)"/>
   </dialogueact>
   <dialogueact nite:id="Bed016.E.dialogueact571" starttime="1391.68" endtime="1399.21" type="s" original-type="s" channel="c5" participant="me010">
      <nite:child href="Bed016.E.words.xml#id(Bed016.w.4,905)..id(Bed016.w.4,936)"/>
   </dialogueact>
   <dialogueact nite:id="Bed016.E.dialogueact572" starttime="1400.17" endtime="1407.19" type="s" original-type="s" channel="c5" participant="me010">
      <nite:child href="Bed016.E.words.xml#id(Bed016.w.4,937)..id(Bed016.w.4,956)"/>
   </dialogueact>
   <dialogueact nite:id="Bed016.E.dialogueact573" starttime="1407.77" endtime="1408.76" type="s" original-type="s" channel="c5" participant="me010">
      <nite:child href="Bed016.E.words.xml#id(Bed016.w.4,957)..id(Bed016.w.4,963)"/>
   </dialogueact>
   <dialogueact nite:id="Bed016.E.dialogueact575" starttime="1409.5" endtime="1411.29" type="fh" original-type="fh" channel="c5" participant="me010">
      <nite:child href="Bed016.E.words.xml#id(Bed016.w.4,966)..id(Bed016.w.4,969)"/>
   </dialogueact>
   <dialogueact nite:id="Bed016.E.dialogueact576" starttime="1411.64" endtime="1413.4" type="s.%--" original-type="s.%--" channel="c5" participant="me010">
      <nite:child href="Bed016.E.words.xml#id(Bed016.w.4,970)..id(Bed016.disfmarker.133)"/>
   </dialogueact>
   <dialogueact nite:id="Bed016.E.dialogueact577" starttime="1414.76" endtime="1420.54" type="s" original-type="s" channel="c5" participant="me010">
      <nite:child href="Bed016.E.words.xml#id(Bed016.w.4,975)..id(Bed016.w.4,994)"/>
   </dialogueact>
   <dialogueact nite:id="Bed016.E.dialogueact578" starttime="1421.23" endtime="1422.69" type="s" original-type="s" channel="c5" participant="me010">
      <nite:child href="Bed016.E.words.xml#id(Bed016.w.4,995)..id(Bed016.w.5,003)"/>
   </dialogueact>
   <dialogueact nite:id="Bed016.E.dialogueact579" starttime="1422.91" endtime="1424.84" type="s" original-type="s" channel="c5" participant="me010">
      <nite:child href="Bed016.E.words.xml#id(Bed016.w.5,004)..id(Bed016.w.5,013)"/>
   </dialogueact>
   <dialogueact nite:id="Bed016.E.dialogueact581" starttime="1425.83" endtime="1426.13" type="s" original-type="s" channel="c5" participant="me010">
      <nite:child href="Bed016.E.words.xml#id(Bed016.w.5,016)..id(Bed016.w.5,018)"/>
   </dialogueact>
   <dialogueact nite:id="Bed016.E.dialogueact582" starttime="1426.4" endtime="1429.87" type="s.%-" original-type="s.%-" channel="c5" participant="me010">
      <nite:child href="Bed016.E.words.xml#id(Bed016.w.5,019)..id(Bed016.w.5,028)"/>
   </dialogueact>
   <dialogueact nite:id="Bed016.E.dialogueact584" starttime="1433.49" endtime="1433.71" type="s^aa" adjacency="11b" original-type="s^aa" channel="c5" participant="me010">
      <nite:child href="Bed016.E.words.xml#id(Bed016.w.5,049)..id(Bed016.w.5,050)"/>
   </dialogueact>
   <dialogueact nite:id="Bed016.E.dialogueact585" starttime="1438.81" endtime="1442.07" type="s" original-type="s" channel="c5" participant="me010">
      <nite:child href="Bed016.E.words.xml#id(Bed016.w.5,051)..id(Bed016.w.5,068)"/>
   </dialogueact>
   <dialogueact nite:id="Bed016.E.dialogueact586" starttime="1442.16" endtime="1445.52" type="s.%--" adjacency="12a" original-type="s.%--" channel="c5" participant="me010">
      <nite:child href="Bed016.E.words.xml#id(Bed016.w.5,069)..id(Bed016.w.5,077)"/>
   </dialogueact>
   <dialogueact nite:id="Bed016.E.dialogueact587" starttime="1447.75" endtime="1451.33" type="fh|s" adjacency="12a+" original-type="fh|s" channel="c5" participant="me010">
      <nite:child href="Bed016.E.words.xml#id(Bed016.w.5,078)..id(Bed016.w.5,091)"/>
   </dialogueact>
   <dialogueact nite:id="Bed016.E.dialogueact591" starttime="1481.69" endtime="1483.19" type="s^aap" adjacency="13b" original-type="s^aap" channel="c5" participant="me010">
      <nite:child href="Bed016.E.words.xml#id(Bed016.w.5,129)..id(Bed016.w.5,136)"/>
   </dialogueact>
   <dialogueact nite:id="Bed016.E.dialogueact592" starttime="1483.9" endtime="1485.2" type="s" adjacency="14a" original-type="s" channel="c5" participant="me010">
      <nite:child href="Bed016.E.words.xml#id(Bed016.w.5,137)..id(Bed016.w.5,142)"/>
   </dialogueact>
   <dialogueact nite:id="Bed016.E.dialogueact593" starttime="1485.2" endtime="1488.4" type="s" adjacency="14a+" original-type="s" channel="c5" participant="me010">
      <nite:child href="Bed016.E.words.xml#id(Bed016.w.5,143)..id(Bed016.w.5,152)"/>
   </dialogueact>
   <dialogueact nite:id="Bed016.E.dialogueact594" starttime="1488.4" endtime="1490.02" type="s" adjacency="14a++" original-type="s" channel="c5" participant="me010">
      <nite:child href="Bed016.E.words.xml#id(Bed016.w.5,153)..id(Bed016.w.5,157)"/>
   </dialogueact>
   <dialogueact nite:id="Bed016.E.dialogueact595" starttime="1490.02" endtime="1490.24" type="%--" original-type="%--" channel="c5" participant="me010">
      <nite:child href="Bed016.E.words.xml#id(Bed016.w.5,158)..id(Bed016.disfmarker.139)"/>
   </dialogueact>
   <dialogueact nite:id="Bed016.E.dialogueact596" starttime="1490.34" endtime="1490.58" type="s^f" adjacency="14a+++" original-type="s^f" channel="c5" participant="me010">
      <nite:child href="Bed016.E.words.xml#id(Bed016.w.5,159)..id(Bed016.w.5,161)"/>
   </dialogueact>
   <dialogueact nite:id="Bed016.E.dialogueact597" starttime="1490.73" endtime="1491.14" type="s^e" adjacency="14a++++" original-type="s^e" channel="c5" participant="me010">
      <nite:child href="Bed016.E.words.xml#id(Bed016.w.5,162)..id(Bed016.w.5,164)"/>
   </dialogueact>
   <dialogueact nite:id="Bed016.E.dialogueact600" starttime="1499.18" endtime="1500.65" type="s^ng" adjacency="15b" original-type="s^ng" channel="c5" participant="me010">
      <nite:child href="Bed016.E.words.xml#id(Bed016.w.5,193)..id(Bed016.w.5,202)"/>
   </dialogueact>
   <dialogueact nite:id="Bed016.E.dialogueact601" starttime="1500.65" endtime="1507.32" type="s" original-type="s" channel="c5" participant="me010">
      <nite:child href="Bed016.E.words.xml#id(Bed016.w.5,203)..id(Bed016.w.5,234)"/>
   </dialogueact>
   <dialogueact nite:id="Bed016.E.dialogueact604" starttime="1507.32" endtime="1508.39" type="s" original-type="s" channel="c5" participant="me010">
      <nite:child href="Bed016.E.words.xml#id(Bed016.w.5,235)..id(Bed016.w.5,240)"/>
   </dialogueact>
   <dialogueact nite:id="Bed016.E.dialogueact605" starttime="1508.59" endtime="1509.98" type="s" original-type="s" channel="c5" participant="me010">
      <nite:child href="Bed016.E.words.xml#id(Bed016.w.5,241)..id(Bed016.w.5,246)"/>
   </dialogueact>
   <dialogueact nite:id="Bed016.E.dialogueact606" starttime="1511.24" endtime="1512.99" type="s" original-type="s" channel="c5" participant="me010">
      <nite:child href="Bed016.E.words.xml#id(Bed016.w.5,247)..id(Bed016.w.5,259)"/>
   </dialogueact>
   <dialogueact nite:id="Bed016.E.dialogueact607" starttime="1512.99" endtime="1516.69" type="s" original-type="s" channel="c5" participant="me010">
      <nite:child href="Bed016.E.words.xml#id(Bed016.w.5,260)..id(Bed016.w.5,277)"/>
   </dialogueact>
   <dialogueact nite:id="Bed016.E.dialogueact610" starttime="1518.36" endtime="1519.34" type="s" original-type="s" channel="c5" participant="me010">
      <nite:child href="Bed016.E.words.xml#id(Bed016.w.5,280)..id(Bed016.w.5,286)"/>
   </dialogueact>
   <dialogueact nite:id="Bed016.E.dialogueact612" starttime="1520.44" endtime="1523.95" type="s^bd^df" original-type="s^bd^df" channel="c5" participant="me010">
      <nite:child href="Bed016.E.words.xml#id(Bed016.w.5,289)..id(Bed016.w.5,305)"/>
   </dialogueact>
   <dialogueact nite:id="Bed016.E.dialogueact614" starttime="1528.19" endtime="1537.45" type="s" adjacency="16a" original-type="s" channel="c5" participant="me010">
      <nite:child href="Bed016.E.words.xml#id(Bed016.w.5,308)..id(Bed016.w.5,340)"/>
   </dialogueact>
   <dialogueact nite:id="Bed016.E.dialogueact616" starttime="1538.33" endtime="1543.4" type="s" adjacency="16a+" original-type="s" channel="c5" participant="me010">
      <nite:child href="Bed016.E.words.xml#id(Bed016.w.5,341)..id(Bed016.w.5,358)"/>
   </dialogueact>
   <dialogueact nite:id="Bed016.E.dialogueact622" starttime="1553.54" endtime="1553.76" type="s^bk" adjacency="18b" original-type="s^bk" channel="c5" participant="me010">
      <nite:child href="Bed016.E.words.xml#id(Bed016.w.5,404)..id(Bed016.w.5,405)"/>
   </dialogueact>
   <dialogueact nite:id="Bed016.E.dialogueact625" starttime="1562.1" endtime="1562.3" type="b" original-type="b" channel="c5" participant="me010">
      <nite:child href="Bed016.E.words.xml#id(Bed016.w.5,440)..id(Bed016.w.5,441)"/>
   </dialogueact>
   <dialogueact nite:id="Bed016.E.dialogueact627" starttime="1566.94" endtime="1568.14" type="s" adjacency="19b.20a" original-type="s" channel="c5" participant="me010">
      <nite:child href="Bed016.E.words.xml#id(Bed016.w.5,442)..id(Bed016.w.5,448)"/>
   </dialogueact>
   <dialogueact nite:id="Bed016.E.dialogueact629" starttime="1571.41" endtime="1573.21" type="s^bk|s^df" original-type="s^bk|s^df" channel="c5" participant="me010">
      <nite:child href="Bed016.E.words.xml#id(Bed016.w.5,472)..id(Bed016.w.5,482)"/>
   </dialogueact>
   <dialogueact nite:id="Bed016.E.dialogueact631" starttime="1574.81" endtime="1577.02" type="s.%--" adjacency="21a" original-type="s.%--" channel="c5" participant="me010">
      <nite:child href="Bed016.E.words.xml#id(Bed016.w.5,487)..id(Bed016.w.5,495)"/>
   </dialogueact>
   <dialogueact nite:id="Bed016.E.dialogueact632" starttime="1577.89" endtime="1578.41" type="fh" original-type="fh" channel="c5" participant="me010">
      <nite:child href="Bed016.E.words.xml#id(Bed016.w.5,496)..id(Bed016.w.5,497)"/>
   </dialogueact>
   <dialogueact nite:id="Bed016.E.dialogueact634" starttime="1580.41" endtime="1581.68" type="s^2.%--" adjacency="22b" original-type="s^2.%--" channel="c5" participant="me010">
      <nite:child href="Bed016.E.words.xml#id(Bed016.w.5,507)..id(Bed016.w.5,517)"/>
   </dialogueact>
   <dialogueact nite:id="Bed016.E.dialogueact635" starttime="1581.68" endtime="1581.83" type="s^f" original-type="s^f" channel="c5" participant="me010">
      <nite:child href="Bed016.E.words.xml#id(Bed016.w.5,518)..id(Bed016.disfmarker.148)"/>
   </dialogueact>
   <dialogueact nite:id="Bed016.E.dialogueact637" starttime="1582.08" endtime="1583.3" type="s:s" original-type="s:s" channel="c5" participant="me010">
      <nite:child href="Bed016.E.words.xml#id(Bed016.w.5,520)..id(Bed016.w.5,528)"/>
   </dialogueact>
   <dialogueact nite:id="Bed016.E.dialogueact639" starttime="1585.88" endtime="1587.27" type="s" adjacency="23b" original-type="s" channel="c5" participant="me010">
      <nite:child href="Bed016.E.words.xml#id(Bed016.w.5,545)..id(Bed016.w.5,557)"/>
   </dialogueact>
   <dialogueact nite:id="Bed016.E.dialogueact640" starttime="1591.13" endtime="1591.78" type="fh" original-type="fh" channel="c5" participant="me010">
      <nite:child href="Bed016.E.words.xml#id(Bed016.w.5,560)..id(Bed016.w.5,563)"/>
   </dialogueact>
   <dialogueact nite:id="Bed016.E.dialogueact642" starttime="1597.58" endtime="1597.85" type="s^aa" adjacency="24b-1" original-type="s^aa" channel="c5" participant="me010">
      <nite:child href="Bed016.E.words.xml#id(Bed016.w.5,584)..id(Bed016.w.5,585)"/>
   </dialogueact>
   <dialogueact nite:id="Bed016.E.dialogueact644" starttime="1600.81" endtime="1607.2" type="s" original-type="s" channel="c5" participant="me010">
      <nite:child href="Bed016.E.words.xml#id(Bed016.w.5,588)..id(Bed016.w.5,605)"/>
   </dialogueact>
   <dialogueact nite:id="Bed016.E.dialogueact645" starttime="1608.1" endtime="1615.33" type="s" original-type="s" channel="c5" participant="me010">
      <nite:child href="Bed016.E.words.xml#id(Bed016.w.5,606)..id(Bed016.w.5,641)"/>
   </dialogueact>
   <dialogueact nite:id="Bed016.E.dialogueact647" starttime="1615.58" endtime="1616.36" type="s" original-type="s" channel="c5" participant="me010">
      <nite:child href="Bed016.E.words.xml#id(Bed016.w.5,642)..id(Bed016.w.5,646)"/>
   </dialogueact>
   <dialogueact nite:id="Bed016.E.dialogueact648" starttime="1616.41" endtime="1617.94" type="fh" original-type="fh" channel="c5" participant="me010">
      <nite:child href="Bed016.E.words.xml#id(Bed016.w.5,647)..id(Bed016.w.5,650)"/>
   </dialogueact>
   <dialogueact nite:id="Bed016.E.dialogueact649" starttime="1618.34" endtime="1619.21" type="s" adjacency="25a" original-type="s" channel="c5" participant="me010">
      <nite:child href="Bed016.E.words.xml#id(Bed016.w.5,651)..id(Bed016.w.5,653)"/>
   </dialogueact>
   <dialogueact nite:id="Bed016.E.dialogueact650" starttime="1619.3" endtime="1621.37" type="s" adjacency="25a+" original-type="s" channel="c5" participant="me010">
      <nite:child href="Bed016.E.words.xml#id(Bed016.w.5,654)..id(Bed016.w.5,663)"/>
   </dialogueact>
   <dialogueact nite:id="Bed016.E.dialogueact651" starttime="1621.6" endtime="1622.7" type="s^bd^no^rt" adjacency="25a++" original-type="s^bd^no^rt" channel="c5" participant="me010">
      <nite:child href="Bed016.E.words.xml#id(Bed016.w.5,664)..id(Bed016.w.5,670)"/>
   </dialogueact>
   <dialogueact nite:id="Bed016.E.dialogueact656" starttime="1628.66" endtime="1629.24" type="fg" original-type="fg" channel="c5" participant="me010">
      <nite:child href="Bed016.E.words.xml#id(Bed016.w.5,691)..id(Bed016.w.5,692)"/>
   </dialogueact>
   <dialogueact nite:id="Bed016.E.dialogueact659" starttime="1630.82" endtime="1634.05" type="fg|%-" original-type="fg|%-" channel="c5" participant="me010">
      <nite:child href="Bed016.E.words.xml#id(Bed016.w.5,699)..id(Bed016.disfmarker.156)"/>
   </dialogueact>
   <dialogueact nite:id="Bed016.E.dialogueact664" starttime="1638.01" endtime="1639.43" type="s.%--" original-type="s.%--" channel="c5" participant="me010">
      <nite:child href="Bed016.E.words.xml#id(Bed016.w.5,747)..id(Bed016.disfmarker.158)"/>
   </dialogueact>
   <dialogueact nite:id="Bed016.E.dialogueact665" starttime="1639.43" endtime="1639.82" type="s^aa" adjacency="26b" original-type="s^aa" channel="c5" participant="me010">
      <nite:child href="Bed016.E.words.xml#id(Bed016.w.5,753)..id(Bed016.disfmarker.159)"/>
   </dialogueact>
   <dialogueact nite:id="Bed016.E.dialogueact667" starttime="1640.26" endtime="1641.28" type="s^aa|s^na" adjacency="26b+" original-type="s^aa|s^na" channel="c5" participant="me010">
      <nite:child href="Bed016.E.words.xml#id(Bed016.w.5,755)..id(Bed016.w.5,761)"/>
   </dialogueact>
   <dialogueact nite:id="Bed016.E.dialogueact668" starttime="1641.4" endtime="1641.87" type="s^r" original-type="s^r" channel="c5" participant="me010">
      <nite:child href="Bed016.E.words.xml#id(Bed016.w.5,762)..id(Bed016.w.5,763)"/>
   </dialogueact>
   <dialogueact nite:id="Bed016.E.dialogueact669" starttime="1641.87" endtime="1644.9" type="s" adjacency="27a" original-type="s" channel="c5" participant="me010">
      <nite:child href="Bed016.E.words.xml#id(Bed016.w.5,764)..id(Bed016.w.5,775)"/>
   </dialogueact>
   <dialogueact nite:id="Bed016.E.dialogueact672" starttime="1647.39" endtime="1647.81" type="fh" original-type="fh" channel="c5" participant="me010">
      <nite:child href="Bed016.E.words.xml#id(Bed016.w.5,783)..id(Bed016.w.5,784)"/>
   </dialogueact>
   <dialogueact nite:id="Bed016.E.dialogueact675" starttime="1650.97" endtime="1651.22" type="s^bk" adjacency="28b-1" original-type="s^bk" channel="c5" participant="me010">
      <nite:child href="Bed016.E.words.xml#id(Bed016.w.5,796)..id(Bed016.w.5,797)"/>
   </dialogueact>
   <dialogueact nite:id="Bed016.E.dialogueact687" starttime="1669.32" endtime="1670.74" type="fg" original-type="fg" channel="c5" participant="me010">
      <nite:child href="Bed016.E.words.xml#id(Bed016.w.5,877)..id(Bed016.w.5,882)"/>
   </dialogueact>
   <dialogueact nite:id="Bed016.E.dialogueact688" starttime="1671.36" endtime="1672.93" type="qo" original-type="qo" channel="c5" participant="me010">
      <nite:child href="Bed016.E.words.xml#id(Bed016.w.5,883)..id(Bed016.w.5,890)"/>
   </dialogueact>
   <dialogueact nite:id="Bed016.E.dialogueact689" starttime="1673.73" endtime="1674.81" type="s.%--" original-type="s.%--" channel="c5" participant="me010">
      <nite:child href="Bed016.E.words.xml#id(Bed016.w.5,893)..id(Bed016.disfmarker.163)"/>
   </dialogueact>
   <dialogueact nite:id="Bed016.E.dialogueact691" starttime="1675.87" endtime="1678.17" type="s^cs" adjacency="31a" original-type="s^cs" channel="c5" participant="me010">
      <nite:child href="Bed016.E.words.xml#id(Bed016.w.5,899)..id(Bed016.w.5,912)"/>
   </dialogueact>
   <dialogueact nite:id="Bed016.E.dialogueact696" starttime="1696.46" endtime="1696.79" type="s^bk" adjacency="32b-2" original-type="s^bk" channel="c5" participant="me010">
      <nite:child href="Bed016.E.words.xml#id(Bed016.w.5,967)..id(Bed016.w.5,968)"/>
   </dialogueact>
   <dialogueact nite:id="Bed016.E.dialogueact700" starttime="1705.8" endtime="1706.77" type="fg" original-type="fg" channel="c5" participant="me010">
      <nite:child href="Bed016.E.words.xml#id(Bed016.w.5,997)..id(Bed016.w.5,999)"/>
   </dialogueact>
   <dialogueact nite:id="Bed016.E.dialogueact705" starttime="1721.89" endtime="1725.14" type="s:s" original-type="s:s" channel="c5" participant="me010">
      <nite:child href="Bed016.E.words.xml#id(Bed016.w.6,058)..id(Bed016.w.6,075)"/>
   </dialogueact>
   <dialogueact nite:id="Bed016.E.dialogueact706" starttime="1726.61" endtime="1727.85" type="s" original-type="s" channel="c5" participant="me010">
      <nite:child href="Bed016.E.words.xml#id(Bed016.w.6,076)..id(Bed016.w.6,085)"/>
   </dialogueact>
   <dialogueact nite:id="Bed016.E.dialogueact708" starttime="1728.23" endtime="1729.27" type="s" original-type="s" channel="c5" participant="me010">
      <nite:child href="Bed016.E.words.xml#id(Bed016.w.6,090)..id(Bed016.w.6,102)"/>
   </dialogueact>
   <dialogueact nite:id="Bed016.E.dialogueact709" starttime="1730.12" endtime="1732.45" type="s^ba" original-type="s^ba" channel="c5" participant="me010">
      <nite:child href="Bed016.E.words.xml#id(Bed016.w.6,103)..id(Bed016.w.6,112)"/>
   </dialogueact>
   <dialogueact nite:id="Bed016.E.dialogueact710" starttime="1732.55" endtime="1734.95" type="s" adjacency="35a" original-type="s" channel="c5" participant="me010">
      <nite:child href="Bed016.E.words.xml#id(Bed016.w.6,113)..id(Bed016.w.6,120)"/>
   </dialogueact>
   <dialogueact nite:id="Bed016.E.dialogueact711" starttime="1736.85" endtime="1737.42" type="s^f" original-type="s^f" channel="c5" participant="me010">
      <nite:child href="Bed016.E.words.xml#id(Bed016.w.6,121)..id(Bed016.w.6,122)"/>
   </dialogueact>
   <dialogueact nite:id="Bed016.E.dialogueact713" starttime="1740.09" endtime="1741.23" type="s^bk|qw" adjacency="36b-1" original-type="s^bk|qw" channel="c5" participant="me010">
      <nite:child href="Bed016.E.words.xml#id(Bed016.w.6,137)..id(Bed016.w.6,143)"/>
   </dialogueact>
   <dialogueact nite:id="Bed016.E.dialogueact718" starttime="1744.48" endtime="1746.56" type="%-" original-type="%-" channel="c5" participant="me010">
      <nite:child href="Bed016.E.words.xml#id(Bed016.w.6,151)..id(Bed016.disfmarker.175)"/>
   </dialogueact>
   <dialogueact nite:id="Bed016.E.dialogueact723" starttime="1758.89" endtime="1759.81" type="fg|s^na" original-type="fg|s^na" channel="c5" participant="me010">
      <nite:child href="Bed016.E.words.xml#id(Bed016.w.6,240)..id(Bed016.w.6,247)"/>
   </dialogueact>
   <dialogueact nite:id="Bed016.E.dialogueact724" starttime="1759.81" endtime="1760.09" type="%-" original-type="%-" channel="c5" participant="me010">
      <nite:child href="Bed016.E.words.xml#id(Bed016.w.6,248)..id(Bed016.disfmarker.182)"/>
   </dialogueact>
   <dialogueact nite:id="Bed016.E.dialogueact727" starttime="1761.61" endtime="1761.96" type="b" original-type="b" channel="c5" participant="me010">
      <nite:child href="Bed016.E.words.xml#id(Bed016.w.6,251)..id(Bed016.w.6,252)"/>
   </dialogueact>
   <dialogueact nite:id="Bed016.E.dialogueact729" starttime="1765.72" endtime="1765.94" type="b" original-type="b" channel="c5" participant="me010">
      <nite:child href="Bed016.E.words.xml#id(Bed016.w.6,253)..id(Bed016.w.6,254)"/>
   </dialogueact>
   <dialogueact nite:id="Bed016.E.dialogueact730" starttime="1768.25" endtime="1768.42" type="b" original-type="b" channel="c5" participant="me010">
      <nite:child href="Bed016.E.words.xml#id(Bed016.w.6,255)..id(Bed016.w.6,256)"/>
   </dialogueact>
   <dialogueact nite:id="Bed016.E.dialogueact736" starttime="1775.38" endtime="1775.54" type="b" original-type="b" channel="c5" participant="me010">
      <nite:child href="Bed016.E.words.xml#id(Bed016.w.6,297)..id(Bed016.w.6,298)"/>
   </dialogueact>
   <dialogueact nite:id="Bed016.E.dialogueact738" starttime="1777.81" endtime="1778.0" type="fg" original-type="fg" channel="c5" participant="me010">
      <nite:child href="Bed016.E.words.xml#id(Bed016.w.6,299)..id(Bed016.w.6,300)"/>
   </dialogueact>
   <dialogueact nite:id="Bed016.E.dialogueact740" starttime="1782.19" endtime="1786.27" type="fg|s" adjacency="37a" original-type="fg|s" channel="c5" participant="me010">
      <nite:child href="Bed016.E.words.xml#id(Bed016.w.6,301)..id(Bed016.w.6,319)"/>
   </dialogueact>
   <dialogueact nite:id="Bed016.E.dialogueact741" starttime="1786.27" endtime="1788.32" type="s" original-type="s" channel="c5" participant="me010">
      <nite:child href="Bed016.E.words.xml#id(Bed016.w.6,320)..id(Bed016.w.6,327)"/>
   </dialogueact>
   <dialogueact nite:id="Bed016.E.dialogueact743" starttime="1789.02" endtime="1790.33" type="s^cs^e" adjacency="38a" original-type="s^cs^e" channel="c5" participant="me010">
      <nite:child href="Bed016.E.words.xml#id(Bed016.w.6,334)..id(Bed016.w.6,343)"/>
   </dialogueact>
   <dialogueact nite:id="Bed016.E.dialogueact744" starttime="1790.33" endtime="1790.58" type="%-" original-type="%-" channel="c5" participant="me010">
      <nite:child href="Bed016.E.words.xml#id(Bed016.w.6,344)..id(Bed016.disfmarker.186)"/>
   </dialogueact>
   <dialogueact nite:id="Bed016.E.dialogueact747" starttime="1796.19" endtime="1797.65" type="s^ng" adjacency="39b.40a" original-type="s^ng" channel="c5" participant="me010">
      <nite:child href="Bed016.E.words.xml#id(Bed016.w.6,365)..id(Bed016.w.6,374)"/>
   </dialogueact>
   <dialogueact nite:id="Bed016.E.dialogueact748" starttime="1797.65" endtime="1797.9" type="s^bd" original-type="s^bd" channel="c5" participant="me010">
      <nite:child href="Bed016.E.words.xml#id(Bed016.w.6,375)..id(Bed016.w.6,377)"/>
   </dialogueact>
   <dialogueact nite:id="Bed016.E.dialogueact751" starttime="1798.82" endtime="1800.12" type="fg" original-type="fg" channel="c5" participant="me010">
      <nite:child href="Bed016.E.words.xml#id(Bed016.w.6,383)..id(Bed016.w.6,387)"/>
   </dialogueact>
   <dialogueact nite:id="Bed016.E.dialogueact755" starttime="1806.5" endtime="1806.76" type="b" original-type="b" channel="c5" participant="me010">
      <nite:child href="Bed016.E.words.xml#id(Bed016.w.6,413)..id(Bed016.w.6,414)"/>
   </dialogueact>
   <dialogueact nite:id="Bed016.E.dialogueact758" starttime="1809.06" endtime="1809.31" type="b" original-type="b" channel="c5" participant="me010">
      <nite:child href="Bed016.E.words.xml#id(Bed016.w.6,431)..id(Bed016.w.6,432)"/>
   </dialogueact>
   <dialogueact nite:id="Bed016.E.dialogueact792" starttime="1871.69" endtime="1872.25" comment="FBH" type="b" original-type="b" channel="c5" participant="me010">
      <nite:child href="Bed016.E.words.xml#id(Bed016.w.6,708)..id(Bed016.w.6,709)"/>
   </dialogueact>
   <dialogueact nite:id="Bed016.E.dialogueact799" starttime="1883.1" endtime="1884.79" type="s^2^aap" adjacency="7b" original-type="s^2^aap" channel="c5" participant="me010">
      <nite:child href="Bed016.E.words.xml#id(Bed016.w.6,758)..id(Bed016.w.6,768)"/>
   </dialogueact>
   <dialogueact nite:id="Bed016.E.dialogueact800" starttime="1886.03" endtime="1888.61" type="s" adjacency="8a" original-type="s" channel="c5" participant="me010">
      <nite:child href="Bed016.E.words.xml#id(Bed016.w.6,769)..id(Bed016.w.6,783)"/>
   </dialogueact>
   <dialogueact nite:id="Bed016.E.dialogueact804" starttime="1888.98" endtime="1889.2" type="fh" original-type="fh" channel="c5" participant="me010">
      <nite:child href="Bed016.E.words.xml#id(Bed016.w.6,800)..id(Bed016.w.6,801)"/>
   </dialogueact>
   <dialogueact nite:id="Bed016.E.dialogueact805" starttime="1890.38" endtime="1891.01" type="s^bd^df" adjacency="9b.10a" original-type="s^bd^df" channel="c5" participant="me010">
      <nite:child href="Bed016.E.words.xml#id(Bed016.w.6,802)..id(Bed016.w.6,806)"/>
   </dialogueact>
   <dialogueact nite:id="Bed016.E.dialogueact806" starttime="1891.01" endtime="1892.58" type="s.%-" original-type="s.%-" channel="c5" participant="me010">
      <nite:child href="Bed016.E.words.xml#id(Bed016.w.6,807)..id(Bed016.w.6,812)"/>
   </dialogueact>
   <dialogueact nite:id="Bed016.E.dialogueact809" starttime="1893.13" endtime="1893.54" comment="FBH" type="qy.%-" original-type="qy.%-" channel="c5" participant="me010">
      <nite:child href="Bed016.E.words.xml#id(Bed016.w.6,832)..id(Bed016.disfmarker.215)"/>
   </dialogueact>
   <dialogueact nite:id="Bed016.E.dialogueact811" starttime="1895.98" endtime="1896.21" type="s^aa" adjacency="11b-2" original-type="s^aa" channel="c5" participant="me010">
      <nite:child href="Bed016.E.words.xml#id(Bed016.w.6,835)..id(Bed016.w.6,836)"/>
   </dialogueact>
   <dialogueact nite:id="Bed016.E.dialogueact816" starttime="1899.24" endtime="1899.49" type="b" original-type="b" channel="c5" participant="me010">
      <nite:child href="Bed016.E.words.xml#id(Bed016.w.6,859)..id(Bed016.w.6,860)"/>
   </dialogueact>
   <dialogueact nite:id="Bed016.E.dialogueact818" starttime="1900.24" endtime="1901.56" type="fg" original-type="fg" channel="c5" participant="me010">
      <nite:child href="Bed016.E.words.xml#id(Bed016.w.6,861)..id(Bed016.disfmarker.216)"/>
   </dialogueact>
   <dialogueact nite:id="Bed016.E.dialogueact820" starttime="1905.4" endtime="1908.5" type="s.%--" original-type="s.%--" channel="c5" participant="me010">
      <nite:child href="Bed016.E.words.xml#id(Bed016.w.6,866)..id(Bed016.w.6,879)"/>
   </dialogueact>
   <dialogueact nite:id="Bed016.E.dialogueact821" starttime="1909.16" endtime="1909.54" type="fh" original-type="fh" channel="c5" participant="me010">
      <nite:child href="Bed016.E.words.xml#id(Bed016.w.6,880)..id(Bed016.w.6,881)"/>
   </dialogueact>
   <dialogueact nite:id="Bed016.E.dialogueact822" starttime="1909.95" endtime="1910.67" type="s" original-type="s" channel="c5" participant="me010">
      <nite:child href="Bed016.E.words.xml#id(Bed016.w.6,882)..id(Bed016.w.6,884)"/>
   </dialogueact>
   <dialogueact nite:id="Bed016.E.dialogueact823" starttime="1910.67" endtime="1910.98" type="%--" original-type="%--" channel="c5" participant="me010">
      <nite:child href="Bed016.E.words.xml#id(Bed016.w.6,885)..id(Bed016.disfmarker.220)"/>
   </dialogueact>
   <dialogueact nite:id="Bed016.E.dialogueact825" starttime="1911.27" endtime="1912.83" type="s" adjacency="12a" original-type="s" channel="c5" participant="me010">
      <nite:child href="Bed016.E.words.xml#id(Bed016.w.6,887)..id(Bed016.w.6,897)"/>
   </dialogueact>
   <dialogueact nite:id="Bed016.E.dialogueact827" starttime="1914.86" endtime="1916.55" type="s" adjacency="13b" original-type="s" channel="c5" participant="me010">
      <nite:child href="Bed016.E.words.xml#id(Bed016.w.6,905)..id(Bed016.w.6,917)"/>
   </dialogueact>
   <dialogueact nite:id="Bed016.E.dialogueact830" starttime="1916.55" endtime="1916.75" type="qw^br" adjacency="14b.15a" original-type="qw^br" channel="c5" participant="me010">
      <nite:child href="Bed016.E.words.xml#id(Bed016.w.6,918)..id(Bed016.w.6,919)"/>
   </dialogueact>
   <dialogueact nite:id="Bed016.E.dialogueact832" starttime="1918.42" endtime="1918.73" type="s.%-" original-type="s.%-" channel="c5" participant="me010">
      <nite:child href="Bed016.E.words.xml#id(Bed016.w.6,936)..id(Bed016.w.6,938)"/>
   </dialogueact>
   <dialogueact nite:id="Bed016.E.dialogueact833" starttime="1919.87" endtime="1920.89" type="s" adjacency="16b.17a" original-type="s" channel="c5" participant="me010">
      <nite:child href="Bed016.E.words.xml#id(Bed016.w.6,939)..id(Bed016.w.6,948)"/>
   </dialogueact>
   <dialogueact nite:id="Bed016.E.dialogueact835" starttime="1921.2" endtime="1921.58" type="b" original-type="b" channel="c5" participant="me010">
      <nite:child href="Bed016.E.words.xml#id(Bed016.w.6,949)..id(Bed016.w.6,950)"/>
   </dialogueact>
   <dialogueact nite:id="Bed016.E.dialogueact836" starttime="1922.27" endtime="1922.95" type="s" original-type="s" channel="c5" participant="me010">
      <nite:child href="Bed016.E.words.xml#id(Bed016.w.6,953)..id(Bed016.w.6,959)"/>
   </dialogueact>
   <dialogueact nite:id="Bed016.E.dialogueact837" starttime="1922.95" endtime="1924.27" type="s" adjacency="18a" original-type="s" channel="c5" participant="me010">
      <nite:child href="Bed016.E.words.xml#id(Bed016.w.6,960)..id(Bed016.w.6,970)"/>
   </dialogueact>
   <dialogueact nite:id="Bed016.E.dialogueact840" starttime="1926.26" endtime="1926.79" type="s" original-type="s" channel="c5" participant="me010">
      <nite:child href="Bed016.E.words.xml#id(Bed016.w.6,994)..id(Bed016.w.6,996)"/>
   </dialogueact>
   <dialogueact nite:id="Bed016.E.dialogueact844" starttime="1929.2" endtime="1930.26" type="s^aa|s^na" adjacency="19b" original-type="s^aa|s^na" channel="c5" participant="me010">
      <nite:child href="Bed016.E.words.xml#id(Bed016.w.7,007)..id(Bed016.w.7,015)"/>
   </dialogueact>
   <dialogueact nite:id="Bed016.E.dialogueact847" starttime="1935.4" endtime="1937.71" type="fg|s" adjacency="20a" original-type="fg|s" channel="c5" participant="me010">
      <nite:child href="Bed016.E.words.xml#id(Bed016.w.7,034)..id(Bed016.w.7,050)"/>
   </dialogueact>
   <dialogueact nite:id="Bed016.E.dialogueact851" starttime="1938.23" endtime="1938.53" type="s^bk" adjacency="20b-3" original-type="s^bk" channel="c5" participant="me010">
      <nite:child href="Bed016.E.words.xml#id(Bed016.w.7,055)..id(Bed016.w.7,056)"/>
   </dialogueact>
   <dialogueact nite:id="Bed016.E.dialogueact852" starttime="1939.02" endtime="1940.92" type="fh" original-type="fh" channel="c5" participant="me010">
      <nite:child href="Bed016.E.words.xml#id(Bed016.w.7,057)..id(Bed016.disfmarker.226)"/>
   </dialogueact>
   <dialogueact nite:id="Bed016.E.dialogueact856" starttime="1944.91" endtime="1945.12" type="b" original-type="b" channel="c5" participant="me010">
      <nite:child href="Bed016.E.words.xml#id(Bed016.w.7,109)..id(Bed016.w.7,110)"/>
   </dialogueact>
   <dialogueact nite:id="Bed016.E.dialogueact857" starttime="1945.84" endtime="1946.28" type="b.%" original-type="b.%" channel="c5" participant="me010">
      <nite:child href="Bed016.E.words.xml#id(Bed016.w.7,111)..id(Bed016.w.7,112)"/>
   </dialogueact>
   <dialogueact nite:id="Bed016.E.dialogueact867" starttime="1966.13" endtime="1967.26" type="s^ar|s^ng" adjacency="24b-2" original-type="s^ar|s^ng" channel="c5" participant="me010">
      <nite:child href="Bed016.E.words.xml#id(Bed016.w.7,166)..id(Bed016.w.7,175)"/>
   </dialogueact>
   <dialogueact nite:id="Bed016.E.dialogueact869" starttime="1967.26" endtime="1968.5" type="%--" original-type="%--" channel="c5" participant="me010">
      <nite:child href="Bed016.E.words.xml#id(Bed016.w.7,176)..id(Bed016.w.7,186)"/>
   </dialogueact>
   <dialogueact nite:id="Bed016.E.dialogueact871" starttime="1968.5" endtime="1969.86" type="s" original-type="s" channel="c5" participant="me010">
      <nite:child href="Bed016.E.words.xml#id(Bed016.w.7,187)..id(Bed016.w.7,193)"/>
   </dialogueact>
   <dialogueact nite:id="Bed016.E.dialogueact876" starttime="1973.05" endtime="1973.26" type="b" original-type="b" channel="c5" participant="me010">
      <nite:child href="Bed016.E.words.xml#id(Bed016.w.7,247)..id(Bed016.w.7,248)"/>
   </dialogueact>
   <dialogueact nite:id="Bed016.E.dialogueact880" starttime="1976.63" endtime="1976.81" type="s^aa" adjacency="25b-1" original-type="s^aa" channel="c5" participant="me010">
      <nite:child href="Bed016.E.words.xml#id(Bed016.w.7,251)..id(Bed016.w.7,252)"/>
   </dialogueact>
   <dialogueact nite:id="Bed016.E.dialogueact900" starttime="1999.93" endtime="2004.38" type="s^ar|s.%--" adjacency="29b" original-type="s^ar|s.%--" channel="c5" participant="me010">
      <nite:child href="Bed016.E.words.xml#id(Bed016.w.7,374)..id(Bed016.w.7,394)"/>
   </dialogueact>
   <dialogueact nite:id="Bed016.E.dialogueact903" starttime="2005.05" endtime="2005.18" type="%--" original-type="%--" channel="c5" participant="me010">
      <nite:child href="Bed016.E.words.xml#id(Bed016.w.7,404)"/>
   </dialogueact>
   <dialogueact nite:id="Bed016.E.dialogueact904" starttime="2005.18" endtime="2011.8" type="s^aa|s.%-" adjacency="29a" original-type="s^aa|s.%-" channel="c5" participant="me010">
      <nite:child href="Bed016.E.words.xml#id(Bed016.w.7,405)..id(Bed016.w.7,435)"/>
   </dialogueact>
   <dialogueact nite:id="Bed016.E.dialogueact907" starttime="2012.76" endtime="2013.69" type="s" original-type="s" channel="c5" participant="me010">
      <nite:child href="Bed016.E.words.xml#id(Bed016.w.7,443)..id(Bed016.w.7,450)"/>
   </dialogueact>
   <dialogueact nite:id="Bed016.E.dialogueact908" starttime="2013.69" endtime="2014.64" type="s" original-type="s" channel="c5" participant="me010">
      <nite:child href="Bed016.E.words.xml#id(Bed016.w.7,451)..id(Bed016.w.7,456)"/>
   </dialogueact>
   <dialogueact nite:id="Bed016.E.dialogueact909" starttime="2015.3" endtime="2016.14" type="s.%--" original-type="s.%--" channel="c5" participant="me010">
      <nite:child href="Bed016.E.words.xml#id(Bed016.w.7,457)..id(Bed016.w.7,461)"/>
   </dialogueact>
   <dialogueact nite:id="Bed016.E.dialogueact910" starttime="2016.71" endtime="2021.56" type="s" original-type="s" channel="c5" participant="me010">
      <nite:child href="Bed016.E.words.xml#id(Bed016.w.7,462)..id(Bed016.w.7,485)"/>
   </dialogueact>
   <dialogueact nite:id="Bed016.E.dialogueact911" starttime="2021.56" endtime="2022.02" type="fh" original-type="fh" channel="c5" participant="me010">
      <nite:child href="Bed016.E.words.xml#id(Bed016.w.7,486)..id(Bed016.w.7,487)"/>
   </dialogueact>
   <dialogueact nite:id="Bed016.E.dialogueact913" starttime="2022.6" endtime="2023.69" type="%--" original-type="%--" channel="c5" participant="me010">
      <nite:child href="Bed016.E.words.xml#id(Bed016.w.7,492)..id(Bed016.w.7,494)"/>
   </dialogueact>
   <dialogueact nite:id="Bed016.E.dialogueact914" starttime="2024.68" endtime="2026.7" type="s" original-type="s" channel="c5" participant="me010">
      <nite:child href="Bed016.E.words.xml#id(Bed016.w.7,495)..id(Bed016.w.7,506)"/>
   </dialogueact>
   <dialogueact nite:id="Bed016.E.dialogueact915" starttime="2026.7" endtime="2031.31" type="s" adjacency="30a" original-type="s" channel="c5" participant="me010">
      <nite:child href="Bed016.E.words.xml#id(Bed016.w.7,507)..id(Bed016.w.7,526)"/>
   </dialogueact>
   <dialogueact nite:id="Bed016.E.dialogueact917" starttime="2031.31" endtime="2033.52" type="s" adjacency="30a+" original-type="s" channel="c5" participant="me010">
      <nite:child href="Bed016.E.words.xml#id(Bed016.w.7,527)..id(Bed016.w.7,540)"/>
   </dialogueact>
   <dialogueact nite:id="Bed016.E.dialogueact919" starttime="2035.57" endtime="2038.66" type="fh" original-type="fh" channel="c5" participant="me010">
      <nite:child href="Bed016.E.words.xml#id(Bed016.w.7,543)..id(Bed016.w.7,545)"/>
   </dialogueact>
   <dialogueact nite:id="Bed016.E.dialogueact920" starttime="2038.85" endtime="2040.21" type="s^ba^df" original-type="s^ba^df" channel="c5" participant="me010">
      <nite:child href="Bed016.E.words.xml#id(Bed016.w.7,546)..id(Bed016.w.7,549)"/>
   </dialogueact>
   <dialogueact nite:id="Bed016.E.dialogueact921" starttime="2040.21" endtime="2044.92" type="s" adjacency="31a" original-type="s" channel="c5" participant="me010">
      <nite:child href="Bed016.E.words.xml#id(Bed016.w.7,550)..id(Bed016.w.7,561)"/>
   </dialogueact>
   <dialogueact nite:id="Bed016.E.dialogueact925" starttime="2046.18" endtime="2047.39" type="s^na" adjacency="32b" original-type="s^na" channel="c5" participant="me010">
      <nite:child href="Bed016.E.words.xml#id(Bed016.w.7,577)..id(Bed016.w.7,585)"/>
   </dialogueact>
   <dialogueact nite:id="Bed016.E.dialogueact926" starttime="2047.81" endtime="2048.11" type="fh" original-type="fh" channel="c5" participant="me010">
      <nite:child href="Bed016.E.words.xml#id(Bed016.w.7,586)"/>
   </dialogueact>
   <dialogueact nite:id="Bed016.E.dialogueact928" starttime="2048.64" endtime="2052.64" type="s^co" original-type="s^co" channel="c5" participant="me010">
      <nite:child href="Bed016.E.words.xml#id(Bed016.w.7,596)..id(Bed016.w.7,611)"/>
   </dialogueact>
   <dialogueact nite:id="Bed016.E.dialogueact929" starttime="2052.64" endtime="2054.91" type="s^co.%--" original-type="s^co.%--" channel="c5" participant="me010">
      <nite:child href="Bed016.E.words.xml#id(Bed016.w.7,612)..id(Bed016.disfmarker.250)"/>
   </dialogueact>
   <dialogueact nite:id="Bed016.E.dialogueact930" starttime="2054.91" endtime="2059.9" type="s^ba" original-type="s^ba" channel="c5" participant="me010">
      <nite:child href="Bed016.E.words.xml#id(Bed016.w.7,618)..id(Bed016.w.7,625)"/>
   </dialogueact>
   <dialogueact nite:id="Bed016.E.dialogueact931" starttime="2059.9" endtime="2061.38" type="s.%--" original-type="s.%--" channel="c5" participant="me010">
      <nite:child href="Bed016.E.words.xml#id(Bed016.w.7,626)..id(Bed016.disfmarker.251)"/>
   </dialogueact>
   <dialogueact nite:id="Bed016.E.dialogueact932" starttime="2062.46" endtime="2064.83" type="s.%-" original-type="s.%-" channel="c5" participant="me010">
      <nite:child href="Bed016.E.words.xml#id(Bed016.w.7,631)..id(Bed016.disfmarker.252)"/>
   </dialogueact>
   <dialogueact nite:id="Bed016.E.dialogueact935" starttime="2068.04" endtime="2068.94" type="s^ar|s" adjacency="33b" original-type="s^ar|s" channel="c5" participant="me010">
      <nite:child href="Bed016.E.words.xml#id(Bed016.w.7,653)..id(Bed016.w.7,658)"/>
   </dialogueact>
   <dialogueact nite:id="Bed016.E.dialogueact936" starttime="2068.94" endtime="2071.29" type="s" original-type="s" channel="c5" participant="me010">
      <nite:child href="Bed016.E.words.xml#id(Bed016.w.7,659)..id(Bed016.w.7,668)"/>
   </dialogueact>
   <dialogueact nite:id="Bed016.E.dialogueact937" starttime="2071.29" endtime="2073.89" type="s" adjacency="34a" original-type="s" channel="c5" participant="me010">
      <nite:child href="Bed016.E.words.xml#id(Bed016.w.7,669)..id(Bed016.w.7,677)"/>
   </dialogueact>
   <dialogueact nite:id="Bed016.E.dialogueact939" starttime="2076.14" endtime="2076.34" type="s^ar" adjacency="35b-1" original-type="s^ar" channel="c5" participant="me010">
      <nite:child href="Bed016.E.words.xml#id(Bed016.w.7,684)..id(Bed016.w.7,685)"/>
   </dialogueact>
   <dialogueact nite:id="Bed016.E.dialogueact944" starttime="2077.68" endtime="2078.44" type="s" original-type="s" channel="c5" participant="me010">
      <nite:child href="Bed016.E.words.xml#id(Bed016.w.7,694)..id(Bed016.w.7,697)"/>
   </dialogueact>
   <dialogueact nite:id="Bed016.E.dialogueact947" starttime="2079.41" endtime="2079.64" type="b" adjacency="36b" original-type="b" channel="c5" participant="me010">
      <nite:child href="Bed016.E.words.xml#id(Bed016.w.7,720)..id(Bed016.w.7,721)"/>
   </dialogueact>
   <dialogueact nite:id="Bed016.E.dialogueact956" starttime="2088.03" endtime="2088.14" type="s^aa^j" adjacency="38b-1" original-type="s^aa^j" channel="c5" participant="me010">
      <nite:child href="Bed016.E.words.xml#id(Bed016.w.7,743)..id(Bed016.w.7,744)"/>
   </dialogueact>
   <dialogueact nite:id="Bed016.E.dialogueact957" starttime="2090.34" endtime="2091.06" type="s" adjacency="38b-2" original-type="s" channel="c5" participant="me010">
      <nite:child href="Bed016.E.words.xml#id(Bed016.w.7,745)..id(Bed016.w.7,750)"/>
   </dialogueact>
   <dialogueact nite:id="Bed016.E.dialogueact958" starttime="2092.71" endtime="2095.26" type="fh" original-type="fh" channel="c5" participant="me010">
      <nite:child href="Bed016.E.words.xml#id(Bed016.w.7,751)..id(Bed016.w.7,753)"/>
   </dialogueact>
   <dialogueact nite:id="Bed016.E.dialogueact971" starttime="2115.4" endtime="2115.55" type="s^aa" adjacency="42b-1" original-type="s^aa" channel="c5" participant="me010">
      <nite:child href="Bed016.E.words.xml#id(Bed016.w.7,829)..id(Bed016.w.7,830)"/>
   </dialogueact>
   <dialogueact nite:id="Bed016.E.dialogueact994" starttime="2163.85" endtime="2170.46" type="fg|s.%--" original-type="fg|s.%--" channel="c5" participant="me010">
      <nite:child href="Bed016.E.words.xml#id(Bed016.w.8,009)..id(Bed016.w.8,028)"/>
   </dialogueact>
   <dialogueact nite:id="Bed016.E.dialogueact995" starttime="2171.99" endtime="2173.15" type="fh" original-type="fh" channel="c5" participant="me010">
      <nite:child href="Bed016.E.words.xml#id(Bed016.w.8,029)..id(Bed016.w.8,030)"/>
   </dialogueact>
   <dialogueact nite:id="Bed016.E.dialogueact997" starttime="2185.67" endtime="2186.32" type="s.%--" original-type="s.%--" channel="c5" participant="me010">
      <nite:child href="Bed016.E.words.xml#id(Bed016.w.8,033)..id(Bed016.disfmarker.266)"/>
   </dialogueact>
   <dialogueact nite:id="Bed016.E.dialogueact998" starttime="2187.42" endtime="2190.46" type="s^cs:s" original-type="s^cs:s" channel="c5" participant="me010">
      <nite:child href="Bed016.E.words.xml#id(Bed016.w.8,038)..id(Bed016.w.8,050)"/>
   </dialogueact>
   <dialogueact nite:id="Bed016.E.dialogueact1000" starttime="2192.39" endtime="2193.54" type="s.%--" original-type="s.%--" channel="c5" participant="me010">
      <nite:child href="Bed016.E.words.xml#id(Bed016.w.8,052)..id(Bed016.w.8,059)"/>
   </dialogueact>
   <dialogueact nite:id="Bed016.E.dialogueact1001" starttime="2196.67" endtime="2197.19" type="fh" original-type="fh" channel="c5" participant="me010">
      <nite:child href="Bed016.E.words.xml#id(Bed016.w.8,060)..id(Bed016.w.8,061)"/>
   </dialogueact>
   <dialogueact nite:id="Bed016.E.dialogueact1002" starttime="2197.78" endtime="2199.77" comment="FBH" type="qh.%--" original-type="qh.%--" channel="c5" participant="me010">
      <nite:child href="Bed016.E.words.xml#id(Bed016.w.8,062)..id(Bed016.w.8,069)"/>
   </dialogueact>
   <dialogueact nite:id="Bed016.E.dialogueact1003" starttime="2200.97" endtime="2205.14" type="qh" adjacency="45a" original-type="qh" channel="c5" participant="me010">
      <nite:child href="Bed016.E.words.xml#id(Bed016.w.8,070)..id(Bed016.w.8,084)"/>
   </dialogueact>
   <dialogueact nite:id="Bed016.E.dialogueact1004" starttime="2205.66" endtime="2206.17" type="s^e" original-type="s^e" channel="c5" participant="me010">
      <nite:child href="Bed016.E.words.xml#id(Bed016.w.8,085)..id(Bed016.w.8,087)"/>
   </dialogueact>
   <dialogueact nite:id="Bed016.E.dialogueact1007" starttime="2207.35" endtime="2208.34" type="s^e" original-type="s^e" channel="c5" participant="me010">
      <nite:child href="Bed016.E.words.xml#id(Bed016.w.8,096)..id(Bed016.w.8,103)"/>
   </dialogueact>
   <dialogueact nite:id="Bed016.E.dialogueact1008" starttime="2209.57" endtime="2210.24" type="b" original-type="b" channel="c5" participant="me010">
      <nite:child href="Bed016.E.words.xml#id(Bed016.w.8,113)..id(Bed016.w.8,114)"/>
   </dialogueact>
   <dialogueact nite:id="Bed016.E.dialogueact1012" starttime="2211.28" endtime="2212.12" type="s^aa" adjacency="46b-2.47a" original-type="s^aa" channel="c5" participant="me010">
      <nite:child href="Bed016.E.words.xml#id(Bed016.w.8,117)..id(Bed016.w.8,122)"/>
   </dialogueact>
   <dialogueact nite:id="Bed016.E.dialogueact1016" starttime="2216.18" endtime="2218.29" type="s" original-type="s" channel="c5" participant="me010">
      <nite:child href="Bed016.E.words.xml#id(Bed016.w.8,140)..id(Bed016.w.8,151)"/>
   </dialogueact>
   <dialogueact nite:id="Bed016.E.dialogueact1017" starttime="2218.54" endtime="2219.35" type="fh" original-type="fh" channel="c5" participant="me010">
      <nite:child href="Bed016.E.words.xml#id(Bed016.w.8,152)..id(Bed016.w.8,153)"/>
   </dialogueact>
   <dialogueact nite:id="Bed016.E.dialogueact1021" starttime="2227.08" endtime="2227.35" type="b" original-type="b" channel="c5" participant="me010">
      <nite:child href="Bed016.E.words.xml#id(Bed016.w.8,175)..id(Bed016.w.8,176)"/>
   </dialogueact>
   <dialogueact nite:id="Bed016.E.dialogueact1022" starttime="2229.44" endtime="2230.5" type="fh" original-type="fh" channel="c5" participant="me010">
      <nite:child href="Bed016.E.words.xml#id(Bed016.w.8,177)..id(Bed016.w.8,178)"/>
   </dialogueact>
   <dialogueact nite:id="Bed016.E.dialogueact1031" starttime="2248.21" endtime="2249.89" type="s^na|s^aa" adjacency="48b" original-type="s^na|s^aa" channel="c5" participant="me010">
      <nite:child href="Bed016.E.words.xml#id(Bed016.w.8,248)..id(Bed016.w.8,256)"/>
   </dialogueact>
   <dialogueact nite:id="Bed016.E.dialogueact1032" starttime="2253.27" endtime="2255.51" type="s:qw" adjacency="49a" original-type="s:qw" channel="c5" participant="me010">
      <nite:child href="Bed016.E.words.xml#id(Bed016.w.8,257)..id(Bed016.w.8,272)"/>
   </dialogueact>
   <dialogueact nite:id="Bed016.E.dialogueact1034" starttime="2260.17" endtime="2265.23" type="s" adjacency="50a" original-type="s" channel="c5" participant="me010">
      <nite:child href="Bed016.E.words.xml#id(Bed016.w.8,275)..id(Bed016.w.8,282)"/>
   </dialogueact>
   <dialogueact nite:id="Bed016.E.dialogueact1036" starttime="2266.0" endtime="2266.37" type="s.%--" original-type="s.%--" channel="c5" participant="me010">
      <nite:child href="Bed016.E.words.xml#id(Bed016.w.8,283)..id(Bed016.disfmarker.276)"/>
   </dialogueact>
   <dialogueact nite:id="Bed016.E.dialogueact1038" starttime="2268.11" endtime="2269.42" type="s.%--" original-type="s.%--" channel="c5" participant="me010">
      <nite:child href="Bed016.E.words.xml#id(Bed016.w.8,288)..id(Bed016.w.8,295)"/>
   </dialogueact>
   <dialogueact nite:id="Bed016.E.dialogueact1039" starttime="2270.74" endtime="2271.69" type="s^cs.%--" original-type="s^cs.%--" channel="c5" participant="me010">
      <nite:child href="Bed016.E.words.xml#id(Bed016.w.8,296)..id(Bed016.w.8,302)"/>
   </dialogueact>
   <dialogueact nite:id="Bed016.E.dialogueact1040" starttime="2272.61" endtime="2273.27" type="fh" original-type="fh" channel="c5" participant="me010">
      <nite:child href="Bed016.E.words.xml#id(Bed016.w.8,303)..id(Bed016.disfmarker.277)"/>
   </dialogueact>
   <dialogueact nite:id="Bed016.E.dialogueact1042" starttime="2278.42" endtime="2279.31" type="qo" adjacency="51a" original-type="qo" channel="c5" participant="me010">
      <nite:child href="Bed016.E.words.xml#id(Bed016.w.8,309)..id(Bed016.w.8,318)"/>
   </dialogueact>
   <dialogueact nite:id="Bed016.E.dialogueact1044" starttime="2289.56" endtime="2294.7" type="s" original-type="s" channel="c5" participant="me010">
      <nite:child href="Bed016.E.words.xml#id(Bed016.w.8,321)..id(Bed016.w.8,344)"/>
   </dialogueact>
   <dialogueact nite:id="Bed016.E.dialogueact1046" starttime="2295.76" endtime="2297.46" type="s" original-type="s" channel="c5" participant="me010">
      <nite:child href="Bed016.E.words.xml#id(Bed016.w.8,345)..id(Bed016.w.8,354)"/>
   </dialogueact>
   <dialogueact nite:id="Bed016.E.dialogueact1047" starttime="2297.46" endtime="2297.87" type="s^bd^no" original-type="s^bd^no" channel="c5" participant="me010">
      <nite:child href="Bed016.E.words.xml#id(Bed016.w.8,355)..id(Bed016.w.8,358)"/>
   </dialogueact>
   <dialogueact nite:id="Bed016.E.dialogueact1052" starttime="2303.09" endtime="2304.33" type="s^aa" adjacency="52b" original-type="s^aa" channel="c5" participant="me010">
      <nite:child href="Bed016.E.words.xml#id(Bed016.w.8,376)..id(Bed016.w.8,381)"/>
   </dialogueact>
   <dialogueact nite:id="Bed016.E.dialogueact1053" starttime="2307.42" endtime="2307.62" type="s^fe" original-type="s^fe" channel="c5" participant="me010">
      <nite:child href="Bed016.E.words.xml#id(Bed016.w.8,386)..id(Bed016.w.8,387)"/>
   </dialogueact>
   <dialogueact nite:id="Bed016.E.dialogueact1054" starttime="2307.62" endtime="2308.25" type="qw.%-" original-type="qw.%-" channel="c5" participant="me010">
      <nite:child href="Bed016.E.words.xml#id(Bed016.w.8,388)..id(Bed016.w.8,389)"/>
   </dialogueact>
   <dialogueact nite:id="Bed016.E.dialogueact1056" starttime="2308.79" endtime="2311.2" type="s^cs^rt" adjacency="53a" original-type="s^cs^rt" channel="c5" participant="me010">
      <nite:child href="Bed016.E.words.xml#id(Bed016.w.8,390)..id(Bed016.w.8,408)"/>
   </dialogueact>
   <dialogueact nite:id="Bed016.E.dialogueact1057" starttime="2312.99" endtime="2313.69" type="s" original-type="s" channel="c5" participant="me010">
      <nite:child href="Bed016.E.words.xml#id(Bed016.w.8,409)..id(Bed016.w.8,413)"/>
   </dialogueact>
   <dialogueact nite:id="Bed016.E.dialogueact1059" starttime="2313.69" endtime="2314.78" type="s.%-" original-type="s.%-" channel="c5" participant="me010">
      <nite:child href="Bed016.E.words.xml#id(Bed016.w.8,414)..id(Bed016.w.8,417)"/>
   </dialogueact>
   <dialogueact nite:id="Bed016.E.dialogueact1060" starttime="2314.78" endtime="2314.95" type="qw^br" adjacency="54b.55a" original-type="qw^br" channel="c5" participant="me010">
      <nite:child href="Bed016.E.words.xml#id(Bed016.w.8,418)..id(Bed016.w.8,419)"/>
   </dialogueact>
   <dialogueact nite:id="Bed016.E.dialogueact1062" starttime="2316.14" endtime="2319.26" type="s^na:s" adjacency="56b.57a" original-type="s^na:s" channel="c5" participant="me010">
      <nite:child href="Bed016.E.words.xml#id(Bed016.w.8,432)..id(Bed016.w.8,454)"/>
   </dialogueact>
   <dialogueact nite:id="Bed016.E.dialogueact1064" starttime="2320.03" endtime="2321.66" type="s^e" original-type="s^e" channel="c5" participant="me010">
      <nite:child href="Bed016.E.words.xml#id(Bed016.w.8,465)..id(Bed016.w.8,473)"/>
   </dialogueact>
   <dialogueact nite:id="Bed016.E.dialogueact1068" starttime="2323.22" endtime="2323.83" type="qy^am^rt" adjacency="58b-2" original-type="qy^am^rt" channel="c5" participant="me010">
      <nite:child href="Bed016.E.words.xml#id(Bed016.w.8,482)..id(Bed016.w.8,488)"/>
   </dialogueact>
   <dialogueact nite:id="Bed016.E.dialogueact1069" starttime="2324.68" endtime="2324.88" type="qh" original-type="qh" channel="c5" participant="me010">
      <nite:child href="Bed016.E.words.xml#id(Bed016.w.8,489)..id(Bed016.w.8,490)"/>
   </dialogueact>
   <dialogueact nite:id="Bed016.E.dialogueact1070" starttime="2325.04" endtime="2327.64" type="s.%--" adjacency="59a" original-type="s.%--" channel="c5" participant="me010">
      <nite:child href="Bed016.E.words.xml#id(Bed016.w.8,491)..id(Bed016.disfmarker.294)"/>
   </dialogueact>
   <dialogueact nite:id="Bed016.E.dialogueact1073" starttime="2329.99" endtime="2331.03" type="s.%--" original-type="s.%--" channel="c5" participant="me010">
      <nite:child href="Bed016.E.words.xml#id(Bed016.w.8,510)..id(Bed016.disfmarker.295)"/>
   </dialogueact>
   <dialogueact nite:id="Bed016.E.dialogueact1074" starttime="2333.25" endtime="2334.32" type="s^bk|%--" adjacency="60b" original-type="s^bk|%--" channel="c5" participant="me010">
      <nite:child href="Bed016.E.words.xml#id(Bed016.w.8,515)..id(Bed016.disfmarker.296)"/>
   </dialogueact>
   <dialogueact nite:id="Bed016.E.dialogueact1078" starttime="2337.82" endtime="2338.05" type="b" original-type="b" channel="c5" participant="me010">
      <nite:child href="Bed016.E.words.xml#id(Bed016.w.8,542)..id(Bed016.w.8,543)"/>
   </dialogueact>
   <dialogueact nite:id="Bed016.E.dialogueact1082" starttime="2347.1" endtime="2347.27" type="b" original-type="b" channel="c5" participant="me010">
      <nite:child href="Bed016.E.words.xml#id(Bed016.w.8,582)..id(Bed016.w.8,583)"/>
   </dialogueact>
   <dialogueact nite:id="Bed016.E.dialogueact1084" starttime="2350.95" endtime="2351.17" type="b" original-type="b" channel="c5" participant="me010">
      <nite:child href="Bed016.E.words.xml#id(Bed016.w.8,584)..id(Bed016.w.8,585)"/>
   </dialogueact>
   <dialogueact nite:id="Bed016.E.dialogueact1087" starttime="2356.85" endtime="2357.15" type="b" original-type="b" channel="c5" participant="me010">
      <nite:child href="Bed016.E.words.xml#id(Bed016.w.8,614)..id(Bed016.w.8,615)"/>
   </dialogueact>
   <dialogueact nite:id="Bed016.E.dialogueact1090" starttime="2369.24" endtime="2370.95" type="s^bk|s^bk^m" original-type="s^bk|s^bk^m" channel="c5" participant="me010">
      <nite:child href="Bed016.E.words.xml#id(Bed016.w.8,656)..id(Bed016.w.8,661)"/>
   </dialogueact>
   <dialogueact nite:id="Bed016.E.dialogueact1093" starttime="2370.95" endtime="2371.09" type="b" original-type="b" channel="c5" participant="me010">
      <nite:child href="Bed016.E.words.xml#id(Bed016.w.8,662)..id(Bed016.w.8,663)"/>
   </dialogueact>
   <dialogueact nite:id="Bed016.E.dialogueact1101" starttime="2382.31" endtime="2383.78" type="s.%--" original-type="s.%--" channel="c5" participant="me010">
      <nite:child href="Bed016.E.words.xml#id(Bed016.w.8,706)..id(Bed016.disfmarker.307)"/>
   </dialogueact>
   <dialogueact nite:id="Bed016.E.dialogueact1104" starttime="2384.8" endtime="2385.11" type="b" original-type="b" channel="c5" participant="me010">
      <nite:child href="Bed016.E.words.xml#id(Bed016.w.8,725)..id(Bed016.w.8,726)"/>
   </dialogueact>
   <dialogueact nite:id="Bed016.E.dialogueact1105" starttime="2388.57" endtime="2389.06" type="b.%" original-type="b.%" channel="c5" participant="me010">
      <nite:child href="Bed016.E.words.xml#id(Bed016.w.8,727)..id(Bed016.w.8,728)"/>
   </dialogueact>
   <dialogueact nite:id="Bed016.E.dialogueact1111" starttime="2405.0" endtime="2405.21" type="b" original-type="b" channel="c5" participant="me010">
      <nite:child href="Bed016.E.words.xml#id(Bed016.w.8,792)..id(Bed016.w.8,793)"/>
   </dialogueact>
   <dialogueact nite:id="Bed016.E.dialogueact1114" starttime="2418.58" endtime="2418.83" type="s^bk" adjacency="1b" original-type="s^bk" channel="c5" participant="me010">
      <nite:child href="Bed016.E.words.xml#id(Bed016.w.8,820)..id(Bed016.w.8,821)"/>
   </dialogueact>
   <dialogueact nite:id="Bed016.E.dialogueact1115" starttime="2420.13" endtime="2421.91" type="s" original-type="s" channel="c5" participant="me010">
      <nite:child href="Bed016.E.words.xml#id(Bed016.w.8,824)..id(Bed016.w.8,837)"/>
   </dialogueact>
   <dialogueact nite:id="Bed016.E.dialogueact1116" starttime="2421.91" endtime="2426.81" type="s" original-type="s" channel="c5" participant="me010">
      <nite:child href="Bed016.E.words.xml#id(Bed016.w.8,838)..id(Bed016.w.8,852)"/>
   </dialogueact>
   <dialogueact nite:id="Bed016.E.dialogueact1118" starttime="2430.43" endtime="2431.43" type="s" original-type="s" channel="c5" participant="me010">
      <nite:child href="Bed016.E.words.xml#id(Bed016.w.8,880)..id(Bed016.w.8,887)"/>
   </dialogueact>
   <dialogueact nite:id="Bed016.E.dialogueact1119" starttime="2433.77" endtime="2433.96" type="b" original-type="b" channel="c5" participant="me010">
      <nite:child href="Bed016.E.words.xml#id(Bed016.w.8,888)..id(Bed016.w.8,889)"/>
   </dialogueact>
   <dialogueact nite:id="Bed016.E.dialogueact1123" starttime="2446.45" endtime="2448.57" type="s^bk^t3" adjacency="2b" original-type="s^bk^t3" channel="c5" participant="me010">
      <nite:child href="Bed016.E.words.xml#id(Bed016.w.8,913)..id(Bed016.w.8,916)"/>
   </dialogueact>
   <dialogueact nite:id="Bed016.E.dialogueact1126" starttime="2455.45" endtime="2455.62" type="s^bk" adjacency="3b" original-type="s^bk" channel="c5" participant="me010">
      <nite:child href="Bed016.E.words.xml#id(Bed016.w.8,931)..id(Bed016.w.8,932)"/>
   </dialogueact>
   <dialogueact nite:id="Bed016.E.dialogueact1127" starttime="2456.61" endtime="2457.08" type="s^t3" original-type="s^t3" channel="c5" participant="me010">
      <nite:child href="Bed016.E.words.xml#id(Bed016.w.8,933)..id(Bed016.w.8,936)"/>
   </dialogueact>
   <dialogueact nite:id="Bed016.E.dialogueact1129" starttime="2466.95" endtime="2471.89" type="fg|s^cs.%--" adjacency="4a" original-type="fg|s^cs.%--" channel="c5" participant="me010">
      <nite:child href="Bed016.E.words.xml#id(Bed016.w.8,941)..id(Bed016.w.8,952)"/>
   </dialogueact>
   <dialogueact nite:id="Bed016.E.dialogueact1131" starttime="2472.91" endtime="2473.03" type="%--" original-type="%--" channel="c5" participant="me010">
      <nite:child href="Bed016.E.words.xml#id(Bed016.w.8,953)"/>
   </dialogueact>
   <dialogueact nite:id="Bed016.E.dialogueact1132" starttime="2473.03" endtime="2473.17" type="s^bk" adjacency="5b" original-type="s^bk" channel="c5" participant="me010">
      <nite:child href="Bed016.E.words.xml#id(Bed016.w.8,954)..id(Bed016.w.8,955)"/>
   </dialogueact>
   <dialogueact nite:id="Bed016.E.dialogueact1137" starttime="2484.49" endtime="2484.71" type="b" original-type="b" channel="c5" participant="me010">
      <nite:child href="Bed016.E.words.xml#id(Bed016.w.9,015)..id(Bed016.w.9,016)"/>
   </dialogueact>
   <dialogueact nite:id="Bed016.E.dialogueact1145" starttime="2501.19" endtime="2502.0" type="s^am^cs" adjacency="13b" original-type="s^am^cs" channel="c5" participant="me010">
      <nite:child href="Bed016.E.words.xml#id(Bed016.w.9,064)..id(Bed016.w.9,070)"/>
   </dialogueact>
   <dialogueact nite:id="Bed016.E.dialogueact1149" starttime="2507.61" endtime="2507.76" type="%-" original-type="%-" channel="c5" participant="me010">
      <nite:child href="Bed016.E.words.xml#id(Bed016.w.9,099)..id(Bed016.disfmarker.321)"/>
   </dialogueact>
   <dialogueact nite:id="Bed016.E.dialogueact1152" starttime="2521.7" endtime="2523.77" type="s^nd" adjacency="14b.15a" original-type="s^nd" channel="c5" participant="me010">
      <nite:child href="Bed016.E.words.xml#id(Bed016.w.9,108)..id(Bed016.w.9,119)"/>
   </dialogueact>
   <dialogueact nite:id="Bed016.E.dialogueact1153" starttime="2525.56" endtime="2525.85" type="qy^d^f^g" adjacency="14b+.15a+" original-type="qy^d^f^g" channel="c5" participant="me010">
      <nite:child href="Bed016.E.words.xml#id(Bed016.w.9,120)..id(Bed016.w.9,122)"/>
   </dialogueact>
   <dialogueact nite:id="Bed016.E.dialogueact1155" starttime="2527.83" endtime="2528.05" type="s^aa" adjacency="16b" original-type="s^aa" channel="c5" participant="me010">
      <nite:child href="Bed016.E.words.xml#id(Bed016.w.9,136)..id(Bed016.w.9,137)"/>
   </dialogueact>
   <dialogueact nite:id="Bed016.E.dialogueact1157" starttime="2528.31" endtime="2529.04" type="%--" original-type="%--" channel="c5" participant="me010">
      <nite:child href="Bed016.E.words.xml#id(Bed016.w.9,138)..id(Bed016.w.9,144)"/>
   </dialogueact>
   <dialogueact nite:id="Bed016.E.dialogueact1158" starttime="2529.04" endtime="2529.2" type="b" original-type="b" channel="c5" participant="me010">
      <nite:child href="Bed016.E.words.xml#id(Bed016.w.9,145)..id(Bed016.w.9,146)"/>
   </dialogueact>
   <dialogueact nite:id="Bed016.E.dialogueact1159" starttime="2531.06" endtime="2534.01" type="qh" original-type="qh" channel="c5" participant="me010">
      <nite:child href="Bed016.E.words.xml#id(Bed016.w.9,147)..id(Bed016.w.9,158)"/>
   </dialogueact>
   <dialogueact nite:id="Bed016.E.dialogueact1161" starttime="2534.41" endtime="2534.97" type="%--" original-type="%--" channel="c5" participant="me010">
      <nite:child href="Bed016.E.words.xml#id(Bed016.w.9,159)..id(Bed016.w.9,162)"/>
   </dialogueact>
   <dialogueact nite:id="Bed016.E.dialogueact1162" starttime="2535.3" endtime="2537.64" type="s" original-type="s" channel="c5" participant="me010">
      <nite:child href="Bed016.E.words.xml#id(Bed016.w.9,163)..id(Bed016.w.9,173)"/>
   </dialogueact>
   <dialogueact nite:id="Bed016.E.dialogueact1163" starttime="2538.03" endtime="2539.19" type="qh" original-type="qh" channel="c5" participant="me010">
      <nite:child href="Bed016.E.words.xml#id(Bed016.w.9,174)..id(Bed016.w.9,179)"/>
   </dialogueact>
   <dialogueact nite:id="Bed016.E.dialogueact1164" starttime="2539.19" endtime="2539.45" type="fh" original-type="fh" channel="c5" participant="me010">
      <nite:child href="Bed016.E.words.xml#id(Bed016.w.9,180)..id(Bed016.w.9,181)"/>
   </dialogueact>
   <dialogueact nite:id="Bed016.E.dialogueact1165" starttime="2539.97" endtime="2541.05" type="qh" original-type="qh" channel="c5" participant="me010">
      <nite:child href="Bed016.E.words.xml#id(Bed016.w.9,184)..id(Bed016.w.9,188)"/>
   </dialogueact>
   <dialogueact nite:id="Bed016.E.dialogueact1167" starttime="2542.06" endtime="2542.55" type="fh" original-type="fh" channel="c5" participant="me010">
      <nite:child href="Bed016.E.words.xml#id(Bed016.w.9,217)..id(Bed016.w.9,218)"/>
   </dialogueact>
   <dialogueact nite:id="Bed016.E.dialogueact1171" starttime="2554.95" endtime="2555.56" type="b" original-type="b" channel="c5" participant="me010">
      <nite:child href="Bed016.E.words.xml#id(Bed016.w.9,244)..id(Bed016.w.9,247)"/>
   </dialogueact>
   <dialogueact nite:id="Bed016.E.dialogueact1172" starttime="2563.37" endtime="2567.25" type="fg|s^cs^rt^tc" adjacency="17a" original-type="fg|s^cs^rt^tc" channel="c5" participant="me010">
      <nite:child href="Bed016.E.words.xml#id(Bed016.w.9,248)..id(Bed016.w.9,260)"/>
   </dialogueact>
   <dialogueact nite:id="Bed016.E.dialogueact1173" starttime="2571.9" endtime="2572.72" type="s^tc" original-type="s^tc" channel="c5" participant="me010">
      <nite:child href="Bed016.E.words.xml#id(Bed016.w.9,261)..id(Bed016.w.9,266)"/>
   </dialogueact>
   <dialogueact nite:id="Bed016.E.dialogueact1174" starttime="2574.22" endtime="2575.01" type="s" original-type="s" channel="c5" participant="me010">
      <nite:child href="Bed016.E.words.xml#id(Bed016.w.9,267)..id(Bed016.w.9,269)"/>
   </dialogueact>
</nite:root>