<?xml version="1.0" encoding="ISO-8859-1" standalone="yes"?>
<nite:root nite:id="Bed002.F.dialogue-acts" xmlns:nite="http://nite.sourceforge.net/">
   <dialogueact nite:id="Bed002.F.dialogueact109" starttime="455.922" endtime="456.092" type="b.%" original-type="b.%" channel="cB" participant="me012">
      <nite:child href="Bed002.F.words.xml#id(Bed002.w.1,413)..id(Bed002.w.1,414)"/>
   </dialogueact>
   <dialogueact nite:id="Bed002.F.dialogueact199" starttime="677.737" endtime="677.957" type="s^ar" adjacency="7b-2" original-type="s^ar" channel="cB" participant="me012">
      <nite:child href="Bed002.F.words.xml#id(Bed002.w.2,294)..id(Bed002.w.2,295)"/>
   </dialogueact>
   <dialogueact nite:id="Bed002.F.dialogueact362" starttime="1211.57" endtime="1213.05" comment="FBH" type="s" adjacency="1a" original-type="s" channel="cB" participant="me012">
      <nite:child href="Bed002.F.words.xml#id(Bed002.w.4,131)..id(Bed002.w.4,141)"/>
   </dialogueact>
   <dialogueact nite:id="Bed002.F.dialogueact364" starttime="1213.45" endtime="1214.3" type="s" adjacency="2b.3a" original-type="s" channel="cB" participant="me012">
      <nite:child href="Bed002.F.words.xml#id(Bed002.w.4,144)..id(Bed002.w.4,149)"/>
   </dialogueact>
   <dialogueact nite:id="Bed002.F.dialogueact374" starttime="1252.95" endtime="1255.27" type="qw" adjacency="5a" original-type="qw" channel="cB" participant="me012">
      <nite:child href="Bed002.F.words.xml#id(Bed002.w.4,244)..id(Bed002.w.4,257)"/>
   </dialogueact>
   <dialogueact nite:id="Bed002.F.dialogueact375" starttime="1255.27" endtime="1257.1" type="qy" adjacency="5a+" original-type="qy" channel="cB" participant="me012">
      <nite:child href="Bed002.F.words.xml#id(Bed002.w.4,258)..id(Bed002.w.4,270)"/>
   </dialogueact>
   <dialogueact nite:id="Bed002.F.dialogueact376" starttime="1257.1" endtime="1257.67" type="qy.%--" adjacency="5a++" original-type="qy.%--" channel="cB" participant="me012">
      <nite:child href="Bed002.F.words.xml#id(Bed002.w.4,271)..id(Bed002.disfmarker.90)"/>
   </dialogueact>
   <dialogueact nite:id="Bed002.F.dialogueact468" starttime="1560.14" endtime="1561.98" type="qw" adjacency="15b.16a" original-type="qw" channel="cB" participant="me012">
      <nite:child href="Bed002.F.words.xml#id(Bed002.w.5,388)..id(Bed002.w.5,397)"/>
   </dialogueact>
   <dialogueact nite:id="Bed002.F.dialogueact469" starttime="1561.98" endtime="1562.68" type="s^bu^e^rt" adjacency="15b+.16a+" original-type="s^bu^e^rt" channel="cB" participant="me012">
      <nite:child href="Bed002.F.words.xml#id(Bed002.w.5,398)..id(Bed002.w.5,405)"/>
   </dialogueact>
   <dialogueact nite:id="Bed002.F.dialogueact474" starttime="1569.19" endtime="1569.48" type="b" original-type="b" channel="cB" participant="me012">
      <nite:child href="Bed002.F.words.xml#id(Bed002.w.5,452)..id(Bed002.w.5,453)"/>
   </dialogueact>
   <dialogueact nite:id="Bed002.F.dialogueact632" starttime="1960.54" endtime="1960.69" type="s^aa" adjacency="9b-1" original-type="s^aa" channel="cB" participant="me012">
      <nite:child href="Bed002.F.words.xml#id(Bed002.w.6,965)..id(Bed002.w.6,966)"/>
   </dialogueact>
   <dialogueact nite:id="Bed002.F.dialogueact1002" starttime="2756.16" endtime="2756.39" type="%-" original-type="%-" channel="cB" participant="me012">
      <nite:child href="Bed002.F.words.xml#id(Bed002.w.10,315)..id(Bed002.w.10,316)"/>
   </dialogueact>
   <dialogueact nite:id="Bed002.F.dialogueact1004" starttime="2757.13" endtime="2761.97" type="s^bu" adjacency="40a" original-type="s^bu" channel="cB" participant="me012">
      <nite:child href="Bed002.F.words.xml#id(Bed002.w.10,317)..id(Bed002.w.10,344)"/>
   </dialogueact>
   <dialogueact nite:id="Bed002.F.dialogueact1006" starttime="2762.07" endtime="2767.89" type="s^e.%--" adjacency="41a" original-type="s^e.%--" channel="cB" participant="me012">
      <nite:child href="Bed002.F.words.xml#id(Bed002.w.10,347)..id(Bed002.w.10,371)"/>
   </dialogueact>
   <dialogueact nite:id="Bed002.F.dialogueact1015" starttime="2805.81" endtime="2806.41" type="b" original-type="b" channel="cB" participant="me012">
      <nite:child href="Bed002.F.words.xml#id(Bed002.w.10,534)..id(Bed002.w.10,537)"/>
   </dialogueact>
   <dialogueact nite:id="Bed002.F.dialogueact1018" starttime="2815.3" endtime="2815.62" type="b.%" original-type="b.%" channel="cB" participant="me012">
      <nite:child href="Bed002.F.words.xml#id(Bed002.w.10,562)..id(Bed002.w.10,563)"/>
   </dialogueact>
   <dialogueact nite:id="Bed002.F.dialogueact1019" starttime="2829.61" endtime="2831.41" type="qw" adjacency="42b.43a" original-type="qw" channel="cB" participant="me012">
      <nite:child href="Bed002.F.words.xml#id(Bed002.w.10,575)..id(Bed002.w.10,585)"/>
   </dialogueact>
   <dialogueact nite:id="Bed002.F.dialogueact1020" starttime="2831.45" endtime="2833.71" type="qw^e.%-" adjacency="42b+.43a+" original-type="qw^e.%-" channel="cB" participant="me012">
      <nite:child href="Bed002.F.words.xml#id(Bed002.w.10,586)..id(Bed002.disfmarker.315)"/>
   </dialogueact>
   <dialogueact nite:id="Bed002.F.dialogueact1024" starttime="2842.4" endtime="2842.61" type="s^bk" adjacency="44b" original-type="s^bk" channel="cB" participant="me012">
      <nite:child href="Bed002.F.words.xml#id(Bed002.w.10,635)..id(Bed002.w.10,636)"/>
   </dialogueact>
   <dialogueact nite:id="Bed002.F.dialogueact1025" starttime="2844.24" endtime="2844.82" type="s^ar|s^nd" adjacency="44b+.45a" original-type="s^ar|s^nd" channel="cB" participant="me012">
      <nite:child href="Bed002.F.words.xml#id(Bed002.w.10,637)..id(Bed002.w.10,641)"/>
   </dialogueact>
   <dialogueact nite:id="Bed002.F.dialogueact1091" starttime="3059.05" endtime="3059.32" type="b" original-type="b" channel="cB" participant="me012">
      <nite:child href="Bed002.F.words.xml#id(Bed002.w.11,459)..id(Bed002.w.11,460)"/>
   </dialogueact>
   <dialogueact nite:id="Bed002.F.dialogueact1098" starttime="3066.08" endtime="3066.55" type="s^aa|s^na" adjacency="4b" original-type="s^aa|s^na" channel="cB" participant="me012">
      <nite:child href="Bed002.F.words.xml#id(Bed002.w.11,505)..id(Bed002.w.11,510)"/>
   </dialogueact>
   <dialogueact nite:id="Bed002.F.dialogueact1137" starttime="3196.32" endtime="3198.31" type="qy^rt" adjacency="8b.9a" original-type="qy^rt" channel="cB" participant="me012">
      <nite:child href="Bed002.F.words.xml#id(Bed002.w.11,982)..id(Bed002.w.11,989)"/>
   </dialogueact>
   <dialogueact nite:id="Bed002.F.dialogueact1152" starttime="3240.04" endtime="3240.85" type="b.%" original-type="b.%" channel="cB" participant="me012">
      <nite:child href="Bed002.F.words.xml#id(Bed002.w.12,163)..id(Bed002.w.12,166)"/>
   </dialogueact>
   <dialogueact nite:id="Bed002.F.dialogueact1158" starttime="3257.61" endtime="3257.95" type="b" original-type="b" channel="cB" participant="me012">
      <nite:child href="Bed002.F.words.xml#id(Bed002.w.12,246)..id(Bed002.w.12,247)"/>
   </dialogueact>
   <dialogueact nite:id="Bed002.F.dialogueact1171" starttime="3297.57" endtime="3297.73" type="b" original-type="b" channel="cB" participant="me012">
      <nite:child href="Bed002.F.words.xml#id(Bed002.w.12,410)..id(Bed002.w.12,411)"/>
   </dialogueact>
   <dialogueact nite:id="Bed002.F.dialogueact1183" starttime="3333.85" endtime="3334.07" type="s^bk" adjacency="19b" original-type="s^bk" channel="cB" participant="me012">
      <nite:child href="Bed002.F.words.xml#id(Bed002.w.12,511)..id(Bed002.w.12,512)"/>
   </dialogueact>
   <dialogueact nite:id="Bed002.F.dialogueact1200" starttime="3380.77" endtime="3381.09" type="s^aa.%" adjacency="22b-2" original-type="s^aa.%" channel="cB" participant="me012">
      <nite:child href="Bed002.F.words.xml#id(Bed002.w.12,707)..id(Bed002.w.12,708)"/>
   </dialogueact>
   <dialogueact nite:id="Bed002.F.dialogueact1204" starttime="3384.05" endtime="3384.34" type="b" original-type="b" channel="cB" participant="me012">
      <nite:child href="Bed002.F.words.xml#id(Bed002.w.12,721)..id(Bed002.w.12,722)"/>
   </dialogueact>
   <dialogueact nite:id="Bed002.F.dialogueact1215" starttime="3407.08" endtime="3407.38" type="b" original-type="b" channel="cB" participant="me012">
      <nite:child href="Bed002.F.words.xml#id(Bed002.w.12,821)..id(Bed002.w.12,824)"/>
   </dialogueact>
   <dialogueact nite:id="Bed002.F.dialogueact1227" starttime="3454.54" endtime="3457.84" type="s^bu" adjacency="26b.27a" original-type="s^bu" channel="cB" participant="me012">
      <nite:child href="Bed002.F.words.xml#id(Bed002.w.12,993)..id(Bed002.w.13,007)"/>
   </dialogueact>
   <dialogueact nite:id="Bed002.F.dialogueact1228" starttime="3458.61" endtime="3458.91" type="s^bk.%" adjacency="28b-1" original-type="s^bk.%" channel="cB" participant="me012">
      <nite:child href="Bed002.F.words.xml#id(Bed002.w.13,008)..id(Bed002.w.13,009)"/>
   </dialogueact>
   <dialogueact nite:id="Bed002.F.dialogueact1283" starttime="3652.24" endtime="3653.3" type="b" original-type="b" channel="cB" participant="me012">
      <nite:child href="Bed002.F.words.xml#id(Bed002.w.13,703)..id(Bed002.w.13,704)"/>
   </dialogueact>
   <dialogueact nite:id="Bed002.F.dialogueact1316" starttime="3724.11" endtime="3724.9" type="s^bk|s^ba" adjacency="4b" original-type="s^bk|s^ba" channel="cB" participant="me012">
      <nite:child href="Bed002.F.words.xml#id(Bed002.w.13,934)..id(Bed002.w.13,938)"/>
   </dialogueact>
   <dialogueact nite:id="Bed002.F.dialogueact1339" starttime="3780.84" endtime="3781.09" type="b" original-type="b" channel="cB" participant="me012">
      <nite:child href="Bed002.F.words.xml#id(Bed002.w.14,149)..id(Bed002.w.14,152)"/>
   </dialogueact>
   <dialogueact nite:id="Bed002.F.dialogueact1345" starttime="3791.57" endtime="3796.26" type="fg|s^cs" adjacency="11b.12a" original-type="fg|s^cs" channel="cB" participant="me012">
      <nite:child href="Bed002.F.words.xml#id(Bed002.w.14,183)..id(Bed002.w.14,209)"/>
   </dialogueact>
</nite:root>