<?xml version="1.0" encoding="ISO-8859-1" standalone="yes"?>
<nite:root nite:id="Bed005.E.dialogue-acts" xmlns:nite="http://nite.sourceforge.net/">
   <dialogueact nite:id="Bed005.E.dialogueact133" starttime="467.591" endtime="468.831" type="qw" adjacency="20a" original-type="qw" channel="c4" participant="fe004">
      <nite:child href="Bed005.E.words.xml#id(Bed005.w.1,429)..id(Bed005.w.1,437)"/>
   </dialogueact>
   <dialogueact nite:id="Bed005.E.dialogueact134" starttime="468.831" endtime="471.52" type="qy^e" adjacency="20a+" original-type="qy^e" channel="c4" participant="fe004">
      <nite:child href="Bed005.E.words.xml#id(Bed005.w.1,438)..id(Bed005.w.1,461)"/>
   </dialogueact>
   <dialogueact nite:id="Bed005.E.dialogueact138" starttime="471.52" endtime="472.28" type="qrr" adjacency="21a" original-type="qrr" channel="c4" participant="fe004">
      <nite:child href="Bed005.E.words.xml#id(Bed005.w.1,462)..id(Bed005.w.1,468)"/>
   </dialogueact>
   <dialogueact nite:id="Bed005.E.dialogueact142" starttime="481.307" endtime="481.517" type="b" original-type="b" channel="c4" participant="fe004">
      <nite:child href="Bed005.E.words.xml#id(Bed005.w.1,518)..id(Bed005.w.1,521)"/>
   </dialogueact>
   <dialogueact nite:id="Bed005.E.dialogueact144" starttime="485.36" endtime="485.64" type="b" original-type="b" channel="c4" participant="fe004">
      <nite:child href="Bed005.E.words.xml#id(Bed005.w.1,536)..id(Bed005.w.1,537)"/>
   </dialogueact>
   <dialogueact nite:id="Bed005.E.dialogueact146" starttime="487.098" endtime="487.488" type="b.%" original-type="b.%" channel="c4" participant="fe004">
      <nite:child href="Bed005.E.words.xml#id(Bed005.w.1,543)..id(Bed005.w.1,546)"/>
   </dialogueact>
   <dialogueact nite:id="Bed005.E.dialogueact148" starttime="493.119" endtime="493.199" type="b" original-type="b" channel="c4" participant="fe004">
      <nite:child href="Bed005.E.words.xml#id(Bed005.w.1,564)..id(Bed005.w.1,565)"/>
   </dialogueact>
   <dialogueact nite:id="Bed005.E.dialogueact150" starttime="494.169" endtime="495.369" type="s^ba" adjacency="22b" original-type="s^ba" channel="c4" participant="fe004">
      <nite:child href="Bed005.E.words.xml#id(Bed005.w.1,566)..id(Bed005.w.1,569)"/>
   </dialogueact>
   <dialogueact nite:id="Bed005.E.dialogueact152" starttime="500.725" endtime="501.285" type="s^bk" adjacency="23b" original-type="s^bk" channel="c4" participant="fe004">
      <nite:child href="Bed005.E.words.xml#id(Bed005.w.1,592)..id(Bed005.w.1,594)"/>
   </dialogueact>
   <dialogueact nite:id="Bed005.E.dialogueact153" starttime="501.285" endtime="501.375" type="b.%" original-type="b.%" channel="c4" participant="fe004">
      <nite:child href="Bed005.E.words.xml#id(Bed005.w.1,595)..id(Bed005.w.1,596)"/>
   </dialogueact>
   <dialogueact nite:id="Bed005.E.dialogueact155" starttime="509.32" endtime="509.87" type="s^2" adjacency="24b" original-type="s^2" channel="c4" participant="fe004">
      <nite:child href="Bed005.E.words.xml#id(Bed005.w.1,611)"/>
   </dialogueact>
   <dialogueact nite:id="Bed005.E.dialogueact157" starttime="510.65" endtime="511.1" type="s^bk" adjacency="24b+" original-type="s^bk" channel="c4" participant="fe004">
      <nite:child href="Bed005.E.words.xml#id(Bed005.w.1,612)..id(Bed005.w.1,613)"/>
   </dialogueact>
   <dialogueact nite:id="Bed005.E.dialogueact158" starttime="511.17" endtime="512.32" type="s^bu|qy^d^g^rt" adjacency="25b.26a" original-type="s^bu|qy^d^g^rt" channel="c4" participant="fe004">
      <nite:child href="Bed005.E.words.xml#id(Bed005.w.1,614)..id(Bed005.w.1,622)"/>
   </dialogueact>
   <dialogueact nite:id="Bed005.E.dialogueact161" starttime="515.3" endtime="515.65" type="s^bk" adjacency="27b" original-type="s^bk" channel="c4" participant="fe004">
      <nite:child href="Bed005.E.words.xml#id(Bed005.w.1,667)..id(Bed005.w.1,668)"/>
   </dialogueact>
   <dialogueact nite:id="Bed005.E.dialogueact164" starttime="520.354" endtime="520.674" type="s^aa" adjacency="28b" original-type="s^aa" channel="c4" participant="fe004">
      <nite:child href="Bed005.E.words.xml#id(Bed005.w.1,677)..id(Bed005.w.1,678)"/>
   </dialogueact>
   <dialogueact nite:id="Bed005.E.dialogueact167" starttime="524.731" endtime="524.921" type="%-" original-type="%-" channel="c4" participant="fe004">
      <nite:child href="Bed005.E.words.xml#id(Bed005.w.1,697)"/>
   </dialogueact>
   <dialogueact nite:id="Bed005.E.dialogueact169" starttime="528.832" endtime="529.472" type="s.%--" original-type="s.%--" channel="c4" participant="fe004">
      <nite:child href="Bed005.E.words.xml#id(Bed005.w.1,714)..id(Bed005.w.1,718)"/>
   </dialogueact>
   <dialogueact nite:id="Bed005.E.dialogueact171" starttime="529.532" endtime="530.092" type="s^bk" original-type="s^bk" channel="c4" participant="fe004">
      <nite:child href="Bed005.E.words.xml#id(Bed005.w.1,719)..id(Bed005.w.1,723)"/>
   </dialogueact>
   <dialogueact nite:id="Bed005.E.dialogueact172" starttime="530.162" endtime="530.402" type="b" original-type="b" channel="c4" participant="fe004">
      <nite:child href="Bed005.E.words.xml#id(Bed005.w.1,724)..id(Bed005.w.1,727)"/>
   </dialogueact>
   <dialogueact nite:id="Bed005.E.dialogueact181" starttime="550.113" endtime="550.563" type="s^bk" adjacency="32b" original-type="s^bk" channel="c4" participant="fe004">
      <nite:child href="Bed005.E.words.xml#id(Bed005.w.1,809)..id(Bed005.w.1,810)"/>
   </dialogueact>
   <dialogueact nite:id="Bed005.E.dialogueact183" starttime="554.289" endtime="556.189" type="s^bk|s" adjacency="33b.34a" original-type="s^bk|s" channel="c4" participant="fe004">
      <nite:child href="Bed005.E.words.xml#id(Bed005.w.1,831)..id(Bed005.w.1,838)"/>
   </dialogueact>
   <dialogueact nite:id="Bed005.E.dialogueact198" starttime="580.06" endtime="582.57" type="s" adjacency="38b-2.39a" original-type="s" channel="c4" participant="fe004">
      <nite:child href="Bed005.E.words.xml#id(Bed005.w.1,934)..id(Bed005.w.1,943)"/>
   </dialogueact>
   <dialogueact nite:id="Bed005.E.dialogueact205" starttime="587.923" endtime="588.633" type="b.%" original-type="b.%" channel="c4" participant="fe004">
      <nite:child href="Bed005.E.words.xml#id(Bed005.w.1,988)..id(Bed005.w.1,989)"/>
   </dialogueact>
   <dialogueact nite:id="Bed005.E.dialogueact213" starttime="603.77" endtime="604.18" type="s^e^rt" original-type="s^e^rt" channel="c4" participant="fe004">
      <nite:child href="Bed005.E.words.xml#id(Bed005.w.2,018)..id(Bed005.w.2,019)"/>
   </dialogueact>
   <dialogueact nite:id="Bed005.E.dialogueact215" starttime="605.69" endtime="606.45" type="s^e" original-type="s^e" channel="c4" participant="fe004">
      <nite:child href="Bed005.E.words.xml#id(Bed005.w.2,048)..id(Bed005.w.2,051)"/>
   </dialogueact>
   <dialogueact nite:id="Bed005.E.dialogueact234" starttime="649.699" endtime="650.009" type="b" original-type="b" channel="c4" participant="fe004">
      <nite:child href="Bed005.E.words.xml#id(Bed005.w.2,160)..id(Bed005.w.2,163)"/>
   </dialogueact>
   <dialogueact nite:id="Bed005.E.dialogueact251" starttime="692.613" endtime="692.733" type="b" original-type="b" channel="c4" participant="fe004">
      <nite:child href="Bed005.E.words.xml#id(Bed005.w.2,331)..id(Bed005.w.2,332)"/>
   </dialogueact>
   <dialogueact nite:id="Bed005.E.dialogueact269" starttime="721.704" endtime="722.484" type="%-" original-type="%-" channel="c4" participant="fe004">
      <nite:child href="Bed005.E.words.xml#id(Bed005.w.2,463)"/>
   </dialogueact>
   <dialogueact nite:id="Bed005.E.dialogueact301" starttime="773.295" endtime="773.575" type="b" original-type="b" channel="c4" participant="fe004">
      <nite:child href="Bed005.E.words.xml#id(Bed005.w.2,643)..id(Bed005.w.2,646)"/>
   </dialogueact>
   <dialogueact nite:id="Bed005.E.dialogueact306" starttime="781.262" endtime="781.772" type="s" original-type="s" channel="c4" participant="fe004">
      <nite:child href="Bed005.E.words.xml#id(Bed005.w.2,685)..id(Bed005.w.2,689)"/>
   </dialogueact>
   <dialogueact nite:id="Bed005.E.dialogueact308" starttime="783.549" endtime="783.989" type="b" original-type="b" channel="c4" participant="fe004">
      <nite:child href="Bed005.E.words.xml#id(Bed005.w.2,702)..id(Bed005.w.2,705)"/>
   </dialogueact>
   <dialogueact nite:id="Bed005.E.dialogueact315" starttime="797.438" endtime="797.818" type="b" original-type="b" channel="c4" participant="fe004">
      <nite:child href="Bed005.E.words.xml#id(Bed005.w.2,736)..id(Bed005.w.2,739)"/>
   </dialogueact>
   <dialogueact nite:id="Bed005.E.dialogueact319" starttime="799.793" endtime="800.273" type="b" original-type="b" channel="c4" participant="fe004">
      <nite:child href="Bed005.E.words.xml#id(Bed005.w.2,761)..id(Bed005.w.2,763)"/>
   </dialogueact>
   <dialogueact nite:id="Bed005.E.dialogueact766" starttime="1983.37" endtime="1983.92" type="s" original-type="s" channel="c4" participant="fe004">
      <nite:child href="Bed005.E.words.xml#id(Bed005.w.6,495)..id(Bed005.w.6,496)"/>
   </dialogueact>
   <dialogueact nite:id="Bed005.E.dialogueact830" starttime="2142.83" endtime="2146.49" type="s^bk|s" adjacency="19b" original-type="s^bk|s" channel="c4" participant="fe004">
      <nite:child href="Bed005.E.words.xml#id(Bed005.w.7,057)..id(Bed005.disfmarker.286)"/>
   </dialogueact>
   <dialogueact nite:id="Bed005.E.dialogueact831" starttime="2146.49" endtime="2149.15" type="s" original-type="s" channel="c4" participant="fe004">
      <nite:child href="Bed005.E.words.xml#id(Bed005.w.7,072)..id(Bed005.w.7,088)"/>
   </dialogueact>
   <dialogueact nite:id="Bed005.E.dialogueact832" starttime="2149.15" endtime="2152.28" type="s" original-type="s" channel="c4" participant="fe004">
      <nite:child href="Bed005.E.words.xml#id(Bed005.w.7,089)..id(Bed005.w.7,102)"/>
   </dialogueact>
   <dialogueact nite:id="Bed005.E.dialogueact833" starttime="2152.28" endtime="2153.54" type="s" original-type="s" channel="c4" participant="fe004">
      <nite:child href="Bed005.E.words.xml#id(Bed005.w.7,103)..id(Bed005.w.7,111)"/>
   </dialogueact>
   <dialogueact nite:id="Bed005.E.dialogueact835" starttime="2153.54" endtime="2158.11" type="s" adjacency="20a" original-type="s" channel="c4" participant="fe004">
      <nite:child href="Bed005.E.words.xml#id(Bed005.w.7,112)..id(Bed005.w.7,134)"/>
   </dialogueact>
   <dialogueact nite:id="Bed005.E.dialogueact836" starttime="2158.11" endtime="2159.5" type="s.%-" original-type="s.%-" channel="c4" participant="fe004">
      <nite:child href="Bed005.E.words.xml#id(Bed005.w.7,135)..id(Bed005.w.7,140)"/>
   </dialogueact>
   <dialogueact nite:id="Bed005.E.dialogueact839" starttime="2160.92" endtime="2162.28" type="s^aa|s^na" adjacency="21b-1" original-type="s^aa|s^na" channel="c4" participant="fe004">
      <nite:child href="Bed005.E.words.xml#id(Bed005.w.7,156)..id(Bed005.w.7,165)"/>
   </dialogueact>
   <dialogueact nite:id="Bed005.E.dialogueact841" starttime="2162.28" endtime="2165.66" type="s" original-type="s" channel="c4" participant="fe004">
      <nite:child href="Bed005.E.words.xml#id(Bed005.w.7,166)..id(Bed005.w.7,180)"/>
   </dialogueact>
   <dialogueact nite:id="Bed005.E.dialogueact842" starttime="2165.66" endtime="2170.63" type="s" original-type="s" channel="c4" participant="fe004">
      <nite:child href="Bed005.E.words.xml#id(Bed005.w.7,181)..id(Bed005.w.7,208)"/>
   </dialogueact>
   <dialogueact nite:id="Bed005.E.dialogueact843" starttime="2171.21" endtime="2178.14" type="s.%-" adjacency="22a" original-type="s.%-" channel="c4" participant="fe004">
      <nite:child href="Bed005.E.words.xml#id(Bed005.w.7,209)..id(Bed005.w.7,224)"/>
   </dialogueact>
   <dialogueact nite:id="Bed005.E.dialogueact845" starttime="2178.49" endtime="2178.72" type="fh" original-type="fh" channel="c4" participant="fe004">
      <nite:child href="Bed005.E.words.xml#id(Bed005.w.7,225)..id(Bed005.w.7,226)"/>
   </dialogueact>
   <dialogueact nite:id="Bed005.E.dialogueact847" starttime="2183.19" endtime="2183.47" type="b.%" original-type="b.%" channel="c4" participant="fe004">
      <nite:child href="Bed005.E.words.xml#id(Bed005.w.7,268)..id(Bed005.w.7,271)"/>
   </dialogueact>
   <dialogueact nite:id="Bed005.E.dialogueact848" starttime="2186.16" endtime="2187.05" type="b.%" original-type="b.%" channel="c4" participant="fe004">
      <nite:child href="Bed005.E.words.xml#id(Bed005.w.7,272)..id(Bed005.w.7,275)"/>
   </dialogueact>
   <dialogueact nite:id="Bed005.E.dialogueact850" starttime="2189.48" endtime="2190.38" type="b.%" original-type="b.%" channel="c4" participant="fe004">
      <nite:child href="Bed005.E.words.xml#id(Bed005.w.7,299)..id(Bed005.w.7,302)"/>
   </dialogueact>
   <dialogueact nite:id="Bed005.E.dialogueact852" starttime="2190.38" endtime="2190.85" type="%-" original-type="%-" channel="c4" participant="fe004">
      <nite:child href="Bed005.E.words.xml#id(Bed005.w.7,303)"/>
   </dialogueact>
   <dialogueact nite:id="Bed005.E.dialogueact853" starttime="2191.9" endtime="2199.5" type="s^aa|s" adjacency="23b.24a" original-type="s^aa|s" channel="c4" participant="fe004">
      <nite:child href="Bed005.E.words.xml#id(Bed005.w.7,304)..id(Bed005.w.7,346)"/>
   </dialogueact>
   <dialogueact nite:id="Bed005.E.dialogueact854" starttime="2199.88" endtime="2203.06" type="s.%-" adjacency="24a+" original-type="s.%-" channel="c4" participant="fe004">
      <nite:child href="Bed005.E.words.xml#id(Bed005.w.7,347)..id(Bed005.disfmarker.293)"/>
   </dialogueact>
   <dialogueact nite:id="Bed005.E.dialogueact858" starttime="2206.71" endtime="2206.95" type="s^bk" adjacency="25b" original-type="s^bk" channel="c4" participant="fe004">
      <nite:child href="Bed005.E.words.xml#id(Bed005.w.7,408)..id(Bed005.w.7,409)"/>
   </dialogueact>
   <dialogueact nite:id="Bed005.E.dialogueact860" starttime="2207.14" endtime="2207.66" type="b" original-type="b" channel="c4" participant="fe004">
      <nite:child href="Bed005.E.words.xml#id(Bed005.w.7,410)..id(Bed005.w.7,414)"/>
   </dialogueact>
   <dialogueact nite:id="Bed005.E.dialogueact861" starttime="2211.03" endtime="2211.81" type="b.%" original-type="b.%" channel="c4" participant="fe004">
      <nite:child href="Bed005.E.words.xml#id(Bed005.w.7,415)..id(Bed005.w.7,418)"/>
   </dialogueact>
   <dialogueact nite:id="Bed005.E.dialogueact864" starttime="2217.73" endtime="2218.99" type="b.%" original-type="b.%" channel="c4" participant="fe004">
      <nite:child href="Bed005.E.words.xml#id(Bed005.w.7,441)..id(Bed005.w.7,444)"/>
   </dialogueact>
   <dialogueact nite:id="Bed005.E.dialogueact868" starttime="2235.99" endtime="2236.65" type="b.%" original-type="b.%" channel="c4" participant="fe004">
      <nite:child href="Bed005.E.words.xml#id(Bed005.w.7,526)..id(Bed005.w.7,529)"/>
   </dialogueact>
   <dialogueact nite:id="Bed005.E.dialogueact870" starttime="2246.52" endtime="2247.57" type="b" original-type="b" channel="c4" participant="fe004">
      <nite:child href="Bed005.E.words.xml#id(Bed005.w.7,553)..id(Bed005.w.7,556)"/>
   </dialogueact>
   <dialogueact nite:id="Bed005.E.dialogueact880" starttime="2273.94" endtime="2274.36" type="b.%" original-type="b.%" channel="c4" participant="fe004">
      <nite:child href="Bed005.E.words.xml#id(Bed005.w.7,672)..id(Bed005.w.7,673)"/>
   </dialogueact>
   <dialogueact nite:id="Bed005.E.dialogueact884" starttime="2287.21" endtime="2287.76" type="b" original-type="b" channel="c4" participant="fe004">
      <nite:child href="Bed005.E.words.xml#id(Bed005.w.7,722)..id(Bed005.w.7,725)"/>
   </dialogueact>
   <dialogueact nite:id="Bed005.E.dialogueact886" starttime="2288.99" endtime="2289.22" type="b" original-type="b" channel="c4" participant="fe004">
      <nite:child href="Bed005.E.words.xml#id(Bed005.w.7,738)..id(Bed005.w.7,739)"/>
   </dialogueact>
   <dialogueact nite:id="Bed005.E.dialogueact887" starttime="2290.12" endtime="2290.64" type="b" original-type="b" channel="c4" participant="fe004">
      <nite:child href="Bed005.E.words.xml#id(Bed005.w.7,740)..id(Bed005.w.7,743)"/>
   </dialogueact>
   <dialogueact nite:id="Bed005.E.dialogueact893" starttime="2305.28" endtime="2305.88" type="b" original-type="b" channel="c4" participant="fe004">
      <nite:child href="Bed005.E.words.xml#id(Bed005.w.7,813)..id(Bed005.w.7,816)"/>
   </dialogueact>
   <dialogueact nite:id="Bed005.E.dialogueact894" starttime="2308.37" endtime="2308.9" type="b" original-type="b" channel="c4" participant="fe004">
      <nite:child href="Bed005.E.words.xml#id(Bed005.w.7,825)..id(Bed005.w.7,826)"/>
   </dialogueact>
   <dialogueact nite:id="Bed005.E.dialogueact975" starttime="2501.7" endtime="2501.86" type="s^aa" adjacency="8b-2" original-type="s^aa" channel="c4" participant="fe004">
      <nite:child href="Bed005.E.words.xml#id(Bed005.w.8,527)..id(Bed005.w.8,528)"/>
   </dialogueact>
   <dialogueact nite:id="Bed005.E.dialogueact986" starttime="2515.09" endtime="2516.03" type="s|qy^d^g" original-type="s|qy^d^g" channel="c4" participant="fe004">
      <nite:child href="Bed005.E.words.xml#id(Bed005.w.8,575)..id(Bed005.w.8,582)"/>
   </dialogueact>
   <dialogueact nite:id="Bed005.E.dialogueact988" starttime="2517.38" endtime="2518.1" type="s" original-type="s" channel="c4" participant="fe004">
      <nite:child href="Bed005.E.words.xml#id(Bed005.w.8,594)..id(Bed005.w.8,597)"/>
   </dialogueact>
   <dialogueact nite:id="Bed005.E.dialogueact990" starttime="2518.72" endtime="2518.92" type="b" original-type="b" channel="c4" participant="fe004">
      <nite:child href="Bed005.E.words.xml#id(Bed005.w.8,598)..id(Bed005.w.8,599)"/>
   </dialogueact>
   <dialogueact nite:id="Bed005.E.dialogueact1026" starttime="2570.64" endtime="2571.54" type="s^t3" original-type="s^t3" channel="c4" participant="fe004">
      <nite:child href="Bed005.E.words.xml#id(Bed005.w.8,820)..id(Bed005.w.8,822)"/>
   </dialogueact>
   <dialogueact nite:id="Bed005.E.dialogueact1029" starttime="2572.36" endtime="2573.35" type="s^t3" original-type="s^t3" channel="c4" participant="fe004">
      <nite:child href="Bed005.E.words.xml#id(Bed005.w.8,823)..id(Bed005.w.8,828)"/>
   </dialogueact>
   <dialogueact nite:id="Bed005.E.dialogueact1114" starttime="2834.17" endtime="2834.34" type="%--" original-type="%--" channel="c4" participant="fe004">
      <nite:child href="Bed005.E.words.xml#id(Bed005.w.9,875)..id(Bed005.disfmarker.395)"/>
   </dialogueact>
   <dialogueact nite:id="Bed005.E.dialogueact1115" starttime="2834.34" endtime="2834.55" type="s^aa" adjacency="34b.35a" original-type="s^aa" channel="c4" participant="fe004">
      <nite:child href="Bed005.E.words.xml#id(Bed005.w.9,876)..id(Bed005.w.9,877)"/>
   </dialogueact>
   <dialogueact nite:id="Bed005.E.dialogueact1116" starttime="2834.55" endtime="2835.37" type="s^na|s^aa" adjacency="34b+.35a+" original-type="s^na|s^aa" channel="c4" participant="fe004">
      <nite:child href="Bed005.E.words.xml#id(Bed005.w.9,878)..id(Bed005.w.9,884)"/>
   </dialogueact>
   <dialogueact nite:id="Bed005.E.dialogueact1119" starttime="2836.83" endtime="2837.08" type="b.%" original-type="b.%" channel="c4" participant="fe004">
      <nite:child href="Bed005.E.words.xml#id(Bed005.w.9,887)..id(Bed005.w.9,891)"/>
   </dialogueact>
   <dialogueact nite:id="Bed005.E.dialogueact1140" starttime="2918.47" endtime="2919.26" type="b.%" original-type="b.%" channel="c4" participant="fe004">
      <nite:child href="Bed005.E.words.xml#id(Bed005.w.10,212)..id(Bed005.w.10,215)"/>
   </dialogueact>
   <dialogueact nite:id="Bed005.E.dialogueact1161" starttime="2977.04" endtime="2977.29" type="b.%" original-type="b.%" channel="c4" participant="fe004">
      <nite:child href="Bed005.E.words.xml#id(Bed005.w.10,432)..id(Bed005.w.10,433)"/>
   </dialogueact>
   <dialogueact nite:id="Bed005.E.dialogueact1184" starttime="3028.02" endtime="3028.44" type="b.%" original-type="b.%" channel="c4" participant="fe004">
      <nite:child href="Bed005.E.words.xml#id(Bed005.w.10,650)..id(Bed005.w.10,653)"/>
   </dialogueact>
   <dialogueact nite:id="Bed005.E.dialogueact1186" starttime="3028.89" endtime="3029.06" type="s^bk" original-type="s^bk" channel="c4" participant="fe004">
      <nite:child href="Bed005.E.words.xml#id(Bed005.w.10,654)..id(Bed005.w.10,655)"/>
   </dialogueact>
   <dialogueact nite:id="Bed005.E.dialogueact1193" starttime="3042.97" endtime="3043.35" type="b.%" original-type="b.%" channel="c4" participant="fe004">
      <nite:child href="Bed005.E.words.xml#id(Bed005.w.10,732)..id(Bed005.w.10,735)"/>
   </dialogueact>
   <dialogueact nite:id="Bed005.E.dialogueact1199" starttime="3046.2" endtime="3050.1" type="s" original-type="s" channel="c4" participant="fe004">
      <nite:child href="Bed005.E.words.xml#id(Bed005.w.10,750)..id(Bed005.w.10,766)"/>
   </dialogueact>
   <dialogueact nite:id="Bed005.E.dialogueact1504" starttime="3777.74" endtime="3778.37" type="b.%" original-type="b.%" channel="c4" participant="fe004">
      <nite:child href="Bed005.E.words.xml#id(Bed005.w.13,815)..id(Bed005.w.13,818)"/>
   </dialogueact>
   <dialogueact nite:id="Bed005.E.dialogueact1507" starttime="3791.24" endtime="3791.44" comment="In response to Feldman c1 who is no longer on mike." type="s^aa" original-type="s^aa" channel="c4" participant="fe004">
      <nite:child href="Bed005.E.words.xml#id(Bed005.w.13,845)..id(Bed005.w.13,846)"/>
   </dialogueact>
</nite:root>