<?xml version="1.0" encoding="ISO-8859-1" standalone="yes"?>
<nite:root nite:id="Bed010.F.dialogue-acts" xmlns:nite="http://nite.sourceforge.net/">
   <dialogueact nite:id="Bed010.F.dialogueact391" starttime="1284.05" endtime="1284.2" type="qw^t3" original-type="qw^t3" channel="c5" participant="fe004">
      <nite:child href="Bed010.F.words.xml#id(Bed010.w.4,252)"/>
   </dialogueact>
   <dialogueact nite:id="Bed010.F.dialogueact634" starttime="1961.06" endtime="1961.68" type="s.%-" original-type="s.%-" channel="c5" participant="fe004">
      <nite:child href="Bed010.F.words.xml#id(Bed010.w.6,689)..id(Bed010.disfmarker.220)"/>
   </dialogueact>
   <dialogueact nite:id="Bed010.F.dialogueact667" starttime="2008.7" endtime="2010.65" type="s" adjacency="11a" original-type="s" channel="c5" participant="fe004">
      <nite:child href="Bed010.F.words.xml#id(Bed010.w.6,909)..id(Bed010.w.6,917)"/>
   </dialogueact>
   <dialogueact nite:id="Bed010.F.dialogueact670" starttime="2012.15" endtime="2012.85" type="s^aa^m" adjacency="12b" original-type="s^aa^m" channel="c5" participant="fe004">
      <nite:child href="Bed010.F.words.xml#id(Bed010.w.6,930)..id(Bed010.w.6,936)"/>
   </dialogueact>
   <dialogueact nite:id="Bed010.F.dialogueact674" starttime="2013.23" endtime="2013.83" type="fh" original-type="fh" channel="c5" participant="fe004">
      <nite:child href="Bed010.F.words.xml#id(Bed010.w.6,937)..id(Bed010.w.6,938)"/>
   </dialogueact>
   <dialogueact nite:id="Bed010.F.dialogueact735" starttime="2143.75" endtime="2144.88" type="qy^bu^d^rt" adjacency="18b.19a" original-type="qy^bu^d^rt" channel="c5" participant="fe004">
      <nite:child href="Bed010.F.words.xml#id(Bed010.w.7,494)..id(Bed010.w.7,500)"/>
   </dialogueact>
   <dialogueact nite:id="Bed010.F.dialogueact739" starttime="2146.17" endtime="2147.23" type="s^fe" adjacency="20b-1" original-type="s^fe" channel="c5" participant="fe004">
      <nite:child href="Bed010.F.words.xml#id(Bed010.w.7,517)..id(Bed010.w.7,520)"/>
   </dialogueact>
   <dialogueact nite:id="Bed010.F.dialogueact772" starttime="2204.04" endtime="2205.4" type="qw" adjacency="27a" original-type="qw" channel="c5" participant="fe004">
      <nite:child href="Bed010.F.words.xml#id(Bed010.w.7,777)..id(Bed010.w.7,783)"/>
   </dialogueact>
   <dialogueact nite:id="Bed010.F.dialogueact888" starttime="2617.05" endtime="2618.63" type="qy^d^j^rt" adjacency="16a" original-type="qy^d^j^rt" channel="c5" participant="fe004">
      <nite:child href="Bed010.F.words.xml#id(Bed010.w.8,991)..id(Bed010.w.8,998)"/>
   </dialogueact>
   <dialogueact nite:id="Bed010.F.dialogueact890" starttime="2619.58" endtime="2619.92" type="s^bk" adjacency="17b" original-type="s^bk" channel="c5" participant="fe004">
      <nite:child href="Bed010.F.words.xml#id(Bed010.w.9,002)..id(Bed010.w.9,003)"/>
   </dialogueact>
   <dialogueact nite:id="Bed010.F.dialogueact892" starttime="2620.24" endtime="2620.72" type="s^df" original-type="s^df" channel="c5" participant="fe004">
      <nite:child href="Bed010.F.words.xml#id(Bed010.w.9,004)..id(Bed010.w.9,006)"/>
   </dialogueact>
   <dialogueact nite:id="Bed010.F.dialogueact899" starttime="2632.83" endtime="2633.84" type="s^j" original-type="s^j" channel="c5" participant="fe004">
      <nite:child href="Bed010.F.words.xml#id(Bed010.w.9,057)..id(Bed010.w.9,063)"/>
   </dialogueact>
   <dialogueact nite:id="Bed010.F.dialogueact901" starttime="2635.16" endtime="2638.38" type="s^j" adjacency="20a" original-type="sj^j" channel="c5" participant="fe004">
      <nite:child href="Bed010.F.words.xml#id(Bed010.w.9,066)..id(Bed010.w.9,084)"/>
   </dialogueact>
   <dialogueact nite:id="Bed010.F.dialogueact905" starttime="2638.69" endtime="2639.57" type="s^e" original-type="s^e" channel="c5" participant="fe004">
      <nite:child href="Bed010.F.words.xml#id(Bed010.w.9,085)..id(Bed010.w.9,090)"/>
   </dialogueact>
   <dialogueact nite:id="Bed010.F.dialogueact907" starttime="2647.14" endtime="2649.17" type="s^2^j" adjacency="21b.22a" original-type="s^2^j" channel="c5" participant="fe004">
      <nite:child href="Bed010.F.words.xml#id(Bed010.w.9,128)..id(Bed010.w.9,137)"/>
   </dialogueact>
   <dialogueact nite:id="Bed010.F.dialogueact909" starttime="2649.36" endtime="2649.55" type="s^bk" adjacency="23b" original-type="s^bk" channel="c5" participant="fe004">
      <nite:child href="Bed010.F.words.xml#id(Bed010.w.9,138)..id(Bed010.w.9,139)"/>
   </dialogueact>
   <dialogueact nite:id="Bed010.F.dialogueact911" starttime="2649.79" endtime="2650.11" type="s^ba" adjacency="23b+" original-type="sj^ba" channel="c5" participant="fe004">
      <nite:child href="Bed010.F.words.xml#id(Bed010.w.9,140)..id(Bed010.w.9,141)"/>
   </dialogueact>
   <dialogueact nite:id="Bed010.F.dialogueact915" starttime="2655.71" endtime="2656.32" type="b.%" original-type="b.%" channel="c5" participant="fe004">
      <nite:child href="Bed010.F.words.xml#id(Bed010.w.9,177)..id(Bed010.w.9,178)"/>
   </dialogueact>
   <dialogueact nite:id="Bed010.F.dialogueact946" starttime="2738.18" endtime="2741.51" type="fg|s" adjacency="29a" original-type="fg|sj" channel="c5" participant="fe004">
      <nite:child href="Bed010.F.words.xml#id(Bed010.w.9,441)..id(Bed010.w.9,457)"/>
   </dialogueact>
   <dialogueact nite:id="Bed010.F.dialogueact947" starttime="2741.51" endtime="2742.99" comment="FBH" type="s^j" original-type="s^j" channel="c5" participant="fe004">
      <nite:child href="Bed010.F.words.xml#id(Bed010.w.9,458)..id(Bed010.w.9,464)"/>
   </dialogueact>
   <dialogueact nite:id="Bed010.F.dialogueact949" starttime="2743.21" endtime="2743.62" type="s.%" original-type="sj.%" channel="c5" participant="fe004">
      <nite:child href="Bed010.F.words.xml#id(Bed010.w.9,465)..id(Bed010.w.9,469)"/>
   </dialogueact>
   <dialogueact nite:id="Bed010.F.dialogueact966" starttime="2773.7" endtime="2774.61" type="qy^bu^d^rt" adjacency="33a" original-type="qy^bu^d^rt" channel="c5" participant="fe004">
      <nite:child href="Bed010.F.words.xml#id(Bed010.w.9,579)..id(Bed010.w.9,583)"/>
   </dialogueact>
   <dialogueact nite:id="Bed010.F.dialogueact969" starttime="2776.63" endtime="2778.63" type="s.%-" adjacency="34a" original-type="sj.%-" channel="c5" participant="fe004">
      <nite:child href="Bed010.F.words.xml#id(Bed010.w.9,589)..id(Bed010.disfmarker.334)"/>
   </dialogueact>
   <dialogueact nite:id="Bed010.F.dialogueact971" starttime="2778.91" endtime="2779.37" type="s^ba" adjacency="34a+" original-type="s^ba" channel="c5" participant="fe004">
      <nite:child href="Bed010.F.words.xml#id(Bed010.w.9,602)..id(Bed010.w.9,605)"/>
   </dialogueact>
</nite:root>