<?xml version="1.0" encoding="ISO-8859-1" standalone="yes"?>
<nite:root nite:id="Bed010.D.dialogue-acts" xmlns:nite="http://nite.sourceforge.net/">
   <dialogueact nite:id="Bed010.D.dialogueact1" starttime="0.51" endtime="1.83" comment="There's some speech that's not transcribed b/w 2.0-9.0" type="z" original-type="z" channel="c3" participant="me003">
      <nite:child href="Bed010.D.words.xml#id(Bed010.w.3)..id(Bed010.w.10)"/>
   </dialogueact>
   <dialogueact nite:id="Bed010.D.dialogueact26" starttime="81.618" endtime="83.508" type="s" adjacency="3a" original-type="s" channel="c3" participant="me003">
      <nite:child href="Bed010.D.words.xml#id(Bed010.w.214)..id(Bed010.w.228)"/>
   </dialogueact>
   <dialogueact nite:id="Bed010.D.dialogueact29" starttime="83.508" endtime="83.648" type="%" original-type="%" channel="c3" participant="me003">
      <nite:child href="Bed010.D.words.xml#id(Bed010.w.229)..id(Bed010.w.230)"/>
   </dialogueact>
   <dialogueact nite:id="Bed010.D.dialogueact43" starttime="133.55" endtime="133.72" type="s^aa" adjacency="4b" original-type="s^aa" channel="c3" participant="me003">
      <nite:child href="Bed010.D.words.xml#id(Bed010.w.397)..id(Bed010.w.398)"/>
   </dialogueact>
   <dialogueact nite:id="Bed010.D.dialogueact44" starttime="133.72" endtime="143.465" comment="FBH" type="s" original-type="s" channel="c3" participant="me003">
      <nite:child href="Bed010.D.words.xml#id(Bed010.w.399)..id(Bed010.w.438)"/>
   </dialogueact>
   <dialogueact nite:id="Bed010.D.dialogueact45" starttime="144.02" endtime="148.73" type="s" original-type="s" channel="c3" participant="me003">
      <nite:child href="Bed010.D.words.xml#id(Bed010.w.439)..id(Bed010.w.456)"/>
   </dialogueact>
   <dialogueact nite:id="Bed010.D.dialogueact46" starttime="149.04" endtime="161.39" comment="FBH ERRORCODE1 CSV:&quot;and the - so and the knowledge base for the system that generates the syntasti- - syntactic structures for the ge- - generation is uh - in a lisp like - the knowledge base is in a lisp like form .&quot;" type="s" original-type="s" channel="c3" participant="me003">
      <nite:child href="Bed010.D.words.xml#id(Bed010.w.457)..id(Bed010.w.496)"/>
   </dialogueact>
   <dialogueact nite:id="Bed010.D.dialogueact47" starttime="161.9" endtime="166.94" comment="FBH" type="s" original-type="s" channel="c3" participant="me003">
      <nite:child href="Bed010.D.words.xml#id(Bed010.w.497)..id(Bed010.w.512)"/>
   </dialogueact>
   <dialogueact nite:id="Bed010.D.dialogueact48" starttime="167.71" endtime="170.26" type="s" original-type="s" channel="c3" participant="me003">
      <nite:child href="Bed010.D.words.xml#id(Bed010.w.513)..id(Bed010.w.521)"/>
   </dialogueact>
   <dialogueact nite:id="Bed010.D.dialogueact49" starttime="170.34" endtime="174.942" type="s" original-type="s" channel="c3" participant="me003">
      <nite:child href="Bed010.D.words.xml#id(Bed010.w.522)..id(Bed010.w.546)"/>
   </dialogueact>
   <dialogueact nite:id="Bed010.D.dialogueact51" starttime="175.372" endtime="180.402" type="s" original-type="s" channel="c3" participant="me003">
      <nite:child href="Bed010.D.words.xml#id(Bed010.w.547)..id(Bed010.w.569)"/>
   </dialogueact>
   <dialogueact nite:id="Bed010.D.dialogueact52" starttime="180.402" endtime="181.732" type="s^e" original-type="s^e" channel="c3" participant="me003">
      <nite:child href="Bed010.D.words.xml#id(Bed010.w.570)..id(Bed010.w.580)"/>
   </dialogueact>
   <dialogueact nite:id="Bed010.D.dialogueact53" starttime="182.271" endtime="186.59" type="s" original-type="s" channel="c3" participant="me003">
      <nite:child href="Bed010.D.words.xml#id(Bed010.w.587)..id(Bed010.w.602)"/>
   </dialogueact>
   <dialogueact nite:id="Bed010.D.dialogueact56" starttime="198.68" endtime="198.74" type="fg" original-type="fg" channel="c3" participant="me003">
      <nite:child href="Bed010.D.words.xml#id(Bed010.w.633)"/>
   </dialogueact>
   <dialogueact nite:id="Bed010.D.dialogueact57" starttime="198.74" endtime="198.89" type="fg" original-type="fg" channel="c3" participant="me003">
      <nite:child href="Bed010.D.words.xml#id(Bed010.w.635)..id(Bed010.w.636)"/>
   </dialogueact>
   <dialogueact nite:id="Bed010.D.dialogueact58" starttime="198.89" endtime="200.77" type="s" original-type="s" channel="c3" participant="me003">
      <nite:child href="Bed010.D.words.xml#id(Bed010.w.637)..id(Bed010.w.645)"/>
   </dialogueact>
   <dialogueact nite:id="Bed010.D.dialogueact59" starttime="200.77" endtime="202.98" type="s^rt" original-type="s^rt" channel="c3" participant="me003">
      <nite:child href="Bed010.D.words.xml#id(Bed010.w.646)..id(Bed010.w.656)"/>
   </dialogueact>
   <dialogueact nite:id="Bed010.D.dialogueact61" starttime="203.713" endtime="213.322" type="s" original-type="s" channel="c3" participant="me003">
      <nite:child href="Bed010.D.words.xml#id(Bed010.w.665)..id(Bed010.w.715)"/>
   </dialogueact>
   <dialogueact nite:id="Bed010.D.dialogueact62" starttime="214.02" endtime="226.83" type="fh|s" original-type="fh|s" channel="c3" participant="me003">
      <nite:child href="Bed010.D.words.xml#id(Bed010.w.716)..id(Bed010.w.753)"/>
   </dialogueact>
   <dialogueact nite:id="Bed010.D.dialogueact63" starttime="227.55" endtime="231.57" type="s.%--" original-type="s.%--" channel="c3" participant="me003">
      <nite:child href="Bed010.D.words.xml#id(Bed010.w.754)..id(Bed010.w.772)"/>
   </dialogueact>
   <dialogueact nite:id="Bed010.D.dialogueact64" starttime="232.65" endtime="235.06" type="s^no" original-type="s^no" channel="c3" participant="me003">
      <nite:child href="Bed010.D.words.xml#id(Bed010.w.773)..id(Bed010.w.787)"/>
   </dialogueact>
   <dialogueact nite:id="Bed010.D.dialogueact65" starttime="235.06" endtime="240.637" type="s" adjacency="5a" original-type="s" channel="c3" participant="me003">
      <nite:child href="Bed010.D.words.xml#id(Bed010.w.788)..id(Bed010.w.818)"/>
   </dialogueact>
   <dialogueact nite:id="Bed010.D.dialogueact88" starttime="319.66" endtime="322.79" comment="FBH" type="s^ng^rt" adjacency="6b" original-type="s^ng^rt" channel="c3" participant="me003">
      <nite:child href="Bed010.D.words.xml#id(Bed010.w.1,094)..id(Bed010.w.1,109)"/>
   </dialogueact>
   <dialogueact nite:id="Bed010.D.dialogueact89" starttime="323.28" endtime="329.38" type="s^df" original-type="s^df" channel="c3" participant="me003">
      <nite:child href="Bed010.D.words.xml#id(Bed010.w.1,110)..id(Bed010.w.1,132)"/>
   </dialogueact>
   <dialogueact nite:id="Bed010.D.dialogueact92" starttime="329.858" endtime="331.508" type="s:s" original-type="s:s" channel="c3" participant="me003">
      <nite:child href="Bed010.D.words.xml#id(Bed010.w.1,144)..id(Bed010.w.1,155)"/>
   </dialogueact>
   <dialogueact nite:id="Bed010.D.dialogueact93" starttime="331.508" endtime="335.14" type="s" adjacency="7a" original-type="s" channel="c3" participant="me003">
      <nite:child href="Bed010.D.words.xml#id(Bed010.w.1,156)..id(Bed010.w.1,182)"/>
   </dialogueact>
   <dialogueact nite:id="Bed010.D.dialogueact99" starttime="345.13" endtime="345.39" type="s^aa" adjacency="8b-1" original-type="s^aa" channel="c3" participant="me003">
      <nite:child href="Bed010.D.words.xml#id(Bed010.w.1,227)..id(Bed010.w.1,228)"/>
   </dialogueact>
   <dialogueact nite:id="Bed010.D.dialogueact105" starttime="351.01" endtime="352.34" comment="FBH" type="%-" original-type="%-" channel="c3" participant="me003">
      <nite:child href="Bed010.D.words.xml#id(Bed010.w.1,245)..id(Bed010.w.1,247)"/>
   </dialogueact>
   <dialogueact nite:id="Bed010.D.dialogueact131" starttime="407.26" endtime="408.27" type="qw^rt^t3" original-type="qw^rt^t3" channel="c3" participant="me003">
      <nite:child href="Bed010.D.words.xml#id(Bed010.w.1,489)..id(Bed010.w.1,497)"/>
   </dialogueact>
   <dialogueact nite:id="Bed010.D.dialogueact152" starttime="458.921" endtime="460.721" type="s^cs^t3" original-type="s^cs^t3" channel="c3" participant="me003">
      <nite:child href="Bed010.D.words.xml#id(Bed010.w.1,685)..id(Bed010.w.1,695)"/>
   </dialogueact>
   <dialogueact nite:id="Bed010.D.dialogueact155" starttime="462.38" endtime="464.48" type="s^t3" original-type="s^t3" channel="c3" participant="me003">
      <nite:child href="Bed010.D.words.xml#id(Bed010.w.1,714)..id(Bed010.w.1,728)"/>
   </dialogueact>
   <dialogueact nite:id="Bed010.D.dialogueact264" starttime="746.507" endtime="747.387" type="%-" original-type="%-" channel="c3" participant="me003">
      <nite:child href="Bed010.D.words.xml#id(Bed010.w.2,765)"/>
   </dialogueact>
   <dialogueact nite:id="Bed010.D.dialogueact265" starttime="747.387" endtime="747.417" type="fg" original-type="fg" channel="c3" participant="me003">
      <nite:child href="Bed010.D.words.xml#id(Bed010.w.2,767)..id(Bed010.disfmarker.68)"/>
   </dialogueact>
   <dialogueact nite:id="Bed010.D.dialogueact266" starttime="751.91" endtime="752.44" type="s^aap.%--" adjacency="11b" original-type="s^aap.%--" channel="c3" participant="me003">
      <nite:child href="Bed010.D.words.xml#id(Bed010.w.2,782)..id(Bed010.w.2,784)"/>
   </dialogueact>
   <dialogueact nite:id="Bed010.D.dialogueact267" starttime="752.44" endtime="754.54" type="fh|qw" adjacency="12a" original-type="fh|qw" channel="c3" participant="me003">
      <nite:child href="Bed010.D.words.xml#id(Bed010.w.2,785)..id(Bed010.w.2,794)"/>
   </dialogueact>
   <dialogueact nite:id="Bed010.D.dialogueact269" starttime="755.23" endtime="755.75" type="s^aa" adjacency="13b" original-type="s^aa" channel="c3" participant="me003">
      <nite:child href="Bed010.D.words.xml#id(Bed010.w.2,804)..id(Bed010.w.2,807)"/>
   </dialogueact>
   <dialogueact nite:id="Bed010.D.dialogueact347" starttime="1215.94" endtime="1216.57" type="fg" original-type="fg" channel="c3" participant="me003">
      <nite:child href="Bed010.D.words.xml#id(Bed010.w.3,950)..id(Bed010.disfmarker.106)"/>
   </dialogueact>
   <dialogueact nite:id="Bed010.D.dialogueact353" starttime="1221.16" endtime="1225.4" type="s.%--" original-type="s.%--" channel="c3" participant="me003">
      <nite:child href="Bed010.D.words.xml#id(Bed010.w.3,961)..id(Bed010.w.3,981)"/>
   </dialogueact>
   <dialogueact nite:id="Bed010.D.dialogueact356" starttime="1226.07" endtime="1227.46" type="s" original-type="s" channel="c3" participant="me003">
      <nite:child href="Bed010.D.words.xml#id(Bed010.w.3,986)..id(Bed010.w.3,991)"/>
   </dialogueact>
   <dialogueact nite:id="Bed010.D.dialogueact357" starttime="1227.65" endtime="1231.69" type="s^cs" original-type="s^cs" channel="c3" participant="me003">
      <nite:child href="Bed010.D.words.xml#id(Bed010.w.3,992)..id(Bed010.w.4,005)"/>
   </dialogueact>
   <dialogueact nite:id="Bed010.D.dialogueact358" starttime="1232.16" endtime="1235.02" type="s^rt" adjacency="2a" original-type="sj^rt" channel="c3" participant="me003">
      <nite:child href="Bed010.D.words.xml#id(Bed010.w.4,006)..id(Bed010.w.4,021)"/>
   </dialogueact>
   <dialogueact nite:id="Bed010.D.dialogueact360" starttime="1235.49" endtime="1238.49" type="s^rt" adjacency="3a" original-type="s^rt" channel="c3" participant="me003">
      <nite:child href="Bed010.D.words.xml#id(Bed010.w.4,028)..id(Bed010.w.4,043)"/>
   </dialogueact>
   <dialogueact nite:id="Bed010.D.dialogueact362" starttime="1239.02" endtime="1248.43" type="s" original-type="s" channel="c3" participant="me003">
      <nite:child href="Bed010.D.words.xml#id(Bed010.w.4,044)..id(Bed010.w.4,068)"/>
   </dialogueact>
   <dialogueact nite:id="Bed010.D.dialogueact366" starttime="1252.94" endtime="1253.23" type="s^bk" adjacency="4b" original-type="s^bk" channel="c3" participant="me003">
      <nite:child href="Bed010.D.words.xml#id(Bed010.w.4,112)..id(Bed010.w.4,113)"/>
   </dialogueact>
   <dialogueact nite:id="Bed010.D.dialogueact368" starttime="1257.48" endtime="1260.0" type="s^bk|s^cc.%-" adjacency="5b.6a" original-type="s^bk|s^cc.%-" channel="c3" participant="me003">
      <nite:child href="Bed010.D.words.xml#id(Bed010.w.4,114)..id(Bed010.disfmarker.112)"/>
   </dialogueact>
   <dialogueact nite:id="Bed010.D.dialogueact374" starttime="1261.16" endtime="1261.65" type="b" original-type="b" channel="c3" participant="me003">
      <nite:child href="Bed010.D.words.xml#id(Bed010.w.4,182)..id(Bed010.w.4,183)"/>
   </dialogueact>
   <dialogueact nite:id="Bed010.D.dialogueact390" starttime="1283.45" endtime="1284.14" type="qw^rt" adjacency="12a" original-type="qw^rt" channel="c3" participant="me003">
      <nite:child href="Bed010.D.words.xml#id(Bed010.w.4,246)..id(Bed010.w.4,251)"/>
   </dialogueact>
   <dialogueact nite:id="Bed010.D.dialogueact404" starttime="1307.85" endtime="1308.1" type="s^bk" adjacency="14b" original-type="s^bk" channel="c3" participant="me003">
      <nite:child href="Bed010.D.words.xml#id(Bed010.w.4,370)..id(Bed010.w.4,371)"/>
   </dialogueact>
   <dialogueact nite:id="Bed010.D.dialogueact409" starttime="1315.45" endtime="1315.99" type="b" original-type="b" channel="c3" participant="me003">
      <nite:child href="Bed010.D.words.xml#id(Bed010.w.4,423)..id(Bed010.w.4,424)"/>
   </dialogueact>
   <dialogueact nite:id="Bed010.D.dialogueact884" starttime="2608.81" endtime="2609.15" type="s^aa" adjacency="13b.14a" original-type="s^aa" channel="c3" participant="me003">
      <nite:child href="Bed010.D.words.xml#id(Bed010.w.8,957)..id(Bed010.w.8,958)"/>
   </dialogueact>
   <dialogueact nite:id="Bed010.D.dialogueact889" starttime="2618.94" endtime="2619.44" type="s^ar" adjacency="16b-1.17a" original-type="s^ar" channel="c3" participant="me003">
      <nite:child href="Bed010.D.words.xml#id(Bed010.w.8,999)..id(Bed010.w.9,001)"/>
   </dialogueact>
   <dialogueact nite:id="Bed010.D.dialogueact893" starttime="2623.0" endtime="2623.6" type="s^aa" adjacency="18b-1" original-type="s^aa" channel="c3" participant="me003">
      <nite:child href="Bed010.D.words.xml#id(Bed010.w.9,023)..id(Bed010.w.9,025)"/>
   </dialogueact>
   <dialogueact nite:id="Bed010.D.dialogueact1068" starttime="3079.31" endtime="3079.93" comment="FBH" type="fh" original-type="fh" channel="c3" participant="me003">
      <nite:child href="Bed010.D.words.xml#id(Bed010.w.10,585)..id(Bed010.w.10,586)"/>
   </dialogueact>
   <dialogueact nite:id="Bed010.D.dialogueact1069" starttime="3079.93" endtime="3086.37" comment="FBH" type="s" original-type="s" channel="c3" participant="me003">
      <nite:child href="Bed010.D.words.xml#id(Bed010.w.10,587)..id(Bed010.w.10,617)"/>
   </dialogueact>
   <dialogueact nite:id="Bed010.D.dialogueact1070" starttime="3086.37" endtime="3089.44" comment="FBH ERRORCODE1 CSV:&quot;and he's giving us five days to do it which means it's going to be hard .&quot;" type="s" adjacency="4a" original-type="s" channel="c3" participant="me003">
      <nite:child href="Bed010.D.words.xml#id(Bed010.w.10,618)..id(Bed010.w.10,635)"/>
   </dialogueact>
   <dialogueact nite:id="Bed010.D.dialogueact1074" starttime="3091.16" endtime="3091.39" type="s^aa" adjacency="5b" original-type="s^aa" channel="c3" participant="me003">
      <nite:child href="Bed010.D.words.xml#id(Bed010.w.10,655)..id(Bed010.w.10,656)"/>
   </dialogueact>
   <dialogueact nite:id="Bed010.D.dialogueact1076" starttime="3091.94" endtime="3093.18" type="s" adjacency="6b.7a" original-type="s" channel="c3" participant="me003">
      <nite:child href="Bed010.D.words.xml#id(Bed010.w.10,657)..id(Bed010.w.10,662)"/>
   </dialogueact>
   <dialogueact nite:id="Bed010.D.dialogueact1085" starttime="3101.02" endtime="3104.74" type="s" original-type="s" channel="c3" participant="me003">
      <nite:child href="Bed010.D.words.xml#id(Bed010.w.10,698)..id(Bed010.w.10,715)"/>
   </dialogueact>
   <dialogueact nite:id="Bed010.D.dialogueact1116" starttime="3160.78" endtime="3160.93" type="s^bk^t3" original-type="s^bk^t3" channel="c3" participant="me003">
      <nite:child href="Bed010.D.words.xml#id(Bed010.w.10,932)..id(Bed010.w.10,933)"/>
   </dialogueact>
   <dialogueact nite:id="Bed010.D.dialogueact1123" starttime="3166.82" endtime="3166.99" type="s^t3" original-type="s^t3" channel="c3" participant="me003">
      <nite:child href="Bed010.D.words.xml#id(Bed010.w.10,974)"/>
   </dialogueact>
   <dialogueact nite:id="Bed010.D.dialogueact1127" starttime="3170.7" endtime="3172.22" type="s^t3" original-type="s^t3" channel="c3" participant="me003">
      <nite:child href="Bed010.D.words.xml#id(Bed010.w.10,993)..id(Bed010.w.11,001)"/>
   </dialogueact>
   <dialogueact nite:id="Bed010.D.dialogueact1132" starttime="3177.82" endtime="3178.1" type="s" original-type="s" channel="c3" participant="me003">
      <nite:child href="Bed010.D.words.xml#id(Bed010.w.11,031)..id(Bed010.w.11,032)"/>
   </dialogueact>
</nite:root>