<?xml version="1.0" encoding="ISO-8859-1" standalone="yes"?>
<nite:root nite:id="Bmr028.C.dialogue-acts" xmlns:nite="http://nite.sourceforge.net/">
   <dialogueact nite:id="Bmr028.C.dialogueact4" starttime="16.988" endtime="19.038" type="qw.%--" adjacency="1a" original-type="qw.%--" channel="c2" participant="me013">
      <nite:child href="Bmr028.C.words.xml#id(Bmr028.w.39)..id(Bmr028.disfmarker.1)"/>
   </dialogueact>
   <dialogueact nite:id="Bmr028.C.dialogueact5" starttime="19.038" endtime="20.438" type="s" adjacency="1a+" original-type="s" channel="c2" participant="me013">
      <nite:child href="Bmr028.C.words.xml#id(Bmr028.w.50)..id(Bmr028.w.59)"/>
   </dialogueact>
   <dialogueact nite:id="Bmr028.C.dialogueact6" starttime="20.438" endtime="21.118" type="s" adjacency="1a++" original-type="s" channel="c2" participant="me013">
      <nite:child href="Bmr028.C.words.xml#id(Bmr028.w.60)..id(Bmr028.w.65)"/>
   </dialogueact>
   <dialogueact nite:id="Bmr028.C.dialogueact9" starttime="24.901" endtime="25.151" type="s^bk" adjacency="2b" original-type="s^bk" channel="c2" participant="me013">
      <nite:child href="Bmr028.C.words.xml#id(Bmr028.w.78)..id(Bmr028.w.79)"/>
   </dialogueact>
   <dialogueact nite:id="Bmr028.C.dialogueact10" starttime="26.85" endtime="27.99" type="s^bk|s" adjacency="3b" original-type="s^bk|s" channel="c2" participant="me013">
      <nite:child href="Bmr028.C.words.xml#id(Bmr028.w.90)..id(Bmr028.w.97)"/>
   </dialogueact>
   <dialogueact nite:id="Bmr028.C.dialogueact11" starttime="27.99" endtime="29.72" type="s^bk" original-type="s^bk" channel="c2" participant="me013">
      <nite:child href="Bmr028.C.words.xml#id(Bmr028.w.98)..id(Bmr028.w.101)"/>
   </dialogueact>
   <dialogueact nite:id="Bmr028.C.dialogueact24" starttime="53.143" endtime="55.683" type="s" adjacency="6a" original-type="s" channel="c2" participant="me013">
      <nite:child href="Bmr028.C.words.xml#id(Bmr028.w.196)..id(Bmr028.w.209)"/>
   </dialogueact>
   <dialogueact nite:id="Bmr028.C.dialogueact25" starttime="55.843" endtime="56.593" type="s" adjacency="6a+" original-type="s" channel="c2" participant="me013">
      <nite:child href="Bmr028.C.words.xml#id(Bmr028.w.210)..id(Bmr028.w.216)"/>
   </dialogueact>
   <dialogueact nite:id="Bmr028.C.dialogueact27" starttime="57.583" endtime="57.783" type="fh" original-type="fh" channel="c2" participant="me013">
      <nite:child href="Bmr028.C.words.xml#id(Bmr028.w.217)..id(Bmr028.disfmarker.8)"/>
   </dialogueact>
   <dialogueact nite:id="Bmr028.C.dialogueact97" starttime="200.88" endtime="201.76" type="qw^rt" adjacency="19a" original-type="qw^rt" channel="c2" participant="me013">
      <nite:child href="Bmr028.C.words.xml#id(Bmr028.w.850)..id(Bmr028.w.855)"/>
   </dialogueact>
   <dialogueact nite:id="Bmr028.C.dialogueact100" starttime="208.695" endtime="209.025" type="b" original-type="b" channel="c2" participant="me013">
      <nite:child href="Bmr028.C.words.xml#id(Bmr028.w.882)..id(Bmr028.w.885)"/>
   </dialogueact>
   <dialogueact nite:id="Bmr028.C.dialogueact109" starttime="222.797" endtime="223.107" type="s^bk" adjacency="22b" original-type="s^bk" channel="c2" participant="me013">
      <nite:child href="Bmr028.C.words.xml#id(Bmr028.w.963)..id(Bmr028.w.965)"/>
   </dialogueact>
   <dialogueact nite:id="Bmr028.C.dialogueact146" starttime="290.394" endtime="291.554" type="s^t1.%--" original-type="s^t1.%--" channel="c2" participant="me013">
      <nite:child href="Bmr028.C.words.xml#id(Bmr028.w.1,240)..id(Bmr028.disfmarker.47)"/>
   </dialogueact>
   <dialogueact nite:id="Bmr028.C.dialogueact148" starttime="291.554" endtime="292.004" type="s^t1" original-type="s^t1" channel="c2" participant="me013">
      <nite:child href="Bmr028.C.words.xml#id(Bmr028.w.1,244)..id(Bmr028.w.1,245)"/>
   </dialogueact>
   <dialogueact nite:id="Bmr028.C.dialogueact176" starttime="341.962" endtime="342.752" type="s^no" adjacency="32b" original-type="s^no" channel="c2" participant="me013">
      <nite:child href="Bmr028.C.words.xml#id(Bmr028.w.1,517)..id(Bmr028.w.1,520)"/>
   </dialogueact>
   <dialogueact nite:id="Bmr028.C.dialogueact194" starttime="382.455" endtime="384.155" type="s^df" adjacency="36b.37a" original-type="s^df" channel="c2" participant="me013">
      <nite:child href="Bmr028.C.words.xml#id(Bmr028.w.1,683)..id(Bmr028.w.1,689)"/>
   </dialogueact>
   <dialogueact nite:id="Bmr028.C.dialogueact196" starttime="384.155" endtime="387.215" type="qy^rt" adjacency="36b+.37a+" original-type="qy^rt" channel="c2" participant="me013">
      <nite:child href="Bmr028.C.words.xml#id(Bmr028.w.1,690)..id(Bmr028.w.1,700)"/>
   </dialogueact>
   <dialogueact nite:id="Bmr028.C.dialogueact198" starttime="388.238" endtime="390.698" type="qy^bu^d^rt" adjacency="38b.39a" original-type="qy^bu^d^rt" channel="c2" participant="me013">
      <nite:child href="Bmr028.C.words.xml#id(Bmr028.w.1,708)..id(Bmr028.w.1,721)"/>
   </dialogueact>
   <dialogueact nite:id="Bmr028.C.dialogueact199" starttime="392.23" endtime="393.28" type="s.%-" original-type="s.%-" channel="c2" participant="me013">
      <nite:child href="Bmr028.C.words.xml#id(Bmr028.w.1,737)..id(Bmr028.disfmarker.60)"/>
   </dialogueact>
   <dialogueact nite:id="Bmr028.C.dialogueact203" starttime="395.767" endtime="397.207" type="s|s^aa" adjacency="40b-2.41a" original-type="s|s^aa" channel="c2" participant="me013">
      <nite:child href="Bmr028.C.words.xml#id(Bmr028.w.1,748)..id(Bmr028.w.1,758)"/>
   </dialogueact>
   <dialogueact nite:id="Bmr028.C.dialogueact205" starttime="397.207" endtime="399.167" type="%--" original-type="%--" channel="c2" participant="me013">
      <nite:child href="Bmr028.C.words.xml#id(Bmr028.w.1,759)..id(Bmr028.disfmarker.64)"/>
   </dialogueact>
   <dialogueact nite:id="Bmr028.C.dialogueact208" starttime="400.5" endtime="404.868" type="s.%-" original-type="s.%-" channel="c2" participant="me013">
      <nite:child href="Bmr028.C.words.xml#id(Bmr028.w.1,786)..id(Bmr028.disfmarker.67)"/>
   </dialogueact>
   <dialogueact nite:id="Bmr028.C.dialogueact217" starttime="410.226" endtime="410.956" type="qy^bu^d^m^rt" adjacency="43b-1" original-type="qy^bu^d^m^rt" channel="c2" participant="me013">
      <nite:child href="Bmr028.C.words.xml#id(Bmr028.w.1,840)..id(Bmr028.w.1,842)"/>
   </dialogueact>
   <dialogueact nite:id="Bmr028.C.dialogueact219" starttime="412.184" endtime="412.794" type="s^bk" adjacency="43b-2" original-type="s^bk" channel="c2" participant="me013">
      <nite:child href="Bmr028.C.words.xml#id(Bmr028.w.1,845)..id(Bmr028.w.1,849)"/>
   </dialogueact>
   <dialogueact nite:id="Bmr028.C.dialogueact232" starttime="431.113" endtime="433.073" type="s^bk|s^bu" adjacency="48a" original-type="s^bk|s^bu" channel="c2" participant="me013">
      <nite:child href="Bmr028.C.words.xml#id(Bmr028.w.1,969)..id(Bmr028.w.1,979)"/>
   </dialogueact>
   <dialogueact nite:id="Bmr028.C.dialogueact234" starttime="433.946" endtime="434.496" type="s^na" adjacency="48b-2" original-type="s^na" channel="c2" participant="me013">
      <nite:child href="Bmr028.C.words.xml#id(Bmr028.w.1,982)..id(Bmr028.w.1,988)"/>
   </dialogueact>
   <dialogueact nite:id="Bmr028.C.dialogueact239" starttime="438.716" endtime="438.966" type="b" original-type="b" channel="c2" participant="me013">
      <nite:child href="Bmr028.C.words.xml#id(Bmr028.w.2,014)..id(Bmr028.w.2,015)"/>
   </dialogueact>
   <dialogueact nite:id="Bmr028.C.dialogueact240" starttime="440.323" endtime="441.673" type="s" adjacency="50a" original-type="s" channel="c2" participant="me013">
      <nite:child href="Bmr028.C.words.xml#id(Bmr028.w.2,016)..id(Bmr028.w.2,024)"/>
   </dialogueact>
   <dialogueact nite:id="Bmr028.C.dialogueact241" starttime="441.983" endtime="445.917" type="s" adjacency="50a+" original-type="s" channel="c2" participant="me013">
      <nite:child href="Bmr028.C.words.xml#id(Bmr028.w.2,025)..id(Bmr028.w.2,049)"/>
   </dialogueact>
   <dialogueact nite:id="Bmr028.C.dialogueact278" starttime="507.558" endtime="510.078" type="s^bk|s" adjacency="57b.58a" original-type="s^bk|s" channel="c2" participant="me013">
      <nite:child href="Bmr028.C.words.xml#id(Bmr028.w.2,327)..id(Bmr028.w.2,342)"/>
   </dialogueact>
   <dialogueact nite:id="Bmr028.C.dialogueact279" starttime="510.078" endtime="513.518" type="s" adjacency="58a+" original-type="s" channel="c2" participant="me013">
      <nite:child href="Bmr028.C.words.xml#id(Bmr028.w.2,343)..id(Bmr028.w.2,364)"/>
   </dialogueact>
   <dialogueact nite:id="Bmr028.C.dialogueact281" starttime="516.741" endtime="517.611" type="s^aa|s.%--" adjacency="59b.60a" original-type="s^aa|s.%--" channel="c2" participant="me013">
      <nite:child href="Bmr028.C.words.xml#id(Bmr028.w.2,375)..id(Bmr028.w.2,381)"/>
   </dialogueact>
   <dialogueact nite:id="Bmr028.C.dialogueact282" starttime="517.731" endtime="519.601" type="s" adjacency="59b+.60a+" original-type="s" channel="c2" participant="me013">
      <nite:child href="Bmr028.C.words.xml#id(Bmr028.w.2,385)..id(Bmr028.w.2,394)"/>
   </dialogueact>
   <dialogueact nite:id="Bmr028.C.dialogueact283" starttime="519.601" endtime="521.141" type="s" adjacency="59b++.60a++" original-type="s" channel="c2" participant="me013">
      <nite:child href="Bmr028.C.words.xml#id(Bmr028.w.2,395)..id(Bmr028.w.2,403)"/>
   </dialogueact>
   <dialogueact nite:id="Bmr028.C.dialogueact285" starttime="521.141" endtime="521.391" type="fh" original-type="fh" channel="c2" participant="me013">
      <nite:child href="Bmr028.C.words.xml#id(Bmr028.w.2,404)"/>
   </dialogueact>
   <dialogueact nite:id="Bmr028.C.dialogueact301" starttime="556.751" endtime="563.51" type="fh|s" adjacency="62b" original-type="fh|s" channel="c2" participant="me013">
      <nite:child href="Bmr028.C.words.xml#id(Bmr028.w.2,551)..id(Bmr028.w.2,563)"/>
   </dialogueact>
   <dialogueact nite:id="Bmr028.C.dialogueact302" starttime="563.51" endtime="567.105" type="s^bu^rt" original-type="s^bu^rt" channel="c2" participant="me013">
      <nite:child href="Bmr028.C.words.xml#id(Bmr028.w.2,564)..id(Bmr028.w.2,573)"/>
   </dialogueact>
   <dialogueact nite:id="Bmr028.C.dialogueact304" starttime="567.934" endtime="568.424" type="qrr^d^rt" original-type="qrr^d^rt" channel="c2" participant="me013">
      <nite:child href="Bmr028.C.words.xml#id(Bmr028.w.2,575)..id(Bmr028.w.2,577)"/>
   </dialogueact>
   <dialogueact nite:id="Bmr028.C.dialogueact315" starttime="594.683" endtime="596.833" type="s^ba^j" adjacency="65a" original-type="s^ba^j" channel="c2" participant="me013">
      <nite:child href="Bmr028.C.words.xml#id(Bmr028.w.2,670)..id(Bmr028.w.2,682)"/>
   </dialogueact>
   <dialogueact nite:id="Bmr028.C.dialogueact318" starttime="600.437" endtime="600.757" type="b" original-type="b" channel="c2" participant="me013">
      <nite:child href="Bmr028.C.words.xml#id(Bmr028.w.2,705)..id(Bmr028.w.2,706)"/>
   </dialogueact>
   <dialogueact nite:id="Bmr028.C.dialogueact328" starttime="614.775" endtime="615.135" type="s^j" original-type="s^j" channel="c2" participant="me013">
      <nite:child href="Bmr028.C.words.xml#id(Bmr028.w.2,756)..id(Bmr028.w.2,757)"/>
   </dialogueact>
   <dialogueact nite:id="Bmr028.C.dialogueact333" starttime="622.429" endtime="624.139" type="s" adjacency="4b.5a" original-type="s" channel="c2" participant="me013">
      <nite:child href="Bmr028.C.words.xml#id(Bmr028.w.2,775)..id(Bmr028.w.2,783)"/>
   </dialogueact>
   <dialogueact nite:id="Bmr028.C.dialogueact335" starttime="625.33" endtime="628.11" type="fg|s^t^tc" original-type="fg|s^t^tc" channel="c2" participant="me013">
      <nite:child href="Bmr028.C.words.xml#id(Bmr028.w.2,796)..id(Bmr028.w.2,815)"/>
   </dialogueact>
   <dialogueact nite:id="Bmr028.C.dialogueact337" starttime="628.11" endtime="632.648" type="s^df" adjacency="6a" original-type="s^df" channel="c2" participant="me013">
      <nite:child href="Bmr028.C.words.xml#id(Bmr028.w.2,816)..id(Bmr028.w.2,828)"/>
   </dialogueact>
   <dialogueact nite:id="Bmr028.C.dialogueact338" starttime="633.457" endtime="635.157" type="s" adjacency="6a+" original-type="s" channel="c2" participant="me013">
      <nite:child href="Bmr028.C.words.xml#id(Bmr028.w.2,829)..id(Bmr028.w.2,839)"/>
   </dialogueact>
   <dialogueact nite:id="Bmr028.C.dialogueact339" starttime="635.157" endtime="635.427" type="fh" original-type="fh" channel="c2" participant="me013">
      <nite:child href="Bmr028.C.words.xml#id(Bmr028.w.2,840)..id(Bmr028.w.2,841)"/>
   </dialogueact>
   <dialogueact nite:id="Bmr028.C.dialogueact341" starttime="637.162" endtime="638.632" type="s" original-type="s" channel="c2" participant="me013">
      <nite:child href="Bmr028.C.words.xml#id(Bmr028.w.2,844)..id(Bmr028.w.2,852)"/>
   </dialogueact>
   <dialogueact nite:id="Bmr028.C.dialogueact342" starttime="638.632" endtime="640.116" type="fh" original-type="fh" channel="c2" participant="me013">
      <nite:child href="Bmr028.C.words.xml#id(Bmr028.w.2,853)..id(Bmr028.disfmarker.100)"/>
   </dialogueact>
   <dialogueact nite:id="Bmr028.C.dialogueact344" starttime="644.595" endtime="649.87" type="s" adjacency="7a" original-type="s" channel="c2" participant="me013">
      <nite:child href="Bmr028.C.words.xml#id(Bmr028.w.2,858)..id(Bmr028.w.2,883)"/>
   </dialogueact>
   <dialogueact nite:id="Bmr028.C.dialogueact345" starttime="650.1" endtime="651.11" type="s.%-" adjacency="7a+" original-type="s.%-" channel="c2" participant="me013">
      <nite:child href="Bmr028.C.words.xml#id(Bmr028.w.2,884)..id(Bmr028.w.2,889)"/>
   </dialogueact>
   <dialogueact nite:id="Bmr028.C.dialogueact348" starttime="653.117" endtime="653.667" type="s" original-type="s" channel="c2" participant="me013">
      <nite:child href="Bmr028.C.words.xml#id(Bmr028.w.2,901)..id(Bmr028.w.2,904)"/>
   </dialogueact>
   <dialogueact nite:id="Bmr028.C.dialogueact349" starttime="654.968" endtime="655.818" type="s^aa" adjacency="8b-2" original-type="s^aa" channel="c2" participant="me013">
      <nite:child href="Bmr028.C.words.xml#id(Bmr028.w.2,905)..id(Bmr028.w.2,909)"/>
   </dialogueact>
   <dialogueact nite:id="Bmr028.C.dialogueact350" starttime="655.818" endtime="655.988" type="b" original-type="b" channel="c2" participant="me013">
      <nite:child href="Bmr028.C.words.xml#id(Bmr028.w.2,910)..id(Bmr028.w.2,911)"/>
   </dialogueact>
   <dialogueact nite:id="Bmr028.C.dialogueact355" starttime="670.509" endtime="671.449" type="s" adjacency="9b-1" original-type="s" channel="c2" participant="me013">
      <nite:child href="Bmr028.C.words.xml#id(Bmr028.w.2,963)..id(Bmr028.w.2,968)"/>
   </dialogueact>
   <dialogueact nite:id="Bmr028.C.dialogueact388" starttime="717.409" endtime="719.269" type="s" adjacency="15a" original-type="s" channel="c2" participant="me013">
      <nite:child href="Bmr028.C.words.xml#id(Bmr028.w.3,204)..id(Bmr028.w.3,211)"/>
   </dialogueact>
   <dialogueact nite:id="Bmr028.C.dialogueact390" starttime="719.809" endtime="720.019" type="b" original-type="b" channel="c2" participant="me013">
      <nite:child href="Bmr028.C.words.xml#id(Bmr028.w.3,212)..id(Bmr028.w.3,213)"/>
   </dialogueact>
   <dialogueact nite:id="Bmr028.C.dialogueact416" starttime="751.12" endtime="753.52" type="s" adjacency="22a" original-type="s" channel="c2" participant="me013">
      <nite:child href="Bmr028.C.words.xml#id(Bmr028.w.3,377)..id(Bmr028.w.3,386)"/>
   </dialogueact>
   <dialogueact nite:id="Bmr028.C.dialogueact417" starttime="753.67" endtime="754.61" type="s" adjacency="22a+" original-type="s" channel="c2" participant="me013">
      <nite:child href="Bmr028.C.words.xml#id(Bmr028.w.3,387)..id(Bmr028.w.3,391)"/>
   </dialogueact>
   <dialogueact nite:id="Bmr028.C.dialogueact420" starttime="756.937" endtime="757.217" type="s" original-type="s" channel="c2" participant="me013">
      <nite:child href="Bmr028.C.words.xml#id(Bmr028.w.3,409)..id(Bmr028.w.3,410)"/>
   </dialogueact>
   <dialogueact nite:id="Bmr028.C.dialogueact424" starttime="761.64" endtime="761.89" type="s^aa" adjacency="23b" original-type="s^aa" channel="c2" participant="me013">
      <nite:child href="Bmr028.C.words.xml#id(Bmr028.w.3,430)..id(Bmr028.w.3,431)"/>
   </dialogueact>
   <dialogueact nite:id="Bmr028.C.dialogueact425" starttime="762.642" endtime="762.932" type="b" original-type="b" channel="c2" participant="me013">
      <nite:child href="Bmr028.C.words.xml#id(Bmr028.w.3,432)..id(Bmr028.w.3,433)"/>
   </dialogueact>
   <dialogueact nite:id="Bmr028.C.dialogueact430" starttime="767.831" endtime="771.321" type="s:s^co" adjacency="26a" original-type="s:s^co" channel="c2" participant="me013">
      <nite:child href="Bmr028.C.words.xml#id(Bmr028.w.3,456)..id(Bmr028.w.3,473)"/>
   </dialogueact>
   <dialogueact nite:id="Bmr028.C.dialogueact441" starttime="785.584" endtime="785.884" type="b" original-type="b" channel="c2" participant="me013">
      <nite:child href="Bmr028.C.words.xml#id(Bmr028.w.3,557)..id(Bmr028.w.3,558)"/>
   </dialogueact>
   <dialogueact nite:id="Bmr028.C.dialogueact448" starttime="821.63" endtime="824.693" type="fg" original-type="fg" channel="c2" participant="me013">
      <nite:child href="Bmr028.C.words.xml#id(Bmr028.w.3,669)..id(Bmr028.w.3,671)"/>
   </dialogueact>
   <dialogueact nite:id="Bmr028.C.dialogueact450" starttime="826.164" endtime="828.294" type="qy^rt" adjacency="28a" original-type="qy^rt" channel="c2" participant="me013">
      <nite:child href="Bmr028.C.words.xml#id(Bmr028.w.3,678)..id(Bmr028.w.3,684)"/>
   </dialogueact>
   <dialogueact nite:id="Bmr028.C.dialogueact453" starttime="828.294" endtime="828.474" type="qrr.%--" original-type="qrr.%--" channel="c2" participant="me013">
      <nite:child href="Bmr028.C.words.xml#id(Bmr028.w.3,685)..id(Bmr028.w.3,686)"/>
   </dialogueact>
   <dialogueact nite:id="Bmr028.C.dialogueact456" starttime="832.743" endtime="834.823" type="s^ng" adjacency="29b.30a" original-type="s^ng" channel="c2" participant="me013">
      <nite:child href="Bmr028.C.words.xml#id(Bmr028.w.3,718)..id(Bmr028.w.3,727)"/>
   </dialogueact>
   <dialogueact nite:id="Bmr028.C.dialogueact460" starttime="835.59" endtime="837.21" type="s^aa|s^ba" adjacency="31b" original-type="s^aa|s^ba" channel="c2" participant="me013">
      <nite:child href="Bmr028.C.words.xml#id(Bmr028.w.3,749)..id(Bmr028.w.3,759)"/>
   </dialogueact>
   <dialogueact nite:id="Bmr028.C.dialogueact461" starttime="838.035" endtime="838.835" type="s" adjacency="32b.33a" original-type="s" channel="c2" participant="me013">
      <nite:child href="Bmr028.C.words.xml#id(Bmr028.w.3,762)..id(Bmr028.w.3,767)"/>
   </dialogueact>
   <dialogueact nite:id="Bmr028.C.dialogueact462" starttime="839.095" endtime="840.415" type="s^e" adjacency="32b+.33a+" original-type="s^e" channel="c2" participant="me013">
      <nite:child href="Bmr028.C.words.xml#id(Bmr028.w.3,768)..id(Bmr028.w.3,777)"/>
   </dialogueact>
   <dialogueact nite:id="Bmr028.C.dialogueact471" starttime="848.86" endtime="849.06" type="b" original-type="b" channel="c2" participant="me013">
      <nite:child href="Bmr028.C.words.xml#id(Bmr028.w.3,849)..id(Bmr028.w.3,850)"/>
   </dialogueact>
   <dialogueact nite:id="Bmr028.C.dialogueact473" starttime="849.81" endtime="853.03" type="fh|s" original-type="fh|s" channel="c2" participant="me013">
      <nite:child href="Bmr028.C.words.xml#id(Bmr028.w.3,853)..id(Bmr028.w.3,867)"/>
   </dialogueact>
   <dialogueact nite:id="Bmr028.C.dialogueact474" starttime="853.24" endtime="853.82" type="s.%--" original-type="s.%--" channel="c2" participant="me013">
      <nite:child href="Bmr028.C.words.xml#id(Bmr028.w.3,868)..id(Bmr028.disfmarker.125)"/>
   </dialogueact>
   <dialogueact nite:id="Bmr028.C.dialogueact480" starttime="860.322" endtime="861.102" type="s|s^aa" adjacency="37b" original-type="s|s^aa" channel="c2" participant="me013">
      <nite:child href="Bmr028.C.words.xml#id(Bmr028.w.3,912)..id(Bmr028.w.3,918)"/>
   </dialogueact>
   <dialogueact nite:id="Bmr028.C.dialogueact485" starttime="865.42" endtime="865.6" type="b" original-type="b" channel="c2" participant="me013">
      <nite:child href="Bmr028.C.words.xml#id(Bmr028.w.3,974)..id(Bmr028.w.3,975)"/>
   </dialogueact>
   <dialogueact nite:id="Bmr028.C.dialogueact501" starttime="894.76" endtime="896.32" type="s" adjacency="45b.46a" original-type="s" channel="c2" participant="me013">
      <nite:child href="Bmr028.C.words.xml#id(Bmr028.w.4,109)..id(Bmr028.w.4,115)"/>
   </dialogueact>
   <dialogueact nite:id="Bmr028.C.dialogueact503" starttime="896.32" endtime="896.48" type="b" original-type="b" channel="c2" participant="me013">
      <nite:child href="Bmr028.C.words.xml#id(Bmr028.w.4,116)..id(Bmr028.w.4,117)"/>
   </dialogueact>
   <dialogueact nite:id="Bmr028.C.dialogueact505" starttime="897.49" endtime="900.29" comment="FBH" type="s" original-type="s" channel="c2" participant="me013">
      <nite:child href="Bmr028.C.words.xml#id(Bmr028.w.4,129)..id(Bmr028.w.4,138)"/>
   </dialogueact>
   <dialogueact nite:id="Bmr028.C.dialogueact508" starttime="901.049" endtime="903.929" type="s" original-type="s" channel="c2" participant="me013">
      <nite:child href="Bmr028.C.words.xml#id(Bmr028.w.4,143)..id(Bmr028.w.4,156)"/>
   </dialogueact>
   <dialogueact nite:id="Bmr028.C.dialogueact509" starttime="903.929" endtime="904.159" type="%--" original-type="%--" channel="c2" participant="me013">
      <nite:child href="Bmr028.C.words.xml#id(Bmr028.w.4,157)..id(Bmr028.disfmarker.134)"/>
   </dialogueact>
   <dialogueact nite:id="Bmr028.C.dialogueact510" starttime="904.925" endtime="906.305" type="s" original-type="s" channel="c2" participant="me013">
      <nite:child href="Bmr028.C.words.xml#id(Bmr028.w.4,159)..id(Bmr028.w.4,165)"/>
   </dialogueact>
   <dialogueact nite:id="Bmr028.C.dialogueact517" starttime="916.8" endtime="917.01" type="s^bk" adjacency="47b-2" original-type="s^bk" channel="c2" participant="me013">
      <nite:child href="Bmr028.C.words.xml#id(Bmr028.w.4,222)..id(Bmr028.w.4,223)"/>
   </dialogueact>
   <dialogueact nite:id="Bmr028.C.dialogueact647" starttime="1143.09" endtime="1143.93" comment="FBH" type="s^na" adjacency="72b-2.73a" original-type="s^na" channel="c2" participant="me013">
      <nite:child href="Bmr028.C.words.xml#id(Bmr028.w.5,386)..id(Bmr028.w.5,393)"/>
   </dialogueact>
   <dialogueact nite:id="Bmr028.C.dialogueact649" starttime="1144.95" endtime="1148.5" type="qy.%-" adjacency="74a" original-type="qy.%-" channel="c2" participant="me013">
      <nite:child href="Bmr028.C.words.xml#id(Bmr028.w.5,396)..id(Bmr028.w.5,412)"/>
   </dialogueact>
   <dialogueact nite:id="Bmr028.C.dialogueact655" starttime="1150.53" endtime="1151.3" type="s" original-type="s" channel="c2" participant="me013">
      <nite:child href="Bmr028.C.words.xml#id(Bmr028.w.5,428)..id(Bmr028.w.5,434)"/>
   </dialogueact>
   <dialogueact nite:id="Bmr028.C.dialogueact656" starttime="1151.3" endtime="1152.45" type="s" original-type="s" channel="c2" participant="me013">
      <nite:child href="Bmr028.C.words.xml#id(Bmr028.w.5,435)..id(Bmr028.w.5,441)"/>
   </dialogueact>
   <dialogueact nite:id="Bmr028.C.dialogueact657" starttime="1152.44" endtime="1153.6" type="s.%-" original-type="s.%-" channel="c2" participant="me013">
      <nite:child href="Bmr028.C.words.xml#id(Bmr028.w.5,442)..id(Bmr028.disfmarker.216)"/>
   </dialogueact>
   <dialogueact nite:id="Bmr028.C.dialogueact669" starttime="1172.74" endtime="1173.07" type="%-" original-type="%-" channel="c2" participant="me013">
      <nite:child href="Bmr028.C.words.xml#id(Bmr028.w.5,568)"/>
   </dialogueact>
   <dialogueact nite:id="Bmr028.C.dialogueact671" starttime="1173.72" endtime="1178.47" type="s^bu" adjacency="77a" original-type="s^bu" channel="c2" participant="me013">
      <nite:child href="Bmr028.C.words.xml#id(Bmr028.w.5,582)..id(Bmr028.w.5,599)"/>
   </dialogueact>
   <dialogueact nite:id="Bmr028.C.dialogueact673" starttime="1178.47" endtime="1178.75" type="qy^d^g^rt" adjacency="77a+" original-type="qy^d^g^rt" channel="c2" participant="me013">
      <nite:child href="Bmr028.C.words.xml#id(Bmr028.w.5,600)..id(Bmr028.w.5,601)"/>
   </dialogueact>
   <dialogueact nite:id="Bmr028.C.dialogueact674" starttime="1178.75" endtime="1179.69" type="s^e^rt" adjacency="77a++" original-type="s^e^rt" channel="c2" participant="me013">
      <nite:child href="Bmr028.C.words.xml#id(Bmr028.w.5,602)..id(Bmr028.w.5,607)"/>
   </dialogueact>
   <dialogueact nite:id="Bmr028.C.dialogueact676" starttime="1181.65" endtime="1185.45" type="s" adjacency="78b.79a" original-type="s" channel="c2" participant="me013">
      <nite:child href="Bmr028.C.words.xml#id(Bmr028.w.5,626)..id(Bmr028.w.5,646)"/>
   </dialogueact>
   <dialogueact nite:id="Bmr028.C.dialogueact677" starttime="1185.45" endtime="1186.01" type="s.%-" original-type="s.%-" channel="c2" participant="me013">
      <nite:child href="Bmr028.C.words.xml#id(Bmr028.w.5,647)..id(Bmr028.disfmarker.225)"/>
   </dialogueact>
   <dialogueact nite:id="Bmr028.C.dialogueact682" starttime="1187.57" endtime="1190.79" type="s" adjacency="80b.81a" original-type="s" channel="c2" participant="me013">
      <nite:child href="Bmr028.C.words.xml#id(Bmr028.w.5,668)..id(Bmr028.w.5,690)"/>
   </dialogueact>
   <dialogueact nite:id="Bmr028.C.dialogueact686" starttime="1193.24" endtime="1194.16" comment="FBH" type="fg|s.%--" original-type="fg|s.%--" channel="c2" participant="me013">
      <nite:child href="Bmr028.C.words.xml#id(Bmr028.w.5,691)..id(Bmr028.disfmarker.229)"/>
   </dialogueact>
   <dialogueact nite:id="Bmr028.C.dialogueact688" starttime="1195.53" endtime="1197.17" type="s^ba^j" original-type="s^ba^j" channel="c2" participant="me013">
      <nite:child href="Bmr028.C.words.xml#id(Bmr028.w.5,719)..id(Bmr028.w.5,726)"/>
   </dialogueact>
   <dialogueact nite:id="Bmr028.C.dialogueact689" starttime="1197.17" endtime="1197.47" type="fh" original-type="fh" channel="c2" participant="me013">
      <nite:child href="Bmr028.C.words.xml#id(Bmr028.w.5,727)..id(Bmr028.disfmarker.230)"/>
   </dialogueact>
   <dialogueact nite:id="Bmr028.C.dialogueact696" starttime="1209.9" endtime="1210.68" type="s^t1" original-type="s^t1" channel="c2" participant="me013">
      <nite:child href="Bmr028.C.words.xml#id(Bmr028.w.5,789)..id(Bmr028.w.5,795)"/>
   </dialogueact>
   <dialogueact nite:id="Bmr028.C.dialogueact700" starttime="1213.58" endtime="1216.02" type="s^m" adjacency="1b" original-type="s^m" channel="c2" participant="me013">
      <nite:child href="Bmr028.C.words.xml#id(Bmr028.w.5,806)..id(Bmr028.w.5,819)"/>
   </dialogueact>
   <dialogueact nite:id="Bmr028.C.dialogueact702" starttime="1216.14" endtime="1217.82" type="s^j" adjacency="1b+.2a" original-type="s^j" channel="c2" participant="me013">
      <nite:child href="Bmr028.C.words.xml#id(Bmr028.w.5,820)..id(Bmr028.w.5,831)"/>
   </dialogueact>
   <dialogueact nite:id="Bmr028.C.dialogueact704" starttime="1217.82" endtime="1218.15" type="%-" original-type="%-" channel="c2" participant="me013">
      <nite:child href="Bmr028.C.words.xml#id(Bmr028.w.5,849)..id(Bmr028.w.5,852)"/>
   </dialogueact>
   <dialogueact nite:id="Bmr028.C.dialogueact714" starttime="1236.41" endtime="1236.87" type="%-" original-type="%-" channel="c2" participant="me013">
      <nite:child href="Bmr028.C.words.xml#id(Bmr028.w.5,949)"/>
   </dialogueact>
   <dialogueact nite:id="Bmr028.C.dialogueact715" starttime="1239.97" endtime="1244.55" type="s.%-" adjacency="4a" original-type="s.%-" channel="c2" participant="me013">
      <nite:child href="Bmr028.C.words.xml#id(Bmr028.w.5,950)..id(Bmr028.disfmarker.237)"/>
   </dialogueact>
   <dialogueact nite:id="Bmr028.C.dialogueact719" starttime="1245.16" endtime="1245.31" type="s^aa" adjacency="5b" original-type="s^aa" channel="c2" participant="me013">
      <nite:child href="Bmr028.C.words.xml#id(Bmr028.w.5,995)..id(Bmr028.w.5,996)"/>
   </dialogueact>
   <dialogueact nite:id="Bmr028.C.dialogueact742" starttime="1275.59" endtime="1277.9" type="s" adjacency="11a" original-type="s" channel="c2" participant="me013">
      <nite:child href="Bmr028.C.words.xml#id(Bmr028.w.6,156)..id(Bmr028.w.6,164)"/>
   </dialogueact>
   <dialogueact nite:id="Bmr028.C.dialogueact744" starttime="1278.08" endtime="1278.79" type="s^ba" original-type="s^ba" channel="c2" participant="me013">
      <nite:child href="Bmr028.C.words.xml#id(Bmr028.w.6,168)..id(Bmr028.w.6,172)"/>
   </dialogueact>
   <dialogueact nite:id="Bmr028.C.dialogueact746" starttime="1279.97" endtime="1281.71" type="s" adjacency="12b.13a" original-type="s" channel="c2" participant="me013">
      <nite:child href="Bmr028.C.words.xml#id(Bmr028.w.6,173)..id(Bmr028.w.6,183)"/>
   </dialogueact>
   <dialogueact nite:id="Bmr028.C.dialogueact747" starttime="1281.71" endtime="1285.85" comment="FBH" type="qw" original-type="qw" channel="c2" participant="me013">
      <nite:child href="Bmr028.C.words.xml#id(Bmr028.w.6,184)..id(Bmr028.w.6,194)"/>
   </dialogueact>
   <dialogueact nite:id="Bmr028.C.dialogueact750" starttime="1285.85" endtime="1286.28" comment="FBH" type="s^bk" original-type="s^bk" channel="c2" participant="me013">
      <nite:child href="Bmr028.C.words.xml#id(Bmr028.w.6,195)..id(Bmr028.w.6,196)"/>
   </dialogueact>
   <dialogueact nite:id="Bmr028.C.dialogueact751" starttime="1286.93" endtime="1289.38" type="s" original-type="s" channel="c2" participant="me013">
      <nite:child href="Bmr028.C.words.xml#id(Bmr028.w.6,207)..id(Bmr028.w.6,217)"/>
   </dialogueact>
   <dialogueact nite:id="Bmr028.C.dialogueact752" starttime="1290.71" endtime="1292.52" type="qw.%-" original-type="qw.%-" channel="c2" participant="me013">
      <nite:child href="Bmr028.C.words.xml#id(Bmr028.w.6,218)..id(Bmr028.w.6,224)"/>
   </dialogueact>
   <dialogueact nite:id="Bmr028.C.dialogueact756" starttime="1300.57" endtime="1305.32" type="qw" adjacency="15a" original-type="qw" channel="c2" participant="me013">
      <nite:child href="Bmr028.C.words.xml#id(Bmr028.w.6,241)..id(Bmr028.w.6,254)"/>
   </dialogueact>
   <dialogueact nite:id="Bmr028.C.dialogueact759" starttime="1305.32" endtime="1306.7" type="s^cs^t^tc" adjacency="15a+" original-type="s^cs^t^tc" channel="c2" participant="me013">
      <nite:child href="Bmr028.C.words.xml#id(Bmr028.w.6,255)..id(Bmr028.w.6,265)"/>
   </dialogueact>
   <dialogueact nite:id="Bmr028.C.dialogueact762" starttime="1307.16" endtime="1309.95" type="qw^r" adjacency="16b.17a" original-type="qw^r" channel="c2" participant="me013">
      <nite:child href="Bmr028.C.words.xml#id(Bmr028.w.6,282)..id(Bmr028.w.6,291)"/>
   </dialogueact>
   <dialogueact nite:id="Bmr028.C.dialogueact775" starttime="1350.55" endtime="1351.01" type="b" original-type="b" channel="c2" participant="me013">
      <nite:child href="Bmr028.C.words.xml#id(Bmr028.w.6,453)..id(Bmr028.w.6,456)"/>
   </dialogueact>
   <dialogueact nite:id="Bmr028.C.dialogueact800" starttime="1394.62" endtime="1394.91" type="b" original-type="b" channel="c2" participant="me013">
      <nite:child href="Bmr028.C.words.xml#id(Bmr028.w.6,664)..id(Bmr028.w.6,667)"/>
   </dialogueact>
   <dialogueact nite:id="Bmr028.C.dialogueact802" starttime="1395.69" endtime="1395.89" type="b" original-type="b" channel="c2" participant="me013">
      <nite:child href="Bmr028.C.words.xml#id(Bmr028.w.6,683)..id(Bmr028.w.6,684)"/>
   </dialogueact>
   <dialogueact nite:id="Bmr028.C.dialogueact820" starttime="1446.81" endtime="1448.06" type="s^t3" original-type="s^t3" channel="c2" participant="me013">
      <nite:child href="Bmr028.C.words.xml#id(Bmr028.w.6,886)..id(Bmr028.disfmarker.266)"/>
   </dialogueact>
   <dialogueact nite:id="Bmr028.C.dialogueact822" starttime="1449.79" endtime="1451.14" type="fg" original-type="fg" channel="c2" participant="me013">
      <nite:child href="Bmr028.C.words.xml#id(Bmr028.w.6,901)..id(Bmr028.disfmarker.267)"/>
   </dialogueact>
   <dialogueact nite:id="Bmr028.C.dialogueact823" starttime="1451.78" endtime="1452.24" type="%-" original-type="%-" channel="c2" participant="me013">
      <nite:child href="Bmr028.C.words.xml#id(Bmr028.w.6,907)..id(Bmr028.disfmarker.268)"/>
   </dialogueact>
   <dialogueact nite:id="Bmr028.C.dialogueact827" starttime="1463.93" endtime="1464.16" type="b" original-type="b" channel="c2" participant="me013">
      <nite:child href="Bmr028.C.words.xml#id(Bmr028.w.6,956)..id(Bmr028.w.6,957)"/>
   </dialogueact>
   <dialogueact nite:id="Bmr028.C.dialogueact828" starttime="1465.5" endtime="1480.79" type="fg|s^cs.%--" original-type="fg|s^cs.%--" channel="c2" participant="me013">
      <nite:child href="Bmr028.C.words.xml#id(Bmr028.w.6,958)..id(Bmr028.w.7,007)"/>
   </dialogueact>
   <dialogueact nite:id="Bmr028.C.dialogueact831" starttime="1480.79" endtime="1482.86" type="s^ba" original-type="s^ba" channel="c2" participant="me013">
      <nite:child href="Bmr028.C.words.xml#id(Bmr028.w.7,008)..id(Bmr028.w.7,016)"/>
   </dialogueact>
   <dialogueact nite:id="Bmr028.C.dialogueact833" starttime="1482.86" endtime="1484.96" type="s" original-type="s" channel="c2" participant="me013">
      <nite:child href="Bmr028.C.words.xml#id(Bmr028.w.7,017)..id(Bmr028.w.7,029)"/>
   </dialogueact>
   <dialogueact nite:id="Bmr028.C.dialogueact836" starttime="1485.58" endtime="1485.93" type="%-" original-type="%-" channel="c2" participant="me013">
      <nite:child href="Bmr028.C.words.xml#id(Bmr028.w.7,049)..id(Bmr028.disfmarker.271)"/>
   </dialogueact>
   <dialogueact nite:id="Bmr028.C.dialogueact842" starttime="1504.15" endtime="1504.71" type="b" original-type="b" channel="c2" participant="me013">
      <nite:child href="Bmr028.C.words.xml#id(Bmr028.w.7,116)..id(Bmr028.w.7,119)"/>
   </dialogueact>
   <dialogueact nite:id="Bmr028.C.dialogueact850" starttime="1516.93" endtime="1519.08" type="fg|s" adjacency="31b" original-type="fg|s" channel="c2" participant="me013">
      <nite:child href="Bmr028.C.words.xml#id(Bmr028.w.7,184)..id(Bmr028.w.7,195)"/>
   </dialogueact>
   <dialogueact nite:id="Bmr028.C.dialogueact852" starttime="1519.08" endtime="1521.15" type="s" original-type="s" channel="c2" participant="me013">
      <nite:child href="Bmr028.C.words.xml#id(Bmr028.w.7,196)..id(Bmr028.w.7,205)"/>
   </dialogueact>
   <dialogueact nite:id="Bmr028.C.dialogueact855" starttime="1523.42" endtime="1523.45" type="b" original-type="b" channel="c2" participant="me013">
      <nite:child href="Bmr028.C.words.xml#id(Bmr028.w.7,233)..id(Bmr028.w.7,234)"/>
   </dialogueact>
   <dialogueact nite:id="Bmr028.C.dialogueact858" starttime="1526.08" endtime="1526.51" type="b" original-type="b" channel="c2" participant="me013">
      <nite:child href="Bmr028.C.words.xml#id(Bmr028.w.7,237)..id(Bmr028.w.7,238)"/>
   </dialogueact>
   <dialogueact nite:id="Bmr028.C.dialogueact860" starttime="1529.32" endtime="1531.8" type="s^ba" original-type="s^ba" channel="c2" participant="me013">
      <nite:child href="Bmr028.C.words.xml#id(Bmr028.w.7,244)..id(Bmr028.w.7,261)"/>
   </dialogueact>
   <dialogueact nite:id="Bmr028.C.dialogueact862" starttime="1531.8" endtime="1531.97" type="fh" original-type="fh" channel="c2" participant="me013">
      <nite:child href="Bmr028.C.words.xml#id(Bmr028.w.7,262)..id(Bmr028.disfmarker.278)"/>
   </dialogueact>
   <dialogueact nite:id="Bmr028.C.dialogueact864" starttime="1532.37" endtime="1535.48" type="s" original-type="s" channel="c2" participant="me013">
      <nite:child href="Bmr028.C.words.xml#id(Bmr028.w.7,277)..id(Bmr028.w.7,295)"/>
   </dialogueact>
   <dialogueact nite:id="Bmr028.C.dialogueact865" starttime="1535.48" endtime="1536.48" type="s^df.%--" original-type="s^df.%--" channel="c2" participant="me013">
      <nite:child href="Bmr028.C.words.xml#id(Bmr028.w.7,296)..id(Bmr028.disfmarker.281)"/>
   </dialogueact>
   <dialogueact nite:id="Bmr028.C.dialogueact866" starttime="1536.48" endtime="1538.36" type="s.%-" original-type="s.%-" channel="c2" participant="me013">
      <nite:child href="Bmr028.C.words.xml#id(Bmr028.w.7,301)..id(Bmr028.disfmarker.283)"/>
   </dialogueact>
   <dialogueact nite:id="Bmr028.C.dialogueact870" starttime="1541.14" endtime="1543.26" type="s^df" adjacency="32a" original-type="s^df" channel="c2" participant="me013">
      <nite:child href="Bmr028.C.words.xml#id(Bmr028.w.7,339)..id(Bmr028.w.7,349)"/>
   </dialogueact>
   <dialogueact nite:id="Bmr028.C.dialogueact874" starttime="1543.39" endtime="1543.87" type="fh" original-type="fh" channel="c2" participant="me013">
      <nite:child href="Bmr028.C.words.xml#id(Bmr028.w.7,350)..id(Bmr028.disfmarker.285)"/>
   </dialogueact>
   <dialogueact nite:id="Bmr028.C.dialogueact876" starttime="1545.05" endtime="1547.13" type="s" original-type="s" channel="c2" participant="me013">
      <nite:child href="Bmr028.C.words.xml#id(Bmr028.w.7,365)..id(Bmr028.w.7,374)"/>
   </dialogueact>
   <dialogueact nite:id="Bmr028.C.dialogueact877" starttime="1547.13" endtime="1560.19" type="s" original-type="s" channel="c2" participant="me013">
      <nite:child href="Bmr028.C.words.xml#id(Bmr028.w.7,375)..id(Bmr028.w.7,429)"/>
   </dialogueact>
   <dialogueact nite:id="Bmr028.C.dialogueact881" starttime="1561.1" endtime="1571.46" type="s" original-type="s" channel="c2" participant="me013">
      <nite:child href="Bmr028.C.words.xml#id(Bmr028.w.7,436)..id(Bmr028.w.7,470)"/>
   </dialogueact>
   <dialogueact nite:id="Bmr028.C.dialogueact884" starttime="1571.46" endtime="1572.27" type="s.%--" original-type="s.%--" channel="c2" participant="me013">
      <nite:child href="Bmr028.C.words.xml#id(Bmr028.w.7,471)..id(Bmr028.disfmarker.292)"/>
   </dialogueact>
   <dialogueact nite:id="Bmr028.C.dialogueact885" starttime="1573.14" endtime="1574.31" type="s" original-type="s" channel="c2" participant="me013">
      <nite:child href="Bmr028.C.words.xml#id(Bmr028.w.7,478)..id(Bmr028.w.7,486)"/>
   </dialogueact>
   <dialogueact nite:id="Bmr028.C.dialogueact887" starttime="1575.02" endtime="1578.7" type="s" original-type="s" channel="c2" participant="me013">
      <nite:child href="Bmr028.C.words.xml#id(Bmr028.w.7,489)..id(Bmr028.w.7,507)"/>
   </dialogueact>
   <dialogueact nite:id="Bmr028.C.dialogueact889" starttime="1578.77" endtime="1582.96" type="s" adjacency="33a" original-type="s" channel="c2" participant="me013">
      <nite:child href="Bmr028.C.words.xml#id(Bmr028.w.7,508)..id(Bmr028.w.7,533)"/>
   </dialogueact>
   <dialogueact nite:id="Bmr028.C.dialogueact894" starttime="1586.88" endtime="1592.59" type="s" adjacency="34b.35a" original-type="s" channel="c2" participant="me013">
      <nite:child href="Bmr028.C.words.xml#id(Bmr028.w.7,550)..id(Bmr028.w.7,571)"/>
   </dialogueact>
   <dialogueact nite:id="Bmr028.C.dialogueact907" starttime="1602.68" endtime="1603.15" type="%-" original-type="%-" channel="c2" participant="me013">
      <nite:child href="Bmr028.C.words.xml#id(Bmr028.w.7,666)..id(Bmr028.disfmarker.302)"/>
   </dialogueact>
   <dialogueact nite:id="Bmr028.C.dialogueact911" starttime="1604.64" endtime="1606.76" type="s^bu" adjacency="41a" original-type="s^bu" channel="c2" participant="me013">
      <nite:child href="Bmr028.C.words.xml#id(Bmr028.w.7,686)..id(Bmr028.w.7,698)"/>
   </dialogueact>
   <dialogueact nite:id="Bmr028.C.dialogueact917" starttime="1611.62" endtime="1612.24" type="b" original-type="b" channel="c2" participant="me013">
      <nite:child href="Bmr028.C.words.xml#id(Bmr028.w.7,738)..id(Bmr028.w.7,739)"/>
   </dialogueact>
   <dialogueact nite:id="Bmr028.C.dialogueact935" starttime="1634.11" endtime="1634.27" type="%-" original-type="%-" channel="c2" participant="me013">
      <nite:child href="Bmr028.C.words.xml#id(Bmr028.w.7,888)..id(Bmr028.disfmarker.318)"/>
   </dialogueact>
   <dialogueact nite:id="Bmr028.C.dialogueact938" starttime="1635.03" endtime="1635.33" type="%-" original-type="%-" channel="c2" participant="me013">
      <nite:child href="Bmr028.C.words.xml#id(Bmr028.w.7,889)..id(Bmr028.disfmarker.319)"/>
   </dialogueact>
   <dialogueact nite:id="Bmr028.C.dialogueact940" starttime="1635.85" endtime="1637.55" type="s" original-type="s" channel="c2" participant="me013">
      <nite:child href="Bmr028.C.words.xml#id(Bmr028.w.7,902)..id(Bmr028.w.7,907)"/>
   </dialogueact>
   <dialogueact nite:id="Bmr028.C.dialogueact941" starttime="1637.67" endtime="1639.16" type="s^cs" adjacency="49a" original-type="s^cs" channel="c2" participant="me013">
      <nite:child href="Bmr028.C.words.xml#id(Bmr028.w.7,908)..id(Bmr028.w.7,913)"/>
   </dialogueact>
   <dialogueact nite:id="Bmr028.C.dialogueact943" starttime="1639.88" endtime="1641.9" type="s^df" original-type="s^df" channel="c2" participant="me013">
      <nite:child href="Bmr028.C.words.xml#id(Bmr028.w.7,918)..id(Bmr028.w.7,927)"/>
   </dialogueact>
   <dialogueact nite:id="Bmr028.C.dialogueact945" starttime="1642.33" endtime="1643.31" comment="FBH" type="s.%-" original-type="s.%-" channel="c2" participant="me013">
      <nite:child href="Bmr028.C.words.xml#id(Bmr028.w.7,940)..id(Bmr028.w.7,946)"/>
   </dialogueact>
   <dialogueact nite:id="Bmr028.C.dialogueact946" starttime="1644.6" endtime="1647.38" type="s^ar|s" adjacency="50b.51a" original-type="s^ar|s" channel="c2" participant="me013">
      <nite:child href="Bmr028.C.words.xml#id(Bmr028.w.7,947)..id(Bmr028.w.7,967)"/>
   </dialogueact>
   <dialogueact nite:id="Bmr028.C.dialogueact949" starttime="1651.24" endtime="1651.48" type="s^aa" adjacency="52b.53a" original-type="s^aa" channel="c2" participant="me013">
      <nite:child href="Bmr028.C.words.xml#id(Bmr028.w.7,981)..id(Bmr028.w.7,982)"/>
   </dialogueact>
   <dialogueact nite:id="Bmr028.C.dialogueact953" starttime="1653.97" endtime="1656.85" type="s^aa|s^df" adjacency="54b" original-type="s^aa|s^df" channel="c2" participant="me013">
      <nite:child href="Bmr028.C.words.xml#id(Bmr028.w.8,003)..id(Bmr028.w.8,020)"/>
   </dialogueact>
   <dialogueact nite:id="Bmr028.C.dialogueact955" starttime="1656.85" endtime="1656.99" type="qy^d^f^g" adjacency="54b+" original-type="qy^d^f^g" channel="c2" participant="me013">
      <nite:child href="Bmr028.C.words.xml#id(Bmr028.w.8,021)..id(Bmr028.w.8,022)"/>
   </dialogueact>
   <dialogueact nite:id="Bmr028.C.dialogueact956" starttime="1656.99" endtime="1658.12" type="s" adjacency="55a" original-type="s" channel="c2" participant="me013">
      <nite:child href="Bmr028.C.words.xml#id(Bmr028.w.8,023)..id(Bmr028.w.8,029)"/>
   </dialogueact>
   <dialogueact nite:id="Bmr028.C.dialogueact957" starttime="1658.12" endtime="1658.36" type="qy^d^f^g" adjacency="55a+" original-type="qy^d^f^g" channel="c2" participant="me013">
      <nite:child href="Bmr028.C.words.xml#id(Bmr028.w.8,030)..id(Bmr028.w.8,031)"/>
   </dialogueact>
   <dialogueact nite:id="Bmr028.C.dialogueact970" starttime="1682.41" endtime="1682.69" type="b" original-type="b" channel="c2" participant="me013">
      <nite:child href="Bmr028.C.words.xml#id(Bmr028.w.8,121)..id(Bmr028.w.8,122)"/>
   </dialogueact>
   <dialogueact nite:id="Bmr028.C.dialogueact971" starttime="1683.58" endtime="1683.86" type="b" original-type="b" channel="c2" participant="me013">
      <nite:child href="Bmr028.C.words.xml#id(Bmr028.w.8,123)..id(Bmr028.w.8,124)"/>
   </dialogueact>
   <dialogueact nite:id="Bmr028.C.dialogueact972" starttime="1684.6" endtime="1687.1" type="fg|s" adjacency="57b" original-type="fg|s" channel="c2" participant="me013">
      <nite:child href="Bmr028.C.words.xml#id(Bmr028.w.8,125)..id(Bmr028.w.8,139)"/>
   </dialogueact>
   <dialogueact nite:id="Bmr028.C.dialogueact975" starttime="1687.1" endtime="1689.6" type="s.%--" original-type="s.%--" channel="c2" participant="me013">
      <nite:child href="Bmr028.C.words.xml#id(Bmr028.w.8,140)..id(Bmr028.w.8,155)"/>
   </dialogueact>
   <dialogueact nite:id="Bmr028.C.dialogueact976" starttime="1689.87" endtime="1692.92" type="s^df" original-type="s^df" channel="c2" participant="me013">
      <nite:child href="Bmr028.C.words.xml#id(Bmr028.w.8,160)..id(Bmr028.w.8,174)"/>
   </dialogueact>
   <dialogueact nite:id="Bmr028.C.dialogueact1001" starttime="1722.25" endtime="1723.02" type="b" original-type="b" channel="c2" participant="me013">
      <nite:child href="Bmr028.C.words.xml#id(Bmr028.w.8,347)..id(Bmr028.w.8,350)"/>
   </dialogueact>
   <dialogueact nite:id="Bmr028.C.dialogueact1019" starttime="1784.04" endtime="1787.7" type="fg|s" adjacency="66a" original-type="fg|s" channel="c2" participant="me013">
      <nite:child href="Bmr028.C.words.xml#id(Bmr028.w.8,607)..id(Bmr028.w.8,628)"/>
   </dialogueact>
   <dialogueact nite:id="Bmr028.C.dialogueact1021" starttime="1791.04" endtime="1792.08" type="s^nd" adjacency="67b" original-type="s^nd" channel="c2" participant="me013">
      <nite:child href="Bmr028.C.words.xml#id(Bmr028.w.8,639)..id(Bmr028.w.8,645)"/>
   </dialogueact>
   <dialogueact nite:id="Bmr028.C.dialogueact1025" starttime="1804.84" endtime="1805.36" comment="FBH" type="b" original-type="b" channel="c2" participant="me013">
      <nite:child href="Bmr028.C.words.xml#id(Bmr028.w.8,722)..id(Bmr028.w.8,723)"/>
   </dialogueact>
   <dialogueact nite:id="Bmr028.C.dialogueact1028" starttime="1808.82" endtime="1809.06" type="b" original-type="b" channel="c2" participant="me013">
      <nite:child href="Bmr028.C.words.xml#id(Bmr028.w.8,729)..id(Bmr028.w.8,730)"/>
   </dialogueact>
   <dialogueact nite:id="Bmr028.C.dialogueact1030" starttime="1809.84" endtime="1819.52" type="s" adjacency="4a" original-type="s" channel="c2" participant="me013">
      <nite:child href="Bmr028.C.words.xml#id(Bmr028.w.8,731)..id(Bmr028.w.8,782)"/>
   </dialogueact>
   <dialogueact nite:id="Bmr028.C.dialogueact1036" starttime="1821.98" endtime="1822.36" type="b" original-type="b" channel="c2" participant="me013">
      <nite:child href="Bmr028.C.words.xml#id(Bmr028.w.8,832)..id(Bmr028.w.8,835)"/>
   </dialogueact>
   <dialogueact nite:id="Bmr028.C.dialogueact1040" starttime="1831.12" endtime="1831.8" type="s^bk" adjacency="5b" original-type="s^bk" channel="c2" participant="me013">
      <nite:child href="Bmr028.C.words.xml#id(Bmr028.w.8,882)..id(Bmr028.w.8,884)"/>
   </dialogueact>
   <dialogueact nite:id="Bmr028.C.dialogueact1041" starttime="1837.0" endtime="1837.21" type="b" original-type="b" channel="c2" participant="me013">
      <nite:child href="Bmr028.C.words.xml#id(Bmr028.w.8,906)..id(Bmr028.w.8,907)"/>
   </dialogueact>
   <dialogueact nite:id="Bmr028.C.dialogueact1057" starttime="1855.16" endtime="1855.35" type="b" original-type="b" channel="c2" participant="me013">
      <nite:child href="Bmr028.C.words.xml#id(Bmr028.w.9,019)..id(Bmr028.w.9,020)"/>
   </dialogueact>
   <dialogueact nite:id="Bmr028.C.dialogueact1058" starttime="1857.19" endtime="1857.58" type="b" original-type="b" channel="c2" participant="me013">
      <nite:child href="Bmr028.C.words.xml#id(Bmr028.w.9,030)..id(Bmr028.w.9,031)"/>
   </dialogueact>
   <dialogueact nite:id="Bmr028.C.dialogueact1063" starttime="1865.67" endtime="1868.12" type="fg|s^ba^cs" adjacency="9a" original-type="fg|s^ba^cs" channel="c2" participant="me013">
      <nite:child href="Bmr028.C.words.xml#id(Bmr028.w.9,062)..id(Bmr028.w.9,075)"/>
   </dialogueact>
   <dialogueact nite:id="Bmr028.C.dialogueact1064" starttime="1868.12" endtime="1870.03" type="s^df" adjacency="9a+" original-type="s^df" channel="c2" participant="me013">
      <nite:child href="Bmr028.C.words.xml#id(Bmr028.w.9,076)..id(Bmr028.w.9,087)"/>
   </dialogueact>
   <dialogueact nite:id="Bmr028.C.dialogueact1065" starttime="1870.03" endtime="1875.25" type="s" original-type="s" channel="c2" participant="me013">
      <nite:child href="Bmr028.C.words.xml#id(Bmr028.w.9,088)..id(Bmr028.w.9,107)"/>
   </dialogueact>
   <dialogueact nite:id="Bmr028.C.dialogueact1068" starttime="1875.51" endtime="1876.39" type="fh" original-type="fh" channel="c2" participant="me013">
      <nite:child href="Bmr028.C.words.xml#id(Bmr028.w.9,110)..id(Bmr028.disfmarker.379)"/>
   </dialogueact>
   <dialogueact nite:id="Bmr028.C.dialogueact1071" starttime="1877.04" endtime="1878.51" type="s^cs" adjacency="10a" original-type="s^cs" channel="c2" participant="me013">
      <nite:child href="Bmr028.C.words.xml#id(Bmr028.w.9,117)..id(Bmr028.w.9,125)"/>
   </dialogueact>
   <dialogueact nite:id="Bmr028.C.dialogueact1076" starttime="1879.18" endtime="1881.52" type="s^bd^df" original-type="s^bd^df" channel="c2" participant="me013">
      <nite:child href="Bmr028.C.words.xml#id(Bmr028.w.9,138)..id(Bmr028.w.9,152)"/>
   </dialogueact>
   <dialogueact nite:id="Bmr028.C.dialogueact1078" starttime="1881.52" endtime="1886.94" type="s" adjacency="11a" original-type="s" channel="c2" participant="me013">
      <nite:child href="Bmr028.C.words.xml#id(Bmr028.w.9,153)..id(Bmr028.w.9,169)"/>
   </dialogueact>
   <dialogueact nite:id="Bmr028.C.dialogueact1079" starttime="1886.94" endtime="1890.16" type="s" original-type="s" channel="c2" participant="me013">
      <nite:child href="Bmr028.C.words.xml#id(Bmr028.w.9,170)..id(Bmr028.w.9,192)"/>
   </dialogueact>
   <dialogueact nite:id="Bmr028.C.dialogueact1085" starttime="1892.79" endtime="1892.98" type="s^aa" adjacency="12b-1" original-type="s^aa" channel="c2" participant="me013">
      <nite:child href="Bmr028.C.words.xml#id(Bmr028.w.9,233)..id(Bmr028.w.9,234)"/>
   </dialogueact>
   <dialogueact nite:id="Bmr028.C.dialogueact1089" starttime="1899.44" endtime="1901.6" type="s^aap" original-type="s^aap" channel="c2" participant="me013">
      <nite:child href="Bmr028.C.words.xml#id(Bmr028.w.9,254)..id(Bmr028.w.9,265)"/>
   </dialogueact>
   <dialogueact nite:id="Bmr028.C.dialogueact1092" starttime="1901.6" endtime="1903.01" type="s.%--" original-type="s.%--" channel="c2" participant="me013">
      <nite:child href="Bmr028.C.words.xml#id(Bmr028.w.9,266)..id(Bmr028.disfmarker.387)"/>
   </dialogueact>
   <dialogueact nite:id="Bmr028.C.dialogueact1094" starttime="1904.0" endtime="1904.36" type="fh" original-type="fh" channel="c2" participant="me013">
      <nite:child href="Bmr028.C.words.xml#id(Bmr028.w.9,290)..id(Bmr028.disfmarker.388)"/>
   </dialogueact>
   <dialogueact nite:id="Bmr028.C.dialogueact1095" starttime="1905.51" endtime="1907.44" type="s" original-type="s" channel="c2" participant="me013">
      <nite:child href="Bmr028.C.words.xml#id(Bmr028.w.9,291)..id(Bmr028.w.9,300)"/>
   </dialogueact>
   <dialogueact nite:id="Bmr028.C.dialogueact1097" starttime="1907.44" endtime="1912.05" type="s" original-type="s" channel="c2" participant="me013">
      <nite:child href="Bmr028.C.words.xml#id(Bmr028.w.9,301)..id(Bmr028.w.9,325)"/>
   </dialogueact>
   <dialogueact nite:id="Bmr028.C.dialogueact1098" starttime="1912.05" endtime="1915.86" type="s" adjacency="13a" original-type="s" channel="c2" participant="me013">
      <nite:child href="Bmr028.C.words.xml#id(Bmr028.w.9,326)..id(Bmr028.w.9,336)"/>
   </dialogueact>
   <dialogueact nite:id="Bmr028.C.dialogueact1099" starttime="1915.86" endtime="1917.39" type="s" adjacency="13a" original-type="s" channel="c2" participant="me013">
      <nite:child href="Bmr028.C.words.xml#id(Bmr028.w.9,337)..id(Bmr028.w.9,345)"/>
   </dialogueact>
   <dialogueact nite:id="Bmr028.C.dialogueact1103" starttime="1921.11" endtime="1922.47" type="s^aa|s" adjacency="14b-1" original-type="s^aa|s" channel="c2" participant="me013">
      <nite:child href="Bmr028.C.words.xml#id(Bmr028.w.9,361)..id(Bmr028.w.9,369)"/>
   </dialogueact>
   <dialogueact nite:id="Bmr028.C.dialogueact1106" starttime="1922.47" endtime="1922.73" type="%-" original-type="%-" channel="c2" participant="me013">
      <nite:child href="Bmr028.C.words.xml#id(Bmr028.w.9,370)..id(Bmr028.disfmarker.393)"/>
   </dialogueact>
   <dialogueact nite:id="Bmr028.C.dialogueact1107" starttime="1923.47" endtime="1923.77" type="%-" original-type="%-" channel="c2" participant="me013">
      <nite:child href="Bmr028.C.words.xml#id(Bmr028.w.9,386)..id(Bmr028.disfmarker.394)"/>
   </dialogueact>
   <dialogueact nite:id="Bmr028.C.dialogueact1108" starttime="1924.03" endtime="1926.15" type="qy^d^rt" adjacency="15b" original-type="qy^d^rt" channel="c2" participant="me013">
      <nite:child href="Bmr028.C.words.xml#id(Bmr028.w.9,388)..id(Bmr028.w.9,396)"/>
   </dialogueact>
   <dialogueact nite:id="Bmr028.C.dialogueact1109" starttime="1926.38" endtime="1927.45" type="s" original-type="s" channel="c2" participant="me013">
      <nite:child href="Bmr028.C.words.xml#id(Bmr028.w.9,397)..id(Bmr028.w.9,403)"/>
   </dialogueact>
   <dialogueact nite:id="Bmr028.C.dialogueact1110" starttime="1927.45" endtime="1929.11" type="s^df" adjacency="16a" original-type="s^df" channel="c2" participant="me013">
      <nite:child href="Bmr028.C.words.xml#id(Bmr028.w.9,404)..id(Bmr028.w.9,412)"/>
   </dialogueact>
   <dialogueact nite:id="Bmr028.C.dialogueact1111" starttime="1929.11" endtime="1931.31" type="s.%--:s.%--" original-type="s.%--:s.%--" channel="c2" participant="me013">
      <nite:child href="Bmr028.C.words.xml#id(Bmr028.w.9,413)..id(Bmr028.w.9,422)"/>
   </dialogueact>
   <dialogueact nite:id="Bmr028.C.dialogueact1115" starttime="1931.76" endtime="1933.29" type="s" original-type="s" channel="c2" participant="me013">
      <nite:child href="Bmr028.C.words.xml#id(Bmr028.w.9,434)..id(Bmr028.w.9,446)"/>
   </dialogueact>
   <dialogueact nite:id="Bmr028.C.dialogueact1116" starttime="1933.4" endtime="1933.91" type="s.%--" original-type="s.%--" channel="c2" participant="me013">
      <nite:child href="Bmr028.C.words.xml#id(Bmr028.w.9,447)..id(Bmr028.disfmarker.395)"/>
   </dialogueact>
   <dialogueact nite:id="Bmr028.C.dialogueact1119" starttime="1934.98" endtime="1935.22" type="qw^br" adjacency="19b.20a" original-type="qw^br" channel="c2" participant="me013">
      <nite:child href="Bmr028.C.words.xml#id(Bmr028.w.9,470)..id(Bmr028.w.9,471)"/>
   </dialogueact>
   <dialogueact nite:id="Bmr028.C.dialogueact1122" starttime="1936.53" endtime="1937.92" type="s" adjacency="21b.22a" original-type="s" channel="c2" participant="me013">
      <nite:child href="Bmr028.C.words.xml#id(Bmr028.w.9,494)..id(Bmr028.w.9,504)"/>
   </dialogueact>
   <dialogueact nite:id="Bmr028.C.dialogueact1124" starttime="1937.92" endtime="1938.39" type="%-" original-type="%-" channel="c2" participant="me013">
      <nite:child href="Bmr028.C.words.xml#id(Bmr028.w.9,505)..id(Bmr028.disfmarker.397)"/>
   </dialogueact>
   <dialogueact nite:id="Bmr028.C.dialogueact1127" starttime="1940.09" endtime="1940.4" type="b" original-type="b" channel="c2" participant="me013">
      <nite:child href="Bmr028.C.words.xml#id(Bmr028.w.9,518)..id(Bmr028.w.9,519)"/>
   </dialogueact>
   <dialogueact nite:id="Bmr028.C.dialogueact1128" starttime="1940.96" endtime="1941.15" type="b" original-type="b" channel="c2" participant="me013">
      <nite:child href="Bmr028.C.words.xml#id(Bmr028.w.9,520)..id(Bmr028.w.9,521)"/>
   </dialogueact>
   <dialogueact nite:id="Bmr028.C.dialogueact1135" starttime="1950.1" endtime="1954.05" type="s" original-type="s" channel="c2" participant="me013">
      <nite:child href="Bmr028.C.words.xml#id(Bmr028.w.9,557)..id(Bmr028.w.9,579)"/>
   </dialogueact>
   <dialogueact nite:id="Bmr028.C.dialogueact1136" starttime="1954.05" endtime="1956.58" type="s" original-type="s" channel="c2" participant="me013">
      <nite:child href="Bmr028.C.words.xml#id(Bmr028.w.9,580)..id(Bmr028.w.9,591)"/>
   </dialogueact>
   <dialogueact nite:id="Bmr028.C.dialogueact1137" starttime="1956.58" endtime="1959.01" type="s" adjacency="25a" original-type="s" channel="c2" participant="me013">
      <nite:child href="Bmr028.C.words.xml#id(Bmr028.w.9,592)..id(Bmr028.w.9,603)"/>
   </dialogueact>
   <dialogueact nite:id="Bmr028.C.dialogueact1142" starttime="1966.8" endtime="1967.27" type="b" original-type="b" channel="c2" participant="me013">
      <nite:child href="Bmr028.C.words.xml#id(Bmr028.w.9,638)..id(Bmr028.w.9,640)"/>
   </dialogueact>
   <dialogueact nite:id="Bmr028.C.dialogueact1143" starttime="1968.61" endtime="1969.52" type="s" adjacency="26b.27a" original-type="s" channel="c2" participant="me013">
      <nite:child href="Bmr028.C.words.xml#id(Bmr028.w.9,641)..id(Bmr028.w.9,649)"/>
   </dialogueact>
   <dialogueact nite:id="Bmr028.C.dialogueact1144" starttime="1969.58" endtime="1973.57" type="s" adjacency="27a+" original-type="s" channel="c2" participant="me013">
      <nite:child href="Bmr028.C.words.xml#id(Bmr028.w.9,650)..id(Bmr028.w.9,673)"/>
   </dialogueact>
   <dialogueact nite:id="Bmr028.C.dialogueact1158" starttime="1989.78" endtime="1990.85" type="s" original-type="s" channel="c2" participant="me013">
      <nite:child href="Bmr028.C.words.xml#id(Bmr028.w.9,743)..id(Bmr028.w.9,750)"/>
   </dialogueact>
   <dialogueact nite:id="Bmr028.C.dialogueact1333" starttime="2382.05" endtime="2383.82" type="fg|s.%-" adjacency="79b" original-type="fg|s.%-" channel="c2" participant="me013">
      <nite:child href="Bmr028.C.words.xml#id(Bmr028.w.11,633)..id(Bmr028.w.11,639)"/>
   </dialogueact>
   <dialogueact nite:id="Bmr028.C.dialogueact1334" starttime="2383.82" endtime="2388.89" type="s^bk|s" adjacency="79b+.80a" original-type="s^bk|s" channel="c2" participant="me013">
      <nite:child href="Bmr028.C.words.xml#id(Bmr028.w.11,640)..id(Bmr028.w.11,655)"/>
   </dialogueact>
   <dialogueact nite:id="Bmr028.C.dialogueact1337" starttime="2388.89" endtime="2389.94" type="%-" original-type="%-" channel="c2" participant="me013">
      <nite:child href="Bmr028.C.words.xml#id(Bmr028.w.11,656)..id(Bmr028.disfmarker.504)"/>
   </dialogueact>
   <dialogueact nite:id="Bmr028.C.dialogueact1340" starttime="2391.31" endtime="2391.59" type="s^aa" adjacency="82b" original-type="s^aa" channel="c2" participant="me013">
      <nite:child href="Bmr028.C.words.xml#id(Bmr028.w.11,688)..id(Bmr028.w.11,689)"/>
   </dialogueact>
   <dialogueact nite:id="Bmr028.C.dialogueact1341" starttime="2396.81" endtime="2398.84" type="fg|%-" original-type="fg|%-" channel="c2" participant="me013">
      <nite:child href="Bmr028.C.words.xml#id(Bmr028.w.11,722)..id(Bmr028.w.11,727)"/>
   </dialogueact>
   <dialogueact nite:id="Bmr028.C.dialogueact1344" starttime="2398.84" endtime="2399.93" type="%-" original-type="%-" channel="c2" participant="me013">
      <nite:child href="Bmr028.C.words.xml#id(Bmr028.w.11,728)..id(Bmr028.w.11,731)"/>
   </dialogueact>
   <dialogueact nite:id="Bmr028.C.dialogueact1345" starttime="2400.25" endtime="2401.17" type="s" adjacency="83b" original-type="s" channel="c2" participant="me013">
      <nite:child href="Bmr028.C.words.xml#id(Bmr028.w.11,732)..id(Bmr028.w.11,738)"/>
   </dialogueact>
   <dialogueact nite:id="Bmr028.C.dialogueact1346" starttime="2401.17" endtime="2410.14" type="s" original-type="s" channel="c2" participant="me013">
      <nite:child href="Bmr028.C.words.xml#id(Bmr028.w.11,739)..id(Bmr028.w.11,765)"/>
   </dialogueact>
   <dialogueact nite:id="Bmr028.C.dialogueact1347" starttime="2410.93" endtime="2416.86" type="s:s" original-type="s:s" channel="c2" participant="me013">
      <nite:child href="Bmr028.C.words.xml#id(Bmr028.w.11,766)..id(Bmr028.w.11,798)"/>
   </dialogueact>
   <dialogueact nite:id="Bmr028.C.dialogueact1348" starttime="2417.39" endtime="2427.65" type="s" adjacency="1a" original-type="s" channel="c2" participant="me013">
      <nite:child href="Bmr028.C.words.xml#id(Bmr028.w.11,799)..id(Bmr028.w.11,849)"/>
   </dialogueact>
   <dialogueact nite:id="Bmr028.C.dialogueact1349" starttime="2428.24" endtime="2429.44" type="s^e" adjacency="1a+" original-type="s^e" channel="c2" participant="me013">
      <nite:child href="Bmr028.C.words.xml#id(Bmr028.w.11,850)..id(Bmr028.w.11,856)"/>
   </dialogueact>
   <dialogueact nite:id="Bmr028.C.dialogueact1350" starttime="2429.55" endtime="2430.58" type="s^no" original-type="s^no" channel="c2" participant="me013">
      <nite:child href="Bmr028.C.words.xml#id(Bmr028.w.11,857)..id(Bmr028.w.11,865)"/>
   </dialogueact>
   <dialogueact nite:id="Bmr028.C.dialogueact1351" starttime="2430.58" endtime="2430.68" type="%-" original-type="%-" channel="c2" participant="me013">
      <nite:child href="Bmr028.C.words.xml#id(Bmr028.w.11,866)..id(Bmr028.disfmarker.516)"/>
   </dialogueact>
   <dialogueact nite:id="Bmr028.C.dialogueact1353" starttime="2432.27" endtime="2433.31" type="%-" original-type="%-" channel="c2" participant="me013">
      <nite:child href="Bmr028.C.words.xml#id(Bmr028.w.11,894)"/>
   </dialogueact>
   <dialogueact nite:id="Bmr028.C.dialogueact1356" starttime="2451.51" endtime="2454.24" type="s^am|s" adjacency="2b" original-type="s^am|s" channel="c2" participant="me013">
      <nite:child href="Bmr028.C.words.xml#id(Bmr028.w.11,943)..id(Bmr028.w.11,960)"/>
   </dialogueact>
   <dialogueact nite:id="Bmr028.C.dialogueact1357" starttime="2454.55" endtime="2456.88" type="s" original-type="s" channel="c2" participant="me013">
      <nite:child href="Bmr028.C.words.xml#id(Bmr028.w.11,961)..id(Bmr028.w.11,975)"/>
   </dialogueact>
   <dialogueact nite:id="Bmr028.C.dialogueact1364" starttime="2468.56" endtime="2468.92" type="b" original-type="b" channel="c2" participant="me013">
      <nite:child href="Bmr028.C.words.xml#id(Bmr028.w.12,042)..id(Bmr028.w.12,043)"/>
   </dialogueact>
   <dialogueact nite:id="Bmr028.C.dialogueact1374" starttime="2494.41" endtime="2496.54" type="s^aa|s.%-" adjacency="6b" original-type="s^aa|s.%-" channel="c2" participant="me013">
      <nite:child href="Bmr028.C.words.xml#id(Bmr028.w.12,163)..id(Bmr028.disfmarker.534)"/>
   </dialogueact>
   <dialogueact nite:id="Bmr028.C.dialogueact1376" starttime="2497.1" endtime="2497.35" type="b" original-type="b" channel="c2" participant="me013">
      <nite:child href="Bmr028.C.words.xml#id(Bmr028.w.12,171)..id(Bmr028.w.12,172)"/>
   </dialogueact>
   <dialogueact nite:id="Bmr028.C.dialogueact1378" starttime="2501.16" endtime="2501.4" type="fg" original-type="fg" channel="c2" participant="me013">
      <nite:child href="Bmr028.C.words.xml#id(Bmr028.w.12,173)..id(Bmr028.w.12,174)"/>
   </dialogueact>
   <dialogueact nite:id="Bmr028.C.dialogueact1380" starttime="2502.17" endtime="2503.76" type="fg|s" original-type="fg|s" channel="c2" participant="me013">
      <nite:child href="Bmr028.C.words.xml#id(Bmr028.w.12,182)..id(Bmr028.w.12,189)"/>
   </dialogueact>
   <dialogueact nite:id="Bmr028.C.dialogueact1381" starttime="2504.1" endtime="2511.06" comment="FBH" type="fh|s.%--" original-type="fh|s.%--" channel="c2" participant="me013">
      <nite:child href="Bmr028.C.words.xml#id(Bmr028.w.12,190)..id(Bmr028.w.12,217)"/>
   </dialogueact>
   <dialogueact nite:id="Bmr028.C.dialogueact1382" starttime="2511.62" endtime="2518.08" type="s" original-type="s" channel="c2" participant="me013">
      <nite:child href="Bmr028.C.words.xml#id(Bmr028.w.12,218)..id(Bmr028.w.12,240)"/>
   </dialogueact>
   <dialogueact nite:id="Bmr028.C.dialogueact1383" starttime="2518.08" endtime="2518.73" type="s" original-type="s" channel="c2" participant="me013">
      <nite:child href="Bmr028.C.words.xml#id(Bmr028.w.12,241)..id(Bmr028.w.12,245)"/>
   </dialogueact>
   <dialogueact nite:id="Bmr028.C.dialogueact1384" starttime="2518.73" endtime="2520.26" type="s" original-type="s" channel="c2" participant="me013">
      <nite:child href="Bmr028.C.words.xml#id(Bmr028.w.12,246)..id(Bmr028.w.12,252)"/>
   </dialogueact>
   <dialogueact nite:id="Bmr028.C.dialogueact1385" starttime="2520.99" endtime="2531.12" type="s" original-type="s" channel="c2" participant="me013">
      <nite:child href="Bmr028.C.words.xml#id(Bmr028.w.12,253)..id(Bmr028.w.12,285)"/>
   </dialogueact>
   <dialogueact nite:id="Bmr028.C.dialogueact1386" starttime="2531.82" endtime="2540.48" type="s:s" adjacency="7a" original-type="s:s" channel="c2" participant="me013">
      <nite:child href="Bmr028.C.words.xml#id(Bmr028.w.12,286)..id(Bmr028.w.12,321)"/>
   </dialogueact>
   <dialogueact nite:id="Bmr028.C.dialogueact1388" starttime="2541.37" endtime="2543.15" type="s^df^e" adjacency="7a+" original-type="s^df^e" channel="c2" participant="me013">
      <nite:child href="Bmr028.C.words.xml#id(Bmr028.w.12,324)..id(Bmr028.w.12,334)"/>
   </dialogueact>
   <dialogueact nite:id="Bmr028.C.dialogueact1389" starttime="2543.15" endtime="2545.96" type="s" adjacency="7a++" original-type="s" channel="c2" participant="me013">
      <nite:child href="Bmr028.C.words.xml#id(Bmr028.w.12,335)..id(Bmr028.w.12,349)"/>
   </dialogueact>
   <dialogueact nite:id="Bmr028.C.dialogueact1391" starttime="2550.74" endtime="2551.73" type="s^nd" adjacency="8b" original-type="s^nd" channel="c2" participant="me013">
      <nite:child href="Bmr028.C.words.xml#id(Bmr028.w.12,386)..id(Bmr028.w.12,390)"/>
   </dialogueact>
   <dialogueact nite:id="Bmr028.C.dialogueact1392" starttime="2551.85" endtime="2553.39" type="s" original-type="s" channel="c2" participant="me013">
      <nite:child href="Bmr028.C.words.xml#id(Bmr028.w.12,391)..id(Bmr028.w.12,399)"/>
   </dialogueact>
   <dialogueact nite:id="Bmr028.C.dialogueact1394" starttime="2554.17" endtime="2554.8" type="%-" original-type="%-" channel="c2" participant="me013">
      <nite:child href="Bmr028.C.words.xml#id(Bmr028.w.12,414)..id(Bmr028.w.12,417)"/>
   </dialogueact>
   <dialogueact nite:id="Bmr028.C.dialogueact1395" starttime="2554.8" endtime="2555.55" type="s^aa" adjacency="9b-1" original-type="s^aa" channel="c2" participant="me013">
      <nite:child href="Bmr028.C.words.xml#id(Bmr028.w.12,418)..id(Bmr028.w.12,421)"/>
   </dialogueact>
   <dialogueact nite:id="Bmr028.C.dialogueact1397" starttime="2555.96" endtime="2560.59" type="s:s" original-type="s:s" channel="c2" participant="me013">
      <nite:child href="Bmr028.C.words.xml#id(Bmr028.w.12,428)..id(Bmr028.w.12,456)"/>
   </dialogueact>
   <dialogueact nite:id="Bmr028.C.dialogueact1399" starttime="2561.14" endtime="2562.71" type="s" adjacency="10a" original-type="s" channel="c2" participant="me013">
      <nite:child href="Bmr028.C.words.xml#id(Bmr028.w.12,457)..id(Bmr028.w.12,467)"/>
   </dialogueact>
   <dialogueact nite:id="Bmr028.C.dialogueact1400" starttime="2562.71" endtime="2564.4" type="s" adjacency="10a+" original-type="s" channel="c2" participant="me013">
      <nite:child href="Bmr028.C.words.xml#id(Bmr028.w.12,468)..id(Bmr028.w.12,475)"/>
   </dialogueact>
   <dialogueact nite:id="Bmr028.C.dialogueact1402" starttime="2564.84" endtime="2565.86" type="s" original-type="s" channel="c2" participant="me013">
      <nite:child href="Bmr028.C.words.xml#id(Bmr028.w.12,478)..id(Bmr028.w.12,486)"/>
   </dialogueact>
   <dialogueact nite:id="Bmr028.C.dialogueact1404" starttime="2566.39" endtime="2569.69" type="s" adjacency="11a" original-type="s" channel="c2" participant="me013">
      <nite:child href="Bmr028.C.words.xml#id(Bmr028.w.12,491)..id(Bmr028.w.12,503)"/>
   </dialogueact>
   <dialogueact nite:id="Bmr028.C.dialogueact1407" starttime="2570.77" endtime="2570.96" type="%-" original-type="%-" channel="c2" participant="me013">
      <nite:child href="Bmr028.C.words.xml#id(Bmr028.w.12,511)..id(Bmr028.disfmarker.551)"/>
   </dialogueact>
   <dialogueact nite:id="Bmr028.C.dialogueact1412" starttime="2578.43" endtime="2578.73" type="b" original-type="b" channel="c2" participant="me013">
      <nite:child href="Bmr028.C.words.xml#id(Bmr028.w.12,552)..id(Bmr028.w.12,553)"/>
   </dialogueact>
   <dialogueact nite:id="Bmr028.C.dialogueact1414" starttime="2581.23" endtime="2581.52" type="s^aa" adjacency="12b-2" original-type="s^aa" channel="c2" participant="me013">
      <nite:child href="Bmr028.C.words.xml#id(Bmr028.w.12,556)..id(Bmr028.w.12,557)"/>
   </dialogueact>
   <dialogueact nite:id="Bmr028.C.dialogueact1417" starttime="2584.04" endtime="2584.31" type="b" original-type="b" channel="c2" participant="me013">
      <nite:child href="Bmr028.C.words.xml#id(Bmr028.w.12,571)..id(Bmr028.w.12,572)"/>
   </dialogueact>
   <dialogueact nite:id="Bmr028.C.dialogueact1418" starttime="2585.51" endtime="2585.93" type="fg" original-type="fg" channel="c2" participant="me013">
      <nite:child href="Bmr028.C.words.xml#id(Bmr028.w.12,592)..id(Bmr028.w.12,593)"/>
   </dialogueact>
   <dialogueact nite:id="Bmr028.C.dialogueact1422" starttime="2600.55" endtime="2601.68" type="s^m^na" adjacency="15b" original-type="s^m^na" channel="c2" participant="me013">
      <nite:child href="Bmr028.C.words.xml#id(Bmr028.w.12,641)..id(Bmr028.w.12,646)"/>
   </dialogueact>
   <dialogueact nite:id="Bmr028.C.dialogueact1425" starttime="2602.96" endtime="2604.34" type="s" original-type="s" channel="c2" participant="me013">
      <nite:child href="Bmr028.C.words.xml#id(Bmr028.w.12,647)..id(Bmr028.w.12,655)"/>
   </dialogueact>
   <dialogueact nite:id="Bmr028.C.dialogueact1428" starttime="2606.44" endtime="2606.92" type="b" original-type="b" channel="c2" participant="me013">
      <nite:child href="Bmr028.C.words.xml#id(Bmr028.w.12,693)..id(Bmr028.w.12,696)"/>
   </dialogueact>
   <dialogueact nite:id="Bmr028.C.dialogueact1448" starttime="2634.01" endtime="2634.73" type="s.%-" original-type="s.%-" channel="c2" participant="me013">
      <nite:child href="Bmr028.C.words.xml#id(Bmr028.w.12,852)..id(Bmr028.disfmarker.564)"/>
   </dialogueact>
   <dialogueact nite:id="Bmr028.C.dialogueact1450" starttime="2636.66" endtime="2636.96" type="s^aa" adjacency="23b" original-type="s^aa" channel="c2" participant="me013">
      <nite:child href="Bmr028.C.words.xml#id(Bmr028.w.12,891)..id(Bmr028.w.12,892)"/>
   </dialogueact>
   <dialogueact nite:id="Bmr028.C.dialogueact1458" starttime="2657.42" endtime="2660.16" type="s^ar|s" adjacency="24b.25a" original-type="s^ar|s" channel="c2" participant="me013">
      <nite:child href="Bmr028.C.words.xml#id(Bmr028.w.12,956)..id(Bmr028.w.12,972)"/>
   </dialogueact>
   <dialogueact nite:id="Bmr028.C.dialogueact1460" starttime="2660.16" endtime="2663.48" type="s:s" original-type="s:s" channel="c2" participant="me013">
      <nite:child href="Bmr028.C.words.xml#id(Bmr028.w.12,973)..id(Bmr028.w.13,004)"/>
   </dialogueact>
   <dialogueact nite:id="Bmr028.C.dialogueact1463" starttime="2663.48" endtime="2677.76" type="s" adjacency="26a" original-type="s" channel="c2" participant="me013">
      <nite:child href="Bmr028.C.words.xml#id(Bmr028.w.13,005)..id(Bmr028.w.13,060)"/>
   </dialogueact>
   <dialogueact nite:id="Bmr028.C.dialogueact1464" starttime="2678.34" endtime="2683.32" type="s" adjacency="26a+" original-type="s" channel="c2" participant="me013">
      <nite:child href="Bmr028.C.words.xml#id(Bmr028.w.13,061)..id(Bmr028.w.13,081)"/>
   </dialogueact>
   <dialogueact nite:id="Bmr028.C.dialogueact1465" starttime="2683.98" endtime="2685.43" type="s" adjacency="26a+" original-type="s" channel="c2" participant="me013">
      <nite:child href="Bmr028.C.words.xml#id(Bmr028.w.13,082)..id(Bmr028.w.13,091)"/>
   </dialogueact>
   <dialogueact nite:id="Bmr028.C.dialogueact1467" starttime="2686.25" endtime="2697.78" type="s:s" original-type="s:s" channel="c2" participant="me013">
      <nite:child href="Bmr028.C.words.xml#id(Bmr028.w.13,094)..id(Bmr028.w.13,147)"/>
   </dialogueact>
   <dialogueact nite:id="Bmr028.C.dialogueact1468" starttime="2697.78" endtime="2703.45" type="s" adjacency="27a" original-type="s" channel="c2" participant="me013">
      <nite:child href="Bmr028.C.words.xml#id(Bmr028.w.13,148)..id(Bmr028.w.13,177)"/>
   </dialogueact>
   <dialogueact nite:id="Bmr028.C.dialogueact1470" starttime="2703.82" endtime="2707.11" type="s.%-" original-type="s.%-" channel="c2" participant="me013">
      <nite:child href="Bmr028.C.words.xml#id(Bmr028.w.13,182)..id(Bmr028.disfmarker.584)"/>
   </dialogueact>
   <dialogueact nite:id="Bmr028.C.dialogueact1473" starttime="2712.81" endtime="2713.15" type="b" original-type="b" channel="c2" participant="me013">
      <nite:child href="Bmr028.C.words.xml#id(Bmr028.w.13,235)..id(Bmr028.w.13,236)"/>
   </dialogueact>
   <dialogueact nite:id="Bmr028.C.dialogueact1476" starttime="2715.62" endtime="2716.45" type="b" original-type="b" channel="c2" participant="me013">
      <nite:child href="Bmr028.C.words.xml#id(Bmr028.w.13,264)..id(Bmr028.w.13,267)"/>
   </dialogueact>
   <dialogueact nite:id="Bmr028.C.dialogueact1478" starttime="2718.05" endtime="2718.27" type="b" original-type="b" channel="c2" participant="me013">
      <nite:child href="Bmr028.C.words.xml#id(Bmr028.w.13,278)..id(Bmr028.w.13,279)"/>
   </dialogueact>
   <dialogueact nite:id="Bmr028.C.dialogueact1483" starttime="2719.87" endtime="2720.1" type="%-" original-type="%-" channel="c2" participant="me013">
      <nite:child href="Bmr028.C.words.xml#id(Bmr028.w.13,302)..id(Bmr028.disfmarker.586)"/>
   </dialogueact>
   <dialogueact nite:id="Bmr028.C.dialogueact1484" starttime="2721.11" endtime="2727.03" type="s:qo" original-type="s:qo" channel="c2" participant="me013">
      <nite:child href="Bmr028.C.words.xml#id(Bmr028.w.13,303)..id(Bmr028.w.13,333)"/>
   </dialogueact>
   <dialogueact nite:id="Bmr028.C.dialogueact1487" starttime="2727.77" endtime="2729.46" type="s" original-type="s" channel="c2" participant="me013">
      <nite:child href="Bmr028.C.words.xml#id(Bmr028.w.13,341)..id(Bmr028.w.13,349)"/>
   </dialogueact>
   <dialogueact nite:id="Bmr028.C.dialogueact1489" starttime="2730.17" endtime="2732.77" type="qo" original-type="qo" channel="c2" participant="me013">
      <nite:child href="Bmr028.C.words.xml#id(Bmr028.w.13,353)..id(Bmr028.w.13,367)"/>
   </dialogueact>
   <dialogueact nite:id="Bmr028.C.dialogueact1490" starttime="2732.77" endtime="2738.04" type="qw" original-type="qw" channel="c2" participant="me013">
      <nite:child href="Bmr028.C.words.xml#id(Bmr028.w.13,368)..id(Bmr028.w.13,391)"/>
   </dialogueact>
   <dialogueact nite:id="Bmr028.C.dialogueact1492" starttime="2738.4" endtime="2740.47" type="s" original-type="s" channel="c2" participant="me013">
      <nite:child href="Bmr028.C.words.xml#id(Bmr028.w.13,392)..id(Bmr028.w.13,402)"/>
   </dialogueact>
   <dialogueact nite:id="Bmr028.C.dialogueact1493" starttime="2740.65" endtime="2744.69" type="s:qw" original-type="s:qw" channel="c2" participant="me013">
      <nite:child href="Bmr028.C.words.xml#id(Bmr028.w.13,403)..id(Bmr028.w.13,429)"/>
   </dialogueact>
   <dialogueact nite:id="Bmr028.C.dialogueact1496" starttime="2745.57" endtime="2746.81" type="fh" original-type="fh" channel="c2" participant="me013">
      <nite:child href="Bmr028.C.words.xml#id(Bmr028.w.13,434)..id(Bmr028.disfmarker.592)"/>
   </dialogueact>
   <dialogueact nite:id="Bmr028.C.dialogueact1497" starttime="2747.01" endtime="2758.09" type="s" adjacency="28a" original-type="s" channel="c2" participant="me013">
      <nite:child href="Bmr028.C.words.xml#id(Bmr028.w.13,439)..id(Bmr028.w.13,500)"/>
   </dialogueact>
   <dialogueact nite:id="Bmr028.C.dialogueact1500" starttime="2758.38" endtime="2761.61" type="%-" original-type="%-" channel="c2" participant="me013">
      <nite:child href="Bmr028.C.words.xml#id(Bmr028.w.13,520)..id(Bmr028.w.13,524)"/>
   </dialogueact>
   <dialogueact nite:id="Bmr028.C.dialogueact1508" starttime="2774.78" endtime="2780.79" type="s" original-type="s" channel="c2" participant="me013">
      <nite:child href="Bmr028.C.words.xml#id(Bmr028.w.13,601)..id(Bmr028.w.13,633)"/>
   </dialogueact>
   <dialogueact nite:id="Bmr028.C.dialogueact1509" starttime="2781.45" endtime="2788.02" type="s" adjacency="29a" original-type="s" channel="c2" participant="me013">
      <nite:child href="Bmr028.C.words.xml#id(Bmr028.w.13,634)..id(Bmr028.w.13,666)"/>
   </dialogueact>
   <dialogueact nite:id="Bmr028.C.dialogueact1511" starttime="2788.74" endtime="2788.95" type="s^f" original-type="s^f" channel="c2" participant="me013">
      <nite:child href="Bmr028.C.words.xml#id(Bmr028.w.13,669)..id(Bmr028.w.13,670)"/>
   </dialogueact>
   <dialogueact nite:id="Bmr028.C.dialogueact1512" starttime="2788.95" endtime="2805.59" type="s.%--" original-type="s.%--" channel="c2" participant="me013">
      <nite:child href="Bmr028.C.words.xml#id(Bmr028.w.13,671)..id(Bmr028.w.13,735)"/>
   </dialogueact>
   <dialogueact nite:id="Bmr028.C.dialogueact1513" starttime="2805.64" endtime="2811.07" type="s" adjacency="30a" original-type="s" channel="c2" participant="me013">
      <nite:child href="Bmr028.C.words.xml#id(Bmr028.w.13,736)..id(Bmr028.w.13,762)"/>
   </dialogueact>
   <dialogueact nite:id="Bmr028.C.dialogueact1516" starttime="2811.08" endtime="2814.01" type="s" original-type="s" channel="c2" participant="me013">
      <nite:child href="Bmr028.C.words.xml#id(Bmr028.w.13,763)..id(Bmr028.w.13,790)"/>
   </dialogueact>
   <dialogueact nite:id="Bmr028.C.dialogueact1519" starttime="2814.01" endtime="2819.67" type="s" original-type="s" channel="c2" participant="me013">
      <nite:child href="Bmr028.C.words.xml#id(Bmr028.w.13,791)..id(Bmr028.w.13,822)"/>
   </dialogueact>
   <dialogueact nite:id="Bmr028.C.dialogueact1520" starttime="2819.67" endtime="2821.45" type="s^df" original-type="s^df" channel="c2" participant="me013">
      <nite:child href="Bmr028.C.words.xml#id(Bmr028.w.13,823)..id(Bmr028.w.13,830)"/>
   </dialogueact>
   <dialogueact nite:id="Bmr028.C.dialogueact1521" starttime="2821.82" endtime="2824.95" type="s" adjacency="31a" original-type="s" channel="c2" participant="me013">
      <nite:child href="Bmr028.C.words.xml#id(Bmr028.w.13,831)..id(Bmr028.w.13,845)"/>
   </dialogueact>
   <dialogueact nite:id="Bmr028.C.dialogueact1523" starttime="2825.31" endtime="2829.8" type="s:s" original-type="s:s" channel="c2" participant="me013">
      <nite:child href="Bmr028.C.words.xml#id(Bmr028.w.13,848)..id(Bmr028.w.13,871)"/>
   </dialogueact>
   <dialogueact nite:id="Bmr028.C.dialogueact1526" starttime="2829.8" endtime="2842.01" type="s" original-type="s" channel="c2" participant="me013">
      <nite:child href="Bmr028.C.words.xml#id(Bmr028.w.13,876)..id(Bmr028.w.13,933)"/>
   </dialogueact>
   <dialogueact nite:id="Bmr028.C.dialogueact1529" starttime="2842.61" endtime="2845.15" comment="FBH" type="s" adjacency="32a" original-type="s" channel="c2" participant="me013">
      <nite:child href="Bmr028.C.words.xml#id(Bmr028.w.13,938)..id(Bmr028.w.13,953)"/>
   </dialogueact>
   <dialogueact nite:id="Bmr028.C.dialogueact1530" starttime="2845.28" endtime="2845.45" type="fh" original-type="fh" channel="c2" participant="me013">
      <nite:child href="Bmr028.C.words.xml#id(Bmr028.w.13,954)..id(Bmr028.w.13,955)"/>
   </dialogueact>
   <dialogueact nite:id="Bmr028.C.dialogueact1534" starttime="2850.76" endtime="2850.91" type="%--" original-type="%--" channel="c2" participant="me013">
      <nite:child href="Bmr028.C.words.xml#id(Bmr028.w.13,972)..id(Bmr028.disfmarker.616)"/>
   </dialogueact>
   <dialogueact nite:id="Bmr028.C.dialogueact1535" starttime="2850.99" endtime="2851.37" type="s" adjacency="34b" original-type="s" channel="c2" participant="me013">
      <nite:child href="Bmr028.C.words.xml#id(Bmr028.w.13,974)..id(Bmr028.w.13,976)"/>
   </dialogueact>
   <dialogueact nite:id="Bmr028.C.dialogueact1536" starttime="2851.37" endtime="2852.62" type="s" adjacency="34b+" original-type="s" channel="c2" participant="me013">
      <nite:child href="Bmr028.C.words.xml#id(Bmr028.w.13,977)..id(Bmr028.w.13,985)"/>
   </dialogueact>
   <dialogueact nite:id="Bmr028.C.dialogueact1542" starttime="2871.43" endtime="2871.86" type="b" original-type="b" channel="c2" participant="me013">
      <nite:child href="Bmr028.C.words.xml#id(Bmr028.w.14,053)..id(Bmr028.w.14,056)"/>
   </dialogueact>
   <dialogueact nite:id="Bmr028.C.dialogueact1574" starttime="2915.4" endtime="2915.66" type="fg" original-type="fg" channel="c2" participant="me013">
      <nite:child href="Bmr028.C.words.xml#id(Bmr028.w.14,324)..id(Bmr028.w.14,325)"/>
   </dialogueact>
   <dialogueact nite:id="Bmr028.C.dialogueact1576" starttime="2916.73" endtime="2916.88" type="%-" original-type="%-" channel="c2" participant="me013">
      <nite:child href="Bmr028.C.words.xml#id(Bmr028.w.14,326)..id(Bmr028.disfmarker.636)"/>
   </dialogueact>
   <dialogueact nite:id="Bmr028.C.dialogueact1578" starttime="2918.73" endtime="2919.08" type="b" original-type="b" channel="c2" participant="me013">
      <nite:child href="Bmr028.C.words.xml#id(Bmr028.w.14,329)..id(Bmr028.w.14,330)"/>
   </dialogueact>
   <dialogueact nite:id="Bmr028.C.dialogueact1579" starttime="2920.25" endtime="2921.46" type="fg|s" adjacency="39a" original-type="fg|s" channel="c2" participant="me013">
      <nite:child href="Bmr028.C.words.xml#id(Bmr028.w.14,331)..id(Bmr028.w.14,336)"/>
   </dialogueact>
   <dialogueact nite:id="Bmr028.C.dialogueact1581" starttime="2921.46" endtime="2928.31" type="s" original-type="s" channel="c2" participant="me013">
      <nite:child href="Bmr028.C.words.xml#id(Bmr028.w.14,337)..id(Bmr028.w.14,370)"/>
   </dialogueact>
   <dialogueact nite:id="Bmr028.C.dialogueact1582" starttime="2928.31" endtime="2930.33" type="s" original-type="s" channel="c2" participant="me013">
      <nite:child href="Bmr028.C.words.xml#id(Bmr028.w.14,371)..id(Bmr028.w.14,383)"/>
   </dialogueact>
   <dialogueact nite:id="Bmr028.C.dialogueact1585" starttime="2931.47" endtime="2933.44" type="s^ba" original-type="s^ba" channel="c2" participant="me013">
      <nite:child href="Bmr028.C.words.xml#id(Bmr028.w.14,406)..id(Bmr028.w.14,415)"/>
   </dialogueact>
   <dialogueact nite:id="Bmr028.C.dialogueact1588" starttime="2934.04" endtime="2934.32" type="b" original-type="b" channel="c2" participant="me013">
      <nite:child href="Bmr028.C.words.xml#id(Bmr028.w.14,416)..id(Bmr028.w.14,419)"/>
   </dialogueact>
   <dialogueact nite:id="Bmr028.C.dialogueact1666" starttime="3111.29" endtime="3113.8" type="qy^bu^d^rt" adjacency="11b.12a" original-type="qy^bu^d^rt" channel="c2" participant="me013">
      <nite:child href="Bmr028.C.words.xml#id(Bmr028.w.15,320)..id(Bmr028.w.15,335)"/>
   </dialogueact>
   <dialogueact nite:id="Bmr028.C.dialogueact1668" starttime="3113.8" endtime="3113.96" type="qrr.%--" original-type="qrr.%--" channel="c2" participant="me013">
      <nite:child href="Bmr028.C.words.xml#id(Bmr028.w.15,336)..id(Bmr028.w.15,337)"/>
   </dialogueact>
   <dialogueact nite:id="Bmr028.C.dialogueact1669" starttime="3114.33" endtime="3114.45" type="s^bk" adjacency="13b-1" original-type="s^bk" channel="c2" participant="me013">
      <nite:child href="Bmr028.C.words.xml#id(Bmr028.w.15,338)..id(Bmr028.w.15,341)"/>
   </dialogueact>
   <dialogueact nite:id="Bmr028.C.dialogueact1672" starttime="3115.96" endtime="3116.6" type="s" adjacency="14b-1" original-type="s" channel="c2" participant="me013">
      <nite:child href="Bmr028.C.words.xml#id(Bmr028.w.15,352)..id(Bmr028.w.15,354)"/>
   </dialogueact>
   <dialogueact nite:id="Bmr028.C.dialogueact1675" starttime="3117.14" endtime="3117.43" type="b" original-type="b" channel="c2" participant="me013">
      <nite:child href="Bmr028.C.words.xml#id(Bmr028.w.15,355)..id(Bmr028.w.15,356)"/>
   </dialogueact>
   <dialogueact nite:id="Bmr028.C.dialogueact1767" starttime="3247.78" endtime="3248.42" type="s^bk|s^nd.%-" adjacency="31b-1" original-type="s^bk|s^nd.%-" channel="c2" participant="me013">
      <nite:child href="Bmr028.C.words.xml#id(Bmr028.w.16,169)..id(Bmr028.disfmarker.720)"/>
   </dialogueact>
   <dialogueact nite:id="Bmr028.C.dialogueact1770" starttime="3249.39" endtime="3250.43" type="s" adjacency="33a" original-type="s" channel="c2" participant="me013">
      <nite:child href="Bmr028.C.words.xml#id(Bmr028.w.16,185)..id(Bmr028.w.16,192)"/>
   </dialogueact>
   <dialogueact nite:id="Bmr028.C.dialogueact1774" starttime="3250.66" endtime="3258.01" type="s^cs" adjacency="34a" original-type="s^cs" channel="c2" participant="me013">
      <nite:child href="Bmr028.C.words.xml#id(Bmr028.w.16,193)..id(Bmr028.w.16,232)"/>
   </dialogueact>
   <dialogueact nite:id="Bmr028.C.dialogueact1778" starttime="3258.77" endtime="3259.32" type="s^bk|qy^bh^d^rt" adjacency="35b" original-type="s^bk|qy^bh^d^rt" channel="c2" participant="me013">
      <nite:child href="Bmr028.C.words.xml#id(Bmr028.w.16,255)..id(Bmr028.w.16,260)"/>
   </dialogueact>
   <dialogueact nite:id="Bmr028.C.dialogueact1779" starttime="3259.32" endtime="3260.08" type="s^ba" adjacency="35b+" original-type="s^ba" channel="c2" participant="me013">
      <nite:child href="Bmr028.C.words.xml#id(Bmr028.w.16,261)..id(Bmr028.w.16,267)"/>
   </dialogueact>
   <dialogueact nite:id="Bmr028.C.dialogueact1782" starttime="3263.96" endtime="3264.3" type="s^bk" original-type="s^bk" channel="c2" participant="me013">
      <nite:child href="Bmr028.C.words.xml#id(Bmr028.w.16,283)..id(Bmr028.w.16,284)"/>
   </dialogueact>
   <dialogueact nite:id="Bmr028.C.dialogueact1788" starttime="3309.37" endtime="3310.91" type="z" original-type="z" channel="c2" participant="me013">
      <nite:child href="Bmr028.C.words.xml#id(Bmr028.w.17,232)..id(Bmr028.w.17,237)"/>
   </dialogueact>
</nite:root>