<?xml version="1.0" encoding="ISO-8859-1" standalone="yes"?>
<nite:root nite:id="Bmr028.H.dialogue-acts" xmlns:nite="http://nite.sourceforge.net/">
   <dialogueact nite:id="Bmr028.H.dialogueact103" starttime="212.445" endtime="215.43" type="s^bk|s" adjacency="20b.21a" original-type="s^bk|s" channel="ca" participant="fe016">
      <nite:child href="Bmr028.H.words.xml#id(Bmr028.w.913)..id(Bmr028.w.921)"/>
   </dialogueact>
   <dialogueact nite:id="Bmr028.H.dialogueact108" starttime="221.28" endtime="221.41" type="s^ba^t3" original-type="s^ba^t3" channel="ca" participant="fe016">
      <nite:child href="Bmr028.H.words.xml#id(Bmr028.w.961)..id(Bmr028.w.962)"/>
   </dialogueact>
   <dialogueact nite:id="Bmr028.H.dialogueact120" starttime="241.4" endtime="242.53" type="s" adjacency="23b" original-type="s" channel="ca" participant="fe016">
      <nite:child href="Bmr028.H.words.xml#id(Bmr028.w.1,042)..id(Bmr028.w.1,046)"/>
   </dialogueact>
   <dialogueact nite:id="Bmr028.H.dialogueact121" starttime="242.53" endtime="242.64" type="%--" original-type="%--" channel="ca" participant="fe016">
      <nite:child href="Bmr028.H.words.xml#id(Bmr028.w.1,047)..id(Bmr028.disfmarker.34)"/>
   </dialogueact>
   <dialogueact nite:id="Bmr028.H.dialogueact122" starttime="243.156" endtime="244.196" type="s^fa|s" adjacency="23b+" original-type="s^fa|s" channel="ca" participant="fe016">
      <nite:child href="Bmr028.H.words.xml#id(Bmr028.w.1,048)..id(Bmr028.w.1,054)"/>
   </dialogueact>
   <dialogueact nite:id="Bmr028.H.dialogueact123" starttime="244.246" endtime="245.566" type="s^rt" adjacency="23b++" original-type="s^rt" channel="ca" participant="fe016">
      <nite:child href="Bmr028.H.words.xml#id(Bmr028.w.1,055)..id(Bmr028.w.1,062)"/>
   </dialogueact>
   <dialogueact nite:id="Bmr028.H.dialogueact124" starttime="245.666" endtime="248.136" type="s^ba" adjacency="23b+++.24a" original-type="s^ba" channel="ca" participant="fe016">
      <nite:child href="Bmr028.H.words.xml#id(Bmr028.w.1,063)..id(Bmr028.w.1,071)"/>
   </dialogueact>
   <dialogueact nite:id="Bmr028.H.dialogueact127" starttime="255.515" endtime="257.715" type="s" adjacency="25b.26a" original-type="s" channel="ca" participant="fe016">
      <nite:child href="Bmr028.H.words.xml#id(Bmr028.w.1,091)..id(Bmr028.w.1,102)"/>
   </dialogueact>
   <dialogueact nite:id="Bmr028.H.dialogueact129" starttime="258.645" endtime="260.275" type="s^fa|s^df" adjacency="27a" original-type="s^fa|s^df" channel="ca" participant="fe016">
      <nite:child href="Bmr028.H.words.xml#id(Bmr028.w.1,105)..id(Bmr028.w.1,111)"/>
   </dialogueact>
   <dialogueact nite:id="Bmr028.H.dialogueact130" starttime="261.868" endtime="263.028" comment="FBH" type="s" original-type="s" channel="ca" participant="fe016">
      <nite:child href="Bmr028.H.words.xml#id(Bmr028.w.1,112)..id(Bmr028.w.1,119)"/>
   </dialogueact>
   <dialogueact nite:id="Bmr028.H.dialogueact133" starttime="266.825" endtime="268.335" type="s" original-type="s" channel="ca" participant="fe016">
      <nite:child href="Bmr028.H.words.xml#id(Bmr028.w.1,142)..id(Bmr028.w.1,147)"/>
   </dialogueact>
   <dialogueact nite:id="Bmr028.H.dialogueact134" starttime="268.335" endtime="270.625" type="s^df.%--" original-type="s^df.%--" channel="ca" participant="fe016">
      <nite:child href="Bmr028.H.words.xml#id(Bmr028.w.1,148)..id(Bmr028.disfmarker.42)"/>
   </dialogueact>
   <dialogueact nite:id="Bmr028.H.dialogueact135" starttime="274.069" endtime="274.199" type="s^fe" original-type="s^fe" channel="ca" participant="fe016">
      <nite:child href="Bmr028.H.words.xml#id(Bmr028.w.1,155)..id(Bmr028.w.1,156)"/>
   </dialogueact>
   <dialogueact nite:id="Bmr028.H.dialogueact150" starttime="294.395" endtime="294.575" comment="FBH" type="b" original-type="b" channel="ca" participant="fe016">
      <nite:child href="Bmr028.H.words.xml#id(Bmr028.w.1,281)..id(Bmr028.w.1,282)"/>
   </dialogueact>
   <dialogueact nite:id="Bmr028.H.dialogueact161" starttime="317.165" endtime="317.555" type="s^aa" adjacency="30b-1" original-type="s^aa" channel="ca" participant="fe016">
      <nite:child href="Bmr028.H.words.xml#id(Bmr028.w.1,389)..id(Bmr028.w.1,390)"/>
   </dialogueact>
   <dialogueact nite:id="Bmr028.H.dialogueact168" starttime="329.463" endtime="329.643" type="b" original-type="b" channel="ca" participant="fe016">
      <nite:child href="Bmr028.H.words.xml#id(Bmr028.w.1,470)..id(Bmr028.w.1,471)"/>
   </dialogueact>
   <dialogueact nite:id="Bmr028.H.dialogueact213" starttime="406.039" endtime="406.309" type="b" original-type="b" channel="ca" participant="fe016">
      <nite:child href="Bmr028.H.words.xml#id(Bmr028.w.1,811)..id(Bmr028.w.1,812)"/>
   </dialogueact>
   <dialogueact nite:id="Bmr028.H.dialogueact215" starttime="408.275" endtime="408.685" type="b" original-type="b" channel="ca" participant="fe016">
      <nite:child href="Bmr028.H.words.xml#id(Bmr028.w.1,836)..id(Bmr028.w.1,837)"/>
   </dialogueact>
   <dialogueact nite:id="Bmr028.H.dialogueact220" starttime="413.231" endtime="422.5" type="fg|s^cs" adjacency="44a" original-type="fg|s^cs" channel="ca" participant="fe016">
      <nite:child href="Bmr028.H.words.xml#id(Bmr028.w.1,850)..id(Bmr028.w.1,887)"/>
   </dialogueact>
   <dialogueact nite:id="Bmr028.H.dialogueact222" starttime="423.18" endtime="424.48" type="s.%-" adjacency="45b" original-type="s.%-" channel="ca" participant="fe016">
      <nite:child href="Bmr028.H.words.xml#id(Bmr028.w.1,893)..id(Bmr028.disfmarker.71)"/>
   </dialogueact>
   <dialogueact nite:id="Bmr028.H.dialogueact224" starttime="424.7" endtime="425.1" type="s^aa" adjacency="46b" original-type="s^aa" channel="ca" participant="fe016">
      <nite:child href="Bmr028.H.words.xml#id(Bmr028.w.1,902)..id(Bmr028.w.1,903)"/>
   </dialogueact>
   <dialogueact nite:id="Bmr028.H.dialogueact228" starttime="425.61" endtime="427.062" type="%-" original-type="%-" channel="ca" participant="fe016">
      <nite:child href="Bmr028.H.words.xml#id(Bmr028.w.1,932)..id(Bmr028.w.1,936)"/>
   </dialogueact>
   <dialogueact nite:id="Bmr028.H.dialogueact243" starttime="446.129" endtime="446.359" type="b" original-type="b" channel="ca" participant="fe016">
      <nite:child href="Bmr028.H.words.xml#id(Bmr028.w.2,050)..id(Bmr028.w.2,051)"/>
   </dialogueact>
   <dialogueact nite:id="Bmr028.H.dialogueact246" starttime="449.489" endtime="449.799" type="b" original-type="b" channel="ca" participant="fe016">
      <nite:child href="Bmr028.H.words.xml#id(Bmr028.w.2,066)..id(Bmr028.w.2,067)"/>
   </dialogueact>
   <dialogueact nite:id="Bmr028.H.dialogueact247" starttime="450.3" endtime="456.05" type="fg|qy^rt" adjacency="51a" original-type="fg|qy^rt" channel="ca" participant="fe016">
      <nite:child href="Bmr028.H.words.xml#id(Bmr028.w.2,068)..id(Bmr028.w.2,087)"/>
   </dialogueact>
   <dialogueact nite:id="Bmr028.H.dialogueact249" starttime="456.32" endtime="457.56" type="s^bk|s^fa" adjacency="52b" original-type="s^bk|s^fa" channel="ca" participant="fe016">
      <nite:child href="Bmr028.H.words.xml#id(Bmr028.w.2,094)..id(Bmr028.w.2,099)"/>
   </dialogueact>
   <dialogueact nite:id="Bmr028.H.dialogueact252" starttime="457.56" endtime="457.96" type="s.%-" original-type="s.%-" channel="ca" participant="fe016">
      <nite:child href="Bmr028.H.words.xml#id(Bmr028.w.2,100)..id(Bmr028.disfmarker.78)"/>
   </dialogueact>
   <dialogueact nite:id="Bmr028.H.dialogueact253" starttime="458.25" endtime="459.22" type="s^bk|s^ba^fe^j" adjacency="53b" original-type="s^bk|s^ba^fe^j" channel="ca" participant="fe016">
      <nite:child href="Bmr028.H.words.xml#id(Bmr028.w.2,102)..id(Bmr028.w.2,105)"/>
   </dialogueact>
   <dialogueact nite:id="Bmr028.H.dialogueact254" starttime="459.31" endtime="459.57" type="%-" original-type="%-" channel="ca" participant="fe016">
      <nite:child href="Bmr028.H.words.xml#id(Bmr028.w.2,106)..id(Bmr028.disfmarker.79)"/>
   </dialogueact>
   <dialogueact nite:id="Bmr028.H.dialogueact255" starttime="459.77" endtime="460.07" type="s^bk" original-type="s^bk" channel="ca" participant="fe016">
      <nite:child href="Bmr028.H.words.xml#id(Bmr028.w.2,108)..id(Bmr028.w.2,109)"/>
   </dialogueact>
   <dialogueact nite:id="Bmr028.H.dialogueact256" starttime="460.7" endtime="463.82" type="s" adjacency="54a" original-type="s" channel="ca" participant="fe016">
      <nite:child href="Bmr028.H.words.xml#id(Bmr028.w.2,117)..id(Bmr028.w.2,132)"/>
   </dialogueact>
   <dialogueact nite:id="Bmr028.H.dialogueact257" starttime="463.82" endtime="464.8" type="s.%--" adjacency="54a+" original-type="s.%--" channel="ca" participant="fe016">
      <nite:child href="Bmr028.H.words.xml#id(Bmr028.w.2,133)..id(Bmr028.disfmarker.80)"/>
   </dialogueact>
   <dialogueact nite:id="Bmr028.H.dialogueact258" starttime="465.682" endtime="467.862" type="s^cc" adjacency="54a++" original-type="s^cc" channel="ca" participant="fe016">
      <nite:child href="Bmr028.H.words.xml#id(Bmr028.w.2,138)..id(Bmr028.w.2,154)"/>
   </dialogueact>
   <dialogueact nite:id="Bmr028.H.dialogueact261" starttime="470.264" endtime="471.814" type="s^ba|s^ft" adjacency="55b.56a" original-type="s^ba|s^ft" channel="ca" participant="fe016">
      <nite:child href="Bmr028.H.words.xml#id(Bmr028.w.2,175)..id(Bmr028.w.2,184)"/>
   </dialogueact>
   <dialogueact nite:id="Bmr028.H.dialogueact262" starttime="472.014" endtime="472.574" type="s^ba^r" original-type="s^ba^r" channel="ca" participant="fe016">
      <nite:child href="Bmr028.H.words.xml#id(Bmr028.w.2,185)..id(Bmr028.w.2,189)"/>
   </dialogueact>
   <dialogueact nite:id="Bmr028.H.dialogueact290" starttime="535.502" endtime="539.362" comment="FBH" type="qy^rt" adjacency="60.5a" original-type="qy^rt" channel="ca" participant="fe016">
      <nite:child href="Bmr028.H.words.xml#id(Bmr028.w.2,462)..id(Bmr028.w.2,477)"/>
   </dialogueact>
   <dialogueact nite:id="Bmr028.H.dialogueact291" starttime="539.652" endtime="539.852" comment="FBH" type="s^df.%-" original-type="s^df.%-" channel="ca" participant="fe016">
      <nite:child href="Bmr028.H.words.xml#id(Bmr028.w.2,478)..id(Bmr028.disfmarker.90)"/>
   </dialogueact>
   <dialogueact nite:id="Bmr028.H.dialogueact295" starttime="546.858" endtime="547.178" comment="FBH" type="b" original-type="b" channel="ca" participant="fe016">
      <nite:child href="Bmr028.H.words.xml#id(Bmr028.w.2,507)..id(Bmr028.w.2,508)"/>
   </dialogueact>
   <dialogueact nite:id="Bmr028.H.dialogueact297" starttime="551.072" endtime="551.522" type="b" original-type="b" channel="ca" participant="fe016">
      <nite:child href="Bmr028.H.words.xml#id(Bmr028.w.2,536)..id(Bmr028.w.2,537)"/>
   </dialogueact>
   <dialogueact nite:id="Bmr028.H.dialogueact299" starttime="552.818" endtime="553.958" type="s^bk|s^co" adjacency="61b" original-type="s^bk|s^co" channel="ca" participant="fe016">
      <nite:child href="Bmr028.H.words.xml#id(Bmr028.w.2,538)..id(Bmr028.w.2,543)"/>
   </dialogueact>
   <dialogueact nite:id="Bmr028.H.dialogueact357" starttime="672.386" endtime="673.026" type="s^rt" adjacency="9b-2.10a" original-type="s^rt" channel="ca" participant="fe016">
      <nite:child href="Bmr028.H.words.xml#id(Bmr028.w.2,982)..id(Bmr028.w.2,986)"/>
   </dialogueact>
   <dialogueact nite:id="Bmr028.H.dialogueact359" starttime="673.996" endtime="674.636" type="s.%--" original-type="s.%--" channel="ca" participant="fe016">
      <nite:child href="Bmr028.H.words.xml#id(Bmr028.w.2,987)..id(Bmr028.disfmarker.102)"/>
   </dialogueact>
   <dialogueact nite:id="Bmr028.H.dialogueact360" starttime="674.636" endtime="676.476" type="s.%-" original-type="s.%-" channel="ca" participant="fe016">
      <nite:child href="Bmr028.H.words.xml#id(Bmr028.w.2,990)..id(Bmr028.disfmarker.103)"/>
   </dialogueact>
   <dialogueact nite:id="Bmr028.H.dialogueact362" starttime="679.227" endtime="679.707" type="s^ar^fe" adjacency="11b" original-type="s^ar^fe" channel="ca" participant="fe016">
      <nite:child href="Bmr028.H.words.xml#id(Bmr028.w.3,009)..id(Bmr028.w.3,010)"/>
   </dialogueact>
   <dialogueact nite:id="Bmr028.H.dialogueact363" starttime="680.574" endtime="681.754" type="s^ar^fe^r^rt" original-type="s^ar^fe^r^rt" channel="ca" participant="fe016">
      <nite:child href="Bmr028.H.words.xml#id(Bmr028.w.3,011)..id(Bmr028.w.3,014)"/>
   </dialogueact>
   <dialogueact nite:id="Bmr028.H.dialogueact365" starttime="682.134" endtime="683.724" type="s.%-" original-type="s.%-" channel="ca" participant="fe016">
      <nite:child href="Bmr028.H.words.xml#id(Bmr028.w.3,015)..id(Bmr028.w.3,019)"/>
   </dialogueact>
   <dialogueact nite:id="Bmr028.H.dialogueact367" starttime="686.397" endtime="687.527" type="s^ba" adjacency="12b" original-type="s^ba" channel="ca" participant="fe016">
      <nite:child href="Bmr028.H.words.xml#id(Bmr028.w.3,037)..id(Bmr028.w.3,041)"/>
   </dialogueact>
   <dialogueact nite:id="Bmr028.H.dialogueact368" starttime="688.111" endtime="688.591" type="s^bk" adjacency="12b+" original-type="s^bk" channel="ca" participant="fe016">
      <nite:child href="Bmr028.H.words.xml#id(Bmr028.w.3,051)..id(Bmr028.w.3,052)"/>
   </dialogueact>
   <dialogueact nite:id="Bmr028.H.dialogueact370" starttime="690.231" endtime="690.721" type="s^ba" original-type="s^ba" channel="ca" participant="fe016">
      <nite:child href="Bmr028.H.words.xml#id(Bmr028.w.3,061)..id(Bmr028.w.3,062)"/>
   </dialogueact>
   <dialogueact nite:id="Bmr028.H.dialogueact371" starttime="691.421" endtime="692.781" type="s.%--" original-type="s.%--" channel="ca" participant="fe016">
      <nite:child href="Bmr028.H.words.xml#id(Bmr028.w.3,063)..id(Bmr028.w.3,070)"/>
   </dialogueact>
   <dialogueact nite:id="Bmr028.H.dialogueact372" starttime="692.781" endtime="698.47" type="s" original-type="s" channel="ca" participant="fe016">
      <nite:child href="Bmr028.H.words.xml#id(Bmr028.w.3,071)..id(Bmr028.w.3,095)"/>
   </dialogueact>
   <dialogueact nite:id="Bmr028.H.dialogueact373" starttime="698.47" endtime="700.73" type="s" original-type="s" channel="ca" participant="fe016">
      <nite:child href="Bmr028.H.words.xml#id(Bmr028.w.3,096)..id(Bmr028.w.3,109)"/>
   </dialogueact>
   <dialogueact nite:id="Bmr028.H.dialogueact374" starttime="700.73" endtime="702.064" type="fh" original-type="fh" channel="ca" participant="fe016">
      <nite:child href="Bmr028.H.words.xml#id(Bmr028.w.3,110)..id(Bmr028.w.3,112)"/>
   </dialogueact>
   <dialogueact nite:id="Bmr028.H.dialogueact375" starttime="702.064" endtime="702.814" type="s" original-type="s" channel="ca" participant="fe016">
      <nite:child href="Bmr028.H.words.xml#id(Bmr028.w.3,113)..id(Bmr028.w.3,118)"/>
   </dialogueact>
   <dialogueact nite:id="Bmr028.H.dialogueact376" starttime="702.814" endtime="704.104" type="s:s^ba" original-type="s:s^ba" channel="ca" participant="fe016">
      <nite:child href="Bmr028.H.words.xml#id(Bmr028.w.3,119)..id(Bmr028.w.3,130)"/>
   </dialogueact>
   <dialogueact nite:id="Bmr028.H.dialogueact377" starttime="704.104" endtime="704.764" type="s:s^ba" original-type="s:s^ba" channel="ca" participant="fe016">
      <nite:child href="Bmr028.H.words.xml#id(Bmr028.w.3,131)..id(Bmr028.w.3,134)"/>
   </dialogueact>
   <dialogueact nite:id="Bmr028.H.dialogueact378" starttime="704.764" endtime="705.454" type="s:s" original-type="s:s" channel="ca" participant="fe016">
      <nite:child href="Bmr028.H.words.xml#id(Bmr028.w.3,135)..id(Bmr028.w.3,139)"/>
   </dialogueact>
   <dialogueact nite:id="Bmr028.H.dialogueact379" starttime="705.454" endtime="706.284" type="s:s" original-type="s:s" channel="ca" participant="fe016">
      <nite:child href="Bmr028.H.words.xml#id(Bmr028.w.3,140)..id(Bmr028.w.3,146)"/>
   </dialogueact>
   <dialogueact nite:id="Bmr028.H.dialogueact380" starttime="707.59" endtime="707.83" type="s^ba" original-type="s^ba" channel="ca" participant="fe016">
      <nite:child href="Bmr028.H.words.xml#id(Bmr028.w.3,147)..id(Bmr028.w.3,148)"/>
   </dialogueact>
   <dialogueact nite:id="Bmr028.H.dialogueact381" starttime="708.298" endtime="710.768" type="s^bk|s^t^tc.%-" original-type="s^bk|s^t^tc.%-" channel="ca" participant="fe016">
      <nite:child href="Bmr028.H.words.xml#id(Bmr028.w.3,149)..id(Bmr028.w.3,160)"/>
   </dialogueact>
   <dialogueact nite:id="Bmr028.H.dialogueact383" starttime="712.524" endtime="712.864" type="s^ba" adjacency="13b" original-type="s^ba" channel="ca" participant="fe016">
      <nite:child href="Bmr028.H.words.xml#id(Bmr028.w.3,177)..id(Bmr028.w.3,178)"/>
   </dialogueact>
   <dialogueact nite:id="Bmr028.H.dialogueact385" starttime="714.08" endtime="715.67" type="%-" original-type="%-" channel="ca" participant="fe016">
      <nite:child href="Bmr028.H.words.xml#id(Bmr028.w.3,198)..id(Bmr028.w.3,199)"/>
   </dialogueact>
   <dialogueact nite:id="Bmr028.H.dialogueact386" starttime="717.119" endtime="717.689" type="s^ba" adjacency="14b" original-type="s^ba" channel="ca" participant="fe016">
      <nite:child href="Bmr028.H.words.xml#id(Bmr028.w.3,200)..id(Bmr028.w.3,203)"/>
   </dialogueact>
   <dialogueact nite:id="Bmr028.H.dialogueact391" starttime="719.995" endtime="720.415" type="b" original-type="b" channel="ca" participant="fe016">
      <nite:child href="Bmr028.H.words.xml#id(Bmr028.w.3,216)..id(Bmr028.w.3,219)"/>
   </dialogueact>
   <dialogueact nite:id="Bmr028.H.dialogueact394" starttime="724.551" endtime="725.951" type="h" adjacency="16b" original-type="h" channel="ca" participant="fe016">
      <nite:child href="Bmr028.H.words.xml#id(Bmr028.w.3,235)..id(Bmr028.w.3,236)"/>
   </dialogueact>
   <dialogueact nite:id="Bmr028.H.dialogueact397" starttime="728.11" endtime="729.2" type="s" adjacency="16b+.17a" original-type="s" channel="ca" participant="fe016">
      <nite:child href="Bmr028.H.words.xml#id(Bmr028.w.3,249)..id(Bmr028.w.3,255)"/>
   </dialogueact>
   <dialogueact nite:id="Bmr028.H.dialogueact398" starttime="729.2" endtime="730.22" type="s.%-" original-type="s.%-" channel="ca" participant="fe016">
      <nite:child href="Bmr028.H.words.xml#id(Bmr028.w.3,256)..id(Bmr028.disfmarker.110)"/>
   </dialogueact>
   <dialogueact nite:id="Bmr028.H.dialogueact402" starttime="731.34" endtime="735.282" type="s" adjacency="18a" original-type="s" channel="ca" participant="fe016">
      <nite:child href="Bmr028.H.words.xml#id(Bmr028.w.3,274)..id(Bmr028.w.3,289)"/>
   </dialogueact>
   <dialogueact nite:id="Bmr028.H.dialogueact403" starttime="735.282" endtime="735.422" type="fh" original-type="fh" channel="ca" participant="fe016">
      <nite:child href="Bmr028.H.words.xml#id(Bmr028.w.3,290)..id(Bmr028.w.3,291)"/>
   </dialogueact>
   <dialogueact nite:id="Bmr028.H.dialogueact405" starttime="738.176" endtime="738.986" type="s.%-" original-type="s.%-" channel="ca" participant="fe016">
      <nite:child href="Bmr028.H.words.xml#id(Bmr028.w.3,300)..id(Bmr028.w.3,303)"/>
   </dialogueact>
   <dialogueact nite:id="Bmr028.H.dialogueact409" starttime="742.37" endtime="744.4" type="s^ba^bd" adjacency="20b.21a" original-type="s^ba^bd" channel="ca" participant="fe016">
      <nite:child href="Bmr028.H.words.xml#id(Bmr028.w.3,325)..id(Bmr028.w.3,336)"/>
   </dialogueact>
   <dialogueact nite:id="Bmr028.H.dialogueact411" starttime="745.74" endtime="745.99" type="s^ba" original-type="s^ba" channel="ca" participant="fe016">
      <nite:child href="Bmr028.H.words.xml#id(Bmr028.w.3,339)..id(Bmr028.w.3,340)"/>
   </dialogueact>
   <dialogueact nite:id="Bmr028.H.dialogueact412" starttime="745.99" endtime="746.95" type="s^ft" original-type="s^ft" channel="ca" participant="fe016">
      <nite:child href="Bmr028.H.words.xml#id(Bmr028.w.3,341)..id(Bmr028.w.3,347)"/>
   </dialogueact>
   <dialogueact nite:id="Bmr028.H.dialogueact414" starttime="746.95" endtime="748.07" type="s^ba.%-" original-type="s^ba.%-" channel="ca" participant="fe016">
      <nite:child href="Bmr028.H.words.xml#id(Bmr028.w.3,348)..id(Bmr028.w.3,355)"/>
   </dialogueact>
   <dialogueact nite:id="Bmr028.H.dialogueact415" starttime="748.07" endtime="750.88" type="s^df" original-type="s^df" channel="ca" participant="fe016">
      <nite:child href="Bmr028.H.words.xml#id(Bmr028.w.3,356)..id(Bmr028.w.3,368)"/>
   </dialogueact>
   <dialogueact nite:id="Bmr028.H.dialogueact419" starttime="756.502" endtime="756.942" type="s^aa^fe^rt" adjacency="22b-2" original-type="s^aa^fe^rt" channel="ca" participant="fe016">
      <nite:child href="Bmr028.H.words.xml#id(Bmr028.w.3,398)..id(Bmr028.w.3,399)"/>
   </dialogueact>
   <dialogueact nite:id="Bmr028.H.dialogueact421" starttime="756.942" endtime="758.812" type="s^ba" original-type="s^ba" channel="ca" participant="fe016">
      <nite:child href="Bmr028.H.words.xml#id(Bmr028.w.3,400)..id(Bmr028.w.3,408)"/>
   </dialogueact>
   <dialogueact nite:id="Bmr028.H.dialogueact427" starttime="765.6" endtime="766.57" type="s^ba^bd" adjacency="24b.25a" original-type="s^ba^bd" channel="ca" participant="fe016">
      <nite:child href="Bmr028.H.words.xml#id(Bmr028.w.3,448)..id(Bmr028.w.3,453)"/>
   </dialogueact>
   <dialogueact nite:id="Bmr028.H.dialogueact431" starttime="768.035" endtime="768.615" type="s^ft^t3" original-type="s^ft^t3" channel="ca" participant="fe016">
      <nite:child href="Bmr028.H.words.xml#id(Bmr028.w.3,474)..id(Bmr028.w.3,477)"/>
   </dialogueact>
   <dialogueact nite:id="Bmr028.H.dialogueact436" starttime="779.928" endtime="780.558" type="b" original-type="b" channel="ca" participant="fe016">
      <nite:child href="Bmr028.H.words.xml#id(Bmr028.w.3,535)..id(Bmr028.w.3,536)"/>
   </dialogueact>
   <dialogueact nite:id="Bmr028.H.dialogueact437" starttime="781.204" endtime="781.884" type="%-" original-type="%-" channel="ca" participant="fe016">
      <nite:child href="Bmr028.H.words.xml#id(Bmr028.w.3,537)"/>
   </dialogueact>
   <dialogueact nite:id="Bmr028.H.dialogueact438" starttime="783.162" endtime="784.832" type="fg|s:s" adjacency="27a" original-type="fg|s:s" channel="ca" participant="fe016">
      <nite:child href="Bmr028.H.words.xml#id(Bmr028.w.3,539)..id(Bmr028.w.3,552)"/>
   </dialogueact>
   <dialogueact nite:id="Bmr028.H.dialogueact442" starttime="786.71" endtime="787.66" type="s" original-type="s" channel="ca" participant="fe016">
      <nite:child href="Bmr028.H.words.xml#id(Bmr028.w.3,559)..id(Bmr028.w.3,564)"/>
   </dialogueact>
   <dialogueact nite:id="Bmr028.H.dialogueact506" starttime="899.394" endtime="899.554" type="b" original-type="b" channel="ca" participant="fe016">
      <nite:child href="Bmr028.H.words.xml#id(Bmr028.w.4,139)..id(Bmr028.w.4,140)"/>
   </dialogueact>
   <dialogueact nite:id="Bmr028.H.dialogueact528" starttime="932.771" endtime="939.464" type="s" original-type="s" channel="ca" participant="fe016">
      <nite:child href="Bmr028.H.words.xml#id(Bmr028.w.4,284)..id(Bmr028.w.4,310)"/>
   </dialogueact>
   <dialogueact nite:id="Bmr028.H.dialogueact529" starttime="939.944" endtime="943.684" type="s" original-type="s" channel="ca" participant="fe016">
      <nite:child href="Bmr028.H.words.xml#id(Bmr028.w.4,311)..id(Bmr028.w.4,322)"/>
   </dialogueact>
   <dialogueact nite:id="Bmr028.H.dialogueact530" starttime="943.684" endtime="945.244" type="s" original-type="s" channel="ca" participant="fe016">
      <nite:child href="Bmr028.H.words.xml#id(Bmr028.w.4,323)..id(Bmr028.w.4,330)"/>
   </dialogueact>
   <dialogueact nite:id="Bmr028.H.dialogueact531" starttime="945.244" endtime="947.334" type="s" adjacency="50a" original-type="s" channel="ca" participant="fe016">
      <nite:child href="Bmr028.H.words.xml#id(Bmr028.w.4,331)..id(Bmr028.w.4,340)"/>
   </dialogueact>
   <dialogueact nite:id="Bmr028.H.dialogueact534" starttime="953.678" endtime="955.178" type="s^2" adjacency="51b" original-type="s^2" channel="ca" participant="fe016">
      <nite:child href="Bmr028.H.words.xml#id(Bmr028.w.4,367)..id(Bmr028.w.4,371)"/>
   </dialogueact>
   <dialogueact nite:id="Bmr028.H.dialogueact536" starttime="955.738" endtime="956.118" type="b" original-type="b" channel="ca" participant="fe016">
      <nite:child href="Bmr028.H.words.xml#id(Bmr028.w.4,372)..id(Bmr028.w.4,373)"/>
   </dialogueact>
   <dialogueact nite:id="Bmr028.H.dialogueact539" starttime="958.71" endtime="959.16" type="s^ba" original-type="s^ba" channel="ca" participant="fe016">
      <nite:child href="Bmr028.H.words.xml#id(Bmr028.w.4,404)..id(Bmr028.w.4,405)"/>
   </dialogueact>
   <dialogueact nite:id="Bmr028.H.dialogueact544" starttime="971.73" endtime="973.58" type="qw" adjacency="54a" original-type="qw" channel="ca" participant="fe016">
      <nite:child href="Bmr028.H.words.xml#id(Bmr028.w.4,447)..id(Bmr028.w.4,457)"/>
   </dialogueact>
   <dialogueact nite:id="Bmr028.H.dialogueact548" starttime="973.58" endtime="973.96" type="qy.%-" original-type="qy.%-" channel="ca" participant="fe016">
      <nite:child href="Bmr028.H.words.xml#id(Bmr028.w.4,458)..id(Bmr028.w.4,462)"/>
   </dialogueact>
   <dialogueact nite:id="Bmr028.H.dialogueact556" starttime="995.37" endtime="995.88" type="s^aa" adjacency="56b" original-type="s^aa" channel="ca" participant="fe016">
      <nite:child href="Bmr028.H.words.xml#id(Bmr028.w.4,573)..id(Bmr028.w.4,574)"/>
   </dialogueact>
   <dialogueact nite:id="Bmr028.H.dialogueact560" starttime="1000.71" endtime="1001.59" type="s^ar|s^ba" original-type="s^ar|s^ba" channel="ca" participant="fe016">
      <nite:child href="Bmr028.H.words.xml#id(Bmr028.w.4,598)..id(Bmr028.w.4,604)"/>
   </dialogueact>
   <dialogueact nite:id="Bmr028.H.dialogueact561" starttime="1001.59" endtime="1002.43" type="s^ba^e" original-type="s^ba^e" channel="ca" participant="fe016">
      <nite:child href="Bmr028.H.words.xml#id(Bmr028.w.4,605)..id(Bmr028.w.4,608)"/>
   </dialogueact>
   <dialogueact nite:id="Bmr028.H.dialogueact565" starttime="1008.79" endtime="1010.54" type="fg" original-type="fg" channel="ca" participant="fe016">
      <nite:child href="Bmr028.H.words.xml#id(Bmr028.w.4,636)..id(Bmr028.w.4,641)"/>
   </dialogueact>
   <dialogueact nite:id="Bmr028.H.dialogueact569" starttime="1011.32" endtime="1012.87" type="s^ba^na" original-type="s^ba^na" channel="ca" participant="fe016">
      <nite:child href="Bmr028.H.words.xml#id(Bmr028.w.4,669)..id(Bmr028.w.4,679)"/>
   </dialogueact>
   <dialogueact nite:id="Bmr028.H.dialogueact573" starttime="1018.44" endtime="1023.31" type="s" adjacency="58b-2" original-type="s" channel="ca" participant="fe016">
      <nite:child href="Bmr028.H.words.xml#id(Bmr028.w.4,697)..id(Bmr028.w.4,712)"/>
   </dialogueact>
   <dialogueact nite:id="Bmr028.H.dialogueact578" starttime="1023.55" endtime="1024.88" type="s^ba" adjacency="59a" original-type="s^ba" channel="ca" participant="fe016">
      <nite:child href="Bmr028.H.words.xml#id(Bmr028.w.4,713)..id(Bmr028.w.4,720)"/>
   </dialogueact>
   <dialogueact nite:id="Bmr028.H.dialogueact580" starttime="1024.88" endtime="1025.87" type="s^ba.%-" original-type="s^ba.%-" channel="ca" participant="fe016">
      <nite:child href="Bmr028.H.words.xml#id(Bmr028.w.4,721)..id(Bmr028.disfmarker.172)"/>
   </dialogueact>
   <dialogueact nite:id="Bmr028.H.dialogueact600" starttime="1053.89" endtime="1054.25" type="b" original-type="b" channel="ca" participant="fe016">
      <nite:child href="Bmr028.H.words.xml#id(Bmr028.w.4,917)..id(Bmr028.w.4,918)"/>
   </dialogueact>
   <dialogueact nite:id="Bmr028.H.dialogueact601" starttime="1056.01" endtime="1057.7" type="s^na.%-" adjacency="64b" original-type="s^na.%-" channel="ca" participant="fe016">
      <nite:child href="Bmr028.H.words.xml#id(Bmr028.w.4,924)..id(Bmr028.w.4,932)"/>
   </dialogueact>
   <dialogueact nite:id="Bmr028.H.dialogueact607" starttime="1082.78" endtime="1084.21" type="fg|s^ba" original-type="fg|s^ba" channel="ca" participant="fe016">
      <nite:child href="Bmr028.H.words.xml#id(Bmr028.w.5,028)..id(Bmr028.w.5,035)"/>
   </dialogueact>
   <dialogueact nite:id="Bmr028.H.dialogueact610" starttime="1085.98" endtime="1087.17" type="s" original-type="s" channel="ca" participant="fe016">
      <nite:child href="Bmr028.H.words.xml#id(Bmr028.w.5,075)..id(Bmr028.w.5,079)"/>
   </dialogueact>
   <dialogueact nite:id="Bmr028.H.dialogueact612" starttime="1087.17" endtime="1088.37" type="s.%--" original-type="s.%--" channel="ca" participant="fe016">
      <nite:child href="Bmr028.H.words.xml#id(Bmr028.w.5,080)..id(Bmr028.w.5,084)"/>
   </dialogueact>
   <dialogueact nite:id="Bmr028.H.dialogueact616" starttime="1092.81" endtime="1097.35" type="s.%--" original-type="s.%--" channel="ca" participant="fe016">
      <nite:child href="Bmr028.H.words.xml#id(Bmr028.w.5,116)..id(Bmr028.w.5,145)"/>
   </dialogueact>
   <dialogueact nite:id="Bmr028.H.dialogueact618" starttime="1097.48" endtime="1101.15" type="s^ba.%--" original-type="s^ba.%--" channel="ca" participant="fe016">
      <nite:child href="Bmr028.H.words.xml#id(Bmr028.w.5,146)..id(Bmr028.w.5,164)"/>
   </dialogueact>
   <dialogueact nite:id="Bmr028.H.dialogueact621" starttime="1101.53" endtime="1103.86" type="s^ba^cs" original-type="s^ba^cs" channel="ca" participant="fe016">
      <nite:child href="Bmr028.H.words.xml#id(Bmr028.w.5,173)..id(Bmr028.w.5,187)"/>
   </dialogueact>
   <dialogueact nite:id="Bmr028.H.dialogueact637" starttime="1132.46" endtime="1138.13" type="s" original-type="s" channel="ca" participant="fe016">
      <nite:child href="Bmr028.H.words.xml#id(Bmr028.w.5,329)..id(Bmr028.w.5,353)"/>
   </dialogueact>
   <dialogueact nite:id="Bmr028.H.dialogueact643" starttime="1138.13" endtime="1138.27" type="fh" original-type="fh" channel="ca" participant="fe016">
      <nite:child href="Bmr028.H.words.xml#id(Bmr028.w.5,354)..id(Bmr028.disfmarker.210)"/>
   </dialogueact>
   <dialogueact nite:id="Bmr028.H.dialogueact654" starttime="1149.71" endtime="1149.97" type="s^bk" original-type="s^bk" channel="ca" participant="fe016">
      <nite:child href="Bmr028.H.words.xml#id(Bmr028.w.5,426)..id(Bmr028.w.5,427)"/>
   </dialogueact>
   <dialogueact nite:id="Bmr028.H.dialogueact667" starttime="1167.75" endtime="1174.67" comment="FBH" type="s" original-type="s" channel="ca" participant="fe016">
      <nite:child href="Bmr028.H.words.xml#id(Bmr028.w.5,536)..id(Bmr028.w.5,565)"/>
   </dialogueact>
   <dialogueact nite:id="Bmr028.H.dialogueact672" starttime="1176.17" endtime="1176.57" type="%" original-type="%" channel="ca" participant="fe016">
      <nite:child href="Bmr028.H.words.xml#id(Bmr028.w.5,608)..id(Bmr028.w.5,610)"/>
   </dialogueact>
   <dialogueact nite:id="Bmr028.H.dialogueact683" starttime="1189.74" endtime="1190.88" type="qo^cs^j" adjacency="81b-2.82a" original-type="qo^cs^j" channel="ca" participant="fe016">
      <nite:child href="Bmr028.H.words.xml#id(Bmr028.w.5,681)..id(Bmr028.w.5,686)"/>
   </dialogueact>
   <dialogueact nite:id="Bmr028.H.dialogueact691" starttime="1199.4" endtime="1199.68" type="s^rt" original-type="s^rt" channel="ca" participant="fe016">
      <nite:child href="Bmr028.H.words.xml#id(Bmr028.w.5,710)..id(Bmr028.w.5,735)"/>
   </dialogueact>
   <dialogueact nite:id="Bmr028.H.dialogueact706" starttime="1219.6" endtime="1222.82" type="s^ba^j" original-type="s^ba^j" channel="ca" participant="fe016">
      <nite:child href="Bmr028.H.words.xml#id(Bmr028.w.5,853)..id(Bmr028.w.5,868)"/>
   </dialogueact>
   <dialogueact nite:id="Bmr028.H.dialogueact720" starttime="1245.38" endtime="1248.67" type="s^bu" adjacency="6a" original-type="s^bu" channel="ca" participant="fe016">
      <nite:child href="Bmr028.H.words.xml#id(Bmr028.w.5,997)..id(Bmr028.w.6,011)"/>
   </dialogueact>
   <dialogueact nite:id="Bmr028.H.dialogueact722" starttime="1248.67" endtime="1248.88" type="qy^d^g" adjacency="6a+" original-type="qy^d^g" channel="ca" participant="fe016">
      <nite:child href="Bmr028.H.words.xml#id(Bmr028.w.6,012)..id(Bmr028.w.6,013)"/>
   </dialogueact>
   <dialogueact nite:id="Bmr028.H.dialogueact725" starttime="1253.25" endtime="1257.07" type="s^bu" adjacency="7b.8a" original-type="s^bu" channel="ca" participant="fe016">
      <nite:child href="Bmr028.H.words.xml#id(Bmr028.w.6,036)..id(Bmr028.w.6,057)"/>
   </dialogueact>
   <dialogueact nite:id="Bmr028.H.dialogueact726" starttime="1257.07" endtime="1257.72" type="s" original-type="s" channel="ca" participant="fe016">
      <nite:child href="Bmr028.H.words.xml#id(Bmr028.w.6,058)..id(Bmr028.w.6,063)"/>
   </dialogueact>
   <dialogueact nite:id="Bmr028.H.dialogueact729" starttime="1258.99" endtime="1260.63" type="s" original-type="s" channel="ca" participant="fe016">
      <nite:child href="Bmr028.H.words.xml#id(Bmr028.w.6,076)..id(Bmr028.w.6,084)"/>
   </dialogueact>
   <dialogueact nite:id="Bmr028.H.dialogueact732" starttime="1262.05" endtime="1262.61" type="s^e" original-type="s^e" channel="ca" participant="fe016">
      <nite:child href="Bmr028.H.words.xml#id(Bmr028.w.6,110)..id(Bmr028.w.6,111)"/>
   </dialogueact>
   <dialogueact nite:id="Bmr028.H.dialogueact736" starttime="1265.86" endtime="1267.0" type="s.%--" original-type="s.%--" channel="ca" participant="fe016">
      <nite:child href="Bmr028.H.words.xml#id(Bmr028.w.6,118)..id(Bmr028.w.6,128)"/>
   </dialogueact>
   <dialogueact nite:id="Bmr028.H.dialogueact737" starttime="1267.0" endtime="1268.19" type="s^bk" original-type="s^bk" channel="ca" participant="fe016">
      <nite:child href="Bmr028.H.words.xml#id(Bmr028.w.6,129)..id(Bmr028.w.6,133)"/>
   </dialogueact>
   <dialogueact nite:id="Bmr028.H.dialogueact809" starttime="1426.9" endtime="1428.56" type="s^2^j^rt.%-" adjacency="23b.24a" original-type="s^2^j^rt.%-" channel="ca" participant="fe016">
      <nite:child href="Bmr028.H.words.xml#id(Bmr028.w.6,774)..id(Bmr028.w.6,782)"/>
   </dialogueact>
   <dialogueact nite:id="Bmr028.H.dialogueact830" starttime="1479.79" endtime="1480.2" type="b" original-type="b" channel="ca" participant="fe016">
      <nite:child href="Bmr028.H.words.xml#id(Bmr028.w.6,993)..id(Bmr028.w.6,994)"/>
   </dialogueact>
   <dialogueact nite:id="Bmr028.H.dialogueact834" starttime="1485.31" endtime="1489.16" type="s" original-type="s" channel="ca" participant="fe016">
      <nite:child href="Bmr028.H.words.xml#id(Bmr028.w.7,034)..id(Bmr028.w.7,048)"/>
   </dialogueact>
   <dialogueact nite:id="Bmr028.H.dialogueact837" starttime="1490.84" endtime="1496.19" type="s.%--" adjacency="29a" original-type="s.%--" channel="ca" participant="fe016">
      <nite:child href="Bmr028.H.words.xml#id(Bmr028.w.7,054)..id(Bmr028.disfmarker.272)"/>
   </dialogueact>
   <dialogueact nite:id="Bmr028.H.dialogueact839" starttime="1496.44" endtime="1496.84" type="fh" original-type="fh" channel="ca" participant="fe016">
      <nite:child href="Bmr028.H.words.xml#id(Bmr028.w.7,065)..id(Bmr028.disfmarker.273)"/>
   </dialogueact>
   <dialogueact nite:id="Bmr028.H.dialogueact840" starttime="1497.35" endtime="1506.49" type="s" original-type="s" channel="ca" participant="fe016">
      <nite:child href="Bmr028.H.words.xml#id(Bmr028.w.7,075)..id(Bmr028.w.7,115)"/>
   </dialogueact>
   <dialogueact nite:id="Bmr028.H.dialogueact843" starttime="1507.09" endtime="1508.32" type="qw" adjacency="30a" original-type="qw" channel="ca" participant="fe016">
      <nite:child href="Bmr028.H.words.xml#id(Bmr028.w.7,120)..id(Bmr028.w.7,126)"/>
   </dialogueact>
   <dialogueact nite:id="Bmr028.H.dialogueact845" starttime="1510.15" endtime="1511.66" type="s" original-type="s" channel="ca" participant="fe016">
      <nite:child href="Bmr028.H.words.xml#id(Bmr028.w.7,140)..id(Bmr028.w.7,148)"/>
   </dialogueact>
   <dialogueact nite:id="Bmr028.H.dialogueact849" starttime="1516.1" endtime="1518.04" type="fg|s.%-" original-type="fg|s.%-" channel="ca" participant="fe016">
      <nite:child href="Bmr028.H.words.xml#id(Bmr028.w.7,167)..id(Bmr028.w.7,178)"/>
   </dialogueact>
   <dialogueact nite:id="Bmr028.H.dialogueact851" starttime="1518.16" endtime="1519.59" type="fg" original-type="fg" channel="ca" participant="fe016">
      <nite:child href="Bmr028.H.words.xml#id(Bmr028.w.7,179)..id(Bmr028.w.7,183)"/>
   </dialogueact>
   <dialogueact nite:id="Bmr028.H.dialogueact853" starttime="1520.28" endtime="1522.0" type="s" original-type="s" channel="ca" participant="fe016">
      <nite:child href="Bmr028.H.words.xml#id(Bmr028.w.7,206)..id(Bmr028.w.7,213)"/>
   </dialogueact>
   <dialogueact nite:id="Bmr028.H.dialogueact854" starttime="1522.0" endtime="1524.38" type="s" original-type="s" channel="ca" participant="fe016">
      <nite:child href="Bmr028.H.words.xml#id(Bmr028.w.7,214)..id(Bmr028.w.7,223)"/>
   </dialogueact>
   <dialogueact nite:id="Bmr028.H.dialogueact856" starttime="1524.38" endtime="1528.76" type="s.%--" original-type="s.%--" channel="ca" participant="fe016">
      <nite:child href="Bmr028.H.words.xml#id(Bmr028.w.7,224)..id(Bmr028.w.7,243)"/>
   </dialogueact>
   <dialogueact nite:id="Bmr028.H.dialogueact859" starttime="1529.31" endtime="1530.62" type="s" original-type="s" channel="ca" participant="fe016">
      <nite:child href="Bmr028.H.words.xml#id(Bmr028.w.7,263)..id(Bmr028.w.7,271)"/>
   </dialogueact>
   <dialogueact nite:id="Bmr028.H.dialogueact861" starttime="1530.62" endtime="1530.72" type="%--" original-type="%--" channel="ca" participant="fe016">
      <nite:child href="Bmr028.H.words.xml#id(Bmr028.w.7,272)..id(Bmr028.disfmarker.279)"/>
   </dialogueact>
   <dialogueact nite:id="Bmr028.H.dialogueact863" starttime="1532.05" endtime="1533.07" type="b" original-type="b" channel="ca" participant="fe016">
      <nite:child href="Bmr028.H.words.xml#id(Bmr028.w.7,273)..id(Bmr028.w.7,276)"/>
   </dialogueact>
   <dialogueact nite:id="Bmr028.H.dialogueact867" starttime="1538.19" endtime="1540.58" type="s^bk|s.%--" original-type="s^bk|s.%--" channel="ca" participant="fe016">
      <nite:child href="Bmr028.H.words.xml#id(Bmr028.w.7,314)..id(Bmr028.w.7,326)"/>
   </dialogueact>
   <dialogueact nite:id="Bmr028.H.dialogueact869" starttime="1540.58" endtime="1542.15" type="s.%--" original-type="s.%--" channel="ca" participant="fe016">
      <nite:child href="Bmr028.H.words.xml#id(Bmr028.w.7,327)..id(Bmr028.w.7,334)"/>
   </dialogueact>
   <dialogueact nite:id="Bmr028.H.dialogueact871" starttime="1542.15" endtime="1542.39" type="b" original-type="b" channel="ca" participant="fe016">
      <nite:child href="Bmr028.H.words.xml#id(Bmr028.w.7,335)..id(Bmr028.w.7,336)"/>
   </dialogueact>
   <dialogueact nite:id="Bmr028.H.dialogueact872" starttime="1543.1" endtime="1543.89" type="s^aa" adjacency="32b" original-type="s^aa" channel="ca" participant="fe016">
      <nite:child href="Bmr028.H.words.xml#id(Bmr028.w.7,355)..id(Bmr028.w.7,358)"/>
   </dialogueact>
   <dialogueact nite:id="Bmr028.H.dialogueact875" starttime="1544.6" endtime="1546.03" type="s^cs.%-" original-type="s^cs.%-" channel="ca" participant="fe016">
      <nite:child href="Bmr028.H.words.xml#id(Bmr028.w.7,359)..id(Bmr028.disfmarker.287)"/>
   </dialogueact>
   <dialogueact nite:id="Bmr028.H.dialogueact893" starttime="1583.51" endtime="1586.9" type="qy^rt" adjacency="34a" original-type="qy^rt" channel="ca" participant="fe016">
      <nite:child href="Bmr028.H.words.xml#id(Bmr028.w.7,538)..id(Bmr028.w.7,549)"/>
   </dialogueact>
   <dialogueact nite:id="Bmr028.H.dialogueact896" starttime="1591.99" endtime="1595.91" type="s" adjacency="35b.36a" original-type="s" channel="ca" participant="fe016">
      <nite:child href="Bmr028.H.words.xml#id(Bmr028.w.7,577)..id(Bmr028.w.7,594)"/>
   </dialogueact>
   <dialogueact nite:id="Bmr028.H.dialogueact897" starttime="1596.03" endtime="1598.09" type="s^df" adjacency="35b+.36a+" original-type="s^df" channel="ca" participant="fe016">
      <nite:child href="Bmr028.H.words.xml#id(Bmr028.w.7,595)..id(Bmr028.w.7,600)"/>
   </dialogueact>
   <dialogueact nite:id="Bmr028.H.dialogueact899" starttime="1598.09" endtime="1599.11" type="s.%-" original-type="s.%-" channel="ca" participant="fe016">
      <nite:child href="Bmr028.H.words.xml#id(Bmr028.w.7,601)..id(Bmr028.disfmarker.298)"/>
   </dialogueact>
   <dialogueact nite:id="Bmr028.H.dialogueact902" starttime="1599.99" endtime="1600.75" type="s^ar|s^nd.%-" adjacency="38b.39a" original-type="s^ar|s^nd.%-" channel="ca" participant="fe016">
      <nite:child href="Bmr028.H.words.xml#id(Bmr028.w.7,628)..id(Bmr028.w.7,634)"/>
   </dialogueact>
   <dialogueact nite:id="Bmr028.H.dialogueact906" starttime="1601.39" endtime="1602.3" type="s^aa|%-" adjacency="39b" original-type="s^aa|%-" channel="ca" participant="fe016">
      <nite:child href="Bmr028.H.words.xml#id(Bmr028.w.7,642)..id(Bmr028.disfmarker.301)"/>
   </dialogueact>
   <dialogueact nite:id="Bmr028.H.dialogueact908" starttime="1603.61" endtime="1606.14" type="s^aa|s^aap.%-" adjacency="40b" original-type="s^aa|s^aap.%-" channel="ca" participant="fe016">
      <nite:child href="Bmr028.H.words.xml#id(Bmr028.w.7,670)..id(Bmr028.w.7,678)"/>
   </dialogueact>
   <dialogueact nite:id="Bmr028.H.dialogueact912" starttime="1605.0" endtime="1607.0" type="b" original-type="b" channel="ca" participant="fe016">
   </dialogueact>
   <dialogueact nite:id="Bmr028.H.dialogueact914" starttime="1606.14" endtime="1607.31" type="s^m^na|s^aa" adjacency="41b-1" original-type="s^m^na|s^aa" channel="ca" participant="fe016">
      <nite:child href="Bmr028.H.words.xml#id(Bmr028.w.7,679)..id(Bmr028.w.7,683)"/>
   </dialogueact>
   <dialogueact nite:id="Bmr028.H.dialogueact916" starttime="1608.22" endtime="1610.72" type="s.%-" original-type="s.%-" channel="ca" participant="fe016">
      <nite:child href="Bmr028.H.words.xml#id(Bmr028.w.7,728)..id(Bmr028.w.7,737)"/>
   </dialogueact>
   <dialogueact nite:id="Bmr028.H.dialogueact918" starttime="1612.36" endtime="1614.96" type="s^2.%-" adjacency="42b" original-type="s^2.%-" channel="ca" participant="fe016">
      <nite:child href="Bmr028.H.words.xml#id(Bmr028.w.7,740)..id(Bmr028.w.7,746)"/>
   </dialogueact>
   <dialogueact nite:id="Bmr028.H.dialogueact920" starttime="1615.54" endtime="1617.08" type="s^2.%-" adjacency="43b" original-type="s^2.%-" channel="ca" participant="fe016">
      <nite:child href="Bmr028.H.words.xml#id(Bmr028.w.7,761)..id(Bmr028.disfmarker.311)"/>
   </dialogueact>
   <dialogueact nite:id="Bmr028.H.dialogueact924" starttime="1617.71" endtime="1617.98" type="b" original-type="b" channel="ca" participant="fe016">
      <nite:child href="Bmr028.H.words.xml#id(Bmr028.w.7,785)..id(Bmr028.w.7,786)"/>
   </dialogueact>
   <dialogueact nite:id="Bmr028.H.dialogueact929" starttime="1629.4" endtime="1632.2" type="fg|s.%-" original-type="fg|s.%-" channel="ca" participant="fe016">
      <nite:child href="Bmr028.H.words.xml#id(Bmr028.w.7,843)..id(Bmr028.w.7,849)"/>
   </dialogueact>
   <dialogueact nite:id="Bmr028.H.dialogueact936" starttime="1634.11" endtime="1635.7" type="s.%-" original-type="s.%-" channel="ca" participant="fe016">
      <nite:child href="Bmr028.H.words.xml#id(Bmr028.w.7,881)..id(Bmr028.disfmarker.317)"/>
   </dialogueact>
   <dialogueact nite:id="Bmr028.H.dialogueact944" starttime="1642.11" endtime="1644.62" type="s.%-" adjacency="49b-2.50a" original-type="s.%-" channel="ca" participant="fe016">
      <nite:child href="Bmr028.H.words.xml#id(Bmr028.w.7,928)..id(Bmr028.disfmarker.321)"/>
   </dialogueact>
   <dialogueact nite:id="Bmr028.H.dialogueact950" starttime="1652.0" endtime="1653.81" type="s^bk|s^bu" adjacency="53b.54a" original-type="s^bk|s^bu" channel="ca" participant="fe016">
      <nite:child href="Bmr028.H.words.xml#id(Bmr028.w.7,983)..id(Bmr028.w.7,990)"/>
   </dialogueact>
   <dialogueact nite:id="Bmr028.H.dialogueact954" starttime="1654.24" endtime="1655.1" type="fh|s^bk" original-type="fh|s^bk" channel="ca" participant="fe016">
      <nite:child href="Bmr028.H.words.xml#id(Bmr028.w.7,991)..id(Bmr028.w.7,994)"/>
   </dialogueact>
   <dialogueact nite:id="Bmr028.H.dialogueact959" starttime="1659.38" endtime="1659.7" type="b" original-type="b" channel="ca" participant="fe016">
      <nite:child href="Bmr028.H.words.xml#id(Bmr028.w.8,045)..id(Bmr028.w.8,046)"/>
   </dialogueact>
   <dialogueact nite:id="Bmr028.H.dialogueact960" starttime="1659.77" endtime="1661.24" type="%-" original-type="%-" channel="ca" participant="fe016">
      <nite:child href="Bmr028.H.words.xml#id(Bmr028.w.8,047)..id(Bmr028.w.8,048)"/>
   </dialogueact>
   <dialogueact nite:id="Bmr028.H.dialogueact962" starttime="1662.84" endtime="1663.62" type="s^ar|%-" adjacency="56b" original-type="s^ar|%-" channel="ca" participant="fe016">
      <nite:child href="Bmr028.H.words.xml#id(Bmr028.w.8,049)..id(Bmr028.disfmarker.327)"/>
   </dialogueact>
   <dialogueact nite:id="Bmr028.H.dialogueact964" starttime="1665.28" endtime="1666.17" type="s.%-" original-type="s.%-" channel="ca" participant="fe016">
      <nite:child href="Bmr028.H.words.xml#id(Bmr028.w.8,054)..id(Bmr028.disfmarker.330)"/>
   </dialogueact>
   <dialogueact nite:id="Bmr028.H.dialogueact965" starttime="1666.17" endtime="1667.63" type="qo^cs" original-type="qo^cs" channel="ca" participant="fe016">
      <nite:child href="Bmr028.H.words.xml#id(Bmr028.w.8,060)..id(Bmr028.w.8,064)"/>
   </dialogueact>
   <dialogueact nite:id="Bmr028.H.dialogueact973" starttime="1686.56" endtime="1686.99" type="b" original-type="b" channel="ca" participant="fe016">
      <nite:child href="Bmr028.H.words.xml#id(Bmr028.w.8,156)..id(Bmr028.w.8,157)"/>
   </dialogueact>
   <dialogueact nite:id="Bmr028.H.dialogueact986" starttime="1697.62" endtime="1698.01" type="b" original-type="b" channel="ca" participant="fe016">
      <nite:child href="Bmr028.H.words.xml#id(Bmr028.w.8,226)..id(Bmr028.w.8,227)"/>
   </dialogueact>
   <dialogueact nite:id="Bmr028.H.dialogueact988" starttime="1698.23" endtime="1700.2" type="fg|s^cs.%-" original-type="fg|s^cs.%-" channel="ca" participant="fe016">
      <nite:child href="Bmr028.H.words.xml#id(Bmr028.w.8,228)..id(Bmr028.w.8,234)"/>
   </dialogueact>
   <dialogueact nite:id="Bmr028.H.dialogueact991" starttime="1700.2" endtime="1701.51" type="s^ar|s^cs" adjacency="60b.61a" original-type="s^ar|s^cs" channel="ca" participant="fe016">
      <nite:child href="Bmr028.H.words.xml#id(Bmr028.w.8,235)..id(Bmr028.w.8,241)"/>
   </dialogueact>
   <dialogueact nite:id="Bmr028.H.dialogueact993" starttime="1701.51" endtime="1702.3" type="s.%--" original-type="s.%--" channel="ca" participant="fe016">
      <nite:child href="Bmr028.H.words.xml#id(Bmr028.w.8,242)..id(Bmr028.w.8,245)"/>
   </dialogueact>
   <dialogueact nite:id="Bmr028.H.dialogueact1009" starttime="1752.17" endtime="1756.12" type="s" original-type="s" channel="ca" participant="fe016">
      <nite:child href="Bmr028.H.words.xml#id(Bmr028.w.8,459)..id(Bmr028.w.8,471)"/>
   </dialogueact>
   <dialogueact nite:id="Bmr028.H.dialogueact1011" starttime="1756.12" endtime="1770.21" type="s" adjacency="64a" original-type="s" channel="ca" participant="fe016">
      <nite:child href="Bmr028.H.words.xml#id(Bmr028.w.8,472)..id(Bmr028.w.8,528)"/>
   </dialogueact>
   <dialogueact nite:id="Bmr028.H.dialogueact1017" starttime="1776.66" endtime="1782.15" type="s" adjacency="65a" original-type="s" channel="ca" participant="fe016">
      <nite:child href="Bmr028.H.words.xml#id(Bmr028.w.8,575)..id(Bmr028.w.8,598)"/>
   </dialogueact>
   <dialogueact nite:id="Bmr028.H.dialogueact1020" starttime="1788.41" endtime="1790.75" type="s^ng.%--" adjacency="66b.67a" original-type="s^ng.%--" channel="ca" participant="fe016">
      <nite:child href="Bmr028.H.words.xml#id(Bmr028.w.8,629)..id(Bmr028.disfmarker.352)"/>
   </dialogueact>
   <dialogueact nite:id="Bmr028.H.dialogueact1022" starttime="1793.94" endtime="1801.51" type="s" adjacency="68a" original-type="s" channel="ca" participant="fe016">
      <nite:child href="Bmr028.H.words.xml#id(Bmr028.w.8,646)..id(Bmr028.w.8,682)"/>
   </dialogueact>
   <dialogueact nite:id="Bmr028.H.dialogueact1024" starttime="1803.75" endtime="1809.76" type="s" adjacency="1b.2a" original-type="s" channel="ca" participant="fe016">
      <nite:child href="Bmr028.H.words.xml#id(Bmr028.w.8,702)..id(Bmr028.w.8,720)"/>
   </dialogueact>
   <dialogueact nite:id="Bmr028.H.dialogueact1029" starttime="1809.76" endtime="1810.01" type="fh" original-type="fh" channel="ca" participant="fe016">
      <nite:child href="Bmr028.H.words.xml#id(Bmr028.w.8,721)..id(Bmr028.disfmarker.355)"/>
   </dialogueact>
   <dialogueact nite:id="Bmr028.H.dialogueact1032" starttime="1812.25" endtime="1813.38" type="s^aa" adjacency="3b" original-type="s^aa" channel="ca" participant="fe016">
      <nite:child href="Bmr028.H.words.xml#id(Bmr028.w.8,753)..id(Bmr028.w.8,756)"/>
   </dialogueact>
   <dialogueact nite:id="Bmr028.H.dialogueact1035" starttime="1818.82" endtime="1820.89" type="s" adjacency="4b" original-type="s" channel="ca" participant="fe016">
      <nite:child href="Bmr028.H.words.xml#id(Bmr028.w.8,813)..id(Bmr028.w.8,824)"/>
   </dialogueact>
   <dialogueact nite:id="Bmr028.H.dialogueact1038" starttime="1826.92" endtime="1830.86" type="s^aap^cs" adjacency="5a" original-type="s^aap^cs" channel="ca" participant="fe016">
      <nite:child href="Bmr028.H.words.xml#id(Bmr028.w.8,852)..id(Bmr028.w.8,865)"/>
   </dialogueact>
   <dialogueact nite:id="Bmr028.H.dialogueact1039" starttime="1830.86" endtime="1838.83" type="s" original-type="s" channel="ca" participant="fe016">
      <nite:child href="Bmr028.H.words.xml#id(Bmr028.w.8,866)..id(Bmr028.w.8,899)"/>
   </dialogueact>
   <dialogueact nite:id="Bmr028.H.dialogueact1042" starttime="1838.83" endtime="1841.07" type="s" original-type="s" channel="ca" participant="fe016">
      <nite:child href="Bmr028.H.words.xml#id(Bmr028.w.8,900)..id(Bmr028.w.8,911)"/>
   </dialogueact>
   <dialogueact nite:id="Bmr028.H.dialogueact1043" starttime="1841.07" endtime="1843.48" type="s^cs" original-type="s^cs" channel="ca" participant="fe016">
      <nite:child href="Bmr028.H.words.xml#id(Bmr028.w.8,912)..id(Bmr028.w.8,921)"/>
   </dialogueact>
   <dialogueact nite:id="Bmr028.H.dialogueact1046" starttime="1843.48" endtime="1845.36" type="s^df" original-type="s^df" channel="ca" participant="fe016">
      <nite:child href="Bmr028.H.words.xml#id(Bmr028.w.8,922)..id(Bmr028.w.8,932)"/>
   </dialogueact>
   <dialogueact nite:id="Bmr028.H.dialogueact1047" starttime="1845.36" endtime="1848.21" type="s" adjacency="6a" original-type="s" channel="ca" participant="fe016">
      <nite:child href="Bmr028.H.words.xml#id(Bmr028.w.8,933)..id(Bmr028.w.8,953)"/>
   </dialogueact>
   <dialogueact nite:id="Bmr028.H.dialogueact1051" starttime="1848.48" endtime="1849.89" type="s^e^rt" original-type="s^e^rt" channel="ca" participant="fe016">
      <nite:child href="Bmr028.H.words.xml#id(Bmr028.w.8,954)..id(Bmr028.w.8,961)"/>
   </dialogueact>
   <dialogueact nite:id="Bmr028.H.dialogueact1052" starttime="1849.89" endtime="1850.1" type="%--" original-type="%--" channel="ca" participant="fe016">
      <nite:child href="Bmr028.H.words.xml#id(Bmr028.w.8,962)..id(Bmr028.disfmarker.367)"/>
   </dialogueact>
   <dialogueact nite:id="Bmr028.H.dialogueact1055" starttime="1854.16" endtime="1856.23" type="s^aa|s" adjacency="7b" original-type="s^aa|s" channel="ca" participant="fe016">
      <nite:child href="Bmr028.H.words.xml#id(Bmr028.w.9,012)..id(Bmr028.w.9,018)"/>
   </dialogueact>
   <dialogueact nite:id="Bmr028.H.dialogueact1059" starttime="1857.92" endtime="1862.24" type="fg|s" adjacency="8b" original-type="fg|s" channel="ca" participant="fe016">
      <nite:child href="Bmr028.H.words.xml#id(Bmr028.w.9,032)..id(Bmr028.w.9,045)"/>
   </dialogueact>
   <dialogueact nite:id="Bmr028.H.dialogueact1061" starttime="1862.24" endtime="1865.25" type="s" original-type="s" channel="ca" participant="fe016">
      <nite:child href="Bmr028.H.words.xml#id(Bmr028.w.9,046)..id(Bmr028.disfmarker.372)"/>
   </dialogueact>
   <dialogueact nite:id="Bmr028.H.dialogueact1074" starttime="1878.84" endtime="1879.11" type="s^bk" original-type="s^bk" channel="ca" participant="fe016">
      <nite:child href="Bmr028.H.words.xml#id(Bmr028.w.9,130)..id(Bmr028.w.9,131)"/>
   </dialogueact>
   <dialogueact nite:id="Bmr028.H.dialogueact1077" starttime="1879.31" endtime="1879.95" type="b" original-type="b" channel="ca" participant="fe016">
   </dialogueact>
   <dialogueact nite:id="Bmr028.H.dialogueact1083" starttime="1889.76" endtime="1890.18" type="b" original-type="b" channel="ca" participant="fe016">
      <nite:child href="Bmr028.H.words.xml#id(Bmr028.w.9,227)..id(Bmr028.w.9,228)"/>
   </dialogueact>
   <dialogueact nite:id="Bmr028.H.dialogueact1087" starttime="1893.96" endtime="1894.33" type="b" original-type="b" channel="ca" participant="fe016">
      <nite:child href="Bmr028.H.words.xml#id(Bmr028.w.9,235)..id(Bmr028.w.9,238)"/>
   </dialogueact>
   <dialogueact nite:id="Bmr028.H.dialogueact1134" starttime="1949.24" endtime="1949.68" type="b" original-type="b" channel="ca" participant="fe016">
      <nite:child href="Bmr028.H.words.xml#id(Bmr028.w.9,553)..id(Bmr028.w.9,556)"/>
   </dialogueact>
   <dialogueact nite:id="Bmr028.H.dialogueact1187" starttime="2054.99" endtime="2055.69" type="s^fa" adjacency="33b-2" original-type="s^fa" channel="ca" participant="fe016">
      <nite:child href="Bmr028.H.words.xml#id(Bmr028.w.10,051)..id(Bmr028.w.10,053)"/>
   </dialogueact>
   <dialogueact nite:id="Bmr028.H.dialogueact1189" starttime="2056.35" endtime="2057.3" type="qy^bu^d^rt" adjacency="33b-2+.34a" original-type="qy^bu^d^rt" channel="ca" participant="fe016">
      <nite:child href="Bmr028.H.words.xml#id(Bmr028.w.10,055)..id(Bmr028.w.10,058)"/>
   </dialogueact>
   <dialogueact nite:id="Bmr028.H.dialogueact1192" starttime="2062.81" endtime="2068.52" type="s^bk|s" adjacency="35b.36a" original-type="s^bk|s" channel="ca" participant="fe016">
      <nite:child href="Bmr028.H.words.xml#id(Bmr028.w.10,080)..id(Bmr028.w.10,096)"/>
   </dialogueact>
   <dialogueact nite:id="Bmr028.H.dialogueact1198" starttime="2071.35" endtime="2071.58" type="%--" original-type="%--" channel="ca" participant="fe016">
      <nite:child href="Bmr028.H.words.xml#id(Bmr028.w.10,143)"/>
   </dialogueact>
   <dialogueact nite:id="Bmr028.H.dialogueact1199" starttime="2071.58" endtime="2071.91" type="%-" original-type="%-" channel="ca" participant="fe016">
      <nite:child href="Bmr028.H.words.xml#id(Bmr028.w.10,144)"/>
   </dialogueact>
   <dialogueact nite:id="Bmr028.H.dialogueact1200" starttime="2073.01" endtime="2076.16" type="s^nd.%-" adjacency="39b" original-type="s^nd.%-" channel="ca" participant="fe016">
      <nite:child href="Bmr028.H.words.xml#id(Bmr028.w.10,145)..id(Bmr028.disfmarker.424)"/>
   </dialogueact>
   <dialogueact nite:id="Bmr028.H.dialogueact1211" starttime="2092.55" endtime="2094.95" type="fg|s" adjacency="43a" original-type="fg|s" channel="ca" participant="fe016">
      <nite:child href="Bmr028.H.words.xml#id(Bmr028.w.10,285)..id(Bmr028.w.10,295)"/>
   </dialogueact>
   <dialogueact nite:id="Bmr028.H.dialogueact1213" starttime="2094.95" endtime="2103.35" type="s^cs" adjacency="44a" original-type="s^cs" channel="ca" participant="fe016">
      <nite:child href="Bmr028.H.words.xml#id(Bmr028.w.10,296)..id(Bmr028.w.10,341)"/>
   </dialogueact>
   <dialogueact nite:id="Bmr028.H.dialogueact1217" starttime="2103.99" endtime="2105.18" type="%--" original-type="%--" channel="ca" participant="fe016">
      <nite:child href="Bmr028.H.words.xml#id(Bmr028.w.10,369)..id(Bmr028.w.10,371)"/>
   </dialogueact>
   <dialogueact nite:id="Bmr028.H.dialogueact1223" starttime="2107.72" endtime="2113.14" type="s^rt" adjacency="56b.47a" original-type="s^rt" channel="ca" participant="fe016">
      <nite:child href="Bmr028.H.words.xml#id(Bmr028.w.10,395)..id(Bmr028.w.10,411)"/>
   </dialogueact>
   <dialogueact nite:id="Bmr028.H.dialogueact1224" starttime="2113.14" endtime="2115.82" type="s^df" original-type="s^df" channel="ca" participant="fe016">
      <nite:child href="Bmr028.H.words.xml#id(Bmr028.w.10,412)..id(Bmr028.w.10,424)"/>
   </dialogueact>
   <dialogueact nite:id="Bmr028.H.dialogueact1227" starttime="2115.82" endtime="2116.13" type="%--" original-type="%--" channel="ca" participant="fe016">
      <nite:child href="Bmr028.H.words.xml#id(Bmr028.w.10,425)..id(Bmr028.disfmarker.442)"/>
   </dialogueact>
   <dialogueact nite:id="Bmr028.H.dialogueact1228" starttime="2116.76" endtime="2119.69" type="s" original-type="s" channel="ca" participant="fe016">
      <nite:child href="Bmr028.H.words.xml#id(Bmr028.w.10,443)..id(Bmr028.w.10,458)"/>
   </dialogueact>
   <dialogueact nite:id="Bmr028.H.dialogueact1253" starttime="2172.7" endtime="2177.84" type="qy^rt" adjacency="54b" original-type="qy^rt" channel="ca" participant="fe016">
      <nite:child href="Bmr028.H.words.xml#id(Bmr028.w.10,668)..id(Bmr028.w.10,686)"/>
   </dialogueact>
   <dialogueact nite:id="Bmr028.H.dialogueact1254" starttime="2177.88" endtime="2180.88" type="s" adjacency="55a" original-type="s" channel="ca" participant="fe016">
      <nite:child href="Bmr028.H.words.xml#id(Bmr028.w.10,687)..id(Bmr028.w.10,701)"/>
   </dialogueact>
   <dialogueact nite:id="Bmr028.H.dialogueact1255" starttime="2180.88" endtime="2182.37" type="s" adjacency="55a+" original-type="s" channel="ca" participant="fe016">
      <nite:child href="Bmr028.H.words.xml#id(Bmr028.w.10,702)..id(Bmr028.w.10,710)"/>
   </dialogueact>
   <dialogueact nite:id="Bmr028.H.dialogueact1262" starttime="2197.62" endtime="2199.6" type="s^bu" adjacency="58b.59a" original-type="s^bu" channel="ca" participant="fe016">
      <nite:child href="Bmr028.H.words.xml#id(Bmr028.w.10,769)..id(Bmr028.w.10,782)"/>
   </dialogueact>
   <dialogueact nite:id="Bmr028.H.dialogueact1265" starttime="2201.46" endtime="2204.05" type="s^bu.%-" adjacency="60b.61a" original-type="s^bu.%-" channel="ca" participant="fe016">
      <nite:child href="Bmr028.H.words.xml#id(Bmr028.w.10,793)..id(Bmr028.disfmarker.463)"/>
   </dialogueact>
   <dialogueact nite:id="Bmr028.H.dialogueact1267" starttime="2204.05" endtime="2204.4" type="s^bk" adjacency="62b" original-type="s^bk" channel="ca" participant="fe016">
      <nite:child href="Bmr028.H.words.xml#id(Bmr028.w.10,809)..id(Bmr028.w.10,813)"/>
   </dialogueact>
   <dialogueact nite:id="Bmr028.H.dialogueact1268" starttime="2204.4" endtime="2205.34" type="s.%--" original-type="s.%--" channel="ca" participant="fe016">
      <nite:child href="Bmr028.H.words.xml#id(Bmr028.w.10,814)..id(Bmr028.disfmarker.464)"/>
   </dialogueact>
   <dialogueact nite:id="Bmr028.H.dialogueact1269" starttime="2206.18" endtime="2209.56" type="s.%--" adjacency="63a" original-type="s.%--" channel="ca" participant="fe016">
      <nite:child href="Bmr028.H.words.xml#id(Bmr028.w.10,824)..id(Bmr028.disfmarker.465)"/>
   </dialogueact>
   <dialogueact nite:id="Bmr028.H.dialogueact1271" starttime="2210.34" endtime="2213.34" type="s" original-type="s" channel="ca" participant="fe016">
      <nite:child href="Bmr028.H.words.xml#id(Bmr028.w.10,844)..id(Bmr028.w.10,865)"/>
   </dialogueact>
   <dialogueact nite:id="Bmr028.H.dialogueact1272" starttime="2214.24" endtime="2217.86" type="s" adjacency="64a" original-type="s" channel="ca" participant="fe016">
      <nite:child href="Bmr028.H.words.xml#id(Bmr028.w.10,866)..id(Bmr028.w.10,880)"/>
   </dialogueact>
   <dialogueact nite:id="Bmr028.H.dialogueact1273" starttime="2217.86" endtime="2218.05" type="%--" original-type="%--" channel="ca" participant="fe016">
      <nite:child href="Bmr028.H.words.xml#id(Bmr028.w.10,881)..id(Bmr028.disfmarker.467)"/>
   </dialogueact>
   <dialogueact nite:id="Bmr028.H.dialogueact1278" starttime="2229.21" endtime="2230.37" type="b" original-type="b" channel="ca" participant="fe016">
      <nite:child href="Bmr028.H.words.xml#id(Bmr028.w.10,931)..id(Bmr028.w.10,935)"/>
   </dialogueact>
   <dialogueact nite:id="Bmr028.H.dialogueact1279" starttime="2231.87" endtime="2235.62" type="s" adjacency="66b" original-type="s" channel="ca" participant="fe016">
      <nite:child href="Bmr028.H.words.xml#id(Bmr028.w.10,945)..id(Bmr028.w.10,964)"/>
   </dialogueact>
   <dialogueact nite:id="Bmr028.H.dialogueact1281" starttime="2235.62" endtime="2236.35" type="s" original-type="s" channel="ca" participant="fe016">
      <nite:child href="Bmr028.H.words.xml#id(Bmr028.w.10,965)..id(Bmr028.w.10,968)"/>
   </dialogueact>
   <dialogueact nite:id="Bmr028.H.dialogueact1285" starttime="2243.27" endtime="2245.08" type="%-" original-type="%-" channel="ca" participant="fe016">
      <nite:child href="Bmr028.H.words.xml#id(Bmr028.w.11,027)..id(Bmr028.w.11,033)"/>
   </dialogueact>
   <dialogueact nite:id="Bmr028.H.dialogueact1287" starttime="2245.08" endtime="2245.62" type="%-" original-type="%-" channel="ca" participant="fe016">
      <nite:child href="Bmr028.H.words.xml#id(Bmr028.w.11,034)..id(Bmr028.disfmarker.473)"/>
   </dialogueact>
   <dialogueact nite:id="Bmr028.H.dialogueact1288" starttime="2246.31" endtime="2246.67" type="s^aa" adjacency="68b" original-type="s^aa" channel="ca" participant="fe016">
      <nite:child href="Bmr028.H.words.xml#id(Bmr028.w.11,036)..id(Bmr028.w.11,037)"/>
   </dialogueact>
   <dialogueact nite:id="Bmr028.H.dialogueact1291" starttime="2254.52" endtime="2254.68" type="b" original-type="b" channel="ca" participant="fe016">
      <nite:child href="Bmr028.H.words.xml#id(Bmr028.w.11,072)..id(Bmr028.w.11,073)"/>
   </dialogueact>
   <dialogueact nite:id="Bmr028.H.dialogueact1300" starttime="2269.07" endtime="2269.45" type="b" original-type="b" channel="ca" participant="fe016">
      <nite:child href="Bmr028.H.words.xml#id(Bmr028.w.11,130)..id(Bmr028.w.11,133)"/>
   </dialogueact>
   <dialogueact nite:id="Bmr028.H.dialogueact1315" starttime="2311.47" endtime="2314.6" type="s" adjacency="74b-1" original-type="s" channel="ca" participant="fe016">
      <nite:child href="Bmr028.H.words.xml#id(Bmr028.w.11,309)..id(Bmr028.w.11,322)"/>
   </dialogueact>
   <dialogueact nite:id="Bmr028.H.dialogueact1317" starttime="2314.6" endtime="2332.33" type="s^df" adjacency="75a" original-type="s^df" channel="ca" participant="fe016">
      <nite:child href="Bmr028.H.words.xml#id(Bmr028.w.11,323)..id(Bmr028.w.11,424)"/>
   </dialogueact>
   <dialogueact nite:id="Bmr028.H.dialogueact1319" starttime="2332.44" endtime="2333.19" type="fh" original-type="fh" channel="ca" participant="fe016">
      <nite:child href="Bmr028.H.words.xml#id(Bmr028.w.11,425)"/>
   </dialogueact>
   <dialogueact nite:id="Bmr028.H.dialogueact1320" starttime="2334.39" endtime="2334.91" type="s^bk" adjacency="76b" original-type="s^bk" channel="ca" participant="fe016">
      <nite:child href="Bmr028.H.words.xml#id(Bmr028.w.11,426)..id(Bmr028.w.11,427)"/>
   </dialogueact>
   <dialogueact nite:id="Bmr028.H.dialogueact1336" starttime="2388.29" endtime="2390.95" type="s^ba^df" adjacency="80b" original-type="s^ba^df" channel="ca" participant="fe016">
      <nite:child href="Bmr028.H.words.xml#id(Bmr028.w.11,668)..id(Bmr028.w.11,680)"/>
   </dialogueact>
   <dialogueact nite:id="Bmr028.H.dialogueact1339" starttime="2390.95" endtime="2396.74" type="s" adjacency="82a" original-type="s" channel="ca" participant="fe016">
      <nite:child href="Bmr028.H.words.xml#id(Bmr028.w.11,681)..id(Bmr028.w.11,710)"/>
   </dialogueact>
   <dialogueact nite:id="Bmr028.H.dialogueact1342" starttime="2397.02" endtime="2398.82" type="s" adjacency="83a" original-type="s" channel="ca" participant="fe016">
      <nite:child href="Bmr028.H.words.xml#id(Bmr028.w.11,711)..id(Bmr028.w.11,717)"/>
   </dialogueact>
   <dialogueact nite:id="Bmr028.H.dialogueact1343" starttime="2398.82" endtime="2399.98" type="s.%-" original-type="s.%-" channel="ca" participant="fe016">
      <nite:child href="Bmr028.H.words.xml#id(Bmr028.w.11,718)..id(Bmr028.disfmarker.511)"/>
   </dialogueact>
   <dialogueact nite:id="Bmr028.H.dialogueact1359" starttime="2460.84" endtime="2461.85" type="s^df" original-type="s^df" channel="ca" participant="fe016">
      <nite:child href="Bmr028.H.words.xml#id(Bmr028.w.12,003)..id(Bmr028.w.12,008)"/>
   </dialogueact>
   <dialogueact nite:id="Bmr028.H.dialogueact1360" starttime="2461.85" endtime="2465.06" type="s^df" adjacency="3a" original-type="s^df" channel="ca" participant="fe016">
      <nite:child href="Bmr028.H.words.xml#id(Bmr028.w.12,009)..id(Bmr028.w.12,022)"/>
   </dialogueact>
   <dialogueact nite:id="Bmr028.H.dialogueact1361" starttime="2465.06" endtime="2468.16" type="s^df" adjacency="3a+" original-type="s^df" channel="ca" participant="fe016">
      <nite:child href="Bmr028.H.words.xml#id(Bmr028.w.12,023)..id(Bmr028.w.12,031)"/>
   </dialogueact>
   <dialogueact nite:id="Bmr028.H.dialogueact1362" starttime="2468.16" endtime="2469.31" type="s.%-" original-type="s.%-" channel="ca" participant="fe016">
      <nite:child href="Bmr028.H.words.xml#id(Bmr028.w.12,032)..id(Bmr028.disfmarker.529)"/>
   </dialogueact>
   <dialogueact nite:id="Bmr028.H.dialogueact1365" starttime="2469.91" endtime="2470.93" type="s^aa|%-" adjacency="4b-1" original-type="s^aa|%-" channel="ca" participant="fe016">
      <nite:child href="Bmr028.H.words.xml#id(Bmr028.w.12,044)..id(Bmr028.w.12,050)"/>
   </dialogueact>
   <dialogueact nite:id="Bmr028.H.dialogueact1367" starttime="2471.77" endtime="2472.99" type="s^df^nd" adjacency="4b-2.5a" original-type="s^df^nd" channel="ca" participant="fe016">
      <nite:child href="Bmr028.H.words.xml#id(Bmr028.w.12,051)..id(Bmr028.w.12,055)"/>
   </dialogueact>
   <dialogueact nite:id="Bmr028.H.dialogueact1368" starttime="2472.99" endtime="2479.71" type="s" original-type="s" channel="ca" participant="fe016">
      <nite:child href="Bmr028.H.words.xml#id(Bmr028.w.12,056)..id(Bmr028.w.12,076)"/>
   </dialogueact>
   <dialogueact nite:id="Bmr028.H.dialogueact1369" starttime="2479.71" endtime="2481.76" type="s" original-type="s" channel="ca" participant="fe016">
      <nite:child href="Bmr028.H.words.xml#id(Bmr028.w.12,077)..id(Bmr028.w.12,090)"/>
   </dialogueact>
   <dialogueact nite:id="Bmr028.H.dialogueact1370" starttime="2481.76" endtime="2483.2" type="s" original-type="s" channel="ca" participant="fe016">
      <nite:child href="Bmr028.H.words.xml#id(Bmr028.w.12,091)..id(Bmr028.w.12,099)"/>
   </dialogueact>
   <dialogueact nite:id="Bmr028.H.dialogueact1371" starttime="2483.69" endtime="2487.59" type="s" original-type="s" channel="ca" participant="fe016">
      <nite:child href="Bmr028.H.words.xml#id(Bmr028.w.12,100)..id(Bmr028.w.12,121)"/>
   </dialogueact>
   <dialogueact nite:id="Bmr028.H.dialogueact1372" starttime="2487.59" endtime="2488.14" type="%--" original-type="%--" channel="ca" participant="fe016">
      <nite:child href="Bmr028.H.words.xml#id(Bmr028.w.12,122)..id(Bmr028.disfmarker.532)"/>
   </dialogueact>
   <dialogueact nite:id="Bmr028.H.dialogueact1373" starttime="2488.74" endtime="2494.76" type="s" adjacency="6a" original-type="s" channel="ca" participant="fe016">
      <nite:child href="Bmr028.H.words.xml#id(Bmr028.w.12,125)..id(Bmr028.w.12,142)"/>
   </dialogueact>
   <dialogueact nite:id="Bmr028.H.dialogueact1375" starttime="2494.76" endtime="2500.21" type="s" original-type="s" channel="ca" participant="fe016">
      <nite:child href="Bmr028.H.words.xml#id(Bmr028.w.12,143)..id(Bmr028.w.12,161)"/>
   </dialogueact>
   <dialogueact nite:id="Bmr028.H.dialogueact1377" starttime="2500.21" endtime="2500.62" type="%--" original-type="%--" channel="ca" participant="fe016">
      <nite:child href="Bmr028.H.words.xml#id(Bmr028.w.12,162)..id(Bmr028.disfmarker.533)"/>
   </dialogueact>
   <dialogueact nite:id="Bmr028.H.dialogueact1379" starttime="2501.34" endtime="2505.51" type="s" original-type="s" channel="ca" participant="fe016">
      <nite:child href="Bmr028.H.words.xml#id(Bmr028.w.12,175)..id(Bmr028.w.12,207)"/>
   </dialogueact>
   <dialogueact nite:id="Bmr028.H.dialogueact1427" starttime="2605.42" endtime="2609.02" type="s^aa|s.%--" adjacency="16b" original-type="s^aa|s.%--" channel="ca" participant="fe016">
      <nite:child href="Bmr028.H.words.xml#id(Bmr028.w.12,675)..id(Bmr028.w.12,692)"/>
   </dialogueact>
   <dialogueact nite:id="Bmr028.H.dialogueact1430" starttime="2609.95" endtime="2614.08" type="s^cs" adjacency="19a" original-type="s^cs" channel="ca" participant="fe016">
      <nite:child href="Bmr028.H.words.xml#id(Bmr028.w.12,703)..id(Bmr028.w.12,725)"/>
   </dialogueact>
   <dialogueact nite:id="Bmr028.H.dialogueact1432" starttime="2614.08" endtime="2614.29" type="%-" original-type="%-" channel="ca" participant="fe016">
      <nite:child href="Bmr028.H.words.xml#id(Bmr028.w.12,726)"/>
   </dialogueact>
   <dialogueact nite:id="Bmr028.H.dialogueact1433" starttime="2615.76" endtime="2616.01" type="%-" original-type="%-" channel="ca" participant="fe016">
      <nite:child href="Bmr028.H.words.xml#id(Bmr028.w.12,752)..id(Bmr028.disfmarker.559)"/>
   </dialogueact>
   <dialogueact nite:id="Bmr028.H.dialogueact1438" starttime="2618.71" endtime="2619.02" type="b" original-type="b" channel="ca" participant="fe016">
      <nite:child href="Bmr028.H.words.xml#id(Bmr028.w.12,764)..id(Bmr028.w.12,765)"/>
   </dialogueact>
   <dialogueact nite:id="Bmr028.H.dialogueact1444" starttime="2624.37" endtime="2628.62" type="s" original-type="s" channel="ca" participant="fe016">
      <nite:child href="Bmr028.H.words.xml#id(Bmr028.w.12,797)..id(Bmr028.w.12,815)"/>
   </dialogueact>
   <dialogueact nite:id="Bmr028.H.dialogueact1446" starttime="2628.62" endtime="2636.38" type="s" adjacency="23a" original-type="s" channel="ca" participant="fe016">
      <nite:child href="Bmr028.H.words.xml#id(Bmr028.w.12,816)..id(Bmr028.w.12,864)"/>
   </dialogueact>
   <dialogueact nite:id="Bmr028.H.dialogueact1449" starttime="2636.38" endtime="2644.57" type="s" original-type="s" channel="ca" participant="fe016">
      <nite:child href="Bmr028.H.words.xml#id(Bmr028.w.12,865)..id(Bmr028.w.12,899)"/>
   </dialogueact>
   <dialogueact nite:id="Bmr028.H.dialogueact1451" starttime="2644.57" endtime="2644.67" type="%-" original-type="%-" channel="ca" participant="fe016">
      <nite:child href="Bmr028.H.words.xml#id(Bmr028.w.12,900)..id(Bmr028.disfmarker.565)"/>
   </dialogueact>
   <dialogueact nite:id="Bmr028.H.dialogueact1459" starttime="2657.83" endtime="2658.92" type="%-" original-type="%-" channel="ca" participant="fe016">
      <nite:child href="Bmr028.H.words.xml#id(Bmr028.w.12,978)..id(Bmr028.disfmarker.572)"/>
   </dialogueact>
   <dialogueact nite:id="Bmr028.H.dialogueact1538" starttime="2854.03" endtime="2862.29" type="s" original-type="s" channel="ca" participant="fe016">
      <nite:child href="Bmr028.H.words.xml#id(Bmr028.w.13,988)..id(Bmr028.w.14,011)"/>
   </dialogueact>
   <dialogueact nite:id="Bmr028.H.dialogueact1539" starttime="2862.46" endtime="2867.48" type="s" original-type="s" channel="ca" participant="fe016">
      <nite:child href="Bmr028.H.words.xml#id(Bmr028.w.14,012)..id(Bmr028.w.14,030)"/>
   </dialogueact>
   <dialogueact nite:id="Bmr028.H.dialogueact1540" starttime="2867.48" endtime="2870.86" type="s" original-type="s" channel="ca" participant="fe016">
      <nite:child href="Bmr028.H.words.xml#id(Bmr028.w.14,031)..id(Bmr028.w.14,050)"/>
   </dialogueact>
   <dialogueact nite:id="Bmr028.H.dialogueact1541" starttime="2870.86" endtime="2875.44" type="s" original-type="s" channel="ca" participant="fe016">
      <nite:child href="Bmr028.H.words.xml#id(Bmr028.w.14,051)..id(Bmr028.w.14,073)"/>
   </dialogueact>
   <dialogueact nite:id="Bmr028.H.dialogueact1543" starttime="2875.44" endtime="2878.07" type="s" original-type="s" channel="ca" participant="fe016">
      <nite:child href="Bmr028.H.words.xml#id(Bmr028.w.14,074)..id(Bmr028.w.14,082)"/>
   </dialogueact>
   <dialogueact nite:id="Bmr028.H.dialogueact1544" starttime="2878.07" endtime="2879.98" type="s^df" original-type="s^df" channel="ca" participant="fe016">
      <nite:child href="Bmr028.H.words.xml#id(Bmr028.w.14,083)..id(Bmr028.w.14,090)"/>
   </dialogueact>
   <dialogueact nite:id="Bmr028.H.dialogueact1545" starttime="2880.09" endtime="2880.82" type="s.%--" original-type="s.%--" channel="ca" participant="fe016">
      <nite:child href="Bmr028.H.words.xml#id(Bmr028.w.14,091)..id(Bmr028.disfmarker.618)"/>
   </dialogueact>
   <dialogueact nite:id="Bmr028.H.dialogueact1546" starttime="2881.5" endtime="2883.93" type="s.%-" original-type="s.%-" channel="ca" participant="fe016">
      <nite:child href="Bmr028.H.words.xml#id(Bmr028.w.14,095)..id(Bmr028.disfmarker.620)"/>
   </dialogueact>
   <dialogueact nite:id="Bmr028.H.dialogueact1549" starttime="2885.64" endtime="2886.58" type="%-" original-type="%-" channel="ca" participant="fe016">
      <nite:child href="Bmr028.H.words.xml#id(Bmr028.w.14,130)..id(Bmr028.disfmarker.624)"/>
   </dialogueact>
   <dialogueact nite:id="Bmr028.H.dialogueact1551" starttime="2886.96" endtime="2890.04" type="s^aa|s" original-type="s^aa|s" channel="ca" participant="fe016">
      <nite:child href="Bmr028.H.words.xml#id(Bmr028.w.14,133)..id(Bmr028.w.14,146)"/>
   </dialogueact>
   <dialogueact nite:id="Bmr028.H.dialogueact1553" starttime="2890.04" endtime="2890.69" type="s" original-type="s" channel="ca" participant="fe016">
      <nite:child href="Bmr028.H.words.xml#id(Bmr028.w.14,147)..id(Bmr028.w.14,151)"/>
   </dialogueact>
   <dialogueact nite:id="Bmr028.H.dialogueact1554" starttime="2890.69" endtime="2892.02" type="s" original-type="s" channel="ca" participant="fe016">
      <nite:child href="Bmr028.H.words.xml#id(Bmr028.w.14,152)..id(Bmr028.disfmarker.627)"/>
   </dialogueact>
   <dialogueact nite:id="Bmr028.H.dialogueact1556" starttime="2892.84" endtime="2895.51" type="s" original-type="s" channel="ca" participant="fe016">
      <nite:child href="Bmr028.H.words.xml#id(Bmr028.w.14,164)..id(Bmr028.w.14,171)"/>
   </dialogueact>
   <dialogueact nite:id="Bmr028.H.dialogueact1558" starttime="2895.51" endtime="2901.35" type="s^df" original-type="s^df" channel="ca" participant="fe016">
      <nite:child href="Bmr028.H.words.xml#id(Bmr028.w.14,172)..id(Bmr028.w.14,199)"/>
   </dialogueact>
   <dialogueact nite:id="Bmr028.H.dialogueact1560" starttime="2901.35" endtime="2901.64" type="fh" original-type="fh" channel="ca" participant="fe016">
      <nite:child href="Bmr028.H.words.xml#id(Bmr028.w.14,200)..id(Bmr028.w.14,201)"/>
   </dialogueact>
   <dialogueact nite:id="Bmr028.H.dialogueact1561" starttime="2902.18" endtime="2906.6" type="s" adjacency="36a" original-type="s" channel="ca" participant="fe016">
      <nite:child href="Bmr028.H.words.xml#id(Bmr028.w.14,206)..id(Bmr028.w.14,228)"/>
   </dialogueact>
   <dialogueact nite:id="Bmr028.H.dialogueact1627" starttime="3032.41" endtime="3032.86" type="b" original-type="b" channel="ca" participant="fe016">
      <nite:child href="Bmr028.H.words.xml#id(Bmr028.w.14,879)..id(Bmr028.w.14,880)"/>
   </dialogueact>
   <dialogueact nite:id="Bmr028.H.dialogueact1629" starttime="3034.3" endtime="3036.12" type="s^ba" adjacency="2b" original-type="s^ba" channel="ca" participant="fe016">
      <nite:child href="Bmr028.H.words.xml#id(Bmr028.w.14,885)..id(Bmr028.w.14,894)"/>
   </dialogueact>
   <dialogueact nite:id="Bmr028.H.dialogueact1631" starttime="3036.12" endtime="3042.8" type="s^df" original-type="s^df" channel="ca" participant="fe016">
      <nite:child href="Bmr028.H.words.xml#id(Bmr028.w.14,895)..id(Bmr028.w.14,926)"/>
   </dialogueact>
   <dialogueact nite:id="Bmr028.H.dialogueact1632" starttime="3042.8" endtime="3045.25" type="s" original-type="s" channel="ca" participant="fe016">
      <nite:child href="Bmr028.H.words.xml#id(Bmr028.w.14,927)..id(Bmr028.w.14,938)"/>
   </dialogueact>
   <dialogueact nite:id="Bmr028.H.dialogueact1633" starttime="3045.25" endtime="3045.54" type="fh" original-type="fh" channel="ca" participant="fe016">
      <nite:child href="Bmr028.H.words.xml#id(Bmr028.w.14,939)..id(Bmr028.w.14,940)"/>
   </dialogueact>
   <dialogueact nite:id="Bmr028.H.dialogueact1634" starttime="3046.06" endtime="3053.97" type="s^cs" adjacency="3a" original-type="s^cs" channel="ca" participant="fe016">
      <nite:child href="Bmr028.H.words.xml#id(Bmr028.w.14,941)..id(Bmr028.w.14,975)"/>
   </dialogueact>
   <dialogueact nite:id="Bmr028.H.dialogueact1649" starttime="3083.64" endtime="3085.17" type="s" adjacency="8a" original-type="s" channel="ca" participant="fe016">
      <nite:child href="Bmr028.H.words.xml#id(Bmr028.w.15,162)..id(Bmr028.w.15,169)"/>
   </dialogueact>
   <dialogueact nite:id="Bmr028.H.dialogueact1650" starttime="3085.17" endtime="3085.34" type="%--" original-type="%--" channel="ca" participant="fe016">
      <nite:child href="Bmr028.H.words.xml#id(Bmr028.w.15,170)..id(Bmr028.disfmarker.678)"/>
   </dialogueact>
   <dialogueact nite:id="Bmr028.H.dialogueact1652" starttime="3086.29" endtime="3087.83" type="b" original-type="b" channel="ca" participant="fe016">
      <nite:child href="Bmr028.H.words.xml#id(Bmr028.w.15,176)..id(Bmr028.disfmarker.679)"/>
   </dialogueact>
   <dialogueact nite:id="Bmr028.H.dialogueact1655" starttime="3090.91" endtime="3091.32" type="b" original-type="b" channel="ca" participant="fe016">
      <nite:child href="Bmr028.H.words.xml#id(Bmr028.w.15,221)..id(Bmr028.w.15,222)"/>
   </dialogueact>
   <dialogueact nite:id="Bmr028.H.dialogueact1656" starttime="3092.28" endtime="3093.15" type="s^bd^df" adjacency="9a" original-type="s^bd^df" channel="ca" participant="fe016">
      <nite:child href="Bmr028.H.words.xml#id(Bmr028.w.15,223)..id(Bmr028.w.15,228)"/>
   </dialogueact>
   <dialogueact nite:id="Bmr028.H.dialogueact1657" starttime="3093.15" endtime="3094.84" type="s^bd^df" adjacency="9a+" original-type="s^bd^df" channel="ca" participant="fe016">
      <nite:child href="Bmr028.H.words.xml#id(Bmr028.w.15,229)..id(Bmr028.w.15,239)"/>
   </dialogueact>
   <dialogueact nite:id="Bmr028.H.dialogueact1660" starttime="3094.9" endtime="3095.14" type="fh" original-type="fh" channel="ca" participant="fe016">
      <nite:child href="Bmr028.H.words.xml#id(Bmr028.w.15,240)..id(Bmr028.disfmarker.681)"/>
   </dialogueact>
   <dialogueact nite:id="Bmr028.H.dialogueact1661" starttime="3095.74" endtime="3103.88" type="qy" adjacency="10a" original-type="qy" channel="ca" participant="fe016">
      <nite:child href="Bmr028.H.words.xml#id(Bmr028.w.15,248)..id(Bmr028.w.15,278)"/>
   </dialogueact>
   <dialogueact nite:id="Bmr028.H.dialogueact1662" starttime="3103.88" endtime="3104.21" type="%-" original-type="%-" channel="ca" participant="fe016">
      <nite:child href="Bmr028.H.words.xml#id(Bmr028.w.15,279)..id(Bmr028.disfmarker.682)"/>
   </dialogueact>
   <dialogueact nite:id="Bmr028.H.dialogueact1664" starttime="3105.08" endtime="3106.32" type="%-" original-type="%-" channel="ca" participant="fe016">
      <nite:child href="Bmr028.H.words.xml#id(Bmr028.w.15,295)..id(Bmr028.w.15,299)"/>
   </dialogueact>
   <dialogueact nite:id="Bmr028.H.dialogueact1673" starttime="3116.24" endtime="3119.26" type="qw" adjacency="15a" original-type="qw" channel="ca" participant="fe016">
      <nite:child href="Bmr028.H.words.xml#id(Bmr028.w.15,357)..id(Bmr028.w.15,369)"/>
   </dialogueact>
   <dialogueact nite:id="Bmr028.H.dialogueact1679" starttime="3124.92" endtime="3126.02" type="qy^rt" adjacency="16b.17a" original-type="qy^rt" channel="ca" participant="fe016">
      <nite:child href="Bmr028.H.words.xml#id(Bmr028.w.15,403)..id(Bmr028.w.15,409)"/>
   </dialogueact>
   <dialogueact nite:id="Bmr028.H.dialogueact1681" starttime="3127.18" endtime="3128.24" type="s.%-" original-type="s.%-" channel="ca" participant="fe016">
      <nite:child href="Bmr028.H.words.xml#id(Bmr028.w.15,414)..id(Bmr028.disfmarker.689)"/>
   </dialogueact>
   <dialogueact nite:id="Bmr028.H.dialogueact1684" starttime="3133.64" endtime="3133.96" type="s^bk" adjacency="18b" original-type="s^bk" channel="ca" participant="fe016">
      <nite:child href="Bmr028.H.words.xml#id(Bmr028.w.15,465)..id(Bmr028.w.15,466)"/>
   </dialogueact>
   <dialogueact nite:id="Bmr028.H.dialogueact1688" starttime="3136.14" endtime="3136.55" type="%-" original-type="%-" channel="ca" participant="fe016">
      <nite:child href="Bmr028.H.words.xml#id(Bmr028.w.15,481)..id(Bmr028.disfmarker.691)"/>
   </dialogueact>
   <dialogueact nite:id="Bmr028.H.dialogueact1690" starttime="3138.45" endtime="3145.43" type="s^cs" original-type="s^cs" channel="ca" participant="fe016">
      <nite:child href="Bmr028.H.words.xml#id(Bmr028.w.15,486)..id(Bmr028.w.15,521)"/>
   </dialogueact>
   <dialogueact nite:id="Bmr028.H.dialogueact1691" starttime="3145.43" endtime="3148.46" type="s^cs.%--" original-type="s^cs.%--" channel="ca" participant="fe016">
      <nite:child href="Bmr028.H.words.xml#id(Bmr028.w.15,522)..id(Bmr028.disfmarker.693)"/>
   </dialogueact>
   <dialogueact nite:id="Bmr028.H.dialogueact1693" starttime="3148.46" endtime="3153.64" type="s^cs" adjacency="20a" original-type="s^cs" channel="ca" participant="fe016">
      <nite:child href="Bmr028.H.words.xml#id(Bmr028.w.15,535)..id(Bmr028.w.15,560)"/>
   </dialogueact>
   <dialogueact nite:id="Bmr028.H.dialogueact1696" starttime="3158.04" endtime="3159.07" type="s^aa" adjacency="21b" original-type="s^aa" channel="ca" participant="fe016">
      <nite:child href="Bmr028.H.words.xml#id(Bmr028.w.15,580)..id(Bmr028.w.15,583)"/>
   </dialogueact>
   <dialogueact nite:id="Bmr028.H.dialogueact1703" starttime="3169.04" endtime="3169.49" type="b" original-type="b" channel="ca" participant="fe016">
      <nite:child href="Bmr028.H.words.xml#id(Bmr028.w.15,656)..id(Bmr028.w.15,659)"/>
   </dialogueact>
   <dialogueact nite:id="Bmr028.H.dialogueact1723" starttime="3214.02" endtime="3214.63" type="b" original-type="b" channel="ca" participant="fe016">
      <nite:child href="Bmr028.H.words.xml#id(Bmr028.w.15,870)..id(Bmr028.w.15,871)"/>
   </dialogueact>
   <dialogueact nite:id="Bmr028.H.dialogueact1726" starttime="3216.31" endtime="3217.04" type="fg" original-type="fg" channel="ca" participant="fe016">
      <nite:child href="Bmr028.H.words.xml#id(Bmr028.w.15,897)..id(Bmr028.w.15,898)"/>
   </dialogueact>
   <dialogueact nite:id="Bmr028.H.dialogueact1729" starttime="3217.68" endtime="3222.07" type="s" original-type="s" channel="ca" participant="fe016">
      <nite:child href="Bmr028.H.words.xml#id(Bmr028.w.15,899)..id(Bmr028.w.15,934)"/>
   </dialogueact>
   <dialogueact nite:id="Bmr028.H.dialogueact1730" starttime="3222.07" endtime="3224.02" type="s^e" original-type="s^e" channel="ca" participant="fe016">
      <nite:child href="Bmr028.H.words.xml#id(Bmr028.w.15,935)..id(Bmr028.w.15,945)"/>
   </dialogueact>
   <dialogueact nite:id="Bmr028.H.dialogueact1733" starttime="3224.03" endtime="3225.99" type="s^df" original-type="s^df" channel="ca" participant="fe016">
      <nite:child href="Bmr028.H.words.xml#id(Bmr028.w.15,946)..id(Bmr028.w.15,952)"/>
   </dialogueact>
   <dialogueact nite:id="Bmr028.H.dialogueact1734" starttime="3226.26" endtime="3226.32" type="fh" original-type="fh" channel="ca" participant="fe016">
      <nite:child href="Bmr028.H.words.xml#id(Bmr028.w.15,953)..id(Bmr028.w.15,954)"/>
   </dialogueact>
   <dialogueact nite:id="Bmr028.H.dialogueact1739" starttime="3228.52" endtime="3228.9" type="b" original-type="b" channel="ca" participant="fe016">
      <nite:child href="Bmr028.H.words.xml#id(Bmr028.w.16,009)..id(Bmr028.w.16,010)"/>
   </dialogueact>
   <dialogueact nite:id="Bmr028.H.dialogueact1741" starttime="3229.0" endtime="3230.66" type="s^aa|%-" adjacency="27b" original-type="s^aa|%-" channel="ca" participant="fe016">
      <nite:child href="Bmr028.H.words.xml#id(Bmr028.w.16,011)..id(Bmr028.disfmarker.714)"/>
   </dialogueact>
   <dialogueact nite:id="Bmr028.H.dialogueact1747" starttime="3231.99" endtime="3235.32" type="fg|s" original-type="fg|s" channel="ca" participant="fe016">
      <nite:child href="Bmr028.H.words.xml#id(Bmr028.w.16,030)..id(Bmr028.w.16,042)"/>
   </dialogueact>
   <dialogueact nite:id="Bmr028.H.dialogueact1751" starttime="3237.01" endtime="3237.61" type="b" original-type="b" channel="ca" participant="fe016">
      <nite:child href="Bmr028.H.words.xml#id(Bmr028.w.16,082)..id(Bmr028.w.16,083)"/>
   </dialogueact>
   <dialogueact nite:id="Bmr028.H.dialogueact1758" starttime="3242.31" endtime="3242.83" type="qy" adjacency="29b-1" original-type="qy" channel="ca" participant="fe016">
      <nite:child href="Bmr028.H.words.xml#id(Bmr028.w.16,111)..id(Bmr028.w.16,114)"/>
   </dialogueact>
   <dialogueact nite:id="Bmr028.H.dialogueact1759" starttime="3242.83" endtime="3244.41" type="s" adjacency="30a" original-type="s" channel="ca" participant="fe016">
      <nite:child href="Bmr028.H.words.xml#id(Bmr028.w.16,115)..id(Bmr028.w.16,123)"/>
   </dialogueact>
   <dialogueact nite:id="Bmr028.H.dialogueact1761" starttime="3244.41" endtime="3245.85" type="s" adjacency="30a+" original-type="s" channel="ca" participant="fe016">
      <nite:child href="Bmr028.H.words.xml#id(Bmr028.w.16,124)..id(Bmr028.w.16,131)"/>
   </dialogueact>
   <dialogueact nite:id="Bmr028.H.dialogueact1762" starttime="3245.85" endtime="3246.98" type="s" adjacency="31a" original-type="s" channel="ca" participant="fe016">
      <nite:child href="Bmr028.H.words.xml#id(Bmr028.w.16,132)..id(Bmr028.w.16,140)"/>
   </dialogueact>
   <dialogueact nite:id="Bmr028.H.dialogueact1769" starttime="3249.33" endtime="3249.5" type="s^bk" adjacency="32b" original-type="s^bk" channel="ca" participant="fe016">
      <nite:child href="Bmr028.H.words.xml#id(Bmr028.w.16,206)..id(Bmr028.w.16,207)"/>
   </dialogueact>
   <dialogueact nite:id="Bmr028.H.dialogueact1773" starttime="3250.54" endtime="3251.56" type="s.%-" original-type="s.%-" channel="ca" participant="fe016">
      <nite:child href="Bmr028.H.words.xml#id(Bmr028.w.16,212)..id(Bmr028.w.16,218)"/>
   </dialogueact>
   <dialogueact nite:id="Bmr028.H.dialogueact1780" starttime="3260.89" endtime="3263.62" type="s^cs" adjacency="36a" original-type="s^cs" channel="ca" participant="fe016">
      <nite:child href="Bmr028.H.words.xml#id(Bmr028.w.16,268)..id(Bmr028.w.16,280)"/>
   </dialogueact>
</nite:root>