<?xml version="1.0" encoding="ISO-8859-1" standalone="yes"?>
<nite:root nite:id="Bmr027.C.dialogue-acts" xmlns:nite="http://nite.sourceforge.net/">
   <dialogueact nite:id="Bmr027.C.dialogueact1" starttime="1.754" endtime="3.654" type="z" adjacency="1a" original-type="z" channel="c2" participant="me018">
      <nite:child href="Bmr027.C.words.xml#id(Bmr027.w.5)..id(Bmr027.w.18)"/>
   </dialogueact>
   <dialogueact nite:id="Bmr027.C.dialogueact3" starttime="4.101" endtime="4.153" type="z" adjacency="2b" original-type="z" channel="c2" participant="me018">
   </dialogueact>
   <dialogueact nite:id="Bmr027.C.dialogueact6" starttime="7.87" endtime="8.92" type="z" adjacency="2a" original-type="z" channel="c2" participant="me018">
      <nite:child href="Bmr027.C.words.xml#id(Bmr027.w.35)..id(Bmr027.w.39)"/>
   </dialogueact>
   <dialogueact nite:id="Bmr027.C.dialogueact7" starttime="8.92" endtime="9.05" type="z" adjacency="2a+" original-type="z" channel="c2" participant="me018">
      <nite:child href="Bmr027.C.words.xml#id(Bmr027.w.40)..id(Bmr027.w.41)"/>
   </dialogueact>
   <dialogueact nite:id="Bmr027.C.dialogueact9" starttime="9.604" endtime="9.694" type="z" adjacency="3b" original-type="z" channel="c2" participant="me018">
      <nite:child href="Bmr027.C.words.xml#id(Bmr027.w.44)..id(Bmr027.w.45)"/>
   </dialogueact>
   <dialogueact nite:id="Bmr027.C.dialogueact41" starttime="71.052" endtime="71.342" type="s^aa" adjacency="12b-1" original-type="s^aa" channel="c2" participant="me018">
      <nite:child href="Bmr027.C.words.xml#id(Bmr027.w.274)..id(Bmr027.w.275)"/>
   </dialogueact>
   <dialogueact nite:id="Bmr027.C.dialogueact113" starttime="192.773" endtime="194.743" type="qy^rt" adjacency="31a" original-type="qy^rt" channel="c2" participant="me018">
      <nite:child href="Bmr027.C.words.xml#id(Bmr027.w.842)..id(Bmr027.w.848)"/>
   </dialogueact>
   <dialogueact nite:id="Bmr027.C.dialogueact115" starttime="194.743" endtime="197.243" type="s" adjacency="31a+" original-type="s" channel="c2" participant="me018">
      <nite:child href="Bmr027.C.words.xml#id(Bmr027.w.849)..id(Bmr027.w.862)"/>
   </dialogueact>
   <dialogueact nite:id="Bmr027.C.dialogueact117" starttime="197.9" endtime="198.27" type="s^bk" adjacency="32b" original-type="s^bk" channel="c2" participant="me018">
      <nite:child href="Bmr027.C.words.xml#id(Bmr027.w.876)..id(Bmr027.w.879)"/>
   </dialogueact>
   <dialogueact nite:id="Bmr027.C.dialogueact119" starttime="199.218" endtime="199.838" type="s^ba" original-type="s^ba" channel="c2" participant="me018">
      <nite:child href="Bmr027.C.words.xml#id(Bmr027.w.902)..id(Bmr027.w.906)"/>
   </dialogueact>
   <dialogueact nite:id="Bmr027.C.dialogueact156" starttime="282.499" endtime="283.559" type="qy^bu^d^rt" adjacency="36b.37a" original-type="qy^bu^d^rt" channel="c2" participant="me018">
      <nite:child href="Bmr027.C.words.xml#id(Bmr027.w.1,261)..id(Bmr027.w.1,264)"/>
   </dialogueact>
   <dialogueact nite:id="Bmr027.C.dialogueact165" starttime="292.653" endtime="293.863" type="qy^bu^d^rt" adjacency="38b.39a" original-type="qy^bu^d^rt" channel="c2" participant="me018">
      <nite:child href="Bmr027.C.words.xml#id(Bmr027.w.1,305)..id(Bmr027.w.1,312)"/>
   </dialogueact>
   <dialogueact nite:id="Bmr027.C.dialogueact169" starttime="294.435" endtime="295.205" type="s^bk" adjacency="40b" original-type="s^bk" channel="c2" participant="me018">
      <nite:child href="Bmr027.C.words.xml#id(Bmr027.w.1,333)..id(Bmr027.w.1,338)"/>
   </dialogueact>
   <dialogueact nite:id="Bmr027.C.dialogueact175" starttime="298.229" endtime="299.419" type="s^bk|%-" original-type="s^bk|%-" channel="c2" participant="me018">
      <nite:child href="Bmr027.C.words.xml#id(Bmr027.w.1,359)..id(Bmr027.w.1,364)"/>
   </dialogueact>
   <dialogueact nite:id="Bmr027.C.dialogueact178" starttime="300.698" endtime="300.998" type="s^bk" adjacency="41b-1" original-type="s^bk" channel="c2" participant="me018">
      <nite:child href="Bmr027.C.words.xml#id(Bmr027.w.1,384)..id(Bmr027.w.1,385)"/>
   </dialogueact>
   <dialogueact nite:id="Bmr027.C.dialogueact199" starttime="331.95" endtime="332.58" type="s" original-type="s" channel="c2" participant="me018">
      <nite:child href="Bmr027.C.words.xml#id(Bmr027.w.1,585)..id(Bmr027.w.1,587)"/>
   </dialogueact>
   <dialogueact nite:id="Bmr027.C.dialogueact550" starttime="1076.74" endtime="1079.37" type="qy^tc" adjacency="35a" original-type="qy^tc" channel="c2" participant="me018">
      <nite:child href="Bmr027.C.words.xml#id(Bmr027.w.5,169)..id(Bmr027.w.5,178)"/>
   </dialogueact>
   <dialogueact nite:id="Bmr027.C.dialogueact551" starttime="1080.26" endtime="1080.78" type="s^e.%--" original-type="s^e.%--" channel="c2" participant="me018">
      <nite:child href="Bmr027.C.words.xml#id(Bmr027.w.5,191)..id(Bmr027.w.5,195)"/>
   </dialogueact>
   <dialogueact nite:id="Bmr027.C.dialogueact553" starttime="1083.04" endtime="1083.29" type="b" original-type="b" channel="c2" participant="me018">
      <nite:child href="Bmr027.C.words.xml#id(Bmr027.w.5,196)..id(Bmr027.w.5,199)"/>
   </dialogueact>
   <dialogueact nite:id="Bmr027.C.dialogueact556" starttime="1088.1" endtime="1088.36" type="b" original-type="b" channel="c2" participant="me018">
      <nite:child href="Bmr027.C.words.xml#id(Bmr027.w.5,221)..id(Bmr027.w.5,222)"/>
   </dialogueact>
   <dialogueact nite:id="Bmr027.C.dialogueact559" starttime="1093.02" endtime="1094.51" type="s^2^aap" adjacency="36b.37a" original-type="s^2^aap" channel="c2" participant="me018">
      <nite:child href="Bmr027.C.words.xml#id(Bmr027.w.5,240)..id(Bmr027.w.5,248)"/>
   </dialogueact>
   <dialogueact nite:id="Bmr027.C.dialogueact609" starttime="1198.53" endtime="1199.84" comment="FBH" type="s" adjacency="47a" original-type="s" channel="c2" participant="me018">
      <nite:child href="Bmr027.C.words.xml#id(Bmr027.w.5,715)..id(Bmr027.w.5,721)"/>
   </dialogueact>
   <dialogueact nite:id="Bmr027.C.dialogueact613" starttime="1201.11" endtime="1201.32" comment="FBH" type="s^bk" original-type="s^bk" channel="c2" participant="me018">
      <nite:child href="Bmr027.C.words.xml#id(Bmr027.w.5,722)..id(Bmr027.w.5,723)"/>
   </dialogueact>
   <dialogueact nite:id="Bmr027.C.dialogueact647" starttime="1274.37" endtime="1274.97" type="%-" original-type="%-" channel="c2" participant="me018">
      <nite:child href="Bmr027.C.words.xml#id(Bmr027.w.6,122)..id(Bmr027.w.6,125)"/>
   </dialogueact>
   <dialogueact nite:id="Bmr027.C.dialogueact651" starttime="1284.01" endtime="1284.65" type="%-" original-type="%-" channel="c2" participant="me018">
      <nite:child href="Bmr027.C.words.xml#id(Bmr027.w.6,145)..id(Bmr027.disfmarker.265)"/>
   </dialogueact>
   <dialogueact nite:id="Bmr027.C.dialogueact652" starttime="1286.67" endtime="1292.25" type="s" adjacency="7a" original-type="s" channel="c2" participant="me018">
      <nite:child href="Bmr027.C.words.xml#id(Bmr027.w.6,163)..id(Bmr027.w.6,184)"/>
   </dialogueact>
   <dialogueact nite:id="Bmr027.C.dialogueact655" starttime="1293.24" endtime="1293.9" type="s.%--" original-type="s.%--" channel="c2" participant="me018">
      <nite:child href="Bmr027.C.words.xml#id(Bmr027.w.6,196)..id(Bmr027.disfmarker.267)"/>
   </dialogueact>
   <dialogueact nite:id="Bmr027.C.dialogueact656" starttime="1293.9" endtime="1294.17" type="fh" original-type="fh" channel="c2" participant="me018">
      <nite:child href="Bmr027.C.words.xml#id(Bmr027.w.6,201)..id(Bmr027.w.6,202)"/>
   </dialogueact>
   <dialogueact nite:id="Bmr027.C.dialogueact657" starttime="1294.17" endtime="1299.68" type="s" adjacency="8a" original-type="s" channel="c2" participant="me018">
      <nite:child href="Bmr027.C.words.xml#id(Bmr027.w.6,203)..id(Bmr027.w.6,236)"/>
   </dialogueact>
   <dialogueact nite:id="Bmr027.C.dialogueact659" starttime="1299.68" endtime="1300.86" type="s" adjacency="8a+" original-type="s" channel="c2" participant="me018">
      <nite:child href="Bmr027.C.words.xml#id(Bmr027.w.6,237)..id(Bmr027.w.6,245)"/>
   </dialogueact>
   <dialogueact nite:id="Bmr027.C.dialogueact660" starttime="1300.86" endtime="1300.98" type="fh" original-type="fh" channel="c2" participant="me018">
      <nite:child href="Bmr027.C.words.xml#id(Bmr027.w.6,246)..id(Bmr027.disfmarker.269)"/>
   </dialogueact>
   <dialogueact nite:id="Bmr027.C.dialogueact686" starttime="1357.7" endtime="1358.77" type="qy^bu^d^rt" adjacency="12b-2" original-type="qy^bu^d^rt" channel="c2" participant="me018">
      <nite:child href="Bmr027.C.words.xml#id(Bmr027.w.6,524)..id(Bmr027.w.6,527)"/>
   </dialogueact>
   <dialogueact nite:id="Bmr027.C.dialogueact688" starttime="1359.1" endtime="1359.97" type="s^ar|s.%-" original-type="s^ar|s.%-" channel="c2" participant="me018">
      <nite:child href="Bmr027.C.words.xml#id(Bmr027.w.6,528)..id(Bmr027.disfmarker.278)"/>
   </dialogueact>
   <dialogueact nite:id="Bmr027.C.dialogueact693" starttime="1362.33" endtime="1363.64" type="qy^rt" adjacency="17a" original-type="qy^rt" channel="c2" participant="me018">
      <nite:child href="Bmr027.C.words.xml#id(Bmr027.w.6,574)..id(Bmr027.w.6,584)"/>
   </dialogueact>
   <dialogueact nite:id="Bmr027.C.dialogueact732" starttime="1414.29" endtime="1416.44" comment="creaky voice. sounds scheming! hee hee. go chuck" type="s^cs^j^t3" original-type="s^cs^j^t3" channel="c2" participant="me018">
      <nite:child href="Bmr027.C.words.xml#id(Bmr027.w.6,891)..id(Bmr027.w.6,900)"/>
   </dialogueact>
   <dialogueact nite:id="Bmr027.C.dialogueact735" starttime="1416.44" endtime="1417.95" type="s^cs^e^j^t3" original-type="s^cs^e^j^t3" channel="c2" participant="me018">
      <nite:child href="Bmr027.C.words.xml#id(Bmr027.w.6,901)..id(Bmr027.w.6,909)"/>
   </dialogueact>
   <dialogueact nite:id="Bmr027.C.dialogueact747" starttime="1423.54" endtime="1423.82" type="b" original-type="b" channel="c2" participant="me018">
      <nite:child href="Bmr027.C.words.xml#id(Bmr027.w.7,022)..id(Bmr027.w.7,025)"/>
   </dialogueact>
   <dialogueact nite:id="Bmr027.C.dialogueact750" starttime="1424.66" endtime="1425.17" comment="FBH" type="s" original-type="s" channel="c2" participant="me018">
      <nite:child href="Bmr027.C.words.xml#id(Bmr027.w.7,026)..id(Bmr027.w.7,029)"/>
   </dialogueact>
   <dialogueact nite:id="Bmr027.C.dialogueact770" starttime="1445.66" endtime="1447.0" type="s" adjacency="38b.39a" original-type="s" channel="c2" participant="me018">
      <nite:child href="Bmr027.C.words.xml#id(Bmr027.w.7,145)..id(Bmr027.w.7,153)"/>
   </dialogueact>
   <dialogueact nite:id="Bmr027.C.dialogueact798" starttime="1487.58" endtime="1488.3" type="s^cs^j" adjacency="44b.45a" original-type="s^cs^j" channel="c2" participant="me018">
      <nite:child href="Bmr027.C.words.xml#id(Bmr027.w.7,379)..id(Bmr027.w.7,384)"/>
   </dialogueact>
   <dialogueact nite:id="Bmr027.C.dialogueact802" starttime="1493.89" endtime="1495.89" comment="FBH" type="s^cs" original-type="s^cs" channel="c2" participant="me018">
      <nite:child href="Bmr027.C.words.xml#id(Bmr027.w.7,428)..id(Bmr027.w.7,442)"/>
   </dialogueact>
   <dialogueact nite:id="Bmr027.C.dialogueact945" starttime="1710.9" endtime="1712.62" type="h|s" adjacency="74b" original-type="h|s" channel="c2" participant="me018">
      <nite:child href="Bmr027.C.words.xml#id(Bmr027.w.8,612)..id(Bmr027.w.8,617)"/>
   </dialogueact>
   <dialogueact nite:id="Bmr027.C.dialogueact946" starttime="1712.62" endtime="1713.31" type="%--" original-type="%--" channel="c2" participant="me018">
      <nite:child href="Bmr027.C.words.xml#id(Bmr027.w.8,618)..id(Bmr027.disfmarker.372)"/>
   </dialogueact>
   <dialogueact nite:id="Bmr027.C.dialogueact947" starttime="1713.31" endtime="1713.67" type="s^bk" original-type="s^bk" channel="c2" participant="me018">
      <nite:child href="Bmr027.C.words.xml#id(Bmr027.w.8,619)..id(Bmr027.w.8,622)"/>
   </dialogueact>
   <dialogueact nite:id="Bmr027.C.dialogueact948" starttime="1713.67" endtime="1715.86" type="s" adjacency="74b+" original-type="s" channel="c2" participant="me018">
      <nite:child href="Bmr027.C.words.xml#id(Bmr027.w.8,623)..id(Bmr027.w.8,633)"/>
   </dialogueact>
   <dialogueact nite:id="Bmr027.C.dialogueact949" starttime="1715.86" endtime="1717.0" type="s^ba^rt" adjacency="74b++" original-type="s^ba^rt" channel="c2" participant="me018">
      <nite:child href="Bmr027.C.words.xml#id(Bmr027.w.8,634)..id(Bmr027.w.8,637)"/>
   </dialogueact>
   <dialogueact nite:id="Bmr027.C.dialogueact950" starttime="1717.12" endtime="1722.76" type="s" original-type="s" channel="c2" participant="me018">
      <nite:child href="Bmr027.C.words.xml#id(Bmr027.w.8,638)..id(Bmr027.w.8,666)"/>
   </dialogueact>
   <dialogueact nite:id="Bmr027.C.dialogueact951" starttime="1723.47" endtime="1727.98" type="s" original-type="s" channel="c2" participant="me018">
      <nite:child href="Bmr027.C.words.xml#id(Bmr027.w.8,667)..id(Bmr027.w.8,683)"/>
   </dialogueact>
   <dialogueact nite:id="Bmr027.C.dialogueact952" starttime="1728.65" endtime="1732.26" type="s" original-type="s" channel="c2" participant="me018">
      <nite:child href="Bmr027.C.words.xml#id(Bmr027.w.8,684)..id(Bmr027.w.8,693)"/>
   </dialogueact>
   <dialogueact nite:id="Bmr027.C.dialogueact957" starttime="1739.64" endtime="1739.8" type="b" original-type="b" channel="c2" participant="me018">
      <nite:child href="Bmr027.C.words.xml#id(Bmr027.w.8,738)..id(Bmr027.w.8,739)"/>
   </dialogueact>
   <dialogueact nite:id="Bmr027.C.dialogueact959" starttime="1741.64" endtime="1744.32" type="fg|s" original-type="fg|s" channel="c2" participant="me018">
      <nite:child href="Bmr027.C.words.xml#id(Bmr027.w.8,754)..id(Bmr027.w.8,807)"/>
   </dialogueact>
   <dialogueact nite:id="Bmr027.C.dialogueact989" starttime="1794.73" endtime="1799.43" type="s^aa|s" original-type="s^aa|s" channel="c2" participant="me018">
      <nite:child href="Bmr027.C.words.xml#id(Bmr027.w.9,024)..id(Bmr027.w.9,044)"/>
   </dialogueact>
   <dialogueact nite:id="Bmr027.C.dialogueact990" starttime="1799.43" endtime="1802.2" type="s" original-type="s" channel="c2" participant="me018">
      <nite:child href="Bmr027.C.words.xml#id(Bmr027.w.9,045)..id(Bmr027.w.9,058)"/>
   </dialogueact>
   <dialogueact nite:id="Bmr027.C.dialogueact991" starttime="1802.78" endtime="1804.98" type="s.%--" original-type="s.%--" channel="c2" participant="me018">
      <nite:child href="Bmr027.C.words.xml#id(Bmr027.w.9,059)..id(Bmr027.w.9,067)"/>
   </dialogueact>
   <dialogueact nite:id="Bmr027.C.dialogueact992" starttime="1805.49" endtime="1809.98" type="s" original-type="s" channel="c2" participant="me018">
      <nite:child href="Bmr027.C.words.xml#id(Bmr027.w.9,068)..id(Bmr027.w.9,083)"/>
   </dialogueact>
   <dialogueact nite:id="Bmr027.C.dialogueact993" starttime="1810.51" endtime="1812.67" type="s" original-type="s" channel="c2" participant="me018">
      <nite:child href="Bmr027.C.words.xml#id(Bmr027.w.9,084)..id(Bmr027.w.9,094)"/>
   </dialogueact>
   <dialogueact nite:id="Bmr027.C.dialogueact995" starttime="1814.51" endtime="1815.81" type="s^ar|s" adjacency="1b.2a" original-type="s^ar|s" channel="c2" participant="me018">
      <nite:child href="Bmr027.C.words.xml#id(Bmr027.w.9,104)..id(Bmr027.w.9,114)"/>
   </dialogueact>
   <dialogueact nite:id="Bmr027.C.dialogueact997" starttime="1815.87" endtime="1817.42" type="s" adjacency="1b+.2a+" original-type="s" channel="c2" participant="me018">
      <nite:child href="Bmr027.C.words.xml#id(Bmr027.w.9,115)..id(Bmr027.w.9,123)"/>
   </dialogueact>
   <dialogueact nite:id="Bmr027.C.dialogueact1002" starttime="1823.67" endtime="1823.94" type="s^aa" adjacency="3b" original-type="s^aa" channel="c2" participant="me018">
      <nite:child href="Bmr027.C.words.xml#id(Bmr027.w.9,160)..id(Bmr027.w.9,163)"/>
   </dialogueact>
   <dialogueact nite:id="Bmr027.C.dialogueact1006" starttime="1835.18" endtime="1836.03" type="s" adjacency="4b-1.5a" original-type="s" channel="c2" participant="me018">
      <nite:child href="Bmr027.C.words.xml#id(Bmr027.w.9,204)..id(Bmr027.w.9,208)"/>
   </dialogueact>
   <dialogueact nite:id="Bmr027.C.dialogueact1274" starttime="2219.35" endtime="2221.43" type="s" adjacency="60a" original-type="s" channel="c2" participant="me018">
      <nite:child href="Bmr027.C.words.xml#id(Bmr027.w.11,327)..id(Bmr027.w.11,337)"/>
   </dialogueact>
   <dialogueact nite:id="Bmr027.C.dialogueact1284" starttime="2231.66" endtime="2232.59" type="s" adjacency="61b-2.62a" original-type="s" channel="c2" participant="me018">
      <nite:child href="Bmr027.C.words.xml#id(Bmr027.w.11,415)..id(Bmr027.w.11,421)"/>
   </dialogueact>
   <dialogueact nite:id="Bmr027.C.dialogueact1296" starttime="2238.9" endtime="2242.03" type="s^rt" adjacency="66b.67a" original-type="s^rt" channel="c2" participant="me018">
      <nite:child href="Bmr027.C.words.xml#id(Bmr027.w.11,487)..id(Bmr027.w.11,497)"/>
   </dialogueact>
   <dialogueact nite:id="Bmr027.C.dialogueact1309" starttime="2254.11" endtime="2254.8" type="s" adjacency="70b.71a" original-type="s" channel="c2" participant="me018">
      <nite:child href="Bmr027.C.words.xml#id(Bmr027.w.11,580)..id(Bmr027.w.11,584)"/>
   </dialogueact>
   <dialogueact nite:id="Bmr027.C.dialogueact1310" starttime="2255.06" endtime="2255.59" type="s.%-" original-type="s.%-" channel="c2" participant="me018">
      <nite:child href="Bmr027.C.words.xml#id(Bmr027.w.11,585)..id(Bmr027.disfmarker.480)"/>
   </dialogueact>
   <dialogueact nite:id="Bmr027.C.dialogueact1345" starttime="2307.75" endtime="2309.22" type="s^ba" adjacency="73b.74a" original-type="s^ba" channel="c2" participant="me018">
      <nite:child href="Bmr027.C.words.xml#id(Bmr027.w.11,842)..id(Bmr027.w.11,850)"/>
   </dialogueact>
   <dialogueact nite:id="Bmr027.C.dialogueact1426" starttime="2455.96" endtime="2456.39" type="s^no" original-type="s^no" channel="c2" participant="me018">
      <nite:child href="Bmr027.C.words.xml#id(Bmr027.w.12,502)..id(Bmr027.w.12,505)"/>
   </dialogueact>
   <dialogueact nite:id="Bmr027.C.dialogueact1459" starttime="2484.21" endtime="2484.8" type="s^ba" original-type="s^ba" channel="c2" participant="me018">
      <nite:child href="Bmr027.C.words.xml#id(Bmr027.w.12,679)..id(Bmr027.w.12,681)"/>
   </dialogueact>
</nite:root>