<?xml version="1.0" encoding="ISO-8859-1" standalone="yes"?>
<nite:root nite:id="Bmr024.C.dialogue-acts" xmlns:nite="http://nite.sourceforge.net/">
   <dialogueact nite:id="Bmr024.C.dialogueact1627" starttime="3034.0" endtime="3034.54" type="s^nd" adjacency="6b-2" original-type="s^nd" channel="c2" participant="me051">
      <nite:child href="Bmr024.C.words.xml#id(Bmr024.w.13,816)..id(Bmr024.w.13,820)"/>
   </dialogueact>
   <dialogueact nite:id="Bmr024.C.dialogueact1630" starttime="3039.31" endtime="3039.66" type="s^bk" adjacency="7b" original-type="s^bk" channel="c2" participant="me051">
      <nite:child href="Bmr024.C.words.xml#id(Bmr024.w.13,839)..id(Bmr024.w.13,840)"/>
   </dialogueact>
   <dialogueact nite:id="Bmr024.C.dialogueact1634" starttime="3046.23" endtime="3046.43" type="s^bk" adjacency="8b" original-type="s^bk" channel="c2" participant="me051">
      <nite:child href="Bmr024.C.words.xml#id(Bmr024.w.13,877)..id(Bmr024.w.13,878)"/>
   </dialogueact>
   <dialogueact nite:id="Bmr024.C.dialogueact1636" starttime="3050.11" endtime="3050.38" type="s^bk" adjacency="9b" original-type="s^bk" channel="c2" participant="me051">
      <nite:child href="Bmr024.C.words.xml#id(Bmr024.w.13,893)..id(Bmr024.w.13,894)"/>
   </dialogueact>
</nite:root>