<?xml version="1.0" encoding="ISO-8859-1" standalone="yes"?>
<nite:root nite:id="Bmr007.E.dialogue-acts" xmlns:nite="http://nite.sourceforge.net/">
   <dialogueact nite:id="Bmr007.E.dialogueact3" starttime="1.292" endtime="1.662" type="z" original-type="z" channel="c4" participant="mn005">
      <nite:child href="Bmr007.E.words.xml#id(Bmr007.w.13)..id(Bmr007.w.14)"/>
   </dialogueact>
   <dialogueact nite:id="Bmr007.E.dialogueact49" starttime="84.936" endtime="85.236" type="%" original-type="%" channel="c4" participant="mn005">
   </dialogueact>
   <dialogueact nite:id="Bmr007.E.dialogueact106" starttime="273.698" endtime="274.108" type="b" original-type="b" channel="c4" participant="mn005">
      <nite:child href="Bmr007.E.words.xml#id(Bmr007.w.1,127)..id(Bmr007.w.1,130)"/>
   </dialogueact>
   <dialogueact nite:id="Bmr007.E.dialogueact116" starttime="290.977" endtime="291.437" type="b" original-type="b" channel="c4" participant="mn005">
      <nite:child href="Bmr007.E.words.xml#id(Bmr007.w.1,210)..id(Bmr007.w.1,213)"/>
   </dialogueact>
   <dialogueact nite:id="Bmr007.E.dialogueact117" starttime="292.992" endtime="293.272" type="b" original-type="b" channel="c4" participant="mn005">
      <nite:child href="Bmr007.E.words.xml#id(Bmr007.w.1,225)..id(Bmr007.w.1,228)"/>
   </dialogueact>
   <dialogueact nite:id="Bmr007.E.dialogueact127" starttime="359.808" endtime="360.138" type="b" original-type="b" channel="c4" participant="mn005">
      <nite:child href="Bmr007.E.words.xml#id(Bmr007.w.1,479)..id(Bmr007.w.1,482)"/>
   </dialogueact>
   <dialogueact nite:id="Bmr007.E.dialogueact134" starttime="376.089" endtime="378.967" type="b" original-type="b" channel="c4" participant="mn005">
      <nite:child href="Bmr007.E.words.xml#id(Bmr007.w.1,547)..id(Bmr007.w.1,575)"/>
   </dialogueact>
   <dialogueact nite:id="Bmr007.E.dialogueact148" starttime="422.101" endtime="422.441" type="b" original-type="b" channel="c4" participant="mn005">
      <nite:child href="Bmr007.E.words.xml#id(Bmr007.w.1,765)..id(Bmr007.w.1,768)"/>
   </dialogueact>
   <dialogueact nite:id="Bmr007.E.dialogueact150" starttime="423.174" endtime="424.004" type="b" original-type="b" channel="c4" participant="mn005">
      <nite:child href="Bmr007.E.words.xml#id(Bmr007.w.1,769)..id(Bmr007.w.1,772)"/>
   </dialogueact>
   <dialogueact nite:id="Bmr007.E.dialogueact159" starttime="429.331" endtime="430.041" type="s^t3" original-type="s^t3" channel="c4" participant="mn005">
      <nite:child href="Bmr007.E.words.xml#id(Bmr007.w.1,832)..id(Bmr007.w.1,839)"/>
   </dialogueact>
   <dialogueact nite:id="Bmr007.E.dialogueact183" starttime="495.519" endtime="495.729" type="b" original-type="b" channel="c4" participant="mn005">
      <nite:child href="Bmr007.E.words.xml#id(Bmr007.w.2,190)"/>
   </dialogueact>
   <dialogueact nite:id="Bmr007.E.dialogueact210" starttime="604.741" endtime="605.131" type="s^fe" original-type="sj^fe" channel="c4" participant="mn005">
      <nite:child href="Bmr007.E.words.xml#id(Bmr007.w.2,640)..id(Bmr007.w.2,643)"/>
   </dialogueact>
   <dialogueact nite:id="Bmr007.E.dialogueact213" starttime="605.516" endtime="605.996" type="b" original-type="b" channel="c4" participant="mn005">
      <nite:child href="Bmr007.E.words.xml#id(Bmr007.w.2,651)..id(Bmr007.w.2,652)"/>
   </dialogueact>
   <dialogueact nite:id="Bmr007.E.dialogueact223" starttime="625.824" endtime="626.164" type="b" original-type="b" channel="c4" participant="mn005">
      <nite:child href="Bmr007.E.words.xml#id(Bmr007.w.2,741)..id(Bmr007.w.2,742)"/>
   </dialogueact>
   <dialogueact nite:id="Bmr007.E.dialogueact235" starttime="637.32" endtime="642.105" type="s" adjacency="5b.6a" original-type="s" channel="c4" participant="mn005">
      <nite:child href="Bmr007.E.words.xml#id(Bmr007.w.2,835)..id(Bmr007.w.2,858)"/>
   </dialogueact>
   <dialogueact nite:id="Bmr007.E.dialogueact240" starttime="642.973" endtime="645.133" type="s" adjacency="7a" original-type="s" channel="c4" participant="mn005">
      <nite:child href="Bmr007.E.words.xml#id(Bmr007.w.2,867)..id(Bmr007.w.2,877)"/>
   </dialogueact>
   <dialogueact nite:id="Bmr007.E.dialogueact242" starttime="648.37" endtime="650.42" type="s^cc" adjacency="8b.9a" original-type="s^cc" channel="c4" participant="mn005">
      <nite:child href="Bmr007.E.words.xml#id(Bmr007.w.2,892)..id(Bmr007.w.2,898)"/>
   </dialogueact>
   <dialogueact nite:id="Bmr007.E.dialogueact243" starttime="650.42" endtime="661.14" type="s^cc" adjacency="8b+.9a+" original-type="s^cc" channel="c4" participant="mn005">
      <nite:child href="Bmr007.E.words.xml#id(Bmr007.w.2,899)..id(Bmr007.w.2,943)"/>
   </dialogueact>
   <dialogueact nite:id="Bmr007.E.dialogueact246" starttime="664.648" endtime="666.458" type="s^ng" adjacency="10b" original-type="s^ng" channel="c4" participant="mn005">
      <nite:child href="Bmr007.E.words.xml#id(Bmr007.w.2,963)..id(Bmr007.w.2,975)"/>
   </dialogueact>
   <dialogueact nite:id="Bmr007.E.dialogueact248" starttime="668.74" endtime="674.48" type="s^na.%--" adjacency="10b+" original-type="s^na.%--" channel="c4" participant="mn005">
      <nite:child href="Bmr007.E.words.xml#id(Bmr007.w.2,976)..id(Bmr007.w.3,001)"/>
   </dialogueact>
   <dialogueact nite:id="Bmr007.E.dialogueact252" starttime="675.132" endtime="675.502" type="%-" adjacency="10b++" original-type="%-" channel="c4" participant="mn005">
      <nite:child href="Bmr007.E.words.xml#id(Bmr007.w.3,010)..id(Bmr007.disfmarker.126)"/>
   </dialogueact>
   <dialogueact nite:id="Bmr007.E.dialogueact253" starttime="676.989" endtime="677.289" type="s^aa" adjacency="11b-1" original-type="s^aa" channel="c4" participant="mn005">
      <nite:child href="Bmr007.E.words.xml#id(Bmr007.w.3,027)..id(Bmr007.w.3,028)"/>
   </dialogueact>
   <dialogueact nite:id="Bmr007.E.dialogueact256" starttime="677.852" endtime="687.51" type="s^na" adjacency="11b-1+" original-type="s^na" channel="c4" participant="mn005">
      <nite:child href="Bmr007.E.words.xml#id(Bmr007.w.3,035)..id(Bmr007.w.3,058)"/>
   </dialogueact>
   <dialogueact nite:id="Bmr007.E.dialogueact260" starttime="688.1" endtime="705.96" type="s" original-type="s" channel="c4" participant="mn005">
      <nite:child href="Bmr007.E.words.xml#id(Bmr007.w.3,063)..id(Bmr007.w.3,122)"/>
   </dialogueact>
   <dialogueact nite:id="Bmr007.E.dialogueact262" starttime="706.325" endtime="725.22" type="s" original-type="s" channel="c4" participant="mn005">
      <nite:child href="Bmr007.E.words.xml#id(Bmr007.w.3,123)..id(Bmr007.w.3,178)"/>
   </dialogueact>
   <dialogueact nite:id="Bmr007.E.dialogueact264" starttime="726.29" endtime="732.91" type="s" original-type="s" channel="c4" participant="mn005">
      <nite:child href="Bmr007.E.words.xml#id(Bmr007.w.3,183)..id(Bmr007.w.3,201)"/>
   </dialogueact>
   <dialogueact nite:id="Bmr007.E.dialogueact314" starttime="857.888" endtime="858.408" type="b" original-type="b" channel="c4" participant="mn005">
      <nite:child href="Bmr007.E.words.xml#id(Bmr007.w.3,727)..id(Bmr007.w.3,728)"/>
   </dialogueact>
   <dialogueact nite:id="Bmr007.E.dialogueact319" starttime="860.072" endtime="860.492" type="b" original-type="b" channel="c4" participant="mn005">
      <nite:child href="Bmr007.E.words.xml#id(Bmr007.w.3,742)..id(Bmr007.w.3,743)"/>
   </dialogueact>
   <dialogueact nite:id="Bmr007.E.dialogueact335" starttime="903.572" endtime="903.842" type="b" original-type="b" channel="c4" participant="mn005">
      <nite:child href="Bmr007.E.words.xml#id(Bmr007.w.3,952)..id(Bmr007.w.3,953)"/>
   </dialogueact>
   <dialogueact nite:id="Bmr007.E.dialogueact336" starttime="904.082" endtime="904.352" type="b" original-type="b" channel="c4" participant="mn005">
      <nite:child href="Bmr007.E.words.xml#id(Bmr007.w.3,954)..id(Bmr007.w.3,955)"/>
   </dialogueact>
   <dialogueact nite:id="Bmr007.E.dialogueact337" starttime="906.073" endtime="906.383" type="b" original-type="b" channel="c4" participant="mn005">
      <nite:child href="Bmr007.E.words.xml#id(Bmr007.w.3,966)..id(Bmr007.w.3,967)"/>
   </dialogueact>
   <dialogueact nite:id="Bmr007.E.dialogueact434" starttime="1198.67" endtime="1198.98" type="b" original-type="b" channel="c4" participant="mn005">
      <nite:child href="Bmr007.E.words.xml#id(Bmr007.w.5,320)..id(Bmr007.w.5,321)"/>
   </dialogueact>
   <dialogueact nite:id="Bmr007.E.dialogueact478" starttime="1285.87" endtime="1286.35" type="b" original-type="b" channel="c4" participant="mn005">
      <nite:child href="Bmr007.E.words.xml#id(Bmr007.w.5,821)..id(Bmr007.w.5,822)"/>
   </dialogueact>
   <dialogueact nite:id="Bmr007.E.dialogueact502" starttime="1367.83" endtime="1368.23" type="b" original-type="b" channel="c4" participant="mn005">
      <nite:child href="Bmr007.E.words.xml#id(Bmr007.w.6,199)..id(Bmr007.w.6,200)"/>
   </dialogueact>
   <dialogueact nite:id="Bmr007.E.dialogueact515" starttime="1385.63" endtime="1385.83" type="b" original-type="b" channel="c4" participant="mn005">
      <nite:child href="Bmr007.E.words.xml#id(Bmr007.w.6,303)..id(Bmr007.w.6,308)"/>
   </dialogueact>
   <dialogueact nite:id="Bmr007.E.dialogueact552" starttime="1469.78" endtime="1470.49" type="b" adjacency="15b-3" original-type="b" channel="c4" participant="mn005">
      <nite:child href="Bmr007.E.words.xml#id(Bmr007.w.6,701)..id(Bmr007.w.6,704)"/>
   </dialogueact>
   <dialogueact nite:id="Bmr007.E.dialogueact567" starttime="1505.39" endtime="1505.6" type="b" original-type="b" channel="c4" participant="mn005">
      <nite:child href="Bmr007.E.words.xml#id(Bmr007.w.6,854)..id(Bmr007.w.6,855)"/>
   </dialogueact>
   <dialogueact nite:id="Bmr007.E.dialogueact569" starttime="1509.02" endtime="1509.31" type="b" original-type="b" channel="c4" participant="mn005">
      <nite:child href="Bmr007.E.words.xml#id(Bmr007.w.6,874)..id(Bmr007.w.6,875)"/>
   </dialogueact>
   <dialogueact nite:id="Bmr007.E.dialogueact571" starttime="1509.9" endtime="1510.16" type="b" original-type="b" channel="c4" participant="mn005">
      <nite:child href="Bmr007.E.words.xml#id(Bmr007.w.6,876)..id(Bmr007.w.6,877)"/>
   </dialogueact>
   <dialogueact nite:id="Bmr007.E.dialogueact574" starttime="1510.57" endtime="1510.79" type="b" original-type="b" channel="c4" participant="mn005">
      <nite:child href="Bmr007.E.words.xml#id(Bmr007.w.6,895)..id(Bmr007.w.6,896)"/>
   </dialogueact>
   <dialogueact nite:id="Bmr007.E.dialogueact595" starttime="1560.59" endtime="1561.51" type="s.%-" original-type="s.%-" channel="c4" participant="mn005">
      <nite:child href="Bmr007.E.words.xml#id(Bmr007.w.7,123)..id(Bmr007.disfmarker.288)"/>
   </dialogueact>
   <dialogueact nite:id="Bmr007.E.dialogueact623" starttime="1652.44" endtime="1652.91" type="b" original-type="b" channel="c4" participant="mn005">
      <nite:child href="Bmr007.E.words.xml#id(Bmr007.w.7,513)..id(Bmr007.w.7,514)"/>
   </dialogueact>
   <dialogueact nite:id="Bmr007.E.dialogueact624" starttime="1654.95" endtime="1655.63" type="s^2^aa" adjacency="29b-1" original-type="s^2^aa" channel="c4" participant="mn005">
      <nite:child href="Bmr007.E.words.xml#id(Bmr007.w.7,520)..id(Bmr007.w.7,523)"/>
   </dialogueact>
   <dialogueact nite:id="Bmr007.E.dialogueact636" starttime="1673.14" endtime="1673.63" type="b" original-type="b" channel="c4" participant="mn005">
      <nite:child href="Bmr007.E.words.xml#id(Bmr007.w.7,618)..id(Bmr007.w.7,619)"/>
   </dialogueact>
   <dialogueact nite:id="Bmr007.E.dialogueact663" starttime="1740.54" endtime="1740.89" type="b" original-type="b" channel="c4" participant="mn005">
      <nite:child href="Bmr007.E.words.xml#id(Bmr007.w.7,898)..id(Bmr007.w.7,899)"/>
   </dialogueact>
   <dialogueact nite:id="Bmr007.E.dialogueact713" starttime="1836.31" endtime="1837.13" type="b" original-type="b" channel="c4" participant="mn005">
      <nite:child href="Bmr007.E.words.xml#id(Bmr007.w.8,362)..id(Bmr007.w.8,366)"/>
   </dialogueact>
   <dialogueact nite:id="Bmr007.E.dialogueact714" starttime="1837.95" endtime="1838.19" type="b" original-type="b" channel="c4" participant="mn005">
      <nite:child href="Bmr007.E.words.xml#id(Bmr007.w.8,367)..id(Bmr007.w.8,368)"/>
   </dialogueact>
   <dialogueact nite:id="Bmr007.E.dialogueact717" starttime="1840.33" endtime="1840.46" type="b" original-type="b" channel="c4" participant="mn005">
      <nite:child href="Bmr007.E.words.xml#id(Bmr007.w.8,398)..id(Bmr007.w.8,399)"/>
   </dialogueact>
   <dialogueact nite:id="Bmr007.E.dialogueact720" starttime="1841.94" endtime="1842.0" type="b" original-type="b" channel="c4" participant="mn005">
      <nite:child href="Bmr007.E.words.xml#id(Bmr007.w.8,400)..id(Bmr007.w.8,401)"/>
   </dialogueact>
   <dialogueact nite:id="Bmr007.E.dialogueact721" starttime="1842.4" endtime="1847.19" type="s" original-type="s" channel="c4" participant="mn005">
      <nite:child href="Bmr007.E.words.xml#id(Bmr007.w.8,402)..id(Bmr007.w.8,419)"/>
   </dialogueact>
   <dialogueact nite:id="Bmr007.E.dialogueact736" starttime="1866.28" endtime="1866.46" type="b" original-type="b" channel="c4" participant="mn005">
      <nite:child href="Bmr007.E.words.xml#id(Bmr007.w.8,546)..id(Bmr007.w.8,547)"/>
   </dialogueact>
   <dialogueact nite:id="Bmr007.E.dialogueact746" starttime="1876.07" endtime="1878.47" type="b" original-type="b" channel="c4" participant="mn005">
      <nite:child href="Bmr007.E.words.xml#id(Bmr007.w.8,613)..id(Bmr007.w.8,631)"/>
   </dialogueact>
   <dialogueact nite:id="Bmr007.E.dialogueact768" starttime="1898.31" endtime="1898.95" type="s^aa" adjacency="15b" original-type="s^aa" channel="c4" participant="mn005">
      <nite:child href="Bmr007.E.words.xml#id(Bmr007.w.8,781)..id(Bmr007.w.8,785)"/>
   </dialogueact>
   <dialogueact nite:id="Bmr007.E.dialogueact860" starttime="2159.6" endtime="2162.07" type="s.%--" original-type="s.%--" channel="c4" participant="mn005">
      <nite:child href="Bmr007.E.words.xml#id(Bmr007.w.9,864)..id(Bmr007.w.9,868)"/>
   </dialogueact>
   <dialogueact nite:id="Bmr007.E.dialogueact861" starttime="2162.19" endtime="2172.33" type="s" adjacency="32a" original-type="s" channel="c4" participant="mn005">
      <nite:child href="Bmr007.E.words.xml#id(Bmr007.w.9,869)..id(Bmr007.w.9,896)"/>
   </dialogueact>
   <dialogueact nite:id="Bmr007.E.dialogueact862" starttime="2172.33" endtime="2176.98" type="s" adjacency="32a+" original-type="s" channel="c4" participant="mn005">
      <nite:child href="Bmr007.E.words.xml#id(Bmr007.w.9,897)..id(Bmr007.w.9,912)"/>
   </dialogueact>
   <dialogueact nite:id="Bmr007.E.dialogueact865" starttime="2177.47" endtime="2192.67" type="fg|s" adjacency="33a" original-type="fg|s" channel="c4" participant="mn005">
      <nite:child href="Bmr007.E.words.xml#id(Bmr007.w.9,932)..id(Bmr007.w.9,968)"/>
   </dialogueact>
   <dialogueact nite:id="Bmr007.E.dialogueact867" starttime="2193.65" endtime="2206.63" type="fh|s" adjacency="33a+" original-type="fh|s" channel="c4" participant="mn005">
      <nite:child href="Bmr007.E.words.xml#id(Bmr007.w.9,969)..id(Bmr007.w.10,004)"/>
   </dialogueact>
   <dialogueact nite:id="Bmr007.E.dialogueact869" starttime="2207.83" endtime="2208.34" comment="FBH" type="h" original-type="h" channel="c4" participant="mn005">
      <nite:child href="Bmr007.E.words.xml#id(Bmr007.w.10,009)..id(Bmr007.w.10,011)"/>
   </dialogueact>
   <dialogueact nite:id="Bmr007.E.dialogueact870" starttime="2208.65" endtime="2215.79" comment="FBH" type="s" adjacency="34b.35a" original-type="s" channel="c4" participant="mn005">
      <nite:child href="Bmr007.E.words.xml#id(Bmr007.w.10,012)..id(Bmr007.w.10,034)"/>
   </dialogueact>
   <dialogueact nite:id="Bmr007.E.dialogueact871" starttime="2216.01" endtime="2217.44" type="qw^t1" original-type="qw^t1" channel="c4" participant="mn005">
      <nite:child href="Bmr007.E.words.xml#id(Bmr007.w.10,035)..id(Bmr007.w.10,042)"/>
   </dialogueact>
   <dialogueact nite:id="Bmr007.E.dialogueact872" starttime="2218.09" endtime="2228.23" type="s.%-" adjacency="34b+.35a+" original-type="s.%-" channel="c4" participant="mn005">
      <nite:child href="Bmr007.E.words.xml#id(Bmr007.w.10,043)..id(Bmr007.w.10,086)"/>
   </dialogueact>
   <dialogueact nite:id="Bmr007.E.dialogueact875" starttime="2228.6" endtime="2232.09" type="s.%-" adjacency="34b++.35a++" original-type="s.%-" channel="c4" participant="mn005">
      <nite:child href="Bmr007.E.words.xml#id(Bmr007.w.10,087)..id(Bmr007.w.10,097)"/>
   </dialogueact>
   <dialogueact nite:id="Bmr007.E.dialogueact877" starttime="2232.91" endtime="2233.15" type="s^aa" adjacency="36b-1" original-type="s^aa" channel="c4" participant="mn005">
      <nite:child href="Bmr007.E.words.xml#id(Bmr007.w.10,107)..id(Bmr007.w.10,108)"/>
   </dialogueact>
   <dialogueact nite:id="Bmr007.E.dialogueact879" starttime="2235.41" endtime="2242.2" type="s" original-type="s" channel="c4" participant="mn005">
      <nite:child href="Bmr007.E.words.xml#id(Bmr007.w.10,114)..id(Bmr007.w.10,141)"/>
   </dialogueact>
   <dialogueact nite:id="Bmr007.E.dialogueact880" starttime="2242.2" endtime="2245.45" type="s" original-type="s" channel="c4" participant="mn005">
      <nite:child href="Bmr007.E.words.xml#id(Bmr007.w.10,142)..id(Bmr007.w.10,150)"/>
   </dialogueact>
   <dialogueact nite:id="Bmr007.E.dialogueact881" starttime="2246.06" endtime="2254.72" type="s" adjacency="37a" original-type="s" channel="c4" participant="mn005">
      <nite:child href="Bmr007.E.words.xml#id(Bmr007.w.10,151)..id(Bmr007.w.10,180)"/>
   </dialogueact>
   <dialogueact nite:id="Bmr007.E.dialogueact883" starttime="2255.42" endtime="2259.53" type="s" adjacency="38a" original-type="s" channel="c4" participant="mn005">
      <nite:child href="Bmr007.E.words.xml#id(Bmr007.w.10,181)..id(Bmr007.w.10,194)"/>
   </dialogueact>
   <dialogueact nite:id="Bmr007.E.dialogueact885" starttime="2260.21" endtime="2266.02" type="s" original-type="s" channel="c4" participant="mn005">
      <nite:child href="Bmr007.E.words.xml#id(Bmr007.w.10,197)..id(Bmr007.w.10,221)"/>
   </dialogueact>
   <dialogueact nite:id="Bmr007.E.dialogueact887" starttime="2266.38" endtime="2270.52" type="s" adjacency="39a" original-type="s" channel="c4" participant="mn005">
      <nite:child href="Bmr007.E.words.xml#id(Bmr007.w.10,222)..id(Bmr007.w.10,236)"/>
   </dialogueact>
   <dialogueact nite:id="Bmr007.E.dialogueact888" starttime="2271.01" endtime="2271.75" type="s" original-type="s" channel="c4" participant="mn005">
      <nite:child href="Bmr007.E.words.xml#id(Bmr007.w.10,237)..id(Bmr007.w.10,240)"/>
   </dialogueact>
   <dialogueact nite:id="Bmr007.E.dialogueact889" starttime="2272.58" endtime="2273.58" type="s.%-" original-type="s.%-" channel="c4" participant="mn005">
      <nite:child href="Bmr007.E.words.xml#id(Bmr007.w.10,241)..id(Bmr007.w.10,245)"/>
   </dialogueact>
   <dialogueact nite:id="Bmr007.E.dialogueact891" starttime="2274.75" endtime="2275.39" type="s^na" adjacency="40b" original-type="s^na" channel="c4" participant="mn005">
      <nite:child href="Bmr007.E.words.xml#id(Bmr007.w.10,246)..id(Bmr007.w.10,249)"/>
   </dialogueact>
   <dialogueact nite:id="Bmr007.E.dialogueact894" starttime="2275.77" endtime="2275.87" type="b" original-type="b" channel="c4" participant="mn005">
      <nite:child href="Bmr007.E.words.xml#id(Bmr007.w.10,250)..id(Bmr007.w.10,251)"/>
   </dialogueact>
   <dialogueact nite:id="Bmr007.E.dialogueact895" starttime="2276.04" endtime="2276.28" type="b" original-type="b" channel="c4" participant="mn005">
      <nite:child href="Bmr007.E.words.xml#id(Bmr007.w.10,252)..id(Bmr007.w.10,253)"/>
   </dialogueact>
   <dialogueact nite:id="Bmr007.E.dialogueact899" starttime="2278.19" endtime="2282.58" type="s" original-type="s" channel="c4" participant="mn005">
      <nite:child href="Bmr007.E.words.xml#id(Bmr007.w.10,254)..id(Bmr007.w.10,302)"/>
   </dialogueact>
   <dialogueact nite:id="Bmr007.E.dialogueact900" starttime="2283.38" endtime="2297.13" comment="FBH" type="s" original-type="s" channel="c4" participant="mn005">
      <nite:child href="Bmr007.E.words.xml#id(Bmr007.w.10,303)..id(Bmr007.w.10,343)"/>
   </dialogueact>
   <dialogueact nite:id="Bmr007.E.dialogueact901" starttime="2297.74" endtime="2318.09" comment="FBH" type="s" original-type="s" channel="c4" participant="mn005">
      <nite:child href="Bmr007.E.words.xml#id(Bmr007.w.10,344)..id(Bmr007.w.10,410)"/>
   </dialogueact>
   <dialogueact nite:id="Bmr007.E.dialogueact903" starttime="2318.65" endtime="2333.02" type="fh|s" adjacency="41a" original-type="fh|s" channel="c4" participant="mn005">
      <nite:child href="Bmr007.E.words.xml#id(Bmr007.w.10,411)..id(Bmr007.w.10,438)"/>
   </dialogueact>
   <dialogueact nite:id="Bmr007.E.dialogueact906" starttime="2335.62" endtime="2342.64" type="s" adjacency="42a" original-type="s" channel="c4" participant="mn005">
      <nite:child href="Bmr007.E.words.xml#id(Bmr007.w.10,450)..id(Bmr007.w.10,473)"/>
   </dialogueact>
   <dialogueact nite:id="Bmr007.E.dialogueact907" starttime="2343.41" endtime="2348.56" type="s" adjacency="42a+" original-type="s" channel="c4" participant="mn005">
      <nite:child href="Bmr007.E.words.xml#id(Bmr007.w.10,474)..id(Bmr007.w.10,486)"/>
   </dialogueact>
   <dialogueact nite:id="Bmr007.E.dialogueact908" starttime="2349.14" endtime="2354.53" type="s" adjacency="42a++" original-type="s" channel="c4" participant="mn005">
      <nite:child href="Bmr007.E.words.xml#id(Bmr007.w.10,487)..id(Bmr007.w.10,501)"/>
   </dialogueact>
   <dialogueact nite:id="Bmr007.E.dialogueact911" starttime="2354.96" endtime="2360.72" type="s" adjacency="42a+++" original-type="s" channel="c4" participant="mn005">
      <nite:child href="Bmr007.E.words.xml#id(Bmr007.w.10,510)..id(Bmr007.w.10,528)"/>
   </dialogueact>
   <dialogueact nite:id="Bmr007.E.dialogueact912" starttime="2361.3" endtime="2383.62" type="s^cs" adjacency="42a++++" original-type="s^cs" channel="c4" participant="mn005">
      <nite:child href="Bmr007.E.words.xml#id(Bmr007.w.10,529)..id(Bmr007.w.10,585)"/>
   </dialogueact>
   <dialogueact nite:id="Bmr007.E.dialogueact915" starttime="2390.22" endtime="2390.48" type="b" original-type="b" channel="c4" participant="mn005">
      <nite:child href="Bmr007.E.words.xml#id(Bmr007.w.10,610)..id(Bmr007.w.10,611)"/>
   </dialogueact>
   <dialogueact nite:id="Bmr007.E.dialogueact917" starttime="2393.01" endtime="2393.2" type="b" original-type="b" channel="c4" participant="mn005">
      <nite:child href="Bmr007.E.words.xml#id(Bmr007.w.10,646)..id(Bmr007.w.10,647)"/>
   </dialogueact>
   <dialogueact nite:id="Bmr007.E.dialogueact919" starttime="2394.2" endtime="2394.89" type="b" original-type="b" channel="c4" participant="mn005">
      <nite:child href="Bmr007.E.words.xml#id(Bmr007.w.10,648)..id(Bmr007.w.10,655)"/>
   </dialogueact>
   <dialogueact nite:id="Bmr007.E.dialogueact921" starttime="2399.27" endtime="2399.62" type="b" original-type="b" channel="c4" participant="mn005">
      <nite:child href="Bmr007.E.words.xml#id(Bmr007.w.10,676)..id(Bmr007.w.10,677)"/>
   </dialogueact>
   <dialogueact nite:id="Bmr007.E.dialogueact923" starttime="2400.89" endtime="2402.46" type="b" original-type="b" channel="c4" participant="mn005">
      <nite:child href="Bmr007.E.words.xml#id(Bmr007.w.10,686)..id(Bmr007.w.10,711)"/>
   </dialogueact>
   <dialogueact nite:id="Bmr007.E.dialogueact925" starttime="2407.01" endtime="2407.24" type="b" original-type="b" channel="c4" participant="mn005">
      <nite:child href="Bmr007.E.words.xml#id(Bmr007.w.10,712)..id(Bmr007.w.10,715)"/>
   </dialogueact>
   <dialogueact nite:id="Bmr007.E.dialogueact926" starttime="2407.85" endtime="2420.61" type="fg|qy" original-type="fg|qy" channel="c4" participant="mn005">
      <nite:child href="Bmr007.E.words.xml#id(Bmr007.w.10,716)..id(Bmr007.w.10,751)"/>
   </dialogueact>
   <dialogueact nite:id="Bmr007.E.dialogueact927" starttime="2420.71" endtime="2424.15" type="s^e" original-type="s^e" channel="c4" participant="mn005">
      <nite:child href="Bmr007.E.words.xml#id(Bmr007.w.10,752)..id(Bmr007.w.10,762)"/>
   </dialogueact>
   <dialogueact nite:id="Bmr007.E.dialogueact928" starttime="2424.15" endtime="2424.37" type="fh" original-type="fh" channel="c4" participant="mn005">
      <nite:child href="Bmr007.E.words.xml#id(Bmr007.w.10,763)..id(Bmr007.w.10,764)"/>
   </dialogueact>
   <dialogueact nite:id="Bmr007.E.dialogueact929" starttime="2424.37" endtime="2431.31" type="s" original-type="s" channel="c4" participant="mn005">
      <nite:child href="Bmr007.E.words.xml#id(Bmr007.w.10,765)..id(Bmr007.w.10,784)"/>
   </dialogueact>
   <dialogueact nite:id="Bmr007.E.dialogueact931" starttime="2431.76" endtime="2433.03" type="s" original-type="s" channel="c4" participant="mn005">
      <nite:child href="Bmr007.E.words.xml#id(Bmr007.w.10,785)..id(Bmr007.w.10,792)"/>
   </dialogueact>
   <dialogueact nite:id="Bmr007.E.dialogueact933" starttime="2434.16" endtime="2443.98" type="s" adjacency="2a" original-type="s" channel="c4" participant="mn005">
      <nite:child href="Bmr007.E.words.xml#id(Bmr007.w.10,801)..id(Bmr007.w.10,831)"/>
   </dialogueact>
   <dialogueact nite:id="Bmr007.E.dialogueact936" starttime="2443.98" endtime="2444.08" type="fh" adjacency="2a" original-type="fh" channel="c4" participant="mn005">
      <nite:child href="Bmr007.E.words.xml#id(Bmr007.w.10,832)..id(Bmr007.w.10,833)"/>
   </dialogueact>
   <dialogueact nite:id="Bmr007.E.dialogueact938" starttime="2444.94" endtime="2445.79" type="s" original-type="s" channel="c4" participant="mn005">
      <nite:child href="Bmr007.E.words.xml#id(Bmr007.w.10,842)..id(Bmr007.w.10,847)"/>
   </dialogueact>
   <dialogueact nite:id="Bmr007.E.dialogueact939" starttime="2445.79" endtime="2462.49" type="s" adjacency="3a" original-type="s" channel="c4" participant="mn005">
      <nite:child href="Bmr007.E.words.xml#id(Bmr007.w.10,848)..id(Bmr007.w.10,902)"/>
   </dialogueact>
   <dialogueact nite:id="Bmr007.E.dialogueact941" starttime="2463.44" endtime="2479.05" type="s" original-type="s" channel="c4" participant="mn005">
      <nite:child href="Bmr007.E.words.xml#id(Bmr007.w.10,905)..id(Bmr007.w.10,946)"/>
   </dialogueact>
   <dialogueact nite:id="Bmr007.E.dialogueact943" starttime="2479.42" endtime="2493.22" type="s" original-type="s" channel="c4" participant="mn005">
      <nite:child href="Bmr007.E.words.xml#id(Bmr007.w.10,947)..id(Bmr007.w.10,988)"/>
   </dialogueact>
   <dialogueact nite:id="Bmr007.E.dialogueact944" starttime="2493.73" endtime="2505.31" type="s" original-type="s" channel="c4" participant="mn005">
      <nite:child href="Bmr007.E.words.xml#id(Bmr007.w.10,989)..id(Bmr007.w.11,020)"/>
   </dialogueact>
   <dialogueact nite:id="Bmr007.E.dialogueact946" starttime="2505.64" endtime="2520.62" comment="FBH" type="s" original-type="s" channel="c4" participant="mn005">
      <nite:child href="Bmr007.E.words.xml#id(Bmr007.w.11,021)..id(Bmr007.w.11,067)"/>
   </dialogueact>
   <dialogueact nite:id="Bmr007.E.dialogueact948" starttime="2520.96" endtime="2543.98" type="s" adjacency="4a" original-type="s" channel="c4" participant="mn005">
      <nite:child href="Bmr007.E.words.xml#id(Bmr007.w.11,068)..id(Bmr007.w.11,134)"/>
   </dialogueact>
   <dialogueact nite:id="Bmr007.E.dialogueact952" starttime="2544.46" endtime="2546.34" type="s" adjacency="5b.6a" original-type="s" channel="c4" participant="mn005">
      <nite:child href="Bmr007.E.words.xml#id(Bmr007.w.11,140)..id(Bmr007.w.11,146)"/>
   </dialogueact>
   <dialogueact nite:id="Bmr007.E.dialogueact953" starttime="2546.34" endtime="2548.06" type="s^r" adjacency="5b+.7b" original-type="s^r" channel="c4" participant="mn005">
      <nite:child href="Bmr007.E.words.xml#id(Bmr007.w.11,151)..id(Bmr007.w.11,165)"/>
   </dialogueact>
   <dialogueact nite:id="Bmr007.E.dialogueact958" starttime="2548.97" endtime="2549.51" type="s^fa" adjacency="7b+" original-type="s^fa" channel="c4" participant="mn005">
      <nite:child href="Bmr007.E.words.xml#id(Bmr007.w.11,166)..id(Bmr007.w.11,167)"/>
   </dialogueact>
   <dialogueact nite:id="Bmr007.E.dialogueact959" starttime="2549.51" endtime="2568.01" type="s" adjacency="8a" original-type="s" channel="c4" participant="mn005">
      <nite:child href="Bmr007.E.words.xml#id(Bmr007.w.11,168)..id(Bmr007.w.11,259)"/>
   </dialogueact>
   <dialogueact nite:id="Bmr007.E.dialogueact964" starttime="2569.68" endtime="2569.94" type="qy^bh" original-type="qy^bh" channel="c4" participant="mn005">
      <nite:child href="Bmr007.E.words.xml#id(Bmr007.w.11,268)..id(Bmr007.w.11,269)"/>
   </dialogueact>
   <dialogueact nite:id="Bmr007.E.dialogueact966" starttime="2574.99" endtime="2575.23" type="b" original-type="b" channel="c4" participant="mn005">
      <nite:child href="Bmr007.E.words.xml#id(Bmr007.w.11,300)..id(Bmr007.w.11,301)"/>
   </dialogueact>
   <dialogueact nite:id="Bmr007.E.dialogueact971" starttime="2597.46" endtime="2597.73" type="b" original-type="b" channel="c4" participant="mn005">
      <nite:child href="Bmr007.E.words.xml#id(Bmr007.w.11,423)..id(Bmr007.w.11,424)"/>
   </dialogueact>
   <dialogueact nite:id="Bmr007.E.dialogueact976" starttime="2608.2" endtime="2608.58" type="b" original-type="b" channel="c4" participant="mn005">
      <nite:child href="Bmr007.E.words.xml#id(Bmr007.w.11,451)..id(Bmr007.w.11,452)"/>
   </dialogueact>
   <dialogueact nite:id="Bmr007.E.dialogueact978" starttime="2611.14" endtime="2611.38" type="b" original-type="b" channel="c4" participant="mn005">
      <nite:child href="Bmr007.E.words.xml#id(Bmr007.w.11,466)..id(Bmr007.w.11,467)"/>
   </dialogueact>
   <dialogueact nite:id="Bmr007.E.dialogueact986" starttime="2636.88" endtime="2637.15" type="b" original-type="b" channel="c4" participant="mn005">
      <nite:child href="Bmr007.E.words.xml#id(Bmr007.w.11,580)..id(Bmr007.w.11,581)"/>
   </dialogueact>
   <dialogueact nite:id="Bmr007.E.dialogueact989" starttime="2640.09" endtime="2640.92" type="s^2" adjacency="9b-2" original-type="s^2" channel="c4" participant="mn005">
      <nite:child href="Bmr007.E.words.xml#id(Bmr007.w.11,613)..id(Bmr007.w.11,615)"/>
   </dialogueact>
   <dialogueact nite:id="Bmr007.E.dialogueact1005" starttime="2685.11" endtime="2685.44" type="b" original-type="b" channel="c4" participant="mn005">
      <nite:child href="Bmr007.E.words.xml#id(Bmr007.w.11,781)..id(Bmr007.w.11,782)"/>
   </dialogueact>
   <dialogueact nite:id="Bmr007.E.dialogueact1014" starttime="2697.18" endtime="2697.46" type="b" original-type="b" channel="c4" participant="mn005">
      <nite:child href="Bmr007.E.words.xml#id(Bmr007.w.11,832)..id(Bmr007.w.11,833)"/>
   </dialogueact>
   <dialogueact nite:id="Bmr007.E.dialogueact1017" starttime="2704.1" endtime="2705.12" type="b" original-type="b" channel="c4" participant="mn005">
      <nite:child href="Bmr007.E.words.xml#id(Bmr007.w.11,885)..id(Bmr007.w.11,889)"/>
   </dialogueact>
   <dialogueact nite:id="Bmr007.E.dialogueact1031" starttime="2736.66" endtime="2736.95" type="fh" original-type="fh" channel="c4" participant="mn005">
      <nite:child href="Bmr007.E.words.xml#id(Bmr007.w.12,030)..id(Bmr007.w.12,032)"/>
   </dialogueact>
   <dialogueact nite:id="Bmr007.E.dialogueact1032" starttime="2736.95" endtime="2738.68" type="s^fa" original-type="s^fa" channel="c4" participant="mn005">
      <nite:child href="Bmr007.E.words.xml#id(Bmr007.w.12,033)..id(Bmr007.w.12,036)"/>
   </dialogueact>
   <dialogueact nite:id="Bmr007.E.dialogueact1033" starttime="2738.83" endtime="2753.28" type="s" original-type="s" channel="c4" participant="mn005">
      <nite:child href="Bmr007.E.words.xml#id(Bmr007.w.12,037)..id(Bmr007.w.12,127)"/>
   </dialogueact>
   <dialogueact nite:id="Bmr007.E.dialogueact1043" starttime="2754.44" endtime="2756.36" type="s" original-type="s" channel="c4" participant="mn005">
      <nite:child href="Bmr007.E.words.xml#id(Bmr007.w.12,128)..id(Bmr007.w.12,131)"/>
   </dialogueact>
   <dialogueact nite:id="Bmr007.E.dialogueact1044" starttime="2756.59" endtime="2757.06" type="s^bsc" original-type="s^bsc" channel="c4" participant="mn005">
      <nite:child href="Bmr007.E.words.xml#id(Bmr007.w.12,132)..id(Bmr007.w.12,133)"/>
   </dialogueact>
   <dialogueact nite:id="Bmr007.E.dialogueact1045" starttime="2757.78" endtime="2770.52" type="s" original-type="s" channel="c4" participant="mn005">
      <nite:child href="Bmr007.E.words.xml#id(Bmr007.w.12,134)..id(Bmr007.w.12,170)"/>
   </dialogueact>
   <dialogueact nite:id="Bmr007.E.dialogueact1046" starttime="2771.09" endtime="2782.9" type="s" original-type="s" channel="c4" participant="mn005">
      <nite:child href="Bmr007.E.words.xml#id(Bmr007.w.12,171)..id(Bmr007.w.12,204)"/>
   </dialogueact>
   <dialogueact nite:id="Bmr007.E.dialogueact1047" starttime="2783.32" endtime="2784.84" type="s^bsc" original-type="s^bsc" channel="c4" participant="mn005">
      <nite:child href="Bmr007.E.words.xml#id(Bmr007.w.12,205)..id(Bmr007.w.12,210)"/>
   </dialogueact>
   <dialogueact nite:id="Bmr007.E.dialogueact1048" starttime="2785.69" endtime="2799.3" type="s" adjacency="19a" original-type="s" channel="c4" participant="mn005">
      <nite:child href="Bmr007.E.words.xml#id(Bmr007.w.12,211)..id(Bmr007.w.12,256)"/>
   </dialogueact>
   <dialogueact nite:id="Bmr007.E.dialogueact1051" starttime="2810.92" endtime="2811.23" type="b" original-type="b" channel="c4" participant="mn005">
      <nite:child href="Bmr007.E.words.xml#id(Bmr007.w.12,310)..id(Bmr007.w.12,311)"/>
   </dialogueact>
   <dialogueact nite:id="Bmr007.E.dialogueact1053" starttime="2812.26" endtime="2812.64" type="b" original-type="b" channel="c4" participant="mn005">
      <nite:child href="Bmr007.E.words.xml#id(Bmr007.w.12,312)..id(Bmr007.w.12,313)"/>
   </dialogueact>
   <dialogueact nite:id="Bmr007.E.dialogueact1054" starttime="2816.34" endtime="2816.59" type="b" original-type="b" channel="c4" participant="mn005">
      <nite:child href="Bmr007.E.words.xml#id(Bmr007.w.12,346)..id(Bmr007.w.12,347)"/>
   </dialogueact>
   <dialogueact nite:id="Bmr007.E.dialogueact1055" starttime="2821.22" endtime="2821.53" type="b" original-type="b" channel="c4" participant="mn005">
      <nite:child href="Bmr007.E.words.xml#id(Bmr007.w.12,389)..id(Bmr007.w.12,390)"/>
   </dialogueact>
   <dialogueact nite:id="Bmr007.E.dialogueact1057" starttime="2821.69" endtime="2821.95" type="b" original-type="b" channel="c4" participant="mn005">
      <nite:child href="Bmr007.E.words.xml#id(Bmr007.w.12,399)..id(Bmr007.w.12,400)"/>
   </dialogueact>
   <dialogueact nite:id="Bmr007.E.dialogueact1059" starttime="2822.55" endtime="2822.8" type="b" original-type="b" channel="c4" participant="mn005">
      <nite:child href="Bmr007.E.words.xml#id(Bmr007.w.12,401)..id(Bmr007.w.12,402)"/>
   </dialogueact>
   <dialogueact nite:id="Bmr007.E.dialogueact1061" starttime="2824.93" endtime="2825.19" type="b" original-type="b" channel="c4" participant="mn005">
      <nite:child href="Bmr007.E.words.xml#id(Bmr007.w.12,403)..id(Bmr007.w.12,404)"/>
   </dialogueact>
   <dialogueact nite:id="Bmr007.E.dialogueact1062" starttime="2826.37" endtime="2826.57" type="b" original-type="b" channel="c4" participant="mn005">
      <nite:child href="Bmr007.E.words.xml#id(Bmr007.w.12,405)..id(Bmr007.w.12,406)"/>
   </dialogueact>
   <dialogueact nite:id="Bmr007.E.dialogueact1064" starttime="2832.68" endtime="2832.82" type="b" original-type="b" channel="c4" participant="mn005">
      <nite:child href="Bmr007.E.words.xml#id(Bmr007.w.12,445)..id(Bmr007.w.12,446)"/>
   </dialogueact>
   <dialogueact nite:id="Bmr007.E.dialogueact1067" starttime="2834.32" endtime="2834.59" type="b" original-type="b" channel="c4" participant="mn005">
      <nite:child href="Bmr007.E.words.xml#id(Bmr007.w.12,468)..id(Bmr007.w.12,469)"/>
   </dialogueact>
   <dialogueact nite:id="Bmr007.E.dialogueact1080" starttime="2855.28" endtime="2856.15" type="b" original-type="b" channel="c4" participant="mn005">
      <nite:child href="Bmr007.E.words.xml#id(Bmr007.w.12,573)..id(Bmr007.w.12,591)"/>
   </dialogueact>
   <dialogueact nite:id="Bmr007.E.dialogueact1086" starttime="2856.94" endtime="2857.23" type="b" original-type="b" channel="c4" participant="mn005">
      <nite:child href="Bmr007.E.words.xml#id(Bmr007.w.12,597)..id(Bmr007.w.12,598)"/>
   </dialogueact>
   <dialogueact nite:id="Bmr007.E.dialogueact1168" starttime="3066.68" endtime="3066.86" type="b" original-type="b" channel="c4" participant="mn005">
      <nite:child href="Bmr007.E.words.xml#id(Bmr007.w.13,558)..id(Bmr007.w.13,559)"/>
   </dialogueact>
   <dialogueact nite:id="Bmr007.E.dialogueact1197" starttime="3128.99" endtime="3129.51" type="b" original-type="b" channel="c4" participant="mn005">
      <nite:child href="Bmr007.E.words.xml#id(Bmr007.w.13,863)..id(Bmr007.w.13,866)"/>
   </dialogueact>
   <dialogueact nite:id="Bmr007.E.dialogueact1220" starttime="3154.23" endtime="3154.45" type="b" original-type="b" channel="c4" participant="mn005">
      <nite:child href="Bmr007.E.words.xml#id(Bmr007.w.14,045)"/>
   </dialogueact>
   <dialogueact nite:id="Bmr007.E.dialogueact1228" starttime="3159.47" endtime="3159.74" type="b" original-type="b" channel="c4" participant="mn005">
      <nite:child href="Bmr007.E.words.xml#id(Bmr007.w.14,082)..id(Bmr007.w.14,083)"/>
   </dialogueact>
   <dialogueact nite:id="Bmr007.E.dialogueact1231" starttime="3160.12" endtime="3160.35" type="b" original-type="b" channel="c4" participant="mn005">
      <nite:child href="Bmr007.E.words.xml#id(Bmr007.w.14,093)..id(Bmr007.w.14,094)"/>
   </dialogueact>
</nite:root>