<?xml version="1.0" encoding="ISO-8859-1" standalone="yes"?>
<nite:root nite:id="Bmr007.H.dialogue-acts" xmlns:nite="http://nite.sourceforge.net/">
   <dialogueact nite:id="Bmr007.H.dialogueact8" starttime="5.517" endtime="9.897" type="z" original-type="z" channel="cB" participant="me011">
      <nite:child href="Bmr007.H.words.xml#id(Bmr007.w.38)..id(Bmr007.w.65)"/>
   </dialogueact>
   <dialogueact nite:id="Bmr007.H.dialogueact12" starttime="9.977" endtime="10.897" type="z" original-type="z" channel="cB" participant="me011">
      <nite:child href="Bmr007.H.words.xml#id(Bmr007.w.66)..id(Bmr007.w.70)"/>
   </dialogueact>
   <dialogueact nite:id="Bmr007.H.dialogueact13" starttime="10.897" endtime="12.277" type="z" original-type="z" channel="cB" participant="me011">
      <nite:child href="Bmr007.H.words.xml#id(Bmr007.w.71)..id(Bmr007.w.77)"/>
   </dialogueact>
   <dialogueact nite:id="Bmr007.H.dialogueact19" starttime="14.483" endtime="15.983" type="qy^rt" adjacency="1a" original-type="qy^rt" channel="cB" participant="me011">
      <nite:child href="Bmr007.H.words.xml#id(Bmr007.w.100)..id(Bmr007.w.111)"/>
   </dialogueact>
   <dialogueact nite:id="Bmr007.H.dialogueact22" starttime="18.71" endtime="19.8" type="s^bk|s" adjacency="2b" original-type="s^bk|s" channel="cB" participant="me011">
      <nite:child href="Bmr007.H.words.xml#id(Bmr007.w.125)..id(Bmr007.w.130)"/>
   </dialogueact>
   <dialogueact nite:id="Bmr007.H.dialogueact26" starttime="23.561" endtime="24.911" type="s^bd" adjacency="3b.4a" original-type="s^bd" channel="cB" participant="me011">
      <nite:child href="Bmr007.H.words.xml#id(Bmr007.w.161)..id(Bmr007.w.169)"/>
   </dialogueact>
   <dialogueact nite:id="Bmr007.H.dialogueact27" starttime="25.131" endtime="25.351" type="s^aa" adjacency="3b+.4a+" original-type="s^aa" channel="cB" participant="me011">
      <nite:child href="Bmr007.H.words.xml#id(Bmr007.w.170)..id(Bmr007.w.171)"/>
   </dialogueact>
   <dialogueact nite:id="Bmr007.H.dialogueact36" starttime="41.256" endtime="42.046" type="s" original-type="s" channel="cB" participant="me011">
      <nite:child href="Bmr007.H.words.xml#id(Bmr007.w.237)..id(Bmr007.w.241)"/>
   </dialogueact>
   <dialogueact nite:id="Bmr007.H.dialogueact42" starttime="56.101" endtime="58.071" type="s" adjacency="6a" original-type="s" channel="cB" participant="me011">
      <nite:child href="Bmr007.H.words.xml#id(Bmr007.w.290)..id(Bmr007.w.297)"/>
   </dialogueact>
   <dialogueact nite:id="Bmr007.H.dialogueact68" starttime="132.712" endtime="133.802" type="qy^rt" adjacency="12b.13a" original-type="qy^rt" channel="cB" participant="me011">
      <nite:child href="Bmr007.H.words.xml#id(Bmr007.w.550)..id(Bmr007.w.559)"/>
   </dialogueact>
   <dialogueact nite:id="Bmr007.H.dialogueact69" starttime="133.802" endtime="136.262" type="s" adjacency="12b+.13a+" original-type="s" channel="cB" participant="me011">
      <nite:child href="Bmr007.H.words.xml#id(Bmr007.w.560)..id(Bmr007.w.575)"/>
   </dialogueact>
   <dialogueact nite:id="Bmr007.H.dialogueact70" starttime="137.2" endtime="138.63" type="s" adjacency="12b++.13a++" original-type="s" channel="cB" participant="me011">
      <nite:child href="Bmr007.H.words.xml#id(Bmr007.w.576)..id(Bmr007.w.585)"/>
   </dialogueact>
   <dialogueact nite:id="Bmr007.H.dialogueact72" starttime="141.077" endtime="141.347" type="s^bk" adjacency="14b" original-type="s^bk" channel="cB" participant="me011">
      <nite:child href="Bmr007.H.words.xml#id(Bmr007.w.599)..id(Bmr007.w.600)"/>
   </dialogueact>
   <dialogueact nite:id="Bmr007.H.dialogueact80" starttime="165.997" endtime="167.457" type="qr" adjacency="16a" original-type="qr" channel="cB" participant="me011">
      <nite:child href="Bmr007.H.words.xml#id(Bmr007.w.710)..id(Bmr007.w.719)"/>
   </dialogueact>
   <dialogueact nite:id="Bmr007.H.dialogueact84" starttime="168.931" endtime="169.121" type="s^bk" adjacency="17b" original-type="s^bk" channel="cB" participant="me011">
      <nite:child href="Bmr007.H.words.xml#id(Bmr007.w.728)..id(Bmr007.w.729)"/>
   </dialogueact>
   <dialogueact nite:id="Bmr007.H.dialogueact129" starttime="369.58" endtime="371.72" type="qr.%-" adjacency="21a" original-type="qr.%-" channel="cB" participant="me011">
      <nite:child href="Bmr007.H.words.xml#id(Bmr007.w.1,514)..id(Bmr007.disfmarker.53)"/>
   </dialogueact>
   <dialogueact nite:id="Bmr007.H.dialogueact131" starttime="372.398" endtime="375.47" type="s" adjacency="22a" original-type="s" channel="cB" participant="me011">
      <nite:child href="Bmr007.H.words.xml#id(Bmr007.w.1,528)..id(Bmr007.w.1,540)"/>
   </dialogueact>
   <dialogueact nite:id="Bmr007.H.dialogueact136" starttime="376.83" endtime="377.95" type="s^t1.%-" original-type="s^t1.%-" channel="cB" participant="me011">
      <nite:child href="Bmr007.H.words.xml#id(Bmr007.w.1,571)..id(Bmr007.disfmarker.55)"/>
   </dialogueact>
   <dialogueact nite:id="Bmr007.H.dialogueact145" starttime="420.157" endtime="422.877" type="s^ar|s^nd" adjacency="23b-1" original-type="s^ar|s^nd" channel="cB" participant="me011">
      <nite:child href="Bmr007.H.words.xml#id(Bmr007.w.1,743)..id(Bmr007.w.1,753)"/>
   </dialogueact>
   <dialogueact nite:id="Bmr007.H.dialogueact149" starttime="422.937" endtime="423.327" type="%--" original-type="%--" channel="cB" participant="me011">
      <nite:child href="Bmr007.H.words.xml#id(Bmr007.w.1,754)"/>
   </dialogueact>
   <dialogueact nite:id="Bmr007.H.dialogueact160" starttime="429.923" endtime="431.243" type="s^aa|s" adjacency="24b-3" original-type="s^aa|s" channel="cB" participant="me011">
      <nite:child href="Bmr007.H.words.xml#id(Bmr007.w.1,854)..id(Bmr007.w.1,865)"/>
   </dialogueact>
   <dialogueact nite:id="Bmr007.H.dialogueact166" starttime="440.006" endtime="446.8" type="s" adjacency="25a" original-type="s" channel="cB" participant="me011">
      <nite:child href="Bmr007.H.words.xml#id(Bmr007.w.1,923)..id(Bmr007.w.1,952)"/>
   </dialogueact>
   <dialogueact nite:id="Bmr007.H.dialogueact178" starttime="493.618" endtime="493.868" type="b" adjacency="26a" original-type="b" channel="cB" participant="me011">
      <nite:child href="Bmr007.H.words.xml#id(Bmr007.w.2,163)..id(Bmr007.w.2,166)"/>
   </dialogueact>
   <dialogueact nite:id="Bmr007.H.dialogueact209" starttime="604.27" endtime="604.58" type="b" original-type="b" channel="cB" participant="me011">
      <nite:child href="Bmr007.H.words.xml#id(Bmr007.w.2,603)..id(Bmr007.w.2,604)"/>
   </dialogueact>
   <dialogueact nite:id="Bmr007.H.dialogueact217" starttime="612.4" endtime="613.46" type="s^t3" original-type="s^t3" channel="cB" participant="me011">
      <nite:child href="Bmr007.H.words.xml#id(Bmr007.w.2,673)..id(Bmr007.w.2,677)"/>
   </dialogueact>
   <dialogueact nite:id="Bmr007.H.dialogueact221" starttime="625.38" endtime="626.88" type="%-" original-type="%-" channel="cB" participant="me011">
      <nite:child href="Bmr007.H.words.xml#id(Bmr007.w.2,715)..id(Bmr007.disfmarker.101)"/>
   </dialogueact>
   <dialogueact nite:id="Bmr007.H.dialogueact306" starttime="855.545" endtime="856.225" type="s" original-type="s" channel="cB" participant="me011">
      <nite:child href="Bmr007.H.words.xml#id(Bmr007.w.3,696)..id(Bmr007.w.3,697)"/>
   </dialogueact>
   <dialogueact nite:id="Bmr007.H.dialogueact308" starttime="856.802" endtime="857.132" type="b" original-type="b" channel="cB" participant="me011">
      <nite:child href="Bmr007.H.words.xml#id(Bmr007.w.3,712)..id(Bmr007.w.3,713)"/>
   </dialogueact>
   <dialogueact nite:id="Bmr007.H.dialogueact322" starttime="872.228" endtime="872.558" type="b" original-type="b" channel="cB" participant="me011">
      <nite:child href="Bmr007.H.words.xml#id(Bmr007.w.3,801)..id(Bmr007.w.3,804)"/>
   </dialogueact>
   <dialogueact nite:id="Bmr007.H.dialogueact328" starttime="889.052" endtime="890.822" type="s^cc" adjacency="16a" original-type="s^cc" channel="cB" participant="me011">
      <nite:child href="Bmr007.H.words.xml#id(Bmr007.w.3,871)..id(Bmr007.w.3,883)"/>
   </dialogueact>
   <dialogueact nite:id="Bmr007.H.dialogueact330" starttime="892.042" endtime="896.522" type="s" adjacency="17a" original-type="s" channel="cB" participant="me011">
      <nite:child href="Bmr007.H.words.xml#id(Bmr007.w.3,888)..id(Bmr007.w.3,910)"/>
   </dialogueact>
   <dialogueact nite:id="Bmr007.H.dialogueact332" starttime="897.515" endtime="906.269" type="s" original-type="s" channel="cB" participant="me011">
      <nite:child href="Bmr007.H.words.xml#id(Bmr007.w.3,913)..id(Bmr007.w.3,960)"/>
   </dialogueact>
   <dialogueact nite:id="Bmr007.H.dialogueact338" starttime="906.269" endtime="906.989" type="s" original-type="sj" channel="cB" participant="me011">
      <nite:child href="Bmr007.H.words.xml#id(Bmr007.w.3,961)..id(Bmr007.w.3,965)"/>
   </dialogueact>
   <dialogueact nite:id="Bmr007.H.dialogueact341" starttime="907.66" endtime="909.34" type="s" adjacency="18a" original-type="sj" channel="cB" participant="me011">
      <nite:child href="Bmr007.H.words.xml#id(Bmr007.w.3,985)..id(Bmr007.w.3,990)"/>
   </dialogueact>
   <dialogueact nite:id="Bmr007.H.dialogueact348" starttime="932.536" endtime="932.936" type="b" original-type="b" channel="cB" participant="me011">
      <nite:child href="Bmr007.H.words.xml#id(Bmr007.w.4,098)..id(Bmr007.w.4,101)"/>
   </dialogueact>
   <dialogueact nite:id="Bmr007.H.dialogueact387" starttime="1075.72" endtime="1077.01" type="s" original-type="s" channel="cB" participant="me011">
      <nite:child href="Bmr007.H.words.xml#id(Bmr007.w.4,727)..id(Bmr007.w.4,733)"/>
   </dialogueact>
   <dialogueact nite:id="Bmr007.H.dialogueact455" starttime="1247.09" endtime="1247.39" type="b" original-type="b" channel="cB" participant="me011">
      <nite:child href="Bmr007.H.words.xml#id(Bmr007.w.5,611)..id(Bmr007.w.5,612)"/>
   </dialogueact>
   <dialogueact nite:id="Bmr007.H.dialogueact470" starttime="1282.26" endtime="1282.5" type="b" original-type="b" channel="cB" participant="me011">
      <nite:child href="Bmr007.H.words.xml#id(Bmr007.w.5,767)..id(Bmr007.w.5,768)"/>
   </dialogueact>
   <dialogueact nite:id="Bmr007.H.dialogueact471" starttime="1282.87" endtime="1284.66" type="s" adjacency="7b" original-type="s" channel="cB" participant="me011">
      <nite:child href="Bmr007.H.words.xml#id(Bmr007.w.5,769)..id(Bmr007.w.5,777)"/>
   </dialogueact>
   <dialogueact nite:id="Bmr007.H.dialogueact511" starttime="1381.28" endtime="1381.74" type="b" original-type="b" channel="cB" participant="me011">
      <nite:child href="Bmr007.H.words.xml#id(Bmr007.w.6,279)..id(Bmr007.w.6,280)"/>
   </dialogueact>
   <dialogueact nite:id="Bmr007.H.dialogueact513" starttime="1383.29" endtime="1385.09" type="s^cs" original-type="s^cs" channel="cB" participant="me011">
      <nite:child href="Bmr007.H.words.xml#id(Bmr007.w.6,285)..id(Bmr007.w.6,294)"/>
   </dialogueact>
   <dialogueact nite:id="Bmr007.H.dialogueact521" starttime="1398.91" endtime="1399.69" type="s^na" adjacency="12b" original-type="s^na" channel="cB" participant="me011">
      <nite:child href="Bmr007.H.words.xml#id(Bmr007.w.6,361)..id(Bmr007.w.6,367)"/>
   </dialogueact>
   <dialogueact nite:id="Bmr007.H.dialogueact523" starttime="1401.16" endtime="1401.85" type="s^t3.%--" original-type="s^t3.%--" channel="cB" participant="me011">
      <nite:child href="Bmr007.H.words.xml#id(Bmr007.w.6,376)..id(Bmr007.disfmarker.252)"/>
   </dialogueact>
   <dialogueact nite:id="Bmr007.H.dialogueact525" starttime="1407.76" endtime="1410.64" type="s^co^t3" original-type="s^co^t3" channel="cB" participant="me011">
      <nite:child href="Bmr007.H.words.xml#id(Bmr007.w.6,399)..id(Bmr007.w.6,416)"/>
   </dialogueact>
   <dialogueact nite:id="Bmr007.H.dialogueact529" starttime="1411.26" endtime="1411.67" type="s^t3" original-type="s^t3" channel="cB" participant="me011">
      <nite:child href="Bmr007.H.words.xml#id(Bmr007.w.6,428)..id(Bmr007.w.6,431)"/>
   </dialogueact>
   <dialogueact nite:id="Bmr007.H.dialogueact531" starttime="1412.64" endtime="1412.95" type="s^ft^t3" original-type="s^ft^t3" channel="cB" participant="me011">
      <nite:child href="Bmr007.H.words.xml#id(Bmr007.w.6,436)..id(Bmr007.w.6,438)"/>
   </dialogueact>
   <dialogueact nite:id="Bmr007.H.dialogueact553" starttime="1473.25" endtime="1475.34" type="s^cs" original-type="sj^cs" channel="cB" participant="me011">
      <nite:child href="Bmr007.H.words.xml#id(Bmr007.w.6,705)..id(Bmr007.w.6,714)"/>
   </dialogueact>
   <dialogueact nite:id="Bmr007.H.dialogueact556" starttime="1476.93" endtime="1479.72" type="s" adjacency="17a" original-type="sj" channel="cB" participant="me011">
      <nite:child href="Bmr007.H.words.xml#id(Bmr007.w.6,730)..id(Bmr007.w.6,741)"/>
   </dialogueact>
   <dialogueact nite:id="Bmr007.H.dialogueact561" starttime="1484.46" endtime="1484.74" type="s^bk" adjacency="18b" original-type="s^bk" channel="cB" participant="me011">
      <nite:child href="Bmr007.H.words.xml#id(Bmr007.w.6,767)..id(Bmr007.w.6,768)"/>
   </dialogueact>
   <dialogueact nite:id="Bmr007.H.dialogueact565" starttime="1491.24" endtime="1491.6" type="b" original-type="b" channel="cB" participant="me011">
      <nite:child href="Bmr007.H.words.xml#id(Bmr007.w.6,795)..id(Bmr007.w.6,798)"/>
   </dialogueact>
   <dialogueact nite:id="Bmr007.H.dialogueact566" starttime="1499.25" endtime="1500.17" type="s^j^t3" original-type="s^j^t3" channel="cB" participant="me011">
      <nite:child href="Bmr007.H.words.xml#id(Bmr007.w.6,823)..id(Bmr007.w.6,829)"/>
   </dialogueact>
   <dialogueact nite:id="Bmr007.H.dialogueact580" starttime="1533.9" endtime="1534.81" type="s^2" adjacency="21b" original-type="s^2" channel="cB" participant="me011">
      <nite:child href="Bmr007.H.words.xml#id(Bmr007.w.6,990)..id(Bmr007.w.6,995)"/>
   </dialogueact>
   <dialogueact nite:id="Bmr007.H.dialogueact593" starttime="1558.98" endtime="1559.85" type="s" original-type="s" channel="cB" participant="me011">
      <nite:child href="Bmr007.H.words.xml#id(Bmr007.w.7,116)..id(Bmr007.w.7,122)"/>
   </dialogueact>
   <dialogueact nite:id="Bmr007.H.dialogueact602" starttime="1579.83" endtime="1579.89" type="b" original-type="b" channel="cB" participant="me011">
      <nite:child href="Bmr007.H.words.xml#id(Bmr007.w.7,206)..id(Bmr007.w.7,207)"/>
   </dialogueact>
   <dialogueact nite:id="Bmr007.H.dialogueact612" starttime="1628.56" endtime="1629.09" type="b" original-type="b" channel="cB" participant="me011">
      <nite:child href="Bmr007.H.words.xml#id(Bmr007.w.7,387)..id(Bmr007.w.7,390)"/>
   </dialogueact>
   <dialogueact nite:id="Bmr007.H.dialogueact622" starttime="1652.36" endtime="1654.97" type="s" adjacency="29a" original-type="s" channel="cB" participant="me011">
      <nite:child href="Bmr007.H.words.xml#id(Bmr007.w.7,503)..id(Bmr007.w.7,519)"/>
   </dialogueact>
   <dialogueact nite:id="Bmr007.H.dialogueact628" starttime="1666.0" endtime="1666.25" type="b" original-type="b" channel="cB" participant="me011">
      <nite:child href="Bmr007.H.words.xml#id(Bmr007.w.7,561)..id(Bmr007.w.7,562)"/>
   </dialogueact>
   <dialogueact nite:id="Bmr007.H.dialogueact630" starttime="1671.15" endtime="1673.36" type="s^na" adjacency="30b-1" original-type="s^na" channel="cB" participant="me011">
      <nite:child href="Bmr007.H.words.xml#id(Bmr007.w.7,588)..id(Bmr007.w.7,599)"/>
   </dialogueact>
   <dialogueact nite:id="Bmr007.H.dialogueact637" starttime="1673.36" endtime="1676.04" type="s" original-type="s" channel="cB" participant="me011">
      <nite:child href="Bmr007.H.words.xml#id(Bmr007.w.7,600)..id(Bmr007.w.7,655)"/>
   </dialogueact>
   <dialogueact nite:id="Bmr007.H.dialogueact641" starttime="1678.04" endtime="1678.47" type="b" original-type="b" channel="cB" participant="me011">
      <nite:child href="Bmr007.H.words.xml#id(Bmr007.w.7,658)..id(Bmr007.w.7,661)"/>
   </dialogueact>
   <dialogueact nite:id="Bmr007.H.dialogueact661" starttime="1739.18" endtime="1739.47" type="s^2" adjacency="33b" original-type="s^2" channel="cB" participant="me011">
      <nite:child href="Bmr007.H.words.xml#id(Bmr007.w.7,890)..id(Bmr007.w.7,891)"/>
   </dialogueact>
   <dialogueact nite:id="Bmr007.H.dialogueact667" starttime="1745.46" endtime="1745.76" type="s^bk" adjacency="33b+" original-type="s^bk" channel="cB" participant="me011">
      <nite:child href="Bmr007.H.words.xml#id(Bmr007.w.7,930)..id(Bmr007.w.7,931)"/>
   </dialogueact>
   <dialogueact nite:id="Bmr007.H.dialogueact671" starttime="1755.98" endtime="1757.8" type="s" original-type="s" channel="cB" participant="me011">
      <nite:child href="Bmr007.H.words.xml#id(Bmr007.w.7,965)..id(Bmr007.w.7,972)"/>
   </dialogueact>
   <dialogueact nite:id="Bmr007.H.dialogueact675" starttime="1774.15" endtime="1777.2" type="s^ng" adjacency="34b" original-type="s^ng" channel="cB" participant="me011">
      <nite:child href="Bmr007.H.words.xml#id(Bmr007.w.8,018)..id(Bmr007.w.8,033)"/>
   </dialogueact>
   <dialogueact nite:id="Bmr007.H.dialogueact683" starttime="1787.57" endtime="1787.77" type="s^fe^t3" original-type="s^fe^t3" channel="cB" participant="me011">
      <nite:child href="Bmr007.H.words.xml#id(Bmr007.w.8,096)..id(Bmr007.w.8,097)"/>
   </dialogueact>
   <dialogueact nite:id="Bmr007.H.dialogueact689" starttime="1803.53" endtime="1805.57" type="s^co^j" adjacency="1a" original-type="s^co^j" channel="cB" participant="me011">
      <nite:child href="Bmr007.H.words.xml#id(Bmr007.w.8,162)..id(Bmr007.w.8,176)"/>
   </dialogueact>
   <dialogueact nite:id="Bmr007.H.dialogueact692" starttime="1806.28" endtime="1806.84" type="s^co^j" original-type="s^co^j" channel="cB" participant="me011">
      <nite:child href="Bmr007.H.words.xml#id(Bmr007.w.8,198)..id(Bmr007.w.8,201)"/>
   </dialogueact>
   <dialogueact nite:id="Bmr007.H.dialogueact696" starttime="1807.67" endtime="1808.5" type="s^co^j" original-type="s^co^j" channel="cB" participant="me011">
      <nite:child href="Bmr007.H.words.xml#id(Bmr007.w.8,204)..id(Bmr007.w.8,208)"/>
   </dialogueact>
   <dialogueact nite:id="Bmr007.H.dialogueact701" starttime="1817.73" endtime="1824.28" type="h|s^nd" adjacency="2b.3a" original-type="h|s^nd" channel="cB" participant="me011">
      <nite:child href="Bmr007.H.words.xml#id(Bmr007.w.8,248)..id(Bmr007.w.8,273)"/>
   </dialogueact>
   <dialogueact nite:id="Bmr007.H.dialogueact703" starttime="1824.89" endtime="1825.64" type="fh" original-type="fh" channel="cB" participant="me011">
      <nite:child href="Bmr007.H.words.xml#id(Bmr007.w.8,277)..id(Bmr007.disfmarker.331)"/>
   </dialogueact>
   <dialogueact nite:id="Bmr007.H.dialogueact715" starttime="1838.28" endtime="1839.46" type="s" original-type="sj" channel="cB" participant="me011">
      <nite:child href="Bmr007.H.words.xml#id(Bmr007.w.8,369)..id(Bmr007.w.8,377)"/>
   </dialogueact>
   <dialogueact nite:id="Bmr007.H.dialogueact716" starttime="1839.64" endtime="1840.14" type="s^cc" original-type="s^cc" channel="cB" participant="me011">
      <nite:child href="Bmr007.H.words.xml#id(Bmr007.w.8,382)..id(Bmr007.w.8,386)"/>
   </dialogueact>
   <dialogueact nite:id="Bmr007.H.dialogueact718" starttime="1840.37" endtime="1841.67" type="s^cc" original-type="s^cc" channel="cB" participant="me011">
      <nite:child href="Bmr007.H.words.xml#id(Bmr007.w.8,387)..id(Bmr007.w.8,397)"/>
   </dialogueact>
   <dialogueact nite:id="Bmr007.H.dialogueact722" starttime="1844.22" endtime="1849.89" type="s" original-type="s" channel="cB" participant="me011">
      <nite:child href="Bmr007.H.words.xml#id(Bmr007.w.8,427)..id(Bmr007.w.8,453)"/>
   </dialogueact>
   <dialogueact nite:id="Bmr007.H.dialogueact724" starttime="1851.32" endtime="1851.53" type="s^ar" adjacency="7b.8a" original-type="s^ar" channel="cB" participant="me011">
      <nite:child href="Bmr007.H.words.xml#id(Bmr007.w.8,454)..id(Bmr007.w.8,455)"/>
   </dialogueact>
   <dialogueact nite:id="Bmr007.H.dialogueact726" starttime="1852.24" endtime="1852.94" type="s" adjacency="9a" original-type="s" channel="cB" participant="me011">
      <nite:child href="Bmr007.H.words.xml#id(Bmr007.w.8,458)..id(Bmr007.w.8,461)"/>
   </dialogueact>
   <dialogueact nite:id="Bmr007.H.dialogueact727" starttime="1855.18" endtime="1858.46" type="s" adjacency="9a+" original-type="s" channel="cB" participant="me011">
      <nite:child href="Bmr007.H.words.xml#id(Bmr007.w.8,462)..id(Bmr007.w.8,483)"/>
   </dialogueact>
   <dialogueact nite:id="Bmr007.H.dialogueact731" starttime="1862.16" endtime="1863.4" type="s^ng" adjacency="10b-2.11a" original-type="s^ng" channel="cB" participant="me011">
      <nite:child href="Bmr007.H.words.xml#id(Bmr007.w.8,499)..id(Bmr007.w.8,504)"/>
   </dialogueact>
   <dialogueact nite:id="Bmr007.H.dialogueact733" starttime="1863.4" endtime="1866.84" type="s" original-type="s" channel="cB" participant="me011">
      <nite:child href="Bmr007.H.words.xml#id(Bmr007.w.8,518)..id(Bmr007.w.8,533)"/>
   </dialogueact>
   <dialogueact nite:id="Bmr007.H.dialogueact738" starttime="1869.59" endtime="1872.21" type="s^cc" adjacency="12a" original-type="s^cc" channel="cB" participant="me011">
      <nite:child href="Bmr007.H.words.xml#id(Bmr007.w.8,557)..id(Bmr007.w.8,572)"/>
   </dialogueact>
   <dialogueact nite:id="Bmr007.H.dialogueact740" starttime="1872.21" endtime="1872.82" type="s" adjacency="12a+" original-type="sj" channel="cB" participant="me011">
      <nite:child href="Bmr007.H.words.xml#id(Bmr007.w.8,573)..id(Bmr007.w.8,578)"/>
   </dialogueact>
   <dialogueact nite:id="Bmr007.H.dialogueact743" starttime="1873.64" endtime="1874.04" type="fh" original-type="fh" channel="cB" participant="me011">
      <nite:child href="Bmr007.H.words.xml#id(Bmr007.w.8,604)..id(Bmr007.disfmarker.343)"/>
   </dialogueact>
   <dialogueact nite:id="Bmr007.H.dialogueact747" starttime="1876.28" endtime="1876.51" type="s^bk" adjacency="13b" original-type="s^bk" channel="cB" participant="me011">
      <nite:child href="Bmr007.H.words.xml#id(Bmr007.w.8,624)..id(Bmr007.w.8,625)"/>
   </dialogueact>
   <dialogueact nite:id="Bmr007.H.dialogueact749" starttime="1877.4" endtime="1877.69" type="b" original-type="b" channel="cB" participant="me011">
      <nite:child href="Bmr007.H.words.xml#id(Bmr007.w.8,628)..id(Bmr007.w.8,629)"/>
   </dialogueact>
   <dialogueact nite:id="Bmr007.H.dialogueact754" starttime="1885.72" endtime="1885.93" type="b" original-type="b" channel="cB" participant="me011">
      <nite:child href="Bmr007.H.words.xml#id(Bmr007.w.8,681)..id(Bmr007.w.8,682)"/>
   </dialogueact>
   <dialogueact nite:id="Bmr007.H.dialogueact776" starttime="1914.99" endtime="1915.42" type="b" original-type="b" channel="cB" participant="me011">
      <nite:child href="Bmr007.H.words.xml#id(Bmr007.w.8,887)..id(Bmr007.w.8,888)"/>
   </dialogueact>
   <dialogueact nite:id="Bmr007.H.dialogueact780" starttime="1920.2" endtime="1926.69" type="s" original-type="s" channel="cB" participant="me011">
      <nite:child href="Bmr007.H.words.xml#id(Bmr007.w.8,895)..id(Bmr007.w.8,926)"/>
   </dialogueact>
   <dialogueact nite:id="Bmr007.H.dialogueact782" starttime="1927.11" endtime="1928.62" type="s" original-type="s" channel="cB" participant="me011">
      <nite:child href="Bmr007.H.words.xml#id(Bmr007.w.8,929)..id(Bmr007.w.8,934)"/>
   </dialogueact>
   <dialogueact nite:id="Bmr007.H.dialogueact783" starttime="1928.62" endtime="1934.17" type="s" adjacency="17a" original-type="s" channel="cB" participant="me011">
      <nite:child href="Bmr007.H.words.xml#id(Bmr007.w.8,935)..id(Bmr007.w.8,959)"/>
   </dialogueact>
   <dialogueact nite:id="Bmr007.H.dialogueact785" starttime="1935.15" endtime="1936.62" type="s^j" adjacency="18b" original-type="s^j" channel="cB" participant="me011">
      <nite:child href="Bmr007.H.words.xml#id(Bmr007.w.8,979)..id(Bmr007.w.8,990)"/>
   </dialogueact>
   <dialogueact nite:id="Bmr007.H.dialogueact787" starttime="1937.36" endtime="1938.09" type="s^j" adjacency="18b+.19a" original-type="s^j" channel="cB" participant="me011">
      <nite:child href="Bmr007.H.words.xml#id(Bmr007.w.8,993)..id(Bmr007.w.8,995)"/>
   </dialogueact>
   <dialogueact nite:id="Bmr007.H.dialogueact790" starttime="1940.96" endtime="1946.08" type="s" original-type="s" channel="cB" participant="me011">
      <nite:child href="Bmr007.H.words.xml#id(Bmr007.w.9,013)..id(Bmr007.w.9,042)"/>
   </dialogueact>
   <dialogueact nite:id="Bmr007.H.dialogueact792" starttime="1946.69" endtime="1951.35" type="s" original-type="s" channel="cB" participant="me011">
      <nite:child href="Bmr007.H.words.xml#id(Bmr007.w.9,043)..id(Bmr007.w.9,062)"/>
   </dialogueact>
   <dialogueact nite:id="Bmr007.H.dialogueact793" starttime="1951.91" endtime="1961.78" type="s" original-type="s" channel="cB" participant="me011">
      <nite:child href="Bmr007.H.words.xml#id(Bmr007.w.9,063)..id(Bmr007.w.9,095)"/>
   </dialogueact>
   <dialogueact nite:id="Bmr007.H.dialogueact794" starttime="1962.33" endtime="1968.3" type="s" original-type="s" channel="cB" participant="me011">
      <nite:child href="Bmr007.H.words.xml#id(Bmr007.w.9,096)..id(Bmr007.w.9,130)"/>
   </dialogueact>
   <dialogueact nite:id="Bmr007.H.dialogueact795" starttime="1968.78" endtime="1971.86" type="s" adjacency="20a" original-type="s" channel="cB" participant="me011">
      <nite:child href="Bmr007.H.words.xml#id(Bmr007.w.9,131)..id(Bmr007.w.9,148)"/>
   </dialogueact>
   <dialogueact nite:id="Bmr007.H.dialogueact796" starttime="1971.86" endtime="1975.5" type="s" adjacency="20a+" original-type="s" channel="cB" participant="me011">
      <nite:child href="Bmr007.H.words.xml#id(Bmr007.w.9,149)..id(Bmr007.w.9,159)"/>
   </dialogueact>
   <dialogueact nite:id="Bmr007.H.dialogueact798" starttime="1978.63" endtime="1980.64" type="s^na" adjacency="21b.22a" original-type="s^na" channel="cB" participant="me011">
      <nite:child href="Bmr007.H.words.xml#id(Bmr007.w.9,173)..id(Bmr007.w.9,184)"/>
   </dialogueact>
   <dialogueact nite:id="Bmr007.H.dialogueact799" starttime="1981.03" endtime="1982.51" type="fh|s^na" adjacency="21b+.22a+" original-type="fh|s^na" channel="cB" participant="me011">
      <nite:child href="Bmr007.H.words.xml#id(Bmr007.w.9,185)..id(Bmr007.w.9,188)"/>
   </dialogueact>
   <dialogueact nite:id="Bmr007.H.dialogueact800" starttime="1982.67" endtime="1983.09" type="s^na^r" adjacency="21b++.22a++" original-type="s^na^r" channel="cB" participant="me011">
      <nite:child href="Bmr007.H.words.xml#id(Bmr007.w.9,189)..id(Bmr007.w.9,191)"/>
   </dialogueact>
   <dialogueact nite:id="Bmr007.H.dialogueact802" starttime="1984.0" endtime="1984.62" type="qw^bu^rt" adjacency="23b.24a" original-type="qw^bu^rt" channel="cB" participant="me011">
      <nite:child href="Bmr007.H.words.xml#id(Bmr007.w.9,199)..id(Bmr007.w.9,204)"/>
   </dialogueact>
   <dialogueact nite:id="Bmr007.H.dialogueact803" starttime="1984.62" endtime="1985.15" type="qw^bu" adjacency="23b+.24a+" original-type="qw^bu" channel="cB" participant="me011">
      <nite:child href="Bmr007.H.words.xml#id(Bmr007.w.9,205)..id(Bmr007.w.9,209)"/>
   </dialogueact>
   <dialogueact nite:id="Bmr007.H.dialogueact806" starttime="1986.91" endtime="1994.87" type="s" adjacency="25a.23b++" original-type="s" channel="cB" participant="me011">
      <nite:child href="Bmr007.H.words.xml#id(Bmr007.w.9,219)..id(Bmr007.w.9,252)"/>
   </dialogueact>
   <dialogueact nite:id="Bmr007.H.dialogueact809" starttime="1996.88" endtime="1998.2" type="s" adjacency="23b+++" original-type="s" channel="cB" participant="me011">
      <nite:child href="Bmr007.H.words.xml#id(Bmr007.w.9,253)..id(Bmr007.w.9,260)"/>
   </dialogueact>
   <dialogueact nite:id="Bmr007.H.dialogueact811" starttime="1998.2" endtime="1998.44" type="%-" original-type="%-" channel="cB" participant="me011">
      <nite:child href="Bmr007.H.words.xml#id(Bmr007.w.9,261)..id(Bmr007.disfmarker.370)"/>
   </dialogueact>
   <dialogueact nite:id="Bmr007.H.dialogueact812" starttime="2000.01" endtime="2001.07" type="s" adjacency="26b" original-type="s" channel="cB" participant="me011">
      <nite:child href="Bmr007.H.words.xml#id(Bmr007.w.9,271)..id(Bmr007.w.9,276)"/>
   </dialogueact>
   <dialogueact nite:id="Bmr007.H.dialogueact814" starttime="2002.37" endtime="2002.53" type="s^aa" adjacency="27b" original-type="s^aa" channel="cB" participant="me011">
      <nite:child href="Bmr007.H.words.xml#id(Bmr007.w.9,282)..id(Bmr007.w.9,283)"/>
   </dialogueact>
   <dialogueact nite:id="Bmr007.H.dialogueact819" starttime="2005.82" endtime="2008.29" type="s" adjacency="28b" original-type="s" channel="cB" participant="me011">
      <nite:child href="Bmr007.H.words.xml#id(Bmr007.w.9,297)..id(Bmr007.w.9,308)"/>
   </dialogueact>
   <dialogueact nite:id="Bmr007.H.dialogueact820" starttime="2008.29" endtime="2014.52" type="s" adjacency="28b+" original-type="s" channel="cB" participant="me011">
      <nite:child href="Bmr007.H.words.xml#id(Bmr007.w.9,309)..id(Bmr007.w.9,348)"/>
   </dialogueact>
   <dialogueact nite:id="Bmr007.H.dialogueact823" starttime="2014.94" endtime="2019.65" type="s" adjacency="28b++" original-type="s" channel="cB" participant="me011">
      <nite:child href="Bmr007.H.words.xml#id(Bmr007.w.9,351)..id(Bmr007.w.9,366)"/>
   </dialogueact>
   <dialogueact nite:id="Bmr007.H.dialogueact824" starttime="2020.87" endtime="2025.14" type="fh|s" adjacency="28b+++" original-type="fh|s" channel="cB" participant="me011">
      <nite:child href="Bmr007.H.words.xml#id(Bmr007.w.9,367)..id(Bmr007.w.9,391)"/>
   </dialogueact>
   <dialogueact nite:id="Bmr007.H.dialogueact825" starttime="2025.74" endtime="2031.74" type="fh|s" adjacency="28b++++" original-type="fh|s" channel="cB" participant="me011">
      <nite:child href="Bmr007.H.words.xml#id(Bmr007.w.9,392)..id(Bmr007.w.9,415)"/>
   </dialogueact>
   <dialogueact nite:id="Bmr007.H.dialogueact826" starttime="2032.39" endtime="2034.92" type="s" adjacency="28b+++++" original-type="s" channel="cB" participant="me011">
      <nite:child href="Bmr007.H.words.xml#id(Bmr007.w.9,416)..id(Bmr007.w.9,424)"/>
   </dialogueact>
   <dialogueact nite:id="Bmr007.H.dialogueact828" starttime="2038.63" endtime="2046.72" type="s" original-type="s" channel="cB" participant="me011">
      <nite:child href="Bmr007.H.words.xml#id(Bmr007.w.9,426)..id(Bmr007.w.9,460)"/>
   </dialogueact>
   <dialogueact nite:id="Bmr007.H.dialogueact830" starttime="2051.36" endtime="2051.57" type="s^ar" adjacency="29b" original-type="s^ar" channel="cB" participant="me011">
      <nite:child href="Bmr007.H.words.xml#id(Bmr007.w.9,474)..id(Bmr007.w.9,475)"/>
   </dialogueact>
   <dialogueact nite:id="Bmr007.H.dialogueact831" starttime="2052.03" endtime="2052.68" type="s" adjacency="29b+" original-type="s" channel="cB" participant="me011">
      <nite:child href="Bmr007.H.words.xml#id(Bmr007.w.9,476)..id(Bmr007.w.9,480)"/>
   </dialogueact>
   <dialogueact nite:id="Bmr007.H.dialogueact832" starttime="2054.65" endtime="2058.68" type="s" adjacency="29b++" original-type="s" channel="cB" participant="me011">
      <nite:child href="Bmr007.H.words.xml#id(Bmr007.w.9,481)..id(Bmr007.w.9,498)"/>
   </dialogueact>
   <dialogueact nite:id="Bmr007.H.dialogueact833" starttime="2059.06" endtime="2068.13" type="s" original-type="s" channel="cB" participant="me011">
      <nite:child href="Bmr007.H.words.xml#id(Bmr007.w.9,499)..id(Bmr007.w.9,532)"/>
   </dialogueact>
   <dialogueact nite:id="Bmr007.H.dialogueact834" starttime="2068.7" endtime="2073.32" type="s.%--" original-type="s.%--" channel="cB" participant="me011">
      <nite:child href="Bmr007.H.words.xml#id(Bmr007.w.9,533)..id(Bmr007.disfmarker.373)"/>
   </dialogueact>
   <dialogueact nite:id="Bmr007.H.dialogueact835" starttime="2073.74" endtime="2075.61" type="s" original-type="s" channel="cB" participant="me011">
      <nite:child href="Bmr007.H.words.xml#id(Bmr007.w.9,548)..id(Bmr007.w.9,557)"/>
   </dialogueact>
   <dialogueact nite:id="Bmr007.H.dialogueact836" starttime="2075.61" endtime="2078.69" type="s" original-type="s" channel="cB" participant="me011">
      <nite:child href="Bmr007.H.words.xml#id(Bmr007.w.9,558)..id(Bmr007.w.9,570)"/>
   </dialogueact>
   <dialogueact nite:id="Bmr007.H.dialogueact837" starttime="2079.58" endtime="2087.61" type="s" original-type="s" channel="cB" participant="me011">
      <nite:child href="Bmr007.H.words.xml#id(Bmr007.w.9,571)..id(Bmr007.w.9,597)"/>
   </dialogueact>
   <dialogueact nite:id="Bmr007.H.dialogueact838" starttime="2088.15" endtime="2090.81" type="s" original-type="s" channel="cB" participant="me011">
      <nite:child href="Bmr007.H.words.xml#id(Bmr007.w.9,598)..id(Bmr007.w.9,609)"/>
   </dialogueact>
   <dialogueact nite:id="Bmr007.H.dialogueact839" starttime="2091.4" endtime="2094.87" type="s" original-type="s" channel="cB" participant="me011">
      <nite:child href="Bmr007.H.words.xml#id(Bmr007.w.9,610)..id(Bmr007.w.9,625)"/>
   </dialogueact>
   <dialogueact nite:id="Bmr007.H.dialogueact840" starttime="2095.4" endtime="2102.84" type="fh|s" original-type="fh|s" channel="cB" participant="me011">
      <nite:child href="Bmr007.H.words.xml#id(Bmr007.w.9,626)..id(Bmr007.w.9,644)"/>
   </dialogueact>
   <dialogueact nite:id="Bmr007.H.dialogueact841" starttime="2103.73" endtime="2111.59" type="s" original-type="s" channel="cB" participant="me011">
      <nite:child href="Bmr007.H.words.xml#id(Bmr007.w.9,645)..id(Bmr007.w.9,673)"/>
   </dialogueact>
   <dialogueact nite:id="Bmr007.H.dialogueact843" starttime="2113.78" endtime="2114.52" type="h|s^no" adjacency="30b" original-type="h|s^no" channel="cB" participant="me011">
      <nite:child href="Bmr007.H.words.xml#id(Bmr007.w.9,680)..id(Bmr007.w.9,686)"/>
   </dialogueact>
   <dialogueact nite:id="Bmr007.H.dialogueact844" starttime="2114.75" endtime="2115.34" type="s^no" adjacency="30b+" original-type="s^no" channel="cB" participant="me011">
      <nite:child href="Bmr007.H.words.xml#id(Bmr007.w.9,687)..id(Bmr007.w.9,690)"/>
   </dialogueact>
   <dialogueact nite:id="Bmr007.H.dialogueact846" starttime="2116.01" endtime="2117.13" type="qy^rt" adjacency="31a" original-type="qy^rt" channel="cB" participant="me011">
      <nite:child href="Bmr007.H.words.xml#id(Bmr007.w.9,693)..id(Bmr007.w.9,700)"/>
   </dialogueact>
   <dialogueact nite:id="Bmr007.H.dialogueact847" starttime="2117.13" endtime="2118.22" type="qy^rt" adjacency="31a+" original-type="qy^rt" channel="cB" participant="me011">
      <nite:child href="Bmr007.H.words.xml#id(Bmr007.w.9,701)..id(Bmr007.w.9,705)"/>
   </dialogueact>
   <dialogueact nite:id="Bmr007.H.dialogueact849" starttime="2119.83" endtime="2130.3" type="fg|s" original-type="fg|s" channel="cB" participant="me011">
      <nite:child href="Bmr007.H.words.xml#id(Bmr007.w.9,712)..id(Bmr007.w.9,749)"/>
   </dialogueact>
   <dialogueact nite:id="Bmr007.H.dialogueact850" starttime="2131.04" endtime="2135.51" type="s" original-type="s" channel="cB" participant="me011">
      <nite:child href="Bmr007.H.words.xml#id(Bmr007.w.9,750)..id(Bmr007.w.9,770)"/>
   </dialogueact>
   <dialogueact nite:id="Bmr007.H.dialogueact851" starttime="2135.88" endtime="2138.11" type="s" original-type="s" channel="cB" participant="me011">
      <nite:child href="Bmr007.H.words.xml#id(Bmr007.w.9,771)..id(Bmr007.w.9,778)"/>
   </dialogueact>
   <dialogueact nite:id="Bmr007.H.dialogueact852" starttime="2138.66" endtime="2140.91" type="s" original-type="s" channel="cB" participant="me011">
      <nite:child href="Bmr007.H.words.xml#id(Bmr007.w.9,779)..id(Bmr007.w.9,784)"/>
   </dialogueact>
   <dialogueact nite:id="Bmr007.H.dialogueact853" starttime="2141.33" endtime="2146.12" type="s" original-type="s" channel="cB" participant="me011">
      <nite:child href="Bmr007.H.words.xml#id(Bmr007.w.9,785)..id(Bmr007.w.9,811)"/>
   </dialogueact>
   <dialogueact nite:id="Bmr007.H.dialogueact854" starttime="2146.9" endtime="2149.02" type="s" original-type="s" channel="cB" participant="me011">
      <nite:child href="Bmr007.H.words.xml#id(Bmr007.w.9,812)..id(Bmr007.w.9,821)"/>
   </dialogueact>
   <dialogueact nite:id="Bmr007.H.dialogueact855" starttime="2150.89" endtime="2151.96" type="s" original-type="s" channel="cB" participant="me011">
      <nite:child href="Bmr007.H.words.xml#id(Bmr007.w.9,822)..id(Bmr007.w.9,829)"/>
   </dialogueact>
   <dialogueact nite:id="Bmr007.H.dialogueact856" starttime="2152.79" endtime="2154.18" type="s" original-type="s" channel="cB" participant="me011">
      <nite:child href="Bmr007.H.words.xml#id(Bmr007.w.9,830)..id(Bmr007.w.9,839)"/>
   </dialogueact>
   <dialogueact nite:id="Bmr007.H.dialogueact857" starttime="2155.71" endtime="2157.6" type="s" original-type="s" channel="cB" participant="me011">
      <nite:child href="Bmr007.H.words.xml#id(Bmr007.w.9,840)..id(Bmr007.w.9,849)"/>
   </dialogueact>
   <dialogueact nite:id="Bmr007.H.dialogueact858" starttime="2157.79" endtime="2158.11" type="fh" original-type="fh" channel="cB" participant="me011">
      <nite:child href="Bmr007.H.words.xml#id(Bmr007.w.9,850)"/>
   </dialogueact>
   <dialogueact nite:id="Bmr007.H.dialogueact859" starttime="2159.07" endtime="2162.18" type="s" original-type="s" channel="cB" participant="me011">
      <nite:child href="Bmr007.H.words.xml#id(Bmr007.w.9,851)..id(Bmr007.w.9,863)"/>
   </dialogueact>
   <dialogueact nite:id="Bmr007.H.dialogueact863" starttime="2176.76" endtime="2177.34" type="s^aa" adjacency="32b" original-type="s^aa" channel="cB" participant="me011">
      <nite:child href="Bmr007.H.words.xml#id(Bmr007.w.9,913)..id(Bmr007.w.9,916)"/>
   </dialogueact>
   <dialogueact nite:id="Bmr007.H.dialogueact864" starttime="2177.34" endtime="2181.02" comment="FBH" type="s" original-type="s" channel="cB" participant="me011">
      <nite:child href="Bmr007.H.words.xml#id(Bmr007.w.9,917)..id(Bmr007.w.9,931)"/>
   </dialogueact>
   <dialogueact nite:id="Bmr007.H.dialogueact866" starttime="2181.55" endtime="2181.87" type="%-" original-type="%-" channel="cB" participant="me011">
      <nite:child href="Bmr007.H.words.xml#id(Bmr007.w.9,936)..id(Bmr007.disfmarker.391)"/>
   </dialogueact>
   <dialogueact nite:id="Bmr007.H.dialogueact868" starttime="2207.11" endtime="2207.6" type="qy^br^d^rt" adjacency="33b.34a" original-type="qy^br^d^rt" channel="cB" participant="me011">
      <nite:child href="Bmr007.H.words.xml#id(Bmr007.w.10,005)..id(Bmr007.w.10,008)"/>
   </dialogueact>
   <dialogueact nite:id="Bmr007.H.dialogueact873" starttime="2226.33" endtime="2227.46" type="s^br" adjacency="35b" original-type="s^br" channel="cB" participant="me011">
      <nite:child href="Bmr007.H.words.xml#id(Bmr007.w.10,070)..id(Bmr007.w.10,080)"/>
   </dialogueact>
   <dialogueact nite:id="Bmr007.H.dialogueact874" starttime="2227.46" endtime="2227.88" type="qy.%-" original-type="qy.%-" channel="cB" participant="me011">
      <nite:child href="Bmr007.H.words.xml#id(Bmr007.w.10,081)..id(Bmr007.disfmarker.407)"/>
   </dialogueact>
   <dialogueact nite:id="Bmr007.H.dialogueact878" starttime="2234.03" endtime="2235.07" type="s^bk" adjacency="36b-2" original-type="s^bk" channel="cB" participant="me011">
      <nite:child href="Bmr007.H.words.xml#id(Bmr007.w.10,109)..id(Bmr007.w.10,113)"/>
   </dialogueact>
   <dialogueact nite:id="Bmr007.H.dialogueact882" starttime="2250.07" endtime="2250.37" type="s^bk" adjacency="37b" original-type="s^bk" channel="cB" participant="me011">
      <nite:child href="Bmr007.H.words.xml#id(Bmr007.w.10,166)..id(Bmr007.w.10,167)"/>
   </dialogueact>
   <dialogueact nite:id="Bmr007.H.dialogueact884" starttime="2259.85" endtime="2260.02" type="s^bk" adjacency="38b" original-type="s^bk" channel="cB" participant="me011">
      <nite:child href="Bmr007.H.words.xml#id(Bmr007.w.10,195)..id(Bmr007.w.10,196)"/>
   </dialogueact>
   <dialogueact nite:id="Bmr007.H.dialogueact886" starttime="2260.89" endtime="2261.85" type="s" original-type="s" channel="cB" participant="me011">
      <nite:child href="Bmr007.H.words.xml#id(Bmr007.w.10,205)..id(Bmr007.w.10,208)"/>
   </dialogueact>
   <dialogueact nite:id="Bmr007.H.dialogueact890" starttime="2273.15" endtime="2274.88" type="qy^bu^d" adjacency="39b.40a" original-type="qy^bu^d" channel="cB" participant="me011">
      <nite:child href="Bmr007.H.words.xml#id(Bmr007.w.10,262)..id(Bmr007.w.10,275)"/>
   </dialogueact>
   <dialogueact nite:id="Bmr007.H.dialogueact892" starttime="2275.04" endtime="2275.6" type="s^aa" adjacency="39b+" original-type="s^aa" channel="cB" participant="me011">
      <nite:child href="Bmr007.H.words.xml#id(Bmr007.w.10,276)..id(Bmr007.w.10,277)"/>
   </dialogueact>
   <dialogueact nite:id="Bmr007.H.dialogueact893" starttime="2275.72" endtime="2276.4" type="s^aa" adjacency="39b++" original-type="s^aa" channel="cB" participant="me011">
      <nite:child href="Bmr007.H.words.xml#id(Bmr007.w.10,278)..id(Bmr007.w.10,282)"/>
   </dialogueact>
   <dialogueact nite:id="Bmr007.H.dialogueact896" starttime="2276.4" endtime="2277.29" type="s^na" adjacency="39b+++" original-type="s^na" channel="cB" participant="me011">
      <nite:child href="Bmr007.H.words.xml#id(Bmr007.w.10,283)..id(Bmr007.w.10,288)"/>
   </dialogueact>
   <dialogueact nite:id="Bmr007.H.dialogueact897" starttime="2277.65" endtime="2278.17" type="s^na" adjacency="39b++++" original-type="s^na" channel="cB" participant="me011">
      <nite:child href="Bmr007.H.words.xml#id(Bmr007.w.10,289)..id(Bmr007.w.10,291)"/>
   </dialogueact>
   <dialogueact nite:id="Bmr007.H.dialogueact902" starttime="2309.1" endtime="2309.33" type="b" original-type="b" channel="cB" participant="me011">
      <nite:child href="Bmr007.H.words.xml#id(Bmr007.w.10,394)..id(Bmr007.w.10,395)"/>
   </dialogueact>
   <dialogueact nite:id="Bmr007.H.dialogueact904" starttime="2333.48" endtime="2333.79" type="b" original-type="b" channel="cB" participant="me011">
      <nite:child href="Bmr007.H.words.xml#id(Bmr007.w.10,439)..id(Bmr007.w.10,442)"/>
   </dialogueact>
   <dialogueact nite:id="Bmr007.H.dialogueact905" starttime="2334.08" endtime="2335.24" type="s" adjacency="41b" original-type="s" channel="cB" participant="me011">
      <nite:child href="Bmr007.H.words.xml#id(Bmr007.w.10,443)..id(Bmr007.w.10,449)"/>
   </dialogueact>
   <dialogueact nite:id="Bmr007.H.dialogueact916" starttime="2392.45" endtime="2392.66" type="b" original-type="b" channel="cB" participant="me011">
      <nite:child href="Bmr007.H.words.xml#id(Bmr007.w.10,624)..id(Bmr007.w.10,625)"/>
   </dialogueact>
   <dialogueact nite:id="Bmr007.H.dialogueact922" starttime="2400.86" endtime="2401.41" type="s^2" adjacency="1b" original-type="s^2" channel="cB" participant="me011">
      <nite:child href="Bmr007.H.words.xml#id(Bmr007.w.10,678)..id(Bmr007.w.10,680)"/>
   </dialogueact>
   <dialogueact nite:id="Bmr007.H.dialogueact934" starttime="2443.71" endtime="2443.95" type="s^aa" adjacency="2b" original-type="s^aa" channel="cB" participant="me011">
      <nite:child href="Bmr007.H.words.xml#id(Bmr007.w.10,834)..id(Bmr007.w.10,835)"/>
   </dialogueact>
   <dialogueact nite:id="Bmr007.H.dialogueact935" starttime="2443.95" endtime="2444.46" type="s^aa" adjacency="2b+" original-type="s^aa" channel="cB" participant="me011">
      <nite:child href="Bmr007.H.words.xml#id(Bmr007.w.10,836)..id(Bmr007.w.10,837)"/>
   </dialogueact>
   <dialogueact nite:id="Bmr007.H.dialogueact940" starttime="2462.69" endtime="2463.0" type="s^aa" adjacency="3b" original-type="s^aa" channel="cB" participant="me011">
      <nite:child href="Bmr007.H.words.xml#id(Bmr007.w.10,903)..id(Bmr007.w.10,904)"/>
   </dialogueact>
   <dialogueact nite:id="Bmr007.H.dialogueact951" starttime="2544.34" endtime="2545.14" type="qw^br^d^rt" adjacency="4b.5a" original-type="qw^br^d^rt" channel="cB" participant="me011">
      <nite:child href="Bmr007.H.words.xml#id(Bmr007.w.11,135)..id(Bmr007.w.11,139)"/>
   </dialogueact>
   <dialogueact nite:id="Bmr007.H.dialogueact956" starttime="2547.29" endtime="2547.71" type="qy^br^d^rt" original-type="qy^br^d^rt" channel="cB" participant="me011">
      <nite:child href="Bmr007.H.words.xml#id(Bmr007.w.11,160)..id(Bmr007.w.11,163)"/>
   </dialogueact>
   <dialogueact nite:id="Bmr007.H.dialogueact960" starttime="2562.0" endtime="2562.57" type="s^aa" adjacency="8b" original-type="s^aa" channel="cB" participant="me011">
      <nite:child href="Bmr007.H.words.xml#id(Bmr007.w.11,237)..id(Bmr007.w.11,240)"/>
   </dialogueact>
   <dialogueact nite:id="Bmr007.H.dialogueact962" starttime="2562.57" endtime="2564.4" type="s^na" adjacency="8b+" original-type="s^na" channel="cB" participant="me011">
      <nite:child href="Bmr007.H.words.xml#id(Bmr007.w.11,241)..id(Bmr007.w.11,252)"/>
   </dialogueact>
   <dialogueact nite:id="Bmr007.H.dialogueact984" starttime="2628.1" endtime="2633.66" type="fg|s" original-type="fg|s" channel="cB" participant="me011">
      <nite:child href="Bmr007.H.words.xml#id(Bmr007.w.11,540)..id(Bmr007.w.11,563)"/>
   </dialogueact>
   <dialogueact nite:id="Bmr007.H.dialogueact985" starttime="2633.66" endtime="2644.96" type="s" adjacency="9a" original-type="s" channel="cB" participant="me011">
      <nite:child href="Bmr007.H.words.xml#id(Bmr007.w.11,564)..id(Bmr007.w.11,610)"/>
   </dialogueact>
   <dialogueact nite:id="Bmr007.H.dialogueact994" starttime="2645.3" endtime="2648.5" type="s" original-type="s" channel="cB" participant="me011">
      <nite:child href="Bmr007.H.words.xml#id(Bmr007.w.11,625)..id(Bmr007.w.11,648)"/>
   </dialogueact>
   <dialogueact nite:id="Bmr007.H.dialogueact997" starttime="2648.66" endtime="2648.92" type="fh" original-type="fh" channel="cB" participant="me011">
      <nite:child href="Bmr007.H.words.xml#id(Bmr007.w.11,652)..id(Bmr007.w.11,653)"/>
   </dialogueact>
   <dialogueact nite:id="Bmr007.H.dialogueact999" starttime="2662.06" endtime="2662.28" type="s^bk" adjacency="10b" original-type="s^bk" channel="cB" participant="me011">
      <nite:child href="Bmr007.H.words.xml#id(Bmr007.w.11,690)..id(Bmr007.w.11,691)"/>
   </dialogueact>
   <dialogueact nite:id="Bmr007.H.dialogueact1000" starttime="2665.89" endtime="2666.59" type="s^2" adjacency="10b+" original-type="s^2" channel="cB" participant="me011">
      <nite:child href="Bmr007.H.words.xml#id(Bmr007.w.11,712)..id(Bmr007.w.11,714)"/>
   </dialogueact>
   <dialogueact nite:id="Bmr007.H.dialogueact1004" starttime="2684.1" endtime="2684.55" type="s^2|s^aa" adjacency="11b" original-type="s^2|s^aa" channel="cB" participant="me011">
      <nite:child href="Bmr007.H.words.xml#id(Bmr007.w.11,777)..id(Bmr007.w.11,780)"/>
   </dialogueact>
   <dialogueact nite:id="Bmr007.H.dialogueact1007" starttime="2688.0" endtime="2688.7" type="s" adjacency="12a" original-type="s" channel="cB" participant="me011">
      <nite:child href="Bmr007.H.words.xml#id(Bmr007.w.11,789)..id(Bmr007.w.11,794)"/>
   </dialogueact>
   <dialogueact nite:id="Bmr007.H.dialogueact1010" starttime="2691.93" endtime="2692.64" type="s^df^nd" adjacency="13b" original-type="s^df^nd" channel="cB" participant="me011">
      <nite:child href="Bmr007.H.words.xml#id(Bmr007.w.11,803)..id(Bmr007.w.11,807)"/>
   </dialogueact>
   <dialogueact nite:id="Bmr007.H.dialogueact1011" starttime="2693.69" endtime="2695.17" type="s^df^nd" adjacency="13b+" original-type="s^df^nd" channel="cB" participant="me011">
      <nite:child href="Bmr007.H.words.xml#id(Bmr007.w.11,808)..id(Bmr007.w.11,817)"/>
   </dialogueact>
   <dialogueact nite:id="Bmr007.H.dialogueact1013" starttime="2696.2" endtime="2696.62" type="fh" original-type="fh" channel="cB" participant="me011">
      <nite:child href="Bmr007.H.words.xml#id(Bmr007.w.11,819)..id(Bmr007.w.11,820)"/>
   </dialogueact>
   <dialogueact nite:id="Bmr007.H.dialogueact1024" starttime="2725.19" endtime="2728.33" type="s^na" adjacency="15b" original-type="s^na" channel="cB" participant="me011">
      <nite:child href="Bmr007.H.words.xml#id(Bmr007.w.11,977)..id(Bmr007.w.11,991)"/>
   </dialogueact>
   <dialogueact nite:id="Bmr007.H.dialogueact1025" starttime="2728.5" endtime="2729.9" type="s^e^rt" adjacency="15b+" original-type="s^e^rt" channel="cB" participant="me011">
      <nite:child href="Bmr007.H.words.xml#id(Bmr007.w.11,992)..id(Bmr007.w.11,998)"/>
   </dialogueact>
   <dialogueact nite:id="Bmr007.H.dialogueact1027" starttime="2730.64" endtime="2733.86" type="s" adjacency="15b+" original-type="s" channel="cB" participant="me011">
      <nite:child href="Bmr007.H.words.xml#id(Bmr007.w.12,001)..id(Bmr007.w.12,015)"/>
   </dialogueact>
   <dialogueact nite:id="Bmr007.H.dialogueact1029" starttime="2735.43" endtime="2737.57" type="s" adjacency="15b++" original-type="s" channel="cB" participant="me011">
      <nite:child href="Bmr007.H.words.xml#id(Bmr007.w.12,018)..id(Bmr007.w.12,025)"/>
   </dialogueact>
   <dialogueact nite:id="Bmr007.H.dialogueact1035" starttime="2740.56" endtime="2740.83" type="s^bk^t3" original-type="s^bk^t3" channel="cB" participant="me011">
      <nite:child href="Bmr007.H.words.xml#id(Bmr007.w.12,052)..id(Bmr007.w.12,053)"/>
   </dialogueact>
   <dialogueact nite:id="Bmr007.H.dialogueact1036" starttime="2743.83" endtime="2744.87" type="qy^cs^t3" original-type="qy^cs^t3" channel="cB" participant="me011">
      <nite:child href="Bmr007.H.words.xml#id(Bmr007.w.12,078)..id(Bmr007.w.12,084)"/>
   </dialogueact>
   <dialogueact nite:id="Bmr007.H.dialogueact1037" starttime="2745.44" endtime="2746.78" type="s^co^t3" original-type="s^co^t3" channel="cB" participant="me011">
      <nite:child href="Bmr007.H.words.xml#id(Bmr007.w.12,085)..id(Bmr007.w.12,091)"/>
   </dialogueact>
   <dialogueact nite:id="Bmr007.H.dialogueact1038" starttime="2747.86" endtime="2748.59" type="qy^d^rt^t3" original-type="qy^d^rt^t3" channel="cB" participant="me011">
      <nite:child href="Bmr007.H.words.xml#id(Bmr007.w.12,092)..id(Bmr007.w.12,100)"/>
   </dialogueact>
   <dialogueact nite:id="Bmr007.H.dialogueact1039" starttime="2748.76" endtime="2749.1" type="s^cc^t3" adjacency="16a" original-type="s^cc^t3" channel="cB" participant="me011">
      <nite:child href="Bmr007.H.words.xml#id(Bmr007.w.12,101)..id(Bmr007.w.12,105)"/>
   </dialogueact>
   <dialogueact nite:id="Bmr007.H.dialogueact1041" starttime="2750.6" endtime="2750.9" type="s^na^t3" adjacency="17b.18a" original-type="s^na^t3" channel="cB" participant="me011">
      <nite:child href="Bmr007.H.words.xml#id(Bmr007.w.12,115)..id(Bmr007.w.12,117)"/>
   </dialogueact>
   <dialogueact nite:id="Bmr007.H.dialogueact1056" starttime="2821.36" endtime="2822.77" type="s^2" adjacency="20b" original-type="s^2" channel="cB" participant="me011">
      <nite:child href="Bmr007.H.words.xml#id(Bmr007.w.12,391)..id(Bmr007.w.12,398)"/>
   </dialogueact>
   <dialogueact nite:id="Bmr007.H.dialogueact1065" starttime="2833.19" endtime="2835.55" type="s^j" adjacency="21b-1" original-type="s^j" channel="cB" participant="me011">
      <nite:child href="Bmr007.H.words.xml#id(Bmr007.w.12,447)..id(Bmr007.w.12,454)"/>
   </dialogueact>
   <dialogueact nite:id="Bmr007.H.dialogueact1070" starttime="2839.41" endtime="2840.46" type="s^rt" adjacency="22b.23a" original-type="s^rt" channel="cB" participant="me011">
      <nite:child href="Bmr007.H.words.xml#id(Bmr007.w.12,482)..id(Bmr007.w.12,485)"/>
   </dialogueact>
   <dialogueact nite:id="Bmr007.H.dialogueact1073" starttime="2840.46" endtime="2841.67" type="qw^j" adjacency="22b+" original-type="qw^j" channel="cB" participant="me011">
      <nite:child href="Bmr007.H.words.xml#id(Bmr007.w.12,486)..id(Bmr007.w.12,493)"/>
   </dialogueact>
   <dialogueact nite:id="Bmr007.H.dialogueact1076" starttime="2843.1" endtime="2844.57" type="s^fa^j" adjacency="22b++" original-type="s^fa^j" channel="cB" participant="me011">
      <nite:child href="Bmr007.H.words.xml#id(Bmr007.w.12,508)..id(Bmr007.w.12,521)"/>
   </dialogueact>
   <dialogueact nite:id="Bmr007.H.dialogueact1094" starttime="2873.12" endtime="2873.55" type="b" original-type="b" channel="cB" participant="me011">
      <nite:child href="Bmr007.H.words.xml#id(Bmr007.w.12,678)..id(Bmr007.w.12,681)"/>
   </dialogueact>
   <dialogueact nite:id="Bmr007.H.dialogueact1102" starttime="2884.37" endtime="2886.24" type="fg|s^cs" adjacency="26b" original-type="fg|s^cs" channel="cB" participant="me011">
      <nite:child href="Bmr007.H.words.xml#id(Bmr007.w.12,757)..id(Bmr007.w.12,766)"/>
   </dialogueact>
   <dialogueact nite:id="Bmr007.H.dialogueact1111" starttime="2903.63" endtime="2904.45" type="s^2" adjacency="28b-1" original-type="s^2" channel="cB" participant="me011">
      <nite:child href="Bmr007.H.words.xml#id(Bmr007.w.12,855)..id(Bmr007.w.12,857)"/>
   </dialogueact>
   <dialogueact nite:id="Bmr007.H.dialogueact1115" starttime="2906.07" endtime="2907.2" type="s^cs^na" adjacency="28b-1+" original-type="s^cs^na" channel="cB" participant="me011">
      <nite:child href="Bmr007.H.words.xml#id(Bmr007.w.12,881)..id(Bmr007.w.12,885)"/>
   </dialogueact>
   <dialogueact nite:id="Bmr007.H.dialogueact1123" starttime="2919.38" endtime="2921.56" type="s" adjacency="30b-1" original-type="s" channel="cB" participant="me011">
      <nite:child href="Bmr007.H.words.xml#id(Bmr007.w.12,953)..id(Bmr007.w.12,967)"/>
   </dialogueact>
   <dialogueact nite:id="Bmr007.H.dialogueact1136" starttime="2973.17" endtime="2975.67" type="s" adjacency="31b.32a" original-type="s" channel="cB" participant="me011">
      <nite:child href="Bmr007.H.words.xml#id(Bmr007.w.13,170)..id(Bmr007.w.13,192)"/>
   </dialogueact>
   <dialogueact nite:id="Bmr007.H.dialogueact1150" starttime="3032.15" endtime="3032.49" type="b" original-type="b" channel="cB" participant="me011">
      <nite:child href="Bmr007.H.words.xml#id(Bmr007.w.13,396)..id(Bmr007.w.13,399)"/>
   </dialogueact>
   <dialogueact nite:id="Bmr007.H.dialogueact1153" starttime="3038.78" endtime="3041.66" type="s" adjacency="3a" original-type="s" channel="cB" participant="me011">
      <nite:child href="Bmr007.H.words.xml#id(Bmr007.w.13,414)..id(Bmr007.w.13,425)"/>
   </dialogueact>
   <dialogueact nite:id="Bmr007.H.dialogueact1156" starttime="3044.32" endtime="3047.21" type="qy^bu^cc^d^rt" adjacency="4b.5a" original-type="qy^bu^cc^d^rt" channel="cB" participant="me011">
      <nite:child href="Bmr007.H.words.xml#id(Bmr007.w.13,450)..id(Bmr007.w.13,469)"/>
   </dialogueact>
   <dialogueact nite:id="Bmr007.H.dialogueact1158" starttime="3048.13" endtime="3048.4" type="b" original-type="b" channel="cB" participant="me011">
      <nite:child href="Bmr007.H.words.xml#id(Bmr007.w.13,478)..id(Bmr007.w.13,479)"/>
   </dialogueact>
   <dialogueact nite:id="Bmr007.H.dialogueact1159" starttime="3049.05" endtime="3050.73" type="s^na" adjacency="6b.7a" original-type="s^na" channel="cB" participant="me011">
      <nite:child href="Bmr007.H.words.xml#id(Bmr007.w.13,488)..id(Bmr007.w.13,495)"/>
   </dialogueact>
   <dialogueact nite:id="Bmr007.H.dialogueact1161" starttime="3051.15" endtime="3053.28" type="s^cc" adjacency="6b+.8a" original-type="s^cc" channel="cB" participant="me011">
      <nite:child href="Bmr007.H.words.xml#id(Bmr007.w.13,500)..id(Bmr007.w.13,509)"/>
   </dialogueact>
   <dialogueact nite:id="Bmr007.H.dialogueact1177" starttime="3081.94" endtime="3085.62" type="s" adjacency="12b.13a" original-type="s" channel="cB" participant="me011">
      <nite:child href="Bmr007.H.words.xml#id(Bmr007.w.13,635)..id(Bmr007.w.13,650)"/>
   </dialogueact>
   <dialogueact nite:id="Bmr007.H.dialogueact1178" starttime="3085.62" endtime="3091.43" type="s" adjacency="12b+.13a+" original-type="s" channel="cB" participant="me011">
      <nite:child href="Bmr007.H.words.xml#id(Bmr007.w.13,651)..id(Bmr007.w.13,675)"/>
   </dialogueact>
   <dialogueact nite:id="Bmr007.H.dialogueact1194" starttime="3126.07" endtime="3128.07" type="s" adjacency="14b" original-type="s" channel="cB" participant="me011">
      <nite:child href="Bmr007.H.words.xml#id(Bmr007.w.13,844)..id(Bmr007.w.13,855)"/>
   </dialogueact>
   <dialogueact nite:id="Bmr007.H.dialogueact1196" starttime="3128.19" endtime="3130.97" type="s^no" adjacency="14b+" original-type="s^no" channel="cB" participant="me011">
      <nite:child href="Bmr007.H.words.xml#id(Bmr007.w.13,856)..id(Bmr007.w.13,875)"/>
   </dialogueact>
   <dialogueact nite:id="Bmr007.H.dialogueact1198" starttime="3130.97" endtime="3132.47" type="s" adjacency="15a" original-type="s" channel="cB" participant="me011">
      <nite:child href="Bmr007.H.words.xml#id(Bmr007.w.13,876)..id(Bmr007.w.13,880)"/>
   </dialogueact>
   <dialogueact nite:id="Bmr007.H.dialogueact1199" starttime="3132.77" endtime="3135.82" type="s" adjacency="15a+" original-type="s" channel="cB" participant="me011">
      <nite:child href="Bmr007.H.words.xml#id(Bmr007.w.13,881)..id(Bmr007.w.13,898)"/>
   </dialogueact>
   <dialogueact nite:id="Bmr007.H.dialogueact1202" starttime="3136.28" endtime="3138.86" type="s^cs" adjacency="15a++" original-type="s^cs" channel="cB" participant="me011">
      <nite:child href="Bmr007.H.words.xml#id(Bmr007.w.13,903)..id(Bmr007.w.13,915)"/>
   </dialogueact>
   <dialogueact nite:id="Bmr007.H.dialogueact1206" starttime="3143.76" endtime="3144.02" type="s^bk" adjacency="16b-1" original-type="s^bk" channel="cB" participant="me011">
      <nite:child href="Bmr007.H.words.xml#id(Bmr007.w.13,952)..id(Bmr007.w.13,953)"/>
   </dialogueact>
   <dialogueact nite:id="Bmr007.H.dialogueact1209" starttime="3144.51" endtime="3148.38" type="s" adjacency="16b-1+" original-type="s" channel="cB" participant="me011">
      <nite:child href="Bmr007.H.words.xml#id(Bmr007.w.13,959)..id(Bmr007.w.13,986)"/>
   </dialogueact>
   <dialogueact nite:id="Bmr007.H.dialogueact1215" starttime="3148.38" endtime="3148.85" type="fh" original-type="fh" channel="cB" participant="me011">
      <nite:child href="Bmr007.H.words.xml#id(Bmr007.w.13,987)"/>
   </dialogueact>
   <dialogueact nite:id="Bmr007.H.dialogueact1221" starttime="3154.57" endtime="3154.81" type="b" original-type="b" channel="cB" participant="me011">
      <nite:child href="Bmr007.H.words.xml#id(Bmr007.w.14,046)..id(Bmr007.w.14,047)"/>
   </dialogueact>
   <dialogueact nite:id="Bmr007.H.dialogueact1225" starttime="3155.99" endtime="3156.48" type="s.%-" original-type="s.%-" channel="cB" participant="me011">
      <nite:child href="Bmr007.H.words.xml#id(Bmr007.w.14,054)..id(Bmr007.disfmarker.617)"/>
   </dialogueact>
   <dialogueact nite:id="Bmr007.H.dialogueact1230" starttime="3159.85" endtime="3160.14" type="b" original-type="b" channel="cB" participant="me011">
      <nite:child href="Bmr007.H.words.xml#id(Bmr007.w.14,089)..id(Bmr007.w.14,090)"/>
   </dialogueact>
   <dialogueact nite:id="Bmr007.H.dialogueact1235" starttime="3162.72" endtime="3163.19" type="s^aa" adjacency="20b.21a" original-type="s^aa" channel="cB" participant="me011">
      <nite:child href="Bmr007.H.words.xml#id(Bmr007.w.14,109)..id(Bmr007.w.14,111)"/>
   </dialogueact>
   <dialogueact nite:id="Bmr007.H.dialogueact1238" starttime="3164.68" endtime="3167.68" type="s" adjacency="20b+" original-type="s" channel="cB" participant="me011">
      <nite:child href="Bmr007.H.words.xml#id(Bmr007.w.14,129)..id(Bmr007.w.14,144)"/>
   </dialogueact>
   <dialogueact nite:id="Bmr007.H.dialogueact1243" starttime="3168.4" endtime="3171.32" type="s" adjacency="20b++" original-type="s" channel="cB" participant="me011">
      <nite:child href="Bmr007.H.words.xml#id(Bmr007.w.14,145)..id(Bmr007.w.14,159)"/>
   </dialogueact>
   <dialogueact nite:id="Bmr007.H.dialogueact1246" starttime="3172.8" endtime="3173.13" type="b" original-type="b" channel="cB" participant="me011">
      <nite:child href="Bmr007.H.words.xml#id(Bmr007.w.14,188)..id(Bmr007.w.14,189)"/>
   </dialogueact>
   <dialogueact nite:id="Bmr007.H.dialogueact1247" starttime="3174.51" endtime="3176.86" type="s" original-type="s" channel="cB" participant="me011">
      <nite:child href="Bmr007.H.words.xml#id(Bmr007.w.14,190)..id(Bmr007.w.14,204)"/>
   </dialogueact>
   <dialogueact nite:id="Bmr007.H.dialogueact1248" starttime="3176.86" endtime="3180.83" type="s" original-type="s" channel="cB" participant="me011">
      <nite:child href="Bmr007.H.words.xml#id(Bmr007.w.14,205)..id(Bmr007.w.14,222)"/>
   </dialogueact>
   <dialogueact nite:id="Bmr007.H.dialogueact1250" starttime="3182.12" endtime="3182.58" type="s^fa" adjacency="22b" original-type="s^fa" channel="cB" participant="me011">
      <nite:child href="Bmr007.H.words.xml#id(Bmr007.w.14,229)..id(Bmr007.w.14,230)"/>
   </dialogueact>
   <dialogueact nite:id="Bmr007.H.dialogueact1251" starttime="3182.88" endtime="3185.25" type="s" original-type="s" channel="cB" participant="me011">
      <nite:child href="Bmr007.H.words.xml#id(Bmr007.w.14,231)..id(Bmr007.w.14,240)"/>
   </dialogueact>
   <dialogueact nite:id="Bmr007.H.dialogueact1253" starttime="3185.68" endtime="3186.87" type="s" original-type="s" channel="cB" participant="me011">
      <nite:child href="Bmr007.H.words.xml#id(Bmr007.w.14,241)..id(Bmr007.w.14,248)"/>
   </dialogueact>
   <dialogueact nite:id="Bmr007.H.dialogueact1260" starttime="3196.74" endtime="3196.94" type="s^bk" adjacency="24b" original-type="s^bk" channel="cB" participant="me011">
      <nite:child href="Bmr007.H.words.xml#id(Bmr007.w.14,301)..id(Bmr007.w.14,302)"/>
   </dialogueact>
   <dialogueact nite:id="Bmr007.H.dialogueact1263" starttime="3204.14" endtime="3204.42" type="s^bk" adjacency="25b" original-type="s^bk" channel="cB" participant="me011">
      <nite:child href="Bmr007.H.words.xml#id(Bmr007.w.14,355)..id(Bmr007.w.14,356)"/>
   </dialogueact>
   <dialogueact nite:id="Bmr007.H.dialogueact1268" starttime="3209.02" endtime="3212.28" type="s^tc" original-type="s^tc" channel="cB" participant="me011">
      <nite:child href="Bmr007.H.words.xml#id(Bmr007.w.14,380)..id(Bmr007.w.14,391)"/>
   </dialogueact>
   <dialogueact nite:id="Bmr007.H.dialogueact1269" starttime="3212.76" endtime="3213.61" type="s" original-type="s" channel="cB" participant="me011">
      <nite:child href="Bmr007.H.words.xml#id(Bmr007.w.14,392)..id(Bmr007.w.14,399)"/>
   </dialogueact>
   <dialogueact nite:id="Bmr007.H.dialogueact1270" starttime="3213.72" endtime="3214.08" comment="FBH" type="s^fe" original-type="sj^fe" channel="cB" participant="me011">
      <nite:child href="Bmr007.H.words.xml#id(Bmr007.w.14,400)..id(Bmr007.w.14,401)"/>
   </dialogueact>
   <dialogueact nite:id="Bmr007.H.dialogueact1272" starttime="3214.54" endtime="3214.84" type="s" original-type="s" channel="cB" participant="me011">
      <nite:child href="Bmr007.H.words.xml#id(Bmr007.w.14,402)..id(Bmr007.w.14,404)"/>
   </dialogueact>
   <dialogueact nite:id="Bmr007.H.dialogueact1276" starttime="3220.64" endtime="3221.22" type="s" adjacency="26b" original-type="s" channel="cB" participant="me011">
      <nite:child href="Bmr007.H.words.xml#id(Bmr007.w.14,445)..id(Bmr007.w.14,449)"/>
   </dialogueact>
   <dialogueact nite:id="Bmr007.H.dialogueact1277" starttime="3221.44" endtime="3222.33" type="s" adjacency="26b+" original-type="s" channel="cB" participant="me011">
      <nite:child href="Bmr007.H.words.xml#id(Bmr007.w.14,450)..id(Bmr007.w.14,456)"/>
   </dialogueact>
   <dialogueact nite:id="Bmr007.H.dialogueact1280" starttime="3230.82" endtime="3231.1" type="qy^2^d^rt" adjacency="27b.28a" original-type="qy^2^d^rt" channel="cB" participant="me011">
      <nite:child href="Bmr007.H.words.xml#id(Bmr007.w.14,497)..id(Bmr007.w.14,498)"/>
   </dialogueact>
   <dialogueact nite:id="Bmr007.H.dialogueact1285" starttime="3234.85" endtime="3236.51" type="s" adjacency="29a" original-type="s" channel="cB" participant="me011">
      <nite:child href="Bmr007.H.words.xml#id(Bmr007.w.14,524)..id(Bmr007.w.14,531)"/>
   </dialogueact>
   <dialogueact nite:id="Bmr007.H.dialogueact1290" starttime="3241.41" endtime="3242.77" type="s^na" adjacency="30b" original-type="s^na" channel="cB" participant="me011">
      <nite:child href="Bmr007.H.words.xml#id(Bmr007.w.14,555)..id(Bmr007.w.14,561)"/>
   </dialogueact>
   <dialogueact nite:id="Bmr007.H.dialogueact1294" starttime="3244.27" endtime="3246.03" type="s^j" adjacency="31a" original-type="s^j" channel="cB" participant="me011">
      <nite:child href="Bmr007.H.words.xml#id(Bmr007.w.14,588)..id(Bmr007.w.14,601)"/>
   </dialogueact>
   <dialogueact nite:id="Bmr007.H.dialogueact1296" starttime="3246.03" endtime="3246.62" type="qy^j" adjacency="31a+" original-type="qy^j" channel="cB" participant="me011">
      <nite:child href="Bmr007.H.words.xml#id(Bmr007.w.14,602)..id(Bmr007.w.14,609)"/>
   </dialogueact>
   <dialogueact nite:id="Bmr007.H.dialogueact1297" starttime="3246.62" endtime="3248.18" type="s^ar^j" adjacency="31a++" original-type="s^ar^j" channel="cB" participant="me011">
      <nite:child href="Bmr007.H.words.xml#id(Bmr007.w.14,610)..id(Bmr007.w.14,617)"/>
   </dialogueact>
   <dialogueact nite:id="Bmr007.H.dialogueact1302" starttime="3250.09" endtime="3250.98" type="s^fe" original-type="sj^fe" channel="cB" participant="me011">
      <nite:child href="Bmr007.H.words.xml#id(Bmr007.w.14,652)..id(Bmr007.w.14,657)"/>
   </dialogueact>
   <dialogueact nite:id="Bmr007.H.dialogueact1309" starttime="3255.33" endtime="3258.05" type="s" adjacency="33b" original-type="s" channel="cB" participant="me011">
      <nite:child href="Bmr007.H.words.xml#id(Bmr007.w.14,698)..id(Bmr007.w.14,717)"/>
   </dialogueact>
   <dialogueact nite:id="Bmr007.H.dialogueact1315" starttime="3262.81" endtime="3263.78" type="s" adjacency="35b-1" original-type="s" channel="cB" participant="me011">
      <nite:child href="Bmr007.H.words.xml#id(Bmr007.w.14,750)..id(Bmr007.w.14,755)"/>
   </dialogueact>
   <dialogueact nite:id="Bmr007.H.dialogueact1316" starttime="3264.33" endtime="3269.88" type="s" adjacency="35b-1+" original-type="s" channel="cB" participant="me011">
      <nite:child href="Bmr007.H.words.xml#id(Bmr007.w.14,764)..id(Bmr007.w.14,802)"/>
   </dialogueact>
   <dialogueact nite:id="Bmr007.H.dialogueact1326" starttime="3278.14" endtime="3280.55" type="s^rt" original-type="s^rt" channel="cB" participant="me011">
      <nite:child href="Bmr007.H.words.xml#id(Bmr007.w.14,852)..id(Bmr007.w.14,862)"/>
   </dialogueact>
   <dialogueact nite:id="Bmr007.H.dialogueact1328" starttime="3280.71" endtime="3288.33" type="s" adjacency="37a" original-type="s" channel="cB" participant="me011">
      <nite:child href="Bmr007.H.words.xml#id(Bmr007.w.14,868)..id(Bmr007.w.14,898)"/>
   </dialogueact>
   <dialogueact nite:id="Bmr007.H.dialogueact1332" starttime="3289.88" endtime="3290.46" type="s^aap" adjacency="38b" original-type="s^aap" channel="cB" participant="me011">
      <nite:child href="Bmr007.H.words.xml#id(Bmr007.w.14,916)..id(Bmr007.w.14,919)"/>
   </dialogueact>
   <dialogueact nite:id="Bmr007.H.dialogueact1334" starttime="3291.52" endtime="3292.35" type="s^df" adjacency="40a" original-type="s^df" channel="cB" participant="me011">
      <nite:child href="Bmr007.H.words.xml#id(Bmr007.w.14,922)..id(Bmr007.w.14,930)"/>
   </dialogueact>
   <dialogueact nite:id="Bmr007.H.dialogueact1335" starttime="3292.35" endtime="3292.63" type="qy^d^f^g^rt" adjacency="40a+" original-type="qy^d^f^g^rt" channel="cB" participant="me011">
      <nite:child href="Bmr007.H.words.xml#id(Bmr007.w.14,931)..id(Bmr007.w.14,932)"/>
   </dialogueact>
   <dialogueact nite:id="Bmr007.H.dialogueact1337" starttime="3292.89" endtime="3295.41" type="s^df" original-type="s^df" channel="cB" participant="me011">
      <nite:child href="Bmr007.H.words.xml#id(Bmr007.w.14,933)..id(Bmr007.w.14,945)"/>
   </dialogueact>
   <dialogueact nite:id="Bmr007.H.dialogueact1339" starttime="3296.29" endtime="3302.73" type="s^df" adjacency="39a" original-type="s^df" channel="cB" participant="me011">
      <nite:child href="Bmr007.H.words.xml#id(Bmr007.w.14,958)..id(Bmr007.w.14,982)"/>
   </dialogueact>
   <dialogueact nite:id="Bmr007.H.dialogueact1342" starttime="3304.31" endtime="3305.23" type="s" original-type="s" channel="cB" participant="me011">
      <nite:child href="Bmr007.H.words.xml#id(Bmr007.w.14,985)..id(Bmr007.w.14,992)"/>
   </dialogueact>
   <dialogueact nite:id="Bmr007.H.dialogueact1344" starttime="3306.63" endtime="3306.87" type="s^bk" original-type="s^bk" channel="cB" participant="me011">
      <nite:child href="Bmr007.H.words.xml#id(Bmr007.w.15,013)..id(Bmr007.w.15,014)"/>
   </dialogueact>
   <dialogueact nite:id="Bmr007.H.dialogueact1347" starttime="3592.54" endtime="3593.45" type="z" original-type="z" channel="cB" participant="me011">
      <nite:child href="Bmr007.H.words.xml#id(Bmr007.w.15,605)..id(Bmr007.w.15,609)"/>
   </dialogueact>
</nite:root>