<?xml version="1.0" encoding="ISO-8859-1" standalone="yes"?>
<nite:root nite:id="Bmr012.A.dialogue-acts" xmlns:nite="http://nite.sourceforge.net/">
   <dialogueact nite:id="Bmr012.A.dialogueact29" starttime="46.431" endtime="47.591" type="z" adjacency="2a" original-type="z" channel="c0" participant="mn017">
      <nite:child href="Bmr012.A.words.xml#id(Bmr012.w.238)..id(Bmr012.w.246)"/>
   </dialogueact>
   <dialogueact nite:id="Bmr012.A.dialogueact30" starttime="47.841" endtime="51.821" type="z" adjacency="3b" original-type="z" channel="c0" participant="mn017">
      <nite:child href="Bmr012.A.words.xml#id(Bmr012.w.247)..id(Bmr012.w.254)"/>
   </dialogueact>
   <dialogueact nite:id="Bmr012.A.dialogueact33" starttime="52.981" endtime="54.281" type="z" adjacency="4a" original-type="z" channel="c0" participant="mn017">
      <nite:child href="Bmr012.A.words.xml#id(Bmr012.w.255)..id(Bmr012.w.260)"/>
   </dialogueact>
   <dialogueact nite:id="Bmr012.A.dialogueact40" starttime="61.473" endtime="61.803" comment="FBH" type="z" adjacency="5b.6a" original-type="z" channel="c0" participant="mn017">
      <nite:child href="Bmr012.A.words.xml#id(Bmr012.w.303)..id(Bmr012.w.304)"/>
   </dialogueact>
   <dialogueact nite:id="Bmr012.A.dialogueact44" starttime="64.245" endtime="69.155" type="z" adjacency="7b.10a" original-type="z" channel="c0" participant="mn017">
      <nite:child href="Bmr012.A.words.xml#id(Bmr012.w.335)..id(Bmr012.w.351)"/>
   </dialogueact>
   <dialogueact nite:id="Bmr012.A.dialogueact57" starttime="72.358" endtime="73.408" type="z" adjacency="15a" original-type="z" channel="c0" participant="mn017">
      <nite:child href="Bmr012.A.words.xml#id(Bmr012.w.427)..id(Bmr012.w.431)"/>
   </dialogueact>
   <dialogueact nite:id="Bmr012.A.dialogueact78" starttime="86.041" endtime="87.471" comment="testing mike" type="z" original-type="z" channel="c0" participant="mn017">
      <nite:child href="Bmr012.A.words.xml#id(Bmr012.w.518)..id(Bmr012.w.521)"/>
   </dialogueact>
   <dialogueact nite:id="Bmr012.A.dialogueact97" starttime="94.98" endtime="95.58" type="b" original-type="b" channel="c0" participant="mn017">
      <nite:child href="Bmr012.A.words.xml#id(Bmr012.w.570)..id(Bmr012.w.571)"/>
   </dialogueact>
   <dialogueact nite:id="Bmr012.A.dialogueact106" starttime="122.824" endtime="123.364" type="b" original-type="b" channel="c0" participant="mn017">
      <nite:child href="Bmr012.A.words.xml#id(Bmr012.w.686)..id(Bmr012.w.687)"/>
   </dialogueact>
   <dialogueact nite:id="Bmr012.A.dialogueact108" starttime="124.228" endtime="124.578" type="s.%--" original-type="s.%--" channel="c0" participant="mn017">
      <nite:child href="Bmr012.A.words.xml#id(Bmr012.w.690)..id(Bmr012.disfmarker.20)"/>
   </dialogueact>
   <dialogueact nite:id="Bmr012.A.dialogueact111" starttime="125.038" endtime="126.578" type="qy^cs" adjacency="23a" original-type="qy^cs" channel="c0" participant="mn017">
      <nite:child href="Bmr012.A.words.xml#id(Bmr012.w.696)..id(Bmr012.w.702)"/>
   </dialogueact>
   <dialogueact nite:id="Bmr012.A.dialogueact112" starttime="126.578" endtime="128.988" type="s^cs" adjacency="24a" original-type="s^cs" channel="c0" participant="mn017">
      <nite:child href="Bmr012.A.words.xml#id(Bmr012.w.703)..id(Bmr012.w.712)"/>
   </dialogueact>
   <dialogueact nite:id="Bmr012.A.dialogueact114" starttime="129.188" endtime="134.706" type="s^df" adjacency="24a+" original-type="s^df" channel="c0" participant="mn017">
      <nite:child href="Bmr012.A.words.xml#id(Bmr012.w.713)..id(Bmr012.w.737)"/>
   </dialogueact>
   <dialogueact nite:id="Bmr012.A.dialogueact119" starttime="137.84" endtime="138.34" type="b" original-type="b" channel="c0" participant="mn017">
      <nite:child href="Bmr012.A.words.xml#id(Bmr012.w.762)..id(Bmr012.w.763)"/>
   </dialogueact>
   <dialogueact nite:id="Bmr012.A.dialogueact125" starttime="141.612" endtime="145.422" type="s^nd.%-" adjacency="25b.26a" original-type="s^nd.%-" channel="c0" participant="mn017">
      <nite:child href="Bmr012.A.words.xml#id(Bmr012.w.792)..id(Bmr012.disfmarker.26)"/>
   </dialogueact>
   <dialogueact nite:id="Bmr012.A.dialogueact130" starttime="147.813" endtime="150.673" type="s^nd" adjacency="27b-2" original-type="s^nd" channel="c0" participant="mn017">
      <nite:child href="Bmr012.A.words.xml#id(Bmr012.w.851)..id(Bmr012.w.856)"/>
   </dialogueact>
   <dialogueact nite:id="Bmr012.A.dialogueact134" starttime="157.022" endtime="157.292" type="s^t1" original-type="s^t1" channel="c0" participant="mn017">
      <nite:child href="Bmr012.A.words.xml#id(Bmr012.w.883)..id(Bmr012.w.884)"/>
   </dialogueact>
   <dialogueact nite:id="Bmr012.A.dialogueact139" starttime="162.083" endtime="162.443" type="b" original-type="b" channel="c0" participant="mn017">
      <nite:child href="Bmr012.A.words.xml#id(Bmr012.w.910)..id(Bmr012.w.911)"/>
   </dialogueact>
   <dialogueact nite:id="Bmr012.A.dialogueact140" starttime="168.722" endtime="169.132" type="%" original-type="%" channel="c0" participant="mn017">
      <nite:child href="Bmr012.A.words.xml#id(Bmr012.w.933)..id(Bmr012.w.936)"/>
   </dialogueact>
   <dialogueact nite:id="Bmr012.A.dialogueact161" starttime="234.984" endtime="235.214" type="s^aa^t3" adjacency="32b" original-type="s^aa^t3" channel="c0" participant="mn017">
      <nite:child href="Bmr012.A.words.xml#id(Bmr012.w.1127)..id(Bmr012.w.1128)"/>
   </dialogueact>
   <dialogueact nite:id="Bmr012.A.dialogueact167" starttime="238.067" endtime="238.187" type="%" original-type="%" channel="c0" participant="mn017">
      <nite:child href="Bmr012.A.words.xml#id(Bmr012.w.1145)..id(Bmr012.w.1146)"/>
   </dialogueact>
   <dialogueact nite:id="Bmr012.A.dialogueact203" starttime="314.988" endtime="315.898" type="s" original-type="sj" channel="c0" participant="mn017">
      <nite:child href="Bmr012.A.words.xml#id(Bmr012.w.1423)..id(Bmr012.w.1427)"/>
   </dialogueact>
   <dialogueact nite:id="Bmr012.A.dialogueact206" starttime="316.038" endtime="320.768" type="s" original-type="s" channel="c0" participant="mn017">
      <nite:child href="Bmr012.A.words.xml#id(Bmr012.w.1428)..id(Bmr012.w.1462)"/>
   </dialogueact>
   <dialogueact nite:id="Bmr012.A.dialogueact207" starttime="321.238" endtime="325.098" type="s" original-type="s" channel="c0" participant="mn017">
      <nite:child href="Bmr012.A.words.xml#id(Bmr012.w.1463)..id(Bmr012.w.1474)"/>
   </dialogueact>
   <dialogueact nite:id="Bmr012.A.dialogueact208" starttime="325.428" endtime="326.858" type="s" adjacency="38a" original-type="s" channel="c0" participant="mn017">
      <nite:child href="Bmr012.A.words.xml#id(Bmr012.w.1475)..id(Bmr012.w.1481)"/>
   </dialogueact>
   <dialogueact nite:id="Bmr012.A.dialogueact209" starttime="326.858" endtime="330.118" type="s.%-" adjacency="38a+" original-type="s.%-" channel="c0" participant="mn017">
      <nite:child href="Bmr012.A.words.xml#id(Bmr012.w.1482)..id(Bmr012.disfmarker.53)"/>
   </dialogueact>
   <dialogueact nite:id="Bmr012.A.dialogueact212" starttime="330.688" endtime="331.968" type="s" original-type="s" channel="c0" participant="mn017">
      <nite:child href="Bmr012.A.words.xml#id(Bmr012.w.1495)..id(Bmr012.w.1498)"/>
   </dialogueact>
   <dialogueact nite:id="Bmr012.A.dialogueact215" starttime="332.118" endtime="332.638" type="fh" original-type="fh" channel="c0" participant="mn017">
      <nite:child href="Bmr012.A.words.xml#id(Bmr012.w.1499)"/>
   </dialogueact>
   <dialogueact nite:id="Bmr012.A.dialogueact218" starttime="333.599" endtime="333.939" type="b" original-type="b" channel="c0" participant="mn017">
      <nite:child href="Bmr012.A.words.xml#id(Bmr012.w.1531)..id(Bmr012.w.1532)"/>
   </dialogueact>
   <dialogueact nite:id="Bmr012.A.dialogueact230" starttime="343.552" endtime="344.222" type="b" original-type="b" channel="c0" participant="mn017">
      <nite:child href="Bmr012.A.words.xml#id(Bmr012.w.1600)..id(Bmr012.w.1601)"/>
   </dialogueact>
   <dialogueact nite:id="Bmr012.A.dialogueact235" starttime="347.112" endtime="352.692" type="s.%-" original-type="s.%-" channel="c0" participant="mn017">
      <nite:child href="Bmr012.A.words.xml#id(Bmr012.w.1607)..id(Bmr012.w.1626)"/>
   </dialogueact>
   <dialogueact nite:id="Bmr012.A.dialogueact258" starttime="365.393" endtime="365.703" type="b" original-type="b" channel="c0" participant="mn017">
      <nite:child href="Bmr012.A.words.xml#id(Bmr012.w.1739)..id(Bmr012.w.1740)"/>
   </dialogueact>
   <dialogueact nite:id="Bmr012.A.dialogueact285" starttime="395.122" endtime="395.452" type="fg|%-" original-type="fg|%-" channel="c0" participant="mn017">
      <nite:child href="Bmr012.A.words.xml#id(Bmr012.w.1886)..id(Bmr012.disfmarker.85)"/>
   </dialogueact>
   <dialogueact nite:id="Bmr012.A.dialogueact295" starttime="403.66" endtime="404.19" type="%-" original-type="%-" channel="c0" participant="mn017">
      <nite:child href="Bmr012.A.words.xml#id(Bmr012.w.1961)..id(Bmr012.disfmarker.89)"/>
   </dialogueact>
   <dialogueact nite:id="Bmr012.A.dialogueact297" starttime="404.19" endtime="404.57" type="b" original-type="b" channel="c0" participant="mn017">
      <nite:child href="Bmr012.A.words.xml#id(Bmr012.w.1994)..id(Bmr012.w.1995)"/>
   </dialogueact>
   <dialogueact nite:id="Bmr012.A.dialogueact303" starttime="406.905" endtime="407.565" type="b" original-type="b" channel="c0" participant="mn017">
      <nite:child href="Bmr012.A.words.xml#id(Bmr012.w.2002)..id(Bmr012.w.2003)"/>
   </dialogueact>
   <dialogueact nite:id="Bmr012.A.dialogueact325" starttime="431.744" endtime="432.494" type="b" original-type="b" channel="c0" participant="mn017">
      <nite:child href="Bmr012.A.words.xml#id(Bmr012.w.2137)..id(Bmr012.w.2138)"/>
   </dialogueact>
   <dialogueact nite:id="Bmr012.A.dialogueact351" starttime="462.698" endtime="463.068" type="b" original-type="b" channel="c0" participant="mn017">
      <nite:child href="Bmr012.A.words.xml#id(Bmr012.w.2299)..id(Bmr012.w.2300)"/>
   </dialogueact>
   <dialogueact nite:id="Bmr012.A.dialogueact360" starttime="478.157" endtime="478.907" type="b" original-type="b" channel="c0" participant="mn017">
      <nite:child href="Bmr012.A.words.xml#id(Bmr012.w.2375)..id(Bmr012.w.2378)"/>
   </dialogueact>
   <dialogueact nite:id="Bmr012.A.dialogueact367" starttime="486.864" endtime="493.434" type="s" adjacency="61a" original-type="s" channel="c0" participant="mn017">
      <nite:child href="Bmr012.A.words.xml#id(Bmr012.w.2428)..id(Bmr012.w.2453)"/>
   </dialogueact>
   <dialogueact nite:id="Bmr012.A.dialogueact372" starttime="494.524" endtime="495.594" type="%-" original-type="%-" channel="c0" participant="mn017">
      <nite:child href="Bmr012.A.words.xml#id(Bmr012.w.2483)..id(Bmr012.disfmarker.111)"/>
   </dialogueact>
   <dialogueact nite:id="Bmr012.A.dialogueact375" starttime="497.618" endtime="497.758" type="b" original-type="b" channel="c0" participant="mn017">
      <nite:child href="Bmr012.A.words.xml#id(Bmr012.w.2500)..id(Bmr012.w.2501)"/>
   </dialogueact>
   <dialogueact nite:id="Bmr012.A.dialogueact378" starttime="501.292" endtime="502.492" type="b" original-type="b" channel="c0" participant="mn017">
      <nite:child href="Bmr012.A.words.xml#id(Bmr012.w.2532)..id(Bmr012.w.2535)"/>
   </dialogueact>
   <dialogueact nite:id="Bmr012.A.dialogueact380" starttime="504.352" endtime="505.392" type="b" original-type="b" channel="c0" participant="mn017">
      <nite:child href="Bmr012.A.words.xml#id(Bmr012.w.2536)..id(Bmr012.w.2539)"/>
   </dialogueact>
   <dialogueact nite:id="Bmr012.A.dialogueact408" starttime="563.387" endtime="565.307" type="b" original-type="b" channel="c0" participant="mn017">
      <nite:child href="Bmr012.A.words.xml#id(Bmr012.w.2792)..id(Bmr012.w.2795)"/>
   </dialogueact>
   <dialogueact nite:id="Bmr012.A.dialogueact412" starttime="565.307" endtime="565.687" type="b" original-type="b" channel="c0" participant="mn017">
      <nite:child href="Bmr012.A.words.xml#id(Bmr012.w.2817)..id(Bmr012.w.2818)"/>
   </dialogueact>
   <dialogueact nite:id="Bmr012.A.dialogueact414" starttime="566.066" endtime="566.836" type="b" original-type="b" channel="c0" participant="mn017">
      <nite:child href="Bmr012.A.words.xml#id(Bmr012.w.2820)..id(Bmr012.w.2821)"/>
   </dialogueact>
   <dialogueact nite:id="Bmr012.A.dialogueact418" starttime="567.645" endtime="568.685" type="s.%-" original-type="s.%-" channel="c0" participant="mn017">
      <nite:child href="Bmr012.A.words.xml#id(Bmr012.w.2833)..id(Bmr012.disfmarker.121)"/>
   </dialogueact>
   <dialogueact nite:id="Bmr012.A.dialogueact428" starttime="576.72" endtime="577.59" type="s.%-" original-type="s.%-" channel="c0" participant="mn017">
      <nite:child href="Bmr012.A.words.xml#id(Bmr012.w.2878)..id(Bmr012.disfmarker.123)"/>
   </dialogueact>
   <dialogueact nite:id="Bmr012.A.dialogueact436" starttime="605.624" endtime="605.944" type="s^aa" adjacency="1b-1" original-type="s^aa" channel="c0" participant="mn017">
      <nite:child href="Bmr012.A.words.xml#id(Bmr012.w.2988)..id(Bmr012.w.2989)"/>
   </dialogueact>
   <dialogueact nite:id="Bmr012.A.dialogueact448" starttime="614.244" endtime="616.484" type="s" original-type="s" channel="c0" participant="mn017">
      <nite:child href="Bmr012.A.words.xml#id(Bmr012.w.3046)..id(Bmr012.w.3057)"/>
   </dialogueact>
   <dialogueact nite:id="Bmr012.A.dialogueact452" starttime="616.484" endtime="616.654" type="%" original-type="%" channel="c0" participant="mn017">
      <nite:child href="Bmr012.A.words.xml#id(Bmr012.w.3058)..id(Bmr012.w.3059)"/>
   </dialogueact>
   <dialogueact nite:id="Bmr012.A.dialogueact453" starttime="617.83" endtime="618.04" type="b" original-type="b" channel="c0" participant="mn017">
      <nite:child href="Bmr012.A.words.xml#id(Bmr012.w.3092)..id(Bmr012.w.3093)"/>
   </dialogueact>
   <dialogueact nite:id="Bmr012.A.dialogueact462" starttime="635.265" endtime="635.615" type="s^aa" adjacency="6b" original-type="s^aa" channel="c0" participant="mn017">
      <nite:child href="Bmr012.A.words.xml#id(Bmr012.w.3157)..id(Bmr012.w.3159)"/>
   </dialogueact>
   <dialogueact nite:id="Bmr012.A.dialogueact467" starttime="636.615" endtime="636.735" type="b" original-type="b" channel="c0" participant="mn017">
      <nite:child href="Bmr012.A.words.xml#id(Bmr012.w.3160)..id(Bmr012.w.3161)"/>
   </dialogueact>
   <dialogueact nite:id="Bmr012.A.dialogueact472" starttime="641.388" endtime="644.958" type="s" original-type="s" channel="c0" participant="mn017">
      <nite:child href="Bmr012.A.words.xml#id(Bmr012.w.3206)..id(Bmr012.w.3226)"/>
   </dialogueact>
   <dialogueact nite:id="Bmr012.A.dialogueact475" starttime="644.958" endtime="645.718" type="s.%--" original-type="s.%--" channel="c0" participant="mn017">
      <nite:child href="Bmr012.A.words.xml#id(Bmr012.w.3227)..id(Bmr012.disfmarker.137)"/>
   </dialogueact>
   <dialogueact nite:id="Bmr012.A.dialogueact476" starttime="646.608" endtime="650.608" type="s" adjacency="9a" original-type="s" channel="c0" participant="mn017">
      <nite:child href="Bmr012.A.words.xml#id(Bmr012.w.3230)..id(Bmr012.w.3241)"/>
   </dialogueact>
   <dialogueact nite:id="Bmr012.A.dialogueact477" starttime="650.608" endtime="652.058" type="s^e" adjacency="9a+" original-type="s^e" channel="c0" participant="mn017">
      <nite:child href="Bmr012.A.words.xml#id(Bmr012.w.3242)..id(Bmr012.w.3247)"/>
   </dialogueact>
   <dialogueact nite:id="Bmr012.A.dialogueact481" starttime="652.988" endtime="653.738" type="s^df.%-" original-type="s^df.%-" channel="c0" participant="mn017">
      <nite:child href="Bmr012.A.words.xml#id(Bmr012.w.3268)..id(Bmr012.w.3269)"/>
   </dialogueact>
   <dialogueact nite:id="Bmr012.A.dialogueact483" starttime="654.408" endtime="654.508" type="b" original-type="b" channel="c0" participant="mn017">
      <nite:child href="Bmr012.A.words.xml#id(Bmr012.w.3270)..id(Bmr012.w.3273)"/>
   </dialogueact>
   <dialogueact nite:id="Bmr012.A.dialogueact484" starttime="654.668" endtime="654.768" type="b" original-type="b" channel="c0" participant="mn017">
      <nite:child href="Bmr012.A.words.xml#id(Bmr012.w.3274)..id(Bmr012.w.3275)"/>
   </dialogueact>
   <dialogueact nite:id="Bmr012.A.dialogueact485" starttime="656.298" endtime="660.188" type="fg|s.%--" original-type="fg|s.%--" channel="c0" participant="mn017">
      <nite:child href="Bmr012.A.words.xml#id(Bmr012.w.3276)..id(Bmr012.w.3289)"/>
   </dialogueact>
   <dialogueact nite:id="Bmr012.A.dialogueact488" starttime="660.188" endtime="663.538" type="s^rt" original-type="s^rt" channel="c0" participant="mn017">
      <nite:child href="Bmr012.A.words.xml#id(Bmr012.w.3290)..id(Bmr012.w.3301)"/>
   </dialogueact>
   <dialogueact nite:id="Bmr012.A.dialogueact490" starttime="664.328" endtime="666.388" type="s" original-type="s" channel="c0" participant="mn017">
      <nite:child href="Bmr012.A.words.xml#id(Bmr012.w.3306)..id(Bmr012.w.3315)"/>
   </dialogueact>
   <dialogueact nite:id="Bmr012.A.dialogueact492" starttime="667.088" endtime="671.818" type="fh|s" original-type="fh|s" channel="c0" participant="mn017">
      <nite:child href="Bmr012.A.words.xml#id(Bmr012.w.3324)..id(Bmr012.w.3341)"/>
   </dialogueact>
   <dialogueact nite:id="Bmr012.A.dialogueact495" starttime="672.068" endtime="672.568" type="fh" original-type="fh" channel="c0" participant="mn017">
      <nite:child href="Bmr012.A.words.xml#id(Bmr012.w.3342)..id(Bmr012.w.3343)"/>
   </dialogueact>
   <dialogueact nite:id="Bmr012.A.dialogueact500" starttime="676.498" endtime="676.608" type="b" original-type="b" channel="c0" participant="mn017">
      <nite:child href="Bmr012.A.words.xml#id(Bmr012.w.3344)..id(Bmr012.w.3345)"/>
   </dialogueact>
   <dialogueact nite:id="Bmr012.A.dialogueact501" starttime="676.608" endtime="676.858" type="s^aa" adjacency="10b" original-type="s^aa" channel="c0" participant="mn017">
      <nite:child href="Bmr012.A.words.xml#id(Bmr012.w.3346)..id(Bmr012.w.3347)"/>
   </dialogueact>
   <dialogueact nite:id="Bmr012.A.dialogueact536" starttime="732.522" endtime="743.682" type="s" adjacency="16a" original-type="s" channel="c0" participant="mn017">
      <nite:child href="Bmr012.A.words.xml#id(Bmr012.w.3631)..id(Bmr012.w.3664)"/>
   </dialogueact>
   <dialogueact nite:id="Bmr012.A.dialogueact538" starttime="743.682" endtime="745.472" type="%-" adjacency="16a+" original-type="%-" channel="c0" participant="mn017">
      <nite:child href="Bmr012.A.words.xml#id(Bmr012.w.3665)..id(Bmr012.disfmarker.153)"/>
   </dialogueact>
   <dialogueact nite:id="Bmr012.A.dialogueact543" starttime="748.349" endtime="750.079" type="s^arp" adjacency="17b" original-type="s^arp" channel="c0" participant="mn017">
      <nite:child href="Bmr012.A.words.xml#id(Bmr012.w.3684)..id(Bmr012.w.3689)"/>
   </dialogueact>
   <dialogueact nite:id="Bmr012.A.dialogueact544" starttime="750.079" endtime="752.079" type="fh|s" original-type="fh|s" channel="c0" participant="mn017">
      <nite:child href="Bmr012.A.words.xml#id(Bmr012.w.3690)..id(Bmr012.w.3697)"/>
   </dialogueact>
   <dialogueact nite:id="Bmr012.A.dialogueact545" starttime="752.079" endtime="753.829" type="fh" original-type="fh" channel="c0" participant="mn017">
      <nite:child href="Bmr012.A.words.xml#id(Bmr012.w.3698)..id(Bmr012.disfmarker.156)"/>
   </dialogueact>
   <dialogueact nite:id="Bmr012.A.dialogueact657" starttime="977.24" endtime="981.79" type="s" original-type="s" channel="c0" participant="mn017">
      <nite:child href="Bmr012.A.words.xml#id(Bmr012.w.4649)..id(Bmr012.w.4659)"/>
   </dialogueact>
   <dialogueact nite:id="Bmr012.A.dialogueact658" starttime="982.54" endtime="988.21" type="s" original-type="s" channel="c0" participant="mn017">
      <nite:child href="Bmr012.A.words.xml#id(Bmr012.w.4660)..id(Bmr012.w.4672)"/>
   </dialogueact>
   <dialogueact nite:id="Bmr012.A.dialogueact659" starttime="988.21" endtime="995.669" type="s" adjacency="33a" original-type="s" channel="c0" participant="mn017">
      <nite:child href="Bmr012.A.words.xml#id(Bmr012.w.4673)..id(Bmr012.w.4689)"/>
   </dialogueact>
   <dialogueact nite:id="Bmr012.A.dialogueact660" starttime="995.669" endtime="996.069" type="fh" original-type="fh" channel="c0" participant="mn017">
      <nite:child href="Bmr012.A.words.xml#id(Bmr012.w.4690)"/>
   </dialogueact>
   <dialogueact nite:id="Bmr012.A.dialogueact661" starttime="996.069" endtime="996.909" type="s" adjacency="33a+" original-type="s" channel="c0" participant="mn017">
      <nite:child href="Bmr012.A.words.xml#id(Bmr012.w.4691)..id(Bmr012.w.4693)"/>
   </dialogueact>
   <dialogueact nite:id="Bmr012.A.dialogueact662" starttime="997.619" endtime="997.989" type="fh" original-type="fh" channel="c0" participant="mn017">
      <nite:child href="Bmr012.A.words.xml#id(Bmr012.w.4694)..id(Bmr012.w.4695)"/>
   </dialogueact>
   <dialogueact nite:id="Bmr012.A.dialogueact668" starttime="1001.91" endtime="1002.17" type="s^bk" adjacency="34b" original-type="s^bk" channel="c0" participant="mn017">
      <nite:child href="Bmr012.A.words.xml#id(Bmr012.w.4718)..id(Bmr012.w.4719)"/>
   </dialogueact>
   <dialogueact nite:id="Bmr012.A.dialogueact669" starttime="1004.47" endtime="1004.72" type="s^bk" adjacency="35b" original-type="s^bk" channel="c0" participant="mn017">
      <nite:child href="Bmr012.A.words.xml#id(Bmr012.w.4727)..id(Bmr012.w.4728)"/>
   </dialogueact>
   <dialogueact nite:id="Bmr012.A.dialogueact676" starttime="1024.81" endtime="1025.44" type="h" adjacency="36b-1" original-type="h" channel="c0" participant="mn017">
      <nite:child href="Bmr012.A.words.xml#id(Bmr012.w.4795)..id(Bmr012.w.4796)"/>
   </dialogueact>
   <dialogueact nite:id="Bmr012.A.dialogueact680" starttime="1031.24" endtime="1031.65" type="s^bk" adjacency="38b" original-type="s^bk" channel="c0" participant="mn017">
      <nite:child href="Bmr012.A.words.xml#id(Bmr012.w.4826)..id(Bmr012.w.4827)"/>
   </dialogueact>
   <dialogueact nite:id="Bmr012.A.dialogueact723" starttime="1101.12" endtime="1102.04" type="b" original-type="b" channel="c0" participant="mn017">
      <nite:child href="Bmr012.A.words.xml#id(Bmr012.w.5189)..id(Bmr012.w.5190)"/>
   </dialogueact>
   <dialogueact nite:id="Bmr012.A.dialogueact728" starttime="1109.18" endtime="1111.67" type="s^tc" original-type="s^tc" channel="c0" participant="mn017">
      <nite:child href="Bmr012.A.words.xml#id(Bmr012.w.5221)..id(Bmr012.w.5231)"/>
   </dialogueact>
   <dialogueact nite:id="Bmr012.A.dialogueact729" starttime="1111.79" endtime="1114.28" type="fh|s" adjacency="46a" original-type="fh|s" channel="c0" participant="mn017">
      <nite:child href="Bmr012.A.words.xml#id(Bmr012.w.5232)..id(Bmr012.w.5243)"/>
   </dialogueact>
   <dialogueact nite:id="Bmr012.A.dialogueact730" starttime="1114.28" endtime="1119.37" type="qy" original-type="qy" channel="c0" participant="mn017">
      <nite:child href="Bmr012.A.words.xml#id(Bmr012.w.5244)..id(Bmr012.w.5258)"/>
   </dialogueact>
   <dialogueact nite:id="Bmr012.A.dialogueact732" starttime="1119.37" endtime="1126.29" type="s" original-type="s" channel="c0" participant="mn017">
      <nite:child href="Bmr012.A.words.xml#id(Bmr012.w.5259)..id(Bmr012.w.5277)"/>
   </dialogueact>
   <dialogueact nite:id="Bmr012.A.dialogueact733" starttime="1126.56" endtime="1127.06" type="fh" original-type="fh" channel="c0" participant="mn017">
      <nite:child href="Bmr012.A.words.xml#id(Bmr012.w.5278)"/>
   </dialogueact>
   <dialogueact nite:id="Bmr012.A.dialogueact734" starttime="1127.21" endtime="1132.32" type="s" original-type="s" channel="c0" participant="mn017">
      <nite:child href="Bmr012.A.words.xml#id(Bmr012.w.5279)..id(Bmr012.w.5294)"/>
   </dialogueact>
   <dialogueact nite:id="Bmr012.A.dialogueact735" starttime="1133.21" endtime="1135.17" type="qy.%--" original-type="qy.%--" channel="c0" participant="mn017">
      <nite:child href="Bmr012.A.words.xml#id(Bmr012.w.5295)..id(Bmr012.w.5300)"/>
   </dialogueact>
   <dialogueact nite:id="Bmr012.A.dialogueact736" starttime="1135.17" endtime="1140.59" type="qy" adjacency="47a" original-type="qy" channel="c0" participant="mn017">
      <nite:child href="Bmr012.A.words.xml#id(Bmr012.w.5301)..id(Bmr012.w.5324)"/>
   </dialogueact>
   <dialogueact nite:id="Bmr012.A.dialogueact738" starttime="1143.32" endtime="1143.66" type="s^bk" adjacency="48b" original-type="s^bk" channel="c0" participant="mn017">
      <nite:child href="Bmr012.A.words.xml#id(Bmr012.w.5343)..id(Bmr012.w.5344)"/>
   </dialogueact>
   <dialogueact nite:id="Bmr012.A.dialogueact739" starttime="1146.04" endtime="1146.35" type="s^bk" adjacency="48b+" original-type="s^bk" channel="c0" participant="mn017">
      <nite:child href="Bmr012.A.words.xml#id(Bmr012.w.5354)..id(Bmr012.w.5355)"/>
   </dialogueact>
   <dialogueact nite:id="Bmr012.A.dialogueact741" starttime="1147.26" endtime="1147.6" type="s^bk" adjacency="49b" original-type="s^bk" channel="c0" participant="mn017">
      <nite:child href="Bmr012.A.words.xml#id(Bmr012.w.5356)..id(Bmr012.w.5357)"/>
   </dialogueact>
   <dialogueact nite:id="Bmr012.A.dialogueact742" starttime="1148.09" endtime="1150.78" type="fg|%-" original-type="fg|%-" channel="c0" participant="mn017">
      <nite:child href="Bmr012.A.words.xml#id(Bmr012.w.5358)..id(Bmr012.w.5361)"/>
   </dialogueact>
   <dialogueact nite:id="Bmr012.A.dialogueact759" starttime="1166.29" endtime="1170.88" type="s^cs" original-type="s^cs" channel="c0" participant="mn017">
      <nite:child href="Bmr012.A.words.xml#id(Bmr012.w.5452)..id(Bmr012.w.5468)"/>
   </dialogueact>
   <dialogueact nite:id="Bmr012.A.dialogueact761" starttime="1170.97" endtime="1173.01" type="s^cs" adjacency="56a" original-type="s^cs" channel="c0" participant="mn017">
      <nite:child href="Bmr012.A.words.xml#id(Bmr012.w.5469)..id(Bmr012.w.5477)"/>
   </dialogueact>
   <dialogueact nite:id="Bmr012.A.dialogueact764" starttime="1173.77" endtime="1179.87" type="s^cs" adjacency="57a" original-type="s^cs" channel="c0" participant="mn017">
      <nite:child href="Bmr012.A.words.xml#id(Bmr012.w.5498)..id(Bmr012.w.5520)"/>
   </dialogueact>
   <dialogueact nite:id="Bmr012.A.dialogueact772" starttime="1184.58" endtime="1185.29" type="fg" original-type="fg" channel="c0" participant="mn017">
      <nite:child href="Bmr012.A.words.xml#id(Bmr012.w.5567)..id(Bmr012.disfmarker.216)"/>
   </dialogueact>
   <dialogueact nite:id="Bmr012.A.dialogueact774" starttime="1186.96" endtime="1192.83" type="s^aa|s^na" adjacency="58b" original-type="s^aa|s^na" channel="c0" participant="mn017">
      <nite:child href="Bmr012.A.words.xml#id(Bmr012.w.5569)..id(Bmr012.w.5607)"/>
   </dialogueact>
   <dialogueact nite:id="Bmr012.A.dialogueact780" starttime="1194.57" endtime="1195.96" type="s^aap" adjacency="59b" original-type="s^aap" channel="c0" participant="mn017">
      <nite:child href="Bmr012.A.words.xml#id(Bmr012.w.5608)..id(Bmr012.w.5615)"/>
   </dialogueact>
   <dialogueact nite:id="Bmr012.A.dialogueact781" starttime="1195.96" endtime="1196.24" type="fh" original-type="fh" channel="c0" participant="mn017">
      <nite:child href="Bmr012.A.words.xml#id(Bmr012.w.5616)"/>
   </dialogueact>
   <dialogueact nite:id="Bmr012.A.dialogueact783" starttime="1199.9" endtime="1200.72" type="%-" original-type="%-" channel="c0" participant="mn017">
      <nite:child href="Bmr012.A.words.xml#id(Bmr012.w.5636)..id(Bmr012.w.5643)"/>
   </dialogueact>
   <dialogueact nite:id="Bmr012.A.dialogueact793" starttime="1207.88" endtime="1212.45" type="fg|s.%--" original-type="fg|s.%--" channel="c0" participant="mn017">
      <nite:child href="Bmr012.A.words.xml#id(Bmr012.w.5688)..id(Bmr012.w.5705)"/>
   </dialogueact>
   <dialogueact nite:id="Bmr012.A.dialogueact794" starttime="1212.66" endtime="1217.73" type="s.%-" adjacency="3a" original-type="s.%-" channel="c0" participant="mn017">
      <nite:child href="Bmr012.A.words.xml#id(Bmr012.w.5706)..id(Bmr012.w.5726)"/>
   </dialogueact>
   <dialogueact nite:id="Bmr012.A.dialogueact799" starttime="1220.7" endtime="1226.37" type="s^cs" adjacency="5a" original-type="s^cs" channel="c0" participant="mn017">
      <nite:child href="Bmr012.A.words.xml#id(Bmr012.w.5748)..id(Bmr012.w.5764)"/>
   </dialogueact>
   <dialogueact nite:id="Bmr012.A.dialogueact801" starttime="1226.37" endtime="1227.97" type="fh|%-" original-type="fh|%-" channel="c0" participant="mn017">
      <nite:child href="Bmr012.A.words.xml#id(Bmr012.w.5765)..id(Bmr012.disfmarker.230)"/>
   </dialogueact>
   <dialogueact nite:id="Bmr012.A.dialogueact803" starttime="1230.26" endtime="1231.08" type="s^bk" adjacency="6b" original-type="s^bk" channel="c0" participant="mn017">
      <nite:child href="Bmr012.A.words.xml#id(Bmr012.w.5783)..id(Bmr012.w.5784)"/>
   </dialogueact>
   <dialogueact nite:id="Bmr012.A.dialogueact805" starttime="1231.5" endtime="1231.86" type="s^aa" adjacency="6a+" original-type="s^aa" channel="c0" participant="mn017">
      <nite:child href="Bmr012.A.words.xml#id(Bmr012.w.5785)..id(Bmr012.w.5786)"/>
   </dialogueact>
   <dialogueact nite:id="Bmr012.A.dialogueact810" starttime="1235.12" endtime="1235.49" type="s^aa" adjacency="7b" original-type="s^aa" channel="c0" participant="mn017">
      <nite:child href="Bmr012.A.words.xml#id(Bmr012.w.5815)..id(Bmr012.w.5816)"/>
   </dialogueact>
   <dialogueact nite:id="Bmr012.A.dialogueact811" starttime="1236.14" endtime="1236.48" type="s^aa" adjacency="8b" original-type="s^aa" channel="c0" participant="mn017">
      <nite:child href="Bmr012.A.words.xml#id(Bmr012.w.5817)..id(Bmr012.w.5818)"/>
   </dialogueact>
   <dialogueact nite:id="Bmr012.A.dialogueact814" starttime="1241.87" endtime="1249.55" type="s" adjacency="9b.10a" original-type="s" channel="c0" participant="mn017">
      <nite:child href="Bmr012.A.words.xml#id(Bmr012.w.5848)..id(Bmr012.w.5870)"/>
   </dialogueact>
   <dialogueact nite:id="Bmr012.A.dialogueact816" starttime="1249.87" endtime="1251.1" type="fh|s.%--" original-type="fh|s.%--" channel="c0" participant="mn017">
      <nite:child href="Bmr012.A.words.xml#id(Bmr012.w.5871)..id(Bmr012.w.5874)"/>
   </dialogueact>
   <dialogueact nite:id="Bmr012.A.dialogueact818" starttime="1251.61" endtime="1252.18" type="s^m" original-type="s^m" channel="c0" participant="mn017">
      <nite:child href="Bmr012.A.words.xml#id(Bmr012.w.5877)..id(Bmr012.w.5878)"/>
   </dialogueact>
   <dialogueact nite:id="Bmr012.A.dialogueact820" starttime="1252.18" endtime="1252.5" type="fg" original-type="fg" channel="c0" participant="mn017">
      <nite:child href="Bmr012.A.words.xml#id(Bmr012.w.5879)"/>
   </dialogueact>
   <dialogueact nite:id="Bmr012.A.dialogueact828" starttime="1277.53" endtime="1278.16" type="s" adjacency="13b.14a" original-type="s" channel="c0" participant="mn017">
      <nite:child href="Bmr012.A.words.xml#id(Bmr012.w.5977)..id(Bmr012.w.5979)"/>
   </dialogueact>
   <dialogueact nite:id="Bmr012.A.dialogueact834" starttime="1284.59" endtime="1286.44" type="s^no" adjacency="15b.16a" original-type="s^no" channel="c0" participant="mn017">
      <nite:child href="Bmr012.A.words.xml#id(Bmr012.w.6010)..id(Bmr012.w.6020)"/>
   </dialogueact>
   <dialogueact nite:id="Bmr012.A.dialogueact837" starttime="1286.44" endtime="1286.66" type="qy^d" adjacency="15b+.16a+" original-type="qy^d" channel="c0" participant="mn017">
      <nite:child href="Bmr012.A.words.xml#id(Bmr012.w.6021)..id(Bmr012.w.6023)"/>
   </dialogueact>
   <dialogueact nite:id="Bmr012.A.dialogueact842" starttime="1291.46" endtime="1292.34" type="b" original-type="b" channel="c0" participant="mn017">
      <nite:child href="Bmr012.A.words.xml#id(Bmr012.w.6050)..id(Bmr012.w.6053)"/>
   </dialogueact>
   <dialogueact nite:id="Bmr012.A.dialogueact849" starttime="1310.45" endtime="1311.18" type="s^ar" adjacency="17b-2" original-type="s^ar" channel="c0" participant="mn017">
      <nite:child href="Bmr012.A.words.xml#id(Bmr012.w.6130)..id(Bmr012.w.6133)"/>
   </dialogueact>
   <dialogueact nite:id="Bmr012.A.dialogueact850" starttime="1311.18" endtime="1311.75" type="s^co" adjacency="18a" original-type="s^co" channel="c0" participant="mn017">
      <nite:child href="Bmr012.A.words.xml#id(Bmr012.w.6134)..id(Bmr012.w.6136)"/>
   </dialogueact>
   <dialogueact nite:id="Bmr012.A.dialogueact852" starttime="1313.0" endtime="1318.85" type="s^co" original-type="s^co" channel="c0" participant="mn017">
      <nite:child href="Bmr012.A.words.xml#id(Bmr012.w.6137)..id(Bmr012.w.6158)"/>
   </dialogueact>
   <dialogueact nite:id="Bmr012.A.dialogueact854" starttime="1318.97" endtime="1322.55" type="s^co.%-" adjacency="19a" original-type="s^co.%-" channel="c0" participant="mn017">
      <nite:child href="Bmr012.A.words.xml#id(Bmr012.w.6159)..id(Bmr012.w.6170)"/>
   </dialogueact>
   <dialogueact nite:id="Bmr012.A.dialogueact857" starttime="1325.34" endtime="1325.41" type="b" original-type="b" channel="c0" participant="mn017"/>
   <dialogueact nite:id="Bmr012.A.dialogueact858" starttime="1325.41" endtime="1325.5" type="b.%" original-type="b.%" channel="c0" participant="mn017">
      <nite:child href="Bmr012.A.words.xml#id(Bmr012.w.6230)..id(Bmr012.w.6231)"/>
   </dialogueact>
   <dialogueact nite:id="Bmr012.A.dialogueact860" starttime="1326.56" endtime="1327.24" type="b" original-type="b" channel="c0" participant="mn017">
      <nite:child href="Bmr012.A.words.xml#id(Bmr012.w.6232)..id(Bmr012.w.6233)"/>
   </dialogueact>
   <dialogueact nite:id="Bmr012.A.dialogueact866" starttime="1332.04" endtime="1332.75" type="b" original-type="b" channel="c0" participant="mn017">
      <nite:child href="Bmr012.A.words.xml#id(Bmr012.w.6240)..id(Bmr012.w.6241)"/>
   </dialogueact>
   <dialogueact nite:id="Bmr012.A.dialogueact872" starttime="1340.3" endtime="1341.18" type="b" original-type="b" channel="c0" participant="mn017">
      <nite:child href="Bmr012.A.words.xml#id(Bmr012.w.6274)..id(Bmr012.w.6275)"/>
   </dialogueact>
   <dialogueact nite:id="Bmr012.A.dialogueact874" starttime="1342.37" endtime="1342.62" type="b" original-type="b" channel="c0" participant="mn017">
      <nite:child href="Bmr012.A.words.xml#id(Bmr012.w.6291)..id(Bmr012.w.6292)"/>
   </dialogueact>
   <dialogueact nite:id="Bmr012.A.dialogueact875" starttime="1345.96" endtime="1346.71" type="b" original-type="b" channel="c0" participant="mn017">
      <nite:child href="Bmr012.A.words.xml#id(Bmr012.w.6293)..id(Bmr012.w.6296)"/>
   </dialogueact>
   <dialogueact nite:id="Bmr012.A.dialogueact898" starttime="1368.57" endtime="1368.99" type="b" original-type="b" channel="c0" participant="mn017">
      <nite:child href="Bmr012.A.words.xml#id(Bmr012.w.6441)..id(Bmr012.w.6442)"/>
   </dialogueact>
   <dialogueact nite:id="Bmr012.A.dialogueact950" starttime="1445.41" endtime="1446.16" type="s^j" adjacency="36b" original-type="s^j" channel="c0" participant="mn017">
      <nite:child href="Bmr012.A.words.xml#id(Bmr012.w.6798)..id(Bmr012.w.6802)"/>
   </dialogueact>
   <dialogueact nite:id="Bmr012.A.dialogueact1115" starttime="1783.44" endtime="1786.8" type="s^j" original-type="s^j" channel="c0" participant="mn017">
      <nite:child href="Bmr012.A.words.xml#id(Bmr012.w.8230)..id(Bmr012.w.8260)"/>
   </dialogueact>
   <dialogueact nite:id="Bmr012.A.dialogueact1122" starttime="1786.8" endtime="1787.26" type="qy^d^g.%-" original-type="qy^d^g.%-" channel="c0" participant="mn017">
      <nite:child href="Bmr012.A.words.xml#id(Bmr012.w.8261)..id(Bmr012.w.8263)"/>
   </dialogueact>
   <dialogueact nite:id="Bmr012.A.dialogueact1126" starttime="1791.88" endtime="1791.96" type="b" original-type="b" channel="c0" participant="mn017">
      <nite:child href="Bmr012.A.words.xml#id(Bmr012.w.8310)..id(Bmr012.w.8311)"/>
   </dialogueact>
   <dialogueact nite:id="Bmr012.A.dialogueact1131" starttime="1796.24" endtime="1796.52" type="%" original-type="%" channel="c0" participant="mn017"/>
   <dialogueact nite:id="Bmr012.A.dialogueact1192" starttime="1872.62" endtime="1873.65" type="qy" adjacency="19a" original-type="qy" channel="c0" participant="mn017">
      <nite:child href="Bmr012.A.words.xml#id(Bmr012.w.8747)..id(Bmr012.w.8753)"/>
   </dialogueact>
   <dialogueact nite:id="Bmr012.A.dialogueact1193" starttime="1873.65" endtime="1874.7" type="s.%--" original-type="s.%--" channel="c0" participant="mn017">
      <nite:child href="Bmr012.A.words.xml#id(Bmr012.w.8754)..id(Bmr012.w.8760)"/>
   </dialogueact>
   <dialogueact nite:id="Bmr012.A.dialogueact1198" starttime="1875.17" endtime="1875.64" type="%" original-type="%" channel="c0" participant="mn017"/>
   <dialogueact nite:id="Bmr012.A.dialogueact1214" starttime="1893.44" endtime="1893.91" type="s" original-type="s" channel="c0" participant="mn017">
      <nite:child href="Bmr012.A.words.xml#id(Bmr012.w.8894)..id(Bmr012.w.8896)"/>
   </dialogueact>
   <dialogueact nite:id="Bmr012.A.dialogueact1219" starttime="1910.4" endtime="1912.18" type="fg|s^tc" adjacency="22a" original-type="fg|s^tc" channel="c0" participant="mn017">
      <nite:child href="Bmr012.A.words.xml#id(Bmr012.w.8928)..id(Bmr012.w.8937)"/>
   </dialogueact>
</nite:root>