<?xml version="1.0" encoding="ISO-8859-1" standalone="yes"?>
<nite:root nite:id="Bmr006.A.dialogue-acts" xmlns:nite="http://nite.sourceforge.net/">
   <dialogueact nite:id="Bmr006.A.dialogueact6" starttime="5.989" endtime="6.609" type="z" original-type="z" channel="c0" participant="me018">
      <nite:child href="Bmr006.A.words.xml#id(Bmr006.w.34)..id(Bmr006.w.37)"/>
   </dialogueact>
   <dialogueact nite:id="Bmr006.A.dialogueact7" starttime="6.829" endtime="8.959" type="z" original-type="z" channel="c0" participant="me018">
      <nite:child href="Bmr006.A.words.xml#id(Bmr006.w.38)..id(Bmr006.w.52)"/>
   </dialogueact>
   <dialogueact nite:id="Bmr006.A.dialogueact13" starttime="28.133" endtime="29.593" type="z" adjacency="1b.2a" original-type="z" channel="c0" participant="me018">
      <nite:child href="Bmr006.A.words.xml#id(Bmr006.w.155)..id(Bmr006.w.166)"/>
   </dialogueact>
   <dialogueact nite:id="Bmr006.A.dialogueact40" starttime="119.494" endtime="119.984" type="s^ba" adjacency="5b" original-type="sj^ba" channel="c0" participant="me018">
      <nite:child href="Bmr006.A.words.xml#id(Bmr006.w.516)..id(Bmr006.w.519)"/>
   </dialogueact>
   <dialogueact nite:id="Bmr006.A.dialogueact41" starttime="121.17" endtime="121.51" type="s^ba" adjacency="5b+" original-type="sj^ba" channel="c0" participant="me018">
      <nite:child href="Bmr006.A.words.xml#id(Bmr006.w.520)..id(Bmr006.w.521)"/>
   </dialogueact>
   <dialogueact nite:id="Bmr006.A.dialogueact44" starttime="126.58" endtime="126.95" type="s^ba" adjacency="6b.7a" original-type="sj^ba" channel="c0" participant="me018">
      <nite:child href="Bmr006.A.words.xml#id(Bmr006.w.550)..id(Bmr006.w.553)"/>
   </dialogueact>
   <dialogueact nite:id="Bmr006.A.dialogueact395" starttime="1062.0" endtime="1062.92" type="s^cs^j" adjacency="32a" original-type="s^cs^j" channel="c0" participant="me018">
      <nite:child href="Bmr006.A.words.xml#id(Bmr006.w.4,817)..id(Bmr006.w.4,820)"/>
   </dialogueact>
   <dialogueact nite:id="Bmr006.A.dialogueact430" starttime="1099.89" endtime="1100.23" type="s^j" original-type="s^j" channel="c0" participant="me018">
      <nite:child href="Bmr006.A.words.xml#id(Bmr006.w.5,046)..id(Bmr006.w.5,049)"/>
   </dialogueact>
   <dialogueact nite:id="Bmr006.A.dialogueact448" starttime="1134.68" endtime="1135.78" type="s^ba" adjacency="43b-1" original-type="sj^ba" channel="c0" participant="me018">
      <nite:child href="Bmr006.A.words.xml#id(Bmr006.w.5,222)..id(Bmr006.w.5,229)"/>
   </dialogueact>
   <dialogueact nite:id="Bmr006.A.dialogueact469" starttime="1156.4" endtime="1160.42" type="qw^cs" adjacency="46a" original-type="qw^cs" channel="c0" participant="me018">
      <nite:child href="Bmr006.A.words.xml#id(Bmr006.w.5,403)..id(Bmr006.w.5,421)"/>
   </dialogueact>
   <dialogueact nite:id="Bmr006.A.dialogueact512" starttime="1214.38" endtime="1214.6" type="s^bk" adjacency="1b-3" original-type="s^bk" channel="c0" participant="me018">
      <nite:child href="Bmr006.A.words.xml#id(Bmr006.w.5,739)..id(Bmr006.w.5,741)"/>
   </dialogueact>
   <dialogueact nite:id="Bmr006.A.dialogueact525" starttime="1250.06" endtime="1251.05" type="qw" adjacency="3b.4a" original-type="qw" channel="c0" participant="me018">
      <nite:child href="Bmr006.A.words.xml#id(Bmr006.w.5,859)..id(Bmr006.w.5,865)"/>
   </dialogueact>
   <dialogueact nite:id="Bmr006.A.dialogueact534" starttime="1259.9" endtime="1260.79" type="s^bk" adjacency="7b-2" original-type="s^bk" channel="c0" participant="me018">
      <nite:child href="Bmr006.A.words.xml#id(Bmr006.w.5,920)..id(Bmr006.w.5,925)"/>
   </dialogueact>
   <dialogueact nite:id="Bmr006.A.dialogueact536" starttime="1260.88" endtime="1261.24" type="b" original-type="b" channel="c0" participant="me018">
      <nite:child href="Bmr006.A.words.xml#id(Bmr006.w.5,926)..id(Bmr006.w.5,927)"/>
   </dialogueact>
   <dialogueact nite:id="Bmr006.A.dialogueact540" starttime="1264.69" endtime="1265.19" comment="FBH" type="s^fe" adjacency="8b" original-type="sj^fe" channel="c0" participant="me018">
      <nite:child href="Bmr006.A.words.xml#id(Bmr006.w.5,953)..id(Bmr006.w.5,954)"/>
   </dialogueact>
   <dialogueact nite:id="Bmr006.A.dialogueact561" starttime="1289.91" endtime="1290.78" type="qy^bu^d^rt" adjacency="11b-2.12a" original-type="qy^bu^d^rt" channel="c0" participant="me018">
      <nite:child href="Bmr006.A.words.xml#id(Bmr006.w.6,102)..id(Bmr006.w.6,105)"/>
   </dialogueact>
   <dialogueact nite:id="Bmr006.A.dialogueact566" starttime="1292.16" endtime="1292.69" type="s^bk" adjacency="13b" original-type="s^bk" channel="c0" participant="me018">
      <nite:child href="Bmr006.A.words.xml#id(Bmr006.w.6,125)..id(Bmr006.w.6,126)"/>
   </dialogueact>
   <dialogueact nite:id="Bmr006.A.dialogueact567" starttime="1293.63" endtime="1293.82" type="s^bk" adjacency="14b" original-type="s^bk" channel="c0" participant="me018">
      <nite:child href="Bmr006.A.words.xml#id(Bmr006.w.6,127)..id(Bmr006.w.6,128)"/>
   </dialogueact>
   <dialogueact nite:id="Bmr006.A.dialogueact568" starttime="1294.04" endtime="1294.16" type="b" original-type="b" channel="c0" participant="me018">
      <nite:child href="Bmr006.A.words.xml#id(Bmr006.w.6,129)..id(Bmr006.w.6,130)"/>
   </dialogueact>
   <dialogueact nite:id="Bmr006.A.dialogueact593" starttime="1349.54" endtime="1350.77" type="qr^rt" adjacency="23a" original-type="qr^rt" channel="c0" participant="me018">
      <nite:child href="Bmr006.A.words.xml#id(Bmr006.w.6,357)..id(Bmr006.w.6,365)"/>
   </dialogueact>
   <dialogueact nite:id="Bmr006.A.dialogueact596" starttime="1358.27" endtime="1358.33" type="s^fe" adjacency="24b" original-type="sj^fe" channel="c0" participant="me018">
      <nite:child href="Bmr006.A.words.xml#id(Bmr006.w.6,401)..id(Bmr006.w.6,402)"/>
   </dialogueact>
   <dialogueact nite:id="Bmr006.A.dialogueact602" starttime="1364.24" endtime="1364.65" type="b" original-type="b" channel="c0" participant="me018">
      <nite:child href="Bmr006.A.words.xml#id(Bmr006.w.6,434)..id(Bmr006.w.6,437)"/>
   </dialogueact>
   <dialogueact nite:id="Bmr006.A.dialogueact603" starttime="1367.04" endtime="1378.32" type="s" original-type="s" channel="c0" participant="me018">
      <nite:child href="Bmr006.A.words.xml#id(Bmr006.w.6,438)..id(Bmr006.w.6,472)"/>
   </dialogueact>
   <dialogueact nite:id="Bmr006.A.dialogueact604" starttime="1378.8" endtime="1385.36" type="s" adjacency="25a" original-type="s" channel="c0" participant="me018">
      <nite:child href="Bmr006.A.words.xml#id(Bmr006.w.6,473)..id(Bmr006.w.6,500)"/>
   </dialogueact>
   <dialogueact nite:id="Bmr006.A.dialogueact606" starttime="1386.17" endtime="1395.01" type="fh|s" original-type="fh|s" channel="c0" participant="me018">
      <nite:child href="Bmr006.A.words.xml#id(Bmr006.w.6,501)..id(Bmr006.w.6,529)"/>
   </dialogueact>
   <dialogueact nite:id="Bmr006.A.dialogueact607" starttime="1395.67" endtime="1403.27" type="fh|s" original-type="fh|s" channel="c0" participant="me018">
      <nite:child href="Bmr006.A.words.xml#id(Bmr006.w.6,530)..id(Bmr006.w.6,560)"/>
   </dialogueact>
   <dialogueact nite:id="Bmr006.A.dialogueact608" starttime="1403.94" endtime="1408.28" type="s" original-type="s" channel="c0" participant="me018">
      <nite:child href="Bmr006.A.words.xml#id(Bmr006.w.6,561)..id(Bmr006.w.6,582)"/>
   </dialogueact>
   <dialogueact nite:id="Bmr006.A.dialogueact609" starttime="1408.47" endtime="1412.16" comment="FBH" type="s" original-type="s" channel="c0" participant="me018">
      <nite:child href="Bmr006.A.words.xml#id(Bmr006.w.6,583)..id(Bmr006.w.6,599)"/>
   </dialogueact>
   <dialogueact nite:id="Bmr006.A.dialogueact610" starttime="1412.19" endtime="1415.94" type="s" original-type="s" channel="c0" participant="me018">
      <nite:child href="Bmr006.A.words.xml#id(Bmr006.w.6,600)..id(Bmr006.w.6,625)"/>
   </dialogueact>
   <dialogueact nite:id="Bmr006.A.dialogueact611" starttime="1416.47" endtime="1423.71" type="s" original-type="s" channel="c0" participant="me018">
      <nite:child href="Bmr006.A.words.xml#id(Bmr006.w.6,626)..id(Bmr006.w.6,655)"/>
   </dialogueact>
   <dialogueact nite:id="Bmr006.A.dialogueact612" starttime="1424.04" endtime="1428.22" type="s" original-type="s" channel="c0" participant="me018">
      <nite:child href="Bmr006.A.words.xml#id(Bmr006.w.6,656)..id(Bmr006.w.6,672)"/>
   </dialogueact>
   <dialogueact nite:id="Bmr006.A.dialogueact613" starttime="1428.86" endtime="1431.68" type="s" original-type="s" channel="c0" participant="me018">
      <nite:child href="Bmr006.A.words.xml#id(Bmr006.w.6,673)..id(Bmr006.w.6,690)"/>
   </dialogueact>
   <dialogueact nite:id="Bmr006.A.dialogueact614" starttime="1431.68" endtime="1433.53" type="s" original-type="s" channel="c0" participant="me018">
      <nite:child href="Bmr006.A.words.xml#id(Bmr006.w.6,691)..id(Bmr006.w.6,702)"/>
   </dialogueact>
   <dialogueact nite:id="Bmr006.A.dialogueact615" starttime="1433.53" endtime="1436.08" comment="FBH" type="s" original-type="s" channel="c0" participant="me018">
      <nite:child href="Bmr006.A.words.xml#id(Bmr006.w.6,703)..id(Bmr006.w.6,715)"/>
   </dialogueact>
   <dialogueact nite:id="Bmr006.A.dialogueact616" starttime="1436.12" endtime="1436.36" type="fh" original-type="fh" channel="c0" participant="me018">
      <nite:child href="Bmr006.A.words.xml#id(Bmr006.w.6,716)..id(Bmr006.w.6,717)"/>
   </dialogueact>
   <dialogueact nite:id="Bmr006.A.dialogueact625" starttime="1459.56" endtime="1461.46" type="qy^rt" adjacency="27b.28a" original-type="qy^rt" channel="c0" participant="me018">
      <nite:child href="Bmr006.A.words.xml#id(Bmr006.w.6,813)..id(Bmr006.w.6,822)"/>
   </dialogueact>
   <dialogueact nite:id="Bmr006.A.dialogueact631" starttime="1467.18" endtime="1467.46" type="s^bk" adjacency="29b" original-type="s^bk" channel="c0" participant="me018">
      <nite:child href="Bmr006.A.words.xml#id(Bmr006.w.6,850)..id(Bmr006.w.6,851)"/>
   </dialogueact>
   <dialogueact nite:id="Bmr006.A.dialogueact632" starttime="1467.46" endtime="1470.57" type="s.%-" adjacency="29b+.30a" original-type="s.%-" channel="c0" participant="me018">
      <nite:child href="Bmr006.A.words.xml#id(Bmr006.w.6,852)..id(Bmr006.disfmarker.251)"/>
   </dialogueact>
   <dialogueact nite:id="Bmr006.A.dialogueact635" starttime="1472.43" endtime="1473.03" type="s" adjacency="31b" original-type="s" channel="c0" participant="me018">
      <nite:child href="Bmr006.A.words.xml#id(Bmr006.w.6,887)..id(Bmr006.w.6,890)"/>
   </dialogueact>
   <dialogueact nite:id="Bmr006.A.dialogueact637" starttime="1473.23" endtime="1473.4" type="b" original-type="b" channel="c0" participant="me018">
      <nite:child href="Bmr006.A.words.xml#id(Bmr006.w.6,891)..id(Bmr006.w.6,892)"/>
   </dialogueact>
   <dialogueact nite:id="Bmr006.A.dialogueact647" starttime="1497.79" endtime="1508.38" type="s^cs" original-type="s^cs" channel="c0" participant="me018">
      <nite:child href="Bmr006.A.words.xml#id(Bmr006.w.7,007)..id(Bmr006.w.7,042)"/>
   </dialogueact>
   <dialogueact nite:id="Bmr006.A.dialogueact648" starttime="1508.79" endtime="1511.8" type="qy.%-" adjacency="32a" original-type="qy.%-" channel="c0" participant="me018">
      <nite:child href="Bmr006.A.words.xml#id(Bmr006.w.7,043)..id(Bmr006.w.7,056)"/>
   </dialogueact>
   <dialogueact nite:id="Bmr006.A.dialogueact651" starttime="1514.41" endtime="1514.83" type="s^bk" adjacency="33b" original-type="s^bk" channel="c0" participant="me018">
      <nite:child href="Bmr006.A.words.xml#id(Bmr006.w.7,092)..id(Bmr006.w.7,093)"/>
   </dialogueact>
   <dialogueact nite:id="Bmr006.A.dialogueact652" starttime="1517.35" endtime="1517.88" type="s^bk" adjacency="34b" original-type="s^bk" channel="c0" participant="me018">
      <nite:child href="Bmr006.A.words.xml#id(Bmr006.w.7,094)..id(Bmr006.w.7,095)"/>
   </dialogueact>
   <dialogueact nite:id="Bmr006.A.dialogueact653" starttime="1518.73" endtime="1518.93" type="s^bk" adjacency="34b+" original-type="s^bk" channel="c0" participant="me018">
      <nite:child href="Bmr006.A.words.xml#id(Bmr006.w.7,096)..id(Bmr006.w.7,097)"/>
   </dialogueact>
   <dialogueact nite:id="Bmr006.A.dialogueact654" starttime="1518.93" endtime="1520.48" type="qy" adjacency="35a" original-type="qy" channel="c0" participant="me018">
      <nite:child href="Bmr006.A.words.xml#id(Bmr006.w.7,098)..id(Bmr006.w.7,110)"/>
   </dialogueact>
   <dialogueact nite:id="Bmr006.A.dialogueact656" starttime="1520.75" endtime="1520.92" type="s^bk" adjacency="36b" original-type="s^bk" channel="c0" participant="me018">
      <nite:child href="Bmr006.A.words.xml#id(Bmr006.w.7,111)..id(Bmr006.w.7,112)"/>
   </dialogueact>
   <dialogueact nite:id="Bmr006.A.dialogueact658" starttime="1522.14" endtime="1522.41" type="b" original-type="b" channel="c0" participant="me018">
      <nite:child href="Bmr006.A.words.xml#id(Bmr006.w.7,134)..id(Bmr006.w.7,135)"/>
   </dialogueact>
   <dialogueact nite:id="Bmr006.A.dialogueact659" starttime="1522.57" endtime="1522.73" type="b" original-type="b" channel="c0" participant="me018">
      <nite:child href="Bmr006.A.words.xml#id(Bmr006.w.7,136)..id(Bmr006.w.7,137)"/>
   </dialogueact>
   <dialogueact nite:id="Bmr006.A.dialogueact660" starttime="1523.57" endtime="1524.72" type="s^cc" adjacency="37b" original-type="s^cc" channel="c0" participant="me018">
      <nite:child href="Bmr006.A.words.xml#id(Bmr006.w.7,138)..id(Bmr006.w.7,146)"/>
   </dialogueact>
   <dialogueact nite:id="Bmr006.A.dialogueact662" starttime="1529.32" endtime="1529.65" type="s^bk" adjacency="38b" original-type="s^bk" channel="c0" participant="me018">
      <nite:child href="Bmr006.A.words.xml#id(Bmr006.w.7,175)..id(Bmr006.w.7,176)"/>
   </dialogueact>
   <dialogueact nite:id="Bmr006.A.dialogueact695" starttime="1611.1" endtime="1611.16" type="s^fe" original-type="sj^fe" channel="c0" participant="me018">
      <nite:child href="Bmr006.A.words.xml#id(Bmr006.w.7,529)..id(Bmr006.w.7,530)"/>
   </dialogueact>
   <dialogueact nite:id="Bmr006.A.dialogueact721" starttime="1738.62" endtime="1739.46" type="b" original-type="b" channel="c0" participant="me018">
      <nite:child href="Bmr006.A.words.xml#id(Bmr006.w.7,966)..id(Bmr006.w.7,967)"/>
   </dialogueact>
   <dialogueact nite:id="Bmr006.A.dialogueact761" starttime="1883.71" endtime="1885.49" type="qy^d^rt" adjacency="2b.3a" original-type="qy^d^rt" channel="c0" participant="me018">
      <nite:child href="Bmr006.A.words.xml#id(Bmr006.w.8,452)..id(Bmr006.w.8,458)"/>
   </dialogueact>
   <dialogueact nite:id="Bmr006.A.dialogueact763" starttime="1886.39" endtime="1887.22" type="qy.%-" original-type="qy.%-" channel="c0" participant="me018">
      <nite:child href="Bmr006.A.words.xml#id(Bmr006.w.8,459)..id(Bmr006.disfmarker.343)"/>
   </dialogueact>
   <dialogueact nite:id="Bmr006.A.dialogueact764" starttime="1889.49" endtime="1889.67" type="s^bk" adjacency="4b" original-type="s^bk" channel="c0" participant="me018">
      <nite:child href="Bmr006.A.words.xml#id(Bmr006.w.8,476)..id(Bmr006.w.8,479)"/>
   </dialogueact>
   <dialogueact nite:id="Bmr006.A.dialogueact770" starttime="1917.45" endtime="1919.12" type="s^2" adjacency="5b.6a" original-type="s^2" channel="c0" participant="me018">
      <nite:child href="Bmr006.A.words.xml#id(Bmr006.w.8,603)..id(Bmr006.w.8,623)"/>
   </dialogueact>
   <dialogueact nite:id="Bmr006.A.dialogueact815" starttime="2021.89" endtime="2023.57" type="s^bu" adjacency="19a" original-type="s^bu" channel="c0" participant="me018">
      <nite:child href="Bmr006.A.words.xml#id(Bmr006.w.9,139)..id(Bmr006.w.9,148)"/>
   </dialogueact>
   <dialogueact nite:id="Bmr006.A.dialogueact841" starttime="2045.44" endtime="2046.56" type="qy.%-" original-type="qy.%-" channel="c0" participant="me018">
      <nite:child href="Bmr006.A.words.xml#id(Bmr006.w.9,288)..id(Bmr006.disfmarker.400)"/>
   </dialogueact>
   <dialogueact nite:id="Bmr006.A.dialogueact853" starttime="2056.89" endtime="2059.62" type="qr.%--" adjacency="25a" original-type="qr.%--" channel="c0" participant="me018">
      <nite:child href="Bmr006.A.words.xml#id(Bmr006.w.9,370)..id(Bmr006.w.9,378)"/>
   </dialogueact>
   <dialogueact nite:id="Bmr006.A.dialogueact854" starttime="2059.85" endtime="2061.68" type="qw" adjacency="26a" original-type="qw" channel="c0" participant="me018">
      <nite:child href="Bmr006.A.words.xml#id(Bmr006.w.9,379)..id(Bmr006.w.9,389)"/>
   </dialogueact>
   <dialogueact nite:id="Bmr006.A.dialogueact857" starttime="2062.38" endtime="2062.94" type="s^bk" adjacency="27b" original-type="s^bk" channel="c0" participant="me018">
      <nite:child href="Bmr006.A.words.xml#id(Bmr006.w.9,403)..id(Bmr006.w.9,405)"/>
   </dialogueact>
   <dialogueact nite:id="Bmr006.A.dialogueact859" starttime="2064.18" endtime="2064.46" type="s^bk" adjacency="28b" original-type="s^bk" channel="c0" participant="me018">
      <nite:child href="Bmr006.A.words.xml#id(Bmr006.w.9,412)..id(Bmr006.w.9,413)"/>
   </dialogueact>
   <dialogueact nite:id="Bmr006.A.dialogueact904" starttime="2168.12" endtime="2168.68" type="qy^bu^d^rt" adjacency="38b.39a" original-type="qy^bu^d^rt" channel="c0" participant="me018">
      <nite:child href="Bmr006.A.words.xml#id(Bmr006.w.9,804)..id(Bmr006.w.9,808)"/>
   </dialogueact>
   <dialogueact nite:id="Bmr006.A.dialogueact906" starttime="2169.42" endtime="2169.6" type="s^fe" adjacency="40b" original-type="sj^fe" channel="c0" participant="me018">
      <nite:child href="Bmr006.A.words.xml#id(Bmr006.w.9,816)..id(Bmr006.w.9,817)"/>
   </dialogueact>
   <dialogueact nite:id="Bmr006.A.dialogueact912" starttime="2180.91" endtime="2181.11" type="s^fe" adjacency="41b" original-type="sj^fe" channel="c0" participant="me018">
      <nite:child href="Bmr006.A.words.xml#id(Bmr006.w.9,860)..id(Bmr006.w.9,861)"/>
   </dialogueact>
   <dialogueact nite:id="Bmr006.A.dialogueact913" starttime="2181.61" endtime="2182.21" type="qw" adjacency="42b.43a" original-type="qw" channel="c0" participant="me018">
      <nite:child href="Bmr006.A.words.xml#id(Bmr006.w.9,862)..id(Bmr006.w.9,867)"/>
   </dialogueact>
   <dialogueact nite:id="Bmr006.A.dialogueact916" starttime="2191.24" endtime="2191.42" type="b" original-type="b" channel="c0" participant="me018">
      <nite:child href="Bmr006.A.words.xml#id(Bmr006.w.9,914)..id(Bmr006.w.9,915)"/>
   </dialogueact>
   <dialogueact nite:id="Bmr006.A.dialogueact1090" starttime="2861.95" endtime="2862.62" type="s" adjacency="7a" original-type="s" channel="c0" participant="me018">
      <nite:child href="Bmr006.A.words.xml#id(Bmr006.w.12,392)..id(Bmr006.w.12,397)"/>
   </dialogueact>
   <dialogueact nite:id="Bmr006.A.dialogueact1165" starttime="3070.37" endtime="3072.93" type="fg|s^bd" adjacency="5b.6a" original-type="fg|s^bd" channel="c0" participant="me018">
      <nite:child href="Bmr006.A.words.xml#id(Bmr006.w.13,275)..id(Bmr006.w.13,284)"/>
   </dialogueact>
   <dialogueact nite:id="Bmr006.A.dialogueact1166" starttime="3072.93" endtime="3077.64" comment="FBH" type="s" adjacency="5b+.6a+" original-type="sj" channel="c0" participant="me018">
      <nite:child href="Bmr006.A.words.xml#id(Bmr006.w.13,285)..id(Bmr006.w.13,302)"/>
   </dialogueact>
   <dialogueact nite:id="Bmr006.A.dialogueact1168" starttime="3077.96" endtime="3084.33" type="qy^rt" adjacency="7a" original-type="qy^rt" channel="c0" participant="me018">
      <nite:child href="Bmr006.A.words.xml#id(Bmr006.w.13,303)..id(Bmr006.w.13,322)"/>
   </dialogueact>
   <dialogueact nite:id="Bmr006.A.dialogueact1169" starttime="3084.94" endtime="3085.21" type="s.%-" original-type="s.%-" channel="c0" participant="me018">
      <nite:child href="Bmr006.A.words.xml#id(Bmr006.w.13,323)..id(Bmr006.disfmarker.690)"/>
   </dialogueact>
   <dialogueact nite:id="Bmr006.A.dialogueact1171" starttime="3088.89" endtime="3089.19" type="b" original-type="b" channel="c0" participant="me018">
      <nite:child href="Bmr006.A.words.xml#id(Bmr006.w.13,341)..id(Bmr006.w.13,344)"/>
   </dialogueact>
   <dialogueact nite:id="Bmr006.A.dialogueact1176" starttime="3100.43" endtime="3102.37" type="qy^bu" adjacency="9b.10a" original-type="qy^bu" channel="c0" participant="me018">
      <nite:child href="Bmr006.A.words.xml#id(Bmr006.w.13,394)..id(Bmr006.w.13,401)"/>
   </dialogueact>
   <dialogueact nite:id="Bmr006.A.dialogueact1178" starttime="3105.52" endtime="3108.2" comment="FBH" type="s^ng" adjacency="11b.12a" original-type="s^ng" channel="c0" participant="me018">
      <nite:child href="Bmr006.A.words.xml#id(Bmr006.w.13,423)..id(Bmr006.w.13,433)"/>
   </dialogueact>
   <dialogueact nite:id="Bmr006.A.dialogueact1180" starttime="3108.29" endtime="3110.19" comment="FBH" type="qy.%-" adjacency="11b+.12a+" original-type="qy.%-" channel="c0" participant="me018">
      <nite:child href="Bmr006.A.words.xml#id(Bmr006.w.13,434)..id(Bmr006.disfmarker.700)"/>
   </dialogueact>
   <dialogueact nite:id="Bmr006.A.dialogueact1186" starttime="3123.64" endtime="3124.13" type="b" original-type="b" channel="c0" participant="me018">
      <nite:child href="Bmr006.A.words.xml#id(Bmr006.w.13,507)..id(Bmr006.w.13,509)"/>
   </dialogueact>
   <dialogueact nite:id="Bmr006.A.dialogueact1192" starttime="3134.75" endtime="3135.08" type="s^aa" adjacency="13b" original-type="s^aa" channel="c0" participant="me018">
      <nite:child href="Bmr006.A.words.xml#id(Bmr006.w.13,574)..id(Bmr006.w.13,575)"/>
   </dialogueact>
   <dialogueact nite:id="Bmr006.A.dialogueact1193" starttime="3135.38" endtime="3135.62" type="s^aa" adjacency="13b+" original-type="s^aa" channel="c0" participant="me018">
      <nite:child href="Bmr006.A.words.xml#id(Bmr006.w.13,576)..id(Bmr006.w.13,577)"/>
   </dialogueact>
   <dialogueact nite:id="Bmr006.A.dialogueact1196" starttime="3136.07" endtime="3136.32" type="b" original-type="b" channel="c0" participant="me018">
      <nite:child href="Bmr006.A.words.xml#id(Bmr006.w.13,605)..id(Bmr006.w.13,606)"/>
   </dialogueact>
   <dialogueact nite:id="Bmr006.A.dialogueact1200" starttime="3137.69" endtime="3138.0" type="s^bk" adjacency="14b" original-type="s^bk" channel="c0" participant="me018">
      <nite:child href="Bmr006.A.words.xml#id(Bmr006.w.13,609)..id(Bmr006.w.13,611)"/>
   </dialogueact>
   <dialogueact nite:id="Bmr006.A.dialogueact1203" starttime="3138.89" endtime="3139.24" type="s^bk" adjacency="15b" original-type="s^bk" channel="c0" participant="me018">
      <nite:child href="Bmr006.A.words.xml#id(Bmr006.w.13,620)..id(Bmr006.w.13,621)"/>
   </dialogueact>
   <dialogueact nite:id="Bmr006.A.dialogueact1207" starttime="3147.07" endtime="3149.2" type="s^arp.%-" adjacency="16b-2" original-type="s^arp.%-" channel="c0" participant="me018">
      <nite:child href="Bmr006.A.words.xml#id(Bmr006.w.13,673)..id(Bmr006.disfmarker.713)"/>
   </dialogueact>
   <dialogueact nite:id="Bmr006.A.dialogueact1214" starttime="3157.92" endtime="3158.72" type="s.%-" original-type="s.%-" channel="c0" participant="me018">
      <nite:child href="Bmr006.A.words.xml#id(Bmr006.w.13,775)..id(Bmr006.w.13,778)"/>
   </dialogueact>
   <dialogueact nite:id="Bmr006.A.dialogueact1222" starttime="3167.54" endtime="3168.71" type="s.%-" adjacency="19a" original-type="s.%-" channel="c0" participant="me018">
      <nite:child href="Bmr006.A.words.xml#id(Bmr006.w.13,840)..id(Bmr006.w.13,845)"/>
   </dialogueact>
   <dialogueact nite:id="Bmr006.A.dialogueact1227" starttime="3184.95" endtime="3185.44" type="s.%-" original-type="s.%-" channel="c0" participant="me018">
      <nite:child href="Bmr006.A.words.xml#id(Bmr006.w.13,909)..id(Bmr006.disfmarker.746)"/>
   </dialogueact>
   <dialogueact nite:id="Bmr006.A.dialogueact1243" starttime="3207.17" endtime="3208.7" type="s^ng" adjacency="23b-3" original-type="s^ng" channel="c0" participant="me018">
      <nite:child href="Bmr006.A.words.xml#id(Bmr006.w.14,044)..id(Bmr006.w.14,053)"/>
   </dialogueact>
   <dialogueact nite:id="Bmr006.A.dialogueact1246" starttime="3214.1" endtime="3214.34" type="b" original-type="b" channel="c0" participant="me018">
      <nite:child href="Bmr006.A.words.xml#id(Bmr006.w.14,085)..id(Bmr006.w.14,086)"/>
   </dialogueact>
   <dialogueact nite:id="Bmr006.A.dialogueact1250" starttime="3224.78" endtime="3228.25" type="s^bs^na" adjacency="24b" original-type="s^bs^na" channel="c0" participant="me018">
      <nite:child href="Bmr006.A.words.xml#id(Bmr006.w.14,127)..id(Bmr006.w.14,156)"/>
   </dialogueact>
   <dialogueact nite:id="Bmr006.A.dialogueact1269" starttime="3256.27" endtime="3257.02" type="qw" adjacency="28b-2.29a" original-type="qw" channel="c0" participant="me018">
      <nite:child href="Bmr006.A.words.xml#id(Bmr006.w.14,321)..id(Bmr006.w.14,324)"/>
   </dialogueact>
   <dialogueact nite:id="Bmr006.A.dialogueact1276" starttime="3261.83" endtime="3267.27" comment="FBH" type="s^fa|s^bu.%-" adjacency="32a" original-type="s^fa|s^bu.%-" channel="c0" participant="me018">
      <nite:child href="Bmr006.A.words.xml#id(Bmr006.w.14,363)..id(Bmr006.disfmarker.772)"/>
   </dialogueact>
   <dialogueact nite:id="Bmr006.A.dialogueact1280" starttime="3270.37" endtime="3270.73" type="s^bk" adjacency="33b-1" original-type="s^bk" channel="c0" participant="me018">
      <nite:child href="Bmr006.A.words.xml#id(Bmr006.w.14,419)..id(Bmr006.w.14,420)"/>
   </dialogueact>
   <dialogueact nite:id="Bmr006.A.dialogueact1283" starttime="3271.79" endtime="3272.08" type="b" original-type="b" channel="c0" participant="me018">
      <nite:child href="Bmr006.A.words.xml#id(Bmr006.w.14,427)..id(Bmr006.w.14,430)"/>
   </dialogueact>
   <dialogueact nite:id="Bmr006.A.dialogueact1288" starttime="3280.71" endtime="3281.76" type="s^bk" adjacency="34b" original-type="s^bk" channel="c0" participant="me018">
      <nite:child href="Bmr006.A.words.xml#id(Bmr006.w.14,488)..id(Bmr006.w.14,491)"/>
   </dialogueact>
   <dialogueact nite:id="Bmr006.A.dialogueact1289" starttime="3282.38" endtime="3283.27" type="s.%-" original-type="s.%-" channel="c0" participant="me018">
      <nite:child href="Bmr006.A.words.xml#id(Bmr006.w.14,492)..id(Bmr006.disfmarker.777)"/>
   </dialogueact>
   <dialogueact nite:id="Bmr006.A.dialogueact1299" starttime="3301.31" endtime="3305.53" type="s^na" adjacency="37b-2.39a" original-type="s^na" channel="c0" participant="me018">
      <nite:child href="Bmr006.A.words.xml#id(Bmr006.w.14,607)..id(Bmr006.w.14,651)"/>
   </dialogueact>
   <dialogueact nite:id="Bmr006.A.dialogueact1310" starttime="3306.59" endtime="3306.76" type="b" original-type="b" channel="c0" participant="me018">
      <nite:child href="Bmr006.A.words.xml#id(Bmr006.w.14,703)..id(Bmr006.w.14,704)"/>
   </dialogueact>
   <dialogueact nite:id="Bmr006.A.dialogueact1353" starttime="3378.48" endtime="3379.23" type="s" adjacency="49b" original-type="s" channel="c0" participant="me018">
      <nite:child href="Bmr006.A.words.xml#id(Bmr006.w.15,164)..id(Bmr006.disfmarker.814)"/>
   </dialogueact>
   <dialogueact nite:id="Bmr006.A.dialogueact1356" starttime="3382.38" endtime="3384.25" type="qw" adjacency="50a" original-type="qw" channel="c0" participant="me018">
      <nite:child href="Bmr006.A.words.xml#id(Bmr006.w.15,183)..id(Bmr006.w.15,192)"/>
   </dialogueact>
   <dialogueact nite:id="Bmr006.A.dialogueact1358" starttime="3384.77" endtime="3385.2" type="qy^d^g^rt" adjacency="50a+" original-type="qy^d^g^rt" channel="c0" participant="me018">
      <nite:child href="Bmr006.A.words.xml#id(Bmr006.w.15,193)..id(Bmr006.w.15,195)"/>
   </dialogueact>
   <dialogueact nite:id="Bmr006.A.dialogueact1369" starttime="3408.44" endtime="3410.05" type="s^na" adjacency="53b.54a" original-type="s^na" channel="c0" participant="me018">
      <nite:child href="Bmr006.A.words.xml#id(Bmr006.w.15,325)..id(Bmr006.w.15,337)"/>
   </dialogueact>
   <dialogueact nite:id="Bmr006.A.dialogueact1377" starttime="3413.16" endtime="3413.59" comment="FBH" type="b" original-type="b" channel="c0" participant="me018">
      <nite:child href="Bmr006.A.words.xml#id(Bmr006.w.15,371)..id(Bmr006.w.15,374)"/>
   </dialogueact>
   <dialogueact nite:id="Bmr006.A.dialogueact1379" starttime="3416.01" endtime="3416.38" comment="FBH" type="b" original-type="b" channel="c0" participant="me018">
      <nite:child href="Bmr006.A.words.xml#id(Bmr006.w.15,391)..id(Bmr006.w.15,394)"/>
   </dialogueact>
   <dialogueact nite:id="Bmr006.A.dialogueact1386" starttime="3427.61" endtime="3428.59" type="qy^rt" adjacency="56b-2.57a" original-type="qy^rt" channel="c0" participant="me018">
      <nite:child href="Bmr006.A.words.xml#id(Bmr006.w.15,434)..id(Bmr006.w.15,440)"/>
   </dialogueact>
   <dialogueact nite:id="Bmr006.A.dialogueact1392" starttime="3439.15" endtime="3440.46" type="s^fe" original-type="sj^fe" channel="c0" participant="me018">
      <nite:child href="Bmr006.A.words.xml#id(Bmr006.w.15,495)..id(Bmr006.w.15,501)"/>
   </dialogueact>
   <dialogueact nite:id="Bmr006.A.dialogueact1395" starttime="3443.1" endtime="3443.73" type="b" original-type="b" channel="c0" participant="me018">
      <nite:child href="Bmr006.A.words.xml#id(Bmr006.w.15,526)..id(Bmr006.w.15,527)"/>
   </dialogueact>
   <dialogueact nite:id="Bmr006.A.dialogueact1399" starttime="3446.77" endtime="3451.59" type="s" adjacency="58b.59a" original-type="s" channel="c0" participant="me018">
      <nite:child href="Bmr006.A.words.xml#id(Bmr006.w.15,556)..id(Bmr006.w.15,579)"/>
   </dialogueact>
   <dialogueact nite:id="Bmr006.A.dialogueact1408" starttime="3455.6" endtime="3456.21" type="s^ba" adjacency="60b" original-type="sj^ba" channel="c0" participant="me018">
      <nite:child href="Bmr006.A.words.xml#id(Bmr006.w.15,623)..id(Bmr006.w.15,626)"/>
   </dialogueact>
   <dialogueact nite:id="Bmr006.A.dialogueact1415" starttime="3474.61" endtime="3479.31" type="fg|s^co" adjacency="61b" original-type="fg|s^co" channel="c0" participant="me018">
      <nite:child href="Bmr006.A.words.xml#id(Bmr006.w.15,719)..id(Bmr006.w.15,742)"/>
   </dialogueact>
   <dialogueact nite:id="Bmr006.A.dialogueact1416" starttime="3479.31" endtime="3481.89" type="s^cs" adjacency="61b+" original-type="s^cs" channel="c0" participant="me018">
      <nite:child href="Bmr006.A.words.xml#id(Bmr006.w.15,743)..id(Bmr006.w.15,759)"/>
   </dialogueact>
   <dialogueact nite:id="Bmr006.A.dialogueact1423" starttime="3493.01" endtime="3493.09" comment="FBH" type="s^fe" original-type="sj^fe" channel="c0" participant="me018">
      <nite:child href="Bmr006.A.words.xml#id(Bmr006.w.15,844)..id(Bmr006.w.15,845)"/>
   </dialogueact>
   <dialogueact nite:id="Bmr006.A.dialogueact1426" starttime="3495.47" endtime="3495.89" type="s^cs" original-type="s^cs" channel="c0" participant="me018">
      <nite:child href="Bmr006.A.words.xml#id(Bmr006.w.15,855)..id(Bmr006.w.15,856)"/>
   </dialogueact>
   <dialogueact nite:id="Bmr006.A.dialogueact1437" starttime="3506.96" endtime="3509.76" type="s^j.%-" adjacency="63a" original-type="s^j.%-" channel="c0" participant="me018">
      <nite:child href="Bmr006.A.words.xml#id(Bmr006.w.15,924)..id(Bmr006.disfmarker.853)"/>
   </dialogueact>
   <dialogueact nite:id="Bmr006.A.dialogueact1443" starttime="3511.43" endtime="3511.88" type="s^aa^fe" adjacency="64b" original-type="s^aa^fe" channel="c0" participant="me018">
      <nite:child href="Bmr006.A.words.xml#id(Bmr006.w.15,962)..id(Bmr006.w.15,963)"/>
   </dialogueact>
   <dialogueact nite:id="Bmr006.A.dialogueact1444" starttime="3512.47" endtime="3512.84" type="s^cs" adjacency="64b+" original-type="s^cs" channel="c0" participant="me018">
      <nite:child href="Bmr006.A.words.xml#id(Bmr006.w.15,964)..id(Bmr006.w.15,965)"/>
   </dialogueact>
   <dialogueact nite:id="Bmr006.A.dialogueact1446" starttime="3515.61" endtime="3516.16" type="s^cs" adjacency="64b++" original-type="s^cs" channel="c0" participant="me018">
      <nite:child href="Bmr006.A.words.xml#id(Bmr006.w.15,991)..id(Bmr006.w.15,992)"/>
   </dialogueact>
   <dialogueact nite:id="Bmr006.A.dialogueact1461" starttime="3540.57" endtime="3540.94" type="qy^rt" adjacency="67b-2.68a" original-type="qy^rt" channel="c0" participant="me018">
      <nite:child href="Bmr006.A.words.xml#id(Bmr006.w.16,124)..id(Bmr006.w.16,127)"/>
   </dialogueact>
   <dialogueact nite:id="Bmr006.A.dialogueact1463" starttime="3541.88" endtime="3542.0" type="s^bk" adjacency="69b" original-type="s^bk" channel="c0" participant="me018">
      <nite:child href="Bmr006.A.words.xml#id(Bmr006.w.16,130)..id(Bmr006.w.16,131)"/>
   </dialogueact>
   <dialogueact nite:id="Bmr006.A.dialogueact1480" starttime="3588.26" endtime="3589.66" type="s^bu|qy^d^g^rt" adjacency="74a" original-type="s^bu|qy^d^g^rt" channel="c0" participant="me018">
      <nite:child href="Bmr006.A.words.xml#id(Bmr006.w.16,352)..id(Bmr006.w.16,362)"/>
   </dialogueact>
   <dialogueact nite:id="Bmr006.A.dialogueact1482" starttime="3591.05" endtime="3591.39" type="qy^cs^d^rt" adjacency="75a" original-type="qy^cs^d^rt" channel="c0" participant="me018">
      <nite:child href="Bmr006.A.words.xml#id(Bmr006.w.16,365)..id(Bmr006.w.16,366)"/>
   </dialogueact>
   <dialogueact nite:id="Bmr006.A.dialogueact1522" starttime="3685.4" endtime="3685.74" type="s.%-" original-type="s.%-" channel="c0" participant="me018">
      <nite:child href="Bmr006.A.words.xml#id(Bmr006.w.16,834)..id(Bmr006.disfmarker.891)"/>
   </dialogueact>
   <dialogueact nite:id="Bmr006.A.dialogueact1530" starttime="3707.81" endtime="3709.65" type="s^aa|s^na" adjacency="10b-1" original-type="s^aa|s^na" channel="c0" participant="me018">
      <nite:child href="Bmr006.A.words.xml#id(Bmr006.w.16,960)..id(Bmr006.w.16,967)"/>
   </dialogueact>
   <dialogueact nite:id="Bmr006.A.dialogueact1532" starttime="3711.05" endtime="3711.43" type="b" original-type="b" channel="c0" participant="me018">
      <nite:child href="Bmr006.A.words.xml#id(Bmr006.w.16,985)..id(Bmr006.w.16,986)"/>
   </dialogueact>
   <dialogueact nite:id="Bmr006.A.dialogueact1568" starttime="3845.94" endtime="3846.26" type="fg" original-type="fg" channel="c0" participant="me018">
      <nite:child href="Bmr006.A.words.xml#id(Bmr006.w.17,608)..id(Bmr006.disfmarker.925)"/>
   </dialogueact>
   <dialogueact nite:id="Bmr006.A.dialogueact1607" starttime="3971.42" endtime="3973.49" type="qy^bu^d^rt" adjacency="22b.23a" original-type="qy^bu^d^rt" channel="c0" participant="me018">
      <nite:child href="Bmr006.A.words.xml#id(Bmr006.w.18,244)..id(Bmr006.w.18,256)"/>
   </dialogueact>
   <dialogueact nite:id="Bmr006.A.dialogueact1613" starttime="3986.81" endtime="3988.27" type="s.%--" adjacency="26b.27a" original-type="s.%--" channel="c0" participant="me018">
      <nite:child href="Bmr006.A.words.xml#id(Bmr006.w.18,325)..id(Bmr006.disfmarker.959)"/>
   </dialogueact>
   <dialogueact nite:id="Bmr006.A.dialogueact1625" starttime="4005.2" endtime="4006.12" type="s^nd" adjacency="29b-2" original-type="s^nd" channel="c0" participant="me018">
      <nite:child href="Bmr006.A.words.xml#id(Bmr006.w.18,451)..id(Bmr006.w.18,455)"/>
   </dialogueact>
   <dialogueact nite:id="Bmr006.A.dialogueact1683" starttime="4111.45" endtime="4112.03" type="s^ng" adjacency="40b.41a" original-type="s^ng" channel="c0" participant="me018">
      <nite:child href="Bmr006.A.words.xml#id(Bmr006.w.19,045)..id(Bmr006.w.19,049)"/>
   </dialogueact>
   <dialogueact nite:id="Bmr006.A.dialogueact1685" starttime="4129.86" endtime="4130.3" type="b" original-type="b" channel="c0" participant="me018">
      <nite:child href="Bmr006.A.words.xml#id(Bmr006.w.19,174)..id(Bmr006.w.19,177)"/>
   </dialogueact>
   <dialogueact nite:id="Bmr006.A.dialogueact1689" starttime="4138.25" endtime="4147.14" comment="FBH" type="fg|s" adjacency="43a.42b" original-type="fg|s" channel="c0" participant="me018">
      <nite:child href="Bmr006.A.words.xml#id(Bmr006.w.19,180)..id(Bmr006.w.19,222)"/>
   </dialogueact>
   <dialogueact nite:id="Bmr006.A.dialogueact1691" starttime="4147.74" endtime="4148.94" type="qw^ng" adjacency="42b+.44a" original-type="qw^ng" channel="c0" participant="me018">
      <nite:child href="Bmr006.A.words.xml#id(Bmr006.w.19,225)..id(Bmr006.w.19,233)"/>
   </dialogueact>
   <dialogueact nite:id="Bmr006.A.dialogueact1692" starttime="4150.23" endtime="4154.56" type="s^df^ng.%-" adjacency="42b++.46a" original-type="s^df^ng.%-" channel="c0" participant="me018">
      <nite:child href="Bmr006.A.words.xml#id(Bmr006.w.19,234)..id(Bmr006.w.19,257)"/>
   </dialogueact>
   <dialogueact nite:id="Bmr006.A.dialogueact1696" starttime="4156.28" endtime="4157.1" type="s^aa" adjacency="45b" original-type="s^aa" channel="c0" participant="me018">
      <nite:child href="Bmr006.A.words.xml#id(Bmr006.w.19,276)..id(Bmr006.w.19,279)"/>
   </dialogueact>
   <dialogueact nite:id="Bmr006.A.dialogueact1699" starttime="4157.96" endtime="4163.34" type="s" original-type="sj" channel="c0" participant="me018">
      <nite:child href="Bmr006.A.words.xml#id(Bmr006.w.19,284)..id(Bmr006.w.19,342)"/>
   </dialogueact>
   <dialogueact nite:id="Bmr006.A.dialogueact1705" starttime="4165.99" endtime="4166.43" type="s^aa" adjacency="47b-1" original-type="s^aa" channel="c0" participant="me018">
      <nite:child href="Bmr006.A.words.xml#id(Bmr006.w.19,357)..id(Bmr006.w.19,358)"/>
   </dialogueact>
   <dialogueact nite:id="Bmr006.A.dialogueact1709" starttime="4167.24" endtime="4167.43" type="b" original-type="b" channel="c0" participant="me018">
      <nite:child href="Bmr006.A.words.xml#id(Bmr006.w.19,365)..id(Bmr006.w.19,366)"/>
   </dialogueact>
   <dialogueact nite:id="Bmr006.A.dialogueact1713" starttime="4168.89" endtime="4181.92" type="s^cs" adjacency="47b-1+.48a" original-type="s^cs" channel="c0" participant="me018">
      <nite:child href="Bmr006.A.words.xml#id(Bmr006.w.19,378)..id(Bmr006.w.19,455)"/>
   </dialogueact>
   <dialogueact nite:id="Bmr006.A.dialogueact1718" starttime="4186.57" endtime="4186.77" type="qw^rt" adjacency="49b.50a" original-type="qw^rt" channel="c0" participant="me018">
      <nite:child href="Bmr006.A.words.xml#id(Bmr006.w.19,466)..id(Bmr006.w.19,467)"/>
   </dialogueact>
   <dialogueact nite:id="Bmr006.A.dialogueact1723" starttime="4191.53" endtime="4193.93" comment="FBH" type="s^df.%--" adjacency="51b" original-type="s^df.%--" channel="c0" participant="me018">
      <nite:child href="Bmr006.A.words.xml#id(Bmr006.w.19,494)..id(Bmr006.disfmarker.1,012)"/>
   </dialogueact>
   <dialogueact nite:id="Bmr006.A.dialogueact1725" starttime="4196.79" endtime="4197.84" type="qw" original-type="qw" channel="c0" participant="me018">
      <nite:child href="Bmr006.A.words.xml#id(Bmr006.w.19,525)..id(Bmr006.w.19,533)"/>
   </dialogueact>
   <dialogueact nite:id="Bmr006.A.dialogueact1727" starttime="4204.6" endtime="4204.8" type="b" original-type="b" channel="c0" participant="me018">
      <nite:child href="Bmr006.A.words.xml#id(Bmr006.w.19,558)..id(Bmr006.w.19,559)"/>
   </dialogueact>
   <dialogueact nite:id="Bmr006.A.dialogueact1730" starttime="4207.53" endtime="4207.86" type="b" original-type="b" channel="c0" participant="me018">
      <nite:child href="Bmr006.A.words.xml#id(Bmr006.w.19,582)..id(Bmr006.w.19,583)"/>
   </dialogueact>
   <dialogueact nite:id="Bmr006.A.dialogueact1733" starttime="4214.02" endtime="4214.33" type="s^bk" adjacency="1b" original-type="s^bk" channel="c0" participant="me018">
      <nite:child href="Bmr006.A.words.xml#id(Bmr006.w.19,602)..id(Bmr006.w.19,603)"/>
   </dialogueact>
   <dialogueact nite:id="Bmr006.A.dialogueact1737" starttime="4216.54" endtime="4222.39" type="s^bk|s^bs" adjacency="2b.3a" original-type="s^bk|s^bs" channel="c0" participant="me018">
      <nite:child href="Bmr006.A.words.xml#id(Bmr006.w.19,609)..id(Bmr006.w.19,632)"/>
   </dialogueact>
   <dialogueact nite:id="Bmr006.A.dialogueact1777" starttime="4298.85" endtime="4309.47" comment="FBH" type="s^cs" adjacency="9a" original-type="s^cs" channel="c0" participant="me018">
      <nite:child href="Bmr006.A.words.xml#id(Bmr006.w.20,068)..id(Bmr006.w.20,106)"/>
   </dialogueact>
   <dialogueact nite:id="Bmr006.A.dialogueact1778" starttime="4309.47" endtime="4313.32" type="s" adjacency="9a+" original-type="s" channel="c0" participant="me018">
      <nite:child href="Bmr006.A.words.xml#id(Bmr006.w.20,107)..id(Bmr006.w.20,130)"/>
   </dialogueact>
   <dialogueact nite:id="Bmr006.A.dialogueact1779" starttime="4314.3" endtime="4314.72" type="qy^d^g" adjacency="9a++" original-type="qy^d^g" channel="c0" participant="me018">
      <nite:child href="Bmr006.A.words.xml#id(Bmr006.w.20,151)..id(Bmr006.disfmarker.1,037)"/>
   </dialogueact>
   <dialogueact nite:id="Bmr006.A.dialogueact1784" starttime="4324.28" endtime="4324.67" type="b" original-type="b" channel="c0" participant="me018">
      <nite:child href="Bmr006.A.words.xml#id(Bmr006.w.20,175)..id(Bmr006.w.20,178)"/>
   </dialogueact>
   <dialogueact nite:id="Bmr006.A.dialogueact1788" starttime="4326.88" endtime="4327.79" type="s.%-" adjacency="10b-1" original-type="s.%-" channel="c0" participant="me018">
      <nite:child href="Bmr006.A.words.xml#id(Bmr006.w.20,201)..id(Bmr006.disfmarker.1,039)"/>
   </dialogueact>
   <dialogueact nite:id="Bmr006.A.dialogueact1800" starttime="4353.72" endtime="4355.44" type="s.%--" adjacency="14b-3.15a" original-type="s.%--" channel="c0" participant="me018">
      <nite:child href="Bmr006.A.words.xml#id(Bmr006.w.20,337)..id(Bmr006.disfmarker.1,046)"/>
   </dialogueact>
   <dialogueact nite:id="Bmr006.A.dialogueact1824" starttime="4396.83" endtime="4399.42" type="s^cs^j" adjacency="18a" original-type="s^cs^j" channel="c0" participant="me018">
      <nite:child href="Bmr006.A.words.xml#id(Bmr006.w.20,590)..id(Bmr006.w.20,602)"/>
   </dialogueact>
   <dialogueact nite:id="Bmr006.A.dialogueact1826" starttime="4400.0" endtime="4401.69" type="s^j" adjacency="18a+" original-type="s^j" channel="c0" participant="me018">
      <nite:child href="Bmr006.A.words.xml#id(Bmr006.w.20,605)..id(Bmr006.w.20,615)"/>
   </dialogueact>
   <dialogueact nite:id="Bmr006.A.dialogueact1834" starttime="4418.67" endtime="4419.28" comment="FBH" type="s^cs^j" adjacency="20b" original-type="s^cs^j" channel="c0" participant="me018">
      <nite:child href="Bmr006.A.words.xml#id(Bmr006.w.20,706)..id(Bmr006.w.20,708)"/>
   </dialogueact>
   <dialogueact nite:id="Bmr006.A.dialogueact1839" starttime="4434.61" endtime="4438.74" type="s^bu.%-" adjacency="21b.22a" original-type="s^bu.%-" channel="c0" participant="me018">
      <nite:child href="Bmr006.A.words.xml#id(Bmr006.w.20,750)..id(Bmr006.w.20,769)"/>
   </dialogueact>
   <dialogueact nite:id="Bmr006.A.dialogueact1842" starttime="4441.16" endtime="4442.09" type="qw" original-type="qw" channel="c0" participant="me018">
      <nite:child href="Bmr006.A.words.xml#id(Bmr006.w.20,802)..id(Bmr006.w.20,807)"/>
   </dialogueact>
   <dialogueact nite:id="Bmr006.A.dialogueact1861" starttime="4662.88" endtime="4666.34" type="z" adjacency="28a" original-type="z" channel="c0" participant="me018">
      <nite:child href="Bmr006.A.words.xml#id(Bmr006.w.21,324)..id(Bmr006.w.21,337)"/>
   </dialogueact>
   <dialogueact nite:id="Bmr006.A.dialogueact1862" starttime="4667.12" endtime="4671.05" type="z" adjacency="28a+" original-type="z" channel="c0" participant="me018">
      <nite:child href="Bmr006.A.words.xml#id(Bmr006.w.21,344)..id(Bmr006.w.21,359)"/>
   </dialogueact>
   <dialogueact nite:id="Bmr006.A.dialogueact1864" starttime="4682.71" endtime="4683.34" type="z" adjacency="29b" original-type="z" channel="c0" participant="me018">
      <nite:child href="Bmr006.A.words.xml#id(Bmr006.w.21,412)..id(Bmr006.w.21,415)"/>
   </dialogueact>
   <dialogueact nite:id="Bmr006.A.dialogueact1865" starttime="4683.34" endtime="4686.12" type="z" adjacency="30a" original-type="z" channel="c0" participant="me018">
      <nite:child href="Bmr006.A.words.xml#id(Bmr006.w.21,416)..id(Bmr006.w.21,422)"/>
   </dialogueact>
   <dialogueact nite:id="Bmr006.A.dialogueact1867" starttime="4686.12" endtime="4686.3" type="z" adjacency="30a+" original-type="z" channel="c0" participant="me018">
      <nite:child href="Bmr006.A.words.xml#id(Bmr006.w.21,423)..id(Bmr006.w.21,424)"/>
   </dialogueact>
   <dialogueact nite:id="Bmr006.A.dialogueact1872" starttime="4693.85" endtime="4694.86" type="z" original-type="z" channel="c0" participant="me018">
      <nite:child href="Bmr006.A.words.xml#id(Bmr006.w.21,481)..id(Bmr006.w.21,484)"/>
   </dialogueact>
   <dialogueact nite:id="Bmr006.A.dialogueact1873" starttime="4699.81" endtime="4704.56" type="z" original-type="z" channel="c0" participant="me018">
      <nite:child href="Bmr006.A.words.xml#id(Bmr006.w.21,511)..id(Bmr006.w.21,532)"/>
   </dialogueact>
   <dialogueact nite:id="Bmr006.A.dialogueact1876" starttime="4705.08" endtime="4707.51" type="z" original-type="z" channel="c0" participant="me018">
      <nite:child href="Bmr006.A.words.xml#id(Bmr006.w.21,533)..id(Bmr006.w.21,542)"/>
   </dialogueact>
</nite:root>