<?xml version="1.0" encoding="ISO-8859-1" standalone="yes"?>
<nite:root nite:id="Bmr028.B.dialogue-acts" xmlns:nite="http://nite.sourceforge.net/">
   <dialogueact nite:id="Bmr028.B.dialogueact14" starttime="35.82" endtime="36.66" type="s^na" adjacency="4b.5a" original-type="s^na" channel="c1" participant="me018">
      <nite:child href="Bmr028.B.words.xml#id(Bmr028.w.124)..id(Bmr028.w.129)"/>
   </dialogueact>
   <dialogueact nite:id="Bmr028.B.dialogueact17" starttime="37.595" endtime="37.775" type="b" original-type="b" channel="c1" participant="me018">
      <nite:child href="Bmr028.B.words.xml#id(Bmr028.w.140)..id(Bmr028.w.141)"/>
   </dialogueact>
   <dialogueact nite:id="Bmr028.B.dialogueact83" starttime="162.842" endtime="168.149" type="qy^rt" adjacency="17a" original-type="qy^rt" channel="c1" participant="me018">
      <nite:child href="Bmr028.B.words.xml#id(Bmr028.w.688)..id(Bmr028.w.713)"/>
   </dialogueact>
   <dialogueact nite:id="Bmr028.B.dialogueact85" starttime="168.149" endtime="168.319" type="qrr.%-" adjacency="17a+" original-type="qrr.%-" channel="c1" participant="me018">
      <nite:child href="Bmr028.B.words.xml#id(Bmr028.w.714)..id(Bmr028.w.715)"/>
   </dialogueact>
   <dialogueact nite:id="Bmr028.B.dialogueact87" starttime="177.632" endtime="178.242" type="b" original-type="b" channel="c1" participant="me018">
      <nite:child href="Bmr028.B.words.xml#id(Bmr028.w.752)..id(Bmr028.w.753)"/>
   </dialogueact>
   <dialogueact nite:id="Bmr028.B.dialogueact186" starttime="368.046" endtime="370.966" comment="FBH" type="s" original-type="s" channel="c1" participant="me018">
      <nite:child href="Bmr028.B.words.xml#id(Bmr028.w.1,622)..id(Bmr028.w.1,636)"/>
   </dialogueact>
   <dialogueact nite:id="Bmr028.B.dialogueact187" starttime="370.966" endtime="373.933" comment="FBH" type="s^bu" adjacency="35a" original-type="s^bu" channel="c1" participant="me018">
      <nite:child href="Bmr028.B.words.xml#id(Bmr028.w.1,637)..id(Bmr028.w.1,647)"/>
   </dialogueact>
   <dialogueact nite:id="Bmr028.B.dialogueact188" starttime="373.933" endtime="374.203" type="qy^d^g^rt" adjacency="35a+" original-type="qy^d^g^rt" channel="c1" participant="me018">
      <nite:child href="Bmr028.B.words.xml#id(Bmr028.w.1,648)..id(Bmr028.w.1,649)"/>
   </dialogueact>
   <dialogueact nite:id="Bmr028.B.dialogueact192" starttime="380.651" endtime="380.961" type="b" original-type="b" channel="c1" participant="me018">
      <nite:child href="Bmr028.B.words.xml#id(Bmr028.w.1,672)..id(Bmr028.w.1,673)"/>
   </dialogueact>
   <dialogueact nite:id="Bmr028.B.dialogueact195" starttime="382.609" endtime="383.829" type="s.%-" original-type="s.%-" channel="c1" participant="me018">
      <nite:child href="Bmr028.B.words.xml#id(Bmr028.w.1,701)..id(Bmr028.w.1,705)"/>
   </dialogueact>
   <dialogueact nite:id="Bmr028.B.dialogueact392" starttime="722.16" endtime="724.26" type="qy^rt" adjacency="16a" original-type="qy^rt" channel="c1" participant="me018">
      <nite:child href="Bmr028.B.words.xml#id(Bmr028.w.3,220)..id(Bmr028.w.3,227)"/>
   </dialogueact>
   <dialogueact nite:id="Bmr028.B.dialogueact393" starttime="724.26" endtime="725.48" type="qrr^d" adjacency="16a+" original-type="qrr^d" channel="c1" participant="me018">
      <nite:child href="Bmr028.B.words.xml#id(Bmr028.w.3,228)..id(Bmr028.w.3,234)"/>
   </dialogueact>
   <dialogueact nite:id="Bmr028.B.dialogueact395" starttime="726.405" endtime="727.325" type="s" original-type="s" channel="c1" participant="me018">
      <nite:child href="Bmr028.B.words.xml#id(Bmr028.w.3,237)..id(Bmr028.w.3,242)"/>
   </dialogueact>
   <dialogueact nite:id="Bmr028.B.dialogueact396" starttime="727.325" endtime="727.965" type="s" original-type="s" channel="c1" participant="me018">
      <nite:child href="Bmr028.B.words.xml#id(Bmr028.w.3,243)..id(Bmr028.w.3,248)"/>
   </dialogueact>
   <dialogueact nite:id="Bmr028.B.dialogueact406" starttime="738.47" endtime="739.28" type="s" adjacency="19b" original-type="s" channel="c1" participant="me018">
      <nite:child href="Bmr028.B.words.xml#id(Bmr028.w.3,304)..id(Bmr028.w.3,310)"/>
   </dialogueact>
   <dialogueact nite:id="Bmr028.B.dialogueact407" starttime="739.975" endtime="741.375" type="s^e" adjacency="20a" original-type="s^e" channel="c1" participant="me018">
      <nite:child href="Bmr028.B.words.xml#id(Bmr028.w.3,311)..id(Bmr028.w.3,322)"/>
   </dialogueact>
   <dialogueact nite:id="Bmr028.B.dialogueact433" starttime="772.79" endtime="774.07" type="s^cs^j" original-type="s^cs^j" channel="c1" participant="me018">
      <nite:child href="Bmr028.B.words.xml#id(Bmr028.w.3,482)..id(Bmr028.w.3,488)"/>
   </dialogueact>
   <dialogueact nite:id="Bmr028.B.dialogueact521" starttime="928.206" endtime="929.076" type="s" adjacency="49b" original-type="s" channel="c1" participant="me018">
      <nite:child href="Bmr028.B.words.xml#id(Bmr028.w.4,244)..id(Bmr028.w.4,248)"/>
   </dialogueact>
   <dialogueact nite:id="Bmr028.B.dialogueact523" starttime="929.206" endtime="929.566" type="s.%--" original-type="s.%--" channel="c1" participant="me018">
      <nite:child href="Bmr028.B.words.xml#id(Bmr028.w.4,249)..id(Bmr028.disfmarker.136)"/>
   </dialogueact>
   <dialogueact nite:id="Bmr028.B.dialogueact525" starttime="930.382" endtime="931.832" type="s^df" original-type="s^df" channel="c1" participant="me018">
      <nite:child href="Bmr028.B.words.xml#id(Bmr028.w.4,269)..id(Bmr028.w.4,277)"/>
   </dialogueact>
   <dialogueact nite:id="Bmr028.B.dialogueact526" starttime="931.892" endtime="932.092" type="fh" original-type="fh" channel="c1" participant="me018">
      <nite:child href="Bmr028.B.words.xml#id(Bmr028.w.4,278)..id(Bmr028.w.4,279)"/>
   </dialogueact>
   <dialogueact nite:id="Bmr028.B.dialogueact527" starttime="932.422" endtime="933.052" type="s.%--" original-type="s.%--" channel="c1" participant="me018">
      <nite:child href="Bmr028.B.words.xml#id(Bmr028.w.4,280)..id(Bmr028.disfmarker.137)"/>
   </dialogueact>
   <dialogueact nite:id="Bmr028.B.dialogueact567" starttime="1010.2" endtime="1011.98" type="qw^rt" adjacency="57a" original-type="qw^rt" channel="c1" participant="me018">
      <nite:child href="Bmr028.B.words.xml#id(Bmr028.w.4,644)..id(Bmr028.w.4,652)"/>
   </dialogueact>
   <dialogueact nite:id="Bmr028.B.dialogueact574" starttime="1019.09" endtime="1019.25" type="s^bk" adjacency="58b-1" original-type="s^bk" channel="c1" participant="me018">
      <nite:child href="Bmr028.B.words.xml#id(Bmr028.w.4,726)..id(Bmr028.w.4,727)"/>
   </dialogueact>
   <dialogueact nite:id="Bmr028.B.dialogueact597" starttime="1051.53" endtime="1055.7" type="s" adjacency="64a" original-type="s" channel="c1" participant="me018">
      <nite:child href="Bmr028.B.words.xml#id(Bmr028.w.4,889)..id(Bmr028.w.4,923)"/>
   </dialogueact>
   <dialogueact nite:id="Bmr028.B.dialogueact650" starttime="1146.3" endtime="1148.64" type="s" adjacency="74b.75a" original-type="s" channel="c1" participant="me018">
      <nite:child href="Bmr028.B.words.xml#id(Bmr028.w.5,413)..id(Bmr028.w.5,419)"/>
   </dialogueact>
   <dialogueact nite:id="Bmr028.B.dialogueact651" starttime="1148.64" endtime="1148.89" type="qy^d^g^rt" adjacency="74b+.75a+" original-type="qy^d^g^rt" channel="c1" participant="me018">
      <nite:child href="Bmr028.B.words.xml#id(Bmr028.w.5,420)..id(Bmr028.w.5,421)"/>
   </dialogueact>
   <dialogueact nite:id="Bmr028.B.dialogueact658" starttime="1152.61" endtime="1154.81" type="s" original-type="s" channel="c1" participant="me018">
      <nite:child href="Bmr028.B.words.xml#id(Bmr028.w.5,446)..id(Bmr028.w.5,455)"/>
   </dialogueact>
   <dialogueact nite:id="Bmr028.B.dialogueact660" starttime="1154.81" endtime="1154.98" type="fh" original-type="fh" channel="c1" participant="me018">
      <nite:child href="Bmr028.B.words.xml#id(Bmr028.w.5,456)"/>
   </dialogueact>
   <dialogueact nite:id="Bmr028.B.dialogueact662" starttime="1155.72" endtime="1156.87" type="s" original-type="s" channel="c1" participant="me018">
      <nite:child href="Bmr028.B.words.xml#id(Bmr028.w.5,463)..id(Bmr028.w.5,469)"/>
   </dialogueact>
   <dialogueact nite:id="Bmr028.B.dialogueact675" starttime="1178.94" endtime="1181.5" type="s^bk|s" adjacency="77b.78a" original-type="s^bk|s" channel="c1" participant="me018">
      <nite:child href="Bmr028.B.words.xml#id(Bmr028.w.5,611)..id(Bmr028.w.5,625)"/>
   </dialogueact>
   <dialogueact nite:id="Bmr028.B.dialogueact678" starttime="1185.85" endtime="1186.41" type="fg|%-" original-type="fg|%-" channel="c1" participant="me018">
      <nite:child href="Bmr028.B.words.xml#id(Bmr028.w.5,651)..id(Bmr028.disfmarker.226)"/>
   </dialogueact>
   <dialogueact nite:id="Bmr028.B.dialogueact681" starttime="1187.41" endtime="1187.81" type="fg|%-" original-type="fg|%-" channel="c1" participant="me018">
      <nite:child href="Bmr028.B.words.xml#id(Bmr028.w.5,665)..id(Bmr028.disfmarker.228)"/>
   </dialogueact>
   <dialogueact nite:id="Bmr028.B.dialogueact734" starttime="1265.68" endtime="1266.61" type="s" original-type="s" channel="c1" participant="me018">
      <nite:child href="Bmr028.B.words.xml#id(Bmr028.w.6,112)..id(Bmr028.w.6,117)"/>
   </dialogueact>
   <dialogueact nite:id="Bmr028.B.dialogueact761" starttime="1306.52" endtime="1306.56" type="b" original-type="b" channel="c1" participant="me018">
      <nite:child href="Bmr028.B.words.xml#id(Bmr028.w.6,281)..id(Bmr028.disfmarker.249)"/>
   </dialogueact>
   <dialogueact nite:id="Bmr028.B.dialogueact764" starttime="1310.02" endtime="1314.95" type="h|s" adjacency="17b-2" original-type="h|s" channel="c1" participant="me018">
      <nite:child href="Bmr028.B.words.xml#id(Bmr028.w.6,294)..id(Bmr028.w.6,310)"/>
   </dialogueact>
   <dialogueact nite:id="Bmr028.B.dialogueact765" starttime="1314.95" endtime="1324.28" type="s" original-type="s" channel="c1" participant="me018">
      <nite:child href="Bmr028.B.words.xml#id(Bmr028.w.6,311)..id(Bmr028.w.6,337)"/>
   </dialogueact>
   <dialogueact nite:id="Bmr028.B.dialogueact767" starttime="1325.05" endtime="1326.63" type="s" original-type="s" channel="c1" participant="me018">
      <nite:child href="Bmr028.B.words.xml#id(Bmr028.w.6,338)..id(Bmr028.w.6,348)"/>
   </dialogueact>
   <dialogueact nite:id="Bmr028.B.dialogueact768" starttime="1326.75" endtime="1336.99" type="s" original-type="s" channel="c1" participant="me018">
      <nite:child href="Bmr028.B.words.xml#id(Bmr028.w.6,349)..id(Bmr028.w.6,390)"/>
   </dialogueact>
   <dialogueact nite:id="Bmr028.B.dialogueact769" starttime="1336.99" endtime="1337.79" type="s" original-type="s" channel="c1" participant="me018">
      <nite:child href="Bmr028.B.words.xml#id(Bmr028.w.6,391)..id(Bmr028.w.6,396)"/>
   </dialogueact>
   <dialogueact nite:id="Bmr028.B.dialogueact770" starttime="1337.89" endtime="1342.49" type="s" original-type="s" channel="c1" participant="me018">
      <nite:child href="Bmr028.B.words.xml#id(Bmr028.w.6,397)..id(Bmr028.w.6,415)"/>
   </dialogueact>
   <dialogueact nite:id="Bmr028.B.dialogueact771" starttime="1342.49" endtime="1342.92" type="fh" original-type="fh" channel="c1" participant="me018">
      <nite:child href="Bmr028.B.words.xml#id(Bmr028.w.6,416)..id(Bmr028.w.6,418)"/>
   </dialogueact>
   <dialogueact nite:id="Bmr028.B.dialogueact772" starttime="1343.42" endtime="1344.2" type="s" original-type="s" channel="c1" participant="me018">
      <nite:child href="Bmr028.B.words.xml#id(Bmr028.w.6,419)..id(Bmr028.w.6,426)"/>
   </dialogueact>
   <dialogueact nite:id="Bmr028.B.dialogueact773" starttime="1344.2" endtime="1347.5" type="s" original-type="s" channel="c1" participant="me018">
      <nite:child href="Bmr028.B.words.xml#id(Bmr028.w.6,427)..id(Bmr028.w.6,445)"/>
   </dialogueact>
   <dialogueact nite:id="Bmr028.B.dialogueact774" starttime="1347.73" endtime="1351.76" type="s^df" original-type="s^df" channel="c1" participant="me018">
      <nite:child href="Bmr028.B.words.xml#id(Bmr028.w.6,446)..id(Bmr028.w.6,461)"/>
   </dialogueact>
   <dialogueact nite:id="Bmr028.B.dialogueact776" starttime="1351.76" endtime="1356.13" type="s" original-type="s" channel="c1" participant="me018">
      <nite:child href="Bmr028.B.words.xml#id(Bmr028.w.6,462)..id(Bmr028.w.6,481)"/>
   </dialogueact>
   <dialogueact nite:id="Bmr028.B.dialogueact777" starttime="1356.35" endtime="1357.08" type="fh" original-type="fh" channel="c1" participant="me018">
      <nite:child href="Bmr028.B.words.xml#id(Bmr028.w.6,482)..id(Bmr028.disfmarker.252)"/>
   </dialogueact>
   <dialogueact nite:id="Bmr028.B.dialogueact781" starttime="1364.37" endtime="1364.72" type="s" adjacency="18b.19a" original-type="s" channel="c1" participant="me018">
      <nite:child href="Bmr028.B.words.xml#id(Bmr028.w.6,511)..id(Bmr028.w.6,514)"/>
   </dialogueact>
   <dialogueact nite:id="Bmr028.B.dialogueact782" starttime="1364.72" endtime="1366.57" type="s^e" adjacency="18b+.19a+" original-type="s^e" channel="c1" participant="me018">
      <nite:child href="Bmr028.B.words.xml#id(Bmr028.w.6,515)..id(Bmr028.w.6,527)"/>
   </dialogueact>
   <dialogueact nite:id="Bmr028.B.dialogueact786" starttime="1367.09" endtime="1367.34" type="b" original-type="b" channel="c1" participant="me018">
      <nite:child href="Bmr028.B.words.xml#id(Bmr028.w.6,548)..id(Bmr028.w.6,549)"/>
   </dialogueact>
   <dialogueact nite:id="Bmr028.B.dialogueact791" starttime="1378.31" endtime="1378.49" type="b" original-type="b" channel="c1" participant="me018">
      <nite:child href="Bmr028.B.words.xml#id(Bmr028.w.6,589)..id(Bmr028.w.6,590)"/>
   </dialogueact>
   <dialogueact nite:id="Bmr028.B.dialogueact799" starttime="1393.61" endtime="1396.02" type="qy^d^rt" original-type="qy^d^rt" channel="c1" participant="me018">
      <nite:child href="Bmr028.B.words.xml#id(Bmr028.w.6,651)..id(Bmr028.w.6,663)"/>
   </dialogueact>
   <dialogueact nite:id="Bmr028.B.dialogueact811" starttime="1429.66" endtime="1433.27" type="s.%-" original-type="s.%-" channel="c1" participant="me018">
      <nite:child href="Bmr028.B.words.xml#id(Bmr028.w.6,789)..id(Bmr028.w.6,804)"/>
   </dialogueact>
   <dialogueact nite:id="Bmr028.B.dialogueact1151" starttime="1982.56" endtime="1983.75" type="s" adjacency="28b-1.29a" original-type="s" channel="c1" participant="me018">
      <nite:child href="Bmr028.B.words.xml#id(Bmr028.w.9,704)..id(Bmr028.w.9,709)"/>
   </dialogueact>
   <dialogueact nite:id="Bmr028.B.dialogueact1606" starttime="2982.88" endtime="2985.19" type="qy^rt" adjacency="43b.44a" original-type="qy^rt" channel="c1" participant="me018">
      <nite:child href="Bmr028.B.words.xml#id(Bmr028.w.14,631)..id(Bmr028.w.14,639)"/>
   </dialogueact>
   <dialogueact nite:id="Bmr028.B.dialogueact1608" starttime="2985.19" endtime="2985.37" type="qrr.%--" adjacency="43b+.44a+" original-type="qrr.%--" channel="c1" participant="me018">
      <nite:child href="Bmr028.B.words.xml#id(Bmr028.w.14,640)..id(Bmr028.w.14,641)"/>
   </dialogueact>
</nite:root>