<?xml version="1.0" encoding="ISO-8859-1" standalone="yes"?>
<nite:root nite:id="Bmr022.B.dialogue-acts" xmlns:nite="http://nite.sourceforge.net/">
   <dialogueact nite:id="Bmr022.B.dialogueact2" starttime="3.975" endtime="6.635" type="fg|s" adjacency="1a" original-type="fg|s" channel="c1" participant="me013">
      <nite:child href="Bmr022.B.words.xml#id(Bmr022.w.11)..id(Bmr022.w.28)"/>
   </dialogueact>
   <dialogueact nite:id="Bmr022.B.dialogueact4" starttime="6.635" endtime="8.195" type="s.%-" original-type="s.%-" channel="c1" participant="me013">
      <nite:child href="Bmr022.B.words.xml#id(Bmr022.w.29)..id(Bmr022.disfmarker.2)"/>
   </dialogueact>
   <dialogueact nite:id="Bmr022.B.dialogueact7" starttime="9.653" endtime="11.683" type="s^bk|s" adjacency="2b" original-type="s^bk|s" channel="c1" participant="me013">
      <nite:child href="Bmr022.B.words.xml#id(Bmr022.w.43)..id(Bmr022.w.53)"/>
   </dialogueact>
   <dialogueact nite:id="Bmr022.B.dialogueact10" starttime="11.683" endtime="12.903" type="s" original-type="s" channel="c1" participant="me013">
      <nite:child href="Bmr022.B.words.xml#id(Bmr022.w.54)..id(Bmr022.w.60)"/>
   </dialogueact>
   <dialogueact nite:id="Bmr022.B.dialogueact13" starttime="12.983" endtime="14.053" type="s|s^aa" adjacency="3b" original-type="s|s^aa" channel="c1" participant="me013">
      <nite:child href="Bmr022.B.words.xml#id(Bmr022.w.73)..id(Bmr022.w.80)"/>
   </dialogueact>
   <dialogueact nite:id="Bmr022.B.dialogueact14" starttime="14.113" endtime="14.443" type="s.%-" original-type="s.%-" channel="c1" participant="me013">
      <nite:child href="Bmr022.B.words.xml#id(Bmr022.w.81)..id(Bmr022.disfmarker.7)"/>
   </dialogueact>
   <dialogueact nite:id="Bmr022.B.dialogueact17" starttime="15.416" endtime="15.556" type="s^bk" adjacency="4b" original-type="s^bk" channel="c1" participant="me013">
      <nite:child href="Bmr022.B.words.xml#id(Bmr022.w.94)..id(Bmr022.w.95)"/>
   </dialogueact>
   <dialogueact nite:id="Bmr022.B.dialogueact47" starttime="92.14" endtime="92.57" type="%-" original-type="%-" channel="c1" participant="me013">
      <nite:child href="Bmr022.B.words.xml#id(Bmr022.w.396)..id(Bmr022.disfmarker.15)"/>
   </dialogueact>
   <dialogueact nite:id="Bmr022.B.dialogueact49" starttime="93.391" endtime="96.451" type="qy^bu^d^rt" adjacency="7b.8a" original-type="qy^bu^d^rt" channel="c1" participant="me013">
      <nite:child href="Bmr022.B.words.xml#id(Bmr022.w.408)..id(Bmr022.w.419)"/>
   </dialogueact>
   <dialogueact nite:id="Bmr022.B.dialogueact51" starttime="96.931" endtime="98.841" type="s^bu" adjacency="9a" original-type="s^bu" channel="c1" participant="me013">
      <nite:child href="Bmr022.B.words.xml#id(Bmr022.w.422)..id(Bmr022.w.433)"/>
   </dialogueact>
   <dialogueact nite:id="Bmr022.B.dialogueact65" starttime="135.215" endtime="135.795" type="qy^bu^d^rt" adjacency="11b.12a" original-type="qy^bu^d^rt" channel="c1" participant="me013">
      <nite:child href="Bmr022.B.words.xml#id(Bmr022.w.609)..id(Bmr022.w.612)"/>
   </dialogueact>
   <dialogueact nite:id="Bmr022.B.dialogueact70" starttime="138.16" endtime="138.81" type="s^bk" adjacency="13b" original-type="s^bk" channel="c1" participant="me013">
      <nite:child href="Bmr022.B.words.xml#id(Bmr022.w.635)..id(Bmr022.w.640)"/>
   </dialogueact>
   <dialogueact nite:id="Bmr022.B.dialogueact79" starttime="150.94" endtime="151.25" comment="FBH" type="b" original-type="b" channel="c1" participant="me013">
      <nite:child href="Bmr022.B.words.xml#id(Bmr022.w.728)..id(Bmr022.w.729)"/>
   </dialogueact>
   <dialogueact nite:id="Bmr022.B.dialogueact90" starttime="168.929" endtime="169.679" type="qy.%-" original-type="qy.%-" channel="c1" participant="me013">
      <nite:child href="Bmr022.B.words.xml#id(Bmr022.w.814)..id(Bmr022.disfmarker.33)"/>
   </dialogueact>
   <dialogueact nite:id="Bmr022.B.dialogueact92" starttime="171.129" endtime="175.889" type="qw" adjacency="14a" original-type="qw" channel="c1" participant="me013">
      <nite:child href="Bmr022.B.words.xml#id(Bmr022.w.826)..id(Bmr022.w.847)"/>
   </dialogueact>
   <dialogueact nite:id="Bmr022.B.dialogueact95" starttime="181.43" endtime="181.69" type="s^bk" adjacency="15b" original-type="s^bk" channel="c1" participant="me013">
      <nite:child href="Bmr022.B.words.xml#id(Bmr022.w.872)..id(Bmr022.w.873)"/>
   </dialogueact>
   <dialogueact nite:id="Bmr022.B.dialogueact98" starttime="182.236" endtime="182.706" type="qy.%-" original-type="qy.%-" channel="c1" participant="me013">
      <nite:child href="Bmr022.B.words.xml#id(Bmr022.w.888)..id(Bmr022.disfmarker.37)"/>
   </dialogueact>
   <dialogueact nite:id="Bmr022.B.dialogueact101" starttime="186.37" endtime="187.79" type="fg|s" original-type="fg|s" channel="c1" participant="me013">
      <nite:child href="Bmr022.B.words.xml#id(Bmr022.w.905)..id(Bmr022.w.914)"/>
   </dialogueact>
   <dialogueact nite:id="Bmr022.B.dialogueact104" starttime="188.42" endtime="189.87" type="s.%--" original-type="s.%--" channel="c1" participant="me013">
      <nite:child href="Bmr022.B.words.xml#id(Bmr022.w.926)..id(Bmr022.disfmarker.40)"/>
   </dialogueact>
   <dialogueact nite:id="Bmr022.B.dialogueact106" starttime="189.87" endtime="190.81" type="s^fa" original-type="s^fa" channel="c1" participant="me013">
      <nite:child href="Bmr022.B.words.xml#id(Bmr022.w.932)..id(Bmr022.w.938)"/>
   </dialogueact>
   <dialogueact nite:id="Bmr022.B.dialogueact107" starttime="190.81" endtime="193.1" type="s^bu" adjacency="19a" original-type="s^bu" channel="c1" participant="me013">
      <nite:child href="Bmr022.B.words.xml#id(Bmr022.w.939)..id(Bmr022.w.953)"/>
   </dialogueact>
   <dialogueact nite:id="Bmr022.B.dialogueact108" starttime="193.1" endtime="193.32" type="qy^d^g^rt" adjacency="19a+" original-type="qy^d^g^rt" channel="c1" participant="me013">
      <nite:child href="Bmr022.B.words.xml#id(Bmr022.w.954)..id(Bmr022.w.955)"/>
   </dialogueact>
   <dialogueact nite:id="Bmr022.B.dialogueact111" starttime="194.281" endtime="196.661" type="s^bu" adjacency="20a" original-type="s^bu" channel="c1" participant="me013">
      <nite:child href="Bmr022.B.words.xml#id(Bmr022.w.960)..id(Bmr022.w.972)"/>
   </dialogueact>
   <dialogueact nite:id="Bmr022.B.dialogueact114" starttime="197.38" endtime="198.69" type="qh^cs" adjacency="21a" original-type="qh^cs" channel="c1" participant="me013">
      <nite:child href="Bmr022.B.words.xml#id(Bmr022.w.977)..id(Bmr022.w.985)"/>
   </dialogueact>
   <dialogueact nite:id="Bmr022.B.dialogueact116" starttime="200.41" endtime="203.61" type="s^df" adjacency="22b.23a" original-type="s^df" channel="c1" participant="me013">
      <nite:child href="Bmr022.B.words.xml#id(Bmr022.w.991)..id(Bmr022.w.1,008)"/>
   </dialogueact>
   <dialogueact nite:id="Bmr022.B.dialogueact118" starttime="206.809" endtime="207.089" type="s^aa" adjacency="24b" original-type="s^aa" channel="c1" participant="me013">
      <nite:child href="Bmr022.B.words.xml#id(Bmr022.w.1,019)..id(Bmr022.w.1,020)"/>
   </dialogueact>
   <dialogueact nite:id="Bmr022.B.dialogueact119" starttime="207.64" endtime="210.13" type="s" original-type="s" channel="c1" participant="me013">
      <nite:child href="Bmr022.B.words.xml#id(Bmr022.w.1,025)..id(Bmr022.w.1,043)"/>
   </dialogueact>
   <dialogueact nite:id="Bmr022.B.dialogueact122" starttime="216.195" endtime="216.505" type="b" original-type="b" channel="c1" participant="me013">
      <nite:child href="Bmr022.B.words.xml#id(Bmr022.w.1,077)..id(Bmr022.w.1,078)"/>
   </dialogueact>
   <dialogueact nite:id="Bmr022.B.dialogueact127" starttime="224.53" endtime="227.21" type="s^aa^rt|s.%--" original-type="s^aa^rt|s.%--" channel="c1" participant="me013">
      <nite:child href="Bmr022.B.words.xml#id(Bmr022.w.1,106)..id(Bmr022.w.1,119)"/>
   </dialogueact>
   <dialogueact nite:id="Bmr022.B.dialogueact128" starttime="227.21" endtime="229.8" type="s^bd" original-type="s^bd" channel="c1" participant="me013">
      <nite:child href="Bmr022.B.words.xml#id(Bmr022.w.1,120)..id(Bmr022.w.1,134)"/>
   </dialogueact>
   <dialogueact nite:id="Bmr022.B.dialogueact129" starttime="229.8" endtime="231.45" type="s^df" original-type="s^df" channel="c1" participant="me013">
      <nite:child href="Bmr022.B.words.xml#id(Bmr022.w.1,135)..id(Bmr022.w.1,146)"/>
   </dialogueact>
   <dialogueact nite:id="Bmr022.B.dialogueact130" starttime="231.45" endtime="235.64" type="s^df" original-type="s^df" channel="c1" participant="me013">
      <nite:child href="Bmr022.B.words.xml#id(Bmr022.w.1,147)..id(Bmr022.w.1,164)"/>
   </dialogueact>
   <dialogueact nite:id="Bmr022.B.dialogueact132" starttime="236.596" endtime="237.716" type="fh" original-type="fh" channel="c1" participant="me013">
      <nite:child href="Bmr022.B.words.xml#id(Bmr022.w.1,169)..id(Bmr022.disfmarker.49)"/>
   </dialogueact>
   <dialogueact nite:id="Bmr022.B.dialogueact135" starttime="242.686" endtime="242.976" type="b" original-type="b" channel="c1" participant="me013">
      <nite:child href="Bmr022.B.words.xml#id(Bmr022.w.1,193)..id(Bmr022.w.1,194)"/>
   </dialogueact>
   <dialogueact nite:id="Bmr022.B.dialogueact172" starttime="317.81" endtime="319.04" type="s^ba" adjacency="34b-2.35a" original-type="s^ba" channel="c1" participant="me013">
      <nite:child href="Bmr022.B.words.xml#id(Bmr022.w.1,535)..id(Bmr022.w.1,541)"/>
   </dialogueact>
   <dialogueact nite:id="Bmr022.B.dialogueact173" starttime="319.04" endtime="319.37" type="qy^g^rt" adjacency="34b-2+.35a+" original-type="qy^g^rt" channel="c1" participant="me013">
      <nite:child href="Bmr022.B.words.xml#id(Bmr022.w.1,542)..id(Bmr022.w.1,545)"/>
   </dialogueact>
   <dialogueact nite:id="Bmr022.B.dialogueact177" starttime="320.07" endtime="323.33" type="s" original-type="s" channel="c1" participant="me013">
      <nite:child href="Bmr022.B.words.xml#id(Bmr022.w.1,546)..id(Bmr022.w.1,570)"/>
   </dialogueact>
   <dialogueact nite:id="Bmr022.B.dialogueact180" starttime="323.33" endtime="323.54" type="fh" original-type="fh" channel="c1" participant="me013">
      <nite:child href="Bmr022.B.words.xml#id(Bmr022.w.1,571)..id(Bmr022.disfmarker.75)"/>
   </dialogueact>
   <dialogueact nite:id="Bmr022.B.dialogueact181" starttime="323.884" endtime="324.494" type="qy^rt^t3" original-type="qy^rt^t3" channel="c1" participant="me013">
      <nite:child href="Bmr022.B.words.xml#id(Bmr022.w.1,582)..id(Bmr022.w.1,586)"/>
   </dialogueact>
   <dialogueact nite:id="Bmr022.B.dialogueact183" starttime="325.309" endtime="325.679" type="qw^t3" original-type="qw^t3" channel="c1" participant="me013">
      <nite:child href="Bmr022.B.words.xml#id(Bmr022.w.1,598)..id(Bmr022.w.1,602)"/>
   </dialogueact>
   <dialogueact nite:id="Bmr022.B.dialogueact190" starttime="340.159" endtime="340.969" type="s.%--" original-type="s.%--" channel="c1" participant="me013">
      <nite:child href="Bmr022.B.words.xml#id(Bmr022.w.1,659)..id(Bmr022.w.1,662)"/>
   </dialogueact>
   <dialogueact nite:id="Bmr022.B.dialogueact192" starttime="341.059" endtime="342.079" type="qy^rt^t3" original-type="qy^rt^t3" channel="c1" participant="me013">
      <nite:child href="Bmr022.B.words.xml#id(Bmr022.w.1,673)..id(Bmr022.w.1,676)"/>
   </dialogueact>
   <dialogueact nite:id="Bmr022.B.dialogueact193" starttime="342.079" endtime="342.149" type="qrr.%--" original-type="qrr.%--" channel="c1" participant="me013">
      <nite:child href="Bmr022.B.words.xml#id(Bmr022.w.1,677)..id(Bmr022.disfmarker.83)"/>
   </dialogueact>
   <dialogueact nite:id="Bmr022.B.dialogueact194" starttime="342.149" endtime="342.499" type="qw^t3" adjacency="36a" original-type="qw^t3" channel="c1" participant="me013">
      <nite:child href="Bmr022.B.words.xml#id(Bmr022.w.1,678)..id(Bmr022.w.1,681)"/>
   </dialogueact>
   <dialogueact nite:id="Bmr022.B.dialogueact197" starttime="343.301" endtime="344.671" type="s^bk^m" original-type="s^bk^m" channel="c1" participant="me013">
      <nite:child href="Bmr022.B.words.xml#id(Bmr022.w.1,730)..id(Bmr022.w.1,735)"/>
   </dialogueact>
   <dialogueact nite:id="Bmr022.B.dialogueact207" starttime="367.38" endtime="369.88" type="s^cs" adjacency="38b.39a" original-type="s^cs" channel="c1" participant="me013">
      <nite:child href="Bmr022.B.words.xml#id(Bmr022.w.1,818)..id(Bmr022.w.1,829)"/>
   </dialogueact>
   <dialogueact nite:id="Bmr022.B.dialogueact209" starttime="372.74" endtime="374.031" type="h|%-" adjacency="40b-1" original-type="h|%-" channel="c1" participant="me013">
      <nite:child href="Bmr022.B.words.xml#id(Bmr022.w.1,835)..id(Bmr022.disfmarker.88)"/>
   </dialogueact>
   <dialogueact nite:id="Bmr022.B.dialogueact214" starttime="380.05" endtime="386.89" type="s^cs" adjacency="41b" original-type="s^cs" channel="c1" participant="me013">
      <nite:child href="Bmr022.B.words.xml#id(Bmr022.w.1,868)..id(Bmr022.w.1,904)"/>
   </dialogueact>
   <dialogueact nite:id="Bmr022.B.dialogueact216" starttime="386.89" endtime="387.25" type="%-" original-type="%-" channel="c1" participant="me013">
      <nite:child href="Bmr022.B.words.xml#id(Bmr022.w.1,905)..id(Bmr022.disfmarker.94)"/>
   </dialogueact>
   <dialogueact nite:id="Bmr022.B.dialogueact218" starttime="388.19" endtime="388.52" type="s^bk|qy^bh^rt" original-type="s^bk|qy^bh^rt" channel="c1" participant="me013">
      <nite:child href="Bmr022.B.words.xml#id(Bmr022.w.1,930)..id(Bmr022.w.1,933)"/>
   </dialogueact>
   <dialogueact nite:id="Bmr022.B.dialogueact219" starttime="388.52" endtime="388.66" type="s^bk" original-type="s^bk" channel="c1" participant="me013">
      <nite:child href="Bmr022.B.words.xml#id(Bmr022.w.1,934)..id(Bmr022.w.1,935)"/>
   </dialogueact>
   <dialogueact nite:id="Bmr022.B.dialogueact220" starttime="389.28" endtime="389.81" type="s^cc^j" original-type="s^cc^j" channel="c1" participant="me013">
      <nite:child href="Bmr022.B.words.xml#id(Bmr022.w.1,936)..id(Bmr022.w.1,941)"/>
   </dialogueact>
   <dialogueact nite:id="Bmr022.B.dialogueact221" starttime="389.81" endtime="389.87" type="qy^d^f^g" original-type="qy^d^f^g" channel="c1" participant="me013">
      <nite:child href="Bmr022.B.words.xml#id(Bmr022.w.1,942)..id(Bmr022.w.1,943)"/>
   </dialogueact>
   <dialogueact nite:id="Bmr022.B.dialogueact227" starttime="397.6" endtime="399.25" type="s^bk|s.%--" adjacency="43b" original-type="s^bk|s.%--" channel="c1" participant="me013">
      <nite:child href="Bmr022.B.words.xml#id(Bmr022.w.1,978)..id(Bmr022.disfmarker.99)"/>
   </dialogueact>
   <dialogueact nite:id="Bmr022.B.dialogueact228" starttime="399.89" endtime="400.42" type="s^am^ba" adjacency="43b+" original-type="s^am^ba" channel="c1" participant="me013">
      <nite:child href="Bmr022.B.words.xml#id(Bmr022.w.1,987)..id(Bmr022.w.1,991)"/>
   </dialogueact>
   <dialogueact nite:id="Bmr022.B.dialogueact229" starttime="400.42" endtime="404.73" type="fh|s.%--" adjacency="44a" original-type="fh|s.%--" channel="c1" participant="me013">
      <nite:child href="Bmr022.B.words.xml#id(Bmr022.w.1,992)..id(Bmr022.w.2,013)"/>
   </dialogueact>
   <dialogueact nite:id="Bmr022.B.dialogueact231" starttime="405.08" endtime="408.17" type="s" adjacency="46a" original-type="s" channel="c1" participant="me013">
      <nite:child href="Bmr022.B.words.xml#id(Bmr022.w.2,018)..id(Bmr022.w.2,035)"/>
   </dialogueact>
   <dialogueact nite:id="Bmr022.B.dialogueact236" starttime="408.17" endtime="408.3" type="fh" original-type="fh" channel="c1" participant="me013">
      <nite:child href="Bmr022.B.words.xml#id(Bmr022.w.2,036)..id(Bmr022.disfmarker.100)"/>
   </dialogueact>
   <dialogueact nite:id="Bmr022.B.dialogueact238" starttime="408.55" endtime="408.61" type="b" original-type="b" channel="c1" participant="me013">
      <nite:child href="Bmr022.B.words.xml#id(Bmr022.w.2,037)..id(Bmr022.w.2,038)"/>
   </dialogueact>
   <dialogueact nite:id="Bmr022.B.dialogueact239" starttime="410.67" endtime="410.93" type="s^aa" adjacency="47b.48a" original-type="s^aa" channel="c1" participant="me013">
      <nite:child href="Bmr022.B.words.xml#id(Bmr022.w.2,071)..id(Bmr022.w.2,072)"/>
   </dialogueact>
   <dialogueact nite:id="Bmr022.B.dialogueact240" starttime="412.476" endtime="413.126" type="s^bd^df" original-type="s^bd^df" channel="c1" participant="me013">
      <nite:child href="Bmr022.B.words.xml#id(Bmr022.w.2,073)..id(Bmr022.w.2,079)"/>
   </dialogueact>
   <dialogueact nite:id="Bmr022.B.dialogueact244" starttime="416.16" endtime="416.36" type="b" original-type="b" channel="c1" participant="me013">
      <nite:child href="Bmr022.B.words.xml#id(Bmr022.w.2,104)..id(Bmr022.w.2,105)"/>
   </dialogueact>
   <dialogueact nite:id="Bmr022.B.dialogueact252" starttime="425.376" endtime="425.906" type="s^am" original-type="s^am" channel="c1" participant="me013">
      <nite:child href="Bmr022.B.words.xml#id(Bmr022.w.2,188)..id(Bmr022.w.2,191)"/>
   </dialogueact>
   <dialogueact nite:id="Bmr022.B.dialogueact257" starttime="434.42" endtime="435.18" type="s^ba" adjacency="52b-2" original-type="s^ba" channel="c1" participant="me013">
      <nite:child href="Bmr022.B.words.xml#id(Bmr022.w.2,216)..id(Bmr022.w.2,220)"/>
   </dialogueact>
   <dialogueact nite:id="Bmr022.B.dialogueact259" starttime="435.26" endtime="435.49" type="s^bk" adjacency="52b-2+" original-type="s^bk" channel="c1" participant="me013">
      <nite:child href="Bmr022.B.words.xml#id(Bmr022.w.2,221)..id(Bmr022.w.2,222)"/>
   </dialogueact>
   <dialogueact nite:id="Bmr022.B.dialogueact260" starttime="435.49" endtime="436.64" type="s^co" adjacency="52b-2++" original-type="s^co" channel="c1" participant="me013">
      <nite:child href="Bmr022.B.words.xml#id(Bmr022.w.2,223)..id(Bmr022.w.2,228)"/>
   </dialogueact>
   <dialogueact nite:id="Bmr022.B.dialogueact264" starttime="438.001" endtime="438.221" type="b" original-type="b" channel="c1" participant="me013">
      <nite:child href="Bmr022.B.words.xml#id(Bmr022.w.2,257)..id(Bmr022.w.2,258)"/>
   </dialogueact>
   <dialogueact nite:id="Bmr022.B.dialogueact267" starttime="440.284" endtime="440.584" type="b" original-type="b" channel="c1" participant="me013">
      <nite:child href="Bmr022.B.words.xml#id(Bmr022.w.2,261)..id(Bmr022.w.2,262)"/>
   </dialogueact>
   <dialogueact nite:id="Bmr022.B.dialogueact271" starttime="449.81" endtime="450.03" type="b" original-type="b" channel="c1" participant="me013">
      <nite:child href="Bmr022.B.words.xml#id(Bmr022.w.2,313)..id(Bmr022.w.2,314)"/>
   </dialogueact>
   <dialogueact nite:id="Bmr022.B.dialogueact279" starttime="465.636" endtime="466.156" type="s^ba" adjacency="57b.58a" original-type="s^ba" channel="c1" participant="me013">
      <nite:child href="Bmr022.B.words.xml#id(Bmr022.w.2,401)..id(Bmr022.w.2,403)"/>
   </dialogueact>
   <dialogueact nite:id="Bmr022.B.dialogueact280" starttime="466.326" endtime="466.596" type="b" original-type="b" channel="c1" participant="me013">
      <nite:child href="Bmr022.B.words.xml#id(Bmr022.w.2,404)..id(Bmr022.w.2,405)"/>
   </dialogueact>
   <dialogueact nite:id="Bmr022.B.dialogueact282" starttime="468.19" endtime="469.92" comment="&quot;no&quot; used in affirmation" type="s^aa|s" adjacency="59b.60a" original-type="s^aa|s" channel="c1" participant="me013">
      <nite:child href="Bmr022.B.words.xml#id(Bmr022.w.2,406)..id(Bmr022.w.2,417)"/>
   </dialogueact>
   <dialogueact nite:id="Bmr022.B.dialogueact283" starttime="469.92" endtime="477.939" type="s^df" adjacency="59b+.60a+" original-type="s^df" channel="c1" participant="me013">
      <nite:child href="Bmr022.B.words.xml#id(Bmr022.w.2,418)..id(Bmr022.w.2,453)"/>
   </dialogueact>
   <dialogueact nite:id="Bmr022.B.dialogueact284" starttime="477.939" endtime="479.119" type="s^e" adjacency="59b++.60a++" original-type="s^e" channel="c1" participant="me013">
      <nite:child href="Bmr022.B.words.xml#id(Bmr022.w.2,454)..id(Bmr022.w.2,460)"/>
   </dialogueact>
   <dialogueact nite:id="Bmr022.B.dialogueact286" starttime="479.119" endtime="479.459" type="fh" original-type="fh" channel="c1" participant="me013">
      <nite:child href="Bmr022.B.words.xml#id(Bmr022.w.2,461)..id(Bmr022.w.2,462)"/>
   </dialogueact>
   <dialogueact nite:id="Bmr022.B.dialogueact289" starttime="485.757" endtime="486.087" type="b" original-type="b" channel="c1" participant="me013">
      <nite:child href="Bmr022.B.words.xml#id(Bmr022.w.2,492)..id(Bmr022.w.2,493)"/>
   </dialogueact>
   <dialogueact nite:id="Bmr022.B.dialogueact297" starttime="502.51" endtime="502.76" type="s.%-" original-type="s.%-" channel="c1" participant="me013">
      <nite:child href="Bmr022.B.words.xml#id(Bmr022.w.2,584)..id(Bmr022.disfmarker.111)"/>
   </dialogueact>
   <dialogueact nite:id="Bmr022.B.dialogueact300" starttime="508.59" endtime="508.88" type="s^am" adjacency="62b-2.63a" original-type="s^am" channel="c1" participant="me013">
      <nite:child href="Bmr022.B.words.xml#id(Bmr022.w.2,598)..id(Bmr022.w.2,599)"/>
   </dialogueact>
   <dialogueact nite:id="Bmr022.B.dialogueact302" starttime="510.62" endtime="512.48" type="qw" adjacency="62b-2+.63a+" original-type="qw" channel="c1" participant="me013">
      <nite:child href="Bmr022.B.words.xml#id(Bmr022.w.2,600)..id(Bmr022.w.2,611)"/>
   </dialogueact>
   <dialogueact nite:id="Bmr022.B.dialogueact303" starttime="512.48" endtime="513.4" type="qw" adjacency="62b-2++.63a++" original-type="qw" channel="c1" participant="me013">
      <nite:child href="Bmr022.B.words.xml#id(Bmr022.w.2,612)..id(Bmr022.w.2,616)"/>
   </dialogueact>
   <dialogueact nite:id="Bmr022.B.dialogueact305" starttime="513.53" endtime="514.12" type="qw.%-" original-type="qw.%-" channel="c1" participant="me013">
      <nite:child href="Bmr022.B.words.xml#id(Bmr022.w.2,617)..id(Bmr022.disfmarker.112)"/>
   </dialogueact>
   <dialogueact nite:id="Bmr022.B.dialogueact336" starttime="575.593" endtime="575.903" type="b" original-type="b" channel="c1" participant="me013">
      <nite:child href="Bmr022.B.words.xml#id(Bmr022.w.2,953)..id(Bmr022.w.2,954)"/>
   </dialogueact>
   <dialogueact nite:id="Bmr022.B.dialogueact337" starttime="575.903" endtime="576.003" type="%-" original-type="%-" channel="c1" participant="me013">
      <nite:child href="Bmr022.B.words.xml#id(Bmr022.w.2,955)"/>
   </dialogueact>
   <dialogueact nite:id="Bmr022.B.dialogueact357" starttime="614.02" endtime="616.21" type="s.%--" adjacency="4b.5a" original-type="s.%--" channel="c1" participant="me013">
      <nite:child href="Bmr022.B.words.xml#id(Bmr022.w.3,119)..id(Bmr022.disfmarker.124)"/>
   </dialogueact>
   <dialogueact nite:id="Bmr022.B.dialogueact358" starttime="616.83" endtime="621.74" type="s" adjacency="5a+" original-type="s" channel="c1" participant="me013">
      <nite:child href="Bmr022.B.words.xml#id(Bmr022.w.3,130)..id(Bmr022.w.3,148)"/>
   </dialogueact>
   <dialogueact nite:id="Bmr022.B.dialogueact362" starttime="627.232" endtime="628.132" type="s^bu^ng" adjacency="6b" original-type="s^bu^ng" channel="c1" participant="me013">
      <nite:child href="Bmr022.B.words.xml#id(Bmr022.w.3,183)..id(Bmr022.w.3,188)"/>
   </dialogueact>
   <dialogueact nite:id="Bmr022.B.dialogueact363" starttime="628.132" endtime="628.442" type="qy^d^g^rt" adjacency="6b+" original-type="qy^d^g^rt" channel="c1" participant="me013">
      <nite:child href="Bmr022.B.words.xml#id(Bmr022.w.3,189)..id(Bmr022.w.3,190)"/>
   </dialogueact>
   <dialogueact nite:id="Bmr022.B.dialogueact376" starttime="647.77" endtime="648.99" type="s^na" adjacency="8b.9a" original-type="s^na" channel="c1" participant="me013">
      <nite:child href="Bmr022.B.words.xml#id(Bmr022.w.3,302)..id(Bmr022.w.3,310)"/>
   </dialogueact>
   <dialogueact nite:id="Bmr022.B.dialogueact392" starttime="668.216" endtime="670.796" type="s:s" original-type="s:s" channel="c1" participant="me013">
      <nite:child href="Bmr022.B.words.xml#id(Bmr022.w.3,420)..id(Bmr022.w.3,431)"/>
   </dialogueact>
   <dialogueact nite:id="Bmr022.B.dialogueact416" starttime="693.215" endtime="699.455" type="s^cs" adjacency="15a" original-type="s^cs" channel="c1" participant="me013">
      <nite:child href="Bmr022.B.words.xml#id(Bmr022.w.3,577)..id(Bmr022.w.3,604)"/>
   </dialogueact>
   <dialogueact nite:id="Bmr022.B.dialogueact447" starttime="742.37" endtime="743.08" type="%--" original-type="%--" channel="c1" participant="me013">
      <nite:child href="Bmr022.B.words.xml#id(Bmr022.w.3,833)..id(Bmr022.disfmarker.154)"/>
   </dialogueact>
   <dialogueact nite:id="Bmr022.B.dialogueact449" starttime="745.821" endtime="747.611" type="s^bu" adjacency="19a" original-type="s^bu" channel="c1" participant="me013">
      <nite:child href="Bmr022.B.words.xml#id(Bmr022.w.3,848)..id(Bmr022.w.3,860)"/>
   </dialogueact>
   <dialogueact nite:id="Bmr022.B.dialogueact451" starttime="747.791" endtime="749.221" type="s^bu.%-" adjacency="20a" original-type="s^bu.%-" channel="c1" participant="me013">
      <nite:child href="Bmr022.B.words.xml#id(Bmr022.w.3,861)..id(Bmr022.disfmarker.156)"/>
   </dialogueact>
   <dialogueact nite:id="Bmr022.B.dialogueact455" starttime="751.414" endtime="751.614" type="qw^br" adjacency="21b.22a" original-type="qw^br" channel="c1" participant="me013">
      <nite:child href="Bmr022.B.words.xml#id(Bmr022.w.3,894)..id(Bmr022.w.3,895)"/>
   </dialogueact>
   <dialogueact nite:id="Bmr022.B.dialogueact474" starttime="769.37" endtime="772.433" type="s" adjacency="26a" original-type="s" channel="c1" participant="me013">
      <nite:child href="Bmr022.B.words.xml#id(Bmr022.w.4,005)..id(Bmr022.w.4,030)"/>
   </dialogueact>
   <dialogueact nite:id="Bmr022.B.dialogueact478" starttime="774.07" endtime="774.29" type="s^aa" adjacency="27b.28a" original-type="s^aa" channel="c1" participant="me013">
      <nite:child href="Bmr022.B.words.xml#id(Bmr022.w.4,033)..id(Bmr022.w.4,034)"/>
   </dialogueact>
   <dialogueact nite:id="Bmr022.B.dialogueact482" starttime="776.041" endtime="776.331" type="fh" original-type="fh" channel="c1" participant="me013">
      <nite:child href="Bmr022.B.words.xml#id(Bmr022.w.4,047)"/>
   </dialogueact>
   <dialogueact nite:id="Bmr022.B.dialogueact488" starttime="785.4" endtime="786.55" type="fg|%-" original-type="fg|%-" channel="c1" participant="me013">
      <nite:child href="Bmr022.B.words.xml#id(Bmr022.w.4,091)..id(Bmr022.w.4,096)"/>
   </dialogueact>
   <dialogueact nite:id="Bmr022.B.dialogueact494" starttime="790.94" endtime="791.15" type="%-" original-type="%-" channel="c1" participant="me013">
      <nite:child href="Bmr022.B.words.xml#id(Bmr022.w.4,126)..id(Bmr022.disfmarker.164)"/>
   </dialogueact>
   <dialogueact nite:id="Bmr022.B.dialogueact497" starttime="793.94" endtime="797.38" type="fg|s" original-type="fg|s" channel="c1" participant="me013">
      <nite:child href="Bmr022.B.words.xml#id(Bmr022.w.4,147)..id(Bmr022.w.4,175)"/>
   </dialogueact>
   <dialogueact nite:id="Bmr022.B.dialogueact498" starttime="797.38" endtime="801.713" type="s" original-type="s" channel="c1" participant="me013">
      <nite:child href="Bmr022.B.words.xml#id(Bmr022.w.4,176)..id(Bmr022.w.4,196)"/>
   </dialogueact>
   <dialogueact nite:id="Bmr022.B.dialogueact499" starttime="802.163" endtime="806.683" type="s" original-type="s" channel="c1" participant="me013">
      <nite:child href="Bmr022.B.words.xml#id(Bmr022.w.4,197)..id(Bmr022.w.4,222)"/>
   </dialogueact>
   <dialogueact nite:id="Bmr022.B.dialogueact500" starttime="806.683" endtime="807.333" type="s.%--" original-type="s.%--" channel="c1" participant="me013">
      <nite:child href="Bmr022.B.words.xml#id(Bmr022.w.4,223)..id(Bmr022.disfmarker.170)"/>
   </dialogueact>
   <dialogueact nite:id="Bmr022.B.dialogueact502" starttime="807.91" endtime="810.52" type="s" adjacency="30a" original-type="s" channel="c1" participant="me013">
      <nite:child href="Bmr022.B.words.xml#id(Bmr022.w.4,229)..id(Bmr022.w.4,245)"/>
   </dialogueact>
   <dialogueact nite:id="Bmr022.B.dialogueact503" starttime="810.58" endtime="814.952" type="s" adjacency="30a+" original-type="s" channel="c1" participant="me013">
      <nite:child href="Bmr022.B.words.xml#id(Bmr022.w.4,246)..id(Bmr022.w.4,264)"/>
   </dialogueact>
   <dialogueact nite:id="Bmr022.B.dialogueact504" starttime="814.952" endtime="818.022" type="s" adjacency="30a++" original-type="s" channel="c1" participant="me013">
      <nite:child href="Bmr022.B.words.xml#id(Bmr022.w.4,265)..id(Bmr022.w.4,280)"/>
   </dialogueact>
   <dialogueact nite:id="Bmr022.B.dialogueact506" starttime="818.488" endtime="819.748" type="s" original-type="s" channel="c1" participant="me013">
      <nite:child href="Bmr022.B.words.xml#id(Bmr022.w.4,285)..id(Bmr022.w.4,293)"/>
   </dialogueact>
   <dialogueact nite:id="Bmr022.B.dialogueact577" starttime="941.665" endtime="941.915" type="b" original-type="b" channel="c1" participant="me013">
      <nite:child href="Bmr022.B.words.xml#id(Bmr022.w.4,899)..id(Bmr022.w.4,900)"/>
   </dialogueact>
   <dialogueact nite:id="Bmr022.B.dialogueact579" starttime="943.18" endtime="944.56" type="fg|s.%-" original-type="fg|s.%-" channel="c1" participant="me013">
      <nite:child href="Bmr022.B.words.xml#id(Bmr022.w.4,908)..id(Bmr022.w.4,916)"/>
   </dialogueact>
   <dialogueact nite:id="Bmr022.B.dialogueact585" starttime="949.41" endtime="952.84" type="s" original-type="s" channel="c1" participant="me013">
      <nite:child href="Bmr022.B.words.xml#id(Bmr022.w.4,940)..id(Bmr022.w.4,962)"/>
   </dialogueact>
   <dialogueact nite:id="Bmr022.B.dialogueact588" starttime="952.84" endtime="953.26" type="fh" original-type="fh" channel="c1" participant="me013">
      <nite:child href="Bmr022.B.words.xml#id(Bmr022.w.4,963)..id(Bmr022.disfmarker.202)"/>
   </dialogueact>
   <dialogueact nite:id="Bmr022.B.dialogueact589" starttime="953.87" endtime="956.99" type="s.%-" adjacency="36a" original-type="s.%-" channel="c1" participant="me013">
      <nite:child href="Bmr022.B.words.xml#id(Bmr022.w.4,979)..id(Bmr022.disfmarker.204)"/>
   </dialogueact>
   <dialogueact nite:id="Bmr022.B.dialogueact621" starttime="1017.91" endtime="1018.39" type="b" original-type="b" channel="c1" participant="me013">
      <nite:child href="Bmr022.B.words.xml#id(Bmr022.w.5,317)..id(Bmr022.w.5,318)"/>
   </dialogueact>
   <dialogueact nite:id="Bmr022.B.dialogueact674" starttime="1142.65" endtime="1151.27" type="fg|s" adjacency="51a" original-type="fg|s" channel="c1" participant="me013">
      <nite:child href="Bmr022.B.words.xml#id(Bmr022.w.5,872)..id(Bmr022.w.5,911)"/>
   </dialogueact>
   <dialogueact nite:id="Bmr022.B.dialogueact676" starttime="1152.3" endtime="1155.63" type="s^df.%-" original-type="s^df.%-" channel="c1" participant="me013">
      <nite:child href="Bmr022.B.words.xml#id(Bmr022.w.5,916)..id(Bmr022.w.5,927)"/>
   </dialogueact>
   <dialogueact nite:id="Bmr022.B.dialogueact685" starttime="1166.19" endtime="1167.55" type="s^df" original-type="s^df" channel="c1" participant="me013">
      <nite:child href="Bmr022.B.words.xml#id(Bmr022.w.5,987)..id(Bmr022.w.5,997)"/>
   </dialogueact>
   <dialogueact nite:id="Bmr022.B.dialogueact686" starttime="1167.55" endtime="1173.3" type="s" adjacency="52a" original-type="s" channel="c1" participant="me013">
      <nite:child href="Bmr022.B.words.xml#id(Bmr022.w.5,998)..id(Bmr022.w.6,036)"/>
   </dialogueact>
   <dialogueact nite:id="Bmr022.B.dialogueact692" starttime="1174.68" endtime="1177.94" type="s" original-type="s" channel="c1" participant="me013">
      <nite:child href="Bmr022.B.words.xml#id(Bmr022.w.6,050)..id(Bmr022.w.6,073)"/>
   </dialogueact>
   <dialogueact nite:id="Bmr022.B.dialogueact758" starttime="1305.12" endtime="1305.75" type="qw^rt" adjacency="12b-2" original-type="qw^rt" channel="c1" participant="me013">
      <nite:child href="Bmr022.B.words.xml#id(Bmr022.w.6,572)..id(Bmr022.w.6,576)"/>
   </dialogueact>
   <dialogueact nite:id="Bmr022.B.dialogueact760" starttime="1305.97" endtime="1306.41" type="s^bu.%-" adjacency="12b-2+.14a" original-type="s^bu.%-" channel="c1" participant="me013">
      <nite:child href="Bmr022.B.words.xml#id(Bmr022.w.6,577)..id(Bmr022.disfmarker.284)"/>
   </dialogueact>
   <dialogueact nite:id="Bmr022.B.dialogueact762" starttime="1307.33" endtime="1307.76" type="s^bk" adjacency="15b" original-type="s^bk" channel="c1" participant="me013">
      <nite:child href="Bmr022.B.words.xml#id(Bmr022.w.6,601)..id(Bmr022.w.6,604)"/>
   </dialogueact>
   <dialogueact nite:id="Bmr022.B.dialogueact779" starttime="1351.03" endtime="1357.72" type="s" adjacency="19b.20a" original-type="s" channel="c1" participant="me013">
      <nite:child href="Bmr022.B.words.xml#id(Bmr022.w.6,794)..id(Bmr022.w.6,822)"/>
   </dialogueact>
   <dialogueact nite:id="Bmr022.B.dialogueact780" starttime="1357.72" endtime="1359.75" type="s.%--" adjacency="19b+.20a+" original-type="s.%--" channel="c1" participant="me013">
      <nite:child href="Bmr022.B.words.xml#id(Bmr022.w.6,823)..id(Bmr022.disfmarker.294)"/>
   </dialogueact>
   <dialogueact nite:id="Bmr022.B.dialogueact782" starttime="1361.24" endtime="1361.81" type="fh" original-type="fh" channel="c1" participant="me013">
      <nite:child href="Bmr022.B.words.xml#id(Bmr022.w.6,836)..id(Bmr022.disfmarker.295)"/>
   </dialogueact>
   <dialogueact nite:id="Bmr022.B.dialogueact783" starttime="1362.67" endtime="1366.96" type="s^df" original-type="s^df" channel="c1" participant="me013">
      <nite:child href="Bmr022.B.words.xml#id(Bmr022.w.6,837)..id(Bmr022.w.6,853)"/>
   </dialogueact>
   <dialogueact nite:id="Bmr022.B.dialogueact784" starttime="1366.96" endtime="1371.05" type="s^df^e" original-type="s^df^e" channel="c1" participant="me013">
      <nite:child href="Bmr022.B.words.xml#id(Bmr022.w.6,854)..id(Bmr022.w.6,869)"/>
   </dialogueact>
   <dialogueact nite:id="Bmr022.B.dialogueact786" starttime="1371.69" endtime="1372.46" type="fh" original-type="fh" channel="c1" participant="me013">
      <nite:child href="Bmr022.B.words.xml#id(Bmr022.w.6,872)..id(Bmr022.disfmarker.297)"/>
   </dialogueact>
   <dialogueact nite:id="Bmr022.B.dialogueact787" starttime="1373.31" endtime="1374.34" type="s.%--" original-type="s.%--" channel="c1" participant="me013">
      <nite:child href="Bmr022.B.words.xml#id(Bmr022.w.6,873)..id(Bmr022.disfmarker.299)"/>
   </dialogueact>
   <dialogueact nite:id="Bmr022.B.dialogueact788" starttime="1374.54" endtime="1377.0" type="s" original-type="s" channel="c1" participant="me013">
      <nite:child href="Bmr022.B.words.xml#id(Bmr022.w.6,877)..id(Bmr022.w.6,891)"/>
   </dialogueact>
   <dialogueact nite:id="Bmr022.B.dialogueact790" starttime="1377.0" endtime="1379.61" type="s" original-type="s" channel="c1" participant="me013">
      <nite:child href="Bmr022.B.words.xml#id(Bmr022.w.6,892)..id(Bmr022.w.6,905)"/>
   </dialogueact>
   <dialogueact nite:id="Bmr022.B.dialogueact791" starttime="1379.64" endtime="1379.82" type="fh" original-type="fh" channel="c1" participant="me013">
      <nite:child href="Bmr022.B.words.xml#id(Bmr022.w.6,906)"/>
   </dialogueact>
   <dialogueact nite:id="Bmr022.B.dialogueact792" starttime="1379.98" endtime="1383.74" type="s" adjacency="21a" original-type="s" channel="c1" participant="me013">
      <nite:child href="Bmr022.B.words.xml#id(Bmr022.w.6,911)..id(Bmr022.w.6,925)"/>
   </dialogueact>
   <dialogueact nite:id="Bmr022.B.dialogueact798" starttime="1390.68" endtime="1391.24" type="b" original-type="b" channel="c1" participant="me013">
      <nite:child href="Bmr022.B.words.xml#id(Bmr022.w.6,969)..id(Bmr022.w.6,972)"/>
   </dialogueact>
   <dialogueact nite:id="Bmr022.B.dialogueact800" starttime="1393.29" endtime="1395.09" type="fg|s^ba" adjacency="22b.23a" original-type="fg|s^ba" channel="c1" participant="me013">
      <nite:child href="Bmr022.B.words.xml#id(Bmr022.w.6,989)..id(Bmr022.w.7,001)"/>
   </dialogueact>
   <dialogueact nite:id="Bmr022.B.dialogueact802" starttime="1395.35" endtime="1395.6" type="fh" original-type="fh" channel="c1" participant="me013">
      <nite:child href="Bmr022.B.words.xml#id(Bmr022.w.7,007)..id(Bmr022.disfmarker.308)"/>
   </dialogueact>
   <dialogueact nite:id="Bmr022.B.dialogueact804" starttime="1395.73" endtime="1396.03" type="s^aa" adjacency="24b" original-type="s^aa" channel="c1" participant="me013">
      <nite:child href="Bmr022.B.words.xml#id(Bmr022.w.7,008)..id(Bmr022.w.7,009)"/>
   </dialogueact>
   <dialogueact nite:id="Bmr022.B.dialogueact806" starttime="1396.39" endtime="1397.22" type="s" original-type="s" channel="c1" participant="me013">
      <nite:child href="Bmr022.B.words.xml#id(Bmr022.w.7,018)..id(Bmr022.w.7,022)"/>
   </dialogueact>
   <dialogueact nite:id="Bmr022.B.dialogueact807" starttime="1397.22" endtime="1397.36" type="fh" original-type="fh" channel="c1" participant="me013">
      <nite:child href="Bmr022.B.words.xml#id(Bmr022.w.7,023)..id(Bmr022.disfmarker.309)"/>
   </dialogueact>
   <dialogueact nite:id="Bmr022.B.dialogueact834" starttime="1431.13" endtime="1434.36" type="fg|s" original-type="fg|s" channel="c1" participant="me013">
      <nite:child href="Bmr022.B.words.xml#id(Bmr022.w.7,188)..id(Bmr022.w.7,204)"/>
   </dialogueact>
   <dialogueact nite:id="Bmr022.B.dialogueact835" starttime="1434.37" endtime="1436.58" type="s" original-type="s" channel="c1" participant="me013">
      <nite:child href="Bmr022.B.words.xml#id(Bmr022.w.7,205)..id(Bmr022.w.7,216)"/>
   </dialogueact>
   <dialogueact nite:id="Bmr022.B.dialogueact836" starttime="1438.35" endtime="1445.18" type="s" original-type="s" channel="c1" participant="me013">
      <nite:child href="Bmr022.B.words.xml#id(Bmr022.w.7,219)..id(Bmr022.w.7,250)"/>
   </dialogueact>
   <dialogueact nite:id="Bmr022.B.dialogueact838" starttime="1445.18" endtime="1454.42" type="s.%--" adjacency="31a" original-type="s.%--" channel="c1" participant="me013">
      <nite:child href="Bmr022.B.words.xml#id(Bmr022.w.7,251)..id(Bmr022.disfmarker.324)"/>
   </dialogueact>
   <dialogueact nite:id="Bmr022.B.dialogueact840" starttime="1455.09" endtime="1456.25" type="s^ba" adjacency="31a+" original-type="s^ba" channel="c1" participant="me013">
      <nite:child href="Bmr022.B.words.xml#id(Bmr022.w.7,289)..id(Bmr022.w.7,298)"/>
   </dialogueact>
   <dialogueact nite:id="Bmr022.B.dialogueact843" starttime="1460.28" endtime="1460.48" type="s^aa" adjacency="32b-1" original-type="s^aa" channel="c1" participant="me013">
      <nite:child href="Bmr022.B.words.xml#id(Bmr022.w.7,318)..id(Bmr022.w.7,319)"/>
   </dialogueact>
   <dialogueact nite:id="Bmr022.B.dialogueact846" starttime="1464.1" endtime="1464.31" type="s^bk" adjacency="33b-1" original-type="s^bk" channel="c1" participant="me013">
      <nite:child href="Bmr022.B.words.xml#id(Bmr022.w.7,340)..id(Bmr022.w.7,341)"/>
   </dialogueact>
   <dialogueact nite:id="Bmr022.B.dialogueact849" starttime="1466.09" endtime="1466.37" type="s^aa" adjacency="34b.35a" original-type="s^aa" channel="c1" participant="me013">
      <nite:child href="Bmr022.B.words.xml#id(Bmr022.w.7,356)..id(Bmr022.w.7,357)"/>
   </dialogueact>
   <dialogueact nite:id="Bmr022.B.dialogueact855" starttime="1474.74" endtime="1476.48" type="s^bk^m" adjacency="36b" original-type="s^bk^m" channel="c1" participant="me013">
      <nite:child href="Bmr022.B.words.xml#id(Bmr022.w.7,392)..id(Bmr022.w.7,397)"/>
   </dialogueact>
   <dialogueact nite:id="Bmr022.B.dialogueact856" starttime="1477.03" endtime="1478.52" type="qy^bu^d^rt" adjacency="36b+.37a" original-type="qy^bu^d^rt" channel="c1" participant="me013">
      <nite:child href="Bmr022.B.words.xml#id(Bmr022.w.7,398)..id(Bmr022.w.7,403)"/>
   </dialogueact>
   <dialogueact nite:id="Bmr022.B.dialogueact857" starttime="1478.52" endtime="1479.08" type="qrr.%-" adjacency="36b++" original-type="qrr.%-" channel="c1" participant="me013">
      <nite:child href="Bmr022.B.words.xml#id(Bmr022.w.7,404)..id(Bmr022.disfmarker.329)"/>
   </dialogueact>
   <dialogueact nite:id="Bmr022.B.dialogueact860" starttime="1484.64" endtime="1486.74" type="s^bk|s" adjacency="38b.39a" original-type="s^bk|s" channel="c1" participant="me013">
      <nite:child href="Bmr022.B.words.xml#id(Bmr022.w.7,431)..id(Bmr022.w.7,443)"/>
   </dialogueact>
   <dialogueact nite:id="Bmr022.B.dialogueact863" starttime="1486.74" endtime="1487.59" type="s^aa" adjacency="39b.40a" original-type="s^aa" channel="c1" participant="me013">
      <nite:child href="Bmr022.B.words.xml#id(Bmr022.w.7,444)..id(Bmr022.w.7,447)"/>
   </dialogueact>
   <dialogueact nite:id="Bmr022.B.dialogueact865" starttime="1488.91" endtime="1489.12" type="s^bk" original-type="s^bk" channel="c1" participant="me013">
      <nite:child href="Bmr022.B.words.xml#id(Bmr022.w.7,455)..id(Bmr022.w.7,456)"/>
   </dialogueact>
   <dialogueact nite:id="Bmr022.B.dialogueact866" starttime="1489.37" endtime="1496.83" type="s^df" adjacency="41a" original-type="s^df" channel="c1" participant="me013">
      <nite:child href="Bmr022.B.words.xml#id(Bmr022.w.7,457)..id(Bmr022.w.7,492)"/>
   </dialogueact>
   <dialogueact nite:id="Bmr022.B.dialogueact869" starttime="1496.83" endtime="1497.14" type="qy^d^g^rt" adjacency="41a+" original-type="qy^d^g^rt" channel="c1" participant="me013">
      <nite:child href="Bmr022.B.words.xml#id(Bmr022.w.7,493)..id(Bmr022.w.7,494)"/>
   </dialogueact>
   <dialogueact nite:id="Bmr022.B.dialogueact870" starttime="1497.14" endtime="1500.91" type="s.%--" original-type="s.%--" channel="c1" participant="me013">
      <nite:child href="Bmr022.B.words.xml#id(Bmr022.w.7,495)..id(Bmr022.w.7,523)"/>
   </dialogueact>
   <dialogueact nite:id="Bmr022.B.dialogueact871" starttime="1501.0" endtime="1502.86" type="s.%-" original-type="s.%-" channel="c1" participant="me013">
      <nite:child href="Bmr022.B.words.xml#id(Bmr022.w.7,524)..id(Bmr022.disfmarker.335)"/>
   </dialogueact>
   <dialogueact nite:id="Bmr022.B.dialogueact873" starttime="1503.68" endtime="1506.6" type="fg|s.%--" original-type="fg|s.%--" channel="c1" participant="me013">
      <nite:child href="Bmr022.B.words.xml#id(Bmr022.w.7,537)..id(Bmr022.disfmarker.336)"/>
   </dialogueact>
   <dialogueact nite:id="Bmr022.B.dialogueact877" starttime="1506.71" endtime="1507.35" type="s.%--" original-type="s.%--" channel="c1" participant="me013">
      <nite:child href="Bmr022.B.words.xml#id(Bmr022.w.7,552)..id(Bmr022.disfmarker.337)"/>
   </dialogueact>
   <dialogueact nite:id="Bmr022.B.dialogueact879" starttime="1508.7" endtime="1509.12" type="b" original-type="b" channel="c1" participant="me013">
      <nite:child href="Bmr022.B.words.xml#id(Bmr022.w.7,586)..id(Bmr022.w.7,587)"/>
   </dialogueact>
   <dialogueact nite:id="Bmr022.B.dialogueact881" starttime="1512.79" endtime="1513.64" type="s" adjacency="44b.45a" original-type="s" channel="c1" participant="me013">
      <nite:child href="Bmr022.B.words.xml#id(Bmr022.w.7,597)..id(Bmr022.w.7,600)"/>
   </dialogueact>
   <dialogueact nite:id="Bmr022.B.dialogueact882" starttime="1513.64" endtime="1513.97" type="s^bk" original-type="s^bk" channel="c1" participant="me013">
      <nite:child href="Bmr022.B.words.xml#id(Bmr022.w.7,601)..id(Bmr022.w.7,602)"/>
   </dialogueact>
   <dialogueact nite:id="Bmr022.B.dialogueact885" starttime="1514.53" endtime="1515.19" type="s^bk" adjacency="46b" original-type="s^bk" channel="c1" participant="me013">
      <nite:child href="Bmr022.B.words.xml#id(Bmr022.w.7,609)..id(Bmr022.w.7,612)"/>
   </dialogueact>
   <dialogueact nite:id="Bmr022.B.dialogueact895" starttime="1542.12" endtime="1543.89" type="qy^bu^rt" adjacency="47b.48a" original-type="qy^bu^rt" channel="c1" participant="me013">
      <nite:child href="Bmr022.B.words.xml#id(Bmr022.w.7,716)..id(Bmr022.w.7,730)"/>
   </dialogueact>
   <dialogueact nite:id="Bmr022.B.dialogueact897" starttime="1543.89" endtime="1544.17" type="qrr.%--" original-type="qrr.%--" channel="c1" participant="me013">
      <nite:child href="Bmr022.B.words.xml#id(Bmr022.w.7,731)..id(Bmr022.disfmarker.341)"/>
   </dialogueact>
   <dialogueact nite:id="Bmr022.B.dialogueact900" starttime="1547.26" endtime="1548.23" type="s^bk|s" adjacency="49b" original-type="s^bk|s" channel="c1" participant="me013">
      <nite:child href="Bmr022.B.words.xml#id(Bmr022.w.7,755)..id(Bmr022.w.7,763)"/>
   </dialogueact>
   <dialogueact nite:id="Bmr022.B.dialogueact901" starttime="1548.23" endtime="1548.93" type="qw" adjacency="49b+.50a" original-type="qw" channel="c1" participant="me013">
      <nite:child href="Bmr022.B.words.xml#id(Bmr022.w.7,764)..id(Bmr022.w.7,769)"/>
   </dialogueact>
   <dialogueact nite:id="Bmr022.B.dialogueact906" starttime="1552.67" endtime="1553.67" type="%-" original-type="%-" channel="c1" participant="me013">
      <nite:child href="Bmr022.B.words.xml#id(Bmr022.w.7,811)..id(Bmr022.disfmarker.346)"/>
   </dialogueact>
   <dialogueact nite:id="Bmr022.B.dialogueact910" starttime="1555.62" endtime="1556.89" type="s^bk|qy^bu^d^rt" adjacency="51b.52a" original-type="s^bk|qy^bu^d^rt" channel="c1" participant="me013">
      <nite:child href="Bmr022.B.words.xml#id(Bmr022.w.7,816)..id(Bmr022.w.7,822)"/>
   </dialogueact>
   <dialogueact nite:id="Bmr022.B.dialogueact914" starttime="1556.89" endtime="1557.39" type="qrr.%--" original-type="qrr.%--" channel="c1" participant="me013">
      <nite:child href="Bmr022.B.words.xml#id(Bmr022.w.7,823)..id(Bmr022.disfmarker.348)"/>
   </dialogueact>
   <dialogueact nite:id="Bmr022.B.dialogueact918" starttime="1558.97" endtime="1559.91" type="s" original-type="s" channel="c1" participant="me013">
      <nite:child href="Bmr022.B.words.xml#id(Bmr022.w.7,859)..id(Bmr022.w.7,866)"/>
   </dialogueact>
   <dialogueact nite:id="Bmr022.B.dialogueact922" starttime="1563.47" endtime="1565.03" type="qw" adjacency="53a" original-type="qw" channel="c1" participant="me013">
      <nite:child href="Bmr022.B.words.xml#id(Bmr022.w.7,892)..id(Bmr022.w.7,901)"/>
   </dialogueact>
   <dialogueact nite:id="Bmr022.B.dialogueact924" starttime="1565.03" endtime="1565.52" type="qw^e.%--" adjacency="53a+" original-type="qw^e.%--" channel="c1" participant="me013">
      <nite:child href="Bmr022.B.words.xml#id(Bmr022.w.7,902)..id(Bmr022.disfmarker.354)"/>
   </dialogueact>
   <dialogueact nite:id="Bmr022.B.dialogueact926" starttime="1568.71" endtime="1570.03" type="s^bk|s^bk^m" adjacency="54b" original-type="s^bk|s^bk^m" channel="c1" participant="me013">
      <nite:child href="Bmr022.B.words.xml#id(Bmr022.w.7,916)..id(Bmr022.disfmarker.356)"/>
   </dialogueact>
   <dialogueact nite:id="Bmr022.B.dialogueact929" starttime="1573.74" endtime="1574.01" type="x" original-type="x" channel="c1" participant="me013">
      <nite:child href="Bmr022.B.words.xml#id(Bmr022.w.7,956)..id(Bmr022.w.7,957)"/>
   </dialogueact>
   <dialogueact nite:id="Bmr022.B.dialogueact933" starttime="1576.95" endtime="1577.78" type="fg|s" adjacency="55b-2" original-type="fg|s" channel="c1" participant="me013">
      <nite:child href="Bmr022.B.words.xml#id(Bmr022.w.7,970)..id(Bmr022.w.7,976)"/>
   </dialogueact>
   <dialogueact nite:id="Bmr022.B.dialogueact934" starttime="1577.78" endtime="1578.15" type="s^bk" original-type="s^bk" channel="c1" participant="me013">
      <nite:child href="Bmr022.B.words.xml#id(Bmr022.w.7,977)..id(Bmr022.w.7,978)"/>
   </dialogueact>
   <dialogueact nite:id="Bmr022.B.dialogueact941" starttime="1582.13" endtime="1582.48" type="b" original-type="b" channel="c1" participant="me013">
      <nite:child href="Bmr022.B.words.xml#id(Bmr022.w.8,015)..id(Bmr022.w.8,016)"/>
   </dialogueact>
   <dialogueact nite:id="Bmr022.B.dialogueact948" starttime="1592.76" endtime="1593.27" type="%-" original-type="%-" channel="c1" participant="me013">
      <nite:child href="Bmr022.B.words.xml#id(Bmr022.w.8,071)..id(Bmr022.disfmarker.364)"/>
   </dialogueact>
   <dialogueact nite:id="Bmr022.B.dialogueact950" starttime="1594.08" endtime="1594.76" type="qw^rt" original-type="qw^rt" channel="c1" participant="me013">
      <nite:child href="Bmr022.B.words.xml#id(Bmr022.w.8,076)..id(Bmr022.w.8,081)"/>
   </dialogueact>
   <dialogueact nite:id="Bmr022.B.dialogueact958" starttime="1603.01" endtime="1603.51" type="s^bk|s^fa" original-type="s^bk|s^fa" channel="c1" participant="me013">
      <nite:child href="Bmr022.B.words.xml#id(Bmr022.w.8,127)..id(Bmr022.w.8,132)"/>
   </dialogueact>
   <dialogueact nite:id="Bmr022.B.dialogueact959" starttime="1603.51" endtime="1606.2" type="s^bu" adjacency="58b.59a" original-type="s^bu" channel="c1" participant="me013">
      <nite:child href="Bmr022.B.words.xml#id(Bmr022.w.8,133)..id(Bmr022.w.8,147)"/>
   </dialogueact>
   <dialogueact nite:id="Bmr022.B.dialogueact963" starttime="1606.38" endtime="1606.63" type="qy^d^g^rt" adjacency="58b+.59a+" original-type="qy^d^g^rt" channel="c1" participant="me013">
      <nite:child href="Bmr022.B.words.xml#id(Bmr022.w.8,148)..id(Bmr022.w.8,149)"/>
   </dialogueact>
   <dialogueact nite:id="Bmr022.B.dialogueact968" starttime="1614.59" endtime="1616.01" type="s^aap|s^aa" adjacency="61b" original-type="s^aap|s^aa" channel="c1" participant="me013">
      <nite:child href="Bmr022.B.words.xml#id(Bmr022.w.8,203)..id(Bmr022.w.8,210)"/>
   </dialogueact>
   <dialogueact nite:id="Bmr022.B.dialogueact985" starttime="1638.42" endtime="1638.68" type="s^bk" adjacency="64b" original-type="s^bk" channel="c1" participant="me013">
      <nite:child href="Bmr022.B.words.xml#id(Bmr022.w.8,341)..id(Bmr022.w.8,342)"/>
   </dialogueact>
   <dialogueact nite:id="Bmr022.B.dialogueact989" starttime="1639.88" endtime="1640.77" type="s.%-" original-type="s.%-" channel="c1" participant="me013">
      <nite:child href="Bmr022.B.words.xml#id(Bmr022.w.8,361)..id(Bmr022.w.8,367)"/>
   </dialogueact>
   <dialogueact nite:id="Bmr022.B.dialogueact990" starttime="1643.1" endtime="1651.94" type="s" original-type="s" channel="c1" participant="me013">
      <nite:child href="Bmr022.B.words.xml#id(Bmr022.w.8,368)..id(Bmr022.w.8,400)"/>
   </dialogueact>
   <dialogueact nite:id="Bmr022.B.dialogueact992" starttime="1652.55" endtime="1654.22" type="s^e" original-type="s^e" channel="c1" participant="me013">
      <nite:child href="Bmr022.B.words.xml#id(Bmr022.w.8,403)..id(Bmr022.w.8,411)"/>
   </dialogueact>
   <dialogueact nite:id="Bmr022.B.dialogueact993" starttime="1654.75" endtime="1660.47" type="s" original-type="s" channel="c1" participant="me013">
      <nite:child href="Bmr022.B.words.xml#id(Bmr022.w.8,412)..id(Bmr022.w.8,433)"/>
   </dialogueact>
   <dialogueact nite:id="Bmr022.B.dialogueact995" starttime="1660.69" endtime="1661.24" type="fh" original-type="fh" channel="c1" participant="me013">
      <nite:child href="Bmr022.B.words.xml#id(Bmr022.w.8,434)..id(Bmr022.w.8,435)"/>
   </dialogueact>
   <dialogueact nite:id="Bmr022.B.dialogueact996" starttime="1661.52" endtime="1663.79" type="s" adjacency="65a" original-type="s" channel="c1" participant="me013">
      <nite:child href="Bmr022.B.words.xml#id(Bmr022.w.8,436)..id(Bmr022.w.8,448)"/>
   </dialogueact>
   <dialogueact nite:id="Bmr022.B.dialogueact997" starttime="1664.44" endtime="1670.34" type="s" adjacency="65a+" original-type="s" channel="c1" participant="me013">
      <nite:child href="Bmr022.B.words.xml#id(Bmr022.w.8,449)..id(Bmr022.w.8,475)"/>
   </dialogueact>
   <dialogueact nite:id="Bmr022.B.dialogueact998" starttime="1670.51" endtime="1672.94" type="s" adjacency="65a++" original-type="s" channel="c1" participant="me013">
      <nite:child href="Bmr022.B.words.xml#id(Bmr022.w.8,476)..id(Bmr022.w.8,491)"/>
   </dialogueact>
   <dialogueact nite:id="Bmr022.B.dialogueact999" starttime="1672.94" endtime="1674.38" type="s" adjacency="65a+++" original-type="s" channel="c1" participant="me013">
      <nite:child href="Bmr022.B.words.xml#id(Bmr022.w.8,492)..id(Bmr022.w.8,501)"/>
   </dialogueact>
   <dialogueact nite:id="Bmr022.B.dialogueact1000" starttime="1674.38" endtime="1678.24" type="s^e" adjacency="65a++++" original-type="s^e" channel="c1" participant="me013">
      <nite:child href="Bmr022.B.words.xml#id(Bmr022.w.8,502)..id(Bmr022.w.8,512)"/>
   </dialogueact>
   <dialogueact nite:id="Bmr022.B.dialogueact1001" starttime="1678.24" endtime="1678.49" type="fh" original-type="fh" channel="c1" participant="me013">
      <nite:child href="Bmr022.B.words.xml#id(Bmr022.w.8,513)..id(Bmr022.disfmarker.375)"/>
   </dialogueact>
   <dialogueact nite:id="Bmr022.B.dialogueact1006" starttime="1683.96" endtime="1693.53" type="s^ar|s" adjacency="66b.67a" original-type="s^ar|s" channel="c1" participant="me013">
      <nite:child href="Bmr022.B.words.xml#id(Bmr022.w.8,545)..id(Bmr022.w.8,585)"/>
   </dialogueact>
   <dialogueact nite:id="Bmr022.B.dialogueact1009" starttime="1693.61" endtime="1698.06" type="s" adjacency="68a" original-type="s" channel="c1" participant="me013">
      <nite:child href="Bmr022.B.words.xml#id(Bmr022.w.8,586)..id(Bmr022.w.8,597)"/>
   </dialogueact>
   <dialogueact nite:id="Bmr022.B.dialogueact1010" starttime="1698.06" endtime="1699.53" type="s" adjacency="68a+" original-type="s" channel="c1" participant="me013">
      <nite:child href="Bmr022.B.words.xml#id(Bmr022.w.8,598)..id(Bmr022.w.8,605)"/>
   </dialogueact>
   <dialogueact nite:id="Bmr022.B.dialogueact1012" starttime="1701.77" endtime="1714.99" type="s" original-type="s" channel="c1" participant="me013">
      <nite:child href="Bmr022.B.words.xml#id(Bmr022.w.8,611)..id(Bmr022.w.8,667)"/>
   </dialogueact>
   <dialogueact nite:id="Bmr022.B.dialogueact1013" starttime="1714.99" endtime="1717.64" type="s" original-type="s" channel="c1" participant="me013">
      <nite:child href="Bmr022.B.words.xml#id(Bmr022.w.8,668)..id(Bmr022.w.8,679)"/>
   </dialogueact>
   <dialogueact nite:id="Bmr022.B.dialogueact1014" starttime="1718.56" endtime="1720.55" type="s" original-type="s" channel="c1" participant="me013">
      <nite:child href="Bmr022.B.words.xml#id(Bmr022.w.8,680)..id(Bmr022.w.8,690)"/>
   </dialogueact>
   <dialogueact nite:id="Bmr022.B.dialogueact1015" starttime="1720.55" endtime="1722.76" type="qh" adjacency="69a" original-type="qh" channel="c1" participant="me013">
      <nite:child href="Bmr022.B.words.xml#id(Bmr022.w.8,691)..id(Bmr022.w.8,703)"/>
   </dialogueact>
   <dialogueact nite:id="Bmr022.B.dialogueact1016" starttime="1722.76" endtime="1726.52" type="qh" adjacency="69a+" original-type="qh" channel="c1" participant="me013">
      <nite:child href="Bmr022.B.words.xml#id(Bmr022.w.8,704)..id(Bmr022.w.8,715)"/>
   </dialogueact>
   <dialogueact nite:id="Bmr022.B.dialogueact1017" starttime="1726.52" endtime="1731.86" type="qh" adjacency="69a++" original-type="qh" channel="c1" participant="me013">
      <nite:child href="Bmr022.B.words.xml#id(Bmr022.w.8,716)..id(Bmr022.w.8,743)"/>
   </dialogueact>
   <dialogueact nite:id="Bmr022.B.dialogueact1018" starttime="1732.38" endtime="1733.66" type="fh" adjacency="69a+++" original-type="fh" channel="c1" participant="me013">
      <nite:child href="Bmr022.B.words.xml#id(Bmr022.w.8,744)..id(Bmr022.w.8,747)"/>
   </dialogueact>
   <dialogueact nite:id="Bmr022.B.dialogueact1019" starttime="1734.29" endtime="1735.27" type="qh.%--" adjacency="69a++++" original-type="qh.%--" channel="c1" participant="me013">
      <nite:child href="Bmr022.B.words.xml#id(Bmr022.w.8,748)..id(Bmr022.disfmarker.386)"/>
   </dialogueact>
   <dialogueact nite:id="Bmr022.B.dialogueact1020" starttime="1735.27" endtime="1735.9" type="s^bd^no" original-type="s^bd^no" channel="c1" participant="me013">
      <nite:child href="Bmr022.B.words.xml#id(Bmr022.w.8,754)..id(Bmr022.w.8,760)"/>
   </dialogueact>
   <dialogueact nite:id="Bmr022.B.dialogueact1021" starttime="1736.54" endtime="1738.56" type="s" original-type="s" channel="c1" participant="me013">
      <nite:child href="Bmr022.B.words.xml#id(Bmr022.w.8,761)..id(Bmr022.w.8,769)"/>
   </dialogueact>
   <dialogueact nite:id="Bmr022.B.dialogueact1026" starttime="1753.11" endtime="1756.25" type="s^bk|qy.%-" adjacency="70b.71a" original-type="s^bk|qy.%-" channel="c1" participant="me013">
      <nite:child href="Bmr022.B.words.xml#id(Bmr022.w.8,822)..id(Bmr022.disfmarker.388)"/>
   </dialogueact>
   <dialogueact nite:id="Bmr022.B.dialogueact1032" starttime="1767.07" endtime="1767.44" type="b.%" original-type="b.%" channel="c1" participant="me013">
      <nite:child href="Bmr022.B.words.xml#id(Bmr022.w.8,875)..id(Bmr022.w.8,876)"/>
   </dialogueact>
   <dialogueact nite:id="Bmr022.B.dialogueact1053" starttime="1821.23" endtime="1823.83" type="s^df" adjacency="1b.2a" original-type="s^df" channel="c1" participant="me013">
      <nite:child href="Bmr022.B.words.xml#id(Bmr022.w.9,083)..id(Bmr022.w.9,095)"/>
   </dialogueact>
   <dialogueact nite:id="Bmr022.B.dialogueact1054" starttime="1823.83" endtime="1826.75" type="qy" adjacency="1b+.2a+" original-type="qy" channel="c1" participant="me013">
      <nite:child href="Bmr022.B.words.xml#id(Bmr022.w.9,096)..id(Bmr022.w.9,111)"/>
   </dialogueact>
   <dialogueact nite:id="Bmr022.B.dialogueact1055" starttime="1826.75" endtime="1827.66" type="qy^e" adjacency="1b++.2a++" original-type="qy^e" channel="c1" participant="me013">
      <nite:child href="Bmr022.B.words.xml#id(Bmr022.w.9,112)..id(Bmr022.w.9,116)"/>
   </dialogueact>
   <dialogueact nite:id="Bmr022.B.dialogueact1061" starttime="1837.38" endtime="1837.74" type="b" original-type="b" channel="c1" participant="me013">
      <nite:child href="Bmr022.B.words.xml#id(Bmr022.w.9,157)..id(Bmr022.w.9,158)"/>
   </dialogueact>
   <dialogueact nite:id="Bmr022.B.dialogueact1066" starttime="1844.63" endtime="1845.27" type="fg|s^nd.%-" adjacency="5b" original-type="fg|s^nd.%-" channel="c1" participant="me013">
      <nite:child href="Bmr022.B.words.xml#id(Bmr022.w.9,192)..id(Bmr022.disfmarker.398)"/>
   </dialogueact>
   <dialogueact nite:id="Bmr022.B.dialogueact1076" starttime="1876.94" endtime="1877.14" type="b" original-type="b" channel="c1" participant="me013">
      <nite:child href="Bmr022.B.words.xml#id(Bmr022.w.9,306)..id(Bmr022.w.9,307)"/>
   </dialogueact>
   <dialogueact nite:id="Bmr022.B.dialogueact1125" starttime="1995.16" endtime="1995.44" type="b" original-type="b" channel="c1" participant="me013">
      <nite:child href="Bmr022.B.words.xml#id(Bmr022.w.9,769)..id(Bmr022.w.9,770)"/>
   </dialogueact>
   <dialogueact nite:id="Bmr022.B.dialogueact1235" starttime="2204.69" endtime="2204.98" type="s^aa" adjacency="48b-2" original-type="s^aa" channel="c1" participant="me013">
      <nite:child href="Bmr022.B.words.xml#id(Bmr022.w.10,796)"/>
   </dialogueact>
   <dialogueact nite:id="Bmr022.B.dialogueact1258" starttime="2267.74" endtime="2270.26" type="qw" adjacency="52b.53a" original-type="qw" channel="c1" participant="me013">
      <nite:child href="Bmr022.B.words.xml#id(Bmr022.w.11,065)..id(Bmr022.w.11,077)"/>
   </dialogueact>
   <dialogueact nite:id="Bmr022.B.dialogueact1268" starttime="2281.74" endtime="2282.06" type="%-" original-type="%-" channel="c1" participant="me013">
      <nite:child href="Bmr022.B.words.xml#id(Bmr022.w.11,131)..id(Bmr022.w.11,133)"/>
   </dialogueact>
   <dialogueact nite:id="Bmr022.B.dialogueact1278" starttime="2299.88" endtime="2299.99" type="b" original-type="b" channel="c1" participant="me013">
      <nite:child href="Bmr022.B.words.xml#id(Bmr022.w.11,217)..id(Bmr022.w.11,218)"/>
   </dialogueact>
   <dialogueact nite:id="Bmr022.B.dialogueact1301" starttime="2339.12" endtime="2339.44" type="b.%" original-type="b.%" channel="c1" participant="me013">
      <nite:child href="Bmr022.B.words.xml#id(Bmr022.w.11,412)..id(Bmr022.w.11,413)"/>
   </dialogueact>
   <dialogueact nite:id="Bmr022.B.dialogueact1388" starttime="2567.63" endtime="2567.91" type="s.%" original-type="s.%" channel="c1" participant="me013">
      <nite:child href="Bmr022.B.words.xml#id(Bmr022.w.12,499)..id(Bmr022.w.12,501)"/>
   </dialogueact>
</nite:root>