<?xml version="1.0" encoding="ISO-8859-1" standalone="yes"?>
<nite:root nite:id="Bmr015.F.dialogue-acts" xmlns:nite="http://nite.sourceforge.net/">
   <dialogueact nite:id="Bmr015.F.dialogueact25" starttime="30.847" endtime="31.097" type="z" original-type="z" channel="c8" participant="fe008">
      <nite:child href="Bmr015.F.words.xml#id(Bmr015.w.141)..id(Bmr015.w.142)"/>
   </dialogueact>
   <dialogueact nite:id="Bmr015.F.dialogueact29" starttime="34.073" endtime="35.093" type="z" original-type="z" channel="c8" participant="fe008">
      <nite:child href="Bmr015.F.words.xml#id(Bmr015.w.154)..id(Bmr015.w.159)"/>
   </dialogueact>
   <dialogueact nite:id="Bmr015.F.dialogueact56" starttime="66.128" endtime="66.358" type="%-" original-type="%-" channel="c8" participant="fe008">
      <nite:child href="Bmr015.F.words.xml#id(Bmr015.w.338)..id(Bmr015.w.339)"/>
   </dialogueact>
   <dialogueact nite:id="Bmr015.F.dialogueact66" starttime="85.013" endtime="86.873" type="s^cs" adjacency="15a" original-type="s^cs" channel="c8" participant="fe008">
      <nite:child href="Bmr015.F.words.xml#id(Bmr015.w.424)..id(Bmr015.w.431)"/>
   </dialogueact>
   <dialogueact nite:id="Bmr015.F.dialogueact67" starttime="86.933" endtime="88.703" comment="FBH" type="%--" original-type="%--" channel="c8" participant="fe008">
      <nite:child href="Bmr015.F.words.xml#id(Bmr015.w.432)..id(Bmr015.disfmarker.17)"/>
   </dialogueact>
   <dialogueact nite:id="Bmr015.F.dialogueact70" starttime="91.909" endtime="92.189" type="b" original-type="b" channel="c8" participant="fe008">
      <nite:child href="Bmr015.F.words.xml#id(Bmr015.w.467)..id(Bmr015.w.468)"/>
   </dialogueact>
   <dialogueact nite:id="Bmr015.F.dialogueact72" starttime="93.503" endtime="93.953" type="s^bk" adjacency="16b" original-type="s^bk" channel="c8" participant="fe008">
      <nite:child href="Bmr015.F.words.xml#id(Bmr015.w.469)..id(Bmr015.w.474)"/>
   </dialogueact>
   <dialogueact nite:id="Bmr015.F.dialogueact74" starttime="94.231" endtime="95.661" type="s^na" adjacency="17b" original-type="s^na" channel="c8" participant="fe008">
      <nite:child href="Bmr015.F.words.xml#id(Bmr015.w.483)..id(Bmr015.w.491)"/>
   </dialogueact>
   <dialogueact nite:id="Bmr015.F.dialogueact75" starttime="95.661" endtime="95.781" type="b" original-type="b" channel="c8" participant="fe008">
      <nite:child href="Bmr015.F.words.xml#id(Bmr015.w.492)..id(Bmr015.w.493)"/>
   </dialogueact>
   <dialogueact nite:id="Bmr015.F.dialogueact76" starttime="96.031" endtime="96.981" type="s" original-type="s" channel="c8" participant="fe008">
      <nite:child href="Bmr015.F.words.xml#id(Bmr015.w.494)..id(Bmr015.w.497)"/>
   </dialogueact>
   <dialogueact nite:id="Bmr015.F.dialogueact91" starttime="134.442" endtime="136.252" type="s^bk|qy^bu^d^rt" adjacency="18b" original-type="s^bk|qy^bu^d^rt" channel="c8" participant="fe008">
      <nite:child href="Bmr015.F.words.xml#id(Bmr015.w.648)..id(Bmr015.w.655)"/>
   </dialogueact>
   <dialogueact nite:id="Bmr015.F.dialogueact94" starttime="141.394" endtime="141.634" type="b" original-type="b" channel="c8" participant="fe008">
      <nite:child href="Bmr015.F.words.xml#id(Bmr015.w.675)..id(Bmr015.w.678)"/>
   </dialogueact>
   <dialogueact nite:id="Bmr015.F.dialogueact106" starttime="159.296" endtime="160.816" type="fg|s" adjacency="22a" original-type="fg|s" channel="c8" participant="fe008">
      <nite:child href="Bmr015.F.words.xml#id(Bmr015.w.780)..id(Bmr015.w.791)"/>
   </dialogueact>
   <dialogueact nite:id="Bmr015.F.dialogueact108" starttime="160.816" endtime="162.206" type="s^bu" adjacency="22b.23a" original-type="s^bu" channel="c8" participant="fe008">
      <nite:child href="Bmr015.F.words.xml#id(Bmr015.w.792)..id(Bmr015.w.800)"/>
   </dialogueact>
   <dialogueact nite:id="Bmr015.F.dialogueact111" starttime="162.813" endtime="163.003" type="s^bk" original-type="s^bk" channel="c8" participant="fe008">
      <nite:child href="Bmr015.F.words.xml#id(Bmr015.w.807)..id(Bmr015.w.810)"/>
   </dialogueact>
   <dialogueact nite:id="Bmr015.F.dialogueact157" starttime="234.165" endtime="234.985" type="s^aa" adjacency="37b.38a" original-type="s^aa" channel="c8" participant="fe008">
      <nite:child href="Bmr015.F.words.xml#id(Bmr015.w.1,120)..id(Bmr015.w.1,127)"/>
   </dialogueact>
   <dialogueact nite:id="Bmr015.F.dialogueact159" starttime="235.348" endtime="235.788" type="s^aa" adjacency="39b.40a" original-type="s^aa" channel="c8" participant="fe008">
      <nite:child href="Bmr015.F.words.xml#id(Bmr015.w.1,132)..id(Bmr015.w.1,139)"/>
   </dialogueact>
   <dialogueact nite:id="Bmr015.F.dialogueact163" starttime="239.431" endtime="239.961" type="s^ar|s^na" adjacency="41b" original-type="s^ar|s^na" channel="c8" participant="fe008">
      <nite:child href="Bmr015.F.words.xml#id(Bmr015.w.1,165)..id(Bmr015.w.1,169)"/>
   </dialogueact>
   <dialogueact nite:id="Bmr015.F.dialogueact178" starttime="279.225" endtime="279.415" type="s^bk.%" original-type="s^bk.%" channel="c8" participant="fe008">
      <nite:child href="Bmr015.F.words.xml#id(Bmr015.w.1,300)..id(Bmr015.disfmarker.46)"/>
   </dialogueact>
   <dialogueact nite:id="Bmr015.F.dialogueact184" starttime="288.797" endtime="289.377" type="b" original-type="b" channel="c8" participant="fe008">
      <nite:child href="Bmr015.F.words.xml#id(Bmr015.w.1,348)..id(Bmr015.w.1,349)"/>
   </dialogueact>
   <dialogueact nite:id="Bmr015.F.dialogueact203" starttime="320.066" endtime="321.456" type="s.%--" adjacency="49b-2" original-type="s.%--" channel="c8" participant="fe008">
      <nite:child href="Bmr015.F.words.xml#id(Bmr015.w.1,486)..id(Bmr015.w.1,497)"/>
   </dialogueact>
   <dialogueact nite:id="Bmr015.F.dialogueact204" starttime="321.546" endtime="322.056" type="s.%--" adjacency="49b-2+" original-type="s.%--" channel="c8" participant="fe008">
      <nite:child href="Bmr015.F.words.xml#id(Bmr015.w.1,498)..id(Bmr015.disfmarker.52)"/>
   </dialogueact>
   <dialogueact nite:id="Bmr015.F.dialogueact205" starttime="322.176" endtime="325.158" type="s" adjacency="49b-2++.50a" original-type="s" channel="c8" participant="fe008">
      <nite:child href="Bmr015.F.words.xml#id(Bmr015.w.1,503)..id(Bmr015.w.1,522)"/>
   </dialogueact>
   <dialogueact nite:id="Bmr015.F.dialogueact249" starttime="404.347" endtime="404.666" type="b" original-type="b" channel="c8" participant="fe008">
   </dialogueact>
   <dialogueact nite:id="Bmr015.F.dialogueact254" starttime="410.344" endtime="410.454" type="b.%" original-type="b.%" channel="c8" participant="fe008">
      <nite:child href="Bmr015.F.words.xml#id(Bmr015.w.1,912)..id(Bmr015.w.1,913)"/>
   </dialogueact>
   <dialogueact nite:id="Bmr015.F.dialogueact519" starttime="868.092" endtime="871.5" type="s.%--" adjacency="16b.17a" original-type="s.%--" channel="c8" participant="fe008">
      <nite:child href="Bmr015.F.words.xml#id(Bmr015.w.3,895)..id(Bmr015.disfmarker.188)"/>
   </dialogueact>
   <dialogueact nite:id="Bmr015.F.dialogueact520" starttime="871.855" endtime="872.495" type="s^df.%--" adjacency="16b+.17a+" original-type="s^df.%--" channel="c8" participant="fe008">
      <nite:child href="Bmr015.F.words.xml#id(Bmr015.w.3,910)..id(Bmr015.disfmarker.189)"/>
   </dialogueact>
   <dialogueact nite:id="Bmr015.F.dialogueact521" starttime="872.981" endtime="875.611" type="s" adjacency="16b++.17a++" original-type="s" channel="c8" participant="fe008">
      <nite:child href="Bmr015.F.words.xml#id(Bmr015.w.3,915)..id(Bmr015.w.3,930)"/>
   </dialogueact>
   <dialogueact nite:id="Bmr015.F.dialogueact522" starttime="875.701" endtime="877.061" type="s.%-" original-type="s.%-" channel="c8" participant="fe008">
      <nite:child href="Bmr015.F.words.xml#id(Bmr015.w.3,931)..id(Bmr015.disfmarker.190)"/>
   </dialogueact>
   <dialogueact nite:id="Bmr015.F.dialogueact524" starttime="878.454" endtime="878.674" type="s^bk" adjacency="18b" original-type="s^bk" channel="c8" participant="fe008">
      <nite:child href="Bmr015.F.words.xml#id(Bmr015.w.3,951)..id(Bmr015.w.3,952)"/>
   </dialogueact>
   <dialogueact nite:id="Bmr015.F.dialogueact529" starttime="884.907" endtime="886.217" type="s^bk|s^ba.%-" adjacency="19b" original-type="s^bk|s^ba.%-" channel="c8" participant="fe008">
      <nite:child href="Bmr015.F.words.xml#id(Bmr015.w.3,974)..id(Bmr015.disfmarker.193)"/>
   </dialogueact>
   <dialogueact nite:id="Bmr015.F.dialogueact531" starttime="886.681" endtime="886.901" type="%-" original-type="%-" channel="c8" participant="fe008">
      <nite:child href="Bmr015.F.words.xml#id(Bmr015.w.3,998)"/>
   </dialogueact>
   <dialogueact nite:id="Bmr015.F.dialogueact534" starttime="889.867" endtime="890.147" type="s^bk" adjacency="19b" original-type="s^bk" channel="c8" participant="fe008">
      <nite:child href="Bmr015.F.words.xml#id(Bmr015.w.4,003)..id(Bmr015.w.4,004)"/>
   </dialogueact>
   <dialogueact nite:id="Bmr015.F.dialogueact546" starttime="920.209" endtime="925.379" type="s^ng" adjacency="21b.22a" original-type="s^ng" channel="c8" participant="fe008">
      <nite:child href="Bmr015.F.words.xml#id(Bmr015.w.4,145)..id(Bmr015.w.4,163)"/>
   </dialogueact>
   <dialogueact nite:id="Bmr015.F.dialogueact547" starttime="926.241" endtime="930.061" type="s" original-type="s" channel="c8" participant="fe008">
      <nite:child href="Bmr015.F.words.xml#id(Bmr015.w.4,164)..id(Bmr015.w.4,187)"/>
   </dialogueact>
   <dialogueact nite:id="Bmr015.F.dialogueact549" starttime="930.061" endtime="931.516" type="s" adjacency="22a+" original-type="s" channel="c8" participant="fe008">
      <nite:child href="Bmr015.F.words.xml#id(Bmr015.w.4,188)..id(Bmr015.w.4,194)"/>
   </dialogueact>
   <dialogueact nite:id="Bmr015.F.dialogueact550" starttime="931.516" endtime="933.39" type="s" original-type="s" channel="c8" participant="fe008">
      <nite:child href="Bmr015.F.words.xml#id(Bmr015.w.4,195)..id(Bmr015.w.4,250)"/>
   </dialogueact>
   <dialogueact nite:id="Bmr015.F.dialogueact555" starttime="938.895" endtime="939.778" type="s^bk" adjacency="23b" original-type="s^bk" channel="c8" participant="fe008">
      <nite:child href="Bmr015.F.words.xml#id(Bmr015.w.4,251)..id(Bmr015.w.4,254)"/>
   </dialogueact>
   <dialogueact nite:id="Bmr015.F.dialogueact587" starttime="1017.77" endtime="1019.39" type="s.%--" adjacency="25b" original-type="s.%--" channel="c8" participant="fe008">
      <nite:child href="Bmr015.F.words.xml#id(Bmr015.w.4,543)..id(Bmr015.disfmarker.205)"/>
   </dialogueact>
   <dialogueact nite:id="Bmr015.F.dialogueact588" starttime="1019.39" endtime="1020.86" type="%--" original-type="%--" channel="c8" participant="fe008">
      <nite:child href="Bmr015.F.words.xml#id(Bmr015.w.4,552)..id(Bmr015.disfmarker.207)"/>
   </dialogueact>
   <dialogueact nite:id="Bmr015.F.dialogueact589" starttime="1021.13" endtime="1022.23" type="s.%--" original-type="s.%--" channel="c8" participant="fe008">
      <nite:child href="Bmr015.F.words.xml#id(Bmr015.w.4,557)..id(Bmr015.disfmarker.208)"/>
   </dialogueact>
   <dialogueact nite:id="Bmr015.F.dialogueact590" starttime="1022.83" endtime="1023.65" type="s" original-type="s" channel="c8" participant="fe008">
      <nite:child href="Bmr015.F.words.xml#id(Bmr015.w.4,562)..id(Bmr015.w.4,566)"/>
   </dialogueact>
   <dialogueact nite:id="Bmr015.F.dialogueact591" starttime="1024.48" endtime="1033.18" comment="FBH" type="s" original-type="s" channel="c8" participant="fe008">
      <nite:child href="Bmr015.F.words.xml#id(Bmr015.w.4,567)..id(Bmr015.w.4,597)"/>
   </dialogueact>
   <dialogueact nite:id="Bmr015.F.dialogueact592" starttime="1033.18" endtime="1035.41" type="s" original-type="s" channel="c8" participant="fe008">
      <nite:child href="Bmr015.F.words.xml#id(Bmr015.w.4,598)..id(Bmr015.w.4,610)"/>
   </dialogueact>
   <dialogueact nite:id="Bmr015.F.dialogueact593" starttime="1036.1" endtime="1041.28" type="s" original-type="s" channel="c8" participant="fe008">
      <nite:child href="Bmr015.F.words.xml#id(Bmr015.w.4,611)..id(Bmr015.w.4,626)"/>
   </dialogueact>
   <dialogueact nite:id="Bmr015.F.dialogueact594" starttime="1041.28" endtime="1041.91" type="%--" original-type="%--" channel="c8" participant="fe008">
      <nite:child href="Bmr015.F.words.xml#id(Bmr015.w.4,627)..id(Bmr015.w.4,630)"/>
   </dialogueact>
   <dialogueact nite:id="Bmr015.F.dialogueact595" starttime="1042.67" endtime="1048.44" type="s" original-type="s" channel="c8" participant="fe008">
      <nite:child href="Bmr015.F.words.xml#id(Bmr015.w.4,631)..id(Bmr015.w.4,650)"/>
   </dialogueact>
   <dialogueact nite:id="Bmr015.F.dialogueact596" starttime="1048.75" endtime="1050.3" type="fh" original-type="fh" channel="c8" participant="fe008">
      <nite:child href="Bmr015.F.words.xml#id(Bmr015.w.4,651)..id(Bmr015.w.4,654)"/>
   </dialogueact>
   <dialogueact nite:id="Bmr015.F.dialogueact597" starttime="1050.93" endtime="1053.89" type="s" original-type="s" channel="c8" participant="fe008">
      <nite:child href="Bmr015.F.words.xml#id(Bmr015.w.4,655)..id(Bmr015.w.4,666)"/>
   </dialogueact>
   <dialogueact nite:id="Bmr015.F.dialogueact598" starttime="1054.35" endtime="1058.83" type="s^cs" original-type="s^cs" channel="c8" participant="fe008">
      <nite:child href="Bmr015.F.words.xml#id(Bmr015.w.4,667)..id(Bmr015.w.4,689)"/>
   </dialogueact>
   <dialogueact nite:id="Bmr015.F.dialogueact599" starttime="1058.83" endtime="1064.15" type="s^cs" original-type="s^cs" channel="c8" participant="fe008">
      <nite:child href="Bmr015.F.words.xml#id(Bmr015.w.4,690)..id(Bmr015.w.4,712)"/>
   </dialogueact>
   <dialogueact nite:id="Bmr015.F.dialogueact600" starttime="1064.33" endtime="1065.49" type="s^cs" original-type="s^cs" channel="c8" participant="fe008">
      <nite:child href="Bmr015.F.words.xml#id(Bmr015.w.4,713)..id(Bmr015.w.4,719)"/>
   </dialogueact>
   <dialogueact nite:id="Bmr015.F.dialogueact601" starttime="1065.61" endtime="1066.45" type="s^cs" original-type="s^cs" channel="c8" participant="fe008">
      <nite:child href="Bmr015.F.words.xml#id(Bmr015.w.4,720)..id(Bmr015.w.4,726)"/>
   </dialogueact>
   <dialogueact nite:id="Bmr015.F.dialogueact602" starttime="1066.45" endtime="1067.32" type="s^cs" original-type="s^cs" channel="c8" participant="fe008">
      <nite:child href="Bmr015.F.words.xml#id(Bmr015.w.4,727)..id(Bmr015.w.4,732)"/>
   </dialogueact>
   <dialogueact nite:id="Bmr015.F.dialogueact603" starttime="1067.32" endtime="1071.49" type="s" original-type="s" channel="c8" participant="fe008">
      <nite:child href="Bmr015.F.words.xml#id(Bmr015.w.4,733)..id(Bmr015.w.4,761)"/>
   </dialogueact>
   <dialogueact nite:id="Bmr015.F.dialogueact604" starttime="1071.49" endtime="1073.39" type="s" original-type="s" channel="c8" participant="fe008">
      <nite:child href="Bmr015.F.words.xml#id(Bmr015.w.4,762)..id(Bmr015.w.4,772)"/>
   </dialogueact>
   <dialogueact nite:id="Bmr015.F.dialogueact605" starttime="1073.71" endtime="1083.23" type="s^am^ba" adjacency="26a" original-type="s^am^ba" channel="c8" participant="fe008">
      <nite:child href="Bmr015.F.words.xml#id(Bmr015.w.4,773)..id(Bmr015.w.4,817)"/>
   </dialogueact>
   <dialogueact nite:id="Bmr015.F.dialogueact610" starttime="1096.64" endtime="1097.52" type="s^bk" adjacency="27b" original-type="s^bk" channel="c8" participant="fe008">
      <nite:child href="Bmr015.F.words.xml#id(Bmr015.w.4,862)..id(Bmr015.w.4,867)"/>
   </dialogueact>
   <dialogueact nite:id="Bmr015.F.dialogueact611" starttime="1097.52" endtime="1105.97" type="s^ng" adjacency="27b+" original-type="s^ng" channel="c8" participant="fe008">
      <nite:child href="Bmr015.F.words.xml#id(Bmr015.w.4,868)..id(Bmr015.w.4,898)"/>
   </dialogueact>
   <dialogueact nite:id="Bmr015.F.dialogueact612" starttime="1106.07" endtime="1111.72" type="s" adjacency="27b++" original-type="s" channel="c8" participant="fe008">
      <nite:child href="Bmr015.F.words.xml#id(Bmr015.w.4,899)..id(Bmr015.w.4,920)"/>
   </dialogueact>
   <dialogueact nite:id="Bmr015.F.dialogueact614" starttime="1111.72" endtime="1115.31" type="s" original-type="s" channel="c8" participant="fe008">
      <nite:child href="Bmr015.F.words.xml#id(Bmr015.w.4,921)..id(Bmr015.w.4,942)"/>
   </dialogueact>
   <dialogueact nite:id="Bmr015.F.dialogueact617" starttime="1115.77" endtime="1118.56" type="s.%--" original-type="s.%--" channel="c8" participant="fe008">
      <nite:child href="Bmr015.F.words.xml#id(Bmr015.w.4,945)..id(Bmr015.disfmarker.224)"/>
   </dialogueact>
   <dialogueact nite:id="Bmr015.F.dialogueact618" starttime="1119.58" endtime="1123.62" type="s" original-type="s" channel="c8" participant="fe008">
      <nite:child href="Bmr015.F.words.xml#id(Bmr015.w.4,955)..id(Bmr015.w.4,969)"/>
   </dialogueact>
   <dialogueact nite:id="Bmr015.F.dialogueact620" starttime="1123.62" endtime="1126.12" type="s" original-type="s" channel="c8" participant="fe008">
      <nite:child href="Bmr015.F.words.xml#id(Bmr015.w.4,970)..id(Bmr015.w.4,983)"/>
   </dialogueact>
   <dialogueact nite:id="Bmr015.F.dialogueact622" starttime="1126.53" endtime="1134.8" type="s^ba" original-type="s^ba" channel="c8" participant="fe008">
      <nite:child href="Bmr015.F.words.xml#id(Bmr015.w.4,986)..id(Bmr015.w.5,022)"/>
   </dialogueact>
   <dialogueact nite:id="Bmr015.F.dialogueact623" starttime="1135.34" endtime="1137.74" type="s.%--" original-type="s.%--" channel="c8" participant="fe008">
      <nite:child href="Bmr015.F.words.xml#id(Bmr015.w.5,023)..id(Bmr015.disfmarker.226)"/>
   </dialogueact>
   <dialogueact nite:id="Bmr015.F.dialogueact624" starttime="1137.74" endtime="1138.15" type="fh" original-type="fh" channel="c8" participant="fe008">
      <nite:child href="Bmr015.F.words.xml#id(Bmr015.w.5,034)..id(Bmr015.w.5,035)"/>
   </dialogueact>
   <dialogueact nite:id="Bmr015.F.dialogueact625" starttime="1138.15" endtime="1140.71" type="s^no" original-type="s^no" channel="c8" participant="fe008">
      <nite:child href="Bmr015.F.words.xml#id(Bmr015.w.5,036)..id(Bmr015.w.5,048)"/>
   </dialogueact>
   <dialogueact nite:id="Bmr015.F.dialogueact626" starttime="1141.19" endtime="1144.2" type="s" original-type="s" channel="c8" participant="fe008">
      <nite:child href="Bmr015.F.words.xml#id(Bmr015.w.5,049)..id(Bmr015.w.5,058)"/>
   </dialogueact>
   <dialogueact nite:id="Bmr015.F.dialogueact627" starttime="1144.2" endtime="1144.55" type="fh" original-type="fh" channel="c8" participant="fe008">
      <nite:child href="Bmr015.F.words.xml#id(Bmr015.w.5,059)"/>
   </dialogueact>
   <dialogueact nite:id="Bmr015.F.dialogueact628" starttime="1145.1" endtime="1148.05" type="s^ba" original-type="s^ba" channel="c8" participant="fe008">
      <nite:child href="Bmr015.F.words.xml#id(Bmr015.w.5,060)..id(Bmr015.w.5,077)"/>
   </dialogueact>
   <dialogueact nite:id="Bmr015.F.dialogueact629" starttime="1148.05" endtime="1150.68" type="s" original-type="s" channel="c8" participant="fe008">
      <nite:child href="Bmr015.F.words.xml#id(Bmr015.w.5,078)..id(Bmr015.w.5,089)"/>
   </dialogueact>
   <dialogueact nite:id="Bmr015.F.dialogueact630" starttime="1151.08" endtime="1151.46" type="fh" original-type="fh" channel="c8" participant="fe008">
      <nite:child href="Bmr015.F.words.xml#id(Bmr015.w.5,090)..id(Bmr015.w.5,091)"/>
   </dialogueact>
   <dialogueact nite:id="Bmr015.F.dialogueact631" starttime="1151.88" endtime="1160.43" type="s" original-type="s" channel="c8" participant="fe008">
      <nite:child href="Bmr015.F.words.xml#id(Bmr015.w.5,092)..id(Bmr015.w.5,125)"/>
   </dialogueact>
   <dialogueact nite:id="Bmr015.F.dialogueact633" starttime="1161.17" endtime="1163.37" type="s" original-type="s" channel="c8" participant="fe008">
      <nite:child href="Bmr015.F.words.xml#id(Bmr015.w.5,126)..id(Bmr015.w.5,139)"/>
   </dialogueact>
   <dialogueact nite:id="Bmr015.F.dialogueact634" starttime="1163.37" endtime="1164.3" type="s" original-type="s" channel="c8" participant="fe008">
      <nite:child href="Bmr015.F.words.xml#id(Bmr015.w.5,140)..id(Bmr015.w.5,146)"/>
   </dialogueact>
   <dialogueact nite:id="Bmr015.F.dialogueact635" starttime="1164.37" endtime="1165.89" type="fh" original-type="fh" channel="c8" participant="fe008">
      <nite:child href="Bmr015.F.words.xml#id(Bmr015.w.5,147)..id(Bmr015.w.5,150)"/>
   </dialogueact>
   <dialogueact nite:id="Bmr015.F.dialogueact636" starttime="1166.17" endtime="1169.53" type="s" original-type="s" channel="c8" participant="fe008">
      <nite:child href="Bmr015.F.words.xml#id(Bmr015.w.5,151)..id(Bmr015.w.5,163)"/>
   </dialogueact>
   <dialogueact nite:id="Bmr015.F.dialogueact637" starttime="1169.65" endtime="1170.53" type="s" original-type="s" channel="c8" participant="fe008">
      <nite:child href="Bmr015.F.words.xml#id(Bmr015.w.5,164)..id(Bmr015.w.5,168)"/>
   </dialogueact>
   <dialogueact nite:id="Bmr015.F.dialogueact639" starttime="1170.53" endtime="1171.35" type="s^df.%--" original-type="s^df.%--" channel="c8" participant="fe008">
      <nite:child href="Bmr015.F.words.xml#id(Bmr015.w.5,169)..id(Bmr015.w.5,172)"/>
   </dialogueact>
   <dialogueact nite:id="Bmr015.F.dialogueact641" starttime="1171.71" endtime="1175.13" type="s" original-type="s" channel="c8" participant="fe008">
      <nite:child href="Bmr015.F.words.xml#id(Bmr015.w.5,179)..id(Bmr015.w.5,191)"/>
   </dialogueact>
   <dialogueact nite:id="Bmr015.F.dialogueact642" starttime="1175.54" endtime="1177.44" type="s.%--" original-type="s.%--" channel="c8" participant="fe008">
      <nite:child href="Bmr015.F.words.xml#id(Bmr015.w.5,192)..id(Bmr015.w.5,201)"/>
   </dialogueact>
   <dialogueact nite:id="Bmr015.F.dialogueact643" starttime="1177.44" endtime="1178.34" type="s" original-type="s" channel="c8" participant="fe008">
      <nite:child href="Bmr015.F.words.xml#id(Bmr015.w.5,202)..id(Bmr015.w.5,208)"/>
   </dialogueact>
   <dialogueact nite:id="Bmr015.F.dialogueact644" starttime="1178.34" endtime="1179.14" type="s^e.%--" original-type="s^e.%--" channel="c8" participant="fe008">
      <nite:child href="Bmr015.F.words.xml#id(Bmr015.w.5,209)..id(Bmr015.w.5,213)"/>
   </dialogueact>
   <dialogueact nite:id="Bmr015.F.dialogueact645" starttime="1179.41" endtime="1184.85" type="s" original-type="s" channel="c8" participant="fe008">
      <nite:child href="Bmr015.F.words.xml#id(Bmr015.w.5,214)..id(Bmr015.w.5,236)"/>
   </dialogueact>
   <dialogueact nite:id="Bmr015.F.dialogueact646" starttime="1185.08" endtime="1187.75" type="s^ba^bd" original-type="s^ba^bd" channel="c8" participant="fe008">
      <nite:child href="Bmr015.F.words.xml#id(Bmr015.w.5,237)..id(Bmr015.w.5,252)"/>
   </dialogueact>
   <dialogueact nite:id="Bmr015.F.dialogueact647" starttime="1187.75" endtime="1191.05" type="s^df" original-type="s^df" channel="c8" participant="fe008">
      <nite:child href="Bmr015.F.words.xml#id(Bmr015.w.5,253)..id(Bmr015.w.5,267)"/>
   </dialogueact>
   <dialogueact nite:id="Bmr015.F.dialogueact648" starttime="1191.05" endtime="1192.33" type="s.%--" original-type="s.%--" channel="c8" participant="fe008">
      <nite:child href="Bmr015.F.words.xml#id(Bmr015.w.5,268)..id(Bmr015.disfmarker.227)"/>
   </dialogueact>
   <dialogueact nite:id="Bmr015.F.dialogueact649" starttime="1192.48" endtime="1197.33" type="s" original-type="s" channel="c8" participant="fe008">
      <nite:child href="Bmr015.F.words.xml#id(Bmr015.w.5,278)..id(Bmr015.w.5,299)"/>
   </dialogueact>
   <dialogueact nite:id="Bmr015.F.dialogueact650" starttime="1197.33" endtime="1205.34" type="s^df" original-type="s^df" channel="c8" participant="fe008">
      <nite:child href="Bmr015.F.words.xml#id(Bmr015.w.5,300)..id(Bmr015.w.5,338)"/>
   </dialogueact>
   <dialogueact nite:id="Bmr015.F.dialogueact656" starttime="1219.33" endtime="1219.59" type="s^bk" adjacency="1b" original-type="s^bk" channel="c8" participant="fe008">
      <nite:child href="Bmr015.F.words.xml#id(Bmr015.w.5,390)..id(Bmr015.w.5,391)"/>
   </dialogueact>
   <dialogueact nite:id="Bmr015.F.dialogueact657" starttime="1220.21" endtime="1226.3" type="s^cs" original-type="s^cs" channel="c8" participant="fe008">
      <nite:child href="Bmr015.F.words.xml#id(Bmr015.w.5,392)..id(Bmr015.w.5,412)"/>
   </dialogueact>
   <dialogueact nite:id="Bmr015.F.dialogueact658" starttime="1226.45" endtime="1229.19" type="s" original-type="s" channel="c8" participant="fe008">
      <nite:child href="Bmr015.F.words.xml#id(Bmr015.w.5,413)..id(Bmr015.w.5,428)"/>
   </dialogueact>
   <dialogueact nite:id="Bmr015.F.dialogueact660" starttime="1229.19" endtime="1231.88" type="s" original-type="s" channel="c8" participant="fe008">
      <nite:child href="Bmr015.F.words.xml#id(Bmr015.w.5,429)..id(Bmr015.w.5,437)"/>
   </dialogueact>
   <dialogueact nite:id="Bmr015.F.dialogueact662" starttime="1231.88" endtime="1233.36" type="s^df.%--" original-type="s^df.%--" channel="c8" participant="fe008">
      <nite:child href="Bmr015.F.words.xml#id(Bmr015.w.5,438)..id(Bmr015.disfmarker.234)"/>
   </dialogueact>
   <dialogueact nite:id="Bmr015.F.dialogueact663" starttime="1233.48" endtime="1234.08" type="s^ba" original-type="s^ba" channel="c8" participant="fe008">
      <nite:child href="Bmr015.F.words.xml#id(Bmr015.w.5,446)..id(Bmr015.w.5,451)"/>
   </dialogueact>
   <dialogueact nite:id="Bmr015.F.dialogueact664" starttime="1234.29" endtime="1236.18" type="s" original-type="s" channel="c8" participant="fe008">
      <nite:child href="Bmr015.F.words.xml#id(Bmr015.w.5,454)..id(Bmr015.w.5,465)"/>
   </dialogueact>
   <dialogueact nite:id="Bmr015.F.dialogueact665" starttime="1236.18" endtime="1237.43" type="s" original-type="s" channel="c8" participant="fe008">
      <nite:child href="Bmr015.F.words.xml#id(Bmr015.w.5,466)..id(Bmr015.w.5,471)"/>
   </dialogueact>
   <dialogueact nite:id="Bmr015.F.dialogueact667" starttime="1237.43" endtime="1238.35" type="s^e" original-type="s^e" channel="c8" participant="fe008">
      <nite:child href="Bmr015.F.words.xml#id(Bmr015.w.5,472)..id(Bmr015.w.5,476)"/>
   </dialogueact>
   <dialogueact nite:id="Bmr015.F.dialogueact668" starttime="1238.68" endtime="1239.88" type="s^ba" original-type="s^ba" channel="c8" participant="fe008">
      <nite:child href="Bmr015.F.words.xml#id(Bmr015.w.5,477)..id(Bmr015.w.5,488)"/>
   </dialogueact>
   <dialogueact nite:id="Bmr015.F.dialogueact669" starttime="1240.57" endtime="1242.72" type="fh|s" original-type="fh|s" channel="c8" participant="fe008">
      <nite:child href="Bmr015.F.words.xml#id(Bmr015.w.5,489)..id(Bmr015.w.5,506)"/>
   </dialogueact>
   <dialogueact nite:id="Bmr015.F.dialogueact670" starttime="1243.42" endtime="1245.46" type="s^ba" original-type="s^ba" channel="c8" participant="fe008">
      <nite:child href="Bmr015.F.words.xml#id(Bmr015.w.5,507)..id(Bmr015.w.5,518)"/>
   </dialogueact>
   <dialogueact nite:id="Bmr015.F.dialogueact671" starttime="1245.46" endtime="1246.94" type="s" original-type="s" channel="c8" participant="fe008">
      <nite:child href="Bmr015.F.words.xml#id(Bmr015.w.5,519)..id(Bmr015.w.5,528)"/>
   </dialogueact>
   <dialogueact nite:id="Bmr015.F.dialogueact672" starttime="1247.21" endtime="1249.54" type="s" original-type="s" channel="c8" participant="fe008">
      <nite:child href="Bmr015.F.words.xml#id(Bmr015.w.5,529)..id(Bmr015.w.5,541)"/>
   </dialogueact>
   <dialogueact nite:id="Bmr015.F.dialogueact673" starttime="1249.81" endtime="1250.34" type="s^ba" original-type="s^ba" channel="c8" participant="fe008">
      <nite:child href="Bmr015.F.words.xml#id(Bmr015.w.5,542)..id(Bmr015.w.5,544)"/>
   </dialogueact>
   <dialogueact nite:id="Bmr015.F.dialogueact674" starttime="1251.16" endtime="1252.15" type="s^df" original-type="s^df" channel="c8" participant="fe008">
      <nite:child href="Bmr015.F.words.xml#id(Bmr015.w.5,545)..id(Bmr015.w.5,553)"/>
   </dialogueact>
   <dialogueact nite:id="Bmr015.F.dialogueact675" starttime="1255.17" endtime="1255.9" type="s^ba^r" original-type="s^ba^r" channel="c8" participant="fe008">
      <nite:child href="Bmr015.F.words.xml#id(Bmr015.w.5,554)..id(Bmr015.w.5,560)"/>
   </dialogueact>
   <dialogueact nite:id="Bmr015.F.dialogueact679" starttime="1266.42" endtime="1266.9" type="b" original-type="b" channel="c8" participant="fe008">
   </dialogueact>
   <dialogueact nite:id="Bmr015.F.dialogueact915" starttime="1887.23" endtime="1888.13" comment="FBH" type="s" original-type="s" channel="c8" participant="fe008">
      <nite:child href="Bmr015.F.words.xml#id(Bmr015.w.7,767)..id(Bmr015.w.7,771)"/>
   </dialogueact>
   <dialogueact nite:id="Bmr015.F.dialogueact991" starttime="2025.32" endtime="2028.16" type="s^t^tc" original-type="s^t^tc" channel="c8" participant="fe008">
      <nite:child href="Bmr015.F.words.xml#id(Bmr015.w.8,120)..id(Bmr015.w.8,139)"/>
   </dialogueact>
   <dialogueact nite:id="Bmr015.F.dialogueact992" starttime="2028.15" endtime="2031.51" type="s^t^tc" original-type="s^t^tc" channel="c8" participant="fe008">
      <nite:child href="Bmr015.F.words.xml#id(Bmr015.w.8,140)..id(Bmr015.w.8,157)"/>
   </dialogueact>
   <dialogueact nite:id="Bmr015.F.dialogueact993" starttime="2031.52" endtime="2033.92" type="s" original-type="s" channel="c8" participant="fe008">
      <nite:child href="Bmr015.F.words.xml#id(Bmr015.w.8,158)..id(Bmr015.w.8,167)"/>
   </dialogueact>
   <dialogueact nite:id="Bmr015.F.dialogueact994" starttime="2034.19" endtime="2041.88" type="s" original-type="s" channel="c8" participant="fe008">
      <nite:child href="Bmr015.F.words.xml#id(Bmr015.w.8,168)..id(Bmr015.w.8,189)"/>
   </dialogueact>
   <dialogueact nite:id="Bmr015.F.dialogueact995" starttime="2041.88" endtime="2043.35" type="s.%--" original-type="s.%--" channel="c8" participant="fe008">
      <nite:child href="Bmr015.F.words.xml#id(Bmr015.w.8,190)..id(Bmr015.w.8,198)"/>
   </dialogueact>
   <dialogueact nite:id="Bmr015.F.dialogueact996" starttime="2043.8" endtime="2047.13" type="s.%--" original-type="s.%--" channel="c8" participant="fe008">
      <nite:child href="Bmr015.F.words.xml#id(Bmr015.w.8,199)..id(Bmr015.w.8,215)"/>
   </dialogueact>
   <dialogueact nite:id="Bmr015.F.dialogueact997" starttime="2047.63" endtime="2049.42" type="s.%--" original-type="s.%--" channel="c8" participant="fe008">
      <nite:child href="Bmr015.F.words.xml#id(Bmr015.w.8,216)..id(Bmr015.disfmarker.495)"/>
   </dialogueact>
   <dialogueact nite:id="Bmr015.F.dialogueact998" starttime="2049.45" endtime="2053.1" type="s" original-type="s" channel="c8" participant="fe008">
      <nite:child href="Bmr015.F.words.xml#id(Bmr015.w.8,224)..id(Bmr015.w.8,239)"/>
   </dialogueact>
   <dialogueact nite:id="Bmr015.F.dialogueact999" starttime="2053.24" endtime="2053.97" type="s.%--" original-type="s.%--" channel="c8" participant="fe008">
      <nite:child href="Bmr015.F.words.xml#id(Bmr015.w.8,240)..id(Bmr015.w.8,244)"/>
   </dialogueact>
   <dialogueact nite:id="Bmr015.F.dialogueact1001" starttime="2054.46" endtime="2062.48" type="s^cs" original-type="s^cs" channel="c8" participant="fe008">
      <nite:child href="Bmr015.F.words.xml#id(Bmr015.w.8,247)..id(Bmr015.w.8,271)"/>
   </dialogueact>
   <dialogueact nite:id="Bmr015.F.dialogueact1002" starttime="2062.48" endtime="2063.2" type="%--" original-type="%--" channel="c8" participant="fe008">
      <nite:child href="Bmr015.F.words.xml#id(Bmr015.w.8,272)..id(Bmr015.disfmarker.496)"/>
   </dialogueact>
   <dialogueact nite:id="Bmr015.F.dialogueact1003" starttime="2063.3" endtime="2064.86" type="s^cs" original-type="s^cs" channel="c8" participant="fe008">
      <nite:child href="Bmr015.F.words.xml#id(Bmr015.w.8,275)..id(Bmr015.w.8,285)"/>
   </dialogueact>
   <dialogueact nite:id="Bmr015.F.dialogueact1004" starttime="2064.86" endtime="2065.26" type="%--" original-type="%--" channel="c8" participant="fe008">
      <nite:child href="Bmr015.F.words.xml#id(Bmr015.w.8,286)..id(Bmr015.disfmarker.497)"/>
   </dialogueact>
   <dialogueact nite:id="Bmr015.F.dialogueact1005" starttime="2065.65" endtime="2065.98" type="s.%--" original-type="s.%--" channel="c8" participant="fe008">
      <nite:child href="Bmr015.F.words.xml#id(Bmr015.w.8,288)..id(Bmr015.disfmarker.498)"/>
   </dialogueact>
   <dialogueact nite:id="Bmr015.F.dialogueact1006" starttime="2065.98" endtime="2066.49" type="s^no" original-type="s^no" channel="c8" participant="fe008">
      <nite:child href="Bmr015.F.words.xml#id(Bmr015.w.8,291)..id(Bmr015.w.8,295)"/>
   </dialogueact>
   <dialogueact nite:id="Bmr015.F.dialogueact1007" starttime="2066.49" endtime="2067.28" type="s.%--" original-type="s.%--" channel="c8" participant="fe008">
      <nite:child href="Bmr015.F.words.xml#id(Bmr015.w.8,296)..id(Bmr015.w.8,301)"/>
   </dialogueact>
   <dialogueact nite:id="Bmr015.F.dialogueact1008" starttime="2067.28" endtime="2068.77" type="s" original-type="s" channel="c8" participant="fe008">
      <nite:child href="Bmr015.F.words.xml#id(Bmr015.w.8,302)..id(Bmr015.w.8,310)"/>
   </dialogueact>
   <dialogueact nite:id="Bmr015.F.dialogueact1010" starttime="2068.77" endtime="2072.36" type="s" adjacency="1a" original-type="s" channel="c8" participant="fe008">
      <nite:child href="Bmr015.F.words.xml#id(Bmr015.w.8,311)..id(Bmr015.w.8,329)"/>
   </dialogueact>
   <dialogueact nite:id="Bmr015.F.dialogueact1011" starttime="2072.36" endtime="2073.96" type="s^ba" adjacency="1a+" original-type="s^ba" channel="c8" participant="fe008">
      <nite:child href="Bmr015.F.words.xml#id(Bmr015.w.8,330)..id(Bmr015.w.8,336)"/>
   </dialogueact>
   <dialogueact nite:id="Bmr015.F.dialogueact1012" starttime="2073.96" endtime="2074.32" type="%-" original-type="%-" channel="c8" participant="fe008">
      <nite:child href="Bmr015.F.words.xml#id(Bmr015.w.8,337)..id(Bmr015.disfmarker.501)"/>
   </dialogueact>
   <dialogueact nite:id="Bmr015.F.dialogueact1019" starttime="2080.88" endtime="2083.84" type="s^nd.%--" adjacency="2b" original-type="s^nd.%--" channel="c8" participant="fe008">
      <nite:child href="Bmr015.F.words.xml#id(Bmr015.w.8,385)..id(Bmr015.disfmarker.504)"/>
   </dialogueact>
   <dialogueact nite:id="Bmr015.F.dialogueact1020" starttime="2083.84" endtime="2086.19" type="s.%--" original-type="s.%--" channel="c8" participant="fe008">
      <nite:child href="Bmr015.F.words.xml#id(Bmr015.w.8,393)..id(Bmr015.disfmarker.505)"/>
   </dialogueact>
   <dialogueact nite:id="Bmr015.F.dialogueact1021" starttime="2086.41" endtime="2088.46" type="s" original-type="s" channel="c8" participant="fe008">
      <nite:child href="Bmr015.F.words.xml#id(Bmr015.w.8,407)..id(Bmr015.w.8,420)"/>
   </dialogueact>
   <dialogueact nite:id="Bmr015.F.dialogueact1023" starttime="2088.72" endtime="2092.9" type="s^df" original-type="s^df" channel="c8" participant="fe008">
      <nite:child href="Bmr015.F.words.xml#id(Bmr015.w.8,421)..id(Bmr015.w.8,439)"/>
   </dialogueact>
   <dialogueact nite:id="Bmr015.F.dialogueact1024" starttime="2092.95" endtime="2093.94" type="s.%--" original-type="s.%--" channel="c8" participant="fe008">
      <nite:child href="Bmr015.F.words.xml#id(Bmr015.w.8,440)..id(Bmr015.disfmarker.510)"/>
   </dialogueact>
   <dialogueact nite:id="Bmr015.F.dialogueact1026" starttime="2094.25" endtime="2094.81" type="%--" original-type="%--" channel="c8" participant="fe008">
      <nite:child href="Bmr015.F.words.xml#id(Bmr015.w.8,452)..id(Bmr015.w.8,454)"/>
   </dialogueact>
   <dialogueact nite:id="Bmr015.F.dialogueact1027" starttime="2094.81" endtime="2096.53" type="s^na" adjacency="3a" original-type="s^na" channel="c8" participant="fe008">
      <nite:child href="Bmr015.F.words.xml#id(Bmr015.w.8,455)..id(Bmr015.w.8,461)"/>
   </dialogueact>
   <dialogueact nite:id="Bmr015.F.dialogueact1028" starttime="2096.53" endtime="2096.88" type="s.%--" adjacency="3a+" original-type="s.%--" channel="c8" participant="fe008">
      <nite:child href="Bmr015.F.words.xml#id(Bmr015.w.8,462)..id(Bmr015.w.8,463)"/>
   </dialogueact>
   <dialogueact nite:id="Bmr015.F.dialogueact1031" starttime="2101.17" endtime="2102.83" type="s^nd.%--" adjacency="4b" original-type="s^nd.%--" channel="c8" participant="fe008">
      <nite:child href="Bmr015.F.words.xml#id(Bmr015.w.8,476)..id(Bmr015.disfmarker.513)"/>
   </dialogueact>
   <dialogueact nite:id="Bmr015.F.dialogueact1032" starttime="2103.44" endtime="2104.19" type="s^bk" adjacency="4b+" original-type="s^bk" channel="c8" participant="fe008">
      <nite:child href="Bmr015.F.words.xml#id(Bmr015.w.8,485)..id(Bmr015.w.8,493)"/>
   </dialogueact>
   <dialogueact nite:id="Bmr015.F.dialogueact1033" starttime="2104.19" endtime="2108.83" type="s" adjacency="5a" original-type="s" channel="c8" participant="fe008">
      <nite:child href="Bmr015.F.words.xml#id(Bmr015.w.8,494)..id(Bmr015.w.8,510)"/>
   </dialogueact>
   <dialogueact nite:id="Bmr015.F.dialogueact1036" starttime="2110.26" endtime="2110.44" type="%-" original-type="%-" channel="c8" participant="fe008">
      <nite:child href="Bmr015.F.words.xml#id(Bmr015.w.8,513)..id(Bmr015.disfmarker.515)"/>
   </dialogueact>
   <dialogueact nite:id="Bmr015.F.dialogueact1043" starttime="2117.67" endtime="2119.81" type="s^bk|s" original-type="s^bk|s" channel="c8" participant="fe008">
      <nite:child href="Bmr015.F.words.xml#id(Bmr015.w.8,551)..id(Bmr015.w.8,560)"/>
   </dialogueact>
   <dialogueact nite:id="Bmr015.F.dialogueact1046" starttime="2120.42" endtime="2120.6" type="b" original-type="b" channel="c8" participant="fe008">
      <nite:child href="Bmr015.F.words.xml#id(Bmr015.w.8,572)..id(Bmr015.w.8,573)"/>
   </dialogueact>
   <dialogueact nite:id="Bmr015.F.dialogueact1049" starttime="2128.79" endtime="2130.63" type="s^bk|s^cs" adjacency="8b" original-type="s^bk|s^cs" channel="c8" participant="fe008">
      <nite:child href="Bmr015.F.words.xml#id(Bmr015.w.8,602)..id(Bmr015.w.8,611)"/>
   </dialogueact>
   <dialogueact nite:id="Bmr015.F.dialogueact1051" starttime="2130.63" endtime="2130.75" type="qw" adjacency="9b.10a" original-type="qw" channel="c8" participant="fe008">
      <nite:child href="Bmr015.F.words.xml#id(Bmr015.w.8,612)..id(Bmr015.w.8,613)"/>
   </dialogueact>
   <dialogueact nite:id="Bmr015.F.dialogueact1056" starttime="2141.82" endtime="2142.61" type="s^bk|%-" adjacency="11b" original-type="s^bk|%-" channel="c8" participant="fe008">
      <nite:child href="Bmr015.F.words.xml#id(Bmr015.w.8,666)..id(Bmr015.disfmarker.528)"/>
   </dialogueact>
   <dialogueact nite:id="Bmr015.F.dialogueact1061" starttime="2161.44" endtime="2162.73" type="s^ba" adjacency="12b" original-type="s^ba" channel="c8" participant="fe008">
      <nite:child href="Bmr015.F.words.xml#id(Bmr015.w.8,749)..id(Bmr015.w.8,754)"/>
   </dialogueact>
   <dialogueact nite:id="Bmr015.F.dialogueact1063" starttime="2162.73" endtime="2169.99" type="s^df" adjacency="12b+" original-type="s^df" channel="c8" participant="fe008">
      <nite:child href="Bmr015.F.words.xml#id(Bmr015.w.8,755)..id(Bmr015.w.8,779)"/>
   </dialogueact>
   <dialogueact nite:id="Bmr015.F.dialogueact1064" starttime="2169.99" endtime="2174.55" type="s" original-type="s" channel="c8" participant="fe008">
      <nite:child href="Bmr015.F.words.xml#id(Bmr015.w.8,780)..id(Bmr015.w.8,795)"/>
   </dialogueact>
   <dialogueact nite:id="Bmr015.F.dialogueact1066" starttime="2175.06" endtime="2176.02" type="s.%--" original-type="s.%--" channel="c8" participant="fe008">
      <nite:child href="Bmr015.F.words.xml#id(Bmr015.w.8,800)..id(Bmr015.w.8,802)"/>
   </dialogueact>
   <dialogueact nite:id="Bmr015.F.dialogueact1067" starttime="2176.02" endtime="2176.86" type="s" original-type="s" channel="c8" participant="fe008">
      <nite:child href="Bmr015.F.words.xml#id(Bmr015.w.8,803)..id(Bmr015.w.8,808)"/>
   </dialogueact>
   <dialogueact nite:id="Bmr015.F.dialogueact1068" starttime="2176.86" endtime="2177.7" type="s^e" original-type="s^e" channel="c8" participant="fe008">
      <nite:child href="Bmr015.F.words.xml#id(Bmr015.w.8,809)..id(Bmr015.w.8,814)"/>
   </dialogueact>
   <dialogueact nite:id="Bmr015.F.dialogueact1069" starttime="2177.7" endtime="2179.32" type="s^bd^df" original-type="s^bd^df" channel="c8" participant="fe008">
      <nite:child href="Bmr015.F.words.xml#id(Bmr015.w.8,815)..id(Bmr015.w.8,823)"/>
   </dialogueact>
   <dialogueact nite:id="Bmr015.F.dialogueact1070" starttime="2179.32" endtime="2180.8" type="s^df" original-type="s^df" channel="c8" participant="fe008">
      <nite:child href="Bmr015.F.words.xml#id(Bmr015.w.8,824)..id(Bmr015.w.8,828)"/>
   </dialogueact>
   <dialogueact nite:id="Bmr015.F.dialogueact1071" starttime="2181.04" endtime="2183.5" type="fg|s" original-type="fg|s" channel="c8" participant="fe008">
      <nite:child href="Bmr015.F.words.xml#id(Bmr015.w.8,829)..id(Bmr015.w.8,843)"/>
   </dialogueact>
   <dialogueact nite:id="Bmr015.F.dialogueact1073" starttime="2183.5" endtime="2187.23" type="s.%--" original-type="s.%--" channel="c8" participant="fe008">
      <nite:child href="Bmr015.F.words.xml#id(Bmr015.w.8,844)..id(Bmr015.w.8,861)"/>
   </dialogueact>
   <dialogueact nite:id="Bmr015.F.dialogueact1074" starttime="2187.3" endtime="2188.5" type="s" original-type="s" channel="c8" participant="fe008">
      <nite:child href="Bmr015.F.words.xml#id(Bmr015.w.8,862)..id(Bmr015.w.8,867)"/>
   </dialogueact>
   <dialogueact nite:id="Bmr015.F.dialogueact1075" starttime="2188.5" endtime="2191.21" type="s" original-type="s" channel="c8" participant="fe008">
      <nite:child href="Bmr015.F.words.xml#id(Bmr015.w.8,868)..id(Bmr015.w.8,881)"/>
   </dialogueact>
   <dialogueact nite:id="Bmr015.F.dialogueact1077" starttime="2191.57" endtime="2195.42" type="s" original-type="s" channel="c8" participant="fe008">
      <nite:child href="Bmr015.F.words.xml#id(Bmr015.w.8,886)..id(Bmr015.w.8,900)"/>
   </dialogueact>
   <dialogueact nite:id="Bmr015.F.dialogueact1078" starttime="2195.47" endtime="2197.16" type="s" original-type="s" channel="c8" participant="fe008">
      <nite:child href="Bmr015.F.words.xml#id(Bmr015.w.8,901)..id(Bmr015.w.8,910)"/>
   </dialogueact>
   <dialogueact nite:id="Bmr015.F.dialogueact1079" starttime="2197.16" endtime="2197.71" type="fh" original-type="fh" channel="c8" participant="fe008">
      <nite:child href="Bmr015.F.words.xml#id(Bmr015.w.8,911)..id(Bmr015.w.8,913)"/>
   </dialogueact>
   <dialogueact nite:id="Bmr015.F.dialogueact1081" starttime="2198.02" endtime="2200.36" type="s" original-type="s" channel="c8" participant="fe008">
      <nite:child href="Bmr015.F.words.xml#id(Bmr015.w.8,918)..id(Bmr015.w.8,928)"/>
   </dialogueact>
   <dialogueact nite:id="Bmr015.F.dialogueact1082" starttime="2200.58" endtime="2201.9" type="s.%--" original-type="s.%--" channel="c8" participant="fe008">
      <nite:child href="Bmr015.F.words.xml#id(Bmr015.w.8,929)..id(Bmr015.w.8,932)"/>
   </dialogueact>
   <dialogueact nite:id="Bmr015.F.dialogueact1083" starttime="2201.9" endtime="2204.41" type="%--" original-type="%--" channel="c8" participant="fe008">
      <nite:child href="Bmr015.F.words.xml#id(Bmr015.w.8,933)..id(Bmr015.w.8,945)"/>
   </dialogueact>
   <dialogueact nite:id="Bmr015.F.dialogueact1084" starttime="2204.58" endtime="2205.68" type="s^fa|s" original-type="s^fa|s" channel="c8" participant="fe008">
      <nite:child href="Bmr015.F.words.xml#id(Bmr015.w.8,946)..id(Bmr015.w.8,953)"/>
   </dialogueact>
   <dialogueact nite:id="Bmr015.F.dialogueact1085" starttime="2205.82" endtime="2206.56" type="fh" original-type="fh" channel="c8" participant="fe008">
      <nite:child href="Bmr015.F.words.xml#id(Bmr015.w.8,954)..id(Bmr015.w.8,957)"/>
   </dialogueact>
   <dialogueact nite:id="Bmr015.F.dialogueact1086" starttime="2206.72" endtime="2211.51" type="s" original-type="s" channel="c8" participant="fe008">
      <nite:child href="Bmr015.F.words.xml#id(Bmr015.w.8,958)..id(Bmr015.w.8,978)"/>
   </dialogueact>
   <dialogueact nite:id="Bmr015.F.dialogueact1087" starttime="2212.01" endtime="2218.58" type="s" original-type="s" channel="c8" participant="fe008">
      <nite:child href="Bmr015.F.words.xml#id(Bmr015.w.8,979)..id(Bmr015.w.9,005)"/>
   </dialogueact>
   <dialogueact nite:id="Bmr015.F.dialogueact1088" starttime="2218.72" endtime="2224.78" type="qy" adjacency="13a" original-type="qy" channel="c8" participant="fe008">
      <nite:child href="Bmr015.F.words.xml#id(Bmr015.w.9,006)..id(Bmr015.w.9,025)"/>
   </dialogueact>
   <dialogueact nite:id="Bmr015.F.dialogueact1089" starttime="2224.78" endtime="2226.47" type="qy" adjacency="13a+" original-type="qy" channel="c8" participant="fe008">
      <nite:child href="Bmr015.F.words.xml#id(Bmr015.w.9,026)..id(Bmr015.w.9,032)"/>
   </dialogueact>
   <dialogueact nite:id="Bmr015.F.dialogueact1091" starttime="2230.72" endtime="2231.87" type="s^df^na" adjacency="14b" original-type="s^df^na" channel="c8" participant="fe008">
      <nite:child href="Bmr015.F.words.xml#id(Bmr015.w.9,042)..id(Bmr015.w.9,052)"/>
   </dialogueact>
   <dialogueact nite:id="Bmr015.F.dialogueact1092" starttime="2231.87" endtime="2234.41" type="s" original-type="s" channel="c8" participant="fe008">
      <nite:child href="Bmr015.F.words.xml#id(Bmr015.w.9,053)..id(Bmr015.w.9,066)"/>
   </dialogueact>
   <dialogueact nite:id="Bmr015.F.dialogueact1094" starttime="2234.92" endtime="2242.27" type="s" original-type="s" channel="c8" participant="fe008">
      <nite:child href="Bmr015.F.words.xml#id(Bmr015.w.9,071)..id(Bmr015.w.9,106)"/>
   </dialogueact>
   <dialogueact nite:id="Bmr015.F.dialogueact1099" starttime="2242.33" endtime="2243.59" type="s^cs" adjacency="15a" original-type="s^cs" channel="c8" participant="fe008">
      <nite:child href="Bmr015.F.words.xml#id(Bmr015.w.9,107)..id(Bmr015.w.9,115)"/>
   </dialogueact>
   <dialogueact nite:id="Bmr015.F.dialogueact1100" starttime="2243.59" endtime="2245.37" type="s" adjacency="15a+" original-type="s" channel="c8" participant="fe008">
      <nite:child href="Bmr015.F.words.xml#id(Bmr015.w.9,116)..id(Bmr015.w.9,128)"/>
   </dialogueact>
   <dialogueact nite:id="Bmr015.F.dialogueact1101" starttime="2245.37" endtime="2247.32" type="s" adjacency="15a++" original-type="s" channel="c8" participant="fe008">
      <nite:child href="Bmr015.F.words.xml#id(Bmr015.w.9,129)..id(Bmr015.w.9,141)"/>
   </dialogueact>
   <dialogueact nite:id="Bmr015.F.dialogueact1103" starttime="2252.09" endtime="2252.86" type="%-" original-type="%-" channel="c8" participant="fe008">
      <nite:child href="Bmr015.F.words.xml#id(Bmr015.w.9,161)..id(Bmr015.disfmarker.552)"/>
   </dialogueact>
   <dialogueact nite:id="Bmr015.F.dialogueact1105" starttime="2254.43" endtime="2257.05" type="fg|s" original-type="fg|s" channel="c8" participant="fe008">
      <nite:child href="Bmr015.F.words.xml#id(Bmr015.w.9,177)..id(Bmr015.w.9,189)"/>
   </dialogueact>
   <dialogueact nite:id="Bmr015.F.dialogueact1107" starttime="2257.05" endtime="2262.06" type="s^cs" original-type="s^cs" channel="c8" participant="fe008">
      <nite:child href="Bmr015.F.words.xml#id(Bmr015.w.9,190)..id(Bmr015.w.9,204)"/>
   </dialogueact>
   <dialogueact nite:id="Bmr015.F.dialogueact1108" starttime="2262.87" endtime="2265.43" type="s" adjacency="16a" original-type="s" channel="c8" participant="fe008">
      <nite:child href="Bmr015.F.words.xml#id(Bmr015.w.9,205)..id(Bmr015.w.9,218)"/>
   </dialogueact>
   <dialogueact nite:id="Bmr015.F.dialogueact1113" starttime="2288.37" endtime="2290.98" type="s^bk|s" adjacency="17b" original-type="s^bk|s" channel="c8" participant="fe008">
      <nite:child href="Bmr015.F.words.xml#id(Bmr015.w.9,332)..id(Bmr015.w.9,343)"/>
   </dialogueact>
   <dialogueact nite:id="Bmr015.F.dialogueact1116" starttime="2290.98" endtime="2296.39" type="s" original-type="s" channel="c8" participant="fe008">
      <nite:child href="Bmr015.F.words.xml#id(Bmr015.w.9,344)..id(Bmr015.w.9,395)"/>
   </dialogueact>
   <dialogueact nite:id="Bmr015.F.dialogueact1139" starttime="2345.44" endtime="2346.21" type="s" adjacency="22b" original-type="s" channel="c8" participant="fe008">
      <nite:child href="Bmr015.F.words.xml#id(Bmr015.w.9,604)..id(Bmr015.w.9,611)"/>
   </dialogueact>
   <dialogueact nite:id="Bmr015.F.dialogueact1142" starttime="2346.69" endtime="2349.14" type="s" original-type="s" channel="c8" participant="fe008">
      <nite:child href="Bmr015.F.words.xml#id(Bmr015.w.9,612)..id(Bmr015.w.9,623)"/>
   </dialogueact>
   <dialogueact nite:id="Bmr015.F.dialogueact1151" starttime="2374.38" endtime="2376.33" type="s^aa|s^na" adjacency="23b" original-type="s^aa|s^na" channel="c8" participant="fe008">
      <nite:child href="Bmr015.F.words.xml#id(Bmr015.w.9,749)..id(Bmr015.w.9,758)"/>
   </dialogueact>
   <dialogueact nite:id="Bmr015.F.dialogueact1162" starttime="2407.87" endtime="2408.21" type="b" original-type="b" channel="c8" participant="fe008">
      <nite:child href="Bmr015.F.words.xml#id(Bmr015.w.9,866)..id(Bmr015.w.9,869)"/>
   </dialogueact>
   <dialogueact nite:id="Bmr015.F.dialogueact1174" starttime="2444.8" endtime="2445.02" type="b" original-type="b" channel="c8" participant="fe008">
      <nite:child href="Bmr015.F.words.xml#id(Bmr015.w.9,987)..id(Bmr015.w.9,988)"/>
   </dialogueact>
   <dialogueact nite:id="Bmr015.F.dialogueact1187" starttime="2479.49" endtime="2479.99" type="s^bk|s^ba" adjacency="1b" original-type="s^bk|s^ba" channel="c8" participant="fe008">
      <nite:child href="Bmr015.F.words.xml#id(Bmr015.w.10,119)..id(Bmr015.w.10,123)"/>
   </dialogueact>
   <dialogueact nite:id="Bmr015.F.dialogueact1188" starttime="2479.99" endtime="2486.42" type="qw" adjacency="2a" original-type="qw" channel="c8" participant="fe008">
      <nite:child href="Bmr015.F.words.xml#id(Bmr015.w.10,124)..id(Bmr015.w.10,150)"/>
   </dialogueact>
   <dialogueact nite:id="Bmr015.F.dialogueact1189" starttime="2486.52" endtime="2495.59" type="s^df.%--" adjacency="2a+" original-type="s^df.%--" channel="c8" participant="fe008">
      <nite:child href="Bmr015.F.words.xml#id(Bmr015.w.10,151)..id(Bmr015.w.10,186)"/>
   </dialogueact>
   <dialogueact nite:id="Bmr015.F.dialogueact1190" starttime="2495.59" endtime="2497.97" type="s^bd" adjacency="2a++" original-type="s^bd" channel="c8" participant="fe008">
      <nite:child href="Bmr015.F.words.xml#id(Bmr015.w.10,187)..id(Bmr015.w.10,205)"/>
   </dialogueact>
   <dialogueact nite:id="Bmr015.F.dialogueact1191" starttime="2497.97" endtime="2502.35" type="s.%--" adjacency="2a+++" original-type="s.%--" channel="c8" participant="fe008">
      <nite:child href="Bmr015.F.words.xml#id(Bmr015.w.10,206)..id(Bmr015.w.10,222)"/>
   </dialogueact>
   <dialogueact nite:id="Bmr015.F.dialogueact1192" starttime="2503.42" endtime="2505.21" type="s.%-" adjacency="2a++++" original-type="s.%-" channel="c8" participant="fe008">
      <nite:child href="Bmr015.F.words.xml#id(Bmr015.w.10,223)..id(Bmr015.disfmarker.618)"/>
   </dialogueact>
   <dialogueact nite:id="Bmr015.F.dialogueact1196" starttime="2506.31" endtime="2507.55" type="s^bk|s^df" adjacency="3b.4a" original-type="s^bk|s^df" channel="c8" participant="fe008">
      <nite:child href="Bmr015.F.words.xml#id(Bmr015.w.10,245)..id(Bmr015.w.10,257)"/>
   </dialogueact>
   <dialogueact nite:id="Bmr015.F.dialogueact1203" starttime="2520.27" endtime="2520.42" type="b" original-type="b" channel="c8" participant="fe008">
      <nite:child href="Bmr015.F.words.xml#id(Bmr015.w.10,320)..id(Bmr015.w.10,321)"/>
   </dialogueact>
   <dialogueact nite:id="Bmr015.F.dialogueact1207" starttime="2528.96" endtime="2529.98" type="s" adjacency="5b.6a" original-type="s" channel="c8" participant="fe008">
      <nite:child href="Bmr015.F.words.xml#id(Bmr015.w.10,369)..id(Bmr015.w.10,374)"/>
   </dialogueact>
   <dialogueact nite:id="Bmr015.F.dialogueact1209" starttime="2529.98" endtime="2536.23" type="s^df" adjacency="5b+.6a+" original-type="s^df" channel="c8" participant="fe008">
      <nite:child href="Bmr015.F.words.xml#id(Bmr015.w.10,375)..id(Bmr015.w.10,402)"/>
   </dialogueact>
   <dialogueact nite:id="Bmr015.F.dialogueact1210" starttime="2536.41" endtime="2539.82" type="s" adjacency="5b++.6a++" original-type="s" channel="c8" participant="fe008">
      <nite:child href="Bmr015.F.words.xml#id(Bmr015.w.10,403)..id(Bmr015.w.10,424)"/>
   </dialogueact>
   <dialogueact nite:id="Bmr015.F.dialogueact1228" starttime="2571.24" endtime="2574.11" type="s^bk|s" adjacency="7b.8a" original-type="s^bk|s" channel="c8" participant="fe008">
      <nite:child href="Bmr015.F.words.xml#id(Bmr015.w.10,583)..id(Bmr015.w.10,601)"/>
   </dialogueact>
   <dialogueact nite:id="Bmr015.F.dialogueact1229" starttime="2574.11" endtime="2575.89" type="s^df" adjacency="7b+.8a+" original-type="s^df" channel="c8" participant="fe008">
      <nite:child href="Bmr015.F.words.xml#id(Bmr015.w.10,602)..id(Bmr015.w.10,610)"/>
   </dialogueact>
   <dialogueact nite:id="Bmr015.F.dialogueact1232" starttime="2580.09" endtime="2580.39" type="s^bk" original-type="s^bk" channel="c8" participant="fe008">
      <nite:child href="Bmr015.F.words.xml#id(Bmr015.w.10,617)..id(Bmr015.w.10,618)"/>
   </dialogueact>
</nite:root>