<?xml version="1.0" encoding="ISO-8859-1" standalone="yes"?>
<nite:root nite:id="Bmr028.E.dialogue-acts" xmlns:nite="http://nite.sourceforge.net/">
   <dialogueact nite:id="Bmr028.E.dialogueact43" starttime="92.598" endtime="93.218" type="s^ba" original-type="s^ba" channel="c4" participant="me001">
      <nite:child href="Bmr028.E.words.xml#id(Bmr028.w.348)..id(Bmr028.w.353)"/>
   </dialogueact>
   <dialogueact nite:id="Bmr028.E.dialogueact67" starttime="137.203" endtime="139.303" type="s^aa|s" adjacency="14b" original-type="s^aa|s" channel="c4" participant="me001">
      <nite:child href="Bmr028.E.words.xml#id(Bmr028.w.562)..id(Bmr028.w.567)"/>
   </dialogueact>
   <dialogueact nite:id="Bmr028.E.dialogueact79" starttime="158.501" endtime="159.691" type="s" adjacency="15b.16a" original-type="s" channel="c4" participant="me001">
      <nite:child href="Bmr028.E.words.xml#id(Bmr028.w.678)..id(Bmr028.w.683)"/>
   </dialogueact>
   <dialogueact nite:id="Bmr028.E.dialogueact81" starttime="160.925" endtime="161.195" type="b" original-type="b" channel="c4" participant="me001">
      <nite:child href="Bmr028.E.words.xml#id(Bmr028.w.686)..id(Bmr028.w.687)"/>
   </dialogueact>
   <dialogueact nite:id="Bmr028.E.dialogueact82" starttime="162.685" endtime="163.155" type="fh" original-type="fh" channel="c4" participant="me001">
      <nite:child href="Bmr028.E.words.xml#id(Bmr028.w.697)..id(Bmr028.w.698)"/>
   </dialogueact>
   <dialogueact nite:id="Bmr028.E.dialogueact102" starttime="211.303" endtime="212.873" type="s^t3" adjacency="20a" original-type="s^t3" channel="c4" participant="me001">
      <nite:child href="Bmr028.E.words.xml#id(Bmr028.w.902)..id(Bmr028.w.912)"/>
   </dialogueact>
   <dialogueact nite:id="Bmr028.E.dialogueact105" starttime="215.046" endtime="216.096" type="s^bk|qy^bu^d" adjacency="21b" original-type="s^bk|qy^bu^d" channel="c4" participant="me001">
      <nite:child href="Bmr028.E.words.xml#id(Bmr028.w.929)..id(Bmr028.w.933)"/>
   </dialogueact>
   <dialogueact nite:id="Bmr028.E.dialogueact155" starttime="306.078" endtime="306.678" type="fg|%-" original-type="fg|%-" channel="c4" participant="me001">
      <nite:child href="Bmr028.E.words.xml#id(Bmr028.w.1,317)..id(Bmr028.w.1,320)"/>
   </dialogueact>
   <dialogueact nite:id="Bmr028.E.dialogueact159" starttime="313.225" endtime="314.835" type="s^cs" adjacency="30a" original-type="s^cs" channel="c4" participant="me001">
      <nite:child href="Bmr028.E.words.xml#id(Bmr028.w.1,363)..id(Bmr028.w.1,377)"/>
   </dialogueact>
   <dialogueact nite:id="Bmr028.E.dialogueact160" starttime="314.835" endtime="317.235" type="s^df" adjacency="30a+" original-type="s^df" channel="c4" participant="me001">
      <nite:child href="Bmr028.E.words.xml#id(Bmr028.w.1,378)..id(Bmr028.w.1,388)"/>
   </dialogueact>
   <dialogueact nite:id="Bmr028.E.dialogueact162" starttime="317.935" endtime="320.505" type="s^cs^e" original-type="s^cs^e" channel="c4" participant="me001">
      <nite:child href="Bmr028.E.words.xml#id(Bmr028.w.1,391)..id(Bmr028.w.1,398)"/>
   </dialogueact>
   <dialogueact nite:id="Bmr028.E.dialogueact164" starttime="320.505" endtime="327.57" type="s^ba^cs" adjacency="31a" original-type="s^ba^cs" channel="c4" participant="me001">
      <nite:child href="Bmr028.E.words.xml#id(Bmr028.w.1,399)..id(Bmr028.w.1,433)"/>
   </dialogueact>
   <dialogueact nite:id="Bmr028.E.dialogueact165" starttime="327.57" endtime="331.5" type="s^cs" adjacency="31a+" original-type="s^cs" channel="c4" participant="me001">
      <nite:child href="Bmr028.E.words.xml#id(Bmr028.w.1,434)..id(Bmr028.w.1,465)"/>
   </dialogueact>
   <dialogueact nite:id="Bmr028.E.dialogueact169" starttime="332.581" endtime="333.391" type="s^e" original-type="s^e" channel="c4" participant="me001">
      <nite:child href="Bmr028.E.words.xml#id(Bmr028.w.1,478)..id(Bmr028.w.1,481)"/>
   </dialogueact>
   <dialogueact nite:id="Bmr028.E.dialogueact210" starttime="400.711" endtime="401.041" type="s^aa" adjacency="42b-2" original-type="s^aa" channel="c4" participant="me001">
      <nite:child href="Bmr028.E.words.xml#id(Bmr028.w.1,784)..id(Bmr028.w.1,785)"/>
   </dialogueact>
   <dialogueact nite:id="Bmr028.E.dialogueact212" starttime="405.36" endtime="405.59" type="b" original-type="b" channel="c4" participant="me001">
      <nite:child href="Bmr028.E.words.xml#id(Bmr028.w.1,809)..id(Bmr028.w.1,810)"/>
   </dialogueact>
   <dialogueact nite:id="Bmr028.E.dialogueact216" starttime="408.529" endtime="408.789" type="b" original-type="b" channel="c4" participant="me001">
      <nite:child href="Bmr028.E.words.xml#id(Bmr028.w.1,838)..id(Bmr028.w.1,839)"/>
   </dialogueact>
   <dialogueact nite:id="Bmr028.E.dialogueact266" starttime="477.956" endtime="479.156" type="fg|s" original-type="fg|s" channel="c4" participant="me001">
      <nite:child href="Bmr028.E.words.xml#id(Bmr028.w.2,209)..id(Bmr028.w.2,217)"/>
   </dialogueact>
   <dialogueact nite:id="Bmr028.E.dialogueact268" starttime="479.586" endtime="480.536" type="fh" original-type="fh" channel="c4" participant="me001">
      <nite:child href="Bmr028.E.words.xml#id(Bmr028.w.2,218)"/>
   </dialogueact>
   <dialogueact nite:id="Bmr028.E.dialogueact269" starttime="481.04" endtime="483.83" type="s" original-type="s" channel="c4" participant="me001">
      <nite:child href="Bmr028.E.words.xml#id(Bmr028.w.2,223)..id(Bmr028.w.2,233)"/>
   </dialogueact>
   <dialogueact nite:id="Bmr028.E.dialogueact270" starttime="483.89" endtime="486.23" type="s^ba" original-type="s^ba" channel="c4" participant="me001">
      <nite:child href="Bmr028.E.words.xml#id(Bmr028.w.2,234)..id(Bmr028.w.2,241)"/>
   </dialogueact>
   <dialogueact nite:id="Bmr028.E.dialogueact272" starttime="486.821" endtime="488.371" type="s" original-type="s" channel="c4" participant="me001">
      <nite:child href="Bmr028.E.words.xml#id(Bmr028.w.2,244)..id(Bmr028.w.2,251)"/>
   </dialogueact>
   <dialogueact nite:id="Bmr028.E.dialogueact273" starttime="488.371" endtime="496.215" type="s^bd" original-type="s^bd" channel="c4" participant="me001">
      <nite:child href="Bmr028.E.words.xml#id(Bmr028.w.2,252)..id(Bmr028.w.2,274)"/>
   </dialogueact>
   <dialogueact nite:id="Bmr028.E.dialogueact274" starttime="496.215" endtime="497.925" type="s^bd" original-type="s^bd" channel="c4" participant="me001">
      <nite:child href="Bmr028.E.words.xml#id(Bmr028.w.2,275)..id(Bmr028.w.2,282)"/>
   </dialogueact>
   <dialogueact nite:id="Bmr028.E.dialogueact275" starttime="497.925" endtime="501.015" type="s^e" adjacency="57a" original-type="s^e" channel="c4" participant="me001">
      <nite:child href="Bmr028.E.words.xml#id(Bmr028.w.2,283)..id(Bmr028.w.2,299)"/>
   </dialogueact>
   <dialogueact nite:id="Bmr028.E.dialogueact276" starttime="501.505" endtime="506.655" type="s" adjacency="57a+" original-type="s" channel="c4" participant="me001">
      <nite:child href="Bmr028.E.words.xml#id(Bmr028.w.2,300)..id(Bmr028.w.2,325)"/>
   </dialogueact>
   <dialogueact nite:id="Bmr028.E.dialogueact277" starttime="506.735" endtime="506.955" type="fh" original-type="fh" channel="c4" participant="me001">
      <nite:child href="Bmr028.E.words.xml#id(Bmr028.w.2,326)..id(Bmr028.disfmarker.84)"/>
   </dialogueact>
   <dialogueact nite:id="Bmr028.E.dialogueact280" starttime="513.95" endtime="517.462" type="s^bu.%-" adjacency="58b.59a" original-type="s^bu.%-" channel="c4" participant="me001">
      <nite:child href="Bmr028.E.words.xml#id(Bmr028.w.2,365)..id(Bmr028.w.2,384)"/>
   </dialogueact>
   <dialogueact nite:id="Bmr028.E.dialogueact284" starttime="519.81" endtime="520.08" type="s^bk" adjacency="60b" original-type="s^bk" channel="c4" participant="me001">
      <nite:child href="Bmr028.E.words.xml#id(Bmr028.w.2,405)..id(Bmr028.w.2,406)"/>
   </dialogueact>
   <dialogueact nite:id="Bmr028.E.dialogueact286" starttime="521.821" endtime="522.061" type="s^bk" original-type="s^bk" channel="c4" participant="me001">
      <nite:child href="Bmr028.E.words.xml#id(Bmr028.w.2,407)..id(Bmr028.w.2,408)"/>
   </dialogueact>
   <dialogueact nite:id="Bmr028.E.dialogueact300" starttime="554.313" endtime="555.423" type="qw^rt^t^tc" adjacency="62a" original-type="qw^rt^t^tc" channel="c4" participant="me001">
      <nite:child href="Bmr028.E.words.xml#id(Bmr028.w.2,544)..id(Bmr028.w.2,550)"/>
   </dialogueact>
   <dialogueact nite:id="Bmr028.E.dialogueact340" starttime="635.432" endtime="635.632" type="s^bk" adjacency="6b" original-type="s^bk" channel="c4" participant="me001">
      <nite:child href="Bmr028.E.words.xml#id(Bmr028.w.2,842)..id(Bmr028.w.2,843)"/>
   </dialogueact>
   <dialogueact nite:id="Bmr028.E.dialogueact347" starttime="653.048" endtime="653.848" type="qy^2^bu^d^j^rt" adjacency="7b.8a" original-type="qy^2^bu^d^j^rt" channel="c4" participant="me001">
      <nite:child href="Bmr028.E.words.xml#id(Bmr028.w.2,890)..id(Bmr028.w.2,894)"/>
   </dialogueact>
   <dialogueact nite:id="Bmr028.E.dialogueact535" starttime="955.692" endtime="956.472" type="b" original-type="b" channel="c4" participant="me001">
      <nite:child href="Bmr028.E.words.xml#id(Bmr028.w.4,382)..id(Bmr028.w.4,385)"/>
   </dialogueact>
   <dialogueact nite:id="Bmr028.E.dialogueact636" starttime="1131.89" endtime="1132.11" type="s^bk" adjacency="71b" original-type="s^bk" channel="c4" participant="me001">
      <nite:child href="Bmr028.E.words.xml#id(Bmr028.w.5,327)..id(Bmr028.w.5,328)"/>
   </dialogueact>
   <dialogueact nite:id="Bmr028.E.dialogueact665" starttime="1160.6" endtime="1167.85" type="s" adjacency="76a" original-type="s" channel="c4" participant="me001">
      <nite:child href="Bmr028.E.words.xml#id(Bmr028.w.5,502)..id(Bmr028.w.5,518)"/>
   </dialogueact>
   <dialogueact nite:id="Bmr028.E.dialogueact668" starttime="1171.36" endtime="1171.65" type="b" original-type="b" channel="c4" participant="me001">
      <nite:child href="Bmr028.E.words.xml#id(Bmr028.w.5,566)..id(Bmr028.w.5,567)"/>
   </dialogueact>
   <dialogueact nite:id="Bmr028.E.dialogueact699" starttime="1212.59" endtime="1213.12" type="s^fe" original-type="s^fe" channel="c4" participant="me001">
      <nite:child href="Bmr028.E.words.xml#id(Bmr028.w.5,804)..id(Bmr028.w.5,805)"/>
   </dialogueact>
   <dialogueact nite:id="Bmr028.E.dialogueact707" starttime="1220.79" endtime="1220.94" type="b" original-type="b" channel="c4" participant="me001">
      <nite:child href="Bmr028.E.words.xml#id(Bmr028.w.5,869)"/>
   </dialogueact>
   <dialogueact nite:id="Bmr028.E.dialogueact878" starttime="1549.9" endtime="1550.36" comment="FBH" type="b" original-type="b" channel="c4" participant="me001">
      <nite:child href="Bmr028.E.words.xml#id(Bmr028.w.7,391)..id(Bmr028.w.7,392)"/>
   </dialogueact>
   <dialogueact nite:id="Bmr028.E.dialogueact901" starttime="1599.6" endtime="1601.14" type="s" adjacency="37b.38a" original-type="s" channel="c4" participant="me001">
      <nite:child href="Bmr028.E.words.xml#id(Bmr028.w.7,619)..id(Bmr028.w.7,627)"/>
   </dialogueact>
   <dialogueact nite:id="Bmr028.E.dialogueact983" starttime="1696.16" endtime="1696.75" comment="FBH" type="b" original-type="b" channel="c4" participant="me001">
      <nite:child href="Bmr028.E.words.xml#id(Bmr028.w.8,203)..id(Bmr028.w.8,204)"/>
   </dialogueact>
   <dialogueact nite:id="Bmr028.E.dialogueact1084" starttime="1890.14" endtime="1890.61" type="b" original-type="b" channel="c4" participant="me001">
      <nite:child href="Bmr028.E.words.xml#id(Bmr028.w.9,229)..id(Bmr028.w.9,232)"/>
   </dialogueact>
   <dialogueact nite:id="Bmr028.E.dialogueact1186" starttime="2053.85" endtime="2057.12" type="s^am" adjacency="33b-1" original-type="s^am" channel="c4" participant="me001">
      <nite:child href="Bmr028.E.words.xml#id(Bmr028.w.10,037)..id(Bmr028.w.10,050)"/>
   </dialogueact>
   <dialogueact nite:id="Bmr028.E.dialogueact1193" starttime="2068.27" endtime="2069.3" type="s^aa|s" adjacency="36b.37a" original-type="s^aa|s" channel="c4" participant="me001">
      <nite:child href="Bmr028.E.words.xml#id(Bmr028.w.10,097)..id(Bmr028.w.10,102)"/>
   </dialogueact>
   <dialogueact nite:id="Bmr028.E.dialogueact1220" starttime="2105.73" endtime="2107.3" type="qw^rt" adjacency="46a" original-type="qw^rt" channel="c4" participant="me001">
      <nite:child href="Bmr028.E.words.xml#id(Bmr028.w.10,374)..id(Bmr028.w.10,383)"/>
   </dialogueact>
   <dialogueact nite:id="Bmr028.E.dialogueact1445" starttime="2626.69" endtime="2627.51" comment="FBH" type="s^ft" original-type="s^ft" channel="c4" participant="me001">
      <nite:child href="Bmr028.E.words.xml#id(Bmr028.w.12,826)..id(Bmr028.w.12,830)"/>
   </dialogueact>
   <dialogueact nite:id="Bmr028.E.dialogueact1671" starttime="3115.51" endtime="3115.81" type="qy^bh" adjacency="13b-3" original-type="qy^bh" channel="c4" participant="me001">
      <nite:child href="Bmr028.E.words.xml#id(Bmr028.w.15,350)..id(Bmr028.w.15,351)"/>
   </dialogueact>
   <dialogueact nite:id="Bmr028.E.dialogueact1687" starttime="3135.86" endtime="3138.34" type="s^bu" adjacency="19a" original-type="s^bu" channel="c4" participant="me001">
      <nite:child href="Bmr028.E.words.xml#id(Bmr028.w.15,469)..id(Bmr028.w.15,480)"/>
   </dialogueact>
   <dialogueact nite:id="Bmr028.E.dialogueact1704" starttime="3170.79" endtime="3171.09" comment="FBH" type="b" original-type="b" channel="c4" participant="me001">
      <nite:child href="Bmr028.E.words.xml#id(Bmr028.w.15,660)..id(Bmr028.w.15,661)"/>
   </dialogueact>
   <dialogueact nite:id="Bmr028.E.dialogueact1737" starttime="3226.42" endtime="3228.43" type="s^cs" original-type="s^cs" channel="c4" participant="me001">
      <nite:child href="Bmr028.E.words.xml#id(Bmr028.w.15,960)..id(Bmr028.w.15,972)"/>
   </dialogueact>
   <dialogueact nite:id="Bmr028.E.dialogueact1743" starttime="3230.2" endtime="3230.48" type="b" original-type="b" channel="c4" participant="me001">
      <nite:child href="Bmr028.E.words.xml#id(Bmr028.w.16,026)..id(Bmr028.w.16,027)"/>
   </dialogueact>
</nite:root>