<?xml version="1.0" encoding="ISO-8859-1" standalone="yes"?>
<nite:root nite:id="Bmr030.A.dialogue-acts" xmlns:nite="http://nite.sourceforge.net/">
   <dialogueact nite:id="Bmr030.A.dialogueact20" starttime="37.0" endtime="38.0" type="b" original-type="b" channel="c1" participant="me001">
   </dialogueact>
   <dialogueact nite:id="Bmr030.A.dialogueact26" starttime="47.53" endtime="48.3" type="qw^rt" adjacency="3b.4a" original-type="qw^rt" channel="c1" participant="me001">
      <nite:child href="Bmr030.A.words.xml#id(Bmr030.w.219)..id(Bmr030.w.224)"/>
   </dialogueact>
   <dialogueact nite:id="Bmr030.A.dialogueact31" starttime="52.449" endtime="52.789" type="s^bk^rt" adjacency="5b-2" original-type="s^bk^rt" channel="c1" participant="me001">
      <nite:child href="Bmr030.A.words.xml#id(Bmr030.w.239)..id(Bmr030.w.240)"/>
   </dialogueact>
   <dialogueact nite:id="Bmr030.A.dialogueact34" starttime="54.16" endtime="55.04" comment="FBH" type="s^aa|s^na" adjacency="6b" original-type="s^aa|s^na" channel="c1" participant="me001">
      <nite:child href="Bmr030.A.words.xml#id(Bmr030.w.249)..id(Bmr030.w.255)"/>
   </dialogueact>
   <dialogueact nite:id="Bmr030.A.dialogueact36" starttime="55.33" endtime="56.53" comment="FBH" type="s^j" original-type="s^j" channel="c1" participant="me001">
      <nite:child href="Bmr030.A.words.xml#id(Bmr030.w.256)..id(Bmr030.w.264)"/>
   </dialogueact>
   <dialogueact nite:id="Bmr030.A.dialogueact38" starttime="61.694" endtime="62.014" type="b" original-type="b" channel="c1" participant="me001">
      <nite:child href="Bmr030.A.words.xml#id(Bmr030.w.301)..id(Bmr030.w.304)"/>
   </dialogueact>
   <dialogueact nite:id="Bmr030.A.dialogueact39" starttime="64.757" endtime="65.067" type="b" original-type="b" channel="c1" participant="me001">
      <nite:child href="Bmr030.A.words.xml#id(Bmr030.w.305)..id(Bmr030.w.306)"/>
   </dialogueact>
   <dialogueact nite:id="Bmr030.A.dialogueact41" starttime="67.671" endtime="67.871" type="b" original-type="b" channel="c1" participant="me001">
      <nite:child href="Bmr030.A.words.xml#id(Bmr030.w.315)..id(Bmr030.w.316)"/>
   </dialogueact>
   <dialogueact nite:id="Bmr030.A.dialogueact88" starttime="145.103" endtime="145.423" type="b" original-type="b" channel="c1" participant="me001">
      <nite:child href="Bmr030.A.words.xml#id(Bmr030.w.660)..id(Bmr030.w.661)"/>
   </dialogueact>
   <dialogueact nite:id="Bmr030.A.dialogueact90" starttime="148.008" endtime="148.528" type="%-" original-type="%-" channel="c1" participant="me001">
      <nite:child href="Bmr030.A.words.xml#id(Bmr030.w.667)..id(Bmr030.disfmarker.26)"/>
   </dialogueact>
   <dialogueact nite:id="Bmr030.A.dialogueact93" starttime="152.391" endtime="154.351" type="s^bk|s.%--" adjacency="19b" original-type="s^bk|s.%--" channel="c1" participant="me001">
      <nite:child href="Bmr030.A.words.xml#id(Bmr030.w.690)..id(Bmr030.w.697)"/>
   </dialogueact>
   <dialogueact nite:id="Bmr030.A.dialogueact95" starttime="154.461" endtime="155.591" type="s" original-type="s" channel="c1" participant="me001">
      <nite:child href="Bmr030.A.words.xml#id(Bmr030.w.708)..id(Bmr030.w.711)"/>
   </dialogueact>
   <dialogueact nite:id="Bmr030.A.dialogueact96" starttime="156.171" endtime="156.741" type="s^no" original-type="s^no" channel="c1" participant="me001">
      <nite:child href="Bmr030.A.words.xml#id(Bmr030.w.712)..id(Bmr030.w.715)"/>
   </dialogueact>
   <dialogueact nite:id="Bmr030.A.dialogueact97" starttime="156.741" endtime="157.531" type="s.%--" original-type="s.%--" channel="c1" participant="me001">
      <nite:child href="Bmr030.A.words.xml#id(Bmr030.w.716)..id(Bmr030.disfmarker.27)"/>
   </dialogueact>
   <dialogueact nite:id="Bmr030.A.dialogueact98" starttime="157.963" endtime="159.513" type="qy^bu^d^rt" adjacency="20a" original-type="qy^bu^d^rt" channel="c1" participant="me001">
      <nite:child href="Bmr030.A.words.xml#id(Bmr030.w.719)..id(Bmr030.w.726)"/>
   </dialogueact>
   <dialogueact nite:id="Bmr030.A.dialogueact100" starttime="160.812" endtime="162.002" type="s.%--" original-type="s.%--" channel="c1" participant="me001">
      <nite:child href="Bmr030.A.words.xml#id(Bmr030.w.729)..id(Bmr030.w.732)"/>
   </dialogueact>
   <dialogueact nite:id="Bmr030.A.dialogueact101" starttime="162.242" endtime="163.812" type="s^am" original-type="s^am" channel="c1" participant="me001">
      <nite:child href="Bmr030.A.words.xml#id(Bmr030.w.733)..id(Bmr030.w.739)"/>
   </dialogueact>
   <dialogueact nite:id="Bmr030.A.dialogueact103" starttime="163.812" endtime="164.202" type="%-" original-type="%-" channel="c1" participant="me001">
      <nite:child href="Bmr030.A.words.xml#id(Bmr030.w.740)..id(Bmr030.disfmarker.28)"/>
   </dialogueact>
   <dialogueact nite:id="Bmr030.A.dialogueact104" starttime="165.791" endtime="166.711" type="s^aa" adjacency="21b" original-type="s^aa" channel="c1" participant="me001">
      <nite:child href="Bmr030.A.words.xml#id(Bmr030.w.759)..id(Bmr030.w.762)"/>
   </dialogueact>
   <dialogueact nite:id="Bmr030.A.dialogueact108" starttime="173.162" endtime="173.512" type="s^aa" adjacency="22b-2.23a" original-type="s^aa" channel="c1" participant="me001">
      <nite:child href="Bmr030.A.words.xml#id(Bmr030.w.791)..id(Bmr030.w.792)"/>
   </dialogueact>
   <dialogueact nite:id="Bmr030.A.dialogueact110" starttime="173.979" endtime="174.539" type="s^aa" adjacency="24b" original-type="s^aa" channel="c1" participant="me001">
      <nite:child href="Bmr030.A.words.xml#id(Bmr030.w.796)..id(Bmr030.w.799)"/>
   </dialogueact>
   <dialogueact nite:id="Bmr030.A.dialogueact114" starttime="176.759" endtime="177.589" type="s" adjacency="25b-1" original-type="s" channel="c1" participant="me001">
      <nite:child href="Bmr030.A.words.xml#id(Bmr030.w.811)..id(Bmr030.w.816)"/>
   </dialogueact>
   <dialogueact nite:id="Bmr030.A.dialogueact115" starttime="178.45" endtime="182.83" type="s^e" original-type="s^e" channel="c1" participant="me001">
      <nite:child href="Bmr030.A.words.xml#id(Bmr030.w.820)..id(Bmr030.w.843)"/>
   </dialogueact>
   <dialogueact nite:id="Bmr030.A.dialogueact126" starttime="189.556" endtime="189.996" type="%-" original-type="%-" channel="c1" participant="me001">
      <nite:child href="Bmr030.A.words.xml#id(Bmr030.w.908)"/>
   </dialogueact>
   <dialogueact nite:id="Bmr030.A.dialogueact127" starttime="191.29" endtime="191.39" type="%-" original-type="%-" channel="c1" participant="me001">
      <nite:child href="Bmr030.A.words.xml#id(Bmr030.w.914)..id(Bmr030.disfmarker.37)"/>
   </dialogueact>
   <dialogueact nite:id="Bmr030.A.dialogueact133" starttime="196.012" endtime="197.652" type="s.%--" original-type="s.%--" channel="c1" participant="me001">
      <nite:child href="Bmr030.A.words.xml#id(Bmr030.w.931)..id(Bmr030.w.939)"/>
   </dialogueact>
   <dialogueact nite:id="Bmr030.A.dialogueact134" starttime="197.652" endtime="200.422" type="s" adjacency="28a" original-type="s" channel="c1" participant="me001">
      <nite:child href="Bmr030.A.words.xml#id(Bmr030.w.940)..id(Bmr030.w.955)"/>
   </dialogueact>
   <dialogueact nite:id="Bmr030.A.dialogueact135" starttime="200.422" endtime="203.142" type="s" adjacency="28a+" original-type="s" channel="c1" participant="me001">
      <nite:child href="Bmr030.A.words.xml#id(Bmr030.w.959)..id(Bmr030.w.967)"/>
   </dialogueact>
   <dialogueact nite:id="Bmr030.A.dialogueact136" starttime="203.382" endtime="205.152" type="s.%--" adjacency="28a++" original-type="s.%--" channel="c1" participant="me001">
      <nite:child href="Bmr030.A.words.xml#id(Bmr030.w.968)..id(Bmr030.disfmarker.38)"/>
   </dialogueact>
   <dialogueact nite:id="Bmr030.A.dialogueact139" starttime="206.65" endtime="207.35" type="s" original-type="s" channel="c1" participant="me001">
      <nite:child href="Bmr030.A.words.xml#id(Bmr030.w.1,004)..id(Bmr030.w.1,008)"/>
   </dialogueact>
   <dialogueact nite:id="Bmr030.A.dialogueact141" starttime="208.749" endtime="209.349" type="fg|%-" original-type="fg|%-" channel="c1" participant="me001">
      <nite:child href="Bmr030.A.words.xml#id(Bmr030.w.1,009)..id(Bmr030.disfmarker.40)"/>
   </dialogueact>
   <dialogueact nite:id="Bmr030.A.dialogueact144" starttime="211.57" endtime="211.93" type="b" original-type="b" channel="c1" participant="me001">
      <nite:child href="Bmr030.A.words.xml#id(Bmr030.w.1,023)..id(Bmr030.w.1,024)"/>
   </dialogueact>
   <dialogueact nite:id="Bmr030.A.dialogueact153" starttime="217.31" endtime="217.5" type="b" original-type="b" channel="c1" participant="me001">
      <nite:child href="Bmr030.A.words.xml#id(Bmr030.w.1,075)..id(Bmr030.w.1,076)"/>
   </dialogueact>
   <dialogueact nite:id="Bmr030.A.dialogueact158" starttime="222.65" endtime="222.89" type="b" original-type="b" channel="c1" participant="me001">
      <nite:child href="Bmr030.A.words.xml#id(Bmr030.w.1,103)..id(Bmr030.w.1,104)"/>
   </dialogueact>
   <dialogueact nite:id="Bmr030.A.dialogueact161" starttime="224.54" endtime="230.24" type="s" adjacency="32a" original-type="s" channel="c1" participant="me001">
      <nite:child href="Bmr030.A.words.xml#id(Bmr030.w.1,109)..id(Bmr030.w.1,136)"/>
   </dialogueact>
   <dialogueact nite:id="Bmr030.A.dialogueact162" starttime="230.799" endtime="233.449" type="s" adjacency="32a+" original-type="s" channel="c1" participant="me001">
      <nite:child href="Bmr030.A.words.xml#id(Bmr030.w.1,137)..id(Bmr030.w.1,150)"/>
   </dialogueact>
   <dialogueact nite:id="Bmr030.A.dialogueact165" starttime="234.247" endtime="234.657" type="fh" original-type="fh" channel="c1" participant="me001">
      <nite:child href="Bmr030.A.words.xml#id(Bmr030.w.1,159)..id(Bmr030.w.1,160)"/>
   </dialogueact>
   <dialogueact nite:id="Bmr030.A.dialogueact169" starttime="235.754" endtime="236.824" type="s" adjacency="33a" original-type="s" channel="c1" participant="me001">
      <nite:child href="Bmr030.A.words.xml#id(Bmr030.w.1,176)..id(Bmr030.w.1,183)"/>
   </dialogueact>
   <dialogueact nite:id="Bmr030.A.dialogueact170" starttime="236.824" endtime="237.104" type="fh" original-type="fh" channel="c1" participant="me001">
      <nite:child href="Bmr030.A.words.xml#id(Bmr030.w.1,184)..id(Bmr030.w.1,185)"/>
   </dialogueact>
   <dialogueact nite:id="Bmr030.A.dialogueact172" starttime="239.412" endtime="240.602" type="s^aa|s^m^na" adjacency="34b" original-type="s^aa|s^m^na" channel="c1" participant="me001">
      <nite:child href="Bmr030.A.words.xml#id(Bmr030.w.1,198)..id(Bmr030.w.1,205)"/>
   </dialogueact>
   <dialogueact nite:id="Bmr030.A.dialogueact176" starttime="243.486" endtime="244.736" type="s^ar|s" adjacency="35b" original-type="s^ar|s" channel="c1" participant="me001">
      <nite:child href="Bmr030.A.words.xml#id(Bmr030.w.1,222)..id(Bmr030.disfmarker.47)"/>
   </dialogueact>
   <dialogueact nite:id="Bmr030.A.dialogueact177" starttime="244.736" endtime="245.086" type="qy^br^d^rt" adjacency="36b.37a" original-type="qy^br^d^rt" channel="c1" participant="me001">
      <nite:child href="Bmr030.A.words.xml#id(Bmr030.w.1,229)..id(Bmr030.w.1,232)"/>
   </dialogueact>
   <dialogueact nite:id="Bmr030.A.dialogueact179" starttime="246.51" endtime="246.85" type="s^no" adjacency="38b" original-type="s^no" channel="c1" participant="me001">
      <nite:child href="Bmr030.A.words.xml#id(Bmr030.w.1,247)..id(Bmr030.w.1,250)"/>
   </dialogueact>
   <dialogueact nite:id="Bmr030.A.dialogueact180" starttime="246.93" endtime="248.76" type="s" adjacency="38b+" original-type="s" channel="c1" participant="me001">
      <nite:child href="Bmr030.A.words.xml#id(Bmr030.w.1,251)..id(Bmr030.w.1,263)"/>
   </dialogueact>
   <dialogueact nite:id="Bmr030.A.dialogueact181" starttime="248.76" endtime="251.3" type="s" adjacency="38b++.39a" original-type="s" channel="c1" participant="me001">
      <nite:child href="Bmr030.A.words.xml#id(Bmr030.w.1,264)..id(Bmr030.w.1,278)"/>
   </dialogueact>
   <dialogueact nite:id="Bmr030.A.dialogueact184" starttime="251.68" endtime="253.59" type="s^bk|s" adjacency="40b" original-type="s^bk|s" channel="c1" participant="me001">
      <nite:child href="Bmr030.A.words.xml#id(Bmr030.w.1,293)..id(Bmr030.w.1,302)"/>
   </dialogueact>
   <dialogueact nite:id="Bmr030.A.dialogueact188" starttime="253.75" endtime="254.06" type="s.%-" original-type="s.%-" channel="c1" participant="me001">
      <nite:child href="Bmr030.A.words.xml#id(Bmr030.w.1,303)..id(Bmr030.disfmarker.50)"/>
   </dialogueact>
   <dialogueact nite:id="Bmr030.A.dialogueact192" starttime="257.51" endtime="259.42" type="s^bk|s.%--" original-type="s^bk|s.%--" channel="c1" participant="me001">
      <nite:child href="Bmr030.A.words.xml#id(Bmr030.w.1,321)..id(Bmr030.w.1,329)"/>
   </dialogueact>
   <dialogueact nite:id="Bmr030.A.dialogueact193" starttime="259.99" endtime="264.19" type="fh|s" original-type="fh|s" channel="c1" participant="me001">
      <nite:child href="Bmr030.A.words.xml#id(Bmr030.w.1,330)..id(Bmr030.w.1,351)"/>
   </dialogueact>
   <dialogueact nite:id="Bmr030.A.dialogueact195" starttime="265.421" endtime="265.631" type="s" original-type="s" channel="c1" participant="me001">
      <nite:child href="Bmr030.A.words.xml#id(Bmr030.w.1,369)..id(Bmr030.w.1,370)"/>
   </dialogueact>
   <dialogueact nite:id="Bmr030.A.dialogueact201" starttime="278.38" endtime="279.84" type="s" adjacency="44a" original-type="s" channel="c1" participant="me001">
      <nite:child href="Bmr030.A.words.xml#id(Bmr030.w.1,401)..id(Bmr030.w.1,409)"/>
   </dialogueact>
   <dialogueact nite:id="Bmr030.A.dialogueact202" starttime="279.84" endtime="281.01" type="s" adjacency="44a+" original-type="s" channel="c1" participant="me001">
      <nite:child href="Bmr030.A.words.xml#id(Bmr030.w.1,410)..id(Bmr030.w.1,418)"/>
   </dialogueact>
   <dialogueact nite:id="Bmr030.A.dialogueact205" starttime="281.811" endtime="282.641" type="s.%--" original-type="s.%--" channel="c1" participant="me001">
      <nite:child href="Bmr030.A.words.xml#id(Bmr030.w.1,436)..id(Bmr030.disfmarker.56)"/>
   </dialogueact>
   <dialogueact nite:id="Bmr030.A.dialogueact207" starttime="285.01" endtime="285.21" type="b" original-type="b" channel="c1" participant="me001">
      <nite:child href="Bmr030.A.words.xml#id(Bmr030.w.1,461)..id(Bmr030.w.1,463)"/>
   </dialogueact>
   <dialogueact nite:id="Bmr030.A.dialogueact209" starttime="286.21" endtime="286.48" type="b" original-type="b" channel="c1" participant="me001">
      <nite:child href="Bmr030.A.words.xml#id(Bmr030.w.1,464)..id(Bmr030.w.1,469)"/>
   </dialogueact>
   <dialogueact nite:id="Bmr030.A.dialogueact211" starttime="288.082" endtime="289.222" type="s^df" adjacency="45b-2" original-type="s^df" channel="c1" participant="me001">
      <nite:child href="Bmr030.A.words.xml#id(Bmr030.w.1,481)..id(Bmr030.w.1,489)"/>
   </dialogueact>
   <dialogueact nite:id="Bmr030.A.dialogueact213" starttime="289.883" endtime="292.483" type="s.%--" adjacency="46a" original-type="s.%--" channel="c1" participant="me001">
      <nite:child href="Bmr030.A.words.xml#id(Bmr030.w.1,493)..id(Bmr030.disfmarker.58)"/>
   </dialogueact>
   <dialogueact nite:id="Bmr030.A.dialogueact216" starttime="295.55" endtime="296.02" type="s^aa" adjacency="47b" original-type="s^aa" channel="c1" participant="me001">
      <nite:child href="Bmr030.A.words.xml#id(Bmr030.w.1,522)..id(Bmr030.w.1,525)"/>
   </dialogueact>
   <dialogueact nite:id="Bmr030.A.dialogueact220" starttime="299.33" endtime="299.64" type="qy^2^bu^d^rt" adjacency="48b.49a" original-type="qy^2^bu^d^rt" channel="c1" participant="me001">
      <nite:child href="Bmr030.A.words.xml#id(Bmr030.w.1,535)..id(Bmr030.w.1,536)"/>
   </dialogueact>
   <dialogueact nite:id="Bmr030.A.dialogueact224" starttime="310.177" endtime="311.317" type="fg|qy^rt" adjacency="50a" original-type="fg|qy^rt" channel="c1" participant="me001">
      <nite:child href="Bmr030.A.words.xml#id(Bmr030.w.1,575)..id(Bmr030.w.1,583)"/>
   </dialogueact>
   <dialogueact nite:id="Bmr030.A.dialogueact225" starttime="311.317" endtime="312.437" type="qy^rt" adjacency="50a+" original-type="qy^rt" channel="c1" participant="me001">
      <nite:child href="Bmr030.A.words.xml#id(Bmr030.w.1,584)..id(Bmr030.w.1,592)"/>
   </dialogueact>
   <dialogueact nite:id="Bmr030.A.dialogueact226" starttime="312.507" endtime="313.167" type="s^ba" original-type="s^ba" channel="c1" participant="me001">
      <nite:child href="Bmr030.A.words.xml#id(Bmr030.w.1,593)..id(Bmr030.w.1,597)"/>
   </dialogueact>
   <dialogueact nite:id="Bmr030.A.dialogueact229" starttime="313.167" endtime="317.407" type="s" original-type="s" channel="c1" participant="me001">
      <nite:child href="Bmr030.A.words.xml#id(Bmr030.w.1,598)..id(Bmr030.w.1,616)"/>
   </dialogueact>
   <dialogueact nite:id="Bmr030.A.dialogueact230" starttime="317.547" endtime="321.457" type="s^rt" original-type="s^rt" channel="c1" participant="me001">
      <nite:child href="Bmr030.A.words.xml#id(Bmr030.w.1,617)..id(Bmr030.w.1,636)"/>
   </dialogueact>
   <dialogueact nite:id="Bmr030.A.dialogueact232" starttime="321.777" endtime="323.547" type="s^rt" original-type="s^rt" channel="c1" participant="me001">
      <nite:child href="Bmr030.A.words.xml#id(Bmr030.w.1,641)..id(Bmr030.w.1,650)"/>
   </dialogueact>
   <dialogueact nite:id="Bmr030.A.dialogueact234" starttime="324.265" endtime="329.325" type="s^rt" original-type="s^rt" channel="c1" participant="me001">
      <nite:child href="Bmr030.A.words.xml#id(Bmr030.w.1,651)..id(Bmr030.w.1,671)"/>
   </dialogueact>
   <dialogueact nite:id="Bmr030.A.dialogueact235" starttime="329.865" endtime="331.235" type="s.x" adjacency="51a" original-type="s.x" channel="c1" participant="me001">
      <nite:child href="Bmr030.A.words.xml#id(Bmr030.w.1,674)..id(Bmr030.w.1,679)"/>
   </dialogueact>
   <dialogueact nite:id="Bmr030.A.dialogueact238" starttime="331.988" endtime="333.158" type="s^aa|s^m^na" adjacency="52b.53a" original-type="s^aa|s^m^na" channel="c1" participant="me001">
      <nite:child href="Bmr030.A.words.xml#id(Bmr030.w.1,690)..id(Bmr030.w.1,697)"/>
   </dialogueact>
   <dialogueact nite:id="Bmr030.A.dialogueact240" starttime="333.158" endtime="336.538" type="s" original-type="s" channel="c1" participant="me001">
      <nite:child href="Bmr030.A.words.xml#id(Bmr030.w.1,698)..id(Bmr030.w.1,714)"/>
   </dialogueact>
   <dialogueact nite:id="Bmr030.A.dialogueact242" starttime="336.818" endtime="340.316" type="s" adjacency="54a" original-type="s" channel="c1" participant="me001">
      <nite:child href="Bmr030.A.words.xml#id(Bmr030.w.1,723)..id(Bmr030.w.1,736)"/>
   </dialogueact>
   <dialogueact nite:id="Bmr030.A.dialogueact244" starttime="340.316" endtime="341.946" type="s" adjacency="54a+" original-type="s" channel="c1" participant="me001">
      <nite:child href="Bmr030.A.words.xml#id(Bmr030.w.1,737)..id(Bmr030.w.1,746)"/>
   </dialogueact>
   <dialogueact nite:id="Bmr030.A.dialogueact247" starttime="342.634" endtime="344.264" type="s^aa|s" adjacency="55b" original-type="s^aa|s" channel="c1" participant="me001">
      <nite:child href="Bmr030.A.words.xml#id(Bmr030.w.1,765)..id(Bmr030.w.1,772)"/>
   </dialogueact>
   <dialogueact nite:id="Bmr030.A.dialogueact248" starttime="344.264" endtime="346.804" type="s" original-type="s" channel="c1" participant="me001">
      <nite:child href="Bmr030.A.words.xml#id(Bmr030.w.1,773)..id(Bmr030.w.1,790)"/>
   </dialogueact>
   <dialogueact nite:id="Bmr030.A.dialogueact249" starttime="346.804" endtime="350.38" type="s" adjacency="56a" original-type="s" channel="c1" participant="me001">
      <nite:child href="Bmr030.A.words.xml#id(Bmr030.w.1,791)..id(Bmr030.w.1,834)"/>
   </dialogueact>
   <dialogueact nite:id="Bmr030.A.dialogueact256" starttime="352.412" endtime="352.732" type="s^aa" adjacency="57b" original-type="s^aa" channel="c1" participant="me001">
      <nite:child href="Bmr030.A.words.xml#id(Bmr030.w.1,837)..id(Bmr030.w.1,838)"/>
   </dialogueact>
   <dialogueact nite:id="Bmr030.A.dialogueact266" starttime="363.018" endtime="363.698" type="s^aa|s.%-" adjacency="58b-1" original-type="s^aa|s.%-" channel="c1" participant="me001">
      <nite:child href="Bmr030.A.words.xml#id(Bmr030.w.1,930)..id(Bmr030.disfmarker.68)"/>
   </dialogueact>
   <dialogueact nite:id="Bmr030.A.dialogueact268" starttime="363.935" endtime="364.345" type="b" original-type="b" channel="c1" participant="me001">
      <nite:child href="Bmr030.A.words.xml#id(Bmr030.w.1,935)..id(Bmr030.w.1,936)"/>
   </dialogueact>
   <dialogueact nite:id="Bmr030.A.dialogueact269" starttime="365.71" endtime="369.53" type="s" original-type="s" channel="c1" participant="me001">
      <nite:child href="Bmr030.A.words.xml#id(Bmr030.w.1,939)..id(Bmr030.w.1,961)"/>
   </dialogueact>
   <dialogueact nite:id="Bmr030.A.dialogueact272" starttime="369.53" endtime="370.08" type="s^no" original-type="s^no" channel="c1" participant="me001">
      <nite:child href="Bmr030.A.words.xml#id(Bmr030.w.1,962)..id(Bmr030.w.1,966)"/>
   </dialogueact>
   <dialogueact nite:id="Bmr030.A.dialogueact276" starttime="373.15" endtime="373.67" type="s^aa" adjacency="59b" original-type="s^aa" channel="c1" participant="me001">
      <nite:child href="Bmr030.A.words.xml#id(Bmr030.w.2,000)..id(Bmr030.w.2,003)"/>
   </dialogueact>
   <dialogueact nite:id="Bmr030.A.dialogueact278" starttime="374.86" endtime="376.34" type="s" original-type="s" channel="c1" participant="me001">
      <nite:child href="Bmr030.A.words.xml#id(Bmr030.w.2,004)..id(Bmr030.w.2,011)"/>
   </dialogueact>
   <dialogueact nite:id="Bmr030.A.dialogueact279" starttime="376.34" endtime="377.89" type="s^df" original-type="s^df" channel="c1" participant="me001">
      <nite:child href="Bmr030.A.words.xml#id(Bmr030.w.2,012)..id(Bmr030.w.2,018)"/>
   </dialogueact>
   <dialogueact nite:id="Bmr030.A.dialogueact280" starttime="378.19" endtime="380.11" type="fh" original-type="fh" channel="c1" participant="me001">
      <nite:child href="Bmr030.A.words.xml#id(Bmr030.w.2,019)..id(Bmr030.w.2,021)"/>
   </dialogueact>
   <dialogueact nite:id="Bmr030.A.dialogueact287" starttime="396.323" endtime="398.163" type="s^bk|s^ng" adjacency="61b.62a" original-type="s^bk|s^ng" channel="c1" participant="me001">
      <nite:child href="Bmr030.A.words.xml#id(Bmr030.w.2,105)..id(Bmr030.w.2,117)"/>
   </dialogueact>
   <dialogueact nite:id="Bmr030.A.dialogueact290" starttime="398.163" endtime="399.323" type="s" original-type="s" channel="c1" participant="me001">
      <nite:child href="Bmr030.A.words.xml#id(Bmr030.w.2,118)..id(Bmr030.w.2,124)"/>
   </dialogueact>
   <dialogueact nite:id="Bmr030.A.dialogueact293" starttime="399.874" endtime="400.114" type="fg" original-type="fg" channel="c1" participant="me001">
      <nite:child href="Bmr030.A.words.xml#id(Bmr030.w.2,138)..id(Bmr030.disfmarker.72)"/>
   </dialogueact>
   <dialogueact nite:id="Bmr030.A.dialogueact296" starttime="401.237" endtime="402.047" type="%-" original-type="%-" channel="c1" participant="me001">
      <nite:child href="Bmr030.A.words.xml#id(Bmr030.w.2,141)..id(Bmr030.disfmarker.73)"/>
   </dialogueact>
   <dialogueact nite:id="Bmr030.A.dialogueact297" starttime="402.247" endtime="403.527" type="s^ba" original-type="s^ba" channel="c1" participant="me001">
      <nite:child href="Bmr030.A.words.xml#id(Bmr030.w.2,162)..id(Bmr030.w.2,169)"/>
   </dialogueact>
   <dialogueact nite:id="Bmr030.A.dialogueact299" starttime="404.89" endtime="407.16" type="s^bk|s^no" adjacency="63b" original-type="s^bk|s^no" channel="c1" participant="me001">
      <nite:child href="Bmr030.A.words.xml#id(Bmr030.w.2,170)..id(Bmr030.w.2,182)"/>
   </dialogueact>
   <dialogueact nite:id="Bmr030.A.dialogueact303" starttime="409.432" endtime="412.492" comment="FBH" type="s^rt" adjacency="64b.65a" original-type="s^rt" channel="c1" participant="me001">
      <nite:child href="Bmr030.A.words.xml#id(Bmr030.w.2,200)..id(Bmr030.w.2,208)"/>
   </dialogueact>
   <dialogueact nite:id="Bmr030.A.dialogueact304" starttime="412.592" endtime="414.242" type="s" original-type="s" channel="c1" participant="me001">
      <nite:child href="Bmr030.A.words.xml#id(Bmr030.w.2,211)..id(Bmr030.w.2,222)"/>
   </dialogueact>
   <dialogueact nite:id="Bmr030.A.dialogueact308" starttime="418.041" endtime="418.931" type="s^bk|qy.%-" adjacency="67b.68a" original-type="s^bk|qy.%-" channel="c1" participant="me001">
      <nite:child href="Bmr030.A.words.xml#id(Bmr030.w.2,231)..id(Bmr030.disfmarker.77)"/>
   </dialogueact>
   <dialogueact nite:id="Bmr030.A.dialogueact313" starttime="422.15" endtime="423.633" type="s^bk" adjacency="69b" original-type="s^bk" channel="c1" participant="me001">
      <nite:child href="Bmr030.A.words.xml#id(Bmr030.w.2,274)..id(Bmr030.w.2,277)"/>
   </dialogueact>
   <dialogueact nite:id="Bmr030.A.dialogueact315" starttime="424.886" endtime="425.326" type="s^fa" original-type="s^fa" channel="c1" participant="me001">
      <nite:child href="Bmr030.A.words.xml#id(Bmr030.w.2,278)..id(Bmr030.w.2,279)"/>
   </dialogueact>
   <dialogueact nite:id="Bmr030.A.dialogueact316" starttime="425.946" endtime="428.866" type="fg|s^tc.%--" original-type="fg|s^tc.%--" channel="c1" participant="me001">
      <nite:child href="Bmr030.A.words.xml#id(Bmr030.w.2,280)..id(Bmr030.disfmarker.79)"/>
   </dialogueact>
   <dialogueact nite:id="Bmr030.A.dialogueact317" starttime="429.71" endtime="433.13" type="s" original-type="s" channel="c1" participant="me001">
      <nite:child href="Bmr030.A.words.xml#id(Bmr030.w.2,291)..id(Bmr030.w.2,306)"/>
   </dialogueact>
   <dialogueact nite:id="Bmr030.A.dialogueact318" starttime="433.13" endtime="440.371" type="s" original-type="s" channel="c1" participant="me001">
      <nite:child href="Bmr030.A.words.xml#id(Bmr030.w.2,307)..id(Bmr030.w.2,326)"/>
   </dialogueact>
   <dialogueact nite:id="Bmr030.A.dialogueact319" starttime="440.551" endtime="443.821" type="s" original-type="s" channel="c1" participant="me001">
      <nite:child href="Bmr030.A.words.xml#id(Bmr030.w.2,327)..id(Bmr030.w.2,347)"/>
   </dialogueact>
   <dialogueact nite:id="Bmr030.A.dialogueact322" starttime="447.778" endtime="448.308" type="%-" original-type="%-" channel="c1" participant="me001">
      <nite:child href="Bmr030.A.words.xml#id(Bmr030.w.2,376)..id(Bmr030.disfmarker.83)"/>
   </dialogueact>
   <dialogueact nite:id="Bmr030.A.dialogueact323" starttime="448.822" endtime="450.172" type="s^ar|s" adjacency="70b.71a" original-type="s^ar|s" channel="c1" participant="me001">
      <nite:child href="Bmr030.A.words.xml#id(Bmr030.w.2,377)..id(Bmr030.w.2,384)"/>
   </dialogueact>
   <dialogueact nite:id="Bmr030.A.dialogueact324" starttime="450.172" endtime="452.052" type="s" adjacency="72a" original-type="s" channel="c1" participant="me001">
      <nite:child href="Bmr030.A.words.xml#id(Bmr030.w.2,385)..id(Bmr030.w.2,393)"/>
   </dialogueact>
   <dialogueact nite:id="Bmr030.A.dialogueact327" starttime="452.172" endtime="453.372" type="s" original-type="s" channel="c1" participant="me001">
      <nite:child href="Bmr030.A.words.xml#id(Bmr030.w.2,394)..id(Bmr030.w.2,398)"/>
   </dialogueact>
   <dialogueact nite:id="Bmr030.A.dialogueact328" starttime="453.372" endtime="455.772" type="s" original-type="s" channel="c1" participant="me001">
      <nite:child href="Bmr030.A.words.xml#id(Bmr030.w.2,399)..id(Bmr030.w.2,414)"/>
   </dialogueact>
   <dialogueact nite:id="Bmr030.A.dialogueact331" starttime="455.822" endtime="457.192" type="s.%--" original-type="s.%--" channel="c1" participant="me001">
      <nite:child href="Bmr030.A.words.xml#id(Bmr030.w.2,415)..id(Bmr030.disfmarker.84)"/>
   </dialogueact>
   <dialogueact nite:id="Bmr030.A.dialogueact333" starttime="457.767" endtime="458.997" type="s" original-type="s" channel="c1" participant="me001">
      <nite:child href="Bmr030.A.words.xml#id(Bmr030.w.2,424)..id(Bmr030.w.2,430)"/>
   </dialogueact>
   <dialogueact nite:id="Bmr030.A.dialogueact336" starttime="464.8" endtime="466.74" type="h|s^bu" adjacency="73b" original-type="h|s^bu" channel="c1" participant="me001">
      <nite:child href="Bmr030.A.words.xml#id(Bmr030.w.2,452)..id(Bmr030.w.2,462)"/>
   </dialogueact>
   <dialogueact nite:id="Bmr030.A.dialogueact337" starttime="466.74" endtime="467.0" type="qy^d^rt" adjacency="73b+.74a" original-type="qy^d^rt" channel="c1" participant="me001">
      <nite:child href="Bmr030.A.words.xml#id(Bmr030.w.2,463)..id(Bmr030.w.2,464)"/>
   </dialogueact>
   <dialogueact nite:id="Bmr030.A.dialogueact366" starttime="504.09" endtime="507.24" type="qy^bu^d^rt" adjacency="83a" original-type="qy^bu^d^rt" channel="c1" participant="me001">
      <nite:child href="Bmr030.A.words.xml#id(Bmr030.w.2,633)..id(Bmr030.w.2,651)"/>
   </dialogueact>
   <dialogueact nite:id="Bmr030.A.dialogueact372" starttime="512.064" endtime="512.874" type="b" original-type="b" channel="c1" participant="me001">
      <nite:child href="Bmr030.A.words.xml#id(Bmr030.w.2,682)..id(Bmr030.w.2,685)"/>
   </dialogueact>
   <dialogueact nite:id="Bmr030.A.dialogueact374" starttime="515.695" endtime="516.195" type="s^aa" adjacency="85b" original-type="s^aa" channel="c1" participant="me001">
      <nite:child href="Bmr030.A.words.xml#id(Bmr030.w.2,718)..id(Bmr030.w.2,721)"/>
   </dialogueact>
   <dialogueact nite:id="Bmr030.A.dialogueact378" starttime="518.805" endtime="519.185" type="b" original-type="b" channel="c1" participant="me001">
      <nite:child href="Bmr030.A.words.xml#id(Bmr030.w.2,754)..id(Bmr030.w.2,757)"/>
   </dialogueact>
   <dialogueact nite:id="Bmr030.A.dialogueact379" starttime="523.005" endtime="523.315" type="b" original-type="b" channel="c1" participant="me001">
      <nite:child href="Bmr030.A.words.xml#id(Bmr030.w.2,770)..id(Bmr030.w.2,771)"/>
   </dialogueact>
   <dialogueact nite:id="Bmr030.A.dialogueact381" starttime="526.577" endtime="526.907" type="b" original-type="b" channel="c1" participant="me001">
      <nite:child href="Bmr030.A.words.xml#id(Bmr030.w.2,791)..id(Bmr030.w.2,792)"/>
   </dialogueact>
   <dialogueact nite:id="Bmr030.A.dialogueact384" starttime="528.23" endtime="528.86" type="%-" original-type="%-" channel="c1" participant="me001">
      <nite:child href="Bmr030.A.words.xml#id(Bmr030.w.2,793)"/>
   </dialogueact>
   <dialogueact nite:id="Bmr030.A.dialogueact392" starttime="542.36" endtime="542.58" type="s^bk" adjacency="86b" original-type="s^bk" channel="c1" participant="me001">
      <nite:child href="Bmr030.A.words.xml#id(Bmr030.w.2,879)..id(Bmr030.w.2,880)"/>
   </dialogueact>
   <dialogueact nite:id="Bmr030.A.dialogueact395" starttime="559.0" endtime="559.34" type="b" original-type="b" channel="c1" participant="me001">
      <nite:child href="Bmr030.A.words.xml#id(Bmr030.w.2,932)..id(Bmr030.w.2,935)"/>
   </dialogueact>
   <dialogueact nite:id="Bmr030.A.dialogueact449" starttime="658.325" endtime="658.765" type="b" original-type="b" channel="c1" participant="me001">
      <nite:child href="Bmr030.A.words.xml#id(Bmr030.w.3,426)..id(Bmr030.w.3,427)"/>
   </dialogueact>
   <dialogueact nite:id="Bmr030.A.dialogueact469" starttime="680.85" endtime="683.35" type="qw^rt" adjacency="18a" original-type="qw^rt" channel="c1" participant="me001">
      <nite:child href="Bmr030.A.words.xml#id(Bmr030.w.3,564)..id(Bmr030.w.3,576)"/>
   </dialogueact>
   <dialogueact nite:id="Bmr030.A.dialogueact471" starttime="684.614" endtime="685.594" type="qy.%--" original-type="qy.%--" channel="c1" participant="me001">
      <nite:child href="Bmr030.A.words.xml#id(Bmr030.w.3,586)..id(Bmr030.w.3,591)"/>
   </dialogueact>
   <dialogueact nite:id="Bmr030.A.dialogueact475" starttime="692.22" endtime="692.57" type="b" original-type="b" channel="c1" participant="me001">
      <nite:child href="Bmr030.A.words.xml#id(Bmr030.w.3,621)..id(Bmr030.w.3,624)"/>
   </dialogueact>
   <dialogueact nite:id="Bmr030.A.dialogueact479" starttime="705.302" endtime="705.692" type="b" original-type="b" channel="c1" participant="me001">
      <nite:child href="Bmr030.A.words.xml#id(Bmr030.w.3,681)..id(Bmr030.w.3,682)"/>
   </dialogueact>
   <dialogueact nite:id="Bmr030.A.dialogueact482" starttime="711.757" endtime="712.077" type="b" original-type="b" channel="c1" participant="me001">
      <nite:child href="Bmr030.A.words.xml#id(Bmr030.w.3,719)..id(Bmr030.w.3,720)"/>
   </dialogueact>
   <dialogueact nite:id="Bmr030.A.dialogueact484" starttime="719.041" endtime="719.211" type="b" original-type="b" channel="c1" participant="me001">
      <nite:child href="Bmr030.A.words.xml#id(Bmr030.w.3,737)..id(Bmr030.w.3,738)"/>
   </dialogueact>
   <dialogueact nite:id="Bmr030.A.dialogueact485" starttime="720.034" endtime="723.494" type="s^bu" adjacency="19a" original-type="s^bu" channel="c1" participant="me001">
      <nite:child href="Bmr030.A.words.xml#id(Bmr030.w.3,739)..id(Bmr030.w.3,751)"/>
   </dialogueact>
   <dialogueact nite:id="Bmr030.A.dialogueact487" starttime="724.165" endtime="726.185" type="s^bu" adjacency="20b.21a" original-type="s^bu" channel="c1" participant="me001">
      <nite:child href="Bmr030.A.words.xml#id(Bmr030.w.3,761)..id(Bmr030.w.3,777)"/>
   </dialogueact>
   <dialogueact nite:id="Bmr030.A.dialogueact490" starttime="726.315" endtime="726.535" type="b" original-type="b" channel="c1" participant="me001">
      <nite:child href="Bmr030.A.words.xml#id(Bmr030.w.3,778)..id(Bmr030.w.3,779)"/>
   </dialogueact>
   <dialogueact nite:id="Bmr030.A.dialogueact494" starttime="735.0" endtime="735.42" type="b" original-type="b" channel="c1" participant="me001">
      <nite:child href="Bmr030.A.words.xml#id(Bmr030.w.3,855)..id(Bmr030.w.3,858)"/>
   </dialogueact>
   <dialogueact nite:id="Bmr030.A.dialogueact502" starttime="752.148" endtime="753.348" type="b" original-type="b" channel="c1" participant="me001">
      <nite:child href="Bmr030.A.words.xml#id(Bmr030.w.3,911)..id(Bmr030.w.3,914)"/>
   </dialogueact>
   <dialogueact nite:id="Bmr030.A.dialogueact521" starttime="785.954" endtime="786.374" type="qw.%-" original-type="qw.%-" channel="c1" participant="me001">
      <nite:child href="Bmr030.A.words.xml#id(Bmr030.w.4,061)..id(Bmr030.w.4,062)"/>
   </dialogueact>
   <dialogueact nite:id="Bmr030.A.dialogueact524" starttime="789.581" endtime="794.258" type="qy^bu^d^rt" adjacency="28a" original-type="qy^bu^d^rt" channel="c1" participant="me001">
      <nite:child href="Bmr030.A.words.xml#id(Bmr030.w.4,065)..id(Bmr030.w.4,081)"/>
   </dialogueact>
   <dialogueact nite:id="Bmr030.A.dialogueact527" starttime="795.039" endtime="795.349" type="s^bk" adjacency="29b" original-type="s^bk" channel="c1" participant="me001">
      <nite:child href="Bmr030.A.words.xml#id(Bmr030.w.4,084)..id(Bmr030.w.4,085)"/>
   </dialogueact>
   <dialogueact nite:id="Bmr030.A.dialogueact553" starttime="837.28" endtime="839.16" type="s" adjacency="35a" original-type="s" channel="c1" participant="me001">
      <nite:child href="Bmr030.A.words.xml#id(Bmr030.w.4,299)..id(Bmr030.w.4,307)"/>
   </dialogueact>
   <dialogueact nite:id="Bmr030.A.dialogueact557" starttime="841.39" endtime="841.84" type="s^bk" adjacency="36b-2" original-type="s^bk" channel="c1" participant="me001">
      <nite:child href="Bmr030.A.words.xml#id(Bmr030.w.4,357)..id(Bmr030.w.4,360)"/>
   </dialogueact>
   <dialogueact nite:id="Bmr030.A.dialogueact563" starttime="851.661" endtime="852.081" type="%-" original-type="%-" channel="c1" participant="me001">
      <nite:child href="Bmr030.A.words.xml#id(Bmr030.w.4,396)..id(Bmr030.disfmarker.136)"/>
   </dialogueact>
   <dialogueact nite:id="Bmr030.A.dialogueact583" starttime="881.098" endtime="882.091" type="b" original-type="b" channel="c1" participant="me001">
   </dialogueact>
   <dialogueact nite:id="Bmr030.A.dialogueact592" starttime="897.908" endtime="899.048" type="qy^d^rt" adjacency="43a" original-type="qy^d^rt" channel="c1" participant="me001">
      <nite:child href="Bmr030.A.words.xml#id(Bmr030.w.4,576)..id(Bmr030.w.4,581)"/>
   </dialogueact>
   <dialogueact nite:id="Bmr030.A.dialogueact596" starttime="906.32" endtime="906.87" type="s^bk" adjacency="43b" original-type="s^bk" channel="c1" participant="me001">
      <nite:child href="Bmr030.A.words.xml#id(Bmr030.w.4,626)..id(Bmr030.w.4,630)"/>
   </dialogueact>
   <dialogueact nite:id="Bmr030.A.dialogueact597" starttime="908.33" endtime="908.66" type="s^bk" original-type="s^bk" channel="c1" participant="me001">
      <nite:child href="Bmr030.A.words.xml#id(Bmr030.w.4,631)..id(Bmr030.w.4,633)"/>
   </dialogueact>
   <dialogueact nite:id="Bmr030.A.dialogueact613" starttime="936.1" endtime="939.01" type="s" adjacency="57a" original-type="s" channel="c1" participant="me001">
      <nite:child href="Bmr030.A.words.xml#id(Bmr030.w.4,740)..id(Bmr030.w.4,757)"/>
   </dialogueact>
   <dialogueact nite:id="Bmr030.A.dialogueact616" starttime="940.019" endtime="943.83" type="s^df^e" original-type="s^df^e" channel="c1" participant="me001">
      <nite:child href="Bmr030.A.words.xml#id(Bmr030.w.4,760)..id(Bmr030.w.4,780)"/>
   </dialogueact>
   <dialogueact nite:id="Bmr030.A.dialogueact682" starttime="1039.17" endtime="1040.02" type="qy^rt" adjacency="78b" original-type="qy^rt" channel="c1" participant="me001">
      <nite:child href="Bmr030.A.words.xml#id(Bmr030.w.5,153)..id(Bmr030.w.5,157)"/>
   </dialogueact>
   <dialogueact nite:id="Bmr030.A.dialogueact690" starttime="1043.81" endtime="1044.47" type="s.%--" original-type="s.%--" channel="c1" participant="me001">
      <nite:child href="Bmr030.A.words.xml#id(Bmr030.w.5,193)..id(Bmr030.disfmarker.155)"/>
   </dialogueact>
   <dialogueact nite:id="Bmr030.A.dialogueact691" starttime="1044.65" endtime="1045.42" type="s^bk|s^no" adjacency="79b-1" original-type="s^bk|s^no" channel="c1" participant="me001">
      <nite:child href="Bmr030.A.words.xml#id(Bmr030.w.5,197)..id(Bmr030.w.5,203)"/>
   </dialogueact>
   <dialogueact nite:id="Bmr030.A.dialogueact694" starttime="1046.19" endtime="1047.4" type="s" adjacency="79b-1+" original-type="s" channel="c1" participant="me001">
      <nite:child href="Bmr030.A.words.xml#id(Bmr030.w.5,216)..id(Bmr030.w.5,222)"/>
   </dialogueact>
   <dialogueact nite:id="Bmr030.A.dialogueact699" starttime="1048.45" endtime="1049.37" type="s^aa|s" adjacency="80b-2" original-type="s^aa|s" channel="c1" participant="me001">
      <nite:child href="Bmr030.A.words.xml#id(Bmr030.w.5,237)..id(Bmr030.w.5,244)"/>
   </dialogueact>
   <dialogueact nite:id="Bmr030.A.dialogueact711" starttime="1070.04" endtime="1070.48" type="b" original-type="b" channel="c1" participant="me001">
      <nite:child href="Bmr030.A.words.xml#id(Bmr030.w.5,314)..id(Bmr030.w.5,317)"/>
   </dialogueact>
   <dialogueact nite:id="Bmr030.A.dialogueact719" starttime="1086.22" endtime="1086.49" type="s^ba" adjacency="82b" original-type="s^ba" channel="c1" participant="me001">
      <nite:child href="Bmr030.A.words.xml#id(Bmr030.w.5,389)..id(Bmr030.w.5,390)"/>
   </dialogueact>
   <dialogueact nite:id="Bmr030.A.dialogueact723" starttime="1089.71" endtime="1091.43" comment="FBH" type="qy^bu^d^rt" original-type="qy^bu^d^rt" channel="c1" participant="me001">
      <nite:child href="Bmr030.A.words.xml#id(Bmr030.w.5,412)..id(Bmr030.w.5,420)"/>
   </dialogueact>
   <dialogueact nite:id="Bmr030.A.dialogueact725" starttime="1091.43" endtime="1091.93" comment="FBH" type="qrr.%--" original-type="qrr.%--" channel="c1" participant="me001">
      <nite:child href="Bmr030.A.words.xml#id(Bmr030.w.5,421)..id(Bmr030.w.5,422)"/>
   </dialogueact>
   <dialogueact nite:id="Bmr030.A.dialogueact730" starttime="1102.2" endtime="1103.67" type="b" original-type="b" channel="c1" participant="me001">
      <nite:child href="Bmr030.A.words.xml#id(Bmr030.w.5,484)..id(Bmr030.w.5,487)"/>
   </dialogueact>
   <dialogueact nite:id="Bmr030.A.dialogueact734" starttime="1112.26" endtime="1112.61" type="b" original-type="b" channel="c1" participant="me001">
      <nite:child href="Bmr030.A.words.xml#id(Bmr030.w.5,527)..id(Bmr030.w.5,528)"/>
   </dialogueact>
   <dialogueact nite:id="Bmr030.A.dialogueact770" starttime="1149.68" endtime="1150.94" type="qy^rt" adjacency="95a" original-type="qy^rt" channel="c1" participant="me001">
      <nite:child href="Bmr030.A.words.xml#id(Bmr030.w.5,713)..id(Bmr030.w.5,720)"/>
   </dialogueact>
   <dialogueact nite:id="Bmr030.A.dialogueact772" starttime="1150.94" endtime="1152.01" type="s.%-" original-type="s.%-" channel="c1" participant="me001">
      <nite:child href="Bmr030.A.words.xml#id(Bmr030.w.5,721)..id(Bmr030.disfmarker.167)"/>
   </dialogueact>
   <dialogueact nite:id="Bmr030.A.dialogueact774" starttime="1154.52" endtime="1155.17" type="s^bk" adjacency="96b" original-type="s^bk" channel="c1" participant="me001">
      <nite:child href="Bmr030.A.words.xml#id(Bmr030.w.5,745)..id(Bmr030.w.5,746)"/>
   </dialogueact>
   <dialogueact nite:id="Bmr030.A.dialogueact776" starttime="1156.17" endtime="1156.42" type="s^bk" adjacency="97b" original-type="s^bk" channel="c1" participant="me001">
      <nite:child href="Bmr030.A.words.xml#id(Bmr030.w.5,747)..id(Bmr030.w.5,748)"/>
   </dialogueact>
   <dialogueact nite:id="Bmr030.A.dialogueact778" starttime="1160.4" endtime="1160.62" type="%-" original-type="%-" channel="c1" participant="me001">
      <nite:child href="Bmr030.A.words.xml#id(Bmr030.w.5,767)..id(Bmr030.w.5,768)"/>
   </dialogueact>
   <dialogueact nite:id="Bmr030.A.dialogueact780" starttime="1161.16" endtime="1161.82" type="qw.%-" original-type="qw.%-" channel="c1" participant="me001">
      <nite:child href="Bmr030.A.words.xml#id(Bmr030.w.5,777)..id(Bmr030.w.5,778)"/>
   </dialogueact>
   <dialogueact nite:id="Bmr030.A.dialogueact783" starttime="1164.22" endtime="1165.41" comment="FBH" type="s" original-type="s" channel="c1" participant="me001">
      <nite:child href="Bmr030.A.words.xml#id(Bmr030.w.5,779)..id(Bmr030.w.5,784)"/>
   </dialogueact>
   <dialogueact nite:id="Bmr030.A.dialogueact786" starttime="1166.93" endtime="1169.55" type="fg|s" original-type="fg|s" channel="c1" participant="me001">
      <nite:child href="Bmr030.A.words.xml#id(Bmr030.w.5,801)..id(Bmr030.w.5,814)"/>
   </dialogueact>
   <dialogueact nite:id="Bmr030.A.dialogueact787" starttime="1169.55" endtime="1171.19" type="s" original-type="s" channel="c1" participant="me001">
      <nite:child href="Bmr030.A.words.xml#id(Bmr030.w.5,815)..id(Bmr030.w.5,824)"/>
   </dialogueact>
   <dialogueact nite:id="Bmr030.A.dialogueact825" starttime="1272.41" endtime="1273.08" type="b" original-type="b" channel="c1" participant="me001">
      <nite:child href="Bmr030.A.words.xml#id(Bmr030.w.6,240)..id(Bmr030.w.6,243)"/>
   </dialogueact>
</nite:root>