<?xml version="1.0" encoding="ISO-8859-1" standalone="yes"?>
<nite:root nite:id="Bmr021.A.dialogue-acts" xmlns:nite="http://nite.sourceforge.net/">
   <dialogueact nite:id="Bmr021.A.dialogueact2" starttime="0.57" endtime="0.92" type="s" original-type="s" channel="c0" participant="me011">
      <nite:child href="Bmr021.A.words.xml#id(Bmr021.w.17)..id(Bmr021.w.20)"/>
   </dialogueact>
   <dialogueact nite:id="Bmr021.A.dialogueact5" starttime="3.277" endtime="4.727" type="s" adjacency="1a" original-type="s" channel="c0" participant="me011">
      <nite:child href="Bmr021.A.words.xml#id(Bmr021.w.31)..id(Bmr021.w.39)"/>
   </dialogueact>
   <dialogueact nite:id="Bmr021.A.dialogueact6" starttime="4.727" endtime="5.707" type="s^ba" original-type="s^ba" channel="c0" participant="me011">
      <nite:child href="Bmr021.A.words.xml#id(Bmr021.w.40)..id(Bmr021.w.46)"/>
   </dialogueact>
   <dialogueact nite:id="Bmr021.A.dialogueact8" starttime="6.157" endtime="7.687" type="s^t^tc" original-type="s^t^tc" channel="c0" participant="me011">
      <nite:child href="Bmr021.A.words.xml#id(Bmr021.w.51)..id(Bmr021.w.62)"/>
   </dialogueact>
   <dialogueact nite:id="Bmr021.A.dialogueact9" starttime="7.907" endtime="13.247" type="s^t^tc" original-type="s^t^tc" channel="c0" participant="me011">
      <nite:child href="Bmr021.A.words.xml#id(Bmr021.w.63)..id(Bmr021.w.83)"/>
   </dialogueact>
   <dialogueact nite:id="Bmr021.A.dialogueact10" starttime="13.567" endtime="15.297" type="qh" original-type="qh" channel="c0" participant="me011">
      <nite:child href="Bmr021.A.words.xml#id(Bmr021.w.84)..id(Bmr021.w.93)"/>
   </dialogueact>
   <dialogueact nite:id="Bmr021.A.dialogueact11" starttime="16.037" endtime="22.4" type="s" adjacency="2a" original-type="s" channel="c0" participant="me011">
      <nite:child href="Bmr021.A.words.xml#id(Bmr021.w.94)..id(Bmr021.w.113)"/>
   </dialogueact>
   <dialogueact nite:id="Bmr021.A.dialogueact14" starttime="22.4" endtime="22.78" type="s" adjacency="3b-2" original-type="s" channel="c0" participant="me011">
      <nite:child href="Bmr021.A.words.xml#id(Bmr021.w.114)..id(Bmr021.w.116)"/>
   </dialogueact>
   <dialogueact nite:id="Bmr021.A.dialogueact16" starttime="23.02" endtime="24.59" type="s^ba" original-type="s^ba" channel="c0" participant="me011">
      <nite:child href="Bmr021.A.words.xml#id(Bmr021.w.117)..id(Bmr021.w.126)"/>
   </dialogueact>
   <dialogueact nite:id="Bmr021.A.dialogueact18" starttime="25.23" endtime="27.67" type="s" original-type="s" channel="c0" participant="me011">
      <nite:child href="Bmr021.A.words.xml#id(Bmr021.w.127)..id(Bmr021.w.138)"/>
   </dialogueact>
   <dialogueact nite:id="Bmr021.A.dialogueact22" starttime="29.66" endtime="30.07" type="b" original-type="b" channel="c0" participant="me011">
      <nite:child href="Bmr021.A.words.xml#id(Bmr021.w.182)..id(Bmr021.w.185)"/>
   </dialogueact>
   <dialogueact nite:id="Bmr021.A.dialogueact25" starttime="32.158" endtime="32.398" type="s^bk" adjacency="6b-1" original-type="s^bk" channel="c0" participant="me011">
      <nite:child href="Bmr021.A.words.xml#id(Bmr021.w.186)..id(Bmr021.w.187)"/>
   </dialogueact>
   <dialogueact nite:id="Bmr021.A.dialogueact27" starttime="32.958" endtime="33.338" type="fh" original-type="fh" channel="c0" participant="me011">
      <nite:child href="Bmr021.A.words.xml#id(Bmr021.w.188)..id(Bmr021.w.189)"/>
   </dialogueact>
   <dialogueact nite:id="Bmr021.A.dialogueact32" starttime="36.47" endtime="36.7" type="s^bk" adjacency="7b" original-type="s^bk" channel="c0" participant="me011">
      <nite:child href="Bmr021.A.words.xml#id(Bmr021.w.210)..id(Bmr021.w.211)"/>
   </dialogueact>
   <dialogueact nite:id="Bmr021.A.dialogueact34" starttime="37.82" endtime="39.2" type="s.%--" original-type="s.%--" channel="c0" participant="me011">
      <nite:child href="Bmr021.A.words.xml#id(Bmr021.w.218)..id(Bmr021.w.222)"/>
   </dialogueact>
   <dialogueact nite:id="Bmr021.A.dialogueact35" starttime="40.41" endtime="42.78" type="s" adjacency="8a" original-type="s" channel="c0" participant="me011">
      <nite:child href="Bmr021.A.words.xml#id(Bmr021.w.223)..id(Bmr021.w.236)"/>
   </dialogueact>
   <dialogueact nite:id="Bmr021.A.dialogueact36" starttime="42.78" endtime="44.97" type="s^df" adjacency="8a+" original-type="s^df" channel="c0" participant="me011">
      <nite:child href="Bmr021.A.words.xml#id(Bmr021.w.237)..id(Bmr021.w.249)"/>
   </dialogueact>
   <dialogueact nite:id="Bmr021.A.dialogueact39" starttime="46.88" endtime="48.48" type="s" original-type="s" channel="c0" participant="me011">
      <nite:child href="Bmr021.A.words.xml#id(Bmr021.w.254)..id(Bmr021.w.263)"/>
   </dialogueact>
   <dialogueact nite:id="Bmr021.A.dialogueact40" starttime="48.78" endtime="51.34" type="s" original-type="s" channel="c0" participant="me011">
      <nite:child href="Bmr021.A.words.xml#id(Bmr021.w.264)..id(Bmr021.w.274)"/>
   </dialogueact>
   <dialogueact nite:id="Bmr021.A.dialogueact41" starttime="51.34" endtime="56.08" type="s" original-type="s" channel="c0" participant="me011">
      <nite:child href="Bmr021.A.words.xml#id(Bmr021.w.275)..id(Bmr021.w.297)"/>
   </dialogueact>
   <dialogueact nite:id="Bmr021.A.dialogueact42" starttime="56.42" endtime="57.5" type="s" original-type="s" channel="c0" participant="me011">
      <nite:child href="Bmr021.A.words.xml#id(Bmr021.w.298)..id(Bmr021.w.303)"/>
   </dialogueact>
   <dialogueact nite:id="Bmr021.A.dialogueact43" starttime="57.61" endtime="58.93" type="s" original-type="s" channel="c0" participant="me011">
      <nite:child href="Bmr021.A.words.xml#id(Bmr021.w.304)..id(Bmr021.w.310)"/>
   </dialogueact>
   <dialogueact nite:id="Bmr021.A.dialogueact44" starttime="58.93" endtime="59.98" type="s" original-type="s" channel="c0" participant="me011">
      <nite:child href="Bmr021.A.words.xml#id(Bmr021.w.311)..id(Bmr021.w.316)"/>
   </dialogueact>
   <dialogueact nite:id="Bmr021.A.dialogueact45" starttime="60.27" endtime="62.57" type="s" original-type="s" channel="c0" participant="me011">
      <nite:child href="Bmr021.A.words.xml#id(Bmr021.w.317)..id(Bmr021.w.326)"/>
   </dialogueact>
   <dialogueact nite:id="Bmr021.A.dialogueact46" starttime="63.527" endtime="66.457" type="s" original-type="s" channel="c0" participant="me011">
      <nite:child href="Bmr021.A.words.xml#id(Bmr021.w.327)..id(Bmr021.w.339)"/>
   </dialogueact>
   <dialogueact nite:id="Bmr021.A.dialogueact49" starttime="74.15" endtime="77.14" type="s^na" adjacency="9b.10a" original-type="s^na" channel="c0" participant="me011">
      <nite:child href="Bmr021.A.words.xml#id(Bmr021.w.367)..id(Bmr021.w.378)"/>
   </dialogueact>
   <dialogueact nite:id="Bmr021.A.dialogueact54" starttime="78.404" endtime="79.974" type="s^aa|s^na" adjacency="11b" original-type="s^aa|s^na" channel="c0" participant="me011">
      <nite:child href="Bmr021.A.words.xml#id(Bmr021.w.393)..id(Bmr021.w.398)"/>
   </dialogueact>
   <dialogueact nite:id="Bmr021.A.dialogueact55" starttime="80.504" endtime="80.684" type="s^aa" adjacency="12b.13a" original-type="s^aa" channel="c0" participant="me011">
      <nite:child href="Bmr021.A.words.xml#id(Bmr021.w.406)..id(Bmr021.w.407)"/>
   </dialogueact>
   <dialogueact nite:id="Bmr021.A.dialogueact57" starttime="81.154" endtime="81.324" type="s^aa" adjacency="14b.15a" original-type="s^aa" channel="c0" participant="me011">
      <nite:child href="Bmr021.A.words.xml#id(Bmr021.w.410)..id(Bmr021.w.411)"/>
   </dialogueact>
   <dialogueact nite:id="Bmr021.A.dialogueact59" starttime="82.46" endtime="84.18" type="s" original-type="s" channel="c0" participant="me011">
      <nite:child href="Bmr021.A.words.xml#id(Bmr021.w.414)..id(Bmr021.w.425)"/>
   </dialogueact>
   <dialogueact nite:id="Bmr021.A.dialogueact60" starttime="84.23" endtime="85.18" type="s" original-type="s" channel="c0" participant="me011">
      <nite:child href="Bmr021.A.words.xml#id(Bmr021.w.426)..id(Bmr021.w.432)"/>
   </dialogueact>
   <dialogueact nite:id="Bmr021.A.dialogueact63" starttime="87.091" endtime="88.171" type="s^na" adjacency="16b" original-type="s^na" channel="c0" participant="me011">
      <nite:child href="Bmr021.A.words.xml#id(Bmr021.w.444)..id(Bmr021.w.450)"/>
   </dialogueact>
   <dialogueact nite:id="Bmr021.A.dialogueact64" starttime="88.171" endtime="90.401" type="s" adjacency="17a" original-type="s" channel="c0" participant="me011">
      <nite:child href="Bmr021.A.words.xml#id(Bmr021.w.451)..id(Bmr021.w.459)"/>
   </dialogueact>
   <dialogueact nite:id="Bmr021.A.dialogueact65" starttime="90.401" endtime="93.431" type="s" adjacency="17a+" original-type="s" channel="c0" participant="me011">
      <nite:child href="Bmr021.A.words.xml#id(Bmr021.w.460)..id(Bmr021.w.476)"/>
   </dialogueact>
   <dialogueact nite:id="Bmr021.A.dialogueact67" starttime="93.431" endtime="96.571" type="s" original-type="s" channel="c0" participant="me011">
      <nite:child href="Bmr021.A.words.xml#id(Bmr021.w.477)..id(Bmr021.w.496)"/>
   </dialogueact>
   <dialogueact nite:id="Bmr021.A.dialogueact68" starttime="97.19" endtime="99.04" type="s" original-type="s" channel="c0" participant="me011">
      <nite:child href="Bmr021.A.words.xml#id(Bmr021.w.499)..id(Bmr021.w.509)"/>
   </dialogueact>
   <dialogueact nite:id="Bmr021.A.dialogueact71" starttime="103.38" endtime="103.82" type="s^no" adjacency="18b-1" original-type="s^no" channel="c0" participant="me011">
      <nite:child href="Bmr021.A.words.xml#id(Bmr021.w.531)..id(Bmr021.w.534)"/>
   </dialogueact>
   <dialogueact nite:id="Bmr021.A.dialogueact72" starttime="103.82" endtime="106.21" type="s^rt.%-" adjacency="18b-1+" original-type="s^rt.%-" channel="c0" participant="me011">
      <nite:child href="Bmr021.A.words.xml#id(Bmr021.w.535)..id(Bmr021.w.544)"/>
   </dialogueact>
   <dialogueact nite:id="Bmr021.A.dialogueact79" starttime="118.479" endtime="118.949" type="s.%-" original-type="s.%-" channel="c0" participant="me011">
      <nite:child href="Bmr021.A.words.xml#id(Bmr021.w.611)..id(Bmr021.w.615)"/>
   </dialogueact>
   <dialogueact nite:id="Bmr021.A.dialogueact82" starttime="126.37" endtime="132.56" type="s^cs" adjacency="21b" original-type="s^cs" channel="c0" participant="me011">
      <nite:child href="Bmr021.A.words.xml#id(Bmr021.w.637)..id(Bmr021.w.666)"/>
   </dialogueact>
   <dialogueact nite:id="Bmr021.A.dialogueact84" starttime="133.13" endtime="136.42" type="s^cs" original-type="s^cs" channel="c0" participant="me011">
      <nite:child href="Bmr021.A.words.xml#id(Bmr021.w.667)..id(Bmr021.w.677)"/>
   </dialogueact>
   <dialogueact nite:id="Bmr021.A.dialogueact86" starttime="136.71" endtime="138.12" type="s^ba" original-type="s^ba" channel="c0" participant="me011">
      <nite:child href="Bmr021.A.words.xml#id(Bmr021.w.678)..id(Bmr021.w.687)"/>
   </dialogueact>
   <dialogueact nite:id="Bmr021.A.dialogueact87" starttime="138.49" endtime="141.9" type="qy" adjacency="22a" original-type="qy" channel="c0" participant="me011">
      <nite:child href="Bmr021.A.words.xml#id(Bmr021.w.688)..id(Bmr021.w.701)"/>
   </dialogueact>
   <dialogueact nite:id="Bmr021.A.dialogueact88" starttime="141.9" endtime="143.04" type="s^ba" adjacency="22a+" original-type="s^ba" channel="c0" participant="me011">
      <nite:child href="Bmr021.A.words.xml#id(Bmr021.w.702)..id(Bmr021.w.707)"/>
   </dialogueact>
   <dialogueact nite:id="Bmr021.A.dialogueact90" starttime="143.897" endtime="145.077" type="s" adjacency="23b.24a" original-type="s" channel="c0" participant="me011">
      <nite:child href="Bmr021.A.words.xml#id(Bmr021.w.713)..id(Bmr021.w.719)"/>
   </dialogueact>
   <dialogueact nite:id="Bmr021.A.dialogueact93" starttime="145.137" endtime="147.987" type="s^df" adjacency="25a" original-type="s^df" channel="c0" participant="me011">
      <nite:child href="Bmr021.A.words.xml#id(Bmr021.w.720)..id(Bmr021.w.739)"/>
   </dialogueact>
   <dialogueact nite:id="Bmr021.A.dialogueact96" starttime="148.157" endtime="151.187" type="s^ba" adjacency="26a" original-type="s^ba" channel="c0" participant="me011">
      <nite:child href="Bmr021.A.words.xml#id(Bmr021.w.743)..id(Bmr021.w.763)"/>
   </dialogueact>
   <dialogueact nite:id="Bmr021.A.dialogueact101" starttime="152.06" endtime="152.33" type="%-" original-type="%-" channel="c0" participant="me011">
      <nite:child href="Bmr021.A.words.xml#id(Bmr021.w.795)..id(Bmr021.disfmarker.26)"/>
   </dialogueact>
   <dialogueact nite:id="Bmr021.A.dialogueact103" starttime="153.94" endtime="154.22" type="b" original-type="b" channel="c0" participant="me011">
      <nite:child href="Bmr021.A.words.xml#id(Bmr021.w.797)..id(Bmr021.w.798)"/>
   </dialogueact>
   <dialogueact nite:id="Bmr021.A.dialogueact107" starttime="157.95" endtime="158.19" type="b" original-type="b" channel="c0" participant="me011">
      <nite:child href="Bmr021.A.words.xml#id(Bmr021.w.803)..id(Bmr021.w.804)"/>
   </dialogueact>
   <dialogueact nite:id="Bmr021.A.dialogueact108" starttime="159.11" endtime="160.52" type="s^cs" original-type="s^cs" channel="c0" participant="me011">
      <nite:child href="Bmr021.A.words.xml#id(Bmr021.w.805)..id(Bmr021.w.815)"/>
   </dialogueact>
   <dialogueact nite:id="Bmr021.A.dialogueact109" starttime="160.77" endtime="162.44" type="s^df" original-type="s^df" channel="c0" participant="me011">
      <nite:child href="Bmr021.A.words.xml#id(Bmr021.w.816)..id(Bmr021.w.823)"/>
   </dialogueact>
   <dialogueact nite:id="Bmr021.A.dialogueact110" starttime="162.44" endtime="163.97" type="s^no" original-type="s^no" channel="c0" participant="me011">
      <nite:child href="Bmr021.A.words.xml#id(Bmr021.w.824)..id(Bmr021.disfmarker.29)"/>
   </dialogueact>
   <dialogueact nite:id="Bmr021.A.dialogueact111" starttime="163.97" endtime="164.63" type="qo" original-type="qo" channel="c0" participant="me011">
      <nite:child href="Bmr021.A.words.xml#id(Bmr021.w.836)..id(Bmr021.w.840)"/>
   </dialogueact>
   <dialogueact nite:id="Bmr021.A.dialogueact114" starttime="167.038" endtime="168.158" type="s" adjacency="27b.28a" original-type="s" channel="c0" participant="me011">
      <nite:child href="Bmr021.A.words.xml#id(Bmr021.w.854)..id(Bmr021.w.858)"/>
   </dialogueact>
   <dialogueact nite:id="Bmr021.A.dialogueact115" starttime="168.158" endtime="171.468" type="s^ba" original-type="s^ba" channel="c0" participant="me011">
      <nite:child href="Bmr021.A.words.xml#id(Bmr021.w.859)..id(Bmr021.w.872)"/>
   </dialogueact>
   <dialogueact nite:id="Bmr021.A.dialogueact117" starttime="171.788" endtime="173.118" type="s^df" original-type="s^df" channel="c0" participant="me011">
      <nite:child href="Bmr021.A.words.xml#id(Bmr021.w.873)..id(Bmr021.w.882)"/>
   </dialogueact>
   <dialogueact nite:id="Bmr021.A.dialogueact120" starttime="173.398" endtime="176.708" type="s" original-type="s" channel="c0" participant="me011">
      <nite:child href="Bmr021.A.words.xml#id(Bmr021.w.883)..id(Bmr021.w.898)"/>
   </dialogueact>
   <dialogueact nite:id="Bmr021.A.dialogueact124" starttime="186.24" endtime="186.58" type="s^aa" adjacency="29b" original-type="s^aa" channel="c0" participant="me011">
      <nite:child href="Bmr021.A.words.xml#id(Bmr021.w.940)..id(Bmr021.w.941)"/>
   </dialogueact>
   <dialogueact nite:id="Bmr021.A.dialogueact125" starttime="186.75" endtime="190.34" type="s" adjacency="30a" original-type="s" channel="c0" participant="me011">
      <nite:child href="Bmr021.A.words.xml#id(Bmr021.w.942)..id(Bmr021.w.956)"/>
   </dialogueact>
   <dialogueact nite:id="Bmr021.A.dialogueact129" starttime="191.83" endtime="192.67" type="s" original-type="s" channel="c0" participant="me011">
      <nite:child href="Bmr021.A.words.xml#id(Bmr021.w.969)..id(Bmr021.w.973)"/>
   </dialogueact>
   <dialogueact nite:id="Bmr021.A.dialogueact130" starttime="192.9" endtime="193.5" type="s" original-type="s" channel="c0" participant="me011">
      <nite:child href="Bmr021.A.words.xml#id(Bmr021.w.974)..id(Bmr021.w.977)"/>
   </dialogueact>
   <dialogueact nite:id="Bmr021.A.dialogueact131" starttime="193.68" endtime="194.38" type="s^e" original-type="s^e" channel="c0" participant="me011">
      <nite:child href="Bmr021.A.words.xml#id(Bmr021.w.978)..id(Bmr021.w.983)"/>
   </dialogueact>
   <dialogueact nite:id="Bmr021.A.dialogueact134" starttime="195.09" endtime="197.01" type="s" adjacency="31a" original-type="s" channel="c0" participant="me011">
      <nite:child href="Bmr021.A.words.xml#id(Bmr021.w.990)..id(Bmr021.w.998)"/>
   </dialogueact>
   <dialogueact nite:id="Bmr021.A.dialogueact137" starttime="198.52" endtime="198.73" type="fh" original-type="fh" channel="c0" participant="me011">
      <nite:child href="Bmr021.A.words.xml#id(Bmr021.w.1,033)..id(Bmr021.disfmarker.35)"/>
   </dialogueact>
   <dialogueact nite:id="Bmr021.A.dialogueact140" starttime="203.57" endtime="208.15" type="s^na" adjacency="32b.33a" original-type="s^na" channel="c0" participant="me011">
      <nite:child href="Bmr021.A.words.xml#id(Bmr021.w.1,042)..id(Bmr021.w.1,062)"/>
   </dialogueact>
   <dialogueact nite:id="Bmr021.A.dialogueact144" starttime="210.53" endtime="215.27" type="s^aa|s" adjacency="34b" original-type="s^aa|s" channel="c0" participant="me011">
      <nite:child href="Bmr021.A.words.xml#id(Bmr021.w.1,076)..id(Bmr021.w.1,097)"/>
   </dialogueact>
   <dialogueact nite:id="Bmr021.A.dialogueact145" starttime="215.27" endtime="218.11" type="s^cc" original-type="s^cc" channel="c0" participant="me011">
      <nite:child href="Bmr021.A.words.xml#id(Bmr021.w.1,098)..id(Bmr021.w.1,110)"/>
   </dialogueact>
   <dialogueact nite:id="Bmr021.A.dialogueact151" starttime="225.11" endtime="225.32" type="s^aa" adjacency="35b" original-type="s^aa" channel="c0" participant="me011">
      <nite:child href="Bmr021.A.words.xml#id(Bmr021.w.1,155)..id(Bmr021.w.1,156)"/>
   </dialogueact>
   <dialogueact nite:id="Bmr021.A.dialogueact153" starttime="228.65" endtime="229.35" type="s^ng.%--" adjacency="36b.37a" original-type="s^ng.%--" channel="c0" participant="me011">
      <nite:child href="Bmr021.A.words.xml#id(Bmr021.w.1,163)..id(Bmr021.disfmarker.37)"/>
   </dialogueact>
   <dialogueact nite:id="Bmr021.A.dialogueact154" starttime="229.92" endtime="231.43" type="s^ng" adjacency="36b+.37a+" original-type="s^ng" channel="c0" participant="me011">
      <nite:child href="Bmr021.A.words.xml#id(Bmr021.w.1,169)..id(Bmr021.w.1,178)"/>
   </dialogueact>
   <dialogueact nite:id="Bmr021.A.dialogueact155" starttime="231.51" endtime="232.62" type="s" adjacency="36b+.37a++" original-type="s" channel="c0" participant="me011">
      <nite:child href="Bmr021.A.words.xml#id(Bmr021.w.1,179)..id(Bmr021.w.1,185)"/>
   </dialogueact>
   <dialogueact nite:id="Bmr021.A.dialogueact156" starttime="232.74" endtime="233.09" type="fh" original-type="fh" channel="c0" participant="me011">
      <nite:child href="Bmr021.A.words.xml#id(Bmr021.w.1,186)"/>
   </dialogueact>
   <dialogueact nite:id="Bmr021.A.dialogueact158" starttime="233.81" endtime="235.78" type="s^df" adjacency="38a" original-type="s^df" channel="c0" participant="me011">
      <nite:child href="Bmr021.A.words.xml#id(Bmr021.w.1,223)..id(Bmr021.w.1,233)"/>
   </dialogueact>
   <dialogueact nite:id="Bmr021.A.dialogueact161" starttime="239.152" endtime="241.242" type="s^ar|s" adjacency="39b.40a" original-type="s^ar|s" channel="c0" participant="me011">
      <nite:child href="Bmr021.A.words.xml#id(Bmr021.w.1,234)..id(Bmr021.w.1,248)"/>
   </dialogueact>
   <dialogueact nite:id="Bmr021.A.dialogueact163" starttime="241.242" endtime="244.152" type="s" adjacency="39b+.40a+" original-type="s" channel="c0" participant="me011">
      <nite:child href="Bmr021.A.words.xml#id(Bmr021.w.1,249)..id(Bmr021.w.1,265)"/>
   </dialogueact>
   <dialogueact nite:id="Bmr021.A.dialogueact166" starttime="244.602" endtime="246.382" type="fg|s^cc" original-type="fg|s^cc" channel="c0" participant="me011">
      <nite:child href="Bmr021.A.words.xml#id(Bmr021.w.1,276)..id(Bmr021.w.1,288)"/>
   </dialogueact>
   <dialogueact nite:id="Bmr021.A.dialogueact168" starttime="248.503" endtime="249.083" type="s" adjacency="41b.42a" original-type="s" channel="c0" participant="me011">
      <nite:child href="Bmr021.A.words.xml#id(Bmr021.w.1,299)..id(Bmr021.w.1,301)"/>
   </dialogueact>
   <dialogueact nite:id="Bmr021.A.dialogueact170" starttime="249.963" endtime="250.213" type="s^aa" adjacency="43b-1" original-type="s^aa" channel="c0" participant="me011">
      <nite:child href="Bmr021.A.words.xml#id(Bmr021.w.1,304)..id(Bmr021.w.1,305)"/>
   </dialogueact>
   <dialogueact nite:id="Bmr021.A.dialogueact172" starttime="251.67" endtime="253.09" type="s" adjacency="43b-1+" original-type="s" channel="c0" participant="me011">
      <nite:child href="Bmr021.A.words.xml#id(Bmr021.w.1,315)..id(Bmr021.w.1,323)"/>
   </dialogueact>
   <dialogueact nite:id="Bmr021.A.dialogueact179" starttime="255.6" endtime="258.21" type="s" adjacency="47a" original-type="s" channel="c0" participant="me011">
      <nite:child href="Bmr021.A.words.xml#id(Bmr021.w.1,347)..id(Bmr021.w.1,356)"/>
   </dialogueact>
   <dialogueact nite:id="Bmr021.A.dialogueact180" starttime="258.21" endtime="260.31" type="s" adjacency="47a+" original-type="s" channel="c0" participant="me011">
      <nite:child href="Bmr021.A.words.xml#id(Bmr021.w.1,357)..id(Bmr021.w.1,365)"/>
   </dialogueact>
   <dialogueact nite:id="Bmr021.A.dialogueact184" starttime="262.519" endtime="262.759" type="fh" original-type="fh" channel="c0" participant="me011">
      <nite:child href="Bmr021.A.words.xml#id(Bmr021.w.1,372)..id(Bmr021.w.1,373)"/>
   </dialogueact>
   <dialogueact nite:id="Bmr021.A.dialogueact186" starttime="264.15" endtime="264.85" type="s^aa^j" adjacency="48b-1" original-type="s^aa^j" channel="c0" participant="me011">
      <nite:child href="Bmr021.A.words.xml#id(Bmr021.w.1,380)..id(Bmr021.w.1,382)"/>
   </dialogueact>
   <dialogueact nite:id="Bmr021.A.dialogueact187" starttime="266.98" endtime="267.24" type="s^ar" adjacency="48b-1+" original-type="s^ar" channel="c0" participant="me011">
      <nite:child href="Bmr021.A.words.xml#id(Bmr021.w.1,383)..id(Bmr021.w.1,384)"/>
   </dialogueact>
   <dialogueact nite:id="Bmr021.A.dialogueact189" starttime="269.14" endtime="270.24" type="fg|s^ba" original-type="fg|s^ba" channel="c0" participant="me011">
      <nite:child href="Bmr021.A.words.xml#id(Bmr021.w.1,388)..id(Bmr021.w.1,394)"/>
   </dialogueact>
   <dialogueact nite:id="Bmr021.A.dialogueact191" starttime="270.54" endtime="270.78" type="fh" original-type="fh" channel="c0" participant="me011">
      <nite:child href="Bmr021.A.words.xml#id(Bmr021.w.1,395)..id(Bmr021.w.1,396)"/>
   </dialogueact>
   <dialogueact nite:id="Bmr021.A.dialogueact193" starttime="272.782" endtime="273.142" type="b" original-type="b" channel="c0" participant="me011">
      <nite:child href="Bmr021.A.words.xml#id(Bmr021.w.1,428)..id(Bmr021.w.1,431)"/>
   </dialogueact>
   <dialogueact nite:id="Bmr021.A.dialogueact195" starttime="277.1" endtime="278.58" type="s^aa|s" adjacency="49b" original-type="s^aa|s" channel="c0" participant="me011">
      <nite:child href="Bmr021.A.words.xml#id(Bmr021.w.1,432)..id(Bmr021.w.1,440)"/>
   </dialogueact>
   <dialogueact nite:id="Bmr021.A.dialogueact197" starttime="279.05" endtime="279.3" type="fh" original-type="fh" channel="c0" participant="me011">
      <nite:child href="Bmr021.A.words.xml#id(Bmr021.w.1,441)..id(Bmr021.w.1,442)"/>
   </dialogueact>
   <dialogueact nite:id="Bmr021.A.dialogueact199" starttime="280.683" endtime="282.033" type="s" adjacency="50a" original-type="s" channel="c0" participant="me011">
      <nite:child href="Bmr021.A.words.xml#id(Bmr021.w.1,453)..id(Bmr021.w.1,460)"/>
   </dialogueact>
   <dialogueact nite:id="Bmr021.A.dialogueact200" starttime="282.033" endtime="283.083" type="s^df" adjacency="50a+" original-type="s^df" channel="c0" participant="me011">
      <nite:child href="Bmr021.A.words.xml#id(Bmr021.w.1,461)..id(Bmr021.w.1,465)"/>
   </dialogueact>
   <dialogueact nite:id="Bmr021.A.dialogueact201" starttime="283.083" endtime="284.373" type="s" original-type="s" channel="c0" participant="me011">
      <nite:child href="Bmr021.A.words.xml#id(Bmr021.w.1,466)..id(Bmr021.w.1,473)"/>
   </dialogueact>
   <dialogueact nite:id="Bmr021.A.dialogueact203" starttime="284.463" endtime="285.213" type="s^ba" original-type="s^ba" channel="c0" participant="me011">
      <nite:child href="Bmr021.A.words.xml#id(Bmr021.w.1,474)..id(Bmr021.w.1,476)"/>
   </dialogueact>
   <dialogueact nite:id="Bmr021.A.dialogueact204" starttime="285.213" endtime="286.713" type="s^df" original-type="s^df" channel="c0" participant="me011">
      <nite:child href="Bmr021.A.words.xml#id(Bmr021.w.1,477)..id(Bmr021.w.1,483)"/>
   </dialogueact>
   <dialogueact nite:id="Bmr021.A.dialogueact206" starttime="286.963" endtime="287.223" type="fh" original-type="fh" channel="c0" participant="me011">
      <nite:child href="Bmr021.A.words.xml#id(Bmr021.w.1,484)..id(Bmr021.w.1,485)"/>
   </dialogueact>
   <dialogueact nite:id="Bmr021.A.dialogueact207" starttime="288.33" endtime="290.54" type="s^cs" original-type="s^cs" channel="c0" participant="me011">
      <nite:child href="Bmr021.A.words.xml#id(Bmr021.w.1,492)..id(Bmr021.w.1,505)"/>
   </dialogueact>
   <dialogueact nite:id="Bmr021.A.dialogueact210" starttime="296.94" endtime="297.71" type="s^bd" adjacency="51b" original-type="s^bd" channel="c0" participant="me011">
      <nite:child href="Bmr021.A.words.xml#id(Bmr021.w.1,528)..id(Bmr021.w.1,534)"/>
   </dialogueact>
   <dialogueact nite:id="Bmr021.A.dialogueact211" starttime="297.92" endtime="299.65" type="s" original-type="s" channel="c0" participant="me011">
      <nite:child href="Bmr021.A.words.xml#id(Bmr021.w.1,535)..id(Bmr021.w.1,545)"/>
   </dialogueact>
   <dialogueact nite:id="Bmr021.A.dialogueact212" starttime="299.65" endtime="301.71" type="s^df" original-type="s^df" channel="c0" participant="me011">
      <nite:child href="Bmr021.A.words.xml#id(Bmr021.w.1,546)..id(Bmr021.w.1,554)"/>
   </dialogueact>
   <dialogueact nite:id="Bmr021.A.dialogueact213" starttime="302.01" endtime="302.33" type="fh" original-type="fh" channel="c0" participant="me011">
      <nite:child href="Bmr021.A.words.xml#id(Bmr021.w.1,555)..id(Bmr021.w.1,556)"/>
   </dialogueact>
   <dialogueact nite:id="Bmr021.A.dialogueact215" starttime="304.13" endtime="304.77" type="fg" original-type="fg" channel="c0" participant="me011">
      <nite:child href="Bmr021.A.words.xml#id(Bmr021.w.1,559)..id(Bmr021.w.1,560)"/>
   </dialogueact>
   <dialogueact nite:id="Bmr021.A.dialogueact216" starttime="305.92" endtime="308.07" type="s^t^tc" adjacency="52a" original-type="s^t^tc" channel="c0" participant="me011">
      <nite:child href="Bmr021.A.words.xml#id(Bmr021.w.1,561)..id(Bmr021.w.1,572)"/>
   </dialogueact>
   <dialogueact nite:id="Bmr021.A.dialogueact217" starttime="308.07" endtime="311.78" type="s" adjacency="51a+" original-type="s" channel="c0" participant="me011">
      <nite:child href="Bmr021.A.words.xml#id(Bmr021.w.1,573)..id(Bmr021.w.1,586)"/>
   </dialogueact>
   <dialogueact nite:id="Bmr021.A.dialogueact218" starttime="311.78" endtime="315.68" type="s" adjacency="52a++" original-type="s" channel="c0" participant="me011">
      <nite:child href="Bmr021.A.words.xml#id(Bmr021.w.1,587)..id(Bmr021.w.1,603)"/>
   </dialogueact>
   <dialogueact nite:id="Bmr021.A.dialogueact219" starttime="315.68" endtime="316.84" type="s^ba" adjacency="52a+++" original-type="s^ba" channel="c0" participant="me011">
      <nite:child href="Bmr021.A.words.xml#id(Bmr021.w.1,604)..id(Bmr021.w.1,614)"/>
   </dialogueact>
   <dialogueact nite:id="Bmr021.A.dialogueact221" starttime="317.853" endtime="318.123" type="%-" original-type="%-" channel="c0" participant="me011">
      <nite:child href="Bmr021.A.words.xml#id(Bmr021.w.1,627)..id(Bmr021.disfmarker.46)"/>
   </dialogueact>
   <dialogueact nite:id="Bmr021.A.dialogueact223" starttime="321.406" endtime="321.666" type="s^aa" adjacency="53b.54a" original-type="s^aa" channel="c0" participant="me011">
      <nite:child href="Bmr021.A.words.xml#id(Bmr021.w.1,632)..id(Bmr021.w.1,633)"/>
   </dialogueact>
   <dialogueact nite:id="Bmr021.A.dialogueact225" starttime="322.271" endtime="322.441" type="b" original-type="b" channel="c0" participant="me011">
      <nite:child href="Bmr021.A.words.xml#id(Bmr021.w.1,636)..id(Bmr021.w.1,637)"/>
   </dialogueact>
   <dialogueact nite:id="Bmr021.A.dialogueact227" starttime="323.33" endtime="324.22" type="s" original-type="s" channel="c0" participant="me011">
      <nite:child href="Bmr021.A.words.xml#id(Bmr021.w.1,642)..id(Bmr021.w.1,645)"/>
   </dialogueact>
   <dialogueact nite:id="Bmr021.A.dialogueact228" starttime="325.11" endtime="325.55" type="fh" original-type="fh" channel="c0" participant="me011">
      <nite:child href="Bmr021.A.words.xml#id(Bmr021.w.1,646)..id(Bmr021.w.1,647)"/>
   </dialogueact>
   <dialogueact nite:id="Bmr021.A.dialogueact229" starttime="326.25" endtime="330.75" type="s" adjacency="55a" original-type="s" channel="c0" participant="me011">
      <nite:child href="Bmr021.A.words.xml#id(Bmr021.w.1,648)..id(Bmr021.w.1,662)"/>
   </dialogueact>
   <dialogueact nite:id="Bmr021.A.dialogueact230" starttime="331.18" endtime="335.51" type="s^cc" adjacency="55a+" original-type="s^cc" channel="c0" participant="me011">
      <nite:child href="Bmr021.A.words.xml#id(Bmr021.w.1,663)..id(Bmr021.w.1,683)"/>
   </dialogueact>
   <dialogueact nite:id="Bmr021.A.dialogueact231" starttime="335.51" endtime="337.29" type="s^df" adjacency="55a++" original-type="s^df" channel="c0" participant="me011">
      <nite:child href="Bmr021.A.words.xml#id(Bmr021.w.1,684)..id(Bmr021.w.1,693)"/>
   </dialogueact>
   <dialogueact nite:id="Bmr021.A.dialogueact234" starttime="338.38" endtime="340.13" type="s^aa|s^e" adjacency="56b-2.57a" original-type="s^aa|s^e" channel="c0" participant="me011">
      <nite:child href="Bmr021.A.words.xml#id(Bmr021.w.1,700)..id(Bmr021.w.1,708)"/>
   </dialogueact>
   <dialogueact nite:id="Bmr021.A.dialogueact241" starttime="344.07" endtime="344.99" type="s^aa|s.%-" adjacency="59b-2" original-type="s^aa|s.%-" channel="c0" participant="me011">
      <nite:child href="Bmr021.A.words.xml#id(Bmr021.w.1,739)..id(Bmr021.disfmarker.48)"/>
   </dialogueact>
   <dialogueact nite:id="Bmr021.A.dialogueact244" starttime="346.88" endtime="347.28" type="s" original-type="s" channel="c0" participant="me011">
      <nite:child href="Bmr021.A.words.xml#id(Bmr021.w.1,763)..id(Bmr021.w.1,765)"/>
   </dialogueact>
   <dialogueact nite:id="Bmr021.A.dialogueact245" starttime="348.01" endtime="348.81" type="s^m^na|s^aa" adjacency="60b.61a" original-type="s^m^na|s^aa" channel="c0" participant="me011">
      <nite:child href="Bmr021.A.words.xml#id(Bmr021.w.1,766)..id(Bmr021.w.1,771)"/>
   </dialogueact>
   <dialogueact nite:id="Bmr021.A.dialogueact247" starttime="348.81" endtime="353.523" type="s^df" original-type="s^df" channel="c0" participant="me011">
      <nite:child href="Bmr021.A.words.xml#id(Bmr021.w.1,772)..id(Bmr021.w.1,797)"/>
   </dialogueact>
   <dialogueact nite:id="Bmr021.A.dialogueact251" starttime="354.753" endtime="354.953" type="fh" original-type="fh" channel="c0" participant="me011">
      <nite:child href="Bmr021.A.words.xml#id(Bmr021.w.1,809)..id(Bmr021.disfmarker.52)"/>
   </dialogueact>
   <dialogueact nite:id="Bmr021.A.dialogueact253" starttime="359.73" endtime="360.07" type="qy^bh" adjacency="62b" original-type="qy^bh" channel="c0" participant="me011">
      <nite:child href="Bmr021.A.words.xml#id(Bmr021.w.1,825)..id(Bmr021.w.1,827)"/>
   </dialogueact>
   <dialogueact nite:id="Bmr021.A.dialogueact254" starttime="360.07" endtime="360.28" type="s^bk" adjacency="62b+" original-type="s^bk" channel="c0" participant="me011">
      <nite:child href="Bmr021.A.words.xml#id(Bmr021.w.1,828)..id(Bmr021.w.1,829)"/>
   </dialogueact>
   <dialogueact nite:id="Bmr021.A.dialogueact256" starttime="361.92" endtime="363.42" type="s^am" original-type="s^am" channel="c0" participant="me011">
      <nite:child href="Bmr021.A.words.xml#id(Bmr021.w.1,844)..id(Bmr021.w.1,853)"/>
   </dialogueact>
   <dialogueact nite:id="Bmr021.A.dialogueact257" starttime="363.42" endtime="364.86" type="s" original-type="s" channel="c0" participant="me011">
      <nite:child href="Bmr021.A.words.xml#id(Bmr021.w.1,854)..id(Bmr021.w.1,862)"/>
   </dialogueact>
   <dialogueact nite:id="Bmr021.A.dialogueact259" starttime="364.86" endtime="367.9" type="s^df" original-type="s^df" channel="c0" participant="me011">
      <nite:child href="Bmr021.A.words.xml#id(Bmr021.w.1,863)..id(Bmr021.w.1,874)"/>
   </dialogueact>
   <dialogueact nite:id="Bmr021.A.dialogueact260" starttime="368.31" endtime="369.14" type="fh" original-type="fh" channel="c0" participant="me011">
      <nite:child href="Bmr021.A.words.xml#id(Bmr021.w.1,875)..id(Bmr021.w.1,876)"/>
   </dialogueact>
   <dialogueact nite:id="Bmr021.A.dialogueact261" starttime="370.918" endtime="371.338" type="s.%--" original-type="s.%--" channel="c0" participant="me011">
      <nite:child href="Bmr021.A.words.xml#id(Bmr021.w.1,877)..id(Bmr021.disfmarker.54)"/>
   </dialogueact>
   <dialogueact nite:id="Bmr021.A.dialogueact262" starttime="371.468" endtime="373.178" type="qy^bu^d^rt^t^tc" original-type="qy^bu^d^rt^t^tc" channel="c0" participant="me011">
      <nite:child href="Bmr021.A.words.xml#id(Bmr021.w.1,878)..id(Bmr021.w.1,887)"/>
   </dialogueact>
   <dialogueact nite:id="Bmr021.A.dialogueact264" starttime="374.46" endtime="374.81" type="s^na^rt" adjacency="63b" original-type="s^na^rt" channel="c0" participant="me011">
      <nite:child href="Bmr021.A.words.xml#id(Bmr021.w.1,894)..id(Bmr021.w.1,897)"/>
   </dialogueact>
   <dialogueact nite:id="Bmr021.A.dialogueact267" starttime="379.06" endtime="382.09" type="s^e^j" adjacency="64a" original-type="s^e^j" channel="c0" participant="me011">
      <nite:child href="Bmr021.A.words.xml#id(Bmr021.w.1,920)..id(Bmr021.w.1,937)"/>
   </dialogueact>
   <dialogueact nite:id="Bmr021.A.dialogueact270" starttime="385.11" endtime="385.4" type="s^ba" original-type="s^ba" channel="c0" participant="me011">
      <nite:child href="Bmr021.A.words.xml#id(Bmr021.w.1,954)..id(Bmr021.w.1,956)"/>
   </dialogueact>
   <dialogueact nite:id="Bmr021.A.dialogueact271" starttime="385.4" endtime="386.48" type="s^ba" original-type="s^ba" channel="c0" participant="me011">
      <nite:child href="Bmr021.A.words.xml#id(Bmr021.w.1,957)..id(Bmr021.w.1,963)"/>
   </dialogueact>
   <dialogueact nite:id="Bmr021.A.dialogueact275" starttime="393.67" endtime="394.82" type="qy^bu^d^rt" adjacency="66b-1" original-type="qy^bu^d^rt" channel="c0" participant="me011">
      <nite:child href="Bmr021.A.words.xml#id(Bmr021.w.1,980)..id(Bmr021.w.1,987)"/>
   </dialogueact>
   <dialogueact nite:id="Bmr021.A.dialogueact282" starttime="397.44" endtime="398.56" type="s^cs" original-type="s^cs" channel="c0" participant="me011">
      <nite:child href="Bmr021.A.words.xml#id(Bmr021.w.2,023)..id(Bmr021.w.2,031)"/>
   </dialogueact>
   <dialogueact nite:id="Bmr021.A.dialogueact284" starttime="399.411" endtime="400.431" type="s" original-type="s" channel="c0" participant="me011">
      <nite:child href="Bmr021.A.words.xml#id(Bmr021.w.2,039)..id(Bmr021.w.2,045)"/>
   </dialogueact>
   <dialogueact nite:id="Bmr021.A.dialogueact286" starttime="402.36" endtime="402.75" type="fh" original-type="fh" channel="c0" participant="me011">
      <nite:child href="Bmr021.A.words.xml#id(Bmr021.w.2,046)..id(Bmr021.w.2,047)"/>
   </dialogueact>
   <dialogueact nite:id="Bmr021.A.dialogueact287" starttime="405.4" endtime="406.9" type="s^t^tc" original-type="s^t^tc" channel="c0" participant="me011">
      <nite:child href="Bmr021.A.words.xml#id(Bmr021.w.2,048)..id(Bmr021.w.2,052)"/>
   </dialogueact>
   <dialogueact nite:id="Bmr021.A.dialogueact288" starttime="406.96" endtime="408.85" type="s^rt" original-type="s^rt" channel="c0" participant="me011">
      <nite:child href="Bmr021.A.words.xml#id(Bmr021.w.2,053)..id(Bmr021.w.2,062)"/>
   </dialogueact>
   <dialogueact nite:id="Bmr021.A.dialogueact289" starttime="408.85" endtime="410.82" type="s^rt" original-type="s^rt" channel="c0" participant="me011">
      <nite:child href="Bmr021.A.words.xml#id(Bmr021.w.2,063)..id(Bmr021.w.2,074)"/>
   </dialogueact>
   <dialogueact nite:id="Bmr021.A.dialogueact290" starttime="410.88" endtime="411.6" type="s^rt" original-type="s^rt" channel="c0" participant="me011">
      <nite:child href="Bmr021.A.words.xml#id(Bmr021.w.2,075)..id(Bmr021.w.2,080)"/>
   </dialogueact>
   <dialogueact nite:id="Bmr021.A.dialogueact291" starttime="411.74" endtime="413.63" type="s^cs" original-type="s^cs" channel="c0" participant="me011">
      <nite:child href="Bmr021.A.words.xml#id(Bmr021.w.2,081)..id(Bmr021.w.2,090)"/>
   </dialogueact>
   <dialogueact nite:id="Bmr021.A.dialogueact292" starttime="413.63" endtime="419.519" type="s^cs" original-type="s^cs" channel="c0" participant="me011">
      <nite:child href="Bmr021.A.words.xml#id(Bmr021.w.2,091)..id(Bmr021.w.2,111)"/>
   </dialogueact>
   <dialogueact nite:id="Bmr021.A.dialogueact294" starttime="420.97" endtime="421.17" type="s^aa" adjacency="69b.70a" original-type="s^aa" channel="c0" participant="me011">
      <nite:child href="Bmr021.A.words.xml#id(Bmr021.w.2,120)..id(Bmr021.w.2,121)"/>
   </dialogueact>
   <dialogueact nite:id="Bmr021.A.dialogueact297" starttime="427.639" endtime="427.999" type="s^aa" adjacency="71b" original-type="s^aa" channel="c0" participant="me011">
      <nite:child href="Bmr021.A.words.xml#id(Bmr021.w.2,150)..id(Bmr021.w.2,153)"/>
   </dialogueact>
   <dialogueact nite:id="Bmr021.A.dialogueact302" starttime="455.21" endtime="455.64" type="qy^bu^d^rt" adjacency="72b.73a" original-type="qy^bu^d^rt" channel="c0" participant="me011">
      <nite:child href="Bmr021.A.words.xml#id(Bmr021.w.2,234)..id(Bmr021.w.2,235)"/>
   </dialogueact>
   <dialogueact nite:id="Bmr021.A.dialogueact303" starttime="455.64" endtime="456.62" type="qy^rt" adjacency="72b+.73a+" original-type="qy^rt" channel="c0" participant="me011">
      <nite:child href="Bmr021.A.words.xml#id(Bmr021.w.2,236)..id(Bmr021.w.2,242)"/>
   </dialogueact>
   <dialogueact nite:id="Bmr021.A.dialogueact306" starttime="465.01" endtime="467.33" type="s^bk|s^bu" original-type="s^bk|s^bu" channel="c0" participant="me011">
      <nite:child href="Bmr021.A.words.xml#id(Bmr021.w.2,269)..id(Bmr021.w.2,281)"/>
   </dialogueact>
   <dialogueact nite:id="Bmr021.A.dialogueact307" starttime="467.33" endtime="470.57" type="s" adjacency="74a" original-type="s" channel="c0" participant="me011">
      <nite:child href="Bmr021.A.words.xml#id(Bmr021.w.2,282)..id(Bmr021.w.2,294)"/>
   </dialogueact>
   <dialogueact nite:id="Bmr021.A.dialogueact308" starttime="471.14" endtime="471.31" type="fh" original-type="fh" channel="c0" participant="me011">
      <nite:child href="Bmr021.A.words.xml#id(Bmr021.w.2,295)..id(Bmr021.w.2,296)"/>
   </dialogueact>
   <dialogueact nite:id="Bmr021.A.dialogueact312" starttime="476.28" endtime="479.84" type="s" adjacency="75a" original-type="s" channel="c0" participant="me011">
      <nite:child href="Bmr021.A.words.xml#id(Bmr021.w.2,307)..id(Bmr021.w.2,322)"/>
   </dialogueact>
   <dialogueact nite:id="Bmr021.A.dialogueact315" starttime="485.59" endtime="485.99" type="qy^bh" adjacency="76b.77a" original-type="qy^bh" channel="c0" participant="me011">
      <nite:child href="Bmr021.A.words.xml#id(Bmr021.w.2,346)..id(Bmr021.w.2,348)"/>
   </dialogueact>
   <dialogueact nite:id="Bmr021.A.dialogueact317" starttime="485.99" endtime="486.56" type="s^no" original-type="s^no" channel="c0" participant="me011">
      <nite:child href="Bmr021.A.words.xml#id(Bmr021.w.2,349)..id(Bmr021.w.2,353)"/>
   </dialogueact>
   <dialogueact nite:id="Bmr021.A.dialogueact323" starttime="493.03" endtime="494.03" type="s" adjacency="80b.81a" original-type="s" channel="c0" participant="me011">
      <nite:child href="Bmr021.A.words.xml#id(Bmr021.w.2,379)..id(Bmr021.w.2,387)"/>
   </dialogueact>
   <dialogueact nite:id="Bmr021.A.dialogueact324" starttime="494.12" endtime="494.22" type="qy^d^f^g" adjacency="80b+.81a+" original-type="qy^d^f^g" channel="c0" participant="me011">
      <nite:child href="Bmr021.A.words.xml#id(Bmr021.w.2,388)..id(Bmr021.w.2,389)"/>
   </dialogueact>
   <dialogueact nite:id="Bmr021.A.dialogueact351" starttime="576.338" endtime="576.578" type="b" original-type="b" channel="c0" participant="me011">
      <nite:child href="Bmr021.A.words.xml#id(Bmr021.w.2,682)..id(Bmr021.w.2,683)"/>
   </dialogueact>
   <dialogueact nite:id="Bmr021.A.dialogueact361" starttime="605.519" endtime="605.869" type="b" original-type="b" channel="c0" participant="me011">
      <nite:child href="Bmr021.A.words.xml#id(Bmr021.w.2,783)..id(Bmr021.w.2,786)"/>
   </dialogueact>
   <dialogueact nite:id="Bmr021.A.dialogueact364" starttime="610.98" endtime="612.2" type="s^2^rt" adjacency="1b" original-type="s^2^rt" channel="c0" participant="me011">
      <nite:child href="Bmr021.A.words.xml#id(Bmr021.w.2,814)..id(Bmr021.w.2,819)"/>
   </dialogueact>
   <dialogueact nite:id="Bmr021.A.dialogueact366" starttime="616.28" endtime="618.46" type="s^2" adjacency="1b+" original-type="s^2" channel="c0" participant="me011">
      <nite:child href="Bmr021.A.words.xml#id(Bmr021.w.2,839)..id(Bmr021.w.2,848)"/>
   </dialogueact>
   <dialogueact nite:id="Bmr021.A.dialogueact368" starttime="618.46" endtime="618.82" type="b" original-type="b" channel="c0" participant="me011">
      <nite:child href="Bmr021.A.words.xml#id(Bmr021.w.2,849)..id(Bmr021.w.2,850)"/>
   </dialogueact>
   <dialogueact nite:id="Bmr021.A.dialogueact372" starttime="623.42" endtime="626.57" type="qy" adjacency="2a" original-type="qy" channel="c0" participant="me011">
      <nite:child href="Bmr021.A.words.xml#id(Bmr021.w.2,874)..id(Bmr021.w.2,892)"/>
   </dialogueact>
   <dialogueact nite:id="Bmr021.A.dialogueact379" starttime="633.433" endtime="634.603" type="s" original-type="s" channel="c0" participant="me011">
      <nite:child href="Bmr021.A.words.xml#id(Bmr021.w.2,925)..id(Bmr021.w.2,929)"/>
   </dialogueact>
   <dialogueact nite:id="Bmr021.A.dialogueact389" starttime="649.34" endtime="650.01" type="s^2" adjacency="4b" original-type="s^2" channel="c0" participant="me011">
      <nite:child href="Bmr021.A.words.xml#id(Bmr021.w.3,009)..id(Bmr021.w.3,011)"/>
   </dialogueact>
   <dialogueact nite:id="Bmr021.A.dialogueact390" starttime="650.12" endtime="650.42" type="b" original-type="b" channel="c0" participant="me011">
      <nite:child href="Bmr021.A.words.xml#id(Bmr021.w.3,012)..id(Bmr021.w.3,013)"/>
   </dialogueact>
   <dialogueact nite:id="Bmr021.A.dialogueact392" starttime="652.41" endtime="652.97" type="s^2" adjacency="5b" original-type="s^2" channel="c0" participant="me011">
      <nite:child href="Bmr021.A.words.xml#id(Bmr021.w.3,028)..id(Bmr021.w.3,030)"/>
   </dialogueact>
   <dialogueact nite:id="Bmr021.A.dialogueact393" starttime="654.475" endtime="656.295" type="s^aa|s" original-type="s^aa|s" channel="c0" participant="me011">
      <nite:child href="Bmr021.A.words.xml#id(Bmr021.w.3,033)..id(Bmr021.w.3,041)"/>
   </dialogueact>
   <dialogueact nite:id="Bmr021.A.dialogueact398" starttime="673.59" endtime="674.33" type="s^ba" adjacency="7b" original-type="s^ba" channel="c0" participant="me011">
      <nite:child href="Bmr021.A.words.xml#id(Bmr021.w.3,099)..id(Bmr021.w.3,103)"/>
   </dialogueact>
   <dialogueact nite:id="Bmr021.A.dialogueact399" starttime="674.76" endtime="675.59" type="s^ba" original-type="s^ba" channel="c0" participant="me011">
      <nite:child href="Bmr021.A.words.xml#id(Bmr021.w.3,104)..id(Bmr021.w.3,110)"/>
   </dialogueact>
   <dialogueact nite:id="Bmr021.A.dialogueact400" starttime="675.59" endtime="677.78" type="s^rt" original-type="s^rt" channel="c0" participant="me011">
      <nite:child href="Bmr021.A.words.xml#id(Bmr021.w.3,111)..id(Bmr021.w.3,125)"/>
   </dialogueact>
   <dialogueact nite:id="Bmr021.A.dialogueact404" starttime="683.65" endtime="685.93" type="s" original-type="s" channel="c0" participant="me011">
      <nite:child href="Bmr021.A.words.xml#id(Bmr021.w.3,135)..id(Bmr021.w.3,145)"/>
   </dialogueact>
   <dialogueact nite:id="Bmr021.A.dialogueact405" starttime="686.32" endtime="691.99" type="s" adjacency="8a" original-type="s" channel="c0" participant="me011">
      <nite:child href="Bmr021.A.words.xml#id(Bmr021.w.3,146)..id(Bmr021.w.3,167)"/>
   </dialogueact>
   <dialogueact nite:id="Bmr021.A.dialogueact407" starttime="693.13" endtime="693.24" type="qy^d^f^g" adjacency="8a+" original-type="qy^d^f^g" channel="c0" participant="me011">
      <nite:child href="Bmr021.A.words.xml#id(Bmr021.w.3,172)..id(Bmr021.w.3,173)"/>
   </dialogueact>
   <dialogueact nite:id="Bmr021.A.dialogueact408" starttime="693.24" endtime="694.71" type="s^df.%--" original-type="s^df.%--" channel="c0" participant="me011">
      <nite:child href="Bmr021.A.words.xml#id(Bmr021.w.3,174)..id(Bmr021.disfmarker.105)"/>
   </dialogueact>
   <dialogueact nite:id="Bmr021.A.dialogueact409" starttime="695.539" endtime="696.789" type="s.%-" original-type="s.%-" channel="c0" participant="me011">
      <nite:child href="Bmr021.A.words.xml#id(Bmr021.w.3,178)..id(Bmr021.w.3,186)"/>
   </dialogueact>
   <dialogueact nite:id="Bmr021.A.dialogueact410" starttime="696.789" endtime="698.359" type="s" adjacency="10a" original-type="s" channel="c0" participant="me011">
      <nite:child href="Bmr021.A.words.xml#id(Bmr021.w.3,199)..id(Bmr021.w.3,207)"/>
   </dialogueact>
   <dialogueact nite:id="Bmr021.A.dialogueact414" starttime="707.08" endtime="708.5" type="fh|s.%-" original-type="fh|s.%-" channel="c0" participant="me011">
      <nite:child href="Bmr021.A.words.xml#id(Bmr021.w.3,232)..id(Bmr021.disfmarker.109)"/>
   </dialogueact>
   <dialogueact nite:id="Bmr021.A.dialogueact426" starttime="723.55" endtime="725.93" type="s^aap" adjacency="14b" original-type="s^aap" channel="c0" participant="me011">
      <nite:child href="Bmr021.A.words.xml#id(Bmr021.w.3,322)..id(Bmr021.w.3,338)"/>
   </dialogueact>
   <dialogueact nite:id="Bmr021.A.dialogueact428" starttime="725.93" endtime="728.84" type="s^cs" original-type="s^cs" channel="c0" participant="me011">
      <nite:child href="Bmr021.A.words.xml#id(Bmr021.w.3,339)..id(Bmr021.w.3,352)"/>
   </dialogueact>
   <dialogueact nite:id="Bmr021.A.dialogueact429" starttime="729.07" endtime="731.0" type="s^cs" original-type="s^cs" channel="c0" participant="me011">
      <nite:child href="Bmr021.A.words.xml#id(Bmr021.w.3,353)..id(Bmr021.w.3,362)"/>
   </dialogueact>
   <dialogueact nite:id="Bmr021.A.dialogueact430" starttime="731.73" endtime="731.91" type="fh" original-type="fh" channel="c0" participant="me011">
      <nite:child href="Bmr021.A.words.xml#id(Bmr021.w.3,365)..id(Bmr021.w.3,366)"/>
   </dialogueact>
   <dialogueact nite:id="Bmr021.A.dialogueact435" starttime="737.48" endtime="737.9" type="s^aa" adjacency="15b-2" original-type="s^aa" channel="c0" participant="me011">
      <nite:child href="Bmr021.A.words.xml#id(Bmr021.w.3,411)..id(Bmr021.w.3,414)"/>
   </dialogueact>
   <dialogueact nite:id="Bmr021.A.dialogueact441" starttime="746.369" endtime="746.549" type="b" original-type="b" channel="c0" participant="me011">
      <nite:child href="Bmr021.A.words.xml#id(Bmr021.w.3,444)..id(Bmr021.w.3,445)"/>
   </dialogueact>
   <dialogueact nite:id="Bmr021.A.dialogueact442" starttime="747.79" endtime="750.25" type="fg|s^ba^cs" original-type="fg|s^ba^cs" channel="c0" participant="me011">
      <nite:child href="Bmr021.A.words.xml#id(Bmr021.w.3,446)..id(Bmr021.w.3,460)"/>
   </dialogueact>
   <dialogueact nite:id="Bmr021.A.dialogueact444" starttime="750.25" endtime="751.27" type="s" original-type="s" channel="c0" participant="me011">
      <nite:child href="Bmr021.A.words.xml#id(Bmr021.w.3,461)..id(Bmr021.w.3,469)"/>
   </dialogueact>
   <dialogueact nite:id="Bmr021.A.dialogueact447" starttime="752.226" endtime="752.366" type="fh" original-type="fh" channel="c0" participant="me011">
      <nite:child href="Bmr021.A.words.xml#id(Bmr021.w.3,495)..id(Bmr021.w.3,496)"/>
   </dialogueact>
   <dialogueact nite:id="Bmr021.A.dialogueact449" starttime="755.8" endtime="756.7" type="s^ar|s^nd" adjacency="18b.19a" original-type="s^ar|s^nd" channel="c0" participant="me011">
      <nite:child href="Bmr021.A.words.xml#id(Bmr021.w.3,497)..id(Bmr021.w.3,505)"/>
   </dialogueact>
   <dialogueact nite:id="Bmr021.A.dialogueact450" starttime="756.7" endtime="757.52" type="s" original-type="s" channel="c0" participant="me011">
      <nite:child href="Bmr021.A.words.xml#id(Bmr021.w.3,506)..id(Bmr021.w.3,512)"/>
   </dialogueact>
   <dialogueact nite:id="Bmr021.A.dialogueact456" starttime="762.657" endtime="765.987" type="s^bd|s^df" original-type="s^bd|s^df" channel="c0" participant="me011">
      <nite:child href="Bmr021.A.words.xml#id(Bmr021.w.3,542)..id(Bmr021.w.3,561)"/>
   </dialogueact>
   <dialogueact nite:id="Bmr021.A.dialogueact459" starttime="775.998" endtime="776.478" type="b" original-type="b" channel="c0" participant="me011">
      <nite:child href="Bmr021.A.words.xml#id(Bmr021.w.3,614)..id(Bmr021.w.3,617)"/>
   </dialogueact>
   <dialogueact nite:id="Bmr021.A.dialogueact484" starttime="822.09" endtime="823.65" type="s" adjacency="29b" original-type="s" channel="c0" participant="me011">
      <nite:child href="Bmr021.A.words.xml#id(Bmr021.w.3,809)..id(Bmr021.w.3,819)"/>
   </dialogueact>
   <dialogueact nite:id="Bmr021.A.dialogueact485" starttime="823.65" endtime="828.19" type="s^df" adjacency="30a" original-type="s^df" channel="c0" participant="me011">
      <nite:child href="Bmr021.A.words.xml#id(Bmr021.w.3,820)..id(Bmr021.w.3,831)"/>
   </dialogueact>
   <dialogueact nite:id="Bmr021.A.dialogueact487" starttime="828.49" endtime="829.15" type="s" adjacency="30a+" original-type="s" channel="c0" participant="me011">
      <nite:child href="Bmr021.A.words.xml#id(Bmr021.w.3,832)..id(Bmr021.w.3,836)"/>
   </dialogueact>
   <dialogueact nite:id="Bmr021.A.dialogueact488" starttime="829.9" endtime="830.04" type="qy^d^f^g" adjacency="30a++" original-type="qy^d^f^g" channel="c0" participant="me011">
      <nite:child href="Bmr021.A.words.xml#id(Bmr021.w.3,845)..id(Bmr021.w.3,846)"/>
   </dialogueact>
   <dialogueact nite:id="Bmr021.A.dialogueact489" starttime="830.04" endtime="831.25" type="s" adjacency="32a" original-type="s" channel="c0" participant="me011">
      <nite:child href="Bmr021.A.words.xml#id(Bmr021.w.3,847)..id(Bmr021.w.3,852)"/>
   </dialogueact>
   <dialogueact nite:id="Bmr021.A.dialogueact491" starttime="831.25" endtime="833.68" type="s" adjacency="31b" original-type="s" channel="c0" participant="me011">
      <nite:child href="Bmr021.A.words.xml#id(Bmr021.w.3,853)..id(Bmr021.w.3,865)"/>
   </dialogueact>
   <dialogueact nite:id="Bmr021.A.dialogueact493" starttime="831.805" endtime="832.763" type="s^df" adjacency="44a+" original-type="s^df" channel="c0" participant="me011">
   </dialogueact>
   <dialogueact nite:id="Bmr021.A.dialogueact497" starttime="837.302" endtime="837.962" type="s" adjacency="33b" original-type="s" channel="c0" participant="me011">
      <nite:child href="Bmr021.A.words.xml#id(Bmr021.w.3,911)..id(Bmr021.w.3,914)"/>
   </dialogueact>
   <dialogueact nite:id="Bmr021.A.dialogueact498" starttime="838.57" endtime="839.88" type="s" adjacency="34a" original-type="s" channel="c0" participant="me011">
      <nite:child href="Bmr021.A.words.xml#id(Bmr021.w.3,915)..id(Bmr021.w.3,922)"/>
   </dialogueact>
   <dialogueact nite:id="Bmr021.A.dialogueact500" starttime="840.62" endtime="842.41" type="s" adjacency="35a" original-type="s" channel="c0" participant="me011">
      <nite:child href="Bmr021.A.words.xml#id(Bmr021.w.3,930)..id(Bmr021.w.3,940)"/>
   </dialogueact>
   <dialogueact nite:id="Bmr021.A.dialogueact503" starttime="843.65" endtime="845.67" type="fg|s" original-type="fg|s" channel="c0" participant="me011">
      <nite:child href="Bmr021.A.words.xml#id(Bmr021.w.3,956)..id(Bmr021.w.3,971)"/>
   </dialogueact>
   <dialogueact nite:id="Bmr021.A.dialogueact504" starttime="845.67" endtime="847.34" type="s^cs" original-type="s^cs" channel="c0" participant="me011">
      <nite:child href="Bmr021.A.words.xml#id(Bmr021.w.3,972)..id(Bmr021.w.3,980)"/>
   </dialogueact>
   <dialogueact nite:id="Bmr021.A.dialogueact507" starttime="858.01" endtime="858.6" type="s^2" adjacency="36b-1" original-type="s^2" channel="c0" participant="me011">
      <nite:child href="Bmr021.A.words.xml#id(Bmr021.w.4,027)..id(Bmr021.w.4,029)"/>
   </dialogueact>
   <dialogueact nite:id="Bmr021.A.dialogueact514" starttime="865.01" endtime="870.55" type="s^cs^t^tc" adjacency="37a" original-type="s^cs^t^tc" channel="c0" participant="me011">
      <nite:child href="Bmr021.A.words.xml#id(Bmr021.w.4,065)..id(Bmr021.w.4,092)"/>
   </dialogueact>
   <dialogueact nite:id="Bmr021.A.dialogueact516" starttime="871.86" endtime="874.13" type="s^no" original-type="s^no" channel="c0" participant="me011">
      <nite:child href="Bmr021.A.words.xml#id(Bmr021.w.4,095)..id(Bmr021.w.4,105)"/>
   </dialogueact>
   <dialogueact nite:id="Bmr021.A.dialogueact517" starttime="874.13" endtime="876.26" type="s" original-type="s" channel="c0" participant="me011">
      <nite:child href="Bmr021.A.words.xml#id(Bmr021.w.4,106)..id(Bmr021.w.4,115)"/>
   </dialogueact>
   <dialogueact nite:id="Bmr021.A.dialogueact518" starttime="876.65" endtime="878.33" type="qo^rt" adjacency="38a" original-type="qo^rt" channel="c0" participant="me011">
      <nite:child href="Bmr021.A.words.xml#id(Bmr021.w.4,116)..id(Bmr021.w.4,119)"/>
   </dialogueact>
   <dialogueact nite:id="Bmr021.A.dialogueact522" starttime="888.234" endtime="888.494" type="s^bk" adjacency="39b" original-type="s^bk" channel="c0" participant="me011">
      <nite:child href="Bmr021.A.words.xml#id(Bmr021.w.4,176)..id(Bmr021.w.4,177)"/>
   </dialogueact>
   <dialogueact nite:id="Bmr021.A.dialogueact524" starttime="890.85" endtime="892.06" type="s.%--" adjacency="40a" original-type="s.%--" channel="c0" participant="me011">
      <nite:child href="Bmr021.A.words.xml#id(Bmr021.w.4,178)..id(Bmr021.w.4,184)"/>
   </dialogueact>
   <dialogueact nite:id="Bmr021.A.dialogueact526" starttime="892.75" endtime="894.44" type="s^cs" adjacency="40a+" original-type="s^cs" channel="c0" participant="me011">
      <nite:child href="Bmr021.A.words.xml#id(Bmr021.w.4,187)..id(Bmr021.w.4,195)"/>
   </dialogueact>
   <dialogueact nite:id="Bmr021.A.dialogueact528" starttime="894.44" endtime="896.25" type="s^cs^e" adjacency="40a++" original-type="s^cs^e" channel="c0" participant="me011">
      <nite:child href="Bmr021.A.words.xml#id(Bmr021.w.4,196)..id(Bmr021.w.4,207)"/>
   </dialogueact>
   <dialogueact nite:id="Bmr021.A.dialogueact532" starttime="898.05" endtime="898.33" type="s^bk" adjacency="41b-1" original-type="s^bk" channel="c0" participant="me011">
      <nite:child href="Bmr021.A.words.xml#id(Bmr021.w.4,231)..id(Bmr021.w.4,232)"/>
   </dialogueact>
   <dialogueact nite:id="Bmr021.A.dialogueact535" starttime="901.066" endtime="903.246" type="s" adjacency="42a" original-type="s" channel="c0" participant="me011">
      <nite:child href="Bmr021.A.words.xml#id(Bmr021.w.4,240)..id(Bmr021.w.4,246)"/>
   </dialogueact>
   <dialogueact nite:id="Bmr021.A.dialogueact536" starttime="903.246" endtime="906.85" type="s^cs" adjacency="42a+" original-type="s^cs" channel="c0" participant="me011">
      <nite:child href="Bmr021.A.words.xml#id(Bmr021.w.4,247)..id(Bmr021.w.4,260)"/>
   </dialogueact>
   <dialogueact nite:id="Bmr021.A.dialogueact538" starttime="907.892" endtime="911.842" type="s^cs" original-type="s^cs" channel="c0" participant="me011">
      <nite:child href="Bmr021.A.words.xml#id(Bmr021.w.4,268)..id(Bmr021.w.4,286)"/>
   </dialogueact>
   <dialogueact nite:id="Bmr021.A.dialogueact539" starttime="911.842" endtime="913.032" type="s^cs^e" original-type="s^cs^e" channel="c0" participant="me011">
      <nite:child href="Bmr021.A.words.xml#id(Bmr021.w.4,287)..id(Bmr021.w.4,293)"/>
   </dialogueact>
   <dialogueact nite:id="Bmr021.A.dialogueact542" starttime="914.12" endtime="914.31" type="fh" original-type="fh" channel="c0" participant="me011">
      <nite:child href="Bmr021.A.words.xml#id(Bmr021.w.4,328)..id(Bmr021.w.4,329)"/>
   </dialogueact>
   <dialogueact nite:id="Bmr021.A.dialogueact545" starttime="920.05" endtime="922.04" type="s" adjacency="44b.45a" original-type="s" channel="c0" participant="me011">
      <nite:child href="Bmr021.A.words.xml#id(Bmr021.w.4,330)..id(Bmr021.w.4,337)"/>
   </dialogueact>
   <dialogueact nite:id="Bmr021.A.dialogueact547" starttime="923.09" endtime="923.98" type="fh" original-type="fh" channel="c0" participant="me011">
      <nite:child href="Bmr021.A.words.xml#id(Bmr021.w.4,340)..id(Bmr021.w.4,342)"/>
   </dialogueact>
   <dialogueact nite:id="Bmr021.A.dialogueact548" starttime="925.7" endtime="926.67" type="s.%--" original-type="s.%--" channel="c0" participant="me011">
      <nite:child href="Bmr021.A.words.xml#id(Bmr021.w.4,343)..id(Bmr021.w.4,346)"/>
   </dialogueact>
   <dialogueact nite:id="Bmr021.A.dialogueact549" starttime="926.67" endtime="928.64" type="s" original-type="s" channel="c0" participant="me011">
      <nite:child href="Bmr021.A.words.xml#id(Bmr021.w.4,347)..id(Bmr021.w.4,361)"/>
   </dialogueact>
   <dialogueact nite:id="Bmr021.A.dialogueact550" starttime="928.64" endtime="929.53" type="s^df.%-" original-type="s^df.%-" channel="c0" participant="me011">
      <nite:child href="Bmr021.A.words.xml#id(Bmr021.w.4,362)..id(Bmr021.w.4,363)"/>
   </dialogueact>
   <dialogueact nite:id="Bmr021.A.dialogueact552" starttime="933.94" endtime="934.97" type="s^aa|s^na" adjacency="46b" original-type="s^aa|s^na" channel="c0" participant="me011">
      <nite:child href="Bmr021.A.words.xml#id(Bmr021.w.4,386)..id(Bmr021.w.4,389)"/>
   </dialogueact>
   <dialogueact nite:id="Bmr021.A.dialogueact553" starttime="934.97" endtime="935.38" type="s^na" adjacency="46b+" original-type="s^na" channel="c0" participant="me011">
      <nite:child href="Bmr021.A.words.xml#id(Bmr021.w.4,390)..id(Bmr021.w.4,392)"/>
   </dialogueact>
   <dialogueact nite:id="Bmr021.A.dialogueact555" starttime="936.14" endtime="938.68" type="s" original-type="s" channel="c0" participant="me011">
      <nite:child href="Bmr021.A.words.xml#id(Bmr021.w.4,398)..id(Bmr021.w.4,420)"/>
   </dialogueact>
   <dialogueact nite:id="Bmr021.A.dialogueact558" starttime="939.958" endtime="940.348" type="fg" original-type="fg" channel="c0" participant="me011">
      <nite:child href="Bmr021.A.words.xml#id(Bmr021.w.4,425)..id(Bmr021.w.4,426)"/>
   </dialogueact>
   <dialogueact nite:id="Bmr021.A.dialogueact559" starttime="941.04" endtime="944.09" type="s" adjacency="47a" original-type="s" channel="c0" participant="me011">
      <nite:child href="Bmr021.A.words.xml#id(Bmr021.w.4,427)..id(Bmr021.w.4,441)"/>
   </dialogueact>
   <dialogueact nite:id="Bmr021.A.dialogueact560" starttime="944.09" endtime="945.69" type="s" adjacency="47a+" original-type="s" channel="c0" participant="me011">
      <nite:child href="Bmr021.A.words.xml#id(Bmr021.w.4,442)..id(Bmr021.w.4,450)"/>
   </dialogueact>
   <dialogueact nite:id="Bmr021.A.dialogueact563" starttime="947.039" endtime="947.239" type="s^bk" adjacency="49b" original-type="s^bk" channel="c0" participant="me011">
      <nite:child href="Bmr021.A.words.xml#id(Bmr021.w.4,477)..id(Bmr021.w.4,478)"/>
   </dialogueact>
   <dialogueact nite:id="Bmr021.A.dialogueact569" starttime="950.125" endtime="950.265" type="%-" original-type="%-" channel="c0" participant="me011">
      <nite:child href="Bmr021.A.words.xml#id(Bmr021.w.4,479)..id(Bmr021.disfmarker.159)"/>
   </dialogueact>
   <dialogueact nite:id="Bmr021.A.dialogueact571" starttime="950.935" endtime="953.22" type="s^bk|s" original-type="s^bk|s" channel="c0" participant="me011">
      <nite:child href="Bmr021.A.words.xml#id(Bmr021.w.4,500)..id(Bmr021.w.4,512)"/>
   </dialogueact>
   <dialogueact nite:id="Bmr021.A.dialogueact575" starttime="965.836" endtime="966.086" type="s^bk" adjacency="50b" original-type="s^bk" channel="c0" participant="me011">
      <nite:child href="Bmr021.A.words.xml#id(Bmr021.w.4,544)..id(Bmr021.w.4,545)"/>
   </dialogueact>
   <dialogueact nite:id="Bmr021.A.dialogueact581" starttime="975.5" endtime="977.66" type="s" adjacency="51b-2.52a" original-type="s" channel="c0" participant="me011">
      <nite:child href="Bmr021.A.words.xml#id(Bmr021.w.4,595)..id(Bmr021.w.4,612)"/>
   </dialogueact>
   <dialogueact nite:id="Bmr021.A.dialogueact585" starttime="978.51" endtime="978.94" type="fh" original-type="fh" channel="c0" participant="me011">
      <nite:child href="Bmr021.A.words.xml#id(Bmr021.w.4,617)..id(Bmr021.w.4,618)"/>
   </dialogueact>
   <dialogueact nite:id="Bmr021.A.dialogueact589" starttime="982.933" endtime="983.203" type="b.%" original-type="b.%" channel="c0" participant="me011">
      <nite:child href="Bmr021.A.words.xml#id(Bmr021.w.4,645)..id(Bmr021.w.4,646)"/>
   </dialogueact>
   <dialogueact nite:id="Bmr021.A.dialogueact601" starttime="998.145" endtime="998.515" type="b" original-type="b" channel="c0" participant="me011">
      <nite:child href="Bmr021.A.words.xml#id(Bmr021.w.4,742)..id(Bmr021.w.4,743)"/>
   </dialogueact>
   <dialogueact nite:id="Bmr021.A.dialogueact611" starttime="1008.68" endtime="1014.51" type="s" adjacency="56b.57a+" original-type="s" channel="c0" participant="me011">
      <nite:child href="Bmr021.A.words.xml#id(Bmr021.w.4,828)..id(Bmr021.w.4,844)"/>
   </dialogueact>
   <dialogueact nite:id="Bmr021.A.dialogueact615" starttime="1014.66" endtime="1017.7" type="s" adjacency="56b+.57a+" original-type="s" channel="c0" participant="me011">
      <nite:child href="Bmr021.A.words.xml#id(Bmr021.w.4,845)..id(Bmr021.w.4,855)"/>
   </dialogueact>
   <dialogueact nite:id="Bmr021.A.dialogueact620" starttime="1022.61" endtime="1023.28" type="%--" original-type="%--" channel="c0" participant="me011">
      <nite:child href="Bmr021.A.words.xml#id(Bmr021.w.4,874)..id(Bmr021.disfmarker.176)"/>
   </dialogueact>
   <dialogueact nite:id="Bmr021.A.dialogueact621" starttime="1023.42" endtime="1025.45" type="s" original-type="s" channel="c0" participant="me011">
      <nite:child href="Bmr021.A.words.xml#id(Bmr021.w.4,876)..id(Bmr021.w.4,886)"/>
   </dialogueact>
   <dialogueact nite:id="Bmr021.A.dialogueact623" starttime="1027.63" endtime="1032.56" type="s.%--" original-type="s.%--" channel="c0" participant="me011">
      <nite:child href="Bmr021.A.words.xml#id(Bmr021.w.4,889)..id(Bmr021.w.4,903)"/>
   </dialogueact>
   <dialogueact nite:id="Bmr021.A.dialogueact624" starttime="1032.98" endtime="1038.03" type="s:s" adjacency="58a" original-type="s:s" channel="c0" participant="me011">
      <nite:child href="Bmr021.A.words.xml#id(Bmr021.w.4,904)..id(Bmr021.w.4,924)"/>
   </dialogueact>
   <dialogueact nite:id="Bmr021.A.dialogueact627" starttime="1039.9" endtime="1041.78" type="s.%--" original-type="s.%--" channel="c0" participant="me011">
      <nite:child href="Bmr021.A.words.xml#id(Bmr021.w.4,935)..id(Bmr021.disfmarker.179)"/>
   </dialogueact>
   <dialogueact nite:id="Bmr021.A.dialogueact628" starttime="1042.95" endtime="1043.53" type="s^bd^tc" original-type="s^bd^tc" channel="c0" participant="me011">
      <nite:child href="Bmr021.A.words.xml#id(Bmr021.w.4,944)..id(Bmr021.w.4,947)"/>
   </dialogueact>
   <dialogueact nite:id="Bmr021.A.dialogueact629" starttime="1043.58" endtime="1043.86" type="s.%-" original-type="s.%-" channel="c0" participant="me011">
      <nite:child href="Bmr021.A.words.xml#id(Bmr021.w.4,948)..id(Bmr021.disfmarker.180)"/>
   </dialogueact>
   <dialogueact nite:id="Bmr021.A.dialogueact631" starttime="1044.27" endtime="1045.26" type="s" original-type="s" channel="c0" participant="me011">
      <nite:child href="Bmr021.A.words.xml#id(Bmr021.w.4,962)..id(Bmr021.w.4,970)"/>
   </dialogueact>
   <dialogueact nite:id="Bmr021.A.dialogueact633" starttime="1045.73" endtime="1048.78" type="s^aa|s" adjacency="59b" original-type="s^aa|s" channel="c0" participant="me011">
      <nite:child href="Bmr021.A.words.xml#id(Bmr021.w.4,971)..id(Bmr021.w.4,982)"/>
   </dialogueact>
   <dialogueact nite:id="Bmr021.A.dialogueact635" starttime="1050.06" endtime="1050.32" type="fg" original-type="fg" channel="c0" participant="me011">
      <nite:child href="Bmr021.A.words.xml#id(Bmr021.w.5,000)..id(Bmr021.w.5,001)"/>
   </dialogueact>
   <dialogueact nite:id="Bmr021.A.dialogueact639" starttime="1053.17" endtime="1053.4" type="s^aa" adjacency="60b-1" original-type="s^aa" channel="c0" participant="me011">
      <nite:child href="Bmr021.A.words.xml#id(Bmr021.w.5,002)..id(Bmr021.w.5,003)"/>
   </dialogueact>
   <dialogueact nite:id="Bmr021.A.dialogueact640" starttime="1055.32" endtime="1056.03" type="fg" original-type="fg" channel="c0" participant="me011">
      <nite:child href="Bmr021.A.words.xml#id(Bmr021.w.5,006)..id(Bmr021.w.5,007)"/>
   </dialogueact>
   <dialogueact nite:id="Bmr021.A.dialogueact641" starttime="1058.01" endtime="1059.7" type="s^t^tc.%-" adjacency="61a" original-type="s^t^tc.%-" channel="c0" participant="me011">
      <nite:child href="Bmr021.A.words.xml#id(Bmr021.w.5,008)..id(Bmr021.disfmarker.184)"/>
   </dialogueact>
   <dialogueact nite:id="Bmr021.A.dialogueact680" starttime="1100.79" endtime="1104.16" comment="FBH" type="s^cs" adjacency="72a" original-type="s^cs" channel="c0" participant="me011">
      <nite:child href="Bmr021.A.words.xml#id(Bmr021.w.5,240)..id(Bmr021.w.5,257)"/>
   </dialogueact>
   <dialogueact nite:id="Bmr021.A.dialogueact681" starttime="1105.0" endtime="1106.75" comment="FBH" type="s^df" adjacency="72a+" original-type="s^df" channel="c0" participant="me011">
      <nite:child href="Bmr021.A.words.xml#id(Bmr021.w.5,258)..id(Bmr021.w.5,268)"/>
   </dialogueact>
   <dialogueact nite:id="Bmr021.A.dialogueact688" starttime="1112.64" endtime="1112.82" comment="FBH" type="s^aa" adjacency="73b.74a" original-type="s^aa" channel="c0" participant="me011">
      <nite:child href="Bmr021.A.words.xml#id(Bmr021.w.5,313)..id(Bmr021.w.5,314)"/>
   </dialogueact>
   <dialogueact nite:id="Bmr021.A.dialogueact691" starttime="1116.82" endtime="1120.0" comment="FBH" type="s^bu" adjacency="75a" original-type="s^bu" channel="c0" participant="me011">
      <nite:child href="Bmr021.A.words.xml#id(Bmr021.w.5,324)..id(Bmr021.w.5,342)"/>
   </dialogueact>
   <dialogueact nite:id="Bmr021.A.dialogueact692" starttime="1120.12" endtime="1120.32" type="s^bk" original-type="s^bk" channel="c0" participant="me011">
      <nite:child href="Bmr021.A.words.xml#id(Bmr021.w.5,343)..id(Bmr021.w.5,344)"/>
   </dialogueact>
   <dialogueact nite:id="Bmr021.A.dialogueact700" starttime="1133.06" endtime="1133.19" comment="FBH" type="b" original-type="b" channel="c0" participant="me011">
      <nite:child href="Bmr021.A.words.xml#id(Bmr021.w.5,409)..id(Bmr021.w.5,410)"/>
   </dialogueact>
   <dialogueact nite:id="Bmr021.A.dialogueact711" starttime="1184.83" endtime="1185.16" comment="FBH" type="b" original-type="b" channel="c0" participant="me011">
      <nite:child href="Bmr021.A.words.xml#id(Bmr021.w.5,555)..id(Bmr021.w.5,558)"/>
   </dialogueact>
   <dialogueact nite:id="Bmr021.A.dialogueact721" starttime="1222.38" endtime="1223.95" type="qw^rt" adjacency="1a" original-type="qw^rt" channel="c0" participant="me011">
      <nite:child href="Bmr021.A.words.xml#id(Bmr021.w.5,672)..id(Bmr021.w.5,680)"/>
   </dialogueact>
   <dialogueact nite:id="Bmr021.A.dialogueact723" starttime="1227.83" endtime="1228.57" type="s^bu" adjacency="2b.3a" original-type="s^bu" channel="c0" participant="me011">
      <nite:child href="Bmr021.A.words.xml#id(Bmr021.w.5,693)..id(Bmr021.w.5,696)"/>
   </dialogueact>
   <dialogueact nite:id="Bmr021.A.dialogueact724" starttime="1228.57" endtime="1229.2" type="s^bu" adjacency="2b+.3a+" original-type="s^bu" channel="c0" participant="me011">
      <nite:child href="Bmr021.A.words.xml#id(Bmr021.w.5,697)..id(Bmr021.w.5,699)"/>
   </dialogueact>
   <dialogueact nite:id="Bmr021.A.dialogueact749" starttime="1311.97" endtime="1312.07" comment="FBH" type="b" original-type="b" channel="c0" participant="me011">
      <nite:child href="Bmr021.A.words.xml#id(Bmr021.w.5,944)..id(Bmr021.w.5,945)"/>
   </dialogueact>
   <dialogueact nite:id="Bmr021.A.dialogueact753" starttime="1331.69" endtime="1332.28" type="qo" adjacency="8b-1.9a" original-type="qo" channel="c0" participant="me011">
      <nite:child href="Bmr021.A.words.xml#id(Bmr021.w.6,007)..id(Bmr021.w.6,009)"/>
   </dialogueact>
   <dialogueact nite:id="Bmr021.A.dialogueact756" starttime="1333.57" endtime="1335.2" type="s^ar|s" adjacency="10b" original-type="s^ar|s" channel="c0" participant="me011">
      <nite:child href="Bmr021.A.words.xml#id(Bmr021.w.6,015)..id(Bmr021.w.6,023)"/>
   </dialogueact>
   <dialogueact nite:id="Bmr021.A.dialogueact778" starttime="1412.46" endtime="1413.33" type="qw" adjacency="15a" original-type="qw" channel="c0" participant="me011">
      <nite:child href="Bmr021.A.words.xml#id(Bmr021.w.6,265)..id(Bmr021.w.6,268)"/>
   </dialogueact>
   <dialogueact nite:id="Bmr021.A.dialogueact780" starttime="1417.1" endtime="1417.37" type="s^aa" adjacency="16a" original-type="s^aa" channel="c0" participant="me011">
      <nite:child href="Bmr021.A.words.xml#id(Bmr021.w.6,273)..id(Bmr021.w.6,276)"/>
   </dialogueact>
   <dialogueact nite:id="Bmr021.A.dialogueact782" starttime="1420.74" endtime="1421.0" type="s^bk" adjacency="17b" original-type="s^bk" channel="c0" participant="me011">
      <nite:child href="Bmr021.A.words.xml#id(Bmr021.w.6,287)..id(Bmr021.w.6,288)"/>
   </dialogueact>
   <dialogueact nite:id="Bmr021.A.dialogueact804" starttime="1501.85" endtime="1502.06" type="s^ba^fe" original-type="s^ba^fe" channel="c0" participant="me011">
      <nite:child href="Bmr021.A.words.xml#id(Bmr021.w.6,485)..id(Bmr021.w.6,486)"/>
   </dialogueact>
   <dialogueact nite:id="Bmr021.A.dialogueact811" starttime="1523.13" endtime="1525.25" type="s^bu" adjacency="19a" original-type="s^bu" channel="c0" participant="me011">
      <nite:child href="Bmr021.A.words.xml#id(Bmr021.w.6,534)..id(Bmr021.w.6,543)"/>
   </dialogueact>
   <dialogueact nite:id="Bmr021.A.dialogueact814" starttime="1528.33" endtime="1530.55" type="qw" adjacency="20a" original-type="qw" channel="c0" participant="me011">
      <nite:child href="Bmr021.A.words.xml#id(Bmr021.w.6,553)..id(Bmr021.w.6,566)"/>
   </dialogueact>
   <dialogueact nite:id="Bmr021.A.dialogueact817" starttime="1532.27" endtime="1533.33" type="s^ba" adjacency="21a" original-type="s^ba" channel="c0" participant="me011">
      <nite:child href="Bmr021.A.words.xml#id(Bmr021.w.6,574)..id(Bmr021.w.6,580)"/>
   </dialogueact>
   <dialogueact nite:id="Bmr021.A.dialogueact820" starttime="1539.15" endtime="1540.38" type="s^bk" adjacency="22b-1" original-type="s^bk" channel="c0" participant="me011">
      <nite:child href="Bmr021.A.words.xml#id(Bmr021.w.6,602)..id(Bmr021.w.6,610)"/>
   </dialogueact>
   <dialogueact nite:id="Bmr021.A.dialogueact826" starttime="1548.19" endtime="1554.64" type="qy^rt" adjacency="23a" original-type="qy^rt" channel="c0" participant="me011">
      <nite:child href="Bmr021.A.words.xml#id(Bmr021.w.6,647)..id(Bmr021.w.6,678)"/>
   </dialogueact>
   <dialogueact nite:id="Bmr021.A.dialogueact833" starttime="1562.59" endtime="1563.48" type="s^2^am" adjacency="24b.25a" original-type="s^2^am" channel="c0" participant="me011">
      <nite:child href="Bmr021.A.words.xml#id(Bmr021.w.6,738)..id(Bmr021.w.6,744)"/>
   </dialogueact>
   <dialogueact nite:id="Bmr021.A.dialogueact839" starttime="1579.64" endtime="1580.36" type="fg|%-" original-type="fg|%-" channel="c0" participant="me011">
      <nite:child href="Bmr021.A.words.xml#id(Bmr021.w.6,788)..id(Bmr021.disfmarker.259)"/>
   </dialogueact>
   <dialogueact nite:id="Bmr021.A.dialogueact843" starttime="1582.13" endtime="1582.51" type="%-" original-type="%-" channel="c0" participant="me011">
      <nite:child href="Bmr021.A.words.xml#id(Bmr021.w.6,794)..id(Bmr021.disfmarker.260)"/>
   </dialogueact>
   <dialogueact nite:id="Bmr021.A.dialogueact844" starttime="1583.03" endtime="1584.79" comment="FBH" type="s" adjacency="27a" original-type="s" channel="c0" participant="me011">
      <nite:child href="Bmr021.A.words.xml#id(Bmr021.w.6,796)..id(Bmr021.w.6,805)"/>
   </dialogueact>
   <dialogueact nite:id="Bmr021.A.dialogueact849" starttime="1595.26" endtime="1595.5" type="s^aa" adjacency="28b" original-type="s^aa" channel="c0" participant="me011">
      <nite:child href="Bmr021.A.words.xml#id(Bmr021.w.6,846)..id(Bmr021.w.6,847)"/>
   </dialogueact>
   <dialogueact nite:id="Bmr021.A.dialogueact855" starttime="1613.82" endtime="1614.21" type="b" original-type="b" channel="c0" participant="me011">
      <nite:child href="Bmr021.A.words.xml#id(Bmr021.w.6,891)..id(Bmr021.w.6,894)"/>
   </dialogueact>
   <dialogueact nite:id="Bmr021.A.dialogueact859" starttime="1622.68" endtime="1622.89" type="b" original-type="b" channel="c0" participant="me011">
      <nite:child href="Bmr021.A.words.xml#id(Bmr021.w.6,930)..id(Bmr021.w.6,931)"/>
   </dialogueact>
   <dialogueact nite:id="Bmr021.A.dialogueact866" starttime="1634.59" endtime="1634.82" type="s^ba^fe" original-type="s^ba^fe" channel="c0" participant="me011">
      <nite:child href="Bmr021.A.words.xml#id(Bmr021.w.6,979)..id(Bmr021.w.6,980)"/>
   </dialogueact>
   <dialogueact nite:id="Bmr021.A.dialogueact887" starttime="1723.78" endtime="1724.02" type="b" original-type="b" channel="c0" participant="me011">
      <nite:child href="Bmr021.A.words.xml#id(Bmr021.w.7,245)..id(Bmr021.w.7,246)"/>
   </dialogueact>
   <dialogueact nite:id="Bmr021.A.dialogueact894" starttime="1746.08" endtime="1746.92" type="s^ba^ng" adjacency="29b.30a" original-type="s^ba^ng" channel="c0" participant="me011">
      <nite:child href="Bmr021.A.words.xml#id(Bmr021.w.7,309)..id(Bmr021.w.7,313)"/>
   </dialogueact>
   <dialogueact nite:id="Bmr021.A.dialogueact897" starttime="1750.17" endtime="1755.59" type="s^ba" adjacency="32a" original-type="s^ba" channel="c0" participant="me011">
      <nite:child href="Bmr021.A.words.xml#id(Bmr021.w.7,324)..id(Bmr021.w.7,341)"/>
   </dialogueact>
   <dialogueact nite:id="Bmr021.A.dialogueact899" starttime="1756.59" endtime="1756.84" type="fh" original-type="fh" channel="c0" participant="me011">
      <nite:child href="Bmr021.A.words.xml#id(Bmr021.w.7,344)..id(Bmr021.w.7,345)"/>
   </dialogueact>
   <dialogueact nite:id="Bmr021.A.dialogueact900" starttime="1757.88" endtime="1759.22" type="s^bd" original-type="s^bd" channel="c0" participant="me011">
      <nite:child href="Bmr021.A.words.xml#id(Bmr021.w.7,346)..id(Bmr021.w.7,352)"/>
   </dialogueact>
   <dialogueact nite:id="Bmr021.A.dialogueact902" starttime="1759.83" endtime="1760.11" type="s^aa" adjacency="33b" original-type="s^aa" channel="c0" participant="me011">
      <nite:child href="Bmr021.A.words.xml#id(Bmr021.w.7,363)..id(Bmr021.w.7,365)"/>
   </dialogueact>
   <dialogueact nite:id="Bmr021.A.dialogueact904" starttime="1760.89" endtime="1761.13" type="s^aa" adjacency="34b" original-type="s^aa" channel="c0" participant="me011">
      <nite:child href="Bmr021.A.words.xml#id(Bmr021.w.7,366)..id(Bmr021.w.7,367)"/>
   </dialogueact>
   <dialogueact nite:id="Bmr021.A.dialogueact905" starttime="1761.29" endtime="1762.12" type="%-" original-type="%-" channel="c0" participant="me011">
      <nite:child href="Bmr021.A.words.xml#id(Bmr021.w.7,368)..id(Bmr021.w.7,369)"/>
   </dialogueact>
   <dialogueact nite:id="Bmr021.A.dialogueact907" starttime="1762.45" endtime="1762.62" type="s^aa" adjacency="35b.36a" original-type="s^aa" channel="c0" participant="me011">
      <nite:child href="Bmr021.A.words.xml#id(Bmr021.w.7,370)..id(Bmr021.w.7,371)"/>
   </dialogueact>
   <dialogueact nite:id="Bmr021.A.dialogueact910" starttime="1763.83" endtime="1766.1" type="s^rt" adjacency="37a" original-type="s^rt" channel="c0" participant="me011">
      <nite:child href="Bmr021.A.words.xml#id(Bmr021.w.7,382)..id(Bmr021.w.7,390)"/>
   </dialogueact>
   <dialogueact nite:id="Bmr021.A.dialogueact912" starttime="1766.82" endtime="1768.67" type="s^e" original-type="s^e" channel="c0" participant="me011">
      <nite:child href="Bmr021.A.words.xml#id(Bmr021.w.7,394)..id(Bmr021.w.7,405)"/>
   </dialogueact>
   <dialogueact nite:id="Bmr021.A.dialogueact914" starttime="1768.67" endtime="1771.74" type="s^ba" original-type="s^ba" channel="c0" participant="me011">
      <nite:child href="Bmr021.A.words.xml#id(Bmr021.w.7,406)..id(Bmr021.w.7,418)"/>
   </dialogueact>
   <dialogueact nite:id="Bmr021.A.dialogueact915" starttime="1771.74" endtime="1774.52" type="s" original-type="s" channel="c0" participant="me011">
      <nite:child href="Bmr021.A.words.xml#id(Bmr021.w.7,419)..id(Bmr021.w.7,433)"/>
   </dialogueact>
   <dialogueact nite:id="Bmr021.A.dialogueact920" starttime="1780.18" endtime="1780.39" type="b" original-type="b" channel="c0" participant="me011">
      <nite:child href="Bmr021.A.words.xml#id(Bmr021.w.7,463)..id(Bmr021.w.7,464)"/>
   </dialogueact>
   <dialogueact nite:id="Bmr021.A.dialogueact922" starttime="1783.59" endtime="1788.94" type="s" adjacency="38b.39a" original-type="s" channel="c0" participant="me011">
      <nite:child href="Bmr021.A.words.xml#id(Bmr021.w.7,468)..id(Bmr021.w.7,486)"/>
   </dialogueact>
   <dialogueact nite:id="Bmr021.A.dialogueact925" starttime="1789.88" endtime="1791.76" type="s" adjacency="40a" original-type="s" channel="c0" participant="me011">
      <nite:child href="Bmr021.A.words.xml#id(Bmr021.w.7,489)..id(Bmr021.w.7,498)"/>
   </dialogueact>
   <dialogueact nite:id="Bmr021.A.dialogueact930" starttime="1814.56" endtime="1814.77" type="b" original-type="b" channel="c0" participant="me011">
      <nite:child href="Bmr021.A.words.xml#id(Bmr021.w.7,551)..id(Bmr021.w.7,552)"/>
   </dialogueact>
   <dialogueact nite:id="Bmr021.A.dialogueact934" starttime="1817.81" endtime="1818.44" type="s" adjacency="2b.3a" original-type="s" channel="c0" participant="me011">
      <nite:child href="Bmr021.A.words.xml#id(Bmr021.w.7,568)..id(Bmr021.w.7,571)"/>
   </dialogueact>
   <dialogueact nite:id="Bmr021.A.dialogueact938" starttime="1818.44" endtime="1818.59" type="b" original-type="b" channel="c0" participant="me011">
      <nite:child href="Bmr021.A.words.xml#id(Bmr021.w.7,572)..id(Bmr021.w.7,573)"/>
   </dialogueact>
   <dialogueact nite:id="Bmr021.A.dialogueact941" starttime="1822.83" endtime="1824.9" type="s" original-type="s" channel="c0" participant="me011">
      <nite:child href="Bmr021.A.words.xml#id(Bmr021.w.7,588)..id(Bmr021.disfmarker.294)"/>
   </dialogueact>
   <dialogueact nite:id="Bmr021.A.dialogueact942" starttime="1825.25" endtime="1826.62" type="s^bd" original-type="s^bd" channel="c0" participant="me011">
      <nite:child href="Bmr021.A.words.xml#id(Bmr021.w.7,594)..id(Bmr021.w.7,603)"/>
   </dialogueact>
   <dialogueact nite:id="Bmr021.A.dialogueact943" starttime="1826.75" endtime="1828.65" type="s" original-type="s" channel="c0" participant="me011">
      <nite:child href="Bmr021.A.words.xml#id(Bmr021.w.7,604)..id(Bmr021.w.7,613)"/>
   </dialogueact>
   <dialogueact nite:id="Bmr021.A.dialogueact947" starttime="1834.06" endtime="1835.04" type="fg|qy^rt^t^tc" adjacency="4a" original-type="fg|qy^rt^t^tc" channel="c0" participant="me011">
      <nite:child href="Bmr021.A.words.xml#id(Bmr021.w.7,623)..id(Bmr021.w.7,629)"/>
   </dialogueact>
   <dialogueact nite:id="Bmr021.A.dialogueact949" starttime="1837.58" endtime="1838.68" type="qy^rt" original-type="qy^rt" channel="c0" participant="me011">
      <nite:child href="Bmr021.A.words.xml#id(Bmr021.w.7,634)..id(Bmr021.w.7,640)"/>
   </dialogueact>
   <dialogueact nite:id="Bmr021.A.dialogueact950" starttime="1840.72" endtime="1844.3" comment="FBH" type="s^cs" original-type="s^cs" channel="c0" participant="me011">
      <nite:child href="Bmr021.A.words.xml#id(Bmr021.w.7,641)..id(Bmr021.w.7,659)"/>
   </dialogueact>
   <dialogueact nite:id="Bmr021.A.dialogueact953" starttime="1914.6" endtime="1916.83" comment="FBH" type="z" original-type="z" channel="c0" participant="me011">
      <nite:child href="Bmr021.A.words.xml#id(Bmr021.w.7,834)..id(Bmr021.w.7,845)"/>
   </dialogueact>
   <dialogueact nite:id="Bmr021.A.dialogueact966" starttime="2085.63" endtime="2087.58" comment="continuation of mtng after digits task" type="s^ba" original-type="s^ba" channel="c0" participant="me011">
      <nite:child href="Bmr021.A.words.xml#id(Bmr021.w.8,256)..id(Bmr021.w.8,266)"/>
   </dialogueact>
   <dialogueact nite:id="Bmr021.A.dialogueact970" starttime="2091.57" endtime="2092.28" type="qy^d^rt" adjacency="5b" original-type="qy^d^rt" channel="c0" participant="me011">
      <nite:child href="Bmr021.A.words.xml#id(Bmr021.w.8,296)..id(Bmr021.w.8,298)"/>
   </dialogueact>
   <dialogueact nite:id="Bmr021.A.dialogueact971" starttime="2092.28" endtime="2092.86" type="s^no" adjacency="5b+" original-type="s^no" channel="c0" participant="me011">
      <nite:child href="Bmr021.A.words.xml#id(Bmr021.w.8,299)..id(Bmr021.w.8,302)"/>
   </dialogueact>
   <dialogueact nite:id="Bmr021.A.dialogueact974" starttime="2095.61" endtime="2095.91" type="s^co" adjacency="7b" original-type="s^co" channel="c0" participant="me011">
      <nite:child href="Bmr021.A.words.xml#id(Bmr021.w.8,323)..id(Bmr021.w.8,325)"/>
   </dialogueact>
   <dialogueact nite:id="Bmr021.A.dialogueact976" starttime="2104.78" endtime="2105.07" type="b" original-type="b" channel="c0" participant="me011">
      <nite:child href="Bmr021.A.words.xml#id(Bmr021.w.8,341)..id(Bmr021.w.8,344)"/>
   </dialogueact>
   <dialogueact nite:id="Bmr021.A.dialogueact982" starttime="2117.92" endtime="2120.17" type="s^am|s^rt" adjacency="8b" original-type="s^am|s^rt" channel="c0" participant="me011">
      <nite:child href="Bmr021.A.words.xml#id(Bmr021.w.8,383)..id(Bmr021.w.8,396)"/>
   </dialogueact>
   <dialogueact nite:id="Bmr021.A.dialogueact991" starttime="2135.25" endtime="2135.63" type="s^no" original-type="s^no" channel="c0" participant="me011">
      <nite:child href="Bmr021.A.words.xml#id(Bmr021.w.8,473)..id(Bmr021.w.8,476)"/>
   </dialogueact>
   <dialogueact nite:id="Bmr021.A.dialogueact992" starttime="2135.86" endtime="2136.5" type="s^fe" original-type="s^fe" channel="c0" participant="me011">
      <nite:child href="Bmr021.A.words.xml#id(Bmr021.w.8,477)..id(Bmr021.w.8,481)"/>
   </dialogueact>
   <dialogueact nite:id="Bmr021.A.dialogueact993" starttime="2137.11" endtime="2138.87" type="qw" adjacency="10a" original-type="qw" channel="c0" participant="me011">
      <nite:child href="Bmr021.A.words.xml#id(Bmr021.w.8,482)..id(Bmr021.w.8,492)"/>
   </dialogueact>
   <dialogueact nite:id="Bmr021.A.dialogueact1001" starttime="2152.73" endtime="2157.15" type="s" adjacency="11a" original-type="s" channel="c0" participant="me011">
      <nite:child href="Bmr021.A.words.xml#id(Bmr021.w.8,532)..id(Bmr021.w.8,555)"/>
   </dialogueact>
   <dialogueact nite:id="Bmr021.A.dialogueact1003" starttime="2158.13" endtime="2159.41" type="s^df" original-type="s^df" channel="c0" participant="me011">
      <nite:child href="Bmr021.A.words.xml#id(Bmr021.w.8,558)..id(Bmr021.w.8,564)"/>
   </dialogueact>
   <dialogueact nite:id="Bmr021.A.dialogueact1004" starttime="2159.41" endtime="2160.89" type="s" original-type="s" channel="c0" participant="me011">
      <nite:child href="Bmr021.A.words.xml#id(Bmr021.w.8,565)..id(Bmr021.w.8,569)"/>
   </dialogueact>
   <dialogueact nite:id="Bmr021.A.dialogueact1005" starttime="2161.66" endtime="2161.75" type="qy^d^f^g" adjacency="12a" original-type="qy^d^f^g" channel="c0" participant="me011">
      <nite:child href="Bmr021.A.words.xml#id(Bmr021.w.8,570)..id(Bmr021.w.8,571)"/>
   </dialogueact>
   <dialogueact nite:id="Bmr021.A.dialogueact1006" starttime="2161.75" endtime="2162.98" type="s^df" adjacency="12a+" original-type="s^df" channel="c0" participant="me011">
      <nite:child href="Bmr021.A.words.xml#id(Bmr021.w.8,572)..id(Bmr021.w.8,578)"/>
   </dialogueact>
   <dialogueact nite:id="Bmr021.A.dialogueact1007" starttime="2162.98" endtime="2165.8" type="qw" adjacency="13a" original-type="qw" channel="c0" participant="me011">
      <nite:child href="Bmr021.A.words.xml#id(Bmr021.w.8,579)..id(Bmr021.w.8,596)"/>
   </dialogueact>
   <dialogueact nite:id="Bmr021.A.dialogueact1012" starttime="2169.77" endtime="2170.56" type="s.%-" original-type="s.%-" channel="c0" participant="me011">
      <nite:child href="Bmr021.A.words.xml#id(Bmr021.w.8,630)..id(Bmr021.disfmarker.319)"/>
   </dialogueact>
   <dialogueact nite:id="Bmr021.A.dialogueact1013" starttime="2173.14" endtime="2175.08" type="s" adjacency="14a" original-type="s" channel="c0" participant="me011">
      <nite:child href="Bmr021.A.words.xml#id(Bmr021.w.8,636)..id(Bmr021.w.8,642)"/>
   </dialogueact>
   <dialogueact nite:id="Bmr021.A.dialogueact1014" starttime="2175.08" endtime="2175.3" type="qy^d^f^g" adjacency="14a+" original-type="qy^d^f^g" channel="c0" participant="me011">
      <nite:child href="Bmr021.A.words.xml#id(Bmr021.w.8,643)..id(Bmr021.w.8,644)"/>
   </dialogueact>
   <dialogueact nite:id="Bmr021.A.dialogueact1015" starttime="2175.3" endtime="2177.36" type="s^e" original-type="s^e" channel="c0" participant="me011">
      <nite:child href="Bmr021.A.words.xml#id(Bmr021.w.8,645)..id(Bmr021.w.8,655)"/>
   </dialogueact>
   <dialogueact nite:id="Bmr021.A.dialogueact1018" starttime="2177.76" endtime="2178.1" type="fh" original-type="fh" channel="c0" participant="me011">
      <nite:child href="Bmr021.A.words.xml#id(Bmr021.w.8,656)..id(Bmr021.w.8,657)"/>
   </dialogueact>
   <dialogueact nite:id="Bmr021.A.dialogueact1020" starttime="2182.29" endtime="2182.53" type="s^aa" adjacency="15b" original-type="s^aa" channel="c0" participant="me011">
      <nite:child href="Bmr021.A.words.xml#id(Bmr021.w.8,690)..id(Bmr021.w.8,691)"/>
   </dialogueact>
   <dialogueact nite:id="Bmr021.A.dialogueact1022" starttime="2184.0" endtime="2185.52" type="s^cs^rt" original-type="s^cs^rt" channel="c0" participant="me011">
      <nite:child href="Bmr021.A.words.xml#id(Bmr021.w.8,693)..id(Bmr021.w.8,701)"/>
   </dialogueact>
   <dialogueact nite:id="Bmr021.A.dialogueact1026" starttime="2188.7" endtime="2190.39" type="s.%-" original-type="s.%-" channel="c0" participant="me011">
      <nite:child href="Bmr021.A.words.xml#id(Bmr021.w.8,718)..id(Bmr021.disfmarker.323)"/>
   </dialogueact>
   <dialogueact nite:id="Bmr021.A.dialogueact1028" starttime="2192.81" endtime="2193.93" type="s^ng" adjacency="17b.18a" original-type="s^ng" channel="c0" participant="me011">
      <nite:child href="Bmr021.A.words.xml#id(Bmr021.w.8,743)..id(Bmr021.w.8,750)"/>
   </dialogueact>
   <dialogueact nite:id="Bmr021.A.dialogueact1032" starttime="2197.58" endtime="2198.99" type="s^aa|s^ba" adjacency="19b-1" original-type="s^aa|s^ba" channel="c0" participant="me011">
      <nite:child href="Bmr021.A.words.xml#id(Bmr021.w.8,771)..id(Bmr021.w.8,782)"/>
   </dialogueact>
   <dialogueact nite:id="Bmr021.A.dialogueact1036" starttime="2199.52" endtime="2200.94" type="s^cs^t^tc" adjacency="20a" original-type="s^cs^t^tc" channel="c0" participant="me011">
      <nite:child href="Bmr021.A.words.xml#id(Bmr021.w.8,783)..id(Bmr021.w.8,794)"/>
   </dialogueact>
   <dialogueact nite:id="Bmr021.A.dialogueact1038" starttime="2200.94" endtime="2203.57" type="%-" adjacency="21a" original-type="%-" channel="c0" participant="me011">
      <nite:child href="Bmr021.A.words.xml#id(Bmr021.w.8,795)..id(Bmr021.w.8,827)"/>
   </dialogueact>
   <dialogueact nite:id="Bmr021.A.dialogueact1039" starttime="2203.65" endtime="2203.98" type="fh" original-type="fh" channel="c0" participant="me011">
      <nite:child href="Bmr021.A.words.xml#id(Bmr021.w.8,828)..id(Bmr021.w.8,829)"/>
   </dialogueact>
   <dialogueact nite:id="Bmr021.A.dialogueact1041" starttime="2204.88" endtime="2205.54" type="fg|qy^rt^t^tc" adjacency="22a" original-type="fg|qy^rt^t^tc" channel="c0" participant="me011">
      <nite:child href="Bmr021.A.words.xml#id(Bmr021.w.8,834)..id(Bmr021.w.8,839)"/>
   </dialogueact>
</nite:root>