<?xml version="1.0" encoding="ISO-8859-1" standalone="yes"?>
<nite:root nite:id="Bmr031.G.dialogue-acts" xmlns:nite="http://nite.sourceforge.net/">
   <dialogueact nite:id="Bmr031.G.dialogueact0" starttime="1.252" endtime="2.402" type="z" original-type="z" channel="c9" participant="mn017">
      <nite:child href="Bmr031.G.words.xml#id(Bmr031.w.1)..id(Bmr031.disfmarker.1)"/>
   </dialogueact>
   <dialogueact nite:id="Bmr031.G.dialogueact2" starttime="2.652" endtime="5.572" type="z" adjacency="1a+" original-type="z" channel="c9" participant="mn017">
      <nite:child href="Bmr031.G.words.xml#id(Bmr031.w.13)..id(Bmr031.w.27)"/>
   </dialogueact>
   <dialogueact nite:id="Bmr031.G.dialogueact4" starttime="5.572" endtime="5.962" type="z" original-type="z" channel="c9" participant="mn017">
      <nite:child href="Bmr031.G.words.xml#id(Bmr031.w.28)..id(Bmr031.disfmarker.2)"/>
   </dialogueact>
   <dialogueact nite:id="Bmr031.G.dialogueact7" starttime="6.726" endtime="7.866" type="z" adjacency="2a" original-type="z" channel="c9" participant="mn017">
      <nite:child href="Bmr031.G.words.xml#id(Bmr031.w.41)..id(Bmr031.w.50)"/>
   </dialogueact>
   <dialogueact nite:id="Bmr031.G.dialogueact11" starttime="8.386" endtime="8.816" type="z" original-type="z" channel="c9" participant="mn017">
      <nite:child href="Bmr031.G.words.xml#id(Bmr031.w.51)..id(Bmr031.disfmarker.4)"/>
   </dialogueact>
   <dialogueact nite:id="Bmr031.G.dialogueact73" starttime="89.963" endtime="90.243" type="s^bk" adjacency="13b" original-type="s^bk" channel="c9" participant="mn017">
      <nite:child href="Bmr031.G.words.xml#id(Bmr031.w.520)..id(Bmr031.w.521)"/>
   </dialogueact>
   <dialogueact nite:id="Bmr031.G.dialogueact76" starttime="100.137" endtime="100.777" type="b" original-type="b" channel="c9" participant="mn017">
      <nite:child href="Bmr031.G.words.xml#id(Bmr031.w.551)..id(Bmr031.w.554)"/>
   </dialogueact>
   <dialogueact nite:id="Bmr031.G.dialogueact137" starttime="181.979" endtime="182.339" type="b" original-type="b" channel="c9" participant="mn017">
      <nite:child href="Bmr031.G.words.xml#id(Bmr031.w.889)..id(Bmr031.w.892)"/>
   </dialogueact>
   <dialogueact nite:id="Bmr031.G.dialogueact164" starttime="219.925" endtime="221.385" type="qy^bu^d^j^rt" adjacency="33b.34a" original-type="qy^bu^d^j^rt" channel="c9" participant="mn017">
      <nite:child href="Bmr031.G.words.xml#id(Bmr031.w.1,085)..id(Bmr031.w.1,095)"/>
   </dialogueact>
   <dialogueact nite:id="Bmr031.G.dialogueact166" starttime="223.87" endtime="224.22" comment="FBH" type="s^ba" original-type="s^ba" channel="c9" participant="mn017">
      <nite:child href="Bmr031.G.words.xml#id(Bmr031.w.1,096)..id(Bmr031.w.1,099)"/>
   </dialogueact>
   <dialogueact nite:id="Bmr031.G.dialogueact171" starttime="231.587" endtime="231.797" type="b" original-type="b" channel="c9" participant="mn017">
      <nite:child href="Bmr031.G.words.xml#id(Bmr031.w.1,140)..id(Bmr031.w.1,141)"/>
   </dialogueact>
   <dialogueact nite:id="Bmr031.G.dialogueact174" starttime="233.232" endtime="234.412" type="s.%-" original-type="s.%-" channel="c9" participant="mn017">
      <nite:child href="Bmr031.G.words.xml#id(Bmr031.w.1,169)..id(Bmr031.disfmarker.60)"/>
   </dialogueact>
   <dialogueact nite:id="Bmr031.G.dialogueact176" starttime="234.962" endtime="235.382" type="b" original-type="b" channel="c9" participant="mn017">
      <nite:child href="Bmr031.G.words.xml#id(Bmr031.w.1,178)..id(Bmr031.w.1,181)"/>
   </dialogueact>
   <dialogueact nite:id="Bmr031.G.dialogueact178" starttime="235.82" endtime="236.73" type="qw" adjacency="37a" original-type="qw" channel="c9" participant="mn017">
      <nite:child href="Bmr031.G.words.xml#id(Bmr031.w.1,182)..id(Bmr031.w.1,187)"/>
   </dialogueact>
   <dialogueact nite:id="Bmr031.G.dialogueact180" starttime="241.71" endtime="243.17" type="h" adjacency="37b-1" original-type="h" channel="c9" participant="mn017">
      <nite:child href="Bmr031.G.words.xml#id(Bmr031.w.1,202)..id(Bmr031.disfmarker.62)"/>
   </dialogueact>
   <dialogueact nite:id="Bmr031.G.dialogueact183" starttime="244.657" endtime="245.007" type="%-" original-type="%-" channel="c9" participant="mn017">
      <nite:child href="Bmr031.G.words.xml#id(Bmr031.w.1,238)..id(Bmr031.disfmarker.64)"/>
   </dialogueact>
   <dialogueact nite:id="Bmr031.G.dialogueact189" starttime="250.652" endtime="252.492" type="s" adjacency="38b-1.39a" original-type="s" channel="c9" participant="mn017">
      <nite:child href="Bmr031.G.words.xml#id(Bmr031.w.1,242)..id(Bmr031.w.1,251)"/>
   </dialogueact>
   <dialogueact nite:id="Bmr031.G.dialogueact192" starttime="253.837" endtime="254.137" type="%-" original-type="%-" channel="c9" participant="mn017">
      <nite:child href="Bmr031.G.words.xml#id(Bmr031.w.1,268)..id(Bmr031.disfmarker.67)"/>
   </dialogueact>
   <dialogueact nite:id="Bmr031.G.dialogueact194" starttime="255.162" endtime="257.682" type="s.%--" adjacency="40a" original-type="s.%--" channel="c9" participant="mn017">
      <nite:child href="Bmr031.G.words.xml#id(Bmr031.w.1,270)..id(Bmr031.disfmarker.68)"/>
   </dialogueact>
   <dialogueact nite:id="Bmr031.G.dialogueact196" starttime="257.682" endtime="259.822" type="s^bsc" adjacency="40a+" original-type="s^bsc" channel="c9" participant="mn017">
      <nite:child href="Bmr031.G.words.xml#id(Bmr031.w.1,279)..id(Bmr031.w.1,286)"/>
   </dialogueact>
   <dialogueact nite:id="Bmr031.G.dialogueact197" starttime="259.822" endtime="261.222" type="s^e" original-type="s^e" channel="c9" participant="mn017">
      <nite:child href="Bmr031.G.words.xml#id(Bmr031.w.1,287)..id(Bmr031.w.1,292)"/>
   </dialogueact>
   <dialogueact nite:id="Bmr031.G.dialogueact199" starttime="261.412" endtime="261.712" type="fh" original-type="fh" channel="c9" participant="mn017">
      <nite:child href="Bmr031.G.words.xml#id(Bmr031.w.1,293)..id(Bmr031.w.1,294)"/>
   </dialogueact>
   <dialogueact nite:id="Bmr031.G.dialogueact200" starttime="262.768" endtime="263.798" type="%-" original-type="%-" channel="c9" participant="mn017">
      <nite:child href="Bmr031.G.words.xml#id(Bmr031.w.1,303)..id(Bmr031.disfmarker.70)"/>
   </dialogueact>
   <dialogueact nite:id="Bmr031.G.dialogueact204" starttime="270.042" endtime="270.372" type="%-" original-type="%-" channel="c9" participant="mn017">
      <nite:child href="Bmr031.G.words.xml#id(Bmr031.w.1,338)..id(Bmr031.w.1,339)"/>
   </dialogueact>
   <dialogueact nite:id="Bmr031.G.dialogueact205" starttime="272.23" endtime="275.22" type="s.%--" original-type="s.%--" channel="c9" participant="mn017">
      <nite:child href="Bmr031.G.words.xml#id(Bmr031.w.1,340)..id(Bmr031.disfmarker.75)"/>
   </dialogueact>
   <dialogueact nite:id="Bmr031.G.dialogueact206" starttime="276.54" endtime="282.0" type="s" adjacency="41a" original-type="s" channel="c9" participant="mn017">
      <nite:child href="Bmr031.G.words.xml#id(Bmr031.w.1,350)..id(Bmr031.w.1,367)"/>
   </dialogueact>
   <dialogueact nite:id="Bmr031.G.dialogueact208" starttime="282.94" endtime="284.93" type="fh" original-type="fh" channel="c9" participant="mn017">
      <nite:child href="Bmr031.G.words.xml#id(Bmr031.w.1,368)..id(Bmr031.w.1,372)"/>
   </dialogueact>
   <dialogueact nite:id="Bmr031.G.dialogueact209" starttime="285.989" endtime="287.829" type="s" original-type="s" channel="c9" participant="mn017">
      <nite:child href="Bmr031.G.words.xml#id(Bmr031.w.1,373)..id(Bmr031.w.1,381)"/>
   </dialogueact>
   <dialogueact nite:id="Bmr031.G.dialogueact210" starttime="287.829" endtime="289.998" type="fh" original-type="fh" channel="c9" participant="mn017">
      <nite:child href="Bmr031.G.words.xml#id(Bmr031.w.1,382)..id(Bmr031.w.1,383)"/>
   </dialogueact>
   <dialogueact nite:id="Bmr031.G.dialogueact211" starttime="289.998" endtime="293.218" type="s" original-type="s" channel="c9" participant="mn017">
      <nite:child href="Bmr031.G.words.xml#id(Bmr031.w.1,384)..id(Bmr031.w.1,399)"/>
   </dialogueact>
   <dialogueact nite:id="Bmr031.G.dialogueact212" starttime="293.438" endtime="294.778" type="s" original-type="s" channel="c9" participant="mn017">
      <nite:child href="Bmr031.G.words.xml#id(Bmr031.w.1,400)..id(Bmr031.w.1,406)"/>
   </dialogueact>
   <dialogueact nite:id="Bmr031.G.dialogueact213" starttime="294.778" endtime="295.088" type="fh" original-type="fh" channel="c9" participant="mn017">
      <nite:child href="Bmr031.G.words.xml#id(Bmr031.w.1,407)..id(Bmr031.disfmarker.79)"/>
   </dialogueact>
   <dialogueact nite:id="Bmr031.G.dialogueact215" starttime="295.654" endtime="301.4" type="s^cs" adjacency="42a" original-type="s^cs" channel="c9" participant="mn017">
      <nite:child href="Bmr031.G.words.xml#id(Bmr031.w.1,412)..id(Bmr031.w.1,436)"/>
   </dialogueact>
   <dialogueact nite:id="Bmr031.G.dialogueact216" starttime="301.4" endtime="303.19" type="s^cs^e" adjacency="42a+" original-type="s^cs^e" channel="c9" participant="mn017">
      <nite:child href="Bmr031.G.words.xml#id(Bmr031.w.1,437)..id(Bmr031.w.1,443)"/>
   </dialogueact>
   <dialogueact nite:id="Bmr031.G.dialogueact220" starttime="308.694" endtime="310.104" type="s^ar|s" adjacency="43b-1" original-type="s^ar|s" channel="c9" participant="mn017">
      <nite:child href="Bmr031.G.words.xml#id(Bmr031.w.1,458)..id(Bmr031.w.1,462)"/>
   </dialogueact>
   <dialogueact nite:id="Bmr031.G.dialogueact222" starttime="310.104" endtime="312.724" comment="FBH" type="s" adjacency="43b-1+" original-type="s" channel="c9" participant="mn017">
      <nite:child href="Bmr031.G.words.xml#id(Bmr031.w.1,463)..id(Bmr031.w.1,472)"/>
   </dialogueact>
   <dialogueact nite:id="Bmr031.G.dialogueact224" starttime="313.379" endtime="320.489" type="s^cs" original-type="s^cs" channel="c9" participant="mn017">
      <nite:child href="Bmr031.G.words.xml#id(Bmr031.w.1,484)..id(Bmr031.w.1,510)"/>
   </dialogueact>
   <dialogueact nite:id="Bmr031.G.dialogueact227" starttime="320.489" endtime="323.489" type="s" adjacency="45a" original-type="s" channel="c9" participant="mn017">
      <nite:child href="Bmr031.G.words.xml#id(Bmr031.w.1,511)..id(Bmr031.w.1,524)"/>
   </dialogueact>
   <dialogueact nite:id="Bmr031.G.dialogueact230" starttime="324.039" endtime="324.899" type="s^e" adjacency="45a+" original-type="s^e" channel="c9" participant="mn017">
      <nite:child href="Bmr031.G.words.xml#id(Bmr031.w.1,525)..id(Bmr031.w.1,528)"/>
   </dialogueact>
   <dialogueact nite:id="Bmr031.G.dialogueact231" starttime="324.899" endtime="325.409" type="s^e" adjacency="45a++" original-type="s^e" channel="c9" participant="mn017">
      <nite:child href="Bmr031.G.words.xml#id(Bmr031.w.1,529)..id(Bmr031.w.1,531)"/>
   </dialogueact>
   <dialogueact nite:id="Bmr031.G.dialogueact238" starttime="334.994" endtime="335.494" type="s^aa" adjacency="48b" original-type="s^aa" channel="c9" participant="mn017">
      <nite:child href="Bmr031.G.words.xml#id(Bmr031.w.1,591)..id(Bmr031.w.1,592)"/>
   </dialogueact>
   <dialogueact nite:id="Bmr031.G.dialogueact253" starttime="372.315" endtime="375.445" type="s" original-type="s" channel="c9" participant="mn017">
      <nite:child href="Bmr031.G.words.xml#id(Bmr031.w.1,729)..id(Bmr031.w.1,741)"/>
   </dialogueact>
   <dialogueact nite:id="Bmr031.G.dialogueact257" starttime="375.715" endtime="380.084" type="s" original-type="s" channel="c9" participant="mn017">
      <nite:child href="Bmr031.G.words.xml#id(Bmr031.w.1,742)..id(Bmr031.w.1,764)"/>
   </dialogueact>
   <dialogueact nite:id="Bmr031.G.dialogueact259" starttime="380.084" endtime="383.33" type="s.%--" original-type="s.%--" channel="c9" participant="mn017">
      <nite:child href="Bmr031.G.words.xml#id(Bmr031.w.1,765)..id(Bmr031.w.1,773)"/>
   </dialogueact>
   <dialogueact nite:id="Bmr031.G.dialogueact261" starttime="383.33" endtime="383.63" type="fg" original-type="fg" channel="c9" participant="mn017">
      <nite:child href="Bmr031.G.words.xml#id(Bmr031.w.1,774)..id(Bmr031.w.1,775)"/>
   </dialogueact>
   <dialogueact nite:id="Bmr031.G.dialogueact262" starttime="384.1" endtime="385.0" type="fh" original-type="fh" channel="c9" participant="mn017">
      <nite:child href="Bmr031.G.words.xml#id(Bmr031.w.1,776)..id(Bmr031.w.1,782)"/>
   </dialogueact>
   <dialogueact nite:id="Bmr031.G.dialogueact263" starttime="385.44" endtime="388.81" type="fg|s" original-type="fg|s" channel="c9" participant="mn017">
      <nite:child href="Bmr031.G.words.xml#id(Bmr031.w.1,783)..id(Bmr031.w.1,806)"/>
   </dialogueact>
   <dialogueact nite:id="Bmr031.G.dialogueact268" starttime="400.273" endtime="400.593" type="b" original-type="b" channel="c9" participant="mn017">
      <nite:child href="Bmr031.G.words.xml#id(Bmr031.w.1,866)..id(Bmr031.w.1,869)"/>
   </dialogueact>
   <dialogueact nite:id="Bmr031.G.dialogueact287" starttime="437.492" endtime="437.562" type="b" original-type="b" channel="c9" participant="mn017">
      <nite:child href="Bmr031.G.words.xml#id(Bmr031.w.2,042)..id(Bmr031.w.2,043)"/>
   </dialogueact>
   <dialogueact nite:id="Bmr031.G.dialogueact305" starttime="468.794" endtime="469.248" type="b" original-type="b" channel="c9" participant="mn017">
   </dialogueact>
   <dialogueact nite:id="Bmr031.G.dialogueact330" starttime="536.76" endtime="541.07" type="s^ba" adjacency="64b.65a" original-type="s^ba" channel="c9" participant="mn017">
      <nite:child href="Bmr031.G.words.xml#id(Bmr031.w.2,453)..id(Bmr031.w.2,472)"/>
   </dialogueact>
   <dialogueact nite:id="Bmr031.G.dialogueact451" starttime="769.793" endtime="770.613" type="s^ba" original-type="s^ba" channel="c9" participant="mn017">
      <nite:child href="Bmr031.G.words.xml#id(Bmr031.w.3,503)..id(Bmr031.w.3,507)"/>
   </dialogueact>
   <dialogueact nite:id="Bmr031.G.dialogueact454" starttime="776.165" endtime="779.455" type="s^ba" adjacency="18a" original-type="s^ba" channel="c9" participant="mn017">
      <nite:child href="Bmr031.G.words.xml#id(Bmr031.w.3,562)..id(Bmr031.disfmarker.166)"/>
   </dialogueact>
   <dialogueact nite:id="Bmr031.G.dialogueact465" starttime="784.54" endtime="788.0" type="s" adjacency="21a" original-type="s" channel="c9" participant="mn017">
      <nite:child href="Bmr031.G.words.xml#id(Bmr031.w.3,629)..id(Bmr031.w.3,644)"/>
   </dialogueact>
   <dialogueact nite:id="Bmr031.G.dialogueact467" starttime="788.0" endtime="791.72" type="s" adjacency="21a+" original-type="s" channel="c9" participant="mn017">
      <nite:child href="Bmr031.G.words.xml#id(Bmr031.w.3,645)..id(Bmr031.w.3,661)"/>
   </dialogueact>
   <dialogueact nite:id="Bmr031.G.dialogueact476" starttime="799.66" endtime="800.64" type="%-" original-type="%-" channel="c9" participant="mn017">
      <nite:child href="Bmr031.G.words.xml#id(Bmr031.w.3,733)..id(Bmr031.w.3,737)"/>
   </dialogueact>
   <dialogueact nite:id="Bmr031.G.dialogueact478" starttime="801.66" endtime="804.55" type="s^t3" adjacency="23a" original-type="s^t3" channel="c9" participant="mn017">
      <nite:child href="Bmr031.G.words.xml#id(Bmr031.w.3,760)..id(Bmr031.w.3,771)"/>
   </dialogueact>
   <dialogueact nite:id="Bmr031.G.dialogueact501" starttime="844.108" endtime="848.698" type="s^cs" adjacency="26a" original-type="s^cs" channel="c9" participant="mn017">
      <nite:child href="Bmr031.G.words.xml#id(Bmr031.w.3,956)..id(Bmr031.w.3,973)"/>
   </dialogueact>
   <dialogueact nite:id="Bmr031.G.dialogueact603" starttime="977.2" endtime="978.82" type="b" original-type="b" channel="c9" participant="mn017">
   </dialogueact>
   <dialogueact nite:id="Bmr031.G.dialogueact604" starttime="978.82" endtime="979.268" type="b" original-type="b" channel="c9" participant="mn017">
   </dialogueact>
   <dialogueact nite:id="Bmr031.G.dialogueact615" starttime="990.6" endtime="992.28" type="s^t3" adjacency="56b.57a" original-type="s^t3" channel="c9" participant="mn017">
      <nite:child href="Bmr031.G.words.xml#id(Bmr031.w.4,782)..id(Bmr031.w.4,785)"/>
   </dialogueact>
   <dialogueact nite:id="Bmr031.G.dialogueact630" starttime="1013.59" endtime="1014.69" type="s^cs^j" adjacency="65a" original-type="s^cs^j" channel="c9" participant="mn017">
      <nite:child href="Bmr031.G.words.xml#id(Bmr031.w.4,899)..id(Bmr031.w.4,904)"/>
   </dialogueact>
   <dialogueact nite:id="Bmr031.G.dialogueact644" starttime="1033.61" endtime="1034.1" type="s^bk" adjacency="69b" original-type="s^bk" channel="c9" participant="mn017">
      <nite:child href="Bmr031.G.words.xml#id(Bmr031.w.5,010)..id(Bmr031.w.5,013)"/>
   </dialogueact>
   <dialogueact nite:id="Bmr031.G.dialogueact662" starttime="1055.31" endtime="1056.51" type="s.%-" original-type="s.%-" channel="c9" participant="mn017">
      <nite:child href="Bmr031.G.words.xml#id(Bmr031.w.5,118)..id(Bmr031.w.5,122)"/>
   </dialogueact>
   <dialogueact nite:id="Bmr031.G.dialogueact663" starttime="1057.5" endtime="1063.54" type="s^cs" adjacency="75a" original-type="s^cs" channel="c9" participant="mn017">
      <nite:child href="Bmr031.G.words.xml#id(Bmr031.w.5,147)..id(Bmr031.w.5,168)"/>
   </dialogueact>
   <dialogueact nite:id="Bmr031.G.dialogueact665" starttime="1063.87" endtime="1070.68" type="s^cs" adjacency="76a" original-type="s^cs" channel="c9" participant="mn017">
      <nite:child href="Bmr031.G.words.xml#id(Bmr031.w.5,169)..id(Bmr031.w.5,195)"/>
   </dialogueact>
   <dialogueact nite:id="Bmr031.G.dialogueact667" starttime="1070.68" endtime="1072.25" type="s^cs^e" adjacency="76a+" original-type="s^cs^e" channel="c9" participant="mn017">
      <nite:child href="Bmr031.G.words.xml#id(Bmr031.w.5,196)..id(Bmr031.w.5,202)"/>
   </dialogueact>
   <dialogueact nite:id="Bmr031.G.dialogueact671" starttime="1074.19" endtime="1074.51" type="b" original-type="b" channel="c9" participant="mn017">
      <nite:child href="Bmr031.G.words.xml#id(Bmr031.w.5,218)..id(Bmr031.w.5,219)"/>
   </dialogueact>
   <dialogueact nite:id="Bmr031.G.dialogueact674" starttime="1076.85" endtime="1077.29" type="b" original-type="b" channel="c9" participant="mn017">
   </dialogueact>
   <dialogueact nite:id="Bmr031.G.dialogueact676" starttime="1079.0" endtime="1079.22" type="s^aa" original-type="s^aa" channel="c9" participant="mn017">
      <nite:child href="Bmr031.G.words.xml#id(Bmr031.w.5,255)..id(Bmr031.w.5,256)"/>
   </dialogueact>
   <dialogueact nite:id="Bmr031.G.dialogueact789" starttime="1284.9" endtime="1287.45" type="s^j" adjacency="13a" original-type="s^j" channel="c9" participant="mn017">
      <nite:child href="Bmr031.G.words.xml#id(Bmr031.w.6,203)..id(Bmr031.w.6,212)"/>
   </dialogueact>
   <dialogueact nite:id="Bmr031.G.dialogueact793" starttime="1289.17" endtime="1289.76" type="b" original-type="b" channel="c9" participant="mn017">
      <nite:child href="Bmr031.G.words.xml#id(Bmr031.w.6,237)..id(Bmr031.w.6,238)"/>
   </dialogueact>
   <dialogueact nite:id="Bmr031.G.dialogueact927" starttime="1519.28" endtime="1520.53" type="fg|s^j" adjacency="49a" original-type="fg|s^j" channel="c9" participant="mn017">
      <nite:child href="Bmr031.G.words.xml#id(Bmr031.w.7,214)..id(Bmr031.w.7,220)"/>
   </dialogueact>
   <dialogueact nite:id="Bmr031.G.dialogueact928" starttime="1520.53" endtime="1521.41" type="s.%-" adjacency="49a+" original-type="s.%-" channel="c9" participant="mn017">
      <nite:child href="Bmr031.G.words.xml#id(Bmr031.w.7,221)..id(Bmr031.w.7,226)"/>
   </dialogueact>
   <dialogueact nite:id="Bmr031.G.dialogueact950" starttime="1555.2" endtime="1556.11" type="b" original-type="b" channel="c9" participant="mn017">
      <nite:child href="Bmr031.G.words.xml#id(Bmr031.w.7,360)..id(Bmr031.w.7,363)"/>
   </dialogueact>
   <dialogueact nite:id="Bmr031.G.dialogueact1017" starttime="1661.44" endtime="1662.18" type="b" original-type="b" channel="c9" participant="mn017">
      <nite:child href="Bmr031.G.words.xml#id(Bmr031.w.7,833)..id(Bmr031.w.7,836)"/>
   </dialogueact>
   <dialogueact nite:id="Bmr031.G.dialogueact1020" starttime="1667.32" endtime="1668.12" type="s.%-" original-type="s.%-" channel="c9" participant="mn017">
      <nite:child href="Bmr031.G.words.xml#id(Bmr031.w.7,852)..id(Bmr031.disfmarker.308)"/>
   </dialogueact>
   <dialogueact nite:id="Bmr031.G.dialogueact1022" starttime="1669.06" endtime="1672.72" type="s" adjacency="76a" original-type="s" channel="c9" participant="mn017">
      <nite:child href="Bmr031.G.words.xml#id(Bmr031.w.7,858)..id(Bmr031.w.7,866)"/>
   </dialogueact>
   <dialogueact nite:id="Bmr031.G.dialogueact1023" starttime="1673.58" endtime="1674.01" type="s^df.%-" original-type="s^df.%-" channel="c9" participant="mn017">
      <nite:child href="Bmr031.G.words.xml#id(Bmr031.w.7,867)..id(Bmr031.disfmarker.310)"/>
   </dialogueact>
   <dialogueact nite:id="Bmr031.G.dialogueact1025" starttime="1674.54" endtime="1675.65" type="s^aa|s^na" adjacency="77b" original-type="s^aa|s^na" channel="c9" participant="mn017">
      <nite:child href="Bmr031.G.words.xml#id(Bmr031.w.7,872)..id(Bmr031.w.7,877)"/>
   </dialogueact>
   <dialogueact nite:id="Bmr031.G.dialogueact1027" starttime="1675.8" endtime="1680.84" type="s.%--:s.%--" original-type="s.%--:s.%--" channel="c9" participant="mn017">
      <nite:child href="Bmr031.G.words.xml#id(Bmr031.w.7,878)..id(Bmr031.w.7,899)"/>
   </dialogueact>
   <dialogueact nite:id="Bmr031.G.dialogueact1028" starttime="1680.99" endtime="1681.73" type="s:s" original-type="s:s" channel="c9" participant="mn017">
      <nite:child href="Bmr031.G.words.xml#id(Bmr031.w.7,900)..id(Bmr031.w.7,907)"/>
   </dialogueact>
   <dialogueact nite:id="Bmr031.G.dialogueact1029" starttime="1681.73" endtime="1682.51" type="s:s" original-type="s:s" channel="c9" participant="mn017">
      <nite:child href="Bmr031.G.words.xml#id(Bmr031.w.7,908)..id(Bmr031.w.7,916)"/>
   </dialogueact>
   <dialogueact nite:id="Bmr031.G.dialogueact1031" starttime="1683.18" endtime="1686.38" type="s" adjacency="78a" original-type="s" channel="c9" participant="mn017">
      <nite:child href="Bmr031.G.words.xml#id(Bmr031.w.7,917)..id(Bmr031.w.7,930)"/>
   </dialogueact>
   <dialogueact nite:id="Bmr031.G.dialogueact1034" starttime="1686.38" endtime="1686.64" type="s^aa" adjacency="79b.80a" original-type="s^aa" channel="c9" participant="mn017">
      <nite:child href="Bmr031.G.words.xml#id(Bmr031.w.7,931)..id(Bmr031.w.7,932)"/>
   </dialogueact>
   <dialogueact nite:id="Bmr031.G.dialogueact1041" starttime="1693.03" endtime="1693.22" type="b" original-type="b" channel="c9" participant="mn017">
      <nite:child href="Bmr031.G.words.xml#id(Bmr031.w.7,984)..id(Bmr031.w.7,985)"/>
   </dialogueact>
   <dialogueact nite:id="Bmr031.G.dialogueact1059" starttime="1722.76" endtime="1723.07" type="b" original-type="b" channel="c9" participant="mn017">
      <nite:child href="Bmr031.G.words.xml#id(Bmr031.w.8,124)..id(Bmr031.w.8,127)"/>
   </dialogueact>
   <dialogueact nite:id="Bmr031.G.dialogueact1063" starttime="1730.24" endtime="1730.65" type="b" original-type="b" channel="c9" participant="mn017">
      <nite:child href="Bmr031.G.words.xml#id(Bmr031.w.8,162)..id(Bmr031.w.8,165)"/>
   </dialogueact>
   <dialogueact nite:id="Bmr031.G.dialogueact1068" starttime="1736.25" endtime="1738.99" type="qy^rt" adjacency="86a" original-type="qy^rt" channel="c9" participant="mn017">
      <nite:child href="Bmr031.G.words.xml#id(Bmr031.w.8,195)..id(Bmr031.w.8,204)"/>
   </dialogueact>
   <dialogueact nite:id="Bmr031.G.dialogueact1075" starttime="1743.09" endtime="1743.79" type="%-" original-type="%-" channel="c9" participant="mn017">
      <nite:child href="Bmr031.G.words.xml#id(Bmr031.w.8,240)..id(Bmr031.w.8,243)"/>
   </dialogueact>
   <dialogueact nite:id="Bmr031.G.dialogueact1076" starttime="1744.17" endtime="1744.35" type="%-" original-type="%-" channel="c9" participant="mn017">
      <nite:child href="Bmr031.G.words.xml#id(Bmr031.w.8,256)"/>
   </dialogueact>
   <dialogueact nite:id="Bmr031.G.dialogueact1077" starttime="1744.84" endtime="1746.55" type="s^ba^nd" adjacency="88b.89a" original-type="s^ba^nd" channel="c9" participant="mn017">
      <nite:child href="Bmr031.G.words.xml#id(Bmr031.w.8,257)..id(Bmr031.w.8,266)"/>
   </dialogueact>
   <dialogueact nite:id="Bmr031.G.dialogueact1080" starttime="1746.55" endtime="1750.99" type="s" original-type="s" channel="c9" participant="mn017">
      <nite:child href="Bmr031.G.words.xml#id(Bmr031.w.8,267)..id(Bmr031.w.8,286)"/>
   </dialogueact>
   <dialogueact nite:id="Bmr031.G.dialogueact1082" starttime="1751.77" endtime="1760.32" type="s^ba" adjacency="90a" original-type="s^ba" channel="c9" participant="mn017">
      <nite:child href="Bmr031.G.words.xml#id(Bmr031.w.8,293)..id(Bmr031.w.8,318)"/>
   </dialogueact>
   <dialogueact nite:id="Bmr031.G.dialogueact1085" starttime="1760.83" endtime="1776.1" type="s" original-type="s" channel="c9" participant="mn017">
      <nite:child href="Bmr031.G.words.xml#id(Bmr031.w.8,319)..id(Bmr031.w.8,380)"/>
   </dialogueact>
   <dialogueact nite:id="Bmr031.G.dialogueact1087" starttime="1776.52" endtime="1785.28" type="s^ba" adjacency="92a" original-type="s^ba" channel="c9" participant="mn017">
      <nite:child href="Bmr031.G.words.xml#id(Bmr031.w.8,385)..id(Bmr031.w.8,417)"/>
   </dialogueact>
   <dialogueact nite:id="Bmr031.G.dialogueact1091" starttime="1785.78" endtime="1787.18" type="fh" original-type="fh" channel="c9" participant="mn017">
      <nite:child href="Bmr031.G.words.xml#id(Bmr031.w.8,418)..id(Bmr031.disfmarker.325)"/>
   </dialogueact>
   <dialogueact nite:id="Bmr031.G.dialogueact1099" starttime="1806.86" endtime="1807.37" type="b" original-type="b" channel="c9" participant="mn017">
   </dialogueact>
   <dialogueact nite:id="Bmr031.G.dialogueact1105" starttime="1813.17" endtime="1824.73" type="s^ba" original-type="s^ba" channel="c9" participant="mn017">
      <nite:child href="Bmr031.G.words.xml#id(Bmr031.w.8,542)..id(Bmr031.w.8,579)"/>
   </dialogueact>
   <dialogueact nite:id="Bmr031.G.dialogueact1107" starttime="1825.53" endtime="1828.05" type="s.%--" original-type="s.%--" channel="c9" participant="mn017">
      <nite:child href="Bmr031.G.words.xml#id(Bmr031.w.8,584)..id(Bmr031.disfmarker.331)"/>
   </dialogueact>
   <dialogueact nite:id="Bmr031.G.dialogueact1108" starttime="1828.05" endtime="1828.53" type="s^no" original-type="s^no" channel="c9" participant="mn017">
      <nite:child href="Bmr031.G.words.xml#id(Bmr031.w.8,597)..id(Bmr031.disfmarker.332)"/>
   </dialogueact>
   <dialogueact nite:id="Bmr031.G.dialogueact1109" starttime="1828.93" endtime="1829.73" type="qh" original-type="qh" channel="c9" participant="mn017">
      <nite:child href="Bmr031.G.words.xml#id(Bmr031.w.8,600)..id(Bmr031.w.8,604)"/>
   </dialogueact>
   <dialogueact nite:id="Bmr031.G.dialogueact1110" starttime="1829.72" endtime="1831.88" type="s" original-type="s" channel="c9" participant="mn017">
      <nite:child href="Bmr031.G.words.xml#id(Bmr031.w.8,605)..id(Bmr031.w.8,615)"/>
   </dialogueact>
   <dialogueact nite:id="Bmr031.G.dialogueact1111" starttime="1831.88" endtime="1835.65" type="s" original-type="s" channel="c9" participant="mn017">
      <nite:child href="Bmr031.G.words.xml#id(Bmr031.w.8,616)..id(Bmr031.w.8,629)"/>
   </dialogueact>
   <dialogueact nite:id="Bmr031.G.dialogueact1112" starttime="1835.65" endtime="1837.51" type="s" original-type="s" channel="c9" participant="mn017">
      <nite:child href="Bmr031.G.words.xml#id(Bmr031.w.8,630)..id(Bmr031.w.8,638)"/>
   </dialogueact>
   <dialogueact nite:id="Bmr031.G.dialogueact1119" starttime="1846.89" endtime="1849.13" type="s^bk|s^bu" adjacency="3b.4a" original-type="s^bk|s^bu" channel="c9" participant="mn017">
      <nite:child href="Bmr031.G.words.xml#id(Bmr031.w.8,672)..id(Bmr031.w.8,682)"/>
   </dialogueact>
   <dialogueact nite:id="Bmr031.G.dialogueact1121" starttime="1849.13" endtime="1849.42" type="s^bk" adjacency="5b" original-type="s^bk" channel="c9" participant="mn017">
      <nite:child href="Bmr031.G.words.xml#id(Bmr031.w.8,683)..id(Bmr031.w.8,684)"/>
   </dialogueact>
   <dialogueact nite:id="Bmr031.G.dialogueact1124" starttime="1854.79" endtime="1855.15" type="b" original-type="b" channel="c9" participant="mn017">
      <nite:child href="Bmr031.G.words.xml#id(Bmr031.w.8,712)..id(Bmr031.w.8,715)"/>
   </dialogueact>
   <dialogueact nite:id="Bmr031.G.dialogueact1145" starttime="1878.3" endtime="1879.01" type="b" original-type="b" channel="c9" participant="mn017">
      <nite:child href="Bmr031.G.words.xml#id(Bmr031.w.8,818)..id(Bmr031.w.8,821)"/>
   </dialogueact>
   <dialogueact nite:id="Bmr031.G.dialogueact1185" starttime="1971.6" endtime="1974.29" type="s^bk|s" adjacency="26b" original-type="s^bk|s" channel="c9" participant="mn017">
      <nite:child href="Bmr031.G.words.xml#id(Bmr031.w.9,185)..id(Bmr031.w.9,194)"/>
   </dialogueact>
   <dialogueact nite:id="Bmr031.G.dialogueact1187" starttime="1975.18" endtime="1976.29" type="s.%--" original-type="s.%--" channel="c9" participant="mn017">
      <nite:child href="Bmr031.G.words.xml#id(Bmr031.w.9,197)..id(Bmr031.w.9,204)"/>
   </dialogueact>
   <dialogueact nite:id="Bmr031.G.dialogueact1188" starttime="1976.76" endtime="1980.11" type="s" adjacency="27a" original-type="s" channel="c9" participant="mn017">
      <nite:child href="Bmr031.G.words.xml#id(Bmr031.w.9,205)..id(Bmr031.w.9,215)"/>
   </dialogueact>
   <dialogueact nite:id="Bmr031.G.dialogueact1190" starttime="1980.63" endtime="1985.26" comment="FBH" type="s" original-type="s" channel="c9" participant="mn017">
      <nite:child href="Bmr031.G.words.xml#id(Bmr031.w.9,218)..id(Bmr031.w.9,234)"/>
   </dialogueact>
   <dialogueact nite:id="Bmr031.G.dialogueact1191" starttime="1985.26" endtime="1986.86" comment="FBH" type="s.%-" original-type="s.%-" channel="c9" participant="mn017">
      <nite:child href="Bmr031.G.words.xml#id(Bmr031.w.9,235)..id(Bmr031.disfmarker.359)"/>
   </dialogueact>
   <dialogueact nite:id="Bmr031.G.dialogueact1204" starttime="2031.48" endtime="2033.45" type="s" adjacency="28b" original-type="s" channel="c9" participant="mn017">
      <nite:child href="Bmr031.G.words.xml#id(Bmr031.w.9,390)..id(Bmr031.w.9,397)"/>
   </dialogueact>
   <dialogueact nite:id="Bmr031.G.dialogueact1205" starttime="2033.45" endtime="2035.82" type="s^df" original-type="s^df" channel="c9" participant="mn017">
      <nite:child href="Bmr031.G.words.xml#id(Bmr031.w.9,398)..id(Bmr031.w.9,407)"/>
   </dialogueact>
   <dialogueact nite:id="Bmr031.G.dialogueact1243" starttime="2100.87" endtime="2101.76" type="b" original-type="b" channel="c9" participant="mn017">
   </dialogueact>
   <dialogueact nite:id="Bmr031.G.dialogueact1247" starttime="2106.51" endtime="2106.87" type="b" original-type="b" channel="c9" participant="mn017">
      <nite:child href="Bmr031.G.words.xml#id(Bmr031.w.9,713)..id(Bmr031.w.9,714)"/>
   </dialogueact>
   <dialogueact nite:id="Bmr031.G.dialogueact1249" starttime="2108.76" endtime="2109.02" type="b" original-type="b" channel="c9" participant="mn017">
      <nite:child href="Bmr031.G.words.xml#id(Bmr031.w.9,725)..id(Bmr031.w.9,726)"/>
   </dialogueact>
   <dialogueact nite:id="Bmr031.G.dialogueact1250" starttime="2110.58" endtime="2113.57" type="s" adjacency="39a" original-type="s" channel="c9" participant="mn017">
      <nite:child href="Bmr031.G.words.xml#id(Bmr031.w.9,727)..id(Bmr031.w.9,742)"/>
   </dialogueact>
   <dialogueact nite:id="Bmr031.G.dialogueact1251" starttime="2113.57" endtime="2116.52" type="s" adjacency="39a+" original-type="s" channel="c9" participant="mn017">
      <nite:child href="Bmr031.G.words.xml#id(Bmr031.w.9,743)..id(Bmr031.w.9,757)"/>
   </dialogueact>
   <dialogueact nite:id="Bmr031.G.dialogueact1254" starttime="2116.52" endtime="2119.67" type="s:s" adjacency="39a++" original-type="s:s" channel="c9" participant="mn017">
      <nite:child href="Bmr031.G.words.xml#id(Bmr031.w.9,758)..id(Bmr031.w.9,777)"/>
   </dialogueact>
   <dialogueact nite:id="Bmr031.G.dialogueact1258" starttime="2127.35" endtime="2130.6" type="fg|s^ba" original-type="fg|s^ba" channel="c9" participant="mn017">
      <nite:child href="Bmr031.G.words.xml#id(Bmr031.w.9,822)..id(Bmr031.w.9,833)"/>
   </dialogueact>
   <dialogueact nite:id="Bmr031.G.dialogueact1260" starttime="2130.6" endtime="2131.49" type="s.%--" original-type="s.%--" channel="c9" participant="mn017">
      <nite:child href="Bmr031.G.words.xml#id(Bmr031.w.9,834)..id(Bmr031.disfmarker.382)"/>
   </dialogueact>
   <dialogueact nite:id="Bmr031.G.dialogueact1264" starttime="2135.93" endtime="2136.85" type="fh" original-type="fh" channel="c9" participant="mn017">
      <nite:child href="Bmr031.G.words.xml#id(Bmr031.w.9,849)..id(Bmr031.w.9,850)"/>
   </dialogueact>
   <dialogueact nite:id="Bmr031.G.dialogueact1265" starttime="2137.29" endtime="2140.72" type="s.%--" adjacency="41a" original-type="s.%--" channel="c9" participant="mn017">
      <nite:child href="Bmr031.G.words.xml#id(Bmr031.w.9,851)..id(Bmr031.disfmarker.383)"/>
   </dialogueact>
   <dialogueact nite:id="Bmr031.G.dialogueact1266" starttime="2141.86" endtime="2143.69" type="s" adjacency="41a+" original-type="s" channel="c9" participant="mn017">
      <nite:child href="Bmr031.G.words.xml#id(Bmr031.w.9,864)..id(Bmr031.w.9,872)"/>
   </dialogueact>
   <dialogueact nite:id="Bmr031.G.dialogueact1267" starttime="2143.69" endtime="2144.4" type="s.%-" original-type="s.%-" channel="c9" participant="mn017">
      <nite:child href="Bmr031.G.words.xml#id(Bmr031.w.9,873)..id(Bmr031.disfmarker.384)"/>
   </dialogueact>
   <dialogueact nite:id="Bmr031.G.dialogueact1271" starttime="2147.14" endtime="2147.91" type="fh" original-type="fh" channel="c9" participant="mn017">
      <nite:child href="Bmr031.G.words.xml#id(Bmr031.w.9,891)..id(Bmr031.w.9,892)"/>
   </dialogueact>
   <dialogueact nite:id="Bmr031.G.dialogueact1272" starttime="2149.5" endtime="2153.94" type="s.%--" original-type="s.%--" channel="c9" participant="mn017">
      <nite:child href="Bmr031.G.words.xml#id(Bmr031.w.9,895)..id(Bmr031.w.9,910)"/>
   </dialogueact>
   <dialogueact nite:id="Bmr031.G.dialogueact1273" starttime="2153.94" endtime="2160.06" comment="FBH" type="fh|s" original-type="fh|s" channel="c9" participant="mn017">
      <nite:child href="Bmr031.G.words.xml#id(Bmr031.w.9,911)..id(Bmr031.w.9,925)"/>
   </dialogueact>
   <dialogueact nite:id="Bmr031.G.dialogueact1274" starttime="2162.07" endtime="2166.59" type="s" original-type="s" channel="c9" participant="mn017">
      <nite:child href="Bmr031.G.words.xml#id(Bmr031.w.9,926)..id(Bmr031.w.9,946)"/>
   </dialogueact>
   <dialogueact nite:id="Bmr031.G.dialogueact1275" starttime="2167.13" endtime="2172.53" type="s" original-type="s" channel="c9" participant="mn017">
      <nite:child href="Bmr031.G.words.xml#id(Bmr031.w.9,947)..id(Bmr031.w.9,964)"/>
   </dialogueact>
   <dialogueact nite:id="Bmr031.G.dialogueact1276" starttime="2172.96" endtime="2177.01" type="s" adjacency="42a" original-type="s" channel="c9" participant="mn017">
      <nite:child href="Bmr031.G.words.xml#id(Bmr031.w.9,965)..id(Bmr031.w.9,979)"/>
   </dialogueact>
   <dialogueact nite:id="Bmr031.G.dialogueact1279" starttime="2178.15" endtime="2180.56" type="s^m^na" adjacency="43b" original-type="s^m^na" channel="c9" participant="mn017">
      <nite:child href="Bmr031.G.words.xml#id(Bmr031.w.9,995)..id(Bmr031.w.10,003)"/>
   </dialogueact>
   <dialogueact nite:id="Bmr031.G.dialogueact1281" starttime="2180.57" endtime="2182.17" type="fh" original-type="fh" channel="c9" participant="mn017">
      <nite:child href="Bmr031.G.words.xml#id(Bmr031.w.10,004)..id(Bmr031.w.10,013)"/>
   </dialogueact>
   <dialogueact nite:id="Bmr031.G.dialogueact1283" starttime="2182.17" endtime="2189.62" type="s" original-type="s" channel="c9" participant="mn017">
      <nite:child href="Bmr031.G.words.xml#id(Bmr031.w.10,014)..id(Bmr031.w.10,035)"/>
   </dialogueact>
   <dialogueact nite:id="Bmr031.G.dialogueact1284" starttime="2189.62" endtime="2195.02" type="s" original-type="s" channel="c9" participant="mn017">
      <nite:child href="Bmr031.G.words.xml#id(Bmr031.w.10,036)..id(Bmr031.w.10,053)"/>
   </dialogueact>
   <dialogueact nite:id="Bmr031.G.dialogueact1286" starttime="2195.02" endtime="2197.48" type="s" original-type="s" channel="c9" participant="mn017">
      <nite:child href="Bmr031.G.words.xml#id(Bmr031.w.10,054)..id(Bmr031.w.10,063)"/>
   </dialogueact>
   <dialogueact nite:id="Bmr031.G.dialogueact1289" starttime="2198.01" endtime="2205.75" type="s" original-type="s" channel="c9" participant="mn017">
      <nite:child href="Bmr031.G.words.xml#id(Bmr031.w.10,070)..id(Bmr031.w.10,099)"/>
   </dialogueact>
   <dialogueact nite:id="Bmr031.G.dialogueact1291" starttime="2206.7" endtime="2207.4" type="%-" original-type="%-" channel="c9" participant="mn017">
      <nite:child href="Bmr031.G.words.xml#id(Bmr031.w.10,102)..id(Bmr031.w.10,103)"/>
   </dialogueact>
   <dialogueact nite:id="Bmr031.G.dialogueact1300" starttime="2232.05" endtime="2232.51" type="b" original-type="b" channel="c9" participant="mn017">
      <nite:child href="Bmr031.G.words.xml#id(Bmr031.w.10,231)..id(Bmr031.w.10,234)"/>
   </dialogueact>
   <dialogueact nite:id="Bmr031.G.dialogueact1301" starttime="2232.15" endtime="2232.4" type="b" original-type="b" channel="c9" participant="mn017">
   </dialogueact>
   <dialogueact nite:id="Bmr031.G.dialogueact1304" starttime="2236.47" endtime="2236.84" type="b" original-type="b" channel="c9" participant="mn017">
      <nite:child href="Bmr031.G.words.xml#id(Bmr031.w.10,261)..id(Bmr031.w.10,262)"/>
   </dialogueact>
   <dialogueact nite:id="Bmr031.G.dialogueact1306" starttime="2237.7" endtime="2245.87" type="fg|s" original-type="fg|s" channel="c9" participant="mn017">
      <nite:child href="Bmr031.G.words.xml#id(Bmr031.w.10,263)..id(Bmr031.w.10,295)"/>
   </dialogueact>
   <dialogueact nite:id="Bmr031.G.dialogueact1308" starttime="2246.52" endtime="2250.06" type="s" original-type="s" channel="c9" participant="mn017">
      <nite:child href="Bmr031.G.words.xml#id(Bmr031.w.10,298)..id(Bmr031.w.10,305)"/>
   </dialogueact>
   <dialogueact nite:id="Bmr031.G.dialogueact1309" starttime="2250.06" endtime="2253.19" type="s" original-type="s" channel="c9" participant="mn017">
      <nite:child href="Bmr031.G.words.xml#id(Bmr031.w.10,306)..id(Bmr031.disfmarker.400)"/>
   </dialogueact>
   <dialogueact nite:id="Bmr031.G.dialogueact1310" starttime="2253.18" endtime="2260.11" type="s" original-type="s" channel="c9" participant="mn017">
      <nite:child href="Bmr031.G.words.xml#id(Bmr031.w.10,316)..id(Bmr031.w.10,341)"/>
   </dialogueact>
   <dialogueact nite:id="Bmr031.G.dialogueact1311" starttime="2260.11" endtime="2262.39" type="s" original-type="s" channel="c9" participant="mn017">
      <nite:child href="Bmr031.G.words.xml#id(Bmr031.w.10,342)..id(Bmr031.w.10,351)"/>
   </dialogueact>
   <dialogueact nite:id="Bmr031.G.dialogueact1312" starttime="2262.39" endtime="2262.58" type="fh" original-type="fh" channel="c9" participant="mn017">
      <nite:child href="Bmr031.G.words.xml#id(Bmr031.w.10,352)..id(Bmr031.disfmarker.403)"/>
   </dialogueact>
   <dialogueact nite:id="Bmr031.G.dialogueact1313" starttime="2263.26" endtime="2265.99" type="s^am^ba" adjacency="44a" original-type="s^am^ba" channel="c9" participant="mn017">
      <nite:child href="Bmr031.G.words.xml#id(Bmr031.w.10,353)..id(Bmr031.w.10,363)"/>
   </dialogueact>
   <dialogueact nite:id="Bmr031.G.dialogueact1314" starttime="2265.99" endtime="2270.13" type="s^df" adjacency="44a+" original-type="s^df" channel="c9" participant="mn017">
      <nite:child href="Bmr031.G.words.xml#id(Bmr031.w.10,364)..id(Bmr031.w.10,379)"/>
   </dialogueact>
   <dialogueact nite:id="Bmr031.G.dialogueact1315" starttime="2270.76" endtime="2272.25" type="s" adjacency="44a++" original-type="s" channel="c9" participant="mn017">
      <nite:child href="Bmr031.G.words.xml#id(Bmr031.w.10,380)..id(Bmr031.w.10,384)"/>
   </dialogueact>
   <dialogueact nite:id="Bmr031.G.dialogueact1316" starttime="2272.33" endtime="2273.96" type="fh" original-type="fh" channel="c9" participant="mn017">
      <nite:child href="Bmr031.G.words.xml#id(Bmr031.w.10,385)..id(Bmr031.disfmarker.404)"/>
   </dialogueact>
   <dialogueact nite:id="Bmr031.G.dialogueact1318" starttime="2274.42" endtime="2277.52" type="s" original-type="s" channel="c9" participant="mn017">
      <nite:child href="Bmr031.G.words.xml#id(Bmr031.w.10,392)..id(Bmr031.w.10,403)"/>
   </dialogueact>
   <dialogueact nite:id="Bmr031.G.dialogueact1319" starttime="2277.52" endtime="2280.12" comment="FBH" type="s" original-type="s" channel="c9" participant="mn017">
      <nite:child href="Bmr031.G.words.xml#id(Bmr031.w.10,404)..id(Bmr031.w.10,416)"/>
   </dialogueact>
   <dialogueact nite:id="Bmr031.G.dialogueact1320" starttime="2280.12" endtime="2285.56" type="s" original-type="s" channel="c9" participant="mn017">
      <nite:child href="Bmr031.G.words.xml#id(Bmr031.w.10,417)..id(Bmr031.w.10,437)"/>
   </dialogueact>
   <dialogueact nite:id="Bmr031.G.dialogueact1321" starttime="2285.56" endtime="2289.23" type="s^rt" original-type="s^rt" channel="c9" participant="mn017">
      <nite:child href="Bmr031.G.words.xml#id(Bmr031.w.10,438)..id(Bmr031.w.10,452)"/>
   </dialogueact>
   <dialogueact nite:id="Bmr031.G.dialogueact1322" starttime="2290.89" endtime="2292.38" type="fh" original-type="fh" channel="c9" participant="mn017">
      <nite:child href="Bmr031.G.words.xml#id(Bmr031.w.10,453)..id(Bmr031.w.10,454)"/>
   </dialogueact>
   <dialogueact nite:id="Bmr031.G.dialogueact1323" starttime="2292.99" endtime="2294.97" type="fg|s.%--" original-type="fg|s.%--" channel="c9" participant="mn017">
      <nite:child href="Bmr031.G.words.xml#id(Bmr031.w.10,455)..id(Bmr031.w.10,462)"/>
   </dialogueact>
   <dialogueact nite:id="Bmr031.G.dialogueact1324" starttime="2296.42" endtime="2299.74" type="s^t" original-type="s^t" channel="c9" participant="mn017">
      <nite:child href="Bmr031.G.words.xml#id(Bmr031.w.10,463)..id(Bmr031.w.10,480)"/>
   </dialogueact>
   <dialogueact nite:id="Bmr031.G.dialogueact1328" starttime="2311.15" endtime="2311.48" type="b" original-type="b" channel="c9" participant="mn017">
      <nite:child href="Bmr031.G.words.xml#id(Bmr031.w.10,518)..id(Bmr031.w.10,521)"/>
   </dialogueact>
   <dialogueact nite:id="Bmr031.G.dialogueact1336" starttime="2340.45" endtime="2341.18" type="b" original-type="b" channel="c9" participant="mn017">
      <nite:child href="Bmr031.G.words.xml#id(Bmr031.w.10,653)..id(Bmr031.w.10,656)"/>
   </dialogueact>
   <dialogueact nite:id="Bmr031.G.dialogueact1338" starttime="2344.91" endtime="2345.73" type="b" original-type="b" channel="c9" participant="mn017">
      <nite:child href="Bmr031.G.words.xml#id(Bmr031.w.10,671)..id(Bmr031.w.10,674)"/>
   </dialogueact>
   <dialogueact nite:id="Bmr031.G.dialogueact1344" starttime="2357.0" endtime="2357.25" type="b" original-type="b" channel="c9" participant="mn017">
      <nite:child href="Bmr031.G.words.xml#id(Bmr031.w.10,728)..id(Bmr031.w.10,729)"/>
   </dialogueact>
   <dialogueact nite:id="Bmr031.G.dialogueact1348" starttime="2366.18" endtime="2374.18" type="qy" adjacency="47a" original-type="qy" channel="c9" participant="mn017">
      <nite:child href="Bmr031.G.words.xml#id(Bmr031.w.10,770)..id(Bmr031.w.10,791)"/>
   </dialogueact>
   <dialogueact nite:id="Bmr031.G.dialogueact1351" starttime="2375.1" endtime="2375.56" type="s^bk^m" adjacency="48b" original-type="s^bk^m" channel="c9" participant="mn017">
      <nite:child href="Bmr031.G.words.xml#id(Bmr031.w.10,802)..id(Bmr031.w.10,804)"/>
   </dialogueact>
   <dialogueact nite:id="Bmr031.G.dialogueact1353" starttime="2377.92" endtime="2378.34" type="s^bk" adjacency="49b" original-type="s^bk" channel="c9" participant="mn017">
      <nite:child href="Bmr031.G.words.xml#id(Bmr031.w.10,817)..id(Bmr031.w.10,818)"/>
   </dialogueact>
   <dialogueact nite:id="Bmr031.G.dialogueact1355" starttime="2384.45" endtime="2384.99" type="b" original-type="b" channel="c9" participant="mn017">
      <nite:child href="Bmr031.G.words.xml#id(Bmr031.w.10,844)..id(Bmr031.w.10,847)"/>
   </dialogueact>
   <dialogueact nite:id="Bmr031.G.dialogueact1361" starttime="2401.06" endtime="2401.34" type="b" original-type="b" channel="c9" participant="mn017">
      <nite:child href="Bmr031.G.words.xml#id(Bmr031.w.10,915)..id(Bmr031.w.10,916)"/>
   </dialogueact>
   <dialogueact nite:id="Bmr031.G.dialogueact1364" starttime="2406.09" endtime="2406.34" type="b" original-type="b" channel="c9" participant="mn017">
      <nite:child href="Bmr031.G.words.xml#id(Bmr031.w.10,934)..id(Bmr031.w.10,935)"/>
   </dialogueact>
   <dialogueact nite:id="Bmr031.G.dialogueact1374" starttime="2432.15" endtime="2432.67" type="b" original-type="b" channel="c9" participant="mn017">
      <nite:child href="Bmr031.G.words.xml#id(Bmr031.w.11,077)..id(Bmr031.w.11,080)"/>
   </dialogueact>
   <dialogueact nite:id="Bmr031.G.dialogueact1376" starttime="2436.07" endtime="2436.38" type="b" original-type="b" channel="c9" participant="mn017">
      <nite:child href="Bmr031.G.words.xml#id(Bmr031.w.11,086)..id(Bmr031.w.11,087)"/>
   </dialogueact>
   <dialogueact nite:id="Bmr031.G.dialogueact1379" starttime="2441.77" endtime="2442.09" type="b" original-type="b" channel="c9" participant="mn017">
      <nite:child href="Bmr031.G.words.xml#id(Bmr031.w.11,097)..id(Bmr031.w.11,098)"/>
   </dialogueact>
   <dialogueact nite:id="Bmr031.G.dialogueact1380" starttime="2445.25" endtime="2449.68" comment="FBH" type="s.%--" original-type="s.%--" channel="c9" participant="mn017">
      <nite:child href="Bmr031.G.words.xml#id(Bmr031.w.11,099)..id(Bmr031.disfmarker.439)"/>
   </dialogueact>
   <dialogueact nite:id="Bmr031.G.dialogueact1381" starttime="2450.5" endtime="2456.45" comment="FBH" type="qy^rt" original-type="qy^rt" channel="c9" participant="mn017">
      <nite:child href="Bmr031.G.words.xml#id(Bmr031.w.11,107)..id(Bmr031.w.11,126)"/>
   </dialogueact>
   <dialogueact nite:id="Bmr031.G.dialogueact1382" starttime="2458.55" endtime="2459.51" type="s.%--" original-type="s.%--" channel="c9" participant="mn017">
      <nite:child href="Bmr031.G.words.xml#id(Bmr031.w.11,127)..id(Bmr031.disfmarker.440)"/>
   </dialogueact>
   <dialogueact nite:id="Bmr031.G.dialogueact1383" starttime="2459.51" endtime="2462.82" type="s" original-type="s" channel="c9" participant="mn017">
      <nite:child href="Bmr031.G.words.xml#id(Bmr031.w.11,131)..id(Bmr031.w.11,149)"/>
   </dialogueact>
   <dialogueact nite:id="Bmr031.G.dialogueact1384" starttime="2463.73" endtime="2472.3" type="s" original-type="s" channel="c9" participant="mn017">
      <nite:child href="Bmr031.G.words.xml#id(Bmr031.w.11,150)..id(Bmr031.w.11,175)"/>
   </dialogueact>
   <dialogueact nite:id="Bmr031.G.dialogueact1385" starttime="2472.3" endtime="2475.17" type="s.%--" original-type="s.%--" channel="c9" participant="mn017">
      <nite:child href="Bmr031.G.words.xml#id(Bmr031.w.11,176)..id(Bmr031.disfmarker.442)"/>
   </dialogueact>
   <dialogueact nite:id="Bmr031.G.dialogueact1386" starttime="2475.69" endtime="2481.69" type="s.%-" adjacency="3a" original-type="s.%-" channel="c9" participant="mn017">
      <nite:child href="Bmr031.G.words.xml#id(Bmr031.w.11,184)..id(Bmr031.w.11,204)"/>
   </dialogueact>
   <dialogueact nite:id="Bmr031.G.dialogueact1389" starttime="2482.76" endtime="2487.09" type="s^aa|s^no" adjacency="4b" original-type="s^aa|s^no" channel="c9" participant="mn017">
      <nite:child href="Bmr031.G.words.xml#id(Bmr031.w.11,219)..id(Bmr031.w.11,237)"/>
   </dialogueact>
   <dialogueact nite:id="Bmr031.G.dialogueact1390" starttime="2487.09" endtime="2490.37" type="s^df" original-type="s^df" channel="c9" participant="mn017">
      <nite:child href="Bmr031.G.words.xml#id(Bmr031.w.11,238)..id(Bmr031.w.11,252)"/>
   </dialogueact>
   <dialogueact nite:id="Bmr031.G.dialogueact1391" starttime="2491.3" endtime="2492.7" type="s^cs" adjacency="5a" original-type="s^cs" channel="c9" participant="mn017">
      <nite:child href="Bmr031.G.words.xml#id(Bmr031.w.11,253)..id(Bmr031.w.11,261)"/>
   </dialogueact>
   <dialogueact nite:id="Bmr031.G.dialogueact1393" starttime="2494.24" endtime="2494.53" type="b" original-type="b" channel="c9" participant="mn017">
      <nite:child href="Bmr031.G.words.xml#id(Bmr031.w.11,291)..id(Bmr031.w.11,292)"/>
   </dialogueact>
   <dialogueact nite:id="Bmr031.G.dialogueact1395" starttime="2496.31" endtime="2496.6" type="b" original-type="b" channel="c9" participant="mn017">
      <nite:child href="Bmr031.G.words.xml#id(Bmr031.w.11,293)..id(Bmr031.w.11,294)"/>
   </dialogueact>
   <dialogueact nite:id="Bmr031.G.dialogueact1397" starttime="2503.24" endtime="2503.73" type="b" original-type="b" channel="c9" participant="mn017">
      <nite:child href="Bmr031.G.words.xml#id(Bmr031.w.11,327)..id(Bmr031.w.11,330)"/>
   </dialogueact>
   <dialogueact nite:id="Bmr031.G.dialogueact1399" starttime="2506.71" endtime="2506.88" type="b" original-type="b" channel="c9" participant="mn017">
      <nite:child href="Bmr031.G.words.xml#id(Bmr031.w.11,331)..id(Bmr031.w.11,332)"/>
   </dialogueact>
   <dialogueact nite:id="Bmr031.G.dialogueact1403" starttime="2515.75" endtime="2516.17" type="b" original-type="b" channel="c9" participant="mn017">
      <nite:child href="Bmr031.G.words.xml#id(Bmr031.w.11,397)..id(Bmr031.w.11,400)"/>
   </dialogueact>
   <dialogueact nite:id="Bmr031.G.dialogueact1413" starttime="2546.22" endtime="2546.55" type="b" original-type="b" channel="c9" participant="mn017">
      <nite:child href="Bmr031.G.words.xml#id(Bmr031.w.11,497)..id(Bmr031.w.11,500)"/>
   </dialogueact>
   <dialogueact nite:id="Bmr031.G.dialogueact1417" starttime="2551.74" endtime="2551.98" type="b" original-type="b" channel="c9" participant="mn017">
      <nite:child href="Bmr031.G.words.xml#id(Bmr031.w.11,525)..id(Bmr031.w.11,526)"/>
   </dialogueact>
   <dialogueact nite:id="Bmr031.G.dialogueact1493" starttime="2747.91" endtime="2748.04" type="b" original-type="b" channel="c9" participant="mn017">
      <nite:child href="Bmr031.G.words.xml#id(Bmr031.w.12,335)..id(Bmr031.w.12,336)"/>
   </dialogueact>
   <dialogueact nite:id="Bmr031.G.dialogueact1501" starttime="2762.0" endtime="2763.97" type="fg|s^cs.%--" original-type="fg|s^cs.%--" channel="c9" participant="mn017">
      <nite:child href="Bmr031.G.words.xml#id(Bmr031.w.12,420)..id(Bmr031.disfmarker.482)"/>
   </dialogueact>
   <dialogueact nite:id="Bmr031.G.dialogueact1502" starttime="2764.6" endtime="2766.83" type="s" original-type="s" channel="c9" participant="mn017">
      <nite:child href="Bmr031.G.words.xml#id(Bmr031.w.12,437)..id(Bmr031.w.12,444)"/>
   </dialogueact>
   <dialogueact nite:id="Bmr031.G.dialogueact1503" starttime="2766.83" endtime="2769.19" type="qh^cs" adjacency="12a" original-type="qh^cs" channel="c9" participant="mn017">
      <nite:child href="Bmr031.G.words.xml#id(Bmr031.w.12,446)..id(Bmr031.w.12,454)"/>
   </dialogueact>
   <dialogueact nite:id="Bmr031.G.dialogueact1573" starttime="2955.39" endtime="2956.41" type="s^nd.%-" original-type="s^nd.%-" channel="c9" participant="mn017">
      <nite:child href="Bmr031.G.words.xml#id(Bmr031.w.13,222)..id(Bmr031.disfmarker.519)"/>
   </dialogueact>
   <dialogueact nite:id="Bmr031.G.dialogueact1574" starttime="2957.06" endtime="2959.39" type="s^nd" adjacency="25b" original-type="s^nd" channel="c9" participant="mn017">
      <nite:child href="Bmr031.G.words.xml#id(Bmr031.w.13,228)..id(Bmr031.w.13,238)"/>
   </dialogueact>
   <dialogueact nite:id="Bmr031.G.dialogueact1575" starttime="2959.39" endtime="2961.11" type="s^df" adjacency="25b+" original-type="s^df" channel="c9" participant="mn017">
      <nite:child href="Bmr031.G.words.xml#id(Bmr031.w.13,239)..id(Bmr031.w.13,247)"/>
   </dialogueact>
   <dialogueact nite:id="Bmr031.G.dialogueact1576" starttime="2961.59" endtime="2961.86" type="qy^d^f^g" adjacency="25b++" original-type="qy^d^f^g" channel="c9" participant="mn017">
      <nite:child href="Bmr031.G.words.xml#id(Bmr031.w.13,248)..id(Bmr031.w.13,249)"/>
   </dialogueact>
   <dialogueact nite:id="Bmr031.G.dialogueact1577" starttime="2961.86" endtime="2964.41" type="s^cs.%-" adjacency="26a" original-type="s^cs.%-" channel="c9" participant="mn017">
      <nite:child href="Bmr031.G.words.xml#id(Bmr031.w.13,250)..id(Bmr031.disfmarker.520)"/>
   </dialogueact>
   <dialogueact nite:id="Bmr031.G.dialogueact1580" starttime="2965.57" endtime="2967.6" type="s^bk|s" original-type="s^bk|s" channel="c9" participant="mn017">
      <nite:child href="Bmr031.G.words.xml#id(Bmr031.w.13,270)..id(Bmr031.w.13,279)"/>
   </dialogueact>
   <dialogueact nite:id="Bmr031.G.dialogueact1582" starttime="2967.6" endtime="2974.22" type="s^df" original-type="s^df" channel="c9" participant="mn017">
      <nite:child href="Bmr031.G.words.xml#id(Bmr031.w.13,280)..id(Bmr031.w.13,313)"/>
   </dialogueact>
   <dialogueact nite:id="Bmr031.G.dialogueact1584" starttime="2974.22" endtime="2978.59" type="s^cs" adjacency="28a" original-type="s^cs" channel="c9" participant="mn017">
      <nite:child href="Bmr031.G.words.xml#id(Bmr031.w.13,314)..id(Bmr031.w.13,367)"/>
   </dialogueact>
   <dialogueact nite:id="Bmr031.G.dialogueact1590" starttime="2984.18" endtime="2984.99" comment="FBH" type="%-" original-type="%-" channel="c9" participant="mn017">
      <nite:child href="Bmr031.G.words.xml#id(Bmr031.w.13,370)..id(Bmr031.w.13,373)"/>
   </dialogueact>
   <dialogueact nite:id="Bmr031.G.dialogueact1603" starttime="3014.95" endtime="3015.58" comment="FBH" type="b" original-type="b" channel="c9" participant="mn017">
      <nite:child href="Bmr031.G.words.xml#id(Bmr031.w.13,578)..id(Bmr031.w.13,579)"/>
   </dialogueact>
   <dialogueact nite:id="Bmr031.G.dialogueact1621" starttime="3058.13" endtime="3062.86" type="s^bu" adjacency="7a" original-type="s^bu" channel="c9" participant="mn017">
      <nite:child href="Bmr031.G.words.xml#id(Bmr031.w.13,822)..id(Bmr031.w.13,841)"/>
   </dialogueact>
   <dialogueact nite:id="Bmr031.G.dialogueact1623" starttime="3062.86" endtime="3063.11" type="qy^d^g" adjacency="7a+" original-type="qy^d^g" channel="c9" participant="mn017">
      <nite:child href="Bmr031.G.words.xml#id(Bmr031.w.13,842)..id(Bmr031.w.13,843)"/>
   </dialogueact>
   <dialogueact nite:id="Bmr031.G.dialogueact1624" starttime="3063.11" endtime="3066.63" type="s" adjacency="7a++" original-type="s" channel="c9" participant="mn017">
      <nite:child href="Bmr031.G.words.xml#id(Bmr031.w.13,844)..id(Bmr031.w.13,887)"/>
   </dialogueact>
   <dialogueact nite:id="Bmr031.G.dialogueact1628" starttime="3072.45" endtime="3073.44" type="b" original-type="b" channel="c9" participant="mn017">
      <nite:child href="Bmr031.G.words.xml#id(Bmr031.w.13,908)..id(Bmr031.w.13,913)"/>
   </dialogueact>
   <dialogueact nite:id="Bmr031.G.dialogueact1631" starttime="3077.93" endtime="3078.28" type="b" original-type="b" channel="c9" participant="mn017">
      <nite:child href="Bmr031.G.words.xml#id(Bmr031.w.13,971)..id(Bmr031.w.13,972)"/>
   </dialogueact>
   <dialogueact nite:id="Bmr031.G.dialogueact1638" starttime="3083.38" endtime="3083.67" type="b" original-type="b" channel="c9" participant="mn017">
      <nite:child href="Bmr031.G.words.xml#id(Bmr031.w.13,979)..id(Bmr031.w.13,980)"/>
   </dialogueact>
   <dialogueact nite:id="Bmr031.G.dialogueact1642" starttime="3084.82" endtime="3085.06" type="s^bk" adjacency="9b" original-type="s^bk" channel="c9" participant="mn017">
      <nite:child href="Bmr031.G.words.xml#id(Bmr031.w.13,983)..id(Bmr031.w.13,984)"/>
   </dialogueact>
   <dialogueact nite:id="Bmr031.G.dialogueact1644" starttime="3087.73" endtime="3088.04" type="b" original-type="b" channel="c9" participant="mn017">
      <nite:child href="Bmr031.G.words.xml#id(Bmr031.w.13,987)..id(Bmr031.w.13,990)"/>
   </dialogueact>
   <dialogueact nite:id="Bmr031.G.dialogueact1655" starttime="3124.36" endtime="3125.0" type="b" original-type="b" channel="c9" participant="mn017">
      <nite:child href="Bmr031.G.words.xml#id(Bmr031.w.14,154)..id(Bmr031.w.14,157)"/>
   </dialogueact>
   <dialogueact nite:id="Bmr031.G.dialogueact1676" starttime="3156.73" endtime="3157.58" type="s" original-type="s" channel="c9" participant="mn017">
      <nite:child href="Bmr031.G.words.xml#id(Bmr031.w.14,300)..id(Bmr031.w.14,305)"/>
   </dialogueact>
   <dialogueact nite:id="Bmr031.G.dialogueact1680" starttime="3162.4" endtime="3165.36" type="s.%--" original-type="s.%--" channel="c9" participant="mn017">
      <nite:child href="Bmr031.G.words.xml#id(Bmr031.w.14,323)..id(Bmr031.disfmarker.595)"/>
   </dialogueact>
   <dialogueact nite:id="Bmr031.G.dialogueact1686" starttime="3173.0" endtime="3177.0" type="b" original-type="b" channel="c9" participant="mn017">
      <nite:child href="Bmr031.G.words.xml#id(Bmr031.w.14,386)..id(Bmr031.w.14,387)"/>
   </dialogueact>
   <dialogueact nite:id="Bmr031.G.dialogueact1688" starttime="3174.38" endtime="3174.74" comment="FBH" type="s^bk" original-type="s^bk" channel="c9" participant="mn017">
   </dialogueact>
   <dialogueact nite:id="Bmr031.G.dialogueact1689" starttime="3175.29" endtime="3177.45" comment="FBH" type="b" original-type="b" channel="c9" participant="mn017">
      <nite:child href="Bmr031.G.words.xml#id(Bmr031.w.14,388)..id(Bmr031.w.14,389)"/>
   </dialogueact>
   <dialogueact nite:id="Bmr031.G.dialogueact1696" starttime="3227.47" endtime="3232.61" comment="FBH" type="z" original-type="z" channel="c9" participant="mn017">
      <nite:child href="Bmr031.G.words.xml#id(Bmr031.w.15,437)..id(Bmr031.w.15,456)"/>
   </dialogueact>
</nite:root>