<?xml version="1.0" encoding="ISO-8859-1" standalone="yes"?>
<nite:root nite:id="Bmr029.C.dialogue-acts" xmlns:nite="http://nite.sourceforge.net/">
   <dialogueact nite:id="Bmr029.C.dialogueact1" starttime="2.572" endtime="12.34" comment="FBH" type="s^rt^t" adjacency="1a" original-type="s^rt^t" channel="c2" participant="me013">
      <nite:child href="Bmr029.C.words.xml#id(Bmr029.w.3)..id(Bmr029.w.38)"/>
   </dialogueact>
   <dialogueact nite:id="Bmr029.C.dialogueact3" starttime="14.766" endtime="14.986" type="s^aa" adjacency="2b" original-type="s^aa" channel="c2" participant="me013">
      <nite:child href="Bmr029.C.words.xml#id(Bmr029.w.42)..id(Bmr029.w.43)"/>
   </dialogueact>
   <dialogueact nite:id="Bmr029.C.dialogueact5" starttime="15.55" endtime="18.2" type="s^rt" adjacency="3b" original-type="s^rt" channel="c2" participant="me013">
      <nite:child href="Bmr029.C.words.xml#id(Bmr029.w.44)..id(Bmr029.w.53)"/>
   </dialogueact>
   <dialogueact nite:id="Bmr029.C.dialogueact6" starttime="18.945" endtime="22.525" type="s" adjacency="4a" original-type="s" channel="c2" participant="me013">
      <nite:child href="Bmr029.C.words.xml#id(Bmr029.w.54)..id(Bmr029.w.69)"/>
   </dialogueact>
   <dialogueact nite:id="Bmr029.C.dialogueact7" starttime="22.525" endtime="24.625" type="s.%-" original-type="s.%-" channel="c2" participant="me013">
      <nite:child href="Bmr029.C.words.xml#id(Bmr029.w.70)..id(Bmr029.disfmarker.7)"/>
   </dialogueact>
   <dialogueact nite:id="Bmr029.C.dialogueact12" starttime="33.98" endtime="35.48" type="fg" original-type="fg" channel="c2" participant="me013">
      <nite:child href="Bmr029.C.words.xml#id(Bmr029.w.108)..id(Bmr029.disfmarker.10)"/>
   </dialogueact>
   <dialogueact nite:id="Bmr029.C.dialogueact14" starttime="37.575" endtime="45.461" type="s^aa|s" adjacency="5b" original-type="s^aa|s" channel="c2" participant="me013">
      <nite:child href="Bmr029.C.words.xml#id(Bmr029.w.125)..id(Bmr029.w.150)"/>
   </dialogueact>
   <dialogueact nite:id="Bmr029.C.dialogueact16" starttime="45.961" endtime="48.201" type="s" original-type="s" channel="c2" participant="me013">
      <nite:child href="Bmr029.C.words.xml#id(Bmr029.w.155)..id(Bmr029.w.166)"/>
   </dialogueact>
   <dialogueact nite:id="Bmr029.C.dialogueact17" starttime="48.857" endtime="59.008" type="s" original-type="s" channel="c2" participant="me013">
      <nite:child href="Bmr029.C.words.xml#id(Bmr029.w.167)..id(Bmr029.w.196)"/>
   </dialogueact>
   <dialogueact nite:id="Bmr029.C.dialogueact19" starttime="59.96" endtime="61.95" type="s" original-type="s" channel="c2" participant="me013">
      <nite:child href="Bmr029.C.words.xml#id(Bmr029.w.201)..id(Bmr029.w.209)"/>
   </dialogueact>
   <dialogueact nite:id="Bmr029.C.dialogueact20" starttime="62.01" endtime="67.593" type="s.%--" original-type="s.%--" channel="c2" participant="me013">
      <nite:child href="Bmr029.C.words.xml#id(Bmr029.w.210)..id(Bmr029.disfmarker.16)"/>
   </dialogueact>
   <dialogueact nite:id="Bmr029.C.dialogueact21" starttime="67.593" endtime="69.93" type="s" original-type="s" channel="c2" participant="me013">
      <nite:child href="Bmr029.C.words.xml#id(Bmr029.w.228)..id(Bmr029.w.236)"/>
   </dialogueact>
   <dialogueact nite:id="Bmr029.C.dialogueact22" starttime="69.93" endtime="75.03" type="s.%--" original-type="s.%--" channel="c2" participant="me013">
      <nite:child href="Bmr029.C.words.xml#id(Bmr029.w.237)..id(Bmr029.disfmarker.18)"/>
   </dialogueact>
   <dialogueact nite:id="Bmr029.C.dialogueact23" starttime="75.19" endtime="79.25" type="s" adjacency="6a" original-type="s" channel="c2" participant="me013">
      <nite:child href="Bmr029.C.words.xml#id(Bmr029.w.254)..id(Bmr029.w.278)"/>
   </dialogueact>
   <dialogueact nite:id="Bmr029.C.dialogueact24" starttime="79.969" endtime="80.949" type="s^e" original-type="s^e" channel="c2" participant="me013">
      <nite:child href="Bmr029.C.words.xml#id(Bmr029.w.279)..id(Bmr029.w.283)"/>
   </dialogueact>
   <dialogueact nite:id="Bmr029.C.dialogueact26" starttime="80.949" endtime="81.259" type="s^aa" adjacency="7b.8a" original-type="s^aa" channel="c2" participant="me013">
      <nite:child href="Bmr029.C.words.xml#id(Bmr029.w.284)..id(Bmr029.w.285)"/>
   </dialogueact>
   <dialogueact nite:id="Bmr029.C.dialogueact37" starttime="101.089" endtime="107.419" type="fg|qw" adjacency="10a" original-type="fg|qw" channel="c2" participant="me013">
      <nite:child href="Bmr029.C.words.xml#id(Bmr029.w.336)..id(Bmr029.w.357)"/>
   </dialogueact>
   <dialogueact nite:id="Bmr029.C.dialogueact40" starttime="113.56" endtime="113.7" type="s^aa" adjacency="11b-1" original-type="s^aa" channel="c2" participant="me013">
      <nite:child href="Bmr029.C.words.xml#id(Bmr029.w.374)..id(Bmr029.w.375)"/>
   </dialogueact>
   <dialogueact nite:id="Bmr029.C.dialogueact41" starttime="115.885" endtime="118.185" type="s" adjacency="11b-2" original-type="s" channel="c2" participant="me013">
      <nite:child href="Bmr029.C.words.xml#id(Bmr029.w.376)..id(Bmr029.w.390)"/>
   </dialogueact>
   <dialogueact nite:id="Bmr029.C.dialogueact42" starttime="119.446" endtime="125.397" type="qy^bu^d^rt" adjacency="12a" original-type="qy^bu^d^rt" channel="c2" participant="me013">
      <nite:child href="Bmr029.C.words.xml#id(Bmr029.w.391)..id(Bmr029.w.408)"/>
   </dialogueact>
   <dialogueact nite:id="Bmr029.C.dialogueact47" starttime="142.203" endtime="143.083" type="qw.%--" adjacency="13b" original-type="qw.%--" channel="c2" participant="me013">
      <nite:child href="Bmr029.C.words.xml#id(Bmr029.w.444)..id(Bmr029.w.452)"/>
   </dialogueact>
   <dialogueact nite:id="Bmr029.C.dialogueact48" starttime="143.083" endtime="146.093" comment="FBH" type="s" original-type="s" channel="c2" participant="me013">
      <nite:child href="Bmr029.C.words.xml#id(Bmr029.w.453)..id(Bmr029.w.468)"/>
   </dialogueact>
   <dialogueact nite:id="Bmr029.C.dialogueact51" starttime="147.03" endtime="147.39" type="s^bk" original-type="s^bk" channel="c2" participant="me013">
      <nite:child href="Bmr029.C.words.xml#id(Bmr029.w.476)..id(Bmr029.w.478)"/>
   </dialogueact>
   <dialogueact nite:id="Bmr029.C.dialogueact52" starttime="148.65" endtime="150.64" type="fg|s" original-type="fg|s" channel="c2" participant="me013">
      <nite:child href="Bmr029.C.words.xml#id(Bmr029.w.479)..id(Bmr029.w.492)"/>
   </dialogueact>
   <dialogueact nite:id="Bmr029.C.dialogueact53" starttime="151.0" endtime="151.13" type="fh" original-type="fh" channel="c2" participant="me013">
      <nite:child href="Bmr029.C.words.xml#id(Bmr029.w.493)..id(Bmr029.disfmarker.32)"/>
   </dialogueact>
   <dialogueact nite:id="Bmr029.C.dialogueact54" starttime="152.02" endtime="154.41" type="qw.%-" original-type="qw.%-" channel="c2" participant="me013">
      <nite:child href="Bmr029.C.words.xml#id(Bmr029.w.494)..id(Bmr029.w.507)"/>
   </dialogueact>
   <dialogueact nite:id="Bmr029.C.dialogueact59" starttime="168.973" endtime="170.473" type="s.%--" adjacency="14b" original-type="s.%--" channel="c2" participant="me013">
      <nite:child href="Bmr029.C.words.xml#id(Bmr029.w.542)..id(Bmr029.disfmarker.37)"/>
   </dialogueact>
   <dialogueact nite:id="Bmr029.C.dialogueact61" starttime="171.465" endtime="173.265" type="s" original-type="s" channel="c2" participant="me013">
      <nite:child href="Bmr029.C.words.xml#id(Bmr029.w.551)..id(Bmr029.w.561)"/>
   </dialogueact>
   <dialogueact nite:id="Bmr029.C.dialogueact62" starttime="174.868" endtime="176.7" type="fh" original-type="fh" channel="c2" participant="me013">
      <nite:child href="Bmr029.C.words.xml#id(Bmr029.w.562)..id(Bmr029.disfmarker.39)"/>
   </dialogueact>
   <dialogueact nite:id="Bmr029.C.dialogueact63" starttime="177.54" endtime="183.48" type="s" original-type="s" channel="c2" participant="me013">
      <nite:child href="Bmr029.C.words.xml#id(Bmr029.w.564)..id(Bmr029.w.585)"/>
   </dialogueact>
   <dialogueact nite:id="Bmr029.C.dialogueact65" starttime="186.664" endtime="187.074" type="s.%-" original-type="s.%-" channel="c2" participant="me013">
      <nite:child href="Bmr029.C.words.xml#id(Bmr029.w.588)..id(Bmr029.disfmarker.40)"/>
   </dialogueact>
   <dialogueact nite:id="Bmr029.C.dialogueact68" starttime="193.241" endtime="194.221" type="s^ar|s" adjacency="15b.16a" original-type="s^ar|s" channel="c2" participant="me013">
      <nite:child href="Bmr029.C.words.xml#id(Bmr029.w.607)..id(Bmr029.w.614)"/>
   </dialogueact>
   <dialogueact nite:id="Bmr029.C.dialogueact69" starttime="194.221" endtime="196.071" type="fg" original-type="fg" channel="c2" participant="me013">
      <nite:child href="Bmr029.C.words.xml#id(Bmr029.w.617)..id(Bmr029.disfmarker.47)"/>
   </dialogueact>
   <dialogueact nite:id="Bmr029.C.dialogueact71" starttime="197.06" endtime="197.49" type="fh" original-type="fh" channel="c2" participant="me013">
      <nite:child href="Bmr029.C.words.xml#id(Bmr029.w.622)..id(Bmr029.disfmarker.48)"/>
   </dialogueact>
   <dialogueact nite:id="Bmr029.C.dialogueact72" starttime="198.2" endtime="203.35" type="s" original-type="s" channel="c2" participant="me013">
      <nite:child href="Bmr029.C.words.xml#id(Bmr029.w.623)..id(Bmr029.w.640)"/>
   </dialogueact>
   <dialogueact nite:id="Bmr029.C.dialogueact75" starttime="203.71" endtime="207.41" type="s" original-type="s" channel="c2" participant="me013">
      <nite:child href="Bmr029.C.words.xml#id(Bmr029.w.644)..id(Bmr029.w.660)"/>
   </dialogueact>
   <dialogueact nite:id="Bmr029.C.dialogueact76" starttime="207.904" endtime="212.821" type="s" original-type="s" channel="c2" participant="me013">
      <nite:child href="Bmr029.C.words.xml#id(Bmr029.w.661)..id(Bmr029.w.680)"/>
   </dialogueact>
   <dialogueact nite:id="Bmr029.C.dialogueact77" starttime="213.86" endtime="215.76" type="fh" original-type="fh" channel="c2" participant="me013">
      <nite:child href="Bmr029.C.words.xml#id(Bmr029.w.681)..id(Bmr029.disfmarker.52)"/>
   </dialogueact>
   <dialogueact nite:id="Bmr029.C.dialogueact78" starttime="216.84" endtime="218.63" type="s.%--" original-type="s.%--" channel="c2" participant="me013">
      <nite:child href="Bmr029.C.words.xml#id(Bmr029.w.686)..id(Bmr029.disfmarker.53)"/>
   </dialogueact>
   <dialogueact nite:id="Bmr029.C.dialogueact79" starttime="219.13" endtime="225.93" type="s" original-type="s" channel="c2" participant="me013">
      <nite:child href="Bmr029.C.words.xml#id(Bmr029.w.693)..id(Bmr029.w.717)"/>
   </dialogueact>
   <dialogueact nite:id="Bmr029.C.dialogueact82" starttime="226.872" endtime="228.772" type="s^cs" original-type="s^cs" channel="c2" participant="me013">
      <nite:child href="Bmr029.C.words.xml#id(Bmr029.w.722)..id(Bmr029.w.734)"/>
   </dialogueact>
   <dialogueact nite:id="Bmr029.C.dialogueact83" starttime="228.862" endtime="231.502" type="s.%--" original-type="s.%--" channel="c2" participant="me013">
      <nite:child href="Bmr029.C.words.xml#id(Bmr029.w.735)..id(Bmr029.disfmarker.56)"/>
   </dialogueact>
   <dialogueact nite:id="Bmr029.C.dialogueact84" starttime="232.82" endtime="234.14" type="fh" original-type="fh" channel="c2" participant="me013">
      <nite:child href="Bmr029.C.words.xml#id(Bmr029.w.744)..id(Bmr029.w.748)"/>
   </dialogueact>
   <dialogueact nite:id="Bmr029.C.dialogueact85" starttime="234.83" endtime="236.57" type="s^cs.%--" original-type="s^cs.%--" channel="c2" participant="me013">
      <nite:child href="Bmr029.C.words.xml#id(Bmr029.w.749)..id(Bmr029.disfmarker.57)"/>
   </dialogueact>
   <dialogueact nite:id="Bmr029.C.dialogueact86" starttime="236.57" endtime="238.12" type="s" original-type="s" channel="c2" participant="me013">
      <nite:child href="Bmr029.C.words.xml#id(Bmr029.w.758)..id(Bmr029.w.769)"/>
   </dialogueact>
   <dialogueact nite:id="Bmr029.C.dialogueact87" starttime="238.12" endtime="238.45" type="qy^d^f^g^rt" original-type="qy^d^f^g^rt" channel="c2" participant="me013">
      <nite:child href="Bmr029.C.words.xml#id(Bmr029.w.770)..id(Bmr029.w.771)"/>
   </dialogueact>
   <dialogueact nite:id="Bmr029.C.dialogueact88" starttime="238.62" endtime="240.99" type="s^e" original-type="s^e" channel="c2" participant="me013">
      <nite:child href="Bmr029.C.words.xml#id(Bmr029.w.772)..id(Bmr029.w.780)"/>
   </dialogueact>
   <dialogueact nite:id="Bmr029.C.dialogueact90" starttime="241.05" endtime="242.23" type="s.%--" original-type="s.%--" channel="c2" participant="me013">
      <nite:child href="Bmr029.C.words.xml#id(Bmr029.w.781)..id(Bmr029.w.788)"/>
   </dialogueact>
   <dialogueact nite:id="Bmr029.C.dialogueact92" starttime="242.915" endtime="245.085" type="s^ba" original-type="s^ba" channel="c2" participant="me013">
      <nite:child href="Bmr029.C.words.xml#id(Bmr029.w.795)..id(Bmr029.w.805)"/>
   </dialogueact>
   <dialogueact nite:id="Bmr029.C.dialogueact93" starttime="245.91" endtime="247.56" type="fh" original-type="fh" channel="c2" participant="me013">
      <nite:child href="Bmr029.C.words.xml#id(Bmr029.w.806)..id(Bmr029.w.810)"/>
   </dialogueact>
   <dialogueact nite:id="Bmr029.C.dialogueact94" starttime="250.42" endtime="250.68" type="%--" original-type="%--" channel="c2" participant="me013">
      <nite:child href="Bmr029.C.words.xml#id(Bmr029.w.811)..id(Bmr029.disfmarker.59)"/>
   </dialogueact>
   <dialogueact nite:id="Bmr029.C.dialogueact95" starttime="251.31" endtime="255.316" type="s.%--" original-type="s.%--" channel="c2" participant="me013">
      <nite:child href="Bmr029.C.words.xml#id(Bmr029.w.812)..id(Bmr029.w.829)"/>
   </dialogueact>
   <dialogueact nite:id="Bmr029.C.dialogueact96" starttime="255.316" endtime="256.48" type="fh" original-type="fh" channel="c2" participant="me013">
      <nite:child href="Bmr029.C.words.xml#id(Bmr029.w.830)..id(Bmr029.disfmarker.62)"/>
   </dialogueact>
   <dialogueact nite:id="Bmr029.C.dialogueact97" starttime="258.04" endtime="260.376" type="fh|qw.%-" original-type="fh|qw.%-" channel="c2" participant="me013">
      <nite:child href="Bmr029.C.words.xml#id(Bmr029.w.832)..id(Bmr029.w.838)"/>
   </dialogueact>
   <dialogueact nite:id="Bmr029.C.dialogueact101" starttime="273.8" endtime="274.11" type="b" original-type="b" channel="c2" participant="me013">
      <nite:child href="Bmr029.C.words.xml#id(Bmr029.w.872)..id(Bmr029.w.873)"/>
   </dialogueact>
   <dialogueact nite:id="Bmr029.C.dialogueact103" starttime="279.412" endtime="282.962" type="s^aap|s^ng" adjacency="17b" original-type="s^aap|s^ng" channel="c2" participant="me013">
      <nite:child href="Bmr029.C.words.xml#id(Bmr029.w.888)..id(Bmr029.w.906)"/>
   </dialogueact>
   <dialogueact nite:id="Bmr029.C.dialogueact104" starttime="282.962" endtime="285.992" type="s" adjacency="18a" original-type="s" channel="c2" participant="me013">
      <nite:child href="Bmr029.C.words.xml#id(Bmr029.w.907)..id(Bmr029.w.928)"/>
   </dialogueact>
   <dialogueact nite:id="Bmr029.C.dialogueact106" starttime="286.497" endtime="289.337" type="qw" adjacency="19a" original-type="qw" channel="c2" participant="me013">
      <nite:child href="Bmr029.C.words.xml#id(Bmr029.w.929)..id(Bmr029.w.939)"/>
   </dialogueact>
   <dialogueact nite:id="Bmr029.C.dialogueact107" starttime="291.836" endtime="292.246" type="qy" adjacency="19a+" original-type="qy" channel="c2" participant="me013">
      <nite:child href="Bmr029.C.words.xml#id(Bmr029.w.940)..id(Bmr029.w.943)"/>
   </dialogueact>
   <dialogueact nite:id="Bmr029.C.dialogueact112" starttime="314.301" endtime="314.841" type="s" adjacency="20b.21a" original-type="s" channel="c2" participant="me013">
      <nite:child href="Bmr029.C.words.xml#id(Bmr029.w.973)..id(Bmr029.w.977)"/>
   </dialogueact>
   <dialogueact nite:id="Bmr029.C.dialogueact113" starttime="315.22" endtime="317.44" type="qy^bu^d^rt" adjacency="22a" original-type="qy^bu^d^rt" channel="c2" participant="me013">
      <nite:child href="Bmr029.C.words.xml#id(Bmr029.w.981)..id(Bmr029.w.991)"/>
   </dialogueact>
   <dialogueact nite:id="Bmr029.C.dialogueact115" starttime="317.44" endtime="317.66" type="qrr^g.%--" adjacency="22a+" original-type="qrr^g.%--" channel="c2" participant="me013">
      <nite:child href="Bmr029.C.words.xml#id(Bmr029.w.992)..id(Bmr029.w.993)"/>
   </dialogueact>
   <dialogueact nite:id="Bmr029.C.dialogueact117" starttime="319.009" endtime="320.359" type="qrr" adjacency="23b.24a" original-type="qrr" channel="c2" participant="me013">
      <nite:child href="Bmr029.C.words.xml#id(Bmr029.w.994)..id(Bmr029.w.1,001)"/>
   </dialogueact>
   <dialogueact nite:id="Bmr029.C.dialogueact123" starttime="328.117" endtime="328.477" type="s^bk" adjacency="25b" original-type="s^bk" channel="c2" participant="me013">
      <nite:child href="Bmr029.C.words.xml#id(Bmr029.w.1,057)..id(Bmr029.w.1,058)"/>
   </dialogueact>
   <dialogueact nite:id="Bmr029.C.dialogueact130" starttime="339.344" endtime="339.644" type="s^bk" adjacency="28b" original-type="s^bk" channel="c2" participant="me013">
      <nite:child href="Bmr029.C.words.xml#id(Bmr029.w.1,095)..id(Bmr029.w.1,096)"/>
   </dialogueact>
   <dialogueact nite:id="Bmr029.C.dialogueact131" starttime="342.004" endtime="342.374" type="fg" original-type="fg" channel="c2" participant="me013">
      <nite:child href="Bmr029.C.words.xml#id(Bmr029.w.1,097)..id(Bmr029.disfmarker.83)"/>
   </dialogueact>
   <dialogueact nite:id="Bmr029.C.dialogueact132" starttime="343.062" endtime="348.532" type="s" original-type="s" channel="c2" participant="me013">
      <nite:child href="Bmr029.C.words.xml#id(Bmr029.w.1,098)..id(Bmr029.w.1,122)"/>
   </dialogueact>
   <dialogueact nite:id="Bmr029.C.dialogueact133" starttime="348.672" endtime="350.042" type="fh|s" original-type="fh|s" channel="c2" participant="me013">
      <nite:child href="Bmr029.C.words.xml#id(Bmr029.w.1,123)..id(Bmr029.w.1,130)"/>
   </dialogueact>
   <dialogueact nite:id="Bmr029.C.dialogueact134" starttime="350.042" endtime="350.412" type="s" original-type="s" channel="c2" participant="me013">
      <nite:child href="Bmr029.C.words.xml#id(Bmr029.w.1,131)..id(Bmr029.w.1,134)"/>
   </dialogueact>
   <dialogueact nite:id="Bmr029.C.dialogueact135" starttime="350.412" endtime="354.071" type="s" original-type="s" channel="c2" participant="me013">
      <nite:child href="Bmr029.C.words.xml#id(Bmr029.w.1,135)..id(Bmr029.w.1,152)"/>
   </dialogueact>
   <dialogueact nite:id="Bmr029.C.dialogueact137" starttime="354.071" endtime="358.961" type="s^rt" original-type="s^rt" channel="c2" participant="me013">
      <nite:child href="Bmr029.C.words.xml#id(Bmr029.w.1,153)..id(Bmr029.w.1,172)"/>
   </dialogueact>
   <dialogueact nite:id="Bmr029.C.dialogueact138" starttime="359.9" endtime="367.205" type="s" original-type="s" channel="c2" participant="me013">
      <nite:child href="Bmr029.C.words.xml#id(Bmr029.w.1,173)..id(Bmr029.w.1,198)"/>
   </dialogueact>
   <dialogueact nite:id="Bmr029.C.dialogueact140" starttime="367.719" endtime="368.369" type="s" original-type="s" channel="c2" participant="me013">
      <nite:child href="Bmr029.C.words.xml#id(Bmr029.w.1,199)..id(Bmr029.w.1,201)"/>
   </dialogueact>
   <dialogueact nite:id="Bmr029.C.dialogueact142" starttime="368.509" endtime="368.849" type="fh" original-type="fh" channel="c2" participant="me013">
      <nite:child href="Bmr029.C.words.xml#id(Bmr029.w.1,202)..id(Bmr029.disfmarker.88)"/>
   </dialogueact>
   <dialogueact nite:id="Bmr029.C.dialogueact143" starttime="369.75" endtime="373.629" type="s" adjacency="29a" original-type="s" channel="c2" participant="me013">
      <nite:child href="Bmr029.C.words.xml#id(Bmr029.w.1,205)..id(Bmr029.w.1,223)"/>
   </dialogueact>
   <dialogueact nite:id="Bmr029.C.dialogueact146" starttime="377.97" endtime="378.18" type="b" original-type="b" channel="c2" participant="me013">
      <nite:child href="Bmr029.C.words.xml#id(Bmr029.w.1,242)..id(Bmr029.w.1,243)"/>
   </dialogueact>
   <dialogueact nite:id="Bmr029.C.dialogueact150" starttime="385.967" endtime="386.207" type="b" original-type="b" channel="c2" participant="me013">
      <nite:child href="Bmr029.C.words.xml#id(Bmr029.w.1,272)..id(Bmr029.w.1,273)"/>
   </dialogueact>
   <dialogueact nite:id="Bmr029.C.dialogueact153" starttime="388.556" endtime="389.726" type="fg|s" original-type="fg|s" channel="c2" participant="me013">
      <nite:child href="Bmr029.C.words.xml#id(Bmr029.w.1,280)..id(Bmr029.w.1,294)"/>
   </dialogueact>
   <dialogueact nite:id="Bmr029.C.dialogueact154" starttime="389.726" endtime="390.526" type="s.%--" original-type="s.%--" channel="c2" participant="me013">
      <nite:child href="Bmr029.C.words.xml#id(Bmr029.w.1,295)..id(Bmr029.w.1,299)"/>
   </dialogueact>
   <dialogueact nite:id="Bmr029.C.dialogueact155" starttime="390.526" endtime="391.796" type="s" original-type="s" channel="c2" participant="me013">
      <nite:child href="Bmr029.C.words.xml#id(Bmr029.w.1,300)..id(Bmr029.w.1,307)"/>
   </dialogueact>
   <dialogueact nite:id="Bmr029.C.dialogueact156" starttime="391.796" endtime="397.896" type="s" original-type="s" channel="c2" participant="me013">
      <nite:child href="Bmr029.C.words.xml#id(Bmr029.w.1,308)..id(Bmr029.w.1,337)"/>
   </dialogueact>
   <dialogueact nite:id="Bmr029.C.dialogueact157" starttime="398.68" endtime="399.35" type="fh" original-type="fh" channel="c2" participant="me013">
      <nite:child href="Bmr029.C.words.xml#id(Bmr029.w.1,338)..id(Bmr029.disfmarker.94)"/>
   </dialogueact>
   <dialogueact nite:id="Bmr029.C.dialogueact158" starttime="399.86" endtime="402.27" type="s" original-type="s" channel="c2" participant="me013">
      <nite:child href="Bmr029.C.words.xml#id(Bmr029.w.1,339)..id(Bmr029.w.1,352)"/>
   </dialogueact>
   <dialogueact nite:id="Bmr029.C.dialogueact161" starttime="402.845" endtime="403.475" type="fh" original-type="fh" channel="c2" participant="me013">
      <nite:child href="Bmr029.C.words.xml#id(Bmr029.w.1,358)..id(Bmr029.disfmarker.95)"/>
   </dialogueact>
   <dialogueact nite:id="Bmr029.C.dialogueact175" starttime="424.763" endtime="425.173" type="s^aa" adjacency="33b" original-type="s^aa" channel="c2" participant="me013">
      <nite:child href="Bmr029.C.words.xml#id(Bmr029.w.1,473)..id(Bmr029.w.1,474)"/>
   </dialogueact>
   <dialogueact nite:id="Bmr029.C.dialogueact190" starttime="477.5" endtime="478.32" type="s^bk|s^ba" adjacency="35b-1" original-type="s^bk|s^ba" channel="c2" participant="me013">
      <nite:child href="Bmr029.C.words.xml#id(Bmr029.w.1,602)..id(Bmr029.w.1,610)"/>
   </dialogueact>
   <dialogueact nite:id="Bmr029.C.dialogueact194" starttime="486.911" endtime="487.581" type="s^bu" adjacency="36b.37a" original-type="s^bu" channel="c2" participant="me013">
      <nite:child href="Bmr029.C.words.xml#id(Bmr029.w.1,636)..id(Bmr029.w.1,640)"/>
   </dialogueact>
   <dialogueact nite:id="Bmr029.C.dialogueact198" starttime="489.152" endtime="489.372" type="b" original-type="b" channel="c2" participant="me013">
      <nite:child href="Bmr029.C.words.xml#id(Bmr029.w.1,652)..id(Bmr029.w.1,653)"/>
   </dialogueact>
   <dialogueact nite:id="Bmr029.C.dialogueact201" starttime="493.256" endtime="493.986" type="s^aap" adjacency="38b.39a" original-type="s^aap" channel="c2" participant="me013">
      <nite:child href="Bmr029.C.words.xml#id(Bmr029.w.1,659)..id(Bmr029.w.1,662)"/>
   </dialogueact>
   <dialogueact nite:id="Bmr029.C.dialogueact204" starttime="495.25" endtime="495.81" type="s^aa.%-" adjacency="40b-1" original-type="s^aa.%-" channel="c2" participant="me013">
      <nite:child href="Bmr029.C.words.xml#id(Bmr029.w.1,672)..id(Bmr029.w.1,674)"/>
   </dialogueact>
   <dialogueact nite:id="Bmr029.C.dialogueact209" starttime="501.001" endtime="501.241" type="s^aa" adjacency="41b" original-type="s^aa" channel="c2" participant="me013">
      <nite:child href="Bmr029.C.words.xml#id(Bmr029.w.1,705)..id(Bmr029.w.1,706)"/>
   </dialogueact>
   <dialogueact nite:id="Bmr029.C.dialogueact211" starttime="503.22" endtime="503.42" type="b" original-type="b" channel="c2" participant="me013">
      <nite:child href="Bmr029.C.words.xml#id(Bmr029.w.1,707)..id(Bmr029.w.1,708)"/>
   </dialogueact>
   <dialogueact nite:id="Bmr029.C.dialogueact212" starttime="505.548" endtime="510.718" type="fg|s.%--" original-type="fg|s.%--" channel="c2" participant="me013">
      <nite:child href="Bmr029.C.words.xml#id(Bmr029.w.1,709)..id(Bmr029.w.1,740)"/>
   </dialogueact>
   <dialogueact nite:id="Bmr029.C.dialogueact213" starttime="510.718" endtime="513.238" type="s" original-type="s" channel="c2" participant="me013">
      <nite:child href="Bmr029.C.words.xml#id(Bmr029.w.1,741)..id(Bmr029.w.1,760)"/>
   </dialogueact>
   <dialogueact nite:id="Bmr029.C.dialogueact215" starttime="513.462" endtime="518.323" type="s^cs" adjacency="42a" original-type="s^cs" channel="c2" participant="me013">
      <nite:child href="Bmr029.C.words.xml#id(Bmr029.w.1,765)..id(Bmr029.w.1,788)"/>
   </dialogueact>
   <dialogueact nite:id="Bmr029.C.dialogueact218" starttime="518.323" endtime="520.25" type="fh" original-type="fh" channel="c2" participant="me013">
      <nite:child href="Bmr029.C.words.xml#id(Bmr029.w.1,789)..id(Bmr029.w.1,793)"/>
   </dialogueact>
   <dialogueact nite:id="Bmr029.C.dialogueact219" starttime="520.25" endtime="521.93" type="s" original-type="s" channel="c2" participant="me013">
      <nite:child href="Bmr029.C.words.xml#id(Bmr029.w.1,794)..id(Bmr029.w.1,803)"/>
   </dialogueact>
   <dialogueact nite:id="Bmr029.C.dialogueact220" starttime="522.06" endtime="522.95" type="s^no.%--" original-type="s^no.%--" channel="c2" participant="me013">
      <nite:child href="Bmr029.C.words.xml#id(Bmr029.w.1,806)..id(Bmr029.disfmarker.122)"/>
   </dialogueact>
   <dialogueact nite:id="Bmr029.C.dialogueact221" starttime="523.07" endtime="526.4" type="s^cs" adjacency="43a" original-type="s^cs" channel="c2" participant="me013">
      <nite:child href="Bmr029.C.words.xml#id(Bmr029.w.1,812)..id(Bmr029.w.1,824)"/>
   </dialogueact>
   <dialogueact nite:id="Bmr029.C.dialogueact224" starttime="526.4" endtime="526.98" type="qy^rt" adjacency="43a+" original-type="qy^rt" channel="c2" participant="me013">
      <nite:child href="Bmr029.C.words.xml#id(Bmr029.w.1,825)..id(Bmr029.w.1,829)"/>
   </dialogueact>
   <dialogueact nite:id="Bmr029.C.dialogueact228" starttime="528.604" endtime="529.374" type="s.%-" original-type="s.%-" channel="c2" participant="me013">
      <nite:child href="Bmr029.C.words.xml#id(Bmr029.w.1,852)..id(Bmr029.w.1,856)"/>
   </dialogueact>
   <dialogueact nite:id="Bmr029.C.dialogueact229" starttime="529.534" endtime="530.024" type="qy^bu^d^rt" adjacency="44b.45a" original-type="qy^bu^d^rt" channel="c2" participant="me013">
      <nite:child href="Bmr029.C.words.xml#id(Bmr029.w.1,857)..id(Bmr029.w.1,860)"/>
   </dialogueact>
   <dialogueact nite:id="Bmr029.C.dialogueact230" starttime="530.024" endtime="530.954" type="qw^rt" adjacency="46b.47a" original-type="qw^rt" channel="c2" participant="me013">
      <nite:child href="Bmr029.C.words.xml#id(Bmr029.w.1,861)..id(Bmr029.w.1,865)"/>
   </dialogueact>
   <dialogueact nite:id="Bmr029.C.dialogueact233" starttime="534.003" endtime="534.203" type="s^bk" adjacency="48b" original-type="s^bk" channel="c2" participant="me013">
      <nite:child href="Bmr029.C.words.xml#id(Bmr029.w.1,879)..id(Bmr029.w.1,880)"/>
   </dialogueact>
   <dialogueact nite:id="Bmr029.C.dialogueact234" starttime="537.276" endtime="537.656" type="s^ft.%--" adjacency="48b+" original-type="s^ft.%--" channel="c2" participant="me013">
      <nite:child href="Bmr029.C.words.xml#id(Bmr029.w.1,881)..id(Bmr029.w.1,882)"/>
   </dialogueact>
   <dialogueact nite:id="Bmr029.C.dialogueact235" starttime="540.016" endtime="540.646" type="fg" original-type="fg" channel="c2" participant="me013">
      <nite:child href="Bmr029.C.words.xml#id(Bmr029.w.1,883)..id(Bmr029.disfmarker.128)"/>
   </dialogueact>
   <dialogueact nite:id="Bmr029.C.dialogueact236" starttime="541.978" endtime="542.768" type="s" original-type="s" channel="c2" participant="me013">
      <nite:child href="Bmr029.C.words.xml#id(Bmr029.w.1,888)..id(Bmr029.w.1,896)"/>
   </dialogueact>
   <dialogueact nite:id="Bmr029.C.dialogueact237" starttime="542.828" endtime="543.268" type="fh" original-type="fh" channel="c2" participant="me013">
      <nite:child href="Bmr029.C.words.xml#id(Bmr029.w.1,897)..id(Bmr029.w.1,900)"/>
   </dialogueact>
   <dialogueact nite:id="Bmr029.C.dialogueact238" starttime="545.25" endtime="545.61" type="fh" original-type="fh" channel="c2" participant="me013">
      <nite:child href="Bmr029.C.words.xml#id(Bmr029.w.1,901)..id(Bmr029.disfmarker.129)"/>
   </dialogueact>
   <dialogueact nite:id="Bmr029.C.dialogueact248" starttime="572.172" endtime="572.282" type="b" original-type="b" channel="c2" participant="me013">
      <nite:child href="Bmr029.C.words.xml#id(Bmr029.w.1,988)..id(Bmr029.w.1,991)"/>
   </dialogueact>
   <dialogueact nite:id="Bmr029.C.dialogueact249" starttime="573.385" endtime="573.595" type="s^aa" adjacency="49b" original-type="s^aa" channel="c2" participant="me013">
      <nite:child href="Bmr029.C.words.xml#id(Bmr029.w.1,992)..id(Bmr029.w.1,993)"/>
   </dialogueact>
   <dialogueact nite:id="Bmr029.C.dialogueact259" starttime="591.494" endtime="592.785" type="h|s^am" adjacency="52b" original-type="h|s^am" channel="c2" participant="me013">
      <nite:child href="Bmr029.C.words.xml#id(Bmr029.w.2,070)..id(Bmr029.w.2,072)"/>
   </dialogueact>
   <dialogueact nite:id="Bmr029.C.dialogueact260" starttime="592.785" endtime="595.45" type="qw" adjacency="53a" original-type="qw" channel="c2" participant="me013">
      <nite:child href="Bmr029.C.words.xml#id(Bmr029.w.2,073)..id(Bmr029.w.2,108)"/>
   </dialogueact>
   <dialogueact nite:id="Bmr029.C.dialogueact273" starttime="628.74" endtime="629.07" type="b" original-type="b" channel="c2" participant="me013">
      <nite:child href="Bmr029.C.words.xml#id(Bmr029.w.2,220)..id(Bmr029.w.2,221)"/>
   </dialogueact>
   <dialogueact nite:id="Bmr029.C.dialogueact276" starttime="636.571" endtime="640.923" type="qw" adjacency="1a" original-type="qw" channel="c2" participant="me013">
      <nite:child href="Bmr029.C.words.xml#id(Bmr029.w.2,246)..id(Bmr029.w.2,263)"/>
   </dialogueact>
   <dialogueact nite:id="Bmr029.C.dialogueact278" starttime="640.923" endtime="642.673" type="qy^e^rt" adjacency="1a+" original-type="qy^e^rt" channel="c2" participant="me013">
      <nite:child href="Bmr029.C.words.xml#id(Bmr029.w.2,264)..id(Bmr029.w.2,270)"/>
   </dialogueact>
   <dialogueact nite:id="Bmr029.C.dialogueact303" starttime="695.6" endtime="696.25" type="s.%-" original-type="s.%-" channel="c2" participant="me013">
      <nite:child href="Bmr029.C.words.xml#id(Bmr029.w.2,462)..id(Bmr029.disfmarker.162)"/>
   </dialogueact>
   <dialogueact nite:id="Bmr029.C.dialogueact314" starttime="718.516" endtime="722.556" type="fg|s" adjacency="12a" original-type="fg|s" channel="c2" participant="me013">
      <nite:child href="Bmr029.C.words.xml#id(Bmr029.w.2,523)..id(Bmr029.w.2,545)"/>
   </dialogueact>
   <dialogueact nite:id="Bmr029.C.dialogueact315" starttime="722.946" endtime="724.226" type="s" adjacency="12a+" original-type="s" channel="c2" participant="me013">
      <nite:child href="Bmr029.C.words.xml#id(Bmr029.w.2,546)..id(Bmr029.w.2,552)"/>
   </dialogueact>
   <dialogueact nite:id="Bmr029.C.dialogueact317" starttime="724.876" endtime="724.996" type="%--" original-type="%--" channel="c2" participant="me013">
      <nite:child href="Bmr029.C.words.xml#id(Bmr029.w.2,555)"/>
   </dialogueact>
   <dialogueact nite:id="Bmr029.C.dialogueact318" starttime="727.991" endtime="728.281" type="b" original-type="b" channel="c2" participant="me013">
      <nite:child href="Bmr029.C.words.xml#id(Bmr029.w.2,577)..id(Bmr029.w.2,578)"/>
   </dialogueact>
   <dialogueact nite:id="Bmr029.C.dialogueact319" starttime="729.474" endtime="729.624" type="b" original-type="b" channel="c2" participant="me013">
      <nite:child href="Bmr029.C.words.xml#id(Bmr029.w.2,579)..id(Bmr029.w.2,580)"/>
   </dialogueact>
   <dialogueact nite:id="Bmr029.C.dialogueact320" starttime="729.624" endtime="732.364" type="s^ba^bu" adjacency="13a" original-type="s^ba^bu" channel="c2" participant="me013">
      <nite:child href="Bmr029.C.words.xml#id(Bmr029.w.2,581)..id(Bmr029.w.2,597)"/>
   </dialogueact>
   <dialogueact nite:id="Bmr029.C.dialogueact321" starttime="732.364" endtime="732.664" type="qy^d^g^rt" adjacency="13a+" original-type="qy^d^g^rt" channel="c2" participant="me013">
      <nite:child href="Bmr029.C.words.xml#id(Bmr029.w.2,598)..id(Bmr029.w.2,599)"/>
   </dialogueact>
   <dialogueact nite:id="Bmr029.C.dialogueact325" starttime="739.16" endtime="739.38" type="qy^d^f^g" original-type="qy^d^f^g" channel="c2" participant="me013">
      <nite:child href="Bmr029.C.words.xml#id(Bmr029.w.2,613)..id(Bmr029.w.2,615)"/>
   </dialogueact>
   <dialogueact nite:id="Bmr029.C.dialogueact326" starttime="740.899" endtime="741.329" type="qy^d^f^g" original-type="qy^d^f^g" channel="c2" participant="me013">
      <nite:child href="Bmr029.C.words.xml#id(Bmr029.w.2,616)..id(Bmr029.w.2,617)"/>
   </dialogueact>
   <dialogueact nite:id="Bmr029.C.dialogueact327" starttime="741.329" endtime="743.769" type="s.%-" original-type="s.%-" channel="c2" participant="me013">
      <nite:child href="Bmr029.C.words.xml#id(Bmr029.w.2,618)..id(Bmr029.disfmarker.171)"/>
   </dialogueact>
   <dialogueact nite:id="Bmr029.C.dialogueact331" starttime="751.385" endtime="752.205" type="qy^bu^d^m^rt" adjacency="14b.15a" original-type="qy^bu^d^m^rt" channel="c2" participant="me013">
      <nite:child href="Bmr029.C.words.xml#id(Bmr029.w.2,661)..id(Bmr029.w.2,666)"/>
   </dialogueact>
   <dialogueact nite:id="Bmr029.C.dialogueact338" starttime="756.784" endtime="757.534" type="s^ba" adjacency="18b-2" original-type="s^ba" channel="c2" participant="me013">
      <nite:child href="Bmr029.C.words.xml#id(Bmr029.w.2,695)..id(Bmr029.w.2,701)"/>
   </dialogueact>
   <dialogueact nite:id="Bmr029.C.dialogueact339" starttime="757.694" endtime="758.454" type="s.%--" original-type="s.%--" channel="c2" participant="me013">
      <nite:child href="Bmr029.C.words.xml#id(Bmr029.w.2,702)..id(Bmr029.w.2,707)"/>
   </dialogueact>
   <dialogueact nite:id="Bmr029.C.dialogueact340" starttime="758.814" endtime="760.164" type="s.%--" original-type="s.%--" channel="c2" participant="me013">
      <nite:child href="Bmr029.C.words.xml#id(Bmr029.w.2,708)..id(Bmr029.w.2,719)"/>
   </dialogueact>
   <dialogueact nite:id="Bmr029.C.dialogueact341" starttime="760.164" endtime="760.824" type="%--" original-type="%--" channel="c2" participant="me013">
      <nite:child href="Bmr029.C.words.xml#id(Bmr029.w.2,720)..id(Bmr029.disfmarker.176)"/>
   </dialogueact>
   <dialogueact nite:id="Bmr029.C.dialogueact342" starttime="761.197" endtime="765.307" type="qy^rt" adjacency="19a" original-type="qy^rt" channel="c2" participant="me013">
      <nite:child href="Bmr029.C.words.xml#id(Bmr029.w.2,726)..id(Bmr029.w.2,738)"/>
   </dialogueact>
   <dialogueact nite:id="Bmr029.C.dialogueact343" starttime="765.307" endtime="765.757" type="qrr.%--" adjacency="19a+" original-type="qrr.%--" channel="c2" participant="me013">
      <nite:child href="Bmr029.C.words.xml#id(Bmr029.w.2,739)..id(Bmr029.w.2,742)"/>
   </dialogueact>
   <dialogueact nite:id="Bmr029.C.dialogueact347" starttime="775.259" endtime="775.509" type="b" original-type="b" channel="c2" participant="me013">
      <nite:child href="Bmr029.C.words.xml#id(Bmr029.w.2,766)..id(Bmr029.w.2,767)"/>
   </dialogueact>
   <dialogueact nite:id="Bmr029.C.dialogueact351" starttime="788.51" endtime="789.6" type="s^2" adjacency="20b.21a" original-type="s^2" channel="c2" participant="me013">
      <nite:child href="Bmr029.C.words.xml#id(Bmr029.w.2,808)..id(Bmr029.w.2,812)"/>
   </dialogueact>
   <dialogueact nite:id="Bmr029.C.dialogueact353" starttime="789.6" endtime="789.84" type="b" original-type="b" channel="c2" participant="me013">
      <nite:child href="Bmr029.C.words.xml#id(Bmr029.w.2,813)..id(Bmr029.w.2,814)"/>
   </dialogueact>
   <dialogueact nite:id="Bmr029.C.dialogueact354" starttime="790.124" endtime="795.786" type="s^cs^rt" original-type="s^cs^rt" channel="c2" participant="me013">
      <nite:child href="Bmr029.C.words.xml#id(Bmr029.w.2,817)..id(Bmr029.w.2,854)"/>
   </dialogueact>
   <dialogueact nite:id="Bmr029.C.dialogueact358" starttime="800.99" endtime="803.08" type="s^aa|s^cs^na" adjacency="22b.23a" original-type="s^aa|s^cs^na" channel="c2" participant="me013">
      <nite:child href="Bmr029.C.words.xml#id(Bmr029.w.2,865)..id(Bmr029.w.2,876)"/>
   </dialogueact>
   <dialogueact nite:id="Bmr029.C.dialogueact363" starttime="827.13" endtime="831.74" type="s^aa|s^aap" adjacency="24b.25a" original-type="s^aa|s^aap" channel="c2" participant="me013">
      <nite:child href="Bmr029.C.words.xml#id(Bmr029.w.2,952)..id(Bmr029.w.2,962)"/>
   </dialogueact>
   <dialogueact nite:id="Bmr029.C.dialogueact364" starttime="831.92" endtime="832.08" type="b" original-type="b" channel="c2" participant="me013">
      <nite:child href="Bmr029.C.words.xml#id(Bmr029.w.2,963)..id(Bmr029.w.2,964)"/>
   </dialogueact>
   <dialogueact nite:id="Bmr029.C.dialogueact370" starttime="848.333" endtime="851.713" type="h|s^ba" adjacency="26b" original-type="h|s^ba" channel="c2" participant="me013">
      <nite:child href="Bmr029.C.words.xml#id(Bmr029.w.3,004)..id(Bmr029.w.3,018)"/>
   </dialogueact>
   <dialogueact nite:id="Bmr029.C.dialogueact371" starttime="851.713" endtime="853.663" type="s^ng^rt" adjacency="26b+.27a" original-type="s^ng^rt" channel="c2" participant="me013">
      <nite:child href="Bmr029.C.words.xml#id(Bmr029.w.3,019)..id(Bmr029.w.3,027)"/>
   </dialogueact>
   <dialogueact nite:id="Bmr029.C.dialogueact373" starttime="853.793" endtime="860.486" type="s" original-type="s" channel="c2" participant="me013">
      <nite:child href="Bmr029.C.words.xml#id(Bmr029.w.3,037)..id(Bmr029.w.3,062)"/>
   </dialogueact>
   <dialogueact nite:id="Bmr029.C.dialogueact374" starttime="860.486" endtime="860.696" type="fh" original-type="fh" channel="c2" participant="me013">
      <nite:child href="Bmr029.C.words.xml#id(Bmr029.w.3,063)..id(Bmr029.disfmarker.193)"/>
   </dialogueact>
   <dialogueact nite:id="Bmr029.C.dialogueact375" starttime="861.66" endtime="865.41" type="s.%--" original-type="s.%--" channel="c2" participant="me013">
      <nite:child href="Bmr029.C.words.xml#id(Bmr029.w.3,064)..id(Bmr029.disfmarker.194)"/>
   </dialogueact>
   <dialogueact nite:id="Bmr029.C.dialogueact376" starttime="866.832" endtime="875.105" type="s" original-type="s" channel="c2" participant="me013">
      <nite:child href="Bmr029.C.words.xml#id(Bmr029.w.3,082)..id(Bmr029.w.3,111)"/>
   </dialogueact>
   <dialogueact nite:id="Bmr029.C.dialogueact377" starttime="875.105" endtime="878.17" type="s" original-type="s" channel="c2" participant="me013">
      <nite:child href="Bmr029.C.words.xml#id(Bmr029.w.3,112)..id(Bmr029.w.3,125)"/>
   </dialogueact>
   <dialogueact nite:id="Bmr029.C.dialogueact379" starttime="878.821" endtime="880.391" type="s" original-type="s" channel="c2" participant="me013">
      <nite:child href="Bmr029.C.words.xml#id(Bmr029.w.3,126)..id(Bmr029.w.3,134)"/>
   </dialogueact>
   <dialogueact nite:id="Bmr029.C.dialogueact380" starttime="880.391" endtime="881.601" type="s^ba" original-type="s^ba" channel="c2" participant="me013">
      <nite:child href="Bmr029.C.words.xml#id(Bmr029.w.3,135)..id(Bmr029.w.3,142)"/>
   </dialogueact>
   <dialogueact nite:id="Bmr029.C.dialogueact381" starttime="881.601" endtime="884.421" type="s" original-type="s" channel="c2" participant="me013">
      <nite:child href="Bmr029.C.words.xml#id(Bmr029.w.3,143)..id(Bmr029.w.3,156)"/>
   </dialogueact>
   <dialogueact nite:id="Bmr029.C.dialogueact383" starttime="884.421" endtime="884.821" type="fh" original-type="fh" channel="c2" participant="me013">
      <nite:child href="Bmr029.C.words.xml#id(Bmr029.w.3,157)..id(Bmr029.w.3,159)"/>
   </dialogueact>
   <dialogueact nite:id="Bmr029.C.dialogueact384" starttime="885.865" endtime="887.485" type="s" original-type="s" channel="c2" participant="me013">
      <nite:child href="Bmr029.C.words.xml#id(Bmr029.w.3,164)..id(Bmr029.w.3,172)"/>
   </dialogueact>
   <dialogueact nite:id="Bmr029.C.dialogueact386" starttime="887.485" endtime="887.925" type="fg" original-type="fg" channel="c2" participant="me013">
      <nite:child href="Bmr029.C.words.xml#id(Bmr029.w.3,173)..id(Bmr029.disfmarker.202)"/>
   </dialogueact>
   <dialogueact nite:id="Bmr029.C.dialogueact389" starttime="894.489" endtime="894.779" type="s^aa" adjacency="28b" original-type="s^aa" channel="c2" participant="me013">
      <nite:child href="Bmr029.C.words.xml#id(Bmr029.w.3,209)..id(Bmr029.w.3,210)"/>
   </dialogueact>
   <dialogueact nite:id="Bmr029.C.dialogueact391" starttime="896.586" endtime="898.506" type="s.%-" adjacency="29b.30a" original-type="s.%-" channel="c2" participant="me013">
      <nite:child href="Bmr029.C.words.xml#id(Bmr029.w.3,218)..id(Bmr029.disfmarker.204)"/>
   </dialogueact>
   <dialogueact nite:id="Bmr029.C.dialogueact393" starttime="899.96" endtime="900.72" type="s^na" original-type="s^na" channel="c2" participant="me013">
      <nite:child href="Bmr029.C.words.xml#id(Bmr029.w.3,227)..id(Bmr029.w.3,232)"/>
   </dialogueact>
   <dialogueact nite:id="Bmr029.C.dialogueact394" starttime="902.994" endtime="909.27" type="s^cs^rt" adjacency="31a" original-type="s^cs^rt" channel="c2" participant="me013">
      <nite:child href="Bmr029.C.words.xml#id(Bmr029.w.3,233)..id(Bmr029.w.3,254)"/>
   </dialogueact>
   <dialogueact nite:id="Bmr029.C.dialogueact395" starttime="910.789" endtime="913.429" type="s^e" adjacency="31a+" original-type="s^e" channel="c2" participant="me013">
      <nite:child href="Bmr029.C.words.xml#id(Bmr029.w.3,255)..id(Bmr029.w.3,269)"/>
   </dialogueact>
   <dialogueact nite:id="Bmr029.C.dialogueact397" starttime="915.06" endtime="926.819" type="s" original-type="s" channel="c2" participant="me013">
      <nite:child href="Bmr029.C.words.xml#id(Bmr029.w.3,274)..id(Bmr029.w.3,309)"/>
   </dialogueact>
   <dialogueact nite:id="Bmr029.C.dialogueact400" starttime="927.425" endtime="928.885" type="s^aa" original-type="s^aa" channel="c2" participant="me013">
      <nite:child href="Bmr029.C.words.xml#id(Bmr029.w.3,314)..id(Bmr029.w.3,322)"/>
   </dialogueact>
   <dialogueact nite:id="Bmr029.C.dialogueact402" starttime="929.98" endtime="930.2" type="%-" original-type="%-" channel="c2" participant="me013">
      <nite:child href="Bmr029.C.words.xml#id(Bmr029.w.3,327)..id(Bmr029.w.3,328)"/>
   </dialogueact>
   <dialogueact nite:id="Bmr029.C.dialogueact416" starttime="968.162" endtime="969.697" type="fg" original-type="fg" channel="c2" participant="me013">
      <nite:child href="Bmr029.C.words.xml#id(Bmr029.w.3,445)..id(Bmr029.disfmarker.215)"/>
   </dialogueact>
   <dialogueact nite:id="Bmr029.C.dialogueact422" starttime="979.86" endtime="980.14" type="s^aa" adjacency="35b" original-type="s^aa" channel="c2" participant="me013">
      <nite:child href="Bmr029.C.words.xml#id(Bmr029.w.3,486)..id(Bmr029.w.3,487)"/>
   </dialogueact>
   <dialogueact nite:id="Bmr029.C.dialogueact425" starttime="998.843" endtime="999.073" type="s^aa" adjacency="36b-2.37a" original-type="s^aa" channel="c2" participant="me013">
      <nite:child href="Bmr029.C.words.xml#id(Bmr029.w.3,545)..id(Bmr029.w.3,546)"/>
   </dialogueact>
   <dialogueact nite:id="Bmr029.C.dialogueact429" starttime="1000.78" endtime="1004.0" type="qy^rt" adjacency="38a" original-type="qy^rt" channel="c2" participant="me013">
      <nite:child href="Bmr029.C.words.xml#id(Bmr029.w.3,549)..id(Bmr029.w.3,570)"/>
   </dialogueact>
   <dialogueact nite:id="Bmr029.C.dialogueact432" starttime="1007.8" endtime="1008.68" type="s^bk" adjacency="39b" original-type="s^bk" channel="c2" participant="me013">
      <nite:child href="Bmr029.C.words.xml#id(Bmr029.w.3,599)..id(Bmr029.w.3,602)"/>
   </dialogueact>
   <dialogueact nite:id="Bmr029.C.dialogueact433" starttime="1010.46" endtime="1010.74" type="s^bk" adjacency="39b+.40a" original-type="s^bk" channel="c2" participant="me013">
      <nite:child href="Bmr029.C.words.xml#id(Bmr029.w.3,603)..id(Bmr029.w.3,605)"/>
   </dialogueact>
   <dialogueact nite:id="Bmr029.C.dialogueact446" starttime="1048.94" endtime="1050.35" type="s" adjacency="44b" original-type="s" channel="c2" participant="me013">
      <nite:child href="Bmr029.C.words.xml#id(Bmr029.w.3,699)..id(Bmr029.w.3,705)"/>
   </dialogueact>
   <dialogueact nite:id="Bmr029.C.dialogueact447" starttime="1050.46" endtime="1065.33" type="s" original-type="s" channel="c2" participant="me013">
      <nite:child href="Bmr029.C.words.xml#id(Bmr029.w.3,706)..id(Bmr029.w.3,744)"/>
   </dialogueact>
   <dialogueact nite:id="Bmr029.C.dialogueact448" starttime="1065.33" endtime="1066.94" type="fh" original-type="fh" channel="c2" participant="me013">
      <nite:child href="Bmr029.C.words.xml#id(Bmr029.w.3,745)..id(Bmr029.w.3,748)"/>
   </dialogueact>
   <dialogueact nite:id="Bmr029.C.dialogueact449" starttime="1066.94" endtime="1075.97" type="s^cs" adjacency="45a" original-type="s^cs" channel="c2" participant="me013">
      <nite:child href="Bmr029.C.words.xml#id(Bmr029.w.3,749)..id(Bmr029.w.3,784)"/>
   </dialogueact>
   <dialogueact nite:id="Bmr029.C.dialogueact452" starttime="1077.33" endtime="1077.62" type="%--" original-type="%--" channel="c2" participant="me013">
      <nite:child href="Bmr029.C.words.xml#id(Bmr029.w.3,798)..id(Bmr029.disfmarker.230)"/>
   </dialogueact>
   <dialogueact nite:id="Bmr029.C.dialogueact453" starttime="1083.36" endtime="1096.19" type="s^df^ng" adjacency="46b" original-type="s^df^ng" channel="c2" participant="me013">
      <nite:child href="Bmr029.C.words.xml#id(Bmr029.w.3,800)..id(Bmr029.w.3,841)"/>
   </dialogueact>
   <dialogueact nite:id="Bmr029.C.dialogueact456" starttime="1104.08" endtime="1104.22" type="s^aa" adjacency="47b.48a" original-type="s^aa" channel="c2" participant="me013">
      <nite:child href="Bmr029.C.words.xml#id(Bmr029.w.3,870)..id(Bmr029.w.3,871)"/>
   </dialogueact>
   <dialogueact nite:id="Bmr029.C.dialogueact457" starttime="1104.59" endtime="1108.92" type="s" adjacency="49a" original-type="s" channel="c2" participant="me013">
      <nite:child href="Bmr029.C.words.xml#id(Bmr029.w.3,877)..id(Bmr029.w.3,894)"/>
   </dialogueact>
   <dialogueact nite:id="Bmr029.C.dialogueact464" starttime="1125.35" endtime="1127.75" type="s" adjacency="51a" original-type="s" channel="c2" participant="me013">
      <nite:child href="Bmr029.C.words.xml#id(Bmr029.w.3,955)..id(Bmr029.w.3,971)"/>
   </dialogueact>
   <dialogueact nite:id="Bmr029.C.dialogueact465" starttime="1127.75" endtime="1130.37" type="s^bu^df" adjacency="51a+" original-type="s^bu^df" channel="c2" participant="me013">
      <nite:child href="Bmr029.C.words.xml#id(Bmr029.w.3,972)..id(Bmr029.w.3,979)"/>
   </dialogueact>
   <dialogueact nite:id="Bmr029.C.dialogueact466" starttime="1130.37" endtime="1130.63" type="qy^d^g^rt" adjacency="51a++" original-type="qy^d^g^rt" channel="c2" participant="me013">
      <nite:child href="Bmr029.C.words.xml#id(Bmr029.w.3,980)..id(Bmr029.w.3,981)"/>
   </dialogueact>
   <dialogueact nite:id="Bmr029.C.dialogueact467" starttime="1130.68" endtime="1135.1" type="s" adjacency="52a" original-type="s" channel="c2" participant="me013">
      <nite:child href="Bmr029.C.words.xml#id(Bmr029.w.3,982)..id(Bmr029.w.4,001)"/>
   </dialogueact>
   <dialogueact nite:id="Bmr029.C.dialogueact470" starttime="1135.1" endtime="1135.33" type="qy^d^f^g^rt" adjacency="52a+" original-type="qy^d^f^g^rt" channel="c2" participant="me013">
      <nite:child href="Bmr029.C.words.xml#id(Bmr029.w.4,002)..id(Bmr029.w.4,003)"/>
   </dialogueact>
   <dialogueact nite:id="Bmr029.C.dialogueact471" starttime="1135.33" endtime="1135.59" type="fh" original-type="fh" channel="c2" participant="me013">
      <nite:child href="Bmr029.C.words.xml#id(Bmr029.w.4,006)..id(Bmr029.w.4,007)"/>
   </dialogueact>
   <dialogueact nite:id="Bmr029.C.dialogueact473" starttime="1138.4" endtime="1139.45" type="s^ba" adjacency="53a" original-type="s^ba" channel="c2" participant="me013">
      <nite:child href="Bmr029.C.words.xml#id(Bmr029.w.4,011)..id(Bmr029.w.4,017)"/>
   </dialogueact>
   <dialogueact nite:id="Bmr029.C.dialogueact476" starttime="1147.31" endtime="1147.67" type="b" original-type="b" channel="c2" participant="me013">
      <nite:child href="Bmr029.C.words.xml#id(Bmr029.w.4,044)..id(Bmr029.w.4,045)"/>
   </dialogueact>
   <dialogueact nite:id="Bmr029.C.dialogueact477" starttime="1152.42" endtime="1155.82" type="qw.%-" adjacency="54b.55a" original-type="qw.%-" channel="c2" participant="me013">
      <nite:child href="Bmr029.C.words.xml#id(Bmr029.w.4,060)..id(Bmr029.w.4,076)"/>
   </dialogueact>
   <dialogueact nite:id="Bmr029.C.dialogueact482" starttime="1178.36" endtime="1181.53" type="s" adjacency="56a" original-type="s" channel="c2" participant="me013">
      <nite:child href="Bmr029.C.words.xml#id(Bmr029.w.4,147)..id(Bmr029.w.4,160)"/>
   </dialogueact>
   <dialogueact nite:id="Bmr029.C.dialogueact488" starttime="1194.09" endtime="1194.57" type="b" original-type="b" channel="c2" participant="me013">
      <nite:child href="Bmr029.C.words.xml#id(Bmr029.w.4,221)..id(Bmr029.w.4,224)"/>
   </dialogueact>
   <dialogueact nite:id="Bmr029.C.dialogueact496" starttime="1226.24" endtime="1226.51" type="s^bk" adjacency="1b" original-type="s^bk" channel="c2" participant="me013">
      <nite:child href="Bmr029.C.words.xml#id(Bmr029.w.4,327)..id(Bmr029.w.4,328)"/>
   </dialogueact>
   <dialogueact nite:id="Bmr029.C.dialogueact497" starttime="1227.64" endtime="1231.73" type="fg|s" original-type="fg|s" channel="c2" participant="me013">
      <nite:child href="Bmr029.C.words.xml#id(Bmr029.w.4,329)..id(Bmr029.w.4,347)"/>
   </dialogueact>
   <dialogueact nite:id="Bmr029.C.dialogueact498" starttime="1231.73" endtime="1233.35" type="s.%--" original-type="s.%--" channel="c2" participant="me013">
      <nite:child href="Bmr029.C.words.xml#id(Bmr029.w.4,348)..id(Bmr029.disfmarker.257)"/>
   </dialogueact>
   <dialogueact nite:id="Bmr029.C.dialogueact499" starttime="1233.7" endtime="1237.24" type="s.%--" original-type="s.%--" channel="c2" participant="me013">
      <nite:child href="Bmr029.C.words.xml#id(Bmr029.w.4,356)..id(Bmr029.w.4,370)"/>
   </dialogueact>
   <dialogueact nite:id="Bmr029.C.dialogueact500" starttime="1237.38" endtime="1243.51" type="fh|s" original-type="fh|s" channel="c2" participant="me013">
      <nite:child href="Bmr029.C.words.xml#id(Bmr029.w.4,371)..id(Bmr029.w.4,389)"/>
   </dialogueact>
   <dialogueact nite:id="Bmr029.C.dialogueact501" starttime="1243.72" endtime="1245.6" type="s" original-type="s" channel="c2" participant="me013">
      <nite:child href="Bmr029.C.words.xml#id(Bmr029.w.4,390)..id(Bmr029.w.4,399)"/>
   </dialogueact>
   <dialogueact nite:id="Bmr029.C.dialogueact502" starttime="1245.6" endtime="1249.64" type="s" original-type="s" channel="c2" participant="me013">
      <nite:child href="Bmr029.C.words.xml#id(Bmr029.w.4,400)..id(Bmr029.w.4,412)"/>
   </dialogueact>
   <dialogueact nite:id="Bmr029.C.dialogueact504" starttime="1252.21" endtime="1253.94" type="s^bd" original-type="s^bd" channel="c2" participant="me013">
      <nite:child href="Bmr029.C.words.xml#id(Bmr029.w.4,417)..id(Bmr029.w.4,425)"/>
   </dialogueact>
   <dialogueact nite:id="Bmr029.C.dialogueact505" starttime="1253.94" endtime="1256.75" type="s.%--" original-type="s.%--" channel="c2" participant="me013">
      <nite:child href="Bmr029.C.words.xml#id(Bmr029.w.4,426)..id(Bmr029.disfmarker.265)"/>
   </dialogueact>
   <dialogueact nite:id="Bmr029.C.dialogueact506" starttime="1256.88" endtime="1271.92" type="s" original-type="s" channel="c2" participant="me013">
      <nite:child href="Bmr029.C.words.xml#id(Bmr029.w.4,435)..id(Bmr029.w.4,473)"/>
   </dialogueact>
   <dialogueact nite:id="Bmr029.C.dialogueact508" starttime="1272.21" endtime="1272.94" type="s.%--" original-type="s.%--" channel="c2" participant="me013">
      <nite:child href="Bmr029.C.words.xml#id(Bmr029.w.4,474)..id(Bmr029.disfmarker.267)"/>
   </dialogueact>
   <dialogueact nite:id="Bmr029.C.dialogueact509" starttime="1273.62" endtime="1274.25" type="s" original-type="s" channel="c2" participant="me013">
      <nite:child href="Bmr029.C.words.xml#id(Bmr029.w.4,478)..id(Bmr029.w.4,484)"/>
   </dialogueact>
   <dialogueact nite:id="Bmr029.C.dialogueact510" starttime="1274.33" endtime="1282.22" type="s" adjacency="2a" original-type="s" channel="c2" participant="me013">
      <nite:child href="Bmr029.C.words.xml#id(Bmr029.w.4,485)..id(Bmr029.w.4,514)"/>
   </dialogueact>
   <dialogueact nite:id="Bmr029.C.dialogueact511" starttime="1282.27" endtime="1282.62" type="qy^d^f^g" adjacency="2a+" original-type="qy^d^f^g" channel="c2" participant="me013">
      <nite:child href="Bmr029.C.words.xml#id(Bmr029.w.4,515)..id(Bmr029.w.4,516)"/>
   </dialogueact>
   <dialogueact nite:id="Bmr029.C.dialogueact512" starttime="1282.77" endtime="1283.13" type="fh" original-type="fh" channel="c2" participant="me013">
      <nite:child href="Bmr029.C.words.xml#id(Bmr029.w.4,517)..id(Bmr029.disfmarker.269)"/>
   </dialogueact>
   <dialogueact nite:id="Bmr029.C.dialogueact520" starttime="1302.77" endtime="1302.99" type="s^aa" adjacency="3b" original-type="s^aa" channel="c2" participant="me013">
      <nite:child href="Bmr029.C.words.xml#id(Bmr029.w.4,582)..id(Bmr029.w.4,583)"/>
   </dialogueact>
   <dialogueact nite:id="Bmr029.C.dialogueact526" starttime="1312.91" endtime="1314.57" type="s^nd" adjacency="4b" original-type="s^nd" channel="c2" participant="me013">
      <nite:child href="Bmr029.C.words.xml#id(Bmr029.w.4,617)..id(Bmr029.w.4,626)"/>
   </dialogueact>
   <dialogueact nite:id="Bmr029.C.dialogueact528" starttime="1314.57" endtime="1316.82" type="s^e" adjacency="4b+" original-type="s^e" channel="c2" participant="me013">
      <nite:child href="Bmr029.C.words.xml#id(Bmr029.w.4,627)..id(Bmr029.w.4,641)"/>
   </dialogueact>
   <dialogueact nite:id="Bmr029.C.dialogueact529" starttime="1317.8" endtime="1321.03" type="s^ba" original-type="s^ba" channel="c2" participant="me013">
      <nite:child href="Bmr029.C.words.xml#id(Bmr029.w.4,642)..id(Bmr029.w.4,657)"/>
   </dialogueact>
   <dialogueact nite:id="Bmr029.C.dialogueact530" starttime="1321.71" endtime="1323.3" type="s^cs" original-type="s^cs" channel="c2" participant="me013">
      <nite:child href="Bmr029.C.words.xml#id(Bmr029.w.4,658)..id(Bmr029.disfmarker.278)"/>
   </dialogueact>
   <dialogueact nite:id="Bmr029.C.dialogueact531" starttime="1323.3" endtime="1325.42" type="s^cs^e" original-type="s^cs^e" channel="c2" participant="me013">
      <nite:child href="Bmr029.C.words.xml#id(Bmr029.w.4,667)..id(Bmr029.w.4,676)"/>
   </dialogueact>
   <dialogueact nite:id="Bmr029.C.dialogueact532" starttime="1326.17" endtime="1331.39" type="fh|s" original-type="fh|s" channel="c2" participant="me013">
      <nite:child href="Bmr029.C.words.xml#id(Bmr029.w.4,677)..id(Bmr029.w.4,701)"/>
   </dialogueact>
   <dialogueact nite:id="Bmr029.C.dialogueact535" starttime="1331.39" endtime="1331.58" type="qy^d^f^g" original-type="qy^d^f^g" channel="c2" participant="me013">
      <nite:child href="Bmr029.C.words.xml#id(Bmr029.w.4,702)..id(Bmr029.w.4,703)"/>
   </dialogueact>
   <dialogueact nite:id="Bmr029.C.dialogueact536" starttime="1331.9" endtime="1334.36" type="fh" original-type="fh" channel="c2" participant="me013">
      <nite:child href="Bmr029.C.words.xml#id(Bmr029.w.4,708)..id(Bmr029.disfmarker.280)"/>
   </dialogueact>
   <dialogueact nite:id="Bmr029.C.dialogueact541" starttime="1349.45" endtime="1349.84" type="s^aa" adjacency="5b" original-type="s^aa" channel="c2" participant="me013">
      <nite:child href="Bmr029.C.words.xml#id(Bmr029.w.4,755)..id(Bmr029.w.4,758)"/>
   </dialogueact>
   <dialogueact nite:id="Bmr029.C.dialogueact543" starttime="1354.22" endtime="1354.48" type="s^bk" adjacency="6b-1" original-type="s^bk" channel="c2" participant="me013">
      <nite:child href="Bmr029.C.words.xml#id(Bmr029.w.4,776)..id(Bmr029.w.4,777)"/>
   </dialogueact>
   <dialogueact nite:id="Bmr029.C.dialogueact546" starttime="1355.96" endtime="1356.17" type="b" original-type="b" channel="c2" participant="me013">
      <nite:child href="Bmr029.C.words.xml#id(Bmr029.w.4,795)..id(Bmr029.w.4,796)"/>
   </dialogueact>
   <dialogueact nite:id="Bmr029.C.dialogueact552" starttime="1369.4" endtime="1369.63" type="s^bk" adjacency="7b-2" original-type="s^bk" channel="c2" participant="me013">
      <nite:child href="Bmr029.C.words.xml#id(Bmr029.w.4,834)..id(Bmr029.w.4,835)"/>
   </dialogueact>
   <dialogueact nite:id="Bmr029.C.dialogueact554" starttime="1372.87" endtime="1374.33" type="h|s^am" adjacency="7b-2+" original-type="h|s^am" channel="c2" participant="me013">
      <nite:child href="Bmr029.C.words.xml#id(Bmr029.w.4,838)..id(Bmr029.w.4,844)"/>
   </dialogueact>
   <dialogueact nite:id="Bmr029.C.dialogueact555" starttime="1375.71" endtime="1376.74" type="fh" original-type="fh" channel="c2" participant="me013">
      <nite:child href="Bmr029.C.words.xml#id(Bmr029.w.4,845)..id(Bmr029.w.4,848)"/>
   </dialogueact>
   <dialogueact nite:id="Bmr029.C.dialogueact556" starttime="1377.44" endtime="1386.07" type="s^bd^cs" original-type="s^bd^cs" channel="c2" participant="me013">
      <nite:child href="Bmr029.C.words.xml#id(Bmr029.w.4,849)..id(Bmr029.w.4,878)"/>
   </dialogueact>
   <dialogueact nite:id="Bmr029.C.dialogueact557" starttime="1387.48" endtime="1390.16" type="s.%--" original-type="s.%--" channel="c2" participant="me013">
      <nite:child href="Bmr029.C.words.xml#id(Bmr029.w.4,879)..id(Bmr029.w.4,886)"/>
   </dialogueact>
   <dialogueact nite:id="Bmr029.C.dialogueact558" starttime="1390.16" endtime="1395.47" type="s" original-type="s" channel="c2" participant="me013">
      <nite:child href="Bmr029.C.words.xml#id(Bmr029.w.4,887)..id(Bmr029.w.4,906)"/>
   </dialogueact>
   <dialogueact nite:id="Bmr029.C.dialogueact559" starttime="1395.47" endtime="1395.78" type="fh" original-type="fh" channel="c2" participant="me013">
      <nite:child href="Bmr029.C.words.xml#id(Bmr029.w.4,907)..id(Bmr029.w.4,908)"/>
   </dialogueact>
   <dialogueact nite:id="Bmr029.C.dialogueact560" starttime="1396.43" endtime="1401.99" type="s" original-type="s" channel="c2" participant="me013">
      <nite:child href="Bmr029.C.words.xml#id(Bmr029.w.4,909)..id(Bmr029.w.4,929)"/>
   </dialogueact>
   <dialogueact nite:id="Bmr029.C.dialogueact562" starttime="1402.76" endtime="1405.8" type="s" original-type="s" channel="c2" participant="me013">
      <nite:child href="Bmr029.C.words.xml#id(Bmr029.w.4,932)..id(Bmr029.w.4,947)"/>
   </dialogueact>
   <dialogueact nite:id="Bmr029.C.dialogueact563" starttime="1406.86" endtime="1417.51" type="s^cs" original-type="s^cs" channel="c2" participant="me013">
      <nite:child href="Bmr029.C.words.xml#id(Bmr029.w.4,948)..id(Bmr029.w.4,977)"/>
   </dialogueact>
   <dialogueact nite:id="Bmr029.C.dialogueact564" starttime="1418.09" endtime="1420.9" type="s^e" original-type="s^e" channel="c2" participant="me013">
      <nite:child href="Bmr029.C.words.xml#id(Bmr029.w.4,978)..id(Bmr029.w.4,990)"/>
   </dialogueact>
   <dialogueact nite:id="Bmr029.C.dialogueact565" starttime="1421.26" endtime="1423.35" type="s^bd" original-type="s^bd" channel="c2" participant="me013">
      <nite:child href="Bmr029.C.words.xml#id(Bmr029.w.4,991)..id(Bmr029.w.5,002)"/>
   </dialogueact>
   <dialogueact nite:id="Bmr029.C.dialogueact566" starttime="1423.35" endtime="1425.17" type="s^bd^e" original-type="s^bd^e" channel="c2" participant="me013">
      <nite:child href="Bmr029.C.words.xml#id(Bmr029.w.5,003)..id(Bmr029.w.5,011)"/>
   </dialogueact>
   <dialogueact nite:id="Bmr029.C.dialogueact568" starttime="1429.61" endtime="1435.13" type="s" adjacency="8b" original-type="s" channel="c2" participant="me013">
      <nite:child href="Bmr029.C.words.xml#id(Bmr029.w.5,022)..id(Bmr029.w.5,047)"/>
   </dialogueact>
   <dialogueact nite:id="Bmr029.C.dialogueact569" starttime="1435.13" endtime="1436.68" type="fh" original-type="fh" channel="c2" participant="me013">
      <nite:child href="Bmr029.C.words.xml#id(Bmr029.w.5,048)..id(Bmr029.w.5,056)"/>
   </dialogueact>
   <dialogueact nite:id="Bmr029.C.dialogueact571" starttime="1437.18" endtime="1443.98" type="s" adjacency="9a" original-type="s" channel="c2" participant="me013">
      <nite:child href="Bmr029.C.words.xml#id(Bmr029.w.5,057)..id(Bmr029.w.5,092)"/>
   </dialogueact>
   <dialogueact nite:id="Bmr029.C.dialogueact576" starttime="1448.3" endtime="1448.53" type="s^aa" adjacency="11b" original-type="s^aa" channel="c2" participant="me013">
      <nite:child href="Bmr029.C.words.xml#id(Bmr029.w.5,111)..id(Bmr029.w.5,112)"/>
   </dialogueact>
   <dialogueact nite:id="Bmr029.C.dialogueact577" starttime="1450.04" endtime="1455.11" type="s" original-type="s" channel="c2" participant="me013">
      <nite:child href="Bmr029.C.words.xml#id(Bmr029.w.5,113)..id(Bmr029.w.5,138)"/>
   </dialogueact>
   <dialogueact nite:id="Bmr029.C.dialogueact579" starttime="1455.11" endtime="1456.55" type="fh" original-type="fh" channel="c2" participant="me013">
      <nite:child href="Bmr029.C.words.xml#id(Bmr029.w.5,139)..id(Bmr029.w.5,141)"/>
   </dialogueact>
   <dialogueact nite:id="Bmr029.C.dialogueact580" starttime="1456.96" endtime="1462.86" type="s" original-type="s" channel="c2" participant="me013">
      <nite:child href="Bmr029.C.words.xml#id(Bmr029.w.5,142)..id(Bmr029.w.5,165)"/>
   </dialogueact>
   <dialogueact nite:id="Bmr029.C.dialogueact582" starttime="1463.3" endtime="1464.15" type="h" original-type="h" channel="c2" participant="me013">
      <nite:child href="Bmr029.C.words.xml#id(Bmr029.w.5,168)..id(Bmr029.disfmarker.292)"/>
   </dialogueact>
   <dialogueact nite:id="Bmr029.C.dialogueact583" starttime="1464.86" endtime="1469.31" type="s^cs" original-type="s^cs" channel="c2" participant="me013">
      <nite:child href="Bmr029.C.words.xml#id(Bmr029.w.5,171)..id(Bmr029.w.5,193)"/>
   </dialogueact>
   <dialogueact nite:id="Bmr029.C.dialogueact584" starttime="1469.31" endtime="1472.31" type="s^cs" original-type="s^cs" channel="c2" participant="me013">
      <nite:child href="Bmr029.C.words.xml#id(Bmr029.w.5,194)..id(Bmr029.w.5,203)"/>
   </dialogueact>
   <dialogueact nite:id="Bmr029.C.dialogueact586" starttime="1472.59" endtime="1474.4" type="s" original-type="s" channel="c2" participant="me013">
      <nite:child href="Bmr029.C.words.xml#id(Bmr029.w.5,206)..id(Bmr029.w.5,217)"/>
   </dialogueact>
   <dialogueact nite:id="Bmr029.C.dialogueact588" starttime="1475.22" endtime="1478.12" type="s" original-type="s" channel="c2" participant="me013">
      <nite:child href="Bmr029.C.words.xml#id(Bmr029.w.5,222)..id(Bmr029.w.5,238)"/>
   </dialogueact>
   <dialogueact nite:id="Bmr029.C.dialogueact589" starttime="1478.12" endtime="1480.73" type="s" original-type="s" channel="c2" participant="me013">
      <nite:child href="Bmr029.C.words.xml#id(Bmr029.w.5,239)..id(Bmr029.w.5,254)"/>
   </dialogueact>
   <dialogueact nite:id="Bmr029.C.dialogueact590" starttime="1480.73" endtime="1481.1" type="s.%--" original-type="s.%--" channel="c2" participant="me013">
      <nite:child href="Bmr029.C.words.xml#id(Bmr029.w.5,255)..id(Bmr029.disfmarker.296)"/>
   </dialogueact>
   <dialogueact nite:id="Bmr029.C.dialogueact591" starttime="1482.11" endtime="1485.61" type="s^bd" original-type="s^bd" channel="c2" participant="me013">
      <nite:child href="Bmr029.C.words.xml#id(Bmr029.w.5,259)..id(Bmr029.w.5,269)"/>
   </dialogueact>
   <dialogueact nite:id="Bmr029.C.dialogueact593" starttime="1485.98" endtime="1488.25" type="s" original-type="s" channel="c2" participant="me013">
      <nite:child href="Bmr029.C.words.xml#id(Bmr029.w.5,270)..id(Bmr029.w.5,283)"/>
   </dialogueact>
   <dialogueact nite:id="Bmr029.C.dialogueact604" starttime="1519.82" endtime="1520.04" type="s^bk" adjacency="14b" original-type="s^bk" channel="c2" participant="me013">
      <nite:child href="Bmr029.C.words.xml#id(Bmr029.w.5,363)..id(Bmr029.w.5,364)"/>
   </dialogueact>
   <dialogueact nite:id="Bmr029.C.dialogueact616" starttime="1547.83" endtime="1548.99" type="qy^bu^d^j^rt" adjacency="16b-2" original-type="qy^bu^d^j^rt" channel="c2" participant="me013">
      <nite:child href="Bmr029.C.words.xml#id(Bmr029.w.5,460)..id(Bmr029.w.5,466)"/>
   </dialogueact>
   <dialogueact nite:id="Bmr029.C.dialogueact705" starttime="1767.42" endtime="1769.67" type="s" adjacency="32b.33a" original-type="s" channel="c2" participant="me013">
      <nite:child href="Bmr029.C.words.xml#id(Bmr029.w.6,278)..id(Bmr029.w.6,285)"/>
   </dialogueact>
   <dialogueact nite:id="Bmr029.C.dialogueact706" starttime="1769.98" endtime="1771.13" type="s^cs" original-type="s^cs" channel="c2" participant="me013">
      <nite:child href="Bmr029.C.words.xml#id(Bmr029.w.6,286)..id(Bmr029.w.6,293)"/>
   </dialogueact>
   <dialogueact nite:id="Bmr029.C.dialogueact709" starttime="1771.2" endtime="1771.43" type="b" original-type="b" channel="c2" participant="me013">
      <nite:child href="Bmr029.C.words.xml#id(Bmr029.w.6,294)..id(Bmr029.w.6,295)"/>
   </dialogueact>
   <dialogueact nite:id="Bmr029.C.dialogueact717" starttime="1779.57" endtime="1780.72" comment="FBH" type="s" original-type="s" channel="c2" participant="me013">
      <nite:child href="Bmr029.C.words.xml#id(Bmr029.w.6,343)..id(Bmr029.w.6,349)"/>
   </dialogueact>
   <dialogueact nite:id="Bmr029.C.dialogueact720" starttime="1781.75" endtime="1782.38" comment="FBH" type="s" original-type="s" channel="c2" participant="me013">
      <nite:child href="Bmr029.C.words.xml#id(Bmr029.w.6,350)..id(Bmr029.w.6,354)"/>
   </dialogueact>
   <dialogueact nite:id="Bmr029.C.dialogueact736" starttime="1797.35" endtime="1797.62" type="b" original-type="b" channel="c2" participant="me013">
      <nite:child href="Bmr029.C.words.xml#id(Bmr029.w.6,449)..id(Bmr029.w.6,450)"/>
   </dialogueact>
   <dialogueact nite:id="Bmr029.C.dialogueact737" starttime="1797.97" endtime="1800.46" type="s" original-type="s" channel="c2" participant="me013">
      <nite:child href="Bmr029.C.words.xml#id(Bmr029.w.6,451)..id(Bmr029.w.6,462)"/>
   </dialogueact>
   <dialogueact nite:id="Bmr029.C.dialogueact738" starttime="1800.46" endtime="1803.17" type="s" adjacency="1a" original-type="s" channel="c2" participant="me013">
      <nite:child href="Bmr029.C.words.xml#id(Bmr029.w.6,463)..id(Bmr029.w.6,475)"/>
   </dialogueact>
   <dialogueact nite:id="Bmr029.C.dialogueact775" starttime="1862.6" endtime="1864.48" type="qy^bu^d^rt" adjacency="12b-2.13a" original-type="qy^bu^d^rt" channel="c2" participant="me013">
      <nite:child href="Bmr029.C.words.xml#id(Bmr029.w.6,738)..id(Bmr029.w.6,748)"/>
   </dialogueact>
   <dialogueact nite:id="Bmr029.C.dialogueact777" starttime="1870.18" endtime="1870.44" type="s^bk" adjacency="14b-1" original-type="s^bk" channel="c2" participant="me013">
      <nite:child href="Bmr029.C.words.xml#id(Bmr029.w.6,768)..id(Bmr029.w.6,769)"/>
   </dialogueact>
   <dialogueact nite:id="Bmr029.C.dialogueact797" starttime="1902.2" endtime="1902.55" type="s^bk" adjacency="18b-2" original-type="s^bk" channel="c2" participant="me013">
      <nite:child href="Bmr029.C.words.xml#id(Bmr029.w.6,899)..id(Bmr029.w.6,900)"/>
   </dialogueact>
   <dialogueact nite:id="Bmr029.C.dialogueact826" starttime="1992.13" endtime="1993.3" type="s^am" adjacency="25b" original-type="s^am" channel="c2" participant="me013">
      <nite:child href="Bmr029.C.words.xml#id(Bmr029.w.7,201)..id(Bmr029.w.7,207)"/>
   </dialogueact>
   <dialogueact nite:id="Bmr029.C.dialogueact828" starttime="1993.67" endtime="1999.97" type="s" adjacency="26a" original-type="s" channel="c2" participant="me013">
      <nite:child href="Bmr029.C.words.xml#id(Bmr029.w.7,210)..id(Bmr029.w.7,232)"/>
   </dialogueact>
   <dialogueact nite:id="Bmr029.C.dialogueact829" starttime="2001.25" endtime="2005.22" type="s" original-type="s" channel="c2" participant="me013">
      <nite:child href="Bmr029.C.words.xml#id(Bmr029.w.7,233)..id(Bmr029.w.7,248)"/>
   </dialogueact>
   <dialogueact nite:id="Bmr029.C.dialogueact831" starttime="2005.95" endtime="2008.84" type="s^cs.%-" adjacency="27a" original-type="s^cs.%-" channel="c2" participant="me013">
      <nite:child href="Bmr029.C.words.xml#id(Bmr029.w.7,251)..id(Bmr029.disfmarker.396)"/>
   </dialogueact>
   <dialogueact nite:id="Bmr029.C.dialogueact833" starttime="2015.51" endtime="2015.86" type="b" original-type="b" channel="c2" participant="me013">
      <nite:child href="Bmr029.C.words.xml#id(Bmr029.w.7,284)..id(Bmr029.w.7,285)"/>
   </dialogueact>
   <dialogueact nite:id="Bmr029.C.dialogueact837" starttime="2022.42" endtime="2024.12" type="s^bk|s^bu" adjacency="28b.29a" original-type="s^bk|s^bu" channel="c2" participant="me013">
      <nite:child href="Bmr029.C.words.xml#id(Bmr029.w.7,313)..id(Bmr029.w.7,321)"/>
   </dialogueact>
   <dialogueact nite:id="Bmr029.C.dialogueact839" starttime="2024.83" endtime="2025.81" type="s^bk|s^fa" adjacency="30b" original-type="s^bk|s^fa" channel="c2" participant="me013">
      <nite:child href="Bmr029.C.words.xml#id(Bmr029.w.7,324)..id(Bmr029.w.7,333)"/>
   </dialogueact>
   <dialogueact nite:id="Bmr029.C.dialogueact842" starttime="2027.84" endtime="2028.08" type="s^aa" adjacency="31b" original-type="s^aa" channel="c2" participant="me013">
      <nite:child href="Bmr029.C.words.xml#id(Bmr029.w.7,355)..id(Bmr029.w.7,356)"/>
   </dialogueact>
   <dialogueact nite:id="Bmr029.C.dialogueact844" starttime="2030.35" endtime="2030.57" type="b" original-type="b" channel="c2" participant="me013">
      <nite:child href="Bmr029.C.words.xml#id(Bmr029.w.7,357)..id(Bmr029.w.7,358)"/>
   </dialogueact>
   <dialogueact nite:id="Bmr029.C.dialogueact848" starttime="2042.8" endtime="2042.96" type="b" original-type="b" channel="c2" participant="me013">
      <nite:child href="Bmr029.C.words.xml#id(Bmr029.w.7,382)..id(Bmr029.w.7,385)"/>
   </dialogueact>
   <dialogueact nite:id="Bmr029.C.dialogueact860" starttime="2086.06" endtime="2086.65" type="s^br^co" original-type="s^br^co" channel="c2" participant="me013">
      <nite:child href="Bmr029.C.words.xml#id(Bmr029.w.7,510)..id(Bmr029.w.7,513)"/>
   </dialogueact>
   <dialogueact nite:id="Bmr029.C.dialogueact861" starttime="2087.02" endtime="2087.58" type="s^fa|s^df" original-type="s^fa|s^df" channel="c2" participant="me013">
      <nite:child href="Bmr029.C.words.xml#id(Bmr029.w.7,514)..id(Bmr029.w.7,518)"/>
   </dialogueact>
   <dialogueact nite:id="Bmr029.C.dialogueact865" starttime="2104.74" endtime="2107.29" type="s^aap" adjacency="33b.34a" original-type="s^aap" channel="c2" participant="me013">
      <nite:child href="Bmr029.C.words.xml#id(Bmr029.w.7,573)..id(Bmr029.w.7,584)"/>
   </dialogueact>
   <dialogueact nite:id="Bmr029.C.dialogueact868" starttime="2110.39" endtime="2111.8" type="s^aa|s.%-" adjacency="35b-1" original-type="s^aa|s.%-" channel="c2" participant="me013">
      <nite:child href="Bmr029.C.words.xml#id(Bmr029.w.7,604)..id(Bmr029.w.7,612)"/>
   </dialogueact>
   <dialogueact nite:id="Bmr029.C.dialogueact870" starttime="2112.73" endtime="2113.77" type="s" original-type="s" channel="c2" participant="me013">
      <nite:child href="Bmr029.C.words.xml#id(Bmr029.w.7,615)..id(Bmr029.w.7,621)"/>
   </dialogueact>
   <dialogueact nite:id="Bmr029.C.dialogueact872" starttime="2113.77" endtime="2113.94" type="qy^d^g.%-" original-type="qy^d^g.%-" channel="c2" participant="me013">
      <nite:child href="Bmr029.C.words.xml#id(Bmr029.w.7,622)..id(Bmr029.w.7,624)"/>
   </dialogueact>
   <dialogueact nite:id="Bmr029.C.dialogueact876" starttime="2122.13" endtime="2122.3" type="b" original-type="b" channel="c2" participant="me013">
      <nite:child href="Bmr029.C.words.xml#id(Bmr029.w.7,670)..id(Bmr029.w.7,671)"/>
   </dialogueact>
   <dialogueact nite:id="Bmr029.C.dialogueact914" starttime="2202.11" endtime="2204.48" type="s.%--" adjacency="44a" original-type="s.%--" channel="c2" participant="me013">
      <nite:child href="Bmr029.C.words.xml#id(Bmr029.w.7,970)..id(Bmr029.disfmarker.431)"/>
   </dialogueact>
   <dialogueact nite:id="Bmr029.C.dialogueact926" starttime="2235.08" endtime="2236.59" type="s" original-type="s" channel="c2" participant="me013">
      <nite:child href="Bmr029.C.words.xml#id(Bmr029.w.8,069)..id(Bmr029.w.8,074)"/>
   </dialogueact>
   <dialogueact nite:id="Bmr029.C.dialogueact927" starttime="2237.53" endtime="2238.24" type="fg" original-type="fg" channel="c2" participant="me013">
      <nite:child href="Bmr029.C.words.xml#id(Bmr029.w.8,075)..id(Bmr029.disfmarker.435)"/>
   </dialogueact>
   <dialogueact nite:id="Bmr029.C.dialogueact928" starttime="2239.73" endtime="2240.98" type="qy^bu^d^rt^t" adjacency="47a" original-type="qy^bu^d^rt^t" channel="c2" participant="me013">
      <nite:child href="Bmr029.C.words.xml#id(Bmr029.w.8,076)..id(Bmr029.w.8,080)"/>
   </dialogueact>
   <dialogueact nite:id="Bmr029.C.dialogueact930" starttime="2243.32" endtime="2244.09" type="s" adjacency="48b.48.5a" original-type="s" channel="c2" participant="me013">
      <nite:child href="Bmr029.C.words.xml#id(Bmr029.w.8,083)..id(Bmr029.w.8,088)"/>
   </dialogueact>
   <dialogueact nite:id="Bmr029.C.dialogueact932" starttime="2244.09" endtime="2244.29" type="b" original-type="b" channel="c2" participant="me013">
      <nite:child href="Bmr029.C.words.xml#id(Bmr029.w.8,089)..id(Bmr029.w.8,090)"/>
   </dialogueact>
   <dialogueact nite:id="Bmr029.C.dialogueact953" starttime="2290.87" endtime="2291.04" type="b" original-type="b" channel="c2" participant="me013">
      <nite:child href="Bmr029.C.words.xml#id(Bmr029.w.8,290)..id(Bmr029.w.8,291)"/>
   </dialogueact>
   <dialogueact nite:id="Bmr029.C.dialogueact954" starttime="2291.94" endtime="2298.12" type="s" original-type="s" channel="c2" participant="me013">
      <nite:child href="Bmr029.C.words.xml#id(Bmr029.w.8,292)..id(Bmr029.w.8,311)"/>
   </dialogueact>
   <dialogueact nite:id="Bmr029.C.dialogueact956" starttime="2298.36" endtime="2301.43" type="s" original-type="s" channel="c2" participant="me013">
      <nite:child href="Bmr029.C.words.xml#id(Bmr029.w.8,316)..id(Bmr029.w.8,329)"/>
   </dialogueact>
   <dialogueact nite:id="Bmr029.C.dialogueact957" starttime="2301.7" endtime="2302.74" type="s" original-type="s" channel="c2" participant="me013">
      <nite:child href="Bmr029.C.words.xml#id(Bmr029.w.8,330)..id(Bmr029.w.8,333)"/>
   </dialogueact>
   <dialogueact nite:id="Bmr029.C.dialogueact958" starttime="2302.74" endtime="2309.21" type="s" original-type="s" channel="c2" participant="me013">
      <nite:child href="Bmr029.C.words.xml#id(Bmr029.w.8,334)..id(Bmr029.w.8,364)"/>
   </dialogueact>
   <dialogueact nite:id="Bmr029.C.dialogueact959" starttime="2309.37" endtime="2309.54" type="fh" original-type="fh" channel="c2" participant="me013">
      <nite:child href="Bmr029.C.words.xml#id(Bmr029.w.8,365)..id(Bmr029.disfmarker.442)"/>
   </dialogueact>
   <dialogueact nite:id="Bmr029.C.dialogueact963" starttime="2312.64" endtime="2312.98" type="s^rt" original-type="s^rt" channel="c2" participant="me013">
      <nite:child href="Bmr029.C.words.xml#id(Bmr029.w.8,372)..id(Bmr029.w.8,376)"/>
   </dialogueact>
   <dialogueact nite:id="Bmr029.C.dialogueact964" starttime="2316.11" endtime="2316.59" type="s" original-type="s" channel="c2" participant="me013">
      <nite:child href="Bmr029.C.words.xml#id(Bmr029.w.8,380)..id(Bmr029.w.8,383)"/>
   </dialogueact>
   <dialogueact nite:id="Bmr029.C.dialogueact980" starttime="2347.16" endtime="2347.38" type="qy^bu^d^rt^tc" adjacency="57a" original-type="qy^bu^d^rt^tc" channel="c2" participant="me013">
      <nite:child href="Bmr029.C.words.xml#id(Bmr029.w.8,498)..id(Bmr029.w.8,499)"/>
   </dialogueact>
   <dialogueact nite:id="Bmr029.C.dialogueact981" starttime="2348.41" endtime="2348.79" type="qy^bu^d^rt^tc" adjacency="57a+" original-type="qy^bu^d^rt^tc" channel="c2" participant="me013">
      <nite:child href="Bmr029.C.words.xml#id(Bmr029.w.8,500)..id(Bmr029.w.8,501)"/>
   </dialogueact>
   <dialogueact nite:id="Bmr029.C.dialogueact983" starttime="2594.55" endtime="2595.35" type="z" original-type="z" channel="c2" participant="me013">
      <nite:child href="Bmr029.C.words.xml#id(Bmr029.w.9,199)..id(Bmr029.w.9,203)"/>
   </dialogueact>
</nite:root>