<?xml version="1.0" encoding="ISO-8859-1" standalone="yes"?>
<nite:root nite:id="Bmr020.B.dialogue-acts" xmlns:nite="http://nite.sourceforge.net/">
   <dialogueact nite:id="Bmr020.B.dialogueact8" starttime="7.96" endtime="9.17" type="z" original-type="z" channel="c1" participant="mn014">
      <nite:child href="Bmr020.B.words.xml#id(Bmr020.w.34)..id(Bmr020.w.41)"/>
   </dialogueact>
   <dialogueact nite:id="Bmr020.B.dialogueact11" starttime="10.42" endtime="11.18" comment="FBH" type="z" original-type="z" channel="c1" participant="mn014">
      <nite:child href="Bmr020.B.words.xml#id(Bmr020.w.42)..id(Bmr020.w.44)"/>
   </dialogueact>
   <dialogueact nite:id="Bmr020.B.dialogueact16" starttime="11.73" endtime="11.95" comment="FBH" type="z" original-type="z" channel="c1" participant="mn014">
      <nite:child href="Bmr020.B.words.xml#id(Bmr020.w.45)..id(Bmr020.w.46)"/>
   </dialogueact>
   <dialogueact nite:id="Bmr020.B.dialogueact35" starttime="29.7" endtime="31.82" type="z" adjacency="1b.2a" original-type="z" channel="c1" participant="mn014">
      <nite:child href="Bmr020.B.words.xml#id(Bmr020.w.155)..id(Bmr020.w.170)"/>
   </dialogueact>
   <dialogueact nite:id="Bmr020.B.dialogueact37" starttime="31.82" endtime="33.92" type="z" adjacency="1b+" original-type="z" channel="c1" participant="mn014">
      <nite:child href="Bmr020.B.words.xml#id(Bmr020.w.171)..id(Bmr020.w.181)"/>
   </dialogueact>
   <dialogueact nite:id="Bmr020.B.dialogueact61" starttime="66.396" endtime="67.636" type="z" original-type="z" channel="c1" participant="mn014">
      <nite:child href="Bmr020.B.words.xml#id(Bmr020.w.376)..id(Bmr020.w.380)"/>
   </dialogueact>
   <dialogueact nite:id="Bmr020.B.dialogueact100" starttime="158.088" endtime="158.448" type="s" original-type="s" channel="c1" participant="mn014">
      <nite:child href="Bmr020.B.words.xml#id(Bmr020.w.705)..id(Bmr020.w.706)"/>
   </dialogueact>
   <dialogueact nite:id="Bmr020.B.dialogueact116" starttime="189.421" endtime="189.591" type="s^aa" adjacency="17b-2" original-type="s^aa" channel="c1" participant="mn014">
      <nite:child href="Bmr020.B.words.xml#id(Bmr020.w.846)"/>
   </dialogueact>
   <dialogueact nite:id="Bmr020.B.dialogueact118" starttime="189.591" endtime="190.101" type="%-" original-type="%-" channel="c1" participant="mn014">
      <nite:child href="Bmr020.B.words.xml#id(Bmr020.w.847)..id(Bmr020.disfmarker.36)"/>
   </dialogueact>
   <dialogueact nite:id="Bmr020.B.dialogueact120" starttime="190.211" endtime="190.281" type="s^aa" adjacency="18b" original-type="s^aa" channel="c1" participant="mn014">
      <nite:child href="Bmr020.B.words.xml#id(Bmr020.w.849)..id(Bmr020.w.850)"/>
   </dialogueact>
   <dialogueact nite:id="Bmr020.B.dialogueact121" starttime="190.281" endtime="190.401" type="b" original-type="b" channel="c1" participant="mn014">
      <nite:child href="Bmr020.B.words.xml#id(Bmr020.w.853)..id(Bmr020.w.854)"/>
   </dialogueact>
   <dialogueact nite:id="Bmr020.B.dialogueact124" starttime="191.847" endtime="193.247" type="s.%-" original-type="s.%-" channel="c1" participant="mn014">
      <nite:child href="Bmr020.B.words.xml#id(Bmr020.w.860)..id(Bmr020.disfmarker.37)"/>
   </dialogueact>
   <dialogueact nite:id="Bmr020.B.dialogueact136" starttime="204.072" endtime="205.752" type="qy^rt" adjacency="21a" original-type="qy^rt" channel="c1" participant="mn014">
      <nite:child href="Bmr020.B.words.xml#id(Bmr020.w.938)..id(Bmr020.w.942)"/>
   </dialogueact>
   <dialogueact nite:id="Bmr020.B.dialogueact138" starttime="206.616" endtime="209.016" type="s" original-type="s" channel="c1" participant="mn014">
      <nite:child href="Bmr020.B.words.xml#id(Bmr020.w.945)..id(Bmr020.w.951)"/>
   </dialogueact>
   <dialogueact nite:id="Bmr020.B.dialogueact140" starttime="209.016" endtime="209.166" type="fh" original-type="fh" channel="c1" participant="mn014">
      <nite:child href="Bmr020.B.words.xml#id(Bmr020.w.952)..id(Bmr020.w.953)"/>
   </dialogueact>
   <dialogueact nite:id="Bmr020.B.dialogueact146" starttime="212.73" endtime="212.85" type="b" original-type="b" channel="c1" participant="mn014">
      <nite:child href="Bmr020.B.words.xml#id(Bmr020.w.1,004)..id(Bmr020.w.1,005)"/>
   </dialogueact>
   <dialogueact nite:id="Bmr020.B.dialogueact167" starttime="233.415" endtime="233.635" type="s^bk" original-type="s^bk" channel="c1" participant="mn014">
      <nite:child href="Bmr020.B.words.xml#id(Bmr020.w.1,105)..id(Bmr020.w.1,106)"/>
   </dialogueact>
   <dialogueact nite:id="Bmr020.B.dialogueact168" starttime="233.635" endtime="234.175" type="s" original-type="s" channel="c1" participant="mn014">
      <nite:child href="Bmr020.B.words.xml#id(Bmr020.w.1,107)..id(Bmr020.w.1,109)"/>
   </dialogueact>
   <dialogueact nite:id="Bmr020.B.dialogueact249" starttime="383.179" endtime="383.349" type="%-" original-type="%-" channel="c1" participant="mn014">
      <nite:child href="Bmr020.B.words.xml#id(Bmr020.w.1,703)..id(Bmr020.disfmarker.89)"/>
   </dialogueact>
   <dialogueact nite:id="Bmr020.B.dialogueact252" starttime="388.526" endtime="389.286" type="%-" original-type="%-" channel="c1" participant="mn014">
      <nite:child href="Bmr020.B.words.xml#id(Bmr020.w.1,721)..id(Bmr020.w.1,723)"/>
   </dialogueact>
   <dialogueact nite:id="Bmr020.B.dialogueact258" starttime="391.884" endtime="392.104" type="fg" original-type="fg" channel="c1" participant="mn014">
      <nite:child href="Bmr020.B.words.xml#id(Bmr020.w.1,745)..id(Bmr020.disfmarker.96)"/>
   </dialogueact>
   <dialogueact nite:id="Bmr020.B.dialogueact259" starttime="392.709" endtime="394.849" type="qr^bu^d^rt" adjacency="37a" original-type="qr^bu^d^rt" channel="c1" participant="mn014">
      <nite:child href="Bmr020.B.words.xml#id(Bmr020.w.1,746)..id(Bmr020.w.1,755)"/>
   </dialogueact>
   <dialogueact nite:id="Bmr020.B.dialogueact263" starttime="395.49" endtime="395.64" type="b" original-type="b" channel="c1" participant="mn014">
      <nite:child href="Bmr020.B.words.xml#id(Bmr020.w.1,780)..id(Bmr020.w.1,781)"/>
   </dialogueact>
   <dialogueact nite:id="Bmr020.B.dialogueact267" starttime="396.282" endtime="396.492" type="s^bk" adjacency="38b" original-type="s^bk" channel="c1" participant="mn014">
      <nite:child href="Bmr020.B.words.xml#id(Bmr020.w.1,808)..id(Bmr020.w.1,809)"/>
   </dialogueact>
   <dialogueact nite:id="Bmr020.B.dialogueact268" starttime="396.492" endtime="396.842" type="fh" original-type="fh" channel="c1" participant="mn014">
      <nite:child href="Bmr020.B.words.xml#id(Bmr020.w.1,810)..id(Bmr020.disfmarker.101)"/>
   </dialogueact>
   <dialogueact nite:id="Bmr020.B.dialogueact285" starttime="440.477" endtime="441.417" type="s.%-" original-type="s.%-" channel="c1" participant="mn014">
      <nite:child href="Bmr020.B.words.xml#id(Bmr020.w.1,985)..id(Bmr020.disfmarker.111)"/>
   </dialogueact>
   <dialogueact nite:id="Bmr020.B.dialogueact291" starttime="444.009" endtime="446.019" type="s^na" adjacency="44b-1" original-type="s^na" channel="c1" participant="mn014">
      <nite:child href="Bmr020.B.words.xml#id(Bmr020.w.2,025)..id(Bmr020.w.2,035)"/>
   </dialogueact>
   <dialogueact nite:id="Bmr020.B.dialogueact295" starttime="446.019" endtime="446.229" type="s^aa" adjacency="44b-1+" original-type="s^aa" channel="c1" participant="mn014">
      <nite:child href="Bmr020.B.words.xml#id(Bmr020.w.2,036)..id(Bmr020.w.2,037)"/>
   </dialogueact>
   <dialogueact nite:id="Bmr020.B.dialogueact301" starttime="453.25" endtime="453.42" type="b" original-type="b" channel="c1" participant="mn014">
      <nite:child href="Bmr020.B.words.xml#id(Bmr020.w.2,103)..id(Bmr020.w.2,104)"/>
   </dialogueact>
   <dialogueact nite:id="Bmr020.B.dialogueact350" starttime="553.8" endtime="554.0" type="s^bk" adjacency="50b-1" original-type="s^bk" channel="c1" participant="mn014">
      <nite:child href="Bmr020.B.words.xml#id(Bmr020.w.2,473)..id(Bmr020.w.2,474)"/>
   </dialogueact>
   <dialogueact nite:id="Bmr020.B.dialogueact353" starttime="554.313" endtime="555.593" type="s" adjacency="50b-1+" original-type="s" channel="c1" participant="mn014">
      <nite:child href="Bmr020.B.words.xml#id(Bmr020.w.2,477)..id(Bmr020.w.2,482)"/>
   </dialogueact>
   <dialogueact nite:id="Bmr020.B.dialogueact354" starttime="555.683" endtime="555.823" type="b" original-type="b" channel="c1" participant="mn014">
      <nite:child href="Bmr020.B.words.xml#id(Bmr020.w.2,483)..id(Bmr020.w.2,484)"/>
   </dialogueact>
   <dialogueact nite:id="Bmr020.B.dialogueact376" starttime="630.064" endtime="630.184" type="b" original-type="b" channel="c1" participant="mn014">
      <nite:child href="Bmr020.B.words.xml#id(Bmr020.w.2,755)..id(Bmr020.w.2,756)"/>
   </dialogueact>
   <dialogueact nite:id="Bmr020.B.dialogueact396" starttime="667.978" endtime="668.968" type="s^t1.%--" original-type="s^t1.%--" channel="c1" participant="mn014">
      <nite:child href="Bmr020.B.words.xml#id(Bmr020.w.2,899)..id(Bmr020.disfmarker.169)"/>
   </dialogueact>
   <dialogueact nite:id="Bmr020.B.dialogueact465" starttime="782.69" endtime="782.74" type="b" original-type="b" channel="c1" participant="mn014">
      <nite:child href="Bmr020.B.words.xml#id(Bmr020.w.3,359)..id(Bmr020.w.3,360)"/>
   </dialogueact>
   <dialogueact nite:id="Bmr020.B.dialogueact470" starttime="798.65" endtime="800.23" type="s^bu" adjacency="16b.17a" original-type="s^bu" channel="c1" participant="mn014">
      <nite:child href="Bmr020.B.words.xml#id(Bmr020.w.3,398)..id(Bmr020.w.3,406)"/>
   </dialogueact>
   <dialogueact nite:id="Bmr020.B.dialogueact472" starttime="800.33" endtime="800.56" type="s^bk" adjacency="16b+" original-type="s^bk" channel="c1" participant="mn014">
      <nite:child href="Bmr020.B.words.xml#id(Bmr020.w.3,407)..id(Bmr020.w.3,408)"/>
   </dialogueact>
   <dialogueact nite:id="Bmr020.B.dialogueact474" starttime="801.41" endtime="803.66" type="s^bu^r" adjacency="18b.19a" original-type="s^bu^r" channel="c1" participant="mn014">
      <nite:child href="Bmr020.B.words.xml#id(Bmr020.w.3,414)..id(Bmr020.w.3,425)"/>
   </dialogueact>
   <dialogueact nite:id="Bmr020.B.dialogueact477" starttime="805.499" endtime="805.669" type="b" original-type="b" channel="c1" participant="mn014">
      <nite:child href="Bmr020.B.words.xml#id(Bmr020.w.3,442)..id(Bmr020.w.3,443)"/>
   </dialogueact>
   <dialogueact nite:id="Bmr020.B.dialogueact495" starttime="860.5" endtime="861.2" type="s.%-" original-type="s.%-" channel="c1" participant="mn014">
      <nite:child href="Bmr020.B.words.xml#id(Bmr020.w.3,646)..id(Bmr020.w.3,648)"/>
   </dialogueact>
   <dialogueact nite:id="Bmr020.B.dialogueact571" starttime="1023.7" endtime="1023.87" type="s^ba" adjacency="25b" original-type="s^ba" channel="c1" participant="mn014">
      <nite:child href="Bmr020.B.words.xml#id(Bmr020.w.4,247)..id(Bmr020.w.4,248)"/>
   </dialogueact>
   <dialogueact nite:id="Bmr020.B.dialogueact578" starttime="1032.48" endtime="1033.22" type="s^m^na" adjacency="27b-1" original-type="s^m^na" channel="c1" participant="mn014">
      <nite:child href="Bmr020.B.words.xml#id(Bmr020.w.4,283)..id(Bmr020.w.4,285)"/>
   </dialogueact>
   <dialogueact nite:id="Bmr020.B.dialogueact579" starttime="1033.22" endtime="1033.47" type="s^bk" adjacency="27b-1+" original-type="s^bk" channel="c1" participant="mn014">
      <nite:child href="Bmr020.B.words.xml#id(Bmr020.w.4,286)..id(Bmr020.w.4,287)"/>
   </dialogueact>
   <dialogueact nite:id="Bmr020.B.dialogueact583" starttime="1036.67" endtime="1037.92" type="s" original-type="s" channel="c1" participant="mn014">
      <nite:child href="Bmr020.B.words.xml#id(Bmr020.w.4,311)..id(Bmr020.w.4,315)"/>
   </dialogueact>
   <dialogueact nite:id="Bmr020.B.dialogueact587" starttime="1042.13" endtime="1042.31" type="b" original-type="b" channel="c1" participant="mn014">
      <nite:child href="Bmr020.B.words.xml#id(Bmr020.w.4,338)..id(Bmr020.w.4,339)"/>
   </dialogueact>
   <dialogueact nite:id="Bmr020.B.dialogueact976" starttime="1655.93" endtime="1656.33" type="qy^bu^d^m^rt^t3" adjacency="58b.59a" original-type="qy^bu^d^m^rt^t3" channel="c1" participant="mn014">
      <nite:child href="Bmr020.B.words.xml#id(Bmr020.w.7,075)..id(Bmr020.w.7,076)"/>
   </dialogueact>
   <dialogueact nite:id="Bmr020.B.dialogueact988" starttime="1676.96" endtime="1677.17" type="b" original-type="b" channel="c1" participant="mn014">
      <nite:child href="Bmr020.B.words.xml#id(Bmr020.w.7,157)..id(Bmr020.w.7,158)"/>
   </dialogueact>
   <dialogueact nite:id="Bmr020.B.dialogueact992" starttime="1678.66" endtime="1678.84" type="s^aa" adjacency="63b" original-type="s^aa" channel="c1" participant="mn014">
      <nite:child href="Bmr020.B.words.xml#id(Bmr020.w.7,168)..id(Bmr020.w.7,169)"/>
   </dialogueact>
   <dialogueact nite:id="Bmr020.B.dialogueact993" starttime="1679.24" endtime="1679.66" type="s^ba" adjacency="63b+" original-type="s^ba" channel="c1" participant="mn014">
      <nite:child href="Bmr020.B.words.xml#id(Bmr020.w.7,170)..id(Bmr020.w.7,172)"/>
   </dialogueact>
   <dialogueact nite:id="Bmr020.B.dialogueact1003" starttime="1688.19" endtime="1688.37" type="b" original-type="b" channel="c1" participant="mn014">
      <nite:child href="Bmr020.B.words.xml#id(Bmr020.w.7,233)..id(Bmr020.w.7,234)"/>
   </dialogueact>
   <dialogueact nite:id="Bmr020.B.dialogueact1080" starttime="1907.66" endtime="1927.54" type="s^bk|s" adjacency="2b.3a" original-type="s^bk|s" channel="c1" participant="mn014">
      <nite:child href="Bmr020.B.words.xml#id(Bmr020.w.8,087)..id(Bmr020.disfmarker.438)"/>
   </dialogueact>
   <dialogueact nite:id="Bmr020.B.dialogueact1085" starttime="1927.54" endtime="1929.38" type="s^e" adjacency="3a+" original-type="s^e" channel="c1" participant="mn014">
      <nite:child href="Bmr020.B.words.xml#id(Bmr020.w.8,129)..id(Bmr020.w.8,134)"/>
   </dialogueact>
   <dialogueact nite:id="Bmr020.B.dialogueact1088" starttime="1930.5" endtime="1930.71" type="fh" original-type="fh" channel="c1" participant="mn014">
      <nite:child href="Bmr020.B.words.xml#id(Bmr020.w.8,144)..id(Bmr020.w.8,145)"/>
   </dialogueact>
   <dialogueact nite:id="Bmr020.B.dialogueact1107" starttime="1968.98" endtime="1976.48" type="s" adjacency="5b.6a" original-type="s" channel="c1" participant="mn014">
      <nite:child href="Bmr020.B.words.xml#id(Bmr020.w.8,274)..id(Bmr020.w.8,295)"/>
   </dialogueact>
   <dialogueact nite:id="Bmr020.B.dialogueact1111" starttime="1982.62" endtime="1982.77" type="b" original-type="b" channel="c1" participant="mn014">
      <nite:child href="Bmr020.B.words.xml#id(Bmr020.w.8,323)..id(Bmr020.w.8,324)"/>
   </dialogueact>
   <dialogueact nite:id="Bmr020.B.dialogueact1113" starttime="1986.14" endtime="1986.25" type="b" original-type="b" channel="c1" participant="mn014">
      <nite:child href="Bmr020.B.words.xml#id(Bmr020.w.8,332)..id(Bmr020.w.8,333)"/>
   </dialogueact>
   <dialogueact nite:id="Bmr020.B.dialogueact1120" starttime="1994.23" endtime="1994.4" type="b" original-type="b" channel="c1" participant="mn014">
      <nite:child href="Bmr020.B.words.xml#id(Bmr020.w.8,383)..id(Bmr020.w.8,384)"/>
   </dialogueact>
   <dialogueact nite:id="Bmr020.B.dialogueact1122" starttime="1995.08" endtime="2001.03" type="s^rt" adjacency="7b" original-type="s^rt" channel="c1" participant="mn014">
      <nite:child href="Bmr020.B.words.xml#id(Bmr020.w.8,387)..id(Bmr020.w.8,406)"/>
   </dialogueact>
   <dialogueact nite:id="Bmr020.B.dialogueact1124" starttime="2001.64" endtime="2005.45" type="s^e" adjacency="7b+.8a" original-type="s^e" channel="c1" participant="mn014">
      <nite:child href="Bmr020.B.words.xml#id(Bmr020.w.8,411)..id(Bmr020.w.8,426)"/>
   </dialogueact>
   <dialogueact nite:id="Bmr020.B.dialogueact1126" starttime="2005.45" endtime="2013.24" type="s^e" adjacency="7b++.9a" original-type="s^e" channel="c1" participant="mn014">
      <nite:child href="Bmr020.B.words.xml#id(Bmr020.w.8,427)..id(Bmr020.w.8,459)"/>
   </dialogueact>
   <dialogueact nite:id="Bmr020.B.dialogueact1128" starttime="2013.46" endtime="2013.72" type="fh" original-type="fh" channel="c1" participant="mn014">
      <nite:child href="Bmr020.B.words.xml#id(Bmr020.w.8,460)..id(Bmr020.w.8,461)"/>
   </dialogueact>
   <dialogueact nite:id="Bmr020.B.dialogueact1130" starttime="2014.05" endtime="2014.89" type="s" adjacency="7b+++" original-type="s" channel="c1" participant="mn014">
      <nite:child href="Bmr020.B.words.xml#id(Bmr020.w.8,506)..id(Bmr020.w.8,510)"/>
   </dialogueact>
   <dialogueact nite:id="Bmr020.B.dialogueact1132" starttime="2014.89" endtime="2015.05" type="%-" original-type="%-" channel="c1" participant="mn014">
      <nite:child href="Bmr020.B.words.xml#id(Bmr020.w.8,511)..id(Bmr020.disfmarker.459)"/>
   </dialogueact>
   <dialogueact nite:id="Bmr020.B.dialogueact1135" starttime="2019.02" endtime="2019.13" type="b" original-type="b" channel="c1" participant="mn014">
      <nite:child href="Bmr020.B.words.xml#id(Bmr020.w.8,512)..id(Bmr020.w.8,513)"/>
   </dialogueact>
   <dialogueact nite:id="Bmr020.B.dialogueact1213" starttime="2289.89" endtime="2290.1" type="fg" original-type="fg" channel="c1" participant="mn014">
      <nite:child href="Bmr020.B.words.xml#id(Bmr020.w.9,569)..id(Bmr020.w.9,570)"/>
   </dialogueact>
   <dialogueact nite:id="Bmr020.B.dialogueact1214" starttime="2290.58" endtime="2291.68" type="s" adjacency="19a" original-type="s" channel="c1" participant="mn014">
      <nite:child href="Bmr020.B.words.xml#id(Bmr020.w.9,571)..id(Bmr020.w.9,579)"/>
   </dialogueact>
   <dialogueact nite:id="Bmr020.B.dialogueact1226" starttime="2304.45" endtime="2305.74" type="s^bu" adjacency="22b.23a" original-type="s^bu" channel="c1" participant="mn014">
      <nite:child href="Bmr020.B.words.xml#id(Bmr020.w.9,632)..id(Bmr020.w.9,637)"/>
   </dialogueact>
   <dialogueact nite:id="Bmr020.B.dialogueact1227" starttime="2305.74" endtime="2306.5" type="qy^d^g^rt" original-type="qy^d^g^rt" channel="c1" participant="mn014">
      <nite:child href="Bmr020.B.words.xml#id(Bmr020.w.9,638)..id(Bmr020.w.9,640)"/>
   </dialogueact>
   <dialogueact nite:id="Bmr020.B.dialogueact1237" starttime="2328.6" endtime="2328.94" type="qy^d^rt" original-type="qy^d^rt" channel="c1" participant="mn014">
      <nite:child href="Bmr020.B.words.xml#id(Bmr020.w.9,744)..id(Bmr020.w.9,745)"/>
   </dialogueact>
   <dialogueact nite:id="Bmr020.B.dialogueact1238" starttime="2330.93" endtime="2331.24" type="s^bk" adjacency="26b" original-type="s^bk" channel="c1" participant="mn014">
      <nite:child href="Bmr020.B.words.xml#id(Bmr020.w.9,746)..id(Bmr020.w.9,747)"/>
   </dialogueact>
   <dialogueact nite:id="Bmr020.B.dialogueact1241" starttime="2332.99" endtime="2333.49" type="s.%-" original-type="s.%-" channel="c1" participant="mn014">
      <nite:child href="Bmr020.B.words.xml#id(Bmr020.w.9,773)..id(Bmr020.disfmarker.509)"/>
   </dialogueact>
   <dialogueact nite:id="Bmr020.B.dialogueact1244" starttime="2335.93" endtime="2341.78" type="qy^d^rt" adjacency="27a" original-type="qy^d^rt" channel="c1" participant="mn014">
      <nite:child href="Bmr020.B.words.xml#id(Bmr020.w.9,776)..id(Bmr020.w.9,795)"/>
   </dialogueact>
   <dialogueact nite:id="Bmr020.B.dialogueact1245" starttime="2341.78" endtime="2342.07" type="qrr.%--" original-type="qrr.%--" channel="c1" participant="mn014">
      <nite:child href="Bmr020.B.words.xml#id(Bmr020.w.9,796)..id(Bmr020.w.9,797)"/>
   </dialogueact>
   <dialogueact nite:id="Bmr020.B.dialogueact1254" starttime="2353.79" endtime="2354.03" type="b" original-type="b" channel="c1" participant="mn014">
      <nite:child href="Bmr020.B.words.xml#id(Bmr020.w.9,860)..id(Bmr020.w.9,861)"/>
   </dialogueact>
   <dialogueact nite:id="Bmr020.B.dialogueact1270" starttime="2393.08" endtime="2393.6" type="s^2" adjacency="30b" original-type="s^2" channel="c1" participant="mn014">
      <nite:child href="Bmr020.B.words.xml#id(Bmr020.w.10,051)..id(Bmr020.w.10,054)"/>
   </dialogueact>
   <dialogueact nite:id="Bmr020.B.dialogueact1285" starttime="2427.06" endtime="2427.12" type="b" original-type="b" channel="c1" participant="mn014">
      <nite:child href="Bmr020.B.words.xml#id(Bmr020.w.10,240)..id(Bmr020.w.10,241)"/>
   </dialogueact>
   <dialogueact nite:id="Bmr020.B.dialogueact1286" starttime="2428.73" endtime="2428.82" type="%" original-type="%" channel="c1" participant="mn014">
      <nite:child href="Bmr020.B.words.xml#id(Bmr020.w.10,242)..id(Bmr020.disfmarker.523)"/>
   </dialogueact>
   <dialogueact nite:id="Bmr020.B.dialogueact1287" starttime="2433.62" endtime="2439.81" type="s^cs^ng" adjacency="2b.3a" original-type="s^cs^ng" channel="c1" participant="mn014">
      <nite:child href="Bmr020.B.words.xml#id(Bmr020.w.10,243)..id(Bmr020.w.10,268)"/>
   </dialogueact>
   <dialogueact nite:id="Bmr020.B.dialogueact1290" starttime="2442.49" endtime="2442.66" type="s^aa" adjacency="4b" original-type="s^aa" channel="c1" participant="mn014">
      <nite:child href="Bmr020.B.words.xml#id(Bmr020.w.10,283)..id(Bmr020.w.10,284)"/>
   </dialogueact>
   <dialogueact nite:id="Bmr020.B.dialogueact1292" starttime="2444.33" endtime="2446.08" type="s.%-" original-type="s.%-" channel="c1" participant="mn014">
      <nite:child href="Bmr020.B.words.xml#id(Bmr020.w.10,303)..id(Bmr020.w.10,313)"/>
   </dialogueact>
   <dialogueact nite:id="Bmr020.B.dialogueact1294" starttime="2446.64" endtime="2446.75" type="%" original-type="%" channel="c1" participant="mn014">
      <nite:child href="Bmr020.B.words.xml#id(Bmr020.w.10,314)"/>
   </dialogueact>
   <dialogueact nite:id="Bmr020.B.dialogueact1299" starttime="2449.12" endtime="2451.14" type="s" adjacency="6b" original-type="s" channel="c1" participant="mn014">
      <nite:child href="Bmr020.B.words.xml#id(Bmr020.w.10,356)..id(Bmr020.w.10,366)"/>
   </dialogueact>
   <dialogueact nite:id="Bmr020.B.dialogueact1301" starttime="2452.32" endtime="2452.52" type="b" original-type="b" channel="c1" participant="mn014">
      <nite:child href="Bmr020.B.words.xml#id(Bmr020.w.10,367)..id(Bmr020.w.10,368)"/>
   </dialogueact>
   <dialogueact nite:id="Bmr020.B.dialogueact1306" starttime="2454.66" endtime="2454.84" type="b" original-type="b" channel="c1" participant="mn014">
      <nite:child href="Bmr020.B.words.xml#id(Bmr020.w.10,419)..id(Bmr020.w.10,420)"/>
   </dialogueact>
   <dialogueact nite:id="Bmr020.B.dialogueact1308" starttime="2458.24" endtime="2458.38" type="s^aa" adjacency="8b" original-type="s^aa" channel="c1" participant="mn014">
      <nite:child href="Bmr020.B.words.xml#id(Bmr020.w.10,421)..id(Bmr020.w.10,422)"/>
   </dialogueact>
   <dialogueact nite:id="Bmr020.B.dialogueact1309" starttime="2459.26" endtime="2465.38" type="s^cs" original-type="s^cs" channel="c1" participant="mn014">
      <nite:child href="Bmr020.B.words.xml#id(Bmr020.w.10,423)..id(Bmr020.w.10,439)"/>
   </dialogueact>
   <dialogueact nite:id="Bmr020.B.dialogueact1311" starttime="2465.43" endtime="2470.14" type="s^cs" adjacency="9a" original-type="s^cs" channel="c1" participant="mn014">
      <nite:child href="Bmr020.B.words.xml#id(Bmr020.w.10,440)..id(Bmr020.w.10,490)"/>
   </dialogueact>
   <dialogueact nite:id="Bmr020.B.dialogueact1318" starttime="2473.38" endtime="2474.89" type="h|s^aap" adjacency="10b" original-type="h|s^aap" channel="c1" participant="mn014">
      <nite:child href="Bmr020.B.words.xml#id(Bmr020.w.10,491)..id(Bmr020.w.10,496)"/>
   </dialogueact>
   <dialogueact nite:id="Bmr020.B.dialogueact1319" starttime="2475.59" endtime="2482.03" type="s^aap^rt" adjacency="10b+" original-type="s^aap^rt" channel="c1" participant="mn014">
      <nite:child href="Bmr020.B.words.xml#id(Bmr020.w.10,497)..id(Bmr020.w.10,513)"/>
   </dialogueact>
   <dialogueact nite:id="Bmr020.B.dialogueact1320" starttime="2482.27" endtime="2485.98" type="s^aap^j" adjacency="10b++.11a" original-type="s^aap^j" channel="c1" participant="mn014">
      <nite:child href="Bmr020.B.words.xml#id(Bmr020.w.10,514)..id(Bmr020.w.10,525)"/>
   </dialogueact>
   <dialogueact nite:id="Bmr020.B.dialogueact1323" starttime="2488.38" endtime="2488.69" type="s^bk" adjacency="12b-1" original-type="s^bk" channel="c1" participant="mn014">
      <nite:child href="Bmr020.B.words.xml#id(Bmr020.w.10,532)..id(Bmr020.w.10,533)"/>
   </dialogueact>
   <dialogueact nite:id="Bmr020.B.dialogueact1324" starttime="2488.97" endtime="2489.22" type="%" original-type="%" channel="c1" participant="mn014">
      <nite:child href="Bmr020.B.words.xml#id(Bmr020.w.10,534)..id(Bmr020.disfmarker.544)"/>
   </dialogueact>
   <dialogueact nite:id="Bmr020.B.dialogueact1325" starttime="2489.34" endtime="2489.75" type="s^aa" adjacency="12b+" original-type="s^aa" channel="c1" participant="mn014">
      <nite:child href="Bmr020.B.words.xml#id(Bmr020.w.10,535)..id(Bmr020.w.10,538)"/>
   </dialogueact>
   <dialogueact nite:id="Bmr020.B.dialogueact1335" starttime="2500.19" endtime="2500.34" type="b" original-type="b" channel="c1" participant="mn014">
      <nite:child href="Bmr020.B.words.xml#id(Bmr020.w.10,610)..id(Bmr020.w.10,611)"/>
   </dialogueact>
   <dialogueact nite:id="Bmr020.B.dialogueact1338" starttime="2503.83" endtime="2503.96" type="b" original-type="b" channel="c1" participant="mn014">
      <nite:child href="Bmr020.B.words.xml#id(Bmr020.w.10,641)..id(Bmr020.w.10,642)"/>
   </dialogueact>
   <dialogueact nite:id="Bmr020.B.dialogueact1339" starttime="2507.58" endtime="2507.71" type="b" original-type="b" channel="c1" participant="mn014">
      <nite:child href="Bmr020.B.words.xml#id(Bmr020.w.10,643)..id(Bmr020.w.10,644)"/>
   </dialogueact>
   <dialogueact nite:id="Bmr020.B.dialogueact1341" starttime="2508.3" endtime="2508.49" type="b" original-type="b" channel="c1" participant="mn014">
      <nite:child href="Bmr020.B.words.xml#id(Bmr020.w.10,645)..id(Bmr020.w.10,646)"/>
   </dialogueact>
   <dialogueact nite:id="Bmr020.B.dialogueact1342" starttime="2514.41" endtime="2514.6" type="b" original-type="b" channel="c1" participant="mn014">
      <nite:child href="Bmr020.B.words.xml#id(Bmr020.w.10,672)..id(Bmr020.w.10,673)"/>
   </dialogueact>
   <dialogueact nite:id="Bmr020.B.dialogueact1344" starttime="2514.96" endtime="2515.64" type="s^2" adjacency="15b-1" original-type="s^2" channel="c1" participant="mn014">
      <nite:child href="Bmr020.B.words.xml#id(Bmr020.w.10,691)..id(Bmr020.disfmarker.549)"/>
   </dialogueact>
   <dialogueact nite:id="Bmr020.B.dialogueact1345" starttime="2516.1" endtime="2516.27" type="b" original-type="b" channel="c1" participant="mn014">
      <nite:child href="Bmr020.B.words.xml#id(Bmr020.w.10,693)..id(Bmr020.w.10,694)"/>
   </dialogueact>
   <dialogueact nite:id="Bmr020.B.dialogueact1349" starttime="2523.13" endtime="2523.28" type="b" original-type="b" channel="c1" participant="mn014">
      <nite:child href="Bmr020.B.words.xml#id(Bmr020.w.10,732)..id(Bmr020.w.10,733)"/>
   </dialogueact>
   <dialogueact nite:id="Bmr020.B.dialogueact1358" starttime="2533.17" endtime="2533.35" type="s^aa" adjacency="19b" original-type="s^aa" channel="c1" participant="mn014">
      <nite:child href="Bmr020.B.words.xml#id(Bmr020.w.10,798)..id(Bmr020.w.10,799)"/>
   </dialogueact>
   <dialogueact nite:id="Bmr020.B.dialogueact1389" starttime="2566.6" endtime="2566.77" type="b" original-type="b" channel="c1" participant="mn014">
      <nite:child href="Bmr020.B.words.xml#id(Bmr020.w.10,979)..id(Bmr020.w.10,980)"/>
   </dialogueact>
   <dialogueact nite:id="Bmr020.B.dialogueact1390" starttime="2567.07" endtime="2567.61" type="%" original-type="%" channel="c1" participant="mn014">
      <nite:child href="Bmr020.B.words.xml#id(Bmr020.w.10,981)..id(Bmr020.w.10,983)"/>
   </dialogueact>
   <dialogueact nite:id="Bmr020.B.dialogueact1393" starttime="2569.14" endtime="2569.33" type="b" original-type="b" channel="c1" participant="mn014">
      <nite:child href="Bmr020.B.words.xml#id(Bmr020.w.11,020)..id(Bmr020.w.11,021)"/>
   </dialogueact>
   <dialogueact nite:id="Bmr020.B.dialogueact1395" starttime="2573.31" endtime="2578.14" type="s^bk|s^aap" adjacency="27b-1" original-type="s^bk|s^aap" channel="c1" participant="mn014">
      <nite:child href="Bmr020.B.words.xml#id(Bmr020.w.11,022)..id(Bmr020.w.11,046)"/>
   </dialogueact>
   <dialogueact nite:id="Bmr020.B.dialogueact1397" starttime="2579.83" endtime="2579.92" type="b" original-type="b" channel="c1" participant="mn014">
      <nite:child href="Bmr020.B.words.xml#id(Bmr020.w.11,070)..id(Bmr020.w.11,071)"/>
   </dialogueact>
   <dialogueact nite:id="Bmr020.B.dialogueact1398" starttime="2580.62" endtime="2580.78" type="b" original-type="b" channel="c1" participant="mn014">
      <nite:child href="Bmr020.B.words.xml#id(Bmr020.w.11,072)..id(Bmr020.w.11,073)"/>
   </dialogueact>
   <dialogueact nite:id="Bmr020.B.dialogueact1411" starttime="2593.82" endtime="2594.04" type="b" original-type="b" channel="c1" participant="mn014">
      <nite:child href="Bmr020.B.words.xml#id(Bmr020.w.11,150)..id(Bmr020.w.11,151)"/>
   </dialogueact>
   <dialogueact nite:id="Bmr020.B.dialogueact1418" starttime="2601.71" endtime="2601.91" type="%-" original-type="%-" channel="c1" participant="mn014">
      <nite:child href="Bmr020.B.words.xml#id(Bmr020.w.11,205)..id(Bmr020.disfmarker.583)"/>
   </dialogueact>
   <dialogueact nite:id="Bmr020.B.dialogueact1420" starttime="2602.93" endtime="2604.02" type="s^nd" adjacency="31b-2" original-type="s^nd" channel="c1" participant="mn014">
      <nite:child href="Bmr020.B.words.xml#id(Bmr020.w.11,214)..id(Bmr020.w.11,222)"/>
   </dialogueact>
   <dialogueact nite:id="Bmr020.B.dialogueact1422" starttime="2605.13" endtime="2605.73" type="qy^bu^d^rt" adjacency="32a" original-type="qy^bu^d^rt" channel="c1" participant="mn014">
      <nite:child href="Bmr020.B.words.xml#id(Bmr020.w.11,226)..id(Bmr020.w.11,229)"/>
   </dialogueact>
   <dialogueact nite:id="Bmr020.B.dialogueact1426" starttime="2608.13" endtime="2609.13" type="s^bk|s" adjacency="33b" original-type="s^bk|s" channel="c1" participant="mn014">
      <nite:child href="Bmr020.B.words.xml#id(Bmr020.w.11,244)..id(Bmr020.w.11,250)"/>
   </dialogueact>
   <dialogueact nite:id="Bmr020.B.dialogueact1429" starttime="2609.72" endtime="2610.19" type="s" adjacency="33b+" original-type="s" channel="c1" participant="mn014">
      <nite:child href="Bmr020.B.words.xml#id(Bmr020.w.11,259)..id(Bmr020.w.11,263)"/>
   </dialogueact>
   <dialogueact nite:id="Bmr020.B.dialogueact1432" starttime="2612.0" endtime="2612.18" type="b" original-type="b" channel="c1" participant="mn014">
      <nite:child href="Bmr020.B.words.xml#id(Bmr020.w.11,288)..id(Bmr020.w.11,289)"/>
   </dialogueact>
   <dialogueact nite:id="Bmr020.B.dialogueact1434" starttime="2612.65" endtime="2613.26" type="s" adjacency="34b" original-type="s" channel="c1" participant="mn014">
      <nite:child href="Bmr020.B.words.xml#id(Bmr020.w.11,290)..id(Bmr020.w.11,294)"/>
   </dialogueact>
   <dialogueact nite:id="Bmr020.B.dialogueact1436" starttime="2613.26" endtime="2613.72" type="fh" original-type="fh" channel="c1" participant="mn014">
      <nite:child href="Bmr020.B.words.xml#id(Bmr020.w.11,295)..id(Bmr020.w.11,296)"/>
   </dialogueact>
   <dialogueact nite:id="Bmr020.B.dialogueact1439" starttime="2615.06" endtime="2615.2" type="b" original-type="b" channel="c1" participant="mn014">
      <nite:child href="Bmr020.B.words.xml#id(Bmr020.w.11,311)..id(Bmr020.w.11,312)"/>
   </dialogueact>
   <dialogueact nite:id="Bmr020.B.dialogueact1443" starttime="2615.99" endtime="2616.09" type="b" original-type="b" channel="c1" participant="mn014">
      <nite:child href="Bmr020.B.words.xml#id(Bmr020.w.11,324)..id(Bmr020.w.11,325)"/>
   </dialogueact>
   <dialogueact nite:id="Bmr020.B.dialogueact1458" starttime="2649.06" endtime="2649.2" type="b" original-type="b" channel="c1" participant="mn014">
      <nite:child href="Bmr020.B.words.xml#id(Bmr020.w.11,484)..id(Bmr020.w.11,485)"/>
   </dialogueact>
   <dialogueact nite:id="Bmr020.B.dialogueact1466" starttime="2657.33" endtime="2657.53" type="s^bk" adjacency="41b" original-type="s^bk" channel="c1" participant="mn014">
      <nite:child href="Bmr020.B.words.xml#id(Bmr020.w.11,538)..id(Bmr020.w.11,539)"/>
   </dialogueact>
   <dialogueact nite:id="Bmr020.B.dialogueact1469" starttime="2658.07" endtime="2658.24" type="b" original-type="b" channel="c1" participant="mn014">
      <nite:child href="Bmr020.B.words.xml#id(Bmr020.w.11,565)..id(Bmr020.w.11,566)"/>
   </dialogueact>
   <dialogueact nite:id="Bmr020.B.dialogueact1471" starttime="2664.3" endtime="2664.51" type="b" original-type="b" channel="c1" participant="mn014">
      <nite:child href="Bmr020.B.words.xml#id(Bmr020.w.11,579)..id(Bmr020.w.11,580)"/>
   </dialogueact>
   <dialogueact nite:id="Bmr020.B.dialogueact1473" starttime="2665.24" endtime="2665.41" type="b" original-type="b" channel="c1" participant="mn014">
      <nite:child href="Bmr020.B.words.xml#id(Bmr020.w.11,581)..id(Bmr020.w.11,582)"/>
   </dialogueact>
   <dialogueact nite:id="Bmr020.B.dialogueact1482" starttime="2679.13" endtime="2679.26" type="b" original-type="b" channel="c1" participant="mn014">
      <nite:child href="Bmr020.B.words.xml#id(Bmr020.w.11,672)..id(Bmr020.w.11,673)"/>
   </dialogueact>
   <dialogueact nite:id="Bmr020.B.dialogueact1484" starttime="2682.78" endtime="2682.93" type="b" original-type="b" channel="c1" participant="mn014">
      <nite:child href="Bmr020.B.words.xml#id(Bmr020.w.11,678)..id(Bmr020.w.11,679)"/>
   </dialogueact>
   <dialogueact nite:id="Bmr020.B.dialogueact1492" starttime="2694.04" endtime="2694.17" type="b" original-type="b" channel="c1" participant="mn014">
      <nite:child href="Bmr020.B.words.xml#id(Bmr020.w.11,761)..id(Bmr020.w.11,762)"/>
   </dialogueact>
   <dialogueact nite:id="Bmr020.B.dialogueact1494" starttime="2695.98" endtime="2696.37" type="s^2" adjacency="45b" original-type="s^2" channel="c1" participant="mn014">
      <nite:child href="Bmr020.B.words.xml#id(Bmr020.w.11,763)..id(Bmr020.w.11,765)"/>
   </dialogueact>
   <dialogueact nite:id="Bmr020.B.dialogueact1495" starttime="2696.43" endtime="2696.7" type="s^aa" adjacency="45b+" original-type="s^aa" channel="c1" participant="mn014">
      <nite:child href="Bmr020.B.words.xml#id(Bmr020.w.11,766)..id(Bmr020.w.11,767)"/>
   </dialogueact>
   <dialogueact nite:id="Bmr020.B.dialogueact1496" starttime="2696.7" endtime="2696.89" type="b" original-type="b" channel="c1" participant="mn014">
      <nite:child href="Bmr020.B.words.xml#id(Bmr020.w.11,768)..id(Bmr020.w.11,769)"/>
   </dialogueact>
   <dialogueact nite:id="Bmr020.B.dialogueact1497" starttime="2697.48" endtime="2697.54" type="b" original-type="b" channel="c1" participant="mn014">
      <nite:child href="Bmr020.B.words.xml#id(Bmr020.w.11,770)..id(Bmr020.w.11,771)"/>
   </dialogueact>
   <dialogueact nite:id="Bmr020.B.dialogueact1511" starttime="2723.17" endtime="2723.47" type="b" original-type="b" channel="c1" participant="mn014">
      <nite:child href="Bmr020.B.words.xml#id(Bmr020.w.11,866)..id(Bmr020.w.11,867)"/>
   </dialogueact>
   <dialogueact nite:id="Bmr020.B.dialogueact1516" starttime="2729.64" endtime="2729.84" type="s^aa" adjacency="48b" original-type="s^aa" channel="c1" participant="mn014">
      <nite:child href="Bmr020.B.words.xml#id(Bmr020.w.11,926)..id(Bmr020.w.11,927)"/>
   </dialogueact>
   <dialogueact nite:id="Bmr020.B.dialogueact1530" starttime="2749.38" endtime="2750.25" type="fg" original-type="fg" channel="c1" participant="mn014">
      <nite:child href="Bmr020.B.words.xml#id(Bmr020.w.12,014)..id(Bmr020.disfmarker.622)"/>
   </dialogueact>
   <dialogueact nite:id="Bmr020.B.dialogueact1534" starttime="2751.48" endtime="2751.69" type="fg|%-" original-type="fg|%-" channel="c1" participant="mn014">
      <nite:child href="Bmr020.B.words.xml#id(Bmr020.w.12,040)..id(Bmr020.w.12,041)"/>
   </dialogueact>
   <dialogueact nite:id="Bmr020.B.dialogueact1537" starttime="2753.71" endtime="2753.81" type="fg" original-type="fg" channel="c1" participant="mn014">
      <nite:child href="Bmr020.B.words.xml#id(Bmr020.w.12,042)..id(Bmr020.w.12,043)"/>
   </dialogueact>
   <dialogueact nite:id="Bmr020.B.dialogueact1538" starttime="2753.81" endtime="2760.14" type="s" original-type="s" channel="c1" participant="mn014">
      <nite:child href="Bmr020.B.words.xml#id(Bmr020.w.12,044)..id(Bmr020.w.12,067)"/>
   </dialogueact>
   <dialogueact nite:id="Bmr020.B.dialogueact1539" starttime="2760.14" endtime="2766.85" type="s" original-type="s" channel="c1" participant="mn014">
      <nite:child href="Bmr020.B.words.xml#id(Bmr020.w.12,068)..id(Bmr020.disfmarker.630)"/>
   </dialogueact>
   <dialogueact nite:id="Bmr020.B.dialogueact1540" starttime="2767.78" endtime="2772.42" type="s^rt" original-type="s^rt" channel="c1" participant="mn014">
      <nite:child href="Bmr020.B.words.xml#id(Bmr020.w.12,085)..id(Bmr020.w.12,105)"/>
   </dialogueact>
   <dialogueact nite:id="Bmr020.B.dialogueact1541" starttime="2773.11" endtime="2775.01" type="s.%--" original-type="s.%--" channel="c1" participant="mn014">
      <nite:child href="Bmr020.B.words.xml#id(Bmr020.w.12,106)..id(Bmr020.disfmarker.633)"/>
   </dialogueact>
   <dialogueact nite:id="Bmr020.B.dialogueact1542" starttime="2775.01" endtime="2775.55" type="s^fe" original-type="s^fe" channel="c1" participant="mn014">
      <nite:child href="Bmr020.B.words.xml#id(Bmr020.w.12,111)..id(Bmr020.w.12,112)"/>
   </dialogueact>
   <dialogueact nite:id="Bmr020.B.dialogueact1543" starttime="2776.03" endtime="2776.89" type="fh" original-type="fh" channel="c1" participant="mn014">
      <nite:child href="Bmr020.B.words.xml#id(Bmr020.w.12,113)..id(Bmr020.disfmarker.634)"/>
   </dialogueact>
   <dialogueact nite:id="Bmr020.B.dialogueact1545" starttime="2777.89" endtime="2778.42" type="s^t1" original-type="s^t1" channel="c1" participant="mn014">
      <nite:child href="Bmr020.B.words.xml#id(Bmr020.w.12,116)..id(Bmr020.w.12,119)"/>
   </dialogueact>
   <dialogueact nite:id="Bmr020.B.dialogueact1546" starttime="2779.45" endtime="2792.1" type="s^e" original-type="s^e" channel="c1" participant="mn014">
      <nite:child href="Bmr020.B.words.xml#id(Bmr020.w.12,120)..id(Bmr020.w.12,151)"/>
   </dialogueact>
   <dialogueact nite:id="Bmr020.B.dialogueact1547" starttime="2792.79" endtime="2794.26" type="s.%--" original-type="s.%--" channel="c1" participant="mn014">
      <nite:child href="Bmr020.B.words.xml#id(Bmr020.w.12,152)..id(Bmr020.disfmarker.636)"/>
   </dialogueact>
   <dialogueact nite:id="Bmr020.B.dialogueact1548" starttime="2795.35" endtime="2795.62" type="s^bk" original-type="s^bk" channel="c1" participant="mn014">
      <nite:child href="Bmr020.B.words.xml#id(Bmr020.w.12,156)..id(Bmr020.w.12,157)"/>
   </dialogueact>
   <dialogueact nite:id="Bmr020.B.dialogueact1549" starttime="2795.96" endtime="2796.2" type="%--" original-type="%--" channel="c1" participant="mn014">
      <nite:child href="Bmr020.B.words.xml#id(Bmr020.w.12,158)..id(Bmr020.disfmarker.637)"/>
   </dialogueact>
   <dialogueact nite:id="Bmr020.B.dialogueact1550" starttime="2796.34" endtime="2796.55" type="s^bk" original-type="s^bk" channel="c1" participant="mn014">
      <nite:child href="Bmr020.B.words.xml#id(Bmr020.w.12,159)..id(Bmr020.w.12,160)"/>
   </dialogueact>
   <dialogueact nite:id="Bmr020.B.dialogueact1551" starttime="2796.55" endtime="2797.59" type="s.%--" original-type="s.%--" channel="c1" participant="mn014">
      <nite:child href="Bmr020.B.words.xml#id(Bmr020.w.12,161)..id(Bmr020.disfmarker.638)"/>
   </dialogueact>
   <dialogueact nite:id="Bmr020.B.dialogueact1552" starttime="2798.95" endtime="2800.15" type="s" original-type="s" channel="c1" participant="mn014">
      <nite:child href="Bmr020.B.words.xml#id(Bmr020.w.12,166)..id(Bmr020.disfmarker.640)"/>
   </dialogueact>
   <dialogueact nite:id="Bmr020.B.dialogueact1553" starttime="2800.53" endtime="2801.6" type="s^e.%--" original-type="s^e.%--" channel="c1" participant="mn014">
      <nite:child href="Bmr020.B.words.xml#id(Bmr020.w.12,173)..id(Bmr020.disfmarker.641)"/>
   </dialogueact>
   <dialogueact nite:id="Bmr020.B.dialogueact1554" starttime="2802.24" endtime="2804.24" type="s" original-type="s" channel="c1" participant="mn014">
      <nite:child href="Bmr020.B.words.xml#id(Bmr020.w.12,178)..id(Bmr020.w.12,187)"/>
   </dialogueact>
   <dialogueact nite:id="Bmr020.B.dialogueact1555" starttime="2804.24" endtime="2804.84" type="s" original-type="s" channel="c1" participant="mn014">
      <nite:child href="Bmr020.B.words.xml#id(Bmr020.w.12,188)..id(Bmr020.w.12,192)"/>
   </dialogueact>
   <dialogueact nite:id="Bmr020.B.dialogueact1556" starttime="2805.76" endtime="2809.9" type="s" adjacency="50a" original-type="s" channel="c1" participant="mn014">
      <nite:child href="Bmr020.B.words.xml#id(Bmr020.w.12,193)..id(Bmr020.w.12,208)"/>
   </dialogueact>
   <dialogueact nite:id="Bmr020.B.dialogueact1559" starttime="2811.73" endtime="2811.83" type="b" original-type="b" channel="c1" participant="mn014">
      <nite:child href="Bmr020.B.words.xml#id(Bmr020.w.12,230)..id(Bmr020.w.12,231)"/>
   </dialogueact>
   <dialogueact nite:id="Bmr020.B.dialogueact1561" starttime="2813.04" endtime="2813.22" type="b" original-type="b" channel="c1" participant="mn014">
      <nite:child href="Bmr020.B.words.xml#id(Bmr020.w.12,232)..id(Bmr020.w.12,233)"/>
   </dialogueact>
   <dialogueact nite:id="Bmr020.B.dialogueact1564" starttime="2819.85" endtime="2826.11" type="s^no" adjacency="51b" original-type="s^no" channel="c1" participant="mn014">
      <nite:child href="Bmr020.B.words.xml#id(Bmr020.w.12,263)..id(Bmr020.w.12,279)"/>
   </dialogueact>
   <dialogueact nite:id="Bmr020.B.dialogueact1565" starttime="2826.62" endtime="2827.36" type="s.%--" original-type="s.%--" channel="c1" participant="mn014">
      <nite:child href="Bmr020.B.words.xml#id(Bmr020.w.12,280)..id(Bmr020.disfmarker.646)"/>
   </dialogueact>
   <dialogueact nite:id="Bmr020.B.dialogueact1566" starttime="2827.36" endtime="2832.43" type="s^e" original-type="s^e" channel="c1" participant="mn014">
      <nite:child href="Bmr020.B.words.xml#id(Bmr020.w.12,283)..id(Bmr020.w.12,302)"/>
   </dialogueact>
   <dialogueact nite:id="Bmr020.B.dialogueact1567" starttime="2832.43" endtime="2835.17" type="s" original-type="s" channel="c1" participant="mn014">
      <nite:child href="Bmr020.B.words.xml#id(Bmr020.w.12,303)..id(Bmr020.w.12,311)"/>
   </dialogueact>
   <dialogueact nite:id="Bmr020.B.dialogueact1568" starttime="2835.17" endtime="2835.38" type="%--" original-type="%--" channel="c1" participant="mn014">
      <nite:child href="Bmr020.B.words.xml#id(Bmr020.w.12,312)..id(Bmr020.w.12,313)"/>
   </dialogueact>
   <dialogueact nite:id="Bmr020.B.dialogueact1569" starttime="2836.19" endtime="2837.54" type="s.%--" original-type="s.%--" channel="c1" participant="mn014">
      <nite:child href="Bmr020.B.words.xml#id(Bmr020.w.12,314)..id(Bmr020.w.12,317)"/>
   </dialogueact>
   <dialogueact nite:id="Bmr020.B.dialogueact1570" starttime="2838.24" endtime="2838.27" type="x" original-type="x" channel="c1" participant="mn014">
      <nite:child href="Bmr020.B.words.xml#id(Bmr020.w.12,318)..id(Bmr020.w.12,319)"/>
   </dialogueact>
   <dialogueact nite:id="Bmr020.B.dialogueact1571" starttime="2840.06" endtime="2840.47" type="fh" original-type="fh" channel="c1" participant="mn014">
      <nite:child href="Bmr020.B.words.xml#id(Bmr020.w.12,320)..id(Bmr020.disfmarker.652)"/>
   </dialogueact>
   <dialogueact nite:id="Bmr020.B.dialogueact1572" starttime="2841.04" endtime="2844.02" type="s^e" original-type="s^e" channel="c1" participant="mn014">
      <nite:child href="Bmr020.B.words.xml#id(Bmr020.w.12,321)..id(Bmr020.w.12,334)"/>
   </dialogueact>
   <dialogueact nite:id="Bmr020.B.dialogueact1573" starttime="2844.02" endtime="2848.3" type="s^e" original-type="s^e" channel="c1" participant="mn014">
      <nite:child href="Bmr020.B.words.xml#id(Bmr020.w.12,335)..id(Bmr020.w.12,348)"/>
   </dialogueact>
   <dialogueact nite:id="Bmr020.B.dialogueact1574" starttime="2848.3" endtime="2850.56" type="s" original-type="s" channel="c1" participant="mn014">
      <nite:child href="Bmr020.B.words.xml#id(Bmr020.w.12,349)..id(Bmr020.w.12,357)"/>
   </dialogueact>
   <dialogueact nite:id="Bmr020.B.dialogueact1577" starttime="2855.72" endtime="2855.89" type="b" original-type="b" channel="c1" participant="mn014">
      <nite:child href="Bmr020.B.words.xml#id(Bmr020.w.12,379)..id(Bmr020.w.12,380)"/>
   </dialogueact>
   <dialogueact nite:id="Bmr020.B.dialogueact1578" starttime="2859.87" endtime="2860.04" type="b" original-type="b" channel="c1" participant="mn014">
      <nite:child href="Bmr020.B.words.xml#id(Bmr020.w.12,396)..id(Bmr020.w.12,397)"/>
   </dialogueact>
   <dialogueact nite:id="Bmr020.B.dialogueact1579" starttime="2861.45" endtime="2861.53" type="b" original-type="b" channel="c1" participant="mn014">
      <nite:child href="Bmr020.B.words.xml#id(Bmr020.w.12,398)..id(Bmr020.w.12,399)"/>
   </dialogueact>
   <dialogueact nite:id="Bmr020.B.dialogueact1583" starttime="2863.6" endtime="2863.73" type="fg" original-type="fg" channel="c1" participant="mn014">
      <nite:child href="Bmr020.B.words.xml#id(Bmr020.w.12,426)..id(Bmr020.disfmarker.662)"/>
   </dialogueact>
   <dialogueact nite:id="Bmr020.B.dialogueact1592" starttime="2888.23" endtime="2888.32" type="fg" original-type="fg" channel="c1" participant="mn014">
      <nite:child href="Bmr020.B.words.xml#id(Bmr020.w.12,551)..id(Bmr020.disfmarker.673)"/>
   </dialogueact>
   <dialogueact nite:id="Bmr020.B.dialogueact1593" starttime="2890.72" endtime="2890.87" type="b" original-type="b" channel="c1" participant="mn014">
      <nite:child href="Bmr020.B.words.xml#id(Bmr020.w.12,552)..id(Bmr020.w.12,553)"/>
   </dialogueact>
   <dialogueact nite:id="Bmr020.B.dialogueact1597" starttime="2898.27" endtime="2898.35" type="s^bk" adjacency="53b" original-type="s^bk" channel="c1" participant="mn014">
      <nite:child href="Bmr020.B.words.xml#id(Bmr020.w.12,578)..id(Bmr020.w.12,579)"/>
   </dialogueact>
   <dialogueact nite:id="Bmr020.B.dialogueact1598" starttime="2898.42" endtime="2904.04" type="s^nd" adjacency="53b+.54a" original-type="s^nd" channel="c1" participant="mn014">
      <nite:child href="Bmr020.B.words.xml#id(Bmr020.w.12,580)..id(Bmr020.w.12,605)"/>
   </dialogueact>
   <dialogueact nite:id="Bmr020.B.dialogueact1599" starttime="2904.1" endtime="2906.72" type="s^nd" adjacency="53b++.54a+" original-type="s^nd" channel="c1" participant="mn014">
      <nite:child href="Bmr020.B.words.xml#id(Bmr020.w.12,606)..id(Bmr020.w.12,614)"/>
   </dialogueact>
   <dialogueact nite:id="Bmr020.B.dialogueact1601" starttime="2916.15" endtime="2917.06" type="s^2" adjacency="55b" original-type="s^2" channel="c1" participant="mn014">
      <nite:child href="Bmr020.B.words.xml#id(Bmr020.w.12,654)..id(Bmr020.w.12,659)"/>
   </dialogueact>
   <dialogueact nite:id="Bmr020.B.dialogueact1602" starttime="2917.06" endtime="2917.21" type="s^aa" adjacency="55b+" original-type="s^aa" channel="c1" participant="mn014">
      <nite:child href="Bmr020.B.words.xml#id(Bmr020.w.12,660)..id(Bmr020.w.12,661)"/>
   </dialogueact>
   <dialogueact nite:id="Bmr020.B.dialogueact1603" starttime="2917.62" endtime="2917.78" type="b" original-type="b" channel="c1" participant="mn014">
      <nite:child href="Bmr020.B.words.xml#id(Bmr020.w.12,662)..id(Bmr020.w.12,663)"/>
   </dialogueact>
   <dialogueact nite:id="Bmr020.B.dialogueact1608" starttime="2923.7" endtime="2923.95" type="fg" original-type="fg" channel="c1" participant="mn014">
      <nite:child href="Bmr020.B.words.xml#id(Bmr020.w.12,689)..id(Bmr020.w.12,690)"/>
   </dialogueact>
   <dialogueact nite:id="Bmr020.B.dialogueact1610" starttime="2923.95" endtime="2924.31" type="%-" original-type="%-" channel="c1" participant="mn014">
      <nite:child href="Bmr020.B.words.xml#id(Bmr020.w.12,691)..id(Bmr020.disfmarker.684)"/>
   </dialogueact>
   <dialogueact nite:id="Bmr020.B.dialogueact1612" starttime="2928.76" endtime="2929.39" type="fg|%-" original-type="fg|%-" channel="c1" participant="mn014">
      <nite:child href="Bmr020.B.words.xml#id(Bmr020.w.12,719)..id(Bmr020.disfmarker.687)"/>
   </dialogueact>
   <dialogueact nite:id="Bmr020.B.dialogueact1614" starttime="2929.58" endtime="2935.36" type="s^bk|s" adjacency="57b.58a" original-type="s^bk|s" channel="c1" participant="mn014">
      <nite:child href="Bmr020.B.words.xml#id(Bmr020.w.12,727)..id(Bmr020.w.12,749)"/>
   </dialogueact>
   <dialogueact nite:id="Bmr020.B.dialogueact1616" starttime="2935.74" endtime="2937.77" type="s.%--" original-type="s.%--" channel="c1" participant="mn014">
      <nite:child href="Bmr020.B.words.xml#id(Bmr020.w.12,752)..id(Bmr020.w.12,758)"/>
   </dialogueact>
   <dialogueact nite:id="Bmr020.B.dialogueact1617" starttime="2938.2" endtime="2945.42" type="fh|s^rt" adjacency="59a" original-type="fh|s^rt" channel="c1" participant="mn014">
      <nite:child href="Bmr020.B.words.xml#id(Bmr020.w.12,759)..id(Bmr020.w.12,785)"/>
   </dialogueact>
   <dialogueact nite:id="Bmr020.B.dialogueact1619" starttime="2946.01" endtime="2949.35" type="s" adjacency="59a+" original-type="s" channel="c1" participant="mn014">
      <nite:child href="Bmr020.B.words.xml#id(Bmr020.w.12,790)..id(Bmr020.w.12,801)"/>
   </dialogueact>
   <dialogueact nite:id="Bmr020.B.dialogueact1620" starttime="2949.82" endtime="2952.56" type="s^cs^rt" adjacency="59a++" original-type="s^cs^rt" channel="c1" participant="mn014">
      <nite:child href="Bmr020.B.words.xml#id(Bmr020.w.12,802)..id(Bmr020.w.12,812)"/>
   </dialogueact>
   <dialogueact nite:id="Bmr020.B.dialogueact1621" starttime="2952.56" endtime="2954.08" type="s^cs.%-" adjacency="59a+++" original-type="s^cs.%-" channel="c1" participant="mn014">
      <nite:child href="Bmr020.B.words.xml#id(Bmr020.w.12,813)..id(Bmr020.disfmarker.693)"/>
   </dialogueact>
   <dialogueact nite:id="Bmr020.B.dialogueact1627" starttime="2958.51" endtime="2958.62" type="b" original-type="b" channel="c1" participant="mn014">
      <nite:child href="Bmr020.B.words.xml#id(Bmr020.w.12,865)..id(Bmr020.w.12,866)"/>
   </dialogueact>
   <dialogueact nite:id="Bmr020.B.dialogueact1629" starttime="2960.31" endtime="2960.37" type="b" original-type="b" channel="c1" participant="mn014">
      <nite:child href="Bmr020.B.words.xml#id(Bmr020.w.12,871)..id(Bmr020.w.12,872)"/>
   </dialogueact>
   <dialogueact nite:id="Bmr020.B.dialogueact1638" starttime="2974.27" endtime="2974.38" type="b" original-type="b" channel="c1" participant="mn014">
      <nite:child href="Bmr020.B.words.xml#id(Bmr020.w.12,990)..id(Bmr020.w.12,991)"/>
   </dialogueact>
   <dialogueact nite:id="Bmr020.B.dialogueact1664" starttime="2998.16" endtime="2998.34" type="s^bk" adjacency="64b" original-type="s^bk" channel="c1" participant="mn014">
      <nite:child href="Bmr020.B.words.xml#id(Bmr020.w.13,099)..id(Bmr020.w.13,100)"/>
   </dialogueact>
   <dialogueact nite:id="Bmr020.B.dialogueact1665" starttime="2999.6" endtime="3000.21" type="s^m^na" adjacency="64b+" original-type="s^m^na" channel="c1" participant="mn014">
      <nite:child href="Bmr020.B.words.xml#id(Bmr020.w.13,101)..id(Bmr020.w.13,103)"/>
   </dialogueact>
   <dialogueact nite:id="Bmr020.B.dialogueact1666" starttime="3000.61" endtime="3001.28" type="s^na" adjacency="64b++" original-type="s^na" channel="c1" participant="mn014">
      <nite:child href="Bmr020.B.words.xml#id(Bmr020.w.13,104)..id(Bmr020.w.13,107)"/>
   </dialogueact>
   <dialogueact nite:id="Bmr020.B.dialogueact1667" starttime="3002.12" endtime="3002.3" type="s.%-" original-type="s.%-" channel="c1" participant="mn014">
      <nite:child href="Bmr020.B.words.xml#id(Bmr020.w.13,108)..id(Bmr020.disfmarker.707)"/>
   </dialogueact>
   <dialogueact nite:id="Bmr020.B.dialogueact1669" starttime="3002.89" endtime="3003.98" type="h|s" adjacency="1b.2a" original-type="h|s" channel="c1" participant="mn014">
      <nite:child href="Bmr020.B.words.xml#id(Bmr020.w.13,113)..id(Bmr020.w.13,118)"/>
   </dialogueact>
   <dialogueact nite:id="Bmr020.B.dialogueact1670" starttime="3004.08" endtime="3004.56" type="s.%-" adjacency="1b+" original-type="s.%-" channel="c1" participant="mn014">
      <nite:child href="Bmr020.B.words.xml#id(Bmr020.w.13,119)..id(Bmr020.disfmarker.708)"/>
   </dialogueact>
   <dialogueact nite:id="Bmr020.B.dialogueact1673" starttime="3005.19" endtime="3005.45" type="s^bk" adjacency="3b" original-type="s^bk" channel="c1" participant="mn014">
      <nite:child href="Bmr020.B.words.xml#id(Bmr020.w.13,135)..id(Bmr020.w.13,136)"/>
   </dialogueact>
   <dialogueact nite:id="Bmr020.B.dialogueact1676" starttime="3006.11" endtime="3006.22" type="b" original-type="b" channel="c1" participant="mn014">
      <nite:child href="Bmr020.B.words.xml#id(Bmr020.w.13,149)..id(Bmr020.w.13,150)"/>
   </dialogueact>
   <dialogueact nite:id="Bmr020.B.dialogueact1677" starttime="3006.65" endtime="3006.79" type="b" original-type="b" channel="c1" participant="mn014">
      <nite:child href="Bmr020.B.words.xml#id(Bmr020.w.13,151)..id(Bmr020.w.13,152)"/>
   </dialogueact>
   <dialogueact nite:id="Bmr020.B.dialogueact1679" starttime="3007.3" endtime="3007.39" type="b" original-type="b" channel="c1" participant="mn014">
      <nite:child href="Bmr020.B.words.xml#id(Bmr020.w.13,153)..id(Bmr020.w.13,154)"/>
   </dialogueact>
   <dialogueact nite:id="Bmr020.B.dialogueact1682" starttime="3010.09" endtime="3010.58" type="s^aa" adjacency="4b-1" original-type="s^aa" channel="c1" participant="mn014">
      <nite:child href="Bmr020.B.words.xml#id(Bmr020.w.13,170)..id(Bmr020.w.13,171)"/>
   </dialogueact>
   <dialogueact nite:id="Bmr020.B.dialogueact1684" starttime="3011.3" endtime="3011.96" type="s^na" adjacency="4b-1+" original-type="s^na" channel="c1" participant="mn014">
      <nite:child href="Bmr020.B.words.xml#id(Bmr020.w.13,176)..id(Bmr020.w.13,180)"/>
   </dialogueact>
   <dialogueact nite:id="Bmr020.B.dialogueact1688" starttime="3013.66" endtime="3013.76" type="b" original-type="b" channel="c1" participant="mn014">
      <nite:child href="Bmr020.B.words.xml#id(Bmr020.w.13,192)..id(Bmr020.w.13,193)"/>
   </dialogueact>
   <dialogueact nite:id="Bmr020.B.dialogueact1694" starttime="3018.92" endtime="3028.9" type="s^rt" original-type="s^rt" channel="c1" participant="mn014">
      <nite:child href="Bmr020.B.words.xml#id(Bmr020.w.13,222)..id(Bmr020.w.13,254)"/>
   </dialogueact>
   <dialogueact nite:id="Bmr020.B.dialogueact1696" starttime="3028.9" endtime="3032.18" type="s^e" original-type="s^e" channel="c1" participant="mn014">
      <nite:child href="Bmr020.B.words.xml#id(Bmr020.w.13,255)..id(Bmr020.w.13,266)"/>
   </dialogueact>
   <dialogueact nite:id="Bmr020.B.dialogueact1698" starttime="3033.18" endtime="3039.53" type="s" adjacency="6a" original-type="s" channel="c1" participant="mn014">
      <nite:child href="Bmr020.B.words.xml#id(Bmr020.w.13,270)..id(Bmr020.w.13,288)"/>
   </dialogueact>
   <dialogueact nite:id="Bmr020.B.dialogueact1699" starttime="3039.53" endtime="3039.91" type="fh" original-type="fh" channel="c1" participant="mn014">
      <nite:child href="Bmr020.B.words.xml#id(Bmr020.w.13,289)..id(Bmr020.w.13,290)"/>
   </dialogueact>
   <dialogueact nite:id="Bmr020.B.dialogueact1700" starttime="3040.97" endtime="3044.94" type="s" original-type="s" channel="c1" participant="mn014">
      <nite:child href="Bmr020.B.words.xml#id(Bmr020.w.13,291)..id(Bmr020.w.13,310)"/>
   </dialogueact>
   <dialogueact nite:id="Bmr020.B.dialogueact1702" starttime="3044.94" endtime="3048.1" type="qw^rt" adjacency="7a" original-type="qw^rt" channel="c1" participant="mn014">
      <nite:child href="Bmr020.B.words.xml#id(Bmr020.w.13,311)..id(Bmr020.w.13,322)"/>
   </dialogueact>
   <dialogueact nite:id="Bmr020.B.dialogueact1706" starttime="3053.24" endtime="3053.38" type="fg" original-type="fg" channel="c1" participant="mn014">
      <nite:child href="Bmr020.B.words.xml#id(Bmr020.w.13,344)..id(Bmr020.w.13,345)"/>
   </dialogueact>
   <dialogueact nite:id="Bmr020.B.dialogueact1707" starttime="3053.96" endtime="3056.61" type="s" adjacency="9a" original-type="s" channel="c1" participant="mn014">
      <nite:child href="Bmr020.B.words.xml#id(Bmr020.w.13,346)..id(Bmr020.w.13,354)"/>
   </dialogueact>
   <dialogueact nite:id="Bmr020.B.dialogueact1708" starttime="3056.61" endtime="3058.32" type="s" adjacency="9a+" original-type="s" channel="c1" participant="mn014">
      <nite:child href="Bmr020.B.words.xml#id(Bmr020.w.13,355)..id(Bmr020.w.13,361)"/>
   </dialogueact>
   <dialogueact nite:id="Bmr020.B.dialogueact1709" starttime="3058.32" endtime="3060.69" type="s^rt" adjacency="9a++" original-type="s^rt" channel="c1" participant="mn014">
      <nite:child href="Bmr020.B.words.xml#id(Bmr020.w.13,362)..id(Bmr020.w.13,371)"/>
   </dialogueact>
   <dialogueact nite:id="Bmr020.B.dialogueact1710" starttime="3060.69" endtime="3060.97" type="%--" adjacency="9a+++" original-type="%--" channel="c1" participant="mn014">
      <nite:child href="Bmr020.B.words.xml#id(Bmr020.w.13,372)..id(Bmr020.disfmarker.724)"/>
   </dialogueact>
   <dialogueact nite:id="Bmr020.B.dialogueact1713" starttime="3062.66" endtime="3062.83" type="b" original-type="b" channel="c1" participant="mn014">
      <nite:child href="Bmr020.B.words.xml#id(Bmr020.w.13,393)..id(Bmr020.w.13,394)"/>
   </dialogueact>
   <dialogueact nite:id="Bmr020.B.dialogueact1715" starttime="3063.57" endtime="3063.68" type="b" original-type="b" channel="c1" participant="mn014">
      <nite:child href="Bmr020.B.words.xml#id(Bmr020.w.13,395)..id(Bmr020.w.13,396)"/>
   </dialogueact>
   <dialogueact nite:id="Bmr020.B.dialogueact1716" starttime="3064.66" endtime="3064.93" type="b" original-type="b" channel="c1" participant="mn014">
      <nite:child href="Bmr020.B.words.xml#id(Bmr020.w.13,397)..id(Bmr020.w.13,398)"/>
   </dialogueact>
   <dialogueact nite:id="Bmr020.B.dialogueact1721" starttime="3068.45" endtime="3068.68" type="s^aa" adjacency="10b" original-type="s^aa" channel="c1" participant="mn014">
      <nite:child href="Bmr020.B.words.xml#id(Bmr020.w.13,421)..id(Bmr020.w.13,422)"/>
   </dialogueact>
   <dialogueact nite:id="Bmr020.B.dialogueact1722" starttime="3068.9" endtime="3070.04" type="s" adjacency="10b+" original-type="s" channel="c1" participant="mn014">
      <nite:child href="Bmr020.B.words.xml#id(Bmr020.w.13,423)..id(Bmr020.w.13,430)"/>
   </dialogueact>
   <dialogueact nite:id="Bmr020.B.dialogueact1724" starttime="3070.04" endtime="3073.77" type="qw^rt" adjacency="10b++.11a" original-type="qw^rt" channel="c1" participant="mn014">
      <nite:child href="Bmr020.B.words.xml#id(Bmr020.w.13,431)..id(Bmr020.w.13,444)"/>
   </dialogueact>
   <dialogueact nite:id="Bmr020.B.dialogueact1730" starttime="3077.12" endtime="3077.25" type="s^aa" adjacency="12b.13a" original-type="s^aa" channel="c1" participant="mn014">
      <nite:child href="Bmr020.B.words.xml#id(Bmr020.w.13,472)..id(Bmr020.w.13,473)"/>
   </dialogueact>
   <dialogueact nite:id="Bmr020.B.dialogueact1731" starttime="3078.19" endtime="3078.75" type="s^na" adjacency="12b+.13a+" original-type="s^na" channel="c1" participant="mn014">
      <nite:child href="Bmr020.B.words.xml#id(Bmr020.w.13,474)..id(Bmr020.w.13,477)"/>
   </dialogueact>
   <dialogueact nite:id="Bmr020.B.dialogueact1741" starttime="3091.95" endtime="3092.04" type="b" original-type="b" channel="c1" participant="mn014">
      <nite:child href="Bmr020.B.words.xml#id(Bmr020.w.13,555)..id(Bmr020.w.13,556)"/>
   </dialogueact>
   <dialogueact nite:id="Bmr020.B.dialogueact1743" starttime="3093.03" endtime="3093.14" type="fg" original-type="fg" channel="c1" participant="mn014">
      <nite:child href="Bmr020.B.words.xml#id(Bmr020.w.13,557)..id(Bmr020.w.13,558)"/>
   </dialogueact>
   <dialogueact nite:id="Bmr020.B.dialogueact1744" starttime="3094.11" endtime="3099.61" type="s^no.%--" adjacency="14b.15a" original-type="s^no.%--" channel="c1" participant="mn014">
      <nite:child href="Bmr020.B.words.xml#id(Bmr020.w.13,559)..id(Bmr020.disfmarker.737)"/>
   </dialogueact>
   <dialogueact nite:id="Bmr020.B.dialogueact1748" starttime="3101.53" endtime="3101.69" type="b" original-type="b" channel="c1" participant="mn014">
      <nite:child href="Bmr020.B.words.xml#id(Bmr020.w.13,608)..id(Bmr020.w.13,609)"/>
   </dialogueact>
   <dialogueact nite:id="Bmr020.B.dialogueact1749" starttime="3102.85" endtime="3103.04" type="b" original-type="b" channel="c1" participant="mn014">
      <nite:child href="Bmr020.B.words.xml#id(Bmr020.w.13,610)..id(Bmr020.w.13,611)"/>
   </dialogueact>
   <dialogueact nite:id="Bmr020.B.dialogueact1755" starttime="3114.46" endtime="3114.66" type="b" original-type="b" channel="c1" participant="mn014">
      <nite:child href="Bmr020.B.words.xml#id(Bmr020.w.13,658)..id(Bmr020.w.13,659)"/>
   </dialogueact>
   <dialogueact nite:id="Bmr020.B.dialogueact1765" starttime="3123.6" endtime="3123.72" type="b" original-type="b" channel="c1" participant="mn014">
      <nite:child href="Bmr020.B.words.xml#id(Bmr020.w.13,741)..id(Bmr020.w.13,742)"/>
   </dialogueact>
   <dialogueact nite:id="Bmr020.B.dialogueact1770" starttime="3132.99" endtime="3133.17" type="b" original-type="b" channel="c1" participant="mn014">
      <nite:child href="Bmr020.B.words.xml#id(Bmr020.w.13,779)..id(Bmr020.w.13,780)"/>
   </dialogueact>
   <dialogueact nite:id="Bmr020.B.dialogueact1774" starttime="3137.22" endtime="3137.28" type="b" original-type="b" channel="c1" participant="mn014">
      <nite:child href="Bmr020.B.words.xml#id(Bmr020.w.13,811)..id(Bmr020.w.13,812)"/>
   </dialogueact>
   <dialogueact nite:id="Bmr020.B.dialogueact1781" starttime="3147.52" endtime="3147.64" type="b" original-type="b" channel="c1" participant="mn014">
      <nite:child href="Bmr020.B.words.xml#id(Bmr020.w.13,864)..id(Bmr020.w.13,865)"/>
   </dialogueact>
   <dialogueact nite:id="Bmr020.B.dialogueact1783" starttime="3149.63" endtime="3150.51" type="s" adjacency="26b.27a" original-type="s" channel="c1" participant="mn014">
      <nite:child href="Bmr020.B.words.xml#id(Bmr020.w.13,866)..id(Bmr020.w.13,871)"/>
   </dialogueact>
   <dialogueact nite:id="Bmr020.B.dialogueact1784" starttime="3150.51" endtime="3150.71" type="fh" original-type="fh" channel="c1" participant="mn014">
      <nite:child href="Bmr020.B.words.xml#id(Bmr020.w.13,872)..id(Bmr020.disfmarker.745)"/>
   </dialogueact>
   <dialogueact nite:id="Bmr020.B.dialogueact1789" starttime="3158.59" endtime="3160.22" type="s^ba" adjacency="28b-1" original-type="s^ba" channel="c1" participant="mn014">
      <nite:child href="Bmr020.B.words.xml#id(Bmr020.w.13,906)..id(Bmr020.w.13,912)"/>
   </dialogueact>
   <dialogueact nite:id="Bmr020.B.dialogueact1792" starttime="3160.22" endtime="3160.37" type="fh" original-type="fh" channel="c1" participant="mn014">
      <nite:child href="Bmr020.B.words.xml#id(Bmr020.w.13,913)..id(Bmr020.w.13,914)"/>
   </dialogueact>
   <dialogueact nite:id="Bmr020.B.dialogueact1797" starttime="3167.71" endtime="3167.81" type="b" original-type="b" channel="c1" participant="mn014">
      <nite:child href="Bmr020.B.words.xml#id(Bmr020.w.13,973)..id(Bmr020.w.13,974)"/>
   </dialogueact>
   <dialogueact nite:id="Bmr020.B.dialogueact1806" starttime="3172.23" endtime="3172.43" type="s.%-" original-type="s.%-" channel="c1" participant="mn014">
      <nite:child href="Bmr020.B.words.xml#id(Bmr020.w.14,010)..id(Bmr020.w.14,011)"/>
   </dialogueact>
   <dialogueact nite:id="Bmr020.B.dialogueact1809" starttime="3173.14" endtime="3175.89" type="s" adjacency="31a" original-type="s" channel="c1" participant="mn014">
      <nite:child href="Bmr020.B.words.xml#id(Bmr020.w.14,018)..id(Bmr020.w.14,026)"/>
   </dialogueact>
   <dialogueact nite:id="Bmr020.B.dialogueact1814" starttime="3176.25" endtime="3176.56" type="s^bk" adjacency="32b" original-type="s^bk" channel="c1" participant="mn014">
      <nite:child href="Bmr020.B.words.xml#id(Bmr020.w.14,027)..id(Bmr020.w.14,028)"/>
   </dialogueact>
   <dialogueact nite:id="Bmr020.B.dialogueact1817" starttime="3180.28" endtime="3180.41" type="b" original-type="b" channel="c1" participant="mn014">
      <nite:child href="Bmr020.B.words.xml#id(Bmr020.w.14,076)..id(Bmr020.w.14,077)"/>
   </dialogueact>
   <dialogueact nite:id="Bmr020.B.dialogueact1819" starttime="3187.32" endtime="3187.57" type="b" original-type="b" channel="c1" participant="mn014">
      <nite:child href="Bmr020.B.words.xml#id(Bmr020.w.14,115)..id(Bmr020.w.14,116)"/>
   </dialogueact>
   <dialogueact nite:id="Bmr020.B.dialogueact1821" starttime="3191.67" endtime="3191.86" type="b" original-type="b" channel="c1" participant="mn014">
      <nite:child href="Bmr020.B.words.xml#id(Bmr020.w.14,119)..id(Bmr020.w.14,120)"/>
   </dialogueact>
   <dialogueact nite:id="Bmr020.B.dialogueact1840" starttime="3223.01" endtime="3223.14" type="%-" original-type="%-" channel="c1" participant="mn014">
      <nite:child href="Bmr020.B.words.xml#id(Bmr020.w.14,263)..id(Bmr020.disfmarker.758)"/>
   </dialogueact>
   <dialogueact nite:id="Bmr020.B.dialogueact1841" starttime="3224.84" endtime="3225.57" type="qy^2^d" adjacency="37b" original-type="qy^2^d" channel="c1" participant="mn014">
      <nite:child href="Bmr020.B.words.xml#id(Bmr020.w.14,264)..id(Bmr020.w.14,268)"/>
   </dialogueact>
   <dialogueact nite:id="Bmr020.B.dialogueact1842" starttime="3225.67" endtime="3225.76" type="qrr.%--" original-type="qrr.%--" channel="c1" participant="mn014">
      <nite:child href="Bmr020.B.words.xml#id(Bmr020.w.14,269)..id(Bmr020.w.14,270)"/>
   </dialogueact>
   <dialogueact nite:id="Bmr020.B.dialogueact1844" starttime="3228.44" endtime="3228.65" type="%-" original-type="%-" channel="c1" participant="mn014">
      <nite:child href="Bmr020.B.words.xml#id(Bmr020.w.14,311)..id(Bmr020.disfmarker.760)"/>
   </dialogueact>
   <dialogueact nite:id="Bmr020.B.dialogueact1870" starttime="3255.52" endtime="3255.82" type="s^aa" adjacency="44b-1" original-type="s^aa" channel="c1" participant="mn014">
      <nite:child href="Bmr020.B.words.xml#id(Bmr020.w.14,465)..id(Bmr020.w.14,466)"/>
   </dialogueact>
   <dialogueact nite:id="Bmr020.B.dialogueact1875" starttime="3258.08" endtime="3260.33" type="s" original-type="s" channel="c1" participant="mn014">
      <nite:child href="Bmr020.B.words.xml#id(Bmr020.w.14,478)..id(Bmr020.w.14,489)"/>
   </dialogueact>
   <dialogueact nite:id="Bmr020.B.dialogueact1877" starttime="3260.33" endtime="3263.79" type="s^df" adjacency="45a" original-type="s^df" channel="c1" participant="mn014">
      <nite:child href="Bmr020.B.words.xml#id(Bmr020.w.14,490)..id(Bmr020.w.14,502)"/>
   </dialogueact>
   <dialogueact nite:id="Bmr020.B.dialogueact1879" starttime="3264.03" endtime="3264.72" type="%-" original-type="%-" channel="c1" participant="mn014">
      <nite:child href="Bmr020.B.words.xml#id(Bmr020.w.14,503)..id(Bmr020.disfmarker.771)"/>
   </dialogueact>
   <dialogueact nite:id="Bmr020.B.dialogueact1881" starttime="3267.93" endtime="3268.32" type="s^aa" adjacency="46b.47a" original-type="s^aa" channel="c1" participant="mn014">
      <nite:child href="Bmr020.B.words.xml#id(Bmr020.w.14,532)..id(Bmr020.w.14,533)"/>
   </dialogueact>
   <dialogueact nite:id="Bmr020.B.dialogueact1885" starttime="3273.86" endtime="3273.96" type="s^bk" adjacency="48b-1" original-type="s^bk" channel="c1" participant="mn014">
      <nite:child href="Bmr020.B.words.xml#id(Bmr020.w.14,552)..id(Bmr020.w.14,553)"/>
   </dialogueact>
   <dialogueact nite:id="Bmr020.B.dialogueact1888" starttime="3275.0" endtime="3275.55" type="s" adjacency="48b-1+" original-type="s" channel="c1" participant="mn014">
      <nite:child href="Bmr020.B.words.xml#id(Bmr020.w.14,559)..id(Bmr020.w.14,560)"/>
   </dialogueact>
   <dialogueact nite:id="Bmr020.B.dialogueact1889" starttime="3275.55" endtime="3275.69" type="s^bk" adjacency="48b-1++" original-type="s^bk" channel="c1" participant="mn014">
      <nite:child href="Bmr020.B.words.xml#id(Bmr020.w.14,561)..id(Bmr020.w.14,562)"/>
   </dialogueact>
   <dialogueact nite:id="Bmr020.B.dialogueact1893" starttime="3277.34" endtime="3277.49" type="b" original-type="b" channel="c1" participant="mn014">
      <nite:child href="Bmr020.B.words.xml#id(Bmr020.w.14,569)..id(Bmr020.w.14,570)"/>
   </dialogueact>
   <dialogueact nite:id="Bmr020.B.dialogueact1899" starttime="3283.23" endtime="3283.4" comment="FBH" type="fh" original-type="fh" channel="c1" participant="mn014">
      <nite:child href="Bmr020.B.words.xml#id(Bmr020.w.14,590)..id(Bmr020.disfmarker.775)"/>
   </dialogueact>
   <dialogueact nite:id="Bmr020.B.dialogueact1900" starttime="3284.67" endtime="3285.29" comment="FBH" type="qw" adjacency="50a" original-type="qw" channel="c1" participant="mn014">
      <nite:child href="Bmr020.B.words.xml#id(Bmr020.w.14,600)..id(Bmr020.w.14,604)"/>
   </dialogueact>
   <dialogueact nite:id="Bmr020.B.dialogueact1903" starttime="3287.15" endtime="3287.51" comment="FBH" type="s^bk" original-type="s^bk" channel="c1" participant="mn014">
      <nite:child href="Bmr020.B.words.xml#id(Bmr020.w.14,632)..id(Bmr020.w.14,635)"/>
   </dialogueact>
   <dialogueact nite:id="Bmr020.B.dialogueact1911" starttime="3338.0" endtime="3338.26" type="z" original-type="z" channel="c1" participant="mn014">
      <nite:child href="Bmr020.B.words.xml#id(Bmr020.w.15,261)..id(Bmr020.w.15,262)"/>
   </dialogueact>
   <dialogueact nite:id="Bmr020.B.dialogueact1914" starttime="3339.88" endtime="3340.21" type="z" adjacency="53b-3" original-type="z" channel="c1" participant="mn014">
      <nite:child href="Bmr020.B.words.xml#id(Bmr020.w.15,286)..id(Bmr020.w.15,287)"/>
   </dialogueact>
   <dialogueact nite:id="Bmr020.B.dialogueact1918" starttime="3341.21" endtime="3341.64" type="z" adjacency="53b-3+.55a" original-type="z" channel="c1" participant="mn014">
      <nite:child href="Bmr020.B.words.xml#id(Bmr020.w.15,291)..id(Bmr020.w.15,293)"/>
   </dialogueact>
   <dialogueact nite:id="Bmr020.B.dialogueact1921" starttime="3342.41" endtime="3342.54" type="z" adjacency="56b.57a" original-type="z" channel="c1" participant="mn014">
      <nite:child href="Bmr020.B.words.xml#id(Bmr020.w.15,294)..id(Bmr020.w.15,295)"/>
   </dialogueact>
   <dialogueact nite:id="Bmr020.B.dialogueact1926" starttime="3344.68" endtime="3347.02" type="z" adjacency="58b-2" original-type="z" channel="c1" participant="mn014">
      <nite:child href="Bmr020.B.words.xml#id(Bmr020.w.15,317)..id(Bmr020.w.15,324)"/>
   </dialogueact>
</nite:root>