<?xml version="1.0" encoding="ISO-8859-1" standalone="yes"?>
<nite:root nite:id="Bmr005.G.dialogue-acts" xmlns:nite="http://nite.sourceforge.net/">
   <dialogueact nite:id="Bmr005.G.dialogueact3" starttime="7.741" endtime="12.191" type="z" original-type="z" channel="c8" participant="me011">
      <nite:child href="Bmr005.G.words.xml#id(Bmr005.w.15)..id(Bmr005.w.40)"/>
   </dialogueact>
   <dialogueact nite:id="Bmr005.G.dialogueact4" starttime="12.451" endtime="15.741" type="z" original-type="z" channel="c8" participant="me011">
      <nite:child href="Bmr005.G.words.xml#id(Bmr005.w.41)..id(Bmr005.w.59)"/>
   </dialogueact>
   <dialogueact nite:id="Bmr005.G.dialogueact5" starttime="16.497" endtime="17.867" type="z" original-type="z" channel="c8" participant="me011">
      <nite:child href="Bmr005.G.words.xml#id(Bmr005.w.60)..id(Bmr005.w.67)"/>
   </dialogueact>
   <dialogueact nite:id="Bmr005.G.dialogueact9" starttime="25.992" endtime="26.712" type="z" adjacency="1b" original-type="z" channel="c8" participant="me011">
      <nite:child href="Bmr005.G.words.xml#id(Bmr005.w.113)..id(Bmr005.w.114)"/>
   </dialogueact>
   <dialogueact nite:id="Bmr005.G.dialogueact12" starttime="28.576" endtime="30.936" type="z" adjacency="2b.3a" original-type="z" channel="c8" participant="me011">
      <nite:child href="Bmr005.G.words.xml#id(Bmr005.w.129)..id(Bmr005.w.140)"/>
   </dialogueact>
   <dialogueact nite:id="Bmr005.G.dialogueact15" starttime="32.513" endtime="32.763" type="z" original-type="z" channel="c8" participant="me011">
      <nite:child href="Bmr005.G.words.xml#id(Bmr005.w.147)..id(Bmr005.disfmarker.4)"/>
   </dialogueact>
   <dialogueact nite:id="Bmr005.G.dialogueact16" starttime="33.433" endtime="34.683" type="z" original-type="z" channel="c8" participant="me011">
      <nite:child href="Bmr005.G.words.xml#id(Bmr005.w.150)..id(Bmr005.w.154)"/>
   </dialogueact>
   <dialogueact nite:id="Bmr005.G.dialogueact17" starttime="36.666" endtime="37.846" type="z" original-type="z" channel="c8" participant="me011">
      <nite:child href="Bmr005.G.words.xml#id(Bmr005.w.155)..id(Bmr005.w.162)"/>
   </dialogueact>
   <dialogueact nite:id="Bmr005.G.dialogueact18" starttime="38.106" endtime="39.736" comment="FBH" type="z" original-type="z" channel="c8" participant="me011">
      <nite:child href="Bmr005.G.words.xml#id(Bmr005.w.163)..id(Bmr005.w.174)"/>
   </dialogueact>
   <dialogueact nite:id="Bmr005.G.dialogueact19" starttime="44.643" endtime="44.703" comment="FBH" type="z" original-type="z" channel="c8" participant="me011">
      <nite:child href="Bmr005.G.words.xml#id(Bmr005.w.189)"/>
   </dialogueact>
   <dialogueact nite:id="Bmr005.G.dialogueact20" starttime="72.405" endtime="76.415" comment="FBH" type="z" original-type="z" channel="c8" participant="me011">
      <nite:child href="Bmr005.G.words.xml#id(Bmr005.w.248)..id(Bmr005.w.268)"/>
   </dialogueact>
   <dialogueact nite:id="Bmr005.G.dialogueact30" starttime="371.619" endtime="373.919" type="s" adjacency="4a" original-type="s" channel="c8" participant="me011">
      <nite:child href="Bmr005.G.words.xml#id(Bmr005.w.891)..id(Bmr005.w.904)"/>
   </dialogueact>
   <dialogueact nite:id="Bmr005.G.dialogueact31" starttime="374.009" endtime="376.229" type="fh|s" original-type="fh|s" channel="c8" participant="me011">
      <nite:child href="Bmr005.G.words.xml#id(Bmr005.w.905)..id(Bmr005.w.917)"/>
   </dialogueact>
   <dialogueact nite:id="Bmr005.G.dialogueact33" starttime="376.739" endtime="378.569" type="s^e" original-type="s^e" channel="c8" participant="me011">
      <nite:child href="Bmr005.G.words.xml#id(Bmr005.w.928)..id(Bmr005.w.937)"/>
   </dialogueact>
   <dialogueact nite:id="Bmr005.G.dialogueact64" starttime="509.128" endtime="510.108" type="qy^d^rt" adjacency="8a" original-type="qy^d^rt" channel="c8" participant="me011">
      <nite:child href="Bmr005.G.words.xml#id(Bmr005.w.1,410)..id(Bmr005.w.1,415)"/>
   </dialogueact>
   <dialogueact nite:id="Bmr005.G.dialogueact93" starttime="626.266" endtime="627.176" type="fg|s" adjacency="1b" original-type="fg|s" channel="c8" participant="me011">
      <nite:child href="Bmr005.G.words.xml#id(Bmr005.w.1,854)..id(Bmr005.w.1,857)"/>
   </dialogueact>
   <dialogueact nite:id="Bmr005.G.dialogueact100" starttime="662.285" endtime="666.985" type="qy^rt" adjacency="2a" original-type="qy^rt" channel="c8" participant="me011">
      <nite:child href="Bmr005.G.words.xml#id(Bmr005.w.1,983)..id(Bmr005.w.1,998)"/>
   </dialogueact>
   <dialogueact nite:id="Bmr005.G.dialogueact101" starttime="666.985" endtime="670.745" type="qrr^rt" adjacency="2a+" original-type="qrr^rt" channel="c8" participant="me011">
      <nite:child href="Bmr005.G.words.xml#id(Bmr005.w.1,999)..id(Bmr005.w.2,002)"/>
   </dialogueact>
   <dialogueact nite:id="Bmr005.G.dialogueact102" starttime="670.745" endtime="671.265" comment="qrr or qw" type="qrr" adjacency="2a++" original-type="qrr" channel="c8" participant="me011">
      <nite:child href="Bmr005.G.words.xml#id(Bmr005.w.2,003)..id(Bmr005.w.2,005)"/>
   </dialogueact>
   <dialogueact nite:id="Bmr005.G.dialogueact105" starttime="679.523" endtime="679.943" type="b" original-type="b" channel="c8" participant="me011">
      <nite:child href="Bmr005.G.words.xml#id(Bmr005.w.2,045)..id(Bmr005.w.2,048)"/>
   </dialogueact>
   <dialogueact nite:id="Bmr005.G.dialogueact107" starttime="700.957" endtime="701.327" type="b" original-type="b" channel="c8" participant="me011">
      <nite:child href="Bmr005.G.words.xml#id(Bmr005.w.2,111)..id(Bmr005.w.2,114)"/>
   </dialogueact>
   <dialogueact nite:id="Bmr005.G.dialogueact111" starttime="711.618" endtime="711.888" type="s^2" adjacency="3b" original-type="s^2" channel="c8" participant="me011">
      <nite:child href="Bmr005.G.words.xml#id(Bmr005.w.2,179)..id(Bmr005.w.2,180)"/>
   </dialogueact>
   <dialogueact nite:id="Bmr005.G.dialogueact112" starttime="712.288" endtime="712.518" type="b" original-type="b" channel="c8" participant="me011">
      <nite:child href="Bmr005.G.words.xml#id(Bmr005.w.2,181)..id(Bmr005.w.2,182)"/>
   </dialogueact>
   <dialogueact nite:id="Bmr005.G.dialogueact137" starttime="770.062" endtime="778.352" type="s" adjacency="7a" original-type="s" channel="c8" participant="me011">
      <nite:child href="Bmr005.G.words.xml#id(Bmr005.w.2,435)..id(Bmr005.w.2,458)"/>
   </dialogueact>
   <dialogueact nite:id="Bmr005.G.dialogueact138" starttime="778.922" endtime="781.292" type="s^no.x" adjacency="7a+" original-type="s^no.x" channel="c8" participant="me011">
      <nite:child href="Bmr005.G.words.xml#id(Bmr005.w.2,459)..id(Bmr005.w.2,475)"/>
   </dialogueact>
   <dialogueact nite:id="Bmr005.G.dialogueact144" starttime="786.965" endtime="787.305" type="b" original-type="b" channel="c8" participant="me011">
      <nite:child href="Bmr005.G.words.xml#id(Bmr005.w.2,531)..id(Bmr005.w.2,534)"/>
   </dialogueact>
   <dialogueact nite:id="Bmr005.G.dialogueact146" starttime="791.925" endtime="795.245" type="s" adjacency="8a" original-type="s" channel="c8" participant="me011">
      <nite:child href="Bmr005.G.words.xml#id(Bmr005.w.2,535)..id(Bmr005.w.2,560)"/>
   </dialogueact>
   <dialogueact nite:id="Bmr005.G.dialogueact147" starttime="795.245" endtime="797.043" type="%-" original-type="%-" channel="c8" participant="me011">
      <nite:child href="Bmr005.G.words.xml#id(Bmr005.w.2,561)..id(Bmr005.disfmarker.84)"/>
   </dialogueact>
   <dialogueact nite:id="Bmr005.G.dialogueact150" starttime="797.503" endtime="797.913" type="s^bk" adjacency="9b" original-type="s^bk" channel="c8" participant="me011">
      <nite:child href="Bmr005.G.words.xml#id(Bmr005.w.2,568)..id(Bmr005.w.2,569)"/>
   </dialogueact>
   <dialogueact nite:id="Bmr005.G.dialogueact151" starttime="797.913" endtime="803.353" type="s" adjacency="10a" original-type="sj" channel="c8" participant="me011">
      <nite:child href="Bmr005.G.words.xml#id(Bmr005.w.2,570)..id(Bmr005.w.2,592)"/>
   </dialogueact>
   <dialogueact nite:id="Bmr005.G.dialogueact152" starttime="803.353" endtime="808.383" type="s^rt:s" adjacency="10a+" original-type="s^rt:s" channel="c8" participant="me011">
      <nite:child href="Bmr005.G.words.xml#id(Bmr005.w.2,594)..id(Bmr005.w.2,620)"/>
   </dialogueact>
   <dialogueact nite:id="Bmr005.G.dialogueact155" starttime="808.933" endtime="812.993" comment="Terrible STATIC - OUCH!" type="s.x" adjacency="10a++" original-type="s.x" channel="c8" participant="me011">
      <nite:child href="Bmr005.G.words.xml#id(Bmr005.w.2,623)..id(Bmr005.w.2,639)"/>
   </dialogueact>
   <dialogueact nite:id="Bmr005.G.dialogueact157" starttime="816.146" endtime="816.446" type="b" original-type="b" channel="c8" participant="me011">
      <nite:child href="Bmr005.G.words.xml#id(Bmr005.w.2,696)..id(Bmr005.w.2,699)"/>
   </dialogueact>
   <dialogueact nite:id="Bmr005.G.dialogueact160" starttime="823.734" endtime="824.044" type="b" original-type="b" channel="c8" participant="me011">
      <nite:child href="Bmr005.G.words.xml#id(Bmr005.w.2,700)..id(Bmr005.w.2,703)"/>
   </dialogueact>
   <dialogueact nite:id="Bmr005.G.dialogueact162" starttime="827.576" endtime="828.536" type="s^2" adjacency="11b.12a" original-type="s^2" channel="c8" participant="me011">
      <nite:child href="Bmr005.G.words.xml#id(Bmr005.w.2,718)..id(Bmr005.w.2,725)"/>
   </dialogueact>
   <dialogueact nite:id="Bmr005.G.dialogueact176" starttime="856.638" endtime="857.418" type="s^ng^rt" adjacency="14b" original-type="s^ng^rt" channel="c8" participant="me011">
      <nite:child href="Bmr005.G.words.xml#id(Bmr005.w.2,859)..id(Bmr005.w.2,864)"/>
   </dialogueact>
   <dialogueact nite:id="Bmr005.G.dialogueact184" starttime="871.862" endtime="873.242" type="s^df" adjacency="17b.18a" original-type="s^df" channel="c8" participant="me011">
      <nite:child href="Bmr005.G.words.xml#id(Bmr005.w.2,949)..id(Bmr005.w.2,958)"/>
   </dialogueact>
   <dialogueact nite:id="Bmr005.G.dialogueact186" starttime="873.242" endtime="873.622" type="qy^g^rt" adjacency="18a+" original-type="qy^g^rt" channel="c8" participant="me011">
      <nite:child href="Bmr005.G.words.xml#id(Bmr005.w.2,959)..id(Bmr005.w.2,961)"/>
   </dialogueact>
   <dialogueact nite:id="Bmr005.G.dialogueact198" starttime="886.083" endtime="887.173" type="s^ba" adjacency="19b-2" original-type="sj^ba" channel="c8" participant="me011">
      <nite:child href="Bmr005.G.words.xml#id(Bmr005.w.3,041)..id(Bmr005.w.3,047)"/>
   </dialogueact>
   <dialogueact nite:id="Bmr005.G.dialogueact203" starttime="898.539" endtime="902.769" type="s" adjacency="20b.21a" original-type="s" channel="c8" participant="me011">
      <nite:child href="Bmr005.G.words.xml#id(Bmr005.w.3,089)..id(Bmr005.w.3,110)"/>
   </dialogueact>
   <dialogueact nite:id="Bmr005.G.dialogueact204" starttime="902.769" endtime="904.169" type="s" adjacency="21a+" original-type="s" channel="c8" participant="me011">
      <nite:child href="Bmr005.G.words.xml#id(Bmr005.w.3,111)..id(Bmr005.w.3,119)"/>
   </dialogueact>
   <dialogueact nite:id="Bmr005.G.dialogueact206" starttime="904.759" endtime="905.069" type="fh" original-type="fh" channel="c8" participant="me011">
      <nite:child href="Bmr005.G.words.xml#id(Bmr005.w.3,128)..id(Bmr005.w.3,129)"/>
   </dialogueact>
   <dialogueact nite:id="Bmr005.G.dialogueact213" starttime="910.183" endtime="912.333" type="s^aap^rt.%--" adjacency="22b" original-type="s^aap^rt.%--" channel="c8" participant="me011">
      <nite:child href="Bmr005.G.words.xml#id(Bmr005.w.3,152)..id(Bmr005.w.3,163)"/>
   </dialogueact>
   <dialogueact nite:id="Bmr005.G.dialogueact214" starttime="912.423" endtime="913.783" type="s" adjacency="22b+" original-type="s" channel="c8" participant="me011">
      <nite:child href="Bmr005.G.words.xml#id(Bmr005.w.3,164)..id(Bmr005.w.3,173)"/>
   </dialogueact>
   <dialogueact nite:id="Bmr005.G.dialogueact215" starttime="913.783" endtime="915.103" type="s^rt" adjacency="22b++" original-type="s^rt" channel="c8" participant="me011">
      <nite:child href="Bmr005.G.words.xml#id(Bmr005.w.3,174)..id(Bmr005.w.3,182)"/>
   </dialogueact>
   <dialogueact nite:id="Bmr005.G.dialogueact216" starttime="915.103" endtime="917.233" type="s" adjacency="22b+++.23a" original-type="sj" channel="c8" participant="me011">
      <nite:child href="Bmr005.G.words.xml#id(Bmr005.w.3,183)..id(Bmr005.w.3,193)"/>
   </dialogueact>
   <dialogueact nite:id="Bmr005.G.dialogueact220" starttime="921.094" endtime="923.494" type="s" original-type="s" channel="c8" participant="me011">
      <nite:child href="Bmr005.G.words.xml#id(Bmr005.w.3,214)..id(Bmr005.w.3,228)"/>
   </dialogueact>
   <dialogueact nite:id="Bmr005.G.dialogueact222" starttime="927.419" endtime="928.039" type="s^2^rt" adjacency="25b" original-type="s^2^rt" channel="c8" participant="me011">
      <nite:child href="Bmr005.G.words.xml#id(Bmr005.w.3,275)..id(Bmr005.w.3,276)"/>
   </dialogueact>
   <dialogueact nite:id="Bmr005.G.dialogueact227" starttime="940.498" endtime="942.228" type="s:s" adjacency="27a" original-type="s:s" channel="c8" participant="me011">
      <nite:child href="Bmr005.G.words.xml#id(Bmr005.w.3,327)..id(Bmr005.w.3,336)"/>
   </dialogueact>
   <dialogueact nite:id="Bmr005.G.dialogueact229" starttime="943.312" endtime="944.352" type="s^e" adjacency="27a+" original-type="s^e" channel="c8" participant="me011">
      <nite:child href="Bmr005.G.words.xml#id(Bmr005.w.3,339)..id(Bmr005.w.3,343)"/>
   </dialogueact>
   <dialogueact nite:id="Bmr005.G.dialogueact233" starttime="944.722" endtime="945.662" comment="FBH ERRORCODE1 CSV: &quot;do -  sh- - can i say it ?&quot; DA: &quot;qy^rt&quot;" type="qy^rt.%--" adjacency="28a" original-type="qy^rt.%--" channel="c8" participant="me011">
      <nite:child href="Bmr005.G.words.xml#id(Bmr005.w.3,357)..id(Bmr005.w.3,362)"/>
   </dialogueact>
   <dialogueact nite:id="Bmr005.G.dialogueact236" starttime="945.662" endtime="947.342" type="qrr" adjacency="28a+" original-type="qrr" channel="c8" participant="me011">
      <nite:child href="Bmr005.G.words.xml#id(Bmr005.w.3,363)..id(Bmr005.w.3,370)"/>
   </dialogueact>
   <dialogueact nite:id="Bmr005.G.dialogueact267" starttime="1038.37" endtime="1039.18" type="s.x" original-type="s.x" channel="c8" participant="me011">
      <nite:child href="Bmr005.G.words.xml#id(Bmr005.w.3,860)..id(Bmr005.w.3,865)"/>
   </dialogueact>
   <dialogueact nite:id="Bmr005.G.dialogueact277" starttime="1061.1" endtime="1064.63" type="fg|s" adjacency="32b.33a" original-type="fg|s" channel="c8" participant="me011">
      <nite:child href="Bmr005.G.words.xml#id(Bmr005.w.3,942)..id(Bmr005.w.3,956)"/>
   </dialogueact>
   <dialogueact nite:id="Bmr005.G.dialogueact278" starttime="1064.63" endtime="1070.84" type="s^e" adjacency="33a+" original-type="s^e" channel="c8" participant="me011">
      <nite:child href="Bmr005.G.words.xml#id(Bmr005.w.3,957)..id(Bmr005.w.3,978)"/>
   </dialogueact>
   <dialogueact nite:id="Bmr005.G.dialogueact280" starttime="1071.77" endtime="1074.25" type="s^bu" adjacency="33a" original-type="s^bu" channel="c8" participant="me011">
      <nite:child href="Bmr005.G.words.xml#id(Bmr005.w.3,979)..id(Bmr005.w.3,993)"/>
   </dialogueact>
   <dialogueact nite:id="Bmr005.G.dialogueact301" starttime="1105.35" endtime="1107.53" type="s.x" adjacency="39b-4" original-type="s.x" channel="c8" participant="me011">
      <nite:child href="Bmr005.G.words.xml#id(Bmr005.w.4,195)..id(Bmr005.w.4,202)"/>
   </dialogueact>
   <dialogueact nite:id="Bmr005.G.dialogueact308" starttime="1113.19" endtime="1113.39" type="s^aa" adjacency="40b-2" original-type="s^aa" channel="c8" participant="me011">
      <nite:child href="Bmr005.G.words.xml#id(Bmr005.w.4,237)..id(Bmr005.w.4,238)"/>
   </dialogueact>
   <dialogueact nite:id="Bmr005.G.dialogueact313" starttime="1116.88" endtime="1117.25" type="b" original-type="b" channel="c8" participant="me011">
      <nite:child href="Bmr005.G.words.xml#id(Bmr005.w.4,258)..id(Bmr005.w.4,259)"/>
   </dialogueact>
   <dialogueact nite:id="Bmr005.G.dialogueact334" starttime="1193.03" endtime="1195.41" type="s" adjacency="42b" original-type="s" channel="c8" participant="me011">
      <nite:child href="Bmr005.G.words.xml#id(Bmr005.w.4,472)..id(Bmr005.w.4,487)"/>
   </dialogueact>
   <dialogueact nite:id="Bmr005.G.dialogueact335" starttime="1195.84" endtime="1196.2" type="fh" original-type="fh" channel="c8" participant="me011">
      <nite:child href="Bmr005.G.words.xml#id(Bmr005.w.4,488)..id(Bmr005.w.4,489)"/>
   </dialogueact>
   <dialogueact nite:id="Bmr005.G.dialogueact341" starttime="1226.54" endtime="1226.95" type="b" original-type="b" channel="c8" participant="me011">
      <nite:child href="Bmr005.G.words.xml#id(Bmr005.w.4,610)..id(Bmr005.w.4,613)"/>
   </dialogueact>
   <dialogueact nite:id="Bmr005.G.dialogueact343" starttime="1240.14" endtime="1240.6" type="s.%-" original-type="s.%-" channel="c8" participant="me011">
      <nite:child href="Bmr005.G.words.xml#id(Bmr005.w.4,616)..id(Bmr005.disfmarker.208)"/>
   </dialogueact>
   <dialogueact nite:id="Bmr005.G.dialogueact350" starttime="1257.23" endtime="1260.49" type="fg|s^bu" adjacency="1a" original-type="fg|s^bu" channel="c8" participant="me011">
      <nite:child href="Bmr005.G.words.xml#id(Bmr005.w.4,695)..id(Bmr005.w.4,701)"/>
   </dialogueact>
   <dialogueact nite:id="Bmr005.G.dialogueact352" starttime="1260.49" endtime="1260.75" type="qy^d^g^rt" adjacency="1a+" original-type="qy^d^g^rt" channel="c8" participant="me011">
      <nite:child href="Bmr005.G.words.xml#id(Bmr005.w.4,702)..id(Bmr005.w.4,704)"/>
   </dialogueact>
   <dialogueact nite:id="Bmr005.G.dialogueact353" starttime="1260.75" endtime="1262.67" type="s^bs" adjacency="1a++" original-type="s^bs" channel="c8" participant="me011">
      <nite:child href="Bmr005.G.words.xml#id(Bmr005.w.4,705)..id(Bmr005.w.4,712)"/>
   </dialogueact>
   <dialogueact nite:id="Bmr005.G.dialogueact355" starttime="1263.44" endtime="1264.82" type="s" adjacency="1a+++" original-type="s" channel="c8" participant="me011">
      <nite:child href="Bmr005.G.words.xml#id(Bmr005.w.4,722)..id(Bmr005.disfmarker.215)"/>
   </dialogueact>
   <dialogueact nite:id="Bmr005.G.dialogueact356" starttime="1267.25" endtime="1267.41" comment="interesting use of &quot;yeah&quot; as in &quot;is that so?&quot;" type="s^bk" adjacency="2b-1" original-type="s^bk" channel="c8" participant="me011">
      <nite:child href="Bmr005.G.words.xml#id(Bmr005.w.4,737)..id(Bmr005.w.4,738)"/>
   </dialogueact>
   <dialogueact nite:id="Bmr005.G.dialogueact359" starttime="1271.72" endtime="1272.09" type="b" original-type="b" channel="c8" participant="me011">
      <nite:child href="Bmr005.G.words.xml#id(Bmr005.w.4,756)..id(Bmr005.w.4,759)"/>
   </dialogueact>
   <dialogueact nite:id="Bmr005.G.dialogueact365" starttime="1290.37" endtime="1290.79" comment="FBH" type="s^fe" adjacency="6b" original-type="s^fe" channel="c8" participant="me011">
      <nite:child href="Bmr005.G.words.xml#id(Bmr005.w.4,822)..id(Bmr005.w.4,825)"/>
   </dialogueact>
   <dialogueact nite:id="Bmr005.G.dialogueact367" starttime="1294.41" endtime="1294.6" comment="FBH" type="s^ba" adjacency="7b" original-type="sj^ba" channel="c8" participant="me011">
      <nite:child href="Bmr005.G.words.xml#id(Bmr005.w.4,826)..id(Bmr005.w.4,827)"/>
   </dialogueact>
   <dialogueact nite:id="Bmr005.G.dialogueact385" starttime="1337.18" endtime="1338.57" type="fg|s^cs.%-" original-type="fg|s^cs.%-" channel="c8" participant="me011">
      <nite:child href="Bmr005.G.words.xml#id(Bmr005.w.4,968)..id(Bmr005.disfmarker.227)"/>
   </dialogueact>
   <dialogueact nite:id="Bmr005.G.dialogueact387" starttime="1348.05" endtime="1350.73" type="s" adjacency="13a" original-type="s" channel="c8" participant="me011">
      <nite:child href="Bmr005.G.words.xml#id(Bmr005.w.5,004)..id(Bmr005.w.5,017)"/>
   </dialogueact>
   <dialogueact nite:id="Bmr005.G.dialogueact388" starttime="1350.89" endtime="1353.25" type="s^e" adjacency="13a+" original-type="s^e" channel="c8" participant="me011">
      <nite:child href="Bmr005.G.words.xml#id(Bmr005.w.5,018)..id(Bmr005.w.5,028)"/>
   </dialogueact>
   <dialogueact nite:id="Bmr005.G.dialogueact389" starttime="1353.25" endtime="1354.33" type="qw" adjacency="13a++" original-type="qw" channel="c8" participant="me011">
      <nite:child href="Bmr005.G.words.xml#id(Bmr005.w.5,029)..id(Bmr005.w.5,035)"/>
   </dialogueact>
   <dialogueact nite:id="Bmr005.G.dialogueact391" starttime="1356.94" endtime="1360.34" type="fg|s" adjacency="14b.15a" original-type="fg|s" channel="c8" participant="me011">
      <nite:child href="Bmr005.G.words.xml#id(Bmr005.w.5,042)..id(Bmr005.w.5,058)"/>
   </dialogueact>
   <dialogueact nite:id="Bmr005.G.dialogueact393" starttime="1360.57" endtime="1361.53" type="qy^rt" adjacency="15a+" original-type="qy^rt" channel="c8" participant="me011">
      <nite:child href="Bmr005.G.words.xml#id(Bmr005.w.5,059)..id(Bmr005.w.5,065)"/>
   </dialogueact>
   <dialogueact nite:id="Bmr005.G.dialogueact397" starttime="1365.44" endtime="1367.9" type="s.%-" original-type="s.%-" channel="c8" participant="me011">
      <nite:child href="Bmr005.G.words.xml#id(Bmr005.w.5,082)..id(Bmr005.w.5,091)"/>
   </dialogueact>
   <dialogueact nite:id="Bmr005.G.dialogueact428" starttime="1461.79" endtime="1467.48" type="fg|s^na" adjacency="20a" original-type="fg|s^na" channel="c8" participant="me011">
      <nite:child href="Bmr005.G.words.xml#id(Bmr005.w.5,446)..id(Bmr005.w.5,464)"/>
   </dialogueact>
   <dialogueact nite:id="Bmr005.G.dialogueact432" starttime="1468.38" endtime="1470.2" comment="&quot;so&quot; is sometimes not seeming like fh fh OR h!" type="s^2" adjacency="21b" original-type="s^2" channel="c8" participant="me011">
      <nite:child href="Bmr005.G.words.xml#id(Bmr005.w.5,465)..id(Bmr005.w.5,485)"/>
   </dialogueact>
   <dialogueact nite:id="Bmr005.G.dialogueact436" starttime="1471.78" endtime="1472.01" comment="FBH" type="b" original-type="b" channel="c8" participant="me011">
      <nite:child href="Bmr005.G.words.xml#id(Bmr005.w.5,510)..id(Bmr005.w.5,511)"/>
   </dialogueact>
   <dialogueact nite:id="Bmr005.G.dialogueact438" starttime="1473.8" endtime="1474.83" type="s^m" original-type="s^m" channel="c8" participant="me011">
      <nite:child href="Bmr005.G.words.xml#id(Bmr005.w.5,522)..id(Bmr005.w.5,528)"/>
   </dialogueact>
   <dialogueact nite:id="Bmr005.G.dialogueact439" starttime="1474.83" endtime="1475.1" type="qy^d^g^rt" original-type="qy^d^g^rt" channel="c8" participant="me011">
      <nite:child href="Bmr005.G.words.xml#id(Bmr005.w.5,529)..id(Bmr005.w.5,530)"/>
   </dialogueact>
   <dialogueact nite:id="Bmr005.G.dialogueact441" starttime="1475.17" endtime="1476.1" type="s^e" original-type="s^e" channel="c8" participant="me011">
      <nite:child href="Bmr005.G.words.xml#id(Bmr005.w.5,531)..id(Bmr005.w.5,536)"/>
   </dialogueact>
   <dialogueact nite:id="Bmr005.G.dialogueact459" starttime="1497.32" endtime="1499.4" type="qy.%--" adjacency="26b-2" original-type="qy.%--" channel="c8" participant="me011">
      <nite:child href="Bmr005.G.words.xml#id(Bmr005.w.5,655)..id(Bmr005.disfmarker.271)"/>
   </dialogueact>
   <dialogueact nite:id="Bmr005.G.dialogueact485" starttime="1566.51" endtime="1566.75" comment="FBH" type="b" original-type="b" channel="c8" participant="me011">
      <nite:child href="Bmr005.G.words.xml#id(Bmr005.w.5,884)..id(Bmr005.w.5,885)"/>
   </dialogueact>
   <dialogueact nite:id="Bmr005.G.dialogueact486" starttime="1573.04" endtime="1573.32" type="s^aa" adjacency="31b" original-type="s^aa" channel="c8" participant="me011">
      <nite:child href="Bmr005.G.words.xml#id(Bmr005.w.5,900)..id(Bmr005.w.5,901)"/>
   </dialogueact>
   <dialogueact nite:id="Bmr005.G.dialogueact497" starttime="1622.5" endtime="1622.73" type="b" original-type="b" channel="c8" participant="me011">
      <nite:child href="Bmr005.G.words.xml#id(Bmr005.w.6,038)..id(Bmr005.w.6,039)"/>
   </dialogueact>
   <dialogueact nite:id="Bmr005.G.dialogueact499" starttime="1638.9" endtime="1639.04" comment="FBH said quietly but it still seems like the speakers uses this as an &lt;fg&gt;" type="fg" original-type="fg" channel="c8" participant="me011">
      <nite:child href="Bmr005.G.words.xml#id(Bmr005.w.6,081)..id(Bmr005.w.6,082)"/>
   </dialogueact>
   <dialogueact nite:id="Bmr005.G.dialogueact500" starttime="1639.35" endtime="1647.15" type="s^df" adjacency="32b.33a" original-type="s^df" channel="c8" participant="me011">
      <nite:child href="Bmr005.G.words.xml#id(Bmr005.w.6,083)..id(Bmr005.w.6,105)"/>
   </dialogueact>
   <dialogueact nite:id="Bmr005.G.dialogueact504" starttime="1647.93" endtime="1652.98" type="s" original-type="s" channel="c8" participant="me011">
      <nite:child href="Bmr005.G.words.xml#id(Bmr005.w.6,126)..id(Bmr005.disfmarker.317)"/>
   </dialogueact>
   <dialogueact nite:id="Bmr005.G.dialogueact506" starttime="1652.98" endtime="1658.84" type="s" original-type="s" channel="c8" participant="me011">
      <nite:child href="Bmr005.G.words.xml#id(Bmr005.w.6,146)..id(Bmr005.w.6,183)"/>
   </dialogueact>
   <dialogueact nite:id="Bmr005.G.dialogueact511" starttime="1659.9" endtime="1660.26" comment="handover with &quot;so&quot;" type="fh" original-type="fh" channel="c8" participant="me011">
      <nite:child href="Bmr005.G.words.xml#id(Bmr005.w.6,184)..id(Bmr005.w.6,185)"/>
   </dialogueact>
   <dialogueact nite:id="Bmr005.G.dialogueact528" starttime="1739.63" endtime="1743.22" type="s^df" adjacency="35b.36a" original-type="s^df" channel="c8" participant="me011">
      <nite:child href="Bmr005.G.words.xml#id(Bmr005.w.6,490)..id(Bmr005.w.6,508)"/>
   </dialogueact>
   <dialogueact nite:id="Bmr005.G.dialogueact529" starttime="1743.22" endtime="1744.68" type="s^df" adjacency="35b+.36a+" original-type="s^df" channel="c8" participant="me011">
      <nite:child href="Bmr005.G.words.xml#id(Bmr005.w.6,509)..id(Bmr005.w.6,516)"/>
   </dialogueact>
   <dialogueact nite:id="Bmr005.G.dialogueact530" starttime="1745.3" endtime="1746.89" type="s.%-" original-type="s.%-" channel="c8" participant="me011">
      <nite:child href="Bmr005.G.words.xml#id(Bmr005.w.6,517)..id(Bmr005.disfmarker.341)"/>
   </dialogueact>
   <dialogueact nite:id="Bmr005.G.dialogueact536" starttime="1754.66" endtime="1754.89" type="s^aa" adjacency="37b-2" original-type="s^aa" channel="c8" participant="me011">
      <nite:child href="Bmr005.G.words.xml#id(Bmr005.w.6,573)..id(Bmr005.w.6,574)"/>
   </dialogueact>
   <dialogueact nite:id="Bmr005.G.dialogueact538" starttime="1755.65" endtime="1758.95" type="s^aap.%--" adjacency="37b-2+.39a" original-type="s^aap.%--" channel="c8" participant="me011">
      <nite:child href="Bmr005.G.words.xml#id(Bmr005.w.6,577)..id(Bmr005.disfmarker.344)"/>
   </dialogueact>
   <dialogueact nite:id="Bmr005.G.dialogueact540" starttime="1758.95" endtime="1761.61" type="s" adjacency="39a+" original-type="s" channel="c8" participant="me011">
      <nite:child href="Bmr005.G.words.xml#id(Bmr005.w.6,589)..id(Bmr005.w.6,601)"/>
   </dialogueact>
   <dialogueact nite:id="Bmr005.G.dialogueact543" starttime="1762.96" endtime="1763.12" comment="FBH" type="s^aa" adjacency="39_b" original-type="s^aa" channel="c8" participant="me011">
      <nite:child href="Bmr005.G.words.xml#id(Bmr005.w.6,629)..id(Bmr005.w.6,630)"/>
   </dialogueact>
   <dialogueact nite:id="Bmr005.G.dialogueact545" starttime="1766.08" endtime="1766.31" type="s^aa" adjacency="41b" original-type="s^aa" channel="c8" participant="me011">
      <nite:child href="Bmr005.G.words.xml#id(Bmr005.w.6,631)..id(Bmr005.w.6,632)"/>
   </dialogueact>
   <dialogueact nite:id="Bmr005.G.dialogueact548" starttime="1767.08" endtime="1767.33" comment="FBH" type="b" original-type="b" channel="c8" participant="me011">
      <nite:child href="Bmr005.G.words.xml#id(Bmr005.w.6,633)..id(Bmr005.w.6,634)"/>
   </dialogueact>
   <dialogueact nite:id="Bmr005.G.dialogueact558" starttime="1799.57" endtime="1799.82" type="s^aa" adjacency="1b" original-type="s^aa" channel="c8" participant="me011">
      <nite:child href="Bmr005.G.words.xml#id(Bmr005.w.6,732)..id(Bmr005.w.6,733)"/>
   </dialogueact>
   <dialogueact nite:id="Bmr005.G.dialogueact561" starttime="1802.12" endtime="1802.66" comment="FBH" type="qy.%-" original-type="qy.%-" channel="c8" participant="me011">
      <nite:child href="Bmr005.G.words.xml#id(Bmr005.w.6,744)..id(Bmr005.w.6,746)"/>
   </dialogueact>
   <dialogueact nite:id="Bmr005.G.dialogueact576" starttime="1852.17" endtime="1854.28" comment="FBH" type="s^ba" adjacency="3a" original-type="sj^ba" channel="c8" participant="me011">
      <nite:child href="Bmr005.G.words.xml#id(Bmr005.w.6,923)..id(Bmr005.w.6,938)"/>
   </dialogueact>
   <dialogueact nite:id="Bmr005.G.dialogueact605" starttime="1960.84" endtime="1961.41" type="s^bc" adjacency="10b-1" original-type="s^bc" channel="c8" participant="me011">
      <nite:child href="Bmr005.G.words.xml#id(Bmr005.w.7,298)..id(Bmr005.w.7,300)"/>
   </dialogueact>
   <dialogueact nite:id="Bmr005.G.dialogueact634" starttime="2012.38" endtime="2014.05" type="s^nd" adjacency="18b-2" original-type="s^nd" channel="c8" participant="me011">
      <nite:child href="Bmr005.G.words.xml#id(Bmr005.w.7,505)..id(Bmr005.w.7,513)"/>
   </dialogueact>
   <dialogueact nite:id="Bmr005.G.dialogueact641" starttime="2049.48" endtime="2051.3" comment="**hotspot** continues for the next few lines" type="s" adjacency="20b.21a" original-type="s" channel="c8" participant="me011">
      <nite:child href="Bmr005.G.words.xml#id(Bmr005.w.7,652)..id(Bmr005.w.7,661)"/>
   </dialogueact>
   <dialogueact nite:id="Bmr005.G.dialogueact643" starttime="2051.71" endtime="2055.16" type="s" adjacency="21a+" original-type="s" channel="c8" participant="me011">
      <nite:child href="Bmr005.G.words.xml#id(Bmr005.w.7,664)..id(Bmr005.w.7,676)"/>
   </dialogueact>
   <dialogueact nite:id="Bmr005.G.dialogueact652" starttime="2061.48" endtime="2061.69" comment="FBH" type="b" original-type="b" channel="c8" participant="me011">
      <nite:child href="Bmr005.G.words.xml#id(Bmr005.w.7,738)..id(Bmr005.w.7,739)"/>
   </dialogueact>
   <dialogueact nite:id="Bmr005.G.dialogueact654" starttime="2063.85" endtime="2064.07" comment="FBH" type="b" original-type="b" channel="c8" participant="me011">
      <nite:child href="Bmr005.G.words.xml#id(Bmr005.w.7,744)..id(Bmr005.w.7,745)"/>
   </dialogueact>
   <dialogueact nite:id="Bmr005.G.dialogueact669" starttime="2087.58" endtime="2087.86" comment="FBH" type="b" original-type="b" channel="c8" participant="me011">
      <nite:child href="Bmr005.G.words.xml#id(Bmr005.w.7,893)..id(Bmr005.w.7,894)"/>
   </dialogueact>
   <dialogueact nite:id="Bmr005.G.dialogueact678" starttime="2097.01" endtime="2097.78" comment="FBH" type="s.%-" original-type="s.%-" channel="c8" participant="me011">
      <nite:child href="Bmr005.G.words.xml#id(Bmr005.w.7,953)..id(Bmr005.disfmarker.472)"/>
   </dialogueact>
   <dialogueact nite:id="Bmr005.G.dialogueact683" starttime="2104.53" endtime="2105.93" comment="not an answer - but he is questioning something by saying &quot;well...&quot;" type="s^nd.%--" adjacency="26b-1" original-type="s^nd.%--" channel="c8" participant="me011">
      <nite:child href="Bmr005.G.words.xml#id(Bmr005.w.7,983)..id(Bmr005.disfmarker.478)"/>
   </dialogueact>
   <dialogueact nite:id="Bmr005.G.dialogueact720" starttime="2167.89" endtime="2168.07" comment="FBH" type="%-" original-type="%-" channel="c8" participant="me011">
      <nite:child href="Bmr005.G.words.xml#id(Bmr005.w.8,266)"/>
   </dialogueact>
   <dialogueact nite:id="Bmr005.G.dialogueact738" starttime="2216.29" endtime="2216.5" comment="FBH" type="b.%" original-type="b.%" channel="c8" participant="me011">
      <nite:child href="Bmr005.G.words.xml#id(Bmr005.w.8,454)..id(Bmr005.w.8,455)"/>
   </dialogueact>
   <dialogueact nite:id="Bmr005.G.dialogueact740" starttime="2221.91" endtime="2222.22" type="%-" original-type="%-" channel="c8" participant="me011">
      <nite:child href="Bmr005.G.words.xml#id(Bmr005.w.8,495)..id(Bmr005.disfmarker.503)"/>
   </dialogueact>
   <dialogueact nite:id="Bmr005.G.dialogueact741" starttime="2222.95" endtime="2223.96" type="s" original-type="s" channel="c8" participant="me011">
      <nite:child href="Bmr005.G.words.xml#id(Bmr005.w.8,499)..id(Bmr005.w.8,507)"/>
   </dialogueact>
   <dialogueact nite:id="Bmr005.G.dialogueact766" starttime="2282.43" endtime="2283.21" comment="FBH" type="s.%-" original-type="s.%-" channel="c8" participant="me011">
      <nite:child href="Bmr005.G.words.xml#id(Bmr005.w.8,781)..id(Bmr005.disfmarker.513)"/>
   </dialogueact>
   <dialogueact nite:id="Bmr005.G.dialogueact781" starttime="2314.87" endtime="2316.9" type="s.%-" original-type="s.%-" channel="c8" participant="me011">
      <nite:child href="Bmr005.G.words.xml#id(Bmr005.w.8,970)..id(Bmr005.disfmarker.521)"/>
   </dialogueact>
   <dialogueact nite:id="Bmr005.G.dialogueact795" starttime="2343.58" endtime="2343.89" type="fg" original-type="fg" channel="c8" participant="me011">
      <nite:child href="Bmr005.G.words.xml#id(Bmr005.w.9,085)..id(Bmr005.disfmarker.523)"/>
   </dialogueact>
   <dialogueact nite:id="Bmr005.G.dialogueact797" starttime="2346.08" endtime="2347.68" type="s^rt" adjacency="46b.47a" original-type="s^rt" channel="c8" participant="me011">
      <nite:child href="Bmr005.G.words.xml#id(Bmr005.w.9,088)..id(Bmr005.w.9,098)"/>
   </dialogueact>
   <dialogueact nite:id="Bmr005.G.dialogueact799" starttime="2347.84" endtime="2348.98" type="s.%-" original-type="s.%-" channel="c8" participant="me011">
      <nite:child href="Bmr005.G.words.xml#id(Bmr005.w.9,099)..id(Bmr005.disfmarker.525)"/>
   </dialogueact>
   <dialogueact nite:id="Bmr005.G.dialogueact802" starttime="2349.87" endtime="2352.52" type="fh|s" original-type="fh|s" channel="c8" participant="me011">
      <nite:child href="Bmr005.G.words.xml#id(Bmr005.w.9,117)..id(Bmr005.w.9,130)"/>
   </dialogueact>
   <dialogueact nite:id="Bmr005.G.dialogueact803" starttime="2352.53" endtime="2355.88" type="s^e" original-type="s^e" channel="c8" participant="me011">
      <nite:child href="Bmr005.G.words.xml#id(Bmr005.w.9,131)..id(Bmr005.w.9,142)"/>
   </dialogueact>
   <dialogueact nite:id="Bmr005.G.dialogueact809" starttime="2359.48" endtime="2363.12" type="fg|s^e" original-type="fg|s^e" channel="c8" participant="me011">
      <nite:child href="Bmr005.G.words.xml#id(Bmr005.w.9,173)..id(Bmr005.w.9,189)"/>
   </dialogueact>
   <dialogueact nite:id="Bmr005.G.dialogueact810" starttime="2364.09" endtime="2365.38" type="s" original-type="sj" channel="c8" participant="me011">
      <nite:child href="Bmr005.G.words.xml#id(Bmr005.w.9,190)..id(Bmr005.w.9,196)"/>
   </dialogueact>
   <dialogueact nite:id="Bmr005.G.dialogueact811" starttime="2365.38" endtime="2370.21" type="s" original-type="s" channel="c8" participant="me011">
      <nite:child href="Bmr005.G.words.xml#id(Bmr005.w.9,197)..id(Bmr005.w.9,215)"/>
   </dialogueact>
   <dialogueact nite:id="Bmr005.G.dialogueact812" starttime="2370.62" endtime="2371.42" type="s.%--" original-type="s.%--" channel="c8" participant="me011">
      <nite:child href="Bmr005.G.words.xml#id(Bmr005.w.9,216)..id(Bmr005.disfmarker.532)"/>
   </dialogueact>
   <dialogueact nite:id="Bmr005.G.dialogueact813" starttime="2371.6" endtime="2378.32" comment="FBH ERRORCODE1 CSV: &quot;i don't - what i'm working on - what i was working on - was getting it to a form where we can import it into the user interface that we have - into transcriber .&quot;" type="s" original-type="s" channel="c8" participant="me011">
      <nite:child href="Bmr005.G.words.xml#id(Bmr005.w.9,219)..id(Bmr005.w.9,250)"/>
   </dialogueact>
   <dialogueact nite:id="Bmr005.G.dialogueact814" starttime="2378.7" endtime="2380.9" type="fh|s^cc" original-type="fh|s^cc" channel="c8" participant="me011">
      <nite:child href="Bmr005.G.words.xml#id(Bmr005.w.9,251)..id(Bmr005.w.9,263)"/>
   </dialogueact>
   <dialogueact nite:id="Bmr005.G.dialogueact815" starttime="2380.9" endtime="2382.49" type="s" original-type="s" channel="c8" participant="me011">
      <nite:child href="Bmr005.G.words.xml#id(Bmr005.w.9,264)..id(Bmr005.w.9,274)"/>
   </dialogueact>
   <dialogueact nite:id="Bmr005.G.dialogueact817" starttime="2382.73" endtime="2385.78" comment="FBH" type="fh|s^cc" original-type="fh|s^cc" channel="c8" participant="me011">
      <nite:child href="Bmr005.G.words.xml#id(Bmr005.w.9,275)..id(Bmr005.w.9,291)"/>
   </dialogueact>
   <dialogueact nite:id="Bmr005.G.dialogueact827" starttime="2395.78" endtime="2396.14" type="fg" original-type="fg" channel="c8" participant="me011">
      <nite:child href="Bmr005.G.words.xml#id(Bmr005.w.9,365)..id(Bmr005.disfmarker.539)"/>
   </dialogueact>
   <dialogueact nite:id="Bmr005.G.dialogueact834" starttime="2416.0" endtime="2416.23" comment="FBHThis wasn't very audible but this utterance is marked with a &lt;t3&gt; because one of the comments in teh .mrt file is that this utterance was whispered to chanB." type="s^ft^t3.%" original-type="s^ft^t3.%" channel="c8" participant="me011">
      <nite:child href="Bmr005.G.words.xml#id(Bmr005.w.9,476)..id(Bmr005.w.9,477)"/>
   </dialogueact>
   <dialogueact nite:id="Bmr005.G.dialogueact844" starttime="2438.27" endtime="2438.39" type="s^aa" adjacency="2b" original-type="s^aa" channel="c8" participant="me011">
      <nite:child href="Bmr005.G.words.xml#id(Bmr005.w.9,558)..id(Bmr005.w.9,559)"/>
   </dialogueact>
   <dialogueact nite:id="Bmr005.G.dialogueact845" starttime="2438.39" endtime="2439.55" type="s" original-type="s" channel="c8" participant="me011">
      <nite:child href="Bmr005.G.words.xml#id(Bmr005.w.9,560)..id(Bmr005.w.9,566)"/>
   </dialogueact>
   <dialogueact nite:id="Bmr005.G.dialogueact846" starttime="2439.55" endtime="2443.44" type="s" original-type="s" channel="c8" participant="me011">
      <nite:child href="Bmr005.G.words.xml#id(Bmr005.w.9,567)..id(Bmr005.w.9,583)"/>
   </dialogueact>
   <dialogueact nite:id="Bmr005.G.dialogueact847" starttime="2444.06" endtime="2445.41" type="s^e" original-type="s^e" channel="c8" participant="me011">
      <nite:child href="Bmr005.G.words.xml#id(Bmr005.w.9,584)..id(Bmr005.w.9,591)"/>
   </dialogueact>
   <dialogueact nite:id="Bmr005.G.dialogueact848" starttime="2448.09" endtime="2452.64" type="s" original-type="sj" channel="c8" participant="me011">
      <nite:child href="Bmr005.G.words.xml#id(Bmr005.w.9,592)..id(Bmr005.w.9,619)"/>
   </dialogueact>
   <dialogueact nite:id="Bmr005.G.dialogueact851" starttime="2454.24" endtime="2455.48" type="s^aa" adjacency="3b-1" original-type="s^aa" channel="c8" participant="me011">
      <nite:child href="Bmr005.G.words.xml#id(Bmr005.w.9,641)..id(Bmr005.w.9,690)"/>
   </dialogueact>
   <dialogueact nite:id="Bmr005.G.dialogueact856" starttime="2461.67" endtime="2461.89" comment="FBH" type="b" original-type="b" channel="c8" participant="me011">
      <nite:child href="Bmr005.G.words.xml#id(Bmr005.w.9,698)..id(Bmr005.w.9,699)"/>
   </dialogueact>
   <dialogueact nite:id="Bmr005.G.dialogueact868" starttime="2504.02" endtime="2505.57" type="s" adjacency="4a" original-type="s" channel="c8" participant="me011">
      <nite:child href="Bmr005.G.words.xml#id(Bmr005.w.9,887)..id(Bmr005.w.9,895)"/>
   </dialogueact>
   <dialogueact nite:id="Bmr005.G.dialogueact870" starttime="2507.55" endtime="2509.18" type="s" original-type="s" channel="c8" participant="me011">
      <nite:child href="Bmr005.G.words.xml#id(Bmr005.w.9,915)..id(Bmr005.w.9,921)"/>
   </dialogueact>
   <dialogueact nite:id="Bmr005.G.dialogueact872" starttime="2515.89" endtime="2516.82" type="s^ba" adjacency="5b.6a" original-type="sj^ba" channel="c8" participant="me011">
      <nite:child href="Bmr005.G.words.xml#id(Bmr005.w.9,955)..id(Bmr005.w.9,959)"/>
   </dialogueact>
   <dialogueact nite:id="Bmr005.G.dialogueact875" starttime="2519.88" endtime="2520.88" comment="FBH" type="qy^rt" original-type="qy^rt" channel="c8" participant="me011">
      <nite:child href="Bmr005.G.words.xml#id(Bmr005.w.9,964)..id(Bmr005.w.9,973)"/>
   </dialogueact>
   <dialogueact nite:id="Bmr005.G.dialogueact889" starttime="2533.84" endtime="2534.4" type="s" original-type="s" channel="c8" participant="me011">
      <nite:child href="Bmr005.G.words.xml#id(Bmr005.w.10,086)..id(Bmr005.w.10,088)"/>
   </dialogueact>
   <dialogueact nite:id="Bmr005.G.dialogueact890" starttime="2536.97" endtime="2541.09" type="qw" adjacency="12a" original-type="qw" channel="c8" participant="me011">
      <nite:child href="Bmr005.G.words.xml#id(Bmr005.w.10,089)..id(Bmr005.disfmarker.579)"/>
   </dialogueact>
   <dialogueact nite:id="Bmr005.G.dialogueact895" starttime="2548.9" endtime="2549.25" type="s^ba.%" original-type="s^ba.%" channel="c8" participant="me011">
      <nite:child href="Bmr005.G.words.xml#id(Bmr005.w.10,137)..id(Bmr005.w.10,140)"/>
   </dialogueact>
   <dialogueact nite:id="Bmr005.G.dialogueact900" starttime="2553.7" endtime="2556.7" comment="12_a" type="s" original-type="s" channel="c8" participant="me011">
      <nite:child href="Bmr005.G.words.xml#id(Bmr005.w.10,164)..id(Bmr005.w.10,181)"/>
   </dialogueact>
   <dialogueact nite:id="Bmr005.G.dialogueact921" starttime="2617.25" endtime="2622.38" comment="FBH ERRORCODE1 CSV: &quot;i b- - i bet they're more because the beginning of the meeting have a lot more overlaps than - than sort of the middle .&quot;" type="s" adjacency="19a" original-type="sj" channel="c8" participant="me011">
      <nite:child href="Bmr005.G.words.xml#id(Bmr005.w.10,380)..id(Bmr005.w.10,405)"/>
   </dialogueact>
   <dialogueact nite:id="Bmr005.G.dialogueact923" starttime="2623.06" endtime="2623.68" type="s^bsc" adjacency="19a+" original-type="s^bsc" channel="c8" participant="me011">
      <nite:child href="Bmr005.G.words.xml#id(Bmr005.w.10,408)..id(Bmr005.w.10,411)"/>
   </dialogueact>
   <dialogueact nite:id="Bmr005.G.dialogueact925" starttime="2624.28" endtime="2627.19" comment="FBH" type="s^rt" adjacency="19a++" original-type="s^rt" channel="c8" participant="me011">
      <nite:child href="Bmr005.G.words.xml#id(Bmr005.w.10,414)..id(Bmr005.w.10,429)"/>
   </dialogueact>
   <dialogueact nite:id="Bmr005.G.dialogueact927" starttime="2627.5" endtime="2631.12" comment="FBH" type="s^rt" adjacency="19_a" original-type="s^rt" channel="c8" participant="me011">
      <nite:child href="Bmr005.G.words.xml#id(Bmr005.w.10,430)..id(Bmr005.w.10,448)"/>
   </dialogueact>
   <dialogueact nite:id="Bmr005.G.dialogueact929" starttime="2631.42" endtime="2633.05" comment="FBH" type="s" adjacency="19_a+" original-type="s" channel="c8" participant="me011">
      <nite:child href="Bmr005.G.words.xml#id(Bmr005.w.10,449)..id(Bmr005.w.10,458)"/>
   </dialogueact>
   <dialogueact nite:id="Bmr005.G.dialogueact934" starttime="2635.99" endtime="2636.28" comment="FBH" type="s^aa" adjacency="19__b" original-type="s^aa" channel="c8" participant="me011">
      <nite:child href="Bmr005.G.words.xml#id(Bmr005.w.10,498)..id(Bmr005.w.10,499)"/>
   </dialogueact>
   <dialogueact nite:id="Bmr005.G.dialogueact952" starttime="2689.21" endtime="2689.65" type="qw^bu^rt" adjacency="22b-1.23a" original-type="qw^bu^rt" channel="c8" participant="me011">
      <nite:child href="Bmr005.G.words.xml#id(Bmr005.w.10,693)..id(Bmr005.w.10,696)"/>
   </dialogueact>
   <dialogueact nite:id="Bmr005.G.dialogueact956" starttime="2692.6" endtime="2693.4" type="s^aa" adjacency="24b.25a" original-type="s^aa" channel="c8" participant="me011">
      <nite:child href="Bmr005.G.words.xml#id(Bmr005.w.10,707)..id(Bmr005.w.10,712)"/>
   </dialogueact>
   <dialogueact nite:id="Bmr005.G.dialogueact958" starttime="2693.55" endtime="2694.51" type="%-" original-type="%-" channel="c8" participant="me011">
      <nite:child href="Bmr005.G.words.xml#id(Bmr005.w.10,713)..id(Bmr005.w.10,716)"/>
   </dialogueact>
   <dialogueact nite:id="Bmr005.G.dialogueact961" starttime="2695.93" endtime="2699.84" type="s^ng" adjacency="26b.27a" original-type="s^ng" channel="c8" participant="me011">
      <nite:child href="Bmr005.G.words.xml#id(Bmr005.w.10,736)..id(Bmr005.w.10,753)"/>
   </dialogueact>
   <dialogueact nite:id="Bmr005.G.dialogueact967" starttime="2706.04" endtime="2708.32" comment="FBH" type="s" adjacency="28b-2" original-type="s" channel="c8" participant="me011">
      <nite:child href="Bmr005.G.words.xml#id(Bmr005.w.10,790)..id(Bmr005.w.10,798)"/>
   </dialogueact>
   <dialogueact nite:id="Bmr005.G.dialogueact971" starttime="2712.29" endtime="2712.49" comment="FBH" type="s^ar" adjacency="29b-3" original-type="s^ar" channel="c8" participant="me011">
      <nite:child href="Bmr005.G.words.xml#id(Bmr005.w.10,827)..id(Bmr005.w.10,828)"/>
   </dialogueact>
   <dialogueact nite:id="Bmr005.G.dialogueact976" starttime="2721.16" endtime="2721.44" type="s" original-type="s" channel="c8" participant="me011">
      <nite:child href="Bmr005.G.words.xml#id(Bmr005.w.10,873)..id(Bmr005.w.10,874)"/>
   </dialogueact>
   <dialogueact nite:id="Bmr005.G.dialogueact1000" starttime="2785.39" endtime="2786.34" comment="FBH" type="s^na" adjacency="33b-1" original-type="s^na" channel="c8" participant="me011">
      <nite:child href="Bmr005.G.words.xml#id(Bmr005.w.11,141)..id(Bmr005.w.11,148)"/>
   </dialogueact>
   <dialogueact nite:id="Bmr005.G.dialogueact1005" starttime="2789.67" endtime="2790.02" type="%--" original-type="%--" channel="c8" participant="me011">
      <nite:child href="Bmr005.G.words.xml#id(Bmr005.w.11,171)..id(Bmr005.disfmarker.639)"/>
   </dialogueact>
   <dialogueact nite:id="Bmr005.G.dialogueact1006" starttime="2790.24" endtime="2790.47" type="s^aa" adjacency="34b-2" original-type="s^aa" channel="c8" participant="me011">
      <nite:child href="Bmr005.G.words.xml#id(Bmr005.w.11,172)..id(Bmr005.w.11,173)"/>
   </dialogueact>
   <dialogueact nite:id="Bmr005.G.dialogueact1007" starttime="2791.1" endtime="2793.3" type="s^rt" original-type="s^rt" channel="c8" participant="me011">
      <nite:child href="Bmr005.G.words.xml#id(Bmr005.w.11,174)..id(Bmr005.w.11,187)"/>
   </dialogueact>
   <dialogueact nite:id="Bmr005.G.dialogueact1014" starttime="2807.6" endtime="2807.9" type="s^aa" adjacency="35b" original-type="s^aa" channel="c8" participant="me011">
      <nite:child href="Bmr005.G.words.xml#id(Bmr005.w.11,255)..id(Bmr005.w.11,256)"/>
   </dialogueact>
   <dialogueact nite:id="Bmr005.G.dialogueact1021" starttime="2817.77" endtime="2819.24" type="s" original-type="s" channel="c8" participant="me011">
      <nite:child href="Bmr005.G.words.xml#id(Bmr005.w.11,304)..id(Bmr005.w.11,312)"/>
   </dialogueact>
   <dialogueact nite:id="Bmr005.G.dialogueact1022" starttime="2819.24" endtime="2822.61" type="s" original-type="s" channel="c8" participant="me011">
      <nite:child href="Bmr005.G.words.xml#id(Bmr005.w.11,313)..id(Bmr005.w.11,328)"/>
   </dialogueact>
   <dialogueact nite:id="Bmr005.G.dialogueact1024" starttime="2823.09" endtime="2826.77" type="s" original-type="s" channel="c8" participant="me011">
      <nite:child href="Bmr005.G.words.xml#id(Bmr005.w.11,331)..id(Bmr005.w.11,349)"/>
   </dialogueact>
   <dialogueact nite:id="Bmr005.G.dialogueact1026" starttime="2827.19" endtime="2832.16" type="s" original-type="s" channel="c8" participant="me011">
      <nite:child href="Bmr005.G.words.xml#id(Bmr005.w.11,354)..id(Bmr005.w.11,371)"/>
   </dialogueact>
   <dialogueact nite:id="Bmr005.G.dialogueact1028" starttime="2832.6" endtime="2834.53" comment="FBH" type="s" original-type="s" channel="c8" participant="me011">
      <nite:child href="Bmr005.G.words.xml#id(Bmr005.w.11,372)..id(Bmr005.w.11,382)"/>
   </dialogueact>
   <dialogueact nite:id="Bmr005.G.dialogueact1029" starttime="2835.34" endtime="2838.48" type="fh|qy^rt" adjacency="36a" original-type="fh|qy^rt" channel="c8" participant="me011">
      <nite:child href="Bmr005.G.words.xml#id(Bmr005.w.11,383)..id(Bmr005.w.11,397)"/>
   </dialogueact>
   <dialogueact nite:id="Bmr005.G.dialogueact1031" starttime="2840.52" endtime="2841.81" type="qy^rt" adjacency="36a+" original-type="qy^rt" channel="c8" participant="me011">
      <nite:child href="Bmr005.G.words.xml#id(Bmr005.w.11,405)..id(Bmr005.w.11,413)"/>
   </dialogueact>
   <dialogueact nite:id="Bmr005.G.dialogueact1034" starttime="2842.6" endtime="2842.81" type="s^bk" adjacency="37b" original-type="s^bk" channel="c8" participant="me011">
      <nite:child href="Bmr005.G.words.xml#id(Bmr005.w.11,426)..id(Bmr005.w.11,427)"/>
   </dialogueact>
   <dialogueact nite:id="Bmr005.G.dialogueact1035" starttime="2845.1" endtime="2848.02" type="s" original-type="s" channel="c8" participant="me011">
      <nite:child href="Bmr005.G.words.xml#id(Bmr005.w.11,442)..id(Bmr005.w.11,453)"/>
   </dialogueact>
   <dialogueact nite:id="Bmr005.G.dialogueact1036" starttime="2848.02" endtime="2849.45" type="s" original-type="s" channel="c8" participant="me011">
      <nite:child href="Bmr005.G.words.xml#id(Bmr005.w.11,454)..id(Bmr005.w.11,463)"/>
   </dialogueact>
   <dialogueact nite:id="Bmr005.G.dialogueact1038" starttime="2850.45" endtime="2850.71" type="fh" original-type="fh" channel="c8" participant="me011">
      <nite:child href="Bmr005.G.words.xml#id(Bmr005.w.11,478)"/>
   </dialogueact>
   <dialogueact nite:id="Bmr005.G.dialogueact1039" starttime="2858.91" endtime="2860.2" comment="FBH" type="s^aa" adjacency="37_b" original-type="s^aa" channel="c8" participant="me011">
      <nite:child href="Bmr005.G.words.xml#id(Bmr005.w.11,496)..id(Bmr005.w.11,499)"/>
   </dialogueact>
   <dialogueact nite:id="Bmr005.G.dialogueact1042" starttime="2861.23" endtime="2863.61" type="s" original-type="s" channel="c8" participant="me011">
      <nite:child href="Bmr005.G.words.xml#id(Bmr005.w.11,506)..id(Bmr005.w.11,515)"/>
   </dialogueact>
   <dialogueact nite:id="Bmr005.G.dialogueact1044" starttime="2863.91" endtime="2867.58" type="s^ba" original-type="sj^ba" channel="c8" participant="me011">
      <nite:child href="Bmr005.G.words.xml#id(Bmr005.w.11,516)..id(Bmr005.w.11,534)"/>
   </dialogueact>
   <dialogueact nite:id="Bmr005.G.dialogueact1047" starttime="2868.92" endtime="2870.28" comment="FBH" type="s^df" original-type="s^df" channel="c8" participant="me011">
      <nite:child href="Bmr005.G.words.xml#id(Bmr005.w.11,559)..id(Bmr005.w.11,568)"/>
   </dialogueact>
   <dialogueact nite:id="Bmr005.G.dialogueact1195" starttime="3471.12" endtime="3472.36" type="s" adjacency="9b" original-type="s" channel="c8" participant="me011">
      <nite:child href="Bmr005.G.words.xml#id(Bmr005.w.13,861)..id(Bmr005.w.13,867)"/>
   </dialogueact>
   <dialogueact nite:id="Bmr005.G.dialogueact1199" starttime="3480.17" endtime="3481.36" type="s^ba" original-type="sj^ba" channel="c8" participant="me011">
      <nite:child href="Bmr005.G.words.xml#id(Bmr005.w.13,890)..id(Bmr005.w.13,898)"/>
   </dialogueact>
   <dialogueact nite:id="Bmr005.G.dialogueact1208" starttime="3489.11" endtime="3489.89" type="s^ba" adjacency="10b-2" original-type="sj^ba" channel="c8" participant="me011">
      <nite:child href="Bmr005.G.words.xml#id(Bmr005.w.13,957)..id(Bmr005.w.13,964)"/>
   </dialogueact>
   <dialogueact nite:id="Bmr005.G.dialogueact1209" starttime="3490.02" endtime="3491.29" type="s^ba" adjacency="10b-2+" original-type="sj^ba" channel="c8" participant="me011">
      <nite:child href="Bmr005.G.words.xml#id(Bmr005.w.13,965)..id(Bmr005.w.13,973)"/>
   </dialogueact>
   <dialogueact nite:id="Bmr005.G.dialogueact1230" starttime="3590.05" endtime="3590.96" comment="FBH ERRORCODE1 CSV: &quot;right that's what we are .&quot;" type="s" original-type="s" channel="c8" participant="me011">
      <nite:child href="Bmr005.G.words.xml#id(Bmr005.w.14,401)..id(Bmr005.w.14,406)"/>
   </dialogueact>
   <dialogueact nite:id="Bmr005.G.dialogueact1264" starttime="3690.24" endtime="3690.42" type="b" original-type="b" channel="c8" participant="me011">
      <nite:child href="Bmr005.G.words.xml#id(Bmr005.w.14,837)..id(Bmr005.w.14,838)"/>
   </dialogueact>
   <dialogueact nite:id="Bmr005.G.dialogueact1273" starttime="3714.85" endtime="3715.22" type="b" original-type="b" channel="c8" participant="me011">
      <nite:child href="Bmr005.G.words.xml#id(Bmr005.w.14,974)..id(Bmr005.w.14,975)"/>
   </dialogueact>
   <dialogueact nite:id="Bmr005.G.dialogueact1303" starttime="3803.89" endtime="3805.13" type="s^cs^rt" adjacency="3a" original-type="s^cs^rt" channel="c8" participant="me011">
      <nite:child href="Bmr005.G.words.xml#id(Bmr005.w.15,363)..id(Bmr005.w.15,367)"/>
   </dialogueact>
   <dialogueact nite:id="Bmr005.G.dialogueact1308" starttime="3818.88" endtime="3820.79" type="s" original-type="s" channel="c8" participant="me011">
      <nite:child href="Bmr005.G.words.xml#id(Bmr005.w.15,429)..id(Bmr005.w.15,443)"/>
   </dialogueact>
   <dialogueact nite:id="Bmr005.G.dialogueact1314" starttime="3848.95" endtime="3849.18" comment="FBH" type="b" original-type="b" channel="c8" participant="me011">
      <nite:child href="Bmr005.G.words.xml#id(Bmr005.w.15,590)..id(Bmr005.w.15,591)"/>
   </dialogueact>
   <dialogueact nite:id="Bmr005.G.dialogueact1328" starttime="3880.28" endtime="3884.08" type="s" adjacency="5a" original-type="s" channel="c8" participant="me011">
      <nite:child href="Bmr005.G.words.xml#id(Bmr005.w.15,706)..id(Bmr005.w.15,725)"/>
   </dialogueact>
   <dialogueact nite:id="Bmr005.G.dialogueact1348" starttime="3918.93" endtime="3924.02" type="h|s" adjacency="6b" original-type="h|s" channel="c8" participant="me011">
      <nite:child href="Bmr005.G.words.xml#id(Bmr005.w.15,907)..id(Bmr005.w.15,931)"/>
   </dialogueact>
   <dialogueact nite:id="Bmr005.G.dialogueact1351" starttime="3924.32" endtime="3925.58" type="s^cc" adjacency="6b+.7a" original-type="s^cc" channel="c8" participant="me011">
      <nite:child href="Bmr005.G.words.xml#id(Bmr005.w.15,932)..id(Bmr005.w.15,939)"/>
   </dialogueact>
   <dialogueact nite:id="Bmr005.G.dialogueact1356" starttime="3931.09" endtime="3931.29" comment="FBH" type="b" original-type="b" channel="c8" participant="me011">
      <nite:child href="Bmr005.G.words.xml#id(Bmr005.w.15,979)..id(Bmr005.w.15,980)"/>
   </dialogueact>
   <dialogueact nite:id="Bmr005.G.dialogueact1358" starttime="3940.74" endtime="3940.93" comment="FBH" type="b.%" original-type="b.%" channel="c8" participant="me011">
      <nite:child href="Bmr005.G.words.xml#id(Bmr005.w.16,029)..id(Bmr005.w.16,030)"/>
   </dialogueact>
   <dialogueact nite:id="Bmr005.G.dialogueact1360" starttime="3942.51" endtime="3942.98" type="s^aap.%--" adjacency="8b" original-type="s^aap.%--" channel="c8" participant="me011">
      <nite:child href="Bmr005.G.words.xml#id(Bmr005.w.16,031)..id(Bmr005.disfmarker.876)"/>
   </dialogueact>
   <dialogueact nite:id="Bmr005.G.dialogueact1362" starttime="3943.79" endtime="3944.79" type="qy^bh" original-type="qy^bh" channel="c8" participant="me011">
      <nite:child href="Bmr005.G.words.xml#id(Bmr005.w.16,035)..id(Bmr005.w.16,042)"/>
   </dialogueact>
   <dialogueact nite:id="Bmr005.G.dialogueact1364" starttime="3945.81" endtime="3945.95" comment="FBH" type="s^ar" adjacency="8_b" original-type="s^ar" channel="c8" participant="me011">
      <nite:child href="Bmr005.G.words.xml#id(Bmr005.w.16,050)..id(Bmr005.w.16,051)"/>
   </dialogueact>
   <dialogueact nite:id="Bmr005.G.dialogueact1367" starttime="3949.85" endtime="3950.81" comment="FBY" type="s" original-type="s" channel="c8" participant="me011">
      <nite:child href="Bmr005.G.words.xml#id(Bmr005.w.16,090)..id(Bmr005.w.16,096)"/>
   </dialogueact>
   <dialogueact nite:id="Bmr005.G.dialogueact1372" starttime="3968.63" endtime="3970.28" comment="FBH" type="s^aa|s" adjacency="8_b" original-type="s^aa|s" channel="c8" participant="me011">
      <nite:child href="Bmr005.G.words.xml#id(Bmr005.w.16,187)..id(Bmr005.w.16,195)"/>
   </dialogueact>
   <dialogueact nite:id="Bmr005.G.dialogueact1376" starttime="3972.45" endtime="3973.99" type="s" original-type="s" channel="c8" participant="me011">
      <nite:child href="Bmr005.G.words.xml#id(Bmr005.w.16,213)..id(Bmr005.w.16,219)"/>
   </dialogueact>
   <dialogueact nite:id="Bmr005.G.dialogueact1379" starttime="3973.99" endtime="3975.18" type="s.%-" original-type="s.%-" channel="c8" participant="me011">
      <nite:child href="Bmr005.G.words.xml#id(Bmr005.w.16,220)..id(Bmr005.w.16,224)"/>
   </dialogueact>
   <dialogueact nite:id="Bmr005.G.dialogueact1386" starttime="4002.12" endtime="4003.07" type="qy^bu^d^rt" adjacency="11a" original-type="qy^bu^d^rt" channel="c8" participant="me011">
      <nite:child href="Bmr005.G.words.xml#id(Bmr005.w.16,344)..id(Bmr005.w.16,351)"/>
   </dialogueact>
   <dialogueact nite:id="Bmr005.G.dialogueact1388" starttime="4003.75" endtime="4004.81" type="s^bk" adjacency="12b" original-type="s^bk" channel="c8" participant="me011">
      <nite:child href="Bmr005.G.words.xml#id(Bmr005.w.16,360)..id(Bmr005.w.16,368)"/>
   </dialogueact>
   <dialogueact nite:id="Bmr005.G.dialogueact1390" starttime="4009.94" endtime="4017.2" comment="FBH" type="s^am|s" original-type="s^am|s" channel="c8" participant="me011">
      <nite:child href="Bmr005.G.words.xml#id(Bmr005.w.16,382)..id(Bmr005.disfmarker.901)"/>
   </dialogueact>
   <dialogueact nite:id="Bmr005.G.dialogueact1395" starttime="4017.2" endtime="4018.47" type="qy^d^rt:s" original-type="qy^d^rt:s" channel="c8" participant="me011">
      <nite:child href="Bmr005.G.words.xml#id(Bmr005.w.16,420)..id(Bmr005.w.16,429)"/>
   </dialogueact>
   <dialogueact nite:id="Bmr005.G.dialogueact1396" starttime="4018.61" endtime="4020.62" type="s" original-type="s" channel="c8" participant="me011">
      <nite:child href="Bmr005.G.words.xml#id(Bmr005.w.16,430)..id(Bmr005.w.16,442)"/>
   </dialogueact>
   <dialogueact nite:id="Bmr005.G.dialogueact1399" starttime="4021.05" endtime="4021.87" comment="FBH" type="s^ba" original-type="sj^ba" channel="c8" participant="me011">
      <nite:child href="Bmr005.G.words.xml#id(Bmr005.w.16,476)..id(Bmr005.w.16,479)"/>
   </dialogueact>
   <dialogueact nite:id="Bmr005.G.dialogueact1405" starttime="4049.02" endtime="4049.44" type="b" original-type="b" channel="c8" participant="me011">
      <nite:child href="Bmr005.G.words.xml#id(Bmr005.w.16,582)..id(Bmr005.w.16,583)"/>
   </dialogueact>
   <dialogueact nite:id="Bmr005.G.dialogueact1416" starttime="4089.4" endtime="4089.63" comment="FBH" type="s^bk" adjacency="13_b" original-type="s^bk" channel="c8" participant="me011">
      <nite:child href="Bmr005.G.words.xml#id(Bmr005.w.16,771)..id(Bmr005.w.16,772)"/>
   </dialogueact>
   <dialogueact nite:id="Bmr005.G.dialogueact1439" starttime="4157.34" endtime="4162.98" type="s^ng" adjacency="16b.17a" original-type="s^ng" channel="c8" participant="me011">
      <nite:child href="Bmr005.G.words.xml#id(Bmr005.w.17,051)..id(Bmr005.w.17,074)"/>
   </dialogueact>
   <dialogueact nite:id="Bmr005.G.dialogueact1443" starttime="4163.97" endtime="4168.22" comment="FBH" type="s" original-type="s" channel="c8" participant="me011">
      <nite:child href="Bmr005.G.words.xml#id(Bmr005.w.17,083)..id(Bmr005.w.17,105)"/>
   </dialogueact>
   <dialogueact nite:id="Bmr005.G.dialogueact1445" starttime="4168.89" endtime="4172.44" type="s" original-type="s" channel="c8" participant="me011">
      <nite:child href="Bmr005.G.words.xml#id(Bmr005.w.17,110)..id(Bmr005.w.17,130)"/>
   </dialogueact>
   <dialogueact nite:id="Bmr005.G.dialogueact1446" starttime="4172.44" endtime="4177.08" type="s:s" original-type="s:s" channel="c8" participant="me011">
      <nite:child href="Bmr005.G.words.xml#id(Bmr005.w.17,131)..id(Bmr005.w.17,160)"/>
   </dialogueact>
   <dialogueact nite:id="Bmr005.G.dialogueact1447" starttime="4177.47" endtime="4180.3" type="s" original-type="s" channel="c8" participant="me011">
      <nite:child href="Bmr005.G.words.xml#id(Bmr005.w.17,161)..id(Bmr005.w.17,175)"/>
   </dialogueact>
   <dialogueact nite:id="Bmr005.G.dialogueact1454" starttime="4193.95" endtime="4194.31" comment="FBH" type="b.%" original-type="b.%" channel="c8" participant="me011">
      <nite:child href="Bmr005.G.words.xml#id(Bmr005.w.17,253)..id(Bmr005.w.17,254)"/>
   </dialogueact>
   <dialogueact nite:id="Bmr005.G.dialogueact1481" starttime="4246.32" endtime="4248.01" type="s^t" original-type="s^t" channel="c8" participant="me011">
      <nite:child href="Bmr005.G.words.xml#id(Bmr005.w.17,502)..id(Bmr005.w.17,514)"/>
   </dialogueact>
   <dialogueact nite:id="Bmr005.G.dialogueact1482" starttime="4248.01" endtime="4250.04" type="fh|s^co" adjacency="21a" original-type="fh|s^co" channel="c8" participant="me011">
      <nite:child href="Bmr005.G.words.xml#id(Bmr005.w.17,515)..id(Bmr005.w.17,525)"/>
   </dialogueact>
   <dialogueact nite:id="Bmr005.G.dialogueact1485" starttime="4252.07" endtime="4255.92" type="s^co" original-type="s^co" channel="c8" participant="me011">
      <nite:child href="Bmr005.G.words.xml#id(Bmr005.w.17,556)..id(Bmr005.w.17,579)"/>
   </dialogueact>
</nite:root>