<?xml version="1.0" encoding="ISO-8859-1" standalone="yes"?>
<nite:root nite:id="Bmr019.G.dialogue-acts" xmlns:nite="http://nite.sourceforge.net/">
   <dialogueact nite:id="Bmr019.G.dialogueact4" starttime="2.514" endtime="2.884" type="s^bk" original-type="s^bk" channel="c8" participant="me001">
      <nite:child href="Bmr019.G.words.xml#id(Bmr019.w.26)..id(Bmr019.w.27)"/>
   </dialogueact>
   <dialogueact nite:id="Bmr019.G.dialogueact81" starttime="106.109" endtime="106.639" type="s^j^na" adjacency="19b-2" original-type="s^j^na" channel="c8" participant="me001">
      <nite:child href="Bmr019.G.words.xml#id(Bmr019.w.513)..id(Bmr019.w.515)"/>
   </dialogueact>
   <dialogueact nite:id="Bmr019.G.dialogueact97" starttime="146.785" endtime="146.995" type="b" original-type="b" channel="c8" participant="me001">
      <nite:child href="Bmr019.G.words.xml#id(Bmr019.w.675)..id(Bmr019.w.678)"/>
   </dialogueact>
   <dialogueact nite:id="Bmr019.G.dialogueact99" starttime="148.872" endtime="149.212" type="%-" original-type="%-" channel="c8" participant="me001">
      <nite:child href="Bmr019.G.words.xml#id(Bmr019.w.684)..id(Bmr019.disfmarker.34)"/>
   </dialogueact>
   <dialogueact nite:id="Bmr019.G.dialogueact114" starttime="167.825" endtime="173.455" type="s" adjacency="23b-3.24a" original-type="s" channel="c8" participant="me001">
      <nite:child href="Bmr019.G.words.xml#id(Bmr019.w.807)..id(Bmr019.w.835)"/>
   </dialogueact>
   <dialogueact nite:id="Bmr019.G.dialogueact118" starttime="174.284" endtime="174.534" type="fh" original-type="fh" channel="c8" participant="me001">
      <nite:child href="Bmr019.G.words.xml#id(Bmr019.w.862)..id(Bmr019.w.863)"/>
   </dialogueact>
   <dialogueact nite:id="Bmr019.G.dialogueact911" starttime="1929.75" endtime="1931.95" type="s^ng" adjacency="18b-2.19a" original-type="s^ng" channel="c8" participant="me001">
      <nite:child href="Bmr019.G.words.xml#id(Bmr019.w.8,553)..id(Bmr019.w.8,561)"/>
   </dialogueact>
   <dialogueact nite:id="Bmr019.G.dialogueact919" starttime="1936.07" endtime="1936.52" type="s^bk" adjacency="21b-2" original-type="s^bk" channel="c8" participant="me001">
      <nite:child href="Bmr019.G.words.xml#id(Bmr019.w.8,603)..id(Bmr019.w.8,604)"/>
   </dialogueact>
   <dialogueact nite:id="Bmr019.G.dialogueact920" starttime="1936.91" endtime="1942.42" type="qy^rt" adjacency="22a" original-type="qy^rt" channel="c8" participant="me001">
      <nite:child href="Bmr019.G.words.xml#id(Bmr019.w.8,605)..id(Bmr019.w.8,619)"/>
   </dialogueact>
   <dialogueact nite:id="Bmr019.G.dialogueact941" starttime="1995.83" endtime="1998.93" type="s" adjacency="23b" original-type="s" channel="c8" participant="me001">
      <nite:child href="Bmr019.G.words.xml#id(Bmr019.w.8,866)..id(Bmr019.w.8,881)"/>
   </dialogueact>
   <dialogueact nite:id="Bmr019.G.dialogueact945" starttime="1998.93" endtime="1999.98" type="qy^rt" adjacency="23b+.24a" original-type="qy^rt" channel="c8" participant="me001">
      <nite:child href="Bmr019.G.words.xml#id(Bmr019.w.8,882)..id(Bmr019.w.8,889)"/>
   </dialogueact>
   <dialogueact nite:id="Bmr019.G.dialogueact946" starttime="1999.98" endtime="2003.3" type="s^rt" original-type="s^rt" channel="c8" participant="me001">
      <nite:child href="Bmr019.G.words.xml#id(Bmr019.w.8,900)..id(Bmr019.w.8,920)"/>
   </dialogueact>
   <dialogueact nite:id="Bmr019.G.dialogueact948" starttime="2003.3" endtime="2004.4" type="s" adjacency="25a" original-type="s" channel="c8" participant="me001">
      <nite:child href="Bmr019.G.words.xml#id(Bmr019.w.8,921)..id(Bmr019.w.8,927)"/>
   </dialogueact>
   <dialogueact nite:id="Bmr019.G.dialogueact950" starttime="2005.07" endtime="2005.29" type="b.%" original-type="b.%" channel="c8" participant="me001">
      <nite:child href="Bmr019.G.words.xml#id(Bmr019.w.8,945)..id(Bmr019.w.8,946)"/>
   </dialogueact>
   <dialogueact nite:id="Bmr019.G.dialogueact952" starttime="2005.29" endtime="2005.54" type="s.%-" original-type="s.%-" channel="c8" participant="me001">
      <nite:child href="Bmr019.G.words.xml#id(Bmr019.w.8,947)..id(Bmr019.disfmarker.429)"/>
   </dialogueact>
   <dialogueact nite:id="Bmr019.G.dialogueact953" starttime="2005.95" endtime="2008.58" type="s^aa|s^na" adjacency="26b" original-type="s^aa|s^na" channel="c8" participant="me001">
      <nite:child href="Bmr019.G.words.xml#id(Bmr019.w.8,950)..id(Bmr019.w.8,964)"/>
   </dialogueact>
   <dialogueact nite:id="Bmr019.G.dialogueact954" starttime="2009.19" endtime="2010.27" type="s^aa|s.%-" original-type="s^aa|s.%-" channel="c8" participant="me001">
      <nite:child href="Bmr019.G.words.xml#id(Bmr019.w.8,967)..id(Bmr019.w.8,971)"/>
   </dialogueact>
   <dialogueact nite:id="Bmr019.G.dialogueact957" starttime="2011.1" endtime="2012.05" type="fg|s" original-type="fg|s" channel="c8" participant="me001">
      <nite:child href="Bmr019.G.words.xml#id(Bmr019.w.8,984)..id(Bmr019.w.8,991)"/>
   </dialogueact>
   <dialogueact nite:id="Bmr019.G.dialogueact958" starttime="2012.05" endtime="2014.89" type="s^rt" adjacency="27a" original-type="s^rt" channel="c8" participant="me001">
      <nite:child href="Bmr019.G.words.xml#id(Bmr019.w.8,992)..id(Bmr019.w.9,007)"/>
   </dialogueact>
   <dialogueact nite:id="Bmr019.G.dialogueact960" starttime="2015.17" endtime="2015.51" type="qy^d^f^g" original-type="qy^d^f^g" channel="c8" participant="me001">
      <nite:child href="Bmr019.G.words.xml#id(Bmr019.w.9,008)..id(Bmr019.w.9,009)"/>
   </dialogueact>
   <dialogueact nite:id="Bmr019.G.dialogueact961" starttime="2015.51" endtime="2017.51" type="s" original-type="s" channel="c8" participant="me001">
      <nite:child href="Bmr019.G.words.xml#id(Bmr019.w.9,010)..id(Bmr019.w.9,018)"/>
   </dialogueact>
   <dialogueact nite:id="Bmr019.G.dialogueact962" starttime="2017.83" endtime="2018.76" type="s" original-type="s" channel="c8" participant="me001">
      <nite:child href="Bmr019.G.words.xml#id(Bmr019.w.9,023)..id(Bmr019.w.9,026)"/>
   </dialogueact>
   <dialogueact nite:id="Bmr019.G.dialogueact963" starttime="2018.76" endtime="2020.51" type="s" original-type="s" channel="c8" participant="me001">
      <nite:child href="Bmr019.G.words.xml#id(Bmr019.w.9,027)..id(Bmr019.w.9,035)"/>
   </dialogueact>
   <dialogueact nite:id="Bmr019.G.dialogueact964" starttime="2020.51" endtime="2023.28" type="s" original-type="s" channel="c8" participant="me001">
      <nite:child href="Bmr019.G.words.xml#id(Bmr019.w.9,036)..id(Bmr019.w.9,047)"/>
   </dialogueact>
   <dialogueact nite:id="Bmr019.G.dialogueact966" starttime="2023.72" endtime="2024.43" type="qy^rt" adjacency="28a" original-type="qy^rt" channel="c8" participant="me001">
      <nite:child href="Bmr019.G.words.xml#id(Bmr019.w.9,052)..id(Bmr019.w.9,059)"/>
   </dialogueact>
   <dialogueact nite:id="Bmr019.G.dialogueact967" starttime="2024.43" endtime="2027.06" type="qrr" adjacency="28a+" original-type="qrr" channel="c8" participant="me001">
      <nite:child href="Bmr019.G.words.xml#id(Bmr019.w.9,060)..id(Bmr019.w.9,074)"/>
   </dialogueact>
   <dialogueact nite:id="Bmr019.G.dialogueact970" starttime="2029.68" endtime="2031.21" type="fg|s^df" adjacency="29b.30a" original-type="fg|s^df" channel="c8" participant="me001">
      <nite:child href="Bmr019.G.words.xml#id(Bmr019.w.9,105)..id(Bmr019.w.9,116)"/>
   </dialogueact>
   <dialogueact nite:id="Bmr019.G.dialogueact972" starttime="2031.76" endtime="2032.15" type="s^fw" adjacency="31b" original-type="s^fw" channel="c8" participant="me001">
      <nite:child href="Bmr019.G.words.xml#id(Bmr019.w.9,117)..id(Bmr019.w.9,118)"/>
   </dialogueact>
   <dialogueact nite:id="Bmr019.G.dialogueact974" starttime="2034.59" endtime="2034.96" type="s^bk" adjacency="32b" original-type="s^bk" channel="c8" participant="me001">
      <nite:child href="Bmr019.G.words.xml#id(Bmr019.w.9,137)..id(Bmr019.w.9,138)"/>
   </dialogueact>
   <dialogueact nite:id="Bmr019.G.dialogueact975" starttime="2034.96" endtime="2037.78" type="s" adjacency="33a" original-type="s" channel="c8" participant="me001">
      <nite:child href="Bmr019.G.words.xml#id(Bmr019.w.9,139)..id(Bmr019.w.9,155)"/>
   </dialogueact>
   <dialogueact nite:id="Bmr019.G.dialogueact978" starttime="2044.27" endtime="2044.61" type="s^bk" adjacency="34b" original-type="s^bk" channel="c8" participant="me001">
      <nite:child href="Bmr019.G.words.xml#id(Bmr019.w.9,208)..id(Bmr019.w.9,209)"/>
   </dialogueact>
   <dialogueact nite:id="Bmr019.G.dialogueact980" starttime="2046.11" endtime="2046.33" type="b" original-type="b" channel="c8" participant="me001">
      <nite:child href="Bmr019.G.words.xml#id(Bmr019.w.9,210)..id(Bmr019.w.9,211)"/>
   </dialogueact>
   <dialogueact nite:id="Bmr019.G.dialogueact1082" starttime="2235.31" endtime="2235.76" type="s.%-" original-type="s.%-" channel="c8" participant="me001">
      <nite:child href="Bmr019.G.words.xml#id(Bmr019.w.10,194)..id(Bmr019.w.10,196)"/>
   </dialogueact>
   <dialogueact nite:id="Bmr019.G.dialogueact1092" starttime="2243.31" endtime="2243.67" type="b.%" original-type="b.%" channel="c8" participant="me001">
      <nite:child href="Bmr019.G.words.xml#id(Bmr019.w.10,241)..id(Bmr019.w.10,242)"/>
   </dialogueact>
   <dialogueact nite:id="Bmr019.G.dialogueact1125" starttime="2296.83" endtime="2297.91" type="qy^bu^d^rt" original-type="qy^bu^d^rt" channel="c8" participant="me001">
      <nite:child href="Bmr019.G.words.xml#id(Bmr019.w.10,520)..id(Bmr019.w.10,526)"/>
   </dialogueact>
   <dialogueact nite:id="Bmr019.G.dialogueact1129" starttime="2298.27" endtime="2299.67" type="qy^rt" original-type="qy^rt" channel="c8" participant="me001">
      <nite:child href="Bmr019.G.words.xml#id(Bmr019.w.10,527)..id(Bmr019.w.10,534)"/>
   </dialogueact>
   <dialogueact nite:id="Bmr019.G.dialogueact1156" starttime="2323.2" endtime="2323.87" type="s^ba" original-type="s^ba" channel="c8" participant="me001">
      <nite:child href="Bmr019.G.words.xml#id(Bmr019.w.10,708)..id(Bmr019.w.10,711)"/>
   </dialogueact>
   <dialogueact nite:id="Bmr019.G.dialogueact1167" starttime="2330.89" endtime="2331.35" type="b" original-type="b" channel="c8" participant="me001">
      <nite:child href="Bmr019.G.words.xml#id(Bmr019.w.10,794)..id(Bmr019.w.10,795)"/>
   </dialogueact>
</nite:root>