<?xml version="1.0" encoding="ISO-8859-1" standalone="yes"?>
<nite:root nite:id="Bmr025.G.dialogue-acts" xmlns:nite="http://nite.sourceforge.net/">
   <dialogueact nite:id="Bmr025.G.dialogueact157" starttime="327.075" endtime="327.345" type="b" original-type="b" channel="c9" participant="fe016">
      <nite:child href="Bmr025.G.words.xml#id(Bmr025.w.1,346)..id(Bmr025.w.1,349)"/>
   </dialogueact>
   <dialogueact nite:id="Bmr025.G.dialogueact177" starttime="360.54" endtime="361.62" type="s^co" original-type="s^co" channel="c9" participant="fe016">
      <nite:child href="Bmr025.G.words.xml#id(Bmr025.w.1,499)..id(Bmr025.w.1,504)"/>
   </dialogueact>
   <dialogueact nite:id="Bmr025.G.dialogueact337" starttime="669.18" endtime="679.334" type="s^cs" original-type="s^cs" channel="c9" participant="fe016">
      <nite:child href="Bmr025.G.words.xml#id(Bmr025.w.2,845)..id(Bmr025.w.2,880)"/>
   </dialogueact>
   <dialogueact nite:id="Bmr025.G.dialogueact339" starttime="680.56" endtime="683.0" type="fh|s^cs^e" original-type="fh|s^cs^e" channel="c9" participant="fe016">
      <nite:child href="Bmr025.G.words.xml#id(Bmr025.w.2,885)..id(Bmr025.w.2,891)"/>
   </dialogueact>
   <dialogueact nite:id="Bmr025.G.dialogueact340" starttime="683.0" endtime="688.36" type="s^cs^e" original-type="s^cs^e" channel="c9" participant="fe016">
      <nite:child href="Bmr025.G.words.xml#id(Bmr025.w.2,892)..id(Bmr025.w.2,907)"/>
   </dialogueact>
   <dialogueact nite:id="Bmr025.G.dialogueact341" starttime="689.33" endtime="689.67" type="fh" original-type="fh" channel="c9" participant="fe016">
      <nite:child href="Bmr025.G.words.xml#id(Bmr025.w.2,908)..id(Bmr025.w.2,909)"/>
   </dialogueact>
   <dialogueact nite:id="Bmr025.G.dialogueact342" starttime="690.36" endtime="693.15" type="s^cs" adjacency="6a" original-type="s^cs" channel="c9" participant="fe016">
      <nite:child href="Bmr025.G.words.xml#id(Bmr025.w.2,910)..id(Bmr025.w.2,926)"/>
   </dialogueact>
   <dialogueact nite:id="Bmr025.G.dialogueact343" starttime="693.22" endtime="696.18" type="s" adjacency="6a+" original-type="s" channel="c9" participant="fe016">
      <nite:child href="Bmr025.G.words.xml#id(Bmr025.w.2,927)..id(Bmr025.w.2,943)"/>
   </dialogueact>
   <dialogueact nite:id="Bmr025.G.dialogueact345" starttime="696.729" endtime="698.599" type="s^no" adjacency="6a++" original-type="s^no" channel="c9" participant="fe016">
      <nite:child href="Bmr025.G.words.xml#id(Bmr025.w.2,948)..id(Bmr025.w.2,959)"/>
   </dialogueact>
   <dialogueact nite:id="Bmr025.G.dialogueact349" starttime="702.87" endtime="703.21" type="b" original-type="b" channel="c9" participant="fe016">
      <nite:child href="Bmr025.G.words.xml#id(Bmr025.w.2,992)..id(Bmr025.w.2,993)"/>
   </dialogueact>
   <dialogueact nite:id="Bmr025.G.dialogueact351" starttime="709.69" endtime="711.44" type="s" adjacency="7a" original-type="s" channel="c9" participant="fe016">
      <nite:child href="Bmr025.G.words.xml#id(Bmr025.w.3,016)..id(Bmr025.disfmarker.100)"/>
   </dialogueact>
   <dialogueact nite:id="Bmr025.G.dialogueact353" starttime="711.44" endtime="713.12" type="qr^rt" adjacency="7a+" original-type="qr^rt" channel="c9" participant="fe016">
      <nite:child href="Bmr025.G.words.xml#id(Bmr025.w.3,025)..id(Bmr025.w.3,032)"/>
   </dialogueact>
   <dialogueact nite:id="Bmr025.G.dialogueact358" starttime="720.03" endtime="720.34" type="s^aa.%-" adjacency="8b" original-type="s^aa.%-" channel="c9" participant="fe016">
      <nite:child href="Bmr025.G.words.xml#id(Bmr025.w.3,053)..id(Bmr025.w.3,054)"/>
   </dialogueact>
   <dialogueact nite:id="Bmr025.G.dialogueact360" starttime="723.126" endtime="723.376" type="%-" original-type="%-" channel="c9" participant="fe016">
      <nite:child href="Bmr025.G.words.xml#id(Bmr025.w.3,098)"/>
   </dialogueact>
   <dialogueact nite:id="Bmr025.G.dialogueact362" starttime="730.863" endtime="732.363" type="qr^bu" adjacency="9b.10a" original-type="qr^bu" channel="c9" participant="fe016">
      <nite:child href="Bmr025.G.words.xml#id(Bmr025.w.3,110)..id(Bmr025.w.3,120)"/>
   </dialogueact>
   <dialogueact nite:id="Bmr025.G.dialogueact365" starttime="732.768" endtime="733.878" type="s^bk|qy^bu^d^rt" adjacency="11b.12a" original-type="s^bk|qy^bu^d^rt" channel="c9" participant="fe016">
      <nite:child href="Bmr025.G.words.xml#id(Bmr025.w.3,129)..id(Bmr025.w.3,135)"/>
   </dialogueact>
   <dialogueact nite:id="Bmr025.G.dialogueact367" starttime="734.341" endtime="734.591" type="s^bk" original-type="s^bk" channel="c9" participant="fe016">
      <nite:child href="Bmr025.G.words.xml#id(Bmr025.w.3,138)..id(Bmr025.w.3,139)"/>
   </dialogueact>
   <dialogueact nite:id="Bmr025.G.dialogueact370" starttime="735.43" endtime="735.79" type="s^bk^m" adjacency="13b" original-type="s^bk^m" channel="c9" participant="fe016">
      <nite:child href="Bmr025.G.words.xml#id(Bmr025.w.3,160)..id(Bmr025.w.3,162)"/>
   </dialogueact>
   <dialogueact nite:id="Bmr025.G.dialogueact372" starttime="736.12" endtime="736.35" type="s^fa" original-type="s^fa" channel="c9" participant="fe016">
      <nite:child href="Bmr025.G.words.xml#id(Bmr025.w.3,163)..id(Bmr025.w.3,164)"/>
   </dialogueact>
   <dialogueact nite:id="Bmr025.G.dialogueact378" starttime="740.245" endtime="740.475" type="s^fa^r" original-type="s^fa^r" channel="c9" participant="fe016">
      <nite:child href="Bmr025.G.words.xml#id(Bmr025.w.3,183)..id(Bmr025.w.3,184)"/>
   </dialogueact>
   <dialogueact nite:id="Bmr025.G.dialogueact379" starttime="745.8" endtime="747.11" type="s.%-" original-type="s.%-" channel="c9" participant="fe016">
      <nite:child href="Bmr025.G.words.xml#id(Bmr025.w.3,210)..id(Bmr025.disfmarker.107)"/>
   </dialogueact>
   <dialogueact nite:id="Bmr025.G.dialogueact382" starttime="747.75" endtime="750.71" type="s^cs.%--" original-type="s^cs.%--" channel="c9" participant="fe016">
      <nite:child href="Bmr025.G.words.xml#id(Bmr025.w.3,226)..id(Bmr025.disfmarker.108)"/>
   </dialogueact>
   <dialogueact nite:id="Bmr025.G.dialogueact383" starttime="750.71" endtime="753.89" type="s^df" original-type="s^df" channel="c9" participant="fe016">
      <nite:child href="Bmr025.G.words.xml#id(Bmr025.w.3,238)..id(Bmr025.w.3,255)"/>
   </dialogueact>
   <dialogueact nite:id="Bmr025.G.dialogueact385" starttime="753.89" endtime="755.62" type="s^e" original-type="s^e" channel="c9" participant="fe016">
      <nite:child href="Bmr025.G.words.xml#id(Bmr025.w.3,256)..id(Bmr025.w.3,261)"/>
   </dialogueact>
   <dialogueact nite:id="Bmr025.G.dialogueact387" starttime="755.62" endtime="756.38" type="s.%--" original-type="s.%--" channel="c9" participant="fe016">
      <nite:child href="Bmr025.G.words.xml#id(Bmr025.w.3,262)..id(Bmr025.disfmarker.110)"/>
   </dialogueact>
   <dialogueact nite:id="Bmr025.G.dialogueact388" starttime="756.697" endtime="757.797" type="s" original-type="s" channel="c9" participant="fe016">
      <nite:child href="Bmr025.G.words.xml#id(Bmr025.w.3,267)..id(Bmr025.w.3,271)"/>
   </dialogueact>
   <dialogueact nite:id="Bmr025.G.dialogueact389" starttime="757.797" endtime="760.047" type="s" original-type="s" channel="c9" participant="fe016">
      <nite:child href="Bmr025.G.words.xml#id(Bmr025.w.3,272)..id(Bmr025.w.3,280)"/>
   </dialogueact>
   <dialogueact nite:id="Bmr025.G.dialogueact390" starttime="761.327" endtime="761.887" type="s" original-type="s" channel="c9" participant="fe016">
      <nite:child href="Bmr025.G.words.xml#id(Bmr025.w.3,281)..id(Bmr025.w.3,284)"/>
   </dialogueact>
   <dialogueact nite:id="Bmr025.G.dialogueact394" starttime="764.558" endtime="765.408" type="s" original-type="s" channel="c9" participant="fe016">
      <nite:child href="Bmr025.G.words.xml#id(Bmr025.w.3,323)..id(Bmr025.w.3,328)"/>
   </dialogueact>
   <dialogueact nite:id="Bmr025.G.dialogueact396" starttime="766.5" endtime="768.39" type="s" original-type="s" channel="c9" participant="fe016">
      <nite:child href="Bmr025.G.words.xml#id(Bmr025.w.3,329)..id(Bmr025.w.3,338)"/>
   </dialogueact>
   <dialogueact nite:id="Bmr025.G.dialogueact397" starttime="768.39" endtime="769.93" type="s^ba" original-type="s^ba" channel="c9" participant="fe016">
      <nite:child href="Bmr025.G.words.xml#id(Bmr025.w.3,339)..id(Bmr025.w.3,347)"/>
   </dialogueact>
   <dialogueact nite:id="Bmr025.G.dialogueact436" starttime="850.98" endtime="854.82" type="qy^rt" adjacency="19a" original-type="qy^rt" channel="c9" participant="fe016">
      <nite:child href="Bmr025.G.words.xml#id(Bmr025.w.3,653)..id(Bmr025.w.3,668)"/>
   </dialogueact>
   <dialogueact nite:id="Bmr025.G.dialogueact437" starttime="855.63" endtime="857.24" type="qy^e^rt" original-type="qy^e^rt" channel="c9" participant="fe016">
      <nite:child href="Bmr025.G.words.xml#id(Bmr025.w.3,669)..id(Bmr025.w.3,675)"/>
   </dialogueact>
   <dialogueact nite:id="Bmr025.G.dialogueact441" starttime="858.04" endtime="858.58" type="s^bk.%-" adjacency="20b" original-type="s^bk.%-" channel="c9" participant="fe016">
      <nite:child href="Bmr025.G.words.xml#id(Bmr025.w.3,694)..id(Bmr025.disfmarker.127)"/>
   </dialogueact>
   <dialogueact nite:id="Bmr025.G.dialogueact443" starttime="860.83" endtime="861.32" type="s^2" adjacency="20b+.21a" original-type="s^2" channel="c9" participant="fe016">
      <nite:child href="Bmr025.G.words.xml#id(Bmr025.w.3,703)..id(Bmr025.w.3,706)"/>
   </dialogueact>
   <dialogueact nite:id="Bmr025.G.dialogueact444" starttime="861.32" endtime="861.76" type="s^bk" adjacency="22b" original-type="s^bk" channel="c9" participant="fe016">
      <nite:child href="Bmr025.G.words.xml#id(Bmr025.w.3,707)..id(Bmr025.w.3,708)"/>
   </dialogueact>
   <dialogueact nite:id="Bmr025.G.dialogueact447" starttime="862.02" endtime="862.27" type="s^ba" adjacency="22b+" original-type="s^ba" channel="c9" participant="fe016">
      <nite:child href="Bmr025.G.words.xml#id(Bmr025.w.3,709)..id(Bmr025.w.3,710)"/>
   </dialogueact>
   <dialogueact nite:id="Bmr025.G.dialogueact448" starttime="862.86" endtime="863.5" type="s^aa" adjacency="23b-1" original-type="s^aa" channel="c9" participant="fe016">
      <nite:child href="Bmr025.G.words.xml#id(Bmr025.w.3,713)..id(Bmr025.w.3,716)"/>
   </dialogueact>
   <dialogueact nite:id="Bmr025.G.dialogueact456" starttime="868.962" endtime="869.112" type="b" original-type="b" channel="c9" participant="fe016">
      <nite:child href="Bmr025.G.words.xml#id(Bmr025.w.3,753)..id(Bmr025.w.3,754)"/>
   </dialogueact>
   <dialogueact nite:id="Bmr025.G.dialogueact460" starttime="870.876" endtime="871.136" type="b" original-type="b" channel="c9" participant="fe016">
      <nite:child href="Bmr025.G.words.xml#id(Bmr025.w.3,768)..id(Bmr025.w.3,769)"/>
   </dialogueact>
   <dialogueact nite:id="Bmr025.G.dialogueact462" starttime="873.392" endtime="873.802" type="b" original-type="b" channel="c9" participant="fe016">
      <nite:child href="Bmr025.G.words.xml#id(Bmr025.w.3,772)..id(Bmr025.w.3,773)"/>
   </dialogueact>
   <dialogueact nite:id="Bmr025.G.dialogueact464" starttime="874.874" endtime="875.564" type="s^bd" original-type="s^bd" channel="c9" participant="fe016">
      <nite:child href="Bmr025.G.words.xml#id(Bmr025.w.3,783)..id(Bmr025.w.3,785)"/>
   </dialogueact>
   <dialogueact nite:id="Bmr025.G.dialogueact466" starttime="876.196" endtime="881.136" type="s:qr^rt" original-type="s:qr^rt" channel="c9" participant="fe016">
      <nite:child href="Bmr025.G.words.xml#id(Bmr025.w.3,788)..id(Bmr025.w.3,819)"/>
   </dialogueact>
   <dialogueact nite:id="Bmr025.G.dialogueact475" starttime="885.86" endtime="887.683" type="s" adjacency="28a" original-type="s" channel="c9" participant="fe016">
      <nite:child href="Bmr025.G.words.xml#id(Bmr025.w.3,857)..id(Bmr025.w.3,865)"/>
   </dialogueact>
   <dialogueact nite:id="Bmr025.G.dialogueact476" starttime="887.683" endtime="888.573" type="s.%-" original-type="s.%-" channel="c9" participant="fe016">
      <nite:child href="Bmr025.G.words.xml#id(Bmr025.w.3,866)..id(Bmr025.disfmarker.132)"/>
   </dialogueact>
   <dialogueact nite:id="Bmr025.G.dialogueact478" starttime="889.18" endtime="889.43" type="s^aa" adjacency="29b" original-type="s^aa" channel="c9" participant="fe016">
      <nite:child href="Bmr025.G.words.xml#id(Bmr025.w.3,876)..id(Bmr025.w.3,877)"/>
   </dialogueact>
   <dialogueact nite:id="Bmr025.G.dialogueact479" starttime="889.67" endtime="890.44" type="s^r" adjacency="29b+" original-type="s^r" channel="c9" participant="fe016">
      <nite:child href="Bmr025.G.words.xml#id(Bmr025.w.3,878)..id(Bmr025.w.3,881)"/>
   </dialogueact>
   <dialogueact nite:id="Bmr025.G.dialogueact483" starttime="890.63" endtime="890.94" type="fh" original-type="fh" channel="c9" participant="fe016">
      <nite:child href="Bmr025.G.words.xml#id(Bmr025.w.3,882)..id(Bmr025.disfmarker.133)"/>
   </dialogueact>
   <dialogueact nite:id="Bmr025.G.dialogueact488" starttime="893.29" endtime="893.75" type="%-" original-type="%-" channel="c9" participant="fe016">
      <nite:child href="Bmr025.G.words.xml#id(Bmr025.w.3,917)..id(Bmr025.w.3,918)"/>
   </dialogueact>
   <dialogueact nite:id="Bmr025.G.dialogueact491" starttime="895.76" endtime="897.0" type="s" original-type="s" channel="c9" participant="fe016">
      <nite:child href="Bmr025.G.words.xml#id(Bmr025.w.3,937)..id(Bmr025.w.3,946)"/>
   </dialogueact>
   <dialogueact nite:id="Bmr025.G.dialogueact492" starttime="897.0" endtime="899.41" type="s" original-type="s" channel="c9" participant="fe016">
      <nite:child href="Bmr025.G.words.xml#id(Bmr025.w.3,947)..id(Bmr025.w.3,959)"/>
   </dialogueact>
   <dialogueact nite:id="Bmr025.G.dialogueact494" starttime="899.41" endtime="900.63" type="s" adjacency="31a" original-type="s" channel="c9" participant="fe016">
      <nite:child href="Bmr025.G.words.xml#id(Bmr025.w.3,960)..id(Bmr025.w.3,966)"/>
   </dialogueact>
   <dialogueact nite:id="Bmr025.G.dialogueact496" starttime="900.63" endtime="900.85" type="%-" original-type="%-" channel="c9" participant="fe016">
      <nite:child href="Bmr025.G.words.xml#id(Bmr025.w.3,967)..id(Bmr025.disfmarker.135)"/>
   </dialogueact>
   <dialogueact nite:id="Bmr025.G.dialogueact498" starttime="903.12" endtime="904.29" type="s^bk|s^fa" adjacency="33b.34a" original-type="s^bk|s^fa" channel="c9" participant="fe016">
      <nite:child href="Bmr025.G.words.xml#id(Bmr025.w.3,994)..id(Bmr025.w.4,001)"/>
   </dialogueact>
   <dialogueact nite:id="Bmr025.G.dialogueact501" starttime="904.29" endtime="904.63" type="fh" original-type="fh" channel="c9" participant="fe016">
      <nite:child href="Bmr025.G.words.xml#id(Bmr025.w.4,002)..id(Bmr025.disfmarker.139)"/>
   </dialogueact>
   <dialogueact nite:id="Bmr025.G.dialogueact503" starttime="906.18" endtime="906.41" type="b" original-type="b" channel="c9" participant="fe016">
      <nite:child href="Bmr025.G.words.xml#id(Bmr025.w.4,040)..id(Bmr025.w.4,041)"/>
   </dialogueact>
   <dialogueact nite:id="Bmr025.G.dialogueact506" starttime="912.19" endtime="912.43" type="s^bk" adjacency="35b-2" original-type="s^bk" channel="c9" participant="fe016">
      <nite:child href="Bmr025.G.words.xml#id(Bmr025.w.4,044)..id(Bmr025.w.4,045)"/>
   </dialogueact>
   <dialogueact nite:id="Bmr025.G.dialogueact520" starttime="926.398" endtime="926.848" type="s^bk" adjacency="39b-1" original-type="s^bk" channel="c9" participant="fe016">
      <nite:child href="Bmr025.G.words.xml#id(Bmr025.w.4,131)..id(Bmr025.w.4,132)"/>
   </dialogueact>
   <dialogueact nite:id="Bmr025.G.dialogueact523" starttime="929.77" endtime="930.08" type="%-" original-type="%-" channel="c9" participant="fe016">
      <nite:child href="Bmr025.G.words.xml#id(Bmr025.w.4,158)..id(Bmr025.disfmarker.142)"/>
   </dialogueact>
   <dialogueact nite:id="Bmr025.G.dialogueact525" starttime="932.53" endtime="934.61" type="s^df" adjacency="40b" original-type="s^df" channel="c9" participant="fe016">
      <nite:child href="Bmr025.G.words.xml#id(Bmr025.w.4,160)..id(Bmr025.w.4,171)"/>
   </dialogueact>
   <dialogueact nite:id="Bmr025.G.dialogueact527" starttime="934.61" endtime="935.7" type="%--" original-type="%--" channel="c9" participant="fe016">
      <nite:child href="Bmr025.G.words.xml#id(Bmr025.w.4,172)..id(Bmr025.disfmarker.145)"/>
   </dialogueact>
   <dialogueact nite:id="Bmr025.G.dialogueact531" starttime="942.205" endtime="942.385" type="b" original-type="b" channel="c9" participant="fe016">
      <nite:child href="Bmr025.G.words.xml#id(Bmr025.w.4,207)..id(Bmr025.w.4,208)"/>
   </dialogueact>
   <dialogueact nite:id="Bmr025.G.dialogueact532" starttime="943.197" endtime="943.577" type="s^aa" adjacency="41b" original-type="s^aa" channel="c9" participant="fe016">
      <nite:child href="Bmr025.G.words.xml#id(Bmr025.w.4,209)..id(Bmr025.w.4,210)"/>
   </dialogueact>
   <dialogueact nite:id="Bmr025.G.dialogueact534" starttime="944.66" endtime="945.0" type="s^aa" adjacency="42b" original-type="s^aa" channel="c9" participant="fe016">
      <nite:child href="Bmr025.G.words.xml#id(Bmr025.w.4,221)..id(Bmr025.disfmarker.146)"/>
   </dialogueact>
   <dialogueact nite:id="Bmr025.G.dialogueact535" starttime="945.0" endtime="946.35" type="s.%--" adjacency="43a" original-type="s.%--" channel="c9" participant="fe016">
      <nite:child href="Bmr025.G.words.xml#id(Bmr025.w.4,223)..id(Bmr025.disfmarker.147)"/>
   </dialogueact>
   <dialogueact nite:id="Bmr025.G.dialogueact537" starttime="946.658" endtime="946.968" type="%-" original-type="%-" channel="c9" participant="fe016">
      <nite:child href="Bmr025.G.words.xml#id(Bmr025.w.4,229)..id(Bmr025.w.4,231)"/>
   </dialogueact>
   <dialogueact nite:id="Bmr025.G.dialogueact539" starttime="947.258" endtime="948.098" type="s.%-" original-type="s.%-" channel="c9" participant="fe016">
      <nite:child href="Bmr025.G.words.xml#id(Bmr025.w.4,232)..id(Bmr025.w.4,236)"/>
   </dialogueact>
   <dialogueact nite:id="Bmr025.G.dialogueact542" starttime="950.37" endtime="951.07" type="s.%-" original-type="s.%-" channel="c9" participant="fe016">
      <nite:child href="Bmr025.G.words.xml#id(Bmr025.w.4,259)..id(Bmr025.disfmarker.148)"/>
   </dialogueact>
   <dialogueact nite:id="Bmr025.G.dialogueact543" starttime="951.495" endtime="951.815" type="fg" original-type="fg" channel="c9" participant="fe016">
      <nite:child href="Bmr025.G.words.xml#id(Bmr025.w.4,263)..id(Bmr025.w.4,264)"/>
   </dialogueact>
   <dialogueact nite:id="Bmr025.G.dialogueact547" starttime="955.168" endtime="957.658" type="s:qw" original-type="s:qw" channel="c9" participant="fe016">
      <nite:child href="Bmr025.G.words.xml#id(Bmr025.w.4,282)..id(Bmr025.w.4,300)"/>
   </dialogueact>
   <dialogueact nite:id="Bmr025.G.dialogueact548" starttime="957.658" endtime="958.368" type="s:s^cc" original-type="s:s^cc" channel="c9" participant="fe016">
      <nite:child href="Bmr025.G.words.xml#id(Bmr025.w.4,301)..id(Bmr025.w.4,307)"/>
   </dialogueact>
   <dialogueact nite:id="Bmr025.G.dialogueact549" starttime="958.558" endtime="958.678" type="fh" original-type="fh" channel="c9" participant="fe016">
      <nite:child href="Bmr025.G.words.xml#id(Bmr025.w.4,308)..id(Bmr025.w.4,309)"/>
   </dialogueact>
   <dialogueact nite:id="Bmr025.G.dialogueact552" starttime="967.67" endtime="967.94" type="fg" original-type="fg" channel="c9" participant="fe016">
      <nite:child href="Bmr025.G.words.xml#id(Bmr025.w.4,341)..id(Bmr025.disfmarker.151)"/>
   </dialogueact>
   <dialogueact nite:id="Bmr025.G.dialogueact555" starttime="972.41" endtime="973.32" type="s^cc" original-type="s^cc" channel="c9" participant="fe016">
      <nite:child href="Bmr025.G.words.xml#id(Bmr025.w.4,353)..id(Bmr025.w.4,357)"/>
   </dialogueact>
   <dialogueact nite:id="Bmr025.G.dialogueact609" starttime="1073.78" endtime="1074.06" type="s^aa" adjacency="51b" original-type="s^aa" channel="c9" participant="fe016">
      <nite:child href="Bmr025.G.words.xml#id(Bmr025.w.4,779)..id(Bmr025.w.4,780)"/>
   </dialogueact>
   <dialogueact nite:id="Bmr025.G.dialogueact733" starttime="1347.04" endtime="1347.41" type="s^aa" adjacency="13b-2" original-type="s^aa" channel="c9" participant="fe016">
      <nite:child href="Bmr025.G.words.xml#id(Bmr025.w.5,873)..id(Bmr025.w.5,874)"/>
   </dialogueact>
   <dialogueact nite:id="Bmr025.G.dialogueact743" starttime="1360.48" endtime="1360.84" type="%-" original-type="%-" channel="c9" participant="fe016">
      <nite:child href="Bmr025.G.words.xml#id(Bmr025.w.5,951)..id(Bmr025.disfmarker.202)"/>
   </dialogueact>
   <dialogueact nite:id="Bmr025.G.dialogueact756" starttime="1380.42" endtime="1380.87" type="%-" adjacency="1" original-type="%-" channel="c9" participant="fe016">
      <nite:child href="Bmr025.G.words.xml#id(Bmr025.w.6,055)..id(Bmr025.disfmarker.205)"/>
   </dialogueact>
   <dialogueact nite:id="Bmr025.G.dialogueact758" starttime="1381.3" endtime="1381.87" type="%-" original-type="%-" channel="c9" participant="fe016">
      <nite:child href="Bmr025.G.words.xml#id(Bmr025.w.6,059)..id(Bmr025.disfmarker.206)"/>
   </dialogueact>
   <dialogueact nite:id="Bmr025.G.dialogueact759" starttime="1382.5" endtime="1383.37" type="s.%-" original-type="s.%-" channel="c9" participant="fe016">
      <nite:child href="Bmr025.G.words.xml#id(Bmr025.w.6,062)..id(Bmr025.disfmarker.207)"/>
   </dialogueact>
   <dialogueact nite:id="Bmr025.G.dialogueact761" starttime="1384.14" endtime="1384.28" type="%-" original-type="%-" channel="c9" participant="fe016">
      <nite:child href="Bmr025.G.words.xml#id(Bmr025.w.6,073)..id(Bmr025.disfmarker.208)"/>
   </dialogueact>
   <dialogueact nite:id="Bmr025.G.dialogueact762" starttime="1385.31" endtime="1387.6" type="qo" adjacency="17b" original-type="qo" channel="c9" participant="fe016">
      <nite:child href="Bmr025.G.words.xml#id(Bmr025.w.6,074)..id(Bmr025.w.6,088)"/>
   </dialogueact>
   <dialogueact nite:id="Bmr025.G.dialogueact763" starttime="1387.6" endtime="1388.69" type="s" original-type="s" channel="c9" participant="fe016">
      <nite:child href="Bmr025.G.words.xml#id(Bmr025.w.6,089)..id(Bmr025.w.6,094)"/>
   </dialogueact>
   <dialogueact nite:id="Bmr025.G.dialogueact764" starttime="1388.69" endtime="1389.72" type="s.%--" adjacency="18a" original-type="s.%--" channel="c9" participant="fe016">
      <nite:child href="Bmr025.G.words.xml#id(Bmr025.w.6,095)..id(Bmr025.w.6,100)"/>
   </dialogueact>
   <dialogueact nite:id="Bmr025.G.dialogueact766" starttime="1390.11" endtime="1393.1" type="s" original-type="s" channel="c9" participant="fe016">
      <nite:child href="Bmr025.G.words.xml#id(Bmr025.w.6,103)..id(Bmr025.w.6,112)"/>
   </dialogueact>
   <dialogueact nite:id="Bmr025.G.dialogueact767" starttime="1393.1" endtime="1396.04" type="s" original-type="s" channel="c9" participant="fe016">
      <nite:child href="Bmr025.G.words.xml#id(Bmr025.w.6,113)..id(Bmr025.w.6,127)"/>
   </dialogueact>
   <dialogueact nite:id="Bmr025.G.dialogueact768" starttime="1396.04" endtime="1398.24" type="s" original-type="s" channel="c9" participant="fe016">
      <nite:child href="Bmr025.G.words.xml#id(Bmr025.w.6,128)..id(Bmr025.w.6,143)"/>
   </dialogueact>
   <dialogueact nite:id="Bmr025.G.dialogueact769" starttime="1398.94" endtime="1399.19" type="fh" original-type="fh" channel="c9" participant="fe016">
      <nite:child href="Bmr025.G.words.xml#id(Bmr025.w.6,144)..id(Bmr025.disfmarker.213)"/>
   </dialogueact>
   <dialogueact nite:id="Bmr025.G.dialogueact770" starttime="1399.35" endtime="1404.1" type="s^bs^cs" original-type="s^bs^cs" channel="c9" participant="fe016">
      <nite:child href="Bmr025.G.words.xml#id(Bmr025.w.6,146)..id(Bmr025.w.6,163)"/>
   </dialogueact>
   <dialogueact nite:id="Bmr025.G.dialogueact771" starttime="1404.1" endtime="1407.68" type="s" original-type="s" channel="c9" participant="fe016">
      <nite:child href="Bmr025.G.words.xml#id(Bmr025.w.6,164)..id(Bmr025.w.6,177)"/>
   </dialogueact>
   <dialogueact nite:id="Bmr025.G.dialogueact772" starttime="1407.68" endtime="1415.9" type="s^rt" original-type="s^rt" channel="c9" participant="fe016">
      <nite:child href="Bmr025.G.words.xml#id(Bmr025.w.6,178)..id(Bmr025.w.6,210)"/>
   </dialogueact>
   <dialogueact nite:id="Bmr025.G.dialogueact773" starttime="1416.65" endtime="1419.51" type="s^cs" original-type="s^cs" channel="c9" participant="fe016">
      <nite:child href="Bmr025.G.words.xml#id(Bmr025.w.6,211)..id(Bmr025.w.6,221)"/>
   </dialogueact>
   <dialogueact nite:id="Bmr025.G.dialogueact774" starttime="1419.51" endtime="1426.49" type="s^e" original-type="s^e" channel="c9" participant="fe016">
      <nite:child href="Bmr025.G.words.xml#id(Bmr025.w.6,222)..id(Bmr025.w.6,248)"/>
   </dialogueact>
   <dialogueact nite:id="Bmr025.G.dialogueact775" starttime="1426.49" endtime="1427.69" type="s^e" original-type="s^e" channel="c9" participant="fe016">
      <nite:child href="Bmr025.G.words.xml#id(Bmr025.w.6,249)..id(Bmr025.w.6,256)"/>
   </dialogueact>
   <dialogueact nite:id="Bmr025.G.dialogueact776" starttime="1427.69" endtime="1427.99" type="fh" original-type="fh" channel="c9" participant="fe016">
      <nite:child href="Bmr025.G.words.xml#id(Bmr025.w.6,257)..id(Bmr025.w.6,258)"/>
   </dialogueact>
   <dialogueact nite:id="Bmr025.G.dialogueact777" starttime="1428.35" endtime="1429.59" type="s" original-type="s" channel="c9" participant="fe016">
      <nite:child href="Bmr025.G.words.xml#id(Bmr025.w.6,259)..id(Bmr025.w.6,265)"/>
   </dialogueact>
   <dialogueact nite:id="Bmr025.G.dialogueact778" starttime="1429.62" endtime="1435.29" type="s^cs" adjacency="19a" original-type="s^cs" channel="c9" participant="fe016">
      <nite:child href="Bmr025.G.words.xml#id(Bmr025.w.6,266)..id(Bmr025.w.6,281)"/>
   </dialogueact>
   <dialogueact nite:id="Bmr025.G.dialogueact780" starttime="1435.29" endtime="1437.44" type="s^e" original-type="s^e" channel="c9" participant="fe016">
      <nite:child href="Bmr025.G.words.xml#id(Bmr025.w.6,282)..id(Bmr025.w.6,291)"/>
   </dialogueact>
   <dialogueact nite:id="Bmr025.G.dialogueact783" starttime="1437.44" endtime="1437.74" type="fh" original-type="fh" channel="c9" participant="fe016">
      <nite:child href="Bmr025.G.words.xml#id(Bmr025.w.6,292)..id(Bmr025.w.6,293)"/>
   </dialogueact>
   <dialogueact nite:id="Bmr025.G.dialogueact788" starttime="1462.77" endtime="1463.15" type="s^aa" adjacency="20b" original-type="s^aa" channel="c9" participant="fe016">
      <nite:child href="Bmr025.G.words.xml#id(Bmr025.w.6,387)..id(Bmr025.w.6,388)"/>
   </dialogueact>
   <dialogueact nite:id="Bmr025.G.dialogueact789" starttime="1465.9" endtime="1469.52" type="s" adjacency="21a" original-type="s" channel="c9" participant="fe016">
      <nite:child href="Bmr025.G.words.xml#id(Bmr025.w.6,400)..id(Bmr025.w.6,413)"/>
   </dialogueact>
   <dialogueact nite:id="Bmr025.G.dialogueact792" starttime="1469.88" endtime="1470.06" type="fh" original-type="fh" channel="c9" participant="fe016">
      <nite:child href="Bmr025.G.words.xml#id(Bmr025.w.6,414)..id(Bmr025.w.6,415)"/>
   </dialogueact>
   <dialogueact nite:id="Bmr025.G.dialogueact796" starttime="1478.99" endtime="1479.46" type="b" original-type="b" channel="c9" participant="fe016">
   </dialogueact>
   <dialogueact nite:id="Bmr025.G.dialogueact828" starttime="1532.23" endtime="1535.25" type="qy^rt" adjacency="27a" original-type="qy^rt" channel="c9" participant="fe016">
      <nite:child href="Bmr025.G.words.xml#id(Bmr025.w.6,742)..id(Bmr025.w.6,754)"/>
   </dialogueact>
   <dialogueact nite:id="Bmr025.G.dialogueact829" starttime="1535.25" endtime="1536.8" type="s^df.%-" adjacency="27a+" original-type="s^df.%-" channel="c9" participant="fe016">
      <nite:child href="Bmr025.G.words.xml#id(Bmr025.w.6,755)..id(Bmr025.w.6,763)"/>
   </dialogueact>
   <dialogueact nite:id="Bmr025.G.dialogueact831" starttime="1537.17" endtime="1538.82" type="s^df.%-" original-type="s^df.%-" channel="c9" participant="fe016">
      <nite:child href="Bmr025.G.words.xml#id(Bmr025.w.6,783)..id(Bmr025.disfmarker.236)"/>
   </dialogueact>
   <dialogueact nite:id="Bmr025.G.dialogueact833" starttime="1539.22" endtime="1543.01" type="s" original-type="s" channel="c9" participant="fe016">
      <nite:child href="Bmr025.G.words.xml#id(Bmr025.w.6,788)..id(Bmr025.w.6,799)"/>
   </dialogueact>
   <dialogueact nite:id="Bmr025.G.dialogueact834" starttime="1543.76" endtime="1546.73" type="s" original-type="s" channel="c9" participant="fe016">
      <nite:child href="Bmr025.G.words.xml#id(Bmr025.w.6,800)..id(Bmr025.w.6,814)"/>
   </dialogueact>
   <dialogueact nite:id="Bmr025.G.dialogueact835" starttime="1546.78" endtime="1551.68" type="s" original-type="s" channel="c9" participant="fe016">
      <nite:child href="Bmr025.G.words.xml#id(Bmr025.w.6,815)..id(Bmr025.w.6,834)"/>
   </dialogueact>
   <dialogueact nite:id="Bmr025.G.dialogueact836" starttime="1551.68" endtime="1553.35" type="s^cs" original-type="s^cs" channel="c9" participant="fe016">
      <nite:child href="Bmr025.G.words.xml#id(Bmr025.w.6,835)..id(Bmr025.w.6,843)"/>
   </dialogueact>
   <dialogueact nite:id="Bmr025.G.dialogueact840" starttime="1570.71" endtime="1570.93" type="s^aa" adjacency="28b" original-type="s^aa" channel="c9" participant="fe016">
      <nite:child href="Bmr025.G.words.xml#id(Bmr025.w.6,896)..id(Bmr025.w.6,897)"/>
   </dialogueact>
   <dialogueact nite:id="Bmr025.G.dialogueact857" starttime="1612.46" endtime="1616.21" type="s" original-type="s" channel="c9" participant="fe016">
      <nite:child href="Bmr025.G.words.xml#id(Bmr025.w.7,067)..id(Bmr025.w.7,083)"/>
   </dialogueact>
   <dialogueact nite:id="Bmr025.G.dialogueact858" starttime="1616.21" endtime="1620.38" type="s^ba" original-type="s^ba" channel="c9" participant="fe016">
      <nite:child href="Bmr025.G.words.xml#id(Bmr025.w.7,084)..id(Bmr025.w.7,095)"/>
   </dialogueact>
   <dialogueact nite:id="Bmr025.G.dialogueact859" starttime="1620.38" endtime="1625.38" type="s^df" original-type="s^df" channel="c9" participant="fe016">
      <nite:child href="Bmr025.G.words.xml#id(Bmr025.w.7,096)..id(Bmr025.w.7,112)"/>
   </dialogueact>
   <dialogueact nite:id="Bmr025.G.dialogueact860" starttime="1625.93" endtime="1627.82" type="s^df^e" original-type="s^df^e" channel="c9" participant="fe016">
      <nite:child href="Bmr025.G.words.xml#id(Bmr025.w.7,113)..id(Bmr025.w.7,123)"/>
   </dialogueact>
   <dialogueact nite:id="Bmr025.G.dialogueact861" starttime="1627.82" endtime="1629.4" type="s" original-type="s" channel="c9" participant="fe016">
      <nite:child href="Bmr025.G.words.xml#id(Bmr025.w.7,124)..id(Bmr025.w.7,129)"/>
   </dialogueact>
   <dialogueact nite:id="Bmr025.G.dialogueact862" starttime="1629.77" endtime="1632.39" type="s^e" original-type="s^e" channel="c9" participant="fe016">
      <nite:child href="Bmr025.G.words.xml#id(Bmr025.w.7,130)..id(Bmr025.w.7,140)"/>
   </dialogueact>
   <dialogueact nite:id="Bmr025.G.dialogueact863" starttime="1632.8" endtime="1636.3" type="s" original-type="s" channel="c9" participant="fe016">
      <nite:child href="Bmr025.G.words.xml#id(Bmr025.w.7,141)..id(Bmr025.w.7,153)"/>
   </dialogueact>
   <dialogueact nite:id="Bmr025.G.dialogueact868" starttime="1651.55" endtime="1653.03" type="qw.%--" adjacency="30a" original-type="qw.%--" channel="c9" participant="fe016">
      <nite:child href="Bmr025.G.words.xml#id(Bmr025.w.7,206)..id(Bmr025.w.7,214)"/>
   </dialogueact>
   <dialogueact nite:id="Bmr025.G.dialogueact871" starttime="1654.8" endtime="1656.54" type="qy^d.%-" original-type="qy^d.%-" channel="c9" participant="fe016">
      <nite:child href="Bmr025.G.words.xml#id(Bmr025.w.7,229)..id(Bmr025.disfmarker.259)"/>
   </dialogueact>
   <dialogueact nite:id="Bmr025.G.dialogueact875" starttime="1660.84" endtime="1661.07" type="b" original-type="b" channel="c9" participant="fe016">
      <nite:child href="Bmr025.G.words.xml#id(Bmr025.w.7,278)..id(Bmr025.w.7,281)"/>
   </dialogueact>
   <dialogueact nite:id="Bmr025.G.dialogueact877" starttime="1664.4" endtime="1664.68" type="s^aa" adjacency="31b" original-type="s^aa" channel="c9" participant="fe016">
      <nite:child href="Bmr025.G.words.xml#id(Bmr025.w.7,301)..id(Bmr025.w.7,302)"/>
   </dialogueact>
   <dialogueact nite:id="Bmr025.G.dialogueact878" starttime="1665.01" endtime="1665.42" comment="FBH ERRORCODE1 CSV: &quot;that'd be good .&quot;" type="s^ba" adjacency="31b+" original-type="s^ba" channel="c9" participant="fe016">
      <nite:child href="Bmr025.G.words.xml#id(Bmr025.w.7,303)..id(Bmr025.w.7,306)"/>
   </dialogueact>
   <dialogueact nite:id="Bmr025.G.dialogueact886" starttime="1682.32" endtime="1682.59" type="%-" original-type="%-" channel="c9" participant="fe016">
      <nite:child href="Bmr025.G.words.xml#id(Bmr025.w.7,386)"/>
   </dialogueact>
   <dialogueact nite:id="Bmr025.G.dialogueact887" starttime="1682.83" endtime="1683.21" type="s^aa" adjacency="32b-1" original-type="s^aa" channel="c9" participant="fe016">
      <nite:child href="Bmr025.G.words.xml#id(Bmr025.w.7,387)..id(Bmr025.w.7,388)"/>
   </dialogueact>
   <dialogueact nite:id="Bmr025.G.dialogueact889" starttime="1684.16" endtime="1685.45" type="s^ba" adjacency="32b-1+" original-type="s^ba" channel="c9" participant="fe016">
      <nite:child href="Bmr025.G.words.xml#id(Bmr025.w.7,389)..id(Bmr025.w.7,394)"/>
   </dialogueact>
   <dialogueact nite:id="Bmr025.G.dialogueact892" starttime="1685.45" endtime="1688.05" type="s" original-type="s" channel="c9" participant="fe016">
      <nite:child href="Bmr025.G.words.xml#id(Bmr025.w.7,395)..id(Bmr025.w.7,408)"/>
   </dialogueact>
   <dialogueact nite:id="Bmr025.G.dialogueact893" starttime="1688.05" endtime="1691.88" type="s:s" original-type="s:s" channel="c9" participant="fe016">
      <nite:child href="Bmr025.G.words.xml#id(Bmr025.w.7,409)..id(Bmr025.w.7,428)"/>
   </dialogueact>
   <dialogueact nite:id="Bmr025.G.dialogueact894" starttime="1691.88" endtime="1694.45" type="s" original-type="s" channel="c9" participant="fe016">
      <nite:child href="Bmr025.G.words.xml#id(Bmr025.w.7,429)..id(Bmr025.w.7,444)"/>
   </dialogueact>
   <dialogueact nite:id="Bmr025.G.dialogueact895" starttime="1694.45" endtime="1696.53" type="s" original-type="s" channel="c9" participant="fe016">
      <nite:child href="Bmr025.G.words.xml#id(Bmr025.w.7,445)..id(Bmr025.w.7,451)"/>
   </dialogueact>
   <dialogueact nite:id="Bmr025.G.dialogueact896" starttime="1696.53" endtime="1696.71" type="fh" original-type="fh" channel="c9" participant="fe016">
      <nite:child href="Bmr025.G.words.xml#id(Bmr025.w.7,452)..id(Bmr025.disfmarker.268)"/>
   </dialogueact>
   <dialogueact nite:id="Bmr025.G.dialogueact901" starttime="1699.2" endtime="1699.62" type="b" original-type="b" channel="c9" participant="fe016">
      <nite:child href="Bmr025.G.words.xml#id(Bmr025.w.7,490)..id(Bmr025.w.7,491)"/>
   </dialogueact>
   <dialogueact nite:id="Bmr025.G.dialogueact906" starttime="1704.34" endtime="1707.4" type="s^2:s" adjacency="34a" original-type="s^2:s" channel="c9" participant="fe016">
      <nite:child href="Bmr025.G.words.xml#id(Bmr025.w.7,512)..id(Bmr025.w.7,528)"/>
   </dialogueact>
   <dialogueact nite:id="Bmr025.G.dialogueact908" starttime="1707.4" endtime="1708.7" type="s.%--" original-type="s.%--" channel="c9" participant="fe016">
      <nite:child href="Bmr025.G.words.xml#id(Bmr025.w.7,529)..id(Bmr025.w.7,535)"/>
   </dialogueact>
   <dialogueact nite:id="Bmr025.G.dialogueact910" starttime="1709.18" endtime="1709.62" type="s^aa" adjacency="35b" original-type="s^aa" channel="c9" participant="fe016">
      <nite:child href="Bmr025.G.words.xml#id(Bmr025.w.7,541)"/>
   </dialogueact>
   <dialogueact nite:id="Bmr025.G.dialogueact911" starttime="1709.72" endtime="1710.51" type="s^e" original-type="s^e" channel="c9" participant="fe016">
      <nite:child href="Bmr025.G.words.xml#id(Bmr025.w.7,542)..id(Bmr025.w.7,544)"/>
   </dialogueact>
   <dialogueact nite:id="Bmr025.G.dialogueact912" starttime="1710.51" endtime="1710.72" type="%--" original-type="%--" channel="c9" participant="fe016">
      <nite:child href="Bmr025.G.words.xml#id(Bmr025.w.7,545)..id(Bmr025.disfmarker.272)"/>
   </dialogueact>
   <dialogueact nite:id="Bmr025.G.dialogueact920" starttime="1723.56" endtime="1723.92" type="b" original-type="b" channel="c9" participant="fe016">
      <nite:child href="Bmr025.G.words.xml#id(Bmr025.w.7,609)..id(Bmr025.w.7,610)"/>
   </dialogueact>
   <dialogueact nite:id="Bmr025.G.dialogueact924" starttime="1727.85" endtime="1728.1" type="%-" original-type="%-" channel="c9" participant="fe016">
      <nite:child href="Bmr025.G.words.xml#id(Bmr025.w.7,644)"/>
   </dialogueact>
   <dialogueact nite:id="Bmr025.G.dialogueact940" starttime="1760.68" endtime="1761.64" type="s^aa" adjacency="41b-1" original-type="s^aa" channel="c9" participant="fe016">
      <nite:child href="Bmr025.G.words.xml#id(Bmr025.w.7,779)..id(Bmr025.w.7,782)"/>
   </dialogueact>
   <dialogueact nite:id="Bmr025.G.dialogueact944" starttime="1762.49" endtime="1767.82" type="s" original-type="s" channel="c9" participant="fe016">
      <nite:child href="Bmr025.G.words.xml#id(Bmr025.w.7,794)..id(Bmr025.w.7,816)"/>
   </dialogueact>
   <dialogueact nite:id="Bmr025.G.dialogueact945" starttime="1767.82" endtime="1768.1" type="qy^d^g^rt" original-type="qy^d^g^rt" channel="c9" participant="fe016">
      <nite:child href="Bmr025.G.words.xml#id(Bmr025.w.7,817)..id(Bmr025.w.7,818)"/>
   </dialogueact>
   <dialogueact nite:id="Bmr025.G.dialogueact946" starttime="1768.21" endtime="1769.33" type="s^df.%--" original-type="s^df.%--" channel="c9" participant="fe016">
      <nite:child href="Bmr025.G.words.xml#id(Bmr025.w.7,819)..id(Bmr025.disfmarker.287)"/>
   </dialogueact>
   <dialogueact nite:id="Bmr025.G.dialogueact947" starttime="1769.83" endtime="1772.21" type="s" original-type="s" channel="c9" participant="fe016">
      <nite:child href="Bmr025.G.words.xml#id(Bmr025.w.7,826)..id(Bmr025.w.7,837)"/>
   </dialogueact>
   <dialogueact nite:id="Bmr025.G.dialogueact948" starttime="1772.21" endtime="1775.96" type="s" original-type="s" channel="c9" participant="fe016">
      <nite:child href="Bmr025.G.words.xml#id(Bmr025.w.7,838)..id(Bmr025.w.7,850)"/>
   </dialogueact>
   <dialogueact nite:id="Bmr025.G.dialogueact949" starttime="1775.96" endtime="1777.57" type="s.%--" adjacency="42a" original-type="s.%--" channel="c9" participant="fe016">
      <nite:child href="Bmr025.G.words.xml#id(Bmr025.w.7,851)..id(Bmr025.w.7,859)"/>
   </dialogueact>
   <dialogueact nite:id="Bmr025.G.dialogueact950" starttime="1777.78" endtime="1779.51" type="s.%--" original-type="s.%--" channel="c9" participant="fe016">
      <nite:child href="Bmr025.G.words.xml#id(Bmr025.w.7,860)..id(Bmr025.disfmarker.289)"/>
   </dialogueact>
   <dialogueact nite:id="Bmr025.G.dialogueact951" starttime="1779.66" endtime="1779.97" type="s^no" original-type="s^no" channel="c9" participant="fe016">
      <nite:child href="Bmr025.G.words.xml#id(Bmr025.w.7,868)..id(Bmr025.w.7,871)"/>
   </dialogueact>
   <dialogueact nite:id="Bmr025.G.dialogueact959" starttime="1795.18" endtime="1795.48" type="s^aa" adjacency="43b-2" original-type="s^aa" channel="c9" participant="fe016">
      <nite:child href="Bmr025.G.words.xml#id(Bmr025.w.7,949)..id(Bmr025.w.7,950)"/>
   </dialogueact>
   <dialogueact nite:id="Bmr025.G.dialogueact961" starttime="1796.61" endtime="1797.0" type="%-" original-type="%-" channel="c9" participant="fe016">
      <nite:child href="Bmr025.G.words.xml#id(Bmr025.w.7,965)..id(Bmr025.w.7,966)"/>
   </dialogueact>
   <dialogueact nite:id="Bmr025.G.dialogueact963" starttime="1798.12" endtime="1799.3" type="s^cs" original-type="s^cs" channel="c9" participant="fe016">
      <nite:child href="Bmr025.G.words.xml#id(Bmr025.w.7,975)..id(Bmr025.w.7,980)"/>
   </dialogueact>
   <dialogueact nite:id="Bmr025.G.dialogueact964" starttime="1800.31" endtime="1802.0" type="s^cs" original-type="s^cs" channel="c9" participant="fe016">
      <nite:child href="Bmr025.G.words.xml#id(Bmr025.w.7,981)..id(Bmr025.w.7,989)"/>
   </dialogueact>
   <dialogueact nite:id="Bmr025.G.dialogueact966" starttime="1802.0" endtime="1807.05" type="s^ba" original-type="s^ba" channel="c9" participant="fe016">
      <nite:child href="Bmr025.G.words.xml#id(Bmr025.w.7,990)..id(Bmr025.w.8,013)"/>
   </dialogueact>
   <dialogueact nite:id="Bmr025.G.dialogueact972" starttime="1816.98" endtime="1818.88" type="fg|s.%-" original-type="fg|s.%-" channel="c9" participant="fe016">
      <nite:child href="Bmr025.G.words.xml#id(Bmr025.w.8,058)..id(Bmr025.disfmarker.302)"/>
   </dialogueact>
   <dialogueact nite:id="Bmr025.G.dialogueact975" starttime="1819.27" endtime="1824.18" type="s" adjacency="1a" original-type="s" channel="c9" participant="fe016">
      <nite:child href="Bmr025.G.words.xml#id(Bmr025.w.8,075)..id(Bmr025.w.8,094)"/>
   </dialogueact>
   <dialogueact nite:id="Bmr025.G.dialogueact976" starttime="1824.18" endtime="1825.55" type="s^rt" original-type="s^rt" channel="c9" participant="fe016">
      <nite:child href="Bmr025.G.words.xml#id(Bmr025.w.8,095)..id(Bmr025.w.8,097)"/>
   </dialogueact>
   <dialogueact nite:id="Bmr025.G.dialogueact977" starttime="1825.55" endtime="1826.65" type="s^ba^rt" original-type="s^ba^rt" channel="c9" participant="fe016">
      <nite:child href="Bmr025.G.words.xml#id(Bmr025.w.8,098)..id(Bmr025.w.8,105)"/>
   </dialogueact>
   <dialogueact nite:id="Bmr025.G.dialogueact978" starttime="1826.75" endtime="1826.86" type="fh" original-type="fh" channel="c9" participant="fe016">
      <nite:child href="Bmr025.G.words.xml#id(Bmr025.w.8,106)..id(Bmr025.w.8,107)"/>
   </dialogueact>
   <dialogueact nite:id="Bmr025.G.dialogueact981" starttime="1828.69" endtime="1828.78" type="b" original-type="b" channel="c9" participant="fe016">
      <nite:child href="Bmr025.G.words.xml#id(Bmr025.w.8,115)..id(Bmr025.w.8,116)"/>
   </dialogueact>
   <dialogueact nite:id="Bmr025.G.dialogueact983" starttime="1829.09" endtime="1829.54" type="s^j" adjacency="2b.3a" original-type="s^j" channel="c9" participant="fe016">
      <nite:child href="Bmr025.G.words.xml#id(Bmr025.w.8,130)..id(Bmr025.w.8,137)"/>
   </dialogueact>
   <dialogueact nite:id="Bmr025.G.dialogueact995" starttime="1839.79" endtime="1840.73" type="qy^rt^t3" adjacency="4b.5a" original-type="qy^rt^t3" channel="c9" participant="fe016">
      <nite:child href="Bmr025.G.words.xml#id(Bmr025.w.8,177)..id(Bmr025.w.8,184)"/>
   </dialogueact>
   <dialogueact nite:id="Bmr025.G.dialogueact997" starttime="1840.73" endtime="1840.98" type="s^bk" original-type="s^bk" channel="c9" participant="fe016">
      <nite:child href="Bmr025.G.words.xml#id(Bmr025.w.8,185)..id(Bmr025.w.8,186)"/>
   </dialogueact>
   <dialogueact nite:id="Bmr025.G.dialogueact1002" starttime="1848.56" endtime="1848.89" type="s^ba" adjacency="6b" original-type="s^ba" channel="c9" participant="fe016">
      <nite:child href="Bmr025.G.words.xml#id(Bmr025.w.8,217)..id(Bmr025.w.8,218)"/>
   </dialogueact>
   <dialogueact nite:id="Bmr025.G.dialogueact1010" starttime="1871.89" endtime="1875.45" type="s^j" adjacency="7b-1" original-type="s^j" channel="c9" participant="fe016">
      <nite:child href="Bmr025.G.words.xml#id(Bmr025.w.8,307)..id(Bmr025.w.8,315)"/>
   </dialogueact>
   <dialogueact nite:id="Bmr025.G.dialogueact1012" starttime="1875.45" endtime="1877.77" type="s" adjacency="7b-1+" original-type="s" channel="c9" participant="fe016">
      <nite:child href="Bmr025.G.words.xml#id(Bmr025.w.8,316)..id(Bmr025.w.8,324)"/>
   </dialogueact>
   <dialogueact nite:id="Bmr025.G.dialogueact1013" starttime="1877.77" endtime="1878.54" type="s.%--" original-type="s.%--" channel="c9" participant="fe016">
      <nite:child href="Bmr025.G.words.xml#id(Bmr025.w.8,325)..id(Bmr025.disfmarker.313)"/>
   </dialogueact>
   <dialogueact nite:id="Bmr025.G.dialogueact1014" starttime="1878.94" endtime="1879.41" type="s" original-type="s" channel="c9" participant="fe016">
      <nite:child href="Bmr025.G.words.xml#id(Bmr025.w.8,338)..id(Bmr025.w.8,341)"/>
   </dialogueact>
   <dialogueact nite:id="Bmr025.G.dialogueact1034" starttime="1916.94" endtime="1918.14" type="s^cs" adjacency="12a" original-type="s^cs" channel="c9" participant="fe016">
      <nite:child href="Bmr025.G.words.xml#id(Bmr025.w.8,473)..id(Bmr025.w.8,477)"/>
   </dialogueact>
   <dialogueact nite:id="Bmr025.G.dialogueact1035" starttime="1918.9" endtime="1919.57" type="s^df" original-type="s^df" channel="c9" participant="fe016">
      <nite:child href="Bmr025.G.words.xml#id(Bmr025.w.8,478)..id(Bmr025.w.8,480)"/>
   </dialogueact>
   <dialogueact nite:id="Bmr025.G.dialogueact1038" starttime="1921.24" endtime="1925.6" type="fg|qy" adjacency="14a" original-type="fg|qy" channel="c9" participant="fe016">
      <nite:child href="Bmr025.G.words.xml#id(Bmr025.w.8,490)..id(Bmr025.w.8,511)"/>
   </dialogueact>
   <dialogueact nite:id="Bmr025.G.dialogueact1042" starttime="1926.83" endtime="1928.73" type="s^cs^r^rt" adjacency="15a" original-type="s^cs^r^rt" channel="c9" participant="fe016">
      <nite:child href="Bmr025.G.words.xml#id(Bmr025.w.8,518)..id(Bmr025.w.8,527)"/>
   </dialogueact>
   <dialogueact nite:id="Bmr025.G.dialogueact1044" starttime="1929.3" endtime="1930.04" type="s^aa|%-" adjacency="16b" original-type="s^aa|%-" channel="c9" participant="fe016">
      <nite:child href="Bmr025.G.words.xml#id(Bmr025.w.8,536)..id(Bmr025.disfmarker.325)"/>
   </dialogueact>
   <dialogueact nite:id="Bmr025.G.dialogueact1046" starttime="1930.54" endtime="1933.02" comment="FBH" type="s" original-type="s" channel="c9" participant="fe016">
      <nite:child href="Bmr025.G.words.xml#id(Bmr025.w.8,556)..id(Bmr025.w.8,567)"/>
   </dialogueact>
   <dialogueact nite:id="Bmr025.G.dialogueact1053" starttime="1935.12" endtime="1937.27" type="s^co" adjacency="18a" original-type="s^co" channel="c9" participant="fe016">
      <nite:child href="Bmr025.G.words.xml#id(Bmr025.w.8,580)..id(Bmr025.w.8,592)"/>
   </dialogueact>
   <dialogueact nite:id="Bmr025.G.dialogueact1055" starttime="1937.27" endtime="1937.44" type="%-" original-type="%-" channel="c9" participant="fe016">
      <nite:child href="Bmr025.G.words.xml#id(Bmr025.w.8,593)..id(Bmr025.disfmarker.326)"/>
   </dialogueact>
   <dialogueact nite:id="Bmr025.G.dialogueact1057" starttime="1937.44" endtime="1939.12" type="s^df" original-type="s^df" channel="c9" participant="fe016">
      <nite:child href="Bmr025.G.words.xml#id(Bmr025.w.8,615)..id(Bmr025.w.8,619)"/>
   </dialogueact>
</nite:root>