<?xml version="1.0" encoding="ISO-8859-1" standalone="yes"?>
<nite:root nite:id="Bmr007.G.dialogue-acts" xmlns:nite="http://nite.sourceforge.net/">
   <dialogueact nite:id="Bmr007.G.dialogueact234" starttime="637.114" endtime="637.884" type="s.%-" original-type="s.%-" channel="cA" participant="mn017">
      <nite:child href="Bmr007.G.words.xml#id(Bmr007.w.2,830)..id(Bmr007.disfmarker.112)"/>
   </dialogueact>
   <dialogueact nite:id="Bmr007.G.dialogueact267" starttime="731.005" endtime="731.365" type="%-" original-type="%-" channel="cA" participant="mn017">
      <nite:child href="Bmr007.G.words.xml#id(Bmr007.w.3,210)..id(Bmr007.disfmarker.144)"/>
   </dialogueact>
   <dialogueact nite:id="Bmr007.G.dialogueact270" starttime="734.339" endtime="743.518" type="s" adjacency="12a" original-type="s" channel="cA" participant="mn017">
      <nite:child href="Bmr007.G.words.xml#id(Bmr007.w.3,218)..id(Bmr007.w.3,245)"/>
   </dialogueact>
   <dialogueact nite:id="Bmr007.G.dialogueact279" starttime="777.749" endtime="786.538" type="s" adjacency="13a" original-type="s" channel="cA" participant="mn017">
      <nite:child href="Bmr007.G.words.xml#id(Bmr007.w.3,352)..id(Bmr007.w.3,376)"/>
   </dialogueact>
   <dialogueact nite:id="Bmr007.G.dialogueact304" starttime="854.944" endtime="855.224" type="b" original-type="b" channel="cA" participant="mn017">
      <nite:child href="Bmr007.G.words.xml#id(Bmr007.w.3,692)..id(Bmr007.w.3,693)"/>
   </dialogueact>
   <dialogueact nite:id="Bmr007.G.dialogueact310" starttime="857.038" endtime="859.488" type="s" adjacency="15b-2" original-type="s" channel="cA" participant="mn017">
      <nite:child href="Bmr007.G.words.xml#id(Bmr007.w.3,714)..id(Bmr007.w.3,726)"/>
   </dialogueact>
   <dialogueact nite:id="Bmr007.G.dialogueact316" starttime="859.488" endtime="860.708" type="s" original-type="s" channel="cA" participant="mn017">
      <nite:child href="Bmr007.G.words.xml#id(Bmr007.w.3,736)..id(Bmr007.disfmarker.157)"/>
   </dialogueact>
   <dialogueact nite:id="Bmr007.G.dialogueact497" starttime="1349.11" endtime="1364.48" type="s" adjacency="8a" original-type="s" channel="cA" participant="mn017">
      <nite:child href="Bmr007.G.words.xml#id(Bmr007.w.6,115)..id(Bmr007.w.6,176)"/>
   </dialogueact>
   <dialogueact nite:id="Bmr007.G.dialogueact501" starttime="1366.07" endtime="1366.39" type="s^bk" adjacency="9b" original-type="s^bk" channel="cA" participant="mn017">
      <nite:child href="Bmr007.G.words.xml#id(Bmr007.w.6,189)..id(Bmr007.w.6,190)"/>
   </dialogueact>
   <dialogueact nite:id="Bmr007.G.dialogueact505" starttime="1370.43" endtime="1374.09" type="s" adjacency="10b" original-type="sj" channel="cA" participant="mn017">
      <nite:child href="Bmr007.G.words.xml#id(Bmr007.w.6,214)..id(Bmr007.w.6,231)"/>
   </dialogueact>
   <dialogueact nite:id="Bmr007.G.dialogueact506" starttime="1374.09" endtime="1377.42" type="s" adjacency="10b+.11a" original-type="sj" channel="cA" participant="mn017">
      <nite:child href="Bmr007.G.words.xml#id(Bmr007.w.6,232)..id(Bmr007.w.6,248)"/>
   </dialogueact>
   <dialogueact nite:id="Bmr007.G.dialogueact512" starttime="1382.93" endtime="1383.35" type="b" original-type="b" channel="cA" participant="mn017">
      <nite:child href="Bmr007.G.words.xml#id(Bmr007.w.6,283)..id(Bmr007.w.6,284)"/>
   </dialogueact>
   <dialogueact nite:id="Bmr007.G.dialogueact517" starttime="1387.03" endtime="1388.39" type="s.%--" original-type="s.%--" channel="cA" participant="mn017">
      <nite:child href="Bmr007.G.words.xml#id(Bmr007.w.6,309)..id(Bmr007.disfmarker.248)"/>
   </dialogueact>
   <dialogueact nite:id="Bmr007.G.dialogueact518" starttime="1388.86" endtime="1389.35" type="fg" original-type="fg" channel="cA" participant="mn017">
      <nite:child href="Bmr007.G.words.xml#id(Bmr007.w.6,319)..id(Bmr007.w.6,320)"/>
   </dialogueact>
   <dialogueact nite:id="Bmr007.G.dialogueact519" starttime="1389.35" endtime="1396.35" type="s" adjacency="12a" original-type="s" channel="cA" participant="mn017">
      <nite:child href="Bmr007.G.words.xml#id(Bmr007.w.6,321)..id(Bmr007.w.6,346)"/>
   </dialogueact>
   <dialogueact nite:id="Bmr007.G.dialogueact520" starttime="1396.35" endtime="1399.12" type="s" adjacency="12a+" original-type="s" channel="cA" participant="mn017">
      <nite:child href="Bmr007.G.words.xml#id(Bmr007.w.6,347)..id(Bmr007.w.6,359)"/>
   </dialogueact>
   <dialogueact nite:id="Bmr007.G.dialogueact522" starttime="1399.12" endtime="1401.27" type="s" original-type="s" channel="cA" participant="mn017">
      <nite:child href="Bmr007.G.words.xml#id(Bmr007.w.6,360)..id(Bmr007.w.6,375)"/>
   </dialogueact>
   <dialogueact nite:id="Bmr007.G.dialogueact557" starttime="1479.48" endtime="1480.55" type="fg" original-type="fg" channel="cA" participant="mn017">
      <nite:child href="Bmr007.G.words.xml#id(Bmr007.w.6,742)..id(Bmr007.disfmarker.264)"/>
   </dialogueact>
   <dialogueact nite:id="Bmr007.G.dialogueact560" starttime="1483.89" endtime="1484.14" type="b" original-type="b" channel="cA" participant="mn017">
      <nite:child href="Bmr007.G.words.xml#id(Bmr007.w.6,765)..id(Bmr007.w.6,766)"/>
   </dialogueact>
   <dialogueact nite:id="Bmr007.G.dialogueact562" starttime="1487.4" endtime="1490.94" type="s" original-type="s" channel="cA" participant="mn017">
      <nite:child href="Bmr007.G.words.xml#id(Bmr007.w.6,782)..id(Bmr007.w.6,794)"/>
   </dialogueact>
   <dialogueact nite:id="Bmr007.G.dialogueact564" starttime="1491.22" endtime="1505.77" type="fh|s" adjacency="19a" original-type="fh|s" channel="cA" participant="mn017">
      <nite:child href="Bmr007.G.words.xml#id(Bmr007.w.6,799)..id(Bmr007.w.6,853)"/>
   </dialogueact>
   <dialogueact nite:id="Bmr007.G.dialogueact568" starttime="1506.55" endtime="1509.51" type="s^cs" original-type="sj^cs" channel="cA" participant="mn017">
      <nite:child href="Bmr007.G.words.xml#id(Bmr007.w.6,856)..id(Bmr007.w.6,870)"/>
   </dialogueact>
   <dialogueact nite:id="Bmr007.G.dialogueact577" starttime="1516.31" endtime="1516.79" type="s^bk" adjacency="20b" original-type="s^bk" channel="cA" participant="mn017">
      <nite:child href="Bmr007.G.words.xml#id(Bmr007.w.6,919)..id(Bmr007.w.6,920)"/>
   </dialogueact>
   <dialogueact nite:id="Bmr007.G.dialogueact579" starttime="1520.01" endtime="1536.86" type="fg|s^df^nd" adjacency="20b+.21a" original-type="fg|s^df^nd" channel="cA" participant="mn017">
      <nite:child href="Bmr007.G.words.xml#id(Bmr007.w.6,937)..id(Bmr007.w.7,006)"/>
   </dialogueact>
   <dialogueact nite:id="Bmr007.G.dialogueact582" starttime="1538.07" endtime="1542.66" type="s" adjacency="22a" original-type="s" channel="cA" participant="mn017">
      <nite:child href="Bmr007.G.words.xml#id(Bmr007.w.7,009)..id(Bmr007.w.7,031)"/>
   </dialogueact>
   <dialogueact nite:id="Bmr007.G.dialogueact583" starttime="1543.04" endtime="1544.5" type="s" adjacency="22a+" original-type="s" channel="cA" participant="mn017">
      <nite:child href="Bmr007.G.words.xml#id(Bmr007.w.7,032)..id(Bmr007.w.7,039)"/>
   </dialogueact>
   <dialogueact nite:id="Bmr007.G.dialogueact585" starttime="1554.09" endtime="1554.46" type="s^aa" adjacency="23b-1" original-type="s^aa" channel="cA" participant="mn017">
      <nite:child href="Bmr007.G.words.xml#id(Bmr007.w.7,075)..id(Bmr007.w.7,076)"/>
   </dialogueact>
   <dialogueact nite:id="Bmr007.G.dialogueact597" starttime="1566.09" endtime="1566.73" type="s" adjacency="24b-3" original-type="s" channel="cA" participant="mn017">
      <nite:child href="Bmr007.G.words.xml#id(Bmr007.w.7,160)..id(Bmr007.w.7,161)"/>
   </dialogueact>
   <dialogueact nite:id="Bmr007.G.dialogueact626" starttime="1656.65" endtime="1664.23" type="s" original-type="s" channel="cA" participant="mn017">
      <nite:child href="Bmr007.G.words.xml#id(Bmr007.w.7,531)..id(Bmr007.w.7,560)"/>
   </dialogueact>
   <dialogueact nite:id="Bmr007.G.dialogueact665" starttime="1741.34" endtime="1742.27" type="s" original-type="s" channel="cA" participant="mn017">
      <nite:child href="Bmr007.G.words.xml#id(Bmr007.w.7,903)..id(Bmr007.w.7,908)"/>
   </dialogueact>
   <dialogueact nite:id="Bmr007.G.dialogueact668" starttime="1746.29" endtime="1748.25" type="qy.%--" original-type="qy.%--" channel="cA" participant="mn017">
      <nite:child href="Bmr007.G.words.xml#id(Bmr007.w.7,932)..id(Bmr007.disfmarker.317)"/>
   </dialogueact>
   <dialogueact nite:id="Bmr007.G.dialogueact669" starttime="1749.97" endtime="1755.18" type="s" adjacency="34a" original-type="s" channel="cA" participant="mn017">
      <nite:child href="Bmr007.G.words.xml#id(Bmr007.w.7,938)..id(Bmr007.w.7,960)"/>
   </dialogueact>
   <dialogueact nite:id="Bmr007.G.dialogueact672" starttime="1756.39" endtime="1771.84" type="fh|s^cs" adjacency="34a+" original-type="fh|s^cs" channel="cA" participant="mn017">
      <nite:child href="Bmr007.G.words.xml#id(Bmr007.w.7,973)..id(Bmr007.w.8,009)"/>
   </dialogueact>
   <dialogueact nite:id="Bmr007.G.dialogueact673" starttime="1773.12" endtime="1773.99" type="fh" original-type="fh" channel="cA" participant="mn017">
      <nite:child href="Bmr007.G.words.xml#id(Bmr007.w.8,010)..id(Bmr007.disfmarker.322)"/>
   </dialogueact>
   <dialogueact nite:id="Bmr007.G.dialogueact681" starttime="1782.2" endtime="1790.77" type="fg|s^cs" adjacency="36a" original-type="fg|s^cs" channel="cA" participant="mn017">
      <nite:child href="Bmr007.G.words.xml#id(Bmr007.w.8,074)..id(Bmr007.w.8,115)"/>
   </dialogueact>
   <dialogueact nite:id="Bmr007.G.dialogueact693" starttime="1806.32" endtime="1807.29" type="fg|%--" original-type="fg|%--" channel="cA" participant="mn017">
      <nite:child href="Bmr007.G.words.xml#id(Bmr007.w.8,189)..id(Bmr007.w.8,193)"/>
   </dialogueact>
   <dialogueact nite:id="Bmr007.G.dialogueact695" starttime="1807.29" endtime="1808.18" type="b" original-type="b" channel="cA" participant="mn017">
      <nite:child href="Bmr007.G.words.xml#id(Bmr007.w.8,194)..id(Bmr007.w.8,197)"/>
   </dialogueact>
   <dialogueact nite:id="Bmr007.G.dialogueact711" starttime="1835.72" endtime="1839.54" type="s^cs^ng" adjacency="6b" original-type="s^cs^ng" channel="cA" participant="mn017">
      <nite:child href="Bmr007.G.words.xml#id(Bmr007.w.8,346)..id(Bmr007.w.8,381)"/>
   </dialogueact>
   <dialogueact nite:id="Bmr007.G.dialogueact719" starttime="1841.78" endtime="1843.04" type="s" original-type="s" channel="cA" participant="mn017">
      <nite:child href="Bmr007.G.words.xml#id(Bmr007.w.8,420)..id(Bmr007.w.8,426)"/>
   </dialogueact>
   <dialogueact nite:id="Bmr007.G.dialogueact730" starttime="1861.66" endtime="1863.75" type="s^nd.%-" adjacency="10b-1" original-type="s^nd.%-" channel="cA" participant="mn017">
      <nite:child href="Bmr007.G.words.xml#id(Bmr007.w.8,496)..id(Bmr007.disfmarker.340)"/>
   </dialogueact>
   <dialogueact nite:id="Bmr007.G.dialogueact741" starttime="1873.3" endtime="1873.97" type="s^arp" adjacency="12b-1" original-type="s^arp" channel="cA" participant="mn017">
      <nite:child href="Bmr007.G.words.xml#id(Bmr007.w.8,583)..id(Bmr007.w.8,586)"/>
   </dialogueact>
   <dialogueact nite:id="Bmr007.G.dialogueact744" starttime="1874.04" endtime="1875.57" type="s^ng" adjacency="12b-1+" original-type="s^ng" channel="cA" participant="mn017">
      <nite:child href="Bmr007.G.words.xml#id(Bmr007.w.8,587)..id(Bmr007.w.8,610)"/>
   </dialogueact>
   <dialogueact nite:id="Bmr007.G.dialogueact745" starttime="1875.57" endtime="1877.79" type="s^cs.%-" adjacency="12b-1++" original-type="s^cs.%-" channel="cA" participant="mn017">
      <nite:child href="Bmr007.G.words.xml#id(Bmr007.w.8,611)..id(Bmr007.disfmarker.345)"/>
   </dialogueact>
   <dialogueact nite:id="Bmr007.G.dialogueact753" starttime="1885.61" endtime="1886.57" type="s^2" adjacency="14b" original-type="s^2" channel="cA" participant="mn017">
      <nite:child href="Bmr007.G.words.xml#id(Bmr007.w.8,676)..id(Bmr007.w.8,680)"/>
   </dialogueact>
   <dialogueact nite:id="Bmr007.G.dialogueact758" starttime="1889.96" endtime="1890.77" type="s.%-" original-type="s.%-" channel="cA" participant="mn017">
      <nite:child href="Bmr007.G.words.xml#id(Bmr007.w.8,712)..id(Bmr007.disfmarker.350)"/>
   </dialogueact>
   <dialogueact nite:id="Bmr007.G.dialogueact762" starttime="1892.78" endtime="1893.18" type="b" original-type="b" channel="cA" participant="mn017">
      <nite:child href="Bmr007.G.words.xml#id(Bmr007.w.8,729)..id(Bmr007.w.8,730)"/>
   </dialogueact>
   <dialogueact nite:id="Bmr007.G.dialogueact764" starttime="1893.76" endtime="1895.63" type="s^j" original-type="s^j" channel="cA" participant="mn017">
      <nite:child href="Bmr007.G.words.xml#id(Bmr007.w.8,736)..id(Bmr007.w.8,744)"/>
   </dialogueact>
   <dialogueact nite:id="Bmr007.G.dialogueact771" starttime="1902.26" endtime="1903.42" type="%" original-type="%" channel="cA" participant="mn017">
      <nite:child href="Bmr007.G.words.xml#id(Bmr007.w.8,829)..id(Bmr007.disfmarker.357)"/>
   </dialogueact>
   <dialogueact nite:id="Bmr007.G.dialogueact773" starttime="1911.0" endtime="1911.29" type="b" original-type="b" channel="cA" participant="mn017">
      <nite:child href="Bmr007.G.words.xml#id(Bmr007.w.8,852)..id(Bmr007.w.8,853)"/>
   </dialogueact>
   <dialogueact nite:id="Bmr007.G.dialogueact774" starttime="1911.72" endtime="1913.34" type="s^j" adjacency="16a" original-type="s^j" channel="cA" participant="mn017">
      <nite:child href="Bmr007.G.words.xml#id(Bmr007.w.8,854)..id(Bmr007.w.8,862)"/>
   </dialogueact>
   <dialogueact nite:id="Bmr007.G.dialogueact784" starttime="1933.04" endtime="1935.76" type="s^j.%--" adjacency="17b.18a" original-type="s^j.%--" channel="cA" participant="mn017">
      <nite:child href="Bmr007.G.words.xml#id(Bmr007.w.8,960)..id(Bmr007.disfmarker.366)"/>
   </dialogueact>
   <dialogueact nite:id="Bmr007.G.dialogueact786" starttime="1936.35" endtime="1936.68" type="b" original-type="b" channel="cA" participant="mn017">
      <nite:child href="Bmr007.G.words.xml#id(Bmr007.w.8,991)..id(Bmr007.w.8,992)"/>
   </dialogueact>
   <dialogueact nite:id="Bmr007.G.dialogueact987" starttime="2638.47" endtime="2640.55" type="fg" original-type="fg" channel="cA" participant="mn017">
      <nite:child href="Bmr007.G.words.xml#id(Bmr007.w.11,585)..id(Bmr007.disfmarker.500)"/>
   </dialogueact>
   <dialogueact nite:id="Bmr007.G.dialogueact990" starttime="2642.22" endtime="2642.47" type="%-" original-type="%-" channel="cA" participant="mn017">
      <nite:child href="Bmr007.G.words.xml#id(Bmr007.w.11,616)..id(Bmr007.disfmarker.501)"/>
   </dialogueact>
   <dialogueact nite:id="Bmr007.G.dialogueact992" starttime="2644.66" endtime="2644.96" type="%--" original-type="%--" channel="cA" participant="mn017">
      <nite:child href="Bmr007.G.words.xml#id(Bmr007.w.11,622)..id(Bmr007.disfmarker.502)"/>
   </dialogueact>
   <dialogueact nite:id="Bmr007.G.dialogueact995" starttime="2646.37" endtime="2646.68" type="b" original-type="b" channel="cA" participant="mn017">
      <nite:child href="Bmr007.G.words.xml#id(Bmr007.w.11,649)..id(Bmr007.w.11,650)"/>
   </dialogueact>
   <dialogueact nite:id="Bmr007.G.dialogueact996" starttime="2647.55" endtime="2650.8" type="s" original-type="s" channel="cA" participant="mn017">
      <nite:child href="Bmr007.G.words.xml#id(Bmr007.w.11,651)..id(Bmr007.w.11,663)"/>
   </dialogueact>
   <dialogueact nite:id="Bmr007.G.dialogueact998" starttime="2650.8" endtime="2667.44" type="s" adjacency="10a" original-type="s" channel="cA" participant="mn017">
      <nite:child href="Bmr007.G.words.xml#id(Bmr007.w.11,664)..id(Bmr007.w.11,720)"/>
   </dialogueact>
   <dialogueact nite:id="Bmr007.G.dialogueact1002" starttime="2668.02" endtime="2677.11" type="fh|s.%--" adjacency="14a" original-type="fh|s.%--" channel="cA" participant="mn017">
      <nite:child href="Bmr007.G.words.xml#id(Bmr007.w.11,723)..id(Bmr007.disfmarker.505)"/>
   </dialogueact>
   <dialogueact nite:id="Bmr007.G.dialogueact1003" starttime="2678.31" endtime="2685.64" type="s" adjacency="11a.14a+" original-type="s" channel="cA" participant="mn017">
      <nite:child href="Bmr007.G.words.xml#id(Bmr007.w.11,754)..id(Bmr007.w.11,776)"/>
   </dialogueact>
   <dialogueact nite:id="Bmr007.G.dialogueact1006" starttime="2686.3" endtime="2688.52" type="fh|s.%-" original-type="fh|s.%-" channel="cA" participant="mn017">
      <nite:child href="Bmr007.G.words.xml#id(Bmr007.w.11,783)..id(Bmr007.disfmarker.509)"/>
   </dialogueact>
   <dialogueact nite:id="Bmr007.G.dialogueact1008" starttime="2690.19" endtime="2691.43" type="s^nd" adjacency="12b.13a" original-type="s^nd" channel="cA" participant="mn017">
      <nite:child href="Bmr007.G.words.xml#id(Bmr007.w.11,795)..id(Bmr007.w.11,801)"/>
   </dialogueact>
   <dialogueact nite:id="Bmr007.G.dialogueact1009" starttime="2691.43" endtime="2691.7" type="fh" original-type="fh" channel="cA" participant="mn017">
      <nite:child href="Bmr007.G.words.xml#id(Bmr007.w.11,802)"/>
   </dialogueact>
   <dialogueact nite:id="Bmr007.G.dialogueact1016" starttime="2700.69" endtime="2701.52" type="b" original-type="b" channel="cA" participant="mn017">
      <nite:child href="Bmr007.G.words.xml#id(Bmr007.w.11,860)..id(Bmr007.w.11,861)"/>
   </dialogueact>
   <dialogueact nite:id="Bmr007.G.dialogueact1018" starttime="2704.79" endtime="2705.42" type="b" original-type="b" channel="cA" participant="mn017">
      <nite:child href="Bmr007.G.words.xml#id(Bmr007.w.11,886)..id(Bmr007.w.11,887)"/>
   </dialogueact>
   <dialogueact nite:id="Bmr007.G.dialogueact1019" starttime="2707.59" endtime="2708.18" type="b" original-type="b" channel="cA" participant="mn017">
      <nite:child href="Bmr007.G.words.xml#id(Bmr007.w.11,894)..id(Bmr007.w.11,897)"/>
   </dialogueact>
   <dialogueact nite:id="Bmr007.G.dialogueact1021" starttime="2712.49" endtime="2713.0" type="b" original-type="b" channel="cA" participant="mn017">
      <nite:child href="Bmr007.G.words.xml#id(Bmr007.w.11,922)..id(Bmr007.w.11,925)"/>
   </dialogueact>
   <dialogueact nite:id="Bmr007.G.dialogueact1034" starttime="2739.66" endtime="2740.35" type="s" original-type="s" channel="cA" participant="mn017">
      <nite:child href="Bmr007.G.words.xml#id(Bmr007.w.12,045)..id(Bmr007.w.12,051)"/>
   </dialogueact>
</nite:root>