<?xml version="1.0" encoding="ISO-8859-1" standalone="yes"?>
<nite:root nite:id="Bmr024.E.dialogue-acts" xmlns:nite="http://nite.sourceforge.net/">
   <dialogueact nite:id="Bmr024.E.dialogueact24" starttime="52.746" endtime="53.196" type="s.%" original-type="s.%" channel="c4" participant="mn014">
      <nite:child href="Bmr024.E.words.xml#id(Bmr024.w.187)..id(Bmr024.w.189)"/>
   </dialogueact>
   <dialogueact nite:id="Bmr024.E.dialogueact25" starttime="56.62" endtime="57.9" type="s^2" adjacency="3b.4a" original-type="s^2" channel="c4" participant="mn014">
      <nite:child href="Bmr024.E.words.xml#id(Bmr024.w.190)..id(Bmr024.w.197)"/>
   </dialogueact>
   <dialogueact nite:id="Bmr024.E.dialogueact27" starttime="62.916" endtime="63.206" type="s^rt" adjacency="5b" original-type="s^rt" channel="c4" participant="mn014">
      <nite:child href="Bmr024.E.words.xml#id(Bmr024.w.206)..id(Bmr024.w.207)"/>
   </dialogueact>
   <dialogueact nite:id="Bmr024.E.dialogueact29" starttime="64.427" endtime="65.237" type="s" adjacency="5b+" original-type="s" channel="c4" participant="mn014">
      <nite:child href="Bmr024.E.words.xml#id(Bmr024.w.230)..id(Bmr024.w.233)"/>
   </dialogueact>
   <dialogueact nite:id="Bmr024.E.dialogueact31" starttime="67.057" endtime="67.177" type="b" original-type="b" channel="c4" participant="mn014">
      <nite:child href="Bmr024.E.words.xml#id(Bmr024.w.238)..id(Bmr024.w.239)"/>
   </dialogueact>
   <dialogueact nite:id="Bmr024.E.dialogueact51" starttime="126.539" endtime="129.145" type="s^2^cs.%--" adjacency="6b" original-type="s^2^cs.%--" channel="c4" participant="mn014">
      <nite:child href="Bmr024.E.words.xml#id(Bmr024.w.367)..id(Bmr024.w.378)"/>
   </dialogueact>
   <dialogueact nite:id="Bmr024.E.dialogueact114" starttime="254.723" endtime="257.558" type="s" adjacency="15a" original-type="s" channel="c4" participant="mn014">
      <nite:child href="Bmr024.E.words.xml#id(Bmr024.w.931)..id(Bmr024.w.940)"/>
   </dialogueact>
   <dialogueact nite:id="Bmr024.E.dialogueact120" starttime="264.069" endtime="264.179" type="b.%" original-type="b.%" channel="c4" participant="mn014">
      <nite:child href="Bmr024.E.words.xml#id(Bmr024.w.984)..id(Bmr024.w.985)"/>
   </dialogueact>
   <dialogueact nite:id="Bmr024.E.dialogueact144" starttime="323.001" endtime="323.241" type="s^aa" adjacency="23b-1" original-type="s^aa" channel="c4" participant="mn014">
      <nite:child href="Bmr024.E.words.xml#id(Bmr024.w.1,228)..id(Bmr024.w.1,229)"/>
   </dialogueact>
   <dialogueact nite:id="Bmr024.E.dialogueact145" starttime="323.241" endtime="324.171" type="s^m" adjacency="23b-1+" original-type="s^m" channel="c4" participant="mn014">
      <nite:child href="Bmr024.E.words.xml#id(Bmr024.w.1,230)..id(Bmr024.w.1,233)"/>
   </dialogueact>
   <dialogueact nite:id="Bmr024.E.dialogueact146" starttime="324.171" endtime="324.341" type="s^aa" adjacency="23b-1++" original-type="s^aa" channel="c4" participant="mn014">
      <nite:child href="Bmr024.E.words.xml#id(Bmr024.w.1,234)..id(Bmr024.w.1,235)"/>
   </dialogueact>
   <dialogueact nite:id="Bmr024.E.dialogueact148" starttime="324.867" endtime="325.047" type="b" original-type="b" channel="c4" participant="mn014">
      <nite:child href="Bmr024.E.words.xml#id(Bmr024.w.1,239)..id(Bmr024.w.1,240)"/>
   </dialogueact>
   <dialogueact nite:id="Bmr024.E.dialogueact151" starttime="330.047" endtime="330.877" type="s^na" adjacency="23b-1+++" original-type="s^na" channel="c4" participant="mn014">
      <nite:child href="Bmr024.E.words.xml#id(Bmr024.w.1,270)..id(Bmr024.w.1,275)"/>
   </dialogueact>
   <dialogueact nite:id="Bmr024.E.dialogueact152" starttime="331.067" endtime="331.127" type="b.%" original-type="b.%" channel="c4" participant="mn014">
      <nite:child href="Bmr024.E.words.xml#id(Bmr024.w.1,276)..id(Bmr024.w.1,277)"/>
   </dialogueact>
   <dialogueact nite:id="Bmr024.E.dialogueact158" starttime="338.578" endtime="338.748" type="b" original-type="b" channel="c4" participant="mn014">
      <nite:child href="Bmr024.E.words.xml#id(Bmr024.w.1,320)..id(Bmr024.w.1,321)"/>
   </dialogueact>
   <dialogueact nite:id="Bmr024.E.dialogueact168" starttime="351.571" endtime="351.711" type="b" original-type="b" channel="c4" participant="mn014">
      <nite:child href="Bmr024.E.words.xml#id(Bmr024.w.1,379)..id(Bmr024.w.1,380)"/>
   </dialogueact>
   <dialogueact nite:id="Bmr024.E.dialogueact169" starttime="351.711" endtime="352.871" type="s" adjacency="26b-1" original-type="s" channel="c4" participant="mn014">
      <nite:child href="Bmr024.E.words.xml#id(Bmr024.w.1,381)..id(Bmr024.w.1,385)"/>
   </dialogueact>
   <dialogueact nite:id="Bmr024.E.dialogueact171" starttime="352.871" endtime="352.991" type="b" original-type="b" channel="c4" participant="mn014">
      <nite:child href="Bmr024.E.words.xml#id(Bmr024.w.1,386)..id(Bmr024.w.1,387)"/>
   </dialogueact>
   <dialogueact nite:id="Bmr024.E.dialogueact173" starttime="353.546" endtime="353.666" type="b.%" original-type="b.%" channel="c4" participant="mn014">
      <nite:child href="Bmr024.E.words.xml#id(Bmr024.w.1,396)..id(Bmr024.w.1,397)"/>
   </dialogueact>
   <dialogueact nite:id="Bmr024.E.dialogueact179" starttime="362.053" endtime="362.253" type="b" original-type="b" channel="c4" participant="mn014">
      <nite:child href="Bmr024.E.words.xml#id(Bmr024.w.1,446)..id(Bmr024.w.1,447)"/>
   </dialogueact>
   <dialogueact nite:id="Bmr024.E.dialogueact188" starttime="371.57" endtime="371.71" type="b" original-type="b" channel="c4" participant="mn014">
      <nite:child href="Bmr024.E.words.xml#id(Bmr024.w.1,500)..id(Bmr024.w.1,501)"/>
   </dialogueact>
   <dialogueact nite:id="Bmr024.E.dialogueact189" starttime="372.754" endtime="373.644" type="s" adjacency="29b-2+" original-type="s" channel="c4" participant="mn014">
      <nite:child href="Bmr024.E.words.xml#id(Bmr024.w.1,504)..id(Bmr024.w.1,509)"/>
   </dialogueact>
   <dialogueact nite:id="Bmr024.E.dialogueact190" starttime="373.704" endtime="373.874" type="fh" original-type="fh" channel="c4" participant="mn014">
      <nite:child href="Bmr024.E.words.xml#id(Bmr024.w.1,510)..id(Bmr024.w.1,511)"/>
   </dialogueact>
   <dialogueact nite:id="Bmr024.E.dialogueact191" starttime="373.954" endtime="374.094" type="fh" original-type="fh" channel="c4" participant="mn014">
      <nite:child href="Bmr024.E.words.xml#id(Bmr024.w.1,512)..id(Bmr024.w.1,513)"/>
   </dialogueact>
   <dialogueact nite:id="Bmr024.E.dialogueact192" starttime="374.527" endtime="374.647" type="b" original-type="b" channel="c4" participant="mn014">
      <nite:child href="Bmr024.E.words.xml#id(Bmr024.w.1,528)..id(Bmr024.w.1,529)"/>
   </dialogueact>
   <dialogueact nite:id="Bmr024.E.dialogueact294" starttime="602.931" endtime="603.101" type="b" original-type="b" channel="c4" participant="mn014">
      <nite:child href="Bmr024.E.words.xml#id(Bmr024.w.2,612)..id(Bmr024.w.2,613)"/>
   </dialogueact>
   <dialogueact nite:id="Bmr024.E.dialogueact375" starttime="807.811" endtime="807.971" type="b" original-type="b" channel="c4" participant="mn014">
      <nite:child href="Bmr024.E.words.xml#id(Bmr024.w.3,488)..id(Bmr024.w.3,489)"/>
   </dialogueact>
   <dialogueact nite:id="Bmr024.E.dialogueact420" starttime="900.353" endtime="900.553" type="%" original-type="%" channel="c4" participant="mn014">
      <nite:child href="Bmr024.E.words.xml#id(Bmr024.w.3,890)"/>
   </dialogueact>
   <dialogueact nite:id="Bmr024.E.dialogueact423" starttime="923.393" endtime="923.753" type="fg" original-type="fg" channel="c4" participant="mn014">
      <nite:child href="Bmr024.E.words.xml#id(Bmr024.w.3,967)..id(Bmr024.disfmarker.163)"/>
   </dialogueact>
   <dialogueact nite:id="Bmr024.E.dialogueact424" starttime="924.75" endtime="928.16" type="qw.%--" adjacency="26a" original-type="qw.%--" channel="c4" participant="mn014">
      <nite:child href="Bmr024.E.words.xml#id(Bmr024.w.3,968)..id(Bmr024.w.3,979)"/>
   </dialogueact>
   <dialogueact nite:id="Bmr024.E.dialogueact425" starttime="928.573" endtime="928.753" type="fh" original-type="fh" channel="c4" participant="mn014">
      <nite:child href="Bmr024.E.words.xml#id(Bmr024.w.3,980)..id(Bmr024.w.3,981)"/>
   </dialogueact>
   <dialogueact nite:id="Bmr024.E.dialogueact427" starttime="929.062" endtime="930.962" type="qy^d" adjacency="27a" original-type="qy^d" channel="c4" participant="mn014">
      <nite:child href="Bmr024.E.words.xml#id(Bmr024.w.3,986)..id(Bmr024.w.3,992)"/>
   </dialogueact>
   <dialogueact nite:id="Bmr024.E.dialogueact429" starttime="931.821" endtime="932.521" type="s.%--" original-type="s.%--" channel="c4" participant="mn014">
      <nite:child href="Bmr024.E.words.xml#id(Bmr024.w.3,998)..id(Bmr024.disfmarker.167)"/>
   </dialogueact>
   <dialogueact nite:id="Bmr024.E.dialogueact435" starttime="939.292" endtime="939.632" type="s^bk" adjacency="28b" original-type="s^bk" channel="c4" participant="mn014">
      <nite:child href="Bmr024.E.words.xml#id(Bmr024.w.4,029)..id(Bmr024.w.4,030)"/>
   </dialogueact>
   <dialogueact nite:id="Bmr024.E.dialogueact440" starttime="957.34" endtime="957.53" type="b" original-type="b" channel="c4" participant="mn014">
      <nite:child href="Bmr024.E.words.xml#id(Bmr024.w.4,089)..id(Bmr024.w.4,090)"/>
   </dialogueact>
   <dialogueact nite:id="Bmr024.E.dialogueact445" starttime="971.254" endtime="975.844" type="s^bs" adjacency="31a" original-type="s^bs" channel="c4" participant="mn014">
      <nite:child href="Bmr024.E.words.xml#id(Bmr024.w.4,150)..id(Bmr024.w.4,167)"/>
   </dialogueact>
   <dialogueact nite:id="Bmr024.E.dialogueact449" starttime="975.844" endtime="976.114" type="%-" original-type="%-" channel="c4" participant="mn014">
      <nite:child href="Bmr024.E.words.xml#id(Bmr024.w.4,168)..id(Bmr024.disfmarker.183)"/>
   </dialogueact>
   <dialogueact nite:id="Bmr024.E.dialogueact452" starttime="976.314" endtime="976.584" type="b" original-type="b" channel="c4" participant="mn014">
      <nite:child href="Bmr024.E.words.xml#id(Bmr024.w.4,169)..id(Bmr024.w.4,172)"/>
   </dialogueact>
   <dialogueact nite:id="Bmr024.E.dialogueact455" starttime="979.322" endtime="979.422" type="b" original-type="b" channel="c4" participant="mn014">
      <nite:child href="Bmr024.E.words.xml#id(Bmr024.w.4,200)..id(Bmr024.w.4,201)"/>
   </dialogueact>
   <dialogueact nite:id="Bmr024.E.dialogueact458" starttime="981.9" endtime="982.15" type="s^bk" adjacency="32b" original-type="s^bk" channel="c4" participant="mn014">
      <nite:child href="Bmr024.E.words.xml#id(Bmr024.w.4,213)..id(Bmr024.w.4,214)"/>
   </dialogueact>
   <dialogueact nite:id="Bmr024.E.dialogueact468" starttime="999.712" endtime="999.892" type="s^aa" adjacency="33b" original-type="s^aa" channel="c4" participant="mn014">
      <nite:child href="Bmr024.E.words.xml#id(Bmr024.w.4,273)..id(Bmr024.w.4,274)"/>
   </dialogueact>
   <dialogueact nite:id="Bmr024.E.dialogueact470" starttime="1009.27" endtime="1009.37" type="s^bk" adjacency="34b" original-type="s^bk" channel="c4" participant="mn014">
      <nite:child href="Bmr024.E.words.xml#id(Bmr024.w.4,307)..id(Bmr024.w.4,308)"/>
   </dialogueact>
   <dialogueact nite:id="Bmr024.E.dialogueact471" starttime="1009.37" endtime="1011.05" type="s" adjacency="34b+" original-type="s" channel="c4" participant="mn014">
      <nite:child href="Bmr024.E.words.xml#id(Bmr024.w.4,309)..id(Bmr024.w.4,318)"/>
   </dialogueact>
   <dialogueact nite:id="Bmr024.E.dialogueact472" starttime="1011.05" endtime="1011.29" type="fh" original-type="fh" channel="c4" participant="mn014">
      <nite:child href="Bmr024.E.words.xml#id(Bmr024.w.4,319)..id(Bmr024.w.4,320)"/>
   </dialogueact>
   <dialogueact nite:id="Bmr024.E.dialogueact475" starttime="1012.95" endtime="1013.04" type="b" original-type="b" channel="c4" participant="mn014">
      <nite:child href="Bmr024.E.words.xml#id(Bmr024.w.4,335)..id(Bmr024.w.4,336)"/>
   </dialogueact>
   <dialogueact nite:id="Bmr024.E.dialogueact478" starttime="1015.23" endtime="1015.35" type="s^aa" adjacency="35b" original-type="s^aa" channel="c4" participant="mn014">
      <nite:child href="Bmr024.E.words.xml#id(Bmr024.w.4,355)..id(Bmr024.w.4,356)"/>
   </dialogueact>
   <dialogueact nite:id="Bmr024.E.dialogueact479" starttime="1015.89" endtime="1016.93" type="s.%--" original-type="s.%--" channel="c4" participant="mn014">
      <nite:child href="Bmr024.E.words.xml#id(Bmr024.w.4,357)..id(Bmr024.disfmarker.191)"/>
   </dialogueact>
   <dialogueact nite:id="Bmr024.E.dialogueact480" starttime="1017.17" endtime="1017.25" type="%--" original-type="%--" channel="c4" participant="mn014">
      <nite:child href="Bmr024.E.words.xml#id(Bmr024.w.4,362)"/>
   </dialogueact>
   <dialogueact nite:id="Bmr024.E.dialogueact481" starttime="1017.44" endtime="1019.64" type="s" original-type="s" channel="c4" participant="mn014">
      <nite:child href="Bmr024.E.words.xml#id(Bmr024.w.4,363)..id(Bmr024.w.4,375)"/>
   </dialogueact>
   <dialogueact nite:id="Bmr024.E.dialogueact482" starttime="1019.64" endtime="1023.65" type="s" original-type="s" channel="c4" participant="mn014">
      <nite:child href="Bmr024.E.words.xml#id(Bmr024.w.4,376)..id(Bmr024.w.4,392)"/>
   </dialogueact>
   <dialogueact nite:id="Bmr024.E.dialogueact484" starttime="1023.65" endtime="1025.37" type="s" adjacency="36a" original-type="s" channel="c4" participant="mn014">
      <nite:child href="Bmr024.E.words.xml#id(Bmr024.w.4,393)..id(Bmr024.w.4,402)"/>
   </dialogueact>
   <dialogueact nite:id="Bmr024.E.dialogueact488" starttime="1027.26" endtime="1027.36" type="b" original-type="b" channel="c4" participant="mn014">
      <nite:child href="Bmr024.E.words.xml#id(Bmr024.w.4,414)..id(Bmr024.w.4,415)"/>
   </dialogueact>
   <dialogueact nite:id="Bmr024.E.dialogueact490" starttime="1027.52" endtime="1027.68" type="%-" original-type="%-" channel="c4" participant="mn014">
      <nite:child href="Bmr024.E.words.xml#id(Bmr024.w.4,416)..id(Bmr024.disfmarker.196)"/>
   </dialogueact>
   <dialogueact nite:id="Bmr024.E.dialogueact492" starttime="1029.41" endtime="1029.49" type="b" original-type="b" channel="c4" participant="mn014">
      <nite:child href="Bmr024.E.words.xml#id(Bmr024.w.4,435)..id(Bmr024.w.4,436)"/>
   </dialogueact>
   <dialogueact nite:id="Bmr024.E.dialogueact493" starttime="1030.32" endtime="1030.5" type="b" original-type="b" channel="c4" participant="mn014">
      <nite:child href="Bmr024.E.words.xml#id(Bmr024.w.4,437)..id(Bmr024.w.4,438)"/>
   </dialogueact>
   <dialogueact nite:id="Bmr024.E.dialogueact495" starttime="1031.7" endtime="1032.15" type="s" original-type="s" channel="c4" participant="mn014">
      <nite:child href="Bmr024.E.words.xml#id(Bmr024.w.4,442)..id(Bmr024.w.4,446)"/>
   </dialogueact>
   <dialogueact nite:id="Bmr024.E.dialogueact501" starttime="1047.99" endtime="1049.03" type="s" adjacency="37b" original-type="s" channel="c4" participant="mn014">
      <nite:child href="Bmr024.E.words.xml#id(Bmr024.w.4,491)..id(Bmr024.w.4,496)"/>
   </dialogueact>
   <dialogueact nite:id="Bmr024.E.dialogueact504" starttime="1052.15" endtime="1052.4" type="s^bk" adjacency="38b" original-type="s^bk" channel="c4" participant="mn014">
      <nite:child href="Bmr024.E.words.xml#id(Bmr024.w.4,507)..id(Bmr024.w.4,508)"/>
   </dialogueact>
   <dialogueact nite:id="Bmr024.E.dialogueact505" starttime="1055.1" endtime="1055.24" type="b" original-type="b" channel="c4" participant="mn014">
      <nite:child href="Bmr024.E.words.xml#id(Bmr024.w.4,528)..id(Bmr024.w.4,529)"/>
   </dialogueact>
   <dialogueact nite:id="Bmr024.E.dialogueact507" starttime="1057.62" endtime="1057.73" type="b" original-type="b" channel="c4" participant="mn014">
      <nite:child href="Bmr024.E.words.xml#id(Bmr024.w.4,544)..id(Bmr024.w.4,545)"/>
   </dialogueact>
   <dialogueact nite:id="Bmr024.E.dialogueact509" starttime="1061.59" endtime="1061.74" type="b" original-type="b" channel="c4" participant="mn014">
      <nite:child href="Bmr024.E.words.xml#id(Bmr024.w.4,552)..id(Bmr024.w.4,553)"/>
   </dialogueact>
   <dialogueact nite:id="Bmr024.E.dialogueact512" starttime="1063.53" endtime="1063.66" type="s^aa" adjacency="39b" original-type="s^aa" channel="c4" participant="mn014">
      <nite:child href="Bmr024.E.words.xml#id(Bmr024.w.4,564)..id(Bmr024.w.4,565)"/>
   </dialogueact>
   <dialogueact nite:id="Bmr024.E.dialogueact513" starttime="1063.66" endtime="1068.33" type="s^cc" adjacency="39b+.40a" original-type="s^cc" channel="c4" participant="mn014">
      <nite:child href="Bmr024.E.words.xml#id(Bmr024.w.4,566)..id(Bmr024.w.4,590)"/>
   </dialogueact>
   <dialogueact nite:id="Bmr024.E.dialogueact515" starttime="1068.44" endtime="1069.16" type="s.%-" original-type="s.%-" channel="c4" participant="mn014">
      <nite:child href="Bmr024.E.words.xml#id(Bmr024.w.4,591)..id(Bmr024.disfmarker.206)"/>
   </dialogueact>
   <dialogueact nite:id="Bmr024.E.dialogueact516" starttime="1069.33" endtime="1069.46" type="b" original-type="b" channel="c4" participant="mn014">
      <nite:child href="Bmr024.E.words.xml#id(Bmr024.w.4,593)..id(Bmr024.w.4,594)"/>
   </dialogueact>
   <dialogueact nite:id="Bmr024.E.dialogueact517" starttime="1071.8" endtime="1071.95" type="s^bk" adjacency="41b" original-type="s^bk" channel="c4" participant="mn014">
      <nite:child href="Bmr024.E.words.xml#id(Bmr024.w.4,617)..id(Bmr024.w.4,618)"/>
   </dialogueact>
   <dialogueact nite:id="Bmr024.E.dialogueact518" starttime="1072.92" endtime="1073.07" type="b" original-type="b" channel="c4" participant="mn014">
      <nite:child href="Bmr024.E.words.xml#id(Bmr024.w.4,619)..id(Bmr024.w.4,620)"/>
   </dialogueact>
   <dialogueact nite:id="Bmr024.E.dialogueact531" starttime="1111.63" endtime="1111.69" type="b.%" original-type="b.%" channel="c4" participant="mn014">
      <nite:child href="Bmr024.E.words.xml#id(Bmr024.w.4,750)..id(Bmr024.w.4,751)"/>
   </dialogueact>
   <dialogueact nite:id="Bmr024.E.dialogueact532" starttime="1111.69" endtime="1114.72" type="s^nd" adjacency="44b.45a" original-type="s^nd" channel="c4" participant="mn014">
      <nite:child href="Bmr024.E.words.xml#id(Bmr024.w.4,752)..id(Bmr024.w.4,766)"/>
   </dialogueact>
   <dialogueact nite:id="Bmr024.E.dialogueact534" starttime="1114.89" endtime="1114.99" type="b" original-type="b" channel="c4" participant="mn014">
      <nite:child href="Bmr024.E.words.xml#id(Bmr024.w.4,767)..id(Bmr024.w.4,768)"/>
   </dialogueact>
   <dialogueact nite:id="Bmr024.E.dialogueact545" starttime="1141.8" endtime="1141.99" type="b" original-type="b" channel="c4" participant="mn014">
      <nite:child href="Bmr024.E.words.xml#id(Bmr024.w.4,890)..id(Bmr024.w.4,891)"/>
   </dialogueact>
   <dialogueact nite:id="Bmr024.E.dialogueact554" starttime="1168.44" endtime="1169.45" type="s^t3" adjacency="48a" original-type="s^t3" channel="c4" participant="mn014">
      <nite:child href="Bmr024.E.words.xml#id(Bmr024.w.5,010)..id(Bmr024.w.5,015)"/>
   </dialogueact>
   <dialogueact nite:id="Bmr024.E.dialogueact555" starttime="1169.92" endtime="1169.99" type="b" original-type="b" channel="c4" participant="mn014">
      <nite:child href="Bmr024.E.words.xml#id(Bmr024.w.5,020)..id(Bmr024.w.5,021)"/>
   </dialogueact>
   <dialogueact nite:id="Bmr024.E.dialogueact581" starttime="1203.41" endtime="1203.84" type="b" original-type="b" channel="c4" participant="mn014">
      <nite:child href="Bmr024.E.words.xml#id(Bmr024.w.5,250)..id(Bmr024.w.5,251)"/>
   </dialogueact>
   <dialogueact nite:id="Bmr024.E.dialogueact584" starttime="1205.2" endtime="1205.33" type="b" original-type="b" channel="c4" participant="mn014">
      <nite:child href="Bmr024.E.words.xml#id(Bmr024.w.5,259)..id(Bmr024.w.5,260)"/>
   </dialogueact>
   <dialogueact nite:id="Bmr024.E.dialogueact589" starttime="1210.13" endtime="1210.3" type="b" original-type="b" channel="c4" participant="mn014">
      <nite:child href="Bmr024.E.words.xml#id(Bmr024.w.5,265)..id(Bmr024.w.5,266)"/>
   </dialogueact>
   <dialogueact nite:id="Bmr024.E.dialogueact591" starttime="1212.96" endtime="1215.38" type="s^nd" adjacency="2b" original-type="s^nd" channel="c4" participant="mn014">
      <nite:child href="Bmr024.E.words.xml#id(Bmr024.w.5,279)..id(Bmr024.w.5,292)"/>
   </dialogueact>
   <dialogueact nite:id="Bmr024.E.dialogueact595" starttime="1215.38" endtime="1216.46" type="s.%--" original-type="s.%--" channel="c4" participant="mn014">
      <nite:child href="Bmr024.E.words.xml#id(Bmr024.w.5,293)..id(Bmr024.disfmarker.234)"/>
   </dialogueact>
   <dialogueact nite:id="Bmr024.E.dialogueact597" starttime="1217.6" endtime="1217.72" type="b" original-type="b" channel="c4" participant="mn014">
      <nite:child href="Bmr024.E.words.xml#id(Bmr024.w.5,323)..id(Bmr024.w.5,324)"/>
   </dialogueact>
   <dialogueact nite:id="Bmr024.E.dialogueact598" starttime="1218.73" endtime="1218.8" type="b" original-type="b" channel="c4" participant="mn014">
      <nite:child href="Bmr024.E.words.xml#id(Bmr024.w.5,325)..id(Bmr024.w.5,326)"/>
   </dialogueact>
   <dialogueact nite:id="Bmr024.E.dialogueact609" starttime="1232.35" endtime="1233.07" type="qy^d^rt" original-type="qy^d^rt" channel="c4" participant="mn014">
      <nite:child href="Bmr024.E.words.xml#id(Bmr024.w.5,405)..id(Bmr024.w.5,408)"/>
   </dialogueact>
   <dialogueact nite:id="Bmr024.E.dialogueact611" starttime="1235.84" endtime="1235.91" type="b" original-type="b" channel="c4" participant="mn014">
      <nite:child href="Bmr024.E.words.xml#id(Bmr024.w.5,416)..id(Bmr024.w.5,417)"/>
   </dialogueact>
   <dialogueact nite:id="Bmr024.E.dialogueact619" starttime="1240.41" endtime="1240.61" type="%--" original-type="%--" channel="c4" participant="mn014">
      <nite:child href="Bmr024.E.words.xml#id(Bmr024.w.5,452)"/>
   </dialogueact>
   <dialogueact nite:id="Bmr024.E.dialogueact623" starttime="1243.79" endtime="1243.89" type="fg" original-type="fg" channel="c4" participant="mn014">
      <nite:child href="Bmr024.E.words.xml#id(Bmr024.w.5,471)..id(Bmr024.w.5,472)"/>
   </dialogueact>
   <dialogueact nite:id="Bmr024.E.dialogueact624" starttime="1243.89" endtime="1246.9" type="s^ng" adjacency="9b.10a" original-type="s^ng" channel="c4" participant="mn014">
      <nite:child href="Bmr024.E.words.xml#id(Bmr024.w.5,473)..id(Bmr024.w.5,486)"/>
   </dialogueact>
   <dialogueact nite:id="Bmr024.E.dialogueact626" starttime="1246.9" endtime="1250.25" type="qy" adjacency="10a+" original-type="qy" channel="c4" participant="mn014">
      <nite:child href="Bmr024.E.words.xml#id(Bmr024.w.5,487)..id(Bmr024.w.5,499)"/>
   </dialogueact>
   <dialogueact nite:id="Bmr024.E.dialogueact628" starttime="1250.25" endtime="1251.35" type="qw.%--" original-type="qw.%--" channel="c4" participant="mn014">
      <nite:child href="Bmr024.E.words.xml#id(Bmr024.w.5,500)..id(Bmr024.disfmarker.246)"/>
   </dialogueact>
   <dialogueact nite:id="Bmr024.E.dialogueact629" starttime="1251.35" endtime="1253.86" type="qy" adjacency="10a++" original-type="qy" channel="c4" participant="mn014">
      <nite:child href="Bmr024.E.words.xml#id(Bmr024.w.5,506)..id(Bmr024.w.5,518)"/>
   </dialogueact>
   <dialogueact nite:id="Bmr024.E.dialogueact631" starttime="1253.86" endtime="1254.15" type="qrr.%--" original-type="qrr.%--" channel="c4" participant="mn014">
      <nite:child href="Bmr024.E.words.xml#id(Bmr024.w.5,519)..id(Bmr024.w.5,520)"/>
   </dialogueact>
   <dialogueact nite:id="Bmr024.E.dialogueact632" starttime="1254.66" endtime="1255.02" type="s^bk" adjacency="11b" original-type="s^bk" channel="c4" participant="mn014">
      <nite:child href="Bmr024.E.words.xml#id(Bmr024.w.5,529)..id(Bmr024.w.5,530)"/>
   </dialogueact>
   <dialogueact nite:id="Bmr024.E.dialogueact633" starttime="1256.34" endtime="1256.63" type="s^bk" adjacency="11b+" original-type="s^bk" channel="c4" participant="mn014">
      <nite:child href="Bmr024.E.words.xml#id(Bmr024.w.5,539)..id(Bmr024.w.5,540)"/>
   </dialogueact>
   <dialogueact nite:id="Bmr024.E.dialogueact635" starttime="1256.89" endtime="1257.09" type="b" original-type="b" channel="c4" participant="mn014">
      <nite:child href="Bmr024.E.words.xml#id(Bmr024.w.5,549)..id(Bmr024.w.5,550)"/>
   </dialogueact>
   <dialogueact nite:id="Bmr024.E.dialogueact636" starttime="1258.19" endtime="1258.51" type="fg" original-type="fg" channel="c4" participant="mn014">
      <nite:child href="Bmr024.E.words.xml#id(Bmr024.w.5,551)..id(Bmr024.w.5,552)"/>
   </dialogueact>
   <dialogueact nite:id="Bmr024.E.dialogueact639" starttime="1259.08" endtime="1260.99" type="fg|s" adjacency="12b.13a" original-type="fg|s" channel="c4" participant="mn014">
      <nite:child href="Bmr024.E.words.xml#id(Bmr024.w.5,558)..id(Bmr024.w.5,568)"/>
   </dialogueact>
   <dialogueact nite:id="Bmr024.E.dialogueact640" starttime="1260.99" endtime="1261.49" type="%--" original-type="%--" channel="c4" participant="mn014">
      <nite:child href="Bmr024.E.words.xml#id(Bmr024.w.5,569)..id(Bmr024.w.5,571)"/>
   </dialogueact>
   <dialogueact nite:id="Bmr024.E.dialogueact641" starttime="1261.67" endtime="1261.84" type="b" original-type="b" channel="c4" participant="mn014">
      <nite:child href="Bmr024.E.words.xml#id(Bmr024.w.5,572)..id(Bmr024.w.5,573)"/>
   </dialogueact>
   <dialogueact nite:id="Bmr024.E.dialogueact643" starttime="1262.51" endtime="1262.83" type="s" adjacency="12b+.13a+" original-type="s" channel="c4" participant="mn014">
      <nite:child href="Bmr024.E.words.xml#id(Bmr024.w.5,576)..id(Bmr024.w.5,577)"/>
   </dialogueact>
   <dialogueact nite:id="Bmr024.E.dialogueact669" starttime="1318.01" endtime="1318.2" type="b" original-type="b" channel="c4" participant="mn014">
      <nite:child href="Bmr024.E.words.xml#id(Bmr024.w.5,851)..id(Bmr024.w.5,852)"/>
   </dialogueact>
   <dialogueact nite:id="Bmr024.E.dialogueact689" starttime="1345.14" endtime="1345.33" type="fg" original-type="fg" channel="c4" participant="mn014">
      <nite:child href="Bmr024.E.words.xml#id(Bmr024.w.6,011)..id(Bmr024.w.6,012)"/>
   </dialogueact>
   <dialogueact nite:id="Bmr024.E.dialogueact690" starttime="1345.33" endtime="1346.15" type="%-" original-type="%-" channel="c4" participant="mn014">
      <nite:child href="Bmr024.E.words.xml#id(Bmr024.w.6,013)..id(Bmr024.disfmarker.277)"/>
   </dialogueact>
   <dialogueact nite:id="Bmr024.E.dialogueact714" starttime="1390.38" endtime="1390.52" type="b" original-type="b" channel="c4" participant="mn014">
      <nite:child href="Bmr024.E.words.xml#id(Bmr024.w.6,259)..id(Bmr024.w.6,260)"/>
   </dialogueact>
   <dialogueact nite:id="Bmr024.E.dialogueact761" starttime="1473.79" endtime="1475.02" type="s" adjacency="30b.31a" original-type="s" channel="c4" participant="mn014">
      <nite:child href="Bmr024.E.words.xml#id(Bmr024.w.6,709)..id(Bmr024.w.6,714)"/>
   </dialogueact>
   <dialogueact nite:id="Bmr024.E.dialogueact765" starttime="1476.64" endtime="1476.75" type="s^aa" adjacency="32b-1" original-type="s^aa" channel="c4" participant="mn014">
      <nite:child href="Bmr024.E.words.xml#id(Bmr024.w.6,729)..id(Bmr024.w.6,730)"/>
   </dialogueact>
   <dialogueact nite:id="Bmr024.E.dialogueact771" starttime="1483.41" endtime="1483.57" type="b" original-type="b" channel="c4" participant="mn014">
      <nite:child href="Bmr024.E.words.xml#id(Bmr024.w.6,771)..id(Bmr024.w.6,772)"/>
   </dialogueact>
   <dialogueact nite:id="Bmr024.E.dialogueact781" starttime="1503.9" endtime="1504.07" type="s^aa" adjacency="34b-1.35a" original-type="s^aa" channel="c4" participant="mn014">
      <nite:child href="Bmr024.E.words.xml#id(Bmr024.w.6,862)..id(Bmr024.w.6,863)"/>
   </dialogueact>
   <dialogueact nite:id="Bmr024.E.dialogueact785" starttime="1504.82" endtime="1504.95" type="s^aa^r" adjacency="34b-1+" original-type="s^aa^r" channel="c4" participant="mn014">
      <nite:child href="Bmr024.E.words.xml#id(Bmr024.w.6,866)..id(Bmr024.w.6,867)"/>
   </dialogueact>
   <dialogueact nite:id="Bmr024.E.dialogueact794" starttime="1509.17" endtime="1510.02" type="s^cs^t3" original-type="s^cs^t3" channel="c4" participant="mn014">
      <nite:child href="Bmr024.E.words.xml#id(Bmr024.w.6,901)..id(Bmr024.w.6,908)"/>
   </dialogueact>
   <dialogueact nite:id="Bmr024.E.dialogueact822" starttime="1558.01" endtime="1558.91" type="s" adjacency="42b-2" original-type="s" channel="c4" participant="mn014">
      <nite:child href="Bmr024.E.words.xml#id(Bmr024.w.7,117)..id(Bmr024.w.7,122)"/>
   </dialogueact>
   <dialogueact nite:id="Bmr024.E.dialogueact904" starttime="1692.24" endtime="1692.41" type="b" original-type="b" channel="c4" participant="mn014">
      <nite:child href="Bmr024.E.words.xml#id(Bmr024.w.7,764)..id(Bmr024.w.7,765)"/>
   </dialogueact>
   <dialogueact nite:id="Bmr024.E.dialogueact923" starttime="1713.11" endtime="1713.42" type="b.%" original-type="b.%" channel="c4" participant="mn014">
      <nite:child href="Bmr024.E.words.xml#id(Bmr024.w.7,910)..id(Bmr024.w.7,911)"/>
   </dialogueact>
   <dialogueact nite:id="Bmr024.E.dialogueact983" starttime="1798.68" endtime="1799.04" type="b" original-type="b" channel="c4" participant="mn014">
      <nite:child href="Bmr024.E.words.xml#id(Bmr024.w.8,320)..id(Bmr024.w.8,321)"/>
   </dialogueact>
   <dialogueact nite:id="Bmr024.E.dialogueact985" starttime="1800.9" endtime="1801.54" type="s" adjacency="1a" original-type="s" channel="c4" participant="mn014">
      <nite:child href="Bmr024.E.words.xml#id(Bmr024.w.8,343)..id(Bmr024.w.8,345)"/>
   </dialogueact>
   <dialogueact nite:id="Bmr024.E.dialogueact1618" starttime="3025.27" endtime="3025.42" type="s^fe" original-type="s^fe" channel="c4" participant="mn014">
      <nite:child href="Bmr024.E.words.xml#id(Bmr024.w.13,781)..id(Bmr024.w.13,782)"/>
   </dialogueact>
</nite:root>