<?xml version="1.0" encoding="ISO-8859-1" standalone="yes"?>
<nite:root nite:id="Bmr005.H.dialogue-acts" xmlns:nite="http://nite.sourceforge.net/">
   <dialogueact nite:id="Bmr005.H.dialogueact26" starttime="360.228" endtime="360.568" type="b" original-type="b" channel="cB" participant="me001">
      <nite:child href="Bmr005.H.words.xml#id(Bmr005.w.870)..id(Bmr005.w.871)"/>
   </dialogueact>
   <dialogueact nite:id="Bmr005.H.dialogueact28" starttime="363.429" endtime="363.509" type="b" original-type="b" channel="cB" participant="me001">
      <nite:child href="Bmr005.H.words.xml#id(Bmr005.w.872)..id(Bmr005.w.873)"/>
   </dialogueact>
   <dialogueact nite:id="Bmr005.H.dialogueact816" starttime="2382.11" endtime="2382.53" type="s" original-type="s" channel="cB" participant="me001">
      <nite:child href="Bmr005.H.words.xml#id(Bmr005.w.9,292)..id(Bmr005.w.9,296)"/>
   </dialogueact>
</nite:root>