<?xml version="1.0" encoding="ISO-8859-1" standalone="yes"?>
<nite:root nite:id="Bmr021.D.dialogue-acts" xmlns:nite="http://nite.sourceforge.net/">
   <dialogueact nite:id="Bmr021.D.dialogueact0" starttime="0.04" endtime="0.74" type="s" original-type="s" channel="c3" participant="me001">
      <nite:child href="Bmr021.D.words.xml#id(Bmr021.w.1)..id(Bmr021.w.5)"/>
   </dialogueact>
   <dialogueact nite:id="Bmr021.D.dialogueact23" starttime="29.762" endtime="30.222" type="s^aa^j" adjacency="5b" original-type="s^aa^j" channel="c3" participant="me001">
      <nite:child href="Bmr021.D.words.xml#id(Bmr021.w.166)..id(Bmr021.w.168)"/>
   </dialogueact>
   <dialogueact nite:id="Bmr021.D.dialogueact28" starttime="33.223" endtime="33.613" type="s^na" adjacency="6b-2" original-type="s^na" channel="c3" participant="me001">
      <nite:child href="Bmr021.D.words.xml#id(Bmr021.w.192)..id(Bmr021.w.194)"/>
   </dialogueact>
   <dialogueact nite:id="Bmr021.D.dialogueact33" starttime="36.858" endtime="37.738" type="s^ba" original-type="s^ba" channel="c3" participant="me001">
      <nite:child href="Bmr021.D.words.xml#id(Bmr021.w.212)..id(Bmr021.w.217)"/>
   </dialogueact>
   <dialogueact nite:id="Bmr021.D.dialogueact61" starttime="85.406" endtime="86.366" type="qr" adjacency="16a" original-type="qr" channel="c3" participant="me001">
      <nite:child href="Bmr021.D.words.xml#id(Bmr021.w.433)..id(Bmr021.w.437)"/>
   </dialogueact>
   <dialogueact nite:id="Bmr021.D.dialogueact62" starttime="86.456" endtime="87.736" type="s^e.%-" original-type="s^e.%-" channel="c3" participant="me001">
      <nite:child href="Bmr021.D.words.xml#id(Bmr021.w.438)..id(Bmr021.disfmarker.11)"/>
   </dialogueact>
   <dialogueact nite:id="Bmr021.D.dialogueact66" starttime="92.941" endtime="93.321" type="s^bk" adjacency="17b" original-type="s^bk" channel="c3" participant="me001">
      <nite:child href="Bmr021.D.words.xml#id(Bmr021.w.497)..id(Bmr021.w.498)"/>
   </dialogueact>
   <dialogueact nite:id="Bmr021.D.dialogueact89" starttime="143.603" endtime="144.263" type="qw" adjacency="22b.23a" original-type="qw" channel="c3" participant="me001">
      <nite:child href="Bmr021.D.words.xml#id(Bmr021.w.708)..id(Bmr021.w.712)"/>
   </dialogueact>
   <dialogueact nite:id="Bmr021.D.dialogueact91" starttime="144.774" endtime="145.264" type="qy^bu^d^rt" adjacency="22b+" original-type="qy^bu^d^rt" channel="c3" participant="me001">
      <nite:child href="Bmr021.D.words.xml#id(Bmr021.w.724)..id(Bmr021.w.729)"/>
   </dialogueact>
   <dialogueact nite:id="Bmr021.D.dialogueact94" starttime="145.404" endtime="145.744" type="s^bk" adjacency="24b" original-type="s^bk" channel="c3" participant="me001">
      <nite:child href="Bmr021.D.words.xml#id(Bmr021.w.730)..id(Bmr021.w.731)"/>
   </dialogueact>
   <dialogueact nite:id="Bmr021.D.dialogueact95" starttime="146.671" endtime="146.981" type="s^bk" adjacency="25b" original-type="s^bk" channel="c3" participant="me001">
      <nite:child href="Bmr021.D.words.xml#id(Bmr021.w.740)..id(Bmr021.w.741)"/>
   </dialogueact>
   <dialogueact nite:id="Bmr021.D.dialogueact99" starttime="151.48" endtime="151.72" type="b" original-type="b" channel="c3" participant="me001">
      <nite:child href="Bmr021.D.words.xml#id(Bmr021.w.793)..id(Bmr021.w.794)"/>
   </dialogueact>
   <dialogueact nite:id="Bmr021.D.dialogueact177" starttime="254.21" endtime="254.92" type="qy^bu^d^rt" adjacency="46a" original-type="qy^bu^d^rt" channel="c3" participant="me001">
      <nite:child href="Bmr021.D.words.xml#id(Bmr021.w.1,342)..id(Bmr021.w.1,346)"/>
   </dialogueact>
   <dialogueact nite:id="Bmr021.D.dialogueact181" starttime="260.609" endtime="261.079" type="s^ba^fe" adjacency="47b-1" original-type="s^ba^fe" channel="c3" participant="me001">
      <nite:child href="Bmr021.D.words.xml#id(Bmr021.w.1,366)..id(Bmr021.w.1,367)"/>
   </dialogueact>
   <dialogueact nite:id="Bmr021.D.dialogueact226" starttime="323.168" endtime="323.598" type="b" original-type="b" channel="c3" participant="me001">
      <nite:child href="Bmr021.D.words.xml#id(Bmr021.w.1,638)..id(Bmr021.w.1,641)"/>
   </dialogueact>
   <dialogueact nite:id="Bmr021.D.dialogueact300" starttime="435.68" endtime="436.03" type="b" original-type="b" channel="c3" participant="me001">
      <nite:child href="Bmr021.D.words.xml#id(Bmr021.w.2,179)..id(Bmr021.w.2,182)"/>
   </dialogueact>
   <dialogueact nite:id="Bmr021.D.dialogueact305" starttime="456.74" endtime="457.23" type="s^aa" adjacency="73b-2" original-type="s^aa" channel="c3" participant="me001">
      <nite:child href="Bmr021.D.words.xml#id(Bmr021.w.2,267)..id(Bmr021.w.2,268)"/>
   </dialogueact>
   <dialogueact nite:id="Bmr021.D.dialogueact327" starttime="508.68" endtime="509.03" type="fg" original-type="fg" channel="c3" participant="me001">
      <nite:child href="Bmr021.D.words.xml#id(Bmr021.w.2,452)..id(Bmr021.w.2,453)"/>
   </dialogueact>
   <dialogueact nite:id="Bmr021.D.dialogueact329" starttime="512.79" endtime="518.98" type="s^cs" adjacency="82a" original-type="s^cs" channel="c3" participant="me001">
      <nite:child href="Bmr021.D.words.xml#id(Bmr021.w.2,458)..id(Bmr021.w.2,484)"/>
   </dialogueact>
   <dialogueact nite:id="Bmr021.D.dialogueact331" starttime="520.44" endtime="522.32" type="s^df^no.%-" adjacency="83b" original-type="s^df^no.%-" channel="c3" participant="me001">
      <nite:child href="Bmr021.D.words.xml#id(Bmr021.w.2,493)..id(Bmr021.disfmarker.73)"/>
   </dialogueact>
   <dialogueact nite:id="Bmr021.D.dialogueact334" starttime="523.78" endtime="525.77" comment="FBH" type="fg|s^na" original-type="fg|s^na" channel="c3" participant="me001">
      <nite:child href="Bmr021.D.words.xml#id(Bmr021.w.2,524)..id(Bmr021.w.2,533)"/>
   </dialogueact>
   <dialogueact nite:id="Bmr021.D.dialogueact335" starttime="527.41" endtime="528.34" type="qy^bu^d^rt" adjacency="85b.86a" original-type="qy^bu^d^rt" channel="c3" participant="me001">
      <nite:child href="Bmr021.D.words.xml#id(Bmr021.w.2,534)..id(Bmr021.w.2,537)"/>
   </dialogueact>
   <dialogueact nite:id="Bmr021.D.dialogueact341" starttime="541.59" endtime="541.79" comment="FBH" type="b" original-type="b" channel="c3" participant="me001">
      <nite:child href="Bmr021.D.words.xml#id(Bmr021.w.2,581)..id(Bmr021.w.2,582)"/>
   </dialogueact>
   <dialogueact nite:id="Bmr021.D.dialogueact353" starttime="581.31" endtime="581.58" type="b" original-type="b" channel="c3" participant="me001">
      <nite:child href="Bmr021.D.words.xml#id(Bmr021.w.2,710)..id(Bmr021.w.2,713)"/>
   </dialogueact>
   <dialogueact nite:id="Bmr021.D.dialogueact355" starttime="587.9" endtime="588.17" type="b" original-type="b" channel="c3" participant="me001">
      <nite:child href="Bmr021.D.words.xml#id(Bmr021.w.2,722)..id(Bmr021.w.2,723)"/>
   </dialogueact>
   <dialogueact nite:id="Bmr021.D.dialogueact383" starttime="639.471" endtime="640.001" type="s^2" original-type="s^2" channel="c3" participant="me001">
      <nite:child href="Bmr021.D.words.xml#id(Bmr021.w.2,961)..id(Bmr021.w.2,964)"/>
   </dialogueact>
   <dialogueact nite:id="Bmr021.D.dialogueact397" starttime="667.04" endtime="668.09" type="s^2" adjacency="6b" original-type="s^2" channel="c3" participant="me001">
      <nite:child href="Bmr021.D.words.xml#id(Bmr021.w.3,082)..id(Bmr021.w.3,087)"/>
   </dialogueact>
   <dialogueact nite:id="Bmr021.D.dialogueact436" starttime="738.02" endtime="738.72" type="b" original-type="b" channel="c3" participant="me001">
      <nite:child href="Bmr021.D.words.xml#id(Bmr021.w.3,415)..id(Bmr021.w.3,418)"/>
   </dialogueact>
   <dialogueact nite:id="Bmr021.D.dialogueact440" starttime="746.299" endtime="746.979" type="b" original-type="b" channel="c3" participant="me001">
      <nite:child href="Bmr021.D.words.xml#id(Bmr021.w.3,442)..id(Bmr021.w.3,443)"/>
   </dialogueact>
   <dialogueact nite:id="Bmr021.D.dialogueact446" starttime="751.91" endtime="755.34" type="s" adjacency="18a" original-type="s" channel="c3" participant="me001">
      <nite:child href="Bmr021.D.words.xml#id(Bmr021.w.3,476)..id(Bmr021.w.3,493)"/>
   </dialogueact>
   <dialogueact nite:id="Bmr021.D.dialogueact448" starttime="755.34" endtime="755.56" type="%-" original-type="%-" channel="c3" participant="me001">
      <nite:child href="Bmr021.D.words.xml#id(Bmr021.w.3,494)..id(Bmr021.disfmarker.123)"/>
   </dialogueact>
   <dialogueact nite:id="Bmr021.D.dialogueact451" starttime="757.51" endtime="758.28" type="s^bk|qy^bu^m^rt" adjacency="19b" original-type="s^bk|qy^bu^m^rt" channel="c3" participant="me001">
      <nite:child href="Bmr021.D.words.xml#id(Bmr021.w.3,513)..id(Bmr021.w.3,520)"/>
   </dialogueact>
   <dialogueact nite:id="Bmr021.D.dialogueact452" starttime="759.28" endtime="760.11" type="s^ba^j" original-type="s^ba^j" channel="c3" participant="me001">
      <nite:child href="Bmr021.D.words.xml#id(Bmr021.w.3,521)..id(Bmr021.w.3,524)"/>
   </dialogueact>
   <dialogueact nite:id="Bmr021.D.dialogueact454" starttime="760.75" endtime="761.06" type="s^aa^j" adjacency="20b" original-type="s^aa^j" channel="c3" participant="me001">
      <nite:child href="Bmr021.D.words.xml#id(Bmr021.w.3,531)..id(Bmr021.w.3,532)"/>
   </dialogueact>
   <dialogueact nite:id="Bmr021.D.dialogueact455" starttime="761.62" endtime="763.31" type="s" original-type="s" channel="c3" participant="me001">
      <nite:child href="Bmr021.D.words.xml#id(Bmr021.w.3,533)..id(Bmr021.w.3,541)"/>
   </dialogueact>
   <dialogueact nite:id="Bmr021.D.dialogueact457" starttime="767.73" endtime="768.52" type="fg" original-type="fg" channel="c3" participant="me001">
      <nite:child href="Bmr021.D.words.xml#id(Bmr021.w.3,562)..id(Bmr021.disfmarker.126)"/>
   </dialogueact>
   <dialogueact nite:id="Bmr021.D.dialogueact458" starttime="768.67" endtime="776.056" type="fh|s" original-type="fh|s" channel="c3" participant="me001">
      <nite:child href="Bmr021.D.words.xml#id(Bmr021.w.3,565)..id(Bmr021.disfmarker.127)"/>
   </dialogueact>
   <dialogueact nite:id="Bmr021.D.dialogueact460" starttime="776.056" endtime="776.686" type="s^e" original-type="s^e" channel="c3" participant="me001">
      <nite:child href="Bmr021.D.words.xml#id(Bmr021.w.3,590)..id(Bmr021.w.3,594)"/>
   </dialogueact>
   <dialogueact nite:id="Bmr021.D.dialogueact461" starttime="776.686" endtime="778.006" type="s^ba" original-type="s^ba" channel="c3" participant="me001">
      <nite:child href="Bmr021.D.words.xml#id(Bmr021.w.3,595)..id(Bmr021.w.3,604)"/>
   </dialogueact>
   <dialogueact nite:id="Bmr021.D.dialogueact462" starttime="778.006" endtime="779.836" type="s^ba" original-type="s^ba" channel="c3" participant="me001">
      <nite:child href="Bmr021.D.words.xml#id(Bmr021.w.3,605)..id(Bmr021.w.3,612)"/>
   </dialogueact>
   <dialogueact nite:id="Bmr021.D.dialogueact463" starttime="779.836" endtime="783.24" type="s^df" original-type="s^df" channel="c3" participant="me001">
      <nite:child href="Bmr021.D.words.xml#id(Bmr021.w.3,613)..id(Bmr021.w.3,627)"/>
   </dialogueact>
   <dialogueact nite:id="Bmr021.D.dialogueact464" starttime="783.81" endtime="784.9" type="s^bu" adjacency="21a" original-type="s^bu" channel="c3" participant="me001">
      <nite:child href="Bmr021.D.words.xml#id(Bmr021.w.3,628)..id(Bmr021.w.3,635)"/>
   </dialogueact>
   <dialogueact nite:id="Bmr021.D.dialogueact465" starttime="784.9" endtime="785.16" type="qy^d^g^rt" adjacency="21a+" original-type="qy^d^g^rt" channel="c3" participant="me001">
      <nite:child href="Bmr021.D.words.xml#id(Bmr021.w.3,636)..id(Bmr021.w.3,637)"/>
   </dialogueact>
   <dialogueact nite:id="Bmr021.D.dialogueact466" starttime="785.3" endtime="788.45" type="qy^rt" adjacency="22b.23a" original-type="qy^rt" channel="c3" participant="me001">
      <nite:child href="Bmr021.D.words.xml#id(Bmr021.w.3,641)..id(Bmr021.w.3,652)"/>
   </dialogueact>
   <dialogueact nite:id="Bmr021.D.dialogueact469" starttime="789.828" endtime="793.393" type="s^ar|s" adjacency="24b.25a" original-type="s^ar|s" channel="c3" participant="me001">
      <nite:child href="Bmr021.D.words.xml#id(Bmr021.w.3,655)..id(Bmr021.w.3,680)"/>
   </dialogueact>
   <dialogueact nite:id="Bmr021.D.dialogueact472" starttime="795.22" endtime="796.33" type="s" adjacency="26b.27a" original-type="s" channel="c3" participant="me001">
      <nite:child href="Bmr021.D.words.xml#id(Bmr021.w.3,690)..id(Bmr021.w.3,697)"/>
   </dialogueact>
   <dialogueact nite:id="Bmr021.D.dialogueact474" starttime="796.69" endtime="797.13" type="fh" original-type="fh" channel="c3" participant="me001">
      <nite:child href="Bmr021.D.words.xml#id(Bmr021.w.3,698)..id(Bmr021.w.3,699)"/>
   </dialogueact>
   <dialogueact nite:id="Bmr021.D.dialogueact479" starttime="811.55" endtime="812.09" comment="FBH" type="b" original-type="b" channel="c3" participant="me001">
      <nite:child href="Bmr021.D.words.xml#id(Bmr021.w.3,762)..id(Bmr021.w.3,763)"/>
   </dialogueact>
   <dialogueact nite:id="Bmr021.D.dialogueact483" starttime="822.039" endtime="822.389" comment="FBH" type="b" original-type="b" channel="c3" participant="me001">
      <nite:child href="Bmr021.D.words.xml#id(Bmr021.w.3,837)..id(Bmr021.w.3,838)"/>
   </dialogueact>
   <dialogueact nite:id="Bmr021.D.dialogueact511" starttime="862.11" endtime="862.35" type="s^fe" adjacency="36b-3" original-type="s^fe" channel="c3" participant="me001">
      <nite:child href="Bmr021.D.words.xml#id(Bmr021.w.4,063)..id(Bmr021.w.4,064)"/>
   </dialogueact>
   <dialogueact nite:id="Bmr021.D.dialogueact564" starttime="947.291" endtime="947.551" type="s^aa" adjacency="48b-1" original-type="s^aa" channel="c3" participant="me001">
      <nite:child href="Bmr021.D.words.xml#id(Bmr021.w.4,467)..id(Bmr021.w.4,468)"/>
   </dialogueact>
   <dialogueact nite:id="Bmr021.D.dialogueact577" starttime="968.77" endtime="969.19" type="b" original-type="b" channel="c3" participant="me001">
      <nite:child href="Bmr021.D.words.xml#id(Bmr021.w.4,570)..id(Bmr021.w.4,571)"/>
   </dialogueact>
   <dialogueact nite:id="Bmr021.D.dialogueact579" starttime="971.18" endtime="972.32" type="s^aa|%-" adjacency="51b-1" original-type="s^aa|%-" channel="c3" participant="me001">
      <nite:child href="Bmr021.D.words.xml#id(Bmr021.w.4,572)..id(Bmr021.disfmarker.160)"/>
   </dialogueact>
   <dialogueact nite:id="Bmr021.D.dialogueact580" starttime="974.98" endtime="975.27" type="b" original-type="b" channel="c3" participant="me001">
      <nite:child href="Bmr021.D.words.xml#id(Bmr021.w.4,589)..id(Bmr021.w.4,590)"/>
   </dialogueact>
   <dialogueact nite:id="Bmr021.D.dialogueact583" starttime="978.0" endtime="978.37" type="%-" adjacency="52b" original-type="%-" channel="c3" participant="me001">
      <nite:child href="Bmr021.D.words.xml#id(Bmr021.w.4,615)..id(Bmr021.w.4,616)"/>
   </dialogueact>
   <dialogueact nite:id="Bmr021.D.dialogueact587" starttime="979.33" endtime="982.9" type="s" original-type="s" channel="c3" participant="me001">
      <nite:child href="Bmr021.D.words.xml#id(Bmr021.w.4,626)..id(Bmr021.w.4,642)"/>
   </dialogueact>
   <dialogueact nite:id="Bmr021.D.dialogueact588" starttime="982.9" endtime="983.23" type="fh" original-type="fh" channel="c3" participant="me001">
      <nite:child href="Bmr021.D.words.xml#id(Bmr021.w.4,643)..id(Bmr021.w.4,644)"/>
   </dialogueact>
   <dialogueact nite:id="Bmr021.D.dialogueact590" starttime="983.95" endtime="985.41" type="fh|s" original-type="fh|s" channel="c3" participant="me001">
      <nite:child href="Bmr021.D.words.xml#id(Bmr021.w.4,647)..id(Bmr021.w.4,655)"/>
   </dialogueact>
   <dialogueact nite:id="Bmr021.D.dialogueact591" starttime="985.41" endtime="986.14" type="s.%-" original-type="s.%-" channel="c3" participant="me001">
      <nite:child href="Bmr021.D.words.xml#id(Bmr021.w.4,656)..id(Bmr021.disfmarker.164)"/>
   </dialogueact>
   <dialogueact nite:id="Bmr021.D.dialogueact593" starttime="987.105" endtime="988.055" type="s" original-type="s" channel="c3" participant="me001">
      <nite:child href="Bmr021.D.words.xml#id(Bmr021.w.4,666)..id(Bmr021.w.4,671)"/>
   </dialogueact>
   <dialogueact nite:id="Bmr021.D.dialogueact594" starttime="988.055" endtime="988.855" type="s^ba" original-type="s^ba" channel="c3" participant="me001">
      <nite:child href="Bmr021.D.words.xml#id(Bmr021.w.4,672)..id(Bmr021.w.4,678)"/>
   </dialogueact>
   <dialogueact nite:id="Bmr021.D.dialogueact595" starttime="988.855" endtime="992.285" type="s^rt.%--" original-type="s^rt.%--" channel="c3" participant="me001">
      <nite:child href="Bmr021.D.words.xml#id(Bmr021.w.4,679)..id(Bmr021.disfmarker.166)"/>
   </dialogueact>
   <dialogueact nite:id="Bmr021.D.dialogueact598" starttime="994.39" endtime="998.96" type="s^ar|s^df.%-" adjacency="53b" original-type="s^ar|s^df.%-" channel="c3" participant="me001">
      <nite:child href="Bmr021.D.words.xml#id(Bmr021.w.4,717)..id(Bmr021.disfmarker.169)"/>
   </dialogueact>
   <dialogueact nite:id="Bmr021.D.dialogueact603" starttime="1000.17" endtime="1002.53" type="s^aa|s" adjacency="55b" original-type="s^aa|s" channel="c3" participant="me001">
      <nite:child href="Bmr021.D.words.xml#id(Bmr021.w.4,760)..id(Bmr021.w.4,774)"/>
   </dialogueact>
   <dialogueact nite:id="Bmr021.D.dialogueact605" starttime="1002.53" endtime="1002.81" type="fh" original-type="fh" channel="c3" participant="me001">
      <nite:child href="Bmr021.D.words.xml#id(Bmr021.w.4,775)..id(Bmr021.w.4,776)"/>
   </dialogueact>
   <dialogueact nite:id="Bmr021.D.dialogueact606" starttime="1003.47" endtime="1004.31" type="s.%--" original-type="s.%--" channel="c3" participant="me001">
      <nite:child href="Bmr021.D.words.xml#id(Bmr021.w.4,777)..id(Bmr021.disfmarker.171)"/>
   </dialogueact>
   <dialogueact nite:id="Bmr021.D.dialogueact608" starttime="1005.06" endtime="1008.5" type="s" adjacency="56a" original-type="s" channel="c3" participant="me001">
      <nite:child href="Bmr021.D.words.xml#id(Bmr021.w.4,788)..id(Bmr021.w.4,810)"/>
   </dialogueact>
   <dialogueact nite:id="Bmr021.D.dialogueact610" starttime="1008.63" endtime="1008.75" type="fh" original-type="fh" channel="c3" participant="me001">
      <nite:child href="Bmr021.D.words.xml#id(Bmr021.w.4,811)..id(Bmr021.w.4,812)"/>
   </dialogueact>
   <dialogueact nite:id="Bmr021.D.dialogueact613" starttime="1009.75" endtime="1009.94" type="b" original-type="b" channel="c3" participant="me001">
      <nite:child href="Bmr021.D.words.xml#id(Bmr021.w.4,813)..id(Bmr021.w.4,814)"/>
   </dialogueact>
   <dialogueact nite:id="Bmr021.D.dialogueact616" starttime="1016.99" endtime="1017.27" type="b" original-type="b" channel="c3" participant="me001">
      <nite:child href="Bmr021.D.words.xml#id(Bmr021.w.4,856)..id(Bmr021.w.4,857)"/>
   </dialogueact>
   <dialogueact nite:id="Bmr021.D.dialogueact617" starttime="1017.86" endtime="1018.53" type="s^ba" adjacency="57b-1" original-type="s^ba" channel="c3" participant="me001">
      <nite:child href="Bmr021.D.words.xml#id(Bmr021.w.4,858)..id(Bmr021.w.4,862)"/>
   </dialogueact>
   <dialogueact nite:id="Bmr021.D.dialogueact618" starttime="1019.41" endtime="1020.09" type="s^ba" adjacency="57b-1+" original-type="s^ba" channel="c3" participant="me001">
      <nite:child href="Bmr021.D.words.xml#id(Bmr021.w.4,863)..id(Bmr021.w.4,866)"/>
   </dialogueact>
   <dialogueact nite:id="Bmr021.D.dialogueact638" starttime="1053.05" endtime="1053.31" type="s^aa" adjacency="60b-2" original-type="s^aa" channel="c3" participant="me001">
      <nite:child href="Bmr021.D.words.xml#id(Bmr021.w.5,004)..id(Bmr021.w.5,005)"/>
   </dialogueact>
   <dialogueact nite:id="Bmr021.D.dialogueact710" starttime="1184.59" endtime="1919.28" comment="FBH" type="z" original-type="z" channel="c3" participant="me001">
      <nite:child href="Bmr021.D.words.xml#id(Bmr021.w.5,553)..id(Bmr021.w.7,849)"/>
   </dialogueact>
   <dialogueact nite:id="Bmr021.D.dialogueact1027" starttime="2189.68" endtime="2193.13" type="s^cs" adjacency="17a" original-type="s^cs" channel="c3" participant="me001">
      <nite:child href="Bmr021.D.words.xml#id(Bmr021.w.8,730)..id(Bmr021.w.8,742)"/>
   </dialogueact>
   <dialogueact nite:id="Bmr021.D.dialogueact1029" starttime="2194.07" endtime="2194.24" type="s^bk" adjacency="18b" original-type="s^bk" channel="c3" participant="me001">
      <nite:child href="Bmr021.D.words.xml#id(Bmr021.w.8,751)..id(Bmr021.w.8,752)"/>
   </dialogueact>
   <dialogueact nite:id="Bmr021.D.dialogueact1030" starttime="2195.11" endtime="2195.5" type="s^bd" adjacency="18b+" original-type="s^bd" channel="c3" participant="me001">
      <nite:child href="Bmr021.D.words.xml#id(Bmr021.w.8,755)..id(Bmr021.w.8,757)"/>
   </dialogueact>
   <dialogueact nite:id="Bmr021.D.dialogueact1034" starttime="2198.13" endtime="2198.22" type="s^fe" adjacency="19b-3" original-type="s^fe" channel="c3" participant="me001">
      <nite:child href="Bmr021.D.words.xml#id(Bmr021.w.8,806)..id(Bmr021.w.8,807)"/>
   </dialogueact>
   <dialogueact nite:id="Bmr021.D.dialogueact1035" starttime="2198.4" endtime="2199.18" type="s^ba" adjacency="19b-3+" original-type="s^ba" channel="c3" participant="me001">
      <nite:child href="Bmr021.D.words.xml#id(Bmr021.w.8,808)..id(Bmr021.w.8,814)"/>
   </dialogueact>
</nite:root>