<?xml version="1.0" encoding="ISO-8859-1" standalone="yes"?>
<nite:root nite:id="Bmr012.C.dialogue-acts" xmlns:nite="http://nite.sourceforge.net/">
   <dialogueact nite:id="Bmr012.C.dialogueact66" starttime="76.743" endtime="77.773" type="z" adjacency="16a" original-type="z" channel="c2" participant="fe016">
      <nite:child href="Bmr012.C.words.xml#id(Bmr012.w.444)..id(Bmr012.w.448)"/>
   </dialogueact>
   <dialogueact nite:id="Bmr012.C.dialogueact69" starttime="82.557" endtime="82.877" type="z" adjacency="17b-1" original-type="z" channel="c2" participant="fe016">
      <nite:child href="Bmr012.C.words.xml#id(Bmr012.w.475)..id(Bmr012.w.477)"/>
   </dialogueact>
   <dialogueact nite:id="Bmr012.C.dialogueact74" starttime="84.815" endtime="85.585" type="z" adjacency="17b-1+" original-type="z" channel="c2" participant="fe016">
      <nite:child href="Bmr012.C.words.xml#id(Bmr012.w.489)..id(Bmr012.w.490)"/>
   </dialogueact>
   <dialogueact nite:id="Bmr012.C.dialogueact77" starttime="85.585" endtime="85.935" type="z" original-type="z" channel="c2" participant="fe016">
      <nite:child href="Bmr012.C.words.xml#id(Bmr012.w.491)..id(Bmr012.w.492)"/>
   </dialogueact>
   <dialogueact nite:id="Bmr012.C.dialogueact79" starttime="86.375" endtime="87.395" type="z" adjacency="18a" original-type="z" channel="c2" participant="fe016">
      <nite:child href="Bmr012.C.words.xml#id(Bmr012.w.493)..id(Bmr012.w.499)"/>
   </dialogueact>
   <dialogueact nite:id="Bmr012.C.dialogueact81" starttime="87.835" endtime="88.795" type="z" adjacency="19a" original-type="z" channel="c2" participant="fe016">
      <nite:child href="Bmr012.C.words.xml#id(Bmr012.w.500)..id(Bmr012.w.506)"/>
   </dialogueact>
   <dialogueact nite:id="Bmr012.C.dialogueact82" starttime="88.795" endtime="89.635" type="z" original-type="z" channel="c2" participant="fe016">
      <nite:child href="Bmr012.C.words.xml#id(Bmr012.w.507)..id(Bmr012.w.512)"/>
   </dialogueact>
   <dialogueact nite:id="Bmr012.C.dialogueact85" starttime="90.615" endtime="90.865" type="z" original-type="z" channel="c2" participant="fe016">
      <nite:child href="Bmr012.C.words.xml#id(Bmr012.w.513)..id(Bmr012.w.514)"/>
   </dialogueact>
   <dialogueact nite:id="Bmr012.C.dialogueact89" starttime="92.891" endtime="93.211" type="z" original-type="z" channel="c2" participant="fe016">
      <nite:child href="Bmr012.C.words.xml#id(Bmr012.w.564)..id(Bmr012.w.565)"/>
   </dialogueact>
   <dialogueact nite:id="Bmr012.C.dialogueact117" starttime="136.666" endtime="138.076" type="s^cs" original-type="s^cs" channel="c2" participant="fe016">
      <nite:child href="Bmr012.C.words.xml#id(Bmr012.w.740)..id(Bmr012.w.746)"/>
   </dialogueact>
   <dialogueact nite:id="Bmr012.C.dialogueact120" starttime="138.076" endtime="139.386" type="qy" original-type="qy" channel="c2" participant="fe016">
      <nite:child href="Bmr012.C.words.xml#id(Bmr012.w.747)..id(Bmr012.w.754)"/>
   </dialogueact>
   <dialogueact nite:id="Bmr012.C.dialogueact123" starttime="140.432" endtime="141.082" type="s" original-type="s" channel="c2" participant="fe016">
      <nite:child href="Bmr012.C.words.xml#id(Bmr012.w.774)..id(Bmr012.w.778)"/>
   </dialogueact>
   <dialogueact nite:id="Bmr012.C.dialogueact124" starttime="141.482" endtime="141.862" type="b" original-type="b" channel="c2" participant="fe016">
      <nite:child href="Bmr012.C.words.xml#id(Bmr012.w.779)..id(Bmr012.w.780)"/>
   </dialogueact>
   <dialogueact nite:id="Bmr012.C.dialogueact128" starttime="146.471" endtime="147.191" type="b" original-type="b" channel="c2" participant="fe016">
      <nite:child href="Bmr012.C.words.xml#id(Bmr012.w.837)..id(Bmr012.w.839)"/>
   </dialogueact>
   <dialogueact nite:id="Bmr012.C.dialogueact129" starttime="147.191" endtime="149.811" type="s^j" adjacency="28a" original-type="sj^j" channel="c2" participant="fe016">
      <nite:child href="Bmr012.C.words.xml#id(Bmr012.w.840)..id(Bmr012.w.850)"/>
   </dialogueact>
   <dialogueact nite:id="Bmr012.C.dialogueact135" starttime="158.22" endtime="159.66" type="s" original-type="s" channel="c2" participant="fe016">
      <nite:child href="Bmr012.C.words.xml#id(Bmr012.w.891)..id(Bmr012.w.897)"/>
   </dialogueact>
   <dialogueact nite:id="Bmr012.C.dialogueact159" starttime="231.954" endtime="233.714" type="qw^rt^t3" adjacency="32a" original-type="qw^rt^t3" channel="c2" participant="fe016">
      <nite:child href="Bmr012.C.words.xml#id(Bmr012.w.1114)..id(Bmr012.w.1123)"/>
   </dialogueact>
   <dialogueact nite:id="Bmr012.C.dialogueact160" starttime="234.154" endtime="234.774" type="qy^bu^d^rt^t3" adjacency="32a+" original-type="qy^bu^d^rt^t3" channel="c2" participant="fe016">
      <nite:child href="Bmr012.C.words.xml#id(Bmr012.w.1124)..id(Bmr012.w.1126)"/>
   </dialogueact>
   <dialogueact nite:id="Bmr012.C.dialogueact162" starttime="235.414" endtime="235.814" type="b" original-type="b" channel="c2" participant="fe016">
      <nite:child href="Bmr012.C.words.xml#id(Bmr012.w.1136)..id(Bmr012.w.1137)"/>
   </dialogueact>
   <dialogueact nite:id="Bmr012.C.dialogueact164" starttime="236.124" endtime="236.604" type="b" original-type="b" channel="c2" participant="fe016">
      <nite:child href="Bmr012.C.words.xml#id(Bmr012.w.1138)..id(Bmr012.w.1139)"/>
   </dialogueact>
   <dialogueact nite:id="Bmr012.C.dialogueact168" starttime="238.479" endtime="244.67" type="h|s" original-type="h|s" channel="c2" participant="fe016">
      <nite:child href="Bmr012.C.words.xml#id(Bmr012.w.1147)..id(Bmr012.w.1159)"/>
   </dialogueact>
   <dialogueact nite:id="Bmr012.C.dialogueact169" starttime="244.85" endtime="245.21" type="fh" original-type="fh" channel="c2" participant="fe016">
      <nite:child href="Bmr012.C.words.xml#id(Bmr012.w.1160)"/>
   </dialogueact>
   <dialogueact nite:id="Bmr012.C.dialogueact170" starttime="246.27" endtime="251.76" type="fh|s" original-type="fh|s" channel="c2" participant="fe016">
      <nite:child href="Bmr012.C.words.xml#id(Bmr012.w.1161)..id(Bmr012.w.1175)"/>
   </dialogueact>
   <dialogueact nite:id="Bmr012.C.dialogueact171" starttime="251.76" endtime="257.14" type="s^e" original-type="s^e" channel="c2" participant="fe016">
      <nite:child href="Bmr012.C.words.xml#id(Bmr012.w.1176)..id(Bmr012.disfmarker.35)"/>
   </dialogueact>
   <dialogueact nite:id="Bmr012.C.dialogueact172" starttime="257.14" endtime="258.5" type="s" original-type="s" channel="c2" participant="fe016">
      <nite:child href="Bmr012.C.words.xml#id(Bmr012.w.1195)..id(Bmr012.w.1197)"/>
   </dialogueact>
   <dialogueact nite:id="Bmr012.C.dialogueact173" starttime="258.93" endtime="261.76" type="s" original-type="s" channel="c2" participant="fe016">
      <nite:child href="Bmr012.C.words.xml#id(Bmr012.w.1198)..id(Bmr012.w.1208)"/>
   </dialogueact>
   <dialogueact nite:id="Bmr012.C.dialogueact174" starttime="262.61" endtime="265.933" type="s.%--" original-type="s.%--" channel="c2" participant="fe016">
      <nite:child href="Bmr012.C.words.xml#id(Bmr012.w.1209)..id(Bmr012.disfmarker.36)"/>
   </dialogueact>
   <dialogueact nite:id="Bmr012.C.dialogueact175" starttime="266.003" endtime="270.193" type="s" original-type="s" channel="c2" participant="fe016">
      <nite:child href="Bmr012.C.words.xml#id(Bmr012.w.1218)..id(Bmr012.w.1226)"/>
   </dialogueact>
   <dialogueact nite:id="Bmr012.C.dialogueact176" starttime="270.583" endtime="277.183" type="s" original-type="s" channel="c2" participant="fe016">
      <nite:child href="Bmr012.C.words.xml#id(Bmr012.w.1227)..id(Bmr012.w.1246)"/>
   </dialogueact>
   <dialogueact nite:id="Bmr012.C.dialogueact177" starttime="277.813" endtime="280.883" type="s" original-type="s" channel="c2" participant="fe016">
      <nite:child href="Bmr012.C.words.xml#id(Bmr012.w.1247)..id(Bmr012.w.1255)"/>
   </dialogueact>
   <dialogueact nite:id="Bmr012.C.dialogueact178" starttime="281.723" endtime="285.153" type="fh|s^rt" original-type="fh|s^rt" channel="c2" participant="fe016">
      <nite:child href="Bmr012.C.words.xml#id(Bmr012.w.1256)..id(Bmr012.w.1269)"/>
   </dialogueact>
   <dialogueact nite:id="Bmr012.C.dialogueact179" starttime="285.153" endtime="287.083" type="s" original-type="s" channel="c2" participant="fe016">
      <nite:child href="Bmr012.C.words.xml#id(Bmr012.w.1270)..id(Bmr012.w.1278)"/>
   </dialogueact>
   <dialogueact nite:id="Bmr012.C.dialogueact180" starttime="287.653" endtime="289.103" type="qy^d^rt" adjacency="34a" original-type="qy^d^rt" channel="c2" participant="fe016">
      <nite:child href="Bmr012.C.words.xml#id(Bmr012.w.1279)..id(Bmr012.w.1288)"/>
   </dialogueact>
   <dialogueact nite:id="Bmr012.C.dialogueact181" starttime="289.963" endtime="292.463" type="fh|s.%--" original-type="fh|s.%--" channel="c2" participant="fe016">
      <nite:child href="Bmr012.C.words.xml#id(Bmr012.w.1289)..id(Bmr012.w.1297)"/>
   </dialogueact>
   <dialogueact nite:id="Bmr012.C.dialogueact183" starttime="292.463" endtime="293.843" type="s^cs" original-type="s^cs" channel="c2" participant="fe016">
      <nite:child href="Bmr012.C.words.xml#id(Bmr012.w.1298)..id(Bmr012.w.1306)"/>
   </dialogueact>
   <dialogueact nite:id="Bmr012.C.dialogueact184" starttime="293.843" endtime="297.213" type="s.%--" original-type="s.%--" channel="c2" participant="fe016">
      <nite:child href="Bmr012.C.words.xml#id(Bmr012.w.1307)..id(Bmr012.w.1322)"/>
   </dialogueact>
   <dialogueact nite:id="Bmr012.C.dialogueact185" starttime="297.633" endtime="300.883" type="s" original-type="s" channel="c2" participant="fe016">
      <nite:child href="Bmr012.C.words.xml#id(Bmr012.w.1323)..id(Bmr012.w.1341)"/>
   </dialogueact>
   <dialogueact nite:id="Bmr012.C.dialogueact186" starttime="301.303" endtime="303.263" type="s.%--" original-type="s.%--" channel="c2" participant="fe016">
      <nite:child href="Bmr012.C.words.xml#id(Bmr012.w.1342)..id(Bmr012.w.1350)"/>
   </dialogueact>
   <dialogueact nite:id="Bmr012.C.dialogueact188" starttime="303.543" endtime="304.323" type="fh" original-type="fh" channel="c2" participant="fe016">
      <nite:child href="Bmr012.C.words.xml#id(Bmr012.w.1351)"/>
   </dialogueact>
   <dialogueact nite:id="Bmr012.C.dialogueact193" starttime="309.951" endtime="310.661" type="s.%--" adjacency="35b" original-type="s.%--" channel="c2" participant="fe016">
      <nite:child href="Bmr012.C.words.xml#id(Bmr012.w.1389)..id(Bmr012.disfmarker.47)"/>
   </dialogueact>
   <dialogueact nite:id="Bmr012.C.dialogueact195" starttime="310.931" endtime="311.381" type="s^aa" adjacency="36b" original-type="s^aa" channel="c2" participant="fe016">
      <nite:child href="Bmr012.C.words.xml#id(Bmr012.w.1394)..id(Bmr012.w.1395)"/>
   </dialogueact>
   <dialogueact nite:id="Bmr012.C.dialogueact196" starttime="311.381" endtime="312.521" type="s.%--" original-type="s.%--" channel="c2" participant="fe016">
      <nite:child href="Bmr012.C.words.xml#id(Bmr012.w.1396)..id(Bmr012.w.1398)"/>
   </dialogueact>
   <dialogueact nite:id="Bmr012.C.dialogueact197" starttime="312.591" endtime="313.071" type="fh" original-type="fh" channel="c2" participant="fe016">
      <nite:child href="Bmr012.C.words.xml#id(Bmr012.w.1399)"/>
   </dialogueact>
   <dialogueact nite:id="Bmr012.C.dialogueact200" starttime="313.221" endtime="315.521" type="s^no" adjacency="37b-1" original-type="s^no" channel="c2" participant="fe016">
      <nite:child href="Bmr012.C.words.xml#id(Bmr012.w.1413)..id(Bmr012.w.1422)"/>
   </dialogueact>
   <dialogueact nite:id="Bmr012.C.dialogueact211" starttime="330.628" endtime="331.288" type="%" original-type="%" channel="c2" participant="fe016">
      <nite:child href="Bmr012.C.words.xml#id(Bmr012.w.1520)"/>
   </dialogueact>
   <dialogueact nite:id="Bmr012.C.dialogueact219" starttime="333.701" endtime="335.201" type="s^ar.%--" adjacency="39b" original-type="s^ar.%--" channel="c2" participant="fe016">
      <nite:child href="Bmr012.C.words.xml#id(Bmr012.w.1533)..id(Bmr012.disfmarker.57)"/>
   </dialogueact>
   <dialogueact nite:id="Bmr012.C.dialogueact220" starttime="335.251" endtime="337.081" type="fh|s" adjacency="39b+.40a" original-type="fh|s" channel="c2" participant="fe016">
      <nite:child href="Bmr012.C.words.xml#id(Bmr012.w.1539)..id(Bmr012.w.1545)"/>
   </dialogueact>
   <dialogueact nite:id="Bmr012.C.dialogueact221" starttime="337.081" endtime="340.151" type="s^df^rt" original-type="s^df^rt" channel="c2" participant="fe016">
      <nite:child href="Bmr012.C.words.xml#id(Bmr012.w.1546)..id(Bmr012.w.1556)"/>
   </dialogueact>
   <dialogueact nite:id="Bmr012.C.dialogueact222" starttime="340.241" endtime="340.531" type="fh" original-type="fh" channel="c2" participant="fe016">
      <nite:child href="Bmr012.C.words.xml#id(Bmr012.w.1557)"/>
   </dialogueact>
   <dialogueact nite:id="Bmr012.C.dialogueact226" starttime="341.121" endtime="341.541" type="fh" original-type="fh" channel="c2" participant="fe016">
      <nite:child href="Bmr012.C.words.xml#id(Bmr012.w.1580)"/>
   </dialogueact>
   <dialogueact nite:id="Bmr012.C.dialogueact227" starttime="342.975" endtime="343.365" type="s^bk" adjacency="42b" original-type="s^bk" channel="c2" participant="fe016">
      <nite:child href="Bmr012.C.words.xml#id(Bmr012.w.1581)"/>
   </dialogueact>
   <dialogueact nite:id="Bmr012.C.dialogueact229" starttime="343.515" endtime="344.425" type="s" original-type="s" channel="c2" participant="fe016">
      <nite:child href="Bmr012.C.words.xml#id(Bmr012.w.1582)..id(Bmr012.w.1587)"/>
   </dialogueact>
   <dialogueact nite:id="Bmr012.C.dialogueact233" starttime="344.425" endtime="348.295" comment="FBH" type="s" original-type="s" channel="c2" participant="fe016">
      <nite:child href="Bmr012.C.words.xml#id(Bmr012.w.1588)..id(Bmr012.w.1599)"/>
   </dialogueact>
   <dialogueact nite:id="Bmr012.C.dialogueact239" starttime="349.848" endtime="350.988" type="s" original-type="s" channel="c2" participant="fe016">
      <nite:child href="Bmr012.C.words.xml#id(Bmr012.w.1637)..id(Bmr012.w.1641)"/>
   </dialogueact>
   <dialogueact nite:id="Bmr012.C.dialogueact241" starttime="351.547" endtime="351.897" type="b" original-type="b" channel="c2" participant="fe016">
      <nite:child href="Bmr012.C.words.xml#id(Bmr012.w.1642)..id(Bmr012.w.1643)"/>
   </dialogueact>
   <dialogueact nite:id="Bmr012.C.dialogueact244" starttime="352.924" endtime="355.414" type="s" original-type="s" channel="c2" participant="fe016">
      <nite:child href="Bmr012.C.words.xml#id(Bmr012.w.1662)..id(Bmr012.w.1670)"/>
   </dialogueact>
   <dialogueact nite:id="Bmr012.C.dialogueact248" starttime="355.834" endtime="357.074" type="h|s^bk" original-type="h|s^bk" channel="c2" participant="fe016">
      <nite:child href="Bmr012.C.words.xml#id(Bmr012.w.1671)..id(Bmr012.w.1711)"/>
   </dialogueact>
   <dialogueact nite:id="Bmr012.C.dialogueact251" starttime="357.164" endtime="359.254" type="qy.%-" adjacency="43a" original-type="qy.%-" channel="c2" participant="fe016">
      <nite:child href="Bmr012.C.words.xml#id(Bmr012.w.1712)..id(Bmr012.disfmarker.71)"/>
   </dialogueact>
   <dialogueact nite:id="Bmr012.C.dialogueact255" starttime="362.506" endtime="362.866" type="s^bk" adjacency="44b" original-type="s^bk" channel="c2" participant="fe016">
      <nite:child href="Bmr012.C.words.xml#id(Bmr012.w.1737)..id(Bmr012.w.1738)"/>
   </dialogueact>
   <dialogueact nite:id="Bmr012.C.dialogueact256" starttime="365.305" endtime="365.685" type="s^bk" adjacency="44b+" original-type="s^bk" channel="c2" participant="fe016">
      <nite:child href="Bmr012.C.words.xml#id(Bmr012.w.1741)..id(Bmr012.w.1742)"/>
   </dialogueact>
   <dialogueact nite:id="Bmr012.C.dialogueact264" starttime="381.623" endtime="383.323" type="qy^rt" adjacency="45a" original-type="qy^rt" channel="c2" participant="fe016">
      <nite:child href="Bmr012.C.words.xml#id(Bmr012.w.1809)..id(Bmr012.w.1817)"/>
   </dialogueact>
   <dialogueact nite:id="Bmr012.C.dialogueact268" starttime="383.873" endtime="384.143" type="s^bk" original-type="s^bk" channel="c2" participant="fe016">
      <nite:child href="Bmr012.C.words.xml#id(Bmr012.w.1828)..id(Bmr012.w.1829)"/>
   </dialogueact>
   <dialogueact nite:id="Bmr012.C.dialogueact270" starttime="384.523" endtime="388.073" type="s" adjacency="46a" original-type="s" channel="c2" participant="fe016">
      <nite:child href="Bmr012.C.words.xml#id(Bmr012.w.1830)..id(Bmr012.w.1844)"/>
   </dialogueact>
   <dialogueact nite:id="Bmr012.C.dialogueact272" starttime="388.073" endtime="388.273" type="fh" original-type="fh" channel="c2" participant="fe016">
      <nite:child href="Bmr012.C.words.xml#id(Bmr012.w.1845)"/>
   </dialogueact>
   <dialogueact nite:id="Bmr012.C.dialogueact276" starttime="388.753" endtime="389.103" type="s^bk" adjacency="47b" original-type="s^bk" channel="c2" participant="fe016">
      <nite:child href="Bmr012.C.words.xml#id(Bmr012.w.1863)"/>
   </dialogueact>
   <dialogueact nite:id="Bmr012.C.dialogueact277" starttime="389.103" endtime="389.983" type="s.%-" original-type="s.%-" channel="c2" participant="fe016">
      <nite:child href="Bmr012.C.words.xml#id(Bmr012.w.1864)..id(Bmr012.w.1867)"/>
   </dialogueact>
   <dialogueact nite:id="Bmr012.C.dialogueact281" starttime="391.854" endtime="393.404" type="s.%-" original-type="s.%-" channel="c2" participant="fe016">
      <nite:child href="Bmr012.C.words.xml#id(Bmr012.w.1880)..id(Bmr012.disfmarker.83)"/>
   </dialogueact>
   <dialogueact nite:id="Bmr012.C.dialogueact283" starttime="393.404" endtime="393.694" type="fg" original-type="fg" channel="c2" participant="fe016">
      <nite:child href="Bmr012.C.words.xml#id(Bmr012.w.1884)"/>
   </dialogueact>
   <dialogueact nite:id="Bmr012.C.dialogueact284" starttime="393.694" endtime="393.954" type="fg" original-type="fg" channel="c2" participant="fe016">
      <nite:child href="Bmr012.C.words.xml#id(Bmr012.w.1885)..id(Bmr012.disfmarker.84)"/>
   </dialogueact>
   <dialogueact nite:id="Bmr012.C.dialogueact286" starttime="395.141" endtime="398.321" type="s.%-" original-type="s.%-" channel="c2" participant="fe016">
      <nite:child href="Bmr012.C.words.xml#id(Bmr012.w.1889)..id(Bmr012.disfmarker.86)"/>
   </dialogueact>
   <dialogueact nite:id="Bmr012.C.dialogueact288" starttime="398.321" endtime="401.211" type="s" original-type="s" channel="c2" participant="fe016">
      <nite:child href="Bmr012.C.words.xml#id(Bmr012.w.1899)..id(Bmr012.w.1915)"/>
   </dialogueact>
   <dialogueact nite:id="Bmr012.C.dialogueact290" starttime="401.211" endtime="401.701" type="%-" original-type="%-" channel="c2" participant="fe016">
      <nite:child href="Bmr012.C.words.xml#id(Bmr012.w.1916)..id(Bmr012.w.1917)"/>
   </dialogueact>
   <dialogueact nite:id="Bmr012.C.dialogueact301" starttime="404.931" endtime="405.551" type="b" original-type="b" channel="c2" participant="fe016">
      <nite:child href="Bmr012.C.words.xml#id(Bmr012.w.1996)..id(Bmr012.w.1997)"/>
   </dialogueact>
   <dialogueact nite:id="Bmr012.C.dialogueact308" starttime="416.652" endtime="421.212" type="s" adjacency="49b-3.50a" original-type="s" channel="c2" participant="fe016">
      <nite:child href="Bmr012.C.words.xml#id(Bmr012.w.2035)..id(Bmr012.w.2051)"/>
   </dialogueact>
   <dialogueact nite:id="Bmr012.C.dialogueact314" starttime="421.212" endtime="421.482" type="qy^d^f^g" original-type="qy^d^f^g" channel="c2" participant="fe016">
      <nite:child href="Bmr012.C.words.xml#id(Bmr012.w.2052)..id(Bmr012.w.2053)"/>
   </dialogueact>
   <dialogueact nite:id="Bmr012.C.dialogueact315" starttime="421.482" endtime="424.152" type="s" adjacency="51a" original-type="s" channel="c2" participant="fe016">
      <nite:child href="Bmr012.C.words.xml#id(Bmr012.w.2054)..id(Bmr012.w.2066)"/>
   </dialogueact>
   <dialogueact nite:id="Bmr012.C.dialogueact321" starttime="425.224" endtime="431.704" type="s" adjacency="52a" original-type="s" channel="c2" participant="fe016">
      <nite:child href="Bmr012.C.words.xml#id(Bmr012.w.2094)..id(Bmr012.w.2123)"/>
   </dialogueact>
   <dialogueact nite:id="Bmr012.C.dialogueact326" starttime="431.814" endtime="433.754" type="s.%--" original-type="s.%--" channel="c2" participant="fe016">
      <nite:child href="Bmr012.C.words.xml#id(Bmr012.w.2124)..id(Bmr012.disfmarker.102)"/>
   </dialogueact>
   <dialogueact nite:id="Bmr012.C.dialogueact327" starttime="433.914" endtime="435.394" type="s" original-type="s" channel="c2" participant="fe016">
      <nite:child href="Bmr012.C.words.xml#id(Bmr012.w.2145)..id(Bmr012.w.2152)"/>
   </dialogueact>
   <dialogueact nite:id="Bmr012.C.dialogueact328" starttime="435.394" endtime="437.684" type="s.%-" adjacency="53a" original-type="s.%-" channel="c2" participant="fe016">
      <nite:child href="Bmr012.C.words.xml#id(Bmr012.w.2153)..id(Bmr012.disfmarker.103)"/>
   </dialogueact>
   <dialogueact nite:id="Bmr012.C.dialogueact334" starttime="444.989" endtime="445.699" type="s^na" adjacency="54b" original-type="s^na" channel="c2" participant="fe016">
      <nite:child href="Bmr012.C.words.xml#id(Bmr012.w.2208)..id(Bmr012.w.2212)"/>
   </dialogueact>
   <dialogueact nite:id="Bmr012.C.dialogueact336" starttime="445.989" endtime="446.849" type="s^na" adjacency="54b+" original-type="s^na" channel="c2" participant="fe016">
      <nite:child href="Bmr012.C.words.xml#id(Bmr012.w.2213)..id(Bmr012.w.2217)"/>
   </dialogueact>
   <dialogueact nite:id="Bmr012.C.dialogueact340" starttime="449.9" endtime="451.51" type="s" adjacency="55b" original-type="sj" channel="c2" participant="fe016">
      <nite:child href="Bmr012.C.words.xml#id(Bmr012.w.2242)..id(Bmr012.w.2249)"/>
   </dialogueact>
   <dialogueact nite:id="Bmr012.C.dialogueact341" starttime="451.51" endtime="451.86" type="fh" original-type="fh" channel="c2" participant="fe016">
      <nite:child href="Bmr012.C.words.xml#id(Bmr012.w.2250)..id(Bmr012.w.2251)"/>
   </dialogueact>
   <dialogueact nite:id="Bmr012.C.dialogueact342" starttime="451.86" endtime="457.37" type="s" adjacency="56a" original-type="s" channel="c2" participant="fe016">
      <nite:child href="Bmr012.C.words.xml#id(Bmr012.w.2252)..id(Bmr012.w.2268)"/>
   </dialogueact>
   <dialogueact nite:id="Bmr012.C.dialogueact344" starttime="458.01" endtime="459.86" type="qw.%-" original-type="qw.%-" channel="c2" participant="fe016">
      <nite:child href="Bmr012.C.words.xml#id(Bmr012.w.2271)..id(Bmr012.disfmarker.107)"/>
   </dialogueact>
   <dialogueact nite:id="Bmr012.C.dialogueact346" starttime="459.86" endtime="462.36" type="s" adjacency="57b" original-type="sj" channel="c2" participant="fe016">
      <nite:child href="Bmr012.C.words.xml#id(Bmr012.w.2282)..id(Bmr012.w.2291)"/>
   </dialogueact>
   <dialogueact nite:id="Bmr012.C.dialogueact350" starttime="462.36" endtime="465.75" type="s" adjacency="58a" original-type="s" channel="c2" participant="fe016">
      <nite:child href="Bmr012.C.words.xml#id(Bmr012.w.2292)..id(Bmr012.w.2310)"/>
   </dialogueact>
   <dialogueact nite:id="Bmr012.C.dialogueact352" starttime="465.75" endtime="469.64" type="s.%--" adjacency="59b" original-type="s.%--" channel="c2" participant="fe016">
      <nite:child href="Bmr012.C.words.xml#id(Bmr012.w.2311)..id(Bmr012.w.2323)"/>
   </dialogueact>
   <dialogueact nite:id="Bmr012.C.dialogueact354" starttime="469.64" endtime="470.57" type="fh" original-type="fh" channel="c2" participant="fe016">
      <nite:child href="Bmr012.C.words.xml#id(Bmr012.w.2324)..id(Bmr012.w.2326)"/>
   </dialogueact>
   <dialogueact nite:id="Bmr012.C.dialogueact355" starttime="470.74" endtime="471.91" type="s" original-type="s" channel="c2" participant="fe016">
      <nite:child href="Bmr012.C.words.xml#id(Bmr012.w.2327)..id(Bmr012.w.2333)"/>
   </dialogueact>
   <dialogueact nite:id="Bmr012.C.dialogueact357" starttime="471.91" endtime="474.86" type="s" original-type="s" channel="c2" participant="fe016">
      <nite:child href="Bmr012.C.words.xml#id(Bmr012.w.2334)..id(Bmr012.w.2348)"/>
   </dialogueact>
   <dialogueact nite:id="Bmr012.C.dialogueact358" starttime="474.86" endtime="478.63" type="s^cs" adjacency="60a" original-type="s^cs" channel="c2" participant="fe016">
      <nite:child href="Bmr012.C.words.xml#id(Bmr012.w.2349)..id(Bmr012.w.2372)"/>
   </dialogueact>
   <dialogueact nite:id="Bmr012.C.dialogueact361" starttime="478.63" endtime="478.91" type="fh" original-type="fh" channel="c2" participant="fe016">
      <nite:child href="Bmr012.C.words.xml#id(Bmr012.w.2373)"/>
   </dialogueact>
   <dialogueact nite:id="Bmr012.C.dialogueact362" starttime="479.5" endtime="480.44" type="s" original-type="sj" channel="c2" participant="fe016">
      <nite:child href="Bmr012.C.words.xml#id(Bmr012.w.2408)..id(Bmr012.w.2413)"/>
   </dialogueact>
   <dialogueact nite:id="Bmr012.C.dialogueact364" starttime="484.87" endtime="486.87" type="s^cs.%-" original-type="s^cs.%-" channel="c2" participant="fe016">
      <nite:child href="Bmr012.C.words.xml#id(Bmr012.w.2414)..id(Bmr012.w.2420)"/>
   </dialogueact>
   <dialogueact nite:id="Bmr012.C.dialogueact368" starttime="487.64" endtime="488.51" type="fh" original-type="fh" channel="c2" participant="fe016">
      <nite:child href="Bmr012.C.words.xml#id(Bmr012.w.2454)"/>
   </dialogueact>
   <dialogueact nite:id="Bmr012.C.dialogueact373" starttime="494.535" endtime="494.775" type="%-" original-type="%-" channel="c2" participant="fe016">
      <nite:child href="Bmr012.C.words.xml#id(Bmr012.w.2487)..id(Bmr012.disfmarker.112)"/>
   </dialogueact>
   <dialogueact nite:id="Bmr012.C.dialogueact374" starttime="497.072" endtime="498.292" type="s^ar.%--" adjacency="62b" original-type="s^ar.%--" channel="c2" participant="fe016">
      <nite:child href="Bmr012.C.words.xml#id(Bmr012.w.2489)..id(Bmr012.w.2492)"/>
   </dialogueact>
   <dialogueact nite:id="Bmr012.C.dialogueact376" starttime="498.762" endtime="501.192" type="s" original-type="sj" channel="c2" participant="fe016">
      <nite:child href="Bmr012.C.words.xml#id(Bmr012.w.2502)..id(Bmr012.w.2513)"/>
   </dialogueact>
   <dialogueact nite:id="Bmr012.C.dialogueact377" starttime="501.192" endtime="503.482" type="s" original-type="s" channel="c2" participant="fe016">
      <nite:child href="Bmr012.C.words.xml#id(Bmr012.w.2514)..id(Bmr012.w.2522)"/>
   </dialogueact>
   <dialogueact nite:id="Bmr012.C.dialogueact379" starttime="503.482" endtime="504.772" type="s^e" original-type="s^e" channel="c2" participant="fe016">
      <nite:child href="Bmr012.C.words.xml#id(Bmr012.w.2523)..id(Bmr012.w.2526)"/>
   </dialogueact>
   <dialogueact nite:id="Bmr012.C.dialogueact381" starttime="504.772" endtime="505.662" type="s.%--" original-type="s.%--" channel="c2" participant="fe016">
      <nite:child href="Bmr012.C.words.xml#id(Bmr012.w.2527)..id(Bmr012.w.2531)"/>
   </dialogueact>
   <dialogueact nite:id="Bmr012.C.dialogueact383" starttime="506.042" endtime="508.572" type="s.%--" adjacency="63a" original-type="s.%--" channel="c2" participant="fe016">
      <nite:child href="Bmr012.C.words.xml#id(Bmr012.w.2542)..id(Bmr012.w.2554)"/>
   </dialogueact>
   <dialogueact nite:id="Bmr012.C.dialogueact385" starttime="508.572" endtime="509.292" type="fh" original-type="fh" channel="c2" participant="fe016">
      <nite:child href="Bmr012.C.words.xml#id(Bmr012.w.2555)"/>
   </dialogueact>
   <dialogueact nite:id="Bmr012.C.dialogueact387" starttime="510.792" endtime="512.242" type="s^aa.%-" adjacency="64b" original-type="s^aa.%-" channel="c2" participant="fe016">
      <nite:child href="Bmr012.C.words.xml#id(Bmr012.w.2566)..id(Bmr012.disfmarker.113)"/>
   </dialogueact>
   <dialogueact nite:id="Bmr012.C.dialogueact390" starttime="517.307" endtime="519.617" type="fg|s^df" adjacency="65b.66a" original-type="fg|s^df" channel="c2" participant="fe016">
      <nite:child href="Bmr012.C.words.xml#id(Bmr012.w.2596)..id(Bmr012.w.2606)"/>
   </dialogueact>
   <dialogueact nite:id="Bmr012.C.dialogueact391" starttime="519.617" endtime="522.317" type="fh|%--" original-type="fh|%--" channel="c2" participant="fe016">
      <nite:child href="Bmr012.C.words.xml#id(Bmr012.w.2607)..id(Bmr012.disfmarker.116)"/>
   </dialogueact>
   <dialogueact nite:id="Bmr012.C.dialogueact394" starttime="522.317" endtime="526.247" type="s.%--" original-type="sj.%--" channel="c2" participant="fe016">
      <nite:child href="Bmr012.C.words.xml#id(Bmr012.w.2633)..id(Bmr012.w.2639)"/>
   </dialogueact>
   <dialogueact nite:id="Bmr012.C.dialogueact397" starttime="526.457" endtime="539.717" type="s" original-type="s" channel="c2" participant="fe016">
      <nite:child href="Bmr012.C.words.xml#id(Bmr012.w.2646)..id(Bmr012.w.2687)"/>
   </dialogueact>
   <dialogueact nite:id="Bmr012.C.dialogueact398" starttime="539.717" endtime="545.917" type="s" adjacency="68a" original-type="s" channel="c2" participant="fe016">
      <nite:child href="Bmr012.C.words.xml#id(Bmr012.w.2688)..id(Bmr012.w.2710)"/>
   </dialogueact>
   <dialogueact nite:id="Bmr012.C.dialogueact400" starttime="545.917" endtime="551.747" type="s" original-type="s" channel="c2" participant="fe016">
      <nite:child href="Bmr012.C.words.xml#id(Bmr012.w.2711)..id(Bmr012.w.2731)"/>
   </dialogueact>
   <dialogueact nite:id="Bmr012.C.dialogueact402" starttime="551.917" endtime="555.237" type="s" original-type="s" channel="c2" participant="fe016">
      <nite:child href="Bmr012.C.words.xml#id(Bmr012.w.2732)..id(Bmr012.w.2746)"/>
   </dialogueact>
   <dialogueact nite:id="Bmr012.C.dialogueact403" starttime="555.237" endtime="557.017" type="s" original-type="sj" channel="c2" participant="fe016">
      <nite:child href="Bmr012.C.words.xml#id(Bmr012.w.2747)..id(Bmr012.w.2756)"/>
   </dialogueact>
   <dialogueact nite:id="Bmr012.C.dialogueact406" starttime="557.697" endtime="558.077" type="fh" original-type="fh" channel="c2" participant="fe016">
      <nite:child href="Bmr012.C.words.xml#id(Bmr012.w.2779)"/>
   </dialogueact>
   <dialogueact nite:id="Bmr012.C.dialogueact409" starttime="563.908" endtime="564.328" type="s^bk" adjacency="69b" original-type="s^bk" channel="c2" participant="fe016">
      <nite:child href="Bmr012.C.words.xml#id(Bmr012.w.2796)..id(Bmr012.w.2797)"/>
   </dialogueact>
   <dialogueact nite:id="Bmr012.C.dialogueact410" starttime="564.328" endtime="565.328" type="s.%--" original-type="s.%--" channel="c2" participant="fe016">
      <nite:child href="Bmr012.C.words.xml#id(Bmr012.w.2798)..id(Bmr012.w.2803)"/>
   </dialogueact>
   <dialogueact nite:id="Bmr012.C.dialogueact413" starttime="565.538" endtime="567.268" type="s.%-" adjacency="70a" original-type="s.%-" channel="c2" participant="fe016">
      <nite:child href="Bmr012.C.words.xml#id(Bmr012.w.2804)..id(Bmr012.w.2814)"/>
   </dialogueact>
   <dialogueact nite:id="Bmr012.C.dialogueact417" starttime="567.598" endtime="568.418" type="fh" original-type="fh" channel="c2" participant="fe016">
      <nite:child href="Bmr012.C.words.xml#id(Bmr012.w.2837)..id(Bmr012.w.2838)"/>
   </dialogueact>
   <dialogueact nite:id="Bmr012.C.dialogueact421" starttime="569.918" endtime="570.378" type="b" original-type="b" channel="c2" participant="fe016">
      <nite:child href="Bmr012.C.words.xml#id(Bmr012.w.2839)"/>
   </dialogueact>
   <dialogueact nite:id="Bmr012.C.dialogueact423" starttime="574.063" endtime="576.203" type="s.%--" original-type="s.%--" channel="c2" participant="fe016">
      <nite:child href="Bmr012.C.words.xml#id(Bmr012.w.2859)..id(Bmr012.w.2867)"/>
   </dialogueact>
   <dialogueact nite:id="Bmr012.C.dialogueact426" starttime="576.203" endtime="576.663" type="fh" original-type="fh" channel="c2" participant="fe016">
      <nite:child href="Bmr012.C.words.xml#id(Bmr012.w.2868)"/>
   </dialogueact>
   <dialogueact nite:id="Bmr012.C.dialogueact429" starttime="577.073" endtime="579.833" type="s" original-type="s" channel="c2" participant="fe016">
      <nite:child href="Bmr012.C.words.xml#id(Bmr012.w.2881)..id(Bmr012.w.2894)"/>
   </dialogueact>
   <dialogueact nite:id="Bmr012.C.dialogueact430" starttime="579.833" endtime="583.493" type="s.%--" original-type="s.%--" channel="c2" participant="fe016">
      <nite:child href="Bmr012.C.words.xml#id(Bmr012.w.2895)..id(Bmr012.disfmarker.125)"/>
   </dialogueact>
   <dialogueact nite:id="Bmr012.C.dialogueact431" starttime="583.493" endtime="593.403" type="s" original-type="s" channel="c2" participant="fe016">
      <nite:child href="Bmr012.C.words.xml#id(Bmr012.w.2906)..id(Bmr012.w.2935)"/>
   </dialogueact>
   <dialogueact nite:id="Bmr012.C.dialogueact432" starttime="593.713" endtime="598.583" type="s.%-" original-type="s.%-" channel="c2" participant="fe016">
      <nite:child href="Bmr012.C.words.xml#id(Bmr012.w.2936)..id(Bmr012.disfmarker.126)"/>
   </dialogueact>
   <dialogueact nite:id="Bmr012.C.dialogueact437" starttime="606.168" endtime="606.528" type="s^aa" adjacency="1b-2" original-type="s^aa" channel="c2" participant="fe016">
      <nite:child href="Bmr012.C.words.xml#id(Bmr012.w.2990)..id(Bmr012.w.2991)"/>
   </dialogueact>
   <dialogueact nite:id="Bmr012.C.dialogueact441" starttime="608.491" endtime="608.701" type="s^aa" adjacency="3b" original-type="s^aa" channel="c2" participant="fe016">
      <nite:child href="Bmr012.C.words.xml#id(Bmr012.w.3017)..id(Bmr012.w.3018)"/>
   </dialogueact>
   <dialogueact nite:id="Bmr012.C.dialogueact442" starttime="609.411" endtime="613.601" type="fg|s^rt" adjacency="4a" original-type="fg|s^rt" channel="c2" participant="fe016">
      <nite:child href="Bmr012.C.words.xml#id(Bmr012.w.3019)..id(Bmr012.w.3028)"/>
   </dialogueact>
   <dialogueact nite:id="Bmr012.C.dialogueact446" starttime="613.971" endtime="614.601" type="s^e.%-" original-type="s^e.%-" channel="c2" participant="fe016">
      <nite:child href="Bmr012.C.words.xml#id(Bmr012.w.3041)..id(Bmr012.w.3043)"/>
   </dialogueact>
   <dialogueact nite:id="Bmr012.C.dialogueact450" starttime="615.121" endtime="618.771" type="s" original-type="s" channel="c2" participant="fe016">
      <nite:child href="Bmr012.C.words.xml#id(Bmr012.w.3060)..id(Bmr012.w.3077)"/>
   </dialogueact>
   <dialogueact nite:id="Bmr012.C.dialogueact454" starttime="618.771" endtime="620.021" type="s.%--" original-type="s.%--" channel="c2" participant="fe016">
      <nite:child href="Bmr012.C.words.xml#id(Bmr012.w.3078)..id(Bmr012.w.3082)"/>
   </dialogueact>
   <dialogueact nite:id="Bmr012.C.dialogueact455" starttime="620.021" endtime="625.211" type="s.%--" original-type="s.%--" channel="c2" participant="fe016">
      <nite:child href="Bmr012.C.words.xml#id(Bmr012.w.3083)..id(Bmr012.disfmarker.131)"/>
   </dialogueact>
   <dialogueact nite:id="Bmr012.C.dialogueact456" starttime="625.371" endtime="627.331" type="s" adjacency="5a" original-type="s" channel="c2" participant="fe016">
      <nite:child href="Bmr012.C.words.xml#id(Bmr012.w.3105)..id(Bmr012.w.3116)"/>
   </dialogueact>
   <dialogueact nite:id="Bmr012.C.dialogueact458" starttime="627.331" endtime="627.921" type="s^bd^no" adjacency="5a+" original-type="s^bd^no" channel="c2" participant="fe016">
      <nite:child href="Bmr012.C.words.xml#id(Bmr012.w.3117)..id(Bmr012.w.3120)"/>
   </dialogueact>
   <dialogueact nite:id="Bmr012.C.dialogueact459" starttime="627.921" endtime="631.131" type="s^df" adjacency="5a++" original-type="s^df" channel="c2" participant="fe016">
      <nite:child href="Bmr012.C.words.xml#id(Bmr012.w.3121)..id(Bmr012.w.3133)"/>
   </dialogueact>
   <dialogueact nite:id="Bmr012.C.dialogueact461" starttime="632.343" endtime="632.683" type="fh" original-type="fh" channel="c2" participant="fe016">
      <nite:child href="Bmr012.C.words.xml#id(Bmr012.w.3150)..id(Bmr012.w.3151)"/>
   </dialogueact>
   <dialogueact nite:id="Bmr012.C.dialogueact464" starttime="635.641" endtime="635.981" type="s^aa" adjacency="7b" original-type="s^aa" channel="c2" participant="fe016">
      <nite:child href="Bmr012.C.words.xml#id(Bmr012.w.3162)..id(Bmr012.w.3163)"/>
   </dialogueact>
   <dialogueact nite:id="Bmr012.C.dialogueact465" starttime="636.201" endtime="637.641" type="fg|s.%-" original-type="fg|s.%-" channel="c2" participant="fe016">
      <nite:child href="Bmr012.C.words.xml#id(Bmr012.w.3164)..id(Bmr012.w.3169)"/>
   </dialogueact>
   <dialogueact nite:id="Bmr012.C.dialogueact470" starttime="640.862" endtime="641.122" type="s^aa" adjacency="8b-2" original-type="s^aa" channel="c2" participant="fe016">
      <nite:child href="Bmr012.C.words.xml#id(Bmr012.w.3197)"/>
   </dialogueact>
   <dialogueact nite:id="Bmr012.C.dialogueact471" starttime="641.122" endtime="641.662" type="s.%-" original-type="s.%-" channel="c2" participant="fe016">
      <nite:child href="Bmr012.C.words.xml#id(Bmr012.w.3198)..id(Bmr012.w.3200)"/>
   </dialogueact>
   <dialogueact nite:id="Bmr012.C.dialogueact473" starttime="641.662" endtime="642.282" type="s^ba" original-type="sj^ba" channel="c2" participant="fe016">
      <nite:child href="Bmr012.C.words.xml#id(Bmr012.w.3201)..id(Bmr012.w.3205)"/>
   </dialogueact>
   <dialogueact nite:id="Bmr012.C.dialogueact478" starttime="651.889" endtime="651.969" type="b" original-type="b" channel="c2" participant="fe016">
      <nite:child href="Bmr012.C.words.xml#id(Bmr012.w.3248)..id(Bmr012.w.3249)"/>
   </dialogueact>
   <dialogueact nite:id="Bmr012.C.dialogueact480" starttime="652.729" endtime="654.169" type="s^j" adjacency="9b" original-type="s^j" channel="c2" participant="fe016">
      <nite:child href="Bmr012.C.words.xml#id(Bmr012.w.3254)..id(Bmr012.w.3260)"/>
   </dialogueact>
   <dialogueact nite:id="Bmr012.C.dialogueact482" starttime="654.279" endtime="656.679" type="s" original-type="s" channel="c2" participant="fe016">
      <nite:child href="Bmr012.C.words.xml#id(Bmr012.w.3261)..id(Bmr012.w.3265)"/>
   </dialogueact>
   <dialogueact nite:id="Bmr012.C.dialogueact486" starttime="656.679" endtime="656.839" type="fh" original-type="fh" channel="c2" participant="fe016">
      <nite:child href="Bmr012.C.words.xml#id(Bmr012.w.3266)..id(Bmr012.w.3267)"/>
   </dialogueact>
   <dialogueact nite:id="Bmr012.C.dialogueact493" starttime="671.251" endtime="672.351" type="%-" original-type="%-" channel="c2" participant="fe016">
      <nite:child href="Bmr012.C.words.xml#id(Bmr012.w.3348)..id(Bmr012.w.3349)"/>
   </dialogueact>
   <dialogueact nite:id="Bmr012.C.dialogueact498" starttime="674.362" endtime="674.592" type="b" original-type="b" channel="c2" participant="fe016">
      <nite:child href="Bmr012.C.words.xml#id(Bmr012.w.3367)"/>
   </dialogueact>
   <dialogueact nite:id="Bmr012.C.dialogueact499" starttime="675.022" endtime="679.092" type="fg|s" original-type="fg|s" channel="c2" participant="fe016">
      <nite:child href="Bmr012.C.words.xml#id(Bmr012.w.3368)..id(Bmr012.w.3379)"/>
   </dialogueact>
   <dialogueact nite:id="Bmr012.C.dialogueact502" starttime="679.092" endtime="681.242" type="fh|s^ba" original-type="fh|s^ba" channel="c2" participant="fe016">
      <nite:child href="Bmr012.C.words.xml#id(Bmr012.w.3380)..id(Bmr012.w.3385)"/>
   </dialogueact>
   <dialogueact nite:id="Bmr012.C.dialogueact503" starttime="681.242" endtime="684.062" type="s^df" original-type="s^df" channel="c2" participant="fe016">
      <nite:child href="Bmr012.C.words.xml#id(Bmr012.w.3386)..id(Bmr012.w.3395)"/>
   </dialogueact>
   <dialogueact nite:id="Bmr012.C.dialogueact504" starttime="684.062" endtime="684.372" type="fh" original-type="fh" channel="c2" participant="fe016">
      <nite:child href="Bmr012.C.words.xml#id(Bmr012.w.3396)"/>
   </dialogueact>
   <dialogueact nite:id="Bmr012.C.dialogueact505" starttime="684.562" endtime="693.992" type="s" adjacency="11a" original-type="s" channel="c2" participant="fe016">
      <nite:child href="Bmr012.C.words.xml#id(Bmr012.w.3397)..id(Bmr012.w.3433)"/>
   </dialogueact>
   <dialogueact nite:id="Bmr012.C.dialogueact509" starttime="695.092" endtime="699.962" type="fh|s^cs" adjacency="12a" original-type="fh|s^cs" channel="c2" participant="fe016">
      <nite:child href="Bmr012.C.words.xml#id(Bmr012.w.3447)..id(Bmr012.w.3501)"/>
   </dialogueact>
   <dialogueact nite:id="Bmr012.C.dialogueact514" starttime="699.962" endtime="700.952" type="s" original-type="s" channel="c2" participant="fe016">
      <nite:child href="Bmr012.C.words.xml#id(Bmr012.w.3502)..id(Bmr012.w.3506)"/>
   </dialogueact>
   <dialogueact nite:id="Bmr012.C.dialogueact515" starttime="701.352" endtime="701.812" type="fh" original-type="fh" channel="c2" participant="fe016">
      <nite:child href="Bmr012.C.words.xml#id(Bmr012.w.3507)"/>
   </dialogueact>
   <dialogueact nite:id="Bmr012.C.dialogueact518" starttime="706.856" endtime="707.006" type="fg" original-type="fg" channel="c2" participant="fe016">
      <nite:child href="Bmr012.C.words.xml#id(Bmr012.w.3510)"/>
   </dialogueact>
   <dialogueact nite:id="Bmr012.C.dialogueact519" starttime="707.006" endtime="709.376" type="s.%-" adjacency="13b" original-type="s.%-" channel="c2" participant="fe016">
      <nite:child href="Bmr012.C.words.xml#id(Bmr012.w.3511)..id(Bmr012.w.3523)"/>
   </dialogueact>
   <dialogueact nite:id="Bmr012.C.dialogueact521" starttime="709.376" endtime="710.566" type="qr" adjacency="14a" original-type="qr" channel="c2" participant="fe016">
      <nite:child href="Bmr012.C.words.xml#id(Bmr012.w.3524)..id(Bmr012.w.3532)"/>
   </dialogueact>
   <dialogueact nite:id="Bmr012.C.dialogueact525" starttime="711.266" endtime="711.626" type="s^bk^m" adjacency="15b" original-type="s^bk^m" channel="c2" participant="fe016">
      <nite:child href="Bmr012.C.words.xml#id(Bmr012.w.3542)..id(Bmr012.w.3543)"/>
   </dialogueact>
   <dialogueact nite:id="Bmr012.C.dialogueact526" starttime="711.816" endtime="712.006" type="s^bk" original-type="s^bk" channel="c2" participant="fe016">
      <nite:child href="Bmr012.C.words.xml#id(Bmr012.w.3544)..id(Bmr012.w.3545)"/>
   </dialogueact>
   <dialogueact nite:id="Bmr012.C.dialogueact529" starttime="712.356" endtime="713.036" type="s" original-type="sj" channel="c2" participant="fe016">
      <nite:child href="Bmr012.C.words.xml#id(Bmr012.w.3552)..id(Bmr012.w.3554)"/>
   </dialogueact>
   <dialogueact nite:id="Bmr012.C.dialogueact531" starttime="713.696" endtime="716.796" type="fg|s^tc.%--" original-type="fg|sj^tc.%--" channel="c2" participant="fe016">
      <nite:child href="Bmr012.C.words.xml#id(Bmr012.w.3557)..id(Bmr012.w.3571)"/>
   </dialogueact>
   <dialogueact nite:id="Bmr012.C.dialogueact533" starttime="717.166" endtime="722.876" type="s" original-type="s" channel="c2" participant="fe016">
      <nite:child href="Bmr012.C.words.xml#id(Bmr012.w.3572)..id(Bmr012.w.3595)"/>
   </dialogueact>
   <dialogueact nite:id="Bmr012.C.dialogueact534" starttime="722.876" endtime="728.916" type="s^cs" original-type="s^cs" channel="c2" participant="fe016">
      <nite:child href="Bmr012.C.words.xml#id(Bmr012.w.3596)..id(Bmr012.w.3618)"/>
   </dialogueact>
   <dialogueact nite:id="Bmr012.C.dialogueact535" starttime="729.356" endtime="733.886" type="s" original-type="s" channel="c2" participant="fe016">
      <nite:child href="Bmr012.C.words.xml#id(Bmr012.w.3619)..id(Bmr012.w.3648)"/>
   </dialogueact>
   <dialogueact nite:id="Bmr012.C.dialogueact537" starttime="743.468" endtime="743.798" type="b" original-type="b" channel="c2" participant="fe016">
      <nite:child href="Bmr012.C.words.xml#id(Bmr012.w.3666)..id(Bmr012.w.3667)"/>
   </dialogueact>
   <dialogueact nite:id="Bmr012.C.dialogueact540" starttime="744.738" endtime="746.748" type="s" adjacency="16b-2.17a" original-type="s" channel="c2" participant="fe016">
      <nite:child href="Bmr012.C.words.xml#id(Bmr012.w.3673)..id(Bmr012.w.3677)"/>
   </dialogueact>
   <dialogueact nite:id="Bmr012.C.dialogueact541" starttime="746.748" endtime="747.068" type="fh" original-type="fh" channel="c2" participant="fe016">
      <nite:child href="Bmr012.C.words.xml#id(Bmr012.w.3678)..id(Bmr012.w.3679)"/>
   </dialogueact>
   <dialogueact nite:id="Bmr012.C.dialogueact542" starttime="748.068" endtime="749.198" type="fh" original-type="fh" channel="c2" participant="fe016">
      <nite:child href="Bmr012.C.words.xml#id(Bmr012.w.3680)..id(Bmr012.w.3683)"/>
   </dialogueact>
   <dialogueact nite:id="Bmr012.C.dialogueact546" starttime="752.803" endtime="753.103" type="b" original-type="b" channel="c2" participant="fe016">
      <nite:child href="Bmr012.C.words.xml#id(Bmr012.w.3699)..id(Bmr012.w.3700)"/>
   </dialogueact>
   <dialogueact nite:id="Bmr012.C.dialogueact547" starttime="753.763" endtime="754.583" type="s" adjacency="18a" original-type="sj" channel="c2" participant="fe016">
      <nite:child href="Bmr012.C.words.xml#id(Bmr012.w.3704)..id(Bmr012.w.3707)"/>
   </dialogueact>
   <dialogueact nite:id="Bmr012.C.dialogueact548" starttime="755.013" endtime="756.283" type="fh|s.%-" original-type="fh|s.%-" channel="c2" participant="fe016">
      <nite:child href="Bmr012.C.words.xml#id(Bmr012.w.3708)..id(Bmr012.w.3718)"/>
   </dialogueact>
   <dialogueact nite:id="Bmr012.C.dialogueact553" starttime="758.163" endtime="758.683" type="s" original-type="s" channel="c2" participant="fe016">
      <nite:child href="Bmr012.C.words.xml#id(Bmr012.w.3732)"/>
   </dialogueact>
   <dialogueact nite:id="Bmr012.C.dialogueact554" starttime="758.683" endtime="765.603" type="s" original-type="s" channel="c2" participant="fe016">
      <nite:child href="Bmr012.C.words.xml#id(Bmr012.w.3733)..id(Bmr012.w.3764)"/>
   </dialogueact>
   <dialogueact nite:id="Bmr012.C.dialogueact555" starttime="765.603" endtime="768.543" comment="FBH" type="s" original-type="s" channel="c2" participant="fe016">
      <nite:child href="Bmr012.C.words.xml#id(Bmr012.w.3765)..id(Bmr012.w.3775)"/>
   </dialogueact>
   <dialogueact nite:id="Bmr012.C.dialogueact556" starttime="769.023" endtime="775.343" type="s^cs" original-type="s^cs" channel="c2" participant="fe016">
      <nite:child href="Bmr012.C.words.xml#id(Bmr012.w.3776)..id(Bmr012.w.3802)"/>
   </dialogueact>
   <dialogueact nite:id="Bmr012.C.dialogueact557" starttime="775.343" endtime="777.743" type="s" original-type="sj" channel="c2" participant="fe016">
      <nite:child href="Bmr012.C.words.xml#id(Bmr012.w.3803)..id(Bmr012.w.3809)"/>
   </dialogueact>
   <dialogueact nite:id="Bmr012.C.dialogueact558" starttime="777.743" endtime="778.623" type="s.%--" original-type="s.%--" channel="c2" participant="fe016">
      <nite:child href="Bmr012.C.words.xml#id(Bmr012.w.3810)..id(Bmr012.disfmarker.157)"/>
   </dialogueact>
   <dialogueact nite:id="Bmr012.C.dialogueact559" starttime="778.913" endtime="781.263" type="s" original-type="s" channel="c2" participant="fe016">
      <nite:child href="Bmr012.C.words.xml#id(Bmr012.w.3814)..id(Bmr012.w.3820)"/>
   </dialogueact>
   <dialogueact nite:id="Bmr012.C.dialogueact560" starttime="781.263" endtime="783.713" type="s^df" original-type="s^df" channel="c2" participant="fe016">
      <nite:child href="Bmr012.C.words.xml#id(Bmr012.w.3821)..id(Bmr012.w.3829)"/>
   </dialogueact>
   <dialogueact nite:id="Bmr012.C.dialogueact561" starttime="783.713" endtime="784.883" type="s.%--" original-type="s.%--" channel="c2" participant="fe016">
      <nite:child href="Bmr012.C.words.xml#id(Bmr012.w.3830)..id(Bmr012.w.3835)"/>
   </dialogueact>
   <dialogueact nite:id="Bmr012.C.dialogueact562" starttime="785.163" endtime="786.063" type="s^bd" original-type="s^bd" channel="c2" participant="fe016">
      <nite:child href="Bmr012.C.words.xml#id(Bmr012.w.3836)..id(Bmr012.w.3842)"/>
   </dialogueact>
   <dialogueact nite:id="Bmr012.C.dialogueact563" starttime="786.063" endtime="789.373" type="s" original-type="s" channel="c2" participant="fe016">
      <nite:child href="Bmr012.C.words.xml#id(Bmr012.w.3843)..id(Bmr012.w.3857)"/>
   </dialogueact>
   <dialogueact nite:id="Bmr012.C.dialogueact564" starttime="790.013" endtime="793.043" type="s^e" original-type="s^e" channel="c2" participant="fe016">
      <nite:child href="Bmr012.C.words.xml#id(Bmr012.w.3858)..id(Bmr012.w.3865)"/>
   </dialogueact>
   <dialogueact nite:id="Bmr012.C.dialogueact565" starttime="793.043" endtime="797.483" type="s^e" original-type="s^e" channel="c2" participant="fe016">
      <nite:child href="Bmr012.C.words.xml#id(Bmr012.w.3866)..id(Bmr012.w.3877)"/>
   </dialogueact>
   <dialogueact nite:id="Bmr012.C.dialogueact566" starttime="798.513" endtime="800.213" type="fh|s.%--" original-type="fh|s.%--" channel="c2" participant="fe016">
      <nite:child href="Bmr012.C.words.xml#id(Bmr012.w.3878)..id(Bmr012.w.3884)"/>
   </dialogueact>
   <dialogueact nite:id="Bmr012.C.dialogueact567" starttime="800.923" endtime="808.933" type="s^cs" adjacency="19a" original-type="s^cs" channel="c2" participant="fe016">
      <nite:child href="Bmr012.C.words.xml#id(Bmr012.w.3885)..id(Bmr012.w.3916)"/>
   </dialogueact>
   <dialogueact nite:id="Bmr012.C.dialogueact568" starttime="809.453" endtime="810.963" type="s" original-type="s" channel="c2" participant="fe016">
      <nite:child href="Bmr012.C.words.xml#id(Bmr012.w.3917)..id(Bmr012.w.3925)"/>
   </dialogueact>
   <dialogueact nite:id="Bmr012.C.dialogueact571" starttime="811.103" endtime="811.383" type="b" original-type="b" channel="c2" participant="fe016">
      <nite:child href="Bmr012.C.words.xml#id(Bmr012.w.3926)..id(Bmr012.w.3927)"/>
   </dialogueact>
   <dialogueact nite:id="Bmr012.C.dialogueact572" starttime="813.648" endtime="814.798" type="s^aap" adjacency="20b.21a" original-type="s^aap" channel="c2" participant="fe016">
      <nite:child href="Bmr012.C.words.xml#id(Bmr012.w.3940)..id(Bmr012.w.3943)"/>
   </dialogueact>
   <dialogueact nite:id="Bmr012.C.dialogueact575" starttime="816.993" endtime="817.763" type="s^aa" adjacency="22b" original-type="s^aa" channel="c2" participant="fe016">
      <nite:child href="Bmr012.C.words.xml#id(Bmr012.w.3967)..id(Bmr012.w.3970)"/>
   </dialogueact>
   <dialogueact nite:id="Bmr012.C.dialogueact577" starttime="818.423" endtime="818.863" type="s^aa" adjacency="23b" original-type="s^aa" channel="c2" participant="fe016">
      <nite:child href="Bmr012.C.words.xml#id(Bmr012.w.3971)..id(Bmr012.w.3972)"/>
   </dialogueact>
   <dialogueact nite:id="Bmr012.C.dialogueact578" starttime="819.273" endtime="830.823" type="qh" adjacency="24a" original-type="qh" channel="c2" participant="fe016">
      <nite:child href="Bmr012.C.words.xml#id(Bmr012.w.3973)..id(Bmr012.w.4008)"/>
   </dialogueact>
   <dialogueact nite:id="Bmr012.C.dialogueact580" starttime="830.823" endtime="831.763" type="s.%-" original-type="s.%-" channel="c2" participant="fe016">
      <nite:child href="Bmr012.C.words.xml#id(Bmr012.w.4009)..id(Bmr012.disfmarker.161)"/>
   </dialogueact>
   <dialogueact nite:id="Bmr012.C.dialogueact583" starttime="838.062" endtime="838.302" type="fg" original-type="fg" channel="c2" participant="fe016">
      <nite:child href="Bmr012.C.words.xml#id(Bmr012.w.4040)"/>
   </dialogueact>
   <dialogueact nite:id="Bmr012.C.dialogueact584" starttime="838.302" endtime="840.352" type="s^cs" original-type="s^cs" channel="c2" participant="fe016">
      <nite:child href="Bmr012.C.words.xml#id(Bmr012.w.4041)..id(Bmr012.w.4048)"/>
   </dialogueact>
   <dialogueact nite:id="Bmr012.C.dialogueact585" starttime="840.412" endtime="846.912" type="s^cs" original-type="s^cs" channel="c2" participant="fe016">
      <nite:child href="Bmr012.C.words.xml#id(Bmr012.w.4049)..id(Bmr012.w.4070)"/>
   </dialogueact>
   <dialogueact nite:id="Bmr012.C.dialogueact587" starttime="847.512" endtime="849.472" type="fh|s" original-type="fh|s" channel="c2" participant="fe016">
      <nite:child href="Bmr012.C.words.xml#id(Bmr012.w.4073)..id(Bmr012.w.4082)"/>
   </dialogueact>
   <dialogueact nite:id="Bmr012.C.dialogueact588" starttime="849.472" endtime="851.862" type="s^df" original-type="s^df" channel="c2" participant="fe016">
      <nite:child href="Bmr012.C.words.xml#id(Bmr012.w.4083)..id(Bmr012.w.4093)"/>
   </dialogueact>
   <dialogueact nite:id="Bmr012.C.dialogueact590" starttime="851.952" endtime="853.822" type="s" original-type="s" channel="c2" participant="fe016">
      <nite:child href="Bmr012.C.words.xml#id(Bmr012.w.4098)..id(Bmr012.w.4106)"/>
   </dialogueact>
   <dialogueact nite:id="Bmr012.C.dialogueact591" starttime="853.822" endtime="856.532" type="s^rt" original-type="s^rt" channel="c2" participant="fe016">
      <nite:child href="Bmr012.C.words.xml#id(Bmr012.w.4107)..id(Bmr012.w.4118)"/>
   </dialogueact>
   <dialogueact nite:id="Bmr012.C.dialogueact592" starttime="856.952" endtime="860.892" type="s" adjacency="25a" original-type="s" channel="c2" participant="fe016">
      <nite:child href="Bmr012.C.words.xml#id(Bmr012.w.4119)..id(Bmr012.w.4133)"/>
   </dialogueact>
   <dialogueact nite:id="Bmr012.C.dialogueact593" starttime="861.182" endtime="862.892" type="fh|s" original-type="fh|s" channel="c2" participant="fe016">
      <nite:child href="Bmr012.C.words.xml#id(Bmr012.w.4134)..id(Bmr012.w.4139)"/>
   </dialogueact>
   <dialogueact nite:id="Bmr012.C.dialogueact611" starttime="880.042" endtime="880.482" type="%--" original-type="%--" channel="c2" participant="fe016">
      <nite:child href="Bmr012.C.words.xml#id(Bmr012.w.4271)..id(Bmr012.w.4272)"/>
   </dialogueact>
   <dialogueact nite:id="Bmr012.C.dialogueact613" starttime="880.482" endtime="880.932" type="b" original-type="b" channel="c2" participant="fe016">
      <nite:child href="Bmr012.C.words.xml#id(Bmr012.w.4273)..id(Bmr012.w.4274)"/>
   </dialogueact>
   <dialogueact nite:id="Bmr012.C.dialogueact614" starttime="881.052" endtime="882.242" type="s" original-type="s" channel="c2" participant="fe016">
      <nite:child href="Bmr012.C.words.xml#id(Bmr012.w.4275)..id(Bmr012.w.4280)"/>
   </dialogueact>
   <dialogueact nite:id="Bmr012.C.dialogueact624" starttime="902.58" endtime="902.92" type="b" original-type="b" channel="c2" participant="fe016">
      <nite:child href="Bmr012.C.words.xml#id(Bmr012.w.4375)..id(Bmr012.w.4376)"/>
   </dialogueact>
   <dialogueact nite:id="Bmr012.C.dialogueact631" starttime="917.48" endtime="917.75" type="s^aa" adjacency="31b" original-type="s^aa" channel="c2" participant="fe016">
      <nite:child href="Bmr012.C.words.xml#id(Bmr012.w.4443)..id(Bmr012.w.4444)"/>
   </dialogueact>
   <dialogueact nite:id="Bmr012.C.dialogueact632" starttime="917.98" endtime="918.9" type="fg|s.%--" original-type="fg|s.%--" channel="c2" participant="fe016">
      <nite:child href="Bmr012.C.words.xml#id(Bmr012.w.4445)..id(Bmr012.w.4451)"/>
   </dialogueact>
   <dialogueact nite:id="Bmr012.C.dialogueact634" starttime="918.9" endtime="921.13" type="s" original-type="s" channel="c2" participant="fe016">
      <nite:child href="Bmr012.C.words.xml#id(Bmr012.w.4452)..id(Bmr012.w.4460)"/>
   </dialogueact>
   <dialogueact nite:id="Bmr012.C.dialogueact635" starttime="921.13" endtime="923.97" type="s" original-type="s" channel="c2" participant="fe016">
      <nite:child href="Bmr012.C.words.xml#id(Bmr012.w.4461)..id(Bmr012.w.4470)"/>
   </dialogueact>
   <dialogueact nite:id="Bmr012.C.dialogueact636" starttime="923.97" endtime="930.83" type="s" original-type="s" channel="c2" participant="fe016">
      <nite:child href="Bmr012.C.words.xml#id(Bmr012.w.4471)..id(Bmr012.w.4496)"/>
   </dialogueact>
   <dialogueact nite:id="Bmr012.C.dialogueact637" starttime="931.53" endtime="933.05" type="fh|s" original-type="fh|sj" channel="c2" participant="fe016">
      <nite:child href="Bmr012.C.words.xml#id(Bmr012.w.4498)..id(Bmr012.w.4503)"/>
   </dialogueact>
   <dialogueact nite:id="Bmr012.C.dialogueact638" starttime="933.05" endtime="938.74" type="s" original-type="s" channel="c2" participant="fe016">
      <nite:child href="Bmr012.C.words.xml#id(Bmr012.w.4504)..id(Bmr012.w.4523)"/>
   </dialogueact>
   <dialogueact nite:id="Bmr012.C.dialogueact639" starttime="938.74" endtime="945.83" type="s" original-type="s" channel="c2" participant="fe016">
      <nite:child href="Bmr012.C.words.xml#id(Bmr012.w.4524)..id(Bmr012.w.4551)"/>
   </dialogueact>
   <dialogueact nite:id="Bmr012.C.dialogueact640" starttime="946.45" endtime="947.11" type="s" original-type="sj" channel="c2" participant="fe016">
      <nite:child href="Bmr012.C.words.xml#id(Bmr012.w.4552)..id(Bmr012.w.4556)"/>
   </dialogueact>
   <dialogueact nite:id="Bmr012.C.dialogueact641" starttime="947.8" endtime="948.9" type="fh|s^t1" original-type="fh|s^t1" channel="c2" participant="fe016">
      <nite:child href="Bmr012.C.words.xml#id(Bmr012.w.4557)..id(Bmr012.w.4561)"/>
   </dialogueact>
   <dialogueact nite:id="Bmr012.C.dialogueact642" starttime="948.9" endtime="951.636" type="s" original-type="s" channel="c2" participant="fe016">
      <nite:child href="Bmr012.C.words.xml#id(Bmr012.w.4562)..id(Bmr012.disfmarker.174)"/>
   </dialogueact>
   <dialogueact nite:id="Bmr012.C.dialogueact643" starttime="951.636" endtime="952.326" type="s^t1" original-type="s^t1" channel="c2" participant="fe016">
      <nite:child href="Bmr012.C.words.xml#id(Bmr012.w.4572)..id(Bmr012.w.4574)"/>
   </dialogueact>
   <dialogueact nite:id="Bmr012.C.dialogueact644" starttime="952.886" endtime="953.246" type="fh" original-type="fh" channel="c2" participant="fe016">
      <nite:child href="Bmr012.C.words.xml#id(Bmr012.w.4575)"/>
   </dialogueact>
   <dialogueact nite:id="Bmr012.C.dialogueact645" starttime="956.436" endtime="957.226" type="s^fa" original-type="s^fa" channel="c2" participant="fe016">
      <nite:child href="Bmr012.C.words.xml#id(Bmr012.w.4576)..id(Bmr012.w.4579)"/>
   </dialogueact>
   <dialogueact nite:id="Bmr012.C.dialogueact646" starttime="959.994" endtime="960.584" type="fh|%-" original-type="fh|%-" channel="c2" participant="fe016">
      <nite:child href="Bmr012.C.words.xml#id(Bmr012.w.4580)..id(Bmr012.disfmarker.175)"/>
   </dialogueact>
   <dialogueact nite:id="Bmr012.C.dialogueact649" starttime="961.264" endtime="964.734" type="s^bd" adjacency="32b" original-type="s^bd" channel="c2" participant="fe016">
      <nite:child href="Bmr012.C.words.xml#id(Bmr012.w.4583)..id(Bmr012.w.4594)"/>
   </dialogueact>
   <dialogueact nite:id="Bmr012.C.dialogueact652" starttime="964.734" endtime="966.814" type="s.%--" original-type="s.%--" channel="c2" participant="fe016">
      <nite:child href="Bmr012.C.words.xml#id(Bmr012.w.4595)..id(Bmr012.disfmarker.176)"/>
   </dialogueact>
   <dialogueact nite:id="Bmr012.C.dialogueact653" starttime="966.934" endtime="971.394" type="s" original-type="s" channel="c2" participant="fe016">
      <nite:child href="Bmr012.C.words.xml#id(Bmr012.w.4602)..id(Bmr012.w.4618)"/>
   </dialogueact>
   <dialogueact nite:id="Bmr012.C.dialogueact654" starttime="971.394" endtime="974.194" type="s^rt" original-type="s^rt" channel="c2" participant="fe016">
      <nite:child href="Bmr012.C.words.xml#id(Bmr012.w.4619)..id(Bmr012.w.4640)"/>
   </dialogueact>
   <dialogueact nite:id="Bmr012.C.dialogueact655" starttime="974.194" endtime="975.314" type="s^cs" original-type="s^cs" channel="c2" participant="fe016">
      <nite:child href="Bmr012.C.words.xml#id(Bmr012.w.4641)..id(Bmr012.w.4646)"/>
   </dialogueact>
   <dialogueact nite:id="Bmr012.C.dialogueact656" starttime="975.914" endtime="977.564" type="fh" original-type="fh" channel="c2" participant="fe016">
      <nite:child href="Bmr012.C.words.xml#id(Bmr012.w.4647)..id(Bmr012.w.4648)"/>
   </dialogueact>
   <dialogueact nite:id="Bmr012.C.dialogueact677" starttime="1025.56" endtime="1027.0" type="qr^bu^d.%--" adjacency="36b-2.37a" original-type="qr^bu^d.%--" channel="c2" participant="fe016">
      <nite:child href="Bmr012.C.words.xml#id(Bmr012.w.4797)..id(Bmr012.w.4801)"/>
   </dialogueact>
   <dialogueact nite:id="Bmr012.C.dialogueact683" starttime="1032.85" endtime="1033.66" type="h" original-type="h" channel="c2" participant="fe016">
      <nite:child href="Bmr012.C.words.xml#id(Bmr012.w.4830)..id(Bmr012.w.4832)"/>
   </dialogueact>
   <dialogueact nite:id="Bmr012.C.dialogueact684" starttime="1033.93" endtime="1034.65" type="h" original-type="h" channel="c2" participant="fe016">
      <nite:child href="Bmr012.C.words.xml#id(Bmr012.w.4833)..id(Bmr012.w.4834)"/>
   </dialogueact>
   <dialogueact nite:id="Bmr012.C.dialogueact685" starttime="1034.65" endtime="1036.74" type="s" adjacency="40a" original-type="s" channel="c2" participant="fe016">
      <nite:child href="Bmr012.C.words.xml#id(Bmr012.w.4835)..id(Bmr012.w.4840)"/>
   </dialogueact>
   <dialogueact nite:id="Bmr012.C.dialogueact686" starttime="1037.57" endtime="1038.97" type="%-" original-type="%-" channel="c2" participant="fe016">
      <nite:child href="Bmr012.C.words.xml#id(Bmr012.w.4841)..id(Bmr012.w.4844)"/>
   </dialogueact>
   <dialogueact nite:id="Bmr012.C.dialogueact689" starttime="1038.97" endtime="1040.64" type="qy^bu^d^m^rt" adjacency="41b" original-type="qy^bu^d^m^rt" channel="c2" participant="fe016">
      <nite:child href="Bmr012.C.words.xml#id(Bmr012.w.4866)..id(Bmr012.w.4870)"/>
   </dialogueact>
   <dialogueact nite:id="Bmr012.C.dialogueact692" starttime="1042.59" endtime="1045.77" type="fg|s" original-type="fg|s" channel="c2" participant="fe016">
      <nite:child href="Bmr012.C.words.xml#id(Bmr012.w.4880)..id(Bmr012.w.4892)"/>
   </dialogueact>
   <dialogueact nite:id="Bmr012.C.dialogueact695" starttime="1046.19" endtime="1050.2" type="s.%--" original-type="s.%--" channel="c2" participant="fe016">
      <nite:child href="Bmr012.C.words.xml#id(Bmr012.w.4893)..id(Bmr012.disfmarker.193)"/>
   </dialogueact>
   <dialogueact nite:id="Bmr012.C.dialogueact696" starttime="1050.2" endtime="1051.27" type="s" original-type="s" channel="c2" participant="fe016">
      <nite:child href="Bmr012.C.words.xml#id(Bmr012.w.4909)..id(Bmr012.w.4914)"/>
   </dialogueact>
   <dialogueact nite:id="Bmr012.C.dialogueact698" starttime="1052.75" endtime="1053.41" type="b" original-type="b" channel="c2" participant="fe016">
      <nite:child href="Bmr012.C.words.xml#id(Bmr012.w.4941)..id(Bmr012.w.4943)"/>
   </dialogueact>
   <dialogueact nite:id="Bmr012.C.dialogueact701" starttime="1054.89" endtime="1055.52" type="b" original-type="b" channel="c2" participant="fe016">
      <nite:child href="Bmr012.C.words.xml#id(Bmr012.w.4976)..id(Bmr012.w.4978)"/>
   </dialogueact>
   <dialogueact nite:id="Bmr012.C.dialogueact710" starttime="1078.16" endtime="1078.82" type="s^aa" adjacency="44b" original-type="s^aa" channel="c2" participant="fe016">
      <nite:child href="Bmr012.C.words.xml#id(Bmr012.w.5086)..id(Bmr012.w.5089)"/>
   </dialogueact>
   <dialogueact nite:id="Bmr012.C.dialogueact726" starttime="1106.5" endtime="1109.6" type="fg|s^na" adjacency="45b" original-type="fg|s^na" channel="c2" participant="fe016">
      <nite:child href="Bmr012.C.words.xml#id(Bmr012.w.5193)..id(Bmr012.w.5203)"/>
   </dialogueact>
   <dialogueact nite:id="Bmr012.C.dialogueact731" starttime="1114.37" endtime="1115.04" type="s" original-type="s" channel="c2" participant="fe016">
      <nite:child href="Bmr012.C.words.xml#id(Bmr012.w.5245)..id(Bmr012.w.5248)"/>
   </dialogueact>
   <dialogueact nite:id="Bmr012.C.dialogueact747" starttime="1157.32" endtime="1158.47" type="%-" original-type="%-" channel="c2" participant="fe016">
      <nite:child href="Bmr012.C.words.xml#id(Bmr012.w.5393)..id(Bmr012.w.5396)"/>
   </dialogueact>
   <dialogueact nite:id="Bmr012.C.dialogueact749" starttime="1158.6" endtime="1159.02" type="b" original-type="b" channel="c2" participant="fe016">
      <nite:child href="Bmr012.C.words.xml#id(Bmr012.w.5397)..id(Bmr012.w.5398)"/>
   </dialogueact>
   <dialogueact nite:id="Bmr012.C.dialogueact753" starttime="1162.28" endtime="1163.18" type="s" adjacency="53a" original-type="s" channel="c2" participant="fe016">
      <nite:child href="Bmr012.C.words.xml#id(Bmr012.w.5419)..id(Bmr012.w.5423)"/>
   </dialogueact>
   <dialogueact nite:id="Bmr012.C.dialogueact756" starttime="1163.88" endtime="1164.83" type="s^bsc^na" adjacency="54b" original-type="s^bsc^na" channel="c2" participant="fe016">
      <nite:child href="Bmr012.C.words.xml#id(Bmr012.w.5436)..id(Bmr012.w.5440)"/>
   </dialogueact>
   <dialogueact nite:id="Bmr012.C.dialogueact757" starttime="1164.83" endtime="1165.79" type="s^aap^df" adjacency="54b+" original-type="s^aap^df" channel="c2" participant="fe016">
      <nite:child href="Bmr012.C.words.xml#id(Bmr012.w.5441)..id(Bmr012.w.5445)"/>
   </dialogueact>
   <dialogueact nite:id="Bmr012.C.dialogueact758" starttime="1165.79" endtime="1166.61" type="s" adjacency="55a" original-type="s" channel="c2" participant="fe016">
      <nite:child href="Bmr012.C.words.xml#id(Bmr012.w.5446)..id(Bmr012.w.5451)"/>
   </dialogueact>
   <dialogueact nite:id="Bmr012.C.dialogueact762" starttime="1173.04" endtime="1176.33" type="s" adjacency="56b" original-type="s" channel="c2" participant="fe016">
      <nite:child href="Bmr012.C.words.xml#id(Bmr012.w.5485)..id(Bmr012.w.5521)"/>
   </dialogueact>
   <dialogueact nite:id="Bmr012.C.dialogueact765" starttime="1177.48" endtime="1177.71" type="b" original-type="b" channel="c2" participant="fe016">
      <nite:child href="Bmr012.C.words.xml#id(Bmr012.w.5522)..id(Bmr012.w.5523)"/>
   </dialogueact>
   <dialogueact nite:id="Bmr012.C.dialogueact769" starttime="1183.07" endtime="1183.68" type="s^cs" original-type="s^cs" channel="c2" participant="fe016">
      <nite:child href="Bmr012.C.words.xml#id(Bmr012.w.5536)..id(Bmr012.w.5540)"/>
   </dialogueact>
   <dialogueact nite:id="Bmr012.C.dialogueact770" starttime="1183.68" endtime="1185.71" type="s.%-" original-type="s.%-" channel="c2" participant="fe016">
      <nite:child href="Bmr012.C.words.xml#id(Bmr012.w.5541)..id(Bmr012.w.5549)"/>
   </dialogueact>
   <dialogueact nite:id="Bmr012.C.dialogueact773" starttime="1186.46" endtime="1186.84" type="b" original-type="b" channel="c2" participant="fe016">
      <nite:child href="Bmr012.C.words.xml#id(Bmr012.w.5568)"/>
   </dialogueact>
   <dialogueact nite:id="Bmr012.C.dialogueact778" starttime="1191.84" endtime="1193.2" type="s" adjacency="59a" original-type="s" channel="c2" participant="fe016">
      <nite:child href="Bmr012.C.words.xml#id(Bmr012.w.5586)..id(Bmr012.w.5593)"/>
   </dialogueact>
   <dialogueact nite:id="Bmr012.C.dialogueact779" starttime="1193.2" endtime="1195.38" type="s.%-" original-type="s.%-" channel="c2" participant="fe016">
      <nite:child href="Bmr012.C.words.xml#id(Bmr012.w.5594)..id(Bmr012.w.5602)"/>
   </dialogueact>
   <dialogueact nite:id="Bmr012.C.dialogueact782" starttime="1197.54" endtime="1200.7" type="s^cs" adjacency="1a" original-type="s^cs" channel="c2" participant="fe016">
      <nite:child href="Bmr012.C.words.xml#id(Bmr012.w.5617)..id(Bmr012.w.5631)"/>
   </dialogueact>
   <dialogueact nite:id="Bmr012.C.dialogueact784" starttime="1200.7" endtime="1201.38" type="%-" original-type="%-" channel="c2" participant="fe016">
      <nite:child href="Bmr012.C.words.xml#id(Bmr012.w.5632)..id(Bmr012.disfmarker.220)"/>
   </dialogueact>
   <dialogueact nite:id="Bmr012.C.dialogueact787" starttime="1204.02" endtime="1204.3" type="s^aa" adjacency="2b" original-type="s^aa" channel="c2" participant="fe016">
      <nite:child href="Bmr012.C.words.xml#id(Bmr012.w.5681)..id(Bmr012.w.5682)"/>
   </dialogueact>
   <dialogueact nite:id="Bmr012.C.dialogueact791" starttime="1205.3" endtime="1206.03" type="s^cs" adjacency="2b+" original-type="s^cs" channel="c2" participant="fe016">
      <nite:child href="Bmr012.C.words.xml#id(Bmr012.w.5683)..id(Bmr012.w.5687)"/>
   </dialogueact>
   <dialogueact nite:id="Bmr012.C.dialogueact798" starttime="1220.66" endtime="1222.04" type="s" adjacency="4b" original-type="s" channel="c2" participant="fe016">
      <nite:child href="Bmr012.C.words.xml#id(Bmr012.w.5737)..id(Bmr012.w.5743)"/>
   </dialogueact>
   <dialogueact nite:id="Bmr012.C.dialogueact800" starttime="1222.04" endtime="1222.69" type="%--" original-type="%--" channel="c2" participant="fe016">
      <nite:child href="Bmr012.C.words.xml#id(Bmr012.w.5744)..id(Bmr012.disfmarker.228)"/>
   </dialogueact>
   <dialogueact nite:id="Bmr012.C.dialogueact813" starttime="1237.2" endtime="1242.38" type="s^cs" adjacency="9a" original-type="s^cs" channel="c2" participant="fe016">
      <nite:child href="Bmr012.C.words.xml#id(Bmr012.w.5826)..id(Bmr012.w.5847)"/>
   </dialogueact>
   <dialogueact nite:id="Bmr012.C.dialogueact823" starttime="1265.27" endtime="1268.9" type="fg|s^nd" adjacency="11b.12a" original-type="fg|s^nd" channel="c2" participant="fe016">
      <nite:child href="Bmr012.C.words.xml#id(Bmr012.w.5934)..id(Bmr012.w.5948)"/>
   </dialogueact>
   <dialogueact nite:id="Bmr012.C.dialogueact825" starttime="1268.9" endtime="1272.08" type="s" original-type="s" channel="c2" participant="fe016">
      <nite:child href="Bmr012.C.words.xml#id(Bmr012.w.5949)..id(Bmr012.w.5959)"/>
   </dialogueact>
   <dialogueact nite:id="Bmr012.C.dialogueact827" starttime="1272.13" endtime="1272.31" type="fh" original-type="fh" channel="c2" participant="fe016">
      <nite:child href="Bmr012.C.words.xml#id(Bmr012.w.5960)"/>
   </dialogueact>
   <dialogueact nite:id="Bmr012.C.dialogueact830" starttime="1282.61" endtime="1283.2" type="s^cs" original-type="s^cs" channel="c2" participant="fe016">
      <nite:child href="Bmr012.C.words.xml#id(Bmr012.w.5985)..id(Bmr012.w.5989)"/>
   </dialogueact>
   <dialogueact nite:id="Bmr012.C.dialogueact833" starttime="1284.03" endtime="1284.78" type="s" original-type="sj" channel="c2" participant="fe016">
      <nite:child href="Bmr012.C.words.xml#id(Bmr012.w.5990)..id(Bmr012.w.5992)"/>
   </dialogueact>
   <dialogueact nite:id="Bmr012.C.dialogueact836" starttime="1285.73" endtime="1286.46" type="fh" original-type="fh" channel="c2" participant="fe016">
      <nite:child href="Bmr012.C.words.xml#id(Bmr012.w.6024)"/>
   </dialogueact>
   <dialogueact nite:id="Bmr012.C.dialogueact845" starttime="1303.19" endtime="1308.09" type="s^cs" adjacency="17a" original-type="s^cs" channel="c2" participant="fe016">
      <nite:child href="Bmr012.C.words.xml#id(Bmr012.w.6084)..id(Bmr012.w.6106)"/>
   </dialogueact>
   <dialogueact nite:id="Bmr012.C.dialogueact846" starttime="1308.09" endtime="1310.23" type="s^cs" adjacency="17a+" original-type="s^cs" channel="c2" participant="fe016">
      <nite:child href="Bmr012.C.words.xml#id(Bmr012.w.6107)..id(Bmr012.w.6112)"/>
   </dialogueact>
   <dialogueact nite:id="Bmr012.C.dialogueact848" starttime="1310.23" endtime="1311.15" type="s^cc.%-" original-type="s^cc.%-" channel="c2" participant="fe016">
      <nite:child href="Bmr012.C.words.xml#id(Bmr012.w.6113)..id(Bmr012.w.6118)"/>
   </dialogueact>
   <dialogueact nite:id="Bmr012.C.dialogueact856" starttime="1323.25" endtime="1323.56" type="s^bk" adjacency="19b" original-type="s^bk" channel="c2" participant="fe016">
      <nite:child href="Bmr012.C.words.xml#id(Bmr012.w.6226)..id(Bmr012.w.6227)"/>
   </dialogueact>
   <dialogueact nite:id="Bmr012.C.dialogueact861" starttime="1328.19" endtime="1328.42" type="s^bk" adjacency="20b" original-type="s^bk" channel="c2" participant="fe016">
      <nite:child href="Bmr012.C.words.xml#id(Bmr012.w.6234)..id(Bmr012.w.6235)"/>
   </dialogueact>
   <dialogueact nite:id="Bmr012.C.dialogueact862" starttime="1329.27" endtime="1329.61" type="s^bk^r" original-type="s^bk^r" channel="c2" participant="fe016">
      <nite:child href="Bmr012.C.words.xml#id(Bmr012.w.6236)..id(Bmr012.w.6237)"/>
   </dialogueact>
   <dialogueact nite:id="Bmr012.C.dialogueact867" starttime="1332.18" endtime="1333.01" type="fg|s.%--" original-type="fg|s.%--" channel="c2" participant="fe016">
      <nite:child href="Bmr012.C.words.xml#id(Bmr012.w.6242)..id(Bmr012.disfmarker.244)"/>
   </dialogueact>
   <dialogueact nite:id="Bmr012.C.dialogueact868" starttime="1333.01" endtime="1336.02" type="s" original-type="s" channel="c2" participant="fe016">
      <nite:child href="Bmr012.C.words.xml#id(Bmr012.w.6247)..id(Bmr012.w.6257)"/>
   </dialogueact>
   <dialogueact nite:id="Bmr012.C.dialogueact869" starttime="1336.02" endtime="1337.3" type="s" original-type="s" channel="c2" participant="fe016">
      <nite:child href="Bmr012.C.words.xml#id(Bmr012.w.6258)..id(Bmr012.w.6262)"/>
   </dialogueact>
   <dialogueact nite:id="Bmr012.C.dialogueact870" starttime="1337.3" endtime="1337.71" type="%--" original-type="%--" channel="c2" participant="fe016">
      <nite:child href="Bmr012.C.words.xml#id(Bmr012.w.6263)..id(Bmr012.disfmarker.246)"/>
   </dialogueact>
   <dialogueact nite:id="Bmr012.C.dialogueact871" starttime="1338.99" endtime="1341.06" type="s" original-type="s" channel="c2" participant="fe016">
      <nite:child href="Bmr012.C.words.xml#id(Bmr012.w.6266)..id(Bmr012.w.6273)"/>
   </dialogueact>
   <dialogueact nite:id="Bmr012.C.dialogueact887" starttime="1360.11" endtime="1361.78" type="s" adjacency="23b-3" original-type="s" channel="c2" participant="fe016">
      <nite:child href="Bmr012.C.words.xml#id(Bmr012.w.6376)..id(Bmr012.w.6384)"/>
   </dialogueact>
   <dialogueact nite:id="Bmr012.C.dialogueact891" starttime="1361.78" endtime="1362.67" type="s" adjacency="23b-3+.24a" original-type="s" channel="c2" participant="fe016">
      <nite:child href="Bmr012.C.words.xml#id(Bmr012.w.6385)..id(Bmr012.w.6391)"/>
   </dialogueact>
   <dialogueact nite:id="Bmr012.C.dialogueact894" starttime="1363.41" endtime="1366.47" type="qy^j" original-type="qy^j" channel="c2" participant="fe016">
      <nite:child href="Bmr012.C.words.xml#id(Bmr012.w.6392)..id(Bmr012.w.6402)"/>
   </dialogueact>
   <dialogueact nite:id="Bmr012.C.dialogueact896" starttime="1367.6" endtime="1367.94" type="s^bk" adjacency="25b" original-type="s^bk" channel="c2" participant="fe016">
      <nite:child href="Bmr012.C.words.xml#id(Bmr012.w.6439)..id(Bmr012.w.6440)"/>
   </dialogueact>
   <dialogueact nite:id="Bmr012.C.dialogueact899" starttime="1368.96" endtime="1370.99" comment="FBH" type="s^fe" original-type="sj^fe" channel="c2" participant="fe016">
      <nite:child href="Bmr012.C.words.xml#id(Bmr012.w.6443)..id(Bmr012.w.6451)"/>
   </dialogueact>
   <dialogueact nite:id="Bmr012.C.dialogueact921" starttime="1394.47" endtime="1404.65" type="s^cs" adjacency="32a" original-type="s^cs" channel="c2" participant="fe016">
      <nite:child href="Bmr012.C.words.xml#id(Bmr012.w.6582)..id(Bmr012.w.6610)"/>
   </dialogueact>
   <dialogueact nite:id="Bmr012.C.dialogueact924" starttime="1404.65" endtime="1404.83" type="qy^d^g.%" original-type="qy^d^g.%" channel="c2" participant="fe016">
      <nite:child href="Bmr012.C.words.xml#id(Bmr012.w.6611)..id(Bmr012.w.6612)"/>
   </dialogueact>
   <dialogueact nite:id="Bmr012.C.dialogueact926" starttime="1406.16" endtime="1407.62" type="s" adjacency="34a" original-type="s" channel="c2" participant="fe016">
      <nite:child href="Bmr012.C.words.xml#id(Bmr012.w.6621)..id(Bmr012.w.6630)"/>
   </dialogueact>
   <dialogueact nite:id="Bmr012.C.dialogueact930" starttime="1415.43" endtime="1415.68" type="b" original-type="b" channel="c2" participant="fe016">
      <nite:child href="Bmr012.C.words.xml#id(Bmr012.w.6687)"/>
   </dialogueact>
   <dialogueact nite:id="Bmr012.C.dialogueact933" starttime="1415.78" endtime="1416.54" type="s^cs" original-type="s^cs" channel="c2" participant="fe016">
      <nite:child href="Bmr012.C.words.xml#id(Bmr012.w.6688)..id(Bmr012.w.6693)"/>
   </dialogueact>
   <dialogueact nite:id="Bmr012.C.dialogueact936" starttime="1418.73" endtime="1419.01" type="fg" original-type="fg" channel="c2" participant="fe016">
      <nite:child href="Bmr012.C.words.xml#id(Bmr012.w.6713)..id(Bmr012.w.6714)"/>
   </dialogueact>
   <dialogueact nite:id="Bmr012.C.dialogueact937" starttime="1420.72" endtime="1420.95" type="b" original-type="b" channel="c2" participant="fe016">
      <nite:child href="Bmr012.C.words.xml#id(Bmr012.w.6715)..id(Bmr012.w.6716)"/>
   </dialogueact>
   <dialogueact nite:id="Bmr012.C.dialogueact940" starttime="1422.95" endtime="1423.09" type="fg" original-type="fg" channel="c2" participant="fe016">
      <nite:child href="Bmr012.C.words.xml#id(Bmr012.w.6722)..id(Bmr012.w.6723)"/>
   </dialogueact>
   <dialogueact nite:id="Bmr012.C.dialogueact941" starttime="1423.09" endtime="1427.27" type="s^tc.%--" original-type="s^tc.%--" channel="c2" participant="fe016">
      <nite:child href="Bmr012.C.words.xml#id(Bmr012.w.6724)..id(Bmr012.w.6742)"/>
   </dialogueact>
   <dialogueact nite:id="Bmr012.C.dialogueact942" starttime="1427.27" endtime="1427.67" type="fh" original-type="fh" channel="c2" participant="fe016">
      <nite:child href="Bmr012.C.words.xml#id(Bmr012.w.6743)"/>
   </dialogueact>
   <dialogueact nite:id="Bmr012.C.dialogueact943" starttime="1428.42" endtime="1430.63" type="s" original-type="s" channel="c2" participant="fe016">
      <nite:child href="Bmr012.C.words.xml#id(Bmr012.w.6744)..id(Bmr012.w.6750)"/>
   </dialogueact>
   <dialogueact nite:id="Bmr012.C.dialogueact944" starttime="1430.67" endtime="1431.32" type="fh" original-type="fh" channel="c2" participant="fe016">
      <nite:child href="Bmr012.C.words.xml#id(Bmr012.w.6751)..id(Bmr012.w.6752)"/>
   </dialogueact>
   <dialogueact nite:id="Bmr012.C.dialogueact945" starttime="1431.59" endtime="1432.53" type="s" original-type="s" channel="c2" participant="fe016">
      <nite:child href="Bmr012.C.words.xml#id(Bmr012.w.6753)..id(Bmr012.w.6755)"/>
   </dialogueact>
   <dialogueact nite:id="Bmr012.C.dialogueact946" starttime="1432.99" endtime="1433.9" type="fh|s.%--" original-type="fh|s.%--" channel="c2" participant="fe016">
      <nite:child href="Bmr012.C.words.xml#id(Bmr012.w.6756)..id(Bmr012.disfmarker.269)"/>
   </dialogueact>
   <dialogueact nite:id="Bmr012.C.dialogueact947" starttime="1434.26" endtime="1438.45" type="s" original-type="s" channel="c2" participant="fe016">
      <nite:child href="Bmr012.C.words.xml#id(Bmr012.w.6759)..id(Bmr012.w.6774)"/>
   </dialogueact>
   <dialogueact nite:id="Bmr012.C.dialogueact948" starttime="1438.45" endtime="1440.36" type="s" adjacency="36a" original-type="s" channel="c2" participant="fe016">
      <nite:child href="Bmr012.C.words.xml#id(Bmr012.w.6775)..id(Bmr012.w.6784)"/>
   </dialogueact>
   <dialogueact nite:id="Bmr012.C.dialogueact949" starttime="1440.36" endtime="1445.77" type="s.%-" adjacency="36a+" original-type="s.%-" channel="c2" participant="fe016">
      <nite:child href="Bmr012.C.words.xml#id(Bmr012.w.6785)..id(Bmr012.w.6797)"/>
   </dialogueact>
   <dialogueact nite:id="Bmr012.C.dialogueact951" starttime="1447.28" endtime="1448.33" type="fg|s.%--" original-type="fg|s.%--" channel="c2" participant="fe016">
      <nite:child href="Bmr012.C.words.xml#id(Bmr012.w.6803)..id(Bmr012.disfmarker.271)"/>
   </dialogueact>
   <dialogueact nite:id="Bmr012.C.dialogueact952" starttime="1448.45" endtime="1450.26" type="s" original-type="s" channel="c2" participant="fe016">
      <nite:child href="Bmr012.C.words.xml#id(Bmr012.w.6808)..id(Bmr012.w.6814)"/>
   </dialogueact>
   <dialogueact nite:id="Bmr012.C.dialogueact953" starttime="1450.26" endtime="1453.36" type="s" adjacency="37a" original-type="s" channel="c2" participant="fe016">
      <nite:child href="Bmr012.C.words.xml#id(Bmr012.w.6815)..id(Bmr012.w.6826)"/>
   </dialogueact>
   <dialogueact nite:id="Bmr012.C.dialogueact954" starttime="1453.59" endtime="1454.59" type="s" original-type="sj" channel="c2" participant="fe016">
      <nite:child href="Bmr012.C.words.xml#id(Bmr012.w.6827)..id(Bmr012.w.6831)"/>
   </dialogueact>
   <dialogueact nite:id="Bmr012.C.dialogueact956" starttime="1454.96" endtime="1457.01" type="s" original-type="s" channel="c2" participant="fe016">
      <nite:child href="Bmr012.C.words.xml#id(Bmr012.w.6832)..id(Bmr012.w.6840)"/>
   </dialogueact>
   <dialogueact nite:id="Bmr012.C.dialogueact957" starttime="1457.99" endtime="1459.87" type="fh|s" original-type="fh|s" channel="c2" participant="fe016">
      <nite:child href="Bmr012.C.words.xml#id(Bmr012.w.6844)..id(Bmr012.w.6851)"/>
   </dialogueact>
   <dialogueact nite:id="Bmr012.C.dialogueact958" starttime="1459.87" endtime="1473.74" type="s^cs" original-type="s^cs" channel="c2" participant="fe016">
      <nite:child href="Bmr012.C.words.xml#id(Bmr012.w.6852)..id(Bmr012.w.6895)"/>
   </dialogueact>
   <dialogueact nite:id="Bmr012.C.dialogueact959" starttime="1474.28" endtime="1481.89" type="s^cs" original-type="s^cs" channel="c2" participant="fe016">
      <nite:child href="Bmr012.C.words.xml#id(Bmr012.w.6896)..id(Bmr012.w.6922)"/>
   </dialogueact>
   <dialogueact nite:id="Bmr012.C.dialogueact960" starttime="1481.89" endtime="1485.76" type="s^cs" original-type="s^cs" channel="c2" participant="fe016">
      <nite:child href="Bmr012.C.words.xml#id(Bmr012.w.6923)..id(Bmr012.w.6935)"/>
   </dialogueact>
   <dialogueact nite:id="Bmr012.C.dialogueact961" starttime="1485.76" endtime="1488.55" type="s^cs.%-" original-type="s^cs.%-" channel="c2" participant="fe016">
      <nite:child href="Bmr012.C.words.xml#id(Bmr012.w.6936)..id(Bmr012.w.6944)"/>
   </dialogueact>
   <dialogueact nite:id="Bmr012.C.dialogueact965" starttime="1491.37" endtime="1498.04" type="s.%--" original-type="s.%--" channel="c2" participant="fe016">
      <nite:child href="Bmr012.C.words.xml#id(Bmr012.w.6969)..id(Bmr012.w.6994)"/>
   </dialogueact>
   <dialogueact nite:id="Bmr012.C.dialogueact966" starttime="1498.49" endtime="1501.54" type="fh|s" original-type="fh|s" channel="c2" participant="fe016">
      <nite:child href="Bmr012.C.words.xml#id(Bmr012.w.6995)..id(Bmr012.w.7004)"/>
   </dialogueact>
   <dialogueact nite:id="Bmr012.C.dialogueact967" starttime="1501.54" endtime="1509.21" type="qy" original-type="qy" channel="c2" participant="fe016">
      <nite:child href="Bmr012.C.words.xml#id(Bmr012.w.7005)..id(Bmr012.w.7032)"/>
   </dialogueact>
   <dialogueact nite:id="Bmr012.C.dialogueact969" starttime="1509.21" endtime="1510.76" type="s" adjacency="40a" original-type="s" channel="c2" participant="fe016">
      <nite:child href="Bmr012.C.words.xml#id(Bmr012.w.7033)..id(Bmr012.w.7040)"/>
   </dialogueact>
   <dialogueact nite:id="Bmr012.C.dialogueact970" starttime="1510.76" endtime="1514.24" type="s^cs.%-" adjacency="40a+" original-type="s^cs.%-" channel="c2" participant="fe016">
      <nite:child href="Bmr012.C.words.xml#id(Bmr012.w.7041)..id(Bmr012.disfmarker.278)"/>
   </dialogueact>
   <dialogueact nite:id="Bmr012.C.dialogueact975" starttime="1517.99" endtime="1518.68" type="s^ba" adjacency="41b-2" original-type="sj^ba" channel="c2" participant="fe016">
      <nite:child href="Bmr012.C.words.xml#id(Bmr012.w.7098)..id(Bmr012.w.7102)"/>
   </dialogueact>
   <dialogueact nite:id="Bmr012.C.dialogueact978" starttime="1519.3" endtime="1519.75" type="s^ba^r" adjacency="41b-2+" original-type="sj^ba^r" channel="c2" participant="fe016">
      <nite:child href="Bmr012.C.words.xml#id(Bmr012.w.7103)..id(Bmr012.w.7106)"/>
   </dialogueact>
   <dialogueact nite:id="Bmr012.C.dialogueact1031" starttime="1619.97" endtime="1621.0" type="qy^bu^d^rt" adjacency="50b.51a" original-type="qy^bu^d^rt" channel="c2" participant="fe016">
      <nite:child href="Bmr012.C.words.xml#id(Bmr012.w.7543)..id(Bmr012.w.7546)"/>
   </dialogueact>
   <dialogueact nite:id="Bmr012.C.dialogueact1032" starttime="1621.33" endtime="1623.3" type="qy^bsc^bu^d^rt" adjacency="50b+.51a+" original-type="qy^bsc^bu^d^rt" channel="c2" participant="fe016">
      <nite:child href="Bmr012.C.words.xml#id(Bmr012.w.7547)..id(Bmr012.w.7556)"/>
   </dialogueact>
   <dialogueact nite:id="Bmr012.C.dialogueact1034" starttime="1623.96" endtime="1624.38" comment="FBH" type="s^fe" adjacency="52b" original-type="sj^fe" channel="c2" participant="fe016">
      <nite:child href="Bmr012.C.words.xml#id(Bmr012.w.7562)..id(Bmr012.w.7563)"/>
   </dialogueact>
   <dialogueact nite:id="Bmr012.C.dialogueact1073" starttime="1725.48" endtime="1726.22" type="s" original-type="s" channel="c2" participant="fe016">
      <nite:child href="Bmr012.C.words.xml#id(Bmr012.w.7951)..id(Bmr012.w.7952)"/>
   </dialogueact>
   <dialogueact nite:id="Bmr012.C.dialogueact1076" starttime="1728.42" endtime="1730.84" type="s" adjacency="65a" original-type="sj" channel="c2" participant="fe016">
      <nite:child href="Bmr012.C.words.xml#id(Bmr012.w.7957)..id(Bmr012.w.7965)"/>
   </dialogueact>
   <dialogueact nite:id="Bmr012.C.dialogueact1077" starttime="1730.84" endtime="1731.87" type="s.%-" adjacency="66a" original-type="s.%-" channel="c2" participant="fe016">
      <nite:child href="Bmr012.C.words.xml#id(Bmr012.w.7966)..id(Bmr012.w.7970)"/>
   </dialogueact>
   <dialogueact nite:id="Bmr012.C.dialogueact1081" starttime="1734.4" endtime="1736.24" type="s^cs^j.%-" original-type="s^cs^j.%-" channel="c2" participant="fe016">
      <nite:child href="Bmr012.C.words.xml#id(Bmr012.w.7985)..id(Bmr012.w.7990)"/>
   </dialogueact>
   <dialogueact nite:id="Bmr012.C.dialogueact1089" starttime="1745.3" endtime="1746.94" comment="FBH" type="s" adjacency="69a" original-type="sj" channel="c2" participant="fe016">
      <nite:child href="Bmr012.C.words.xml#id(Bmr012.w.8072)..id(Bmr012.w.8081)"/>
   </dialogueact>
   <dialogueact nite:id="Bmr012.C.dialogueact1106" starttime="1765.51" endtime="1766.74" type="qy^rt" adjacency="74a" original-type="qy^rt" channel="c2" participant="fe016">
      <nite:child href="Bmr012.C.words.xml#id(Bmr012.w.8157)..id(Bmr012.w.8164)"/>
   </dialogueact>
   <dialogueact nite:id="Bmr012.C.dialogueact1109" starttime="1767.17" endtime="1778.71" type="qy^cs.%-" adjacency="75a" original-type="qy^cs.%-" channel="c2" participant="fe016">
      <nite:child href="Bmr012.C.words.xml#id(Bmr012.w.8169)..id(Bmr012.disfmarker.315)"/>
   </dialogueact>
   <dialogueact nite:id="Bmr012.C.dialogueact1110" starttime="1779.03" endtime="1779.37" type="fh" original-type="fh" channel="c2" participant="fe016">
      <nite:child href="Bmr012.C.words.xml#id(Bmr012.w.8204)..id(Bmr012.disfmarker.316)"/>
   </dialogueact>
   <dialogueact nite:id="Bmr012.C.dialogueact1114" starttime="1782.93" endtime="1783.85" type="s.%-" original-type="s.%-" channel="c2" participant="fe016">
      <nite:child href="Bmr012.C.words.xml#id(Bmr012.w.8227)..id(Bmr012.disfmarker.317)"/>
   </dialogueact>
   <dialogueact nite:id="Bmr012.C.dialogueact1119" starttime="1785.1" endtime="1785.77" type="fg" original-type="fg" channel="c2" participant="fe016">
      <nite:child href="Bmr012.C.words.xml#id(Bmr012.w.8264)..id(Bmr012.disfmarker.318)"/>
   </dialogueact>
   <dialogueact nite:id="Bmr012.C.dialogueact1121" starttime="1786.48" endtime="1790.08" type="s^df" adjacency="75b" original-type="s^df" channel="c2" participant="fe016">
      <nite:child href="Bmr012.C.words.xml#id(Bmr012.w.8269)..id(Bmr012.w.8285)"/>
   </dialogueact>
   <dialogueact nite:id="Bmr012.C.dialogueact1125" starttime="1790.81" endtime="1793.71" type="fh|qy^d^rt" adjacency="76a" original-type="fh|qy^d^rt" channel="c2" participant="fe016">
      <nite:child href="Bmr012.C.words.xml#id(Bmr012.w.8292)..id(Bmr012.w.8299)"/>
   </dialogueact>
   <dialogueact nite:id="Bmr012.C.dialogueact1128" starttime="1793.79" endtime="1795.95" type="s" original-type="s" channel="c2" participant="fe016">
      <nite:child href="Bmr012.C.words.xml#id(Bmr012.w.8300)..id(Bmr012.w.8309)"/>
   </dialogueact>
   <dialogueact nite:id="Bmr012.C.dialogueact1134" starttime="1798.94" endtime="1802.4" type="fg|s" original-type="fg|s" channel="c2" participant="fe016">
      <nite:child href="Bmr012.C.words.xml#id(Bmr012.w.8354)..id(Bmr012.w.8366)"/>
   </dialogueact>
   <dialogueact nite:id="Bmr012.C.dialogueact1145" starttime="1814.66" endtime="1817.02" type="fg|s.%-" original-type="fg|s.%-" channel="c2" participant="fe016">
      <nite:child href="Bmr012.C.words.xml#id(Bmr012.w.8418)..id(Bmr012.w.8427)"/>
   </dialogueact>
   <dialogueact nite:id="Bmr012.C.dialogueact1152" starttime="1820.28" endtime="1821.28" type="s^ar|s^ng" adjacency="4b-2" original-type="s^ar|s^ng" channel="c2" participant="fe016">
      <nite:child href="Bmr012.C.words.xml#id(Bmr012.w.8454)..id(Bmr012.w.8458)"/>
   </dialogueact>
   <dialogueact nite:id="Bmr012.C.dialogueact1158" starttime="1825.33" endtime="1825.94" type="s^no" adjacency="6b-2" original-type="s^no" channel="c2" participant="fe016">
      <nite:child href="Bmr012.C.words.xml#id(Bmr012.w.8484)..id(Bmr012.w.8486)"/>
   </dialogueact>
   <dialogueact nite:id="Bmr012.C.dialogueact1159" starttime="1825.94" endtime="1828.48" type="s" adjacency="6b-2+.8a" original-type="s" channel="c2" participant="fe016">
      <nite:child href="Bmr012.C.words.xml#id(Bmr012.w.8487)..id(Bmr012.w.8497)"/>
   </dialogueact>
   <dialogueact nite:id="Bmr012.C.dialogueact1166" starttime="1839.98" endtime="1840.36" type="b" original-type="b" channel="c2" participant="fe016">
      <nite:child href="Bmr012.C.words.xml#id(Bmr012.w.8562)..id(Bmr012.w.8563)"/>
   </dialogueact>
   <dialogueact nite:id="Bmr012.C.dialogueact1168" starttime="1841.2" endtime="1844.45" type="fg|s" adjacency="9a" original-type="fg|sj" channel="c2" participant="fe016">
      <nite:child href="Bmr012.C.words.xml#id(Bmr012.w.8564)..id(Bmr012.w.8577)"/>
   </dialogueact>
   <dialogueact nite:id="Bmr012.C.dialogueact1185" starttime="1860.48" endtime="1864.69" type="s^aa|s^cs" adjacency="16b.17a" original-type="s^aa|s^cs" channel="c2" participant="fe016">
      <nite:child href="Bmr012.C.words.xml#id(Bmr012.w.8681)..id(Bmr012.w.8695)"/>
   </dialogueact>
   <dialogueact nite:id="Bmr012.C.dialogueact1196" starttime="1874.38" endtime="1874.66" type="b" original-type="b" channel="c2" participant="fe016">
      <nite:child href="Bmr012.C.words.xml#id(Bmr012.w.8765)..id(Bmr012.w.8766)"/>
   </dialogueact>
   <dialogueact nite:id="Bmr012.C.dialogueact1213" starttime="1891.56" endtime="1900.88" type="fg|s" original-type="fg|s" channel="c2" participant="fe016">
      <nite:child href="Bmr012.C.words.xml#id(Bmr012.w.8871)..id(Bmr012.disfmarker.342)"/>
   </dialogueact>
   <dialogueact nite:id="Bmr012.C.dialogueact1216" starttime="1900.88" endtime="1904.31" type="s" original-type="s" channel="c2" participant="fe016">
      <nite:child href="Bmr012.C.words.xml#id(Bmr012.w.8911)..id(Bmr012.w.8924)"/>
   </dialogueact>
   <dialogueact nite:id="Bmr012.C.dialogueact1217" starttime="1904.31" endtime="1904.43" type="fh" original-type="fh" channel="c2" participant="fe016">
      <nite:child href="Bmr012.C.words.xml#id(Bmr012.w.8925)"/>
   </dialogueact>
   <dialogueact nite:id="Bmr012.C.dialogueact1232" starttime="1933.81" endtime="1934.53" type="s^ba" adjacency="25b-1" original-type="sj^ba" channel="c2" participant="fe016">
      <nite:child href="Bmr012.C.words.xml#id(Bmr012.w.9049)..id(Bmr012.disfmarker.346)"/>
   </dialogueact>
   <dialogueact nite:id="Bmr012.C.dialogueact1236" starttime="1934.77" endtime="1938.1" type="s" original-type="s" channel="c2" participant="fe016">
      <nite:child href="Bmr012.C.words.xml#id(Bmr012.w.9053)..id(Bmr012.w.9070)"/>
   </dialogueact>
   <dialogueact nite:id="Bmr012.C.dialogueact1239" starttime="1938.1" endtime="1939.12" type="s^ba^r" adjacency="25b-1+.26a" original-type="sj^ba^r" channel="c2" participant="fe016">
      <nite:child href="Bmr012.C.words.xml#id(Bmr012.w.9071)..id(Bmr012.w.9075)"/>
   </dialogueact>
   <dialogueact nite:id="Bmr012.C.dialogueact1241" starttime="1940.21" endtime="1940.75" type="s^ba^r" adjacency="27a" original-type="sj^ba^r" channel="c2" participant="fe016">
      <nite:child href="Bmr012.C.words.xml#id(Bmr012.w.9098)..id(Bmr012.w.9102)"/>
   </dialogueact>
   <dialogueact nite:id="Bmr012.C.dialogueact1245" starttime="1948.02" endtime="1949.15" type="s^ba" adjacency="28b-1" original-type="sj^ba" channel="c2" participant="fe016">
      <nite:child href="Bmr012.C.words.xml#id(Bmr012.w.9137)..id(Bmr012.w.9142)"/>
   </dialogueact>
   <dialogueact nite:id="Bmr012.C.dialogueact1250" starttime="1949.59" endtime="1953.68" type="s^ba^r" adjacency="28b-1+" original-type="sj^ba^r" channel="c2" participant="fe016">
      <nite:child href="Bmr012.C.words.xml#id(Bmr012.w.9167)..id(Bmr012.w.9190)"/>
   </dialogueact>
   <dialogueact nite:id="Bmr012.C.dialogueact1254" starttime="1953.84" endtime="1954.6" type="s^ba^r" original-type="sj^ba^r" channel="c2" participant="fe016">
      <nite:child href="Bmr012.C.words.xml#id(Bmr012.w.9191)..id(Bmr012.w.9196)"/>
   </dialogueact>
   <dialogueact nite:id="Bmr012.C.dialogueact1261" starttime="1963.03" endtime="1964.91" type="s^cs" adjacency="30b.31a" original-type="s^cs" channel="c2" participant="fe016">
      <nite:child href="Bmr012.C.words.xml#id(Bmr012.w.9254)..id(Bmr012.w.9261)"/>
   </dialogueact>
   <dialogueact nite:id="Bmr012.C.dialogueact1264" starttime="1965.54" endtime="1966.16" type="%--" original-type="%--" channel="c2" participant="fe016">
      <nite:child href="Bmr012.C.words.xml#id(Bmr012.w.9279)..id(Bmr012.w.9280)"/>
   </dialogueact>
   <dialogueact nite:id="Bmr012.C.dialogueact1268" starttime="1967.38" endtime="1968.64" type="s^ba" adjacency="33b" original-type="sj^ba" channel="c2" participant="fe016">
      <nite:child href="Bmr012.C.words.xml#id(Bmr012.w.9289)..id(Bmr012.w.9293)"/>
   </dialogueact>
   <dialogueact nite:id="Bmr012.C.dialogueact1273" starttime="1980.4" endtime="1981.22" type="s^ba" adjacency="34b-1" original-type="sj^ba" channel="c2" participant="fe016">
      <nite:child href="Bmr012.C.words.xml#id(Bmr012.w.9367)..id(Bmr012.w.9372)"/>
   </dialogueact>
   <dialogueact nite:id="Bmr012.C.dialogueact1276" starttime="1982.45" endtime="1982.87" type="s^ba" original-type="sj^ba" channel="c2" participant="fe016">
      <nite:child href="Bmr012.C.words.xml#id(Bmr012.w.9387)..id(Bmr012.w.9389)"/>
   </dialogueact>
   <dialogueact nite:id="Bmr012.C.dialogueact1282" starttime="1993.86" endtime="1994.22" type="s^aa" adjacency="35b-2" original-type="s^aa" channel="c2" participant="fe016">
      <nite:child href="Bmr012.C.words.xml#id(Bmr012.w.9448)..id(Bmr012.w.9449)"/>
   </dialogueact>
   <dialogueact nite:id="Bmr012.C.dialogueact1288" starttime="1996.77" endtime="2000.54" type="s" original-type="s" channel="c2" participant="fe016">
      <nite:child href="Bmr012.C.words.xml#id(Bmr012.w.9457)..id(Bmr012.w.9475)"/>
   </dialogueact>
   <dialogueact nite:id="Bmr012.C.dialogueact1290" starttime="2000.54" endtime="2001.93" type="s" original-type="s" channel="c2" participant="fe016">
      <nite:child href="Bmr012.C.words.xml#id(Bmr012.w.9476)..id(Bmr012.w.9484)"/>
   </dialogueact>
   <dialogueact nite:id="Bmr012.C.dialogueact1293" starttime="2001.93" endtime="2002.83" type="s" original-type="s" channel="c2" participant="fe016">
      <nite:child href="Bmr012.C.words.xml#id(Bmr012.w.9485)..id(Bmr012.w.9488)"/>
   </dialogueact>
   <dialogueact nite:id="Bmr012.C.dialogueact1296" starttime="2003.79" endtime="2005.15" type="fh|s^ba" original-type="fh|sj^ba" channel="c2" participant="fe016">
      <nite:child href="Bmr012.C.words.xml#id(Bmr012.w.9510)..id(Bmr012.w.9516)"/>
   </dialogueact>
   <dialogueact nite:id="Bmr012.C.dialogueact1299" starttime="2005.15" endtime="2006.58" type="s^fa.%--" adjacency="37a" original-type="sj^fa.%--" channel="c2" participant="fe016">
      <nite:child href="Bmr012.C.words.xml#id(Bmr012.w.9517)..id(Bmr012.w.9524)"/>
   </dialogueact>
   <dialogueact nite:id="Bmr012.C.dialogueact1300" starttime="2007.2" endtime="2008.48" type="s" original-type="s" channel="c2" participant="fe016">
      <nite:child href="Bmr012.C.words.xml#id(Bmr012.w.9529)..id(Bmr012.w.9536)"/>
   </dialogueact>
</nite:root>