<?xml version="1.0" encoding="ISO-8859-1" standalone="yes"?>
<nite:root nite:id="Bmr021.F.dialogue-acts" xmlns:nite="http://nite.sourceforge.net/">
   <dialogueact nite:id="Bmr021.F.dialogueact4" starttime="2.85" endtime="3.04" type="z" original-type="z" channel="c5" participant="fe008">
      <nite:child href="Bmr021.F.words.xml#id(Bmr021.w.29)..id(Bmr021.w.30)"/>
   </dialogueact>
   <dialogueact nite:id="Bmr021.F.dialogueact7" starttime="5.97" endtime="6.7" type="s^bk^m" adjacency="1b" original-type="s^bk^m" channel="c5" participant="fe008">
      <nite:child href="Bmr021.F.words.xml#id(Bmr021.w.47)..id(Bmr021.w.50)"/>
   </dialogueact>
   <dialogueact nite:id="Bmr021.F.dialogueact12" starttime="20.6" endtime="21.58" type="s^ba" adjacency="2b-1" original-type="s^ba" channel="c5" participant="fe008">
      <nite:child href="Bmr021.F.words.xml#id(Bmr021.w.107)..id(Bmr021.w.108)"/>
   </dialogueact>
   <dialogueact nite:id="Bmr021.F.dialogueact15" starttime="22.9" endtime="23.26" type="s" adjacency="3b-1.4a" original-type="s" channel="c5" participant="fe008">
      <nite:child href="Bmr021.F.words.xml#id(Bmr021.w.142)..id(Bmr021.w.144)"/>
   </dialogueact>
   <dialogueact nite:id="Bmr021.F.dialogueact17" starttime="24.51" endtime="24.97" type="s^aa|s" adjacency="4b" original-type="s^aa|s" channel="c5" participant="fe008">
      <nite:child href="Bmr021.F.words.xml#id(Bmr021.w.145)..id(Bmr021.w.150)"/>
   </dialogueact>
   <dialogueact nite:id="Bmr021.F.dialogueact37" starttime="45.85" endtime="46.35" type="s^ba" original-type="s^ba" channel="c5" participant="fe008">
      <nite:child href="Bmr021.F.words.xml#id(Bmr021.w.252)..id(Bmr021.w.253)"/>
   </dialogueact>
   <dialogueact nite:id="Bmr021.F.dialogueact47" starttime="66.8" endtime="67.68" type="s" original-type="s" channel="c5" participant="fe008">
      <nite:child href="Bmr021.F.words.xml#id(Bmr021.w.340)..id(Bmr021.w.346)"/>
   </dialogueact>
   <dialogueact nite:id="Bmr021.F.dialogueact48" starttime="68.09" endtime="73.51" type="qr^rt" adjacency="9a" original-type="qr^rt" channel="c5" participant="fe008">
      <nite:child href="Bmr021.F.words.xml#id(Bmr021.w.347)..id(Bmr021.w.366)"/>
   </dialogueact>
   <dialogueact nite:id="Bmr021.F.dialogueact50" starttime="75.94" endtime="76.2" type="qy^bh^d" adjacency="10b" original-type="qy^bh^d" channel="c5" participant="fe008">
      <nite:child href="Bmr021.F.words.xml#id(Bmr021.w.379)..id(Bmr021.w.381)"/>
   </dialogueact>
   <dialogueact nite:id="Bmr021.F.dialogueact52" starttime="77.378" endtime="77.638" type="s^bk" adjacency="10b+" original-type="s^bk" channel="c5" participant="fe008">
      <nite:child href="Bmr021.F.words.xml#id(Bmr021.w.382)..id(Bmr021.w.383)"/>
   </dialogueact>
   <dialogueact nite:id="Bmr021.F.dialogueact69" starttime="99.45" endtime="102.93" type="qy^rt" adjacency="18a" original-type="qy^rt" channel="c5" participant="fe008">
      <nite:child href="Bmr021.F.words.xml#id(Bmr021.w.510)..id(Bmr021.w.529)"/>
   </dialogueact>
   <dialogueact nite:id="Bmr021.F.dialogueact70" starttime="103.32" endtime="103.59" type="%-" original-type="%-" channel="c5" participant="fe008">
      <nite:child href="Bmr021.F.words.xml#id(Bmr021.w.530)..id(Bmr021.disfmarker.14)"/>
   </dialogueact>
   <dialogueact nite:id="Bmr021.F.dialogueact75" starttime="112.44" endtime="112.68" type="s^ba^fe" adjacency="19b" original-type="s^ba^fe" channel="c5" participant="fe008">
      <nite:child href="Bmr021.F.words.xml#id(Bmr021.w.562)..id(Bmr021.w.563)"/>
   </dialogueact>
   <dialogueact nite:id="Bmr021.F.dialogueact76" starttime="112.68" endtime="113.73" type="s" adjacency="19b+" original-type="s" channel="c5" participant="fe008">
      <nite:child href="Bmr021.F.words.xml#id(Bmr021.w.564)..id(Bmr021.w.569)"/>
   </dialogueact>
   <dialogueact nite:id="Bmr021.F.dialogueact77" starttime="113.89" endtime="116.84" type="s^ba^df" adjacency="19b++" original-type="s^ba^df" channel="c5" participant="fe008">
      <nite:child href="Bmr021.F.words.xml#id(Bmr021.w.570)..id(Bmr021.w.582)"/>
   </dialogueact>
   <dialogueact nite:id="Bmr021.F.dialogueact78" starttime="118.37" endtime="123.87" type="s^ba" adjacency="20a" original-type="s^ba" channel="c5" participant="fe008">
      <nite:child href="Bmr021.F.words.xml#id(Bmr021.w.583)..id(Bmr021.w.610)"/>
   </dialogueact>
   <dialogueact nite:id="Bmr021.F.dialogueact97" starttime="148.67" endtime="149.28" type="%-" original-type="%-" channel="c5" participant="fe008">
      <nite:child href="Bmr021.F.words.xml#id(Bmr021.w.742)..id(Bmr021.disfmarker.25)"/>
   </dialogueact>
   <dialogueact nite:id="Bmr021.F.dialogueact100" starttime="151.71" endtime="152.18" type="s^ba" original-type="s^ba" channel="c5" participant="fe008">
      <nite:child href="Bmr021.F.words.xml#id(Bmr021.w.766)..id(Bmr021.w.768)"/>
   </dialogueact>
   <dialogueact nite:id="Bmr021.F.dialogueact102" starttime="152.18" endtime="153.98" type="s^df" original-type="s^df" channel="c5" participant="fe008">
      <nite:child href="Bmr021.F.words.xml#id(Bmr021.w.769)..id(Bmr021.w.777)"/>
   </dialogueact>
   <dialogueact nite:id="Bmr021.F.dialogueact104" starttime="153.98" endtime="156.27" type="s" original-type="s" channel="c5" participant="fe008">
      <nite:child href="Bmr021.F.words.xml#id(Bmr021.w.778)..id(Bmr021.w.789)"/>
   </dialogueact>
   <dialogueact nite:id="Bmr021.F.dialogueact105" starttime="156.27" endtime="157.79" type="s^ba" original-type="s^ba" channel="c5" participant="fe008">
      <nite:child href="Bmr021.F.words.xml#id(Bmr021.w.790)..id(Bmr021.w.800)"/>
   </dialogueact>
   <dialogueact nite:id="Bmr021.F.dialogueact106" starttime="157.91" endtime="158.1" type="b" original-type="b" channel="c5" participant="fe008">
      <nite:child href="Bmr021.F.words.xml#id(Bmr021.w.801)..id(Bmr021.w.802)"/>
   </dialogueact>
   <dialogueact nite:id="Bmr021.F.dialogueact121" starttime="179.39" endtime="181.26" type="fg|s" original-type="fg|s" channel="c5" participant="fe008">
      <nite:child href="Bmr021.F.words.xml#id(Bmr021.w.907)..id(Bmr021.w.917)"/>
   </dialogueact>
   <dialogueact nite:id="Bmr021.F.dialogueact122" starttime="181.26" endtime="185.69" type="qy^rt" adjacency="29a" original-type="qy^rt" channel="c5" participant="fe008">
      <nite:child href="Bmr021.F.words.xml#id(Bmr021.w.918)..id(Bmr021.w.935)"/>
   </dialogueact>
   <dialogueact nite:id="Bmr021.F.dialogueact123" starttime="185.69" endtime="186.43" type="qrr.%-" original-type="qrr.%-" channel="c5" participant="fe008">
      <nite:child href="Bmr021.F.words.xml#id(Bmr021.w.936)..id(Bmr021.disfmarker.32)"/>
   </dialogueact>
   <dialogueact nite:id="Bmr021.F.dialogueact126" starttime="186.75" endtime="187.22" type="s^bk" adjacency="30b" original-type="s^bk" channel="c5" participant="fe008">
      <nite:child href="Bmr021.F.words.xml#id(Bmr021.w.957)..id(Bmr021.w.961)"/>
   </dialogueact>
   <dialogueact nite:id="Bmr021.F.dialogueact127" starttime="189.23" endtime="189.57" type="b" original-type="b" channel="c5" participant="fe008">
      <nite:child href="Bmr021.F.words.xml#id(Bmr021.w.962)..id(Bmr021.w.963)"/>
   </dialogueact>
   <dialogueact nite:id="Bmr021.F.dialogueact128" starttime="191.18" endtime="191.86" type="s^bk" original-type="s^bk" channel="c5" participant="fe008">
      <nite:child href="Bmr021.F.words.xml#id(Bmr021.w.964)..id(Bmr021.w.968)"/>
   </dialogueact>
   <dialogueact nite:id="Bmr021.F.dialogueact132" starttime="193.78" endtime="194.6" type="qy^bh" original-type="qy^bh" channel="c5" participant="fe008">
      <nite:child href="Bmr021.F.words.xml#id(Bmr021.w.984)..id(Bmr021.w.987)"/>
   </dialogueact>
   <dialogueact nite:id="Bmr021.F.dialogueact133" starttime="194.6" endtime="195.0" type="b" original-type="b" channel="c5" participant="fe008">
      <nite:child href="Bmr021.F.words.xml#id(Bmr021.w.988)..id(Bmr021.w.989)"/>
   </dialogueact>
   <dialogueact nite:id="Bmr021.F.dialogueact135" starttime="197.0" endtime="198.02" type="s^bk" adjacency="31b" original-type="s^bk" channel="c5" participant="fe008">
      <nite:child href="Bmr021.F.words.xml#id(Bmr021.w.999)..id(Bmr021.w.1,005)"/>
   </dialogueact>
   <dialogueact nite:id="Bmr021.F.dialogueact138" starttime="198.712" endtime="199.462" type="s" original-type="s" channel="c5" participant="fe008">
      <nite:child href="Bmr021.F.words.xml#id(Bmr021.w.1,035)..id(Bmr021.w.1,041)"/>
   </dialogueact>
   <dialogueact nite:id="Bmr021.F.dialogueact142" starttime="206.21" endtime="206.48" type="s^bk" original-type="s^bk" channel="c5" participant="fe008">
      <nite:child href="Bmr021.F.words.xml#id(Bmr021.w.1,065)..id(Bmr021.w.1,066)"/>
   </dialogueact>
   <dialogueact nite:id="Bmr021.F.dialogueact149" starttime="220.03" endtime="222.05" type="s^cs" adjacency="35a" original-type="s^cs" channel="c5" participant="fe008">
      <nite:child href="Bmr021.F.words.xml#id(Bmr021.w.1,123)..id(Bmr021.w.1,137)"/>
   </dialogueact>
   <dialogueact nite:id="Bmr021.F.dialogueact150" starttime="222.05" endtime="225.06" type="s^df" adjacency="35a+" original-type="s^df" channel="c5" participant="fe008">
      <nite:child href="Bmr021.F.words.xml#id(Bmr021.w.1,138)..id(Bmr021.w.1,154)"/>
   </dialogueact>
   <dialogueact nite:id="Bmr021.F.dialogueact152" starttime="226.42" endtime="227.34" type="s^e" adjacency="35a+.36a" original-type="s^e" channel="c5" participant="fe008">
      <nite:child href="Bmr021.F.words.xml#id(Bmr021.w.1,157)..id(Bmr021.w.1,162)"/>
   </dialogueact>
   <dialogueact nite:id="Bmr021.F.dialogueact157" starttime="233.41" endtime="234.88" type="fg|s^bk.%-" adjacency="37b" original-type="fg|s^bk.%-" channel="c5" participant="fe008">
      <nite:child href="Bmr021.F.words.xml#id(Bmr021.w.1,187)..id(Bmr021.disfmarker.39)"/>
   </dialogueact>
   <dialogueact nite:id="Bmr021.F.dialogueact159" starttime="235.79" endtime="236.15" type="%--" original-type="%--" channel="c5" participant="fe008">
      <nite:child href="Bmr021.F.words.xml#id(Bmr021.w.1,198)..id(Bmr021.disfmarker.40)"/>
   </dialogueact>
   <dialogueact nite:id="Bmr021.F.dialogueact160" starttime="236.15" endtime="240.12" type="s^bk|s^ba.%-" adjacency="38b.39a" original-type="s^bk|s^ba.%-" channel="c5" participant="fe008">
      <nite:child href="Bmr021.F.words.xml#id(Bmr021.w.1,201)..id(Bmr021.disfmarker.42)"/>
   </dialogueact>
   <dialogueact nite:id="Bmr021.F.dialogueact162" starttime="241.02" endtime="241.71" type="s^ba" adjacency="40b" original-type="s^ba" channel="c5" participant="fe008">
      <nite:child href="Bmr021.F.words.xml#id(Bmr021.w.1,266)..id(Bmr021.w.1,269)"/>
   </dialogueact>
   <dialogueact nite:id="Bmr021.F.dialogueact164" starttime="243.05" endtime="243.43" type="s^ba" original-type="s^ba" channel="c5" participant="fe008">
      <nite:child href="Bmr021.F.words.xml#id(Bmr021.w.1,270)..id(Bmr021.w.1,271)"/>
   </dialogueact>
   <dialogueact nite:id="Bmr021.F.dialogueact165" starttime="244.082" endtime="244.822" type="s^ba" original-type="s^ba" channel="c5" participant="fe008">
      <nite:child href="Bmr021.F.words.xml#id(Bmr021.w.1,272)..id(Bmr021.w.1,275)"/>
   </dialogueact>
   <dialogueact nite:id="Bmr021.F.dialogueact171" starttime="251.29" endtime="252.46" type="qr" adjacency="43b-2.44a" original-type="qr" channel="c5" participant="fe008">
      <nite:child href="Bmr021.F.words.xml#id(Bmr021.w.1,306)..id(Bmr021.w.1,314)"/>
   </dialogueact>
   <dialogueact nite:id="Bmr021.F.dialogueact176" starttime="254.067" endtime="254.857" type="s^bk" adjacency="45b" original-type="s^bk" channel="c5" participant="fe008">
      <nite:child href="Bmr021.F.words.xml#id(Bmr021.w.1,336)..id(Bmr021.w.1,339)"/>
   </dialogueact>
   <dialogueact nite:id="Bmr021.F.dialogueact209" starttime="294.93" endtime="298.17" type="s^cs.%-" adjacency="51a" original-type="s^cs.%-" channel="c5" participant="fe008">
      <nite:child href="Bmr021.F.words.xml#id(Bmr021.w.1,511)..id(Bmr021.disfmarker.45)"/>
   </dialogueact>
   <dialogueact nite:id="Bmr021.F.dialogueact238" starttime="341.93" endtime="342.92" type="s" adjacency="58b" original-type="s" channel="c5" participant="fe008">
      <nite:child href="Bmr021.F.words.xml#id(Bmr021.w.1,723)..id(Bmr021.w.1,728)"/>
   </dialogueact>
   <dialogueact nite:id="Bmr021.F.dialogueact263" starttime="373.02" endtime="373.82" type="qy^rt" adjacency="63a" original-type="qy^rt" channel="c5" participant="fe008">
      <nite:child href="Bmr021.F.words.xml#id(Bmr021.w.1,888)..id(Bmr021.w.1,893)"/>
   </dialogueact>
   <dialogueact nite:id="Bmr021.F.dialogueact265" starttime="375.28" endtime="377.01" type="s^df" original-type="s^df" channel="c5" participant="fe008">
      <nite:child href="Bmr021.F.words.xml#id(Bmr021.w.1,898)..id(Bmr021.w.1,909)"/>
   </dialogueact>
   <dialogueact nite:id="Bmr021.F.dialogueact266" starttime="377.01" endtime="378.27" type="s^bd" original-type="s^bd" channel="c5" participant="fe008">
      <nite:child href="Bmr021.F.words.xml#id(Bmr021.w.1,910)..id(Bmr021.w.1,919)"/>
   </dialogueact>
   <dialogueact nite:id="Bmr021.F.dialogueact269" starttime="380.75" endtime="382.65" type="s^aa|s" adjacency="65b" original-type="s^aa|s" channel="c5" participant="fe008">
      <nite:child href="Bmr021.F.words.xml#id(Bmr021.w.1,940)..id(Bmr021.w.1,953)"/>
   </dialogueact>
   <dialogueact nite:id="Bmr021.F.dialogueact276" starttime="393.78" endtime="394.22" type="%--" original-type="%--" channel="c5" participant="fe008">
      <nite:child href="Bmr021.F.words.xml#id(Bmr021.w.1,988)..id(Bmr021.w.1,990)"/>
   </dialogueact>
   <dialogueact nite:id="Bmr021.F.dialogueact277" starttime="394.22" endtime="395.17" type="s^bk|s" adjacency="66b-2" original-type="s^bk|s" channel="c5" participant="fe008">
      <nite:child href="Bmr021.F.words.xml#id(Bmr021.w.1,991)..id(Bmr021.w.1,998)"/>
   </dialogueact>
   <dialogueact nite:id="Bmr021.F.dialogueact285" starttime="400.69" endtime="401.42" type="s^am" original-type="s^am" channel="c5" participant="fe008">
      <nite:child href="Bmr021.F.words.xml#id(Bmr021.w.2,034)..id(Bmr021.w.2,038)"/>
   </dialogueact>
   <dialogueact nite:id="Bmr021.F.dialogueact367" starttime="618.28" endtime="619.84" type="s^ba" original-type="s^ba" channel="c5" participant="fe008">
      <nite:child href="Bmr021.F.words.xml#id(Bmr021.w.2,851)..id(Bmr021.w.2,854)"/>
   </dialogueact>
   <dialogueact nite:id="Bmr021.F.dialogueact375" starttime="629.06" endtime="629.52" type="s^ba" original-type="s^ba" channel="c5" participant="fe008">
      <nite:child href="Bmr021.F.words.xml#id(Bmr021.w.2,917)..id(Bmr021.w.2,918)"/>
   </dialogueact>
   <dialogueact nite:id="Bmr021.F.dialogueact377" starttime="630.86" endtime="632.23" type="s^ba" adjacency="3a" original-type="s^ba" channel="c5" participant="fe008">
      <nite:child href="Bmr021.F.words.xml#id(Bmr021.w.2,919)..id(Bmr021.w.2,924)"/>
   </dialogueact>
   <dialogueact nite:id="Bmr021.F.dialogueact468" starttime="788.95" endtime="789.35" type="s" adjacency="23b.24a" original-type="s" channel="c5" participant="fe008">
      <nite:child href="Bmr021.F.words.xml#id(Bmr021.w.3,653)..id(Bmr021.w.3,654)"/>
   </dialogueact>
   <dialogueact nite:id="Bmr021.F.dialogueact470" starttime="790.48" endtime="791.08" type="s^bk|qy^bu^d^rt" adjacency="25b-1" original-type="s^bk|qy^bu^d^rt" channel="c5" participant="fe008">
      <nite:child href="Bmr021.F.words.xml#id(Bmr021.w.3,661)..id(Bmr021.w.3,665)"/>
   </dialogueact>
   <dialogueact nite:id="Bmr021.F.dialogueact475" starttime="796.78" endtime="808.82" type="s.%--" original-type="s.%--" channel="c5" participant="fe008">
      <nite:child href="Bmr021.F.words.xml#id(Bmr021.w.3,702)..id(Bmr021.disfmarker.137)"/>
   </dialogueact>
   <dialogueact nite:id="Bmr021.F.dialogueact476" starttime="808.99" endtime="809.18" type="s^fa" original-type="s^fa" channel="c5" participant="fe008">
      <nite:child href="Bmr021.F.words.xml#id(Bmr021.w.3,749)..id(Bmr021.w.3,750)"/>
   </dialogueact>
   <dialogueact nite:id="Bmr021.F.dialogueact477" starttime="809.47" endtime="811.42" type="s" adjacency="28a" original-type="s" channel="c5" participant="fe008">
      <nite:child href="Bmr021.F.words.xml#id(Bmr021.w.3,751)..id(Bmr021.w.3,758)"/>
   </dialogueact>
   <dialogueact nite:id="Bmr021.F.dialogueact480" starttime="812.073" endtime="813.303" type="s.%--" original-type="s.%--" channel="c5" participant="fe008">
      <nite:child href="Bmr021.F.words.xml#id(Bmr021.w.3,764)..id(Bmr021.w.3,767)"/>
   </dialogueact>
   <dialogueact nite:id="Bmr021.F.dialogueact481" starttime="813.303" endtime="814.123" type="s^bd.%--" original-type="s^bd.%--" channel="c5" participant="fe008">
      <nite:child href="Bmr021.F.words.xml#id(Bmr021.w.3,768)..id(Bmr021.disfmarker.139)"/>
   </dialogueact>
   <dialogueact nite:id="Bmr021.F.dialogueact482" starttime="814.243" endtime="822.613" type="s" adjacency="29a" original-type="s" channel="c5" participant="fe008">
      <nite:child href="Bmr021.F.words.xml#id(Bmr021.w.3,774)..id(Bmr021.w.3,808)"/>
   </dialogueact>
   <dialogueact nite:id="Bmr021.F.dialogueact486" starttime="827.979" endtime="828.839" type="b" original-type="b" channel="c5" participant="fe008">
      <nite:child href="Bmr021.F.words.xml#id(Bmr021.w.3,839)..id(Bmr021.w.3,844)"/>
   </dialogueact>
   <dialogueact nite:id="Bmr021.F.dialogueact490" starttime="830.06" endtime="830.67" type="qw" adjacency="31a" original-type="qw" channel="c5" participant="fe008">
      <nite:child href="Bmr021.F.words.xml#id(Bmr021.w.3,866)..id(Bmr021.w.3,870)"/>
   </dialogueact>
   <dialogueact nite:id="Bmr021.F.dialogueact492" starttime="831.34" endtime="831.89" type="s" adjacency="32b" original-type="s" channel="c5" participant="fe008">
      <nite:child href="Bmr021.F.words.xml#id(Bmr021.w.3,871)..id(Bmr021.w.3,875)"/>
   </dialogueact>
   <dialogueact nite:id="Bmr021.F.dialogueact495" starttime="833.565" endtime="834.075" type="s.%-" original-type="s.%-" channel="c5" participant="fe008">
      <nite:child href="Bmr021.F.words.xml#id(Bmr021.w.3,886)..id(Bmr021.disfmarker.142)"/>
   </dialogueact>
   <dialogueact nite:id="Bmr021.F.dialogueact496" starttime="835.87" endtime="839.75" type="qr^bu^d" adjacency="33a" original-type="qr^bu^d" channel="c5" participant="fe008">
      <nite:child href="Bmr021.F.words.xml#id(Bmr021.w.3,888)..id(Bmr021.w.3,910)"/>
   </dialogueact>
   <dialogueact nite:id="Bmr021.F.dialogueact499" starttime="840.39" endtime="841.64" type="s^bk^m|s^bk" adjacency="34b" original-type="s^bk^m|s^bk" channel="c5" participant="fe008">
      <nite:child href="Bmr021.F.words.xml#id(Bmr021.w.3,923)..id(Bmr021.w.3,929)"/>
   </dialogueact>
   <dialogueact nite:id="Bmr021.F.dialogueact502" starttime="842.22" endtime="842.81" type="s^bk" adjacency="35b" original-type="s^bk" channel="c5" participant="fe008">
      <nite:child href="Bmr021.F.words.xml#id(Bmr021.w.3,950)..id(Bmr021.w.3,955)"/>
   </dialogueact>
   <dialogueact nite:id="Bmr021.F.dialogueact506" starttime="853.49" endtime="853.67" type="b" original-type="b" channel="c5" participant="fe008">
      <nite:child href="Bmr021.F.words.xml#id(Bmr021.w.4,004)..id(Bmr021.w.4,005)"/>
   </dialogueact>
   <dialogueact nite:id="Bmr021.F.dialogueact508" starttime="859.58" endtime="860.58" type="qy^bh" adjacency="36b-2" original-type="qy^bh" channel="c5" participant="fe008">
      <nite:child href="Bmr021.F.words.xml#id(Bmr021.w.4,030)..id(Bmr021.w.4,033)"/>
   </dialogueact>
   <dialogueact nite:id="Bmr021.F.dialogueact509" starttime="861.49" endtime="862.46" type="s^ba" adjacency="36b-2+" original-type="s^ba" channel="c5" participant="fe008">
      <nite:child href="Bmr021.F.words.xml#id(Bmr021.w.4,051)..id(Bmr021.w.4,055)"/>
   </dialogueact>
   <dialogueact nite:id="Bmr021.F.dialogueact512" starttime="862.73" endtime="863.46" type="s^no" original-type="s^no" channel="c5" participant="fe008">
      <nite:child href="Bmr021.F.words.xml#id(Bmr021.w.4,056)..id(Bmr021.w.4,060)"/>
   </dialogueact>
   <dialogueact nite:id="Bmr021.F.dialogueact513" starttime="863.73" endtime="863.96" type="b" original-type="b" channel="c5" participant="fe008">
      <nite:child href="Bmr021.F.words.xml#id(Bmr021.w.4,061)..id(Bmr021.w.4,062)"/>
   </dialogueact>
   <dialogueact nite:id="Bmr021.F.dialogueact520" starttime="880.58" endtime="888.08" type="s^cs" adjacency="39a" original-type="s^cs" channel="c5" participant="fe008">
      <nite:child href="Bmr021.F.words.xml#id(Bmr021.w.4,120)..id(Bmr021.w.4,162)"/>
   </dialogueact>
   <dialogueact nite:id="Bmr021.F.dialogueact521" starttime="888.08" endtime="889.51" type="s.%--" adjacency="39a+" original-type="s.%--" channel="c5" participant="fe008">
      <nite:child href="Bmr021.F.words.xml#id(Bmr021.w.4,163)..id(Bmr021.disfmarker.151)"/>
   </dialogueact>
   <dialogueact nite:id="Bmr021.F.dialogueact523" starttime="889.93" endtime="890.1" type="b" original-type="b" channel="c5" participant="fe008">
      <nite:child href="Bmr021.F.words.xml#id(Bmr021.w.4,172)..id(Bmr021.w.4,173)"/>
   </dialogueact>
   <dialogueact nite:id="Bmr021.F.dialogueact525" starttime="892.169" endtime="892.489" type="b" original-type="b" channel="c5" participant="fe008">
      <nite:child href="Bmr021.F.words.xml#id(Bmr021.w.4,185)..id(Bmr021.w.4,186)"/>
   </dialogueact>
   <dialogueact nite:id="Bmr021.F.dialogueact529" starttime="894.527" endtime="894.757" type="b" original-type="b" channel="c5" participant="fe008">
      <nite:child href="Bmr021.F.words.xml#id(Bmr021.w.4,210)..id(Bmr021.w.4,211)"/>
   </dialogueact>
   <dialogueact nite:id="Bmr021.F.dialogueact534" starttime="899.31" endtime="900.57" type="s^aa|s.%--" adjacency="41b-2" original-type="s^aa|s.%--" channel="c5" participant="fe008">
      <nite:child href="Bmr021.F.words.xml#id(Bmr021.w.4,233)..id(Bmr021.disfmarker.152)"/>
   </dialogueact>
   <dialogueact nite:id="Bmr021.F.dialogueact541" starttime="913.7" endtime="917.7" type="fg|s^bu" original-type="fg|s^bu" channel="c5" participant="fe008">
      <nite:child href="Bmr021.F.words.xml#id(Bmr021.w.4,298)..id(Bmr021.w.4,319)"/>
   </dialogueact>
   <dialogueact nite:id="Bmr021.F.dialogueact543" starttime="917.7" endtime="919.46" type="s" original-type="s" channel="c5" participant="fe008">
      <nite:child href="Bmr021.F.words.xml#id(Bmr021.w.4,320)..id(Bmr021.w.4,325)"/>
   </dialogueact>
   <dialogueact nite:id="Bmr021.F.dialogueact544" starttime="919.57" endtime="919.71" type="qrr.%--" adjacency="44a++" original-type="qrr.%--" channel="c5" participant="fe008">
      <nite:child href="Bmr021.F.words.xml#id(Bmr021.w.4,326)..id(Bmr021.w.4,327)"/>
   </dialogueact>
   <dialogueact nite:id="Bmr021.F.dialogueact546" starttime="922.301" endtime="922.601" type="s^bk" adjacency="45b" original-type="s^bk" channel="c5" participant="fe008">
      <nite:child href="Bmr021.F.words.xml#id(Bmr021.w.4,338)..id(Bmr021.w.4,339)"/>
   </dialogueact>
   <dialogueact nite:id="Bmr021.F.dialogueact557" starttime="939.066" endtime="939.256" type="b" original-type="b" channel="c5" participant="fe008">
      <nite:child href="Bmr021.F.words.xml#id(Bmr021.w.4,423)..id(Bmr021.w.4,424)"/>
   </dialogueact>
   <dialogueact nite:id="Bmr021.F.dialogueact562" starttime="946.87" endtime="947.56" type="s" adjacency="48b-2.49a" original-type="s" channel="c5" participant="fe008">
      <nite:child href="Bmr021.F.words.xml#id(Bmr021.w.4,471)..id(Bmr021.w.4,474)"/>
   </dialogueact>
   <dialogueact nite:id="Bmr021.F.dialogueact566" starttime="947.7" endtime="948.16" type="s^fa" adjacency="48b+.49a+" original-type="s^fa" channel="c5" participant="fe008">
      <nite:child href="Bmr021.F.words.xml#id(Bmr021.w.4,475)..id(Bmr021.w.4,476)"/>
   </dialogueact>
   <dialogueact nite:id="Bmr021.F.dialogueact568" starttime="950.047" endtime="950.917" type="s^cc" original-type="s^cc" channel="c5" participant="fe008">
      <nite:child href="Bmr021.F.words.xml#id(Bmr021.w.4,480)..id(Bmr021.w.4,487)"/>
   </dialogueact>
   <dialogueact nite:id="Bmr021.F.dialogueact586" starttime="979.04" endtime="980.25" type="s" original-type="s" channel="c5" participant="fe008">
      <nite:child href="Bmr021.F.words.xml#id(Bmr021.w.4,619)..id(Bmr021.w.4,625)"/>
   </dialogueact>
   <dialogueact nite:id="Bmr021.F.dialogueact599" starttime="994.412" endtime="994.542" type="%-" original-type="%-" channel="c5" participant="fe008">
      <nite:child href="Bmr021.F.words.xml#id(Bmr021.w.4,716)..id(Bmr021.disfmarker.168)"/>
   </dialogueact>
   <dialogueact nite:id="Bmr021.F.dialogueact619" starttime="1021.7" endtime="1022.96" type="s^2" adjacency="57b-2" original-type="s^2" channel="c5" participant="fe008">
      <nite:child href="Bmr021.F.words.xml#id(Bmr021.w.4,867)..id(Bmr021.w.4,873)"/>
   </dialogueact>
   <dialogueact nite:id="Bmr021.F.dialogueact622" starttime="1026.33" endtime="1026.65" type="b" original-type="b" channel="c5" participant="fe008">
      <nite:child href="Bmr021.F.words.xml#id(Bmr021.w.4,887)..id(Bmr021.w.4,888)"/>
   </dialogueact>
   <dialogueact nite:id="Bmr021.F.dialogueact626" starttime="1038.85" endtime="1039.96" type="s^ba" adjacency="58b" original-type="s^ba" channel="c5" participant="fe008">
      <nite:child href="Bmr021.F.words.xml#id(Bmr021.w.4,929)..id(Bmr021.w.4,934)"/>
   </dialogueact>
   <dialogueact nite:id="Bmr021.F.dialogueact630" starttime="1043.75" endtime="1043.96" type="b" original-type="b" channel="c5" participant="fe008">
      <nite:child href="Bmr021.F.words.xml#id(Bmr021.w.4,950)..id(Bmr021.w.4,951)"/>
   </dialogueact>
   <dialogueact nite:id="Bmr021.F.dialogueact632" starttime="1044.57" endtime="1046.7" type="s" adjacency="59a" original-type="s" channel="c5" participant="fe008">
      <nite:child href="Bmr021.F.words.xml#id(Bmr021.w.4,952)..id(Bmr021.w.4,961)"/>
   </dialogueact>
   <dialogueact nite:id="Bmr021.F.dialogueact634" starttime="1049.99" endtime="1051.78" type="s^bu" adjacency="60a" original-type="s^bu" channel="c5" participant="fe008">
      <nite:child href="Bmr021.F.words.xml#id(Bmr021.w.4,983)..id(Bmr021.w.4,991)"/>
   </dialogueact>
   <dialogueact nite:id="Bmr021.F.dialogueact636" starttime="1051.86" endtime="1052.8" type="s^bu" adjacency="60a+" original-type="s^bu" channel="c5" participant="fe008">
      <nite:child href="Bmr021.F.words.xml#id(Bmr021.w.4,992)..id(Bmr021.w.4,997)"/>
   </dialogueact>
   <dialogueact nite:id="Bmr021.F.dialogueact637" starttime="1052.8" endtime="1052.97" type="b" original-type="b" channel="c5" participant="fe008">
      <nite:child href="Bmr021.F.words.xml#id(Bmr021.w.4,998)..id(Bmr021.w.4,999)"/>
   </dialogueact>
   <dialogueact nite:id="Bmr021.F.dialogueact647" starttime="1068.26" endtime="1068.77" type="qy^bh" original-type="qy^bh" channel="c5" participant="fe008">
      <nite:child href="Bmr021.F.words.xml#id(Bmr021.w.5,063)..id(Bmr021.w.5,066)"/>
   </dialogueact>
   <dialogueact nite:id="Bmr021.F.dialogueact653" starttime="1078.69" endtime="1079.31" type="s.%-" original-type="s.%-" channel="c5" participant="fe008">
      <nite:child href="Bmr021.F.words.xml#id(Bmr021.w.5,104)..id(Bmr021.disfmarker.191)"/>
   </dialogueact>
   <dialogueact nite:id="Bmr021.F.dialogueact656" starttime="1079.51" endtime="1079.68" type="b" original-type="b" channel="c5" participant="fe008">
      <nite:child href="Bmr021.F.words.xml#id(Bmr021.w.5,108)..id(Bmr021.w.5,111)"/>
   </dialogueact>
   <dialogueact nite:id="Bmr021.F.dialogueact671" starttime="1093.5" endtime="1094.63" comment="FBH" type="s^bu" adjacency="70a" original-type="s^bu" channel="c5" participant="fe008">
      <nite:child href="Bmr021.F.words.xml#id(Bmr021.w.5,201)..id(Bmr021.w.5,208)"/>
   </dialogueact>
   <dialogueact nite:id="Bmr021.F.dialogueact672" starttime="1094.63" endtime="1095.6" comment="FBH" type="s^bu" adjacency="70a+" original-type="s^bu" channel="c5" participant="fe008">
      <nite:child href="Bmr021.F.words.xml#id(Bmr021.w.5,209)..id(Bmr021.w.5,213)"/>
   </dialogueact>
   <dialogueact nite:id="Bmr021.F.dialogueact673" starttime="1095.6" endtime="1095.8" comment="FBH" type="qy^d^g^rt" adjacency="70a+" original-type="qy^d^g^rt" channel="c5" participant="fe008">
      <nite:child href="Bmr021.F.words.xml#id(Bmr021.w.5,214)..id(Bmr021.w.5,215)"/>
   </dialogueact>
   <dialogueact nite:id="Bmr021.F.dialogueact677" starttime="1096.89" endtime="1097.69" comment="FBH" type="s^bk" adjacency="71b" original-type="s^bk" channel="c5" participant="fe008">
      <nite:child href="Bmr021.F.words.xml#id(Bmr021.w.5,227)..id(Bmr021.w.5,230)"/>
   </dialogueact>
   <dialogueact nite:id="Bmr021.F.dialogueact679" starttime="1100.17" endtime="1100.55" comment="FBH" type="s^ba" original-type="s^ba" channel="c5" participant="fe008">
      <nite:child href="Bmr021.F.words.xml#id(Bmr021.w.5,238)..id(Bmr021.w.5,239)"/>
   </dialogueact>
   <dialogueact nite:id="Bmr021.F.dialogueact682" starttime="1106.69" endtime="1108.54" comment="FBH" type="s" adjacency="72b-2" original-type="s" channel="c5" participant="fe008">
      <nite:child href="Bmr021.F.words.xml#id(Bmr021.w.5,269)..id(Bmr021.disfmarker.202)"/>
   </dialogueact>
   <dialogueact nite:id="Bmr021.F.dialogueact684" starttime="1108.65" endtime="1109.35" type="s" original-type="s" channel="c5" participant="fe008">
      <nite:child href="Bmr021.F.words.xml#id(Bmr021.w.5,281)..id(Bmr021.w.5,287)"/>
   </dialogueact>
   <dialogueact nite:id="Bmr021.F.dialogueact685" starttime="1109.49" endtime="1111.17" type="s^bu" adjacency="73a" original-type="s^bu" channel="c5" participant="fe008">
      <nite:child href="Bmr021.F.words.xml#id(Bmr021.w.5,288)..id(Bmr021.w.5,298)"/>
   </dialogueact>
   <dialogueact nite:id="Bmr021.F.dialogueact687" starttime="1111.54" endtime="1113.03" type="s^bu" adjacency="73a+" original-type="s^bu" channel="c5" participant="fe008">
      <nite:child href="Bmr021.F.words.xml#id(Bmr021.w.5,299)..id(Bmr021.w.5,306)"/>
   </dialogueact>
   <dialogueact nite:id="Bmr021.F.dialogueact689" starttime="1113.22" endtime="1113.33" type="s^bk" adjacency="74b" original-type="s^bk" channel="c5" participant="fe008">
      <nite:child href="Bmr021.F.words.xml#id(Bmr021.w.5,307)..id(Bmr021.w.5,308)"/>
   </dialogueact>
   <dialogueact nite:id="Bmr021.F.dialogueact694" starttime="1123.17" endtime="1124.02" comment="FBH" type="b" original-type="b" channel="c5" participant="fe008">
      <nite:child href="Bmr021.F.words.xml#id(Bmr021.w.5,354)..id(Bmr021.w.5,357)"/>
   </dialogueact>
   <dialogueact nite:id="Bmr021.F.dialogueact932" starttime="1816.29" endtime="1817.85" type="s^bu^m" adjacency="1b.2a" original-type="s^bu^m" channel="c5" participant="fe008">
      <nite:child href="Bmr021.F.words.xml#id(Bmr021.w.7,557)..id(Bmr021.w.7,564)"/>
   </dialogueact>
   <dialogueact nite:id="Bmr021.F.dialogueact937" starttime="1818.34" endtime="1818.61" type="b" original-type="b" channel="c5" participant="fe008">
      <nite:child href="Bmr021.F.words.xml#id(Bmr021.w.7,565)..id(Bmr021.w.7,566)"/>
   </dialogueact>
   <dialogueact nite:id="Bmr021.F.dialogueact954" starttime="2002.04" endtime="2002.93" comment="FBH" type="z" original-type="z" channel="c5" participant="fe008">
      <nite:child href="Bmr021.F.words.xml#id(Bmr021.w.8,020)..id(Bmr021.w.8,027)"/>
   </dialogueact>
   <dialogueact nite:id="Bmr021.F.dialogueact955" starttime="2003.62" endtime="2004.1" comment="FBH" type="z" original-type="z" channel="c5" participant="fe008">
      <nite:child href="Bmr021.F.words.xml#id(Bmr021.w.8,028)..id(Bmr021.w.8,031)"/>
   </dialogueact>
   <dialogueact nite:id="Bmr021.F.dialogueact957" starttime="2007.22" endtime="2008.79" comment="FBH" type="z" original-type="z" channel="c5" participant="fe008">
      <nite:child href="Bmr021.F.words.xml#id(Bmr021.w.8,036)..id(Bmr021.w.8,044)"/>
   </dialogueact>
   <dialogueact nite:id="Bmr021.F.dialogueact960" starttime="2011.02" endtime="2011.36" comment="FBH" type="z" original-type="z" channel="c5" participant="fe008">
      <nite:child href="Bmr021.F.words.xml#id(Bmr021.w.8,063)..id(Bmr021.w.8,066)"/>
   </dialogueact>
   <dialogueact nite:id="Bmr021.F.dialogueact961" starttime="2011.41" endtime="2011.98" comment="FBH" type="z" original-type="z" channel="c5" participant="fe008">
      <nite:child href="Bmr021.F.words.xml#id(Bmr021.w.8,067)..id(Bmr021.w.8,069)"/>
   </dialogueact>
   <dialogueact nite:id="Bmr021.F.dialogueact963" starttime="2011.98" endtime="2012.28" comment="FBH" type="z" original-type="z" channel="c5" participant="fe008">
      <nite:child href="Bmr021.F.words.xml#id(Bmr021.w.8,070)..id(Bmr021.w.8,072)"/>
   </dialogueact>
   <dialogueact nite:id="Bmr021.F.dialogueact964" starttime="2012.28" endtime="2012.77" comment="FBH" type="z" original-type="z" channel="c5" participant="fe008">
      <nite:child href="Bmr021.F.words.xml#id(Bmr021.w.8,073)..id(Bmr021.w.8,074)"/>
   </dialogueact>
   <dialogueact nite:id="Bmr021.F.dialogueact965" starttime="2012.99" endtime="2013.12" comment="FBH" type="z" original-type="z" channel="c5" participant="fe008">
      <nite:child href="Bmr021.F.words.xml#id(Bmr021.w.8,075)..id(Bmr021.w.8,076)"/>
   </dialogueact>
   <dialogueact nite:id="Bmr021.F.dialogueact1025" starttime="2188.62" endtime="2189.86" type="s.%-" original-type="s.%-" channel="c5" participant="fe008">
      <nite:child href="Bmr021.F.words.xml#id(Bmr021.w.8,714)..id(Bmr021.w.8,717)"/>
   </dialogueact>
   <dialogueact nite:id="Bmr021.F.dialogueact1031" starttime="2195.84" endtime="2198.14" type="s^cs^j" adjacency="19a" original-type="s^cs^j" channel="c5" participant="fe008">
      <nite:child href="Bmr021.F.words.xml#id(Bmr021.w.8,758)..id(Bmr021.w.8,770)"/>
   </dialogueact>
   <dialogueact nite:id="Bmr021.F.dialogueact1043" starttime="2206.19" endtime="2206.43" type="s^aa" adjacency="22b-2" original-type="s^aa" channel="c5" participant="fe008">
      <nite:child href="Bmr021.F.words.xml#id(Bmr021.w.8,840)..id(Bmr021.w.8,841)"/>
   </dialogueact>
</nite:root>