<?xml version="1.0" encoding="ISO-8859-1" standalone="yes"?>
<nite:root nite:id="Bmr013.A.dialogue-acts" xmlns:nite="http://nite.sourceforge.net/">
   <dialogueact nite:id="Bmr013.A.dialogueact8" starttime="107.74" endtime="109.41" type="s^cs^rt.x" adjacency="2b.3a" original-type="s^cs^rt.x" channel="c1" participant="mn014">
      <nite:child href="Bmr013.A.words.xml#id(Bmr013.w.46)..id(Bmr013.w.51)"/>
   </dialogueact>
   <dialogueact nite:id="Bmr013.A.dialogueact104" starttime="400.758" endtime="401.528" type="s^m.%" original-type="s^m.%" channel="c1" participant="mn014">
      <nite:child href="Bmr013.A.words.xml#id(Bmr013.w.1,323)..id(Bmr013.w.1,325)"/>
   </dialogueact>
   <dialogueact nite:id="Bmr013.A.dialogueact276" starttime="807.993" endtime="808.373" type="s.%" original-type="s.%" channel="c1" participant="mn014">
      <nite:child href="Bmr013.A.words.xml#id(Bmr013.w.3,223)..id(Bmr013.w.3,224)"/>
   </dialogueact>
   <dialogueact nite:id="Bmr013.A.dialogueact324" starttime="940.794" endtime="941.024" type="b.%" original-type="b.%" channel="c1" participant="mn014">
      <nite:child href="Bmr013.A.words.xml#id(Bmr013.w.3,776)..id(Bmr013.w.3,777)"/>
   </dialogueact>
   <dialogueact nite:id="Bmr013.A.dialogueact565" starttime="1524.78" endtime="1535.49" comment="FBH" type="fg|s^rt" original-type="fg|s^rt" channel="c1" participant="mn014">
      <nite:child href="Bmr013.A.words.xml#id(Bmr013.w.6,552)..id(Bmr013.w.6,586)"/>
   </dialogueact>
   <dialogueact nite:id="Bmr013.A.dialogueact566" starttime="1536.34" endtime="1550.14" type="s" original-type="s" channel="c1" participant="mn014">
      <nite:child href="Bmr013.A.words.xml#id(Bmr013.w.6,587)..id(Bmr013.w.6,630)"/>
   </dialogueact>
   <dialogueact nite:id="Bmr013.A.dialogueact567" starttime="1551.28" endtime="1552.09" type="s^bsc^rt" original-type="s^bsc^rt" channel="c1" participant="mn014">
      <nite:child href="Bmr013.A.words.xml#id(Bmr013.w.6,631)..id(Bmr013.w.6,634)"/>
   </dialogueact>
   <dialogueact nite:id="Bmr013.A.dialogueact568" starttime="1552.93" endtime="1561.69" comment="should these 'and's all be floor holders/holds?" type="fh|s^rt" adjacency="FBH" original-type="fh|s^rt" channel="c1" participant="mn014">
      <nite:child href="Bmr013.A.words.xml#id(Bmr013.w.6,635)..id(Bmr013.w.6,666)"/>
   </dialogueact>
   <dialogueact nite:id="Bmr013.A.dialogueact570" starttime="1562.54" endtime="1571.44" type="s^rt" original-type="s^rt" channel="c1" participant="mn014">
      <nite:child href="Bmr013.A.words.xml#id(Bmr013.w.6,669)..id(Bmr013.w.6,695)"/>
   </dialogueact>
   <dialogueact nite:id="Bmr013.A.dialogueact571" starttime="1572.17" endtime="1580.4" comment="FBH" type="s^rt" original-type="s^rt" channel="c1" participant="mn014">
      <nite:child href="Bmr013.A.words.xml#id(Bmr013.w.6,696)..id(Bmr013.w.6,725)"/>
   </dialogueact>
   <dialogueact nite:id="Bmr013.A.dialogueact572" starttime="1580.88" endtime="1582.31" type="s^rt" adjacency="20a" original-type="s^rt" channel="c1" participant="mn014">
      <nite:child href="Bmr013.A.words.xml#id(Bmr013.w.6,726)..id(Bmr013.w.6,734)"/>
   </dialogueact>
   <dialogueact nite:id="Bmr013.A.dialogueact574" starttime="1582.95" endtime="1583.32" type="b" original-type="b" channel="c1" participant="mn014">
      <nite:child href="Bmr013.A.words.xml#id(Bmr013.w.6,738)..id(Bmr013.w.6,739)"/>
   </dialogueact>
   <dialogueact nite:id="Bmr013.A.dialogueact576" starttime="1584.91" endtime="1585.97" type="fh" original-type="fh" channel="c1" participant="mn014">
      <nite:child href="Bmr013.A.words.xml#id(Bmr013.w.6,740)..id(Bmr013.w.6,743)"/>
   </dialogueact>
   <dialogueact nite:id="Bmr013.A.dialogueact577" starttime="1586.62" endtime="1587.0" type="%-" original-type="%-" channel="c1" participant="mn014">
      <nite:child href="Bmr013.A.words.xml#id(Bmr013.w.6,749)..id(Bmr013.w.6,750)"/>
   </dialogueact>
   <dialogueact nite:id="Bmr013.A.dialogueact579" starttime="1589.56" endtime="1589.71" type="s^aa" adjacency="21b" original-type="s^aa" channel="c1" participant="mn014">
      <nite:child href="Bmr013.A.words.xml#id(Bmr013.w.6,766)..id(Bmr013.w.6,767)"/>
   </dialogueact>
   <dialogueact nite:id="Bmr013.A.dialogueact580" starttime="1589.84" endtime="1590.05" type="fg" original-type="fg" channel="c1" participant="mn014">
      <nite:child href="Bmr013.A.words.xml#id(Bmr013.w.6,770)..id(Bmr013.w.6,771)"/>
   </dialogueact>
   <dialogueact nite:id="Bmr013.A.dialogueact581" starttime="1590.35" endtime="1593.31" comment="FBH" type="s^aa|s.%-" adjacency="21b+.22a" original-type="s^aa|s.%-" channel="c1" participant="mn014">
      <nite:child href="Bmr013.A.words.xml#id(Bmr013.w.6,772)..id(Bmr013.w.6,786)"/>
   </dialogueact>
   <dialogueact nite:id="Bmr013.A.dialogueact584" starttime="1594.33" endtime="1594.49" type="s^aa" adjacency="23b-1" original-type="s^aa" channel="c1" participant="mn014">
      <nite:child href="Bmr013.A.words.xml#id(Bmr013.w.6,800)..id(Bmr013.w.6,801)"/>
   </dialogueact>
   <dialogueact nite:id="Bmr013.A.dialogueact585" starttime="1594.99" endtime="1595.1" type="s^aa" adjacency="23b-2" original-type="s^aa" channel="c1" participant="mn014">
      <nite:child href="Bmr013.A.words.xml#id(Bmr013.w.6,802)..id(Bmr013.w.6,803)"/>
   </dialogueact>
   <dialogueact nite:id="Bmr013.A.dialogueact587" starttime="1596.27" endtime="1598.97" comment="FBH ERRORCODE1 CSV: &quot;yeah - yeah | then i - i did some - some - something like that .&quot;" type="fg|s" original-type="fg|s" channel="c1" participant="mn014">
      <nite:child href="Bmr013.A.words.xml#id(Bmr013.w.6,808)..id(Bmr013.w.6,821)"/>
   </dialogueact>
   <dialogueact nite:id="Bmr013.A.dialogueact589" starttime="1599.32" endtime="1606.77" type="s^df^rt" original-type="s^df^rt" channel="c1" participant="mn014">
      <nite:child href="Bmr013.A.words.xml#id(Bmr013.w.6,824)..id(Bmr013.w.6,853)"/>
   </dialogueact>
   <dialogueact nite:id="Bmr013.A.dialogueact590" starttime="1607.35" endtime="1616.24" type="s" original-type="s" channel="c1" participant="mn014">
      <nite:child href="Bmr013.A.words.xml#id(Bmr013.w.6,854)..id(Bmr013.w.6,886)"/>
   </dialogueact>
   <dialogueact nite:id="Bmr013.A.dialogueact591" starttime="1616.81" endtime="1621.32" type="s" original-type="sj" channel="c1" participant="mn014">
      <nite:child href="Bmr013.A.words.xml#id(Bmr013.w.6,887)..id(Bmr013.w.6,909)"/>
   </dialogueact>
   <dialogueact nite:id="Bmr013.A.dialogueact593" starttime="1621.8" endtime="1624.34" type="s^ba" original-type="sj^ba" channel="c1" participant="mn014">
      <nite:child href="Bmr013.A.words.xml#id(Bmr013.w.6,912)..id(Bmr013.w.6,923)"/>
   </dialogueact>
   <dialogueact nite:id="Bmr013.A.dialogueact594" starttime="1625.13" endtime="1632.06" type="s" original-type="s" channel="c1" participant="mn014">
      <nite:child href="Bmr013.A.words.xml#id(Bmr013.w.6,924)..id(Bmr013.w.6,951)"/>
   </dialogueact>
   <dialogueact nite:id="Bmr013.A.dialogueact597" starttime="1634.13" endtime="1638.12" type="s^aa|s" adjacency="24b" original-type="s^aa|s" channel="c1" participant="mn014">
      <nite:child href="Bmr013.A.words.xml#id(Bmr013.w.6,962)..id(Bmr013.w.6,982)"/>
   </dialogueact>
   <dialogueact nite:id="Bmr013.A.dialogueact598" starttime="1639.21" endtime="1647.62" comment="FBH" type="qy^rt" adjacency="25a" original-type="qy^rt" channel="c1" participant="mn014">
      <nite:child href="Bmr013.A.words.xml#id(Bmr013.w.6,983)..id(Bmr013.w.7,012)"/>
   </dialogueact>
   <dialogueact nite:id="Bmr013.A.dialogueact604" starttime="1651.09" endtime="1651.24" type="s^aa" adjacency="26b" original-type="s^aa" channel="c1" participant="mn014">
      <nite:child href="Bmr013.A.words.xml#id(Bmr013.w.7,048)..id(Bmr013.w.7,049)"/>
   </dialogueact>
   <dialogueact nite:id="Bmr013.A.dialogueact607" starttime="1655.49" endtime="1656.13" type="s^ba" adjacency="27b" original-type="sj^ba" channel="c1" participant="mn014">
      <nite:child href="Bmr013.A.words.xml#id(Bmr013.w.7,073)..id(Bmr013.w.7,076)"/>
   </dialogueact>
   <dialogueact nite:id="Bmr013.A.dialogueact609" starttime="1660.87" endtime="1661.24" type="b" original-type="b" channel="c1" participant="mn014">
      <nite:child href="Bmr013.A.words.xml#id(Bmr013.w.7,093)..id(Bmr013.w.7,094)"/>
   </dialogueact>
   <dialogueact nite:id="Bmr013.A.dialogueact610" starttime="1662.03" endtime="1662.75" type="s^ba" adjacency="28b" original-type="sj^ba" channel="c1" participant="mn014">
      <nite:child href="Bmr013.A.words.xml#id(Bmr013.w.7,095)..id(Bmr013.w.7,100)"/>
   </dialogueact>
   <dialogueact nite:id="Bmr013.A.dialogueact611" starttime="1662.95" endtime="1663.27" type="s^ba^r^rt" adjacency="28b+" original-type="sj^ba^r^rt" channel="c1" participant="mn014">
      <nite:child href="Bmr013.A.words.xml#id(Bmr013.w.7,101)..id(Bmr013.w.7,103)"/>
   </dialogueact>
   <dialogueact nite:id="Bmr013.A.dialogueact613" starttime="1663.5" endtime="1664.1" type="fh" original-type="fh" channel="c1" participant="mn014">
      <nite:child href="Bmr013.A.words.xml#id(Bmr013.w.7,104)..id(Bmr013.w.7,110)"/>
   </dialogueact>
   <dialogueact nite:id="Bmr013.A.dialogueact619" starttime="1668.01" endtime="1668.24" type="b" original-type="b" channel="c1" participant="mn014">
      <nite:child href="Bmr013.A.words.xml#id(Bmr013.w.7,153)..id(Bmr013.w.7,154)"/>
   </dialogueact>
   <dialogueact nite:id="Bmr013.A.dialogueact621" starttime="1674.89" endtime="1675.1" type="b.%" original-type="b.%" channel="c1" participant="mn014">
      <nite:child href="Bmr013.A.words.xml#id(Bmr013.w.7,212)..id(Bmr013.w.7,213)"/>
   </dialogueact>
   <dialogueact nite:id="Bmr013.A.dialogueact622" starttime="1679.98" endtime="1680.12" type="b.%" original-type="b.%" channel="c1" participant="mn014">
      <nite:child href="Bmr013.A.words.xml#id(Bmr013.w.7,214)..id(Bmr013.w.7,215)"/>
   </dialogueact>
   <dialogueact nite:id="Bmr013.A.dialogueact626" starttime="1693.05" endtime="1693.31" type="b" original-type="b" channel="c1" participant="mn014">
      <nite:child href="Bmr013.A.words.xml#id(Bmr013.w.7,280)..id(Bmr013.w.7,281)"/>
   </dialogueact>
   <dialogueact nite:id="Bmr013.A.dialogueact627" starttime="1700.88" endtime="1701.27" type="b" original-type="b" channel="c1" participant="mn014">
      <nite:child href="Bmr013.A.words.xml#id(Bmr013.w.7,320)..id(Bmr013.w.7,321)"/>
   </dialogueact>
   <dialogueact nite:id="Bmr013.A.dialogueact629" starttime="1702.48" endtime="1702.63" type="b" original-type="b" channel="c1" participant="mn014">
      <nite:child href="Bmr013.A.words.xml#id(Bmr013.w.7,322)..id(Bmr013.w.7,323)"/>
   </dialogueact>
   <dialogueact nite:id="Bmr013.A.dialogueact630" starttime="1706.26" endtime="1706.4" type="b.%" original-type="b.%" channel="c1" participant="mn014">
      <nite:child href="Bmr013.A.words.xml#id(Bmr013.w.7,324)..id(Bmr013.w.7,325)"/>
   </dialogueact>
   <dialogueact nite:id="Bmr013.A.dialogueact633" starttime="1709.37" endtime="1718.7" type="s^arp|s^cs" adjacency="31b.32a" original-type="s^arp|s^cs" channel="c1" participant="mn014">
      <nite:child href="Bmr013.A.words.xml#id(Bmr013.w.7,332)..id(Bmr013.w.7,380)"/>
   </dialogueact>
   <dialogueact nite:id="Bmr013.A.dialogueact637" starttime="1720.29" endtime="1720.61" type="s^bk" adjacency="33b-1" original-type="s^bk" channel="c1" participant="mn014">
      <nite:child href="Bmr013.A.words.xml#id(Bmr013.w.7,406)..id(Bmr013.w.7,407)"/>
   </dialogueact>
   <dialogueact nite:id="Bmr013.A.dialogueact639" starttime="1722.64" endtime="1722.79" type="b" original-type="b" channel="c1" participant="mn014">
      <nite:child href="Bmr013.A.words.xml#id(Bmr013.w.7,412)..id(Bmr013.w.7,413)"/>
   </dialogueact>
   <dialogueact nite:id="Bmr013.A.dialogueact643" starttime="1732.69" endtime="1737.23" type="s^cs" adjacency="34b" original-type="sj^cs" channel="c1" participant="mn014">
      <nite:child href="Bmr013.A.words.xml#id(Bmr013.w.7,452)..id(Bmr013.w.7,471)"/>
   </dialogueact>
   <dialogueact nite:id="Bmr013.A.dialogueact644" starttime="1737.67" endtime="1738.15" type="h" original-type="h" channel="c1" participant="mn014">
      <nite:child href="Bmr013.A.words.xml#id(Bmr013.w.7,472)..id(Bmr013.w.7,473)"/>
   </dialogueact>
   <dialogueact nite:id="Bmr013.A.dialogueact645" starttime="1739.02" endtime="1740.63" type="s^e^no" original-type="s^e^no" channel="c1" participant="mn014">
      <nite:child href="Bmr013.A.words.xml#id(Bmr013.w.7,474)..id(Bmr013.w.7,482)"/>
   </dialogueact>
   <dialogueact nite:id="Bmr013.A.dialogueact647" starttime="1745.41" endtime="1745.72" type="s" adjacency="35b-1.36a" original-type="s" channel="c1" participant="mn014">
      <nite:child href="Bmr013.A.words.xml#id(Bmr013.w.7,505)..id(Bmr013.disfmarker.263)"/>
   </dialogueact>
   <dialogueact nite:id="Bmr013.A.dialogueact648" starttime="1745.99" endtime="1746.41" type="s^r" original-type="s^r" channel="c1" participant="mn014">
      <nite:child href="Bmr013.A.words.xml#id(Bmr013.w.7,506)..id(Bmr013.w.7,507)"/>
   </dialogueact>
   <dialogueact nite:id="Bmr013.A.dialogueact650" starttime="1746.52" endtime="1750.61" type="s" adjacency="35b-1+" original-type="s" channel="c1" participant="mn014">
      <nite:child href="Bmr013.A.words.xml#id(Bmr013.w.7,508)..id(Bmr013.w.7,519)"/>
   </dialogueact>
   <dialogueact nite:id="Bmr013.A.dialogueact653" starttime="1754.61" endtime="1754.8" comment="FBH" type="s^arp.%-" original-type="s^arp.%-" channel="c1" participant="mn014">
      <nite:child href="Bmr013.A.words.xml#id(Bmr013.w.7,557)..id(Bmr013.w.7,559)"/>
   </dialogueact>
   <dialogueact nite:id="Bmr013.A.dialogueact654" starttime="1757.81" endtime="1757.94" type="b" original-type="b" channel="c1" participant="mn014">
      <nite:child href="Bmr013.A.words.xml#id(Bmr013.w.7,564)..id(Bmr013.w.7,565)"/>
   </dialogueact>
   <dialogueact nite:id="Bmr013.A.dialogueact657" starttime="1763.76" endtime="1764.7" type="h|s^ar.%-" adjacency="37b-1" original-type="h|s^ar.%-" channel="c1" participant="mn014">
      <nite:child href="Bmr013.A.words.xml#id(Bmr013.w.7,587)..id(Bmr013.disfmarker.267)"/>
   </dialogueact>
   <dialogueact nite:id="Bmr013.A.dialogueact660" starttime="1765.32" endtime="1766.5" type="s^df^na|s^aa" adjacency="38b.39a" original-type="s^df^na|s^aa" channel="c1" participant="mn014">
      <nite:child href="Bmr013.A.words.xml#id(Bmr013.w.7,592)..id(Bmr013.w.7,600)"/>
   </dialogueact>
   <dialogueact nite:id="Bmr013.A.dialogueact663" starttime="1767.02" endtime="1767.15" type="b.%" original-type="b.%" channel="c1" participant="mn014">
      <nite:child href="Bmr013.A.words.xml#id(Bmr013.w.7,601)..id(Bmr013.w.7,602)"/>
   </dialogueact>
   <dialogueact nite:id="Bmr013.A.dialogueact668" starttime="1777.69" endtime="1777.93" type="b" original-type="b" channel="c1" participant="mn014">
      <nite:child href="Bmr013.A.words.xml#id(Bmr013.w.7,672)..id(Bmr013.w.7,673)"/>
   </dialogueact>
   <dialogueact nite:id="Bmr013.A.dialogueact672" starttime="1793.74" endtime="1793.88" type="b" original-type="b" channel="c1" participant="mn014">
      <nite:child href="Bmr013.A.words.xml#id(Bmr013.w.7,721)..id(Bmr013.w.7,722)"/>
   </dialogueact>
   <dialogueact nite:id="Bmr013.A.dialogueact673" starttime="1795.15" endtime="1795.31" type="b" original-type="b" channel="c1" participant="mn014">
      <nite:child href="Bmr013.A.words.xml#id(Bmr013.w.7,723)..id(Bmr013.w.7,724)"/>
   </dialogueact>
   <dialogueact nite:id="Bmr013.A.dialogueact675" starttime="1799.16" endtime="1799.28" type="b" original-type="b" channel="c1" participant="mn014">
      <nite:child href="Bmr013.A.words.xml#id(Bmr013.w.7,742)..id(Bmr013.w.7,743)"/>
   </dialogueact>
   <dialogueact nite:id="Bmr013.A.dialogueact677" starttime="1804.77" endtime="1805.46" type="qy^bu" original-type="qy^bu" channel="c1" participant="mn014">
      <nite:child href="Bmr013.A.words.xml#id(Bmr013.w.7,756)..id(Bmr013.w.7,759)"/>
   </dialogueact>
   <dialogueact nite:id="Bmr013.A.dialogueact678" starttime="1805.71" endtime="1806.06" type="b" original-type="b" channel="c1" participant="mn014">
      <nite:child href="Bmr013.A.words.xml#id(Bmr013.w.7,760)..id(Bmr013.w.7,761)"/>
   </dialogueact>
   <dialogueact nite:id="Bmr013.A.dialogueact681" starttime="1810.98" endtime="1811.19" type="fg" original-type="fg" channel="c1" participant="mn014">
      <nite:child href="Bmr013.A.words.xml#id(Bmr013.w.7,802)..id(Bmr013.w.7,803)"/>
   </dialogueact>
   <dialogueact nite:id="Bmr013.A.dialogueact682" starttime="1811.19" endtime="1811.33" type="%-" original-type="%-" channel="c1" participant="mn014">
      <nite:child href="Bmr013.A.words.xml#id(Bmr013.w.7,804)"/>
   </dialogueact>
   <dialogueact nite:id="Bmr013.A.dialogueact684" starttime="1816.6" endtime="1830.02" comment="FBH" type="s^cs" original-type="s^cs" channel="c1" participant="mn014">
      <nite:child href="Bmr013.A.words.xml#id(Bmr013.w.7,823)..id(Bmr013.w.7,869)"/>
   </dialogueact>
   <dialogueact nite:id="Bmr013.A.dialogueact688" starttime="1831.99" endtime="1832.16" type="b" original-type="b" channel="c1" participant="mn014">
      <nite:child href="Bmr013.A.words.xml#id(Bmr013.w.7,895)..id(Bmr013.w.7,896)"/>
   </dialogueact>
   <dialogueact nite:id="Bmr013.A.dialogueact690" starttime="1833.85" endtime="1834.49" type="s^aa" adjacency="1b-1" original-type="s^aa" channel="c1" participant="mn014">
      <nite:child href="Bmr013.A.words.xml#id(Bmr013.w.7,899)..id(Bmr013.w.7,901)"/>
   </dialogueact>
   <dialogueact nite:id="Bmr013.A.dialogueact694" starttime="1836.11" endtime="1836.33" type="b" original-type="b" channel="c1" participant="mn014">
      <nite:child href="Bmr013.A.words.xml#id(Bmr013.w.7,923)..id(Bmr013.w.7,924)"/>
   </dialogueact>
   <dialogueact nite:id="Bmr013.A.dialogueact696" starttime="1840.16" endtime="1840.36" type="b" original-type="b" channel="c1" participant="mn014">
      <nite:child href="Bmr013.A.words.xml#id(Bmr013.w.7,953)..id(Bmr013.w.7,954)"/>
   </dialogueact>
   <dialogueact nite:id="Bmr013.A.dialogueact697" starttime="1840.74" endtime="1841.9" type="s^2.%--" original-type="s^2.%--" channel="c1" participant="mn014">
      <nite:child href="Bmr013.A.words.xml#id(Bmr013.w.7,955)..id(Bmr013.w.7,961)"/>
   </dialogueact>
   <dialogueact nite:id="Bmr013.A.dialogueact698" starttime="1841.9" endtime="1842.15" type="s^aa" original-type="s^aa" channel="c1" participant="mn014">
      <nite:child href="Bmr013.A.words.xml#id(Bmr013.w.7,962)..id(Bmr013.w.7,963)"/>
   </dialogueact>
   <dialogueact nite:id="Bmr013.A.dialogueact699" starttime="1842.53" endtime="1843.23" type="s^aa^r" original-type="s^aa^r" channel="c1" participant="mn014">
      <nite:child href="Bmr013.A.words.xml#id(Bmr013.w.7,964)..id(Bmr013.w.7,967)"/>
   </dialogueact>
   <dialogueact nite:id="Bmr013.A.dialogueact702" starttime="1845.18" endtime="1845.6" type="s^aa" original-type="s^aa" channel="c1" participant="mn014">
      <nite:child href="Bmr013.A.words.xml#id(Bmr013.w.7,985)..id(Bmr013.w.7,988)"/>
   </dialogueact>
   <dialogueact nite:id="Bmr013.A.dialogueact704" starttime="1848.1" endtime="1848.21" type="b" original-type="b" channel="c1" participant="mn014">
      <nite:child href="Bmr013.A.words.xml#id(Bmr013.w.7,989)..id(Bmr013.w.7,990)"/>
   </dialogueact>
   <dialogueact nite:id="Bmr013.A.dialogueact706" starttime="1850.9" endtime="1851.41" type="s^ba" original-type="sj^ba" channel="c1" participant="mn014">
      <nite:child href="Bmr013.A.words.xml#id(Bmr013.w.8,001)..id(Bmr013.w.8,004)"/>
   </dialogueact>
   <dialogueact nite:id="Bmr013.A.dialogueact711" starttime="1866.93" endtime="1870.21" type="s" adjacency="2b.3a" original-type="s" channel="c1" participant="mn014">
      <nite:child href="Bmr013.A.words.xml#id(Bmr013.w.8,068)..id(Bmr013.w.8,086)"/>
   </dialogueact>
   <dialogueact nite:id="Bmr013.A.dialogueact712" starttime="1870.21" endtime="1879.99" type="s" adjacency="2b+.3a+" original-type="s" channel="c1" participant="mn014">
      <nite:child href="Bmr013.A.words.xml#id(Bmr013.w.8,087)..id(Bmr013.w.8,122)"/>
   </dialogueact>
   <dialogueact nite:id="Bmr013.A.dialogueact713" starttime="1880.46" endtime="1886.94" type="fh|s^rt" adjacency="2b+" original-type="fh|s^rt" channel="c1" participant="mn014">
      <nite:child href="Bmr013.A.words.xml#id(Bmr013.w.8,123)..id(Bmr013.w.8,147)"/>
   </dialogueact>
   <dialogueact nite:id="Bmr013.A.dialogueact714" starttime="1887.39" endtime="1887.79" type="fh" original-type="fh" channel="c1" participant="mn014">
      <nite:child href="Bmr013.A.words.xml#id(Bmr013.w.8,148)..id(Bmr013.w.8,149)"/>
   </dialogueact>
   <dialogueact nite:id="Bmr013.A.dialogueact716" starttime="1891.48" endtime="1891.58" type="b" original-type="b" channel="c1" participant="mn014">
      <nite:child href="Bmr013.A.words.xml#id(Bmr013.w.8,162)..id(Bmr013.w.8,163)"/>
   </dialogueact>
   <dialogueact nite:id="Bmr013.A.dialogueact722" starttime="1910.9" endtime="1913.57" type="s^aa" adjacency="4b.5a" original-type="s^aa" channel="c1" participant="mn014">
      <nite:child href="Bmr013.A.words.xml#id(Bmr013.w.8,245)..id(Bmr013.w.8,256)"/>
   </dialogueact>
   <dialogueact nite:id="Bmr013.A.dialogueact724" starttime="1914.69" endtime="1917.78" type="s" original-type="s" channel="c1" participant="mn014">
      <nite:child href="Bmr013.A.words.xml#id(Bmr013.w.8,266)..id(Bmr013.w.8,280)"/>
   </dialogueact>
   <dialogueact nite:id="Bmr013.A.dialogueact727" starttime="1918.5" endtime="1921.28" type="s" original-type="s" channel="c1" participant="mn014">
      <nite:child href="Bmr013.A.words.xml#id(Bmr013.w.8,283)..id(Bmr013.w.8,295)"/>
   </dialogueact>
   <dialogueact nite:id="Bmr013.A.dialogueact729" starttime="1923.02" endtime="1923.26" type="%-" original-type="%-" channel="c1" participant="mn014">
      <nite:child href="Bmr013.A.words.xml#id(Bmr013.w.8,306)..id(Bmr013.w.8,307)"/>
   </dialogueact>
   <dialogueact nite:id="Bmr013.A.dialogueact731" starttime="1924.45" endtime="1925.17" type="s^am" original-type="s^am" channel="c1" participant="mn014">
      <nite:child href="Bmr013.A.words.xml#id(Bmr013.w.8,308)..id(Bmr013.w.8,314)"/>
   </dialogueact>
   <dialogueact nite:id="Bmr013.A.dialogueact732" starttime="1925.37" endtime="1931.51" type="s" original-type="s" channel="c1" participant="mn014">
      <nite:child href="Bmr013.A.words.xml#id(Bmr013.w.8,315)..id(Bmr013.w.8,337)"/>
   </dialogueact>
   <dialogueact nite:id="Bmr013.A.dialogueact733" starttime="1931.51" endtime="1934.72" type="s" original-type="s" channel="c1" participant="mn014">
      <nite:child href="Bmr013.A.words.xml#id(Bmr013.w.8,338)..id(Bmr013.w.8,353)"/>
   </dialogueact>
   <dialogueact nite:id="Bmr013.A.dialogueact734" starttime="1934.78" endtime="1940.57" type="s^cs" original-type="s^cs" channel="c1" participant="mn014">
      <nite:child href="Bmr013.A.words.xml#id(Bmr013.w.8,354)..id(Bmr013.w.8,375)"/>
   </dialogueact>
   <dialogueact nite:id="Bmr013.A.dialogueact735" starttime="1941.39" endtime="1941.77" type="fh" original-type="fh" channel="c1" participant="mn014">
      <nite:child href="Bmr013.A.words.xml#id(Bmr013.w.8,376)..id(Bmr013.w.8,377)"/>
   </dialogueact>
   <dialogueact nite:id="Bmr013.A.dialogueact736" starttime="1943.2" endtime="1943.3" type="fh" original-type="fh" channel="c1" participant="mn014">
      <nite:child href="Bmr013.A.words.xml#id(Bmr013.w.8,378)..id(Bmr013.w.8,379)"/>
   </dialogueact>
   <dialogueact nite:id="Bmr013.A.dialogueact737" starttime="1943.57" endtime="1945.93" type="s" original-type="s" channel="c1" participant="mn014">
      <nite:child href="Bmr013.A.words.xml#id(Bmr013.w.8,380)..id(Bmr013.w.8,391)"/>
   </dialogueact>
   <dialogueact nite:id="Bmr013.A.dialogueact738" starttime="1945.93" endtime="1952.0" type="s" adjacency="6a" original-type="s" channel="c1" participant="mn014">
      <nite:child href="Bmr013.A.words.xml#id(Bmr013.w.8,392)..id(Bmr013.w.8,414)"/>
   </dialogueact>
   <dialogueact nite:id="Bmr013.A.dialogueact742" starttime="1958.96" endtime="1966.85" type="s^no" adjacency="7b" original-type="s^no" channel="c1" participant="mn014">
      <nite:child href="Bmr013.A.words.xml#id(Bmr013.w.8,443)..id(Bmr013.w.8,476)"/>
   </dialogueact>
   <dialogueact nite:id="Bmr013.A.dialogueact743" starttime="1966.85" endtime="1969.65" type="s^ar" original-type="s^ar" channel="c1" participant="mn014">
      <nite:child href="Bmr013.A.words.xml#id(Bmr013.w.8,477)..id(Bmr013.w.8,490)"/>
   </dialogueact>
   <dialogueact nite:id="Bmr013.A.dialogueact745" starttime="1971.32" endtime="1971.42" type="s^aa" adjacency="8b" original-type="s^aa" channel="c1" participant="mn014">
      <nite:child href="Bmr013.A.words.xml#id(Bmr013.w.8,501)..id(Bmr013.w.8,502)"/>
   </dialogueact>
   <dialogueact nite:id="Bmr013.A.dialogueact746" starttime="1972.06" endtime="1972.21" type="s^aa^r" original-type="s^aa^r" channel="c1" participant="mn014">
      <nite:child href="Bmr013.A.words.xml#id(Bmr013.w.8,503)..id(Bmr013.w.8,504)"/>
   </dialogueact>
   <dialogueact nite:id="Bmr013.A.dialogueact749" starttime="1979.82" endtime="1980.01" type="s^ar.%" original-type="s^ar.%" channel="c1" participant="mn014">
      <nite:child href="Bmr013.A.words.xml#id(Bmr013.w.8,558)..id(Bmr013.w.8,559)"/>
   </dialogueact>
   <dialogueact nite:id="Bmr013.A.dialogueact756" starttime="1990.88" endtime="1991.39" type="%-" original-type="%-" channel="c1" participant="mn014">
      <nite:child href="Bmr013.A.words.xml#id(Bmr013.w.8,599)..id(Bmr013.disfmarker.320)"/>
   </dialogueact>
   <dialogueact nite:id="Bmr013.A.dialogueact759" starttime="2001.24" endtime="2002.79" type="s" original-type="s" channel="c1" participant="mn014">
      <nite:child href="Bmr013.A.words.xml#id(Bmr013.w.8,650)..id(Bmr013.w.8,662)"/>
   </dialogueact>
   <dialogueact nite:id="Bmr013.A.dialogueact762" starttime="2003.32" endtime="2003.51" type="b" original-type="b" channel="c1" participant="mn014">
      <nite:child href="Bmr013.A.words.xml#id(Bmr013.w.8,684)..id(Bmr013.w.8,685)"/>
   </dialogueact>
   <dialogueact nite:id="Bmr013.A.dialogueact765" starttime="2004.74" endtime="2004.88" type="s^aa" original-type="s^aa" channel="c1" participant="mn014">
      <nite:child href="Bmr013.A.words.xml#id(Bmr013.w.8,691)..id(Bmr013.w.8,692)"/>
   </dialogueact>
   <dialogueact nite:id="Bmr013.A.dialogueact780" starttime="2016.91" endtime="2017.14" type="b" original-type="b" channel="c1" participant="mn014">
      <nite:child href="Bmr013.A.words.xml#id(Bmr013.w.8,791)..id(Bmr013.w.8,792)"/>
   </dialogueact>
   <dialogueact nite:id="Bmr013.A.dialogueact781" starttime="2020.88" endtime="2021.06" type="b" original-type="b" channel="c1" participant="mn014">
      <nite:child href="Bmr013.A.words.xml#id(Bmr013.w.8,793)..id(Bmr013.w.8,794)"/>
   </dialogueact>
   <dialogueact nite:id="Bmr013.A.dialogueact794" starttime="2037.6" endtime="2038.17" type="%-" original-type="%-" channel="c1" participant="mn014">
      <nite:child href="Bmr013.A.words.xml#id(Bmr013.w.8,884)..id(Bmr013.w.8,888)"/>
   </dialogueact>
   <dialogueact nite:id="Bmr013.A.dialogueact809" starttime="2062.16" endtime="2062.38" type="fg" original-type="fg" channel="c1" participant="mn014">
      <nite:child href="Bmr013.A.words.xml#id(Bmr013.w.9,003)..id(Bmr013.w.9,004)"/>
   </dialogueact>
   <dialogueact nite:id="Bmr013.A.dialogueact811" starttime="2064.17" endtime="2069.08" type="qr^rt.%--" adjacency="16a" original-type="qr^rt.%--" channel="c1" participant="mn014">
      <nite:child href="Bmr013.A.words.xml#id(Bmr013.w.9,013)..id(Bmr013.w.9,030)"/>
   </dialogueact>
   <dialogueact nite:id="Bmr013.A.dialogueact813" starttime="2072.75" endtime="2072.95" type="s^bk" adjacency="17b" original-type="s^bk" channel="c1" participant="mn014">
      <nite:child href="Bmr013.A.words.xml#id(Bmr013.w.9,060)..id(Bmr013.w.9,061)"/>
   </dialogueact>
   <dialogueact nite:id="Bmr013.A.dialogueact817" starttime="2077.99" endtime="2078.21" type="b" original-type="b" channel="c1" participant="mn014">
      <nite:child href="Bmr013.A.words.xml#id(Bmr013.w.9,102)..id(Bmr013.w.9,103)"/>
   </dialogueact>
   <dialogueact nite:id="Bmr013.A.dialogueact821" starttime="2082.81" endtime="2083.12" type="b" original-type="b" channel="c1" participant="mn014">
      <nite:child href="Bmr013.A.words.xml#id(Bmr013.w.9,106)..id(Bmr013.w.9,107)"/>
   </dialogueact>
   <dialogueact nite:id="Bmr013.A.dialogueact830" starttime="2100.48" endtime="2100.83" type="b.%" original-type="b.%" channel="c1" participant="mn014">
      <nite:child href="Bmr013.A.words.xml#id(Bmr013.w.9,192)..id(Bmr013.w.9,193)"/>
   </dialogueact>
   <dialogueact nite:id="Bmr013.A.dialogueact831" starttime="2103.02" endtime="2103.33" type="b.%" original-type="b.%" channel="c1" participant="mn014">
      <nite:child href="Bmr013.A.words.xml#id(Bmr013.w.9,194)..id(Bmr013.w.9,195)"/>
   </dialogueact>
   <dialogueact nite:id="Bmr013.A.dialogueact896" starttime="2346.75" endtime="2347.02" type="b.%" original-type="b.%" channel="c1" participant="mn014">
      <nite:child href="Bmr013.A.words.xml#id(Bmr013.w.10,238)..id(Bmr013.w.10,239)"/>
   </dialogueact>
   <dialogueact nite:id="Bmr013.A.dialogueact941" starttime="2463.5" endtime="2463.74" type="b" original-type="b" channel="c1" participant="mn014">
      <nite:child href="Bmr013.A.words.xml#id(Bmr013.w.10,774)..id(Bmr013.w.10,775)"/>
   </dialogueact>
   <dialogueact nite:id="Bmr013.A.dialogueact942" starttime="2465.21" endtime="2465.38" type="b" original-type="b" channel="c1" participant="mn014">
      <nite:child href="Bmr013.A.words.xml#id(Bmr013.w.10,785)..id(Bmr013.w.10,786)"/>
   </dialogueact>
   <dialogueact nite:id="Bmr013.A.dialogueact943" starttime="2465.55" endtime="2465.81" type="b" original-type="b" channel="c1" participant="mn014">
      <nite:child href="Bmr013.A.words.xml#id(Bmr013.w.10,787)..id(Bmr013.w.10,788)"/>
   </dialogueact>
   <dialogueact nite:id="Bmr013.A.dialogueact945" starttime="2466.18" endtime="2475.35" comment="FBH" type="s" adjacency="7a" original-type="s" channel="c1" participant="mn014">
      <nite:child href="Bmr013.A.words.xml#id(Bmr013.w.10,789)..id(Bmr013.w.10,837)"/>
   </dialogueact>
   <dialogueact nite:id="Bmr013.A.dialogueact950" starttime="2475.89" endtime="2476.15" type="s^aa" adjacency="8b.9a" original-type="s^aa" channel="c1" participant="mn014">
      <nite:child href="Bmr013.A.words.xml#id(Bmr013.w.10,858)..id(Bmr013.w.10,859)"/>
   </dialogueact>
   <dialogueact nite:id="Bmr013.A.dialogueact956" starttime="2479.9" endtime="2480.08" type="b" original-type="b" channel="c1" participant="mn014">
      <nite:child href="Bmr013.A.words.xml#id(Bmr013.w.10,882)..id(Bmr013.w.10,883)"/>
   </dialogueact>
   <dialogueact nite:id="Bmr013.A.dialogueact959" starttime="2485.32" endtime="2485.56" type="b" original-type="b" channel="c1" participant="mn014">
      <nite:child href="Bmr013.A.words.xml#id(Bmr013.w.10,908)..id(Bmr013.w.10,909)"/>
   </dialogueact>
   <dialogueact nite:id="Bmr013.A.dialogueact962" starttime="2491.79" endtime="2492.09" type="b" original-type="b" channel="c1" participant="mn014">
      <nite:child href="Bmr013.A.words.xml#id(Bmr013.w.10,942)..id(Bmr013.w.10,943)"/>
   </dialogueact>
   <dialogueact nite:id="Bmr013.A.dialogueact1055" starttime="2672.06" endtime="2674.21" type="z" original-type="z" channel="c1" participant="mn014">
      <nite:child href="Bmr013.A.words.xml#id(Bmr013.w.11,690)..id(Bmr013.w.11,691)"/>
   </dialogueact>
</nite:root>