<?xml version="1.0" encoding="ISO-8859-1" standalone="yes"?>
<nite:root nite:id="Bmr011.E.dialogue-acts" xmlns:nite="http://nite.sourceforge.net/">
   <dialogueact nite:id="Bmr011.E.dialogueact2" starttime="3.918" endtime="4.538" type="z" original-type="z" channel="c4" participant="me018">
      <nite:child href="Bmr011.E.words.xml#id(Bmr011.w.11)..id(Bmr011.w.14)"/>
   </dialogueact>
   <dialogueact nite:id="Bmr011.E.dialogueact45" starttime="63.01" endtime="63.46" type="qw^rt" original-type="qw^rt" channel="c4" participant="me018">
      <nite:child href="Bmr011.E.words.xml#id(Bmr011.w.279)..id(Bmr011.w.281)"/>
   </dialogueact>
   <dialogueact nite:id="Bmr011.E.dialogueact51" starttime="70.174" endtime="70.604" type="qw^rt" adjacency="5b.6a" original-type="qw^rt" channel="c4" participant="me018">
      <nite:child href="Bmr011.E.words.xml#id(Bmr011.w.319)..id(Bmr011.w.322)"/>
   </dialogueact>
   <dialogueact nite:id="Bmr011.E.dialogueact67" starttime="107.752" endtime="108.082" type="%-" original-type="%-" channel="c4" participant="me018">
      <nite:child href="Bmr011.E.words.xml#id(Bmr011.w.438)"/>
   </dialogueact>
   <dialogueact nite:id="Bmr011.E.dialogueact76" starttime="125.092" endtime="130.068" type="qy^rt" adjacency="11a" original-type="qy^rt" channel="c4" participant="me018">
      <nite:child href="Bmr011.E.words.xml#id(Bmr011.w.499)..id(Bmr011.w.529)"/>
   </dialogueact>
   <dialogueact nite:id="Bmr011.E.dialogueact154" starttime="271.93" endtime="272.4" type="b" original-type="b" channel="c4" participant="me018">
      <nite:child href="Bmr011.E.words.xml#id(Bmr011.w.1,131)..id(Bmr011.w.1,134)"/>
   </dialogueact>
   <dialogueact nite:id="Bmr011.E.dialogueact167" starttime="302.24" endtime="303.35" type="qy^rt" original-type="qy^rt" channel="c4" participant="me018">
      <nite:child href="Bmr011.E.words.xml#id(Bmr011.w.1,245)..id(Bmr011.w.1,251)"/>
   </dialogueact>
   <dialogueact nite:id="Bmr011.E.dialogueact200" starttime="363.83" endtime="364.49" type="qy.%-" adjacency="30b" original-type="qy.%-" channel="c4" participant="me018">
      <nite:child href="Bmr011.E.words.xml#id(Bmr011.w.1,527)..id(Bmr011.disfmarker.54)"/>
   </dialogueact>
   <dialogueact nite:id="Bmr011.E.dialogueact201" starttime="365.45" endtime="367.72" type="qy^bu^d^rt" adjacency="30b+" original-type="qy^bu^d^rt" channel="c4" participant="me018">
      <nite:child href="Bmr011.E.words.xml#id(Bmr011.w.1,530)..id(Bmr011.w.1,538)"/>
   </dialogueact>
   <dialogueact nite:id="Bmr011.E.dialogueact202" starttime="367.72" endtime="371.504" type="qy^bu^rt" adjacency="30b++.31a" original-type="qy^bu^rt" channel="c4" participant="me018">
      <nite:child href="Bmr011.E.words.xml#id(Bmr011.w.1,539)..id(Bmr011.w.1,551)"/>
   </dialogueact>
   <dialogueact nite:id="Bmr011.E.dialogueact203" starttime="371.504" endtime="372.104" type="qy^rt" adjacency="30b+++.31a+" original-type="qy^rt" channel="c4" participant="me018">
      <nite:child href="Bmr011.E.words.xml#id(Bmr011.w.1,552)..id(Bmr011.w.1,557)"/>
   </dialogueact>
   <dialogueact nite:id="Bmr011.E.dialogueact204" starttime="372.104" endtime="372.164" type="qrr.%--" original-type="qrr.%--" channel="c4" participant="me018">
      <nite:child href="Bmr011.E.words.xml#id(Bmr011.w.1,558)..id(Bmr011.w.1,559)"/>
   </dialogueact>
   <dialogueact nite:id="Bmr011.E.dialogueact263" starttime="450.048" endtime="451.448" type="s^2^j" adjacency="38b-2" original-type="s^2^j" channel="c4" participant="me018">
      <nite:child href="Bmr011.E.words.xml#id(Bmr011.w.2,015)..id(Bmr011.w.2,021)"/>
   </dialogueact>
   <dialogueact nite:id="Bmr011.E.dialogueact269" starttime="454.187" endtime="454.457" type="b" original-type="b" channel="c4" participant="me018">
      <nite:child href="Bmr011.E.words.xml#id(Bmr011.w.2,042)..id(Bmr011.w.2,043)"/>
   </dialogueact>
   <dialogueact nite:id="Bmr011.E.dialogueact342" starttime="641.4" endtime="642.15" type="s^ba" adjacency="4b-1" original-type="s^ba" channel="c4" participant="me018">
      <nite:child href="Bmr011.E.words.xml#id(Bmr011.w.2,755)..id(Bmr011.w.2,759)"/>
   </dialogueact>
   <dialogueact nite:id="Bmr011.E.dialogueact346" starttime="643.204" endtime="644.034" type="s^ba^m" original-type="s^ba^m" channel="c4" participant="me018">
      <nite:child href="Bmr011.E.words.xml#id(Bmr011.w.2,769)..id(Bmr011.w.2,774)"/>
   </dialogueact>
   <dialogueact nite:id="Bmr011.E.dialogueact363" starttime="712.09" endtime="718.108" type="s^cs^tc" adjacency="5a" original-type="s^cs^tc" channel="c4" participant="me018">
      <nite:child href="Bmr011.E.words.xml#id(Bmr011.w.3,041)..id(Bmr011.w.3,066)"/>
   </dialogueact>
   <dialogueact nite:id="Bmr011.E.dialogueact364" starttime="718.108" endtime="724.006" type="s^cs^e" adjacency="5a+" original-type="s^cs^e" channel="c4" participant="me018">
      <nite:child href="Bmr011.E.words.xml#id(Bmr011.w.3,067)..id(Bmr011.w.3,092)"/>
   </dialogueact>
   <dialogueact nite:id="Bmr011.E.dialogueact366" starttime="724.006" endtime="726.436" type="s^cs^e" adjacency="5a++" original-type="s^cs^e" channel="c4" participant="me018">
      <nite:child href="Bmr011.E.words.xml#id(Bmr011.w.3,093)..id(Bmr011.w.3,107)"/>
   </dialogueact>
   <dialogueact nite:id="Bmr011.E.dialogueact370" starttime="727.3" endtime="728.1" type="fh|s.%-" original-type="fh|s.%-" channel="c4" participant="me018">
      <nite:child href="Bmr011.E.words.xml#id(Bmr011.w.3,127)..id(Bmr011.disfmarker.122)"/>
   </dialogueact>
   <dialogueact nite:id="Bmr011.E.dialogueact372" starttime="728.58" endtime="728.94" type="qy^bu^rt" adjacency="6b.7a" original-type="qy^bu^rt" channel="c4" participant="me018">
      <nite:child href="Bmr011.E.words.xml#id(Bmr011.w.3,135)..id(Bmr011.w.3,139)"/>
   </dialogueact>
   <dialogueact nite:id="Bmr011.E.dialogueact374" starttime="729.55" endtime="730.39" type="s^ba" adjacency="8b" original-type="s^ba" channel="c4" participant="me018">
      <nite:child href="Bmr011.E.words.xml#id(Bmr011.w.3,140)..id(Bmr011.w.3,145)"/>
   </dialogueact>
   <dialogueact nite:id="Bmr011.E.dialogueact377" starttime="733.57" endtime="735.7" type="s^bu" adjacency="9a" original-type="s^bu" channel="c4" participant="me018">
      <nite:child href="Bmr011.E.words.xml#id(Bmr011.w.3,166)..id(Bmr011.w.3,177)"/>
   </dialogueact>
   <dialogueact nite:id="Bmr011.E.dialogueact378" starttime="735.7" endtime="735.87" type="fh" original-type="fh" channel="c4" participant="me018">
      <nite:child href="Bmr011.E.words.xml#id(Bmr011.w.3,178)..id(Bmr011.disfmarker.125)"/>
   </dialogueact>
   <dialogueact nite:id="Bmr011.E.dialogueact391" starttime="755.743" endtime="756.253" type="s^bk" adjacency="11b" original-type="s^bk" channel="c4" participant="me018">
      <nite:child href="Bmr011.E.words.xml#id(Bmr011.w.3,322)..id(Bmr011.w.3,325)"/>
   </dialogueact>
   <dialogueact nite:id="Bmr011.E.dialogueact394" starttime="768.49" endtime="768.78" type="b" original-type="b" channel="c4" participant="me018">
      <nite:child href="Bmr011.E.words.xml#id(Bmr011.w.3,363)..id(Bmr011.w.3,364)"/>
   </dialogueact>
   <dialogueact nite:id="Bmr011.E.dialogueact396" starttime="769.7" endtime="777.47" type="s" adjacency="12a" original-type="s" channel="c4" participant="me018">
      <nite:child href="Bmr011.E.words.xml#id(Bmr011.w.3,365)..id(Bmr011.w.3,404)"/>
   </dialogueact>
   <dialogueact nite:id="Bmr011.E.dialogueact398" starttime="777.71" endtime="778.7" type="s^cs.%-" adjacency="12a+" original-type="s^cs.%-" channel="c4" participant="me018">
      <nite:child href="Bmr011.E.words.xml#id(Bmr011.w.3,405)..id(Bmr011.disfmarker.142)"/>
   </dialogueact>
   <dialogueact nite:id="Bmr011.E.dialogueact402" starttime="779.513" endtime="784.843" type="fg|s" adjacency="14a" original-type="fg|s" channel="c4" participant="me018">
      <nite:child href="Bmr011.E.words.xml#id(Bmr011.w.3,427)..id(Bmr011.w.3,448)"/>
   </dialogueact>
   <dialogueact nite:id="Bmr011.E.dialogueact409" starttime="785.516" endtime="785.716" type="fh" original-type="fh" channel="c4" participant="me018">
      <nite:child href="Bmr011.E.words.xml#id(Bmr011.w.3,461)..id(Bmr011.disfmarker.143)"/>
   </dialogueact>
   <dialogueact nite:id="Bmr011.E.dialogueact456" starttime="879.03" endtime="880.08" type="qy^rt" adjacency="24a" original-type="qy^rt" channel="c4" participant="me018">
      <nite:child href="Bmr011.E.words.xml#id(Bmr011.w.3,870)..id(Bmr011.w.3,878)"/>
   </dialogueact>
   <dialogueact nite:id="Bmr011.E.dialogueact460" starttime="881.041" endtime="881.571" type="b" original-type="b" channel="c4" participant="me018">
      <nite:child href="Bmr011.E.words.xml#id(Bmr011.w.3,883)..id(Bmr011.w.3,884)"/>
   </dialogueact>
   <dialogueact nite:id="Bmr011.E.dialogueact487" starttime="976.0" endtime="979.09" type="qy^bu^rt" original-type="qy^bu^rt" channel="c4" participant="me018">
      <nite:child href="Bmr011.E.words.xml#id(Bmr011.w.4,284)..id(Bmr011.w.4,293)"/>
   </dialogueact>
   <dialogueact nite:id="Bmr011.E.dialogueact497" starttime="1002.9" endtime="1003.17" comment="FBH" type="s^fe" adjacency="26b" original-type="s^fe" channel="c4" participant="me018">
      <nite:child href="Bmr011.E.words.xml#id(Bmr011.w.4,392)..id(Bmr011.w.4,393)"/>
   </dialogueact>
   <dialogueact nite:id="Bmr011.E.dialogueact503" starttime="1020.95" endtime="1025.37" type="s" adjacency="27a" original-type="s" channel="c4" participant="me018">
      <nite:child href="Bmr011.E.words.xml#id(Bmr011.w.4,466)..id(Bmr011.w.4,490)"/>
   </dialogueact>
   <dialogueact nite:id="Bmr011.E.dialogueact517" starttime="1045.28" endtime="1045.68" type="b" original-type="b" channel="c4" participant="me018">
      <nite:child href="Bmr011.E.words.xml#id(Bmr011.w.4,588)..id(Bmr011.w.4,589)"/>
   </dialogueact>
   <dialogueact nite:id="Bmr011.E.dialogueact542" starttime="1121.68" endtime="1126.3" type="qy^bu^d^rt" adjacency="34a" original-type="qy^bu^d^rt" channel="c4" participant="me018">
      <nite:child href="Bmr011.E.words.xml#id(Bmr011.w.4,975)..id(Bmr011.w.4,993)"/>
   </dialogueact>
   <dialogueact nite:id="Bmr011.E.dialogueact544" starttime="1127.13" endtime="1127.37" type="qy.%-" original-type="qy.%-" channel="c4" participant="me018">
      <nite:child href="Bmr011.E.words.xml#id(Bmr011.w.4,994)..id(Bmr011.disfmarker.213)"/>
   </dialogueact>
   <dialogueact nite:id="Bmr011.E.dialogueact548" starttime="1131.33" endtime="1133.75" type="s^e" adjacency="35a" original-type="s^e" channel="c4" participant="me018">
      <nite:child href="Bmr011.E.words.xml#id(Bmr011.w.5,024)..id(Bmr011.w.5,041)"/>
   </dialogueact>
   <dialogueact nite:id="Bmr011.E.dialogueact552" starttime="1142.85" endtime="1143.28" type="s^aa" adjacency="36b" original-type="s^aa" channel="c4" participant="me018">
      <nite:child href="Bmr011.E.words.xml#id(Bmr011.w.5,086)..id(Bmr011.w.5,087)"/>
   </dialogueact>
   <dialogueact nite:id="Bmr011.E.dialogueact554" starttime="1143.48" endtime="1143.67" type="b" original-type="b" channel="c4" participant="me018">
      <nite:child href="Bmr011.E.words.xml#id(Bmr011.w.5,088)..id(Bmr011.w.5,089)"/>
   </dialogueact>
   <dialogueact nite:id="Bmr011.E.dialogueact558" starttime="1155.53" endtime="1156.09" type="b" original-type="b" channel="c4" participant="me018">
      <nite:child href="Bmr011.E.words.xml#id(Bmr011.w.5,135)..id(Bmr011.w.5,136)"/>
   </dialogueact>
   <dialogueact nite:id="Bmr011.E.dialogueact564" starttime="1173.82" endtime="1175.11" type="s^bk" adjacency="37b" original-type="s^bk" channel="c4" participant="me018">
      <nite:child href="Bmr011.E.words.xml#id(Bmr011.w.5,198)..id(Bmr011.w.5,206)"/>
   </dialogueact>
   <dialogueact nite:id="Bmr011.E.dialogueact568" starttime="1176.02" endtime="1177.59" type="s^bs" original-type="s^bs" channel="c4" participant="me018">
      <nite:child href="Bmr011.E.words.xml#id(Bmr011.w.5,210)..id(Bmr011.w.5,220)"/>
   </dialogueact>
   <dialogueact nite:id="Bmr011.E.dialogueact673" starttime="1439.63" endtime="1442.44" type="qy^rt" adjacency="16a" original-type="qy^rt" channel="c4" participant="me018">
      <nite:child href="Bmr011.E.words.xml#id(Bmr011.w.6,348)..id(Bmr011.w.6,359)"/>
   </dialogueact>
   <dialogueact nite:id="Bmr011.E.dialogueact674" starttime="1443.0" endtime="1443.0" type="%--" original-type="%--" channel="c4" participant="me018">
   </dialogueact>
   <dialogueact nite:id="Bmr011.E.dialogueact675" starttime="1443.3" endtime="1443.51" type="s.%--" original-type="s.%--" channel="c4" participant="me018">
      <nite:child href="Bmr011.E.words.xml#id(Bmr011.w.6,366)..id(Bmr011.w.6,367)"/>
   </dialogueact>
   <dialogueact nite:id="Bmr011.E.dialogueact681" starttime="1453.14" endtime="1453.47" comment="FBH" type="b" original-type="b" channel="c4" participant="me018">
      <nite:child href="Bmr011.E.words.xml#id(Bmr011.w.6,423)..id(Bmr011.w.6,424)"/>
   </dialogueact>
   <dialogueact nite:id="Bmr011.E.dialogueact682" starttime="1458.0" endtime="1459.73" type="s^bs.%-" adjacency="17b.18a" original-type="s^bs.%-" channel="c4" participant="me018">
      <nite:child href="Bmr011.E.words.xml#id(Bmr011.w.6,425)..id(Bmr011.disfmarker.278)"/>
   </dialogueact>
   <dialogueact nite:id="Bmr011.E.dialogueact698" starttime="1502.49" endtime="1502.92" comment="FBH" type="b" original-type="b" channel="c4" participant="me018">
      <nite:child href="Bmr011.E.words.xml#id(Bmr011.w.6,626)..id(Bmr011.w.6,627)"/>
   </dialogueact>
   <dialogueact nite:id="Bmr011.E.dialogueact714" starttime="1528.9" endtime="1530.0" type="s^bu" original-type="s^bu" channel="c4" participant="me018">
      <nite:child href="Bmr011.E.words.xml#id(Bmr011.w.6,768)..id(Bmr011.w.6,775)"/>
   </dialogueact>
   <dialogueact nite:id="Bmr011.E.dialogueact717" starttime="1531.33" endtime="1531.87" type="b" original-type="b" channel="c4" participant="me018">
      <nite:child href="Bmr011.E.words.xml#id(Bmr011.w.6,784)..id(Bmr011.w.6,785)"/>
   </dialogueact>
   <dialogueact nite:id="Bmr011.E.dialogueact749" starttime="1547.75" endtime="1548.16" type="s^2^j" adjacency="26b-2.27a" original-type="s^2^j" channel="c4" participant="me018">
      <nite:child href="Bmr011.E.words.xml#id(Bmr011.w.6,935)..id(Bmr011.w.6,936)"/>
   </dialogueact>
   <dialogueact nite:id="Bmr011.E.dialogueact761" starttime="1577.26" endtime="1578.18" type="qw^rt" adjacency="29a" original-type="qw^rt" channel="c4" participant="me018">
      <nite:child href="Bmr011.E.words.xml#id(Bmr011.w.7,044)..id(Bmr011.w.7,050)"/>
   </dialogueact>
   <dialogueact nite:id="Bmr011.E.dialogueact764" starttime="1580.69" endtime="1581.37" type="s^bk" adjacency="30b" original-type="s^bk" channel="c4" participant="me018">
      <nite:child href="Bmr011.E.words.xml#id(Bmr011.w.7,084)..id(Bmr011.w.7,087)"/>
   </dialogueact>
   <dialogueact nite:id="Bmr011.E.dialogueact769" starttime="1590.31" endtime="1590.54" type="b^rt" original-type="b^rt" channel="c4" participant="me018">
      <nite:child href="Bmr011.E.words.xml#id(Bmr011.w.7,109)..id(Bmr011.w.7,112)"/>
   </dialogueact>
   <dialogueact nite:id="Bmr011.E.dialogueact775" starttime="1610.26" endtime="1610.55" type="s^ba^fe" adjacency="40b" original-type="s^ba^fe" channel="c4" participant="me018">
      <nite:child href="Bmr011.E.words.xml#id(Bmr011.w.7,240)..id(Bmr011.w.7,241)"/>
   </dialogueact>
   <dialogueact nite:id="Bmr011.E.dialogueact838" starttime="1794.45" endtime="1801.36" type="qy^rt" original-type="qy^rt" channel="c4" participant="me018">
      <nite:child href="Bmr011.E.words.xml#id(Bmr011.w.7,966)..id(Bmr011.w.7,992)"/>
   </dialogueact>
   <dialogueact nite:id="Bmr011.E.dialogueact841" starttime="1801.48" endtime="1801.86" type="%-" original-type="%-" channel="c4" participant="me018">
      <nite:child href="Bmr011.E.words.xml#id(Bmr011.w.7,993)..id(Bmr011.disfmarker.357)"/>
   </dialogueact>
   <dialogueact nite:id="Bmr011.E.dialogueact844" starttime="1802.64" endtime="1803.04" type="s^aa" adjacency="2b-2" original-type="s^aa" channel="c4" participant="me018">
      <nite:child href="Bmr011.E.words.xml#id(Bmr011.w.8,008)..id(Bmr011.w.8,009)"/>
   </dialogueact>
   <dialogueact nite:id="Bmr011.E.dialogueact845" starttime="1803.19" endtime="1803.47" comment="FBH" type="s^aa" adjacency="2b-2+" original-type="s^aa" channel="c4" participant="me018">
      <nite:child href="Bmr011.E.words.xml#id(Bmr011.w.8,010)..id(Bmr011.w.8,012)"/>
   </dialogueact>
   <dialogueact nite:id="Bmr011.E.dialogueact847" starttime="1803.47" endtime="1803.82" type="b" original-type="b" channel="c4" participant="me018">
      <nite:child href="Bmr011.E.words.xml#id(Bmr011.w.8,013)..id(Bmr011.w.8,014)"/>
   </dialogueact>
   <dialogueact nite:id="Bmr011.E.dialogueact865" starttime="1860.01" endtime="1861.01" type="%-" original-type="%-" channel="c4" participant="me018">
      <nite:child href="Bmr011.E.words.xml#id(Bmr011.w.8,302)..id(Bmr011.disfmarker.369)"/>
   </dialogueact>
   <dialogueact nite:id="Bmr011.E.dialogueact868" starttime="1861.69" endtime="1866.71" type="qy^rt" adjacency="4a" original-type="qy^rt" channel="c4" participant="me018">
      <nite:child href="Bmr011.E.words.xml#id(Bmr011.w.8,310)..id(Bmr011.w.8,329)"/>
   </dialogueact>
   <dialogueact nite:id="Bmr011.E.dialogueact870" starttime="1866.71" endtime="1866.91" type="qrr.%--" original-type="qrr.%--" channel="c4" participant="me018">
      <nite:child href="Bmr011.E.words.xml#id(Bmr011.w.8,330)..id(Bmr011.disfmarker.371)"/>
   </dialogueact>
   <dialogueact nite:id="Bmr011.E.dialogueact875" starttime="1877.47" endtime="1877.79" type="b" original-type="b" channel="c4" participant="me018">
      <nite:child href="Bmr011.E.words.xml#id(Bmr011.w.8,399)..id(Bmr011.w.8,402)"/>
   </dialogueact>
   <dialogueact nite:id="Bmr011.E.dialogueact877" starttime="1879.75" endtime="1880.01" type="b" original-type="b" channel="c4" participant="me018">
      <nite:child href="Bmr011.E.words.xml#id(Bmr011.w.8,403)..id(Bmr011.w.8,404)"/>
   </dialogueact>
   <dialogueact nite:id="Bmr011.E.dialogueact878" starttime="1882.26" endtime="1884.22" type="qy^bu^d^rt" adjacency="5a" original-type="qy^bu^d^rt" channel="c4" participant="me018">
      <nite:child href="Bmr011.E.words.xml#id(Bmr011.w.8,414)..id(Bmr011.disfmarker.378)"/>
   </dialogueact>
   <dialogueact nite:id="Bmr011.E.dialogueact882" starttime="1887.38" endtime="1887.95" type="s.%-" original-type="s.%-" channel="c4" participant="me018">
      <nite:child href="Bmr011.E.words.xml#id(Bmr011.w.8,443)..id(Bmr011.disfmarker.381)"/>
   </dialogueact>
   <dialogueact nite:id="Bmr011.E.dialogueact883" starttime="1889.3" endtime="1892.59" type="s^bu" adjacency="6a" original-type="s^bu" channel="c4" participant="me018">
      <nite:child href="Bmr011.E.words.xml#id(Bmr011.w.8,447)..id(Bmr011.w.8,470)"/>
   </dialogueact>
   <dialogueact nite:id="Bmr011.E.dialogueact886" starttime="1896.18" endtime="1896.96" comment="FBH" type="s^fe" adjacency="7b" original-type="s^fe" channel="c4" participant="me018">
      <nite:child href="Bmr011.E.words.xml#id(Bmr011.w.8,498)..id(Bmr011.w.8,499)"/>
   </dialogueact>
   <dialogueact nite:id="Bmr011.E.dialogueact887" starttime="1896.96" endtime="1897.72" type="s^bk" adjacency="7b+" original-type="s^bk" channel="c4" participant="me018">
      <nite:child href="Bmr011.E.words.xml#id(Bmr011.w.8,500)..id(Bmr011.w.8,503)"/>
   </dialogueact>
   <dialogueact nite:id="Bmr011.E.dialogueact888" starttime="1898.34" endtime="1898.83" type="s^bk" adjacency="7b++" original-type="s^bk" channel="c4" participant="me018">
      <nite:child href="Bmr011.E.words.xml#id(Bmr011.w.8,504)..id(Bmr011.w.8,506)"/>
   </dialogueact>
   <dialogueact nite:id="Bmr011.E.dialogueact890" starttime="1901.1" endtime="1901.48" type="s^bk" adjacency="8b" original-type="s^bk" channel="c4" participant="me018">
      <nite:child href="Bmr011.E.words.xml#id(Bmr011.w.8,522)..id(Bmr011.w.8,524)"/>
   </dialogueact>
   <dialogueact nite:id="Bmr011.E.dialogueact892" starttime="1902.81" endtime="1903.2" type="s^bk" adjacency="8b" original-type="s^bk" channel="c4" participant="me018">
      <nite:child href="Bmr011.E.words.xml#id(Bmr011.w.8,529)..id(Bmr011.w.8,531)"/>
   </dialogueact>
   <dialogueact nite:id="Bmr011.E.dialogueact898" starttime="1906.6" endtime="1907.08" type="b" original-type="b" channel="c4" participant="me018">
      <nite:child href="Bmr011.E.words.xml#id(Bmr011.w.8,564)..id(Bmr011.w.8,567)"/>
   </dialogueact>
   <dialogueact nite:id="Bmr011.E.dialogueact906" starttime="1928.68" endtime="1929.41" comment="FBH" type="s^fe" adjacency="10b" original-type="s^fe" channel="c4" participant="me018">
      <nite:child href="Bmr011.E.words.xml#id(Bmr011.w.8,656)..id(Bmr011.w.8,657)"/>
   </dialogueact>
   <dialogueact nite:id="Bmr011.E.dialogueact909" starttime="1934.62" endtime="1936.93" type="s^bu" adjacency="11a" original-type="s^bu" channel="c4" participant="me018">
      <nite:child href="Bmr011.E.words.xml#id(Bmr011.w.8,682)..id(Bmr011.disfmarker.387)"/>
   </dialogueact>
   <dialogueact nite:id="Bmr011.E.dialogueact911" starttime="1937.82" endtime="1938.35" type="s^bk" adjacency="12b" original-type="s^bk" channel="c4" participant="me018">
      <nite:child href="Bmr011.E.words.xml#id(Bmr011.w.8,692)..id(Bmr011.w.8,693)"/>
   </dialogueact>
   <dialogueact nite:id="Bmr011.E.dialogueact916" starttime="1947.11" endtime="1948.64" type="qy^d" adjacency="14a" original-type="qy^d" channel="c4" participant="me018">
      <nite:child href="Bmr011.E.words.xml#id(Bmr011.w.8,743)..id(Bmr011.w.8,753)"/>
   </dialogueact>
   <dialogueact nite:id="Bmr011.E.dialogueact920" starttime="1951.44" endtime="1953.67" type="s^cs.%-" adjacency="15a" original-type="s^cs.%-" channel="c4" participant="me018">
      <nite:child href="Bmr011.E.words.xml#id(Bmr011.w.8,778)..id(Bmr011.disfmarker.393)"/>
   </dialogueact>
   <dialogueact nite:id="Bmr011.E.dialogueact938" starttime="1982.75" endtime="1982.99" type="s^aa" adjacency="18b" original-type="s^aa" channel="c4" participant="me018">
      <nite:child href="Bmr011.E.words.xml#id(Bmr011.w.8,945)..id(Bmr011.w.8,946)"/>
   </dialogueact>
   <dialogueact nite:id="Bmr011.E.dialogueact939" starttime="1982.99" endtime="1983.44" type="%--" original-type="%--" channel="c4" participant="me018">
      <nite:child href="Bmr011.E.words.xml#id(Bmr011.w.8,947)..id(Bmr011.disfmarker.401)"/>
   </dialogueact>
   <dialogueact nite:id="Bmr011.E.dialogueact952" starttime="1996.5" endtime="1996.88" type="b" original-type="b" channel="c4" participant="me018">
      <nite:child href="Bmr011.E.words.xml#id(Bmr011.w.9,046)..id(Bmr011.w.9,047)"/>
   </dialogueact>
   <dialogueact nite:id="Bmr011.E.dialogueact978" starttime="2043.66" endtime="2044.82" type="s.%-" original-type="s.%-" channel="c4" participant="me018">
      <nite:child href="Bmr011.E.words.xml#id(Bmr011.w.9,285)..id(Bmr011.disfmarker.422)"/>
   </dialogueact>
   <dialogueact nite:id="Bmr011.E.dialogueact984" starttime="2047.42" endtime="2051.57" type="qw" adjacency="27a" original-type="qw" channel="c4" participant="me018">
      <nite:child href="Bmr011.E.words.xml#id(Bmr011.w.9,312)..id(Bmr011.w.9,333)"/>
   </dialogueact>
   <dialogueact nite:id="Bmr011.E.dialogueact985" starttime="2051.87" endtime="2052.99" type="qw" adjacency="27a+" original-type="qw" channel="c4" participant="me018">
      <nite:child href="Bmr011.E.words.xml#id(Bmr011.w.9,334)..id(Bmr011.w.9,341)"/>
   </dialogueact>
   <dialogueact nite:id="Bmr011.E.dialogueact992" starttime="2062.74" endtime="2063.04" type="b" original-type="b" channel="c4" participant="me018">
      <nite:child href="Bmr011.E.words.xml#id(Bmr011.w.9,392)..id(Bmr011.w.9,395)"/>
   </dialogueact>
   <dialogueact nite:id="Bmr011.E.dialogueact994" starttime="2068.76" endtime="2069.34" type="b" original-type="b" channel="c4" participant="me018">
      <nite:child href="Bmr011.E.words.xml#id(Bmr011.w.9,419)..id(Bmr011.w.9,422)"/>
   </dialogueact>
   <dialogueact nite:id="Bmr011.E.dialogueact996" starttime="2071.54" endtime="2072.02" type="b" original-type="b" channel="c4" participant="me018">
      <nite:child href="Bmr011.E.words.xml#id(Bmr011.w.9,434)..id(Bmr011.w.9,437)"/>
   </dialogueact>
   <dialogueact nite:id="Bmr011.E.dialogueact998" starttime="2075.17" endtime="2076.18" type="s.%-" original-type="s.%-" channel="c4" participant="me018">
      <nite:child href="Bmr011.E.words.xml#id(Bmr011.w.9,457)..id(Bmr011.disfmarker.428)"/>
   </dialogueact>
   <dialogueact nite:id="Bmr011.E.dialogueact1001" starttime="2076.58" endtime="2077.86" type="s^r.%-" original-type="s^r.%-" channel="c4" participant="me018">
      <nite:child href="Bmr011.E.words.xml#id(Bmr011.w.9,462)..id(Bmr011.disfmarker.430)"/>
   </dialogueact>
   <dialogueact nite:id="Bmr011.E.dialogueact1011" starttime="2086.64" endtime="2086.95" type="b" original-type="b" channel="c4" participant="me018">
      <nite:child href="Bmr011.E.words.xml#id(Bmr011.w.9,514)..id(Bmr011.w.9,515)"/>
   </dialogueact>
   <dialogueact nite:id="Bmr011.E.dialogueact1068" starttime="2224.12" endtime="2226.62" type="s^bu" adjacency="33a" original-type="s^bu" channel="c4" participant="me018">
      <nite:child href="Bmr011.E.words.xml#id(Bmr011.w.10,116)..id(Bmr011.w.10,130)"/>
   </dialogueact>
   <dialogueact nite:id="Bmr011.E.dialogueact1069" starttime="2226.62" endtime="2226.87" type="qy^d^g^rt" adjacency="33a+" original-type="qy^d^g^rt" channel="c4" participant="me018">
      <nite:child href="Bmr011.E.words.xml#id(Bmr011.w.10,131)..id(Bmr011.w.10,132)"/>
   </dialogueact>
   <dialogueact nite:id="Bmr011.E.dialogueact1090" starttime="2273.96" endtime="2277.09" comment="FBH" type="qw" adjacency="36a" original-type="qw" channel="c4" participant="me018">
      <nite:child href="Bmr011.E.words.xml#id(Bmr011.w.10,335)..id(Bmr011.w.10,343)"/>
   </dialogueact>
   <dialogueact nite:id="Bmr011.E.dialogueact1212" starttime="2558.14" endtime="2559.36" type="s" adjacency="4b" original-type="s" channel="c4" participant="me018">
      <nite:child href="Bmr011.E.words.xml#id(Bmr011.w.11,581)..id(Bmr011.w.11,588)"/>
   </dialogueact>
   <dialogueact nite:id="Bmr011.E.dialogueact1234" starttime="2600.62" endtime="2602.77" type="s^bu" adjacency="9a" original-type="s^bu" channel="c4" participant="me018">
      <nite:child href="Bmr011.E.words.xml#id(Bmr011.w.11,789)..id(Bmr011.w.11,799)"/>
   </dialogueact>
   <dialogueact nite:id="Bmr011.E.dialogueact1236" starttime="2602.77" endtime="2603.55" type="s^bu^e" adjacency="9a+" original-type="s^bu^e" channel="c4" participant="me018">
      <nite:child href="Bmr011.E.words.xml#id(Bmr011.w.11,800)..id(Bmr011.w.11,805)"/>
   </dialogueact>
   <dialogueact nite:id="Bmr011.E.dialogueact1238" starttime="2603.97" endtime="2604.56" type="s.%-" original-type="s.%-" channel="c4" participant="me018">
      <nite:child href="Bmr011.E.words.xml#id(Bmr011.w.11,841)..id(Bmr011.disfmarker.557)"/>
   </dialogueact>
   <dialogueact nite:id="Bmr011.E.dialogueact1244" starttime="2613.32" endtime="2613.87" type="b" original-type="b" channel="c4" participant="me018">
      <nite:child href="Bmr011.E.words.xml#id(Bmr011.w.11,863)..id(Bmr011.w.11,866)"/>
   </dialogueact>
   <dialogueact nite:id="Bmr011.E.dialogueact1248" starttime="2617.69" endtime="2620.73" type="s" adjacency="10b.11a" original-type="s" channel="c4" participant="me018">
      <nite:child href="Bmr011.E.words.xml#id(Bmr011.w.11,890)..id(Bmr011.w.11,895)"/>
   </dialogueact>
   <dialogueact nite:id="Bmr011.E.dialogueact1252" starttime="2621.24" endtime="2621.33" type="b" original-type="b" channel="c4" participant="me018">
      <nite:child href="Bmr011.E.words.xml#id(Bmr011.w.11,896)..id(Bmr011.w.11,897)"/>
   </dialogueact>
   <dialogueact nite:id="Bmr011.E.dialogueact1257" starttime="2637.34" endtime="2638.67" type="b" original-type="b" channel="c4" participant="me018">
      <nite:child href="Bmr011.E.words.xml#id(Bmr011.w.11,974)..id(Bmr011.w.11,981)"/>
   </dialogueact>
   <dialogueact nite:id="Bmr011.E.dialogueact1275" starttime="2671.48" endtime="2672.36" type="qy^bu^d^rt" adjacency="15b-1" original-type="qy^bu^d^rt" channel="c4" participant="me018">
      <nite:child href="Bmr011.E.words.xml#id(Bmr011.w.12,150)..id(Bmr011.w.12,155)"/>
   </dialogueact>
   <dialogueact nite:id="Bmr011.E.dialogueact1333" starttime="2768.95" endtime="2770.75" type="qy^bu^d^rt" adjacency="20b.21a" original-type="qy^bu^d^rt" channel="c4" participant="me018">
      <nite:child href="Bmr011.E.words.xml#id(Bmr011.w.12,594)..id(Bmr011.w.12,602)"/>
   </dialogueact>
   <dialogueact nite:id="Bmr011.E.dialogueact1338" starttime="2776.36" endtime="2776.92" type="b" original-type="b" channel="c4" participant="me018">
      <nite:child href="Bmr011.E.words.xml#id(Bmr011.w.12,634)..id(Bmr011.w.12,637)"/>
   </dialogueact>
   <dialogueact nite:id="Bmr011.E.dialogueact1372" starttime="2820.02" endtime="2823.32" type="qy^rt" adjacency="29a" original-type="qy^rt" channel="c4" participant="me018">
      <nite:child href="Bmr011.E.words.xml#id(Bmr011.w.12,889)..id(Bmr011.w.12,898)"/>
   </dialogueact>
   <dialogueact nite:id="Bmr011.E.dialogueact1454" starttime="2953.43" endtime="2959.81" type="s" adjacency="30b-2.31a" original-type="s" channel="c4" participant="me018">
      <nite:child href="Bmr011.E.words.xml#id(Bmr011.w.13,582)..id(Bmr011.w.13,608)"/>
   </dialogueact>
   <dialogueact nite:id="Bmr011.E.dialogueact1462" starttime="2961.01" endtime="2961.13" type="fh" original-type="fh" channel="c4" participant="me018">
      <nite:child href="Bmr011.E.words.xml#id(Bmr011.w.13,627)..id(Bmr011.w.13,628)"/>
   </dialogueact>
   <dialogueact nite:id="Bmr011.E.dialogueact1548" starttime="3085.75" endtime="3088.26" type="qy^bu^rt" adjacency="8b-1.9a" original-type="qy^bu^rt" channel="c4" participant="me018">
      <nite:child href="Bmr011.E.words.xml#id(Bmr011.w.14,269)..id(Bmr011.w.14,281)"/>
   </dialogueact>
   <dialogueact nite:id="Bmr011.E.dialogueact1557" starttime="3092.37" endtime="3093.38" type="qy^bu^d^rt" adjacency="10b-1.11a" original-type="qy^bu^d^rt" channel="c4" participant="me018">
      <nite:child href="Bmr011.E.words.xml#id(Bmr011.w.14,333)..id(Bmr011.w.14,338)"/>
   </dialogueact>
   <dialogueact nite:id="Bmr011.E.dialogueact1572" starttime="3105.49" endtime="3106.78" type="s.%-" original-type="s.%-" channel="c4" participant="me018">
      <nite:child href="Bmr011.E.words.xml#id(Bmr011.w.14,412)..id(Bmr011.disfmarker.663)"/>
   </dialogueact>
   <dialogueact nite:id="Bmr011.E.dialogueact1631" starttime="3181.1" endtime="3183.31" type="s.%-" adjacency="24a" original-type="s.%-" channel="c4" participant="me018">
      <nite:child href="Bmr011.E.words.xml#id(Bmr011.w.14,834)..id(Bmr011.w.14,840)"/>
   </dialogueact>
   <dialogueact nite:id="Bmr011.E.dialogueact1756" starttime="3365.38" endtime="3373.05" type="qy^bu^rt" adjacency="35a" original-type="qy^bu^rt" channel="c4" participant="me018">
      <nite:child href="Bmr011.E.words.xml#id(Bmr011.w.15,770)..id(Bmr011.w.15,812)"/>
   </dialogueact>
   <dialogueact nite:id="Bmr011.E.dialogueact1760" starttime="3381.76" endtime="3382.33" type="s^bk" adjacency="36b" original-type="s^bk" channel="c4" participant="me018">
      <nite:child href="Bmr011.E.words.xml#id(Bmr011.w.15,837)..id(Bmr011.w.15,840)"/>
   </dialogueact>
   <dialogueact nite:id="Bmr011.E.dialogueact1828" starttime="3593.92" endtime="3596.12" type="qw^cs" original-type="qw^cs" channel="c4" participant="me018">
      <nite:child href="Bmr011.E.words.xml#id(Bmr011.w.16,712)..id(Bmr011.w.16,720)"/>
   </dialogueact>
   <dialogueact nite:id="Bmr011.E.dialogueact1830" starttime="3596.76" endtime="3598.39" type="qy^rt" adjacency="43a" original-type="qy^rt" channel="c4" participant="me018">
      <nite:child href="Bmr011.E.words.xml#id(Bmr011.w.16,723)..id(Bmr011.w.16,732)"/>
   </dialogueact>
   <dialogueact nite:id="Bmr011.E.dialogueact1831" starttime="3598.54" endtime="3599.83" type="qy^e^rt" adjacency="43a+" original-type="qy^e^rt" channel="c4" participant="me018">
      <nite:child href="Bmr011.E.words.xml#id(Bmr011.w.16,733)..id(Bmr011.w.16,740)"/>
   </dialogueact>
   <dialogueact nite:id="Bmr011.E.dialogueact1837" starttime="3616.25" endtime="3619.05" comment="FBH" type="s^bu" adjacency="44a" original-type="s^bu" channel="c4" participant="me018">
      <nite:child href="Bmr011.E.words.xml#id(Bmr011.w.16,790)..id(Bmr011.w.16,807)"/>
   </dialogueact>
   <dialogueact nite:id="Bmr011.E.dialogueact1841" starttime="3624.83" endtime="3625.27" type="b" original-type="b" channel="c4" participant="me018">
      <nite:child href="Bmr011.E.words.xml#id(Bmr011.w.16,850)..id(Bmr011.w.16,853)"/>
   </dialogueact>
   <dialogueact nite:id="Bmr011.E.dialogueact1842" starttime="3626.42" endtime="3628.63" type="s^2" adjacency="45a" original-type="s^2" channel="c4" participant="me018">
      <nite:child href="Bmr011.E.words.xml#id(Bmr011.w.16,854)..id(Bmr011.w.16,862)"/>
   </dialogueact>
   <dialogueact nite:id="Bmr011.E.dialogueact1844" starttime="3629.72" endtime="3630.32" type="b" original-type="b" channel="c4" participant="me018">
      <nite:child href="Bmr011.E.words.xml#id(Bmr011.w.16,889)..id(Bmr011.w.16,892)"/>
   </dialogueact>
   <dialogueact nite:id="Bmr011.E.dialogueact1846" starttime="3633.42" endtime="3633.94" type="s^aa" adjacency="46b" original-type="s^aa" channel="c4" participant="me018">
      <nite:child href="Bmr011.E.words.xml#id(Bmr011.w.16,893)..id(Bmr011.w.16,896)"/>
   </dialogueact>
</nite:root>