<?xml version="1.0" encoding="ISO-8859-1" standalone="yes"?>
<nite:root nite:id="Bmr015.D.dialogue-acts" xmlns:nite="http://nite.sourceforge.net/">
   <dialogueact nite:id="Bmr015.D.dialogueact536" starttime="894.014" endtime="897.398" type="s^rt" adjacency="20a" original-type="s^rt" channel="c4" participant="me001">
      <nite:child href="Bmr015.D.words.xml#id(Bmr015.w.4,024)..id(Bmr015.w.4,036)"/>
   </dialogueact>
   <dialogueact nite:id="Bmr015.D.dialogueact537" starttime="897.458" endtime="901.783" type="qy^bu^d^rt" adjacency="20a+" original-type="qy^bu^d^rt" channel="c4" participant="me001">
      <nite:child href="Bmr015.D.words.xml#id(Bmr015.w.4,037)..id(Bmr015.w.4,059)"/>
   </dialogueact>
   <dialogueact nite:id="Bmr015.D.dialogueact1237" starttime="2968.21" endtime="2968.56" type="z" original-type="z" channel="c4" participant="me001">
      <nite:child href="Bmr015.D.words.xml#id(Bmr015.w.11,621)..id(Bmr015.w.11,624)"/>
   </dialogueact>
</nite:root>