<?xml version="1.0" encoding="ISO-8859-1" standalone="yes"?>
<nite:root nite:id="Bmr009.A.dialogue-acts" xmlns:nite="http://nite.sourceforge.net/">
   <dialogueact nite:id="Bmr009.A.dialogueact22" starttime="38.342" endtime="40.732" type="z" adjacency="3a" original-type="z" channel="c0" participant="me011">
      <nite:child href="Bmr009.A.words.xml#id(Bmr009.w.184)..id(Bmr009.w.200)"/>
   </dialogueact>
   <dialogueact nite:id="Bmr009.A.dialogueact26" starttime="43.305" endtime="43.605" comment="FBH" type="z" original-type="z" channel="c0" participant="me011">
      <nite:child href="Bmr009.A.words.xml#id(Bmr009.w.215)..id(Bmr009.w.216)"/>
   </dialogueact>
   <dialogueact nite:id="Bmr009.A.dialogueact27" starttime="44.105" endtime="45.355" type="z" adjacency="4a" original-type="z" channel="c0" participant="me011">
      <nite:child href="Bmr009.A.words.xml#id(Bmr009.w.217)..id(Bmr009.w.225)"/>
   </dialogueact>
   <dialogueact nite:id="Bmr009.A.dialogueact31" starttime="46.096" endtime="46.346" type="s^bk" original-type="s^bk" channel="c0" participant="me011">
      <nite:child href="Bmr009.A.words.xml#id(Bmr009.w.242)..id(Bmr009.w.243)"/>
   </dialogueact>
   <dialogueact nite:id="Bmr009.A.dialogueact33" starttime="46.596" endtime="51.17" type="s^bu" adjacency="5a" original-type="s^bu" channel="c0" participant="me011">
      <nite:child href="Bmr009.A.words.xml#id(Bmr009.w.244)..id(Bmr009.w.258)"/>
   </dialogueact>
   <dialogueact nite:id="Bmr009.A.dialogueact34" starttime="51.17" endtime="51.47" type="qy^d^g^rt" original-type="qy^d^g^rt" channel="c0" participant="me011">
      <nite:child href="Bmr009.A.words.xml#id(Bmr009.w.259)..id(Bmr009.w.260)"/>
   </dialogueact>
   <dialogueact nite:id="Bmr009.A.dialogueact36" starttime="53.49" endtime="53.69" type="s^bk" adjacency="6b" original-type="s^bk" channel="c0" participant="me011">
      <nite:child href="Bmr009.A.words.xml#id(Bmr009.w.267)..id(Bmr009.w.268)"/>
   </dialogueact>
   <dialogueact nite:id="Bmr009.A.dialogueact38" starttime="56.173" endtime="56.513" type="s^ba" adjacency="7b" original-type="sj^ba" channel="c0" participant="me011">
      <nite:child href="Bmr009.A.words.xml#id(Bmr009.w.277)..id(Bmr009.w.279)"/>
   </dialogueact>
   <dialogueact nite:id="Bmr009.A.dialogueact59" starttime="125.24" endtime="125.57" type="s^t3" original-type="s^t3" channel="c0" participant="me011">
      <nite:child href="Bmr009.A.words.xml#id(Bmr009.w.543)..id(Bmr009.w.545)"/>
   </dialogueact>
   <dialogueact nite:id="Bmr009.A.dialogueact61" starttime="125.87" endtime="126.52" type="s" original-type="s" channel="c0" participant="me011">
      <nite:child href="Bmr009.A.words.xml#id(Bmr009.w.546)..id(Bmr009.w.549)"/>
   </dialogueact>
   <dialogueact nite:id="Bmr009.A.dialogueact62" starttime="127.34" endtime="128.27" type="qy^rt" adjacency="11a" original-type="qy^rt" channel="c0" participant="me011">
      <nite:child href="Bmr009.A.words.xml#id(Bmr009.w.550)..id(Bmr009.w.556)"/>
   </dialogueact>
   <dialogueact nite:id="Bmr009.A.dialogueact68" starttime="132.243" endtime="132.723" type="s^ft" adjacency="11b" original-type="s^ft" channel="c0" participant="me011">
      <nite:child href="Bmr009.A.words.xml#id(Bmr009.w.577)..id(Bmr009.w.578)"/>
   </dialogueact>
   <dialogueact nite:id="Bmr009.A.dialogueact125" starttime="236.582" endtime="239.442" type="s^ar|s" adjacency="7b.8a" original-type="s^ar|s" channel="c0" participant="me011">
      <nite:child href="Bmr009.A.words.xml#id(Bmr009.w.1,104)..id(Bmr009.w.1,115)"/>
   </dialogueact>
   <dialogueact nite:id="Bmr009.A.dialogueact126" starttime="239.952" endtime="242.032" type="fh|s" adjacency="7b+.8a+" original-type="fh|s" channel="c0" participant="me011">
      <nite:child href="Bmr009.A.words.xml#id(Bmr009.w.1,116)..id(Bmr009.w.1,121)"/>
   </dialogueact>
   <dialogueact nite:id="Bmr009.A.dialogueact129" starttime="246.787" endtime="247.037" type="s^aa" adjacency="9b" original-type="s^aa" channel="c0" participant="me011">
      <nite:child href="Bmr009.A.words.xml#id(Bmr009.w.1,144)..id(Bmr009.w.1,145)"/>
   </dialogueact>
   <dialogueact nite:id="Bmr009.A.dialogueact132" starttime="252.929" endtime="256.229" type="fg|s" adjacency="10b.1a" original-type="fg|s" channel="c0" participant="me011">
      <nite:child href="Bmr009.A.words.xml#id(Bmr009.w.1,162)..id(Bmr009.w.1,177)"/>
   </dialogueact>
   <dialogueact nite:id="Bmr009.A.dialogueact136" starttime="256.659" endtime="258.379" type="s^df" adjacency="2a" original-type="sj^df" channel="c0" participant="me011">
      <nite:child href="Bmr009.A.words.xml#id(Bmr009.w.1,186)..id(Bmr009.w.1,195)"/>
   </dialogueact>
   <dialogueact nite:id="Bmr009.A.dialogueact140" starttime="259.649" endtime="259.809" type="fh" original-type="fh" channel="c0" participant="me011">
      <nite:child href="Bmr009.A.words.xml#id(Bmr009.w.1,202)..id(Bmr009.w.1,203)"/>
   </dialogueact>
   <dialogueact nite:id="Bmr009.A.dialogueact144" starttime="261.539" endtime="264.25" type="s^df" adjacency="3a" original-type="s^df" channel="c0" participant="me011">
      <nite:child href="Bmr009.A.words.xml#id(Bmr009.w.1,213)..id(Bmr009.w.1,224)"/>
   </dialogueact>
   <dialogueact nite:id="Bmr009.A.dialogueact151" starttime="273.323" endtime="273.983" type="s^bk" adjacency="4b-2" original-type="s^bk" channel="c0" participant="me011">
      <nite:child href="Bmr009.A.words.xml#id(Bmr009.w.1,271)..id(Bmr009.w.1,274)"/>
   </dialogueact>
   <dialogueact nite:id="Bmr009.A.dialogueact175" starttime="317.443" endtime="320.843" type="s" adjacency="7b" original-type="s" channel="c0" participant="me011">
      <nite:child href="Bmr009.A.words.xml#id(Bmr009.w.1,446)..id(Bmr009.w.1,460)"/>
   </dialogueact>
   <dialogueact nite:id="Bmr009.A.dialogueact176" starttime="321.013" endtime="322.223" type="s^e" adjacency="7b+" original-type="s^e" channel="c0" participant="me011">
      <nite:child href="Bmr009.A.words.xml#id(Bmr009.w.1,461)..id(Bmr009.w.1,467)"/>
   </dialogueact>
   <dialogueact nite:id="Bmr009.A.dialogueact181" starttime="324.192" endtime="325.402" type="s^bd" original-type="s^bd" channel="c0" participant="me011">
      <nite:child href="Bmr009.A.words.xml#id(Bmr009.w.1,476)..id(Bmr009.w.1,481)"/>
   </dialogueact>
   <dialogueact nite:id="Bmr009.A.dialogueact207" starttime="364.658" endtime="365.078" type="s^ba^t1" original-type="sj^ba^t1" channel="c0" participant="me011">
      <nite:child href="Bmr009.A.words.xml#id(Bmr009.w.1,661)"/>
   </dialogueact>
   <dialogueact nite:id="Bmr009.A.dialogueact291" starttime="562.091" endtime="566.876" type="s" original-type="s" channel="c0" participant="me011">
      <nite:child href="Bmr009.A.words.xml#id(Bmr009.w.2,542)..id(Bmr009.w.2,560)"/>
   </dialogueact>
   <dialogueact nite:id="Bmr009.A.dialogueact296" starttime="567.526" endtime="572.176" type="s" original-type="s" channel="c0" participant="me011">
      <nite:child href="Bmr009.A.words.xml#id(Bmr009.w.2,561)..id(Bmr009.w.2,582)"/>
   </dialogueact>
   <dialogueact nite:id="Bmr009.A.dialogueact299" starttime="573.09" endtime="580.18" type="s" original-type="s" channel="c0" participant="me011">
      <nite:child href="Bmr009.A.words.xml#id(Bmr009.w.2,587)..id(Bmr009.w.2,618)"/>
   </dialogueact>
   <dialogueact nite:id="Bmr009.A.dialogueact324" starttime="656.025" endtime="656.465" type="s^e" adjacency="1b" original-type="s^e" channel="c0" participant="me011">
      <nite:child href="Bmr009.A.words.xml#id(Bmr009.w.2,932)..id(Bmr009.w.2,934)"/>
   </dialogueact>
   <dialogueact nite:id="Bmr009.A.dialogueact361" starttime="722.62" endtime="724.25" type="s^ba" original-type="sj^ba" channel="c0" participant="me011">
      <nite:child href="Bmr009.A.words.xml#id(Bmr009.w.3,240)..id(Bmr009.w.3,248)"/>
   </dialogueact>
   <dialogueact nite:id="Bmr009.A.dialogueact372" starttime="738.97" endtime="742.13" type="s" original-type="s" channel="c0" participant="me011">
      <nite:child href="Bmr009.A.words.xml#id(Bmr009.w.3,330)..id(Bmr009.w.3,351)"/>
   </dialogueact>
   <dialogueact nite:id="Bmr009.A.dialogueact451" starttime="902.559" endtime="902.769" type="b" original-type="b" channel="c0" participant="me011">
      <nite:child href="Bmr009.A.words.xml#id(Bmr009.w.4,082)..id(Bmr009.w.4,083)"/>
   </dialogueact>
   <dialogueact nite:id="Bmr009.A.dialogueact454" starttime="903.563" endtime="904.653" type="qy" adjacency="7a" original-type="qy" channel="c0" participant="me011">
      <nite:child href="Bmr009.A.words.xml#id(Bmr009.w.4,095)..id(Bmr009.w.4,102)"/>
   </dialogueact>
   <dialogueact nite:id="Bmr009.A.dialogueact456" starttime="904.653" endtime="905.953" type="s^df" adjacency="7a+" original-type="s^df" channel="c0" participant="me011">
      <nite:child href="Bmr009.A.words.xml#id(Bmr009.w.4,103)..id(Bmr009.w.4,108)"/>
   </dialogueact>
   <dialogueact nite:id="Bmr009.A.dialogueact481" starttime="945.798" endtime="946.138" type="%-" original-type="%-" channel="c0" participant="me011">
      <nite:child href="Bmr009.A.words.xml#id(Bmr009.w.4,306)"/>
   </dialogueact>
   <dialogueact nite:id="Bmr009.A.dialogueact485" starttime="949.935" endtime="951.845" type="s^bk|s.%--" original-type="s^bk|s.%--" channel="c0" participant="me011">
      <nite:child href="Bmr009.A.words.xml#id(Bmr009.w.4,340)..id(Bmr009.w.4,346)"/>
   </dialogueact>
   <dialogueact nite:id="Bmr009.A.dialogueact487" starttime="952.563" endtime="954.713" comment="quotes: &quot;uhhuh&quot;" type="s" adjacency="1a" original-type="s" channel="c0" participant="me011">
      <nite:child href="Bmr009.A.words.xml#id(Bmr009.w.4,347)..id(Bmr009.w.4,363)"/>
   </dialogueact>
   <dialogueact nite:id="Bmr009.A.dialogueact490" starttime="956.082" endtime="961.332" type="s" original-type="s" channel="c0" participant="me011">
      <nite:child href="Bmr009.A.words.xml#id(Bmr009.w.4,370)..id(Bmr009.w.4,393)"/>
   </dialogueact>
   <dialogueact nite:id="Bmr009.A.dialogueact491" starttime="962.47" endtime="963.53" comment="quotes: uhhuh" type="s" original-type="s" channel="c0" participant="me011">
      <nite:child href="Bmr009.A.words.xml#id(Bmr009.w.4,394)..id(Bmr009.w.4,401)"/>
   </dialogueact>
   <dialogueact nite:id="Bmr009.A.dialogueact493" starttime="969.047" endtime="969.297" type="s^aa" adjacency="2b" original-type="s^aa" channel="c0" participant="me011">
      <nite:child href="Bmr009.A.words.xml#id(Bmr009.w.4,435)..id(Bmr009.w.4,436)"/>
   </dialogueact>
   <dialogueact nite:id="Bmr009.A.dialogueact563" starttime="1123.38" endtime="1123.82" type="b" original-type="b" channel="c0" participant="me011">
      <nite:child href="Bmr009.A.words.xml#id(Bmr009.w.5,180)..id(Bmr009.w.5,181)"/>
   </dialogueact>
   <dialogueact nite:id="Bmr009.A.dialogueact576" starttime="1155.8" endtime="1161.47" type="s" original-type="s" channel="c0" participant="me011">
      <nite:child href="Bmr009.A.words.xml#id(Bmr009.w.5,330)..id(Bmr009.w.5,358)"/>
   </dialogueact>
   <dialogueact nite:id="Bmr009.A.dialogueact584" starttime="1164.16" endtime="1164.95" type="s^ba" original-type="sj^ba" channel="c0" participant="me011">
      <nite:child href="Bmr009.A.words.xml#id(Bmr009.w.5,383)..id(Bmr009.w.5,389)"/>
   </dialogueact>
   <dialogueact nite:id="Bmr009.A.dialogueact593" starttime="1172.37" endtime="1172.6" type="b" original-type="b" channel="c0" participant="me011">
      <nite:child href="Bmr009.A.words.xml#id(Bmr009.w.5,462)..id(Bmr009.w.5,463)"/>
   </dialogueact>
   <dialogueact nite:id="Bmr009.A.dialogueact610" starttime="1203.74" endtime="1204.01" type="b" original-type="b" channel="c0" participant="me011">
      <nite:child href="Bmr009.A.words.xml#id(Bmr009.w.5,616)..id(Bmr009.w.5,619)"/>
   </dialogueact>
   <dialogueact nite:id="Bmr009.A.dialogueact684" starttime="1387.98" endtime="1390.49" type="s" original-type="s" channel="c0" participant="me011">
      <nite:child href="Bmr009.A.words.xml#id(Bmr009.w.6,322)..id(Bmr009.w.6,341)"/>
   </dialogueact>
   <dialogueact nite:id="Bmr009.A.dialogueact687" starttime="1390.49" endtime="1394.79" type="s" adjacency="6a" original-type="s" channel="c0" participant="me011">
      <nite:child href="Bmr009.A.words.xml#id(Bmr009.w.6,342)..id(Bmr009.w.6,363)"/>
   </dialogueact>
   <dialogueact nite:id="Bmr009.A.dialogueact689" starttime="1395.54" endtime="1397.36" type="s" adjacency="7a" original-type="s" channel="c0" participant="me011">
      <nite:child href="Bmr009.A.words.xml#id(Bmr009.w.6,374)..id(Bmr009.w.6,382)"/>
   </dialogueact>
   <dialogueact nite:id="Bmr009.A.dialogueact696" starttime="1399.53" endtime="1399.7" type="s^aa" original-type="s^aa" channel="c0" participant="me011">
      <nite:child href="Bmr009.A.words.xml#id(Bmr009.w.6,400)..id(Bmr009.w.6,401)"/>
   </dialogueact>
   <dialogueact nite:id="Bmr009.A.dialogueact725" starttime="1436.23" endtime="1438.74" type="s" adjacency="6b.7a" original-type="s" channel="c0" participant="me011">
      <nite:child href="Bmr009.A.words.xml#id(Bmr009.w.6,614)..id(Bmr009.w.6,627)"/>
   </dialogueact>
   <dialogueact nite:id="Bmr009.A.dialogueact727" starttime="1438.84" endtime="1439.35" type="fh" original-type="fh" channel="c0" participant="me011">
      <nite:child href="Bmr009.A.words.xml#id(Bmr009.w.6,628)..id(Bmr009.w.6,629)"/>
   </dialogueact>
   <dialogueact nite:id="Bmr009.A.dialogueact729" starttime="1440.32" endtime="1443.76" comment="FBH" type="s" adjacency="8a" original-type="s" channel="c0" participant="me011">
      <nite:child href="Bmr009.A.words.xml#id(Bmr009.w.6,635)..id(Bmr009.w.6,652)"/>
   </dialogueact>
   <dialogueact nite:id="Bmr009.A.dialogueact738" starttime="1452.93" endtime="1456.18" type="s" original-type="s" channel="c0" participant="me011">
      <nite:child href="Bmr009.A.words.xml#id(Bmr009.w.6,698)..id(Bmr009.w.6,713)"/>
   </dialogueact>
   <dialogueact nite:id="Bmr009.A.dialogueact745" starttime="1460.0" endtime="1460.82" type="s^ba" adjacency="1b" original-type="sj^ba" channel="c0" participant="me011">
      <nite:child href="Bmr009.A.words.xml#id(Bmr009.w.6,753)..id(Bmr009.w.6,758)"/>
   </dialogueact>
   <dialogueact nite:id="Bmr009.A.dialogueact746" starttime="1463.49" endtime="1463.75" type="b" original-type="b" channel="c0" participant="me011">
      <nite:child href="Bmr009.A.words.xml#id(Bmr009.w.6,774)..id(Bmr009.w.6,775)"/>
   </dialogueact>
   <dialogueact nite:id="Bmr009.A.dialogueact748" starttime="1466.18" endtime="1466.83" type="s" original-type="s" channel="c0" participant="me011">
      <nite:child href="Bmr009.A.words.xml#id(Bmr009.w.6,777)..id(Bmr009.w.6,783)"/>
   </dialogueact>
   <dialogueact nite:id="Bmr009.A.dialogueact749" starttime="1466.83" endtime="1468.21" type="s" original-type="s" channel="c0" participant="me011">
      <nite:child href="Bmr009.A.words.xml#id(Bmr009.w.6,784)..id(Bmr009.w.6,793)"/>
   </dialogueact>
   <dialogueact nite:id="Bmr009.A.dialogueact757" starttime="1477.3" endtime="1477.55" type="s^aa" adjacency="2b-2" original-type="s^aa" channel="c0" participant="me011">
      <nite:child href="Bmr009.A.words.xml#id(Bmr009.w.6,862)..id(Bmr009.w.6,863)"/>
   </dialogueact>
   <dialogueact nite:id="Bmr009.A.dialogueact768" starttime="1497.1" endtime="1498.2" type="s" adjacency="4b-1" original-type="s" channel="c0" participant="me011">
      <nite:child href="Bmr009.A.words.xml#id(Bmr009.w.6,919)..id(Bmr009.disfmarker.345)"/>
   </dialogueact>
   <dialogueact nite:id="Bmr009.A.dialogueact775" starttime="1501.6" endtime="1502.13" type="s^ba" adjacency="5b" original-type="sj^ba" channel="c0" participant="me011">
      <nite:child href="Bmr009.A.words.xml#id(Bmr009.w.6,960)..id(Bmr009.w.6,962)"/>
   </dialogueact>
   <dialogueact nite:id="Bmr009.A.dialogueact781" starttime="1509.66" endtime="1512.86" type="s^rt" adjacency="8b" original-type="s^rt" channel="c0" participant="me011">
      <nite:child href="Bmr009.A.words.xml#id(Bmr009.w.6,987)..id(Bmr009.w.6,992)"/>
   </dialogueact>
   <dialogueact nite:id="Bmr009.A.dialogueact782" starttime="1512.86" endtime="1513.08" type="s^t1" original-type="s^t1" channel="c0" participant="me011">
      <nite:child href="Bmr009.A.words.xml#id(Bmr009.w.6,993)..id(Bmr009.w.6,994)"/>
   </dialogueact>
   <dialogueact nite:id="Bmr009.A.dialogueact788" starttime="1519.77" endtime="1519.97" type="s^ar" adjacency="9b" original-type="s^ar" channel="c0" participant="me011">
      <nite:child href="Bmr009.A.words.xml#id(Bmr009.w.7,015)..id(Bmr009.w.7,016)"/>
   </dialogueact>
   <dialogueact nite:id="Bmr009.A.dialogueact789" starttime="1520.51" endtime="1521.31" type="s" adjacency="10a" original-type="s" channel="c0" participant="me011">
      <nite:child href="Bmr009.A.words.xml#id(Bmr009.w.7,017)..id(Bmr009.w.7,022)"/>
   </dialogueact>
   <dialogueact nite:id="Bmr009.A.dialogueact790" starttime="1521.31" endtime="1522.11" type="s" adjacency="10a+" original-type="s" channel="c0" participant="me011">
      <nite:child href="Bmr009.A.words.xml#id(Bmr009.w.7,023)..id(Bmr009.w.7,028)"/>
   </dialogueact>
   <dialogueact nite:id="Bmr009.A.dialogueact792" starttime="1523.47" endtime="1526.83" type="s" adjacency="1a" original-type="s" channel="c0" participant="me011">
      <nite:child href="Bmr009.A.words.xml#id(Bmr009.w.7,031)..id(Bmr009.w.7,046)"/>
   </dialogueact>
   <dialogueact nite:id="Bmr009.A.dialogueact797" starttime="1527.03" endtime="1528.01" type="s^co" adjacency="2a" original-type="s^co" channel="c0" participant="me011">
      <nite:child href="Bmr009.A.words.xml#id(Bmr009.w.7,068)..id(Bmr009.w.7,073)"/>
   </dialogueact>
   <dialogueact nite:id="Bmr009.A.dialogueact799" starttime="1529.67" endtime="1533.37" type="s^df" adjacency="2a+" original-type="s^df" channel="c0" participant="me011">
      <nite:child href="Bmr009.A.words.xml#id(Bmr009.w.7,076)..id(Bmr009.w.7,090)"/>
   </dialogueact>
   <dialogueact nite:id="Bmr009.A.dialogueact800" starttime="1534.98" endtime="1537.56" type="s" original-type="s" channel="c0" participant="me011">
      <nite:child href="Bmr009.A.words.xml#id(Bmr009.w.7,091)..id(Bmr009.w.7,101)"/>
   </dialogueact>
   <dialogueact nite:id="Bmr009.A.dialogueact804" starttime="1544.45" endtime="1545.04" type="qw^d" adjacency="4b" original-type="qw^d" channel="c0" participant="me011">
      <nite:child href="Bmr009.A.words.xml#id(Bmr009.w.7,129)..id(Bmr009.w.7,132)"/>
   </dialogueact>
   <dialogueact nite:id="Bmr009.A.dialogueact807" starttime="1549.47" endtime="1550.57" type="qy^rt" adjacency="5b" original-type="qy^rt" channel="c0" participant="me011">
      <nite:child href="Bmr009.A.words.xml#id(Bmr009.w.7,149)..id(Bmr009.w.7,156)"/>
   </dialogueact>
   <dialogueact nite:id="Bmr009.A.dialogueact809" starttime="1551.66" endtime="1556.33" type="s" adjacency="6a" original-type="s" channel="c0" participant="me011">
      <nite:child href="Bmr009.A.words.xml#id(Bmr009.w.7,168)..id(Bmr009.w.7,195)"/>
   </dialogueact>
   <dialogueact nite:id="Bmr009.A.dialogueact811" starttime="1558.24" endtime="1559.16" type="s^rt" original-type="s^rt" channel="c0" participant="me011">
      <nite:child href="Bmr009.A.words.xml#id(Bmr009.w.7,205)..id(Bmr009.w.7,209)"/>
   </dialogueact>
   <dialogueact nite:id="Bmr009.A.dialogueact813" starttime="1559.16" endtime="1560.42" type="s^ba^rt" original-type="sj^ba^rt" channel="c0" participant="me011">
      <nite:child href="Bmr009.A.words.xml#id(Bmr009.w.7,210)..id(Bmr009.w.7,215)"/>
   </dialogueact>
   <dialogueact nite:id="Bmr009.A.dialogueact814" starttime="1560.46" endtime="1561.4" type="s^df" original-type="s^df" channel="c0" participant="me011">
      <nite:child href="Bmr009.A.words.xml#id(Bmr009.w.7,216)..id(Bmr009.w.7,220)"/>
   </dialogueact>
   <dialogueact nite:id="Bmr009.A.dialogueact815" starttime="1563.68" endtime="1567.23" type="s.%--" adjacency="7b.8a" original-type="s.%--" channel="c0" participant="me011">
      <nite:child href="Bmr009.A.words.xml#id(Bmr009.w.7,235)..id(Bmr009.w.7,249)"/>
   </dialogueact>
   <dialogueact nite:id="Bmr009.A.dialogueact816" starttime="1567.29" endtime="1567.67" type="s^fa" adjacency="8b" original-type="s^fa" channel="c0" participant="me011">
      <nite:child href="Bmr009.A.words.xml#id(Bmr009.w.7,250)..id(Bmr009.w.7,252)"/>
   </dialogueact>
   <dialogueact nite:id="Bmr009.A.dialogueact817" starttime="1567.67" endtime="1570.92" type="s^bsc" adjacency="8b+" original-type="s^bsc" channel="c0" participant="me011">
      <nite:child href="Bmr009.A.words.xml#id(Bmr009.w.7,253)..id(Bmr009.w.7,271)"/>
   </dialogueact>
   <dialogueact nite:id="Bmr009.A.dialogueact818" starttime="1570.92" endtime="1576.55" type="s" original-type="s" channel="c0" participant="me011">
      <nite:child href="Bmr009.A.words.xml#id(Bmr009.w.7,272)..id(Bmr009.w.7,312)"/>
   </dialogueact>
   <dialogueact nite:id="Bmr009.A.dialogueact825" starttime="1581.84" endtime="1583.01" type="fg|s" adjacency="10b" original-type="fg|s" channel="c0" participant="me011">
      <nite:child href="Bmr009.A.words.xml#id(Bmr009.w.7,346)..id(Bmr009.w.7,355)"/>
   </dialogueact>
   <dialogueact nite:id="Bmr009.A.dialogueact827" starttime="1583.09" endtime="1591.43" type="s" adjacency="12a" original-type="s" channel="c0" participant="me011">
      <nite:child href="Bmr009.A.words.xml#id(Bmr009.w.7,359)..id(Bmr009.w.7,411)"/>
   </dialogueact>
   <dialogueact nite:id="Bmr009.A.dialogueact834" starttime="1592.05" endtime="1592.48" comment="Is this a downplayer as well?" type="s^aa" adjacency="1b" original-type="s^aa" channel="c0" participant="me011">
      <nite:child href="Bmr009.A.words.xml#id(Bmr009.w.7,420)..id(Bmr009.w.7,422)"/>
   </dialogueact>
   <dialogueact nite:id="Bmr009.A.dialogueact836" starttime="1593.81" endtime="1594.71" type="s" original-type="s" channel="c0" participant="me011">
      <nite:child href="Bmr009.A.words.xml#id(Bmr009.w.7,451)..id(Bmr009.w.7,456)"/>
   </dialogueact>
   <dialogueact nite:id="Bmr009.A.dialogueact837" starttime="1595.59" endtime="1595.84" type="s^aa" adjacency="2b" original-type="s^aa" channel="c0" participant="me011">
      <nite:child href="Bmr009.A.words.xml#id(Bmr009.w.7,457)..id(Bmr009.w.7,458)"/>
   </dialogueact>
   <dialogueact nite:id="Bmr009.A.dialogueact846" starttime="1603.04" endtime="1604.31" type="s^ar|s" adjacency="4b." original-type="s^ar|s" channel="c0" participant="me011">
      <nite:child href="Bmr009.A.words.xml#id(Bmr009.w.7,511)..id(Bmr009.w.7,518)"/>
   </dialogueact>
   <dialogueact nite:id="Bmr009.A.dialogueact847" starttime="1604.9" endtime="1606.11" type="s^bsc" adjacency="4b+" original-type="s^bsc" channel="c0" participant="me011">
      <nite:child href="Bmr009.A.words.xml#id(Bmr009.w.7,537)..id(Bmr009.w.7,544)"/>
   </dialogueact>
   <dialogueact nite:id="Bmr009.A.dialogueact848" starttime="1606.11" endtime="1607.51" type="s" original-type="s" channel="c0" participant="me011">
      <nite:child href="Bmr009.A.words.xml#id(Bmr009.w.7,545)..id(Bmr009.w.7,552)"/>
   </dialogueact>
   <dialogueact nite:id="Bmr009.A.dialogueact849" starttime="1607.87" endtime="1609.66" type="s" original-type="s" channel="c0" participant="me011">
      <nite:child href="Bmr009.A.words.xml#id(Bmr009.w.7,553)..id(Bmr009.w.7,564)"/>
   </dialogueact>
   <dialogueact nite:id="Bmr009.A.dialogueact850" starttime="1609.66" endtime="1611.59" type="s" original-type="s" channel="c0" participant="me011">
      <nite:child href="Bmr009.A.words.xml#id(Bmr009.w.7,565)..id(Bmr009.w.7,576)"/>
   </dialogueact>
   <dialogueact nite:id="Bmr009.A.dialogueact852" starttime="1612.46" endtime="1612.73" type="fh" original-type="fh" channel="c0" participant="me011">
      <nite:child href="Bmr009.A.words.xml#id(Bmr009.w.7,579)..id(Bmr009.w.7,580)"/>
   </dialogueact>
   <dialogueact nite:id="Bmr009.A.dialogueact854" starttime="1614.66" endtime="1615.64" type="qy^d^rt" adjacency="6b.7a" original-type="qy^d^rt" channel="c0" participant="me011">
      <nite:child href="Bmr009.A.words.xml#id(Bmr009.w.7,588)..id(Bmr009.w.7,592)"/>
   </dialogueact>
   <dialogueact nite:id="Bmr009.A.dialogueact856" starttime="1615.88" endtime="1615.94" type="s^ar" adjacency="7b-1" original-type="s^ar" channel="c0" participant="me011">
      <nite:child href="Bmr009.A.words.xml#id(Bmr009.w.7,593)..id(Bmr009.w.7,594)"/>
   </dialogueact>
   <dialogueact nite:id="Bmr009.A.dialogueact858" starttime="1619.99" endtime="1621.84" type="s^ng" adjacency="8b.9a" original-type="s^ng" channel="c0" participant="me011">
      <nite:child href="Bmr009.A.words.xml#id(Bmr009.w.7,618)..id(Bmr009.w.7,631)"/>
   </dialogueact>
   <dialogueact nite:id="Bmr009.A.dialogueact865" starttime="1626.4" endtime="1630.61" type="fg|s^rt" original-type="fg|s^rt" channel="c0" participant="me011">
      <nite:child href="Bmr009.A.words.xml#id(Bmr009.w.7,678)..id(Bmr009.w.7,694)"/>
   </dialogueact>
   <dialogueact nite:id="Bmr009.A.dialogueact870" starttime="1630.83" endtime="1632.22" type="s^rt" original-type="s^rt" channel="c0" participant="me011">
      <nite:child href="Bmr009.A.words.xml#id(Bmr009.w.7,706)..id(Bmr009.w.7,713)"/>
   </dialogueact>
   <dialogueact nite:id="Bmr009.A.dialogueact875" starttime="1636.04" endtime="1636.33" type="s^aa^rt" adjacency="2b" original-type="s^aa^rt" channel="c0" participant="me011">
      <nite:child href="Bmr009.A.words.xml#id(Bmr009.w.7,728)..id(Bmr009.w.7,731)"/>
   </dialogueact>
   <dialogueact nite:id="Bmr009.A.dialogueact884" starttime="1655.35" endtime="1655.64" type="qw^br" adjacency="3b-1.4a-1" original-type="qw^br" channel="c0" participant="me011">
      <nite:child href="Bmr009.A.words.xml#id(Bmr009.w.7,794)..id(Bmr009.w.7,795)"/>
   </dialogueact>
   <dialogueact nite:id="Bmr009.A.dialogueact888" starttime="1663.7" endtime="1664.95" type="qw" adjacency="5b.6a" original-type="qw" channel="c0" participant="me011">
      <nite:child href="Bmr009.A.words.xml#id(Bmr009.w.7,827)..id(Bmr009.w.7,834)"/>
   </dialogueact>
   <dialogueact nite:id="Bmr009.A.dialogueact892" starttime="1667.56" endtime="1668.62" type="s^bk" adjacency="7b-2" original-type="s^bk" channel="c0" participant="me011">
      <nite:child href="Bmr009.A.words.xml#id(Bmr009.w.7,855)..id(Bmr009.w.7,863)"/>
   </dialogueact>
   <dialogueact nite:id="Bmr009.A.dialogueact896" starttime="1668.62" endtime="1670.33" type="s.%-" original-type="s.%-" channel="c0" participant="me011">
      <nite:child href="Bmr009.A.words.xml#id(Bmr009.w.7,864)..id(Bmr009.disfmarker.376)"/>
   </dialogueact>
   <dialogueact nite:id="Bmr009.A.dialogueact899" starttime="1670.33" endtime="1670.91" comment="&quot;no&quot; used to reject another's statement of wrongdoing in a way." type="s^bd^rt" adjacency="8b" original-type="s^bd^rt" channel="c0" participant="me011">
      <nite:child href="Bmr009.A.words.xml#id(Bmr009.w.7,887)..id(Bmr009.w.7,892)"/>
   </dialogueact>
   <dialogueact nite:id="Bmr009.A.dialogueact900" starttime="1670.91" endtime="1673.25" type="s^df" adjacency="9a" original-type="s^df" channel="c0" participant="me011">
      <nite:child href="Bmr009.A.words.xml#id(Bmr009.w.7,893)..id(Bmr009.w.7,906)"/>
   </dialogueact>
   <dialogueact nite:id="Bmr009.A.dialogueact901" starttime="1673.56" endtime="1676.15" type="s^e" adjacency="9a+" original-type="s^e" channel="c0" participant="me011">
      <nite:child href="Bmr009.A.words.xml#id(Bmr009.w.7,909)..id(Bmr009.w.7,923)"/>
   </dialogueact>
   <dialogueact nite:id="Bmr009.A.dialogueact905" starttime="1677.06" endtime="1680.48" type="s^rt" adjacency="10a" original-type="s^rt" channel="c0" participant="me011">
      <nite:child href="Bmr009.A.words.xml#id(Bmr009.w.7,930)..id(Bmr009.w.7,951)"/>
   </dialogueact>
   <dialogueact nite:id="Bmr009.A.dialogueact908" starttime="1680.84" endtime="1683.49" type="s" adjacency="10a+" original-type="s" channel="c0" participant="me011">
      <nite:child href="Bmr009.A.words.xml#id(Bmr009.w.7,952)..id(Bmr009.w.7,963)"/>
   </dialogueact>
   <dialogueact nite:id="Bmr009.A.dialogueact912" starttime="1689.63" endtime="1690.61" type="s^ar|s" adjacency="1b" original-type="s^ar|s" channel="c0" participant="me011">
      <nite:child href="Bmr009.A.words.xml#id(Bmr009.w.7,991)..id(Bmr009.w.7,996)"/>
   </dialogueact>
   <dialogueact nite:id="Bmr009.A.dialogueact913" starttime="1690.71" endtime="1694.38" type="s" adjacency="2a" original-type="s" channel="c0" participant="me011">
      <nite:child href="Bmr009.A.words.xml#id(Bmr009.w.7,997)..id(Bmr009.w.8,016)"/>
   </dialogueact>
   <dialogueact nite:id="Bmr009.A.dialogueact922" starttime="1712.58" endtime="1712.81" type="s^aa" adjacency="3b" original-type="s^aa" channel="c0" participant="me011">
      <nite:child href="Bmr009.A.words.xml#id(Bmr009.w.8,099)..id(Bmr009.w.8,100)"/>
   </dialogueact>
   <dialogueact nite:id="Bmr009.A.dialogueact925" starttime="1714.36" endtime="1714.55" comment="FBH" type="s^aa" adjacency="4b.5a" original-type="s^aa" channel="c0" participant="me011">
      <nite:child href="Bmr009.A.words.xml#id(Bmr009.w.8,108)..id(Bmr009.w.8,109)"/>
   </dialogueact>
   <dialogueact nite:id="Bmr009.A.dialogueact926" starttime="1715.11" endtime="1717.35" type="s^e" adjacency="4b+.5a+" original-type="s^e" channel="c0" participant="me011">
      <nite:child href="Bmr009.A.words.xml#id(Bmr009.w.8,110)..id(Bmr009.w.8,122)"/>
   </dialogueact>
   <dialogueact nite:id="Bmr009.A.dialogueact930" starttime="1723.28" endtime="1726.39" type="s^df" adjacency="6b.7a" original-type="s^df" channel="c0" participant="me011">
      <nite:child href="Bmr009.A.words.xml#id(Bmr009.w.8,151)..id(Bmr009.w.8,167)"/>
   </dialogueact>
   <dialogueact nite:id="Bmr009.A.dialogueact932" starttime="1726.39" endtime="1727.11" type="s" adjacency="6b+.7a+" original-type="s" channel="c0" participant="me011">
      <nite:child href="Bmr009.A.words.xml#id(Bmr009.w.8,168)..id(Bmr009.w.8,172)"/>
   </dialogueact>
   <dialogueact nite:id="Bmr009.A.dialogueact940" starttime="1736.32" endtime="1737.91" type="fg|s^rt" adjacency="8b" original-type="fg|s^rt" channel="c0" participant="me011">
      <nite:child href="Bmr009.A.words.xml#id(Bmr009.w.8,222)..id(Bmr009.w.8,230)"/>
   </dialogueact>
   <dialogueact nite:id="Bmr009.A.dialogueact941" starttime="1737.91" endtime="1739.94" type="s^df^rt" adjacency="8b+" original-type="s^df^rt" channel="c0" participant="me011">
      <nite:child href="Bmr009.A.words.xml#id(Bmr009.w.8,231)..id(Bmr009.w.8,238)"/>
   </dialogueact>
   <dialogueact nite:id="Bmr009.A.dialogueact942" starttime="1740.52" endtime="1741.35" type="s^no" original-type="s^no" channel="c0" participant="me011">
      <nite:child href="Bmr009.A.words.xml#id(Bmr009.w.8,239)..id(Bmr009.w.8,245)"/>
   </dialogueact>
   <dialogueact nite:id="Bmr009.A.dialogueact945" starttime="1745.28" endtime="1745.8" type="s^2^bu^rt" adjacency="9b" original-type="s^2^bu^rt" channel="c0" participant="me011">
      <nite:child href="Bmr009.A.words.xml#id(Bmr009.w.8,267)..id(Bmr009.w.8,269)"/>
   </dialogueact>
   <dialogueact nite:id="Bmr009.A.dialogueact947" starttime="1745.86" endtime="1746.01" type="qy^d^g^rt" adjacency="9b+" original-type="qy^d^g^rt" channel="c0" participant="me011">
      <nite:child href="Bmr009.A.words.xml#id(Bmr009.w.8,270)..id(Bmr009.w.8,271)"/>
   </dialogueact>
   <dialogueact nite:id="Bmr009.A.dialogueact950" starttime="1746.76" endtime="1747.82" type="s.%-" original-type="s.%-" channel="c0" participant="me011">
      <nite:child href="Bmr009.A.words.xml#id(Bmr009.w.8,295)..id(Bmr009.w.8,300)"/>
   </dialogueact>
   <dialogueact nite:id="Bmr009.A.dialogueact951" starttime="1747.82" endtime="1752.77" type="%-" original-type="%-" channel="c0" participant="me011">
      <nite:child href="Bmr009.A.words.xml#id(Bmr009.w.8,301)..id(Bmr009.w.8,313)"/>
   </dialogueact>
   <dialogueact nite:id="Bmr009.A.dialogueact956" starttime="1752.77" endtime="1754.28" type="qw" adjacency="1a" original-type="qw" channel="c0" participant="me011">
      <nite:child href="Bmr009.A.words.xml#id(Bmr009.w.8,314)..id(Bmr009.w.8,321)"/>
   </dialogueact>
   <dialogueact nite:id="Bmr009.A.dialogueact957" starttime="1755.36" endtime="1755.77" type="qy^bu^g^rt" adjacency="1a+" original-type="qy^bu^g^rt" channel="c0" participant="me011">
      <nite:child href="Bmr009.A.words.xml#id(Bmr009.w.8,322)..id(Bmr009.w.8,323)"/>
   </dialogueact>
   <dialogueact nite:id="Bmr009.A.dialogueact964" starttime="1768.27" endtime="1769.88" type="s^bk|s" adjacency="2b" original-type="s^bk|s" channel="c0" participant="me011">
      <nite:child href="Bmr009.A.words.xml#id(Bmr009.w.8,360)..id(Bmr009.w.8,371)"/>
   </dialogueact>
   <dialogueact nite:id="Bmr009.A.dialogueact965" starttime="1770.12" endtime="1774.18" type="s^df" original-type="s^df" channel="c0" participant="me011">
      <nite:child href="Bmr009.A.words.xml#id(Bmr009.w.8,372)..id(Bmr009.w.8,382)"/>
   </dialogueact>
   <dialogueact nite:id="Bmr009.A.dialogueact966" starttime="1774.18" endtime="1776.24" type="s" original-type="s" channel="c0" participant="me011">
      <nite:child href="Bmr009.A.words.xml#id(Bmr009.w.8,383)..id(Bmr009.w.8,396)"/>
   </dialogueact>
   <dialogueact nite:id="Bmr009.A.dialogueact968" starttime="1780.55" endtime="1780.74" type="s^bk" adjacency="3b" original-type="s^bk" channel="c0" participant="me011">
      <nite:child href="Bmr009.A.words.xml#id(Bmr009.w.8,424)..id(Bmr009.w.8,425)"/>
   </dialogueact>
   <dialogueact nite:id="Bmr009.A.dialogueact970" starttime="1785.25" endtime="1788.41" type="s^no" original-type="s^no" channel="c0" participant="me011">
      <nite:child href="Bmr009.A.words.xml#id(Bmr009.w.8,428)..id(Bmr009.w.8,443)"/>
   </dialogueact>
   <dialogueact nite:id="Bmr009.A.dialogueact972" starttime="1789.28" endtime="1793.05" type="s" original-type="s" channel="c0" participant="me011">
      <nite:child href="Bmr009.A.words.xml#id(Bmr009.w.8,446)..id(Bmr009.w.8,475)"/>
   </dialogueact>
   <dialogueact nite:id="Bmr009.A.dialogueact975" starttime="1794.02" endtime="1797.22" type="s^no" original-type="s^no" channel="c0" participant="me011">
      <nite:child href="Bmr009.A.words.xml#id(Bmr009.w.8,478)..id(Bmr009.w.8,496)"/>
   </dialogueact>
   <dialogueact nite:id="Bmr009.A.dialogueact980" starttime="1802.01" endtime="1802.25" type="b" original-type="b" channel="c0" participant="me011">
      <nite:child href="Bmr009.A.words.xml#id(Bmr009.w.8,532)"/>
   </dialogueact>
   <dialogueact nite:id="Bmr009.A.dialogueact982" starttime="1803.81" endtime="1810.31" type="qy^rt" adjacency="4a" original-type="qy^rt" channel="c0" participant="me011">
      <nite:child href="Bmr009.A.words.xml#id(Bmr009.w.8,535)..id(Bmr009.w.8,562)"/>
   </dialogueact>
   <dialogueact nite:id="Bmr009.A.dialogueact984" starttime="1810.39" endtime="1811.66" type="qy^rt" adjacency="4a+" original-type="qy^rt" channel="c0" participant="me011">
      <nite:child href="Bmr009.A.words.xml#id(Bmr009.w.8,563)..id(Bmr009.w.8,570)"/>
   </dialogueact>
   <dialogueact nite:id="Bmr009.A.dialogueact986" starttime="1814.13" endtime="1814.43" type="s^bk" adjacency="5b" original-type="s^bk" channel="c0" participant="me011">
      <nite:child href="Bmr009.A.words.xml#id(Bmr009.w.8,575)..id(Bmr009.w.8,576)"/>
   </dialogueact>
   <dialogueact nite:id="Bmr009.A.dialogueact1009" starttime="1854.16" endtime="1860.49" type="s^nd" adjacency="1b.2a" original-type="s^nd" channel="c0" participant="me011">
      <nite:child href="Bmr009.A.words.xml#id(Bmr009.w.8,785)..id(Bmr009.w.8,814)"/>
   </dialogueact>
   <dialogueact nite:id="Bmr009.A.dialogueact1010" starttime="1860.49" endtime="1862.16" type="s^rt" adjacency="2a+" original-type="s^rt" channel="c0" participant="me011">
      <nite:child href="Bmr009.A.words.xml#id(Bmr009.w.8,815)..id(Bmr009.w.8,826)"/>
   </dialogueact>
   <dialogueact nite:id="Bmr009.A.dialogueact1011" starttime="1863.95" endtime="1864.21" type="%--" adjacency="2a++" original-type="%--" channel="c0" participant="me011">
      <nite:child href="Bmr009.A.words.xml#id(Bmr009.w.8,827)..id(Bmr009.w.8,828)"/>
   </dialogueact>
   <dialogueact nite:id="Bmr009.A.dialogueact1022" starttime="1888.15" endtime="1890.78" type="s^df" adjacency="3b.4a" original-type="s^df" channel="c0" participant="me011">
      <nite:child href="Bmr009.A.words.xml#id(Bmr009.w.8,925)..id(Bmr009.w.8,938)"/>
   </dialogueact>
   <dialogueact nite:id="Bmr009.A.dialogueact1024" starttime="1890.78" endtime="1891.93" type="s^e" adjacency="3b+.4a+" original-type="s^e" channel="c0" participant="me011">
      <nite:child href="Bmr009.A.words.xml#id(Bmr009.w.8,939)..id(Bmr009.w.8,945)"/>
   </dialogueact>
   <dialogueact nite:id="Bmr009.A.dialogueact1026" starttime="1892.78" endtime="1893.01" type="fh" original-type="fh" channel="c0" participant="me011">
      <nite:child href="Bmr009.A.words.xml#id(Bmr009.w.8,961)..id(Bmr009.w.8,962)"/>
   </dialogueact>
   <dialogueact nite:id="Bmr009.A.dialogueact1038" starttime="1928.73" endtime="1929.51" type="s^na" adjacency="5b" original-type="s^na" channel="c0" participant="me011">
      <nite:child href="Bmr009.A.words.xml#id(Bmr009.w.9,081)..id(Bmr009.w.9,086)"/>
   </dialogueact>
   <dialogueact nite:id="Bmr009.A.dialogueact1039" starttime="1929.51" endtime="1931.21" type="s^no" original-type="s^no" channel="c0" participant="me011">
      <nite:child href="Bmr009.A.words.xml#id(Bmr009.w.9,087)..id(Bmr009.w.9,100)"/>
   </dialogueact>
   <dialogueact nite:id="Bmr009.A.dialogueact1042" starttime="1932.1" endtime="1934.74" type="qy^rt" original-type="qy^rt" channel="c0" participant="me011">
      <nite:child href="Bmr009.A.words.xml#id(Bmr009.w.9,111)..id(Bmr009.w.9,118)"/>
   </dialogueact>
   <dialogueact nite:id="Bmr009.A.dialogueact1045" starttime="1941.43" endtime="1941.95" type="s^2" adjacency="9b" original-type="s^2" channel="c0" participant="me011">
      <nite:child href="Bmr009.A.words.xml#id(Bmr009.w.9,134)..id(Bmr009.w.9,135)"/>
   </dialogueact>
   <dialogueact nite:id="Bmr009.A.dialogueact1048" starttime="1943.83" endtime="1945.02" type="s" original-type="s" channel="c0" participant="me011">
      <nite:child href="Bmr009.A.words.xml#id(Bmr009.w.9,139)..id(Bmr009.w.9,147)"/>
   </dialogueact>
   <dialogueact nite:id="Bmr009.A.dialogueact1050" starttime="1945.02" endtime="1946.1" type="s^no" adjacency="10a" original-type="s^no" channel="c0" participant="me011">
      <nite:child href="Bmr009.A.words.xml#id(Bmr009.w.9,148)..id(Bmr009.w.9,156)"/>
   </dialogueact>
   <dialogueact nite:id="Bmr009.A.dialogueact1053" starttime="1949.07" endtime="1949.4" type="%-" original-type="%-" channel="c0" participant="me011">
      <nite:child href="Bmr009.A.words.xml#id(Bmr009.w.9,174)..id(Bmr009.w.9,175)"/>
   </dialogueact>
   <dialogueact nite:id="Bmr009.A.dialogueact1054" starttime="1955.6" endtime="1958.16" type="s" adjacency="1a" original-type="s" channel="c0" participant="me011">
      <nite:child href="Bmr009.A.words.xml#id(Bmr009.w.9,192)..id(Bmr009.w.9,206)"/>
   </dialogueact>
   <dialogueact nite:id="Bmr009.A.dialogueact1056" starttime="1958.47" endtime="1962.06" type="s" adjacency="1a+" original-type="s" channel="c0" participant="me011">
      <nite:child href="Bmr009.A.words.xml#id(Bmr009.w.9,211)..id(Bmr009.w.9,225)"/>
   </dialogueact>
   <dialogueact nite:id="Bmr009.A.dialogueact1058" starttime="1962.06" endtime="1963.0" type="s^no" adjacency="1a++" original-type="s^no" channel="c0" participant="me011">
      <nite:child href="Bmr009.A.words.xml#id(Bmr009.w.9,226)..id(Bmr009.w.9,233)"/>
   </dialogueact>
   <dialogueact nite:id="Bmr009.A.dialogueact1059" starttime="1963.78" endtime="1964.11" type="fh" original-type="fh" channel="c0" participant="me011">
      <nite:child href="Bmr009.A.words.xml#id(Bmr009.w.9,234)..id(Bmr009.w.9,235)"/>
   </dialogueact>
   <dialogueact nite:id="Bmr009.A.dialogueact1061" starttime="1965.71" endtime="1967.19" type="qy^bu^d^m^rt" adjacency="2b.3a" original-type="qy^bu^d^m^rt" channel="c0" participant="me011">
      <nite:child href="Bmr009.A.words.xml#id(Bmr009.w.9,249)..id(Bmr009.w.9,254)"/>
   </dialogueact>
   <dialogueact nite:id="Bmr009.A.dialogueact1064" starttime="1967.34" endtime="1968.45" type="qy^bu^d^j^rt" adjacency="4a" original-type="qy^bu^d^j^rt" channel="c0" participant="me011">
      <nite:child href="Bmr009.A.words.xml#id(Bmr009.w.9,262)..id(Bmr009.w.9,266)"/>
   </dialogueact>
   <dialogueact nite:id="Bmr009.A.dialogueact1098" starttime="2018.19" endtime="2018.72" type="s" original-type="s" channel="c0" participant="me011">
      <nite:child href="Bmr009.A.words.xml#id(Bmr009.w.9,511)..id(Bmr009.w.9,513)"/>
   </dialogueact>
   <dialogueact nite:id="Bmr009.A.dialogueact1101" starttime="2020.43" endtime="2022.3" comment="quotes: beep" type="s^fe^j^m^t3" adjacency="11b" original-type="s^fe^j^m^t3" channel="c0" participant="me011">
      <nite:child href="Bmr009.A.words.xml#id(Bmr009.w.9,528)..id(Bmr009.w.9,536)"/>
   </dialogueact>
   <dialogueact nite:id="Bmr009.A.dialogueact1107" starttime="2029.29" endtime="2029.99" type="s^aa" original-type="s^aa" channel="c0" participant="me011">
      <nite:child href="Bmr009.A.words.xml#id(Bmr009.w.9,572)..id(Bmr009.w.9,574)"/>
   </dialogueact>
   <dialogueact nite:id="Bmr009.A.dialogueact1115" starttime="2034.07" endtime="2034.79" type="s.%-" original-type="s.%-" channel="c0" participant="me011">
      <nite:child href="Bmr009.A.words.xml#id(Bmr009.w.9,614)..id(Bmr009.disfmarker.460)"/>
   </dialogueact>
   <dialogueact nite:id="Bmr009.A.dialogueact1120" starttime="2040.92" endtime="2044.88" type="s" adjacency="3b" original-type="s" channel="c0" participant="me011">
      <nite:child href="Bmr009.A.words.xml#id(Bmr009.w.9,654)..id(Bmr009.w.9,677)"/>
   </dialogueact>
   <dialogueact nite:id="Bmr009.A.dialogueact1121" starttime="2046.09" endtime="2051.76" comment="quote: well is that the language you speak or is that just where you're from?" type="s^df:qr" adjacency="3b+.4a" original-type="s^df:qr" channel="c0" participant="me011">
      <nite:child href="Bmr009.A.words.xml#id(Bmr009.w.9,680)..id(Bmr009.w.9,716)"/>
   </dialogueact>
   <dialogueact nite:id="Bmr009.A.dialogueact1129" starttime="2053.75" endtime="2054.17" type="%-" original-type="%-" channel="c0" participant="me011">
      <nite:child href="Bmr009.A.words.xml#id(Bmr009.w.9,745)..id(Bmr009.disfmarker.465)"/>
   </dialogueact>
   <dialogueact nite:id="Bmr009.A.dialogueact1132" starttime="2057.28" endtime="2058.98" comment="quotes: germany" type="fg|s:s" adjacency="5a" original-type="fg|s:s" channel="c0" participant="me011">
      <nite:child href="Bmr009.A.words.xml#id(Bmr009.w.9,765)..id(Bmr009.w.9,773)"/>
   </dialogueact>
   <dialogueact nite:id="Bmr009.A.dialogueact1134" starttime="2060.11" endtime="2061.68" type="qh" adjacency="5a+" original-type="qh" channel="c0" participant="me011">
      <nite:child href="Bmr009.A.words.xml#id(Bmr009.w.9,775)..id(Bmr009.w.9,782)"/>
   </dialogueact>
   <dialogueact nite:id="Bmr009.A.dialogueact1136" starttime="2061.68" endtime="2062.54" type="s^ar" adjacency="5a++" original-type="s^ar" channel="c0" participant="me011">
      <nite:child href="Bmr009.A.words.xml#id(Bmr009.w.9,783)..id(Bmr009.w.9,787)"/>
   </dialogueact>
   <dialogueact nite:id="Bmr009.A.dialogueact1139" starttime="2064.33" endtime="2065.15" type="s^bk" adjacency="6b" original-type="s^bk" channel="c0" participant="me011">
      <nite:child href="Bmr009.A.words.xml#id(Bmr009.w.9,806)..id(Bmr009.w.9,810)"/>
   </dialogueact>
   <dialogueact nite:id="Bmr009.A.dialogueact1143" starttime="2067.26" endtime="2067.42" type="b" original-type="b" channel="c0" participant="me011">
      <nite:child href="Bmr009.A.words.xml#id(Bmr009.w.9,835)..id(Bmr009.w.9,836)"/>
   </dialogueact>
   <dialogueact nite:id="Bmr009.A.dialogueact1145" starttime="2069.75" endtime="2072.39" type="s^cs" original-type="s^cs" channel="c0" participant="me011">
      <nite:child href="Bmr009.A.words.xml#id(Bmr009.w.9,839)..id(Bmr009.w.9,853)"/>
   </dialogueact>
   <dialogueact nite:id="Bmr009.A.dialogueact1146" starttime="2072.72" endtime="2074.63" type="s" original-type="s" channel="c0" participant="me011">
      <nite:child href="Bmr009.A.words.xml#id(Bmr009.w.9,854)..id(Bmr009.w.9,864)"/>
   </dialogueact>
   <dialogueact nite:id="Bmr009.A.dialogueact1149" starttime="2083.08" endtime="2087.54" comment="quotes: northern" type="s" adjacency="7a" original-type="s" channel="c0" participant="me011">
      <nite:child href="Bmr009.A.words.xml#id(Bmr009.w.9,885)..id(Bmr009.w.9,904)"/>
   </dialogueact>
   <dialogueact nite:id="Bmr009.A.dialogueact1163" starttime="2097.23" endtime="2097.52" comment="FBH" type="b.x" original-type="b.x" channel="c0" participant="me011">
      <nite:child href="Bmr009.A.words.xml#id(Bmr009.w.9,969)"/>
   </dialogueact>
   <dialogueact nite:id="Bmr009.A.dialogueact1164" starttime="2099.02" endtime="2101.6" type="s" adjacency="8b.9a" original-type="s" channel="c0" participant="me011">
      <nite:child href="Bmr009.A.words.xml#id(Bmr009.w.9,973)..id(Bmr009.w.9,985)"/>
   </dialogueact>
   <dialogueact nite:id="Bmr009.A.dialogueact1171" starttime="2111.44" endtime="2111.64" type="qy^d.%--" adjacency="10a" original-type="qy^d.%--" channel="c0" participant="me011">
      <nite:child href="Bmr009.A.words.xml#id(Bmr009.w.10,045)..id(Bmr009.w.10,047)"/>
   </dialogueact>
   <dialogueact nite:id="Bmr009.A.dialogueact1173" starttime="2111.64" endtime="2113.18" type="s^bk" adjacency="10b-1" original-type="s^bk" channel="c0" participant="me011">
      <nite:child href="Bmr009.A.words.xml#id(Bmr009.w.10,048)..id(Bmr009.w.10,054)"/>
   </dialogueact>
   <dialogueact nite:id="Bmr009.A.dialogueact1176" starttime="2113.18" endtime="2113.85" type="s^no" adjacency="10b-1+" original-type="s^no" channel="c0" participant="me011">
      <nite:child href="Bmr009.A.words.xml#id(Bmr009.w.10,055)..id(Bmr009.w.10,058)"/>
   </dialogueact>
   <dialogueact nite:id="Bmr009.A.dialogueact1178" starttime="2117.63" endtime="2119.14" type="s" adjacency="1a" original-type="s" channel="c0" participant="me011">
      <nite:child href="Bmr009.A.words.xml#id(Bmr009.w.10,091)..id(Bmr009.w.10,099)"/>
   </dialogueact>
   <dialogueact nite:id="Bmr009.A.dialogueact1179" starttime="2119.14" endtime="2121.95" type="s" adjacency="1a+" original-type="s" channel="c0" participant="me011">
      <nite:child href="Bmr009.A.words.xml#id(Bmr009.w.10,100)..id(Bmr009.w.10,114)"/>
   </dialogueact>
   <dialogueact nite:id="Bmr009.A.dialogueact1182" starttime="2124.32" endtime="2125.36" type="s^aa^m" adjacency="2b.3a" original-type="s^aa^m" channel="c0" participant="me011">
      <nite:child href="Bmr009.A.words.xml#id(Bmr009.w.10,124)..id(Bmr009.w.10,128)"/>
   </dialogueact>
   <dialogueact nite:id="Bmr009.A.dialogueact1192" starttime="2133.23" endtime="2136.63" type="qy^rt" original-type="qy^rt" channel="c0" participant="me011">
      <nite:child href="Bmr009.A.words.xml#id(Bmr009.w.10,187)..id(Bmr009.w.10,207)"/>
   </dialogueact>
   <dialogueact nite:id="Bmr009.A.dialogueact1201" starttime="2140.04" endtime="2142.59" type="s" adjacency="9b.10a" original-type="s" channel="c0" participant="me011">
      <nite:child href="Bmr009.A.words.xml#id(Bmr009.w.10,235)..id(Bmr009.w.10,247)"/>
   </dialogueact>
   <dialogueact nite:id="Bmr009.A.dialogueact1225" starttime="2177.61" endtime="2182.01" comment="quotes: &quot;northern&quot; and &quot;don't know&quot;" type="fg|s^cs" adjacency="8a" original-type="fg|s^cs" channel="c0" participant="me011">
      <nite:child href="Bmr009.A.words.xml#id(Bmr009.w.10,452)..id(Bmr009.w.10,469)"/>
   </dialogueact>
   <dialogueact nite:id="Bmr009.A.dialogueact1228" starttime="2187.45" endtime="2189.98" type="qy^bu^d^rt" adjacency="9b.10a" original-type="qy^bu^d^rt" channel="c0" participant="me011">
      <nite:child href="Bmr009.A.words.xml#id(Bmr009.w.10,493)..id(Bmr009.w.10,505)"/>
   </dialogueact>
   <dialogueact nite:id="Bmr009.A.dialogueact1231" starttime="2194.72" endtime="2195.0" comment="Or is this a &lt;no&gt;?" type="s^nd" adjacency="11b" original-type="s^nd" channel="c0" participant="me011">
      <nite:child href="Bmr009.A.words.xml#id(Bmr009.w.10,524)..id(Bmr009.w.10,526)"/>
   </dialogueact>
   <dialogueact nite:id="Bmr009.A.dialogueact1232" starttime="2195.0" endtime="2200.84" comment="quotes: what variety of english do you speak?" type="s^df:qw" adjacency="11b+" original-type="s^df:qw" channel="c0" participant="me011">
      <nite:child href="Bmr009.A.words.xml#id(Bmr009.w.10,527)..id(Bmr009.w.10,564)"/>
   </dialogueact>
   <dialogueact nite:id="Bmr009.A.dialogueact1233" starttime="2200.93" endtime="2201.36" comment="quote: region" type="s" adjacency="11b+" original-type="s" channel="c0" participant="me011">
      <nite:child href="Bmr009.A.words.xml#id(Bmr009.w.10,565)..id(Bmr009.w.10,567)"/>
   </dialogueact>
   <dialogueact nite:id="Bmr009.A.dialogueact1234" starttime="2202.18" endtime="2204.33" comment="quote: what variety of region - region do you speak?" type="s:qw" adjacency="11b++.12a" original-type="s:qw" channel="c0" participant="me011">
      <nite:child href="Bmr009.A.words.xml#id(Bmr009.w.10,568)..id(Bmr009.w.10,581)"/>
   </dialogueact>
   <dialogueact nite:id="Bmr009.A.dialogueact1235" starttime="2204.33" endtime="2205.66" comment="quote: whole utt" type="s:s" adjacency="11b+++.12a+" original-type="s:s" channel="c0" participant="me011">
      <nite:child href="Bmr009.A.words.xml#id(Bmr009.w.10,582)..id(Bmr009.w.10,587)"/>
   </dialogueact>
   <dialogueact nite:id="Bmr009.A.dialogueact1236" starttime="2205.66" endtime="2206.88" type="s" adjacency="11b++++.12a++" original-type="sj" channel="c0" participant="me011">
      <nite:child href="Bmr009.A.words.xml#id(Bmr009.w.10,588)..id(Bmr009.w.10,596)"/>
   </dialogueact>
   <dialogueact nite:id="Bmr009.A.dialogueact1243" starttime="2212.66" endtime="2213.18" type="s^bk" adjacency="1b" original-type="s^bk" channel="c0" participant="me011">
      <nite:child href="Bmr009.A.words.xml#id(Bmr009.w.10,622)..id(Bmr009.w.10,626)"/>
   </dialogueact>
   <dialogueact nite:id="Bmr009.A.dialogueact1245" starttime="2213.73" endtime="2217.17" type="s" adjacency="1b+.2a" original-type="s" channel="c0" participant="me011">
      <nite:child href="Bmr009.A.words.xml#id(Bmr009.w.10,629)..id(Bmr009.w.10,645)"/>
   </dialogueact>
   <dialogueact nite:id="Bmr009.A.dialogueact1247" starttime="2223.21" endtime="2226.46" type="s^df^ng" adjacency="3b.4a.5a" original-type="s^df^ng" channel="c0" participant="me011">
      <nite:child href="Bmr009.A.words.xml#id(Bmr009.w.10,665)..id(Bmr009.w.10,685)"/>
   </dialogueact>
   <dialogueact nite:id="Bmr009.A.dialogueact1253" starttime="2227.51" endtime="2228.02" type="fh" original-type="fh" channel="c0" participant="me011">
      <nite:child href="Bmr009.A.words.xml#id(Bmr009.w.10,710)..id(Bmr009.w.10,711)"/>
   </dialogueact>
   <dialogueact nite:id="Bmr009.A.dialogueact1261" starttime="2235.87" endtime="2238.69" comment="quotes: timit" type="s" original-type="s" channel="c0" participant="me011">
      <nite:child href="Bmr009.A.words.xml#id(Bmr009.w.10,765)..id(Bmr009.w.10,779)"/>
   </dialogueact>
   <dialogueact nite:id="Bmr009.A.dialogueact1267" starttime="2239.41" endtime="2240.42" comment="quote: other" type="s^ng" adjacency="7b.8a" original-type="s^ng" channel="c0" participant="me011">
      <nite:child href="Bmr009.A.words.xml#id(Bmr009.w.10,794)..id(Bmr009.w.10,803)"/>
   </dialogueact>
   <dialogueact nite:id="Bmr009.A.dialogueact1271" starttime="2248.71" endtime="2250.02" type="qy^ng" adjacency="10b" original-type="qy^ng" channel="c0" participant="me011">
      <nite:child href="Bmr009.A.words.xml#id(Bmr009.w.10,845)..id(Bmr009.w.10,851)"/>
   </dialogueact>
   <dialogueact nite:id="Bmr009.A.dialogueact1290" starttime="2275.97" endtime="2276.27" type="s^aa" adjacency="4b-1" original-type="s^aa" channel="c0" participant="me011">
      <nite:child href="Bmr009.A.words.xml#id(Bmr009.w.10,989)..id(Bmr009.w.10,990)"/>
   </dialogueact>
   <dialogueact nite:id="Bmr009.A.dialogueact1291" starttime="2277.19" endtime="2278.34" comment="quote: &quot;other&quot;" type="s" adjacency="4b-1+.5a" original-type="s" channel="c0" participant="me011">
      <nite:child href="Bmr009.A.words.xml#id(Bmr009.w.10,991)..id(Bmr009.w.11,003)"/>
   </dialogueact>
   <dialogueact nite:id="Bmr009.A.dialogueact1301" starttime="2294.74" endtime="2294.95" type="b" original-type="b" channel="c0" participant="me011">
      <nite:child href="Bmr009.A.words.xml#id(Bmr009.w.11,084)..id(Bmr009.w.11,085)"/>
   </dialogueact>
   <dialogueact nite:id="Bmr009.A.dialogueact1303" starttime="2299.43" endtime="2302.81" comment="quote: region" type="s" adjacency="8a" original-type="s" channel="c0" participant="me011">
      <nite:child href="Bmr009.A.words.xml#id(Bmr009.w.11,094)..id(Bmr009.w.11,112)"/>
   </dialogueact>
   <dialogueact nite:id="Bmr009.A.dialogueact1305" starttime="2302.81" endtime="2303.79" comment="quotes: region colon" type="s^e" adjacency="8a+" original-type="s^e" channel="c0" participant="me011">
      <nite:child href="Bmr009.A.words.xml#id(Bmr009.w.11,113)..id(Bmr009.w.11,118)"/>
   </dialogueact>
   <dialogueact nite:id="Bmr009.A.dialogueact1308" starttime="2305.05" endtime="2306.88" type="s" adjacency="8a++" original-type="sj" channel="c0" participant="me011">
      <nite:child href="Bmr009.A.words.xml#id(Bmr009.w.11,129)..id(Bmr009.w.11,142)"/>
   </dialogueact>
   <dialogueact nite:id="Bmr009.A.dialogueact1309" starttime="2307.19" endtime="2308.87" type="s^df" adjacency="8a+++" original-type="s^df" channel="c0" participant="me011">
      <nite:child href="Bmr009.A.words.xml#id(Bmr009.w.11,143)..id(Bmr009.w.11,151)"/>
   </dialogueact>
   <dialogueact nite:id="Bmr009.A.dialogueact1310" starttime="2308.87" endtime="2310.89" comment="quotes: no put in a list&quot;" type="s^df" adjacency="8a++++" original-type="s^df" channel="c0" participant="me011">
      <nite:child href="Bmr009.A.words.xml#id(Bmr009.w.11,152)..id(Bmr009.w.11,166)"/>
   </dialogueact>
   <dialogueact nite:id="Bmr009.A.dialogueact1311" starttime="2310.89" endtime="2311.68" type="s" adjacency="8a+++++" original-type="s" channel="c0" participant="me011">
      <nite:child href="Bmr009.A.words.xml#id(Bmr009.w.11,167)..id(Bmr009.w.11,173)"/>
   </dialogueact>
   <dialogueact nite:id="Bmr009.A.dialogueact1313" starttime="2312.13" endtime="2313.04" type="qy.%-" original-type="qy.%-" channel="c0" participant="me011">
      <nite:child href="Bmr009.A.words.xml#id(Bmr009.w.11,174)..id(Bmr009.disfmarker.533)"/>
   </dialogueact>
   <dialogueact nite:id="Bmr009.A.dialogueact1314" starttime="2314.58" endtime="2318.19" comment="quotes: northern" type="s^aap" adjacency="9b.10a" original-type="s^aap" channel="c0" participant="me011">
      <nite:child href="Bmr009.A.words.xml#id(Bmr009.w.11,190)..id(Bmr009.w.11,210)"/>
   </dialogueact>
   <dialogueact nite:id="Bmr009.A.dialogueact1333" starttime="2334.35" endtime="2335.4" type="qy^rt" adjacency="3a" original-type="qy^rt" channel="c0" participant="me011">
      <nite:child href="Bmr009.A.words.xml#id(Bmr009.w.11,294)..id(Bmr009.w.11,300)"/>
   </dialogueact>
   <dialogueact nite:id="Bmr009.A.dialogueact1354" starttime="2353.23" endtime="2353.74" type="%-" original-type="%-" channel="c0" participant="me011">
      <nite:child href="Bmr009.A.words.xml#id(Bmr009.w.11,414)..id(Bmr009.disfmarker.550)"/>
   </dialogueact>
   <dialogueact nite:id="Bmr009.A.dialogueact1360" starttime="2362.61" endtime="2364.02" type="s^df" adjacency="7a+" original-type="s^df" channel="c0" participant="me011">
      <nite:child href="Bmr009.A.words.xml#id(Bmr009.w.11,457)..id(Bmr009.w.11,465)"/>
   </dialogueact>
   <dialogueact nite:id="Bmr009.A.dialogueact1363" starttime="2364.25" endtime="2365.28" type="s.%--" original-type="s.%--" channel="c0" participant="me011">
      <nite:child href="Bmr009.A.words.xml#id(Bmr009.w.11,472)..id(Bmr009.disfmarker.554)"/>
   </dialogueact>
   <dialogueact nite:id="Bmr009.A.dialogueact1366" starttime="2366.42" endtime="2367.07" type="s^df" original-type="s^df" channel="c0" participant="me011">
      <nite:child href="Bmr009.A.words.xml#id(Bmr009.w.11,484)..id(Bmr009.w.11,490)"/>
   </dialogueact>
   <dialogueact nite:id="Bmr009.A.dialogueact1367" starttime="2367.07" endtime="2367.68" type="s^no" original-type="s^no" channel="c0" participant="me011">
      <nite:child href="Bmr009.A.words.xml#id(Bmr009.w.11,491)..id(Bmr009.w.11,495)"/>
   </dialogueact>
   <dialogueact nite:id="Bmr009.A.dialogueact1368" starttime="2367.75" endtime="2370.37" type="s" original-type="s" channel="c0" participant="me011">
      <nite:child href="Bmr009.A.words.xml#id(Bmr009.w.11,496)..id(Bmr009.w.11,514)"/>
   </dialogueact>
   <dialogueact nite:id="Bmr009.A.dialogueact1369" starttime="2370.37" endtime="2371.86" type="s^df^no" original-type="s^df^no" channel="c0" participant="me011">
      <nite:child href="Bmr009.A.words.xml#id(Bmr009.w.11,515)..id(Bmr009.w.11,525)"/>
   </dialogueact>
   <dialogueact nite:id="Bmr009.A.dialogueact1373" starttime="2379.39" endtime="2383.61" type="s" adjacency="9b.10a" original-type="s" channel="c0" participant="me011">
      <nite:child href="Bmr009.A.words.xml#id(Bmr009.w.11,560)..id(Bmr009.w.11,576)"/>
   </dialogueact>
   <dialogueact nite:id="Bmr009.A.dialogueact1380" starttime="2393.03" endtime="2393.47" type="s" adjacency="11b-2.12a-1.13a" original-type="s" channel="c0" participant="me011">
      <nite:child href="Bmr009.A.words.xml#id(Bmr009.w.11,634)..id(Bmr009.w.11,635)"/>
   </dialogueact>
   <dialogueact nite:id="Bmr009.A.dialogueact1383" starttime="2395.64" endtime="2396.14" type="s^fe" adjacency="14b" original-type="s^fe" channel="c0" participant="me011">
      <nite:child href="Bmr009.A.words.xml#id(Bmr009.w.11,643)..id(Bmr009.w.11,646)"/>
   </dialogueact>
   <dialogueact nite:id="Bmr009.A.dialogueact1388" starttime="2399.55" endtime="2399.87" type="s" original-type="s" channel="c0" participant="me011">
      <nite:child href="Bmr009.A.words.xml#id(Bmr009.w.11,673)..id(Bmr009.w.11,676)"/>
   </dialogueact>
   <dialogueact nite:id="Bmr009.A.dialogueact1389" starttime="2399.95" endtime="2400.8" comment="quote: whole utt" type="s" original-type="s" channel="c0" participant="me011">
      <nite:child href="Bmr009.A.words.xml#id(Bmr009.w.11,677)..id(Bmr009.w.11,683)"/>
   </dialogueact>
   <dialogueact nite:id="Bmr009.A.dialogueact1390" starttime="2400.8" endtime="2401.75" comment="quote: &quot;other&quot;" type="s" original-type="s" channel="c0" participant="me011">
      <nite:child href="Bmr009.A.words.xml#id(Bmr009.w.11,684)..id(Bmr009.w.11,689)"/>
   </dialogueact>
   <dialogueact nite:id="Bmr009.A.dialogueact1395" starttime="2409.37" endtime="2409.93" type="fg" adjacency="1b" original-type="fg" channel="c0" participant="me011">
      <nite:child href="Bmr009.A.words.xml#id(Bmr009.w.11,738)..id(Bmr009.w.11,741)"/>
   </dialogueact>
   <dialogueact nite:id="Bmr009.A.dialogueact1396" starttime="2410.72" endtime="2411.48" type="s^tc" adjacency="1b+" original-type="s^tc" channel="c0" participant="me011">
      <nite:child href="Bmr009.A.words.xml#id(Bmr009.w.11,742)..id(Bmr009.w.11,744)"/>
   </dialogueact>
   <dialogueact nite:id="Bmr009.A.dialogueact1398" starttime="2412.3" endtime="2419.61" comment="quote: &quot;region open paren e g southern comma western comma close paren colon.&quot;" type="s" adjacency="1b++.2a" original-type="s" channel="c0" participant="me011">
      <nite:child href="Bmr009.A.words.xml#id(Bmr009.w.11,747)..id(Bmr009.w.11,772)"/>
   </dialogueact>
   <dialogueact nite:id="Bmr009.A.dialogueact1421" starttime="2430.27" endtime="2432.55" type="s^cs" adjacency="7a" original-type="s^cs" channel="c0" participant="me011">
      <nite:child href="Bmr009.A.words.xml#id(Bmr009.w.11,865)..id(Bmr009.w.11,877)"/>
   </dialogueact>
   <dialogueact nite:id="Bmr009.A.dialogueact1422" starttime="2433.72" endtime="2434.73" type="qy^bu^d^rt" adjacency="7a+" original-type="qy^bu^d^rt" channel="c0" participant="me011">
      <nite:child href="Bmr009.A.words.xml#id(Bmr009.w.11,878)..id(Bmr009.w.11,881)"/>
   </dialogueact>
   <dialogueact nite:id="Bmr009.A.dialogueact1425" starttime="2437.07" endtime="2438.22" type="qy^rt" adjacency="8a" original-type="qy^rt" channel="c0" participant="me011">
      <nite:child href="Bmr009.A.words.xml#id(Bmr009.w.11,887)..id(Bmr009.w.11,892)"/>
   </dialogueact>
   <dialogueact nite:id="Bmr009.A.dialogueact1428" starttime="2439.13" endtime="2439.7" type="qw" adjacency="9a" original-type="qw" channel="c0" participant="me011">
      <nite:child href="Bmr009.A.words.xml#id(Bmr009.w.11,899)..id(Bmr009.w.11,904)"/>
   </dialogueact>
   <dialogueact nite:id="Bmr009.A.dialogueact1432" starttime="2442.15" endtime="2442.65" comment="quotes: around letters" type="qy^bu^d^rt" adjacency="10a" original-type="qy^bu^d^rt" channel="c0" participant="me011">
      <nite:child href="Bmr009.A.words.xml#id(Bmr009.w.11,914)..id(Bmr009.w.11,915)"/>
   </dialogueact>
   <dialogueact nite:id="Bmr009.A.dialogueact1442" starttime="2449.74" endtime="2450.64" type="s" original-type="s" channel="c0" participant="me011">
      <nite:child href="Bmr009.A.words.xml#id(Bmr009.w.11,948)..id(Bmr009.w.11,956)"/>
   </dialogueact>
   <dialogueact nite:id="Bmr009.A.dialogueact1443" starttime="2450.64" endtime="2451.75" type="s^ba" adjacency="2a" original-type="sj^ba" channel="c0" participant="me011">
      <nite:child href="Bmr009.A.words.xml#id(Bmr009.w.11,957)..id(Bmr009.w.11,964)"/>
   </dialogueact>
   <dialogueact nite:id="Bmr009.A.dialogueact1445" starttime="2452.2" endtime="2454.17" type="s^df" adjacency="2a+" original-type="s^df" channel="c0" participant="me011">
      <nite:child href="Bmr009.A.words.xml#id(Bmr009.w.11,967)..id(Bmr009.w.11,981)"/>
   </dialogueact>
   <dialogueact nite:id="Bmr009.A.dialogueact1446" starttime="2454.23" endtime="2459.39" type="s" adjacency="2a++" original-type="s" channel="c0" participant="me011">
      <nite:child href="Bmr009.A.words.xml#id(Bmr009.w.11,982)..id(Bmr009.w.12,004)"/>
   </dialogueact>
   <dialogueact nite:id="Bmr009.A.dialogueact1451" starttime="2461.13" endtime="2461.42" type="s^aa" adjacency="3b" original-type="s^aa" channel="c0" participant="me011">
      <nite:child href="Bmr009.A.words.xml#id(Bmr009.w.12,021)..id(Bmr009.w.12,022)"/>
   </dialogueact>
   <dialogueact nite:id="Bmr009.A.dialogueact1454" starttime="2462.99" endtime="2463.24" type="s^bk^rt" adjacency="4b" original-type="s^bk^rt" channel="c0" participant="me011">
      <nite:child href="Bmr009.A.words.xml#id(Bmr009.w.12,037)..id(Bmr009.w.12,040)"/>
   </dialogueact>
   <dialogueact nite:id="Bmr009.A.dialogueact1462" starttime="2487.23" endtime="2488.03" comment="FBH" type="s^na" adjacency="5b-2" original-type="s^na" channel="c0" participant="me011">
      <nite:child href="Bmr009.A.words.xml#id(Bmr009.w.12,121)..id(Bmr009.w.12,126)"/>
   </dialogueact>
   <dialogueact nite:id="Bmr009.A.dialogueact1463" starttime="2488.33" endtime="2488.88" type="s^aa" adjacency="5b-2+" original-type="s^aa" channel="c0" participant="me011">
      <nite:child href="Bmr009.A.words.xml#id(Bmr009.w.12,127)..id(Bmr009.w.12,132)"/>
   </dialogueact>
   <dialogueact nite:id="Bmr009.A.dialogueact1473" starttime="2500.75" endtime="2501.02" type="s^aa" adjacency="6b-1.7a-1" original-type="s^aa" channel="c0" participant="me011">
      <nite:child href="Bmr009.A.words.xml#id(Bmr009.w.12,163)..id(Bmr009.w.12,164)"/>
   </dialogueact>
   <dialogueact nite:id="Bmr009.A.dialogueact1477" starttime="2508.6" endtime="2511.53" type="fg|qy^rt" adjacency="8b.9a" original-type="fg|qy^rt" channel="c0" participant="me011">
      <nite:child href="Bmr009.A.words.xml#id(Bmr009.w.12,192)..id(Bmr009.w.12,203)"/>
   </dialogueact>
   <dialogueact nite:id="Bmr009.A.dialogueact1478" starttime="2511.83" endtime="2511.92" type="%--" original-type="%--" channel="c0" participant="me011">
      <nite:child href="Bmr009.A.words.xml#id(Bmr009.w.12,204)..id(Bmr009.disfmarker.581)"/>
   </dialogueact>
   <dialogueact nite:id="Bmr009.A.dialogueact1479" starttime="2512.27" endtime="2512.48" type="s^bk" original-type="s^bk" channel="c0" participant="me011">
      <nite:child href="Bmr009.A.words.xml#id(Bmr009.w.12,205)..id(Bmr009.w.12,206)"/>
   </dialogueact>
   <dialogueact nite:id="Bmr009.A.dialogueact1483" starttime="2513.97" endtime="2518.17" type="fg|s" original-type="fg|s" channel="c0" participant="me011">
      <nite:child href="Bmr009.A.words.xml#id(Bmr009.w.12,221)..id(Bmr009.w.12,239)"/>
   </dialogueact>
   <dialogueact nite:id="Bmr009.A.dialogueact1486" starttime="2518.79" endtime="2519.86" type="s" adjacency="11a" original-type="s" channel="c0" participant="me011">
      <nite:child href="Bmr009.A.words.xml#id(Bmr009.w.12,247)..id(Bmr009.w.12,252)"/>
   </dialogueact>
   <dialogueact nite:id="Bmr009.A.dialogueact1488" starttime="2521.86" endtime="2525.73" type="s" adjacency="10b.12a" original-type="s" channel="c0" participant="me011">
      <nite:child href="Bmr009.A.words.xml#id(Bmr009.w.12,267)..id(Bmr009.w.12,289)"/>
   </dialogueact>
   <dialogueact nite:id="Bmr009.A.dialogueact1491" starttime="2526.47" endtime="2527.54" type="s" original-type="s" channel="c0" participant="me011">
      <nite:child href="Bmr009.A.words.xml#id(Bmr009.w.12,293)..id(Bmr009.w.12,299)"/>
   </dialogueact>
   <dialogueact nite:id="Bmr009.A.dialogueact1493" starttime="2530.57" endtime="2532.17" comment="&quot;no&quot;: used not to reject question but to say that the question does not pertain" type="s" adjacency="13b" original-type="s" channel="c0" participant="me011">
      <nite:child href="Bmr009.A.words.xml#id(Bmr009.w.12,312)..id(Bmr009.w.12,322)"/>
   </dialogueact>
   <dialogueact nite:id="Bmr009.A.dialogueact1494" starttime="2532.17" endtime="2532.97" type="s" adjacency="13b+" original-type="s" channel="c0" participant="me011">
      <nite:child href="Bmr009.A.words.xml#id(Bmr009.w.12,323)..id(Bmr009.w.12,329)"/>
   </dialogueact>
   <dialogueact nite:id="Bmr009.A.dialogueact1495" starttime="2533.72" endtime="2540.04" type="s" original-type="s" channel="c0" participant="me011">
      <nite:child href="Bmr009.A.words.xml#id(Bmr009.w.12,330)..id(Bmr009.w.12,355)"/>
   </dialogueact>
   <dialogueact nite:id="Bmr009.A.dialogueact1498" starttime="2540.94" endtime="2547.09" type="s" original-type="s" channel="c0" participant="me011">
      <nite:child href="Bmr009.A.words.xml#id(Bmr009.w.12,362)..id(Bmr009.w.12,385)"/>
   </dialogueact>
   <dialogueact nite:id="Bmr009.A.dialogueact1500" starttime="2548.05" endtime="2548.86" type="s^ba" original-type="sj^ba" channel="c0" participant="me011">
      <nite:child href="Bmr009.A.words.xml#id(Bmr009.w.12,390)..id(Bmr009.w.12,394)"/>
   </dialogueact>
   <dialogueact nite:id="Bmr009.A.dialogueact1503" starttime="2549.91" endtime="2550.18" type="b" original-type="b" channel="c0" participant="me011">
      <nite:child href="Bmr009.A.words.xml#id(Bmr009.w.12,412)..id(Bmr009.w.12,415)"/>
   </dialogueact>
   <dialogueact nite:id="Bmr009.A.dialogueact1506" starttime="2552.12" endtime="2554.44" type="s" adjacency="2b" original-type="s" channel="c0" participant="me011">
      <nite:child href="Bmr009.A.words.xml#id(Bmr009.w.12,426)..id(Bmr009.w.12,437)"/>
   </dialogueact>
   <dialogueact nite:id="Bmr009.A.dialogueact1507" starttime="2554.61" endtime="2557.0" type="s^df" original-type="s^df" channel="c0" participant="me011">
      <nite:child href="Bmr009.A.words.xml#id(Bmr009.w.12,438)..id(Bmr009.w.12,452)"/>
   </dialogueact>
   <dialogueact nite:id="Bmr009.A.dialogueact1509" starttime="2557.93" endtime="2559.83" type="s" original-type="s" channel="c0" participant="me011">
      <nite:child href="Bmr009.A.words.xml#id(Bmr009.w.12,458)..id(Bmr009.w.12,470)"/>
   </dialogueact>
   <dialogueact nite:id="Bmr009.A.dialogueact1512" starttime="2563.7" endtime="2566.38" type="fg|s" adjacency="5a" original-type="fg|sj" channel="c0" participant="me011">
      <nite:child href="Bmr009.A.words.xml#id(Bmr009.w.12,500)..id(Bmr009.w.12,514)"/>
   </dialogueact>
   <dialogueact nite:id="Bmr009.A.dialogueact1514" starttime="2566.89" endtime="2568.17" type="s" adjacency="5a+" original-type="s" channel="c0" participant="me011">
      <nite:child href="Bmr009.A.words.xml#id(Bmr009.w.12,515)..id(Bmr009.w.12,520)"/>
   </dialogueact>
   <dialogueact nite:id="Bmr009.A.dialogueact1515" starttime="2568.17" endtime="2569.88" type="s" adjacency="5a++" original-type="s" channel="c0" participant="me011">
      <nite:child href="Bmr009.A.words.xml#id(Bmr009.w.12,521)..id(Bmr009.w.12,527)"/>
   </dialogueact>
   <dialogueact nite:id="Bmr009.A.dialogueact1517" starttime="2570.66" endtime="2571.86" type="s" adjacency="5a+++" original-type="s" channel="c0" participant="me011">
      <nite:child href="Bmr009.A.words.xml#id(Bmr009.w.12,532)..id(Bmr009.w.12,540)"/>
   </dialogueact>
   <dialogueact nite:id="Bmr009.A.dialogueact1522" starttime="2575.98" endtime="2578.21" type="s^ar|s" adjacency="6b.7a" original-type="s^ar|s" channel="c0" participant="me011">
      <nite:child href="Bmr009.A.words.xml#id(Bmr009.w.12,559)..id(Bmr009.w.12,577)"/>
   </dialogueact>
   <dialogueact nite:id="Bmr009.A.dialogueact1524" starttime="2578.67" endtime="2579.65" type="s^ar" adjacency="8b.9a" original-type="s^ar" channel="c0" participant="me011">
      <nite:child href="Bmr009.A.words.xml#id(Bmr009.w.12,590)..id(Bmr009.w.12,593)"/>
   </dialogueact>
   <dialogueact nite:id="Bmr009.A.dialogueact1528" starttime="2583.91" endtime="2588.0" comment="FBH" type="s^nd" adjacency="10b.11a.12a" original-type="s^nd" channel="c0" participant="me011">
      <nite:child href="Bmr009.A.words.xml#id(Bmr009.w.12,613)..id(Bmr009.w.12,637)"/>
   </dialogueact>
   <dialogueact nite:id="Bmr009.A.dialogueact1530" starttime="2588.0" endtime="2589.38" type="s^e" adjacency="12b.13a" original-type="s^e" channel="c0" participant="me011">
      <nite:child href="Bmr009.A.words.xml#id(Bmr009.w.12,638)..id(Bmr009.w.12,647)"/>
   </dialogueact>
   <dialogueact nite:id="Bmr009.A.dialogueact1535" starttime="2600.15" endtime="2604.73" type="s^cs.%--" adjacency="1a" original-type="s^cs.%--" channel="c0" participant="me011">
      <nite:child href="Bmr009.A.words.xml#id(Bmr009.w.12,676)..id(Bmr009.disfmarker.601)"/>
   </dialogueact>
   <dialogueact nite:id="Bmr009.A.dialogueact1542" starttime="2619.41" endtime="2619.57" type="%-" original-type="%-" channel="c0" participant="me011">
      <nite:child href="Bmr009.A.words.xml#id(Bmr009.w.12,768)..id(Bmr009.w.12,770)"/>
   </dialogueact>
   <dialogueact nite:id="Bmr009.A.dialogueact1548" starttime="2621.97" endtime="2624.67" type="s^aap" adjacency="2b" original-type="s^aap" channel="c0" participant="me011">
      <nite:child href="Bmr009.A.words.xml#id(Bmr009.w.12,784)..id(Bmr009.w.12,796)"/>
   </dialogueact>
   <dialogueact nite:id="Bmr009.A.dialogueact1549" starttime="2625.2" endtime="2626.42" type="s" adjacency="3a" original-type="s" channel="c0" participant="me011">
      <nite:child href="Bmr009.A.words.xml#id(Bmr009.w.12,797)..id(Bmr009.w.12,805)"/>
   </dialogueact>
   <dialogueact nite:id="Bmr009.A.dialogueact1551" starttime="2626.49" endtime="2629.78" type="s" adjacency="3a+" original-type="s" channel="c0" participant="me011">
      <nite:child href="Bmr009.A.words.xml#id(Bmr009.w.12,808)..id(Bmr009.w.12,827)"/>
   </dialogueact>
   <dialogueact nite:id="Bmr009.A.dialogueact1557" starttime="2630.92" endtime="2631.17" type="fh" original-type="fh" channel="c0" participant="me011">
      <nite:child href="Bmr009.A.words.xml#id(Bmr009.w.12,852)..id(Bmr009.w.12,853)"/>
   </dialogueact>
   <dialogueact nite:id="Bmr009.A.dialogueact1558" starttime="2631.6" endtime="2631.75" type="b" original-type="b" channel="c0" participant="me011">
      <nite:child href="Bmr009.A.words.xml#id(Bmr009.w.12,854)..id(Bmr009.w.12,855)"/>
   </dialogueact>
   <dialogueact nite:id="Bmr009.A.dialogueact1563" starttime="2642.65" endtime="2643.33" type="s^ar" adjacency="4b" original-type="s^ar" channel="c0" participant="me011">
      <nite:child href="Bmr009.A.words.xml#id(Bmr009.w.12,902)..id(Bmr009.w.12,904)"/>
   </dialogueact>
   <dialogueact nite:id="Bmr009.A.dialogueact1564" starttime="2643.33" endtime="2644.66" type="s^aap^df" adjacency="5a" original-type="s^aap^df" channel="c0" participant="me011">
      <nite:child href="Bmr009.A.words.xml#id(Bmr009.w.12,905)..id(Bmr009.w.12,913)"/>
   </dialogueact>
   <dialogueact nite:id="Bmr009.A.dialogueact1565" starttime="2644.66" endtime="2646.92" type="s" adjacency="5a+" original-type="s" channel="c0" participant="me011">
      <nite:child href="Bmr009.A.words.xml#id(Bmr009.w.12,914)..id(Bmr009.w.12,922)"/>
   </dialogueact>
   <dialogueact nite:id="Bmr009.A.dialogueact1567" starttime="2647.54" endtime="2649.65" type="s.%--" original-type="s.%--" channel="c0" participant="me011">
      <nite:child href="Bmr009.A.words.xml#id(Bmr009.w.12,925)..id(Bmr009.disfmarker.613)"/>
   </dialogueact>
   <dialogueact nite:id="Bmr009.A.dialogueact1568" starttime="2650.03" endtime="2654.08" type="s^cs" original-type="s^cs" channel="c0" participant="me011">
      <nite:child href="Bmr009.A.words.xml#id(Bmr009.w.12,938)..id(Bmr009.w.12,958)"/>
   </dialogueact>
   <dialogueact nite:id="Bmr009.A.dialogueact1570" starttime="2654.08" endtime="2657.55" type="s|s^df" original-type="sj|s^df" channel="c0" participant="me011">
      <nite:child href="Bmr009.A.words.xml#id(Bmr009.w.12,959)..id(Bmr009.w.12,980)"/>
   </dialogueact>
   <dialogueact nite:id="Bmr009.A.dialogueact1571" starttime="2658.54" endtime="2663.94" type="s" original-type="s" channel="c0" participant="me011">
      <nite:child href="Bmr009.A.words.xml#id(Bmr009.w.12,981)..id(Bmr009.w.13,005)"/>
   </dialogueact>
   <dialogueact nite:id="Bmr009.A.dialogueact1575" starttime="2664.43" endtime="2665.59" type="s" original-type="sj" channel="c0" participant="me011">
      <nite:child href="Bmr009.A.words.xml#id(Bmr009.w.13,012)..id(Bmr009.w.13,021)"/>
   </dialogueact>
   <dialogueact nite:id="Bmr009.A.dialogueact1585" starttime="2691.56" endtime="2691.96" type="%-" original-type="%-" channel="c0" participant="me011">
      <nite:child href="Bmr009.A.words.xml#id(Bmr009.w.13,136)..id(Bmr009.disfmarker.624)"/>
   </dialogueact>
   <dialogueact nite:id="Bmr009.A.dialogueact1592" starttime="2699.39" endtime="2700.61" type="s" original-type="s" channel="c0" participant="me011">
      <nite:child href="Bmr009.A.words.xml#id(Bmr009.w.13,190)..id(Bmr009.w.13,197)"/>
   </dialogueact>
   <dialogueact nite:id="Bmr009.A.dialogueact1600" starttime="2715.59" endtime="2722.02" type="s" adjacency="1b" original-type="s" channel="c0" participant="me011">
      <nite:child href="Bmr009.A.words.xml#id(Bmr009.w.13,273)..id(Bmr009.w.13,310)"/>
   </dialogueact>
   <dialogueact nite:id="Bmr009.A.dialogueact1602" starttime="2722.56" endtime="2723.86" type="s" adjacency="1b+" original-type="s" channel="c0" participant="me011">
      <nite:child href="Bmr009.A.words.xml#id(Bmr009.w.13,315)..id(Bmr009.w.13,322)"/>
   </dialogueact>
   <dialogueact nite:id="Bmr009.A.dialogueact1606" starttime="2729.79" endtime="2729.96" type="b" original-type="b" channel="c0" participant="me011">
      <nite:child href="Bmr009.A.words.xml#id(Bmr009.w.13,361)..id(Bmr009.w.13,362)"/>
   </dialogueact>
   <dialogueact nite:id="Bmr009.A.dialogueact1611" starttime="2742.48" endtime="2743.55" type="fg|qy^rt^t^tc" adjacency="3a" original-type="fg|qy^rt^t^tc" channel="c0" participant="me011">
      <nite:child href="Bmr009.A.words.xml#id(Bmr009.w.13,398)..id(Bmr009.w.13,404)"/>
   </dialogueact>
   <dialogueact nite:id="Bmr009.A.dialogueact1617" starttime="2749.7" endtime="2749.88" type="s^bk" original-type="s^bk" channel="c0" participant="me011">
      <nite:child href="Bmr009.A.words.xml#id(Bmr009.w.13,445)..id(Bmr009.w.13,446)"/>
   </dialogueact>
   <dialogueact nite:id="Bmr009.A.dialogueact1622" starttime="2753.95" endtime="2754.16" type="s^bk" adjacency="5b-3" original-type="s^bk" channel="c0" participant="me011">
      <nite:child href="Bmr009.A.words.xml#id(Bmr009.w.13,468)..id(Bmr009.w.13,469)"/>
   </dialogueact>
   <dialogueact nite:id="Bmr009.A.dialogueact1623" starttime="2754.67" endtime="2755.94" type="qr.%--" adjacency="5b-4" original-type="qr.%--" channel="c0" participant="me011">
      <nite:child href="Bmr009.A.words.xml#id(Bmr009.w.13,470)..id(Bmr009.w.13,479)"/>
   </dialogueact>
   <dialogueact nite:id="Bmr009.A.dialogueact1630" starttime="2761.13" endtime="2763.28" type="qr" adjacency="7a" original-type="qr" channel="c0" participant="me011">
      <nite:child href="Bmr009.A.words.xml#id(Bmr009.w.13,530)..id(Bmr009.w.13,543)"/>
   </dialogueact>
   <dialogueact nite:id="Bmr009.A.dialogueact1632" starttime="2764.01" endtime="2766.78" type="s^bk|s^co^t" adjacency="8b" original-type="s^bk|s^co^t" channel="c0" participant="me011">
      <nite:child href="Bmr009.A.words.xml#id(Bmr009.w.13,551)..id(Bmr009.w.13,568)"/>
   </dialogueact>
   <dialogueact nite:id="Bmr009.A.dialogueact1640" starttime="2778.97" endtime="2779.86" type="qh^co" adjacency="9a.10a" original-type="qh^co" channel="c0" participant="me011">
      <nite:child href="Bmr009.A.words.xml#id(Bmr009.w.13,612)..id(Bmr009.w.13,618)"/>
   </dialogueact>
   <dialogueact nite:id="Bmr009.A.dialogueact1645" starttime="2783.58" endtime="2785.87" type="s^aa|s^co" adjacency="1b" original-type="s^aa|s^co" channel="c0" participant="me011">
      <nite:child href="Bmr009.A.words.xml#id(Bmr009.w.13,647)..id(Bmr009.w.13,658)"/>
   </dialogueact>
   <dialogueact nite:id="Bmr009.A.dialogueact1649" starttime="2988.74" endtime="2989.0" type="z" original-type="z" channel="c0" participant="me011">
      <nite:child href="Bmr009.A.words.xml#id(Bmr009.w.14,064)"/>
   </dialogueact>
   <dialogueact nite:id="Bmr009.A.dialogueact1654" starttime="2996.5" endtime="2997.02" type="z" original-type="z" channel="c0" participant="me011">
      <nite:child href="Bmr009.A.words.xml#id(Bmr009.w.14,077)"/>
   </dialogueact>
</nite:root>