<?xml version="1.0" encoding="ISO-8859-1" standalone="yes"?>
<nite:root nite:id="Bmr023.A.dialogue-acts" xmlns:nite="http://nite.sourceforge.net/">
   <dialogueact nite:id="Bmr023.A.dialogueact163" starttime="383.492" endtime="383.642" type="b" original-type="b" channel="c0" participant="fe008">
      <nite:child href="Bmr023.A.words.xml#id(Bmr023.w.1,228)..id(Bmr023.w.1,229)"/>
   </dialogueact>
   <dialogueact nite:id="Bmr023.A.dialogueact236" starttime="532.517" endtime="533.417" type="s^ba" adjacency="47b-1" original-type="s^ba" channel="c0" participant="fe008">
      <nite:child href="Bmr023.A.words.xml#id(Bmr023.w.1,851)..id(Bmr023.w.1,855)"/>
   </dialogueact>
   <dialogueact nite:id="Bmr023.A.dialogueact240" starttime="534.357" endtime="534.707" type="s^aa" adjacency="48b" original-type="s^aa" channel="c0" participant="fe008">
      <nite:child href="Bmr023.A.words.xml#id(Bmr023.w.1,869)..id(Bmr023.w.1,870)"/>
   </dialogueact>
   <dialogueact nite:id="Bmr023.A.dialogueact249" starttime="551.032" endtime="553.412" type="s^ba" adjacency="50.5a" original-type="s^ba" channel="c0" participant="fe008">
      <nite:child href="Bmr023.A.words.xml#id(Bmr023.w.1,952)..id(Bmr023.w.1,962)"/>
   </dialogueact>
   <dialogueact nite:id="Bmr023.A.dialogueact252" starttime="553.762" endtime="554.472" type="b" original-type="b" channel="c0" participant="fe008">
      <nite:child href="Bmr023.A.words.xml#id(Bmr023.w.1,966)..id(Bmr023.w.1,969)"/>
   </dialogueact>
   <dialogueact nite:id="Bmr023.A.dialogueact256" starttime="561.351" endtime="562.831" type="s^aa" adjacency="50b-2" original-type="s^aa" channel="c0" participant="fe008">
      <nite:child href="Bmr023.A.words.xml#id(Bmr023.w.2,001)..id(Bmr023.w.2,005)"/>
   </dialogueact>
   <dialogueact nite:id="Bmr023.A.dialogueact259" starttime="563.574" endtime="564.064" type="%-" original-type="%-" channel="c0" participant="fe008">
      <nite:child href="Bmr023.A.words.xml#id(Bmr023.w.2,008)..id(Bmr023.w.2,010)"/>
   </dialogueact>
   <dialogueact nite:id="Bmr023.A.dialogueact261" starttime="564.444" endtime="565.324" type="qy.%-" original-type="qy.%-" channel="c0" participant="fe008">
      <nite:child href="Bmr023.A.words.xml#id(Bmr023.w.2,018)..id(Bmr023.w.2,023)"/>
   </dialogueact>
   <dialogueact nite:id="Bmr023.A.dialogueact314" starttime="697.744" endtime="703.442" type="fg|s" adjacency="5b" original-type="fg|s" channel="c0" participant="fe008">
      <nite:child href="Bmr023.A.words.xml#id(Bmr023.w.2,592)..id(Bmr023.w.2,616)"/>
   </dialogueact>
   <dialogueact nite:id="Bmr023.A.dialogueact315" starttime="703.442" endtime="708.065" type="s^e" original-type="s^e" channel="c0" participant="fe008">
      <nite:child href="Bmr023.A.words.xml#id(Bmr023.w.2,617)..id(Bmr023.w.2,637)"/>
   </dialogueact>
   <dialogueact nite:id="Bmr023.A.dialogueact316" starttime="708.065" endtime="711.855" type="s" original-type="s" channel="c0" participant="fe008">
      <nite:child href="Bmr023.A.words.xml#id(Bmr023.w.2,638)..id(Bmr023.w.2,651)"/>
   </dialogueact>
   <dialogueact nite:id="Bmr023.A.dialogueact317" starttime="712.135" endtime="713.865" type="s" original-type="s" channel="c0" participant="fe008">
      <nite:child href="Bmr023.A.words.xml#id(Bmr023.w.2,652)..id(Bmr023.w.2,662)"/>
   </dialogueact>
   <dialogueact nite:id="Bmr023.A.dialogueact318" starttime="714.355" endtime="716.055" type="fh|%--" original-type="fh|%--" channel="c0" participant="fe008">
      <nite:child href="Bmr023.A.words.xml#id(Bmr023.w.2,663)..id(Bmr023.disfmarker.92)"/>
   </dialogueact>
   <dialogueact nite:id="Bmr023.A.dialogueact319" starttime="716.335" endtime="717.135" type="s^co" original-type="s^co" channel="c0" participant="fe008">
      <nite:child href="Bmr023.A.words.xml#id(Bmr023.w.2,668)..id(Bmr023.w.2,671)"/>
   </dialogueact>
   <dialogueact nite:id="Bmr023.A.dialogueact320" starttime="717.195" endtime="720.265" type="s" original-type="s" channel="c0" participant="fe008">
      <nite:child href="Bmr023.A.words.xml#id(Bmr023.w.2,672)..id(Bmr023.w.2,685)"/>
   </dialogueact>
   <dialogueact nite:id="Bmr023.A.dialogueact321" starttime="720.265" endtime="722.155" type="s^df^e" adjacency="6a" original-type="s^df^e" channel="c0" participant="fe008">
      <nite:child href="Bmr023.A.words.xml#id(Bmr023.w.2,686)..id(Bmr023.w.2,696)"/>
   </dialogueact>
   <dialogueact nite:id="Bmr023.A.dialogueact322" starttime="722.737" endtime="724.617" type="s.%-" original-type="s.%-" channel="c0" participant="fe008">
      <nite:child href="Bmr023.A.words.xml#id(Bmr023.w.2,697)..id(Bmr023.disfmarker.94)"/>
   </dialogueact>
   <dialogueact nite:id="Bmr023.A.dialogueact324" starttime="725.715" endtime="726.735" type="b" original-type="b" channel="c0" participant="fe008">
      <nite:child href="Bmr023.A.words.xml#id(Bmr023.w.2,717)..id(Bmr023.w.2,718)"/>
   </dialogueact>
   <dialogueact nite:id="Bmr023.A.dialogueact327" starttime="728.364" endtime="729.694" type="s^df" adjacency="7b-2" original-type="s^df" channel="c0" participant="fe008">
      <nite:child href="Bmr023.A.words.xml#id(Bmr023.w.2,723)..id(Bmr023.w.2,734)"/>
   </dialogueact>
   <dialogueact nite:id="Bmr023.A.dialogueact328" starttime="729.694" endtime="733.814" type="s^df.%-" adjacency="8a" original-type="s^df.%-" channel="c0" participant="fe008">
      <nite:child href="Bmr023.A.words.xml#id(Bmr023.w.2,735)..id(Bmr023.disfmarker.96)"/>
   </dialogueact>
   <dialogueact nite:id="Bmr023.A.dialogueact330" starttime="738.173" endtime="741.023" type="s^df" original-type="s^df" channel="c0" participant="fe008">
      <nite:child href="Bmr023.A.words.xml#id(Bmr023.w.2,766)..id(Bmr023.w.2,781)"/>
   </dialogueact>
   <dialogueact nite:id="Bmr023.A.dialogueact331" starttime="741.023" endtime="742.393" type="s" original-type="s" channel="c0" participant="fe008">
      <nite:child href="Bmr023.A.words.xml#id(Bmr023.w.2,782)..id(Bmr023.w.2,792)"/>
   </dialogueact>
   <dialogueact nite:id="Bmr023.A.dialogueact332" starttime="742.393" endtime="745.613" type="s^df" original-type="s^df" channel="c0" participant="fe008">
      <nite:child href="Bmr023.A.words.xml#id(Bmr023.w.2,793)..id(Bmr023.w.2,809)"/>
   </dialogueact>
   <dialogueact nite:id="Bmr023.A.dialogueact333" starttime="745.613" endtime="748.003" type="fh" original-type="fh" channel="c0" participant="fe008">
      <nite:child href="Bmr023.A.words.xml#id(Bmr023.w.2,810)..id(Bmr023.w.2,817)"/>
   </dialogueact>
   <dialogueact nite:id="Bmr023.A.dialogueact334" starttime="748.183" endtime="748.843" type="s" original-type="s" channel="c0" participant="fe008">
      <nite:child href="Bmr023.A.words.xml#id(Bmr023.w.2,818)..id(Bmr023.w.2,822)"/>
   </dialogueact>
   <dialogueact nite:id="Bmr023.A.dialogueact335" starttime="748.843" endtime="752.94" type="s" original-type="s" channel="c0" participant="fe008">
      <nite:child href="Bmr023.A.words.xml#id(Bmr023.w.2,823)..id(Bmr023.w.2,842)"/>
   </dialogueact>
   <dialogueact nite:id="Bmr023.A.dialogueact336" starttime="752.94" endtime="754.44" type="s^ba" adjacency="9a" original-type="s^ba" channel="c0" participant="fe008">
      <nite:child href="Bmr023.A.words.xml#id(Bmr023.w.2,843)..id(Bmr023.w.2,852)"/>
   </dialogueact>
   <dialogueact nite:id="Bmr023.A.dialogueact337" starttime="754.7" endtime="760.97" type="s^bd" adjacency="9a+" original-type="s^bd" channel="c0" participant="fe008">
      <nite:child href="Bmr023.A.words.xml#id(Bmr023.w.2,853)..id(Bmr023.disfmarker.108)"/>
   </dialogueact>
   <dialogueact nite:id="Bmr023.A.dialogueact339" starttime="762.531" endtime="765.631" type="s.%-" original-type="s.%-" channel="c0" participant="fe008">
      <nite:child href="Bmr023.A.words.xml#id(Bmr023.w.2,908)..id(Bmr023.w.2,933)"/>
   </dialogueact>
   <dialogueact nite:id="Bmr023.A.dialogueact341" starttime="766.041" endtime="772.661" type="s" original-type="s" channel="c0" participant="fe008">
      <nite:child href="Bmr023.A.words.xml#id(Bmr023.w.2,937)..id(Bmr023.w.2,971)"/>
   </dialogueact>
   <dialogueact nite:id="Bmr023.A.dialogueact342" starttime="772.661" endtime="774.021" type="s^ba" original-type="s^ba" channel="c0" participant="fe008">
      <nite:child href="Bmr023.A.words.xml#id(Bmr023.w.2,972)..id(Bmr023.w.2,979)"/>
   </dialogueact>
   <dialogueact nite:id="Bmr023.A.dialogueact343" starttime="774.527" endtime="780.797" type="s^cc" original-type="s^cc" channel="c0" participant="fe008">
      <nite:child href="Bmr023.A.words.xml#id(Bmr023.w.2,980)..id(Bmr023.w.3,011)"/>
   </dialogueact>
   <dialogueact nite:id="Bmr023.A.dialogueact344" starttime="780.797" endtime="789.183" type="s" original-type="s" channel="c0" participant="fe008">
      <nite:child href="Bmr023.A.words.xml#id(Bmr023.w.3,012)..id(Bmr023.w.3,045)"/>
   </dialogueact>
   <dialogueact nite:id="Bmr023.A.dialogueact345" starttime="789.183" endtime="789.513" type="qy^d^g^rt" original-type="qy^d^g^rt" channel="c0" participant="fe008">
      <nite:child href="Bmr023.A.words.xml#id(Bmr023.w.3,046)..id(Bmr023.w.3,048)"/>
   </dialogueact>
   <dialogueact nite:id="Bmr023.A.dialogueact346" starttime="789.793" endtime="792.113" type="s^e" original-type="s^e" channel="c0" participant="fe008">
      <nite:child href="Bmr023.A.words.xml#id(Bmr023.w.3,049)..id(Bmr023.w.3,060)"/>
   </dialogueact>
   <dialogueact nite:id="Bmr023.A.dialogueact348" starttime="792.453" endtime="800.662" type="s^df" original-type="s^df" channel="c0" participant="fe008">
      <nite:child href="Bmr023.A.words.xml#id(Bmr023.w.3,065)..id(Bmr023.w.3,095)"/>
   </dialogueact>
   <dialogueact nite:id="Bmr023.A.dialogueact349" starttime="800.662" endtime="800.972" type="fh" original-type="fh" channel="c0" participant="fe008">
      <nite:child href="Bmr023.A.words.xml#id(Bmr023.w.3,096)..id(Bmr023.w.3,097)"/>
   </dialogueact>
   <dialogueact nite:id="Bmr023.A.dialogueact350" starttime="801.719" endtime="805.479" type="s^df" original-type="s^df" channel="c0" participant="fe008">
      <nite:child href="Bmr023.A.words.xml#id(Bmr023.w.3,098)..id(Bmr023.w.3,116)"/>
   </dialogueact>
   <dialogueact nite:id="Bmr023.A.dialogueact351" starttime="805.479" endtime="808.679" type="s" original-type="s" channel="c0" participant="fe008">
      <nite:child href="Bmr023.A.words.xml#id(Bmr023.w.3,117)..id(Bmr023.w.3,129)"/>
   </dialogueact>
   <dialogueact nite:id="Bmr023.A.dialogueact359" starttime="842.104" endtime="842.694" type="s^aa" adjacency="10b" original-type="s^aa" channel="c0" participant="fe008">
      <nite:child href="Bmr023.A.words.xml#id(Bmr023.w.3,265)..id(Bmr023.w.3,268)"/>
   </dialogueact>
   <dialogueact nite:id="Bmr023.A.dialogueact363" starttime="863.454" endtime="863.634" type="s^ba" adjacency="11b" original-type="s^ba" channel="c0" participant="fe008">
      <nite:child href="Bmr023.A.words.xml#id(Bmr023.w.3,360)..id(Bmr023.w.3,361)"/>
   </dialogueact>
   <dialogueact nite:id="Bmr023.A.dialogueact364" starttime="864.014" endtime="864.214" type="s^bk" original-type="s^bk" channel="c0" participant="fe008">
      <nite:child href="Bmr023.A.words.xml#id(Bmr023.w.3,362)..id(Bmr023.w.3,363)"/>
   </dialogueact>
   <dialogueact nite:id="Bmr023.A.dialogueact379" starttime="908.72" endtime="912.17" type="s^ba^tc" original-type="s^ba^tc" channel="c0" participant="fe008">
      <nite:child href="Bmr023.A.words.xml#id(Bmr023.w.3,532)..id(Bmr023.w.3,546)"/>
   </dialogueact>
   <dialogueact nite:id="Bmr023.A.dialogueact380" starttime="912.37" endtime="913.71" type="s.%--" original-type="s.%--" channel="c0" participant="fe008">
      <nite:child href="Bmr023.A.words.xml#id(Bmr023.w.3,547)..id(Bmr023.disfmarker.153)"/>
   </dialogueact>
   <dialogueact nite:id="Bmr023.A.dialogueact381" starttime="913.71" endtime="919.68" type="s" adjacency="16a" original-type="s" channel="c0" participant="fe008">
      <nite:child href="Bmr023.A.words.xml#id(Bmr023.w.3,556)..id(Bmr023.disfmarker.154)"/>
   </dialogueact>
   <dialogueact nite:id="Bmr023.A.dialogueact382" starttime="919.92" endtime="921.75" type="s" adjacency="16a+" original-type="s" channel="c0" participant="fe008">
      <nite:child href="Bmr023.A.words.xml#id(Bmr023.w.3,580)..id(Bmr023.w.3,589)"/>
   </dialogueact>
   <dialogueact nite:id="Bmr023.A.dialogueact384" starttime="921.75" endtime="923.43" type="s" original-type="s" channel="c0" participant="fe008">
      <nite:child href="Bmr023.A.words.xml#id(Bmr023.w.3,592)..id(Bmr023.w.3,603)"/>
   </dialogueact>
   <dialogueact nite:id="Bmr023.A.dialogueact385" starttime="923.43" endtime="927.69" type="s" original-type="s" channel="c0" participant="fe008">
      <nite:child href="Bmr023.A.words.xml#id(Bmr023.w.3,604)..id(Bmr023.w.3,623)"/>
   </dialogueact>
   <dialogueact nite:id="Bmr023.A.dialogueact386" starttime="927.69" endtime="931.84" type="fh|s" original-type="fh|s" channel="c0" participant="fe008">
      <nite:child href="Bmr023.A.words.xml#id(Bmr023.w.3,624)..id(Bmr023.w.3,643)"/>
   </dialogueact>
   <dialogueact nite:id="Bmr023.A.dialogueact387" starttime="931.84" endtime="935.002" type="s.%--" original-type="s.%--" channel="c0" participant="fe008">
      <nite:child href="Bmr023.A.words.xml#id(Bmr023.w.3,644)..id(Bmr023.w.3,658)"/>
   </dialogueact>
   <dialogueact nite:id="Bmr023.A.dialogueact388" starttime="935.322" endtime="936.232" type="s" original-type="s" channel="c0" participant="fe008">
      <nite:child href="Bmr023.A.words.xml#id(Bmr023.w.3,659)..id(Bmr023.w.3,664)"/>
   </dialogueact>
   <dialogueact nite:id="Bmr023.A.dialogueact389" starttime="936.232" endtime="938.552" type="s" adjacency="17a" original-type="s" channel="c0" participant="fe008">
      <nite:child href="Bmr023.A.words.xml#id(Bmr023.w.3,665)..id(Bmr023.w.3,679)"/>
   </dialogueact>
   <dialogueact nite:id="Bmr023.A.dialogueact390" starttime="938.622" endtime="940.132" type="s.%--" original-type="s.%--" channel="c0" participant="fe008">
      <nite:child href="Bmr023.A.words.xml#id(Bmr023.w.3,680)..id(Bmr023.w.3,691)"/>
   </dialogueact>
   <dialogueact nite:id="Bmr023.A.dialogueact392" starttime="940.542" endtime="942.612" type="s^bu" adjacency="18a" original-type="s^bu" channel="c0" participant="fe008">
      <nite:child href="Bmr023.A.words.xml#id(Bmr023.w.3,696)..id(Bmr023.w.3,705)"/>
   </dialogueact>
   <dialogueact nite:id="Bmr023.A.dialogueact393" starttime="942.612" endtime="942.902" type="qy^g" adjacency="18a+" original-type="qy^g" channel="c0" participant="fe008">
      <nite:child href="Bmr023.A.words.xml#id(Bmr023.w.3,706)..id(Bmr023.w.3,708)"/>
   </dialogueact>
   <dialogueact nite:id="Bmr023.A.dialogueact394" starttime="942.902" endtime="943.622" type="qy.%-" original-type="qy.%-" channel="c0" participant="fe008">
      <nite:child href="Bmr023.A.words.xml#id(Bmr023.w.3,709)..id(Bmr023.w.3,714)"/>
   </dialogueact>
   <dialogueact nite:id="Bmr023.A.dialogueact397" starttime="945.435" endtime="946.775" type="s.%--" original-type="s.%--" channel="c0" participant="fe008">
      <nite:child href="Bmr023.A.words.xml#id(Bmr023.w.3,722)..id(Bmr023.disfmarker.161)"/>
   </dialogueact>
   <dialogueact nite:id="Bmr023.A.dialogueact398" starttime="947.315" endtime="949.325" type="s.%--" original-type="s.%--" channel="c0" participant="fe008">
      <nite:child href="Bmr023.A.words.xml#id(Bmr023.w.3,727)..id(Bmr023.disfmarker.162)"/>
   </dialogueact>
   <dialogueact nite:id="Bmr023.A.dialogueact399" starttime="949.325" endtime="950.545" type="s" original-type="s" channel="c0" participant="fe008">
      <nite:child href="Bmr023.A.words.xml#id(Bmr023.w.3,733)..id(Bmr023.w.3,740)"/>
   </dialogueact>
   <dialogueact nite:id="Bmr023.A.dialogueact400" starttime="950.545" endtime="952.765" type="s" original-type="s" channel="c0" participant="fe008">
      <nite:child href="Bmr023.A.words.xml#id(Bmr023.w.3,741)..id(Bmr023.w.3,751)"/>
   </dialogueact>
   <dialogueact nite:id="Bmr023.A.dialogueact401" starttime="952.765" endtime="954.765" type="s^cc" original-type="s^cc" channel="c0" participant="fe008">
      <nite:child href="Bmr023.A.words.xml#id(Bmr023.w.3,752)..id(Bmr023.w.3,762)"/>
   </dialogueact>
   <dialogueact nite:id="Bmr023.A.dialogueact402" starttime="954.765" endtime="958.565" type="s^cc" original-type="s^cc" channel="c0" participant="fe008">
      <nite:child href="Bmr023.A.words.xml#id(Bmr023.w.3,763)..id(Bmr023.w.3,786)"/>
   </dialogueact>
   <dialogueact nite:id="Bmr023.A.dialogueact403" starttime="959.035" endtime="966.585" type="fh|s^df" original-type="fh|s^df" channel="c0" participant="fe008">
      <nite:child href="Bmr023.A.words.xml#id(Bmr023.w.3,787)..id(Bmr023.w.3,823)"/>
   </dialogueact>
   <dialogueact nite:id="Bmr023.A.dialogueact404" starttime="966.585" endtime="969.355" type="s.%--" adjacency="19a" original-type="s.%--" channel="c0" participant="fe008">
      <nite:child href="Bmr023.A.words.xml#id(Bmr023.w.3,824)..id(Bmr023.disfmarker.168)"/>
   </dialogueact>
   <dialogueact nite:id="Bmr023.A.dialogueact408" starttime="969.805" endtime="971.385" type="s" adjacency="19a+" original-type="s" channel="c0" participant="fe008">
      <nite:child href="Bmr023.A.words.xml#id(Bmr023.w.3,843)..id(Bmr023.w.3,856)"/>
   </dialogueact>
   <dialogueact nite:id="Bmr023.A.dialogueact410" starttime="971.685" endtime="976.705" type="s^ba" adjacency="20a" original-type="s^ba" channel="c0" participant="fe008">
      <nite:child href="Bmr023.A.words.xml#id(Bmr023.w.3,859)..id(Bmr023.w.3,880)"/>
   </dialogueact>
   <dialogueact nite:id="Bmr023.A.dialogueact411" starttime="977.035" endtime="978.795" type="s" original-type="s" channel="c0" participant="fe008">
      <nite:child href="Bmr023.A.words.xml#id(Bmr023.w.3,881)..id(Bmr023.w.3,891)"/>
   </dialogueact>
   <dialogueact nite:id="Bmr023.A.dialogueact413" starttime="979.255" endtime="979.575" type="fh" original-type="fh" channel="c0" participant="fe008">
      <nite:child href="Bmr023.A.words.xml#id(Bmr023.w.3,896)..id(Bmr023.w.3,897)"/>
   </dialogueact>
   <dialogueact nite:id="Bmr023.A.dialogueact414" starttime="980.342" endtime="982.832" type="fh|s^cs" adjacency="21a" original-type="fh|s^cs" channel="c0" participant="fe008">
      <nite:child href="Bmr023.A.words.xml#id(Bmr023.w.3,898)..id(Bmr023.w.3,911)"/>
   </dialogueact>
   <dialogueact nite:id="Bmr023.A.dialogueact419" starttime="991.015" endtime="991.535" type="s^na" adjacency="22b-1" original-type="s^na" channel="c0" participant="fe008">
      <nite:child href="Bmr023.A.words.xml#id(Bmr023.w.3,941)..id(Bmr023.w.3,945)"/>
   </dialogueact>
   <dialogueact nite:id="Bmr023.A.dialogueact420" starttime="991.535" endtime="996.133" type="s.%--" adjacency="22b-1+" original-type="s.%--" channel="c0" participant="fe008">
      <nite:child href="Bmr023.A.words.xml#id(Bmr023.w.3,946)..id(Bmr023.w.3,962)"/>
   </dialogueact>
   <dialogueact nite:id="Bmr023.A.dialogueact431" starttime="1008.73" endtime="1015.64" type="s" original-type="s" channel="c0" participant="fe008">
      <nite:child href="Bmr023.A.words.xml#id(Bmr023.w.4,050)..id(Bmr023.w.4,085)"/>
   </dialogueact>
   <dialogueact nite:id="Bmr023.A.dialogueact434" starttime="1015.64" endtime="1018.8" type="s" original-type="s" channel="c0" participant="fe008">
      <nite:child href="Bmr023.A.words.xml#id(Bmr023.w.4,086)..id(Bmr023.w.4,100)"/>
   </dialogueact>
   <dialogueact nite:id="Bmr023.A.dialogueact435" starttime="1018.8" endtime="1023.12" type="s^cs" adjacency="24a" original-type="s^cs" channel="c0" participant="fe008">
      <nite:child href="Bmr023.A.words.xml#id(Bmr023.w.4,101)..id(Bmr023.w.4,129)"/>
   </dialogueact>
   <dialogueact nite:id="Bmr023.A.dialogueact437" starttime="1023.78" endtime="1027.05" type="%--" original-type="%--" channel="c0" participant="fe008">
      <nite:child href="Bmr023.A.words.xml#id(Bmr023.w.4,130)..id(Bmr023.disfmarker.183)"/>
   </dialogueact>
   <dialogueact nite:id="Bmr023.A.dialogueact438" starttime="1027.74" endtime="1029.83" type="s" adjacency="24a+" original-type="s" channel="c0" participant="fe008">
      <nite:child href="Bmr023.A.words.xml#id(Bmr023.w.4,139)..id(Bmr023.w.4,149)"/>
   </dialogueact>
   <dialogueact nite:id="Bmr023.A.dialogueact439" starttime="1030.38" endtime="1031.65" type="s^cc" adjacency="24a++" original-type="s^cc" channel="c0" participant="fe008">
      <nite:child href="Bmr023.A.words.xml#id(Bmr023.w.4,150)..id(Bmr023.w.4,158)"/>
   </dialogueact>
   <dialogueact nite:id="Bmr023.A.dialogueact441" starttime="1031.65" endtime="1032.59" type="s^df.%--" original-type="s^df.%--" channel="c0" participant="fe008">
      <nite:child href="Bmr023.A.words.xml#id(Bmr023.w.4,159)..id(Bmr023.w.4,165)"/>
   </dialogueact>
   <dialogueact nite:id="Bmr023.A.dialogueact454" starttime="1057.45" endtime="1057.65" type="s^ft.%" adjacency="25b" original-type="s^ft.%" channel="c0" participant="fe008">
      <nite:child href="Bmr023.A.words.xml#id(Bmr023.w.4,270)..id(Bmr023.w.4,272)"/>
   </dialogueact>
   <dialogueact nite:id="Bmr023.A.dialogueact486" starttime="1206.46" endtime="1207.53" type="s^ba" adjacency="1b" original-type="s^ba" channel="c0" participant="fe008">
      <nite:child href="Bmr023.A.words.xml#id(Bmr023.w.4,807)..id(Bmr023.w.4,811)"/>
   </dialogueact>
   <dialogueact nite:id="Bmr023.A.dialogueact487" starttime="1207.53" endtime="1212.48" type="s^aap" adjacency="1b+" original-type="s^aap" channel="c0" participant="fe008">
      <nite:child href="Bmr023.A.words.xml#id(Bmr023.w.4,812)..id(Bmr023.w.4,832)"/>
   </dialogueact>
   <dialogueact nite:id="Bmr023.A.dialogueact488" starttime="1212.69" endtime="1216.83" type="s" original-type="s" channel="c0" participant="fe008">
      <nite:child href="Bmr023.A.words.xml#id(Bmr023.w.4,833)..id(Bmr023.w.4,847)"/>
   </dialogueact>
   <dialogueact nite:id="Bmr023.A.dialogueact489" starttime="1216.83" endtime="1221.68" type="s^bd" original-type="s^bd" channel="c0" participant="fe008">
      <nite:child href="Bmr023.A.words.xml#id(Bmr023.w.4,848)..id(Bmr023.w.4,873)"/>
   </dialogueact>
   <dialogueact nite:id="Bmr023.A.dialogueact490" starttime="1222.02" endtime="1225.62" type="s" original-type="s" channel="c0" participant="fe008">
      <nite:child href="Bmr023.A.words.xml#id(Bmr023.w.4,874)..id(Bmr023.w.4,891)"/>
   </dialogueact>
   <dialogueact nite:id="Bmr023.A.dialogueact491" starttime="1225.62" endtime="1228.08" type="s" original-type="s" channel="c0" participant="fe008">
      <nite:child href="Bmr023.A.words.xml#id(Bmr023.w.4,892)..id(Bmr023.w.4,901)"/>
   </dialogueact>
   <dialogueact nite:id="Bmr023.A.dialogueact492" starttime="1228.44" endtime="1233.69" type="fh|s^cs" original-type="fh|s^cs" channel="c0" participant="fe008">
      <nite:child href="Bmr023.A.words.xml#id(Bmr023.w.4,902)..id(Bmr023.w.4,921)"/>
   </dialogueact>
   <dialogueact nite:id="Bmr023.A.dialogueact493" starttime="1234.12" endtime="1235.18" type="fh|%-" original-type="fh|%-" channel="c0" participant="fe008">
      <nite:child href="Bmr023.A.words.xml#id(Bmr023.w.4,922)..id(Bmr023.disfmarker.207)"/>
   </dialogueact>
   <dialogueact nite:id="Bmr023.A.dialogueact495" starttime="1236.52" endtime="1236.84" type="b" original-type="b" channel="c0" participant="fe008">
      <nite:child href="Bmr023.A.words.xml#id(Bmr023.w.4,954)..id(Bmr023.w.4,955)"/>
   </dialogueact>
   <dialogueact nite:id="Bmr023.A.dialogueact498" starttime="1244.98" endtime="1245.32" type="s^aa" adjacency="2b" original-type="s^aa" channel="c0" participant="fe008">
      <nite:child href="Bmr023.A.words.xml#id(Bmr023.w.4,979)..id(Bmr023.w.4,980)"/>
   </dialogueact>
   <dialogueact nite:id="Bmr023.A.dialogueact501" starttime="1256.34" endtime="1257.95" type="s" original-type="s" channel="c0" participant="fe008">
      <nite:child href="Bmr023.A.words.xml#id(Bmr023.w.5,023)..id(Bmr023.w.5,032)"/>
   </dialogueact>
   <dialogueact nite:id="Bmr023.A.dialogueact503" starttime="1262.28" endtime="1262.43" type="b" original-type="b" channel="c0" participant="fe008">
      <nite:child href="Bmr023.A.words.xml#id(Bmr023.w.5,057)..id(Bmr023.w.5,060)"/>
   </dialogueact>
   <dialogueact nite:id="Bmr023.A.dialogueact504" starttime="1262.93" endtime="1263.31" type="b" original-type="b" channel="c0" participant="fe008">
      <nite:child href="Bmr023.A.words.xml#id(Bmr023.w.5,061)..id(Bmr023.w.5,064)"/>
   </dialogueact>
   <dialogueact nite:id="Bmr023.A.dialogueact506" starttime="1263.93" endtime="1264.29" type="b" original-type="b" channel="c0" participant="fe008">
      <nite:child href="Bmr023.A.words.xml#id(Bmr023.w.5,080)..id(Bmr023.w.5,083)"/>
   </dialogueact>
   <dialogueact nite:id="Bmr023.A.dialogueact508" starttime="1266.39" endtime="1267.42" type="s^aa|%-" adjacency="3b" original-type="s^aa|%-" channel="c0" participant="fe008">
      <nite:child href="Bmr023.A.words.xml#id(Bmr023.w.5,084)..id(Bmr023.disfmarker.215)"/>
   </dialogueact>
   <dialogueact nite:id="Bmr023.A.dialogueact510" starttime="1268.0" endtime="1268.36" type="s^bk" adjacency="3b+" original-type="s^bk" channel="c0" participant="fe008">
      <nite:child href="Bmr023.A.words.xml#id(Bmr023.w.5,094)..id(Bmr023.w.5,095)"/>
   </dialogueact>
   <dialogueact nite:id="Bmr023.A.dialogueact513" starttime="1276.68" endtime="1277.07" type="fg" original-type="fg" channel="c0" participant="fe008">
      <nite:child href="Bmr023.A.words.xml#id(Bmr023.w.5,153)..id(Bmr023.disfmarker.219)"/>
   </dialogueact>
   <dialogueact nite:id="Bmr023.A.dialogueact519" starttime="1292.94" endtime="1295.53" type="s" original-type="s" channel="c0" participant="fe008">
      <nite:child href="Bmr023.A.words.xml#id(Bmr023.w.5,201)..id(Bmr023.w.5,214)"/>
   </dialogueact>
   <dialogueact nite:id="Bmr023.A.dialogueact522" starttime="1301.49" endtime="1308.26" type="s" adjacency="7a" original-type="s" channel="c0" participant="fe008">
      <nite:child href="Bmr023.A.words.xml#id(Bmr023.w.5,243)..id(Bmr023.w.5,276)"/>
   </dialogueact>
   <dialogueact nite:id="Bmr023.A.dialogueact525" starttime="1308.95" endtime="1313.64" type="s" adjacency="7a+" original-type="s" channel="c0" participant="fe008">
      <nite:child href="Bmr023.A.words.xml#id(Bmr023.w.5,280)..id(Bmr023.w.5,295)"/>
   </dialogueact>
   <dialogueact nite:id="Bmr023.A.dialogueact526" starttime="1313.64" endtime="1314.03" type="qy^d^f^g^rt" adjacency="7a++" original-type="qy^d^f^g^rt" channel="c0" participant="fe008">
      <nite:child href="Bmr023.A.words.xml#id(Bmr023.w.5,296)..id(Bmr023.w.5,298)"/>
   </dialogueact>
   <dialogueact nite:id="Bmr023.A.dialogueact533" starttime="1344.91" endtime="1345.23" type="b" original-type="b" channel="c0" participant="fe008">
      <nite:child href="Bmr023.A.words.xml#id(Bmr023.w.5,452)..id(Bmr023.w.5,455)"/>
   </dialogueact>
   <dialogueact nite:id="Bmr023.A.dialogueact536" starttime="1360.04" endtime="1360.29" type="s^aa^rt" adjacency="8b" original-type="s^aa^rt" channel="c0" participant="fe008">
      <nite:child href="Bmr023.A.words.xml#id(Bmr023.w.5,517)..id(Bmr023.w.5,520)"/>
   </dialogueact>
   <dialogueact nite:id="Bmr023.A.dialogueact537" starttime="1360.52" endtime="1360.89" type="s^aa" adjacency="8b+" original-type="s^aa" channel="c0" participant="fe008">
      <nite:child href="Bmr023.A.words.xml#id(Bmr023.w.5,521)..id(Bmr023.w.5,523)"/>
   </dialogueact>
   <dialogueact nite:id="Bmr023.A.dialogueact538" starttime="1361.67" endtime="1362.4" type="s^aa^r" adjacency="8b++" original-type="s^aa^r" channel="c0" participant="fe008">
      <nite:child href="Bmr023.A.words.xml#id(Bmr023.w.5,524)..id(Bmr023.w.5,529)"/>
   </dialogueact>
   <dialogueact nite:id="Bmr023.A.dialogueact540" starttime="1362.71" endtime="1376.83" type="s^cs" original-type="s^cs" channel="c0" participant="fe008">
      <nite:child href="Bmr023.A.words.xml#id(Bmr023.w.5,530)..id(Bmr023.w.5,595)"/>
   </dialogueact>
   <dialogueact nite:id="Bmr023.A.dialogueact541" starttime="1377.45" endtime="1381.01" type="s^df" original-type="s^df" channel="c0" participant="fe008">
      <nite:child href="Bmr023.A.words.xml#id(Bmr023.w.5,596)..id(Bmr023.w.5,612)"/>
   </dialogueact>
   <dialogueact nite:id="Bmr023.A.dialogueact542" starttime="1381.18" endtime="1382.43" type="s^e" original-type="s^e" channel="c0" participant="fe008">
      <nite:child href="Bmr023.A.words.xml#id(Bmr023.w.5,613)..id(Bmr023.w.5,620)"/>
   </dialogueact>
   <dialogueact nite:id="Bmr023.A.dialogueact549" starttime="1401.1" endtime="1405.38" type="s^ng.%-" original-type="s^ng.%-" channel="c0" participant="fe008">
      <nite:child href="Bmr023.A.words.xml#id(Bmr023.w.5,698)..id(Bmr023.w.5,719)"/>
   </dialogueact>
   <dialogueact nite:id="Bmr023.A.dialogueact552" starttime="1406.5" endtime="1407.07" type="s.%-" original-type="s.%-" channel="c0" participant="fe008">
      <nite:child href="Bmr023.A.words.xml#id(Bmr023.w.5,742)..id(Bmr023.disfmarker.250)"/>
   </dialogueact>
   <dialogueact nite:id="Bmr023.A.dialogueact555" starttime="1410.53" endtime="1411.57" type="s^ng.%--" original-type="s^ng.%--" channel="c0" participant="fe008">
      <nite:child href="Bmr023.A.words.xml#id(Bmr023.w.5,761)..id(Bmr023.disfmarker.252)"/>
   </dialogueact>
   <dialogueact nite:id="Bmr023.A.dialogueact557" starttime="1414.43" endtime="1414.65" type="fg" original-type="fg" channel="c0" participant="fe008">
      <nite:child href="Bmr023.A.words.xml#id(Bmr023.w.5,769)..id(Bmr023.w.5,770)"/>
   </dialogueact>
   <dialogueact nite:id="Bmr023.A.dialogueact559" starttime="1418.2" endtime="1418.55" type="b" original-type="b" channel="c0" participant="fe008">
      <nite:child href="Bmr023.A.words.xml#id(Bmr023.w.5,789)..id(Bmr023.w.5,792)"/>
   </dialogueact>
   <dialogueact nite:id="Bmr023.A.dialogueact578" starttime="1478.76" endtime="1479.53" type="s^na" adjacency="9b-2" original-type="s^na" channel="c0" participant="fe008">
      <nite:child href="Bmr023.A.words.xml#id(Bmr023.w.6,029)..id(Bmr023.w.6,033)"/>
   </dialogueact>
   <dialogueact nite:id="Bmr023.A.dialogueact579" starttime="1479.64" endtime="1480.78" type="s^e" original-type="s^e" channel="c0" participant="fe008">
      <nite:child href="Bmr023.A.words.xml#id(Bmr023.w.6,034)..id(Bmr023.w.6,041)"/>
   </dialogueact>
   <dialogueact nite:id="Bmr023.A.dialogueact588" starttime="1486.95" endtime="1490.17" type="s^ng" adjacency="11b" original-type="s^ng" channel="c0" participant="fe008">
      <nite:child href="Bmr023.A.words.xml#id(Bmr023.w.6,099)..id(Bmr023.w.6,117)"/>
   </dialogueact>
   <dialogueact nite:id="Bmr023.A.dialogueact590" starttime="1490.17" endtime="1492.41" type="s^e:s" adjacency="11b+.12a" original-type="s^e:s" channel="c0" participant="fe008">
      <nite:child href="Bmr023.A.words.xml#id(Bmr023.w.6,118)..id(Bmr023.w.6,133)"/>
   </dialogueact>
   <dialogueact nite:id="Bmr023.A.dialogueact598" starttime="1492.92" endtime="1493.25" type="b" original-type="b" channel="c0" participant="fe008">
      <nite:child href="Bmr023.A.words.xml#id(Bmr023.w.6,171)..id(Bmr023.w.6,172)"/>
   </dialogueact>
   <dialogueact nite:id="Bmr023.A.dialogueact599" starttime="1494.02" endtime="1494.35" type="b" original-type="b" channel="c0" participant="fe008">
      <nite:child href="Bmr023.A.words.xml#id(Bmr023.w.6,173)..id(Bmr023.w.6,174)"/>
   </dialogueact>
   <dialogueact nite:id="Bmr023.A.dialogueact603" starttime="1507.53" endtime="1507.96" type="s^aa" adjacency="14b.15a" original-type="s^aa" channel="c0" participant="fe008">
      <nite:child href="Bmr023.A.words.xml#id(Bmr023.w.6,238)..id(Bmr023.w.6,239)"/>
   </dialogueact>
   <dialogueact nite:id="Bmr023.A.dialogueact605" starttime="1508.64" endtime="1509.04" type="b" original-type="b" channel="c0" participant="fe008">
      <nite:child href="Bmr023.A.words.xml#id(Bmr023.w.6,251)..id(Bmr023.w.6,252)"/>
   </dialogueact>
   <dialogueact nite:id="Bmr023.A.dialogueact606" starttime="1511.58" endtime="1512.84" type="s^2" original-type="s^2" channel="c0" participant="fe008">
      <nite:child href="Bmr023.A.words.xml#id(Bmr023.w.6,266)..id(Bmr023.w.6,273)"/>
   </dialogueact>
   <dialogueact nite:id="Bmr023.A.dialogueact607" starttime="1514.1" endtime="1514.33" type="b" original-type="b" channel="c0" participant="fe008">
      <nite:child href="Bmr023.A.words.xml#id(Bmr023.w.6,274)..id(Bmr023.w.6,275)"/>
   </dialogueact>
   <dialogueact nite:id="Bmr023.A.dialogueact1257" starttime="3105.83" endtime="3106.97" type="s^bu" adjacency="14a" original-type="s^bu" channel="c0" participant="fe008">
      <nite:child href="Bmr023.A.words.xml#id(Bmr023.w.12,736)..id(Bmr023.w.12,741)"/>
   </dialogueact>
   <dialogueact nite:id="Bmr023.A.dialogueact1259" starttime="3107.03" endtime="3107.61" type="qy^g^rt" adjacency="14a+" original-type="qy^g^rt" channel="c0" participant="fe008">
      <nite:child href="Bmr023.A.words.xml#id(Bmr023.w.12,742)..id(Bmr023.w.12,745)"/>
   </dialogueact>
   <dialogueact nite:id="Bmr023.A.dialogueact1262" starttime="3110.6" endtime="3111.35" comment="FBH" type="s^bk" adjacency="15b" original-type="s^bk" channel="c0" participant="fe008">
      <nite:child href="Bmr023.A.words.xml#id(Bmr023.w.12,771)..id(Bmr023.w.12,775)"/>
   </dialogueact>
   <dialogueact nite:id="Bmr023.A.dialogueact1265" starttime="3112.79" endtime="3113.42" comment="FBH" type="s^bk" original-type="s^bk" channel="c0" participant="fe008">
      <nite:child href="Bmr023.A.words.xml#id(Bmr023.w.12,781)..id(Bmr023.w.12,785)"/>
   </dialogueact>
   <dialogueact nite:id="Bmr023.A.dialogueact1270" starttime="3118.19" endtime="3118.4" comment="FBH" type="b.%" original-type="b.%" channel="c0" participant="fe008">
      <nite:child href="Bmr023.A.words.xml#id(Bmr023.w.12,806)..id(Bmr023.w.12,807)"/>
   </dialogueact>
</nite:root>