<?xml version="1.0" encoding="ISO-8859-1" standalone="yes"?>
<nite:root nite:id="Bmr022.C.dialogue-acts" xmlns:nite="http://nite.sourceforge.net/">
   <dialogueact nite:id="Bmr022.C.dialogueact11" starttime="11.97" endtime="12.81" type="s^bu" adjacency="3a" original-type="s^bu" channel="c2" participant="fe016">
      <nite:child href="Bmr022.C.words.xml#id(Bmr022.w.65)..id(Bmr022.w.70)"/>
   </dialogueact>
   <dialogueact nite:id="Bmr022.C.dialogueact12" starttime="12.81" endtime="13.1" type="qy^d^g^rt" adjacency="3a+" original-type="qy^d^g^rt" channel="c2" participant="fe016">
      <nite:child href="Bmr022.C.words.xml#id(Bmr022.w.71)..id(Bmr022.w.72)"/>
   </dialogueact>
   <dialogueact nite:id="Bmr022.C.dialogueact16" starttime="14.64" endtime="15.27" type="s" adjacency="4a" original-type="s" channel="c2" participant="fe016">
      <nite:child href="Bmr022.C.words.xml#id(Bmr022.w.87)..id(Bmr022.w.90)"/>
   </dialogueact>
   <dialogueact nite:id="Bmr022.C.dialogueact18" starttime="15.47" endtime="16.07" type="s^e" original-type="s^e" channel="c2" participant="fe016">
      <nite:child href="Bmr022.C.words.xml#id(Bmr022.w.91)..id(Bmr022.w.93)"/>
   </dialogueact>
   <dialogueact nite:id="Bmr022.C.dialogueact102" starttime="186.77" endtime="188.41" type="qy^bu^d^rt" original-type="qy^bu^d^rt" channel="c2" participant="fe016">
      <nite:child href="Bmr022.C.words.xml#id(Bmr022.w.915)..id(Bmr022.w.921)"/>
   </dialogueact>
   <dialogueact nite:id="Bmr022.C.dialogueact139" starttime="253.201" endtime="254.951" type="s^cs.%-" original-type="s^cs.%-" channel="c2" participant="fe016">
      <nite:child href="Bmr022.C.words.xml#id(Bmr022.w.1,231)..id(Bmr022.disfmarker.54)"/>
   </dialogueact>
   <dialogueact nite:id="Bmr022.C.dialogueact142" starttime="260.0" endtime="261.24" type="s^cs.%--" original-type="s^cs.%--" channel="c2" participant="fe016">
      <nite:child href="Bmr022.C.words.xml#id(Bmr022.w.1,265)..id(Bmr022.w.1,270)"/>
   </dialogueact>
   <dialogueact nite:id="Bmr022.C.dialogueact143" starttime="261.24" endtime="263.06" type="qy^bu^d^rt" original-type="qy^bu^d^rt" channel="c2" participant="fe016">
      <nite:child href="Bmr022.C.words.xml#id(Bmr022.w.1,271)..id(Bmr022.w.1,277)"/>
   </dialogueact>
   <dialogueact nite:id="Bmr022.C.dialogueact144" starttime="263.12" endtime="264.34" type="qrr.%--" original-type="qrr.%--" channel="c2" participant="fe016">
      <nite:child href="Bmr022.C.words.xml#id(Bmr022.w.1,278)..id(Bmr022.disfmarker.57)"/>
   </dialogueact>
   <dialogueact nite:id="Bmr022.C.dialogueact145" starttime="265.44" endtime="270.524" type="qy^bu^d^rt" adjacency="26a" original-type="qy^bu^d^rt" channel="c2" participant="fe016">
      <nite:child href="Bmr022.C.words.xml#id(Bmr022.w.1,283)..id(Bmr022.w.1,307)"/>
   </dialogueact>
   <dialogueact nite:id="Bmr022.C.dialogueact149" starttime="272.26" endtime="272.74" type="s^e.%--" original-type="s^e.%--" channel="c2" participant="fe016">
      <nite:child href="Bmr022.C.words.xml#id(Bmr022.w.1,316)..id(Bmr022.w.1,319)"/>
   </dialogueact>
   <dialogueact nite:id="Bmr022.C.dialogueact150" starttime="272.99" endtime="278.845" type="s" adjacency="28b" original-type="s" channel="c2" participant="fe016">
      <nite:child href="Bmr022.C.words.xml#id(Bmr022.w.1,320)..id(Bmr022.w.1,335)"/>
   </dialogueact>
   <dialogueact nite:id="Bmr022.C.dialogueact151" starttime="279.89" endtime="285.19" type="s" original-type="s" channel="c2" participant="fe016">
      <nite:child href="Bmr022.C.words.xml#id(Bmr022.w.1,336)..id(Bmr022.w.1,353)"/>
   </dialogueact>
   <dialogueact nite:id="Bmr022.C.dialogueact152" starttime="285.796" endtime="287.326" type="s^rt" original-type="s^rt" channel="c2" participant="fe016">
      <nite:child href="Bmr022.C.words.xml#id(Bmr022.w.1,354)..id(Bmr022.w.1,365)"/>
   </dialogueact>
   <dialogueact nite:id="Bmr022.C.dialogueact153" starttime="287.326" endtime="287.666" type="%--" original-type="%--" channel="c2" participant="fe016">
      <nite:child href="Bmr022.C.words.xml#id(Bmr022.w.1,366)..id(Bmr022.disfmarker.60)"/>
   </dialogueact>
   <dialogueact nite:id="Bmr022.C.dialogueact154" starttime="288.57" endtime="294.05" type="s" original-type="s" channel="c2" participant="fe016">
      <nite:child href="Bmr022.C.words.xml#id(Bmr022.w.1,368)..id(Bmr022.w.1,386)"/>
   </dialogueact>
   <dialogueact nite:id="Bmr022.C.dialogueact156" starttime="294.88" endtime="296.93" type="s" original-type="s" channel="c2" participant="fe016">
      <nite:child href="Bmr022.C.words.xml#id(Bmr022.w.1,399)..id(Bmr022.w.1,410)"/>
   </dialogueact>
   <dialogueact nite:id="Bmr022.C.dialogueact157" starttime="296.93" endtime="298.56" type="%--" original-type="%--" channel="c2" participant="fe016">
      <nite:child href="Bmr022.C.words.xml#id(Bmr022.w.1,411)..id(Bmr022.disfmarker.65)"/>
   </dialogueact>
   <dialogueact nite:id="Bmr022.C.dialogueact158" starttime="300.17" endtime="300.81" type="s^cs" original-type="s^cs" channel="c2" participant="fe016">
      <nite:child href="Bmr022.C.words.xml#id(Bmr022.w.1,416)..id(Bmr022.w.1,423)"/>
   </dialogueact>
   <dialogueact nite:id="Bmr022.C.dialogueact159" starttime="300.95" endtime="303.997" type="s^df.%-" original-type="s^df.%-" channel="c2" participant="fe016">
      <nite:child href="Bmr022.C.words.xml#id(Bmr022.w.1,424)..id(Bmr022.w.1,450)"/>
   </dialogueact>
   <dialogueact nite:id="Bmr022.C.dialogueact161" starttime="304.517" endtime="304.797" type="%-" original-type="%-" channel="c2" participant="fe016">
      <nite:child href="Bmr022.C.words.xml#id(Bmr022.w.1,451)..id(Bmr022.disfmarker.67)"/>
   </dialogueact>
   <dialogueact nite:id="Bmr022.C.dialogueact162" starttime="306.708" endtime="308.338" type="s" adjacency="30b" original-type="s" channel="c2" participant="fe016">
      <nite:child href="Bmr022.C.words.xml#id(Bmr022.w.1,454)..id(Bmr022.w.1,464)"/>
   </dialogueact>
   <dialogueact nite:id="Bmr022.C.dialogueact165" starttime="309.208" endtime="312.818" type="fg|s^cs" adjacency="31b.32a" original-type="fg|s^cs" channel="c2" participant="fe016">
      <nite:child href="Bmr022.C.words.xml#id(Bmr022.w.1,483)..id(Bmr022.w.1,499)"/>
   </dialogueact>
   <dialogueact nite:id="Bmr022.C.dialogueact166" starttime="312.948" endtime="314.068" type="s^ba" adjacency="31b+.32a+" original-type="s^ba" channel="c2" participant="fe016">
      <nite:child href="Bmr022.C.words.xml#id(Bmr022.w.1,500)..id(Bmr022.w.1,506)"/>
   </dialogueact>
   <dialogueact nite:id="Bmr022.C.dialogueact168" starttime="314.94" endtime="315.23" type="fh" original-type="fh" channel="c2" participant="fe016">
      <nite:child href="Bmr022.C.words.xml#id(Bmr022.w.1,513)..id(Bmr022.disfmarker.72)"/>
   </dialogueact>
   <dialogueact nite:id="Bmr022.C.dialogueact170" starttime="315.859" endtime="316.259" type="b" original-type="b" channel="c2" participant="fe016">
      <nite:child href="Bmr022.C.words.xml#id(Bmr022.w.1,528)..id(Bmr022.w.1,529)"/>
   </dialogueact>
   <dialogueact nite:id="Bmr022.C.dialogueact171" starttime="317.4" endtime="318.7" type="s^aa|%-" adjacency="34b-1" original-type="s^aa|%-" channel="c2" participant="fe016">
      <nite:child href="Bmr022.C.words.xml#id(Bmr022.w.1,530)..id(Bmr022.disfmarker.73)"/>
   </dialogueact>
   <dialogueact nite:id="Bmr022.C.dialogueact178" starttime="321.891" endtime="323.151" type="s.%-" original-type="s.%-" channel="c2" participant="fe016">
      <nite:child href="Bmr022.C.words.xml#id(Bmr022.w.1,562)..id(Bmr022.disfmarker.74)"/>
   </dialogueact>
   <dialogueact nite:id="Bmr022.C.dialogueact182" starttime="324.182" endtime="325.512" type="s" original-type="s" channel="c2" participant="fe016">
      <nite:child href="Bmr022.C.words.xml#id(Bmr022.w.1,587)..id(Bmr022.w.1,594)"/>
   </dialogueact>
   <dialogueact nite:id="Bmr022.C.dialogueact184" starttime="325.512" endtime="329.345" type="s^df^rt" original-type="s^df^rt" channel="c2" participant="fe016">
      <nite:child href="Bmr022.C.words.xml#id(Bmr022.w.1,595)..id(Bmr022.w.1,618)"/>
   </dialogueact>
   <dialogueact nite:id="Bmr022.C.dialogueact185" starttime="329.71" endtime="336.469" type="s^df" original-type="s^df" channel="c2" participant="fe016">
      <nite:child href="Bmr022.C.words.xml#id(Bmr022.w.1,619)..id(Bmr022.w.1,638)"/>
   </dialogueact>
   <dialogueact nite:id="Bmr022.C.dialogueact187" starttime="337.52" endtime="338.14" type="s" original-type="s" channel="c2" participant="fe016">
      <nite:child href="Bmr022.C.words.xml#id(Bmr022.w.1,644)..id(Bmr022.w.1,648)"/>
   </dialogueact>
   <dialogueact nite:id="Bmr022.C.dialogueact188" starttime="339.18" endtime="339.27" type="b" original-type="b" channel="c2" participant="fe016">
      <nite:child href="Bmr022.C.words.xml#id(Bmr022.w.1,649)..id(Bmr022.w.1,650)"/>
   </dialogueact>
   <dialogueact nite:id="Bmr022.C.dialogueact201" starttime="353.17" endtime="353.8" type="b" original-type="b" channel="c2" participant="fe016">
      <nite:child href="Bmr022.C.words.xml#id(Bmr022.w.1,771)..id(Bmr022.w.1,774)"/>
   </dialogueact>
   <dialogueact nite:id="Bmr022.C.dialogueact210" starttime="373.943" endtime="374.003" type="b" original-type="b" channel="c2" participant="fe016">
      <nite:child href="Bmr022.C.words.xml#id(Bmr022.w.1,837)..id(Bmr022.w.1,838)"/>
   </dialogueact>
   <dialogueact nite:id="Bmr022.C.dialogueact212" starttime="375.35" endtime="378.82" type="s^cs^j" original-type="s^cs^j" channel="c2" participant="fe016">
      <nite:child href="Bmr022.C.words.xml#id(Bmr022.w.1,844)..id(Bmr022.w.1,861)"/>
   </dialogueact>
   <dialogueact nite:id="Bmr022.C.dialogueact213" starttime="378.82" endtime="379.98" type="s.%--" original-type="s.%--" channel="c2" participant="fe016">
      <nite:child href="Bmr022.C.words.xml#id(Bmr022.w.1,862)..id(Bmr022.w.1,867)"/>
   </dialogueact>
   <dialogueact nite:id="Bmr022.C.dialogueact215" starttime="381.947" endtime="382.127" type="s^fa" original-type="s^fa" channel="c2" participant="fe016">
      <nite:child href="Bmr022.C.words.xml#id(Bmr022.w.1,907)..id(Bmr022.w.1,908)"/>
   </dialogueact>
   <dialogueact nite:id="Bmr022.C.dialogueact222" starttime="390.925" endtime="391.165" type="b" original-type="b" channel="c2" participant="fe016">
      <nite:child href="Bmr022.C.words.xml#id(Bmr022.w.1,944)..id(Bmr022.w.1,945)"/>
   </dialogueact>
   <dialogueact nite:id="Bmr022.C.dialogueact246" starttime="416.74" endtime="419.1" type="s" original-type="s" channel="c2" participant="fe016">
      <nite:child href="Bmr022.C.words.xml#id(Bmr022.w.2,106)..id(Bmr022.w.2,119)"/>
   </dialogueact>
   <dialogueact nite:id="Bmr022.C.dialogueact247" starttime="419.1" endtime="420.953" type="s^df.%--" original-type="s^df.%--" channel="c2" participant="fe016">
      <nite:child href="Bmr022.C.words.xml#id(Bmr022.w.2,120)..id(Bmr022.disfmarker.101)"/>
   </dialogueact>
   <dialogueact nite:id="Bmr022.C.dialogueact249" starttime="421.283" endtime="425.143" type="s" adjacency="50a" original-type="s" channel="c2" participant="fe016">
      <nite:child href="Bmr022.C.words.xml#id(Bmr022.w.2,123)..id(Bmr022.w.2,142)"/>
   </dialogueact>
   <dialogueact nite:id="Bmr022.C.dialogueact258" starttime="435.23" endtime="438.0" type="s^aa|s" adjacency="53b" original-type="s^aa|s" channel="c2" participant="fe016">
      <nite:child href="Bmr022.C.words.xml#id(Bmr022.w.2,229)..id(Bmr022.w.2,240)"/>
   </dialogueact>
   <dialogueact nite:id="Bmr022.C.dialogueact263" starttime="438.0" endtime="438.99" type="s^ba" adjacency="53b+" original-type="s^ba" channel="c2" participant="fe016">
      <nite:child href="Bmr022.C.words.xml#id(Bmr022.w.2,241)..id(Bmr022.w.2,246)"/>
   </dialogueact>
   <dialogueact nite:id="Bmr022.C.dialogueact266" starttime="439.08" endtime="439.71" type="s" adjacency="53b++" original-type="s" channel="c2" participant="fe016">
      <nite:child href="Bmr022.C.words.xml#id(Bmr022.w.2,247)..id(Bmr022.w.2,248)"/>
   </dialogueact>
   <dialogueact nite:id="Bmr022.C.dialogueact273" starttime="451.4" endtime="454.788" type="s^aa|s^ba" adjacency="54b-2.55a" original-type="s^aa|s^ba" channel="c2" participant="fe016">
      <nite:child href="Bmr022.C.words.xml#id(Bmr022.w.2,319)..id(Bmr022.w.2,334)"/>
   </dialogueact>
   <dialogueact nite:id="Bmr022.C.dialogueact460" starttime="757.5" endtime="758.1" type="s" adjacency="23b" original-type="s" channel="c2" participant="fe016">
      <nite:child href="Bmr022.C.words.xml#id(Bmr022.w.3,926)..id(Bmr022.w.3,929)"/>
   </dialogueact>
   <dialogueact nite:id="Bmr022.C.dialogueact461" starttime="758.1" endtime="760.04" type="s.%--" adjacency="23b+" original-type="s.%--" channel="c2" participant="fe016">
      <nite:child href="Bmr022.C.words.xml#id(Bmr022.w.3,930)..id(Bmr022.disfmarker.158)"/>
   </dialogueact>
   <dialogueact nite:id="Bmr022.C.dialogueact465" starttime="760.722" endtime="762.762" type="s^bu" adjacency="24a" original-type="s^bu" channel="c2" participant="fe016">
      <nite:child href="Bmr022.C.words.xml#id(Bmr022.w.3,951)..id(Bmr022.w.3,959)"/>
   </dialogueact>
   <dialogueact nite:id="Bmr022.C.dialogueact466" starttime="762.762" endtime="763.022" type="qy^d^g^rt" adjacency="24a+" original-type="qy^d^g^rt" channel="c2" participant="fe016">
      <nite:child href="Bmr022.C.words.xml#id(Bmr022.w.3,960)..id(Bmr022.w.3,961)"/>
   </dialogueact>
   <dialogueact nite:id="Bmr022.C.dialogueact471" starttime="764.68" endtime="765.87" type="s" original-type="s" channel="c2" participant="fe016">
      <nite:child href="Bmr022.C.words.xml#id(Bmr022.w.3,987)..id(Bmr022.w.3,994)"/>
   </dialogueact>
   <dialogueact nite:id="Bmr022.C.dialogueact472" starttime="765.87" endtime="767.44" type="s.%--" original-type="s.%--" channel="c2" participant="fe016">
      <nite:child href="Bmr022.C.words.xml#id(Bmr022.w.3,995)..id(Bmr022.w.4,002)"/>
   </dialogueact>
   <dialogueact nite:id="Bmr022.C.dialogueact475" starttime="769.722" endtime="769.912" type="fh" original-type="fh" channel="c2" participant="fe016">
      <nite:child href="Bmr022.C.words.xml#id(Bmr022.w.4,015)"/>
   </dialogueact>
   <dialogueact nite:id="Bmr022.C.dialogueact484" starttime="777.07" endtime="781.1" type="s.%--" original-type="s.%--" channel="c2" participant="fe016">
      <nite:child href="Bmr022.C.words.xml#id(Bmr022.w.4,063)..id(Bmr022.disfmarker.162)"/>
   </dialogueact>
   <dialogueact nite:id="Bmr022.C.dialogueact487" starttime="783.064" endtime="785.294" type="s" original-type="s" channel="c2" participant="fe016">
      <nite:child href="Bmr022.C.words.xml#id(Bmr022.w.4,078)..id(Bmr022.w.4,090)"/>
   </dialogueact>
   <dialogueact nite:id="Bmr022.C.dialogueact489" starttime="786.33" endtime="790.23" type="s" adjacency="29a" original-type="s" channel="c2" participant="fe016">
      <nite:child href="Bmr022.C.words.xml#id(Bmr022.w.4,097)..id(Bmr022.w.4,123)"/>
   </dialogueact>
   <dialogueact nite:id="Bmr022.C.dialogueact493" starttime="790.88" endtime="792.5" type="fg|s.%-" original-type="fg|s.%-" channel="c2" participant="fe016">
      <nite:child href="Bmr022.C.words.xml#id(Bmr022.w.4,127)..id(Bmr022.disfmarker.165)"/>
   </dialogueact>
   <dialogueact nite:id="Bmr022.C.dialogueact501" starttime="806.734" endtime="807.204" type="b" original-type="b" channel="c2" participant="fe016">
      <nite:child href="Bmr022.C.words.xml#id(Bmr022.w.4,227)..id(Bmr022.w.4,228)"/>
   </dialogueact>
   <dialogueact nite:id="Bmr022.C.dialogueact511" starttime="821.82" endtime="822.22" type="b" original-type="b" channel="c2" participant="fe016">
      <nite:child href="Bmr022.C.words.xml#id(Bmr022.w.4,322)..id(Bmr022.w.4,323)"/>
   </dialogueact>
   <dialogueact nite:id="Bmr022.C.dialogueact514" starttime="825.72" endtime="826.12" type="s.%--" original-type="s.%--" channel="c2" participant="fe016">
      <nite:child href="Bmr022.C.words.xml#id(Bmr022.w.4,342)..id(Bmr022.disfmarker.174)"/>
   </dialogueact>
   <dialogueact nite:id="Bmr022.C.dialogueact516" starttime="826.48" endtime="828.42" type="fg|s^ba" original-type="fg|s^ba" channel="c2" participant="fe016">
      <nite:child href="Bmr022.C.words.xml#id(Bmr022.w.4,350)..id(Bmr022.w.4,362)"/>
   </dialogueact>
   <dialogueact nite:id="Bmr022.C.dialogueact519" starttime="829.77" endtime="830.06" type="%-" original-type="%-" channel="c2" participant="fe016">
      <nite:child href="Bmr022.C.words.xml#id(Bmr022.w.4,378)..id(Bmr022.disfmarker.175)"/>
   </dialogueact>
   <dialogueact nite:id="Bmr022.C.dialogueact522" starttime="832.122" endtime="832.222" type="b" original-type="b" channel="c2" participant="fe016">
      <nite:child href="Bmr022.C.words.xml#id(Bmr022.w.4,407)..id(Bmr022.w.4,408)"/>
   </dialogueact>
   <dialogueact nite:id="Bmr022.C.dialogueact524" starttime="835.58" endtime="836.22" type="b" original-type="b" channel="c2" participant="fe016">
      <nite:child href="Bmr022.C.words.xml#id(Bmr022.w.4,431)..id(Bmr022.w.4,432)"/>
   </dialogueact>
   <dialogueact nite:id="Bmr022.C.dialogueact531" starttime="850.06" endtime="850.89" type="s.%--" original-type="s.%--" channel="c2" participant="fe016">
      <nite:child href="Bmr022.C.words.xml#id(Bmr022.w.4,445)..id(Bmr022.disfmarker.180)"/>
   </dialogueact>
   <dialogueact nite:id="Bmr022.C.dialogueact532" starttime="852.046" endtime="852.106" type="fh" original-type="fh" channel="c2" participant="fe016">
      <nite:child href="Bmr022.C.words.xml#id(Bmr022.w.4,450)"/>
   </dialogueact>
   <dialogueact nite:id="Bmr022.C.dialogueact533" starttime="852.336" endtime="855.597" type="s^ba^cs" original-type="s^ba^cs" channel="c2" participant="fe016">
      <nite:child href="Bmr022.C.words.xml#id(Bmr022.w.4,451)..id(Bmr022.w.4,464)"/>
   </dialogueact>
   <dialogueact nite:id="Bmr022.C.dialogueact534" starttime="856.424" endtime="864.589" type="s" original-type="s" channel="c2" participant="fe016">
      <nite:child href="Bmr022.C.words.xml#id(Bmr022.w.4,465)..id(Bmr022.w.4,499)"/>
   </dialogueact>
   <dialogueact nite:id="Bmr022.C.dialogueact536" starttime="865.29" endtime="866.69" type="s.%--" original-type="s.%--" channel="c2" participant="fe016">
      <nite:child href="Bmr022.C.words.xml#id(Bmr022.w.4,504)..id(Bmr022.w.4,509)"/>
   </dialogueact>
   <dialogueact nite:id="Bmr022.C.dialogueact537" starttime="866.69" endtime="868.33" type="s" original-type="s" channel="c2" participant="fe016">
      <nite:child href="Bmr022.C.words.xml#id(Bmr022.w.4,510)..id(Bmr022.w.4,519)"/>
   </dialogueact>
   <dialogueact nite:id="Bmr022.C.dialogueact538" starttime="868.33" endtime="868.66" type="s.%--" original-type="s.%--" channel="c2" participant="fe016">
      <nite:child href="Bmr022.C.words.xml#id(Bmr022.w.4,520)..id(Bmr022.disfmarker.181)"/>
   </dialogueact>
   <dialogueact nite:id="Bmr022.C.dialogueact539" starttime="869.272" endtime="869.702" type="%--" original-type="%--" channel="c2" participant="fe016">
      <nite:child href="Bmr022.C.words.xml#id(Bmr022.w.4,523)..id(Bmr022.disfmarker.183)"/>
   </dialogueact>
   <dialogueact nite:id="Bmr022.C.dialogueact540" starttime="870.342" endtime="873.48" type="s" original-type="s" channel="c2" participant="fe016">
      <nite:child href="Bmr022.C.words.xml#id(Bmr022.w.4,527)..id(Bmr022.w.4,535)"/>
   </dialogueact>
   <dialogueact nite:id="Bmr022.C.dialogueact541" starttime="873.48" endtime="884.53" type="s^cs" original-type="s^cs" channel="c2" participant="fe016">
      <nite:child href="Bmr022.C.words.xml#id(Bmr022.w.4,536)..id(Bmr022.w.4,587)"/>
   </dialogueact>
   <dialogueact nite:id="Bmr022.C.dialogueact543" starttime="884.53" endtime="888.945" type="s^cs" original-type="s^cs" channel="c2" participant="fe016">
      <nite:child href="Bmr022.C.words.xml#id(Bmr022.w.4,588)..id(Bmr022.w.4,601)"/>
   </dialogueact>
   <dialogueact nite:id="Bmr022.C.dialogueact544" starttime="888.945" endtime="889.845" type="s^cs" original-type="s^cs" channel="c2" participant="fe016">
      <nite:child href="Bmr022.C.words.xml#id(Bmr022.w.4,602)..id(Bmr022.w.4,606)"/>
   </dialogueact>
   <dialogueact nite:id="Bmr022.C.dialogueact546" starttime="889.845" endtime="890.045" type="fh" original-type="fh" channel="c2" participant="fe016">
      <nite:child href="Bmr022.C.words.xml#id(Bmr022.w.4,607)..id(Bmr022.disfmarker.184)"/>
   </dialogueact>
   <dialogueact nite:id="Bmr022.C.dialogueact548" starttime="891.09" endtime="894.727" type="s" original-type="s" channel="c2" participant="fe016">
      <nite:child href="Bmr022.C.words.xml#id(Bmr022.w.4,619)..id(Bmr022.w.4,629)"/>
   </dialogueact>
   <dialogueact nite:id="Bmr022.C.dialogueact550" starttime="895.45" endtime="896.35" type="s^rt" adjacency="31a" original-type="s^rt" channel="c2" participant="fe016">
      <nite:child href="Bmr022.C.words.xml#id(Bmr022.w.4,639)..id(Bmr022.w.4,645)"/>
   </dialogueact>
   <dialogueact nite:id="Bmr022.C.dialogueact551" starttime="896.35" endtime="898.92" type="s" adjacency="31a+" original-type="s" channel="c2" participant="fe016">
      <nite:child href="Bmr022.C.words.xml#id(Bmr022.w.4,646)..id(Bmr022.w.4,657)"/>
   </dialogueact>
   <dialogueact nite:id="Bmr022.C.dialogueact556" starttime="909.79" endtime="911.88" type="s.%--" adjacency="32b" original-type="s.%--" channel="c2" participant="fe016">
      <nite:child href="Bmr022.C.words.xml#id(Bmr022.w.4,720)..id(Bmr022.w.4,729)"/>
   </dialogueact>
   <dialogueact nite:id="Bmr022.C.dialogueact558" starttime="911.88" endtime="913.41" type="s" adjacency="32b+" original-type="s" channel="c2" participant="fe016">
      <nite:child href="Bmr022.C.words.xml#id(Bmr022.w.4,730)..id(Bmr022.w.4,735)"/>
   </dialogueact>
   <dialogueact nite:id="Bmr022.C.dialogueact559" starttime="913.47" endtime="915.41" type="s.%-" original-type="s.%-" channel="c2" participant="fe016">
      <nite:child href="Bmr022.C.words.xml#id(Bmr022.w.4,736)..id(Bmr022.w.4,752)"/>
   </dialogueact>
   <dialogueact nite:id="Bmr022.C.dialogueact562" starttime="916.034" endtime="916.274" type="fh" original-type="fh" channel="c2" participant="fe016">
      <nite:child href="Bmr022.C.words.xml#id(Bmr022.w.4,765)..id(Bmr022.w.4,766)"/>
   </dialogueact>
   <dialogueact nite:id="Bmr022.C.dialogueact563" starttime="922.49" endtime="922.87" type="b" original-type="b" channel="c2" participant="fe016">
      <nite:child href="Bmr022.C.words.xml#id(Bmr022.w.4,800)..id(Bmr022.w.4,801)"/>
   </dialogueact>
   <dialogueact nite:id="Bmr022.C.dialogueact565" starttime="925.53" endtime="927.36" type="fg|s" adjacency="33b" original-type="fg|s" channel="c2" participant="fe016">
      <nite:child href="Bmr022.C.words.xml#id(Bmr022.w.4,802)..id(Bmr022.w.4,813)"/>
   </dialogueact>
   <dialogueact nite:id="Bmr022.C.dialogueact566" starttime="928.08" endtime="929.62" type="s" adjacency="34a" original-type="s" channel="c2" participant="fe016">
      <nite:child href="Bmr022.C.words.xml#id(Bmr022.w.4,814)..id(Bmr022.w.4,825)"/>
   </dialogueact>
   <dialogueact nite:id="Bmr022.C.dialogueact567" starttime="929.62" endtime="933.14" type="s.%--" adjacency="34a+" original-type="s.%--" channel="c2" participant="fe016">
      <nite:child href="Bmr022.C.words.xml#id(Bmr022.w.4,826)..id(Bmr022.disfmarker.196)"/>
   </dialogueact>
   <dialogueact nite:id="Bmr022.C.dialogueact570" starttime="933.59" endtime="935.55" type="s" adjacency="34a++" original-type="s" channel="c2" participant="fe016">
      <nite:child href="Bmr022.C.words.xml#id(Bmr022.w.4,846)..id(Bmr022.w.4,856)"/>
   </dialogueact>
   <dialogueact nite:id="Bmr022.C.dialogueact572" starttime="936.1" endtime="937.22" type="s" adjacency="34a+++" original-type="s" channel="c2" participant="fe016">
      <nite:child href="Bmr022.C.words.xml#id(Bmr022.w.4,859)..id(Bmr022.w.4,865)"/>
   </dialogueact>
   <dialogueact nite:id="Bmr022.C.dialogueact573" starttime="937.33" endtime="939.21" type="s" adjacency="34a++++" original-type="s" channel="c2" participant="fe016">
      <nite:child href="Bmr022.C.words.xml#id(Bmr022.w.4,866)..id(Bmr022.w.4,870)"/>
   </dialogueact>
   <dialogueact nite:id="Bmr022.C.dialogueact575" starttime="939.21" endtime="939.49" type="fh" original-type="fh" channel="c2" participant="fe016">
      <nite:child href="Bmr022.C.words.xml#id(Bmr022.w.4,871)..id(Bmr022.disfmarker.197)"/>
   </dialogueact>
   <dialogueact nite:id="Bmr022.C.dialogueact581" starttime="944.509" endtime="946.469" type="s^rt" original-type="s^rt" channel="c2" participant="fe016">
      <nite:child href="Bmr022.C.words.xml#id(Bmr022.w.4,917)..id(Bmr022.w.4,924)"/>
   </dialogueact>
   <dialogueact nite:id="Bmr022.C.dialogueact582" starttime="946.529" endtime="947.609" type="s^cs" original-type="s^cs" channel="c2" participant="fe016">
      <nite:child href="Bmr022.C.words.xml#id(Bmr022.w.4,925)..id(Bmr022.w.4,930)"/>
   </dialogueact>
   <dialogueact nite:id="Bmr022.C.dialogueact583" starttime="948.38" endtime="948.72" type="fh" original-type="fh" channel="c2" participant="fe016">
      <nite:child href="Bmr022.C.words.xml#id(Bmr022.w.4,931)..id(Bmr022.disfmarker.199)"/>
   </dialogueact>
   <dialogueact nite:id="Bmr022.C.dialogueact587" starttime="952.68" endtime="953.21" type="b" original-type="b" channel="c2" participant="fe016">
      <nite:child href="Bmr022.C.words.xml#id(Bmr022.w.4,977)..id(Bmr022.w.4,978)"/>
   </dialogueact>
   <dialogueact nite:id="Bmr022.C.dialogueact590" starttime="955.99" endtime="959.21" type="s^bk|s" adjacency="36b" original-type="s^bk|s" channel="c2" participant="fe016">
      <nite:child href="Bmr022.C.words.xml#id(Bmr022.w.5,001)..id(Bmr022.w.5,016)"/>
   </dialogueact>
   <dialogueact nite:id="Bmr022.C.dialogueact591" starttime="959.33" endtime="960.5" type="%--" original-type="%--" channel="c2" participant="fe016">
      <nite:child href="Bmr022.C.words.xml#id(Bmr022.w.5,017)..id(Bmr022.disfmarker.206)"/>
   </dialogueact>
   <dialogueact nite:id="Bmr022.C.dialogueact592" starttime="960.76" endtime="962.3" type="s" original-type="s" channel="c2" participant="fe016">
      <nite:child href="Bmr022.C.words.xml#id(Bmr022.w.5,020)..id(Bmr022.w.5,026)"/>
   </dialogueact>
   <dialogueact nite:id="Bmr022.C.dialogueact593" starttime="963.05" endtime="964.35" comment="ERRORCODE1: the word &quot;that&quot; should come after &quot;i mean i was thinking of&quot;" type="fh|s" original-type="fh|s" channel="c2" participant="fe016">
      <nite:child href="Bmr022.C.words.xml#id(Bmr022.w.5,027)..id(Bmr022.disfmarker.208)"/>
   </dialogueact>
   <dialogueact nite:id="Bmr022.C.dialogueact594" starttime="964.35" endtime="968.26" type="s" original-type="s" channel="c2" participant="fe016">
      <nite:child href="Bmr022.C.words.xml#id(Bmr022.w.5,035)..id(Bmr022.w.5,056)"/>
   </dialogueact>
   <dialogueact nite:id="Bmr022.C.dialogueact595" starttime="968.26" endtime="970.27" type="s" original-type="s" channel="c2" participant="fe016">
      <nite:child href="Bmr022.C.words.xml#id(Bmr022.w.5,057)..id(Bmr022.w.5,068)"/>
   </dialogueact>
   <dialogueact nite:id="Bmr022.C.dialogueact596" starttime="970.38" endtime="972.66" type="s" adjacency="37a" original-type="s" channel="c2" participant="fe016">
      <nite:child href="Bmr022.C.words.xml#id(Bmr022.w.5,069)..id(Bmr022.w.5,078)"/>
   </dialogueact>
   <dialogueact nite:id="Bmr022.C.dialogueact598" starttime="973.03" endtime="978.25" type="s^df" adjacency="38b" original-type="s^df" channel="c2" participant="fe016">
      <nite:child href="Bmr022.C.words.xml#id(Bmr022.w.5,089)..id(Bmr022.w.5,106)"/>
   </dialogueact>
   <dialogueact nite:id="Bmr022.C.dialogueact602" starttime="980.04" endtime="980.76" type="s.%-" original-type="s.%-" channel="c2" participant="fe016">
      <nite:child href="Bmr022.C.words.xml#id(Bmr022.w.5,137)..id(Bmr022.disfmarker.213)"/>
   </dialogueact>
   <dialogueact nite:id="Bmr022.C.dialogueact603" starttime="981.84" endtime="982.07" type="s^bk" adjacency="39b" original-type="s^bk" channel="c2" participant="fe016">
      <nite:child href="Bmr022.C.words.xml#id(Bmr022.w.5,141)..id(Bmr022.w.5,142)"/>
   </dialogueact>
   <dialogueact nite:id="Bmr022.C.dialogueact605" starttime="985.72" endtime="987.36" type="s^nd" adjacency="40b.41a" original-type="s^nd" channel="c2" participant="fe016">
      <nite:child href="Bmr022.C.words.xml#id(Bmr022.w.5,162)..id(Bmr022.w.5,169)"/>
   </dialogueact>
   <dialogueact nite:id="Bmr022.C.dialogueact607" starttime="987.43" endtime="988.84" type="s.%-" original-type="s.%-" channel="c2" participant="fe016">
      <nite:child href="Bmr022.C.words.xml#id(Bmr022.w.5,180)..id(Bmr022.disfmarker.215)"/>
   </dialogueact>
   <dialogueact nite:id="Bmr022.C.dialogueact608" starttime="989.13" endtime="989.54" type="s^aa" adjacency="42b" original-type="s^aa" channel="c2" participant="fe016">
      <nite:child href="Bmr022.C.words.xml#id(Bmr022.w.5,187)..id(Bmr022.w.5,188)"/>
   </dialogueact>
   <dialogueact nite:id="Bmr022.C.dialogueact609" starttime="989.54" endtime="992.51" type="s" adjacency="43a" original-type="s" channel="c2" participant="fe016">
      <nite:child href="Bmr022.C.words.xml#id(Bmr022.w.5,189)..id(Bmr022.w.5,207)"/>
   </dialogueact>
   <dialogueact nite:id="Bmr022.C.dialogueact612" starttime="995.771" endtime="996.081" type="b" original-type="b" channel="c2" participant="fe016">
      <nite:child href="Bmr022.C.words.xml#id(Bmr022.w.5,226)..id(Bmr022.w.5,227)"/>
   </dialogueact>
   <dialogueact nite:id="Bmr022.C.dialogueact615" starttime="1006.47" endtime="1006.74" type="s^aa" adjacency="44b" original-type="s^aa" channel="c2" participant="fe016">
      <nite:child href="Bmr022.C.words.xml#id(Bmr022.w.5,256)..id(Bmr022.w.5,257)"/>
   </dialogueact>
   <dialogueact nite:id="Bmr022.C.dialogueact620" starttime="1016.97" endtime="1029.4" type="s" original-type="s" channel="c2" participant="fe016">
      <nite:child href="Bmr022.C.words.xml#id(Bmr022.w.5,302)..id(Bmr022.w.5,341)"/>
   </dialogueact>
   <dialogueact nite:id="Bmr022.C.dialogueact622" starttime="1029.4" endtime="1038.76" type="s" original-type="s" channel="c2" participant="fe016">
      <nite:child href="Bmr022.C.words.xml#id(Bmr022.w.5,342)..id(Bmr022.w.5,375)"/>
   </dialogueact>
   <dialogueact nite:id="Bmr022.C.dialogueact623" starttime="1038.8" endtime="1039.73" type="s^df" original-type="s^df" channel="c2" participant="fe016">
      <nite:child href="Bmr022.C.words.xml#id(Bmr022.w.5,376)..id(Bmr022.w.5,380)"/>
   </dialogueact>
   <dialogueact nite:id="Bmr022.C.dialogueact624" starttime="1039.86" endtime="1044.96" type="s" adjacency="45a" original-type="s" channel="c2" participant="fe016">
      <nite:child href="Bmr022.C.words.xml#id(Bmr022.w.5,381)..id(Bmr022.w.5,401)"/>
   </dialogueact>
   <dialogueact nite:id="Bmr022.C.dialogueact625" starttime="1044.96" endtime="1047.34" type="s" adjacency="45a+" original-type="s" channel="c2" participant="fe016">
      <nite:child href="Bmr022.C.words.xml#id(Bmr022.w.5,402)..id(Bmr022.w.5,411)"/>
   </dialogueact>
   <dialogueact nite:id="Bmr022.C.dialogueact626" starttime="1047.49" endtime="1048.36" type="s^e" original-type="s^e" channel="c2" participant="fe016">
      <nite:child href="Bmr022.C.words.xml#id(Bmr022.w.5,412)..id(Bmr022.w.5,415)"/>
   </dialogueact>
   <dialogueact nite:id="Bmr022.C.dialogueact631" starttime="1054.97" endtime="1055.76" type="fg|s.%-" original-type="fg|s.%-" channel="c2" participant="fe016">
      <nite:child href="Bmr022.C.words.xml#id(Bmr022.w.5,450)..id(Bmr022.disfmarker.217)"/>
   </dialogueact>
   <dialogueact nite:id="Bmr022.C.dialogueact632" starttime="1056.33" endtime="1057.39" type="s.%-" original-type="s.%-" channel="c2" participant="fe016">
      <nite:child href="Bmr022.C.words.xml#id(Bmr022.w.5,467)..id(Bmr022.disfmarker.219)"/>
   </dialogueact>
   <dialogueact nite:id="Bmr022.C.dialogueact633" starttime="1057.5" endtime="1060.18" type="fg|s.%--" original-type="fg|s.%--" channel="c2" participant="fe016">
      <nite:child href="Bmr022.C.words.xml#id(Bmr022.w.5,474)..id(Bmr022.disfmarker.220)"/>
   </dialogueact>
   <dialogueact nite:id="Bmr022.C.dialogueact634" starttime="1060.83" endtime="1067.99" type="s" original-type="s" channel="c2" participant="fe016">
      <nite:child href="Bmr022.C.words.xml#id(Bmr022.w.5,482)..id(Bmr022.w.5,508)"/>
   </dialogueact>
   <dialogueact nite:id="Bmr022.C.dialogueact635" starttime="1067.99" endtime="1068.94" type="s^ba" original-type="s^ba" channel="c2" participant="fe016">
      <nite:child href="Bmr022.C.words.xml#id(Bmr022.w.5,509)..id(Bmr022.w.5,514)"/>
   </dialogueact>
   <dialogueact nite:id="Bmr022.C.dialogueact636" starttime="1068.94" endtime="1071.72" type="s" original-type="s" channel="c2" participant="fe016">
      <nite:child href="Bmr022.C.words.xml#id(Bmr022.w.5,515)..id(Bmr022.w.5,524)"/>
   </dialogueact>
   <dialogueact nite:id="Bmr022.C.dialogueact637" starttime="1072.48" endtime="1076.17" type="s" original-type="s" channel="c2" participant="fe016">
      <nite:child href="Bmr022.C.words.xml#id(Bmr022.w.5,525)..id(Bmr022.w.5,545)"/>
   </dialogueact>
   <dialogueact nite:id="Bmr022.C.dialogueact638" starttime="1076.17" endtime="1077.35" type="s^df" original-type="s^df" channel="c2" participant="fe016">
      <nite:child href="Bmr022.C.words.xml#id(Bmr022.w.5,546)..id(Bmr022.w.5,553)"/>
   </dialogueact>
   <dialogueact nite:id="Bmr022.C.dialogueact639" starttime="1077.56" endtime="1079.63" type="s^df^e" original-type="s^df^e" channel="c2" participant="fe016">
      <nite:child href="Bmr022.C.words.xml#id(Bmr022.w.5,554)..id(Bmr022.w.5,564)"/>
   </dialogueact>
   <dialogueact nite:id="Bmr022.C.dialogueact642" starttime="1080.32" endtime="1081.46" type="s" original-type="s" channel="c2" participant="fe016">
      <nite:child href="Bmr022.C.words.xml#id(Bmr022.w.5,583)..id(Bmr022.w.5,588)"/>
   </dialogueact>
   <dialogueact nite:id="Bmr022.C.dialogueact644" starttime="1082.2" endtime="1084.31" type="s.%--" adjacency="46b" original-type="s.%--" channel="c2" participant="fe016">
      <nite:child href="Bmr022.C.words.xml#id(Bmr022.w.5,589)..id(Bmr022.disfmarker.221)"/>
   </dialogueact>
   <dialogueact nite:id="Bmr022.C.dialogueact645" starttime="1086.59" endtime="1088.93" type="s" adjacency="46b+" original-type="s" channel="c2" participant="fe016">
      <nite:child href="Bmr022.C.words.xml#id(Bmr022.w.5,597)..id(Bmr022.w.5,609)"/>
   </dialogueact>
   <dialogueact nite:id="Bmr022.C.dialogueact646" starttime="1089.34" endtime="1095.45" type="s" original-type="s" channel="c2" participant="fe016">
      <nite:child href="Bmr022.C.words.xml#id(Bmr022.w.5,610)..id(Bmr022.w.5,641)"/>
   </dialogueact>
   <dialogueact nite:id="Bmr022.C.dialogueact648" starttime="1095.82" endtime="1100.62" type="s" adjacency="47a" original-type="s" channel="c2" participant="fe016">
      <nite:child href="Bmr022.C.words.xml#id(Bmr022.w.5,642)..id(Bmr022.w.5,662)"/>
   </dialogueact>
   <dialogueact nite:id="Bmr022.C.dialogueact651" starttime="1101.42" endtime="1101.78" type="%--" original-type="%--" channel="c2" participant="fe016">
      <nite:child href="Bmr022.C.words.xml#id(Bmr022.w.5,675)..id(Bmr022.disfmarker.228)"/>
   </dialogueact>
   <dialogueact nite:id="Bmr022.C.dialogueact653" starttime="1104.0" endtime="1105.68" type="s^aa" adjacency="48b" original-type="s^aa" channel="c2" participant="fe016">
      <nite:child href="Bmr022.C.words.xml#id(Bmr022.w.5,685)..id(Bmr022.w.5,692)"/>
   </dialogueact>
   <dialogueact nite:id="Bmr022.C.dialogueact654" starttime="1105.89" endtime="1107.03" type="s.%--" original-type="s.%--" channel="c2" participant="fe016">
      <nite:child href="Bmr022.C.words.xml#id(Bmr022.w.5,693)..id(Bmr022.disfmarker.233)"/>
   </dialogueact>
   <dialogueact nite:id="Bmr022.C.dialogueact655" starttime="1107.49" endtime="1109.1" type="s" original-type="s" channel="c2" participant="fe016">
      <nite:child href="Bmr022.C.words.xml#id(Bmr022.w.5,698)..id(Bmr022.w.5,706)"/>
   </dialogueact>
   <dialogueact nite:id="Bmr022.C.dialogueact656" starttime="1109.1" endtime="1113.07" type="s^e" original-type="s^e" channel="c2" participant="fe016">
      <nite:child href="Bmr022.C.words.xml#id(Bmr022.w.5,707)..id(Bmr022.w.5,725)"/>
   </dialogueact>
   <dialogueact nite:id="Bmr022.C.dialogueact657" starttime="1114.43" endtime="1114.7" type="fh" original-type="fh" channel="c2" participant="fe016">
      <nite:child href="Bmr022.C.words.xml#id(Bmr022.w.5,726)..id(Bmr022.disfmarker.234)"/>
   </dialogueact>
   <dialogueact nite:id="Bmr022.C.dialogueact658" starttime="1114.7" endtime="1118.07" type="s.%--" original-type="s.%--" channel="c2" participant="fe016">
      <nite:child href="Bmr022.C.words.xml#id(Bmr022.w.5,727)..id(Bmr022.disfmarker.236)"/>
   </dialogueact>
   <dialogueact nite:id="Bmr022.C.dialogueact659" starttime="1118.24" endtime="1120.76" type="s.%--" original-type="s.%--" channel="c2" participant="fe016">
      <nite:child href="Bmr022.C.words.xml#id(Bmr022.w.5,739)..id(Bmr022.disfmarker.237)"/>
   </dialogueact>
   <dialogueact nite:id="Bmr022.C.dialogueact660" starttime="1121.11" endtime="1130.43" type="s^cs" original-type="s^cs" channel="c2" participant="fe016">
      <nite:child href="Bmr022.C.words.xml#id(Bmr022.w.5,754)..id(Bmr022.w.5,785)"/>
   </dialogueact>
   <dialogueact nite:id="Bmr022.C.dialogueact665" starttime="1134.11" endtime="1134.71" type="s^2" adjacency="49b" original-type="s^2" channel="c2" participant="fe016">
      <nite:child href="Bmr022.C.words.xml#id(Bmr022.w.5,815)..id(Bmr022.w.5,818)"/>
   </dialogueact>
   <dialogueact nite:id="Bmr022.C.dialogueact666" starttime="1134.85" endtime="1135.21" type="s^bk" adjacency="49b+" original-type="s^bk" channel="c2" participant="fe016">
      <nite:child href="Bmr022.C.words.xml#id(Bmr022.w.5,819)..id(Bmr022.w.5,820)"/>
   </dialogueact>
   <dialogueact nite:id="Bmr022.C.dialogueact667" starttime="1135.29" endtime="1137.85" type="s" adjacency="50a" original-type="s" channel="c2" participant="fe016">
      <nite:child href="Bmr022.C.words.xml#id(Bmr022.w.5,823)..id(Bmr022.w.5,838)"/>
   </dialogueact>
   <dialogueact nite:id="Bmr022.C.dialogueact670" starttime="1137.97" endtime="1138.43" type="s.%--" original-type="s.%--" channel="c2" participant="fe016">
      <nite:child href="Bmr022.C.words.xml#id(Bmr022.w.5,839)..id(Bmr022.disfmarker.242)"/>
   </dialogueact>
   <dialogueact nite:id="Bmr022.C.dialogueact672" starttime="1139.07" endtime="1140.15" type="s" original-type="s" channel="c2" participant="fe016">
      <nite:child href="Bmr022.C.words.xml#id(Bmr022.w.5,866)..id(Bmr022.w.5,871)"/>
   </dialogueact>
   <dialogueact nite:id="Bmr022.C.dialogueact678" starttime="1154.75" endtime="1159.26" type="s" original-type="s" channel="c2" participant="fe016">
      <nite:child href="Bmr022.C.words.xml#id(Bmr022.w.5,928)..id(Bmr022.disfmarker.247)"/>
   </dialogueact>
   <dialogueact nite:id="Bmr022.C.dialogueact679" starttime="1160.6" endtime="1162.47" type="s" original-type="s" channel="c2" participant="fe016">
      <nite:child href="Bmr022.C.words.xml#id(Bmr022.w.5,944)..id(Bmr022.w.5,954)"/>
   </dialogueact>
   <dialogueact nite:id="Bmr022.C.dialogueact682" starttime="1162.61" endtime="1164.81" type="s" original-type="s" channel="c2" participant="fe016">
      <nite:child href="Bmr022.C.words.xml#id(Bmr022.w.5,966)..id(Bmr022.w.5,982)"/>
   </dialogueact>
   <dialogueact nite:id="Bmr022.C.dialogueact683" starttime="1164.81" endtime="1164.84" type="fh" original-type="fh" channel="c2" participant="fe016">
      <nite:child href="Bmr022.C.words.xml#id(Bmr022.w.5,983)..id(Bmr022.disfmarker.250)"/>
   </dialogueact>
   <dialogueact nite:id="Bmr022.C.dialogueact709" starttime="1202.68" endtime="1203.69" type="s" original-type="s" channel="c2" participant="fe016">
      <nite:child href="Bmr022.C.words.xml#id(Bmr022.w.6,179)..id(Bmr022.w.6,184)"/>
   </dialogueact>
   <dialogueact nite:id="Bmr022.C.dialogueact710" starttime="1203.9" endtime="1204.33" type="fh" original-type="fh" channel="c2" participant="fe016">
      <nite:child href="Bmr022.C.words.xml#id(Bmr022.w.6,185)..id(Bmr022.disfmarker.258)"/>
   </dialogueact>
   <dialogueact nite:id="Bmr022.C.dialogueact711" starttime="1205.2" endtime="1206.13" type="s^df" original-type="s^df" channel="c2" participant="fe016">
      <nite:child href="Bmr022.C.words.xml#id(Bmr022.w.6,186)..id(Bmr022.w.6,192)"/>
   </dialogueact>
   <dialogueact nite:id="Bmr022.C.dialogueact712" starttime="1206.18" endtime="1209.94" type="s^rt" adjacency="1a" original-type="s^rt" channel="c2" participant="fe016">
      <nite:child href="Bmr022.C.words.xml#id(Bmr022.w.6,193)..id(Bmr022.w.6,209)"/>
   </dialogueact>
   <dialogueact nite:id="Bmr022.C.dialogueact714" starttime="1210.91" endtime="1212.61" type="s^bu" adjacency="2a" original-type="s^bu" channel="c2" participant="fe016">
      <nite:child href="Bmr022.C.words.xml#id(Bmr022.w.6,226)..id(Bmr022.w.6,233)"/>
   </dialogueact>
   <dialogueact nite:id="Bmr022.C.dialogueact716" starttime="1212.61" endtime="1212.89" type="qy^d^g^rt" adjacency="2a+" original-type="qy^d^g^rt" channel="c2" participant="fe016">
      <nite:child href="Bmr022.C.words.xml#id(Bmr022.w.6,234)..id(Bmr022.w.6,235)"/>
   </dialogueact>
   <dialogueact nite:id="Bmr022.C.dialogueact718" starttime="1213.26" endtime="1213.87" type="s^bk" adjacency="3b" original-type="s^bk" channel="c2" participant="fe016">
      <nite:child href="Bmr022.C.words.xml#id(Bmr022.w.6,236)..id(Bmr022.w.6,239)"/>
   </dialogueact>
   <dialogueact nite:id="Bmr022.C.dialogueact722" starttime="1223.16" endtime="1223.59" type="s^bk" adjacency="4b" original-type="s^bk" channel="c2" participant="fe016">
      <nite:child href="Bmr022.C.words.xml#id(Bmr022.w.6,289)..id(Bmr022.w.6,290)"/>
   </dialogueact>
   <dialogueact nite:id="Bmr022.C.dialogueact723" starttime="1224.8" endtime="1225.86" type="s" adjacency="4b+.5a" original-type="s" channel="c2" participant="fe016">
      <nite:child href="Bmr022.C.words.xml#id(Bmr022.w.6,291)..id(Bmr022.disfmarker.265)"/>
   </dialogueact>
   <dialogueact nite:id="Bmr022.C.dialogueact724" starttime="1226.41" endtime="1227.14" type="s^e.%--" original-type="s^e.%--" channel="c2" participant="fe016">
      <nite:child href="Bmr022.C.words.xml#id(Bmr022.w.6,296)..id(Bmr022.disfmarker.266)"/>
   </dialogueact>
   <dialogueact nite:id="Bmr022.C.dialogueact726" starttime="1227.14" endtime="1227.54" type="s^bk" adjacency="6b" original-type="s^bk" channel="c2" participant="fe016">
      <nite:child href="Bmr022.C.words.xml#id(Bmr022.w.6,302)..id(Bmr022.w.6,303)"/>
   </dialogueact>
   <dialogueact nite:id="Bmr022.C.dialogueact727" starttime="1230.08" endtime="1230.82" type="b.%" original-type="b.%" channel="c2" participant="fe016">
      <nite:child href="Bmr022.C.words.xml#id(Bmr022.w.6,304)..id(Bmr022.w.6,305)"/>
   </dialogueact>
   <dialogueact nite:id="Bmr022.C.dialogueact752" starttime="1291.56" endtime="1294.06" type="fg|s^ng:s" adjacency="10b" original-type="fg|s^ng:s" channel="c2" participant="fe016">
      <nite:child href="Bmr022.C.words.xml#id(Bmr022.w.6,502)..id(Bmr022.w.6,514)"/>
   </dialogueact>
   <dialogueact nite:id="Bmr022.C.dialogueact753" starttime="1294.14" endtime="1301.02" type="s^df" adjacency="10b+.11a" original-type="s^df" channel="c2" participant="fe016">
      <nite:child href="Bmr022.C.words.xml#id(Bmr022.w.6,515)..id(Bmr022.w.6,563)"/>
   </dialogueact>
   <dialogueact nite:id="Bmr022.C.dialogueact759" starttime="1305.65" endtime="1308.93" type="s^na" adjacency="13b.16a" original-type="s^na" channel="c2" participant="fe016">
      <nite:child href="Bmr022.C.words.xml#id(Bmr022.w.6,579)..id(Bmr022.w.6,597)"/>
   </dialogueact>
   <dialogueact nite:id="Bmr022.C.dialogueact764" starttime="1309.11" endtime="1311.32" type="s^e" original-type="s^e" channel="c2" participant="fe016">
      <nite:child href="Bmr022.C.words.xml#id(Bmr022.w.6,610)..id(Bmr022.w.6,619)"/>
   </dialogueact>
   <dialogueact nite:id="Bmr022.C.dialogueact805" starttime="1396.35" endtime="1398.46" type="qh^cs" adjacency="25a" original-type="qh^cs" channel="c2" participant="fe016">
      <nite:child href="Bmr022.C.words.xml#id(Bmr022.w.7,010)..id(Bmr022.w.7,017)"/>
   </dialogueact>
   <dialogueact nite:id="Bmr022.C.dialogueact808" starttime="1398.83" endtime="1400.82" type="s^cs.%--" adjacency="25a+" original-type="s^cs.%--" channel="c2" participant="fe016">
      <nite:child href="Bmr022.C.words.xml#id(Bmr022.w.7,024)..id(Bmr022.disfmarker.310)"/>
   </dialogueact>
   <dialogueact nite:id="Bmr022.C.dialogueact811" starttime="1400.82" endtime="1402.17" type="s^ba^df" adjacency="25a++" original-type="s^ba^df" channel="c2" participant="fe016">
      <nite:child href="Bmr022.C.words.xml#id(Bmr022.w.7,032)..id(Bmr022.w.7,038)"/>
   </dialogueact>
   <dialogueact nite:id="Bmr022.C.dialogueact813" starttime="1402.17" endtime="1404.15" type="s^df" original-type="s^df" channel="c2" participant="fe016">
      <nite:child href="Bmr022.C.words.xml#id(Bmr022.w.7,039)..id(Bmr022.w.7,060)"/>
   </dialogueact>
   <dialogueact nite:id="Bmr022.C.dialogueact815" starttime="1406.45" endtime="1413.15" type="qy^rt" adjacency="26b.27a" original-type="qy^rt" channel="c2" participant="fe016">
      <nite:child href="Bmr022.C.words.xml#id(Bmr022.w.7,061)..id(Bmr022.w.7,085)"/>
   </dialogueact>
   <dialogueact nite:id="Bmr022.C.dialogueact819" starttime="1413.22" endtime="1414.5" type="s" adjacency="28a" original-type="s" channel="c2" participant="fe016">
      <nite:child href="Bmr022.C.words.xml#id(Bmr022.w.7,090)..id(Bmr022.w.7,097)"/>
   </dialogueact>
   <dialogueact nite:id="Bmr022.C.dialogueact820" starttime="1414.5" endtime="1416.47" type="s^e" adjacency="28a+" original-type="s^e" channel="c2" participant="fe016">
      <nite:child href="Bmr022.C.words.xml#id(Bmr022.w.7,098)..id(Bmr022.w.7,106)"/>
   </dialogueact>
   <dialogueact nite:id="Bmr022.C.dialogueact821" starttime="1416.47" endtime="1418.22" type="s^e" adjacency="28a++" original-type="s^e" channel="c2" participant="fe016">
      <nite:child href="Bmr022.C.words.xml#id(Bmr022.w.7,107)..id(Bmr022.w.7,114)"/>
   </dialogueact>
   <dialogueact nite:id="Bmr022.C.dialogueact823" starttime="1418.78" endtime="1423.73" type="s.%-" adjacency="29a" original-type="s.%-" channel="c2" participant="fe016">
      <nite:child href="Bmr022.C.words.xml#id(Bmr022.w.7,119)..id(Bmr022.disfmarker.316)"/>
   </dialogueact>
   <dialogueact nite:id="Bmr022.C.dialogueact851" starttime="1466.69" endtime="1467.35" type="qw.%-" original-type="qw.%-" channel="c2" participant="fe016">
      <nite:child href="Bmr022.C.words.xml#id(Bmr022.w.7,360)..id(Bmr022.disfmarker.326)"/>
   </dialogueact>
   <dialogueact nite:id="Bmr022.C.dialogueact872" starttime="1501.94" endtime="1503.33" type="s^t3" adjacency="42a" original-type="s^t3" channel="c2" participant="fe016">
      <nite:child href="Bmr022.C.words.xml#id(Bmr022.w.7,530)..id(Bmr022.w.7,536)"/>
   </dialogueact>
   <dialogueact nite:id="Bmr022.C.dialogueact875" starttime="1505.26" endtime="1506.58" type="s^t3" adjacency="43b" original-type="s^t3" channel="c2" participant="fe016">
      <nite:child href="Bmr022.C.words.xml#id(Bmr022.w.7,559)..id(Bmr022.w.7,568)"/>
   </dialogueact>
   <dialogueact nite:id="Bmr022.C.dialogueact886" starttime="1516.1" endtime="1517.65" type="s^t^tc" original-type="s^t^tc" channel="c2" participant="fe016">
      <nite:child href="Bmr022.C.words.xml#id(Bmr022.w.7,613)..id(Bmr022.w.7,620)"/>
   </dialogueact>
   <dialogueact nite:id="Bmr022.C.dialogueact887" starttime="1517.65" endtime="1517.96" type="fh" original-type="fh" channel="c2" participant="fe016">
      <nite:child href="Bmr022.C.words.xml#id(Bmr022.w.7,621)..id(Bmr022.disfmarker.339)"/>
   </dialogueact>
   <dialogueact nite:id="Bmr022.C.dialogueact888" starttime="1518.43" endtime="1527.31" type="s^rt" original-type="s^rt" channel="c2" participant="fe016">
      <nite:child href="Bmr022.C.words.xml#id(Bmr022.w.7,622)..id(Bmr022.w.7,651)"/>
   </dialogueact>
   <dialogueact nite:id="Bmr022.C.dialogueact889" starttime="1527.73" endtime="1528.94" type="s^e" original-type="s^e" channel="c2" participant="fe016">
      <nite:child href="Bmr022.C.words.xml#id(Bmr022.w.7,652)..id(Bmr022.w.7,659)"/>
   </dialogueact>
   <dialogueact nite:id="Bmr022.C.dialogueact890" starttime="1529.53" endtime="1531.83" type="s" original-type="s" channel="c2" participant="fe016">
      <nite:child href="Bmr022.C.words.xml#id(Bmr022.w.7,660)..id(Bmr022.w.7,671)"/>
   </dialogueact>
   <dialogueact nite:id="Bmr022.C.dialogueact891" starttime="1531.83" endtime="1534.18" type="s" original-type="s" channel="c2" participant="fe016">
      <nite:child href="Bmr022.C.words.xml#id(Bmr022.w.7,672)..id(Bmr022.w.7,679)"/>
   </dialogueact>
   <dialogueact nite:id="Bmr022.C.dialogueact892" starttime="1534.91" endtime="1537.85" type="s^cs.%--" adjacency="47a" original-type="s^cs.%--" channel="c2" participant="fe016">
      <nite:child href="Bmr022.C.words.xml#id(Bmr022.w.7,680)..id(Bmr022.w.7,692)"/>
   </dialogueact>
   <dialogueact nite:id="Bmr022.C.dialogueact893" starttime="1537.85" endtime="1539.31" type="s^bd" adjacency="47a+" original-type="s^bd" channel="c2" participant="fe016">
      <nite:child href="Bmr022.C.words.xml#id(Bmr022.w.7,693)..id(Bmr022.w.7,701)"/>
   </dialogueact>
   <dialogueact nite:id="Bmr022.C.dialogueact894" starttime="1539.35" endtime="1541.83" type="s^cs^df" adjacency="47a++" original-type="s^cs^df" channel="c2" participant="fe016">
      <nite:child href="Bmr022.C.words.xml#id(Bmr022.w.7,702)..id(Bmr022.w.7,715)"/>
   </dialogueact>
   <dialogueact nite:id="Bmr022.C.dialogueact896" starttime="1543.51" endtime="1547.06" type="s" adjacency="48b.49a" original-type="s" channel="c2" participant="fe016">
      <nite:child href="Bmr022.C.words.xml#id(Bmr022.w.7,733)..id(Bmr022.w.7,750)"/>
   </dialogueact>
   <dialogueact nite:id="Bmr022.C.dialogueact903" starttime="1550.29" endtime="1551.73" type="s" original-type="s" channel="c2" participant="fe016">
      <nite:child href="Bmr022.C.words.xml#id(Bmr022.w.7,787)..id(Bmr022.w.7,791)"/>
   </dialogueact>
   <dialogueact nite:id="Bmr022.C.dialogueact905" starttime="1552.22" endtime="1553.05" type="s^r" original-type="s^r" channel="c2" participant="fe016">
      <nite:child href="Bmr022.C.words.xml#id(Bmr022.w.7,792)..id(Bmr022.w.7,796)"/>
   </dialogueact>
   <dialogueact nite:id="Bmr022.C.dialogueact907" starttime="1553.05" endtime="1554.3" type="s.%--" original-type="s.%--" channel="c2" participant="fe016">
      <nite:child href="Bmr022.C.words.xml#id(Bmr022.w.7,797)..id(Bmr022.disfmarker.344)"/>
   </dialogueact>
   <dialogueact nite:id="Bmr022.C.dialogueact908" starttime="1554.3" endtime="1555.6" type="s" adjacency="51a" original-type="s" channel="c2" participant="fe016">
      <nite:child href="Bmr022.C.words.xml#id(Bmr022.w.7,803)..id(Bmr022.w.7,809)"/>
   </dialogueact>
   <dialogueact nite:id="Bmr022.C.dialogueact909" starttime="1555.6" endtime="1555.88" type="%-" original-type="%-" channel="c2" participant="fe016">
      <nite:child href="Bmr022.C.words.xml#id(Bmr022.w.7,810)"/>
   </dialogueact>
   <dialogueact nite:id="Bmr022.C.dialogueact913" starttime="1556.86" endtime="1557.3" type="s^aa" adjacency="52b-2" original-type="s^aa" channel="c2" participant="fe016">
      <nite:child href="Bmr022.C.words.xml#id(Bmr022.w.7,832)..id(Bmr022.w.7,833)"/>
   </dialogueact>
   <dialogueact nite:id="Bmr022.C.dialogueact916" starttime="1557.49" endtime="1558.15" type="s.%--" adjacency="52b-2+" original-type="s.%--" channel="c2" participant="fe016">
      <nite:child href="Bmr022.C.words.xml#id(Bmr022.w.7,834)..id(Bmr022.w.7,837)"/>
   </dialogueact>
   <dialogueact nite:id="Bmr022.C.dialogueact917" starttime="1558.64" endtime="1559.48" type="s" original-type="s" channel="c2" participant="fe016">
      <nite:child href="Bmr022.C.words.xml#id(Bmr022.w.7,840)..id(Bmr022.w.7,846)"/>
   </dialogueact>
   <dialogueact nite:id="Bmr022.C.dialogueact919" starttime="1559.61" endtime="1560.05" type="s^aa^fe" original-type="s^aa^fe" channel="c2" participant="fe016">
      <nite:child href="Bmr022.C.words.xml#id(Bmr022.w.7,847)..id(Bmr022.w.7,848)"/>
   </dialogueact>
   <dialogueact nite:id="Bmr022.C.dialogueact920" starttime="1560.11" endtime="1561.78" type="s" original-type="s" channel="c2" participant="fe016">
      <nite:child href="Bmr022.C.words.xml#id(Bmr022.w.7,849)..id(Bmr022.w.7,858)"/>
   </dialogueact>
   <dialogueact nite:id="Bmr022.C.dialogueact936" starttime="1578.56" endtime="1581.66" type="fg|s.%--" original-type="fg|s.%--" channel="c2" participant="fe016">
      <nite:child href="Bmr022.C.words.xml#id(Bmr022.w.7,987)..id(Bmr022.w.8,000)"/>
   </dialogueact>
   <dialogueact nite:id="Bmr022.C.dialogueact940" starttime="1581.66" endtime="1583.83" type="s^aa|s" original-type="s^aa|s" channel="c2" participant="fe016">
      <nite:child href="Bmr022.C.words.xml#id(Bmr022.w.8,001)..id(Bmr022.w.8,010)"/>
   </dialogueact>
   <dialogueact nite:id="Bmr022.C.dialogueact942" starttime="1584.55" endtime="1586.97" type="s" original-type="s" channel="c2" participant="fe016">
      <nite:child href="Bmr022.C.words.xml#id(Bmr022.w.8,017)..id(Bmr022.disfmarker.360)"/>
   </dialogueact>
   <dialogueact nite:id="Bmr022.C.dialogueact944" starttime="1588.12" endtime="1589.25" type="s" original-type="s" channel="c2" participant="fe016">
      <nite:child href="Bmr022.C.words.xml#id(Bmr022.w.8,038)..id(Bmr022.w.8,041)"/>
   </dialogueact>
   <dialogueact nite:id="Bmr022.C.dialogueact949" starttime="1592.98" endtime="1593.51" type="qh" adjacency="56b" original-type="qh" channel="c2" participant="fe016">
      <nite:child href="Bmr022.C.words.xml#id(Bmr022.w.8,073)..id(Bmr022.w.8,075)"/>
   </dialogueact>
   <dialogueact nite:id="Bmr022.C.dialogueact953" starttime="1596.71" endtime="1597.59" type="s^bk" adjacency="57b" original-type="s^bk" channel="c2" participant="fe016">
      <nite:child href="Bmr022.C.words.xml#id(Bmr022.w.8,093)..id(Bmr022.w.8,096)"/>
   </dialogueact>
   <dialogueact nite:id="Bmr022.C.dialogueact954" starttime="1598.61" endtime="1600.3" type="qy^bu^d^rt" original-type="qy^bu^d^rt" channel="c2" participant="fe016">
      <nite:child href="Bmr022.C.words.xml#id(Bmr022.w.8,097)..id(Bmr022.w.8,104)"/>
   </dialogueact>
   <dialogueact nite:id="Bmr022.C.dialogueact960" starttime="1605.37" endtime="1605.62" type="%-" original-type="%-" channel="c2" participant="fe016">
      <nite:child href="Bmr022.C.words.xml#id(Bmr022.w.8,150)..id(Bmr022.w.8,151)"/>
   </dialogueact>
   <dialogueact nite:id="Bmr022.C.dialogueact961" starttime="1606.19" endtime="1613.28" type="fg|s" adjacency="61a" original-type="fg|s" channel="c2" participant="fe016">
      <nite:child href="Bmr022.C.words.xml#id(Bmr022.w.8,152)..id(Bmr022.w.8,191)"/>
   </dialogueact>
   <dialogueact nite:id="Bmr022.C.dialogueact967" starttime="1613.28" endtime="1614.24" type="s" adjacency="61a+" original-type="s" channel="c2" participant="fe016">
      <nite:child href="Bmr022.C.words.xml#id(Bmr022.w.8,192)..id(Bmr022.w.8,196)"/>
   </dialogueact>
   <dialogueact nite:id="Bmr022.C.dialogueact969" starttime="1614.71" endtime="1615.38" type="s^e" original-type="s^e" channel="c2" participant="fe016">
      <nite:child href="Bmr022.C.words.xml#id(Bmr022.w.8,197)..id(Bmr022.w.8,199)"/>
   </dialogueact>
   <dialogueact nite:id="Bmr022.C.dialogueact970" starttime="1615.9" endtime="1616.24" type="s^f" original-type="s^f" channel="c2" participant="fe016">
      <nite:child href="Bmr022.C.words.xml#id(Bmr022.w.8,200)..id(Bmr022.w.8,202)"/>
   </dialogueact>
   <dialogueact nite:id="Bmr022.C.dialogueact971" starttime="1616.49" endtime="1620.19" type="s^df" adjacency="62a" original-type="s^df" channel="c2" participant="fe016">
      <nite:child href="Bmr022.C.words.xml#id(Bmr022.w.8,211)..id(Bmr022.w.8,229)"/>
   </dialogueact>
   <dialogueact nite:id="Bmr022.C.dialogueact972" starttime="1620.19" endtime="1620.42" type="fh" original-type="fh" channel="c2" participant="fe016">
      <nite:child href="Bmr022.C.words.xml#id(Bmr022.w.8,230)..id(Bmr022.disfmarker.369)"/>
   </dialogueact>
   <dialogueact nite:id="Bmr022.C.dialogueact973" starttime="1621.36" endtime="1624.03" type="s" original-type="s" channel="c2" participant="fe016">
      <nite:child href="Bmr022.C.words.xml#id(Bmr022.w.8,231)..id(Bmr022.w.8,245)"/>
   </dialogueact>
   <dialogueact nite:id="Bmr022.C.dialogueact981" starttime="1633.89" endtime="1635.93" type="s^bk|s.%--" adjacency="63b-1" original-type="s^bk|s.%--" channel="c2" participant="fe016">
      <nite:child href="Bmr022.C.words.xml#id(Bmr022.w.8,305)..id(Bmr022.disfmarker.372)"/>
   </dialogueact>
   <dialogueact nite:id="Bmr022.C.dialogueact984" starttime="1637.3" endtime="1638.48" type="s^bd" adjacency="64a" original-type="s^bd" channel="c2" participant="fe016">
      <nite:child href="Bmr022.C.words.xml#id(Bmr022.w.8,332)..id(Bmr022.w.8,339)"/>
   </dialogueact>
   <dialogueact nite:id="Bmr022.C.dialogueact986" starttime="1638.56" endtime="1638.91" type="fh" original-type="fh" channel="c2" participant="fe016">
      <nite:child href="Bmr022.C.words.xml#id(Bmr022.w.8,340)..id(Bmr022.disfmarker.373)"/>
   </dialogueact>
   <dialogueact nite:id="Bmr022.C.dialogueact988" starttime="1639.87" endtime="1640.49" type="b.%" original-type="b.%" channel="c2" participant="fe016">
      <nite:child href="Bmr022.C.words.xml#id(Bmr022.w.8,359)..id(Bmr022.w.8,360)"/>
   </dialogueact>
   <dialogueact nite:id="Bmr022.C.dialogueact1071" starttime="1862.1" endtime="1862.41" type="b" original-type="b" channel="c2" participant="fe016">
      <nite:child href="Bmr022.C.words.xml#id(Bmr022.w.9,255)..id(Bmr022.w.9,258)"/>
   </dialogueact>
   <dialogueact nite:id="Bmr022.C.dialogueact1086" starttime="1904.53" endtime="1907.22" type="qy^cs.%--" adjacency="6b.7a" original-type="qy^cs.%--" channel="c2" participant="fe016">
      <nite:child href="Bmr022.C.words.xml#id(Bmr022.w.9,394)..id(Bmr022.disfmarker.402)"/>
   </dialogueact>
   <dialogueact nite:id="Bmr022.C.dialogueact1087" starttime="1907.78" endtime="1909.23" type="s^e.%-" adjacency="7a+" original-type="s^e.%-" channel="c2" participant="fe016">
      <nite:child href="Bmr022.C.words.xml#id(Bmr022.w.9,412)..id(Bmr022.disfmarker.404)"/>
   </dialogueact>
   <dialogueact nite:id="Bmr022.C.dialogueact1091" starttime="1922.57" endtime="1923.48" type="b" original-type="b" channel="c2" participant="fe016">
      <nite:child href="Bmr022.C.words.xml#id(Bmr022.w.9,462)..id(Bmr022.w.9,465)"/>
   </dialogueact>
   <dialogueact nite:id="Bmr022.C.dialogueact1101" starttime="1952.31" endtime="1953.3" type="s^cs" adjacency="11b" original-type="s^cs" channel="c2" participant="fe016">
      <nite:child href="Bmr022.C.words.xml#id(Bmr022.w.9,581)..id(Bmr022.w.9,588)"/>
   </dialogueact>
   <dialogueact nite:id="Bmr022.C.dialogueact1102" starttime="1953.3" endtime="1956.04" type="s^cs^e" adjacency="11b+.12a" original-type="s^cs^e" channel="c2" participant="fe016">
      <nite:child href="Bmr022.C.words.xml#id(Bmr022.w.9,589)..id(Bmr022.w.9,601)"/>
   </dialogueact>
   <dialogueact nite:id="Bmr022.C.dialogueact1107" starttime="1961.9" endtime="1962.19" type="%-" original-type="%-" channel="c2" participant="fe016">
      <nite:child href="Bmr022.C.words.xml#id(Bmr022.w.9,621)..id(Bmr022.disfmarker.408)"/>
   </dialogueact>
   <dialogueact nite:id="Bmr022.C.dialogueact1118" starttime="1980.57" endtime="1982.12" type="s^bk|s" adjacency="17b-2.18a" original-type="s^bk|s" channel="c2" participant="fe016">
      <nite:child href="Bmr022.C.words.xml#id(Bmr022.w.9,712)..id(Bmr022.w.9,721)"/>
   </dialogueact>
   <dialogueact nite:id="Bmr022.C.dialogueact1119" starttime="1982.12" endtime="1984.98" type="s^cs:s" adjacency="17b-2+.18a+" original-type="s^cs:s" channel="c2" participant="fe016">
      <nite:child href="Bmr022.C.words.xml#id(Bmr022.w.9,722)..id(Bmr022.w.9,743)"/>
   </dialogueact>
   <dialogueact nite:id="Bmr022.C.dialogueact1121" starttime="1986.09" endtime="1986.45" type="s^bd^no" original-type="s^bd^no" channel="c2" participant="fe016">
      <nite:child href="Bmr022.C.words.xml#id(Bmr022.w.9,748)..id(Bmr022.w.9,751)"/>
   </dialogueact>
   <dialogueact nite:id="Bmr022.C.dialogueact1138" starttime="2037.89" endtime="2038.22" type="b.%" original-type="b.%" channel="c2" participant="fe016">
      <nite:child href="Bmr022.C.words.xml#id(Bmr022.w.9,947)..id(Bmr022.w.9,948)"/>
   </dialogueact>
   <dialogueact nite:id="Bmr022.C.dialogueact1149" starttime="2055.1" endtime="2055.75" type="s^aa|%-" adjacency="26b-1" original-type="s^aa|%-" channel="c2" participant="fe016">
      <nite:child href="Bmr022.C.words.xml#id(Bmr022.w.10,021)..id(Bmr022.disfmarker.420)"/>
   </dialogueact>
   <dialogueact nite:id="Bmr022.C.dialogueact1165" starttime="2091.99" endtime="2092.33" type="%-" original-type="%-" channel="c2" participant="fe016">
      <nite:child href="Bmr022.C.words.xml#id(Bmr022.w.10,208)..id(Bmr022.disfmarker.426)"/>
   </dialogueact>
   <dialogueact nite:id="Bmr022.C.dialogueact1167" starttime="2092.86" endtime="2094.09" type="qy.%-" adjacency="30b-2" original-type="qy.%-" channel="c2" participant="fe016">
      <nite:child href="Bmr022.C.words.xml#id(Bmr022.w.10,218)..id(Bmr022.disfmarker.427)"/>
   </dialogueact>
   <dialogueact nite:id="Bmr022.C.dialogueact1168" starttime="2094.09" endtime="2095.24" type="s^aa|s^m^na" adjacency="31b" original-type="s^aa|s^m^na" channel="c2" participant="fe016">
      <nite:child href="Bmr022.C.words.xml#id(Bmr022.w.10,222)..id(Bmr022.w.10,229)"/>
   </dialogueact>
   <dialogueact nite:id="Bmr022.C.dialogueact1169" starttime="2095.24" endtime="2097.36" type="s^cs" adjacency="32a" original-type="s^cs" channel="c2" participant="fe016">
      <nite:child href="Bmr022.C.words.xml#id(Bmr022.w.10,230)..id(Bmr022.w.10,239)"/>
   </dialogueact>
   <dialogueact nite:id="Bmr022.C.dialogueact1172" starttime="2097.36" endtime="2098.46" type="s^cs.%-" adjacency="32a+" original-type="s^cs.%-" channel="c2" participant="fe016">
      <nite:child href="Bmr022.C.words.xml#id(Bmr022.w.10,240)..id(Bmr022.disfmarker.429)"/>
   </dialogueact>
   <dialogueact nite:id="Bmr022.C.dialogueact1174" starttime="2098.62" endtime="2098.68" type="s^bk" adjacency="33b" original-type="s^bk" channel="c2" participant="fe016">
      <nite:child href="Bmr022.C.words.xml#id(Bmr022.w.10,264)..id(Bmr022.w.10,265)"/>
   </dialogueact>
   <dialogueact nite:id="Bmr022.C.dialogueact1175" starttime="2099.16" endtime="2100.59" type="s" adjacency="33b+" original-type="s" channel="c2" participant="fe016">
      <nite:child href="Bmr022.C.words.xml#id(Bmr022.w.10,266)..id(Bmr022.w.10,271)"/>
   </dialogueact>
   <dialogueact nite:id="Bmr022.C.dialogueact1177" starttime="2100.59" endtime="2100.89" type="s^bk" adjacency="33b++" original-type="s^bk" channel="c2" participant="fe016">
      <nite:child href="Bmr022.C.words.xml#id(Bmr022.w.10,272)..id(Bmr022.w.10,275)"/>
   </dialogueact>
   <dialogueact nite:id="Bmr022.C.dialogueact1180" starttime="2107.22" endtime="2107.83" type="s^bk" adjacency="34b" original-type="s^bk" channel="c2" participant="fe016">
      <nite:child href="Bmr022.C.words.xml#id(Bmr022.w.10,303)..id(Bmr022.w.10,304)"/>
   </dialogueact>
   <dialogueact nite:id="Bmr022.C.dialogueact1182" starttime="2108.45" endtime="2111.69" type="qh^cs" adjacency="35a" original-type="qh^cs" channel="c2" participant="fe016">
      <nite:child href="Bmr022.C.words.xml#id(Bmr022.w.10,313)..id(Bmr022.w.10,326)"/>
   </dialogueact>
   <dialogueact nite:id="Bmr022.C.dialogueact1184" starttime="2113.73" endtime="2114.55" type="s^bk^m" adjacency="36b.37a" original-type="s^bk^m" channel="c2" participant="fe016">
      <nite:child href="Bmr022.C.words.xml#id(Bmr022.w.10,333)..id(Bmr022.w.10,337)"/>
   </dialogueact>
   <dialogueact nite:id="Bmr022.C.dialogueact1186" starttime="2119.48" endtime="2123.88" type="s^df" adjacency="38b.39a" original-type="s^df" channel="c2" participant="fe016">
      <nite:child href="Bmr022.C.words.xml#id(Bmr022.w.10,354)..id(Bmr022.w.10,370)"/>
   </dialogueact>
   <dialogueact nite:id="Bmr022.C.dialogueact1187" starttime="2123.88" endtime="2124.3" type="s.%--" original-type="s.%--" channel="c2" participant="fe016">
      <nite:child href="Bmr022.C.words.xml#id(Bmr022.w.10,371)..id(Bmr022.disfmarker.436)"/>
   </dialogueact>
   <dialogueact nite:id="Bmr022.C.dialogueact1188" starttime="2124.55" endtime="2125.31" type="s^bd.%-" original-type="s^bd.%-" channel="c2" participant="fe016">
      <nite:child href="Bmr022.C.words.xml#id(Bmr022.w.10,373)..id(Bmr022.w.10,380)"/>
   </dialogueact>
   <dialogueact nite:id="Bmr022.C.dialogueact1191" starttime="2129.14" endtime="2130.18" type="s^bu^df" adjacency="40b.41a" original-type="s^bu^df" channel="c2" participant="fe016">
      <nite:child href="Bmr022.C.words.xml#id(Bmr022.w.10,399)..id(Bmr022.w.10,404)"/>
   </dialogueact>
   <dialogueact nite:id="Bmr022.C.dialogueact1192" starttime="2130.18" endtime="2130.38" type="qy^d^g^rt" adjacency="40b+.41a+" original-type="qy^d^g^rt" channel="c2" participant="fe016">
      <nite:child href="Bmr022.C.words.xml#id(Bmr022.w.10,405)..id(Bmr022.w.10,406)"/>
   </dialogueact>
   <dialogueact nite:id="Bmr022.C.dialogueact1193" starttime="2130.38" endtime="2131.07" type="s^e" adjacency="40b++.41++" original-type="s^e" channel="c2" participant="fe016">
      <nite:child href="Bmr022.C.words.xml#id(Bmr022.w.10,407)..id(Bmr022.w.10,411)"/>
   </dialogueact>
   <dialogueact nite:id="Bmr022.C.dialogueact1198" starttime="2144.2" endtime="2144.8" type="s^no^rt" adjacency="42b-2" original-type="s^no^rt" channel="c2" participant="fe016">
      <nite:child href="Bmr022.C.words.xml#id(Bmr022.w.10,483)..id(Bmr022.w.10,486)"/>
   </dialogueact>
   <dialogueact nite:id="Bmr022.C.dialogueact1200" starttime="2144.8" endtime="2145.45" type="s.%-" original-type="s.%-" channel="c2" participant="fe016">
      <nite:child href="Bmr022.C.words.xml#id(Bmr022.w.10,487)..id(Bmr022.disfmarker.441)"/>
   </dialogueact>
   <dialogueact nite:id="Bmr022.C.dialogueact1220" starttime="2177.64" endtime="2179.31" type="s^cs.%--" adjacency="46b" original-type="s^cs.%--" channel="c2" participant="fe016">
      <nite:child href="Bmr022.C.words.xml#id(Bmr022.w.10,671)..id(Bmr022.disfmarker.444)"/>
   </dialogueact>
   <dialogueact nite:id="Bmr022.C.dialogueact1222" starttime="2179.72" endtime="2182.78" type="s" adjacency="46b" original-type="s" channel="c2" participant="fe016">
      <nite:child href="Bmr022.C.words.xml#id(Bmr022.w.10,677)..id(Bmr022.w.10,688)"/>
   </dialogueact>
   <dialogueact nite:id="Bmr022.C.dialogueact1223" starttime="2182.78" endtime="2184.13" type="s" adjacency="46b+" original-type="s" channel="c2" participant="fe016">
      <nite:child href="Bmr022.C.words.xml#id(Bmr022.w.10,689)..id(Bmr022.w.10,693)"/>
   </dialogueact>
   <dialogueact nite:id="Bmr022.C.dialogueact1224" starttime="2184.13" endtime="2186.75" type="s^df" original-type="s^df" channel="c2" participant="fe016">
      <nite:child href="Bmr022.C.words.xml#id(Bmr022.w.10,694)..id(Bmr022.w.10,704)"/>
   </dialogueact>
   <dialogueact nite:id="Bmr022.C.dialogueact1226" starttime="2187.24" endtime="2188.09" type="s^df^e" original-type="s^df^e" channel="c2" participant="fe016">
      <nite:child href="Bmr022.C.words.xml#id(Bmr022.w.10,709)..id(Bmr022.w.10,713)"/>
   </dialogueact>
   <dialogueact nite:id="Bmr022.C.dialogueact1227" starttime="2188.36" endtime="2189.04" type="s.%--" original-type="s.%--" channel="c2" participant="fe016">
      <nite:child href="Bmr022.C.words.xml#id(Bmr022.w.10,714)..id(Bmr022.disfmarker.446)"/>
   </dialogueact>
   <dialogueact nite:id="Bmr022.C.dialogueact1228" starttime="2189.56" endtime="2192.03" type="s" original-type="s" channel="c2" participant="fe016">
      <nite:child href="Bmr022.C.words.xml#id(Bmr022.w.10,719)..id(Bmr022.w.10,730)"/>
   </dialogueact>
   <dialogueact nite:id="Bmr022.C.dialogueact1229" starttime="2192.03" endtime="2192.33" type="qy^d^f^g^rt" original-type="qy^d^f^g^rt" channel="c2" participant="fe016">
      <nite:child href="Bmr022.C.words.xml#id(Bmr022.w.10,731)..id(Bmr022.w.10,732)"/>
   </dialogueact>
   <dialogueact nite:id="Bmr022.C.dialogueact1230" starttime="2192.33" endtime="2195.24" type="s^df" adjacency="47a" original-type="s^df" channel="c2" participant="fe016">
      <nite:child href="Bmr022.C.words.xml#id(Bmr022.w.10,733)..id(Bmr022.w.10,744)"/>
   </dialogueact>
   <dialogueact nite:id="Bmr022.C.dialogueact1231" starttime="2195.24" endtime="2196.79" type="s.%--" adjacency="47a+" original-type="s.%--" channel="c2" participant="fe016">
      <nite:child href="Bmr022.C.words.xml#id(Bmr022.w.10,745)..id(Bmr022.disfmarker.447)"/>
   </dialogueact>
   <dialogueact nite:id="Bmr022.C.dialogueact1232" starttime="2196.79" endtime="2199.83" type="s" adjacency="47a++" original-type="s" channel="c2" participant="fe016">
      <nite:child href="Bmr022.C.words.xml#id(Bmr022.w.10,751)..id(Bmr022.w.10,761)"/>
   </dialogueact>
   <dialogueact nite:id="Bmr022.C.dialogueact1234" starttime="2200.02" endtime="2203.05" type="s" original-type="s" channel="c2" participant="fe016">
      <nite:child href="Bmr022.C.words.xml#id(Bmr022.w.10,762)..id(Bmr022.w.10,773)"/>
   </dialogueact>
   <dialogueact nite:id="Bmr022.C.dialogueact1239" starttime="2213.57" endtime="2214.99" type="s.%-" adjacency="49b" original-type="s.%-" channel="c2" participant="fe016">
      <nite:child href="Bmr022.C.words.xml#id(Bmr022.w.10,832)..id(Bmr022.w.10,838)"/>
   </dialogueact>
   <dialogueact nite:id="Bmr022.C.dialogueact1241" starttime="2214.99" endtime="2219.35" type="fg|qh" original-type="fg|qh" channel="c2" participant="fe016">
      <nite:child href="Bmr022.C.words.xml#id(Bmr022.w.10,851)..id(Bmr022.w.10,876)"/>
   </dialogueact>
   <dialogueact nite:id="Bmr022.C.dialogueact1243" starttime="2220.28" endtime="2223.23" type="s^e" original-type="s^e" channel="c2" participant="fe016">
      <nite:child href="Bmr022.C.words.xml#id(Bmr022.w.10,877)..id(Bmr022.w.10,889)"/>
   </dialogueact>
   <dialogueact nite:id="Bmr022.C.dialogueact1244" starttime="2224.39" endtime="2227.87" type="s^ba^df" adjacency="50a" original-type="s^ba^df" channel="c2" participant="fe016">
      <nite:child href="Bmr022.C.words.xml#id(Bmr022.w.10,890)..id(Bmr022.w.10,911)"/>
   </dialogueact>
   <dialogueact nite:id="Bmr022.C.dialogueact1246" starttime="2228.47" endtime="2228.81" type="fh" original-type="fh" channel="c2" participant="fe016">
      <nite:child href="Bmr022.C.words.xml#id(Bmr022.w.10,914)..id(Bmr022.disfmarker.453)"/>
   </dialogueact>
   <dialogueact nite:id="Bmr022.C.dialogueact1247" starttime="2229.35" endtime="2231.16" type="s.%--" adjacency="50a+" original-type="s.%--" channel="c2" participant="fe016">
      <nite:child href="Bmr022.C.words.xml#id(Bmr022.w.10,915)..id(Bmr022.disfmarker.454)"/>
   </dialogueact>
   <dialogueact nite:id="Bmr022.C.dialogueact1248" starttime="2231.16" endtime="2243.87" type="s" adjacency="50a+" original-type="s" channel="c2" participant="fe016">
      <nite:child href="Bmr022.C.words.xml#id(Bmr022.w.10,926)..id(Bmr022.w.10,970)"/>
   </dialogueact>
   <dialogueact nite:id="Bmr022.C.dialogueact1260" starttime="2273.13" endtime="2273.8" type="b" original-type="b" channel="c2" participant="fe016">
      <nite:child href="Bmr022.C.words.xml#id(Bmr022.w.11,092)..id(Bmr022.w.11,095)"/>
   </dialogueact>
   <dialogueact nite:id="Bmr022.C.dialogueact1269" starttime="2282.02" endtime="2288.58" type="qy^bu^d^rt" adjacency="54b-3.55a" original-type="qy^bu^d^rt" channel="c2" participant="fe016">
      <nite:child href="Bmr022.C.words.xml#id(Bmr022.w.11,134)..id(Bmr022.w.11,156)"/>
   </dialogueact>
   <dialogueact nite:id="Bmr022.C.dialogueact1271" starttime="2291.44" endtime="2291.85" type="b" original-type="b" channel="c2" participant="fe016">
      <nite:child href="Bmr022.C.words.xml#id(Bmr022.w.11,181)..id(Bmr022.w.11,184)"/>
   </dialogueact>
   <dialogueact nite:id="Bmr022.C.dialogueact1273" starttime="2294.76" endtime="2294.98" type="s^bk" original-type="s^bk" channel="c2" participant="fe016">
      <nite:child href="Bmr022.C.words.xml#id(Bmr022.w.11,185)..id(Bmr022.w.11,186)"/>
   </dialogueact>
   <dialogueact nite:id="Bmr022.C.dialogueact1274" starttime="2295.17" endtime="2295.65" type="%--" adjacency="56b" original-type="%--" channel="c2" participant="fe016">
      <nite:child href="Bmr022.C.words.xml#id(Bmr022.w.11,187)..id(Bmr022.disfmarker.460)"/>
   </dialogueact>
   <dialogueact nite:id="Bmr022.C.dialogueact1276" starttime="2297.9" endtime="2299.32" type="s^cs" original-type="s^cs" channel="c2" participant="fe016">
      <nite:child href="Bmr022.C.words.xml#id(Bmr022.w.11,193)..id(Bmr022.w.11,198)"/>
   </dialogueact>
   <dialogueact nite:id="Bmr022.C.dialogueact1277" starttime="2299.57" endtime="2301.97" type="s^cs^e" original-type="s^cs^e" channel="c2" participant="fe016">
      <nite:child href="Bmr022.C.words.xml#id(Bmr022.w.11,199)..id(Bmr022.w.11,209)"/>
   </dialogueact>
   <dialogueact nite:id="Bmr022.C.dialogueact1280" starttime="2302.29" endtime="2310.48" type="s^bd^df" adjacency="57a" original-type="s^bd^df" channel="c2" participant="fe016">
      <nite:child href="Bmr022.C.words.xml#id(Bmr022.w.11,210)..id(Bmr022.w.11,241)"/>
   </dialogueact>
   <dialogueact nite:id="Bmr022.C.dialogueact1282" starttime="2310.61" endtime="2310.93" type="fh" original-type="fh" channel="c2" participant="fe016">
      <nite:child href="Bmr022.C.words.xml#id(Bmr022.w.11,242)..id(Bmr022.disfmarker.461)"/>
   </dialogueact>
   <dialogueact nite:id="Bmr022.C.dialogueact1285" starttime="2316.46" endtime="2316.82" type="b" original-type="b" channel="c2" participant="fe016">
      <nite:child href="Bmr022.C.words.xml#id(Bmr022.w.11,278)..id(Bmr022.w.11,279)"/>
   </dialogueact>
   <dialogueact nite:id="Bmr022.C.dialogueact1299" starttime="2337.1" endtime="2337.51" type="s^bk" adjacency="59b" original-type="s^bk" channel="c2" participant="fe016">
      <nite:child href="Bmr022.C.words.xml#id(Bmr022.w.11,404)..id(Bmr022.w.11,405)"/>
   </dialogueact>
   <dialogueact nite:id="Bmr022.C.dialogueact1300" starttime="2338.93" endtime="2339.68" type="s.%--" original-type="s.%--" channel="c2" participant="fe016">
      <nite:child href="Bmr022.C.words.xml#id(Bmr022.w.11,406)..id(Bmr022.w.11,411)"/>
   </dialogueact>
   <dialogueact nite:id="Bmr022.C.dialogueact1302" starttime="2340.01" endtime="2341.91" type="s.%--" original-type="s.%--" channel="c2" participant="fe016">
      <nite:child href="Bmr022.C.words.xml#id(Bmr022.w.11,414)..id(Bmr022.disfmarker.469)"/>
   </dialogueact>
   <dialogueact nite:id="Bmr022.C.dialogueact1303" starttime="2342.17" endtime="2342.62" type="%--" original-type="%--" channel="c2" participant="fe016">
      <nite:child href="Bmr022.C.words.xml#id(Bmr022.w.11,421)..id(Bmr022.w.11,425)"/>
   </dialogueact>
   <dialogueact nite:id="Bmr022.C.dialogueact1304" starttime="2342.62" endtime="2347.72" type="s^ba" adjacency="60a" original-type="s^ba" channel="c2" participant="fe016">
      <nite:child href="Bmr022.C.words.xml#id(Bmr022.w.11,426)..id(Bmr022.w.11,441)"/>
   </dialogueact>
   <dialogueact nite:id="Bmr022.C.dialogueact1305" starttime="2347.72" endtime="2361.71" type="s" adjacency="60a+" original-type="s" channel="c2" participant="fe016">
      <nite:child href="Bmr022.C.words.xml#id(Bmr022.w.11,442)..id(Bmr022.w.11,493)"/>
   </dialogueact>
   <dialogueact nite:id="Bmr022.C.dialogueact1306" starttime="2361.71" endtime="2362.85" type="s^e" adjacency="60a++" original-type="s^e" channel="c2" participant="fe016">
      <nite:child href="Bmr022.C.words.xml#id(Bmr022.w.11,494)..id(Bmr022.w.11,499)"/>
   </dialogueact>
   <dialogueact nite:id="Bmr022.C.dialogueact1345" starttime="2474.23" endtime="2475.94" type="s^aa|s^na" adjacency="4b" original-type="s^aa|s^na" channel="c2" participant="fe016">
      <nite:child href="Bmr022.C.words.xml#id(Bmr022.w.12,024)..id(Bmr022.w.12,035)"/>
   </dialogueact>
   <dialogueact nite:id="Bmr022.C.dialogueact1355" starttime="2494.8" endtime="2495.43" type="b" original-type="b" channel="c2" participant="fe016">
      <nite:child href="Bmr022.C.words.xml#id(Bmr022.w.12,135)..id(Bmr022.w.12,136)"/>
   </dialogueact>
   <dialogueact nite:id="Bmr022.C.dialogueact1391" starttime="2570.05" endtime="2570.98" type="s" original-type="s" channel="c2" participant="fe016">
      <nite:child href="Bmr022.C.words.xml#id(Bmr022.w.12,504)..id(Bmr022.w.12,510)"/>
   </dialogueact>
   <dialogueact nite:id="Bmr022.C.dialogueact1392" starttime="2570.98" endtime="2574.96" type="s^df" original-type="s^df" channel="c2" participant="fe016">
      <nite:child href="Bmr022.C.words.xml#id(Bmr022.w.12,511)..id(Bmr022.w.12,529)"/>
   </dialogueact>
   <dialogueact nite:id="Bmr022.C.dialogueact1394" starttime="2574.96" endtime="2577.37" type="s:s" original-type="s:s" channel="c2" participant="fe016">
      <nite:child href="Bmr022.C.words.xml#id(Bmr022.w.12,530)..id(Bmr022.w.12,542)"/>
   </dialogueact>
   <dialogueact nite:id="Bmr022.C.dialogueact1396" starttime="2577.37" endtime="2580.05" type="s^rt" original-type="s^rt" channel="c2" participant="fe016">
      <nite:child href="Bmr022.C.words.xml#id(Bmr022.w.12,543)..id(Bmr022.w.12,556)"/>
   </dialogueact>
   <dialogueact nite:id="Bmr022.C.dialogueact1398" starttime="2580.05" endtime="2588.86" type="s:s" original-type="s:s" channel="c2" participant="fe016">
      <nite:child href="Bmr022.C.words.xml#id(Bmr022.w.12,557)..id(Bmr022.w.12,607)"/>
   </dialogueact>
   <dialogueact nite:id="Bmr022.C.dialogueact1402" starttime="2588.93" endtime="2589.08" type="fh" original-type="fh" channel="c2" participant="fe016">
      <nite:child href="Bmr022.C.words.xml#id(Bmr022.w.12,608)"/>
   </dialogueact>
   <dialogueact nite:id="Bmr022.C.dialogueact1404" starttime="2590.14" endtime="2597.06" type="s" adjacency="7a" original-type="s" channel="c2" participant="fe016">
      <nite:child href="Bmr022.C.words.xml#id(Bmr022.w.12,623)..id(Bmr022.w.12,648)"/>
   </dialogueact>
   <dialogueact nite:id="Bmr022.C.dialogueact1405" starttime="2597.13" endtime="2598.18" type="s^bd^df" adjacency="7a+" original-type="s^bd^df" channel="c2" participant="fe016">
      <nite:child href="Bmr022.C.words.xml#id(Bmr022.w.12,649)..id(Bmr022.w.12,654)"/>
   </dialogueact>
   <dialogueact nite:id="Bmr022.C.dialogueact1409" starttime="2602.27" endtime="2602.58" type="b" original-type="b" channel="c2" participant="fe016">
      <nite:child href="Bmr022.C.words.xml#id(Bmr022.w.12,682)..id(Bmr022.w.12,683)"/>
   </dialogueact>
   <dialogueact nite:id="Bmr022.C.dialogueact1414" starttime="2615.65" endtime="2616.09" type="s^aa" adjacency="9b" original-type="s^aa" channel="c2" participant="fe016">
      <nite:child href="Bmr022.C.words.xml#id(Bmr022.w.12,735)..id(Bmr022.w.12,736)"/>
   </dialogueact>
   <dialogueact nite:id="Bmr022.C.dialogueact1417" starttime="2620.21" endtime="2621.71" type="s^aa|s" original-type="s^aa|s" channel="c2" participant="fe016">
      <nite:child href="Bmr022.C.words.xml#id(Bmr022.w.12,758)..id(Bmr022.w.12,765)"/>
   </dialogueact>
   <dialogueact nite:id="Bmr022.C.dialogueact1419" starttime="2621.71" endtime="2626.31" type="s" original-type="s" channel="c2" participant="fe016">
      <nite:child href="Bmr022.C.words.xml#id(Bmr022.w.12,766)..id(Bmr022.w.12,780)"/>
   </dialogueact>
   <dialogueact nite:id="Bmr022.C.dialogueact1420" starttime="2626.31" endtime="2634.43" type="qh^cs" original-type="qh^cs" channel="c2" participant="fe016">
      <nite:child href="Bmr022.C.words.xml#id(Bmr022.w.12,781)..id(Bmr022.w.12,804)"/>
   </dialogueact>
   <dialogueact nite:id="Bmr022.C.dialogueact1421" starttime="2635.23" endtime="2639.41" type="s^cs^e" original-type="s^cs^e" channel="c2" participant="fe016">
      <nite:child href="Bmr022.C.words.xml#id(Bmr022.w.12,805)..id(Bmr022.w.12,818)"/>
   </dialogueact>
   <dialogueact nite:id="Bmr022.C.dialogueact1422" starttime="2639.54" endtime="2642.2" type="s" original-type="s" channel="c2" participant="fe016">
      <nite:child href="Bmr022.C.words.xml#id(Bmr022.w.12,819)..id(Bmr022.w.12,833)"/>
   </dialogueact>
   <dialogueact nite:id="Bmr022.C.dialogueact1423" starttime="2642.2" endtime="2645.24" type="s" original-type="s" channel="c2" participant="fe016">
      <nite:child href="Bmr022.C.words.xml#id(Bmr022.w.12,834)..id(Bmr022.w.12,843)"/>
   </dialogueact>
   <dialogueact nite:id="Bmr022.C.dialogueact1424" starttime="2645.34" endtime="2646.42" type="s" original-type="s" channel="c2" participant="fe016">
      <nite:child href="Bmr022.C.words.xml#id(Bmr022.w.12,844)..id(Bmr022.w.12,849)"/>
   </dialogueact>
   <dialogueact nite:id="Bmr022.C.dialogueact1425" starttime="2646.42" endtime="2648.34" type="s^df^rt" original-type="s^df^rt" channel="c2" participant="fe016">
      <nite:child href="Bmr022.C.words.xml#id(Bmr022.w.12,850)..id(Bmr022.w.12,861)"/>
   </dialogueact>
   <dialogueact nite:id="Bmr022.C.dialogueact1427" starttime="2649.62" endtime="2655.72" type="s^cs" original-type="s^cs" channel="c2" participant="fe016">
      <nite:child href="Bmr022.C.words.xml#id(Bmr022.w.12,866)..id(Bmr022.w.12,886)"/>
   </dialogueact>
   <dialogueact nite:id="Bmr022.C.dialogueact1429" starttime="2657.52" endtime="2660.52" type="s" original-type="s" channel="c2" participant="fe016">
      <nite:child href="Bmr022.C.words.xml#id(Bmr022.w.12,887)..id(Bmr022.w.12,899)"/>
   </dialogueact>
   <dialogueact nite:id="Bmr022.C.dialogueact1430" starttime="2660.52" endtime="2667.31" type="s^df" original-type="s^df" channel="c2" participant="fe016">
      <nite:child href="Bmr022.C.words.xml#id(Bmr022.w.12,900)..id(Bmr022.w.12,938)"/>
   </dialogueact>
   <dialogueact nite:id="Bmr022.C.dialogueact1431" starttime="2667.76" endtime="2671.93" type="s" original-type="s" channel="c2" participant="fe016">
      <nite:child href="Bmr022.C.words.xml#id(Bmr022.w.12,939)..id(Bmr022.w.12,954)"/>
   </dialogueact>
   <dialogueact nite:id="Bmr022.C.dialogueact1439" starttime="2681.21" endtime="2681.53" type="b" original-type="b" channel="c2" participant="fe016">
      <nite:child href="Bmr022.C.words.xml#id(Bmr022.w.13,013)..id(Bmr022.w.13,016)"/>
   </dialogueact>
   <dialogueact nite:id="Bmr022.C.dialogueact1441" starttime="2683.05" endtime="2683.51" type="s^aa" original-type="s^aa" channel="c2" participant="fe016">
      <nite:child href="Bmr022.C.words.xml#id(Bmr022.w.13,033)..id(Bmr022.w.13,034)"/>
   </dialogueact>
   <dialogueact nite:id="Bmr022.C.dialogueact1443" starttime="2684.4" endtime="2684.96" type="s^aa" original-type="s^aa" channel="c2" participant="fe016">
      <nite:child href="Bmr022.C.words.xml#id(Bmr022.w.13,035)..id(Bmr022.w.13,036)"/>
   </dialogueact>
   <dialogueact nite:id="Bmr022.C.dialogueact1448" starttime="2694.72" endtime="2697.23" type="s^cs" adjacency="10b" original-type="s^cs" channel="c2" participant="fe016">
      <nite:child href="Bmr022.C.words.xml#id(Bmr022.w.13,099)..id(Bmr022.w.13,111)"/>
   </dialogueact>
   <dialogueact nite:id="Bmr022.C.dialogueact1451" starttime="2697.23" endtime="2702.34" type="s^cs.%-" original-type="s^cs.%-" channel="c2" participant="fe016">
      <nite:child href="Bmr022.C.words.xml#id(Bmr022.w.13,112)..id(Bmr022.disfmarker.506)"/>
   </dialogueact>
   <dialogueact nite:id="Bmr022.C.dialogueact1454" starttime="2703.72" endtime="2704.22" type="s^aa" original-type="s^aa" channel="c2" participant="fe016">
      <nite:child href="Bmr022.C.words.xml#id(Bmr022.w.13,164)..id(Bmr022.w.13,165)"/>
   </dialogueact>
   <dialogueact nite:id="Bmr022.C.dialogueact1456" starttime="2707.74" endtime="2708.06" type="b" original-type="b" channel="c2" participant="fe016">
      <nite:child href="Bmr022.C.words.xml#id(Bmr022.w.13,182)..id(Bmr022.w.13,183)"/>
   </dialogueact>
   <dialogueact nite:id="Bmr022.C.dialogueact1469" starttime="2725.9" endtime="2732.37" type="s.%--" original-type="s.%--" channel="c2" participant="fe016">
      <nite:child href="Bmr022.C.words.xml#id(Bmr022.w.13,263)..id(Bmr022.disfmarker.509)"/>
   </dialogueact>
   <dialogueact nite:id="Bmr022.C.dialogueact1470" starttime="2732.99" endtime="2736.75" type="s^df" original-type="s^df" channel="c2" participant="fe016">
      <nite:child href="Bmr022.C.words.xml#id(Bmr022.w.13,285)..id(Bmr022.w.13,296)"/>
   </dialogueact>
   <dialogueact nite:id="Bmr022.C.dialogueact1471" starttime="2736.75" endtime="2743.21" type="s" original-type="s" channel="c2" participant="fe016">
      <nite:child href="Bmr022.C.words.xml#id(Bmr022.w.13,297)..id(Bmr022.w.13,320)"/>
   </dialogueact>
   <dialogueact nite:id="Bmr022.C.dialogueact1472" starttime="2743.21" endtime="2747.45" type="s" original-type="s" channel="c2" participant="fe016">
      <nite:child href="Bmr022.C.words.xml#id(Bmr022.w.13,321)..id(Bmr022.w.13,337)"/>
   </dialogueact>
   <dialogueact nite:id="Bmr022.C.dialogueact1473" starttime="2747.45" endtime="2749.44" type="s" original-type="s" channel="c2" participant="fe016">
      <nite:child href="Bmr022.C.words.xml#id(Bmr022.w.13,338)..id(Bmr022.w.13,345)"/>
   </dialogueact>
   <dialogueact nite:id="Bmr022.C.dialogueact1474" starttime="2749.99" endtime="2756.67" type="s" original-type="s" channel="c2" participant="fe016">
      <nite:child href="Bmr022.C.words.xml#id(Bmr022.w.13,346)..id(Bmr022.w.13,368)"/>
   </dialogueact>
   <dialogueact nite:id="Bmr022.C.dialogueact1475" starttime="2756.89" endtime="2761.72" type="s^df" original-type="s^df" channel="c2" participant="fe016">
      <nite:child href="Bmr022.C.words.xml#id(Bmr022.w.13,369)..id(Bmr022.w.13,389)"/>
   </dialogueact>
   <dialogueact nite:id="Bmr022.C.dialogueact1476" starttime="2761.72" endtime="2762.89" type="s" original-type="s" channel="c2" participant="fe016">
      <nite:child href="Bmr022.C.words.xml#id(Bmr022.w.13,390)..id(Bmr022.w.13,397)"/>
   </dialogueact>
   <dialogueact nite:id="Bmr022.C.dialogueact1477" starttime="2763.46" endtime="2765.39" type="s" original-type="s" channel="c2" participant="fe016">
      <nite:child href="Bmr022.C.words.xml#id(Bmr022.w.13,398)..id(Bmr022.w.13,405)"/>
   </dialogueact>
   <dialogueact nite:id="Bmr022.C.dialogueact1478" starttime="2765.5" endtime="2769.26" type="s" original-type="s" channel="c2" participant="fe016">
      <nite:child href="Bmr022.C.words.xml#id(Bmr022.w.13,406)..id(Bmr022.w.13,423)"/>
   </dialogueact>
   <dialogueact nite:id="Bmr022.C.dialogueact1479" starttime="2771.08" endtime="2771.49" type="fh" original-type="fh" channel="c2" participant="fe016">
      <nite:child href="Bmr022.C.words.xml#id(Bmr022.w.13,424)..id(Bmr022.w.13,425)"/>
   </dialogueact>
   <dialogueact nite:id="Bmr022.C.dialogueact1480" starttime="2778.29" endtime="2780.16" type="qy^t^tc" adjacency="13a" original-type="qy^t^tc" channel="c2" participant="fe016">
      <nite:child href="Bmr022.C.words.xml#id(Bmr022.w.13,426)..id(Bmr022.w.13,433)"/>
   </dialogueact>
   <dialogueact nite:id="Bmr022.C.dialogueact1483" starttime="2788.44" endtime="2790.91" comment="FBH" type="fg|qr" adjacency="14a" original-type="fg|qr" channel="c2" participant="fe016">
      <nite:child href="Bmr022.C.words.xml#id(Bmr022.w.13,450)..id(Bmr022.w.13,465)"/>
   </dialogueact>
   <dialogueact nite:id="Bmr022.C.dialogueact1485" starttime="2792.23" endtime="2792.55" type="s^bk" adjacency="15b" original-type="s^bk" channel="c2" participant="fe016">
      <nite:child href="Bmr022.C.words.xml#id(Bmr022.w.13,466)..id(Bmr022.w.13,467)"/>
   </dialogueact>
</nite:root>