<?xml version="1.0" encoding="ISO-8859-1" standalone="yes"?>
<nite:root nite:id="Bmr013.B.dialogue-acts" xmlns:nite="http://nite.sourceforge.net/">
   <dialogueact nite:id="Bmr013.B.dialogueact1" starttime="98.41" endtime="98.71" type="s^tc.%" original-type="s^tc.%" channel="c2" participant="fe008">
      <nite:child href="Bmr013.B.words.xml#id(Bmr013.w.6)..id(Bmr013.w.7)"/>
   </dialogueact>
   <dialogueact nite:id="Bmr013.B.dialogueact10" starttime="113.425" endtime="119.063" type="fg|qy^t" adjacency="4a" original-type="fg|qy^t" channel="c2" participant="fe008">
      <nite:child href="Bmr013.B.words.xml#id(Bmr013.w.57)..id(Bmr013.w.82)"/>
   </dialogueact>
   <dialogueact nite:id="Bmr013.B.dialogueact14" starttime="128.318" endtime="128.618" type="s^aa" adjacency="6b-1" original-type="s^aa" channel="c2" participant="fe008">
      <nite:child href="Bmr013.B.words.xml#id(Bmr013.w.104)..id(Bmr013.w.105)"/>
   </dialogueact>
   <dialogueact nite:id="Bmr013.B.dialogueact17" starttime="135.721" endtime="139.651" comment="FBH" type="s" adjacency="7b-2.8a" original-type="s" channel="c2" participant="fe008">
      <nite:child href="Bmr013.B.words.xml#id(Bmr013.w.131)..id(Bmr013.w.153)"/>
   </dialogueact>
   <dialogueact nite:id="Bmr013.B.dialogueact20" starttime="140.489" endtime="140.809" type="s^aa" adjacency="9b" original-type="s^aa" channel="c2" participant="fe008">
      <nite:child href="Bmr013.B.words.xml#id(Bmr013.w.164)..id(Bmr013.w.167)"/>
   </dialogueact>
   <dialogueact nite:id="Bmr013.B.dialogueact67" starttime="271.468" endtime="272.228" type="s.%--" adjacency="15b" original-type="sj.%--" channel="c2" participant="fe008">
      <nite:child href="Bmr013.B.words.xml#id(Bmr013.w.748)..id(Bmr013.w.751)"/>
   </dialogueact>
   <dialogueact nite:id="Bmr013.B.dialogueact68" starttime="272.228" endtime="273.878" type="s" original-type="s" channel="c2" participant="fe008">
      <nite:child href="Bmr013.B.words.xml#id(Bmr013.w.752)..id(Bmr013.w.757)"/>
   </dialogueact>
   <dialogueact nite:id="Bmr013.B.dialogueact69" starttime="273.878" endtime="280.028" type="s^ba^na" adjacency="15b+" original-type="sj^ba^na" channel="c2" participant="fe008">
      <nite:child href="Bmr013.B.words.xml#id(Bmr013.w.758)..id(Bmr013.w.784)"/>
   </dialogueact>
   <dialogueact nite:id="Bmr013.B.dialogueact70" starttime="280.553" endtime="284.133" type="s" adjacency="15b++" original-type="s" channel="c2" participant="fe008">
      <nite:child href="Bmr013.B.words.xml#id(Bmr013.w.785)..id(Bmr013.w.805)"/>
   </dialogueact>
   <dialogueact nite:id="Bmr013.B.dialogueact71" starttime="284.183" endtime="288.473" type="s" adjacency="15b+++" original-type="s" channel="c2" participant="fe008">
      <nite:child href="Bmr013.B.words.xml#id(Bmr013.w.806)..id(Bmr013.w.820)"/>
   </dialogueact>
   <dialogueact nite:id="Bmr013.B.dialogueact72" starttime="288.473" endtime="291.983" type="s" adjacency="15b++++" original-type="s" channel="c2" participant="fe008">
      <nite:child href="Bmr013.B.words.xml#id(Bmr013.w.821)..id(Bmr013.w.836)"/>
   </dialogueact>
   <dialogueact nite:id="Bmr013.B.dialogueact73" starttime="291.983" endtime="293.793" type="s^ba" adjacency="15b++++" original-type="sj^ba" channel="c2" participant="fe008">
      <nite:child href="Bmr013.B.words.xml#id(Bmr013.w.837)..id(Bmr013.w.848)"/>
   </dialogueact>
   <dialogueact nite:id="Bmr013.B.dialogueact76" starttime="295.825" endtime="296.245" type="s^aa" adjacency="17b.18a" original-type="s^aa" channel="c2" participant="fe008">
      <nite:child href="Bmr013.B.words.xml#id(Bmr013.w.866)..id(Bmr013.w.869)"/>
   </dialogueact>
   <dialogueact nite:id="Bmr013.B.dialogueact84" starttime="318.691" endtime="326.79" type="s^ng" original-type="sj^ng" channel="c2" participant="fe008">
      <nite:child href="Bmr013.B.words.xml#id(Bmr013.w.976)..id(Bmr013.w.1,013)"/>
   </dialogueact>
   <dialogueact nite:id="Bmr013.B.dialogueact85" starttime="326.79" endtime="330.73" type="s^df" original-type="s^df" channel="c2" participant="fe008">
      <nite:child href="Bmr013.B.words.xml#id(Bmr013.w.1,014)..id(Bmr013.w.1,036)"/>
   </dialogueact>
   <dialogueact nite:id="Bmr013.B.dialogueact87" starttime="331.641" endtime="332.941" type="s.%-" original-type="s.%-" channel="c2" participant="fe008">
      <nite:child href="Bmr013.B.words.xml#id(Bmr013.w.1,039)..id(Bmr013.disfmarker.28)"/>
   </dialogueact>
   <dialogueact nite:id="Bmr013.B.dialogueact127" starttime="474.274" endtime="474.474" type="b" original-type="b" channel="c2" participant="fe008">
      <nite:child href="Bmr013.B.words.xml#id(Bmr013.w.1,620)..id(Bmr013.w.1,621)"/>
   </dialogueact>
   <dialogueact nite:id="Bmr013.B.dialogueact128" starttime="475.359" endtime="477.832" type="s" original-type="sj" channel="c2" participant="fe008">
      <nite:child href="Bmr013.B.words.xml#id(Bmr013.w.1,622)..id(Bmr013.w.1,635)"/>
   </dialogueact>
   <dialogueact nite:id="Bmr013.B.dialogueact131" starttime="478.318" endtime="478.898" type="s^ba" original-type="sj^ba" channel="c2" participant="fe008">
      <nite:child href="Bmr013.B.words.xml#id(Bmr013.w.1,648)..id(Bmr013.w.2,514)"/>
   </dialogueact>
   <dialogueact nite:id="Bmr013.B.dialogueact168" starttime="532.042" endtime="662.107" type="s" original-type="s" channel="c2" participant="fe008">
      <nite:child href="Bmr013.B.words.xml#id(Bmr013.w.1,954)..id(Bmr013.w.2,535)"/>
   </dialogueact>
   <dialogueact nite:id="Bmr013.B.dialogueact212" starttime="662.107" endtime="663.977" type="s" original-type="s" channel="c2" participant="fe008">
      <nite:child href="Bmr013.B.words.xml#id(Bmr013.w.2,536)..id(Bmr013.w.2,542)"/>
   </dialogueact>
   <dialogueact nite:id="Bmr013.B.dialogueact213" starttime="664.067" endtime="666.397" comment="says one thing that strikes me is that there is more - issue - is that its more informative and that people might articulate more and so you might end up with a closer correspondence." type="s" adjacency="1b.2a" original-type="sj" channel="c2" participant="fe008">
      <nite:child href="Bmr013.B.words.xml#id(Bmr013.w.2,543)..id(Bmr013.w.2,554)"/>
   </dialogueact>
   <dialogueact nite:id="Bmr013.B.dialogueact220" starttime="669.728" endtime="669.988" type="b" original-type="b" channel="c2" participant="fe008">
      <nite:child href="Bmr013.B.words.xml#id(Bmr013.w.2,578)..id(Bmr013.w.2,581)"/>
   </dialogueact>
   <dialogueact nite:id="Bmr013.B.dialogueact233" starttime="713.59" endtime="726.347" type="s" original-type="s" channel="c2" participant="fe008">
      <nite:child href="Bmr013.B.words.xml#id(Bmr013.w.2,774)..id(Bmr013.w.2,838)"/>
   </dialogueact>
   <dialogueact nite:id="Bmr013.B.dialogueact238" starttime="726.347" endtime="729.917" type="s" original-type="s" channel="c2" participant="fe008">
      <nite:child href="Bmr013.B.words.xml#id(Bmr013.w.2,839)..id(Bmr013.w.2,866)"/>
   </dialogueact>
   <dialogueact nite:id="Bmr013.B.dialogueact246" starttime="742.671" endtime="742.931" type="fg" original-type="fg" channel="c2" participant="fe008">
      <nite:child href="Bmr013.B.words.xml#id(Bmr013.w.2,935)..id(Bmr013.w.2,936)"/>
   </dialogueact>
   <dialogueact nite:id="Bmr013.B.dialogueact248" starttime="745.696" endtime="748.776" type="s.%--" adjacency="4a.5a" original-type="s.%--" channel="c2" participant="fe008">
      <nite:child href="Bmr013.B.words.xml#id(Bmr013.w.2,946)..id(Bmr013.disfmarker.92)"/>
   </dialogueact>
   <dialogueact nite:id="Bmr013.B.dialogueact250" starttime="752.772" endtime="753.282" type="s^bk" original-type="s^bk" channel="c2" participant="fe008">
      <nite:child href="Bmr013.B.words.xml#id(Bmr013.w.2,988)..id(Bmr013.w.2,991)"/>
   </dialogueact>
   <dialogueact nite:id="Bmr013.B.dialogueact251" starttime="754.027" endtime="754.377" type="s^bk^r" original-type="s^bk^r" channel="c2" participant="fe008">
      <nite:child href="Bmr013.B.words.xml#id(Bmr013.w.2,992)..id(Bmr013.w.2,993)"/>
   </dialogueact>
   <dialogueact nite:id="Bmr013.B.dialogueact252" starttime="754.801" endtime="754.961" type="b" original-type="b" channel="c2" participant="fe008">
      <nite:child href="Bmr013.B.words.xml#id(Bmr013.w.2,994)..id(Bmr013.w.2,995)"/>
   </dialogueact>
   <dialogueact nite:id="Bmr013.B.dialogueact257" starttime="759.81" endtime="759.9" type="b" original-type="b" channel="c2" participant="fe008">
      <nite:child href="Bmr013.B.words.xml#id(Bmr013.w.3,027)"/>
   </dialogueact>
   <dialogueact nite:id="Bmr013.B.dialogueact259" starttime="775.129" endtime="775.289" type="b" original-type="b" channel="c2" participant="fe008">
      <nite:child href="Bmr013.B.words.xml#id(Bmr013.w.3,085)..id(Bmr013.w.3,086)"/>
   </dialogueact>
   <dialogueact nite:id="Bmr013.B.dialogueact263" starttime="785.562" endtime="790.105" type="s.%--" adjacency="6b" original-type="sj.%--" channel="c2" participant="fe008">
      <nite:child href="Bmr013.B.words.xml#id(Bmr013.w.3,116)..id(Bmr013.w.3,131)"/>
   </dialogueact>
   <dialogueact nite:id="Bmr013.B.dialogueact264" starttime="790.105" endtime="796.669" type="s" adjacency="7a" original-type="s" channel="c2" participant="fe008">
      <nite:child href="Bmr013.B.words.xml#id(Bmr013.w.3,132)..id(Bmr013.w.3,160)"/>
   </dialogueact>
   <dialogueact nite:id="Bmr013.B.dialogueact268" starttime="799.207" endtime="804.035" type="s" adjacency="8b" original-type="s" channel="c2" participant="fe008">
      <nite:child href="Bmr013.B.words.xml#id(Bmr013.w.3,172)..id(Bmr013.w.3,190)"/>
   </dialogueact>
   <dialogueact nite:id="Bmr013.B.dialogueact270" starttime="804.787" endtime="807.197" type="s^e" adjacency="8b+.9a" original-type="s^e" channel="c2" participant="fe008">
      <nite:child href="Bmr013.B.words.xml#id(Bmr013.w.3,197)..id(Bmr013.w.3,209)"/>
   </dialogueact>
   <dialogueact nite:id="Bmr013.B.dialogueact274" starttime="807.942" endtime="808.282" type="s^bsc^m" adjacency="9b.10a" original-type="s^bsc^m" channel="c2" participant="fe008">
      <nite:child href="Bmr013.B.words.xml#id(Bmr013.w.3,225)..id(Bmr013.w.3,226)"/>
   </dialogueact>
   <dialogueact nite:id="Bmr013.B.dialogueact277" starttime="808.282" endtime="810.102" type="s^ft.%--" adjacency="10b" original-type="s^ft.%--" channel="c2" participant="fe008">
      <nite:child href="Bmr013.B.words.xml#id(Bmr013.w.3,227)..id(Bmr013.disfmarker.104)"/>
   </dialogueact>
   <dialogueact nite:id="Bmr013.B.dialogueact280" starttime="810.102" endtime="810.962" type="s" original-type="s" channel="c2" participant="fe008">
      <nite:child href="Bmr013.B.words.xml#id(Bmr013.w.3,239)..id(Bmr013.w.3,243)"/>
   </dialogueact>
   <dialogueact nite:id="Bmr013.B.dialogueact284" starttime="813.551" endtime="813.831" type="b" original-type="b" channel="c2" participant="fe008">
      <nite:child href="Bmr013.B.words.xml#id(Bmr013.w.3,266)..id(Bmr013.w.3,267)"/>
   </dialogueact>
   <dialogueact nite:id="Bmr013.B.dialogueact414" starttime="1126.62" endtime="1126.83" type="b" original-type="b" channel="c2" participant="fe008">
      <nite:child href="Bmr013.B.words.xml#id(Bmr013.w.4,704)..id(Bmr013.w.4,705)"/>
   </dialogueact>
   <dialogueact nite:id="Bmr013.B.dialogueact419" starttime="1140.69" endtime="1147.12" type="qy^bu^rt" adjacency="16a" original-type="qy^bu^rt" channel="c2" participant="fe008">
      <nite:child href="Bmr013.B.words.xml#id(Bmr013.w.4,737)..id(Bmr013.w.4,779)"/>
   </dialogueact>
   <dialogueact nite:id="Bmr013.B.dialogueact421" starttime="1147.12" endtime="1147.42" type="s.%--" original-type="sj.%--" channel="c2" participant="fe008">
      <nite:child href="Bmr013.B.words.xml#id(Bmr013.w.4,780)..id(Bmr013.w.4,781)"/>
   </dialogueact>
   <dialogueact nite:id="Bmr013.B.dialogueact444" starttime="1272.54" endtime="1276.24" type="s^cs" adjacency="2b-2" original-type="sj^cs" channel="c2" participant="fe008">
      <nite:child href="Bmr013.B.words.xml#id(Bmr013.w.5,311)..id(Bmr013.w.5,320)"/>
   </dialogueact>
   <dialogueact nite:id="Bmr013.B.dialogueact445" starttime="1276.24" endtime="1281.72" type="s^cs.%--" adjacency="3a" original-type="s^cs.%--" channel="c2" participant="fe008">
      <nite:child href="Bmr013.B.words.xml#id(Bmr013.w.5,321)..id(Bmr013.w.5,352)"/>
   </dialogueact>
   <dialogueact nite:id="Bmr013.B.dialogueact447" starttime="1281.83" endtime="1290.63" type="fh|s^df" original-type="fh|s^df" channel="c2" participant="fe008">
      <nite:child href="Bmr013.B.words.xml#id(Bmr013.w.5,353)..id(Bmr013.w.5,386)"/>
   </dialogueact>
   <dialogueact nite:id="Bmr013.B.dialogueact449" starttime="1290.76" endtime="1291.92" type="s" original-type="s" channel="c2" participant="fe008">
      <nite:child href="Bmr013.B.words.xml#id(Bmr013.w.5,387)..id(Bmr013.w.5,393)"/>
   </dialogueact>
   <dialogueact nite:id="Bmr013.B.dialogueact450" starttime="1292.28" endtime="1294.6" type="s.%-" original-type="s.%-" channel="c2" participant="fe008">
      <nite:child href="Bmr013.B.words.xml#id(Bmr013.w.5,394)..id(Bmr013.w.5,403)"/>
   </dialogueact>
   <dialogueact nite:id="Bmr013.B.dialogueact453" starttime="1298.94" endtime="1299.44" type="s^t1" original-type="s^t1" channel="c2" participant="fe008">
      <nite:child href="Bmr013.B.words.xml#id(Bmr013.w.5,428)..id(Bmr013.w.5,430)"/>
   </dialogueact>
   <dialogueact nite:id="Bmr013.B.dialogueact454" starttime="1301.16" endtime="1301.35" type="s^aa" adjacency="4b" original-type="s^aa" channel="c2" participant="fe008">
      <nite:child href="Bmr013.B.words.xml#id(Bmr013.w.5,442)..id(Bmr013.w.5,443)"/>
   </dialogueact>
   <dialogueact nite:id="Bmr013.B.dialogueact456" starttime="1305.38" endtime="1305.58" type="s^aa" adjacency="5b-1" original-type="s^aa" channel="c2" participant="fe008">
      <nite:child href="Bmr013.B.words.xml#id(Bmr013.w.5,472)..id(Bmr013.w.5,475)"/>
   </dialogueact>
   <dialogueact nite:id="Bmr013.B.dialogueact461" starttime="1307.65" endtime="1308.37" type="s.%-" original-type="s.%-" channel="c2" participant="fe008">
      <nite:child href="Bmr013.B.words.xml#id(Bmr013.w.5,495)..id(Bmr013.disfmarker.169)"/>
   </dialogueact>
   <dialogueact nite:id="Bmr013.B.dialogueact463" starttime="1309.64" endtime="1311.65" type="s" original-type="s" channel="c2" participant="fe008">
      <nite:child href="Bmr013.B.words.xml#id(Bmr013.w.5,506)..id(Bmr013.w.5,514)"/>
   </dialogueact>
   <dialogueact nite:id="Bmr013.B.dialogueact467" starttime="1315.14" endtime="1315.48" type="b" original-type="b" channel="c2" participant="fe008">
      <nite:child href="Bmr013.B.words.xml#id(Bmr013.w.5,546)..id(Bmr013.w.5,549)"/>
   </dialogueact>
   <dialogueact nite:id="Bmr013.B.dialogueact468" starttime="1317.31" endtime="1317.5" type="b" original-type="b" channel="c2" participant="fe008">
      <nite:child href="Bmr013.B.words.xml#id(Bmr013.w.5,574)..id(Bmr013.w.5,577)"/>
   </dialogueact>
   <dialogueact nite:id="Bmr013.B.dialogueact476" starttime="1335.14" endtime="1335.35" type="b" original-type="b" channel="c2" participant="fe008">
      <nite:child href="Bmr013.B.words.xml#id(Bmr013.w.5,674)..id(Bmr013.w.5,675)"/>
   </dialogueact>
   <dialogueact nite:id="Bmr013.B.dialogueact483" starttime="1365.54" endtime="1369.9" type="qy^bu^d^rt" adjacency="8a" original-type="qy^bu^d^rt" channel="c2" participant="fe008">
      <nite:child href="Bmr013.B.words.xml#id(Bmr013.w.5,799)..id(Bmr013.w.5,817)"/>
   </dialogueact>
   <dialogueact nite:id="Bmr013.B.dialogueact484" starttime="1370.21" endtime="1370.7" type="s.%--" original-type="s.%--" channel="c2" participant="fe008">
      <nite:child href="Bmr013.B.words.xml#id(Bmr013.w.5,818)..id(Bmr013.w.5,820)"/>
   </dialogueact>
   <dialogueact nite:id="Bmr013.B.dialogueact486" starttime="1370.82" endtime="1371.74" type="qrr" adjacency="8a+" original-type="qrr" channel="c2" participant="fe008">
      <nite:child href="Bmr013.B.words.xml#id(Bmr013.w.5,823)..id(Bmr013.disfmarker.177)"/>
   </dialogueact>
   <dialogueact nite:id="Bmr013.B.dialogueact489" starttime="1375.86" endtime="1376.03" type="fg" original-type="fg" channel="c2" participant="fe008">
      <nite:child href="Bmr013.B.words.xml#id(Bmr013.w.5,862)..id(Bmr013.disfmarker.179)"/>
   </dialogueact>
   <dialogueact nite:id="Bmr013.B.dialogueact490" starttime="1383.25" endtime="1383.5" type="s^aa" adjacency="9b-1" original-type="s^aa" channel="c2" participant="fe008">
      <nite:child href="Bmr013.B.words.xml#id(Bmr013.w.5,883)..id(Bmr013.w.5,886)"/>
   </dialogueact>
   <dialogueact nite:id="Bmr013.B.dialogueact493" starttime="1384.3" endtime="1384.79" type="s.%-" original-type="s.%-" channel="c2" participant="fe008">
      <nite:child href="Bmr013.B.words.xml#id(Bmr013.w.5,906)..id(Bmr013.disfmarker.181)"/>
   </dialogueact>
   <dialogueact nite:id="Bmr013.B.dialogueact499" starttime="1399.25" endtime="1399.39" type="b.%" original-type="b.%" channel="c2" participant="fe008">
      <nite:child href="Bmr013.B.words.xml#id(Bmr013.w.5,963)..id(Bmr013.w.5,964)"/>
   </dialogueact>
   <dialogueact nite:id="Bmr013.B.dialogueact501" starttime="1401.34" endtime="1401.46" type="s^bk.%" adjacency="10b-2" original-type="s^bk.%" channel="c2" participant="fe008">
      <nite:child href="Bmr013.B.words.xml#id(Bmr013.w.5,979)..id(Bmr013.w.5,980)"/>
   </dialogueact>
   <dialogueact nite:id="Bmr013.B.dialogueact518" starttime="1430.88" endtime="1430.97" type="b" original-type="b" channel="c2" participant="fe008">
      <nite:child href="Bmr013.B.words.xml#id(Bmr013.w.6,136)..id(Bmr013.w.6,137)"/>
   </dialogueact>
   <dialogueact nite:id="Bmr013.B.dialogueact520" starttime="1434.13" endtime="1439.47" type="s" original-type="s" channel="c2" participant="fe008">
      <nite:child href="Bmr013.B.words.xml#id(Bmr013.w.6,151)..id(Bmr013.w.6,171)"/>
   </dialogueact>
   <dialogueact nite:id="Bmr013.B.dialogueact522" starttime="1439.57" endtime="1442.53" type="s" original-type="s" channel="c2" participant="fe008">
      <nite:child href="Bmr013.B.words.xml#id(Bmr013.w.6,172)..id(Bmr013.w.6,185)"/>
   </dialogueact>
   <dialogueact nite:id="Bmr013.B.dialogueact524" starttime="1445.48" endtime="1449.22" type="s^na^rt" adjacency="14b" original-type="s^na^rt" channel="c2" participant="fe008">
      <nite:child href="Bmr013.B.words.xml#id(Bmr013.w.6,197)..id(Bmr013.w.6,215)"/>
   </dialogueact>
   <dialogueact nite:id="Bmr013.B.dialogueact525" starttime="1449.22" endtime="1460.63" type="s" adjacency="14b+" original-type="s" channel="c2" participant="fe008">
      <nite:child href="Bmr013.B.words.xml#id(Bmr013.w.6,216)..id(Bmr013.w.6,269)"/>
   </dialogueact>
   <dialogueact nite:id="Bmr013.B.dialogueact529" starttime="1462.22" endtime="1462.38" type="b.%" original-type="b.%" channel="c2" participant="fe008">
      <nite:child href="Bmr013.B.words.xml#id(Bmr013.w.6,277)..id(Bmr013.w.6,278)"/>
   </dialogueact>
   <dialogueact nite:id="Bmr013.B.dialogueact534" starttime="1466.44" endtime="1467.12" type="s^ba" adjacency="15b-2" original-type="sj^ba" channel="c2" participant="fe008">
      <nite:child href="Bmr013.B.words.xml#id(Bmr013.w.6,316)..id(Bmr013.w.6,321)"/>
   </dialogueact>
   <dialogueact nite:id="Bmr013.B.dialogueact536" starttime="1470.16" endtime="1470.9" type="s^ba" adjacency="16b" original-type="sj^ba" channel="c2" participant="fe008">
      <nite:child href="Bmr013.B.words.xml#id(Bmr013.w.6,323)..id(Bmr013.w.6,325)"/>
   </dialogueact>
   <dialogueact nite:id="Bmr013.B.dialogueact560" starttime="1515.54" endtime="1516.81" type="s.x" original-type="s.x" channel="c2" participant="fe008">
      <nite:child href="Bmr013.B.words.xml#id(Bmr013.w.6,525)..id(Bmr013.w.6,530)"/>
   </dialogueact>
   <dialogueact nite:id="Bmr013.B.dialogueact563" starttime="1519.69" endtime="1519.81" type="s^aa" adjacency="19b" original-type="s^aa" channel="c2" participant="fe008">
      <nite:child href="Bmr013.B.words.xml#id(Bmr013.w.6,540)..id(Bmr013.w.6,541)"/>
   </dialogueact>
   <dialogueact nite:id="Bmr013.B.dialogueact586" starttime="1595.62" endtime="1596.17" comment="FBH" type="s^fe" original-type="s^fe" channel="c2" participant="fe008">
      <nite:child href="Bmr013.B.words.xml#id(Bmr013.w.6,806)..id(Bmr013.w.6,807)"/>
   </dialogueact>
   <dialogueact nite:id="Bmr013.B.dialogueact588" starttime="1596.96" endtime="1597.48" type="s^ba" original-type="sj^ba" channel="c2" participant="fe008">
      <nite:child href="Bmr013.B.words.xml#id(Bmr013.w.6,822)..id(Bmr013.w.6,823)"/>
   </dialogueact>
   <dialogueact nite:id="Bmr013.B.dialogueact601" starttime="1648.05" endtime="1648.63" type="s.%-" adjacency="25b-3" original-type="s.%-" channel="c2" participant="fe008">
      <nite:child href="Bmr013.B.words.xml#id(Bmr013.w.7,022)..id(Bmr013.disfmarker.242)"/>
   </dialogueact>
   <dialogueact nite:id="Bmr013.B.dialogueact602" starttime="1649.53" endtime="1651.04" type="fg|s.%-" original-type="fg|s.%-" channel="c2" participant="fe008">
      <nite:child href="Bmr013.B.words.xml#id(Bmr013.w.7,026)..id(Bmr013.disfmarker.243)"/>
   </dialogueact>
   <dialogueact nite:id="Bmr013.B.dialogueact605" starttime="1651.33" endtime="1652.25" type="fg" original-type="fg" channel="c2" participant="fe008">
      <nite:child href="Bmr013.B.words.xml#id(Bmr013.w.7,035)..id(Bmr013.w.7,038)"/>
   </dialogueact>
   <dialogueact nite:id="Bmr013.B.dialogueact606" starttime="1652.58" endtime="1656.71" type="s" adjacency="27a" original-type="sj" channel="c2" participant="fe008">
      <nite:child href="Bmr013.B.words.xml#id(Bmr013.w.7,050)..id(Bmr013.w.7,072)"/>
   </dialogueact>
   <dialogueact nite:id="Bmr013.B.dialogueact608" starttime="1656.95" endtime="1661.81" type="s" adjacency="28a" original-type="s" channel="c2" participant="fe008">
      <nite:child href="Bmr013.B.words.xml#id(Bmr013.w.7,077)..id(Bmr013.w.7,092)"/>
   </dialogueact>
   <dialogueact nite:id="Bmr013.B.dialogueact612" starttime="1663.26" endtime="1663.84" type="s^cs.%-" original-type="s^cs.%-" channel="c2" participant="fe008">
      <nite:child href="Bmr013.B.words.xml#id(Bmr013.w.7,111)..id(Bmr013.disfmarker.245)"/>
   </dialogueact>
   <dialogueact nite:id="Bmr013.B.dialogueact615" starttime="1664.46" endtime="1664.73" type="s.%-" original-type="s.%-" channel="c2" participant="fe008">
      <nite:child href="Bmr013.B.words.xml#id(Bmr013.w.7,126)..id(Bmr013.disfmarker.246)"/>
   </dialogueact>
   <dialogueact nite:id="Bmr013.B.dialogueact616" starttime="1666.23" endtime="1667.38" type="s^ar|s^nd" adjacency="29b.30a" original-type="s^ar|s^nd" channel="c2" participant="fe008">
      <nite:child href="Bmr013.B.words.xml#id(Bmr013.w.7,127)..id(Bmr013.w.7,135)"/>
   </dialogueact>
   <dialogueact nite:id="Bmr013.B.dialogueact618" starttime="1667.66" endtime="1674.87" type="fh|s" original-type="fh|s" channel="c2" participant="fe008">
      <nite:child href="Bmr013.B.words.xml#id(Bmr013.w.7,138)..id(Bmr013.w.7,174)"/>
   </dialogueact>
   <dialogueact nite:id="Bmr013.B.dialogueact620" starttime="1674.87" endtime="1680.74" type="s" original-type="s" channel="c2" participant="fe008">
      <nite:child href="Bmr013.B.words.xml#id(Bmr013.w.7,175)..id(Bmr013.w.7,206)"/>
   </dialogueact>
   <dialogueact nite:id="Bmr013.B.dialogueact623" starttime="1680.74" endtime="1683.38" type="s" original-type="s" channel="c2" participant="fe008">
      <nite:child href="Bmr013.B.words.xml#id(Bmr013.w.7,207)..id(Bmr013.w.7,224)"/>
   </dialogueact>
   <dialogueact nite:id="Bmr013.B.dialogueact624" starttime="1683.38" endtime="1692.49" type="s" original-type="s" channel="c2" participant="fe008">
      <nite:child href="Bmr013.B.words.xml#id(Bmr013.w.7,225)..id(Bmr013.w.7,263)"/>
   </dialogueact>
   <dialogueact nite:id="Bmr013.B.dialogueact625" starttime="1692.89" endtime="1702.15" type="s" original-type="s" channel="c2" participant="fe008">
      <nite:child href="Bmr013.B.words.xml#id(Bmr013.w.7,264)..id(Bmr013.w.7,301)"/>
   </dialogueact>
   <dialogueact nite:id="Bmr013.B.dialogueact628" starttime="1702.15" endtime="1707.02" type="s" adjacency="31a" original-type="s" channel="c2" participant="fe008">
      <nite:child href="Bmr013.B.words.xml#id(Bmr013.w.7,302)..id(Bmr013.w.7,319)"/>
   </dialogueact>
   <dialogueact nite:id="Bmr013.B.dialogueact631" starttime="1707.59" endtime="1709.84" type="fh" original-type="fh" channel="c2" participant="fe008">
      <nite:child href="Bmr013.B.words.xml#id(Bmr013.w.7,326)..id(Bmr013.w.7,366)"/>
   </dialogueact>
   <dialogueact nite:id="Bmr013.B.dialogueact634" starttime="1712.15" endtime="1712.48" type="b" original-type="b" channel="c2" participant="fe008">
      <nite:child href="Bmr013.B.words.xml#id(Bmr013.w.7,367)..id(Bmr013.w.7,368)"/>
   </dialogueact>
   <dialogueact nite:id="Bmr013.B.dialogueact635" starttime="1712.74" endtime="1713.48" type="s^2" original-type="s^2" channel="c2" participant="fe008">
      <nite:child href="Bmr013.B.words.xml#id(Bmr013.w.7,369)..id(Bmr013.w.7,375)"/>
   </dialogueact>
   <dialogueact nite:id="Bmr013.B.dialogueact638" starttime="1722.42" endtime="1722.79" type="s^bk" adjacency="33b-2" original-type="s^bk" channel="c2" participant="fe008">
      <nite:child href="Bmr013.B.words.xml#id(Bmr013.w.7,408)..id(Bmr013.w.7,411)"/>
   </dialogueact>
   <dialogueact nite:id="Bmr013.B.dialogueact640" starttime="1723.54" endtime="1724.69" type="qw.%-" original-type="qw.%-" channel="c2" participant="fe008">
      <nite:child href="Bmr013.B.words.xml#id(Bmr013.w.7,414)..id(Bmr013.w.7,419)"/>
   </dialogueact>
   <dialogueact nite:id="Bmr013.B.dialogueact641" starttime="1725.21" endtime="1726.7" type="s" original-type="s" channel="c2" participant="fe008">
      <nite:child href="Bmr013.B.words.xml#id(Bmr013.w.7,420)..id(Bmr013.w.7,427)"/>
   </dialogueact>
   <dialogueact nite:id="Bmr013.B.dialogueact642" starttime="1726.79" endtime="1731.25" type="qw" adjacency="34a" original-type="qw" channel="c2" participant="fe008">
      <nite:child href="Bmr013.B.words.xml#id(Bmr013.w.7,428)..id(Bmr013.w.7,451)"/>
   </dialogueact>
   <dialogueact nite:id="Bmr013.B.dialogueact646" starttime="1741.06" endtime="1745.85" type="qr^bu^d^rt.%--" adjacency="35a" original-type="qr^bu^d^rt.%--" channel="c2" participant="fe008">
      <nite:child href="Bmr013.B.words.xml#id(Bmr013.w.7,483)..id(Bmr013.w.7,504)"/>
   </dialogueact>
   <dialogueact nite:id="Bmr013.B.dialogueact649" starttime="1746.04" endtime="1746.43" type="s^bk" adjacency="36b" original-type="s^bk" channel="c2" participant="fe008">
      <nite:child href="Bmr013.B.words.xml#id(Bmr013.w.7,520)..id(Bmr013.w.7,521)"/>
   </dialogueact>
   <dialogueact nite:id="Bmr013.B.dialogueact655" starttime="1758.01" endtime="1758.43" type="b" original-type="b" channel="c2" participant="fe008">
      <nite:child href="Bmr013.B.words.xml#id(Bmr013.w.7,566)..id(Bmr013.w.7,569)"/>
   </dialogueact>
   <dialogueact nite:id="Bmr013.B.dialogueact674" starttime="1797.91" endtime="1799.07" type="s^2" original-type="s^2" channel="c2" participant="fe008">
      <nite:child href="Bmr013.B.words.xml#id(Bmr013.w.7,733)..id(Bmr013.w.7,735)"/>
   </dialogueact>
   <dialogueact nite:id="Bmr013.B.dialogueact676" starttime="1799.19" endtime="1799.38" type="b" original-type="b" channel="c2" participant="fe008">
      <nite:child href="Bmr013.B.words.xml#id(Bmr013.w.7,736)..id(Bmr013.w.7,737)"/>
   </dialogueact>
   <dialogueact nite:id="Bmr013.B.dialogueact687" starttime="1830.34" endtime="1834.32" comment="interesting use of &quot;no&quot;" type="s^ng|qy^cs^d^rt" adjacency="1a" original-type="s^ng|qy^cs^d^rt" channel="c2" participant="fe008">
      <nite:child href="Bmr013.B.words.xml#id(Bmr013.w.7,870)..id(Bmr013.w.7,894)"/>
   </dialogueact>
   <dialogueact nite:id="Bmr013.B.dialogueact692" starttime="1834.8" endtime="1834.95" type="b.%" original-type="b.%" channel="c2" participant="fe008">
      <nite:child href="Bmr013.B.words.xml#id(Bmr013.w.7,921)..id(Bmr013.w.7,922)"/>
   </dialogueact>
   <dialogueact nite:id="Bmr013.B.dialogueact707" starttime="1852.48" endtime="1853.97" type="qw^rt.%--" adjacency="2a" original-type="qw^rt.%--" channel="c2" participant="fe008">
      <nite:child href="Bmr013.B.words.xml#id(Bmr013.w.8,010)..id(Bmr013.disfmarker.282)"/>
   </dialogueact>
   <dialogueact nite:id="Bmr013.B.dialogueact708" starttime="1854.01" endtime="1862.74" type="s" original-type="s" channel="c2" participant="fe008">
      <nite:child href="Bmr013.B.words.xml#id(Bmr013.w.8,017)..id(Bmr013.w.8,060)"/>
   </dialogueact>
   <dialogueact nite:id="Bmr013.B.dialogueact709" starttime="1863.3" endtime="1863.75" type="%--" original-type="%--" channel="c2" participant="fe008">
      <nite:child href="Bmr013.B.words.xml#id(Bmr013.w.8,061)..id(Bmr013.w.8,063)"/>
   </dialogueact>
   <dialogueact nite:id="Bmr013.B.dialogueact710" starttime="1866.25" endtime="1867.07" type="s" original-type="s" channel="c2" participant="fe008">
      <nite:child href="Bmr013.B.words.xml#id(Bmr013.w.8,064)..id(Bmr013.w.8,067)"/>
   </dialogueact>
   <dialogueact nite:id="Bmr013.B.dialogueact715" starttime="1888.81" endtime="1891.63" type="s^bs" adjacency="3b" original-type="s^bs" channel="c2" participant="fe008">
      <nite:child href="Bmr013.B.words.xml#id(Bmr013.w.8,150)..id(Bmr013.w.8,161)"/>
   </dialogueact>
   <dialogueact nite:id="Bmr013.B.dialogueact717" starttime="1892.4" endtime="1894.65" type="s" original-type="s" channel="c2" participant="fe008">
      <nite:child href="Bmr013.B.words.xml#id(Bmr013.w.8,164)..id(Bmr013.w.8,177)"/>
   </dialogueact>
   <dialogueact nite:id="Bmr013.B.dialogueact718" starttime="1894.65" endtime="1896.91" type="qy.%--" original-type="qy.%--" channel="c2" participant="fe008">
      <nite:child href="Bmr013.B.words.xml#id(Bmr013.w.8,178)..id(Bmr013.w.8,184)"/>
   </dialogueact>
   <dialogueact nite:id="Bmr013.B.dialogueact719" starttime="1897.45" endtime="1898.16" type="s^df.%--" original-type="s^df.%--" channel="c2" participant="fe008">
      <nite:child href="Bmr013.B.words.xml#id(Bmr013.w.8,185)..id(Bmr013.w.8,189)"/>
   </dialogueact>
   <dialogueact nite:id="Bmr013.B.dialogueact720" starttime="1898.21" endtime="1905.6" type="qy^rt" adjacency="4a" original-type="qy^rt" channel="c2" participant="fe008">
      <nite:child href="Bmr013.B.words.xml#id(Bmr013.w.8,190)..id(Bmr013.w.8,220)"/>
   </dialogueact>
   <dialogueact nite:id="Bmr013.B.dialogueact721" starttime="1905.6" endtime="1913.1" type="qy^rt" original-type="qy^rt" channel="c2" participant="fe008">
      <nite:child href="Bmr013.B.words.xml#id(Bmr013.w.8,221)..id(Bmr013.w.8,261)"/>
   </dialogueact>
   <dialogueact nite:id="Bmr013.B.dialogueact723" starttime="1914.11" endtime="1914.76" type="s^ba" adjacency="5b" original-type="sj^ba" channel="c2" participant="fe008">
      <nite:child href="Bmr013.B.words.xml#id(Bmr013.w.8,262)..id(Bmr013.w.8,265)"/>
   </dialogueact>
   <dialogueact nite:id="Bmr013.B.dialogueact725" starttime="1915.34" endtime="1915.64" type="b" original-type="b" channel="c2" participant="fe008">
      <nite:child href="Bmr013.B.words.xml#id(Bmr013.w.8,281)..id(Bmr013.w.8,282)"/>
   </dialogueact>
   <dialogueact nite:id="Bmr013.B.dialogueact726" starttime="1918.49" endtime="1918.69" type="b" original-type="b" channel="c2" participant="fe008">
      <nite:child href="Bmr013.B.words.xml#id(Bmr013.w.8,296)..id(Bmr013.w.8,299)"/>
   </dialogueact>
   <dialogueact nite:id="Bmr013.B.dialogueact728" starttime="1922.99" endtime="1923.36" type="s^bk" original-type="s^bk" channel="c2" participant="fe008">
      <nite:child href="Bmr013.B.words.xml#id(Bmr013.w.8,300)..id(Bmr013.w.8,301)"/>
   </dialogueact>
   <dialogueact nite:id="Bmr013.B.dialogueact730" starttime="1923.41" endtime="1923.98" type="s^bk^r" original-type="s^bk^r" channel="c2" participant="fe008">
      <nite:child href="Bmr013.B.words.xml#id(Bmr013.w.8,302)..id(Bmr013.w.8,305)"/>
   </dialogueact>
   <dialogueact nite:id="Bmr013.B.dialogueact739" starttime="1953.17" endtime="1953.46" type="s^ba" adjacency="6b" original-type="sj^ba" channel="c2" participant="fe008">
      <nite:child href="Bmr013.B.words.xml#id(Bmr013.w.8,415)..id(Bmr013.w.8,416)"/>
   </dialogueact>
   <dialogueact nite:id="Bmr013.B.dialogueact747" starttime="1973.36" endtime="1979.64" type="s" original-type="s" channel="c2" participant="fe008">
      <nite:child href="Bmr013.B.words.xml#id(Bmr013.w.8,505)..id(Bmr013.disfmarker.316)"/>
   </dialogueact>
   <dialogueact nite:id="Bmr013.B.dialogueact751" starttime="1987.03" endtime="1989.81" type="qr.%--" adjacency="10a" original-type="qr.%--" channel="c2" participant="fe008">
      <nite:child href="Bmr013.B.words.xml#id(Bmr013.w.8,575)..id(Bmr013.w.8,588)"/>
   </dialogueact>
   <dialogueact nite:id="Bmr013.B.dialogueact755" starttime="1990.6" endtime="1993.55" type="h|s^aa^rt" adjacency="9b" original-type="h|s^aa^rt" channel="c2" participant="fe008">
      <nite:child href="Bmr013.B.words.xml#id(Bmr013.w.8,597)..id(Bmr013.w.8,608)"/>
   </dialogueact>
   <dialogueact nite:id="Bmr013.B.dialogueact757" starttime="1993.64" endtime="1998.45" type="s^e" original-type="s^e" channel="c2" participant="fe008">
      <nite:child href="Bmr013.B.words.xml#id(Bmr013.w.8,609)..id(Bmr013.w.8,634)"/>
   </dialogueact>
   <dialogueact nite:id="Bmr013.B.dialogueact758" starttime="1998.45" endtime="2001.23" type="s^e" original-type="s^e" channel="c2" participant="fe008">
      <nite:child href="Bmr013.B.words.xml#id(Bmr013.w.8,635)..id(Bmr013.w.8,649)"/>
   </dialogueact>
   <dialogueact nite:id="Bmr013.B.dialogueact764" starttime="2004.59" endtime="2005.19" type="s^aa" adjacency="10b" original-type="s^aa" channel="c2" participant="fe008">
      <nite:child href="Bmr013.B.words.xml#id(Bmr013.w.8,686)..id(Bmr013.w.8,690)"/>
   </dialogueact>
   <dialogueact nite:id="Bmr013.B.dialogueact767" starttime="2007.41" endtime="2007.97" type="h|s^ar" adjacency="11b.12a" original-type="h|s^ar" channel="c2" participant="fe008">
      <nite:child href="Bmr013.B.words.xml#id(Bmr013.w.8,708)..id(Bmr013.w.8,711)"/>
   </dialogueact>
   <dialogueact nite:id="Bmr013.B.dialogueact769" starttime="2009.05" endtime="2009.63" type="s^bsc^rt.%--" original-type="s^bsc^rt.%--" channel="c2" participant="fe008">
      <nite:child href="Bmr013.B.words.xml#id(Bmr013.w.8,714)..id(Bmr013.w.8,716)"/>
   </dialogueact>
   <dialogueact nite:id="Bmr013.B.dialogueact770" starttime="2009.63" endtime="2011.13" type="s" original-type="s" channel="c2" participant="fe008">
      <nite:child href="Bmr013.B.words.xml#id(Bmr013.w.8,717)..id(Bmr013.w.8,727)"/>
   </dialogueact>
   <dialogueact nite:id="Bmr013.B.dialogueact771" starttime="2011.13" endtime="2013.43" type="s^cc" original-type="s^cc" channel="c2" participant="fe008">
      <nite:child href="Bmr013.B.words.xml#id(Bmr013.w.8,728)..id(Bmr013.w.8,743)"/>
   </dialogueact>
   <dialogueact nite:id="Bmr013.B.dialogueact779" starttime="2016.68" endtime="2016.91" type="b" original-type="b" channel="c2" participant="fe008">
      <nite:child href="Bmr013.B.words.xml#id(Bmr013.w.8,789)..id(Bmr013.w.8,790)"/>
   </dialogueact>
   <dialogueact nite:id="Bmr013.B.dialogueact782" starttime="2021.08" endtime="2021.82" type="s.%--" original-type="s.%--" channel="c2" participant="fe008">
      <nite:child href="Bmr013.B.words.xml#id(Bmr013.w.8,795)..id(Bmr013.w.8,800)"/>
   </dialogueact>
   <dialogueact nite:id="Bmr013.B.dialogueact783" starttime="2022.18" endtime="2023.43" comment="seems like she's writing" type="s^t1.%--" original-type="s^t1.%--" channel="c2" participant="fe008">
      <nite:child href="Bmr013.B.words.xml#id(Bmr013.w.8,801)..id(Bmr013.w.8,805)"/>
   </dialogueact>
   <dialogueact nite:id="Bmr013.B.dialogueact784" starttime="2023.91" endtime="2028.52" type="s" original-type="s" channel="c2" participant="fe008">
      <nite:child href="Bmr013.B.words.xml#id(Bmr013.w.8,806)..id(Bmr013.w.8,828)"/>
   </dialogueact>
   <dialogueact nite:id="Bmr013.B.dialogueact785" starttime="2028.52" endtime="2029.9" type="s^cc" original-type="s^cc" channel="c2" participant="fe008">
      <nite:child href="Bmr013.B.words.xml#id(Bmr013.w.8,829)..id(Bmr013.w.8,837)"/>
   </dialogueact>
   <dialogueact nite:id="Bmr013.B.dialogueact786" starttime="2029.9" endtime="2030.19" type="qy^d^g^rt" original-type="qy^d^g^rt" channel="c2" participant="fe008">
      <nite:child href="Bmr013.B.words.xml#id(Bmr013.w.8,838)..id(Bmr013.disfmarker.328)"/>
   </dialogueact>
   <dialogueact nite:id="Bmr013.B.dialogueact787" starttime="2030.19" endtime="2034.47" type="s" original-type="s" channel="c2" participant="fe008">
      <nite:child href="Bmr013.B.words.xml#id(Bmr013.w.8,839)..id(Bmr013.w.8,862)"/>
   </dialogueact>
   <dialogueact nite:id="Bmr013.B.dialogueact788" starttime="2034.47" endtime="2034.71" type="qy^d^g^rt" original-type="qy^d^g^rt" channel="c2" participant="fe008">
      <nite:child href="Bmr013.B.words.xml#id(Bmr013.w.8,863)..id(Bmr013.w.8,864)"/>
   </dialogueact>
   <dialogueact nite:id="Bmr013.B.dialogueact789" starttime="2034.83" endtime="2035.66" type="qy^rt" adjacency="14a" original-type="qy^rt" channel="c2" participant="fe008">
      <nite:child href="Bmr013.B.words.xml#id(Bmr013.w.8,865)..id(Bmr013.w.8,871)"/>
   </dialogueact>
   <dialogueact nite:id="Bmr013.B.dialogueact795" starttime="2037.69" endtime="2038.38" type="s^bsc" original-type="s^bsc" channel="c2" participant="fe008">
      <nite:child href="Bmr013.B.words.xml#id(Bmr013.w.8,889)..id(Bmr013.w.8,892)"/>
   </dialogueact>
   <dialogueact nite:id="Bmr013.B.dialogueact796" starttime="2038.38" endtime="2039.35" type="s" original-type="s" channel="c2" participant="fe008">
      <nite:child href="Bmr013.B.words.xml#id(Bmr013.w.8,893)..id(Bmr013.w.8,898)"/>
   </dialogueact>
   <dialogueact nite:id="Bmr013.B.dialogueact797" starttime="2039.35" endtime="2043.59" type="s^e" original-type="s^e" channel="c2" participant="fe008">
      <nite:child href="Bmr013.B.words.xml#id(Bmr013.w.8,899)..id(Bmr013.w.8,918)"/>
   </dialogueact>
   <dialogueact nite:id="Bmr013.B.dialogueact799" starttime="2044.53" endtime="2045.09" type="s^aa" adjacency="15b" original-type="s^aa" channel="c2" participant="fe008">
      <nite:child href="Bmr013.B.words.xml#id(Bmr013.w.8,934)..id(Bmr013.w.8,935)"/>
   </dialogueact>
   <dialogueact nite:id="Bmr013.B.dialogueact801" starttime="2045.27" endtime="2049.73" type="s.%--" original-type="s.%--" channel="c2" participant="fe008">
      <nite:child href="Bmr013.B.words.xml#id(Bmr013.w.8,936)..id(Bmr013.w.8,953)"/>
   </dialogueact>
   <dialogueact nite:id="Bmr013.B.dialogueact802" starttime="2049.73" endtime="2050.56" type="s^t1" original-type="s^t1" channel="c2" participant="fe008">
      <nite:child href="Bmr013.B.words.xml#id(Bmr013.w.8,954)..id(Bmr013.w.8,956)"/>
   </dialogueact>
   <dialogueact nite:id="Bmr013.B.dialogueact803" starttime="2051.29" endtime="2058.15" type="s" original-type="s" channel="c2" participant="fe008">
      <nite:child href="Bmr013.B.words.xml#id(Bmr013.w.8,957)..id(Bmr013.w.8,980)"/>
   </dialogueact>
   <dialogueact nite:id="Bmr013.B.dialogueact805" starttime="2058.15" endtime="2058.73" type="fh" original-type="fh" channel="c2" participant="fe008">
      <nite:child href="Bmr013.B.words.xml#id(Bmr013.w.8,981)..id(Bmr013.w.8,984)"/>
   </dialogueact>
   <dialogueact nite:id="Bmr013.B.dialogueact807" starttime="2059.16" endtime="2060.78" type="s.%--" original-type="s.%--" channel="c2" participant="fe008">
      <nite:child href="Bmr013.B.words.xml#id(Bmr013.w.8,993)..id(Bmr013.disfmarker.334)"/>
   </dialogueact>
   <dialogueact nite:id="Bmr013.B.dialogueact810" starttime="2062.23" endtime="2064.89" type="s" original-type="s" channel="c2" participant="fe008">
      <nite:child href="Bmr013.B.words.xml#id(Bmr013.w.9,005)..id(Bmr013.w.9,034)"/>
   </dialogueact>
   <dialogueact nite:id="Bmr013.B.dialogueact812" starttime="2069.42" endtime="2073.91" type="h|s^ng" adjacency="16b.17a" original-type="h|s^ng" channel="c2" participant="fe008">
      <nite:child href="Bmr013.B.words.xml#id(Bmr013.w.9,035)..id(Bmr013.w.9,055)"/>
   </dialogueact>
   <dialogueact nite:id="Bmr013.B.dialogueact814" starttime="2073.91" endtime="2075.24" type="%--" original-type="%--" channel="c2" participant="fe008">
      <nite:child href="Bmr013.B.words.xml#id(Bmr013.w.9,056)..id(Bmr013.w.9,063)"/>
   </dialogueact>
   <dialogueact nite:id="Bmr013.B.dialogueact815" starttime="2075.24" endtime="2077.1" type="s" original-type="s" channel="c2" participant="fe008">
      <nite:child href="Bmr013.B.words.xml#id(Bmr013.w.9,064)..id(Bmr013.w.9,073)"/>
   </dialogueact>
   <dialogueact nite:id="Bmr013.B.dialogueact816" starttime="2077.1" endtime="2078.55" type="s^e" original-type="s^e" channel="c2" participant="fe008">
      <nite:child href="Bmr013.B.words.xml#id(Bmr013.w.9,074)..id(Bmr013.w.9,087)"/>
   </dialogueact>
   <dialogueact nite:id="Bmr013.B.dialogueact818" starttime="2078.55" endtime="2080.53" type="s^e" original-type="s^e" channel="c2" participant="fe008">
      <nite:child href="Bmr013.B.words.xml#id(Bmr013.w.9,088)..id(Bmr013.w.9,098)"/>
   </dialogueact>
   <dialogueact nite:id="Bmr013.B.dialogueact819" starttime="2080.53" endtime="2081.01" type="s" original-type="s" channel="c2" participant="fe008">
      <nite:child href="Bmr013.B.words.xml#id(Bmr013.w.9,099)..id(Bmr013.w.9,101)"/>
   </dialogueact>
   <dialogueact nite:id="Bmr013.B.dialogueact820" starttime="2082.18" endtime="2083.82" type="fh" original-type="fh" channel="c2" participant="fe008">
      <nite:child href="Bmr013.B.words.xml#id(Bmr013.w.9,104)..id(Bmr013.disfmarker.336)"/>
   </dialogueact>
   <dialogueact nite:id="Bmr013.B.dialogueact823" starttime="2086.72" endtime="2086.88" type="s^aa" adjacency="18b-1" original-type="s^aa" channel="c2" participant="fe008">
      <nite:child href="Bmr013.B.words.xml#id(Bmr013.w.9,126)..id(Bmr013.w.9,129)"/>
   </dialogueact>
   <dialogueact nite:id="Bmr013.B.dialogueact824" starttime="2087.1" endtime="2087.82" type="s" adjacency="19a" original-type="s" channel="c2" participant="fe008">
      <nite:child href="Bmr013.B.words.xml#id(Bmr013.w.9,130)..id(Bmr013.w.9,135)"/>
   </dialogueact>
   <dialogueact nite:id="Bmr013.B.dialogueact829" starttime="2100.42" endtime="2103.24" type="s" original-type="s" channel="c2" participant="fe008">
      <nite:child href="Bmr013.B.words.xml#id(Bmr013.w.9,175)..id(Bmr013.w.9,191)"/>
   </dialogueact>
   <dialogueact nite:id="Bmr013.B.dialogueact833" starttime="2104.15" endtime="2105.64" type="s.%--" original-type="s.%--" channel="c2" participant="fe008">
      <nite:child href="Bmr013.B.words.xml#id(Bmr013.w.9,198)..id(Bmr013.disfmarker.340)"/>
   </dialogueact>
   <dialogueact nite:id="Bmr013.B.dialogueact834" starttime="2105.7" endtime="2108.4" type="s.%--" original-type="s.%--" channel="c2" participant="fe008">
      <nite:child href="Bmr013.B.words.xml#id(Bmr013.w.9,205)..id(Bmr013.w.9,216)"/>
   </dialogueact>
   <dialogueact nite:id="Bmr013.B.dialogueact835" starttime="2109.2" endtime="2112.58" comment="originally the guess for this was an &lt;sj&gt; bc of the subjectivity but it has a tone of &quot;expertise&quot; to it." type="fh|s" original-type="fh|s" channel="c2" participant="fe008">
      <nite:child href="Bmr013.B.words.xml#id(Bmr013.w.9,217)..id(Bmr013.w.9,237)"/>
   </dialogueact>
   <dialogueact nite:id="Bmr013.B.dialogueact837" starttime="2116.34" endtime="2116.83" type="s^aa" adjacency="20b" original-type="s^aa" channel="c2" participant="fe008">
      <nite:child href="Bmr013.B.words.xml#id(Bmr013.w.9,249)..id(Bmr013.w.9,253)"/>
   </dialogueact>
   <dialogueact nite:id="Bmr013.B.dialogueact839" starttime="2117.34" endtime="2124.52" type="s^t^tc" adjacency="21a" original-type="s^t^tc" channel="c2" participant="fe008">
      <nite:child href="Bmr013.B.words.xml#id(Bmr013.w.9,256)..id(Bmr013.w.9,290)"/>
   </dialogueact>
   <dialogueact nite:id="Bmr013.B.dialogueact843" starttime="2125.31" endtime="2126.02" type="s^m" adjacency="22b" original-type="s^m" channel="c2" participant="fe008">
      <nite:child href="Bmr013.B.words.xml#id(Bmr013.w.9,295)..id(Bmr013.w.9,298)"/>
   </dialogueact>
   <dialogueact nite:id="Bmr013.B.dialogueact844" starttime="2126.02" endtime="2138.54" type="s" original-type="s" channel="c2" participant="fe008">
      <nite:child href="Bmr013.B.words.xml#id(Bmr013.w.9,299)..id(Bmr013.w.9,343)"/>
   </dialogueact>
   <dialogueact nite:id="Bmr013.B.dialogueact845" starttime="2139.22" endtime="2144.57" type="fh|s" original-type="fh|s" channel="c2" participant="fe008">
      <nite:child href="Bmr013.B.words.xml#id(Bmr013.w.9,344)..id(Bmr013.w.9,364)"/>
   </dialogueact>
   <dialogueact nite:id="Bmr013.B.dialogueact846" starttime="2144.57" endtime="2149.86" type="s" original-type="s" channel="c2" participant="fe008">
      <nite:child href="Bmr013.B.words.xml#id(Bmr013.w.9,365)..id(Bmr013.w.9,392)"/>
   </dialogueact>
   <dialogueact nite:id="Bmr013.B.dialogueact847" starttime="2149.86" endtime="2153.5" type="s" original-type="s" channel="c2" participant="fe008">
      <nite:child href="Bmr013.B.words.xml#id(Bmr013.w.9,393)..id(Bmr013.w.9,408)"/>
   </dialogueact>
   <dialogueact nite:id="Bmr013.B.dialogueact848" starttime="2153.82" endtime="2158.98" type="s" original-type="s" channel="c2" participant="fe008">
      <nite:child href="Bmr013.B.words.xml#id(Bmr013.w.9,409)..id(Bmr013.w.9,431)"/>
   </dialogueact>
   <dialogueact nite:id="Bmr013.B.dialogueact849" starttime="2159.55" endtime="2161.29" type="s" original-type="s" channel="c2" participant="fe008">
      <nite:child href="Bmr013.B.words.xml#id(Bmr013.w.9,432)..id(Bmr013.w.9,440)"/>
   </dialogueact>
   <dialogueact nite:id="Bmr013.B.dialogueact850" starttime="2161.97" endtime="2168.62" comment="the &quot;okay&quot; at the end is like a self-backchannel!" type="s" original-type="s" channel="c2" participant="fe008">
      <nite:child href="Bmr013.B.words.xml#id(Bmr013.w.9,441)..id(Bmr013.w.9,466)"/>
   </dialogueact>
   <dialogueact nite:id="Bmr013.B.dialogueact851" starttime="2169.08" endtime="2182.1" type="s" original-type="s" channel="c2" participant="fe008">
      <nite:child href="Bmr013.B.words.xml#id(Bmr013.w.9,467)..id(Bmr013.w.9,510)"/>
   </dialogueact>
   <dialogueact nite:id="Bmr013.B.dialogueact852" starttime="2182.66" endtime="2187.14" type="s" original-type="s" channel="c2" participant="fe008">
      <nite:child href="Bmr013.B.words.xml#id(Bmr013.w.9,511)..id(Bmr013.w.9,526)"/>
   </dialogueact>
   <dialogueact nite:id="Bmr013.B.dialogueact853" starttime="2187.42" endtime="2194.52" type="s" original-type="s" channel="c2" participant="fe008">
      <nite:child href="Bmr013.B.words.xml#id(Bmr013.w.9,527)..id(Bmr013.w.9,555)"/>
   </dialogueact>
   <dialogueact nite:id="Bmr013.B.dialogueact854" starttime="2194.52" endtime="2205.4" type="s^cc" original-type="s^cc" channel="c2" participant="fe008">
      <nite:child href="Bmr013.B.words.xml#id(Bmr013.w.9,556)..id(Bmr013.w.9,610)"/>
   </dialogueact>
   <dialogueact nite:id="Bmr013.B.dialogueact855" starttime="2205.44" endtime="2210.5" type="s" original-type="s" channel="c2" participant="fe008">
      <nite:child href="Bmr013.B.words.xml#id(Bmr013.w.9,611)..id(Bmr013.w.9,638)"/>
   </dialogueact>
   <dialogueact nite:id="Bmr013.B.dialogueact857" starttime="2210.82" endtime="2215.89" type="s" original-type="s" channel="c2" participant="fe008">
      <nite:child href="Bmr013.B.words.xml#id(Bmr013.w.9,639)..id(Bmr013.w.9,662)"/>
   </dialogueact>
   <dialogueact nite:id="Bmr013.B.dialogueact858" starttime="2216.04" endtime="2218.24" comment="FBH" type="s" original-type="s" channel="c2" participant="fe008">
      <nite:child href="Bmr013.B.words.xml#id(Bmr013.w.9,663)..id(Bmr013.w.9,673)"/>
   </dialogueact>
   <dialogueact nite:id="Bmr013.B.dialogueact859" starttime="2218.66" endtime="2222.6" comment="FBH" type="s" original-type="s" channel="c2" participant="fe008">
      <nite:child href="Bmr013.B.words.xml#id(Bmr013.w.9,674)..id(Bmr013.w.9,700)"/>
   </dialogueact>
   <dialogueact nite:id="Bmr013.B.dialogueact860" starttime="2223.28" endtime="2227.78" type="s.%--" original-type="s.%--" channel="c2" participant="fe008">
      <nite:child href="Bmr013.B.words.xml#id(Bmr013.w.9,701)..id(Bmr013.disfmarker.348)"/>
   </dialogueact>
   <dialogueact nite:id="Bmr013.B.dialogueact862" starttime="2228.05" endtime="2229.87" comment="&quot;adaptational&quot; said loudly to keep floor" type="s" original-type="s" channel="c2" participant="fe008">
      <nite:child href="Bmr013.B.words.xml#id(Bmr013.w.9,721)..id(Bmr013.w.9,727)"/>
   </dialogueact>
   <dialogueact nite:id="Bmr013.B.dialogueact865" starttime="2229.87" endtime="2230.24" type="s.%-" original-type="s.%-" channel="c2" participant="fe008">
      <nite:child href="Bmr013.B.words.xml#id(Bmr013.w.9,728)..id(Bmr013.w.9,732)"/>
   </dialogueact>
   <dialogueact nite:id="Bmr013.B.dialogueact866" starttime="2230.73" endtime="2236.58" type="fh|s" original-type="fh|s" channel="c2" participant="fe008">
      <nite:child href="Bmr013.B.words.xml#id(Bmr013.w.9,738)..id(Bmr013.w.9,757)"/>
   </dialogueact>
   <dialogueact nite:id="Bmr013.B.dialogueact867" starttime="2236.62" endtime="2243.69" type="s:s" original-type="s:s" channel="c2" participant="fe008">
      <nite:child href="Bmr013.B.words.xml#id(Bmr013.w.9,758)..id(Bmr013.w.9,781)"/>
   </dialogueact>
   <dialogueact nite:id="Bmr013.B.dialogueact869" starttime="2243.69" endtime="2245.23" comment="FBH" type="s^bsc" original-type="s^bsc" channel="c2" participant="fe008">
      <nite:child href="Bmr013.B.words.xml#id(Bmr013.w.9,782)..id(Bmr013.w.9,790)"/>
   </dialogueact>
   <dialogueact nite:id="Bmr013.B.dialogueact870" starttime="2245.23" endtime="2245.45" type="s.%--" original-type="s.%--" channel="c2" participant="fe008">
      <nite:child href="Bmr013.B.words.xml#id(Bmr013.w.9,791)..id(Bmr013.w.9,793)"/>
   </dialogueact>
   <dialogueact nite:id="Bmr013.B.dialogueact871" starttime="2245.63" endtime="2251.4" type="s" original-type="s" channel="c2" participant="fe008">
      <nite:child href="Bmr013.B.words.xml#id(Bmr013.w.9,798)..id(Bmr013.w.9,815)"/>
   </dialogueact>
   <dialogueact nite:id="Bmr013.B.dialogueact872" starttime="2251.39" endtime="2253.42" type="s" original-type="s" channel="c2" participant="fe008">
      <nite:child href="Bmr013.B.words.xml#id(Bmr013.w.9,816)..id(Bmr013.w.9,827)"/>
   </dialogueact>
   <dialogueact nite:id="Bmr013.B.dialogueact873" starttime="2253.41" endtime="2255.72" type="s^cc" original-type="s^cc" channel="c2" participant="fe008">
      <nite:child href="Bmr013.B.words.xml#id(Bmr013.w.9,828)..id(Bmr013.w.9,839)"/>
   </dialogueact>
   <dialogueact nite:id="Bmr013.B.dialogueact874" starttime="2255.72" endtime="2256.18" type="s^ba" original-type="s^ba" channel="c2" participant="fe008">
      <nite:child href="Bmr013.B.words.xml#id(Bmr013.w.9,840)..id(Bmr013.w.9,844)"/>
   </dialogueact>
   <dialogueact nite:id="Bmr013.B.dialogueact875" starttime="2256.18" endtime="2259.18" type="s" original-type="s" channel="c2" participant="fe008">
      <nite:child href="Bmr013.B.words.xml#id(Bmr013.w.9,845)..id(Bmr013.w.9,856)"/>
   </dialogueact>
   <dialogueact nite:id="Bmr013.B.dialogueact876" starttime="2259.18" endtime="2261.4" type="s" original-type="s" channel="c2" participant="fe008">
      <nite:child href="Bmr013.B.words.xml#id(Bmr013.w.9,857)..id(Bmr013.w.9,870)"/>
   </dialogueact>
   <dialogueact nite:id="Bmr013.B.dialogueact877" starttime="2262.26" endtime="2270.64" type="fh|s" original-type="fh|s" channel="c2" participant="fe008">
      <nite:child href="Bmr013.B.words.xml#id(Bmr013.w.9,871)..id(Bmr013.w.9,904)"/>
   </dialogueact>
   <dialogueact nite:id="Bmr013.B.dialogueact878" starttime="2270.96" endtime="2274.42" type="s" original-type="s" channel="c2" participant="fe008">
      <nite:child href="Bmr013.B.words.xml#id(Bmr013.w.9,905)..id(Bmr013.w.9,917)"/>
   </dialogueact>
   <dialogueact nite:id="Bmr013.B.dialogueact879" starttime="2274.42" endtime="2279.93" type="s" original-type="s" channel="c2" participant="fe008">
      <nite:child href="Bmr013.B.words.xml#id(Bmr013.w.9,918)..id(Bmr013.w.9,947)"/>
   </dialogueact>
   <dialogueact nite:id="Bmr013.B.dialogueact880" starttime="2280.28" endtime="2288.99" type="s" original-type="s" channel="c2" participant="fe008">
      <nite:child href="Bmr013.B.words.xml#id(Bmr013.w.9,948)..id(Bmr013.w.9,986)"/>
   </dialogueact>
   <dialogueact nite:id="Bmr013.B.dialogueact899" starttime="2354.13" endtime="2354.3" type="fg" original-type="fg" channel="c2" participant="fe008">
      <nite:child href="Bmr013.B.words.xml#id(Bmr013.w.10,270)..id(Bmr013.w.10,271)"/>
   </dialogueact>
   <dialogueact nite:id="Bmr013.B.dialogueact901" starttime="2354.3" endtime="2356.39" type="s" original-type="s" channel="c2" participant="fe008">
      <nite:child href="Bmr013.B.words.xml#id(Bmr013.w.10,272)..id(Bmr013.w.10,287)"/>
   </dialogueact>
   <dialogueact nite:id="Bmr013.B.dialogueact907" starttime="2370.55" endtime="2370.7" type="b" original-type="b" channel="c2" participant="fe008">
      <nite:child href="Bmr013.B.words.xml#id(Bmr013.w.10,364)..id(Bmr013.w.10,365)"/>
   </dialogueact>
   <dialogueact nite:id="Bmr013.B.dialogueact914" starttime="2401.51" endtime="2401.73" type="%-" original-type="%-" channel="c2" participant="fe008">
      <nite:child href="Bmr013.B.words.xml#id(Bmr013.w.10,489)..id(Bmr013.disfmarker.363)"/>
   </dialogueact>
   <dialogueact nite:id="Bmr013.B.dialogueact917" starttime="2412.08" endtime="2412.2" type="b" original-type="b" channel="c2" participant="fe008">
      <nite:child href="Bmr013.B.words.xml#id(Bmr013.w.10,522)..id(Bmr013.w.10,525)"/>
   </dialogueact>
   <dialogueact nite:id="Bmr013.B.dialogueact918" starttime="2412.31" endtime="2415.13" type="s^ba" adjacency="1b" original-type="s^ba" channel="c2" participant="fe008">
      <nite:child href="Bmr013.B.words.xml#id(Bmr013.w.10,526)..id(Bmr013.w.10,542)"/>
   </dialogueact>
   <dialogueact nite:id="Bmr013.B.dialogueact919" starttime="2415.13" endtime="2418.75" type="s" adjacency="2a" original-type="s" channel="c2" participant="fe008">
      <nite:child href="Bmr013.B.words.xml#id(Bmr013.w.10,543)..id(Bmr013.w.10,559)"/>
   </dialogueact>
   <dialogueact nite:id="Bmr013.B.dialogueact920" starttime="2418.75" endtime="2422.73" type="s^df" adjacency="2a+" original-type="s^df" channel="c2" participant="fe008">
      <nite:child href="Bmr013.B.words.xml#id(Bmr013.w.10,560)..id(Bmr013.w.10,574)"/>
   </dialogueact>
   <dialogueact nite:id="Bmr013.B.dialogueact930" starttime="2434.43" endtime="2434.96" type="fg|%-" original-type="fg|%-" channel="c2" participant="fe008">
      <nite:child href="Bmr013.B.words.xml#id(Bmr013.w.10,619)..id(Bmr013.w.10,620)"/>
   </dialogueact>
   <dialogueact nite:id="Bmr013.B.dialogueact931" starttime="2436.65" endtime="2437.17" type="s" adjacency="5b.6a" original-type="s" channel="c2" participant="fe008">
      <nite:child href="Bmr013.B.words.xml#id(Bmr013.w.10,633)..id(Bmr013.w.10,635)"/>
   </dialogueact>
   <dialogueact nite:id="Bmr013.B.dialogueact932" starttime="2437.17" endtime="2440.26" type="qr" adjacency="5b+.6a+" original-type="qr" channel="c2" participant="fe008">
      <nite:child href="Bmr013.B.words.xml#id(Bmr013.w.10,636)..id(Bmr013.w.10,650)"/>
   </dialogueact>
   <dialogueact nite:id="Bmr013.B.dialogueact939" starttime="2457.22" endtime="2457.48" type="b" original-type="b" channel="c2" participant="fe008">
      <nite:child href="Bmr013.B.words.xml#id(Bmr013.w.10,747)..id(Bmr013.w.10,748)"/>
   </dialogueact>
   <dialogueact nite:id="Bmr013.B.dialogueact946" starttime="2466.18" endtime="2466.88" type="s^ba" original-type="s^ba" channel="c2" participant="fe008">
      <nite:child href="Bmr013.B.words.xml#id(Bmr013.w.10,820)..id(Bmr013.w.10,824)"/>
   </dialogueact>
   <dialogueact nite:id="Bmr013.B.dialogueact949" starttime="2474.96" endtime="2476.16" type="qy^bu^d" adjacency="7b-2.8a" original-type="qy^bu^d" channel="c2" participant="fe008">
      <nite:child href="Bmr013.B.words.xml#id(Bmr013.w.10,840)..id(Bmr013.w.10,847)"/>
   </dialogueact>
   <dialogueact nite:id="Bmr013.B.dialogueact951" starttime="2476.16" endtime="2477.2" type="s^aa|s^na" adjacency="9b" original-type="s^aa|s^na" channel="c2" participant="fe008">
      <nite:child href="Bmr013.B.words.xml#id(Bmr013.w.10,848)..id(Bmr013.w.10,857)"/>
   </dialogueact>
   <dialogueact nite:id="Bmr013.B.dialogueact954" starttime="2477.63" endtime="2477.82" type="b" original-type="b" channel="c2" participant="fe008">
      <nite:child href="Bmr013.B.words.xml#id(Bmr013.w.10,880)..id(Bmr013.w.10,881)"/>
   </dialogueact>
   <dialogueact nite:id="Bmr013.B.dialogueact965" starttime="2500.24" endtime="2501.55" type="fg|s" adjacency="11b.12a" original-type="fg|s" channel="c2" participant="fe008">
      <nite:child href="Bmr013.B.words.xml#id(Bmr013.w.10,963)..id(Bmr013.w.10,970)"/>
   </dialogueact>
   <dialogueact nite:id="Bmr013.B.dialogueact967" starttime="2501.92" endtime="2503.3" type="s^rt" adjacency="13b.14a" original-type="s^rt" channel="c2" participant="fe008">
      <nite:child href="Bmr013.B.words.xml#id(Bmr013.w.10,973)..id(Bmr013.w.10,978)"/>
   </dialogueact>
   <dialogueact nite:id="Bmr013.B.dialogueact968" starttime="2503.3" endtime="2504.05" type="qw.%-" adjacency="13b+.14a+" original-type="qw.%-" channel="c2" participant="fe008">
      <nite:child href="Bmr013.B.words.xml#id(Bmr013.w.10,979)..id(Bmr013.w.10,985)"/>
   </dialogueact>
   <dialogueact nite:id="Bmr013.B.dialogueact970" starttime="2506.01" endtime="2506.56" type="s^bk|s^ba" adjacency="15b" original-type="s^bk|s^ba" channel="c2" participant="fe008">
      <nite:child href="Bmr013.B.words.xml#id(Bmr013.w.10,997)..id(Bmr013.w.11,002)"/>
   </dialogueact>
   <dialogueact nite:id="Bmr013.B.dialogueact971" starttime="2506.87" endtime="2506.99" type="s^bk" original-type="s^bk" channel="c2" participant="fe008">
      <nite:child href="Bmr013.B.words.xml#id(Bmr013.w.11,001)..id(Bmr013.w.11,002)"/>
   </dialogueact>
   <dialogueact nite:id="Bmr013.B.dialogueact1012" starttime="2578.22" endtime="2580.57" type="qy^bu^d^rt" adjacency="24a" original-type="qy^bu^d^rt" channel="c2" participant="fe008">
      <nite:child href="Bmr013.B.words.xml#id(Bmr013.w.11,335)..id(Bmr013.w.11,343)"/>
   </dialogueact>
   <dialogueact nite:id="Bmr013.B.dialogueact1016" starttime="2580.94" endtime="2581.62" type="s^ba" adjacency="25b" original-type="s^ba" channel="c2" participant="fe008">
      <nite:child href="Bmr013.B.words.xml#id(Bmr013.w.11,353)..id(Bmr013.w.11,357)"/>
   </dialogueact>
   <dialogueact nite:id="Bmr013.B.dialogueact1020" starttime="2587.86" endtime="2588.17" type="s^bk" adjacency="26b-1" original-type="s^bk" channel="c2" participant="fe008">
      <nite:child href="Bmr013.B.words.xml#id(Bmr013.w.11,385)..id(Bmr013.w.11,386)"/>
   </dialogueact>
   <dialogueact nite:id="Bmr013.B.dialogueact1046" starttime="2619.061" endtime="2619.616" type="z" original-type="z" channel="c2" participant="fe008">
   </dialogueact>
</nite:root>