<?xml version="1.0" encoding="ISO-8859-1" standalone="yes"?>
<nite:root nite:id="Bmr012.B.dialogue-acts" xmlns:nite="http://nite.sourceforge.net/">
   <dialogueact nite:id="Bmr012.B.dialogueact2" starttime="8.963" endtime="9.963" type="z" original-type="z" channel="c1" participant="me013">
      <nite:child href="Bmr012.B.words.xml#id(Bmr012.w.5)..id(Bmr012.w.11)"/>
   </dialogueact>
   <dialogueact nite:id="Bmr012.B.dialogueact4" starttime="14.005" endtime="14.135" type="z" original-type="z" channel="c1" participant="me013">
      <nite:child href="Bmr012.B.words.xml#id(Bmr012.w.23)..id(Bmr012.w.24)"/>
   </dialogueact>
   <dialogueact nite:id="Bmr012.B.dialogueact7" starttime="14.855" endtime="15.355" comment="testing mike" type="z" original-type="z" channel="c1" participant="me013">
      <nite:child href="Bmr012.B.words.xml#id(Bmr012.w.25)"/>
   </dialogueact>
   <dialogueact nite:id="Bmr012.B.dialogueact10" starttime="16.815" endtime="17.885" type="z" original-type="z" channel="c1" participant="me013">
      <nite:child href="Bmr012.B.words.xml#id(Bmr012.w.26)..id(Bmr012.w.30)"/>
   </dialogueact>
   <dialogueact nite:id="Bmr012.B.dialogueact11" starttime="18.105" endtime="19.385" type="z" original-type="z" channel="c1" participant="me013">
      <nite:child href="Bmr012.B.words.xml#id(Bmr012.w.31)..id(Bmr012.w.34)"/>
   </dialogueact>
   <dialogueact nite:id="Bmr012.B.dialogueact12" starttime="20.175" endtime="20.395" type="z" original-type="z" channel="c1" participant="me013">
      <nite:child href="Bmr012.B.words.xml#id(Bmr012.w.35)..id(Bmr012.w.36)"/>
   </dialogueact>
   <dialogueact nite:id="Bmr012.B.dialogueact13" starttime="21.005" endtime="21.125" type="z" original-type="z" channel="c1" participant="me013">
      <nite:child href="Bmr012.B.words.xml#id(Bmr012.w.37)..id(Bmr012.w.38)"/>
   </dialogueact>
   <dialogueact nite:id="Bmr012.B.dialogueact17" starttime="27.499" endtime="28.229" type="z" original-type="z" channel="c1" participant="me013">
      <nite:child href="Bmr012.B.words.xml#id(Bmr012.w.122)..id(Bmr012.w.123)"/>
   </dialogueact>
   <dialogueact nite:id="Bmr012.B.dialogueact19" starttime="33.518" endtime="38.492" type="z" original-type="z" channel="c1" participant="me013">
      <nite:child href="Bmr012.B.words.xml#id(Bmr012.w.128)..id(Bmr012.w.141)"/>
   </dialogueact>
   <dialogueact nite:id="Bmr012.B.dialogueact22" starttime="38.492" endtime="39.322" type="z" original-type="z" channel="c1" participant="me013">
      <nite:child href="Bmr012.B.words.xml#id(Bmr012.w.142)..id(Bmr012.w.146)"/>
   </dialogueact>
   <dialogueact nite:id="Bmr012.B.dialogueact23" starttime="39.322" endtime="39.822" type="z" original-type="z" channel="c1" participant="me013">
      <nite:child href="Bmr012.B.words.xml#id(Bmr012.w.147)..id(Bmr012.w.150)"/>
   </dialogueact>
   <dialogueact nite:id="Bmr012.B.dialogueact53" starttime="70.203" endtime="70.573" type="z" original-type="z" channel="c1" participant="me013">
      <nite:child href="Bmr012.B.words.xml#id(Bmr012.w.394)..id(Bmr012.w.395)"/>
   </dialogueact>
   <dialogueact nite:id="Bmr012.B.dialogueact71" starttime="83.805" endtime="84.605" type="z" original-type="z" channel="c1" participant="me013">
      <nite:child href="Bmr012.B.words.xml#id(Bmr012.w.483)..id(Bmr012.w.487)"/>
   </dialogueact>
   <dialogueact nite:id="Bmr012.B.dialogueact73" starttime="84.605" endtime="84.645" type="z" original-type="z" channel="c1" participant="me013">
      <nite:child href="Bmr012.B.words.xml#id(Bmr012.w.488)"/>
   </dialogueact>
   <dialogueact nite:id="Bmr012.B.dialogueact88" starttime="92.863" endtime="93.443" type="s" adjacency="20a" original-type="s" channel="c1" participant="me013">
      <nite:child href="Bmr012.B.words.xml#id(Bmr012.w.549)..id(Bmr012.w.552)"/>
   </dialogueact>
   <dialogueact nite:id="Bmr012.B.dialogueact93" starttime="93.443" endtime="93.743" type="qy^d^g^rt" adjacency="20a+" original-type="qy^d^g^rt" channel="c1" participant="me013">
      <nite:child href="Bmr012.B.words.xml#id(Bmr012.w.553)..id(Bmr012.w.554)"/>
   </dialogueact>
   <dialogueact nite:id="Bmr012.B.dialogueact94" starttime="93.833" endtime="94.073" type="b" original-type="b" channel="c1" participant="me013">
      <nite:child href="Bmr012.B.words.xml#id(Bmr012.w.555)..id(Bmr012.w.556)"/>
   </dialogueact>
   <dialogueact nite:id="Bmr012.B.dialogueact151" starttime="209.21" endtime="210.21" type="fg" original-type="fg" channel="c1" participant="me013">
      <nite:child href="Bmr012.B.words.xml#id(Bmr012.w.1058)..id(Bmr012.w.1059)"/>
   </dialogueact>
   <dialogueact nite:id="Bmr012.B.dialogueact153" starttime="212.707" endtime="213.977" type="h|s^ba" adjacency="31b" original-type="h|sj^ba" channel="c1" participant="me013">
      <nite:child href="Bmr012.B.words.xml#id(Bmr012.w.1068)..id(Bmr012.w.1075)"/>
   </dialogueact>
   <dialogueact nite:id="Bmr012.B.dialogueact154" starttime="214.427" endtime="215.607" type="s^cc" original-type="s^cc" channel="c1" participant="me013">
      <nite:child href="Bmr012.B.words.xml#id(Bmr012.w.1076)..id(Bmr012.w.1081)"/>
   </dialogueact>
   <dialogueact nite:id="Bmr012.B.dialogueact165" starttime="236.937" endtime="237.117" type="s^aa" adjacency="33b" original-type="s^aa" channel="c1" participant="me013">
      <nite:child href="Bmr012.B.words.xml#id(Bmr012.w.1140)..id(Bmr012.w.1141)"/>
   </dialogueact>
   <dialogueact nite:id="Bmr012.B.dialogueact166" starttime="237.277" endtime="237.757" type="s^ba" adjacency="33b+" original-type="sj^ba" channel="c1" participant="me013">
      <nite:child href="Bmr012.B.words.xml#id(Bmr012.w.1142)..id(Bmr012.w.1144)"/>
   </dialogueact>
   <dialogueact nite:id="Bmr012.B.dialogueact240" starttime="351.507" endtime="353.157" type="s^fa" original-type="s^fa" channel="c1" participant="me013">
      <nite:child href="Bmr012.B.words.xml#id(Bmr012.w.1644)..id(Bmr012.w.1656)"/>
   </dialogueact>
   <dialogueact nite:id="Bmr012.B.dialogueact245" starttime="353.157" endtime="354.257" type="qw" original-type="qw" channel="c1" participant="me013">
      <nite:child href="Bmr012.B.words.xml#id(Bmr012.w.1657)..id(Bmr012.w.1661)"/>
   </dialogueact>
   <dialogueact nite:id="Bmr012.B.dialogueact260" starttime="373.61" endtime="374.16" type="b" original-type="b" channel="c1" participant="me013">
      <nite:child href="Bmr012.B.words.xml#id(Bmr012.w.1776)..id(Bmr012.w.1777)"/>
   </dialogueact>
   <dialogueact nite:id="Bmr012.B.dialogueact263" starttime="381.608" endtime="381.898" type="fg" original-type="fg" channel="c1" participant="me013">
      <nite:child href="Bmr012.B.words.xml#id(Bmr012.w.1818)..id(Bmr012.disfmarker.77)"/>
   </dialogueact>
   <dialogueact nite:id="Bmr012.B.dialogueact271" starttime="385.071" endtime="385.421" type="fg" original-type="fg" channel="c1" participant="me013">
      <nite:child href="Bmr012.B.words.xml#id(Bmr012.w.1846)..id(Bmr012.disfmarker.80)"/>
   </dialogueact>
   <dialogueact nite:id="Bmr012.B.dialogueact274" starttime="388.276" endtime="391.156" type="fg|s^j" original-type="fg|s^j" channel="c1" participant="me013">
      <nite:child href="Bmr012.B.words.xml#id(Bmr012.w.1847)..id(Bmr012.w.1855)"/>
   </dialogueact>
   <dialogueact nite:id="Bmr012.B.dialogueact279" starttime="391.156" endtime="391.916" type="qy^d^rt" original-type="qy^d^rt" channel="c1" participant="me013">
      <nite:child href="Bmr012.B.words.xml#id(Bmr012.w.1856)..id(Bmr012.w.1860)"/>
   </dialogueact>
   <dialogueact nite:id="Bmr012.B.dialogueact348" starttime="460.439" endtime="460.499" type="b" original-type="b" channel="c1" participant="me013">
      <nite:child href="Bmr012.B.words.xml#id(Bmr012.w.2269)..id(Bmr012.w.2270)"/>
   </dialogueact>
   <dialogueact nite:id="Bmr012.B.dialogueact349" starttime="461.033" endtime="461.283" type="b" original-type="b" channel="c1" participant="me013">
      <nite:child href="Bmr012.B.words.xml#id(Bmr012.w.2297)..id(Bmr012.w.2298)"/>
   </dialogueact>
   <dialogueact nite:id="Bmr012.B.dialogueact393" starttime="522.214" endtime="523.374" type="s" adjacency="67a.66b-2" original-type="s" channel="c1" participant="me013">
      <nite:child href="Bmr012.B.words.xml#id(Bmr012.w.2621)..id(Bmr012.w.2630)"/>
   </dialogueact>
   <dialogueact nite:id="Bmr012.B.dialogueact396" starttime="523.374" endtime="523.604" type="%-" original-type="%-" channel="c1" participant="me013">
      <nite:child href="Bmr012.B.words.xml#id(Bmr012.w.2631)..id(Bmr012.w.2632)"/>
   </dialogueact>
   <dialogueact nite:id="Bmr012.B.dialogueact404" starttime="556.052" endtime="556.192" type="b" original-type="b" channel="c1" participant="me013">
      <nite:child href="Bmr012.B.words.xml#id(Bmr012.w.2757)..id(Bmr012.w.2758)"/>
   </dialogueact>
   <dialogueact nite:id="Bmr012.B.dialogueact405" starttime="557.172" endtime="560.172" type="s" original-type="s" channel="c1" participant="me013">
      <nite:child href="Bmr012.B.words.xml#id(Bmr012.w.2759)..id(Bmr012.w.2778)"/>
   </dialogueact>
   <dialogueact nite:id="Bmr012.B.dialogueact407" starttime="560.402" endtime="563.242" type="s" adjacency="69a" original-type="s" channel="c1" participant="me013">
      <nite:child href="Bmr012.B.words.xml#id(Bmr012.w.2780)..id(Bmr012.w.2791)"/>
   </dialogueact>
   <dialogueact nite:id="Bmr012.B.dialogueact411" starttime="564.434" endtime="564.744" type="fh" original-type="fh" channel="c1" participant="me013">
      <nite:child href="Bmr012.B.words.xml#id(Bmr012.w.2815)..id(Bmr012.w.2816)"/>
   </dialogueact>
   <dialogueact nite:id="Bmr012.B.dialogueact416" starttime="567.393" endtime="567.853" type="b" original-type="b" channel="c1" participant="me013">
      <nite:child href="Bmr012.B.words.xml#id(Bmr012.w.2822)..id(Bmr012.w.2823)"/>
   </dialogueact>
   <dialogueact nite:id="Bmr012.B.dialogueact419" starttime="569.582" endtime="569.782" type="b" original-type="b" channel="c1" participant="me013">
      <nite:child href="Bmr012.B.words.xml#id(Bmr012.w.2840)..id(Bmr012.w.2841)"/>
   </dialogueact>
   <dialogueact nite:id="Bmr012.B.dialogueact433" starttime="598.114" endtime="599.504" type="fg|s.%--" original-type="fg|s.%--" channel="c1" participant="me013">
      <nite:child href="Bmr012.B.words.xml#id(Bmr012.w.2958)..id(Bmr012.w.2965)"/>
   </dialogueact>
   <dialogueact nite:id="Bmr012.B.dialogueact434" starttime="599.504" endtime="603.304" type="s^bs" original-type="s^bs" channel="c1" participant="me013">
      <nite:child href="Bmr012.B.words.xml#id(Bmr012.w.2966)..id(Bmr012.w.2978)"/>
   </dialogueact>
   <dialogueact nite:id="Bmr012.B.dialogueact435" starttime="603.304" endtime="606.114" type="qr^bu^d^rt.%-" adjacency="1a" original-type="qr^bu^d^rt.%-" channel="c1" participant="me013">
      <nite:child href="Bmr012.B.words.xml#id(Bmr012.w.2979)..id(Bmr012.w.2987)"/>
   </dialogueact>
   <dialogueact nite:id="Bmr012.B.dialogueact439" starttime="606.724" endtime="609.494" type="qy^bu^d" adjacency="3a" original-type="qy^bu^d" channel="c1" participant="me013">
      <nite:child href="Bmr012.B.words.xml#id(Bmr012.w.2996)..id(Bmr012.w.3007)"/>
   </dialogueact>
   <dialogueact nite:id="Bmr012.B.dialogueact444" starttime="609.694" endtime="609.944" type="b" original-type="b" channel="c1" participant="me013">
      <nite:child href="Bmr012.B.words.xml#id(Bmr012.w.3008)..id(Bmr012.w.3009)"/>
   </dialogueact>
   <dialogueact nite:id="Bmr012.B.dialogueact445" starttime="613.917" endtime="615.017" type="b" original-type="b" channel="c1" participant="me013">
      <nite:child href="Bmr012.B.words.xml#id(Bmr012.w.3044)..id(Bmr012.w.3045)"/>
   </dialogueact>
   <dialogueact nite:id="Bmr012.B.dialogueact457" starttime="625.621" endtime="626.131" type="s^aa" adjacency="5b-1" original-type="s^aa" channel="c1" participant="me013">
      <nite:child href="Bmr012.B.words.xml#id(Bmr012.w.3134)..id(Bmr012.w.3135)"/>
   </dialogueact>
   <dialogueact nite:id="Bmr012.B.dialogueact466" starttime="636.592" endtime="636.752" type="fg" original-type="fg" channel="c1" participant="me013">
      <nite:child href="Bmr012.B.words.xml#id(Bmr012.w.3170)..id(Bmr012.w.3171)"/>
   </dialogueact>
   <dialogueact nite:id="Bmr012.B.dialogueact468" starttime="636.752" endtime="642.336" type="s" adjacency="8a" original-type="s" channel="c1" participant="me013">
      <nite:child href="Bmr012.B.words.xml#id(Bmr012.w.3172)..id(Bmr012.w.3213)"/>
   </dialogueact>
   <dialogueact nite:id="Bmr012.B.dialogueact479" starttime="652.565" endtime="653.345" type="b" original-type="b" channel="c1" participant="me013">
      <nite:child href="Bmr012.B.words.xml#id(Bmr012.w.3250)..id(Bmr012.w.3253)"/>
   </dialogueact>
   <dialogueact nite:id="Bmr012.B.dialogueact487" starttime="658.973" endtime="659.363" type="s^ba" original-type="sj^ba" channel="c1" participant="me013">
      <nite:child href="Bmr012.B.words.xml#id(Bmr012.w.3281)..id(Bmr012.w.3283)"/>
   </dialogueact>
   <dialogueact nite:id="Bmr012.B.dialogueact489" starttime="663.791" endtime="664.371" type="b" original-type="b" channel="c1" participant="me013">
      <nite:child href="Bmr012.B.words.xml#id(Bmr012.w.3302)..id(Bmr012.w.3305)"/>
   </dialogueact>
   <dialogueact nite:id="Bmr012.B.dialogueact508" starttime="694.516" endtime="694.836" type="fg" original-type="fg" channel="c1" participant="me013">
      <nite:child href="Bmr012.B.words.xml#id(Bmr012.w.3445)..id(Bmr012.w.3446)"/>
   </dialogueact>
   <dialogueact nite:id="Bmr012.B.dialogueact512" starttime="699.413" endtime="699.693" type="fg" original-type="fg" channel="c1" participant="me013">
      <nite:child href="Bmr012.B.words.xml#id(Bmr012.w.3466)"/>
   </dialogueact>
   <dialogueact nite:id="Bmr012.B.dialogueact513" starttime="699.693" endtime="701.613" type="s^na" adjacency="12b" original-type="s^na" channel="c1" participant="me013">
      <nite:child href="Bmr012.B.words.xml#id(Bmr012.w.3467)..id(Bmr012.w.3474)"/>
   </dialogueact>
   <dialogueact nite:id="Bmr012.B.dialogueact516" starttime="701.613" endtime="706.663" type="s^df" original-type="s^df" channel="c1" participant="me013">
      <nite:child href="Bmr012.B.words.xml#id(Bmr012.w.3475)..id(Bmr012.w.3496)"/>
   </dialogueact>
   <dialogueact nite:id="Bmr012.B.dialogueact520" starttime="707.869" endtime="708.119" type="b" original-type="b" channel="c1" participant="me013">
      <nite:child href="Bmr012.B.words.xml#id(Bmr012.w.3533)..id(Bmr012.w.3534)"/>
   </dialogueact>
   <dialogueact nite:id="Bmr012.B.dialogueact524" starttime="711.061" endtime="711.411" type="s" adjacency="14b-2.15a-2" original-type="s" channel="c1" participant="me013">
      <nite:child href="Bmr012.B.words.xml#id(Bmr012.w.3540)..id(Bmr012.w.3541)"/>
   </dialogueact>
   <dialogueact nite:id="Bmr012.B.dialogueact527" starttime="711.841" endtime="712.081" type="b" original-type="b" channel="c1" participant="me013">
      <nite:child href="Bmr012.B.words.xml#id(Bmr012.w.3546)..id(Bmr012.w.3547)"/>
   </dialogueact>
   <dialogueact nite:id="Bmr012.B.dialogueact528" starttime="712.201" endtime="712.801" type="s" original-type="sj" channel="c1" participant="me013">
      <nite:child href="Bmr012.B.words.xml#id(Bmr012.w.3548)..id(Bmr012.w.3551)"/>
   </dialogueact>
   <dialogueact nite:id="Bmr012.B.dialogueact530" starttime="713.691" endtime="714.091" type="b" original-type="b" channel="c1" participant="me013">
      <nite:child href="Bmr012.B.words.xml#id(Bmr012.w.3555)..id(Bmr012.w.3556)"/>
   </dialogueact>
   <dialogueact nite:id="Bmr012.B.dialogueact549" starttime="755.832" endtime="757.322" type="s^cs" adjacency="18b-1" original-type="s^cs" channel="c1" participant="me013">
      <nite:child href="Bmr012.B.words.xml#id(Bmr012.w.3709)..id(Bmr012.w.3715)"/>
   </dialogueact>
   <dialogueact nite:id="Bmr012.B.dialogueact551" starttime="757.322" endtime="757.512" type="fh" original-type="fh" channel="c1" participant="me013">
      <nite:child href="Bmr012.B.words.xml#id(Bmr012.w.3716)"/>
   </dialogueact>
   <dialogueact nite:id="Bmr012.B.dialogueact586" starttime="846.98" endtime="847.77" type="b" original-type="b" channel="c1" participant="me013">
      <nite:child href="Bmr012.B.words.xml#id(Bmr012.w.4071)..id(Bmr012.w.4072)"/>
   </dialogueact>
   <dialogueact nite:id="Bmr012.B.dialogueact595" starttime="862.247" endtime="863.137" type="%-" original-type="%-" channel="c1" participant="me013">
      <nite:child href="Bmr012.B.words.xml#id(Bmr012.w.4160)..id(Bmr012.w.4161)"/>
   </dialogueact>
   <dialogueact nite:id="Bmr012.B.dialogueact599" starttime="866.5" endtime="866.93" type="b" original-type="b" channel="c1" participant="me013">
      <nite:child href="Bmr012.B.words.xml#id(Bmr012.w.4183)"/>
   </dialogueact>
   <dialogueact nite:id="Bmr012.B.dialogueact603" starttime="871.779" endtime="872.209" type="b" original-type="b" channel="c1" participant="me013">
      <nite:child href="Bmr012.B.words.xml#id(Bmr012.w.4208)..id(Bmr012.w.4209)"/>
   </dialogueact>
   <dialogueact nite:id="Bmr012.B.dialogueact604" starttime="872.209" endtime="875.229" type="%-" original-type="%-" channel="c1" participant="me013">
      <nite:child href="Bmr012.B.words.xml#id(Bmr012.w.4210)..id(Bmr012.w.4218)"/>
   </dialogueact>
   <dialogueact nite:id="Bmr012.B.dialogueact609" starttime="876.37" endtime="878.76" type="s" original-type="s" channel="c1" participant="me013">
      <nite:child href="Bmr012.B.words.xml#id(Bmr012.w.4243)..id(Bmr012.w.4252)"/>
   </dialogueact>
   <dialogueact nite:id="Bmr012.B.dialogueact610" starttime="878.76" endtime="879.85" type="s.%--" original-type="s.%--" channel="c1" participant="me013">
      <nite:child href="Bmr012.B.words.xml#id(Bmr012.w.4253)..id(Bmr012.w.4260)"/>
   </dialogueact>
   <dialogueact nite:id="Bmr012.B.dialogueact612" starttime="880.06" endtime="882.15" type="s" original-type="s" channel="c1" participant="me013">
      <nite:child href="Bmr012.B.words.xml#id(Bmr012.w.4261)..id(Bmr012.w.4270)"/>
   </dialogueact>
   <dialogueact nite:id="Bmr012.B.dialogueact615" starttime="882.62" endtime="886.91" type="s" original-type="s" channel="c1" participant="me013">
      <nite:child href="Bmr012.B.words.xml#id(Bmr012.w.4281)..id(Bmr012.w.4294)"/>
   </dialogueact>
   <dialogueact nite:id="Bmr012.B.dialogueact616" starttime="886.91" endtime="887.24" type="fh" original-type="fh" channel="c1" participant="me013">
      <nite:child href="Bmr012.B.words.xml#id(Bmr012.w.4295)"/>
   </dialogueact>
   <dialogueact nite:id="Bmr012.B.dialogueact617" starttime="887.7" endtime="888.78" type="s" original-type="s" channel="c1" participant="me013">
      <nite:child href="Bmr012.B.words.xml#id(Bmr012.w.4296)..id(Bmr012.w.4302)"/>
   </dialogueact>
   <dialogueact nite:id="Bmr012.B.dialogueact618" starttime="888.78" endtime="889.35" type="s" original-type="s" channel="c1" participant="me013">
      <nite:child href="Bmr012.B.words.xml#id(Bmr012.w.4303)..id(Bmr012.w.4307)"/>
   </dialogueact>
   <dialogueact nite:id="Bmr012.B.dialogueact619" starttime="889.35" endtime="892.25" type="s" original-type="s" channel="c1" participant="me013">
      <nite:child href="Bmr012.B.words.xml#id(Bmr012.w.4308)..id(Bmr012.w.4325)"/>
   </dialogueact>
   <dialogueact nite:id="Bmr012.B.dialogueact620" starttime="892.65" endtime="893.55" type="fh" original-type="fh" channel="c1" participant="me013">
      <nite:child href="Bmr012.B.words.xml#id(Bmr012.w.4326)..id(Bmr012.w.4327)"/>
   </dialogueact>
   <dialogueact nite:id="Bmr012.B.dialogueact621" starttime="893.72" endtime="896.14" type="fh|s" original-type="fh|s" channel="c1" participant="me013">
      <nite:child href="Bmr012.B.words.xml#id(Bmr012.w.4328)..id(Bmr012.w.4340)"/>
   </dialogueact>
   <dialogueact nite:id="Bmr012.B.dialogueact622" starttime="896.14" endtime="898.43" type="s^cs" original-type="s^cs" channel="c1" participant="me013">
      <nite:child href="Bmr012.B.words.xml#id(Bmr012.w.4341)..id(Bmr012.w.4352)"/>
   </dialogueact>
   <dialogueact nite:id="Bmr012.B.dialogueact623" starttime="898.43" endtime="902.44" type="s^cs.%--" original-type="s^cs.%--" channel="c1" participant="me013">
      <nite:child href="Bmr012.B.words.xml#id(Bmr012.w.4353)..id(Bmr012.w.4374)"/>
   </dialogueact>
   <dialogueact nite:id="Bmr012.B.dialogueact625" starttime="903.08" endtime="904.62" type="s^cs.%--" original-type="s^cs.%--" channel="c1" participant="me013">
      <nite:child href="Bmr012.B.words.xml#id(Bmr012.w.4377)..id(Bmr012.w.4385)"/>
   </dialogueact>
   <dialogueact nite:id="Bmr012.B.dialogueact626" starttime="904.62" endtime="905.75" type="qy" original-type="qy" channel="c1" participant="me013">
      <nite:child href="Bmr012.B.words.xml#id(Bmr012.w.4386)..id(Bmr012.w.4391)"/>
   </dialogueact>
   <dialogueact nite:id="Bmr012.B.dialogueact627" starttime="905.75" endtime="906.24" type="s" original-type="s" channel="c1" participant="me013">
      <nite:child href="Bmr012.B.words.xml#id(Bmr012.w.4392)..id(Bmr012.w.4396)"/>
   </dialogueact>
   <dialogueact nite:id="Bmr012.B.dialogueact628" starttime="906.24" endtime="911.1" type="s" adjacency="31a" original-type="s" channel="c1" participant="me013">
      <nite:child href="Bmr012.B.words.xml#id(Bmr012.w.4397)..id(Bmr012.w.4415)"/>
   </dialogueact>
   <dialogueact nite:id="Bmr012.B.dialogueact629" starttime="911.1" endtime="914.07" type="s" original-type="s" channel="c1" participant="me013">
      <nite:child href="Bmr012.B.words.xml#id(Bmr012.w.4416)..id(Bmr012.w.4429)"/>
   </dialogueact>
   <dialogueact nite:id="Bmr012.B.dialogueact630" starttime="914.07" endtime="916.98" type="s" original-type="s" channel="c1" participant="me013">
      <nite:child href="Bmr012.B.words.xml#id(Bmr012.w.4430)..id(Bmr012.w.4442)"/>
   </dialogueact>
   <dialogueact nite:id="Bmr012.B.dialogueact633" starttime="918.187" endtime="918.897" type="fh" original-type="fh" channel="c1" participant="me013">
      <nite:child href="Bmr012.B.words.xml#id(Bmr012.w.4497)"/>
   </dialogueact>
   <dialogueact nite:id="Bmr012.B.dialogueact650" starttime="961.308" endtime="961.738" type="b" original-type="b" channel="c1" participant="me013">
      <nite:child href="Bmr012.B.words.xml#id(Bmr012.w.4621)..id(Bmr012.w.4622)"/>
   </dialogueact>
   <dialogueact nite:id="Bmr012.B.dialogueact663" starttime="998.35" endtime="998.98" type="fg" original-type="fg" channel="c1" participant="me013">
      <nite:child href="Bmr012.B.words.xml#id(Bmr012.w.4696)..id(Bmr012.disfmarker.183)"/>
   </dialogueact>
   <dialogueact nite:id="Bmr012.B.dialogueact664" starttime="998.98" endtime="1001.02" type="s^aap" adjacency="33b.34a" original-type="s^aap" channel="c1" participant="me013">
      <nite:child href="Bmr012.B.words.xml#id(Bmr012.w.4698)..id(Bmr012.w.4707)"/>
   </dialogueact>
   <dialogueact nite:id="Bmr012.B.dialogueact665" starttime="1001.02" endtime="1001.26" type="b" original-type="b" channel="c1" participant="me013">
      <nite:child href="Bmr012.B.words.xml#id(Bmr012.w.4708)..id(Bmr012.w.4709)"/>
   </dialogueact>
   <dialogueact nite:id="Bmr012.B.dialogueact666" starttime="1001.83" endtime="1002.51" type="s^aa" adjacency="33b+" original-type="s^aa" channel="c1" participant="me013">
      <nite:child href="Bmr012.B.words.xml#id(Bmr012.w.4710)..id(Bmr012.w.4712)"/>
   </dialogueact>
   <dialogueact nite:id="Bmr012.B.dialogueact697" starttime="1051.35" endtime="1054.4" type="fg|s^co" adjacency="43a" original-type="fg|s^co" channel="c1" participant="me013">
      <nite:child href="Bmr012.B.words.xml#id(Bmr012.w.4919)..id(Bmr012.w.4935)"/>
   </dialogueact>
   <dialogueact nite:id="Bmr012.B.dialogueact699" starttime="1054.55" endtime="1055.29" type="s" original-type="s" channel="c1" participant="me013">
      <nite:child href="Bmr012.B.words.xml#id(Bmr012.w.4936)..id(Bmr012.w.4940)"/>
   </dialogueact>
   <dialogueact nite:id="Bmr012.B.dialogueact715" starttime="1090.96" endtime="1091.27" type="fg|%--" original-type="fg|%--" channel="c1" participant="me013">
      <nite:child href="Bmr012.B.words.xml#id(Bmr012.w.5119)..id(Bmr012.w.5121)"/>
   </dialogueact>
   <dialogueact nite:id="Bmr012.B.dialogueact716" starttime="1091.27" endtime="1093.89" type="s.%--" original-type="s.%--" channel="c1" participant="me013">
      <nite:child href="Bmr012.B.words.xml#id(Bmr012.w.5122)..id(Bmr012.disfmarker.201)"/>
   </dialogueact>
   <dialogueact nite:id="Bmr012.B.dialogueact717" starttime="1093.89" endtime="1095.12" type="s" original-type="s" channel="c1" participant="me013">
      <nite:child href="Bmr012.B.words.xml#id(Bmr012.w.5135)..id(Bmr012.w.5140)"/>
   </dialogueact>
   <dialogueact nite:id="Bmr012.B.dialogueact718" starttime="1095.28" endtime="1099.07" type="s" original-type="s" channel="c1" participant="me013">
      <nite:child href="Bmr012.B.words.xml#id(Bmr012.w.5141)..id(Bmr012.w.5152)"/>
   </dialogueact>
   <dialogueact nite:id="Bmr012.B.dialogueact720" starttime="1099.07" endtime="1099.74" type="s.%-" original-type="s.%-" channel="c1" participant="me013">
      <nite:child href="Bmr012.B.words.xml#id(Bmr012.w.5153)..id(Bmr012.w.5158)"/>
   </dialogueact>
   <dialogueact nite:id="Bmr012.B.dialogueact727" starttime="1107.33" endtime="1109.91" type="s" original-type="s" channel="c1" participant="me013">
      <nite:child href="Bmr012.B.words.xml#id(Bmr012.w.5204)..id(Bmr012.w.5220)"/>
   </dialogueact>
   <dialogueact nite:id="Bmr012.B.dialogueact806" starttime="1232.55" endtime="1234.33" type="qy^bu^d" adjacency="7a" original-type="qy^bu^d" channel="c1" participant="me013">
      <nite:child href="Bmr012.B.words.xml#id(Bmr012.w.5787)..id(Bmr012.w.5793)"/>
   </dialogueact>
   <dialogueact nite:id="Bmr012.B.dialogueact808" starttime="1234.33" endtime="1236.6" type="qy^bu^d.%-" adjacency="8a" original-type="qy^bu^d.%-" channel="c1" participant="me013">
      <nite:child href="Bmr012.B.words.xml#id(Bmr012.w.5794)..id(Bmr012.w.5803)"/>
   </dialogueact>
   <dialogueact nite:id="Bmr012.B.dialogueact817" starttime="1251.23" endtime="1251.49" type="s^bk" adjacency="10b" original-type="s^bk" channel="c1" participant="me013">
      <nite:child href="Bmr012.B.words.xml#id(Bmr012.w.5875)..id(Bmr012.w.5876)"/>
   </dialogueact>
   <dialogueact nite:id="Bmr012.B.dialogueact826" starttime="1271.56" endtime="1277.45" type="qr" adjacency="13a" original-type="qr" channel="c1" participant="me013">
      <nite:child href="Bmr012.B.words.xml#id(Bmr012.w.5963)..id(Bmr012.w.5976)"/>
   </dialogueact>
   <dialogueact nite:id="Bmr012.B.dialogueact829" starttime="1278.94" endtime="1279.88" type="s" adjacency="14b" original-type="s" channel="c1" participant="me013">
      <nite:child href="Bmr012.B.words.xml#id(Bmr012.w.5980)..id(Bmr012.w.5984)"/>
   </dialogueact>
   <dialogueact nite:id="Bmr012.B.dialogueact832" starttime="1283.8" endtime="1284.92" type="s^cs" adjacency="14b+.15a" original-type="sj^cs" channel="c1" participant="me013">
      <nite:child href="Bmr012.B.words.xml#id(Bmr012.w.6000)..id(Bmr012.w.6007)"/>
   </dialogueact>
   <dialogueact nite:id="Bmr012.B.dialogueact835" starttime="1285.02" endtime="1285.12" type="b" original-type="b" channel="c1" participant="me013">
      <nite:child href="Bmr012.B.words.xml#id(Bmr012.w.6008)..id(Bmr012.w.6009)"/>
   </dialogueact>
   <dialogueact nite:id="Bmr012.B.dialogueact838" starttime="1286.52" endtime="1286.79" type="s^bk" adjacency="16b" original-type="s^bk" channel="c1" participant="me013">
      <nite:child href="Bmr012.B.words.xml#id(Bmr012.w.6025)..id(Bmr012.w.6026)"/>
   </dialogueact>
   <dialogueact nite:id="Bmr012.B.dialogueact840" starttime="1288.14" endtime="1288.8" type="fg|%--" original-type="fg|%--" channel="c1" participant="me013">
      <nite:child href="Bmr012.B.words.xml#id(Bmr012.w.6032)..id(Bmr012.w.6037)"/>
   </dialogueact>
   <dialogueact nite:id="Bmr012.B.dialogueact841" starttime="1288.8" endtime="1295.4" comment="FBH" type="s" original-type="s" channel="c1" participant="me013">
      <nite:child href="Bmr012.B.words.xml#id(Bmr012.w.6038)..id(Bmr012.w.6066)"/>
   </dialogueact>
   <dialogueact nite:id="Bmr012.B.dialogueact843" starttime="1295.66" endtime="1302.02" type="s" original-type="s" channel="c1" participant="me013">
      <nite:child href="Bmr012.B.words.xml#id(Bmr012.w.6067)..id(Bmr012.w.6082)"/>
   </dialogueact>
   <dialogueact nite:id="Bmr012.B.dialogueact844" starttime="1302.02" endtime="1302.15" type="fh" original-type="fh" channel="c1" participant="me013">
      <nite:child href="Bmr012.B.words.xml#id(Bmr012.w.6083)"/>
   </dialogueact>
   <dialogueact nite:id="Bmr012.B.dialogueact882" starttime="1355.84" endtime="1360.13" type="s" adjacency="23a" original-type="s" channel="c1" participant="me013">
      <nite:child href="Bmr012.B.words.xml#id(Bmr012.w.6346)..id(Bmr012.w.6374)"/>
   </dialogueact>
   <dialogueact nite:id="Bmr012.B.dialogueact888" starttime="1360.13" endtime="1360.36" type="fh" original-type="fh" channel="c1" participant="me013">
      <nite:child href="Bmr012.B.words.xml#id(Bmr012.w.6375)"/>
   </dialogueact>
   <dialogueact nite:id="Bmr012.B.dialogueact893" starttime="1363.23" endtime="1363.45" type="b" original-type="b" channel="c1" participant="me013">
      <nite:child href="Bmr012.B.words.xml#id(Bmr012.w.6420)..id(Bmr012.w.6421)"/>
   </dialogueact>
   <dialogueact nite:id="Bmr012.B.dialogueact895" starttime="1365.98" endtime="1368.3" type="s" adjacency="25a" original-type="s" channel="c1" participant="me013">
      <nite:child href="Bmr012.B.words.xml#id(Bmr012.w.6422)..id(Bmr012.w.6430)"/>
   </dialogueact>
   <dialogueact nite:id="Bmr012.B.dialogueact897" starttime="1368.3" endtime="1370.27" type="s.%--" original-type="s.%--" channel="c1" participant="me013">
      <nite:child href="Bmr012.B.words.xml#id(Bmr012.w.6431)..id(Bmr012.w.6438)"/>
   </dialogueact>
   <dialogueact nite:id="Bmr012.B.dialogueact902" starttime="1371.4" endtime="1371.97" type="b.%" original-type="b.%" channel="c1" participant="me013">
      <nite:child href="Bmr012.B.words.xml#id(Bmr012.w.6456)..id(Bmr012.w.6457)"/>
   </dialogueact>
   <dialogueact nite:id="Bmr012.B.dialogueact906" starttime="1376.08" endtime="1377.38" type="s" adjacency="26b-2.27a" original-type="s" channel="c1" participant="me013">
      <nite:child href="Bmr012.B.words.xml#id(Bmr012.w.6484)..id(Bmr012.w.6487)"/>
   </dialogueact>
   <dialogueact nite:id="Bmr012.B.dialogueact911" starttime="1379.41" endtime="1384.77" type="s" adjacency="28a" original-type="s" channel="c1" participant="me013">
      <nite:child href="Bmr012.B.words.xml#id(Bmr012.w.6503)..id(Bmr012.w.6522)"/>
   </dialogueact>
   <dialogueact nite:id="Bmr012.B.dialogueact915" starttime="1384.77" endtime="1387.61" type="s.%-" original-type="s.%-" channel="c1" participant="me013">
      <nite:child href="Bmr012.B.words.xml#id(Bmr012.w.6523)..id(Bmr012.w.6549)"/>
   </dialogueact>
   <dialogueact nite:id="Bmr012.B.dialogueact918" starttime="1388.59" endtime="1392.49" type="s.%--" adjacency="30a" original-type="s.%--" channel="c1" participant="me013">
      <nite:child href="Bmr012.B.words.xml#id(Bmr012.w.6552)..id(Bmr012.disfmarker.260)"/>
   </dialogueact>
   <dialogueact nite:id="Bmr012.B.dialogueact920" starttime="1394.23" endtime="1395.8" type="s" adjacency="31b" original-type="s" channel="c1" participant="me013">
      <nite:child href="Bmr012.B.words.xml#id(Bmr012.w.6573)..id(Bmr012.w.6579)"/>
   </dialogueact>
   <dialogueact nite:id="Bmr012.B.dialogueact922" starttime="1396.36" endtime="1396.51" type="b" original-type="b" channel="c1" participant="me013">
      <nite:child href="Bmr012.B.words.xml#id(Bmr012.w.6580)..id(Bmr012.w.6581)"/>
   </dialogueact>
   <dialogueact nite:id="Bmr012.B.dialogueact925" starttime="1405.05" endtime="1405.5" type="s^no" adjacency="33b" original-type="s^no" channel="c1" participant="me013">
      <nite:child href="Bmr012.B.words.xml#id(Bmr012.w.6617)..id(Bmr012.w.6620)"/>
   </dialogueact>
   <dialogueact nite:id="Bmr012.B.dialogueact927" starttime="1408.32" endtime="1413.45" type="s^nd" adjacency="34b" original-type="s^nd" channel="c1" participant="me013">
      <nite:child href="Bmr012.B.words.xml#id(Bmr012.w.6631)..id(Bmr012.w.6653)"/>
   </dialogueact>
   <dialogueact nite:id="Bmr012.B.dialogueact929" starttime="1414.44" endtime="1415.31" type="fh|qh" original-type="fh|qh" channel="c1" participant="me013">
      <nite:child href="Bmr012.B.words.xml#id(Bmr012.w.6662)..id(Bmr012.w.6666)"/>
   </dialogueact>
   <dialogueact nite:id="Bmr012.B.dialogueact932" starttime="1415.73" endtime="1418.13" type="s" original-type="s" channel="c1" participant="me013">
      <nite:child href="Bmr012.B.words.xml#id(Bmr012.w.6667)..id(Bmr012.w.6682)"/>
   </dialogueact>
   <dialogueact nite:id="Bmr012.B.dialogueact934" starttime="1418.13" endtime="1418.68" type="s" original-type="s" channel="c1" participant="me013">
      <nite:child href="Bmr012.B.words.xml#id(Bmr012.w.6683)..id(Bmr012.w.6686)"/>
   </dialogueact>
   <dialogueact nite:id="Bmr012.B.dialogueact938" starttime="1421.39" endtime="1421.85" type="h|s^aa" adjacency="35b" original-type="h|s^aa" channel="c1" participant="me013">
      <nite:child href="Bmr012.B.words.xml#id(Bmr012.w.6717)..id(Bmr012.w.6719)"/>
   </dialogueact>
   <dialogueact nite:id="Bmr012.B.dialogueact939" starttime="1422.93" endtime="1423.26" type="b" original-type="b" channel="c1" participant="me013">
      <nite:child href="Bmr012.B.words.xml#id(Bmr012.w.6720)..id(Bmr012.w.6721)"/>
   </dialogueact>
   <dialogueact nite:id="Bmr012.B.dialogueact962" starttime="1487.02" endtime="1490.36" type="qy^rt" adjacency="38a" original-type="qy^rt" channel="c1" participant="me013">
      <nite:child href="Bmr012.B.words.xml#id(Bmr012.w.6937)..id(Bmr012.w.6953)"/>
   </dialogueact>
   <dialogueact nite:id="Bmr012.B.dialogueact968" starttime="1508.82" endtime="1509.13" type="b" original-type="b" channel="c1" participant="me013">
      <nite:child href="Bmr012.B.words.xml#id(Bmr012.w.7057)..id(Bmr012.w.7058)"/>
   </dialogueact>
   <dialogueact nite:id="Bmr012.B.dialogueact971" starttime="1513.67" endtime="1517.66" type="s^cs" adjacency="40b.41a" original-type="s^cs" channel="c1" participant="me013">
      <nite:child href="Bmr012.B.words.xml#id(Bmr012.w.7059)..id(Bmr012.w.7087)"/>
   </dialogueact>
   <dialogueact nite:id="Bmr012.B.dialogueact974" starttime="1517.66" endtime="1518.28" type="s^cs" adjacency="40b+" original-type="s^cs" channel="c1" participant="me013">
      <nite:child href="Bmr012.B.words.xml#id(Bmr012.w.7088)..id(Bmr012.w.7091)"/>
   </dialogueact>
   <dialogueact nite:id="Bmr012.B.dialogueact976" starttime="1518.28" endtime="1519.05" type="s.%--" original-type="s.%--" channel="c1" participant="me013">
      <nite:child href="Bmr012.B.words.xml#id(Bmr012.w.7092)..id(Bmr012.disfmarker.281)"/>
   </dialogueact>
   <dialogueact nite:id="Bmr012.B.dialogueact977" starttime="1519.05" endtime="1520.39" type="s.%--" original-type="s.%--" channel="c1" participant="me013">
      <nite:child href="Bmr012.B.words.xml#id(Bmr012.w.7107)..id(Bmr012.w.7111)"/>
   </dialogueact>
   <dialogueact nite:id="Bmr012.B.dialogueact979" starttime="1520.39" endtime="1524.09" type="s" adjacency="42a" original-type="s" channel="c1" participant="me013">
      <nite:child href="Bmr012.B.words.xml#id(Bmr012.w.7112)..id(Bmr012.w.7129)"/>
   </dialogueact>
   <dialogueact nite:id="Bmr012.B.dialogueact980" starttime="1524.09" endtime="1531.2" type="qr^rt" adjacency="42a+" original-type="qr^rt" channel="c1" participant="me013">
      <nite:child href="Bmr012.B.words.xml#id(Bmr012.w.7130)..id(Bmr012.w.7156)"/>
   </dialogueact>
   <dialogueact nite:id="Bmr012.B.dialogueact986" starttime="1539.56" endtime="1540.33" type="s^bk^m" adjacency="43b" original-type="s^bk^m" channel="c1" participant="me013">
      <nite:child href="Bmr012.B.words.xml#id(Bmr012.w.7193)..id(Bmr012.w.7198)"/>
   </dialogueact>
   <dialogueact nite:id="Bmr012.B.dialogueact991" starttime="1552.64" endtime="1553.95" type="s.%--" adjacency="44b" original-type="s.%--" channel="c1" participant="me013">
      <nite:child href="Bmr012.B.words.xml#id(Bmr012.w.7247)..id(Bmr012.disfmarker.285)"/>
   </dialogueact>
   <dialogueact nite:id="Bmr012.B.dialogueact992" starttime="1554.1" endtime="1556.27" type="s.%--" original-type="s.%--" channel="c1" participant="me013">
      <nite:child href="Bmr012.B.words.xml#id(Bmr012.w.7255)..id(Bmr012.w.7262)"/>
   </dialogueact>
   <dialogueact nite:id="Bmr012.B.dialogueact993" starttime="1556.4" endtime="1560.4" type="s" adjacency="45a" original-type="s" channel="c1" participant="me013">
      <nite:child href="Bmr012.B.words.xml#id(Bmr012.w.7263)..id(Bmr012.w.7281)"/>
   </dialogueact>
   <dialogueact nite:id="Bmr012.B.dialogueact995" starttime="1560.98" endtime="1562.59" type="s" original-type="s" channel="c1" participant="me013">
      <nite:child href="Bmr012.B.words.xml#id(Bmr012.w.7284)..id(Bmr012.w.7296)"/>
   </dialogueact>
   <dialogueact nite:id="Bmr012.B.dialogueact996" starttime="1562.59" endtime="1562.78" type="qy^d^f^g^rt" original-type="qy^d^f^g^rt" channel="c1" participant="me013">
      <nite:child href="Bmr012.B.words.xml#id(Bmr012.w.7297)"/>
   </dialogueact>
   <dialogueact nite:id="Bmr012.B.dialogueact997" starttime="1562.78" endtime="1563.22" type="%-" original-type="%-" channel="c1" participant="me013">
      <nite:child href="Bmr012.B.words.xml#id(Bmr012.w.7298)..id(Bmr012.disfmarker.288)"/>
   </dialogueact>
   <dialogueact nite:id="Bmr012.B.dialogueact1007" starttime="1581.82" endtime="1582.94" type="s" original-type="s" channel="c1" participant="me013">
      <nite:child href="Bmr012.B.words.xml#id(Bmr012.w.7367)..id(Bmr012.w.7373)"/>
   </dialogueact>
   <dialogueact nite:id="Bmr012.B.dialogueact1009" starttime="1582.94" endtime="1587.59" type="s" adjacency="49a" original-type="s" channel="c1" participant="me013">
      <nite:child href="Bmr012.B.words.xml#id(Bmr012.w.7374)..id(Bmr012.w.7397)"/>
   </dialogueact>
   <dialogueact nite:id="Bmr012.B.dialogueact1010" starttime="1587.59" endtime="1590.14" type="s" original-type="s" channel="c1" participant="me013">
      <nite:child href="Bmr012.B.words.xml#id(Bmr012.w.7398)..id(Bmr012.w.7405)"/>
   </dialogueact>
   <dialogueact nite:id="Bmr012.B.dialogueact1013" starttime="1590.14" endtime="1590.85" type="fh" original-type="fh" channel="c1" participant="me013">
      <nite:child href="Bmr012.B.words.xml#id(Bmr012.w.7406)"/>
   </dialogueact>
   <dialogueact nite:id="Bmr012.B.dialogueact1016" starttime="1595.59" endtime="1596.43" type="b" original-type="b" channel="c1" participant="me013">
      <nite:child href="Bmr012.B.words.xml#id(Bmr012.w.7446)..id(Bmr012.w.7447)"/>
   </dialogueact>
   <dialogueact nite:id="Bmr012.B.dialogueact1018" starttime="1598.25" endtime="1598.53" type="b.%" original-type="b.%" channel="c1" participant="me013">
      <nite:child href="Bmr012.B.words.xml#id(Bmr012.w.7461)..id(Bmr012.w.7462)"/>
   </dialogueact>
   <dialogueact nite:id="Bmr012.B.dialogueact1036" starttime="1625.51" endtime="1626.95" type="s" adjacency="53a" original-type="sj" channel="c1" participant="me013">
      <nite:child href="Bmr012.B.words.xml#id(Bmr012.w.7572)..id(Bmr012.w.7581)"/>
   </dialogueact>
   <dialogueact nite:id="Bmr012.B.dialogueact1039" starttime="1629.12" endtime="1629.58" type="b.%" original-type="b.%" channel="c1" participant="me013">
      <nite:child href="Bmr012.B.words.xml#id(Bmr012.w.7601)..id(Bmr012.w.7602)"/>
   </dialogueact>
   <dialogueact nite:id="Bmr012.B.dialogueact1040" starttime="1631.29" endtime="1631.6" type="s^bk" adjacency="54b" original-type="s^bk" channel="c1" participant="me013">
      <nite:child href="Bmr012.B.words.xml#id(Bmr012.w.7603)..id(Bmr012.w.7604)"/>
   </dialogueact>
   <dialogueact nite:id="Bmr012.B.dialogueact1051" starttime="1669.86" endtime="1671.9" type="qy^d^rt" adjacency="56a" original-type="qy^d^rt" channel="c1" participant="me013">
      <nite:child href="Bmr012.B.words.xml#id(Bmr012.w.7723)..id(Bmr012.w.7733)"/>
   </dialogueact>
   <dialogueact nite:id="Bmr012.B.dialogueact1052" starttime="1671.9" endtime="1674.0" type="qy^d^rt" adjacency="56a+" original-type="qy^d^rt" channel="c1" participant="me013">
      <nite:child href="Bmr012.B.words.xml#id(Bmr012.w.7734)..id(Bmr012.w.7744)"/>
   </dialogueact>
   <dialogueact nite:id="Bmr012.B.dialogueact1054" starttime="1680.49" endtime="1681.21" type="s^bk" adjacency="57b" original-type="s^bk" channel="c1" participant="me013">
      <nite:child href="Bmr012.B.words.xml#id(Bmr012.w.7765)..id(Bmr012.w.7768)"/>
   </dialogueact>
   <dialogueact nite:id="Bmr012.B.dialogueact1055" starttime="1682.84" endtime="1688.68" type="s" original-type="s" channel="c1" participant="me013">
      <nite:child href="Bmr012.B.words.xml#id(Bmr012.w.7772)..id(Bmr012.w.7789)"/>
   </dialogueact>
   <dialogueact nite:id="Bmr012.B.dialogueact1056" starttime="1689.36" endtime="1695.94" type="s^cs" adjacency="58a" original-type="s^cs" channel="c1" participant="me013">
      <nite:child href="Bmr012.B.words.xml#id(Bmr012.w.7790)..id(Bmr012.w.7814)"/>
   </dialogueact>
   <dialogueact nite:id="Bmr012.B.dialogueact1061" starttime="1699.09" endtime="1699.46" type="fg" original-type="fg" channel="c1" participant="me013">
      <nite:child href="Bmr012.B.words.xml#id(Bmr012.w.7842)"/>
   </dialogueact>
   <dialogueact nite:id="Bmr012.B.dialogueact1062" starttime="1700.06" endtime="1700.98" type="s^ar|s^ng" adjacency="60b" original-type="s^ar|s^ng" channel="c1" participant="me013">
      <nite:child href="Bmr012.B.words.xml#id(Bmr012.w.7843)..id(Bmr012.w.7850)"/>
   </dialogueact>
   <dialogueact nite:id="Bmr012.B.dialogueact1063" starttime="1701.15" endtime="1702.48" type="%-" original-type="%-" channel="c1" participant="me013">
      <nite:child href="Bmr012.B.words.xml#id(Bmr012.w.7851)..id(Bmr012.w.7854)"/>
   </dialogueact>
   <dialogueact nite:id="Bmr012.B.dialogueact1066" starttime="1708.9" endtime="1712.9" type="s^arp^co" adjacency="61b.62a" original-type="s^arp^co" channel="c1" participant="me013">
      <nite:child href="Bmr012.B.words.xml#id(Bmr012.w.7877)..id(Bmr012.w.7890)"/>
   </dialogueact>
   <dialogueact nite:id="Bmr012.B.dialogueact1068" starttime="1714.1" endtime="1716.72" type="s" adjacency="61b+" original-type="s" channel="c1" participant="me013">
      <nite:child href="Bmr012.B.words.xml#id(Bmr012.w.7893)..id(Bmr012.w.7909)"/>
   </dialogueact>
   <dialogueact nite:id="Bmr012.B.dialogueact1070" starttime="1721.57" endtime="1721.91" type="s^bk" adjacency="63b" original-type="s^bk" channel="c1" participant="me013">
      <nite:child href="Bmr012.B.words.xml#id(Bmr012.w.7926)..id(Bmr012.w.7927)"/>
   </dialogueact>
   <dialogueact nite:id="Bmr012.B.dialogueact1072" starttime="1723.54" endtime="1726.21" type="s^2^cs" adjacency="64b" original-type="s^2^cs" channel="c1" participant="me013">
      <nite:child href="Bmr012.B.words.xml#id(Bmr012.w.7935)..id(Bmr012.w.7950)"/>
   </dialogueact>
   <dialogueact nite:id="Bmr012.B.dialogueact1075" starttime="1727.35" endtime="1727.63" type="b" original-type="b" channel="c1" participant="me013">
      <nite:child href="Bmr012.B.words.xml#id(Bmr012.w.7955)..id(Bmr012.w.7956)"/>
   </dialogueact>
   <dialogueact nite:id="Bmr012.B.dialogueact1080" starttime="1734.24" endtime="1734.66" type="b" original-type="b" channel="c1" participant="me013">
      <nite:child href="Bmr012.B.words.xml#id(Bmr012.w.7983)..id(Bmr012.w.7984)"/>
   </dialogueact>
   <dialogueact nite:id="Bmr012.B.dialogueact1084" starttime="1741.03" endtime="1741.89" type="s.%--" original-type="s.%--" channel="c1" participant="me013">
      <nite:child href="Bmr012.B.words.xml#id(Bmr012.w.8022)..id(Bmr012.disfmarker.311)"/>
   </dialogueact>
   <dialogueact nite:id="Bmr012.B.dialogueact1086" starttime="1742.97" endtime="1743.95" type="s" original-type="s" channel="c1" participant="me013">
      <nite:child href="Bmr012.B.words.xml#id(Bmr012.w.8034)..id(Bmr012.w.8042)"/>
   </dialogueact>
   <dialogueact nite:id="Bmr012.B.dialogueact1087" starttime="1744.02" endtime="1744.28" type="s^aa" adjacency="67b" original-type="s^aa" channel="c1" participant="me013">
      <nite:child href="Bmr012.B.words.xml#id(Bmr012.w.8043)..id(Bmr012.w.8044)"/>
   </dialogueact>
   <dialogueact nite:id="Bmr012.B.dialogueact1088" starttime="1744.44" endtime="1744.89" type="s^co^na" adjacency="67b+.68a" original-type="s^co^na" channel="c1" participant="me013">
      <nite:child href="Bmr012.B.words.xml#id(Bmr012.w.8045)..id(Bmr012.w.8048)"/>
   </dialogueact>
   <dialogueact nite:id="Bmr012.B.dialogueact1094" starttime="1750.24" endtime="1752.25" comment="FBH" type="h|s^co" adjacency="70b.71a" original-type="h|s^co" channel="c1" participant="me013">
      <nite:child href="Bmr012.B.words.xml#id(Bmr012.w.8084)..id(Bmr012.w.8094)"/>
   </dialogueact>
   <dialogueact nite:id="Bmr012.B.dialogueact1099" starttime="1759.51" endtime="1760.05" type="fg|s^aa" adjacency="72b" original-type="fg|s^aa" channel="c1" participant="me013">
      <nite:child href="Bmr012.B.words.xml#id(Bmr012.w.8120)..id(Bmr012.w.8122)"/>
   </dialogueact>
   <dialogueact nite:id="Bmr012.B.dialogueact1101" starttime="1760.05" endtime="1760.22" type="%--" original-type="%--" channel="c1" participant="me013">
      <nite:child href="Bmr012.B.words.xml#id(Bmr012.w.8123)..id(Bmr012.disfmarker.312)"/>
   </dialogueact>
   <dialogueact nite:id="Bmr012.B.dialogueact1102" starttime="1760.22" endtime="1763.08" type="s" original-type="s" channel="c1" participant="me013">
      <nite:child href="Bmr012.B.words.xml#id(Bmr012.w.8124)..id(Bmr012.w.8137)"/>
   </dialogueact>
   <dialogueact nite:id="Bmr012.B.dialogueact1103" starttime="1763.08" endtime="1764.22" type="s" adjacency="73a" original-type="s" channel="c1" participant="me013">
      <nite:child href="Bmr012.B.words.xml#id(Bmr012.w.8138)..id(Bmr012.w.8144)"/>
   </dialogueact>
   <dialogueact nite:id="Bmr012.B.dialogueact1105" starttime="1764.29" endtime="1765.13" type="s" original-type="s" channel="c1" participant="me013">
      <nite:child href="Bmr012.B.words.xml#id(Bmr012.w.8145)..id(Bmr012.w.8149)"/>
   </dialogueact>
   <dialogueact nite:id="Bmr012.B.dialogueact1107" starttime="1767.07" endtime="1767.38" type="%" original-type="%" channel="c1" participant="me013">
      <nite:child href="Bmr012.B.words.xml#id(Bmr012.w.8165)..id(Bmr012.w.8166)"/>
   </dialogueact>
   <dialogueact nite:id="Bmr012.B.dialogueact1111" starttime="1779.1" endtime="1780.31" type="s^ba^rt" adjacency="75b-1" original-type="sj^ba^rt" channel="c1" participant="me013">
      <nite:child href="Bmr012.B.words.xml#id(Bmr012.w.8206)..id(Bmr012.w.8211)"/>
   </dialogueact>
   <dialogueact nite:id="Bmr012.B.dialogueact1112" starttime="1781.63" endtime="1782.46" type="s" adjacency="75b-1+" original-type="sj" channel="c1" participant="me013">
      <nite:child href="Bmr012.B.words.xml#id(Bmr012.w.8212)..id(Bmr012.w.8218)"/>
   </dialogueact>
   <dialogueact nite:id="Bmr012.B.dialogueact1113" starttime="1782.46" endtime="1783.73" type="s^ba^r" adjacency="75b-1++" original-type="sj^ba^r" channel="c1" participant="me013">
      <nite:child href="Bmr012.B.words.xml#id(Bmr012.w.8219)..id(Bmr012.w.8224)"/>
   </dialogueact>
   <dialogueact nite:id="Bmr012.B.dialogueact1117" starttime="1783.73" endtime="1783.79" type="b" original-type="b" channel="c1" participant="me013">
      <nite:child href="Bmr012.B.words.xml#id(Bmr012.w.8225)..id(Bmr012.w.8226)"/>
   </dialogueact>
   <dialogueact nite:id="Bmr012.B.dialogueact1130" starttime="1795.31" endtime="1796.45" type="fg" original-type="fg" channel="c1" participant="me013">
      <nite:child href="Bmr012.B.words.xml#id(Bmr012.w.8325)..id(Bmr012.w.8328)"/>
   </dialogueact>
   <dialogueact nite:id="Bmr012.B.dialogueact1132" starttime="1796.45" endtime="1796.93" type="s.%--" original-type="s.%--" channel="c1" participant="me013">
      <nite:child href="Bmr012.B.words.xml#id(Bmr012.w.8329)..id(Bmr012.disfmarker.321)"/>
   </dialogueact>
   <dialogueact nite:id="Bmr012.B.dialogueact1133" starttime="1797.1" endtime="1800.34" type="s" original-type="s" channel="c1" participant="me013">
      <nite:child href="Bmr012.B.words.xml#id(Bmr012.w.8333)..id(Bmr012.w.8353)"/>
   </dialogueact>
   <dialogueact nite:id="Bmr012.B.dialogueact1136" starttime="1801.9" endtime="1804.5" type="s^cs" adjacency="1a" original-type="s^cs" channel="c1" participant="me013">
      <nite:child href="Bmr012.B.words.xml#id(Bmr012.w.8371)..id(Bmr012.w.8381)"/>
   </dialogueact>
   <dialogueact nite:id="Bmr012.B.dialogueact1137" starttime="1804.67" endtime="1807.33" type="s^cs^e.%--" original-type="s^cs^e.%--" channel="c1" participant="me013">
      <nite:child href="Bmr012.B.words.xml#id(Bmr012.w.8382)..id(Bmr012.disfmarker.322)"/>
   </dialogueact>
   <dialogueact nite:id="Bmr012.B.dialogueact1140" starttime="1808.12" endtime="1809.22" type="s^ba" adjacency="2b" original-type="sj^ba" channel="c1" participant="me013">
      <nite:child href="Bmr012.B.words.xml#id(Bmr012.w.8400)..id(Bmr012.w.8404)"/>
   </dialogueact>
   <dialogueact nite:id="Bmr012.B.dialogueact1142" starttime="1811.16" endtime="1811.55" type="s^bk" adjacency="3b" original-type="s^bk" channel="c1" participant="me013">
      <nite:child href="Bmr012.B.words.xml#id(Bmr012.w.8408)..id(Bmr012.w.8409)"/>
   </dialogueact>
   <dialogueact nite:id="Bmr012.B.dialogueact1143" starttime="1812.19" endtime="1813.45" type="s" original-type="s" channel="c1" participant="me013">
      <nite:child href="Bmr012.B.words.xml#id(Bmr012.w.8410)..id(Bmr012.w.8414)"/>
   </dialogueact>
   <dialogueact nite:id="Bmr012.B.dialogueact1144" starttime="1813.45" endtime="1814.75" type="fh" original-type="fh" channel="c1" participant="me013">
      <nite:child href="Bmr012.B.words.xml#id(Bmr012.w.8415)..id(Bmr012.w.8417)"/>
   </dialogueact>
   <dialogueact nite:id="Bmr012.B.dialogueact1146" starttime="1815.55" endtime="1816.23" type="b" original-type="b" channel="c1" participant="me013">
      <nite:child href="Bmr012.B.words.xml#id(Bmr012.w.8428)..id(Bmr012.w.8429)"/>
   </dialogueact>
   <dialogueact nite:id="Bmr012.B.dialogueact1148" starttime="1818.73" endtime="1819.3" type="h|s^ar" adjacency="4b-1" original-type="h|s^ar" channel="c1" participant="me013">
      <nite:child href="Bmr012.B.words.xml#id(Bmr012.w.8439)..id(Bmr012.disfmarker.324)"/>
   </dialogueact>
   <dialogueact nite:id="Bmr012.B.dialogueact1150" starttime="1819.3" endtime="1819.88" type="s^ar.%--" original-type="s^ar.%--" channel="c1" participant="me013">
      <nite:child href="Bmr012.B.words.xml#id(Bmr012.w.8441)..id(Bmr012.disfmarker.325)"/>
   </dialogueact>
   <dialogueact nite:id="Bmr012.B.dialogueact1153" starttime="1821.54" endtime="1821.94" type="s^ar" adjacency="5b." original-type="s^ar" channel="c1" participant="me013">
      <nite:child href="Bmr012.B.words.xml#id(Bmr012.w.8459)..id(Bmr012.w.8460)"/>
   </dialogueact>
   <dialogueact nite:id="Bmr012.B.dialogueact1156" starttime="1824.36" endtime="1824.72" type="s^aa" adjacency="6b-1.7a" original-type="s^aa" channel="c1" participant="me013">
      <nite:child href="Bmr012.B.words.xml#id(Bmr012.w.8480)..id(Bmr012.w.8481)"/>
   </dialogueact>
   <dialogueact nite:id="Bmr012.B.dialogueact1160" starttime="1827.22" endtime="1827.54" type="fg" original-type="fg" channel="c1" participant="me013">
      <nite:child href="Bmr012.B.words.xml#id(Bmr012.w.8498)..id(Bmr012.disfmarker.328)"/>
   </dialogueact>
   <dialogueact nite:id="Bmr012.B.dialogueact1162" starttime="1827.54" endtime="1829.56" type="fg|s" adjacency="6b-1+" original-type="fg|s" channel="c1" participant="me013">
      <nite:child href="Bmr012.B.words.xml#id(Bmr012.w.8503)..id(Bmr012.w.8510)"/>
   </dialogueact>
   <dialogueact nite:id="Bmr012.B.dialogueact1163" starttime="1829.56" endtime="1837.59" type="s^rt" original-type="s^rt" channel="c1" participant="me013">
      <nite:child href="Bmr012.B.words.xml#id(Bmr012.w.8511)..id(Bmr012.w.8541)"/>
   </dialogueact>
   <dialogueact nite:id="Bmr012.B.dialogueact1165" starttime="1837.89" endtime="1840.95" type="s" original-type="s" channel="c1" participant="me013">
      <nite:child href="Bmr012.B.words.xml#id(Bmr012.w.8546)..id(Bmr012.w.8561)"/>
   </dialogueact>
   <dialogueact nite:id="Bmr012.B.dialogueact1169" starttime="1842.16" endtime="1842.4" type="fh" original-type="fh" channel="c1" participant="me013">
      <nite:child href="Bmr012.B.words.xml#id(Bmr012.w.8580)"/>
   </dialogueact>
   <dialogueact nite:id="Bmr012.B.dialogueact1171" starttime="1844.49" endtime="1844.75" type="s^aa" adjacency="9b" original-type="s^aa" channel="c1" participant="me013">
      <nite:child href="Bmr012.B.words.xml#id(Bmr012.w.8593)..id(Bmr012.w.8594)"/>
   </dialogueact>
   <dialogueact nite:id="Bmr012.B.dialogueact1172" starttime="1845.17" endtime="1845.44" type="s.%-" original-type="s.%-" channel="c1" participant="me013">
      <nite:child href="Bmr012.B.words.xml#id(Bmr012.w.8595)..id(Bmr012.disfmarker.331)"/>
   </dialogueact>
   <dialogueact nite:id="Bmr012.B.dialogueact1173" starttime="1847.75" endtime="1847.98" type="qw^br^rt" adjacency="10b.11a" original-type="qw^br^rt" channel="c1" participant="me013">
      <nite:child href="Bmr012.B.words.xml#id(Bmr012.w.8597)..id(Bmr012.w.8598)"/>
   </dialogueact>
   <dialogueact nite:id="Bmr012.B.dialogueact1178" starttime="1854.81" endtime="1855.2" type="s^ar|s.%--" adjacency="13b" original-type="s^ar|s.%--" channel="c1" participant="me013">
      <nite:child href="Bmr012.B.words.xml#id(Bmr012.w.8648)..id(Bmr012.disfmarker.332)"/>
   </dialogueact>
   <dialogueact nite:id="Bmr012.B.dialogueact1179" starttime="1855.2" endtime="1856.03" type="s" adjacency="13b+.14a" original-type="s" channel="c1" participant="me013">
      <nite:child href="Bmr012.B.words.xml#id(Bmr012.w.8652)..id(Bmr012.w.8656)"/>
   </dialogueact>
   <dialogueact nite:id="Bmr012.B.dialogueact1182" starttime="1857.84" endtime="1858.42" type="s^bk" adjacency="15b" original-type="s^bk" channel="c1" participant="me013">
      <nite:child href="Bmr012.B.words.xml#id(Bmr012.w.8668)..id(Bmr012.w.8671)"/>
   </dialogueact>
   <dialogueact nite:id="Bmr012.B.dialogueact1183" starttime="1858.42" endtime="1860.05" type="s^co" adjacency="15b+.16a" original-type="s^co" channel="c1" participant="me013">
      <nite:child href="Bmr012.B.words.xml#id(Bmr012.w.8672)..id(Bmr012.w.8678)"/>
   </dialogueact>
   <dialogueact nite:id="Bmr012.B.dialogueact1184" starttime="1860.11" endtime="1860.49" type="fh" original-type="fh" channel="c1" participant="me013">
      <nite:child href="Bmr012.B.words.xml#id(Bmr012.w.8679)..id(Bmr012.w.8680)"/>
   </dialogueact>
   <dialogueact nite:id="Bmr012.B.dialogueact1186" starttime="1862.56" endtime="1863.48" type="b" original-type="b" channel="c1" participant="me013">
      <nite:child href="Bmr012.B.words.xml#id(Bmr012.w.8687)..id(Bmr012.w.8688)"/>
   </dialogueact>
   <dialogueact nite:id="Bmr012.B.dialogueact1187" starttime="1865.06" endtime="1868.11" type="s" adjacency="17b-2" original-type="s" channel="c1" participant="me013">
      <nite:child href="Bmr012.B.words.xml#id(Bmr012.w.8696)..id(Bmr012.w.8709)"/>
   </dialogueact>
   <dialogueact nite:id="Bmr012.B.dialogueact1195" starttime="1874.1" endtime="1874.42" type="fg" original-type="fg" channel="c1" participant="me013">
      <nite:child href="Bmr012.B.words.xml#id(Bmr012.w.8763)..id(Bmr012.disfmarker.334)"/>
   </dialogueact>
   <dialogueact nite:id="Bmr012.B.dialogueact1197" starttime="1875.13" endtime="1875.65" type="fg" original-type="fg" channel="c1" participant="me013">
      <nite:child href="Bmr012.B.words.xml#id(Bmr012.w.8769)..id(Bmr012.w.8771)"/>
   </dialogueact>
   <dialogueact nite:id="Bmr012.B.dialogueact1199" starttime="1875.65" endtime="1876.5" type="s^ba" adjacency="19b" original-type="sj^ba" channel="c1" participant="me013">
      <nite:child href="Bmr012.B.words.xml#id(Bmr012.w.8772)..id(Bmr012.w.8778)"/>
   </dialogueact>
   <dialogueact nite:id="Bmr012.B.dialogueact1200" starttime="1876.5" endtime="1879.43" type="s" adjacency="20a" original-type="s" channel="c1" participant="me013">
      <nite:child href="Bmr012.B.words.xml#id(Bmr012.w.8779)..id(Bmr012.w.8792)"/>
   </dialogueact>
   <dialogueact nite:id="Bmr012.B.dialogueact1202" starttime="1879.43" endtime="1879.8" type="qy^d^f^g^rt" original-type="qy^d^f^g^rt" channel="c1" participant="me013">
      <nite:child href="Bmr012.B.words.xml#id(Bmr012.w.8793)..id(Bmr012.w.8794)"/>
   </dialogueact>
   <dialogueact nite:id="Bmr012.B.dialogueact1204" starttime="1882.7" endtime="1883.29" type="s^no" adjacency="21b" original-type="s^no" channel="c1" participant="me013">
      <nite:child href="Bmr012.B.words.xml#id(Bmr012.w.8811)..id(Bmr012.w.8814)"/>
   </dialogueact>
   <dialogueact nite:id="Bmr012.B.dialogueact1206" starttime="1883.59" endtime="1884.54" type="s^cs" adjacency="21b+" original-type="s^cs" channel="c1" participant="me013">
      <nite:child href="Bmr012.B.words.xml#id(Bmr012.w.8815)..id(Bmr012.w.8822)"/>
   </dialogueact>
   <dialogueact nite:id="Bmr012.B.dialogueact1208" starttime="1884.54" endtime="1884.83" type="b" original-type="b" channel="c1" participant="me013">
      <nite:child href="Bmr012.B.words.xml#id(Bmr012.w.8823)..id(Bmr012.w.8824)"/>
   </dialogueact>
   <dialogueact nite:id="Bmr012.B.dialogueact1210" starttime="1884.91" endtime="1886.81" type="s^ba" adjacency="21b++" original-type="sj^ba" channel="c1" participant="me013">
      <nite:child href="Bmr012.B.words.xml#id(Bmr012.w.8840)..id(Bmr012.w.8847)"/>
   </dialogueact>
   <dialogueact nite:id="Bmr012.B.dialogueact1211" starttime="1886.81" endtime="1891.32" type="s^cs" original-type="s^cs" channel="c1" participant="me013">
      <nite:child href="Bmr012.B.words.xml#id(Bmr012.w.8848)..id(Bmr012.w.8867)"/>
   </dialogueact>
   <dialogueact nite:id="Bmr012.B.dialogueact1212" starttime="1891.32" endtime="1892.03" type="fh" original-type="fh" channel="c1" participant="me013">
      <nite:child href="Bmr012.B.words.xml#id(Bmr012.w.8868)..id(Bmr012.w.8870)"/>
   </dialogueact>
   <dialogueact nite:id="Bmr012.B.dialogueact1218" starttime="1905.58" endtime="1905.83" type="b" original-type="b" channel="c1" participant="me013">
      <nite:child href="Bmr012.B.words.xml#id(Bmr012.w.8926)..id(Bmr012.w.8927)"/>
   </dialogueact>
   <dialogueact nite:id="Bmr012.B.dialogueact1220" starttime="1911.73" endtime="1912.31" type="s^bk" adjacency="22b" original-type="s^bk" channel="c1" participant="me013">
      <nite:child href="Bmr012.B.words.xml#id(Bmr012.w.8929)..id(Bmr012.w.8932)"/>
   </dialogueact>
   <dialogueact nite:id="Bmr012.B.dialogueact1221" starttime="1912.5" endtime="1912.77" type="fh" original-type="fh" channel="c1" participant="me013">
      <nite:child href="Bmr012.B.words.xml#id(Bmr012.w.8933)..id(Bmr012.w.8934)"/>
   </dialogueact>
   <dialogueact nite:id="Bmr012.B.dialogueact1234" starttime="1934.37" endtime="1934.83" type="s^ba" adjacency="25b-2" original-type="sj^ba" channel="c1" participant="me013">
      <nite:child href="Bmr012.B.words.xml#id(Bmr012.w.9076)..id(Bmr012.w.9078)"/>
   </dialogueact>
   <dialogueact nite:id="Bmr012.B.dialogueact1237" starttime="1934.88" endtime="1935.31" type="s^ba" adjacency="25b-3+" original-type="sj^ba" channel="c1" participant="me013">
      <nite:child href="Bmr012.B.words.xml#id(Bmr012.w.9079)..id(Bmr012.w.9082)"/>
   </dialogueact>
   <dialogueact nite:id="Bmr012.B.dialogueact1247" starttime="1948.88" endtime="1949.66" type="s^ba" adjacency="28b-2" original-type="sj^ba" channel="c1" participant="me013">
      <nite:child href="Bmr012.B.words.xml#id(Bmr012.w.9162)..id(Bmr012.w.9164)"/>
   </dialogueact>
   <dialogueact nite:id="Bmr012.B.dialogueact1258" starttime="1958.59" endtime="1960.87" type="s" original-type="s" channel="c1" participant="me013">
      <nite:child href="Bmr012.B.words.xml#id(Bmr012.w.9231)..id(Bmr012.w.9241)"/>
   </dialogueact>
   <dialogueact nite:id="Bmr012.B.dialogueact1260" starttime="1960.87" endtime="1962.58" type="qw^d" adjacency="30a" original-type="qw^d" channel="c1" participant="me013">
      <nite:child href="Bmr012.B.words.xml#id(Bmr012.w.9242)..id(Bmr012.w.9253)"/>
   </dialogueact>
   <dialogueact nite:id="Bmr012.B.dialogueact1266" starttime="1966.74" endtime="1967.23" type="s^bk" original-type="s^bk" channel="c1" participant="me013">
      <nite:child href="Bmr012.B.words.xml#id(Bmr012.w.9287)..id(Bmr012.w.9288)"/>
   </dialogueact>
   <dialogueact nite:id="Bmr012.B.dialogueact1278" starttime="1983.13" endtime="1988.31" type="s^cs" original-type="s^cs" channel="c1" participant="me013">
      <nite:child href="Bmr012.B.words.xml#id(Bmr012.w.9392)..id(Bmr012.w.9414)"/>
   </dialogueact>
   <dialogueact nite:id="Bmr012.B.dialogueact1279" starttime="1988.71" endtime="1993.77" type="s^cs" adjacency="35a" original-type="s^cs" channel="c1" participant="me013">
      <nite:child href="Bmr012.B.words.xml#id(Bmr012.w.9415)..id(Bmr012.w.9440)"/>
   </dialogueact>
   <dialogueact nite:id="Bmr012.B.dialogueact1285" starttime="1995.05" endtime="1995.39" type="b" original-type="b" channel="c1" participant="me013">
      <nite:child href="Bmr012.B.words.xml#id(Bmr012.w.9455)..id(Bmr012.w.9456)"/>
   </dialogueact>
   <dialogueact nite:id="Bmr012.B.dialogueact1294" starttime="2002.04" endtime="2002.23" type="b" original-type="b" channel="c1" participant="me013">
      <nite:child href="Bmr012.B.words.xml#id(Bmr012.w.9506)..id(Bmr012.w.9507)"/>
   </dialogueact>
   <dialogueact nite:id="Bmr012.B.dialogueact1298" starttime="2004.47" endtime="2004.82" type="s^bk" original-type="s^bk" channel="c1" participant="me013">
      <nite:child href="Bmr012.B.words.xml#id(Bmr012.w.9527)..id(Bmr012.w.9528)"/>
   </dialogueact>
   <dialogueact nite:id="Bmr012.B.dialogueact1301" starttime="2008.89" endtime="2009.24" type="s^bk" adjacency="37b" original-type="s^bk" channel="c1" participant="me013">
      <nite:child href="Bmr012.B.words.xml#id(Bmr012.w.9537)..id(Bmr012.w.9538)"/>
   </dialogueact>
   <dialogueact nite:id="Bmr012.B.dialogueact1327" starttime="2088.74" endtime="2089.29" type="fg" original-type="fg" channel="c1" participant="me013">
      <nite:child href="Bmr012.B.words.xml#id(Bmr012.w.9815)..id(Bmr012.w.9816)"/>
   </dialogueact>
   <dialogueact nite:id="Bmr012.B.dialogueact1334" starttime="2101.55" endtime="2101.74" type="s^bk" adjacency="39b" original-type="s^bk" channel="c1" participant="me013">
      <nite:child href="Bmr012.B.words.xml#id(Bmr012.w.9865)"/>
   </dialogueact>
   <dialogueact nite:id="Bmr012.B.dialogueact1335" starttime="2101.74" endtime="2103.59" type="qy^d^rt" adjacency="40a" original-type="qy^d^rt" channel="c1" participant="me013">
      <nite:child href="Bmr012.B.words.xml#id(Bmr012.w.9866)..id(Bmr012.w.9882)"/>
   </dialogueact>
   <dialogueact nite:id="Bmr012.B.dialogueact1338" starttime="2103.79" endtime="2104.7" type="s^bk" adjacency="41b" original-type="s^bk" channel="c1" participant="me013">
      <nite:child href="Bmr012.B.words.xml#id(Bmr012.w.9883)..id(Bmr012.w.9886)"/>
   </dialogueact>
   <dialogueact nite:id="Bmr012.B.dialogueact1341" starttime="2107.78" endtime="2109.14" type="s^aa.%-" adjacency="42b-2.43a" original-type="s^aa.%-" channel="c1" participant="me013">
      <nite:child href="Bmr012.B.words.xml#id(Bmr012.w.9914)..id(Bmr012.disfmarker.367)"/>
   </dialogueact>
   <dialogueact nite:id="Bmr012.B.dialogueact1344" starttime="2109.81" endtime="2110.53" type="b" original-type="b" channel="c1" participant="me013">
      <nite:child href="Bmr012.B.words.xml#id(Bmr012.w.9924)..id(Bmr012.w.9926)"/>
   </dialogueact>
   <dialogueact nite:id="Bmr012.B.dialogueact1347" starttime="2111.92" endtime="2115.85" type="fg|qy^cs^d^t^tc" adjacency="44a" original-type="fg|qy^cs^d^t^tc" channel="c1" participant="me013">
      <nite:child href="Bmr012.B.words.xml#id(Bmr012.w.9935)..id(Bmr012.w.9949)"/>
   </dialogueact>
   <dialogueact nite:id="Bmr012.B.dialogueact1352" starttime="2120.06" endtime="2121.37" type="h|s^aa" adjacency="45b-1" original-type="h|s^aa" channel="c1" participant="me013">
      <nite:child href="Bmr012.B.words.xml#id(Bmr012.w.9956)..id(Bmr012.w.9958)"/>
   </dialogueact>
   <dialogueact nite:id="Bmr012.B.dialogueact1355" starttime="2122.26" endtime="2122.99" type="b" original-type="b" channel="c1" participant="me013">
      <nite:child href="Bmr012.B.words.xml#id(Bmr012.w.9979)..id(Bmr012.w.9980)"/>
   </dialogueact>
   <dialogueact nite:id="Bmr012.B.dialogueact1356" starttime="2125.6" endtime="2126.63" type="s^ar" adjacency="46b" original-type="s^ar" channel="c1" participant="me013">
      <nite:child href="Bmr012.B.words.xml#id(Bmr012.w.9981)..id(Bmr012.w.9988)"/>
   </dialogueact>
   <dialogueact nite:id="Bmr012.B.dialogueact1357" starttime="2126.91" endtime="2128.53" type="fh|s^df^j^rt" adjacency="46b+" original-type="fh|s^df^j^rt" channel="c1" participant="me013">
      <nite:child href="Bmr012.B.words.xml#id(Bmr012.w.9989)..id(Bmr012.w.9995)"/>
   </dialogueact>
   <dialogueact nite:id="Bmr012.B.dialogueact1367" starttime="2140.52" endtime="2140.8" type="fg" original-type="fg" channel="c1" participant="me013">
      <nite:child href="Bmr012.B.words.xml#id(Bmr012.w.10069)..id(Bmr012.w.10070)"/>
   </dialogueact>
   <dialogueact nite:id="Bmr012.B.dialogueact1369" starttime="2143.07" endtime="2143.49" type="s" original-type="sj" channel="c1" participant="me013">
      <nite:child href="Bmr012.B.words.xml#id(Bmr012.w.10079)..id(Bmr012.w.10082)"/>
   </dialogueact>
   <dialogueact nite:id="Bmr012.B.dialogueact1394" starttime="2222.58" endtime="2222.81" type="b" original-type="b" channel="c1" participant="me013">
      <nite:child href="Bmr012.B.words.xml#id(Bmr012.w.10335)..id(Bmr012.w.10336)"/>
   </dialogueact>
   <dialogueact nite:id="Bmr012.B.dialogueact1395" starttime="2222.93" endtime="2225.47" type="s" adjacency="50a" original-type="s" channel="c1" participant="me013">
      <nite:child href="Bmr012.B.words.xml#id(Bmr012.w.10337)..id(Bmr012.w.10351)"/>
   </dialogueact>
   <dialogueact nite:id="Bmr012.B.dialogueact1397" starttime="2226.31" endtime="2226.57" type="b" original-type="b" channel="c1" participant="me013">
      <nite:child href="Bmr012.B.words.xml#id(Bmr012.w.10365)..id(Bmr012.w.10366)"/>
   </dialogueact>
   <dialogueact nite:id="Bmr012.B.dialogueact1399" starttime="2227.03" endtime="2227.17" type="b" original-type="b" channel="c1" participant="me013">
      <nite:child href="Bmr012.B.words.xml#id(Bmr012.w.10367)..id(Bmr012.w.10368)"/>
   </dialogueact>
   <dialogueact nite:id="Bmr012.B.dialogueact1413" starttime="2246.47" endtime="2246.91" type="fg" original-type="fg" channel="c1" participant="me013">
      <nite:child href="Bmr012.B.words.xml#id(Bmr012.w.10425)..id(Bmr012.w.10426)"/>
   </dialogueact>
   <dialogueact nite:id="Bmr012.B.dialogueact1415" starttime="2247.22" endtime="2247.81" type="s^co^na" adjacency="53b" original-type="s^co^na" channel="c1" participant="me013">
      <nite:child href="Bmr012.B.words.xml#id(Bmr012.w.10427)..id(Bmr012.w.10431)"/>
   </dialogueact>
   <dialogueact nite:id="Bmr012.B.dialogueact1416" starttime="2251.22" endtime="2252.29" type="z" original-type="z" channel="c1" participant="me013">
      <nite:child href="Bmr012.B.words.xml#id(Bmr012.w.10448)..id(Bmr012.w.10449)"/>
   </dialogueact>
</nite:root>