<?xml version="1.0" encoding="ISO-8859-1" standalone="yes"?>
<nite:root nite:id="Bmr008.A.dialogue-acts" xmlns:nite="http://nite.sourceforge.net/">
   <dialogueact nite:id="Bmr008.A.dialogueact0" starttime="0.701" endtime="7.657" type="z" original-type="z" channel="c0" participant="fe016">
      <nite:child href="Bmr008.A.words.xml#id(Bmr008.w.1)..id(Bmr008.w.48)"/>
   </dialogueact>
   <dialogueact nite:id="Bmr008.A.dialogueact8" starttime="8.037" endtime="8.377" type="z" original-type="z" channel="c0" participant="fe016">
      <nite:child href="Bmr008.A.words.xml#id(Bmr008.w.49)..id(Bmr008.w.52)"/>
   </dialogueact>
   <dialogueact nite:id="Bmr008.A.dialogueact12" starttime="12.348" endtime="13.568" type="z" adjacency="2b-2" original-type="z" channel="c0" participant="fe016">
      <nite:child href="Bmr008.A.words.xml#id(Bmr008.w.87)..id(Bmr008.w.92)"/>
   </dialogueact>
   <dialogueact nite:id="Bmr008.A.dialogueact15" starttime="14.962" endtime="16.332" type="z" adjacency="2b-2+" original-type="z" channel="c0" participant="fe016">
      <nite:child href="Bmr008.A.words.xml#id(Bmr008.w.101)..id(Bmr008.w.110)"/>
   </dialogueact>
   <dialogueact nite:id="Bmr008.A.dialogueact81" starttime="189.176" endtime="190.746" type="qy^cs^rt" original-type="qy^cs^rt" channel="c0" participant="fe016">
      <nite:child href="Bmr008.A.words.xml#id(Bmr008.w.808)..id(Bmr008.w.817)"/>
   </dialogueact>
   <dialogueact nite:id="Bmr008.A.dialogueact82" starttime="191.865" endtime="196.346" comment="quotes: &quot;post doc&quot; &quot;visitor&quot;" type="s^cs^e" adjacency="6a" original-type="s^cs^e" channel="c0" participant="fe016">
      <nite:child href="Bmr008.A.words.xml#id(Bmr008.w.818)..id(Bmr008.w.844)"/>
   </dialogueact>
   <dialogueact nite:id="Bmr008.A.dialogueact89" starttime="207.04" endtime="207.19" type="s^bk" adjacency="8b" original-type="s^bk" channel="c0" participant="fe016">
      <nite:child href="Bmr008.A.words.xml#id(Bmr008.w.895)..id(Bmr008.w.896)"/>
   </dialogueact>
   <dialogueact nite:id="Bmr008.A.dialogueact190" starttime="429.77" endtime="431.17" type="qy^rt" adjacency="5a" original-type="qy^rt" channel="c0" participant="fe016">
      <nite:child href="Bmr008.A.words.xml#id(Bmr008.w.1,957)..id(Bmr008.w.1,964)"/>
   </dialogueact>
   <dialogueact nite:id="Bmr008.A.dialogueact192" starttime="431.17" endtime="431.87" type="s^df" original-type="s^df" channel="c0" participant="fe016">
      <nite:child href="Bmr008.A.words.xml#id(Bmr008.w.1,965)..id(Bmr008.w.1,969)"/>
   </dialogueact>
   <dialogueact nite:id="Bmr008.A.dialogueact194" starttime="434.51" endtime="438.61" type="s^aa|s^arp.%--" original-type="s^aa|s^arp.%--" channel="c0" participant="fe016">
      <nite:child href="Bmr008.A.words.xml#id(Bmr008.w.1,983)..id(Bmr008.w.2,004)"/>
   </dialogueact>
   <dialogueact nite:id="Bmr008.A.dialogueact195" starttime="438.61" endtime="439.93" type="s^no" original-type="s^no" channel="c0" participant="fe016">
      <nite:child href="Bmr008.A.words.xml#id(Bmr008.w.2,005)..id(Bmr008.w.2,014)"/>
   </dialogueact>
   <dialogueact nite:id="Bmr008.A.dialogueact196" starttime="439.93" endtime="441.39" type="s" adjacency="6a" original-type="s" channel="c0" participant="fe016">
      <nite:child href="Bmr008.A.words.xml#id(Bmr008.w.2,015)..id(Bmr008.w.2,020)"/>
   </dialogueact>
   <dialogueact nite:id="Bmr008.A.dialogueact197" starttime="441.86" endtime="442.3" comment="FBH" type="s.%-" adjacency="6a+" original-type="s.%-" channel="c0" participant="fe016">
      <nite:child href="Bmr008.A.words.xml#id(Bmr008.w.2,021)..id(Bmr008.disfmarker.65)"/>
   </dialogueact>
   <dialogueact nite:id="Bmr008.A.dialogueact198" starttime="442.46" endtime="446.72" type="s.%--" original-type="s.%--" channel="c0" participant="fe016">
      <nite:child href="Bmr008.A.words.xml#id(Bmr008.w.2,040)..id(Bmr008.w.2,054)"/>
   </dialogueact>
   <dialogueact nite:id="Bmr008.A.dialogueact201" starttime="446.72" endtime="450.018" type="s" original-type="s" channel="c0" participant="fe016">
      <nite:child href="Bmr008.A.words.xml#id(Bmr008.w.2,055)..id(Bmr008.w.2,087)"/>
   </dialogueact>
   <dialogueact nite:id="Bmr008.A.dialogueact205" starttime="454.752" endtime="456.552" type="s^cs.%-" original-type="s^cs.%-" channel="c0" participant="fe016">
      <nite:child href="Bmr008.A.words.xml#id(Bmr008.w.2,099)..id(Bmr008.disfmarker.70)"/>
   </dialogueact>
   <dialogueact nite:id="Bmr008.A.dialogueact207" starttime="456.912" endtime="459.192" type="s^ba" original-type="sj^ba" channel="c0" participant="fe016">
      <nite:child href="Bmr008.A.words.xml#id(Bmr008.w.2,117)..id(Bmr008.w.2,129)"/>
   </dialogueact>
   <dialogueact nite:id="Bmr008.A.dialogueact210" starttime="459.582" endtime="461.252" type="s.%-" original-type="s.%-" channel="c0" participant="fe016">
      <nite:child href="Bmr008.A.words.xml#id(Bmr008.w.2,134)..id(Bmr008.disfmarker.74)"/>
   </dialogueact>
   <dialogueact nite:id="Bmr008.A.dialogueact212" starttime="462.839" endtime="463.209" type="%-" adjacency="8b-2" original-type="%-" channel="c0" participant="fe016">
      <nite:child href="Bmr008.A.words.xml#id(Bmr008.w.2,158)..id(Bmr008.disfmarker.76)"/>
   </dialogueact>
   <dialogueact nite:id="Bmr008.A.dialogueact213" starttime="467.451" endtime="467.831" type="s^cs.%-" original-type="s^cs.%-" channel="c0" participant="fe016">
      <nite:child href="Bmr008.A.words.xml#id(Bmr008.w.2,176)..id(Bmr008.disfmarker.77)"/>
   </dialogueact>
   <dialogueact nite:id="Bmr008.A.dialogueact218" starttime="471.498" endtime="472.838" type="s^co|qw" adjacency="10b-1.11a" original-type="s^co|qw" channel="c0" participant="fe016">
      <nite:child href="Bmr008.A.words.xml#id(Bmr008.w.2,196)..id(Bmr008.w.2,202)"/>
   </dialogueact>
   <dialogueact nite:id="Bmr008.A.dialogueact220" starttime="472.948" endtime="482.845" type="s^df" original-type="s^df" channel="c0" participant="fe016">
      <nite:child href="Bmr008.A.words.xml#id(Bmr008.w.2,207)..id(Bmr008.w.2,268)"/>
   </dialogueact>
   <dialogueact nite:id="Bmr008.A.dialogueact226" starttime="496.488" endtime="496.858" type="b" original-type="b" channel="c0" participant="fe016">
      <nite:child href="Bmr008.A.words.xml#id(Bmr008.w.2,341)..id(Bmr008.w.2,342)"/>
   </dialogueact>
   <dialogueact nite:id="Bmr008.A.dialogueact230" starttime="504.664" endtime="505.034" type="b" original-type="b" channel="c0" participant="fe016">
      <nite:child href="Bmr008.A.words.xml#id(Bmr008.w.2,391)..id(Bmr008.w.2,392)"/>
   </dialogueact>
   <dialogueact nite:id="Bmr008.A.dialogueact233" starttime="505.244" endtime="505.374" type="b" original-type="b" channel="c0" participant="fe016">
      <nite:child href="Bmr008.A.words.xml#id(Bmr008.w.2,395)..id(Bmr008.w.2,396)"/>
   </dialogueact>
   <dialogueact nite:id="Bmr008.A.dialogueact234" starttime="508.6" endtime="508.89" type="b" original-type="b" channel="c0" participant="fe016">
      <nite:child href="Bmr008.A.words.xml#id(Bmr008.w.2,405)..id(Bmr008.w.2,406)"/>
   </dialogueact>
   <dialogueact nite:id="Bmr008.A.dialogueact236" starttime="509.14" endtime="515.32" type="s" adjacency="1b" original-type="s" channel="c0" participant="fe016">
      <nite:child href="Bmr008.A.words.xml#id(Bmr008.w.2,407)..id(Bmr008.w.2,463)"/>
   </dialogueact>
   <dialogueact nite:id="Bmr008.A.dialogueact252" starttime="539.979" endtime="544.769" comment="quotes: positions..." type="s^cs" adjacency="4b-4.5a" original-type="s^cs" channel="c0" participant="fe016">
      <nite:child href="Bmr008.A.words.xml#id(Bmr008.w.2,558)..id(Bmr008.w.2,576)"/>
   </dialogueact>
   <dialogueact nite:id="Bmr008.A.dialogueact255" starttime="546.322" endtime="553.962" type="s^ar|s^cs" adjacency="6b" original-type="s^ar|s^cs" channel="c0" participant="fe016">
      <nite:child href="Bmr008.A.words.xml#id(Bmr008.w.2,598)..id(Bmr008.w.2,625)"/>
   </dialogueact>
   <dialogueact nite:id="Bmr008.A.dialogueact259" starttime="557.327" endtime="558.617" comment="7a is in the next 10 min chunk of mtng data." type="s" adjacency="7b" original-type="s" channel="c0" participant="fe016">
      <nite:child href="Bmr008.A.words.xml#id(Bmr008.w.2,644)..id(Bmr008.w.2,649)"/>
   </dialogueact>
   <dialogueact nite:id="Bmr008.A.dialogueact260" starttime="558.947" endtime="559.487" type="s" adjacency="7b+" original-type="s" channel="c0" participant="fe016">
      <nite:child href="Bmr008.A.words.xml#id(Bmr008.w.2,650)..id(Bmr008.w.2,653)"/>
   </dialogueact>
   <dialogueact nite:id="Bmr008.A.dialogueact262" starttime="560.248" endtime="560.368" type="b" original-type="b" channel="c0" participant="fe016">
      <nite:child href="Bmr008.A.words.xml#id(Bmr008.w.2,673)..id(Bmr008.w.2,674)"/>
   </dialogueact>
   <dialogueact nite:id="Bmr008.A.dialogueact263" starttime="563.381" endtime="571.114" comment="quotes: positions" type="s" adjacency="8b" original-type="s" channel="c0" participant="fe016">
      <nite:child href="Bmr008.A.words.xml#id(Bmr008.w.2,675)..id(Bmr008.w.2,707)"/>
   </dialogueact>
   <dialogueact nite:id="Bmr008.A.dialogueact265" starttime="571.184" endtime="571.374" type="b" original-type="b" channel="c0" participant="fe016">
      <nite:child href="Bmr008.A.words.xml#id(Bmr008.w.2,708)..id(Bmr008.w.2,709)"/>
   </dialogueact>
   <dialogueact nite:id="Bmr008.A.dialogueact267" starttime="571.704" endtime="572.344" type="s^ba^rt" original-type="sj^ba^rt" channel="c0" participant="fe016">
      <nite:child href="Bmr008.A.words.xml#id(Bmr008.w.2,712)..id(Bmr008.w.2,717)"/>
   </dialogueact>
   <dialogueact nite:id="Bmr008.A.dialogueact268" starttime="572.444" endtime="572.994" type="s^r^t1" original-type="s^r^t1" channel="c0" participant="fe016">
      <nite:child href="Bmr008.A.words.xml#id(Bmr008.w.2,738)..id(Bmr008.w.2,743)"/>
   </dialogueact>
   <dialogueact nite:id="Bmr008.A.dialogueact282" starttime="619.667" endtime="620.027" type="b" original-type="b" channel="c0" participant="fe016">
      <nite:child href="Bmr008.A.words.xml#id(Bmr008.w.2,917)..id(Bmr008.w.2,918)"/>
   </dialogueact>
   <dialogueact nite:id="Bmr008.A.dialogueact321" starttime="697.969" endtime="698.979" comment="said at 11:36" type="qw^rt" adjacency="15b.16a" original-type="qw^rt" channel="c0" participant="fe016">
      <nite:child href="Bmr008.A.words.xml#id(Bmr008.w.3,342)..id(Bmr008.w.3,348)"/>
   </dialogueact>
   <dialogueact nite:id="Bmr008.A.dialogueact326" starttime="708.17" endtime="708.56" comment="This has a sense of disagreement in it as well." type="s^no" adjacency="17b" original-type="s^no" channel="c0" participant="fe016">
      <nite:child href="Bmr008.A.words.xml#id(Bmr008.w.3,385)..id(Bmr008.w.3,388)"/>
   </dialogueact>
   <dialogueact nite:id="Bmr008.A.dialogueact327" starttime="708.73" endtime="711.64" type="s^ng" adjacency="17b+.18a.19a" original-type="s^ng" channel="c0" participant="fe016">
      <nite:child href="Bmr008.A.words.xml#id(Bmr008.w.3,389)..id(Bmr008.w.3,403)"/>
   </dialogueact>
   <dialogueact nite:id="Bmr008.A.dialogueact329" starttime="711.86" endtime="714.018" type="s^df.%--" adjacency="18b" original-type="s^df.%--" channel="c0" participant="fe016">
      <nite:child href="Bmr008.A.words.xml#id(Bmr008.w.3,406)..id(Bmr008.disfmarker.123)"/>
   </dialogueact>
   <dialogueact nite:id="Bmr008.A.dialogueact331" starttime="714.271" endtime="717.011" comment="Ques: I'm not sure" type="fg|qo^rt" adjacency="20a" original-type="fg|qo^rt" channel="c0" participant="fe016">
      <nite:child href="Bmr008.A.words.xml#id(Bmr008.w.3,435)..id(Bmr008.w.3,447)"/>
   </dialogueact>
   <dialogueact nite:id="Bmr008.A.dialogueact335" starttime="718.255" endtime="718.905" type="s.%-" original-type="s.%-" channel="c0" participant="fe016">
      <nite:child href="Bmr008.A.words.xml#id(Bmr008.w.3,465)..id(Bmr008.disfmarker.128)"/>
   </dialogueact>
   <dialogueact nite:id="Bmr008.A.dialogueact339" starttime="722.081" endtime="723.531" comment="&quot;no&quot; in the sense that she's agreeing that it's not illegal. answering to a negative &lt;bu&gt;." type="s^aa" adjacency="1b" original-type="s^aa" channel="c0" participant="fe016">
      <nite:child href="Bmr008.A.words.xml#id(Bmr008.w.3,497)..id(Bmr008.w.3,502)"/>
   </dialogueact>
   <dialogueact nite:id="Bmr008.A.dialogueact341" starttime="723.531" endtime="727.111" type="s^df" adjacency="1b+" original-type="s^df" channel="c0" participant="fe016">
      <nite:child href="Bmr008.A.words.xml#id(Bmr008.w.3,503)..id(Bmr008.w.3,521)"/>
   </dialogueact>
   <dialogueact nite:id="Bmr008.A.dialogueact351" starttime="751.156" endtime="752.136" type="s^ba" adjacency="5b-1" original-type="sj^ba" channel="c0" participant="fe016">
      <nite:child href="Bmr008.A.words.xml#id(Bmr008.w.3,621)..id(Bmr008.w.3,626)"/>
   </dialogueact>
   <dialogueact nite:id="Bmr008.A.dialogueact365" starttime="766.192" endtime="767.682" type="s" adjacency="8a" original-type="s" channel="c0" participant="fe016">
      <nite:child href="Bmr008.A.words.xml#id(Bmr008.w.3,716)..id(Bmr008.w.3,720)"/>
   </dialogueact>
   <dialogueact nite:id="Bmr008.A.dialogueact366" starttime="768.538" endtime="770.558" type="s" original-type="s" channel="c0" participant="fe016">
      <nite:child href="Bmr008.A.words.xml#id(Bmr008.w.3,721)..id(Bmr008.w.3,734)"/>
   </dialogueact>
   <dialogueact nite:id="Bmr008.A.dialogueact371" starttime="775.67" endtime="778.79" type="s" adjacency="10a" original-type="s" channel="c0" participant="fe016">
      <nite:child href="Bmr008.A.words.xml#id(Bmr008.w.3,767)..id(Bmr008.w.3,781)"/>
   </dialogueact>
   <dialogueact nite:id="Bmr008.A.dialogueact374" starttime="781.448" endtime="782.528" type="s.%-" adjacency="10a+" original-type="s.%-" channel="c0" participant="fe016">
      <nite:child href="Bmr008.A.words.xml#id(Bmr008.w.3,795)..id(Bmr008.disfmarker.143)"/>
   </dialogueact>
   <dialogueact nite:id="Bmr008.A.dialogueact379" starttime="789.51" endtime="791.37" type="s^aa|s^df.%-" adjacency="1b" original-type="s^aa|s^df.%-" channel="c0" participant="fe016">
      <nite:child href="Bmr008.A.words.xml#id(Bmr008.w.3,836)..id(Bmr008.disfmarker.147)"/>
   </dialogueact>
   <dialogueact nite:id="Bmr008.A.dialogueact381" starttime="792.971" endtime="795.131" type="s.%--" original-type="s.%--" channel="c0" participant="fe016">
      <nite:child href="Bmr008.A.words.xml#id(Bmr008.w.3,852)..id(Bmr008.w.3,860)"/>
   </dialogueact>
   <dialogueact nite:id="Bmr008.A.dialogueact387" starttime="802.115" endtime="802.945" type="s" adjacency="4a" original-type="s" channel="c0" participant="fe016">
      <nite:child href="Bmr008.A.words.xml#id(Bmr008.w.3,903)..id(Bmr008.w.3,907)"/>
   </dialogueact>
   <dialogueact nite:id="Bmr008.A.dialogueact389" starttime="806.508" endtime="811.102" type="s^bk|s^cs^rt" original-type="s^bk|s^cs^rt" channel="c0" participant="fe016">
      <nite:child href="Bmr008.A.words.xml#id(Bmr008.w.3,921)..id(Bmr008.w.3,963)"/>
   </dialogueact>
   <dialogueact nite:id="Bmr008.A.dialogueact400" starttime="825.32" endtime="825.71" type="s^aa" adjacency="10b-1" original-type="s^aa" channel="c0" participant="fe016">
      <nite:child href="Bmr008.A.words.xml#id(Bmr008.w.4,050)..id(Bmr008.w.4,051)"/>
   </dialogueact>
   <dialogueact nite:id="Bmr008.A.dialogueact405" starttime="830.1" endtime="836.34" type="s" adjacency="12b" original-type="s" channel="c0" participant="fe016">
      <nite:child href="Bmr008.A.words.xml#id(Bmr008.w.4,086)..id(Bmr008.w.4,122)"/>
   </dialogueact>
   <dialogueact nite:id="Bmr008.A.dialogueact407" starttime="837.327" endtime="838.677" comment="I'm not sure if you can attach an &lt;t&gt; to an &lt;fg&gt; though." type="fg|s" original-type="fg|s" channel="c0" participant="fe016">
      <nite:child href="Bmr008.A.words.xml#id(Bmr008.w.4,123)..id(Bmr008.w.4,127)"/>
   </dialogueact>
   <dialogueact nite:id="Bmr008.A.dialogueact408" starttime="838.797" endtime="839.087" type="s^no" original-type="s^no" channel="c0" participant="fe016">
      <nite:child href="Bmr008.A.words.xml#id(Bmr008.w.4,128)..id(Bmr008.w.4,131)"/>
   </dialogueact>
   <dialogueact nite:id="Bmr008.A.dialogueact422" starttime="868.959" endtime="869.309" type="s^bk" adjacency="4b-2" original-type="s^bk" channel="c0" participant="fe016">
      <nite:child href="Bmr008.A.words.xml#id(Bmr008.w.4,309)..id(Bmr008.w.4,310)"/>
   </dialogueact>
   <dialogueact nite:id="Bmr008.A.dialogueact434" starttime="878.577" endtime="879.417" type="s^ba" original-type="sj^ba" channel="c0" participant="fe016">
      <nite:child href="Bmr008.A.words.xml#id(Bmr008.w.4,383)..id(Bmr008.w.4,388)"/>
   </dialogueact>
   <dialogueact nite:id="Bmr008.A.dialogueact438" starttime="882.58" endtime="888.33" comment="quotes: &quot;optional&quot;" type="s^co" adjacency="8a" original-type="s^co" channel="c0" participant="fe016">
      <nite:child href="Bmr008.A.words.xml#id(Bmr008.w.4,393)..id(Bmr008.w.4,425)"/>
   </dialogueact>
   <dialogueact nite:id="Bmr008.A.dialogueact440" starttime="889.676" endtime="891.59" type="s^bs" adjacency="9b" original-type="s^bs" channel="c0" participant="fe016">
      <nite:child href="Bmr008.A.words.xml#id(Bmr008.w.4,440)..id(Bmr008.w.4,448)"/>
   </dialogueact>
   <dialogueact nite:id="Bmr008.A.dialogueact444" starttime="891.69" endtime="891.87" type="s^bk" adjacency="10b" original-type="s^bk" channel="c0" participant="fe016">
      <nite:child href="Bmr008.A.words.xml#id(Bmr008.w.4,449)..id(Bmr008.w.4,450)"/>
   </dialogueact>
   <dialogueact nite:id="Bmr008.A.dialogueact487" starttime="990.158" endtime="991.668" comment="quote: region" type="qw^rt" adjacency="8b.9a" original-type="qw^rt" channel="c0" participant="fe016">
      <nite:child href="Bmr008.A.words.xml#id(Bmr008.w.4,910)..id(Bmr008.w.4,914)"/>
   </dialogueact>
   <dialogueact nite:id="Bmr008.A.dialogueact489" starttime="991.848" endtime="995.658" comment="quote: &quot;region.&quot;" type="s" original-type="s" channel="c0" participant="fe016">
      <nite:child href="Bmr008.A.words.xml#id(Bmr008.w.4,926)..id(Bmr008.w.4,943)"/>
   </dialogueact>
   <dialogueact nite:id="Bmr008.A.dialogueact492" starttime="996.9" endtime="999.23" type="qr.%--" adjacency="1a" original-type="qr.%--" channel="c0" participant="fe016">
      <nite:child href="Bmr008.A.words.xml#id(Bmr008.w.4,951)..id(Bmr008.w.4,965)"/>
   </dialogueact>
   <dialogueact nite:id="Bmr008.A.dialogueact493" starttime="999.52" endtime="999.84" type="%-" original-type="%-" channel="c0" participant="fe016">
      <nite:child href="Bmr008.A.words.xml#id(Bmr008.w.4,966)..id(Bmr008.w.4,967)"/>
   </dialogueact>
   <dialogueact nite:id="Bmr008.A.dialogueact502" starttime="1009.04" endtime="1009.53" type="s.%-" original-type="s.%-" channel="c0" participant="fe016">
      <nite:child href="Bmr008.A.words.xml#id(Bmr008.w.5,039)..id(Bmr008.w.5,042)"/>
   </dialogueact>
   <dialogueact nite:id="Bmr008.A.dialogueact517" starttime="1047.87" endtime="1052.79" type="s^aa|s^df" adjacency="7b.8a.9a" original-type="s^aa|s^df" channel="c0" participant="fe016">
      <nite:child href="Bmr008.A.words.xml#id(Bmr008.w.5,242)..id(Bmr008.w.5,277)"/>
   </dialogueact>
   <dialogueact nite:id="Bmr008.A.dialogueact522" starttime="1054.19" endtime="1058.01" type="s.%--" adjacency="10a" original-type="s.%--" channel="c0" participant="fe016">
      <nite:child href="Bmr008.A.words.xml#id(Bmr008.w.5,293)..id(Bmr008.disfmarker.212)"/>
   </dialogueact>
   <dialogueact nite:id="Bmr008.A.dialogueact524" starttime="1058.13" endtime="1060.6" type="s.%--" adjacency="10a+" original-type="s.%--" channel="c0" participant="fe016">
      <nite:child href="Bmr008.A.words.xml#id(Bmr008.w.5,310)..id(Bmr008.disfmarker.213)"/>
   </dialogueact>
   <dialogueact nite:id="Bmr008.A.dialogueact526" starttime="1061.07" endtime="1061.33" type="fh" original-type="fh" channel="c0" participant="fe016">
      <nite:child href="Bmr008.A.words.xml#id(Bmr008.w.5,319)..id(Bmr008.w.5,320)"/>
   </dialogueact>
   <dialogueact nite:id="Bmr008.A.dialogueact529" starttime="1063.73" endtime="1064.41" type="s^t1.%--" original-type="s^t1.%--" channel="c0" participant="fe016">
      <nite:child href="Bmr008.A.words.xml#id(Bmr008.w.5,333)..id(Bmr008.disfmarker.215)"/>
   </dialogueact>
   <dialogueact nite:id="Bmr008.A.dialogueact555" starttime="1089.97" endtime="1094.41" comment="18:09 start time" type="s^df" adjacency="5a" original-type="s^df" channel="c0" participant="fe016">
      <nite:child href="Bmr008.A.words.xml#id(Bmr008.w.5,504)..id(Bmr008.w.5,534)"/>
   </dialogueact>
   <dialogueact nite:id="Bmr008.A.dialogueact558" starttime="1094.41" endtime="1097.45" type="s^cs.%--" adjacency="5a+" original-type="s^cs.%--" channel="c0" participant="fe016">
      <nite:child href="Bmr008.A.words.xml#id(Bmr008.w.5,535)..id(Bmr008.w.5,545)"/>
   </dialogueact>
   <dialogueact nite:id="Bmr008.A.dialogueact559" starttime="1098.29" endtime="1104.72" comment="start 18:18" type="s^cs" adjacency="9b" original-type="s^cs" channel="c0" participant="fe016">
      <nite:child href="Bmr008.A.words.xml#id(Bmr008.w.5,546)..id(Bmr008.w.5,563)"/>
   </dialogueact>
   <dialogueact nite:id="Bmr008.A.dialogueact561" starttime="1111.1" endtime="1111.59" type="b" original-type="b" channel="c0" participant="fe016">
      <nite:child href="Bmr008.A.words.xml#id(Bmr008.w.5,605)..id(Bmr008.w.5,606)"/>
   </dialogueact>
   <dialogueact nite:id="Bmr008.A.dialogueact583" starttime="1137.28" endtime="1139.71" type="s^aa" adjacency="3b-2" original-type="s^aa" channel="c0" participant="fe016">
      <nite:child href="Bmr008.A.words.xml#id(Bmr008.w.5,746)..id(Bmr008.w.5,751)"/>
   </dialogueact>
   <dialogueact nite:id="Bmr008.A.dialogueact584" starttime="1139.71" endtime="1145.53" type="s^arp^df" adjacency="3b-2+.4a" original-type="s^arp^df" channel="c0" participant="fe016">
      <nite:child href="Bmr008.A.words.xml#id(Bmr008.w.5,752)..id(Bmr008.w.5,781)"/>
   </dialogueact>
   <dialogueact nite:id="Bmr008.A.dialogueact585" starttime="1145.53" endtime="1145.75" type="fh" original-type="fh" channel="c0" participant="fe016">
      <nite:child href="Bmr008.A.words.xml#id(Bmr008.w.5,782)..id(Bmr008.w.5,783)"/>
   </dialogueact>
   <dialogueact nite:id="Bmr008.A.dialogueact588" starttime="1146.52" endtime="1147.8" type="s" original-type="s" channel="c0" participant="fe016">
      <nite:child href="Bmr008.A.words.xml#id(Bmr008.w.5,801)..id(Bmr008.w.5,803)"/>
   </dialogueact>
   <dialogueact nite:id="Bmr008.A.dialogueact593" starttime="1153.61" endtime="1154.81" type="s" adjacency="5b" original-type="s" channel="c0" participant="fe016">
      <nite:child href="Bmr008.A.words.xml#id(Bmr008.w.5,840)..id(Bmr008.w.5,845)"/>
   </dialogueact>
   <dialogueact nite:id="Bmr008.A.dialogueact594" starttime="1154.91" endtime="1159.29" type="s^df.%--" adjacency="5b+.6a" original-type="s^df.%--" channel="c0" participant="fe016">
      <nite:child href="Bmr008.A.words.xml#id(Bmr008.w.5,846)..id(Bmr008.w.5,863)"/>
   </dialogueact>
   <dialogueact nite:id="Bmr008.A.dialogueact597" starttime="1159.29" endtime="1162.62" type="s^ng" adjacency="5b++.7b.8a" original-type="s^ng" channel="c0" participant="fe016">
      <nite:child href="Bmr008.A.words.xml#id(Bmr008.w.5,871)..id(Bmr008.w.5,883)"/>
   </dialogueact>
   <dialogueact nite:id="Bmr008.A.dialogueact598" starttime="1162.62" endtime="1168.78" type="s^df^ng" adjacency="5b+++.7b+.8a+" original-type="s^df^ng" channel="c0" participant="fe016">
      <nite:child href="Bmr008.A.words.xml#id(Bmr008.w.5,884)..id(Bmr008.w.5,925)"/>
   </dialogueact>
   <dialogueact nite:id="Bmr008.A.dialogueact601" starttime="1175.03" endtime="1175.51" type="s^no^rt" original-type="s^no^rt" channel="c0" participant="fe016">
      <nite:child href="Bmr008.A.words.xml#id(Bmr008.w.5,933)..id(Bmr008.w.5,935)"/>
   </dialogueact>
   <dialogueact nite:id="Bmr008.A.dialogueact602" starttime="1175.51" endtime="1183.17" comment="quote: &quot;midwest&quot;" type="s" original-type="s" channel="c0" participant="fe016">
      <nite:child href="Bmr008.A.words.xml#id(Bmr008.w.5,936)..id(Bmr008.w.5,966)"/>
   </dialogueact>
   <dialogueact nite:id="Bmr008.A.dialogueact604" starttime="1183.67" endtime="1188.26" type="s" adjacency="10a" original-type="s" channel="c0" participant="fe016">
      <nite:child href="Bmr008.A.words.xml#id(Bmr008.w.5,967)..id(Bmr008.w.5,991)"/>
   </dialogueact>
   <dialogueact nite:id="Bmr008.A.dialogueact607" starttime="1188.26" endtime="1189.4" comment="FBH" type="s.%-" adjacency="10a" original-type="s.%-" channel="c0" participant="fe016">
      <nite:child href="Bmr008.A.words.xml#id(Bmr008.w.5,992)..id(Bmr008.w.5,998)"/>
   </dialogueact>
   <dialogueact nite:id="Bmr008.A.dialogueact608" starttime="1189.39" endtime="1191.39" type="s" adjacency="10a" original-type="s" channel="c0" participant="fe016">
      <nite:child href="Bmr008.A.words.xml#id(Bmr008.w.5,999)..id(Bmr008.w.6,004)"/>
   </dialogueact>
   <dialogueact nite:id="Bmr008.A.dialogueact609" starttime="1191.39" endtime="1194.61" type="s^df" adjacency="10a" original-type="s^df" channel="c0" participant="fe016">
      <nite:child href="Bmr008.A.words.xml#id(Bmr008.w.6,005)..id(Bmr008.w.6,014)"/>
   </dialogueact>
   <dialogueact nite:id="Bmr008.A.dialogueact611" starttime="1196.27" endtime="1196.62" type="%-" original-type="%-" channel="c0" participant="fe016">
      <nite:child href="Bmr008.A.words.xml#id(Bmr008.w.6,028)..id(Bmr008.disfmarker.250)"/>
   </dialogueact>
   <dialogueact nite:id="Bmr008.A.dialogueact620" starttime="1235.95" endtime="1237.01" type="s^e.%-" adjacency="3b.5a" original-type="s^e.%-" channel="c0" participant="fe016">
      <nite:child href="Bmr008.A.words.xml#id(Bmr008.w.6,197)..id(Bmr008.disfmarker.260)"/>
   </dialogueact>
   <dialogueact nite:id="Bmr008.A.dialogueact621" starttime="1237.44" endtime="1237.54" type="b" original-type="b" channel="c0" participant="fe016">
      <nite:child href="Bmr008.A.words.xml#id(Bmr008.w.6,201)..id(Bmr008.w.6,202)"/>
   </dialogueact>
   <dialogueact nite:id="Bmr008.A.dialogueact623" starttime="1240.77" endtime="1241.5" type="s^r.%-" adjacency="5b" original-type="s^r.%-" channel="c0" participant="fe016">
      <nite:child href="Bmr008.A.words.xml#id(Bmr008.w.6,223)..id(Bmr008.disfmarker.262)"/>
   </dialogueact>
   <dialogueact nite:id="Bmr008.A.dialogueact635" starttime="1278.96" endtime="1281.09" comment="start 21:18" type="qh" original-type="qh" channel="c0" participant="fe016">
      <nite:child href="Bmr008.A.words.xml#id(Bmr008.w.6,395)..id(Bmr008.w.6,405)"/>
   </dialogueact>
   <dialogueact nite:id="Bmr008.A.dialogueact636" starttime="1281.19" endtime="1291.16" type="s" adjacency="8a" original-type="s" channel="c0" participant="fe016">
      <nite:child href="Bmr008.A.words.xml#id(Bmr008.w.6,406)..id(Bmr008.w.6,435)"/>
   </dialogueact>
   <dialogueact nite:id="Bmr008.A.dialogueact637" starttime="1291.16" endtime="1296.11" type="s" adjacency="8a+" original-type="s" channel="c0" participant="fe016">
      <nite:child href="Bmr008.A.words.xml#id(Bmr008.w.6,436)..id(Bmr008.w.6,464)"/>
   </dialogueact>
   <dialogueact nite:id="Bmr008.A.dialogueact639" starttime="1296.11" endtime="1296.72" type="s^ba^df^rt" original-type="sj^ba^df^rt" channel="c0" participant="fe016">
      <nite:child href="Bmr008.A.words.xml#id(Bmr008.w.6,465)..id(Bmr008.w.6,468)"/>
   </dialogueact>
   <dialogueact nite:id="Bmr008.A.dialogueact640" starttime="1296.94" endtime="1297.26" type="s^arp.%-" original-type="s^arp.%-" channel="c0" participant="fe016">
      <nite:child href="Bmr008.A.words.xml#id(Bmr008.w.6,469)..id(Bmr008.disfmarker.270)"/>
   </dialogueact>
   <dialogueact nite:id="Bmr008.A.dialogueact642" starttime="1300.24" endtime="1300.64" type="b" original-type="b" channel="c0" participant="fe016">
      <nite:child href="Bmr008.A.words.xml#id(Bmr008.w.6,499)..id(Bmr008.w.6,502)"/>
   </dialogueact>
   <dialogueact nite:id="Bmr008.A.dialogueact645" starttime="1314.08" endtime="1314.59" type="b" original-type="b" channel="c0" participant="fe016">
      <nite:child href="Bmr008.A.words.xml#id(Bmr008.w.6,554)..id(Bmr008.w.6,555)"/>
   </dialogueact>
   <dialogueact nite:id="Bmr008.A.dialogueact647" starttime="1315.39" endtime="1319.24" type="s.%--" original-type="s.%--" channel="c0" participant="fe016">
      <nite:child href="Bmr008.A.words.xml#id(Bmr008.w.6,556)..id(Bmr008.disfmarker.275)"/>
   </dialogueact>
   <dialogueact nite:id="Bmr008.A.dialogueact649" starttime="1319.24" endtime="1321.85" type="s" adjacency="10a" original-type="s" channel="c0" participant="fe016">
      <nite:child href="Bmr008.A.words.xml#id(Bmr008.w.6,586)..id(Bmr008.w.6,597)"/>
   </dialogueact>
   <dialogueact nite:id="Bmr008.A.dialogueact651" starttime="1322.91" endtime="1332.45" type="s^cs" original-type="s^cs" channel="c0" participant="fe016">
      <nite:child href="Bmr008.A.words.xml#id(Bmr008.w.6,606)..id(Bmr008.w.6,632)"/>
   </dialogueact>
   <dialogueact nite:id="Bmr008.A.dialogueact652" starttime="1332.52" endtime="1336.6" comment="quotes: non american english" type="s^cs" original-type="s^cs" channel="c0" participant="fe016">
      <nite:child href="Bmr008.A.words.xml#id(Bmr008.w.6,633)..id(Bmr008.w.6,652)"/>
   </dialogueact>
   <dialogueact nite:id="Bmr008.A.dialogueact653" starttime="1337.26" endtime="1346.61" type="s.%--" original-type="s.%--" channel="c0" participant="fe016">
      <nite:child href="Bmr008.A.words.xml#id(Bmr008.w.6,653)..id(Bmr008.disfmarker.276)"/>
   </dialogueact>
   <dialogueact nite:id="Bmr008.A.dialogueact654" starttime="1346.61" endtime="1350.17" type="s" original-type="s" channel="c0" participant="fe016">
      <nite:child href="Bmr008.A.words.xml#id(Bmr008.w.6,683)..id(Bmr008.w.6,701)"/>
   </dialogueact>
   <dialogueact nite:id="Bmr008.A.dialogueact655" starttime="1350.17" endtime="1353.35" type="s" original-type="s" channel="c0" participant="fe016">
      <nite:child href="Bmr008.A.words.xml#id(Bmr008.w.6,702)..id(Bmr008.w.6,711)"/>
   </dialogueact>
   <dialogueact nite:id="Bmr008.A.dialogueact656" starttime="1353.35" endtime="1357.86" type="s^cs" original-type="s^cs" channel="c0" participant="fe016">
      <nite:child href="Bmr008.A.words.xml#id(Bmr008.w.6,712)..id(Bmr008.w.6,734)"/>
   </dialogueact>
   <dialogueact nite:id="Bmr008.A.dialogueact657" starttime="1357.86" endtime="1364.95" comment="quotes: i've got twenty people who said midwest" type="s:s" adjacency="1a" original-type="s:s" channel="c0" participant="fe016">
      <nite:child href="Bmr008.A.words.xml#id(Bmr008.w.6,735)..id(Bmr008.w.6,761)"/>
   </dialogueact>
   <dialogueact nite:id="Bmr008.A.dialogueact658" starttime="1364.95" endtime="1367.09" comment="quotes: whole utt" type="s:s" adjacency="1a+" original-type="s:s" channel="c0" participant="fe016">
      <nite:child href="Bmr008.A.words.xml#id(Bmr008.w.6,762)..id(Bmr008.w.6,772)"/>
   </dialogueact>
   <dialogueact nite:id="Bmr008.A.dialogueact659" starttime="1367.09" endtime="1368.63" type="s.%-" adjacency="1a++" original-type="s.%-" channel="c0" participant="fe016">
      <nite:child href="Bmr008.A.words.xml#id(Bmr008.w.6,773)..id(Bmr008.w.6,778)"/>
   </dialogueact>
   <dialogueact nite:id="Bmr008.A.dialogueact664" starttime="1385.76" endtime="1386.58" type="s^bk|fg.%-" adjacency="2b" original-type="s^bk|fg.%-" channel="c0" participant="fe016">
      <nite:child href="Bmr008.A.words.xml#id(Bmr008.w.6,863)..id(Bmr008.disfmarker.282)"/>
   </dialogueact>
   <dialogueact nite:id="Bmr008.A.dialogueact665" starttime="1386.93" endtime="1388.13" type="s.%--" original-type="s.%--" channel="c0" participant="fe016">
      <nite:child href="Bmr008.A.words.xml#id(Bmr008.w.6,868)..id(Bmr008.disfmarker.283)"/>
   </dialogueact>
   <dialogueact nite:id="Bmr008.A.dialogueact684" starttime="1433.5" endtime="1437.72" type="s^arp" adjacency="5b-2" original-type="s^arp" channel="c0" participant="fe016">
      <nite:child href="Bmr008.A.words.xml#id(Bmr008.w.7,100)..id(Bmr008.w.7,117)"/>
   </dialogueact>
   <dialogueact nite:id="Bmr008.A.dialogueact686" starttime="1437.72" endtime="1443.84" type="s^df^e.%-" adjacency="5b-2+.6a" original-type="s^df^e.%-" channel="c0" participant="fe016">
      <nite:child href="Bmr008.A.words.xml#id(Bmr008.w.7,118)..id(Bmr008.w.7,145)"/>
   </dialogueact>
   <dialogueact nite:id="Bmr008.A.dialogueact688" starttime="1443.84" endtime="1444.32" type="s^aa" adjacency="7b" original-type="s^aa" channel="c0" participant="fe016">
      <nite:child href="Bmr008.A.words.xml#id(Bmr008.w.7,146)..id(Bmr008.w.7,147)"/>
   </dialogueact>
   <dialogueact nite:id="Bmr008.A.dialogueact689" starttime="1444.42" endtime="1448.43" comment="quotes: &quot;in the home&quot;" type="s" original-type="s" channel="c0" participant="fe016">
      <nite:child href="Bmr008.A.words.xml#id(Bmr008.w.7,148)..id(Bmr008.w.7,160)"/>
   </dialogueact>
   <dialogueact nite:id="Bmr008.A.dialogueact691" starttime="1448.71" endtime="1452.27" type="s" adjacency="8a" original-type="s" channel="c0" participant="fe016">
      <nite:child href="Bmr008.A.words.xml#id(Bmr008.w.7,167)..id(Bmr008.w.7,189)"/>
   </dialogueact>
   <dialogueact nite:id="Bmr008.A.dialogueact702" starttime="1461.86" endtime="1462.16" type="s^bk" adjacency="10b" original-type="s^bk" channel="c0" participant="fe016">
      <nite:child href="Bmr008.A.words.xml#id(Bmr008.w.7,265)..id(Bmr008.w.7,266)"/>
   </dialogueact>
   <dialogueact nite:id="Bmr008.A.dialogueact707" starttime="1470.96" endtime="1471.49" type="b" original-type="b" channel="c0" participant="fe016">
      <nite:child href="Bmr008.A.words.xml#id(Bmr008.w.7,308)..id(Bmr008.w.7,309)"/>
   </dialogueact>
   <dialogueact nite:id="Bmr008.A.dialogueact717" starttime="1501.3" endtime="1501.89" type="b" original-type="b" channel="c0" participant="fe016">
      <nite:child href="Bmr008.A.words.xml#id(Bmr008.w.7,456)..id(Bmr008.w.7,459)"/>
   </dialogueact>
   <dialogueact nite:id="Bmr008.A.dialogueact741" starttime="1550.0" endtime="1554.74" type="s^df^nd" adjacency="9b-2" original-type="s^df^nd" channel="c0" participant="fe016">
      <nite:child href="Bmr008.A.words.xml#id(Bmr008.w.7,713)..id(Bmr008.w.7,740)"/>
   </dialogueact>
   <dialogueact nite:id="Bmr008.A.dialogueact744" starttime="1554.74" endtime="1556.34" type="s" original-type="s" channel="c0" participant="fe016">
      <nite:child href="Bmr008.A.words.xml#id(Bmr008.w.7,741)..id(Bmr008.w.7,748)"/>
   </dialogueact>
   <dialogueact nite:id="Bmr008.A.dialogueact745" starttime="1556.45" endtime="1556.52" type="fh" original-type="fh" channel="c0" participant="fe016">
      <nite:child href="Bmr008.A.words.xml#id(Bmr008.w.7,749)"/>
   </dialogueact>
   <dialogueact nite:id="Bmr008.A.dialogueact751" starttime="1568.3" endtime="1571.78" comment="AP pair 11a is 7 lines down." type="s.%--" adjacency="11b.12a" original-type="s.%--" channel="c0" participant="fe016">
      <nite:child href="Bmr008.A.words.xml#id(Bmr008.w.7,820)..id(Bmr008.disfmarker.318)"/>
   </dialogueact>
   <dialogueact nite:id="Bmr008.A.dialogueact752" starttime="1571.89" endtime="1573.75" comment="start 26:12" type="s" original-type="s" channel="c0" participant="fe016">
      <nite:child href="Bmr008.A.words.xml#id(Bmr008.w.7,834)..id(Bmr008.w.7,840)"/>
   </dialogueact>
   <dialogueact nite:id="Bmr008.A.dialogueact753" starttime="1573.75" endtime="1575.42" comment="start 26:14" type="s^no" original-type="s^no" channel="c0" participant="fe016">
      <nite:child href="Bmr008.A.words.xml#id(Bmr008.w.7,841)..id(Bmr008.w.7,850)"/>
   </dialogueact>
   <dialogueact nite:id="Bmr008.A.dialogueact754" starttime="1575.47" endtime="1577.52" comment="quotes: regions" type="s.%--" original-type="s.%--" channel="c0" participant="fe016">
      <nite:child href="Bmr008.A.words.xml#id(Bmr008.w.7,851)..id(Bmr008.disfmarker.320)"/>
   </dialogueact>
   <dialogueact nite:id="Bmr008.A.dialogueact755" starttime="1577.78" endtime="1579.51" comment="start 26:18" type="s.%--" original-type="s.%--" channel="c0" participant="fe016">
      <nite:child href="Bmr008.A.words.xml#id(Bmr008.w.7,862)..id(Bmr008.disfmarker.321)"/>
   </dialogueact>
   <dialogueact nite:id="Bmr008.A.dialogueact756" starttime="1580.22" endtime="1586.56" type="s" original-type="s" channel="c0" participant="fe016">
      <nite:child href="Bmr008.A.words.xml#id(Bmr008.w.7,870)..id(Bmr008.w.7,888)"/>
   </dialogueact>
   <dialogueact nite:id="Bmr008.A.dialogueact757" starttime="1586.56" endtime="1589.98" type="s.%--" original-type="s.%--" channel="c0" participant="fe016">
      <nite:child href="Bmr008.A.words.xml#id(Bmr008.w.7,889)..id(Bmr008.disfmarker.322)"/>
   </dialogueact>
   <dialogueact nite:id="Bmr008.A.dialogueact758" starttime="1590.48" endtime="1594.05" comment="start 26:30" type="s" original-type="s" channel="c0" participant="fe016">
      <nite:child href="Bmr008.A.words.xml#id(Bmr008.w.7,899)..id(Bmr008.w.7,919)"/>
   </dialogueact>
   <dialogueact nite:id="Bmr008.A.dialogueact760" starttime="1594.05" endtime="1594.47" type="s.%-" original-type="s.%-" channel="c0" participant="fe016">
      <nite:child href="Bmr008.A.words.xml#id(Bmr008.w.7,920)..id(Bmr008.disfmarker.323)"/>
   </dialogueact>
   <dialogueact nite:id="Bmr008.A.dialogueact764" starttime="1599.1" endtime="1607.85" type="h|s^nd" adjacency="13b.14a" original-type="h|s^nd" channel="c0" participant="fe016">
      <nite:child href="Bmr008.A.words.xml#id(Bmr008.w.7,949)..id(Bmr008.w.7,983)"/>
   </dialogueact>
   <dialogueact nite:id="Bmr008.A.dialogueact769" starttime="1609.44" endtime="1614.76" comment="quotes: regions" type="s.%--" original-type="s.%--" channel="c0" participant="fe016">
      <nite:child href="Bmr008.A.words.xml#id(Bmr008.w.7,992)..id(Bmr008.disfmarker.325)"/>
   </dialogueact>
   <dialogueact nite:id="Bmr008.A.dialogueact773" starttime="1614.76" endtime="1617.79" comment="start 26:54" type="s" original-type="s" channel="c0" participant="fe016">
      <nite:child href="Bmr008.A.words.xml#id(Bmr008.w.8,013)..id(Bmr008.w.8,022)"/>
   </dialogueact>
   <dialogueact nite:id="Bmr008.A.dialogueact774" starttime="1617.84" endtime="1621.06" type="s^ba" original-type="sj^ba" channel="c0" participant="fe016">
      <nite:child href="Bmr008.A.words.xml#id(Bmr008.w.8,023)..id(Bmr008.w.8,040)"/>
   </dialogueact>
   <dialogueact nite:id="Bmr008.A.dialogueact775" starttime="1621.62" endtime="1627.41" type="s^df" adjacency="15a" original-type="s^df" channel="c0" participant="fe016">
      <nite:child href="Bmr008.A.words.xml#id(Bmr008.w.8,041)..id(Bmr008.w.8,066)"/>
   </dialogueact>
   <dialogueact nite:id="Bmr008.A.dialogueact779" starttime="1629.29" endtime="1635.1" comment="start 27:09" type="s^arp.%--" adjacency="17b.18a.19a" original-type="s^arp.%--" channel="c0" participant="fe016">
      <nite:child href="Bmr008.A.words.xml#id(Bmr008.w.8,093)..id(Bmr008.disfmarker.329)"/>
   </dialogueact>
   <dialogueact nite:id="Bmr008.A.dialogueact781" starttime="1635.42" endtime="1640.76" type="s^aap^cs" adjacency="18b" original-type="s^aap^cs" channel="c0" participant="fe016">
      <nite:child href="Bmr008.A.words.xml#id(Bmr008.w.8,119)..id(Bmr008.w.8,141)"/>
   </dialogueact>
   <dialogueact nite:id="Bmr008.A.dialogueact784" starttime="1643.86" endtime="1646.49" type="s^nd" adjacency="20b" original-type="s^nd" channel="c0" participant="fe016">
      <nite:child href="Bmr008.A.words.xml#id(Bmr008.w.8,166)..id(Bmr008.w.8,175)"/>
   </dialogueact>
   <dialogueact nite:id="Bmr008.A.dialogueact785" starttime="1647.17" endtime="1648.58" type="s^df" original-type="s^df" channel="c0" participant="fe016">
      <nite:child href="Bmr008.A.words.xml#id(Bmr008.w.8,176)..id(Bmr008.w.8,183)"/>
   </dialogueact>
   <dialogueact nite:id="Bmr008.A.dialogueact786" starttime="1648.81" endtime="1650.07" type="s^ba.%--" original-type="sj^ba.%--" channel="c0" participant="fe016">
      <nite:child href="Bmr008.A.words.xml#id(Bmr008.w.8,184)..id(Bmr008.disfmarker.330)"/>
   </dialogueact>
   <dialogueact nite:id="Bmr008.A.dialogueact787" starttime="1650.24" endtime="1654.12" type="s" original-type="s" channel="c0" participant="fe016">
      <nite:child href="Bmr008.A.words.xml#id(Bmr008.w.8,189)..id(Bmr008.w.8,202)"/>
   </dialogueact>
   <dialogueact nite:id="Bmr008.A.dialogueact788" starttime="1655.05" endtime="1655.74" type="s.%-" adjacency="1a" original-type="sj.%-" channel="c0" participant="fe016">
      <nite:child href="Bmr008.A.words.xml#id(Bmr008.w.8,203)..id(Bmr008.w.8,206)"/>
   </dialogueact>
   <dialogueact nite:id="Bmr008.A.dialogueact790" starttime="1658.23" endtime="1658.58" type="s^aa" adjacency="2b" original-type="s^aa" channel="c0" participant="fe016">
      <nite:child href="Bmr008.A.words.xml#id(Bmr008.w.8,214)..id(Bmr008.w.8,215)"/>
   </dialogueact>
   <dialogueact nite:id="Bmr008.A.dialogueact794" starttime="1668.18" endtime="1670.55" type="s" adjacency="3b.4a" original-type="s" channel="c0" participant="fe016">
      <nite:child href="Bmr008.A.words.xml#id(Bmr008.w.8,263)..id(Bmr008.w.8,274)"/>
   </dialogueact>
   <dialogueact nite:id="Bmr008.A.dialogueact796" starttime="1670.59" endtime="1671.82" type="s" original-type="s" channel="c0" participant="fe016">
      <nite:child href="Bmr008.A.words.xml#id(Bmr008.w.8,275)..id(Bmr008.w.8,280)"/>
   </dialogueact>
   <dialogueact nite:id="Bmr008.A.dialogueact797" starttime="1671.82" endtime="1673.3" type="s^aa^rt|s^ba" adjacency="5b-1.6a" original-type="s^aa^rt|sj^ba" channel="c0" participant="fe016">
      <nite:child href="Bmr008.A.words.xml#id(Bmr008.w.8,281)..id(Bmr008.w.8,289)"/>
   </dialogueact>
   <dialogueact nite:id="Bmr008.A.dialogueact800" starttime="1673.3" endtime="1674.66" comment="quotes: oh i'm not one of these" type="s:s" original-type="s:s" channel="c0" participant="fe016">
      <nite:child href="Bmr008.A.words.xml#id(Bmr008.w.8,290)..id(Bmr008.w.8,301)"/>
   </dialogueact>
   <dialogueact nite:id="Bmr008.A.dialogueact801" starttime="1674.66" endtime="1676.34" comment="quotes: whole utt" type="s.%--:s.%--" original-type="s.%--:s.%--" channel="c0" participant="fe016">
      <nite:child href="Bmr008.A.words.xml#id(Bmr008.w.8,302)..id(Bmr008.w.8,326)"/>
   </dialogueact>
   <dialogueact nite:id="Bmr008.A.dialogueact806" starttime="1680.32" endtime="1680.44" type="b" original-type="b" channel="c0" participant="fe016">
      <nite:child href="Bmr008.A.words.xml#id(Bmr008.w.8,357)..id(Bmr008.w.8,358)"/>
   </dialogueact>
   <dialogueact nite:id="Bmr008.A.dialogueact807" starttime="1687.34" endtime="1689.93" type="s.%--" adjacency="7a" original-type="s.%--" channel="c0" participant="fe016">
      <nite:child href="Bmr008.A.words.xml#id(Bmr008.w.8,369)..id(Bmr008.disfmarker.332)"/>
   </dialogueact>
   <dialogueact nite:id="Bmr008.A.dialogueact809" starttime="1690.05" endtime="1691.93" type="s.%--" adjacency="7a+" original-type="s.%--" channel="c0" participant="fe016">
      <nite:child href="Bmr008.A.words.xml#id(Bmr008.w.8,381)..id(Bmr008.disfmarker.333)"/>
   </dialogueact>
   <dialogueact nite:id="Bmr008.A.dialogueact812" starttime="1693.67" endtime="1699.32" type="s" adjacency="7a++" original-type="s" channel="c0" participant="fe016">
      <nite:child href="Bmr008.A.words.xml#id(Bmr008.w.8,395)..id(Bmr008.w.8,432)"/>
   </dialogueact>
   <dialogueact nite:id="Bmr008.A.dialogueact819" starttime="1704.8" endtime="1705.27" type="s^bk" adjacency="9b" original-type="s^bk" channel="c0" participant="fe016">
      <nite:child href="Bmr008.A.words.xml#id(Bmr008.w.8,486)..id(Bmr008.w.8,488)"/>
   </dialogueact>
   <dialogueact nite:id="Bmr008.A.dialogueact851" starttime="1799.43" endtime="1806.47" type="s^cs" original-type="s^cs" channel="c0" participant="fe016">
      <nite:child href="Bmr008.A.words.xml#id(Bmr008.w.8,858)..id(Bmr008.w.8,880)"/>
   </dialogueact>
   <dialogueact nite:id="Bmr008.A.dialogueact852" starttime="1806.47" endtime="1806.62" type="%--" original-type="%--" channel="c0" participant="fe016">
      <nite:child href="Bmr008.A.words.xml#id(Bmr008.w.8,881)"/>
   </dialogueact>
   <dialogueact nite:id="Bmr008.A.dialogueact853" starttime="1806.72" endtime="1810.47" type="s" original-type="s" channel="c0" participant="fe016">
      <nite:child href="Bmr008.A.words.xml#id(Bmr008.w.8,882)..id(Bmr008.w.8,894)"/>
   </dialogueact>
   <dialogueact nite:id="Bmr008.A.dialogueact854" starttime="1811.14" endtime="1815.67" type="s" original-type="sj" channel="c0" participant="fe016">
      <nite:child href="Bmr008.A.words.xml#id(Bmr008.w.8,895)..id(Bmr008.w.8,913)"/>
   </dialogueact>
   <dialogueact nite:id="Bmr008.A.dialogueact856" starttime="1816.28" endtime="1820.8" type="fh|s" original-type="fh|s" channel="c0" participant="fe016">
      <nite:child href="Bmr008.A.words.xml#id(Bmr008.w.8,918)..id(Bmr008.w.8,933)"/>
   </dialogueact>
   <dialogueact nite:id="Bmr008.A.dialogueact857" starttime="1820.94" endtime="1824.98" type="s" adjacency="5a" original-type="s" channel="c0" participant="fe016">
      <nite:child href="Bmr008.A.words.xml#id(Bmr008.w.8,934)..id(Bmr008.w.8,955)"/>
   </dialogueact>
   <dialogueact nite:id="Bmr008.A.dialogueact859" starttime="1825.58" endtime="1825.86" type="qy^d^f^g^rt" adjacency="5a+" original-type="qy^d^f^g^rt" channel="c0" participant="fe016">
      <nite:child href="Bmr008.A.words.xml#id(Bmr008.w.8,958)..id(Bmr008.w.8,959)"/>
   </dialogueact>
   <dialogueact nite:id="Bmr008.A.dialogueact860" starttime="1825.86" endtime="1830.16" comment="quotes: how would you best define your your accent or your dialect style" type="s^cs:qw" original-type="s^cs:qw" channel="c0" participant="fe016">
      <nite:child href="Bmr008.A.words.xml#id(Bmr008.w.8,962)..id(Bmr008.w.8,976)"/>
   </dialogueact>
   <dialogueact nite:id="Bmr008.A.dialogueact863" starttime="1833.34" endtime="1833.76" type="s^bk" adjacency="6b" original-type="s^bk" channel="c0" participant="fe016">
      <nite:child href="Bmr008.A.words.xml#id(Bmr008.w.9,023)"/>
   </dialogueact>
   <dialogueact nite:id="Bmr008.A.dialogueact867" starttime="1844.03" endtime="1848.19" comment="quotes: how do you definte your - your - the accent that you have?" type="s^cs:qw" adjacency="7a" original-type="s^cs:qw" channel="c0" participant="fe016">
      <nite:child href="Bmr008.A.words.xml#id(Bmr008.w.9,056)..id(Bmr008.w.9,074)"/>
   </dialogueact>
   <dialogueact nite:id="Bmr008.A.dialogueact869" starttime="1848.9" endtime="1851.51" type="fh|s" original-type="fh|s" channel="c0" participant="fe016">
      <nite:child href="Bmr008.A.words.xml#id(Bmr008.w.9,077)..id(Bmr008.w.9,088)"/>
   </dialogueact>
   <dialogueact nite:id="Bmr008.A.dialogueact870" starttime="1851.51" endtime="1854.64" type="s" adjacency="8a" original-type="s" channel="c0" participant="fe016">
      <nite:child href="Bmr008.A.words.xml#id(Bmr008.w.9,089)..id(Bmr008.w.9,105)"/>
   </dialogueact>
   <dialogueact nite:id="Bmr008.A.dialogueact871" starttime="1855.7" endtime="1856.5" type="%--" adjacency="8a+" original-type="%--" channel="c0" participant="fe016">
      <nite:child href="Bmr008.A.words.xml#id(Bmr008.w.9,106)..id(Bmr008.disfmarker.357)"/>
   </dialogueact>
   <dialogueact nite:id="Bmr008.A.dialogueact872" starttime="1856.5" endtime="1862.19" type="s" adjacency="8a+" original-type="s" channel="c0" participant="fe016">
      <nite:child href="Bmr008.A.words.xml#id(Bmr008.w.9,111)..id(Bmr008.w.9,126)"/>
   </dialogueact>
   <dialogueact nite:id="Bmr008.A.dialogueact877" starttime="1862.24" endtime="1862.37" type="fh" original-type="fh" channel="c0" participant="fe016">
      <nite:child href="Bmr008.A.words.xml#id(Bmr008.w.9,127)..id(Bmr008.w.9,128)"/>
   </dialogueact>
   <dialogueact nite:id="Bmr008.A.dialogueact881" starttime="1869.72" endtime="1870.09" type="s^bk" adjacency="10b" original-type="s^bk" channel="c0" participant="fe016">
      <nite:child href="Bmr008.A.words.xml#id(Bmr008.w.9,168)..id(Bmr008.w.9,169)"/>
   </dialogueact>
   <dialogueact nite:id="Bmr008.A.dialogueact883" starttime="1870.22" endtime="1871.53" type="s" original-type="s" channel="c0" participant="fe016">
      <nite:child href="Bmr008.A.words.xml#id(Bmr008.w.9,170)..id(Bmr008.w.9,176)"/>
   </dialogueact>
   <dialogueact nite:id="Bmr008.A.dialogueact887" starttime="1875.2" endtime="1875.63" type="s^bk" adjacency="1b" original-type="s^bk" channel="c0" participant="fe016">
      <nite:child href="Bmr008.A.words.xml#id(Bmr008.w.9,228)..id(Bmr008.w.9,229)"/>
   </dialogueact>
   <dialogueact nite:id="Bmr008.A.dialogueact889" starttime="1877.37" endtime="1877.79" type="b" original-type="b" channel="c0" participant="fe016">
      <nite:child href="Bmr008.A.words.xml#id(Bmr008.w.9,230)..id(Bmr008.w.9,231)"/>
   </dialogueact>
   <dialogueact nite:id="Bmr008.A.dialogueact892" starttime="1881.43" endtime="1881.78" type="s^bk" adjacency="2b" original-type="s^bk" channel="c0" participant="fe016">
      <nite:child href="Bmr008.A.words.xml#id(Bmr008.w.9,249)..id(Bmr008.w.9,250)"/>
   </dialogueact>
   <dialogueact nite:id="Bmr008.A.dialogueact895" starttime="1883.75" endtime="1884.12" type="b" original-type="b" channel="c0" participant="fe016">
      <nite:child href="Bmr008.A.words.xml#id(Bmr008.w.9,274)..id(Bmr008.w.9,275)"/>
   </dialogueact>
   <dialogueact nite:id="Bmr008.A.dialogueact899" starttime="1891.49" endtime="1891.6" type="b" original-type="b" channel="c0" participant="fe016">
      <nite:child href="Bmr008.A.words.xml#id(Bmr008.w.9,309)..id(Bmr008.w.9,310)"/>
   </dialogueact>
   <dialogueact nite:id="Bmr008.A.dialogueact900" starttime="1891.91" endtime="1892.34" type="b" original-type="b" channel="c0" participant="fe016">
      <nite:child href="Bmr008.A.words.xml#id(Bmr008.w.9,311)..id(Bmr008.w.9,314)"/>
   </dialogueact>
   <dialogueact nite:id="Bmr008.A.dialogueact901" starttime="1894.22" endtime="1894.73" type="s^ba" adjacency="3b" original-type="sj^ba" channel="c0" participant="fe016">
      <nite:child href="Bmr008.A.words.xml#id(Bmr008.w.9,321)..id(Bmr008.w.9,323)"/>
   </dialogueact>
   <dialogueact nite:id="Bmr008.A.dialogueact908" starttime="1911.8" endtime="1912.07" type="b" original-type="b" channel="c0" participant="fe016">
      <nite:child href="Bmr008.A.words.xml#id(Bmr008.w.9,403)..id(Bmr008.w.9,406)"/>
   </dialogueact>
   <dialogueact nite:id="Bmr008.A.dialogueact910" starttime="1916.93" endtime="1917.49" type="s^ba" adjacency="4b-2" original-type="sj^ba" channel="c0" participant="fe016">
      <nite:child href="Bmr008.A.words.xml#id(Bmr008.w.9,417)..id(Bmr008.w.9,419)"/>
   </dialogueact>
   <dialogueact nite:id="Bmr008.A.dialogueact917" starttime="1928.92" endtime="1930.65" type="s" adjacency="7a" original-type="s" channel="c0" participant="fe016">
      <nite:child href="Bmr008.A.words.xml#id(Bmr008.w.9,463)..id(Bmr008.w.9,471)"/>
   </dialogueact>
   <dialogueact nite:id="Bmr008.A.dialogueact920" starttime="1930.65" endtime="1935.01" type="s^df.%--" adjacency="8a" original-type="sj^df.%--" channel="c0" participant="fe016">
      <nite:child href="Bmr008.A.words.xml#id(Bmr008.w.9,478)..id(Bmr008.disfmarker.367)"/>
   </dialogueact>
   <dialogueact nite:id="Bmr008.A.dialogueact924" starttime="1936.62" endtime="1937.16" type="fh" original-type="fh" channel="c0" participant="fe016">
      <nite:child href="Bmr008.A.words.xml#id(Bmr008.w.9,523)..id(Bmr008.w.9,524)"/>
   </dialogueact>
   <dialogueact nite:id="Bmr008.A.dialogueact930" starttime="1953.74" endtime="1956.31" type="qw^rt" adjacency="10a" original-type="qw^rt" channel="c0" participant="fe016">
      <nite:child href="Bmr008.A.words.xml#id(Bmr008.w.9,589)..id(Bmr008.w.9,597)"/>
   </dialogueact>
   <dialogueact nite:id="Bmr008.A.dialogueact935" starttime="1959.27" endtime="1959.45" type="%-" original-type="%-" channel="c0" participant="fe016">
      <nite:child href="Bmr008.A.words.xml#id(Bmr008.w.9,627)..id(Bmr008.disfmarker.370)"/>
   </dialogueact>
   <dialogueact nite:id="Bmr008.A.dialogueact936" starttime="1961.22" endtime="1962.92" type="qy^bu^d" adjacency="1a" original-type="qy^bu^d" channel="c0" participant="fe016">
      <nite:child href="Bmr008.A.words.xml#id(Bmr008.w.9,629)..id(Bmr008.w.9,638)"/>
   </dialogueact>
   <dialogueact nite:id="Bmr008.A.dialogueact938" starttime="1962.92" endtime="1964.57" type="s" adjacency="1a+" original-type="s" channel="c0" participant="fe016">
      <nite:child href="Bmr008.A.words.xml#id(Bmr008.w.9,639)..id(Bmr008.w.9,651)"/>
   </dialogueact>
   <dialogueact nite:id="Bmr008.A.dialogueact939" starttime="1964.58" endtime="1966.62" comment="quotes: gee i'd like to know actually" type="s.%-" original-type="s.%-" channel="c0" participant="fe016">
      <nite:child href="Bmr008.A.words.xml#id(Bmr008.w.9,652)..id(Bmr008.w.9,669)"/>
   </dialogueact>
   <dialogueact nite:id="Bmr008.A.dialogueact943" starttime="1968.43" endtime="1969.05" type="s^bk" adjacency="2b" original-type="s^bk" channel="c0" participant="fe016">
      <nite:child href="Bmr008.A.words.xml#id(Bmr008.w.9,689)..id(Bmr008.w.9,692)"/>
   </dialogueact>
   <dialogueact nite:id="Bmr008.A.dialogueact948" starttime="1978.1" endtime="1978.54" type="s^bk" original-type="s^bk" channel="c0" participant="fe016">
      <nite:child href="Bmr008.A.words.xml#id(Bmr008.w.9,725)..id(Bmr008.w.9,726)"/>
   </dialogueact>
   <dialogueact nite:id="Bmr008.A.dialogueact954" starttime="1987.63" endtime="1988.47" type="s.%-" adjacency="7a" original-type="sj.%-" channel="c0" participant="fe016">
      <nite:child href="Bmr008.A.words.xml#id(Bmr008.w.9,773)..id(Bmr008.disfmarker.378)"/>
   </dialogueact>
   <dialogueact nite:id="Bmr008.A.dialogueact957" starttime="1990.43" endtime="1992.23" type="s^cs" original-type="s^cs" channel="c0" participant="fe016">
      <nite:child href="Bmr008.A.words.xml#id(Bmr008.w.9,800)..id(Bmr008.w.9,807)"/>
   </dialogueact>
   <dialogueact nite:id="Bmr008.A.dialogueact959" starttime="1992.27" endtime="1992.73" type="s^bd^no" original-type="s^bd^no" channel="c0" participant="fe016">
      <nite:child href="Bmr008.A.words.xml#id(Bmr008.w.9,808)..id(Bmr008.w.9,811)"/>
   </dialogueact>
   <dialogueact nite:id="Bmr008.A.dialogueact968" starttime="2008.8" endtime="2014.15" comment="quotes: how comfortable are you in a meeting conducted in english?" type="qw^cs:qw" original-type="qw^cs:qw" channel="c0" participant="fe016">
      <nite:child href="Bmr008.A.words.xml#id(Bmr008.w.9,898)..id(Bmr008.w.9,915)"/>
   </dialogueact>
   <dialogueact nite:id="Bmr008.A.dialogueact969" starttime="2014.15" endtime="2015.55" comment="quotes: how easy it for you?" type="qrr^cs:qw" original-type="qrr^cs:qw" channel="c0" participant="fe016">
      <nite:child href="Bmr008.A.words.xml#id(Bmr008.w.9,916)..id(Bmr008.w.9,926)"/>
   </dialogueact>
   <dialogueact nite:id="Bmr008.A.dialogueact970" starttime="2015.55" endtime="2016.78" type="s.%-" original-type="s.%-" channel="c0" participant="fe016">
      <nite:child href="Bmr008.A.words.xml#id(Bmr008.w.9,927)..id(Bmr008.disfmarker.389)"/>
   </dialogueact>
   <dialogueact nite:id="Bmr008.A.dialogueact972" starttime="2023.82" endtime="2024.82" type="s^aa|s^ba" adjacency="9b-1" original-type="s^aa|sj^ba" channel="c0" participant="fe016">
      <nite:child href="Bmr008.A.words.xml#id(Bmr008.w.9,955)..id(Bmr008.w.9,962)"/>
   </dialogueact>
   <dialogueact nite:id="Bmr008.A.dialogueact976" starttime="2025.57" endtime="2025.98" type="%--" original-type="%--" channel="c0" participant="fe016">
      <nite:child href="Bmr008.A.words.xml#id(Bmr008.w.9,970)..id(Bmr008.disfmarker.392)"/>
   </dialogueact>
   <dialogueact nite:id="Bmr008.A.dialogueact977" starttime="2026.07" endtime="2026.89" type="qo" adjacency="10a" original-type="qo" channel="c0" participant="fe016">
      <nite:child href="Bmr008.A.words.xml#id(Bmr008.w.9,971)..id(Bmr008.w.9,976)"/>
   </dialogueact>
   <dialogueact nite:id="Bmr008.A.dialogueact978" starttime="2026.89" endtime="2027.21" type="qw.%--" adjacency="10a+" original-type="qw.%--" channel="c0" participant="fe016">
      <nite:child href="Bmr008.A.words.xml#id(Bmr008.w.9,977)..id(Bmr008.disfmarker.393)"/>
   </dialogueact>
   <dialogueact nite:id="Bmr008.A.dialogueact980" starttime="2027.21" endtime="2027.61" type="%-" original-type="%-" channel="c0" participant="fe016">
      <nite:child href="Bmr008.A.words.xml#id(Bmr008.w.9,980)..id(Bmr008.disfmarker.394)"/>
   </dialogueact>
   <dialogueact nite:id="Bmr008.A.dialogueact982" starttime="2028.62" endtime="2028.97" type="qw.%-" original-type="qw.%-" channel="c0" participant="fe016">
      <nite:child href="Bmr008.A.words.xml#id(Bmr008.w.9,985)..id(Bmr008.disfmarker.395)"/>
   </dialogueact>
   <dialogueact nite:id="Bmr008.A.dialogueact983" starttime="2028.97" endtime="2029.49" type="qy^bh^rt" adjacency="11b" original-type="qy^bh^rt" channel="c0" participant="fe016">
      <nite:child href="Bmr008.A.words.xml#id(Bmr008.w.9,986)..id(Bmr008.w.9,987)"/>
   </dialogueact>
   <dialogueact nite:id="Bmr008.A.dialogueact984" starttime="2029.56" endtime="2031.51" comment="mimics Morgans previous suggestion but I don't think that needs to be marked with &lt;m&gt;." type="s^bu:qw" adjacency="11b+.1a" original-type="s^bu:qw" channel="c0" participant="fe016">
      <nite:child href="Bmr008.A.words.xml#id(Bmr008.w.9,988)..id(Bmr008.w.9,998)"/>
   </dialogueact>
   <dialogueact nite:id="Bmr008.A.dialogueact986" starttime="2031.92" endtime="2032.15" type="s^bk^rt" adjacency="2b" original-type="s^bk^rt" channel="c0" participant="fe016">
      <nite:child href="Bmr008.A.words.xml#id(Bmr008.w.9,999)..id(Bmr008.w.10,000)"/>
   </dialogueact>
   <dialogueact nite:id="Bmr008.A.dialogueact1055" starttime="2162.43" endtime="2163.35" type="qw^rt" adjacency="3a" original-type="qw^rt" channel="c0" participant="fe016">
      <nite:child href="Bmr008.A.words.xml#id(Bmr008.w.10,657)..id(Bmr008.w.10,661)"/>
   </dialogueact>
   <dialogueact nite:id="Bmr008.A.dialogueact1057" starttime="2163.93" endtime="2164.4" type="s^bd^no" original-type="s^bd^no" channel="c0" participant="fe016">
      <nite:child href="Bmr008.A.words.xml#id(Bmr008.w.10,662)..id(Bmr008.w.10,665)"/>
   </dialogueact>
   <dialogueact nite:id="Bmr008.A.dialogueact1058" starttime="2164.74" endtime="2167.74" type="s" original-type="s" channel="c0" participant="fe016">
      <nite:child href="Bmr008.A.words.xml#id(Bmr008.w.10,669)..id(Bmr008.w.10,678)"/>
   </dialogueact>
   <dialogueact nite:id="Bmr008.A.dialogueact1064" starttime="2168.08" endtime="2169.69" type="s" original-type="s" channel="c0" participant="fe016">
      <nite:child href="Bmr008.A.words.xml#id(Bmr008.w.10,679)..id(Bmr008.w.10,686)"/>
   </dialogueact>
   <dialogueact nite:id="Bmr008.A.dialogueact1066" starttime="2170.75" endtime="2171.1" type="s^no" original-type="s^no" channel="c0" participant="fe016">
      <nite:child href="Bmr008.A.words.xml#id(Bmr008.w.10,723)..id(Bmr008.w.10,726)"/>
   </dialogueact>
   <dialogueact nite:id="Bmr008.A.dialogueact1067" starttime="2171.1" endtime="2173.18" type="qw" original-type="qw" channel="c0" participant="fe016">
      <nite:child href="Bmr008.A.words.xml#id(Bmr008.w.10,727)..id(Bmr008.w.10,737)"/>
   </dialogueact>
   <dialogueact nite:id="Bmr008.A.dialogueact1073" starttime="2176.09" endtime="2176.3" type="%-" original-type="%-" channel="c0" participant="fe016">
      <nite:child href="Bmr008.A.words.xml#id(Bmr008.w.10,759)..id(Bmr008.disfmarker.422)"/>
   </dialogueact>
   <dialogueact nite:id="Bmr008.A.dialogueact1126" starttime="2333.49" endtime="2337.65" comment="start 38:54" type="qy^rt" adjacency="5a" original-type="qy^rt" channel="c0" participant="fe016">
      <nite:child href="Bmr008.A.words.xml#id(Bmr008.w.11,478)..id(Bmr008.w.11,497)"/>
   </dialogueact>
   <dialogueact nite:id="Bmr008.A.dialogueact1127" starttime="2337.65" endtime="2343.7" type="s.%-" adjacency="5a+" original-type="sj.%-" channel="c0" participant="fe016">
      <nite:child href="Bmr008.A.words.xml#id(Bmr008.w.11,498)..id(Bmr008.disfmarker.450)"/>
   </dialogueact>
   <dialogueact nite:id="Bmr008.A.dialogueact1129" starttime="2343.7" endtime="2347.95" type="qr" adjacency="6a" original-type="qr" channel="c0" participant="fe016">
      <nite:child href="Bmr008.A.words.xml#id(Bmr008.w.11,519)..id(Bmr008.w.11,547)"/>
   </dialogueact>
   <dialogueact nite:id="Bmr008.A.dialogueact1143" starttime="2392.01" endtime="2396.22" type="s" adjacency="1a" original-type="sj" channel="c0" participant="fe016">
      <nite:child href="Bmr008.A.words.xml#id(Bmr008.w.11,712)..id(Bmr008.w.11,726)"/>
   </dialogueact>
   <dialogueact nite:id="Bmr008.A.dialogueact1145" starttime="2397.03" endtime="2403.7" type="s" adjacency="1a+" original-type="s" channel="c0" participant="fe016">
      <nite:child href="Bmr008.A.words.xml#id(Bmr008.w.11,727)..id(Bmr008.w.11,748)"/>
   </dialogueact>
   <dialogueact nite:id="Bmr008.A.dialogueact1148" starttime="2403.7" endtime="2403.98" type="%--" original-type="%--" channel="c0" participant="fe016">
      <nite:child href="Bmr008.A.words.xml#id(Bmr008.w.11,749)..id(Bmr008.w.11,750)"/>
   </dialogueact>
   <dialogueact nite:id="Bmr008.A.dialogueact1149" starttime="2404.49" endtime="2413.11" type="s.%--" adjacency="1a+" original-type="sj.%--" channel="c0" participant="fe016">
      <nite:child href="Bmr008.A.words.xml#id(Bmr008.w.11,751)..id(Bmr008.w.11,776)"/>
   </dialogueact>
   <dialogueact nite:id="Bmr008.A.dialogueact1153" starttime="2418.49" endtime="2425.77" type="s^df" adjacency="2b-1.3a" original-type="s^df" channel="c0" participant="fe016">
      <nite:child href="Bmr008.A.words.xml#id(Bmr008.w.11,805)..id(Bmr008.w.11,864)"/>
   </dialogueact>
   <dialogueact nite:id="Bmr008.A.dialogueact1159" starttime="2426.56" endtime="2426.7" type="%-" original-type="%-" channel="c0" participant="fe016">
      <nite:child href="Bmr008.A.words.xml#id(Bmr008.w.11,876)..id(Bmr008.disfmarker.469)"/>
   </dialogueact>
   <dialogueact nite:id="Bmr008.A.dialogueact1179" starttime="2487.29" endtime="2489.11" comment="start 41:28" type="s^cs" adjacency="8a" original-type="s^cs" channel="c0" participant="fe016">
      <nite:child href="Bmr008.A.words.xml#id(Bmr008.w.12,161)..id(Bmr008.w.12,171)"/>
   </dialogueact>
   <dialogueact nite:id="Bmr008.A.dialogueact1180" starttime="2489.19" endtime="2490.3" type="s^e^r" adjacency="8a+" original-type="s^e^r" channel="c0" participant="fe016">
      <nite:child href="Bmr008.A.words.xml#id(Bmr008.w.12,172)..id(Bmr008.w.12,176)"/>
   </dialogueact>
   <dialogueact nite:id="Bmr008.A.dialogueact1181" starttime="2490.36" endtime="2496.95" type="s" adjacency="8a++" original-type="s" channel="c0" participant="fe016">
      <nite:child href="Bmr008.A.words.xml#id(Bmr008.w.12,177)..id(Bmr008.w.12,203)"/>
   </dialogueact>
   <dialogueact nite:id="Bmr008.A.dialogueact1189" starttime="2516.72" endtime="2517.27" type="s^bu.%-" original-type="s^bu.%-" channel="c0" participant="fe016">
      <nite:child href="Bmr008.A.words.xml#id(Bmr008.w.12,301)..id(Bmr008.disfmarker.488)"/>
   </dialogueact>
   <dialogueact nite:id="Bmr008.A.dialogueact1191" starttime="2520.73" endtime="2523.43" type="qy.%--" adjacency="10b" original-type="qy.%--" channel="c0" participant="fe016">
      <nite:child href="Bmr008.A.words.xml#id(Bmr008.w.12,310)..id(Bmr008.w.12,320)"/>
   </dialogueact>
   <dialogueact nite:id="Bmr008.A.dialogueact1192" starttime="2524.07" endtime="2529.19" type="qy^d" adjacency="10b+.11a" original-type="qy^d" channel="c0" participant="fe016">
      <nite:child href="Bmr008.A.words.xml#id(Bmr008.w.12,321)..id(Bmr008.w.12,342)"/>
   </dialogueact>
   <dialogueact nite:id="Bmr008.A.dialogueact1194" starttime="2529.83" endtime="2535.83" type="s" adjacency="12a" original-type="sj" channel="c0" participant="fe016">
      <nite:child href="Bmr008.A.words.xml#id(Bmr008.w.12,347)..id(Bmr008.w.12,373)"/>
   </dialogueact>
   <dialogueact nite:id="Bmr008.A.dialogueact1196" starttime="2536.04" endtime="2543.53" type="s" original-type="s" channel="c0" participant="fe016">
      <nite:child href="Bmr008.A.words.xml#id(Bmr008.w.12,385)..id(Bmr008.w.12,451)"/>
   </dialogueact>
   <dialogueact nite:id="Bmr008.A.dialogueact1200" starttime="2544.1" endtime="2546.88" type="s" original-type="s" channel="c0" participant="fe016">
      <nite:child href="Bmr008.A.words.xml#id(Bmr008.w.12,452)..id(Bmr008.disfmarker.494)"/>
   </dialogueact>
   <dialogueact nite:id="Bmr008.A.dialogueact1202" starttime="2547.59" endtime="2548.57" type="s" original-type="s" channel="c0" participant="fe016">
      <nite:child href="Bmr008.A.words.xml#id(Bmr008.w.12,463)..id(Bmr008.w.12,467)"/>
   </dialogueact>
   <dialogueact nite:id="Bmr008.A.dialogueact1204" starttime="2548.57" endtime="2551.57" type="s^cs.%-" original-type="s^cs.%-" channel="c0" participant="fe016">
      <nite:child href="Bmr008.A.words.xml#id(Bmr008.w.12,468)..id(Bmr008.w.12,478)"/>
   </dialogueact>
   <dialogueact nite:id="Bmr008.A.dialogueact1206" starttime="2551.57" endtime="2553.72" type="s.%-" original-type="s.%-" channel="c0" participant="fe016">
      <nite:child href="Bmr008.A.words.xml#id(Bmr008.w.12,479)..id(Bmr008.disfmarker.495)"/>
   </dialogueact>
   <dialogueact nite:id="Bmr008.A.dialogueact1396" starttime="3019.69" endtime="3027.57" type="qy^rt" adjacency="1b" original-type="qy^rt" channel="c0" participant="fe016">
      <nite:child href="Bmr008.A.words.xml#id(Bmr008.w.14,377)..id(Bmr008.w.14,397)"/>
   </dialogueact>
   <dialogueact nite:id="Bmr008.A.dialogueact1397" starttime="3027.74" endtime="3033.65" type="s.%--:s.%--" adjacency="3a" original-type="s.%--:s.%--" channel="c0" participant="fe016">
      <nite:child href="Bmr008.A.words.xml#id(Bmr008.w.14,398)..id(Bmr008.disfmarker.584)"/>
   </dialogueact>
   <dialogueact nite:id="Bmr008.A.dialogueact1399" starttime="3033.65" endtime="3034.74" type="s:s" adjacency="3a+" original-type="s:s" channel="c0" participant="fe016">
      <nite:child href="Bmr008.A.words.xml#id(Bmr008.w.14,421)..id(Bmr008.w.14,424)"/>
   </dialogueact>
   <dialogueact nite:id="Bmr008.A.dialogueact1400" starttime="3034.74" endtime="3040.36" type="s^bu^rt" adjacency="3a++" original-type="s^bu^rt" channel="c0" participant="fe016">
      <nite:child href="Bmr008.A.words.xml#id(Bmr008.w.14,425)..id(Bmr008.w.14,438)"/>
   </dialogueact>
   <dialogueact nite:id="Bmr008.A.dialogueact1402" starttime="3041.15" endtime="3042.42" type="qrr" adjacency="3a+++" original-type="qrr" channel="c0" participant="fe016">
      <nite:child href="Bmr008.A.words.xml#id(Bmr008.w.14,441)..id(Bmr008.w.14,446)"/>
   </dialogueact>
   <dialogueact nite:id="Bmr008.A.dialogueact1403" starttime="3042.53" endtime="3043.32" type="qw.%--" original-type="qw.%--" channel="c0" participant="fe016">
      <nite:child href="Bmr008.A.words.xml#id(Bmr008.w.14,447)..id(Bmr008.disfmarker.585)"/>
   </dialogueact>
   <dialogueact nite:id="Bmr008.A.dialogueact1409" starttime="3052.07" endtime="3052.66" type="b" original-type="b" channel="c0" participant="fe016">
      <nite:child href="Bmr008.A.words.xml#id(Bmr008.w.14,494)"/>
   </dialogueact>
   <dialogueact nite:id="Bmr008.A.dialogueact1412" starttime="3064.91" endtime="3065.17" type="b" original-type="b" channel="c0" participant="fe016">
      <nite:child href="Bmr008.A.words.xml#id(Bmr008.w.14,547)"/>
   </dialogueact>
   <dialogueact nite:id="Bmr008.A.dialogueact1428" starttime="3091.53" endtime="3093.42" type="s^aa" adjacency="11b" original-type="s^aa" channel="c0" participant="fe016">
      <nite:child href="Bmr008.A.words.xml#id(Bmr008.w.14,649)..id(Bmr008.w.14,652)"/>
   </dialogueact>
   <dialogueact nite:id="Bmr008.A.dialogueact1430" starttime="3093.91" endtime="3094.54" type="b" original-type="b" channel="c0" participant="fe016">
      <nite:child href="Bmr008.A.words.xml#id(Bmr008.w.14,661)..id(Bmr008.w.14,662)"/>
   </dialogueact>
   <dialogueact nite:id="Bmr008.A.dialogueact1431" starttime="3097.14" endtime="3099.08" type="s^ba" adjacency="12a" original-type="s^ba" channel="c0" participant="fe016">
      <nite:child href="Bmr008.A.words.xml#id(Bmr008.w.14,663)..id(Bmr008.w.14,670)"/>
   </dialogueact>
   <dialogueact nite:id="Bmr008.A.dialogueact1433" starttime="3099.08" endtime="3103.3" type="s^df" adjacency="12a+" original-type="s^df" channel="c0" participant="fe016">
      <nite:child href="Bmr008.A.words.xml#id(Bmr008.w.14,671)..id(Bmr008.w.14,686)"/>
   </dialogueact>
   <dialogueact nite:id="Bmr008.A.dialogueact1436" starttime="3103.67" endtime="3105.04" type="s.%--" original-type="s.%--" channel="c0" participant="fe016">
      <nite:child href="Bmr008.A.words.xml#id(Bmr008.w.14,687)..id(Bmr008.w.14,691)"/>
   </dialogueact>
   <dialogueact nite:id="Bmr008.A.dialogueact1437" starttime="3106.48" endtime="3107.67" type="s^bu" adjacency="13a" original-type="s^bu" channel="c0" participant="fe016">
      <nite:child href="Bmr008.A.words.xml#id(Bmr008.w.14,694)..id(Bmr008.w.14,700)"/>
   </dialogueact>
   <dialogueact nite:id="Bmr008.A.dialogueact1438" starttime="3107.67" endtime="3107.98" type="qy^d^g" adjacency="13a+" original-type="qy^d^g" channel="c0" participant="fe016">
      <nite:child href="Bmr008.A.words.xml#id(Bmr008.w.14,701)..id(Bmr008.disfmarker.600)"/>
   </dialogueact>
   <dialogueact nite:id="Bmr008.A.dialogueact1439" starttime="3108.13" endtime="3111.22" type="s" original-type="s" channel="c0" participant="fe016">
      <nite:child href="Bmr008.A.words.xml#id(Bmr008.w.14,703)..id(Bmr008.w.14,711)"/>
   </dialogueact>
   <dialogueact nite:id="Bmr008.A.dialogueact1471" starttime="3171.2" endtime="3172.9" type="fg|s" adjacency="21b.22a" original-type="fg|s" channel="c0" participant="fe016">
      <nite:child href="Bmr008.A.words.xml#id(Bmr008.w.14,947)..id(Bmr008.w.14,952)"/>
   </dialogueact>
   <dialogueact nite:id="Bmr008.A.dialogueact1473" starttime="3172.9" endtime="3174.12" type="s^cs" adjacency="24a" original-type="s^cs" channel="c0" participant="fe016">
      <nite:child href="Bmr008.A.words.xml#id(Bmr008.w.14,953)..id(Bmr008.w.14,960)"/>
   </dialogueact>
   <dialogueact nite:id="Bmr008.A.dialogueact1476" starttime="3174.35" endtime="3174.54" type="fh" original-type="fh" channel="c0" participant="fe016">
      <nite:child href="Bmr008.A.words.xml#id(Bmr008.w.14,961)"/>
   </dialogueact>
   <dialogueact nite:id="Bmr008.A.dialogueact1489" starttime="3188.92" endtime="3190.06" type="s" adjacency="24a.25a" original-type="s" channel="c0" participant="fe016">
      <nite:child href="Bmr008.A.words.xml#id(Bmr008.w.15,037)..id(Bmr008.w.15,040)"/>
   </dialogueact>
   <dialogueact nite:id="Bmr008.A.dialogueact1490" starttime="3190.21" endtime="3191.72" type="qy^rt" original-type="qy^rt" channel="c0" participant="fe016">
      <nite:child href="Bmr008.A.words.xml#id(Bmr008.w.15,041)..id(Bmr008.w.15,046)"/>
   </dialogueact>
   <dialogueact nite:id="Bmr008.A.dialogueact1493" starttime="3191.86" endtime="3197.08" type="qr^rt" adjacency="26a" original-type="qr^rt" channel="c0" participant="fe016">
      <nite:child href="Bmr008.A.words.xml#id(Bmr008.w.15,047)..id(Bmr008.w.15,074)"/>
   </dialogueact>
   <dialogueact nite:id="Bmr008.A.dialogueact1495" starttime="3200.95" endtime="3208.69" type="qy" adjacency="27a" original-type="qy" channel="c0" participant="fe016">
      <nite:child href="Bmr008.A.words.xml#id(Bmr008.w.15,095)..id(Bmr008.w.15,125)"/>
   </dialogueact>
   <dialogueact nite:id="Bmr008.A.dialogueact1500" starttime="3217.91" endtime="3218.22" type="s^bk" original-type="s^bk" channel="c0" participant="fe016">
      <nite:child href="Bmr008.A.words.xml#id(Bmr008.w.15,163)..id(Bmr008.w.15,166)"/>
   </dialogueact>
   <dialogueact nite:id="Bmr008.A.dialogueact1501" starttime="3218.7" endtime="3221.97" type="qy" adjacency="28b.29a" original-type="qy" channel="c0" participant="fe016">
      <nite:child href="Bmr008.A.words.xml#id(Bmr008.w.15,167)..id(Bmr008.w.15,181)"/>
   </dialogueact>
   <dialogueact nite:id="Bmr008.A.dialogueact1502" starttime="3222.94" endtime="3224.52" type="s" original-type="s" channel="c0" participant="fe016">
      <nite:child href="Bmr008.A.words.xml#id(Bmr008.w.15,182)..id(Bmr008.w.15,188)"/>
   </dialogueact>
   <dialogueact nite:id="Bmr008.A.dialogueact1505" starttime="3224.52" endtime="3224.82" type="s^bk" adjacency="30b" original-type="s^bk" channel="c0" participant="fe016">
      <nite:child href="Bmr008.A.words.xml#id(Bmr008.w.15,196)..id(Bmr008.w.15,197)"/>
   </dialogueact>
   <dialogueact nite:id="Bmr008.A.dialogueact1506" starttime="3225.89" endtime="3228.11" type="s.%-" original-type="s.%-" channel="c0" participant="fe016">
      <nite:child href="Bmr008.A.words.xml#id(Bmr008.w.15,202)..id(Bmr008.w.15,215)"/>
   </dialogueact>
   <dialogueact nite:id="Bmr008.A.dialogueact1510" starttime="3228.58" endtime="3229.07" type="b" original-type="b" channel="c0" participant="fe016">
      <nite:child href="Bmr008.A.words.xml#id(Bmr008.w.15,235)..id(Bmr008.w.15,236)"/>
   </dialogueact>
   <dialogueact nite:id="Bmr008.A.dialogueact1513" starttime="3229.53" endtime="3234.42" type="s" adjacency="32a" original-type="s" channel="c0" participant="fe016">
      <nite:child href="Bmr008.A.words.xml#id(Bmr008.w.15,241)..id(Bmr008.w.15,258)"/>
   </dialogueact>
   <dialogueact nite:id="Bmr008.A.dialogueact1515" starttime="3234.47" endtime="3234.72" type="%--" original-type="%--" channel="c0" participant="fe016">
      <nite:child href="Bmr008.A.words.xml#id(Bmr008.w.15,259)..id(Bmr008.disfmarker.627)"/>
   </dialogueact>
   <dialogueact nite:id="Bmr008.A.dialogueact1517" starttime="3237.75" endtime="3239.79" type="s^e" adjacency="33a" original-type="s^e" channel="c0" participant="fe016">
      <nite:child href="Bmr008.A.words.xml#id(Bmr008.w.15,270)..id(Bmr008.w.15,277)"/>
   </dialogueact>
   <dialogueact nite:id="Bmr008.A.dialogueact1544" starttime="3287.34" endtime="3289.04" type="s^t3" adjacency="40a" original-type="s^t3" channel="c0" participant="fe016">
      <nite:child href="Bmr008.A.words.xml#id(Bmr008.w.15,502)..id(Bmr008.w.15,512)"/>
   </dialogueact>
   <dialogueact nite:id="Bmr008.A.dialogueact1558" starttime="3315.8" endtime="3316.91" type="s" original-type="s" channel="c0" participant="fe016">
      <nite:child href="Bmr008.A.words.xml#id(Bmr008.w.15,618)..id(Bmr008.w.15,623)"/>
   </dialogueact>
   <dialogueact nite:id="Bmr008.A.dialogueact1559" starttime="3317.19" endtime="3319.16" type="s" original-type="s" channel="c0" participant="fe016">
      <nite:child href="Bmr008.A.words.xml#id(Bmr008.w.15,633)..id(Bmr008.w.15,644)"/>
   </dialogueact>
   <dialogueact nite:id="Bmr008.A.dialogueact1562" starttime="3319.16" endtime="3321.11" type="s.%--" original-type="s.%--" channel="c0" participant="fe016">
      <nite:child href="Bmr008.A.words.xml#id(Bmr008.w.15,645)..id(Bmr008.disfmarker.648)"/>
   </dialogueact>
   <dialogueact nite:id="Bmr008.A.dialogueact1612" starttime="3443.98" endtime="3445.47" comment="FBH" type="b" original-type="b" channel="c0" participant="fe016">
      <nite:child href="Bmr008.A.words.xml#id(Bmr008.w.16,084)..id(Bmr008.w.16,091)"/>
   </dialogueact>
   <dialogueact nite:id="Bmr008.A.dialogueact1623" starttime="3464.08" endtime="3467.32" type="s^cs" original-type="s^cs" channel="c0" participant="fe016">
      <nite:child href="Bmr008.A.words.xml#id(Bmr008.w.16,146)..id(Bmr008.w.16,156)"/>
   </dialogueact>
   <dialogueact nite:id="Bmr008.A.dialogueact1624" starttime="3467.39" endtime="3469.72" type="s^ba^df" original-type="s^ba^df" channel="c0" participant="fe016">
      <nite:child href="Bmr008.A.words.xml#id(Bmr008.w.16,157)..id(Bmr008.w.16,167)"/>
   </dialogueact>
   <dialogueact nite:id="Bmr008.A.dialogueact1625" starttime="3471.75" endtime="3487.74" comment="FBH" type="s^df.%--" original-type="s^df.%--" channel="c0" participant="fe016">
      <nite:child href="Bmr008.A.words.xml#id(Bmr008.w.16,168)..id(Bmr008.disfmarker.680)"/>
   </dialogueact>
   <dialogueact nite:id="Bmr008.A.dialogueact1627" starttime="3487.91" endtime="3494.02" type="s^df" original-type="s^df" channel="c0" participant="fe016">
      <nite:child href="Bmr008.A.words.xml#id(Bmr008.w.16,217)..id(Bmr008.w.16,239)"/>
   </dialogueact>
   <dialogueact nite:id="Bmr008.A.dialogueact1629" starttime="3495.36" endtime="3505.6" type="s" adjacency="51a" original-type="s" channel="c0" participant="fe016">
      <nite:child href="Bmr008.A.words.xml#id(Bmr008.w.16,240)..id(Bmr008.w.16,285)"/>
   </dialogueact>
   <dialogueact nite:id="Bmr008.A.dialogueact1633" starttime="3506.27" endtime="3508.33" type="s^df" original-type="s^df" channel="c0" participant="fe016">
      <nite:child href="Bmr008.A.words.xml#id(Bmr008.w.16,286)..id(Bmr008.w.16,296)"/>
   </dialogueact>
   <dialogueact nite:id="Bmr008.A.dialogueact1635" starttime="3508.33" endtime="3509.82" type="s.%--" original-type="s.%--" channel="c0" participant="fe016">
      <nite:child href="Bmr008.A.words.xml#id(Bmr008.w.16,297)..id(Bmr008.disfmarker.683)"/>
   </dialogueact>
   <dialogueact nite:id="Bmr008.A.dialogueact1636" starttime="3510.74" endtime="3522.64" type="s" original-type="s" channel="c0" participant="fe016">
      <nite:child href="Bmr008.A.words.xml#id(Bmr008.w.16,310)..id(Bmr008.w.16,352)"/>
   </dialogueact>
   <dialogueact nite:id="Bmr008.A.dialogueact1667" starttime="3597.33" endtime="3601.12" type="s^cs" adjacency="1a" original-type="s^cs" channel="c0" participant="fe016">
      <nite:child href="Bmr008.A.words.xml#id(Bmr008.w.16,648)..id(Bmr008.w.16,657)"/>
   </dialogueact>
   <dialogueact nite:id="Bmr008.A.dialogueact1668" starttime="3601.5" endtime="3603.33" type="s^cs.%--" original-type="s^cs.%--" channel="c0" participant="fe016">
      <nite:child href="Bmr008.A.words.xml#id(Bmr008.w.16,658)..id(Bmr008.disfmarker.706)"/>
   </dialogueact>
   <dialogueact nite:id="Bmr008.A.dialogueact1670" starttime="3603.5" endtime="3605.76" type="s.%--" original-type="s.%--" channel="c0" participant="fe016">
      <nite:child href="Bmr008.A.words.xml#id(Bmr008.w.16,666)..id(Bmr008.w.16,678)"/>
   </dialogueact>
   <dialogueact nite:id="Bmr008.A.dialogueact1671" starttime="3606.6" endtime="3612.29" type="s" original-type="s" channel="c0" participant="fe016">
      <nite:child href="Bmr008.A.words.xml#id(Bmr008.w.16,681)..id(Bmr008.w.16,703)"/>
   </dialogueact>
   <dialogueact nite:id="Bmr008.A.dialogueact1673" starttime="3612.9" endtime="3613.71" type="s" original-type="s" channel="c0" participant="fe016">
      <nite:child href="Bmr008.A.words.xml#id(Bmr008.w.16,726)..id(Bmr008.w.16,730)"/>
   </dialogueact>
   <dialogueact nite:id="Bmr008.A.dialogueact1675" starttime="3613.71" endtime="3613.99" type="s.%-" original-type="s.%-" channel="c0" participant="fe016">
      <nite:child href="Bmr008.A.words.xml#id(Bmr008.w.16,731)..id(Bmr008.w.16,732)"/>
   </dialogueact>
   <dialogueact nite:id="Bmr008.A.dialogueact1677" starttime="3614.94" endtime="3624.0" type="fg|s" original-type="fg|s" channel="c0" participant="fe016">
      <nite:child href="Bmr008.A.words.xml#id(Bmr008.w.16,733)..id(Bmr008.w.16,772)"/>
   </dialogueact>
   <dialogueact nite:id="Bmr008.A.dialogueact1683" starttime="3629.34" endtime="3629.76" type="s^aa" adjacency="2b" original-type="s^aa" channel="c0" participant="fe016">
      <nite:child href="Bmr008.A.words.xml#id(Bmr008.w.16,800)..id(Bmr008.w.16,801)"/>
   </dialogueact>
   <dialogueact nite:id="Bmr008.A.dialogueact1686" starttime="3630.26" endtime="3635.3" type="s^cs" adjacency="2b+" original-type="s^cs" channel="c0" participant="fe016">
      <nite:child href="Bmr008.A.words.xml#id(Bmr008.w.16,810)..id(Bmr008.w.16,848)"/>
   </dialogueact>
   <dialogueact nite:id="Bmr008.A.dialogueact1696" starttime="3642.2" endtime="3646.04" type="s" adjacency="4b.5a" original-type="s" channel="c0" participant="fe016">
      <nite:child href="Bmr008.A.words.xml#id(Bmr008.w.16,873)..id(Bmr008.w.16,890)"/>
   </dialogueact>
   <dialogueact nite:id="Bmr008.A.dialogueact1700" starttime="3646.14" endtime="3649.25" type="s" original-type="s" channel="c0" participant="fe016">
      <nite:child href="Bmr008.A.words.xml#id(Bmr008.w.16,891)..id(Bmr008.w.16,904)"/>
   </dialogueact>
   <dialogueact nite:id="Bmr008.A.dialogueact1729" starttime="3714.16" endtime="3714.72" type="s.%--" original-type="s.%--" channel="c0" participant="fe016">
      <nite:child href="Bmr008.A.words.xml#id(Bmr008.w.17,141)..id(Bmr008.disfmarker.740)"/>
   </dialogueact>
   <dialogueact nite:id="Bmr008.A.dialogueact1731" starttime="3714.78" endtime="3716.44" type="s" original-type="s" channel="c0" participant="fe016">
      <nite:child href="Bmr008.A.words.xml#id(Bmr008.w.17,148)..id(Bmr008.w.17,151)"/>
   </dialogueact>
   <dialogueact nite:id="Bmr008.A.dialogueact1734" starttime="3717.3" endtime="3717.53" type="s" original-type="s" channel="c0" participant="fe016">
      <nite:child href="Bmr008.A.words.xml#id(Bmr008.w.17,160)..id(Bmr008.w.17,161)"/>
   </dialogueact>
</nite:root>