<?xml version="1.0" encoding="ISO-8859-1" standalone="yes"?>
<nite:root nite:id="Bmr025.B.dialogue-acts" xmlns:nite="http://nite.sourceforge.net/">
   <dialogueact nite:id="Bmr025.B.dialogueact1" starttime="1.733" endtime="2.823" type="fh" original-type="fh" channel="c1" participant="me013">
      <nite:child href="Bmr025.B.words.xml#id(Bmr025.w.3)..id(Bmr025.w.6)"/>
   </dialogueact>
   <dialogueact nite:id="Bmr025.B.dialogueact2" starttime="3.6" endtime="7.19" type="s^t" original-type="s^t" channel="c1" participant="me013">
      <nite:child href="Bmr025.B.words.xml#id(Bmr025.w.7)..id(Bmr025.w.25)"/>
   </dialogueact>
   <dialogueact nite:id="Bmr025.B.dialogueact3" starttime="7.19" endtime="11.95" type="s^df" original-type="s^df" channel="c1" participant="me013">
      <nite:child href="Bmr025.B.words.xml#id(Bmr025.w.26)..id(Bmr025.w.36)"/>
   </dialogueact>
   <dialogueact nite:id="Bmr025.B.dialogueact4" starttime="12.0" endtime="12.28" type="fh" original-type="fh" channel="c1" participant="me013">
      <nite:child href="Bmr025.B.words.xml#id(Bmr025.w.37)..id(Bmr025.w.38)"/>
   </dialogueact>
   <dialogueact nite:id="Bmr025.B.dialogueact5" starttime="13.432" endtime="13.952" type="fh" original-type="fh" channel="c1" participant="me013">
      <nite:child href="Bmr025.B.words.xml#id(Bmr025.w.39)..id(Bmr025.w.40)"/>
   </dialogueact>
   <dialogueact nite:id="Bmr025.B.dialogueact6" starttime="17.72" endtime="17.95" type="fh" original-type="fh" channel="c1" participant="me013">
      <nite:child href="Bmr025.B.words.xml#id(Bmr025.w.41)..id(Bmr025.w.42)"/>
   </dialogueact>
   <dialogueact nite:id="Bmr025.B.dialogueact7" starttime="19.02" endtime="26.937" type="s^t" original-type="s^t" channel="c1" participant="me013">
      <nite:child href="Bmr025.B.words.xml#id(Bmr025.w.43)..id(Bmr025.w.64)"/>
   </dialogueact>
   <dialogueact nite:id="Bmr025.B.dialogueact9" starttime="33.288" endtime="33.598" type="s^bk^rt" original-type="s^bk^rt" channel="c1" participant="me013">
      <nite:child href="Bmr025.B.words.xml#id(Bmr025.w.76)..id(Bmr025.w.77)"/>
   </dialogueact>
   <dialogueact nite:id="Bmr025.B.dialogueact10" starttime="35.706" endtime="36.526" type="qy^rt^t" original-type="qy^rt^t" channel="c1" participant="me013">
      <nite:child href="Bmr025.B.words.xml#id(Bmr025.w.78)..id(Bmr025.w.84)"/>
   </dialogueact>
   <dialogueact nite:id="Bmr025.B.dialogueact11" starttime="36.616" endtime="37.576" type="s^e^rt" original-type="s^e^rt" channel="c1" participant="me013">
      <nite:child href="Bmr025.B.words.xml#id(Bmr025.w.85)..id(Bmr025.w.87)"/>
   </dialogueact>
   <dialogueact nite:id="Bmr025.B.dialogueact12" starttime="37.576" endtime="38.526" type="s" adjacency="1a" original-type="s" channel="c1" participant="me013">
      <nite:child href="Bmr025.B.words.xml#id(Bmr025.w.88)..id(Bmr025.w.94)"/>
   </dialogueact>
   <dialogueact nite:id="Bmr025.B.dialogueact16" starttime="41.859" endtime="42.259" type="qy^bu^d^rt" adjacency="2b.3a" original-type="qy^bu^d^rt" channel="c1" participant="me013">
      <nite:child href="Bmr025.B.words.xml#id(Bmr025.w.120)..id(Bmr025.w.121)"/>
   </dialogueact>
   <dialogueact nite:id="Bmr025.B.dialogueact18" starttime="43.61" endtime="43.9" type="s^bk" adjacency="4b" original-type="s^bk" channel="c1" participant="me013">
      <nite:child href="Bmr025.B.words.xml#id(Bmr025.w.122)..id(Bmr025.w.123)"/>
   </dialogueact>
   <dialogueact nite:id="Bmr025.B.dialogueact43" starttime="92.394" endtime="93.164" type="fg|%-" original-type="fg|%-" channel="c1" participant="me013">
      <nite:child href="Bmr025.B.words.xml#id(Bmr025.w.305)..id(Bmr025.w.307)"/>
   </dialogueact>
   <dialogueact nite:id="Bmr025.B.dialogueact88" starttime="152.36" endtime="152.93" type="s^rt^t" adjacency="22a" original-type="s^rt^t" channel="c1" participant="me013">
      <nite:child href="Bmr025.B.words.xml#id(Bmr025.w.587)..id(Bmr025.w.589)"/>
   </dialogueact>
   <dialogueact nite:id="Bmr025.B.dialogueact89" starttime="152.93" endtime="154.67" type="s^e^rt" adjacency="22a+" original-type="s^e^rt" channel="c1" participant="me013">
      <nite:child href="Bmr025.B.words.xml#id(Bmr025.w.590)..id(Bmr025.w.597)"/>
   </dialogueact>
   <dialogueact nite:id="Bmr025.B.dialogueact107" starttime="207.427" endtime="209.21" type="qy^rt" adjacency="26a" original-type="qy^rt" channel="c1" participant="me013">
      <nite:child href="Bmr025.B.words.xml#id(Bmr025.w.811)..id(Bmr025.w.817)"/>
   </dialogueact>
   <dialogueact nite:id="Bmr025.B.dialogueact108" starttime="209.21" endtime="210.54" type="qr" original-type="qr" channel="c1" participant="me013">
      <nite:child href="Bmr025.B.words.xml#id(Bmr025.w.818)..id(Bmr025.w.827)"/>
   </dialogueact>
   <dialogueact nite:id="Bmr025.B.dialogueact110" starttime="215.199" endtime="215.639" type="b" original-type="b" channel="c1" participant="me013">
      <nite:child href="Bmr025.B.words.xml#id(Bmr025.w.850)..id(Bmr025.w.851)"/>
   </dialogueact>
   <dialogueact nite:id="Bmr025.B.dialogueact115" starttime="228.689" endtime="229.069" type="b" original-type="b" channel="c1" participant="me013">
      <nite:child href="Bmr025.B.words.xml#id(Bmr025.w.908)..id(Bmr025.w.911)"/>
   </dialogueact>
   <dialogueact nite:id="Bmr025.B.dialogueact118" starttime="232.962" endtime="233.272" type="b" original-type="b" channel="c1" participant="me013">
      <nite:child href="Bmr025.B.words.xml#id(Bmr025.w.929)..id(Bmr025.w.932)"/>
   </dialogueact>
   <dialogueact nite:id="Bmr025.B.dialogueact120" starttime="236.418" endtime="236.768" type="b" original-type="b" channel="c1" participant="me013">
      <nite:child href="Bmr025.B.words.xml#id(Bmr025.w.946)..id(Bmr025.w.949)"/>
   </dialogueact>
   <dialogueact nite:id="Bmr025.B.dialogueact124" starttime="244.49" endtime="244.93" type="b" original-type="b" channel="c1" participant="me013">
      <nite:child href="Bmr025.B.words.xml#id(Bmr025.w.980)..id(Bmr025.w.983)"/>
   </dialogueact>
   <dialogueact nite:id="Bmr025.B.dialogueact126" starttime="249.616" endtime="249.906" type="b" original-type="b" channel="c1" participant="me013">
      <nite:child href="Bmr025.B.words.xml#id(Bmr025.w.1,000)..id(Bmr025.w.1,001)"/>
   </dialogueact>
   <dialogueact nite:id="Bmr025.B.dialogueact155" starttime="320.903" endtime="321.283" type="b" original-type="b" channel="c1" participant="me013">
      <nite:child href="Bmr025.B.words.xml#id(Bmr025.w.1,333)..id(Bmr025.w.1,336)"/>
   </dialogueact>
   <dialogueact nite:id="Bmr025.B.dialogueact156" starttime="323.332" endtime="323.672" type="b" original-type="b" channel="c1" participant="me013">
      <nite:child href="Bmr025.B.words.xml#id(Bmr025.w.1,337)..id(Bmr025.w.1,340)"/>
   </dialogueact>
   <dialogueact nite:id="Bmr025.B.dialogueact168" starttime="346.731" endtime="346.901" type="b" original-type="b" channel="c1" participant="me013">
      <nite:child href="Bmr025.B.words.xml#id(Bmr025.w.1,435)"/>
   </dialogueact>
   <dialogueact nite:id="Bmr025.B.dialogueact174" starttime="356.38" endtime="357.3" comment="FBH" type="s^ba^j" original-type="s^ba^j" channel="c1" participant="me013">
      <nite:child href="Bmr025.B.words.xml#id(Bmr025.w.1,476)..id(Bmr025.w.1,482)"/>
   </dialogueact>
   <dialogueact nite:id="Bmr025.B.dialogueact175" starttime="357.5" endtime="359.93" comment="FBH" type="s^ba.%-" original-type="s^ba.%-" channel="c1" participant="me013">
      <nite:child href="Bmr025.B.words.xml#id(Bmr025.w.1,483)..id(Bmr025.disfmarker.47)"/>
   </dialogueact>
   <dialogueact nite:id="Bmr025.B.dialogueact180" starttime="366.37" endtime="366.61" type="s^aa" adjacency="37b" original-type="s^aa" channel="c1" participant="me013">
      <nite:child href="Bmr025.B.words.xml#id(Bmr025.w.1,525)..id(Bmr025.w.1,526)"/>
   </dialogueact>
   <dialogueact nite:id="Bmr025.B.dialogueact181" starttime="367.974" endtime="369.054" type="s^ar" adjacency="37b" original-type="s^ar" channel="c1" participant="me013">
      <nite:child href="Bmr025.B.words.xml#id(Bmr025.w.1,527)..id(Bmr025.w.1,533)"/>
   </dialogueact>
   <dialogueact nite:id="Bmr025.B.dialogueact182" starttime="369.054" endtime="370.914" type="fh" original-type="fh" channel="c1" participant="me013">
      <nite:child href="Bmr025.B.words.xml#id(Bmr025.w.1,534)..id(Bmr025.disfmarker.48)"/>
   </dialogueact>
   <dialogueact nite:id="Bmr025.B.dialogueact183" starttime="371.59" endtime="372.64" type="s" adjacency="38a" original-type="s" channel="c1" participant="me013">
      <nite:child href="Bmr025.B.words.xml#id(Bmr025.w.1,537)..id(Bmr025.w.1,544)"/>
   </dialogueact>
   <dialogueact nite:id="Bmr025.B.dialogueact184" starttime="372.64" endtime="377.68" type="s" original-type="s" channel="c1" participant="me013">
      <nite:child href="Bmr025.B.words.xml#id(Bmr025.w.1,545)..id(Bmr025.w.1,570)"/>
   </dialogueact>
   <dialogueact nite:id="Bmr025.B.dialogueact195" starttime="396.693" endtime="397.063" comment="FBH" type="b" original-type="b" channel="c1" participant="me013">
      <nite:child href="Bmr025.B.words.xml#id(Bmr025.w.1,676)..id(Bmr025.w.1,679)"/>
   </dialogueact>
   <dialogueact nite:id="Bmr025.B.dialogueact199" starttime="407.303" endtime="407.673" type="b" original-type="b" channel="c1" participant="me013">
      <nite:child href="Bmr025.B.words.xml#id(Bmr025.w.1,716)..id(Bmr025.w.1,719)"/>
   </dialogueact>
   <dialogueact nite:id="Bmr025.B.dialogueact201" starttime="411.231" endtime="411.581" type="b" original-type="b" channel="c1" participant="me013">
      <nite:child href="Bmr025.B.words.xml#id(Bmr025.w.1,731)..id(Bmr025.w.1,734)"/>
   </dialogueact>
   <dialogueact nite:id="Bmr025.B.dialogueact208" starttime="420.88" endtime="421.34" type="b" original-type="b" channel="c1" participant="me013">
      <nite:child href="Bmr025.B.words.xml#id(Bmr025.w.1,781)..id(Bmr025.w.1,784)"/>
   </dialogueact>
   <dialogueact nite:id="Bmr025.B.dialogueact211" starttime="426.153" endtime="426.663" type="b" original-type="b" channel="c1" participant="me013">
      <nite:child href="Bmr025.B.words.xml#id(Bmr025.w.1,811)..id(Bmr025.w.1,814)"/>
   </dialogueact>
   <dialogueact nite:id="Bmr025.B.dialogueact212" starttime="427.58" endtime="428.09" type="b" original-type="b" channel="c1" participant="me013">
      <nite:child href="Bmr025.B.words.xml#id(Bmr025.w.1,815)..id(Bmr025.w.1,818)"/>
   </dialogueact>
   <dialogueact nite:id="Bmr025.B.dialogueact219" starttime="453.8" endtime="456.01" type="qo^cs" adjacency="41a" original-type="qo^cs" channel="c1" participant="me013">
      <nite:child href="Bmr025.B.words.xml#id(Bmr025.w.1,914)..id(Bmr025.w.1,922)"/>
   </dialogueact>
   <dialogueact nite:id="Bmr025.B.dialogueact231" starttime="473.09" endtime="473.38" type="fg" original-type="fg" channel="c1" participant="me013">
      <nite:child href="Bmr025.B.words.xml#id(Bmr025.w.2,001)..id(Bmr025.disfmarker.64)"/>
   </dialogueact>
   <dialogueact nite:id="Bmr025.B.dialogueact235" starttime="474.352" endtime="479.542" type="s^co" adjacency="44a" original-type="s^co" channel="c1" participant="me013">
      <nite:child href="Bmr025.B.words.xml#id(Bmr025.w.2,014)..id(Bmr025.w.2,039)"/>
   </dialogueact>
   <dialogueact nite:id="Bmr025.B.dialogueact237" starttime="479.938" endtime="481.278" type="s" adjacency="45a" original-type="s" channel="c1" participant="me013">
      <nite:child href="Bmr025.B.words.xml#id(Bmr025.w.2,044)..id(Bmr025.w.2,050)"/>
   </dialogueact>
   <dialogueact nite:id="Bmr025.B.dialogueact238" starttime="481.608" endtime="482.828" type="s" adjacency="45a+" original-type="s" channel="c1" participant="me013">
      <nite:child href="Bmr025.B.words.xml#id(Bmr025.w.2,051)..id(Bmr025.w.2,059)"/>
   </dialogueact>
   <dialogueact nite:id="Bmr025.B.dialogueact245" starttime="493.283" endtime="493.683" type="b" original-type="b" channel="c1" participant="me013">
      <nite:child href="Bmr025.B.words.xml#id(Bmr025.w.2,094)..id(Bmr025.w.2,095)"/>
   </dialogueact>
   <dialogueact nite:id="Bmr025.B.dialogueact248" starttime="500.01" endtime="500.53" type="qy^bu^d^rt" adjacency="47b-2.49a" original-type="qy^bu^d^rt" channel="c1" participant="me013">
      <nite:child href="Bmr025.B.words.xml#id(Bmr025.w.2,110)..id(Bmr025.w.2,112)"/>
   </dialogueact>
   <dialogueact nite:id="Bmr025.B.dialogueact251" starttime="502.034" endtime="502.244" type="b" original-type="b" channel="c1" participant="me013">
      <nite:child href="Bmr025.B.words.xml#id(Bmr025.w.2,123)..id(Bmr025.w.2,124)"/>
   </dialogueact>
   <dialogueact nite:id="Bmr025.B.dialogueact255" starttime="504.16" endtime="505.46" type="s" adjacency="50b.51a" original-type="s" channel="c1" participant="me013">
      <nite:child href="Bmr025.B.words.xml#id(Bmr025.w.2,140)..id(Bmr025.w.2,145)"/>
   </dialogueact>
   <dialogueact nite:id="Bmr025.B.dialogueact258" starttime="506.83" endtime="507.02" type="s^ar" adjacency="52b" original-type="s^ar" channel="c1" participant="me013">
      <nite:child href="Bmr025.B.words.xml#id(Bmr025.w.2,155)..id(Bmr025.w.2,156)"/>
   </dialogueact>
   <dialogueact nite:id="Bmr025.B.dialogueact261" starttime="508.97" endtime="509.46" type="s^bk" original-type="s^bk" channel="c1" participant="me013">
      <nite:child href="Bmr025.B.words.xml#id(Bmr025.w.2,173)..id(Bmr025.w.2,174)"/>
   </dialogueact>
   <dialogueact nite:id="Bmr025.B.dialogueact265" starttime="514.259" endtime="514.689" type="s^bk" adjacency="54b-2" original-type="s^bk" channel="c1" participant="me013">
      <nite:child href="Bmr025.B.words.xml#id(Bmr025.w.2,196)..id(Bmr025.w.2,199)"/>
   </dialogueact>
   <dialogueact nite:id="Bmr025.B.dialogueact267" starttime="516.89" endtime="517.08" type="b" original-type="b" channel="c1" participant="me013">
      <nite:child href="Bmr025.B.words.xml#id(Bmr025.w.2,229)..id(Bmr025.w.2,230)"/>
   </dialogueact>
   <dialogueact nite:id="Bmr025.B.dialogueact271" starttime="519.68" endtime="520.32" type="s.%-" original-type="s.%-" channel="c1" participant="me013">
      <nite:child href="Bmr025.B.words.xml#id(Bmr025.w.2,233)..id(Bmr025.disfmarker.70)"/>
   </dialogueact>
   <dialogueact nite:id="Bmr025.B.dialogueact306" starttime="599.237" endtime="603.507" type="s.%--" original-type="s.%--" channel="c1" participant="me013">
      <nite:child href="Bmr025.B.words.xml#id(Bmr025.w.2,567)..id(Bmr025.w.2,585)"/>
   </dialogueact>
   <dialogueact nite:id="Bmr025.B.dialogueact307" starttime="603.949" endtime="609.178" type="s.%--" original-type="s.%--" channel="c1" participant="me013">
      <nite:child href="Bmr025.B.words.xml#id(Bmr025.w.2,586)..id(Bmr025.disfmarker.91)"/>
   </dialogueact>
   <dialogueact nite:id="Bmr025.B.dialogueact309" starttime="613.809" endtime="614.099" type="b" original-type="b" channel="c1" participant="me013">
      <nite:child href="Bmr025.B.words.xml#id(Bmr025.w.2,625)..id(Bmr025.w.2,626)"/>
   </dialogueact>
   <dialogueact nite:id="Bmr025.B.dialogueact316" starttime="627.905" endtime="628.285" type="b" original-type="b" channel="c1" participant="me013">
      <nite:child href="Bmr025.B.words.xml#id(Bmr025.w.2,669)..id(Bmr025.w.2,672)"/>
   </dialogueact>
   <dialogueact nite:id="Bmr025.B.dialogueact318" starttime="632.86" endtime="633.17" type="b" original-type="b" channel="c1" participant="me013">
      <nite:child href="Bmr025.B.words.xml#id(Bmr025.w.2,704)..id(Bmr025.w.2,705)"/>
   </dialogueact>
   <dialogueact nite:id="Bmr025.B.dialogueact321" starttime="637.18" endtime="637.48" type="b" original-type="b" channel="c1" participant="me013">
      <nite:child href="Bmr025.B.words.xml#id(Bmr025.w.2,724)..id(Bmr025.w.2,725)"/>
   </dialogueact>
   <dialogueact nite:id="Bmr025.B.dialogueact322" starttime="638.959" endtime="640.939" type="s^tc" original-type="s^tc" channel="c1" participant="me013">
      <nite:child href="Bmr025.B.words.xml#id(Bmr025.w.2,726)..id(Bmr025.w.2,739)"/>
   </dialogueact>
   <dialogueact nite:id="Bmr025.B.dialogueact323" starttime="640.939" endtime="643.57" comment="added &quot;and&quot;" type="s" original-type="s" channel="c1" participant="me013">
      <nite:child href="Bmr025.B.words.xml#id(Bmr025.w.2,740)..id(Bmr025.w.2,747)"/>
   </dialogueact>
   <dialogueact nite:id="Bmr025.B.dialogueact324" starttime="643.57" endtime="648.47" type="s" original-type="s" channel="c1" participant="me013">
      <nite:child href="Bmr025.B.words.xml#id(Bmr025.w.2,748)..id(Bmr025.w.2,759)"/>
   </dialogueact>
   <dialogueact nite:id="Bmr025.B.dialogueact325" starttime="648.47" endtime="651.62" type="s^cs" original-type="s^cs" channel="c1" participant="me013">
      <nite:child href="Bmr025.B.words.xml#id(Bmr025.w.2,760)..id(Bmr025.w.2,774)"/>
   </dialogueact>
   <dialogueact nite:id="Bmr025.B.dialogueact326" starttime="651.62" endtime="652.98" type="fh" original-type="fh" channel="c1" participant="me013">
      <nite:child href="Bmr025.B.words.xml#id(Bmr025.w.2,775)..id(Bmr025.w.2,778)"/>
   </dialogueact>
   <dialogueact nite:id="Bmr025.B.dialogueact327" starttime="653.96" endtime="661.18" type="fh|s" original-type="fh|s" channel="c1" participant="me013">
      <nite:child href="Bmr025.B.words.xml#id(Bmr025.w.2,779)..id(Bmr025.w.2,802)"/>
   </dialogueact>
   <dialogueact nite:id="Bmr025.B.dialogueact338" starttime="679.736" endtime="680.136" type="b^rt" original-type="b^rt" channel="c1" participant="me013">
      <nite:child href="Bmr025.B.words.xml#id(Bmr025.w.2,881)..id(Bmr025.w.2,884)"/>
   </dialogueact>
   <dialogueact nite:id="Bmr025.B.dialogueact344" starttime="696.7" endtime="697.07" type="s.%-" original-type="s.%-" channel="c1" participant="me013">
      <nite:child href="Bmr025.B.words.xml#id(Bmr025.w.2,944)..id(Bmr025.w.2,946)"/>
   </dialogueact>
   <dialogueact nite:id="Bmr025.B.dialogueact346" starttime="697.07" endtime="700.87" type="s^na" adjacency="6b" original-type="s^na" channel="c1" participant="me013">
      <nite:child href="Bmr025.B.words.xml#id(Bmr025.w.2,947)..id(Bmr025.w.2,971)"/>
   </dialogueact>
   <dialogueact nite:id="Bmr025.B.dialogueact347" starttime="700.87" endtime="702.36" type="s^df" original-type="s^df" channel="c1" participant="me013">
      <nite:child href="Bmr025.B.words.xml#id(Bmr025.w.2,972)..id(Bmr025.w.2,980)"/>
   </dialogueact>
   <dialogueact nite:id="Bmr025.B.dialogueact348" starttime="702.47" endtime="708.57" type="s" original-type="s" channel="c1" participant="me013">
      <nite:child href="Bmr025.B.words.xml#id(Bmr025.w.2,981)..id(Bmr025.w.3,004)"/>
   </dialogueact>
   <dialogueact nite:id="Bmr025.B.dialogueact350" starttime="709.16" endtime="710.74" type="s^e" original-type="s^e" channel="c1" participant="me013">
      <nite:child href="Bmr025.B.words.xml#id(Bmr025.w.3,005)..id(Bmr025.w.3,013)"/>
   </dialogueact>
   <dialogueact nite:id="Bmr025.B.dialogueact352" starttime="710.74" endtime="711.0" type="fh" original-type="fh" channel="c1" participant="me013">
      <nite:child href="Bmr025.B.words.xml#id(Bmr025.w.3,014)..id(Bmr025.w.3,015)"/>
   </dialogueact>
   <dialogueact nite:id="Bmr025.B.dialogueact359" starttime="722.869" endtime="729.419" type="s" adjacency="9a" original-type="s" channel="c1" participant="me013">
      <nite:child href="Bmr025.B.words.xml#id(Bmr025.w.3,059)..id(Bmr025.w.3,097)"/>
   </dialogueact>
   <dialogueact nite:id="Bmr025.B.dialogueact361" starttime="730.168" endtime="731.688" type="s" original-type="s" channel="c1" participant="me013">
      <nite:child href="Bmr025.B.words.xml#id(Bmr025.w.3,099)..id(Bmr025.w.3,109)"/>
   </dialogueact>
   <dialogueact nite:id="Bmr025.B.dialogueact366" starttime="733.42" endtime="733.69" type="%-" adjacency="12b-1" original-type="%-" channel="c1" participant="me013">
      <nite:child href="Bmr025.B.words.xml#id(Bmr025.w.3,136)"/>
   </dialogueact>
   <dialogueact nite:id="Bmr025.B.dialogueact369" starttime="735.33" endtime="736.88" type="s" adjacency="12b-1+" original-type="s" channel="c1" participant="me013">
      <nite:child href="Bmr025.B.words.xml#id(Bmr025.w.3,154)..id(Bmr025.w.3,159)"/>
   </dialogueact>
   <dialogueact nite:id="Bmr025.B.dialogueact377" starttime="738.703" endtime="745.834" type="fg|s" adjacency="14a" original-type="fg|s" channel="c1" participant="me013">
      <nite:child href="Bmr025.B.words.xml#id(Bmr025.w.3,176)..id(Bmr025.w.3,207)"/>
   </dialogueact>
   <dialogueact nite:id="Bmr025.B.dialogueact380" starttime="745.834" endtime="745.894" type="b" original-type="b" channel="c1" participant="me013">
      <nite:child href="Bmr025.B.words.xml#id(Bmr025.w.3,208)..id(Bmr025.w.3,209)"/>
   </dialogueact>
   <dialogueact nite:id="Bmr025.B.dialogueact384" starttime="751.069" endtime="751.279" type="b" original-type="b" channel="c1" participant="me013">
      <nite:child href="Bmr025.B.words.xml#id(Bmr025.w.3,248)..id(Bmr025.w.3,249)"/>
   </dialogueact>
   <dialogueact nite:id="Bmr025.B.dialogueact386" starttime="755.14" endtime="755.32" type="b" original-type="b" channel="c1" participant="me013">
      <nite:child href="Bmr025.B.words.xml#id(Bmr025.w.3,265)..id(Bmr025.w.3,266)"/>
   </dialogueact>
   <dialogueact nite:id="Bmr025.B.dialogueact391" starttime="761.47" endtime="763.13" type="s" original-type="s" channel="c1" participant="me013">
      <nite:child href="Bmr025.B.words.xml#id(Bmr025.w.3,285)..id(Bmr025.w.3,295)"/>
   </dialogueact>
   <dialogueact nite:id="Bmr025.B.dialogueact392" starttime="763.13" endtime="763.9" type="%--" original-type="%--" channel="c1" participant="me013">
      <nite:child href="Bmr025.B.words.xml#id(Bmr025.w.3,296)..id(Bmr025.w.3,302)"/>
   </dialogueact>
   <dialogueact nite:id="Bmr025.B.dialogueact393" starttime="763.96" endtime="766.47" type="s" original-type="s" channel="c1" participant="me013">
      <nite:child href="Bmr025.B.words.xml#id(Bmr025.w.3,303)..id(Bmr025.w.3,319)"/>
   </dialogueact>
   <dialogueact nite:id="Bmr025.B.dialogueact395" starttime="766.47" endtime="766.87" type="%-" original-type="%-" channel="c1" participant="me013">
      <nite:child href="Bmr025.B.words.xml#id(Bmr025.w.3,320)..id(Bmr025.disfmarker.112)"/>
   </dialogueact>
   <dialogueact nite:id="Bmr025.B.dialogueact398" starttime="769.43" endtime="769.67" type="b" original-type="b" channel="c1" participant="me013">
      <nite:child href="Bmr025.B.words.xml#id(Bmr025.w.3,348)..id(Bmr025.w.3,349)"/>
   </dialogueact>
   <dialogueact nite:id="Bmr025.B.dialogueact399" starttime="771.654" endtime="771.804" type="b" original-type="b" channel="c1" participant="me013">
      <nite:child href="Bmr025.B.words.xml#id(Bmr025.w.3,350)..id(Bmr025.w.3,351)"/>
   </dialogueact>
   <dialogueact nite:id="Bmr025.B.dialogueact400" starttime="773.88" endtime="774.23" type="s^rt^t^tc" original-type="s^rt^t^tc" channel="c1" participant="me013">
      <nite:child href="Bmr025.B.words.xml#id(Bmr025.w.3,352)..id(Bmr025.w.3,355)"/>
   </dialogueact>
   <dialogueact nite:id="Bmr025.B.dialogueact401" starttime="775.47" endtime="776.18" type="qy^d^rt^t^tc" original-type="qy^d^rt^t^tc" channel="c1" participant="me013">
      <nite:child href="Bmr025.B.words.xml#id(Bmr025.w.3,356)..id(Bmr025.w.3,358)"/>
   </dialogueact>
   <dialogueact nite:id="Bmr025.B.dialogueact446" starttime="861.94" endtime="862.44" type="qy^bu^d^rt" adjacency="23a" original-type="qy^bu^d^rt" channel="c1" participant="me013">
      <nite:child href="Bmr025.B.words.xml#id(Bmr025.w.3,711)..id(Bmr025.w.3,712)"/>
   </dialogueact>
   <dialogueact nite:id="Bmr025.B.dialogueact450" starttime="864.17" endtime="866.36" type="s^bk|s" adjacency="24b.25a" original-type="s^bk|s" channel="c1" participant="me013">
      <nite:child href="Bmr025.B.words.xml#id(Bmr025.w.3,723)..id(Bmr025.w.3,733)"/>
   </dialogueact>
   <dialogueact nite:id="Bmr025.B.dialogueact453" starttime="866.55" endtime="867.05" type="s^bk" adjacency="24b+" original-type="s^bk" channel="c1" participant="me013">
      <nite:child href="Bmr025.B.words.xml#id(Bmr025.w.3,734)..id(Bmr025.w.3,738)"/>
   </dialogueact>
   <dialogueact nite:id="Bmr025.B.dialogueact455" starttime="867.795" endtime="867.995" type="b" original-type="b" channel="c1" participant="me013">
      <nite:child href="Bmr025.B.words.xml#id(Bmr025.w.3,751)..id(Bmr025.w.3,752)"/>
   </dialogueact>
   <dialogueact nite:id="Bmr025.B.dialogueact457" starttime="869.391" endtime="869.541" type="b" original-type="b" channel="c1" participant="me013">
      <nite:child href="Bmr025.B.words.xml#id(Bmr025.w.3,755)..id(Bmr025.w.3,756)"/>
   </dialogueact>
   <dialogueact nite:id="Bmr025.B.dialogueact458" starttime="870.399" endtime="870.829" type="fg" original-type="fg" channel="c1" participant="me013">
      <nite:child href="Bmr025.B.words.xml#id(Bmr025.w.3,757)..id(Bmr025.w.3,758)"/>
   </dialogueact>
   <dialogueact nite:id="Bmr025.B.dialogueact463" starttime="874.001" endtime="875.831" type="s^j" original-type="s^j" channel="c1" participant="me013">
      <nite:child href="Bmr025.B.words.xml#id(Bmr025.w.3,774)..id(Bmr025.w.3,782)"/>
   </dialogueact>
   <dialogueact nite:id="Bmr025.B.dialogueact468" starttime="877.951" endtime="878.301" type="b" original-type="b" channel="c1" participant="me013">
      <nite:child href="Bmr025.B.words.xml#id(Bmr025.w.3,827)..id(Bmr025.w.3,828)"/>
   </dialogueact>
   <dialogueact nite:id="Bmr025.B.dialogueact469" starttime="879.178" endtime="879.768" type="b" original-type="b" channel="c1" participant="me013">
      <nite:child href="Bmr025.B.words.xml#id(Bmr025.w.3,829)..id(Bmr025.w.3,832)"/>
   </dialogueact>
   <dialogueact nite:id="Bmr025.B.dialogueact473" starttime="881.854" endtime="882.104" type="b" original-type="b" channel="c1" participant="me013">
      <nite:child href="Bmr025.B.words.xml#id(Bmr025.w.3,851)..id(Bmr025.w.3,852)"/>
   </dialogueact>
   <dialogueact nite:id="Bmr025.B.dialogueact484" starttime="890.7" endtime="891.61" type="s^bu" original-type="s^bu" channel="c1" participant="me013">
      <nite:child href="Bmr025.B.words.xml#id(Bmr025.w.3,896)..id(Bmr025.w.3,901)"/>
   </dialogueact>
   <dialogueact nite:id="Bmr025.B.dialogueact485" starttime="891.61" endtime="891.96" type="qy^rt" original-type="qy^rt" channel="c1" participant="me013">
      <nite:child href="Bmr025.B.words.xml#id(Bmr025.w.3,902)..id(Bmr025.w.3,904)"/>
   </dialogueact>
   <dialogueact nite:id="Bmr025.B.dialogueact487" starttime="893.038" endtime="894.178" type="s^t1.%-" original-type="s^t1.%-" channel="c1" participant="me013">
      <nite:child href="Bmr025.B.words.xml#id(Bmr025.w.3,913)..id(Bmr025.disfmarker.134)"/>
   </dialogueact>
   <dialogueact nite:id="Bmr025.B.dialogueact551" starttime="960.56" endtime="961.14" type="s^bk" adjacency="45b" original-type="s^bk" channel="c1" participant="me013">
      <nite:child href="Bmr025.B.words.xml#id(Bmr025.w.4,337)..id(Bmr025.w.4,340)"/>
   </dialogueact>
   <dialogueact nite:id="Bmr025.B.dialogueact594" starttime="1037.4" endtime="1038.62" type="s^j" adjacency="49b-2.50a" original-type="s^j" channel="c1" participant="me013">
      <nite:child href="Bmr025.B.words.xml#id(Bmr025.w.4,645)..id(Bmr025.w.4,646)"/>
   </dialogueact>
   <dialogueact nite:id="Bmr025.B.dialogueact597" starttime="1040.14" endtime="1041.0" comment="FBH" type="%-" original-type="%-" channel="c1" participant="me013">
      <nite:child href="Bmr025.B.words.xml#id(Bmr025.w.4,647)..id(Bmr025.disfmarker.159)"/>
   </dialogueact>
   <dialogueact nite:id="Bmr025.B.dialogueact598" starttime="1041.25" endtime="1041.55" type="fg" original-type="fg" channel="c1" participant="me013">
      <nite:child href="Bmr025.B.words.xml#id(Bmr025.w.4,653)..id(Bmr025.w.4,654)"/>
   </dialogueact>
   <dialogueact nite:id="Bmr025.B.dialogueact600" starttime="1042.67" endtime="1042.93" type="fg" original-type="fg" channel="c1" participant="me013">
      <nite:child href="Bmr025.B.words.xml#id(Bmr025.w.4,655)..id(Bmr025.disfmarker.161)"/>
   </dialogueact>
   <dialogueact nite:id="Bmr025.B.dialogueact612" starttime="1082.73" endtime="1087.99" type="s.%--" original-type="s.%--" channel="c1" participant="me013">
      <nite:child href="Bmr025.B.words.xml#id(Bmr025.w.4,816)..id(Bmr025.disfmarker.163)"/>
   </dialogueact>
   <dialogueact nite:id="Bmr025.B.dialogueact613" starttime="1088.51" endtime="1093.55" type="s" adjacency="52a" original-type="s" channel="c1" participant="me013">
      <nite:child href="Bmr025.B.words.xml#id(Bmr025.w.4,834)..id(Bmr025.w.4,857)"/>
   </dialogueact>
   <dialogueact nite:id="Bmr025.B.dialogueact616" starttime="1094.85" endtime="1096.44" type="s^aa|s" adjacency="53b" original-type="s^aa|s" channel="c1" participant="me013">
      <nite:child href="Bmr025.B.words.xml#id(Bmr025.w.4,866)..id(Bmr025.w.4,875)"/>
   </dialogueact>
   <dialogueact nite:id="Bmr025.B.dialogueact617" starttime="1096.44" endtime="1096.54" type="fh" original-type="fh" channel="c1" participant="me013">
      <nite:child href="Bmr025.B.words.xml#id(Bmr025.w.4,876)..id(Bmr025.disfmarker.165)"/>
   </dialogueact>
   <dialogueact nite:id="Bmr025.B.dialogueact621" starttime="1106.48" endtime="1106.68" type="qy^bh" original-type="qy^bh" channel="c1" participant="me013">
      <nite:child href="Bmr025.B.words.xml#id(Bmr025.w.4,916)..id(Bmr025.w.4,917)"/>
   </dialogueact>
   <dialogueact nite:id="Bmr025.B.dialogueact623" starttime="1120.09" endtime="1129.31" comment="FBH" type="s^bu" adjacency="54a" original-type="s^bu" channel="c1" participant="me013">
      <nite:child href="Bmr025.B.words.xml#id(Bmr025.w.4,941)..id(Bmr025.w.4,975)"/>
   </dialogueact>
   <dialogueact nite:id="Bmr025.B.dialogueact625" starttime="1129.31" endtime="1129.54" type="qy^d^g^rt" adjacency="54a+" original-type="qy^d^g^rt" channel="c1" participant="me013">
      <nite:child href="Bmr025.B.words.xml#id(Bmr025.w.4,976)..id(Bmr025.w.4,977)"/>
   </dialogueact>
   <dialogueact nite:id="Bmr025.B.dialogueact626" starttime="1130.87" endtime="1131.26" type="b" original-type="b" channel="c1" participant="me013">
      <nite:child href="Bmr025.B.words.xml#id(Bmr025.w.4,993)..id(Bmr025.w.4,994)"/>
   </dialogueact>
   <dialogueact nite:id="Bmr025.B.dialogueact627" starttime="1132.67" endtime="1133.04" type="b" original-type="b" channel="c1" participant="me013">
      <nite:child href="Bmr025.B.words.xml#id(Bmr025.w.4,995)..id(Bmr025.w.4,996)"/>
   </dialogueact>
   <dialogueact nite:id="Bmr025.B.dialogueact629" starttime="1137.06" endtime="1137.53" type="b" original-type="b" channel="c1" participant="me013">
      <nite:child href="Bmr025.B.words.xml#id(Bmr025.w.5,005)..id(Bmr025.w.5,006)"/>
   </dialogueact>
   <dialogueact nite:id="Bmr025.B.dialogueact631" starttime="1139.19" endtime="1139.51" type="b" original-type="b" channel="c1" participant="me013">
      <nite:child href="Bmr025.B.words.xml#id(Bmr025.w.5,016)..id(Bmr025.w.5,017)"/>
   </dialogueact>
   <dialogueact nite:id="Bmr025.B.dialogueact633" starttime="1142.23" endtime="1143.8" type="s^bk" adjacency="55b.56a" original-type="s^bk" channel="c1" participant="me013">
      <nite:child href="Bmr025.B.words.xml#id(Bmr025.w.5,026)..id(Bmr025.w.5,032)"/>
   </dialogueact>
   <dialogueact nite:id="Bmr025.B.dialogueact635" starttime="1143.8" endtime="1144.48" type="fh" original-type="fh" channel="c1" participant="me013">
      <nite:child href="Bmr025.B.words.xml#id(Bmr025.w.5,033)..id(Bmr025.w.5,036)"/>
   </dialogueact>
   <dialogueact nite:id="Bmr025.B.dialogueact638" starttime="1150.6" endtime="1150.93" type="s^bk" adjacency="57b" original-type="s^bk" channel="c1" participant="me013">
      <nite:child href="Bmr025.B.words.xml#id(Bmr025.w.5,068)..id(Bmr025.w.5,069)"/>
   </dialogueact>
   <dialogueact nite:id="Bmr025.B.dialogueact640" starttime="1157.67" endtime="1161.0" type="s.%-" original-type="s.%-" channel="c1" participant="me013">
      <nite:child href="Bmr025.B.words.xml#id(Bmr025.w.5,081)..id(Bmr025.disfmarker.169)"/>
   </dialogueact>
   <dialogueact nite:id="Bmr025.B.dialogueact676" starttime="1230.26" endtime="1230.54" type="b" original-type="b" channel="c1" participant="me013">
      <nite:child href="Bmr025.B.words.xml#id(Bmr025.w.5,384)..id(Bmr025.w.5,385)"/>
   </dialogueact>
   <dialogueact nite:id="Bmr025.B.dialogueact677" starttime="1231.22" endtime="1231.42" type="s^ba" adjacency="4b-2" original-type="s^ba" channel="c1" participant="me013">
      <nite:child href="Bmr025.B.words.xml#id(Bmr025.w.5,388)..id(Bmr025.w.5,391)"/>
   </dialogueact>
   <dialogueact nite:id="Bmr025.B.dialogueact678" starttime="1233.83" endtime="1234.56" type="qo^d^rt^t^tc" adjacency="5a" original-type="qo^d^rt^t^tc" channel="c1" participant="me013">
      <nite:child href="Bmr025.B.words.xml#id(Bmr025.w.5,390)..id(Bmr025.w.5,391)"/>
   </dialogueact>
   <dialogueact nite:id="Bmr025.B.dialogueact683" starttime="1251.09" endtime="1252.5" type="s^bu" adjacency="7a" original-type="s^bu" channel="c1" participant="me013">
      <nite:child href="Bmr025.B.words.xml#id(Bmr025.w.5,456)..id(Bmr025.w.5,462)"/>
   </dialogueact>
   <dialogueact nite:id="Bmr025.B.dialogueact686" starttime="1253.46" endtime="1253.8" type="qy^bu^d^rt" adjacency="8b.9a" original-type="qy^bu^d^rt" channel="c1" participant="me013">
      <nite:child href="Bmr025.B.words.xml#id(Bmr025.w.5,477)..id(Bmr025.w.5,478)"/>
   </dialogueact>
   <dialogueact nite:id="Bmr025.B.dialogueact694" starttime="1256.09" endtime="1256.45" type="%-" original-type="%-" channel="c1" participant="me013">
      <nite:child href="Bmr025.B.words.xml#id(Bmr025.w.5,502)"/>
   </dialogueact>
   <dialogueact nite:id="Bmr025.B.dialogueact696" starttime="1258.6" endtime="1258.86" type="fg" original-type="fg" channel="c1" participant="me013">
      <nite:child href="Bmr025.B.words.xml#id(Bmr025.w.5,505)..id(Bmr025.disfmarker.184)"/>
   </dialogueact>
   <dialogueact nite:id="Bmr025.B.dialogueact713" starttime="1300.27" endtime="1308.06" type="s" adjacency="11b" original-type="s" channel="c1" participant="me013">
      <nite:child href="Bmr025.B.words.xml#id(Bmr025.w.5,680)..id(Bmr025.w.5,709)"/>
   </dialogueact>
   <dialogueact nite:id="Bmr025.B.dialogueact715" starttime="1308.75" endtime="1312.1" type="s" original-type="s" channel="c1" participant="me013">
      <nite:child href="Bmr025.B.words.xml#id(Bmr025.w.5,710)..id(Bmr025.w.5,720)"/>
   </dialogueact>
   <dialogueact nite:id="Bmr025.B.dialogueact717" starttime="1312.1" endtime="1315.12" type="s" adjacency="12a" original-type="s" channel="c1" participant="me013">
      <nite:child href="Bmr025.B.words.xml#id(Bmr025.w.5,721)..id(Bmr025.w.5,736)"/>
   </dialogueact>
   <dialogueact nite:id="Bmr025.B.dialogueact726" starttime="1326.25" endtime="1332.41" type="s" original-type="s" channel="c1" participant="me013">
      <nite:child href="Bmr025.B.words.xml#id(Bmr025.w.5,787)..id(Bmr025.w.5,810)"/>
   </dialogueact>
   <dialogueact nite:id="Bmr025.B.dialogueact728" starttime="1332.41" endtime="1336.75" type="s" original-type="s" channel="c1" participant="me013">
      <nite:child href="Bmr025.B.words.xml#id(Bmr025.w.5,811)..id(Bmr025.w.5,825)"/>
   </dialogueact>
   <dialogueact nite:id="Bmr025.B.dialogueact729" starttime="1336.75" endtime="1343.93" type="s:qw" adjacency="13a" original-type="s:qw" channel="c1" participant="me013">
      <nite:child href="Bmr025.B.words.xml#id(Bmr025.w.5,826)..id(Bmr025.w.5,859)"/>
   </dialogueact>
   <dialogueact nite:id="Bmr025.B.dialogueact730" starttime="1344.11" endtime="1347.83" type="fh|s" adjacency="13a+" original-type="fh|s" channel="c1" participant="me013">
      <nite:child href="Bmr025.B.words.xml#id(Bmr025.w.5,860)..id(Bmr025.w.5,876)"/>
   </dialogueact>
   <dialogueact nite:id="Bmr025.B.dialogueact734" starttime="1347.83" endtime="1348.16" type="qy^d^g^rt" original-type="qy^d^g^rt" channel="c1" participant="me013">
      <nite:child href="Bmr025.B.words.xml#id(Bmr025.w.5,877)..id(Bmr025.w.5,878)"/>
   </dialogueact>
   <dialogueact nite:id="Bmr025.B.dialogueact735" starttime="1348.16" endtime="1350.01" type="s^ba" original-type="s^ba" channel="c1" participant="me013">
      <nite:child href="Bmr025.B.words.xml#id(Bmr025.w.5,879)..id(Bmr025.w.5,888)"/>
   </dialogueact>
   <dialogueact nite:id="Bmr025.B.dialogueact736" starttime="1350.01" endtime="1351.44" type="s^rt" original-type="s^rt" channel="c1" participant="me013">
      <nite:child href="Bmr025.B.words.xml#id(Bmr025.w.5,889)..id(Bmr025.w.5,899)"/>
   </dialogueact>
   <dialogueact nite:id="Bmr025.B.dialogueact737" starttime="1351.94" endtime="1355.69" type="s" original-type="s" channel="c1" participant="me013">
      <nite:child href="Bmr025.B.words.xml#id(Bmr025.w.5,900)..id(Bmr025.w.5,917)"/>
   </dialogueact>
   <dialogueact nite:id="Bmr025.B.dialogueact738" starttime="1356.15" endtime="1358.32" type="s.%--" adjacency="14a" original-type="s.%--" channel="c1" participant="me013">
      <nite:child href="Bmr025.B.words.xml#id(Bmr025.w.5,918)..id(Bmr025.disfmarker.199)"/>
   </dialogueact>
   <dialogueact nite:id="Bmr025.B.dialogueact740" starttime="1358.84" endtime="1360.03" type="s^j" adjacency="15a" original-type="s^j" channel="c1" participant="me013">
      <nite:child href="Bmr025.B.words.xml#id(Bmr025.w.5,940)..id(Bmr025.w.5,944)"/>
   </dialogueact>
   <dialogueact nite:id="Bmr025.B.dialogueact741" starttime="1360.03" endtime="1361.63" type="s.%--" original-type="s.%--" channel="c1" participant="me013">
      <nite:child href="Bmr025.B.words.xml#id(Bmr025.w.5,945)..id(Bmr025.disfmarker.201)"/>
   </dialogueact>
   <dialogueact nite:id="Bmr025.B.dialogueact747" starttime="1362.64" endtime="1362.9" type="b" original-type="b" channel="c1" participant="me013">
      <nite:child href="Bmr025.B.words.xml#id(Bmr025.w.5,968)..id(Bmr025.w.5,969)"/>
   </dialogueact>
   <dialogueact nite:id="Bmr025.B.dialogueact757" starttime="1380.73" endtime="1381.33" type="s^m" adjacency="16b-3" original-type="s^m" channel="c1" participant="me013">
      <nite:child href="Bmr025.B.words.xml#id(Bmr025.w.6,057)..id(Bmr025.w.6,058)"/>
   </dialogueact>
   <dialogueact nite:id="Bmr025.B.dialogueact782" starttime="1437.12" endtime="1444.95" type="s^cs" original-type="s^cs" channel="c1" participant="me013">
      <nite:child href="Bmr025.B.words.xml#id(Bmr025.w.6,296)..id(Bmr025.w.6,322)"/>
   </dialogueact>
   <dialogueact nite:id="Bmr025.B.dialogueact784" starttime="1444.95" endtime="1448.61" type="s" original-type="s" channel="c1" participant="me013">
      <nite:child href="Bmr025.B.words.xml#id(Bmr025.w.6,323)..id(Bmr025.w.6,332)"/>
   </dialogueact>
   <dialogueact nite:id="Bmr025.B.dialogueact785" starttime="1448.83" endtime="1454.74" type="fh|s^cs" original-type="fh|s^cs" channel="c1" participant="me013">
      <nite:child href="Bmr025.B.words.xml#id(Bmr025.w.6,333)..id(Bmr025.w.6,359)"/>
   </dialogueact>
   <dialogueact nite:id="Bmr025.B.dialogueact786" starttime="1455.06" endtime="1458.63" type="s" original-type="s" channel="c1" participant="me013">
      <nite:child href="Bmr025.B.words.xml#id(Bmr025.w.6,360)..id(Bmr025.w.6,376)"/>
   </dialogueact>
   <dialogueact nite:id="Bmr025.B.dialogueact787" starttime="1459.11" endtime="1465.75" type="s" adjacency="20a" original-type="s" channel="c1" participant="me013">
      <nite:child href="Bmr025.B.words.xml#id(Bmr025.w.6,377)..id(Bmr025.w.6,399)"/>
   </dialogueact>
   <dialogueact nite:id="Bmr025.B.dialogueact790" starttime="1467.84" endtime="1468.2" type="s^am" adjacency="21b" original-type="s^am" channel="c1" participant="me013">
      <nite:child href="Bmr025.B.words.xml#id(Bmr025.w.6,416)..id(Bmr025.w.6,417)"/>
   </dialogueact>
   <dialogueact nite:id="Bmr025.B.dialogueact837" starttime="1553.58" endtime="1564.83" comment="FBH" type="fg|s" adjacency="28a" original-type="fg|s" channel="c1" participant="me013">
      <nite:child href="Bmr025.B.words.xml#id(Bmr025.w.6,844)..id(Bmr025.w.6,874)"/>
   </dialogueact>
   <dialogueact nite:id="Bmr025.B.dialogueact838" starttime="1565.58" endtime="1570.41" type="s^cs" adjacency="28a+" original-type="s^cs" channel="c1" participant="me013">
      <nite:child href="Bmr025.B.words.xml#id(Bmr025.w.6,875)..id(Bmr025.w.6,892)"/>
   </dialogueact>
   <dialogueact nite:id="Bmr025.B.dialogueact839" starttime="1570.41" endtime="1570.86" type="%-" original-type="%-" channel="c1" participant="me013">
      <nite:child href="Bmr025.B.words.xml#id(Bmr025.w.6,893)..id(Bmr025.w.6,895)"/>
   </dialogueact>
   <dialogueact nite:id="Bmr025.B.dialogueact841" starttime="1571.38" endtime="1579.31" type="s" adjacency="29a" original-type="s" channel="c1" participant="me013">
      <nite:child href="Bmr025.B.words.xml#id(Bmr025.w.6,898)..id(Bmr025.w.6,934)"/>
   </dialogueact>
   <dialogueact nite:id="Bmr025.B.dialogueact843" starttime="1579.31" endtime="1579.45" type="fh" original-type="fh" channel="c1" participant="me013">
      <nite:child href="Bmr025.B.words.xml#id(Bmr025.w.6,935)..id(Bmr025.disfmarker.241)"/>
   </dialogueact>
   <dialogueact nite:id="Bmr025.B.dialogueact844" starttime="1580.03" endtime="1580.63" type="s^e" original-type="s^e" channel="c1" participant="me013">
      <nite:child href="Bmr025.B.words.xml#id(Bmr025.w.6,938)..id(Bmr025.w.6,940)"/>
   </dialogueact>
   <dialogueact nite:id="Bmr025.B.dialogueact845" starttime="1580.63" endtime="1582.99" type="fh|s" original-type="fh|s" channel="c1" participant="me013">
      <nite:child href="Bmr025.B.words.xml#id(Bmr025.w.6,941)..id(Bmr025.w.6,948)"/>
   </dialogueact>
   <dialogueact nite:id="Bmr025.B.dialogueact846" starttime="1582.99" endtime="1584.35" type="fh" original-type="fh" channel="c1" participant="me013">
      <nite:child href="Bmr025.B.words.xml#id(Bmr025.w.6,949)..id(Bmr025.w.6,951)"/>
   </dialogueact>
   <dialogueact nite:id="Bmr025.B.dialogueact847" starttime="1584.63" endtime="1586.66" type="s^no" original-type="s^no" channel="c1" participant="me013">
      <nite:child href="Bmr025.B.words.xml#id(Bmr025.w.6,952)..id(Bmr025.w.6,966)"/>
   </dialogueact>
   <dialogueact nite:id="Bmr025.B.dialogueact848" starttime="1586.66" endtime="1589.68" type="s^cs" original-type="s^cs" channel="c1" participant="me013">
      <nite:child href="Bmr025.B.words.xml#id(Bmr025.w.6,967)..id(Bmr025.w.6,981)"/>
   </dialogueact>
   <dialogueact nite:id="Bmr025.B.dialogueact849" starttime="1589.68" endtime="1592.25" type="s^cs^e" original-type="s^cs^e" channel="c1" participant="me013">
      <nite:child href="Bmr025.B.words.xml#id(Bmr025.w.6,982)..id(Bmr025.w.6,994)"/>
   </dialogueact>
   <dialogueact nite:id="Bmr025.B.dialogueact850" starttime="1593.23" endtime="1593.81" type="fh" original-type="fh" channel="c1" participant="me013">
      <nite:child href="Bmr025.B.words.xml#id(Bmr025.w.6,995)..id(Bmr025.disfmarker.245)"/>
   </dialogueact>
   <dialogueact nite:id="Bmr025.B.dialogueact851" starttime="1594.48" endtime="1596.4" type="s" original-type="s" channel="c1" participant="me013">
      <nite:child href="Bmr025.B.words.xml#id(Bmr025.w.6,996)..id(Bmr025.w.7,006)"/>
   </dialogueact>
   <dialogueact nite:id="Bmr025.B.dialogueact852" starttime="1596.71" endtime="1599.36" type="s.%--" original-type="s.%--" channel="c1" participant="me013">
      <nite:child href="Bmr025.B.words.xml#id(Bmr025.w.7,007)..id(Bmr025.w.7,018)"/>
   </dialogueact>
   <dialogueact nite:id="Bmr025.B.dialogueact853" starttime="1599.36" endtime="1603.47" type="s^e.%--" original-type="s^e.%--" channel="c1" participant="me013">
      <nite:child href="Bmr025.B.words.xml#id(Bmr025.w.7,019)..id(Bmr025.w.7,031)"/>
   </dialogueact>
   <dialogueact nite:id="Bmr025.B.dialogueact854" starttime="1603.47" endtime="1608.73" type="s^e" original-type="s^e" channel="c1" participant="me013">
      <nite:child href="Bmr025.B.words.xml#id(Bmr025.w.7,032)..id(Bmr025.w.7,049)"/>
   </dialogueact>
   <dialogueact nite:id="Bmr025.B.dialogueact855" starttime="1608.73" endtime="1610.55" type="s" original-type="s" channel="c1" participant="me013">
      <nite:child href="Bmr025.B.words.xml#id(Bmr025.w.7,050)..id(Bmr025.w.7,057)"/>
   </dialogueact>
   <dialogueact nite:id="Bmr025.B.dialogueact856" starttime="1611.03" endtime="1613.23" type="s^cs.%-" original-type="s^cs.%-" channel="c1" participant="me013">
      <nite:child href="Bmr025.B.words.xml#id(Bmr025.w.7,058)..id(Bmr025.disfmarker.248)"/>
   </dialogueact>
   <dialogueact nite:id="Bmr025.B.dialogueact899" starttime="1698.96" endtime="1700.68" type="s^na" adjacency="33b" original-type="s^na" channel="c1" participant="me013">
      <nite:child href="Bmr025.B.words.xml#id(Bmr025.w.7,461)..id(Bmr025.w.7,472)"/>
   </dialogueact>
   <dialogueact nite:id="Bmr025.B.dialogueact902" starttime="1700.68" endtime="1702.36" type="s^e:s^fe" original-type="s^e:s^fe" channel="c1" participant="me013">
      <nite:child href="Bmr025.B.words.xml#id(Bmr025.w.7,473)..id(Bmr025.w.7,483)"/>
   </dialogueact>
   <dialogueact nite:id="Bmr025.B.dialogueact904" starttime="1702.74" endtime="1704.34" type="s^e:s^ba" original-type="s^e:s^ba" channel="c1" participant="me013">
      <nite:child href="Bmr025.B.words.xml#id(Bmr025.w.7,494)..id(Bmr025.w.7,503)"/>
   </dialogueact>
   <dialogueact nite:id="Bmr025.B.dialogueact905" starttime="1704.34" endtime="1705.91" type="s.%-" original-type="s.%-" channel="c1" participant="me013">
      <nite:child href="Bmr025.B.words.xml#id(Bmr025.w.7,504)..id(Bmr025.w.7,511)"/>
   </dialogueact>
   <dialogueact nite:id="Bmr025.B.dialogueact921" starttime="1725.74" endtime="1725.95" type="b" original-type="b" channel="c1" participant="me013">
      <nite:child href="Bmr025.B.words.xml#id(Bmr025.w.7,621)..id(Bmr025.w.7,622)"/>
   </dialogueact>
   <dialogueact nite:id="Bmr025.B.dialogueact931" starttime="1742.99" endtime="1747.53" type="s^aa|s^na" adjacency="38b.39a" original-type="s^aa|s^na" channel="c1" participant="me013">
      <nite:child href="Bmr025.B.words.xml#id(Bmr025.w.7,708)..id(Bmr025.w.7,727)"/>
   </dialogueact>
   <dialogueact nite:id="Bmr025.B.dialogueact933" starttime="1747.53" endtime="1748.08" type="s" original-type="s" channel="c1" participant="me013">
      <nite:child href="Bmr025.B.words.xml#id(Bmr025.w.7,728)..id(Bmr025.w.7,732)"/>
   </dialogueact>
   <dialogueact nite:id="Bmr025.B.dialogueact936" starttime="1757.73" endtime="1757.98" type="s^aa" adjacency="40b-1" original-type="s^aa" channel="c1" participant="me013">
      <nite:child href="Bmr025.B.words.xml#id(Bmr025.w.7,764)..id(Bmr025.w.7,765)"/>
   </dialogueact>
   <dialogueact nite:id="Bmr025.B.dialogueact937" starttime="1758.65" endtime="1759.06" type="s.%-" original-type="s.%-" channel="c1" participant="me013">
      <nite:child href="Bmr025.B.words.xml#id(Bmr025.w.7,766)..id(Bmr025.disfmarker.285)"/>
   </dialogueact>
   <dialogueact nite:id="Bmr025.B.dialogueact941" starttime="1760.86" endtime="1761.01" type="s^aa" adjacency="41b-2" original-type="s^aa" channel="c1" participant="me013">
      <nite:child href="Bmr025.B.words.xml#id(Bmr025.w.7,783)..id(Bmr025.w.7,784)"/>
   </dialogueact>
   <dialogueact nite:id="Bmr025.B.dialogueact943" starttime="1761.88" endtime="1762.63" type="b" original-type="b" channel="c1" participant="me013">
      <nite:child href="Bmr025.B.words.xml#id(Bmr025.w.7,790)..id(Bmr025.w.7,793)"/>
   </dialogueact>
   <dialogueact nite:id="Bmr025.B.dialogueact956" starttime="1791.46" endtime="1792.13" type="s.%--" original-type="s.%--" channel="c1" participant="me013">
      <nite:child href="Bmr025.B.words.xml#id(Bmr025.w.7,932)..id(Bmr025.w.7,935)"/>
   </dialogueact>
   <dialogueact nite:id="Bmr025.B.dialogueact957" starttime="1792.13" endtime="1794.66" type="s^co" adjacency="43a" original-type="s^co" channel="c1" participant="me013">
      <nite:child href="Bmr025.B.words.xml#id(Bmr025.w.7,936)..id(Bmr025.w.7,946)"/>
   </dialogueact>
   <dialogueact nite:id="Bmr025.B.dialogueact960" starttime="1795.62" endtime="1797.9" type="s^df" original-type="s^df" channel="c1" participant="me013">
      <nite:child href="Bmr025.B.words.xml#id(Bmr025.w.7,951)..id(Bmr025.w.7,964)"/>
   </dialogueact>
   <dialogueact nite:id="Bmr025.B.dialogueact962" starttime="1798.01" endtime="1800.53" type="s" original-type="s" channel="c1" participant="me013">
      <nite:child href="Bmr025.B.words.xml#id(Bmr025.w.7,967)..id(Bmr025.w.7,973)"/>
   </dialogueact>
   <dialogueact nite:id="Bmr025.B.dialogueact965" starttime="1800.53" endtime="1800.77" type="fh" original-type="fh" channel="c1" participant="me013">
      <nite:child href="Bmr025.B.words.xml#id(Bmr025.w.7,974)..id(Bmr025.disfmarker.297)"/>
   </dialogueact>
   <dialogueact nite:id="Bmr025.B.dialogueact967" starttime="1804.88" endtime="1805.12" type="b" original-type="b" channel="c1" participant="me013">
      <nite:child href="Bmr025.B.words.xml#id(Bmr025.w.8,004)..id(Bmr025.w.8,005)"/>
   </dialogueact>
   <dialogueact nite:id="Bmr025.B.dialogueact970" starttime="1812.48" endtime="1816.18" type="s^cs^j" original-type="s^cs^j" channel="c1" participant="me013">
      <nite:child href="Bmr025.B.words.xml#id(Bmr025.w.8,035)..id(Bmr025.w.8,052)"/>
   </dialogueact>
   <dialogueact nite:id="Bmr025.B.dialogueact973" starttime="1817.88" endtime="1818.49" type="b" original-type="b" channel="c1" participant="me013">
      <nite:child href="Bmr025.B.words.xml#id(Bmr025.w.8,069)..id(Bmr025.w.8,072)"/>
   </dialogueact>
   <dialogueact nite:id="Bmr025.B.dialogueact974" starttime="1819.14" endtime="1819.43" type="b" original-type="b" channel="c1" participant="me013">
      <nite:child href="Bmr025.B.words.xml#id(Bmr025.w.8,073)..id(Bmr025.w.8,074)"/>
   </dialogueact>
   <dialogueact nite:id="Bmr025.B.dialogueact979" starttime="1826.81" endtime="1827.17" type="b" original-type="b" channel="c1" participant="me013">
      <nite:child href="Bmr025.B.words.xml#id(Bmr025.w.8,108)..id(Bmr025.w.8,109)"/>
   </dialogueact>
   <dialogueact nite:id="Bmr025.B.dialogueact986" starttime="1832.36" endtime="1832.91" type="s^fe" original-type="s^fe" channel="c1" participant="me013">
      <nite:child href="Bmr025.B.words.xml#id(Bmr025.w.8,148)..id(Bmr025.w.8,150)"/>
   </dialogueact>
   <dialogueact nite:id="Bmr025.B.dialogueact988" starttime="1835.21" endtime="1835.4" type="b" original-type="b" channel="c1" participant="me013">
      <nite:child href="Bmr025.B.words.xml#id(Bmr025.w.8,153)..id(Bmr025.w.8,154)"/>
   </dialogueact>
   <dialogueact nite:id="Bmr025.B.dialogueact993" starttime="1839.67" endtime="1839.96" type="fg" original-type="fg" channel="c1" participant="me013">
      <nite:child href="Bmr025.B.words.xml#id(Bmr025.w.8,171)..id(Bmr025.w.8,172)"/>
   </dialogueact>
   <dialogueact nite:id="Bmr025.B.dialogueact1005" starttime="1861.22" endtime="1861.82" type="s" original-type="s" channel="c1" participant="me013">
      <nite:child href="Bmr025.B.words.xml#id(Bmr025.w.8,263)..id(Bmr025.w.8,267)"/>
   </dialogueact>
   <dialogueact nite:id="Bmr025.B.dialogueact1006" starttime="1861.82" endtime="1862.93" type="qh^rt" original-type="qh^rt" channel="c1" participant="me013">
      <nite:child href="Bmr025.B.words.xml#id(Bmr025.w.8,268)..id(Bmr025.w.8,273)"/>
   </dialogueact>
   <dialogueact nite:id="Bmr025.B.dialogueact1007" starttime="1862.93" endtime="1864.55" type="s:s" original-type="s:s" channel="c1" participant="me013">
      <nite:child href="Bmr025.B.words.xml#id(Bmr025.w.8,274)..id(Bmr025.w.8,280)"/>
   </dialogueact>
   <dialogueact nite:id="Bmr025.B.dialogueact1008" starttime="1864.55" endtime="1865.89" type="s" original-type="s" channel="c1" participant="me013">
      <nite:child href="Bmr025.B.words.xml#id(Bmr025.w.8,281)..id(Bmr025.w.8,287)"/>
   </dialogueact>
   <dialogueact nite:id="Bmr025.B.dialogueact1009" starttime="1865.89" endtime="1869.52" type="s" adjacency="7a" original-type="s" channel="c1" participant="me013">
      <nite:child href="Bmr025.B.words.xml#id(Bmr025.w.8,288)..id(Bmr025.w.8,306)"/>
   </dialogueact>
   <dialogueact nite:id="Bmr025.B.dialogueact1016" starttime="1880.75" endtime="1881.12" type="fg" original-type="fg" channel="c1" participant="me013">
      <nite:child href="Bmr025.B.words.xml#id(Bmr025.w.8,336)..id(Bmr025.w.8,337)"/>
   </dialogueact>
   <dialogueact nite:id="Bmr025.B.dialogueact1018" starttime="1882.41" endtime="1882.61" type="s^aa" adjacency="8b" original-type="s^aa" channel="c1" participant="me013">
      <nite:child href="Bmr025.B.words.xml#id(Bmr025.w.8,353)..id(Bmr025.w.8,354)"/>
   </dialogueact>
   <dialogueact nite:id="Bmr025.B.dialogueact1020" starttime="1884.11" endtime="1893.79" type="s" adjacency="8b+" original-type="s" channel="c1" participant="me013">
      <nite:child href="Bmr025.B.words.xml#id(Bmr025.w.8,357)..id(Bmr025.w.8,384)"/>
   </dialogueact>
   <dialogueact nite:id="Bmr025.B.dialogueact1021" starttime="1893.79" endtime="1896.21" type="fh|s^e" original-type="fh|s^e" channel="c1" participant="me013">
      <nite:child href="Bmr025.B.words.xml#id(Bmr025.w.8,385)..id(Bmr025.w.8,389)"/>
   </dialogueact>
   <dialogueact nite:id="Bmr025.B.dialogueact1022" starttime="1896.21" endtime="1897.92" type="s" original-type="s" channel="c1" participant="me013">
      <nite:child href="Bmr025.B.words.xml#id(Bmr025.w.8,390)..id(Bmr025.w.8,397)"/>
   </dialogueact>
   <dialogueact nite:id="Bmr025.B.dialogueact1023" starttime="1897.92" endtime="1899.98" type="s" original-type="s" channel="c1" participant="me013">
      <nite:child href="Bmr025.B.words.xml#id(Bmr025.w.8,398)..id(Bmr025.w.8,408)"/>
   </dialogueact>
   <dialogueact nite:id="Bmr025.B.dialogueact1024" starttime="1899.98" endtime="1901.16" type="s" original-type="s" channel="c1" participant="me013">
      <nite:child href="Bmr025.B.words.xml#id(Bmr025.w.8,409)..id(Bmr025.w.8,415)"/>
   </dialogueact>
   <dialogueact nite:id="Bmr025.B.dialogueact1025" starttime="1901.84" endtime="1902.2" type="s^e" original-type="s^e" channel="c1" participant="me013">
      <nite:child href="Bmr025.B.words.xml#id(Bmr025.w.8,416)..id(Bmr025.w.8,418)"/>
   </dialogueact>
   <dialogueact nite:id="Bmr025.B.dialogueact1026" starttime="1904.7" endtime="1908.98" type="fh|qh^cs^t" adjacency="9a" original-type="fh|qh^cs^t" channel="c1" participant="me013">
      <nite:child href="Bmr025.B.words.xml#id(Bmr025.w.8,419)..id(Bmr025.w.8,429)"/>
   </dialogueact>
   <dialogueact nite:id="Bmr025.B.dialogueact1032" starttime="1915.26" endtime="1917.05" type="s.%-" original-type="s.%-" channel="c1" participant="me013">
      <nite:child href="Bmr025.B.words.xml#id(Bmr025.w.8,456)..id(Bmr025.disfmarker.323)"/>
   </dialogueact>
   <dialogueact nite:id="Bmr025.B.dialogueact1036" starttime="1920.21" endtime="1921.01" type="s^na" adjacency="12b" original-type="s^na" channel="c1" participant="me013">
      <nite:child href="Bmr025.B.words.xml#id(Bmr025.w.8,481)..id(Bmr025.w.8,484)"/>
   </dialogueact>
   <dialogueact nite:id="Bmr025.B.dialogueact1039" starttime="1921.91" endtime="1922.13" type="s^aa" adjacency="13b" original-type="s^aa" channel="c1" participant="me013">
      <nite:child href="Bmr025.B.words.xml#id(Bmr025.w.8,512)..id(Bmr025.w.8,513)"/>
   </dialogueact>
   <dialogueact nite:id="Bmr025.B.dialogueact1045" starttime="1929.76" endtime="1931.91" type="fg|s^co" original-type="fg|s^co" channel="c1" participant="me013">
      <nite:child href="Bmr025.B.words.xml#id(Bmr025.w.8,539)..id(Bmr025.w.8,551)"/>
   </dialogueact>
   <dialogueact nite:id="Bmr025.B.dialogueact1048" starttime="1932.12" endtime="1932.81" type="s^ba" original-type="s^ba" channel="c1" participant="me013">
      <nite:child href="Bmr025.B.words.xml#id(Bmr025.w.8,552)..id(Bmr025.w.8,555)"/>
   </dialogueact>
   <dialogueact nite:id="Bmr025.B.dialogueact1050" starttime="1933.51" endtime="1934.07" type="qy^d^rt" adjacency="17a" original-type="qy^d^rt" channel="c1" participant="me013">
      <nite:child href="Bmr025.B.words.xml#id(Bmr025.w.8,572)..id(Bmr025.w.8,574)"/>
   </dialogueact>
   <dialogueact nite:id="Bmr025.B.dialogueact1052" starttime="1934.98" endtime="1935.3" type="s" original-type="s" channel="c1" participant="me013">
      <nite:child href="Bmr025.B.words.xml#id(Bmr025.w.8,577)..id(Bmr025.w.8,579)"/>
   </dialogueact>
   <dialogueact nite:id="Bmr025.B.dialogueact1060" starttime="1939.27" endtime="1939.72" type="fg" original-type="fg" channel="c1" participant="me013">
      <nite:child href="Bmr025.B.words.xml#id(Bmr025.w.8,620)..id(Bmr025.w.8,621)"/>
   </dialogueact>
   <dialogueact nite:id="Bmr025.B.dialogueact1061" starttime="1940.11" endtime="1942.4" type="s" original-type="s" channel="c1" participant="me013">
      <nite:child href="Bmr025.B.words.xml#id(Bmr025.w.8,622)..id(Bmr025.w.8,630)"/>
   </dialogueact>
   <dialogueact nite:id="Bmr025.B.dialogueact1062" starttime="1984.55" endtime="1986.66" comment="FBH" type="z" original-type="z" channel="c1" participant="me013">
      <nite:child href="Bmr025.B.words.xml#id(Bmr025.w.9,476)..id(Bmr025.w.9,482)"/>
   </dialogueact>
</nite:root>