<?xml version="1.0" encoding="ISO-8859-1" standalone="yes"?>
<nite:root nite:id="Bmr011.C.dialogue-acts" xmlns:nite="http://nite.sourceforge.net/">
   <dialogueact nite:id="Bmr011.C.dialogueact21" starttime="22.7" endtime="23.29" type="s^aa" adjacency="2b-3" original-type="s^aa" channel="c2" participant="mn014">
      <nite:child href="Bmr011.C.words.xml#id(Bmr011.w.91)..id(Bmr011.w.94)"/>
   </dialogueact>
   <dialogueact nite:id="Bmr011.C.dialogueact77" starttime="129.417" endtime="131.277" type="s^bk|s" adjacency="11b.12a" original-type="s^bk|s" channel="c2" participant="mn014">
      <nite:child href="Bmr011.C.words.xml#id(Bmr011.w.513)..id(Bmr011.w.520)"/>
   </dialogueact>
   <dialogueact nite:id="Bmr011.C.dialogueact78" starttime="131.277" endtime="133.147" comment="FBH" type="s" original-type="s" channel="c2" participant="mn014">
      <nite:child href="Bmr011.C.words.xml#id(Bmr011.w.521)..id(Bmr011.w.527)"/>
   </dialogueact>
   <dialogueact nite:id="Bmr011.C.dialogueact144" starttime="266.247" endtime="266.377" type="b" original-type="b" channel="c2" participant="mn014">
      <nite:child href="Bmr011.C.words.xml#id(Bmr011.w.1,067)..id(Bmr011.w.1,068)"/>
   </dialogueact>
   <dialogueact nite:id="Bmr011.C.dialogueact231" starttime="401.376" endtime="401.646" type="b" original-type="b" channel="c2" participant="mn014">
      <nite:child href="Bmr011.C.words.xml#id(Bmr011.w.1,746)..id(Bmr011.w.1,747)"/>
   </dialogueact>
   <dialogueact nite:id="Bmr011.C.dialogueact298" starttime="519.44" endtime="519.58" type="b" original-type="b" channel="c2" participant="mn014">
      <nite:child href="Bmr011.C.words.xml#id(Bmr011.w.2,297)..id(Bmr011.w.2,298)"/>
   </dialogueact>
   <dialogueact nite:id="Bmr011.C.dialogueact314" starttime="556.85" endtime="557.62" type="h|s^aa" adjacency="42b.43a" original-type="h|s^aa" channel="c2" participant="mn014">
      <nite:child href="Bmr011.C.words.xml#id(Bmr011.w.2,463)..id(Bmr011.w.2,466)"/>
   </dialogueact>
   <dialogueact nite:id="Bmr011.C.dialogueact315" starttime="557.62" endtime="568.574" type="s" adjacency="42b+.43a+" original-type="s" channel="c2" participant="mn014">
      <nite:child href="Bmr011.C.words.xml#id(Bmr011.w.2,467)..id(Bmr011.w.2,493)"/>
   </dialogueact>
   <dialogueact nite:id="Bmr011.C.dialogueact316" starttime="568.574" endtime="571.414" type="s" original-type="s" channel="c2" participant="mn014">
      <nite:child href="Bmr011.C.words.xml#id(Bmr011.w.2,494)..id(Bmr011.w.2,502)"/>
   </dialogueact>
   <dialogueact nite:id="Bmr011.C.dialogueact318" starttime="572.104" endtime="578.83" type="s" original-type="s" channel="c2" participant="mn014">
      <nite:child href="Bmr011.C.words.xml#id(Bmr011.w.2,503)..id(Bmr011.w.2,526)"/>
   </dialogueact>
   <dialogueact nite:id="Bmr011.C.dialogueact319" starttime="578.83" endtime="579.04" type="fh" original-type="fh" channel="c2" participant="mn014">
      <nite:child href="Bmr011.C.words.xml#id(Bmr011.w.2,527)"/>
   </dialogueact>
   <dialogueact nite:id="Bmr011.C.dialogueact320" starttime="579.539" endtime="586.199" comment="FBH" type="s" adjacency="44a" original-type="s" channel="c2" participant="mn014">
      <nite:child href="Bmr011.C.words.xml#id(Bmr011.w.2,528)..id(Bmr011.w.2,552)"/>
   </dialogueact>
   <dialogueact nite:id="Bmr011.C.dialogueact321" starttime="587.067" endtime="590.717" type="s" adjacency="44a+" original-type="s" channel="c2" participant="mn014">
      <nite:child href="Bmr011.C.words.xml#id(Bmr011.w.2,553)..id(Bmr011.w.2,568)"/>
   </dialogueact>
   <dialogueact nite:id="Bmr011.C.dialogueact323" starttime="591.67" endtime="595.29" type="s" original-type="s" channel="c2" participant="mn014">
      <nite:child href="Bmr011.C.words.xml#id(Bmr011.w.2,577)..id(Bmr011.w.2,590)"/>
   </dialogueact>
   <dialogueact nite:id="Bmr011.C.dialogueact324" starttime="595.29" endtime="603.955" type="s" original-type="s" channel="c2" participant="mn014">
      <nite:child href="Bmr011.C.words.xml#id(Bmr011.w.2,591)..id(Bmr011.w.2,614)"/>
   </dialogueact>
   <dialogueact nite:id="Bmr011.C.dialogueact326" starttime="605.483" endtime="605.683" type="fg" original-type="fg" channel="c2" participant="mn014">
      <nite:child href="Bmr011.C.words.xml#id(Bmr011.w.2,632)..id(Bmr011.disfmarker.104)"/>
   </dialogueact>
   <dialogueact nite:id="Bmr011.C.dialogueact327" starttime="606.89" endtime="607.0" type="s^aa" adjacency="1b" original-type="s^aa" channel="c2" participant="mn014">
      <nite:child href="Bmr011.C.words.xml#id(Bmr011.w.2,633)..id(Bmr011.w.2,634)"/>
   </dialogueact>
   <dialogueact nite:id="Bmr011.C.dialogueact328" starttime="607.32" endtime="607.48" type="s^aa^r" adjacency="1b+" original-type="s^aa^r" channel="c2" participant="mn014">
      <nite:child href="Bmr011.C.words.xml#id(Bmr011.w.2,635)..id(Bmr011.w.2,636)"/>
   </dialogueact>
   <dialogueact nite:id="Bmr011.C.dialogueact397" starttime="771.55" endtime="771.64" type="b" original-type="b" channel="c2" participant="mn014">
      <nite:child href="Bmr011.C.words.xml#id(Bmr011.w.3,383)..id(Bmr011.w.3,384)"/>
   </dialogueact>
   <dialogueact nite:id="Bmr011.C.dialogueact411" starttime="787.354" endtime="787.574" type="b" original-type="b" channel="c2" participant="mn014">
      <nite:child href="Bmr011.C.words.xml#id(Bmr011.w.3,470)..id(Bmr011.w.3,471)"/>
   </dialogueact>
   <dialogueact nite:id="Bmr011.C.dialogueact415" starttime="792.96" endtime="793.09" type="b" original-type="b" channel="c2" participant="mn014">
      <nite:child href="Bmr011.C.words.xml#id(Bmr011.w.3,494)..id(Bmr011.w.3,495)"/>
   </dialogueact>
   <dialogueact nite:id="Bmr011.C.dialogueact417" starttime="798.478" endtime="798.808" type="b" original-type="b" channel="c2" participant="mn014">
      <nite:child href="Bmr011.C.words.xml#id(Bmr011.w.3,519)..id(Bmr011.w.3,520)"/>
   </dialogueact>
   <dialogueact nite:id="Bmr011.C.dialogueact777" starttime="1612.87" endtime="1613.09" type="b" original-type="b" channel="c2" participant="mn014">
      <nite:child href="Bmr011.C.words.xml#id(Bmr011.w.7,242)..id(Bmr011.w.7,243)"/>
   </dialogueact>
   <dialogueact nite:id="Bmr011.C.dialogueact917" starttime="1948.79" endtime="1948.89" type="s^aa.%" adjacency="14b-1" original-type="s^aa.%" channel="c2" participant="mn014">
      <nite:child href="Bmr011.C.words.xml#id(Bmr011.w.8,754)..id(Bmr011.w.8,755)"/>
   </dialogueact>
   <dialogueact nite:id="Bmr011.C.dialogueact923" starttime="1954.03" endtime="1954.19" type="b" original-type="b" channel="c2" participant="mn014">
      <nite:child href="Bmr011.C.words.xml#id(Bmr011.w.8,807)..id(Bmr011.w.8,808)"/>
   </dialogueact>
   <dialogueact nite:id="Bmr011.C.dialogueact933" starttime="1971.12" endtime="1971.32" type="b" original-type="b" channel="c2" participant="mn014">
      <nite:child href="Bmr011.C.words.xml#id(Bmr011.w.8,903)..id(Bmr011.w.8,904)"/>
   </dialogueact>
   <dialogueact nite:id="Bmr011.C.dialogueact940" starttime="1983.2" endtime="1983.32" type="b" original-type="b" channel="c2" participant="mn014">
      <nite:child href="Bmr011.C.words.xml#id(Bmr011.w.8,949)..id(Bmr011.w.8,950)"/>
   </dialogueact>
   <dialogueact nite:id="Bmr011.C.dialogueact957" starttime="2004.78" endtime="2004.96" type="b" original-type="b" channel="c2" participant="mn014">
      <nite:child href="Bmr011.C.words.xml#id(Bmr011.w.9,094)..id(Bmr011.w.9,095)"/>
   </dialogueact>
   <dialogueact nite:id="Bmr011.C.dialogueact981" starttime="2046.33" endtime="2046.48" type="b" original-type="b" channel="c2" participant="mn014">
      <nite:child href="Bmr011.C.words.xml#id(Bmr011.w.9,306)..id(Bmr011.w.9,307)"/>
   </dialogueact>
   <dialogueact nite:id="Bmr011.C.dialogueact990" starttime="2056.01" endtime="2056.17" type="b" original-type="b" channel="c2" participant="mn014">
      <nite:child href="Bmr011.C.words.xml#id(Bmr011.w.9,362)..id(Bmr011.w.9,365)"/>
   </dialogueact>
   <dialogueact nite:id="Bmr011.C.dialogueact1039" starttime="2167.77" endtime="2171.25" type="s^ar|s^ng" original-type="s^ar|s^ng" channel="c2" participant="mn014">
      <nite:child href="Bmr011.C.words.xml#id(Bmr011.w.9,851)..id(Bmr011.w.9,872)"/>
   </dialogueact>
   <dialogueact nite:id="Bmr011.C.dialogueact1044" starttime="2171.33" endtime="2171.72" type="fh" original-type="fh" channel="c2" participant="mn014">
      <nite:child href="Bmr011.C.words.xml#id(Bmr011.w.9,873)..id(Bmr011.w.9,874)"/>
   </dialogueact>
   <dialogueact nite:id="Bmr011.C.dialogueact1046" starttime="2172.24" endtime="2174.55" comment="FBH" type="s" original-type="s" channel="c2" participant="mn014">
      <nite:child href="Bmr011.C.words.xml#id(Bmr011.w.9,890)..id(Bmr011.w.9,903)"/>
   </dialogueact>
   <dialogueact nite:id="Bmr011.C.dialogueact1047" starttime="2175.01" endtime="2175.19" type="fh" original-type="fh" channel="c2" participant="mn014">
      <nite:child href="Bmr011.C.words.xml#id(Bmr011.w.9,904)..id(Bmr011.disfmarker.452)"/>
   </dialogueact>
   <dialogueact nite:id="Bmr011.C.dialogueact1049" starttime="2178.75" endtime="2178.91" type="b" original-type="b" channel="c2" participant="mn014">
      <nite:child href="Bmr011.C.words.xml#id(Bmr011.w.9,927)..id(Bmr011.w.9,928)"/>
   </dialogueact>
   <dialogueact nite:id="Bmr011.C.dialogueact1126" starttime="2338.83" endtime="2339.07" type="b" original-type="b" channel="c2" participant="mn014">
      <nite:child href="Bmr011.C.words.xml#id(Bmr011.w.10,683)..id(Bmr011.w.10,684)"/>
   </dialogueact>
   <dialogueact nite:id="Bmr011.C.dialogueact1130" starttime="2346.79" endtime="2348.76" type="h|s" adjacency="39b" original-type="h|s" channel="c2" participant="mn014">
      <nite:child href="Bmr011.C.words.xml#id(Bmr011.w.10,710)..id(Bmr011.w.10,717)"/>
   </dialogueact>
   <dialogueact nite:id="Bmr011.C.dialogueact1132" starttime="2348.76" endtime="2351.54" comment="FBH" type="s" adjacency="39b+.40a" original-type="s" channel="c2" participant="mn014">
      <nite:child href="Bmr011.C.words.xml#id(Bmr011.w.10,718)..id(Bmr011.w.10,733)"/>
   </dialogueact>
   <dialogueact nite:id="Bmr011.C.dialogueact1133" starttime="2351.54" endtime="2352.44" type="s.%--" original-type="s.%--" channel="c2" participant="mn014">
      <nite:child href="Bmr011.C.words.xml#id(Bmr011.w.10,734)..id(Bmr011.disfmarker.494)"/>
   </dialogueact>
   <dialogueact nite:id="Bmr011.C.dialogueact1137" starttime="2354.17" endtime="2355.33" type="s^r.%-" original-type="s^r.%-" channel="c2" participant="mn014">
      <nite:child href="Bmr011.C.words.xml#id(Bmr011.w.10,769)..id(Bmr011.disfmarker.495)"/>
   </dialogueact>
   <dialogueact nite:id="Bmr011.C.dialogueact1140" starttime="2356.46" endtime="2356.66" type="b" original-type="b" channel="c2" participant="mn014">
      <nite:child href="Bmr011.C.words.xml#id(Bmr011.w.10,777)..id(Bmr011.w.10,778)"/>
   </dialogueact>
   <dialogueact nite:id="Bmr011.C.dialogueact1151" starttime="2383.62" endtime="2384.23" type="s^2^aa" adjacency="42b" original-type="s^2^aa" channel="c2" participant="mn014">
      <nite:child href="Bmr011.C.words.xml#id(Bmr011.w.10,897)..id(Bmr011.w.10,899)"/>
   </dialogueact>
   <dialogueact nite:id="Bmr011.C.dialogueact1153" starttime="2384.23" endtime="2384.43" type="s^aa" adjacency="42b+" original-type="s^aa" channel="c2" participant="mn014">
      <nite:child href="Bmr011.C.words.xml#id(Bmr011.w.10,900)..id(Bmr011.w.10,901)"/>
   </dialogueact>
   <dialogueact nite:id="Bmr011.C.dialogueact1222" starttime="2580.24" endtime="2580.49" type="b" original-type="b" channel="c2" participant="mn014">
      <nite:child href="Bmr011.C.words.xml#id(Bmr011.w.11,676)..id(Bmr011.w.11,677)"/>
   </dialogueact>
   <dialogueact nite:id="Bmr011.C.dialogueact1503" starttime="3018.84" endtime="3019.16" type="s^aa" adjacency="1b-3" original-type="s^aa" channel="c2" participant="mn014">
      <nite:child href="Bmr011.C.words.xml#id(Bmr011.w.13,936)..id(Bmr011.w.13,937)"/>
   </dialogueact>
   <dialogueact nite:id="Bmr011.C.dialogueact1513" starttime="3024.03" endtime="3024.29" type="s^aa" adjacency="3b-2" original-type="s^aa" channel="c2" participant="mn014">
      <nite:child href="Bmr011.C.words.xml#id(Bmr011.w.13,990)..id(Bmr011.w.13,991)"/>
   </dialogueact>
   <dialogueact nite:id="Bmr011.C.dialogueact1521" starttime="3036.07" endtime="3036.26" type="b" original-type="b" channel="c2" participant="mn014">
      <nite:child href="Bmr011.C.words.xml#id(Bmr011.w.14,045)..id(Bmr011.w.14,046)"/>
   </dialogueact>
   <dialogueact nite:id="Bmr011.C.dialogueact1523" starttime="3036.26" endtime="3037.01" type="b" original-type="b" channel="c2" participant="mn014">
      <nite:child href="Bmr011.C.words.xml#id(Bmr011.w.14,047)..id(Bmr011.w.14,048)"/>
   </dialogueact>
   <dialogueact nite:id="Bmr011.C.dialogueact1551" starttime="3087.53" endtime="3087.92" type="s^na" adjacency="8b-3" original-type="s^na" channel="c2" participant="mn014">
      <nite:child href="Bmr011.C.words.xml#id(Bmr011.w.14,291)..id(Bmr011.w.14,294)"/>
   </dialogueact>
   <dialogueact nite:id="Bmr011.C.dialogueact1562" starttime="3095.0" endtime="3096.0" type="s^fe" original-type="s^fe" channel="c2" participant="mn014">
   </dialogueact>
   <dialogueact nite:id="Bmr011.C.dialogueact1563" starttime="3095.6" endtime="3095.86" comment="FBH" type="s^fe" original-type="s^fe" channel="c2" participant="mn014">
      <nite:child href="Bmr011.C.words.xml#id(Bmr011.w.14,358)..id(Bmr011.w.14,361)"/>
   </dialogueact>
   <dialogueact nite:id="Bmr011.C.dialogueact1569" starttime="3103.31" endtime="3104.11" type="qy^bu^d^rt" adjacency="15b-3" original-type="qy^bu^d^rt" channel="c2" participant="mn014">
      <nite:child href="Bmr011.C.words.xml#id(Bmr011.w.14,398)..id(Bmr011.w.14,400)"/>
   </dialogueact>
   <dialogueact nite:id="Bmr011.C.dialogueact1589" starttime="3134.34" endtime="3134.4" comment="FBH" type="s" original-type="s" channel="c2" participant="mn014">
      <nite:child href="Bmr011.C.words.xml#id(Bmr011.w.14,589)..id(Bmr011.w.14,592)"/>
   </dialogueact>
   <dialogueact nite:id="Bmr011.C.dialogueact1617" starttime="3162.13" endtime="3162.23" type="b" original-type="b" channel="c2" participant="mn014">
      <nite:child href="Bmr011.C.words.xml#id(Bmr011.w.14,752)..id(Bmr011.w.14,753)"/>
   </dialogueact>
   <dialogueact nite:id="Bmr011.C.dialogueact1714" starttime="3295.0" endtime="3295.38" type="s^aa^m" adjacency="36b-1" original-type="s^aa^m" channel="c2" participant="mn014">
      <nite:child href="Bmr011.C.words.xml#id(Bmr011.w.15,439)..id(Bmr011.w.15,440)"/>
   </dialogueact>
   <dialogueact nite:id="Bmr011.C.dialogueact1715" starttime="3295.38" endtime="3295.59" type="s^aa" adjacency="36b-1+" original-type="s^aa" channel="c2" participant="mn014">
      <nite:child href="Bmr011.C.words.xml#id(Bmr011.w.15,441)..id(Bmr011.w.15,442)"/>
   </dialogueact>
   <dialogueact nite:id="Bmr011.C.dialogueact1719" starttime="3298.14" endtime="3298.31" type="b" original-type="b" channel="c2" participant="mn014">
      <nite:child href="Bmr011.C.words.xml#id(Bmr011.w.15,480)..id(Bmr011.w.15,481)"/>
   </dialogueact>
   <dialogueact nite:id="Bmr011.C.dialogueact1743" starttime="3341.58" endtime="3342.09" type="b" original-type="b" channel="c2" participant="mn014">
      <nite:child href="Bmr011.C.words.xml#id(Bmr011.w.15,661)..id(Bmr011.w.15,662)"/>
   </dialogueact>
</nite:root>