<?xml version="1.0" encoding="ISO-8859-1" standalone="yes"?>
<nite:root nite:id="Bns003.E.dialogue-acts" xmlns:nite="http://nite.sourceforge.net/">
   <dialogueact nite:id="Bns003.E.dialogueact99" starttime="252.657" endtime="253.147" type="b" original-type="b" channel="c8" participant="mn081">
      <nite:child href="Bns003.E.words.xml#id(Bns003.w.913)..id(Bns003.w.914)"/>
   </dialogueact>
   <dialogueact nite:id="Bns003.E.dialogueact101" starttime="254.783" endtime="255.563" type="s" adjacency="11a" original-type="s" channel="c8" participant="mn081">
      <nite:child href="Bns003.E.words.xml#id(Bns003.w.921)..id(Bns003.w.923)"/>
   </dialogueact>
   <dialogueact nite:id="Bns003.E.dialogueact103" starttime="257.072" endtime="257.212" type="s^aa" adjacency="12b" original-type="s^aa" channel="c8" participant="mn081">
      <nite:child href="Bns003.E.words.xml#id(Bns003.w.927)..id(Bns003.w.928)"/>
   </dialogueact>
   <dialogueact nite:id="Bns003.E.dialogueact106" starttime="263.401" endtime="264.121" type="s" adjacency="13a" original-type="s" channel="c8" participant="mn081">
      <nite:child href="Bns003.E.words.xml#id(Bns003.w.947)..id(Bns003.w.949)"/>
   </dialogueact>
   <dialogueact nite:id="Bns003.E.dialogueact108" starttime="264.976" endtime="265.166" type="s^aa" adjacency="14b" original-type="s^aa" channel="c8" participant="mn081">
      <nite:child href="Bns003.E.words.xml#id(Bns003.w.953)..id(Bns003.w.954)"/>
   </dialogueact>
   <dialogueact nite:id="Bns003.E.dialogueact121" starttime="298.281" endtime="300.021" type="qy^rt" adjacency="17a" original-type="qy^rt" channel="c8" participant="mn081">
      <nite:child href="Bns003.E.words.xml#id(Bns003.w.1,091)..id(Bns003.w.1,097)"/>
   </dialogueact>
   <dialogueact nite:id="Bns003.E.dialogueact135" starttime="337.055" endtime="341.553" type="s" adjacency="19b.20a" original-type="s" channel="c8" participant="mn081">
      <nite:child href="Bns003.E.words.xml#id(Bns003.w.1,220)..id(Bns003.w.1,235)"/>
   </dialogueact>
   <dialogueact nite:id="Bns003.E.dialogueact139" starttime="342.474" endtime="342.824" type="s^e" adjacency="19b+" original-type="s^e" channel="c8" participant="mn081">
      <nite:child href="Bns003.E.words.xml#id(Bns003.w.1,242)..id(Bns003.w.1,243)"/>
   </dialogueact>
   <dialogueact nite:id="Bns003.E.dialogueact141" starttime="345.177" endtime="346.077" type="s" adjacency="21b" original-type="s" channel="c8" participant="mn081">
      <nite:child href="Bns003.E.words.xml#id(Bns003.w.1,265)..id(Bns003.w.1,268)"/>
   </dialogueact>
   <dialogueact nite:id="Bns003.E.dialogueact142" starttime="348.185" endtime="348.385" type="s^bk" adjacency="22b" original-type="s^bk" channel="c8" participant="mn081">
      <nite:child href="Bns003.E.words.xml#id(Bns003.w.1,269)..id(Bns003.w.1,270)"/>
   </dialogueact>
   <dialogueact nite:id="Bns003.E.dialogueact143" starttime="348.886" endtime="348.956" type="qy^bh" adjacency="22b+" original-type="qy^bh" channel="c8" participant="mn081">
      <nite:child href="Bns003.E.words.xml#id(Bns003.w.1,271)..id(Bns003.w.1,272)"/>
   </dialogueact>
   <dialogueact nite:id="Bns003.E.dialogueact144" starttime="350.029" endtime="351.129" type="s" adjacency="22b++.23a" original-type="s" channel="c8" participant="mn081">
      <nite:child href="Bns003.E.words.xml#id(Bns003.w.1,273)..id(Bns003.w.1,277)"/>
   </dialogueact>
   <dialogueact nite:id="Bns003.E.dialogueact146" starttime="353.011" endtime="353.361" type="%" original-type="%" channel="c8" participant="mn081">
      <nite:child href="Bns003.E.words.xml#id(Bns003.w.1,283)"/>
   </dialogueact>
   <dialogueact nite:id="Bns003.E.dialogueact148" starttime="354.345" endtime="354.475" type="s^bk" adjacency="24b" original-type="s^bk" channel="c8" participant="mn081">
      <nite:child href="Bns003.E.words.xml#id(Bns003.w.1,288)..id(Bns003.w.1,289)"/>
   </dialogueact>
   <dialogueact nite:id="Bns003.E.dialogueact329" starttime="824.63" endtime="825.3" type="s^cs" adjacency="12b.13a" original-type="s^cs" channel="c8" participant="mn081">
      <nite:child href="Bns003.E.words.xml#id(Bns003.w.2,938)..id(Bns003.w.2,939)"/>
   </dialogueact>
   <dialogueact nite:id="Bns003.E.dialogueact332" starttime="826.253" endtime="826.903" type="s^r" adjacency="14b.15a" original-type="s^r" channel="c8" participant="mn081">
      <nite:child href="Bns003.E.words.xml#id(Bns003.w.2,943)..id(Bns003.w.2,944)"/>
   </dialogueact>
   <dialogueact nite:id="Bns003.E.dialogueact366" starttime="897.85" endtime="902.277" type="s" adjacency="21a" original-type="s" channel="c8" participant="mn081">
      <nite:child href="Bns003.E.words.xml#id(Bns003.w.3,216)..id(Bns003.w.3,231)"/>
   </dialogueact>
   <dialogueact nite:id="Bns003.E.dialogueact377" starttime="918.863" endtime="918.933" type="%" original-type="%" channel="c8" participant="mn081">
      <nite:child href="Bns003.E.words.xml#id(Bns003.w.3,304)"/>
   </dialogueact>
   <dialogueact nite:id="Bns003.E.dialogueact379" starttime="919.063" endtime="926.173" type="s^bk|s^cs" adjacency="24b.25a" original-type="s^bk|s^cs" channel="c8" participant="mn081">
      <nite:child href="Bns003.E.words.xml#id(Bns003.w.3,306)..id(Bns003.w.3,335)"/>
   </dialogueact>
   <dialogueact nite:id="Bns003.E.dialogueact402" starttime="956.941" endtime="959.88" type="s^2" adjacency="29b.30a" original-type="s^2" channel="c8" participant="mn081">
      <nite:child href="Bns003.E.words.xml#id(Bns003.w.3,495)..id(Bns003.w.3,506)"/>
   </dialogueact>
   <dialogueact nite:id="Bns003.E.dialogueact405" starttime="960.02" endtime="965.96" type="s^am.%-" adjacency="31a" original-type="s^am.%-" channel="c8" participant="mn081">
      <nite:child href="Bns003.E.words.xml#id(Bns003.w.3,509)..id(Bns003.disfmarker.108)"/>
   </dialogueact>
   <dialogueact nite:id="Bns003.E.dialogueact409" starttime="969.48" endtime="975.098" type="s^bk|s^df" adjacency="32b.33a" original-type="s^bk|s^df" channel="c8" participant="mn081">
      <nite:child href="Bns003.E.words.xml#id(Bns003.w.3,544)..id(Bns003.w.3,568)"/>
   </dialogueact>
   <dialogueact nite:id="Bns003.E.dialogueact413" starttime="975.098" endtime="975.678" type="%-" original-type="%-" channel="c8" participant="mn081">
      <nite:child href="Bns003.E.words.xml#id(Bns003.w.3,569)..id(Bns003.disfmarker.113)"/>
   </dialogueact>
   <dialogueact nite:id="Bns003.E.dialogueact415" starttime="976.444" endtime="976.764" type="s^bk" adjacency="34b" original-type="s^bk" channel="c8" participant="mn081">
      <nite:child href="Bns003.E.words.xml#id(Bns003.w.3,600)..id(Bns003.w.3,601)"/>
   </dialogueact>
   <dialogueact nite:id="Bns003.E.dialogueact421" starttime="1002.07" endtime="1002.16" type="fg" original-type="fg" channel="c8" participant="mn081">
      <nite:child href="Bns003.E.words.xml#id(Bns003.w.3,685)..id(Bns003.disfmarker.116)"/>
   </dialogueact>
   <dialogueact nite:id="Bns003.E.dialogueact422" starttime="1002.96" endtime="1003.32" type="%-" original-type="%-" channel="c8" participant="mn081">
      <nite:child href="Bns003.E.words.xml#id(Bns003.w.3,686)"/>
   </dialogueact>
   <dialogueact nite:id="Bns003.E.dialogueact423" starttime="1004.28" endtime="1009.9" type="s^df^nd" adjacency="35b.36a" original-type="s^df^nd" channel="c8" participant="mn081">
      <nite:child href="Bns003.E.words.xml#id(Bns003.w.3,687)..id(Bns003.w.3,708)"/>
   </dialogueact>
   <dialogueact nite:id="Bns003.E.dialogueact427" starttime="1012.63" endtime="1012.72" type="%" original-type="%" channel="c8" participant="mn081">
      <nite:child href="Bns003.E.words.xml#id(Bns003.w.3,723)..id(Bns003.w.3,724)"/>
   </dialogueact>
   <dialogueact nite:id="Bns003.E.dialogueact429" starttime="1013.56" endtime="1019.81" type="s^ba" original-type="s^ba" channel="c8" participant="mn081">
      <nite:child href="Bns003.E.words.xml#id(Bns003.w.3,734)..id(Bns003.w.3,756)"/>
   </dialogueact>
   <dialogueact nite:id="Bns003.E.dialogueact431" starttime="1020.59" endtime="1022.51" type="s^ba^e" original-type="s^ba^e" channel="c8" participant="mn081">
      <nite:child href="Bns003.E.words.xml#id(Bns003.w.3,757)..id(Bns003.w.3,765)"/>
   </dialogueact>
   <dialogueact nite:id="Bns003.E.dialogueact433" starttime="1024.79" endtime="1025.01" type="b" original-type="b" channel="c8" participant="mn081">
      <nite:child href="Bns003.E.words.xml#id(Bns003.w.3,779)..id(Bns003.w.3,780)"/>
   </dialogueact>
   <dialogueact nite:id="Bns003.E.dialogueact454" starttime="1082.47" endtime="1082.66" type="b" original-type="b" channel="c8" participant="mn081">
      <nite:child href="Bns003.E.words.xml#id(Bns003.w.3,984)..id(Bns003.w.3,985)"/>
   </dialogueact>
   <dialogueact nite:id="Bns003.E.dialogueact469" starttime="1116.39" endtime="1116.58" type="s^aa" adjacency="44b" original-type="s^aa" channel="c8" participant="mn081">
      <nite:child href="Bns003.E.words.xml#id(Bns003.w.4,156)..id(Bns003.w.4,157)"/>
   </dialogueact>
   <dialogueact nite:id="Bns003.E.dialogueact570" starttime="1428.91" endtime="1429.22" type="s^aa" adjacency="11b.12a" original-type="s^aa" channel="c8" participant="mn081">
      <nite:child href="Bns003.E.words.xml#id(Bns003.w.5,243)..id(Bns003.w.5,244)"/>
   </dialogueact>
   <dialogueact nite:id="Bns003.E.dialogueact571" starttime="1429.94" endtime="1430.21" type="s^aa" adjacency="11b+.12a+" original-type="s^aa" channel="c8" participant="mn081">
      <nite:child href="Bns003.E.words.xml#id(Bns003.w.5,245)..id(Bns003.w.5,246)"/>
   </dialogueact>
   <dialogueact nite:id="Bns003.E.dialogueact573" starttime="1434.16" endtime="1434.32" type="s^ar" adjacency="13b.14a" original-type="s^ar" channel="c8" participant="mn081">
      <nite:child href="Bns003.E.words.xml#id(Bns003.w.5,258)..id(Bns003.w.5,259)"/>
   </dialogueact>
   <dialogueact nite:id="Bns003.E.dialogueact575" starttime="1434.99" endtime="1435.11" type="s^aa" adjacency="15b" original-type="s^aa" channel="c8" participant="mn081">
      <nite:child href="Bns003.E.words.xml#id(Bns003.w.5,262)..id(Bns003.w.5,263)"/>
   </dialogueact>
   <dialogueact nite:id="Bns003.E.dialogueact576" starttime="1437.31" endtime="1437.63" type="s^df" adjacency="15b+.16a" original-type="s^df" channel="c8" participant="mn081">
      <nite:child href="Bns003.E.words.xml#id(Bns003.w.5,264)..id(Bns003.w.5,265)"/>
   </dialogueact>
   <dialogueact nite:id="Bns003.E.dialogueact578" starttime="1439.51" endtime="1439.64" type="s^aa" adjacency="17b" original-type="s^aa" channel="c8" participant="mn081">
      <nite:child href="Bns003.E.words.xml#id(Bns003.w.5,268)..id(Bns003.w.5,269)"/>
   </dialogueact>
   <dialogueact nite:id="Bns003.E.dialogueact599" starttime="1466.8" endtime="1468.22" type="s" adjacency="20b" original-type="s" channel="c8" participant="mn081">
      <nite:child href="Bns003.E.words.xml#id(Bns003.w.5,415)..id(Bns003.w.5,423)"/>
   </dialogueact>
   <dialogueact nite:id="Bns003.E.dialogueact601" starttime="1468.22" endtime="1469.82" type="s^df" adjacency="20b+.21a" original-type="s^df" channel="c8" participant="mn081">
      <nite:child href="Bns003.E.words.xml#id(Bns003.w.5,424)..id(Bns003.w.5,433)"/>
   </dialogueact>
   <dialogueact nite:id="Bns003.E.dialogueact606" starttime="1471.75" endtime="1473.24" type="s.%-" original-type="s.%-" channel="c8" participant="mn081">
      <nite:child href="Bns003.E.words.xml#id(Bns003.w.5,454)..id(Bns003.w.5,459)"/>
   </dialogueact>
   <dialogueact nite:id="Bns003.E.dialogueact609" starttime="1474.27" endtime="1474.47" type="fg" original-type="fg" channel="c8" participant="mn081">
      <nite:child href="Bns003.E.words.xml#id(Bns003.w.5,468)..id(Bns003.w.5,469)"/>
   </dialogueact>
   <dialogueact nite:id="Bns003.E.dialogueact610" starttime="1475.81" endtime="1481.14" type="s^rt" original-type="s^rt" channel="c8" participant="mn081">
      <nite:child href="Bns003.E.words.xml#id(Bns003.w.5,470)..id(Bns003.w.5,493)"/>
   </dialogueact>
   <dialogueact nite:id="Bns003.E.dialogueact614" starttime="1482.97" endtime="1486.27" type="s^df" original-type="s^df" channel="c8" participant="mn081">
      <nite:child href="Bns003.E.words.xml#id(Bns003.w.5,507)..id(Bns003.w.5,519)"/>
   </dialogueact>
   <dialogueact nite:id="Bns003.E.dialogueact615" starttime="1486.27" endtime="1488.26" type="s" original-type="s" channel="c8" participant="mn081">
      <nite:child href="Bns003.E.words.xml#id(Bns003.w.5,520)..id(Bns003.w.5,525)"/>
   </dialogueact>
   <dialogueact nite:id="Bns003.E.dialogueact616" starttime="1488.26" endtime="1488.44" type="fh" original-type="fh" channel="c8" participant="mn081">
      <nite:child href="Bns003.E.words.xml#id(Bns003.w.5,526)..id(Bns003.w.5,527)"/>
   </dialogueact>
   <dialogueact nite:id="Bns003.E.dialogueact618" starttime="1501.7" endtime="1501.92" type="s^aa" adjacency="23b" original-type="s^aa" channel="c8" participant="mn081">
      <nite:child href="Bns003.E.words.xml#id(Bns003.w.5,568)..id(Bns003.w.5,569)"/>
   </dialogueact>
   <dialogueact nite:id="Bns003.E.dialogueact619" starttime="1502.73" endtime="1503.19" type="s^na" adjacency="23b+" original-type="s^na" channel="c8" participant="mn081">
      <nite:child href="Bns003.E.words.xml#id(Bns003.w.5,570)..id(Bns003.w.5,571)"/>
   </dialogueact>
   <dialogueact nite:id="Bns003.E.dialogueact621" starttime="1517.18" endtime="1519.77" type="s" adjacency="24b" original-type="s" channel="c8" participant="mn081">
      <nite:child href="Bns003.E.words.xml#id(Bns003.w.5,620)..id(Bns003.w.5,627)"/>
   </dialogueact>
   <dialogueact nite:id="Bns003.E.dialogueact623" starttime="1519.77" endtime="1521.79" type="s" adjacency="24b+" original-type="s" channel="c8" participant="mn081">
      <nite:child href="Bns003.E.words.xml#id(Bns003.w.5,628)..id(Bns003.w.5,639)"/>
   </dialogueact>
   <dialogueact nite:id="Bns003.E.dialogueact624" starttime="1522.85" endtime="1526.15" type="s" adjacency="24b++" original-type="s" channel="c8" participant="mn081">
      <nite:child href="Bns003.E.words.xml#id(Bns003.w.5,640)..id(Bns003.w.5,658)"/>
   </dialogueact>
   <dialogueact nite:id="Bns003.E.dialogueact625" starttime="1526.3" endtime="1528.32" type="s" adjacency="24b+++.25a" original-type="s" channel="c8" participant="mn081">
      <nite:child href="Bns003.E.words.xml#id(Bns003.w.5,659)..id(Bns003.w.5,666)"/>
   </dialogueact>
   <dialogueact nite:id="Bns003.E.dialogueact629" starttime="1533.53" endtime="1533.73" type="s^aa" adjacency="26b" original-type="s^aa" channel="c8" participant="mn081">
      <nite:child href="Bns003.E.words.xml#id(Bns003.w.5,678)..id(Bns003.w.5,679)"/>
   </dialogueact>
   <dialogueact nite:id="Bns003.E.dialogueact632" starttime="1541.67" endtime="1541.79" type="%" original-type="%" channel="c8" participant="mn081">
      <nite:child href="Bns003.E.words.xml#id(Bns003.w.5,710)"/>
   </dialogueact>
   <dialogueact nite:id="Bns003.E.dialogueact634" starttime="1542.9" endtime="1543.29" type="%" original-type="%" channel="c8" participant="mn081">
      <nite:child href="Bns003.E.words.xml#id(Bns003.w.5,712)"/>
   </dialogueact>
   <dialogueact nite:id="Bns003.E.dialogueact636" starttime="1544.79" endtime="1548.37" type="fg|s" adjacency="28a" original-type="fg|s" channel="c8" participant="mn081">
      <nite:child href="Bns003.E.words.xml#id(Bns003.w.5,716)..id(Bns003.w.5,725)"/>
   </dialogueact>
   <dialogueact nite:id="Bns003.E.dialogueact637" starttime="1548.37" endtime="1549.79" type="s^e^rt" adjacency="28a+" original-type="s^e^rt" channel="c8" participant="mn081">
      <nite:child href="Bns003.E.words.xml#id(Bns003.w.5,726)..id(Bns003.w.5,731)"/>
   </dialogueact>
   <dialogueact nite:id="Bns003.E.dialogueact639" starttime="1551.84" endtime="1552.24" type="s^ar" adjacency="29b.30a" original-type="s^ar" channel="c8" participant="mn081">
      <nite:child href="Bns003.E.words.xml#id(Bns003.w.5,741)..id(Bns003.w.5,742)"/>
   </dialogueact>
   <dialogueact nite:id="Bns003.E.dialogueact640" starttime="1552.24" endtime="1552.52" type="%--" original-type="%--" channel="c8" participant="mn081">
      <nite:child href="Bns003.E.words.xml#id(Bns003.w.5,743)..id(Bns003.disfmarker.172)"/>
   </dialogueact>
   <dialogueact nite:id="Bns003.E.dialogueact642" starttime="1552.52" endtime="1554.38" type="s^arp" adjacency="29a+" original-type="s^arp" channel="c8" participant="mn081">
      <nite:child href="Bns003.E.words.xml#id(Bns003.w.5,746)..id(Bns003.w.5,757)"/>
   </dialogueact>
   <dialogueact nite:id="Bns003.E.dialogueact643" starttime="1554.38" endtime="1554.51" type="%--" original-type="%--" channel="c8" participant="mn081">
      <nite:child href="Bns003.E.words.xml#id(Bns003.w.5,758)..id(Bns003.disfmarker.173)"/>
   </dialogueact>
   <dialogueact nite:id="Bns003.E.dialogueact644" starttime="1555.41" endtime="1557.74" type="s" original-type="s" channel="c8" participant="mn081">
      <nite:child href="Bns003.E.words.xml#id(Bns003.w.5,760)..id(Bns003.w.5,770)"/>
   </dialogueact>
   <dialogueact nite:id="Bns003.E.dialogueact645" starttime="1557.74" endtime="1560.39" type="s" original-type="s" channel="c8" participant="mn081">
      <nite:child href="Bns003.E.words.xml#id(Bns003.w.5,771)..id(Bns003.w.5,782)"/>
   </dialogueact>
   <dialogueact nite:id="Bns003.E.dialogueact646" starttime="1561.01" endtime="1571.73" type="s" adjacency="30a" original-type="s" channel="c8" participant="mn081">
      <nite:child href="Bns003.E.words.xml#id(Bns003.w.5,783)..id(Bns003.w.5,821)"/>
   </dialogueact>
   <dialogueact nite:id="Bns003.E.dialogueact649" starttime="1575.19" endtime="1575.48" type="%-" original-type="%-" channel="c8" participant="mn081">
      <nite:child href="Bns003.E.words.xml#id(Bns003.w.5,833)..id(Bns003.w.5,834)"/>
   </dialogueact>
   <dialogueact nite:id="Bns003.E.dialogueact650" starttime="1577.33" endtime="1577.97" type="s^na" adjacency="31b" original-type="s^na" channel="c8" participant="mn081">
      <nite:child href="Bns003.E.words.xml#id(Bns003.w.5,844)..id(Bns003.w.5,847)"/>
   </dialogueact>
   <dialogueact nite:id="Bns003.E.dialogueact651" starttime="1577.97" endtime="1578.09" type="%-" original-type="%-" channel="c8" participant="mn081">
      <nite:child href="Bns003.E.words.xml#id(Bns003.w.5,848)"/>
   </dialogueact>
   <dialogueact nite:id="Bns003.E.dialogueact653" starttime="1579.83" endtime="1580.52" type="s^ba" adjacency="31b+" original-type="s^ba" channel="c8" participant="mn081">
      <nite:child href="Bns003.E.words.xml#id(Bns003.w.5,853)..id(Bns003.w.5,857)"/>
   </dialogueact>
   <dialogueact nite:id="Bns003.E.dialogueact654" starttime="1581.58" endtime="1581.78" type="b" original-type="b" channel="c8" participant="mn081">
      <nite:child href="Bns003.E.words.xml#id(Bns003.w.5,866)..id(Bns003.w.5,867)"/>
   </dialogueact>
   <dialogueact nite:id="Bns003.E.dialogueact655" starttime="1581.78" endtime="1582.18" type="%--" original-type="%--" channel="c8" participant="mn081">
      <nite:child href="Bns003.E.words.xml#id(Bns003.w.5,868)..id(Bns003.w.5,869)"/>
   </dialogueact>
   <dialogueact nite:id="Bns003.E.dialogueact656" starttime="1582.96" endtime="1583.5" type="s^2" adjacency="32b" original-type="s^2" channel="c8" participant="mn081">
      <nite:child href="Bns003.E.words.xml#id(Bns003.w.5,882)..id(Bns003.w.5,884)"/>
   </dialogueact>
   <dialogueact nite:id="Bns003.E.dialogueact657" starttime="1584.81" endtime="1584.98" type="s^aa" adjacency="32b+" original-type="s^aa" channel="c8" participant="mn081">
      <nite:child href="Bns003.E.words.xml#id(Bns003.w.5,885)..id(Bns003.w.5,886)"/>
   </dialogueact>
   <dialogueact nite:id="Bns003.E.dialogueact658" starttime="1585.42" endtime="1585.71" type="s^aa" adjacency="32b++" original-type="s^aa" channel="c8" participant="mn081">
      <nite:child href="Bns003.E.words.xml#id(Bns003.w.5,887)..id(Bns003.w.5,890)"/>
   </dialogueact>
   <dialogueact nite:id="Bns003.E.dialogueact659" starttime="1586.81" endtime="1587.53" type="s^df" adjacency="32b+++.33a" original-type="s^df" channel="c8" participant="mn081">
      <nite:child href="Bns003.E.words.xml#id(Bns003.w.5,891)..id(Bns003.w.5,897)"/>
   </dialogueact>
   <dialogueact nite:id="Bns003.E.dialogueact687" starttime="1653.96" endtime="1654.48" type="s" adjacency="40b.41a" original-type="s" channel="c8" participant="mn081">
      <nite:child href="Bns003.E.words.xml#id(Bns003.w.6,128)..id(Bns003.w.6,129)"/>
   </dialogueact>
   <dialogueact nite:id="Bns003.E.dialogueact748" starttime="1800.14" endtime="1800.89" type="s" adjacency="1b.2a" original-type="s" channel="c8" participant="mn081">
      <nite:child href="Bns003.E.words.xml#id(Bns003.w.6,677)..id(Bns003.w.6,681)"/>
   </dialogueact>
   <dialogueact nite:id="Bns003.E.dialogueact751" starttime="1802.63" endtime="1803.38" type="s.%--" original-type="s.%--" channel="c8" participant="mn081">
      <nite:child href="Bns003.E.words.xml#id(Bns003.w.6,686)..id(Bns003.w.6,691)"/>
   </dialogueact>
   <dialogueact nite:id="Bns003.E.dialogueact753" starttime="1803.97" endtime="1811.28" type="s" adjacency="3a" original-type="s" channel="c8" participant="mn081">
      <nite:child href="Bns003.E.words.xml#id(Bns003.w.6,694)..id(Bns003.w.6,720)"/>
   </dialogueact>
   <dialogueact nite:id="Bns003.E.dialogueact754" starttime="1811.28" endtime="1811.43" type="fh" original-type="fh" channel="c8" participant="mn081">
      <nite:child href="Bns003.E.words.xml#id(Bns003.w.6,721)..id(Bns003.w.6,722)"/>
   </dialogueact>
   <dialogueact nite:id="Bns003.E.dialogueact758" starttime="1816.42" endtime="1816.8" type="s^aa" adjacency="4b" original-type="s^aa" channel="c8" participant="mn081">
      <nite:child href="Bns003.E.words.xml#id(Bns003.w.6,745)..id(Bns003.w.6,746)"/>
   </dialogueact>
   <dialogueact nite:id="Bns003.E.dialogueact760" starttime="1818.68" endtime="1819.11" type="s^bk" adjacency="5b" original-type="s^bk" channel="c8" participant="mn081">
      <nite:child href="Bns003.E.words.xml#id(Bns003.w.6,757)..id(Bns003.w.6,758)"/>
   </dialogueact>
   <dialogueact nite:id="Bns003.E.dialogueact762" starttime="1826.84" endtime="1826.93" type="%" original-type="%" channel="c8" participant="mn081">
      <nite:child href="Bns003.E.words.xml#id(Bns003.w.6,778)"/>
   </dialogueact>
   <dialogueact nite:id="Bns003.E.dialogueact763" starttime="1827.13" endtime="1827.77" type="s^aa" adjacency="6b" original-type="s^aa" channel="c8" participant="mn081">
      <nite:child href="Bns003.E.words.xml#id(Bns003.w.6,784)..id(Bns003.w.6,786)"/>
   </dialogueact>
   <dialogueact nite:id="Bns003.E.dialogueact892" starttime="2245.7" endtime="2246.24" type="s^nd" adjacency="18b.19a" original-type="s^nd" channel="c8" participant="mn081">
      <nite:child href="Bns003.E.words.xml#id(Bns003.w.8,096)..id(Bns003.w.8,097)"/>
   </dialogueact>
   <dialogueact nite:id="Bns003.E.dialogueact893" starttime="2246.24" endtime="2246.62" type="s^aa" adjacency="18b+.19a+" original-type="s^aa" channel="c8" participant="mn081">
      <nite:child href="Bns003.E.words.xml#id(Bns003.w.8,098)..id(Bns003.w.8,099)"/>
   </dialogueact>
   <dialogueact nite:id="Bns003.E.dialogueact897" starttime="2251.84" endtime="2251.93" type="s^aa" adjacency="20b.21a" original-type="s^aa" channel="c8" participant="mn081">
      <nite:child href="Bns003.E.words.xml#id(Bns003.w.8,124)..id(Bns003.w.8,125)"/>
   </dialogueact>
   <dialogueact nite:id="Bns003.E.dialogueact949" starttime="2447.14" endtime="2447.49" type="s^aa" adjacency="1b" original-type="s^aa" channel="c8" participant="mn081">
      <nite:child href="Bns003.E.words.xml#id(Bns003.w.8,711)..id(Bns003.w.8,712)"/>
   </dialogueact>
   <dialogueact nite:id="Bns003.E.dialogueact950" starttime="2448.54" endtime="2448.83" type="s^aa^r" adjacency="1b+" original-type="s^aa^r" channel="c8" participant="mn081">
      <nite:child href="Bns003.E.words.xml#id(Bns003.w.8,713)..id(Bns003.w.8,714)"/>
   </dialogueact>
   <dialogueact nite:id="Bns003.E.dialogueact1005" starttime="2627.91" endtime="2628.33" type="qw^rt" adjacency="9b.10a" original-type="qw^rt" channel="c8" participant="mn081">
      <nite:child href="Bns003.E.words.xml#id(Bns003.w.9,291)..id(Bns003.w.9,294)"/>
   </dialogueact>
   <dialogueact nite:id="Bns003.E.dialogueact1010" starttime="2636.03" endtime="2636.95" type="s^bk|s^bu" adjacency="11b.12a" original-type="s^bk|s^bu" channel="c8" participant="mn081">
      <nite:child href="Bns003.E.words.xml#id(Bns003.w.9,319)..id(Bns003.w.9,326)"/>
   </dialogueact>
   <dialogueact nite:id="Bns003.E.dialogueact1024" starttime="2648.6" endtime="2650.02" type="s^bk|s" adjacency="13b-2.14a" original-type="s^bk|s" channel="c8" participant="mn081">
      <nite:child href="Bns003.E.words.xml#id(Bns003.w.9,387)..id(Bns003.w.9,393)"/>
   </dialogueact>
   <dialogueact nite:id="Bns003.E.dialogueact1026" starttime="2650.02" endtime="2655.07" type="s" adjacency="13b-2+.14a+" original-type="s" channel="c8" participant="mn081">
      <nite:child href="Bns003.E.words.xml#id(Bns003.w.9,394)..id(Bns003.w.9,421)"/>
   </dialogueact>
   <dialogueact nite:id="Bns003.E.dialogueact1028" starttime="2656.13" endtime="2657.62" type="s^df" adjacency="13b-2++.15a" original-type="s^df" channel="c8" participant="mn081">
      <nite:child href="Bns003.E.words.xml#id(Bns003.w.9,422)..id(Bns003.w.9,432)"/>
   </dialogueact>
   <dialogueact nite:id="Bns003.E.dialogueact1044" starttime="2702.06" endtime="2702.78" type="qy^d^rt" adjacency="17b-2.18a" original-type="qy^d^rt" channel="c8" participant="mn081">
      <nite:child href="Bns003.E.words.xml#id(Bns003.w.9,556)..id(Bns003.w.9,561)"/>
   </dialogueact>
   <dialogueact nite:id="Bns003.E.dialogueact1045" starttime="2703.27" endtime="2703.37" type="s^bk" adjacency="17b-2+" original-type="s^bk" channel="c8" participant="mn081">
      <nite:child href="Bns003.E.words.xml#id(Bns003.w.9,562)..id(Bns003.w.9,563)"/>
   </dialogueact>
   <dialogueact nite:id="Bns003.E.dialogueact1063" starttime="2894.4" endtime="2895.08" comment="FBH" type="z" original-type="z" channel="c8" participant="mn081">
      <nite:child href="Bns003.E.words.xml#id(Bns003.w.10,002)..id(Bns003.w.10,006)"/>
   </dialogueact>
   <dialogueact nite:id="Bns003.E.dialogueact1067" starttime="2900.67" endtime="2901.28" comment="FBH" type="z" original-type="z" channel="c8" participant="mn081">
      <nite:child href="Bns003.E.words.xml#id(Bns003.w.10,020)..id(Bns003.w.10,024)"/>
   </dialogueact>
   <dialogueact nite:id="Bns003.E.dialogueact1068" starttime="2901.43" endtime="2905.76" comment="FBH" type="z" original-type="z" channel="c8" participant="mn081">
      <nite:child href="Bns003.E.words.xml#id(Bns003.w.10,025)..id(Bns003.w.10,042)"/>
   </dialogueact>
   <dialogueact nite:id="Bns003.E.dialogueact1069" starttime="2907.07" endtime="2907.78" comment="FBH" type="z" original-type="z" channel="c8" participant="mn081">
      <nite:child href="Bns003.E.words.xml#id(Bns003.w.10,045)..id(Bns003.w.10,048)"/>
   </dialogueact>
</nite:root>