<?xml version="1.0" encoding="ISO-8859-1" standalone="yes"?>
<nite:root nite:id="Bns003.B.dialogue-acts" xmlns:nite="http://nite.sourceforge.net/">
   <dialogueact nite:id="Bns003.B.dialogueact38" starttime="160.85" endtime="161.01" type="s^bk" adjacency="2b" original-type="s^bk" channel="c1" participant="mn030">
      <nite:child href="Bns003.B.words.xml#id(Bns003.w.501)..id(Bns003.w.502)"/>
   </dialogueact>
   <dialogueact nite:id="Bns003.B.dialogueact42" starttime="164.248" endtime="164.588" type="b" original-type="b" channel="c1" participant="mn030">
      <nite:child href="Bns003.B.words.xml#id(Bns003.w.514)..id(Bns003.w.515)"/>
   </dialogueact>
   <dialogueact nite:id="Bns003.B.dialogueact49" starttime="182.629" endtime="183.059" type="s" adjacency="4b-2" original-type="s" channel="c1" participant="mn030">
      <nite:child href="Bns003.B.words.xml#id(Bns003.w.589)..id(Bns003.w.591)"/>
   </dialogueact>
   <dialogueact nite:id="Bns003.B.dialogueact50" starttime="183.429" endtime="183.879" type="s^r" adjacency="4b-2+" original-type="s^r" channel="c1" participant="mn030">
      <nite:child href="Bns003.B.words.xml#id(Bns003.w.592)..id(Bns003.w.594)"/>
   </dialogueact>
   <dialogueact nite:id="Bns003.B.dialogueact54" starttime="188.542" endtime="189.182" type="s.%-" original-type="s.%-" channel="c1" participant="mn030">
      <nite:child href="Bns003.B.words.xml#id(Bns003.w.620)..id(Bns003.w.622)"/>
   </dialogueact>
   <dialogueact nite:id="Bns003.B.dialogueact56" starttime="190.168" endtime="190.698" comment="this s^co functions as  an fg also (it's more of a command than an fg however)" type="s^co" original-type="s^co" channel="c1" participant="mn030">
      <nite:child href="Bns003.B.words.xml#id(Bns003.w.623)..id(Bns003.disfmarker.18)"/>
   </dialogueact>
   <dialogueact nite:id="Bns003.B.dialogueact58" starttime="190.698" endtime="198.005" type="s" adjacency="5a" original-type="s" channel="c1" participant="mn030">
      <nite:child href="Bns003.B.words.xml#id(Bns003.w.625)..id(Bns003.w.649)"/>
   </dialogueact>
   <dialogueact nite:id="Bns003.B.dialogueact60" starttime="198.927" endtime="199.617" type="%-" original-type="%-" channel="c1" participant="mn030">
      <nite:child href="Bns003.B.words.xml#id(Bns003.w.657)..id(Bns003.disfmarker.22)"/>
   </dialogueact>
   <dialogueact nite:id="Bns003.B.dialogueact61" starttime="199.853" endtime="200.263" type="s^bk" adjacency="6b" original-type="s^bk" channel="c1" participant="mn030">
      <nite:child href="Bns003.B.words.xml#id(Bns003.w.660)..id(Bns003.w.661)"/>
   </dialogueact>
   <dialogueact nite:id="Bns003.B.dialogueact62" starttime="201.302" endtime="203.502" type="s.%--" original-type="s.%--" channel="c1" participant="mn030">
      <nite:child href="Bns003.B.words.xml#id(Bns003.w.662)..id(Bns003.disfmarker.23)"/>
   </dialogueact>
   <dialogueact nite:id="Bns003.B.dialogueact63" starttime="203.732" endtime="204.772" type="fh" original-type="fh" channel="c1" participant="mn030">
      <nite:child href="Bns003.B.words.xml#id(Bns003.w.669)"/>
   </dialogueact>
   <dialogueact nite:id="Bns003.B.dialogueact64" starttime="205.531" endtime="206.151" type="fh" original-type="fh" channel="c1" participant="mn030">
      <nite:child href="Bns003.B.words.xml#id(Bns003.w.670)"/>
   </dialogueact>
   <dialogueact nite:id="Bns003.B.dialogueact65" starttime="206.645" endtime="206.945" type="s^bk" original-type="s^bk" channel="c1" participant="mn030">
      <nite:child href="Bns003.B.words.xml#id(Bns003.w.671)..id(Bns003.w.672)"/>
   </dialogueact>
   <dialogueact nite:id="Bns003.B.dialogueact66" starttime="206.945" endtime="207.845" type="qw^rt" original-type="qw^rt" channel="c1" participant="mn030">
      <nite:child href="Bns003.B.words.xml#id(Bns003.w.673)..id(Bns003.w.678)"/>
   </dialogueact>
   <dialogueact nite:id="Bns003.B.dialogueact67" starttime="208.512" endtime="210.687" type="s" adjacency="7a" original-type="s" channel="c1" participant="mn030">
      <nite:child href="Bns003.B.words.xml#id(Bns003.w.679)..id(Bns003.w.684)"/>
   </dialogueact>
   <dialogueact nite:id="Bns003.B.dialogueact68" starttime="210.797" endtime="213.847" type="s^e" adjacency="7a+" original-type="s^e" channel="c1" participant="mn030">
      <nite:child href="Bns003.B.words.xml#id(Bns003.w.685)..id(Bns003.w.692)"/>
   </dialogueact>
   <dialogueact nite:id="Bns003.B.dialogueact71" starttime="213.847" endtime="214.607" type="s.%-" original-type="s.%-" channel="c1" participant="mn030">
      <nite:child href="Bns003.B.words.xml#id(Bns003.w.693)..id(Bns003.disfmarker.26)"/>
   </dialogueact>
   <dialogueact nite:id="Bns003.B.dialogueact73" starttime="215.529" endtime="216.019" type="s^bk|%-" adjacency="8b" original-type="s^bk|%-" channel="c1" participant="mn030">
      <nite:child href="Bns003.B.words.xml#id(Bns003.w.730)..id(Bns003.disfmarker.30)"/>
   </dialogueact>
   <dialogueact nite:id="Bns003.B.dialogueact75" starttime="218.344" endtime="222.654" type="s" adjacency="8b+" original-type="s" channel="c1" participant="mn030">
      <nite:child href="Bns003.B.words.xml#id(Bns003.w.734)..id(Bns003.w.751)"/>
   </dialogueact>
   <dialogueact nite:id="Bns003.B.dialogueact77" starttime="222.854" endtime="223.934" type="s.%-" original-type="s.%-" channel="c1" participant="mn030">
      <nite:child href="Bns003.B.words.xml#id(Bns003.w.756)..id(Bns003.disfmarker.32)"/>
   </dialogueact>
   <dialogueact nite:id="Bns003.B.dialogueact85" starttime="232.571" endtime="233.141" type="s^fe" original-type="s^fe" channel="c1" participant="mn030">
      <nite:child href="Bns003.B.words.xml#id(Bns003.w.809)..id(Bns003.w.810)"/>
   </dialogueact>
   <dialogueact nite:id="Bns003.B.dialogueact87" starttime="234.283" endtime="236.873" type="s" adjacency="9a" original-type="s" channel="c1" participant="mn030">
      <nite:child href="Bns003.B.words.xml#id(Bns003.w.811)..id(Bns003.w.819)"/>
   </dialogueact>
   <dialogueact nite:id="Bns003.B.dialogueact110" starttime="268.677" endtime="271.887" type="s" adjacency="15a" original-type="s" channel="c1" participant="mn030">
      <nite:child href="Bns003.B.words.xml#id(Bns003.w.964)..id(Bns003.w.977)"/>
   </dialogueact>
   <dialogueact nite:id="Bns003.B.dialogueact111" starttime="271.887" endtime="278.127" type="s" adjacency="15a+" original-type="s" channel="c1" participant="mn030">
      <nite:child href="Bns003.B.words.xml#id(Bns003.w.978)..id(Bns003.w.996)"/>
   </dialogueact>
   <dialogueact nite:id="Bns003.B.dialogueact115" starttime="281.469" endtime="281.829" type="s^aa" adjacency="16b" original-type="s^aa" channel="c1" participant="mn030">
      <nite:child href="Bns003.B.words.xml#id(Bns003.w.1,024)..id(Bns003.w.1,025)"/>
   </dialogueact>
   <dialogueact nite:id="Bns003.B.dialogueact116" starttime="282.053" endtime="282.843" type="s^aap" adjacency="16b+" original-type="s^aap" channel="c1" participant="mn030">
      <nite:child href="Bns003.B.words.xml#id(Bns003.w.1,026)..id(Bns003.w.1,029)"/>
   </dialogueact>
   <dialogueact nite:id="Bns003.B.dialogueact127" starttime="310.564" endtime="310.874" type="s^aa" adjacency="18b" original-type="s^aa" channel="c1" participant="mn030">
      <nite:child href="Bns003.B.words.xml#id(Bns003.w.1,137)..id(Bns003.w.1,138)"/>
   </dialogueact>
   <dialogueact nite:id="Bns003.B.dialogueact128" starttime="310.874" endtime="324.195" type="fh|s" adjacency="18b+.19a" original-type="fh|s" channel="c1" participant="mn030">
      <nite:child href="Bns003.B.words.xml#id(Bns003.w.1,139)..id(Bns003.w.1,174)"/>
   </dialogueact>
   <dialogueact nite:id="Bns003.B.dialogueact129" starttime="324.896" endtime="328.936" type="s" adjacency="18b++.19a+" original-type="s" channel="c1" participant="mn030">
      <nite:child href="Bns003.B.words.xml#id(Bns003.w.1,175)..id(Bns003.w.1,188)"/>
   </dialogueact>
   <dialogueact nite:id="Bns003.B.dialogueact130" starttime="329.277" endtime="330.987" type="s^e" adjacency="18b+++.19a++" original-type="s^e" channel="c1" participant="mn030">
      <nite:child href="Bns003.B.words.xml#id(Bns003.w.1,189)..id(Bns003.w.1,194)"/>
   </dialogueact>
   <dialogueact nite:id="Bns003.B.dialogueact133" starttime="332.113" endtime="336.393" type="s" adjacency="18b++++" original-type="s" channel="c1" participant="mn030">
      <nite:child href="Bns003.B.words.xml#id(Bns003.w.1,199)..id(Bns003.w.1,216)"/>
   </dialogueact>
   <dialogueact nite:id="Bns003.B.dialogueact134" starttime="336.393" endtime="337.523" type="s.%-" adjacency="18b+++++" original-type="s.%-" channel="c1" participant="mn030">
      <nite:child href="Bns003.B.words.xml#id(Bns003.w.1,217)..id(Bns003.disfmarker.44)"/>
   </dialogueact>
   <dialogueact nite:id="Bns003.B.dialogueact258" starttime="719.11" endtime="720.66" type="qy^d^rt" adjacency="2b.3a" original-type="qy^d^rt" channel="c1" participant="mn030">
      <nite:child href="Bns003.B.words.xml#id(Bns003.w.2,462)..id(Bns003.w.2,469)"/>
   </dialogueact>
   <dialogueact nite:id="Bns003.B.dialogueact262" starttime="721.962" endtime="722.132" type="b" original-type="b" channel="c1" participant="mn030">
      <nite:child href="Bns003.B.words.xml#id(Bns003.w.2,478)..id(Bns003.w.2,479)"/>
   </dialogueact>
   <dialogueact nite:id="Bns003.B.dialogueact266" starttime="724.28" endtime="724.79" type="b" original-type="b" channel="c1" participant="mn030">
      <nite:child href="Bns003.B.words.xml#id(Bns003.w.2,502)..id(Bns003.w.2,503)"/>
   </dialogueact>
   <dialogueact nite:id="Bns003.B.dialogueact267" starttime="726.259" endtime="726.759" type="s^bk" adjacency="4b" original-type="s^bk" channel="c1" participant="mn030">
      <nite:child href="Bns003.B.words.xml#id(Bns003.w.2,504)..id(Bns003.w.2,505)"/>
   </dialogueact>
   <dialogueact nite:id="Bns003.B.dialogueact270" starttime="728.902" endtime="729.222" type="s^bk" adjacency="4b+" original-type="s^bk" channel="c1" participant="mn030">
      <nite:child href="Bns003.B.words.xml#id(Bns003.w.2,509)..id(Bns003.w.2,510)"/>
   </dialogueact>
   <dialogueact nite:id="Bns003.B.dialogueact448" starttime="1067.36" endtime="1068.35" type="fg" original-type="fg" channel="c1" participant="mn030">
      <nite:child href="Bns003.B.words.xml#id(Bns003.w.3,929)..id(Bns003.w.3,931)"/>
   </dialogueact>
   <dialogueact nite:id="Bns003.B.dialogueact451" starttime="1068.88" endtime="1074.06" type="s^co" adjacency="40a" original-type="s^co" channel="c1" participant="mn030">
      <nite:child href="Bns003.B.words.xml#id(Bns003.w.3,940)..id(Bns003.w.3,960)"/>
   </dialogueact>
   <dialogueact nite:id="Bns003.B.dialogueact453" starttime="1074.66" endtime="1084.57" type="s^co^df" adjacency="40a+" original-type="s^co^df" channel="c1" participant="mn030">
      <nite:child href="Bns003.B.words.xml#id(Bns003.w.3,961)..id(Bns003.w.3,992)"/>
   </dialogueact>
   <dialogueact nite:id="Bns003.B.dialogueact457" starttime="1093.53" endtime="1095.55" type="s^bk|s^ng" adjacency="41b-1" original-type="s^bk|s^ng" channel="c1" participant="mn030">
      <nite:child href="Bns003.B.words.xml#id(Bns003.w.4,049)..id(Bns003.w.4,057)"/>
   </dialogueact>
   <dialogueact nite:id="Bns003.B.dialogueact460" starttime="1096.69" endtime="1096.91" type="b" original-type="b" channel="c1" participant="mn030">
      <nite:child href="Bns003.B.words.xml#id(Bns003.w.4,080)..id(Bns003.w.4,081)"/>
   </dialogueact>
   <dialogueact nite:id="Bns003.B.dialogueact468" starttime="1112.81" endtime="1120.28" type="s^cs" adjacency="44a.47a" original-type="s^cs" channel="c1" participant="mn030">
      <nite:child href="Bns003.B.words.xml#id(Bns003.w.4,143)..id(Bns003.w.4,165)"/>
   </dialogueact>
   <dialogueact nite:id="Bns003.B.dialogueact471" starttime="1120.8" endtime="1124.8" type="s" adjacency="45a.47a+" original-type="s" channel="c1" participant="mn030">
      <nite:child href="Bns003.B.words.xml#id(Bns003.w.4,166)..id(Bns003.w.4,178)"/>
   </dialogueact>
   <dialogueact nite:id="Bns003.B.dialogueact473" starttime="1127.25" endtime="1127.55" type="s^aa" adjacency="46b" original-type="s^aa" channel="c1" participant="mn030">
      <nite:child href="Bns003.B.words.xml#id(Bns003.w.4,183)..id(Bns003.w.4,184)"/>
   </dialogueact>
   <dialogueact nite:id="Bns003.B.dialogueact474" starttime="1127.55" endtime="1128.34" type="s^m^na" adjacency="46b+" original-type="s^m^na" channel="c1" participant="mn030">
      <nite:child href="Bns003.B.words.xml#id(Bns003.w.4,185)..id(Bns003.w.4,188)"/>
   </dialogueact>
   <dialogueact nite:id="Bns003.B.dialogueact476" starttime="1128.44" endtime="1128.53" type="b" original-type="b" channel="c1" participant="mn030">
      <nite:child href="Bns003.B.words.xml#id(Bns003.w.4,191)..id(Bns003.w.4,192)"/>
   </dialogueact>
   <dialogueact nite:id="Bns003.B.dialogueact527" starttime="1270.39" endtime="1271.71" type="h|s^no" adjacency="6b-1" original-type="h|s^no" channel="c1" participant="mn030">
      <nite:child href="Bns003.B.words.xml#id(Bns003.w.4,743)..id(Bns003.w.4,748)"/>
   </dialogueact>
   <dialogueact nite:id="Bns003.B.dialogueact529" starttime="1272.13" endtime="1284.56" type="s^cs" adjacency="6b-1+.7a" original-type="s^cs" channel="c1" participant="mn030">
      <nite:child href="Bns003.B.words.xml#id(Bns003.w.4,749)..id(Bns003.w.4,787)"/>
   </dialogueact>
   <dialogueact nite:id="Bns003.B.dialogueact530" starttime="1285.06" endtime="1291.7" type="s^df" adjacency="6b-1++.7a+" original-type="s^df" channel="c1" participant="mn030">
      <nite:child href="Bns003.B.words.xml#id(Bns003.w.4,788)..id(Bns003.w.4,811)"/>
   </dialogueact>
   <dialogueact nite:id="Bns003.B.dialogueact532" starttime="1293.36" endtime="1296.68" type="s^df" adjacency="6b-1+++.8a" original-type="s^df" channel="c1" participant="mn030">
      <nite:child href="Bns003.B.words.xml#id(Bns003.w.4,812)..id(Bns003.w.4,825)"/>
   </dialogueact>
   <dialogueact nite:id="Bns003.B.dialogueact533" starttime="1296.68" endtime="1300.28" type="s^df" adjacency="6b-1++++.8a+" original-type="s^df" channel="c1" participant="mn030">
      <nite:child href="Bns003.B.words.xml#id(Bns003.w.4,826)..id(Bns003.w.4,838)"/>
   </dialogueact>
   <dialogueact nite:id="Bns003.B.dialogueact537" starttime="1304.89" endtime="1305.03" type="fh" original-type="fh" channel="c1" participant="mn030">
      <nite:child href="Bns003.B.words.xml#id(Bns003.w.4,868)"/>
   </dialogueact>
   <dialogueact nite:id="Bns003.B.dialogueact538" starttime="1307.17" endtime="1307.59" type="s^aa" adjacency="9b" original-type="s^aa" channel="c1" participant="mn030">
      <nite:child href="Bns003.B.words.xml#id(Bns003.w.4,875)..id(Bns003.w.4,876)"/>
   </dialogueact>
   <dialogueact nite:id="Bns003.B.dialogueact539" starttime="1307.59" endtime="1308.39" type="s^na" adjacency="9b+" original-type="s^na" channel="c1" participant="mn030">
      <nite:child href="Bns003.B.words.xml#id(Bns003.w.4,877)..id(Bns003.w.4,880)"/>
   </dialogueact>
   <dialogueact nite:id="Bns003.B.dialogueact541" starttime="1310.15" endtime="1311.17" type="s^2" adjacency="10b" original-type="s^2" channel="c1" participant="mn030">
      <nite:child href="Bns003.B.words.xml#id(Bns003.w.4,887)..id(Bns003.w.4,891)"/>
   </dialogueact>
   <dialogueact nite:id="Bns003.B.dialogueact542" starttime="1311.44" endtime="1311.73" type="b" original-type="b" channel="c1" participant="mn030">
      <nite:child href="Bns003.B.words.xml#id(Bns003.w.4,902)..id(Bns003.w.4,903)"/>
   </dialogueact>
   <dialogueact nite:id="Bns003.B.dialogueact547" starttime="1316.69" endtime="1318.5" type="s" original-type="s" channel="c1" participant="mn030">
      <nite:child href="Bns003.B.words.xml#id(Bns003.w.4,925)..id(Bns003.w.4,931)"/>
   </dialogueact>
   <dialogueact nite:id="Bns003.B.dialogueact548" starttime="1318.5" endtime="1321.66" type="s^no" original-type="s^no" channel="c1" participant="mn030">
      <nite:child href="Bns003.B.words.xml#id(Bns003.w.4,932)..id(Bns003.w.4,945)"/>
   </dialogueact>
   <dialogueact nite:id="Bns003.B.dialogueact633" starttime="1541.92" endtime="1542.77" type="s" adjacency="27b" original-type="s" channel="c1" participant="mn030">
      <nite:child href="Bns003.B.words.xml#id(Bns003.w.5,711)"/>
   </dialogueact>
   <dialogueact nite:id="Bns003.B.dialogueact700" starttime="1675.61" endtime="1679.75" type="qy^bu^d^rt" adjacency="43b.44a" original-type="qy^bu^d^rt" channel="c1" participant="mn030">
      <nite:child href="Bns003.B.words.xml#id(Bns003.w.6,220)..id(Bns003.w.6,245)"/>
   </dialogueact>
   <dialogueact nite:id="Bns003.B.dialogueact704" starttime="1683.15" endtime="1683.45" type="b" original-type="b" channel="c1" participant="mn030">
      <nite:child href="Bns003.B.words.xml#id(Bns003.w.6,252)..id(Bns003.w.6,255)"/>
   </dialogueact>
   <dialogueact nite:id="Bns003.B.dialogueact708" starttime="1689.17" endtime="1689.56" type="b" original-type="b" channel="c1" participant="mn030">
      <nite:child href="Bns003.B.words.xml#id(Bns003.w.6,293)..id(Bns003.w.6,296)"/>
   </dialogueact>
   <dialogueact nite:id="Bns003.B.dialogueact715" starttime="1707.19" endtime="1707.54" type="b" original-type="b" channel="c1" participant="mn030">
      <nite:child href="Bns003.B.words.xml#id(Bns003.w.6,346)..id(Bns003.w.6,349)"/>
   </dialogueact>
   <dialogueact nite:id="Bns003.B.dialogueact717" starttime="1707.91" endtime="1708.26" type="b" original-type="b" channel="c1" participant="mn030">
      <nite:child href="Bns003.B.words.xml#id(Bns003.w.6,356)..id(Bns003.w.6,357)"/>
   </dialogueact>
   <dialogueact nite:id="Bns003.B.dialogueact790" starttime="1941.03" endtime="1941.37" type="s^bk" adjacency="7b" original-type="s^bk" channel="c1" participant="mn030">
      <nite:child href="Bns003.B.words.xml#id(Bns003.w.7,144)..id(Bns003.w.7,145)"/>
   </dialogueact>
   <dialogueact nite:id="Bns003.B.dialogueact791" starttime="1943.89" endtime="1944.15" type="fh" original-type="fh" channel="c1" participant="mn030">
      <nite:child href="Bns003.B.words.xml#id(Bns003.w.7,146)"/>
   </dialogueact>
   <dialogueact nite:id="Bns003.B.dialogueact792" starttime="1946.16" endtime="1946.61" type="s.%-" adjacency="7b+" original-type="s.%-" channel="c1" participant="mn030">
      <nite:child href="Bns003.B.words.xml#id(Bns003.w.7,147)..id(Bns003.disfmarker.223)"/>
   </dialogueact>
   <dialogueact nite:id="Bns003.B.dialogueact794" starttime="1949.21" endtime="1950.69" type="s^ar" adjacency="8b" original-type="s^ar" channel="c1" participant="mn030">
      <nite:child href="Bns003.B.words.xml#id(Bns003.w.7,164)..id(Bns003.w.7,173)"/>
   </dialogueact>
   <dialogueact nite:id="Bns003.B.dialogueact796" starttime="1953.03" endtime="1955.66" type="s^rt" original-type="s^rt" channel="c1" participant="mn030">
      <nite:child href="Bns003.B.words.xml#id(Bns003.w.7,174)..id(Bns003.w.7,183)"/>
   </dialogueact>
   <dialogueact nite:id="Bns003.B.dialogueact797" starttime="1956.16" endtime="1956.87" type="fh" original-type="fh" channel="c1" participant="mn030">
      <nite:child href="Bns003.B.words.xml#id(Bns003.w.7,184)"/>
   </dialogueact>
   <dialogueact nite:id="Bns003.B.dialogueact798" starttime="1957.5" endtime="1963.97" type="s" original-type="s" channel="c1" participant="mn030">
      <nite:child href="Bns003.B.words.xml#id(Bns003.w.7,185)..id(Bns003.w.7,203)"/>
   </dialogueact>
   <dialogueact nite:id="Bns003.B.dialogueact799" starttime="1964.07" endtime="1964.34" type="fh" original-type="fh" channel="c1" participant="mn030">
      <nite:child href="Bns003.B.words.xml#id(Bns003.w.7,204)..id(Bns003.w.7,205)"/>
   </dialogueact>
   <dialogueact nite:id="Bns003.B.dialogueact800" starttime="1964.9" endtime="1965.7" type="s^rt" original-type="s^rt" channel="c1" participant="mn030">
      <nite:child href="Bns003.B.words.xml#id(Bns003.w.7,206)..id(Bns003.w.7,210)"/>
   </dialogueact>
   <dialogueact nite:id="Bns003.B.dialogueact801" starttime="1966.27" endtime="1968.69" type="s" original-type="s" channel="c1" participant="mn030">
      <nite:child href="Bns003.B.words.xml#id(Bns003.w.7,211)..id(Bns003.w.7,222)"/>
   </dialogueact>
   <dialogueact nite:id="Bns003.B.dialogueact802" starttime="1968.69" endtime="1975.31" type="s" original-type="s" channel="c1" participant="mn030">
      <nite:child href="Bns003.B.words.xml#id(Bns003.w.7,223)..id(Bns003.w.7,237)"/>
   </dialogueact>
   <dialogueact nite:id="Bns003.B.dialogueact803" starttime="1976.02" endtime="1983.97" type="s^rt" original-type="s^rt" channel="c1" participant="mn030">
      <nite:child href="Bns003.B.words.xml#id(Bns003.w.7,238)..id(Bns003.w.7,261)"/>
   </dialogueact>
   <dialogueact nite:id="Bns003.B.dialogueact804" starttime="1985.19" endtime="1989.97" type="s^rt" original-type="s^rt" channel="c1" participant="mn030">
      <nite:child href="Bns003.B.words.xml#id(Bns003.w.7,262)..id(Bns003.w.7,277)"/>
   </dialogueact>
   <dialogueact nite:id="Bns003.B.dialogueact805" starttime="1990.98" endtime="1994.05" type="s" original-type="s" channel="c1" participant="mn030">
      <nite:child href="Bns003.B.words.xml#id(Bns003.w.7,278)..id(Bns003.w.7,283)"/>
   </dialogueact>
   <dialogueact nite:id="Bns003.B.dialogueact806" starttime="1994.43" endtime="1995.84" type="fh" original-type="fh" channel="c1" participant="mn030">
      <nite:child href="Bns003.B.words.xml#id(Bns003.w.7,284)..id(Bns003.w.7,287)"/>
   </dialogueact>
   <dialogueact nite:id="Bns003.B.dialogueact807" starttime="1995.84" endtime="1999.66" type="s.%--" original-type="s.%--" channel="c1" participant="mn030">
      <nite:child href="Bns003.B.words.xml#id(Bns003.w.7,288)..id(Bns003.disfmarker.226)"/>
   </dialogueact>
   <dialogueact nite:id="Bns003.B.dialogueact808" starttime="2000.18" endtime="2000.28" type="fh" original-type="fh" channel="c1" participant="mn030">
      <nite:child href="Bns003.B.words.xml#id(Bns003.w.7,300)..id(Bns003.w.7,301)"/>
   </dialogueact>
   <dialogueact nite:id="Bns003.B.dialogueact809" starttime="2000.28" endtime="2006.6" type="s" original-type="s" channel="c1" participant="mn030">
      <nite:child href="Bns003.B.words.xml#id(Bns003.w.7,302)..id(Bns003.w.7,324)"/>
   </dialogueact>
   <dialogueact nite:id="Bns003.B.dialogueact810" starttime="2007.06" endtime="2011.72" type="s^df" original-type="s^df" channel="c1" participant="mn030">
      <nite:child href="Bns003.B.words.xml#id(Bns003.w.7,325)..id(Bns003.w.7,344)"/>
   </dialogueact>
   <dialogueact nite:id="Bns003.B.dialogueact811" starttime="2012.34" endtime="2013.58" type="fh" original-type="fh" channel="c1" participant="mn030">
      <nite:child href="Bns003.B.words.xml#id(Bns003.w.7,345)..id(Bns003.w.7,347)"/>
   </dialogueact>
   <dialogueact nite:id="Bns003.B.dialogueact812" starttime="2013.58" endtime="2024.67" type="s" original-type="s" channel="c1" participant="mn030">
      <nite:child href="Bns003.B.words.xml#id(Bns003.w.7,348)..id(Bns003.w.7,369)"/>
   </dialogueact>
   <dialogueact nite:id="Bns003.B.dialogueact813" starttime="2024.67" endtime="2032.01" type="s" original-type="s" channel="c1" participant="mn030">
      <nite:child href="Bns003.B.words.xml#id(Bns003.w.7,370)..id(Bns003.w.7,394)"/>
   </dialogueact>
   <dialogueact nite:id="Bns003.B.dialogueact814" starttime="2032.01" endtime="2037.95" type="s" original-type="s" channel="c1" participant="mn030">
      <nite:child href="Bns003.B.words.xml#id(Bns003.w.7,395)..id(Bns003.w.7,414)"/>
   </dialogueact>
   <dialogueact nite:id="Bns003.B.dialogueact815" starttime="2038.47" endtime="2045.47" type="fh|s" original-type="fh|s" channel="c1" participant="mn030">
      <nite:child href="Bns003.B.words.xml#id(Bns003.w.7,415)..id(Bns003.w.7,431)"/>
   </dialogueact>
   <dialogueact nite:id="Bns003.B.dialogueact816" starttime="2045.68" endtime="2046.76" type="fh" original-type="fh" channel="c1" participant="mn030">
      <nite:child href="Bns003.B.words.xml#id(Bns003.w.7,432)..id(Bns003.w.7,434)"/>
   </dialogueact>
   <dialogueact nite:id="Bns003.B.dialogueact817" starttime="2047.82" endtime="2049.77" type="s" adjacency="9a" original-type="s" channel="c1" participant="mn030">
      <nite:child href="Bns003.B.words.xml#id(Bns003.w.7,435)..id(Bns003.w.7,444)"/>
   </dialogueact>
   <dialogueact nite:id="Bns003.B.dialogueact1071" starttime="2993.79" endtime="2994.26" type="z" original-type="z" channel="c1" participant="mn030">
      <nite:child href="Bns003.B.words.xml#id(Bns003.w.10,211)..id(Bns003.w.10,214)"/>
   </dialogueact>
</nite:root>