<?xml version="1.0" encoding="ISO-8859-1" standalone="yes"?>
<nite:root nite:id="Bns003.A.dialogue-acts" xmlns:nite="http://nite.sourceforge.net/">
   <dialogueact nite:id="Bns003.A.dialogueact162" starttime="409.673" endtime="410.023" type="b" original-type="b" channel="c0" participant="fn083">
      <nite:child href="Bns003.A.words.xml#id(Bns003.w.1,481)..id(Bns003.w.1,482)"/>
   </dialogueact>
   <dialogueact nite:id="Bns003.A.dialogueact164" starttime="411.66" endtime="412.52" type="s^bk" original-type="s^bk" channel="c0" participant="fn083">
      <nite:child href="Bns003.A.words.xml#id(Bns003.w.1,483)..id(Bns003.w.1,487)"/>
   </dialogueact>
   <dialogueact nite:id="Bns003.A.dialogueact165" starttime="412.52" endtime="412.8" type="s^bk" original-type="s^bk" channel="c0" participant="fn083">
      <nite:child href="Bns003.A.words.xml#id(Bns003.w.1,488)..id(Bns003.w.1,489)"/>
   </dialogueact>
   <dialogueact nite:id="Bns003.A.dialogueact175" starttime="440.308" endtime="440.678" type="s" adjacency="25b.26a" original-type="s" channel="c0" participant="fn083">
      <nite:child href="Bns003.A.words.xml#id(Bns003.w.1,599)..id(Bns003.w.1,602)"/>
   </dialogueact>
   <dialogueact nite:id="Bns003.A.dialogueact260" starttime="721.4" endtime="721.75" type="s^aa" adjacency="3b-2" original-type="s^aa" channel="c0" participant="fn083">
      <nite:child href="Bns003.A.words.xml#id(Bns003.w.2,474)..id(Bns003.w.2,477)"/>
   </dialogueact>
   <dialogueact nite:id="Bns003.A.dialogueact263" starttime="722.085" endtime="722.335" type="s^na" adjacency="3b-2+" original-type="s^na" channel="c0" participant="fn083">
      <nite:child href="Bns003.A.words.xml#id(Bns003.w.2,480)..id(Bns003.w.2,482)"/>
   </dialogueact>
   <dialogueact nite:id="Bns003.A.dialogueact265" starttime="724.246" endtime="725.206" type="s" adjacency="3b-2++" original-type="s" channel="c0" participant="fn083">
      <nite:child href="Bns003.A.words.xml#id(Bns003.w.2,496)..id(Bns003.w.2,501)"/>
   </dialogueact>
   <dialogueact nite:id="Bns003.A.dialogueact271" starttime="729.61" endtime="730.91" type="s^r" adjacency="3b-2+++" original-type="s^r" channel="c0" participant="fn083">
      <nite:child href="Bns003.A.words.xml#id(Bns003.w.2,511)..id(Bns003.w.2,518)"/>
   </dialogueact>
   <dialogueact nite:id="Bns003.A.dialogueact272" starttime="730.91" endtime="731.17" type="fh" original-type="fh" channel="c0" participant="fn083">
      <nite:child href="Bns003.A.words.xml#id(Bns003.w.2,519)..id(Bns003.w.2,520)"/>
   </dialogueact>
   <dialogueact nite:id="Bns003.A.dialogueact273" starttime="731.17" endtime="731.56" type="fh" original-type="fh" channel="c0" participant="fn083">
      <nite:child href="Bns003.A.words.xml#id(Bns003.w.2,521)..id(Bns003.w.2,524)"/>
   </dialogueact>
   <dialogueact nite:id="Bns003.A.dialogueact274" starttime="731.873" endtime="735.343" type="s^cs" original-type="s^cs" channel="c0" participant="fn083">
      <nite:child href="Bns003.A.words.xml#id(Bns003.w.2,525)..id(Bns003.w.2,541)"/>
   </dialogueact>
   <dialogueact nite:id="Bns003.A.dialogueact275" starttime="735.343" endtime="737.573" type="s^df" original-type="s^df" channel="c0" participant="fn083">
      <nite:child href="Bns003.A.words.xml#id(Bns003.w.2,542)..id(Bns003.w.2,551)"/>
   </dialogueact>
   <dialogueact nite:id="Bns003.A.dialogueact276" starttime="737.623" endtime="739.203" type="s^df" original-type="s^df" channel="c0" participant="fn083">
      <nite:child href="Bns003.A.words.xml#id(Bns003.w.2,552)..id(Bns003.w.2,558)"/>
   </dialogueact>
   <dialogueact nite:id="Bns003.A.dialogueact277" starttime="739.203" endtime="740.523" type="s^df" original-type="s^df" channel="c0" participant="fn083">
      <nite:child href="Bns003.A.words.xml#id(Bns003.w.2,559)..id(Bns003.w.2,564)"/>
   </dialogueact>
   <dialogueact nite:id="Bns003.A.dialogueact278" starttime="741.161" endtime="742.511" type="s^df" original-type="s^df" channel="c0" participant="fn083">
      <nite:child href="Bns003.A.words.xml#id(Bns003.w.2,565)..id(Bns003.w.2,572)"/>
   </dialogueact>
   <dialogueact nite:id="Bns003.A.dialogueact279" starttime="742.879" endtime="743.189" type="fh" original-type="fh" channel="c0" participant="fn083">
      <nite:child href="Bns003.A.words.xml#id(Bns003.w.2,573)"/>
   </dialogueact>
   <dialogueact nite:id="Bns003.A.dialogueact280" starttime="743.912" endtime="744.352" type="fh" original-type="fh" channel="c0" participant="fn083">
      <nite:child href="Bns003.A.words.xml#id(Bns003.w.2,574)..id(Bns003.w.2,575)"/>
   </dialogueact>
   <dialogueact nite:id="Bns003.A.dialogueact281" starttime="744.552" endtime="745.162" type="fg" original-type="fg" channel="c0" participant="fn083">
      <nite:child href="Bns003.A.words.xml#id(Bns003.w.2,576)..id(Bns003.disfmarker.71)"/>
   </dialogueact>
   <dialogueact nite:id="Bns003.A.dialogueact282" starttime="745.442" endtime="746.772" type="s" original-type="s" channel="c0" participant="fn083">
      <nite:child href="Bns003.A.words.xml#id(Bns003.w.2,578)..id(Bns003.w.2,584)"/>
   </dialogueact>
   <dialogueact nite:id="Bns003.A.dialogueact283" starttime="746.882" endtime="749.592" type="s^cs" original-type="s^cs" channel="c0" participant="fn083">
      <nite:child href="Bns003.A.words.xml#id(Bns003.w.2,585)..id(Bns003.w.2,596)"/>
   </dialogueact>
   <dialogueact nite:id="Bns003.A.dialogueact284" starttime="749.592" endtime="755.139" type="s^df" original-type="s^df" channel="c0" participant="fn083">
      <nite:child href="Bns003.A.words.xml#id(Bns003.w.2,597)..id(Bns003.w.2,633)"/>
   </dialogueact>
   <dialogueact nite:id="Bns003.A.dialogueact286" starttime="757.855" endtime="757.995" type="s^ba" adjacency="5b" original-type="s^ba" channel="c0" participant="fn083">
      <nite:child href="Bns003.A.words.xml#id(Bns003.w.2,634)..id(Bns003.w.2,635)"/>
   </dialogueact>
   <dialogueact nite:id="Bns003.A.dialogueact288" starttime="762.057" endtime="762.557" type="s^aa" adjacency="6b-1" original-type="s^aa" channel="c0" participant="fn083">
      <nite:child href="Bns003.A.words.xml#id(Bns003.w.2,661)..id(Bns003.w.2,666)"/>
   </dialogueact>
   <dialogueact nite:id="Bns003.A.dialogueact290" starttime="762.557" endtime="763.627" type="s^ba^na" adjacency="6b-1+" original-type="s^ba^na" channel="c0" participant="fn083">
      <nite:child href="Bns003.A.words.xml#id(Bns003.w.2,667)..id(Bns003.w.2,672)"/>
   </dialogueact>
   <dialogueact nite:id="Bns003.A.dialogueact292" starttime="763.717" endtime="764.067" type="s^na" adjacency="6b-1++" original-type="s^na" channel="c0" participant="fn083">
      <nite:child href="Bns003.A.words.xml#id(Bns003.w.2,682)..id(Bns003.w.2,684)"/>
   </dialogueact>
   <dialogueact nite:id="Bns003.A.dialogueact297" starttime="771.33" endtime="773.1" type="s^ng" adjacency="8b.9a" original-type="s^ng" channel="c0" participant="fn083">
      <nite:child href="Bns003.A.words.xml#id(Bns003.w.2,719)..id(Bns003.w.2,726)"/>
   </dialogueact>
   <dialogueact nite:id="Bns003.A.dialogueact304" starttime="782.439" endtime="782.649" type="s^aa" adjacency="10b" original-type="s^aa" channel="c0" participant="fn083">
      <nite:child href="Bns003.A.words.xml#id(Bns003.w.2,760)..id(Bns003.w.2,761)"/>
   </dialogueact>
   <dialogueact nite:id="Bns003.A.dialogueact305" starttime="782.649" endtime="782.949" type="s^aa" adjacency="10b+" original-type="s^aa" channel="c0" participant="fn083">
      <nite:child href="Bns003.A.words.xml#id(Bns003.w.2,762)..id(Bns003.w.2,763)"/>
   </dialogueact>
   <dialogueact nite:id="Bns003.A.dialogueact306" starttime="783.93" endtime="784.06" type="s^ba" adjacency="10b++" original-type="s^ba" channel="c0" participant="fn083">
      <nite:child href="Bns003.A.words.xml#id(Bns003.w.2,764)..id(Bns003.w.2,765)"/>
   </dialogueact>
   <dialogueact nite:id="Bns003.A.dialogueact307" starttime="784.492" endtime="785.122" type="s^bk|%--" original-type="s^bk|%--" channel="c0" participant="fn083">
      <nite:child href="Bns003.A.words.xml#id(Bns003.w.2,772)..id(Bns003.w.2,774)"/>
   </dialogueact>
   <dialogueact nite:id="Bns003.A.dialogueact309" starttime="785.122" endtime="785.322" type="%--" original-type="%--" channel="c0" participant="fn083">
      <nite:child href="Bns003.A.words.xml#id(Bns003.w.2,775)"/>
   </dialogueact>
   <dialogueact nite:id="Bns003.A.dialogueact310" starttime="785.69" endtime="793.37" type="s^cs" adjacency="11a" original-type="s^cs" channel="c0" participant="fn083">
      <nite:child href="Bns003.A.words.xml#id(Bns003.w.2,776)..id(Bns003.w.2,812)"/>
   </dialogueact>
   <dialogueact nite:id="Bns003.A.dialogueact314" starttime="793.6" endtime="793.89" type="fh" original-type="fh" channel="c0" participant="fn083">
      <nite:child href="Bns003.A.words.xml#id(Bns003.w.2,819)..id(Bns003.w.2,820)"/>
   </dialogueact>
   <dialogueact nite:id="Bns003.A.dialogueact315" starttime="794.597" endtime="796.787" type="s" original-type="s" channel="c0" participant="fn083">
      <nite:child href="Bns003.A.words.xml#id(Bns003.w.2,821)..id(Bns003.w.2,832)"/>
   </dialogueact>
   <dialogueact nite:id="Bns003.A.dialogueact316" starttime="797.382" endtime="797.542" type="fh" original-type="fh" channel="c0" participant="fn083">
      <nite:child href="Bns003.A.words.xml#id(Bns003.w.2,833)..id(Bns003.w.2,834)"/>
   </dialogueact>
   <dialogueact nite:id="Bns003.A.dialogueact317" starttime="797.542" endtime="800.142" type="s.%--" original-type="s.%--" channel="c0" participant="fn083">
      <nite:child href="Bns003.A.words.xml#id(Bns003.w.2,835)..id(Bns003.w.2,850)"/>
   </dialogueact>
   <dialogueact nite:id="Bns003.A.dialogueact318" starttime="800.142" endtime="800.412" type="fh" original-type="fh" channel="c0" participant="fn083">
      <nite:child href="Bns003.A.words.xml#id(Bns003.w.2,851)"/>
   </dialogueact>
   <dialogueact nite:id="Bns003.A.dialogueact319" starttime="800.87" endtime="802.27" type="s^bk|s^ba^cs" original-type="s^bk|s^ba^cs" channel="c0" participant="fn083">
      <nite:child href="Bns003.A.words.xml#id(Bns003.w.2,852)..id(Bns003.w.2,859)"/>
   </dialogueact>
   <dialogueact nite:id="Bns003.A.dialogueact320" starttime="802.27" endtime="803.79" type="s^ba^cs" original-type="s^ba^cs" channel="c0" participant="fn083">
      <nite:child href="Bns003.A.words.xml#id(Bns003.w.2,860)..id(Bns003.w.2,866)"/>
   </dialogueact>
   <dialogueact nite:id="Bns003.A.dialogueact321" starttime="803.79" endtime="804.07" type="fh" original-type="fh" channel="c0" participant="fn083">
      <nite:child href="Bns003.A.words.xml#id(Bns003.w.2,867)"/>
   </dialogueact>
   <dialogueact nite:id="Bns003.A.dialogueact322" starttime="804.17" endtime="805.8" type="s^bk|s^df" original-type="s^bk|s^df" channel="c0" participant="fn083">
      <nite:child href="Bns003.A.words.xml#id(Bns003.w.2,868)..id(Bns003.w.2,878)"/>
   </dialogueact>
   <dialogueact nite:id="Bns003.A.dialogueact323" starttime="806.405" endtime="808.725" type="s.%--" original-type="s.%--" channel="c0" participant="fn083">
      <nite:child href="Bns003.A.words.xml#id(Bns003.w.2,879)..id(Bns003.disfmarker.84)"/>
   </dialogueact>
   <dialogueact nite:id="Bns003.A.dialogueact324" starttime="809.178" endtime="813.22" type="s.%--" original-type="s.%--" channel="c0" participant="fn083">
      <nite:child href="Bns003.A.words.xml#id(Bns003.w.2,886)..id(Bns003.w.2,897)"/>
   </dialogueact>
   <dialogueact nite:id="Bns003.A.dialogueact325" starttime="813.844" endtime="814.994" type="s^no" original-type="s^no" channel="c0" participant="fn083">
      <nite:child href="Bns003.A.words.xml#id(Bns003.w.2,898)..id(Bns003.w.2,906)"/>
   </dialogueact>
   <dialogueact nite:id="Bns003.A.dialogueact326" starttime="814.994" endtime="816.434" type="qy^rt" adjacency="12a" original-type="qy^rt" channel="c0" participant="fn083">
      <nite:child href="Bns003.A.words.xml#id(Bns003.w.2,907)..id(Bns003.w.2,914)"/>
   </dialogueact>
   <dialogueact nite:id="Bns003.A.dialogueact327" starttime="816.434" endtime="816.664" type="qrr.%--" adjacency="12a+" original-type="qrr.%--" channel="c0" participant="fn083">
      <nite:child href="Bns003.A.words.xml#id(Bns003.w.2,915)..id(Bns003.disfmarker.85)"/>
   </dialogueact>
   <dialogueact nite:id="Bns003.A.dialogueact328" starttime="817.004" endtime="823.51" type="s" adjacency="12a++" original-type="s" channel="c0" participant="fn083">
      <nite:child href="Bns003.A.words.xml#id(Bns003.w.2,916)..id(Bns003.w.2,937)"/>
   </dialogueact>
   <dialogueact nite:id="Bns003.A.dialogueact330" starttime="824.882" endtime="825.082" type="%-" original-type="%-" channel="c0" participant="fn083">
      <nite:child href="Bns003.A.words.xml#id(Bns003.w.2,940)"/>
   </dialogueact>
   <dialogueact nite:id="Bns003.A.dialogueact331" starttime="825.71" endtime="825.97" type="qw^br^rt" adjacency="13b.14a" original-type="qw^br^rt" channel="c0" participant="fn083">
      <nite:child href="Bns003.A.words.xml#id(Bns003.w.2,941)..id(Bns003.w.2,942)"/>
   </dialogueact>
   <dialogueact nite:id="Bns003.A.dialogueact333" starttime="827.147" endtime="827.627" type="qy^bu^d^m^rt" adjacency="15b" original-type="qy^bu^d^m^rt" channel="c0" participant="fn083">
      <nite:child href="Bns003.A.words.xml#id(Bns003.w.2,945)..id(Bns003.w.2,946)"/>
   </dialogueact>
   <dialogueact nite:id="Bns003.A.dialogueact334" starttime="829.35" endtime="829.85" type="s^aa" adjacency="15b+" original-type="s^aa" channel="c0" participant="fn083">
      <nite:child href="Bns003.A.words.xml#id(Bns003.w.2,947)..id(Bns003.w.2,950)"/>
   </dialogueact>
   <dialogueact nite:id="Bns003.A.dialogueact335" starttime="831.91" endtime="833.66" type="s" original-type="s" channel="c0" participant="fn083">
      <nite:child href="Bns003.A.words.xml#id(Bns003.w.2,951)..id(Bns003.w.2,960)"/>
   </dialogueact>
   <dialogueact nite:id="Bns003.A.dialogueact336" starttime="833.66" endtime="837.958" type="s" original-type="s" channel="c0" participant="fn083">
      <nite:child href="Bns003.A.words.xml#id(Bns003.w.2,961)..id(Bns003.w.2,977)"/>
   </dialogueact>
   <dialogueact nite:id="Bns003.A.dialogueact337" starttime="837.958" endtime="839.358" type="s^df" original-type="s^df" channel="c0" participant="fn083">
      <nite:child href="Bns003.A.words.xml#id(Bns003.w.2,978)..id(Bns003.w.2,984)"/>
   </dialogueact>
   <dialogueact nite:id="Bns003.A.dialogueact338" starttime="839.358" endtime="844.55" type="fh|s^cs.%--" original-type="fh|s^cs.%--" channel="c0" participant="fn083">
      <nite:child href="Bns003.A.words.xml#id(Bns003.w.2,985)..id(Bns003.w.3,002)"/>
   </dialogueact>
   <dialogueact nite:id="Bns003.A.dialogueact339" starttime="844.55" endtime="851.24" type="s" original-type="s" channel="c0" participant="fn083">
      <nite:child href="Bns003.A.words.xml#id(Bns003.w.3,003)..id(Bns003.w.3,019)"/>
   </dialogueact>
   <dialogueact nite:id="Bns003.A.dialogueact340" starttime="851.24" endtime="853.28" type="s^e" original-type="s^e" channel="c0" participant="fn083">
      <nite:child href="Bns003.A.words.xml#id(Bns003.w.3,020)..id(Bns003.w.3,027)"/>
   </dialogueact>
   <dialogueact nite:id="Bns003.A.dialogueact341" starttime="853.28" endtime="856.27" type="s^e" original-type="s^e" channel="c0" participant="fn083">
      <nite:child href="Bns003.A.words.xml#id(Bns003.w.3,028)..id(Bns003.w.3,036)"/>
   </dialogueact>
   <dialogueact nite:id="Bns003.A.dialogueact342" starttime="856.43" endtime="857.6" type="s^e" original-type="s^e" channel="c0" participant="fn083">
      <nite:child href="Bns003.A.words.xml#id(Bns003.w.3,037)..id(Bns003.disfmarker.87)"/>
   </dialogueact>
   <dialogueact nite:id="Bns003.A.dialogueact343" starttime="858.01" endtime="860.9" type="s^df" adjacency="16a" original-type="s^df" channel="c0" participant="fn083">
      <nite:child href="Bns003.A.words.xml#id(Bns003.w.3,039)..id(Bns003.w.3,053)"/>
   </dialogueact>
   <dialogueact nite:id="Bns003.A.dialogueact345" starttime="861.161" endtime="861.651" type="s.%--" original-type="s.%--" channel="c0" participant="fn083">
      <nite:child href="Bns003.A.words.xml#id(Bns003.w.3,060)..id(Bns003.w.3,061)"/>
   </dialogueact>
   <dialogueact nite:id="Bns003.A.dialogueact346" starttime="862.213" endtime="863.723" type="s^no" adjacency="17a" original-type="s^no" channel="c0" participant="fn083">
      <nite:child href="Bns003.A.words.xml#id(Bns003.w.3,062)..id(Bns003.w.3,071)"/>
   </dialogueact>
   <dialogueact nite:id="Bns003.A.dialogueact347" starttime="863.903" endtime="868.11" type="s" adjacency="17a+" original-type="s" channel="c0" participant="fn083">
      <nite:child href="Bns003.A.words.xml#id(Bns003.w.3,072)..id(Bns003.w.3,091)"/>
   </dialogueact>
   <dialogueact nite:id="Bns003.A.dialogueact350" starttime="868.29" endtime="868.58" type="s^no" original-type="s^no" channel="c0" participant="fn083">
      <nite:child href="Bns003.A.words.xml#id(Bns003.w.3,092)..id(Bns003.w.3,095)"/>
   </dialogueact>
   <dialogueact nite:id="Bns003.A.dialogueact352" starttime="870.695" endtime="870.995" type="s^bk" adjacency="18b" original-type="s^bk" channel="c0" participant="fn083">
      <nite:child href="Bns003.A.words.xml#id(Bns003.w.3,108)..id(Bns003.w.3,109)"/>
   </dialogueact>
   <dialogueact nite:id="Bns003.A.dialogueact354" starttime="870.995" endtime="873.88" type="s" adjacency="18b+.19a" original-type="s" channel="c0" participant="fn083">
      <nite:child href="Bns003.A.words.xml#id(Bns003.w.3,110)..id(Bns003.w.3,123)"/>
   </dialogueact>
   <dialogueact nite:id="Bns003.A.dialogueact357" starttime="874.1" endtime="874.6" type="fh" original-type="fh" channel="c0" participant="fn083">
      <nite:child href="Bns003.A.words.xml#id(Bns003.w.3,138)"/>
   </dialogueact>
   <dialogueact nite:id="Bns003.A.dialogueact358" starttime="875.904" endtime="876.254" type="s^bk" adjacency="20b" original-type="s^bk" channel="c0" participant="fn083">
      <nite:child href="Bns003.A.words.xml#id(Bns003.w.3,139)..id(Bns003.w.3,140)"/>
   </dialogueact>
   <dialogueact nite:id="Bns003.A.dialogueact359" starttime="876.254" endtime="877.634" type="qw" original-type="qw" channel="c0" participant="fn083">
      <nite:child href="Bns003.A.words.xml#id(Bns003.w.3,141)..id(Bns003.w.3,147)"/>
   </dialogueact>
   <dialogueact nite:id="Bns003.A.dialogueact360" starttime="877.984" endtime="878.674" type="fh" original-type="fh" channel="c0" participant="fn083">
      <nite:child href="Bns003.A.words.xml#id(Bns003.w.3,148)"/>
   </dialogueact>
   <dialogueact nite:id="Bns003.A.dialogueact361" starttime="879.014" endtime="881.354" type="s^tc" original-type="s^tc" channel="c0" participant="fn083">
      <nite:child href="Bns003.A.words.xml#id(Bns003.w.3,149)..id(Bns003.w.3,160)"/>
   </dialogueact>
   <dialogueact nite:id="Bns003.A.dialogueact362" starttime="881.794" endtime="887.904" type="qw" original-type="qw" channel="c0" participant="fn083">
      <nite:child href="Bns003.A.words.xml#id(Bns003.w.3,161)..id(Bns003.w.3,186)"/>
   </dialogueact>
   <dialogueact nite:id="Bns003.A.dialogueact363" starttime="889.12" endtime="889.72" type="fh" original-type="fh" channel="c0" participant="fn083">
      <nite:child href="Bns003.A.words.xml#id(Bns003.w.3,187)"/>
   </dialogueact>
   <dialogueact nite:id="Bns003.A.dialogueact364" starttime="889.86" endtime="890.72" type="s" original-type="s" channel="c0" participant="fn083">
      <nite:child href="Bns003.A.words.xml#id(Bns003.w.3,188)..id(Bns003.w.3,189)"/>
   </dialogueact>
   <dialogueact nite:id="Bns003.A.dialogueact365" starttime="891.87" endtime="898.18" type="s" original-type="s" channel="c0" participant="fn083">
      <nite:child href="Bns003.A.words.xml#id(Bns003.w.3,190)..id(Bns003.w.3,215)"/>
   </dialogueact>
   <dialogueact nite:id="Bns003.A.dialogueact367" starttime="901.647" endtime="901.887" type="s^aa" adjacency="21b.22a" original-type="s^aa" channel="c0" participant="fn083">
      <nite:child href="Bns003.A.words.xml#id(Bns003.w.3,232)..id(Bns003.w.3,233)"/>
   </dialogueact>
   <dialogueact nite:id="Bns003.A.dialogueact368" starttime="901.887" endtime="902.397" type="s^na" adjacency="21b+.22a+" original-type="s^na" channel="c0" participant="fn083">
      <nite:child href="Bns003.A.words.xml#id(Bns003.w.3,234)..id(Bns003.w.3,236)"/>
   </dialogueact>
   <dialogueact nite:id="Bns003.A.dialogueact370" starttime="903.074" endtime="903.394" type="s^na" adjacency="23b" original-type="s^na" channel="c0" participant="fn083">
      <nite:child href="Bns003.A.words.xml#id(Bns003.w.3,247)..id(Bns003.w.3,249)"/>
   </dialogueact>
   <dialogueact nite:id="Bns003.A.dialogueact371" starttime="905.068" endtime="908.82" type="s^df" adjacency="23b+" original-type="s^df" channel="c0" participant="fn083">
      <nite:child href="Bns003.A.words.xml#id(Bns003.w.3,250)..id(Bns003.w.3,267)"/>
   </dialogueact>
   <dialogueact nite:id="Bns003.A.dialogueact384" starttime="927.875" endtime="928.655" type="s^bk|s^ng.%-" adjacency="26b-2" original-type="s^bk|s^ng.%-" channel="c0" participant="fn083">
      <nite:child href="Bns003.A.words.xml#id(Bns003.w.3,370)..id(Bns003.disfmarker.96)"/>
   </dialogueact>
   <dialogueact nite:id="Bns003.A.dialogueact385" starttime="930.586" endtime="931.346" type="s" adjacency="26b-2+.27a" original-type="s" channel="c0" participant="fn083">
      <nite:child href="Bns003.A.words.xml#id(Bns003.w.3,378)..id(Bns003.w.3,384)"/>
   </dialogueact>
   <dialogueact nite:id="Bns003.A.dialogueact398" starttime="948.661" endtime="948.891" type="s^aa" adjacency="28b" original-type="s^aa" channel="c0" participant="fn083">
      <nite:child href="Bns003.A.words.xml#id(Bns003.w.3,462)..id(Bns003.w.3,463)"/>
   </dialogueact>
   <dialogueact nite:id="Bns003.A.dialogueact399" starttime="950.53" endtime="950.85" type="fh" original-type="fh" channel="c0" participant="fn083">
      <nite:child href="Bns003.A.words.xml#id(Bns003.w.3,464)..id(Bns003.w.3,467)"/>
   </dialogueact>
   <dialogueact nite:id="Bns003.A.dialogueact400" starttime="950.85" endtime="952.43" type="s^cs" original-type="s^cs" channel="c0" participant="fn083">
      <nite:child href="Bns003.A.words.xml#id(Bns003.w.3,468)..id(Bns003.w.3,475)"/>
   </dialogueact>
   <dialogueact nite:id="Bns003.A.dialogueact401" starttime="952.43" endtime="957.683" type="s" adjacency="29a" original-type="s" channel="c0" participant="fn083">
      <nite:child href="Bns003.A.words.xml#id(Bns003.w.3,476)..id(Bns003.w.3,494)"/>
   </dialogueact>
   <dialogueact nite:id="Bns003.A.dialogueact403" starttime="958.765" endtime="958.995" type="s^aa" adjacency="30b" original-type="s^aa" channel="c0" participant="fn083">
      <nite:child href="Bns003.A.words.xml#id(Bns003.w.3,503)..id(Bns003.w.3,504)"/>
   </dialogueact>
   <dialogueact nite:id="Bns003.A.dialogueact404" starttime="959.597" endtime="959.917" type="s^am" original-type="s^am" channel="c0" participant="fn083">
      <nite:child href="Bns003.A.words.xml#id(Bns003.w.3,507)..id(Bns003.w.3,508)"/>
   </dialogueact>
   <dialogueact nite:id="Bns003.A.dialogueact426" starttime="1012.23" endtime="1013.57" type="s^bk|s" adjacency="36b-2.37a" original-type="s^bk|s" channel="c0" participant="fn083">
      <nite:child href="Bns003.A.words.xml#id(Bns003.w.3,714)..id(Bns003.w.3,722)"/>
   </dialogueact>
   <dialogueact nite:id="Bns003.A.dialogueact434" starttime="1029.23" endtime="1029.45" type="s^ar" adjacency="38b" original-type="s^ar" channel="c0" participant="fn083">
      <nite:child href="Bns003.A.words.xml#id(Bns003.w.3,785)..id(Bns003.w.3,786)"/>
   </dialogueact>
   <dialogueact nite:id="Bns003.A.dialogueact435" starttime="1029.58" endtime="1031.01" type="s^df" adjacency="38b+.39a" original-type="s^df" channel="c0" participant="fn083">
      <nite:child href="Bns003.A.words.xml#id(Bns003.w.3,787)..id(Bns003.w.3,796)"/>
   </dialogueact>
   <dialogueact nite:id="Bns003.A.dialogueact455" starttime="1085.03" endtime="1086.54" type="s^bk|s^ng" adjacency="40b.41a" original-type="s^bk|s^ng" channel="c0" participant="fn083">
      <nite:child href="Bns003.A.words.xml#id(Bns003.w.3,993)..id(Bns003.w.4,003)"/>
   </dialogueact>
   <dialogueact nite:id="Bns003.A.dialogueact456" starttime="1086.54" endtime="1094.21" type="s:qy^cs" adjacency="40b+.41a+" original-type="s:qy^cs" channel="c0" participant="fn083">
      <nite:child href="Bns003.A.words.xml#id(Bns003.w.4,004)..id(Bns003.w.4,048)"/>
   </dialogueact>
   <dialogueact nite:id="Bns003.A.dialogueact462" starttime="1099.38" endtime="1099.96" type="s^bk" adjacency="42b" original-type="s^bk" channel="c0" participant="fn083">
      <nite:child href="Bns003.A.words.xml#id(Bns003.w.4,084)..id(Bns003.w.4,087)"/>
   </dialogueact>
   <dialogueact nite:id="Bns003.A.dialogueact465" starttime="1103.88" endtime="1104.04" type="s^aa" adjacency="43b" original-type="s^aa" channel="c0" participant="fn083">
      <nite:child href="Bns003.A.words.xml#id(Bns003.w.4,104)..id(Bns003.w.4,105)"/>
   </dialogueact>
   <dialogueact nite:id="Bns003.A.dialogueact478" starttime="1128.86" endtime="1129.6" type="s^aa|s^na" adjacency="47b-2" original-type="s^aa|s^na" channel="c0" participant="fn083">
      <nite:child href="Bns003.A.words.xml#id(Bns003.w.4,216)..id(Bns003.w.4,220)"/>
   </dialogueact>
   <dialogueact nite:id="Bns003.A.dialogueact480" starttime="1132.62" endtime="1132.74" type="s^aa" adjacency="48b" original-type="s^aa" channel="c0" participant="fn083">
      <nite:child href="Bns003.A.words.xml#id(Bns003.w.4,221)..id(Bns003.w.4,222)"/>
   </dialogueact>
   <dialogueact nite:id="Bns003.A.dialogueact482" starttime="1132.98" endtime="1142.32" type="s^cs" adjacency="1a" original-type="s^cs" channel="c0" participant="fn083">
      <nite:child href="Bns003.A.words.xml#id(Bns003.w.4,223)..id(Bns003.w.4,262)"/>
   </dialogueact>
   <dialogueact nite:id="Bns003.A.dialogueact484" starttime="1142.41" endtime="1149.73" type="s^cs^df" adjacency="1a+" original-type="s^cs^df" channel="c0" participant="fn083">
      <nite:child href="Bns003.A.words.xml#id(Bns003.w.4,263)..id(Bns003.w.4,285)"/>
   </dialogueact>
   <dialogueact nite:id="Bns003.A.dialogueact485" starttime="1149.73" endtime="1157.56" type="s^cs^df" adjacency="1a++" original-type="s^cs^df" channel="c0" participant="fn083">
      <nite:child href="Bns003.A.words.xml#id(Bns003.w.4,286)..id(Bns003.w.4,310)"/>
   </dialogueact>
   <dialogueact nite:id="Bns003.A.dialogueact486" starttime="1157.81" endtime="1160.59" type="s^e" adjacency="1a+++" original-type="s^e" channel="c0" participant="fn083">
      <nite:child href="Bns003.A.words.xml#id(Bns003.w.4,311)..id(Bns003.w.4,322)"/>
   </dialogueact>
   <dialogueact nite:id="Bns003.A.dialogueact487" starttime="1161.01" endtime="1164.97" type="s" adjacency="1a++++" original-type="s" channel="c0" participant="fn083">
      <nite:child href="Bns003.A.words.xml#id(Bns003.w.4,323)..id(Bns003.w.4,338)"/>
   </dialogueact>
   <dialogueact nite:id="Bns003.A.dialogueact488" starttime="1165.59" endtime="1167.31" type="s^e" adjacency="1a+++++" original-type="s^e" channel="c0" participant="fn083">
      <nite:child href="Bns003.A.words.xml#id(Bns003.w.4,339)..id(Bns003.w.4,347)"/>
   </dialogueact>
   <dialogueact nite:id="Bns003.A.dialogueact489" starttime="1167.94" endtime="1173.1" type="s^e" adjacency="1a++++++" original-type="s^e" channel="c0" participant="fn083">
      <nite:child href="Bns003.A.words.xml#id(Bns003.w.4,348)..id(Bns003.w.4,368)"/>
   </dialogueact>
   <dialogueact nite:id="Bns003.A.dialogueact490" starttime="1173.24" endtime="1182.55" type="s^df" adjacency="1a+++++++" original-type="s^df" channel="c0" participant="fn083">
      <nite:child href="Bns003.A.words.xml#id(Bns003.w.4,369)..id(Bns003.w.4,398)"/>
   </dialogueact>
   <dialogueact nite:id="Bns003.A.dialogueact512" starttime="1246.58" endtime="1248.11" type="s^aa|s^df^na" original-type="s^aa|s^df^na" channel="c0" participant="fn083">
      <nite:child href="Bns003.A.words.xml#id(Bns003.w.4,643)..id(Bns003.w.4,652)"/>
   </dialogueact>
   <dialogueact nite:id="Bns003.A.dialogueact514" starttime="1248.11" endtime="1248.39" type="fh" original-type="fh" channel="c0" participant="fn083">
      <nite:child href="Bns003.A.words.xml#id(Bns003.w.4,657)..id(Bns003.w.4,659)"/>
   </dialogueact>
   <dialogueact nite:id="Bns003.A.dialogueact519" starttime="1250.99" endtime="1251.42" type="s^aa" adjacency="5b" original-type="s^aa" channel="c0" participant="fn083">
      <nite:child href="Bns003.A.words.xml#id(Bns003.w.4,694)..id(Bns003.w.4,697)"/>
   </dialogueact>
   <dialogueact nite:id="Bns003.A.dialogueact531" starttime="1293.32" endtime="1293.85" type="s^bk" adjacency="7b" original-type="s^bk" channel="c0" participant="fn083">
      <nite:child href="Bns003.A.words.xml#id(Bns003.w.4,818)..id(Bns003.w.4,821)"/>
   </dialogueact>
   <dialogueact nite:id="Bns003.A.dialogueact535" starttime="1300.92" endtime="1304.1" type="s^bk|s^ng" adjacency="8b-1" original-type="s^bk|s^ng" channel="c0" participant="fn083">
      <nite:child href="Bns003.A.words.xml#id(Bns003.w.4,842)..id(Bns003.w.4,856)"/>
   </dialogueact>
   <dialogueact nite:id="Bns003.A.dialogueact544" starttime="1313.31" endtime="1313.45" type="b" original-type="b" channel="c0" participant="fn083">
      <nite:child href="Bns003.A.words.xml#id(Bns003.w.4,913)..id(Bns003.w.4,914)"/>
   </dialogueact>
   <dialogueact nite:id="Bns003.A.dialogueact546" starttime="1315.01" endtime="1315.23" type="b" original-type="b" channel="c0" participant="fn083">
      <nite:child href="Bns003.A.words.xml#id(Bns003.w.4,923)..id(Bns003.w.4,924)"/>
   </dialogueact>
   <dialogueact nite:id="Bns003.A.dialogueact550" starttime="1322.6" endtime="1322.71" type="b" original-type="b" channel="c0" participant="fn083">
      <nite:child href="Bns003.A.words.xml#id(Bns003.w.4,948)..id(Bns003.w.4,949)"/>
   </dialogueact>
   <dialogueact nite:id="Bns003.A.dialogueact551" starttime="1322.98" endtime="1323.22" type="s^bk" original-type="s^bk" channel="c0" participant="fn083">
      <nite:child href="Bns003.A.words.xml#id(Bns003.w.4,950)..id(Bns003.w.4,951)"/>
   </dialogueact>
   <dialogueact nite:id="Bns003.A.dialogueact579" starttime="1441.32" endtime="1442.36" type="s" adjacency="18a" original-type="s" channel="c0" participant="fn083">
      <nite:child href="Bns003.A.words.xml#id(Bns003.w.5,270)..id(Bns003.w.5,276)"/>
   </dialogueact>
   <dialogueact nite:id="Bns003.A.dialogueact580" starttime="1442.36" endtime="1443.51" type="s.%--" adjacency="18a+" original-type="s.%--" channel="c0" participant="fn083">
      <nite:child href="Bns003.A.words.xml#id(Bns003.w.5,277)..id(Bns003.w.5,283)"/>
   </dialogueact>
   <dialogueact nite:id="Bns003.A.dialogueact581" starttime="1443.71" endtime="1446.17" type="s" adjacency="18a++" original-type="s" channel="c0" participant="fn083">
      <nite:child href="Bns003.A.words.xml#id(Bns003.w.5,284)..id(Bns003.w.5,290)"/>
   </dialogueact>
   <dialogueact nite:id="Bns003.A.dialogueact582" starttime="1446.17" endtime="1448.55" comment="ERRORCODE1 CSV: &quot;so now i go back and i don't know anything what to do .&quot;" type="s" adjacency="18a+++" original-type="s" channel="c0" participant="fn083">
      <nite:child href="Bns003.A.words.xml#id(Bns003.w.5,291)..id(Bns003.w.5,303)"/>
   </dialogueact>
   <dialogueact nite:id="Bns003.A.dialogueact583" starttime="1448.7" endtime="1452.45" type="s" adjacency="18a++++" original-type="s" channel="c0" participant="fn083">
      <nite:child href="Bns003.A.words.xml#id(Bns003.w.5,304)..id(Bns003.w.5,325)"/>
   </dialogueact>
   <dialogueact nite:id="Bns003.A.dialogueact586" starttime="1452.6" endtime="1454.63" type="s" adjacency="19a" original-type="s" channel="c0" participant="fn083">
      <nite:child href="Bns003.A.words.xml#id(Bns003.w.5,326)..id(Bns003.w.5,333)"/>
   </dialogueact>
   <dialogueact nite:id="Bns003.A.dialogueact588" starttime="1454.68" endtime="1454.89" type="fh" original-type="fh" channel="c0" participant="fn083">
      <nite:child href="Bns003.A.words.xml#id(Bns003.w.5,334)"/>
   </dialogueact>
   <dialogueact nite:id="Bns003.A.dialogueact589" starttime="1455.41" endtime="1455.99" type="s^nd" original-type="s^nd" channel="c0" participant="fn083">
      <nite:child href="Bns003.A.words.xml#id(Bns003.w.5,337)..id(Bns003.w.5,341)"/>
   </dialogueact>
   <dialogueact nite:id="Bns003.A.dialogueact593" starttime="1458.84" endtime="1459.52" type="s.%-" original-type="s.%-" channel="c0" participant="fn083">
      <nite:child href="Bns003.A.words.xml#id(Bns003.w.5,373)..id(Bns003.w.5,376)"/>
   </dialogueact>
   <dialogueact nite:id="Bns003.A.dialogueact594" starttime="1460.4" endtime="1460.66" type="b" original-type="b" channel="c0" participant="fn083">
      <nite:child href="Bns003.A.words.xml#id(Bns003.w.5,377)..id(Bns003.w.5,378)"/>
   </dialogueact>
   <dialogueact nite:id="Bns003.A.dialogueact596" starttime="1462.02" endtime="1462.26" type="b" original-type="b" channel="c0" participant="fn083">
      <nite:child href="Bns003.A.words.xml#id(Bns003.w.5,384)..id(Bns003.w.5,385)"/>
   </dialogueact>
   <dialogueact nite:id="Bns003.A.dialogueact597" starttime="1462.42" endtime="1462.72" type="s^ar" original-type="s^ar" channel="c0" participant="fn083">
      <nite:child href="Bns003.A.words.xml#id(Bns003.w.5,390)..id(Bns003.w.5,395)"/>
   </dialogueact>
   <dialogueact nite:id="Bns003.A.dialogueact598" starttime="1464.86" endtime="1464.98" type="b" original-type="b" channel="c0" participant="fn083">
      <nite:child href="Bns003.A.words.xml#id(Bns003.w.5,413)..id(Bns003.w.5,414)"/>
   </dialogueact>
   <dialogueact nite:id="Bns003.A.dialogueact605" starttime="1471.57" endtime="1472.69" type="s.%-" adjacency="22a" original-type="s.%-" channel="c0" participant="fn083">
      <nite:child href="Bns003.A.words.xml#id(Bns003.w.5,446)..id(Bns003.disfmarker.162)"/>
   </dialogueact>
   <dialogueact nite:id="Bns003.A.dialogueact1012" starttime="2638.02" endtime="2638.22" type="s^aa" adjacency="12b-2" original-type="s^aa" channel="c0" participant="fn083">
      <nite:child href="Bns003.A.words.xml#id(Bns003.w.9,329)..id(Bns003.w.9,330)"/>
   </dialogueact>
   <dialogueact nite:id="Bns003.A.dialogueact1022" starttime="2646.99" endtime="2648.35" type="s" adjacency="13b-1" original-type="s" channel="c0" participant="fn083">
      <nite:child href="Bns003.A.words.xml#id(Bns003.w.9,377)..id(Bns003.w.9,383)"/>
   </dialogueact>
   <dialogueact nite:id="Bns003.A.dialogueact1023" starttime="2648.53" endtime="2650.54" type="s^df" adjacency="13b-1+" original-type="s^df" channel="c0" participant="fn083">
      <nite:child href="Bns003.A.words.xml#id(Bns003.w.9,384)..id(Bns003.w.9,413)"/>
   </dialogueact>
   <dialogueact nite:id="Bns003.A.dialogueact1043" starttime="2701.24" endtime="2702.01" type="qy^d^rt" adjacency="17b-1" original-type="qy^d^rt" channel="c0" participant="fn083">
      <nite:child href="Bns003.A.words.xml#id(Bns003.w.9,552)..id(Bns003.w.9,555)"/>
   </dialogueact>
   <dialogueact nite:id="Bns003.A.dialogueact1048" starttime="2703.85" endtime="2704.23" type="s^no" adjacency="18b-2" original-type="s^no" channel="c0" participant="fn083">
      <nite:child href="Bns003.A.words.xml#id(Bns003.w.9,582)..id(Bns003.w.9,585)"/>
   </dialogueact>
   <dialogueact nite:id="Bns003.A.dialogueact1057" starttime="2767.45" endtime="2767.71" comment="FBH" type="z" original-type="z" channel="c0" participant="fn083">
      <nite:child href="Bns003.A.words.xml#id(Bns003.w.9,736)..id(Bns003.w.9,738)"/>
   </dialogueact>
   <dialogueact nite:id="Bns003.A.dialogueact1059" starttime="2768.13" endtime="2768.43" comment="FBH" type="z" original-type="z" channel="c0" participant="fn083">
      <nite:child href="Bns003.A.words.xml#id(Bns003.w.9,747)..id(Bns003.w.9,748)"/>
   </dialogueact>
   <dialogueact nite:id="Bns003.A.dialogueact1061" starttime="2887.79" endtime="2888.61" comment="FBH" type="z" original-type="z" channel="c0" participant="fn083">
      <nite:child href="Bns003.A.words.xml#id(Bns003.w.9,992)..id(Bns003.w.9,995)"/>
   </dialogueact>
   <dialogueact nite:id="Bns003.A.dialogueact1062" starttime="2894.11" endtime="2895.05" comment="FBH" type="z" original-type="z" channel="c0" participant="fn083">
      <nite:child href="Bns003.A.words.xml#id(Bns003.w.9,996)..id(Bns003.w.10,001)"/>
   </dialogueact>
   <dialogueact nite:id="Bns003.A.dialogueact1064" starttime="2897.87" endtime="2898.86" comment="FBH" type="z" original-type="z" channel="c0" participant="fn083">
      <nite:child href="Bns003.A.words.xml#id(Bns003.w.10,007)..id(Bns003.w.10,013)"/>
   </dialogueact>
   <dialogueact nite:id="Bns003.A.dialogueact1065" starttime="2898.86" endtime="2899.5" comment="FBH" type="z" original-type="z" channel="c0" participant="fn083">
      <nite:child href="Bns003.A.words.xml#id(Bns003.w.10,014)..id(Bns003.w.10,017)"/>
   </dialogueact>
   <dialogueact nite:id="Bns003.A.dialogueact1066" starttime="2899.71" endtime="2899.95" comment="FBH" type="z" original-type="z" channel="c0" participant="fn083">
      <nite:child href="Bns003.A.words.xml#id(Bns003.w.10,018)..id(Bns003.w.10,019)"/>
   </dialogueact>
</nite:root>