<?xml version="1.0" encoding="ISO-8859-1" standalone="yes"?>
<nite:root nite:id="Bns001.G.dialogue-acts" xmlns:nite="http://nite.sourceforge.net/">
   <dialogueact nite:id="Bns001.G.dialogueact10" starttime="51.732" endtime="51.952" type="z" original-type="z" channel="cA" participant="fn083">
      <nite:child href="Bns001.G.words.xml#id(Bns001.w.144)..id(Bns001.w.145)"/>
   </dialogueact>
   <dialogueact nite:id="Bns001.G.dialogueact11" starttime="52.062" endtime="52.522" type="z" original-type="z" channel="cA" participant="fn083">
      <nite:child href="Bns001.G.words.xml#id(Bns001.w.146)..id(Bns001.w.149)"/>
   </dialogueact>
   <dialogueact nite:id="Bns001.G.dialogueact45" starttime="335.206" endtime="336.076" type="z" original-type="z" channel="cA" participant="fn083">
      <nite:child href="Bns001.G.words.xml#id(Bns001.w.801)..id(Bns001.w.808)"/>
   </dialogueact>
   <dialogueact nite:id="Bns001.G.dialogueact46" starttime="336.076" endtime="341.936" type="z" original-type="z" channel="cA" participant="fn083">
      <nite:child href="Bns001.G.words.xml#id(Bns001.w.809)..id(Bns001.w.826)"/>
   </dialogueact>
   <dialogueact nite:id="Bns001.G.dialogueact48" starttime="342.126" endtime="342.916" type="z" original-type="z" channel="cA" participant="fn083">
      <nite:child href="Bns001.G.words.xml#id(Bns001.w.831)..id(Bns001.disfmarker.3)"/>
   </dialogueact>
   <dialogueact nite:id="Bns001.G.dialogueact50" starttime="343.356" endtime="343.826" type="z" original-type="z" channel="cA" participant="fn083">
      <nite:child href="Bns001.G.words.xml#id(Bns001.w.837)..id(Bns001.w.838)"/>
   </dialogueact>
   <dialogueact nite:id="Bns001.G.dialogueact51" starttime="344.136" endtime="347.42" type="z" original-type="z" channel="cA" participant="fn083">
      <nite:child href="Bns001.G.words.xml#id(Bns001.w.839)..id(Bns001.w.850)"/>
   </dialogueact>
   <dialogueact nite:id="Bns001.G.dialogueact53" starttime="349.32" endtime="349.89" type="z" original-type="z" channel="cA" participant="fn083">
      <nite:child href="Bns001.G.words.xml#id(Bns001.w.857)..id(Bns001.w.860)"/>
   </dialogueact>
   <dialogueact nite:id="Bns001.G.dialogueact135" starttime="706.491" endtime="706.701" type="s^bk" adjacency="4b" original-type="s^bk" channel="cA" participant="fn083">
      <nite:child href="Bns001.G.words.xml#id(Bns001.w.1,893)..id(Bns001.w.1,894)"/>
   </dialogueact>
   <dialogueact nite:id="Bns001.G.dialogueact136" starttime="706.781" endtime="707.071" type="s^bk" adjacency="4b+" original-type="s^bk" channel="cA" participant="fn083">
      <nite:child href="Bns001.G.words.xml#id(Bns001.w.1,895)..id(Bns001.w.1,896)"/>
   </dialogueact>
   <dialogueact nite:id="Bns001.G.dialogueact146" starttime="752.883" endtime="753.153" type="fg" original-type="fg" channel="cA" participant="fn083">
      <nite:child href="Bns001.G.words.xml#id(Bns001.w.2,025)..id(Bns001.w.2,026)"/>
   </dialogueact>
   <dialogueact nite:id="Bns001.G.dialogueact147" starttime="753.153" endtime="753.593" type="s^fa" original-type="s^fa" channel="cA" participant="fn083">
      <nite:child href="Bns001.G.words.xml#id(Bns001.w.2,027)..id(Bns001.w.2,028)"/>
   </dialogueact>
   <dialogueact nite:id="Bns001.G.dialogueact148" starttime="753.593" endtime="754.063" type="qy.%-" adjacency="5a" original-type="qy.%-" channel="cA" participant="fn083">
      <nite:child href="Bns001.G.words.xml#id(Bns001.w.2,029)..id(Bns001.w.2,031)"/>
   </dialogueact>
   <dialogueact nite:id="Bns001.G.dialogueact150" starttime="754.123" endtime="755.193" type="s" original-type="s" channel="cA" participant="fn083">
      <nite:child href="Bns001.G.words.xml#id(Bns001.w.2,034)..id(Bns001.w.2,039)"/>
   </dialogueact>
   <dialogueact nite:id="Bns001.G.dialogueact152" starttime="755.533" endtime="759.143" type="s" original-type="s" channel="cA" participant="fn083">
      <nite:child href="Bns001.G.words.xml#id(Bns001.w.2,041)..id(Bns001.w.2,058)"/>
   </dialogueact>
   <dialogueact nite:id="Bns001.G.dialogueact153" starttime="759.143" endtime="767.69" type="s" adjacency="6a" original-type="s" channel="cA" participant="fn083">
      <nite:child href="Bns001.G.words.xml#id(Bns001.w.2,059)..id(Bns001.w.2,098)"/>
   </dialogueact>
   <dialogueact nite:id="Bns001.G.dialogueact155" starttime="767.69" endtime="769.74" type="s^df" original-type="s^df" channel="cA" participant="fn083">
      <nite:child href="Bns001.G.words.xml#id(Bns001.w.2,099)..id(Bns001.w.2,108)"/>
   </dialogueact>
   <dialogueact nite:id="Bns001.G.dialogueact156" starttime="770.86" endtime="777.17" type="s" original-type="s" channel="cA" participant="fn083">
      <nite:child href="Bns001.G.words.xml#id(Bns001.w.2,109)..id(Bns001.w.2,132)"/>
   </dialogueact>
   <dialogueact nite:id="Bns001.G.dialogueact159" starttime="780.106" endtime="780.546" type="s^bk" adjacency="7b" original-type="s^bk" channel="cA" participant="fn083">
      <nite:child href="Bns001.G.words.xml#id(Bns001.w.2,147)"/>
   </dialogueact>
   <dialogueact nite:id="Bns001.G.dialogueact160" starttime="781.346" endtime="781.866" type="fh" original-type="fh" channel="cA" participant="fn083">
      <nite:child href="Bns001.G.words.xml#id(Bns001.w.2,148)"/>
   </dialogueact>
   <dialogueact nite:id="Bns001.G.dialogueact162" starttime="787.847" endtime="789.987" type="s^bk|s^ng" adjacency="8b" original-type="s^bk|s^ng" channel="cA" participant="fn083">
      <nite:child href="Bns001.G.words.xml#id(Bns001.w.2,174)..id(Bns001.w.2,184)"/>
   </dialogueact>
   <dialogueact nite:id="Bns001.G.dialogueact165" starttime="790.097" endtime="790.487" type="fg" original-type="fg" channel="cA" participant="fn083">
      <nite:child href="Bns001.G.words.xml#id(Bns001.w.2,189)"/>
   </dialogueact>
   <dialogueact nite:id="Bns001.G.dialogueact166" starttime="790.779" endtime="792.179" type="s" original-type="s" channel="cA" participant="fn083">
      <nite:child href="Bns001.G.words.xml#id(Bns001.w.2,190)..id(Bns001.w.2,196)"/>
   </dialogueact>
   <dialogueact nite:id="Bns001.G.dialogueact167" starttime="792.179" endtime="794.459" type="s" original-type="s" channel="cA" participant="fn083">
      <nite:child href="Bns001.G.words.xml#id(Bns001.w.2,197)..id(Bns001.w.2,205)"/>
   </dialogueact>
   <dialogueact nite:id="Bns001.G.dialogueact168" starttime="794.459" endtime="806.889" type="s" adjacency="9a" original-type="s" channel="cA" participant="fn083">
      <nite:child href="Bns001.G.words.xml#id(Bns001.w.2,206)..id(Bns001.w.2,263)"/>
   </dialogueact>
   <dialogueact nite:id="Bns001.G.dialogueact186" starttime="823.461" endtime="825.501" type="s^aa|s^na" adjacency="14b" original-type="s^aa|s^na" channel="cA" participant="fn083">
      <nite:child href="Bns001.G.words.xml#id(Bns001.w.2,359)..id(Bns001.w.2,371)"/>
   </dialogueact>
   <dialogueact nite:id="Bns001.G.dialogueact188" starttime="825.891" endtime="826.681" type="s.%-" adjacency="14b+" original-type="s.%-" channel="cA" participant="fn083">
      <nite:child href="Bns001.G.words.xml#id(Bns001.w.2,372)..id(Bns001.disfmarker.49)"/>
   </dialogueact>
   <dialogueact nite:id="Bns001.G.dialogueact191" starttime="830.03" endtime="842.05" type="s^bk|s" adjacency="15b.16a" original-type="s^bk|s" channel="cA" participant="fn083">
      <nite:child href="Bns001.G.words.xml#id(Bns001.w.2,397)..id(Bns001.w.2,439)"/>
   </dialogueact>
   <dialogueact nite:id="Bns001.G.dialogueact195" starttime="842.05" endtime="844.51" type="s^df" adjacency="15b+" original-type="s^df" channel="cA" participant="fn083">
      <nite:child href="Bns001.G.words.xml#id(Bns001.w.2,440)..id(Bns001.w.2,464)"/>
   </dialogueact>
   <dialogueact nite:id="Bns001.G.dialogueact198" starttime="844.51" endtime="846.07" type="s^df" adjacency="15b++" original-type="s^df" channel="cA" participant="fn083">
      <nite:child href="Bns001.G.words.xml#id(Bns001.w.2,465)..id(Bns001.w.2,471)"/>
   </dialogueact>
   <dialogueact nite:id="Bns001.G.dialogueact201" starttime="846.406" endtime="847.396" type="s" adjacency="15b+++.17a" original-type="s" channel="cA" participant="fn083">
      <nite:child href="Bns001.G.words.xml#id(Bns001.w.2,479)..id(Bns001.w.2,485)"/>
   </dialogueact>
   <dialogueact nite:id="Bns001.G.dialogueact486" starttime="1957.93" endtime="1958.19" type="qw^rt" original-type="qw^rt" channel="cA" participant="fn083">
      <nite:child href="Bns001.G.words.xml#id(Bns001.w.6,026)..id(Bns001.w.6,027)"/>
   </dialogueact>
   <dialogueact nite:id="Bns001.G.dialogueact487" starttime="1962.27" endtime="1962.53" type="s^bk^fe" original-type="s^bk^fe" channel="cA" participant="fn083">
      <nite:child href="Bns001.G.words.xml#id(Bns001.w.6,028)..id(Bns001.w.6,029)"/>
   </dialogueact>
   <dialogueact nite:id="Bns001.G.dialogueact488" starttime="1963.67" endtime="1963.94" type="s^bk" original-type="s^bk" channel="cA" participant="fn083">
      <nite:child href="Bns001.G.words.xml#id(Bns001.w.6,030)..id(Bns001.w.6,031)"/>
   </dialogueact>
   <dialogueact nite:id="Bns001.G.dialogueact1116" starttime="3824.42" endtime="3826.45" type="s^aa|s" adjacency="23b.24a" original-type="s^aa|s" channel="cA" participant="fn083">
      <nite:child href="Bns001.G.words.xml#id(Bns001.w.12,211)..id(Bns001.w.12,220)"/>
   </dialogueact>
   <dialogueact nite:id="Bns001.G.dialogueact1118" starttime="3826.45" endtime="3828.6" type="s.%-" original-type="s.%-" channel="cA" participant="fn083">
      <nite:child href="Bns001.G.words.xml#id(Bns001.w.12,221)..id(Bns001.w.12,229)"/>
   </dialogueact>
   <dialogueact nite:id="Bns001.G.dialogueact1122" starttime="3834.47" endtime="3839.14" type="s^bk|s" adjacency="25b" original-type="s^bk|s" channel="cA" participant="fn083">
      <nite:child href="Bns001.G.words.xml#id(Bns001.w.12,259)..id(Bns001.w.12,275)"/>
   </dialogueact>
   <dialogueact nite:id="Bns001.G.dialogueact1123" starttime="3839.14" endtime="3843.32" type="s^df" adjacency="25b+" original-type="s^df" channel="cA" participant="fn083">
      <nite:child href="Bns001.G.words.xml#id(Bns001.w.12,276)..id(Bns001.w.12,294)"/>
   </dialogueact>
   <dialogueact nite:id="Bns001.G.dialogueact1124" starttime="3843.32" endtime="3845.91" type="s:s^fe" adjacency="25b++" original-type="s:s^fe" channel="cA" participant="fn083">
      <nite:child href="Bns001.G.words.xml#id(Bns001.w.12,295)..id(Bns001.w.12,310)"/>
   </dialogueact>
   <dialogueact nite:id="Bns001.G.dialogueact1125" starttime="3846.47" endtime="3847.16" type="s" adjacency="26a" original-type="s" channel="cA" participant="fn083">
      <nite:child href="Bns001.G.words.xml#id(Bns001.w.12,311)..id(Bns001.w.12,314)"/>
   </dialogueact>
   <dialogueact nite:id="Bns001.G.dialogueact1127" starttime="3847.81" endtime="3849.49" type="s" original-type="s" channel="cA" participant="fn083">
      <nite:child href="Bns001.G.words.xml#id(Bns001.w.12,321)..id(Bns001.w.12,326)"/>
   </dialogueact>
   <dialogueact nite:id="Bns001.G.dialogueact1129" starttime="3849.49" endtime="3852.39" type="s^df" original-type="s^df" channel="cA" participant="fn083">
      <nite:child href="Bns001.G.words.xml#id(Bns001.w.12,327)..id(Bns001.w.12,335)"/>
   </dialogueact>
   <dialogueact nite:id="Bns001.G.dialogueact1130" starttime="3852.45" endtime="3866.15" type="s" original-type="s" channel="cA" participant="fn083">
      <nite:child href="Bns001.G.words.xml#id(Bns001.w.12,336)..id(Bns001.w.12,374)"/>
   </dialogueact>
   <dialogueact nite:id="Bns001.G.dialogueact1131" starttime="3866.15" endtime="3866.48" type="fh" original-type="fh" channel="cA" participant="fn083">
      <nite:child href="Bns001.G.words.xml#id(Bns001.w.12,375)..id(Bns001.w.12,376)"/>
   </dialogueact>
   <dialogueact nite:id="Bns001.G.dialogueact1132" starttime="3867.14" endtime="3870.42" type="s" original-type="s" channel="cA" participant="fn083">
      <nite:child href="Bns001.G.words.xml#id(Bns001.w.12,377)..id(Bns001.w.12,387)"/>
   </dialogueact>
   <dialogueact nite:id="Bns001.G.dialogueact1133" starttime="3870.42" endtime="3876.2" type="s" original-type="s" channel="cA" participant="fn083">
      <nite:child href="Bns001.G.words.xml#id(Bns001.w.12,388)..id(Bns001.w.12,399)"/>
   </dialogueact>
   <dialogueact nite:id="Bns001.G.dialogueact1134" starttime="3876.38" endtime="3881.52" type="s" adjacency="27a" original-type="s" channel="cA" participant="fn083">
      <nite:child href="Bns001.G.words.xml#id(Bns001.w.12,400)..id(Bns001.w.12,420)"/>
   </dialogueact>
   <dialogueact nite:id="Bns001.G.dialogueact1174" starttime="3983.25" endtime="3984.56" type="qw" adjacency="33b.34a" original-type="qw" channel="cA" participant="fn083">
      <nite:child href="Bns001.G.words.xml#id(Bns001.w.12,717)..id(Bns001.w.12,726)"/>
   </dialogueact>
   <dialogueact nite:id="Bns001.G.dialogueact1181" starttime="3989.4" endtime="3989.66" type="b" original-type="b" channel="cA" participant="fn083">
      <nite:child href="Bns001.G.words.xml#id(Bns001.w.12,759)..id(Bns001.w.12,760)"/>
   </dialogueact>
   <dialogueact nite:id="Bns001.G.dialogueact1182" starttime="3997.51" endtime="3997.99" type="b" original-type="b" channel="cA" participant="fn083">
      <nite:child href="Bns001.G.words.xml#id(Bns001.w.12,780)..id(Bns001.w.12,783)"/>
   </dialogueact>
   <dialogueact nite:id="Bns001.G.dialogueact1185" starttime="3998.67" endtime="3999.94" type="s.%--" adjacency="35b" original-type="s.%--" channel="cA" participant="fn083">
      <nite:child href="Bns001.G.words.xml#id(Bns001.w.12,790)..id(Bns001.w.12,794)"/>
   </dialogueact>
   <dialogueact nite:id="Bns001.G.dialogueact1186" starttime="4000.69" endtime="4015.53" type="s^rt" adjacency="35b+" original-type="s^rt" channel="cA" participant="fn083">
      <nite:child href="Bns001.G.words.xml#id(Bns001.w.12,795)..id(Bns001.w.12,838)"/>
   </dialogueact>
   <dialogueact nite:id="Bns001.G.dialogueact1187" starttime="4015.91" endtime="4019.16" type="s" original-type="s" channel="cA" participant="fn083">
      <nite:child href="Bns001.G.words.xml#id(Bns001.w.12,839)..id(Bns001.w.12,852)"/>
   </dialogueact>
   <dialogueact nite:id="Bns001.G.dialogueact1188" starttime="4019.16" endtime="4024.26" type="s^bu" adjacency="36a" original-type="s^bu" channel="cA" participant="fn083">
      <nite:child href="Bns001.G.words.xml#id(Bns001.w.12,853)..id(Bns001.w.12,867)"/>
   </dialogueact>
   <dialogueact nite:id="Bns001.G.dialogueact1189" starttime="4024.51" endtime="4024.81" type="qy^d^g^rt" adjacency="36a+" original-type="qy^d^g^rt" channel="cA" participant="fn083">
      <nite:child href="Bns001.G.words.xml#id(Bns001.w.12,868)..id(Bns001.w.12,869)"/>
   </dialogueact>
   <dialogueact nite:id="Bns001.G.dialogueact1190" starttime="4025.55" endtime="4026.52" type="qrr^d" adjacency="36a++" original-type="qrr^d" channel="cA" participant="fn083">
      <nite:child href="Bns001.G.words.xml#id(Bns001.w.12,870)..id(Bns001.w.12,872)"/>
   </dialogueact>
   <dialogueact nite:id="Bns001.G.dialogueact1193" starttime="4031.09" endtime="4032.08" type="s^aa|s^na" adjacency="37b" original-type="s^aa|s^na" channel="cA" participant="fn083">
      <nite:child href="Bns001.G.words.xml#id(Bns001.w.12,897)..id(Bns001.w.12,905)"/>
   </dialogueact>
   <dialogueact nite:id="Bns001.G.dialogueact1194" starttime="4032.26" endtime="4032.7" type="s^e" original-type="s^e" channel="cA" participant="fn083">
      <nite:child href="Bns001.G.words.xml#id(Bns001.w.12,906)..id(Bns001.w.12,908)"/>
   </dialogueact>
   <dialogueact nite:id="Bns001.G.dialogueact1196" starttime="4034.98" endtime="4035.04" type="b" original-type="b" channel="cA" participant="fn083">
      <nite:child href="Bns001.G.words.xml#id(Bns001.w.12,914)..id(Bns001.w.12,915)"/>
   </dialogueact>
   <dialogueact nite:id="Bns001.G.dialogueact1197" starttime="4040.33" endtime="4040.86" type="s^aa" adjacency="38b" original-type="s^aa" channel="cA" participant="fn083">
      <nite:child href="Bns001.G.words.xml#id(Bns001.w.12,932)..id(Bns001.w.12,937)"/>
   </dialogueact>
   <dialogueact nite:id="Bns001.G.dialogueact1198" starttime="4041.14" endtime="4042.04" type="s^na" original-type="s^na" channel="cA" participant="fn083">
      <nite:child href="Bns001.G.words.xml#id(Bns001.w.12,938)..id(Bns001.w.12,943)"/>
   </dialogueact>
   <dialogueact nite:id="Bns001.G.dialogueact1200" starttime="4042.52" endtime="4042.73" type="%-" original-type="%-" channel="cA" participant="fn083">
      <nite:child href="Bns001.G.words.xml#id(Bns001.w.12,952)"/>
   </dialogueact>
   <dialogueact nite:id="Bns001.G.dialogueact1201" starttime="4043.49" endtime="4044.74" type="s^aa|s^na" adjacency="39b" original-type="s^aa|s^na" channel="cA" participant="fn083">
      <nite:child href="Bns001.G.words.xml#id(Bns001.w.12,954)..id(Bns001.w.12,961)"/>
   </dialogueact>
   <dialogueact nite:id="Bns001.G.dialogueact1202" starttime="4044.74" endtime="4045.72" type="s.%--" adjacency="40a" original-type="s.%--" channel="cA" participant="fn083">
      <nite:child href="Bns001.G.words.xml#id(Bns001.w.12,962)..id(Bns001.disfmarker.454)"/>
   </dialogueact>
   <dialogueact nite:id="Bns001.G.dialogueact1203" starttime="4046.01" endtime="4060.29" type="s^df" adjacency="40a+" original-type="s^df" channel="cA" participant="fn083">
      <nite:child href="Bns001.G.words.xml#id(Bns001.w.12,967)..id(Bns001.w.13,002)"/>
   </dialogueact>
   <dialogueact nite:id="Bns001.G.dialogueact1204" starttime="4060.84" endtime="4062.45" type="s" adjacency="40a++" original-type="s" channel="cA" participant="fn083">
      <nite:child href="Bns001.G.words.xml#id(Bns001.w.13,003)..id(Bns001.w.13,008)"/>
   </dialogueact>
   <dialogueact nite:id="Bns001.G.dialogueact1205" starttime="4062.45" endtime="4064.24" type="s^no" adjacency="40a+++" original-type="s^no" channel="cA" participant="fn083">
      <nite:child href="Bns001.G.words.xml#id(Bns001.w.13,009)..id(Bns001.w.13,016)"/>
   </dialogueact>
   <dialogueact nite:id="Bns001.G.dialogueact1206" starttime="4066.64" endtime="4069.2" type="s^df" adjacency="40a++++" original-type="s^df" channel="cA" participant="fn083">
      <nite:child href="Bns001.G.words.xml#id(Bns001.w.13,017)..id(Bns001.w.13,030)"/>
   </dialogueact>
   <dialogueact nite:id="Bns001.G.dialogueact1207" starttime="4069.2" endtime="4069.67" type="fh" original-type="fh" channel="cA" participant="fn083">
      <nite:child href="Bns001.G.words.xml#id(Bns001.w.13,031)..id(Bns001.w.13,032)"/>
   </dialogueact>
   <dialogueact nite:id="Bns001.G.dialogueact1209" starttime="4072.23" endtime="4076.26" type="s" adjacency="41a" original-type="s" channel="cA" participant="fn083">
      <nite:child href="Bns001.G.words.xml#id(Bns001.w.13,040)..id(Bns001.w.13,059)"/>
   </dialogueact>
   <dialogueact nite:id="Bns001.G.dialogueact1211" starttime="4076.26" endtime="4077.82" type="s^e" adjacency="41a+" original-type="s^e" channel="cA" participant="fn083">
      <nite:child href="Bns001.G.words.xml#id(Bns001.w.13,060)..id(Bns001.w.13,064)"/>
   </dialogueact>
   <dialogueact nite:id="Bns001.G.dialogueact1227" starttime="4163.34" endtime="4167.25" type="s.%--" adjacency="42b" original-type="s.%--" channel="cA" participant="fn083">
      <nite:child href="Bns001.G.words.xml#id(Bns001.w.13,335)..id(Bns001.disfmarker.466)"/>
   </dialogueact>
   <dialogueact nite:id="Bns001.G.dialogueact1230" starttime="4167.45" endtime="4171.57" type="s^df" original-type="s^df" channel="cA" participant="fn083">
      <nite:child href="Bns001.G.words.xml#id(Bns001.w.13,354)..id(Bns001.w.13,369)"/>
   </dialogueact>
   <dialogueact nite:id="Bns001.G.dialogueact1231" starttime="4171.57" endtime="4177.04" type="s^df" original-type="s^df" channel="cA" participant="fn083">
      <nite:child href="Bns001.G.words.xml#id(Bns001.w.13,370)..id(Bns001.w.13,388)"/>
   </dialogueact>
   <dialogueact nite:id="Bns001.G.dialogueact1232" starttime="4177.12" endtime="4179.37" type="qw" adjacency="43a" original-type="qw" channel="cA" participant="fn083">
      <nite:child href="Bns001.G.words.xml#id(Bns001.w.13,389)..id(Bns001.w.13,399)"/>
   </dialogueact>
   <dialogueact nite:id="Bns001.G.dialogueact1235" starttime="4185.39" endtime="4185.68" type="s^bk" adjacency="44b" original-type="s^bk" channel="cA" participant="fn083">
      <nite:child href="Bns001.G.words.xml#id(Bns001.w.13,414)..id(Bns001.w.13,415)"/>
   </dialogueact>
   <dialogueact nite:id="Bns001.G.dialogueact1236" starttime="4189.67" endtime="4190.28" type="s^bk" adjacency="45b" original-type="s^bk" channel="cA" participant="fn083">
      <nite:child href="Bns001.G.words.xml#id(Bns001.w.13,432)..id(Bns001.w.13,435)"/>
   </dialogueact>
   <dialogueact nite:id="Bns001.G.dialogueact1237" starttime="4190.28" endtime="4191.75" type="s.%-" original-type="s.%-" channel="cA" participant="fn083">
      <nite:child href="Bns001.G.words.xml#id(Bns001.w.13,436)..id(Bns001.disfmarker.470)"/>
   </dialogueact>
   <dialogueact nite:id="Bns001.G.dialogueact1240" starttime="4202.77" endtime="4207.89" type="s^bu" adjacency="1b.2a" original-type="s^bu" channel="cA" participant="fn083">
      <nite:child href="Bns001.G.words.xml#id(Bns001.w.13,471)..id(Bns001.w.13,490)"/>
   </dialogueact>
   <dialogueact nite:id="Bns001.G.dialogueact1245" starttime="4221.82" endtime="4222.23" type="b" original-type="b" channel="cA" participant="fn083">
      <nite:child href="Bns001.G.words.xml#id(Bns001.w.13,526)..id(Bns001.w.13,529)"/>
   </dialogueact>
   <dialogueact nite:id="Bns001.G.dialogueact1350" starttime="4592.76" endtime="4593.0" type="b" original-type="b" channel="cA" participant="fn083">
      <nite:child href="Bns001.G.words.xml#id(Bns001.w.14,789)..id(Bns001.w.14,790)"/>
   </dialogueact>
   <dialogueact nite:id="Bns001.G.dialogueact1505" starttime="5130.87" endtime="5132.67" type="s^aap|s^ng" adjacency="9b.10a" original-type="s^aap|s^ng" channel="cA" participant="fn083">
      <nite:child href="Bns001.G.words.xml#id(Bns001.w.16,466)..id(Bns001.w.16,475)"/>
   </dialogueact>
   <dialogueact nite:id="Bns001.G.dialogueact1508" starttime="5132.85" endtime="5133.28" type="s.%-" original-type="s.%-" channel="cA" participant="fn083">
      <nite:child href="Bns001.G.words.xml#id(Bns001.w.16,476)..id(Bns001.disfmarker.565)"/>
   </dialogueact>
   <dialogueact nite:id="Bns001.G.dialogueact1517" starttime="5141.82" endtime="5142.24" comment="This could be what was an &lt;fx&gt;" type="s^t3" original-type="s^t3" channel="cA" participant="fn083">
      <nite:child href="Bns001.G.words.xml#id(Bns001.w.16,521)..id(Bns001.w.16,523)"/>
   </dialogueact>
   <dialogueact nite:id="Bns001.G.dialogueact1798" starttime="5951.51" endtime="5952.71" type="s" adjacency="37a" original-type="s" channel="cA" participant="fn083">
      <nite:child href="Bns001.G.words.xml#id(Bns001.w.19,152)..id(Bns001.w.19,158)"/>
   </dialogueact>
</nite:root>