<?xml version="1.0" encoding="ISO-8859-1" standalone="yes"?>
<nite:root nite:id="Bro014.F.dialogue-acts" xmlns:nite="http://nite.sourceforge.net/">
   <dialogueact nite:id="Bro014.F.dialogueact3" starttime="1.86" endtime="2.2" type="z" original-type="z" channel="c5" participant="fn002">
      <nite:child href="Bro014.F.words.xml#id(Bro014.w.22)..id(Bro014.w.25)"/>
   </dialogueact>
   <dialogueact nite:id="Bro014.F.dialogueact90" starttime="213.465" endtime="213.615" type="s^ba.x" original-type="s^ba.x" channel="c5" participant="fn002">
      <nite:child href="Bro014.F.words.xml#id(Bro014.w.727)..id(Bro014.w.728)"/>
   </dialogueact>
   <dialogueact nite:id="Bro014.F.dialogueact92" starttime="217.83" endtime="218.66" type="s^na" adjacency="15b" original-type="s^na" channel="c5" participant="fn002">
      <nite:child href="Bro014.F.words.xml#id(Bro014.w.742)..id(Bro014.w.746)"/>
   </dialogueact>
   <dialogueact nite:id="Bro014.F.dialogueact101" starttime="232.39" endtime="232.59" type="b" original-type="b" channel="c5" participant="fn002">
      <nite:child href="Bro014.F.words.xml#id(Bro014.w.833)..id(Bro014.w.834)"/>
   </dialogueact>
   <dialogueact nite:id="Bro014.F.dialogueact106" starttime="240.755" endtime="241.165" type="s.%--" original-type="s.%--" channel="c5" participant="fn002">
      <nite:child href="Bro014.F.words.xml#id(Bro014.w.879)..id(Bro014.disfmarker.21)"/>
   </dialogueact>
   <dialogueact nite:id="Bro014.F.dialogueact109" starttime="241.591" endtime="242.081" type="b" original-type="b" channel="c5" participant="fn002">
      <nite:child href="Bro014.F.words.xml#id(Bro014.w.888)..id(Bro014.w.889)"/>
   </dialogueact>
   <dialogueact nite:id="Bro014.F.dialogueact130" starttime="265.538" endtime="265.898" type="b" original-type="b" channel="c5" participant="fn002">
      <nite:child href="Bro014.F.words.xml#id(Bro014.w.1,039)..id(Bro014.w.1,040)"/>
   </dialogueact>
   <dialogueact nite:id="Bro014.F.dialogueact142" starttime="291.404" endtime="291.674" type="b" original-type="b" channel="c5" participant="fn002">
      <nite:child href="Bro014.F.words.xml#id(Bro014.w.1,140)..id(Bro014.w.1,143)"/>
   </dialogueact>
   <dialogueact nite:id="Bro014.F.dialogueact746" starttime="1607.7" endtime="1608.0" type="qy^g^t1" original-type="qy^g^t1" channel="c5" participant="fn002">
      <nite:child href="Bro014.F.words.xml#id(Bro014.w.5,923)..id(Bro014.w.5,924)"/>
   </dialogueact>
   <dialogueact nite:id="Bro014.F.dialogueact809" starttime="1751.19" endtime="1752.1" type="s" adjacency="30b" original-type="s" channel="c5" participant="fn002">
      <nite:child href="Bro014.F.words.xml#id(Bro014.w.6,332)..id(Bro014.w.6,340)"/>
   </dialogueact>
   <dialogueact nite:id="Bro014.F.dialogueact813" starttime="1755.64" endtime="1755.83" type="b" original-type="b" channel="c5" participant="fn002">
      <nite:child href="Bro014.F.words.xml#id(Bro014.w.6,363)..id(Bro014.w.6,364)"/>
   </dialogueact>
   <dialogueact nite:id="Bro014.F.dialogueact816" starttime="1757.67" endtime="1758.59" type="s.%-" original-type="s.%-" channel="c5" participant="fn002">
      <nite:child href="Bro014.F.words.xml#id(Bro014.w.6,365)..id(Bro014.disfmarker.314)"/>
   </dialogueact>
   <dialogueact nite:id="Bro014.F.dialogueact818" starttime="1761.08" endtime="1764.01" type="s^t3" original-type="s^t3" channel="c5" participant="fn002">
      <nite:child href="Bro014.F.words.xml#id(Bro014.w.6,391)..id(Bro014.w.6,401)"/>
   </dialogueact>
   <dialogueact nite:id="Bro014.F.dialogueact837" starttime="1799.95" endtime="1800.26" type="b" original-type="b" channel="c5" participant="fn002">
      <nite:child href="Bro014.F.words.xml#id(Bro014.w.6,509)..id(Bro014.w.6,512)"/>
   </dialogueact>
   <dialogueact nite:id="Bro014.F.dialogueact850" starttime="1812.43" endtime="1814.06" type="s" adjacency="3a" original-type="s" channel="c5" participant="fn002">
      <nite:child href="Bro014.F.words.xml#id(Bro014.w.6,570)..id(Bro014.w.6,575)"/>
   </dialogueact>
   <dialogueact nite:id="Bro014.F.dialogueact851" starttime="1814.83" endtime="1816.81" type="s" original-type="s" channel="c5" participant="fn002">
      <nite:child href="Bro014.F.words.xml#id(Bro014.w.6,576)..id(Bro014.w.6,583)"/>
   </dialogueact>
   <dialogueact nite:id="Bro014.F.dialogueact866" starttime="1841.51" endtime="1841.78" type="s^aa" adjacency="5b" original-type="s^aa" channel="c5" participant="fn002">
      <nite:child href="Bro014.F.words.xml#id(Bro014.w.6,669)..id(Bro014.w.6,670)"/>
   </dialogueact>
   <dialogueact nite:id="Bro014.F.dialogueact867" starttime="1841.92" endtime="1844.78" type="s" adjacency="4b-2" original-type="s" channel="c5" participant="fn002">
      <nite:child href="Bro014.F.words.xml#id(Bro014.w.6,671)..id(Bro014.w.6,679)"/>
   </dialogueact>
   <dialogueact nite:id="Bro014.F.dialogueact869" starttime="1845.7" endtime="1845.82" type="%--" original-type="%--" channel="c5" participant="fn002">
      <nite:child href="Bro014.F.words.xml#id(Bro014.w.6,680)..id(Bro014.disfmarker.331)"/>
   </dialogueact>
   <dialogueact nite:id="Bro014.F.dialogueact871" starttime="1848.44" endtime="1852.1" type="s" adjacency="6a" original-type="s" channel="c5" participant="fn002">
      <nite:child href="Bro014.F.words.xml#id(Bro014.w.6,684)..id(Bro014.w.6,699)"/>
   </dialogueact>
   <dialogueact nite:id="Bro014.F.dialogueact872" starttime="1852.69" endtime="1853.12" type="s" adjacency="6a+" original-type="s" channel="c5" participant="fn002">
      <nite:child href="Bro014.F.words.xml#id(Bro014.w.6,700)..id(Bro014.w.6,702)"/>
   </dialogueact>
   <dialogueact nite:id="Bro014.F.dialogueact879" starttime="1860.93" endtime="1861.13" type="s^aa" adjacency="7b" original-type="s^aa" channel="c5" participant="fn002">
      <nite:child href="Bro014.F.words.xml#id(Bro014.w.6,727)..id(Bro014.w.6,728)"/>
   </dialogueact>
   <dialogueact nite:id="Bro014.F.dialogueact990" starttime="2144.35" endtime="2144.62" type="s^aa" adjacency="28b-1" original-type="s^aa" channel="c5" participant="fn002">
      <nite:child href="Bro014.F.words.xml#id(Bro014.w.7,803)..id(Bro014.w.7,804)"/>
   </dialogueact>
   <dialogueact nite:id="Bro014.F.dialogueact1032" starttime="2241.8" endtime="2248.69" type="h|s^rt" adjacency="33b" original-type="h|s^rt" channel="c5" participant="fn002">
      <nite:child href="Bro014.F.words.xml#id(Bro014.w.8,118)..id(Bro014.w.8,140)"/>
   </dialogueact>
   <dialogueact nite:id="Bro014.F.dialogueact1034" starttime="2249.01" endtime="2254.94" type="s^rt" adjacency="33b+" original-type="s^rt" channel="c5" participant="fn002">
      <nite:child href="Bro014.F.words.xml#id(Bro014.w.8,141)..id(Bro014.w.8,152)"/>
   </dialogueact>
   <dialogueact nite:id="Bro014.F.dialogueact1036" starttime="2256.0" endtime="2265.64" type="s" adjacency="33b++.34a" original-type="s" channel="c5" participant="fn002">
      <nite:child href="Bro014.F.words.xml#id(Bro014.w.8,157)..id(Bro014.w.8,178)"/>
   </dialogueact>
   <dialogueact nite:id="Bro014.F.dialogueact1037" starttime="2266.22" endtime="2271.14" type="s" adjacency="33b+++" original-type="s" channel="c5" participant="fn002">
      <nite:child href="Bro014.F.words.xml#id(Bro014.w.8,179)..id(Bro014.w.8,208)"/>
   </dialogueact>
   <dialogueact nite:id="Bro014.F.dialogueact1041" starttime="2275.75" endtime="2276.11" type="s^aa" adjacency="35b" original-type="s^aa" channel="c5" participant="fn002">
      <nite:child href="Bro014.F.words.xml#id(Bro014.w.8,222)..id(Bro014.w.8,223)"/>
   </dialogueact>
   <dialogueact nite:id="Bro014.F.dialogueact1042" starttime="2278.31" endtime="2278.64" type="s^aa" adjacency="36b" original-type="s^aa" channel="c5" participant="fn002">
      <nite:child href="Bro014.F.words.xml#id(Bro014.w.8,224)..id(Bro014.w.8,227)"/>
   </dialogueact>
   <dialogueact nite:id="Bro014.F.dialogueact1045" starttime="2280.54" endtime="2281.74" type="s^aa|s^na" adjacency="37b" original-type="s^aa|s^na" channel="c5" participant="fn002">
      <nite:child href="Bro014.F.words.xml#id(Bro014.w.8,248)..id(Bro014.w.8,254)"/>
   </dialogueact>
   <dialogueact nite:id="Bro014.F.dialogueact1048" starttime="2284.26" endtime="2284.54" type="b" original-type="b" channel="c5" participant="fn002">
      <nite:child href="Bro014.F.words.xml#id(Bro014.w.8,278)..id(Bro014.w.8,279)"/>
   </dialogueact>
   <dialogueact nite:id="Bro014.F.dialogueact1050" starttime="2286.2" endtime="2286.58" type="s^2.%--" adjacency="38b" original-type="s^2.%--" channel="c5" participant="fn002">
      <nite:child href="Bro014.F.words.xml#id(Bro014.w.8,280)..id(Bro014.w.8,282)"/>
   </dialogueact>
   <dialogueact nite:id="Bro014.F.dialogueact1051" starttime="2287.1" endtime="2288.44" type="s^2" adjacency="38b+" original-type="s^2" channel="c5" participant="fn002">
      <nite:child href="Bro014.F.words.xml#id(Bro014.w.8,285)..id(Bro014.disfmarker.415)"/>
   </dialogueact>
   <dialogueact nite:id="Bro014.F.dialogueact1054" starttime="2291.03" endtime="2291.34" type="s^aa" adjacency="39b-2" original-type="s^aa" channel="c5" participant="fn002">
      <nite:child href="Bro014.F.words.xml#id(Bro014.w.8,326)..id(Bro014.w.8,327)"/>
   </dialogueact>
   <dialogueact nite:id="Bro014.F.dialogueact1057" starttime="2292.85" endtime="2293.13" type="b" original-type="b" channel="c5" participant="fn002">
      <nite:child href="Bro014.F.words.xml#id(Bro014.w.8,328)..id(Bro014.w.8,329)"/>
   </dialogueact>
   <dialogueact nite:id="Bro014.F.dialogueact1058" starttime="2293.58" endtime="2297.84" type="s" adjacency="41a" original-type="s" channel="c5" participant="fn002">
      <nite:child href="Bro014.F.words.xml#id(Bro014.w.8,330)..id(Bro014.w.8,344)"/>
   </dialogueact>
   <dialogueact nite:id="Bro014.F.dialogueact1069" starttime="2307.1" endtime="2309.86" type="s^2" adjacency="42b" original-type="s^2" channel="c5" participant="fn002">
      <nite:child href="Bro014.F.words.xml#id(Bro014.w.8,396)..id(Bro014.w.8,401)"/>
   </dialogueact>
   <dialogueact nite:id="Bro014.F.dialogueact1071" starttime="2309.93" endtime="2310.13" type="s^ar" adjacency="42b+" original-type="s^ar" channel="c5" participant="fn002">
      <nite:child href="Bro014.F.words.xml#id(Bro014.w.8,402)..id(Bro014.w.8,403)"/>
   </dialogueact>
   <dialogueact nite:id="Bro014.F.dialogueact1074" starttime="2311.15" endtime="2312.43" type="s" adjacency="42b++.43a" original-type="s" channel="c5" participant="fn002">
      <nite:child href="Bro014.F.words.xml#id(Bro014.w.8,411)..id(Bro014.w.8,416)"/>
   </dialogueact>
   <dialogueact nite:id="Bro014.F.dialogueact1077" starttime="2313.04" endtime="2313.23" type="b" original-type="b" channel="c5" participant="fn002">
      <nite:child href="Bro014.F.words.xml#id(Bro014.w.8,423)..id(Bro014.w.8,424)"/>
   </dialogueact>
   <dialogueact nite:id="Bro014.F.dialogueact1079" starttime="2313.78" endtime="2315.1" type="s" adjacency="44b" original-type="s" channel="c5" participant="fn002">
      <nite:child href="Bro014.F.words.xml#id(Bro014.w.8,425)..id(Bro014.w.8,430)"/>
   </dialogueact>
   <dialogueact nite:id="Bro014.F.dialogueact1088" starttime="2335.33" endtime="2335.65" type="s^aa" adjacency="46b-1" original-type="s^aa" channel="c5" participant="fn002">
      <nite:child href="Bro014.F.words.xml#id(Bro014.w.8,500)..id(Bro014.w.8,501)"/>
   </dialogueact>
   <dialogueact nite:id="Bro014.F.dialogueact1105" starttime="2360.23" endtime="2360.88" type="s" adjacency="51b-2" original-type="s" channel="c5" participant="fn002">
      <nite:child href="Bro014.F.words.xml#id(Bro014.w.8,618)..id(Bro014.w.8,620)"/>
   </dialogueact>
   <dialogueact nite:id="Bro014.F.dialogueact1109" starttime="2363.12" endtime="2363.39" type="b" original-type="b" channel="c5" participant="fn002">
      <nite:child href="Bro014.F.words.xml#id(Bro014.w.8,640)..id(Bro014.w.8,641)"/>
   </dialogueact>
   <dialogueact nite:id="Bro014.F.dialogueact1152" starttime="2430.05" endtime="2430.23" type="s^aa" adjacency="1b-2" original-type="s^aa" channel="c5" participant="fn002">
      <nite:child href="Bro014.F.words.xml#id(Bro014.w.8,908)..id(Bro014.w.8,909)"/>
   </dialogueact>
   <dialogueact nite:id="Bro014.F.dialogueact1154" starttime="2431.83" endtime="2432.28" type="s.%--" original-type="s.%--" channel="c5" participant="fn002">
      <nite:child href="Bro014.F.words.xml#id(Bro014.w.8,924)..id(Bro014.w.8,925)"/>
   </dialogueact>
   <dialogueact nite:id="Bro014.F.dialogueact1155" starttime="2432.6" endtime="2433.76" type="s^nd" adjacency="2b.3a" original-type="s^nd" channel="c5" participant="fn002">
      <nite:child href="Bro014.F.words.xml#id(Bro014.w.8,926)..id(Bro014.w.8,932)"/>
   </dialogueact>
   <dialogueact nite:id="Bro014.F.dialogueact1156" starttime="2433.76" endtime="2434.77" type="s^e^nd" adjacency="2b+" original-type="s^e^nd" channel="c5" participant="fn002">
      <nite:child href="Bro014.F.words.xml#id(Bro014.w.8,933)..id(Bro014.w.8,935)"/>
   </dialogueact>
   <dialogueact nite:id="Bro014.F.dialogueact1159" starttime="2435.24" endtime="2435.81" type="s^fa" adjacency="2b++" original-type="s^fa" channel="c5" participant="fn002">
      <nite:child href="Bro014.F.words.xml#id(Bro014.w.8,936)..id(Bro014.w.8,939)"/>
   </dialogueact>
   <dialogueact nite:id="Bro014.F.dialogueact1164" starttime="2436.96" endtime="2437.18" type="fh" original-type="fh" channel="c5" participant="fn002">
      <nite:child href="Bro014.F.words.xml#id(Bro014.w.8,955)..id(Bro014.w.8,956)"/>
   </dialogueact>
   <dialogueact nite:id="Bro014.F.dialogueact1165" starttime="2437.29" endtime="2439.01" type="s.%-" adjacency="4a" original-type="s.%-" channel="c5" participant="fn002">
      <nite:child href="Bro014.F.words.xml#id(Bro014.w.8,957)..id(Bro014.disfmarker.464)"/>
   </dialogueact>
   <dialogueact nite:id="Bro014.F.dialogueact1167" starttime="2440.14" endtime="2440.38" type="s^ar" adjacency="5b" original-type="s^ar" channel="c5" participant="fn002">
      <nite:child href="Bro014.F.words.xml#id(Bro014.w.8,969)..id(Bro014.w.8,970)"/>
   </dialogueact>
   <dialogueact nite:id="Bro014.F.dialogueact1169" starttime="2440.38" endtime="2441.18" type="s^nd^rt" adjacency="5b+.6a" original-type="s^nd^rt" channel="c5" participant="fn002">
      <nite:child href="Bro014.F.words.xml#id(Bro014.w.8,971)..id(Bro014.w.8,975)"/>
   </dialogueact>
   <dialogueact nite:id="Bro014.F.dialogueact1172" starttime="2441.65" endtime="2445.71" type="s" adjacency="5b++" original-type="s" channel="c5" participant="fn002">
      <nite:child href="Bro014.F.words.xml#id(Bro014.w.8,982)..id(Bro014.disfmarker.466)"/>
   </dialogueact>
   <dialogueact nite:id="Bro014.F.dialogueact1175" starttime="2445.83" endtime="2446.63" type="s" adjacency="5b+++" original-type="s" channel="c5" participant="fn002">
      <nite:child href="Bro014.F.words.xml#id(Bro014.w.8,993)..id(Bro014.w.8,995)"/>
   </dialogueact>
   <dialogueact nite:id="Bro014.F.dialogueact1176" starttime="2446.63" endtime="2447.96" type="s" adjacency="5b++++.7a" original-type="s" channel="c5" participant="fn002">
      <nite:child href="Bro014.F.words.xml#id(Bro014.w.8,996)..id(Bro014.w.9,001)"/>
   </dialogueact>
   <dialogueact nite:id="Bro014.F.dialogueact1188" starttime="2452.87" endtime="2453.07" type="s^aa" adjacency="8b" original-type="s^aa" channel="c5" participant="fn002">
      <nite:child href="Bro014.F.words.xml#id(Bro014.w.9,042)..id(Bro014.w.9,043)"/>
   </dialogueact>
   <dialogueact nite:id="Bro014.F.dialogueact1190" starttime="2453.34" endtime="2458.13" type="s^df" adjacency="8b+" original-type="s^df" channel="c5" participant="fn002">
      <nite:child href="Bro014.F.words.xml#id(Bro014.w.9,044)..id(Bro014.w.9,058)"/>
   </dialogueact>
   <dialogueact nite:id="Bro014.F.dialogueact1193" starttime="2458.79" endtime="2459.6" type="s.%--" original-type="s.%--" channel="c5" participant="fn002">
      <nite:child href="Bro014.F.words.xml#id(Bro014.w.9,071)..id(Bro014.w.9,072)"/>
   </dialogueact>
   <dialogueact nite:id="Bro014.F.dialogueact1212" starttime="2485.1" endtime="2485.25" type="b" original-type="b" channel="c5" participant="fn002">
      <nite:child href="Bro014.F.words.xml#id(Bro014.w.9,197)..id(Bro014.w.9,198)"/>
   </dialogueact>
   <dialogueact nite:id="Bro014.F.dialogueact1215" starttime="2486.04" endtime="2489.68" type="s^t3" original-type="s^t3" channel="c5" participant="fn002">
      <nite:child href="Bro014.F.words.xml#id(Bro014.w.9,203)..id(Bro014.w.9,215)"/>
   </dialogueact>
   <dialogueact nite:id="Bro014.F.dialogueact1219" starttime="2491.9" endtime="2492.25" type="s^2^t3.%--" adjacency="12b" original-type="s^2^t3.%--" channel="c5" participant="fn002">
      <nite:child href="Bro014.F.words.xml#id(Bro014.w.9,260)..id(Bro014.disfmarker.486)"/>
   </dialogueact>
   <dialogueact nite:id="Bro014.F.dialogueact1220" starttime="2493.37" endtime="2493.74" type="s^aa^t3" adjacency="12b+" original-type="s^aa^t3" channel="c5" participant="fn002">
      <nite:child href="Bro014.F.words.xml#id(Bro014.w.9,265)..id(Bro014.w.9,266)"/>
   </dialogueact>
   <dialogueact nite:id="Bro014.F.dialogueact1221" starttime="2493.74" endtime="2494.43" type="s^na^t3" adjacency="12b++.13a" original-type="s^na^t3" channel="c5" participant="fn002">
      <nite:child href="Bro014.F.words.xml#id(Bro014.w.9,267)..id(Bro014.w.9,271)"/>
   </dialogueact>
   <dialogueact nite:id="Bro014.F.dialogueact1227" starttime="2496.21" endtime="2496.45" type="s^aa^t3" adjacency="14b" original-type="s^aa^t3" channel="c5" participant="fn002">
      <nite:child href="Bro014.F.words.xml#id(Bro014.w.9,309)..id(Bro014.w.9,310)"/>
   </dialogueact>
   <dialogueact nite:id="Bro014.F.dialogueact1229" starttime="2496.82" endtime="2497.06" type="s^na^t3" adjacency="14b+" original-type="s^na^t3" channel="c5" participant="fn002">
      <nite:child href="Bro014.F.words.xml#id(Bro014.w.9,311)..id(Bro014.w.9,312)"/>
   </dialogueact>
   <dialogueact nite:id="Bro014.F.dialogueact1231" starttime="2500.01" endtime="2500.31" type="s^ar^t3" adjacency="15b" original-type="s^ar^t3" channel="c5" participant="fn002">
      <nite:child href="Bro014.F.words.xml#id(Bro014.w.9,319)..id(Bro014.w.9,322)"/>
   </dialogueact>
   <dialogueact nite:id="Bro014.F.dialogueact1232" starttime="2500.31" endtime="2500.98" type="s^rt^t3" adjacency="15b+" original-type="s^rt^t3" channel="c5" participant="fn002">
      <nite:child href="Bro014.F.words.xml#id(Bro014.w.9,323)..id(Bro014.w.9,326)"/>
   </dialogueact>
   <dialogueact nite:id="Bro014.F.dialogueact1233" starttime="2501.63" endtime="2503.05" type="s^rt^t3" adjacency="15b++" original-type="s^rt^t3" channel="c5" participant="fn002">
      <nite:child href="Bro014.F.words.xml#id(Bro014.w.9,327)..id(Bro014.w.9,332)"/>
   </dialogueact>
   <dialogueact nite:id="Bro014.F.dialogueact1234" starttime="2503.28" endtime="2503.58" type="s^t3" adjacency="15b+++.16a" original-type="s^t3" channel="c5" participant="fn002">
      <nite:child href="Bro014.F.words.xml#id(Bro014.w.9,353)..id(Bro014.w.9,355)"/>
   </dialogueact>
   <dialogueact nite:id="Bro014.F.dialogueact1240" starttime="2506.56" endtime="2506.99" type="b" original-type="b" channel="c5" participant="fn002">
      <nite:child href="Bro014.F.words.xml#id(Bro014.w.9,376)..id(Bro014.w.9,379)"/>
   </dialogueact>
   <dialogueact nite:id="Bro014.F.dialogueact1243" starttime="2510.24" endtime="2510.86" type="s^m^na^t3" adjacency="17b" original-type="s^m^na^t3" channel="c5" participant="fn002">
      <nite:child href="Bro014.F.words.xml#id(Bro014.w.9,412)..id(Bro014.w.9,414)"/>
   </dialogueact>
   <dialogueact nite:id="Bro014.F.dialogueact1244" starttime="2510.93" endtime="2511.19" type="s^aa^t3" adjacency="17b+" original-type="s^aa^t3" channel="c5" participant="fn002">
      <nite:child href="Bro014.F.words.xml#id(Bro014.w.9,415)..id(Bro014.w.9,416)"/>
   </dialogueact>
   <dialogueact nite:id="Bro014.F.dialogueact1297" starttime="2606.02" endtime="2606.82" type="s^nd" adjacency="23b.24a" original-type="s^nd" channel="c5" participant="fn002">
      <nite:child href="Bro014.F.words.xml#id(Bro014.w.9,870)..id(Bro014.w.9,874)"/>
   </dialogueact>
   <dialogueact nite:id="Bro014.F.dialogueact1299" starttime="2607.29" endtime="2607.78" type="s^nd.%--" adjacency="23b+" original-type="s^nd.%--" channel="c5" participant="fn002">
      <nite:child href="Bro014.F.words.xml#id(Bro014.w.9,875)..id(Bro014.w.9,879)"/>
   </dialogueact>
   <dialogueact nite:id="Bro014.F.dialogueact1302" starttime="2608.6" endtime="2609.31" type="s^nd" adjacency="23b++" original-type="s^nd" channel="c5" participant="fn002">
      <nite:child href="Bro014.F.words.xml#id(Bro014.w.9,880)..id(Bro014.w.9,883)"/>
   </dialogueact>
   <dialogueact nite:id="Bro014.F.dialogueact1306" starttime="2615.28" endtime="2615.47" type="s.x" original-type="s.x" channel="c5" participant="fn002">
      <nite:child href="Bro014.F.words.xml#id(Bro014.w.9,924)..id(Bro014.w.9,926)"/>
   </dialogueact>
   <dialogueact nite:id="Bro014.F.dialogueact1308" starttime="2617.06" endtime="2617.6" type="b" original-type="b" channel="c5" participant="fn002">
      <nite:child href="Bro014.F.words.xml#id(Bro014.w.9,940)..id(Bro014.w.9,943)"/>
   </dialogueact>
   <dialogueact nite:id="Bro014.F.dialogueact1310" starttime="2618.86" endtime="2620.75" type="s^nd" adjacency="26b" original-type="s^nd" channel="c5" participant="fn002">
      <nite:child href="Bro014.F.words.xml#id(Bro014.w.9,946)..id(Bro014.w.9,953)"/>
   </dialogueact>
   <dialogueact nite:id="Bro014.F.dialogueact1315" starttime="2623.76" endtime="2624.13" type="s^nd" adjacency="26b+" original-type="s^nd" channel="c5" participant="fn002">
      <nite:child href="Bro014.F.words.xml#id(Bro014.w.9,956)..id(Bro014.w.9,959)"/>
   </dialogueact>
   <dialogueact nite:id="Bro014.F.dialogueact1320" starttime="2630.99" endtime="2631.12" type="b" original-type="b" channel="c5" participant="fn002">
      <nite:child href="Bro014.F.words.xml#id(Bro014.w.9,989)..id(Bro014.w.9,990)"/>
   </dialogueact>
   <dialogueact nite:id="Bro014.F.dialogueact1323" starttime="2631.68" endtime="2631.82" type="s" original-type="s" channel="c5" participant="fn002">
      <nite:child href="Bro014.F.words.xml#id(Bro014.w.9,993)..id(Bro014.w.9,994)"/>
   </dialogueact>
   <dialogueact nite:id="Bro014.F.dialogueact1324" starttime="2632.31" endtime="2634.41" type="s" original-type="s" channel="c5" participant="fn002">
      <nite:child href="Bro014.F.words.xml#id(Bro014.w.9,995)..id(Bro014.w.10,001)"/>
   </dialogueact>
   <dialogueact nite:id="Bro014.F.dialogueact1325" starttime="2634.72" endtime="2638.5" type="s^df.%--" adjacency="28a" original-type="s^df.%--" channel="c5" participant="fn002">
      <nite:child href="Bro014.F.words.xml#id(Bro014.w.10,002)..id(Bro014.w.10,009)"/>
   </dialogueact>
   <dialogueact nite:id="Bro014.F.dialogueact1328" starttime="2638.5" endtime="2638.78" type="s^bk^fe" adjacency="29b" original-type="s^bk^fe" channel="c5" participant="fn002">
      <nite:child href="Bro014.F.words.xml#id(Bro014.w.10,010)..id(Bro014.w.10,011)"/>
   </dialogueact>
   <dialogueact nite:id="Bro014.F.dialogueact1330" starttime="2642.49" endtime="2642.76" type="b" original-type="b" channel="c5" participant="fn002">
      <nite:child href="Bro014.F.words.xml#id(Bro014.w.10,034)..id(Bro014.w.10,035)"/>
   </dialogueact>
   <dialogueact nite:id="Bro014.F.dialogueact1337" starttime="2654.16" endtime="2657.77" type="s^rt" adjacency="33a" original-type="s^rt" channel="c5" participant="fn002">
      <nite:child href="Bro014.F.words.xml#id(Bro014.w.10,075)..id(Bro014.disfmarker.517)"/>
   </dialogueact>
   <dialogueact nite:id="Bro014.F.dialogueact1340" starttime="2658.38" endtime="2658.95" type="s.%--" original-type="s.%--" channel="c5" participant="fn002">
      <nite:child href="Bro014.F.words.xml#id(Bro014.w.10,095)..id(Bro014.w.10,097)"/>
   </dialogueact>
   <dialogueact nite:id="Bro014.F.dialogueact1342" starttime="2659.22" endtime="2660.64" type="s" adjacency="34a" original-type="s" channel="c5" participant="fn002">
      <nite:child href="Bro014.F.words.xml#id(Bro014.w.10,098)..id(Bro014.w.10,103)"/>
   </dialogueact>
   <dialogueact nite:id="Bro014.F.dialogueact1343" starttime="2660.82" endtime="2666.83" type="s^df^rt" adjacency="35a" original-type="s^df^rt" channel="c5" participant="fn002">
      <nite:child href="Bro014.F.words.xml#id(Bro014.w.10,104)..id(Bro014.w.10,120)"/>
   </dialogueact>
   <dialogueact nite:id="Bro014.F.dialogueact1346" starttime="2667.03" endtime="2669.62" type="s" adjacency="36a" original-type="s" channel="c5" participant="fn002">
      <nite:child href="Bro014.F.words.xml#id(Bro014.w.10,121)..id(Bro014.w.10,128)"/>
   </dialogueact>
   <dialogueact nite:id="Bro014.F.dialogueact1356" starttime="2700.56" endtime="2701.2" type="s^m^na.%--" adjacency="38b" original-type="s^m^na.%--" channel="c5" participant="fn002">
      <nite:child href="Bro014.F.words.xml#id(Bro014.w.10,234)..id(Bro014.w.10,235)"/>
   </dialogueact>
   <dialogueact nite:id="Bro014.F.dialogueact1357" starttime="2701.66" endtime="2701.9" type="s^aa" adjacency="38b+" original-type="s^aa" channel="c5" participant="fn002">
      <nite:child href="Bro014.F.words.xml#id(Bro014.w.10,236)..id(Bro014.w.10,237)"/>
   </dialogueact>
   <dialogueact nite:id="Bro014.F.dialogueact1368" starttime="2713.05" endtime="2713.38" type="s^ar" adjacency="41b" original-type="s^ar" channel="c5" participant="fn002">
      <nite:child href="Bro014.F.words.xml#id(Bro014.w.10,290)..id(Bro014.w.10,291)"/>
   </dialogueact>
   <dialogueact nite:id="Bro014.F.dialogueact1369" starttime="2713.38" endtime="2714.34" type="s^nd" adjacency="41b+" original-type="s^nd" channel="c5" participant="fn002">
      <nite:child href="Bro014.F.words.xml#id(Bro014.w.10,292)..id(Bro014.w.10,296)"/>
   </dialogueact>
   <dialogueact nite:id="Bro014.F.dialogueact1371" starttime="2714.81" endtime="2715.76" type="s^nd^r" adjacency="41b++" original-type="s^nd^r" channel="c5" participant="fn002">
      <nite:child href="Bro014.F.words.xml#id(Bro014.w.10,297)..id(Bro014.w.10,301)"/>
   </dialogueact>
   <dialogueact nite:id="Bro014.F.dialogueact1374" starttime="2716.57" endtime="2717.3" type="s" adjacency="41b+++.42a" original-type="s" channel="c5" participant="fn002">
      <nite:child href="Bro014.F.words.xml#id(Bro014.w.10,313)..id(Bro014.w.10,315)"/>
   </dialogueact>
   <dialogueact nite:id="Bro014.F.dialogueact1376" starttime="2718.36" endtime="2719.9" type="s^na" adjacency="43b" original-type="s^na" channel="c5" participant="fn002">
      <nite:child href="Bro014.F.words.xml#id(Bro014.w.10,325)..id(Bro014.w.10,332)"/>
   </dialogueact>
   <dialogueact nite:id="Bro014.F.dialogueact1382" starttime="2721.56" endtime="2722.07" type="b" original-type="b" channel="c5" participant="fn002">
      <nite:child href="Bro014.F.words.xml#id(Bro014.w.10,370)..id(Bro014.w.10,373)"/>
   </dialogueact>
   <dialogueact nite:id="Bro014.F.dialogueact1385" starttime="2725.38" endtime="2725.76" type="s.%--" original-type="s.%--" channel="c5" participant="fn002">
      <nite:child href="Bro014.F.words.xml#id(Bro014.w.10,374)..id(Bro014.disfmarker.529)"/>
   </dialogueact>
   <dialogueact nite:id="Bro014.F.dialogueact1386" starttime="2725.76" endtime="2726.52" type="s^ar" original-type="s^ar" channel="c5" participant="fn002">
      <nite:child href="Bro014.F.words.xml#id(Bro014.w.10,376)..id(Bro014.w.10,379)"/>
   </dialogueact>
   <dialogueact nite:id="Bro014.F.dialogueact1402" starttime="2760.82" endtime="2761.03" type="s^ar" adjacency="46b-2" original-type="s^ar" channel="c5" participant="fn002">
      <nite:child href="Bro014.F.words.xml#id(Bro014.w.10,500)..id(Bro014.w.10,501)"/>
   </dialogueact>
   <dialogueact nite:id="Bro014.F.dialogueact1403" starttime="2761.67" endtime="2762.58" type="s^am" adjacency="46b-2+" original-type="s^am" channel="c5" participant="fn002">
      <nite:child href="Bro014.F.words.xml#id(Bro014.w.10,502)..id(Bro014.w.10,507)"/>
   </dialogueact>
   <dialogueact nite:id="Bro014.F.dialogueact1417" starttime="2794.76" endtime="2796.64" type="s^2" adjacency="50b" original-type="s^2" channel="c5" participant="fn002">
      <nite:child href="Bro014.F.words.xml#id(Bro014.w.10,585)..id(Bro014.w.10,589)"/>
   </dialogueact>
   <dialogueact nite:id="Bro014.F.dialogueact1419" starttime="2796.82" endtime="2796.96" type="s^aa" adjacency="50b+" original-type="s^aa" channel="c5" participant="fn002">
      <nite:child href="Bro014.F.words.xml#id(Bro014.w.10,590)..id(Bro014.w.10,591)"/>
   </dialogueact>
   <dialogueact nite:id="Bro014.F.dialogueact1470" starttime="2884.36" endtime="2884.62" type="s^aa" adjacency="59b" original-type="s^aa" channel="c5" participant="fn002">
      <nite:child href="Bro014.F.words.xml#id(Bro014.w.10,833)..id(Bro014.w.10,834)"/>
   </dialogueact>
   <dialogueact nite:id="Bro014.F.dialogueact1477" starttime="2900.14" endtime="2901.82" type="s^na^rt" adjacency="60b.61a" original-type="s^na^rt" channel="c5" participant="fn002">
      <nite:child href="Bro014.F.words.xml#id(Bro014.w.10,892)..id(Bro014.w.10,899)"/>
   </dialogueact>
   <dialogueact nite:id="Bro014.F.dialogueact1478" starttime="2902.62" endtime="2903.32" type="s^aa" adjacency="60b+" original-type="s^aa" channel="c5" participant="fn002">
      <nite:child href="Bro014.F.words.xml#id(Bro014.w.10,900)..id(Bro014.w.10,903)"/>
   </dialogueact>
   <dialogueact nite:id="Bro014.F.dialogueact1480" starttime="2903.67" endtime="2904.07" type="s^no" adjacency="60b++" original-type="s^no" channel="c5" participant="fn002">
      <nite:child href="Bro014.F.words.xml#id(Bro014.w.10,904)..id(Bro014.w.10,907)"/>
   </dialogueact>
   <dialogueact nite:id="Bro014.F.dialogueact1481" starttime="2904.65" endtime="2905.2" type="s^fa" adjacency="60b+++" original-type="s^fa" channel="c5" participant="fn002">
      <nite:child href="Bro014.F.words.xml#id(Bro014.w.10,908)..id(Bro014.w.10,911)"/>
   </dialogueact>
   <dialogueact nite:id="Bro014.F.dialogueact1482" starttime="2905.2" endtime="2905.36" type="%--" original-type="%--" channel="c5" participant="fn002">
      <nite:child href="Bro014.F.words.xml#id(Bro014.w.10,912)"/>
   </dialogueact>
   <dialogueact nite:id="Bro014.F.dialogueact1483" starttime="2905.79" endtime="2910.08" type="s^cs^j" adjacency="62a" original-type="s^cs^j" channel="c5" participant="fn002">
      <nite:child href="Bro014.F.words.xml#id(Bro014.w.10,915)..id(Bro014.w.10,933)"/>
   </dialogueact>
   <dialogueact nite:id="Bro014.F.dialogueact1485" starttime="2916.03" endtime="2916.28" type="s^df.%-" original-type="s^df.%-" channel="c5" participant="fn002">
      <nite:child href="Bro014.F.words.xml#id(Bro014.w.10,970)..id(Bro014.disfmarker.559)"/>
   </dialogueact>
   <dialogueact nite:id="Bro014.F.dialogueact1488" starttime="2923.95" endtime="2930.45" type="s^cs^j" adjacency="63a" original-type="s^cs^j" channel="c5" participant="fn002">
      <nite:child href="Bro014.F.words.xml#id(Bro014.w.10,971)..id(Bro014.w.10,993)"/>
   </dialogueact>
</nite:root>