<?xml version="1.0" encoding="ISO-8859-1" standalone="yes"?>
<nite:root nite:id="Bro026.C.dialogue-acts" xmlns:nite="http://nite.sourceforge.net/">
   <dialogueact nite:id="Bro026.C.dialogueact207" starttime="508.018" endtime="508.928" type="s" adjacency="41b-2" original-type="s" channel="c3" participant="me006">
      <nite:child href="Bro026.C.words.xml#id(Bro026.w.1,881)..id(Bro026.w.1,885)"/>
   </dialogueact>
   <dialogueact nite:id="Bro026.C.dialogueact381" starttime="1001.53" endtime="1001.94" type="s^2.%" original-type="s^2.%" channel="c3" participant="me006">
      <nite:child href="Bro026.C.words.xml#id(Bro026.w.3,664)..id(Bro026.w.3,666)"/>
   </dialogueact>
   <dialogueact nite:id="Bro026.C.dialogueact447" starttime="1184.64" endtime="1185.08" type="%" original-type="%" channel="c3" participant="me006">
      <nite:child href="Bro026.C.words.xml#id(Bro026.w.4,330)"/>
   </dialogueact>
   <dialogueact nite:id="Bro026.C.dialogueact458" starttime="1198.39" endtime="1203.92" type="qy^rt" adjacency="1a" original-type="qy^rt" channel="c3" participant="me006">
      <nite:child href="Bro026.C.words.xml#id(Bro026.w.4,395)..id(Bro026.w.4,415)"/>
   </dialogueact>
   <dialogueact nite:id="Bro026.C.dialogueact460" starttime="1209.43" endtime="1209.8" type="s^bk" adjacency="2b" original-type="s^bk" channel="c3" participant="me006">
      <nite:child href="Bro026.C.words.xml#id(Bro026.w.4,429)..id(Bro026.w.4,430)"/>
   </dialogueact>
   <dialogueact nite:id="Bro026.C.dialogueact462" starttime="1210.68" endtime="1211.1" type="%-" original-type="%-" channel="c3" participant="me006">
      <nite:child href="Bro026.C.words.xml#id(Bro026.w.4,454)..id(Bro026.disfmarker.207)"/>
   </dialogueact>
   <dialogueact nite:id="Bro026.C.dialogueact464" starttime="1215.55" endtime="1215.88" type="s^bk" adjacency="2b+" original-type="s^bk" channel="c3" participant="me006">
      <nite:child href="Bro026.C.words.xml#id(Bro026.w.4,458)..id(Bro026.w.4,459)"/>
   </dialogueact>
   <dialogueact nite:id="Bro026.C.dialogueact470" starttime="1235.4" endtime="1237.05" comment="FBH" type="qy^rt" adjacency="3a" original-type="qy^rt" channel="c3" participant="me006">
      <nite:child href="Bro026.C.words.xml#id(Bro026.w.4,506)..id(Bro026.w.4,513)"/>
   </dialogueact>
   <dialogueact nite:id="Bro026.C.dialogueact471" starttime="1237.05" endtime="1237.46" type="qrr.%--" adjacency="3a+" original-type="qrr.%--" channel="c3" participant="me006">
      <nite:child href="Bro026.C.words.xml#id(Bro026.w.4,514)..id(Bro026.w.4,515)"/>
   </dialogueact>
   <dialogueact nite:id="Bro026.C.dialogueact472" starttime="1238.39" endtime="1238.58" type="s^fe" original-type="s^fe" channel="c3" participant="me006">
      <nite:child href="Bro026.C.words.xml#id(Bro026.w.4,516)..id(Bro026.w.4,517)"/>
   </dialogueact>
   <dialogueact nite:id="Bro026.C.dialogueact474" starttime="1241.13" endtime="1241.44" type="s^bk" adjacency="4b" original-type="s^bk" channel="c3" participant="me006">
      <nite:child href="Bro026.C.words.xml#id(Bro026.w.4,523)..id(Bro026.w.4,524)"/>
   </dialogueact>
   <dialogueact nite:id="Bro026.C.dialogueact481" starttime="1250.51" endtime="1250.91" type="b" original-type="b" channel="c3" participant="me006">
      <nite:child href="Bro026.C.words.xml#id(Bro026.w.4,568)..id(Bro026.w.4,569)"/>
   </dialogueact>
   <dialogueact nite:id="Bro026.C.dialogueact485" starttime="1252.74" endtime="1252.93" type="b" original-type="b" channel="c3" participant="me006">
      <nite:child href="Bro026.C.words.xml#id(Bro026.w.4,584)..id(Bro026.w.4,585)"/>
   </dialogueact>
   <dialogueact nite:id="Bro026.C.dialogueact493" starttime="1270.53" endtime="1270.98" type="s^bk" adjacency="7b" original-type="s^bk" channel="c3" participant="me006">
      <nite:child href="Bro026.C.words.xml#id(Bro026.w.4,638)..id(Bro026.w.4,641)"/>
   </dialogueact>
   <dialogueact nite:id="Bro026.C.dialogueact495" starttime="1273.76" endtime="1274.38" type="fg|%-" original-type="fg|%-" channel="c3" participant="me006">
      <nite:child href="Bro026.C.words.xml#id(Bro026.w.4,655)..id(Bro026.w.4,658)"/>
   </dialogueact>
   <dialogueact nite:id="Bro026.C.dialogueact497" starttime="1275.45" endtime="1275.68" type="s^bk" adjacency="8b" original-type="s^bk" channel="c3" participant="me006">
      <nite:child href="Bro026.C.words.xml#id(Bro026.w.4,666)..id(Bro026.w.4,667)"/>
   </dialogueact>
   <dialogueact nite:id="Bro026.C.dialogueact498" starttime="1276.79" endtime="1286.02" type="s.%-" original-type="s.%-" channel="c3" participant="me006">
      <nite:child href="Bro026.C.words.xml#id(Bro026.w.4,668)..id(Bro026.disfmarker.218)"/>
   </dialogueact>
   <dialogueact nite:id="Bro026.C.dialogueact503" starttime="1288.53" endtime="1289.01" type="b" original-type="b" channel="c3" participant="me006">
      <nite:child href="Bro026.C.words.xml#id(Bro026.w.4,713)..id(Bro026.w.4,714)"/>
   </dialogueact>
   <dialogueact nite:id="Bro026.C.dialogueact510" starttime="1302.96" endtime="1303.25" type="b" original-type="b" channel="c3" participant="me006">
      <nite:child href="Bro026.C.words.xml#id(Bro026.w.4,779)..id(Bro026.w.4,782)"/>
   </dialogueact>
   <dialogueact nite:id="Bro026.C.dialogueact513" starttime="1308.94" endtime="1309.23" type="b" original-type="b" channel="c3" participant="me006">
      <nite:child href="Bro026.C.words.xml#id(Bro026.w.4,801)..id(Bro026.w.4,804)"/>
   </dialogueact>
   <dialogueact nite:id="Bro026.C.dialogueact515" starttime="1311.31" endtime="1311.58" type="b" original-type="b" channel="c3" participant="me006">
      <nite:child href="Bro026.C.words.xml#id(Bro026.w.4,812)..id(Bro026.w.4,813)"/>
   </dialogueact>
   <dialogueact nite:id="Bro026.C.dialogueact520" starttime="1326.15" endtime="1326.86" type="b" original-type="b" channel="c3" participant="me006">
      <nite:child href="Bro026.C.words.xml#id(Bro026.w.4,859)..id(Bro026.w.4,862)"/>
   </dialogueact>
   <dialogueact nite:id="Bro026.C.dialogueact551" starttime="1413.56" endtime="1413.96" type="s" original-type="s" channel="c3" participant="me006">
      <nite:child href="Bro026.C.words.xml#id(Bro026.w.5,142)..id(Bro026.w.5,144)"/>
   </dialogueact>
   <dialogueact nite:id="Bro026.C.dialogueact734" starttime="1951.93" endtime="1954.54" type="qy^rt" adjacency="14a" original-type="qy^rt" channel="c3" participant="me006">
      <nite:child href="Bro026.C.words.xml#id(Bro026.w.7,008)..id(Bro026.w.7,016)"/>
   </dialogueact>
   <dialogueact nite:id="Bro026.C.dialogueact736" starttime="1956.91" endtime="1957.69" type="s^bk" adjacency="15b" original-type="s^bk" channel="c3" participant="me006">
      <nite:child href="Bro026.C.words.xml#id(Bro026.w.7,026)..id(Bro026.w.7,029)"/>
   </dialogueact>
   <dialogueact nite:id="Bro026.C.dialogueact738" starttime="1961.33" endtime="1961.6" type="s^bk" adjacency="16b" original-type="s^bk" channel="c3" participant="me006">
      <nite:child href="Bro026.C.words.xml#id(Bro026.w.7,068)..id(Bro026.w.7,071)"/>
   </dialogueact>
   <dialogueact nite:id="Bro026.C.dialogueact740" starttime="1965.43" endtime="1965.88" type="s^bk" adjacency="16b+" original-type="s^bk" channel="c3" participant="me006">
      <nite:child href="Bro026.C.words.xml#id(Bro026.w.7,083)..id(Bro026.w.7,086)"/>
   </dialogueact>
   <dialogueact nite:id="Bro026.C.dialogueact741" starttime="1967.28" endtime="1967.64" type="s^bk^r" original-type="s^bk^r" channel="c3" participant="me006">
      <nite:child href="Bro026.C.words.xml#id(Bro026.w.7,087)..id(Bro026.w.7,090)"/>
   </dialogueact>
   <dialogueact nite:id="Bro026.C.dialogueact744" starttime="1970.45" endtime="1971.58" type="s^m" original-type="s^m" channel="c3" participant="me006">
      <nite:child href="Bro026.C.words.xml#id(Bro026.w.7,103)..id(Bro026.w.7,106)"/>
   </dialogueact>
   <dialogueact nite:id="Bro026.C.dialogueact746" starttime="1971.58" endtime="1972.0" type="s^bk" original-type="s^bk" channel="c3" participant="me006">
      <nite:child href="Bro026.C.words.xml#id(Bro026.w.7,107)..id(Bro026.w.7,108)"/>
   </dialogueact>
   <dialogueact nite:id="Bro026.C.dialogueact750" starttime="1975.4" endtime="1975.96" type="b" original-type="b" channel="c3" participant="me006">
      <nite:child href="Bro026.C.words.xml#id(Bro026.w.7,150)..id(Bro026.w.7,153)"/>
   </dialogueact>
   <dialogueact nite:id="Bro026.C.dialogueact839" starttime="2199.15" endtime="2199.84" type="h" original-type="h" channel="c3" participant="me006">
      <nite:child href="Bro026.C.words.xml#id(Bro026.w.7,892)..id(Bro026.w.7,893)"/>
   </dialogueact>
   <dialogueact nite:id="Bro026.C.dialogueact840" starttime="2200.88" endtime="2206.17" type="s^na" adjacency="33b" original-type="s^na" channel="c3" participant="me006">
      <nite:child href="Bro026.C.words.xml#id(Bro026.w.7,894)..id(Bro026.w.7,906)"/>
   </dialogueact>
   <dialogueact nite:id="Bro026.C.dialogueact841" starttime="2206.38" endtime="2210.11" type="s" original-type="s" channel="c3" participant="me006">
      <nite:child href="Bro026.C.words.xml#id(Bro026.w.7,907)..id(Bro026.w.7,920)"/>
   </dialogueact>
   <dialogueact nite:id="Bro026.C.dialogueact842" starttime="2210.42" endtime="2218.12" type="fh|s" original-type="fh|s" channel="c3" participant="me006">
      <nite:child href="Bro026.C.words.xml#id(Bro026.w.7,921)..id(Bro026.w.7,936)"/>
   </dialogueact>
   <dialogueact nite:id="Bro026.C.dialogueact843" starttime="2218.59" endtime="2224.34" type="fh|s" original-type="fh|s" channel="c3" participant="me006">
      <nite:child href="Bro026.C.words.xml#id(Bro026.w.7,937)..id(Bro026.w.7,960)"/>
   </dialogueact>
   <dialogueact nite:id="Bro026.C.dialogueact844" starttime="2224.34" endtime="2234.07" type="s" original-type="s" channel="c3" participant="me006">
      <nite:child href="Bro026.C.words.xml#id(Bro026.w.7,961)..id(Bro026.w.7,983)"/>
   </dialogueact>
   <dialogueact nite:id="Bro026.C.dialogueact845" starttime="2234.5" endtime="2234.65" type="qy^d^g^rt" original-type="qy^d^g^rt" channel="c3" participant="me006">
      <nite:child href="Bro026.C.words.xml#id(Bro026.w.7,984)..id(Bro026.w.7,985)"/>
   </dialogueact>
   <dialogueact nite:id="Bro026.C.dialogueact846" starttime="2234.65" endtime="2235.88" type="s^e" original-type="s^e" channel="c3" participant="me006">
      <nite:child href="Bro026.C.words.xml#id(Bro026.w.7,986)..id(Bro026.w.7,990)"/>
   </dialogueact>
   <dialogueact nite:id="Bro026.C.dialogueact847" starttime="2235.88" endtime="2242.9" type="s" original-type="s" channel="c3" participant="me006">
      <nite:child href="Bro026.C.words.xml#id(Bro026.w.7,991)..id(Bro026.w.8,010)"/>
   </dialogueact>
   <dialogueact nite:id="Bro026.C.dialogueact848" starttime="2243.27" endtime="2244.97" type="s" original-type="s" channel="c3" participant="me006">
      <nite:child href="Bro026.C.words.xml#id(Bro026.w.8,011)..id(Bro026.w.8,017)"/>
   </dialogueact>
   <dialogueact nite:id="Bro026.C.dialogueact849" starttime="2245.22" endtime="2256.18" type="fh|s" original-type="fh|s" channel="c3" participant="me006">
      <nite:child href="Bro026.C.words.xml#id(Bro026.w.8,018)..id(Bro026.w.8,046)"/>
   </dialogueact>
   <dialogueact nite:id="Bro026.C.dialogueact850" starttime="2256.79" endtime="2277.42" type="fh|s" original-type="fh|s" channel="c3" participant="me006">
      <nite:child href="Bro026.C.words.xml#id(Bro026.w.8,047)..id(Bro026.w.8,101)"/>
   </dialogueact>
   <dialogueact nite:id="Bro026.C.dialogueact851" starttime="2277.82" endtime="2284.79" type="s" original-type="s" channel="c3" participant="me006">
      <nite:child href="Bro026.C.words.xml#id(Bro026.w.8,102)..id(Bro026.w.8,121)"/>
   </dialogueact>
   <dialogueact nite:id="Bro026.C.dialogueact852" starttime="2285.11" endtime="2292.7" type="s" original-type="s" channel="c3" participant="me006">
      <nite:child href="Bro026.C.words.xml#id(Bro026.w.8,122)..id(Bro026.w.8,136)"/>
   </dialogueact>
   <dialogueact nite:id="Bro026.C.dialogueact854" starttime="2294.4" endtime="2294.49" type="%-" original-type="%-" channel="c3" participant="me006">
      <nite:child href="Bro026.C.words.xml#id(Bro026.w.8,143)"/>
   </dialogueact>
   <dialogueact nite:id="Bro026.C.dialogueact855" starttime="2294.58" endtime="2295.09" type="s^aa" adjacency="34b" original-type="s^aa" channel="c3" participant="me006">
      <nite:child href="Bro026.C.words.xml#id(Bro026.w.8,144)..id(Bro026.w.8,148)"/>
   </dialogueact>
   <dialogueact nite:id="Bro026.C.dialogueact856" starttime="2295.18" endtime="2296.67" type="s^m" adjacency="34b+" original-type="s^m" channel="c3" participant="me006">
      <nite:child href="Bro026.C.words.xml#id(Bro026.w.8,149)..id(Bro026.w.8,152)"/>
   </dialogueact>
   <dialogueact nite:id="Bro026.C.dialogueact858" starttime="2297.11" endtime="2297.5" type="fh" original-type="fh" channel="c3" participant="me006">
      <nite:child href="Bro026.C.words.xml#id(Bro026.w.8,157)..id(Bro026.w.8,158)"/>
   </dialogueact>
   <dialogueact nite:id="Bro026.C.dialogueact860" starttime="2303.89" endtime="2312.25" type="s^aa|s" adjacency="35b" original-type="s^aa|s" channel="c3" participant="me006">
      <nite:child href="Bro026.C.words.xml#id(Bro026.w.8,179)..id(Bro026.w.8,200)"/>
   </dialogueact>
   <dialogueact nite:id="Bro026.C.dialogueact862" starttime="2312.89" endtime="2315.98" type="s" original-type="s" channel="c3" participant="me006">
      <nite:child href="Bro026.C.words.xml#id(Bro026.w.8,205)..id(Bro026.w.8,215)"/>
   </dialogueact>
   <dialogueact nite:id="Bro026.C.dialogueact863" starttime="2316.18" endtime="2333.24" type="s" original-type="s" channel="c3" participant="me006">
      <nite:child href="Bro026.C.words.xml#id(Bro026.w.8,216)..id(Bro026.w.8,265)"/>
   </dialogueact>
   <dialogueact nite:id="Bro026.C.dialogueact865" starttime="2333.97" endtime="2338.38" comment="FBH" type="s" original-type="s" channel="c3" participant="me006">
      <nite:child href="Bro026.C.words.xml#id(Bro026.w.8,266)..id(Bro026.w.8,281)"/>
   </dialogueact>
   <dialogueact nite:id="Bro026.C.dialogueact866" starttime="2338.83" endtime="2344.65" type="fh|s" original-type="fh|s" channel="c3" participant="me006">
      <nite:child href="Bro026.C.words.xml#id(Bro026.w.8,282)..id(Bro026.w.8,296)"/>
   </dialogueact>
   <dialogueact nite:id="Bro026.C.dialogueact867" starttime="2344.65" endtime="2350.81" type="s^df^rt" original-type="s^df^rt" channel="c3" participant="me006">
      <nite:child href="Bro026.C.words.xml#id(Bro026.w.8,297)..id(Bro026.w.8,316)"/>
   </dialogueact>
   <dialogueact nite:id="Bro026.C.dialogueact868" starttime="2351.16" endtime="2359.64" comment="FBH" type="s^df^e" original-type="s^df^e" channel="c3" participant="me006">
      <nite:child href="Bro026.C.words.xml#id(Bro026.w.8,317)..id(Bro026.w.8,338)"/>
   </dialogueact>
   <dialogueact nite:id="Bro026.C.dialogueact869" starttime="2360.24" endtime="2366.8" type="fh|s" original-type="fh|s" channel="c3" participant="me006">
      <nite:child href="Bro026.C.words.xml#id(Bro026.w.8,339)..id(Bro026.w.8,360)"/>
   </dialogueact>
   <dialogueact nite:id="Bro026.C.dialogueact870" starttime="2367.3" endtime="2380.47" type="fh|s^cs" adjacency="36a" original-type="fh|s^cs" channel="c3" participant="me006">
      <nite:child href="Bro026.C.words.xml#id(Bro026.w.8,361)..id(Bro026.w.8,397)"/>
   </dialogueact>
   <dialogueact nite:id="Bro026.C.dialogueact873" starttime="2380.8" endtime="2396.85" type="s" original-type="sj" channel="c3" participant="me006">
      <nite:child href="Bro026.C.words.xml#id(Bro026.w.8,398)..id(Bro026.w.8,452)"/>
   </dialogueact>
   <dialogueact nite:id="Bro026.C.dialogueact874" starttime="2397.17" endtime="2410.96" type="fh|s^cs" original-type="fh|s^cs" channel="c3" participant="me006">
      <nite:child href="Bro026.C.words.xml#id(Bro026.w.8,453)..id(Bro026.w.8,488)"/>
   </dialogueact>
   <dialogueact nite:id="Bro026.C.dialogueact877" starttime="2413.78" endtime="2415.49" type="h|s^bk" adjacency="1b" original-type="h|s^bk" channel="c3" participant="me006">
      <nite:child href="Bro026.C.words.xml#id(Bro026.w.8,502)..id(Bro026.w.8,505)"/>
   </dialogueact>
   <dialogueact nite:id="Bro026.C.dialogueact878" starttime="2415.88" endtime="2416.92" type="%-" original-type="%-" channel="c3" participant="me006">
      <nite:child href="Bro026.C.words.xml#id(Bro026.w.8,506)..id(Bro026.disfmarker.387)"/>
   </dialogueact>
   <dialogueact nite:id="Bro026.C.dialogueact881" starttime="2418.26" endtime="2418.82" type="s^aa" adjacency="2b" original-type="s^aa" channel="c3" participant="me006">
      <nite:child href="Bro026.C.words.xml#id(Bro026.w.8,523)..id(Bro026.w.8,524)"/>
   </dialogueact>
   <dialogueact nite:id="Bro026.C.dialogueact882" starttime="2419.0" endtime="2419.23" type="s^aa^r" adjacency="2b+" original-type="s^aa^r" channel="c3" participant="me006">
      <nite:child href="Bro026.C.words.xml#id(Bro026.w.8,525)..id(Bro026.w.8,526)"/>
   </dialogueact>
   <dialogueact nite:id="Bro026.C.dialogueact883" starttime="2419.23" endtime="2424.32" type="s" original-type="s" channel="c3" participant="me006">
      <nite:child href="Bro026.C.words.xml#id(Bro026.w.8,527)..id(Bro026.w.8,540)"/>
   </dialogueact>
   <dialogueact nite:id="Bro026.C.dialogueact884" starttime="2424.32" endtime="2436.6" type="s^cs" original-type="s^cs" channel="c3" participant="me006">
      <nite:child href="Bro026.C.words.xml#id(Bro026.w.8,541)..id(Bro026.w.8,576)"/>
   </dialogueact>
   <dialogueact nite:id="Bro026.C.dialogueact885" starttime="2437.02" endtime="2437.36" type="fh" original-type="fh" channel="c3" participant="me006">
      <nite:child href="Bro026.C.words.xml#id(Bro026.w.8,577)..id(Bro026.disfmarker.390)"/>
   </dialogueact>
   <dialogueact nite:id="Bro026.C.dialogueact886" starttime="2439.19" endtime="2439.53" type="fh" original-type="fh" channel="c3" participant="me006">
      <nite:child href="Bro026.C.words.xml#id(Bro026.w.8,578)..id(Bro026.w.8,579)"/>
   </dialogueact>
   <dialogueact nite:id="Bro026.C.dialogueact888" starttime="2443.29" endtime="2443.57" type="s^bk" adjacency="3b" original-type="s^bk" channel="c3" participant="me006">
      <nite:child href="Bro026.C.words.xml#id(Bro026.w.8,611)..id(Bro026.w.8,612)"/>
   </dialogueact>
   <dialogueact nite:id="Bro026.C.dialogueact891" starttime="2462.7" endtime="2463.31" type="s^aa" adjacency="4b" original-type="s^aa" channel="c3" participant="me006">
      <nite:child href="Bro026.C.words.xml#id(Bro026.w.8,671)..id(Bro026.w.8,674)"/>
   </dialogueact>
   <dialogueact nite:id="Bro026.C.dialogueact893" starttime="2466.4" endtime="2466.62" type="s^aa" adjacency="5b" original-type="s^aa" channel="c3" participant="me006">
      <nite:child href="Bro026.C.words.xml#id(Bro026.w.8,686)..id(Bro026.w.8,687)"/>
   </dialogueact>
   <dialogueact nite:id="Bro026.C.dialogueact896" starttime="2479.41" endtime="2479.87" type="b" original-type="b" channel="c3" participant="me006">
      <nite:child href="Bro026.C.words.xml#id(Bro026.w.8,738)..id(Bro026.w.8,741)"/>
   </dialogueact>
   <dialogueact nite:id="Bro026.C.dialogueact898" starttime="2503.61" endtime="2505.38" type="b" original-type="b" channel="c3" participant="me006">
      <nite:child href="Bro026.C.words.xml#id(Bro026.w.8,803)..id(Bro026.w.8,804)"/>
   </dialogueact>
   <dialogueact nite:id="Bro026.C.dialogueact901" starttime="2533.05" endtime="2533.81" type="s^aa" adjacency="6b" original-type="s^aa" channel="c3" participant="me006">
      <nite:child href="Bro026.C.words.xml#id(Bro026.w.8,906)..id(Bro026.w.8,909)"/>
   </dialogueact>
   <dialogueact nite:id="Bro026.C.dialogueact905" starttime="2556.85" endtime="2557.27" type="b" original-type="b" channel="c3" participant="me006">
      <nite:child href="Bro026.C.words.xml#id(Bro026.w.8,981)..id(Bro026.w.8,984)"/>
   </dialogueact>
   <dialogueact nite:id="Bro026.C.dialogueact910" starttime="2581.17" endtime="2581.8" type="b" original-type="b" channel="c3" participant="me006">
      <nite:child href="Bro026.C.words.xml#id(Bro026.w.9,073)..id(Bro026.w.9,076)"/>
   </dialogueact>
   <dialogueact nite:id="Bro026.C.dialogueact912" starttime="2584.84" endtime="2585.33" type="b" original-type="b" channel="c3" participant="me006">
      <nite:child href="Bro026.C.words.xml#id(Bro026.w.9,111)..id(Bro026.w.9,114)"/>
   </dialogueact>
   <dialogueact nite:id="Bro026.C.dialogueact917" starttime="2609.22" endtime="2609.91" type="b" original-type="b" channel="c3" participant="me006">
      <nite:child href="Bro026.C.words.xml#id(Bro026.w.9,174)..id(Bro026.w.9,175)"/>
   </dialogueact>
   <dialogueact nite:id="Bro026.C.dialogueact922" starttime="2629.63" endtime="2630.14" type="b" original-type="b" channel="c3" participant="me006">
      <nite:child href="Bro026.C.words.xml#id(Bro026.w.9,259)..id(Bro026.w.9,262)"/>
   </dialogueact>
   <dialogueact nite:id="Bro026.C.dialogueact923" starttime="2642.0" endtime="2642.94" type="b" original-type="b" channel="c3" participant="me006">
      <nite:child href="Bro026.C.words.xml#id(Bro026.w.9,287)..id(Bro026.w.9,288)"/>
   </dialogueact>
   <dialogueact nite:id="Bro026.C.dialogueact928" starttime="2654.41" endtime="2654.76" type="s^aa" adjacency="7b" original-type="s^aa" channel="c3" participant="me006">
      <nite:child href="Bro026.C.words.xml#id(Bro026.w.9,359)..id(Bro026.w.9,360)"/>
   </dialogueact>
   <dialogueact nite:id="Bro026.C.dialogueact935" starttime="2675.42" endtime="2675.71" type="b" original-type="b" channel="c3" participant="me006">
      <nite:child href="Bro026.C.words.xml#id(Bro026.w.9,420)..id(Bro026.w.9,421)"/>
   </dialogueact>
   <dialogueact nite:id="Bro026.C.dialogueact939" starttime="2681.63" endtime="2682.0" type="s^bk" adjacency="8b" original-type="s^bk" channel="c3" participant="me006">
      <nite:child href="Bro026.C.words.xml#id(Bro026.w.9,427)..id(Bro026.w.9,428)"/>
   </dialogueact>
   <dialogueact nite:id="Bro026.C.dialogueact1055" starttime="3100.45" endtime="3101.3" type="b" original-type="b" channel="c3" participant="me006">
      <nite:child href="Bro026.C.words.xml#id(Bro026.w.10,996)..id(Bro026.w.10,999)"/>
   </dialogueact>
   <dialogueact nite:id="Bro026.C.dialogueact1061" starttime="3126.94" endtime="3127.54" type="b.%" original-type="b.%" channel="c3" participant="me006">
      <nite:child href="Bro026.C.words.xml#id(Bro026.w.11,072)..id(Bro026.w.11,075)"/>
   </dialogueact>
   <dialogueact nite:id="Bro026.C.dialogueact1069" starttime="3152.25" endtime="3155.76" comment="FBH" type="fg|s.%-" adjacency="1a" original-type="fg|s.%-" channel="c3" participant="me006">
      <nite:child href="Bro026.C.words.xml#id(Bro026.w.11,171)..id(Bro026.disfmarker.507)"/>
   </dialogueact>
   <dialogueact nite:id="Bro026.C.dialogueact1072" starttime="3156.34" endtime="3156.62" type="b" original-type="b" channel="c3" participant="me006">
      <nite:child href="Bro026.C.words.xml#id(Bro026.w.11,209)..id(Bro026.w.11,210)"/>
   </dialogueact>
</nite:root>