<?xml version="1.0" encoding="ISO-8859-1" standalone="yes"?>
<nite:root nite:id="Bro018.D.dialogue-acts" xmlns:nite="http://nite.sourceforge.net/">
   <dialogueact nite:id="Bro018.D.dialogueact2" starttime="3.688" endtime="4.058" type="s.%--" original-type="s.%--" channel="c4" participant="fn002">
      <nite:child href="Bro018.D.words.xml#id(Bro018.w.15)..id(Bro018.w.16)"/>
   </dialogueact>
   <dialogueact nite:id="Bro018.D.dialogueact4" starttime="5.5" endtime="10.69" type="s" adjacency="1b" original-type="s" channel="c4" participant="fn002">
      <nite:child href="Bro018.D.words.xml#id(Bro018.w.17)..id(Bro018.w.35)"/>
   </dialogueact>
   <dialogueact nite:id="Bro018.D.dialogueact6" starttime="11.336" endtime="18.116" type="s" original-type="s" channel="c4" participant="fn002">
      <nite:child href="Bro018.D.words.xml#id(Bro018.w.38)..id(Bro018.w.58)"/>
   </dialogueact>
   <dialogueact nite:id="Bro018.D.dialogueact8" starttime="19.429" endtime="34.6" type="s^rt" adjacency="2a" original-type="s^rt" channel="c4" participant="fn002">
      <nite:child href="Bro018.D.words.xml#id(Bro018.w.63)..id(Bro018.w.85)"/>
   </dialogueact>
   <dialogueact nite:id="Bro018.D.dialogueact10" starttime="37.78" endtime="39.85" comment="FBH ERRORCODE1 CSV: &quot;no | sadly the mes- - the mel cepstrum ==&quot;" type="s^ar|s.%--" adjacency="3b.4a" original-type="s^ar|s.%--" channel="c4" participant="fn002">
      <nite:child href="Bro018.D.words.xml#id(Bro018.w.91)..id(Bro018.w.99)"/>
   </dialogueact>
   <dialogueact nite:id="Bro018.D.dialogueact11" starttime="39.85" endtime="43.18" type="s" adjacency="3b+.4a+" original-type="s" channel="c4" participant="fn002">
      <nite:child href="Bro018.D.words.xml#id(Bro018.w.100)..id(Bro018.w.108)"/>
   </dialogueact>
   <dialogueact nite:id="Bro018.D.dialogueact14" starttime="43.99" endtime="45.07" type="s^aa|%-" adjacency="5b" original-type="s^aa|%-" channel="c4" participant="fn002">
      <nite:child href="Bro018.D.words.xml#id(Bro018.w.117)..id(Bro018.disfmarker.10)"/>
   </dialogueact>
   <dialogueact nite:id="Bro018.D.dialogueact16" starttime="45.44" endtime="50.96" type="s^aa|s" adjacency="5b+" original-type="s^aa|s" channel="c4" participant="fn002">
      <nite:child href="Bro018.D.words.xml#id(Bro018.w.120)..id(Bro018.w.136)"/>
   </dialogueact>
   <dialogueact nite:id="Bro018.D.dialogueact18" starttime="51.84" endtime="57.63" type="s" original-type="s" channel="c4" participant="fn002">
      <nite:child href="Bro018.D.words.xml#id(Bro018.w.137)..id(Bro018.w.152)"/>
   </dialogueact>
   <dialogueact nite:id="Bro018.D.dialogueact19" starttime="58.19" endtime="59.82" type="s" original-type="s" channel="c4" participant="fn002">
      <nite:child href="Bro018.D.words.xml#id(Bro018.w.153)..id(Bro018.w.159)"/>
   </dialogueact>
   <dialogueact nite:id="Bro018.D.dialogueact21" starttime="60.55" endtime="65.18" type="s" original-type="s" channel="c4" participant="fn002">
      <nite:child href="Bro018.D.words.xml#id(Bro018.w.160)..id(Bro018.w.173)"/>
   </dialogueact>
   <dialogueact nite:id="Bro018.D.dialogueact22" starttime="65.97" endtime="67.53" type="s" original-type="s" channel="c4" participant="fn002">
      <nite:child href="Bro018.D.words.xml#id(Bro018.w.174)..id(Bro018.w.179)"/>
   </dialogueact>
   <dialogueact nite:id="Bro018.D.dialogueact23" starttime="68.84" endtime="73.08" type="s^rt" original-type="s^rt" channel="c4" participant="fn002">
      <nite:child href="Bro018.D.words.xml#id(Bro018.w.180)..id(Bro018.w.190)"/>
   </dialogueact>
   <dialogueact nite:id="Bro018.D.dialogueact24" starttime="73.89" endtime="78.51" type="s" original-type="s" channel="c4" participant="fn002">
      <nite:child href="Bro018.D.words.xml#id(Bro018.w.191)..id(Bro018.w.203)"/>
   </dialogueact>
   <dialogueact nite:id="Bro018.D.dialogueact25" starttime="79.273" endtime="82.813" type="s" original-type="s" channel="c4" participant="fn002">
      <nite:child href="Bro018.D.words.xml#id(Bro018.w.204)..id(Bro018.w.216)"/>
   </dialogueact>
   <dialogueact nite:id="Bro018.D.dialogueact26" starttime="83.623" endtime="88.77" type="s" original-type="s" channel="c4" participant="fn002">
      <nite:child href="Bro018.D.words.xml#id(Bro018.w.217)..id(Bro018.w.235)"/>
   </dialogueact>
   <dialogueact nite:id="Bro018.D.dialogueact30" starttime="94.84" endtime="96.47" type="s.%-" adjacency="6b.7a" original-type="s.%-" channel="c4" participant="fn002">
      <nite:child href="Bro018.D.words.xml#id(Bro018.w.259)..id(Bro018.w.264)"/>
   </dialogueact>
   <dialogueact nite:id="Bro018.D.dialogueact33" starttime="97.86" endtime="98.74" type="qy^bu^d^rt" adjacency="8b" original-type="qy^bu^d^rt" channel="c4" participant="fn002">
      <nite:child href="Bro018.D.words.xml#id(Bro018.w.278)..id(Bro018.w.282)"/>
   </dialogueact>
   <dialogueact nite:id="Bro018.D.dialogueact34" starttime="99.43" endtime="107.04" type="s" original-type="s" channel="c4" participant="fn002">
      <nite:child href="Bro018.D.words.xml#id(Bro018.w.283)..id(Bro018.w.293)"/>
   </dialogueact>
   <dialogueact nite:id="Bro018.D.dialogueact36" starttime="107.792" endtime="109.222" type="s" original-type="s" channel="c4" participant="fn002">
      <nite:child href="Bro018.D.words.xml#id(Bro018.w.294)..id(Bro018.w.299)"/>
   </dialogueact>
   <dialogueact nite:id="Bro018.D.dialogueact37" starttime="109.802" endtime="116.102" type="s" original-type="s" channel="c4" participant="fn002">
      <nite:child href="Bro018.D.words.xml#id(Bro018.w.304)..id(Bro018.w.321)"/>
   </dialogueact>
   <dialogueact nite:id="Bro018.D.dialogueact39" starttime="117.13" endtime="126.38" comment="FBH" type="s" original-type="s" channel="c4" participant="fn002">
      <nite:child href="Bro018.D.words.xml#id(Bro018.w.326)..id(Bro018.w.349)"/>
   </dialogueact>
   <dialogueact nite:id="Bro018.D.dialogueact44" starttime="126.77" endtime="128.19" type="s" original-type="s" channel="c4" participant="fn002">
      <nite:child href="Bro018.D.words.xml#id(Bro018.w.350)..id(Bro018.w.355)"/>
   </dialogueact>
   <dialogueact nite:id="Bro018.D.dialogueact45" starttime="129.42" endtime="132.02" comment="FBH" type="s" original-type="s" channel="c4" participant="fn002">
      <nite:child href="Bro018.D.words.xml#id(Bro018.w.372)..id(Bro018.w.381)"/>
   </dialogueact>
   <dialogueact nite:id="Bro018.D.dialogueact46" starttime="132.25" endtime="135.833" type="s.%--" original-type="s.%--" channel="c4" participant="fn002">
      <nite:child href="Bro018.D.words.xml#id(Bro018.w.382)..id(Bro018.w.393)"/>
   </dialogueact>
   <dialogueact nite:id="Bro018.D.dialogueact48" starttime="135.913" endtime="136.953" type="s" original-type="s" channel="c4" participant="fn002">
      <nite:child href="Bro018.D.words.xml#id(Bro018.w.394)..id(Bro018.w.398)"/>
   </dialogueact>
   <dialogueact nite:id="Bro018.D.dialogueact51" starttime="143.67" endtime="143.87" type="b" original-type="b" channel="c4" participant="fn002">
      <nite:child href="Bro018.D.words.xml#id(Bro018.w.462)..id(Bro018.w.463)"/>
   </dialogueact>
   <dialogueact nite:id="Bro018.D.dialogueact53" starttime="151.952" endtime="152.512" type="b" original-type="b" channel="c4" participant="fn002">
      <nite:child href="Bro018.D.words.xml#id(Bro018.w.464)..id(Bro018.w.466)"/>
   </dialogueact>
   <dialogueact nite:id="Bro018.D.dialogueact57" starttime="155.42" endtime="155.53" type="s^ar" adjacency="10b" original-type="s^ar" channel="c4" participant="fn002">
      <nite:child href="Bro018.D.words.xml#id(Bro018.w.483)..id(Bro018.w.484)"/>
   </dialogueact>
   <dialogueact nite:id="Bro018.D.dialogueact59" starttime="155.53" endtime="156.27" type="s^ar" original-type="s^ar" channel="c4" participant="fn002">
      <nite:child href="Bro018.D.words.xml#id(Bro018.w.485)..id(Bro018.w.488)"/>
   </dialogueact>
   <dialogueact nite:id="Bro018.D.dialogueact60" starttime="157.34" endtime="158.15" comment="FBH" type="qy^bu^d^rt" original-type="qy^bu^d^rt" channel="c4" participant="fn002">
      <nite:child href="Bro018.D.words.xml#id(Bro018.w.491)..id(Bro018.w.494)"/>
   </dialogueact>
   <dialogueact nite:id="Bro018.D.dialogueact61" starttime="158.15" endtime="161.48" comment="FBH" type="s^aa|s" adjacency="1a" original-type="s^aa|s" channel="c4" participant="fn002">
      <nite:child href="Bro018.D.words.xml#id(Bro018.w.495)..id(Bro018.w.509)"/>
   </dialogueact>
   <dialogueact nite:id="Bro018.D.dialogueact66" starttime="169.58" endtime="169.8" type="fg" original-type="fg" channel="c4" participant="fn002">
      <nite:child href="Bro018.D.words.xml#id(Bro018.w.563)..id(Bro018.w.564)"/>
   </dialogueact>
   <dialogueact nite:id="Bro018.D.dialogueact68" starttime="169.8" endtime="170.33" type="s.%-" original-type="s.%-" channel="c4" participant="fn002">
      <nite:child href="Bro018.D.words.xml#id(Bro018.w.565)..id(Bro018.disfmarker.24)"/>
   </dialogueact>
   <dialogueact nite:id="Bro018.D.dialogueact69" starttime="172.22" endtime="173.1" type="s^m" adjacency="2b" original-type="s^m" channel="c4" participant="fn002">
      <nite:child href="Bro018.D.words.xml#id(Bro018.w.568)..id(Bro018.w.571)"/>
   </dialogueact>
   <dialogueact nite:id="Bro018.D.dialogueact70" starttime="173.15" endtime="173.27" type="s^aa" adjacency="2b+.3a" original-type="s^aa" channel="c4" participant="fn002">
      <nite:child href="Bro018.D.words.xml#id(Bro018.w.572)..id(Bro018.w.573)"/>
   </dialogueact>
   <dialogueact nite:id="Bro018.D.dialogueact73" starttime="176.881" endtime="177.001" type="s^ar" adjacency="4b.5a" original-type="s^ar" channel="c4" participant="fn002">
      <nite:child href="Bro018.D.words.xml#id(Bro018.w.593)..id(Bro018.w.594)"/>
   </dialogueact>
   <dialogueact nite:id="Bro018.D.dialogueact74" starttime="177.001" endtime="178.001" type="s" adjacency="4b+.5a+" original-type="s" channel="c4" participant="fn002">
      <nite:child href="Bro018.D.words.xml#id(Bro018.w.595)..id(Bro018.disfmarker.25)"/>
   </dialogueact>
   <dialogueact nite:id="Bro018.D.dialogueact75" starttime="178.001" endtime="178.591" type="s.%--" original-type="s.%--" channel="c4" participant="fn002">
      <nite:child href="Bro018.D.words.xml#id(Bro018.w.599)..id(Bro018.disfmarker.26)"/>
   </dialogueact>
   <dialogueact nite:id="Bro018.D.dialogueact78" starttime="181.63" endtime="182.48" type="s^ng" original-type="s^ng" channel="c4" participant="fn002">
      <nite:child href="Bro018.D.words.xml#id(Bro018.w.615)..id(Bro018.w.616)"/>
   </dialogueact>
   <dialogueact nite:id="Bro018.D.dialogueact80" starttime="189.149" endtime="189.479" type="b" original-type="b" channel="c4" participant="fn002">
      <nite:child href="Bro018.D.words.xml#id(Bro018.w.650)..id(Bro018.w.653)"/>
   </dialogueact>
   <dialogueact nite:id="Bro018.D.dialogueact84" starttime="193.07" endtime="193.35" type="b" original-type="b" channel="c4" participant="fn002">
      <nite:child href="Bro018.D.words.xml#id(Bro018.w.663)..id(Bro018.w.666)"/>
   </dialogueact>
   <dialogueact nite:id="Bro018.D.dialogueact86" starttime="202.0" endtime="202.33" type="b" original-type="b" channel="c4" participant="fn002">
      <nite:child href="Bro018.D.words.xml#id(Bro018.w.693)..id(Bro018.w.696)"/>
   </dialogueact>
   <dialogueact nite:id="Bro018.D.dialogueact88" starttime="209.58" endtime="209.79" type="b" original-type="b" channel="c4" participant="fn002">
      <nite:child href="Bro018.D.words.xml#id(Bro018.w.721)..id(Bro018.w.722)"/>
   </dialogueact>
   <dialogueact nite:id="Bro018.D.dialogueact90" starttime="219.573" endtime="219.983" type="b^rt" original-type="b^rt" channel="c4" participant="fn002">
      <nite:child href="Bro018.D.words.xml#id(Bro018.w.758)..id(Bro018.w.761)"/>
   </dialogueact>
   <dialogueact nite:id="Bro018.D.dialogueact91" starttime="220.283" endtime="220.533" type="b" original-type="b" channel="c4" participant="fn002">
      <nite:child href="Bro018.D.words.xml#id(Bro018.w.762)..id(Bro018.w.763)"/>
   </dialogueact>
   <dialogueact nite:id="Bro018.D.dialogueact95" starttime="230.54" endtime="230.99" type="b" original-type="b" channel="c4" participant="fn002">
      <nite:child href="Bro018.D.words.xml#id(Bro018.w.795)..id(Bro018.w.798)"/>
   </dialogueact>
   <dialogueact nite:id="Bro018.D.dialogueact98" starttime="232.59" endtime="234.41" type="fg|s" adjacency="7a" original-type="fg|s" channel="c4" participant="fn002">
      <nite:child href="Bro018.D.words.xml#id(Bro018.w.806)..id(Bro018.w.814)"/>
   </dialogueact>
   <dialogueact nite:id="Bro018.D.dialogueact101" starttime="237.75" endtime="240.29" type="s^ba" original-type="sj^ba" channel="c4" participant="fn002">
      <nite:child href="Bro018.D.words.xml#id(Bro018.w.815)..id(Bro018.w.824)"/>
   </dialogueact>
   <dialogueact nite:id="Bro018.D.dialogueact102" starttime="240.29" endtime="246.68" type="s^df" original-type="s^df" channel="c4" participant="fn002">
      <nite:child href="Bro018.D.words.xml#id(Bro018.w.825)..id(Bro018.w.845)"/>
   </dialogueact>
   <dialogueact nite:id="Bro018.D.dialogueact105" starttime="247.608" endtime="248.688" type="s" original-type="s" channel="c4" participant="fn002">
      <nite:child href="Bro018.D.words.xml#id(Bro018.w.848)..id(Bro018.w.853)"/>
   </dialogueact>
   <dialogueact nite:id="Bro018.D.dialogueact108" starttime="265.02" endtime="265.15" type="fg" original-type="fg" channel="c4" participant="fn002">
      <nite:child href="Bro018.D.words.xml#id(Bro018.w.904)..id(Bro018.w.905)"/>
   </dialogueact>
   <dialogueact nite:id="Bro018.D.dialogueact109" starttime="265.15" endtime="266.66" type="s" original-type="s" channel="c4" participant="fn002">
      <nite:child href="Bro018.D.words.xml#id(Bro018.w.906)..id(Bro018.w.910)"/>
   </dialogueact>
   <dialogueact nite:id="Bro018.D.dialogueact115" starttime="279.85" endtime="280.21" type="b^rt" original-type="b^rt" channel="c4" participant="fn002">
      <nite:child href="Bro018.D.words.xml#id(Bro018.w.949)..id(Bro018.w.952)"/>
   </dialogueact>
   <dialogueact nite:id="Bro018.D.dialogueact118" starttime="283.782" endtime="284.192" type="b^rt" original-type="b^rt" channel="c4" participant="fn002">
      <nite:child href="Bro018.D.words.xml#id(Bro018.w.1,011)..id(Bro018.w.1,014)"/>
   </dialogueact>
   <dialogueact nite:id="Bro018.D.dialogueact121" starttime="299.79" endtime="299.98" type="b" original-type="b" channel="c4" participant="fn002">
      <nite:child href="Bro018.D.words.xml#id(Bro018.w.1,029)..id(Bro018.w.1,030)"/>
   </dialogueact>
   <dialogueact nite:id="Bro018.D.dialogueact123" starttime="303.74" endtime="303.85" type="fg" original-type="fg" channel="c4" participant="fn002">
      <nite:child href="Bro018.D.words.xml#id(Bro018.w.1,039)..id(Bro018.w.1,040)"/>
   </dialogueact>
   <dialogueact nite:id="Bro018.D.dialogueact124" starttime="303.85" endtime="304.42" type="s.%--" original-type="s.%--" channel="c4" participant="fn002">
      <nite:child href="Bro018.D.words.xml#id(Bro018.w.1,041)..id(Bro018.disfmarker.38)"/>
   </dialogueact>
   <dialogueact nite:id="Bro018.D.dialogueact125" starttime="304.87" endtime="305.11" type="fh" original-type="fh" channel="c4" participant="fn002">
      <nite:child href="Bro018.D.words.xml#id(Bro018.w.1,043)..id(Bro018.w.1,044)"/>
   </dialogueact>
   <dialogueact nite:id="Bro018.D.dialogueact128" starttime="307.085" endtime="307.275" type="s^ar.%--" adjacency="8b-1" original-type="s^ar.%--" channel="c4" participant="fn002">
      <nite:child href="Bro018.D.words.xml#id(Bro018.w.1,072)..id(Bro018.disfmarker.39)"/>
   </dialogueact>
   <dialogueact nite:id="Bro018.D.dialogueact130" starttime="314.26" endtime="314.53" type="fg" original-type="fg" channel="c4" participant="fn002">
      <nite:child href="Bro018.D.words.xml#id(Bro018.w.1,118)..id(Bro018.w.1,119)"/>
   </dialogueact>
   <dialogueact nite:id="Bro018.D.dialogueact138" starttime="361.38" endtime="361.52" type="b" original-type="b" channel="c4" participant="fn002">
      <nite:child href="Bro018.D.words.xml#id(Bro018.w.1,226)..id(Bro018.w.1,227)"/>
   </dialogueact>
   <dialogueact nite:id="Bro018.D.dialogueact143" starttime="375.641" endtime="375.971" type="b" original-type="b" channel="c4" participant="fn002">
      <nite:child href="Bro018.D.words.xml#id(Bro018.w.1,270)..id(Bro018.w.1,273)"/>
   </dialogueact>
   <dialogueact nite:id="Bro018.D.dialogueact145" starttime="378.68" endtime="378.88" type="s^am" adjacency="10b" original-type="s^am" channel="c4" participant="fn002">
      <nite:child href="Bro018.D.words.xml#id(Bro018.w.1,283)..id(Bro018.w.1,284)"/>
   </dialogueact>
   <dialogueact nite:id="Bro018.D.dialogueact152" starttime="404.05" endtime="404.68" type="s^br" adjacency="1b.2a" original-type="s^br" channel="c4" participant="fn002">
      <nite:child href="Bro018.D.words.xml#id(Bro018.w.1,370)..id(Bro018.w.1,374)"/>
   </dialogueact>
   <dialogueact nite:id="Bro018.D.dialogueact155" starttime="407.558" endtime="407.818" type="b" original-type="b" channel="c4" participant="fn002">
      <nite:child href="Bro018.D.words.xml#id(Bro018.w.1,385)..id(Bro018.w.1,386)"/>
   </dialogueact>
   <dialogueact nite:id="Bro018.D.dialogueact156" starttime="408.178" endtime="408.518" type="b" original-type="b" channel="c4" participant="fn002">
      <nite:child href="Bro018.D.words.xml#id(Bro018.w.1,387)..id(Bro018.w.1,390)"/>
   </dialogueact>
   <dialogueact nite:id="Bro018.D.dialogueact157" starttime="412.698" endtime="413.048" type="b" original-type="b" channel="c4" participant="fn002">
      <nite:child href="Bro018.D.words.xml#id(Bro018.w.1,412)..id(Bro018.w.1,415)"/>
   </dialogueact>
   <dialogueact nite:id="Bro018.D.dialogueact160" starttime="416.279" endtime="416.599" type="s^fe" adjacency="3b" original-type="s^fe" channel="c4" participant="fn002">
      <nite:child href="Bro018.D.words.xml#id(Bro018.w.1,431)..id(Bro018.w.1,434)"/>
   </dialogueact>
   <dialogueact nite:id="Bro018.D.dialogueact163" starttime="425.49" endtime="425.69" type="b" original-type="b" channel="c4" participant="fn002">
      <nite:child href="Bro018.D.words.xml#id(Bro018.w.1,468)..id(Bro018.w.1,469)"/>
   </dialogueact>
   <dialogueact nite:id="Bro018.D.dialogueact169" starttime="447.91" endtime="448.25" type="b^rt" original-type="b^rt" channel="c4" participant="fn002">
      <nite:child href="Bro018.D.words.xml#id(Bro018.w.1,556)..id(Bro018.w.1,559)"/>
   </dialogueact>
   <dialogueact nite:id="Bro018.D.dialogueact172" starttime="457.58" endtime="457.89" type="b^rt" original-type="b^rt" channel="c4" participant="fn002">
      <nite:child href="Bro018.D.words.xml#id(Bro018.w.1,582)..id(Bro018.w.1,585)"/>
   </dialogueact>
   <dialogueact nite:id="Bro018.D.dialogueact179" starttime="466.97" endtime="467.28" type="b" original-type="b" channel="c4" participant="fn002">
      <nite:child href="Bro018.D.words.xml#id(Bro018.w.1,615)..id(Bro018.w.1,616)"/>
   </dialogueact>
   <dialogueact nite:id="Bro018.D.dialogueact198" starttime="515.09" endtime="516.49" type="h|s" adjacency="4b.5a" original-type="h|s" channel="c4" participant="fn002">
      <nite:child href="Bro018.D.words.xml#id(Bro018.w.1,806)..id(Bro018.w.1,811)"/>
   </dialogueact>
   <dialogueact nite:id="Bro018.D.dialogueact200" starttime="517.2" endtime="518.54" type="s" adjacency="6b.7a" original-type="s" channel="c4" participant="fn002">
      <nite:child href="Bro018.D.words.xml#id(Bro018.w.1,814)..id(Bro018.w.1,820)"/>
   </dialogueact>
   <dialogueact nite:id="Bro018.D.dialogueact205" starttime="525.741" endtime="527.021" type="h|s^rt" adjacency="8b" original-type="h|s^rt" channel="c4" participant="fn002">
      <nite:child href="Bro018.D.words.xml#id(Bro018.w.1,845)..id(Bro018.w.1,849)"/>
   </dialogueact>
   <dialogueact nite:id="Bro018.D.dialogueact206" starttime="527.021" endtime="531.441" type="s^ar|qy^bu^d^rt" original-type="s^ar|qy^bu^d^rt" channel="c4" participant="fn002">
      <nite:child href="Bro018.D.words.xml#id(Bro018.w.1,850)..id(Bro018.w.1,857)"/>
   </dialogueact>
   <dialogueact nite:id="Bro018.D.dialogueact207" starttime="531.591" endtime="533.101" type="s" original-type="s" channel="c4" participant="fn002">
      <nite:child href="Bro018.D.words.xml#id(Bro018.w.1,858)..id(Bro018.w.1,863)"/>
   </dialogueact>
   <dialogueact nite:id="Bro018.D.dialogueact210" starttime="533.738" endtime="534.268" type="s" original-type="s" channel="c4" participant="fn002">
      <nite:child href="Bro018.D.words.xml#id(Bro018.w.1,872)..id(Bro018.w.1,873)"/>
   </dialogueact>
   <dialogueact nite:id="Bro018.D.dialogueact211" starttime="535.03" endtime="535.79" type="s" original-type="s" channel="c4" participant="fn002">
      <nite:child href="Bro018.D.words.xml#id(Bro018.w.1,874)..id(Bro018.w.1,876)"/>
   </dialogueact>
   <dialogueact nite:id="Bro018.D.dialogueact213" starttime="537.27" endtime="537.47" type="s^aa.%" adjacency="9b" original-type="s^aa.%" channel="c4" participant="fn002">
      <nite:child href="Bro018.D.words.xml#id(Bro018.w.1,889)..id(Bro018.w.1,892)"/>
   </dialogueact>
   <dialogueact nite:id="Bro018.D.dialogueact214" starttime="539.65" endtime="540.31" type="s^ar|%--" original-type="s^ar|%--" channel="c4" participant="fn002">
      <nite:child href="Bro018.D.words.xml#id(Bro018.w.1,893)..id(Bro018.w.1,895)"/>
   </dialogueact>
   <dialogueact nite:id="Bro018.D.dialogueact215" starttime="540.38" endtime="540.74" type="s^aa^bsc|%--" original-type="s^aa^bsc|%--" channel="c4" participant="fn002">
      <nite:child href="Bro018.D.words.xml#id(Bro018.w.1,896)..id(Bro018.w.1,897)"/>
   </dialogueact>
   <dialogueact nite:id="Bro018.D.dialogueact216" starttime="541.43" endtime="542.8" type="s^ng" original-type="s^ng" channel="c4" participant="fn002">
      <nite:child href="Bro018.D.words.xml#id(Bro018.w.1,898)..id(Bro018.w.1,905)"/>
   </dialogueact>
   <dialogueact nite:id="Bro018.D.dialogueact218" starttime="542.88" endtime="543.96" type="s" original-type="s" channel="c4" participant="fn002">
      <nite:child href="Bro018.D.words.xml#id(Bro018.w.1,906)..id(Bro018.w.1,911)"/>
   </dialogueact>
   <dialogueact nite:id="Bro018.D.dialogueact221" starttime="544.462" endtime="544.732" type="s" original-type="s" channel="c4" participant="fn002">
      <nite:child href="Bro018.D.words.xml#id(Bro018.w.1,930)..id(Bro018.w.1,932)"/>
   </dialogueact>
   <dialogueact nite:id="Bro018.D.dialogueact222" starttime="544.732" endtime="545.302" type="s^no.%-" original-type="s^no.%-" channel="c4" participant="fn002">
      <nite:child href="Bro018.D.words.xml#id(Bro018.w.1,933)..id(Bro018.w.1,935)"/>
   </dialogueact>
   <dialogueact nite:id="Bro018.D.dialogueact224" starttime="546.37" endtime="546.71" type="s^aa^m" adjacency="10b" original-type="s^aa^m" channel="c4" participant="fn002">
      <nite:child href="Bro018.D.words.xml#id(Bro018.w.1,942)..id(Bro018.w.1,943)"/>
   </dialogueact>
   <dialogueact nite:id="Bro018.D.dialogueact225" starttime="546.71" endtime="547.91" type="s" adjacency="10b+" original-type="s" channel="c4" participant="fn002">
      <nite:child href="Bro018.D.words.xml#id(Bro018.w.1,944)..id(Bro018.w.1,949)"/>
   </dialogueact>
   <dialogueact nite:id="Bro018.D.dialogueact227" starttime="547.91" endtime="549.04" type="s" original-type="s" channel="c4" participant="fn002">
      <nite:child href="Bro018.D.words.xml#id(Bro018.w.1,950)..id(Bro018.w.1,956)"/>
   </dialogueact>
   <dialogueact nite:id="Bro018.D.dialogueact228" starttime="549.04" endtime="550.6" type="s" original-type="s" channel="c4" participant="fn002">
      <nite:child href="Bro018.D.words.xml#id(Bro018.w.1,957)..id(Bro018.w.1,965)"/>
   </dialogueact>
   <dialogueact nite:id="Bro018.D.dialogueact230" starttime="550.86" endtime="555.84" type="s" original-type="s" channel="c4" participant="fn002">
      <nite:child href="Bro018.D.words.xml#id(Bro018.w.1,968)..id(Bro018.w.1,987)"/>
   </dialogueact>
   <dialogueact nite:id="Bro018.D.dialogueact232" starttime="557.03" endtime="563.24" comment="FBH" type="s" original-type="s" channel="c4" participant="fn002">
      <nite:child href="Bro018.D.words.xml#id(Bro018.w.1,992)..id(Bro018.w.2,014)"/>
   </dialogueact>
   <dialogueact nite:id="Bro018.D.dialogueact233" starttime="563.53" endtime="565.8" type="s" adjacency="1a" original-type="s" channel="c4" participant="fn002">
      <nite:child href="Bro018.D.words.xml#id(Bro018.w.2,015)..id(Bro018.w.2,025)"/>
   </dialogueact>
   <dialogueact nite:id="Bro018.D.dialogueact235" starttime="575.06" endtime="584.117" type="s" adjacency="2a" original-type="s" channel="c4" participant="fn002">
      <nite:child href="Bro018.D.words.xml#id(Bro018.w.2,053)..id(Bro018.w.2,088)"/>
   </dialogueact>
   <dialogueact nite:id="Bro018.D.dialogueact238" starttime="584.317" endtime="584.477" type="%-" original-type="%-" channel="c4" participant="fn002">
      <nite:child href="Bro018.D.words.xml#id(Bro018.w.2,089)..id(Bro018.disfmarker.74)"/>
   </dialogueact>
   <dialogueact nite:id="Bro018.D.dialogueact239" starttime="585.09" endtime="585.33" type="s^aa" adjacency="3b.4a" original-type="s^aa" channel="c4" participant="fn002">
      <nite:child href="Bro018.D.words.xml#id(Bro018.w.2,095)..id(Bro018.w.2,096)"/>
   </dialogueact>
   <dialogueact nite:id="Bro018.D.dialogueact241" starttime="586.826" endtime="588.606" type="s^aa|s^df" adjacency="5b.6a" original-type="s^aa|s^df" channel="c4" participant="fn002">
      <nite:child href="Bro018.D.words.xml#id(Bro018.w.2,102)..id(Bro018.w.2,109)"/>
   </dialogueact>
   <dialogueact nite:id="Bro018.D.dialogueact244" starttime="589.612" endtime="590.132" type="s.%--" original-type="s.%--" channel="c4" participant="fn002">
      <nite:child href="Bro018.D.words.xml#id(Bro018.w.2,115)..id(Bro018.w.2,117)"/>
   </dialogueact>
   <dialogueact nite:id="Bro018.D.dialogueact247" starttime="591.966" endtime="592.326" type="s" original-type="s" channel="c4" participant="fn002">
      <nite:child href="Bro018.D.words.xml#id(Bro018.w.2,126)..id(Bro018.w.2,128)"/>
   </dialogueact>
   <dialogueact nite:id="Bro018.D.dialogueact258" starttime="604.86" endtime="605.55" type="s^aa" adjacency="7b.8a" original-type="s^aa" channel="c4" participant="fn002">
      <nite:child href="Bro018.D.words.xml#id(Bro018.w.2,179)..id(Bro018.w.2,184)"/>
   </dialogueact>
   <dialogueact nite:id="Bro018.D.dialogueact261" starttime="612.907" endtime="613.217" type="s^2.%--" adjacency="9b" original-type="s^2.%--" channel="c4" participant="fn002">
      <nite:child href="Bro018.D.words.xml#id(Bro018.w.2,215)..id(Bro018.disfmarker.76)"/>
   </dialogueact>
   <dialogueact nite:id="Bro018.D.dialogueact263" starttime="615.514" endtime="615.774" type="b" original-type="b" channel="c4" participant="fn002">
      <nite:child href="Bro018.D.words.xml#id(Bro018.w.2,224)..id(Bro018.w.2,225)"/>
   </dialogueact>
   <dialogueact nite:id="Bro018.D.dialogueact265" starttime="619.693" endtime="620.373" type="s^am" adjacency="10b" original-type="s^am" channel="c4" participant="fn002">
      <nite:child href="Bro018.D.words.xml#id(Bro018.w.2,236)..id(Bro018.w.2,240)"/>
   </dialogueact>
   <dialogueact nite:id="Bro018.D.dialogueact266" starttime="620.673" endtime="625.67" type="s" original-type="s" channel="c4" participant="fn002">
      <nite:child href="Bro018.D.words.xml#id(Bro018.w.2,241)..id(Bro018.w.2,258)"/>
   </dialogueact>
   <dialogueact nite:id="Bro018.D.dialogueact267" starttime="625.78" endtime="626.04" type="s^no" original-type="s^no" channel="c4" participant="fn002">
      <nite:child href="Bro018.D.words.xml#id(Bro018.w.2,259)..id(Bro018.w.2,262)"/>
   </dialogueact>
   <dialogueact nite:id="Bro018.D.dialogueact268" starttime="626.65" endtime="630.53" type="s" adjacency="1a" original-type="s" channel="c4" participant="fn002">
      <nite:child href="Bro018.D.words.xml#id(Bro018.w.2,263)..id(Bro018.w.2,279)"/>
   </dialogueact>
   <dialogueact nite:id="Bro018.D.dialogueact271" starttime="634.29" endtime="634.52" type="s^aa" adjacency="2b" original-type="s^aa" channel="c4" participant="fn002">
      <nite:child href="Bro018.D.words.xml#id(Bro018.w.2,302)..id(Bro018.w.2,303)"/>
   </dialogueact>
   <dialogueact nite:id="Bro018.D.dialogueact275" starttime="650.626" endtime="650.986" type="b" original-type="b" channel="c4" participant="fn002">
      <nite:child href="Bro018.D.words.xml#id(Bro018.w.2,357)..id(Bro018.w.2,360)"/>
   </dialogueact>
   <dialogueact nite:id="Bro018.D.dialogueact277" starttime="654.19" endtime="654.7" type="s^cc" original-type="s^cc" channel="c4" participant="fn002">
      <nite:child href="Bro018.D.words.xml#id(Bro018.w.2,363)..id(Bro018.w.2,367)"/>
   </dialogueact>
   <dialogueact nite:id="Bro018.D.dialogueact279" starttime="655.394" endtime="655.484" type="%-" original-type="%-" channel="c4" participant="fn002">
      <nite:child href="Bro018.D.words.xml#id(Bro018.w.2,375)..id(Bro018.disfmarker.86)"/>
   </dialogueact>
   <dialogueact nite:id="Bro018.D.dialogueact280" starttime="660.54" endtime="662.613" type="h|s^ar" adjacency="3b-1" original-type="h|s^ar" channel="c4" participant="fn002">
      <nite:child href="Bro018.D.words.xml#id(Bro018.w.2,384)..id(Bro018.w.2,387)"/>
   </dialogueact>
   <dialogueact nite:id="Bro018.D.dialogueact282" starttime="664.16" endtime="664.5" type="s^m" adjacency="3b-1+.4b" original-type="s^m" channel="c4" participant="fn002">
      <nite:child href="Bro018.D.words.xml#id(Bro018.w.2,393)..id(Bro018.w.2,394)"/>
   </dialogueact>
   <dialogueact nite:id="Bro018.D.dialogueact286" starttime="666.88" endtime="667.1" type="s^aa" adjacency="6b-1.7a" original-type="s^aa" channel="c4" participant="fn002">
      <nite:child href="Bro018.D.words.xml#id(Bro018.w.2,409)..id(Bro018.w.2,410)"/>
   </dialogueact>
   <dialogueact nite:id="Bro018.D.dialogueact289" starttime="668.06" endtime="668.92" type="s^aa^r" original-type="s^aa^r" channel="c4" participant="fn002">
      <nite:child href="Bro018.D.words.xml#id(Bro018.w.2,418)..id(Bro018.w.2,422)"/>
   </dialogueact>
   <dialogueact nite:id="Bro018.D.dialogueact291" starttime="670.43" endtime="671.04" type="s^aa^m^rt" adjacency="8b-1" original-type="s^aa^m^rt" channel="c4" participant="fn002">
      <nite:child href="Bro018.D.words.xml#id(Bro018.w.2,429)..id(Bro018.w.2,431)"/>
   </dialogueact>
   <dialogueact nite:id="Bro018.D.dialogueact293" starttime="671.04" endtime="674.969" type="s" adjacency="8b-1+" original-type="s" channel="c4" participant="fn002">
      <nite:child href="Bro018.D.words.xml#id(Bro018.w.2,432)..id(Bro018.w.2,445)"/>
   </dialogueact>
   <dialogueact nite:id="Bro018.D.dialogueact294" starttime="675.419" endtime="681.659" type="s" adjacency="9a" original-type="s" channel="c4" participant="fn002">
      <nite:child href="Bro018.D.words.xml#id(Bro018.w.2,446)..id(Bro018.w.2,461)"/>
   </dialogueact>
   <dialogueact nite:id="Bro018.D.dialogueact321" starttime="742.387" endtime="746.137" type="s" original-type="s" channel="c4" participant="fn002">
      <nite:child href="Bro018.D.words.xml#id(Bro018.w.2,630)..id(Bro018.w.2,639)"/>
   </dialogueact>
   <dialogueact nite:id="Bro018.D.dialogueact323" starttime="746.137" endtime="755.443" type="s^rt" original-type="s^rt" channel="c4" participant="fn002">
      <nite:child href="Bro018.D.words.xml#id(Bro018.w.2,640)..id(Bro018.w.2,664)"/>
   </dialogueact>
   <dialogueact nite:id="Bro018.D.dialogueact324" starttime="756.247" endtime="759.567" type="s^rt.%--" original-type="s^rt.%--" channel="c4" participant="fn002">
      <nite:child href="Bro018.D.words.xml#id(Bro018.w.2,665)..id(Bro018.w.2,670)"/>
   </dialogueact>
   <dialogueact nite:id="Bro018.D.dialogueact326" starttime="760.067" endtime="761.137" type="s^rt.%--" original-type="s^rt.%--" channel="c4" participant="fn002">
      <nite:child href="Bro018.D.words.xml#id(Bro018.w.2,671)..id(Bro018.w.2,675)"/>
   </dialogueact>
   <dialogueact nite:id="Bro018.D.dialogueact327" starttime="761.137" endtime="762.347" type="s^rt" original-type="s^rt" channel="c4" participant="fn002">
      <nite:child href="Bro018.D.words.xml#id(Bro018.w.2,676)..id(Bro018.w.2,679)"/>
   </dialogueact>
   <dialogueact nite:id="Bro018.D.dialogueact328" starttime="763.28" endtime="765.43" type="s.%--" original-type="s.%--" channel="c4" participant="fn002">
      <nite:child href="Bro018.D.words.xml#id(Bro018.w.2,684)..id(Bro018.w.2,690)"/>
   </dialogueact>
   <dialogueact nite:id="Bro018.D.dialogueact329" starttime="765.43" endtime="768.08" type="s" original-type="s" channel="c4" participant="fn002">
      <nite:child href="Bro018.D.words.xml#id(Bro018.w.2,691)..id(Bro018.w.2,698)"/>
   </dialogueact>
   <dialogueact nite:id="Bro018.D.dialogueact331" starttime="768.819" endtime="770.939" comment="12:48" type="s" original-type="s" channel="c4" participant="fn002">
      <nite:child href="Bro018.D.words.xml#id(Bro018.w.2,703)..id(Bro018.w.2,710)"/>
   </dialogueact>
   <dialogueact nite:id="Bro018.D.dialogueact332" starttime="771.399" endtime="778.156" type="s" original-type="s" channel="c4" participant="fn002">
      <nite:child href="Bro018.D.words.xml#id(Bro018.w.2,711)..id(Bro018.w.2,725)"/>
   </dialogueact>
   <dialogueact nite:id="Bro018.D.dialogueact333" starttime="778.156" endtime="780.606" type="s^rt^tc" original-type="s^rt^tc" channel="c4" participant="fn002">
      <nite:child href="Bro018.D.words.xml#id(Bro018.w.2,726)..id(Bro018.w.2,734)"/>
   </dialogueact>
   <dialogueact nite:id="Bro018.D.dialogueact334" starttime="781.43" endtime="792.62" type="s.%--" original-type="s.%--" channel="c4" participant="fn002">
      <nite:child href="Bro018.D.words.xml#id(Bro018.w.2,735)..id(Bro018.disfmarker.100)"/>
   </dialogueact>
   <dialogueact nite:id="Bro018.D.dialogueact335" starttime="793.49" endtime="800.04" type="s^no" original-type="s^no" channel="c4" participant="fn002">
      <nite:child href="Bro018.D.words.xml#id(Bro018.w.2,757)..id(Bro018.w.2,772)"/>
   </dialogueact>
   <dialogueact nite:id="Bro018.D.dialogueact336" starttime="800.25" endtime="801.64" type="s^no" original-type="s^no" channel="c4" participant="fn002">
      <nite:child href="Bro018.D.words.xml#id(Bro018.w.2,773)..id(Bro018.w.2,779)"/>
   </dialogueact>
   <dialogueact nite:id="Bro018.D.dialogueact338" starttime="805.075" endtime="805.355" type="b" original-type="b" channel="c4" participant="fn002">
      <nite:child href="Bro018.D.words.xml#id(Bro018.w.2,790)..id(Bro018.w.2,791)"/>
   </dialogueact>
   <dialogueact nite:id="Bro018.D.dialogueact340" starttime="812.119" endtime="812.399" type="%-" original-type="%-" channel="c4" participant="fn002">
      <nite:child href="Bro018.D.words.xml#id(Bro018.w.2,817)..id(Bro018.disfmarker.101)"/>
   </dialogueact>
   <dialogueact nite:id="Bro018.D.dialogueact341" starttime="814.266" endtime="814.526" type="b" original-type="b" channel="c4" participant="fn002">
      <nite:child href="Bro018.D.words.xml#id(Bro018.w.2,818)..id(Bro018.w.2,819)"/>
   </dialogueact>
   <dialogueact nite:id="Bro018.D.dialogueact343" starttime="817.6" endtime="819.47" type="s" original-type="s" channel="c4" participant="fn002">
      <nite:child href="Bro018.D.words.xml#id(Bro018.w.2,845)..id(Bro018.w.2,850)"/>
   </dialogueact>
   <dialogueact nite:id="Bro018.D.dialogueact353" starttime="835.755" endtime="841.585" type="s.%--" original-type="s.%--" channel="c4" participant="fn002">
      <nite:child href="Bro018.D.words.xml#id(Bro018.w.2,894)..id(Bro018.disfmarker.108)"/>
   </dialogueact>
   <dialogueact nite:id="Bro018.D.dialogueact356" starttime="841.585" endtime="842.495" type="s^bd^no" original-type="s^bd^no" channel="c4" participant="fn002">
      <nite:child href="Bro018.D.words.xml#id(Bro018.w.2,910)..id(Bro018.w.2,914)"/>
   </dialogueact>
   <dialogueact nite:id="Bro018.D.dialogueact357" starttime="842.825" endtime="845.575" type="s^df" original-type="s^df" channel="c4" participant="fn002">
      <nite:child href="Bro018.D.words.xml#id(Bro018.w.2,915)..id(Bro018.w.2,925)"/>
   </dialogueact>
   <dialogueact nite:id="Bro018.D.dialogueact358" starttime="845.975" endtime="849.275" type="s^no" adjacency="5a" original-type="s^no" channel="c4" participant="fn002">
      <nite:child href="Bro018.D.words.xml#id(Bro018.w.2,926)..id(Bro018.w.2,939)"/>
   </dialogueact>
   <dialogueact nite:id="Bro018.D.dialogueact375" starttime="890.01" endtime="894.42" type="s^aa|s" original-type="s^aa|s" channel="c4" participant="fn002">
      <nite:child href="Bro018.D.words.xml#id(Bro018.w.3,065)..id(Bro018.w.3,085)"/>
   </dialogueact>
   <dialogueact nite:id="Bro018.D.dialogueact376" starttime="894.42" endtime="894.63" type="qy^d^g" original-type="qy^d^g" channel="c4" participant="fn002">
      <nite:child href="Bro018.D.words.xml#id(Bro018.w.3,086)..id(Bro018.w.3,087)"/>
   </dialogueact>
   <dialogueact nite:id="Bro018.D.dialogueact377" starttime="894.63" endtime="898.036" type="s" adjacency="6a" original-type="s" channel="c4" participant="fn002">
      <nite:child href="Bro018.D.words.xml#id(Bro018.w.3,088)..id(Bro018.w.3,097)"/>
   </dialogueact>
   <dialogueact nite:id="Bro018.D.dialogueact378" starttime="898.346" endtime="898.616" type="qy^d^g^rt" adjacency="6a+" original-type="qy^d^g^rt" channel="c4" participant="fn002">
      <nite:child href="Bro018.D.words.xml#id(Bro018.w.3,098)..id(Bro018.w.3,099)"/>
   </dialogueact>
   <dialogueact nite:id="Bro018.D.dialogueact380" starttime="903.94" endtime="904.25" type="b" original-type="b" channel="c4" participant="fn002">
      <nite:child href="Bro018.D.words.xml#id(Bro018.w.3,126)..id(Bro018.w.3,129)"/>
   </dialogueact>
   <dialogueact nite:id="Bro018.D.dialogueact386" starttime="925.96" endtime="926.2" type="b" original-type="b" channel="c4" participant="fn002">
      <nite:child href="Bro018.D.words.xml#id(Bro018.w.3,204)..id(Bro018.w.3,205)"/>
   </dialogueact>
   <dialogueact nite:id="Bro018.D.dialogueact389" starttime="930.398" endtime="936.028" type="fg|qo^cc" original-type="fg|qo^cc" channel="c4" participant="fn002">
      <nite:child href="Bro018.D.words.xml#id(Bro018.w.3,222)..id(Bro018.w.3,240)"/>
   </dialogueact>
   <dialogueact nite:id="Bro018.D.dialogueact390" starttime="936.218" endtime="940.948" type="s^am" original-type="s^am" channel="c4" participant="fn002">
      <nite:child href="Bro018.D.words.xml#id(Bro018.w.3,241)..id(Bro018.w.3,254)"/>
   </dialogueact>
   <dialogueact nite:id="Bro018.D.dialogueact392" starttime="941.9" endtime="942.22" type="s^am" original-type="s^am" channel="c4" participant="fn002">
      <nite:child href="Bro018.D.words.xml#id(Bro018.w.3,257)..id(Bro018.w.3,260)"/>
   </dialogueact>
   <dialogueact nite:id="Bro018.D.dialogueact405" starttime="968.52" endtime="968.8" type="s^bk" adjacency="10b" original-type="s^bk" channel="c4" participant="fn002">
      <nite:child href="Bro018.D.words.xml#id(Bro018.w.3,394)..id(Bro018.w.3,397)"/>
   </dialogueact>
   <dialogueact nite:id="Bro018.D.dialogueact407" starttime="970.024" endtime="972.014" type="s.%--" original-type="s.%--" channel="c4" participant="fn002">
      <nite:child href="Bro018.D.words.xml#id(Bro018.w.3,398)..id(Bro018.w.3,403)"/>
   </dialogueact>
   <dialogueact nite:id="Bro018.D.dialogueact411" starttime="977.16" endtime="980.38" type="s" adjacency="11b.12a" original-type="s" channel="c4" participant="fn002">
      <nite:child href="Bro018.D.words.xml#id(Bro018.w.3,419)..id(Bro018.w.3,428)"/>
   </dialogueact>
   <dialogueact nite:id="Bro018.D.dialogueact414" starttime="985.25" endtime="985.64" type="s^aa" adjacency="13b.14a" original-type="s^aa" channel="c4" participant="fn002">
      <nite:child href="Bro018.D.words.xml#id(Bro018.w.3,458)..id(Bro018.w.3,461)"/>
   </dialogueact>
   <dialogueact nite:id="Bro018.D.dialogueact416" starttime="987.314" endtime="990.414" type="s" original-type="s" channel="c4" participant="fn002">
      <nite:child href="Bro018.D.words.xml#id(Bro018.w.3,462)..id(Bro018.w.3,476)"/>
   </dialogueact>
   <dialogueact nite:id="Bro018.D.dialogueact421" starttime="996.196" endtime="996.586" type="b" original-type="b" channel="c4" participant="fn002">
      <nite:child href="Bro018.D.words.xml#id(Bro018.w.3,507)..id(Bro018.w.3,508)"/>
   </dialogueact>
   <dialogueact nite:id="Bro018.D.dialogueact423" starttime="997.416" endtime="997.756" type="b" original-type="b" channel="c4" participant="fn002">
      <nite:child href="Bro018.D.words.xml#id(Bro018.w.3,519)..id(Bro018.w.3,520)"/>
   </dialogueact>
</nite:root>