<?xml version="1.0" encoding="ISO-8859-1" standalone="yes"?>
<nite:root nite:id="Bro018.E.dialogue-acts" xmlns:nite="http://nite.sourceforge.net/">
   <dialogueact nite:id="Bro018.E.dialogueact7" starttime="18.54" endtime="18.78" type="b" original-type="b" channel="c5" participant="me018">
      <nite:child href="Bro018.E.words.xml#id(Bro018.w.59)..id(Bro018.w.62)"/>
   </dialogueact>
   <dialogueact nite:id="Bro018.E.dialogueact9" starttime="35.567" endtime="36.607" type="qy^bu^d^rt" adjacency="2b.3a" original-type="qy^bu^d^rt" channel="c5" participant="me018">
      <nite:child href="Bro018.E.words.xml#id(Bro018.w.86)..id(Bro018.w.90)"/>
   </dialogueact>
   <dialogueact nite:id="Bro018.E.dialogueact12" starttime="43.29" endtime="43.73" type="s^bk.%--" adjacency="4b" original-type="s^bk.%--" channel="c5" participant="me018">
      <nite:child href="Bro018.E.words.xml#id(Bro018.w.109)..id(Bro018.disfmarker.9)"/>
   </dialogueact>
   <dialogueact nite:id="Bro018.E.dialogueact13" starttime="43.88" endtime="44.5" type="s^bk" adjacency="4b+" original-type="s^bk" channel="c5" participant="me018">
      <nite:child href="Bro018.E.words.xml#id(Bro018.w.111)..id(Bro018.w.112)"/>
   </dialogueact>
   <dialogueact nite:id="Bro018.E.dialogueact15" starttime="44.5" endtime="45.22" type="s^bc" adjacency="4b++.5a" original-type="s^bc" channel="c5" participant="me018">
      <nite:child href="Bro018.E.words.xml#id(Bro018.w.113)..id(Bro018.w.116)"/>
   </dialogueact>
   <dialogueact nite:id="Bro018.E.dialogueact17" starttime="45.794" endtime="46.054" type="b" original-type="b" channel="c5" participant="me018">
      <nite:child href="Bro018.E.words.xml#id(Bro018.w.129)..id(Bro018.w.130)"/>
   </dialogueact>
   <dialogueact nite:id="Bro018.E.dialogueact28" starttime="89.4" endtime="89.57" type="b" original-type="b" channel="c5" participant="me018">
      <nite:child href="Bro018.E.words.xml#id(Bro018.w.257)..id(Bro018.w.258)"/>
   </dialogueact>
   <dialogueact nite:id="Bro018.E.dialogueact54" starttime="152.996" endtime="153.716" type="qw" adjacency="9a" original-type="qw" channel="c5" participant="me018">
      <nite:child href="Bro018.E.words.xml#id(Bro018.w.467)..id(Bro018.w.472)"/>
   </dialogueact>
   <dialogueact nite:id="Bro018.E.dialogueact55" starttime="153.876" endtime="154.566" type="s^df" adjacency="9a+" original-type="s^df" channel="c5" participant="me018">
      <nite:child href="Bro018.E.words.xml#id(Bro018.w.473)..id(Bro018.w.479)"/>
   </dialogueact>
   <dialogueact nite:id="Bro018.E.dialogueact58" starttime="155.47" endtime="155.7" type="s^bk" adjacency="11b" original-type="s^bk" channel="c5" participant="me018">
      <nite:child href="Bro018.E.words.xml#id(Bro018.w.489)..id(Bro018.w.490)"/>
   </dialogueact>
   <dialogueact nite:id="Bro018.E.dialogueact127" starttime="306.75" endtime="315.05" comment="FBH" type="s^bu.%--" adjacency="8a" original-type="s^bu.%--" channel="c5" participant="me018">
      <nite:child href="Bro018.E.words.xml#id(Bro018.w.1,047)..id(Bro018.disfmarker.40)"/>
   </dialogueact>
   <dialogueact nite:id="Bro018.E.dialogueact134" starttime="324.71" endtime="325.06" type="s^bk" adjacency="9b" original-type="s^bk" channel="c5" participant="me018">
      <nite:child href="Bro018.E.words.xml#id(Bro018.w.1,135)..id(Bro018.w.1,136)"/>
   </dialogueact>
   <dialogueact nite:id="Bro018.E.dialogueact166" starttime="438.055" endtime="438.295" type="b" original-type="b" channel="c5" participant="me018">
      <nite:child href="Bro018.E.words.xml#id(Bro018.w.1,520)..id(Bro018.w.1,521)"/>
   </dialogueact>
   <dialogueact nite:id="Bro018.E.dialogueact174" starttime="460.05" endtime="462.74" type="s" original-type="s" channel="c5" participant="me018">
      <nite:child href="Bro018.E.words.xml#id(Bro018.w.1,588)..id(Bro018.w.1,596)"/>
   </dialogueact>
   <dialogueact nite:id="Bro018.E.dialogueact175" starttime="462.74" endtime="464.66" type="s" original-type="s" channel="c5" participant="me018">
      <nite:child href="Bro018.E.words.xml#id(Bro018.w.1,597)..id(Bro018.w.1,603)"/>
   </dialogueact>
   <dialogueact nite:id="Bro018.E.dialogueact184" starttime="481.419" endtime="481.969" type="b" original-type="b" channel="c5" participant="me018">
      <nite:child href="Bro018.E.words.xml#id(Bro018.w.1,668)..id(Bro018.w.1,671)"/>
   </dialogueact>
   <dialogueact nite:id="Bro018.E.dialogueact197" starttime="511.81" endtime="514.35" type="qw" adjacency="4a" original-type="qw" channel="c5" participant="me018">
      <nite:child href="Bro018.E.words.xml#id(Bro018.w.1,790)..id(Bro018.w.1,805)"/>
   </dialogueact>
   <dialogueact nite:id="Bro018.E.dialogueact199" starttime="516.67" endtime="516.85" type="s^bk^rt" adjacency="5b.6a" original-type="s^bk^rt" channel="c5" participant="me018">
      <nite:child href="Bro018.E.words.xml#id(Bro018.w.1,812)..id(Bro018.w.1,813)"/>
   </dialogueact>
   <dialogueact nite:id="Bro018.E.dialogueact201" starttime="518.899" endtime="519.179" type="s^bk" adjacency="7b-1" original-type="s^bk" channel="c5" participant="me018">
      <nite:child href="Bro018.E.words.xml#id(Bro018.w.1,821)..id(Bro018.w.1,822)"/>
   </dialogueact>
   <dialogueact nite:id="Bro018.E.dialogueact278" starttime="655.357" endtime="659.43" type="qy^d^rt" adjacency="3a" original-type="qy^d^rt" channel="c5" participant="me018">
      <nite:child href="Bro018.E.words.xml#id(Bro018.w.2,368)..id(Bro018.w.2,383)"/>
   </dialogueact>
   <dialogueact nite:id="Bro018.E.dialogueact283" starttime="664.95" endtime="665.35" type="s^bk" adjacency="5b-1" original-type="s^bk" channel="c5" participant="me018">
      <nite:child href="Bro018.E.words.xml#id(Bro018.w.2,395)..id(Bro018.w.2,396)"/>
   </dialogueact>
   <dialogueact nite:id="Bro018.E.dialogueact285" starttime="665.51" endtime="665.77" type="b.%" original-type="b.%" channel="c5" participant="me018">
      <nite:child href="Bro018.E.words.xml#id(Bro018.w.2,407)..id(Bro018.w.2,408)"/>
   </dialogueact>
   <dialogueact nite:id="Bro018.E.dialogueact299" starttime="694.63" endtime="694.87" type="qy^bh" adjacency="10b.11a" original-type="qy^bh" channel="c5" participant="me018">
      <nite:child href="Bro018.E.words.xml#id(Bro018.w.2,493)..id(Bro018.w.2,494)"/>
   </dialogueact>
   <dialogueact nite:id="Bro018.E.dialogueact307" starttime="704.72" endtime="705.23" type="qw^d.%--" adjacency="1b-2" original-type="qw^d.%--" channel="c5" participant="me018">
      <nite:child href="Bro018.E.words.xml#id(Bro018.w.2,526)..id(Bro018.disfmarker.92)"/>
   </dialogueact>
   <dialogueact nite:id="Bro018.E.dialogueact308" starttime="705.38" endtime="705.99" type="qy^bu^d^rt" adjacency="1b-2+.2a" original-type="qy^bu^d^rt" channel="c5" participant="me018">
      <nite:child href="Bro018.E.words.xml#id(Bro018.w.2,528)..id(Bro018.w.2,530)"/>
   </dialogueact>
   <dialogueact nite:id="Bro018.E.dialogueact310" starttime="707.006" endtime="707.156" type="s^fe" adjacency="3b" original-type="s^fe" channel="c5" participant="me018">
      <nite:child href="Bro018.E.words.xml#id(Bro018.w.2,533)..id(Bro018.w.2,534)"/>
   </dialogueact>
   <dialogueact nite:id="Bro018.E.dialogueact314" starttime="726.752" endtime="727.132" type="b" original-type="b" channel="c5" participant="me018">
      <nite:child href="Bro018.E.words.xml#id(Bro018.w.2,595)..id(Bro018.w.2,596)"/>
   </dialogueact>
   <dialogueact nite:id="Bro018.E.dialogueact316" starttime="729.791" endtime="732.02" type="qw" adjacency="4a" original-type="qw" channel="c5" participant="me018">
      <nite:child href="Bro018.E.words.xml#id(Bro018.w.2,599)..id(Bro018.w.2,608)"/>
   </dialogueact>
   <dialogueact nite:id="Bro018.E.dialogueact318" starttime="736.035" endtime="736.405" type="b" original-type="b" channel="c5" participant="me018">
      <nite:child href="Bro018.E.words.xml#id(Bro018.w.2,622)..id(Bro018.w.2,623)"/>
   </dialogueact>
   <dialogueact nite:id="Bro018.E.dialogueact337" starttime="803.94" endtime="805.53" type="qy^br^d^rt" original-type="qy^br^d^rt" channel="c5" participant="me018">
      <nite:child href="Bro018.E.words.xml#id(Bro018.w.2,780)..id(Bro018.w.2,789)"/>
   </dialogueact>
   <dialogueact nite:id="Bro018.E.dialogueact347" starttime="823.33" endtime="825.06" type="qy^rt" original-type="qy^rt" channel="c5" participant="me018">
      <nite:child href="Bro018.E.words.xml#id(Bro018.w.2,851)..id(Bro018.w.2,858)"/>
   </dialogueact>
   <dialogueact nite:id="Bro018.E.dialogueact349" starttime="825.06" endtime="825.09" type="qrr.%--" original-type="qrr.%--" channel="c5" participant="me018">
      <nite:child href="Bro018.E.words.xml#id(Bro018.w.2,859)..id(Bro018.w.2,860)"/>
   </dialogueact>
   <dialogueact nite:id="Bro018.E.dialogueact354" starttime="837.43" endtime="838.41" type="s" original-type="s" channel="c5" participant="me018">
      <nite:child href="Bro018.E.words.xml#id(Bro018.w.2,940)..id(Bro018.w.2,942)"/>
   </dialogueact>
   <dialogueact nite:id="Bro018.E.dialogueact360" starttime="850.29" endtime="857.55" type="s" original-type="s" channel="c5" participant="me018">
      <nite:child href="Bro018.E.words.xml#id(Bro018.w.2,957)..id(Bro018.w.2,979)"/>
   </dialogueact>
   <dialogueact nite:id="Bro018.E.dialogueact365" starttime="865.0" endtime="866.88" type="qy^rt" original-type="qy^rt" channel="c5" participant="me018">
      <nite:child href="Bro018.E.words.xml#id(Bro018.w.2,988)..id(Bro018.w.2,998)"/>
   </dialogueact>
   <dialogueact nite:id="Bro018.E.dialogueact366" starttime="866.88" endtime="866.93" type="qrr.%--" original-type="qrr.%--" channel="c5" participant="me018">
      <nite:child href="Bro018.E.words.xml#id(Bro018.w.2,999)..id(Bro018.w.3,000)"/>
   </dialogueact>
   <dialogueact nite:id="Bro018.E.dialogueact370" starttime="880.289" endtime="880.699" type="b" original-type="b" channel="c5" participant="me018">
   </dialogueact>
   <dialogueact nite:id="Bro018.E.dialogueact393" starttime="948.68" endtime="950.65" type="fg|s^cs" adjacency="8b.9a" original-type="fg|s^cs" channel="c5" participant="me018">
      <nite:child href="Bro018.E.words.xml#id(Bro018.w.3,282)..id(Bro018.w.3,297)"/>
   </dialogueact>
   <dialogueact nite:id="Bro018.E.dialogueact395" starttime="950.94" endtime="951.67" type="s^e" adjacency="8b+.9a+" original-type="s^e" channel="c5" participant="me018">
      <nite:child href="Bro018.E.words.xml#id(Bro018.w.3,298)..id(Bro018.w.3,302)"/>
   </dialogueact>
   <dialogueact nite:id="Bro018.E.dialogueact401" starttime="959.65" endtime="961.32" type="s" original-type="s" channel="c5" participant="me018">
      <nite:child href="Bro018.E.words.xml#id(Bro018.w.3,347)..id(Bro018.w.3,359)"/>
   </dialogueact>
   <dialogueact nite:id="Bro018.E.dialogueact402" starttime="961.32" endtime="961.38" type="fh" original-type="fh" channel="c5" participant="me018">
      <nite:child href="Bro018.E.words.xml#id(Bro018.w.3,360)..id(Bro018.disfmarker.130)"/>
   </dialogueact>
   <dialogueact nite:id="Bro018.E.dialogueact424" starttime="998.13" endtime="1002.84" comment="FBH" type="qy" adjacency="15a" original-type="qy" channel="c5" participant="me018">
      <nite:child href="Bro018.E.words.xml#id(Bro018.w.3,521)..id(Bro018.w.3,534)"/>
   </dialogueact>
   <dialogueact nite:id="Bro018.E.dialogueact432" starttime="1031.53" endtime="1031.88" type="b" original-type="b" channel="c5" participant="me018">
      <nite:child href="Bro018.E.words.xml#id(Bro018.w.3,647)..id(Bro018.w.3,650)"/>
   </dialogueact>
   <dialogueact nite:id="Bro018.E.dialogueact435" starttime="1035.14" endtime="1035.52" type="b" original-type="b" channel="c5" participant="me018">
   </dialogueact>
   <dialogueact nite:id="Bro018.E.dialogueact437" starttime="1045.35" endtime="1045.69" type="b" original-type="b" channel="c5" participant="me018">
      <nite:child href="Bro018.E.words.xml#id(Bro018.w.3,695)..id(Bro018.w.3,698)"/>
   </dialogueact>
   <dialogueact nite:id="Bro018.E.dialogueact438" starttime="1045.36" endtime="1045.7" type="b" original-type="b" channel="c5" participant="me018">
   </dialogueact>
   <dialogueact nite:id="Bro018.E.dialogueact449" starttime="1076.62" endtime="1076.94" type="s^ba" adjacency="18b" original-type="s^ba" channel="c5" participant="me018">
      <nite:child href="Bro018.E.words.xml#id(Bro018.w.3,798)..id(Bro018.w.3,799)"/>
   </dialogueact>
   <dialogueact nite:id="Bro018.E.dialogueact481" starttime="1254.72" endtime="1255.05" type="b" original-type="b" channel="c5" participant="me018">
      <nite:child href="Bro018.E.words.xml#id(Bro018.w.4,319)..id(Bro018.w.4,322)"/>
   </dialogueact>
   <dialogueact nite:id="Bro018.E.dialogueact484" starttime="1277.88" endtime="1278.17" type="b" original-type="b" channel="c5" participant="me018">
      <nite:child href="Bro018.E.words.xml#id(Bro018.w.4,382)..id(Bro018.w.4,385)"/>
   </dialogueact>
   <dialogueact nite:id="Bro018.E.dialogueact492" starttime="1310.22" endtime="1310.75" type="b" original-type="b" channel="c5" participant="me018">
      <nite:child href="Bro018.E.words.xml#id(Bro018.w.4,497)..id(Bro018.w.4,500)"/>
   </dialogueact>
   <dialogueact nite:id="Bro018.E.dialogueact498" starttime="1348.72" endtime="1349.03" type="b" original-type="b" channel="c5" participant="me018">
      <nite:child href="Bro018.E.words.xml#id(Bro018.w.4,596)..id(Bro018.w.4,599)"/>
   </dialogueact>
   <dialogueact nite:id="Bro018.E.dialogueact501" starttime="1355.04" endtime="1356.13" type="s^ba" adjacency="1b.2a" original-type="sj^ba" channel="c5" participant="me018">
      <nite:child href="Bro018.E.words.xml#id(Bro018.w.4,612)..id(Bro018.w.4,620)"/>
   </dialogueact>
   <dialogueact nite:id="Bro018.E.dialogueact503" starttime="1356.75" endtime="1356.98" type="b" original-type="b" channel="c5" participant="me018">
      <nite:child href="Bro018.E.words.xml#id(Bro018.w.4,623)..id(Bro018.w.4,624)"/>
   </dialogueact>
   <dialogueact nite:id="Bro018.E.dialogueact506" starttime="1359.53" endtime="1360.02" type="b" original-type="b" channel="c5" participant="me018">
      <nite:child href="Bro018.E.words.xml#id(Bro018.w.4,646)..id(Bro018.w.4,649)"/>
   </dialogueact>
   <dialogueact nite:id="Bro018.E.dialogueact507" starttime="1365.26" endtime="1365.6" type="b" original-type="b" channel="c5" participant="me018">
      <nite:child href="Bro018.E.words.xml#id(Bro018.w.4,656)..id(Bro018.w.4,657)"/>
   </dialogueact>
   <dialogueact nite:id="Bro018.E.dialogueact509" starttime="1368.13" endtime="1377.12" type="fg|s^cs" adjacency="3a" original-type="fg|s^cs" channel="c5" participant="me018">
      <nite:child href="Bro018.E.words.xml#id(Bro018.w.4,660)..id(Bro018.w.4,696)"/>
   </dialogueact>
   <dialogueact nite:id="Bro018.E.dialogueact510" starttime="1377.12" endtime="1381.98" type="s^cs" adjacency="3a+" original-type="s^cs" channel="c5" participant="me018">
      <nite:child href="Bro018.E.words.xml#id(Bro018.w.4,697)..id(Bro018.w.4,711)"/>
   </dialogueact>
   <dialogueact nite:id="Bro018.E.dialogueact512" starttime="1381.98" endtime="1386.95" type="s" adjacency="3a++" original-type="s" channel="c5" participant="me018">
      <nite:child href="Bro018.E.words.xml#id(Bro018.w.4,712)..id(Bro018.w.4,731)"/>
   </dialogueact>
   <dialogueact nite:id="Bro018.E.dialogueact514" starttime="1387.71" endtime="1388.0" type="b" original-type="b" channel="c5" participant="me018">
      <nite:child href="Bro018.E.words.xml#id(Bro018.w.4,749)..id(Bro018.w.4,750)"/>
   </dialogueact>
   <dialogueact nite:id="Bro018.E.dialogueact517" starttime="1395.51" endtime="1395.99" type="b.%" original-type="b.%" channel="c5" participant="me018">
      <nite:child href="Bro018.E.words.xml#id(Bro018.w.4,793)..id(Bro018.w.4,796)"/>
   </dialogueact>
   <dialogueact nite:id="Bro018.E.dialogueact519" starttime="1398.45" endtime="1398.75" type="b" original-type="b" channel="c5" participant="me018">
      <nite:child href="Bro018.E.words.xml#id(Bro018.w.4,797)..id(Bro018.w.4,798)"/>
   </dialogueact>
   <dialogueact nite:id="Bro018.E.dialogueact520" starttime="1399.14" endtime="1399.37" type="b" original-type="b" channel="c5" participant="me018">
      <nite:child href="Bro018.E.words.xml#id(Bro018.w.4,799)..id(Bro018.w.4,800)"/>
   </dialogueact>
   <dialogueact nite:id="Bro018.E.dialogueact524" starttime="1413.85" endtime="1414.45" type="b" original-type="b" channel="c5" participant="me018">
      <nite:child href="Bro018.E.words.xml#id(Bro018.w.4,868)..id(Bro018.w.4,871)"/>
   </dialogueact>
   <dialogueact nite:id="Bro018.E.dialogueact525" starttime="1417.14" endtime="1422.86" type="s.x" adjacency="4a" original-type="s.x" channel="c5" participant="me018">
      <nite:child href="Bro018.E.words.xml#id(Bro018.w.4,872)..id(Bro018.w.4,884)"/>
   </dialogueact>
   <dialogueact nite:id="Bro018.E.dialogueact531" starttime="1441.19" endtime="1444.39" type="s^arp.%--" adjacency="5b.6a" original-type="s^arp.%--" channel="c5" participant="me018">
      <nite:child href="Bro018.E.words.xml#id(Bro018.w.4,931)..id(Bro018.disfmarker.197)"/>
   </dialogueact>
   <dialogueact nite:id="Bro018.E.dialogueact533" starttime="1446.55" endtime="1446.78" type="s^bk" adjacency="7b" original-type="s^bk" channel="c5" participant="me018">
      <nite:child href="Bro018.E.words.xml#id(Bro018.w.4,959)..id(Bro018.w.4,960)"/>
   </dialogueact>
   <dialogueact nite:id="Bro018.E.dialogueact534" starttime="1446.86" endtime="1447.07" type="b" original-type="b" channel="c5" participant="me018">
      <nite:child href="Bro018.E.words.xml#id(Bro018.w.4,961)..id(Bro018.w.4,964)"/>
   </dialogueact>
   <dialogueact nite:id="Bro018.E.dialogueact535" starttime="1447.52" endtime="1447.65" type="b" original-type="b" channel="c5" participant="me018">
      <nite:child href="Bro018.E.words.xml#id(Bro018.w.4,970)..id(Bro018.w.4,971)"/>
   </dialogueact>
   <dialogueact nite:id="Bro018.E.dialogueact536" starttime="1449.41" endtime="1450.29" type="s" adjacency="8a" original-type="s" channel="c5" participant="me018">
      <nite:child href="Bro018.E.words.xml#id(Bro018.w.4,972)..id(Bro018.w.4,976)"/>
   </dialogueact>
   <dialogueact nite:id="Bro018.E.dialogueact540" starttime="1455.51" endtime="1455.8" type="b" original-type="b" channel="c5" participant="me018">
      <nite:child href="Bro018.E.words.xml#id(Bro018.w.5,009)..id(Bro018.w.5,010)"/>
   </dialogueact>
   <dialogueact nite:id="Bro018.E.dialogueact555" starttime="1514.17" endtime="1517.21" type="qw^rt" adjacency="10b.11a" original-type="qw^rt" channel="c5" participant="me018">
      <nite:child href="Bro018.E.words.xml#id(Bro018.w.5,144)..id(Bro018.w.5,153)"/>
   </dialogueact>
   <dialogueact nite:id="Bro018.E.dialogueact556" starttime="1517.21" endtime="1517.48" type="qw.%--" original-type="qw.%--" channel="c5" participant="me018">
      <nite:child href="Bro018.E.words.xml#id(Bro018.w.5,154)..id(Bro018.disfmarker.207)"/>
   </dialogueact>
   <dialogueact nite:id="Bro018.E.dialogueact558" starttime="1524.84" endtime="1525.27" type="b" original-type="b" channel="c5" participant="me018">
      <nite:child href="Bro018.E.words.xml#id(Bro018.w.5,173)..id(Bro018.w.5,174)"/>
   </dialogueact>
   <dialogueact nite:id="Bro018.E.dialogueact560" starttime="1533.38" endtime="1533.81" type="b" original-type="b" channel="c5" participant="me018">
      <nite:child href="Bro018.E.words.xml#id(Bro018.w.5,198)..id(Bro018.w.5,199)"/>
   </dialogueact>
   <dialogueact nite:id="Bro018.E.dialogueact567" starttime="1542.56" endtime="1546.13" type="qy^rt" adjacency="1a" original-type="qy^rt" channel="c5" participant="me018">
      <nite:child href="Bro018.E.words.xml#id(Bro018.w.5,220)..id(Bro018.w.5,230)"/>
   </dialogueact>
   <dialogueact nite:id="Bro018.E.dialogueact568" starttime="1546.13" endtime="1549.53" type="qw^g" adjacency="1a+" original-type="qw^g" channel="c5" participant="me018">
      <nite:child href="Bro018.E.words.xml#id(Bro018.w.5,231)..id(Bro018.w.5,243)"/>
   </dialogueact>
   <dialogueact nite:id="Bro018.E.dialogueact573" starttime="1559.96" endtime="1560.34" type="b" original-type="b" channel="c5" participant="me018">
      <nite:child href="Bro018.E.words.xml#id(Bro018.w.5,281)..id(Bro018.w.5,284)"/>
   </dialogueact>
   <dialogueact nite:id="Bro018.E.dialogueact575" starttime="1565.68" endtime="1566.15" type="b" original-type="b" channel="c5" participant="me018">
      <nite:child href="Bro018.E.words.xml#id(Bro018.w.5,285)..id(Bro018.w.5,288)"/>
   </dialogueact>
   <dialogueact nite:id="Bro018.E.dialogueact576" starttime="1569.71" endtime="1570.06" type="b" original-type="b" channel="c5" participant="me018">
      <nite:child href="Bro018.E.words.xml#id(Bro018.w.5,297)..id(Bro018.w.5,300)"/>
   </dialogueact>
   <dialogueact nite:id="Bro018.E.dialogueact580" starttime="1585.41" endtime="1585.73" type="b" original-type="b" channel="c5" participant="me018">
      <nite:child href="Bro018.E.words.xml#id(Bro018.w.5,340)..id(Bro018.w.5,343)"/>
   </dialogueact>
   <dialogueact nite:id="Bro018.E.dialogueact583" starttime="1602.27" endtime="1602.6" type="b^rt" original-type="b^rt" channel="c5" participant="me018">
      <nite:child href="Bro018.E.words.xml#id(Bro018.w.5,384)..id(Bro018.w.5,385)"/>
   </dialogueact>
   <dialogueact nite:id="Bro018.E.dialogueact585" starttime="1616.74" endtime="1618.39" type="qw" adjacency="3b.4a" original-type="qw" channel="c5" participant="me018">
      <nite:child href="Bro018.E.words.xml#id(Bro018.w.5,426)..id(Bro018.w.5,431)"/>
   </dialogueact>
   <dialogueact nite:id="Bro018.E.dialogueact586" starttime="1618.39" endtime="1621.56" type="qw^g" adjacency="3b+.4a+" original-type="qw^g" channel="c5" participant="me018">
      <nite:child href="Bro018.E.words.xml#id(Bro018.w.5,432)..id(Bro018.w.5,445)"/>
   </dialogueact>
   <dialogueact nite:id="Bro018.E.dialogueact595" starttime="1635.55" endtime="1635.81" type="b" original-type="b" channel="c5" participant="me018">
      <nite:child href="Bro018.E.words.xml#id(Bro018.w.5,475)..id(Bro018.w.5,476)"/>
   </dialogueact>
   <dialogueact nite:id="Bro018.E.dialogueact597" starttime="1637.07" endtime="1637.88" type="s^2" adjacency="5b" original-type="s^2" channel="c5" participant="me018">
      <nite:child href="Bro018.E.words.xml#id(Bro018.w.5,489)..id(Bro018.w.5,493)"/>
   </dialogueact>
   <dialogueact nite:id="Bro018.E.dialogueact599" starttime="1641.04" endtime="1641.46" type="b" original-type="b" channel="c5" participant="me018">
      <nite:child href="Bro018.E.words.xml#id(Bro018.w.5,513)..id(Bro018.w.5,516)"/>
   </dialogueact>
   <dialogueact nite:id="Bro018.E.dialogueact608" starttime="1665.78" endtime="1666.16" type="b" original-type="b" channel="c5" participant="me018">
      <nite:child href="Bro018.E.words.xml#id(Bro018.w.5,630)..id(Bro018.w.5,631)"/>
   </dialogueact>
   <dialogueact nite:id="Bro018.E.dialogueact609" starttime="1672.6" endtime="1673.04" type="b" original-type="b" channel="c5" participant="me018">
      <nite:child href="Bro018.E.words.xml#id(Bro018.w.5,632)..id(Bro018.w.5,635)"/>
   </dialogueact>
   <dialogueact nite:id="Bro018.E.dialogueact611" starttime="1678.53" endtime="1679.1" type="s^bk" adjacency="6b" original-type="s^bk" channel="c5" participant="me018">
      <nite:child href="Bro018.E.words.xml#id(Bro018.w.5,656)..id(Bro018.w.5,658)"/>
   </dialogueact>
   <dialogueact nite:id="Bro018.E.dialogueact613" starttime="1679.95" endtime="1685.42" type="s^bs" original-type="s^bs" channel="c5" participant="me018">
      <nite:child href="Bro018.E.words.xml#id(Bro018.w.5,661)..id(Bro018.w.5,682)"/>
   </dialogueact>
   <dialogueact nite:id="Bro018.E.dialogueact614" starttime="1685.42" endtime="1685.58" type="%--" original-type="%--" channel="c5" participant="me018">
      <nite:child href="Bro018.E.words.xml#id(Bro018.w.5,683)..id(Bro018.disfmarker.235)"/>
   </dialogueact>
   <dialogueact nite:id="Bro018.E.dialogueact616" starttime="1686.88" endtime="1687.25" type="b" original-type="b" channel="c5" participant="me018">
      <nite:child href="Bro018.E.words.xml#id(Bro018.w.5,686)..id(Bro018.w.5,687)"/>
   </dialogueact>
   <dialogueact nite:id="Bro018.E.dialogueact623" starttime="1715.52" endtime="1715.77" type="b" original-type="b" channel="c5" participant="me018">
      <nite:child href="Bro018.E.words.xml#id(Bro018.w.5,783)..id(Bro018.w.5,786)"/>
   </dialogueact>
   <dialogueact nite:id="Bro018.E.dialogueact626" starttime="1732.82" endtime="1733.23" type="b.%" original-type="b.%" channel="c5" participant="me018">
      <nite:child href="Bro018.E.words.xml#id(Bro018.w.5,833)..id(Bro018.w.5,834)"/>
   </dialogueact>
   <dialogueact nite:id="Bro018.E.dialogueact644" starttime="1775.65" endtime="1778.81" type="s^bu" adjacency="12a" original-type="s^bu" channel="c5" participant="me018">
      <nite:child href="Bro018.E.words.xml#id(Bro018.w.5,990)..id(Bro018.w.6,005)"/>
   </dialogueact>
   <dialogueact nite:id="Bro018.E.dialogueact666" starttime="1814.61" endtime="1817.54" type="qy^rt" adjacency="8a" original-type="qy^rt" channel="c5" participant="me018">
      <nite:child href="Bro018.E.words.xml#id(Bro018.w.6,148)..id(Bro018.w.6,157)"/>
   </dialogueact>
   <dialogueact nite:id="Bro018.E.dialogueact670" starttime="1821.52" endtime="1821.83" type="b" original-type="b" channel="c5" participant="me018">
      <nite:child href="Bro018.E.words.xml#id(Bro018.w.6,181)..id(Bro018.w.6,182)"/>
   </dialogueact>
   <dialogueact nite:id="Bro018.E.dialogueact675" starttime="1833.54" endtime="1833.83" type="b" original-type="b" channel="c5" participant="me018">
      <nite:child href="Bro018.E.words.xml#id(Bro018.w.6,233)..id(Bro018.w.6,234)"/>
   </dialogueact>
   <dialogueact nite:id="Bro018.E.dialogueact677" starttime="1839.77" endtime="1840.17" type="b" original-type="b" channel="c5" participant="me018">
      <nite:child href="Bro018.E.words.xml#id(Bro018.w.6,257)..id(Bro018.w.6,260)"/>
   </dialogueact>
   <dialogueact nite:id="Bro018.E.dialogueact682" starttime="1846.07" endtime="1846.26" type="b" original-type="b" channel="c5" participant="me018">
      <nite:child href="Bro018.E.words.xml#id(Bro018.w.6,288)..id(Bro018.w.6,289)"/>
   </dialogueact>
   <dialogueact nite:id="Bro018.E.dialogueact695" starttime="1877.79" endtime="1879.33" type="qy^rt" adjacency="2a" original-type="qy^rt" channel="c5" participant="me018">
      <nite:child href="Bro018.E.words.xml#id(Bro018.w.6,400)..id(Bro018.w.6,409)"/>
   </dialogueact>
   <dialogueact nite:id="Bro018.E.dialogueact725" starttime="1928.17" endtime="1934.69" type="qy^bu^d^rt" adjacency="5a" original-type="qy^bu^d^rt" channel="c5" participant="me018">
      <nite:child href="Bro018.E.words.xml#id(Bro018.w.6,628)..id(Bro018.w.6,656)"/>
   </dialogueact>
   <dialogueact nite:id="Bro018.E.dialogueact730" starttime="1937.83" endtime="1938.12" type="s^aa" adjacency="6b.7a" original-type="s^aa" channel="c5" participant="me018">
      <nite:child href="Bro018.E.words.xml#id(Bro018.w.6,667)..id(Bro018.w.6,668)"/>
   </dialogueact>
   <dialogueact nite:id="Bro018.E.dialogueact733" starttime="1939.53" endtime="1940.66" type="qy.%--" adjacency="8a" original-type="qy.%--" channel="c5" participant="me018">
      <nite:child href="Bro018.E.words.xml#id(Bro018.w.6,672)..id(Bro018.disfmarker.292)"/>
   </dialogueact>
   <dialogueact nite:id="Bro018.E.dialogueact736" starttime="1954.16" endtime="1954.57" type="b" original-type="b" channel="c5" participant="me018">
      <nite:child href="Bro018.E.words.xml#id(Bro018.w.6,713)..id(Bro018.w.6,716)"/>
   </dialogueact>
   <dialogueact nite:id="Bro018.E.dialogueact737" starttime="1955.37" endtime="1955.59" type="b" original-type="b" channel="c5" participant="me018">
      <nite:child href="Bro018.E.words.xml#id(Bro018.w.6,717)..id(Bro018.w.6,720)"/>
   </dialogueact>
   <dialogueact nite:id="Bro018.E.dialogueact738" starttime="1955.91" endtime="1957.21" type="%--" adjacency="9a" original-type="%--" channel="c5" participant="me018">
      <nite:child href="Bro018.E.words.xml#id(Bro018.w.6,721)..id(Bro018.w.6,726)"/>
   </dialogueact>
   <dialogueact nite:id="Bro018.E.dialogueact739" starttime="1957.47" endtime="1959.97" type="qw" adjacency="9a+" original-type="qw" channel="c5" participant="me018">
      <nite:child href="Bro018.E.words.xml#id(Bro018.w.6,727)..id(Bro018.w.6,738)"/>
   </dialogueact>
   <dialogueact nite:id="Bro018.E.dialogueact740" starttime="1959.97" endtime="1961.97" type="qy^d^g^rt" adjacency="9a++" original-type="qy^d^g^rt" channel="c5" participant="me018">
      <nite:child href="Bro018.E.words.xml#id(Bro018.w.6,739)..id(Bro018.w.6,746)"/>
   </dialogueact>
   <dialogueact nite:id="Bro018.E.dialogueact742" starttime="1961.97" endtime="1966.52" type="qrr^d^g^rt" adjacency="9a+++" original-type="qrr^d^g^rt" channel="c5" participant="me018">
      <nite:child href="Bro018.E.words.xml#id(Bro018.w.6,747)..id(Bro018.w.6,762)"/>
   </dialogueact>
   <dialogueact nite:id="Bro018.E.dialogueact746" starttime="1966.52" endtime="1966.61" type="qrr^g.%--" original-type="qrr^g.%--" channel="c5" participant="me018">
      <nite:child href="Bro018.E.words.xml#id(Bro018.w.6,763)..id(Bro018.w.6,764)"/>
   </dialogueact>
   <dialogueact nite:id="Bro018.E.dialogueact747" starttime="1971.13" endtime="1971.54" type="b.%" original-type="b.%" channel="c5" participant="me018">
      <nite:child href="Bro018.E.words.xml#id(Bro018.w.6,786)..id(Bro018.w.6,789)"/>
   </dialogueact>
   <dialogueact nite:id="Bro018.E.dialogueact752" starttime="1996.47" endtime="1996.94" type="s^am" adjacency="10b.11a" original-type="s^am" channel="c5" participant="me018">
      <nite:child href="Bro018.E.words.xml#id(Bro018.w.6,834)..id(Bro018.w.6,837)"/>
   </dialogueact>
   <dialogueact nite:id="Bro018.E.dialogueact754" starttime="1998.48" endtime="2005.03" type="s^no" original-type="s^no" channel="c5" participant="me018">
      <nite:child href="Bro018.E.words.xml#id(Bro018.w.6,841)..id(Bro018.w.6,863)"/>
   </dialogueact>
   <dialogueact nite:id="Bro018.E.dialogueact756" starttime="2005.03" endtime="2012.1" type="qy^rt" adjacency="1a" original-type="qy^rt" channel="c5" participant="me018">
      <nite:child href="Bro018.E.words.xml#id(Bro018.w.6,864)..id(Bro018.w.6,893)"/>
   </dialogueact>
   <dialogueact nite:id="Bro018.E.dialogueact758" starttime="2012.16" endtime="2012.5" type="qrr^g.%--" adjacency="1a+" original-type="qrr^g.%--" channel="c5" participant="me018">
      <nite:child href="Bro018.E.words.xml#id(Bro018.w.6,894)..id(Bro018.w.6,895)"/>
   </dialogueact>
   <dialogueact nite:id="Bro018.E.dialogueact763" starttime="2017.76" endtime="2018.05" type="b" original-type="b" channel="c5" participant="me018">
      <nite:child href="Bro018.E.words.xml#id(Bro018.w.6,918)..id(Bro018.w.6,921)"/>
   </dialogueact>
   <dialogueact nite:id="Bro018.E.dialogueact764" starttime="2025.47" endtime="2025.9" type="s^bk" adjacency="2b" original-type="s^bk" channel="c5" participant="me018">
      <nite:child href="Bro018.E.words.xml#id(Bro018.w.6,941)..id(Bro018.w.6,943)"/>
   </dialogueact>
   <dialogueact nite:id="Bro018.E.dialogueact768" starttime="2031.39" endtime="2031.59" type="b" original-type="b" channel="c5" participant="me018">
      <nite:child href="Bro018.E.words.xml#id(Bro018.w.6,956)..id(Bro018.w.6,957)"/>
   </dialogueact>
   <dialogueact nite:id="Bro018.E.dialogueact769" starttime="2034.61" endtime="2034.91" type="b" original-type="b" channel="c5" participant="me018">
      <nite:child href="Bro018.E.words.xml#id(Bro018.w.6,977)..id(Bro018.w.6,980)"/>
   </dialogueact>
   <dialogueact nite:id="Bro018.E.dialogueact772" starttime="2047.02" endtime="2047.31" type="b" original-type="b" channel="c5" participant="me018">
      <nite:child href="Bro018.E.words.xml#id(Bro018.w.7,002)..id(Bro018.w.7,005)"/>
   </dialogueact>
   <dialogueact nite:id="Bro018.E.dialogueact774" starttime="2050.03" endtime="2050.26" type="b" original-type="b" channel="c5" participant="me018">
      <nite:child href="Bro018.E.words.xml#id(Bro018.w.7,027)..id(Bro018.w.7,028)"/>
   </dialogueact>
   <dialogueact nite:id="Bro018.E.dialogueact775" starttime="2052.96" endtime="2056.74" type="qy^bu^d^rt" adjacency="3a" original-type="qy^bu^d^rt" channel="c5" participant="me018">
      <nite:child href="Bro018.E.words.xml#id(Bro018.w.7,029)..id(Bro018.w.7,039)"/>
   </dialogueact>
   <dialogueact nite:id="Bro018.E.dialogueact778" starttime="2057.38" endtime="2057.65" type="b" original-type="b" channel="c5" participant="me018">
      <nite:child href="Bro018.E.words.xml#id(Bro018.w.7,044)..id(Bro018.w.7,046)"/>
   </dialogueact>
   <dialogueact nite:id="Bro018.E.dialogueact779" starttime="2060.53" endtime="2064.27" type="qo" adjacency="4a" original-type="qo" channel="c5" participant="me018">
      <nite:child href="Bro018.E.words.xml#id(Bro018.w.7,051)..id(Bro018.w.7,072)"/>
   </dialogueact>
   <dialogueact nite:id="Bro018.E.dialogueact781" starttime="2066.21" endtime="2072.41" type="s^e" adjacency="5a" original-type="s^e" channel="c5" participant="me018">
      <nite:child href="Bro018.E.words.xml#id(Bro018.w.7,075)..id(Bro018.w.7,097)"/>
   </dialogueact>
   <dialogueact nite:id="Bro018.E.dialogueact784" starttime="2073.89" endtime="2074.16" type="s.%--" original-type="s.%--" channel="c5" participant="me018">
      <nite:child href="Bro018.E.words.xml#id(Bro018.w.7,102)..id(Bro018.disfmarker.316)"/>
   </dialogueact>
   <dialogueact nite:id="Bro018.E.dialogueact787" starttime="2076.43" endtime="2076.66" type="s^aa" adjacency="6b" original-type="s^aa" channel="c5" participant="me018">
      <nite:child href="Bro018.E.words.xml#id(Bro018.w.7,129)..id(Bro018.w.7,130)"/>
   </dialogueact>
   <dialogueact nite:id="Bro018.E.dialogueact789" starttime="2076.74" endtime="2076.8" type="b" original-type="b" channel="c5" participant="me018">
      <nite:child href="Bro018.E.words.xml#id(Bro018.w.7,131)..id(Bro018.w.7,132)"/>
   </dialogueact>
   <dialogueact nite:id="Bro018.E.dialogueact793" starttime="2086.62" endtime="2087.34" type="qy^2^bu^d^rt" adjacency="7b.8a" original-type="qy^2^bu^d^rt" channel="c5" participant="me018">
      <nite:child href="Bro018.E.words.xml#id(Bro018.w.7,157)..id(Bro018.w.7,159)"/>
   </dialogueact>
   <dialogueact nite:id="Bro018.E.dialogueact797" starttime="2105.38" endtime="2106.08" type="h" original-type="h" channel="c5" participant="me018">
      <nite:child href="Bro018.E.words.xml#id(Bro018.w.7,201)..id(Bro018.w.7,202)"/>
   </dialogueact>
   <dialogueact nite:id="Bro018.E.dialogueact798" starttime="2107.11" endtime="2107.85" type="s.%--" adjacency="9b.10a" original-type="s.%--" channel="c5" participant="me018">
      <nite:child href="Bro018.E.words.xml#id(Bro018.w.7,203)..id(Bro018.disfmarker.320)"/>
   </dialogueact>
   <dialogueact nite:id="Bro018.E.dialogueact799" starttime="2108.75" endtime="2109.7" type="s^m^t1" adjacency="9b+.10a+" original-type="s^m^t1" channel="c5" participant="me018">
      <nite:child href="Bro018.E.words.xml#id(Bro018.w.7,208)..id(Bro018.w.7,214)"/>
   </dialogueact>
   <dialogueact nite:id="Bro018.E.dialogueact800" starttime="2109.7" endtime="2110.38" type="s.%--" adjacency="9b++.10a++" original-type="s.%--" channel="c5" participant="me018">
      <nite:child href="Bro018.E.words.xml#id(Bro018.w.7,215)..id(Bro018.disfmarker.321)"/>
   </dialogueact>
   <dialogueact nite:id="Bro018.E.dialogueact803" starttime="2112.42" endtime="2112.68" type="b" original-type="b" channel="c5" participant="me018">
      <nite:child href="Bro018.E.words.xml#id(Bro018.w.7,232)..id(Bro018.w.7,233)"/>
   </dialogueact>
   <dialogueact nite:id="Bro018.E.dialogueact804" starttime="2114.61" endtime="2114.86" type="b" original-type="b" channel="c5" participant="me018">
      <nite:child href="Bro018.E.words.xml#id(Bro018.w.7,246)..id(Bro018.w.7,247)"/>
   </dialogueact>
   <dialogueact nite:id="Bro018.E.dialogueact807" starttime="2124.3" endtime="2124.63" type="b" original-type="b" channel="c5" participant="me018">
      <nite:child href="Bro018.E.words.xml#id(Bro018.w.7,276)..id(Bro018.w.7,279)"/>
   </dialogueact>
   <dialogueact nite:id="Bro018.E.dialogueact808" starttime="2129.03" endtime="2130.53" type="h|s^bk" original-type="h|s^bk" channel="c5" participant="me018">
      <nite:child href="Bro018.E.words.xml#id(Bro018.w.7,297)..id(Bro018.w.7,299)"/>
   </dialogueact>
   <dialogueact nite:id="Bro018.E.dialogueact809" starttime="2130.53" endtime="2131.94" type="s^ar|s^df^nd" adjacency="1a" original-type="s^ar|s^df^nd" channel="c5" participant="me018">
      <nite:child href="Bro018.E.words.xml#id(Bro018.w.7,300)..id(Bro018.w.7,309)"/>
   </dialogueact>
   <dialogueact nite:id="Bro018.E.dialogueact810" starttime="2131.94" endtime="2137.5" type="s.%--" original-type="s.%--" channel="c5" participant="me018">
      <nite:child href="Bro018.E.words.xml#id(Bro018.w.7,310)..id(Bro018.disfmarker.325)"/>
   </dialogueact>
   <dialogueact nite:id="Bro018.E.dialogueact812" starttime="2137.5" endtime="2139.92" type="s.%--" adjacency="2a" original-type="s.%--" channel="c5" participant="me018">
      <nite:child href="Bro018.E.words.xml#id(Bro018.w.7,323)..id(Bro018.disfmarker.326)"/>
   </dialogueact>
   <dialogueact nite:id="Bro018.E.dialogueact813" starttime="2140.3" endtime="2141.33" type="s" adjacency="2a+" original-type="s" channel="c5" participant="me018">
      <nite:child href="Bro018.E.words.xml#id(Bro018.w.7,333)..id(Bro018.w.7,341)"/>
   </dialogueact>
   <dialogueact nite:id="Bro018.E.dialogueact814" starttime="2141.45" endtime="2146.43" type="s" adjacency="2a++" original-type="s" channel="c5" participant="me018">
      <nite:child href="Bro018.E.words.xml#id(Bro018.w.7,342)..id(Bro018.w.7,351)"/>
   </dialogueact>
   <dialogueact nite:id="Bro018.E.dialogueact815" starttime="2147.01" endtime="2149.39" type="s" adjacency="2a+++" original-type="s" channel="c5" participant="me018">
      <nite:child href="Bro018.E.words.xml#id(Bro018.w.7,352)..id(Bro018.w.7,362)"/>
   </dialogueact>
   <dialogueact nite:id="Bro018.E.dialogueact818" starttime="2150.16" endtime="2150.45" type="%--" original-type="%--" channel="c5" participant="me018">
      <nite:child href="Bro018.E.words.xml#id(Bro018.w.7,379)..id(Bro018.disfmarker.329)"/>
   </dialogueact>
   <dialogueact nite:id="Bro018.E.dialogueact820" starttime="2153.62" endtime="2154.75" type="fg|s.%--" original-type="fg|s.%--" channel="c5" participant="me018">
      <nite:child href="Bro018.E.words.xml#id(Bro018.w.7,380)..id(Bro018.disfmarker.331)"/>
   </dialogueact>
   <dialogueact nite:id="Bro018.E.dialogueact822" starttime="2154.94" endtime="2155.27" type="s^bk" adjacency="3b.4a" original-type="s^bk" channel="c5" participant="me018">
      <nite:child href="Bro018.E.words.xml#id(Bro018.w.7,392)..id(Bro018.w.7,393)"/>
   </dialogueact>
   <dialogueact nite:id="Bro018.E.dialogueact823" starttime="2155.33" endtime="2158.89" type="s^rt" adjacency="4b" original-type="s^rt" channel="c5" participant="me018">
      <nite:child href="Bro018.E.words.xml#id(Bro018.w.7,394)..id(Bro018.w.7,408)"/>
   </dialogueact>
   <dialogueact nite:id="Bro018.E.dialogueact824" starttime="2159.5" endtime="2165.16" type="s^rt" original-type="s^rt" channel="c5" participant="me018">
      <nite:child href="Bro018.E.words.xml#id(Bro018.w.7,409)..id(Bro018.w.7,429)"/>
   </dialogueact>
   <dialogueact nite:id="Bro018.E.dialogueact826" starttime="2165.49" endtime="2172.49" type="s" original-type="s" channel="c5" participant="me018">
      <nite:child href="Bro018.E.words.xml#id(Bro018.w.7,430)..id(Bro018.w.7,453)"/>
   </dialogueact>
   <dialogueact nite:id="Bro018.E.dialogueact827" starttime="2172.67" endtime="2179.4" type="s" original-type="s" channel="c5" participant="me018">
      <nite:child href="Bro018.E.words.xml#id(Bro018.w.7,454)..id(Bro018.w.7,474)"/>
   </dialogueact>
   <dialogueact nite:id="Bro018.E.dialogueact829" starttime="2180.35" endtime="2183.32" type="s" original-type="s" channel="c5" participant="me018">
      <nite:child href="Bro018.E.words.xml#id(Bro018.w.7,477)..id(Bro018.w.7,486)"/>
   </dialogueact>
   <dialogueact nite:id="Bro018.E.dialogueact830" starttime="2183.32" endtime="2185.17" type="s" original-type="s" channel="c5" participant="me018">
      <nite:child href="Bro018.E.words.xml#id(Bro018.w.7,487)..id(Bro018.w.7,501)"/>
   </dialogueact>
   <dialogueact nite:id="Bro018.E.dialogueact831" starttime="2185.17" endtime="2192.47" type="s" adjacency="5a" original-type="s" channel="c5" participant="me018">
      <nite:child href="Bro018.E.words.xml#id(Bro018.w.7,502)..id(Bro018.w.7,545)"/>
   </dialogueact>
   <dialogueact nite:id="Bro018.E.dialogueact835" starttime="2193.11" endtime="2198.18" type="s" adjacency="5a+" original-type="s" channel="c5" participant="me018">
      <nite:child href="Bro018.E.words.xml#id(Bro018.w.7,548)..id(Bro018.w.7,574)"/>
   </dialogueact>
   <dialogueact nite:id="Bro018.E.dialogueact837" starttime="2198.52" endtime="2199.07" type="h" original-type="h" channel="c5" participant="me018">
      <nite:child href="Bro018.E.words.xml#id(Bro018.w.7,575)..id(Bro018.disfmarker.337)"/>
   </dialogueact>
   <dialogueact nite:id="Bro018.E.dialogueact839" starttime="2200.19" endtime="2200.37" type="s^bk" original-type="s^bk" channel="c5" participant="me018">
      <nite:child href="Bro018.E.words.xml#id(Bro018.w.7,587)..id(Bro018.w.7,588)"/>
   </dialogueact>
   <dialogueact nite:id="Bro018.E.dialogueact840" starttime="2200.45" endtime="2204.78" type="s.%--" original-type="s.%--" channel="c5" participant="me018">
      <nite:child href="Bro018.E.words.xml#id(Bro018.w.7,589)..id(Bro018.disfmarker.338)"/>
   </dialogueact>
   <dialogueact nite:id="Bro018.E.dialogueact843" starttime="2216.06" endtime="2216.21" type="fg" original-type="fg" channel="c5" participant="me018">
      <nite:child href="Bro018.E.words.xml#id(Bro018.w.7,641)..id(Bro018.w.7,642)"/>
   </dialogueact>
   <dialogueact nite:id="Bro018.E.dialogueact844" starttime="2216.21" endtime="2223.81" type="s" original-type="s" channel="c5" participant="me018">
      <nite:child href="Bro018.E.words.xml#id(Bro018.w.7,643)..id(Bro018.w.7,672)"/>
   </dialogueact>
   <dialogueact nite:id="Bro018.E.dialogueact845" starttime="2224.38" endtime="2232.74" type="fh|s" original-type="fh|s" channel="c5" participant="me018">
      <nite:child href="Bro018.E.words.xml#id(Bro018.w.7,673)..id(Bro018.w.7,684)"/>
   </dialogueact>
   <dialogueact nite:id="Bro018.E.dialogueact846" starttime="2232.97" endtime="2234.4" type="s" original-type="s" channel="c5" participant="me018">
      <nite:child href="Bro018.E.words.xml#id(Bro018.w.7,685)..id(Bro018.w.7,691)"/>
   </dialogueact>
   <dialogueact nite:id="Bro018.E.dialogueact847" starttime="2235.94" endtime="2239.61" type="s" original-type="s" channel="c5" participant="me018">
      <nite:child href="Bro018.E.words.xml#id(Bro018.w.7,692)..id(Bro018.w.7,706)"/>
   </dialogueact>
   <dialogueact nite:id="Bro018.E.dialogueact848" starttime="2240.15" endtime="2241.22" type="%--" original-type="%--" channel="c5" participant="me018">
      <nite:child href="Bro018.E.words.xml#id(Bro018.w.7,707)..id(Bro018.disfmarker.340)"/>
   </dialogueact>
   <dialogueact nite:id="Bro018.E.dialogueact849" starttime="2241.22" endtime="2243.45" type="s" adjacency="6a" original-type="s" channel="c5" participant="me018">
      <nite:child href="Bro018.E.words.xml#id(Bro018.w.7,714)..id(Bro018.w.7,725)"/>
   </dialogueact>
   <dialogueact nite:id="Bro018.E.dialogueact851" starttime="2244.89" endtime="2245.01" type="fg" original-type="fg" channel="c5" participant="me018">
      <nite:child href="Bro018.E.words.xml#id(Bro018.w.7,736)..id(Bro018.w.7,737)"/>
   </dialogueact>
   <dialogueact nite:id="Bro018.E.dialogueact852" starttime="2245.01" endtime="2245.72" type="s^m" adjacency="7b" original-type="s^m" channel="c5" participant="me018">
      <nite:child href="Bro018.E.words.xml#id(Bro018.w.7,738)..id(Bro018.w.7,745)"/>
   </dialogueact>
   <dialogueact nite:id="Bro018.E.dialogueact853" starttime="2246.05" endtime="2246.54" type="fg" original-type="fg" channel="c5" participant="me018">
      <nite:child href="Bro018.E.words.xml#id(Bro018.w.7,746)..id(Bro018.w.7,747)"/>
   </dialogueact>
   <dialogueact nite:id="Bro018.E.dialogueact859" starttime="2248.69" endtime="2248.85" type="%--" original-type="%--" channel="c5" participant="me018">
      <nite:child href="Bro018.E.words.xml#id(Bro018.w.7,761)..id(Bro018.disfmarker.344)"/>
   </dialogueact>
   <dialogueact nite:id="Bro018.E.dialogueact862" starttime="2258.0" endtime="2258.33" type="s^bk^rt" adjacency="8b" original-type="s^bk^rt" channel="c5" participant="me018">
      <nite:child href="Bro018.E.words.xml#id(Bro018.w.7,782)..id(Bro018.w.7,783)"/>
   </dialogueact>
   <dialogueact nite:id="Bro018.E.dialogueact866" starttime="2268.65" endtime="2270.84" type="fg|s.%--" original-type="fg|s.%--" channel="c5" participant="me018">
      <nite:child href="Bro018.E.words.xml#id(Bro018.w.7,820)..id(Bro018.disfmarker.349)"/>
   </dialogueact>
   <dialogueact nite:id="Bro018.E.dialogueact867" starttime="2271.51" endtime="2276.46" type="s" original-type="s" channel="c5" participant="me018">
      <nite:child href="Bro018.E.words.xml#id(Bro018.w.7,830)..id(Bro018.w.7,849)"/>
   </dialogueact>
   <dialogueact nite:id="Bro018.E.dialogueact868" starttime="2277.17" endtime="2286.0" type="s" original-type="s" channel="c5" participant="me018">
      <nite:child href="Bro018.E.words.xml#id(Bro018.w.7,850)..id(Bro018.w.7,873)"/>
   </dialogueact>
   <dialogueact nite:id="Bro018.E.dialogueact869" starttime="2286.38" endtime="2290.77" type="fh|s" original-type="fh|s" channel="c5" participant="me018">
      <nite:child href="Bro018.E.words.xml#id(Bro018.w.7,874)..id(Bro018.w.7,888)"/>
   </dialogueact>
   <dialogueact nite:id="Bro018.E.dialogueact872" starttime="2291.61" endtime="2299.48" type="s" original-type="s" channel="c5" participant="me018">
      <nite:child href="Bro018.E.words.xml#id(Bro018.w.7,891)..id(Bro018.w.7,920)"/>
   </dialogueact>
   <dialogueact nite:id="Bro018.E.dialogueact873" starttime="2299.47" endtime="2306.08" type="s" original-type="s" channel="c5" participant="me018">
      <nite:child href="Bro018.E.words.xml#id(Bro018.w.7,921)..id(Bro018.w.7,941)"/>
   </dialogueact>
   <dialogueact nite:id="Bro018.E.dialogueact875" starttime="2306.39" endtime="2309.25" type="s.%--" original-type="s.%--" channel="c5" participant="me018">
      <nite:child href="Bro018.E.words.xml#id(Bro018.w.7,942)..id(Bro018.w.7,953)"/>
   </dialogueact>
   <dialogueact nite:id="Bro018.E.dialogueact876" starttime="2309.25" endtime="2315.94" type="s" original-type="s" channel="c5" participant="me018">
      <nite:child href="Bro018.E.words.xml#id(Bro018.w.7,954)..id(Bro018.w.7,974)"/>
   </dialogueact>
   <dialogueact nite:id="Bro018.E.dialogueact877" starttime="2316.02" endtime="2323.01" type="s" original-type="s" channel="c5" participant="me018">
      <nite:child href="Bro018.E.words.xml#id(Bro018.w.7,975)..id(Bro018.w.7,990)"/>
   </dialogueact>
   <dialogueact nite:id="Bro018.E.dialogueact879" starttime="2323.01" endtime="2327.43" type="s" original-type="s" channel="c5" participant="me018">
      <nite:child href="Bro018.E.words.xml#id(Bro018.w.7,991)..id(Bro018.w.8,009)"/>
   </dialogueact>
   <dialogueact nite:id="Bro018.E.dialogueact880" starttime="2327.43" endtime="2331.83" type="s" original-type="s" channel="c5" participant="me018">
      <nite:child href="Bro018.E.words.xml#id(Bro018.w.8,010)..id(Bro018.w.8,027)"/>
   </dialogueact>
   <dialogueact nite:id="Bro018.E.dialogueact881" starttime="2331.83" endtime="2334.91" type="s" adjacency="8a" original-type="s" channel="c5" participant="me018">
      <nite:child href="Bro018.E.words.xml#id(Bro018.w.8,028)..id(Bro018.w.8,040)"/>
   </dialogueact>
   <dialogueact nite:id="Bro018.E.dialogueact882" starttime="2335.48" endtime="2336.0" type="%--" original-type="%--" channel="c5" participant="me018">
      <nite:child href="Bro018.E.words.xml#id(Bro018.w.8,041)..id(Bro018.w.8,042)"/>
   </dialogueact>
   <dialogueact nite:id="Bro018.E.dialogueact885" starttime="2337.2" endtime="2337.53" type="s^aa" adjacency="9b" original-type="s^aa" channel="c5" participant="me018">
      <nite:child href="Bro018.E.words.xml#id(Bro018.w.8,056)..id(Bro018.w.8,057)"/>
   </dialogueact>
   <dialogueact nite:id="Bro018.E.dialogueact886" starttime="2337.7" endtime="2337.91" type="b" original-type="b" channel="c5" participant="me018">
      <nite:child href="Bro018.E.words.xml#id(Bro018.w.8,058)..id(Bro018.w.8,059)"/>
   </dialogueact>
   <dialogueact nite:id="Bro018.E.dialogueact890" starttime="2341.46" endtime="2341.66" type="s^bk" adjacency="10b.11a" original-type="s^bk" channel="c5" participant="me018">
      <nite:child href="Bro018.E.words.xml#id(Bro018.w.8,077)"/>
   </dialogueact>
   <dialogueact nite:id="Bro018.E.dialogueact891" starttime="2341.66" endtime="2342.98" type="s^ar|s^nd" adjacency="11b.12a" original-type="s^ar|s^nd" channel="c5" participant="me018">
      <nite:child href="Bro018.E.words.xml#id(Bro018.w.8,078)..id(Bro018.w.8,088)"/>
   </dialogueact>
   <dialogueact nite:id="Bro018.E.dialogueact895" starttime="2345.81" endtime="2345.94" type="b" original-type="b" channel="c5" participant="me018">
      <nite:child href="Bro018.E.words.xml#id(Bro018.w.8,101)..id(Bro018.w.8,102)"/>
   </dialogueact>
   <dialogueact nite:id="Bro018.E.dialogueact896" starttime="2347.82" endtime="2352.29" type="fg|s" original-type="fg|s" channel="c5" participant="me018">
      <nite:child href="Bro018.E.words.xml#id(Bro018.w.8,103)..id(Bro018.w.8,119)"/>
   </dialogueact>
   <dialogueact nite:id="Bro018.E.dialogueact897" starttime="2352.29" endtime="2357.45" type="s" original-type="s" channel="c5" participant="me018">
      <nite:child href="Bro018.E.words.xml#id(Bro018.w.8,120)..id(Bro018.w.8,139)"/>
   </dialogueact>
   <dialogueact nite:id="Bro018.E.dialogueact899" starttime="2358.15" endtime="2363.02" type="s" original-type="s" channel="c5" participant="me018">
      <nite:child href="Bro018.E.words.xml#id(Bro018.w.8,144)..id(Bro018.w.8,161)"/>
   </dialogueact>
   <dialogueact nite:id="Bro018.E.dialogueact901" starttime="2363.63" endtime="2372.04" type="s" original-type="s" channel="c5" participant="me018">
      <nite:child href="Bro018.E.words.xml#id(Bro018.w.8,166)..id(Bro018.w.8,187)"/>
   </dialogueact>
   <dialogueact nite:id="Bro018.E.dialogueact902" starttime="2372.04" endtime="2378.14" type="s" original-type="s" channel="c5" participant="me018">
      <nite:child href="Bro018.E.words.xml#id(Bro018.w.8,188)..id(Bro018.w.8,208)"/>
   </dialogueact>
   <dialogueact nite:id="Bro018.E.dialogueact903" starttime="2378.57" endtime="2379.44" type="s" original-type="s" channel="c5" participant="me018">
      <nite:child href="Bro018.E.words.xml#id(Bro018.w.8,209)..id(Bro018.w.8,213)"/>
   </dialogueact>
   <dialogueact nite:id="Bro018.E.dialogueact904" starttime="2379.69" endtime="2387.01" type="s:s" adjacency="1a" original-type="s:s" channel="c5" participant="me018">
      <nite:child href="Bro018.E.words.xml#id(Bro018.w.8,214)..id(Bro018.w.8,246)"/>
   </dialogueact>
   <dialogueact nite:id="Bro018.E.dialogueact906" starttime="2388.27" endtime="2390.11" type="s^df" adjacency="1a+" original-type="s^df" channel="c5" participant="me018">
      <nite:child href="Bro018.E.words.xml#id(Bro018.w.8,248)..id(Bro018.w.8,259)"/>
   </dialogueact>
   <dialogueact nite:id="Bro018.E.dialogueact914" starttime="2409.18" endtime="2409.94" type="qy^bu^d^rt" adjacency="2b.3a" original-type="qy^bu^d^rt" channel="c5" participant="me018">
      <nite:child href="Bro018.E.words.xml#id(Bro018.w.8,318)..id(Bro018.w.8,321)"/>
   </dialogueact>
   <dialogueact nite:id="Bro018.E.dialogueact915" starttime="2409.94" endtime="2410.57" type="qw^g^rt" adjacency="2b+.3a+" original-type="qw^g^rt" channel="c5" participant="me018">
      <nite:child href="Bro018.E.words.xml#id(Bro018.w.8,322)..id(Bro018.w.8,324)"/>
   </dialogueact>
   <dialogueact nite:id="Bro018.E.dialogueact918" starttime="2416.61" endtime="2416.99" type="s^bk" adjacency="4b" original-type="s^bk" channel="c5" participant="me018">
      <nite:child href="Bro018.E.words.xml#id(Bro018.w.8,340)..id(Bro018.w.8,343)"/>
   </dialogueact>
   <dialogueact nite:id="Bro018.E.dialogueact920" starttime="2418.2" endtime="2420.83" type="qy^bu^d^rt" adjacency="5a" original-type="qy^bu^d^rt" channel="c5" participant="me018">
      <nite:child href="Bro018.E.words.xml#id(Bro018.w.8,345)..id(Bro018.w.8,357)"/>
   </dialogueact>
   <dialogueact nite:id="Bro018.E.dialogueact932" starttime="2459.54" endtime="2465.2" type="s" adjacency="6b.7a" original-type="s" channel="c5" participant="me018">
      <nite:child href="Bro018.E.words.xml#id(Bro018.w.8,476)..id(Bro018.w.8,497)"/>
   </dialogueact>
   <dialogueact nite:id="Bro018.E.dialogueact934" starttime="2465.2" endtime="2465.7" type="s.%-" adjacency="6b+.7a+" original-type="s.%-" channel="c5" participant="me018">
      <nite:child href="Bro018.E.words.xml#id(Bro018.w.8,498)..id(Bro018.disfmarker.378)"/>
   </dialogueact>
   <dialogueact nite:id="Bro018.E.dialogueact936" starttime="2471.24" endtime="2471.56" type="b" original-type="b" channel="c5" participant="me018">
      <nite:child href="Bro018.E.words.xml#id(Bro018.w.8,523)..id(Bro018.w.8,526)"/>
   </dialogueact>
   <dialogueact nite:id="Bro018.E.dialogueact939" starttime="2480.07" endtime="2480.5" type="b" original-type="b" channel="c5" participant="me018">
      <nite:child href="Bro018.E.words.xml#id(Bro018.w.8,549)..id(Bro018.w.8,552)"/>
   </dialogueact>
   <dialogueact nite:id="Bro018.E.dialogueact942" starttime="2484.09" endtime="2486.44" type="qy^bu^d^rt" adjacency="8b.9a" original-type="qy^bu^d^rt" channel="c5" participant="me018">
      <nite:child href="Bro018.E.words.xml#id(Bro018.w.8,569)..id(Bro018.w.8,579)"/>
   </dialogueact>
   <dialogueact nite:id="Bro018.E.dialogueact943" starttime="2486.44" endtime="2487.54" type="qy^bu^d^g.%--" adjacency="8b++.9a+" original-type="qy^bu^d^g.%--" channel="c5" participant="me018">
      <nite:child href="Bro018.E.words.xml#id(Bro018.w.8,580)..id(Bro018.disfmarker.385)"/>
   </dialogueact>
   <dialogueact nite:id="Bro018.E.dialogueact947" starttime="2495.66" endtime="2496.0" type="b" original-type="b" channel="c5" participant="me018">
      <nite:child href="Bro018.E.words.xml#id(Bro018.w.8,624)..id(Bro018.w.8,627)"/>
   </dialogueact>
   <dialogueact nite:id="Bro018.E.dialogueact949" starttime="2501.08" endtime="2501.53" type="b" original-type="b" channel="c5" participant="me018">
      <nite:child href="Bro018.E.words.xml#id(Bro018.w.8,646)..id(Bro018.w.8,649)"/>
   </dialogueact>
   <dialogueact nite:id="Bro018.E.dialogueact951" starttime="2507.11" endtime="2508.97" type="s^2" adjacency="10b" original-type="s^2" channel="c5" participant="me018">
      <nite:child href="Bro018.E.words.xml#id(Bro018.w.8,675)..id(Bro018.w.8,681)"/>
   </dialogueact>
   <dialogueact nite:id="Bro018.E.dialogueact954" starttime="2510.91" endtime="2516.01" comment="FBH" type="fg|s" adjacency="1b" original-type="fg|s" channel="c5" participant="me018">
      <nite:child href="Bro018.E.words.xml#id(Bro018.w.8,701)..id(Bro018.w.8,724)"/>
   </dialogueact>
   <dialogueact nite:id="Bro018.E.dialogueact955" starttime="2516.01" endtime="2519.66" type="s" original-type="s" channel="c5" participant="me018">
      <nite:child href="Bro018.E.words.xml#id(Bro018.w.8,725)..id(Bro018.w.8,741)"/>
   </dialogueact>
   <dialogueact nite:id="Bro018.E.dialogueact956" starttime="2519.85" endtime="2522.69" type="s" original-type="s" channel="c5" participant="me018">
      <nite:child href="Bro018.E.words.xml#id(Bro018.w.8,742)..id(Bro018.w.8,752)"/>
   </dialogueact>
   <dialogueact nite:id="Bro018.E.dialogueact958" starttime="2522.69" endtime="2522.91" type="%-" original-type="%-" channel="c5" participant="me018">
      <nite:child href="Bro018.E.words.xml#id(Bro018.w.8,753)..id(Bro018.disfmarker.392)"/>
   </dialogueact>
   <dialogueact nite:id="Bro018.E.dialogueact959" starttime="2524.37" endtime="2525.08" type="b" original-type="b" channel="c5" participant="me018">
      <nite:child href="Bro018.E.words.xml#id(Bro018.w.8,764)..id(Bro018.w.8,767)"/>
   </dialogueact>
   <dialogueact nite:id="Bro018.E.dialogueact962" starttime="2527.46" endtime="2527.71" type="b" original-type="b" channel="c5" participant="me018">
      <nite:child href="Bro018.E.words.xml#id(Bro018.w.8,777)..id(Bro018.w.8,778)"/>
   </dialogueact>
   <dialogueact nite:id="Bro018.E.dialogueact968" starttime="2541.55" endtime="2541.87" type="b" original-type="b" channel="c5" participant="me018">
      <nite:child href="Bro018.E.words.xml#id(Bro018.w.8,829)..id(Bro018.w.8,830)"/>
   </dialogueact>
   <dialogueact nite:id="Bro018.E.dialogueact971" starttime="2549.77" endtime="2553.53" type="qy^tc.%--" adjacency="2a" original-type="qy^tc.%--" channel="c5" participant="me018">
      <nite:child href="Bro018.E.words.xml#id(Bro018.w.8,857)..id(Bro018.disfmarker.397)"/>
   </dialogueact>
   <dialogueact nite:id="Bro018.E.dialogueact972" starttime="2554.99" endtime="2563.54" type="s" adjacency="2a+" original-type="s" channel="c5" participant="me018">
      <nite:child href="Bro018.E.words.xml#id(Bro018.w.8,868)..id(Bro018.w.8,894)"/>
   </dialogueact>
   <dialogueact nite:id="Bro018.E.dialogueact973" starttime="2565.02" endtime="2567.64" type="s" adjacency="2a++" original-type="s" channel="c5" participant="me018">
      <nite:child href="Bro018.E.words.xml#id(Bro018.w.8,895)..id(Bro018.w.8,908)"/>
   </dialogueact>
   <dialogueact nite:id="Bro018.E.dialogueact974" starttime="2567.64" endtime="2568.77" type="s" adjacency="2a+++" original-type="s" channel="c5" participant="me018">
      <nite:child href="Bro018.E.words.xml#id(Bro018.w.8,909)..id(Bro018.w.8,912)"/>
   </dialogueact>
   <dialogueact nite:id="Bro018.E.dialogueact975" starttime="2569.67" endtime="2571.25" type="s.%--" adjacency="2a++++" original-type="s.%--" channel="c5" participant="me018">
      <nite:child href="Bro018.E.words.xml#id(Bro018.w.8,913)..id(Bro018.disfmarker.398)"/>
   </dialogueact>
   <dialogueact nite:id="Bro018.E.dialogueact978" starttime="2574.21" endtime="2574.6" type="b" original-type="b" channel="c5" participant="me018">
      <nite:child href="Bro018.E.words.xml#id(Bro018.w.8,932)..id(Bro018.w.8,933)"/>
   </dialogueact>
   <dialogueact nite:id="Bro018.E.dialogueact982" starttime="2593.19" endtime="2593.55" type="b" original-type="b" channel="c5" participant="me018">
      <nite:child href="Bro018.E.words.xml#id(Bro018.w.8,963)..id(Bro018.w.8,966)"/>
   </dialogueact>
   <dialogueact nite:id="Bro018.E.dialogueact984" starttime="2597.95" endtime="2598.4" type="b" original-type="b" channel="c5" participant="me018">
      <nite:child href="Bro018.E.words.xml#id(Bro018.w.8,980)..id(Bro018.w.8,983)"/>
   </dialogueact>
   <dialogueact nite:id="Bro018.E.dialogueact989" starttime="2606.88" endtime="2608.48" type="s^2^bu" adjacency="3b.4a" original-type="s^2^bu" channel="c5" participant="me018">
      <nite:child href="Bro018.E.words.xml#id(Bro018.w.9,019)..id(Bro018.w.9,026)"/>
   </dialogueact>
   <dialogueact nite:id="Bro018.E.dialogueact990" starttime="2608.48" endtime="2608.71" type="qy^d^g^rt" adjacency="3b+.4a+" original-type="qy^d^g^rt" channel="c5" participant="me018">
      <nite:child href="Bro018.E.words.xml#id(Bro018.w.9,027)..id(Bro018.w.9,028)"/>
   </dialogueact>
   <dialogueact nite:id="Bro018.E.dialogueact995" starttime="2631.93" endtime="2632.34" type="b" original-type="b" channel="c5" participant="me018">
      <nite:child href="Bro018.E.words.xml#id(Bro018.w.9,112)..id(Bro018.w.9,113)"/>
   </dialogueact>
   <dialogueact nite:id="Bro018.E.dialogueact998" starttime="2642.64" endtime="2643.01" type="b" original-type="b" channel="c5" participant="me018">
      <nite:child href="Bro018.E.words.xml#id(Bro018.w.9,157)..id(Bro018.w.9,160)"/>
   </dialogueact>
   <dialogueact nite:id="Bro018.E.dialogueact1002" starttime="2651.98" endtime="2652.51" type="b" original-type="b" channel="c5" participant="me018">
      <nite:child href="Bro018.E.words.xml#id(Bro018.w.9,185)..id(Bro018.w.9,188)"/>
   </dialogueact>
   <dialogueact nite:id="Bro018.E.dialogueact1006" starttime="2667.48" endtime="2667.74" type="b" original-type="b" channel="c5" participant="me018">
      <nite:child href="Bro018.E.words.xml#id(Bro018.w.9,232)..id(Bro018.w.9,233)"/>
   </dialogueact>
   <dialogueact nite:id="Bro018.E.dialogueact1009" starttime="2673.61" endtime="2680.07" type="s^bk|s" adjacency="5b.6a" original-type="s^bk|s" channel="c5" participant="me018">
      <nite:child href="Bro018.E.words.xml#id(Bro018.w.9,259)..id(Bro018.w.9,288)"/>
   </dialogueact>
   <dialogueact nite:id="Bro018.E.dialogueact1012" starttime="2680.91" endtime="2683.65" type="s.%--" original-type="s.%--" channel="c5" participant="me018">
      <nite:child href="Bro018.E.words.xml#id(Bro018.w.9,292)..id(Bro018.disfmarker.410)"/>
   </dialogueact>
   <dialogueact nite:id="Bro018.E.dialogueact1013" starttime="2684.16" endtime="2685.68" type="s.%--" original-type="s.%--" channel="c5" participant="me018">
      <nite:child href="Bro018.E.words.xml#id(Bro018.w.9,310)..id(Bro018.disfmarker.411)"/>
   </dialogueact>
   <dialogueact nite:id="Bro018.E.dialogueact1014" starttime="2685.91" endtime="2697.09" type="s" original-type="s" channel="c5" participant="me018">
      <nite:child href="Bro018.E.words.xml#id(Bro018.w.9,317)..id(Bro018.w.9,347)"/>
   </dialogueact>
   <dialogueact nite:id="Bro018.E.dialogueact1015" starttime="2697.27" endtime="2707.07" comment="44:57" type="s" adjacency="7a" original-type="s" channel="c5" participant="me018">
      <nite:child href="Bro018.E.words.xml#id(Bro018.w.9,348)..id(Bro018.w.9,375)"/>
   </dialogueact>
   <dialogueact nite:id="Bro018.E.dialogueact1017" starttime="2708.2" endtime="2715.16" type="s" adjacency="8a" original-type="s" channel="c5" participant="me018">
      <nite:child href="Bro018.E.words.xml#id(Bro018.w.9,380)..id(Bro018.w.9,406)"/>
   </dialogueact>
   <dialogueact nite:id="Bro018.E.dialogueact1020" starttime="2719.01" endtime="2719.26" type="b" original-type="b" channel="c5" participant="me018">
      <nite:child href="Bro018.E.words.xml#id(Bro018.w.9,428)..id(Bro018.w.9,429)"/>
   </dialogueact>
   <dialogueact nite:id="Bro018.E.dialogueact1022" starttime="2721.62" endtime="2721.86" type="b" original-type="b" channel="c5" participant="me018">
      <nite:child href="Bro018.E.words.xml#id(Bro018.w.9,434)..id(Bro018.w.9,435)"/>
   </dialogueact>
   <dialogueact nite:id="Bro018.E.dialogueact1023" starttime="2722.71" endtime="2722.91" type="b" original-type="b" channel="c5" participant="me018">
      <nite:child href="Bro018.E.words.xml#id(Bro018.w.9,436)..id(Bro018.w.9,437)"/>
   </dialogueact>
   <dialogueact nite:id="Bro018.E.dialogueact1025" starttime="2725.01" endtime="2725.31" type="b" original-type="b" channel="c5" participant="me018">
      <nite:child href="Bro018.E.words.xml#id(Bro018.w.9,449)..id(Bro018.w.9,450)"/>
   </dialogueact>
   <dialogueact nite:id="Bro018.E.dialogueact1026" starttime="2725.51" endtime="2725.88" type="%--" original-type="%--" channel="c5" participant="me018">
      <nite:child href="Bro018.E.words.xml#id(Bro018.w.9,451)..id(Bro018.disfmarker.415)"/>
   </dialogueact>
   <dialogueact nite:id="Bro018.E.dialogueact1028" starttime="2732.0" endtime="2732.54" type="%--" original-type="%--" channel="c5" participant="me018">
      <nite:child href="Bro018.E.words.xml#id(Bro018.w.9,483)..id(Bro018.disfmarker.416)"/>
   </dialogueact>
   <dialogueact nite:id="Bro018.E.dialogueact1029" starttime="2733.43" endtime="2733.63" type="b" original-type="b" channel="c5" participant="me018">
      <nite:child href="Bro018.E.words.xml#id(Bro018.w.9,485)..id(Bro018.w.9,486)"/>
   </dialogueact>
   <dialogueact nite:id="Bro018.E.dialogueact1030" starttime="2733.83" endtime="2739.04" type="s" adjacency="10b.11a" original-type="s" channel="c5" participant="me018">
      <nite:child href="Bro018.E.words.xml#id(Bro018.w.9,487)..id(Bro018.w.9,510)"/>
   </dialogueact>
   <dialogueact nite:id="Bro018.E.dialogueact1031" starttime="2739.56" endtime="2741.52" type="s" adjacency="10b+.11a+" original-type="s" channel="c5" participant="me018">
      <nite:child href="Bro018.E.words.xml#id(Bro018.w.9,511)..id(Bro018.w.9,515)"/>
   </dialogueact>
   <dialogueact nite:id="Bro018.E.dialogueact1032" starttime="2741.52" endtime="2745.78" type="s" adjacency="10b++.11a++" original-type="s" channel="c5" participant="me018">
      <nite:child href="Bro018.E.words.xml#id(Bro018.w.9,516)..id(Bro018.w.9,531)"/>
   </dialogueact>
   <dialogueact nite:id="Bro018.E.dialogueact1035" starttime="2747.3" endtime="2747.53" type="%--" original-type="%--" channel="c5" participant="me018">
      <nite:child href="Bro018.E.words.xml#id(Bro018.w.9,536)..id(Bro018.w.9,537)"/>
   </dialogueact>
   <dialogueact nite:id="Bro018.E.dialogueact1037" starttime="2755.17" endtime="2755.61" type="b" original-type="b" channel="c5" participant="me018">
      <nite:child href="Bro018.E.words.xml#id(Bro018.w.9,575)..id(Bro018.w.9,578)"/>
   </dialogueact>
   <dialogueact nite:id="Bro018.E.dialogueact1038" starttime="2756.94" endtime="2757.14" type="b" original-type="b" channel="c5" participant="me018">
      <nite:child href="Bro018.E.words.xml#id(Bro018.w.9,579)..id(Bro018.w.9,580)"/>
   </dialogueact>
   <dialogueact nite:id="Bro018.E.dialogueact1041" starttime="2764.05" endtime="2764.35" type="b" original-type="b" channel="c5" participant="me018">
      <nite:child href="Bro018.E.words.xml#id(Bro018.w.9,609)..id(Bro018.w.9,612)"/>
   </dialogueact>
   <dialogueact nite:id="Bro018.E.dialogueact1042" starttime="2765.12" endtime="2769.42" type="fg|s^df" adjacency="1b.2a" original-type="fg|s^df" channel="c5" participant="me018">
      <nite:child href="Bro018.E.words.xml#id(Bro018.w.9,613)..id(Bro018.w.9,631)"/>
   </dialogueact>
   <dialogueact nite:id="Bro018.E.dialogueact1044" starttime="2769.42" endtime="2772.13" type="s" adjacency="1b+.2a+" original-type="s" channel="c5" participant="me018">
      <nite:child href="Bro018.E.words.xml#id(Bro018.w.9,632)..id(Bro018.w.9,643)"/>
   </dialogueact>
   <dialogueact nite:id="Bro018.E.dialogueact1045" starttime="2772.13" endtime="2775.32" type="s.%-" adjacency="1b++.2a++" original-type="s.%-" channel="c5" participant="me018">
      <nite:child href="Bro018.E.words.xml#id(Bro018.w.9,644)..id(Bro018.disfmarker.427)"/>
   </dialogueact>
   <dialogueact nite:id="Bro018.E.dialogueact1047" starttime="2776.31" endtime="2776.69" type="s^aa" adjacency="3b" original-type="s^aa" channel="c5" participant="me018">
      <nite:child href="Bro018.E.words.xml#id(Bro018.w.9,678)..id(Bro018.w.9,679)"/>
   </dialogueact>
   <dialogueact nite:id="Bro018.E.dialogueact1048" starttime="2776.82" endtime="2777.03" type="b" original-type="b" channel="c5" participant="me018">
      <nite:child href="Bro018.E.words.xml#id(Bro018.w.9,680)..id(Bro018.w.9,681)"/>
   </dialogueact>
   <dialogueact nite:id="Bro018.E.dialogueact1049" starttime="2777.69" endtime="2777.87" type="b" original-type="b" channel="c5" participant="me018">
      <nite:child href="Bro018.E.words.xml#id(Bro018.w.9,682)..id(Bro018.w.9,683)"/>
   </dialogueact>
   <dialogueact nite:id="Bro018.E.dialogueact1050" starttime="2778.48" endtime="2782.28" type="s" original-type="s" channel="c5" participant="me018">
      <nite:child href="Bro018.E.words.xml#id(Bro018.w.9,684)..id(Bro018.w.9,699)"/>
   </dialogueact>
   <dialogueact nite:id="Bro018.E.dialogueact1051" starttime="2782.56" endtime="2784.91" type="s" original-type="s" channel="c5" participant="me018">
      <nite:child href="Bro018.E.words.xml#id(Bro018.w.9,700)..id(Bro018.w.9,709)"/>
   </dialogueact>
   <dialogueact nite:id="Bro018.E.dialogueact1052" starttime="2785.05" endtime="2786.42" type="s" original-type="s" channel="c5" participant="me018">
      <nite:child href="Bro018.E.words.xml#id(Bro018.w.9,710)..id(Bro018.w.9,719)"/>
   </dialogueact>
   <dialogueact nite:id="Bro018.E.dialogueact1053" starttime="2786.8" endtime="2789.32" type="s" original-type="s" channel="c5" participant="me018">
      <nite:child href="Bro018.E.words.xml#id(Bro018.w.9,720)..id(Bro018.w.9,732)"/>
   </dialogueact>
   <dialogueact nite:id="Bro018.E.dialogueact1054" starttime="2789.9" endtime="2794.25" type="s" adjacency="4a" original-type="s" channel="c5" participant="me018">
      <nite:child href="Bro018.E.words.xml#id(Bro018.w.9,733)..id(Bro018.w.9,749)"/>
   </dialogueact>
   <dialogueact nite:id="Bro018.E.dialogueact1055" starttime="2795.42" endtime="2795.75" type="%-" original-type="%-" channel="c5" participant="me018">
      <nite:child href="Bro018.E.words.xml#id(Bro018.w.9,750)..id(Bro018.w.9,751)"/>
   </dialogueact>
   <dialogueact nite:id="Bro018.E.dialogueact1059" starttime="2799.56" endtime="2800.01" type="b" original-type="b" channel="c5" participant="me018">
      <nite:child href="Bro018.E.words.xml#id(Bro018.w.9,770)..id(Bro018.w.9,773)"/>
   </dialogueact>
   <dialogueact nite:id="Bro018.E.dialogueact1062" starttime="2802.68" endtime="2803.01" type="b" original-type="b" channel="c5" participant="me018">
      <nite:child href="Bro018.E.words.xml#id(Bro018.w.9,777)..id(Bro018.w.9,780)"/>
   </dialogueact>
   <dialogueact nite:id="Bro018.E.dialogueact1065" starttime="2808.47" endtime="2809.53" type="s^aa" adjacency="5b" original-type="s^aa" channel="c5" participant="me018">
      <nite:child href="Bro018.E.words.xml#id(Bro018.w.9,801)..id(Bro018.w.9,806)"/>
   </dialogueact>
   <dialogueact nite:id="Bro018.E.dialogueact1066" starttime="2810.2" endtime="2810.38" type="b.%" original-type="b.%" channel="c5" participant="me018">
      <nite:child href="Bro018.E.words.xml#id(Bro018.w.9,807)..id(Bro018.w.9,808)"/>
   </dialogueact>
   <dialogueact nite:id="Bro018.E.dialogueact1068" starttime="2811.87" endtime="2812.21" type="fh" original-type="fh" channel="c5" participant="me018">
      <nite:child href="Bro018.E.words.xml#id(Bro018.w.9,811)..id(Bro018.w.9,812)"/>
   </dialogueact>
   <dialogueact nite:id="Bro018.E.dialogueact1069" starttime="2812.51" endtime="2813.73" type="s" adjacency="6a" original-type="s" channel="c5" participant="me018">
      <nite:child href="Bro018.E.words.xml#id(Bro018.w.9,813)..id(Bro018.w.9,819)"/>
   </dialogueact>
   <dialogueact nite:id="Bro018.E.dialogueact1070" starttime="2813.73" endtime="2813.95" type="fh" original-type="fh" channel="c5" participant="me018">
      <nite:child href="Bro018.E.words.xml#id(Bro018.w.9,820)..id(Bro018.w.9,821)"/>
   </dialogueact>
   <dialogueact nite:id="Bro018.E.dialogueact1072" starttime="2814.49" endtime="2814.62" type="x" original-type="x" channel="c5" participant="me018">
      <nite:child href="Bro018.E.words.xml#id(Bro018.w.9,824)..id(Bro018.w.9,825)"/>
   </dialogueact>
   <dialogueact nite:id="Bro018.E.dialogueact1074" starttime="2816.32" endtime="2817.23" type="s" original-type="s" channel="c5" participant="me018">
      <nite:child href="Bro018.E.words.xml#id(Bro018.w.9,828)..id(Bro018.w.9,833)"/>
   </dialogueact>
   <dialogueact nite:id="Bro018.E.dialogueact1077" starttime="2819.91" endtime="2820.08" type="s^aa" adjacency="7b" original-type="s^aa" channel="c5" participant="me018">
      <nite:child href="Bro018.E.words.xml#id(Bro018.w.9,867)"/>
   </dialogueact>
   <dialogueact nite:id="Bro018.E.dialogueact1079" starttime="2829.93" endtime="2830.22" type="b" original-type="b" channel="c5" participant="me018">
      <nite:child href="Bro018.E.words.xml#id(Bro018.w.9,891)..id(Bro018.w.9,894)"/>
   </dialogueact>
   <dialogueact nite:id="Bro018.E.dialogueact1107" starttime="2919.65" endtime="2921.99" type="qy^d^rt" adjacency="8b.9a" original-type="qy^d^rt" channel="c5" participant="me018">
      <nite:child href="Bro018.E.words.xml#id(Bro018.w.10,158)..id(Bro018.w.10,168)"/>
   </dialogueact>
   <dialogueact nite:id="Bro018.E.dialogueact1109" starttime="2922.87" endtime="2923.06" type="s^bk" adjacency="10b" original-type="s^bk" channel="c5" participant="me018">
      <nite:child href="Bro018.E.words.xml#id(Bro018.w.10,171)..id(Bro018.w.10,174)"/>
   </dialogueact>
   <dialogueact nite:id="Bro018.E.dialogueact1147" starttime="3002.16" endtime="3002.47" type="s^aa" adjacency="1b.2a" original-type="s^aa" channel="c5" participant="me018">
      <nite:child href="Bro018.E.words.xml#id(Bro018.w.10,471)..id(Bro018.w.10,474)"/>
   </dialogueact>
   <dialogueact nite:id="Bro018.E.dialogueact1148" starttime="3002.47" endtime="3004.4" type="s" adjacency="1b+.2a+" original-type="s" channel="c5" participant="me018">
      <nite:child href="Bro018.E.words.xml#id(Bro018.w.10,475)..id(Bro018.w.10,501)"/>
   </dialogueact>
   <dialogueact nite:id="Bro018.E.dialogueact1151" starttime="3004.62" endtime="3004.82" type="b" original-type="b" channel="c5" participant="me018">
      <nite:child href="Bro018.E.words.xml#id(Bro018.w.10,502)..id(Bro018.w.10,503)"/>
   </dialogueact>
   <dialogueact nite:id="Bro018.E.dialogueact1178" starttime="3069.54" endtime="3071.45" type="s" adjacency="6b" original-type="s" channel="c5" participant="me018">
      <nite:child href="Bro018.E.words.xml#id(Bro018.w.10,744)..id(Bro018.w.10,753)"/>
   </dialogueact>
   <dialogueact nite:id="Bro018.E.dialogueact1179" starttime="3071.45" endtime="3071.97" type="h" original-type="h" channel="c5" participant="me018">
      <nite:child href="Bro018.E.words.xml#id(Bro018.w.10,754)..id(Bro018.w.10,755)"/>
   </dialogueact>
   <dialogueact nite:id="Bro018.E.dialogueact1180" starttime="3072.11" endtime="3075.39" type="s" original-type="s" channel="c5" participant="me018">
      <nite:child href="Bro018.E.words.xml#id(Bro018.w.10,756)..id(Bro018.w.10,768)"/>
   </dialogueact>
   <dialogueact nite:id="Bro018.E.dialogueact1182" starttime="3075.86" endtime="3078.04" type="fh|s" original-type="fh|s" channel="c5" participant="me018">
      <nite:child href="Bro018.E.words.xml#id(Bro018.w.10,773)..id(Bro018.w.10,779)"/>
   </dialogueact>
   <dialogueact nite:id="Bro018.E.dialogueact1183" starttime="3078.04" endtime="3078.78" type="s" original-type="s" channel="c5" participant="me018">
      <nite:child href="Bro018.E.words.xml#id(Bro018.w.10,780)..id(Bro018.w.10,782)"/>
   </dialogueact>
   <dialogueact nite:id="Bro018.E.dialogueact1184" starttime="3078.88" endtime="3080.24" type="s" original-type="s" channel="c5" participant="me018">
      <nite:child href="Bro018.E.words.xml#id(Bro018.w.10,783)..id(Bro018.w.10,790)"/>
   </dialogueact>
   <dialogueact nite:id="Bro018.E.dialogueact1214" starttime="3146.32" endtime="3147.97" type="s" adjacency="10a" original-type="s" channel="c5" participant="me018">
      <nite:child href="Bro018.E.words.xml#id(Bro018.w.11,064)..id(Bro018.w.11,072)"/>
   </dialogueact>
   <dialogueact nite:id="Bro018.E.dialogueact1236" starttime="3187.5" endtime="3187.98" type="h|s^aa" adjacency="2b.3a" original-type="h|s^aa" channel="c5" participant="me018">
      <nite:child href="Bro018.E.words.xml#id(Bro018.w.11,241)..id(Bro018.w.11,244)"/>
   </dialogueact>
   <dialogueact nite:id="Bro018.E.dialogueact1239" starttime="3190.96" endtime="3191.06" type="b" original-type="b" channel="c5" participant="me018">
      <nite:child href="Bro018.E.words.xml#id(Bro018.w.11,250)..id(Bro018.w.11,251)"/>
   </dialogueact>
   <dialogueact nite:id="Bro018.E.dialogueact1240" starttime="3206.23" endtime="3206.36" type="z" original-type="z" channel="c5" participant="me018">
      <nite:child href="Bro018.E.words.xml#id(Bro018.w.11,275)..id(Bro018.w.11,276)"/>
   </dialogueact>
   <dialogueact nite:id="Bro018.E.dialogueact1241" starttime="3206.57" endtime="3207.03" type="z" original-type="z" channel="c5" participant="me018">
      <nite:child href="Bro018.E.words.xml#id(Bro018.w.11,277)..id(Bro018.w.11,280)"/>
   </dialogueact>
</nite:root>