<?xml version="1.0" encoding="ISO-8859-1" standalone="yes"?>
<nite:root nite:id="Bro025.B.dialogue-acts" xmlns:nite="http://nite.sourceforge.net/">
   <dialogueact nite:id="Bro025.B.dialogueact1" starttime="4.504" endtime="6.594" type="z" original-type="z" channel="c1" participant="me013">
      <nite:child href="Bro025.B.words.xml#id(Bro025.w.7)..id(Bro025.w.16)"/>
   </dialogueact>
   <dialogueact nite:id="Bro025.B.dialogueact2" starttime="7.565" endtime="8.045" type="z" original-type="z" channel="c1" participant="me013">
      <nite:child href="Bro025.B.words.xml#id(Bro025.w.17)..id(Bro025.w.21)"/>
   </dialogueact>
   <dialogueact nite:id="Bro025.B.dialogueact3" starttime="8.045" endtime="8.965" type="z" original-type="z" channel="c1" participant="me013">
      <nite:child href="Bro025.B.words.xml#id(Bro025.w.22)..id(Bro025.w.25)"/>
   </dialogueact>
   <dialogueact nite:id="Bro025.B.dialogueact5" starttime="16.278" endtime="17.028" type="fh" original-type="fh" channel="c1" participant="me013">
      <nite:child href="Bro025.B.words.xml#id(Bro025.w.30)..id(Bro025.w.31)"/>
   </dialogueact>
   <dialogueact nite:id="Bro025.B.dialogueact6" starttime="19.976" endtime="21.586" type="s^t" original-type="s^t" channel="c1" participant="me013">
      <nite:child href="Bro025.B.words.xml#id(Bro025.w.32)..id(Bro025.w.42)"/>
   </dialogueact>
   <dialogueact nite:id="Bro025.B.dialogueact9" starttime="24.432" endtime="25.492" type="qy^d^j^rt" adjacency="1b.2a" original-type="qy^d^j^rt" channel="c1" participant="me013">
      <nite:child href="Bro025.B.words.xml#id(Bro025.w.51)..id(Bro025.w.56)"/>
   </dialogueact>
   <dialogueact nite:id="Bro025.B.dialogueact13" starttime="31.342" endtime="31.812" type="s^ba" adjacency="3b" original-type="s^ba" channel="c1" participant="me013">
      <nite:child href="Bro025.B.words.xml#id(Bro025.w.78)..id(Bro025.w.81)"/>
   </dialogueact>
   <dialogueact nite:id="Bro025.B.dialogueact16" starttime="32.542" endtime="32.952" type="s^ba" adjacency="3b+" original-type="s^ba" channel="c1" participant="me013">
      <nite:child href="Bro025.B.words.xml#id(Bro025.w.82)..id(Bro025.w.83)"/>
   </dialogueact>
   <dialogueact nite:id="Bro025.B.dialogueact17" starttime="33.985" endtime="34.655" type="s^ba" adjacency="3b++" original-type="s^ba" channel="c1" participant="me013">
      <nite:child href="Bro025.B.words.xml#id(Bro025.w.88)..id(Bro025.w.93)"/>
   </dialogueact>
   <dialogueact nite:id="Bro025.B.dialogueact19" starttime="36.794" endtime="37.924" type="s^co" adjacency="4a" original-type="s^co" channel="c1" participant="me013">
      <nite:child href="Bro025.B.words.xml#id(Bro025.w.98)..id(Bro025.w.104)"/>
   </dialogueact>
   <dialogueact nite:id="Bro025.B.dialogueact23" starttime="49.73" endtime="49.97" type="b" original-type="b" channel="c1" participant="me013">
      <nite:child href="Bro025.B.words.xml#id(Bro025.w.134)..id(Bro025.w.135)"/>
   </dialogueact>
   <dialogueact nite:id="Bro025.B.dialogueact27" starttime="61.136" endtime="61.636" type="b" original-type="b" channel="c1" participant="me013">
      <nite:child href="Bro025.B.words.xml#id(Bro025.w.173)..id(Bro025.w.176)"/>
   </dialogueact>
   <dialogueact nite:id="Bro025.B.dialogueact29" starttime="63.224" endtime="63.784" type="b^rt" original-type="b^rt" channel="c1" participant="me013">
      <nite:child href="Bro025.B.words.xml#id(Bro025.w.177)..id(Bro025.w.180)"/>
   </dialogueact>
   <dialogueact nite:id="Bro025.B.dialogueact31" starttime="74.546" endtime="74.976" type="b" original-type="b" channel="c1" participant="me013">
      <nite:child href="Bro025.B.words.xml#id(Bro025.w.205)..id(Bro025.w.208)"/>
   </dialogueact>
   <dialogueact nite:id="Bro025.B.dialogueact33" starttime="77.517" endtime="77.937" type="b" original-type="b" channel="c1" participant="me013">
      <nite:child href="Bro025.B.words.xml#id(Bro025.w.219)..id(Bro025.w.220)"/>
   </dialogueact>
   <dialogueact nite:id="Bro025.B.dialogueact36" starttime="83.525" endtime="83.835" type="s^bk^rt" adjacency="6b" original-type="s^bk^rt" channel="c1" participant="me013">
      <nite:child href="Bro025.B.words.xml#id(Bro025.w.243)..id(Bro025.w.244)"/>
   </dialogueact>
   <dialogueact nite:id="Bro025.B.dialogueact39" starttime="90.039" endtime="90.599" type="s^bk" adjacency="8b" original-type="s^bk" channel="c1" participant="me013">
      <nite:child href="Bro025.B.words.xml#id(Bro025.w.277)..id(Bro025.w.280)"/>
   </dialogueact>
   <dialogueact nite:id="Bro025.B.dialogueact45" starttime="119.33" endtime="126.109" type="s^na" adjacency="9b" original-type="s^na" channel="c1" participant="me013">
      <nite:child href="Bro025.B.words.xml#id(Bro025.w.347)..id(Bro025.w.366)"/>
   </dialogueact>
   <dialogueact nite:id="Bro025.B.dialogueact47" starttime="126.109" endtime="128.719" type="s.%--" original-type="s.%--" channel="c1" participant="me013">
      <nite:child href="Bro025.B.words.xml#id(Bro025.w.367)..id(Bro025.w.375)"/>
   </dialogueact>
   <dialogueact nite:id="Bro025.B.dialogueact48" starttime="129.651" endtime="130.501" type="fh" original-type="fh" channel="c1" participant="me013">
      <nite:child href="Bro025.B.words.xml#id(Bro025.w.376)..id(Bro025.w.377)"/>
   </dialogueact>
   <dialogueact nite:id="Bro025.B.dialogueact49" starttime="132.432" endtime="141.295" type="s" original-type="s" channel="c1" participant="me013">
      <nite:child href="Bro025.B.words.xml#id(Bro025.w.378)..id(Bro025.w.398)"/>
   </dialogueact>
   <dialogueact nite:id="Bro025.B.dialogueact50" starttime="142.427" endtime="148.238" type="fh|s" adjacency="10a" original-type="fh|s" channel="c1" participant="me013">
      <nite:child href="Bro025.B.words.xml#id(Bro025.w.399)..id(Bro025.disfmarker.11)"/>
   </dialogueact>
   <dialogueact nite:id="Bro025.B.dialogueact52" starttime="148.238" endtime="151.188" type="s^bsc" adjacency="11a" original-type="s^bsc" channel="c1" participant="me013">
      <nite:child href="Bro025.B.words.xml#id(Bro025.w.418)..id(Bro025.w.430)"/>
   </dialogueact>
   <dialogueact nite:id="Bro025.B.dialogueact54" starttime="151.188" endtime="152.308" type="fh" original-type="fh" channel="c1" participant="me013">
      <nite:child href="Bro025.B.words.xml#id(Bro025.w.431)..id(Bro025.w.434)"/>
   </dialogueact>
   <dialogueact nite:id="Bro025.B.dialogueact55" starttime="154.057" endtime="154.687" type="fh" original-type="fh" channel="c1" participant="me013">
      <nite:child href="Bro025.B.words.xml#id(Bro025.w.447)..id(Bro025.w.448)"/>
   </dialogueact>
   <dialogueact nite:id="Bro025.B.dialogueact57" starttime="158.141" endtime="160.981" type="s" original-type="s" channel="c1" participant="me013">
      <nite:child href="Bro025.B.words.xml#id(Bro025.w.451)..id(Bro025.w.461)"/>
   </dialogueact>
   <dialogueact nite:id="Bro025.B.dialogueact58" starttime="161.161" endtime="166.171" type="qy^bu^rt" adjacency="12a" original-type="qy^bu^rt" channel="c1" participant="me013">
      <nite:child href="Bro025.B.words.xml#id(Bro025.w.464)..id(Bro025.w.488)"/>
   </dialogueact>
   <dialogueact nite:id="Bro025.B.dialogueact59" starttime="166.171" endtime="166.381" type="qrr.%--" adjacency="12a+" original-type="qrr.%--" channel="c1" participant="me013">
      <nite:child href="Bro025.B.words.xml#id(Bro025.w.489)..id(Bro025.w.490)"/>
   </dialogueact>
   <dialogueact nite:id="Bro025.B.dialogueact61" starttime="169.261" endtime="169.741" type="b^rt" original-type="b^rt" channel="c1" participant="me013">
      <nite:child href="Bro025.B.words.xml#id(Bro025.w.503)..id(Bro025.w.506)"/>
   </dialogueact>
   <dialogueact nite:id="Bro025.B.dialogueact66" starttime="178.37" endtime="179.41" type="s.%--" adjacency="13b" original-type="s.%--" channel="c1" participant="me013">
      <nite:child href="Bro025.B.words.xml#id(Bro025.w.537)..id(Bro025.disfmarker.14)"/>
   </dialogueact>
   <dialogueact nite:id="Bro025.B.dialogueact67" starttime="179.59" endtime="182.88" type="s^rt.%--" adjacency="13b+.14a" original-type="s^rt.%--" channel="c1" participant="me013">
      <nite:child href="Bro025.B.words.xml#id(Bro025.w.543)..id(Bro025.w.555)"/>
   </dialogueact>
   <dialogueact nite:id="Bro025.B.dialogueact70" starttime="183.97" endtime="185.55" type="s^bk|s^cc" original-type="s^bk|s^cc" channel="c1" participant="me013">
      <nite:child href="Bro025.B.words.xml#id(Bro025.w.567)..id(Bro025.w.577)"/>
   </dialogueact>
   <dialogueact nite:id="Bro025.B.dialogueact71" starttime="185.55" endtime="188.52" type="fh|s^cs" original-type="fh|s^cs" channel="c1" participant="me013">
      <nite:child href="Bro025.B.words.xml#id(Bro025.w.578)..id(Bro025.w.592)"/>
   </dialogueact>
   <dialogueact nite:id="Bro025.B.dialogueact72" starttime="188.52" endtime="190.24" type="s^e" original-type="s^e" channel="c1" participant="me013">
      <nite:child href="Bro025.B.words.xml#id(Bro025.w.593)..id(Bro025.w.599)"/>
   </dialogueact>
   <dialogueact nite:id="Bro025.B.dialogueact73" starttime="190.24" endtime="191.38" type="qw" original-type="qw" channel="c1" participant="me013">
      <nite:child href="Bro025.B.words.xml#id(Bro025.w.600)..id(Bro025.w.606)"/>
   </dialogueact>
   <dialogueact nite:id="Bro025.B.dialogueact74" starttime="191.38" endtime="192.36" type="s" original-type="s" channel="c1" participant="me013">
      <nite:child href="Bro025.B.words.xml#id(Bro025.w.607)..id(Bro025.w.613)"/>
   </dialogueact>
   <dialogueact nite:id="Bro025.B.dialogueact76" starttime="195.982" endtime="198.582" type="s.%--" original-type="s.%--" channel="c1" participant="me013">
      <nite:child href="Bro025.B.words.xml#id(Bro025.w.623)..id(Bro025.disfmarker.21)"/>
   </dialogueact>
   <dialogueact nite:id="Bro025.B.dialogueact77" starttime="198.972" endtime="203.962" type="s" original-type="s" channel="c1" participant="me013">
      <nite:child href="Bro025.B.words.xml#id(Bro025.w.631)..id(Bro025.w.646)"/>
   </dialogueact>
   <dialogueact nite:id="Bro025.B.dialogueact78" starttime="204.072" endtime="214.223" comment="FBH" type="s" original-type="s" channel="c1" participant="me013">
      <nite:child href="Bro025.B.words.xml#id(Bro025.w.647)..id(Bro025.w.687)"/>
   </dialogueact>
   <dialogueact nite:id="Bro025.B.dialogueact79" starttime="214.675" endtime="218.92" type="s" original-type="s" channel="c1" participant="me013">
      <nite:child href="Bro025.B.words.xml#id(Bro025.w.688)..id(Bro025.w.708)"/>
   </dialogueact>
   <dialogueact nite:id="Bro025.B.dialogueact82" starttime="220.265" endtime="226.624" type="fh|s" original-type="fh|s" channel="c1" participant="me013">
      <nite:child href="Bro025.B.words.xml#id(Bro025.w.711)..id(Bro025.w.729)"/>
   </dialogueact>
   <dialogueact nite:id="Bro025.B.dialogueact83" starttime="226.624" endtime="230.824" type="s" original-type="s" channel="c1" participant="me013">
      <nite:child href="Bro025.B.words.xml#id(Bro025.w.730)..id(Bro025.w.745)"/>
   </dialogueact>
   <dialogueact nite:id="Bro025.B.dialogueact84" starttime="231.396" endtime="235.686" type="fh|s" original-type="fh|s" channel="c1" participant="me013">
      <nite:child href="Bro025.B.words.xml#id(Bro025.w.746)..id(Bro025.w.760)"/>
   </dialogueact>
   <dialogueact nite:id="Bro025.B.dialogueact86" starttime="236.319" endtime="240.689" type="fh|s" original-type="fh|s" channel="c1" participant="me013">
      <nite:child href="Bro025.B.words.xml#id(Bro025.w.763)..id(Bro025.w.785)"/>
   </dialogueact>
   <dialogueact nite:id="Bro025.B.dialogueact88" starttime="241.529" endtime="244.349" type="fh|s" original-type="fh|s" channel="c1" participant="me013">
      <nite:child href="Bro025.B.words.xml#id(Bro025.w.790)..id(Bro025.w.804)"/>
   </dialogueact>
   <dialogueact nite:id="Bro025.B.dialogueact89" starttime="244.349" endtime="245.609" type="s^df^e" original-type="s^df^e" channel="c1" participant="me013">
      <nite:child href="Bro025.B.words.xml#id(Bro025.w.805)..id(Bro025.w.811)"/>
   </dialogueact>
   <dialogueact nite:id="Bro025.B.dialogueact90" starttime="245.609" endtime="249.84" type="s" original-type="s" channel="c1" participant="me013">
      <nite:child href="Bro025.B.words.xml#id(Bro025.w.812)..id(Bro025.disfmarker.25)"/>
   </dialogueact>
   <dialogueact nite:id="Bro025.B.dialogueact91" starttime="249.84" endtime="251.47" type="s" original-type="s" channel="c1" participant="me013">
      <nite:child href="Bro025.B.words.xml#id(Bro025.w.826)..id(Bro025.w.834)"/>
   </dialogueact>
   <dialogueact nite:id="Bro025.B.dialogueact92" starttime="251.47" endtime="254.98" type="s" original-type="s" channel="c1" participant="me013">
      <nite:child href="Bro025.B.words.xml#id(Bro025.w.835)..id(Bro025.w.843)"/>
   </dialogueact>
   <dialogueact nite:id="Bro025.B.dialogueact94" starttime="255.494" endtime="259.694" type="fh|s" original-type="fh|s" channel="c1" participant="me013">
      <nite:child href="Bro025.B.words.xml#id(Bro025.w.844)..id(Bro025.w.867)"/>
   </dialogueact>
   <dialogueact nite:id="Bro025.B.dialogueact95" starttime="259.694" endtime="267.023" type="s^df" original-type="s^df" channel="c1" participant="me013">
      <nite:child href="Bro025.B.words.xml#id(Bro025.w.868)..id(Bro025.w.890)"/>
   </dialogueact>
   <dialogueact nite:id="Bro025.B.dialogueact96" starttime="267.023" endtime="269.233" type="s" original-type="s" channel="c1" participant="me013">
      <nite:child href="Bro025.B.words.xml#id(Bro025.w.891)..id(Bro025.w.901)"/>
   </dialogueact>
   <dialogueact nite:id="Bro025.B.dialogueact97" starttime="269.83" endtime="272.26" type="s" original-type="s" channel="c1" participant="me013">
      <nite:child href="Bro025.B.words.xml#id(Bro025.w.902)..id(Bro025.w.917)"/>
   </dialogueact>
   <dialogueact nite:id="Bro025.B.dialogueact99" starttime="272.938" endtime="280.123" type="s" original-type="s" channel="c1" participant="me013">
      <nite:child href="Bro025.B.words.xml#id(Bro025.w.922)..id(Bro025.w.950)"/>
   </dialogueact>
   <dialogueact nite:id="Bro025.B.dialogueact100" starttime="280.123" endtime="283.383" type="s" original-type="s" channel="c1" participant="me013">
      <nite:child href="Bro025.B.words.xml#id(Bro025.w.951)..id(Bro025.w.970)"/>
   </dialogueact>
   <dialogueact nite:id="Bro025.B.dialogueact101" starttime="283.383" endtime="289.783" type="s" original-type="s" channel="c1" participant="me013">
      <nite:child href="Bro025.B.words.xml#id(Bro025.w.971)..id(Bro025.w.998)"/>
   </dialogueact>
   <dialogueact nite:id="Bro025.B.dialogueact103" starttime="291.084" endtime="301.38" type="s" original-type="s" channel="c1" participant="me013">
      <nite:child href="Bro025.B.words.xml#id(Bro025.w.1,003)..id(Bro025.w.1,033)"/>
   </dialogueact>
   <dialogueact nite:id="Bro025.B.dialogueact104" starttime="301.51" endtime="306.219" type="s^e.%--" original-type="s^e.%--" channel="c1" participant="me013">
      <nite:child href="Bro025.B.words.xml#id(Bro025.w.1,034)..id(Bro025.w.1,041)"/>
   </dialogueact>
   <dialogueact nite:id="Bro025.B.dialogueact105" starttime="306.219" endtime="312.199" type="s" original-type="s" channel="c1" participant="me013">
      <nite:child href="Bro025.B.words.xml#id(Bro025.w.1,042)..id(Bro025.w.1,065)"/>
   </dialogueact>
   <dialogueact nite:id="Bro025.B.dialogueact106" starttime="312.945" endtime="323.815" type="s" original-type="s" channel="c1" participant="me013">
      <nite:child href="Bro025.B.words.xml#id(Bro025.w.1,066)..id(Bro025.w.1,102)"/>
   </dialogueact>
   <dialogueact nite:id="Bro025.B.dialogueact107" starttime="324.542" endtime="330.418" type="s^cs" original-type="s^cs" channel="c1" participant="me013">
      <nite:child href="Bro025.B.words.xml#id(Bro025.w.1,103)..id(Bro025.w.1,127)"/>
   </dialogueact>
   <dialogueact nite:id="Bro025.B.dialogueact108" starttime="330.418" endtime="331.558" type="s^cs^e" original-type="s^cs^e" channel="c1" participant="me013">
      <nite:child href="Bro025.B.words.xml#id(Bro025.w.1,128)..id(Bro025.w.1,134)"/>
   </dialogueact>
   <dialogueact nite:id="Bro025.B.dialogueact109" starttime="331.558" endtime="332.378" type="s^cs^e" original-type="s^cs^e" channel="c1" participant="me013">
      <nite:child href="Bro025.B.words.xml#id(Bro025.w.1,135)..id(Bro025.w.1,139)"/>
   </dialogueact>
   <dialogueact nite:id="Bro025.B.dialogueact110" starttime="332.378" endtime="334.128" type="s" original-type="s" channel="c1" participant="me013">
      <nite:child href="Bro025.B.words.xml#id(Bro025.w.1,140)..id(Bro025.w.1,149)"/>
   </dialogueact>
   <dialogueact nite:id="Bro025.B.dialogueact111" starttime="334.128" endtime="338.466" type="s^co^j" adjacency="15a" original-type="s^co^j" channel="c1" participant="me013">
      <nite:child href="Bro025.B.words.xml#id(Bro025.w.1,150)..id(Bro025.w.1,167)"/>
   </dialogueact>
   <dialogueact nite:id="Bro025.B.dialogueact112" starttime="338.726" endtime="338.916" type="fh" original-type="fh" channel="c1" participant="me013">
      <nite:child href="Bro025.B.words.xml#id(Bro025.w.1,168)..id(Bro025.w.1,170)"/>
   </dialogueact>
   <dialogueact nite:id="Bro025.B.dialogueact114" starttime="340.095" endtime="340.525" type="s^co" original-type="s^co" channel="c1" participant="me013">
      <nite:child href="Bro025.B.words.xml#id(Bro025.w.1,173)..id(Bro025.w.1,176)"/>
   </dialogueact>
   <dialogueact nite:id="Bro025.B.dialogueact115" starttime="340.525" endtime="343.835" type="s" adjacency="16a" original-type="s" channel="c1" participant="me013">
      <nite:child href="Bro025.B.words.xml#id(Bro025.w.1,177)..id(Bro025.w.1,196)"/>
   </dialogueact>
   <dialogueact nite:id="Bro025.B.dialogueact116" starttime="343.835" endtime="344.755" type="s.%--" original-type="s.%--" channel="c1" participant="me013">
      <nite:child href="Bro025.B.words.xml#id(Bro025.w.1,197)..id(Bro025.disfmarker.49)"/>
   </dialogueact>
   <dialogueact nite:id="Bro025.B.dialogueact118" starttime="345.415" endtime="350.015" comment="FBH" type="s" original-type="s" channel="c1" participant="me013">
      <nite:child href="Bro025.B.words.xml#id(Bro025.w.1,205)..id(Bro025.w.1,226)"/>
   </dialogueact>
   <dialogueact nite:id="Bro025.B.dialogueact119" starttime="350.015" endtime="354.707" comment="FBH" type="s^j" original-type="s^j" channel="c1" participant="me013">
      <nite:child href="Bro025.B.words.xml#id(Bro025.w.1,227)..id(Bro025.w.1,236)"/>
   </dialogueact>
   <dialogueact nite:id="Bro025.B.dialogueact120" starttime="354.707" endtime="354.847" type="fh" original-type="fh" channel="c1" participant="me013">
      <nite:child href="Bro025.B.words.xml#id(Bro025.w.1,237)..id(Bro025.w.1,238)"/>
   </dialogueact>
   <dialogueact nite:id="Bro025.B.dialogueact121" starttime="357.457" endtime="357.707" type="fh" original-type="fh" channel="c1" participant="me013">
      <nite:child href="Bro025.B.words.xml#id(Bro025.w.1,239)..id(Bro025.w.1,240)"/>
   </dialogueact>
   <dialogueact nite:id="Bro025.B.dialogueact129" starttime="371.32" endtime="372.01" type="s^ba" adjacency="18b-2" original-type="s^ba" channel="c1" participant="me013">
      <nite:child href="Bro025.B.words.xml#id(Bro025.w.1,310)..id(Bro025.w.1,315)"/>
   </dialogueact>
   <dialogueact nite:id="Bro025.B.dialogueact131" starttime="372.01" endtime="376.68" type="s" adjacency="17b-2.19a" original-type="s" channel="c1" participant="me013">
      <nite:child href="Bro025.B.words.xml#id(Bro025.w.1,316)..id(Bro025.w.1,340)"/>
   </dialogueact>
   <dialogueact nite:id="Bro025.B.dialogueact133" starttime="376.93" endtime="377.31" type="s^aa" adjacency="17b-2+.19a+" original-type="s^aa" channel="c1" participant="me013">
      <nite:child href="Bro025.B.words.xml#id(Bro025.w.1,341)..id(Bro025.w.1,342)"/>
   </dialogueact>
   <dialogueact nite:id="Bro025.B.dialogueact136" starttime="378.225" endtime="378.425" type="s^aa" adjacency="20b" original-type="s^aa" channel="c1" participant="me013">
      <nite:child href="Bro025.B.words.xml#id(Bro025.w.1,357)..id(Bro025.w.1,358)"/>
   </dialogueact>
   <dialogueact nite:id="Bro025.B.dialogueact141" starttime="387.937" endtime="388.177" type="s^aa" adjacency="21b-2" original-type="s^aa" channel="c1" participant="me013">
      <nite:child href="Bro025.B.words.xml#id(Bro025.w.1,401)..id(Bro025.w.1,402)"/>
   </dialogueact>
   <dialogueact nite:id="Bro025.B.dialogueact145" starttime="398.955" endtime="399.475" type="b" original-type="b" channel="c1" participant="me013">
      <nite:child href="Bro025.B.words.xml#id(Bro025.w.1,436)..id(Bro025.w.1,439)"/>
   </dialogueact>
   <dialogueact nite:id="Bro025.B.dialogueact154" starttime="410.661" endtime="410.851" type="s^aa" adjacency="24b-1" original-type="s^aa" channel="c1" participant="me013">
      <nite:child href="Bro025.B.words.xml#id(Bro025.w.1,492)..id(Bro025.w.1,493)"/>
   </dialogueact>
   <dialogueact nite:id="Bro025.B.dialogueact157" starttime="411.509" endtime="411.909" type="fg" original-type="fg" channel="c1" participant="me013">
      <nite:child href="Bro025.B.words.xml#id(Bro025.w.1,507)..id(Bro025.disfmarker.68)"/>
   </dialogueact>
   <dialogueact nite:id="Bro025.B.dialogueact160" starttime="413.111" endtime="414.581" type="s^df" original-type="s^df" channel="c1" participant="me013">
      <nite:child href="Bro025.B.words.xml#id(Bro025.w.1,518)..id(Bro025.w.1,524)"/>
   </dialogueact>
   <dialogueact nite:id="Bro025.B.dialogueact161" starttime="414.581" endtime="416.211" type="s^e" original-type="s^e" channel="c1" participant="me013">
      <nite:child href="Bro025.B.words.xml#id(Bro025.w.1,525)..id(Bro025.w.1,531)"/>
   </dialogueact>
   <dialogueact nite:id="Bro025.B.dialogueact162" starttime="416.211" endtime="419.261" type="s^df^e" original-type="s^df^e" channel="c1" participant="me013">
      <nite:child href="Bro025.B.words.xml#id(Bro025.w.1,532)..id(Bro025.w.1,546)"/>
   </dialogueact>
   <dialogueact nite:id="Bro025.B.dialogueact164" starttime="419.391" endtime="419.781" type="qy^d^g" original-type="qy^d^g" channel="c1" participant="me013">
      <nite:child href="Bro025.B.words.xml#id(Bro025.w.1,547)..id(Bro025.w.1,549)"/>
   </dialogueact>
   <dialogueact nite:id="Bro025.B.dialogueact166" starttime="420.051" endtime="426.061" type="s^df" original-type="s^df" channel="c1" participant="me013">
      <nite:child href="Bro025.B.words.xml#id(Bro025.w.1,554)..id(Bro025.w.1,577)"/>
   </dialogueact>
   <dialogueact nite:id="Bro025.B.dialogueact168" starttime="426.231" endtime="430.901" type="s" original-type="s" channel="c1" participant="me013">
      <nite:child href="Bro025.B.words.xml#id(Bro025.w.1,584)..id(Bro025.w.1,607)"/>
   </dialogueact>
   <dialogueact nite:id="Bro025.B.dialogueact169" starttime="431.63" endtime="439.762" type="s" original-type="s" channel="c1" participant="me013">
      <nite:child href="Bro025.B.words.xml#id(Bro025.w.1,608)..id(Bro025.disfmarker.72)"/>
   </dialogueact>
   <dialogueact nite:id="Bro025.B.dialogueact170" starttime="439.762" endtime="441.312" type="s^e.%--" original-type="s^e.%--" channel="c1" participant="me013">
      <nite:child href="Bro025.B.words.xml#id(Bro025.w.1,637)..id(Bro025.w.1,641)"/>
   </dialogueact>
   <dialogueact nite:id="Bro025.B.dialogueact171" starttime="441.312" endtime="444.242" type="s^bc" original-type="s^bc" channel="c1" participant="me013">
      <nite:child href="Bro025.B.words.xml#id(Bro025.w.1,642)..id(Bro025.w.1,652)"/>
   </dialogueact>
   <dialogueact nite:id="Bro025.B.dialogueact173" starttime="445.321" endtime="445.951" type="s^e" original-type="s^e" channel="c1" participant="me013">
      <nite:child href="Bro025.B.words.xml#id(Bro025.w.1,657)..id(Bro025.w.1,661)"/>
   </dialogueact>
   <dialogueact nite:id="Bro025.B.dialogueact175" starttime="455.423" endtime="458.943" type="s.%--" adjacency="26b" original-type="s.%--" channel="c1" participant="me013">
      <nite:child href="Bro025.B.words.xml#id(Bro025.w.1,681)..id(Bro025.disfmarker.77)"/>
   </dialogueact>
   <dialogueact nite:id="Bro025.B.dialogueact177" starttime="458.943" endtime="463.593" type="s" adjacency="26b+" original-type="s" channel="c1" participant="me013">
      <nite:child href="Bro025.B.words.xml#id(Bro025.w.1,696)..id(Bro025.w.1,731)"/>
   </dialogueact>
   <dialogueact nite:id="Bro025.B.dialogueact178" starttime="463.593" endtime="472.743" type="s^cs" original-type="s^cs" channel="c1" participant="me013">
      <nite:child href="Bro025.B.words.xml#id(Bro025.w.1,732)..id(Bro025.w.1,764)"/>
   </dialogueact>
   <dialogueact nite:id="Bro025.B.dialogueact179" starttime="472.743" endtime="474.093" type="s^e" original-type="s^e" channel="c1" participant="me013">
      <nite:child href="Bro025.B.words.xml#id(Bro025.w.1,765)..id(Bro025.w.1,771)"/>
   </dialogueact>
   <dialogueact nite:id="Bro025.B.dialogueact181" starttime="474.809" endtime="475.879" type="s^cs^e" original-type="s^cs^e" channel="c1" participant="me013">
      <nite:child href="Bro025.B.words.xml#id(Bro025.w.1,776)..id(Bro025.w.1,780)"/>
   </dialogueact>
   <dialogueact nite:id="Bro025.B.dialogueact182" starttime="475.949" endtime="478.689" type="s^cs^e" original-type="s^cs^e" channel="c1" participant="me013">
      <nite:child href="Bro025.B.words.xml#id(Bro025.w.1,781)..id(Bro025.w.1,789)"/>
   </dialogueact>
   <dialogueact nite:id="Bro025.B.dialogueact183" starttime="479.567" endtime="491.531" type="s^cs^t" original-type="s^cs^t" channel="c1" participant="me013">
      <nite:child href="Bro025.B.words.xml#id(Bro025.w.1,790)..id(Bro025.w.1,837)"/>
   </dialogueact>
   <dialogueact nite:id="Bro025.B.dialogueact184" starttime="492.106" endtime="494.306" type="s^e" original-type="s^e" channel="c1" participant="me013">
      <nite:child href="Bro025.B.words.xml#id(Bro025.w.1,838)..id(Bro025.w.1,848)"/>
   </dialogueact>
   <dialogueact nite:id="Bro025.B.dialogueact185" starttime="494.668" endtime="500.208" type="s^cs" original-type="s^cs" channel="c1" participant="me013">
      <nite:child href="Bro025.B.words.xml#id(Bro025.w.1,849)..id(Bro025.w.1,872)"/>
   </dialogueact>
   <dialogueact nite:id="Bro025.B.dialogueact186" starttime="500.676" endtime="504.066" type="s^df" original-type="s^df" channel="c1" participant="me013">
      <nite:child href="Bro025.B.words.xml#id(Bro025.w.1,873)..id(Bro025.w.1,887)"/>
   </dialogueact>
   <dialogueact nite:id="Bro025.B.dialogueact188" starttime="504.567" endtime="507.897" type="s^e" original-type="s^e" channel="c1" participant="me013">
      <nite:child href="Bro025.B.words.xml#id(Bro025.w.1,892)..id(Bro025.w.1,908)"/>
   </dialogueact>
   <dialogueact nite:id="Bro025.B.dialogueact189" starttime="507.897" endtime="508.607" type="fh" original-type="fh" channel="c1" participant="me013">
      <nite:child href="Bro025.B.words.xml#id(Bro025.w.1,909)..id(Bro025.w.1,912)"/>
   </dialogueact>
   <dialogueact nite:id="Bro025.B.dialogueact193" starttime="514.478" endtime="515.908" type="s.%--" adjacency="27b" original-type="s.%--" channel="c1" participant="me013">
      <nite:child href="Bro025.B.words.xml#id(Bro025.w.1,941)..id(Bro025.disfmarker.89)"/>
   </dialogueact>
   <dialogueact nite:id="Bro025.B.dialogueact194" starttime="515.998" endtime="520.998" type="s:qy" original-type="s:qy" channel="c1" participant="me013">
      <nite:child href="Bro025.B.words.xml#id(Bro025.w.1,947)..id(Bro025.w.1,969)"/>
   </dialogueact>
   <dialogueact nite:id="Bro025.B.dialogueact195" starttime="521.75" endtime="525.33" type="s^df^rt" original-type="s^df^rt" channel="c1" participant="me013">
      <nite:child href="Bro025.B.words.xml#id(Bro025.w.1,970)..id(Bro025.w.1,991)"/>
   </dialogueact>
   <dialogueact nite:id="Bro025.B.dialogueact197" starttime="525.933" endtime="527.523" type="s" original-type="s" channel="c1" participant="me013">
      <nite:child href="Bro025.B.words.xml#id(Bro025.w.1,996)..id(Bro025.w.2,005)"/>
   </dialogueact>
   <dialogueact nite:id="Bro025.B.dialogueact198" starttime="528.053" endtime="530.433" type="s" original-type="s" channel="c1" participant="me013">
      <nite:child href="Bro025.B.words.xml#id(Bro025.w.2,006)..id(Bro025.w.2,017)"/>
   </dialogueact>
   <dialogueact nite:id="Bro025.B.dialogueact199" starttime="530.433" endtime="535.864" type="s:qy" original-type="s:qy" channel="c1" participant="me013">
      <nite:child href="Bro025.B.words.xml#id(Bro025.w.2,018)..id(Bro025.w.2,041)"/>
   </dialogueact>
   <dialogueact nite:id="Bro025.B.dialogueact201" starttime="536.52" endtime="545.697" type="s" original-type="s" channel="c1" participant="me013">
      <nite:child href="Bro025.B.words.xml#id(Bro025.w.2,044)..id(Bro025.w.2,076)"/>
   </dialogueact>
   <dialogueact nite:id="Bro025.B.dialogueact202" starttime="545.697" endtime="547.107" type="s" original-type="s" channel="c1" participant="me013">
      <nite:child href="Bro025.B.words.xml#id(Bro025.w.2,077)..id(Bro025.w.2,083)"/>
   </dialogueact>
   <dialogueact nite:id="Bro025.B.dialogueact203" starttime="547.107" endtime="553.936" type="s" original-type="s" channel="c1" participant="me013">
      <nite:child href="Bro025.B.words.xml#id(Bro025.w.2,084)..id(Bro025.disfmarker.95)"/>
   </dialogueact>
   <dialogueact nite:id="Bro025.B.dialogueact204" starttime="553.936" endtime="554.166" type="qy^d^f^g" original-type="qy^d^f^g" channel="c1" participant="me013">
      <nite:child href="Bro025.B.words.xml#id(Bro025.w.2,108)..id(Bro025.disfmarker.96)"/>
   </dialogueact>
   <dialogueact nite:id="Bro025.B.dialogueact206" starttime="554.166" endtime="559.07" type="s^e" original-type="s^e" channel="c1" participant="me013">
      <nite:child href="Bro025.B.words.xml#id(Bro025.w.2,110)..id(Bro025.w.2,131)"/>
   </dialogueact>
   <dialogueact nite:id="Bro025.B.dialogueact207" starttime="559.07" endtime="561.74" type="s^e" original-type="s^e" channel="c1" participant="me013">
      <nite:child href="Bro025.B.words.xml#id(Bro025.w.2,132)..id(Bro025.disfmarker.101)"/>
   </dialogueact>
   <dialogueact nite:id="Bro025.B.dialogueact209" starttime="562.409" endtime="564.539" type="fh|s^e" original-type="fh|s^e" channel="c1" participant="me013">
      <nite:child href="Bro025.B.words.xml#id(Bro025.w.2,148)..id(Bro025.w.2,158)"/>
   </dialogueact>
   <dialogueact nite:id="Bro025.B.dialogueact211" starttime="565.047" endtime="569.547" type="fh|s" original-type="fh|s" channel="c1" participant="me013">
      <nite:child href="Bro025.B.words.xml#id(Bro025.w.2,163)..id(Bro025.w.2,182)"/>
   </dialogueact>
   <dialogueact nite:id="Bro025.B.dialogueact213" starttime="570.002" endtime="574.398" type="s^e" original-type="s^e" channel="c1" participant="me013">
      <nite:child href="Bro025.B.words.xml#id(Bro025.w.2,185)..id(Bro025.w.2,198)"/>
   </dialogueact>
   <dialogueact nite:id="Bro025.B.dialogueact214" starttime="574.853" endtime="582.492" type="s" original-type="s" channel="c1" participant="me013">
      <nite:child href="Bro025.B.words.xml#id(Bro025.w.2,199)..id(Bro025.w.2,228)"/>
   </dialogueact>
   <dialogueact nite:id="Bro025.B.dialogueact215" starttime="582.972" endtime="586.922" type="s^e" original-type="s^e" channel="c1" participant="me013">
      <nite:child href="Bro025.B.words.xml#id(Bro025.w.2,229)..id(Bro025.w.2,241)"/>
   </dialogueact>
   <dialogueact nite:id="Bro025.B.dialogueact217" starttime="586.922" endtime="589.342" type="s^e" original-type="s^e" channel="c1" participant="me013">
      <nite:child href="Bro025.B.words.xml#id(Bro025.w.2,242)..id(Bro025.disfmarker.109)"/>
   </dialogueact>
   <dialogueact nite:id="Bro025.B.dialogueact218" starttime="589.342" endtime="592.782" type="s^e" original-type="s^e" channel="c1" participant="me013">
      <nite:child href="Bro025.B.words.xml#id(Bro025.w.2,250)..id(Bro025.w.2,269)"/>
   </dialogueact>
   <dialogueact nite:id="Bro025.B.dialogueact219" starttime="592.782" endtime="600.449" type="s" original-type="s" channel="c1" participant="me013">
      <nite:child href="Bro025.B.words.xml#id(Bro025.w.2,270)..id(Bro025.w.2,301)"/>
   </dialogueact>
   <dialogueact nite:id="Bro025.B.dialogueact221" starttime="601.053" endtime="608.563" type="fh|s^e" original-type="fh|s^e" channel="c1" participant="me013">
      <nite:child href="Bro025.B.words.xml#id(Bro025.w.2,306)..id(Bro025.w.2,336)"/>
   </dialogueact>
   <dialogueact nite:id="Bro025.B.dialogueact222" starttime="609.58" endtime="613.63" type="s^ba" original-type="s^ba" channel="c1" participant="me013">
      <nite:child href="Bro025.B.words.xml#id(Bro025.w.2,337)..id(Bro025.w.2,354)"/>
   </dialogueact>
   <dialogueact nite:id="Bro025.B.dialogueact223" starttime="614.087" endtime="616.847" type="s" original-type="s" channel="c1" participant="me013">
      <nite:child href="Bro025.B.words.xml#id(Bro025.w.2,355)..id(Bro025.w.2,364)"/>
   </dialogueact>
   <dialogueact nite:id="Bro025.B.dialogueact224" starttime="617.277" endtime="619.567" type="s" original-type="s" channel="c1" participant="me013">
      <nite:child href="Bro025.B.words.xml#id(Bro025.w.2,365)..id(Bro025.w.2,372)"/>
   </dialogueact>
   <dialogueact nite:id="Bro025.B.dialogueact225" starttime="620.123" endtime="624.333" type="s" original-type="s" channel="c1" participant="me013">
      <nite:child href="Bro025.B.words.xml#id(Bro025.w.2,373)..id(Bro025.w.2,389)"/>
   </dialogueact>
   <dialogueact nite:id="Bro025.B.dialogueact226" starttime="624.423" endtime="629.268" type="s^df" original-type="s^df" channel="c1" participant="me013">
      <nite:child href="Bro025.B.words.xml#id(Bro025.w.2,390)..id(Bro025.w.2,410)"/>
   </dialogueact>
   <dialogueact nite:id="Bro025.B.dialogueact227" starttime="629.268" endtime="631.018" type="s" original-type="s" channel="c1" participant="me013">
      <nite:child href="Bro025.B.words.xml#id(Bro025.w.2,411)..id(Bro025.w.2,421)"/>
   </dialogueact>
   <dialogueact nite:id="Bro025.B.dialogueact229" starttime="631.813" endtime="632.573" type="fh" original-type="fh" channel="c1" participant="me013">
      <nite:child href="Bro025.B.words.xml#id(Bro025.w.2,424)..id(Bro025.w.2,425)"/>
   </dialogueact>
   <dialogueact nite:id="Bro025.B.dialogueact230" starttime="633.224" endtime="635.164" type="s" original-type="s" channel="c1" participant="me013">
      <nite:child href="Bro025.B.words.xml#id(Bro025.w.2,426)..id(Bro025.w.2,433)"/>
   </dialogueact>
   <dialogueact nite:id="Bro025.B.dialogueact231" starttime="635.354" endtime="637.374" type="s^e" original-type="s^e" channel="c1" participant="me013">
      <nite:child href="Bro025.B.words.xml#id(Bro025.w.2,434)..id(Bro025.w.2,439)"/>
   </dialogueact>
   <dialogueact nite:id="Bro025.B.dialogueact232" starttime="637.971" endtime="641.991" type="s^e" original-type="s^e" channel="c1" participant="me013">
      <nite:child href="Bro025.B.words.xml#id(Bro025.w.2,440)..id(Bro025.w.2,450)"/>
   </dialogueact>
   <dialogueact nite:id="Bro025.B.dialogueact233" starttime="642.371" endtime="647.971" type="s" original-type="s" channel="c1" participant="me013">
      <nite:child href="Bro025.B.words.xml#id(Bro025.w.2,451)..id(Bro025.w.2,476)"/>
   </dialogueact>
   <dialogueact nite:id="Bro025.B.dialogueact235" starttime="649.819" endtime="651.959" type="s" adjacency="1b" original-type="s" channel="c1" participant="me013">
      <nite:child href="Bro025.B.words.xml#id(Bro025.w.2,485)..id(Bro025.w.2,491)"/>
   </dialogueact>
   <dialogueact nite:id="Bro025.B.dialogueact237" starttime="660.339" endtime="663.509" type="s.%--" adjacency="2b.3a" original-type="s.%--" channel="c1" participant="me013">
      <nite:child href="Bro025.B.words.xml#id(Bro025.w.2,518)..id(Bro025.w.2,531)"/>
   </dialogueact>
   <dialogueact nite:id="Bro025.B.dialogueact239" starttime="663.509" endtime="664.559" type="qy^rt" adjacency="3a+" original-type="qy^rt" channel="c1" participant="me013">
      <nite:child href="Bro025.B.words.xml#id(Bro025.w.2,532)..id(Bro025.w.2,538)"/>
   </dialogueact>
   <dialogueact nite:id="Bro025.B.dialogueact291" starttime="788.433" endtime="789.493" type="qy^bu^d^rt" adjacency="17a" original-type="qy^bu^d^rt" channel="c1" participant="me013">
      <nite:child href="Bro025.B.words.xml#id(Bro025.w.2,951)..id(Bro025.w.2,955)"/>
   </dialogueact>
   <dialogueact nite:id="Bro025.B.dialogueact292" starttime="789.493" endtime="789.863" type="s^fa" original-type="s^fa" channel="c1" participant="me013">
      <nite:child href="Bro025.B.words.xml#id(Bro025.w.2,956)..id(Bro025.w.2,959)"/>
   </dialogueact>
   <dialogueact nite:id="Bro025.B.dialogueact299" starttime="806.574" endtime="807.644" type="qy^bk^bu^d" adjacency="18a" original-type="qy^bk^bu^d" channel="c1" participant="me013">
      <nite:child href="Bro025.B.words.xml#id(Bro025.w.3,027)..id(Bro025.w.3,034)"/>
   </dialogueact>
   <dialogueact nite:id="Bro025.B.dialogueact305" starttime="808.595" endtime="808.955" type="s^bk" adjacency="19b" original-type="s^bk" channel="c1" participant="me013">
      <nite:child href="Bro025.B.words.xml#id(Bro025.w.3,039)..id(Bro025.w.3,042)"/>
   </dialogueact>
   <dialogueact nite:id="Bro025.B.dialogueact309" starttime="811.697" endtime="812.087" type="b" original-type="b" channel="c1" participant="me013">
      <nite:child href="Bro025.B.words.xml#id(Bro025.w.3,049)..id(Bro025.w.3,050)"/>
   </dialogueact>
   <dialogueact nite:id="Bro025.B.dialogueact310" starttime="813.692" endtime="814.292" type="fg" original-type="fg" channel="c1" participant="me013">
      <nite:child href="Bro025.B.words.xml#id(Bro025.w.3,051)..id(Bro025.w.3,052)"/>
   </dialogueact>
   <dialogueact nite:id="Bro025.B.dialogueact312" starttime="816.847" endtime="821.697" type="fh|s" original-type="fh|s" channel="c1" participant="me013">
      <nite:child href="Bro025.B.words.xml#id(Bro025.w.3,055)..id(Bro025.w.3,070)"/>
   </dialogueact>
   <dialogueact nite:id="Bro025.B.dialogueact313" starttime="821.697" endtime="823.457" type="s.%--" original-type="s.%--" channel="c1" participant="me013">
      <nite:child href="Bro025.B.words.xml#id(Bro025.w.3,071)..id(Bro025.disfmarker.140)"/>
   </dialogueact>
   <dialogueact nite:id="Bro025.B.dialogueact314" starttime="824.611" endtime="827.561" type="fh|s" adjacency="20a" original-type="fh|s" channel="c1" participant="me013">
      <nite:child href="Bro025.B.words.xml#id(Bro025.w.3,079)..id(Bro025.w.3,089)"/>
   </dialogueact>
   <dialogueact nite:id="Bro025.B.dialogueact315" starttime="827.671" endtime="828.581" type="qy^d^g^rt" adjacency="20a+" original-type="qy^d^g^rt" channel="c1" participant="me013">
      <nite:child href="Bro025.B.words.xml#id(Bro025.w.3,090)..id(Bro025.w.3,094)"/>
   </dialogueact>
   <dialogueact nite:id="Bro025.B.dialogueact316" starttime="828.671" endtime="834.961" type="s" adjacency="20a++.21b" original-type="s" channel="c1" participant="me013">
      <nite:child href="Bro025.B.words.xml#id(Bro025.w.3,095)..id(Bro025.w.3,120)"/>
   </dialogueact>
   <dialogueact nite:id="Bro025.B.dialogueact319" starttime="834.961" endtime="835.191" type="qy^d^g^rt" original-type="qy^d^g^rt" channel="c1" participant="me013">
      <nite:child href="Bro025.B.words.xml#id(Bro025.w.3,121)..id(Bro025.w.3,122)"/>
   </dialogueact>
   <dialogueact nite:id="Bro025.B.dialogueact321" starttime="838.943" endtime="839.263" type="b" original-type="b" channel="c1" participant="me013">
      <nite:child href="Bro025.B.words.xml#id(Bro025.w.3,147)..id(Bro025.w.3,148)"/>
   </dialogueact>
   <dialogueact nite:id="Bro025.B.dialogueact332" starttime="867.19" endtime="867.57" type="b" original-type="b" channel="c1" participant="me013">
      <nite:child href="Bro025.B.words.xml#id(Bro025.w.3,273)..id(Bro025.w.3,276)"/>
   </dialogueact>
   <dialogueact nite:id="Bro025.B.dialogueact335" starttime="868.381" endtime="868.601" type="%-" original-type="%-" channel="c1" participant="me013">
      <nite:child href="Bro025.B.words.xml#id(Bro025.w.3,290)..id(Bro025.disfmarker.153)"/>
   </dialogueact>
   <dialogueact nite:id="Bro025.B.dialogueact337" starttime="870.633" endtime="872.563" type="qy^bu^d^rt" adjacency="25a" original-type="qy^bu^d^rt" channel="c1" participant="me013">
      <nite:child href="Bro025.B.words.xml#id(Bro025.w.3,296)..id(Bro025.w.3,309)"/>
   </dialogueact>
   <dialogueact nite:id="Bro025.B.dialogueact339" starttime="873.45" endtime="876.28" type="qy^bu^d^r^rt" adjacency="26b.27a" original-type="qy^bu^d^r^rt" channel="c1" participant="me013">
      <nite:child href="Bro025.B.words.xml#id(Bro025.w.3,312)..id(Bro025.w.3,323)"/>
   </dialogueact>
   <dialogueact nite:id="Bro025.B.dialogueact341" starttime="880.946" endtime="881.246" type="s^bk" adjacency="28b" original-type="s^bk" channel="c1" participant="me013">
      <nite:child href="Bro025.B.words.xml#id(Bro025.w.3,349)..id(Bro025.w.3,350)"/>
   </dialogueact>
   <dialogueact nite:id="Bro025.B.dialogueact343" starttime="882.293" endtime="883.243" type="s" adjacency="28b+" original-type="s" channel="c1" participant="me013">
      <nite:child href="Bro025.B.words.xml#id(Bro025.w.3,351)..id(Bro025.w.3,358)"/>
   </dialogueact>
   <dialogueact nite:id="Bro025.B.dialogueact345" starttime="883.243" endtime="886.453" type="s" original-type="s" channel="c1" participant="me013">
      <nite:child href="Bro025.B.words.xml#id(Bro025.w.3,359)..id(Bro025.w.3,369)"/>
   </dialogueact>
   <dialogueact nite:id="Bro025.B.dialogueact348" starttime="887.213" endtime="887.643" type="qy.%-" original-type="qy.%-" channel="c1" participant="me013">
      <nite:child href="Bro025.B.words.xml#id(Bro025.w.3,385)..id(Bro025.w.3,388)"/>
   </dialogueact>
   <dialogueact nite:id="Bro025.B.dialogueact349" starttime="889.476" endtime="890.186" type="s^2" adjacency="29b.30a" original-type="s^2" channel="c1" participant="me013">
      <nite:child href="Bro025.B.words.xml#id(Bro025.w.3,389)..id(Bro025.w.3,391)"/>
   </dialogueact>
   <dialogueact nite:id="Bro025.B.dialogueact352" starttime="895.033" endtime="895.373" type="s^bk" adjacency="31b" original-type="s^bk" channel="c1" participant="me013">
      <nite:child href="Bro025.B.words.xml#id(Bro025.w.3,406)..id(Bro025.w.3,407)"/>
   </dialogueact>
   <dialogueact nite:id="Bro025.B.dialogueact353" starttime="895.713" endtime="896.073" type="s^bk" adjacency="31b+" original-type="s^bk" channel="c1" participant="me013">
      <nite:child href="Bro025.B.words.xml#id(Bro025.w.3,408)..id(Bro025.w.3,409)"/>
   </dialogueact>
   <dialogueact nite:id="Bro025.B.dialogueact354" starttime="897.008" endtime="898.968" type="s^ba" original-type="s^ba" channel="c1" participant="me013">
      <nite:child href="Bro025.B.words.xml#id(Bro025.w.3,410)..id(Bro025.w.3,419)"/>
   </dialogueact>
   <dialogueact nite:id="Bro025.B.dialogueact355" starttime="898.968" endtime="907.377" type="s" adjacency="32a" original-type="s" channel="c1" participant="me013">
      <nite:child href="Bro025.B.words.xml#id(Bro025.w.3,420)..id(Bro025.w.3,454)"/>
   </dialogueact>
   <dialogueact nite:id="Bro025.B.dialogueact356" starttime="907.417" endtime="908.937" type="s^e" original-type="s^e" channel="c1" participant="me013">
      <nite:child href="Bro025.B.words.xml#id(Bro025.w.3,455)..id(Bro025.w.3,463)"/>
   </dialogueact>
   <dialogueact nite:id="Bro025.B.dialogueact358" starttime="909.467" endtime="909.777" type="fh" original-type="fh" channel="c1" participant="me013">
      <nite:child href="Bro025.B.words.xml#id(Bro025.w.3,464)..id(Bro025.w.3,465)"/>
   </dialogueact>
   <dialogueact nite:id="Bro025.B.dialogueact359" starttime="910.689" endtime="911.189" type="s^ba" original-type="s^ba" channel="c1" participant="me013">
      <nite:child href="Bro025.B.words.xml#id(Bro025.w.3,470)..id(Bro025.w.3,474)"/>
   </dialogueact>
   <dialogueact nite:id="Bro025.B.dialogueact360" starttime="911.579" endtime="913.939" type="s^df" original-type="s^df" channel="c1" participant="me013">
      <nite:child href="Bro025.B.words.xml#id(Bro025.w.3,475)..id(Bro025.w.3,484)"/>
   </dialogueact>
   <dialogueact nite:id="Bro025.B.dialogueact361" starttime="914.199" endtime="914.469" type="fh" original-type="fh" channel="c1" participant="me013">
      <nite:child href="Bro025.B.words.xml#id(Bro025.w.3,485)..id(Bro025.w.3,486)"/>
   </dialogueact>
   <dialogueact nite:id="Bro025.B.dialogueact362" starttime="916.975" endtime="917.315" type="fh" original-type="fh" channel="c1" participant="me013">
      <nite:child href="Bro025.B.words.xml#id(Bro025.w.3,487)..id(Bro025.w.3,488)"/>
   </dialogueact>
   <dialogueact nite:id="Bro025.B.dialogueact364" starttime="920.15" endtime="921.84" type="s" adjacency="33b" original-type="s" channel="c1" participant="me013">
      <nite:child href="Bro025.B.words.xml#id(Bro025.w.3,502)..id(Bro025.w.3,513)"/>
   </dialogueact>
   <dialogueact nite:id="Bro025.B.dialogueact365" starttime="921.97" endtime="928.25" type="s^e" adjacency="33b+" original-type="s^e" channel="c1" participant="me013">
      <nite:child href="Bro025.B.words.xml#id(Bro025.w.3,514)..id(Bro025.w.3,541)"/>
   </dialogueact>
   <dialogueact nite:id="Bro025.B.dialogueact367" starttime="928.61" endtime="930.72" type="s^e" adjacency="33b++.34a" original-type="s^e" channel="c1" participant="me013">
      <nite:child href="Bro025.B.words.xml#id(Bro025.w.3,544)..id(Bro025.w.3,554)"/>
   </dialogueact>
   <dialogueact nite:id="Bro025.B.dialogueact368" starttime="930.72" endtime="931.07" type="fh" original-type="fh" channel="c1" participant="me013">
      <nite:child href="Bro025.B.words.xml#id(Bro025.w.3,555)..id(Bro025.w.3,556)"/>
   </dialogueact>
   <dialogueact nite:id="Bro025.B.dialogueact370" starttime="931.628" endtime="934.168" comment="FBH" type="s" original-type="s" channel="c1" participant="me013">
      <nite:child href="Bro025.B.words.xml#id(Bro025.w.3,557)..id(Bro025.w.3,568)"/>
   </dialogueact>
   <dialogueact nite:id="Bro025.B.dialogueact372" starttime="934.906" endtime="935.686" type="fh" original-type="fh" channel="c1" participant="me013">
      <nite:child href="Bro025.B.words.xml#id(Bro025.w.3,573)..id(Bro025.w.3,574)"/>
   </dialogueact>
   <dialogueact nite:id="Bro025.B.dialogueact373" starttime="937.135" endtime="938.055" type="fh" original-type="fh" channel="c1" participant="me013">
      <nite:child href="Bro025.B.words.xml#id(Bro025.w.3,575)..id(Bro025.w.3,578)"/>
   </dialogueact>
   <dialogueact nite:id="Bro025.B.dialogueact375" starttime="943.095" endtime="946.955" type="s" adjacency="35b.36a" original-type="s" channel="c1" participant="me013">
      <nite:child href="Bro025.B.words.xml#id(Bro025.w.3,604)..id(Bro025.w.3,625)"/>
   </dialogueact>
   <dialogueact nite:id="Bro025.B.dialogueact376" starttime="946.955" endtime="950.055" type="qw" original-type="qw" channel="c1" participant="me013">
      <nite:child href="Bro025.B.words.xml#id(Bro025.w.3,626)..id(Bro025.w.3,639)"/>
   </dialogueact>
   <dialogueact nite:id="Bro025.B.dialogueact378" starttime="950.055" endtime="954.559" type="s^ba" adjacency="36b+" original-type="s^ba" channel="c1" participant="me013">
      <nite:child href="Bro025.B.words.xml#id(Bro025.w.3,640)..id(Bro025.w.3,666)"/>
   </dialogueact>
   <dialogueact nite:id="Bro025.B.dialogueact380" starttime="955.404" endtime="959.054" type="s^ba" original-type="s^ba" channel="c1" participant="me013">
      <nite:child href="Bro025.B.words.xml#id(Bro025.w.3,671)..id(Bro025.w.3,688)"/>
   </dialogueact>
   <dialogueact nite:id="Bro025.B.dialogueact381" starttime="959.625" endtime="964.355" type="s^df" original-type="s^df" channel="c1" participant="me013">
      <nite:child href="Bro025.B.words.xml#id(Bro025.w.3,689)..id(Bro025.w.3,703)"/>
   </dialogueact>
   <dialogueact nite:id="Bro025.B.dialogueact382" starttime="964.355" endtime="968.891" type="qw" original-type="qw" channel="c1" participant="me013">
      <nite:child href="Bro025.B.words.xml#id(Bro025.w.3,704)..id(Bro025.w.3,719)"/>
   </dialogueact>
   <dialogueact nite:id="Bro025.B.dialogueact383" starttime="968.891" endtime="974.731" type="s" original-type="s" channel="c1" participant="me013">
      <nite:child href="Bro025.B.words.xml#id(Bro025.w.3,720)..id(Bro025.w.3,746)"/>
   </dialogueact>
   <dialogueact nite:id="Bro025.B.dialogueact385" starttime="975.631" endtime="976.491" type="fh" original-type="fh" channel="c1" participant="me013">
      <nite:child href="Bro025.B.words.xml#id(Bro025.w.3,751)..id(Bro025.w.3,752)"/>
   </dialogueact>
   <dialogueact nite:id="Bro025.B.dialogueact386" starttime="976.93" endtime="980.32" type="s" original-type="s" channel="c1" participant="me013">
      <nite:child href="Bro025.B.words.xml#id(Bro025.w.3,753)..id(Bro025.w.3,770)"/>
   </dialogueact>
   <dialogueact nite:id="Bro025.B.dialogueact387" starttime="980.32" endtime="989.475" type="s" original-type="s" channel="c1" participant="me013">
      <nite:child href="Bro025.B.words.xml#id(Bro025.w.3,771)..id(Bro025.w.3,802)"/>
   </dialogueact>
   <dialogueact nite:id="Bro025.B.dialogueact389" starttime="989.755" endtime="993.565" type="s" original-type="s" channel="c1" participant="me013">
      <nite:child href="Bro025.B.words.xml#id(Bro025.w.3,807)..id(Bro025.w.3,828)"/>
   </dialogueact>
   <dialogueact nite:id="Bro025.B.dialogueact395" starttime="1013.41" endtime="1013.76" type="b" original-type="b" channel="c1" participant="me013">
      <nite:child href="Bro025.B.words.xml#id(Bro025.w.3,878)..id(Bro025.w.3,881)"/>
   </dialogueact>
   <dialogueact nite:id="Bro025.B.dialogueact400" starttime="1020.11" endtime="1020.35" type="s^bk" adjacency="37b-1" original-type="s^bk" channel="c1" participant="me013">
      <nite:child href="Bro025.B.words.xml#id(Bro025.w.3,900)..id(Bro025.w.3,901)"/>
   </dialogueact>
   <dialogueact nite:id="Bro025.B.dialogueact401" starttime="1020.35" endtime="1020.46" comment="FBH" type="s^fe" adjacency="39a" original-type="s^fe" channel="c1" participant="me013">
      <nite:child href="Bro025.B.words.xml#id(Bro025.w.3,902)..id(Bro025.w.3,903)"/>
   </dialogueact>
   <dialogueact nite:id="Bro025.B.dialogueact402" starttime="1020.46" endtime="1021.57" comment="FBH" type="s^bk" adjacency="39a+" original-type="s^bk" channel="c1" participant="me013">
      <nite:child href="Bro025.B.words.xml#id(Bro025.w.3,904)..id(Bro025.w.3,910)"/>
   </dialogueact>
   <dialogueact nite:id="Bro025.B.dialogueact403" starttime="1021.57" endtime="1022.55" type="s" original-type="s" channel="c1" participant="me013">
      <nite:child href="Bro025.B.words.xml#id(Bro025.w.3,911)..id(Bro025.w.3,917)"/>
   </dialogueact>
   <dialogueact nite:id="Bro025.B.dialogueact407" starttime="1023.28" endtime="1023.6" type="b" original-type="b" channel="c1" participant="me013">
      <nite:child href="Bro025.B.words.xml#id(Bro025.w.3,947)..id(Bro025.w.3,948)"/>
   </dialogueact>
   <dialogueact nite:id="Bro025.B.dialogueact411" starttime="1031.86" endtime="1032.55" type="b" original-type="b" channel="c1" participant="me013">
      <nite:child href="Bro025.B.words.xml#id(Bro025.w.3,981)..id(Bro025.w.3,984)"/>
   </dialogueact>
   <dialogueact nite:id="Bro025.B.dialogueact420" starttime="1053.95" endtime="1056.73" type="fg|s" original-type="fg|s" channel="c1" participant="me013">
      <nite:child href="Bro025.B.words.xml#id(Bro025.w.4,060)..id(Bro025.w.4,074)"/>
   </dialogueact>
   <dialogueact nite:id="Bro025.B.dialogueact421" starttime="1056.73" endtime="1062.2" type="qy^rt" adjacency="42a" original-type="qy^rt" channel="c1" participant="me013">
      <nite:child href="Bro025.B.words.xml#id(Bro025.w.4,075)..id(Bro025.w.4,096)"/>
   </dialogueact>
   <dialogueact nite:id="Bro025.B.dialogueact422" starttime="1062.2" endtime="1062.79" type="qo" original-type="qo" channel="c1" participant="me013">
      <nite:child href="Bro025.B.words.xml#id(Bro025.w.4,097)..id(Bro025.w.4,100)"/>
   </dialogueact>
   <dialogueact nite:id="Bro025.B.dialogueact429" starttime="1076.51" endtime="1076.8" type="b" original-type="b" channel="c1" participant="me013">
      <nite:child href="Bro025.B.words.xml#id(Bro025.w.4,149)..id(Bro025.w.4,152)"/>
   </dialogueact>
   <dialogueact nite:id="Bro025.B.dialogueact432" starttime="1080.1" endtime="1085.56" comment="FBH" type="s" original-type="s" channel="c1" participant="me013">
      <nite:child href="Bro025.B.words.xml#id(Bro025.w.4,155)..id(Bro025.w.4,182)"/>
   </dialogueact>
   <dialogueact nite:id="Bro025.B.dialogueact437" starttime="1085.88" endtime="1086.06" comment="FBH" type="%" original-type="%" channel="c1" participant="me013">
      <nite:child href="Bro025.B.words.xml#id(Bro025.w.4,185)..id(Bro025.w.4,186)"/>
   </dialogueact>
   <dialogueact nite:id="Bro025.B.dialogueact439" starttime="1095.16" endtime="1095.93" type="s^bk" adjacency="44b-1" original-type="s^bk" channel="c1" participant="me013">
      <nite:child href="Bro025.B.words.xml#id(Bro025.w.4,228)..id(Bro025.w.4,231)"/>
   </dialogueact>
   <dialogueact nite:id="Bro025.B.dialogueact441" starttime="1098.03" endtime="1099.22" type="s^ba" adjacency="44b-2" original-type="s^ba" channel="c1" participant="me013">
      <nite:child href="Bro025.B.words.xml#id(Bro025.w.4,234)..id(Bro025.w.4,242)"/>
   </dialogueact>
   <dialogueact nite:id="Bro025.B.dialogueact444" starttime="1106.21" endtime="1108.1" type="s^ba" adjacency="45b.46a" original-type="s^ba" channel="c1" participant="me013">
      <nite:child href="Bro025.B.words.xml#id(Bro025.w.4,260)..id(Bro025.w.4,271)"/>
   </dialogueact>
   <dialogueact nite:id="Bro025.B.dialogueact445" starttime="1108.1" endtime="1108.38" type="qy^d^g^rt" adjacency="46a+" original-type="qy^d^g^rt" channel="c1" participant="me013">
      <nite:child href="Bro025.B.words.xml#id(Bro025.w.4,272)..id(Bro025.w.4,273)"/>
   </dialogueact>
   <dialogueact nite:id="Bro025.B.dialogueact450" starttime="1123.46" endtime="1123.84" type="s^bk" original-type="s^bk" channel="c1" participant="me013">
      <nite:child href="Bro025.B.words.xml#id(Bro025.w.4,319)..id(Bro025.w.4,320)"/>
   </dialogueact>
   <dialogueact nite:id="Bro025.B.dialogueact457" starttime="1139.81" endtime="1140.58" type="s^am" adjacency="48b" original-type="s^am" channel="c1" participant="me013">
      <nite:child href="Bro025.B.words.xml#id(Bro025.w.4,373)..id(Bro025.w.4,377)"/>
   </dialogueact>
   <dialogueact nite:id="Bro025.B.dialogueact458" starttime="1140.76" endtime="1148.95" type="s^df" adjacency="48b+" original-type="s^df" channel="c1" participant="me013">
      <nite:child href="Bro025.B.words.xml#id(Bro025.w.4,378)..id(Bro025.w.4,411)"/>
   </dialogueact>
   <dialogueact nite:id="Bro025.B.dialogueact460" starttime="1149.98" endtime="1154.64" type="s" original-type="s" channel="c1" participant="me013">
      <nite:child href="Bro025.B.words.xml#id(Bro025.w.4,412)..id(Bro025.w.4,427)"/>
   </dialogueact>
   <dialogueact nite:id="Bro025.B.dialogueact462" starttime="1154.64" endtime="1154.97" type="fh" original-type="fh" channel="c1" participant="me013">
      <nite:child href="Bro025.B.words.xml#id(Bro025.w.4,428)..id(Bro025.w.4,429)"/>
   </dialogueact>
   <dialogueact nite:id="Bro025.B.dialogueact482" starttime="1194.17" endtime="1197.1" type="s" adjacency="56a" original-type="s" channel="c1" participant="me013">
      <nite:child href="Bro025.B.words.xml#id(Bro025.w.4,621)..id(Bro025.w.4,640)"/>
   </dialogueact>
   <dialogueact nite:id="Bro025.B.dialogueact488" starttime="1200.92" endtime="1201.17" type="b" original-type="b" channel="c1" participant="me013">
      <nite:child href="Bro025.B.words.xml#id(Bro025.w.4,675)..id(Bro025.w.4,676)"/>
   </dialogueact>
   <dialogueact nite:id="Bro025.B.dialogueact490" starttime="1205.52" endtime="1206.03" type="fg" original-type="fg" channel="c1" participant="me013">
      <nite:child href="Bro025.B.words.xml#id(Bro025.w.4,681)..id(Bro025.w.4,682)"/>
   </dialogueact>
   <dialogueact nite:id="Bro025.B.dialogueact491" starttime="1208.28" endtime="1208.72" type="fh" original-type="fh" channel="c1" participant="me013">
      <nite:child href="Bro025.B.words.xml#id(Bro025.w.4,683)..id(Bro025.w.4,684)"/>
   </dialogueact>
   <dialogueact nite:id="Bro025.B.dialogueact492" starttime="1210.35" endtime="1211.06" type="fh" original-type="fh" channel="c1" participant="me013">
      <nite:child href="Bro025.B.words.xml#id(Bro025.w.4,685)..id(Bro025.w.4,688)"/>
   </dialogueact>
   <dialogueact nite:id="Bro025.B.dialogueact493" starttime="1212.6" endtime="1213.28" type="qw.%--" original-type="qw.%--" channel="c1" participant="me013">
      <nite:child href="Bro025.B.words.xml#id(Bro025.w.4,689)..id(Bro025.w.4,693)"/>
   </dialogueact>
   <dialogueact nite:id="Bro025.B.dialogueact494" starttime="1214.7" endtime="1217.45" type="s^ba.%-" original-type="s^ba.%-" channel="c1" participant="me013">
      <nite:child href="Bro025.B.words.xml#id(Bro025.w.4,694)..id(Bro025.disfmarker.210)"/>
   </dialogueact>
   <dialogueact nite:id="Bro025.B.dialogueact498" starttime="1222.08" endtime="1223.57" type="s^aa" adjacency="1b" original-type="s^aa" channel="c1" participant="me013">
      <nite:child href="Bro025.B.words.xml#id(Bro025.w.4,731)..id(Bro025.w.4,738)"/>
   </dialogueact>
   <dialogueact nite:id="Bro025.B.dialogueact501" starttime="1223.57" endtime="1225.64" type="s" original-type="s" channel="c1" participant="me013">
      <nite:child href="Bro025.B.words.xml#id(Bro025.w.4,739)..id(Bro025.w.4,748)"/>
   </dialogueact>
   <dialogueact nite:id="Bro025.B.dialogueact502" starttime="1225.93" endtime="1226.2" type="fh" original-type="fh" channel="c1" participant="me013">
      <nite:child href="Bro025.B.words.xml#id(Bro025.w.4,755)..id(Bro025.disfmarker.214)"/>
   </dialogueact>
   <dialogueact nite:id="Bro025.B.dialogueact507" starttime="1235.83" endtime="1236.11" type="b" original-type="b" channel="c1" participant="me013">
      <nite:child href="Bro025.B.words.xml#id(Bro025.w.4,795)..id(Bro025.w.4,796)"/>
   </dialogueact>
   <dialogueact nite:id="Bro025.B.dialogueact514" starttime="1255.95" endtime="1256.42" type="b" original-type="b" channel="c1" participant="me013">
      <nite:child href="Bro025.B.words.xml#id(Bro025.w.4,840)..id(Bro025.w.4,843)"/>
   </dialogueact>
   <dialogueact nite:id="Bro025.B.dialogueact518" starttime="1266.82" endtime="1269.65" type="s^ba" adjacency="2b" original-type="s^ba" channel="c1" participant="me013">
      <nite:child href="Bro025.B.words.xml#id(Bro025.w.4,861)..id(Bro025.w.4,878)"/>
   </dialogueact>
   <dialogueact nite:id="Bro025.B.dialogueact520" starttime="1270.02" endtime="1270.94" type="fh" original-type="fh" channel="c1" participant="me013">
      <nite:child href="Bro025.B.words.xml#id(Bro025.w.4,879)..id(Bro025.w.4,882)"/>
   </dialogueact>
   <dialogueact nite:id="Bro025.B.dialogueact521" starttime="1272.07" endtime="1286.05" type="s^ba^cs" adjacency="3a" original-type="s^ba^cs" channel="c1" participant="me013">
      <nite:child href="Bro025.B.words.xml#id(Bro025.w.4,887)..id(Bro025.w.4,924)"/>
   </dialogueact>
   <dialogueact nite:id="Bro025.B.dialogueact522" starttime="1286.97" endtime="1294.69" comment="FBH" type="s^cs" adjacency="3a+" original-type="s^cs" channel="c1" participant="me013">
      <nite:child href="Bro025.B.words.xml#id(Bro025.w.4,925)..id(Bro025.w.4,951)"/>
   </dialogueact>
   <dialogueact nite:id="Bro025.B.dialogueact523" starttime="1294.82" endtime="1295.01" type="fh" original-type="fh" channel="c1" participant="me013">
      <nite:child href="Bro025.B.words.xml#id(Bro025.w.4,952)..id(Bro025.disfmarker.224)"/>
   </dialogueact>
   <dialogueact nite:id="Bro025.B.dialogueact525" starttime="1297.16" endtime="1297.44" type="fh" original-type="fh" channel="c1" participant="me013">
      <nite:child href="Bro025.B.words.xml#id(Bro025.w.4,957)..id(Bro025.disfmarker.225)"/>
   </dialogueact>
   <dialogueact nite:id="Bro025.B.dialogueact527" starttime="1299.36" endtime="1299.68" type="b" original-type="b" channel="c1" participant="me013">
      <nite:child href="Bro025.B.words.xml#id(Bro025.w.4,963)..id(Bro025.w.4,964)"/>
   </dialogueact>
   <dialogueact nite:id="Bro025.B.dialogueact528" starttime="1300.61" endtime="1301.06" type="fh" original-type="fh" channel="c1" participant="me013">
      <nite:child href="Bro025.B.words.xml#id(Bro025.w.4,965)..id(Bro025.w.4,966)"/>
   </dialogueact>
   <dialogueact nite:id="Bro025.B.dialogueact529" starttime="1302.57" endtime="1303.01" type="%--" original-type="%--" channel="c1" participant="me013">
      <nite:child href="Bro025.B.words.xml#id(Bro025.w.4,967)..id(Bro025.disfmarker.226)"/>
   </dialogueact>
   <dialogueact nite:id="Bro025.B.dialogueact530" starttime="1305.09" endtime="1306.35" type="fh" original-type="fh" channel="c1" participant="me013">
      <nite:child href="Bro025.B.words.xml#id(Bro025.w.4,971)..id(Bro025.w.4,972)"/>
   </dialogueact>
   <dialogueact nite:id="Bro025.B.dialogueact531" starttime="1307.81" endtime="1312.31" type="qy" original-type="qy" channel="c1" participant="me013">
      <nite:child href="Bro025.B.words.xml#id(Bro025.w.4,973)..id(Bro025.w.4,991)"/>
   </dialogueact>
   <dialogueact nite:id="Bro025.B.dialogueact533" starttime="1317.47" endtime="1317.82" type="b" original-type="b" channel="c1" participant="me013">
      <nite:child href="Bro025.B.words.xml#id(Bro025.w.4,999)..id(Bro025.w.5,000)"/>
   </dialogueact>
   <dialogueact nite:id="Bro025.B.dialogueact543" starttime="1340.29" endtime="1346.22" type="s^cs" adjacency="4a" original-type="s^cs" channel="c1" participant="me013">
      <nite:child href="Bro025.B.words.xml#id(Bro025.w.5,081)..id(Bro025.w.5,095)"/>
   </dialogueact>
   <dialogueact nite:id="Bro025.B.dialogueact544" starttime="1346.22" endtime="1346.5" type="qy^d^g^rt" adjacency="4a+" original-type="qy^d^g^rt" channel="c1" participant="me013">
      <nite:child href="Bro025.B.words.xml#id(Bro025.w.5,096)..id(Bro025.w.5,097)"/>
   </dialogueact>
   <dialogueact nite:id="Bro025.B.dialogueact545" starttime="1346.58" endtime="1353.45" type="s" adjacency="4a++" original-type="s" channel="c1" participant="me013">
      <nite:child href="Bro025.B.words.xml#id(Bro025.w.5,098)..id(Bro025.w.5,116)"/>
   </dialogueact>
   <dialogueact nite:id="Bro025.B.dialogueact548" starttime="1355.41" endtime="1355.82" type="s^aa" adjacency="5b" original-type="s^aa" channel="c1" participant="me013">
      <nite:child href="Bro025.B.words.xml#id(Bro025.w.5,133)..id(Bro025.w.5,134)"/>
   </dialogueact>
   <dialogueact nite:id="Bro025.B.dialogueact550" starttime="1357.47" endtime="1359.35" type="s^2" adjacency="6b.7a" original-type="s^2" channel="c1" participant="me013">
      <nite:child href="Bro025.B.words.xml#id(Bro025.w.5,135)..id(Bro025.w.5,143)"/>
   </dialogueact>
   <dialogueact nite:id="Bro025.B.dialogueact552" starttime="1360.15" endtime="1364.4" type="s^ba.%--" original-type="s^ba.%--" channel="c1" participant="me013">
      <nite:child href="Bro025.B.words.xml#id(Bro025.w.5,150)..id(Bro025.w.5,166)"/>
   </dialogueact>
   <dialogueact nite:id="Bro025.B.dialogueact554" starttime="1365.77" endtime="1366.01" type="s^e" original-type="s^e" channel="c1" participant="me013">
      <nite:child href="Bro025.B.words.xml#id(Bro025.w.5,169)..id(Bro025.w.5,171)"/>
   </dialogueact>
   <dialogueact nite:id="Bro025.B.dialogueact562" starttime="1400.53" endtime="1400.9" type="s^bk" adjacency="8b" original-type="s^bk" channel="c1" participant="me013">
      <nite:child href="Bro025.B.words.xml#id(Bro025.w.5,324)..id(Bro025.w.5,326)"/>
   </dialogueact>
   <dialogueact nite:id="Bro025.B.dialogueact565" starttime="1411.35" endtime="1413.17" type="s^2^na" adjacency="9b" original-type="s^2^na" channel="c1" participant="me013">
      <nite:child href="Bro025.B.words.xml#id(Bro025.w.5,357)..id(Bro025.w.5,364)"/>
   </dialogueact>
   <dialogueact nite:id="Bro025.B.dialogueact569" starttime="1423.71" endtime="1427.65" type="s^aap|s.%--" original-type="s^aap|s.%--" channel="c1" participant="me013">
      <nite:child href="Bro025.B.words.xml#id(Bro025.w.5,399)..id(Bro025.w.5,414)"/>
   </dialogueact>
   <dialogueact nite:id="Bro025.B.dialogueact570" starttime="1428.82" endtime="1436.28" type="fh|s" original-type="fh|s" channel="c1" participant="me013">
      <nite:child href="Bro025.B.words.xml#id(Bro025.w.5,415)..id(Bro025.w.5,445)"/>
   </dialogueact>
   <dialogueact nite:id="Bro025.B.dialogueact572" starttime="1437.12" endtime="1441.95" type="fh|s.%--" original-type="fh|s.%--" channel="c1" participant="me013">
      <nite:child href="Bro025.B.words.xml#id(Bro025.w.5,450)..id(Bro025.disfmarker.246)"/>
   </dialogueact>
   <dialogueact nite:id="Bro025.B.dialogueact573" starttime="1442.88" endtime="1444.14" type="s" original-type="s" channel="c1" participant="me013">
      <nite:child href="Bro025.B.words.xml#id(Bro025.w.5,467)..id(Bro025.w.5,476)"/>
   </dialogueact>
   <dialogueact nite:id="Bro025.B.dialogueact576" starttime="1445.96" endtime="1447.55" type="fh" original-type="fh" channel="c1" participant="me013">
      <nite:child href="Bro025.B.words.xml#id(Bro025.w.5,483)..id(Bro025.w.5,486)"/>
   </dialogueact>
   <dialogueact nite:id="Bro025.B.dialogueact577" starttime="1448.49" endtime="1453.78" type="fh|s" original-type="fh|s" channel="c1" participant="me013">
      <nite:child href="Bro025.B.words.xml#id(Bro025.w.5,487)..id(Bro025.w.5,507)"/>
   </dialogueact>
   <dialogueact nite:id="Bro025.B.dialogueact578" starttime="1454.91" endtime="1455.34" type="fh" original-type="fh" channel="c1" participant="me013">
      <nite:child href="Bro025.B.words.xml#id(Bro025.w.5,508)..id(Bro025.w.5,509)"/>
   </dialogueact>
   <dialogueact nite:id="Bro025.B.dialogueact580" starttime="1456.95" endtime="1457.68" type="fh" original-type="fh" channel="c1" participant="me013">
      <nite:child href="Bro025.B.words.xml#id(Bro025.w.5,514)..id(Bro025.w.5,517)"/>
   </dialogueact>
   <dialogueact nite:id="Bro025.B.dialogueact581" starttime="1458.99" endtime="1459.37" type="s^bd" original-type="s^bd" channel="c1" participant="me013">
      <nite:child href="Bro025.B.words.xml#id(Bro025.w.5,518)..id(Bro025.w.5,523)"/>
   </dialogueact>
   <dialogueact nite:id="Bro025.B.dialogueact582" starttime="1459.37" endtime="1467.71" type="qw" adjacency="10a" original-type="qw" channel="c1" participant="me013">
      <nite:child href="Bro025.B.words.xml#id(Bro025.w.5,524)..id(Bro025.w.5,553)"/>
   </dialogueact>
   <dialogueact nite:id="Bro025.B.dialogueact590" starttime="1491.69" endtime="1491.93" type="s^bk" adjacency="11b-3" original-type="s^bk" channel="c1" participant="me013">
      <nite:child href="Bro025.B.words.xml#id(Bro025.w.5,572)..id(Bro025.w.5,573)"/>
   </dialogueact>
   <dialogueact nite:id="Bro025.B.dialogueact606" starttime="1539.16" endtime="1540.02" type="s^ng" adjacency="14b-1.15a" original-type="s^ng" channel="c1" participant="me013">
      <nite:child href="Bro025.B.words.xml#id(Bro025.w.5,708)..id(Bro025.w.5,713)"/>
   </dialogueact>
   <dialogueact nite:id="Bro025.B.dialogueact637" starttime="1602.53" endtime="1611.82" type="s^bs" adjacency="24a" original-type="s^bs" channel="c1" participant="me013">
      <nite:child href="Bro025.B.words.xml#id(Bro025.w.5,978)..id(Bro025.w.6,003)"/>
   </dialogueact>
   <dialogueact nite:id="Bro025.B.dialogueact640" starttime="1613.3" endtime="1613.91" type="%-" original-type="%-" channel="c1" participant="me013">
      <nite:child href="Bro025.B.words.xml#id(Bro025.w.6,024)..id(Bro025.disfmarker.273)"/>
   </dialogueact>
   <dialogueact nite:id="Bro025.B.dialogueact642" starttime="1615.04" endtime="1619.76" type="s^na" adjacency="25b.26a" original-type="s^na" channel="c1" participant="me013">
      <nite:child href="Bro025.B.words.xml#id(Bro025.w.6,026)..id(Bro025.w.6,052)"/>
   </dialogueact>
   <dialogueact nite:id="Bro025.B.dialogueact647" starttime="1622.48" endtime="1626.56" type="h|s.%--" original-type="h|s.%--" channel="c1" participant="me013">
      <nite:child href="Bro025.B.words.xml#id(Bro025.w.6,072)..id(Bro025.disfmarker.275)"/>
   </dialogueact>
   <dialogueact nite:id="Bro025.B.dialogueact648" starttime="1627.09" endtime="1630.15" type="s" original-type="s" channel="c1" participant="me013">
      <nite:child href="Bro025.B.words.xml#id(Bro025.w.6,079)..id(Bro025.w.6,095)"/>
   </dialogueact>
   <dialogueact nite:id="Bro025.B.dialogueact649" starttime="1630.92" endtime="1633.51" type="fh|s" original-type="fh|s" channel="c1" participant="me013">
      <nite:child href="Bro025.B.words.xml#id(Bro025.w.6,096)..id(Bro025.w.6,104)"/>
   </dialogueact>
   <dialogueact nite:id="Bro025.B.dialogueact651" starttime="1633.51" endtime="1642.86" type="s^df" original-type="s^df" channel="c1" participant="me013">
      <nite:child href="Bro025.B.words.xml#id(Bro025.w.6,105)..id(Bro025.w.6,138)"/>
   </dialogueact>
   <dialogueact nite:id="Bro025.B.dialogueact653" starttime="1642.86" endtime="1643.1" type="fh" original-type="fh" channel="c1" participant="me013">
      <nite:child href="Bro025.B.words.xml#id(Bro025.w.6,139)..id(Bro025.w.6,140)"/>
   </dialogueact>
   <dialogueact nite:id="Bro025.B.dialogueact654" starttime="1644.67" endtime="1645.06" type="fh" original-type="fh" channel="c1" participant="me013">
      <nite:child href="Bro025.B.words.xml#id(Bro025.w.6,145)..id(Bro025.w.6,146)"/>
   </dialogueact>
   <dialogueact nite:id="Bro025.B.dialogueact662" starttime="1672.15" endtime="1672.65" type="fg" original-type="fg" channel="c1" participant="me013">
      <nite:child href="Bro025.B.words.xml#id(Bro025.w.6,201)..id(Bro025.w.6,202)"/>
   </dialogueact>
   <dialogueact nite:id="Bro025.B.dialogueact663" starttime="1678.81" endtime="1683.98" type="s^cs" original-type="s^cs" channel="c1" participant="me013">
      <nite:child href="Bro025.B.words.xml#id(Bro025.w.6,203)..id(Bro025.w.6,220)"/>
   </dialogueact>
   <dialogueact nite:id="Bro025.B.dialogueact664" starttime="1684.19" endtime="1685.89" type="s" original-type="s" channel="c1" participant="me013">
      <nite:child href="Bro025.B.words.xml#id(Bro025.w.6,221)..id(Bro025.w.6,227)"/>
   </dialogueact>
   <dialogueact nite:id="Bro025.B.dialogueact665" starttime="1685.89" endtime="1690.15" type="s" original-type="s" channel="c1" participant="me013">
      <nite:child href="Bro025.B.words.xml#id(Bro025.w.6,228)..id(Bro025.w.6,245)"/>
   </dialogueact>
   <dialogueact nite:id="Bro025.B.dialogueact667" starttime="1690.86" endtime="1692.35" type="s^rt" original-type="s^rt" channel="c1" participant="me013">
      <nite:child href="Bro025.B.words.xml#id(Bro025.w.6,250)..id(Bro025.w.6,256)"/>
   </dialogueact>
   <dialogueact nite:id="Bro025.B.dialogueact668" starttime="1693.33" endtime="1695.42" type="s" original-type="s" channel="c1" participant="me013">
      <nite:child href="Bro025.B.words.xml#id(Bro025.w.6,257)..id(Bro025.w.6,265)"/>
   </dialogueact>
   <dialogueact nite:id="Bro025.B.dialogueact669" starttime="1696.6" endtime="1703.72" type="s^cs" original-type="s^cs" channel="c1" participant="me013">
      <nite:child href="Bro025.B.words.xml#id(Bro025.w.6,266)..id(Bro025.w.6,288)"/>
   </dialogueact>
   <dialogueact nite:id="Bro025.B.dialogueact670" starttime="1706.75" endtime="1706.82" type="fh" original-type="fh" channel="c1" participant="me013">
      <nite:child href="Bro025.B.words.xml#id(Bro025.w.6,289)..id(Bro025.w.6,290)"/>
   </dialogueact>
   <dialogueact nite:id="Bro025.B.dialogueact671" starttime="1711.8" endtime="1712.89" type="s^tc|qy^d^rt^t^tc" adjacency="28a" original-type="s^tc|qy^d^rt^t^tc" channel="c1" participant="me013">
      <nite:child href="Bro025.B.words.xml#id(Bro025.w.6,291)..id(Bro025.w.6,295)"/>
   </dialogueact>
   <dialogueact nite:id="Bro025.B.dialogueact673" starttime="1719.79" endtime="1720.04" type="s^ba^rt" adjacency="29b" original-type="s^ba^rt" channel="c1" participant="me013">
      <nite:child href="Bro025.B.words.xml#id(Bro025.w.6,302)..id(Bro025.w.6,303)"/>
   </dialogueact>
   <dialogueact nite:id="Bro025.B.dialogueact674" starttime="1724.24" endtime="1725.95" type="s^j^rt" adjacency="29b+.30a" original-type="s^j^rt" channel="c1" participant="me013">
      <nite:child href="Bro025.B.words.xml#id(Bro025.w.6,304)..id(Bro025.w.6,310)"/>
   </dialogueact>
   <dialogueact nite:id="Bro025.B.dialogueact676" starttime="1727.59" endtime="1728.22" comment="FBH" type="s^ba" original-type="s^ba" channel="c1" participant="me013">
      <nite:child href="Bro025.B.words.xml#id(Bro025.w.6,311)..id(Bro025.w.6,314)"/>
   </dialogueact>
   <dialogueact nite:id="Bro025.B.dialogueact677" starttime="1729.64" endtime="1731.64" type="s^j^rt" original-type="s^j^rt" channel="c1" participant="me013">
      <nite:child href="Bro025.B.words.xml#id(Bro025.w.6,319)..id(Bro025.w.6,326)"/>
   </dialogueact>
   <dialogueact nite:id="Bro025.B.dialogueact678" starttime="1732.71" endtime="1735.39" type="s^e^j" original-type="s^e^j" channel="c1" participant="me013">
      <nite:child href="Bro025.B.words.xml#id(Bro025.w.6,327)..id(Bro025.w.6,334)"/>
   </dialogueact>
   <dialogueact nite:id="Bro025.B.dialogueact680" starttime="1737.41" endtime="1738.23" type="s^aa" adjacency="31b" original-type="s^aa" channel="c1" participant="me013">
      <nite:child href="Bro025.B.words.xml#id(Bro025.w.6,347)..id(Bro025.w.6,353)"/>
   </dialogueact>
   <dialogueact nite:id="Bro025.B.dialogueact682" starttime="1739.02" endtime="1741.59" type="s" original-type="s" channel="c1" participant="me013">
      <nite:child href="Bro025.B.words.xml#id(Bro025.w.6,358)..id(Bro025.w.6,373)"/>
   </dialogueact>
   <dialogueact nite:id="Bro025.B.dialogueact683" starttime="1741.59" endtime="1742.53" type="s.%-" original-type="s.%-" channel="c1" participant="me013">
      <nite:child href="Bro025.B.words.xml#id(Bro025.w.6,374)..id(Bro025.disfmarker.283)"/>
   </dialogueact>
   <dialogueact nite:id="Bro025.B.dialogueact685" starttime="1744.52" endtime="1747.86" type="s^ar|s^ng" adjacency="32b.33a" original-type="s^ar|s^ng" channel="c1" participant="me013">
      <nite:child href="Bro025.B.words.xml#id(Bro025.w.6,392)..id(Bro025.w.6,410)"/>
   </dialogueact>
   <dialogueact nite:id="Bro025.B.dialogueact688" starttime="1748.04" endtime="1748.3" type="fh" original-type="fh" channel="c1" participant="me013">
      <nite:child href="Bro025.B.words.xml#id(Bro025.w.6,413)..id(Bro025.w.6,414)"/>
   </dialogueact>
   <dialogueact nite:id="Bro025.B.dialogueact689" starttime="1750.12" endtime="1753.36" type="fh" original-type="fh" channel="c1" participant="me013">
      <nite:child href="Bro025.B.words.xml#id(Bro025.w.6,415)..id(Bro025.w.6,420)"/>
   </dialogueact>
   <dialogueact nite:id="Bro025.B.dialogueact690" starttime="1754.88" endtime="1763.54" type="s" original-type="s" channel="c1" participant="me013">
      <nite:child href="Bro025.B.words.xml#id(Bro025.w.6,421)..id(Bro025.w.6,456)"/>
   </dialogueact>
   <dialogueact nite:id="Bro025.B.dialogueact691" starttime="1768.04" endtime="1775.06" type="s^tc" adjacency="34a" original-type="s^tc" channel="c1" participant="me013">
      <nite:child href="Bro025.B.words.xml#id(Bro025.w.6,457)..id(Bro025.w.6,480)"/>
   </dialogueact>
   <dialogueact nite:id="Bro025.B.dialogueact692" starttime="1775.06" endtime="1776.0" type="fh" original-type="fh" channel="c1" participant="me013">
      <nite:child href="Bro025.B.words.xml#id(Bro025.w.6,481)..id(Bro025.w.6,484)"/>
   </dialogueact>
   <dialogueact nite:id="Bro025.B.dialogueact703" starttime="1814.3" endtime="1816.1" type="s^2" adjacency="1b" original-type="s^2" channel="c1" participant="me013">
      <nite:child href="Bro025.B.words.xml#id(Bro025.w.6,608)..id(Bro025.w.6,613)"/>
   </dialogueact>
   <dialogueact nite:id="Bro025.B.dialogueact705" starttime="1816.1" endtime="1819.06" type="s^cs" adjacency="2a" original-type="s^cs" channel="c1" participant="me013">
      <nite:child href="Bro025.B.words.xml#id(Bro025.w.6,614)..id(Bro025.w.6,628)"/>
   </dialogueact>
   <dialogueact nite:id="Bro025.B.dialogueact706" starttime="1819.06" endtime="1823.24" type="s" adjacency="2a+" original-type="s" channel="c1" participant="me013">
      <nite:child href="Bro025.B.words.xml#id(Bro025.w.6,629)..id(Bro025.w.6,649)"/>
   </dialogueact>
   <dialogueact nite:id="Bro025.B.dialogueact707" starttime="1823.24" endtime="1824.17" type="%--" original-type="%--" channel="c1" participant="me013">
      <nite:child href="Bro025.B.words.xml#id(Bro025.w.6,650)..id(Bro025.disfmarker.296)"/>
   </dialogueact>
   <dialogueact nite:id="Bro025.B.dialogueact735" starttime="1904.23" endtime="1905.88" type="fg|s^t^tc" adjacency="4a" original-type="fg|s^t^tc" channel="c1" participant="me013">
      <nite:child href="Bro025.B.words.xml#id(Bro025.w.6,900)..id(Bro025.w.6,906)"/>
   </dialogueact>
   <dialogueact nite:id="Bro025.B.dialogueact736" starttime="1906.86" endtime="1907.35" comment="FBH" type="s^ba" original-type="s^ba" channel="c1" participant="me013">
      <nite:child href="Bro025.B.words.xml#id(Bro025.w.6,907)..id(Bro025.w.6,910)"/>
   </dialogueact>
   <dialogueact nite:id="Bro025.B.dialogueact738" starttime="1909.51" endtime="1912.89" type="s^t" original-type="s^t" channel="c1" participant="me013">
      <nite:child href="Bro025.B.words.xml#id(Bro025.w.6,913)..id(Bro025.w.6,928)"/>
   </dialogueact>
   <dialogueact nite:id="Bro025.B.dialogueact739" starttime="1912.89" endtime="1913.49" type="fh" original-type="fh" channel="c1" participant="me013">
      <nite:child href="Bro025.B.words.xml#id(Bro025.w.6,929)..id(Bro025.w.6,932)"/>
   </dialogueact>
   <dialogueact nite:id="Bro025.B.dialogueact740" starttime="1914.49" endtime="1914.92" type="fh" original-type="fh" channel="c1" participant="me013">
      <nite:child href="Bro025.B.words.xml#id(Bro025.w.6,933)..id(Bro025.w.6,934)"/>
   </dialogueact>
   <dialogueact nite:id="Bro025.B.dialogueact742" starttime="1917.18" endtime="1918.57" type="s^t" original-type="s^t" channel="c1" participant="me013">
      <nite:child href="Bro025.B.words.xml#id(Bro025.w.6,935)..id(Bro025.w.6,938)"/>
   </dialogueact>
   <dialogueact nite:id="Bro025.B.dialogueact743" starttime="1921.51" endtime="1922.0" type="s^aa" adjacency="5b" original-type="s^aa" channel="c1" participant="me013">
      <nite:child href="Bro025.B.words.xml#id(Bro025.w.6,944)..id(Bro025.w.6,947)"/>
   </dialogueact>
   <dialogueact nite:id="Bro025.B.dialogueact745" starttime="1922.94" endtime="1926.37" type="s^co" adjacency="6b" original-type="s^co" channel="c1" participant="me013">
      <nite:child href="Bro025.B.words.xml#id(Bro025.w.6,957)..id(Bro025.w.6,970)"/>
   </dialogueact>
   <dialogueact nite:id="Bro025.B.dialogueact747" starttime="1929.29" endtime="1929.69" type="s^bk" adjacency="7b" original-type="s^bk" channel="c1" participant="me013">
      <nite:child href="Bro025.B.words.xml#id(Bro025.w.6,971)..id(Bro025.w.6,972)"/>
   </dialogueact>
   <dialogueact nite:id="Bro025.B.dialogueact750" starttime="2122.12" endtime="2122.52" comment="FBH" type="z" original-type="z" channel="c1" participant="me013">
      <nite:child href="Bro025.B.words.xml#id(Bro025.w.7,543)"/>
   </dialogueact>
</nite:root>