<?xml version="1.0" encoding="ISO-8859-1" standalone="yes"?>
<nite:root nite:id="Bro024.H.dialogue-acts" xmlns:nite="http://nite.sourceforge.net/">
   <dialogueact nite:id="Bro024.H.dialogueact1125" starttime="2666.1" endtime="2666.79" type="s^cs" original-type="s^cs" channel="cB" participant="fn002">
      <nite:child href="Bro024.H.words.xml#id(Bro024.w.10,025)..id(Bro024.w.10,029)"/>
   </dialogueact>
   <dialogueact nite:id="Bro024.H.dialogueact1225" starttime="2925.74" endtime="2926.34" type="x" original-type="x" channel="cB" participant="fn002">
   </dialogueact>
   <dialogueact nite:id="Bro024.H.dialogueact1256" starttime="2971.32" endtime="2971.89" type="s" original-type="s" channel="cB" participant="fn002">
      <nite:child href="Bro024.H.words.xml#id(Bro024.w.10,860)..id(Bro024.w.10,863)"/>
   </dialogueact>
   <dialogueact nite:id="Bro024.H.dialogueact1744" starttime="3948.59" endtime="3949.31" type="%" original-type="%" channel="cB" participant="fn002">
   </dialogueact>
   <dialogueact nite:id="Bro024.H.dialogueact1747" starttime="3949.93" endtime="3950.88" type="%" original-type="%" channel="cB" participant="fn002">
   </dialogueact>
   <dialogueact nite:id="Bro024.H.dialogueact1796" starttime="4030.56" endtime="4037.89" type="h|s" adjacency="46b" original-type="h|s" channel="cB" participant="fn002">
      <nite:child href="Bro024.H.words.xml#id(Bro024.w.14,407)..id(Bro024.w.14,425)"/>
   </dialogueact>
   <dialogueact nite:id="Bro024.H.dialogueact1797" starttime="4038.53" endtime="4045.63" type="s" original-type="s" channel="cB" participant="fn002">
      <nite:child href="Bro024.H.words.xml#id(Bro024.w.14,426)..id(Bro024.w.14,446)"/>
   </dialogueact>
   <dialogueact nite:id="Bro024.H.dialogueact1798" starttime="4045.91" endtime="4047.67" type="s" original-type="s" channel="cB" participant="fn002">
      <nite:child href="Bro024.H.words.xml#id(Bro024.w.14,447)..id(Bro024.w.14,454)"/>
   </dialogueact>
   <dialogueact nite:id="Bro024.H.dialogueact1799" starttime="4047.67" endtime="4050.33" type="s" original-type="s" channel="cB" participant="fn002">
      <nite:child href="Bro024.H.words.xml#id(Bro024.w.14,455)..id(Bro024.w.14,465)"/>
   </dialogueact>
   <dialogueact nite:id="Bro024.H.dialogueact1801" starttime="4051.79" endtime="4052.54" type="fh" original-type="fh" channel="cB" participant="fn002">
      <nite:child href="Bro024.H.words.xml#id(Bro024.w.14,468)..id(Bro024.disfmarker.749)"/>
   </dialogueact>
   <dialogueact nite:id="Bro024.H.dialogueact1802" starttime="4053.72" endtime="4055.58" type="s.%--" original-type="s.%--" channel="cB" participant="fn002">
      <nite:child href="Bro024.H.words.xml#id(Bro024.w.14,469)..id(Bro024.w.14,475)"/>
   </dialogueact>
   <dialogueact nite:id="Bro024.H.dialogueact1803" starttime="4057.15" endtime="4057.89" type="fh" original-type="fh" channel="cB" participant="fn002">
      <nite:child href="Bro024.H.words.xml#id(Bro024.w.14,476)..id(Bro024.w.14,477)"/>
   </dialogueact>
   <dialogueact nite:id="Bro024.H.dialogueact1804" starttime="4058.1" endtime="4058.33" type="fh" original-type="fh" channel="cB" participant="fn002">
      <nite:child href="Bro024.H.words.xml#id(Bro024.w.14,478)..id(Bro024.w.14,479)"/>
   </dialogueact>
   <dialogueact nite:id="Bro024.H.dialogueact1805" starttime="4059.05" endtime="4064.46" type="s" original-type="s" channel="cB" participant="fn002">
      <nite:child href="Bro024.H.words.xml#id(Bro024.w.14,480)..id(Bro024.w.14,495)"/>
   </dialogueact>
   <dialogueact nite:id="Bro024.H.dialogueact1806" starttime="4064.74" endtime="4074.72" type="s" original-type="s" channel="cB" participant="fn002">
      <nite:child href="Bro024.H.words.xml#id(Bro024.w.14,496)..id(Bro024.w.14,512)"/>
   </dialogueact>
   <dialogueact nite:id="Bro024.H.dialogueact1807" starttime="4075.03" endtime="4075.63" type="s^no" original-type="s^no" channel="cB" participant="fn002">
      <nite:child href="Bro024.H.words.xml#id(Bro024.w.14,513)..id(Bro024.w.14,516)"/>
   </dialogueact>
   <dialogueact nite:id="Bro024.H.dialogueact1808" starttime="4075.63" endtime="4080.69" type="s" original-type="s" channel="cB" participant="fn002">
      <nite:child href="Bro024.H.words.xml#id(Bro024.w.14,517)..id(Bro024.w.14,534)"/>
   </dialogueact>
   <dialogueact nite:id="Bro024.H.dialogueact1810" starttime="4080.69" endtime="4081.59" type="s^no" original-type="s^no" channel="cB" participant="fn002">
      <nite:child href="Bro024.H.words.xml#id(Bro024.w.14,535)..id(Bro024.w.14,539)"/>
   </dialogueact>
   <dialogueact nite:id="Bro024.H.dialogueact1811" starttime="4083.53" endtime="4083.98" type="fh" original-type="fh" channel="cB" participant="fn002">
      <nite:child href="Bro024.H.words.xml#id(Bro024.w.14,540)..id(Bro024.w.14,541)"/>
   </dialogueact>
   <dialogueact nite:id="Bro024.H.dialogueact1812" starttime="4084.47" endtime="4091.8" type="s" adjacency="47a" original-type="s" channel="cB" participant="fn002">
      <nite:child href="Bro024.H.words.xml#id(Bro024.w.14,542)..id(Bro024.w.14,577)"/>
   </dialogueact>
   <dialogueact nite:id="Bro024.H.dialogueact1816" starttime="4093.42" endtime="4094.26" type="fh" original-type="fh" channel="cB" participant="fn002">
      <nite:child href="Bro024.H.words.xml#id(Bro024.w.14,578)..id(Bro024.w.14,580)"/>
   </dialogueact>
   <dialogueact nite:id="Bro024.H.dialogueact1817" starttime="4095.02" endtime="4098.52" type="s" original-type="s" channel="cB" participant="fn002">
      <nite:child href="Bro024.H.words.xml#id(Bro024.w.14,581)..id(Bro024.w.14,592)"/>
   </dialogueact>
   <dialogueact nite:id="Bro024.H.dialogueact1818" starttime="4100.66" endtime="4101.13" type="fh" original-type="fh" channel="cB" participant="fn002">
      <nite:child href="Bro024.H.words.xml#id(Bro024.w.14,593)"/>
   </dialogueact>
   <dialogueact nite:id="Bro024.H.dialogueact1819" starttime="4102.33" endtime="4105.17" type="s^rt" original-type="s^rt" channel="cB" participant="fn002">
      <nite:child href="Bro024.H.words.xml#id(Bro024.w.14,594)..id(Bro024.w.14,604)"/>
   </dialogueact>
   <dialogueact nite:id="Bro024.H.dialogueact1820" starttime="4105.74" endtime="4106.92" type="s^df" original-type="s^df" channel="cB" participant="fn002">
      <nite:child href="Bro024.H.words.xml#id(Bro024.w.14,605)..id(Bro024.w.14,609)"/>
   </dialogueact>
   <dialogueact nite:id="Bro024.H.dialogueact1821" starttime="4106.92" endtime="4110.62" type="s^am" original-type="s^am" channel="cB" participant="fn002">
      <nite:child href="Bro024.H.words.xml#id(Bro024.w.14,610)..id(Bro024.w.14,620)"/>
   </dialogueact>
   <dialogueact nite:id="Bro024.H.dialogueact1822" starttime="4110.62" endtime="4113.66" type="s" original-type="s" channel="cB" participant="fn002">
      <nite:child href="Bro024.H.words.xml#id(Bro024.w.14,621)..id(Bro024.w.14,629)"/>
   </dialogueact>
   <dialogueact nite:id="Bro024.H.dialogueact1823" starttime="4120.74" endtime="4120.84" type="fh" original-type="fh" channel="cB" participant="fn002">
      <nite:child href="Bro024.H.words.xml#id(Bro024.w.14,630)..id(Bro024.w.14,631)"/>
   </dialogueact>
   <dialogueact nite:id="Bro024.H.dialogueact1826" starttime="4133.44" endtime="4146.75" type="s" original-type="s" channel="cB" participant="fn002">
      <nite:child href="Bro024.H.words.xml#id(Bro024.w.14,636)..id(Bro024.w.14,664)"/>
   </dialogueact>
   <dialogueact nite:id="Bro024.H.dialogueact1829" starttime="4147.9" endtime="4157.15" type="s" original-type="s" channel="cB" participant="fn002">
      <nite:child href="Bro024.H.words.xml#id(Bro024.w.14,673)..id(Bro024.w.14,696)"/>
   </dialogueact>
   <dialogueact nite:id="Bro024.H.dialogueact1832" starttime="4160.19" endtime="4161.29" type="s" adjacency="48b.49a" original-type="s" channel="cB" participant="fn002">
      <nite:child href="Bro024.H.words.xml#id(Bro024.w.14,714)..id(Bro024.w.14,719)"/>
   </dialogueact>
   <dialogueact nite:id="Bro024.H.dialogueact1834" starttime="4162.19" endtime="4167.3" type="s" adjacency="48b+" original-type="s" channel="cB" participant="fn002">
      <nite:child href="Bro024.H.words.xml#id(Bro024.w.14,722)..id(Bro024.w.14,740)"/>
   </dialogueact>
   <dialogueact nite:id="Bro024.H.dialogueact1836" starttime="4169.46" endtime="4176.15" type="s^df" adjacency="48b++" original-type="s^df" channel="cB" participant="fn002">
      <nite:child href="Bro024.H.words.xml#id(Bro024.w.14,741)..id(Bro024.w.14,757)"/>
   </dialogueact>
   <dialogueact nite:id="Bro024.H.dialogueact1837" starttime="4176.54" endtime="4181.72" type="s" adjacency="48b+++" original-type="s" channel="cB" participant="fn002">
      <nite:child href="Bro024.H.words.xml#id(Bro024.w.14,758)..id(Bro024.w.14,770)"/>
   </dialogueact>
   <dialogueact nite:id="Bro024.H.dialogueact1838" starttime="4181.72" endtime="4183.68" type="s^df" adjacency="48b++++" original-type="s^df" channel="cB" participant="fn002">
      <nite:child href="Bro024.H.words.xml#id(Bro024.w.14,771)..id(Bro024.w.14,777)"/>
   </dialogueact>
   <dialogueact nite:id="Bro024.H.dialogueact1839" starttime="4183.68" endtime="4184.6" type="s^e" adjacency="48b+++++" original-type="s^e" channel="cB" participant="fn002">
      <nite:child href="Bro024.H.words.xml#id(Bro024.w.14,778)..id(Bro024.w.14,780)"/>
   </dialogueact>
   <dialogueact nite:id="Bro024.H.dialogueact1840" starttime="4185.16" endtime="4186.08" type="s^am" adjacency="48b++++++" original-type="s^am" channel="cB" participant="fn002">
      <nite:child href="Bro024.H.words.xml#id(Bro024.w.14,781)..id(Bro024.w.14,785)"/>
   </dialogueact>
   <dialogueact nite:id="Bro024.H.dialogueact1841" starttime="4186.34" endtime="4186.79" type="s^no" adjacency="48b+++++++" original-type="s^no" channel="cB" participant="fn002">
      <nite:child href="Bro024.H.words.xml#id(Bro024.w.14,786)..id(Bro024.w.14,789)"/>
   </dialogueact>
   <dialogueact nite:id="Bro024.H.dialogueact1843" starttime="4187.78" endtime="4196.26" type="s" adjacency="50a" original-type="s" channel="cB" participant="fn002">
      <nite:child href="Bro024.H.words.xml#id(Bro024.w.14,790)..id(Bro024.w.14,817)"/>
   </dialogueact>
   <dialogueact nite:id="Bro024.H.dialogueact1845" starttime="4196.26" endtime="4197.77" type="s" adjacency="50a+" original-type="s" channel="cB" participant="fn002">
      <nite:child href="Bro024.H.words.xml#id(Bro024.w.14,818)..id(Bro024.w.14,824)"/>
   </dialogueact>
   <dialogueact nite:id="Bro024.H.dialogueact1850" starttime="4208.41" endtime="4209.79" type="s^bu" adjacency="51b-1.52a" original-type="s^bu" channel="cB" participant="fn002">
      <nite:child href="Bro024.H.words.xml#id(Bro024.w.14,855)..id(Bro024.w.14,861)"/>
   </dialogueact>
   <dialogueact nite:id="Bro024.H.dialogueact1854" starttime="4213.22" endtime="4213.48" type="b" original-type="b" channel="cB" participant="fn002">
      <nite:child href="Bro024.H.words.xml#id(Bro024.w.14,883)..id(Bro024.w.14,886)"/>
   </dialogueact>
   <dialogueact nite:id="Bro024.H.dialogueact1855" starttime="4213.58" endtime="4215.42" type="s^cs" original-type="s^cs" channel="cB" participant="fn002">
      <nite:child href="Bro024.H.words.xml#id(Bro024.w.14,887)..id(Bro024.w.14,894)"/>
   </dialogueact>
   <dialogueact nite:id="Bro024.H.dialogueact1857" starttime="4217.05" endtime="4217.99" type="s^e" original-type="s^e" channel="cB" participant="fn002">
      <nite:child href="Bro024.H.words.xml#id(Bro024.w.14,900)..id(Bro024.w.14,904)"/>
   </dialogueact>
   <dialogueact nite:id="Bro024.H.dialogueact1879" starttime="4241.72" endtime="4242.81" type="s" original-type="s" channel="cB" participant="fn002">
      <nite:child href="Bro024.H.words.xml#id(Bro024.w.15,020)..id(Bro024.w.15,026)"/>
   </dialogueact>
   <dialogueact nite:id="Bro024.H.dialogueact1882" starttime="4244.72" endtime="4245.63" type="qy" original-type="qy" channel="cB" participant="fn002">
      <nite:child href="Bro024.H.words.xml#id(Bro024.w.15,031)..id(Bro024.w.15,035)"/>
   </dialogueact>
   <dialogueact nite:id="Bro024.H.dialogueact1889" starttime="4248.13" endtime="4248.33" type="%-" original-type="%-" channel="cB" participant="fn002">
      <nite:child href="Bro024.H.words.xml#id(Bro024.w.15,057)..id(Bro024.disfmarker.780)"/>
   </dialogueact>
   <dialogueact nite:id="Bro024.H.dialogueact1905" starttime="4274.15" endtime="4275.26" type="s" adjacency="10a" original-type="s" channel="cB" participant="fn002">
      <nite:child href="Bro024.H.words.xml#id(Bro024.w.15,155)..id(Bro024.w.15,159)"/>
   </dialogueact>
   <dialogueact nite:id="Bro024.H.dialogueact1910" starttime="4282.93" endtime="4283.15" type="s^aa" adjacency="11b.12a" original-type="s^aa" channel="cB" participant="fn002">
      <nite:child href="Bro024.H.words.xml#id(Bro024.w.15,178)..id(Bro024.w.15,179)"/>
   </dialogueact>
   <dialogueact nite:id="Bro024.H.dialogueact1917" starttime="4302.35" endtime="4303.3" type="s^cs.%-" original-type="s^cs.%-" channel="cB" participant="fn002">
      <nite:child href="Bro024.H.words.xml#id(Bro024.w.15,255)..id(Bro024.w.15,259)"/>
   </dialogueact>
   <dialogueact nite:id="Bro024.H.dialogueact1920" starttime="4316.04" endtime="4316.32" type="s^bk" adjacency="14b" original-type="s^bk" channel="cB" participant="fn002">
      <nite:child href="Bro024.H.words.xml#id(Bro024.w.15,305)..id(Bro024.w.15,306)"/>
   </dialogueact>
   <dialogueact nite:id="Bro024.H.dialogueact1921" starttime="4316.87" endtime="4319.72" type="s^na" adjacency="14b+.15a" original-type="s^na" channel="cB" participant="fn002">
      <nite:child href="Bro024.H.words.xml#id(Bro024.w.15,307)..id(Bro024.w.15,315)"/>
   </dialogueact>
   <dialogueact nite:id="Bro024.H.dialogueact1926" starttime="4325.14" endtime="4325.35" type="s^bk" adjacency="16b" original-type="s^bk" channel="cB" participant="fn002">
      <nite:child href="Bro024.H.words.xml#id(Bro024.w.15,334)..id(Bro024.w.15,335)"/>
   </dialogueact>
   <dialogueact nite:id="Bro024.H.dialogueact1927" starttime="4325.35" endtime="4327.41" type="s^cc" adjacency="16b+.17a" original-type="s^cc" channel="cB" participant="fn002">
      <nite:child href="Bro024.H.words.xml#id(Bro024.w.15,336)..id(Bro024.w.15,345)"/>
   </dialogueact>
   <dialogueact nite:id="Bro024.H.dialogueact1933" starttime="4335.85" endtime="4336.27" type="b" original-type="b" channel="cB" participant="fn002">
      <nite:child href="Bro024.H.words.xml#id(Bro024.w.15,391)..id(Bro024.w.15,394)"/>
   </dialogueact>
   <dialogueact nite:id="Bro024.H.dialogueact1937" starttime="4339.53" endtime="4339.86" type="s^aa" adjacency="18b" original-type="s^aa" channel="cB" participant="fn002">
      <nite:child href="Bro024.H.words.xml#id(Bro024.w.15,414)..id(Bro024.w.15,415)"/>
   </dialogueact>
   <dialogueact nite:id="Bro024.H.dialogueact1948" starttime="4354.08" endtime="4354.98" type="s.%--" original-type="s.%--" channel="cB" participant="fn002">
      <nite:child href="Bro024.H.words.xml#id(Bro024.w.15,475)..id(Bro024.w.15,477)"/>
   </dialogueact>
   <dialogueact nite:id="Bro024.H.dialogueact1949" starttime="4355.7" endtime="4356.04" type="s" original-type="s" channel="cB" participant="fn002">
      <nite:child href="Bro024.H.words.xml#id(Bro024.w.15,478)..id(Bro024.w.15,479)"/>
   </dialogueact>
   <dialogueact nite:id="Bro024.H.dialogueact1964" starttime="4456.1" endtime="4457.16" comment="FBH" type="z" original-type="z" channel="cB" participant="fn002">
      <nite:child href="Bro024.H.words.xml#id(Bro024.w.15,778)..id(Bro024.w.15,783)"/>
   </dialogueact>
   <dialogueact nite:id="Bro024.H.dialogueact1965" starttime="4465.88" endtime="4465.99" comment="FBH" type="z" original-type="z" channel="cB" participant="fn002">
      <nite:child href="Bro024.H.words.xml#id(Bro024.w.15,811)..id(Bro024.w.15,812)"/>
   </dialogueact>
   <dialogueact nite:id="Bro024.H.dialogueact1966" starttime="4471.48" endtime="4472.66" comment="FBH" type="z" original-type="z" channel="cB" participant="fn002">
      <nite:child href="Bro024.H.words.xml#id(Bro024.w.15,830)..id(Bro024.w.15,835)"/>
   </dialogueact>
</nite:root>