<?xml version="1.0" encoding="ISO-8859-1" standalone="yes"?>
<nite:root nite:id="Bro007.C.dialogue-acts" xmlns:nite="http://nite.sourceforge.net/">
   <dialogueact nite:id="Bro007.C.dialogueact6" starttime="36.63" endtime="44.895" type="s" adjacency="1b.2a" original-type="s" channel="c2" participant="mn007">
      <nite:child href="Bro007.C.words.xml#id(Bro007.w.49)..id(Bro007.w.64)"/>
   </dialogueact>
   <dialogueact nite:id="Bro007.C.dialogueact7" starttime="44.895" endtime="52.485" type="s" adjacency="1b+.2a+" original-type="s" channel="c2" participant="mn007">
      <nite:child href="Bro007.C.words.xml#id(Bro007.w.65)..id(Bro007.w.88)"/>
   </dialogueact>
   <dialogueact nite:id="Bro007.C.dialogueact8" starttime="53.45" endtime="58.31" type="s" adjacency="1b++.2a++" original-type="s" channel="c2" participant="mn007">
      <nite:child href="Bro007.C.words.xml#id(Bro007.w.89)..id(Bro007.w.101)"/>
   </dialogueact>
   <dialogueact nite:id="Bro007.C.dialogueact9" starttime="59.03" endtime="66.78" type="s" adjacency="1b+++.2a+++" original-type="s" channel="c2" participant="mn007">
      <nite:child href="Bro007.C.words.xml#id(Bro007.w.102)..id(Bro007.w.125)"/>
   </dialogueact>
   <dialogueact nite:id="Bro007.C.dialogueact10" starttime="68.129" endtime="72.709" type="fh|s" adjacency="1b++++.2a++++" original-type="fh|s" channel="c2" participant="mn007">
      <nite:child href="Bro007.C.words.xml#id(Bro007.w.126)..id(Bro007.w.136)"/>
   </dialogueact>
   <dialogueact nite:id="Bro007.C.dialogueact15" starttime="108.313" endtime="108.493" type="s^aa" adjacency="3b" original-type="s^aa" channel="c2" participant="mn007">
      <nite:child href="Bro007.C.words.xml#id(Bro007.w.202)..id(Bro007.w.203)"/>
   </dialogueact>
   <dialogueact nite:id="Bro007.C.dialogueact17" starttime="117.056" endtime="117.316" type="s^aa" adjacency="4b" original-type="s^aa" channel="c2" participant="mn007">
      <nite:child href="Bro007.C.words.xml#id(Bro007.w.215)"/>
   </dialogueact>
   <dialogueact nite:id="Bro007.C.dialogueact18" starttime="117.516" endtime="117.776" type="fh" original-type="fh" channel="c2" participant="mn007">
      <nite:child href="Bro007.C.words.xml#id(Bro007.w.216)"/>
   </dialogueact>
   <dialogueact nite:id="Bro007.C.dialogueact19" starttime="118.546" endtime="120.996" type="s^cc" adjacency="5a" original-type="s^cc" channel="c2" participant="mn007">
      <nite:child href="Bro007.C.words.xml#id(Bro007.w.217)..id(Bro007.w.225)"/>
   </dialogueact>
   <dialogueact nite:id="Bro007.C.dialogueact23" starttime="123.176" endtime="123.526" type="b" original-type="b" channel="c2" participant="mn007">
      <nite:child href="Bro007.C.words.xml#id(Bro007.w.232)..id(Bro007.w.233)"/>
   </dialogueact>
   <dialogueact nite:id="Bro007.C.dialogueact26" starttime="125.984" endtime="126.224" type="s^ft" original-type="sj^ft" channel="c2" participant="mn007">
   </dialogueact>
   <dialogueact nite:id="Bro007.C.dialogueact28" starttime="130.305" endtime="136.416" type="s" adjacency="6a" original-type="s" channel="c2" participant="mn007">
      <nite:child href="Bro007.C.words.xml#id(Bro007.w.250)..id(Bro007.w.265)"/>
   </dialogueact>
   <dialogueact nite:id="Bro007.C.dialogueact32" starttime="137.918" endtime="145.485" type="s" original-type="s" channel="c2" participant="mn007">
      <nite:child href="Bro007.C.words.xml#id(Bro007.w.270)..id(Bro007.w.283)"/>
   </dialogueact>
   <dialogueact nite:id="Bro007.C.dialogueact35" starttime="146.833" endtime="153.123" type="s^rt" original-type="s^rt" channel="c2" participant="mn007">
      <nite:child href="Bro007.C.words.xml#id(Bro007.w.286)..id(Bro007.w.299)"/>
   </dialogueact>
   <dialogueact nite:id="Bro007.C.dialogueact38" starttime="153.957" endtime="156.897" type="s^rt" original-type="s^rt" channel="c2" participant="mn007">
      <nite:child href="Bro007.C.words.xml#id(Bro007.w.306)..id(Bro007.w.315)"/>
   </dialogueact>
   <dialogueact nite:id="Bro007.C.dialogueact40" starttime="161.197" endtime="162.297" type="s" original-type="s" channel="c2" participant="mn007">
      <nite:child href="Bro007.C.words.xml#id(Bro007.w.320)..id(Bro007.w.322)"/>
   </dialogueact>
   <dialogueact nite:id="Bro007.C.dialogueact43" starttime="168.575" endtime="173.855" type="s^rt" original-type="s^rt" channel="c2" participant="mn007">
      <nite:child href="Bro007.C.words.xml#id(Bro007.w.327)..id(Bro007.w.344)"/>
   </dialogueact>
   <dialogueact nite:id="Bro007.C.dialogueact47" starttime="174.825" endtime="181.317" type="s^m" adjacency="7b.8b.9a" original-type="s^m" channel="c2" participant="mn007">
      <nite:child href="Bro007.C.words.xml#id(Bro007.w.351)..id(Bro007.w.371)"/>
   </dialogueact>
   <dialogueact nite:id="Bro007.C.dialogueact52" starttime="185.716" endtime="188.466" type="s.%--" original-type="s.%--" channel="c2" participant="mn007">
      <nite:child href="Bro007.C.words.xml#id(Bro007.w.379)..id(Bro007.disfmarker.9)"/>
   </dialogueact>
   <dialogueact nite:id="Bro007.C.dialogueact54" starttime="188.776" endtime="188.966" type="s^aa" adjacency="10b" original-type="s^aa" channel="c2" participant="mn007">
      <nite:child href="Bro007.C.words.xml#id(Bro007.w.394)"/>
   </dialogueact>
   <dialogueact nite:id="Bro007.C.dialogueact57" starttime="199.01" endtime="199.38" type="s^aa" adjacency="11b.12a" original-type="s^aa" channel="c2" participant="mn007">
      <nite:child href="Bro007.C.words.xml#id(Bro007.w.427)"/>
   </dialogueact>
   <dialogueact nite:id="Bro007.C.dialogueact58" starttime="199.6" endtime="200.3" type="s^na" adjacency="11b+.12a+" original-type="s^na" channel="c2" participant="mn007">
      <nite:child href="Bro007.C.words.xml#id(Bro007.w.428)..id(Bro007.w.434)"/>
   </dialogueact>
   <dialogueact nite:id="Bro007.C.dialogueact61" starttime="205.432" endtime="208.761" type="qy^bu^d" adjacency="13b.14a" original-type="qy^bu^d" channel="c2" participant="mn007">
      <nite:child href="Bro007.C.words.xml#id(Bro007.w.454)..id(Bro007.w.464)"/>
   </dialogueact>
   <dialogueact nite:id="Bro007.C.dialogueact63" starttime="209.561" endtime="209.721" type="b" original-type="b" channel="c2" participant="mn007">
      <nite:child href="Bro007.C.words.xml#id(Bro007.w.467)"/>
   </dialogueact>
   <dialogueact nite:id="Bro007.C.dialogueact64" starttime="210.381" endtime="219.734" type="h|s" adjacency="15b.16a" original-type="h|s" channel="c2" participant="mn007">
      <nite:child href="Bro007.C.words.xml#id(Bro007.w.468)..id(Bro007.w.495)"/>
   </dialogueact>
   <dialogueact nite:id="Bro007.C.dialogueact66" starttime="221.301" endtime="221.491" type="fh" original-type="fh" channel="c2" participant="mn007">
      <nite:child href="Bro007.C.words.xml#id(Bro007.w.496)..id(Bro007.w.497)"/>
   </dialogueact>
   <dialogueact nite:id="Bro007.C.dialogueact67" starttime="223.306" endtime="229.698" type="s" original-type="s" channel="c2" participant="mn007">
      <nite:child href="Bro007.C.words.xml#id(Bro007.w.498)..id(Bro007.w.517)"/>
   </dialogueact>
   <dialogueact nite:id="Bro007.C.dialogueact70" starttime="231.548" endtime="233.198" type="fh" original-type="fh" channel="c2" participant="mn007">
      <nite:child href="Bro007.C.words.xml#id(Bro007.w.522)"/>
   </dialogueact>
   <dialogueact nite:id="Bro007.C.dialogueact72" starttime="244.225" endtime="244.455" type="s^bk" adjacency="17b" original-type="s^bk" channel="c2" participant="mn007">
      <nite:child href="Bro007.C.words.xml#id(Bro007.w.556)..id(Bro007.w.557)"/>
   </dialogueact>
   <dialogueact nite:id="Bro007.C.dialogueact73" starttime="245.185" endtime="247.775" type="s.%--" adjacency="17b+" original-type="s.%--" channel="c2" participant="mn007">
      <nite:child href="Bro007.C.words.xml#id(Bro007.w.558)..id(Bro007.w.564)"/>
   </dialogueact>
   <dialogueact nite:id="Bro007.C.dialogueact74" starttime="249.408" endtime="256.988" type="s" adjacency="17b++" original-type="s" channel="c2" participant="mn007">
      <nite:child href="Bro007.C.words.xml#id(Bro007.w.565)..id(Bro007.w.584)"/>
   </dialogueact>
   <dialogueact nite:id="Bro007.C.dialogueact75" starttime="257.158" endtime="258.658" type="s" adjacency="17b+++" original-type="s" channel="c2" participant="mn007">
      <nite:child href="Bro007.C.words.xml#id(Bro007.w.585)..id(Bro007.w.589)"/>
   </dialogueact>
   <dialogueact nite:id="Bro007.C.dialogueact76" starttime="259.529" endtime="264.879" type="fh|s" adjacency="17b++++" original-type="fh|s" channel="c2" participant="mn007">
      <nite:child href="Bro007.C.words.xml#id(Bro007.w.590)..id(Bro007.w.606)"/>
   </dialogueact>
   <dialogueact nite:id="Bro007.C.dialogueact77" starttime="265.933" endtime="266.093" type="fh" original-type="fh" channel="c2" participant="mn007">
      <nite:child href="Bro007.C.words.xml#id(Bro007.w.607)..id(Bro007.w.608)"/>
   </dialogueact>
   <dialogueact nite:id="Bro007.C.dialogueact79" starttime="271.255" endtime="271.915" type="h|s^aa" adjacency="18b.19a" original-type="h|s^aa" channel="c2" participant="mn007">
      <nite:child href="Bro007.C.words.xml#id(Bro007.w.621)..id(Bro007.w.624)"/>
   </dialogueact>
   <dialogueact nite:id="Bro007.C.dialogueact81" starttime="273.219" endtime="274.199" type="fh" original-type="fh" channel="c2" participant="mn007">
      <nite:child href="Bro007.C.words.xml#id(Bro007.w.627)..id(Bro007.w.629)"/>
   </dialogueact>
   <dialogueact nite:id="Bro007.C.dialogueact82" starttime="275.039" endtime="280.484" type="s" adjacency="18b+.20a" original-type="s" channel="c2" participant="mn007">
      <nite:child href="Bro007.C.words.xml#id(Bro007.w.630)..id(Bro007.w.649)"/>
   </dialogueact>
   <dialogueact nite:id="Bro007.C.dialogueact85" starttime="282.37" endtime="282.9" type="b" original-type="b" channel="c2" participant="mn007">
      <nite:child href="Bro007.C.words.xml#id(Bro007.w.654)..id(Bro007.w.655)"/>
   </dialogueact>
   <dialogueact nite:id="Bro007.C.dialogueact87" starttime="289.128" endtime="289.538" type="s^nd" adjacency="21b.22a" original-type="s^nd" channel="c2" participant="mn007">
      <nite:child href="Bro007.C.words.xml#id(Bro007.w.673)..id(Bro007.w.676)"/>
   </dialogueact>
   <dialogueact nite:id="Bro007.C.dialogueact88" starttime="289.858" endtime="290.008" type="s^ar" adjacency="21b+.22a" original-type="s^ar" channel="c2" participant="mn007">
      <nite:child href="Bro007.C.words.xml#id(Bro007.w.677)..id(Bro007.w.678)"/>
   </dialogueact>
   <dialogueact nite:id="Bro007.C.dialogueact90" starttime="291.423" endtime="292.343" type="s^aa" adjacency="23b" original-type="s^aa" channel="c2" participant="mn007">
      <nite:child href="Bro007.C.words.xml#id(Bro007.w.705)..id(Bro007.w.709)"/>
   </dialogueact>
   <dialogueact nite:id="Bro007.C.dialogueact92" starttime="293.532" endtime="294.312" type="b" original-type="b" channel="c2" participant="mn007">
      <nite:child href="Bro007.C.words.xml#id(Bro007.w.710)..id(Bro007.w.711)"/>
   </dialogueact>
   <dialogueact nite:id="Bro007.C.dialogueact93" starttime="295.213" endtime="295.403" type="b" original-type="b" channel="c2" participant="mn007">
      <nite:child href="Bro007.C.words.xml#id(Bro007.w.712)..id(Bro007.w.713)"/>
   </dialogueact>
   <dialogueact nite:id="Bro007.C.dialogueact97" starttime="306.811" endtime="307.961" type="s^aa.%--" adjacency="24b-2" original-type="s^aa.%--" channel="c2" participant="mn007">
      <nite:child href="Bro007.C.words.xml#id(Bro007.w.736)..id(Bro007.disfmarker.23)"/>
   </dialogueact>
   <dialogueact nite:id="Bro007.C.dialogueact98" starttime="308.781" endtime="313.571" type="s^nd" adjacency="24b-2+" original-type="s^nd" channel="c2" participant="mn007">
      <nite:child href="Bro007.C.words.xml#id(Bro007.w.739)..id(Bro007.w.749)"/>
   </dialogueact>
   <dialogueact nite:id="Bro007.C.dialogueact99" starttime="314.091" endtime="323.807" type="s" adjacency="24b-2++" original-type="s" channel="c2" participant="mn007">
      <nite:child href="Bro007.C.words.xml#id(Bro007.w.750)..id(Bro007.w.771)"/>
   </dialogueact>
   <dialogueact nite:id="Bro007.C.dialogueact101" starttime="324.607" endtime="331.297" type="s" adjacency="24b-2+++" original-type="s" channel="c2" participant="mn007">
      <nite:child href="Bro007.C.words.xml#id(Bro007.w.774)..id(Bro007.w.786)"/>
   </dialogueact>
   <dialogueact nite:id="Bro007.C.dialogueact102" starttime="331.877" endtime="337.946" type="fh|s" adjacency="24b-2++++.25a" original-type="fh|s" channel="c2" participant="mn007">
      <nite:child href="Bro007.C.words.xml#id(Bro007.w.787)..id(Bro007.w.802)"/>
   </dialogueact>
   <dialogueact nite:id="Bro007.C.dialogueact104" starttime="339.298" endtime="339.618" type="x" original-type="x" channel="c2" participant="mn007">
      <nite:child href="Bro007.C.words.xml#id(Bro007.w.806)"/>
   </dialogueact>
   <dialogueact nite:id="Bro007.C.dialogueact106" starttime="352.493" endtime="352.763" type="b" original-type="b" channel="c2" participant="mn007">
      <nite:child href="Bro007.C.words.xml#id(Bro007.w.831)..id(Bro007.w.832)"/>
   </dialogueact>
   <dialogueact nite:id="Bro007.C.dialogueact107" starttime="353.123" endtime="353.313" type="s^aa" adjacency="26b" original-type="s^aa" channel="c2" participant="mn007">
      <nite:child href="Bro007.C.words.xml#id(Bro007.w.833)..id(Bro007.w.834)"/>
   </dialogueact>
   <dialogueact nite:id="Bro007.C.dialogueact109" starttime="363.182" endtime="363.342" type="fg" original-type="fg" channel="c2" participant="mn007">
      <nite:child href="Bro007.C.words.xml#id(Bro007.w.837)"/>
   </dialogueact>
   <dialogueact nite:id="Bro007.C.dialogueact110" starttime="363.342" endtime="365.392" type="s^na.%--" adjacency="26b+.27a" original-type="s^na.%--" channel="c2" participant="mn007">
      <nite:child href="Bro007.C.words.xml#id(Bro007.w.838)..id(Bro007.disfmarker.28)"/>
   </dialogueact>
   <dialogueact nite:id="Bro007.C.dialogueact111" starttime="365.482" endtime="365.672" type="s^aa" adjacency="26b++.27a+" original-type="s^aa" channel="c2" participant="mn007">
      <nite:child href="Bro007.C.words.xml#id(Bro007.w.845)..id(Bro007.w.846)"/>
   </dialogueact>
   <dialogueact nite:id="Bro007.C.dialogueact113" starttime="367.192" endtime="373.139" type="s^df^na.%--" adjacency="26b+++" original-type="s^df^na.%--" channel="c2" participant="mn007">
      <nite:child href="Bro007.C.words.xml#id(Bro007.w.849)..id(Bro007.w.868)"/>
   </dialogueact>
   <dialogueact nite:id="Bro007.C.dialogueact115" starttime="375.663" endtime="375.973" type="x" original-type="x" channel="c2" participant="mn007">
      <nite:child href="Bro007.C.words.xml#id(Bro007.w.871)"/>
   </dialogueact>
   <dialogueact nite:id="Bro007.C.dialogueact117" starttime="394.171" endtime="394.371" type="s^aa" adjacency="28b" original-type="s^aa" channel="c2" participant="mn007">
      <nite:child href="Bro007.C.words.xml#id(Bro007.w.893)..id(Bro007.w.894)"/>
   </dialogueact>
   <dialogueact nite:id="Bro007.C.dialogueact118" starttime="394.651" endtime="397.121" type="s" adjacency="28b+" original-type="s" channel="c2" participant="mn007">
      <nite:child href="Bro007.C.words.xml#id(Bro007.w.895)..id(Bro007.w.900)"/>
   </dialogueact>
   <dialogueact nite:id="Bro007.C.dialogueact120" starttime="398.171" endtime="403.081" type="s^rt.%-" adjacency="28b++" original-type="s^rt.%-" channel="c2" participant="mn007">
      <nite:child href="Bro007.C.words.xml#id(Bro007.w.909)..id(Bro007.w.919)"/>
   </dialogueact>
   <dialogueact nite:id="Bro007.C.dialogueact123" starttime="404.432" endtime="405.072" type="s^aa" adjacency="29b" original-type="s^aa" channel="c2" participant="mn007">
      <nite:child href="Bro007.C.words.xml#id(Bro007.w.927)..id(Bro007.w.929)"/>
   </dialogueact>
   <dialogueact nite:id="Bro007.C.dialogueact125" starttime="406.527" endtime="412.144" type="fh|s" original-type="fh|s" channel="c2" participant="mn007">
      <nite:child href="Bro007.C.words.xml#id(Bro007.w.932)..id(Bro007.w.945)"/>
   </dialogueact>
   <dialogueact nite:id="Bro007.C.dialogueact126" starttime="413.161" endtime="416.081" type="s" original-type="s" channel="c2" participant="mn007">
      <nite:child href="Bro007.C.words.xml#id(Bro007.w.946)..id(Bro007.w.952)"/>
   </dialogueact>
   <dialogueact nite:id="Bro007.C.dialogueact127" starttime="417.849" endtime="430.195" type="fh|s" adjacency="30a" original-type="fh|s" channel="c2" participant="mn007">
      <nite:child href="Bro007.C.words.xml#id(Bro007.w.953)..id(Bro007.w.977)"/>
   </dialogueact>
   <dialogueact nite:id="Bro007.C.dialogueact128" starttime="431.155" endtime="432.005" type="fh" original-type="fh" channel="c2" participant="mn007">
      <nite:child href="Bro007.C.words.xml#id(Bro007.w.978)..id(Bro007.w.988)"/>
   </dialogueact>
   <dialogueact nite:id="Bro007.C.dialogueact131" starttime="433.851" endtime="433.921" type="s^aa" adjacency="31b.32a" original-type="s^aa" channel="c2" participant="mn007">
      <nite:child href="Bro007.C.words.xml#id(Bro007.w.989)..id(Bro007.w.990)"/>
   </dialogueact>
   <dialogueact nite:id="Bro007.C.dialogueact134" starttime="436.26" endtime="437.22" type="fh" original-type="fh" channel="c2" participant="mn007">
      <nite:child href="Bro007.C.words.xml#id(Bro007.w.1,001)"/>
   </dialogueact>
   <dialogueact nite:id="Bro007.C.dialogueact137" starttime="439.789" endtime="440.089" type="b" original-type="b" channel="c2" participant="mn007">
      <nite:child href="Bro007.C.words.xml#id(Bro007.w.1,012)..id(Bro007.w.1,013)"/>
   </dialogueact>
   <dialogueact nite:id="Bro007.C.dialogueact139" starttime="441.242" endtime="444.832" type="s^no" adjacency="33b" original-type="s^no" channel="c2" participant="mn007">
      <nite:child href="Bro007.C.words.xml#id(Bro007.w.1,014)..id(Bro007.w.1,027)"/>
   </dialogueact>
   <dialogueact nite:id="Bro007.C.dialogueact141" starttime="444.832" endtime="453.263" type="s" adjacency="33b+" original-type="s" channel="c2" participant="mn007">
      <nite:child href="Bro007.C.words.xml#id(Bro007.w.1,032)..id(Bro007.w.1,051)"/>
   </dialogueact>
   <dialogueact nite:id="Bro007.C.dialogueact142" starttime="454.355" endtime="454.855" type="fh" original-type="fh" channel="c2" participant="mn007">
      <nite:child href="Bro007.C.words.xml#id(Bro007.w.1,052)..id(Bro007.w.1,053)"/>
   </dialogueact>
   <dialogueact nite:id="Bro007.C.dialogueact143" starttime="456.315" endtime="456.475" type="fh" original-type="fh" channel="c2" participant="mn007">
      <nite:child href="Bro007.C.words.xml#id(Bro007.w.1,054)"/>
   </dialogueact>
   <dialogueact nite:id="Bro007.C.dialogueact144" starttime="456.475" endtime="464.315" type="s^cs" adjacency="33b++" original-type="s^cs" channel="c2" participant="mn007">
      <nite:child href="Bro007.C.words.xml#id(Bro007.w.1,055)..id(Bro007.w.1,083)"/>
   </dialogueact>
   <dialogueact nite:id="Bro007.C.dialogueact145" starttime="465.215" endtime="467.205" type="s^cs" adjacency="33b+++" original-type="s^cs" channel="c2" participant="mn007">
      <nite:child href="Bro007.C.words.xml#id(Bro007.w.1,084)..id(Bro007.w.1,092)"/>
   </dialogueact>
   <dialogueact nite:id="Bro007.C.dialogueact146" starttime="467.205" endtime="467.535" type="fh" original-type="fh" channel="c2" participant="mn007">
      <nite:child href="Bro007.C.words.xml#id(Bro007.w.1,093)..id(Bro007.disfmarker.37)"/>
   </dialogueact>
   <dialogueact nite:id="Bro007.C.dialogueact147" starttime="468.917" endtime="479.872" type="s.%-" adjacency="33b++++" original-type="s.%-" channel="c2" participant="mn007">
      <nite:child href="Bro007.C.words.xml#id(Bro007.w.1,094)..id(Bro007.w.1,116)"/>
   </dialogueact>
   <dialogueact nite:id="Bro007.C.dialogueact153" starttime="489.381" endtime="490.301" type="%-" original-type="%-" channel="c2" participant="mn007">
      <nite:child href="Bro007.C.words.xml#id(Bro007.w.1,159)..id(Bro007.w.1,160)"/>
   </dialogueact>
   <dialogueact nite:id="Bro007.C.dialogueact154" starttime="490.789" endtime="490.939" type="s^aa" adjacency="34b" original-type="s^aa" channel="c2" participant="mn007">
      <nite:child href="Bro007.C.words.xml#id(Bro007.w.1,161)..id(Bro007.w.1,162)"/>
   </dialogueact>
   <dialogueact nite:id="Bro007.C.dialogueact169" starttime="559.62" endtime="559.89" type="b" original-type="b" channel="c2" participant="mn007">
      <nite:child href="Bro007.C.words.xml#id(Bro007.w.1,266)..id(Bro007.w.1,267)"/>
   </dialogueact>
   <dialogueact nite:id="Bro007.C.dialogueact174" starttime="574.532" endtime="581.581" type="s^rt" original-type="s^rt" channel="c2" participant="mn007">
      <nite:child href="Bro007.C.words.xml#id(Bro007.w.1,284)..id(Bro007.w.1,299)"/>
   </dialogueact>
   <dialogueact nite:id="Bro007.C.dialogueact175" starttime="582.589" endtime="588.119" type="s" original-type="s" channel="c2" participant="mn007">
      <nite:child href="Bro007.C.words.xml#id(Bro007.w.1,300)..id(Bro007.w.1,317)"/>
   </dialogueact>
   <dialogueact nite:id="Bro007.C.dialogueact176" starttime="588.973" endtime="591.456" type="s" original-type="s" channel="c2" participant="mn007">
      <nite:child href="Bro007.C.words.xml#id(Bro007.w.1,318)..id(Bro007.w.1,326)"/>
   </dialogueact>
   <dialogueact nite:id="Bro007.C.dialogueact178" starttime="593.028" endtime="594.528" type="fh" original-type="fh" channel="c2" participant="mn007">
      <nite:child href="Bro007.C.words.xml#id(Bro007.w.1,331)"/>
   </dialogueact>
   <dialogueact nite:id="Bro007.C.dialogueact181" starttime="599.556" endtime="600.226" type="s^aa" original-type="s^aa" channel="c2" participant="mn007">
      <nite:child href="Bro007.C.words.xml#id(Bro007.w.1,355)..id(Bro007.w.1,358)"/>
   </dialogueact>
   <dialogueact nite:id="Bro007.C.dialogueact183" starttime="603.329" endtime="603.499" type="b" original-type="b" channel="c2" participant="mn007">
      <nite:child href="Bro007.C.words.xml#id(Bro007.w.1,371)..id(Bro007.w.1,372)"/>
   </dialogueact>
   <dialogueact nite:id="Bro007.C.dialogueact191" starttime="636.224" endtime="636.814" type="b" original-type="b" channel="c2" participant="mn007">
      <nite:child href="Bro007.C.words.xml#id(Bro007.w.1,435)..id(Bro007.w.1,438)"/>
   </dialogueact>
   <dialogueact nite:id="Bro007.C.dialogueact195" starttime="647.249" endtime="647.479" type="s^aa" adjacency="1b" original-type="s^aa" channel="c2" participant="mn007">
      <nite:child href="Bro007.C.words.xml#id(Bro007.w.1,472)..id(Bro007.w.1,473)"/>
   </dialogueact>
   <dialogueact nite:id="Bro007.C.dialogueact196" starttime="647.999" endtime="648.159" type="s^aa" adjacency="1b+" original-type="s^aa" channel="c2" participant="mn007">
      <nite:child href="Bro007.C.words.xml#id(Bro007.w.1,474)..id(Bro007.w.1,475)"/>
   </dialogueact>
   <dialogueact nite:id="Bro007.C.dialogueact198" starttime="657.173" endtime="657.463" type="s^aa" adjacency="2b.3a" original-type="s^aa" channel="c2" participant="mn007">
      <nite:child href="Bro007.C.words.xml#id(Bro007.w.1,520)..id(Bro007.w.1,521)"/>
   </dialogueact>
   <dialogueact nite:id="Bro007.C.dialogueact199" starttime="657.673" endtime="658.353" type="s^na" adjacency="2b+.3a+" original-type="s^na" channel="c2" participant="mn007">
      <nite:child href="Bro007.C.words.xml#id(Bro007.w.1,522)..id(Bro007.w.1,527)"/>
   </dialogueact>
   <dialogueact nite:id="Bro007.C.dialogueact205" starttime="682.963" endtime="683.773" type="x" original-type="x" channel="c2" participant="mn007">
      <nite:child href="Bro007.C.words.xml#id(Bro007.w.1,567)..id(Bro007.w.1,570)"/>
   </dialogueact>
   <dialogueact nite:id="Bro007.C.dialogueact207" starttime="690.091" endtime="690.301" type="b" original-type="b" channel="c2" participant="mn007">
      <nite:child href="Bro007.C.words.xml#id(Bro007.w.1,580)..id(Bro007.w.1,581)"/>
   </dialogueact>
   <dialogueact nite:id="Bro007.C.dialogueact208" starttime="690.831" endtime="690.991" type="s^aa" adjacency="4b" original-type="s^aa" channel="c2" participant="mn007">
      <nite:child href="Bro007.C.words.xml#id(Bro007.w.1,585)..id(Bro007.w.1,586)"/>
   </dialogueact>
   <dialogueact nite:id="Bro007.C.dialogueact211" starttime="704.117" endtime="707.307" type="s" adjacency="5b.6a" original-type="s" channel="c2" participant="mn007">
      <nite:child href="Bro007.C.words.xml#id(Bro007.w.1,612)..id(Bro007.w.1,625)"/>
   </dialogueact>
   <dialogueact nite:id="Bro007.C.dialogueact214" starttime="710.705" endtime="714.025" type="s" adjacency="5b+" original-type="s" channel="c2" participant="mn007">
      <nite:child href="Bro007.C.words.xml#id(Bro007.w.1,632)..id(Bro007.w.1,637)"/>
   </dialogueact>
   <dialogueact nite:id="Bro007.C.dialogueact216" starttime="714.025" endtime="714.355" type="fh" original-type="fh" channel="c2" participant="mn007">
      <nite:child href="Bro007.C.words.xml#id(Bro007.w.1,649)"/>
   </dialogueact>
   <dialogueact nite:id="Bro007.C.dialogueact224" starttime="730.045" endtime="730.425" type="h" original-type="h" channel="c2" participant="mn007">
      <nite:child href="Bro007.C.words.xml#id(Bro007.w.1,711)"/>
   </dialogueact>
   <dialogueact nite:id="Bro007.C.dialogueact226" starttime="739.091" endtime="747.919" type="h|s" adjacency="7b-2" original-type="h|s" channel="c2" participant="mn007">
      <nite:child href="Bro007.C.words.xml#id(Bro007.w.1,725)..id(Bro007.w.1,742)"/>
   </dialogueact>
   <dialogueact nite:id="Bro007.C.dialogueact228" starttime="749.2" endtime="756.065" type="s" original-type="s" channel="c2" participant="mn007">
      <nite:child href="Bro007.C.words.xml#id(Bro007.w.1,743)..id(Bro007.w.1,761)"/>
   </dialogueact>
   <dialogueact nite:id="Bro007.C.dialogueact231" starttime="756.845" endtime="757.025" type="qo^d" original-type="qo^d" channel="c2" participant="mn007">
      <nite:child href="Bro007.C.words.xml#id(Bro007.w.1,764)..id(Bro007.w.1,765)"/>
   </dialogueact>
   <dialogueact nite:id="Bro007.C.dialogueact232" starttime="759.315" endtime="759.985" type="s" original-type="s" channel="c2" participant="mn007">
      <nite:child href="Bro007.C.words.xml#id(Bro007.w.1,772)..id(Bro007.w.1,776)"/>
   </dialogueact>
   <dialogueact nite:id="Bro007.C.dialogueact234" starttime="759.985" endtime="761.915" type="s^m" adjacency="8b" original-type="s^m" channel="c2" participant="mn007">
      <nite:child href="Bro007.C.words.xml#id(Bro007.w.1,779)..id(Bro007.w.1,781)"/>
   </dialogueact>
   <dialogueact nite:id="Bro007.C.dialogueact235" starttime="762.345" endtime="764.215" type="s" adjacency="8b+.9a" original-type="s" channel="c2" participant="mn007">
      <nite:child href="Bro007.C.words.xml#id(Bro007.w.1,782)..id(Bro007.w.1,788)"/>
   </dialogueact>
   <dialogueact nite:id="Bro007.C.dialogueact236" starttime="764.925" endtime="765.255" type="fh" adjacency="8b+.9a" original-type="fh" channel="c2" participant="mn007">
      <nite:child href="Bro007.C.words.xml#id(Bro007.w.1,789)..id(Bro007.w.1,790)"/>
   </dialogueact>
   <dialogueact nite:id="Bro007.C.dialogueact238" starttime="766.53" endtime="767.17" type="b" original-type="b" channel="c2" participant="mn007">
      <nite:child href="Bro007.C.words.xml#id(Bro007.w.1,793)..id(Bro007.w.1,794)"/>
   </dialogueact>
   <dialogueact nite:id="Bro007.C.dialogueact244" starttime="778.931" endtime="779.541" type="s^aa" adjacency="10b-2" original-type="s^aa" channel="c2" participant="mn007">
      <nite:child href="Bro007.C.words.xml#id(Bro007.w.1,839)..id(Bro007.w.1,840)"/>
   </dialogueact>
   <dialogueact nite:id="Bro007.C.dialogueact245" starttime="780.381" endtime="781.621" type="%-" original-type="%-" channel="c2" participant="mn007">
      <nite:child href="Bro007.C.words.xml#id(Bro007.w.1,841)..id(Bro007.w.1,843)"/>
   </dialogueact>
   <dialogueact nite:id="Bro007.C.dialogueact247" starttime="782.618" endtime="783.358" type="s" original-type="s" channel="c2" participant="mn007">
      <nite:child href="Bro007.C.words.xml#id(Bro007.w.1,853)..id(Bro007.w.1,855)"/>
   </dialogueact>
   <dialogueact nite:id="Bro007.C.dialogueact252" starttime="798.623" endtime="799.573" type="x" original-type="x" channel="c2" participant="mn007">
      <nite:child href="Bro007.C.words.xml#id(Bro007.w.1,912)..id(Bro007.w.1,915)"/>
   </dialogueact>
   <dialogueact nite:id="Bro007.C.dialogueact254" starttime="804.011" endtime="804.711" type="b" original-type="b" channel="c2" participant="mn007">
      <nite:child href="Bro007.C.words.xml#id(Bro007.w.1,925)..id(Bro007.w.1,926)"/>
   </dialogueact>
   <dialogueact nite:id="Bro007.C.dialogueact258" starttime="822.996" endtime="823.546" type="b" original-type="b" channel="c2" participant="mn007">
      <nite:child href="Bro007.C.words.xml#id(Bro007.w.1,978)..id(Bro007.w.1,979)"/>
   </dialogueact>
   <dialogueact nite:id="Bro007.C.dialogueact262" starttime="833.288" endtime="833.638" type="b" original-type="b" channel="c2" participant="mn007">
      <nite:child href="Bro007.C.words.xml#id(Bro007.w.2,012)..id(Bro007.w.2,013)"/>
   </dialogueact>
   <dialogueact nite:id="Bro007.C.dialogueact263" starttime="833.958" endtime="836.668" type="s^cs" adjacency="12b-2.13a" original-type="s^cs" channel="c2" participant="mn007">
      <nite:child href="Bro007.C.words.xml#id(Bro007.w.2,014)..id(Bro007.w.2,024)"/>
   </dialogueact>
   <dialogueact nite:id="Bro007.C.dialogueact266" starttime="837.058" endtime="837.358" type="fh" adjacency="12b-2.13a" original-type="fh" channel="c2" participant="mn007">
      <nite:child href="Bro007.C.words.xml#id(Bro007.w.2,025)"/>
   </dialogueact>
   <dialogueact nite:id="Bro007.C.dialogueact270" starttime="839.067" endtime="839.597" type="b" original-type="b" channel="c2" participant="mn007">
      <nite:child href="Bro007.C.words.xml#id(Bro007.w.2,056)..id(Bro007.w.2,057)"/>
   </dialogueact>
   <dialogueact nite:id="Bro007.C.dialogueact272" starttime="842.45" endtime="842.67" type="b" original-type="b" channel="c2" participant="mn007">
      <nite:child href="Bro007.C.words.xml#id(Bro007.w.2,058)..id(Bro007.w.2,059)"/>
   </dialogueact>
   <dialogueact nite:id="Bro007.C.dialogueact276" starttime="849.322" endtime="850.002" type="s^aa" adjacency="15b-1" original-type="s^aa" channel="c2" participant="mn007">
      <nite:child href="Bro007.C.words.xml#id(Bro007.w.2,086)..id(Bro007.w.2,089)"/>
   </dialogueact>
   <dialogueact nite:id="Bro007.C.dialogueact277" starttime="850.002" endtime="850.492" type="b" original-type="b" channel="c2" participant="mn007">
      <nite:child href="Bro007.C.words.xml#id(Bro007.w.2,090)..id(Bro007.w.2,092)"/>
   </dialogueact>
   <dialogueact nite:id="Bro007.C.dialogueact279" starttime="850.712" endtime="851.162" type="b" original-type="b" channel="c2" participant="mn007">
      <nite:child href="Bro007.C.words.xml#id(Bro007.w.2,093)..id(Bro007.w.2,094)"/>
   </dialogueact>
   <dialogueact nite:id="Bro007.C.dialogueact286" starttime="869.296" endtime="870.216" type="fh" original-type="fh" channel="c2" participant="mn007">
      <nite:child href="Bro007.C.words.xml#id(Bro007.w.2,152)"/>
   </dialogueact>
   <dialogueact nite:id="Bro007.C.dialogueact288" starttime="874.291" endtime="874.771" type="s^bk" adjacency="18b" original-type="s^bk" channel="c2" participant="mn007">
      <nite:child href="Bro007.C.words.xml#id(Bro007.w.2,162)..id(Bro007.w.2,163)"/>
   </dialogueact>
   <dialogueact nite:id="Bro007.C.dialogueact289" starttime="874.771" endtime="875.081" type="s^bk" adjacency="18b+" original-type="s^bk" channel="c2" participant="mn007">
      <nite:child href="Bro007.C.words.xml#id(Bro007.w.2,164)..id(Bro007.w.2,166)"/>
   </dialogueact>
   <dialogueact nite:id="Bro007.C.dialogueact296" starttime="896.922" endtime="897.712" type="b" original-type="b" channel="c2" participant="mn007">
      <nite:child href="Bro007.C.words.xml#id(Bro007.w.2,237)..id(Bro007.w.2,238)"/>
   </dialogueact>
   <dialogueact nite:id="Bro007.C.dialogueact298" starttime="900.544" endtime="905.024" type="s^ar|s^nd" adjacency="19b-2.20a.21a" original-type="s^ar|s^nd" channel="c2" participant="mn007">
      <nite:child href="Bro007.C.words.xml#id(Bro007.w.2,247)..id(Bro007.w.2,262)"/>
   </dialogueact>
   <dialogueact nite:id="Bro007.C.dialogueact302" starttime="905.134" endtime="911.174" type="s^df" adjacency="19b-2+.21a+" original-type="s^df" channel="c2" participant="mn007">
      <nite:child href="Bro007.C.words.xml#id(Bro007.w.2,263)..id(Bro007.w.2,290)"/>
   </dialogueact>
   <dialogueact nite:id="Bro007.C.dialogueact303" starttime="912.538" endtime="913.758" type="fh" original-type="fh" channel="c2" participant="mn007">
      <nite:child href="Bro007.C.words.xml#id(Bro007.w.2,291)..id(Bro007.w.2,293)"/>
   </dialogueact>
   <dialogueact nite:id="Bro007.C.dialogueact305" starttime="914.66" endtime="921.08" type="s" adjacency="19b-2++.21a++" original-type="s" channel="c2" participant="mn007">
      <nite:child href="Bro007.C.words.xml#id(Bro007.w.2,310)..id(Bro007.w.2,327)"/>
   </dialogueact>
   <dialogueact nite:id="Bro007.C.dialogueact309" starttime="925.99" endtime="927.56" type="h|s" adjacency="22b-1.23a" original-type="h|s" channel="c2" participant="mn007">
      <nite:child href="Bro007.C.words.xml#id(Bro007.w.2,343)..id(Bro007.w.2,351)"/>
   </dialogueact>
   <dialogueact nite:id="Bro007.C.dialogueact311" starttime="927.56" endtime="930.56" type="s^rt" adjacency="22b-1+.23a+" original-type="s^rt" channel="c2" participant="mn007">
      <nite:child href="Bro007.C.words.xml#id(Bro007.w.2,352)..id(Bro007.w.2,364)"/>
   </dialogueact>
   <dialogueact nite:id="Bro007.C.dialogueact313" starttime="932.179" endtime="933.919" type="fh" original-type="fh" channel="c2" participant="mn007">
      <nite:child href="Bro007.C.words.xml#id(Bro007.w.2,377)..id(Bro007.w.2,379)"/>
   </dialogueact>
   <dialogueact nite:id="Bro007.C.dialogueact316" starttime="939.523" endtime="946.913" type="s" adjacency="24b.25a" original-type="s" channel="c2" participant="mn007">
      <nite:child href="Bro007.C.words.xml#id(Bro007.w.2,396)..id(Bro007.w.2,412)"/>
   </dialogueact>
   <dialogueact nite:id="Bro007.C.dialogueact319" starttime="960.665" endtime="964.835" type="s.%--" adjacency="26b.27a" original-type="s.%--" channel="c2" participant="mn007">
      <nite:child href="Bro007.C.words.xml#id(Bro007.w.2,435)..id(Bro007.w.2,447)"/>
   </dialogueact>
   <dialogueact nite:id="Bro007.C.dialogueact321" starttime="965.929" endtime="966.929" type="fh" original-type="fh" channel="c2" participant="mn007">
      <nite:child href="Bro007.C.words.xml#id(Bro007.w.2,448)"/>
   </dialogueact>
   <dialogueact nite:id="Bro007.C.dialogueact323" starttime="967.93" endtime="968.59" type="b" original-type="b" channel="c2" participant="mn007">
      <nite:child href="Bro007.C.words.xml#id(Bro007.w.2,465)..id(Bro007.w.2,466)"/>
   </dialogueact>
   <dialogueact nite:id="Bro007.C.dialogueact325" starttime="970.036" endtime="970.256" type="b" original-type="b" channel="c2" participant="mn007">
      <nite:child href="Bro007.C.words.xml#id(Bro007.w.2,477)..id(Bro007.w.2,478)"/>
   </dialogueact>
   <dialogueact nite:id="Bro007.C.dialogueact328" starttime="973.265" endtime="973.495" type="b" original-type="b" channel="c2" participant="mn007">
      <nite:child href="Bro007.C.words.xml#id(Bro007.w.2,482)..id(Bro007.w.2,483)"/>
   </dialogueact>
   <dialogueact nite:id="Bro007.C.dialogueact334" starttime="984.043" endtime="984.843" type="b" original-type="b" channel="c2" participant="mn007">
      <nite:child href="Bro007.C.words.xml#id(Bro007.w.2,518)..id(Bro007.w.2,521)"/>
   </dialogueact>
   <dialogueact nite:id="Bro007.C.dialogueact336" starttime="994.261" endtime="994.811" type="b" original-type="b" channel="c2" participant="mn007">
      <nite:child href="Bro007.C.words.xml#id(Bro007.w.2,552)..id(Bro007.w.2,553)"/>
   </dialogueact>
   <dialogueact nite:id="Bro007.C.dialogueact338" starttime="995.606" endtime="995.986" type="b" original-type="b" channel="c2" participant="mn007">
      <nite:child href="Bro007.C.words.xml#id(Bro007.w.2,554)..id(Bro007.w.2,555)"/>
   </dialogueact>
   <dialogueact nite:id="Bro007.C.dialogueact341" starttime="1014.88" endtime="1024.86" type="h|s^aa" adjacency="29b.30a" original-type="h|s^aa" channel="c2" participant="mn007">
      <nite:child href="Bro007.C.words.xml#id(Bro007.w.2,597)..id(Bro007.w.2,610)"/>
   </dialogueact>
   <dialogueact nite:id="Bro007.C.dialogueact343" starttime="1025.55" endtime="1026.05" type="s^aa" adjacency="29b+" original-type="s^aa" channel="c2" participant="mn007">
      <nite:child href="Bro007.C.words.xml#id(Bro007.w.2,614)..id(Bro007.w.2,618)"/>
   </dialogueact>
   <dialogueact nite:id="Bro007.C.dialogueact344" starttime="1026.51" endtime="1026.65" type="b" original-type="b" channel="c2" participant="mn007">
      <nite:child href="Bro007.C.words.xml#id(Bro007.w.2,619)..id(Bro007.w.2,620)"/>
   </dialogueact>
   <dialogueact nite:id="Bro007.C.dialogueact346" starttime="1027.9" endtime="1028.81" type="s" adjacency="29b++.31a" original-type="s" channel="c2" participant="mn007">
      <nite:child href="Bro007.C.words.xml#id(Bro007.w.2,623)..id(Bro007.w.2,628)"/>
   </dialogueact>
   <dialogueact nite:id="Bro007.C.dialogueact352" starttime="1043.2" endtime="1044.27" type="b" original-type="b" channel="c2" participant="mn007">
      <nite:child href="Bro007.C.words.xml#id(Bro007.w.2,669)..id(Bro007.w.2,672)"/>
   </dialogueact>
   <dialogueact nite:id="Bro007.C.dialogueact353" starttime="1046.07" endtime="1046.32" type="b" original-type="b" channel="c2" participant="mn007">
      <nite:child href="Bro007.C.words.xml#id(Bro007.w.2,688)..id(Bro007.w.2,689)"/>
   </dialogueact>
   <dialogueact nite:id="Bro007.C.dialogueact360" starttime="1068.31" endtime="1068.88" type="b" original-type="b" channel="c2" participant="mn007">
      <nite:child href="Bro007.C.words.xml#id(Bro007.w.2,730)..id(Bro007.w.2,731)"/>
   </dialogueact>
   <dialogueact nite:id="Bro007.C.dialogueact361" starttime="1072.44" endtime="1073.09" type="b" original-type="b" channel="c2" participant="mn007">
      <nite:child href="Bro007.C.words.xml#id(Bro007.w.2,755)..id(Bro007.w.2,756)"/>
   </dialogueact>
   <dialogueact nite:id="Bro007.C.dialogueact364" starttime="1079.7" endtime="1079.93" type="s^aa" adjacency="32b" original-type="s^aa" channel="c2" participant="mn007">
      <nite:child href="Bro007.C.words.xml#id(Bro007.w.2,775)..id(Bro007.w.2,776)"/>
   </dialogueact>
   <dialogueact nite:id="Bro007.C.dialogueact365" starttime="1081.18" endtime="1081.47" type="s^na" adjacency="32b+" original-type="s^na" channel="c2" participant="mn007">
      <nite:child href="Bro007.C.words.xml#id(Bro007.w.2,777)..id(Bro007.disfmarker.139)"/>
   </dialogueact>
   <dialogueact nite:id="Bro007.C.dialogueact366" starttime="1081.47" endtime="1081.66" type="s^aa" adjacency="32b++" original-type="s^aa" channel="c2" participant="mn007">
      <nite:child href="Bro007.C.words.xml#id(Bro007.w.2,779)..id(Bro007.w.2,780)"/>
   </dialogueact>
   <dialogueact nite:id="Bro007.C.dialogueact367" starttime="1081.84" endtime="1082.13" type="s^aa" adjacency="32b+++" original-type="s^aa" channel="c2" participant="mn007">
      <nite:child href="Bro007.C.words.xml#id(Bro007.w.2,781)..id(Bro007.w.2,782)"/>
   </dialogueact>
   <dialogueact nite:id="Bro007.C.dialogueact368" starttime="1082.35" endtime="1084.07" type="s" adjacency="32b++++" original-type="s" channel="c2" participant="mn007">
      <nite:child href="Bro007.C.words.xml#id(Bro007.w.2,783)..id(Bro007.disfmarker.140)"/>
   </dialogueact>
   <dialogueact nite:id="Bro007.C.dialogueact369" starttime="1084.07" endtime="1088.25" type="s" adjacency="32b+++++.33a" original-type="s" channel="c2" participant="mn007">
      <nite:child href="Bro007.C.words.xml#id(Bro007.w.2,788)..id(Bro007.w.2,806)"/>
   </dialogueact>
   <dialogueact nite:id="Bro007.C.dialogueact372" starttime="1088.25" endtime="1089.14" type="%-" original-type="%-" channel="c2" participant="mn007">
      <nite:child href="Bro007.C.words.xml#id(Bro007.w.2,807)..id(Bro007.w.2,813)"/>
   </dialogueact>
   <dialogueact nite:id="Bro007.C.dialogueact375" starttime="1090.69" endtime="1091.58" type="s" original-type="s" channel="c2" participant="mn007">
      <nite:child href="Bro007.C.words.xml#id(Bro007.w.2,842)..id(Bro007.w.2,844)"/>
   </dialogueact>
   <dialogueact nite:id="Bro007.C.dialogueact377" starttime="1093.66" endtime="1094.4" type="%-" original-type="%-" channel="c2" participant="mn007">
      <nite:child href="Bro007.C.words.xml#id(Bro007.w.2,845)..id(Bro007.w.2,846)"/>
   </dialogueact>
   <dialogueact nite:id="Bro007.C.dialogueact378" starttime="1096.37" endtime="1097.81" type="s" adjacency="34b.35a" original-type="s" channel="c2" participant="mn007">
      <nite:child href="Bro007.C.words.xml#id(Bro007.w.2,848)..id(Bro007.w.2,856)"/>
   </dialogueact>
   <dialogueact nite:id="Bro007.C.dialogueact380" starttime="1097.81" endtime="1098.23" type="b" original-type="b" channel="c2" participant="mn007">
      <nite:child href="Bro007.C.words.xml#id(Bro007.w.2,857)..id(Bro007.w.2,858)"/>
   </dialogueact>
   <dialogueact nite:id="Bro007.C.dialogueact381" starttime="1098.37" endtime="1099.41" type="b" original-type="b" channel="c2" participant="mn007">
      <nite:child href="Bro007.C.words.xml#id(Bro007.w.2,859)..id(Bro007.w.2,862)"/>
   </dialogueact>
   <dialogueact nite:id="Bro007.C.dialogueact382" starttime="1100.26" endtime="1101.25" type="b" original-type="b" channel="c2" participant="mn007">
      <nite:child href="Bro007.C.words.xml#id(Bro007.w.2,879)..id(Bro007.w.2,882)"/>
   </dialogueact>
   <dialogueact nite:id="Bro007.C.dialogueact383" starttime="1101.86" endtime="1102.67" type="b" original-type="b" channel="c2" participant="mn007">
      <nite:child href="Bro007.C.words.xml#id(Bro007.w.2,883)..id(Bro007.w.2,884)"/>
   </dialogueact>
   <dialogueact nite:id="Bro007.C.dialogueact385" starttime="1102.94" endtime="1103.16" type="b" original-type="b" channel="c2" participant="mn007">
      <nite:child href="Bro007.C.words.xml#id(Bro007.w.2,885)..id(Bro007.w.2,886)"/>
   </dialogueact>
   <dialogueact nite:id="Bro007.C.dialogueact387" starttime="1105.38" endtime="1106.32" type="fg" original-type="fg" channel="c2" participant="mn007">
      <nite:child href="Bro007.C.words.xml#id(Bro007.w.2,888)..id(Bro007.w.2,891)"/>
   </dialogueact>
   <dialogueact nite:id="Bro007.C.dialogueact388" starttime="1107.79" endtime="1112.24" type="s" adjacency="36a" original-type="s" channel="c2" participant="mn007">
      <nite:child href="Bro007.C.words.xml#id(Bro007.w.2,892)..id(Bro007.w.2,909)"/>
   </dialogueact>
   <dialogueact nite:id="Bro007.C.dialogueact391" starttime="1113.95" endtime="1114.74" type="fg" original-type="fg" channel="c2" participant="mn007">
      <nite:child href="Bro007.C.words.xml#id(Bro007.w.2,930)..id(Bro007.w.2,931)"/>
   </dialogueact>
   <dialogueact nite:id="Bro007.C.dialogueact392" starttime="1117.9" endtime="1118.43" type="b" original-type="b" channel="c2" participant="mn007">
      <nite:child href="Bro007.C.words.xml#id(Bro007.w.2,932)..id(Bro007.w.2,935)"/>
   </dialogueact>
   <dialogueact nite:id="Bro007.C.dialogueact394" starttime="1126.19" endtime="1128.04" type="s^na" adjacency="37b.38a" original-type="s^na" channel="c2" participant="mn007">
      <nite:child href="Bro007.C.words.xml#id(Bro007.w.2,965)..id(Bro007.w.2,976)"/>
   </dialogueact>
   <dialogueact nite:id="Bro007.C.dialogueact396" starttime="1128.91" endtime="1129.72" type="s^na" adjacency="37b+.38a+" original-type="s^na" channel="c2" participant="mn007">
      <nite:child href="Bro007.C.words.xml#id(Bro007.w.2,979)..id(Bro007.w.2,982)"/>
   </dialogueact>
   <dialogueact nite:id="Bro007.C.dialogueact398" starttime="1130.36" endtime="1131.86" type="fh" original-type="fh" channel="c2" participant="mn007">
      <nite:child href="Bro007.C.words.xml#id(Bro007.w.2,986)..id(Bro007.w.2,988)"/>
   </dialogueact>
   <dialogueact nite:id="Bro007.C.dialogueact399" starttime="1132.11" endtime="1132.23" type="b" original-type="b" channel="c2" participant="mn007">
      <nite:child href="Bro007.C.words.xml#id(Bro007.w.2,989)..id(Bro007.w.2,992)"/>
   </dialogueact>
   <dialogueact nite:id="Bro007.C.dialogueact403" starttime="1143.64" endtime="1143.76" type="b" original-type="b" channel="c2" participant="mn007">
      <nite:child href="Bro007.C.words.xml#id(Bro007.w.3,039)..id(Bro007.w.3,040)"/>
   </dialogueact>
   <dialogueact nite:id="Bro007.C.dialogueact405" starttime="1148.22" endtime="1149.54" type="b" original-type="b" channel="c2" participant="mn007">
      <nite:child href="Bro007.C.words.xml#id(Bro007.w.3,043)..id(Bro007.w.3,044)"/>
   </dialogueact>
   <dialogueact nite:id="Bro007.C.dialogueact408" starttime="1157.06" endtime="1158.81" type="h|s^ar" adjacency="39b" original-type="h|s^ar" channel="c2" participant="mn007">
      <nite:child href="Bro007.C.words.xml#id(Bro007.w.3,071)..id(Bro007.w.3,074)"/>
   </dialogueact>
   <dialogueact nite:id="Bro007.C.dialogueact410" starttime="1159.36" endtime="1165.53" type="fh|s" adjacency="39b+" original-type="fh|s" channel="c2" participant="mn007">
      <nite:child href="Bro007.C.words.xml#id(Bro007.w.3,077)..id(Bro007.w.3,089)"/>
   </dialogueact>
   <dialogueact nite:id="Bro007.C.dialogueact418" starttime="1200.44" endtime="1207.55" type="h|s" adjacency="1a" original-type="h|s" channel="c2" participant="mn007">
      <nite:child href="Bro007.C.words.xml#id(Bro007.w.3,161)..id(Bro007.w.3,172)"/>
   </dialogueact>
   <dialogueact nite:id="Bro007.C.dialogueact420" starttime="1207.55" endtime="1208.19" type="fh" adjacency="1a" original-type="fh" channel="c2" participant="mn007">
      <nite:child href="Bro007.C.words.xml#id(Bro007.w.3,173)"/>
   </dialogueact>
   <dialogueact nite:id="Bro007.C.dialogueact422" starttime="1209.23" endtime="1209.51" type="x" original-type="x" channel="c2" participant="mn007">
      <nite:child href="Bro007.C.words.xml#id(Bro007.w.3,205)..id(Bro007.disfmarker.160)"/>
   </dialogueact>
   <dialogueact nite:id="Bro007.C.dialogueact423" starttime="1210.05" endtime="1210.85" type="b" original-type="b" channel="c2" participant="mn007">
      <nite:child href="Bro007.C.words.xml#id(Bro007.w.3,208)..id(Bro007.w.3,209)"/>
   </dialogueact>
   <dialogueact nite:id="Bro007.C.dialogueact426" starttime="1212.96" endtime="1213.76" type="b" original-type="b" channel="c2" participant="mn007">
      <nite:child href="Bro007.C.words.xml#id(Bro007.w.3,210)..id(Bro007.w.3,211)"/>
   </dialogueact>
   <dialogueact nite:id="Bro007.C.dialogueact430" starttime="1225.7" endtime="1226.1" type="b" original-type="b" channel="c2" participant="mn007">
      <nite:child href="Bro007.C.words.xml#id(Bro007.w.3,245)..id(Bro007.w.3,246)"/>
   </dialogueact>
   <dialogueact nite:id="Bro007.C.dialogueact437" starttime="1255.63" endtime="1257.35" type="b" original-type="b" channel="c2" participant="mn007">
      <nite:child href="Bro007.C.words.xml#id(Bro007.w.3,296)..id(Bro007.w.3,299)"/>
   </dialogueact>
   <dialogueact nite:id="Bro007.C.dialogueact441" starttime="1269.69" endtime="1272.29" type="qy^bu^d|qrr.%-" adjacency="2a" original-type="qy^bu^d|qrr.%-" channel="c2" participant="mn007">
      <nite:child href="Bro007.C.words.xml#id(Bro007.w.3,331)..id(Bro007.disfmarker.166)"/>
   </dialogueact>
   <dialogueact nite:id="Bro007.C.dialogueact443" starttime="1272.72" endtime="1273.25" type="%-" original-type="%-" channel="c2" participant="mn007">
      <nite:child href="Bro007.C.words.xml#id(Bro007.w.3,378)..id(Bro007.w.3,379)"/>
   </dialogueact>
   <dialogueact nite:id="Bro007.C.dialogueact446" starttime="1279.22" endtime="1279.42" type="s^bk" adjacency="3b" original-type="s^bk" channel="c2" participant="mn007">
      <nite:child href="Bro007.C.words.xml#id(Bro007.w.3,380)..id(Bro007.w.3,382)"/>
   </dialogueact>
   <dialogueact nite:id="Bro007.C.dialogueact449" starttime="1282.65" endtime="1283.12" type="b" original-type="b" channel="c2" participant="mn007">
      <nite:child href="Bro007.C.words.xml#id(Bro007.w.3,399)..id(Bro007.w.3,400)"/>
   </dialogueact>
   <dialogueact nite:id="Bro007.C.dialogueact450" starttime="1291.2" endtime="1292.2" type="s^bu" adjacency="4b.5a" original-type="s^bu" channel="c2" participant="mn007">
      <nite:child href="Bro007.C.words.xml#id(Bro007.w.3,413)..id(Bro007.w.3,417)"/>
   </dialogueact>
   <dialogueact nite:id="Bro007.C.dialogueact452" starttime="1293.1" endtime="1294.11" type="s^aa" adjacency="6b" original-type="s^aa" channel="c2" participant="mn007">
      <nite:child href="Bro007.C.words.xml#id(Bro007.w.3,420)..id(Bro007.w.3,424)"/>
   </dialogueact>
   <dialogueact nite:id="Bro007.C.dialogueact453" starttime="1294.31" endtime="1300.15" type="s^rt" adjacency="6b+.7a" original-type="s^rt" channel="c2" participant="mn007">
      <nite:child href="Bro007.C.words.xml#id(Bro007.w.3,425)..id(Bro007.w.3,438)"/>
   </dialogueact>
   <dialogueact nite:id="Bro007.C.dialogueact455" starttime="1301.86" endtime="1303.23" type="fh" original-type="fh" channel="c2" participant="mn007">
      <nite:child href="Bro007.C.words.xml#id(Bro007.w.3,441)..id(Bro007.w.3,443)"/>
   </dialogueact>
   <dialogueact nite:id="Bro007.C.dialogueact457" starttime="1307.05" endtime="1307.55" type="h|s^aa" adjacency="8b" original-type="h|s^aa" channel="c2" participant="mn007">
      <nite:child href="Bro007.C.words.xml#id(Bro007.w.3,454)..id(Bro007.w.3,456)"/>
   </dialogueact>
   <dialogueact nite:id="Bro007.C.dialogueact458" starttime="1308.29" endtime="1312.6" type="fh|s.%--" original-type="fh|s.%--" channel="c2" participant="mn007">
      <nite:child href="Bro007.C.words.xml#id(Bro007.w.3,457)..id(Bro007.disfmarker.172)"/>
   </dialogueact>
   <dialogueact nite:id="Bro007.C.dialogueact459" starttime="1313.64" endtime="1314.61" type="qy^rt" original-type="qy^rt" channel="c2" participant="mn007">
      <nite:child href="Bro007.C.words.xml#id(Bro007.w.3,461)..id(Bro007.w.3,466)"/>
   </dialogueact>
   <dialogueact nite:id="Bro007.C.dialogueact460" starttime="1314.61" endtime="1314.81" type="s^aa" original-type="s^aa" channel="c2" participant="mn007">
      <nite:child href="Bro007.C.words.xml#id(Bro007.w.3,467)..id(Bro007.w.3,468)"/>
   </dialogueact>
   <dialogueact nite:id="Bro007.C.dialogueact461" starttime="1314.89" endtime="1317.55" type="s" adjacency="9a" original-type="s" channel="c2" participant="mn007">
      <nite:child href="Bro007.C.words.xml#id(Bro007.w.3,469)..id(Bro007.w.3,482)"/>
   </dialogueact>
   <dialogueact nite:id="Bro007.C.dialogueact462" starttime="1319.03" endtime="1320.62" type="s" adjacency="9a+" original-type="s" channel="c2" participant="mn007">
      <nite:child href="Bro007.C.words.xml#id(Bro007.w.3,483)..id(Bro007.w.3,488)"/>
   </dialogueact>
   <dialogueact nite:id="Bro007.C.dialogueact464" starttime="1321.92" endtime="1323.4" type="b" original-type="b" channel="c2" participant="mn007">
      <nite:child href="Bro007.C.words.xml#id(Bro007.w.3,491)..id(Bro007.w.3,492)"/>
   </dialogueact>
   <dialogueact nite:id="Bro007.C.dialogueact466" starttime="1330.72" endtime="1331.48" type="b" original-type="b" channel="c2" participant="mn007">
      <nite:child href="Bro007.C.words.xml#id(Bro007.w.3,520)..id(Bro007.w.3,523)"/>
   </dialogueact>
   <dialogueact nite:id="Bro007.C.dialogueact471" starttime="1347.05" endtime="1347.53" type="b" original-type="b" channel="c2" participant="mn007">
      <nite:child href="Bro007.C.words.xml#id(Bro007.w.3,569)..id(Bro007.w.3,572)"/>
   </dialogueact>
   <dialogueact nite:id="Bro007.C.dialogueact476" starttime="1367.83" endtime="1368.54" type="b" original-type="b" channel="c2" participant="mn007">
      <nite:child href="Bro007.C.words.xml#id(Bro007.w.3,628)..id(Bro007.w.3,629)"/>
   </dialogueact>
   <dialogueact nite:id="Bro007.C.dialogueact480" starttime="1375.87" endtime="1376.61" type="b" original-type="b" channel="c2" participant="mn007">
      <nite:child href="Bro007.C.words.xml#id(Bro007.w.3,652)..id(Bro007.w.3,655)"/>
   </dialogueact>
   <dialogueact nite:id="Bro007.C.dialogueact483" starttime="1378.93" endtime="1381.28" type="s^arp" adjacency="11b-2.12a" original-type="s^arp" channel="c2" participant="mn007">
      <nite:child href="Bro007.C.words.xml#id(Bro007.w.3,656)..id(Bro007.w.3,666)"/>
   </dialogueact>
   <dialogueact nite:id="Bro007.C.dialogueact485" starttime="1381.28" endtime="1381.79" type="s^bd^no" original-type="s^bd^no" channel="c2" participant="mn007">
      <nite:child href="Bro007.C.words.xml#id(Bro007.w.3,667)..id(Bro007.disfmarker.180)"/>
   </dialogueact>
   <dialogueact nite:id="Bro007.C.dialogueact486" starttime="1382.22" endtime="1386.6" type="s^cs" adjacency="11b-2+.12a+" original-type="s^cs" channel="c2" participant="mn007">
      <nite:child href="Bro007.C.words.xml#id(Bro007.w.3,672)..id(Bro007.w.3,681)"/>
   </dialogueact>
   <dialogueact nite:id="Bro007.C.dialogueact488" starttime="1388.79" endtime="1389.47" type="fh" original-type="fh" channel="c2" participant="mn007">
      <nite:child href="Bro007.C.words.xml#id(Bro007.w.3,686)..id(Bro007.w.3,689)"/>
   </dialogueact>
   <dialogueact nite:id="Bro007.C.dialogueact490" starttime="1393.36" endtime="1393.58" type="s^aa" adjacency="13b" original-type="s^aa" channel="c2" participant="mn007">
      <nite:child href="Bro007.C.words.xml#id(Bro007.w.3,707)..id(Bro007.w.3,708)"/>
   </dialogueact>
   <dialogueact nite:id="Bro007.C.dialogueact492" starttime="1393.96" endtime="1394.23" type="b" original-type="b" channel="c2" participant="mn007">
      <nite:child href="Bro007.C.words.xml#id(Bro007.w.3,712)..id(Bro007.w.3,715)"/>
   </dialogueact>
   <dialogueact nite:id="Bro007.C.dialogueact503" starttime="1409.6" endtime="1410.05" type="%-" original-type="%-" channel="c2" participant="mn007">
      <nite:child href="Bro007.C.words.xml#id(Bro007.w.3,780)..id(Bro007.w.3,782)"/>
   </dialogueact>
   <dialogueact nite:id="Bro007.C.dialogueact505" starttime="1410.7" endtime="1411.01" type="s^ar" adjacency="18b-2" original-type="s^ar" channel="c2" participant="mn007">
      <nite:child href="Bro007.C.words.xml#id(Bro007.w.3,785)..id(Bro007.w.3,786)"/>
   </dialogueact>
   <dialogueact nite:id="Bro007.C.dialogueact507" starttime="1413.76" endtime="1417.88" type="s^ng.%-" adjacency="18b-2+.19a" original-type="s^ng.%-" channel="c2" participant="mn007">
      <nite:child href="Bro007.C.words.xml#id(Bro007.w.3,794)..id(Bro007.w.3,807)"/>
   </dialogueact>
   <dialogueact nite:id="Bro007.C.dialogueact508" starttime="1417.88" endtime="1420.27" type="s^no.%-" adjacency="18b-2++.20a" original-type="s^no.%-" channel="c2" participant="mn007">
      <nite:child href="Bro007.C.words.xml#id(Bro007.w.3,817)..id(Bro007.w.3,827)"/>
   </dialogueact>
   <dialogueact nite:id="Bro007.C.dialogueact511" starttime="1422.56" endtime="1424.25" type="s^aa.%-" adjacency="21b-1" original-type="s^aa.%-" channel="c2" participant="mn007">
      <nite:child href="Bro007.C.words.xml#id(Bro007.w.3,836)..id(Bro007.w.3,843)"/>
   </dialogueact>
   <dialogueact nite:id="Bro007.C.dialogueact524" starttime="1446.9" endtime="1447.06" type="b" original-type="b" channel="c2" participant="mn007">
      <nite:child href="Bro007.C.words.xml#id(Bro007.w.3,946)..id(Bro007.w.3,947)"/>
   </dialogueact>
   <dialogueact nite:id="Bro007.C.dialogueact526" starttime="1453.15" endtime="1453.36" type="b" original-type="b" channel="c2" participant="mn007">
      <nite:child href="Bro007.C.words.xml#id(Bro007.w.3,963)..id(Bro007.w.3,964)"/>
   </dialogueact>
   <dialogueact nite:id="Bro007.C.dialogueact528" starttime="1458.01" endtime="1458.56" type="b" original-type="b" channel="c2" participant="mn007">
      <nite:child href="Bro007.C.words.xml#id(Bro007.w.3,976)..id(Bro007.w.3,977)"/>
   </dialogueact>
   <dialogueact nite:id="Bro007.C.dialogueact529" starttime="1460.36" endtime="1461.02" type="b" original-type="b" channel="c2" participant="mn007">
      <nite:child href="Bro007.C.words.xml#id(Bro007.w.3,996)..id(Bro007.w.3,999)"/>
   </dialogueact>
   <dialogueact nite:id="Bro007.C.dialogueact534" starttime="1479.88" endtime="1480.99" type="b" original-type="b" channel="c2" participant="mn007">
      <nite:child href="Bro007.C.words.xml#id(Bro007.w.4,058)..id(Bro007.w.4,061)"/>
   </dialogueact>
   <dialogueact nite:id="Bro007.C.dialogueact537" starttime="1498.19" endtime="1499.14" type="b" original-type="b" channel="c2" participant="mn007">
      <nite:child href="Bro007.C.words.xml#id(Bro007.w.4,096)..id(Bro007.w.4,099)"/>
   </dialogueact>
   <dialogueact nite:id="Bro007.C.dialogueact538" starttime="1503.09" endtime="1503.28" type="b" original-type="b" channel="c2" participant="mn007">
      <nite:child href="Bro007.C.words.xml#id(Bro007.w.4,101)..id(Bro007.w.4,102)"/>
   </dialogueact>
   <dialogueact nite:id="Bro007.C.dialogueact543" starttime="1508.64" endtime="1509.1" type="s^aa" adjacency="24b" original-type="s^aa" channel="c2" participant="mn007">
      <nite:child href="Bro007.C.words.xml#id(Bro007.w.4,115)..id(Bro007.w.4,116)"/>
   </dialogueact>
   <dialogueact nite:id="Bro007.C.dialogueact547" starttime="1512.97" endtime="1514.49" type="s^bd" adjacency="24b+.25a" original-type="s^bd" channel="c2" participant="mn007">
      <nite:child href="Bro007.C.words.xml#id(Bro007.w.4,132)..id(Bro007.w.4,140)"/>
   </dialogueact>
   <dialogueact nite:id="Bro007.C.dialogueact551" starttime="1523.98" endtime="1524.2" type="b" original-type="b" channel="c2" participant="mn007">
      <nite:child href="Bro007.C.words.xml#id(Bro007.w.4,148)..id(Bro007.w.4,149)"/>
   </dialogueact>
   <dialogueact nite:id="Bro007.C.dialogueact554" starttime="1525.2" endtime="1525.43" type="%-" original-type="%-" channel="c2" participant="mn007">
      <nite:child href="Bro007.C.words.xml#id(Bro007.w.4,168)"/>
   </dialogueact>
   <dialogueact nite:id="Bro007.C.dialogueact556" starttime="1543.92" endtime="1544.74" type="b" original-type="b" channel="c2" participant="mn007">
      <nite:child href="Bro007.C.words.xml#id(Bro007.w.4,220)..id(Bro007.w.4,223)"/>
   </dialogueact>
   <dialogueact nite:id="Bro007.C.dialogueact557" starttime="1547.4" endtime="1548.49" type="b" original-type="b" channel="c2" participant="mn007">
      <nite:child href="Bro007.C.words.xml#id(Bro007.w.4,224)..id(Bro007.w.4,227)"/>
   </dialogueact>
   <dialogueact nite:id="Bro007.C.dialogueact561" starttime="1560.22" endtime="1560.41" type="b" original-type="b" channel="c2" participant="mn007">
      <nite:child href="Bro007.C.words.xml#id(Bro007.w.4,251)..id(Bro007.w.4,252)"/>
   </dialogueact>
   <dialogueact nite:id="Bro007.C.dialogueact564" starttime="1567.88" endtime="1568.85" type="b" original-type="b" channel="c2" participant="mn007">
      <nite:child href="Bro007.C.words.xml#id(Bro007.w.4,281)..id(Bro007.w.4,284)"/>
   </dialogueact>
   <dialogueact nite:id="Bro007.C.dialogueact571" starttime="1591.81" endtime="1593.06" type="b" original-type="b" channel="c2" participant="mn007">
      <nite:child href="Bro007.C.words.xml#id(Bro007.w.4,338)..id(Bro007.w.4,341)"/>
   </dialogueact>
   <dialogueact nite:id="Bro007.C.dialogueact572" starttime="1595.1" endtime="1595.91" type="s" adjacency="26b" original-type="s" channel="c2" participant="mn007">
      <nite:child href="Bro007.C.words.xml#id(Bro007.w.4,342)..id(Bro007.w.4,346)"/>
   </dialogueact>
   <dialogueact nite:id="Bro007.C.dialogueact573" starttime="1595.91" endtime="1597.13" type="fh" original-type="fh" channel="c2" participant="mn007">
      <nite:child href="Bro007.C.words.xml#id(Bro007.w.4,347)..id(Bro007.w.4,349)"/>
   </dialogueact>
   <dialogueact nite:id="Bro007.C.dialogueact574" starttime="1598.53" endtime="1605.3" type="s^cc" adjacency="26b+" original-type="s^cc" channel="c2" participant="mn007">
      <nite:child href="Bro007.C.words.xml#id(Bro007.w.4,350)..id(Bro007.w.4,365)"/>
   </dialogueact>
   <dialogueact nite:id="Bro007.C.dialogueact575" starttime="1605.3" endtime="1613.72" type="s^cs" adjacency="26b++.27a" original-type="s^cs" channel="c2" participant="mn007">
      <nite:child href="Bro007.C.words.xml#id(Bro007.w.4,366)..id(Bro007.w.4,381)"/>
   </dialogueact>
   <dialogueact nite:id="Bro007.C.dialogueact576" starttime="1614.34" endtime="1615.76" type="s^df" adjacency="26b+++.27a+" original-type="s^df" channel="c2" participant="mn007">
      <nite:child href="Bro007.C.words.xml#id(Bro007.w.4,382)..id(Bro007.disfmarker.218)"/>
   </dialogueact>
   <dialogueact nite:id="Bro007.C.dialogueact577" starttime="1616.47" endtime="1620.31" type="s^cs" adjacency="26b++++.27a++" original-type="s^cs" channel="c2" participant="mn007">
      <nite:child href="Bro007.C.words.xml#id(Bro007.w.4,389)..id(Bro007.w.4,406)"/>
   </dialogueact>
   <dialogueact nite:id="Bro007.C.dialogueact580" starttime="1626.45" endtime="1626.67" type="b" original-type="b" channel="c2" participant="mn007">
      <nite:child href="Bro007.C.words.xml#id(Bro007.w.4,421)..id(Bro007.w.4,422)"/>
   </dialogueact>
   <dialogueact nite:id="Bro007.C.dialogueact582" starttime="1628.34" endtime="1629.16" type="b" original-type="b" channel="c2" participant="mn007">
      <nite:child href="Bro007.C.words.xml#id(Bro007.w.4,431)..id(Bro007.w.4,434)"/>
   </dialogueact>
   <dialogueact nite:id="Bro007.C.dialogueact585" starttime="1657.16" endtime="1657.86" type="b" original-type="b" channel="c2" participant="mn007">
      <nite:child href="Bro007.C.words.xml#id(Bro007.w.4,506)..id(Bro007.w.4,509)"/>
   </dialogueact>
   <dialogueact nite:id="Bro007.C.dialogueact592" starttime="1682.58" endtime="1683.48" type="b" original-type="b" channel="c2" participant="mn007">
      <nite:child href="Bro007.C.words.xml#id(Bro007.w.4,594)..id(Bro007.w.4,597)"/>
   </dialogueact>
   <dialogueact nite:id="Bro007.C.dialogueact599" starttime="1696.17" endtime="1696.88" type="b" original-type="b" channel="c2" participant="mn007">
      <nite:child href="Bro007.C.words.xml#id(Bro007.w.4,642)..id(Bro007.w.4,645)"/>
   </dialogueact>
   <dialogueact nite:id="Bro007.C.dialogueact612" starttime="1760.37" endtime="1761.57" type="b" original-type="b" channel="c2" participant="mn007">
      <nite:child href="Bro007.C.words.xml#id(Bro007.w.4,838)..id(Bro007.w.4,841)"/>
   </dialogueact>
</nite:root>