<?xml version="1.0" encoding="ISO-8859-1" standalone="yes"?>
<nite:root nite:id="Bro003.B.dialogue-acts" xmlns:nite="http://nite.sourceforge.net/">
   <dialogueact nite:id="Bro003.B.dialogueact101" starttime="570.349" endtime="571.149" type="s^nd" adjacency="16b-2" original-type="s^nd" channel="c1" participant="me034">
      <nite:child href="Bro003.B.words.xml#id(Bro003.w.1,403)..id(Bro003.w.1,406)"/>
   </dialogueact>
   <dialogueact nite:id="Bro003.B.dialogueact110" starttime="576.153" endtime="576.383" type="b" original-type="b" channel="c1" participant="me034">
      <nite:child href="Bro003.B.words.xml#id(Bro003.w.1,447)..id(Bro003.w.1,448)"/>
   </dialogueact>
   <dialogueact nite:id="Bro003.B.dialogueact582" starttime="1803.86" endtime="1806.52" comment="FBH" type="qy^rt" adjacency="1a" original-type="qy^rt" channel="c1" participant="me034">
      <nite:child href="Bro003.B.words.xml#id(Bro003.w.6,008)..id(Bro003.w.6,024)"/>
   </dialogueact>
   <dialogueact nite:id="Bro003.B.dialogueact583" starttime="1808.11" endtime="1808.67" type="s^e" adjacency="1a+" original-type="s^e" channel="c1" participant="me034">
      <nite:child href="Bro003.B.words.xml#id(Bro003.w.6,025)..id(Bro003.w.6,029)"/>
   </dialogueact>
   <dialogueact nite:id="Bro003.B.dialogueact584" starttime="1809.86" endtime="1812.65" type="s^e" adjacency="1a++" original-type="s^e" channel="c1" participant="me034">
      <nite:child href="Bro003.B.words.xml#id(Bro003.w.6,030)..id(Bro003.w.6,037)"/>
   </dialogueact>
   <dialogueact nite:id="Bro003.B.dialogueact587" starttime="1816.48" endtime="1816.68" type="s^aa" adjacency="2b.3a" original-type="s^aa" channel="c1" participant="me034">
      <nite:child href="Bro003.B.words.xml#id(Bro003.w.6,054)..id(Bro003.w.6,055)"/>
   </dialogueact>
   <dialogueact nite:id="Bro003.B.dialogueact594" starttime="1834.72" endtime="1835.15" type="s^bk" adjacency="5b" original-type="s^bk" channel="c1" participant="me034">
      <nite:child href="Bro003.B.words.xml#id(Bro003.w.6,138)..id(Bro003.w.6,139)"/>
   </dialogueact>
   <dialogueact nite:id="Bro003.B.dialogueact597" starttime="1836.85" endtime="1837.22" type="b" original-type="b" channel="c1" participant="me034">
      <nite:child href="Bro003.B.words.xml#id(Bro003.w.6,159)..id(Bro003.w.6,160)"/>
   </dialogueact>
   <dialogueact nite:id="Bro003.B.dialogueact600" starttime="1843.9" endtime="1844.11" type="s^bk" adjacency="7b" original-type="s^bk" channel="c1" participant="me034">
      <nite:child href="Bro003.B.words.xml#id(Bro003.w.6,200)..id(Bro003.w.6,201)"/>
   </dialogueact>
   <dialogueact nite:id="Bro003.B.dialogueact606" starttime="1853.33" endtime="1853.77" comment="FBH" type="b" original-type="b" channel="c1" participant="me034">
      <nite:child href="Bro003.B.words.xml#id(Bro003.w.6,237)..id(Bro003.w.6,240)"/>
   </dialogueact>
   <dialogueact nite:id="Bro003.B.dialogueact608" starttime="1856.24" endtime="1857.21" type="s^bu|qy^d^g^rt" adjacency="8b.9a" original-type="s^bu|qy^d^g^rt" channel="c1" participant="me034">
      <nite:child href="Bro003.B.words.xml#id(Bro003.w.6,252)..id(Bro003.w.6,262)"/>
   </dialogueact>
   <dialogueact nite:id="Bro003.B.dialogueact610" starttime="1858.22" endtime="1858.48" type="s^bk" adjacency="10b" original-type="s^bk" channel="c1" participant="me034">
      <nite:child href="Bro003.B.words.xml#id(Bro003.w.6,267)..id(Bro003.w.6,268)"/>
   </dialogueact>
   <dialogueact nite:id="Bro003.B.dialogueact788" starttime="2205.0" endtime="2205.47" type="s" adjacency="44b" original-type="s" channel="c1" participant="me034">
      <nite:child href="Bro003.B.words.xml#id(Bro003.w.7,331)..id(Bro003.w.7,333)"/>
   </dialogueact>
   <dialogueact nite:id="Bro003.B.dialogueact790" starttime="2206.09" endtime="2206.74" type="s^e" adjacency="44b+" original-type="s^e" channel="c1" participant="me034">
      <nite:child href="Bro003.B.words.xml#id(Bro003.w.7,334)..id(Bro003.w.7,337)"/>
   </dialogueact>
   <dialogueact nite:id="Bro003.B.dialogueact840" starttime="2287.71" endtime="2290.58" type="qy" adjacency="54a" original-type="qy" channel="c1" participant="me034">
      <nite:child href="Bro003.B.words.xml#id(Bro003.w.7,590)..id(Bro003.w.7,598)"/>
   </dialogueact>
   <dialogueact nite:id="Bro003.B.dialogueact841" starttime="2290.58" endtime="2293.66" comment="FBH ERRORCODE1 CSV: &quot;or just specify the signal and the signal-to-noise ratio ?&quot;" type="qrr" adjacency="54a+" original-type="qrr" channel="c1" participant="me034">
      <nite:child href="Bro003.B.words.xml#id(Bro003.w.7,599)..id(Bro003.w.7,608)"/>
   </dialogueact>
   <dialogueact nite:id="Bro003.B.dialogueact843" starttime="2295.64" endtime="2295.84" type="b" original-type="b" channel="c1" participant="me034">
      <nite:child href="Bro003.B.words.xml#id(Bro003.w.7,636)..id(Bro003.w.7,637)"/>
   </dialogueact>
   <dialogueact nite:id="Bro003.B.dialogueact877" starttime="2341.36" endtime="2342.1" type="s^j" original-type="s^j" channel="c1" participant="me034">
      <nite:child href="Bro003.B.words.xml#id(Bro003.w.7,799)..id(Bro003.w.7,803)"/>
   </dialogueact>
   <dialogueact nite:id="Bro003.B.dialogueact1009" starttime="2620.33" endtime="2621.36" type="s^cs^nd" adjacency="21b-1" original-type="s^cs^nd" channel="c1" participant="me034">
      <nite:child href="Bro003.B.words.xml#id(Bro003.w.8,831)..id(Bro003.w.8,839)"/>
   </dialogueact>
   <dialogueact nite:id="Bro003.B.dialogueact1023" starttime="2642.97" endtime="2644.26" type="s^bu" adjacency="23b.24a" original-type="s^bu" channel="c1" participant="me034">
      <nite:child href="Bro003.B.words.xml#id(Bro003.w.8,895)..id(Bro003.w.8,905)"/>
   </dialogueact>
   <dialogueact nite:id="Bro003.B.dialogueact1025" starttime="2644.26" endtime="2644.49" type="qy^d^g^rt" adjacency="24a+" original-type="qy^d^g^rt" channel="c1" participant="me034">
      <nite:child href="Bro003.B.words.xml#id(Bro003.w.8,906)..id(Bro003.w.8,907)"/>
   </dialogueact>
   <dialogueact nite:id="Bro003.B.dialogueact1027" starttime="2645.1" endtime="2646.69" type="s^bu^r" adjacency="25b.26a" original-type="s^bu^r" channel="c1" participant="me034">
      <nite:child href="Bro003.B.words.xml#id(Bro003.w.8,911)..id(Bro003.w.8,921)"/>
   </dialogueact>
   <dialogueact nite:id="Bro003.B.dialogueact1029" starttime="2647.46" endtime="2647.67" type="qy^d^g^r^rt" adjacency="25b+.26a+" original-type="qy^d^g^r^rt" channel="c1" participant="me034">
      <nite:child href="Bro003.B.words.xml#id(Bro003.w.8,922)..id(Bro003.w.8,923)"/>
   </dialogueact>
   <dialogueact nite:id="Bro003.B.dialogueact1052" starttime="2678.68" endtime="2679.65" type="s^bu" adjacency="30a" original-type="s^bu" channel="c1" participant="me034">
      <nite:child href="Bro003.B.words.xml#id(Bro003.w.9,059)..id(Bro003.w.9,066)"/>
   </dialogueact>
   <dialogueact nite:id="Bro003.B.dialogueact1053" starttime="2679.65" endtime="2679.96" type="qy^g^rt" adjacency="30a+" original-type="qy^g^rt" channel="c1" participant="me034">
      <nite:child href="Bro003.B.words.xml#id(Bro003.w.9,067)..id(Bro003.w.9,069)"/>
   </dialogueact>
   <dialogueact nite:id="Bro003.B.dialogueact1057" starttime="2683.54" endtime="2687.47" type="qy^bu^r^rt" adjacency="31b.32a" original-type="qy^bu^r^rt" channel="c1" participant="me034">
      <nite:child href="Bro003.B.words.xml#id(Bro003.w.9,083)..id(Bro003.w.9,104)"/>
   </dialogueact>
   <dialogueact nite:id="Bro003.B.dialogueact1069" starttime="2705.0" endtime="2705.2" type="b" original-type="b" channel="c1" participant="me034">
      <nite:child href="Bro003.B.words.xml#id(Bro003.w.9,189)..id(Bro003.w.9,190)"/>
   </dialogueact>
   <dialogueact nite:id="Bro003.B.dialogueact1076" starttime="2725.54" endtime="2725.94" type="b" original-type="b" channel="c1" participant="me034">
      <nite:child href="Bro003.B.words.xml#id(Bro003.w.9,267)..id(Bro003.w.9,270)"/>
   </dialogueact>
   <dialogueact nite:id="Bro003.B.dialogueact1176" starttime="2897.78" endtime="2898.79" comment="FBH" type="s^no" adjacency="48b-4" original-type="s^no" channel="c1" participant="me034">
      <nite:child href="Bro003.B.words.xml#id(Bro003.w.9,883)..id(Bro003.w.9,890)"/>
   </dialogueact>
   <dialogueact nite:id="Bro003.B.dialogueact1179" starttime="2902.26" endtime="2903.21" type="s^cs" adjacency="48b-4+" original-type="s^cs" channel="c1" participant="me034">
      <nite:child href="Bro003.B.words.xml#id(Bro003.w.9,895)..id(Bro003.w.9,900)"/>
   </dialogueact>
   <dialogueact nite:id="Bro003.B.dialogueact1181" starttime="2903.25" endtime="2903.47" type="s" adjacency="48b-4++" original-type="s" channel="c1" participant="me034">
      <nite:child href="Bro003.B.words.xml#id(Bro003.w.9,901)..id(Bro003.w.9,903)"/>
   </dialogueact>
   <dialogueact nite:id="Bro003.B.dialogueact1187" starttime="2915.41" endtime="2915.67" type="b" original-type="b" channel="c1" participant="me034">
      <nite:child href="Bro003.B.words.xml#id(Bro003.w.9,961)..id(Bro003.w.9,962)"/>
   </dialogueact>
   <dialogueact nite:id="Bro003.B.dialogueact1219" starttime="2977.11" endtime="2977.97" type="s^na" adjacency="54b" original-type="s^na" channel="c1" participant="me034">
      <nite:child href="Bro003.B.words.xml#id(Bro003.w.10,206)..id(Bro003.w.10,213)"/>
   </dialogueact>
   <dialogueact nite:id="Bro003.B.dialogueact1222" starttime="2978.56" endtime="2979.12" type="qw^rt" adjacency="55a" original-type="qw^rt" channel="c1" participant="me034">
      <nite:child href="Bro003.B.words.xml#id(Bro003.w.10,221)..id(Bro003.w.10,226)"/>
   </dialogueact>
   <dialogueact nite:id="Bro003.B.dialogueact1301" starttime="3181.21" endtime="3182.23" type="qw^rt" adjacency="5a" original-type="qw^rt" channel="c1" participant="me034">
      <nite:child href="Bro003.B.words.xml#id(Bro003.w.11,019)..id(Bro003.w.11,027)"/>
   </dialogueact>
   <dialogueact nite:id="Bro003.B.dialogueact1305" starttime="3204.62" endtime="3204.92" type="b" original-type="b" channel="c1" participant="me034">
      <nite:child href="Bro003.B.words.xml#id(Bro003.w.11,085)..id(Bro003.w.11,088)"/>
   </dialogueact>
   <dialogueact nite:id="Bro003.B.dialogueact1404" starttime="3438.13" endtime="3438.37" type="b" original-type="b" channel="c1" participant="me034">
      <nite:child href="Bro003.B.words.xml#id(Bro003.w.11,776)..id(Bro003.w.11,777)"/>
   </dialogueact>
   <dialogueact nite:id="Bro003.B.dialogueact1563" starttime="3850.56" endtime="3851.01" type="b" original-type="b" channel="c1" participant="me034">
      <nite:child href="Bro003.B.words.xml#id(Bro003.w.13,283)..id(Bro003.w.13,284)"/>
   </dialogueact>
   <dialogueact nite:id="Bro003.B.dialogueact1849" starttime="4730.69" endtime="4731.15" type="qy^bu^d^rt^t3" original-type="qy^bu^d^rt^t3" channel="c1" participant="me034">
      <nite:child href="Bro003.B.words.xml#id(Bro003.w.16,414)..id(Bro003.w.16,415)"/>
   </dialogueact>
   <dialogueact nite:id="Bro003.B.dialogueact1850" starttime="4733.39" endtime="4734.18" type="qw^bu^t3" original-type="qw^bu^t3" channel="c1" participant="me034">
      <nite:child href="Bro003.B.words.xml#id(Bro003.w.16,416)..id(Bro003.w.16,422)"/>
   </dialogueact>
   <dialogueact nite:id="Bro003.B.dialogueact1854" starttime="4746.51" endtime="4746.91" type="s.%-" original-type="s.%-" channel="c1" participant="me034">
      <nite:child href="Bro003.B.words.xml#id(Bro003.w.16,440)..id(Bro003.disfmarker.766)"/>
   </dialogueact>
   <dialogueact nite:id="Bro003.B.dialogueact1856" starttime="4747.49" endtime="4747.77" type="s^fa" original-type="s^fa" channel="c1" participant="me034">
      <nite:child href="Bro003.B.words.xml#id(Bro003.w.16,445)..id(Bro003.w.16,448)"/>
   </dialogueact>
   <dialogueact nite:id="Bro003.B.dialogueact1858" starttime="4749.37" endtime="4751.64" type="qy^rt" adjacency="19a" original-type="qy^rt" channel="c1" participant="me034">
      <nite:child href="Bro003.B.words.xml#id(Bro003.w.16,452)..id(Bro003.w.16,465)"/>
   </dialogueact>
   <dialogueact nite:id="Bro003.B.dialogueact1863" starttime="4758.04" endtime="4758.5" type="s^bk" adjacency="20b" original-type="s^bk" channel="c1" participant="me034">
      <nite:child href="Bro003.B.words.xml#id(Bro003.w.16,496)..id(Bro003.w.16,500)"/>
   </dialogueact>
   <dialogueact nite:id="Bro003.B.dialogueact1865" starttime="4760.61" endtime="4760.85" type="s^bk" original-type="s^bk" channel="c1" participant="me034">
      <nite:child href="Bro003.B.words.xml#id(Bro003.w.16,509)..id(Bro003.w.16,511)"/>
   </dialogueact>
   <dialogueact nite:id="Bro003.B.dialogueact1931" starttime="4920.2" endtime="4923.06" type="s^bu|qy^d^g^rt" adjacency="9a" original-type="s^bu|qy^d^g^rt" channel="c1" participant="me034">
      <nite:child href="Bro003.B.words.xml#id(Bro003.w.17,048)..id(Bro003.w.17,060)"/>
   </dialogueact>
   <dialogueact nite:id="Bro003.B.dialogueact1932" starttime="4924.46" endtime="4927.97" comment="FBH" type="s^df" adjacency="9a+" original-type="s^df" channel="c1" participant="me034">
      <nite:child href="Bro003.B.words.xml#id(Bro003.w.17,061)..id(Bro003.w.17,083)"/>
   </dialogueact>
   <dialogueact nite:id="Bro003.B.dialogueact1999" starttime="5013.68" endtime="5014.1" type="fg" original-type="fg" channel="c1" participant="me034">
      <nite:child href="Bro003.B.words.xml#id(Bro003.w.17,454)..id(Bro003.w.17,455)"/>
   </dialogueact>
   <dialogueact nite:id="Bro003.B.dialogueact2058" starttime="5165.24" endtime="5168.84" type="s^bu" adjacency="32a" original-type="s^bu" channel="c1" participant="me034">
      <nite:child href="Bro003.B.words.xml#id(Bro003.w.18,062)..id(Bro003.w.18,078)"/>
   </dialogueact>
   <dialogueact nite:id="Bro003.B.dialogueact2060" starttime="5168.84" endtime="5169.04" type="qy^d^g^rt" original-type="qy^d^g^rt" channel="c1" participant="me034">
      <nite:child href="Bro003.B.words.xml#id(Bro003.w.18,079)..id(Bro003.w.18,080)"/>
   </dialogueact>
   <dialogueact nite:id="Bro003.B.dialogueact2061" starttime="5169.04" endtime="5175.35" type="s" original-type="s" channel="c1" participant="me034">
      <nite:child href="Bro003.B.words.xml#id(Bro003.w.18,087)..id(Bro003.w.18,107)"/>
   </dialogueact>
   <dialogueact nite:id="Bro003.B.dialogueact2062" starttime="5176.35" endtime="5179.56" type="s^df" original-type="s^df" channel="c1" participant="me034">
      <nite:child href="Bro003.B.words.xml#id(Bro003.w.18,108)..id(Bro003.w.18,126)"/>
   </dialogueact>
   <dialogueact nite:id="Bro003.B.dialogueact2083" starttime="5196.88" endtime="5197.79" type="qw^cs" adjacency="37a" original-type="qw^cs" channel="c1" participant="me034">
      <nite:child href="Bro003.B.words.xml#id(Bro003.w.18,204)..id(Bro003.w.18,210)"/>
   </dialogueact>
   <dialogueact nite:id="Bro003.B.dialogueact2085" starttime="5198.6" endtime="5198.77" type="qy^d^f^g^rt" original-type="qy^d^f^g^rt" channel="c1" participant="me034">
      <nite:child href="Bro003.B.words.xml#id(Bro003.w.18,215)..id(Bro003.w.18,216)"/>
   </dialogueact>
   <dialogueact nite:id="Bro003.B.dialogueact2086" starttime="5198.85" endtime="5199.68" type="qy^cs^d^rt" adjacency="38b.39a" original-type="qy^cs^d^rt" channel="c1" participant="me034">
      <nite:child href="Bro003.B.words.xml#id(Bro003.w.18,217)..id(Bro003.w.18,219)"/>
   </dialogueact>
   <dialogueact nite:id="Bro003.B.dialogueact2088" starttime="5201.0" endtime="5201.73" type="qy" adjacency="40a" original-type="qy" channel="c1" participant="me034">
      <nite:child href="Bro003.B.words.xml#id(Bro003.w.18,223)..id(Bro003.w.18,229)"/>
   </dialogueact>
   <dialogueact nite:id="Bro003.B.dialogueact2090" starttime="5203.53" endtime="5205.02" comment="FBH" type="s^e" adjacency="41a" original-type="s^e" channel="c1" participant="me034">
      <nite:child href="Bro003.B.words.xml#id(Bro003.w.18,232)..id(Bro003.w.18,242)"/>
   </dialogueact>
   <dialogueact nite:id="Bro003.B.dialogueact2094" starttime="5211.19" endtime="5211.33" type="%-" original-type="%-" channel="c1" participant="me034">
      <nite:child href="Bro003.B.words.xml#id(Bro003.w.18,263)..id(Bro003.disfmarker.847)"/>
   </dialogueact>
   <dialogueact nite:id="Bro003.B.dialogueact2095" starttime="5211.41" endtime="5211.51" type="b" original-type="b" channel="c1" participant="me034">
      <nite:child href="Bro003.B.words.xml#id(Bro003.w.18,266)..id(Bro003.w.18,267)"/>
   </dialogueact>
   <dialogueact nite:id="Bro003.B.dialogueact2097" starttime="5216.11" endtime="5216.83" comment="FBH" type="b" original-type="b" channel="c1" participant="me034">
      <nite:child href="Bro003.B.words.xml#id(Bro003.w.18,278)..id(Bro003.w.18,279)"/>
   </dialogueact>
</nite:root>