<?xml version="1.0" encoding="ISO-8859-1" standalone="yes"?>
<nite:root nite:id="Bro022.G.dialogue-acts" xmlns:nite="http://nite.sourceforge.net/">
   <dialogueact nite:id="Bro022.G.dialogueact235" starttime="614.68" endtime="617.7" type="qw" adjacency="2a" original-type="qw" channel="cb" participant="mn052">
      <nite:child href="Bro022.G.words.xml#id(Bro022.w.2,108)..id(Bro022.w.2,117)"/>
   </dialogueact>
   <dialogueact nite:id="Bro022.G.dialogueact237" starttime="618.805" endtime="623.095" type="s^nd" adjacency="3b.4a" original-type="s^nd" channel="cb" participant="mn052">
      <nite:child href="Bro022.G.words.xml#id(Bro022.w.2,125)..id(Bro022.w.2,145)"/>
   </dialogueact>
   <dialogueact nite:id="Bro022.G.dialogueact242" starttime="626.6" endtime="626.93" type="s.%--" adjacency="5b" original-type="s.%--" channel="cb" participant="mn052">
      <nite:child href="Bro022.G.words.xml#id(Bro022.w.2,163)..id(Bro022.disfmarker.92)"/>
   </dialogueact>
   <dialogueact nite:id="Bro022.G.dialogueact243" starttime="626.98" endtime="627.51" type="s^bk" adjacency="5b+" original-type="s^bk" channel="cb" participant="mn052">
      <nite:child href="Bro022.G.words.xml#id(Bro022.w.2,167)..id(Bro022.w.2,171)"/>
   </dialogueact>
   <dialogueact nite:id="Bro022.G.dialogueact245" starttime="627.59" endtime="627.96" type="s^bk" adjacency="5b++" original-type="s^bk" channel="cb" participant="mn052">
      <nite:child href="Bro022.G.words.xml#id(Bro022.w.2,172)..id(Bro022.w.2,173)"/>
   </dialogueact>
   <dialogueact nite:id="Bro022.G.dialogueact255" starttime="642.2" endtime="642.71" type="b" original-type="b" channel="cb" participant="mn052">
      <nite:child href="Bro022.G.words.xml#id(Bro022.w.2,254)..id(Bro022.w.2,257)"/>
   </dialogueact>
   <dialogueact nite:id="Bro022.G.dialogueact258" starttime="644.232" endtime="644.522" type="s^bk" adjacency="6b" original-type="s^bk" channel="cb" participant="mn052">
      <nite:child href="Bro022.G.words.xml#id(Bro022.w.2,271)..id(Bro022.w.2,272)"/>
   </dialogueact>
   <dialogueact nite:id="Bro022.G.dialogueact259" starttime="645.062" endtime="645.472" type="b" original-type="b" channel="cb" participant="mn052">
      <nite:child href="Bro022.G.words.xml#id(Bro022.w.2,273)..id(Bro022.w.2,276)"/>
   </dialogueact>
   <dialogueact nite:id="Bro022.G.dialogueact270" starttime="672.8" endtime="673.53" type="b" original-type="b" channel="cb" participant="mn052">
      <nite:child href="Bro022.G.words.xml#id(Bro022.w.2,375)..id(Bro022.w.2,382)"/>
   </dialogueact>
   <dialogueact nite:id="Bro022.G.dialogueact274" starttime="685.04" endtime="685.26" type="b" original-type="b" channel="cb" participant="mn052">
      <nite:child href="Bro022.G.words.xml#id(Bro022.w.2,423)..id(Bro022.w.2,424)"/>
   </dialogueact>
   <dialogueact nite:id="Bro022.G.dialogueact411" starttime="992.664" endtime="995.164" type="qw^rt" adjacency="28a" original-type="qw^rt" channel="cb" participant="mn052">
      <nite:child href="Bro022.G.words.xml#id(Bro022.w.3,590)..id(Bro022.w.3,604)"/>
   </dialogueact>
   <dialogueact nite:id="Bro022.G.dialogueact415" starttime="997.285" endtime="998.475" type="s^ng" adjacency="29b.30a" original-type="s^ng" channel="cb" participant="mn052">
      <nite:child href="Bro022.G.words.xml#id(Bro022.w.3,612)..id(Bro022.disfmarker.161)"/>
   </dialogueact>
   <dialogueact nite:id="Bro022.G.dialogueact417" starttime="998.675" endtime="998.885" type="s^bk" adjacency="29b+" original-type="s^bk" channel="cb" participant="mn052">
      <nite:child href="Bro022.G.words.xml#id(Bro022.w.3,619)..id(Bro022.w.3,620)"/>
   </dialogueact>
   <dialogueact nite:id="Bro022.G.dialogueact418" starttime="999.95" endtime="1000.22" type="s^bk" adjacency="31b-1" original-type="s^bk" channel="cb" participant="mn052">
      <nite:child href="Bro022.G.words.xml#id(Bro022.w.3,630)..id(Bro022.w.3,631)"/>
   </dialogueact>
   <dialogueact nite:id="Bro022.G.dialogueact433" starttime="1032.78" endtime="1034.75" type="fg|s" adjacency="33b-2.34a" original-type="fg|s" channel="cb" participant="mn052">
      <nite:child href="Bro022.G.words.xml#id(Bro022.w.3,719)..id(Bro022.w.3,727)"/>
   </dialogueact>
   <dialogueact nite:id="Bro022.G.dialogueact434" starttime="1034.75" endtime="1038.32" type="s^df" adjacency="33b-2+.34a+" original-type="s^df" channel="cb" participant="mn052">
      <nite:child href="Bro022.G.words.xml#id(Bro022.w.3,728)..id(Bro022.w.3,739)"/>
   </dialogueact>
   <dialogueact nite:id="Bro022.G.dialogueact435" starttime="1038.32" endtime="1043.13" type="s^df" adjacency="33b-2++.34a++" original-type="s^df" channel="cb" participant="mn052">
      <nite:child href="Bro022.G.words.xml#id(Bro022.w.3,740)..id(Bro022.w.3,760)"/>
   </dialogueact>
   <dialogueact nite:id="Bro022.G.dialogueact441" starttime="1053.03" endtime="1053.5" type="s^bk" adjacency="35b" original-type="s^bk" channel="cb" participant="mn052">
      <nite:child href="Bro022.G.words.xml#id(Bro022.w.3,799)..id(Bro022.w.3,802)"/>
   </dialogueact>
   <dialogueact nite:id="Bro022.G.dialogueact444" starttime="1056.94" endtime="1057.13" type="s^bk" adjacency="35b+" original-type="s^bk" channel="cb" participant="mn052">
      <nite:child href="Bro022.G.words.xml#id(Bro022.w.3,817)..id(Bro022.w.3,818)"/>
   </dialogueact>
   <dialogueact nite:id="Bro022.G.dialogueact445" starttime="1057.13" endtime="1058.17" type="s^bu.%--" adjacency="35b++" original-type="s^bu.%--" channel="cb" participant="mn052">
      <nite:child href="Bro022.G.words.xml#id(Bro022.w.3,819)..id(Bro022.disfmarker.172)"/>
   </dialogueact>
   <dialogueact nite:id="Bro022.G.dialogueact446" starttime="1058.57" endtime="1058.9" type="s^bk" adjacency="35b+++" original-type="s^bk" channel="cb" participant="mn052">
      <nite:child href="Bro022.G.words.xml#id(Bro022.w.3,824)..id(Bro022.w.3,825)"/>
   </dialogueact>
   <dialogueact nite:id="Bro022.G.dialogueact447" starttime="1058.9" endtime="1060.77" type="s^bu" adjacency="35b++++.36a" original-type="s^bu" channel="cb" participant="mn052">
      <nite:child href="Bro022.G.words.xml#id(Bro022.w.3,826)..id(Bro022.w.3,837)"/>
   </dialogueact>
   <dialogueact nite:id="Bro022.G.dialogueact449" starttime="1061.69" endtime="1062.69" type="s^aa" adjacency="37b" original-type="s^aa" channel="cb" participant="mn052">
      <nite:child href="Bro022.G.words.xml#id(Bro022.w.3,851)..id(Bro022.w.3,856)"/>
   </dialogueact>
   <dialogueact nite:id="Bro022.G.dialogueact451" starttime="1063.65" endtime="1063.94" type="s^bk" adjacency="37b+" original-type="s^bk" channel="cb" participant="mn052">
      <nite:child href="Bro022.G.words.xml#id(Bro022.w.3,857)..id(Bro022.w.3,858)"/>
   </dialogueact>
   <dialogueact nite:id="Bro022.G.dialogueact456" starttime="1069.53" endtime="1070.05" type="b" original-type="b" channel="cb" participant="mn052">
      <nite:child href="Bro022.G.words.xml#id(Bro022.w.3,882)..id(Bro022.w.3,885)"/>
   </dialogueact>
   <dialogueact nite:id="Bro022.G.dialogueact460" starttime="1072.29" endtime="1072.97" type="b" original-type="b" channel="cb" participant="mn052">
      <nite:child href="Bro022.G.words.xml#id(Bro022.w.3,898)..id(Bro022.w.3,901)"/>
   </dialogueact>
   <dialogueact nite:id="Bro022.G.dialogueact475" starttime="1095.57" endtime="1095.99" type="s^bk" adjacency="38b" original-type="s^bk" channel="cb" participant="mn052">
      <nite:child href="Bro022.G.words.xml#id(Bro022.w.4,024)..id(Bro022.w.4,027)"/>
   </dialogueact>
   <dialogueact nite:id="Bro022.G.dialogueact476" starttime="1096.51" endtime="1096.84" type="s^bk" adjacency="38b+" original-type="s^bk" channel="cb" participant="mn052">
      <nite:child href="Bro022.G.words.xml#id(Bro022.w.4,028)..id(Bro022.w.4,029)"/>
   </dialogueact>
   <dialogueact nite:id="Bro022.G.dialogueact508" starttime="1183.42" endtime="1183.92" type="b" original-type="b" channel="cb" participant="mn052">
      <nite:child href="Bro022.G.words.xml#id(Bro022.w.4,371)..id(Bro022.w.4,372)"/>
   </dialogueact>
   <dialogueact nite:id="Bro022.G.dialogueact512" starttime="1186.78" endtime="1187.11" type="%-" original-type="%-" channel="cb" participant="mn052">
      <nite:child href="Bro022.G.words.xml#id(Bro022.w.4,375)..id(Bro022.disfmarker.189)"/>
   </dialogueact>
   <dialogueact nite:id="Bro022.G.dialogueact563" starttime="1302.96" endtime="1308.49" comment="FBH" type="qr" adjacency="6a" original-type="qr" channel="cb" participant="mn052">
      <nite:child href="Bro022.G.words.xml#id(Bro022.w.4,751)..id(Bro022.w.4,768)"/>
   </dialogueact>
   <dialogueact nite:id="Bro022.G.dialogueact566" starttime="1309.1" endtime="1309.32" type="b" original-type="b" channel="cb" participant="mn052">
      <nite:child href="Bro022.G.words.xml#id(Bro022.w.4,787)..id(Bro022.w.4,788)"/>
   </dialogueact>
   <dialogueact nite:id="Bro022.G.dialogueact569" starttime="1311.44" endtime="1311.99" type="s" original-type="s" channel="cb" participant="mn052">
      <nite:child href="Bro022.G.words.xml#id(Bro022.w.4,789)..id(Bro022.w.4,792)"/>
   </dialogueact>
   <dialogueact nite:id="Bro022.G.dialogueact575" starttime="1327.63" endtime="1328.83" type="s^bu" adjacency="7b.8a" original-type="s^bu" channel="cb" participant="mn052">
      <nite:child href="Bro022.G.words.xml#id(Bro022.w.4,853)..id(Bro022.w.4,861)"/>
   </dialogueact>
   <dialogueact nite:id="Bro022.G.dialogueact581" starttime="1333.16" endtime="1333.43" type="s^bk" adjacency="9b" original-type="s^bk" channel="cb" participant="mn052">
      <nite:child href="Bro022.G.words.xml#id(Bro022.w.4,914)..id(Bro022.w.4,915)"/>
   </dialogueact>
   <dialogueact nite:id="Bro022.G.dialogueact585" starttime="1336.94" endtime="1337.32" type="b" original-type="b" channel="cb" participant="mn052">
      <nite:child href="Bro022.G.words.xml#id(Bro022.w.4,920)..id(Bro022.w.4,923)"/>
   </dialogueact>
   <dialogueact nite:id="Bro022.G.dialogueact792" starttime="1733.03" endtime="1740.1" type="s" original-type="s" channel="cb" participant="mn052">
      <nite:child href="Bro022.G.words.xml#id(Bro022.w.6,310)..id(Bro022.w.6,337)"/>
   </dialogueact>
   <dialogueact nite:id="Bro022.G.dialogueact793" starttime="1740.26" endtime="1748.8" type="s" original-type="s" channel="cb" participant="mn052">
      <nite:child href="Bro022.G.words.xml#id(Bro022.w.6,338)..id(Bro022.w.6,374)"/>
   </dialogueact>
   <dialogueact nite:id="Bro022.G.dialogueact794" starttime="1749.56" endtime="1750.16" type="s^e.%--" original-type="s^e.%--" channel="cb" participant="mn052">
      <nite:child href="Bro022.G.words.xml#id(Bro022.w.6,375)..id(Bro022.disfmarker.278)"/>
   </dialogueact>
   <dialogueact nite:id="Bro022.G.dialogueact796" starttime="1750.27" endtime="1755.79" type="s" original-type="s" channel="cb" participant="mn052">
      <nite:child href="Bro022.G.words.xml#id(Bro022.w.6,378)..id(Bro022.w.6,404)"/>
   </dialogueact>
   <dialogueact nite:id="Bro022.G.dialogueact797" starttime="1756.27" endtime="1761.33" type="s" original-type="s" channel="cb" participant="mn052">
      <nite:child href="Bro022.G.words.xml#id(Bro022.w.6,409)..id(Bro022.w.6,432)"/>
   </dialogueact>
   <dialogueact nite:id="Bro022.G.dialogueact800" starttime="1761.33" endtime="1764.44" type="s^df" original-type="s^df" channel="cb" participant="mn052">
      <nite:child href="Bro022.G.words.xml#id(Bro022.w.6,433)..id(Bro022.w.6,449)"/>
   </dialogueact>
   <dialogueact nite:id="Bro022.G.dialogueact802" starttime="1765.64" endtime="1769.72" type="s^no" original-type="s^no" channel="cb" participant="mn052">
      <nite:child href="Bro022.G.words.xml#id(Bro022.w.6,458)..id(Bro022.w.6,475)"/>
   </dialogueact>
   <dialogueact nite:id="Bro022.G.dialogueact812" starttime="1793.72" endtime="1795.22" type="s^2" adjacency="1b" original-type="s^2" channel="cb" participant="mn052">
      <nite:child href="Bro022.G.words.xml#id(Bro022.w.6,543)..id(Bro022.w.6,547)"/>
   </dialogueact>
   <dialogueact nite:id="Bro022.G.dialogueact814" starttime="1795.22" endtime="1797.25" type="s" adjacency="1b+" original-type="s" channel="cb" participant="mn052">
      <nite:child href="Bro022.G.words.xml#id(Bro022.w.6,548)..id(Bro022.w.6,557)"/>
   </dialogueact>
   <dialogueact nite:id="Bro022.G.dialogueact815" starttime="1797.59" endtime="1801.02" type="s" adjacency="1b++.2a" original-type="s" channel="cb" participant="mn052">
      <nite:child href="Bro022.G.words.xml#id(Bro022.w.6,559)..id(Bro022.w.6,573)"/>
   </dialogueact>
   <dialogueact nite:id="Bro022.G.dialogueact818" starttime="1804.02" endtime="1804.22" type="s^bk" adjacency="3b" original-type="s^bk" channel="cb" participant="mn052">
      <nite:child href="Bro022.G.words.xml#id(Bro022.w.6,590)..id(Bro022.w.6,591)"/>
   </dialogueact>
   <dialogueact nite:id="Bro022.G.dialogueact819" starttime="1804.22" endtime="1806.11" type="s" adjacency="3b+" original-type="s" channel="cb" participant="mn052">
      <nite:child href="Bro022.G.words.xml#id(Bro022.w.6,592)..id(Bro022.w.6,601)"/>
   </dialogueact>
   <dialogueact nite:id="Bro022.G.dialogueact821" starttime="1806.11" endtime="1806.74" type="s.%--" original-type="s.%--" channel="cb" participant="mn052">
      <nite:child href="Bro022.G.words.xml#id(Bro022.w.6,602)..id(Bro022.disfmarker.288)"/>
   </dialogueact>
   <dialogueact nite:id="Bro022.G.dialogueact822" starttime="1806.74" endtime="1807.04" type="fh" original-type="fh" channel="cb" participant="mn052">
      <nite:child href="Bro022.G.words.xml#id(Bro022.w.6,606)..id(Bro022.w.6,607)"/>
   </dialogueact>
   <dialogueact nite:id="Bro022.G.dialogueact830" starttime="1810.99" endtime="1811.38" type="b" original-type="b" channel="cb" participant="mn052">
      <nite:child href="Bro022.G.words.xml#id(Bro022.w.6,641)..id(Bro022.w.6,642)"/>
   </dialogueact>
   <dialogueact nite:id="Bro022.G.dialogueact937" starttime="2102.12" endtime="2105.21" type="s" adjacency="9b" original-type="s" channel="cb" participant="mn052">
      <nite:child href="Bro022.G.words.xml#id(Bro022.w.7,594)..id(Bro022.w.7,606)"/>
   </dialogueact>
   <dialogueact nite:id="Bro022.G.dialogueact938" starttime="2105.21" endtime="2107.33" type="s" adjacency="9b+" original-type="s" channel="cb" participant="mn052">
      <nite:child href="Bro022.G.words.xml#id(Bro022.w.7,607)..id(Bro022.w.7,619)"/>
   </dialogueact>
   <dialogueact nite:id="Bro022.G.dialogueact940" starttime="2108.32" endtime="2112.71" type="s" adjacency="9b++" original-type="s" channel="cb" participant="mn052">
      <nite:child href="Bro022.G.words.xml#id(Bro022.w.7,624)..id(Bro022.w.7,638)"/>
   </dialogueact>
   <dialogueact nite:id="Bro022.G.dialogueact943" starttime="2114.42" endtime="2115.31" type="s" adjacency="9b+++.10a" original-type="s" channel="cb" participant="mn052">
      <nite:child href="Bro022.G.words.xml#id(Bro022.w.7,643)..id(Bro022.w.7,648)"/>
   </dialogueact>
   <dialogueact nite:id="Bro022.G.dialogueact984" starttime="2264.64" endtime="2266.59" type="s^cs" adjacency="11a" original-type="s^cs" channel="cb" participant="mn052">
      <nite:child href="Bro022.G.words.xml#id(Bro022.w.8,013)..id(Bro022.w.8,020)"/>
   </dialogueact>
   <dialogueact nite:id="Bro022.G.dialogueact988" starttime="2271.3" endtime="2273.29" type="s^bu^rt|qy^d^g^rt" adjacency="12a" original-type="s^bu^rt|qy^d^g^rt" channel="cb" participant="mn052">
      <nite:child href="Bro022.G.words.xml#id(Bro022.w.8,027)..id(Bro022.w.8,036)"/>
   </dialogueact>
   <dialogueact nite:id="Bro022.G.dialogueact991" starttime="2278.04" endtime="2278.31" type="s^bk" adjacency="13b" original-type="s^bk" channel="cb" participant="mn052">
      <nite:child href="Bro022.G.words.xml#id(Bro022.w.8,060)..id(Bro022.w.8,061)"/>
   </dialogueact>
   <dialogueact nite:id="Bro022.G.dialogueact995" starttime="2285.22" endtime="2285.62" type="s.%--" original-type="s.%--" channel="cb" participant="mn052">
      <nite:child href="Bro022.G.words.xml#id(Bro022.w.8,068)..id(Bro022.w.8,072)"/>
   </dialogueact>
   <dialogueact nite:id="Bro022.G.dialogueact996" starttime="2285.78" endtime="2286.18" type="fh" original-type="fh" channel="cb" participant="mn052">
      <nite:child href="Bro022.G.words.xml#id(Bro022.w.8,073)..id(Bro022.disfmarker.363)"/>
   </dialogueact>
   <dialogueact nite:id="Bro022.G.dialogueact997" starttime="2287.95" endtime="2288.31" type="fh" original-type="fh" channel="cb" participant="mn052">
      <nite:child href="Bro022.G.words.xml#id(Bro022.w.8,074)..id(Bro022.w.8,075)"/>
   </dialogueact>
   <dialogueact nite:id="Bro022.G.dialogueact998" starttime="2288.63" endtime="2289.02" type="s^no" original-type="s^no" channel="cb" participant="mn052">
      <nite:child href="Bro022.G.words.xml#id(Bro022.w.8,076)..id(Bro022.w.8,079)"/>
   </dialogueact>
   <dialogueact nite:id="Bro022.G.dialogueact999" starttime="2289.02" endtime="2289.2" type="%--" original-type="%--" channel="cb" participant="mn052">
      <nite:child href="Bro022.G.words.xml#id(Bro022.w.8,080)..id(Bro022.disfmarker.364)"/>
   </dialogueact>
   <dialogueact nite:id="Bro022.G.dialogueact1000" starttime="2289.2" endtime="2289.52" type="s^cs" original-type="s^cs" channel="cb" participant="mn052">
      <nite:child href="Bro022.G.words.xml#id(Bro022.w.8,082)..id(Bro022.w.8,084)"/>
   </dialogueact>
   <dialogueact nite:id="Bro022.G.dialogueact1001" starttime="2289.68" endtime="2290.24" type="s.%--" original-type="s.%--" channel="cb" participant="mn052">
      <nite:child href="Bro022.G.words.xml#id(Bro022.w.8,085)..id(Bro022.disfmarker.365)"/>
   </dialogueact>
   <dialogueact nite:id="Bro022.G.dialogueact1003" starttime="2290.36" endtime="2290.6" type="s^cs" original-type="s^cs" channel="cb" participant="mn052">
      <nite:child href="Bro022.G.words.xml#id(Bro022.w.8,088)..id(Bro022.w.8,090)"/>
   </dialogueact>
   <dialogueact nite:id="Bro022.G.dialogueact1007" starttime="2294.09" endtime="2294.35" type="s^bk" adjacency="14b" original-type="s^bk" channel="cb" participant="mn052">
      <nite:child href="Bro022.G.words.xml#id(Bro022.w.8,105)..id(Bro022.w.8,106)"/>
   </dialogueact>
   <dialogueact nite:id="Bro022.G.dialogueact1008" starttime="2295.88" endtime="2296.94" type="fg" original-type="fg" channel="cb" participant="mn052">
      <nite:child href="Bro022.G.words.xml#id(Bro022.w.8,107)..id(Bro022.disfmarker.369)"/>
   </dialogueact>
   <dialogueact nite:id="Bro022.G.dialogueact1009" starttime="2297.77" endtime="2297.9" type="%--" original-type="%--" channel="cb" participant="mn052">
      <nite:child href="Bro022.G.words.xml#id(Bro022.w.8,110)"/>
   </dialogueact>
   <dialogueact nite:id="Bro022.G.dialogueact1010" starttime="2298.85" endtime="2300.76" type="s^tc" original-type="s^tc" channel="cb" participant="mn052">
      <nite:child href="Bro022.G.words.xml#id(Bro022.w.8,111)..id(Bro022.w.8,122)"/>
   </dialogueact>
   <dialogueact nite:id="Bro022.G.dialogueact1011" starttime="2300.9" endtime="2303.57" type="s" original-type="s" channel="cb" participant="mn052">
      <nite:child href="Bro022.G.words.xml#id(Bro022.w.8,123)..id(Bro022.w.8,133)"/>
   </dialogueact>
   <dialogueact nite:id="Bro022.G.dialogueact1012" starttime="2303.57" endtime="2305.42" type="s" original-type="s" channel="cb" participant="mn052">
      <nite:child href="Bro022.G.words.xml#id(Bro022.w.8,134)..id(Bro022.w.8,144)"/>
   </dialogueact>
   <dialogueact nite:id="Bro022.G.dialogueact1013" starttime="2305.76" endtime="2311.66" type="s^df" original-type="s^df" channel="cb" participant="mn052">
      <nite:child href="Bro022.G.words.xml#id(Bro022.w.8,145)..id(Bro022.w.8,165)"/>
   </dialogueact>
   <dialogueact nite:id="Bro022.G.dialogueact1014" starttime="2311.87" endtime="2313.49" type="s" original-type="s" channel="cb" participant="mn052">
      <nite:child href="Bro022.G.words.xml#id(Bro022.w.8,166)..id(Bro022.w.8,173)"/>
   </dialogueact>
   <dialogueact nite:id="Bro022.G.dialogueact1015" starttime="2313.49" endtime="2315.03" type="s" original-type="s" channel="cb" participant="mn052">
      <nite:child href="Bro022.G.words.xml#id(Bro022.w.8,174)..id(Bro022.w.8,180)"/>
   </dialogueact>
   <dialogueact nite:id="Bro022.G.dialogueact1016" starttime="2315.75" endtime="2318.26" type="s" original-type="s" channel="cb" participant="mn052">
      <nite:child href="Bro022.G.words.xml#id(Bro022.w.8,181)..id(Bro022.w.8,189)"/>
   </dialogueact>
   <dialogueact nite:id="Bro022.G.dialogueact1017" starttime="2318.64" endtime="2320.0" type="s" original-type="s" channel="cb" participant="mn052">
      <nite:child href="Bro022.G.words.xml#id(Bro022.w.8,190)..id(Bro022.w.8,195)"/>
   </dialogueact>
   <dialogueact nite:id="Bro022.G.dialogueact1018" starttime="2320.0" endtime="2322.61" type="s^df" original-type="s^df" channel="cb" participant="mn052">
      <nite:child href="Bro022.G.words.xml#id(Bro022.w.8,196)..id(Bro022.w.8,208)"/>
   </dialogueact>
   <dialogueact nite:id="Bro022.G.dialogueact1021" starttime="2324.61" endtime="2324.96" type="s^aa" adjacency="15b" original-type="s^aa" channel="cb" participant="mn052">
      <nite:child href="Bro022.G.words.xml#id(Bro022.w.8,218)..id(Bro022.w.8,219)"/>
   </dialogueact>
   <dialogueact nite:id="Bro022.G.dialogueact1022" starttime="2324.96" endtime="2325.71" type="s^m^na" adjacency="15b+" original-type="s^m^na" channel="cb" participant="mn052">
      <nite:child href="Bro022.G.words.xml#id(Bro022.w.8,220)..id(Bro022.w.8,224)"/>
   </dialogueact>
   <dialogueact nite:id="Bro022.G.dialogueact1024" starttime="2326.33" endtime="2326.54" type="s^bk" adjacency="16b" original-type="s^bk" channel="cb" participant="mn052">
      <nite:child href="Bro022.G.words.xml#id(Bro022.w.8,234)..id(Bro022.w.8,235)"/>
   </dialogueact>
   <dialogueact nite:id="Bro022.G.dialogueact1025" starttime="2326.54" endtime="2329.49" type="s" adjacency="16b+" original-type="s" channel="cb" participant="mn052">
      <nite:child href="Bro022.G.words.xml#id(Bro022.w.8,236)..id(Bro022.w.8,252)"/>
   </dialogueact>
   <dialogueact nite:id="Bro022.G.dialogueact1028" starttime="2330.11" endtime="2333.79" type="s" original-type="s" channel="cb" participant="mn052">
      <nite:child href="Bro022.G.words.xml#id(Bro022.w.8,258)..id(Bro022.w.8,272)"/>
   </dialogueact>
   <dialogueact nite:id="Bro022.G.dialogueact1029" starttime="2334.51" endtime="2347.4" type="fh|s" original-type="fh|s" channel="cb" participant="mn052">
      <nite:child href="Bro022.G.words.xml#id(Bro022.w.8,273)..id(Bro022.w.8,313)"/>
   </dialogueact>
   <dialogueact nite:id="Bro022.G.dialogueact1030" starttime="2349.05" endtime="2359.36" type="s" original-type="s" channel="cb" participant="mn052">
      <nite:child href="Bro022.G.words.xml#id(Bro022.w.8,314)..id(Bro022.w.8,338)"/>
   </dialogueact>
   <dialogueact nite:id="Bro022.G.dialogueact1031" starttime="2359.36" endtime="2361.33" type="s^e" original-type="s^e" channel="cb" participant="mn052">
      <nite:child href="Bro022.G.words.xml#id(Bro022.w.8,339)..id(Bro022.w.8,346)"/>
   </dialogueact>
   <dialogueact nite:id="Bro022.G.dialogueact1032" starttime="2361.91" endtime="2364.75" type="s" original-type="s" channel="cb" participant="mn052">
      <nite:child href="Bro022.G.words.xml#id(Bro022.w.8,347)..id(Bro022.w.8,356)"/>
   </dialogueact>
   <dialogueact nite:id="Bro022.G.dialogueact1033" starttime="2364.75" endtime="2366.19" type="s^e" original-type="s^e" channel="cb" participant="mn052">
      <nite:child href="Bro022.G.words.xml#id(Bro022.w.8,357)..id(Bro022.w.8,363)"/>
   </dialogueact>
   <dialogueact nite:id="Bro022.G.dialogueact1034" starttime="2366.86" endtime="2368.97" type="s.%--" original-type="s.%--" channel="cb" participant="mn052">
      <nite:child href="Bro022.G.words.xml#id(Bro022.w.8,364)..id(Bro022.disfmarker.376)"/>
   </dialogueact>
   <dialogueact nite:id="Bro022.G.dialogueact1035" starttime="2370.39" endtime="2371.14" type="s.%--" original-type="s.%--" channel="cb" participant="mn052">
      <nite:child href="Bro022.G.words.xml#id(Bro022.w.8,376)..id(Bro022.disfmarker.377)"/>
   </dialogueact>
   <dialogueact nite:id="Bro022.G.dialogueact1036" starttime="2371.6" endtime="2373.09" type="s" original-type="s" channel="cb" participant="mn052">
      <nite:child href="Bro022.G.words.xml#id(Bro022.w.8,378)..id(Bro022.w.8,383)"/>
   </dialogueact>
   <dialogueact nite:id="Bro022.G.dialogueact1037" starttime="2373.34" endtime="2376.06" type="s" original-type="s" channel="cb" participant="mn052">
      <nite:child href="Bro022.G.words.xml#id(Bro022.w.8,384)..id(Bro022.w.8,396)"/>
   </dialogueact>
   <dialogueact nite:id="Bro022.G.dialogueact1038" starttime="2376.06" endtime="2377.91" type="s" original-type="s" channel="cb" participant="mn052">
      <nite:child href="Bro022.G.words.xml#id(Bro022.w.8,397)..id(Bro022.w.8,404)"/>
   </dialogueact>
   <dialogueact nite:id="Bro022.G.dialogueact1039" starttime="2378.28" endtime="2380.18" type="s" original-type="s" channel="cb" participant="mn052">
      <nite:child href="Bro022.G.words.xml#id(Bro022.w.8,405)..id(Bro022.w.8,416)"/>
   </dialogueact>
   <dialogueact nite:id="Bro022.G.dialogueact1040" starttime="2381.2" endtime="2391.25" type="fh|s" original-type="fh|s" channel="cb" participant="mn052">
      <nite:child href="Bro022.G.words.xml#id(Bro022.w.8,417)..id(Bro022.w.8,450)"/>
   </dialogueact>
   <dialogueact nite:id="Bro022.G.dialogueact1041" starttime="2391.25" endtime="2393.09" type="s" original-type="s" channel="cb" participant="mn052">
      <nite:child href="Bro022.G.words.xml#id(Bro022.w.8,451)..id(Bro022.w.8,460)"/>
   </dialogueact>
   <dialogueact nite:id="Bro022.G.dialogueact1042" starttime="2393.38" endtime="2394.71" type="s" original-type="s" channel="cb" participant="mn052">
      <nite:child href="Bro022.G.words.xml#id(Bro022.w.8,461)..id(Bro022.w.8,468)"/>
   </dialogueact>
   <dialogueact nite:id="Bro022.G.dialogueact1043" starttime="2395.13" endtime="2398.91" type="s" original-type="s" channel="cb" participant="mn052">
      <nite:child href="Bro022.G.words.xml#id(Bro022.w.8,469)..id(Bro022.w.8,486)"/>
   </dialogueact>
   <dialogueact nite:id="Bro022.G.dialogueact1044" starttime="2398.91" endtime="2400.24" type="s^cc" original-type="s^cc" channel="cb" participant="mn052">
      <nite:child href="Bro022.G.words.xml#id(Bro022.w.8,487)..id(Bro022.w.8,497)"/>
   </dialogueact>
   <dialogueact nite:id="Bro022.G.dialogueact1045" starttime="2400.24" endtime="2405.7" type="s" original-type="s" channel="cb" participant="mn052">
      <nite:child href="Bro022.G.words.xml#id(Bro022.w.8,498)..id(Bro022.w.8,524)"/>
   </dialogueact>
   <dialogueact nite:id="Bro022.G.dialogueact1046" starttime="2406.55" endtime="2407.58" type="s.%--" original-type="s.%--" channel="cb" participant="mn052">
      <nite:child href="Bro022.G.words.xml#id(Bro022.w.8,525)..id(Bro022.w.8,528)"/>
   </dialogueact>
   <dialogueact nite:id="Bro022.G.dialogueact1047" starttime="2407.75" endtime="2412.03" type="s" original-type="s" channel="cb" participant="mn052">
      <nite:child href="Bro022.G.words.xml#id(Bro022.w.8,529)..id(Bro022.w.8,546)"/>
   </dialogueact>
   <dialogueact nite:id="Bro022.G.dialogueact1048" starttime="2412.03" endtime="2412.98" type="s^df.%--" original-type="s^df.%--" channel="cb" participant="mn052">
      <nite:child href="Bro022.G.words.xml#id(Bro022.w.8,547)..id(Bro022.w.8,549)"/>
   </dialogueact>
   <dialogueact nite:id="Bro022.G.dialogueact1049" starttime="2413.62" endtime="2418.31" type="s^df" original-type="s^df" channel="cb" participant="mn052">
      <nite:child href="Bro022.G.words.xml#id(Bro022.w.8,550)..id(Bro022.w.8,571)"/>
   </dialogueact>
   <dialogueact nite:id="Bro022.G.dialogueact1050" starttime="2418.31" endtime="2420.62" type="s" original-type="s" channel="cb" participant="mn052">
      <nite:child href="Bro022.G.words.xml#id(Bro022.w.8,572)..id(Bro022.w.8,581)"/>
   </dialogueact>
   <dialogueact nite:id="Bro022.G.dialogueact1051" starttime="2420.82" endtime="2421.08" type="%--" original-type="%--" channel="cb" participant="mn052">
      <nite:child href="Bro022.G.words.xml#id(Bro022.w.8,582)"/>
   </dialogueact>
   <dialogueact nite:id="Bro022.G.dialogueact1052" starttime="2421.5" endtime="2425.19" type="s" original-type="s" channel="cb" participant="mn052">
      <nite:child href="Bro022.G.words.xml#id(Bro022.w.8,583)..id(Bro022.w.8,600)"/>
   </dialogueact>
   <dialogueact nite:id="Bro022.G.dialogueact1053" starttime="2425.56" endtime="2431.6" type="s" original-type="s" channel="cb" participant="mn052">
      <nite:child href="Bro022.G.words.xml#id(Bro022.w.8,601)..id(Bro022.w.8,630)"/>
   </dialogueact>
   <dialogueact nite:id="Bro022.G.dialogueact1054" starttime="2432.66" endtime="2435.74" type="fh|s.%--" original-type="fh|s.%--" channel="cb" participant="mn052">
      <nite:child href="Bro022.G.words.xml#id(Bro022.w.8,631)..id(Bro022.disfmarker.386)"/>
   </dialogueact>
   <dialogueact nite:id="Bro022.G.dialogueact1055" starttime="2436.18" endtime="2441.82" type="s" original-type="s" channel="cb" participant="mn052">
      <nite:child href="Bro022.G.words.xml#id(Bro022.w.8,642)..id(Bro022.w.8,666)"/>
   </dialogueact>
   <dialogueact nite:id="Bro022.G.dialogueact1056" starttime="2441.82" endtime="2444.61" type="s" original-type="s" channel="cb" participant="mn052">
      <nite:child href="Bro022.G.words.xml#id(Bro022.w.8,667)..id(Bro022.w.8,676)"/>
   </dialogueact>
   <dialogueact nite:id="Bro022.G.dialogueact1057" starttime="2444.61" endtime="2448.24" type="s^e" original-type="s^e" channel="cb" participant="mn052">
      <nite:child href="Bro022.G.words.xml#id(Bro022.w.8,677)..id(Bro022.w.8,692)"/>
   </dialogueact>
   <dialogueact nite:id="Bro022.G.dialogueact1058" starttime="2448.74" endtime="2454.31" type="s^e" original-type="s^e" channel="cb" participant="mn052">
      <nite:child href="Bro022.G.words.xml#id(Bro022.w.8,693)..id(Bro022.w.8,713)"/>
   </dialogueact>
   <dialogueact nite:id="Bro022.G.dialogueact1059" starttime="2455.38" endtime="2455.94" type="fh" original-type="fh" channel="cb" participant="mn052">
      <nite:child href="Bro022.G.words.xml#id(Bro022.w.8,714)..id(Bro022.w.8,715)"/>
   </dialogueact>
   <dialogueact nite:id="Bro022.G.dialogueact1060" starttime="2456.82" endtime="2464.63" type="s" original-type="s" channel="cb" participant="mn052">
      <nite:child href="Bro022.G.words.xml#id(Bro022.w.8,716)..id(Bro022.w.8,739)"/>
   </dialogueact>
   <dialogueact nite:id="Bro022.G.dialogueact1061" starttime="2465.21" endtime="2466.99" type="s^df" original-type="s^df" channel="cb" participant="mn052">
      <nite:child href="Bro022.G.words.xml#id(Bro022.w.8,740)..id(Bro022.w.8,749)"/>
   </dialogueact>
   <dialogueact nite:id="Bro022.G.dialogueact1062" starttime="2466.99" endtime="2470.19" type="s^df" original-type="s^df" channel="cb" participant="mn052">
      <nite:child href="Bro022.G.words.xml#id(Bro022.w.8,750)..id(Bro022.w.8,768)"/>
   </dialogueact>
   <dialogueact nite:id="Bro022.G.dialogueact1063" starttime="2470.19" endtime="2470.47" type="%--" original-type="%--" channel="cb" participant="mn052">
      <nite:child href="Bro022.G.words.xml#id(Bro022.w.8,769)"/>
   </dialogueact>
   <dialogueact nite:id="Bro022.G.dialogueact1064" starttime="2471.13" endtime="2476.98" type="s" original-type="s" channel="cb" participant="mn052">
      <nite:child href="Bro022.G.words.xml#id(Bro022.w.8,770)..id(Bro022.w.8,789)"/>
   </dialogueact>
   <dialogueact nite:id="Bro022.G.dialogueact1065" starttime="2476.98" endtime="2483.68" type="s^e" original-type="s^e" channel="cb" participant="mn052">
      <nite:child href="Bro022.G.words.xml#id(Bro022.w.8,790)..id(Bro022.w.8,812)"/>
   </dialogueact>
   <dialogueact nite:id="Bro022.G.dialogueact1066" starttime="2484.45" endtime="2487.95" type="s" original-type="s" channel="cb" participant="mn052">
      <nite:child href="Bro022.G.words.xml#id(Bro022.w.8,813)..id(Bro022.w.8,826)"/>
   </dialogueact>
   <dialogueact nite:id="Bro022.G.dialogueact1067" starttime="2488.76" endtime="2489.23" type="fh" original-type="fh" channel="cb" participant="mn052">
      <nite:child href="Bro022.G.words.xml#id(Bro022.w.8,827)"/>
   </dialogueact>
   <dialogueact nite:id="Bro022.G.dialogueact1068" starttime="2489.59" endtime="2489.97" type="fh" original-type="fh" channel="cb" participant="mn052">
      <nite:child href="Bro022.G.words.xml#id(Bro022.w.8,828)..id(Bro022.disfmarker.394)"/>
   </dialogueact>
   <dialogueact nite:id="Bro022.G.dialogueact1069" starttime="2490.34" endtime="2493.49" type="s^df" original-type="s^df" channel="cb" participant="mn052">
      <nite:child href="Bro022.G.words.xml#id(Bro022.w.8,829)..id(Bro022.w.8,848)"/>
   </dialogueact>
   <dialogueact nite:id="Bro022.G.dialogueact1070" starttime="2493.49" endtime="2495.62" type="s" original-type="s" channel="cb" participant="mn052">
      <nite:child href="Bro022.G.words.xml#id(Bro022.w.8,849)..id(Bro022.w.8,861)"/>
   </dialogueact>
   <dialogueact nite:id="Bro022.G.dialogueact1071" starttime="2495.62" endtime="2501.01" type="s" original-type="s" channel="cb" participant="mn052">
      <nite:child href="Bro022.G.words.xml#id(Bro022.w.8,862)..id(Bro022.w.8,881)"/>
   </dialogueact>
   <dialogueact nite:id="Bro022.G.dialogueact1072" starttime="2501.4" endtime="2504.18" type="s" original-type="s" channel="cb" participant="mn052">
      <nite:child href="Bro022.G.words.xml#id(Bro022.w.8,882)..id(Bro022.w.8,891)"/>
   </dialogueact>
   <dialogueact nite:id="Bro022.G.dialogueact1073" starttime="2504.18" endtime="2506.03" type="s^e" original-type="s^e" channel="cb" participant="mn052">
      <nite:child href="Bro022.G.words.xml#id(Bro022.w.8,892)..id(Bro022.w.8,900)"/>
   </dialogueact>
   <dialogueact nite:id="Bro022.G.dialogueact1074" starttime="2506.03" endtime="2506.31" type="fh" original-type="fh" channel="cb" participant="mn052">
      <nite:child href="Bro022.G.words.xml#id(Bro022.w.8,901)..id(Bro022.disfmarker.402)"/>
   </dialogueact>
   <dialogueact nite:id="Bro022.G.dialogueact1075" starttime="2507.23" endtime="2513.63" type="s^e" original-type="s^e" channel="cb" participant="mn052">
      <nite:child href="Bro022.G.words.xml#id(Bro022.w.8,902)..id(Bro022.w.8,929)"/>
   </dialogueact>
   <dialogueact nite:id="Bro022.G.dialogueact1076" starttime="2513.63" endtime="2514.63" type="s^e" original-type="s^e" channel="cb" participant="mn052">
      <nite:child href="Bro022.G.words.xml#id(Bro022.w.8,930)..id(Bro022.w.8,934)"/>
   </dialogueact>
   <dialogueact nite:id="Bro022.G.dialogueact1077" starttime="2514.63" endtime="2515.16" type="s^cc.%--" original-type="s^cc.%--" channel="cb" participant="mn052">
      <nite:child href="Bro022.G.words.xml#id(Bro022.w.8,935)..id(Bro022.disfmarker.404)"/>
   </dialogueact>
   <dialogueact nite:id="Bro022.G.dialogueact1079" starttime="2517.28" endtime="2517.54" type="s^aa" adjacency="1b" original-type="s^aa" channel="cb" participant="mn052">
      <nite:child href="Bro022.G.words.xml#id(Bro022.w.8,947)..id(Bro022.w.8,948)"/>
   </dialogueact>
   <dialogueact nite:id="Bro022.G.dialogueact1080" starttime="2517.54" endtime="2518.65" type="s^m^na" adjacency="1b+" original-type="s^m^na" channel="cb" participant="mn052">
      <nite:child href="Bro022.G.words.xml#id(Bro022.w.8,949)..id(Bro022.w.8,954)"/>
   </dialogueact>
   <dialogueact nite:id="Bro022.G.dialogueact1083" starttime="2523.38" endtime="2523.59" type="s^aa" adjacency="2b" original-type="s^aa" channel="cb" participant="mn052">
      <nite:child href="Bro022.G.words.xml#id(Bro022.w.8,977)..id(Bro022.w.8,978)"/>
   </dialogueact>
   <dialogueact nite:id="Bro022.G.dialogueact1084" starttime="2523.59" endtime="2525.91" type="s" adjacency="2b+" original-type="s" channel="cb" participant="mn052">
      <nite:child href="Bro022.G.words.xml#id(Bro022.w.8,979)..id(Bro022.w.8,992)"/>
   </dialogueact>
   <dialogueact nite:id="Bro022.G.dialogueact1086" starttime="2526.88" endtime="2529.08" type="s.%--" original-type="s.%--" channel="cb" participant="mn052">
      <nite:child href="Bro022.G.words.xml#id(Bro022.w.8,995)..id(Bro022.disfmarker.406)"/>
   </dialogueact>
   <dialogueact nite:id="Bro022.G.dialogueact1087" starttime="2529.55" endtime="2529.89" type="fh" original-type="fh" channel="cb" participant="mn052">
      <nite:child href="Bro022.G.words.xml#id(Bro022.w.9,005)..id(Bro022.w.9,006)"/>
   </dialogueact>
   <dialogueact nite:id="Bro022.G.dialogueact1088" starttime="2530.09" endtime="2536.27" type="s" original-type="s" channel="cb" participant="mn052">
      <nite:child href="Bro022.G.words.xml#id(Bro022.w.9,007)..id(Bro022.w.9,030)"/>
   </dialogueact>
   <dialogueact nite:id="Bro022.G.dialogueact1089" starttime="2536.27" endtime="2540.48" type="s" original-type="s" channel="cb" participant="mn052">
      <nite:child href="Bro022.G.words.xml#id(Bro022.w.9,031)..id(Bro022.w.9,057)"/>
   </dialogueact>
   <dialogueact nite:id="Bro022.G.dialogueact1090" starttime="2540.48" endtime="2543.85" type="s^df" original-type="s^df" channel="cb" participant="mn052">
      <nite:child href="Bro022.G.words.xml#id(Bro022.w.9,058)..id(Bro022.w.9,073)"/>
   </dialogueact>
   <dialogueact nite:id="Bro022.G.dialogueact1092" starttime="2544.2" endtime="2545.97" type="s.%--" original-type="s.%--" channel="cb" participant="mn052">
      <nite:child href="Bro022.G.words.xml#id(Bro022.w.9,078)..id(Bro022.disfmarker.410)"/>
   </dialogueact>
   <dialogueact nite:id="Bro022.G.dialogueact1094" starttime="2546.19" endtime="2549.92" type="s" original-type="s" channel="cb" participant="mn052">
      <nite:child href="Bro022.G.words.xml#id(Bro022.w.9,089)..id(Bro022.w.9,110)"/>
   </dialogueact>
   <dialogueact nite:id="Bro022.G.dialogueact1095" starttime="2549.98" endtime="2551.93" type="s" original-type="s" channel="cb" participant="mn052">
      <nite:child href="Bro022.G.words.xml#id(Bro022.w.9,115)..id(Bro022.w.9,128)"/>
   </dialogueact>
   <dialogueact nite:id="Bro022.G.dialogueact1097" starttime="2552.65" endtime="2553.02" type="fh" original-type="fh" channel="cb" participant="mn052">
      <nite:child href="Bro022.G.words.xml#id(Bro022.w.9,133)..id(Bro022.w.9,134)"/>
   </dialogueact>
   <dialogueact nite:id="Bro022.G.dialogueact1098" starttime="2554.04" endtime="2556.58" type="s" original-type="s" channel="cb" participant="mn052">
      <nite:child href="Bro022.G.words.xml#id(Bro022.w.9,135)..id(Bro022.w.9,143)"/>
   </dialogueact>
   <dialogueact nite:id="Bro022.G.dialogueact1099" starttime="2557.71" endtime="2558.19" type="fh" original-type="fh" channel="cb" participant="mn052">
      <nite:child href="Bro022.G.words.xml#id(Bro022.w.9,144)..id(Bro022.disfmarker.411)"/>
   </dialogueact>
   <dialogueact nite:id="Bro022.G.dialogueact1100" starttime="2558.49" endtime="2558.68" type="fg" original-type="fg" channel="cb" participant="mn052">
      <nite:child href="Bro022.G.words.xml#id(Bro022.w.9,145)..id(Bro022.w.9,146)"/>
   </dialogueact>
   <dialogueact nite:id="Bro022.G.dialogueact1101" starttime="2558.68" endtime="2559.38" type="s.%--" original-type="s.%--" channel="cb" participant="mn052">
      <nite:child href="Bro022.G.words.xml#id(Bro022.w.9,147)..id(Bro022.disfmarker.412)"/>
   </dialogueact>
   <dialogueact nite:id="Bro022.G.dialogueact1102" starttime="2559.56" endtime="2559.86" type="s.%--" original-type="s.%--" channel="cb" participant="mn052">
      <nite:child href="Bro022.G.words.xml#id(Bro022.w.9,151)..id(Bro022.disfmarker.413)"/>
   </dialogueact>
   <dialogueact nite:id="Bro022.G.dialogueact1103" starttime="2559.95" endtime="2560.85" type="s.%--" original-type="s.%--" channel="cb" participant="mn052">
      <nite:child href="Bro022.G.words.xml#id(Bro022.w.9,152)..id(Bro022.disfmarker.414)"/>
   </dialogueact>
   <dialogueact nite:id="Bro022.G.dialogueact1104" starttime="2561.25" endtime="2564.42" type="s" original-type="s" channel="cb" participant="mn052">
      <nite:child href="Bro022.G.words.xml#id(Bro022.w.9,156)..id(Bro022.w.9,167)"/>
   </dialogueact>
   <dialogueact nite:id="Bro022.G.dialogueact1105" starttime="2564.83" endtime="2567.82" type="s^df" original-type="s^df" channel="cb" participant="mn052">
      <nite:child href="Bro022.G.words.xml#id(Bro022.w.9,168)..id(Bro022.w.9,184)"/>
   </dialogueact>
   <dialogueact nite:id="Bro022.G.dialogueact1106" starttime="2568.84" endtime="2569.13" type="fh" original-type="fh" channel="cb" participant="mn052">
      <nite:child href="Bro022.G.words.xml#id(Bro022.w.9,185)..id(Bro022.w.9,186)"/>
   </dialogueact>
   <dialogueact nite:id="Bro022.G.dialogueact1107" starttime="2569.58" endtime="2572.65" type="s^cc.%--" original-type="s^cc.%--" channel="cb" participant="mn052">
      <nite:child href="Bro022.G.words.xml#id(Bro022.w.9,187)..id(Bro022.w.9,198)"/>
   </dialogueact>
   <dialogueact nite:id="Bro022.G.dialogueact1108" starttime="2572.75" endtime="2576.62" type="s^cc" original-type="s^cc" channel="cb" participant="mn052">
      <nite:child href="Bro022.G.words.xml#id(Bro022.w.9,199)..id(Bro022.w.9,218)"/>
   </dialogueact>
   <dialogueact nite:id="Bro022.G.dialogueact1109" starttime="2577.02" endtime="2579.6" type="s" original-type="s" channel="cb" participant="mn052">
      <nite:child href="Bro022.G.words.xml#id(Bro022.w.9,219)..id(Bro022.w.9,227)"/>
   </dialogueact>
   <dialogueact nite:id="Bro022.G.dialogueact1110" starttime="2581.13" endtime="2581.41" type="fh" original-type="fh" channel="cb" participant="mn052">
      <nite:child href="Bro022.G.words.xml#id(Bro022.w.9,228)..id(Bro022.w.9,229)"/>
   </dialogueact>
   <dialogueact nite:id="Bro022.G.dialogueact1111" starttime="2581.98" endtime="2582.34" type="s^bk" original-type="s^bk" channel="cb" participant="mn052">
      <nite:child href="Bro022.G.words.xml#id(Bro022.w.9,230)..id(Bro022.w.9,231)"/>
   </dialogueact>
   <dialogueact nite:id="Bro022.G.dialogueact1112" starttime="2582.34" endtime="2583.51" type="s" adjacency="3a" original-type="s" channel="cb" participant="mn052">
      <nite:child href="Bro022.G.words.xml#id(Bro022.w.9,232)..id(Bro022.w.9,238)"/>
   </dialogueact>
   <dialogueact nite:id="Bro022.G.dialogueact1115" starttime="2589.35" endtime="2589.61" type="s^aa" adjacency="4b" original-type="s^aa" channel="cb" participant="mn052">
      <nite:child href="Bro022.G.words.xml#id(Bro022.w.9,254)..id(Bro022.w.9,255)"/>
   </dialogueact>
   <dialogueact nite:id="Bro022.G.dialogueact1116" starttime="2589.61" endtime="2593.67" type="s^ng" adjacency="4b+" original-type="s^ng" channel="cb" participant="mn052">
      <nite:child href="Bro022.G.words.xml#id(Bro022.w.9,256)..id(Bro022.w.9,274)"/>
   </dialogueact>
   <dialogueact nite:id="Bro022.G.dialogueact1117" starttime="2593.67" endtime="2596.04" type="s^df" adjacency="4b++" original-type="s^df" channel="cb" participant="mn052">
      <nite:child href="Bro022.G.words.xml#id(Bro022.w.9,275)..id(Bro022.w.9,281)"/>
   </dialogueact>
   <dialogueact nite:id="Bro022.G.dialogueact1118" starttime="2596.04" endtime="2596.34" type="fh" original-type="fh" channel="cb" participant="mn052">
      <nite:child href="Bro022.G.words.xml#id(Bro022.w.9,282)"/>
   </dialogueact>
   <dialogueact nite:id="Bro022.G.dialogueact1119" starttime="2597.64" endtime="2599.53" type="s^e" adjacency="4b+++" original-type="s^e" channel="cb" participant="mn052">
      <nite:child href="Bro022.G.words.xml#id(Bro022.w.9,283)..id(Bro022.w.9,288)"/>
   </dialogueact>
   <dialogueact nite:id="Bro022.G.dialogueact1121" starttime="2599.68" endtime="2600.93" type="s" adjacency="4b++++" original-type="s" channel="cb" participant="mn052">
      <nite:child href="Bro022.G.words.xml#id(Bro022.w.9,289)..id(Bro022.w.9,296)"/>
   </dialogueact>
   <dialogueact nite:id="Bro022.G.dialogueact1179" starttime="2766.79" endtime="2767.07" type="s^t3" original-type="s^t3" channel="cb" participant="mn052">
      <nite:child href="Bro022.G.words.xml#id(Bro022.w.9,773)..id(Bro022.w.9,774)"/>
   </dialogueact>
</nite:root>