<?xml version="1.0" encoding="ISO-8859-1" standalone="yes"?>
<nite:root nite:id="Bro022.C.dialogue-acts" xmlns:nite="http://nite.sourceforge.net/">
   <dialogueact nite:id="Bro022.C.dialogueact8" starttime="15.78" endtime="15.96" type="b" original-type="b" channel="c2" participant="mn007">
      <nite:child href="Bro022.C.words.xml#id(Bro022.w.48)..id(Bro022.w.49)"/>
   </dialogueact>
   <dialogueact nite:id="Bro022.C.dialogueact20" starttime="47.15" endtime="47.66" type="b" original-type="b" channel="c2" participant="mn007">
      <nite:child href="Bro022.C.words.xml#id(Bro022.w.174)..id(Bro022.w.177)"/>
   </dialogueact>
   <dialogueact nite:id="Bro022.C.dialogueact278" starttime="708.953" endtime="709.343" type="b" original-type="b" channel="c2" participant="mn007">
      <nite:child href="Bro022.C.words.xml#id(Bro022.w.2,499)..id(Bro022.w.2,502)"/>
   </dialogueact>
   <dialogueact nite:id="Bro022.C.dialogueact279" starttime="710.411" endtime="714.251" type="s^no" adjacency="7b.8a" original-type="s^no" channel="c2" participant="mn007">
      <nite:child href="Bro022.C.words.xml#id(Bro022.w.2,503)..id(Bro022.w.2,514)"/>
   </dialogueact>
   <dialogueact nite:id="Bro022.C.dialogueact280" starttime="714.251" endtime="714.611" type="s.%-" adjacency="7b+" original-type="s.%-" channel="c2" participant="mn007">
      <nite:child href="Bro022.C.words.xml#id(Bro022.w.2,515)..id(Bro022.w.2,516)"/>
   </dialogueact>
   <dialogueact nite:id="Bro022.C.dialogueact282" starttime="716.738" endtime="717.078" type="b" original-type="b" channel="c2" participant="mn007">
      <nite:child href="Bro022.C.words.xml#id(Bro022.w.2,530)..id(Bro022.w.2,531)"/>
   </dialogueact>
   <dialogueact nite:id="Bro022.C.dialogueact284" starttime="720.101" endtime="720.901" type="b" original-type="b" channel="c2" participant="mn007">
      <nite:child href="Bro022.C.words.xml#id(Bro022.w.2,546)..id(Bro022.w.2,549)"/>
   </dialogueact>
   <dialogueact nite:id="Bro022.C.dialogueact289" starttime="723.216" endtime="723.556" type="fg" original-type="fg" channel="c2" participant="mn007">
      <nite:child href="Bro022.C.words.xml#id(Bro022.w.2,568)..id(Bro022.disfmarker.105)"/>
   </dialogueact>
   <dialogueact nite:id="Bro022.C.dialogueact291" starttime="732.613" endtime="733.053" type="b" original-type="b" channel="c2" participant="mn007">
      <nite:child href="Bro022.C.words.xml#id(Bro022.w.2,608)..id(Bro022.w.2,611)"/>
   </dialogueact>
   <dialogueact nite:id="Bro022.C.dialogueact294" starttime="737.05" endtime="737.36" type="b" original-type="b" channel="c2" participant="mn007">
      <nite:child href="Bro022.C.words.xml#id(Bro022.w.2,638)..id(Bro022.w.2,639)"/>
   </dialogueact>
   <dialogueact nite:id="Bro022.C.dialogueact297" starttime="738.019" endtime="746.0" type="s" adjacency="12a" original-type="s" channel="c2" participant="mn007">
      <nite:child href="Bro022.C.words.xml#id(Bro022.w.2,642)..id(Bro022.w.2,664)"/>
   </dialogueact>
   <dialogueact nite:id="Bro022.C.dialogueact298" starttime="747.191" endtime="748.751" type="s^bd" adjacency="12a+" original-type="s^bd" channel="c2" participant="mn007">
      <nite:child href="Bro022.C.words.xml#id(Bro022.w.2,665)..id(Bro022.w.2,673)"/>
   </dialogueact>
   <dialogueact nite:id="Bro022.C.dialogueact301" starttime="749.77" endtime="750.05" type="b" original-type="b" channel="c2" participant="mn007">
      <nite:child href="Bro022.C.words.xml#id(Bro022.w.2,697)..id(Bro022.w.2,698)"/>
   </dialogueact>
   <dialogueact nite:id="Bro022.C.dialogueact302" starttime="751.103" endtime="751.643" type="b" original-type="b" channel="c2" participant="mn007">
      <nite:child href="Bro022.C.words.xml#id(Bro022.w.2,699)..id(Bro022.w.2,702)"/>
   </dialogueact>
   <dialogueact nite:id="Bro022.C.dialogueact304" starttime="757.43" endtime="757.93" type="b" original-type="b" channel="c2" participant="mn007">
      <nite:child href="Bro022.C.words.xml#id(Bro022.w.2,725)..id(Bro022.w.2,726)"/>
   </dialogueact>
   <dialogueact nite:id="Bro022.C.dialogueact349" starttime="839.273" endtime="839.683" type="fg" original-type="fg" channel="c2" participant="mn007">
      <nite:child href="Bro022.C.words.xml#id(Bro022.w.3,055)"/>
   </dialogueact>
   <dialogueact nite:id="Bro022.C.dialogueact374" starttime="904.684" endtime="906.914" type="s" original-type="s" channel="c2" participant="mn007">
      <nite:child href="Bro022.C.words.xml#id(Bro022.w.3,274)..id(Bro022.w.3,284)"/>
   </dialogueact>
   <dialogueact nite:id="Bro022.C.dialogueact375" starttime="906.914" endtime="910.284" type="qy^d^rt" adjacency="22a" original-type="qy^d^rt" channel="c2" participant="mn007">
      <nite:child href="Bro022.C.words.xml#id(Bro022.w.3,285)..id(Bro022.w.3,294)"/>
   </dialogueact>
   <dialogueact nite:id="Bro022.C.dialogueact376" starttime="911.194" endtime="918.014" type="s^bu" adjacency="22a+" original-type="s^bu" channel="c2" participant="mn007">
      <nite:child href="Bro022.C.words.xml#id(Bro022.w.3,295)..id(Bro022.w.3,318)"/>
   </dialogueact>
   <dialogueact nite:id="Bro022.C.dialogueact377" starttime="918.014" endtime="918.324" type="qy^d^g" adjacency="22a++" original-type="qy^d^g" channel="c2" participant="mn007">
      <nite:child href="Bro022.C.words.xml#id(Bro022.w.3,319)..id(Bro022.w.3,320)"/>
   </dialogueact>
   <dialogueact nite:id="Bro022.C.dialogueact378" starttime="918.814" endtime="921.824" type="s^rt" adjacency="22a+++" original-type="s^rt" channel="c2" participant="mn007">
      <nite:child href="Bro022.C.words.xml#id(Bro022.w.3,321)..id(Bro022.w.3,334)"/>
   </dialogueact>
   <dialogueact nite:id="Bro022.C.dialogueact379" starttime="921.824" endtime="924.084" type="s" adjacency="22a++++" original-type="s" channel="c2" participant="mn007">
      <nite:child href="Bro022.C.words.xml#id(Bro022.w.3,335)..id(Bro022.w.3,344)"/>
   </dialogueact>
   <dialogueact nite:id="Bro022.C.dialogueact380" starttime="925.98" endtime="928.39" type="qy^rt" adjacency="22a+++++" original-type="qy^rt" channel="c2" participant="mn007">
      <nite:child href="Bro022.C.words.xml#id(Bro022.w.3,345)..id(Bro022.w.3,354)"/>
   </dialogueact>
   <dialogueact nite:id="Bro022.C.dialogueact384" starttime="930.234" endtime="930.714" type="b" original-type="b" channel="c2" participant="mn007">
      <nite:child href="Bro022.C.words.xml#id(Bro022.w.3,391)..id(Bro022.w.3,392)"/>
   </dialogueact>
   <dialogueact nite:id="Bro022.C.dialogueact385" starttime="933.27" endtime="933.6" type="b" original-type="b" channel="c2" participant="mn007">
      <nite:child href="Bro022.C.words.xml#id(Bro022.w.3,393)..id(Bro022.w.3,396)"/>
   </dialogueact>
   <dialogueact nite:id="Bro022.C.dialogueact386" starttime="935.465" endtime="944.203" type="qy^bu^d" adjacency="23b" original-type="qy^bu^d" channel="c2" participant="mn007">
      <nite:child href="Bro022.C.words.xml#id(Bro022.w.3,397)..id(Bro022.w.3,420)"/>
   </dialogueact>
   <dialogueact nite:id="Bro022.C.dialogueact388" starttime="944.203" endtime="944.313" type="%--" original-type="%--" channel="c2" participant="mn007">
      <nite:child href="Bro022.C.words.xml#id(Bro022.w.3,421)..id(Bro022.disfmarker.147)"/>
   </dialogueact>
   <dialogueact nite:id="Bro022.C.dialogueact391" starttime="944.9" endtime="945.54" type="s" adjacency="23b+" original-type="s" channel="c2" participant="mn007">
      <nite:child href="Bro022.C.words.xml#id(Bro022.w.3,447)..id(Bro022.w.3,450)"/>
   </dialogueact>
   <dialogueact nite:id="Bro022.C.dialogueact393" starttime="949.462" endtime="953.752" type="s" adjacency="24b.25a" original-type="s" channel="c2" participant="mn007">
      <nite:child href="Bro022.C.words.xml#id(Bro022.w.3,451)..id(Bro022.w.3,464)"/>
   </dialogueact>
   <dialogueact nite:id="Bro022.C.dialogueact399" starttime="958.215" endtime="958.575" type="s^aa" adjacency="26b" original-type="s^aa" channel="c2" participant="mn007">
      <nite:child href="Bro022.C.words.xml#id(Bro022.w.3,486)..id(Bro022.w.3,489)"/>
   </dialogueact>
   <dialogueact nite:id="Bro022.C.dialogueact401" starttime="965.98" endtime="966.1" type="fg" original-type="fg" channel="c2" participant="mn007">
      <nite:child href="Bro022.C.words.xml#id(Bro022.w.3,492)..id(Bro022.w.3,493)"/>
   </dialogueact>
   <dialogueact nite:id="Bro022.C.dialogueact402" starttime="966.1" endtime="972.08" type="s" original-type="s" channel="c2" participant="mn007">
      <nite:child href="Bro022.C.words.xml#id(Bro022.w.3,494)..id(Bro022.disfmarker.156)"/>
   </dialogueact>
   <dialogueact nite:id="Bro022.C.dialogueact403" starttime="972.14" endtime="978.53" type="s" original-type="s" channel="c2" participant="mn007">
      <nite:child href="Bro022.C.words.xml#id(Bro022.w.3,513)..id(Bro022.w.3,527)"/>
   </dialogueact>
   <dialogueact nite:id="Bro022.C.dialogueact404" starttime="978.53" endtime="980.75" type="s" original-type="s" channel="c2" participant="mn007">
      <nite:child href="Bro022.C.words.xml#id(Bro022.w.3,528)..id(Bro022.w.3,539)"/>
   </dialogueact>
   <dialogueact nite:id="Bro022.C.dialogueact405" starttime="980.75" endtime="983.39" type="s^e" adjacency="27a" original-type="s^e" channel="c2" participant="mn007">
      <nite:child href="Bro022.C.words.xml#id(Bro022.w.3,540)..id(Bro022.w.3,550)"/>
   </dialogueact>
   <dialogueact nite:id="Bro022.C.dialogueact406" starttime="984.024" endtime="988.214" type="s^e" adjacency="27a+" original-type="s^e" channel="c2" participant="mn007">
      <nite:child href="Bro022.C.words.xml#id(Bro022.w.3,551)..id(Bro022.w.3,569)"/>
   </dialogueact>
   <dialogueact nite:id="Bro022.C.dialogueact407" starttime="988.284" endtime="988.454" type="fh" original-type="fh" channel="c2" participant="mn007">
      <nite:child href="Bro022.C.words.xml#id(Bro022.w.3,570)..id(Bro022.w.3,571)"/>
   </dialogueact>
   <dialogueact nite:id="Bro022.C.dialogueact409" starttime="989.848" endtime="990.668" type="s" original-type="s" channel="c2" participant="mn007">
      <nite:child href="Bro022.C.words.xml#id(Bro022.w.3,572)..id(Bro022.w.3,576)"/>
   </dialogueact>
   <dialogueact nite:id="Bro022.C.dialogueact412" starttime="992.91" endtime="993.45" type="%" original-type="%" channel="c2" participant="mn007">
      <nite:child href="Bro022.C.words.xml#id(Bro022.w.3,605)..id(Bro022.disfmarker.160)"/>
   </dialogueact>
   <dialogueact nite:id="Bro022.C.dialogueact413" starttime="995.695" endtime="995.905" type="s^bk" adjacency="28b" original-type="s^bk" channel="c2" participant="mn007">
      <nite:child href="Bro022.C.words.xml#id(Bro022.w.3,606)..id(Bro022.w.3,607)"/>
   </dialogueact>
   <dialogueact nite:id="Bro022.C.dialogueact414" starttime="996.175" endtime="996.995" type="s" adjacency="28b+.29a" original-type="s" channel="c2" participant="mn007">
      <nite:child href="Bro022.C.words.xml#id(Bro022.w.3,608)..id(Bro022.w.3,611)"/>
   </dialogueact>
   <dialogueact nite:id="Bro022.C.dialogueact416" starttime="998.27" endtime="999.48" type="s" adjacency="30b.31a" original-type="s" channel="c2" participant="mn007">
      <nite:child href="Bro022.C.words.xml#id(Bro022.w.3,621)..id(Bro022.w.3,629)"/>
   </dialogueact>
   <dialogueact nite:id="Bro022.C.dialogueact420" starttime="1004.75" endtime="1005.48" type="h|s^aa" adjacency="32b" original-type="h|s^aa" channel="c2" participant="mn007">
      <nite:child href="Bro022.C.words.xml#id(Bro022.w.3,640)..id(Bro022.w.3,645)"/>
   </dialogueact>
   <dialogueact nite:id="Bro022.C.dialogueact422" starttime="1006.23" endtime="1006.73" type="fh" original-type="fh" channel="c2" participant="mn007">
      <nite:child href="Bro022.C.words.xml#id(Bro022.w.3,646)..id(Bro022.w.3,649)"/>
   </dialogueact>
   <dialogueact nite:id="Bro022.C.dialogueact423" starttime="1006.82" endtime="1009.54" type="s" adjacency="32b+" original-type="s" channel="c2" participant="mn007">
      <nite:child href="Bro022.C.words.xml#id(Bro022.w.3,650)..id(Bro022.w.3,656)"/>
   </dialogueact>
   <dialogueact nite:id="Bro022.C.dialogueact424" starttime="1009.54" endtime="1009.91" type="fh" original-type="fh" channel="c2" participant="mn007">
      <nite:child href="Bro022.C.words.xml#id(Bro022.w.3,657)..id(Bro022.disfmarker.162)"/>
   </dialogueact>
   <dialogueact nite:id="Bro022.C.dialogueact425" starttime="1011.49" endtime="1019.55" type="s" original-type="s" channel="c2" participant="mn007">
      <nite:child href="Bro022.C.words.xml#id(Bro022.w.3,660)..id(Bro022.w.3,680)"/>
   </dialogueact>
   <dialogueact nite:id="Bro022.C.dialogueact426" starttime="1019.71" endtime="1025.67" type="qy" adjacency="33a" original-type="qy" channel="c2" participant="mn007">
      <nite:child href="Bro022.C.words.xml#id(Bro022.w.3,681)..id(Bro022.w.3,706)"/>
   </dialogueact>
   <dialogueact nite:id="Bro022.C.dialogueact427" starttime="1025.67" endtime="1025.82" type="qrr.%--" original-type="qrr.%--" channel="c2" participant="mn007">
      <nite:child href="Bro022.C.words.xml#id(Bro022.w.3,707)..id(Bro022.w.3,708)"/>
   </dialogueact>
   <dialogueact nite:id="Bro022.C.dialogueact431" starttime="1029.77" endtime="1029.99" type="b" original-type="b" channel="c2" participant="mn007">
      <nite:child href="Bro022.C.words.xml#id(Bro022.w.3,715)..id(Bro022.w.3,716)"/>
   </dialogueact>
   <dialogueact nite:id="Bro022.C.dialogueact519" starttime="1208.28" endtime="1209.6" type="h|s" adjacency="1b" original-type="h|s" channel="c2" participant="mn007">
      <nite:child href="Bro022.C.words.xml#id(Bro022.w.4,427)..id(Bro022.w.4,430)"/>
   </dialogueact>
   <dialogueact nite:id="Bro022.C.dialogueact520" starttime="1209.6" endtime="1214.31" type="s^e" adjacency="1b+" original-type="s^e" channel="c2" participant="mn007">
      <nite:child href="Bro022.C.words.xml#id(Bro022.w.4,431)..id(Bro022.w.4,441)"/>
   </dialogueact>
   <dialogueact nite:id="Bro022.C.dialogueact521" starttime="1215.24" endtime="1221.46" type="s" original-type="s" channel="c2" participant="mn007">
      <nite:child href="Bro022.C.words.xml#id(Bro022.w.4,442)..id(Bro022.w.4,464)"/>
   </dialogueact>
   <dialogueact nite:id="Bro022.C.dialogueact522" starttime="1222.38" endtime="1222.99" type="fh" original-type="fh" channel="c2" participant="mn007">
      <nite:child href="Bro022.C.words.xml#id(Bro022.w.4,465)..id(Bro022.disfmarker.191)"/>
   </dialogueact>
   <dialogueact nite:id="Bro022.C.dialogueact523" starttime="1224.69" endtime="1225.45" type="fh" original-type="fh" channel="c2" participant="mn007">
      <nite:child href="Bro022.C.words.xml#id(Bro022.w.4,466)..id(Bro022.w.4,467)"/>
   </dialogueact>
   <dialogueact nite:id="Bro022.C.dialogueact524" starttime="1225.77" endtime="1229.07" type="s^bk|s^cc" original-type="s^bk|s^cc" channel="c2" participant="mn007">
      <nite:child href="Bro022.C.words.xml#id(Bro022.w.4,468)..id(Bro022.w.4,485)"/>
   </dialogueact>
   <dialogueact nite:id="Bro022.C.dialogueact525" starttime="1229.07" endtime="1233.02" type="s^df" original-type="s^df" channel="c2" participant="mn007">
      <nite:child href="Bro022.C.words.xml#id(Bro022.w.4,486)..id(Bro022.w.4,497)"/>
   </dialogueact>
   <dialogueact nite:id="Bro022.C.dialogueact526" starttime="1233.87" endtime="1234.55" type="fh" original-type="fh" channel="c2" participant="mn007">
      <nite:child href="Bro022.C.words.xml#id(Bro022.w.4,498)..id(Bro022.w.4,499)"/>
   </dialogueact>
   <dialogueact nite:id="Bro022.C.dialogueact527" starttime="1236.14" endtime="1244.0" type="s^rt" adjacency="2a" original-type="s^rt" channel="c2" participant="mn007">
      <nite:child href="Bro022.C.words.xml#id(Bro022.w.4,500)..id(Bro022.w.4,521)"/>
   </dialogueact>
   <dialogueact nite:id="Bro022.C.dialogueact528" starttime="1244.86" endtime="1247.89" type="s" adjacency="2a+" original-type="s" channel="c2" participant="mn007">
      <nite:child href="Bro022.C.words.xml#id(Bro022.w.4,522)..id(Bro022.w.4,533)"/>
   </dialogueact>
   <dialogueact nite:id="Bro022.C.dialogueact529" starttime="1247.89" endtime="1248.2" type="fh" original-type="fh" channel="c2" participant="mn007">
      <nite:child href="Bro022.C.words.xml#id(Bro022.w.4,534)"/>
   </dialogueact>
   <dialogueact nite:id="Bro022.C.dialogueact531" starttime="1249.54" endtime="1253.08" type="s" original-type="s" channel="c2" participant="mn007">
      <nite:child href="Bro022.C.words.xml#id(Bro022.w.4,545)..id(Bro022.w.4,558)"/>
   </dialogueact>
   <dialogueact nite:id="Bro022.C.dialogueact532" starttime="1253.79" endtime="1254.42" type="fh" original-type="fh" channel="c2" participant="mn007">
      <nite:child href="Bro022.C.words.xml#id(Bro022.w.4,559)..id(Bro022.w.4,560)"/>
   </dialogueact>
   <dialogueact nite:id="Bro022.C.dialogueact535" starttime="1257.65" endtime="1258.19" type="b" original-type="b" channel="c2" participant="mn007">
      <nite:child href="Bro022.C.words.xml#id(Bro022.w.4,580)..id(Bro022.w.4,583)"/>
   </dialogueact>
   <dialogueact nite:id="Bro022.C.dialogueact537" starttime="1260.51" endtime="1260.9" type="s^aa" adjacency="3b" original-type="s^aa" channel="c2" participant="mn007">
      <nite:child href="Bro022.C.words.xml#id(Bro022.w.4,604)..id(Bro022.w.4,605)"/>
   </dialogueact>
   <dialogueact nite:id="Bro022.C.dialogueact539" starttime="1260.9" endtime="1261.24" type="s^aa" adjacency="3b+" original-type="s^aa" channel="c2" participant="mn007">
      <nite:child href="Bro022.C.words.xml#id(Bro022.w.4,606)..id(Bro022.w.4,607)"/>
   </dialogueact>
   <dialogueact nite:id="Bro022.C.dialogueact540" starttime="1262.21" endtime="1262.36" type="s^aa" adjacency="4b" original-type="s^aa" channel="c2" participant="mn007">
      <nite:child href="Bro022.C.words.xml#id(Bro022.w.4,608)..id(Bro022.w.4,609)"/>
   </dialogueact>
   <dialogueact nite:id="Bro022.C.dialogueact547" starttime="1266.22" endtime="1266.88" type="s.%-" original-type="s.%-" channel="c2" participant="mn007">
      <nite:child href="Bro022.C.words.xml#id(Bro022.w.4,659)..id(Bro022.w.4,661)"/>
   </dialogueact>
   <dialogueact nite:id="Bro022.C.dialogueact550" starttime="1279.85" endtime="1280.12" type="b" original-type="b" channel="c2" participant="mn007">
      <nite:child href="Bro022.C.words.xml#id(Bro022.w.4,686)..id(Bro022.w.4,687)"/>
   </dialogueact>
   <dialogueact nite:id="Bro022.C.dialogueact551" starttime="1281.57" endtime="1283.08" type="s^bk|s" adjacency="5b" original-type="s^bk|s" channel="c2" participant="mn007">
      <nite:child href="Bro022.C.words.xml#id(Bro022.w.4,688)..id(Bro022.w.4,694)"/>
   </dialogueact>
   <dialogueact nite:id="Bro022.C.dialogueact552" starttime="1283.41" endtime="1288.53" type="s" original-type="s" channel="c2" participant="mn007">
      <nite:child href="Bro022.C.words.xml#id(Bro022.w.4,695)..id(Bro022.w.4,704)"/>
   </dialogueact>
   <dialogueact nite:id="Bro022.C.dialogueact554" starttime="1289.93" endtime="1290.79" type="s" original-type="s" channel="c2" participant="mn007">
      <nite:child href="Bro022.C.words.xml#id(Bro022.w.4,709)..id(Bro022.disfmarker.199)"/>
   </dialogueact>
   <dialogueact nite:id="Bro022.C.dialogueact555" starttime="1291.59" endtime="1293.06" type="s" original-type="s" channel="c2" participant="mn007">
      <nite:child href="Bro022.C.words.xml#id(Bro022.w.4,715)..id(Bro022.w.4,725)"/>
   </dialogueact>
   <dialogueact nite:id="Bro022.C.dialogueact556" starttime="1293.06" endtime="1294.5" type="s.%--" original-type="s.%--" channel="c2" participant="mn007">
      <nite:child href="Bro022.C.words.xml#id(Bro022.w.4,726)..id(Bro022.disfmarker.200)"/>
   </dialogueact>
   <dialogueact nite:id="Bro022.C.dialogueact558" starttime="1295.43" endtime="1296.2" type="s.%--" original-type="s.%--" channel="c2" participant="mn007">
      <nite:child href="Bro022.C.words.xml#id(Bro022.w.4,733)..id(Bro022.disfmarker.201)"/>
   </dialogueact>
   <dialogueact nite:id="Bro022.C.dialogueact559" starttime="1296.23" endtime="1300.7" type="s" original-type="s" channel="c2" participant="mn007">
      <nite:child href="Bro022.C.words.xml#id(Bro022.w.4,738)..id(Bro022.w.4,749)"/>
   </dialogueact>
   <dialogueact nite:id="Bro022.C.dialogueact561" starttime="1300.7" endtime="1300.9" type="fh" original-type="fh" channel="c2" participant="mn007">
      <nite:child href="Bro022.C.words.xml#id(Bro022.w.4,750)..id(Bro022.disfmarker.202)"/>
   </dialogueact>
   <dialogueact nite:id="Bro022.C.dialogueact562" starttime="1302.95" endtime="1303.27" type="b" original-type="b" channel="c2" participant="mn007">
      <nite:child href="Bro022.C.words.xml#id(Bro022.w.4,769)..id(Bro022.w.4,770)"/>
   </dialogueact>
   <dialogueact nite:id="Bro022.C.dialogueact564" starttime="1308.43" endtime="1310.06" type="s.%--" adjacency="6b-1" original-type="s.%--" channel="c2" participant="mn007">
      <nite:child href="Bro022.C.words.xml#id(Bro022.w.4,771)..id(Bro022.w.4,776)"/>
   </dialogueact>
   <dialogueact nite:id="Bro022.C.dialogueact567" starttime="1310.06" endtime="1310.37" type="s^aa" adjacency="6b-1+" original-type="s^aa" channel="c2" participant="mn007">
      <nite:child href="Bro022.C.words.xml#id(Bro022.w.4,777)..id(Bro022.w.4,778)"/>
   </dialogueact>
   <dialogueact nite:id="Bro022.C.dialogueact568" starttime="1310.37" endtime="1311.41" type="s" adjacency="6b-1++" original-type="s" channel="c2" participant="mn007">
      <nite:child href="Bro022.C.words.xml#id(Bro022.w.4,779)..id(Bro022.w.4,784)"/>
   </dialogueact>
   <dialogueact nite:id="Bro022.C.dialogueact571" starttime="1312.72" endtime="1313.07" type="b" original-type="b" channel="c2" participant="mn007">
      <nite:child href="Bro022.C.words.xml#id(Bro022.w.4,819)..id(Bro022.w.4,820)"/>
   </dialogueact>
   <dialogueact nite:id="Bro022.C.dialogueact584" starttime="1336.67" endtime="1337.12" type="b" original-type="b" channel="c2" participant="mn007">
      <nite:child href="Bro022.C.words.xml#id(Bro022.w.4,916)..id(Bro022.w.4,919)"/>
   </dialogueact>
   <dialogueact nite:id="Bro022.C.dialogueact586" starttime="1339.59" endtime="1340.08" type="b" original-type="b" channel="c2" participant="mn007">
      <nite:child href="Bro022.C.words.xml#id(Bro022.w.4,924)..id(Bro022.w.4,927)"/>
   </dialogueact>
   <dialogueact nite:id="Bro022.C.dialogueact588" starttime="1341.69" endtime="1342.28" type="fg" original-type="fg" channel="c2" participant="mn007">
      <nite:child href="Bro022.C.words.xml#id(Bro022.w.4,930)..id(Bro022.disfmarker.217)"/>
   </dialogueact>
   <dialogueact nite:id="Bro022.C.dialogueact589" starttime="1344.4" endtime="1344.59" type="fg" original-type="fg" channel="c2" participant="mn007">
      <nite:child href="Bro022.C.words.xml#id(Bro022.w.4,931)..id(Bro022.w.4,932)"/>
   </dialogueact>
   <dialogueact nite:id="Bro022.C.dialogueact590" starttime="1344.59" endtime="1344.74" type="fg" original-type="fg" channel="c2" participant="mn007">
      <nite:child href="Bro022.C.words.xml#id(Bro022.w.4,933)..id(Bro022.w.4,934)"/>
   </dialogueact>
   <dialogueact nite:id="Bro022.C.dialogueact591" starttime="1345.07" endtime="1345.63" type="fh" original-type="fh" channel="c2" participant="mn007">
      <nite:child href="Bro022.C.words.xml#id(Bro022.w.4,935)..id(Bro022.w.4,936)"/>
   </dialogueact>
   <dialogueact nite:id="Bro022.C.dialogueact592" starttime="1346.92" endtime="1351.42" type="s^cc" original-type="s^cc" channel="c2" participant="mn007">
      <nite:child href="Bro022.C.words.xml#id(Bro022.w.4,937)..id(Bro022.w.4,954)"/>
   </dialogueact>
   <dialogueact nite:id="Bro022.C.dialogueact593" starttime="1352.54" endtime="1353.25" type="fh" original-type="fh" channel="c2" participant="mn007">
      <nite:child href="Bro022.C.words.xml#id(Bro022.w.4,955)..id(Bro022.w.4,956)"/>
   </dialogueact>
   <dialogueact nite:id="Bro022.C.dialogueact594" starttime="1354.45" endtime="1356.77" type="s^cc.%--" original-type="s^cc.%--" channel="c2" participant="mn007">
      <nite:child href="Bro022.C.words.xml#id(Bro022.w.4,957)..id(Bro022.disfmarker.219)"/>
   </dialogueact>
   <dialogueact nite:id="Bro022.C.dialogueact595" starttime="1357.22" endtime="1360.55" type="s" original-type="s" channel="c2" participant="mn007">
      <nite:child href="Bro022.C.words.xml#id(Bro022.w.4,963)..id(Bro022.w.4,978)"/>
   </dialogueact>
   <dialogueact nite:id="Bro022.C.dialogueact598" starttime="1368.11" endtime="1369.26" type="s^aa" adjacency="10b" original-type="s^aa" channel="c2" participant="mn007">
      <nite:child href="Bro022.C.words.xml#id(Bro022.w.5,013)..id(Bro022.w.5,016)"/>
   </dialogueact>
   <dialogueact nite:id="Bro022.C.dialogueact599" starttime="1369.37" endtime="1372.14" type="s^na" adjacency="10b+" original-type="s^na" channel="c2" participant="mn007">
      <nite:child href="Bro022.C.words.xml#id(Bro022.w.5,017)..id(Bro022.w.5,027)"/>
   </dialogueact>
   <dialogueact nite:id="Bro022.C.dialogueact601" starttime="1372.8" endtime="1373.09" type="b" original-type="b" channel="c2" participant="mn007">
      <nite:child href="Bro022.C.words.xml#id(Bro022.w.5,034)..id(Bro022.w.5,035)"/>
   </dialogueact>
   <dialogueact nite:id="Bro022.C.dialogueact602" starttime="1374.19" endtime="1374.44" type="s^aa" adjacency="11b.12a" original-type="s^aa" channel="c2" participant="mn007">
      <nite:child href="Bro022.C.words.xml#id(Bro022.w.5,036)..id(Bro022.w.5,039)"/>
   </dialogueact>
   <dialogueact nite:id="Bro022.C.dialogueact604" starttime="1376.06" endtime="1377.66" type="s^bu" adjacency="13a" original-type="s^bu" channel="c2" participant="mn007">
      <nite:child href="Bro022.C.words.xml#id(Bro022.w.5,042)..id(Bro022.w.5,050)"/>
   </dialogueact>
   <dialogueact nite:id="Bro022.C.dialogueact607" starttime="1379.4" endtime="1379.84" type="b" original-type="b" channel="c2" participant="mn007">
      <nite:child href="Bro022.C.words.xml#id(Bro022.w.5,058)..id(Bro022.w.5,061)"/>
   </dialogueact>
   <dialogueact nite:id="Bro022.C.dialogueact608" starttime="1379.84" endtime="1380.08" type="fg" original-type="fg" channel="c2" participant="mn007">
      <nite:child href="Bro022.C.words.xml#id(Bro022.w.5,062)..id(Bro022.w.5,063)"/>
   </dialogueact>
   <dialogueact nite:id="Bro022.C.dialogueact615" starttime="1404.26" endtime="1404.89" type="b" original-type="b" channel="c2" participant="mn007">
      <nite:child href="Bro022.C.words.xml#id(Bro022.w.5,149)..id(Bro022.w.5,152)"/>
   </dialogueact>
   <dialogueact nite:id="Bro022.C.dialogueact616" starttime="1405.77" endtime="1406.41" type="b" original-type="b" channel="c2" participant="mn007">
      <nite:child href="Bro022.C.words.xml#id(Bro022.w.5,153)..id(Bro022.w.5,156)"/>
   </dialogueact>
   <dialogueact nite:id="Bro022.C.dialogueact617" starttime="1408.0" endtime="1408.25" type="b" original-type="b" channel="c2" participant="mn007">
      <nite:child href="Bro022.C.words.xml#id(Bro022.w.5,157)..id(Bro022.w.5,158)"/>
   </dialogueact>
   <dialogueact nite:id="Bro022.C.dialogueact626" starttime="1437.54" endtime="1437.71" type="s^aa" adjacency="15b.16a" original-type="s^aa" channel="c2" participant="mn007">
      <nite:child href="Bro022.C.words.xml#id(Bro022.w.5,249)..id(Bro022.w.5,250)"/>
   </dialogueact>
   <dialogueact nite:id="Bro022.C.dialogueact627" starttime="1437.77" endtime="1438.16" type="s^na" adjacency="15b+.16a+" original-type="s^na" channel="c2" participant="mn007">
      <nite:child href="Bro022.C.words.xml#id(Bro022.w.5,251)..id(Bro022.w.5,254)"/>
   </dialogueact>
   <dialogueact nite:id="Bro022.C.dialogueact628" starttime="1438.16" endtime="1438.33" type="s^aa" adjacency="15b++.16a++" original-type="s^aa" channel="c2" participant="mn007">
      <nite:child href="Bro022.C.words.xml#id(Bro022.w.5,255)..id(Bro022.w.5,256)"/>
   </dialogueact>
   <dialogueact nite:id="Bro022.C.dialogueact630" starttime="1439.19" endtime="1439.49" type="b" original-type="b" channel="c2" participant="mn007">
      <nite:child href="Bro022.C.words.xml#id(Bro022.w.5,271)..id(Bro022.w.5,274)"/>
   </dialogueact>
   <dialogueact nite:id="Bro022.C.dialogueact634" starttime="1443.69" endtime="1443.92" type="%--" original-type="%--" channel="c2" participant="mn007">
      <nite:child href="Bro022.C.words.xml#id(Bro022.w.5,283)"/>
   </dialogueact>
   <dialogueact nite:id="Bro022.C.dialogueact638" starttime="1445.76" endtime="1445.93" type="s^aa" adjacency="18b" original-type="s^aa" channel="c2" participant="mn007">
      <nite:child href="Bro022.C.words.xml#id(Bro022.w.5,295)..id(Bro022.w.5,296)"/>
   </dialogueact>
   <dialogueact nite:id="Bro022.C.dialogueact639" starttime="1445.93" endtime="1447.85" type="s^na" adjacency="18b+" original-type="s^na" channel="c2" participant="mn007">
      <nite:child href="Bro022.C.words.xml#id(Bro022.w.5,297)..id(Bro022.w.5,305)"/>
   </dialogueact>
   <dialogueact nite:id="Bro022.C.dialogueact641" starttime="1448.32" endtime="1448.49" type="s^aa" adjacency="18b++" original-type="s^aa" channel="c2" participant="mn007">
      <nite:child href="Bro022.C.words.xml#id(Bro022.w.5,306)..id(Bro022.w.5,307)"/>
   </dialogueact>
   <dialogueact nite:id="Bro022.C.dialogueact644" starttime="1450.03" endtime="1450.34" type="b" original-type="b" channel="c2" participant="mn007">
      <nite:child href="Bro022.C.words.xml#id(Bro022.w.5,331)..id(Bro022.w.5,334)"/>
   </dialogueact>
   <dialogueact nite:id="Bro022.C.dialogueact649" starttime="1463.43" endtime="1464.67" type="s^bu" adjacency="19b.20a" original-type="s^bu" channel="c2" participant="mn007">
      <nite:child href="Bro022.C.words.xml#id(Bro022.w.5,356)..id(Bro022.w.5,361)"/>
   </dialogueact>
   <dialogueact nite:id="Bro022.C.dialogueact650" starttime="1464.67" endtime="1464.95" type="qy^d^g^rt" adjacency="19b+.20a+" original-type="qy^d^g^rt" channel="c2" participant="mn007">
      <nite:child href="Bro022.C.words.xml#id(Bro022.w.5,362)..id(Bro022.w.5,363)"/>
   </dialogueact>
   <dialogueact nite:id="Bro022.C.dialogueact651" starttime="1465.81" endtime="1468.63" type="s.%--" adjacency="20a++" original-type="s.%--" channel="c2" participant="mn007">
      <nite:child href="Bro022.C.words.xml#id(Bro022.w.5,366)..id(Bro022.w.5,373)"/>
   </dialogueact>
   <dialogueact nite:id="Bro022.C.dialogueact655" starttime="1468.63" endtime="1469.92" type="s" original-type="s" channel="c2" participant="mn007">
      <nite:child href="Bro022.C.words.xml#id(Bro022.w.5,384)..id(Bro022.disfmarker.235)"/>
   </dialogueact>
   <dialogueact nite:id="Bro022.C.dialogueact659" starttime="1477.48" endtime="1477.68" type="s^bk" adjacency="21b-1" original-type="s^bk" channel="c2" participant="mn007">
      <nite:child href="Bro022.C.words.xml#id(Bro022.w.5,428)..id(Bro022.w.5,429)"/>
   </dialogueact>
   <dialogueact nite:id="Bro022.C.dialogueact664" starttime="1484.21" endtime="1484.39" type="fg" original-type="fg" channel="c2" participant="mn007">
      <nite:child href="Bro022.C.words.xml#id(Bro022.w.5,443)..id(Bro022.disfmarker.237)"/>
   </dialogueact>
   <dialogueact nite:id="Bro022.C.dialogueact665" starttime="1484.39" endtime="1484.57" type="fg" original-type="fg" channel="c2" participant="mn007">
      <nite:child href="Bro022.C.words.xml#id(Bro022.w.5,444)..id(Bro022.w.5,445)"/>
   </dialogueact>
   <dialogueact nite:id="Bro022.C.dialogueact666" starttime="1484.57" endtime="1486.3" type="s" adjacency="22a" original-type="s" channel="c2" participant="mn007">
      <nite:child href="Bro022.C.words.xml#id(Bro022.w.5,446)..id(Bro022.w.5,455)"/>
   </dialogueact>
   <dialogueact nite:id="Bro022.C.dialogueact668" starttime="1486.39" endtime="1487.1" type="s^e.%--" original-type="s^e.%--" channel="c2" participant="mn007">
      <nite:child href="Bro022.C.words.xml#id(Bro022.w.5,456)..id(Bro022.disfmarker.238)"/>
   </dialogueact>
   <dialogueact nite:id="Bro022.C.dialogueact673" starttime="1488.85" endtime="1489.22" type="b" original-type="b" channel="c2" participant="mn007">
      <nite:child href="Bro022.C.words.xml#id(Bro022.w.5,485)..id(Bro022.w.5,488)"/>
   </dialogueact>
   <dialogueact nite:id="Bro022.C.dialogueact675" starttime="1489.85" endtime="1490.35" type="s^na" adjacency="23b" original-type="s^na" channel="c2" participant="mn007">
      <nite:child href="Bro022.C.words.xml#id(Bro022.w.5,489)..id(Bro022.w.5,492)"/>
   </dialogueact>
   <dialogueact nite:id="Bro022.C.dialogueact677" starttime="1490.45" endtime="1490.53" type="s^bk" adjacency="23b+" original-type="s^bk" channel="c2" participant="mn007">
      <nite:child href="Bro022.C.words.xml#id(Bro022.w.5,493)..id(Bro022.w.5,494)"/>
   </dialogueact>
   <dialogueact nite:id="Bro022.C.dialogueact678" starttime="1491.82" endtime="1492.58" type="fh" original-type="fh" channel="c2" participant="mn007">
      <nite:child href="Bro022.C.words.xml#id(Bro022.w.5,495)..id(Bro022.w.5,496)"/>
   </dialogueact>
   <dialogueact nite:id="Bro022.C.dialogueact679" starttime="1494.1" endtime="1494.26" type="fg" original-type="fg" channel="c2" participant="mn007">
      <nite:child href="Bro022.C.words.xml#id(Bro022.w.5,497)..id(Bro022.w.5,498)"/>
   </dialogueact>
   <dialogueact nite:id="Bro022.C.dialogueact680" starttime="1494.26" endtime="1500.82" type="s^cc" original-type="s^cc" channel="c2" participant="mn007">
      <nite:child href="Bro022.C.words.xml#id(Bro022.w.5,499)..id(Bro022.disfmarker.240)"/>
   </dialogueact>
   <dialogueact nite:id="Bro022.C.dialogueact681" starttime="1500.88" endtime="1503.99" type="s^cc^e" original-type="s^cc^e" channel="c2" participant="mn007">
      <nite:child href="Bro022.C.words.xml#id(Bro022.w.5,521)..id(Bro022.w.5,534)"/>
   </dialogueact>
   <dialogueact nite:id="Bro022.C.dialogueact683" starttime="1504.56" endtime="1509.76" type="s^df" original-type="s^df" channel="c2" participant="mn007">
      <nite:child href="Bro022.C.words.xml#id(Bro022.w.5,535)..id(Bro022.w.5,545)"/>
   </dialogueact>
   <dialogueact nite:id="Bro022.C.dialogueact684" starttime="1509.76" endtime="1512.66" type="s^e" original-type="s^e" channel="c2" participant="mn007">
      <nite:child href="Bro022.C.words.xml#id(Bro022.w.5,546)..id(Bro022.w.5,558)"/>
   </dialogueact>
   <dialogueact nite:id="Bro022.C.dialogueact685" starttime="1513.09" endtime="1521.11" type="s^df" original-type="s^df" channel="c2" participant="mn007">
      <nite:child href="Bro022.C.words.xml#id(Bro022.w.5,559)..id(Bro022.w.5,582)"/>
   </dialogueact>
   <dialogueact nite:id="Bro022.C.dialogueact686" starttime="1521.11" endtime="1521.51" type="s.%--" original-type="s.%--" channel="c2" participant="mn007">
      <nite:child href="Bro022.C.words.xml#id(Bro022.w.5,583)..id(Bro022.disfmarker.242)"/>
   </dialogueact>
   <dialogueact nite:id="Bro022.C.dialogueact687" starttime="1522.0" endtime="1525.14" type="s^e" original-type="s^e" channel="c2" participant="mn007">
      <nite:child href="Bro022.C.words.xml#id(Bro022.w.5,585)..id(Bro022.w.5,592)"/>
   </dialogueact>
   <dialogueact nite:id="Bro022.C.dialogueact689" starttime="1525.14" endtime="1525.25" type="fh" original-type="fh" channel="c2" participant="mn007">
      <nite:child href="Bro022.C.words.xml#id(Bro022.w.5,593)..id(Bro022.disfmarker.243)"/>
   </dialogueact>
   <dialogueact nite:id="Bro022.C.dialogueact690" starttime="1527.32" endtime="1527.71" type="fh" original-type="fh" channel="c2" participant="mn007">
      <nite:child href="Bro022.C.words.xml#id(Bro022.w.5,598)..id(Bro022.w.5,599)"/>
   </dialogueact>
   <dialogueact nite:id="Bro022.C.dialogueact692" starttime="1527.7" endtime="1528.6" type="%-" original-type="%-" channel="c2" participant="mn007">
      <nite:child href="Bro022.C.words.xml#id(Bro022.w.5,600)..id(Bro022.w.5,601)"/>
   </dialogueact>
   <dialogueact nite:id="Bro022.C.dialogueact695" starttime="1534.94" endtime="1535.22" type="s.%--" adjacency="25b" original-type="s.%--" channel="c2" participant="mn007">
      <nite:child href="Bro022.C.words.xml#id(Bro022.w.5,632)..id(Bro022.disfmarker.245)"/>
   </dialogueact>
   <dialogueact nite:id="Bro022.C.dialogueact696" starttime="1535.3" endtime="1537.46" type="s^bk|s^na.%--" adjacency="25b+" original-type="s^bk|s^na.%--" channel="c2" participant="mn007">
      <nite:child href="Bro022.C.words.xml#id(Bro022.w.5,634)..id(Bro022.disfmarker.246)"/>
   </dialogueact>
   <dialogueact nite:id="Bro022.C.dialogueact697" starttime="1537.53" endtime="1537.71" type="s^bk" adjacency="25b++" original-type="s^bk" channel="c2" participant="mn007">
      <nite:child href="Bro022.C.words.xml#id(Bro022.w.5,645)..id(Bro022.w.5,646)"/>
   </dialogueact>
   <dialogueact nite:id="Bro022.C.dialogueact698" starttime="1538.31" endtime="1544.59" type="s^bu" adjacency="26a" original-type="s^bu" channel="c2" participant="mn007">
      <nite:child href="Bro022.C.words.xml#id(Bro022.w.5,647)..id(Bro022.w.5,666)"/>
   </dialogueact>
   <dialogueact nite:id="Bro022.C.dialogueact699" starttime="1544.59" endtime="1544.83" type="qy^d^g^rt" adjacency="26a+" original-type="qy^d^g^rt" channel="c2" participant="mn007">
      <nite:child href="Bro022.C.words.xml#id(Bro022.w.5,667)..id(Bro022.w.5,668)"/>
   </dialogueact>
   <dialogueact nite:id="Bro022.C.dialogueact701" starttime="1549.69" endtime="1550.59" type="h" adjacency="27b" original-type="h" channel="c2" participant="mn007">
      <nite:child href="Bro022.C.words.xml#id(Bro022.w.5,679)..id(Bro022.w.5,680)"/>
   </dialogueact>
   <dialogueact nite:id="Bro022.C.dialogueact702" starttime="1550.93" endtime="1553.13" type="s^bk|s" adjacency="27b+.28a" original-type="s^bk|s" channel="c2" participant="mn007">
      <nite:child href="Bro022.C.words.xml#id(Bro022.w.5,681)..id(Bro022.w.5,690)"/>
   </dialogueact>
   <dialogueact nite:id="Bro022.C.dialogueact703" starttime="1553.36" endtime="1554.33" type="s.%--" adjacency="27b++" original-type="s.%--" channel="c2" participant="mn007">
      <nite:child href="Bro022.C.words.xml#id(Bro022.w.5,691)..id(Bro022.disfmarker.248)"/>
   </dialogueact>
   <dialogueact nite:id="Bro022.C.dialogueact706" starttime="1555.62" endtime="1556.72" type="%-" original-type="%-" channel="c2" participant="mn007">
      <nite:child href="Bro022.C.words.xml#id(Bro022.w.5,713)..id(Bro022.w.5,714)"/>
   </dialogueact>
   <dialogueact nite:id="Bro022.C.dialogueact707" starttime="1556.84" endtime="1557.73" type="s.%-" adjacency="29b-1" original-type="s.%-" channel="c2" participant="mn007">
      <nite:child href="Bro022.C.words.xml#id(Bro022.w.5,715)..id(Bro022.disfmarker.250)"/>
   </dialogueact>
   <dialogueact nite:id="Bro022.C.dialogueact709" starttime="1558.28" endtime="1558.55" type="b" original-type="b" channel="c2" participant="mn007">
      <nite:child href="Bro022.C.words.xml#id(Bro022.w.5,723)..id(Bro022.w.5,724)"/>
   </dialogueact>
   <dialogueact nite:id="Bro022.C.dialogueact715" starttime="1560.78" endtime="1560.94" type="s^aa" adjacency="30b" original-type="s^aa" channel="c2" participant="mn007">
      <nite:child href="Bro022.C.words.xml#id(Bro022.w.5,752)..id(Bro022.w.5,753)"/>
   </dialogueact>
   <dialogueact nite:id="Bro022.C.dialogueact716" starttime="1561.17" endtime="1561.41" type="s.%--" original-type="s.%--" channel="c2" participant="mn007">
      <nite:child href="Bro022.C.words.xml#id(Bro022.w.5,754)..id(Bro022.disfmarker.251)"/>
   </dialogueact>
   <dialogueact nite:id="Bro022.C.dialogueact719" starttime="1562.6" endtime="1562.88" type="b" original-type="b" channel="c2" participant="mn007">
      <nite:child href="Bro022.C.words.xml#id(Bro022.w.5,765)..id(Bro022.w.5,766)"/>
   </dialogueact>
   <dialogueact nite:id="Bro022.C.dialogueact725" starttime="1574.71" endtime="1575.18" type="b" original-type="b" channel="c2" participant="mn007">
      <nite:child href="Bro022.C.words.xml#id(Bro022.w.5,792)..id(Bro022.w.5,795)"/>
   </dialogueact>
   <dialogueact nite:id="Bro022.C.dialogueact727" starttime="1580.39" endtime="1581.24" type="s^aa" adjacency="31b-1" original-type="s^aa" channel="c2" participant="mn007">
      <nite:child href="Bro022.C.words.xml#id(Bro022.w.5,816)..id(Bro022.w.5,819)"/>
   </dialogueact>
   <dialogueact nite:id="Bro022.C.dialogueact728" starttime="1581.24" endtime="1581.42" type="s^aa" adjacency="31b-1+" original-type="s^aa" channel="c2" participant="mn007">
      <nite:child href="Bro022.C.words.xml#id(Bro022.w.5,820)..id(Bro022.w.5,821)"/>
   </dialogueact>
   <dialogueact nite:id="Bro022.C.dialogueact730" starttime="1583.92" endtime="1584.08" type="s^aa" adjacency="31b-1++" original-type="s^aa" channel="c2" participant="mn007">
      <nite:child href="Bro022.C.words.xml#id(Bro022.w.5,829)..id(Bro022.w.5,830)"/>
   </dialogueact>
   <dialogueact nite:id="Bro022.C.dialogueact731" starttime="1584.08" endtime="1584.35" type="s^bk" adjacency="31b-1+++" original-type="s^bk" channel="c2" participant="mn007">
      <nite:child href="Bro022.C.words.xml#id(Bro022.w.5,831)..id(Bro022.w.5,833)"/>
   </dialogueact>
   <dialogueact nite:id="Bro022.C.dialogueact732" starttime="1584.35" endtime="1585.03" type="s^aa" adjacency="31b-1++++" original-type="s^aa" channel="c2" participant="mn007">
      <nite:child href="Bro022.C.words.xml#id(Bro022.w.5,834)..id(Bro022.w.5,839)"/>
   </dialogueact>
   <dialogueact nite:id="Bro022.C.dialogueact733" starttime="1585.13" endtime="1585.4" type="s^aa" adjacency="31b-1+++++" original-type="s^aa" channel="c2" participant="mn007">
      <nite:child href="Bro022.C.words.xml#id(Bro022.w.5,840)..id(Bro022.w.5,841)"/>
   </dialogueact>
   <dialogueact nite:id="Bro022.C.dialogueact734" starttime="1585.73" endtime="1586.29" type="s^na" adjacency="31b-1++++++" original-type="s^na" channel="c2" participant="mn007">
      <nite:child href="Bro022.C.words.xml#id(Bro022.w.5,842)..id(Bro022.w.5,847)"/>
   </dialogueact>
   <dialogueact nite:id="Bro022.C.dialogueact747" starttime="1610.47" endtime="1610.78" type="b" original-type="b" channel="c2" participant="mn007">
      <nite:child href="Bro022.C.words.xml#id(Bro022.w.5,961)..id(Bro022.w.5,964)"/>
   </dialogueact>
   <dialogueact nite:id="Bro022.C.dialogueact748" starttime="1613.99" endtime="1614.14" type="b" original-type="b" channel="c2" participant="mn007">
      <nite:child href="Bro022.C.words.xml#id(Bro022.w.5,965)..id(Bro022.w.5,966)"/>
   </dialogueact>
   <dialogueact nite:id="Bro022.C.dialogueact749" starttime="1614.59" endtime="1621.13" type="s" original-type="s" channel="c2" participant="mn007">
      <nite:child href="Bro022.C.words.xml#id(Bro022.w.5,967)..id(Bro022.w.5,986)"/>
   </dialogueact>
   <dialogueact nite:id="Bro022.C.dialogueact750" starttime="1622.15" endtime="1622.24" type="fh" original-type="fh" channel="c2" participant="mn007">
      <nite:child href="Bro022.C.words.xml#id(Bro022.w.5,987)..id(Bro022.disfmarker.260)"/>
   </dialogueact>
   <dialogueact nite:id="Bro022.C.dialogueact751" starttime="1622.24" endtime="1622.78" type="fh" original-type="fh" channel="c2" participant="mn007">
      <nite:child href="Bro022.C.words.xml#id(Bro022.w.5,988)..id(Bro022.w.5,991)"/>
   </dialogueact>
   <dialogueact nite:id="Bro022.C.dialogueact752" starttime="1629.19" endtime="1629.47" type="s^bk" original-type="s^bk" channel="c2" participant="mn007">
      <nite:child href="Bro022.C.words.xml#id(Bro022.w.5,992)..id(Bro022.w.5,995)"/>
   </dialogueact>
   <dialogueact nite:id="Bro022.C.dialogueact753" starttime="1629.67" endtime="1629.93" type="s^bk" original-type="s^bk" channel="c2" participant="mn007">
      <nite:child href="Bro022.C.words.xml#id(Bro022.w.5,996)..id(Bro022.w.5,997)"/>
   </dialogueact>
   <dialogueact nite:id="Bro022.C.dialogueact754" starttime="1630.91" endtime="1634.67" type="s^tc.%--" original-type="s^tc.%--" channel="c2" participant="mn007">
      <nite:child href="Bro022.C.words.xml#id(Bro022.w.5,998)..id(Bro022.w.6,009)"/>
   </dialogueact>
   <dialogueact nite:id="Bro022.C.dialogueact755" starttime="1636.04" endtime="1636.76" type="fh" original-type="fh" channel="c2" participant="mn007">
      <nite:child href="Bro022.C.words.xml#id(Bro022.w.6,010)..id(Bro022.w.6,011)"/>
   </dialogueact>
   <dialogueact nite:id="Bro022.C.dialogueact756" starttime="1638.76" endtime="1639.28" type="fh" original-type="fh" channel="c2" participant="mn007">
      <nite:child href="Bro022.C.words.xml#id(Bro022.w.6,012)..id(Bro022.disfmarker.262)"/>
   </dialogueact>
   <dialogueact nite:id="Bro022.C.dialogueact757" starttime="1642.22" endtime="1646.2" type="s" original-type="s" channel="c2" participant="mn007">
      <nite:child href="Bro022.C.words.xml#id(Bro022.w.6,013)..id(Bro022.disfmarker.266)"/>
   </dialogueact>
   <dialogueact nite:id="Bro022.C.dialogueact758" starttime="1646.2" endtime="1660.08" type="s^e" original-type="s^e" channel="c2" participant="mn007">
      <nite:child href="Bro022.C.words.xml#id(Bro022.w.6,030)..id(Bro022.w.6,055)"/>
   </dialogueact>
   <dialogueact nite:id="Bro022.C.dialogueact759" starttime="1660.96" endtime="1666.23" type="s^e" original-type="s^e" channel="c2" participant="mn007">
      <nite:child href="Bro022.C.words.xml#id(Bro022.w.6,056)..id(Bro022.w.6,072)"/>
   </dialogueact>
   <dialogueact nite:id="Bro022.C.dialogueact762" starttime="1667.13" endtime="1667.4" type="b" original-type="b" channel="c2" participant="mn007">
      <nite:child href="Bro022.C.words.xml#id(Bro022.w.6,083)..id(Bro022.w.6,086)"/>
   </dialogueact>
   <dialogueact nite:id="Bro022.C.dialogueact766" starttime="1676.17" endtime="1676.6" type="h" adjacency="32b" original-type="h" channel="c2" participant="mn007">
      <nite:child href="Bro022.C.words.xml#id(Bro022.w.6,125)..id(Bro022.disfmarker.268)"/>
   </dialogueact>
   <dialogueact nite:id="Bro022.C.dialogueact768" starttime="1678.0" endtime="1678.16" type="fh" adjacency="32b+" original-type="fh" channel="c2" participant="mn007">
      <nite:child href="Bro022.C.words.xml#id(Bro022.w.6,126)..id(Bro022.w.6,127)"/>
   </dialogueact>
   <dialogueact nite:id="Bro022.C.dialogueact769" starttime="1678.73" endtime="1688.36" type="s" adjacency="32b++.33a" original-type="s" channel="c2" participant="mn007">
      <nite:child href="Bro022.C.words.xml#id(Bro022.w.6,128)..id(Bro022.w.6,151)"/>
   </dialogueact>
   <dialogueact nite:id="Bro022.C.dialogueact770" starttime="1689.16" endtime="1689.41" type="fh" original-type="fh" channel="c2" participant="mn007">
      <nite:child href="Bro022.C.words.xml#id(Bro022.w.6,152)..id(Bro022.w.6,153)"/>
   </dialogueact>
   <dialogueact nite:id="Bro022.C.dialogueact771" starttime="1690.52" endtime="1695.22" type="s" adjacency="32b+++.33a+" original-type="s" channel="c2" participant="mn007">
      <nite:child href="Bro022.C.words.xml#id(Bro022.w.6,154)..id(Bro022.w.6,167)"/>
   </dialogueact>
   <dialogueact nite:id="Bro022.C.dialogueact772" starttime="1695.22" endtime="1695.69" type="fh" original-type="fh" channel="c2" participant="mn007">
      <nite:child href="Bro022.C.words.xml#id(Bro022.w.6,168)..id(Bro022.disfmarker.271)"/>
   </dialogueact>
   <dialogueact nite:id="Bro022.C.dialogueact774" starttime="1700.44" endtime="1700.7" type="s^ar" adjacency="34b" original-type="s^ar" channel="c2" participant="mn007">
      <nite:child href="Bro022.C.words.xml#id(Bro022.w.6,187)..id(Bro022.w.6,188)"/>
   </dialogueact>
   <dialogueact nite:id="Bro022.C.dialogueact775" starttime="1700.81" endtime="1704.94" type="s^df" adjacency="34b+" original-type="s^df" channel="c2" participant="mn007">
      <nite:child href="Bro022.C.words.xml#id(Bro022.w.6,189)..id(Bro022.w.6,200)"/>
   </dialogueact>
   <dialogueact nite:id="Bro022.C.dialogueact777" starttime="1704.94" endtime="1708.99" type="s" adjacency="34b++.35a" original-type="s" channel="c2" participant="mn007">
      <nite:child href="Bro022.C.words.xml#id(Bro022.w.6,201)..id(Bro022.w.6,212)"/>
   </dialogueact>
   <dialogueact nite:id="Bro022.C.dialogueact778" starttime="1708.99" endtime="1709.25" type="fh" original-type="fh" channel="c2" participant="mn007">
      <nite:child href="Bro022.C.words.xml#id(Bro022.w.6,213)..id(Bro022.disfmarker.274)"/>
   </dialogueact>
   <dialogueact nite:id="Bro022.C.dialogueact780" starttime="1710.01" endtime="1710.64" type="fh" original-type="fh" channel="c2" participant="mn007">
      <nite:child href="Bro022.C.words.xml#id(Bro022.w.6,218)..id(Bro022.w.6,219)"/>
   </dialogueact>
   <dialogueact nite:id="Bro022.C.dialogueact781" starttime="1711.95" endtime="1712.16" type="fh" original-type="fh" channel="c2" participant="mn007">
      <nite:child href="Bro022.C.words.xml#id(Bro022.w.6,220)..id(Bro022.w.6,221)"/>
   </dialogueact>
   <dialogueact nite:id="Bro022.C.dialogueact784" starttime="1720.83" endtime="1720.95" type="b" original-type="b" channel="c2" participant="mn007">
      <nite:child href="Bro022.C.words.xml#id(Bro022.w.6,275)..id(Bro022.w.6,278)"/>
   </dialogueact>
   <dialogueact nite:id="Bro022.C.dialogueact785" starttime="1721.54" endtime="1721.89" type="b" original-type="b" channel="c2" participant="mn007">
      <nite:child href="Bro022.C.words.xml#id(Bro022.w.6,279)..id(Bro022.w.6,280)"/>
   </dialogueact>
   <dialogueact nite:id="Bro022.C.dialogueact787" starttime="1721.99" endtime="1722.24" type="b" original-type="b" channel="c2" participant="mn007">
      <nite:child href="Bro022.C.words.xml#id(Bro022.w.6,281)..id(Bro022.w.6,282)"/>
   </dialogueact>
   <dialogueact nite:id="Bro022.C.dialogueact788" starttime="1724.29" endtime="1725.03" type="b" original-type="b" channel="c2" participant="mn007">
      <nite:child href="Bro022.C.words.xml#id(Bro022.w.6,283)..id(Bro022.w.6,286)"/>
   </dialogueact>
   <dialogueact nite:id="Bro022.C.dialogueact789" starttime="1730.29" endtime="1730.73" type="b" original-type="b" channel="c2" participant="mn007">
      <nite:child href="Bro022.C.words.xml#id(Bro022.w.6,300)..id(Bro022.w.6,303)"/>
   </dialogueact>
   <dialogueact nite:id="Bro022.C.dialogueact799" starttime="1756.95" endtime="1757.42" type="b" original-type="b" channel="c2" participant="mn007">
      <nite:child href="Bro022.C.words.xml#id(Bro022.w.6,452)..id(Bro022.w.6,455)"/>
   </dialogueact>
   <dialogueact nite:id="Bro022.C.dialogueact804" starttime="1769.92" endtime="1770.12" type="b" original-type="b" channel="c2" participant="mn007">
      <nite:child href="Bro022.C.words.xml#id(Bro022.w.6,478)..id(Bro022.w.6,479)"/>
   </dialogueact>
   <dialogueact nite:id="Bro022.C.dialogueact805" starttime="1771.33" endtime="1772.23" type="s.%--" original-type="s.%--" channel="c2" participant="mn007">
      <nite:child href="Bro022.C.words.xml#id(Bro022.w.6,480)..id(Bro022.disfmarker.279)"/>
   </dialogueact>
   <dialogueact nite:id="Bro022.C.dialogueact806" starttime="1773.04" endtime="1773.29" type="fh" original-type="fh" channel="c2" participant="mn007">
      <nite:child href="Bro022.C.words.xml#id(Bro022.w.6,484)..id(Bro022.w.6,485)"/>
   </dialogueact>
   <dialogueact nite:id="Bro022.C.dialogueact807" starttime="1773.89" endtime="1777.23" type="s" original-type="s" channel="c2" participant="mn007">
      <nite:child href="Bro022.C.words.xml#id(Bro022.w.6,486)..id(Bro022.w.6,501)"/>
   </dialogueact>
   <dialogueact nite:id="Bro022.C.dialogueact808" starttime="1778.39" endtime="1781.22" type="fh|s" original-type="fh|s" channel="c2" participant="mn007">
      <nite:child href="Bro022.C.words.xml#id(Bro022.w.6,502)..id(Bro022.w.6,512)"/>
   </dialogueact>
   <dialogueact nite:id="Bro022.C.dialogueact809" starttime="1781.22" endtime="1791.14" type="s^df" adjacency="1a" original-type="s^df" channel="c2" participant="mn007">
      <nite:child href="Bro022.C.words.xml#id(Bro022.w.6,513)..id(Bro022.w.6,539)"/>
   </dialogueact>
   <dialogueact nite:id="Bro022.C.dialogueact810" starttime="1791.14" endtime="1791.33" type="fh" original-type="fh" channel="c2" participant="mn007">
      <nite:child href="Bro022.C.words.xml#id(Bro022.w.6,540)..id(Bro022.disfmarker.282)"/>
   </dialogueact>
   <dialogueact nite:id="Bro022.C.dialogueact811" starttime="1792.29" endtime="1793.25" type="fh" original-type="fh" channel="c2" participant="mn007">
      <nite:child href="Bro022.C.words.xml#id(Bro022.w.6,541)..id(Bro022.w.6,542)"/>
   </dialogueact>
   <dialogueact nite:id="Bro022.C.dialogueact813" starttime="1794.24" endtime="1794.55" type="fh" original-type="fh" channel="c2" participant="mn007">
      <nite:child href="Bro022.C.words.xml#id(Bro022.w.6,558)..id(Bro022.disfmarker.284)"/>
   </dialogueact>
   <dialogueact nite:id="Bro022.C.dialogueact816" starttime="1800.54" endtime="1800.83" type="s^bk" adjacency="2b" original-type="s^bk" channel="c2" participant="mn007">
      <nite:child href="Bro022.C.words.xml#id(Bro022.w.6,574)..id(Bro022.w.6,575)"/>
   </dialogueact>
   <dialogueact nite:id="Bro022.C.dialogueact817" starttime="1800.83" endtime="1804.74" type="s.%-" adjacency="2b+.3a" original-type="s.%-" channel="c2" participant="mn007">
      <nite:child href="Bro022.C.words.xml#id(Bro022.w.6,576)..id(Bro022.disfmarker.286)"/>
   </dialogueact>
   <dialogueact nite:id="Bro022.C.dialogueact820" starttime="1805.66" endtime="1806.57" type="s.%--" original-type="s.%--" channel="c2" participant="mn007">
      <nite:child href="Bro022.C.words.xml#id(Bro022.w.6,608)..id(Bro022.disfmarker.291)"/>
   </dialogueact>
   <dialogueact nite:id="Bro022.C.dialogueact823" starttime="1807.33" endtime="1807.5" type="b" original-type="b" channel="c2" participant="mn007">
      <nite:child href="Bro022.C.words.xml#id(Bro022.w.6,611)..id(Bro022.w.6,612)"/>
   </dialogueact>
   <dialogueact nite:id="Bro022.C.dialogueact825" starttime="1808.21" endtime="1808.48" type="fg" original-type="fg" channel="c2" participant="mn007">
      <nite:child href="Bro022.C.words.xml#id(Bro022.w.6,613)..id(Bro022.disfmarker.292)"/>
   </dialogueact>
   <dialogueact nite:id="Bro022.C.dialogueact827" starttime="1809.82" endtime="1809.96" type="s^bk" adjacency="4b" original-type="s^bk" channel="c2" participant="mn007">
      <nite:child href="Bro022.C.words.xml#id(Bro022.w.6,635)..id(Bro022.w.6,636)"/>
   </dialogueact>
   <dialogueact nite:id="Bro022.C.dialogueact828" starttime="1809.96" endtime="1816.11" type="s^df^na" adjacency="4b+" original-type="s^df^na" channel="c2" participant="mn007">
      <nite:child href="Bro022.C.words.xml#id(Bro022.w.6,637)..id(Bro022.w.6,662)"/>
   </dialogueact>
   <dialogueact nite:id="Bro022.C.dialogueact834" starttime="1816.65" endtime="1816.81" type="%--" original-type="%--" channel="c2" participant="mn007">
      <nite:child href="Bro022.C.words.xml#id(Bro022.w.6,663)..id(Bro022.disfmarker.296)"/>
   </dialogueact>
   <dialogueact nite:id="Bro022.C.dialogueact835" starttime="1817.04" endtime="1817.21" type="fh" original-type="fh" channel="c2" participant="mn007">
      <nite:child href="Bro022.C.words.xml#id(Bro022.w.6,664)..id(Bro022.w.6,665)"/>
   </dialogueact>
   <dialogueact nite:id="Bro022.C.dialogueact836" starttime="1821.37" endtime="1821.59" type="fg" original-type="fg" channel="c2" participant="mn007">
      <nite:child href="Bro022.C.words.xml#id(Bro022.w.6,670)..id(Bro022.w.6,671)"/>
   </dialogueact>
   <dialogueact nite:id="Bro022.C.dialogueact837" starttime="1821.59" endtime="1828.42" type="s^tc" original-type="s^tc" channel="c2" participant="mn007">
      <nite:child href="Bro022.C.words.xml#id(Bro022.w.6,672)..id(Bro022.w.6,691)"/>
   </dialogueact>
   <dialogueact nite:id="Bro022.C.dialogueact838" starttime="1829.03" endtime="1829.63" type="fh" original-type="fh" channel="c2" participant="mn007">
      <nite:child href="Bro022.C.words.xml#id(Bro022.w.6,692)..id(Bro022.w.6,693)"/>
   </dialogueact>
   <dialogueact nite:id="Bro022.C.dialogueact839" starttime="1829.73" endtime="1840.58" type="s" original-type="s" channel="c2" participant="mn007">
      <nite:child href="Bro022.C.words.xml#id(Bro022.w.6,694)..id(Bro022.w.6,723)"/>
   </dialogueact>
   <dialogueact nite:id="Bro022.C.dialogueact840" starttime="1841.99" endtime="1842.76" type="fh" original-type="fh" channel="c2" participant="mn007">
      <nite:child href="Bro022.C.words.xml#id(Bro022.w.6,724)..id(Bro022.w.6,725)"/>
   </dialogueact>
   <dialogueact nite:id="Bro022.C.dialogueact841" starttime="1845.19" endtime="1848.86" type="s" original-type="s" channel="c2" participant="mn007">
      <nite:child href="Bro022.C.words.xml#id(Bro022.w.6,726)..id(Bro022.w.6,738)"/>
   </dialogueact>
   <dialogueact nite:id="Bro022.C.dialogueact843" starttime="1849.45" endtime="1858.25" type="s" original-type="s" channel="c2" participant="mn007">
      <nite:child href="Bro022.C.words.xml#id(Bro022.w.6,743)..id(Bro022.w.6,762)"/>
   </dialogueact>
   <dialogueact nite:id="Bro022.C.dialogueact844" starttime="1859.59" endtime="1860.37" type="fh" original-type="fh" channel="c2" participant="mn007">
      <nite:child href="Bro022.C.words.xml#id(Bro022.w.6,763)..id(Bro022.w.6,764)"/>
   </dialogueact>
   <dialogueact nite:id="Bro022.C.dialogueact845" starttime="1861.52" endtime="1862.06" type="fh" original-type="fh" channel="c2" participant="mn007">
      <nite:child href="Bro022.C.words.xml#id(Bro022.w.6,765)..id(Bro022.w.6,766)"/>
   </dialogueact>
   <dialogueact nite:id="Bro022.C.dialogueact846" starttime="1862.13" endtime="1866.16" type="s" original-type="s" channel="c2" participant="mn007">
      <nite:child href="Bro022.C.words.xml#id(Bro022.w.6,767)..id(Bro022.w.6,779)"/>
   </dialogueact>
   <dialogueact nite:id="Bro022.C.dialogueact847" starttime="1866.75" endtime="1871.52" type="s" original-type="s" channel="c2" participant="mn007">
      <nite:child href="Bro022.C.words.xml#id(Bro022.w.6,780)..id(Bro022.w.6,791)"/>
   </dialogueact>
   <dialogueact nite:id="Bro022.C.dialogueact848" starttime="1871.98" endtime="1873.07" type="s" original-type="s" channel="c2" participant="mn007">
      <nite:child href="Bro022.C.words.xml#id(Bro022.w.6,792)..id(Bro022.w.6,797)"/>
   </dialogueact>
   <dialogueact nite:id="Bro022.C.dialogueact849" starttime="1873.99" endtime="1874.67" type="fh" original-type="fh" channel="c2" participant="mn007">
      <nite:child href="Bro022.C.words.xml#id(Bro022.w.6,798)..id(Bro022.w.6,799)"/>
   </dialogueact>
   <dialogueact nite:id="Bro022.C.dialogueact850" starttime="1876.33" endtime="1881.23" type="s" original-type="s" channel="c2" participant="mn007">
      <nite:child href="Bro022.C.words.xml#id(Bro022.w.6,800)..id(Bro022.w.6,813)"/>
   </dialogueact>
   <dialogueact nite:id="Bro022.C.dialogueact852" starttime="1884.41" endtime="1885.07" type="fh" original-type="fh" channel="c2" participant="mn007">
      <nite:child href="Bro022.C.words.xml#id(Bro022.w.6,816)..id(Bro022.w.6,817)"/>
   </dialogueact>
   <dialogueact nite:id="Bro022.C.dialogueact853" starttime="1885.35" endtime="1885.78" type="%-" original-type="%-" channel="c2" participant="mn007">
      <nite:child href="Bro022.C.words.xml#id(Bro022.w.6,818)..id(Bro022.disfmarker.300)"/>
   </dialogueact>
   <dialogueact nite:id="Bro022.C.dialogueact861" starttime="1906.32" endtime="1906.86" type="b" original-type="b" channel="c2" participant="mn007">
      <nite:child href="Bro022.C.words.xml#id(Bro022.w.6,883)..id(Bro022.w.6,886)"/>
   </dialogueact>
   <dialogueact nite:id="Bro022.C.dialogueact863" starttime="1910.58" endtime="1910.83" type="b" original-type="b" channel="c2" participant="mn007">
      <nite:child href="Bro022.C.words.xml#id(Bro022.w.6,889)..id(Bro022.w.6,890)"/>
   </dialogueact>
   <dialogueact nite:id="Bro022.C.dialogueact864" starttime="1913.01" endtime="1915.71" type="s^bu.%--" adjacency="5a" original-type="s^bu.%--" channel="c2" participant="mn007">
      <nite:child href="Bro022.C.words.xml#id(Bro022.w.6,891)..id(Bro022.disfmarker.305)"/>
   </dialogueact>
   <dialogueact nite:id="Bro022.C.dialogueact866" starttime="1925.26" endtime="1925.55" type="b" original-type="b" channel="c2" participant="mn007">
      <nite:child href="Bro022.C.words.xml#id(Bro022.w.6,938)..id(Bro022.w.6,941)"/>
   </dialogueact>
   <dialogueact nite:id="Bro022.C.dialogueact871" starttime="1938.43" endtime="1938.87" type="b" original-type="b" channel="c2" participant="mn007">
      <nite:child href="Bro022.C.words.xml#id(Bro022.w.6,987)..id(Bro022.w.6,990)"/>
   </dialogueact>
   <dialogueact nite:id="Bro022.C.dialogueact873" starttime="1945.52" endtime="1945.75" type="b" original-type="b" channel="c2" participant="mn007">
      <nite:child href="Bro022.C.words.xml#id(Bro022.w.7,002)..id(Bro022.w.7,003)"/>
   </dialogueact>
   <dialogueact nite:id="Bro022.C.dialogueact876" starttime="1953.81" endtime="1954.21" type="b" original-type="b" channel="c2" participant="mn007">
      <nite:child href="Bro022.C.words.xml#id(Bro022.w.7,055)..id(Bro022.w.7,058)"/>
   </dialogueact>
   <dialogueact nite:id="Bro022.C.dialogueact881" starttime="1967.39" endtime="1967.73" type="b" original-type="b" channel="c2" participant="mn007">
      <nite:child href="Bro022.C.words.xml#id(Bro022.w.7,101)..id(Bro022.w.7,102)"/>
   </dialogueact>
   <dialogueact nite:id="Bro022.C.dialogueact883" starttime="1971.65" endtime="1972.15" type="b" original-type="b" channel="c2" participant="mn007">
      <nite:child href="Bro022.C.words.xml#id(Bro022.w.7,112)..id(Bro022.w.7,115)"/>
   </dialogueact>
   <dialogueact nite:id="Bro022.C.dialogueact885" starttime="1975.19" endtime="1975.52" type="b" original-type="b" channel="c2" participant="mn007">
      <nite:child href="Bro022.C.words.xml#id(Bro022.w.7,154)..id(Bro022.w.7,157)"/>
   </dialogueact>
   <dialogueact nite:id="Bro022.C.dialogueact887" starttime="1978.35" endtime="1978.77" type="b" original-type="b" channel="c2" participant="mn007">
      <nite:child href="Bro022.C.words.xml#id(Bro022.w.7,158)..id(Bro022.w.7,161)"/>
   </dialogueact>
   <dialogueact nite:id="Bro022.C.dialogueact889" starttime="1979.83" endtime="1980.04" type="fg" original-type="fg" channel="c2" participant="mn007">
      <nite:child href="Bro022.C.words.xml#id(Bro022.w.7,164)..id(Bro022.w.7,167)"/>
   </dialogueact>
   <dialogueact nite:id="Bro022.C.dialogueact890" starttime="1980.04" endtime="1982.44" type="s.%--" original-type="s.%--" channel="c2" participant="mn007">
      <nite:child href="Bro022.C.words.xml#id(Bro022.w.7,168)..id(Bro022.disfmarker.318)"/>
   </dialogueact>
   <dialogueact nite:id="Bro022.C.dialogueact891" starttime="1983.44" endtime="1991.09" type="s" original-type="s" channel="c2" participant="mn007">
      <nite:child href="Bro022.C.words.xml#id(Bro022.w.7,177)..id(Bro022.w.7,194)"/>
   </dialogueact>
   <dialogueact nite:id="Bro022.C.dialogueact892" starttime="1991.1" endtime="1995.96" type="s" original-type="s" channel="c2" participant="mn007">
      <nite:child href="Bro022.C.words.xml#id(Bro022.w.7,195)..id(Bro022.disfmarker.321)"/>
   </dialogueact>
   <dialogueact nite:id="Bro022.C.dialogueact893" starttime="1996.09" endtime="2001.55" type="s^e" original-type="s^e" channel="c2" participant="mn007">
      <nite:child href="Bro022.C.words.xml#id(Bro022.w.7,210)..id(Bro022.w.7,231)"/>
   </dialogueact>
   <dialogueact nite:id="Bro022.C.dialogueact894" starttime="2001.64" endtime="2001.91" type="fh" original-type="fh" channel="c2" participant="mn007">
      <nite:child href="Bro022.C.words.xml#id(Bro022.w.7,232)..id(Bro022.w.7,233)"/>
   </dialogueact>
   <dialogueact nite:id="Bro022.C.dialogueact895" starttime="2002.67" endtime="2006.77" type="s" original-type="s" channel="c2" participant="mn007">
      <nite:child href="Bro022.C.words.xml#id(Bro022.w.7,234)..id(Bro022.w.7,247)"/>
   </dialogueact>
   <dialogueact nite:id="Bro022.C.dialogueact896" starttime="2008.31" endtime="2014.3" type="s^e" original-type="s^e" channel="c2" participant="mn007">
      <nite:child href="Bro022.C.words.xml#id(Bro022.w.7,248)..id(Bro022.w.7,269)"/>
   </dialogueact>
   <dialogueact nite:id="Bro022.C.dialogueact897" starttime="2015.79" endtime="2016.28" type="b" original-type="b" channel="c2" participant="mn007">
      <nite:child href="Bro022.C.words.xml#id(Bro022.w.7,270)..id(Bro022.w.7,271)"/>
   </dialogueact>
   <dialogueact nite:id="Bro022.C.dialogueact899" starttime="2017.29" endtime="2029.22" type="s" original-type="s" channel="c2" participant="mn007">
      <nite:child href="Bro022.C.words.xml#id(Bro022.w.7,272)..id(Bro022.w.7,309)"/>
   </dialogueact>
   <dialogueact nite:id="Bro022.C.dialogueact905" starttime="2039.91" endtime="2040.14" type="s^aa" adjacency="6b" original-type="s^aa" channel="c2" participant="mn007">
      <nite:child href="Bro022.C.words.xml#id(Bro022.w.7,348)..id(Bro022.w.7,349)"/>
   </dialogueact>
   <dialogueact nite:id="Bro022.C.dialogueact907" starttime="2041.25" endtime="2041.43" type="fg" original-type="fg" channel="c2" participant="mn007">
      <nite:child href="Bro022.C.words.xml#id(Bro022.w.7,352)..id(Bro022.disfmarker.333)"/>
   </dialogueact>
   <dialogueact nite:id="Bro022.C.dialogueact908" starttime="2043.14" endtime="2043.25" type="s^bk" original-type="s^bk" channel="c2" participant="mn007">
      <nite:child href="Bro022.C.words.xml#id(Bro022.w.7,353)..id(Bro022.w.7,354)"/>
   </dialogueact>
   <dialogueact nite:id="Bro022.C.dialogueact909" starttime="2043.71" endtime="2046.39" type="s.%--" original-type="s.%--" channel="c2" participant="mn007">
      <nite:child href="Bro022.C.words.xml#id(Bro022.w.7,355)..id(Bro022.disfmarker.334)"/>
   </dialogueact>
   <dialogueact nite:id="Bro022.C.dialogueact910" starttime="2046.94" endtime="2047.29" type="fh" original-type="fh" channel="c2" participant="mn007">
      <nite:child href="Bro022.C.words.xml#id(Bro022.w.7,365)..id(Bro022.w.7,368)"/>
   </dialogueact>
   <dialogueact nite:id="Bro022.C.dialogueact912" starttime="2048.3" endtime="2050.72" type="s.%--" original-type="s.%--" channel="c2" participant="mn007">
      <nite:child href="Bro022.C.words.xml#id(Bro022.w.7,374)..id(Bro022.disfmarker.336)"/>
   </dialogueact>
   <dialogueact nite:id="Bro022.C.dialogueact913" starttime="2053.4" endtime="2053.89" type="s.%--" original-type="s.%--" channel="c2" participant="mn007">
      <nite:child href="Bro022.C.words.xml#id(Bro022.w.7,386)..id(Bro022.disfmarker.338)"/>
   </dialogueact>
   <dialogueact nite:id="Bro022.C.dialogueact915" starttime="2054.9" endtime="2061.78" type="s" adjacency="7a" original-type="s" channel="c2" participant="mn007">
      <nite:child href="Bro022.C.words.xml#id(Bro022.w.7,394)..id(Bro022.w.7,423)"/>
   </dialogueact>
   <dialogueact nite:id="Bro022.C.dialogueact919" starttime="2063.14" endtime="2063.62" type="fh" original-type="fh" channel="c2" participant="mn007">
      <nite:child href="Bro022.C.words.xml#id(Bro022.w.7,453)..id(Bro022.w.7,456)"/>
   </dialogueact>
   <dialogueact nite:id="Bro022.C.dialogueact921" starttime="2064.36" endtime="2064.83" type="b" original-type="b" channel="c2" participant="mn007">
      <nite:child href="Bro022.C.words.xml#id(Bro022.w.7,457)..id(Bro022.w.7,460)"/>
   </dialogueact>
   <dialogueact nite:id="Bro022.C.dialogueact925" starttime="2071.02" endtime="2071.18" type="s^aa" adjacency="8b" original-type="s^aa" channel="c2" participant="mn007">
      <nite:child href="Bro022.C.words.xml#id(Bro022.w.7,477)..id(Bro022.w.7,478)"/>
   </dialogueact>
   <dialogueact nite:id="Bro022.C.dialogueact926" starttime="2071.34" endtime="2072.4" type="b" original-type="b" channel="c2" participant="mn007">
      <nite:child href="Bro022.C.words.xml#id(Bro022.w.7,479)..id(Bro022.w.7,483)"/>
   </dialogueact>
   <dialogueact nite:id="Bro022.C.dialogueact930" starttime="2084.95" endtime="2085.42" type="b" original-type="b" channel="c2" participant="mn007">
      <nite:child href="Bro022.C.words.xml#id(Bro022.w.7,534)..id(Bro022.w.7,537)"/>
   </dialogueact>
   <dialogueact nite:id="Bro022.C.dialogueact935" starttime="2099.04" endtime="2099.43" type="b" original-type="b" channel="c2" participant="mn007">
      <nite:child href="Bro022.C.words.xml#id(Bro022.w.7,586)..id(Bro022.w.7,589)"/>
   </dialogueact>
   <dialogueact nite:id="Bro022.C.dialogueact946" starttime="2119.59" endtime="2123.17" type="s" original-type="s" channel="c2" participant="mn007">
      <nite:child href="Bro022.C.words.xml#id(Bro022.w.7,653)..id(Bro022.w.7,671)"/>
   </dialogueact>
   <dialogueact nite:id="Bro022.C.dialogueact947" starttime="2123.17" endtime="2130.55" type="s" original-type="s" channel="c2" participant="mn007">
      <nite:child href="Bro022.C.words.xml#id(Bro022.w.7,672)..id(Bro022.w.7,694)"/>
   </dialogueact>
   <dialogueact nite:id="Bro022.C.dialogueact948" starttime="2130.55" endtime="2132.42" type="s" original-type="s" channel="c2" participant="mn007">
      <nite:child href="Bro022.C.words.xml#id(Bro022.w.7,695)..id(Bro022.w.7,702)"/>
   </dialogueact>
   <dialogueact nite:id="Bro022.C.dialogueact950" starttime="2133.78" endtime="2134.49" type="fh" original-type="fh" channel="c2" participant="mn007">
      <nite:child href="Bro022.C.words.xml#id(Bro022.w.7,707)..id(Bro022.w.7,708)"/>
   </dialogueact>
   <dialogueact nite:id="Bro022.C.dialogueact951" starttime="2136.2" endtime="2138.67" type="s^rt^tc" original-type="s^rt^tc" channel="c2" participant="mn007">
      <nite:child href="Bro022.C.words.xml#id(Bro022.w.7,709)..id(Bro022.w.7,719)"/>
   </dialogueact>
   <dialogueact nite:id="Bro022.C.dialogueact952" starttime="2139.1" endtime="2139.74" type="fh" original-type="fh" channel="c2" participant="mn007">
      <nite:child href="Bro022.C.words.xml#id(Bro022.w.7,720)..id(Bro022.w.7,721)"/>
   </dialogueact>
   <dialogueact nite:id="Bro022.C.dialogueact953" starttime="2142.38" endtime="2143.09" type="fh" original-type="fh" channel="c2" participant="mn007">
      <nite:child href="Bro022.C.words.xml#id(Bro022.w.7,722)..id(Bro022.w.7,723)"/>
   </dialogueact>
   <dialogueact nite:id="Bro022.C.dialogueact954" starttime="2144.49" endtime="2151.19" type="s^e" original-type="s^e" channel="c2" participant="mn007">
      <nite:child href="Bro022.C.words.xml#id(Bro022.w.7,724)..id(Bro022.w.7,742)"/>
   </dialogueact>
   <dialogueact nite:id="Bro022.C.dialogueact955" starttime="2152.76" endtime="2157.83" type="fh|s^e" original-type="fh|s^e" channel="c2" participant="mn007">
      <nite:child href="Bro022.C.words.xml#id(Bro022.w.7,743)..id(Bro022.w.7,757)"/>
   </dialogueact>
   <dialogueact nite:id="Bro022.C.dialogueact956" starttime="2157.83" endtime="2158.23" type="fh" original-type="fh" channel="c2" participant="mn007">
      <nite:child href="Bro022.C.words.xml#id(Bro022.w.7,758)..id(Bro022.w.7,759)"/>
   </dialogueact>
   <dialogueact nite:id="Bro022.C.dialogueact957" starttime="2158.58" endtime="2163.64" type="s" original-type="s" channel="c2" participant="mn007">
      <nite:child href="Bro022.C.words.xml#id(Bro022.w.7,760)..id(Bro022.w.7,775)"/>
   </dialogueact>
   <dialogueact nite:id="Bro022.C.dialogueact958" starttime="2163.64" endtime="2177.05" type="s" original-type="s" channel="c2" participant="mn007">
      <nite:child href="Bro022.C.words.xml#id(Bro022.w.7,776)..id(Bro022.w.7,805)"/>
   </dialogueact>
   <dialogueact nite:id="Bro022.C.dialogueact959" starttime="2178.3" endtime="2183.09" type="s" original-type="s" channel="c2" participant="mn007">
      <nite:child href="Bro022.C.words.xml#id(Bro022.w.7,806)..id(Bro022.w.7,817)"/>
   </dialogueact>
   <dialogueact nite:id="Bro022.C.dialogueact960" starttime="2183.99" endtime="2187.91" type="s^rt" original-type="s^rt" channel="c2" participant="mn007">
      <nite:child href="Bro022.C.words.xml#id(Bro022.w.7,818)..id(Bro022.w.7,828)"/>
   </dialogueact>
   <dialogueact nite:id="Bro022.C.dialogueact961" starttime="2188.08" endtime="2195.55" type="s" original-type="s" channel="c2" participant="mn007">
      <nite:child href="Bro022.C.words.xml#id(Bro022.w.7,829)..id(Bro022.w.7,841)"/>
   </dialogueact>
   <dialogueact nite:id="Bro022.C.dialogueact962" starttime="2196.55" endtime="2197.58" type="s" original-type="s" channel="c2" participant="mn007">
      <nite:child href="Bro022.C.words.xml#id(Bro022.w.7,842)..id(Bro022.w.7,848)"/>
   </dialogueact>
   <dialogueact nite:id="Bro022.C.dialogueact964" starttime="2200.76" endtime="2201.13" type="b" original-type="b" channel="c2" participant="mn007">
      <nite:child href="Bro022.C.words.xml#id(Bro022.w.7,853)..id(Bro022.w.7,856)"/>
   </dialogueact>
   <dialogueact nite:id="Bro022.C.dialogueact966" starttime="2204.55" endtime="2204.91" type="b" original-type="b" channel="c2" participant="mn007">
      <nite:child href="Bro022.C.words.xml#id(Bro022.w.7,857)..id(Bro022.w.7,860)"/>
   </dialogueact>
   <dialogueact nite:id="Bro022.C.dialogueact967" starttime="2205.6" endtime="2207.28" type="s.%--" original-type="s.%--" channel="c2" participant="mn007">
      <nite:child href="Bro022.C.words.xml#id(Bro022.w.7,861)..id(Bro022.w.7,869)"/>
   </dialogueact>
   <dialogueact nite:id="Bro022.C.dialogueact968" starttime="2207.28" endtime="2207.55" type="fh" original-type="fh" channel="c2" participant="mn007">
      <nite:child href="Bro022.C.words.xml#id(Bro022.w.7,870)..id(Bro022.disfmarker.355)"/>
   </dialogueact>
   <dialogueact nite:id="Bro022.C.dialogueact969" starttime="2208.64" endtime="2210.42" type="s" original-type="s" channel="c2" participant="mn007">
      <nite:child href="Bro022.C.words.xml#id(Bro022.w.7,871)..id(Bro022.w.7,881)"/>
   </dialogueact>
   <dialogueact nite:id="Bro022.C.dialogueact970" starttime="2210.42" endtime="2217.97" type="s" original-type="s" channel="c2" participant="mn007">
      <nite:child href="Bro022.C.words.xml#id(Bro022.w.7,882)..id(Bro022.w.7,905)"/>
   </dialogueact>
   <dialogueact nite:id="Bro022.C.dialogueact971" starttime="2219.13" endtime="2220.08" type="fh" original-type="fh" channel="c2" participant="mn007">
      <nite:child href="Bro022.C.words.xml#id(Bro022.w.7,906)..id(Bro022.w.7,907)"/>
   </dialogueact>
   <dialogueact nite:id="Bro022.C.dialogueact972" starttime="2220.85" endtime="2227.15" type="s" original-type="s" channel="c2" participant="mn007">
      <nite:child href="Bro022.C.words.xml#id(Bro022.w.7,908)..id(Bro022.w.7,930)"/>
   </dialogueact>
   <dialogueact nite:id="Bro022.C.dialogueact973" starttime="2227.15" endtime="2229.7" type="s" original-type="s" channel="c2" participant="mn007">
      <nite:child href="Bro022.C.words.xml#id(Bro022.w.7,931)..id(Bro022.w.7,939)"/>
   </dialogueact>
   <dialogueact nite:id="Bro022.C.dialogueact974" starttime="2229.7" endtime="2229.83" type="fh" original-type="fh" channel="c2" participant="mn007">
      <nite:child href="Bro022.C.words.xml#id(Bro022.w.7,940)..id(Bro022.w.7,941)"/>
   </dialogueact>
   <dialogueact nite:id="Bro022.C.dialogueact975" starttime="2231.79" endtime="2231.92" type="fh" original-type="fh" channel="c2" participant="mn007">
      <nite:child href="Bro022.C.words.xml#id(Bro022.w.7,942)..id(Bro022.w.7,943)"/>
   </dialogueact>
   <dialogueact nite:id="Bro022.C.dialogueact976" starttime="2234.0" endtime="2234.86" type="fh" original-type="fh" channel="c2" participant="mn007">
      <nite:child href="Bro022.C.words.xml#id(Bro022.w.7,944)..id(Bro022.w.7,945)"/>
   </dialogueact>
   <dialogueact nite:id="Bro022.C.dialogueact977" starttime="2238.38" endtime="2240.24" type="s" original-type="s" channel="c2" participant="mn007">
      <nite:child href="Bro022.C.words.xml#id(Bro022.w.7,946)..id(Bro022.w.7,957)"/>
   </dialogueact>
   <dialogueact nite:id="Bro022.C.dialogueact978" starttime="2240.37" endtime="2240.52" type="%--" original-type="%--" channel="c2" participant="mn007">
      <nite:child href="Bro022.C.words.xml#id(Bro022.w.7,958)"/>
   </dialogueact>
   <dialogueact nite:id="Bro022.C.dialogueact979" starttime="2242.36" endtime="2242.57" type="s" original-type="s" channel="c2" participant="mn007">
      <nite:child href="Bro022.C.words.xml#id(Bro022.w.7,959)..id(Bro022.w.7,962)"/>
   </dialogueact>
   <dialogueact nite:id="Bro022.C.dialogueact980" starttime="2243.22" endtime="2259.27" type="s^cc" original-type="s^cc" channel="c2" participant="mn007">
      <nite:child href="Bro022.C.words.xml#id(Bro022.w.7,963)..id(Bro022.w.7,997)"/>
   </dialogueact>
   <dialogueact nite:id="Bro022.C.dialogueact981" starttime="2259.53" endtime="2260.99" type="s^e" original-type="s^e" channel="c2" participant="mn007">
      <nite:child href="Bro022.C.words.xml#id(Bro022.w.7,998)..id(Bro022.w.8,005)"/>
   </dialogueact>
   <dialogueact nite:id="Bro022.C.dialogueact982" starttime="2261.49" endtime="2262.62" type="s^e" original-type="s^e" channel="c2" participant="mn007">
      <nite:child href="Bro022.C.words.xml#id(Bro022.w.8,006)..id(Bro022.w.8,011)"/>
   </dialogueact>
   <dialogueact nite:id="Bro022.C.dialogueact983" starttime="2262.62" endtime="2262.69" type="fh" original-type="fh" channel="c2" participant="mn007">
      <nite:child href="Bro022.C.words.xml#id(Bro022.w.8,012)..id(Bro022.disfmarker.360)"/>
   </dialogueact>
   <dialogueact nite:id="Bro022.C.dialogueact985" starttime="2267.51" endtime="2267.77" type="s^aa" adjacency="11b" original-type="s^aa" channel="c2" participant="mn007">
      <nite:child href="Bro022.C.words.xml#id(Bro022.w.8,021)..id(Bro022.w.8,022)"/>
   </dialogueact>
   <dialogueact nite:id="Bro022.C.dialogueact986" starttime="2268.03" endtime="2268.33" type="s^aa" adjacency="1b+" original-type="s^aa" channel="c2" participant="mn007">
      <nite:child href="Bro022.C.words.xml#id(Bro022.w.8,023)..id(Bro022.w.8,024)"/>
   </dialogueact>
   <dialogueact nite:id="Bro022.C.dialogueact987" starttime="2269.23" endtime="2270.05" type="fh" original-type="fh" channel="c2" participant="mn007">
      <nite:child href="Bro022.C.words.xml#id(Bro022.w.8,025)..id(Bro022.w.8,026)"/>
   </dialogueact>
   <dialogueact nite:id="Bro022.C.dialogueact989" starttime="2273.45" endtime="2273.57" type="s^aa" adjacency="12b" original-type="s^aa" channel="c2" participant="mn007">
      <nite:child href="Bro022.C.words.xml#id(Bro022.w.8,037)..id(Bro022.w.8,038)"/>
   </dialogueact>
   <dialogueact nite:id="Bro022.C.dialogueact990" starttime="2273.99" endtime="2278.11" type="s" adjacency="12b+.13a" original-type="s" channel="c2" participant="mn007">
      <nite:child href="Bro022.C.words.xml#id(Bro022.w.8,039)..id(Bro022.w.8,058)"/>
   </dialogueact>
   <dialogueact nite:id="Bro022.C.dialogueact992" starttime="2278.6" endtime="2278.71" type="%--" original-type="%--" channel="c2" participant="mn007">
      <nite:child href="Bro022.C.words.xml#id(Bro022.w.8,059)..id(Bro022.disfmarker.362)"/>
   </dialogueact>
   <dialogueact nite:id="Bro022.C.dialogueact993" starttime="2278.71" endtime="2278.83" type="b" original-type="b" channel="c2" participant="mn007">
      <nite:child href="Bro022.C.words.xml#id(Bro022.w.8,062)..id(Bro022.w.8,065)"/>
   </dialogueact>
   <dialogueact nite:id="Bro022.C.dialogueact994" starttime="2281.07" endtime="2281.3" type="b" original-type="b" channel="c2" participant="mn007">
      <nite:child href="Bro022.C.words.xml#id(Bro022.w.8,066)..id(Bro022.w.8,067)"/>
   </dialogueact>
   <dialogueact nite:id="Bro022.C.dialogueact1002" starttime="2290.04" endtime="2290.22" type="%--" original-type="%--" channel="c2" participant="mn007">
      <nite:child href="Bro022.C.words.xml#id(Bro022.w.8,091)..id(Bro022.disfmarker.366)"/>
   </dialogueact>
   <dialogueact nite:id="Bro022.C.dialogueact1004" starttime="2290.4" endtime="2291.1" type="s^cs.%--" original-type="s^cs.%--" channel="c2" participant="mn007">
      <nite:child href="Bro022.C.words.xml#id(Bro022.w.8,092)..id(Bro022.disfmarker.367)"/>
   </dialogueact>
   <dialogueact nite:id="Bro022.C.dialogueact1005" starttime="2291.7" endtime="2292.36" type="s.%--" original-type="s.%--" channel="c2" participant="mn007">
      <nite:child href="Bro022.C.words.xml#id(Bro022.w.8,095)..id(Bro022.disfmarker.368)"/>
   </dialogueact>
   <dialogueact nite:id="Bro022.C.dialogueact1006" starttime="2293.33" endtime="2293.87" type="s" adjacency="14a" original-type="s" channel="c2" participant="mn007">
      <nite:child href="Bro022.C.words.xml#id(Bro022.w.8,099)..id(Bro022.w.8,104)"/>
   </dialogueact>
   <dialogueact nite:id="Bro022.C.dialogueact1019" starttime="2321.86" endtime="2322.07" type="b" original-type="b" channel="c2" participant="mn007">
      <nite:child href="Bro022.C.words.xml#id(Bro022.w.8,203)..id(Bro022.w.8,206)"/>
   </dialogueact>
   <dialogueact nite:id="Bro022.C.dialogueact1020" starttime="2322.8" endtime="2324.52" type="qy^bu^d^rt" adjacency="15a" original-type="qy^bu^d^rt" channel="c2" participant="mn007">
      <nite:child href="Bro022.C.words.xml#id(Bro022.w.8,209)..id(Bro022.w.8,217)"/>
   </dialogueact>
   <dialogueact nite:id="Bro022.C.dialogueact1023" starttime="2325.39" endtime="2327.21" type="s.%-" adjacency="16a" original-type="s.%-" channel="c2" participant="mn007">
      <nite:child href="Bro022.C.words.xml#id(Bro022.w.8,225)..id(Bro022.disfmarker.374)"/>
   </dialogueact>
   <dialogueact nite:id="Bro022.C.dialogueact1026" starttime="2327.91" endtime="2328.19" type="%--" original-type="%--" channel="c2" participant="mn007">
      <nite:child href="Bro022.C.words.xml#id(Bro022.w.8,253)"/>
   </dialogueact>
   <dialogueact nite:id="Bro022.C.dialogueact1027" starttime="2329.06" endtime="2329.44" type="b" original-type="b" channel="c2" participant="mn007">
      <nite:child href="Bro022.C.words.xml#id(Bro022.w.8,254)..id(Bro022.w.8,257)"/>
   </dialogueact>
   <dialogueact nite:id="Bro022.C.dialogueact1152" starttime="2698.0" endtime="2698.59" type="b" original-type="b" channel="c2" participant="mn007">
      <nite:child href="Bro022.C.words.xml#id(Bro022.w.9,553)..id(Bro022.w.9,556)"/>
   </dialogueact>
   <dialogueact nite:id="Bro022.C.dialogueact1170" starttime="2750.8" endtime="2751.37" type="b" original-type="b" channel="c2" participant="mn007">
      <nite:child href="Bro022.C.words.xml#id(Bro022.w.9,712)..id(Bro022.w.9,715)"/>
   </dialogueact>
   <dialogueact nite:id="Bro022.C.dialogueact1176" starttime="2760.77" endtime="2761.32" type="b" original-type="b" channel="c2" participant="mn007">
      <nite:child href="Bro022.C.words.xml#id(Bro022.w.9,767)..id(Bro022.w.9,770)"/>
   </dialogueact>
   <dialogueact nite:id="Bro022.C.dialogueact1180" starttime="2767.74" endtime="2770.88" type="s" adjacency="7a" original-type="s" channel="c2" participant="mn007">
      <nite:child href="Bro022.C.words.xml#id(Bro022.w.9,775)..id(Bro022.w.9,787)"/>
   </dialogueact>
   <dialogueact nite:id="Bro022.C.dialogueact1181" starttime="2770.88" endtime="2778.05" type="s" original-type="s" channel="c2" participant="mn007">
      <nite:child href="Bro022.C.words.xml#id(Bro022.w.9,788)..id(Bro022.w.9,807)"/>
   </dialogueact>
   <dialogueact nite:id="Bro022.C.dialogueact1183" starttime="2778.21" endtime="2778.53" type="fh" original-type="fh" channel="c2" participant="mn007">
      <nite:child href="Bro022.C.words.xml#id(Bro022.w.9,808)..id(Bro022.disfmarker.452)"/>
   </dialogueact>
   <dialogueact nite:id="Bro022.C.dialogueact1184" starttime="2780.42" endtime="2788.27" type="s" adjacency="8a" original-type="s" channel="c2" participant="mn007">
      <nite:child href="Bro022.C.words.xml#id(Bro022.w.9,809)..id(Bro022.w.9,842)"/>
   </dialogueact>
   <dialogueact nite:id="Bro022.C.dialogueact1186" starttime="2789.7" endtime="2790.18" type="fh" original-type="fh" channel="c2" participant="mn007">
      <nite:child href="Bro022.C.words.xml#id(Bro022.w.9,843)..id(Bro022.w.9,844)"/>
   </dialogueact>
   <dialogueact nite:id="Bro022.C.dialogueact1187" starttime="2790.88" endtime="2791.06" type="fh" original-type="fh" channel="c2" participant="mn007">
      <nite:child href="Bro022.C.words.xml#id(Bro022.w.9,845)..id(Bro022.w.9,846)"/>
   </dialogueact>
   <dialogueact nite:id="Bro022.C.dialogueact1191" starttime="2795.07" endtime="2795.82" type="s^aa" adjacency="9b" original-type="s^aa" channel="c2" participant="mn007">
      <nite:child href="Bro022.C.words.xml#id(Bro022.w.9,869)..id(Bro022.w.9,870)"/>
   </dialogueact>
   <dialogueact nite:id="Bro022.C.dialogueact1192" starttime="2795.82" endtime="2798.91" type="s^na" adjacency="9b+.10a" original-type="s^na" channel="c2" participant="mn007">
      <nite:child href="Bro022.C.words.xml#id(Bro022.w.9,871)..id(Bro022.w.9,881)"/>
   </dialogueact>
   <dialogueact nite:id="Bro022.C.dialogueact1198" starttime="2804.64" endtime="2804.93" type="b" original-type="b" channel="c2" participant="mn007">
      <nite:child href="Bro022.C.words.xml#id(Bro022.w.9,915)..id(Bro022.w.9,918)"/>
   </dialogueact>
   <dialogueact nite:id="Bro022.C.dialogueact1199" starttime="2805.22" endtime="2805.39" type="b" original-type="b" channel="c2" participant="mn007">
      <nite:child href="Bro022.C.words.xml#id(Bro022.w.9,919)..id(Bro022.w.9,920)"/>
   </dialogueact>
   <dialogueact nite:id="Bro022.C.dialogueact1200" starttime="2806.97" endtime="2810.99" type="s^cs" original-type="s^cs" channel="c2" participant="mn007">
      <nite:child href="Bro022.C.words.xml#id(Bro022.w.9,921)..id(Bro022.w.9,935)"/>
   </dialogueact>
   <dialogueact nite:id="Bro022.C.dialogueact1201" starttime="2810.99" endtime="2811.36" type="fh" original-type="fh" channel="c2" participant="mn007">
      <nite:child href="Bro022.C.words.xml#id(Bro022.w.9,936)"/>
   </dialogueact>
   <dialogueact nite:id="Bro022.C.dialogueact1203" starttime="2812.47" endtime="2813.11" type="s^e" original-type="s^e" channel="c2" participant="mn007">
      <nite:child href="Bro022.C.words.xml#id(Bro022.w.9,939)..id(Bro022.w.9,942)"/>
   </dialogueact>
   <dialogueact nite:id="Bro022.C.dialogueact1204" starttime="2813.11" endtime="2816.71" type="s^df" original-type="s^df" channel="c2" participant="mn007">
      <nite:child href="Bro022.C.words.xml#id(Bro022.w.9,943)..id(Bro022.w.9,950)"/>
   </dialogueact>
   <dialogueact nite:id="Bro022.C.dialogueact1206" starttime="2816.71" endtime="2819.09" type="s" original-type="s" channel="c2" participant="mn007">
      <nite:child href="Bro022.C.words.xml#id(Bro022.w.9,951)..id(Bro022.w.9,957)"/>
   </dialogueact>
   <dialogueact nite:id="Bro022.C.dialogueact1207" starttime="2819.09" endtime="2819.53" type="s^e.%--" original-type="s^e.%--" channel="c2" participant="mn007">
      <nite:child href="Bro022.C.words.xml#id(Bro022.w.9,958)..id(Bro022.disfmarker.460)"/>
   </dialogueact>
   <dialogueact nite:id="Bro022.C.dialogueact1213" starttime="2834.22" endtime="2834.53" type="b" original-type="b" channel="c2" participant="mn007">
      <nite:child href="Bro022.C.words.xml#id(Bro022.w.9,986)..id(Bro022.w.9,989)"/>
   </dialogueact>
   <dialogueact nite:id="Bro022.C.dialogueact1216" starttime="2838.67" endtime="2839.02" type="b" original-type="b" channel="c2" participant="mn007">
      <nite:child href="Bro022.C.words.xml#id(Bro022.w.10,000)..id(Bro022.w.10,003)"/>
   </dialogueact>
   <dialogueact nite:id="Bro022.C.dialogueact1227" starttime="2868.74" endtime="2869.02" type="b" original-type="b" channel="c2" participant="mn007">
      <nite:child href="Bro022.C.words.xml#id(Bro022.w.10,118)..id(Bro022.w.10,121)"/>
   </dialogueact>
</nite:root>