<?xml version="1.0" encoding="ISO-8859-1" standalone="yes"?>
<nite:root nite:id="Bro024.G.dialogue-acts" xmlns:nite="http://nite.sourceforge.net/">
   <dialogueact nite:id="Bro024.G.dialogueact10" starttime="28.96" endtime="30.59" type="z" original-type="z" channel="cA" participant="mn058">
      <nite:child href="Bro024.G.words.xml#id(Bro024.w.55)..id(Bro024.w.62)"/>
   </dialogueact>
   <dialogueact nite:id="Bro024.G.dialogueact11" starttime="30.59" endtime="30.88" type="z" original-type="z" channel="cA" participant="mn058">
      <nite:child href="Bro024.G.words.xml#id(Bro024.w.63)..id(Bro024.disfmarker.4)"/>
   </dialogueact>
   <dialogueact nite:id="Bro024.G.dialogueact15" starttime="33.358" endtime="33.598" type="z" original-type="z" channel="cA" participant="mn058">
      <nite:child href="Bro024.G.words.xml#id(Bro024.w.87)..id(Bro024.w.90)"/>
   </dialogueact>
   <dialogueact nite:id="Bro024.G.dialogueact17" starttime="36.25" endtime="36.42" type="z" original-type="z" channel="cA" participant="mn058">
      <nite:child href="Bro024.G.words.xml#id(Bro024.w.91)..id(Bro024.w.94)"/>
   </dialogueact>
   <dialogueact nite:id="Bro024.G.dialogueact18" starttime="37.166" endtime="38.196" type="z" original-type="z" channel="cA" participant="mn058">
      <nite:child href="Bro024.G.words.xml#id(Bro024.w.95)..id(Bro024.w.100)"/>
   </dialogueact>
   <dialogueact nite:id="Bro024.G.dialogueact19" starttime="38.196" endtime="38.366" type="z" original-type="z" channel="cA" participant="mn058">
      <nite:child href="Bro024.G.words.xml#id(Bro024.w.101)..id(Bro024.w.102)"/>
   </dialogueact>
   <dialogueact nite:id="Bro024.G.dialogueact23" starttime="42.107" endtime="42.377" type="z" original-type="z" channel="cA" participant="mn058">
      <nite:child href="Bro024.G.words.xml#id(Bro024.w.118)..id(Bro024.w.121)"/>
   </dialogueact>
   <dialogueact nite:id="Bro024.G.dialogueact67" starttime="210.592" endtime="210.792" type="s^bk" adjacency="5b.6a" original-type="s^bk" channel="cA" participant="mn058">
      <nite:child href="Bro024.G.words.xml#id(Bro024.w.664)..id(Bro024.w.665)"/>
   </dialogueact>
   <dialogueact nite:id="Bro024.G.dialogueact70" starttime="210.792" endtime="212.012" type="s" adjacency="5b+" original-type="s" channel="cA" participant="mn058">
      <nite:child href="Bro024.G.words.xml#id(Bro024.w.666)..id(Bro024.w.672)"/>
   </dialogueact>
   <dialogueact nite:id="Bro024.G.dialogueact72" starttime="212.012" endtime="212.142" type="s^bk" adjacency="5b++" original-type="s^bk" channel="cA" participant="mn058">
      <nite:child href="Bro024.G.words.xml#id(Bro024.w.673)..id(Bro024.w.674)"/>
   </dialogueact>
   <dialogueact nite:id="Bro024.G.dialogueact245" starttime="744.694" endtime="746.834" type="s" adjacency="3b" original-type="s" channel="cA" participant="mn058">
      <nite:child href="Bro024.G.words.xml#id(Bro024.w.2,723)..id(Bro024.w.2,736)"/>
   </dialogueact>
   <dialogueact nite:id="Bro024.G.dialogueact247" starttime="746.834" endtime="749.814" type="s" adjacency="3b+" original-type="s" channel="cA" participant="mn058">
      <nite:child href="Bro024.G.words.xml#id(Bro024.w.2,737)..id(Bro024.w.2,750)"/>
   </dialogueact>
   <dialogueact nite:id="Bro024.G.dialogueact248" starttime="750.557" endtime="752.957" type="s" adjacency="3b++.4a" original-type="s" channel="cA" participant="mn058">
      <nite:child href="Bro024.G.words.xml#id(Bro024.w.2,754)..id(Bro024.w.2,765)"/>
   </dialogueact>
   <dialogueact nite:id="Bro024.G.dialogueact251" starttime="755.72" endtime="763.103" type="s" adjacency="3b+++.5a" original-type="s" channel="cA" participant="mn058">
      <nite:child href="Bro024.G.words.xml#id(Bro024.w.2,769)..id(Bro024.w.2,791)"/>
   </dialogueact>
   <dialogueact nite:id="Bro024.G.dialogueact259" starttime="782.32" endtime="787.355" type="qy^bu^d^rt" adjacency="6b.7a" original-type="qy^bu^d^rt" channel="cA" participant="mn058">
      <nite:child href="Bro024.G.words.xml#id(Bro024.w.2,856)..id(Bro024.w.2,874)"/>
   </dialogueact>
   <dialogueact nite:id="Bro024.G.dialogueact260" starttime="787.355" endtime="787.625" type="qrr.%--" adjacency="6b+" original-type="qrr.%--" channel="cA" participant="mn058">
      <nite:child href="Bro024.G.words.xml#id(Bro024.w.2,875)..id(Bro024.w.2,876)"/>
   </dialogueact>
   <dialogueact nite:id="Bro024.G.dialogueact263" starttime="789.24" endtime="789.49" type="s^bk" adjacency="8b" original-type="s^bk" channel="cA" participant="mn058">
      <nite:child href="Bro024.G.words.xml#id(Bro024.w.2,888)..id(Bro024.w.2,889)"/>
   </dialogueact>
   <dialogueact nite:id="Bro024.G.dialogueact265" starttime="789.79" endtime="793.47" type="s" adjacency="8b+.9a" original-type="s" channel="cA" participant="mn058">
      <nite:child href="Bro024.G.words.xml#id(Bro024.w.2,890)..id(Bro024.w.2,904)"/>
   </dialogueact>
   <dialogueact nite:id="Bro024.G.dialogueact266" starttime="793.47" endtime="799.113" type="s^df.%--" adjacency="8b++.9a+" original-type="s^df.%--" channel="cA" participant="mn058">
      <nite:child href="Bro024.G.words.xml#id(Bro024.w.2,905)..id(Bro024.w.2,927)"/>
   </dialogueact>
   <dialogueact nite:id="Bro024.G.dialogueact267" starttime="799.924" endtime="800.314" type="qy^g^rt" adjacency="8b+++.9a++" original-type="qy^g^rt" channel="cA" participant="mn058">
      <nite:child href="Bro024.G.words.xml#id(Bro024.w.2,928)..id(Bro024.w.2,930)"/>
   </dialogueact>
   <dialogueact nite:id="Bro024.G.dialogueact303" starttime="904.124" endtime="904.374" type="b" original-type="b" channel="cA" participant="mn058">
      <nite:child href="Bro024.G.words.xml#id(Bro024.w.3,376)..id(Bro024.w.3,377)"/>
   </dialogueact>
   <dialogueact nite:id="Bro024.G.dialogueact306" starttime="905.246" endtime="905.516" type="b" original-type="b" channel="cA" participant="mn058">
      <nite:child href="Bro024.G.words.xml#id(Bro024.w.3,378)..id(Bro024.w.3,379)"/>
   </dialogueact>
   <dialogueact nite:id="Bro024.G.dialogueact371" starttime="1048.76" endtime="1049.46" type="b" original-type="b" channel="cA" participant="mn058">
      <nite:child href="Bro024.G.words.xml#id(Bro024.w.4,029)..id(Bro024.w.4,030)"/>
   </dialogueact>
   <dialogueact nite:id="Bro024.G.dialogueact503" starttime="1436.17" endtime="1440.75" type="fg|s" adjacency="12b.13a" original-type="fg|s" channel="cA" participant="mn058">
      <nite:child href="Bro024.G.words.xml#id(Bro024.w.5,412)..id(Bro024.w.5,432)"/>
   </dialogueact>
   <dialogueact nite:id="Bro024.G.dialogueact504" starttime="1441.32" endtime="1441.52" type="fh" original-type="fh" channel="cA" participant="mn058">
      <nite:child href="Bro024.G.words.xml#id(Bro024.w.5,433)..id(Bro024.w.5,436)"/>
   </dialogueact>
   <dialogueact nite:id="Bro024.G.dialogueact506" starttime="1441.76" endtime="1445.32" type="s" adjacency="12b+" original-type="s" channel="cA" participant="mn058">
      <nite:child href="Bro024.G.words.xml#id(Bro024.w.5,437)..id(Bro024.w.5,454)"/>
   </dialogueact>
   <dialogueact nite:id="Bro024.G.dialogueact508" starttime="1446.19" endtime="1449.52" type="s" adjacency="12b++.14a" original-type="s" channel="cA" participant="mn058">
      <nite:child href="Bro024.G.words.xml#id(Bro024.w.5,455)..id(Bro024.w.5,469)"/>
   </dialogueact>
   <dialogueact nite:id="Bro024.G.dialogueact512" starttime="1450.28" endtime="1450.67" type="fh" original-type="fh" channel="cA" participant="mn058">
      <nite:child href="Bro024.G.words.xml#id(Bro024.w.5,476)..id(Bro024.w.5,479)"/>
   </dialogueact>
   <dialogueact nite:id="Bro024.G.dialogueact514" starttime="1455.32" endtime="1455.68" type="b" original-type="b" channel="cA" participant="mn058">
      <nite:child href="Bro024.G.words.xml#id(Bro024.w.5,502)..id(Bro024.w.5,503)"/>
   </dialogueact>
   <dialogueact nite:id="Bro024.G.dialogueact517" starttime="1460.96" endtime="1461.29" type="b" original-type="b" channel="cA" participant="mn058">
      <nite:child href="Bro024.G.words.xml#id(Bro024.w.5,528)..id(Bro024.w.5,529)"/>
   </dialogueact>
   <dialogueact nite:id="Bro024.G.dialogueact522" starttime="1475.92" endtime="1476.14" type="b" original-type="b" channel="cA" participant="mn058">
      <nite:child href="Bro024.G.words.xml#id(Bro024.w.5,590)..id(Bro024.w.5,593)"/>
   </dialogueact>
   <dialogueact nite:id="Bro024.G.dialogueact541" starttime="1512.26" endtime="1513.32" type="s" original-type="s" channel="cA" participant="mn058">
      <nite:child href="Bro024.G.words.xml#id(Bro024.w.5,716)..id(Bro024.w.5,720)"/>
   </dialogueact>
   <dialogueact nite:id="Bro024.G.dialogueact543" starttime="1514.45" endtime="1514.59" type="%" original-type="%" channel="cA" participant="mn058">
      <nite:child href="Bro024.G.words.xml#id(Bro024.w.5,723)"/>
   </dialogueact>
   <dialogueact nite:id="Bro024.G.dialogueact544" starttime="1515.61" endtime="1516.51" type="s.%-" original-type="s.%-" channel="cA" participant="mn058">
      <nite:child href="Bro024.G.words.xml#id(Bro024.w.5,724)..id(Bro024.disfmarker.251)"/>
   </dialogueact>
   <dialogueact nite:id="Bro024.G.dialogueact547" starttime="1518.75" endtime="1518.96" type="s^aa" adjacency="16b-2" original-type="s^aa" channel="cA" participant="mn058">
      <nite:child href="Bro024.G.words.xml#id(Bro024.w.5,738)..id(Bro024.w.5,739)"/>
   </dialogueact>
   <dialogueact nite:id="Bro024.G.dialogueact594" starttime="1593.11" endtime="1593.25" type="b" original-type="b" channel="cA" participant="mn058">
      <nite:child href="Bro024.G.words.xml#id(Bro024.w.6,075)..id(Bro024.w.6,076)"/>
   </dialogueact>
   <dialogueact nite:id="Bro024.G.dialogueact607" starttime="1614.56" endtime="1616.18" type="s" adjacency="29b-1" original-type="s" channel="cA" participant="mn058">
      <nite:child href="Bro024.G.words.xml#id(Bro024.w.6,182)..id(Bro024.w.6,187)"/>
   </dialogueact>
   <dialogueact nite:id="Bro024.G.dialogueact609" starttime="1616.51" endtime="1616.68" type="fh" original-type="fh" channel="cA" participant="mn058">
      <nite:child href="Bro024.G.words.xml#id(Bro024.w.6,188)..id(Bro024.w.6,189)"/>
   </dialogueact>
   <dialogueact nite:id="Bro024.G.dialogueact617" starttime="1634.58" endtime="1635.23" type="s^2" adjacency="30b-1" original-type="s^2" channel="cA" participant="mn058">
      <nite:child href="Bro024.G.words.xml#id(Bro024.w.6,240)..id(Bro024.w.6,241)"/>
   </dialogueact>
   <dialogueact nite:id="Bro024.G.dialogueact619" starttime="1635.23" endtime="1635.29" type="b" original-type="b" channel="cA" participant="mn058">
      <nite:child href="Bro024.G.words.xml#id(Bro024.w.6,261)..id(Bro024.w.6,262)"/>
   </dialogueact>
   <dialogueact nite:id="Bro024.G.dialogueact621" starttime="1635.79" endtime="1636.55" type="%-" original-type="%-" channel="cA" participant="mn058">
      <nite:child href="Bro024.G.words.xml#id(Bro024.w.6,263)..id(Bro024.disfmarker.282)"/>
   </dialogueact>
   <dialogueact nite:id="Bro024.G.dialogueact629" starttime="1648.74" endtime="1648.99" type="s^bk" adjacency="34b-2" original-type="s^bk" channel="cA" participant="mn058">
      <nite:child href="Bro024.G.words.xml#id(Bro024.w.6,294)..id(Bro024.w.6,295)"/>
   </dialogueact>
   <dialogueact nite:id="Bro024.G.dialogueact630" starttime="1648.99" endtime="1654.46" type="s" adjacency="34b-2+" original-type="s" channel="cA" participant="mn058">
      <nite:child href="Bro024.G.words.xml#id(Bro024.w.6,296)..id(Bro024.w.6,317)"/>
   </dialogueact>
   <dialogueact nite:id="Bro024.G.dialogueact632" starttime="1655.62" endtime="1657.0" type="s" adjacency="34b-2++.35a" original-type="s" channel="cA" participant="mn058">
      <nite:child href="Bro024.G.words.xml#id(Bro024.w.6,320)..id(Bro024.w.6,327)"/>
   </dialogueact>
   <dialogueact nite:id="Bro024.G.dialogueact635" starttime="1658.73" endtime="1661.68" type="s.%-" adjacency="34b-2+++.36a" original-type="s.%-" channel="cA" participant="mn058">
      <nite:child href="Bro024.G.words.xml#id(Bro024.w.6,335)..id(Bro024.disfmarker.292)"/>
   </dialogueact>
   <dialogueact nite:id="Bro024.G.dialogueact638" starttime="1663.03" endtime="1663.37" type="b" original-type="b" channel="cA" participant="mn058">
      <nite:child href="Bro024.G.words.xml#id(Bro024.w.6,363)..id(Bro024.w.6,364)"/>
   </dialogueact>
   <dialogueact nite:id="Bro024.G.dialogueact639" starttime="1663.88" endtime="1664.12" type="b" original-type="b" channel="cA" participant="mn058">
      <nite:child href="Bro024.G.words.xml#id(Bro024.w.6,365)..id(Bro024.w.6,366)"/>
   </dialogueact>
   <dialogueact nite:id="Bro024.G.dialogueact652" starttime="1702.12" endtime="1702.31" type="b" original-type="b" channel="cA" participant="mn058">
      <nite:child href="Bro024.G.words.xml#id(Bro024.w.6,496)..id(Bro024.w.6,497)"/>
   </dialogueact>
   <dialogueact nite:id="Bro024.G.dialogueact675" starttime="1742.39" endtime="1743.87" type="s.%--" original-type="s.%--" channel="cA" participant="mn058">
      <nite:child href="Bro024.G.words.xml#id(Bro024.w.6,651)..id(Bro024.w.6,660)"/>
   </dialogueact>
   <dialogueact nite:id="Bro024.G.dialogueact676" starttime="1743.87" endtime="1748.92" type="s" adjacency="44a" original-type="s" channel="cA" participant="mn058">
      <nite:child href="Bro024.G.words.xml#id(Bro024.w.6,661)..id(Bro024.w.6,684)"/>
   </dialogueact>
   <dialogueact nite:id="Bro024.G.dialogueact680" starttime="1748.92" endtime="1749.42" type="s.%-" original-type="s.%-" channel="cA" participant="mn058">
      <nite:child href="Bro024.G.words.xml#id(Bro024.w.6,685)..id(Bro024.disfmarker.302)"/>
   </dialogueact>
   <dialogueact nite:id="Bro024.G.dialogueact681" starttime="1752.13" endtime="1752.43" type="s^aa" adjacency="45b" original-type="s^aa" channel="cA" participant="mn058">
      <nite:child href="Bro024.G.words.xml#id(Bro024.w.6,721)..id(Bro024.w.6,722)"/>
   </dialogueact>
   <dialogueact nite:id="Bro024.G.dialogueact682" starttime="1752.63" endtime="1753.1" type="s^na" adjacency="45b+" original-type="s^na" channel="cA" participant="mn058">
      <nite:child href="Bro024.G.words.xml#id(Bro024.w.6,723)..id(Bro024.w.6,725)"/>
   </dialogueact>
   <dialogueact nite:id="Bro024.G.dialogueact684" starttime="1753.1" endtime="1753.4" type="b" original-type="b" channel="cA" participant="mn058">
      <nite:child href="Bro024.G.words.xml#id(Bro024.w.6,726)..id(Bro024.w.6,727)"/>
   </dialogueact>
   <dialogueact nite:id="Bro024.G.dialogueact685" starttime="1753.86" endtime="1754.15" type="b" original-type="b" channel="cA" participant="mn058">
      <nite:child href="Bro024.G.words.xml#id(Bro024.w.6,728)..id(Bro024.w.6,731)"/>
   </dialogueact>
   <dialogueact nite:id="Bro024.G.dialogueact686" starttime="1755.26" endtime="1760.56" type="s" adjacency="46a" original-type="s" channel="cA" participant="mn058">
      <nite:child href="Bro024.G.words.xml#id(Bro024.w.6,732)..id(Bro024.w.6,758)"/>
   </dialogueact>
   <dialogueact nite:id="Bro024.G.dialogueact690" starttime="1761.14" endtime="1761.38" type="fh" original-type="fh" channel="cA" participant="mn058">
      <nite:child href="Bro024.G.words.xml#id(Bro024.w.6,772)..id(Bro024.w.6,773)"/>
   </dialogueact>
   <dialogueact nite:id="Bro024.G.dialogueact716" starttime="1814.5" endtime="1824.04" type="s" adjacency="1a" original-type="s" channel="cA" participant="mn058">
      <nite:child href="Bro024.G.words.xml#id(Bro024.w.6,944)..id(Bro024.w.6,974)"/>
   </dialogueact>
   <dialogueact nite:id="Bro024.G.dialogueact719" starttime="1827.12" endtime="1827.43" type="b" original-type="b" channel="cA" participant="mn058">
      <nite:child href="Bro024.G.words.xml#id(Bro024.w.6,991)..id(Bro024.w.6,992)"/>
   </dialogueact>
   <dialogueact nite:id="Bro024.G.dialogueact720" starttime="1827.78" endtime="1828.06" type="b" original-type="b" channel="cA" participant="mn058">
      <nite:child href="Bro024.G.words.xml#id(Bro024.w.6,993)..id(Bro024.w.6,996)"/>
   </dialogueact>
   <dialogueact nite:id="Bro024.G.dialogueact726" starttime="1836.39" endtime="1836.67" type="b" original-type="b" channel="cA" participant="mn058">
      <nite:child href="Bro024.G.words.xml#id(Bro024.w.7,035)..id(Bro024.w.7,036)"/>
   </dialogueact>
   <dialogueact nite:id="Bro024.G.dialogueact730" starttime="1848.34" endtime="1848.5" type="b" original-type="b" channel="cA" participant="mn058">
      <nite:child href="Bro024.G.words.xml#id(Bro024.w.7,080)..id(Bro024.w.7,081)"/>
   </dialogueact>
   <dialogueact nite:id="Bro024.G.dialogueact731" starttime="1850.5" endtime="1850.89" type="b" original-type="b" channel="cA" participant="mn058">
      <nite:child href="Bro024.G.words.xml#id(Bro024.w.7,082)..id(Bro024.w.7,083)"/>
   </dialogueact>
   <dialogueact nite:id="Bro024.G.dialogueact736" starttime="1857.13" endtime="1857.35" type="s^bk" adjacency="3b" original-type="s^bk" channel="cA" participant="mn058">
      <nite:child href="Bro024.G.words.xml#id(Bro024.w.7,110)..id(Bro024.w.7,111)"/>
   </dialogueact>
   <dialogueact nite:id="Bro024.G.dialogueact737" starttime="1857.35" endtime="1858.9" type="s.%--" original-type="s.%--" channel="cA" participant="mn058">
      <nite:child href="Bro024.G.words.xml#id(Bro024.w.7,112)..id(Bro024.disfmarker.318)"/>
   </dialogueact>
   <dialogueact nite:id="Bro024.G.dialogueact738" starttime="1858.9" endtime="1867.02" type="s" original-type="s" channel="cA" participant="mn058">
      <nite:child href="Bro024.G.words.xml#id(Bro024.w.7,118)..id(Bro024.w.7,144)"/>
   </dialogueact>
   <dialogueact nite:id="Bro024.G.dialogueact739" starttime="1867.02" endtime="1868.57" type="s^df.%--" original-type="s^df.%--" channel="cA" participant="mn058">
      <nite:child href="Bro024.G.words.xml#id(Bro024.w.7,145)..id(Bro024.w.7,152)"/>
   </dialogueact>
   <dialogueact nite:id="Bro024.G.dialogueact740" starttime="1868.57" endtime="1872.05" type="s^df" original-type="s^df" channel="cA" participant="mn058">
      <nite:child href="Bro024.G.words.xml#id(Bro024.w.7,153)..id(Bro024.w.7,169)"/>
   </dialogueact>
   <dialogueact nite:id="Bro024.G.dialogueact742" starttime="1872.78" endtime="1874.66" type="fh|s" original-type="fh|s" channel="cA" participant="mn058">
      <nite:child href="Bro024.G.words.xml#id(Bro024.w.7,172)..id(Bro024.w.7,182)"/>
   </dialogueact>
   <dialogueact nite:id="Bro024.G.dialogueact743" starttime="1874.66" endtime="1883.91" type="s^df" original-type="s^df" channel="cA" participant="mn058">
      <nite:child href="Bro024.G.words.xml#id(Bro024.w.7,183)..id(Bro024.w.7,214)"/>
   </dialogueact>
   <dialogueact nite:id="Bro024.G.dialogueact745" starttime="1883.91" endtime="1884.51" type="fh" original-type="fh" channel="cA" participant="mn058">
      <nite:child href="Bro024.G.words.xml#id(Bro024.w.7,215)..id(Bro024.disfmarker.321)"/>
   </dialogueact>
   <dialogueact nite:id="Bro024.G.dialogueact748" starttime="1885.52" endtime="1887.47" type="s" original-type="s" channel="cA" participant="mn058">
      <nite:child href="Bro024.G.words.xml#id(Bro024.w.7,223)..id(Bro024.w.7,232)"/>
   </dialogueact>
   <dialogueact nite:id="Bro024.G.dialogueact749" starttime="1887.47" endtime="1887.88" type="fh" original-type="fh" channel="cA" participant="mn058">
      <nite:child href="Bro024.G.words.xml#id(Bro024.w.7,233)..id(Bro024.disfmarker.323)"/>
   </dialogueact>
   <dialogueact nite:id="Bro024.G.dialogueact754" starttime="1892.98" endtime="1893.28" type="b" original-type="b" channel="cA" participant="mn058">
      <nite:child href="Bro024.G.words.xml#id(Bro024.w.7,253)..id(Bro024.w.7,254)"/>
   </dialogueact>
   <dialogueact nite:id="Bro024.G.dialogueact760" starttime="1901.74" endtime="1902.16" type="s^bk" adjacency="5b" original-type="s^bk" channel="cA" participant="mn058">
      <nite:child href="Bro024.G.words.xml#id(Bro024.w.7,304)..id(Bro024.w.7,307)"/>
   </dialogueact>
   <dialogueact nite:id="Bro024.G.dialogueact762" starttime="1909.95" endtime="1925.39" type="fg|s" original-type="fg|s" channel="cA" participant="mn058">
      <nite:child href="Bro024.G.words.xml#id(Bro024.w.7,309)..id(Bro024.w.7,364)"/>
   </dialogueact>
   <dialogueact nite:id="Bro024.G.dialogueact764" starttime="1927.26" endtime="1927.53" type="fh" original-type="fh" channel="cA" participant="mn058">
      <nite:child href="Bro024.G.words.xml#id(Bro024.w.7,367)"/>
   </dialogueact>
   <dialogueact nite:id="Bro024.G.dialogueact765" starttime="1928.73" endtime="1930.0" type="s" original-type="s" channel="cA" participant="mn058">
      <nite:child href="Bro024.G.words.xml#id(Bro024.w.7,368)..id(Bro024.disfmarker.333)"/>
   </dialogueact>
   <dialogueact nite:id="Bro024.G.dialogueact766" starttime="1930.43" endtime="1934.38" type="s" original-type="s" channel="cA" participant="mn058">
      <nite:child href="Bro024.G.words.xml#id(Bro024.w.7,371)..id(Bro024.w.7,392)"/>
   </dialogueact>
   <dialogueact nite:id="Bro024.G.dialogueact767" starttime="1934.38" endtime="1940.15" type="s^df" original-type="s^df" channel="cA" participant="mn058">
      <nite:child href="Bro024.G.words.xml#id(Bro024.w.7,393)..id(Bro024.w.7,411)"/>
   </dialogueact>
   <dialogueact nite:id="Bro024.G.dialogueact768" starttime="1940.6" endtime="1941.12" type="s.%--" original-type="s.%--" channel="cA" participant="mn058">
      <nite:child href="Bro024.G.words.xml#id(Bro024.w.7,412)..id(Bro024.disfmarker.334)"/>
   </dialogueact>
   <dialogueact nite:id="Bro024.G.dialogueact769" starttime="1941.92" endtime="1942.94" type="fh" original-type="fh" channel="cA" participant="mn058">
      <nite:child href="Bro024.G.words.xml#id(Bro024.w.7,415)..id(Bro024.w.7,418)"/>
   </dialogueact>
   <dialogueact nite:id="Bro024.G.dialogueact770" starttime="1943.38" endtime="1948.06" type="s^cs" original-type="s^cs" channel="cA" participant="mn058">
      <nite:child href="Bro024.G.words.xml#id(Bro024.w.7,419)..id(Bro024.w.7,442)"/>
   </dialogueact>
   <dialogueact nite:id="Bro024.G.dialogueact771" starttime="1948.72" endtime="1957.67" type="s^cs" original-type="s^cs" channel="cA" participant="mn058">
      <nite:child href="Bro024.G.words.xml#id(Bro024.w.7,443)..id(Bro024.w.7,462)"/>
   </dialogueact>
   <dialogueact nite:id="Bro024.G.dialogueact773" starttime="1958.66" endtime="1965.05" type="s" original-type="s" channel="cA" participant="mn058">
      <nite:child href="Bro024.G.words.xml#id(Bro024.w.7,465)..id(Bro024.w.7,492)"/>
   </dialogueact>
   <dialogueact nite:id="Bro024.G.dialogueact774" starttime="1965.79" endtime="1969.36" type="s" original-type="s" channel="cA" participant="mn058">
      <nite:child href="Bro024.G.words.xml#id(Bro024.w.7,493)..id(Bro024.w.7,509)"/>
   </dialogueact>
   <dialogueact nite:id="Bro024.G.dialogueact776" starttime="1970.52" endtime="1971.57" type="s^e" original-type="s^e" channel="cA" participant="mn058">
      <nite:child href="Bro024.G.words.xml#id(Bro024.w.7,512)..id(Bro024.w.7,516)"/>
   </dialogueact>
   <dialogueact nite:id="Bro024.G.dialogueact777" starttime="1972.11" endtime="1972.92" type="s.%--" original-type="s.%--" channel="cA" participant="mn058">
      <nite:child href="Bro024.G.words.xml#id(Bro024.w.7,517)..id(Bro024.disfmarker.343)"/>
   </dialogueact>
   <dialogueact nite:id="Bro024.G.dialogueact778" starttime="1973.22" endtime="1974.35" type="qy^t3" original-type="qy^t3" channel="cA" participant="mn058">
      <nite:child href="Bro024.G.words.xml#id(Bro024.w.7,520)..id(Bro024.w.7,528)"/>
   </dialogueact>
   <dialogueact nite:id="Bro024.G.dialogueact779" starttime="1974.35" endtime="1974.51" type="s^bk^t3" original-type="s^bk^t3" channel="cA" participant="mn058">
      <nite:child href="Bro024.G.words.xml#id(Bro024.w.7,529)..id(Bro024.w.7,530)"/>
   </dialogueact>
   <dialogueact nite:id="Bro024.G.dialogueact780" starttime="1980.06" endtime="1984.28" type="s.%--" original-type="s.%--" channel="cA" participant="mn058">
      <nite:child href="Bro024.G.words.xml#id(Bro024.w.7,531)..id(Bro024.disfmarker.345)"/>
   </dialogueact>
   <dialogueact nite:id="Bro024.G.dialogueact781" starttime="1984.8" endtime="1987.17" type="fh|s.%--" original-type="fh|s.%--" channel="cA" participant="mn058">
      <nite:child href="Bro024.G.words.xml#id(Bro024.w.7,546)..id(Bro024.disfmarker.346)"/>
   </dialogueact>
   <dialogueact nite:id="Bro024.G.dialogueact782" starttime="1987.53" endtime="1989.95" type="s" original-type="s" channel="cA" participant="mn058">
      <nite:child href="Bro024.G.words.xml#id(Bro024.w.7,556)..id(Bro024.w.7,563)"/>
   </dialogueact>
   <dialogueact nite:id="Bro024.G.dialogueact783" starttime="1991.13" endtime="1991.56" type="fh" original-type="fh" channel="cA" participant="mn058">
      <nite:child href="Bro024.G.words.xml#id(Bro024.w.7,564)"/>
   </dialogueact>
   <dialogueact nite:id="Bro024.G.dialogueact784" starttime="1991.91" endtime="1993.31" type="s^am" original-type="s^am" channel="cA" participant="mn058">
      <nite:child href="Bro024.G.words.xml#id(Bro024.w.7,565)..id(Bro024.w.7,572)"/>
   </dialogueact>
   <dialogueact nite:id="Bro024.G.dialogueact785" starttime="1993.95" endtime="1999.08" comment="reference to visual aids" type="s" original-type="s" channel="cA" participant="mn058">
      <nite:child href="Bro024.G.words.xml#id(Bro024.w.7,573)..id(Bro024.w.7,588)"/>
   </dialogueact>
   <dialogueact nite:id="Bro024.G.dialogueact786" starttime="1999.08" endtime="2001.38" type="s" original-type="s" channel="cA" participant="mn058">
      <nite:child href="Bro024.G.words.xml#id(Bro024.w.7,589)..id(Bro024.w.7,598)"/>
   </dialogueact>
   <dialogueact nite:id="Bro024.G.dialogueact787" starttime="2004.55" endtime="2007.49" type="s" original-type="s" channel="cA" participant="mn058">
      <nite:child href="Bro024.G.words.xml#id(Bro024.w.7,599)..id(Bro024.w.7,611)"/>
   </dialogueact>
   <dialogueact nite:id="Bro024.G.dialogueact788" starttime="2007.84" endtime="2013.67" type="s" original-type="s" channel="cA" participant="mn058">
      <nite:child href="Bro024.G.words.xml#id(Bro024.w.7,612)..id(Bro024.w.7,635)"/>
   </dialogueact>
   <dialogueact nite:id="Bro024.G.dialogueact790" starttime="2014.04" endtime="2016.3" type="s" original-type="s" channel="cA" participant="mn058">
      <nite:child href="Bro024.G.words.xml#id(Bro024.w.7,636)..id(Bro024.w.7,648)"/>
   </dialogueact>
   <dialogueact nite:id="Bro024.G.dialogueact791" starttime="2016.3" endtime="2020.69" type="s" original-type="s" channel="cA" participant="mn058">
      <nite:child href="Bro024.G.words.xml#id(Bro024.w.7,649)..id(Bro024.w.7,665)"/>
   </dialogueact>
   <dialogueact nite:id="Bro024.G.dialogueact792" starttime="2021.41" endtime="2022.14" type="fh|s.%--" original-type="fh|s.%--" channel="cA" participant="mn058">
      <nite:child href="Bro024.G.words.xml#id(Bro024.w.7,666)..id(Bro024.disfmarker.353)"/>
   </dialogueact>
   <dialogueact nite:id="Bro024.G.dialogueact793" starttime="2022.69" endtime="2028.02" type="s" original-type="s" channel="cA" participant="mn058">
      <nite:child href="Bro024.G.words.xml#id(Bro024.w.7,672)..id(Bro024.w.7,687)"/>
   </dialogueact>
   <dialogueact nite:id="Bro024.G.dialogueact794" starttime="2028.77" endtime="2029.18" type="fh" original-type="fh" channel="cA" participant="mn058">
      <nite:child href="Bro024.G.words.xml#id(Bro024.w.7,688)"/>
   </dialogueact>
   <dialogueact nite:id="Bro024.G.dialogueact795" starttime="2029.59" endtime="2030.72" type="s^e" original-type="s^e" channel="cA" participant="mn058">
      <nite:child href="Bro024.G.words.xml#id(Bro024.w.7,689)..id(Bro024.w.7,693)"/>
   </dialogueact>
   <dialogueact nite:id="Bro024.G.dialogueact796" starttime="2030.72" endtime="2032.75" type="s" original-type="s" channel="cA" participant="mn058">
      <nite:child href="Bro024.G.words.xml#id(Bro024.w.7,694)..id(Bro024.w.7,704)"/>
   </dialogueact>
   <dialogueact nite:id="Bro024.G.dialogueact797" starttime="2033.12" endtime="2038.36" type="s" original-type="s" channel="cA" participant="mn058">
      <nite:child href="Bro024.G.words.xml#id(Bro024.w.7,705)..id(Bro024.w.7,721)"/>
   </dialogueact>
   <dialogueact nite:id="Bro024.G.dialogueact798" starttime="2038.36" endtime="2042.65" type="s" original-type="s" channel="cA" participant="mn058">
      <nite:child href="Bro024.G.words.xml#id(Bro024.w.7,722)..id(Bro024.w.7,735)"/>
   </dialogueact>
   <dialogueact nite:id="Bro024.G.dialogueact799" starttime="2043.27" endtime="2051.32" type="s" adjacency="6a" original-type="s" channel="cA" participant="mn058">
      <nite:child href="Bro024.G.words.xml#id(Bro024.w.7,736)..id(Bro024.w.7,776)"/>
   </dialogueact>
   <dialogueact nite:id="Bro024.G.dialogueact804" starttime="2052.95" endtime="2053.2" type="%" original-type="%" channel="cA" participant="mn058">
      <nite:child href="Bro024.G.words.xml#id(Bro024.w.7,787)"/>
   </dialogueact>
   <dialogueact nite:id="Bro024.G.dialogueact806" starttime="2057.18" endtime="2057.38" type="s^bk" adjacency="7b" original-type="s^bk" channel="cA" participant="mn058">
      <nite:child href="Bro024.G.words.xml#id(Bro024.w.7,800)..id(Bro024.w.7,801)"/>
   </dialogueact>
   <dialogueact nite:id="Bro024.G.dialogueact807" starttime="2058.16" endtime="2058.48" type="s^aa" adjacency="7b+" original-type="s^aa" channel="cA" participant="mn058">
      <nite:child href="Bro024.G.words.xml#id(Bro024.w.7,802)..id(Bro024.w.7,803)"/>
   </dialogueact>
   <dialogueact nite:id="Bro024.G.dialogueact814" starttime="2087.25" endtime="2087.54" type="b" original-type="b" channel="cA" participant="mn058">
      <nite:child href="Bro024.G.words.xml#id(Bro024.w.7,883)..id(Bro024.w.7,886)"/>
   </dialogueact>
   <dialogueact nite:id="Bro024.G.dialogueact820" starttime="2098.54" endtime="2098.94" type="b" original-type="b" channel="cA" participant="mn058">
      <nite:child href="Bro024.G.words.xml#id(Bro024.w.7,914)..id(Bro024.w.7,915)"/>
   </dialogueact>
   <dialogueact nite:id="Bro024.G.dialogueact824" starttime="2102.25" endtime="2102.59" type="b" original-type="b" channel="cA" participant="mn058">
      <nite:child href="Bro024.G.words.xml#id(Bro024.w.7,941)..id(Bro024.w.7,942)"/>
   </dialogueact>
   <dialogueact nite:id="Bro024.G.dialogueact825" starttime="2108.91" endtime="2109.23" type="b" original-type="b" channel="cA" participant="mn058">
      <nite:child href="Bro024.G.words.xml#id(Bro024.w.7,971)..id(Bro024.w.7,974)"/>
   </dialogueact>
   <dialogueact nite:id="Bro024.G.dialogueact828" starttime="2115.07" endtime="2115.27" type="b" original-type="b" channel="cA" participant="mn058">
      <nite:child href="Bro024.G.words.xml#id(Bro024.w.7,979)..id(Bro024.w.7,980)"/>
   </dialogueact>
   <dialogueact nite:id="Bro024.G.dialogueact829" starttime="2116.03" endtime="2116.37" type="fg" original-type="fg" channel="cA" participant="mn058">
      <nite:child href="Bro024.G.words.xml#id(Bro024.w.7,985)..id(Bro024.w.7,986)"/>
   </dialogueact>
   <dialogueact nite:id="Bro024.G.dialogueact830" starttime="2116.37" endtime="2117.74" type="%--" original-type="%--" channel="cA" participant="mn058">
      <nite:child href="Bro024.G.words.xml#id(Bro024.w.7,987)..id(Bro024.w.7,993)"/>
   </dialogueact>
   <dialogueact nite:id="Bro024.G.dialogueact831" starttime="2117.74" endtime="2125.9" type="s^cs.%--" original-type="s^cs.%--" channel="cA" participant="mn058">
      <nite:child href="Bro024.G.words.xml#id(Bro024.w.7,994)..id(Bro024.disfmarker.379)"/>
   </dialogueact>
   <dialogueact nite:id="Bro024.G.dialogueact832" starttime="2125.9" endtime="2146.74" type="s" original-type="s" channel="cA" participant="mn058">
      <nite:child href="Bro024.G.words.xml#id(Bro024.w.8,016)..id(Bro024.w.8,093)"/>
   </dialogueact>
   <dialogueact nite:id="Bro024.G.dialogueact835" starttime="2147.23" endtime="2153.3" type="s^cs" adjacency="8a" original-type="s^cs" channel="cA" participant="mn058">
      <nite:child href="Bro024.G.words.xml#id(Bro024.w.8,094)..id(Bro024.w.8,112)"/>
   </dialogueact>
   <dialogueact nite:id="Bro024.G.dialogueact840" starttime="2158.53" endtime="2164.7" type="s^bk|s" adjacency="9b.10a" original-type="s^bk|s" channel="cA" participant="mn058">
      <nite:child href="Bro024.G.words.xml#id(Bro024.w.8,131)..id(Bro024.w.8,153)"/>
   </dialogueact>
   <dialogueact nite:id="Bro024.G.dialogueact843" starttime="2166.45" endtime="2168.46" type="s^e" adjacency="9b+" original-type="s^e" channel="cA" participant="mn058">
      <nite:child href="Bro024.G.words.xml#id(Bro024.w.8,158)..id(Bro024.w.8,164)"/>
   </dialogueact>
   <dialogueact nite:id="Bro024.G.dialogueact844" starttime="2168.46" endtime="2171.13" type="s^df" adjacency="9b++" original-type="s^df" channel="cA" participant="mn058">
      <nite:child href="Bro024.G.words.xml#id(Bro024.w.8,165)..id(Bro024.w.8,172)"/>
   </dialogueact>
   <dialogueact nite:id="Bro024.G.dialogueact848" starttime="2188.12" endtime="2188.5" type="b" original-type="b" channel="cA" participant="mn058">
      <nite:child href="Bro024.G.words.xml#id(Bro024.w.8,232)..id(Bro024.w.8,235)"/>
   </dialogueact>
   <dialogueact nite:id="Bro024.G.dialogueact854" starttime="2199.56" endtime="2199.84" type="s^aa" adjacency="11b" original-type="s^aa" channel="cA" participant="mn058">
      <nite:child href="Bro024.G.words.xml#id(Bro024.w.8,265)..id(Bro024.w.8,266)"/>
   </dialogueact>
   <dialogueact nite:id="Bro024.G.dialogueact855" starttime="2203.95" endtime="2204.53" type="s.%--" original-type="s.%--" channel="cA" participant="mn058">
      <nite:child href="Bro024.G.words.xml#id(Bro024.w.8,267)..id(Bro024.w.8,269)"/>
   </dialogueact>
   <dialogueact nite:id="Bro024.G.dialogueact856" starttime="2204.53" endtime="2204.76" type="fh" original-type="fh" channel="cA" participant="mn058">
      <nite:child href="Bro024.G.words.xml#id(Bro024.w.8,270)..id(Bro024.w.8,271)"/>
   </dialogueact>
   <dialogueact nite:id="Bro024.G.dialogueact857" starttime="2204.76" endtime="2206.73" type="s" adjacency="12a" original-type="s" channel="cA" participant="mn058">
      <nite:child href="Bro024.G.words.xml#id(Bro024.w.8,272)..id(Bro024.w.8,281)"/>
   </dialogueact>
   <dialogueact nite:id="Bro024.G.dialogueact858" starttime="2206.73" endtime="2210.2" type="s" adjacency="12a+" original-type="s" channel="cA" participant="mn058">
      <nite:child href="Bro024.G.words.xml#id(Bro024.w.8,282)..id(Bro024.w.8,295)"/>
   </dialogueact>
   <dialogueact nite:id="Bro024.G.dialogueact860" starttime="2210.39" endtime="2210.77" type="fh" original-type="fh" channel="cA" participant="mn058">
      <nite:child href="Bro024.G.words.xml#id(Bro024.w.8,296)..id(Bro024.disfmarker.402)"/>
   </dialogueact>
   <dialogueact nite:id="Bro024.G.dialogueact866" starttime="2218.65" endtime="2218.95" type="b" original-type="b" channel="cA" participant="mn058">
      <nite:child href="Bro024.G.words.xml#id(Bro024.w.8,344)..id(Bro024.w.8,347)"/>
   </dialogueact>
   <dialogueact nite:id="Bro024.G.dialogueact870" starttime="2223.94" endtime="2224.13" type="%-" original-type="%-" channel="cA" participant="mn058">
      <nite:child href="Bro024.G.words.xml#id(Bro024.w.8,365)"/>
   </dialogueact>
   <dialogueact nite:id="Bro024.G.dialogueact872" starttime="2227.51" endtime="2227.71" type="b" original-type="b" channel="cA" participant="mn058">
      <nite:child href="Bro024.G.words.xml#id(Bro024.w.8,366)..id(Bro024.w.8,369)"/>
   </dialogueact>
   <dialogueact nite:id="Bro024.G.dialogueact873" starttime="2230.22" endtime="2230.44" type="b" original-type="b" channel="cA" participant="mn058">
      <nite:child href="Bro024.G.words.xml#id(Bro024.w.8,382)..id(Bro024.w.8,385)"/>
   </dialogueact>
   <dialogueact nite:id="Bro024.G.dialogueact876" starttime="2233.09" endtime="2237.5" type="s^cs" adjacency="14a" original-type="s^cs" channel="cA" participant="mn058">
      <nite:child href="Bro024.G.words.xml#id(Bro024.w.8,388)..id(Bro024.w.8,410)"/>
   </dialogueact>
   <dialogueact nite:id="Bro024.G.dialogueact878" starttime="2237.5" endtime="2239.72" type="s^df" original-type="s^df" channel="cA" participant="mn058">
      <nite:child href="Bro024.G.words.xml#id(Bro024.w.8,411)..id(Bro024.w.8,420)"/>
   </dialogueact>
   <dialogueact nite:id="Bro024.G.dialogueact881" starttime="2239.72" endtime="2240.23" type="s.%--" original-type="s.%--" channel="cA" participant="mn058">
      <nite:child href="Bro024.G.words.xml#id(Bro024.w.8,421)..id(Bro024.disfmarker.416)"/>
   </dialogueact>
   <dialogueact nite:id="Bro024.G.dialogueact883" starttime="2240.88" endtime="2241.1" type="%-" original-type="%-" channel="cA" participant="mn058">
      <nite:child href="Bro024.G.words.xml#id(Bro024.w.8,445)..id(Bro024.disfmarker.417)"/>
   </dialogueact>
   <dialogueact nite:id="Bro024.G.dialogueact884" starttime="2243.19" endtime="2243.38" type="b" original-type="b" channel="cA" participant="mn058">
      <nite:child href="Bro024.G.words.xml#id(Bro024.w.8,446)..id(Bro024.w.8,447)"/>
   </dialogueact>
   <dialogueact nite:id="Bro024.G.dialogueact900" starttime="2274.53" endtime="2274.77" type="s^bk" adjacency="19b" original-type="s^bk" channel="cA" participant="mn058">
      <nite:child href="Bro024.G.words.xml#id(Bro024.w.8,539)..id(Bro024.w.8,542)"/>
   </dialogueact>
   <dialogueact nite:id="Bro024.G.dialogueact903" starttime="2275.31" endtime="2277.72" type="s.%--" adjacency="20a" original-type="s.%--" channel="cA" participant="mn058">
      <nite:child href="Bro024.G.words.xml#id(Bro024.w.8,547)..id(Bro024.disfmarker.424)"/>
   </dialogueact>
   <dialogueact nite:id="Bro024.G.dialogueact921" starttime="2303.84" endtime="2304.12" type="b" original-type="b" channel="cA" participant="mn058">
      <nite:child href="Bro024.G.words.xml#id(Bro024.w.8,661)..id(Bro024.w.8,664)"/>
   </dialogueact>
   <dialogueact nite:id="Bro024.G.dialogueact923" starttime="2308.98" endtime="2309.27" type="b" original-type="b" channel="cA" participant="mn058">
      <nite:child href="Bro024.G.words.xml#id(Bro024.w.8,682)..id(Bro024.w.8,685)"/>
   </dialogueact>
   <dialogueact nite:id="Bro024.G.dialogueact927" starttime="2315.7" endtime="2319.62" type="s.%--" adjacency="26b.27a" original-type="s.%--" channel="cA" participant="mn058">
      <nite:child href="Bro024.G.words.xml#id(Bro024.w.8,699)..id(Bro024.disfmarker.438)"/>
   </dialogueact>
   <dialogueact nite:id="Bro024.G.dialogueact929" starttime="2322.31" endtime="2323.95" type="s^e" adjacency="26b+.27a+" original-type="s^e" channel="cA" participant="mn058">
      <nite:child href="Bro024.G.words.xml#id(Bro024.w.8,717)..id(Bro024.w.8,721)"/>
   </dialogueact>
   <dialogueact nite:id="Bro024.G.dialogueact930" starttime="2323.95" endtime="2324.11" type="fh" original-type="fh" channel="cA" participant="mn058">
      <nite:child href="Bro024.G.words.xml#id(Bro024.w.8,722)..id(Bro024.disfmarker.442)"/>
   </dialogueact>
   <dialogueact nite:id="Bro024.G.dialogueact932" starttime="2327.43" endtime="2327.64" type="s^aa" adjacency="28b" original-type="s^aa" channel="cA" participant="mn058">
      <nite:child href="Bro024.G.words.xml#id(Bro024.w.8,741)..id(Bro024.w.8,742)"/>
   </dialogueact>
   <dialogueact nite:id="Bro024.G.dialogueact934" starttime="2327.84" endtime="2328.12" type="%-" adjacency="28b+" original-type="%-" channel="cA" participant="mn058">
      <nite:child href="Bro024.G.words.xml#id(Bro024.w.8,743)..id(Bro024.w.8,744)"/>
   </dialogueact>
   <dialogueact nite:id="Bro024.G.dialogueact936" starttime="2331.17" endtime="2332.99" type="s" adjacency="29b.30a" original-type="s" channel="cA" participant="mn058">
      <nite:child href="Bro024.G.words.xml#id(Bro024.w.8,745)..id(Bro024.w.8,754)"/>
   </dialogueact>
   <dialogueact nite:id="Bro024.G.dialogueact937" starttime="2332.99" endtime="2333.11" type="fh" original-type="fh" channel="cA" participant="mn058">
      <nite:child href="Bro024.G.words.xml#id(Bro024.w.8,755)..id(Bro024.w.8,756)"/>
   </dialogueact>
   <dialogueact nite:id="Bro024.G.dialogueact940" starttime="2337.45" endtime="2337.6" type="s^bk" adjacency="31b" original-type="s^bk" channel="cA" participant="mn058">
      <nite:child href="Bro024.G.words.xml#id(Bro024.w.8,777)..id(Bro024.w.8,780)"/>
   </dialogueact>
   <dialogueact nite:id="Bro024.G.dialogueact944" starttime="2346.27" endtime="2346.64" type="b" original-type="b" channel="cA" participant="mn058">
      <nite:child href="Bro024.G.words.xml#id(Bro024.w.8,844)..id(Bro024.w.8,845)"/>
   </dialogueact>
   <dialogueact nite:id="Bro024.G.dialogueact948" starttime="2350.07" endtime="2350.25" type="b" original-type="b" channel="cA" participant="mn058">
      <nite:child href="Bro024.G.words.xml#id(Bro024.w.8,846)..id(Bro024.w.8,849)"/>
   </dialogueact>
   <dialogueact nite:id="Bro024.G.dialogueact998" starttime="2444.37" endtime="2447.48" type="qy^rt" adjacency="4a" original-type="qy^rt" channel="cA" participant="mn058">
      <nite:child href="Bro024.G.words.xml#id(Bro024.w.9,189)..id(Bro024.w.9,203)"/>
   </dialogueact>
   <dialogueact nite:id="Bro024.G.dialogueact999" starttime="2447.48" endtime="2447.65" type="qrr.%--" original-type="qrr.%--" channel="cA" participant="mn058">
      <nite:child href="Bro024.G.words.xml#id(Bro024.w.9,204)..id(Bro024.w.9,205)"/>
   </dialogueact>
   <dialogueact nite:id="Bro024.G.dialogueact1002" starttime="2449.97" endtime="2452.82" type="fg|s" original-type="fg|s" channel="cA" participant="mn058">
      <nite:child href="Bro024.G.words.xml#id(Bro024.w.9,218)..id(Bro024.w.9,243)"/>
   </dialogueact>
   <dialogueact nite:id="Bro024.G.dialogueact1003" starttime="2452.82" endtime="2453.65" type="s.%-" original-type="s.%-" channel="cA" participant="mn058">
      <nite:child href="Bro024.G.words.xml#id(Bro024.w.9,244)..id(Bro024.disfmarker.480)"/>
   </dialogueact>
   <dialogueact nite:id="Bro024.G.dialogueact1009" starttime="2486.25" endtime="2486.45" type="b" original-type="b" channel="cA" participant="mn058">
      <nite:child href="Bro024.G.words.xml#id(Bro024.w.9,347)..id(Bro024.w.9,348)"/>
   </dialogueact>
   <dialogueact nite:id="Bro024.G.dialogueact1011" starttime="2500.09" endtime="2500.66" type="b" original-type="b" channel="cA" participant="mn058">
      <nite:child href="Bro024.G.words.xml#id(Bro024.w.9,392)..id(Bro024.w.9,395)"/>
   </dialogueact>
   <dialogueact nite:id="Bro024.G.dialogueact1015" starttime="2507.9" endtime="2508.25" type="%" original-type="%" channel="cA" participant="mn058">
      <nite:child href="Bro024.G.words.xml#id(Bro024.w.9,434)..id(Bro024.disfmarker.490)"/>
   </dialogueact>
   <dialogueact nite:id="Bro024.G.dialogueact1019" starttime="2511.13" endtime="2513.36" type="s" adjacency="7b-2.8a" original-type="s" channel="cA" participant="mn058">
      <nite:child href="Bro024.G.words.xml#id(Bro024.w.9,447)..id(Bro024.w.9,454)"/>
   </dialogueact>
   <dialogueact nite:id="Bro024.G.dialogueact1020" starttime="2513.36" endtime="2513.4" type="fh" original-type="fh" channel="cA" participant="mn058">
      <nite:child href="Bro024.G.words.xml#id(Bro024.w.9,455)..id(Bro024.disfmarker.492)"/>
   </dialogueact>
   <dialogueact nite:id="Bro024.G.dialogueact1024" starttime="2514.79" endtime="2515.26" type="s^nd" adjacency="9b.10a" original-type="s^nd" channel="cA" participant="mn058">
      <nite:child href="Bro024.G.words.xml#id(Bro024.w.9,460)..id(Bro024.w.9,461)"/>
   </dialogueact>
   <dialogueact nite:id="Bro024.G.dialogueact1028" starttime="2516.62" endtime="2516.83" type="s^aa" adjacency="11b-2" original-type="s^aa" channel="cA" participant="mn058">
      <nite:child href="Bro024.G.words.xml#id(Bro024.w.9,472)..id(Bro024.w.9,473)"/>
   </dialogueact>
   <dialogueact nite:id="Bro024.G.dialogueact1029" starttime="2517.2" endtime="2518.22" type="%" original-type="%" channel="cA" participant="mn058">
   </dialogueact>
   <dialogueact nite:id="Bro024.G.dialogueact1034" starttime="2524.99" endtime="2531.08" type="fg|s" adjacency="12a" original-type="fg|s" channel="cA" participant="mn058">
      <nite:child href="Bro024.G.words.xml#id(Bro024.w.9,530)..id(Bro024.w.9,550)"/>
   </dialogueact>
   <dialogueact nite:id="Bro024.G.dialogueact1036" starttime="2531.08" endtime="2532.51" type="s" original-type="s" channel="cA" participant="mn058">
      <nite:child href="Bro024.G.words.xml#id(Bro024.w.9,551)..id(Bro024.w.9,556)"/>
   </dialogueact>
   <dialogueact nite:id="Bro024.G.dialogueact1040" starttime="2532.79" endtime="2533.1" type="qy^d^g" original-type="qy^d^g" channel="cA" participant="mn058">
      <nite:child href="Bro024.G.words.xml#id(Bro024.w.9,563)..id(Bro024.w.9,565)"/>
   </dialogueact>
   <dialogueact nite:id="Bro024.G.dialogueact1044" starttime="2538.87" endtime="2539.06" type="s^aa" adjacency="14b-2" original-type="s^aa" channel="cA" participant="mn058">
      <nite:child href="Bro024.G.words.xml#id(Bro024.w.9,587)..id(Bro024.w.9,588)"/>
   </dialogueact>
   <dialogueact nite:id="Bro024.G.dialogueact1046" starttime="2539.25" endtime="2540.23" type="s^no.%--" adjacency="14b-2+" original-type="s^no.%--" channel="cA" participant="mn058">
      <nite:child href="Bro024.G.words.xml#id(Bro024.w.9,591)..id(Bro024.disfmarker.502)"/>
   </dialogueact>
   <dialogueact nite:id="Bro024.G.dialogueact1047" starttime="2540.23" endtime="2542.17" type="qy^bu^d^rt" adjacency="14b-2++.15a" original-type="qy^bu^d^rt" channel="cA" participant="mn058">
      <nite:child href="Bro024.G.words.xml#id(Bro024.w.9,596)..id(Bro024.w.9,605)"/>
   </dialogueact>
   <dialogueact nite:id="Bro024.G.dialogueact1050" starttime="2543.76" endtime="2544.16" type="s^bk^m" adjacency="16b" original-type="s^bk^m" channel="cA" participant="mn058">
      <nite:child href="Bro024.G.words.xml#id(Bro024.w.9,629)..id(Bro024.w.9,632)"/>
   </dialogueact>
   <dialogueact nite:id="Bro024.G.dialogueact1052" starttime="2545.29" endtime="2545.63" type="s^bk" adjacency="17b" original-type="s^bk" channel="cA" participant="mn058">
      <nite:child href="Bro024.G.words.xml#id(Bro024.w.9,633)..id(Bro024.w.9,634)"/>
   </dialogueact>
   <dialogueact nite:id="Bro024.G.dialogueact1054" starttime="2546.59" endtime="2546.77" type="b" original-type="b" channel="cA" participant="mn058">
      <nite:child href="Bro024.G.words.xml#id(Bro024.w.9,637)..id(Bro024.w.9,638)"/>
   </dialogueact>
   <dialogueact nite:id="Bro024.G.dialogueact1057" starttime="2548.64" endtime="2549.07" type="b" original-type="b" channel="cA" participant="mn058">
      <nite:child href="Bro024.G.words.xml#id(Bro024.w.9,646)..id(Bro024.w.9,649)"/>
   </dialogueact>
   <dialogueact nite:id="Bro024.G.dialogueact1084" starttime="2597.79" endtime="2598.05" type="b" original-type="b" channel="cA" participant="mn058">
      <nite:child href="Bro024.G.words.xml#id(Bro024.w.9,835)..id(Bro024.w.9,838)"/>
   </dialogueact>
   <dialogueact nite:id="Bro024.G.dialogueact1087" starttime="2605.16" endtime="2606.03" type="b" original-type="b" channel="cA" participant="mn058">
      <nite:child href="Bro024.G.words.xml#id(Bro024.w.9,858)..id(Bro024.w.9,859)"/>
   </dialogueact>
   <dialogueact nite:id="Bro024.G.dialogueact1088" starttime="2606.03" endtime="2606.55" type="b" original-type="b" channel="cA" participant="mn058">
      <nite:child href="Bro024.G.words.xml#id(Bro024.w.9,860)..id(Bro024.w.9,861)"/>
   </dialogueact>
   <dialogueact nite:id="Bro024.G.dialogueact1089" starttime="2606.77" endtime="2609.71" type="s^ar|s^df" adjacency="23b" original-type="s^ar|s^df" channel="cA" participant="mn058">
      <nite:child href="Bro024.G.words.xml#id(Bro024.w.9,862)..id(Bro024.w.9,875)"/>
   </dialogueact>
   <dialogueact nite:id="Bro024.G.dialogueact1131" starttime="2672.18" endtime="2672.46" type="b" original-type="b" channel="cA" participant="mn058">
      <nite:child href="Bro024.G.words.xml#id(Bro024.w.10,062)..id(Bro024.w.10,063)"/>
   </dialogueact>
   <dialogueact nite:id="Bro024.G.dialogueact1159" starttime="2765.84" endtime="2767.64" type="qw^rt" adjacency="29a" original-type="qw^rt" channel="cA" participant="mn058">
      <nite:child href="Bro024.G.words.xml#id(Bro024.w.10,291)..id(Bro024.w.10,302)"/>
   </dialogueact>
   <dialogueact nite:id="Bro024.G.dialogueact1163" starttime="2770.25" endtime="2770.52" type="b" original-type="b" channel="cA" participant="mn058">
      <nite:child href="Bro024.G.words.xml#id(Bro024.w.10,316)..id(Bro024.w.10,317)"/>
   </dialogueact>
   <dialogueact nite:id="Bro024.G.dialogueact1165" starttime="2775.06" endtime="2775.68" type="s^bk" adjacency="30b" original-type="s^bk" channel="cA" participant="mn058">
      <nite:child href="Bro024.G.words.xml#id(Bro024.w.10,343)..id(Bro024.w.10,346)"/>
   </dialogueact>
   <dialogueact nite:id="Bro024.G.dialogueact1191" starttime="2857.63" endtime="2860.71" type="s^bu" adjacency="31a" original-type="s^bu" channel="cA" participant="mn058">
      <nite:child href="Bro024.G.words.xml#id(Bro024.w.10,545)..id(Bro024.w.10,557)"/>
   </dialogueact>
   <dialogueact nite:id="Bro024.G.dialogueact1193" starttime="2860.71" endtime="2860.88" type="fh" original-type="fh" channel="cA" participant="mn058">
      <nite:child href="Bro024.G.words.xml#id(Bro024.w.10,558)..id(Bro024.w.10,559)"/>
   </dialogueact>
   <dialogueact nite:id="Bro024.G.dialogueact1196" starttime="2862.6" endtime="2862.81" type="s^bk" adjacency="32b" original-type="s^bk" channel="cA" participant="mn058">
      <nite:child href="Bro024.G.words.xml#id(Bro024.w.10,565)..id(Bro024.w.10,566)"/>
   </dialogueact>
   <dialogueact nite:id="Bro024.G.dialogueact1277" starttime="2989.6" endtime="2989.84" type="b" original-type="b" channel="cA" participant="mn058">
      <nite:child href="Bro024.G.words.xml#id(Bro024.w.10,960)..id(Bro024.w.10,963)"/>
   </dialogueact>
   <dialogueact nite:id="Bro024.G.dialogueact1308" starttime="3048.57" endtime="3055.11" type="qy^rt" adjacency="3a.4a" original-type="qy^rt" channel="cA" participant="mn058">
      <nite:child href="Bro024.G.words.xml#id(Bro024.w.11,137)..id(Bro024.w.11,159)"/>
   </dialogueact>
   <dialogueact nite:id="Bro024.G.dialogueact1310" starttime="3057.22" endtime="3059.28" type="s^e.%--" adjacency="4a+" original-type="s^e.%--" channel="cA" participant="mn058">
      <nite:child href="Bro024.G.words.xml#id(Bro024.w.11,160)..id(Bro024.disfmarker.577)"/>
   </dialogueact>
   <dialogueact nite:id="Bro024.G.dialogueact1342" starttime="3114.76" endtime="3115.17" type="b" original-type="b" channel="cA" participant="mn058">
      <nite:child href="Bro024.G.words.xml#id(Bro024.w.11,367)..id(Bro024.w.11,368)"/>
   </dialogueact>
   <dialogueact nite:id="Bro024.G.dialogueact1360" starttime="3143.46" endtime="3143.65" type="s^bk" adjacency="13b" original-type="s^bk" channel="cA" participant="mn058">
      <nite:child href="Bro024.G.words.xml#id(Bro024.w.11,467)..id(Bro024.w.11,468)"/>
   </dialogueact>
   <dialogueact nite:id="Bro024.G.dialogueact1361" starttime="3143.65" endtime="3144.69" type="s" adjacency="13b+" original-type="s" channel="cA" participant="mn058">
      <nite:child href="Bro024.G.words.xml#id(Bro024.w.11,469)..id(Bro024.w.11,474)"/>
   </dialogueact>
   <dialogueact nite:id="Bro024.G.dialogueact1362" starttime="3144.69" endtime="3148.31" type="s^df" adjacency="13b++.14a" original-type="s^df" channel="cA" participant="mn058">
      <nite:child href="Bro024.G.words.xml#id(Bro024.w.11,475)..id(Bro024.w.11,496)"/>
   </dialogueact>
   <dialogueact nite:id="Bro024.G.dialogueact1367" starttime="3149.63" endtime="3149.82" type="s^bk" adjacency="15b" original-type="s^bk" channel="cA" participant="mn058">
      <nite:child href="Bro024.G.words.xml#id(Bro024.w.11,505)..id(Bro024.w.11,506)"/>
   </dialogueact>
   <dialogueact nite:id="Bro024.G.dialogueact1374" starttime="3155.98" endtime="3156.23" type="s^aa" adjacency="16b" original-type="s^aa" channel="cA" participant="mn058">
      <nite:child href="Bro024.G.words.xml#id(Bro024.w.11,538)..id(Bro024.w.11,541)"/>
   </dialogueact>
   <dialogueact nite:id="Bro024.G.dialogueact1379" starttime="3164.57" endtime="3164.68" type="s^bk" adjacency="17b" original-type="s^bk" channel="cA" participant="mn058">
      <nite:child href="Bro024.G.words.xml#id(Bro024.w.11,578)..id(Bro024.w.11,581)"/>
   </dialogueact>
   <dialogueact nite:id="Bro024.G.dialogueact1393" starttime="3194.05" endtime="3194.76" type="s^bk" adjacency="20b" original-type="s^bk" channel="cA" participant="mn058">
      <nite:child href="Bro024.G.words.xml#id(Bro024.w.11,663)..id(Bro024.w.11,664)"/>
   </dialogueact>
   <dialogueact nite:id="Bro024.G.dialogueact1431" starttime="3347.79" endtime="3347.98" type="s^bk" adjacency="22b-2" original-type="s^bk" channel="cA" participant="mn058">
      <nite:child href="Bro024.G.words.xml#id(Bro024.w.12,058)..id(Bro024.w.12,061)"/>
   </dialogueact>
   <dialogueact nite:id="Bro024.G.dialogueact1434" starttime="3348.28" endtime="3350.5" type="s^bu.%--" adjacency="22b-2+" original-type="s^bu.%--" channel="cA" participant="mn058">
      <nite:child href="Bro024.G.words.xml#id(Bro024.w.12,062)..id(Bro024.disfmarker.611)"/>
   </dialogueact>
   <dialogueact nite:id="Bro024.G.dialogueact1437" starttime="3350.72" endtime="3350.94" type="s^bk" adjacency="22b-2++" original-type="s^bk" channel="cA" participant="mn058">
      <nite:child href="Bro024.G.words.xml#id(Bro024.w.12,069)..id(Bro024.w.12,070)"/>
   </dialogueact>
   <dialogueact nite:id="Bro024.G.dialogueact1440" starttime="3351.14" endtime="3351.47" type="s^bk" adjacency="22b-2+++" original-type="s^bk" channel="cA" participant="mn058">
      <nite:child href="Bro024.G.words.xml#id(Bro024.w.12,071)..id(Bro024.w.12,072)"/>
   </dialogueact>
   <dialogueact nite:id="Bro024.G.dialogueact1451" starttime="3378.11" endtime="3378.48" type="%-" original-type="%-" channel="cA" participant="mn058">
      <nite:child href="Bro024.G.words.xml#id(Bro024.w.12,127)"/>
   </dialogueact>
   <dialogueact nite:id="Bro024.G.dialogueact1467" starttime="3412.06" endtime="3413.54" type="s" original-type="s" channel="cA" participant="mn058">
      <nite:child href="Bro024.G.words.xml#id(Bro024.w.12,253)..id(Bro024.w.12,262)"/>
   </dialogueact>
   <dialogueact nite:id="Bro024.G.dialogueact1470" starttime="3413.54" endtime="3422.66" type="s^cs" adjacency="30a" original-type="s^cs" channel="cA" participant="mn058">
      <nite:child href="Bro024.G.words.xml#id(Bro024.w.12,263)..id(Bro024.w.12,297)"/>
   </dialogueact>
   <dialogueact nite:id="Bro024.G.dialogueact1471" starttime="3422.66" endtime="3425.95" type="s^cs" adjacency="30a+" original-type="s^cs" channel="cA" participant="mn058">
      <nite:child href="Bro024.G.words.xml#id(Bro024.w.12,298)..id(Bro024.w.12,307)"/>
   </dialogueact>
   <dialogueact nite:id="Bro024.G.dialogueact1473" starttime="3426.72" endtime="3427.88" type="s^cs" original-type="s^cs" channel="cA" participant="mn058">
      <nite:child href="Bro024.G.words.xml#id(Bro024.w.12,310)..id(Bro024.w.12,315)"/>
   </dialogueact>
   <dialogueact nite:id="Bro024.G.dialogueact1474" starttime="3427.88" endtime="3429.64" type="s" adjacency="31a" original-type="s" channel="cA" participant="mn058">
      <nite:child href="Bro024.G.words.xml#id(Bro024.w.12,316)..id(Bro024.w.12,323)"/>
   </dialogueact>
   <dialogueact nite:id="Bro024.G.dialogueact1480" starttime="3434.23" endtime="3434.73" type="%" original-type="%" channel="cA" participant="mn058">
   </dialogueact>
   <dialogueact nite:id="Bro024.G.dialogueact1491" starttime="3444.08" endtime="3444.28" type="%" original-type="%" channel="cA" participant="mn058">
      <nite:child href="Bro024.G.words.xml#id(Bro024.w.12,393)..id(Bro024.w.12,395)"/>
   </dialogueact>
   <dialogueact nite:id="Bro024.G.dialogueact1505" starttime="3458.4" endtime="3458.67" type="b" original-type="b" channel="cA" participant="mn058">
      <nite:child href="Bro024.G.words.xml#id(Bro024.w.12,467)..id(Bro024.w.12,470)"/>
   </dialogueact>
   <dialogueact nite:id="Bro024.G.dialogueact1508" starttime="3460.5" endtime="3460.92" type="fg" original-type="fg" channel="cA" participant="mn058">
      <nite:child href="Bro024.G.words.xml#id(Bro024.w.12,473)..id(Bro024.disfmarker.638)"/>
   </dialogueact>
   <dialogueact nite:id="Bro024.G.dialogueact1514" starttime="3473.98" endtime="3477.73" type="s" adjacency="42a" original-type="s" channel="cA" participant="mn058">
      <nite:child href="Bro024.G.words.xml#id(Bro024.w.12,521)..id(Bro024.w.12,539)"/>
   </dialogueact>
   <dialogueact nite:id="Bro024.G.dialogueact1515" starttime="3477.73" endtime="3477.99" type="fh" original-type="fh" channel="cA" participant="mn058">
      <nite:child href="Bro024.G.words.xml#id(Bro024.w.12,540)..id(Bro024.w.12,541)"/>
   </dialogueact>
   <dialogueact nite:id="Bro024.G.dialogueact1522" starttime="3492.89" endtime="3497.16" type="s^bk|s" adjacency="43b" original-type="s^bk|s" channel="cA" participant="mn058">
      <nite:child href="Bro024.G.words.xml#id(Bro024.w.12,581)..id(Bro024.w.12,592)"/>
   </dialogueact>
   <dialogueact nite:id="Bro024.G.dialogueact1523" starttime="3497.42" endtime="3502.91" type="s^df" original-type="s^df" channel="cA" participant="mn058">
      <nite:child href="Bro024.G.words.xml#id(Bro024.w.12,593)..id(Bro024.w.12,613)"/>
   </dialogueact>
   <dialogueact nite:id="Bro024.G.dialogueact1527" starttime="3503.3" endtime="3510.13" type="s^df" original-type="s^df" channel="cA" participant="mn058">
      <nite:child href="Bro024.G.words.xml#id(Bro024.w.12,620)..id(Bro024.w.12,652)"/>
   </dialogueact>
   <dialogueact nite:id="Bro024.G.dialogueact1531" starttime="3511.66" endtime="3511.78" type="fh" original-type="fh" channel="cA" participant="mn058">
      <nite:child href="Bro024.G.words.xml#id(Bro024.w.12,657)..id(Bro024.disfmarker.646)"/>
   </dialogueact>
   <dialogueact nite:id="Bro024.G.dialogueact1573" starttime="3619.92" endtime="3622.38" type="qy^d^rt" adjacency="1a" original-type="qy^d^rt" channel="cA" participant="mn058">
      <nite:child href="Bro024.G.words.xml#id(Bro024.w.13,036)..id(Bro024.w.13,047)"/>
   </dialogueact>
   <dialogueact nite:id="Bro024.G.dialogueact1574" starttime="3622.38" endtime="3622.51" type="qrr.%--" original-type="qrr.%--" channel="cA" participant="mn058">
      <nite:child href="Bro024.G.words.xml#id(Bro024.w.13,048)..id(Bro024.w.13,049)"/>
   </dialogueact>
   <dialogueact nite:id="Bro024.G.dialogueact1577" starttime="3623.85" endtime="3624.09" type="s^bk" adjacency="2b" original-type="s^bk" channel="cA" participant="mn058">
      <nite:child href="Bro024.G.words.xml#id(Bro024.w.13,069)..id(Bro024.w.13,070)"/>
   </dialogueact>
   <dialogueact nite:id="Bro024.G.dialogueact1578" starttime="3624.15" endtime="3625.14" type="s" adjacency="2b+" original-type="s" channel="cA" participant="mn058">
      <nite:child href="Bro024.G.words.xml#id(Bro024.w.13,071)..id(Bro024.w.13,074)"/>
   </dialogueact>
   <dialogueact nite:id="Bro024.G.dialogueact1580" starttime="3625.39" endtime="3625.63" type="s^bk" adjacency="3b.4a" original-type="s^bk" channel="cA" participant="mn058">
      <nite:child href="Bro024.G.words.xml#id(Bro024.w.13,075)..id(Bro024.w.13,076)"/>
   </dialogueact>
   <dialogueact nite:id="Bro024.G.dialogueact1618" starttime="3701.14" endtime="3701.41" type="b" original-type="b" channel="cA" participant="mn058">
      <nite:child href="Bro024.G.words.xml#id(Bro024.w.13,294)..id(Bro024.w.13,297)"/>
   </dialogueact>
   <dialogueact nite:id="Bro024.G.dialogueact1620" starttime="3702.48" endtime="3702.68" type="%" original-type="%" channel="cA" participant="mn058">
      <nite:child href="Bro024.G.words.xml#id(Bro024.w.13,298)"/>
   </dialogueact>
   <dialogueact nite:id="Bro024.G.dialogueact1623" starttime="3704.16" endtime="3704.28" type="s^bk" adjacency="14b" original-type="s^bk" channel="cA" participant="mn058">
      <nite:child href="Bro024.G.words.xml#id(Bro024.w.13,307)..id(Bro024.w.13,308)"/>
   </dialogueact>
   <dialogueact nite:id="Bro024.G.dialogueact1624" starttime="3704.54" endtime="3710.1" type="s" adjacency="15a" original-type="s" channel="cA" participant="mn058">
      <nite:child href="Bro024.G.words.xml#id(Bro024.w.13,309)..id(Bro024.w.13,330)"/>
   </dialogueact>
   <dialogueact nite:id="Bro024.G.dialogueact1625" starttime="3710.6" endtime="3711.12" type="s.%--" adjacency="15a+" original-type="s.%--" channel="cA" participant="mn058">
      <nite:child href="Bro024.G.words.xml#id(Bro024.w.13,331)..id(Bro024.disfmarker.684)"/>
   </dialogueact>
   <dialogueact nite:id="Bro024.G.dialogueact1626" starttime="3712.42" endtime="3712.89" type="qw^t1" original-type="qw^t1" channel="cA" participant="mn058">
      <nite:child href="Bro024.G.words.xml#id(Bro024.w.13,337)..id(Bro024.w.13,340)"/>
   </dialogueact>
   <dialogueact nite:id="Bro024.G.dialogueact1627" starttime="3712.99" endtime="3713.31" type="%--" adjacency="15a++" original-type="%--" channel="cA" participant="mn058">
      <nite:child href="Bro024.G.words.xml#id(Bro024.w.13,341)..id(Bro024.disfmarker.685)"/>
   </dialogueact>
   <dialogueact nite:id="Bro024.G.dialogueact1629" starttime="3715.22" endtime="3719.2" type="s" adjacency="15a+++" original-type="s" channel="cA" participant="mn058">
      <nite:child href="Bro024.G.words.xml#id(Bro024.w.13,346)..id(Bro024.w.13,359)"/>
   </dialogueact>
   <dialogueact nite:id="Bro024.G.dialogueact1631" starttime="3721.43" endtime="3722.06" type="%-" original-type="%-" channel="cA" participant="mn058">
      <nite:child href="Bro024.G.words.xml#id(Bro024.w.13,365)..id(Bro024.disfmarker.686)"/>
   </dialogueact>
   <dialogueact nite:id="Bro024.G.dialogueact1632" starttime="3726.56" endtime="3726.76" type="b" original-type="b" channel="cA" participant="mn058">
      <nite:child href="Bro024.G.words.xml#id(Bro024.w.13,376)..id(Bro024.w.13,379)"/>
   </dialogueact>
   <dialogueact nite:id="Bro024.G.dialogueact1633" starttime="3728.5" endtime="3730.8" type="s^bu" adjacency="16b.17a" original-type="s^bu" channel="cA" participant="mn058">
      <nite:child href="Bro024.G.words.xml#id(Bro024.w.13,380)..id(Bro024.w.13,392)"/>
   </dialogueact>
   <dialogueact nite:id="Bro024.G.dialogueact1635" starttime="3731.4" endtime="3731.85" type="s" original-type="s" channel="cA" participant="mn058">
      <nite:child href="Bro024.G.words.xml#id(Bro024.w.13,395)..id(Bro024.w.13,397)"/>
   </dialogueact>
   <dialogueact nite:id="Bro024.G.dialogueact1636" starttime="3732.14" endtime="3732.53" type="b" original-type="b" channel="cA" participant="mn058">
      <nite:child href="Bro024.G.words.xml#id(Bro024.w.13,398)..id(Bro024.w.13,401)"/>
   </dialogueact>
   <dialogueact nite:id="Bro024.G.dialogueact1640" starttime="3735.95" endtime="3747.68" type="qy^rt" adjacency="18a" original-type="qy^rt" channel="cA" participant="mn058">
      <nite:child href="Bro024.G.words.xml#id(Bro024.w.13,412)..id(Bro024.w.13,433)"/>
   </dialogueact>
   <dialogueact nite:id="Bro024.G.dialogueact1644" starttime="3752.46" endtime="3752.65" type="b" original-type="b" channel="cA" participant="mn058">
      <nite:child href="Bro024.G.words.xml#id(Bro024.w.13,442)..id(Bro024.w.13,443)"/>
   </dialogueact>
   <dialogueact nite:id="Bro024.G.dialogueact1646" starttime="3756.07" endtime="3758.23" type="s.%--" original-type="s.%--" channel="cA" participant="mn058">
      <nite:child href="Bro024.G.words.xml#id(Bro024.w.13,446)..id(Bro024.disfmarker.695)"/>
   </dialogueact>
   <dialogueact nite:id="Bro024.G.dialogueact1648" starttime="3759.05" endtime="3762.14" type="s" original-type="s" channel="cA" participant="mn058">
      <nite:child href="Bro024.G.words.xml#id(Bro024.w.13,460)..id(Bro024.w.13,475)"/>
   </dialogueact>
   <dialogueact nite:id="Bro024.G.dialogueact1649" starttime="3762.14" endtime="3762.66" type="s" original-type="s" channel="cA" participant="mn058">
      <nite:child href="Bro024.G.words.xml#id(Bro024.w.13,476)..id(Bro024.w.13,479)"/>
   </dialogueact>
   <dialogueact nite:id="Bro024.G.dialogueact1650" starttime="3763.1" endtime="3766.1" type="s" original-type="s" channel="cA" participant="mn058">
      <nite:child href="Bro024.G.words.xml#id(Bro024.w.13,480)..id(Bro024.w.13,491)"/>
   </dialogueact>
   <dialogueact nite:id="Bro024.G.dialogueact1651" starttime="3766.1" endtime="3767.93" type="s" original-type="s" channel="cA" participant="mn058">
      <nite:child href="Bro024.G.words.xml#id(Bro024.w.13,492)..id(Bro024.w.13,498)"/>
   </dialogueact>
   <dialogueact nite:id="Bro024.G.dialogueact1653" starttime="3767.93" endtime="3771.73" type="s" adjacency="19a" original-type="s" channel="cA" participant="mn058">
      <nite:child href="Bro024.G.words.xml#id(Bro024.w.13,499)..id(Bro024.w.13,514)"/>
   </dialogueact>
   <dialogueact nite:id="Bro024.G.dialogueact1659" starttime="3779.17" endtime="3779.28" type="b" original-type="b" channel="cA" participant="mn058">
      <nite:child href="Bro024.G.words.xml#id(Bro024.w.13,549)..id(Bro024.w.13,550)"/>
   </dialogueact>
   <dialogueact nite:id="Bro024.G.dialogueact1660" starttime="3779.68" endtime="3780.68" type="s^bk" adjacency="20b.21a" original-type="s^bk" channel="cA" participant="mn058">
      <nite:child href="Bro024.G.words.xml#id(Bro024.w.13,551)..id(Bro024.w.13,558)"/>
   </dialogueact>
   <dialogueact nite:id="Bro024.G.dialogueact1663" starttime="3780.86" endtime="3781.1" type="s^bk" adjacency="20b+" original-type="s^bk" channel="cA" participant="mn058">
      <nite:child href="Bro024.G.words.xml#id(Bro024.w.13,559)..id(Bro024.w.13,560)"/>
   </dialogueact>
   <dialogueact nite:id="Bro024.G.dialogueact1665" starttime="3782.27" endtime="3782.48" type="b" original-type="b" channel="cA" participant="mn058">
      <nite:child href="Bro024.G.words.xml#id(Bro024.w.13,566)..id(Bro024.w.13,567)"/>
   </dialogueact>
   <dialogueact nite:id="Bro024.G.dialogueact1667" starttime="3784.96" endtime="3785.16" type="s^bk" adjacency="22b" original-type="s^bk" channel="cA" participant="mn058">
      <nite:child href="Bro024.G.words.xml#id(Bro024.w.13,580)..id(Bro024.w.13,583)"/>
   </dialogueact>
   <dialogueact nite:id="Bro024.G.dialogueact1671" starttime="3800.58" endtime="3800.69" type="b" original-type="b" channel="cA" participant="mn058">
      <nite:child href="Bro024.G.words.xml#id(Bro024.w.13,624)..id(Bro024.w.13,625)"/>
   </dialogueact>
   <dialogueact nite:id="Bro024.G.dialogueact1673" starttime="3804.76" endtime="3804.98" type="b" original-type="b" channel="cA" participant="mn058">
      <nite:child href="Bro024.G.words.xml#id(Bro024.w.13,634)..id(Bro024.w.13,637)"/>
   </dialogueact>
   <dialogueact nite:id="Bro024.G.dialogueact1674" starttime="3809.04" endtime="3813.61" type="s.%--" original-type="s.%--" channel="cA" participant="mn058">
      <nite:child href="Bro024.G.words.xml#id(Bro024.w.13,638)..id(Bro024.disfmarker.709)"/>
   </dialogueact>
   <dialogueact nite:id="Bro024.G.dialogueact1675" starttime="3811.98" endtime="3815.32" type="x" original-type="x" channel="cA" participant="mn058">
   </dialogueact>
   <dialogueact nite:id="Bro024.G.dialogueact1676" starttime="3815.36" endtime="3818.03" type="s" adjacency="23a" original-type="s" channel="cA" participant="mn058">
      <nite:child href="Bro024.G.words.xml#id(Bro024.w.13,654)..id(Bro024.w.13,666)"/>
   </dialogueact>
   <dialogueact nite:id="Bro024.G.dialogueact1678" starttime="3818.96" endtime="3820.66" type="s.%--" original-type="s.%--" channel="cA" participant="mn058">
      <nite:child href="Bro024.G.words.xml#id(Bro024.w.13,671)..id(Bro024.w.13,677)"/>
   </dialogueact>
   <dialogueact nite:id="Bro024.G.dialogueact1679" starttime="3820.66" endtime="3824.41" type="s" adjacency="24a" original-type="s" channel="cA" participant="mn058">
      <nite:child href="Bro024.G.words.xml#id(Bro024.w.13,678)..id(Bro024.w.13,693)"/>
   </dialogueact>
   <dialogueact nite:id="Bro024.G.dialogueact1681" starttime="3825.93" endtime="3828.69" type="s^cs" adjacency="25a" original-type="s^cs" channel="cA" participant="mn058">
      <nite:child href="Bro024.G.words.xml#id(Bro024.w.13,698)..id(Bro024.w.13,706)"/>
   </dialogueact>
   <dialogueact nite:id="Bro024.G.dialogueact1686" starttime="3833.8" endtime="3834.06" type="%--" original-type="%--" channel="cA" participant="mn058">
      <nite:child href="Bro024.G.words.xml#id(Bro024.w.13,722)..id(Bro024.disfmarker.712)"/>
   </dialogueact>
   <dialogueact nite:id="Bro024.G.dialogueact1688" starttime="3836.84" endtime="3837.08" type="s^aa" adjacency="26b" original-type="s^aa" channel="cA" participant="mn058">
      <nite:child href="Bro024.G.words.xml#id(Bro024.w.13,736)..id(Bro024.w.13,737)"/>
   </dialogueact>
   <dialogueact nite:id="Bro024.G.dialogueact1689" starttime="3837.48" endtime="3837.72" type="s^aa^r" adjacency="26b+" original-type="s^aa^r" channel="cA" participant="mn058">
      <nite:child href="Bro024.G.words.xml#id(Bro024.w.13,738)..id(Bro024.w.13,739)"/>
   </dialogueact>
   <dialogueact nite:id="Bro024.G.dialogueact1690" starttime="3838.44" endtime="3838.71" type="s^aa" adjacency="26b++" original-type="s^aa" channel="cA" participant="mn058">
      <nite:child href="Bro024.G.words.xml#id(Bro024.w.13,740)..id(Bro024.w.13,743)"/>
   </dialogueact>
   <dialogueact nite:id="Bro024.G.dialogueact1696" starttime="3859.75" endtime="3860.09" type="s^aa" adjacency="27b" original-type="s^aa" channel="cA" participant="mn058">
      <nite:child href="Bro024.G.words.xml#id(Bro024.w.13,808)..id(Bro024.w.13,809)"/>
   </dialogueact>
   <dialogueact nite:id="Bro024.G.dialogueact1697" starttime="3860.21" endtime="3860.36" type="%--" original-type="%--" channel="cA" participant="mn058">
      <nite:child href="Bro024.G.words.xml#id(Bro024.w.13,810)"/>
   </dialogueact>
   <dialogueact nite:id="Bro024.G.dialogueact1699" starttime="3861.26" endtime="3861.43" type="s^aa" adjacency="27b+" original-type="s^aa" channel="cA" participant="mn058">
      <nite:child href="Bro024.G.words.xml#id(Bro024.w.13,811)..id(Bro024.w.13,812)"/>
   </dialogueact>
   <dialogueact nite:id="Bro024.G.dialogueact1700" starttime="3861.83" endtime="3862.13" type="s^aa^r" adjacency="27b++" original-type="s^aa^r" channel="cA" participant="mn058">
      <nite:child href="Bro024.G.words.xml#id(Bro024.w.13,813)..id(Bro024.w.13,814)"/>
   </dialogueact>
   <dialogueact nite:id="Bro024.G.dialogueact1701" starttime="3868.51" endtime="3868.8" type="s^aa" adjacency="28b" original-type="s^aa" channel="cA" participant="mn058">
      <nite:child href="Bro024.G.words.xml#id(Bro024.w.13,815)..id(Bro024.w.13,816)"/>
   </dialogueact>
   <dialogueact nite:id="Bro024.G.dialogueact1704" starttime="3873.06" endtime="3873.71" type="s^bk|s.%--" original-type="s^bk|s.%--" channel="cA" participant="mn058">
      <nite:child href="Bro024.G.words.xml#id(Bro024.w.13,823)..id(Bro024.w.13,827)"/>
   </dialogueact>
   <dialogueact nite:id="Bro024.G.dialogueact1705" starttime="3873.99" endtime="3877.22" type="s^cs.%--" original-type="s^cs.%--" channel="cA" participant="mn058">
      <nite:child href="Bro024.G.words.xml#id(Bro024.w.13,828)..id(Bro024.disfmarker.718)"/>
   </dialogueact>
   <dialogueact nite:id="Bro024.G.dialogueact1706" starttime="3878.0" endtime="3879.48" type="s" original-type="s" channel="cA" participant="mn058">
      <nite:child href="Bro024.G.words.xml#id(Bro024.w.13,846)..id(Bro024.w.13,852)"/>
   </dialogueact>
   <dialogueact nite:id="Bro024.G.dialogueact1708" starttime="3880.6" endtime="3882.93" type="s:s" original-type="s:s" channel="cA" participant="mn058">
      <nite:child href="Bro024.G.words.xml#id(Bro024.w.13,857)..id(Bro024.w.13,868)"/>
   </dialogueact>
   <dialogueact nite:id="Bro024.G.dialogueact1709" starttime="3882.93" endtime="3884.42" type="s:s" original-type="s:s" channel="cA" participant="mn058">
      <nite:child href="Bro024.G.words.xml#id(Bro024.w.13,869)..id(Bro024.w.13,876)"/>
   </dialogueact>
   <dialogueact nite:id="Bro024.G.dialogueact1711" starttime="3886.96" endtime="3889.68" type="s" adjacency="29a" original-type="s" channel="cA" participant="mn058">
      <nite:child href="Bro024.G.words.xml#id(Bro024.w.13,877)..id(Bro024.w.13,899)"/>
   </dialogueact>
   <dialogueact nite:id="Bro024.G.dialogueact1713" starttime="3891.83" endtime="3897.77" type="s^cs.%--" adjacency="30a" original-type="s^cs.%--" channel="cA" participant="mn058">
      <nite:child href="Bro024.G.words.xml#id(Bro024.w.13,906)..id(Bro024.disfmarker.723)"/>
   </dialogueact>
   <dialogueact nite:id="Bro024.G.dialogueact1735" starttime="3933.53" endtime="3940.84" type="s^tc" adjacency="35a" original-type="s^tc" channel="cA" participant="mn058">
      <nite:child href="Bro024.G.words.xml#id(Bro024.w.14,015)..id(Bro024.w.14,036)"/>
   </dialogueact>
   <dialogueact nite:id="Bro024.G.dialogueact1739" starttime="3942.32" endtime="3944.47" type="s" adjacency="36a" original-type="s" channel="cA" participant="mn058">
      <nite:child href="Bro024.G.words.xml#id(Bro024.w.14,061)..id(Bro024.w.14,070)"/>
   </dialogueact>
   <dialogueact nite:id="Bro024.G.dialogueact1740" starttime="3944.47" endtime="3950.9" type="s" adjacency="37a" original-type="s" channel="cA" participant="mn058">
      <nite:child href="Bro024.G.words.xml#id(Bro024.w.14,071)..id(Bro024.w.14,098)"/>
   </dialogueact>
   <dialogueact nite:id="Bro024.G.dialogueact1749" starttime="3951.09" endtime="3951.17" type="fh" original-type="fh" channel="cA" participant="mn058">
      <nite:child href="Bro024.G.words.xml#id(Bro024.w.14,099)..id(Bro024.w.14,100)"/>
   </dialogueact>
   <dialogueact nite:id="Bro024.G.dialogueact1779" starttime="4006.84" endtime="4007.25" type="b" original-type="b" channel="cA" participant="mn058">
      <nite:child href="Bro024.G.words.xml#id(Bro024.w.14,322)..id(Bro024.w.14,325)"/>
   </dialogueact>
   <dialogueact nite:id="Bro024.G.dialogueact1786" starttime="4019.24" endtime="4020.83" type="s" adjacency="44b.45a" original-type="s" channel="cA" participant="mn058">
      <nite:child href="Bro024.G.words.xml#id(Bro024.w.14,370)..id(Bro024.w.14,380)"/>
   </dialogueact>
   <dialogueact nite:id="Bro024.G.dialogueact1788" starttime="4021.84" endtime="4023.5" type="s^e" original-type="s^e" channel="cA" participant="mn058">
      <nite:child href="Bro024.G.words.xml#id(Bro024.w.14,383)..id(Bro024.w.14,390)"/>
   </dialogueact>
   <dialogueact nite:id="Bro024.G.dialogueact1789" starttime="4023.5" endtime="4023.7" type="fh" original-type="fh" channel="cA" participant="mn058">
      <nite:child href="Bro024.G.words.xml#id(Bro024.w.14,391)..id(Bro024.w.14,392)"/>
   </dialogueact>
   <dialogueact nite:id="Bro024.G.dialogueact1906" starttime="4278.95" endtime="4279.22" type="s^aa" adjacency="10b" original-type="s^aa" channel="cA" participant="mn058">
      <nite:child href="Bro024.G.words.xml#id(Bro024.w.15,160)..id(Bro024.w.15,161)"/>
   </dialogueact>
   <dialogueact nite:id="Bro024.G.dialogueact1907" starttime="4280.26" endtime="4282.66" type="s^bu" adjacency="11a" original-type="s^bu" channel="cA" participant="mn058">
      <nite:child href="Bro024.G.words.xml#id(Bro024.w.15,162)..id(Bro024.w.15,173)"/>
   </dialogueact>
   <dialogueact nite:id="Bro024.G.dialogueact1909" starttime="4282.66" endtime="4282.76" type="qy^d^g^rt" adjacency="11a+" original-type="qy^d^g^rt" channel="cA" participant="mn058">
      <nite:child href="Bro024.G.words.xml#id(Bro024.w.15,174)..id(Bro024.w.15,175)"/>
   </dialogueact>
   <dialogueact nite:id="Bro024.G.dialogueact1911" starttime="4283.66" endtime="4283.87" type="s^bk" adjacency="12b" original-type="s^bk" channel="cA" participant="mn058">
      <nite:child href="Bro024.G.words.xml#id(Bro024.w.15,180)..id(Bro024.w.15,181)"/>
   </dialogueact>
   <dialogueact nite:id="Bro024.G.dialogueact1912" starttime="4284.72" endtime="4293.03" type="s" adjacency="13a" original-type="s" channel="cA" participant="mn058">
      <nite:child href="Bro024.G.words.xml#id(Bro024.w.15,182)..id(Bro024.w.15,222)"/>
   </dialogueact>
   <dialogueact nite:id="Bro024.G.dialogueact1914" starttime="4293.03" endtime="4294.38" type="fh" original-type="fh" channel="cA" participant="mn058">
      <nite:child href="Bro024.G.words.xml#id(Bro024.w.15,223)..id(Bro024.w.15,228)"/>
   </dialogueact>
   <dialogueact nite:id="Bro024.G.dialogueact1915" starttime="4296.33" endtime="4301.84" type="s^cs" original-type="s^cs" channel="cA" participant="mn058">
      <nite:child href="Bro024.G.words.xml#id(Bro024.w.15,233)..id(Bro024.w.15,253)"/>
   </dialogueact>
   <dialogueact nite:id="Bro024.G.dialogueact1916" starttime="4301.84" endtime="4307.95" type="s^cs" original-type="s^cs" channel="cA" participant="mn058">
      <nite:child href="Bro024.G.words.xml#id(Bro024.w.15,254)..id(Bro024.w.15,281)"/>
   </dialogueact>
   <dialogueact nite:id="Bro024.G.dialogueact1918" starttime="4307.95" endtime="4309.2" type="fh" original-type="fh" channel="cA" participant="mn058">
      <nite:child href="Bro024.G.words.xml#id(Bro024.w.15,282)..id(Bro024.w.15,283)"/>
   </dialogueact>
   <dialogueact nite:id="Bro024.G.dialogueact1919" starttime="4309.47" endtime="4317.47" type="s^cs" adjacency="14a" original-type="s^cs" channel="cA" participant="mn058">
      <nite:child href="Bro024.G.words.xml#id(Bro024.w.15,284)..id(Bro024.w.15,304)"/>
   </dialogueact>
   <dialogueact nite:id="Bro024.G.dialogueact1923" starttime="4318.62" endtime="4318.9" type="b" original-type="b" channel="cA" participant="mn058">
      <nite:child href="Bro024.G.words.xml#id(Bro024.w.15,318)..id(Bro024.w.15,319)"/>
   </dialogueact>
   <dialogueact nite:id="Bro024.G.dialogueact1967" starttime="4570.72" endtime="4570.96" comment="FBH" type="z" original-type="z" channel="cA" participant="mn058">
      <nite:child href="Bro024.G.words.xml#id(Bro024.w.16,132)..id(Bro024.w.16,135)"/>
   </dialogueact>
   <dialogueact nite:id="Bro024.G.dialogueact1972" starttime="4714.43" endtime="4714.81" type="z" original-type="z" channel="cA" participant="mn058">
      <nite:child href="Bro024.G.words.xml#id(Bro024.w.16,537)..id(Bro024.w.16,538)"/>
   </dialogueact>
</nite:root>