<?xml version="1.0" encoding="ISO-8859-1" standalone="yes"?>
<nite:root nite:id="Bro011.B.dialogue-acts" xmlns:nite="http://nite.sourceforge.net/">
   <dialogueact nite:id="Bro011.B.dialogueact10" starttime="17.541" endtime="18.041" type="z" original-type="z" channel="c2" participant="me018">
      <nite:child href="Bro011.B.words.xml#id(Bro011.w.36)..id(Bro011.w.39)"/>
   </dialogueact>
   <dialogueact nite:id="Bro011.B.dialogueact11" starttime="18.041" endtime="18.761" type="z" original-type="z" channel="c2" participant="me018">
      <nite:child href="Bro011.B.words.xml#id(Bro011.w.40)..id(Bro011.w.44)"/>
   </dialogueact>
   <dialogueact nite:id="Bro011.B.dialogueact30" starttime="61.03" endtime="61.31" type="s^nd" adjacency="1b.2a" original-type="s^nd" channel="c2" participant="me018">
      <nite:child href="Bro011.B.words.xml#id(Bro011.w.125)..id(Bro011.w.128)"/>
   </dialogueact>
   <dialogueact nite:id="Bro011.B.dialogueact32" starttime="62.22" endtime="62.63" type="qy^bu^d^rt" adjacency="4a" original-type="qy^bu^d^rt" channel="c2" participant="me018">
      <nite:child href="Bro011.B.words.xml#id(Bro011.w.134)..id(Bro011.w.136)"/>
   </dialogueact>
   <dialogueact nite:id="Bro011.B.dialogueact34" starttime="63.07" endtime="63.23" type="s^m" adjacency="3b" original-type="s^m" channel="c2" participant="me018">
      <nite:child href="Bro011.B.words.xml#id(Bro011.w.139)..id(Bro011.w.140)"/>
   </dialogueact>
   <dialogueact nite:id="Bro011.B.dialogueact294" starttime="740.39" endtime="742.06" type="fg|qy^bu^rt" adjacency="4a" original-type="fg|qy^bu^rt" channel="c2" participant="me018">
      <nite:child href="Bro011.B.words.xml#id(Bro011.w.2,230)..id(Bro011.w.2,237)"/>
   </dialogueact>
   <dialogueact nite:id="Bro011.B.dialogueact296" starttime="742.06" endtime="742.91" type="s.%--" original-type="s.%--" channel="c2" participant="me018">
      <nite:child href="Bro011.B.words.xml#id(Bro011.w.2,238)..id(Bro011.disfmarker.106)"/>
   </dialogueact>
   <dialogueact nite:id="Bro011.B.dialogueact297" starttime="742.91" endtime="746.42" type="s.x" original-type="s.x" channel="c2" participant="me018">
      <nite:child href="Bro011.B.words.xml#id(Bro011.w.2,243)..id(Bro011.w.2,268)"/>
   </dialogueact>
   <dialogueact nite:id="Bro011.B.dialogueact301" starttime="747.155" endtime="750.875" type="s" adjacency="5a" original-type="s" channel="c2" participant="me018">
      <nite:child href="Bro011.B.words.xml#id(Bro011.w.2,271)..id(Bro011.w.2,289)"/>
   </dialogueact>
   <dialogueact nite:id="Bro011.B.dialogueact316" starttime="818.01" endtime="822.15" comment="Open Question!" type="qo" original-type="qo" channel="c2" participant="me018">
      <nite:child href="Bro011.B.words.xml#id(Bro011.w.2,490)..id(Bro011.w.2,500)"/>
   </dialogueact>
   <dialogueact nite:id="Bro011.B.dialogueact317" starttime="823.212" endtime="825.442" type="s" original-type="s" channel="c2" participant="me018">
      <nite:child href="Bro011.B.words.xml#id(Bro011.w.2,505)..id(Bro011.w.2,514)"/>
   </dialogueact>
   <dialogueact nite:id="Bro011.B.dialogueact318" starttime="829.061" endtime="829.351" type="b" original-type="b" channel="c2" participant="me018">
      <nite:child href="Bro011.B.words.xml#id(Bro011.w.2,537)..id(Bro011.w.2,538)"/>
   </dialogueact>
   <dialogueact nite:id="Bro011.B.dialogueact319" starttime="842.33" endtime="845.77" type="qy^bu^rt" original-type="qy^bu^rt" channel="c2" participant="me018">
      <nite:child href="Bro011.B.words.xml#id(Bro011.w.2,567)..id(Bro011.w.2,580)"/>
   </dialogueact>
   <dialogueact nite:id="Bro011.B.dialogueact320" starttime="846.19" endtime="846.54" type="s^bk" original-type="s^bk" channel="c2" participant="me018">
      <nite:child href="Bro011.B.words.xml#id(Bro011.w.2,583)..id(Bro011.w.2,585)"/>
   </dialogueact>
   <dialogueact nite:id="Bro011.B.dialogueact325" starttime="856.64" endtime="856.71" type="s^aa" adjacency="6b" original-type="s^aa" channel="c2" participant="me018">
      <nite:child href="Bro011.B.words.xml#id(Bro011.w.2,631)..id(Bro011.w.2,632)"/>
   </dialogueact>
   <dialogueact nite:id="Bro011.B.dialogueact331" starttime="864.64" endtime="871.204" type="s" original-type="s" channel="c2" participant="me018">
      <nite:child href="Bro011.B.words.xml#id(Bro011.w.2,660)..id(Bro011.w.2,699)"/>
   </dialogueact>
   <dialogueact nite:id="Bro011.B.dialogueact347" starttime="900.787" endtime="906.37" type="qw^rt" original-type="qw^rt" channel="c2" participant="me018">
      <nite:child href="Bro011.B.words.xml#id(Bro011.w.2,772)..id(Bro011.w.2,787)"/>
   </dialogueact>
   <dialogueact nite:id="Bro011.B.dialogueact348" starttime="906.37" endtime="906.63" type="qy^d^g^rt" original-type="qy^d^g^rt" channel="c2" participant="me018">
      <nite:child href="Bro011.B.words.xml#id(Bro011.w.2,788)..id(Bro011.w.2,789)"/>
   </dialogueact>
   <dialogueact nite:id="Bro011.B.dialogueact349" starttime="906.96" endtime="907.54" type="qw.%-" original-type="qw.%-" channel="c2" participant="me018">
      <nite:child href="Bro011.B.words.xml#id(Bro011.w.2,797)..id(Bro011.disfmarker.136)"/>
   </dialogueact>
   <dialogueact nite:id="Bro011.B.dialogueact350" starttime="908.595" endtime="909.395" type="qw^rt" original-type="qw^rt" channel="c2" participant="me018">
      <nite:child href="Bro011.B.words.xml#id(Bro011.w.2,800)..id(Bro011.w.2,806)"/>
   </dialogueact>
   <dialogueact nite:id="Bro011.B.dialogueact351" starttime="909.395" endtime="910.705" type="qw^rt" original-type="qw^rt" channel="c2" participant="me018">
      <nite:child href="Bro011.B.words.xml#id(Bro011.w.2,807)..id(Bro011.w.2,813)"/>
   </dialogueact>
   <dialogueact nite:id="Bro011.B.dialogueact352" starttime="914.974" endtime="915.404" type="b" original-type="b" channel="c2" participant="me018">
      <nite:child href="Bro011.B.words.xml#id(Bro011.w.2,835)..id(Bro011.w.2,838)"/>
   </dialogueact>
   <dialogueact nite:id="Bro011.B.dialogueact353" starttime="924.595" endtime="924.985" type="b" original-type="b" channel="c2" participant="me018">
      <nite:child href="Bro011.B.words.xml#id(Bro011.w.2,864)..id(Bro011.w.2,867)"/>
   </dialogueact>
   <dialogueact nite:id="Bro011.B.dialogueact354" starttime="926.69" endtime="927.81" type="s^bk" original-type="s^bk" channel="c2" participant="me018">
      <nite:child href="Bro011.B.words.xml#id(Bro011.w.2,876)..id(Bro011.w.2,879)"/>
   </dialogueact>
   <dialogueact nite:id="Bro011.B.dialogueact355" starttime="932.65" endtime="933.13" type="b^rt" original-type="b^rt" channel="c2" participant="me018">
      <nite:child href="Bro011.B.words.xml#id(Bro011.w.2,899)..id(Bro011.w.2,902)"/>
   </dialogueact>
   <dialogueact nite:id="Bro011.B.dialogueact356" starttime="939.54" endtime="941.0" type="qw" original-type="qw" channel="c2" participant="me018">
      <nite:child href="Bro011.B.words.xml#id(Bro011.w.2,903)..id(Bro011.w.2,911)"/>
   </dialogueact>
   <dialogueact nite:id="Bro011.B.dialogueact357" starttime="941.0" endtime="943.39" comment="FBH" type="qw" original-type="qw" channel="c2" participant="me018">
      <nite:child href="Bro011.B.words.xml#id(Bro011.w.2,912)..id(Bro011.w.2,920)"/>
   </dialogueact>
   <dialogueact nite:id="Bro011.B.dialogueact358" starttime="957.512" endtime="957.962" type="b" original-type="b" channel="c2" participant="me018">
      <nite:child href="Bro011.B.words.xml#id(Bro011.w.2,956)..id(Bro011.w.2,957)"/>
   </dialogueact>
   <dialogueact nite:id="Bro011.B.dialogueact359" starttime="963.35" endtime="963.96" type="s^bk" original-type="s^bk" channel="c2" participant="me018">
      <nite:child href="Bro011.B.words.xml#id(Bro011.w.2,977)..id(Bro011.w.2,979)"/>
   </dialogueact>
   <dialogueact nite:id="Bro011.B.dialogueact360" starttime="963.96" endtime="965.1" type="s" original-type="s" channel="c2" participant="me018">
      <nite:child href="Bro011.B.words.xml#id(Bro011.w.2,980)..id(Bro011.w.2,987)"/>
   </dialogueact>
   <dialogueact nite:id="Bro011.B.dialogueact361" starttime="966.18" endtime="966.53" type="s^bk" original-type="s^bk" channel="c2" participant="me018">
      <nite:child href="Bro011.B.words.xml#id(Bro011.w.2,994)..id(Bro011.w.2,996)"/>
   </dialogueact>
   <dialogueact nite:id="Bro011.B.dialogueact370" starttime="1020.56" endtime="1020.8" type="b" original-type="b" channel="c2" participant="me018">
      <nite:child href="Bro011.B.words.xml#id(Bro011.w.3,171)..id(Bro011.w.3,172)"/>
   </dialogueact>
   <dialogueact nite:id="Bro011.B.dialogueact373" starttime="1032.69" endtime="1033.66" type="s^j.%--" original-type="s^j.%--" channel="c2" participant="me018">
      <nite:child href="Bro011.B.words.xml#id(Bro011.w.3,208)..id(Bro011.w.3,210)"/>
   </dialogueact>
   <dialogueact nite:id="Bro011.B.dialogueact374" starttime="1034.11" endtime="1034.39" type="b" original-type="b" channel="c2" participant="me018">
      <nite:child href="Bro011.B.words.xml#id(Bro011.w.3,215)..id(Bro011.w.3,216)"/>
   </dialogueact>
   <dialogueact nite:id="Bro011.B.dialogueact375" starttime="1035.02" endtime="1036.67" type="s^j" original-type="s^j" channel="c2" participant="me018">
      <nite:child href="Bro011.B.words.xml#id(Bro011.w.3,217)..id(Bro011.w.3,229)"/>
   </dialogueact>
   <dialogueact nite:id="Bro011.B.dialogueact376" starttime="1039.37" endtime="1039.88" type="s^j" original-type="s^j" channel="c2" participant="me018">
      <nite:child href="Bro011.B.words.xml#id(Bro011.w.3,237)..id(Bro011.w.3,239)"/>
   </dialogueact>
   <dialogueact nite:id="Bro011.B.dialogueact377" starttime="1039.88" endtime="1039.91" type="s^j" original-type="s^j" channel="c2" participant="me018">
      <nite:child href="Bro011.B.words.xml#id(Bro011.w.3,240)..id(Bro011.w.3,241)"/>
   </dialogueact>
   <dialogueact nite:id="Bro011.B.dialogueact379" starttime="1047.67" endtime="1048.07" type="b" original-type="b" channel="c2" participant="me018">
      <nite:child href="Bro011.B.words.xml#id(Bro011.w.3,281)..id(Bro011.w.3,282)"/>
   </dialogueact>
   <dialogueact nite:id="Bro011.B.dialogueact380" starttime="1048.26" endtime="1048.71" type="%--" original-type="%--" channel="c2" participant="me018">
      <nite:child href="Bro011.B.words.xml#id(Bro011.w.3,283)"/>
   </dialogueact>
   <dialogueact nite:id="Bro011.B.dialogueact381" starttime="1049.35" endtime="1049.84" type="s^aa" original-type="s^aa" channel="c2" participant="me018">
      <nite:child href="Bro011.B.words.xml#id(Bro011.w.3,291)..id(Bro011.w.3,294)"/>
   </dialogueact>
   <dialogueact nite:id="Bro011.B.dialogueact382" starttime="1050.05" endtime="1055.83" type="s^cs^j" original-type="s^cs^j" channel="c2" participant="me018">
      <nite:child href="Bro011.B.words.xml#id(Bro011.w.3,295)..id(Bro011.w.3,320)"/>
   </dialogueact>
   <dialogueact nite:id="Bro011.B.dialogueact384" starttime="1055.83" endtime="1055.94" type="fh" original-type="fh" channel="c2" participant="me018">
      <nite:child href="Bro011.B.words.xml#id(Bro011.w.3,321)"/>
   </dialogueact>
   <dialogueact nite:id="Bro011.B.dialogueact386" starttime="1057.81" endtime="1058.02" type="b" original-type="b" channel="c2" participant="me018">
      <nite:child href="Bro011.B.words.xml#id(Bro011.w.3,336)..id(Bro011.w.3,337)"/>
   </dialogueact>
   <dialogueact nite:id="Bro011.B.dialogueact388" starttime="1084.2" endtime="1084.72" type="b" original-type="b" channel="c2" participant="me018">
      <nite:child href="Bro011.B.words.xml#id(Bro011.w.3,410)..id(Bro011.w.3,411)"/>
   </dialogueact>
   <dialogueact nite:id="Bro011.B.dialogueact389" starttime="1085.73" endtime="1088.2" type="s.%--" original-type="s.%--" channel="c2" participant="me018">
      <nite:child href="Bro011.B.words.xml#id(Bro011.w.3,414)..id(Bro011.w.3,423)"/>
   </dialogueact>
   <dialogueact nite:id="Bro011.B.dialogueact390" starttime="1089.08" endtime="1091.36" type="s" original-type="s" channel="c2" participant="me018">
      <nite:child href="Bro011.B.words.xml#id(Bro011.w.3,424)..id(Bro011.w.3,434)"/>
   </dialogueact>
   <dialogueact nite:id="Bro011.B.dialogueact391" starttime="1091.37" endtime="1091.62" type="qy^d^g^rt" original-type="qy^d^g^rt" channel="c2" participant="me018">
      <nite:child href="Bro011.B.words.xml#id(Bro011.w.3,435)..id(Bro011.w.3,436)"/>
   </dialogueact>
   <dialogueact nite:id="Bro011.B.dialogueact392" starttime="1091.62" endtime="1096.37" type="s.%--" original-type="s.%--" channel="c2" participant="me018">
      <nite:child href="Bro011.B.words.xml#id(Bro011.w.3,437)..id(Bro011.disfmarker.168)"/>
   </dialogueact>
   <dialogueact nite:id="Bro011.B.dialogueact393" starttime="1096.9" endtime="1097.41" type="s^aa" original-type="s^aa" channel="c2" participant="me018">
      <nite:child href="Bro011.B.words.xml#id(Bro011.w.3,463)..id(Bro011.w.3,464)"/>
   </dialogueact>
   <dialogueact nite:id="Bro011.B.dialogueact394" starttime="1100.06" endtime="1102.08" type="s" original-type="s" channel="c2" participant="me018">
      <nite:child href="Bro011.B.words.xml#id(Bro011.w.3,474)..id(Bro011.w.3,485)"/>
   </dialogueact>
   <dialogueact nite:id="Bro011.B.dialogueact395" starttime="1102.08" endtime="1103.07" comment="Hmmm... not sure what to call this" type="qy^bu^rt" original-type="qy^bu^rt" channel="c2" participant="me018">
      <nite:child href="Bro011.B.words.xml#id(Bro011.w.3,486)..id(Bro011.w.3,487)"/>
   </dialogueact>
   <dialogueact nite:id="Bro011.B.dialogueact396" starttime="1103.07" endtime="1104.54" type="qw" original-type="qw" channel="c2" participant="me018">
      <nite:child href="Bro011.B.words.xml#id(Bro011.w.3,488)..id(Bro011.w.3,494)"/>
   </dialogueact>
   <dialogueact nite:id="Bro011.B.dialogueact397" starttime="1104.54" endtime="1105.36" type="qy" original-type="qy" channel="c2" participant="me018">
      <nite:child href="Bro011.B.words.xml#id(Bro011.w.3,495)..id(Bro011.w.3,500)"/>
   </dialogueact>
   <dialogueact nite:id="Bro011.B.dialogueact398" starttime="1106.26" endtime="1113.16" type="fh|s" original-type="fh|s" channel="c2" participant="me018">
      <nite:child href="Bro011.B.words.xml#id(Bro011.w.3,501)..id(Bro011.w.3,526)"/>
   </dialogueact>
   <dialogueact nite:id="Bro011.B.dialogueact399" starttime="1113.99" endtime="1115.35" type="s^no" original-type="s^no" channel="c2" participant="me018">
      <nite:child href="Bro011.B.words.xml#id(Bro011.w.3,529)..id(Bro011.w.3,536)"/>
   </dialogueact>
   <dialogueact nite:id="Bro011.B.dialogueact400" starttime="1116.06" endtime="1116.26" type="s" original-type="s" channel="c2" participant="me018">
      <nite:child href="Bro011.B.words.xml#id(Bro011.w.3,537)..id(Bro011.w.3,538)"/>
   </dialogueact>
   <dialogueact nite:id="Bro011.B.dialogueact401" starttime="1116.51" endtime="1117.06" type="s" original-type="s" channel="c2" participant="me018">
      <nite:child href="Bro011.B.words.xml#id(Bro011.w.3,539)..id(Bro011.w.3,545)"/>
   </dialogueact>
   <dialogueact nite:id="Bro011.B.dialogueact403" starttime="1118.71" endtime="1119.25" type="s" original-type="s" channel="c2" participant="me018">
      <nite:child href="Bro011.B.words.xml#id(Bro011.w.3,560)..id(Bro011.w.3,563)"/>
   </dialogueact>
   <dialogueact nite:id="Bro011.B.dialogueact406" starttime="1123.01" endtime="1123.72" type="s^na" adjacency="8b" original-type="s^na" channel="c2" participant="me018">
      <nite:child href="Bro011.B.words.xml#id(Bro011.w.3,583)..id(Bro011.w.3,585)"/>
   </dialogueact>
   <dialogueact nite:id="Bro011.B.dialogueact408" starttime="1125.84" endtime="1126.2" type="qy^rt" adjacency="9a" original-type="qy^rt" channel="c2" participant="me018">
      <nite:child href="Bro011.B.words.xml#id(Bro011.w.3,597)..id(Bro011.w.3,600)"/>
   </dialogueact>
   <dialogueact nite:id="Bro011.B.dialogueact409" starttime="1126.33" endtime="1126.82" type="s^bk" adjacency="10b" original-type="s^bk" channel="c2" participant="me018">
      <nite:child href="Bro011.B.words.xml#id(Bro011.w.3,601)..id(Bro011.w.3,603)"/>
   </dialogueact>
   <dialogueact nite:id="Bro011.B.dialogueact412" starttime="1128.22" endtime="1128.55" type="b" original-type="b" channel="c2" participant="me018">
      <nite:child href="Bro011.B.words.xml#id(Bro011.w.3,608)..id(Bro011.w.3,609)"/>
   </dialogueact>
   <dialogueact nite:id="Bro011.B.dialogueact415" starttime="1132.7" endtime="1134.63" type="s^no" adjacency="11b" original-type="s^no" channel="c2" participant="me018">
      <nite:child href="Bro011.B.words.xml#id(Bro011.w.3,626)..id(Bro011.w.3,636)"/>
   </dialogueact>
   <dialogueact nite:id="Bro011.B.dialogueact416" starttime="1135.05" endtime="1139.47" type="s" adjacency="11b+" original-type="s" channel="c2" participant="me018">
      <nite:child href="Bro011.B.words.xml#id(Bro011.w.3,637)..id(Bro011.w.3,655)"/>
   </dialogueact>
   <dialogueact nite:id="Bro011.B.dialogueact420" starttime="1139.78" endtime="1143.26" type="s" adjacency="11b++" original-type="s" channel="c2" participant="me018">
      <nite:child href="Bro011.B.words.xml#id(Bro011.w.3,656)..id(Bro011.w.3,672)"/>
   </dialogueact>
   <dialogueact nite:id="Bro011.B.dialogueact423" starttime="1153.23" endtime="1153.75" type="b" original-type="b" channel="c2" participant="me018">
      <nite:child href="Bro011.B.words.xml#id(Bro011.w.3,711)..id(Bro011.w.3,712)"/>
   </dialogueact>
   <dialogueact nite:id="Bro011.B.dialogueact432" starttime="1190.51" endtime="1191.18" type="b" original-type="b" channel="c2" participant="me018">
      <nite:child href="Bro011.B.words.xml#id(Bro011.w.3,822)..id(Bro011.w.3,825)"/>
   </dialogueact>
   <dialogueact nite:id="Bro011.B.dialogueact434" starttime="1197.62" endtime="1198.34" type="b" original-type="b" channel="c2" participant="me018">
      <nite:child href="Bro011.B.words.xml#id(Bro011.w.3,850)..id(Bro011.w.3,853)"/>
   </dialogueact>
   <dialogueact nite:id="Bro011.B.dialogueact441" starttime="1222.48" endtime="1225.82" type="qw^rt" adjacency="1a" original-type="qw^rt" channel="c2" participant="me018">
      <nite:child href="Bro011.B.words.xml#id(Bro011.w.3,925)..id(Bro011.w.3,935)"/>
   </dialogueact>
   <dialogueact nite:id="Bro011.B.dialogueact443" starttime="1227.24" endtime="1228.82" type="s.%-" adjacency="2a" original-type="s.%-" channel="c2" participant="me018">
      <nite:child href="Bro011.B.words.xml#id(Bro011.w.3,942)..id(Bro011.disfmarker.197)"/>
   </dialogueact>
   <dialogueact nite:id="Bro011.B.dialogueact451" starttime="1250.13" endtime="1252.57" type="s^bu.%-" adjacency="3a" original-type="s^bu.%-" channel="c2" participant="me018">
      <nite:child href="Bro011.B.words.xml#id(Bro011.w.4,024)..id(Bro011.w.4,033)"/>
   </dialogueact>
   <dialogueact nite:id="Bro011.B.dialogueact452" starttime="1253.52" endtime="1254.27" type="fh" adjacency="3a" original-type="fh" channel="c2" participant="me018">
      <nite:child href="Bro011.B.words.xml#id(Bro011.w.4,034)"/>
   </dialogueact>
   <dialogueact nite:id="Bro011.B.dialogueact453" starttime="1254.46" endtime="1257.73" type="s^e" adjacency="3a+" original-type="s^e" channel="c2" participant="me018">
      <nite:child href="Bro011.B.words.xml#id(Bro011.w.4,035)..id(Bro011.w.4,044)"/>
   </dialogueact>
   <dialogueact nite:id="Bro011.B.dialogueact455" starttime="1257.73" endtime="1263.76" type="qy^bu^d^rt" adjacency="4a" original-type="qy^bu^d^rt" channel="c2" participant="me018">
      <nite:child href="Bro011.B.words.xml#id(Bro011.w.4,045)..id(Bro011.w.4,065)"/>
   </dialogueact>
   <dialogueact nite:id="Bro011.B.dialogueact457" starttime="1263.96" endtime="1264.22" type="s^bk" adjacency="5b" original-type="s^bk" channel="c2" participant="me018">
      <nite:child href="Bro011.B.words.xml#id(Bro011.w.4,070)..id(Bro011.w.4,072)"/>
   </dialogueact>
   <dialogueact nite:id="Bro011.B.dialogueact467" starttime="1339.22" endtime="1339.77" type="b" original-type="b" channel="c2" participant="me018">
      <nite:child href="Bro011.B.words.xml#id(Bro011.w.4,272)..id(Bro011.w.4,273)"/>
   </dialogueact>
   <dialogueact nite:id="Bro011.B.dialogueact477" starttime="1381.68" endtime="1382.4" type="s^bu.%-" original-type="s^bu.%-" channel="c2" participant="me018">
      <nite:child href="Bro011.B.words.xml#id(Bro011.w.4,389)..id(Bro011.disfmarker.216)"/>
   </dialogueact>
   <dialogueact nite:id="Bro011.B.dialogueact481" starttime="1410.72" endtime="1410.89" type="b" original-type="b" channel="c2" participant="me018">
      <nite:child href="Bro011.B.words.xml#id(Bro011.w.4,472)..id(Bro011.w.4,475)"/>
   </dialogueact>
   <dialogueact nite:id="Bro011.B.dialogueact486" starttime="1421.65" endtime="1424.39" type="qy^d^rt" adjacency="6a" original-type="qy^d^rt" channel="c2" participant="me018">
      <nite:child href="Bro011.B.words.xml#id(Bro011.w.4,525)..id(Bro011.w.4,532)"/>
   </dialogueact>
   <dialogueact nite:id="Bro011.B.dialogueact487" starttime="1425.02" endtime="1425.53" type="qrr.%-" adjacency="6a+" original-type="qrr.%-" channel="c2" participant="me018">
      <nite:child href="Bro011.B.words.xml#id(Bro011.w.4,533)..id(Bro011.w.4,534)"/>
   </dialogueact>
   <dialogueact nite:id="Bro011.B.dialogueact501" starttime="1450.9" endtime="1451.26" type="b" original-type="b" channel="c2" participant="me018">
      <nite:child href="Bro011.B.words.xml#id(Bro011.w.4,660)..id(Bro011.w.4,663)"/>
   </dialogueact>
   <dialogueact nite:id="Bro011.B.dialogueact503" starttime="1451.34" endtime="1451.69" type="s^bk" adjacency="7b" original-type="s^bk" channel="c2" participant="me018">
      <nite:child href="Bro011.B.words.xml#id(Bro011.w.4,664)..id(Bro011.w.4,665)"/>
   </dialogueact>
   <dialogueact nite:id="Bro011.B.dialogueact505" starttime="1459.7" endtime="1460.1" type="s^bk" adjacency="8b" original-type="s^bk" channel="c2" participant="me018">
      <nite:child href="Bro011.B.words.xml#id(Bro011.w.4,692)..id(Bro011.w.4,694)"/>
   </dialogueact>
   <dialogueact nite:id="Bro011.B.dialogueact513" starttime="1501.35" endtime="1505.71" type="qw^rt.x" adjacency="8a" original-type="qw^rt.x" channel="c2" participant="me018">
      <nite:child href="Bro011.B.words.xml#id(Bro011.w.4,817)..id(Bro011.w.4,840)"/>
   </dialogueact>
   <dialogueact nite:id="Bro011.B.dialogueact515" starttime="1508.99" endtime="1509.39" type="s^bk" adjacency="9b" original-type="s^bk" channel="c2" participant="me018">
      <nite:child href="Bro011.B.words.xml#id(Bro011.w.4,845)..id(Bro011.w.4,846)"/>
   </dialogueact>
   <dialogueact nite:id="Bro011.B.dialogueact518" starttime="1512.05" endtime="1512.63" type="qy^bu^rt.x" adjacency="10a" original-type="qy^bu^rt.x" channel="c2" participant="me018">
      <nite:child href="Bro011.B.words.xml#id(Bro011.w.4,865)..id(Bro011.w.4,867)"/>
   </dialogueact>
   <dialogueact nite:id="Bro011.B.dialogueact519" starttime="1512.63" endtime="1513.42" type="qrr.%-" adjacency="10a+" original-type="qrr.%-" channel="c2" participant="me018">
      <nite:child href="Bro011.B.words.xml#id(Bro011.w.4,868)..id(Bro011.disfmarker.238)"/>
   </dialogueact>
   <dialogueact nite:id="Bro011.B.dialogueact522" starttime="1513.89" endtime="1514.09" type="b" original-type="b" channel="c2" participant="me018">
      <nite:child href="Bro011.B.words.xml#id(Bro011.w.4,870)..id(Bro011.w.4,873)"/>
   </dialogueact>
   <dialogueact nite:id="Bro011.B.dialogueact532" starttime="1547.5" endtime="1548.01" type="b" original-type="b" channel="c2" participant="me018">
      <nite:child href="Bro011.B.words.xml#id(Bro011.w.4,960)..id(Bro011.w.4,963)"/>
   </dialogueact>
   <dialogueact nite:id="Bro011.B.dialogueact542" starttime="1602.45" endtime="1604.79" type="s^cs^t" original-type="s^cs^t" channel="c2" participant="me018">
      <nite:child href="Bro011.B.words.xml#id(Bro011.w.5,098)..id(Bro011.w.5,112)"/>
   </dialogueact>
   <dialogueact nite:id="Bro011.B.dialogueact544" starttime="1605.81" endtime="1606.44" type="s.%-" original-type="s.%-" channel="c2" participant="me018">
      <nite:child href="Bro011.B.words.xml#id(Bro011.w.5,115)..id(Bro011.w.5,116)"/>
   </dialogueact>
   <dialogueact nite:id="Bro011.B.dialogueact546" starttime="1607.12" endtime="1607.27" type="qw^br^rt.x" adjacency="11b" original-type="qw^br^rt.x" channel="c2" participant="me018">
      <nite:child href="Bro011.B.words.xml#id(Bro011.w.5,121)..id(Bro011.w.5,122)"/>
   </dialogueact>
   <dialogueact nite:id="Bro011.B.dialogueact548" starttime="1608.21" endtime="1608.74" type="s^aa.x" adjacency="12b" original-type="s^aa.x" channel="c2" participant="me018">
      <nite:child href="Bro011.B.words.xml#id(Bro011.w.5,127)..id(Bro011.w.5,132)"/>
   </dialogueact>
   <dialogueact nite:id="Bro011.B.dialogueact549" starttime="1610.44" endtime="1624.24" comment="FBH" type="h|s" original-type="h|s" channel="c2" participant="me018">
      <nite:child href="Bro011.B.words.xml#id(Bro011.w.5,133)..id(Bro011.w.5,164)"/>
   </dialogueact>
   <dialogueact nite:id="Bro011.B.dialogueact550" starttime="1624.61" endtime="1625.74" type="s^e" original-type="s^e" channel="c2" participant="me018">
      <nite:child href="Bro011.B.words.xml#id(Bro011.w.5,165)..id(Bro011.w.5,171)"/>
   </dialogueact>
   <dialogueact nite:id="Bro011.B.dialogueact551" starttime="1626.28" endtime="1632.75" type="s" original-type="s" channel="c2" participant="me018">
      <nite:child href="Bro011.B.words.xml#id(Bro011.w.5,172)..id(Bro011.w.5,193)"/>
   </dialogueact>
   <dialogueact nite:id="Bro011.B.dialogueact552" starttime="1632.75" endtime="1641.36" type="s" original-type="s" channel="c2" participant="me018">
      <nite:child href="Bro011.B.words.xml#id(Bro011.w.5,194)..id(Bro011.w.5,208)"/>
   </dialogueact>
   <dialogueact nite:id="Bro011.B.dialogueact553" starttime="1641.36" endtime="1644.66" type="s" original-type="s" channel="c2" participant="me018">
      <nite:child href="Bro011.B.words.xml#id(Bro011.w.5,209)..id(Bro011.w.5,220)"/>
   </dialogueact>
   <dialogueact nite:id="Bro011.B.dialogueact554" starttime="1645.38" endtime="1651.93" type="s" original-type="s" channel="c2" participant="me018">
      <nite:child href="Bro011.B.words.xml#id(Bro011.w.5,221)..id(Bro011.w.5,236)"/>
   </dialogueact>
   <dialogueact nite:id="Bro011.B.dialogueact555" starttime="1652.38" endtime="1653.55" type="s" original-type="s" channel="c2" participant="me018">
      <nite:child href="Bro011.B.words.xml#id(Bro011.w.5,237)..id(Bro011.w.5,242)"/>
   </dialogueact>
   <dialogueact nite:id="Bro011.B.dialogueact556" starttime="1654.01" endtime="1659.92" comment="FBH" type="s" original-type="s" channel="c2" participant="me018">
      <nite:child href="Bro011.B.words.xml#id(Bro011.w.5,243)..id(Bro011.w.5,258)"/>
   </dialogueact>
   <dialogueact nite:id="Bro011.B.dialogueact558" starttime="1662.38" endtime="1662.78" type="s.%--" adjacency="13b" original-type="s.%--" channel="c2" participant="me018">
      <nite:child href="Bro011.B.words.xml#id(Bro011.w.5,266)..id(Bro011.disfmarker.251)"/>
   </dialogueact>
   <dialogueact nite:id="Bro011.B.dialogueact559" starttime="1662.78" endtime="1663.41" type="qy^bu^d^rt" adjacency="13b+" original-type="qy^bu^d^rt" channel="c2" participant="me018">
      <nite:child href="Bro011.B.words.xml#id(Bro011.w.5,268)..id(Bro011.w.5,272)"/>
   </dialogueact>
   <dialogueact nite:id="Bro011.B.dialogueact561" starttime="1664.34" endtime="1666.45" type="h|s" adjacency="13b++" original-type="h|s" channel="c2" participant="me018">
      <nite:child href="Bro011.B.words.xml#id(Bro011.w.5,277)..id(Bro011.w.5,290)"/>
   </dialogueact>
   <dialogueact nite:id="Bro011.B.dialogueact563" starttime="1666.99" endtime="1676.41" type="s" original-type="s" channel="c2" participant="me018">
      <nite:child href="Bro011.B.words.xml#id(Bro011.w.5,291)..id(Bro011.w.5,319)"/>
   </dialogueact>
   <dialogueact nite:id="Bro011.B.dialogueact564" starttime="1676.41" endtime="1680.66" type="s" original-type="s" channel="c2" participant="me018">
      <nite:child href="Bro011.B.words.xml#id(Bro011.w.5,320)..id(Bro011.w.5,331)"/>
   </dialogueact>
   <dialogueact nite:id="Bro011.B.dialogueact565" starttime="1681.31" endtime="1692.47" type="fh|s" original-type="fh|s" channel="c2" participant="me018">
      <nite:child href="Bro011.B.words.xml#id(Bro011.w.5,332)..id(Bro011.w.5,373)"/>
   </dialogueact>
   <dialogueact nite:id="Bro011.B.dialogueact566" starttime="1692.47" endtime="1692.64" type="fh" original-type="fh" channel="c2" participant="me018">
      <nite:child href="Bro011.B.words.xml#id(Bro011.w.5,374)..id(Bro011.w.5,375)"/>
   </dialogueact>
   <dialogueact nite:id="Bro011.B.dialogueact567" starttime="1693.9" endtime="1699.64" type="s" original-type="s" channel="c2" participant="me018">
      <nite:child href="Bro011.B.words.xml#id(Bro011.w.5,376)..id(Bro011.w.5,399)"/>
   </dialogueact>
   <dialogueact nite:id="Bro011.B.dialogueact569" starttime="1700.22" endtime="1706.01" type="s" original-type="s" channel="c2" participant="me018">
      <nite:child href="Bro011.B.words.xml#id(Bro011.w.5,404)..id(Bro011.w.5,420)"/>
   </dialogueact>
   <dialogueact nite:id="Bro011.B.dialogueact571" starttime="1706.43" endtime="1710.36" type="s" original-type="s" channel="c2" participant="me018">
      <nite:child href="Bro011.B.words.xml#id(Bro011.w.5,425)..id(Bro011.w.5,443)"/>
   </dialogueact>
   <dialogueact nite:id="Bro011.B.dialogueact572" starttime="1711.0" endtime="1719.29" type="fh|s" original-type="fh|s" channel="c2" participant="me018">
      <nite:child href="Bro011.B.words.xml#id(Bro011.w.5,444)..id(Bro011.w.5,468)"/>
   </dialogueact>
   <dialogueact nite:id="Bro011.B.dialogueact573" starttime="1719.67" endtime="1725.95" type="fh|s" original-type="fh|s" channel="c2" participant="me018">
      <nite:child href="Bro011.B.words.xml#id(Bro011.w.5,469)..id(Bro011.w.5,495)"/>
   </dialogueact>
   <dialogueact nite:id="Bro011.B.dialogueact574" starttime="1726.49" endtime="1733.9" type="s" original-type="s" channel="c2" participant="me018">
      <nite:child href="Bro011.B.words.xml#id(Bro011.w.5,496)..id(Bro011.w.5,527)"/>
   </dialogueact>
   <dialogueact nite:id="Bro011.B.dialogueact575" starttime="1734.58" endtime="1740.41" type="fh|s^e" original-type="fh|s^e" channel="c2" participant="me018">
      <nite:child href="Bro011.B.words.xml#id(Bro011.w.5,528)..id(Bro011.w.5,550)"/>
   </dialogueact>
   <dialogueact nite:id="Bro011.B.dialogueact576" starttime="1740.41" endtime="1745.91" type="s^e" original-type="s^e" channel="c2" participant="me018">
      <nite:child href="Bro011.B.words.xml#id(Bro011.w.5,551)..id(Bro011.w.5,567)"/>
   </dialogueact>
   <dialogueact nite:id="Bro011.B.dialogueact577" starttime="1745.91" endtime="1747.69" type="s^e" original-type="s^e" channel="c2" participant="me018">
      <nite:child href="Bro011.B.words.xml#id(Bro011.w.5,568)..id(Bro011.w.5,577)"/>
   </dialogueact>
   <dialogueact nite:id="Bro011.B.dialogueact578" starttime="1748.46" endtime="1757.93" type="fh|s" original-type="fh|s" channel="c2" participant="me018">
      <nite:child href="Bro011.B.words.xml#id(Bro011.w.5,578)..id(Bro011.w.5,601)"/>
   </dialogueact>
   <dialogueact nite:id="Bro011.B.dialogueact579" starttime="1758.03" endtime="1764.42" type="s^e" original-type="s^e" channel="c2" participant="me018">
      <nite:child href="Bro011.B.words.xml#id(Bro011.w.5,602)..id(Bro011.w.5,632)"/>
   </dialogueact>
   <dialogueact nite:id="Bro011.B.dialogueact581" starttime="1764.42" endtime="1765.36" type="s" original-type="s" channel="c2" participant="me018">
      <nite:child href="Bro011.B.words.xml#id(Bro011.w.5,633)..id(Bro011.w.5,638)"/>
   </dialogueact>
   <dialogueact nite:id="Bro011.B.dialogueact582" starttime="1765.36" endtime="1766.26" type="s" original-type="s" channel="c2" participant="me018">
      <nite:child href="Bro011.B.words.xml#id(Bro011.w.5,639)..id(Bro011.w.5,644)"/>
   </dialogueact>
   <dialogueact nite:id="Bro011.B.dialogueact583" starttime="1766.89" endtime="1771.67" type="fh|s" original-type="fh|s" channel="c2" participant="me018">
      <nite:child href="Bro011.B.words.xml#id(Bro011.w.5,645)..id(Bro011.w.5,657)"/>
   </dialogueact>
   <dialogueact nite:id="Bro011.B.dialogueact584" starttime="1771.89" endtime="1774.29" type="s" original-type="s" channel="c2" participant="me018">
      <nite:child href="Bro011.B.words.xml#id(Bro011.w.5,658)..id(Bro011.w.5,667)"/>
   </dialogueact>
   <dialogueact nite:id="Bro011.B.dialogueact585" starttime="1774.86" endtime="1777.04" type="s" original-type="s" channel="c2" participant="me018">
      <nite:child href="Bro011.B.words.xml#id(Bro011.w.5,668)..id(Bro011.w.5,678)"/>
   </dialogueact>
   <dialogueact nite:id="Bro011.B.dialogueact586" starttime="1777.04" endtime="1779.2" type="fh|s.%--" original-type="fh|s.%--" channel="c2" participant="me018">
      <nite:child href="Bro011.B.words.xml#id(Bro011.w.5,679)..id(Bro011.w.5,682)"/>
   </dialogueact>
   <dialogueact nite:id="Bro011.B.dialogueact587" starttime="1779.27" endtime="1785.48" type="s" original-type="s" channel="c2" participant="me018">
      <nite:child href="Bro011.B.words.xml#id(Bro011.w.5,683)..id(Bro011.w.5,702)"/>
   </dialogueact>
   <dialogueact nite:id="Bro011.B.dialogueact588" starttime="1785.55" endtime="1788.41" type="s" original-type="s" channel="c2" participant="me018">
      <nite:child href="Bro011.B.words.xml#id(Bro011.w.5,703)..id(Bro011.w.5,719)"/>
   </dialogueact>
   <dialogueact nite:id="Bro011.B.dialogueact589" starttime="1789.19" endtime="1795.93" type="s" original-type="s" channel="c2" participant="me018">
      <nite:child href="Bro011.B.words.xml#id(Bro011.w.5,720)..id(Bro011.w.5,747)"/>
   </dialogueact>
   <dialogueact nite:id="Bro011.B.dialogueact590" starttime="1796.56" endtime="1799.32" type="s" original-type="s" channel="c2" participant="me018">
      <nite:child href="Bro011.B.words.xml#id(Bro011.w.5,748)..id(Bro011.w.5,756)"/>
   </dialogueact>
   <dialogueact nite:id="Bro011.B.dialogueact591" starttime="1799.9" endtime="1804.34" type="s" original-type="s" channel="c2" participant="me018">
      <nite:child href="Bro011.B.words.xml#id(Bro011.w.5,757)..id(Bro011.w.5,768)"/>
   </dialogueact>
   <dialogueact nite:id="Bro011.B.dialogueact592" starttime="1804.68" endtime="1808.98" type="s" original-type="s" channel="c2" participant="me018">
      <nite:child href="Bro011.B.words.xml#id(Bro011.w.5,769)..id(Bro011.w.5,785)"/>
   </dialogueact>
   <dialogueact nite:id="Bro011.B.dialogueact593" starttime="1809.94" endtime="1819.0" type="s" original-type="s" channel="c2" participant="me018">
      <nite:child href="Bro011.B.words.xml#id(Bro011.w.5,786)..id(Bro011.w.5,829)"/>
   </dialogueact>
   <dialogueact nite:id="Bro011.B.dialogueact595" starttime="1819.0" endtime="1824.03" type="s" original-type="s" channel="c2" participant="me018">
      <nite:child href="Bro011.B.words.xml#id(Bro011.w.5,830)..id(Bro011.w.5,849)"/>
   </dialogueact>
   <dialogueact nite:id="Bro011.B.dialogueact597" starttime="1824.76" endtime="1831.45" type="fh|s" original-type="fh|s" channel="c2" participant="me018">
      <nite:child href="Bro011.B.words.xml#id(Bro011.w.5,854)..id(Bro011.w.5,887)"/>
   </dialogueact>
   <dialogueact nite:id="Bro011.B.dialogueact598" starttime="1832.1" endtime="1843.1" type="fh|s^cc" original-type="fh|s^cc" channel="c2" participant="me018">
      <nite:child href="Bro011.B.words.xml#id(Bro011.w.5,888)..id(Bro011.w.5,912)"/>
   </dialogueact>
   <dialogueact nite:id="Bro011.B.dialogueact600" starttime="1849.9" endtime="1850.26" type="b" original-type="b" channel="c2" participant="me018">
      <nite:child href="Bro011.B.words.xml#id(Bro011.w.5,946)..id(Bro011.w.5,949)"/>
   </dialogueact>
   <dialogueact nite:id="Bro011.B.dialogueact602" starttime="1854.01" endtime="1865.44" type="fg|s^cc" original-type="fg|s^cc" channel="c2" participant="me018">
      <nite:child href="Bro011.B.words.xml#id(Bro011.w.5,957)..id(Bro011.w.6,000)"/>
   </dialogueact>
   <dialogueact nite:id="Bro011.B.dialogueact604" starttime="1866.32" endtime="1871.76" type="s.%--" original-type="s.%--" channel="c2" participant="me018">
      <nite:child href="Bro011.B.words.xml#id(Bro011.w.6,001)..id(Bro011.disfmarker.268)"/>
   </dialogueact>
   <dialogueact nite:id="Bro011.B.dialogueact605" starttime="1873.32" endtime="1880.33" type="s" original-type="s" channel="c2" participant="me018">
      <nite:child href="Bro011.B.words.xml#id(Bro011.w.6,016)..id(Bro011.w.6,053)"/>
   </dialogueact>
   <dialogueact nite:id="Bro011.B.dialogueact606" starttime="1880.91" endtime="1887.76" type="qw" original-type="qw" channel="c2" participant="me018">
      <nite:child href="Bro011.B.words.xml#id(Bro011.w.6,054)..id(Bro011.w.6,077)"/>
   </dialogueact>
   <dialogueact nite:id="Bro011.B.dialogueact607" starttime="1888.27" endtime="1896.56" type="s" original-type="s" channel="c2" participant="me018">
      <nite:child href="Bro011.B.words.xml#id(Bro011.w.6,078)..id(Bro011.w.6,109)"/>
   </dialogueact>
   <dialogueact nite:id="Bro011.B.dialogueact609" starttime="1897.11" endtime="1900.09" type="s" original-type="s" channel="c2" participant="me018">
      <nite:child href="Bro011.B.words.xml#id(Bro011.w.6,110)..id(Bro011.w.6,120)"/>
   </dialogueact>
   <dialogueact nite:id="Bro011.B.dialogueact610" starttime="1900.09" endtime="1900.18" type="fh" original-type="fh" channel="c2" participant="me018">
      <nite:child href="Bro011.B.words.xml#id(Bro011.w.6,121)"/>
   </dialogueact>
   <dialogueact nite:id="Bro011.B.dialogueact611" starttime="1900.69" endtime="1906.97" type="s^cc" original-type="s^cc" channel="c2" participant="me018">
      <nite:child href="Bro011.B.words.xml#id(Bro011.w.6,122)..id(Bro011.w.6,155)"/>
   </dialogueact>
   <dialogueact nite:id="Bro011.B.dialogueact613" starttime="1907.16" endtime="1908.71" type="s^e" original-type="s^e" channel="c2" participant="me018">
      <nite:child href="Bro011.B.words.xml#id(Bro011.w.6,156)..id(Bro011.w.6,166)"/>
   </dialogueact>
   <dialogueact nite:id="Bro011.B.dialogueact615" starttime="1909.34" endtime="1910.07" type="s.%--" original-type="s.%--" channel="c2" participant="me018">
      <nite:child href="Bro011.B.words.xml#id(Bro011.w.6,171)..id(Bro011.disfmarker.272)"/>
   </dialogueact>
   <dialogueact nite:id="Bro011.B.dialogueact616" starttime="1910.52" endtime="1912.15" type="s.%--" original-type="s.%--" channel="c2" participant="me018">
      <nite:child href="Bro011.B.words.xml#id(Bro011.w.6,175)..id(Bro011.w.6,181)"/>
   </dialogueact>
   <dialogueact nite:id="Bro011.B.dialogueact617" starttime="1912.15" endtime="1913.64" type="fh" original-type="fh" channel="c2" participant="me018">
      <nite:child href="Bro011.B.words.xml#id(Bro011.w.6,182)..id(Bro011.w.6,184)"/>
   </dialogueact>
   <dialogueact nite:id="Bro011.B.dialogueact618" starttime="1913.98" endtime="1918.34" type="s" original-type="s" channel="c2" participant="me018">
      <nite:child href="Bro011.B.words.xml#id(Bro011.w.6,185)..id(Bro011.w.6,198)"/>
   </dialogueact>
   <dialogueact nite:id="Bro011.B.dialogueact619" starttime="1918.34" endtime="1922.52" type="s.x" adjacency="1a" original-type="s.x" channel="c2" participant="me018">
      <nite:child href="Bro011.B.words.xml#id(Bro011.w.6,199)..id(Bro011.w.6,224)"/>
   </dialogueact>
   <dialogueact nite:id="Bro011.B.dialogueact622" starttime="1923.65" endtime="1924.58" type="s^aa.x" adjacency="2b" original-type="s^aa.x" channel="c2" participant="me018">
      <nite:child href="Bro011.B.words.xml#id(Bro011.w.6,229)..id(Bro011.w.6,232)"/>
   </dialogueact>
   <dialogueact nite:id="Bro011.B.dialogueact623" starttime="1925.23" endtime="1930.39" type="s" original-type="s" channel="c2" participant="me018">
      <nite:child href="Bro011.B.words.xml#id(Bro011.w.6,233)..id(Bro011.w.6,258)"/>
   </dialogueact>
   <dialogueact nite:id="Bro011.B.dialogueact624" starttime="1930.73" endtime="1931.23" type="fh.x" original-type="fh.x" channel="c2" participant="me018">
      <nite:child href="Bro011.B.words.xml#id(Bro011.w.6,259)..id(Bro011.w.6,261)"/>
   </dialogueact>
   <dialogueact nite:id="Bro011.B.dialogueact625" starttime="1932.01" endtime="1939.44" type="s.x" original-type="s.x" channel="c2" participant="me018">
      <nite:child href="Bro011.B.words.xml#id(Bro011.w.6,262)..id(Bro011.w.6,293)"/>
   </dialogueact>
   <dialogueact nite:id="Bro011.B.dialogueact626" starttime="1940.01" endtime="1940.52" type="fh" original-type="fh" channel="c2" participant="me018">
      <nite:child href="Bro011.B.words.xml#id(Bro011.w.6,294)..id(Bro011.w.6,296)"/>
   </dialogueact>
   <dialogueact nite:id="Bro011.B.dialogueact629" starttime="1943.71" endtime="1946.42" type="s^no.x" adjacency="3b" original-type="s^no.x" channel="c2" participant="me018">
      <nite:child href="Bro011.B.words.xml#id(Bro011.w.6,308)..id(Bro011.w.6,323)"/>
   </dialogueact>
   <dialogueact nite:id="Bro011.B.dialogueact630" starttime="1946.42" endtime="1952.76" type="s.x" original-type="s.x" channel="c2" participant="me018">
      <nite:child href="Bro011.B.words.xml#id(Bro011.w.6,324)..id(Bro011.w.6,345)"/>
   </dialogueact>
   <dialogueact nite:id="Bro011.B.dialogueact632" starttime="1953.24" endtime="1957.41" type="s.x" adjacency="4a" original-type="s.x" channel="c2" participant="me018">
      <nite:child href="Bro011.B.words.xml#id(Bro011.w.6,350)..id(Bro011.w.6,369)"/>
   </dialogueact>
   <dialogueact nite:id="Bro011.B.dialogueact634" starttime="1957.56" endtime="1961.25" type="s.x" original-type="s.x" channel="c2" participant="me018">
      <nite:child href="Bro011.B.words.xml#id(Bro011.w.6,373)..id(Bro011.disfmarker.278)"/>
   </dialogueact>
   <dialogueact nite:id="Bro011.B.dialogueact635" starttime="1961.86" endtime="1964.08" type="fh|s.x" original-type="fh|s.x" channel="c2" participant="me018">
      <nite:child href="Bro011.B.words.xml#id(Bro011.w.6,391)..id(Bro011.w.6,403)"/>
   </dialogueact>
   <dialogueact nite:id="Bro011.B.dialogueact637" starttime="1964.08" endtime="1965.09" type="s.x" original-type="s.x" channel="c2" participant="me018">
      <nite:child href="Bro011.B.words.xml#id(Bro011.w.6,404)..id(Bro011.w.6,409)"/>
   </dialogueact>
   <dialogueact nite:id="Bro011.B.dialogueact639" starttime="1965.7" endtime="1968.16" type="s^ba.x" original-type="s^ba.x" channel="c2" participant="me018">
      <nite:child href="Bro011.B.words.xml#id(Bro011.w.6,414)..id(Bro011.w.6,432)"/>
   </dialogueact>
   <dialogueact nite:id="Bro011.B.dialogueact640" starttime="1968.46" endtime="1969.08" type="fh" original-type="fh" channel="c2" participant="me018">
      <nite:child href="Bro011.B.words.xml#id(Bro011.w.6,433)..id(Bro011.w.6,434)"/>
   </dialogueact>
   <dialogueact nite:id="Bro011.B.dialogueact641" starttime="1970.4" endtime="1972.16" type="s.x" original-type="s.x" channel="c2" participant="me018">
      <nite:child href="Bro011.B.words.xml#id(Bro011.w.6,435)..id(Bro011.w.6,446)"/>
   </dialogueact>
   <dialogueact nite:id="Bro011.B.dialogueact642" starttime="1972.33" endtime="1978.55" type="s" original-type="s" channel="c2" participant="me018">
      <nite:child href="Bro011.B.words.xml#id(Bro011.w.6,447)..id(Bro011.w.6,469)"/>
   </dialogueact>
   <dialogueact nite:id="Bro011.B.dialogueact643" starttime="1978.87" endtime="1985.29" type="s^cc.%--" original-type="s^cc.%--" channel="c2" participant="me018">
      <nite:child href="Bro011.B.words.xml#id(Bro011.w.6,470)..id(Bro011.disfmarker.280)"/>
   </dialogueact>
   <dialogueact nite:id="Bro011.B.dialogueact644" starttime="1985.52" endtime="1989.22" type="s" original-type="s" channel="c2" participant="me018">
      <nite:child href="Bro011.B.words.xml#id(Bro011.w.6,497)..id(Bro011.w.6,514)"/>
   </dialogueact>
   <dialogueact nite:id="Bro011.B.dialogueact646" starttime="1997.48" endtime="1997.86" type="b" original-type="b" channel="c2" participant="me018">
      <nite:child href="Bro011.B.words.xml#id(Bro011.w.6,544)..id(Bro011.w.6,547)"/>
   </dialogueact>
   <dialogueact nite:id="Bro011.B.dialogueact649" starttime="2000.4" endtime="2000.64" type="b.x" original-type="b.x" channel="c2" participant="me018">
      <nite:child href="Bro011.B.words.xml#id(Bro011.w.6,561)..id(Bro011.w.6,562)"/>
   </dialogueact>
   <dialogueact nite:id="Bro011.B.dialogueact651" starttime="2008.03" endtime="2008.2" type="b" original-type="b" channel="c2" participant="me018">
      <nite:child href="Bro011.B.words.xml#id(Bro011.w.6,597)..id(Bro011.w.6,600)"/>
   </dialogueact>
   <dialogueact nite:id="Bro011.B.dialogueact652" starttime="2008.04" endtime="2008.44" type="b" original-type="b" channel="c2" participant="me018">
      <nite:child href="Bro011.B.words.xml#id(Bro011.w.6,601)..id(Bro011.w.6,604)"/>
   </dialogueact>
   <dialogueact nite:id="Bro011.B.dialogueact654" starttime="2010.38" endtime="2013.48" type="s.x" original-type="s.x" channel="c2" participant="me018">
      <nite:child href="Bro011.B.words.xml#id(Bro011.w.6,607)..id(Bro011.w.6,623)"/>
   </dialogueact>
   <dialogueact nite:id="Bro011.B.dialogueact655" starttime="2013.48" endtime="2021.9" type="s.x" original-type="s.x" channel="c2" participant="me018">
      <nite:child href="Bro011.B.words.xml#id(Bro011.w.6,624)..id(Bro011.w.6,652)"/>
   </dialogueact>
   <dialogueact nite:id="Bro011.B.dialogueact656" starttime="2022.49" endtime="2024.84" type="s.x" original-type="s.x" channel="c2" participant="me018">
      <nite:child href="Bro011.B.words.xml#id(Bro011.w.6,653)..id(Bro011.w.6,663)"/>
   </dialogueact>
   <dialogueact nite:id="Bro011.B.dialogueact657" starttime="2024.84" endtime="2033.27" type="s.x" original-type="s.x" channel="c2" participant="me018">
      <nite:child href="Bro011.B.words.xml#id(Bro011.w.6,664)..id(Bro011.w.6,691)"/>
   </dialogueact>
   <dialogueact nite:id="Bro011.B.dialogueact658" starttime="2033.7" endtime="2036.78" type="s^cs.x" adjacency="5a" original-type="s^cs.x" channel="c2" participant="me018">
      <nite:child href="Bro011.B.words.xml#id(Bro011.w.6,692)..id(Bro011.w.6,702)"/>
   </dialogueact>
   <dialogueact nite:id="Bro011.B.dialogueact660" starttime="2037.43" endtime="2039.37" type="s.x" original-type="s.x" channel="c2" participant="me018">
      <nite:child href="Bro011.B.words.xml#id(Bro011.w.6,706)..id(Bro011.w.6,713)"/>
   </dialogueact>
   <dialogueact nite:id="Bro011.B.dialogueact661" starttime="2039.37" endtime="2042.74" type="s.x" original-type="s.x" channel="c2" participant="me018">
      <nite:child href="Bro011.B.words.xml#id(Bro011.w.6,714)..id(Bro011.w.6,725)"/>
   </dialogueact>
   <dialogueact nite:id="Bro011.B.dialogueact662" starttime="2042.74" endtime="2047.19" type="s" original-type="s" channel="c2" participant="me018">
      <nite:child href="Bro011.B.words.xml#id(Bro011.w.6,726)..id(Bro011.w.6,746)"/>
   </dialogueact>
   <dialogueact nite:id="Bro011.B.dialogueact666" starttime="2050.54" endtime="2050.98" type="b" original-type="b" channel="c2" participant="me018">
      <nite:child href="Bro011.B.words.xml#id(Bro011.w.6,766)..id(Bro011.w.6,769)"/>
   </dialogueact>
   <dialogueact nite:id="Bro011.B.dialogueact670" starttime="2060.1" endtime="2060.31" type="s^aa" adjacency="7b" original-type="s^aa" channel="c2" participant="me018">
      <nite:child href="Bro011.B.words.xml#id(Bro011.w.6,812)..id(Bro011.w.6,813)"/>
   </dialogueact>
   <dialogueact nite:id="Bro011.B.dialogueact673" starttime="2060.82" endtime="2060.93" type="b" original-type="b" channel="c2" participant="me018">
      <nite:child href="Bro011.B.words.xml#id(Bro011.w.6,814)..id(Bro011.w.6,815)"/>
   </dialogueact>
   <dialogueact nite:id="Bro011.B.dialogueact676" starttime="2063.48" endtime="2064.22" type="s^aa" adjacency="8b" original-type="s^aa" channel="c2" participant="me018">
      <nite:child href="Bro011.B.words.xml#id(Bro011.w.6,825)..id(Bro011.w.6,828)"/>
   </dialogueact>
   <dialogueact nite:id="Bro011.B.dialogueact678" starttime="2066.69" endtime="2076.44" type="s" original-type="s" channel="c2" participant="me018">
      <nite:child href="Bro011.B.words.xml#id(Bro011.w.6,843)..id(Bro011.w.6,876)"/>
   </dialogueact>
   <dialogueact nite:id="Bro011.B.dialogueact679" starttime="2076.44" endtime="2078.69" type="s^bs" original-type="s^bs" channel="c2" participant="me018">
      <nite:child href="Bro011.B.words.xml#id(Bro011.w.6,877)..id(Bro011.w.6,889)"/>
   </dialogueact>
   <dialogueact nite:id="Bro011.B.dialogueact684" starttime="2084.33" endtime="2084.53" type="b" original-type="b" channel="c2" participant="me018">
      <nite:child href="Bro011.B.words.xml#id(Bro011.w.6,908)..id(Bro011.w.6,909)"/>
   </dialogueact>
   <dialogueact nite:id="Bro011.B.dialogueact686" starttime="2086.79" endtime="2087.17" type="b" original-type="b" channel="c2" participant="me018">
      <nite:child href="Bro011.B.words.xml#id(Bro011.w.6,920)..id(Bro011.w.6,923)"/>
   </dialogueact>
   <dialogueact nite:id="Bro011.B.dialogueact688" starttime="2092.94" endtime="2093.19" type="b" original-type="b" channel="c2" participant="me018">
      <nite:child href="Bro011.B.words.xml#id(Bro011.w.6,950)..id(Bro011.w.6,951)"/>
   </dialogueact>
   <dialogueact nite:id="Bro011.B.dialogueact690" starttime="2093.82" endtime="2093.97" type="b" original-type="b" channel="c2" participant="me018">
      <nite:child href="Bro011.B.words.xml#id(Bro011.w.6,952)..id(Bro011.w.6,953)"/>
   </dialogueact>
   <dialogueact nite:id="Bro011.B.dialogueact692" starttime="2097.02" endtime="2097.88" type="b" original-type="b" channel="c2" participant="me018">
      <nite:child href="Bro011.B.words.xml#id(Bro011.w.6,974)..id(Bro011.w.6,977)"/>
   </dialogueact>
   <dialogueact nite:id="Bro011.B.dialogueact693" starttime="2098.69" endtime="2098.92" type="b" original-type="b" channel="c2" participant="me018">
      <nite:child href="Bro011.B.words.xml#id(Bro011.w.6,978)..id(Bro011.w.6,979)"/>
   </dialogueact>
   <dialogueact nite:id="Bro011.B.dialogueact695" starttime="2100.05" endtime="2102.27" type="s" adjacency="9a" original-type="s" channel="c2" participant="me018">
      <nite:child href="Bro011.B.words.xml#id(Bro011.w.6,986)..id(Bro011.w.6,999)"/>
   </dialogueact>
   <dialogueact nite:id="Bro011.B.dialogueact696" starttime="2102.27" endtime="2105.12" type="s.%-" original-type="s.%-" channel="c2" participant="me018">
      <nite:child href="Bro011.B.words.xml#id(Bro011.w.7,000)..id(Bro011.w.7,023)"/>
   </dialogueact>
   <dialogueact nite:id="Bro011.B.dialogueact699" starttime="2105.12" endtime="2107.85" type="fg|s" original-type="fg|s" channel="c2" participant="me018">
      <nite:child href="Bro011.B.words.xml#id(Bro011.w.7,024)..id(Bro011.w.7,039)"/>
   </dialogueact>
   <dialogueact nite:id="Bro011.B.dialogueact702" starttime="2108.62" endtime="2108.9" type="b" original-type="b" channel="c2" participant="me018">
      <nite:child href="Bro011.B.words.xml#id(Bro011.w.7,042)..id(Bro011.w.7,043)"/>
   </dialogueact>
   <dialogueact nite:id="Bro011.B.dialogueact726" starttime="2185.22" endtime="2188.79" type="qy.x" adjacency="12a" original-type="qy.x" channel="c2" participant="me018">
      <nite:child href="Bro011.B.words.xml#id(Bro011.w.7,240)..id(Bro011.w.7,247)"/>
   </dialogueact>
   <dialogueact nite:id="Bro011.B.dialogueact727" starttime="2189.3" endtime="2195.45" type="s^e.x" adjacency="12a+" original-type="s^e.x" channel="c2" participant="me018">
      <nite:child href="Bro011.B.words.xml#id(Bro011.w.7,248)..id(Bro011.w.7,271)"/>
   </dialogueact>
   <dialogueact nite:id="Bro011.B.dialogueact728" starttime="2195.45" endtime="2196.45" type="qy^rt.x" adjacency="12a++" original-type="qy^rt.x" channel="c2" participant="me018">
      <nite:child href="Bro011.B.words.xml#id(Bro011.w.7,272)..id(Bro011.w.7,278)"/>
   </dialogueact>
   <dialogueact nite:id="Bro011.B.dialogueact730" starttime="2198.65" endtime="2198.95" type="qy^d^rt" original-type="qy^d^rt" channel="c2" participant="me018">
      <nite:child href="Bro011.B.words.xml#id(Bro011.w.7,286)..id(Bro011.w.7,287)"/>
   </dialogueact>
   <dialogueact nite:id="Bro011.B.dialogueact733" starttime="2202.71" endtime="2203.23" type="s^bk" original-type="s^bk" channel="c2" participant="me018">
      <nite:child href="Bro011.B.words.xml#id(Bro011.w.7,314)..id(Bro011.w.7,315)"/>
   </dialogueact>
   <dialogueact nite:id="Bro011.B.dialogueact734" starttime="2206.27" endtime="2207.06" type="s^bk" adjacency="13b" original-type="s^bk" channel="c2" participant="me018">
      <nite:child href="Bro011.B.words.xml#id(Bro011.w.7,316)..id(Bro011.w.7,317)"/>
   </dialogueact>
   <dialogueact nite:id="Bro011.B.dialogueact735" starttime="2207.3" endtime="2207.77" type="s^bk" adjacency="14b" original-type="s^bk" channel="c2" participant="me018">
      <nite:child href="Bro011.B.words.xml#id(Bro011.w.7,318)..id(Bro011.w.7,319)"/>
   </dialogueact>
   <dialogueact nite:id="Bro011.B.dialogueact736" starttime="2207.95" endtime="2208.17" type="fh" original-type="fh" channel="c2" participant="me018">
      <nite:child href="Bro011.B.words.xml#id(Bro011.w.7,320)..id(Bro011.w.7,321)"/>
   </dialogueact>
   <dialogueact nite:id="Bro011.B.dialogueact737" starttime="2208.31" endtime="2208.65" type="s^ft" original-type="s^ft" channel="c2" participant="me018">
      <nite:child href="Bro011.B.words.xml#id(Bro011.w.7,322)..id(Bro011.w.7,323)"/>
   </dialogueact>
   <dialogueact nite:id="Bro011.B.dialogueact739" starttime="2209.83" endtime="2211.14" type="s" original-type="s" channel="c2" participant="me018">
      <nite:child href="Bro011.B.words.xml#id(Bro011.w.7,326)..id(Bro011.w.7,334)"/>
   </dialogueact>
   <dialogueact nite:id="Bro011.B.dialogueact749" starttime="2223.57" endtime="2223.86" type="s^ba" adjacency="17b" original-type="s^ba" channel="c2" participant="me018">
      <nite:child href="Bro011.B.words.xml#id(Bro011.w.7,379)..id(Bro011.w.7,380)"/>
   </dialogueact>
   <dialogueact nite:id="Bro011.B.dialogueact761" starttime="2247.48" endtime="2251.27" type="s" original-type="s" channel="c2" participant="me018">
      <nite:child href="Bro011.B.words.xml#id(Bro011.w.7,466)..id(Bro011.w.7,485)"/>
   </dialogueact>
   <dialogueact nite:id="Bro011.B.dialogueact763" starttime="2251.58" endtime="2252.98" type="s^ba" original-type="s^ba" channel="c2" participant="me018">
      <nite:child href="Bro011.B.words.xml#id(Bro011.w.7,486)..id(Bro011.w.7,489)"/>
   </dialogueact>
   <dialogueact nite:id="Bro011.B.dialogueact765" starttime="2254.02" endtime="2254.3" type="s^fe" original-type="s^fe" channel="c2" participant="me018">
      <nite:child href="Bro011.B.words.xml#id(Bro011.w.7,492)..id(Bro011.w.7,493)"/>
   </dialogueact>
</nite:root>