<?xml version="1.0" encoding="ISO-8859-1" standalone="yes"?>
<nite:root nite:id="Bro028.A.dialogue-acts" xmlns:nite="http://nite.sourceforge.net/">
   <dialogueact nite:id="Bro028.A.dialogueact0" starttime="1.525" endtime="2.315" type="s" original-type="s" channel="c0" participant="me018">
      <nite:child href="Bro028.A.words.xml#id(Bro028.w.1)..id(Bro028.w.7)"/>
   </dialogueact>
   <dialogueact nite:id="Bro028.A.dialogueact365" starttime="850.231" endtime="857.616" type="qy^cs^rt" adjacency="18a" original-type="qy^cs^rt" channel="c0" participant="me018">
      <nite:child href="Bro028.A.words.xml#id(Bro028.w.2,911)..id(Bro028.w.2,928)"/>
   </dialogueact>
   <dialogueact nite:id="Bro028.A.dialogueact370" starttime="862.972" endtime="864.312" type="s^bk" adjacency="20b" original-type="s^bk" channel="c0" participant="me018">
      <nite:child href="Bro028.A.words.xml#id(Bro028.w.2,955)..id(Bro028.w.2,960)"/>
   </dialogueact>
   <dialogueact nite:id="Bro028.A.dialogueact373" starttime="864.312" endtime="864.772" type="s^bk" original-type="s^bk" channel="c0" participant="me018">
      <nite:child href="Bro028.A.words.xml#id(Bro028.w.2,961)..id(Bro028.w.2,963)"/>
   </dialogueact>
   <dialogueact nite:id="Bro028.A.dialogueact374" starttime="867.262" endtime="869.912" type="s^bu" adjacency="21a" original-type="s^bu" channel="c0" participant="me018">
      <nite:child href="Bro028.A.words.xml#id(Bro028.w.2,984)..id(Bro028.w.2,998)"/>
   </dialogueact>
   <dialogueact nite:id="Bro028.A.dialogueact376" starttime="870.404" endtime="873.054" type="s" adjacency="22a" original-type="s" channel="c0" participant="me018">
      <nite:child href="Bro028.A.words.xml#id(Bro028.w.3,003)..id(Bro028.w.3,018)"/>
   </dialogueact>
   <dialogueact nite:id="Bro028.A.dialogueact378" starttime="873.898" endtime="874.288" type="s^bk" adjacency="23b" original-type="s^bk" channel="c0" participant="me018">
      <nite:child href="Bro028.A.words.xml#id(Bro028.w.3,021)..id(Bro028.w.3,022)"/>
   </dialogueact>
   <dialogueact nite:id="Bro028.A.dialogueact395" starttime="923.905" endtime="924.085" type="%-" original-type="%-" channel="c0" participant="me018">
      <nite:child href="Bro028.A.words.xml#id(Bro028.w.3,214)..id(Bro028.disfmarker.153)"/>
   </dialogueact>
   <dialogueact nite:id="Bro028.A.dialogueact404" starttime="967.552" endtime="975.675" type="s^bu" adjacency="24b.25a" original-type="s^bu" channel="c0" participant="me018">
      <nite:child href="Bro028.A.words.xml#id(Bro028.w.3,382)..id(Bro028.w.3,408)"/>
   </dialogueact>
   <dialogueact nite:id="Bro028.A.dialogueact405" starttime="975.675" endtime="975.895" type="qy^d^g" adjacency="24b+.25a+" original-type="qy^d^g" channel="c0" participant="me018">
      <nite:child href="Bro028.A.words.xml#id(Bro028.w.3,409)..id(Bro028.w.3,410)"/>
   </dialogueact>
   <dialogueact nite:id="Bro028.A.dialogueact406" starttime="976.233" endtime="977.263" type="s^bu^e" adjacency="26a" original-type="s^bu^e" channel="c0" participant="me018">
      <nite:child href="Bro028.A.words.xml#id(Bro028.w.3,411)..id(Bro028.w.3,418)"/>
   </dialogueact>
   <dialogueact nite:id="Bro028.A.dialogueact409" starttime="977.783" endtime="978.923" type="s^bu^e" adjacency="27a" original-type="s^bu^e" channel="c0" participant="me018">
      <nite:child href="Bro028.A.words.xml#id(Bro028.w.3,429)..id(Bro028.w.3,434)"/>
   </dialogueact>
   <dialogueact nite:id="Bro028.A.dialogueact425" starttime="1019.88" endtime="1021.17" type="qy^bu^d^rt" adjacency="29b-1" original-type="qy^bu^d^rt" channel="c0" participant="me018">
      <nite:child href="Bro028.A.words.xml#id(Bro028.w.3,582)..id(Bro028.w.3,586)"/>
   </dialogueact>
   <dialogueact nite:id="Bro028.A.dialogueact427" starttime="1023.22" endtime="1023.61" type="%-" original-type="%-" channel="c0" participant="me018">
      <nite:child href="Bro028.A.words.xml#id(Bro028.w.3,605)..id(Bro028.disfmarker.177)"/>
   </dialogueact>
   <dialogueact nite:id="Bro028.A.dialogueact498" starttime="1185.49" endtime="1191.01" type="s" adjacency="38a" original-type="s" channel="c0" participant="me018">
      <nite:child href="Bro028.A.words.xml#id(Bro028.w.4,246)..id(Bro028.w.4,263)"/>
   </dialogueact>
   <dialogueact nite:id="Bro028.A.dialogueact499" starttime="1191.3" endtime="1194.1" type="s" original-type="s" channel="c0" participant="me018">
      <nite:child href="Bro028.A.words.xml#id(Bro028.w.4,264)..id(Bro028.disfmarker.211)"/>
   </dialogueact>
   <dialogueact nite:id="Bro028.A.dialogueact500" starttime="1194.1" endtime="1195.85" type="s^e" original-type="s^e" channel="c0" participant="me018">
      <nite:child href="Bro028.A.words.xml#id(Bro028.w.4,270)..id(Bro028.w.4,276)"/>
   </dialogueact>
   <dialogueact nite:id="Bro028.A.dialogueact501" starttime="1196.61" endtime="1198.18" type="s" original-type="s" channel="c0" participant="me018">
      <nite:child href="Bro028.A.words.xml#id(Bro028.w.4,277)..id(Bro028.w.4,283)"/>
   </dialogueact>
   <dialogueact nite:id="Bro028.A.dialogueact502" starttime="1198.67" endtime="1200.01" type="s" original-type="s" channel="c0" participant="me018">
      <nite:child href="Bro028.A.words.xml#id(Bro028.w.4,284)..id(Bro028.w.4,289)"/>
   </dialogueact>
   <dialogueact nite:id="Bro028.A.dialogueact503" starttime="1200.48" endtime="1203.62" type="s" original-type="s" channel="c0" participant="me018">
      <nite:child href="Bro028.A.words.xml#id(Bro028.w.4,290)..id(Bro028.w.4,295)"/>
   </dialogueact>
   <dialogueact nite:id="Bro028.A.dialogueact504" starttime="1203.62" endtime="1209.23" type="s" original-type="s" channel="c0" participant="me018">
      <nite:child href="Bro028.A.words.xml#id(Bro028.w.4,296)..id(Bro028.w.4,319)"/>
   </dialogueact>
   <dialogueact nite:id="Bro028.A.dialogueact505" starttime="1209.98" endtime="1212.14" type="fh|s" original-type="fh|s" channel="c0" participant="me018">
      <nite:child href="Bro028.A.words.xml#id(Bro028.w.4,320)..id(Bro028.w.4,329)"/>
   </dialogueact>
   <dialogueact nite:id="Bro028.A.dialogueact506" starttime="1212.57" endtime="1215.08" type="s" original-type="s" channel="c0" participant="me018">
      <nite:child href="Bro028.A.words.xml#id(Bro028.w.4,330)..id(Bro028.w.4,342)"/>
   </dialogueact>
   <dialogueact nite:id="Bro028.A.dialogueact507" starttime="1215.08" endtime="1217.12" type="s" original-type="s" channel="c0" participant="me018">
      <nite:child href="Bro028.A.words.xml#id(Bro028.w.4,343)..id(Bro028.w.4,354)"/>
   </dialogueact>
   <dialogueact nite:id="Bro028.A.dialogueact508" starttime="1217.61" endtime="1218.72" type="s" original-type="s" channel="c0" participant="me018">
      <nite:child href="Bro028.A.words.xml#id(Bro028.w.4,355)..id(Bro028.w.4,363)"/>
   </dialogueact>
   <dialogueact nite:id="Bro028.A.dialogueact509" starttime="1219.17" endtime="1224.57" type="s" original-type="s" channel="c0" participant="me018">
      <nite:child href="Bro028.A.words.xml#id(Bro028.w.4,364)..id(Bro028.w.4,384)"/>
   </dialogueact>
   <dialogueact nite:id="Bro028.A.dialogueact510" starttime="1224.98" endtime="1233.76" type="s" original-type="s" channel="c0" participant="me018">
      <nite:child href="Bro028.A.words.xml#id(Bro028.w.4,385)..id(Bro028.w.4,415)"/>
   </dialogueact>
   <dialogueact nite:id="Bro028.A.dialogueact511" starttime="1234.45" endtime="1241.36" type="s" adjacency="1a" original-type="s" channel="c0" participant="me018">
      <nite:child href="Bro028.A.words.xml#id(Bro028.w.4,416)..id(Bro028.w.4,438)"/>
   </dialogueact>
   <dialogueact nite:id="Bro028.A.dialogueact512" starttime="1241.91" endtime="1248.07" type="s" adjacency="1a+" original-type="s" channel="c0" participant="me018">
      <nite:child href="Bro028.A.words.xml#id(Bro028.w.4,439)..id(Bro028.w.4,460)"/>
   </dialogueact>
   <dialogueact nite:id="Bro028.A.dialogueact513" starttime="1248.3" endtime="1248.63" type="s.%-" original-type="s.%-" channel="c0" participant="me018">
      <nite:child href="Bro028.A.words.xml#id(Bro028.w.4,461)..id(Bro028.disfmarker.216)"/>
   </dialogueact>
   <dialogueact nite:id="Bro028.A.dialogueact515" starttime="1250.12" endtime="1252.01" type="s^m^na|s^aa" adjacency="2b" original-type="s^m^na|s^aa" channel="c0" participant="me018">
      <nite:child href="Bro028.A.words.xml#id(Bro028.w.4,468)..id(Bro028.w.4,480)"/>
   </dialogueact>
   <dialogueact nite:id="Bro028.A.dialogueact516" starttime="1252.01" endtime="1256.92" type="s" original-type="s" channel="c0" participant="me018">
      <nite:child href="Bro028.A.words.xml#id(Bro028.w.4,481)..id(Bro028.w.4,497)"/>
   </dialogueact>
   <dialogueact nite:id="Bro028.A.dialogueact517" starttime="1256.92" endtime="1259.06" type="s" original-type="s" channel="c0" participant="me018">
      <nite:child href="Bro028.A.words.xml#id(Bro028.w.4,498)..id(Bro028.w.4,509)"/>
   </dialogueact>
   <dialogueact nite:id="Bro028.A.dialogueact519" starttime="1259.06" endtime="1266.33" type="s" adjacency="3a" original-type="s" channel="c0" participant="me018">
      <nite:child href="Bro028.A.words.xml#id(Bro028.w.4,510)..id(Bro028.w.4,538)"/>
   </dialogueact>
   <dialogueact nite:id="Bro028.A.dialogueact520" starttime="1266.33" endtime="1268.29" type="s^e" adjacency="3a+" original-type="s^e" channel="c0" participant="me018">
      <nite:child href="Bro028.A.words.xml#id(Bro028.w.4,539)..id(Bro028.w.4,553)"/>
   </dialogueact>
   <dialogueact nite:id="Bro028.A.dialogueact521" starttime="1268.8" endtime="1271.02" type="s^no" adjacency="3a++" original-type="s^no" channel="c0" participant="me018">
      <nite:child href="Bro028.A.words.xml#id(Bro028.w.4,554)..id(Bro028.w.4,564)"/>
   </dialogueact>
   <dialogueact nite:id="Bro028.A.dialogueact523" starttime="1272.49" endtime="1273.61" type="s" adjacency="4b" original-type="s" channel="c0" participant="me018">
      <nite:child href="Bro028.A.words.xml#id(Bro028.w.4,579)..id(Bro028.w.4,587)"/>
   </dialogueact>
   <dialogueact nite:id="Bro028.A.dialogueact524" starttime="1273.61" endtime="1277.48" type="s^df" adjacency="4b+" original-type="s^df" channel="c0" participant="me018">
      <nite:child href="Bro028.A.words.xml#id(Bro028.w.4,588)..id(Bro028.w.4,602)"/>
   </dialogueact>
   <dialogueact nite:id="Bro028.A.dialogueact525" starttime="1277.48" endtime="1278.48" type="s.%--" original-type="s.%--" channel="c0" participant="me018">
      <nite:child href="Bro028.A.words.xml#id(Bro028.w.4,603)..id(Bro028.w.4,607)"/>
   </dialogueact>
   <dialogueact nite:id="Bro028.A.dialogueact526" starttime="1279.85" endtime="1281.66" type="s^rt" adjacency="5a" original-type="s^rt" channel="c0" participant="me018">
      <nite:child href="Bro028.A.words.xml#id(Bro028.w.4,608)..id(Bro028.w.4,617)"/>
   </dialogueact>
   <dialogueact nite:id="Bro028.A.dialogueact527" starttime="1281.66" endtime="1283.08" type="s^ba^df" adjacency="5a+" original-type="s^ba^df" channel="c0" participant="me018">
      <nite:child href="Bro028.A.words.xml#id(Bro028.w.4,618)..id(Bro028.w.4,623)"/>
   </dialogueact>
   <dialogueact nite:id="Bro028.A.dialogueact528" starttime="1283.14" endtime="1286.55" type="s" adjacency="5a++" original-type="s" channel="c0" participant="me018">
      <nite:child href="Bro028.A.words.xml#id(Bro028.w.4,624)..id(Bro028.w.4,634)"/>
   </dialogueact>
   <dialogueact nite:id="Bro028.A.dialogueact529" starttime="1287.25" endtime="1289.78" type="s" adjacency="5a+++" original-type="s" channel="c0" participant="me018">
      <nite:child href="Bro028.A.words.xml#id(Bro028.w.4,635)..id(Bro028.w.4,647)"/>
   </dialogueact>
   <dialogueact nite:id="Bro028.A.dialogueact532" starttime="1291.66" endtime="1292.14" type="s^bk" adjacency="6b" original-type="s^bk" channel="c0" participant="me018">
      <nite:child href="Bro028.A.words.xml#id(Bro028.w.4,657)..id(Bro028.w.4,658)"/>
   </dialogueact>
   <dialogueact nite:id="Bro028.A.dialogueact533" starttime="1292.49" endtime="1294.35" type="s" adjacency="7a" original-type="s" channel="c0" participant="me018">
      <nite:child href="Bro028.A.words.xml#id(Bro028.w.4,659)..id(Bro028.w.4,667)"/>
   </dialogueact>
   <dialogueact nite:id="Bro028.A.dialogueact534" starttime="1294.35" endtime="1295.92" type="s^ba" adjacency="7a+" original-type="s^ba" channel="c0" participant="me018">
      <nite:child href="Bro028.A.words.xml#id(Bro028.w.4,668)..id(Bro028.w.4,677)"/>
   </dialogueact>
   <dialogueact nite:id="Bro028.A.dialogueact536" starttime="1297.11" endtime="1297.4" type="fh" original-type="fh" channel="c0" participant="me018">
      <nite:child href="Bro028.A.words.xml#id(Bro028.w.4,689)..id(Bro028.disfmarker.230)"/>
   </dialogueact>
   <dialogueact nite:id="Bro028.A.dialogueact541" starttime="1314.31" endtime="1314.74" type="qy^bu^d^rt" adjacency="9b" original-type="qy^bu^d^rt" channel="c0" participant="me018">
      <nite:child href="Bro028.A.words.xml#id(Bro028.w.4,745)..id(Bro028.w.4,746)"/>
   </dialogueact>
   <dialogueact nite:id="Bro028.A.dialogueact543" starttime="1315.22" endtime="1315.69" type="qy^bu^d^e^rt" adjacency="9b+.10a" original-type="qy^bu^d^e^rt" channel="c0" participant="me018">
      <nite:child href="Bro028.A.words.xml#id(Bro028.w.4,752)..id(Bro028.w.4,753)"/>
   </dialogueact>
   <dialogueact nite:id="Bro028.A.dialogueact551" starttime="1322.47" endtime="1323.43" type="s^bk|s^bk^m" adjacency="13b.14a" original-type="s^bk|s^bk^m" channel="c0" participant="me018">
      <nite:child href="Bro028.A.words.xml#id(Bro028.w.4,789)..id(Bro028.w.4,795)"/>
   </dialogueact>
   <dialogueact nite:id="Bro028.A.dialogueact552" starttime="1323.43" endtime="1323.79" type="s^bk" original-type="s^bk" channel="c0" participant="me018">
      <nite:child href="Bro028.A.words.xml#id(Bro028.w.4,796)..id(Bro028.w.4,797)"/>
   </dialogueact>
   <dialogueact nite:id="Bro028.A.dialogueact555" starttime="1324.75" endtime="1325.05" type="s^bk.%" original-type="s^bk.%" channel="c0" participant="me018">
      <nite:child href="Bro028.A.words.xml#id(Bro028.w.4,812)..id(Bro028.w.4,813)"/>
   </dialogueact>
   <dialogueact nite:id="Bro028.A.dialogueact560" starttime="1326.89" endtime="1327.15" type="s^aa" adjacency="15b-1" original-type="s^aa" channel="c0" participant="me018">
      <nite:child href="Bro028.A.words.xml#id(Bro028.w.4,850)..id(Bro028.w.4,851)"/>
   </dialogueact>
   <dialogueact nite:id="Bro028.A.dialogueact563" starttime="1331.14" endtime="1331.41" type="b" original-type="b" channel="c0" participant="me018">
      <nite:child href="Bro028.A.words.xml#id(Bro028.w.4,852)..id(Bro028.w.4,853)"/>
   </dialogueact>
   <dialogueact nite:id="Bro028.A.dialogueact565" starttime="1336.79" endtime="1337.17" type="s^bk|qy^bh^rt" adjacency="17b" original-type="s^bk|qy^bh^rt" channel="c0" participant="me018">
      <nite:child href="Bro028.A.words.xml#id(Bro028.w.4,863)..id(Bro028.w.4,867)"/>
   </dialogueact>
   <dialogueact nite:id="Bro028.A.dialogueact567" starttime="1339.4" endtime="1339.75" type="s^bk" original-type="s^bk" channel="c0" participant="me018">
      <nite:child href="Bro028.A.words.xml#id(Bro028.w.4,875)..id(Bro028.w.4,876)"/>
   </dialogueact>
   <dialogueact nite:id="Bro028.A.dialogueact570" starttime="1341.71" endtime="1343.26" type="s" original-type="s" channel="c0" participant="me018">
      <nite:child href="Bro028.A.words.xml#id(Bro028.w.4,881)..id(Bro028.w.4,892)"/>
   </dialogueact>
   <dialogueact nite:id="Bro028.A.dialogueact571" starttime="1345.6" endtime="1348.19" type="fh|s" original-type="fh|s" channel="c0" participant="me018">
      <nite:child href="Bro028.A.words.xml#id(Bro028.w.4,893)..id(Bro028.w.4,910)"/>
   </dialogueact>
   <dialogueact nite:id="Bro028.A.dialogueact573" starttime="1350.51" endtime="1350.77" type="s^aa" adjacency="18b" original-type="s^aa" channel="c0" participant="me018">
      <nite:child href="Bro028.A.words.xml#id(Bro028.w.4,934)..id(Bro028.w.4,935)"/>
   </dialogueact>
   <dialogueact nite:id="Bro028.A.dialogueact574" starttime="1353.0" endtime="1354.23" type="fg|s^ba" original-type="fg|s^ba" channel="c0" participant="me018">
      <nite:child href="Bro028.A.words.xml#id(Bro028.w.4,936)..id(Bro028.w.4,945)"/>
   </dialogueact>
   <dialogueact nite:id="Bro028.A.dialogueact575" starttime="1354.47" endtime="1354.85" type="fh" original-type="fh" channel="c0" participant="me018">
      <nite:child href="Bro028.A.words.xml#id(Bro028.w.4,946)..id(Bro028.w.4,947)"/>
   </dialogueact>
   <dialogueact nite:id="Bro028.A.dialogueact576" starttime="1355.15" endtime="1360.72" type="s" adjacency="19a" original-type="s" channel="c0" participant="me018">
      <nite:child href="Bro028.A.words.xml#id(Bro028.w.4,948)..id(Bro028.w.4,970)"/>
   </dialogueact>
   <dialogueact nite:id="Bro028.A.dialogueact577" starttime="1360.72" endtime="1364.41" type="s^df" adjacency="19a+" original-type="s^df" channel="c0" participant="me018">
      <nite:child href="Bro028.A.words.xml#id(Bro028.w.4,971)..id(Bro028.w.4,983)"/>
   </dialogueact>
   <dialogueact nite:id="Bro028.A.dialogueact578" starttime="1364.86" endtime="1367.38" type="s" adjacency="19a++" original-type="s" channel="c0" participant="me018">
      <nite:child href="Bro028.A.words.xml#id(Bro028.w.4,984)..id(Bro028.w.4,993)"/>
   </dialogueact>
   <dialogueact nite:id="Bro028.A.dialogueact579" starttime="1367.38" endtime="1367.66" type="fh" original-type="fh" channel="c0" participant="me018">
      <nite:child href="Bro028.A.words.xml#id(Bro028.w.4,994)..id(Bro028.w.4,995)"/>
   </dialogueact>
   <dialogueact nite:id="Bro028.A.dialogueact581" starttime="1368.0" endtime="1368.32" type="%-" original-type="%-" channel="c0" participant="me018">
      <nite:child href="Bro028.A.words.xml#id(Bro028.w.5,002)..id(Bro028.w.5,004)"/>
   </dialogueact>
   <dialogueact nite:id="Bro028.A.dialogueact582" starttime="1369.5" endtime="1373.45" type="h|s.%--" adjacency="20b.21a" original-type="h|s.%--" channel="c0" participant="me018">
      <nite:child href="Bro028.A.words.xml#id(Bro028.w.5,005)..id(Bro028.w.5,007)"/>
   </dialogueact>
   <dialogueact nite:id="Bro028.A.dialogueact583" starttime="1373.45" endtime="1375.03" type="s^aa|s^na" adjacency="20b+.21a+" original-type="s^aa|s^na" channel="c0" participant="me018">
      <nite:child href="Bro028.A.words.xml#id(Bro028.w.5,008)..id(Bro028.w.5,014)"/>
   </dialogueact>
   <dialogueact nite:id="Bro028.A.dialogueact585" starttime="1375.48" endtime="1377.65" type="s" adjacency="22a" original-type="s" channel="c0" participant="me018">
      <nite:child href="Bro028.A.words.xml#id(Bro028.w.5,017)..id(Bro028.w.5,032)"/>
   </dialogueact>
   <dialogueact nite:id="Bro028.A.dialogueact586" starttime="1377.78" endtime="1378.65" type="s" adjacency="22a+" original-type="s" channel="c0" participant="me018">
      <nite:child href="Bro028.A.words.xml#id(Bro028.w.5,033)..id(Bro028.w.5,038)"/>
   </dialogueact>
   <dialogueact nite:id="Bro028.A.dialogueact588" starttime="1378.87" endtime="1381.14" type="s" adjacency="23a" original-type="s" channel="c0" participant="me018">
      <nite:child href="Bro028.A.words.xml#id(Bro028.w.5,041)..id(Bro028.w.5,057)"/>
   </dialogueact>
   <dialogueact nite:id="Bro028.A.dialogueact589" starttime="1381.14" endtime="1381.57" type="%-" original-type="%-" channel="c0" participant="me018">
      <nite:child href="Bro028.A.words.xml#id(Bro028.w.5,058)..id(Bro028.w.5,060)"/>
   </dialogueact>
   <dialogueact nite:id="Bro028.A.dialogueact592" starttime="1382.86" endtime="1383.16" type="s^aa" adjacency="24b" original-type="s^aa" channel="c0" participant="me018">
      <nite:child href="Bro028.A.words.xml#id(Bro028.w.5,077)..id(Bro028.w.5,078)"/>
   </dialogueact>
   <dialogueact nite:id="Bro028.A.dialogueact593" starttime="1383.59" endtime="1386.54" type="fg|s" original-type="fg|s" channel="c0" participant="me018">
      <nite:child href="Bro028.A.words.xml#id(Bro028.w.5,079)..id(Bro028.w.5,097)"/>
   </dialogueact>
   <dialogueact nite:id="Bro028.A.dialogueact595" starttime="1386.54" endtime="1393.17" type="s" adjacency="25a" original-type="s" channel="c0" participant="me018">
      <nite:child href="Bro028.A.words.xml#id(Bro028.w.5,098)..id(Bro028.w.5,127)"/>
   </dialogueact>
   <dialogueact nite:id="Bro028.A.dialogueact596" starttime="1393.17" endtime="1397.95" type="s" original-type="s" channel="c0" participant="me018">
      <nite:child href="Bro028.A.words.xml#id(Bro028.w.5,128)..id(Bro028.w.5,154)"/>
   </dialogueact>
   <dialogueact nite:id="Bro028.A.dialogueact609" starttime="1411.85" endtime="1413.3" type="qy^bu^d^rt" adjacency="29b.30a" original-type="qy^bu^d^rt" channel="c0" participant="me018">
      <nite:child href="Bro028.A.words.xml#id(Bro028.w.5,207)..id(Bro028.w.5,215)"/>
   </dialogueact>
   <dialogueact nite:id="Bro028.A.dialogueact611" starttime="1415.94" endtime="1416.01" type="s^bk.%" adjacency="31b" original-type="s^bk.%" channel="c0" participant="me018">
      <nite:child href="Bro028.A.words.xml#id(Bro028.w.5,218)..id(Bro028.w.5,219)"/>
   </dialogueact>
   <dialogueact nite:id="Bro028.A.dialogueact612" starttime="1417.3" endtime="1426.73" type="qy^rt" adjacency="32a" original-type="qy^rt" channel="c0" participant="me018">
      <nite:child href="Bro028.A.words.xml#id(Bro028.w.5,220)..id(Bro028.w.5,246)"/>
   </dialogueact>
   <dialogueact nite:id="Bro028.A.dialogueact613" starttime="1427.92" endtime="1435.95" type="s^df" original-type="s^df" channel="c0" participant="me018">
      <nite:child href="Bro028.A.words.xml#id(Bro028.w.5,247)..id(Bro028.w.5,282)"/>
   </dialogueact>
   <dialogueact nite:id="Bro028.A.dialogueact616" starttime="1436.47" endtime="1440.26" type="s" original-type="s" channel="c0" participant="me018">
      <nite:child href="Bro028.A.words.xml#id(Bro028.w.5,283)..id(Bro028.w.5,297)"/>
   </dialogueact>
   <dialogueact nite:id="Bro028.A.dialogueact617" starttime="1441.08" endtime="1441.43" type="s.%--" original-type="s.%--" channel="c0" participant="me018">
      <nite:child href="Bro028.A.words.xml#id(Bro028.w.5,298)..id(Bro028.disfmarker.258)"/>
   </dialogueact>
   <dialogueact nite:id="Bro028.A.dialogueact618" starttime="1441.83" endtime="1443.07" type="qy^rt" adjacency="33a" original-type="qy^rt" channel="c0" participant="me018">
      <nite:child href="Bro028.A.words.xml#id(Bro028.w.5,300)..id(Bro028.w.5,307)"/>
   </dialogueact>
   <dialogueact nite:id="Bro028.A.dialogueact621" starttime="1448.21" endtime="1448.64" type="s^bk" adjacency="34b" original-type="s^bk" channel="c0" participant="me018">
      <nite:child href="Bro028.A.words.xml#id(Bro028.w.5,326)..id(Bro028.w.5,329)"/>
   </dialogueact>
   <dialogueact nite:id="Bro028.A.dialogueact628" starttime="1465.03" endtime="1465.28" type="s^ar" adjacency="35b" original-type="s^ar" channel="c0" participant="me018">
      <nite:child href="Bro028.A.words.xml#id(Bro028.w.5,387)..id(Bro028.w.5,390)"/>
   </dialogueact>
   <dialogueact nite:id="Bro028.A.dialogueact629" starttime="1466.21" endtime="1468.57" type="s" adjacency="36b.37a" original-type="s" channel="c0" participant="me018">
      <nite:child href="Bro028.A.words.xml#id(Bro028.w.5,391)..id(Bro028.disfmarker.263)"/>
   </dialogueact>
   <dialogueact nite:id="Bro028.A.dialogueact631" starttime="1471.1" endtime="1471.61" type="fh" original-type="fh" channel="c0" participant="me018">
      <nite:child href="Bro028.A.words.xml#id(Bro028.w.5,407)..id(Bro028.disfmarker.264)"/>
   </dialogueact>
   <dialogueact nite:id="Bro028.A.dialogueact633" starttime="1473.33" endtime="1474.25" type="s^e" original-type="s^e" channel="c0" participant="me018">
      <nite:child href="Bro028.A.words.xml#id(Bro028.w.5,421)..id(Bro028.w.5,424)"/>
   </dialogueact>
   <dialogueact nite:id="Bro028.A.dialogueact634" starttime="1474.25" endtime="1475.83" type="s.%-" original-type="s.%-" channel="c0" participant="me018">
      <nite:child href="Bro028.A.words.xml#id(Bro028.w.5,425)..id(Bro028.disfmarker.266)"/>
   </dialogueact>
   <dialogueact nite:id="Bro028.A.dialogueact637" starttime="1484.2" endtime="1484.44" type="s^aa" adjacency="38b" original-type="s^aa" channel="c0" participant="me018">
      <nite:child href="Bro028.A.words.xml#id(Bro028.w.5,473)..id(Bro028.w.5,474)"/>
   </dialogueact>
   <dialogueact nite:id="Bro028.A.dialogueact639" starttime="1489.03" endtime="1489.88" type="s^aa|s^na" adjacency="39b" original-type="s^aa|s^na" channel="c0" participant="me018">
      <nite:child href="Bro028.A.words.xml#id(Bro028.w.5,483)..id(Bro028.w.5,487)"/>
   </dialogueact>
   <dialogueact nite:id="Bro028.A.dialogueact642" starttime="1492.18" endtime="1493.49" type="fg|s" original-type="fg|s" channel="c0" participant="me018">
      <nite:child href="Bro028.A.words.xml#id(Bro028.w.5,490)..id(Bro028.w.5,498)"/>
   </dialogueact>
   <dialogueact nite:id="Bro028.A.dialogueact643" starttime="1493.49" endtime="1501.14" type="s^df" original-type="s^df" channel="c0" participant="me018">
      <nite:child href="Bro028.A.words.xml#id(Bro028.w.5,499)..id(Bro028.w.5,518)"/>
   </dialogueact>
   <dialogueact nite:id="Bro028.A.dialogueact645" starttime="1501.89" endtime="1505.23" type="s" original-type="s" channel="c0" participant="me018">
      <nite:child href="Bro028.A.words.xml#id(Bro028.w.5,523)..id(Bro028.w.5,535)"/>
   </dialogueact>
   <dialogueact nite:id="Bro028.A.dialogueact646" starttime="1505.23" endtime="1506.07" type="fh" original-type="fh" channel="c0" participant="me018">
      <nite:child href="Bro028.A.words.xml#id(Bro028.w.5,536)..id(Bro028.w.5,538)"/>
   </dialogueact>
   <dialogueact nite:id="Bro028.A.dialogueact648" starttime="1509.61" endtime="1510.56" type="s" original-type="s" channel="c0" participant="me018">
      <nite:child href="Bro028.A.words.xml#id(Bro028.w.5,543)..id(Bro028.w.5,551)"/>
   </dialogueact>
   <dialogueact nite:id="Bro028.A.dialogueact649" starttime="1510.56" endtime="1515.36" type="s" adjacency="40a" original-type="s" channel="c0" participant="me018">
      <nite:child href="Bro028.A.words.xml#id(Bro028.w.5,552)..id(Bro028.w.5,571)"/>
   </dialogueact>
   <dialogueact nite:id="Bro028.A.dialogueact650" starttime="1515.46" endtime="1515.74" type="fh" original-type="fh" channel="c0" participant="me018">
      <nite:child href="Bro028.A.words.xml#id(Bro028.w.5,572)..id(Bro028.w.5,573)"/>
   </dialogueact>
   <dialogueact nite:id="Bro028.A.dialogueact651" starttime="1517.34" endtime="1521.57" type="s" adjacency="40a+" original-type="s" channel="c0" participant="me018">
      <nite:child href="Bro028.A.words.xml#id(Bro028.w.5,574)..id(Bro028.w.5,590)"/>
   </dialogueact>
   <dialogueact nite:id="Bro028.A.dialogueact652" starttime="1521.85" endtime="1521.94" type="fh" original-type="fh" channel="c0" participant="me018">
      <nite:child href="Bro028.A.words.xml#id(Bro028.w.5,591)..id(Bro028.disfmarker.271)"/>
   </dialogueact>
   <dialogueact nite:id="Bro028.A.dialogueact654" starttime="1525.18" endtime="1525.67" type="s^na" adjacency="41b" original-type="s^na" channel="c0" participant="me018">
      <nite:child href="Bro028.A.words.xml#id(Bro028.w.5,600)..id(Bro028.w.5,602)"/>
   </dialogueact>
   <dialogueact nite:id="Bro028.A.dialogueact655" starttime="1525.67" endtime="1528.98" type="s:s" original-type="s:s" channel="c0" participant="me018">
      <nite:child href="Bro028.A.words.xml#id(Bro028.w.5,603)..id(Bro028.w.5,620)"/>
   </dialogueact>
   <dialogueact nite:id="Bro028.A.dialogueact657" starttime="1528.98" endtime="1529.91" type="s:s^no" original-type="s:s^no" channel="c0" participant="me018">
      <nite:child href="Bro028.A.words.xml#id(Bro028.w.5,621)..id(Bro028.w.5,626)"/>
   </dialogueact>
   <dialogueact nite:id="Bro028.A.dialogueact659" starttime="1530.45" endtime="1532.56" type="s^e" original-type="s^e" channel="c0" participant="me018">
      <nite:child href="Bro028.A.words.xml#id(Bro028.w.5,631)..id(Bro028.w.5,639)"/>
   </dialogueact>
   <dialogueact nite:id="Bro028.A.dialogueact660" starttime="1532.67" endtime="1539.32" type="qh" original-type="qh" channel="c0" participant="me018">
      <nite:child href="Bro028.A.words.xml#id(Bro028.w.5,640)..id(Bro028.w.5,672)"/>
   </dialogueact>
   <dialogueact nite:id="Bro028.A.dialogueact661" starttime="1540.04" endtime="1547.15" type="s" original-type="s" channel="c0" participant="me018">
      <nite:child href="Bro028.A.words.xml#id(Bro028.w.5,673)..id(Bro028.w.5,695)"/>
   </dialogueact>
   <dialogueact nite:id="Bro028.A.dialogueact662" starttime="1548.08" endtime="1549.04" type="fh" original-type="fh" channel="c0" participant="me018">
      <nite:child href="Bro028.A.words.xml#id(Bro028.w.5,696)..id(Bro028.disfmarker.274)"/>
   </dialogueact>
   <dialogueact nite:id="Bro028.A.dialogueact663" starttime="1549.74" endtime="1552.09" type="s" original-type="s" channel="c0" participant="me018">
      <nite:child href="Bro028.A.words.xml#id(Bro028.w.5,699)..id(Bro028.w.5,709)"/>
   </dialogueact>
   <dialogueact nite:id="Bro028.A.dialogueact664" starttime="1552.09" endtime="1555.46" type="s" original-type="s" channel="c0" participant="me018">
      <nite:child href="Bro028.A.words.xml#id(Bro028.w.5,710)..id(Bro028.w.5,724)"/>
   </dialogueact>
   <dialogueact nite:id="Bro028.A.dialogueact666" starttime="1556.44" endtime="1559.67" type="s" original-type="s" channel="c0" participant="me018">
      <nite:child href="Bro028.A.words.xml#id(Bro028.w.5,729)..id(Bro028.w.5,746)"/>
   </dialogueact>
   <dialogueact nite:id="Bro028.A.dialogueact667" starttime="1559.67" endtime="1563.64" type="s" original-type="s" channel="c0" participant="me018">
      <nite:child href="Bro028.A.words.xml#id(Bro028.w.5,747)..id(Bro028.w.5,757)"/>
   </dialogueact>
   <dialogueact nite:id="Bro028.A.dialogueact716" starttime="1721.53" endtime="1731.43" type="s^cs" original-type="s^cs" channel="c0" participant="me018">
      <nite:child href="Bro028.A.words.xml#id(Bro028.w.6,375)..id(Bro028.w.6,396)"/>
   </dialogueact>
   <dialogueact nite:id="Bro028.A.dialogueact717" starttime="1731.43" endtime="1733.3" type="s" original-type="s" channel="c0" participant="me018">
      <nite:child href="Bro028.A.words.xml#id(Bro028.w.6,397)..id(Bro028.w.6,407)"/>
   </dialogueact>
   <dialogueact nite:id="Bro028.A.dialogueact718" starttime="1734.29" endtime="1734.89" type="s.%--" original-type="s.%--" channel="c0" participant="me018">
      <nite:child href="Bro028.A.words.xml#id(Bro028.w.6,408)..id(Bro028.w.6,410)"/>
   </dialogueact>
   <dialogueact nite:id="Bro028.A.dialogueact719" starttime="1734.89" endtime="1735.39" type="fh" original-type="fh" channel="c0" participant="me018">
      <nite:child href="Bro028.A.words.xml#id(Bro028.w.6,411)..id(Bro028.w.6,412)"/>
   </dialogueact>
   <dialogueact nite:id="Bro028.A.dialogueact720" starttime="1737.82" endtime="1751.65" type="s" adjacency="45a" original-type="s" channel="c0" participant="me018">
      <nite:child href="Bro028.A.words.xml#id(Bro028.w.6,413)..id(Bro028.w.6,470)"/>
   </dialogueact>
   <dialogueact nite:id="Bro028.A.dialogueact722" starttime="1752.31" endtime="1752.81" type="fh" original-type="fh" channel="c0" participant="me018">
      <nite:child href="Bro028.A.words.xml#id(Bro028.w.6,471)..id(Bro028.w.6,472)"/>
   </dialogueact>
   <dialogueact nite:id="Bro028.A.dialogueact724" starttime="1754.43" endtime="1760.74" type="s^m^na.%-" adjacency="46b.47a" original-type="s^m^na.%-" channel="c0" participant="me018">
      <nite:child href="Bro028.A.words.xml#id(Bro028.w.6,484)..id(Bro028.disfmarker.304)"/>
   </dialogueact>
   <dialogueact nite:id="Bro028.A.dialogueact728" starttime="1763.61" endtime="1764.44" type="s^aa" adjacency="48b.49a" original-type="s^aa" channel="c0" participant="me018">
      <nite:child href="Bro028.A.words.xml#id(Bro028.w.6,524)..id(Bro028.w.6,529)"/>
   </dialogueact>
   <dialogueact nite:id="Bro028.A.dialogueact729" starttime="1765.14" endtime="1765.56" type="s^na" adjacency="48b+.49a+" original-type="s^na" channel="c0" participant="me018">
      <nite:child href="Bro028.A.words.xml#id(Bro028.w.6,540)..id(Bro028.w.6,543)"/>
   </dialogueact>
   <dialogueact nite:id="Bro028.A.dialogueact731" starttime="1766.43" endtime="1769.96" type="s" adjacency="50a" original-type="s" channel="c0" participant="me018">
      <nite:child href="Bro028.A.words.xml#id(Bro028.w.6,546)..id(Bro028.w.6,560)"/>
   </dialogueact>
   <dialogueact nite:id="Bro028.A.dialogueact735" starttime="1775.46" endtime="1775.62" type="b" original-type="b" channel="c0" participant="me018">
      <nite:child href="Bro028.A.words.xml#id(Bro028.w.6,599)..id(Bro028.w.6,602)"/>
   </dialogueact>
   <dialogueact nite:id="Bro028.A.dialogueact739" starttime="1782.93" endtime="1783.34" type="b" original-type="b" channel="c0" participant="me018">
      <nite:child href="Bro028.A.words.xml#id(Bro028.w.6,644)..id(Bro028.w.6,647)"/>
   </dialogueact>
   <dialogueact nite:id="Bro028.A.dialogueact742" starttime="1790.43" endtime="1790.65" type="b" original-type="b" channel="c0" participant="me018">
      <nite:child href="Bro028.A.words.xml#id(Bro028.w.6,659)..id(Bro028.w.6,660)"/>
   </dialogueact>
   <dialogueact nite:id="Bro028.A.dialogueact744" starttime="1799.59" endtime="1801.78" type="qw" adjacency="51b.52a" original-type="qw" channel="c0" participant="me018">
      <nite:child href="Bro028.A.words.xml#id(Bro028.w.6,677)..id(Bro028.w.6,691)"/>
   </dialogueact>
   <dialogueact nite:id="Bro028.A.dialogueact747" starttime="1803.89" endtime="1804.06" type="s^aa" adjacency="53b.54a" original-type="s^aa" channel="c0" participant="me018">
      <nite:child href="Bro028.A.words.xml#id(Bro028.w.6,705)..id(Bro028.w.6,706)"/>
   </dialogueact>
   <dialogueact nite:id="Bro028.A.dialogueact748" starttime="1804.62" endtime="1805.3" type="s^m^na" adjacency="53b+" original-type="s^m^na" channel="c0" participant="me018">
      <nite:child href="Bro028.A.words.xml#id(Bro028.w.6,707)..id(Bro028.w.6,710)"/>
   </dialogueact>
   <dialogueact nite:id="Bro028.A.dialogueact750" starttime="1805.68" endtime="1809.8" type="s" original-type="s" channel="c0" participant="me018">
      <nite:child href="Bro028.A.words.xml#id(Bro028.w.6,713)..id(Bro028.w.6,730)"/>
   </dialogueact>
   <dialogueact nite:id="Bro028.A.dialogueact751" starttime="1809.88" endtime="1817.92" type="s" original-type="s" channel="c0" participant="me018">
      <nite:child href="Bro028.A.words.xml#id(Bro028.w.6,731)..id(Bro028.w.6,750)"/>
   </dialogueact>
   <dialogueact nite:id="Bro028.A.dialogueact752" starttime="1817.92" endtime="1823.44" type="s" adjacency="1a" original-type="s" channel="c0" participant="me018">
      <nite:child href="Bro028.A.words.xml#id(Bro028.w.6,751)..id(Bro028.w.6,780)"/>
   </dialogueact>
   <dialogueact nite:id="Bro028.A.dialogueact753" starttime="1823.44" endtime="1825.52" type="s" adjacency="1a+" original-type="s" channel="c0" participant="me018">
      <nite:child href="Bro028.A.words.xml#id(Bro028.w.6,781)..id(Bro028.w.6,790)"/>
   </dialogueact>
   <dialogueact nite:id="Bro028.A.dialogueact754" starttime="1825.96" endtime="1826.32" type="fh" original-type="fh" channel="c0" participant="me018">
      <nite:child href="Bro028.A.words.xml#id(Bro028.w.6,791)..id(Bro028.disfmarker.314)"/>
   </dialogueact>
   <dialogueact nite:id="Bro028.A.dialogueact756" starttime="1829.16" endtime="1829.78" type="s^no" adjacency="2b.3a" original-type="s^no" channel="c0" participant="me018">
      <nite:child href="Bro028.A.words.xml#id(Bro028.w.6,821)..id(Bro028.w.6,824)"/>
   </dialogueact>
   <dialogueact nite:id="Bro028.A.dialogueact757" starttime="1831.2" endtime="1833.2" type="fg|s^2" adjacency="4b" original-type="fg|s^2" channel="c0" participant="me018">
      <nite:child href="Bro028.A.words.xml#id(Bro028.w.6,825)..id(Bro028.w.6,834)"/>
   </dialogueact>
   <dialogueact nite:id="Bro028.A.dialogueact760" starttime="1833.2" endtime="1834.08" type="s^no" original-type="s^no" channel="c0" participant="me018">
      <nite:child href="Bro028.A.words.xml#id(Bro028.w.6,835)..id(Bro028.w.6,842)"/>
   </dialogueact>
   <dialogueact nite:id="Bro028.A.dialogueact761" starttime="1834.3" endtime="1835.07" type="s^no" original-type="s^no" channel="c0" participant="me018">
      <nite:child href="Bro028.A.words.xml#id(Bro028.w.6,843)..id(Bro028.w.6,848)"/>
   </dialogueact>
   <dialogueact nite:id="Bro028.A.dialogueact767" starttime="1843.52" endtime="1845.65" type="s^bk|s" adjacency="5b" original-type="s^bk|s" channel="c0" participant="me018">
      <nite:child href="Bro028.A.words.xml#id(Bro028.w.6,883)..id(Bro028.w.6,895)"/>
   </dialogueact>
   <dialogueact nite:id="Bro028.A.dialogueact768" starttime="1845.65" endtime="1851.02" type="s" adjacency="6a" original-type="s" channel="c0" participant="me018">
      <nite:child href="Bro028.A.words.xml#id(Bro028.w.6,896)..id(Bro028.w.6,916)"/>
   </dialogueact>
   <dialogueact nite:id="Bro028.A.dialogueact770" starttime="1851.02" endtime="1851.9" type="s^no" original-type="s^no" channel="c0" participant="me018">
      <nite:child href="Bro028.A.words.xml#id(Bro028.w.6,917)..id(Bro028.w.6,923)"/>
   </dialogueact>
   <dialogueact nite:id="Bro028.A.dialogueact771" starttime="1852.95" endtime="1853.39" type="fh" original-type="fh" channel="c0" participant="me018">
      <nite:child href="Bro028.A.words.xml#id(Bro028.w.6,926)..id(Bro028.disfmarker.326)"/>
   </dialogueact>
   <dialogueact nite:id="Bro028.A.dialogueact773" starttime="1857.22" endtime="1860.97" type="s" original-type="s" channel="c0" participant="me018">
      <nite:child href="Bro028.A.words.xml#id(Bro028.w.6,931)..id(Bro028.w.6,944)"/>
   </dialogueact>
   <dialogueact nite:id="Bro028.A.dialogueact774" starttime="1860.97" endtime="1862.06" type="fh" original-type="fh" channel="c0" participant="me018">
      <nite:child href="Bro028.A.words.xml#id(Bro028.w.6,945)..id(Bro028.disfmarker.327)"/>
   </dialogueact>
   <dialogueact nite:id="Bro028.A.dialogueact775" starttime="1862.38" endtime="1867.63" type="s" original-type="s" channel="c0" participant="me018">
      <nite:child href="Bro028.A.words.xml#id(Bro028.w.6,948)..id(Bro028.w.6,967)"/>
   </dialogueact>
   <dialogueact nite:id="Bro028.A.dialogueact824" starttime="1962.24" endtime="1962.46" type="b" original-type="b" channel="c0" participant="me018">
      <nite:child href="Bro028.A.words.xml#id(Bro028.w.7,332)..id(Bro028.w.7,333)"/>
   </dialogueact>
   <dialogueact nite:id="Bro028.A.dialogueact836" starttime="2014.45" endtime="2014.58" type="b" original-type="b" channel="c0" participant="me018">
      <nite:child href="Bro028.A.words.xml#id(Bro028.w.7,532)..id(Bro028.w.7,533)"/>
   </dialogueact>
   <dialogueact nite:id="Bro028.A.dialogueact840" starttime="2017.73" endtime="2020.41" type="qy^rt" adjacency="15b.16a" original-type="qy^rt" channel="c0" participant="me018">
      <nite:child href="Bro028.A.words.xml#id(Bro028.w.7,551)..id(Bro028.w.7,560)"/>
   </dialogueact>
   <dialogueact nite:id="Bro028.A.dialogueact841" starttime="2022.12" endtime="2022.42" type="qrr.%-" original-type="qrr.%-" channel="c0" participant="me018">
      <nite:child href="Bro028.A.words.xml#id(Bro028.w.7,561)..id(Bro028.w.7,562)"/>
   </dialogueact>
   <dialogueact nite:id="Bro028.A.dialogueact851" starttime="2034.18" endtime="2036.41" type="s^bu" adjacency="18b.19a" original-type="s^bu" channel="c0" participant="me018">
      <nite:child href="Bro028.A.words.xml#id(Bro028.w.7,605)..id(Bro028.w.7,612)"/>
   </dialogueact>
   <dialogueact nite:id="Bro028.A.dialogueact855" starttime="2039.16" endtime="2039.63" type="%-" original-type="%-" channel="c0" participant="me018">
      <nite:child href="Bro028.A.words.xml#id(Bro028.w.7,639)..id(Bro028.disfmarker.374)"/>
   </dialogueact>
   <dialogueact nite:id="Bro028.A.dialogueact859" starttime="2041.13" endtime="2041.33" type="%-" original-type="%-" channel="c0" participant="me018">
      <nite:child href="Bro028.A.words.xml#id(Bro028.w.7,661)..id(Bro028.w.7,662)"/>
   </dialogueact>
   <dialogueact nite:id="Bro028.A.dialogueact861" starttime="2042.4" endtime="2042.62" type="s^bk.%" original-type="s^bk.%" channel="c0" participant="me018">
      <nite:child href="Bro028.A.words.xml#id(Bro028.w.7,663)..id(Bro028.w.7,664)"/>
   </dialogueact>
   <dialogueact nite:id="Bro028.A.dialogueact864" starttime="2047.13" endtime="2047.27" type="s^bk" adjacency="21b" original-type="s^bk" channel="c0" participant="me018">
      <nite:child href="Bro028.A.words.xml#id(Bro028.w.7,665)..id(Bro028.w.7,666)"/>
   </dialogueact>
   <dialogueact nite:id="Bro028.A.dialogueact865" starttime="2047.66" endtime="2055.61" type="qy^bu^d^rt" adjacency="22a" original-type="qy^bu^d^rt" channel="c0" participant="me018">
      <nite:child href="Bro028.A.words.xml#id(Bro028.w.7,667)..id(Bro028.w.7,692)"/>
   </dialogueact>
   <dialogueact nite:id="Bro028.A.dialogueact869" starttime="2057.15" endtime="2057.57" type="s^aa" adjacency="23b" original-type="s^aa" channel="c0" participant="me018">
      <nite:child href="Bro028.A.words.xml#id(Bro028.w.7,706)..id(Bro028.w.7,709)"/>
   </dialogueact>
   <dialogueact nite:id="Bro028.A.dialogueact876" starttime="2073.51" endtime="2074.64" type="%--" original-type="%--" channel="c0" participant="me018">
      <nite:child href="Bro028.A.words.xml#id(Bro028.w.7,776)..id(Bro028.disfmarker.382)"/>
   </dialogueact>
   <dialogueact nite:id="Bro028.A.dialogueact877" starttime="2075.2" endtime="2080.1" type="qy" adjacency="24a" original-type="qy" channel="c0" participant="me018">
      <nite:child href="Bro028.A.words.xml#id(Bro028.w.7,780)..id(Bro028.w.7,794)"/>
   </dialogueact>
   <dialogueact nite:id="Bro028.A.dialogueact878" starttime="2080.1" endtime="2086.68" type="s.%-" adjacency="24a+" original-type="s.%-" channel="c0" participant="me018">
      <nite:child href="Bro028.A.words.xml#id(Bro028.w.7,795)..id(Bro028.w.7,822)"/>
   </dialogueact>
   <dialogueact nite:id="Bro028.A.dialogueact883" starttime="2087.83" endtime="2088.24" type="s^bk" adjacency="25b" original-type="s^bk" channel="c0" participant="me018">
      <nite:child href="Bro028.A.words.xml#id(Bro028.w.7,841)..id(Bro028.w.7,843)"/>
   </dialogueact>
   <dialogueact nite:id="Bro028.A.dialogueact884" starttime="2088.47" endtime="2088.65" type="b" original-type="b" channel="c0" participant="me018">
      <nite:child href="Bro028.A.words.xml#id(Bro028.w.7,844)..id(Bro028.w.7,845)"/>
   </dialogueact>
   <dialogueact nite:id="Bro028.A.dialogueact885" starttime="2089.61" endtime="2089.92" type="b" original-type="b" channel="c0" participant="me018">
      <nite:child href="Bro028.A.words.xml#id(Bro028.w.7,846)..id(Bro028.w.7,847)"/>
   </dialogueact>
   <dialogueact nite:id="Bro028.A.dialogueact888" starttime="2095.71" endtime="2095.88" type="b" original-type="b" channel="c0" participant="me018">
      <nite:child href="Bro028.A.words.xml#id(Bro028.w.7,869)..id(Bro028.w.7,870)"/>
   </dialogueact>
   <dialogueact nite:id="Bro028.A.dialogueact892" starttime="2106.07" endtime="2106.48" type="b" original-type="b" channel="c0" participant="me018">
      <nite:child href="Bro028.A.words.xml#id(Bro028.w.7,931)..id(Bro028.w.7,934)"/>
   </dialogueact>
   <dialogueact nite:id="Bro028.A.dialogueact977" starttime="2412.92" endtime="2413.11" type="b" original-type="b" channel="c0" participant="me018">
      <nite:child href="Bro028.A.words.xml#id(Bro028.w.8,931)..id(Bro028.w.8,932)"/>
   </dialogueact>
   <dialogueact nite:id="Bro028.A.dialogueact978" starttime="2413.18" endtime="2413.41" type="%-" original-type="%-" channel="c0" participant="me018">
      <nite:child href="Bro028.A.words.xml#id(Bro028.w.8,933)"/>
   </dialogueact>
   <dialogueact nite:id="Bro028.A.dialogueact979" starttime="2414.14" endtime="2415.28" type="qw" adjacency="1b.2a" original-type="qw" channel="c0" participant="me018">
      <nite:child href="Bro028.A.words.xml#id(Bro028.w.8,934)..id(Bro028.w.8,941)"/>
   </dialogueact>
   <dialogueact nite:id="Bro028.A.dialogueact994" starttime="2465.15" endtime="2465.3" type="s^bk" adjacency="4b" original-type="s^bk" channel="c0" participant="me018">
      <nite:child href="Bro028.A.words.xml#id(Bro028.w.9,084)..id(Bro028.w.9,085)"/>
   </dialogueact>
   <dialogueact nite:id="Bro028.A.dialogueact996" starttime="2466.49" endtime="2466.85" type="s.%-" original-type="s.%-" channel="c0" participant="me018">
      <nite:child href="Bro028.A.words.xml#id(Bro028.w.9,094)..id(Bro028.disfmarker.432)"/>
   </dialogueact>
   <dialogueact nite:id="Bro028.A.dialogueact998" starttime="2467.09" endtime="2470.04" type="s" adjacency="5a" original-type="s" channel="c0" participant="me018">
      <nite:child href="Bro028.A.words.xml#id(Bro028.w.9,098)..id(Bro028.w.9,112)"/>
   </dialogueact>
   <dialogueact nite:id="Bro028.A.dialogueact1002" starttime="2471.51" endtime="2471.91" type="s^e" original-type="s^e" channel="c0" participant="me018">
      <nite:child href="Bro028.A.words.xml#id(Bro028.w.9,154)..id(Bro028.w.9,155)"/>
   </dialogueact>
   <dialogueact nite:id="Bro028.A.dialogueact1172" starttime="3033.78" endtime="3034.0" type="b" original-type="b" channel="c0" participant="me018">
      <nite:child href="Bro028.A.words.xml#id(Bro028.w.11,247)..id(Bro028.w.11,248)"/>
   </dialogueact>
   <dialogueact nite:id="Bro028.A.dialogueact1202" starttime="3201.05" endtime="3201.34" type="s^bk.%--" adjacency="4b" original-type="s^bk.%--" channel="c0" participant="me018">
      <nite:child href="Bro028.A.words.xml#id(Bro028.w.11,785)..id(Bro028.w.11,787)"/>
   </dialogueact>
   <dialogueact nite:id="Bro028.A.dialogueact1205" starttime="3420.64" endtime="3420.95" type="s^bk^rt" original-type="s^bk^rt" channel="c0" participant="me018">
      <nite:child href="Bro028.A.words.xml#id(Bro028.w.12,367)..id(Bro028.w.12,368)"/>
   </dialogueact>
</nite:root>