<?xml version="1.0" encoding="ISO-8859-1" standalone="yes"?>
<nite:root nite:id="Bro021.D.dialogue-acts" xmlns:nite="http://nite.sourceforge.net/">
   <dialogueact nite:id="Bro021.D.dialogueact6" starttime="28.214" endtime="28.344" type="b" original-type="b" channel="c3" participant="mn052">
      <nite:child href="Bro021.D.words.xml#id(Bro021.w.53)..id(Bro021.w.54)"/>
   </dialogueact>
   <dialogueact nite:id="Bro021.D.dialogueact20" starttime="52.884" endtime="53.394" type="b" original-type="b" channel="c3" participant="mn052">
      <nite:child href="Bro021.D.words.xml#id(Bro021.w.142)..id(Bro021.w.143)"/>
   </dialogueact>
   <dialogueact nite:id="Bro021.D.dialogueact37" starttime="83.212" endtime="83.362" type="b" original-type="b" channel="c3" participant="mn052">
      <nite:child href="Bro021.D.words.xml#id(Bro021.w.255)..id(Bro021.w.256)"/>
   </dialogueact>
   <dialogueact nite:id="Bro021.D.dialogueact164" starttime="451.903" endtime="452.013" type="b" original-type="b" channel="c3" participant="mn052">
      <nite:child href="Bro021.D.words.xml#id(Bro021.w.1,361)..id(Bro021.w.1,362)"/>
   </dialogueact>
   <dialogueact nite:id="Bro021.D.dialogueact374" starttime="1003.0" endtime="1003.5" type="s.%-" original-type="s.%-" channel="c3" participant="mn052">
      <nite:child href="Bro021.D.words.xml#id(Bro021.w.3,042)..id(Bro021.disfmarker.145)"/>
   </dialogueact>
   <dialogueact nite:id="Bro021.D.dialogueact376" starttime="1006.48" endtime="1008.77" type="s^bu|qy^d^g^rt" adjacency="20a" original-type="s^bu|qy^d^g^rt" channel="c3" participant="mn052">
      <nite:child href="Bro021.D.words.xml#id(Bro021.w.3,055)..id(Bro021.w.3,066)"/>
   </dialogueact>
   <dialogueact nite:id="Bro021.D.dialogueact379" starttime="1009.29" endtime="1009.54" type="qy^bh" adjacency="21b" original-type="qy^bh" channel="c3" participant="mn052">
      <nite:child href="Bro021.D.words.xml#id(Bro021.w.3,071)..id(Bro021.w.3,072)"/>
   </dialogueact>
   <dialogueact nite:id="Bro021.D.dialogueact386" starttime="1018.18" endtime="1019.92" type="qw^d" adjacency="22a" original-type="qw^d" channel="c3" participant="mn052">
      <nite:child href="Bro021.D.words.xml#id(Bro021.w.3,119)..id(Bro021.w.3,126)"/>
   </dialogueact>
   <dialogueact nite:id="Bro021.D.dialogueact395" starttime="1025.49" endtime="1025.62" type="b" original-type="b" channel="c3" participant="mn052">
      <nite:child href="Bro021.D.words.xml#id(Bro021.w.3,164)..id(Bro021.w.3,165)"/>
   </dialogueact>
   <dialogueact nite:id="Bro021.D.dialogueact397" starttime="1027.98" endtime="1028.1" type="b" original-type="b" channel="c3" participant="mn052">
      <nite:child href="Bro021.D.words.xml#id(Bro021.w.3,166)..id(Bro021.w.3,167)"/>
   </dialogueact>
   <dialogueact nite:id="Bro021.D.dialogueact401" starttime="1033.04" endtime="1039.25" type="fg|s^bu" adjacency="24a" original-type="fg|s^bu" channel="c3" participant="mn052">
      <nite:child href="Bro021.D.words.xml#id(Bro021.w.3,193)..id(Bro021.w.3,220)"/>
   </dialogueact>
   <dialogueact nite:id="Bro021.D.dialogueact405" starttime="1040.44" endtime="1040.67" type="s^aa" original-type="s^aa" channel="c3" participant="mn052">
      <nite:child href="Bro021.D.words.xml#id(Bro021.w.3,225)..id(Bro021.w.3,226)"/>
   </dialogueact>
   <dialogueact nite:id="Bro021.D.dialogueact406" starttime="1040.85" endtime="1041.71" type="s^aa^r" original-type="s^aa^r" channel="c3" participant="mn052">
      <nite:child href="Bro021.D.words.xml#id(Bro021.w.3,227)..id(Bro021.w.3,229)"/>
   </dialogueact>
   <dialogueact nite:id="Bro021.D.dialogueact407" starttime="1041.71" endtime="1042.67" type="s^aa^r" original-type="s^aa^r" channel="c3" participant="mn052">
      <nite:child href="Bro021.D.words.xml#id(Bro021.w.3,230)..id(Bro021.w.3,232)"/>
   </dialogueact>
   <dialogueact nite:id="Bro021.D.dialogueact409" starttime="1046.11" endtime="1046.54" type="b" original-type="b" channel="c3" participant="mn052">
      <nite:child href="Bro021.D.words.xml#id(Bro021.w.3,247)..id(Bro021.w.3,250)"/>
   </dialogueact>
   <dialogueact nite:id="Bro021.D.dialogueact411" starttime="1046.54" endtime="1046.98" type="fg" original-type="fg" channel="c3" participant="mn052">
      <nite:child href="Bro021.D.words.xml#id(Bro021.w.3,251)..id(Bro021.disfmarker.166)"/>
   </dialogueact>
   <dialogueact nite:id="Bro021.D.dialogueact413" starttime="1052.2" endtime="1052.46" type="b" original-type="b" channel="c3" participant="mn052">
      <nite:child href="Bro021.D.words.xml#id(Bro021.w.3,281)..id(Bro021.w.3,282)"/>
   </dialogueact>
   <dialogueact nite:id="Bro021.D.dialogueact414" starttime="1052.82" endtime="1053.01" type="b" original-type="b" channel="c3" participant="mn052">
      <nite:child href="Bro021.D.words.xml#id(Bro021.w.3,283)..id(Bro021.w.3,284)"/>
   </dialogueact>
   <dialogueact nite:id="Bro021.D.dialogueact416" starttime="1053.59" endtime="1053.77" type="b" original-type="b" channel="c3" participant="mn052">
      <nite:child href="Bro021.D.words.xml#id(Bro021.w.3,285)..id(Bro021.w.3,286)"/>
   </dialogueact>
   <dialogueact nite:id="Bro021.D.dialogueact417" starttime="1054.73" endtime="1058.99" type="s" original-type="s" channel="c3" participant="mn052">
      <nite:child href="Bro021.D.words.xml#id(Bro021.w.3,287)..id(Bro021.w.3,302)"/>
   </dialogueact>
   <dialogueact nite:id="Bro021.D.dialogueact418" starttime="1058.99" endtime="1059.45" type="s^e" original-type="s^e" channel="c3" participant="mn052">
      <nite:child href="Bro021.D.words.xml#id(Bro021.w.3,303)..id(Bro021.w.3,305)"/>
   </dialogueact>
   <dialogueact nite:id="Bro021.D.dialogueact421" starttime="1059.78" endtime="1059.96" type="fh" original-type="fh" channel="c3" participant="mn052">
      <nite:child href="Bro021.D.words.xml#id(Bro021.w.3,306)..id(Bro021.w.3,307)"/>
   </dialogueact>
   <dialogueact nite:id="Bro021.D.dialogueact422" starttime="1061.82" endtime="1064.75" type="fh|s.%--" original-type="fh|s.%--" channel="c3" participant="mn052">
      <nite:child href="Bro021.D.words.xml#id(Bro021.w.3,314)..id(Bro021.disfmarker.172)"/>
   </dialogueact>
   <dialogueact nite:id="Bro021.D.dialogueact423" starttime="1066.38" endtime="1066.91" type="fh" original-type="fh" channel="c3" participant="mn052">
      <nite:child href="Bro021.D.words.xml#id(Bro021.w.3,322)..id(Bro021.w.3,323)"/>
   </dialogueact>
   <dialogueact nite:id="Bro021.D.dialogueact424" starttime="1067.28" endtime="1067.57" type="fh" original-type="fh" channel="c3" participant="mn052">
      <nite:child href="Bro021.D.words.xml#id(Bro021.w.3,324)..id(Bro021.w.3,325)"/>
   </dialogueact>
   <dialogueact nite:id="Bro021.D.dialogueact425" starttime="1068.86" endtime="1069.23" type="%--" original-type="%--" channel="c3" participant="mn052">
      <nite:child href="Bro021.D.words.xml#id(Bro021.w.3,326)..id(Bro021.disfmarker.173)"/>
   </dialogueact>
   <dialogueact nite:id="Bro021.D.dialogueact426" starttime="1070.42" endtime="1070.7" type="fh" original-type="fh" channel="c3" participant="mn052">
      <nite:child href="Bro021.D.words.xml#id(Bro021.w.3,327)..id(Bro021.disfmarker.174)"/>
   </dialogueact>
   <dialogueact nite:id="Bro021.D.dialogueact431" starttime="1081.34" endtime="1084.16" type="fh|s^cs.%--" original-type="fh|s^cs.%--" channel="c3" participant="mn052">
      <nite:child href="Bro021.D.words.xml#id(Bro021.w.3,366)..id(Bro021.w.3,378)"/>
   </dialogueact>
   <dialogueact nite:id="Bro021.D.dialogueact432" starttime="1085.01" endtime="1092.13" type="fh|s^cc" original-type="fh|s^cc" channel="c3" participant="mn052">
      <nite:child href="Bro021.D.words.xml#id(Bro021.w.3,379)..id(Bro021.w.3,407)"/>
   </dialogueact>
   <dialogueact nite:id="Bro021.D.dialogueact435" starttime="1092.74" endtime="1094.94" type="s^df" original-type="s^df" channel="c3" participant="mn052">
      <nite:child href="Bro021.D.words.xml#id(Bro021.w.3,416)..id(Bro021.w.3,422)"/>
   </dialogueact>
   <dialogueact nite:id="Bro021.D.dialogueact436" starttime="1094.94" endtime="1099.77" type="s^df" original-type="s^df" channel="c3" participant="mn052">
      <nite:child href="Bro021.D.words.xml#id(Bro021.w.3,423)..id(Bro021.w.3,439)"/>
   </dialogueact>
   <dialogueact nite:id="Bro021.D.dialogueact438" starttime="1099.77" endtime="1101.09" type="s" original-type="s" channel="c3" participant="mn052">
      <nite:child href="Bro021.D.words.xml#id(Bro021.w.3,440)..id(Bro021.w.3,448)"/>
   </dialogueact>
   <dialogueact nite:id="Bro021.D.dialogueact441" starttime="1102.53" endtime="1102.73" type="s^fa" original-type="s^fa" channel="c3" participant="mn052">
      <nite:child href="Bro021.D.words.xml#id(Bro021.w.3,467)..id(Bro021.w.3,468)"/>
   </dialogueact>
   <dialogueact nite:id="Bro021.D.dialogueact442" starttime="1102.73" endtime="1103.04" type="s^bsc" original-type="s^bsc" channel="c3" participant="mn052">
      <nite:child href="Bro021.D.words.xml#id(Bro021.w.3,469)..id(Bro021.w.3,470)"/>
   </dialogueact>
   <dialogueact nite:id="Bro021.D.dialogueact443" starttime="1104.08" endtime="1105.68" type="s^bk|s^m" adjacency="25b" original-type="s^bk|s^m" channel="c3" participant="mn052">
      <nite:child href="Bro021.D.words.xml#id(Bro021.w.3,471)..id(Bro021.w.3,480)"/>
   </dialogueact>
   <dialogueact nite:id="Bro021.D.dialogueact445" starttime="1107.97" endtime="1109.82" type="s" adjacency="25b+" original-type="s" channel="c3" participant="mn052">
      <nite:child href="Bro021.D.words.xml#id(Bro021.w.3,483)..id(Bro021.w.3,492)"/>
   </dialogueact>
   <dialogueact nite:id="Bro021.D.dialogueact447" starttime="1109.82" endtime="1113.7" type="s" adjacency="25b++" original-type="s" channel="c3" participant="mn052">
      <nite:child href="Bro021.D.words.xml#id(Bro021.w.3,493)..id(Bro021.w.3,508)"/>
   </dialogueact>
   <dialogueact nite:id="Bro021.D.dialogueact448" starttime="1113.9" endtime="1119.45" type="s^df" adjacency="25b+++" original-type="s^df" channel="c3" participant="mn052">
      <nite:child href="Bro021.D.words.xml#id(Bro021.w.3,513)..id(Bro021.w.3,534)"/>
   </dialogueact>
   <dialogueact nite:id="Bro021.D.dialogueact450" starttime="1120.05" endtime="1120.24" type="fh" original-type="fh" channel="c3" participant="mn052">
      <nite:child href="Bro021.D.words.xml#id(Bro021.w.3,539)..id(Bro021.w.3,541)"/>
   </dialogueact>
   <dialogueact nite:id="Bro021.D.dialogueact451" starttime="1120.32" endtime="1125.47" type="s^df" adjacency="25b++++" original-type="s^df" channel="c3" participant="mn052">
      <nite:child href="Bro021.D.words.xml#id(Bro021.w.3,542)..id(Bro021.w.3,562)"/>
   </dialogueact>
   <dialogueact nite:id="Bro021.D.dialogueact453" starttime="1126.58" endtime="1127.48" type="s.%--" adjacency="25b+++++" original-type="s.%--" channel="c3" participant="mn052">
      <nite:child href="Bro021.D.words.xml#id(Bro021.w.3,567)..id(Bro021.disfmarker.182)"/>
   </dialogueact>
   <dialogueact nite:id="Bro021.D.dialogueact454" starttime="1127.71" endtime="1132.84" type="s" adjacency="25b++++++" original-type="s" channel="c3" participant="mn052">
      <nite:child href="Bro021.D.words.xml#id(Bro021.w.3,570)..id(Bro021.disfmarker.183)"/>
   </dialogueact>
   <dialogueact nite:id="Bro021.D.dialogueact455" starttime="1133.45" endtime="1135.1" type="s^df" adjacency="25b+++++++" original-type="s^df" channel="c3" participant="mn052">
      <nite:child href="Bro021.D.words.xml#id(Bro021.w.3,585)..id(Bro021.w.3,595)"/>
   </dialogueact>
   <dialogueact nite:id="Bro021.D.dialogueact457" starttime="1136.33" endtime="1143.65" type="fh|s^cs" original-type="fh|s^cs" channel="c3" participant="mn052">
      <nite:child href="Bro021.D.words.xml#id(Bro021.w.3,600)..id(Bro021.w.3,635)"/>
   </dialogueact>
   <dialogueact nite:id="Bro021.D.dialogueact459" starttime="1145.91" endtime="1146.56" type="s^cs" original-type="s^cs" channel="c3" participant="mn052">
      <nite:child href="Bro021.D.words.xml#id(Bro021.w.3,640)..id(Bro021.w.3,644)"/>
   </dialogueact>
   <dialogueact nite:id="Bro021.D.dialogueact461" starttime="1151.05" endtime="1151.71" type="fh" original-type="fh" channel="c3" participant="mn052">
      <nite:child href="Bro021.D.words.xml#id(Bro021.w.3,647)..id(Bro021.w.3,648)"/>
   </dialogueact>
   <dialogueact nite:id="Bro021.D.dialogueact498" starttime="1280.26" endtime="1280.64" type="b" original-type="b" channel="c3" participant="mn052">
      <nite:child href="Bro021.D.words.xml#id(Bro021.w.4,051)..id(Bro021.w.4,054)"/>
   </dialogueact>
   <dialogueact nite:id="Bro021.D.dialogueact609" starttime="1549.51" endtime="1549.9" type="b" original-type="b" channel="c3" participant="mn052">
      <nite:child href="Bro021.D.words.xml#id(Bro021.w.5,057)..id(Bro021.w.5,060)"/>
   </dialogueact>
   <dialogueact nite:id="Bro021.D.dialogueact668" starttime="1681.96" endtime="1687.93" type="h|s" adjacency="16b" original-type="h|s" channel="c3" participant="mn052">
      <nite:child href="Bro021.D.words.xml#id(Bro021.w.5,541)..id(Bro021.w.5,562)"/>
   </dialogueact>
   <dialogueact nite:id="Bro021.D.dialogueact669" starttime="1688.51" endtime="1689.84" type="fh" original-type="fh" channel="c3" participant="mn052">
      <nite:child href="Bro021.D.words.xml#id(Bro021.w.5,563)..id(Bro021.w.5,566)"/>
   </dialogueact>
   <dialogueact nite:id="Bro021.D.dialogueact670" starttime="1690.81" endtime="1695.11" type="s" original-type="s" channel="c3" participant="mn052">
      <nite:child href="Bro021.D.words.xml#id(Bro021.w.5,567)..id(Bro021.w.5,582)"/>
   </dialogueact>
   <dialogueact nite:id="Bro021.D.dialogueact671" starttime="1695.19" endtime="1697.48" type="s" original-type="s" channel="c3" participant="mn052">
      <nite:child href="Bro021.D.words.xml#id(Bro021.w.5,583)..id(Bro021.w.5,596)"/>
   </dialogueact>
   <dialogueact nite:id="Bro021.D.dialogueact672" starttime="1697.48" endtime="1700.03" type="s" original-type="s" channel="c3" participant="mn052">
      <nite:child href="Bro021.D.words.xml#id(Bro021.w.5,597)..id(Bro021.w.5,606)"/>
   </dialogueact>
   <dialogueact nite:id="Bro021.D.dialogueact673" starttime="1700.03" endtime="1703.01" type="s" original-type="s" channel="c3" participant="mn052">
      <nite:child href="Bro021.D.words.xml#id(Bro021.w.5,607)..id(Bro021.w.5,619)"/>
   </dialogueact>
   <dialogueact nite:id="Bro021.D.dialogueact674" starttime="1703.48" endtime="1703.86" type="s.%--" original-type="s.%--" channel="c3" participant="mn052">
      <nite:child href="Bro021.D.words.xml#id(Bro021.w.5,620)..id(Bro021.disfmarker.275)"/>
   </dialogueact>
   <dialogueact nite:id="Bro021.D.dialogueact675" starttime="1704.21" endtime="1706.79" type="s" original-type="s" channel="c3" participant="mn052">
      <nite:child href="Bro021.D.words.xml#id(Bro021.w.5,622)..id(Bro021.w.5,635)"/>
   </dialogueact>
   <dialogueact nite:id="Bro021.D.dialogueact676" starttime="1706.79" endtime="1709.06" type="s" original-type="s" channel="c3" participant="mn052">
      <nite:child href="Bro021.D.words.xml#id(Bro021.w.5,636)..id(Bro021.disfmarker.276)"/>
   </dialogueact>
   <dialogueact nite:id="Bro021.D.dialogueact677" starttime="1709.32" endtime="1711.67" type="s^df" original-type="s^df" channel="c3" participant="mn052">
      <nite:child href="Bro021.D.words.xml#id(Bro021.w.5,648)..id(Bro021.w.5,656)"/>
   </dialogueact>
   <dialogueact nite:id="Bro021.D.dialogueact678" starttime="1711.67" endtime="1712.22" type="s^fe" original-type="s^fe" channel="c3" participant="mn052">
      <nite:child href="Bro021.D.words.xml#id(Bro021.w.5,657)..id(Bro021.w.5,660)"/>
   </dialogueact>
   <dialogueact nite:id="Bro021.D.dialogueact679" starttime="1712.72" endtime="1716.05" type="s" original-type="s" channel="c3" participant="mn052">
      <nite:child href="Bro021.D.words.xml#id(Bro021.w.5,661)..id(Bro021.w.5,678)"/>
   </dialogueact>
   <dialogueact nite:id="Bro021.D.dialogueact680" starttime="1716.05" endtime="1717.91" type="s" original-type="s" channel="c3" participant="mn052">
      <nite:child href="Bro021.D.words.xml#id(Bro021.w.5,679)..id(Bro021.w.5,687)"/>
   </dialogueact>
   <dialogueact nite:id="Bro021.D.dialogueact681" starttime="1718.32" endtime="1720.42" type="s" original-type="s" channel="c3" participant="mn052">
      <nite:child href="Bro021.D.words.xml#id(Bro021.w.5,688)..id(Bro021.w.5,700)"/>
   </dialogueact>
   <dialogueact nite:id="Bro021.D.dialogueact682" starttime="1720.48" endtime="1721.12" type="s^e.%-" original-type="s^e.%-" channel="c3" participant="mn052">
      <nite:child href="Bro021.D.words.xml#id(Bro021.w.5,701)..id(Bro021.disfmarker.282)"/>
   </dialogueact>
   <dialogueact nite:id="Bro021.D.dialogueact688" starttime="1724.52" endtime="1724.86" type="s.%-" original-type="s.%-" channel="c3" participant="mn052">
      <nite:child href="Bro021.D.words.xml#id(Bro021.w.5,743)..id(Bro021.disfmarker.288)"/>
   </dialogueact>
   <dialogueact nite:id="Bro021.D.dialogueact690" starttime="1726.45" endtime="1726.7" type="s^bk" adjacency="17b" original-type="s^bk" channel="c3" participant="mn052">
      <nite:child href="Bro021.D.words.xml#id(Bro021.w.5,747)..id(Bro021.w.5,750)"/>
   </dialogueact>
   <dialogueact nite:id="Bro021.D.dialogueact691" starttime="1726.69" endtime="1731.8" type="s" adjacency="17b+.18a" original-type="s" channel="c3" participant="mn052">
      <nite:child href="Bro021.D.words.xml#id(Bro021.w.5,751)..id(Bro021.w.5,769)"/>
   </dialogueact>
   <dialogueact nite:id="Bro021.D.dialogueact694" starttime="1731.8" endtime="1734.55" type="s" adjacency="17b++" original-type="s" channel="c3" participant="mn052">
      <nite:child href="Bro021.D.words.xml#id(Bro021.w.5,770)..id(Bro021.w.5,782)"/>
   </dialogueact>
   <dialogueact nite:id="Bro021.D.dialogueact695" starttime="1734.55" endtime="1735.43" type="s" adjacency="17b+++" original-type="s" channel="c3" participant="mn052">
      <nite:child href="Bro021.D.words.xml#id(Bro021.w.5,783)..id(Bro021.w.5,788)"/>
   </dialogueact>
   <dialogueact nite:id="Bro021.D.dialogueact696" starttime="1736.25" endtime="1737.63" type="s" original-type="s" channel="c3" participant="mn052">
      <nite:child href="Bro021.D.words.xml#id(Bro021.w.5,798)..id(Bro021.w.5,804)"/>
   </dialogueact>
   <dialogueact nite:id="Bro021.D.dialogueact697" starttime="1737.63" endtime="1739.59" type="s" original-type="s" channel="c3" participant="mn052">
      <nite:child href="Bro021.D.words.xml#id(Bro021.w.5,805)..id(Bro021.w.5,818)"/>
   </dialogueact>
   <dialogueact nite:id="Bro021.D.dialogueact698" starttime="1739.59" endtime="1740.7" type="s" original-type="s" channel="c3" participant="mn052">
      <nite:child href="Bro021.D.words.xml#id(Bro021.w.5,819)..id(Bro021.w.5,825)"/>
   </dialogueact>
   <dialogueact nite:id="Bro021.D.dialogueact699" starttime="1740.7" endtime="1742.68" type="s" original-type="s" channel="c3" participant="mn052">
      <nite:child href="Bro021.D.words.xml#id(Bro021.w.5,826)..id(Bro021.w.5,837)"/>
   </dialogueact>
   <dialogueact nite:id="Bro021.D.dialogueact700" starttime="1743.25" endtime="1743.58" type="fh" original-type="fh" channel="c3" participant="mn052">
      <nite:child href="Bro021.D.words.xml#id(Bro021.w.5,838)..id(Bro021.w.5,839)"/>
   </dialogueact>
   <dialogueact nite:id="Bro021.D.dialogueact702" starttime="1743.93" endtime="1744.62" type="s.%--" original-type="s.%--" channel="c3" participant="mn052">
      <nite:child href="Bro021.D.words.xml#id(Bro021.w.5,842)..id(Bro021.w.5,846)"/>
   </dialogueact>
   <dialogueact nite:id="Bro021.D.dialogueact703" starttime="1744.62" endtime="1745.74" type="s" original-type="s" channel="c3" participant="mn052">
      <nite:child href="Bro021.D.words.xml#id(Bro021.w.5,847)..id(Bro021.w.5,855)"/>
   </dialogueact>
   <dialogueact nite:id="Bro021.D.dialogueact704" starttime="1745.74" endtime="1748.77" type="s" original-type="s" channel="c3" participant="mn052">
      <nite:child href="Bro021.D.words.xml#id(Bro021.w.5,856)..id(Bro021.w.5,871)"/>
   </dialogueact>
   <dialogueact nite:id="Bro021.D.dialogueact705" starttime="1749.2" endtime="1749.43" type="fh" original-type="fh" channel="c3" participant="mn052">
      <nite:child href="Bro021.D.words.xml#id(Bro021.w.5,872)..id(Bro021.w.5,873)"/>
   </dialogueact>
   <dialogueact nite:id="Bro021.D.dialogueact706" starttime="1749.59" endtime="1752.59" type="s" original-type="s" channel="c3" participant="mn052">
      <nite:child href="Bro021.D.words.xml#id(Bro021.w.5,874)..id(Bro021.w.5,888)"/>
   </dialogueact>
   <dialogueact nite:id="Bro021.D.dialogueact708" starttime="1752.59" endtime="1754.17" type="s" original-type="s" channel="c3" participant="mn052">
      <nite:child href="Bro021.D.words.xml#id(Bro021.w.5,889)..id(Bro021.disfmarker.296)"/>
   </dialogueact>
   <dialogueact nite:id="Bro021.D.dialogueact710" starttime="1754.17" endtime="1754.88" type="s^e" original-type="s^e" channel="c3" participant="mn052">
      <nite:child href="Bro021.D.words.xml#id(Bro021.w.5,898)..id(Bro021.w.5,901)"/>
   </dialogueact>
   <dialogueact nite:id="Bro021.D.dialogueact711" starttime="1755.49" endtime="1759.19" type="fh|s^tc.%--" original-type="fh|s^tc.%--" channel="c3" participant="mn052">
      <nite:child href="Bro021.D.words.xml#id(Bro021.w.5,908)..id(Bro021.disfmarker.297)"/>
   </dialogueact>
   <dialogueact nite:id="Bro021.D.dialogueact712" starttime="1759.68" endtime="1762.46" type="s" original-type="s" channel="c3" participant="mn052">
      <nite:child href="Bro021.D.words.xml#id(Bro021.w.5,923)..id(Bro021.w.5,932)"/>
   </dialogueact>
   <dialogueact nite:id="Bro021.D.dialogueact713" starttime="1762.45" endtime="1763.6" type="s.%--" adjacency="19a" original-type="s.%--" channel="c3" participant="mn052">
      <nite:child href="Bro021.D.words.xml#id(Bro021.w.5,933)..id(Bro021.w.5,939)"/>
   </dialogueact>
   <dialogueact nite:id="Bro021.D.dialogueact718" starttime="1767.89" endtime="1768.15" type="fg" original-type="fg" channel="c3" participant="mn052">
      <nite:child href="Bro021.D.words.xml#id(Bro021.w.5,954)..id(Bro021.w.5,957)"/>
   </dialogueact>
   <dialogueact nite:id="Bro021.D.dialogueact719" starttime="1768.15" endtime="1774.27" type="s" original-type="s" channel="c3" participant="mn052">
      <nite:child href="Bro021.D.words.xml#id(Bro021.w.5,958)..id(Bro021.w.5,982)"/>
   </dialogueact>
   <dialogueact nite:id="Bro021.D.dialogueact720" starttime="1774.27" endtime="1774.98" type="s" original-type="s" channel="c3" participant="mn052">
      <nite:child href="Bro021.D.words.xml#id(Bro021.w.5,983)..id(Bro021.w.5,987)"/>
   </dialogueact>
   <dialogueact nite:id="Bro021.D.dialogueact721" starttime="1774.98" endtime="1775.65" type="s" original-type="s" channel="c3" participant="mn052">
      <nite:child href="Bro021.D.words.xml#id(Bro021.w.5,988)..id(Bro021.w.5,993)"/>
   </dialogueact>
   <dialogueact nite:id="Bro021.D.dialogueact722" starttime="1775.65" endtime="1777.3" type="s" original-type="s" channel="c3" participant="mn052">
      <nite:child href="Bro021.D.words.xml#id(Bro021.w.5,994)..id(Bro021.disfmarker.301)"/>
   </dialogueact>
   <dialogueact nite:id="Bro021.D.dialogueact723" starttime="1777.3" endtime="1780.0" type="s^e" original-type="s^e" channel="c3" participant="mn052">
      <nite:child href="Bro021.D.words.xml#id(Bro021.w.6,004)..id(Bro021.w.6,014)"/>
   </dialogueact>
   <dialogueact nite:id="Bro021.D.dialogueact724" starttime="1780.0" endtime="1782.22" type="s" original-type="s" channel="c3" participant="mn052">
      <nite:child href="Bro021.D.words.xml#id(Bro021.w.6,015)..id(Bro021.w.6,023)"/>
   </dialogueact>
   <dialogueact nite:id="Bro021.D.dialogueact725" starttime="1782.22" endtime="1783.13" type="fh" original-type="fh" channel="c3" participant="mn052">
      <nite:child href="Bro021.D.words.xml#id(Bro021.w.6,024)..id(Bro021.disfmarker.302)"/>
   </dialogueact>
   <dialogueact nite:id="Bro021.D.dialogueact726" starttime="1783.41" endtime="1788.18" type="s" original-type="s" channel="c3" participant="mn052">
      <nite:child href="Bro021.D.words.xml#id(Bro021.w.6,028)..id(Bro021.w.6,050)"/>
   </dialogueact>
   <dialogueact nite:id="Bro021.D.dialogueact727" starttime="1788.26" endtime="1791.11" type="s^df" original-type="s^df" channel="c3" participant="mn052">
      <nite:child href="Bro021.D.words.xml#id(Bro021.w.6,051)..id(Bro021.w.6,060)"/>
   </dialogueact>
   <dialogueact nite:id="Bro021.D.dialogueact728" starttime="1791.11" endtime="1796.15" type="s^e" original-type="s^e" channel="c3" participant="mn052">
      <nite:child href="Bro021.D.words.xml#id(Bro021.w.6,061)..id(Bro021.w.6,079)"/>
   </dialogueact>
   <dialogueact nite:id="Bro021.D.dialogueact729" starttime="1796.44" endtime="1802.17" type="s" original-type="s" channel="c3" participant="mn052">
      <nite:child href="Bro021.D.words.xml#id(Bro021.w.6,080)..id(Bro021.w.6,102)"/>
   </dialogueact>
   <dialogueact nite:id="Bro021.D.dialogueact731" starttime="1802.17" endtime="1804.22" type="s" original-type="s" channel="c3" participant="mn052">
      <nite:child href="Bro021.D.words.xml#id(Bro021.w.6,103)..id(Bro021.w.6,112)"/>
   </dialogueact>
   <dialogueact nite:id="Bro021.D.dialogueact732" starttime="1804.79" endtime="1806.84" type="s^e" original-type="s^e" channel="c3" participant="mn052">
      <nite:child href="Bro021.D.words.xml#id(Bro021.w.6,117)..id(Bro021.w.6,125)"/>
   </dialogueact>
   <dialogueact nite:id="Bro021.D.dialogueact733" starttime="1807.19" endtime="1810.53" type="s^e" original-type="s^e" channel="c3" participant="mn052">
      <nite:child href="Bro021.D.words.xml#id(Bro021.w.6,126)..id(Bro021.disfmarker.306)"/>
   </dialogueact>
   <dialogueact nite:id="Bro021.D.dialogueact735" starttime="1811.6" endtime="1811.74" type="fh" original-type="fh" channel="c3" participant="mn052">
      <nite:child href="Bro021.D.words.xml#id(Bro021.w.6,145)..id(Bro021.disfmarker.307)"/>
   </dialogueact>
   <dialogueact nite:id="Bro021.D.dialogueact736" starttime="1812.54" endtime="1813.49" type="fh" original-type="fh" channel="c3" participant="mn052">
      <nite:child href="Bro021.D.words.xml#id(Bro021.w.6,148)..id(Bro021.w.6,154)"/>
   </dialogueact>
   <dialogueact nite:id="Bro021.D.dialogueact737" starttime="1813.49" endtime="1813.98" type="s.%--" original-type="s.%--" channel="c3" participant="mn052">
      <nite:child href="Bro021.D.words.xml#id(Bro021.w.6,155)..id(Bro021.w.6,157)"/>
   </dialogueact>
   <dialogueact nite:id="Bro021.D.dialogueact738" starttime="1813.98" endtime="1815.15" type="s.%--" original-type="s.%--" channel="c3" participant="mn052">
      <nite:child href="Bro021.D.words.xml#id(Bro021.w.6,158)..id(Bro021.disfmarker.310)"/>
   </dialogueact>
   <dialogueact nite:id="Bro021.D.dialogueact739" starttime="1815.35" endtime="1820.24" type="s" original-type="s" channel="c3" participant="mn052">
      <nite:child href="Bro021.D.words.xml#id(Bro021.w.6,166)..id(Bro021.w.6,194)"/>
   </dialogueact>
   <dialogueact nite:id="Bro021.D.dialogueact740" starttime="1820.77" endtime="1821.22" type="fh" original-type="fh" channel="c3" participant="mn052">
      <nite:child href="Bro021.D.words.xml#id(Bro021.w.6,195)"/>
   </dialogueact>
   <dialogueact nite:id="Bro021.D.dialogueact741" starttime="1821.92" endtime="1825.6" type="s^tc" original-type="s^tc" channel="c3" participant="mn052">
      <nite:child href="Bro021.D.words.xml#id(Bro021.w.6,196)..id(Bro021.w.6,205)"/>
   </dialogueact>
   <dialogueact nite:id="Bro021.D.dialogueact742" starttime="1826.19" endtime="1827.12" type="fh" original-type="fh" channel="c3" participant="mn052">
      <nite:child href="Bro021.D.words.xml#id(Bro021.w.6,206)..id(Bro021.w.6,209)"/>
   </dialogueact>
   <dialogueact nite:id="Bro021.D.dialogueact743" starttime="1828.29" endtime="1836.33" type="s" original-type="s" channel="c3" participant="mn052">
      <nite:child href="Bro021.D.words.xml#id(Bro021.w.6,210)..id(Bro021.w.6,231)"/>
   </dialogueact>
   <dialogueact nite:id="Bro021.D.dialogueact744" starttime="1836.33" endtime="1843.19" type="s" original-type="s" channel="c3" participant="mn052">
      <nite:child href="Bro021.D.words.xml#id(Bro021.w.6,232)..id(Bro021.w.6,253)"/>
   </dialogueact>
   <dialogueact nite:id="Bro021.D.dialogueact745" starttime="1843.19" endtime="1845.43" type="s" original-type="s" channel="c3" participant="mn052">
      <nite:child href="Bro021.D.words.xml#id(Bro021.w.6,254)..id(Bro021.w.6,268)"/>
   </dialogueact>
   <dialogueact nite:id="Bro021.D.dialogueact746" starttime="1846.76" endtime="1848.69" type="fh" original-type="fh" channel="c3" participant="mn052">
      <nite:child href="Bro021.D.words.xml#id(Bro021.w.6,269)..id(Bro021.w.6,272)"/>
   </dialogueact>
   <dialogueact nite:id="Bro021.D.dialogueact747" starttime="1850.52" endtime="1851.25" type="fh" original-type="fh" channel="c3" participant="mn052">
      <nite:child href="Bro021.D.words.xml#id(Bro021.w.6,273)..id(Bro021.w.6,275)"/>
   </dialogueact>
   <dialogueact nite:id="Bro021.D.dialogueact748" starttime="1854.27" endtime="1856.6" type="s" original-type="s" channel="c3" participant="mn052">
      <nite:child href="Bro021.D.words.xml#id(Bro021.w.6,276)..id(Bro021.w.6,285)"/>
   </dialogueact>
   <dialogueact nite:id="Bro021.D.dialogueact749" starttime="1856.6" endtime="1858.98" type="s" original-type="s" channel="c3" participant="mn052">
      <nite:child href="Bro021.D.words.xml#id(Bro021.w.6,286)..id(Bro021.w.6,299)"/>
   </dialogueact>
   <dialogueact nite:id="Bro021.D.dialogueact750" starttime="1859.71" endtime="1860.05" type="fh" original-type="fh" channel="c3" participant="mn052">
      <nite:child href="Bro021.D.words.xml#id(Bro021.w.6,300)..id(Bro021.w.6,301)"/>
   </dialogueact>
   <dialogueact nite:id="Bro021.D.dialogueact759" starttime="1878.4" endtime="1878.77" type="%-" original-type="%-" channel="c3" participant="mn052">
      <nite:child href="Bro021.D.words.xml#id(Bro021.w.6,358)..id(Bro021.disfmarker.319)"/>
   </dialogueact>
   <dialogueact nite:id="Bro021.D.dialogueact805" starttime="1975.58" endtime="1975.96" type="b" original-type="b" channel="c3" participant="mn052">
      <nite:child href="Bro021.D.words.xml#id(Bro021.w.6,681)..id(Bro021.w.6,682)"/>
   </dialogueact>
   <dialogueact nite:id="Bro021.D.dialogueact824" starttime="2028.68" endtime="2029.03" type="b" original-type="b" channel="c3" participant="mn052">
      <nite:child href="Bro021.D.words.xml#id(Bro021.w.6,889)..id(Bro021.w.6,890)"/>
   </dialogueact>
   <dialogueact nite:id="Bro021.D.dialogueact904" starttime="2216.69" endtime="2218.4" type="s" original-type="s" channel="c3" participant="mn052">
      <nite:child href="Bro021.D.words.xml#id(Bro021.w.7,415)..id(Bro021.w.7,421)"/>
   </dialogueact>
   <dialogueact nite:id="Bro021.D.dialogueact917" starttime="2238.76" endtime="2240.14" type="s^t1" original-type="s^t1" channel="c3" participant="mn052">
      <nite:child href="Bro021.D.words.xml#id(Bro021.w.7,486)..id(Bro021.w.7,491)"/>
   </dialogueact>
   <dialogueact nite:id="Bro021.D.dialogueact924" starttime="2248.32" endtime="2248.91" type="%" original-type="%" channel="c3" participant="mn052">
      <nite:child href="Bro021.D.words.xml#id(Bro021.w.7,524)..id(Bro021.disfmarker.393)"/>
   </dialogueact>
   <dialogueact nite:id="Bro021.D.dialogueact927" starttime="2262.01" endtime="2263.09" type="s^t1.%--" original-type="s^t1.%--" channel="c3" participant="mn052">
      <nite:child href="Bro021.D.words.xml#id(Bro021.w.7,553)..id(Bro021.disfmarker.394)"/>
   </dialogueact>
   <dialogueact nite:id="Bro021.D.dialogueact930" starttime="2282.91" endtime="2283.52" type="b" original-type="b" channel="c3" participant="mn052">
      <nite:child href="Bro021.D.words.xml#id(Bro021.w.7,574)..id(Bro021.w.7,577)"/>
   </dialogueact>
   <dialogueact nite:id="Bro021.D.dialogueact932" starttime="2286.1" endtime="2286.43" type="s^ar" adjacency="32b-2" original-type="s^ar" channel="c3" participant="mn052">
      <nite:child href="Bro021.D.words.xml#id(Bro021.w.7,580)..id(Bro021.w.7,581)"/>
   </dialogueact>
   <dialogueact nite:id="Bro021.D.dialogueact934" starttime="2289.77" endtime="2291.22" type="s.%--" original-type="s.%--" channel="c3" participant="mn052">
      <nite:child href="Bro021.D.words.xml#id(Bro021.w.7,586)..id(Bro021.disfmarker.396)"/>
   </dialogueact>
   <dialogueact nite:id="Bro021.D.dialogueact935" starttime="2292.2" endtime="2292.84" type="s.%-" original-type="s.%-" channel="c3" participant="mn052">
      <nite:child href="Bro021.D.words.xml#id(Bro021.w.7,611)..id(Bro021.w.7,613)"/>
   </dialogueact>
   <dialogueact nite:id="Bro021.D.dialogueact955" starttime="2330.21" endtime="2331.1" type="qw.%--" original-type="qw.%--" channel="c3" participant="mn052">
      <nite:child href="Bro021.D.words.xml#id(Bro021.w.7,704)..id(Bro021.w.7,708)"/>
   </dialogueact>
   <dialogueact nite:id="Bro021.D.dialogueact966" starttime="2350.93" endtime="2351.52" type="s^2" adjacency="36b" original-type="s^2" channel="c3" participant="mn052">
      <nite:child href="Bro021.D.words.xml#id(Bro021.w.7,786)..id(Bro021.disfmarker.412)"/>
   </dialogueact>
   <dialogueact nite:id="Bro021.D.dialogueact967" starttime="2352.35" endtime="2356.13" type="s.%--" adjacency="37a" original-type="s.%--" channel="c3" participant="mn052">
      <nite:child href="Bro021.D.words.xml#id(Bro021.w.7,788)..id(Bro021.disfmarker.413)"/>
   </dialogueact>
   <dialogueact nite:id="Bro021.D.dialogueact972" starttime="2357.08" endtime="2357.95" type="s^na" adjacency="38b" original-type="s^na" channel="c3" participant="mn052">
      <nite:child href="Bro021.D.words.xml#id(Bro021.w.7,825)..id(Bro021.w.7,830)"/>
   </dialogueact>
   <dialogueact nite:id="Bro021.D.dialogueact974" starttime="2357.95" endtime="2358.26" type="s^aa" adjacency="38b+" original-type="s^aa" channel="c3" participant="mn052">
      <nite:child href="Bro021.D.words.xml#id(Bro021.w.7,831)..id(Bro021.w.7,832)"/>
   </dialogueact>
   <dialogueact nite:id="Bro021.D.dialogueact975" starttime="2358.8" endtime="2359.04" type="b" original-type="b" channel="c3" participant="mn052">
      <nite:child href="Bro021.D.words.xml#id(Bro021.w.7,833)..id(Bro021.w.7,834)"/>
   </dialogueact>
   <dialogueact nite:id="Bro021.D.dialogueact980" starttime="2360.51" endtime="2367.18" type="s" original-type="s" channel="c3" participant="mn052">
      <nite:child href="Bro021.D.words.xml#id(Bro021.w.7,858)..id(Bro021.disfmarker.417)"/>
   </dialogueact>
   <dialogueact nite:id="Bro021.D.dialogueact995" starttime="2403.28" endtime="2403.55" type="b" original-type="b" channel="c3" participant="mn052">
      <nite:child href="Bro021.D.words.xml#id(Bro021.w.7,978)..id(Bro021.w.7,979)"/>
   </dialogueact>
   <dialogueact nite:id="Bro021.D.dialogueact996" starttime="2404.29" endtime="2404.85" type="s^ar" adjacency="2b" original-type="s^ar" channel="c3" participant="mn052">
      <nite:child href="Bro021.D.words.xml#id(Bro021.w.7,980)..id(Bro021.w.7,981)"/>
   </dialogueact>
   <dialogueact nite:id="Bro021.D.dialogueact1017" starttime="2446.6" endtime="2447.07" type="b" original-type="b" channel="c3" participant="mn052">
      <nite:child href="Bro021.D.words.xml#id(Bro021.w.8,107)..id(Bro021.w.8,108)"/>
   </dialogueact>
   <dialogueact nite:id="Bro021.D.dialogueact1052" starttime="2511.5" endtime="2512.81" type="s" original-type="s" channel="c3" participant="mn052">
      <nite:child href="Bro021.D.words.xml#id(Bro021.w.8,345)..id(Bro021.w.8,348)"/>
   </dialogueact>
   <dialogueact nite:id="Bro021.D.dialogueact1053" starttime="2512.88" endtime="2514.2" type="s" original-type="s" channel="c3" participant="mn052">
      <nite:child href="Bro021.D.words.xml#id(Bro021.w.8,349)..id(Bro021.w.8,354)"/>
   </dialogueact>
   <dialogueact nite:id="Bro021.D.dialogueact1061" starttime="2527.44" endtime="2528.13" type="s.%--" original-type="s.%--" channel="c3" participant="mn052">
      <nite:child href="Bro021.D.words.xml#id(Bro021.w.8,378)..id(Bro021.disfmarker.446)"/>
   </dialogueact>
   <dialogueact nite:id="Bro021.D.dialogueact1198" starttime="2961.07" endtime="2961.56" type="s^t1" original-type="s^t1" channel="c3" participant="mn052">
      <nite:child href="Bro021.D.words.xml#id(Bro021.w.9,443)..id(Bro021.w.9,447)"/>
   </dialogueact>
   <dialogueact nite:id="Bro021.D.dialogueact1211" starttime="3021.64" endtime="3021.8" type="s^t1" original-type="s^t1" channel="c3" participant="mn052">
      <nite:child href="Bro021.D.words.xml#id(Bro021.w.9,521)..id(Bro021.w.9,522)"/>
   </dialogueact>
   <dialogueact nite:id="Bro021.D.dialogueact1212" starttime="3022.66" endtime="3023.89" type="s^t1" original-type="s^t1" channel="c3" participant="mn052">
      <nite:child href="Bro021.D.words.xml#id(Bro021.w.9,523)..id(Bro021.w.9,530)"/>
   </dialogueact>
   <dialogueact nite:id="Bro021.D.dialogueact1234" starttime="3085.75" endtime="3086.16" type="x" original-type="x" channel="c3" participant="mn052">
      <nite:child href="Bro021.D.words.xml#id(Bro021.w.9,666)..id(Bro021.w.9,669)"/>
   </dialogueact>
   <dialogueact nite:id="Bro021.D.dialogueact1368" starttime="3442.43" endtime="3442.61" type="%-" original-type="%-" channel="c3" participant="mn052">
      <nite:child href="Bro021.D.words.xml#id(Bro021.w.10,770)"/>
   </dialogueact>
   <dialogueact nite:id="Bro021.D.dialogueact1372" starttime="3445.96" endtime="3448.11" type="qy^d" adjacency="30a" original-type="qy^d" channel="c3" participant="mn052">
      <nite:child href="Bro021.D.words.xml#id(Bro021.w.10,775)..id(Bro021.w.10,782)"/>
   </dialogueact>
   <dialogueact nite:id="Bro021.D.dialogueact1374" starttime="3448.11" endtime="3449.32" type="qrr.%--" original-type="qrr.%--" channel="c3" participant="mn052">
      <nite:child href="Bro021.D.words.xml#id(Bro021.w.10,783)..id(Bro021.w.10,785)"/>
   </dialogueact>
   <dialogueact nite:id="Bro021.D.dialogueact1376" starttime="3449.32" endtime="3449.86" type="s^aa" adjacency="31b" original-type="s^aa" channel="c3" participant="mn052">
      <nite:child href="Bro021.D.words.xml#id(Bro021.w.10,801)..id(Bro021.w.10,804)"/>
   </dialogueact>
   <dialogueact nite:id="Bro021.D.dialogueact1382" starttime="3453.85" endtime="3454.14" type="b" original-type="b" channel="c3" participant="mn052">
      <nite:child href="Bro021.D.words.xml#id(Bro021.w.10,828)..id(Bro021.w.10,829)"/>
   </dialogueact>
   <dialogueact nite:id="Bro021.D.dialogueact1383" starttime="3454.14" endtime="3454.35" type="b" original-type="b" channel="c3" participant="mn052">
      <nite:child href="Bro021.D.words.xml#id(Bro021.w.10,830)..id(Bro021.w.10,831)"/>
   </dialogueact>
</nite:root>