<?xml version="1.0" encoding="ISO-8859-1" standalone="yes"?>
<nite:root nite:id="Bro012.E.dialogue-acts" xmlns:nite="http://nite.sourceforge.net/">
   <dialogueact nite:id="Bro012.E.dialogueact0" starttime="1.111" endtime="1.371" type="z" adjacency="1a" original-type="z" channel="c4" participant="me006">
      <nite:child href="Bro012.E.words.xml#id(Bro012.w.1)..id(Bro012.w.2)"/>
   </dialogueact>
   <dialogueact nite:id="Bro012.E.dialogueact40" starttime="132.42" endtime="135.64" type="h|s^cs^no^rt" adjacency="6b" original-type="h|s^cs^no^rt" channel="c4" participant="me006">
      <nite:child href="Bro012.E.words.xml#id(Bro012.w.450)..id(Bro012.w.456)"/>
   </dialogueact>
   <dialogueact nite:id="Bro012.E.dialogueact161" starttime="464.18" endtime="464.77" type="s^bk" original-type="s^bk" channel="c4" participant="me006">
      <nite:child href="Bro012.E.words.xml#id(Bro012.w.1,629)..id(Bro012.w.1,632)"/>
   </dialogueact>
   <dialogueact nite:id="Bro012.E.dialogueact779" starttime="1958.67" endtime="1959.02" type="b" original-type="b" channel="c4" participant="me006">
      <nite:child href="Bro012.E.words.xml#id(Bro012.w.6,752)..id(Bro012.w.6,753)"/>
   </dialogueact>
   <dialogueact nite:id="Bro012.E.dialogueact934" starttime="2275.46" endtime="2275.74" type="s^bk" adjacency="10b-2" original-type="s^bk" channel="c4" participant="me006">
      <nite:child href="Bro012.E.words.xml#id(Bro012.w.7,952)..id(Bro012.w.7,953)"/>
   </dialogueact>
   <dialogueact nite:id="Bro012.E.dialogueact1376" starttime="3318.6" endtime="3319.01" type="%-" original-type="%-" channel="c4" participant="me006">
      <nite:child href="Bro012.E.words.xml#id(Bro012.w.11,297)..id(Bro012.disfmarker.533)"/>
   </dialogueact>
   <dialogueact nite:id="Bro012.E.dialogueact1378" starttime="3320.87" endtime="3322.01" type="s^ng" adjacency="9b" original-type="s^ng" channel="c4" participant="me006">
      <nite:child href="Bro012.E.words.xml#id(Bro012.w.11,314)..id(Bro012.w.11,317)"/>
   </dialogueact>
   <dialogueact nite:id="Bro012.E.dialogueact1387" starttime="3334.76" endtime="3338.93" type="s" original-type="s" channel="c4" participant="me006">
      <nite:child href="Bro012.E.words.xml#id(Bro012.w.11,362)..id(Bro012.w.11,373)"/>
   </dialogueact>
   <dialogueact nite:id="Bro012.E.dialogueact1402" starttime="3362.97" endtime="3365.93" type="s^cs" adjacency="4a" original-type="s^cs" channel="c4" participant="me006">
      <nite:child href="Bro012.E.words.xml#id(Bro012.w.11,458)..id(Bro012.w.11,470)"/>
   </dialogueact>
   <dialogueact nite:id="Bro012.E.dialogueact1403" starttime="3365.93" endtime="3373.07" type="s" adjacency="4a+" original-type="s" channel="c4" participant="me006">
      <nite:child href="Bro012.E.words.xml#id(Bro012.w.11,471)..id(Bro012.w.11,497)"/>
   </dialogueact>
   <dialogueact nite:id="Bro012.E.dialogueact1424" starttime="3419.02" endtime="3420.14" type="s^t1.%" original-type="s^t1.%" channel="c4" participant="me006">
      <nite:child href="Bro012.E.words.xml#id(Bro012.w.11,635)..id(Bro012.w.11,639)"/>
   </dialogueact>
   <dialogueact nite:id="Bro012.E.dialogueact1431" starttime="3450.59" endtime="3450.94" type="b" original-type="b" channel="c4" participant="me006">
      <nite:child href="Bro012.E.words.xml#id(Bro012.w.11,730)..id(Bro012.w.11,731)"/>
   </dialogueact>
   <dialogueact nite:id="Bro012.E.dialogueact1472" starttime="3545.67" endtime="3546.09" type="b" original-type="b" channel="c4" participant="me006">
      <nite:child href="Bro012.E.words.xml#id(Bro012.w.12,058)..id(Bro012.w.12,059)"/>
   </dialogueact>
   <dialogueact nite:id="Bro012.E.dialogueact1482" starttime="3577.59" endtime="3577.96" type="b" original-type="b" channel="c4" participant="me006">
      <nite:child href="Bro012.E.words.xml#id(Bro012.w.12,142)..id(Bro012.w.12,145)"/>
   </dialogueact>
</nite:root>