<?xml version="1.0" encoding="ISO-8859-1" standalone="yes"?>
<nite:root nite:id="Bro004.G.dialogue-acts" xmlns:nite="http://nite.sourceforge.net/">
   <dialogueact nite:id="Bro004.G.dialogueact1020" starttime="2680.43" endtime="2682.19" type="s^ft" original-type="s^ft" channel="cB" participant="me026">
      <nite:child href="Bro004.G.words.xml#id(Bro004.w.8,142)..id(Bro004.w.8,145)"/>
   </dialogueact>
   <dialogueact nite:id="Bro004.G.dialogueact1332" starttime="3452.69" endtime="3456.09" type="qy^rt" adjacency="3a" original-type="qy^rt" channel="cB" participant="me026">
      <nite:child href="Bro004.G.words.xml#id(Bro004.w.10,857)..id(Bro004.w.10,869)"/>
   </dialogueact>
   <dialogueact nite:id="Bro004.G.dialogueact1333" starttime="3456.09" endtime="3456.94" type="s.%--" original-type="s.%--" channel="cB" participant="me026">
      <nite:child href="Bro004.G.words.xml#id(Bro004.w.10,870)..id(Bro004.w.10,875)"/>
   </dialogueact>
   <dialogueact nite:id="Bro004.G.dialogueact1352" starttime="3516.82" endtime="3521.05" type="s^cs^rt" adjacency="4a" original-type="s^cs^rt" channel="cB" participant="me026">
      <nite:child href="Bro004.G.words.xml#id(Bro004.w.11,071)..id(Bro004.w.11,091)"/>
   </dialogueact>
   <dialogueact nite:id="Bro004.G.dialogueact1354" starttime="3521.99" endtime="3523.91" type="s" adjacency="4a+" original-type="sj" channel="cB" participant="me026">
      <nite:child href="Bro004.G.words.xml#id(Bro004.w.11,096)..id(Bro004.w.11,101)"/>
   </dialogueact>
   <dialogueact nite:id="Bro004.G.dialogueact1356" starttime="3524.74" endtime="3526.62" type="s^bu^rt" adjacency="4a++" original-type="s^bu^rt" channel="cB" participant="me026">
      <nite:child href="Bro004.G.words.xml#id(Bro004.w.11,106)..id(Bro004.w.11,114)"/>
   </dialogueact>
   <dialogueact nite:id="Bro004.G.dialogueact1371" starttime="3571.94" endtime="3580.45" type="qr" adjacency="5a" original-type="qr" channel="cB" participant="me026">
      <nite:child href="Bro004.G.words.xml#id(Bro004.w.11,282)..id(Bro004.w.11,307)"/>
   </dialogueact>
   <dialogueact nite:id="Bro004.G.dialogueact1387" starttime="3605.31" endtime="3608.02" type="s" original-type="s" channel="cB" participant="me026">
      <nite:child href="Bro004.G.words.xml#id(Bro004.w.11,405)..id(Bro004.w.11,415)"/>
   </dialogueact>
   <dialogueact nite:id="Bro004.G.dialogueact1388" starttime="3608.02" endtime="3609.93" type="s" original-type="s" channel="cB" participant="me026">
      <nite:child href="Bro004.G.words.xml#id(Bro004.w.11,416)..id(Bro004.w.11,425)"/>
   </dialogueact>
   <dialogueact nite:id="Bro004.G.dialogueact1389" starttime="3609.93" endtime="3619.39" comment="Should this be a question?" type="s^rt" adjacency="8a" original-type="s^rt" channel="cB" participant="me026">
      <nite:child href="Bro004.G.words.xml#id(Bro004.w.11,426)..id(Bro004.w.11,462)"/>
   </dialogueact>
   <dialogueact nite:id="Bro004.G.dialogueact1442" starttime="3744.06" endtime="3744.17" type="b" original-type="b" channel="cB" participant="me026">
      <nite:child href="Bro004.G.words.xml#id(Bro004.w.11,862)..id(Bro004.w.11,863)"/>
   </dialogueact>
</nite:root>