<?xml version="1.0" encoding="ISO-8859-1" standalone="yes"?>
<nite:root nite:id="Bro025.C.dialogue-acts" xmlns:nite="http://nite.sourceforge.net/">
   <dialogueact nite:id="Bro025.C.dialogueact10" starttime="27.216" endtime="29.676" type="fg|s^na" adjacency="2b-1.3a" original-type="fg|s^na" channel="c2" participant="mn052">
      <nite:child href="Bro025.C.words.xml#id(Bro025.w.57)..id(Bro025.w.66)"/>
   </dialogueact>
   <dialogueact nite:id="Bro025.C.dialogueact12" starttime="29.676" endtime="31.106" type="s" adjacency="2b-1+.3a+" original-type="s" channel="c2" participant="mn052">
      <nite:child href="Bro025.C.words.xml#id(Bro025.w.67)..id(Bro025.w.73)"/>
   </dialogueact>
   <dialogueact nite:id="Bro025.C.dialogueact14" starttime="31.846" endtime="32.076" type="b" original-type="b" channel="c2" participant="mn052">
      <nite:child href="Bro025.C.words.xml#id(Bro025.w.84)..id(Bro025.w.85)"/>
   </dialogueact>
   <dialogueact nite:id="Bro025.C.dialogueact68" starttime="181.93" endtime="182.55" type="s^2" adjacency="14b-1" original-type="s^2" channel="c2" participant="mn052">
      <nite:child href="Bro025.C.words.xml#id(Bro025.w.558)..id(Bro025.w.561)"/>
   </dialogueact>
   <dialogueact nite:id="Bro025.C.dialogueact98" starttime="272.626" endtime="272.986" type="b" original-type="b" channel="c2" participant="mn052">
      <nite:child href="Bro025.C.words.xml#id(Bro025.w.918)..id(Bro025.w.921)"/>
   </dialogueact>
   <dialogueact nite:id="Bro025.C.dialogueact124" starttime="361.893" endtime="364.923" type="s^df" adjacency="17b-1" original-type="s^df" channel="c2" participant="mn052">
      <nite:child href="Bro025.C.words.xml#id(Bro025.w.1,260)..id(Bro025.w.1,273)"/>
   </dialogueact>
   <dialogueact nite:id="Bro025.C.dialogueact125" starttime="364.923" endtime="366.733" type="s^df^e" adjacency="17b-1+" original-type="s^df^e" channel="c2" participant="mn052">
      <nite:child href="Bro025.C.words.xml#id(Bro025.w.1,274)..id(Bro025.w.1,282)"/>
   </dialogueact>
   <dialogueact nite:id="Bro025.C.dialogueact126" starttime="366.923" endtime="370.743" type="s" adjacency="17b-1++.18a" original-type="s" channel="c2" participant="mn052">
      <nite:child href="Bro025.C.words.xml#id(Bro025.w.1,283)..id(Bro025.w.1,297)"/>
   </dialogueact>
   <dialogueact nite:id="Bro025.C.dialogueact128" starttime="370.743" endtime="371.673" type="%-" original-type="%-" channel="c2" participant="mn052">
      <nite:child href="Bro025.C.words.xml#id(Bro025.w.1,307)..id(Bro025.w.1,309)"/>
   </dialogueact>
   <dialogueact nite:id="Bro025.C.dialogueact132" starttime="376.39" endtime="377.18" type="s^aa^m" adjacency="19b" original-type="s^aa^m" channel="c2" participant="mn052">
      <nite:child href="Bro025.C.words.xml#id(Bro025.w.1,343)..id(Bro025.w.1,346)"/>
   </dialogueact>
   <dialogueact nite:id="Bro025.C.dialogueact135" starttime="377.26" endtime="378.47" type="s^bs" adjacency="19b+.20a" original-type="s^bs" channel="c2" participant="mn052">
      <nite:child href="Bro025.C.words.xml#id(Bro025.w.1,347)..id(Bro025.w.1,354)"/>
   </dialogueact>
   <dialogueact nite:id="Bro025.C.dialogueact139" starttime="382.078" endtime="382.218" type="b" original-type="b" channel="c2" participant="mn052">
      <nite:child href="Bro025.C.words.xml#id(Bro025.w.1,381)..id(Bro025.w.1,382)"/>
   </dialogueact>
   <dialogueact nite:id="Bro025.C.dialogueact140" starttime="386.309" endtime="387.169" type="s^2" adjacency="21b-1" original-type="s^2" channel="c2" participant="mn052">
      <nite:child href="Bro025.C.words.xml#id(Bro025.w.1,389)..id(Bro025.w.1,392)"/>
   </dialogueact>
   <dialogueact nite:id="Bro025.C.dialogueact150" starttime="406.175" endtime="407.245" type="s^2" adjacency="23b-1" original-type="s^2" channel="c2" participant="mn052">
      <nite:child href="Bro025.C.words.xml#id(Bro025.w.1,473)..id(Bro025.w.1,475)"/>
   </dialogueact>
   <dialogueact nite:id="Bro025.C.dialogueact153" starttime="410.631" endtime="410.871" type="s^aa" adjacency="24b-2" original-type="s^aa" channel="c2" participant="mn052">
      <nite:child href="Bro025.C.words.xml#id(Bro025.w.1,494)..id(Bro025.w.1,495)"/>
   </dialogueact>
   <dialogueact nite:id="Bro025.C.dialogueact159" starttime="412.865" endtime="413.085" type="s^aa" adjacency="25b-2" original-type="s^aa" channel="c2" participant="mn052">
      <nite:child href="Bro025.C.words.xml#id(Bro025.w.1,516)..id(Bro025.w.1,517)"/>
   </dialogueact>
   <dialogueact nite:id="Bro025.C.dialogueact257" starttime="710.903" endtime="711.493" type="s^ar" adjacency="8b-1" original-type="s^ar" channel="c2" participant="mn052">
      <nite:child href="Bro025.C.words.xml#id(Bro025.w.2,700)..id(Bro025.w.2,701)"/>
   </dialogueact>
   <dialogueact nite:id="Bro025.C.dialogueact259" starttime="714.82" endtime="715.19" type="s^2" adjacency="9b-1" original-type="s^2" channel="c2" participant="mn052">
      <nite:child href="Bro025.C.words.xml#id(Bro025.w.2,710)..id(Bro025.w.2,712)"/>
   </dialogueact>
   <dialogueact nite:id="Bro025.C.dialogueact285" starttime="782.858" endtime="784.058" type="s^2" adjacency="15b.16a" original-type="s^2" channel="c2" participant="mn052">
      <nite:child href="Bro025.C.words.xml#id(Bro025.w.2,927)..id(Bro025.w.2,931)"/>
   </dialogueact>
   <dialogueact nite:id="Bro025.C.dialogueact293" starttime="790.325" endtime="794.445" type="s" adjacency="17b" original-type="s" channel="c2" participant="mn052">
      <nite:child href="Bro025.C.words.xml#id(Bro025.w.2,960)..id(Bro025.w.2,972)"/>
   </dialogueact>
   <dialogueact nite:id="Bro025.C.dialogueact295" starttime="795.785" endtime="796.325" type="s^e" adjacency="17b+" original-type="s^e" channel="c2" participant="mn052">
      <nite:child href="Bro025.C.words.xml#id(Bro025.w.2,977)..id(Bro025.w.2,980)"/>
   </dialogueact>
   <dialogueact nite:id="Bro025.C.dialogueact301" starttime="807.439" endtime="807.709" type="s^aa" adjacency="18b-1" original-type="s^aa" channel="c2" participant="mn052">
      <nite:child href="Bro025.C.words.xml#id(Bro025.w.3,035)..id(Bro025.w.3,036)"/>
   </dialogueact>
   <dialogueact nite:id="Bro025.C.dialogueact304" starttime="808.429" endtime="808.589" type="b" original-type="b" channel="c2" participant="mn052">
      <nite:child href="Bro025.C.words.xml#id(Bro025.w.3,037)..id(Bro025.w.3,038)"/>
   </dialogueact>
   <dialogueact nite:id="Bro025.C.dialogueact306" starttime="810.204" endtime="810.404" type="b" original-type="b" channel="c2" participant="mn052">
      <nite:child href="Bro025.C.words.xml#id(Bro025.w.3,043)..id(Bro025.w.3,044)"/>
   </dialogueact>
   <dialogueact nite:id="Bro025.C.dialogueact317" starttime="830.161" endtime="830.651" type="qy^bu^d^rt" adjacency="20b.21a" original-type="qy^bu^d^rt" channel="c2" participant="mn052">
      <nite:child href="Bro025.C.words.xml#id(Bro025.w.3,123)..id(Bro025.w.3,125)"/>
   </dialogueact>
   <dialogueact nite:id="Bro025.C.dialogueact318" starttime="834.581" endtime="837.841" type="s^na" adjacency="20b+" original-type="s^na" channel="c2" participant="mn052">
      <nite:child href="Bro025.C.words.xml#id(Bro025.w.3,126)..id(Bro025.w.3,142)"/>
   </dialogueact>
   <dialogueact nite:id="Bro025.C.dialogueact322" starttime="839.101" endtime="843.771" type="s.%--" original-type="s.%--" channel="c2" participant="mn052">
      <nite:child href="Bro025.C.words.xml#id(Bro025.w.3,149)..id(Bro025.w.3,169)"/>
   </dialogueact>
   <dialogueact nite:id="Bro025.C.dialogueact323" starttime="843.771" endtime="847.841" type="s" original-type="s" channel="c2" participant="mn052">
      <nite:child href="Bro025.C.words.xml#id(Bro025.w.3,171)..id(Bro025.w.3,190)"/>
   </dialogueact>
   <dialogueact nite:id="Bro025.C.dialogueact324" starttime="848.529" endtime="850.029" type="s^df" original-type="s^df" channel="c2" participant="mn052">
      <nite:child href="Bro025.C.words.xml#id(Bro025.w.3,191)..id(Bro025.w.3,198)"/>
   </dialogueact>
   <dialogueact nite:id="Bro025.C.dialogueact325" starttime="850.784" endtime="855.084" type="s" original-type="s" channel="c2" participant="mn052">
      <nite:child href="Bro025.C.words.xml#id(Bro025.w.3,199)..id(Bro025.w.3,222)"/>
   </dialogueact>
   <dialogueact nite:id="Bro025.C.dialogueact327" starttime="858.39" endtime="861.63" type="s" adjacency="22b" original-type="s" channel="c2" participant="mn052">
      <nite:child href="Bro025.C.words.xml#id(Bro025.w.3,236)..id(Bro025.w.3,248)"/>
   </dialogueact>
   <dialogueact nite:id="Bro025.C.dialogueact328" starttime="862.15" endtime="863.65" type="s" original-type="s" channel="c2" participant="mn052">
      <nite:child href="Bro025.C.words.xml#id(Bro025.w.3,249)..id(Bro025.w.3,255)"/>
   </dialogueact>
   <dialogueact nite:id="Bro025.C.dialogueact329" starttime="863.65" endtime="865.51" type="s" adjacency="233a" original-type="s" channel="c2" participant="mn052">
      <nite:child href="Bro025.C.words.xml#id(Bro025.w.3,256)..id(Bro025.disfmarker.151)"/>
   </dialogueact>
   <dialogueact nite:id="Bro025.C.dialogueact331" starttime="865.8" endtime="866.91" type="s^e" adjacency="23a+" original-type="s^e" channel="c2" participant="mn052">
      <nite:child href="Bro025.C.words.xml#id(Bro025.w.3,265)..id(Bro025.w.3,270)"/>
   </dialogueact>
   <dialogueact nite:id="Bro025.C.dialogueact334" starttime="867.872" endtime="870.022" type="s" adjacency="24a" original-type="s" channel="c2" participant="mn052">
      <nite:child href="Bro025.C.words.xml#id(Bro025.w.3,280)..id(Bro025.w.3,289)"/>
   </dialogueact>
   <dialogueact nite:id="Bro025.C.dialogueact338" starttime="873.07" endtime="873.31" type="qy^br^rt" adjacency="25b.26a" original-type="qy^br^rt" channel="c2" participant="mn052">
      <nite:child href="Bro025.C.words.xml#id(Bro025.w.3,310)..id(Bro025.w.3,311)"/>
   </dialogueact>
   <dialogueact nite:id="Bro025.C.dialogueact340" starttime="877.016" endtime="881.246" type="s^ar|s^ng" adjacency="27b.28a" original-type="s^ar|s^ng" channel="c2" participant="mn052">
      <nite:child href="Bro025.C.words.xml#id(Bro025.w.3,324)..id(Bro025.w.3,343)"/>
   </dialogueact>
   <dialogueact nite:id="Bro025.C.dialogueact342" starttime="882.176" endtime="883.046" comment="FBH" type="s" original-type="s" channel="c2" participant="mn052">
      <nite:child href="Bro025.C.words.xml#id(Bro025.w.3,344)..id(Bro025.w.3,347)"/>
   </dialogueact>
   <dialogueact nite:id="Bro025.C.dialogueact344" starttime="883.046" endtime="883.156" comment="FBH" type="fh" original-type="fh" channel="c2" participant="mn052">
      <nite:child href="Bro025.C.words.xml#id(Bro025.w.3,348)..id(Bro025.disfmarker.154)"/>
   </dialogueact>
   <dialogueact nite:id="Bro025.C.dialogueact346" starttime="886.817" endtime="889.627" type="s.%-" adjacency="29a" original-type="s.%-" channel="c2" participant="mn052">
      <nite:child href="Bro025.C.words.xml#id(Bro025.w.3,370)..id(Bro025.disfmarker.156)"/>
   </dialogueact>
   <dialogueact nite:id="Bro025.C.dialogueact350" starttime="890.017" endtime="893.087" type="s^na.%-" adjacency="30b.31a" original-type="s^na.%-" channel="c2" participant="mn052">
      <nite:child href="Bro025.C.words.xml#id(Bro025.w.3,392)..id(Bro025.disfmarker.159)"/>
   </dialogueact>
   <dialogueact nite:id="Bro025.C.dialogueact351" starttime="894.263" endtime="894.683" type="fh" original-type="fh" channel="c2" participant="mn052">
      <nite:child href="Bro025.C.words.xml#id(Bro025.w.3,404)..id(Bro025.w.3,405)"/>
   </dialogueact>
   <dialogueact nite:id="Bro025.C.dialogueact357" starttime="909.085" endtime="909.495" type="b" original-type="b" channel="c2" participant="mn052">
      <nite:child href="Bro025.C.words.xml#id(Bro025.w.3,466)..id(Bro025.w.3,469)"/>
   </dialogueact>
   <dialogueact nite:id="Bro025.C.dialogueact391" starttime="1003.3" endtime="1010.91" type="s" original-type="s" channel="c2" participant="mn052">
      <nite:child href="Bro025.C.words.xml#id(Bro025.w.3,831)..id(Bro025.w.3,856)"/>
   </dialogueact>
   <dialogueact nite:id="Bro025.C.dialogueact394" starttime="1011.75" endtime="1015.52" type="s.%--:s^co" adjacency="37a" original-type="s.%--:s^co" channel="c2" participant="mn052">
      <nite:child href="Bro025.C.words.xml#id(Bro025.w.3,862)..id(Bro025.disfmarker.178)"/>
   </dialogueact>
   <dialogueact nite:id="Bro025.C.dialogueact396" starttime="1016.85" endtime="1018.09" type="%-" original-type="%-" channel="c2" participant="mn052">
      <nite:child href="Bro025.C.words.xml#id(Bro025.w.3,884)..id(Bro025.disfmarker.179)"/>
   </dialogueact>
   <dialogueact nite:id="Bro025.C.dialogueact399" starttime="1019.55" endtime="1020.02" type="s^aa" adjacency="38b" original-type="s^aa" channel="c2" participant="mn052">
      <nite:child href="Bro025.C.words.xml#id(Bro025.w.3,898)..id(Bro025.w.3,899)"/>
   </dialogueact>
   <dialogueact nite:id="Bro025.C.dialogueact404" starttime="1021.76" endtime="1022.05" type="s^aa" adjacency="39b" original-type="s^aa" channel="c2" participant="mn052">
      <nite:child href="Bro025.C.words.xml#id(Bro025.w.3,918)..id(Bro025.w.3,919)"/>
   </dialogueact>
   <dialogueact nite:id="Bro025.C.dialogueact406" starttime="1022.31" endtime="1023.83" type="s.%--" original-type="s.%--" channel="c2" participant="mn052">
      <nite:child href="Bro025.C.words.xml#id(Bro025.w.3,926)..id(Bro025.disfmarker.180)"/>
   </dialogueact>
   <dialogueact nite:id="Bro025.C.dialogueact408" starttime="1023.97" endtime="1025.76" type="s" original-type="s" channel="c2" participant="mn052">
      <nite:child href="Bro025.C.words.xml#id(Bro025.w.3,934)..id(Bro025.w.3,946)"/>
   </dialogueact>
   <dialogueact nite:id="Bro025.C.dialogueact409" starttime="1027.95" endtime="1030.73" type="s^rt" adjacency="40a" original-type="s^rt" channel="c2" participant="mn052">
      <nite:child href="Bro025.C.words.xml#id(Bro025.w.3,949)..id(Bro025.w.3,962)"/>
   </dialogueact>
   <dialogueact nite:id="Bro025.C.dialogueact410" starttime="1030.91" endtime="1032.6" type="s^e^rt" adjacency="40a+" original-type="s^e^rt" channel="c2" participant="mn052">
      <nite:child href="Bro025.C.words.xml#id(Bro025.w.3,963)..id(Bro025.w.3,969)"/>
   </dialogueact>
   <dialogueact nite:id="Bro025.C.dialogueact412" starttime="1032.92" endtime="1038.37" type="s^e.%-" adjacency="40a++" original-type="s^e.%-" channel="c2" participant="mn052">
      <nite:child href="Bro025.C.words.xml#id(Bro025.w.3,970)..id(Bro025.disfmarker.181)"/>
   </dialogueact>
   <dialogueact nite:id="Bro025.C.dialogueact415" starttime="1039.77" endtime="1041.82" type="s^df^na" adjacency="41b" original-type="s^df^na" channel="c2" participant="mn052">
      <nite:child href="Bro025.C.words.xml#id(Bro025.w.4,000)..id(Bro025.w.4,011)"/>
   </dialogueact>
   <dialogueact nite:id="Bro025.C.dialogueact416" starttime="1041.82" endtime="1045.04" type="s" original-type="s" channel="c2" participant="mn052">
      <nite:child href="Bro025.C.words.xml#id(Bro025.w.4,012)..id(Bro025.w.4,024)"/>
   </dialogueact>
   <dialogueact nite:id="Bro025.C.dialogueact417" starttime="1045.2" endtime="1048.62" type="fh|s" original-type="fh|s" channel="c2" participant="mn052">
      <nite:child href="Bro025.C.words.xml#id(Bro025.w.4,025)..id(Bro025.w.4,039)"/>
   </dialogueact>
   <dialogueact nite:id="Bro025.C.dialogueact418" starttime="1048.62" endtime="1050.85" type="s" original-type="s" channel="c2" participant="mn052">
      <nite:child href="Bro025.C.words.xml#id(Bro025.w.4,040)..id(Bro025.w.4,049)"/>
   </dialogueact>
   <dialogueact nite:id="Bro025.C.dialogueact419" starttime="1050.85" endtime="1052.69" type="s^df" original-type="s^df" channel="c2" participant="mn052">
      <nite:child href="Bro025.C.words.xml#id(Bro025.w.4,050)..id(Bro025.disfmarker.182)"/>
   </dialogueact>
   <dialogueact nite:id="Bro025.C.dialogueact423" starttime="1062.31" endtime="1064.05" type="s" adjacency="42b.43a" original-type="s" channel="c2" participant="mn052">
      <nite:child href="Bro025.C.words.xml#id(Bro025.w.4,101)..id(Bro025.w.4,109)"/>
   </dialogueact>
   <dialogueact nite:id="Bro025.C.dialogueact424" starttime="1064.05" endtime="1064.34" type="qy^d^g^rt" adjacency="43a+" original-type="qy^d^g^rt" channel="c2" participant="mn052">
      <nite:child href="Bro025.C.words.xml#id(Bro025.w.4,110)..id(Bro025.w.4,111)"/>
   </dialogueact>
   <dialogueact nite:id="Bro025.C.dialogueact430" starttime="1077.69" endtime="1078.0" type="b" original-type="b" channel="c2" participant="mn052">
      <nite:child href="Bro025.C.words.xml#id(Bro025.w.4,153)..id(Bro025.w.4,154)"/>
   </dialogueact>
   <dialogueact nite:id="Bro025.C.dialogueact464" starttime="1162.3" endtime="1163.65" type="s^am" adjacency="49b" original-type="s^am" channel="c2" participant="mn052">
      <nite:child href="Bro025.C.words.xml#id(Bro025.w.4,454)..id(Bro025.w.4,459)"/>
   </dialogueact>
   <dialogueact nite:id="Bro025.C.dialogueact465" starttime="1164.03" endtime="1166.01" type="s" adjacency="50a" original-type="s" channel="c2" participant="mn052">
      <nite:child href="Bro025.C.words.xml#id(Bro025.w.4,460)..id(Bro025.w.4,470)"/>
   </dialogueact>
   <dialogueact nite:id="Bro025.C.dialogueact466" starttime="1166.01" endtime="1168.63" type="s" adjacency="50a+" original-type="s" channel="c2" participant="mn052">
      <nite:child href="Bro025.C.words.xml#id(Bro025.w.4,471)..id(Bro025.w.4,481)"/>
   </dialogueact>
   <dialogueact nite:id="Bro025.C.dialogueact467" starttime="1168.63" endtime="1168.82" type="qy^d^g^rt" adjacency="50a++" original-type="qy^d^g^rt" channel="c2" participant="mn052">
      <nite:child href="Bro025.C.words.xml#id(Bro025.w.4,482)..id(Bro025.w.4,483)"/>
   </dialogueact>
   <dialogueact nite:id="Bro025.C.dialogueact470" starttime="1169.56" endtime="1171.43" type="s.%-" original-type="s.%-" channel="c2" participant="mn052">
      <nite:child href="Bro025.C.words.xml#id(Bro025.w.4,492)..id(Bro025.disfmarker.200)"/>
   </dialogueact>
   <dialogueact nite:id="Bro025.C.dialogueact472" starttime="1172.68" endtime="1173.72" type="fg|s.%-" adjacency="51b" original-type="fg|s.%-" channel="c2" participant="mn052">
      <nite:child href="Bro025.C.words.xml#id(Bro025.w.4,508)..id(Bro025.disfmarker.201)"/>
   </dialogueact>
   <dialogueact nite:id="Bro025.C.dialogueact473" starttime="1174.53" endtime="1174.96" type="s^aa.%--" adjacency="51b+" original-type="s^aa.%--" channel="c2" participant="mn052">
      <nite:child href="Bro025.C.words.xml#id(Bro025.w.4,521)..id(Bro025.w.4,523)"/>
   </dialogueact>
   <dialogueact nite:id="Bro025.C.dialogueact474" starttime="1174.96" endtime="1183.36" type="s" adjacency="52a" original-type="s" channel="c2" participant="mn052">
      <nite:child href="Bro025.C.words.xml#id(Bro025.w.4,524)..id(Bro025.w.4,564)"/>
   </dialogueact>
   <dialogueact nite:id="Bro025.C.dialogueact477" starttime="1183.98" endtime="1188.02" type="s" adjacency="54a" original-type="s" channel="c2" participant="mn052">
      <nite:child href="Bro025.C.words.xml#id(Bro025.w.4,569)..id(Bro025.w.4,588)"/>
   </dialogueact>
   <dialogueact nite:id="Bro025.C.dialogueact479" starttime="1188.61" endtime="1193.92" type="s" adjacency="55a" original-type="s" channel="c2" participant="mn052">
      <nite:child href="Bro025.C.words.xml#id(Bro025.w.4,592)..id(Bro025.w.4,613)"/>
   </dialogueact>
   <dialogueact nite:id="Bro025.C.dialogueact485" starttime="1196.94" endtime="1200.27" type="fh|s" original-type="fh|s" channel="c2" participant="mn052">
      <nite:child href="Bro025.C.words.xml#id(Bro025.w.4,648)..id(Bro025.w.4,669)"/>
   </dialogueact>
   <dialogueact nite:id="Bro025.C.dialogueact495" starttime="1217.26" endtime="1218.16" type="s^t^tc" original-type="s^t^tc" channel="c2" participant="mn052">
      <nite:child href="Bro025.C.words.xml#id(Bro025.w.4,707)..id(Bro025.w.4,711)"/>
   </dialogueact>
   <dialogueact nite:id="Bro025.C.dialogueact496" starttime="1218.16" endtime="1221.12" type="qy" adjacency="1a" original-type="qy" channel="c2" participant="mn052">
      <nite:child href="Bro025.C.words.xml#id(Bro025.w.4,712)..id(Bro025.w.4,724)"/>
   </dialogueact>
   <dialogueact nite:id="Bro025.C.dialogueact497" starttime="1221.12" endtime="1221.83" type="s^df.%-" original-type="s^df.%-" channel="c2" participant="mn052">
      <nite:child href="Bro025.C.words.xml#id(Bro025.w.4,725)..id(Bro025.w.4,728)"/>
   </dialogueact>
   <dialogueact nite:id="Bro025.C.dialogueact499" starttime="1223.5" endtime="1223.87" type="b" original-type="b" channel="c2" participant="mn052">
      <nite:child href="Bro025.C.words.xml#id(Bro025.w.4,749)..id(Bro025.w.4,750)"/>
   </dialogueact>
   <dialogueact nite:id="Bro025.C.dialogueact535" starttime="1319.47" endtime="1321.22" type="qy.%--" original-type="qy.%--" channel="c2" participant="mn052">
      <nite:child href="Bro025.C.words.xml#id(Bro025.w.5,006)..id(Bro025.w.5,013)"/>
   </dialogueact>
   <dialogueact nite:id="Bro025.C.dialogueact536" starttime="1321.74" endtime="1327.7" type="s^df" original-type="s^df" channel="c2" participant="mn052">
      <nite:child href="Bro025.C.words.xml#id(Bro025.w.5,014)..id(Bro025.w.5,035)"/>
   </dialogueact>
   <dialogueact nite:id="Bro025.C.dialogueact537" starttime="1328.34" endtime="1329.15" type="s^df^e" original-type="s^df^e" channel="c2" participant="mn052">
      <nite:child href="Bro025.C.words.xml#id(Bro025.w.5,036)..id(Bro025.w.5,040)"/>
   </dialogueact>
   <dialogueact nite:id="Bro025.C.dialogueact538" starttime="1329.15" endtime="1333.14" type="s" original-type="s" channel="c2" participant="mn052">
      <nite:child href="Bro025.C.words.xml#id(Bro025.w.5,041)..id(Bro025.w.5,059)"/>
   </dialogueact>
   <dialogueact nite:id="Bro025.C.dialogueact540" starttime="1333.72" endtime="1336.57" type="fh|s" original-type="fh|s" channel="c2" participant="mn052">
      <nite:child href="Bro025.C.words.xml#id(Bro025.w.5,060)..id(Bro025.w.5,071)"/>
   </dialogueact>
   <dialogueact nite:id="Bro025.C.dialogueact542" starttime="1339.0" endtime="1340.84" type="fh|%-" original-type="fh|%-" channel="c2" participant="mn052">
      <nite:child href="Bro025.C.words.xml#id(Bro025.w.5,076)..id(Bro025.disfmarker.234)"/>
   </dialogueact>
   <dialogueact nite:id="Bro025.C.dialogueact546" starttime="1354.05" endtime="1354.32" type="s^aa^rt" adjacency="4b" original-type="s^aa^rt" channel="c2" participant="mn052">
      <nite:child href="Bro025.C.words.xml#id(Bro025.w.5,117)..id(Bro025.w.5,120)"/>
   </dialogueact>
   <dialogueact nite:id="Bro025.C.dialogueact547" starttime="1354.79" endtime="1355.76" type="s^bu" adjacency="4b+.5a" original-type="s^bu" channel="c2" participant="mn052">
      <nite:child href="Bro025.C.words.xml#id(Bro025.w.5,121)..id(Bro025.w.5,125)"/>
   </dialogueact>
   <dialogueact nite:id="Bro025.C.dialogueact549" starttime="1356.13" endtime="1357.3" type="s^cc" adjacency="6a" original-type="s^cc" channel="c2" participant="mn052">
      <nite:child href="Bro025.C.words.xml#id(Bro025.w.5,126)..id(Bro025.w.5,132)"/>
   </dialogueact>
   <dialogueact nite:id="Bro025.C.dialogueact551" starttime="1359.37" endtime="1360.51" type="s^aa" adjacency="7b" original-type="s^aa" channel="c2" participant="mn052">
      <nite:child href="Bro025.C.words.xml#id(Bro025.w.5,144)..id(Bro025.w.5,149)"/>
   </dialogueact>
   <dialogueact nite:id="Bro025.C.dialogueact555" starttime="1366.53" endtime="1369.12" type="s" original-type="s" channel="c2" participant="mn052">
      <nite:child href="Bro025.C.words.xml#id(Bro025.w.5,172)..id(Bro025.w.5,182)"/>
   </dialogueact>
   <dialogueact nite:id="Bro025.C.dialogueact556" starttime="1369.12" endtime="1375.1" type="s" original-type="s" channel="c2" participant="mn052">
      <nite:child href="Bro025.C.words.xml#id(Bro025.w.5,183)..id(Bro025.w.5,208)"/>
   </dialogueact>
   <dialogueact nite:id="Bro025.C.dialogueact557" starttime="1375.92" endtime="1381.14" type="s^df" original-type="s^df" channel="c2" participant="mn052">
      <nite:child href="Bro025.C.words.xml#id(Bro025.w.5,209)..id(Bro025.w.5,234)"/>
   </dialogueact>
   <dialogueact nite:id="Bro025.C.dialogueact558" starttime="1381.81" endtime="1384.86" type="s" original-type="s" channel="c2" participant="mn052">
      <nite:child href="Bro025.C.words.xml#id(Bro025.w.5,235)..id(Bro025.w.5,250)"/>
   </dialogueact>
   <dialogueact nite:id="Bro025.C.dialogueact559" starttime="1384.86" endtime="1390.71" type="s" original-type="s" channel="c2" participant="mn052">
      <nite:child href="Bro025.C.words.xml#id(Bro025.w.5,251)..id(Bro025.w.5,268)"/>
   </dialogueact>
   <dialogueact nite:id="Bro025.C.dialogueact560" starttime="1393.55" endtime="1399.58" type="s" adjacency="8a" original-type="s" channel="c2" participant="mn052">
      <nite:child href="Bro025.C.words.xml#id(Bro025.w.5,269)..id(Bro025.w.5,304)"/>
   </dialogueact>
   <dialogueact nite:id="Bro025.C.dialogueact561" starttime="1400.5" endtime="1404.21" type="s^df" original-type="s^df" channel="c2" participant="mn052">
      <nite:child href="Bro025.C.words.xml#id(Bro025.w.5,305)..id(Bro025.w.5,323)"/>
   </dialogueact>
   <dialogueact nite:id="Bro025.C.dialogueact563" starttime="1404.71" endtime="1410.57" type="s" adjacency="9a" original-type="s" channel="c2" participant="mn052">
      <nite:child href="Bro025.C.words.xml#id(Bro025.w.5,327)..id(Bro025.w.5,355)"/>
   </dialogueact>
   <dialogueact nite:id="Bro025.C.dialogueact564" starttime="1410.95" endtime="1411.32" type="fh" original-type="fh" channel="c2" participant="mn052">
      <nite:child href="Bro025.C.words.xml#id(Bro025.w.5,356)..id(Bro025.disfmarker.240)"/>
   </dialogueact>
   <dialogueact nite:id="Bro025.C.dialogueact566" starttime="1412.29" endtime="1416.74" type="s" original-type="s" channel="c2" participant="mn052">
      <nite:child href="Bro025.C.words.xml#id(Bro025.w.5,365)..id(Bro025.w.5,379)"/>
   </dialogueact>
   <dialogueact nite:id="Bro025.C.dialogueact567" starttime="1418.11" endtime="1422.78" type="s" original-type="s" channel="c2" participant="mn052">
      <nite:child href="Bro025.C.words.xml#id(Bro025.w.5,380)..id(Bro025.w.5,397)"/>
   </dialogueact>
   <dialogueact nite:id="Bro025.C.dialogueact568" starttime="1420.78" endtime="1423.57" type="%--" original-type="%--" channel="c2" participant="mn052">
   </dialogueact>
   <dialogueact nite:id="Bro025.C.dialogueact571" starttime="1436.87" endtime="1437.13" type="b" original-type="b" channel="c2" participant="mn052">
      <nite:child href="Bro025.C.words.xml#id(Bro025.w.5,446)..id(Bro025.w.5,449)"/>
   </dialogueact>
   <dialogueact nite:id="Bro025.C.dialogueact574" starttime="1444.66" endtime="1445.18" type="b" original-type="b" channel="c2" participant="mn052">
      <nite:child href="Bro025.C.words.xml#id(Bro025.w.5,477)..id(Bro025.w.5,478)"/>
   </dialogueact>
   <dialogueact nite:id="Bro025.C.dialogueact583" starttime="1474.7" endtime="1475.3" type="s^cs^rt" adjacency="10b.11a" original-type="s^cs^rt" channel="c2" participant="mn052">
      <nite:child href="Bro025.C.words.xml#id(Bro025.w.5,554)..id(Bro025.w.5,557)"/>
   </dialogueact>
   <dialogueact nite:id="Bro025.C.dialogueact586" starttime="1480.27" endtime="1480.72" type="s^rt" adjacency="12b.13a" original-type="s^rt" channel="c2" participant="mn052">
      <nite:child href="Bro025.C.words.xml#id(Bro025.w.5,566)..id(Bro025.w.5,567)"/>
   </dialogueact>
   <dialogueact nite:id="Bro025.C.dialogueact588" starttime="1485.25" endtime="1485.76" type="fh" original-type="fh" channel="c2" participant="mn052">
      <nite:child href="Bro025.C.words.xml#id(Bro025.w.5,570)..id(Bro025.disfmarker.250)"/>
   </dialogueact>
   <dialogueact nite:id="Bro025.C.dialogueact589" starttime="1489.17" endtime="1490.82" type="fh" original-type="fh" channel="c2" participant="mn052">
   </dialogueact>
   <dialogueact nite:id="Bro025.C.dialogueact597" starttime="1516.97" endtime="1517.78" type="s^2" original-type="s^2" channel="c2" participant="mn052">
      <nite:child href="Bro025.C.words.xml#id(Bro025.w.5,630)..id(Bro025.w.5,633)"/>
   </dialogueact>
   <dialogueact nite:id="Bro025.C.dialogueact598" starttime="1518.82" endtime="1519.1" type="qy^d^g^rt" original-type="qy^d^g^rt" channel="c2" participant="mn052">
      <nite:child href="Bro025.C.words.xml#id(Bro025.w.5,634)..id(Bro025.w.5,635)"/>
   </dialogueact>
   <dialogueact nite:id="Bro025.C.dialogueact602" starttime="1527.18" endtime="1527.59" type="b" original-type="b" channel="c2" participant="mn052">
      <nite:child href="Bro025.C.words.xml#id(Bro025.w.5,654)..id(Bro025.w.5,655)"/>
   </dialogueact>
   <dialogueact nite:id="Bro025.C.dialogueact608" starttime="1541.87" endtime="1544.98" type="s^ng" adjacency="14b-2.16a" original-type="s^ng" channel="c2" participant="mn052">
      <nite:child href="Bro025.C.words.xml#id(Bro025.w.5,716)..id(Bro025.w.5,730)"/>
   </dialogueact>
   <dialogueact nite:id="Bro025.C.dialogueact611" starttime="1546.44" endtime="1546.95" type="s^aa" adjacency="17b.18a" original-type="s^aa" channel="c2" participant="mn052">
      <nite:child href="Bro025.C.words.xml#id(Bro025.w.5,752)..id(Bro025.w.5,753)"/>
   </dialogueact>
   <dialogueact nite:id="Bro025.C.dialogueact615" starttime="1548.06" endtime="1550.84" type="s" adjacency="19a" original-type="s" channel="c2" participant="mn052">
      <nite:child href="Bro025.C.words.xml#id(Bro025.w.5,758)..id(Bro025.w.5,768)"/>
   </dialogueact>
   <dialogueact nite:id="Bro025.C.dialogueact617" starttime="1552.12" endtime="1556.54" type="s^df" adjacency="20a" original-type="s^df" channel="c2" participant="mn052">
      <nite:child href="Bro025.C.words.xml#id(Bro025.w.5,773)..id(Bro025.w.5,790)"/>
   </dialogueact>
   <dialogueact nite:id="Bro025.C.dialogueact618" starttime="1556.54" endtime="1561.15" type="s" adjacency="20a+" original-type="s" channel="c2" participant="mn052">
      <nite:child href="Bro025.C.words.xml#id(Bro025.w.5,791)..id(Bro025.w.5,812)"/>
   </dialogueact>
   <dialogueact nite:id="Bro025.C.dialogueact621" starttime="1563.07" endtime="1566.5" type="s" original-type="s" channel="c2" participant="mn052">
      <nite:child href="Bro025.C.words.xml#id(Bro025.w.5,819)..id(Bro025.w.5,831)"/>
   </dialogueact>
   <dialogueact nite:id="Bro025.C.dialogueact622" starttime="1566.84" endtime="1569.84" type="qw" original-type="qw" channel="c2" participant="mn052">
      <nite:child href="Bro025.C.words.xml#id(Bro025.w.5,832)..id(Bro025.w.5,846)"/>
   </dialogueact>
   <dialogueact nite:id="Bro025.C.dialogueact623" starttime="1570.55" endtime="1571.19" type="%-" original-type="%-" channel="c2" participant="mn052">
      <nite:child href="Bro025.C.words.xml#id(Bro025.w.5,847)..id(Bro025.disfmarker.262)"/>
   </dialogueact>
   <dialogueact nite:id="Bro025.C.dialogueact626" starttime="1576.96" endtime="1577.48" type="qo^bu^d.%--" adjacency="21b.22a" original-type="qo^bu^d.%--" channel="c2" participant="mn052">
      <nite:child href="Bro025.C.words.xml#id(Bro025.w.5,864)..id(Bro025.disfmarker.264)"/>
   </dialogueact>
   <dialogueact nite:id="Bro025.C.dialogueact628" starttime="1581.18" endtime="1582.06" type="b" original-type="b" channel="c2" participant="mn052">
      <nite:child href="Bro025.C.words.xml#id(Bro025.w.5,883)..id(Bro025.w.5,886)"/>
   </dialogueact>
   <dialogueact nite:id="Bro025.C.dialogueact629" starttime="1583.63" endtime="1586.48" type="h|s" adjacency="23b" original-type="h|s" channel="c2" participant="mn052">
      <nite:child href="Bro025.C.words.xml#id(Bro025.w.5,887)..id(Bro025.w.5,898)"/>
   </dialogueact>
   <dialogueact nite:id="Bro025.C.dialogueact630" starttime="1587.08" endtime="1589.82" type="s.%-" original-type="s.%-" channel="c2" participant="mn052">
      <nite:child href="Bro025.C.words.xml#id(Bro025.w.5,899)..id(Bro025.disfmarker.268)"/>
   </dialogueact>
   <dialogueact nite:id="Bro025.C.dialogueact632" starttime="1590.61" endtime="1593.71" type="s" original-type="s" channel="c2" participant="mn052">
      <nite:child href="Bro025.C.words.xml#id(Bro025.w.5,917)..id(Bro025.w.5,931)"/>
   </dialogueact>
   <dialogueact nite:id="Bro025.C.dialogueact633" starttime="1593.71" endtime="1596.11" type="s" original-type="s" channel="c2" participant="mn052">
      <nite:child href="Bro025.C.words.xml#id(Bro025.w.5,932)..id(Bro025.w.5,950)"/>
   </dialogueact>
   <dialogueact nite:id="Bro025.C.dialogueact634" starttime="1596.11" endtime="1598.98" type="s" original-type="s" channel="c2" participant="mn052">
      <nite:child href="Bro025.C.words.xml#id(Bro025.w.5,951)..id(Bro025.w.5,963)"/>
   </dialogueact>
   <dialogueact nite:id="Bro025.C.dialogueact635" starttime="1598.98" endtime="1601.95" type="s" original-type="s" channel="c2" participant="mn052">
      <nite:child href="Bro025.C.words.xml#id(Bro025.w.5,964)..id(Bro025.w.5,977)"/>
   </dialogueact>
   <dialogueact nite:id="Bro025.C.dialogueact639" starttime="1612.74" endtime="1613.13" type="b" original-type="b" channel="c2" participant="mn052">
      <nite:child href="Bro025.C.words.xml#id(Bro025.w.6,022)..id(Bro025.w.6,023)"/>
   </dialogueact>
   <dialogueact nite:id="Bro025.C.dialogueact645" starttime="1617.67" endtime="1617.83" type="b" original-type="b" channel="c2" participant="mn052">
      <nite:child href="Bro025.C.words.xml#id(Bro025.w.6,056)..id(Bro025.w.6,057)"/>
   </dialogueact>
   <dialogueact nite:id="Bro025.C.dialogueact675" starttime="1727.23" endtime="1727.68" type="s^aa" adjacency="30b" original-type="s^aa" channel="c2" participant="mn052">
      <nite:child href="Bro025.C.words.xml#id(Bro025.w.6,315)..id(Bro025.w.6,318)"/>
   </dialogueact>
</nite:root>