<?xml version="1.0" encoding="ISO-8859-1" standalone="yes"?>
<nite:root nite:id="Bro011.E.dialogue-acts" xmlns:nite="http://nite.sourceforge.net/">
   <dialogueact nite:id="Bro011.E.dialogueact6" starttime="8.185" endtime="8.915" type="z" original-type="z" channel="c8" participant="me006">
      <nite:child href="Bro011.E.words.xml#id(Bro011.w.20)..id(Bro011.w.21)"/>
   </dialogueact>
   <dialogueact nite:id="Bro011.E.dialogueact8" starttime="12.495" endtime="12.605" type="z" original-type="z" channel="c8" participant="me006">
      <nite:child href="Bro011.E.words.xml#id(Bro011.w.30)..id(Bro011.w.33)"/>
   </dialogueact>
   <dialogueact nite:id="Bro011.E.dialogueact9" starttime="15.93" endtime="16.09" type="z" original-type="z" channel="c8" participant="me006">
      <nite:child href="Bro011.E.words.xml#id(Bro011.w.34)..id(Bro011.w.35)"/>
   </dialogueact>
   <dialogueact nite:id="Bro011.E.dialogueact19" starttime="38.64" endtime="38.89" type="z" original-type="z" channel="c8" participant="me006">
      <nite:child href="Bro011.E.words.xml#id(Bro011.w.73)..id(Bro011.w.74)"/>
   </dialogueact>
   <dialogueact nite:id="Bro011.E.dialogueact313" starttime="786.901" endtime="786.991" type="b.%" original-type="b.%" channel="c8" participant="me006">
      <nite:child href="Bro011.E.words.xml#id(Bro011.w.2,397)..id(Bro011.w.2,398)"/>
   </dialogueact>
   <dialogueact nite:id="Bro011.E.dialogueact314" starttime="788.079" endtime="792.147" type="fg|s.%-" original-type="fg|s.%-" channel="c8" participant="me006">
      <nite:child href="Bro011.E.words.xml#id(Bro011.w.2,406)..id(Bro011.w.2,412)"/>
   </dialogueact>
   <dialogueact nite:id="Bro011.E.dialogueact341" starttime="889.33" endtime="889.55" type="b" original-type="b" channel="c8" participant="me006">
      <nite:child href="Bro011.E.words.xml#id(Bro011.w.2,732)..id(Bro011.w.2,734)"/>
   </dialogueact>
   <dialogueact nite:id="Bro011.E.dialogueact448" starttime="1246.37" endtime="1246.8" type="b" original-type="b" channel="c8" participant="me006">
      <nite:child href="Bro011.E.words.xml#id(Bro011.w.4,016)..id(Bro011.w.4,017)"/>
   </dialogueact>
   <dialogueact nite:id="Bro011.E.dialogueact450" starttime="1248.73" endtime="1248.87" type="b" original-type="b" channel="c8" participant="me006">
      <nite:child href="Bro011.E.words.xml#id(Bro011.w.4,020)..id(Bro011.w.4,021)"/>
   </dialogueact>
   <dialogueact nite:id="Bro011.E.dialogueact454" starttime="1256.9" endtime="1257.33" type="s^aa" adjacency="3b" original-type="s^aa" channel="c8" participant="me006">
      <nite:child href="Bro011.E.words.xml#id(Bro011.w.4,040)..id(Bro011.w.4,041)"/>
   </dialogueact>
   <dialogueact nite:id="Bro011.E.dialogueact456" starttime="1263.12" endtime="1263.62" type="s^aa.%" adjacency="4b.5a" original-type="s^aa.%" channel="c8" participant="me006">
      <nite:child href="Bro011.E.words.xml#id(Bro011.w.4,066)..id(Bro011.w.4,069)"/>
   </dialogueact>
   <dialogueact nite:id="Bro011.E.dialogueact458" starttime="1264.02" endtime="1264.63" type="b" original-type="b" channel="c8" participant="me006">
      <nite:child href="Bro011.E.words.xml#id(Bro011.w.4,073)..id(Bro011.w.4,076)"/>
   </dialogueact>
   <dialogueact nite:id="Bro011.E.dialogueact488" starttime="1425.31" endtime="1426.1" type="s^aa" adjacency="6b-1" original-type="s^aa" channel="c8" participant="me006">
      <nite:child href="Bro011.E.words.xml#id(Bro011.w.4,536)..id(Bro011.w.4,538)"/>
   </dialogueact>
   <dialogueact nite:id="Bro011.E.dialogueact489" starttime="1426.1" endtime="1428.2" type="s" adjacency="6b-1+" original-type="s" channel="c8" participant="me006">
      <nite:child href="Bro011.E.words.xml#id(Bro011.w.4,539)..id(Bro011.w.4,548)"/>
   </dialogueact>
   <dialogueact nite:id="Bro011.E.dialogueact491" starttime="1430.76" endtime="1430.99" type="b" original-type="b" channel="c8" participant="me006">
      <nite:child href="Bro011.E.words.xml#id(Bro011.w.4,570)..id(Bro011.w.4,571)"/>
   </dialogueact>
   <dialogueact nite:id="Bro011.E.dialogueact492" starttime="1431.19" endtime="1432.13" type="s" original-type="s" channel="c8" participant="me006">
      <nite:child href="Bro011.E.words.xml#id(Bro011.w.4,572)..id(Bro011.w.4,576)"/>
   </dialogueact>
   <dialogueact nite:id="Bro011.E.dialogueact498" starttime="1446.24" endtime="1446.47" type="b" original-type="b" channel="c8" participant="me006">
      <nite:child href="Bro011.E.words.xml#id(Bro011.w.4,637)..id(Bro011.w.4,638)"/>
   </dialogueact>
   <dialogueact nite:id="Bro011.E.dialogueact514" starttime="1507.1" endtime="1510.4" type="s" adjacency="8b.9a" original-type="s" channel="c8" participant="me006">
      <nite:child href="Bro011.E.words.xml#id(Bro011.w.4,841)..id(Bro011.w.4,849)"/>
   </dialogueact>
   <dialogueact nite:id="Bro011.E.dialogueact517" starttime="1510.4" endtime="1513.18" type="s.%--" original-type="s.%--" channel="c8" participant="me006">
      <nite:child href="Bro011.E.words.xml#id(Bro011.w.4,850)..id(Bro011.w.4,858)"/>
   </dialogueact>
   <dialogueact nite:id="Bro011.E.dialogueact520" starttime="1513.18" endtime="1513.77" type="s^aa^m" adjacency="10b" original-type="s^aa^m" channel="c8" participant="me006">
      <nite:child href="Bro011.E.words.xml#id(Bro011.w.4,859)..id(Bro011.w.4,860)"/>
   </dialogueact>
   <dialogueact nite:id="Bro011.E.dialogueact521" starttime="1513.86" endtime="1514.68" type="b" original-type="b" channel="c8" participant="me006">
      <nite:child href="Bro011.E.words.xml#id(Bro011.w.4,861)..id(Bro011.w.4,864)"/>
   </dialogueact>
   <dialogueact nite:id="Bro011.E.dialogueact524" starttime="1515.55" endtime="1522.74" type="s^e.x" original-type="s^e.x" channel="c8" participant="me006">
      <nite:child href="Bro011.E.words.xml#id(Bro011.w.4,874)..id(Bro011.w.4,889)"/>
   </dialogueact>
   <dialogueact nite:id="Bro011.E.dialogueact525" starttime="1523.43" endtime="1523.49" type="b" original-type="b" channel="c8" participant="me006">
      <nite:child href="Bro011.E.words.xml#id(Bro011.w.4,890)..id(Bro011.w.4,891)"/>
   </dialogueact>
   <dialogueact nite:id="Bro011.E.dialogueact729" starttime="2196.37" endtime="2198.33" type="s.%" adjacency="12b.13a" original-type="s.%" channel="c8" participant="me006">
      <nite:child href="Bro011.E.words.xml#id(Bro011.w.7,279)..id(Bro011.w.7,285)"/>
   </dialogueact>
   <dialogueact nite:id="Bro011.E.dialogueact731" starttime="2199.12" endtime="2201.88" type="s.%" adjacency="14a" original-type="s.%" channel="c8" participant="me006">
      <nite:child href="Bro011.E.words.xml#id(Bro011.w.7,288)..id(Bro011.w.7,299)"/>
   </dialogueact>
   <dialogueact nite:id="Bro011.E.dialogueact732" starttime="2202.68" endtime="2206.87" type="s^e" adjacency="14a+" original-type="s^e" channel="c8" participant="me006">
      <nite:child href="Bro011.E.words.xml#id(Bro011.w.7,300)..id(Bro011.w.7,313)"/>
   </dialogueact>
   <dialogueact nite:id="Bro011.E.dialogueact738" starttime="2208.58" endtime="2208.86" type="b" original-type="b" channel="c8" participant="me006">
      <nite:child href="Bro011.E.words.xml#id(Bro011.w.7,324)..id(Bro011.w.7,325)"/>
   </dialogueact>
   <dialogueact nite:id="Bro011.E.dialogueact741" starttime="2214.18" endtime="2214.62" type="b" original-type="b" channel="c8" participant="me006">
      <nite:child href="Bro011.E.words.xml#id(Bro011.w.7,337)..id(Bro011.w.7,338)"/>
   </dialogueact>
   <dialogueact nite:id="Bro011.E.dialogueact743" starttime="2216.1" endtime="2216.42" type="qw" original-type="qw" channel="c8" participant="me006">
      <nite:child href="Bro011.E.words.xml#id(Bro011.w.7,346)..id(Bro011.w.7,349)"/>
   </dialogueact>
   <dialogueact nite:id="Bro011.E.dialogueact745" starttime="2217.72" endtime="2218.18" type="h|qy^bu^rt" adjacency="16a" original-type="h|qy^bu^rt" channel="c8" participant="me006">
      <nite:child href="Bro011.E.words.xml#id(Bro011.w.7,354)..id(Bro011.w.7,357)"/>
   </dialogueact>
   <dialogueact nite:id="Bro011.E.dialogueact747" starttime="2218.69" endtime="2220.25" type="s^aa" adjacency="15b" original-type="s^aa" channel="c8" participant="me006">
      <nite:child href="Bro011.E.words.xml#id(Bro011.w.7,358)..id(Bro011.w.7,366)"/>
   </dialogueact>
   <dialogueact nite:id="Bro011.E.dialogueact748" starttime="2220.3" endtime="2223.07" type="s" adjacency="17a" original-type="s" channel="c8" participant="me006">
      <nite:child href="Bro011.E.words.xml#id(Bro011.w.7,367)..id(Bro011.w.7,378)"/>
   </dialogueact>
   <dialogueact nite:id="Bro011.E.dialogueact750" starttime="2224.18" endtime="2224.57" type="b" original-type="b" channel="c8" participant="me006">
      <nite:child href="Bro011.E.words.xml#id(Bro011.w.7,381)..id(Bro011.w.7,382)"/>
   </dialogueact>
   <dialogueact nite:id="Bro011.E.dialogueact753" starttime="2226.87" endtime="2229.63" type="h|s" original-type="h|s" channel="c8" participant="me006">
      <nite:child href="Bro011.E.words.xml#id(Bro011.w.7,392)..id(Bro011.w.7,404)"/>
   </dialogueact>
   <dialogueact nite:id="Bro011.E.dialogueact755" starttime="2229.8" endtime="2235.55" type="s.%--" original-type="s.%--" channel="c8" participant="me006">
      <nite:child href="Bro011.E.words.xml#id(Bro011.w.7,405)..id(Bro011.w.7,423)"/>
   </dialogueact>
   <dialogueact nite:id="Bro011.E.dialogueact756" starttime="2235.74" endtime="2240.68" type="s.x" original-type="s.x" channel="c8" participant="me006">
      <nite:child href="Bro011.E.words.xml#id(Bro011.w.7,424)..id(Bro011.w.7,442)"/>
   </dialogueact>
   <dialogueact nite:id="Bro011.E.dialogueact757" starttime="2241.01" endtime="2242.36" type="s" original-type="s" channel="c8" participant="me006">
      <nite:child href="Bro011.E.words.xml#id(Bro011.w.7,443)..id(Bro011.w.7,449)"/>
   </dialogueact>
   <dialogueact nite:id="Bro011.E.dialogueact758" starttime="2242.36" endtime="2243.05" type="s.%--" original-type="s.%--" channel="c8" participant="me006">
      <nite:child href="Bro011.E.words.xml#id(Bro011.w.7,450)..id(Bro011.w.7,454)"/>
   </dialogueact>
   <dialogueact nite:id="Bro011.E.dialogueact759" starttime="2243.14" endtime="2244.63" type="s" original-type="s" channel="c8" participant="me006">
      <nite:child href="Bro011.E.words.xml#id(Bro011.w.7,455)..id(Bro011.w.7,459)"/>
   </dialogueact>
   <dialogueact nite:id="Bro011.E.dialogueact760" starttime="2245.03" endtime="2247.54" type="fh|s.%-" original-type="fh|s.%-" channel="c8" participant="me006">
      <nite:child href="Bro011.E.words.xml#id(Bro011.w.7,460)..id(Bro011.w.7,465)"/>
   </dialogueact>
   <dialogueact nite:id="Bro011.E.dialogueact762" starttime="2249.72" endtime="2251.63" type="s" original-type="s" channel="c8" participant="me006">
      <nite:child href="Bro011.E.words.xml#id(Bro011.w.7,476)..id(Bro011.w.7,481)"/>
   </dialogueact>
   <dialogueact nite:id="Bro011.E.dialogueact764" starttime="2253.18" endtime="2253.39" type="b" original-type="b" channel="c8" participant="me006">
      <nite:child href="Bro011.E.words.xml#id(Bro011.w.7,490)..id(Bro011.w.7,491)"/>
   </dialogueact>
   <dialogueact nite:id="Bro011.E.dialogueact767" starttime="2259.73" endtime="2259.93" type="b" original-type="b" channel="c8" participant="me006">
      <nite:child href="Bro011.E.words.xml#id(Bro011.w.7,501)..id(Bro011.w.7,502)"/>
   </dialogueact>
</nite:root>