<?xml version="1.0" encoding="ISO-8859-1" standalone="yes"?>
<nite:root nite:id="Btr001.B.dialogue-acts" xmlns:nite="http://nite.sourceforge.net/">
   <dialogueact nite:id="Btr001.B.dialogueact16" starttime="30.44" endtime="31.76" type="z" adjacency="5b.6a" original-type="z" channel="c2" participant="fe067">
      <nite:child href="Btr001.B.words.xml#id(Btr001.w.136)..id(Btr001.w.145)"/>
   </dialogueact>
   <dialogueact nite:id="Btr001.B.dialogueact19" starttime="35.872" endtime="36.152" type="z" original-type="z" channel="c2" participant="fe067">
      <nite:child href="Btr001.B.words.xml#id(Btr001.w.154)..id(Btr001.w.157)"/>
   </dialogueact>
   <dialogueact nite:id="Btr001.B.dialogueact88" starttime="193.801" endtime="194.081" type="b" original-type="b" channel="c2" participant="fe067">
      <nite:child href="Btr001.B.words.xml#id(Btr001.w.774)..id(Btr001.w.775)"/>
   </dialogueact>
   <dialogueact nite:id="Btr001.B.dialogueact102" starttime="219.813" endtime="220.083" type="b" original-type="b" channel="c2" participant="fe067">
      <nite:child href="Btr001.B.words.xml#id(Btr001.w.898)..id(Btr001.w.899)"/>
   </dialogueact>
   <dialogueact nite:id="Btr001.B.dialogueact246" starttime="422.453" endtime="422.663" type="b" original-type="b" channel="c2" participant="fe067">
      <nite:child href="Btr001.B.words.xml#id(Btr001.w.1,864)..id(Btr001.w.1,865)"/>
   </dialogueact>
   <dialogueact nite:id="Btr001.B.dialogueact344" starttime="559.863" endtime="559.893" type="%" original-type="%" channel="c2" participant="fe067">
      <nite:child href="Btr001.B.words.xml#id(Btr001.w.2,609)..id(Btr001.w.2,610)"/>
   </dialogueact>
   <dialogueact nite:id="Btr001.B.dialogueact394" starttime="616.009" endtime="616.239" type="b" original-type="b" channel="c2" participant="fe067">
      <nite:child href="Btr001.B.words.xml#id(Btr001.w.2,948)..id(Btr001.w.2,951)"/>
   </dialogueact>
   <dialogueact nite:id="Btr001.B.dialogueact459" starttime="692.633" endtime="692.883" type="b" original-type="b" channel="c2" participant="fe067">
      <nite:child href="Btr001.B.words.xml#id(Btr001.w.3,323)..id(Btr001.w.3,326)"/>
   </dialogueact>
   <dialogueact nite:id="Btr001.B.dialogueact502" starttime="743.376" endtime="743.686" type="b" original-type="b" channel="c2" participant="fe067">
      <nite:child href="Btr001.B.words.xml#id(Btr001.w.3,606)..id(Btr001.w.3,607)"/>
   </dialogueact>
   <dialogueact nite:id="Btr001.B.dialogueact515" starttime="753.833" endtime="754.263" type="b" original-type="b" channel="c2" participant="fe067">
      <nite:child href="Btr001.B.words.xml#id(Btr001.w.3,664)..id(Btr001.w.3,667)"/>
   </dialogueact>
   <dialogueact nite:id="Btr001.B.dialogueact542" starttime="789.245" endtime="789.555" type="b" original-type="b" channel="c2" participant="fe067">
      <nite:child href="Btr001.B.words.xml#id(Btr001.w.3,835)..id(Btr001.w.3,838)"/>
   </dialogueact>
   <dialogueact nite:id="Btr001.B.dialogueact564" starttime="809.838" endtime="810.288" type="b" original-type="b" channel="c2" participant="fe067">
      <nite:child href="Btr001.B.words.xml#id(Btr001.w.3,944)..id(Btr001.w.3,947)"/>
   </dialogueact>
   <dialogueact nite:id="Btr001.B.dialogueact576" starttime="817.533" endtime="818.193" type="b" original-type="b" channel="c2" participant="fe067">
      <nite:child href="Btr001.B.words.xml#id(Btr001.w.4,028)..id(Btr001.w.4,029)"/>
   </dialogueact>
   <dialogueact nite:id="Btr001.B.dialogueact589" starttime="827.249" endtime="827.659" type="b" original-type="b" channel="c2" participant="fe067">
      <nite:child href="Btr001.B.words.xml#id(Btr001.w.4,064)..id(Btr001.w.4,065)"/>
   </dialogueact>
   <dialogueact nite:id="Btr001.B.dialogueact605" starttime="838.427" endtime="839.117" type="b" original-type="b" channel="c2" participant="fe067">
      <nite:child href="Btr001.B.words.xml#id(Btr001.w.4,134)..id(Btr001.w.4,135)"/>
   </dialogueact>
   <dialogueact nite:id="Btr001.B.dialogueact615" starttime="850.472" endtime="850.682" type="b" original-type="b" channel="c2" participant="fe067">
      <nite:child href="Btr001.B.words.xml#id(Btr001.w.4,213)..id(Btr001.w.4,214)"/>
   </dialogueact>
   <dialogueact nite:id="Btr001.B.dialogueact674" starttime="931.96" endtime="932.69" type="s^ba" adjacency="39b-1" original-type="s^ba" channel="c2" participant="fe067">
      <nite:child href="Btr001.B.words.xml#id(Btr001.w.4,607)..id(Btr001.w.4,608)"/>
   </dialogueact>
   <dialogueact nite:id="Btr001.B.dialogueact686" starttime="937.072" endtime="937.302" type="b" original-type="b" channel="c2" participant="fe067">
      <nite:child href="Btr001.B.words.xml#id(Btr001.w.4,655)..id(Btr001.w.4,656)"/>
   </dialogueact>
   <dialogueact nite:id="Btr001.B.dialogueact695" starttime="941.304" endtime="941.624" type="b" original-type="b" channel="c2" participant="fe067">
      <nite:child href="Btr001.B.words.xml#id(Btr001.w.4,697)..id(Btr001.w.4,698)"/>
   </dialogueact>
   <dialogueact nite:id="Btr001.B.dialogueact701" starttime="945.992" endtime="946.252" type="qy^bh" adjacency="42b-3" original-type="qy^bh" channel="c2" participant="fe067">
      <nite:child href="Btr001.B.words.xml#id(Btr001.w.4,723)..id(Btr001.w.4,724)"/>
   </dialogueact>
   <dialogueact nite:id="Btr001.B.dialogueact707" starttime="952.714" endtime="953.004" type="b" original-type="b" channel="c2" participant="fe067">
      <nite:child href="Btr001.B.words.xml#id(Btr001.w.4,760)..id(Btr001.w.4,761)"/>
   </dialogueact>
   <dialogueact nite:id="Btr001.B.dialogueact730" starttime="983.825" endtime="984.035" type="b" original-type="b" channel="c2" participant="fe067">
      <nite:child href="Btr001.B.words.xml#id(Btr001.w.4,948)..id(Btr001.w.4,949)"/>
   </dialogueact>
   <dialogueact nite:id="Btr001.B.dialogueact736" starttime="986.07" endtime="988.59" type="s" original-type="s" channel="c2" participant="fe067">
      <nite:child href="Btr001.B.words.xml#id(Btr001.w.4,974)..id(Btr001.w.4,986)"/>
   </dialogueact>
   <dialogueact nite:id="Btr001.B.dialogueact738" starttime="989.063" endtime="990.283" type="s" adjacency="47a" original-type="s" channel="c2" participant="fe067">
      <nite:child href="Btr001.B.words.xml#id(Btr001.w.4,989)..id(Btr001.w.4,998)"/>
   </dialogueact>
   <dialogueact nite:id="Btr001.B.dialogueact739" starttime="990.363" endtime="990.583" type="fh" original-type="fh" channel="c2" participant="fe067">
      <nite:child href="Btr001.B.words.xml#id(Btr001.w.4,999)..id(Btr001.w.5,000)"/>
   </dialogueact>
   <dialogueact nite:id="Btr001.B.dialogueact741" starttime="992.08" endtime="993.11" type="s^ar|s" adjacency="48b-1" original-type="s^ar|s" channel="c2" participant="fe067">
      <nite:child href="Btr001.B.words.xml#id(Btr001.w.5,008)..id(Btr001.w.5,014)"/>
   </dialogueact>
   <dialogueact nite:id="Btr001.B.dialogueact743" starttime="993.22" endtime="993.53" type="s^aa" adjacency="48b-1+" original-type="s^aa" channel="c2" participant="fe067">
      <nite:child href="Btr001.B.words.xml#id(Btr001.w.5,015)..id(Btr001.w.5,016)"/>
   </dialogueact>
   <dialogueact nite:id="Btr001.B.dialogueact753" starttime="1000.33" endtime="1000.73" type="b" original-type="b" channel="c2" participant="fe067">
      <nite:child href="Btr001.B.words.xml#id(Btr001.w.5,087)..id(Btr001.w.5,088)"/>
   </dialogueact>
   <dialogueact nite:id="Btr001.B.dialogueact795" starttime="1061.75" endtime="1063.91" type="s" adjacency="57b-1.58a" original-type="s" channel="c2" participant="fe067">
      <nite:child href="Btr001.B.words.xml#id(Btr001.w.5,367)..id(Btr001.w.5,381)"/>
   </dialogueact>
   <dialogueact nite:id="Btr001.B.dialogueact860" starttime="1154.59" endtime="1154.71" type="b" original-type="b" channel="c2" participant="fe067">
      <nite:child href="Btr001.B.words.xml#id(Btr001.w.5,809)..id(Btr001.w.5,812)"/>
   </dialogueact>
   <dialogueact nite:id="Btr001.B.dialogueact940" starttime="1299.6" endtime="1299.81" type="b" original-type="b" channel="c2" participant="fe067">
      <nite:child href="Btr001.B.words.xml#id(Btr001.w.6,575)..id(Btr001.w.6,576)"/>
   </dialogueact>
   <dialogueact nite:id="Btr001.B.dialogueact992" starttime="1374.79" endtime="1375.21" type="b" original-type="b" channel="c2" participant="fe067">
      <nite:child href="Btr001.B.words.xml#id(Btr001.w.6,996)..id(Btr001.w.6,997)"/>
   </dialogueact>
   <dialogueact nite:id="Btr001.B.dialogueact1015" starttime="1421.25" endtime="1421.56" type="b" original-type="b" channel="c2" participant="fe067">
      <nite:child href="Btr001.B.words.xml#id(Btr001.w.7,254)..id(Btr001.w.7,255)"/>
   </dialogueact>
   <dialogueact nite:id="Btr001.B.dialogueact1046" starttime="1457.35" endtime="1457.62" type="qy^bh" original-type="qy^bh" channel="c2" participant="fe067">
      <nite:child href="Btr001.B.words.xml#id(Btr001.w.7,464)..id(Btr001.w.7,465)"/>
   </dialogueact>
   <dialogueact nite:id="Btr001.B.dialogueact1087" starttime="1492.46" endtime="1493.08" type="s" adjacency="25b-3" original-type="s" channel="c2" participant="fe067">
      <nite:child href="Btr001.B.words.xml#id(Btr001.w.7,701)..id(Btr001.w.7,707)"/>
   </dialogueact>
   <dialogueact nite:id="Btr001.B.dialogueact1175" starttime="1624.84" endtime="1625.23" type="b" original-type="b" channel="c2" participant="fe067">
      <nite:child href="Btr001.B.words.xml#id(Btr001.w.8,404)..id(Btr001.w.8,407)"/>
   </dialogueact>
   <dialogueact nite:id="Btr001.B.dialogueact1199" starttime="1645.13" endtime="1645.46" type="b" original-type="b" channel="c2" participant="fe067">
      <nite:child href="Btr001.B.words.xml#id(Btr001.w.8,577)..id(Btr001.w.8,578)"/>
   </dialogueact>
   <dialogueact nite:id="Btr001.B.dialogueact1236" starttime="1701.37" endtime="1702.25" type="s^na" adjacency="51b-4" original-type="s^na" channel="c2" participant="fe067">
      <nite:child href="Btr001.B.words.xml#id(Btr001.w.8,815)..id(Btr001.w.8,818)"/>
   </dialogueact>
   <dialogueact nite:id="Btr001.B.dialogueact1286" starttime="1733.06" endtime="1733.34" type="b" original-type="b" channel="c2" participant="fe067">
      <nite:child href="Btr001.B.words.xml#id(Btr001.w.9,020)..id(Btr001.w.9,021)"/>
   </dialogueact>
   <dialogueact nite:id="Btr001.B.dialogueact1311" starttime="1761.35" endtime="1761.58" type="b" original-type="b" channel="c2" participant="fe067">
      <nite:child href="Btr001.B.words.xml#id(Btr001.w.9,192)..id(Btr001.w.9,193)"/>
   </dialogueact>
   <dialogueact nite:id="Btr001.B.dialogueact1334" starttime="1776.96" endtime="1777.65" type="s" adjacency="70b-2" original-type="s" channel="c2" participant="fe067">
      <nite:child href="Btr001.B.words.xml#id(Btr001.w.9,340)..id(Btr001.w.9,345)"/>
   </dialogueact>
   <dialogueact nite:id="Btr001.B.dialogueact1419" starttime="1867.45" endtime="1868.02" type="b" original-type="b" channel="c2" participant="fe067">
      <nite:child href="Btr001.B.words.xml#id(Btr001.w.9,937)..id(Btr001.w.9,938)"/>
   </dialogueact>
   <dialogueact nite:id="Btr001.B.dialogueact1440" starttime="1902.79" endtime="1902.93" type="b" original-type="b" channel="c2" participant="fe067">
      <nite:child href="Btr001.B.words.xml#id(Btr001.w.10,088)..id(Btr001.w.10,089)"/>
   </dialogueact>
   <dialogueact nite:id="Btr001.B.dialogueact1454" starttime="1930.13" endtime="1930.92" type="s^ba" adjacency="8b-1" original-type="s^ba" channel="c2" participant="fe067">
      <nite:child href="Btr001.B.words.xml#id(Btr001.w.10,224)..id(Btr001.w.10,226)"/>
   </dialogueact>
   <dialogueact nite:id="Btr001.B.dialogueact1504" starttime="1993.15" endtime="1993.37" type="b" original-type="b" channel="c2" participant="fe067">
      <nite:child href="Btr001.B.words.xml#id(Btr001.w.10,563)..id(Btr001.w.10,564)"/>
   </dialogueact>
   <dialogueact nite:id="Btr001.B.dialogueact1521" starttime="2012.71" endtime="2013.2" type="b" original-type="b" channel="c2" participant="fe067">
      <nite:child href="Btr001.B.words.xml#id(Btr001.w.10,675)..id(Btr001.w.10,676)"/>
   </dialogueact>
   <dialogueact nite:id="Btr001.B.dialogueact1537" starttime="2029.11" endtime="2029.35" type="b" original-type="b" channel="c2" participant="fe067">
      <nite:child href="Btr001.B.words.xml#id(Btr001.w.10,761)..id(Btr001.w.10,762)"/>
   </dialogueact>
   <dialogueact nite:id="Btr001.B.dialogueact1552" starttime="2041.74" endtime="2042.57" type="s^na" adjacency="23b-2" original-type="s^na" channel="c2" participant="fe067">
      <nite:child href="Btr001.B.words.xml#id(Btr001.w.10,834)..id(Btr001.w.10,838)"/>
   </dialogueact>
   <dialogueact nite:id="Btr001.B.dialogueact1581" starttime="2068.94" endtime="2069.19" type="b" original-type="b" channel="c2" participant="fe067">
      <nite:child href="Btr001.B.words.xml#id(Btr001.w.11,011)..id(Btr001.w.11,012)"/>
   </dialogueact>
   <dialogueact nite:id="Btr001.B.dialogueact1604" starttime="2115.96" endtime="2116.13" type="b" original-type="b" channel="c2" participant="fe067">
      <nite:child href="Btr001.B.words.xml#id(Btr001.w.11,216)..id(Btr001.w.11,217)"/>
   </dialogueact>
   <dialogueact nite:id="Btr001.B.dialogueact1624" starttime="2148.33" endtime="2148.55" type="b" original-type="b" channel="c2" participant="fe067">
      <nite:child href="Btr001.B.words.xml#id(Btr001.w.11,361)..id(Btr001.w.11,362)"/>
   </dialogueact>
   <dialogueact nite:id="Btr001.B.dialogueact1629" starttime="2159.95" endtime="2160.15" type="b" original-type="b" channel="c2" participant="fe067">
      <nite:child href="Btr001.B.words.xml#id(Btr001.w.11,423)..id(Btr001.w.11,424)"/>
   </dialogueact>
   <dialogueact nite:id="Btr001.B.dialogueact1652" starttime="2195.8" endtime="2196.24" type="s^aa" adjacency="34b-3" original-type="s^aa" channel="c2" participant="fe067">
      <nite:child href="Btr001.B.words.xml#id(Btr001.w.11,609)..id(Btr001.w.11,610)"/>
   </dialogueact>
   <dialogueact nite:id="Btr001.B.dialogueact1658" starttime="2197.46" endtime="2198.74" type="s" adjacency="34b-3+" original-type="s" channel="c2" participant="fe067">
      <nite:child href="Btr001.B.words.xml#id(Btr001.w.11,613)..id(Btr001.w.11,619)"/>
   </dialogueact>
   <dialogueact nite:id="Btr001.B.dialogueact1675" starttime="2223.27" endtime="2223.57" type="b" original-type="b" channel="c2" participant="fe067">
      <nite:child href="Btr001.B.words.xml#id(Btr001.w.11,772)..id(Btr001.w.11,773)"/>
   </dialogueact>
   <dialogueact nite:id="Btr001.B.dialogueact1699" starttime="2245.23" endtime="2245.47" type="b" original-type="b" channel="c2" participant="fe067">
      <nite:child href="Btr001.B.words.xml#id(Btr001.w.11,889)..id(Btr001.w.11,890)"/>
   </dialogueact>
   <dialogueact nite:id="Btr001.B.dialogueact1713" starttime="2259.85" endtime="2260.32" type="s^aa" adjacency="46b" original-type="s^aa" channel="c2" participant="fe067">
      <nite:child href="Btr001.B.words.xml#id(Btr001.w.11,973)..id(Btr001.w.11,975)"/>
   </dialogueact>
   <dialogueact nite:id="Btr001.B.dialogueact1746" starttime="2286.76" endtime="2287.79" type="s^na" adjacency="50b-2" original-type="s^na" channel="c2" participant="fe067">
      <nite:child href="Btr001.B.words.xml#id(Btr001.w.12,151)..id(Btr001.w.12,156)"/>
   </dialogueact>
   <dialogueact nite:id="Btr001.B.dialogueact1784" starttime="2313.28" endtime="2313.58" type="b" original-type="b" channel="c2" participant="fe067">
      <nite:child href="Btr001.B.words.xml#id(Btr001.w.12,388)..id(Btr001.w.12,389)"/>
   </dialogueact>
   <dialogueact nite:id="Btr001.B.dialogueact1848" starttime="2396.24" endtime="2396.57" type="b" original-type="b" channel="c2" participant="fe067">
      <nite:child href="Btr001.B.words.xml#id(Btr001.w.12,813)..id(Btr001.w.12,814)"/>
   </dialogueact>
   <dialogueact nite:id="Btr001.B.dialogueact1858" starttime="2410.21" endtime="2410.5" type="b" original-type="b" channel="c2" participant="fe067">
      <nite:child href="Btr001.B.words.xml#id(Btr001.w.12,914)..id(Btr001.w.12,915)"/>
   </dialogueact>
   <dialogueact nite:id="Btr001.B.dialogueact1866" starttime="2415.91" endtime="2416.2" type="b" original-type="b" channel="c2" participant="fe067">
      <nite:child href="Btr001.B.words.xml#id(Btr001.w.12,922)..id(Btr001.w.12,923)"/>
   </dialogueact>
   <dialogueact nite:id="Btr001.B.dialogueact1964" starttime="2528.64" endtime="2528.79" type="b" original-type="b" channel="c2" participant="fe067">
      <nite:child href="Btr001.B.words.xml#id(Btr001.w.13,567)..id(Btr001.w.13,568)"/>
   </dialogueact>
   <dialogueact nite:id="Btr001.B.dialogueact1978" starttime="2549.3" endtime="2549.56" type="b" original-type="b" channel="c2" participant="fe067">
      <nite:child href="Btr001.B.words.xml#id(Btr001.w.13,669)..id(Btr001.w.13,670)"/>
   </dialogueact>
   <dialogueact nite:id="Btr001.B.dialogueact1981" starttime="2552.27" endtime="2552.49" type="b" original-type="b" channel="c2" participant="fe067">
      <nite:child href="Btr001.B.words.xml#id(Btr001.w.13,671)..id(Btr001.w.13,672)"/>
   </dialogueact>
   <dialogueact nite:id="Btr001.B.dialogueact2061" starttime="2635.3" endtime="2636.36" type="s^bk" adjacency="34b-1" original-type="s^bk" channel="c2" participant="fe067">
      <nite:child href="Btr001.B.words.xml#id(Btr001.w.14,169)..id(Btr001.w.14,170)"/>
   </dialogueact>
   <dialogueact nite:id="Btr001.B.dialogueact2080" starttime="2664.47" endtime="2665.22" type="s^bk" adjacency="36b-2" original-type="s^bk" channel="c2" participant="fe067">
      <nite:child href="Btr001.B.words.xml#id(Btr001.w.14,313)..id(Btr001.w.14,314)"/>
   </dialogueact>
   <dialogueact nite:id="Btr001.B.dialogueact2106" starttime="2706.95" endtime="2707.31" type="b" original-type="b" channel="c2" participant="fe067">
      <nite:child href="Btr001.B.words.xml#id(Btr001.w.14,513)..id(Btr001.w.14,514)"/>
   </dialogueact>
   <dialogueact nite:id="Btr001.B.dialogueact2144" starttime="2758.64" endtime="2758.86" type="b" original-type="b" channel="c2" participant="fe067">
      <nite:child href="Btr001.B.words.xml#id(Btr001.w.14,768)..id(Btr001.w.14,769)"/>
   </dialogueact>
   <dialogueact nite:id="Btr001.B.dialogueact2197" starttime="2823.36" endtime="2823.63" type="b" original-type="b" channel="c2" participant="fe067">
      <nite:child href="Btr001.B.words.xml#id(Btr001.w.15,105)..id(Btr001.w.15,106)"/>
   </dialogueact>
   <dialogueact nite:id="Btr001.B.dialogueact2208" starttime="2837.06" endtime="2837.58" type="s^bk" original-type="s^bk" channel="c2" participant="fe067">
      <nite:child href="Btr001.B.words.xml#id(Btr001.w.15,214)..id(Btr001.w.15,215)"/>
   </dialogueact>
   <dialogueact nite:id="Btr001.B.dialogueact2210" starttime="2845.54" endtime="2845.77" type="b" original-type="b" channel="c2" participant="fe067">
      <nite:child href="Btr001.B.words.xml#id(Btr001.w.15,224)..id(Btr001.w.15,225)"/>
   </dialogueact>
   <dialogueact nite:id="Btr001.B.dialogueact2212" starttime="2847.66" endtime="2847.93" type="%-" original-type="%-" channel="c2" participant="fe067">
      <nite:child href="Btr001.B.words.xml#id(Btr001.w.15,226)..id(Btr001.disfmarker.517)"/>
   </dialogueact>
   <dialogueact nite:id="Btr001.B.dialogueact2213" starttime="2848.95" endtime="2850.82" type="s:s^nd" adjacency="59b-2.60a" original-type="s:s^nd" channel="c2" participant="fe067">
      <nite:child href="Btr001.B.words.xml#id(Btr001.w.15,244)..id(Btr001.w.15,254)"/>
   </dialogueact>
   <dialogueact nite:id="Btr001.B.dialogueact2214" starttime="2850.82" endtime="2852.2" type="s:s" adjacency="59b-2+.60a+" original-type="s:s" channel="c2" participant="fe067">
      <nite:child href="Btr001.B.words.xml#id(Btr001.w.15,255)..id(Btr001.w.15,264)"/>
   </dialogueact>
   <dialogueact nite:id="Btr001.B.dialogueact2217" starttime="2852.2" endtime="2852.29" type="b" original-type="b" channel="c2" participant="fe067">
      <nite:child href="Btr001.B.words.xml#id(Btr001.w.15,265)..id(Btr001.w.15,268)"/>
   </dialogueact>
   <dialogueact nite:id="Btr001.B.dialogueact2227" starttime="2859.58" endtime="2859.8" type="b" original-type="b" channel="c2" participant="fe067">
      <nite:child href="Btr001.B.words.xml#id(Btr001.w.15,308)..id(Btr001.w.15,309)"/>
   </dialogueact>
   <dialogueact nite:id="Btr001.B.dialogueact2275" starttime="2899.13" endtime="2899.4" comment="FBH" type="b" original-type="b" channel="c2" participant="fe067">
      <nite:child href="Btr001.B.words.xml#id(Btr001.w.15,556)..id(Btr001.w.15,559)"/>
   </dialogueact>
   <dialogueact nite:id="Btr001.B.dialogueact2298" starttime="2920.42" endtime="2920.7" type="b" original-type="b" channel="c2" participant="fe067">
      <nite:child href="Btr001.B.words.xml#id(Btr001.w.15,737)..id(Btr001.w.15,740)"/>
   </dialogueact>
   <dialogueact nite:id="Btr001.B.dialogueact2309" starttime="2930.12" endtime="2930.36" type="b" original-type="b" channel="c2" participant="fe067">
      <nite:child href="Btr001.B.words.xml#id(Btr001.w.15,785)..id(Btr001.w.15,786)"/>
   </dialogueact>
   <dialogueact nite:id="Btr001.B.dialogueact2336" starttime="2954.88" endtime="2955.2" type="b" original-type="b" channel="c2" participant="fe067">
      <nite:child href="Btr001.B.words.xml#id(Btr001.w.15,925)..id(Btr001.w.15,926)"/>
   </dialogueact>
   <dialogueact nite:id="Btr001.B.dialogueact2350" starttime="2979.76" endtime="2980.11" type="b" original-type="b" channel="c2" participant="fe067">
      <nite:child href="Btr001.B.words.xml#id(Btr001.w.16,048)..id(Btr001.w.16,049)"/>
   </dialogueact>
   <dialogueact nite:id="Btr001.B.dialogueact2392" starttime="3033.19" endtime="3033.57" type="b" original-type="b" channel="c2" participant="fe067">
      <nite:child href="Btr001.B.words.xml#id(Btr001.w.16,317)..id(Btr001.w.16,318)"/>
   </dialogueact>
   <dialogueact nite:id="Btr001.B.dialogueact2443" starttime="3096.15" endtime="3096.55" type="b" original-type="b" channel="c2" participant="fe067">
      <nite:child href="Btr001.B.words.xml#id(Btr001.w.16,648)..id(Btr001.w.16,649)"/>
   </dialogueact>
   <dialogueact nite:id="Btr001.B.dialogueact2479" starttime="3136.71" endtime="3136.92" type="b" original-type="b" channel="c2" participant="fe067">
      <nite:child href="Btr001.B.words.xml#id(Btr001.w.16,855)..id(Btr001.w.16,856)"/>
   </dialogueact>
   <dialogueact nite:id="Btr001.B.dialogueact2565" starttime="3272.16" endtime="3272.41" type="b" original-type="b" channel="c2" participant="fe067">
      <nite:child href="Btr001.B.words.xml#id(Btr001.w.17,532)..id(Btr001.w.17,533)"/>
   </dialogueact>
   <dialogueact nite:id="Btr001.B.dialogueact2586" starttime="3302.01" endtime="3302.21" type="b" original-type="b" channel="c2" participant="fe067">
      <nite:child href="Btr001.B.words.xml#id(Btr001.w.17,711)..id(Btr001.w.17,712)"/>
   </dialogueact>
   <dialogueact nite:id="Btr001.B.dialogueact2597" starttime="3312.27" endtime="3315.84" type="qy^bu^d" adjacency="40a" original-type="qy^bu^d" channel="c2" participant="fe067">
      <nite:child href="Btr001.B.words.xml#id(Btr001.w.17,765)..id(Btr001.w.17,782)"/>
   </dialogueact>
   <dialogueact nite:id="Btr001.B.dialogueact2607" starttime="3325.41" endtime="3326.29" type="s^arp" adjacency="41b-3.42a" original-type="s^arp" channel="c2" participant="fe067">
      <nite:child href="Btr001.B.words.xml#id(Btr001.w.17,856)..id(Btr001.w.17,860)"/>
   </dialogueact>
   <dialogueact nite:id="Btr001.B.dialogueact2617" starttime="3332.43" endtime="3332.7" type="b" original-type="b" channel="c2" participant="fe067">
      <nite:child href="Btr001.B.words.xml#id(Btr001.w.17,913)..id(Btr001.w.17,914)"/>
   </dialogueact>
   <dialogueact nite:id="Btr001.B.dialogueact2620" starttime="3337.62" endtime="3337.95" type="b" original-type="b" channel="c2" participant="fe067">
      <nite:child href="Btr001.B.words.xml#id(Btr001.w.17,981)..id(Btr001.w.17,982)"/>
   </dialogueact>
   <dialogueact nite:id="Btr001.B.dialogueact2629" starttime="3358.47" endtime="3358.65" type="b" original-type="b" channel="c2" participant="fe067">
      <nite:child href="Btr001.B.words.xml#id(Btr001.w.18,046)..id(Btr001.w.18,047)"/>
   </dialogueact>
   <dialogueact nite:id="Btr001.B.dialogueact2647" starttime="3377.89" endtime="3378.43" type="s^bk" adjacency="50b-1" original-type="s^bk" channel="c2" participant="fe067">
      <nite:child href="Btr001.B.words.xml#id(Btr001.w.18,180)..id(Btr001.w.18,184)"/>
   </dialogueact>
   <dialogueact nite:id="Btr001.B.dialogueact2662" starttime="3391.98" endtime="3392.25" type="b" original-type="b" channel="c2" participant="fe067">
      <nite:child href="Btr001.B.words.xml#id(Btr001.w.18,263)..id(Btr001.w.18,264)"/>
   </dialogueact>
   <dialogueact nite:id="Btr001.B.dialogueact2679" starttime="3403.41" endtime="3403.9" type="b" original-type="b" channel="c2" participant="fe067">
      <nite:child href="Btr001.B.words.xml#id(Btr001.w.18,330)..id(Btr001.w.18,331)"/>
   </dialogueact>
   <dialogueact nite:id="Btr001.B.dialogueact2708" starttime="3434.93" endtime="3435.13" type="b" original-type="b" channel="c2" participant="fe067">
      <nite:child href="Btr001.B.words.xml#id(Btr001.w.18,553)..id(Btr001.w.18,554)"/>
   </dialogueact>
   <dialogueact nite:id="Btr001.B.dialogueact2713" starttime="3439.01" endtime="3439.17" type="b" original-type="b" channel="c2" participant="fe067">
      <nite:child href="Btr001.B.words.xml#id(Btr001.w.18,563)..id(Btr001.w.18,564)"/>
   </dialogueact>
   <dialogueact nite:id="Btr001.B.dialogueact2715" starttime="3442.01" endtime="3442.96" type="qy^rt" adjacency="59a" original-type="qy^rt" channel="c2" participant="fe067">
      <nite:child href="Btr001.B.words.xml#id(Btr001.w.18,568)..id(Btr001.w.18,574)"/>
   </dialogueact>
   <dialogueact nite:id="Btr001.B.dialogueact2717" starttime="3443.07" endtime="3445.99" type="fh|s^rt" adjacency="60a" original-type="fh|s^rt" channel="c2" participant="fe067">
      <nite:child href="Btr001.B.words.xml#id(Btr001.w.18,575)..id(Btr001.w.18,586)"/>
   </dialogueact>
   <dialogueact nite:id="Btr001.B.dialogueact2718" starttime="3445.99" endtime="3448.6" type="s" adjacency="60a+" original-type="s" channel="c2" participant="fe067">
      <nite:child href="Btr001.B.words.xml#id(Btr001.w.18,587)..id(Btr001.w.18,602)"/>
   </dialogueact>
   <dialogueact nite:id="Btr001.B.dialogueact2719" starttime="3448.6" endtime="3450.12" type="s^rt" adjacency="60a++" original-type="s^rt" channel="c2" participant="fe067">
      <nite:child href="Btr001.B.words.xml#id(Btr001.w.18,603)..id(Btr001.w.18,610)"/>
   </dialogueact>
   <dialogueact nite:id="Btr001.B.dialogueact2720" starttime="3450.43" endtime="3451.82" type="s^bu.%--" adjacency="60a+++" original-type="s^bu.%--" channel="c2" participant="fe067">
      <nite:child href="Btr001.B.words.xml#id(Btr001.w.18,611)..id(Btr001.disfmarker.634)"/>
   </dialogueact>
   <dialogueact nite:id="Btr001.B.dialogueact2723" starttime="3455.73" endtime="3456.36" type="s^bk" adjacency="61b" original-type="s^bk" channel="c2" participant="fe067">
      <nite:child href="Btr001.B.words.xml#id(Btr001.w.18,650)..id(Btr001.w.18,653)"/>
   </dialogueact>
   <dialogueact nite:id="Btr001.B.dialogueact2726" starttime="3471.96" endtime="3472.17" type="b" original-type="b" channel="c2" participant="fe067">
      <nite:child href="Btr001.B.words.xml#id(Btr001.w.18,706)..id(Btr001.w.18,707)"/>
   </dialogueact>
   <dialogueact nite:id="Btr001.B.dialogueact2734" starttime="3482.98" endtime="3486.95" type="qr^bu^d" adjacency="65a" original-type="qr^bu^d" channel="c2" participant="fe067">
      <nite:child href="Btr001.B.words.xml#id(Btr001.w.18,765)..id(Btr001.w.18,787)"/>
   </dialogueact>
   <dialogueact nite:id="Btr001.B.dialogueact2735" starttime="3488.33" endtime="3489.85" type="s" original-type="s" channel="c2" participant="fe067">
      <nite:child href="Btr001.B.words.xml#id(Btr001.w.18,788)..id(Btr001.w.18,799)"/>
   </dialogueact>
   <dialogueact nite:id="Btr001.B.dialogueact2739" starttime="3491.59" endtime="3491.86" type="b" original-type="b" channel="c2" participant="fe067">
      <nite:child href="Btr001.B.words.xml#id(Btr001.w.18,813)..id(Btr001.w.18,814)"/>
   </dialogueact>
   <dialogueact nite:id="Btr001.B.dialogueact2808" starttime="3621.54" endtime="3622.53" type="z" original-type="z" channel="c2" participant="fe067">
      <nite:child href="Btr001.B.words.xml#id(Btr001.w.19,905)..id(Btr001.w.19,908)"/>
   </dialogueact>
   <dialogueact nite:id="Btr001.B.dialogueact2813" starttime="3627.9" endtime="3628.56" type="z" original-type="z" channel="c2" participant="fe067">
      <nite:child href="Btr001.B.words.xml#id(Btr001.w.19,975)..id(Btr001.w.19,977)"/>
   </dialogueact>
   <dialogueact nite:id="Btr001.B.dialogueact2835" starttime="3659.41" endtime="3659.66" type="z" original-type="z" channel="c2" participant="fe067">
      <nite:child href="Btr001.B.words.xml#id(Btr001.w.20,183)..id(Btr001.w.20,184)"/>
   </dialogueact>
</nite:root>