<?xml version="1.0" encoding="ISO-8859-1" standalone="yes"?>
<nite:root nite:id="Buw001.B.dialogue-acts" xmlns:nite="http://nite.sourceforge.net/">
   <dialogueact nite:id="Buw001.B.dialogueact2" starttime="1.84" endtime="4.03" type="s" original-type="s" channel="c1" participant="fe016">
      <nite:child href="Buw001.B.words.xml#id(Buw001.w.7)..id(Buw001.w.17)"/>
   </dialogueact>
   <dialogueact nite:id="Buw001.B.dialogueact3" starttime="4.03" endtime="4.42" type="s.%-" original-type="s.%-" channel="c1" participant="fe016">
      <nite:child href="Buw001.B.words.xml#id(Buw001.w.18)..id(Buw001.disfmarker.3)"/>
   </dialogueact>
   <dialogueact nite:id="Buw001.B.dialogueact10" starttime="17.381" endtime="18.041" type="s^na" adjacency="2b" original-type="s^na" channel="c1" participant="fe016">
      <nite:child href="Buw001.B.words.xml#id(Buw001.w.66)..id(Buw001.w.70)"/>
   </dialogueact>
   <dialogueact nite:id="Buw001.B.dialogueact11" starttime="18.041" endtime="19.371" type="s" adjacency="3a" original-type="s" channel="c1" participant="fe016">
      <nite:child href="Buw001.B.words.xml#id(Buw001.w.71)..id(Buw001.w.76)"/>
   </dialogueact>
   <dialogueact nite:id="Buw001.B.dialogueact12" starttime="19.371" endtime="20.091" type="s" adjacency="3a+" original-type="s" channel="c1" participant="fe016">
      <nite:child href="Buw001.B.words.xml#id(Buw001.w.77)..id(Buw001.w.82)"/>
   </dialogueact>
   <dialogueact nite:id="Buw001.B.dialogueact13" starttime="20.091" endtime="20.481" type="s^df.%-" original-type="s^df.%-" channel="c1" participant="fe016">
      <nite:child href="Buw001.B.words.xml#id(Buw001.w.83)..id(Buw001.disfmarker.7)"/>
   </dialogueact>
   <dialogueact nite:id="Buw001.B.dialogueact15" starttime="21.86" endtime="22.52" type="s^e.%-" original-type="s^e.%-" channel="c1" participant="fe016">
      <nite:child href="Buw001.B.words.xml#id(Buw001.w.89)..id(Buw001.disfmarker.8)"/>
   </dialogueact>
   <dialogueact nite:id="Buw001.B.dialogueact17" starttime="22.55" endtime="23.06" type="s^aa" adjacency="4b-1" original-type="s^aa" channel="c1" participant="fe016">
      <nite:child href="Buw001.B.words.xml#id(Buw001.w.92)..id(Buw001.w.93)"/>
   </dialogueact>
   <dialogueact nite:id="Buw001.B.dialogueact18" starttime="24.84" endtime="25.18" type="b.%" original-type="b.%" channel="c1" participant="fe016">
      <nite:child href="Buw001.B.words.xml#id(Buw001.w.96)..id(Buw001.w.97)"/>
   </dialogueact>
   <dialogueact nite:id="Buw001.B.dialogueact23" starttime="40.51" endtime="41.48" type="s^aa|s" adjacency="5b-1" original-type="s^aa|s" channel="c1" participant="fe016">
      <nite:child href="Buw001.B.words.xml#id(Buw001.w.145)..id(Buw001.w.153)"/>
   </dialogueact>
   <dialogueact nite:id="Buw001.B.dialogueact26" starttime="42.88" endtime="45.12" type="s" adjacency="5b-3" original-type="s" channel="c1" participant="fe016">
      <nite:child href="Buw001.B.words.xml#id(Buw001.w.154)..id(Buw001.w.165)"/>
   </dialogueact>
   <dialogueact nite:id="Buw001.B.dialogueact35" starttime="58.432" endtime="59.442" type="qy^rt" adjacency="8b" original-type="qy^rt" channel="c1" participant="fe016">
      <nite:child href="Buw001.B.words.xml#id(Buw001.w.221)..id(Buw001.w.226)"/>
   </dialogueact>
   <dialogueact nite:id="Buw001.B.dialogueact47" starttime="70.061" endtime="71.601" type="s^cs" adjacency="10b-2.11a" original-type="s^cs" channel="c1" participant="fe016">
      <nite:child href="Buw001.B.words.xml#id(Buw001.w.305)..id(Buw001.w.316)"/>
   </dialogueact>
   <dialogueact nite:id="Buw001.B.dialogueact154" starttime="255.97" endtime="256.8" type="s" original-type="s" channel="c1" participant="fe016">
      <nite:child href="Buw001.B.words.xml#id(Buw001.w.1,101)..id(Buw001.w.1,106)"/>
   </dialogueact>
   <dialogueact nite:id="Buw001.B.dialogueact283" starttime="510.633" endtime="511.083" type="%-" original-type="%-" channel="c1" participant="fe016">
      <nite:child href="Buw001.B.words.xml#id(Buw001.w.2,249)..id(Buw001.disfmarker.89)"/>
   </dialogueact>
   <dialogueact nite:id="Buw001.B.dialogueact285" starttime="511.505" endtime="511.925" type="%-" original-type="%-" channel="c1" participant="fe016">
      <nite:child href="Buw001.B.words.xml#id(Buw001.w.2,282)..id(Buw001.disfmarker.90)"/>
   </dialogueact>
   <dialogueact nite:id="Buw001.B.dialogueact305" starttime="549.55" endtime="551.66" type="s" adjacency="62b" original-type="s" channel="c1" participant="fe016">
      <nite:child href="Buw001.B.words.xml#id(Buw001.w.2,448)..id(Buw001.w.2,458)"/>
   </dialogueact>
   <dialogueact nite:id="Buw001.B.dialogueact307" starttime="551.66" endtime="568.977" type="s" adjacency="63a" original-type="s" channel="c1" participant="fe016">
      <nite:child href="Buw001.B.words.xml#id(Buw001.w.2,459)..id(Buw001.w.2,530)"/>
   </dialogueact>
   <dialogueact nite:id="Buw001.B.dialogueact310" starttime="569.247" endtime="570.037" type="s.%--" original-type="s.%--" channel="c1" participant="fe016">
      <nite:child href="Buw001.B.words.xml#id(Buw001.w.2,535)..id(Buw001.disfmarker.97)"/>
   </dialogueact>
   <dialogueact nite:id="Buw001.B.dialogueact312" starttime="570.579" endtime="572.559" type="s" original-type="s" channel="c1" participant="fe016">
      <nite:child href="Buw001.B.words.xml#id(Buw001.w.2,539)..id(Buw001.w.2,549)"/>
   </dialogueact>
   <dialogueact nite:id="Buw001.B.dialogueact313" starttime="572.559" endtime="578.279" type="s" adjacency="64a" original-type="s" channel="c1" participant="fe016">
      <nite:child href="Buw001.B.words.xml#id(Buw001.w.2,550)..id(Buw001.w.2,578)"/>
   </dialogueact>
   <dialogueact nite:id="Buw001.B.dialogueact316" starttime="578.279" endtime="582.049" type="s" adjacency="65a" original-type="s" channel="c1" participant="fe016">
      <nite:child href="Buw001.B.words.xml#id(Buw001.w.2,579)..id(Buw001.w.2,603)"/>
   </dialogueact>
   <dialogueact nite:id="Buw001.B.dialogueact318" starttime="582.409" endtime="585.514" type="s" adjacency="65a+" original-type="s" channel="c1" participant="fe016">
      <nite:child href="Buw001.B.words.xml#id(Buw001.w.2,604)..id(Buw001.w.2,622)"/>
   </dialogueact>
   <dialogueact nite:id="Buw001.B.dialogueact319" starttime="585.514" endtime="587.934" type="s" adjacency="65a++" original-type="s" channel="c1" participant="fe016">
      <nite:child href="Buw001.B.words.xml#id(Buw001.w.2,623)..id(Buw001.w.2,635)"/>
   </dialogueact>
   <dialogueact nite:id="Buw001.B.dialogueact321" starttime="588.388" endtime="589.748" type="s^df.%--" adjacency="65a+++" original-type="s^df.%--" channel="c1" participant="fe016">
      <nite:child href="Buw001.B.words.xml#id(Buw001.w.2,640)..id(Buw001.disfmarker.100)"/>
   </dialogueact>
   <dialogueact nite:id="Buw001.B.dialogueact323" starttime="590.475" endtime="592.785" type="s^cs" adjacency="66a" original-type="s^cs" channel="c1" participant="fe016">
      <nite:child href="Buw001.B.words.xml#id(Buw001.w.2,652)..id(Buw001.w.2,665)"/>
   </dialogueact>
   <dialogueact nite:id="Buw001.B.dialogueact327" starttime="592.835" endtime="594.285" type="s^cs^e" adjacency="66a+" original-type="s^cs^e" channel="c1" participant="fe016">
      <nite:child href="Buw001.B.words.xml#id(Buw001.w.2,666)..id(Buw001.w.2,674)"/>
   </dialogueact>
   <dialogueact nite:id="Buw001.B.dialogueact329" starttime="595.018" endtime="595.478" type="%-" original-type="%-" channel="c1" participant="fe016">
      <nite:child href="Buw001.B.words.xml#id(Buw001.w.2,692)..id(Buw001.disfmarker.103)"/>
   </dialogueact>
   <dialogueact nite:id="Buw001.B.dialogueact333" starttime="600.103" endtime="604.833" type="fg|s^df" adjacency="67b-1.68a" original-type="fg|s^df" channel="c1" participant="fe016">
      <nite:child href="Buw001.B.words.xml#id(Buw001.w.2,722)..id(Buw001.w.2,741)"/>
   </dialogueact>
   <dialogueact nite:id="Buw001.B.dialogueact335" starttime="604.833" endtime="606.723" type="s^df^e" adjacency="67b-1+.68a+" original-type="s^df^e" channel="c1" participant="fe016">
      <nite:child href="Buw001.B.words.xml#id(Buw001.w.2,742)..id(Buw001.w.2,750)"/>
   </dialogueact>
   <dialogueact nite:id="Buw001.B.dialogueact336" starttime="606.723" endtime="607.083" type="s.%-" original-type="s.%-" channel="c1" participant="fe016">
      <nite:child href="Buw001.B.words.xml#id(Buw001.w.2,751)..id(Buw001.w.2,753)"/>
   </dialogueact>
   <dialogueact nite:id="Buw001.B.dialogueact339" starttime="608.49" endtime="608.9" type="%-" original-type="%-" channel="c1" participant="fe016">
      <nite:child href="Buw001.B.words.xml#id(Buw001.w.2,781)..id(Buw001.disfmarker.109)"/>
   </dialogueact>
   <dialogueact nite:id="Buw001.B.dialogueact344" starttime="622.02" endtime="622.37" type="b" original-type="b" channel="c1" participant="fe016">
      <nite:child href="Buw001.B.words.xml#id(Buw001.w.2,811)..id(Buw001.w.2,812)"/>
   </dialogueact>
   <dialogueact nite:id="Buw001.B.dialogueact347" starttime="639.792" endtime="642.032" type="s^df^ng" adjacency="3b-1" original-type="s^df^ng" channel="c1" participant="fe016">
      <nite:child href="Buw001.B.words.xml#id(Buw001.w.2,903)..id(Buw001.w.2,913)"/>
   </dialogueact>
   <dialogueact nite:id="Buw001.B.dialogueact353" starttime="656.292" endtime="659.162" type="s" adjacency="4b.5a" original-type="s" channel="c1" participant="fe016">
      <nite:child href="Buw001.B.words.xml#id(Buw001.w.2,972)..id(Buw001.w.2,983)"/>
   </dialogueact>
   <dialogueact nite:id="Buw001.B.dialogueact356" starttime="659.162" endtime="659.432" type="%-" original-type="%-" channel="c1" participant="fe016">
      <nite:child href="Buw001.B.words.xml#id(Buw001.w.2,984)..id(Buw001.disfmarker.114)"/>
   </dialogueact>
   <dialogueact nite:id="Buw001.B.dialogueact359" starttime="661.81" endtime="662.53" type="s^aa" adjacency="6b-1" original-type="s^aa" channel="c1" participant="fe016">
      <nite:child href="Buw001.B.words.xml#id(Buw001.w.3,007)..id(Buw001.w.3,010)"/>
   </dialogueact>
   <dialogueact nite:id="Buw001.B.dialogueact362" starttime="662.53" endtime="666.53" type="s" adjacency="6b-1+" original-type="s" channel="c1" participant="fe016">
      <nite:child href="Buw001.B.words.xml#id(Buw001.w.3,011)..id(Buw001.w.3,026)"/>
   </dialogueact>
   <dialogueact nite:id="Buw001.B.dialogueact366" starttime="666.53" endtime="667.55" type="s.%--" original-type="s.%--" channel="c1" participant="fe016">
      <nite:child href="Buw001.B.words.xml#id(Buw001.w.3,027)..id(Buw001.disfmarker.117)"/>
   </dialogueact>
   <dialogueact nite:id="Buw001.B.dialogueact367" starttime="668.16" endtime="673.24" type="s" adjacency="7a" original-type="s" channel="c1" participant="fe016">
      <nite:child href="Buw001.B.words.xml#id(Buw001.w.3,061)..id(Buw001.w.3,086)"/>
   </dialogueact>
   <dialogueact nite:id="Buw001.B.dialogueact369" starttime="673.24" endtime="675.26" type="s.%-" adjacency="7a+" original-type="s.%-" channel="c1" participant="fe016">
      <nite:child href="Buw001.B.words.xml#id(Buw001.w.3,087)..id(Buw001.disfmarker.120)"/>
   </dialogueact>
   <dialogueact nite:id="Buw001.B.dialogueact372" starttime="676.724" endtime="677.084" type="fh" original-type="fh" channel="c1" participant="fe016">
      <nite:child href="Buw001.B.words.xml#id(Buw001.w.3,129)..id(Buw001.w.3,130)"/>
   </dialogueact>
   <dialogueact nite:id="Buw001.B.dialogueact407" starttime="781.543" endtime="783.753" type="s" adjacency="13b.14a" original-type="s" channel="c1" participant="fe016">
      <nite:child href="Buw001.B.words.xml#id(Buw001.w.3,530)..id(Buw001.w.3,539)"/>
   </dialogueact>
   <dialogueact nite:id="Buw001.B.dialogueact410" starttime="783.753" endtime="786.113" type="s^e" original-type="s^e" channel="c1" participant="fe016">
      <nite:child href="Buw001.B.words.xml#id(Buw001.w.3,540)..id(Buw001.w.3,551)"/>
   </dialogueact>
   <dialogueact nite:id="Buw001.B.dialogueact419" starttime="801.772" endtime="802.082" type="s^aa" adjacency="16b-2" original-type="s^aa" channel="c1" participant="fe016">
      <nite:child href="Buw001.B.words.xml#id(Buw001.w.3,653)..id(Buw001.w.3,654)"/>
   </dialogueact>
   <dialogueact nite:id="Buw001.B.dialogueact424" starttime="811.86" endtime="813.5" type="s^cs^df" adjacency="17b.18a" original-type="s^cs^df" channel="c1" participant="fe016">
      <nite:child href="Buw001.B.words.xml#id(Buw001.w.3,708)..id(Buw001.w.3,717)"/>
   </dialogueact>
   <dialogueact nite:id="Buw001.B.dialogueact426" starttime="814.273" endtime="814.493" type="b" original-type="b" channel="c1" participant="fe016">
      <nite:child href="Buw001.B.words.xml#id(Buw001.w.3,753)..id(Buw001.w.3,754)"/>
   </dialogueact>
   <dialogueact nite:id="Buw001.B.dialogueact428" starttime="815.086" endtime="815.246" type="b" original-type="b" channel="c1" participant="fe016">
      <nite:child href="Buw001.B.words.xml#id(Buw001.w.3,755)..id(Buw001.w.3,756)"/>
   </dialogueact>
   <dialogueact nite:id="Buw001.B.dialogueact443" starttime="865.222" endtime="868.362" type="s^cs" adjacency="23b.24a" original-type="s^cs" channel="c1" participant="fe016">
      <nite:child href="Buw001.B.words.xml#id(Buw001.w.3,965)..id(Buw001.w.3,978)"/>
   </dialogueact>
   <dialogueact nite:id="Buw001.B.dialogueact447" starttime="869.938" endtime="870.148" type="qw^br^m" adjacency="25b" original-type="qw^br^m" channel="c1" participant="fe016">
      <nite:child href="Buw001.B.words.xml#id(Buw001.w.3,990)..id(Buw001.w.3,991)"/>
   </dialogueact>
   <dialogueact nite:id="Buw001.B.dialogueact450" starttime="878.831" endtime="885.461" type="s^ar|s^df.%--" adjacency="26b" original-type="s^ar|s^df.%--" channel="c1" participant="fe016">
      <nite:child href="Buw001.B.words.xml#id(Buw001.w.4,027)..id(Buw001.disfmarker.153)"/>
   </dialogueact>
   <dialogueact nite:id="Buw001.B.dialogueact452" starttime="886.119" endtime="891.199" type="s" original-type="s" channel="c1" participant="fe016">
      <nite:child href="Buw001.B.words.xml#id(Buw001.w.4,057)..id(Buw001.w.4,076)"/>
   </dialogueact>
   <dialogueact nite:id="Buw001.B.dialogueact453" starttime="891.667" endtime="893.077" type="s" original-type="s" channel="c1" participant="fe016">
      <nite:child href="Buw001.B.words.xml#id(Buw001.w.4,077)..id(Buw001.w.4,085)"/>
   </dialogueact>
   <dialogueact nite:id="Buw001.B.dialogueact454" starttime="893.077" endtime="896.447" type="s" original-type="s" channel="c1" participant="fe016">
      <nite:child href="Buw001.B.words.xml#id(Buw001.w.4,086)..id(Buw001.w.4,101)"/>
   </dialogueact>
   <dialogueact nite:id="Buw001.B.dialogueact456" starttime="897.09" endtime="898.48" type="s^df" original-type="s^df" channel="c1" participant="fe016">
      <nite:child href="Buw001.B.words.xml#id(Buw001.w.4,106)..id(Buw001.w.4,113)"/>
   </dialogueact>
   <dialogueact nite:id="Buw001.B.dialogueact458" starttime="898.55" endtime="900.04" type="s" original-type="s" channel="c1" participant="fe016">
      <nite:child href="Buw001.B.words.xml#id(Buw001.w.4,114)..id(Buw001.w.4,125)"/>
   </dialogueact>
   <dialogueact nite:id="Buw001.B.dialogueact460" starttime="900.38" endtime="906.299" type="s^cs" adjacency="27a" original-type="s^cs" channel="c1" participant="fe016">
      <nite:child href="Buw001.B.words.xml#id(Buw001.w.4,134)..id(Buw001.w.4,159)"/>
   </dialogueact>
   <dialogueact nite:id="Buw001.B.dialogueact461" starttime="906.299" endtime="908.655" type="s^cs^e" adjacency="27a+" original-type="s^cs^e" channel="c1" participant="fe016">
      <nite:child href="Buw001.B.words.xml#id(Buw001.w.4,160)..id(Buw001.w.4,171)"/>
   </dialogueact>
   <dialogueact nite:id="Buw001.B.dialogueact472" starttime="927.852" endtime="928.142" type="b" original-type="b" channel="c1" participant="fe016">
      <nite:child href="Buw001.B.words.xml#id(Buw001.w.4,260)..id(Buw001.w.4,263)"/>
   </dialogueact>
   <dialogueact nite:id="Buw001.B.dialogueact505" starttime="999.32" endtime="1000.94" type="qw" adjacency="31b.32a" original-type="qw" channel="c1" participant="fe016">
      <nite:child href="Buw001.B.words.xml#id(Buw001.w.4,640)..id(Buw001.w.4,647)"/>
   </dialogueact>
   <dialogueact nite:id="Buw001.B.dialogueact507" starttime="1000.94" endtime="1002.63" type="s^df^rt" original-type="s^df^rt" channel="c1" participant="fe016">
      <nite:child href="Buw001.B.words.xml#id(Buw001.w.4,648)..id(Buw001.w.4,657)"/>
   </dialogueact>
   <dialogueact nite:id="Buw001.B.dialogueact510" starttime="1002.63" endtime="1006.08" type="s^df" adjacency="33a" original-type="s^df" channel="c1" participant="fe016">
      <nite:child href="Buw001.B.words.xml#id(Buw001.w.4,658)..id(Buw001.w.4,677)"/>
   </dialogueact>
   <dialogueact nite:id="Buw001.B.dialogueact512" starttime="1006.08" endtime="1006.52" type="s^df^e.%--" adjacency="33a+" original-type="s^df^e.%--" channel="c1" participant="fe016">
      <nite:child href="Buw001.B.words.xml#id(Buw001.w.4,678)..id(Buw001.disfmarker.175)"/>
   </dialogueact>
   <dialogueact nite:id="Buw001.B.dialogueact513" starttime="1006.59" endtime="1009.45" type="s^df" adjacency="33a++" original-type="s^df" channel="c1" participant="fe016">
      <nite:child href="Buw001.B.words.xml#id(Buw001.w.4,680)..id(Buw001.w.4,691)"/>
   </dialogueact>
   <dialogueact nite:id="Buw001.B.dialogueact514" starttime="1009.79" endtime="1010.22" type="fh" original-type="fh" channel="c1" participant="fe016">
      <nite:child href="Buw001.B.words.xml#id(Buw001.w.4,692)..id(Buw001.disfmarker.176)"/>
   </dialogueact>
   <dialogueact nite:id="Buw001.B.dialogueact519" starttime="1022.72" endtime="1023.07" type="b" original-type="b" channel="c1" participant="fe016">
      <nite:child href="Buw001.B.words.xml#id(Buw001.w.4,762)..id(Buw001.w.4,765)"/>
   </dialogueact>
   <dialogueact nite:id="Buw001.B.dialogueact532" starttime="1045.79" endtime="1046.43" type="s^aa" adjacency="35b-3" original-type="s^aa" channel="c1" participant="fe016">
      <nite:child href="Buw001.B.words.xml#id(Buw001.w.4,859)..id(Buw001.w.4,860)"/>
   </dialogueact>
   <dialogueact nite:id="Buw001.B.dialogueact533" starttime="1046.63" endtime="1047.01" type="b" original-type="b" channel="c1" participant="fe016">
      <nite:child href="Buw001.B.words.xml#id(Buw001.w.4,861)..id(Buw001.w.4,862)"/>
   </dialogueact>
   <dialogueact nite:id="Buw001.B.dialogueact568" starttime="1110.29" endtime="1110.54" type="s" adjacency="38b" original-type="s" channel="c1" participant="fe016">
      <nite:child href="Buw001.B.words.xml#id(Buw001.w.5,154)..id(Buw001.w.5,155)"/>
   </dialogueact>
   <dialogueact nite:id="Buw001.B.dialogueact603" starttime="1152.25" endtime="1154.62" type="s^cs" adjacency="52a" original-type="s^cs" channel="c1" participant="fe016">
      <nite:child href="Buw001.B.words.xml#id(Buw001.w.5,375)..id(Buw001.w.5,388)"/>
   </dialogueact>
   <dialogueact nite:id="Buw001.B.dialogueact605" starttime="1154.62" endtime="1157.86" type="s^df" adjacency="52a+" original-type="s^df" channel="c1" participant="fe016">
      <nite:child href="Buw001.B.words.xml#id(Buw001.w.5,389)..id(Buw001.w.5,403)"/>
   </dialogueact>
   <dialogueact nite:id="Buw001.B.dialogueact606" starttime="1158.31" endtime="1159.18" type="s^no" original-type="s^no" channel="c1" participant="fe016">
      <nite:child href="Buw001.B.words.xml#id(Buw001.w.5,404)..id(Buw001.disfmarker.202)"/>
   </dialogueact>
   <dialogueact nite:id="Buw001.B.dialogueact608" starttime="1161.26" endtime="1162.07" type="s^r" original-type="s^r" channel="c1" participant="fe016">
      <nite:child href="Buw001.B.words.xml#id(Buw001.w.5,429)..id(Buw001.w.5,433)"/>
   </dialogueact>
   <dialogueact nite:id="Buw001.B.dialogueact609" starttime="1162.07" endtime="1165.41" type="s" original-type="s" channel="c1" participant="fe016">
      <nite:child href="Buw001.B.words.xml#id(Buw001.w.5,434)..id(Buw001.w.5,447)"/>
   </dialogueact>
   <dialogueact nite:id="Buw001.B.dialogueact610" starttime="1165.7" endtime="1166.72" type="s" original-type="s" channel="c1" participant="fe016">
      <nite:child href="Buw001.B.words.xml#id(Buw001.w.5,448)..id(Buw001.w.5,455)"/>
   </dialogueact>
   <dialogueact nite:id="Buw001.B.dialogueact611" starttime="1166.72" endtime="1167.4" type="s.%--" original-type="s.%--" channel="c1" participant="fe016">
      <nite:child href="Buw001.B.words.xml#id(Buw001.w.5,456)..id(Buw001.disfmarker.203)"/>
   </dialogueact>
   <dialogueact nite:id="Buw001.B.dialogueact612" starttime="1169.09" endtime="1171.55" type="s^cs" adjacency="53a" original-type="s^cs" channel="c1" participant="fe016">
      <nite:child href="Buw001.B.words.xml#id(Buw001.w.5,461)..id(Buw001.w.5,473)"/>
   </dialogueact>
   <dialogueact nite:id="Buw001.B.dialogueact613" starttime="1171.6" endtime="1173.75" type="s" adjacency="53a+" original-type="s" channel="c1" participant="fe016">
      <nite:child href="Buw001.B.words.xml#id(Buw001.w.5,474)..id(Buw001.w.5,483)"/>
   </dialogueact>
   <dialogueact nite:id="Buw001.B.dialogueact623" starttime="1185.14" endtime="1185.73" type="%-" original-type="%-" channel="c1" participant="fe016">
      <nite:child href="Buw001.B.words.xml#id(Buw001.w.5,548)..id(Buw001.w.5,550)"/>
   </dialogueact>
   <dialogueact nite:id="Buw001.B.dialogueact628" starttime="1190.14" endtime="1190.46" type="b" original-type="b" channel="c1" participant="fe016">
      <nite:child href="Buw001.B.words.xml#id(Buw001.w.5,588)..id(Buw001.w.5,589)"/>
   </dialogueact>
   <dialogueact nite:id="Buw001.B.dialogueact630" starttime="1191.25" endtime="1191.54" type="s^aa" adjacency="55b-2" original-type="s^aa" channel="c1" participant="fe016">
      <nite:child href="Buw001.B.words.xml#id(Buw001.w.5,597)..id(Buw001.w.5,598)"/>
   </dialogueact>
   <dialogueact nite:id="Buw001.B.dialogueact633" starttime="1191.61" endtime="1195.51" type="s^df^na" adjacency="55b-2+" original-type="s^df^na" channel="c1" participant="fe016">
      <nite:child href="Buw001.B.words.xml#id(Buw001.w.5,599)..id(Buw001.w.5,615)"/>
   </dialogueact>
   <dialogueact nite:id="Buw001.B.dialogueact640" starttime="1196.37" endtime="1197.76" type="s^e" original-type="s^e" channel="c1" participant="fe016">
      <nite:child href="Buw001.B.words.xml#id(Buw001.w.5,675)..id(Buw001.w.5,682)"/>
   </dialogueact>
   <dialogueact nite:id="Buw001.B.dialogueact653" starttime="1211.76" endtime="1213.16" type="s^na" adjacency="3b" original-type="s^na" channel="c1" participant="fe016">
      <nite:child href="Buw001.B.words.xml#id(Buw001.w.5,758)..id(Buw001.w.5,765)"/>
   </dialogueact>
   <dialogueact nite:id="Buw001.B.dialogueact655" starttime="1214.11" endtime="1214.52" type="s^cs.%-" original-type="s^cs.%-" channel="c1" participant="fe016">
      <nite:child href="Buw001.B.words.xml#id(Buw001.w.5,766)..id(Buw001.disfmarker.223)"/>
   </dialogueact>
   <dialogueact nite:id="Buw001.B.dialogueact656" starttime="1214.89" endtime="1216.56" type="s^2" adjacency="4b.5a" original-type="s^2" channel="c1" participant="fe016">
      <nite:child href="Buw001.B.words.xml#id(Buw001.w.5,769)..id(Buw001.w.5,775)"/>
   </dialogueact>
   <dialogueact nite:id="Buw001.B.dialogueact662" starttime="1218.37" endtime="1219.14" type="s^df.%-" original-type="s^df.%-" channel="c1" participant="fe016">
      <nite:child href="Buw001.B.words.xml#id(Buw001.w.5,814)..id(Buw001.disfmarker.224)"/>
   </dialogueact>
   <dialogueact nite:id="Buw001.B.dialogueact664" starttime="1220.69" endtime="1225.37" type="s^df:s" adjacency="6a" original-type="s^df:s" channel="c1" participant="fe016">
      <nite:child href="Buw001.B.words.xml#id(Buw001.w.5,816)..id(Buw001.w.5,841)"/>
   </dialogueact>
   <dialogueact nite:id="Buw001.B.dialogueact666" starttime="1225.37" endtime="1227.11" type="s^df^e:s" adjacency="6a+" original-type="s^df^e:s" channel="c1" participant="fe016">
      <nite:child href="Buw001.B.words.xml#id(Buw001.w.5,842)..id(Buw001.w.5,852)"/>
   </dialogueact>
   <dialogueact nite:id="Buw001.B.dialogueact667" starttime="1227.11" endtime="1227.2" type="fh" original-type="fh" channel="c1" participant="fe016">
      <nite:child href="Buw001.B.words.xml#id(Buw001.w.5,853)..id(Buw001.w.5,854)"/>
   </dialogueact>
   <dialogueact nite:id="Buw001.B.dialogueact668" starttime="1227.88" endtime="1228.13" type="%-" original-type="%-" channel="c1" participant="fe016">
      <nite:child href="Buw001.B.words.xml#id(Buw001.w.5,856)..id(Buw001.disfmarker.228)"/>
   </dialogueact>
   <dialogueact nite:id="Buw001.B.dialogueact683" starttime="1252.41" endtime="1253.92" type="s^na" adjacency="7b.8a" original-type="s^na" channel="c1" participant="fe016">
      <nite:child href="Buw001.B.words.xml#id(Buw001.w.5,973)..id(Buw001.w.5,977)"/>
   </dialogueact>
   <dialogueact nite:id="Buw001.B.dialogueact685" starttime="1254.36" endtime="1254.68" type="s^na" original-type="s^na" channel="c1" participant="fe016">
      <nite:child href="Buw001.B.words.xml#id(Buw001.w.5,980)..id(Buw001.w.5,981)"/>
   </dialogueact>
   <dialogueact nite:id="Buw001.B.dialogueact686" starttime="1254.68" endtime="1257.48" type="s" adjacency="9a" original-type="s" channel="c1" participant="fe016">
      <nite:child href="Buw001.B.words.xml#id(Buw001.w.5,982)..id(Buw001.w.5,998)"/>
   </dialogueact>
   <dialogueact nite:id="Buw001.B.dialogueact687" starttime="1257.48" endtime="1263.69" type="s" original-type="s" channel="c1" participant="fe016">
      <nite:child href="Buw001.B.words.xml#id(Buw001.w.5,999)..id(Buw001.w.6,022)"/>
   </dialogueact>
   <dialogueact nite:id="Buw001.B.dialogueact690" starttime="1263.69" endtime="1266.7" type="s" original-type="s" channel="c1" participant="fe016">
      <nite:child href="Buw001.B.words.xml#id(Buw001.w.6,023)..id(Buw001.w.6,031)"/>
   </dialogueact>
   <dialogueact nite:id="Buw001.B.dialogueact692" starttime="1266.7" endtime="1268.27" type="s^e" original-type="s^e" channel="c1" participant="fe016">
      <nite:child href="Buw001.B.words.xml#id(Buw001.w.6,032)..id(Buw001.w.6,039)"/>
   </dialogueact>
   <dialogueact nite:id="Buw001.B.dialogueact693" starttime="1268.8" endtime="1269.83" type="s^e" original-type="s^e" channel="c1" participant="fe016">
      <nite:child href="Buw001.B.words.xml#id(Buw001.w.6,044)..id(Buw001.w.6,049)"/>
   </dialogueact>
   <dialogueact nite:id="Buw001.B.dialogueact694" starttime="1270.45" endtime="1281.61" type="s" adjacency="10a" original-type="s" channel="c1" participant="fe016">
      <nite:child href="Buw001.B.words.xml#id(Buw001.w.6,050)..id(Buw001.w.6,081)"/>
   </dialogueact>
   <dialogueact nite:id="Buw001.B.dialogueact696" starttime="1281.61" endtime="1283.6" type="s" original-type="s" channel="c1" participant="fe016">
      <nite:child href="Buw001.B.words.xml#id(Buw001.w.6,082)..id(Buw001.w.6,092)"/>
   </dialogueact>
   <dialogueact nite:id="Buw001.B.dialogueact702" starttime="1286.32" endtime="1286.49" type="fh" original-type="fh" channel="c1" participant="fe016">
      <nite:child href="Buw001.B.words.xml#id(Buw001.w.6,120)..id(Buw001.disfmarker.249)"/>
   </dialogueact>
   <dialogueact nite:id="Buw001.B.dialogueact716" starttime="1313.04" endtime="1314.92" type="s^cs.%--" adjacency="13b" original-type="s^cs.%--" channel="c1" participant="fe016">
      <nite:child href="Buw001.B.words.xml#id(Buw001.w.6,242)..id(Buw001.disfmarker.254)"/>
   </dialogueact>
   <dialogueact nite:id="Buw001.B.dialogueact718" starttime="1314.92" endtime="1318.49" type="s^e" adjacency="13b" original-type="s^e" channel="c1" participant="fe016">
      <nite:child href="Buw001.B.words.xml#id(Buw001.w.6,249)..id(Buw001.w.6,265)"/>
   </dialogueact>
   <dialogueact nite:id="Buw001.B.dialogueact720" starttime="1318.86" endtime="1323.17" type="s" original-type="s" channel="c1" participant="fe016">
      <nite:child href="Buw001.B.words.xml#id(Buw001.w.6,270)..id(Buw001.w.6,290)"/>
   </dialogueact>
   <dialogueact nite:id="Buw001.B.dialogueact721" starttime="1323.17" endtime="1325.59" type="s" original-type="s" channel="c1" participant="fe016">
      <nite:child href="Buw001.B.words.xml#id(Buw001.w.6,291)..id(Buw001.w.6,303)"/>
   </dialogueact>
   <dialogueact nite:id="Buw001.B.dialogueact722" starttime="1326.02" endtime="1330.82" type="s.%-" adjacency="14a" original-type="s.%-" channel="c1" participant="fe016">
      <nite:child href="Buw001.B.words.xml#id(Buw001.w.6,304)..id(Buw001.w.6,320)"/>
   </dialogueact>
   <dialogueact nite:id="Buw001.B.dialogueact725" starttime="1331.15" endtime="1335.31" type="s^aa|s" adjacency="15b.16a" original-type="s^aa|s" channel="c1" participant="fe016">
      <nite:child href="Buw001.B.words.xml#id(Buw001.w.6,326)..id(Buw001.w.6,340)"/>
   </dialogueact>
   <dialogueact nite:id="Buw001.B.dialogueact728" starttime="1337.08" endtime="1338.46" type="s" adjacency="17a" original-type="s" channel="c1" participant="fe016">
      <nite:child href="Buw001.B.words.xml#id(Buw001.w.6,359)..id(Buw001.w.6,365)"/>
   </dialogueact>
   <dialogueact nite:id="Buw001.B.dialogueact744" starttime="1357.31" endtime="1359.19" type="s" original-type="s" channel="c1" participant="fe016">
      <nite:child href="Buw001.B.words.xml#id(Buw001.w.6,450)..id(Buw001.w.6,455)"/>
   </dialogueact>
   <dialogueact nite:id="Buw001.B.dialogueact745" starttime="1359.53" endtime="1361.28" type="s" original-type="s" channel="c1" participant="fe016">
      <nite:child href="Buw001.B.words.xml#id(Buw001.w.6,456)..id(Buw001.w.6,465)"/>
   </dialogueact>
   <dialogueact nite:id="Buw001.B.dialogueact746" starttime="1361.51" endtime="1362.39" type="s^e" original-type="s^e" channel="c1" participant="fe016">
      <nite:child href="Buw001.B.words.xml#id(Buw001.w.6,466)..id(Buw001.w.6,470)"/>
   </dialogueact>
   <dialogueact nite:id="Buw001.B.dialogueact747" starttime="1362.92" endtime="1372.78" type="s" original-type="s" channel="c1" participant="fe016">
      <nite:child href="Buw001.B.words.xml#id(Buw001.w.6,471)..id(Buw001.w.6,498)"/>
   </dialogueact>
   <dialogueact nite:id="Buw001.B.dialogueact749" starttime="1372.78" endtime="1376.97" type="s" original-type="s" channel="c1" participant="fe016">
      <nite:child href="Buw001.B.words.xml#id(Buw001.w.6,499)..id(Buw001.w.6,520)"/>
   </dialogueact>
   <dialogueact nite:id="Buw001.B.dialogueact750" starttime="1378.55" endtime="1388.21" type="s^df" adjacency="20a" original-type="s^df" channel="c1" participant="fe016">
      <nite:child href="Buw001.B.words.xml#id(Buw001.w.6,525)..id(Buw001.w.6,588)"/>
   </dialogueact>
   <dialogueact nite:id="Buw001.B.dialogueact759" starttime="1402.45" endtime="1405.1" type="s^cs" adjacency="22b-2" original-type="s^cs" channel="c1" participant="fe016">
      <nite:child href="Buw001.B.words.xml#id(Buw001.w.6,651)..id(Buw001.w.6,661)"/>
   </dialogueact>
   <dialogueact nite:id="Buw001.B.dialogueact761" starttime="1405.1" endtime="1406.15" type="s" original-type="s" channel="c1" participant="fe016">
      <nite:child href="Buw001.B.words.xml#id(Buw001.w.6,662)..id(Buw001.w.6,667)"/>
   </dialogueact>
   <dialogueact nite:id="Buw001.B.dialogueact762" starttime="1406.15" endtime="1407.02" type="s" original-type="s" channel="c1" participant="fe016">
      <nite:child href="Buw001.B.words.xml#id(Buw001.w.6,668)..id(Buw001.w.6,673)"/>
   </dialogueact>
   <dialogueact nite:id="Buw001.B.dialogueact763" starttime="1407.02" endtime="1408.85" type="s" original-type="s" channel="c1" participant="fe016">
      <nite:child href="Buw001.B.words.xml#id(Buw001.w.6,674)..id(Buw001.w.6,680)"/>
   </dialogueact>
   <dialogueact nite:id="Buw001.B.dialogueact766" starttime="1408.85" endtime="1411.55" type="s.%-" adjacency="23a" original-type="s.%-" channel="c1" participant="fe016">
      <nite:child href="Buw001.B.words.xml#id(Buw001.w.6,681)..id(Buw001.w.6,686)"/>
   </dialogueact>
   <dialogueact nite:id="Buw001.B.dialogueact770" starttime="1415.32" endtime="1417.84" type="s^aa|s^na" adjacency="24b.25a" original-type="s^aa|s^na" channel="c1" participant="fe016">
      <nite:child href="Buw001.B.words.xml#id(Buw001.w.6,727)..id(Buw001.w.6,738)"/>
   </dialogueact>
   <dialogueact nite:id="Buw001.B.dialogueact778" starttime="1425.62" endtime="1427.56" type="s^ar|s.%-" adjacency="27b-2" original-type="s^ar|s.%-" channel="c1" participant="fe016">
      <nite:child href="Buw001.B.words.xml#id(Buw001.w.6,809)..id(Buw001.disfmarker.279)"/>
   </dialogueact>
   <dialogueact nite:id="Buw001.B.dialogueact782" starttime="1428.08" endtime="1429.97" type="s^nd" adjacency="27b-2+" original-type="s^nd" channel="c1" participant="fe016">
      <nite:child href="Buw001.B.words.xml#id(Buw001.w.6,825)..id(Buw001.w.6,830)"/>
   </dialogueact>
   <dialogueact nite:id="Buw001.B.dialogueact785" starttime="1429.97" endtime="1431.44" type="s" original-type="s" channel="c1" participant="fe016">
      <nite:child href="Buw001.B.words.xml#id(Buw001.w.6,831)..id(Buw001.w.6,839)"/>
   </dialogueact>
   <dialogueact nite:id="Buw001.B.dialogueact788" starttime="1431.44" endtime="1432.09" type="s.%--" original-type="s.%--" channel="c1" participant="fe016">
      <nite:child href="Buw001.B.words.xml#id(Buw001.w.6,840)..id(Buw001.disfmarker.281)"/>
   </dialogueact>
   <dialogueact nite:id="Buw001.B.dialogueact789" starttime="1432.36" endtime="1433.95" type="s" original-type="s" channel="c1" participant="fe016">
      <nite:child href="Buw001.B.words.xml#id(Buw001.w.6,854)..id(Buw001.w.6,860)"/>
   </dialogueact>
   <dialogueact nite:id="Buw001.B.dialogueact790" starttime="1434.31" endtime="1436.56" type="s" original-type="s" channel="c1" participant="fe016">
      <nite:child href="Buw001.B.words.xml#id(Buw001.w.6,861)..id(Buw001.w.6,869)"/>
   </dialogueact>
   <dialogueact nite:id="Buw001.B.dialogueact792" starttime="1438.96" endtime="1441.04" type="s^e" original-type="s^e" channel="c1" participant="fe016">
      <nite:child href="Buw001.B.words.xml#id(Buw001.w.6,880)..id(Buw001.w.6,886)"/>
   </dialogueact>
   <dialogueact nite:id="Buw001.B.dialogueact795" starttime="1441.62" endtime="1443.83" type="s" original-type="s" channel="c1" participant="fe016">
      <nite:child href="Buw001.B.words.xml#id(Buw001.w.6,895)..id(Buw001.w.6,904)"/>
   </dialogueact>
   <dialogueact nite:id="Buw001.B.dialogueact796" starttime="1443.92" endtime="1445.18" type="s" original-type="s" channel="c1" participant="fe016">
      <nite:child href="Buw001.B.words.xml#id(Buw001.w.6,905)..id(Buw001.w.6,912)"/>
   </dialogueact>
   <dialogueact nite:id="Buw001.B.dialogueact803" starttime="1451.13" endtime="1451.46" type="s^aa^rt" adjacency="29b" original-type="s^aa^rt" channel="c1" participant="fe016">
      <nite:child href="Buw001.B.words.xml#id(Buw001.w.6,944)..id(Buw001.w.6,947)"/>
   </dialogueact>
   <dialogueact nite:id="Buw001.B.dialogueact804" starttime="1451.59" endtime="1452.25" type="s.%-" original-type="s.%-" channel="c1" participant="fe016">
      <nite:child href="Buw001.B.words.xml#id(Buw001.w.6,948)..id(Buw001.disfmarker.289)"/>
   </dialogueact>
   <dialogueact nite:id="Buw001.B.dialogueact806" starttime="1453.3" endtime="1456.26" type="s" adjacency="30b.31a" original-type="s" channel="c1" participant="fe016">
      <nite:child href="Buw001.B.words.xml#id(Buw001.w.6,959)..id(Buw001.w.6,976)"/>
   </dialogueact>
   <dialogueact nite:id="Buw001.B.dialogueact807" starttime="1456.97" endtime="1457.32" type="fh" original-type="fh" channel="c1" participant="fe016">
      <nite:child href="Buw001.B.words.xml#id(Buw001.w.6,977)..id(Buw001.w.6,978)"/>
   </dialogueact>
   <dialogueact nite:id="Buw001.B.dialogueact810" starttime="1458.93" endtime="1459.51" type="s^no" original-type="s^no" channel="c1" participant="fe016">
      <nite:child href="Buw001.B.words.xml#id(Buw001.w.6,998)..id(Buw001.w.7,002)"/>
   </dialogueact>
   <dialogueact nite:id="Buw001.B.dialogueact815" starttime="1467.26" endtime="1467.73" type="b" original-type="b" channel="c1" participant="fe016">
      <nite:child href="Buw001.B.words.xml#id(Buw001.w.7,045)..id(Buw001.w.7,046)"/>
   </dialogueact>
   <dialogueact nite:id="Buw001.B.dialogueact820" starttime="1474.7" endtime="1476.01" type="s.%--" original-type="s.%--" channel="c1" participant="fe016">
      <nite:child href="Buw001.B.words.xml#id(Buw001.w.7,082)..id(Buw001.disfmarker.297)"/>
   </dialogueact>
   <dialogueact nite:id="Buw001.B.dialogueact821" starttime="1476.84" endtime="1487.46" type="s" adjacency="33b.34a" original-type="s" channel="c1" participant="fe016">
      <nite:child href="Buw001.B.words.xml#id(Buw001.w.7,087)..id(Buw001.w.7,125)"/>
   </dialogueact>
   <dialogueact nite:id="Buw001.B.dialogueact823" starttime="1488.08" endtime="1490.68" type="s^rt" adjacency="35a" original-type="s^rt" channel="c1" participant="fe016">
      <nite:child href="Buw001.B.words.xml#id(Buw001.w.7,130)..id(Buw001.w.7,139)"/>
   </dialogueact>
   <dialogueact nite:id="Buw001.B.dialogueact824" starttime="1490.68" endtime="1492.63" type="s" adjacency="35a+" original-type="s" channel="c1" participant="fe016">
      <nite:child href="Buw001.B.words.xml#id(Buw001.w.7,140)..id(Buw001.w.7,148)"/>
   </dialogueact>
   <dialogueact nite:id="Buw001.B.dialogueact825" starttime="1492.84" endtime="1501.42" type="s" adjacency="35a++" original-type="s" channel="c1" participant="fe016">
      <nite:child href="Buw001.B.words.xml#id(Buw001.w.7,149)..id(Buw001.w.7,179)"/>
   </dialogueact>
   <dialogueact nite:id="Buw001.B.dialogueact830" starttime="1518.37" endtime="1518.59" type="b" original-type="b" channel="c1" participant="fe016">
      <nite:child href="Buw001.B.words.xml#id(Buw001.w.7,251)..id(Buw001.w.7,252)"/>
   </dialogueact>
   <dialogueact nite:id="Buw001.B.dialogueact839" starttime="1544.02" endtime="1544.75" type="s^2" adjacency="36b" original-type="s^2" channel="c1" participant="fe016">
      <nite:child href="Buw001.B.words.xml#id(Buw001.w.7,385)..id(Buw001.w.7,388)"/>
   </dialogueact>
   <dialogueact nite:id="Buw001.B.dialogueact841" starttime="1545.46" endtime="1550.36" type="s^cs" adjacency="36b+.37a" original-type="s^cs" channel="c1" participant="fe016">
      <nite:child href="Buw001.B.words.xml#id(Buw001.w.7,393)..id(Buw001.w.7,414)"/>
   </dialogueact>
   <dialogueact nite:id="Buw001.B.dialogueact846" starttime="1551.22" endtime="1554.09" type="s^df" original-type="s^df" channel="c1" participant="fe016">
      <nite:child href="Buw001.B.words.xml#id(Buw001.w.7,423)..id(Buw001.w.7,435)"/>
   </dialogueact>
   <dialogueact nite:id="Buw001.B.dialogueact849" starttime="1554.09" endtime="1561.7" type="s^df" adjacency="39a" original-type="s^df" channel="c1" participant="fe016">
      <nite:child href="Buw001.B.words.xml#id(Buw001.w.7,436)..id(Buw001.w.7,470)"/>
   </dialogueact>
   <dialogueact nite:id="Buw001.B.dialogueact868" starttime="1591.67" endtime="1596.96" type="s^aa|s" adjacency="45b-1.46a" original-type="s^aa|s" channel="c1" participant="fe016">
      <nite:child href="Buw001.B.words.xml#id(Buw001.w.7,620)..id(Buw001.w.7,669)"/>
   </dialogueact>
   <dialogueact nite:id="Buw001.B.dialogueact893" starttime="1653.43" endtime="1653.51" type="s^ba^t1.%" original-type="s^ba^t1.%" channel="c1" participant="fe016">
      <nite:child href="Buw001.B.words.xml#id(Buw001.w.7,893)..id(Buw001.w.7,894)"/>
   </dialogueact>
   <dialogueact nite:id="Buw001.B.dialogueact922" starttime="1732.86" endtime="1736.39" type="s" adjacency="53b-2.54a" original-type="s" channel="c1" participant="fe016">
      <nite:child href="Buw001.B.words.xml#id(Buw001.w.8,170)..id(Buw001.w.8,189)"/>
   </dialogueact>
   <dialogueact nite:id="Buw001.B.dialogueact924" starttime="1736.39" endtime="1736.58" type="%-" original-type="%-" channel="c1" participant="fe016">
      <nite:child href="Buw001.B.words.xml#id(Buw001.w.8,190)..id(Buw001.disfmarker.356)"/>
   </dialogueact>
   <dialogueact nite:id="Buw001.B.dialogueact927" starttime="1737.12" endtime="1738.5" type="s^e" original-type="s^e" channel="c1" participant="fe016">
      <nite:child href="Buw001.B.words.xml#id(Buw001.w.8,222)..id(Buw001.w.8,231)"/>
   </dialogueact>
   <dialogueact nite:id="Buw001.B.dialogueact930" starttime="1741.37" endtime="1745.29" type="s^aa|s^cs" adjacency="55b-1" original-type="s^aa|s^cs" channel="c1" participant="fe016">
      <nite:child href="Buw001.B.words.xml#id(Buw001.w.8,232)..id(Buw001.w.8,271)"/>
   </dialogueact>
   <dialogueact nite:id="Buw001.B.dialogueact947" starttime="1766.28" endtime="1768.72" type="s^cs" adjacency="59b-2.60a" original-type="s^cs" channel="c1" participant="fe016">
      <nite:child href="Buw001.B.words.xml#id(Buw001.w.8,397)..id(Buw001.w.8,408)"/>
   </dialogueact>
   <dialogueact nite:id="Buw001.B.dialogueact950" starttime="1769.21" endtime="1769.48" type="s^bk" original-type="s^bk" channel="c1" participant="fe016">
      <nite:child href="Buw001.B.words.xml#id(Buw001.w.8,422)..id(Buw001.w.8,423)"/>
   </dialogueact>
   <dialogueact nite:id="Buw001.B.dialogueact951" starttime="1769.89" endtime="1770.12" type="%-" original-type="%-" channel="c1" participant="fe016">
      <nite:child href="Buw001.B.words.xml#id(Buw001.w.8,424)..id(Buw001.disfmarker.361)"/>
   </dialogueact>
   <dialogueact nite:id="Buw001.B.dialogueact956" starttime="1776.2" endtime="1777.04" type="s^ba^na" adjacency="63b" original-type="s^ba^na" channel="c1" participant="fe016">
      <nite:child href="Buw001.B.words.xml#id(Buw001.w.8,452)..id(Buw001.w.8,458)"/>
   </dialogueact>
   <dialogueact nite:id="Buw001.B.dialogueact957" starttime="1777.28" endtime="1777.69" type="s.%-" original-type="s.%-" channel="c1" participant="fe016">
      <nite:child href="Buw001.B.words.xml#id(Buw001.w.8,459)..id(Buw001.disfmarker.363)"/>
   </dialogueact>
   <dialogueact nite:id="Buw001.B.dialogueact958" starttime="1778.35" endtime="1778.79" type="s^aa" adjacency="64b" original-type="s^aa" channel="c1" participant="fe016">
      <nite:child href="Buw001.B.words.xml#id(Buw001.w.8,468)..id(Buw001.w.8,469)"/>
   </dialogueact>
   <dialogueact nite:id="Buw001.B.dialogueact959" starttime="1779.24" endtime="1780.53" type="s.%-" adjacency="65a" original-type="s.%-" channel="c1" participant="fe016">
      <nite:child href="Buw001.B.words.xml#id(Buw001.w.8,470)..id(Buw001.disfmarker.365)"/>
   </dialogueact>
   <dialogueact nite:id="Buw001.B.dialogueact993" starttime="1846.56" endtime="1848.89" type="s^2" adjacency="4b.6a" original-type="s^2" channel="c1" participant="fe016">
      <nite:child href="Buw001.B.words.xml#id(Buw001.w.8,747)..id(Buw001.w.8,754)"/>
   </dialogueact>
   <dialogueact nite:id="Buw001.B.dialogueact1004" starttime="1857.18" endtime="1859.03" type="s^cs^j" adjacency="8b-1.9a" original-type="s^cs^j" channel="c1" participant="fe016">
      <nite:child href="Buw001.B.words.xml#id(Buw001.w.8,806)..id(Buw001.w.8,816)"/>
   </dialogueact>
   <dialogueact nite:id="Buw001.B.dialogueact1006" starttime="1859.03" endtime="1859.24" type="fh" original-type="fh" channel="c1" participant="fe016">
      <nite:child href="Buw001.B.words.xml#id(Buw001.w.8,817)..id(Buw001.disfmarker.375)"/>
   </dialogueact>
   <dialogueact nite:id="Buw001.B.dialogueact1008" starttime="1860.04" endtime="1863.17" type="s" adjacency="10a" original-type="s" channel="c1" participant="fe016">
      <nite:child href="Buw001.B.words.xml#id(Buw001.w.8,826)..id(Buw001.w.8,837)"/>
   </dialogueact>
   <dialogueact nite:id="Buw001.B.dialogueact1011" starttime="1863.17" endtime="1863.63" type="qy.%-" original-type="qy.%-" channel="c1" participant="fe016">
      <nite:child href="Buw001.B.words.xml#id(Buw001.w.8,838)..id(Buw001.disfmarker.377)"/>
   </dialogueact>
   <dialogueact nite:id="Buw001.B.dialogueact1016" starttime="1870.79" endtime="1871.42" type="s^aa" adjacency="11b-1" original-type="s^aa" channel="c1" participant="fe016">
      <nite:child href="Buw001.B.words.xml#id(Buw001.w.8,898)..id(Buw001.w.8,901)"/>
   </dialogueact>
   <dialogueact nite:id="Buw001.B.dialogueact1097" starttime="1985.8" endtime="1987.17" type="s" original-type="s" channel="c1" participant="fe016">
      <nite:child href="Buw001.B.words.xml#id(Buw001.w.9,489)..id(Buw001.w.9,497)"/>
   </dialogueact>
   <dialogueact nite:id="Buw001.B.dialogueact1131" starttime="2026.17" endtime="2029.67" type="qy" adjacency="34b" original-type="qy" channel="c1" participant="fe016">
      <nite:child href="Buw001.B.words.xml#id(Buw001.w.9,718)..id(Buw001.w.9,733)"/>
   </dialogueact>
   <dialogueact nite:id="Buw001.B.dialogueact1132" starttime="2029.66" endtime="2035.01" type="s" original-type="s" channel="c1" participant="fe016">
      <nite:child href="Buw001.B.words.xml#id(Buw001.w.9,734)..id(Buw001.w.9,752)"/>
   </dialogueact>
   <dialogueact nite:id="Buw001.B.dialogueact1134" starttime="2035.01" endtime="2035.84" type="s.%--" original-type="s.%--" channel="c1" participant="fe016">
      <nite:child href="Buw001.B.words.xml#id(Buw001.w.9,753)..id(Buw001.w.9,756)"/>
   </dialogueact>
   <dialogueact nite:id="Buw001.B.dialogueact1149" starttime="2051.68" endtime="2052.92" type="s^no" adjacency="41b-2" original-type="s^no" channel="c1" participant="fe016">
      <nite:child href="Buw001.B.words.xml#id(Buw001.w.9,845)..id(Buw001.w.9,851)"/>
   </dialogueact>
   <dialogueact nite:id="Buw001.B.dialogueact1153" starttime="2056.42" endtime="2057.97" type="s" original-type="s" channel="c1" participant="fe016">
      <nite:child href="Buw001.B.words.xml#id(Buw001.w.9,870)..id(Buw001.w.9,876)"/>
   </dialogueact>
   <dialogueact nite:id="Buw001.B.dialogueact1174" starttime="2080.72" endtime="2084.86" type="s^t3" original-type="s^t3" channel="c1" participant="fe016">
      <nite:child href="Buw001.B.words.xml#id(Buw001.w.9,985)..id(Buw001.w.9,997)"/>
   </dialogueact>
   <dialogueact nite:id="Buw001.B.dialogueact1180" starttime="2084.86" endtime="2085.44" type="s^e^t3" original-type="s^e^t3" channel="c1" participant="fe016">
      <nite:child href="Buw001.B.words.xml#id(Buw001.w.9,998)..id(Buw001.w.10,002)"/>
   </dialogueact>
   <dialogueact nite:id="Buw001.B.dialogueact1207" starttime="2149.27" endtime="2154.32" type="s^nd" adjacency="53b" original-type="s^nd" channel="c1" participant="fe016">
      <nite:child href="Buw001.B.words.xml#id(Buw001.w.10,281)..id(Buw001.w.10,303)"/>
   </dialogueact>
   <dialogueact nite:id="Buw001.B.dialogueact1208" starttime="2154.32" endtime="2155.32" type="s" adjacency="53b+" original-type="s" channel="c1" participant="fe016">
      <nite:child href="Buw001.B.words.xml#id(Buw001.w.10,304)..id(Buw001.w.10,311)"/>
   </dialogueact>
   <dialogueact nite:id="Buw001.B.dialogueact1209" starttime="2155.32" endtime="2157.06" type="s^cs" adjacency="54a" original-type="s^cs" channel="c1" participant="fe016">
      <nite:child href="Buw001.B.words.xml#id(Buw001.w.10,312)..id(Buw001.w.10,322)"/>
   </dialogueact>
   <dialogueact nite:id="Buw001.B.dialogueact1211" starttime="2157.79" endtime="2158.17" type="fh" original-type="fh" channel="c1" participant="fe016">
      <nite:child href="Buw001.B.words.xml#id(Buw001.w.10,327)..id(Buw001.disfmarker.431)"/>
   </dialogueact>
   <dialogueact nite:id="Buw001.B.dialogueact1216" starttime="2161.23" endtime="2161.83" type="s^bk" adjacency="56b" original-type="s^bk" channel="c1" participant="fe016">
      <nite:child href="Buw001.B.words.xml#id(Buw001.w.10,363)..id(Buw001.w.10,366)"/>
   </dialogueact>
   <dialogueact nite:id="Buw001.B.dialogueact1218" starttime="2162.17" endtime="2162.63" type="qw.%--" adjacency="57a" original-type="qw.%--" channel="c1" participant="fe016">
      <nite:child href="Buw001.B.words.xml#id(Buw001.w.10,367)..id(Buw001.w.10,370)"/>
   </dialogueact>
   <dialogueact nite:id="Buw001.B.dialogueact1221" starttime="2163.52" endtime="2164.12" type="s^2" adjacency="57a" original-type="s^2" channel="c1" participant="fe016">
      <nite:child href="Buw001.B.words.xml#id(Buw001.w.10,376)..id(Buw001.w.10,379)"/>
   </dialogueact>
   <dialogueact nite:id="Buw001.B.dialogueact1223" starttime="2165.22" endtime="2176.23" type="s.%--" adjacency="58a" original-type="s.%--" channel="c1" participant="fe016">
      <nite:child href="Buw001.B.words.xml#id(Buw001.w.10,391)..id(Buw001.w.10,453)"/>
   </dialogueact>
   <dialogueact nite:id="Buw001.B.dialogueact1227" starttime="2176.24" endtime="2179.81" type="s" adjacency="58a+" original-type="s" channel="c1" participant="fe016">
      <nite:child href="Buw001.B.words.xml#id(Buw001.w.10,454)..id(Buw001.w.10,470)"/>
   </dialogueact>
   <dialogueact nite:id="Buw001.B.dialogueact1228" starttime="2180.24" endtime="2181.41" type="s^e" adjacency="58a++" original-type="s^e" channel="c1" participant="fe016">
      <nite:child href="Buw001.B.words.xml#id(Buw001.w.10,471)..id(Buw001.disfmarker.438)"/>
   </dialogueact>
   <dialogueact nite:id="Buw001.B.dialogueact1229" starttime="2181.87" endtime="2182.2" type="s^bk" original-type="s^bk" channel="c1" participant="fe016">
      <nite:child href="Buw001.B.words.xml#id(Buw001.w.10,482)..id(Buw001.w.10,483)"/>
   </dialogueact>
   <dialogueact nite:id="Buw001.B.dialogueact1231" starttime="2182.51" endtime="2182.75" type="%--" original-type="%--" channel="c1" participant="fe016">
      <nite:child href="Buw001.B.words.xml#id(Buw001.w.10,484)..id(Buw001.disfmarker.440)"/>
   </dialogueact>
   <dialogueact nite:id="Buw001.B.dialogueact1232" starttime="2183.42" endtime="2185.66" type="s" adjacency="59a" original-type="s" channel="c1" participant="fe016">
      <nite:child href="Buw001.B.words.xml#id(Buw001.w.10,486)..id(Buw001.w.10,499)"/>
   </dialogueact>
   <dialogueact nite:id="Buw001.B.dialogueact1235" starttime="2187.59" endtime="2187.97" type="%-" original-type="%-" channel="c1" participant="fe016">
      <nite:child href="Buw001.B.words.xml#id(Buw001.w.10,522)"/>
   </dialogueact>
   <dialogueact nite:id="Buw001.B.dialogueact1238" starttime="2196.82" endtime="2197.44" type="s^ba" adjacency="60b" original-type="s^ba" channel="c1" participant="fe016">
      <nite:child href="Buw001.B.words.xml#id(Buw001.w.10,558)..id(Buw001.w.10,563)"/>
   </dialogueact>
   <dialogueact nite:id="Buw001.B.dialogueact1241" starttime="2204.39" endtime="2206.24" type="s^j" adjacency="61b-1.62a" original-type="s^j" channel="c1" participant="fe016">
      <nite:child href="Buw001.B.words.xml#id(Buw001.w.10,590)..id(Buw001.w.10,597)"/>
   </dialogueact>
   <dialogueact nite:id="Buw001.B.dialogueact1250" starttime="2221.25" endtime="2221.82" type="%-" original-type="%-" channel="c1" participant="fe016">
      <nite:child href="Buw001.B.words.xml#id(Buw001.w.10,672)"/>
   </dialogueact>
   <dialogueact nite:id="Buw001.B.dialogueact1256" starttime="2233.43" endtime="2234.35" type="s^t3" adjacency="68a" original-type="s^t3" channel="c1" participant="fe016">
      <nite:child href="Buw001.B.words.xml#id(Buw001.w.10,730)..id(Buw001.w.10,735)"/>
   </dialogueact>
   <dialogueact nite:id="Buw001.B.dialogueact1488" starttime="2714.51" endtime="2717.01" type="s" adjacency="28b" original-type="s" channel="c1" participant="fe016">
      <nite:child href="Buw001.B.words.xml#id(Buw001.w.12,886)..id(Buw001.w.12,897)"/>
   </dialogueact>
   <dialogueact nite:id="Buw001.B.dialogueact1489" starttime="2717.01" endtime="2723.52" type="s^rt" adjacency="29a" original-type="s^rt" channel="c1" participant="fe016">
      <nite:child href="Buw001.B.words.xml#id(Buw001.w.12,898)..id(Buw001.w.12,921)"/>
   </dialogueact>
   <dialogueact nite:id="Buw001.B.dialogueact1490" starttime="2723.74" endtime="2727.26" type="s|qy^d^f^g" adjacency="29a+" original-type="s|qy^d^f^g" channel="c1" participant="fe016">
      <nite:child href="Buw001.B.words.xml#id(Buw001.w.12,922)..id(Buw001.w.12,934)"/>
   </dialogueact>
   <dialogueact nite:id="Buw001.B.dialogueact1492" starttime="2727.58" endtime="2729.4" type="s.%--" original-type="s.%--" channel="c1" participant="fe016">
      <nite:child href="Buw001.B.words.xml#id(Buw001.w.12,940)..id(Buw001.disfmarker.560)"/>
   </dialogueact>
   <dialogueact nite:id="Buw001.B.dialogueact1493" starttime="2729.9" endtime="2733.08" type="s^cs.%--" original-type="s^cs.%--" channel="c1" participant="fe016">
      <nite:child href="Buw001.B.words.xml#id(Buw001.w.12,948)..id(Buw001.disfmarker.561)"/>
   </dialogueact>
   <dialogueact nite:id="Buw001.B.dialogueact1494" starttime="2733.96" endtime="2744.02" type="s.%--:qy.%--" original-type="s.%--:qy.%--" channel="c1" participant="fe016">
      <nite:child href="Buw001.B.words.xml#id(Buw001.w.12,961)..id(Buw001.w.12,999)"/>
   </dialogueact>
   <dialogueact nite:id="Buw001.B.dialogueact1496" starttime="2744.02" endtime="2748.1" type="s" original-type="s" channel="c1" participant="fe016">
      <nite:child href="Buw001.B.words.xml#id(Buw001.w.13,000)..id(Buw001.w.13,015)"/>
   </dialogueact>
   <dialogueact nite:id="Buw001.B.dialogueact1498" starttime="2748.1" endtime="2749.47" type="s" original-type="s" channel="c1" participant="fe016">
      <nite:child href="Buw001.B.words.xml#id(Buw001.w.13,016)..id(Buw001.w.13,022)"/>
   </dialogueact>
   <dialogueact nite:id="Buw001.B.dialogueact1499" starttime="2749.47" endtime="2750.54" type="s^df" original-type="s^df" channel="c1" participant="fe016">
      <nite:child href="Buw001.B.words.xml#id(Buw001.w.13,023)..id(Buw001.w.13,030)"/>
   </dialogueact>
   <dialogueact nite:id="Buw001.B.dialogueact1500" starttime="2750.9" endtime="2753.78" type="s.%-" adjacency="30a" original-type="s.%-" channel="c1" participant="fe016">
      <nite:child href="Buw001.B.words.xml#id(Buw001.w.13,033)..id(Buw001.disfmarker.563)"/>
   </dialogueact>
   <dialogueact nite:id="Buw001.B.dialogueact1507" starttime="2759.46" endtime="2760.5" type="s.%-" adjacency="32b-2" original-type="s.%-" channel="c1" participant="fe016">
      <nite:child href="Buw001.B.words.xml#id(Buw001.w.13,115)..id(Buw001.disfmarker.569)"/>
   </dialogueact>
   <dialogueact nite:id="Buw001.B.dialogueact1551" starttime="2818.7" endtime="2825.51" type="s" adjacency="44b-2.45a" original-type="s" channel="c1" participant="fe016">
      <nite:child href="Buw001.B.words.xml#id(Buw001.w.13,414)..id(Buw001.w.13,446)"/>
   </dialogueact>
   <dialogueact nite:id="Buw001.B.dialogueact1553" starttime="2825.66" endtime="2827.68" type="s^df" adjacency="44b-2+.45a+" original-type="s^df" channel="c1" participant="fe016">
      <nite:child href="Buw001.B.words.xml#id(Buw001.w.13,447)..id(Buw001.w.13,460)"/>
   </dialogueact>
   <dialogueact nite:id="Buw001.B.dialogueact1556" starttime="2828.79" endtime="2832.0" type="s^bu|qy^d^g" adjacency="46b.47a" original-type="s^bu|qy^d^g" channel="c1" participant="fe016">
      <nite:child href="Buw001.B.words.xml#id(Buw001.w.13,478)..id(Buw001.w.13,495)"/>
   </dialogueact>
   <dialogueact nite:id="Buw001.B.dialogueact1557" starttime="2832.19" endtime="2833.88" type="s^e:s" adjacency="46b+.47a+" original-type="s^e:s" channel="c1" participant="fe016">
      <nite:child href="Buw001.B.words.xml#id(Buw001.w.13,496)..id(Buw001.w.13,502)"/>
   </dialogueact>
   <dialogueact nite:id="Buw001.B.dialogueact1559" starttime="2835.07" endtime="2835.9" type="s.%--" original-type="s.%--" channel="c1" participant="fe016">
      <nite:child href="Buw001.B.words.xml#id(Buw001.w.13,522)..id(Buw001.disfmarker.584)"/>
   </dialogueact>
   <dialogueact nite:id="Buw001.B.dialogueact1564" starttime="2842.43" endtime="2845.64" type="s" adjacency="48b.49a" original-type="s" channel="c1" participant="fe016">
      <nite:child href="Buw001.B.words.xml#id(Buw001.w.13,563)..id(Buw001.w.13,575)"/>
   </dialogueact>
   <dialogueact nite:id="Buw001.B.dialogueact1566" starttime="2846.18" endtime="2846.37" type="fh" original-type="fh" channel="c1" participant="fe016">
      <nite:child href="Buw001.B.words.xml#id(Buw001.w.13,576)..id(Buw001.w.13,577)"/>
   </dialogueact>
   <dialogueact nite:id="Buw001.B.dialogueact1572" starttime="2850.98" endtime="2851.26" type="s^aa" adjacency="50b" original-type="s^aa" channel="c1" participant="fe016">
      <nite:child href="Buw001.B.words.xml#id(Buw001.w.13,611)..id(Buw001.w.13,612)"/>
   </dialogueact>
   <dialogueact nite:id="Buw001.B.dialogueact1573" starttime="2852.05" endtime="2852.34" type="s^bk" adjacency="51b-1" original-type="s^bk" channel="c1" participant="fe016">
      <nite:child href="Buw001.B.words.xml#id(Buw001.w.13,613)..id(Buw001.w.13,614)"/>
   </dialogueact>
   <dialogueact nite:id="Buw001.B.dialogueact1701" starttime="3037.32" endtime="3041.27" type="s^cs" adjacency="2b.3a" original-type="s^cs" channel="c1" participant="fe016">
      <nite:child href="Buw001.B.words.xml#id(Buw001.w.14,458)..id(Buw001.disfmarker.628)"/>
   </dialogueact>
   <dialogueact nite:id="Buw001.B.dialogueact1704" starttime="3042.04" endtime="3044.35" type="s^df" adjacency="4a" original-type="s^df" channel="c1" participant="fe016">
      <nite:child href="Buw001.B.words.xml#id(Buw001.w.14,483)..id(Buw001.w.14,498)"/>
   </dialogueact>
   <dialogueact nite:id="Buw001.B.dialogueact1707" starttime="3046.3" endtime="3046.51" type="s^bk" original-type="s^bk" channel="c1" participant="fe016">
      <nite:child href="Buw001.B.words.xml#id(Buw001.w.14,505)..id(Buw001.w.14,508)"/>
   </dialogueact>
   <dialogueact nite:id="Buw001.B.dialogueact1711" starttime="3047.37" endtime="3047.68" type="b" original-type="b" channel="c1" participant="fe016">
      <nite:child href="Buw001.B.words.xml#id(Buw001.w.14,529)..id(Buw001.w.14,532)"/>
   </dialogueact>
   <dialogueact nite:id="Buw001.B.dialogueact1714" starttime="3049.15" endtime="3049.39" type="%-" original-type="%-" channel="c1" participant="fe016">
      <nite:child href="Buw001.B.words.xml#id(Buw001.w.14,561)"/>
   </dialogueact>
   <dialogueact nite:id="Buw001.B.dialogueact1717" starttime="3050.19" endtime="3050.87" type="%-" original-type="%-" channel="c1" participant="fe016">
      <nite:child href="Buw001.B.words.xml#id(Buw001.w.14,564)..id(Buw001.disfmarker.632)"/>
   </dialogueact>
   <dialogueact nite:id="Buw001.B.dialogueact1720" starttime="3051.94" endtime="3052.2" type="s^aa" adjacency="7b-2" original-type="s^aa" channel="c1" participant="fe016">
      <nite:child href="Buw001.B.words.xml#id(Buw001.w.14,573)..id(Buw001.w.14,574)"/>
   </dialogueact>
   <dialogueact nite:id="Buw001.B.dialogueact1721" starttime="3052.2" endtime="3056.71" type="s" original-type="s" channel="c1" participant="fe016">
      <nite:child href="Buw001.B.words.xml#id(Buw001.w.14,575)..id(Buw001.w.14,590)"/>
   </dialogueact>
   <dialogueact nite:id="Buw001.B.dialogueact1941" starttime="3396.67" endtime="3397.68" type="s" adjacency="62b.63a" original-type="s" channel="c1" participant="fe016">
      <nite:child href="Buw001.B.words.xml#id(Buw001.w.16,135)..id(Buw001.w.16,137)"/>
   </dialogueact>
   <dialogueact nite:id="Buw001.B.dialogueact1945" starttime="3398.69" endtime="3402.3" type="s^cs" adjacency="64a" original-type="s^cs" channel="c1" participant="fe016">
      <nite:child href="Buw001.B.words.xml#id(Buw001.w.16,153)..id(Buw001.w.16,166)"/>
   </dialogueact>
   <dialogueact nite:id="Buw001.B.dialogueact1947" starttime="3402.3" endtime="3403.11" type="s" adjacency="64a+" original-type="s" channel="c1" participant="fe016">
      <nite:child href="Buw001.B.words.xml#id(Buw001.w.16,167)..id(Buw001.w.16,169)"/>
   </dialogueact>
   <dialogueact nite:id="Buw001.B.dialogueact1949" starttime="3404.37" endtime="3404.78" type="fh" original-type="fh" channel="c1" participant="fe016">
      <nite:child href="Buw001.B.words.xml#id(Buw001.w.16,185)..id(Buw001.disfmarker.713)"/>
   </dialogueact>
   <dialogueact nite:id="Buw001.B.dialogueact1951" starttime="3406.32" endtime="3406.85" type="s^aa|%--" adjacency="65b" original-type="s^aa|%--" channel="c1" participant="fe016">
      <nite:child href="Buw001.B.words.xml#id(Buw001.w.16,188)..id(Buw001.disfmarker.714)"/>
   </dialogueact>
   <dialogueact nite:id="Buw001.B.dialogueact1952" starttime="3406.85" endtime="3407.05" type="s^aa" adjacency="65b+" original-type="s^aa" channel="c1" participant="fe016">
      <nite:child href="Buw001.B.words.xml#id(Buw001.w.16,192)..id(Buw001.w.16,193)"/>
   </dialogueact>
   <dialogueact nite:id="Buw001.B.dialogueact1953" starttime="3407.05" endtime="3407.71" type="%--" original-type="%--" channel="c1" participant="fe016">
      <nite:child href="Buw001.B.words.xml#id(Buw001.w.16,194)..id(Buw001.disfmarker.715)"/>
   </dialogueact>
   <dialogueact nite:id="Buw001.B.dialogueact1954" starttime="3407.71" endtime="3407.82" type="%--" original-type="%--" channel="c1" participant="fe016">
      <nite:child href="Buw001.B.words.xml#id(Buw001.w.16,197)"/>
   </dialogueact>
   <dialogueact nite:id="Buw001.B.dialogueact1955" starttime="3408.3" endtime="3411.86" type="s" adjacency="65b++.66a" original-type="s" channel="c1" participant="fe016">
      <nite:child href="Buw001.B.words.xml#id(Buw001.w.16,198)..id(Buw001.w.16,217)"/>
   </dialogueact>
   <dialogueact nite:id="Buw001.B.dialogueact1956" starttime="3411.86" endtime="3413.04" type="s^df.%-" original-type="s^df.%-" channel="c1" participant="fe016">
      <nite:child href="Buw001.B.words.xml#id(Buw001.w.16,218)..id(Buw001.disfmarker.716)"/>
   </dialogueact>
   <dialogueact nite:id="Buw001.B.dialogueact1960" starttime="3415.86" endtime="3416.16" type="b" original-type="b" channel="c1" participant="fe016">
      <nite:child href="Buw001.B.words.xml#id(Buw001.w.16,250)..id(Buw001.w.16,251)"/>
   </dialogueact>
   <dialogueact nite:id="Buw001.B.dialogueact1998" starttime="3523.7" endtime="3525.02" type="s" original-type="s" channel="c1" participant="fe016">
      <nite:child href="Buw001.B.words.xml#id(Buw001.w.16,653)..id(Buw001.w.16,658)"/>
   </dialogueact>
   <dialogueact nite:id="Buw001.B.dialogueact2000" starttime="3525.02" endtime="3531.88" type="s" original-type="s" channel="c1" participant="fe016">
      <nite:child href="Buw001.B.words.xml#id(Buw001.w.16,659)..id(Buw001.w.16,683)"/>
   </dialogueact>
   <dialogueact nite:id="Buw001.B.dialogueact2001" starttime="3531.88" endtime="3533.2" type="s.%--" original-type="s.%--" channel="c1" participant="fe016">
      <nite:child href="Buw001.B.words.xml#id(Buw001.w.16,684)..id(Buw001.disfmarker.733)"/>
   </dialogueact>
   <dialogueact nite:id="Buw001.B.dialogueact2002" starttime="3534.15" endtime="3540.14" type="s" adjacency="73b" original-type="s" channel="c1" participant="fe016">
      <nite:child href="Buw001.B.words.xml#id(Buw001.w.16,688)..id(Buw001.w.16,712)"/>
   </dialogueact>
   <dialogueact nite:id="Buw001.B.dialogueact2007" starttime="3541.77" endtime="3542.31" type="fh" original-type="fh" channel="c1" participant="fe016">
      <nite:child href="Buw001.B.words.xml#id(Buw001.w.16,755)..id(Buw001.w.16,756)"/>
   </dialogueact>
   <dialogueact nite:id="Buw001.B.dialogueact2009" starttime="3546.46" endtime="3550.07" type="s" adjacency="74b-2" original-type="s" channel="c1" participant="fe016">
      <nite:child href="Buw001.B.words.xml#id(Buw001.w.16,757)..id(Buw001.w.16,770)"/>
   </dialogueact>
   <dialogueact nite:id="Buw001.B.dialogueact2054" starttime="3656.76" endtime="3657.06" type="s^aa" adjacency="6b" original-type="s^aa" channel="c1" participant="fe016">
      <nite:child href="Buw001.B.words.xml#id(Buw001.w.17,200)..id(Buw001.w.17,203)"/>
   </dialogueact>
   <dialogueact nite:id="Buw001.B.dialogueact2056" starttime="3657.91" endtime="3659.06" type="s" adjacency="7b" original-type="s" channel="c1" participant="fe016">
      <nite:child href="Buw001.B.words.xml#id(Buw001.w.17,208)..id(Buw001.w.17,214)"/>
   </dialogueact>
   <dialogueact nite:id="Buw001.B.dialogueact2057" starttime="3659.06" endtime="3663.6" type="s" original-type="s" channel="c1" participant="fe016">
      <nite:child href="Buw001.B.words.xml#id(Buw001.w.17,215)..id(Buw001.w.17,229)"/>
   </dialogueact>
   <dialogueact nite:id="Buw001.B.dialogueact2059" starttime="3663.6" endtime="3665.16" type="s.%--" original-type="s.%--" channel="c1" participant="fe016">
      <nite:child href="Buw001.B.words.xml#id(Buw001.w.17,230)..id(Buw001.disfmarker.755)"/>
   </dialogueact>
   <dialogueact nite:id="Buw001.B.dialogueact2061" starttime="3665.38" endtime="3666.6" type="s" original-type="s" channel="c1" participant="fe016">
      <nite:child href="Buw001.B.words.xml#id(Buw001.w.17,239)..id(Buw001.w.17,246)"/>
   </dialogueact>
   <dialogueact nite:id="Buw001.B.dialogueact2062" starttime="3666.66" endtime="3666.86" type="%--" original-type="%--" channel="c1" participant="fe016">
      <nite:child href="Buw001.B.words.xml#id(Buw001.w.17,247)..id(Buw001.disfmarker.756)"/>
   </dialogueact>
   <dialogueact nite:id="Buw001.B.dialogueact2063" starttime="3667.55" endtime="3673.46" type="s" original-type="s" channel="c1" participant="fe016">
      <nite:child href="Buw001.B.words.xml#id(Buw001.w.17,248)..id(Buw001.w.17,270)"/>
   </dialogueact>
   <dialogueact nite:id="Buw001.B.dialogueact2064" starttime="3673.79" endtime="3675.44" type="s" original-type="s" channel="c1" participant="fe016">
      <nite:child href="Buw001.B.words.xml#id(Buw001.w.17,271)..id(Buw001.w.17,274)"/>
   </dialogueact>
   <dialogueact nite:id="Buw001.B.dialogueact2065" starttime="3676.42" endtime="3677.38" type="s" original-type="s" channel="c1" participant="fe016">
      <nite:child href="Buw001.B.words.xml#id(Buw001.w.17,275)..id(Buw001.w.17,279)"/>
   </dialogueact>
   <dialogueact nite:id="Buw001.B.dialogueact2066" starttime="3678.05" endtime="3678.51" type="fh" original-type="fh" channel="c1" participant="fe016">
      <nite:child href="Buw001.B.words.xml#id(Buw001.w.17,280)..id(Buw001.w.17,281)"/>
   </dialogueact>
   <dialogueact nite:id="Buw001.B.dialogueact2067" starttime="3679.25" endtime="3681.86" type="s.%--" original-type="s.%--" channel="c1" participant="fe016">
      <nite:child href="Buw001.B.words.xml#id(Buw001.w.17,282)..id(Buw001.disfmarker.758)"/>
   </dialogueact>
   <dialogueact nite:id="Buw001.B.dialogueact2068" starttime="3681.86" endtime="3685.33" type="s^df" original-type="s^df" channel="c1" participant="fe016">
      <nite:child href="Buw001.B.words.xml#id(Buw001.w.17,297)..id(Buw001.w.17,310)"/>
   </dialogueact>
   <dialogueact nite:id="Buw001.B.dialogueact2069" starttime="3685.33" endtime="3687.26" type="s" original-type="s" channel="c1" participant="fe016">
      <nite:child href="Buw001.B.words.xml#id(Buw001.w.17,311)..id(Buw001.w.17,320)"/>
   </dialogueact>
   <dialogueact nite:id="Buw001.B.dialogueact2070" starttime="3687.86" endtime="3690.23" type="s" original-type="s" channel="c1" participant="fe016">
      <nite:child href="Buw001.B.words.xml#id(Buw001.w.17,321)..id(Buw001.w.17,332)"/>
   </dialogueact>
   <dialogueact nite:id="Buw001.B.dialogueact2071" starttime="3690.22" endtime="3700.04" type="s" adjacency="8a" original-type="s" channel="c1" participant="fe016">
      <nite:child href="Buw001.B.words.xml#id(Buw001.w.17,333)..id(Buw001.w.17,368)"/>
   </dialogueact>
   <dialogueact nite:id="Buw001.B.dialogueact2073" starttime="3700.77" endtime="3704.07" type="s" adjacency="8a+" original-type="s" channel="c1" participant="fe016">
      <nite:child href="Buw001.B.words.xml#id(Buw001.w.17,373)..id(Buw001.w.17,382)"/>
   </dialogueact>
   <dialogueact nite:id="Buw001.B.dialogueact2075" starttime="3705.08" endtime="3705.19" type="fh" original-type="fh" channel="c1" participant="fe016">
      <nite:child href="Buw001.B.words.xml#id(Buw001.w.17,410)..id(Buw001.w.17,411)"/>
   </dialogueact>
   <dialogueact nite:id="Buw001.B.dialogueact2077" starttime="3709.3" endtime="3711.5" type="s" adjacency="9b.10a" original-type="s" channel="c1" participant="fe016">
      <nite:child href="Buw001.B.words.xml#id(Buw001.w.17,412)..id(Buw001.w.17,422)"/>
   </dialogueact>
   <dialogueact nite:id="Buw001.B.dialogueact2080" starttime="3711.86" endtime="3712.65" type="%-" original-type="%-" channel="c1" participant="fe016">
      <nite:child href="Buw001.B.words.xml#id(Buw001.w.17,423)..id(Buw001.w.17,426)"/>
   </dialogueact>
   <dialogueact nite:id="Buw001.B.dialogueact2082" starttime="3716.63" endtime="3718.09" type="s^no" adjacency="12b" original-type="s^no" channel="c1" participant="fe016">
      <nite:child href="Buw001.B.words.xml#id(Buw001.w.17,444)..id(Buw001.w.17,448)"/>
   </dialogueact>
   <dialogueact nite:id="Buw001.B.dialogueact2083" starttime="3718.15" endtime="3718.57" type="fh" original-type="fh" channel="c1" participant="fe016">
      <nite:child href="Buw001.B.words.xml#id(Buw001.w.17,449)..id(Buw001.w.17,450)"/>
   </dialogueact>
   <dialogueact nite:id="Buw001.B.dialogueact2084" starttime="3719.52" endtime="3721.1" type="s" adjacency="13a" original-type="s" channel="c1" participant="fe016">
      <nite:child href="Buw001.B.words.xml#id(Buw001.w.17,451)..id(Buw001.w.17,460)"/>
   </dialogueact>
   <dialogueact nite:id="Buw001.B.dialogueact2085" starttime="3721.16" endtime="3724.04" type="s" adjacency="13a+" original-type="s" channel="c1" participant="fe016">
      <nite:child href="Buw001.B.words.xml#id(Buw001.w.17,461)..id(Buw001.w.17,472)"/>
   </dialogueact>
   <dialogueact nite:id="Buw001.B.dialogueact2087" starttime="3724.55" endtime="3724.86" type="%-" original-type="%-" channel="c1" participant="fe016">
      <nite:child href="Buw001.B.words.xml#id(Buw001.w.17,487)..id(Buw001.w.17,488)"/>
   </dialogueact>
   <dialogueact nite:id="Buw001.B.dialogueact2090" starttime="3726.98" endtime="3727.66" type="s^no" original-type="s^no" channel="c1" participant="fe016">
      <nite:child href="Buw001.B.words.xml#id(Buw001.w.17,507)..id(Buw001.w.17,511)"/>
   </dialogueact>
   <dialogueact nite:id="Buw001.B.dialogueact2092" starttime="3728.07" endtime="3728.88" type="s.%-" original-type="s.%-" channel="c1" participant="fe016">
      <nite:child href="Buw001.B.words.xml#id(Buw001.w.17,514)..id(Buw001.disfmarker.767)"/>
   </dialogueact>
   <dialogueact nite:id="Buw001.B.dialogueact2095" starttime="3729.33" endtime="3730.82" type="s^cs" adjacency="15b-2.16a" original-type="s^cs" channel="c1" participant="fe016">
      <nite:child href="Buw001.B.words.xml#id(Buw001.w.17,530)..id(Buw001.w.17,537)"/>
   </dialogueact>
   <dialogueact nite:id="Buw001.B.dialogueact2096" starttime="3730.82" endtime="3730.99" type="fh" original-type="fh" channel="c1" participant="fe016">
      <nite:child href="Buw001.B.words.xml#id(Buw001.w.17,538)..id(Buw001.disfmarker.768)"/>
   </dialogueact>
   <dialogueact nite:id="Buw001.B.dialogueact2104" starttime="3737.03" endtime="3738.25" type="s" adjacency="20b" original-type="s" channel="c1" participant="fe016">
      <nite:child href="Buw001.B.words.xml#id(Buw001.w.17,583)..id(Buw001.w.17,587)"/>
   </dialogueact>
   <dialogueact nite:id="Buw001.B.dialogueact2105" starttime="3738.66" endtime="3740.1" type="s" original-type="s" channel="c1" participant="fe016">
      <nite:child href="Buw001.B.words.xml#id(Buw001.w.17,588)..id(Buw001.w.17,593)"/>
   </dialogueact>
   <dialogueact nite:id="Buw001.B.dialogueact2106" starttime="3740.1" endtime="3741.88" type="s" original-type="s" channel="c1" participant="fe016">
      <nite:child href="Buw001.B.words.xml#id(Buw001.w.17,594)..id(Buw001.w.17,600)"/>
   </dialogueact>
   <dialogueact nite:id="Buw001.B.dialogueact2107" starttime="3742.86" endtime="3746.48" type="s" original-type="s" channel="c1" participant="fe016">
      <nite:child href="Buw001.B.words.xml#id(Buw001.w.17,601)..id(Buw001.w.17,618)"/>
   </dialogueact>
   <dialogueact nite:id="Buw001.B.dialogueact2109" starttime="3747.14" endtime="3747.83" type="s" original-type="s" channel="c1" participant="fe016">
      <nite:child href="Buw001.B.words.xml#id(Buw001.w.17,623)..id(Buw001.w.17,626)"/>
   </dialogueact>
   <dialogueact nite:id="Buw001.B.dialogueact2110" starttime="3747.83" endtime="3750.77" type="s^df" adjacency="21a" original-type="s^df" channel="c1" participant="fe016">
      <nite:child href="Buw001.B.words.xml#id(Buw001.w.17,627)..id(Buw001.w.17,637)"/>
   </dialogueact>
   <dialogueact nite:id="Buw001.B.dialogueact2111" starttime="3750.77" endtime="3752.02" type="s^cs" adjacency="21a+" original-type="s^cs" channel="c1" participant="fe016">
      <nite:child href="Buw001.B.words.xml#id(Buw001.w.17,638)..id(Buw001.w.17,645)"/>
   </dialogueact>
   <dialogueact nite:id="Buw001.B.dialogueact2145" starttime="3799.19" endtime="3802.15" type="s" adjacency="33b.34a" original-type="s" channel="c1" participant="fe016">
      <nite:child href="Buw001.B.words.xml#id(Buw001.w.17,874)..id(Buw001.w.17,886)"/>
   </dialogueact>
   <dialogueact nite:id="Buw001.B.dialogueact2147" starttime="3802.24" endtime="3803.67" type="s.%--" original-type="s.%--" channel="c1" participant="fe016">
      <nite:child href="Buw001.B.words.xml#id(Buw001.w.17,887)..id(Buw001.disfmarker.782)"/>
   </dialogueact>
   <dialogueact nite:id="Buw001.B.dialogueact2149" starttime="3803.82" endtime="3806.85" type="s" original-type="s" channel="c1" participant="fe016">
      <nite:child href="Buw001.B.words.xml#id(Buw001.w.17,894)..id(Buw001.w.17,914)"/>
   </dialogueact>
   <dialogueact nite:id="Buw001.B.dialogueact2150" starttime="3806.85" endtime="3808.58" type="s^e.%--" original-type="s^e.%--" channel="c1" participant="fe016">
      <nite:child href="Buw001.B.words.xml#id(Buw001.w.17,915)..id(Buw001.disfmarker.783)"/>
   </dialogueact>
   <dialogueact nite:id="Buw001.B.dialogueact2151" starttime="3809.43" endtime="3811.96" type="s" adjacency="35a" original-type="s" channel="c1" participant="fe016">
      <nite:child href="Buw001.B.words.xml#id(Buw001.w.17,921)..id(Buw001.w.17,934)"/>
   </dialogueact>
   <dialogueact nite:id="Buw001.B.dialogueact2152" starttime="3812.19" endtime="3817.13" type="s" original-type="s" channel="c1" participant="fe016">
      <nite:child href="Buw001.B.words.xml#id(Buw001.w.17,935)..id(Buw001.w.17,955)"/>
   </dialogueact>
   <dialogueact nite:id="Buw001.B.dialogueact2155" starttime="3820.56" endtime="3822.35" type="s^na" adjacency="36b.37a" original-type="s^na" channel="c1" participant="fe016">
      <nite:child href="Buw001.B.words.xml#id(Buw001.w.17,985)..id(Buw001.w.17,992)"/>
   </dialogueact>
   <dialogueact nite:id="Buw001.B.dialogueact2158" starttime="3822.44" endtime="3823.45" type="s" adjacency="38b.39a" original-type="s" channel="c1" participant="fe016">
      <nite:child href="Buw001.B.words.xml#id(Buw001.w.17,993)..id(Buw001.w.17,997)"/>
   </dialogueact>
   <dialogueact nite:id="Buw001.B.dialogueact2161" starttime="3823.45" endtime="3825.82" type="s^df" adjacency="38b+.39a+" original-type="s^df" channel="c1" participant="fe016">
      <nite:child href="Buw001.B.words.xml#id(Buw001.w.17,998)..id(Buw001.w.18,005)"/>
   </dialogueact>
   <dialogueact nite:id="Buw001.B.dialogueact2164" starttime="3825.82" endtime="3826.83" type="s^rt" original-type="s^rt" channel="c1" participant="fe016">
      <nite:child href="Buw001.B.words.xml#id(Buw001.w.18,006)..id(Buw001.w.18,012)"/>
   </dialogueact>
   <dialogueact nite:id="Buw001.B.dialogueact2166" starttime="3827.18" endtime="3830.55" type="s" adjacency="41a" original-type="s" channel="c1" participant="fe016">
      <nite:child href="Buw001.B.words.xml#id(Buw001.w.18,039)..id(Buw001.w.18,060)"/>
   </dialogueact>
   <dialogueact nite:id="Buw001.B.dialogueact2168" starttime="3830.78" endtime="3839.9" type="s" original-type="s" channel="c1" participant="fe016">
      <nite:child href="Buw001.B.words.xml#id(Buw001.w.18,061)..id(Buw001.w.18,105)"/>
   </dialogueact>
   <dialogueact nite:id="Buw001.B.dialogueact2170" starttime="3840.11" endtime="3840.76" type="s^e" original-type="s^e" channel="c1" participant="fe016">
      <nite:child href="Buw001.B.words.xml#id(Buw001.w.18,106)..id(Buw001.w.18,108)"/>
   </dialogueact>
   <dialogueact nite:id="Buw001.B.dialogueact2172" starttime="3840.9" endtime="3841.58" type="s^e" original-type="s^e" channel="c1" participant="fe016">
      <nite:child href="Buw001.B.words.xml#id(Buw001.w.18,109)..id(Buw001.w.18,111)"/>
   </dialogueact>
   <dialogueact nite:id="Buw001.B.dialogueact2173" starttime="3841.58" endtime="3842.22" type="s^e" original-type="s^e" channel="c1" participant="fe016">
      <nite:child href="Buw001.B.words.xml#id(Buw001.w.18,112)..id(Buw001.w.18,114)"/>
   </dialogueact>
   <dialogueact nite:id="Buw001.B.dialogueact2174" starttime="3843.49" endtime="3847.0" type="s" adjacency="42a.43a" original-type="s" channel="c1" participant="fe016">
      <nite:child href="Buw001.B.words.xml#id(Buw001.w.18,119)..id(Buw001.w.18,134)"/>
   </dialogueact>
   <dialogueact nite:id="Buw001.B.dialogueact2176" starttime="3847.0" endtime="3848.53" type="qh^df" adjacency="43a+" original-type="qh^df" channel="c1" participant="fe016">
      <nite:child href="Buw001.B.words.xml#id(Buw001.w.18,135)..id(Buw001.w.18,145)"/>
   </dialogueact>
   <dialogueact nite:id="Buw001.B.dialogueact2177" starttime="3848.65" endtime="3850.29" type="s^df^e" adjacency="43a++" original-type="s^df^e" channel="c1" participant="fe016">
      <nite:child href="Buw001.B.words.xml#id(Buw001.w.18,146)..id(Buw001.w.18,155)"/>
   </dialogueact>
   <dialogueact nite:id="Buw001.B.dialogueact2186" starttime="3859.73" endtime="3861.8" comment="Said in a distorted way to emphasize &quot;winding down&quot; prosody." type="s^na" adjacency="44b-2.45a" original-type="s^na" channel="c1" participant="fe016">
      <nite:child href="Buw001.B.words.xml#id(Buw001.w.18,191)..id(Buw001.w.18,197)"/>
   </dialogueact>
   <dialogueact nite:id="Buw001.B.dialogueact2191" starttime="3867.57" endtime="3868.25" type="s^ba^fe" adjacency="47b-1" original-type="s^ba^fe" channel="c1" participant="fe016">
      <nite:child href="Buw001.B.words.xml#id(Buw001.w.18,223)..id(Buw001.w.18,224)"/>
   </dialogueact>
   <dialogueact nite:id="Buw001.B.dialogueact2195" starttime="3872.26" endtime="3873.89" type="s^ba" original-type="s^ba" channel="c1" participant="fe016">
      <nite:child href="Buw001.B.words.xml#id(Buw001.w.18,240)..id(Buw001.w.18,244)"/>
   </dialogueact>
   <dialogueact nite:id="Buw001.B.dialogueact2198" starttime="3874.02" endtime="3874.13" type="%-" original-type="%-" channel="c1" participant="fe016">
      <nite:child href="Buw001.B.words.xml#id(Buw001.w.18,245)..id(Buw001.disfmarker.790)"/>
   </dialogueact>
   <dialogueact nite:id="Buw001.B.dialogueact2242" starttime="3963.29" endtime="3963.6" type="s" adjacency="58b.59a" original-type="s" channel="c1" participant="fe016">
      <nite:child href="Buw001.B.words.xml#id(Buw001.w.18,615)..id(Buw001.w.18,616)"/>
   </dialogueact>
</nite:root>