<?xml version="1.0" encoding="ISO-8859-1" standalone="yes"?>
<nite:root nite:id="Buw001.H.dialogue-acts" xmlns:nite="http://nite.sourceforge.net/">
   <dialogueact nite:id="Buw001.H.dialogueact51" starttime="72.795" endtime="73.015" type="%" original-type="%" channel="cB" participant="fe008">
      <nite:child href="Buw001.H.words.xml#id(Buw001.w.346)..id(Buw001.disfmarker.19)"/>
   </dialogueact>
   <dialogueact nite:id="Buw001.H.dialogueact67" starttime="86.27" endtime="87.39" type="s" adjacency="14a" original-type="s" channel="cB" participant="fe008">
      <nite:child href="Buw001.H.words.xml#id(Buw001.w.408)..id(Buw001.w.414)"/>
   </dialogueact>
   <dialogueact nite:id="Buw001.H.dialogueact76" starttime="91.286" endtime="91.566" type="%--" original-type="%--" channel="cB" participant="fe008">
      <nite:child href="Buw001.H.words.xml#id(Buw001.w.453)..id(Buw001.disfmarker.28)"/>
   </dialogueact>
   <dialogueact nite:id="Buw001.H.dialogueact100" starttime="131.851" endtime="134.541" type="s.%--" adjacency="20b" original-type="s.%--" channel="cB" participant="fe008">
      <nite:child href="Buw001.H.words.xml#id(Buw001.w.600)..id(Buw001.w.617)"/>
   </dialogueact>
   <dialogueact nite:id="Buw001.H.dialogueact101" starttime="134.903" endtime="137.273" type="s.%--" original-type="s.%--" channel="cB" participant="fe008">
      <nite:child href="Buw001.H.words.xml#id(Buw001.w.620)..id(Buw001.disfmarker.38)"/>
   </dialogueact>
   <dialogueact nite:id="Buw001.H.dialogueact102" starttime="137.71" endtime="138.49" type="s.%--" original-type="s.%--" channel="cB" participant="fe008">
      <nite:child href="Buw001.H.words.xml#id(Buw001.w.628)..id(Buw001.w.631)"/>
   </dialogueact>
   <dialogueact nite:id="Buw001.H.dialogueact103" starttime="138.49" endtime="139.24" type="s^df^no" original-type="s^df^no" channel="cB" participant="fe008">
      <nite:child href="Buw001.H.words.xml#id(Buw001.w.632)..id(Buw001.w.636)"/>
   </dialogueact>
   <dialogueact nite:id="Buw001.H.dialogueact104" starttime="139.24" endtime="140.39" type="qy^bu^d^rt" adjacency="21a" original-type="qy^bu^d^rt" channel="cB" participant="fe008">
      <nite:child href="Buw001.H.words.xml#id(Buw001.w.637)..id(Buw001.w.642)"/>
   </dialogueact>
   <dialogueact nite:id="Buw001.H.dialogueact105" starttime="140.63" endtime="141.43" type="s^bu^m^rt" adjacency="22b" original-type="s^bu^m^rt" channel="cB" participant="fe008">
      <nite:child href="Buw001.H.words.xml#id(Buw001.w.643)..id(Buw001.w.646)"/>
   </dialogueact>
   <dialogueact nite:id="Buw001.H.dialogueact107" starttime="141.748" endtime="145.238" type="s" adjacency="23a" original-type="s" channel="cB" participant="fe008">
      <nite:child href="Buw001.H.words.xml#id(Buw001.w.651)..id(Buw001.w.668)"/>
   </dialogueact>
   <dialogueact nite:id="Buw001.H.dialogueact108" starttime="145.572" endtime="148.322" type="s" adjacency="23a+" original-type="s" channel="cB" participant="fe008">
      <nite:child href="Buw001.H.words.xml#id(Buw001.w.669)..id(Buw001.w.683)"/>
   </dialogueact>
   <dialogueact nite:id="Buw001.H.dialogueact110" starttime="148.82" endtime="151.608" type="s" adjacency="23a++" original-type="s" channel="cB" participant="fe008">
      <nite:child href="Buw001.H.words.xml#id(Buw001.w.688)..id(Buw001.w.703)"/>
   </dialogueact>
   <dialogueact nite:id="Buw001.H.dialogueact113" starttime="165.797" endtime="166.107" type="b" original-type="b" channel="cB" participant="fe008">
      <nite:child href="Buw001.H.words.xml#id(Buw001.w.751)..id(Buw001.w.754)"/>
   </dialogueact>
   <dialogueact nite:id="Buw001.H.dialogueact116" starttime="170.752" endtime="171.052" type="b" original-type="b" channel="cB" participant="fe008">
      <nite:child href="Buw001.H.words.xml#id(Buw001.w.795)..id(Buw001.w.798)"/>
   </dialogueact>
   <dialogueact nite:id="Buw001.H.dialogueact138" starttime="233.833" endtime="234.473" type="s" adjacency="31b-1.32a" original-type="s" channel="cB" participant="fe008">
      <nite:child href="Buw001.H.words.xml#id(Buw001.w.1,010)..id(Buw001.w.1,013)"/>
   </dialogueact>
   <dialogueact nite:id="Buw001.H.dialogueact151" starttime="248.444" endtime="250.254" type="s" original-type="s" channel="cB" participant="fe008">
      <nite:child href="Buw001.H.words.xml#id(Buw001.w.1,080)..id(Buw001.w.1,090)"/>
   </dialogueact>
   <dialogueact nite:id="Buw001.H.dialogueact157" starttime="261.13" endtime="262.32" type="qy" original-type="qy" channel="cB" participant="fe008">
      <nite:child href="Buw001.H.words.xml#id(Buw001.w.1,117)..id(Buw001.w.1,124)"/>
   </dialogueact>
   <dialogueact nite:id="Buw001.H.dialogueact158" starttime="262.813" endtime="264.013" type="qy.%--" adjacency="35a" original-type="qy.%--" channel="cB" participant="fe008">
      <nite:child href="Buw001.H.words.xml#id(Buw001.w.1,125)..id(Buw001.w.1,133)"/>
   </dialogueact>
   <dialogueact nite:id="Buw001.H.dialogueact159" starttime="264.013" endtime="264.313" type="s^ar" original-type="s^ar" channel="cB" participant="fe008">
      <nite:child href="Buw001.H.words.xml#id(Buw001.w.1,134)..id(Buw001.w.1,137)"/>
   </dialogueact>
   <dialogueact nite:id="Buw001.H.dialogueact165" starttime="275.206" endtime="275.746" type="s" original-type="s" channel="cB" participant="fe008">
      <nite:child href="Buw001.H.words.xml#id(Buw001.w.1,185)..id(Buw001.w.1,187)"/>
   </dialogueact>
   <dialogueact nite:id="Buw001.H.dialogueact172" starttime="281.38" endtime="281.74" type="s^bk" original-type="s^bk" channel="cB" participant="fe008">
      <nite:child href="Buw001.H.words.xml#id(Buw001.w.1,207)..id(Buw001.w.1,208)"/>
   </dialogueact>
   <dialogueact nite:id="Buw001.H.dialogueact180" starttime="296.845" endtime="298.615" type="s" adjacency="37a" original-type="s" channel="cB" participant="fe008">
      <nite:child href="Buw001.H.words.xml#id(Buw001.w.1,267)..id(Buw001.w.1,276)"/>
   </dialogueact>
   <dialogueact nite:id="Buw001.H.dialogueact181" starttime="298.615" endtime="306.869" type="qy^rt" adjacency="37a+" original-type="qy^rt" channel="cB" participant="fe008">
      <nite:child href="Buw001.H.words.xml#id(Buw001.w.1,277)..id(Buw001.w.1,306)"/>
   </dialogueact>
   <dialogueact nite:id="Buw001.H.dialogueact182" starttime="307.049" endtime="308.346" type="s.%--" adjacency="37a++" original-type="s.%--" channel="cB" participant="fe008">
      <nite:child href="Buw001.H.words.xml#id(Buw001.w.1,307)..id(Buw001.disfmarker.60)"/>
   </dialogueact>
   <dialogueact nite:id="Buw001.H.dialogueact183" starttime="308.346" endtime="309.886" type="s^df^e.%--" adjacency="37a+++" original-type="s^df^e.%--" channel="cB" participant="fe008">
      <nite:child href="Buw001.H.words.xml#id(Buw001.w.1,312)..id(Buw001.disfmarker.61)"/>
   </dialogueact>
   <dialogueact nite:id="Buw001.H.dialogueact186" starttime="317.69" endtime="317.93" type="b" original-type="b" channel="cB" participant="fe008">
      <nite:child href="Buw001.H.words.xml#id(Buw001.w.1,368)..id(Buw001.w.1,371)"/>
   </dialogueact>
   <dialogueact nite:id="Buw001.H.dialogueact188" starttime="320.217" endtime="320.467" type="s^bk" adjacency="38b-2" original-type="s^bk" channel="cB" participant="fe008">
      <nite:child href="Buw001.H.words.xml#id(Buw001.w.1,374)..id(Buw001.w.1,375)"/>
   </dialogueact>
   <dialogueact nite:id="Buw001.H.dialogueact191" starttime="321.534" endtime="321.744" type="s^ba" original-type="s^ba" channel="cB" participant="fe008">
      <nite:child href="Buw001.H.words.xml#id(Buw001.w.1,393)..id(Buw001.w.1,394)"/>
   </dialogueact>
   <dialogueact nite:id="Buw001.H.dialogueact193" starttime="326.518" endtime="326.748" type="s^bk" adjacency="39b.40a" original-type="s^bk" channel="cB" participant="fe008">
      <nite:child href="Buw001.H.words.xml#id(Buw001.w.1,397)..id(Buw001.w.1,398)"/>
   </dialogueact>
   <dialogueact nite:id="Buw001.H.dialogueact200" starttime="337.64" endtime="337.85" type="s^bk" original-type="s^bk" channel="cB" participant="fe008">
      <nite:child href="Buw001.H.words.xml#id(Buw001.w.1,458)..id(Buw001.w.1,461)"/>
   </dialogueact>
   <dialogueact nite:id="Buw001.H.dialogueact204" starttime="341.491" endtime="344.771" type="fg|s^t^tc" adjacency="43a" original-type="fg|s^t^tc" channel="cB" participant="fe008">
      <nite:child href="Buw001.H.words.xml#id(Buw001.w.1,477)..id(Buw001.w.1,490)"/>
   </dialogueact>
   <dialogueact nite:id="Buw001.H.dialogueact239" starttime="423.88" endtime="424.19" type="b" original-type="b" channel="cB" participant="fe008">
      <nite:child href="Buw001.H.words.xml#id(Buw001.w.1,833)..id(Buw001.w.1,836)"/>
   </dialogueact>
   <dialogueact nite:id="Buw001.H.dialogueact257" starttime="454.936" endtime="455.036" type="%" original-type="%" channel="cB" participant="fe008">
      <nite:child href="Buw001.H.words.xml#id(Buw001.w.1,985)..id(Buw001.w.1,986)"/>
   </dialogueact>
   <dialogueact nite:id="Buw001.H.dialogueact258" starttime="455.486" endtime="462.476" type="s^df^ng" adjacency="53b.54a" original-type="s^df^ng" channel="cB" participant="fe008">
      <nite:child href="Buw001.H.words.xml#id(Buw001.w.1,987)..id(Buw001.w.2,026)"/>
   </dialogueact>
   <dialogueact nite:id="Buw001.H.dialogueact259" starttime="462.476" endtime="467.52" type="s^e" adjacency="53b+.54a+" original-type="s^e" channel="cB" participant="fe008">
      <nite:child href="Buw001.H.words.xml#id(Buw001.w.2,027)..id(Buw001.w.2,043)"/>
   </dialogueact>
   <dialogueact nite:id="Buw001.H.dialogueact263" starttime="467.52" endtime="472.095" type="s" original-type="s" channel="cB" participant="fe008">
      <nite:child href="Buw001.H.words.xml#id(Buw001.w.2,044)..id(Buw001.w.2,067)"/>
   </dialogueact>
   <dialogueact nite:id="Buw001.H.dialogueact264" starttime="472.445" endtime="477.405" type="s" original-type="s" channel="cB" participant="fe008">
      <nite:child href="Buw001.H.words.xml#id(Buw001.w.2,068)..id(Buw001.w.2,085)"/>
   </dialogueact>
   <dialogueact nite:id="Buw001.H.dialogueact265" starttime="477.495" endtime="479.715" type="s" original-type="s" channel="cB" participant="fe008">
      <nite:child href="Buw001.H.words.xml#id(Buw001.w.2,086)..id(Buw001.w.2,099)"/>
   </dialogueact>
   <dialogueact nite:id="Buw001.H.dialogueact266" starttime="480.209" endtime="482.499" type="s" adjacency="55a" original-type="s" channel="cB" participant="fe008">
      <nite:child href="Buw001.H.words.xml#id(Buw001.w.2,100)..id(Buw001.w.2,110)"/>
   </dialogueact>
   <dialogueact nite:id="Buw001.H.dialogueact267" starttime="483.099" endtime="487.639" type="s^df" adjacency="55a+" original-type="s^df" channel="cB" participant="fe008">
      <nite:child href="Buw001.H.words.xml#id(Buw001.w.2,111)..id(Buw001.w.2,137)"/>
   </dialogueact>
   <dialogueact nite:id="Buw001.H.dialogueact270" starttime="495.321" endtime="495.751" type="s^aa|s^ba" adjacency="56b" original-type="s^aa|s^ba" channel="cB" participant="fe008">
      <nite:child href="Buw001.H.words.xml#id(Buw001.w.2,158)..id(Buw001.w.2,161)"/>
   </dialogueact>
   <dialogueact nite:id="Buw001.H.dialogueact271" starttime="495.971" endtime="496.391" type="s^ba" adjacency="56b+" original-type="s^ba" channel="cB" participant="fe008">
      <nite:child href="Buw001.H.words.xml#id(Buw001.w.2,162)..id(Buw001.w.2,164)"/>
   </dialogueact>
   <dialogueact nite:id="Buw001.H.dialogueact272" starttime="496.511" endtime="496.741" type="b" original-type="b" channel="cB" participant="fe008">
      <nite:child href="Buw001.H.words.xml#id(Buw001.w.2,165)..id(Buw001.w.2,166)"/>
   </dialogueact>
   <dialogueact nite:id="Buw001.H.dialogueact278" starttime="505.49" endtime="505.63" type="b" original-type="b" channel="cB" participant="fe008">
      <nite:child href="Buw001.H.words.xml#id(Buw001.w.2,227)..id(Buw001.w.2,228)"/>
   </dialogueact>
   <dialogueact nite:id="Buw001.H.dialogueact320" starttime="587.594" endtime="587.924" type="b" original-type="b" channel="cB" participant="fe008">
      <nite:child href="Buw001.H.words.xml#id(Buw001.w.2,636)..id(Buw001.w.2,639)"/>
   </dialogueact>
   <dialogueact nite:id="Buw001.H.dialogueact322" starttime="589.79" endtime="590.55" type="s^ba" adjacency="65b" original-type="s^ba" channel="cB" participant="fe008">
      <nite:child href="Buw001.H.words.xml#id(Buw001.w.2,646)..id(Buw001.w.2,651)"/>
   </dialogueact>
   <dialogueact nite:id="Buw001.H.dialogueact370" starttime="674.383" endtime="674.633" type="b" original-type="b" channel="cB" participant="fe008">
      <nite:child href="Buw001.H.words.xml#id(Buw001.w.3,101)..id(Buw001.w.3,104)"/>
   </dialogueact>
   <dialogueact nite:id="Buw001.H.dialogueact433" starttime="823.24" endtime="831.619" type="s.%--" adjacency="21b" original-type="s.%--" channel="cB" participant="fe008">
      <nite:child href="Buw001.H.words.xml#id(Buw001.w.3,784)..id(Buw001.disfmarker.145)"/>
   </dialogueact>
   <dialogueact nite:id="Buw001.H.dialogueact434" starttime="831.861" endtime="836.101" type="s" adjacency="21b+" original-type="s" channel="cB" participant="fe008">
      <nite:child href="Buw001.H.words.xml#id(Buw001.w.3,815)..id(Buw001.w.3,835)"/>
   </dialogueact>
   <dialogueact nite:id="Buw001.H.dialogueact435" starttime="836.476" endtime="840.026" type="s:s" adjacency="21b++" original-type="s:s" channel="cB" participant="fe008">
      <nite:child href="Buw001.H.words.xml#id(Buw001.w.3,836)..id(Buw001.w.3,857)"/>
   </dialogueact>
   <dialogueact nite:id="Buw001.H.dialogueact436" starttime="840.323" endtime="843.133" type="s" adjacency="21b+++" original-type="s" channel="cB" participant="fe008">
      <nite:child href="Buw001.H.words.xml#id(Buw001.w.3,858)..id(Buw001.w.3,872)"/>
   </dialogueact>
   <dialogueact nite:id="Buw001.H.dialogueact437" starttime="843.133" endtime="853.43" type="s" adjacency="22a" original-type="s" channel="cB" participant="fe008">
      <nite:child href="Buw001.H.words.xml#id(Buw001.w.3,873)..id(Buw001.w.3,914)"/>
   </dialogueact>
   <dialogueact nite:id="Buw001.H.dialogueact438" starttime="853.43" endtime="856.453" type="s^e" adjacency="22a+" original-type="s^e" channel="cB" participant="fe008">
      <nite:child href="Buw001.H.words.xml#id(Buw001.w.3,915)..id(Buw001.w.3,927)"/>
   </dialogueact>
   <dialogueact nite:id="Buw001.H.dialogueact440" starttime="857.367" endtime="857.757" type="s.%-" original-type="s.%-" channel="cB" participant="fe008">
      <nite:child href="Buw001.H.words.xml#id(Buw001.w.3,937)..id(Buw001.disfmarker.151)"/>
   </dialogueact>
   <dialogueact nite:id="Buw001.H.dialogueact526" starttime="1039.01" endtime="1042.59" type="s^df^rt" adjacency="34b" original-type="s^df^rt" channel="cB" participant="fe008">
      <nite:child href="Buw001.H.words.xml#id(Buw001.w.4,798)..id(Buw001.w.4,818)"/>
   </dialogueact>
   <dialogueact nite:id="Buw001.H.dialogueact527" starttime="1042.65" endtime="1045.21" type="s" adjacency="35a" original-type="s" channel="cB" participant="fe008">
      <nite:child href="Buw001.H.words.xml#id(Buw001.w.4,819)..id(Buw001.w.4,831)"/>
   </dialogueact>
   <dialogueact nite:id="Buw001.H.dialogueact531" starttime="1045.58" endtime="1049.72" type="s.%--:qw" original-type="s.%--:qw" channel="cB" participant="fe008">
      <nite:child href="Buw001.H.words.xml#id(Buw001.w.4,838)..id(Buw001.w.4,858)"/>
   </dialogueact>
   <dialogueact nite:id="Buw001.H.dialogueact534" starttime="1050.35" endtime="1052.4" type="s^e:s" original-type="s^e:s" channel="cB" participant="fe008">
      <nite:child href="Buw001.H.words.xml#id(Buw001.w.4,863)..id(Buw001.w.4,874)"/>
   </dialogueact>
   <dialogueact nite:id="Buw001.H.dialogueact536" starttime="1052.4" endtime="1053.54" type="s^e:s" original-type="s^e:s" channel="cB" participant="fe008">
      <nite:child href="Buw001.H.words.xml#id(Buw001.w.4,875)..id(Buw001.w.4,881)"/>
   </dialogueact>
   <dialogueact nite:id="Buw001.H.dialogueact537" starttime="1053.54" endtime="1054.6" type="s^e:s" original-type="s^e:s" channel="cB" participant="fe008">
      <nite:child href="Buw001.H.words.xml#id(Buw001.w.4,882)..id(Buw001.w.4,890)"/>
   </dialogueact>
   <dialogueact nite:id="Buw001.H.dialogueact538" starttime="1054.88" endtime="1055.79" type="s.%--" original-type="s.%--" channel="cB" participant="fe008">
      <nite:child href="Buw001.H.words.xml#id(Buw001.w.4,893)..id(Buw001.disfmarker.183)"/>
   </dialogueact>
   <dialogueact nite:id="Buw001.H.dialogueact539" starttime="1056.11" endtime="1061.87" type="s" original-type="s" channel="cB" participant="fe008">
      <nite:child href="Buw001.H.words.xml#id(Buw001.w.4,900)..id(Buw001.w.4,916)"/>
   </dialogueact>
   <dialogueact nite:id="Buw001.H.dialogueact540" starttime="1061.87" endtime="1063.18" type="s^df" original-type="s^df" channel="cB" participant="fe008">
      <nite:child href="Buw001.H.words.xml#id(Buw001.w.4,917)..id(Buw001.w.4,920)"/>
   </dialogueact>
   <dialogueact nite:id="Buw001.H.dialogueact541" starttime="1063.18" endtime="1066.27" type="s^e.%--" original-type="s^e.%--" channel="cB" participant="fe008">
      <nite:child href="Buw001.H.words.xml#id(Buw001.w.4,921)..id(Buw001.disfmarker.185)"/>
   </dialogueact>
   <dialogueact nite:id="Buw001.H.dialogueact543" starttime="1066.65" endtime="1068.83" type="s.%--" original-type="s.%--" channel="cB" participant="fe008">
      <nite:child href="Buw001.H.words.xml#id(Buw001.w.4,937)..id(Buw001.w.4,947)"/>
   </dialogueact>
   <dialogueact nite:id="Buw001.H.dialogueact544" starttime="1069.5" endtime="1072.48" type="s" original-type="s" channel="cB" participant="fe008">
      <nite:child href="Buw001.H.words.xml#id(Buw001.w.4,948)..id(Buw001.w.4,968)"/>
   </dialogueact>
   <dialogueact nite:id="Buw001.H.dialogueact545" starttime="1072.89" endtime="1073.72" type="s^e.%--" original-type="s^e.%--" channel="cB" participant="fe008">
      <nite:child href="Buw001.H.words.xml#id(Buw001.w.4,969)..id(Buw001.w.4,972)"/>
   </dialogueact>
   <dialogueact nite:id="Buw001.H.dialogueact546" starttime="1073.72" endtime="1075.7" type="s" original-type="s" channel="cB" participant="fe008">
      <nite:child href="Buw001.H.words.xml#id(Buw001.w.4,973)..id(Buw001.w.4,985)"/>
   </dialogueact>
   <dialogueact nite:id="Buw001.H.dialogueact547" starttime="1075.7" endtime="1077.78" type="s^df" original-type="s^df" channel="cB" participant="fe008">
      <nite:child href="Buw001.H.words.xml#id(Buw001.w.4,986)..id(Buw001.w.4,994)"/>
   </dialogueact>
   <dialogueact nite:id="Buw001.H.dialogueact548" starttime="1078.21" endtime="1079.22" type="fh" original-type="fh" channel="cB" participant="fe008">
      <nite:child href="Buw001.H.words.xml#id(Buw001.w.4,995)..id(Buw001.w.4,998)"/>
   </dialogueact>
   <dialogueact nite:id="Buw001.H.dialogueact549" starttime="1079.63" endtime="1083.18" type="s^df^e" original-type="s^df^e" channel="cB" participant="fe008">
      <nite:child href="Buw001.H.words.xml#id(Buw001.w.4,999)..id(Buw001.w.5,018)"/>
   </dialogueact>
   <dialogueact nite:id="Buw001.H.dialogueact551" starttime="1083.18" endtime="1086.72" type="s^df^e" original-type="s^df^e" channel="cB" participant="fe008">
      <nite:child href="Buw001.H.words.xml#id(Buw001.w.5,019)..id(Buw001.w.5,035)"/>
   </dialogueact>
   <dialogueact nite:id="Buw001.H.dialogueact553" starttime="1087.04" endtime="1095.0" type="s^cs" adjacency="36a" original-type="s^cs" channel="cB" participant="fe008">
      <nite:child href="Buw001.H.words.xml#id(Buw001.w.5,037)..id(Buw001.w.5,071)"/>
   </dialogueact>
   <dialogueact nite:id="Buw001.H.dialogueact556" starttime="1095.0" endtime="1096.12" type="s" original-type="s" channel="cB" participant="fe008">
      <nite:child href="Buw001.H.words.xml#id(Buw001.w.5,072)..id(Buw001.w.5,077)"/>
   </dialogueact>
   <dialogueact nite:id="Buw001.H.dialogueact558" starttime="1096.75" endtime="1097.46" type="s^e" original-type="s^e" channel="cB" participant="fe008">
      <nite:child href="Buw001.H.words.xml#id(Buw001.w.5,082)..id(Buw001.w.5,085)"/>
   </dialogueact>
   <dialogueact nite:id="Buw001.H.dialogueact559" starttime="1097.79" endtime="1097.88" type="s^bk" original-type="s^bk" channel="cB" participant="fe008">
      <nite:child href="Buw001.H.words.xml#id(Buw001.w.5,086)..id(Buw001.w.5,087)"/>
   </dialogueact>
   <dialogueact nite:id="Buw001.H.dialogueact614" starttime="1173.42" endtime="1173.71" type="s^na" adjacency="53b-2" original-type="s^na" channel="cB" participant="fe008">
      <nite:child href="Buw001.H.words.xml#id(Buw001.w.5,484)..id(Buw001.w.5,486)"/>
   </dialogueact>
   <dialogueact nite:id="Buw001.H.dialogueact629" starttime="1190.68" endtime="1191.12" type="s^na" adjacency="55b-1" original-type="s^na" channel="cB" participant="fe008">
      <nite:child href="Buw001.H.words.xml#id(Buw001.w.5,590)..id(Buw001.w.5,592)"/>
   </dialogueact>
   <dialogueact nite:id="Buw001.H.dialogueact631" starttime="1191.55" endtime="1192.15" type="s^ba" adjacency="55b-1+" original-type="s^ba" channel="cB" participant="fe008">
      <nite:child href="Buw001.H.words.xml#id(Buw001.w.5,593)..id(Buw001.w.5,596)"/>
   </dialogueact>
   <dialogueact nite:id="Buw001.H.dialogueact636" starttime="1194.65" endtime="1195.11" type="s^na" adjacency="56b-1" original-type="s^na" channel="cB" participant="fe008">
      <nite:child href="Buw001.H.words.xml#id(Buw001.w.5,630)..id(Buw001.w.5,632)"/>
   </dialogueact>
   <dialogueact nite:id="Buw001.H.dialogueact646" starttime="1205.09" endtime="1205.35" type="b.%" original-type="b.%" channel="cB" participant="fe008">
      <nite:child href="Buw001.H.words.xml#id(Buw001.w.5,705)..id(Buw001.w.5,708)"/>
   </dialogueact>
   <dialogueact nite:id="Buw001.H.dialogueact650" starttime="1209.46" endtime="1210.59" type="s^df" adjacency="2b-1" original-type="s^df" channel="cB" participant="fe008">
      <nite:child href="Buw001.H.words.xml#id(Buw001.w.5,724)..id(Buw001.w.5,730)"/>
   </dialogueact>
   <dialogueact nite:id="Buw001.H.dialogueact658" starttime="1215.88" endtime="1216.62" type="s^aa|s^na" adjacency="5b-2" original-type="s^aa|s^na" channel="cB" participant="fe008">
      <nite:child href="Buw001.H.words.xml#id(Buw001.w.5,778)..id(Buw001.w.5,782)"/>
   </dialogueact>
   <dialogueact nite:id="Buw001.H.dialogueact659" starttime="1217.15" endtime="1217.5" type="s^na" original-type="s^na" channel="cB" participant="fe008">
      <nite:child href="Buw001.H.words.xml#id(Buw001.w.5,783)..id(Buw001.w.5,785)"/>
   </dialogueact>
   <dialogueact nite:id="Buw001.H.dialogueact660" starttime="1217.77" endtime="1219.69" type="s^df" original-type="s^df" channel="cB" participant="fe008">
      <nite:child href="Buw001.H.words.xml#id(Buw001.w.5,786)..id(Buw001.w.5,794)"/>
   </dialogueact>
   <dialogueact nite:id="Buw001.H.dialogueact663" starttime="1219.69" endtime="1221.84" type="s^df^e" original-type="s^df^e" channel="cB" participant="fe008">
      <nite:child href="Buw001.H.words.xml#id(Buw001.w.5,795)..id(Buw001.w.5,809)"/>
   </dialogueact>
   <dialogueact nite:id="Buw001.H.dialogueact669" starttime="1228.2" endtime="1228.35" type="b" original-type="b" channel="cB" participant="fe008">
      <nite:child href="Buw001.H.words.xml#id(Buw001.w.5,858)..id(Buw001.w.5,859)"/>
   </dialogueact>
   <dialogueact nite:id="Buw001.H.dialogueact670" starttime="1228.35" endtime="1229.15" type="s^na" adjacency="6b" original-type="s^na" channel="cB" participant="fe008">
      <nite:child href="Buw001.H.words.xml#id(Buw001.w.5,860)..id(Buw001.w.5,865)"/>
   </dialogueact>
   <dialogueact nite:id="Buw001.H.dialogueact671" starttime="1229.21" endtime="1230.47" type="s^df^e" original-type="s^df^e" channel="cB" participant="fe008">
      <nite:child href="Buw001.H.words.xml#id(Buw001.w.5,866)..id(Buw001.w.5,871)"/>
   </dialogueact>
   <dialogueact nite:id="Buw001.H.dialogueact674" starttime="1230.55" endtime="1230.84" type="fh" original-type="fh" channel="cB" participant="fe008">
      <nite:child href="Buw001.H.words.xml#id(Buw001.w.5,872)..id(Buw001.disfmarker.229)"/>
   </dialogueact>
   <dialogueact nite:id="Buw001.H.dialogueact677" starttime="1231.51" endtime="1232.11" type="s^e" original-type="s^e" channel="cB" participant="fe008">
      <nite:child href="Buw001.H.words.xml#id(Buw001.w.5,883)..id(Buw001.w.5,886)"/>
   </dialogueact>
   <dialogueact nite:id="Buw001.H.dialogueact699" starttime="1283.93" endtime="1284.08" type="b" original-type="b" channel="cB" participant="fe008">
      <nite:child href="Buw001.H.words.xml#id(Buw001.w.6,095)..id(Buw001.w.6,096)"/>
   </dialogueact>
   <dialogueact nite:id="Buw001.H.dialogueact700" starttime="1284.08" endtime="1284.22" type="b" original-type="b" channel="cB" participant="fe008">
      <nite:child href="Buw001.H.words.xml#id(Buw001.w.6,097)..id(Buw001.w.6,100)"/>
   </dialogueact>
   <dialogueact nite:id="Buw001.H.dialogueact707" starttime="1301.4" endtime="1301.8" type="b" original-type="b" channel="cB" participant="fe008">
      <nite:child href="Buw001.H.words.xml#id(Buw001.w.6,177)..id(Buw001.w.6,180)"/>
   </dialogueact>
   <dialogueact nite:id="Buw001.H.dialogueact726" starttime="1335.26" endtime="1335.59" type="s^na" adjacency="16b" original-type="s^na" channel="cB" participant="fe008">
      <nite:child href="Buw001.H.words.xml#id(Buw001.w.6,341)..id(Buw001.w.6,343)"/>
   </dialogueact>
   <dialogueact nite:id="Buw001.H.dialogueact727" starttime="1335.59" endtime="1338.29" type="s^df.%-" adjacency="16b+" original-type="s^df.%-" channel="cB" participant="fe008">
      <nite:child href="Buw001.H.words.xml#id(Buw001.w.6,344)..id(Buw001.disfmarker.257)"/>
   </dialogueact>
   <dialogueact nite:id="Buw001.H.dialogueact729" starttime="1339.07" endtime="1339.23" type="s^aa" adjacency="17b" original-type="s^aa" channel="cB" participant="fe008">
      <nite:child href="Buw001.H.words.xml#id(Buw001.w.6,366)..id(Buw001.w.6,367)"/>
   </dialogueact>
   <dialogueact nite:id="Buw001.H.dialogueact732" starttime="1346.57" endtime="1346.79" type="s^aa" adjacency="18b" original-type="s^aa" channel="cB" participant="fe008">
      <nite:child href="Buw001.H.words.xml#id(Buw001.w.6,407)..id(Buw001.w.6,410)"/>
   </dialogueact>
   <dialogueact nite:id="Buw001.H.dialogueact754" starttime="1397.72" endtime="1398.65" type="s^df.%-" adjacency="21b" original-type="s^df.%-" channel="cB" participant="fe008">
      <nite:child href="Buw001.H.words.xml#id(Buw001.w.6,613)..id(Buw001.disfmarker.270)"/>
   </dialogueact>
   <dialogueact nite:id="Buw001.H.dialogueact765" starttime="1408.53" endtime="1408.73" type="%-" original-type="%-" channel="cB" participant="fe008">
      <nite:child href="Buw001.H.words.xml#id(Buw001.w.6,688)..id(Buw001.disfmarker.272)"/>
   </dialogueact>
   <dialogueact nite:id="Buw001.H.dialogueact767" starttime="1409.43" endtime="1411.08" type="s|s^aa" adjacency="23b-1" original-type="s|s^aa" channel="cB" participant="fe008">
      <nite:child href="Buw001.H.words.xml#id(Buw001.w.6,696)..id(Buw001.w.6,708)"/>
   </dialogueact>
   <dialogueact nite:id="Buw001.H.dialogueact769" starttime="1411.39" endtime="1416.36" type="s^df.%-" adjacency="24a" original-type="s^df.%-" channel="cB" participant="fe008">
      <nite:child href="Buw001.H.words.xml#id(Buw001.w.6,709)..id(Buw001.w.6,726)"/>
   </dialogueact>
   <dialogueact nite:id="Buw001.H.dialogueact771" starttime="1417.22" endtime="1418.82" type="s^e" original-type="s^e" channel="cB" participant="fe008">
      <nite:child href="Buw001.H.words.xml#id(Buw001.w.6,739)..id(Buw001.disfmarker.276)"/>
   </dialogueact>
   <dialogueact nite:id="Buw001.H.dialogueact772" starttime="1418.82" endtime="1420.98" type="s^cs" adjacency="25b.26a" original-type="s^cs" channel="cB" participant="fe008">
      <nite:child href="Buw001.H.words.xml#id(Buw001.w.6,742)..id(Buw001.w.6,751)"/>
   </dialogueact>
   <dialogueact nite:id="Buw001.H.dialogueact773" starttime="1421.04" endtime="1421.93" type="s.%--" original-type="s.%--" channel="cB" participant="fe008">
      <nite:child href="Buw001.H.words.xml#id(Buw001.w.6,752)..id(Buw001.disfmarker.277)"/>
   </dialogueact>
   <dialogueact nite:id="Buw001.H.dialogueact774" starttime="1421.93" endtime="1423.08" type="s.%-" original-type="s.%-" channel="cB" participant="fe008">
      <nite:child href="Buw001.H.words.xml#id(Buw001.w.6,760)..id(Buw001.disfmarker.278)"/>
   </dialogueact>
   <dialogueact nite:id="Buw001.H.dialogueact776" starttime="1424.71" endtime="1426.5" type="s^df" adjacency="27b-1" original-type="s^df" channel="cB" participant="fe008">
      <nite:child href="Buw001.H.words.xml#id(Buw001.w.6,788)..id(Buw001.w.6,793)"/>
   </dialogueact>
   <dialogueact nite:id="Buw001.H.dialogueact779" starttime="1426.61" endtime="1427.9" type="s^e" adjacency="27b-1+" original-type="s^e" channel="cB" participant="fe008">
      <nite:child href="Buw001.H.words.xml#id(Buw001.w.6,794)..id(Buw001.w.6,801)"/>
   </dialogueact>
   <dialogueact nite:id="Buw001.H.dialogueact781" starttime="1427.9" endtime="1429.04" type="s^r" original-type="s^r" channel="cB" participant="fe008">
      <nite:child href="Buw001.H.words.xml#id(Buw001.w.6,802)..id(Buw001.w.6,808)"/>
   </dialogueact>
   <dialogueact nite:id="Buw001.H.dialogueact786" starttime="1431.32" endtime="1431.48" type="b" original-type="b" channel="cB" participant="fe008">
      <nite:child href="Buw001.H.words.xml#id(Buw001.w.6,848)..id(Buw001.w.6,849)"/>
   </dialogueact>
   <dialogueact nite:id="Buw001.H.dialogueact794" starttime="1439.39" endtime="1439.49" type="b" original-type="b" channel="cB" participant="fe008">
      <nite:child href="Buw001.H.words.xml#id(Buw001.w.6,887)..id(Buw001.w.6,888)"/>
   </dialogueact>
   <dialogueact nite:id="Buw001.H.dialogueact797" starttime="1445.71" endtime="1445.87" type="s^bk" adjacency="28b-1" original-type="s^bk" channel="cB" participant="fe008">
      <nite:child href="Buw001.H.words.xml#id(Buw001.w.6,913)..id(Buw001.w.6,914)"/>
   </dialogueact>
   <dialogueact nite:id="Buw001.H.dialogueact798" starttime="1446.41" endtime="1447.15" type="s" adjacency="28b-1+" original-type="s" channel="cB" participant="fe008">
      <nite:child href="Buw001.H.words.xml#id(Buw001.w.6,915)..id(Buw001.w.6,921)"/>
   </dialogueact>
   <dialogueact nite:id="Buw001.H.dialogueact799" starttime="1447.15" endtime="1450.2" type="s^cs" original-type="s^cs" channel="cB" participant="fe008">
      <nite:child href="Buw001.H.words.xml#id(Buw001.w.6,922)..id(Buw001.w.6,934)"/>
   </dialogueact>
   <dialogueact nite:id="Buw001.H.dialogueact801" starttime="1450.2" endtime="1450.29" type="fh" original-type="fh" channel="cB" participant="fe008">
      <nite:child href="Buw001.H.words.xml#id(Buw001.w.6,935)..id(Buw001.disfmarker.287)"/>
   </dialogueact>
   <dialogueact nite:id="Buw001.H.dialogueact814" starttime="1465.31" endtime="1465.49" type="b" original-type="b" channel="cB" participant="fe008">
      <nite:child href="Buw001.H.words.xml#id(Buw001.w.7,022)..id(Buw001.w.7,023)"/>
   </dialogueact>
   <dialogueact nite:id="Buw001.H.dialogueact816" starttime="1467.69" endtime="1467.95" type="%-" original-type="%-" channel="cB" participant="fe008">
      <nite:child href="Buw001.H.words.xml#id(Buw001.w.7,047)"/>
   </dialogueact>
   <dialogueact nite:id="Buw001.H.dialogueact817" starttime="1468.3" endtime="1472.06" type="s" adjacency="32b.33a" original-type="s" channel="cB" participant="fe008">
      <nite:child href="Buw001.H.words.xml#id(Buw001.w.7,049)..id(Buw001.w.7,071)"/>
   </dialogueact>
   <dialogueact nite:id="Buw001.H.dialogueact818" starttime="1472.06" endtime="1473.94" type="s^df" adjacency="32b+.33a+" original-type="s^df" channel="cB" participant="fe008">
      <nite:child href="Buw001.H.words.xml#id(Buw001.w.7,072)..id(Buw001.w.7,080)"/>
   </dialogueact>
   <dialogueact nite:id="Buw001.H.dialogueact819" starttime="1474.11" endtime="1474.52" type="%-" original-type="%-" channel="cB" participant="fe008">
      <nite:child href="Buw001.H.words.xml#id(Buw001.w.7,081)..id(Buw001.disfmarker.295)"/>
   </dialogueact>
   <dialogueact nite:id="Buw001.H.dialogueact826" starttime="1501.54" endtime="1501.78" type="b" original-type="b" channel="cB" participant="fe008">
      <nite:child href="Buw001.H.words.xml#id(Buw001.w.7,197)..id(Buw001.w.7,200)"/>
   </dialogueact>
   <dialogueact nite:id="Buw001.H.dialogueact840" starttime="1544.72" endtime="1544.98" type="b.%" original-type="b.%" channel="cB" participant="fe008">
      <nite:child href="Buw001.H.words.xml#id(Buw001.w.7,389)..id(Buw001.w.7,390)"/>
   </dialogueact>
   <dialogueact nite:id="Buw001.H.dialogueact842" starttime="1545.51" endtime="1545.98" type="b.%" original-type="b.%" channel="cB" participant="fe008">
      <nite:child href="Buw001.H.words.xml#id(Buw001.w.7,391)..id(Buw001.w.7,392)"/>
   </dialogueact>
   <dialogueact nite:id="Buw001.H.dialogueact847" starttime="1552.13" endtime="1552.59" type="s^aa" adjacency="38b" original-type="s^aa" channel="cB" participant="fe008">
      <nite:child href="Buw001.H.words.xml#id(Buw001.w.7,453)..id(Buw001.w.7,454)"/>
   </dialogueact>
   <dialogueact nite:id="Buw001.H.dialogueact850" starttime="1560.42" endtime="1560.75" type="%-" original-type="%-" channel="cB" participant="fe008">
      <nite:child href="Buw001.H.words.xml#id(Buw001.w.7,471)..id(Buw001.disfmarker.319)"/>
   </dialogueact>
   <dialogueact nite:id="Buw001.H.dialogueact851" starttime="1561.68" endtime="1563.19" type="s^na" adjacency="39b.40a" original-type="s^na" channel="cB" participant="fe008">
      <nite:child href="Buw001.H.words.xml#id(Buw001.w.7,474)..id(Buw001.w.7,480)"/>
   </dialogueact>
   <dialogueact nite:id="Buw001.H.dialogueact852" starttime="1563.19" endtime="1565.47" type="s" adjacency="39b+.40a+" original-type="s" channel="cB" participant="fe008">
      <nite:child href="Buw001.H.words.xml#id(Buw001.w.7,481)..id(Buw001.w.7,492)"/>
   </dialogueact>
   <dialogueact nite:id="Buw001.H.dialogueact853" starttime="1565.47" endtime="1567.36" type="s" adjacency="39b++.40a++" original-type="s" channel="cB" participant="fe008">
      <nite:child href="Buw001.H.words.xml#id(Buw001.w.7,493)..id(Buw001.w.7,504)"/>
   </dialogueact>
   <dialogueact nite:id="Buw001.H.dialogueact854" starttime="1569.21" endtime="1569.66" type="%-" original-type="%-" channel="cB" participant="fe008">
      <nite:child href="Buw001.H.words.xml#id(Buw001.w.7,505)"/>
   </dialogueact>
   <dialogueact nite:id="Buw001.H.dialogueact857" starttime="1575.53" endtime="1577.05" type="s^bd^no" adjacency="41b.42a" original-type="s^bd^no" channel="cB" participant="fe008">
      <nite:child href="Buw001.H.words.xml#id(Buw001.w.7,526)..id(Buw001.w.7,533)"/>
   </dialogueact>
   <dialogueact nite:id="Buw001.H.dialogueact859" starttime="1577.05" endtime="1578.14" type="s^df.%-" original-type="s^df.%-" channel="cB" participant="fe008">
      <nite:child href="Buw001.H.words.xml#id(Buw001.w.7,534)..id(Buw001.disfmarker.322)"/>
   </dialogueact>
   <dialogueact nite:id="Buw001.H.dialogueact862" starttime="1581.49" endtime="1581.74" type="%-" original-type="%-" channel="cB" participant="fe008">
      <nite:child href="Buw001.H.words.xml#id(Buw001.w.7,565)..id(Buw001.disfmarker.324)"/>
   </dialogueact>
   <dialogueact nite:id="Buw001.H.dialogueact871" starttime="1592.86" endtime="1593.0" type="%-" original-type="%-" channel="cB" participant="fe008">
      <nite:child href="Buw001.H.words.xml#id(Buw001.w.7,644)..id(Buw001.disfmarker.325)"/>
   </dialogueact>
   <dialogueact nite:id="Buw001.H.dialogueact880" starttime="1617.17" endtime="1617.35" type="s^na.%" adjacency="47b" original-type="s^na.%" channel="cB" participant="fe008">
      <nite:child href="Buw001.H.words.xml#id(Buw001.w.7,742)..id(Buw001.w.7,744)"/>
   </dialogueact>
   <dialogueact nite:id="Buw001.H.dialogueact891" starttime="1647.28" endtime="1647.53" type="s^ba" original-type="s^ba" channel="cB" participant="fe008">
      <nite:child href="Buw001.H.words.xml#id(Buw001.w.7,854)..id(Buw001.w.7,857)"/>
   </dialogueact>
   <dialogueact nite:id="Buw001.H.dialogueact988" starttime="1840.46" endtime="1841.29" type="s^bk|s.%-" adjacency="3b-1" original-type="s^bk|s.%-" channel="cB" participant="fe008">
      <nite:child href="Buw001.H.words.xml#id(Buw001.w.8,714)..id(Buw001.disfmarker.373)"/>
   </dialogueact>
   <dialogueact nite:id="Buw001.H.dialogueact990" starttime="1841.48" endtime="1841.66" type="b" original-type="b" channel="cB" participant="fe008">
      <nite:child href="Buw001.H.words.xml#id(Buw001.w.8,720)..id(Buw001.w.8,721)"/>
   </dialogueact>
   <dialogueact nite:id="Buw001.H.dialogueact992" starttime="1843.86" endtime="1844.25" type="b" original-type="b" channel="cB" participant="fe008">
      <nite:child href="Buw001.H.words.xml#id(Buw001.w.8,743)..id(Buw001.w.8,746)"/>
   </dialogueact>
   <dialogueact nite:id="Buw001.H.dialogueact1005" starttime="1857.34" endtime="1857.96" type="s^ba" adjacency="8b-2" original-type="s^ba" channel="cB" participant="fe008">
      <nite:child href="Buw001.H.words.xml#id(Buw001.w.8,818)..id(Buw001.w.8,820)"/>
   </dialogueact>
   <dialogueact nite:id="Buw001.H.dialogueact1018" starttime="1871.51" endtime="1872.4" type="s^ba" adjacency="11b-2" original-type="s^ba" channel="cB" participant="fe008">
      <nite:child href="Buw001.H.words.xml#id(Buw001.w.8,906)..id(Buw001.w.8,911)"/>
   </dialogueact>
   <dialogueact nite:id="Buw001.H.dialogueact1022" starttime="1873.13" endtime="1873.31" type="b" original-type="b" channel="cB" participant="fe008">
      <nite:child href="Buw001.H.words.xml#id(Buw001.w.8,918)..id(Buw001.w.8,919)"/>
   </dialogueact>
   <dialogueact nite:id="Buw001.H.dialogueact1035" starttime="1893.75" endtime="1894.35" type="s.%-" original-type="s.%-" channel="cB" participant="fe008">
      <nite:child href="Buw001.H.words.xml#id(Buw001.w.9,014)..id(Buw001.disfmarker.383)"/>
   </dialogueact>
   <dialogueact nite:id="Buw001.H.dialogueact1038" starttime="1900.33" endtime="1900.61" type="b" original-type="b" channel="cB" participant="fe008">
      <nite:child href="Buw001.H.words.xml#id(Buw001.w.9,065)..id(Buw001.w.9,068)"/>
   </dialogueact>
   <dialogueact nite:id="Buw001.H.dialogueact1043" starttime="1909.62" endtime="1913.31" type="fg|s" adjacency="14b" original-type="fg|s" channel="cB" participant="fe008">
      <nite:child href="Buw001.H.words.xml#id(Buw001.w.9,098)..id(Buw001.w.9,115)"/>
   </dialogueact>
   <dialogueact nite:id="Buw001.H.dialogueact1045" starttime="1913.37" endtime="1915.29" type="s^cs" adjacency="15a" original-type="s^cs" channel="cB" participant="fe008">
      <nite:child href="Buw001.H.words.xml#id(Buw001.w.9,116)..id(Buw001.w.9,125)"/>
   </dialogueact>
   <dialogueact nite:id="Buw001.H.dialogueact1046" starttime="1915.29" endtime="1917.78" type="s^df" adjacency="15a+" original-type="s^df" channel="cB" participant="fe008">
      <nite:child href="Buw001.H.words.xml#id(Buw001.w.9,126)..id(Buw001.w.9,139)"/>
   </dialogueact>
   <dialogueact nite:id="Buw001.H.dialogueact1051" starttime="1922.75" endtime="1922.99" type="b" original-type="b" channel="cB" participant="fe008">
      <nite:child href="Buw001.H.words.xml#id(Buw001.w.9,181)..id(Buw001.w.9,184)"/>
   </dialogueact>
   <dialogueact nite:id="Buw001.H.dialogueact1063" starttime="1936.91" endtime="1937.4" type="%-" original-type="%-" channel="cB" participant="fe008">
      <nite:child href="Buw001.H.words.xml#id(Buw001.w.9,256)"/>
   </dialogueact>
   <dialogueact nite:id="Buw001.H.dialogueact1065" starttime="1938.81" endtime="1939.33" type="s.%-" adjacency="19b-1" original-type="s.%-" channel="cB" participant="fe008">
      <nite:child href="Buw001.H.words.xml#id(Buw001.w.9,257)..id(Buw001.w.9,259)"/>
   </dialogueact>
   <dialogueact nite:id="Buw001.H.dialogueact1067" starttime="1939.33" endtime="1939.47" type="b" original-type="b" channel="cB" participant="fe008">
      <nite:child href="Buw001.H.words.xml#id(Buw001.w.9,260)..id(Buw001.w.9,261)"/>
   </dialogueact>
   <dialogueact nite:id="Buw001.H.dialogueact1071" starttime="1947.94" endtime="1950.81" type="qh^cs" adjacency="20b.21a" original-type="qh^cs" channel="cB" participant="fe008">
      <nite:child href="Buw001.H.words.xml#id(Buw001.w.9,311)..id(Buw001.w.9,324)"/>
   </dialogueact>
   <dialogueact nite:id="Buw001.H.dialogueact1073" starttime="1950.81" endtime="1955.93" type="s^df" adjacency="20b+.21a+" original-type="s^df" channel="cB" participant="fe008">
      <nite:child href="Buw001.H.words.xml#id(Buw001.w.9,325)..id(Buw001.w.9,349)"/>
   </dialogueact>
   <dialogueact nite:id="Buw001.H.dialogueact1074" starttime="1956.08" endtime="1961.76" type="s^df^e.%--" adjacency="20b++.21a++" original-type="s^df^e.%--" channel="cB" participant="fe008">
      <nite:child href="Buw001.H.words.xml#id(Buw001.w.9,350)..id(Buw001.w.9,374)"/>
   </dialogueact>
   <dialogueact nite:id="Buw001.H.dialogueact1076" starttime="1961.88" endtime="1963.1" type="s^e" original-type="s^e" channel="cB" participant="fe008">
      <nite:child href="Buw001.H.words.xml#id(Buw001.w.9,375)..id(Buw001.w.9,381)"/>
   </dialogueact>
   <dialogueact nite:id="Buw001.H.dialogueact1080" starttime="1966.89" endtime="1968.34" type="s^e" adjacency="22a" original-type="s^e" channel="cB" participant="fe008">
      <nite:child href="Buw001.H.words.xml#id(Buw001.w.9,392)..id(Buw001.w.9,397)"/>
   </dialogueact>
   <dialogueact nite:id="Buw001.H.dialogueact1081" starttime="1968.34" endtime="1971.39" type="s^df" adjacency="22a+" original-type="s^df" channel="cB" participant="fe008">
      <nite:child href="Buw001.H.words.xml#id(Buw001.w.9,398)..id(Buw001.w.9,416)"/>
   </dialogueact>
   <dialogueact nite:id="Buw001.H.dialogueact1083" starttime="1971.54" endtime="1971.77" type="%--" original-type="%--" channel="cB" participant="fe008">
      <nite:child href="Buw001.H.words.xml#id(Buw001.w.9,417)..id(Buw001.disfmarker.399)"/>
   </dialogueact>
   <dialogueact nite:id="Buw001.H.dialogueact1087" starttime="1979.29" endtime="1979.44" type="%-" adjacency="23b-1" original-type="%-" channel="cB" participant="fe008">
      <nite:child href="Buw001.H.words.xml#id(Buw001.w.9,438)..id(Buw001.disfmarker.400)"/>
   </dialogueact>
   <dialogueact nite:id="Buw001.H.dialogueact1091" starttime="1983.08" endtime="1985.1" type="s" adjacency="24a" original-type="s" channel="cB" participant="fe008">
      <nite:child href="Buw001.H.words.xml#id(Buw001.w.9,457)..id(Buw001.w.9,467)"/>
   </dialogueact>
   <dialogueact nite:id="Buw001.H.dialogueact1234" starttime="2187.14" endtime="2190.51" type="s^cs" adjacency="59b-2.60a" original-type="s^cs" channel="cB" participant="fe008">
      <nite:child href="Buw001.H.words.xml#id(Buw001.w.10,505)..id(Buw001.w.10,518)"/>
   </dialogueact>
   <dialogueact nite:id="Buw001.H.dialogueact1236" starttime="2190.51" endtime="2194.78" type="s^cs^e:qw" adjacency="59b-2+.60a+" original-type="s^cs^e:qw" channel="cB" participant="fe008">
      <nite:child href="Buw001.H.words.xml#id(Buw001.w.10,519)..id(Buw001.w.10,538)"/>
   </dialogueact>
   <dialogueact nite:id="Buw001.H.dialogueact1237" starttime="2196.32" endtime="2197.97" type="s^df" original-type="s^df" channel="cB" participant="fe008">
      <nite:child href="Buw001.H.words.xml#id(Buw001.w.10,539)..id(Buw001.w.10,546)"/>
   </dialogueact>
   <dialogueact nite:id="Buw001.H.dialogueact1239" starttime="2197.97" endtime="2204.31" type="s^df" adjacency="61a" original-type="s^df" channel="cB" participant="fe008">
      <nite:child href="Buw001.H.words.xml#id(Buw001.w.10,547)..id(Buw001.w.10,589)"/>
   </dialogueact>
   <dialogueact nite:id="Buw001.H.dialogueact1244" starttime="2214.3" endtime="2215.93" type="s^df^na" adjacency="64b.65a" original-type="s^df^na" channel="cB" participant="fe008">
      <nite:child href="Buw001.H.words.xml#id(Buw001.w.10,621)..id(Buw001.w.10,630)"/>
   </dialogueact>
   <dialogueact nite:id="Buw001.H.dialogueact1248" starttime="2216.53" endtime="2220.83" type="s^df" original-type="s^df" channel="cB" participant="fe008">
      <nite:child href="Buw001.H.words.xml#id(Buw001.w.10,642)..id(Buw001.w.10,662)"/>
   </dialogueact>
   <dialogueact nite:id="Buw001.H.dialogueact1253" starttime="2223.24" endtime="2227.19" type="s" original-type="s" channel="cB" participant="fe008">
      <nite:child href="Buw001.H.words.xml#id(Buw001.w.10,681)..id(Buw001.w.10,700)"/>
   </dialogueact>
   <dialogueact nite:id="Buw001.H.dialogueact1254" starttime="2227.63" endtime="2229.89" type="qh" original-type="qh" channel="cB" participant="fe008">
      <nite:child href="Buw001.H.words.xml#id(Buw001.w.10,701)..id(Buw001.disfmarker.447)"/>
   </dialogueact>
   <dialogueact nite:id="Buw001.H.dialogueact1255" starttime="2230.21" endtime="2235.95" type="s" original-type="s" channel="cB" participant="fe008">
      <nite:child href="Buw001.H.words.xml#id(Buw001.w.10,715)..id(Buw001.w.10,749)"/>
   </dialogueact>
   <dialogueact nite:id="Buw001.H.dialogueact1258" starttime="2235.95" endtime="2237.93" type="s" original-type="s" channel="cB" participant="fe008">
      <nite:child href="Buw001.H.words.xml#id(Buw001.w.10,750)..id(Buw001.w.10,759)"/>
   </dialogueact>
   <dialogueact nite:id="Buw001.H.dialogueact1259" starttime="2238.24" endtime="2239.3" type="s.%--" original-type="s.%--" channel="cB" participant="fe008">
      <nite:child href="Buw001.H.words.xml#id(Buw001.w.10,760)..id(Buw001.disfmarker.451)"/>
   </dialogueact>
   <dialogueact nite:id="Buw001.H.dialogueact1260" starttime="2239.77" endtime="2239.93" type="s^f" original-type="s^f" channel="cB" participant="fe008">
      <nite:child href="Buw001.H.words.xml#id(Buw001.w.10,766)..id(Buw001.w.10,768)"/>
   </dialogueact>
   <dialogueact nite:id="Buw001.H.dialogueact1261" starttime="2239.93" endtime="2244.58" type="s" adjacency="69a" original-type="s" channel="cB" participant="fe008">
      <nite:child href="Buw001.H.words.xml#id(Buw001.w.10,769)..id(Buw001.w.10,790)"/>
   </dialogueact>
   <dialogueact nite:id="Buw001.H.dialogueact1263" starttime="2244.88" endtime="2246.38" type="s^e" adjacency="69a+" original-type="s^e" channel="cB" participant="fe008">
      <nite:child href="Buw001.H.words.xml#id(Buw001.w.10,791)..id(Buw001.w.10,796)"/>
   </dialogueact>
   <dialogueact nite:id="Buw001.H.dialogueact1265" starttime="2253.24" endtime="2255.47" type="s^df^e" adjacency="70b.71a" original-type="s^df^e" channel="cB" participant="fe008">
      <nite:child href="Buw001.H.words.xml#id(Buw001.w.10,811)..id(Buw001.w.10,826)"/>
   </dialogueact>
   <dialogueact nite:id="Buw001.H.dialogueact1266" starttime="2255.47" endtime="2258.6" type="s" original-type="s" channel="cB" participant="fe008">
      <nite:child href="Buw001.H.words.xml#id(Buw001.w.10,827)..id(Buw001.w.10,848)"/>
   </dialogueact>
   <dialogueact nite:id="Buw001.H.dialogueact1278" starttime="2283.12" endtime="2283.29" type="s^aa" adjacency="76b" original-type="s^aa" channel="cB" participant="fe008">
      <nite:child href="Buw001.H.words.xml#id(Buw001.w.10,956)..id(Buw001.w.10,957)"/>
   </dialogueact>
   <dialogueact nite:id="Buw001.H.dialogueact1284" starttime="2296.87" endtime="2296.96" type="b.%" original-type="b.%" channel="cB" participant="fe008">
      <nite:child href="Buw001.H.words.xml#id(Buw001.w.11,005)..id(Buw001.w.11,006)"/>
   </dialogueact>
   <dialogueact nite:id="Buw001.H.dialogueact1285" starttime="2297.04" endtime="2297.1" type="b.%" original-type="b.%" channel="cB" participant="fe008">
      <nite:child href="Buw001.H.words.xml#id(Buw001.w.11,007)..id(Buw001.w.11,008)"/>
   </dialogueact>
   <dialogueact nite:id="Buw001.H.dialogueact1287" starttime="2301.03" endtime="2303.14" type="s^na.%--" adjacency="78b" original-type="s^na.%--" channel="cB" participant="fe008">
      <nite:child href="Buw001.H.words.xml#id(Buw001.w.11,017)..id(Buw001.disfmarker.458)"/>
   </dialogueact>
   <dialogueact nite:id="Buw001.H.dialogueact1288" starttime="2303.99" endtime="2305.46" type="s" adjacency="78b+" original-type="s" channel="cB" participant="fe008">
      <nite:child href="Buw001.H.words.xml#id(Buw001.w.11,031)..id(Buw001.w.11,041)"/>
   </dialogueact>
   <dialogueact nite:id="Buw001.H.dialogueact1291" starttime="2309.21" endtime="2309.91" type="s^ba" adjacency="79b-1" original-type="s^ba" channel="cB" participant="fe008">
      <nite:child href="Buw001.H.words.xml#id(Buw001.w.11,055)..id(Buw001.w.11,059)"/>
   </dialogueact>
   <dialogueact nite:id="Buw001.H.dialogueact1366" starttime="2468.0" endtime="2468.15" type="b" original-type="b" channel="cB" participant="fe008">
      <nite:child href="Buw001.H.words.xml#id(Buw001.w.11,865)..id(Buw001.w.11,868)"/>
   </dialogueact>
   <dialogueact nite:id="Buw001.H.dialogueact1373" starttime="2485.7" endtime="2489.18" type="s:s" adjacency="9b.10a" original-type="s:s" channel="cB" participant="fe008">
      <nite:child href="Buw001.H.words.xml#id(Buw001.w.11,948)..id(Buw001.w.11,969)"/>
   </dialogueact>
   <dialogueact nite:id="Buw001.H.dialogueact1374" starttime="2489.67" endtime="2491.42" type="s" adjacency="9b+.10a+" original-type="s" channel="cB" participant="fe008">
      <nite:child href="Buw001.H.words.xml#id(Buw001.w.11,970)..id(Buw001.w.11,979)"/>
   </dialogueact>
   <dialogueact nite:id="Buw001.H.dialogueact1379" starttime="2494.26" endtime="2494.52" type="b" original-type="b" channel="cB" participant="fe008">
      <nite:child href="Buw001.H.words.xml#id(Buw001.w.12,011)..id(Buw001.w.12,014)"/>
   </dialogueact>
   <dialogueact nite:id="Buw001.H.dialogueact1382" starttime="2505.16" endtime="2505.57" type="s^bk" adjacency="11b-1" original-type="s^bk" channel="cB" participant="fe008">
      <nite:child href="Buw001.H.words.xml#id(Buw001.w.12,070)..id(Buw001.w.12,073)"/>
   </dialogueact>
   <dialogueact nite:id="Buw001.H.dialogueact1385" starttime="2506.21" endtime="2506.35" type="b" original-type="b" channel="cB" participant="fe008">
      <nite:child href="Buw001.H.words.xml#id(Buw001.w.12,078)..id(Buw001.w.12,079)"/>
   </dialogueact>
   <dialogueact nite:id="Buw001.H.dialogueact1396" starttime="2539.67" endtime="2539.99" type="b" original-type="b" channel="cB" participant="fe008">
      <nite:child href="Buw001.H.words.xml#id(Buw001.w.12,200)..id(Buw001.w.12,203)"/>
   </dialogueact>
   <dialogueact nite:id="Buw001.H.dialogueact1399" starttime="2543.37" endtime="2545.25" type="s:s" adjacency="13a" original-type="s:s" channel="cB" participant="fe008">
      <nite:child href="Buw001.H.words.xml#id(Buw001.w.12,209)..id(Buw001.w.12,219)"/>
   </dialogueact>
   <dialogueact nite:id="Buw001.H.dialogueact1400" starttime="2545.25" endtime="2547.08" type="s^df" adjacency="13a+" original-type="s^df" channel="cB" participant="fe008">
      <nite:child href="Buw001.H.words.xml#id(Buw001.w.12,220)..id(Buw001.w.12,228)"/>
   </dialogueact>
   <dialogueact nite:id="Buw001.H.dialogueact1401" starttime="2547.21" endtime="2547.91" type="s^e" adjacency="13a++" original-type="s^e" channel="cB" participant="fe008">
      <nite:child href="Buw001.H.words.xml#id(Buw001.w.12,229)..id(Buw001.w.12,232)"/>
   </dialogueact>
   <dialogueact nite:id="Buw001.H.dialogueact1402" starttime="2547.91" endtime="2552.13" type="s" adjacency="13a+++" original-type="s" channel="cB" participant="fe008">
      <nite:child href="Buw001.H.words.xml#id(Buw001.w.12,233)..id(Buw001.w.12,251)"/>
   </dialogueact>
   <dialogueact nite:id="Buw001.H.dialogueact1406" starttime="2555.42" endtime="2556.56" type="s.%-" adjacency="14b" original-type="s.%-" channel="cB" participant="fe008">
      <nite:child href="Buw001.H.words.xml#id(Buw001.w.12,266)..id(Buw001.disfmarker.533)"/>
   </dialogueact>
   <dialogueact nite:id="Buw001.H.dialogueact1409" starttime="2557.44" endtime="2560.14" type="s" adjacency="14b+" original-type="s" channel="cB" participant="fe008">
      <nite:child href="Buw001.H.words.xml#id(Buw001.w.12,285)..id(Buw001.w.12,298)"/>
   </dialogueact>
   <dialogueact nite:id="Buw001.H.dialogueact1410" starttime="2560.14" endtime="2562.77" type="s.%--" adjacency="14b++" original-type="s.%--" channel="cB" participant="fe008">
      <nite:child href="Buw001.H.words.xml#id(Buw001.w.12,299)..id(Buw001.disfmarker.536)"/>
   </dialogueact>
   <dialogueact nite:id="Buw001.H.dialogueact1412" starttime="2564.49" endtime="2564.68" type="b" original-type="b" channel="cB" participant="fe008">
      <nite:child href="Buw001.H.words.xml#id(Buw001.w.12,318)..id(Buw001.w.12,319)"/>
   </dialogueact>
   <dialogueact nite:id="Buw001.H.dialogueact1414" starttime="2566.85" endtime="2567.1" type="b" original-type="b" channel="cB" participant="fe008">
      <nite:child href="Buw001.H.words.xml#id(Buw001.w.12,327)..id(Buw001.w.12,328)"/>
   </dialogueact>
   <dialogueact nite:id="Buw001.H.dialogueact1417" starttime="2570.16" endtime="2570.48" type="b" original-type="b" channel="cB" participant="fe008">
      <nite:child href="Buw001.H.words.xml#id(Buw001.w.12,338)..id(Buw001.w.12,341)"/>
   </dialogueact>
   <dialogueact nite:id="Buw001.H.dialogueact1418" starttime="2572.32" endtime="2572.48" type="b.%" original-type="b.%" channel="cB" participant="fe008">
      <nite:child href="Buw001.H.words.xml#id(Buw001.w.12,342)..id(Buw001.w.12,343)"/>
   </dialogueact>
   <dialogueact nite:id="Buw001.H.dialogueact1435" starttime="2635.65" endtime="2635.78" type="%-" original-type="%-" channel="cB" participant="fe008">
      <nite:child href="Buw001.H.words.xml#id(Buw001.w.12,525)"/>
   </dialogueact>
   <dialogueact nite:id="Buw001.H.dialogueact1436" starttime="2636.84" endtime="2637.0" type="b" original-type="b" channel="cB" participant="fe008">
      <nite:child href="Buw001.H.words.xml#id(Buw001.w.12,538)..id(Buw001.w.12,539)"/>
   </dialogueact>
   <dialogueact nite:id="Buw001.H.dialogueact1439" starttime="2639.51" endtime="2639.81" type="s^ba" adjacency="16b-2" original-type="s^ba" channel="cB" participant="fe008">
      <nite:child href="Buw001.H.words.xml#id(Buw001.w.12,544)..id(Buw001.w.12,547)"/>
   </dialogueact>
   <dialogueact nite:id="Buw001.H.dialogueact1441" starttime="2639.81" endtime="2640.44" type="s^ba" adjacency="16b-2+" original-type="s^ba" channel="cB" participant="fe008">
      <nite:child href="Buw001.H.words.xml#id(Buw001.w.12,548)..id(Buw001.w.12,551)"/>
   </dialogueact>
   <dialogueact nite:id="Buw001.H.dialogueact1442" starttime="2640.67" endtime="2641.09" type="s^ba^r" adjacency="16b-2++" original-type="s^ba^r" channel="cB" participant="fe008">
      <nite:child href="Buw001.H.words.xml#id(Buw001.w.12,552)..id(Buw001.w.12,555)"/>
   </dialogueact>
   <dialogueact nite:id="Buw001.H.dialogueact1448" starttime="2661.9" endtime="2662.09" type="b" original-type="b" channel="cB" participant="fe008">
      <nite:child href="Buw001.H.words.xml#id(Buw001.w.12,615)..id(Buw001.w.12,618)"/>
   </dialogueact>
   <dialogueact nite:id="Buw001.H.dialogueact1451" starttime="2667.56" endtime="2667.73" type="b" original-type="b" channel="cB" participant="fe008">
      <nite:child href="Buw001.H.words.xml#id(Buw001.w.12,631)..id(Buw001.w.12,634)"/>
   </dialogueact>
   <dialogueact nite:id="Buw001.H.dialogueact1453" starttime="2668.03" endtime="2668.26" type="%-" original-type="%-" channel="cB" participant="fe008">
      <nite:child href="Buw001.H.words.xml#id(Buw001.w.12,635)"/>
   </dialogueact>
   <dialogueact nite:id="Buw001.H.dialogueact1454" starttime="2669.76" endtime="2671.85" type="s" adjacency="19b.20a" original-type="s" channel="cB" participant="fe008">
      <nite:child href="Buw001.H.words.xml#id(Buw001.w.12,645)..id(Buw001.w.12,655)"/>
   </dialogueact>
   <dialogueact nite:id="Buw001.H.dialogueact1455" starttime="2671.85" endtime="2673.09" type="s^cs" adjacency="20a+" original-type="s^cs" channel="cB" participant="fe008">
      <nite:child href="Buw001.H.words.xml#id(Buw001.w.12,656)..id(Buw001.w.12,664)"/>
   </dialogueact>
   <dialogueact nite:id="Buw001.H.dialogueact1456" starttime="2673.09" endtime="2674.25" type="s^e" adjacency="20a++" original-type="s^e" channel="cB" participant="fe008">
      <nite:child href="Buw001.H.words.xml#id(Buw001.w.12,665)..id(Buw001.w.12,673)"/>
   </dialogueact>
   <dialogueact nite:id="Buw001.H.dialogueact1461" starttime="2682.86" endtime="2685.86" type="s^cs" adjacency="21a" original-type="s^cs" channel="cB" participant="fe008">
      <nite:child href="Buw001.H.words.xml#id(Buw001.w.12,698)..id(Buw001.w.12,713)"/>
   </dialogueact>
   <dialogueact nite:id="Buw001.H.dialogueact1464" starttime="2686.71" endtime="2686.84" type="b" original-type="b" channel="cB" participant="fe008">
      <nite:child href="Buw001.H.words.xml#id(Buw001.w.12,730)..id(Buw001.w.12,733)"/>
   </dialogueact>
   <dialogueact nite:id="Buw001.H.dialogueact1466" starttime="2687.67" endtime="2687.88" type="b" original-type="b" channel="cB" participant="fe008">
      <nite:child href="Buw001.H.words.xml#id(Buw001.w.12,734)..id(Buw001.w.12,735)"/>
   </dialogueact>
   <dialogueact nite:id="Buw001.H.dialogueact1468" starttime="2692.42" endtime="2692.73" type="b.%" original-type="b.%" channel="cB" participant="fe008">
      <nite:child href="Buw001.H.words.xml#id(Buw001.w.12,779)..id(Buw001.w.12,782)"/>
   </dialogueact>
   <dialogueact nite:id="Buw001.H.dialogueact1476" starttime="2699.59" endtime="2699.83" type="b" original-type="b" channel="cB" participant="fe008">
      <nite:child href="Buw001.H.words.xml#id(Buw001.w.12,838)..id(Buw001.w.12,839)"/>
   </dialogueact>
   <dialogueact nite:id="Buw001.H.dialogueact1502" starttime="2752.97" endtime="2753.25" type="b" original-type="b" channel="cB" participant="fe008">
      <nite:child href="Buw001.H.words.xml#id(Buw001.w.13,054)..id(Buw001.w.13,057)"/>
   </dialogueact>
   <dialogueact nite:id="Buw001.H.dialogueact1541" starttime="2798.52" endtime="2801.04" type="s^cs" adjacency="40b-2.41a" original-type="s^cs" channel="cB" participant="fe008">
      <nite:child href="Buw001.H.words.xml#id(Buw001.w.13,333)..id(Buw001.w.13,347)"/>
   </dialogueact>
   <dialogueact nite:id="Buw001.H.dialogueact1542" starttime="2801.04" endtime="2803.08" type="s^cs" adjacency="40b-2+.41a+" original-type="s^cs" channel="cB" participant="fe008">
      <nite:child href="Buw001.H.words.xml#id(Buw001.w.13,348)..id(Buw001.w.13,357)"/>
   </dialogueact>
   <dialogueact nite:id="Buw001.H.dialogueact1544" starttime="2804.93" endtime="2807.72" type="s^e" adjacency="42a" original-type="s^e" channel="cB" participant="fe008">
      <nite:child href="Buw001.H.words.xml#id(Buw001.w.13,360)..id(Buw001.w.13,370)"/>
   </dialogueact>
   <dialogueact nite:id="Buw001.H.dialogueact1546" starttime="2808.3" endtime="2808.42" type="s^aa" adjacency="43b" original-type="s^aa" channel="cB" participant="fe008">
      <nite:child href="Buw001.H.words.xml#id(Buw001.w.13,379)..id(Buw001.w.13,380)"/>
   </dialogueact>
   <dialogueact nite:id="Buw001.H.dialogueact1550" starttime="2816.94" endtime="2819.21" type="s^aa|s" adjacency="44b-1" original-type="s^aa|s" channel="cB" participant="fe008">
      <nite:child href="Buw001.H.words.xml#id(Buw001.w.13,395)..id(Buw001.w.13,408)"/>
   </dialogueact>
   <dialogueact nite:id="Buw001.H.dialogueact1552" starttime="2819.21" endtime="2820.61" type="s^e" adjacency="44b-1+" original-type="s^e" channel="cB" participant="fe008">
      <nite:child href="Buw001.H.words.xml#id(Buw001.w.13,409)..id(Buw001.w.13,413)"/>
   </dialogueact>
   <dialogueact nite:id="Buw001.H.dialogueact1554" starttime="2826.87" endtime="2828.22" type="s^na|s^aa" adjacency="45b-1" original-type="s^na|s^aa" channel="cB" participant="fe008">
      <nite:child href="Buw001.H.words.xml#id(Buw001.w.13,461)..id(Buw001.w.13,469)"/>
   </dialogueact>
   <dialogueact nite:id="Buw001.H.dialogueact1558" starttime="2834.82" endtime="2835.26" type="s^aa|s^na" adjacency="47b" original-type="s^aa|s^na" channel="cB" participant="fe008">
      <nite:child href="Buw001.H.words.xml#id(Buw001.w.13,503)..id(Buw001.w.13,508)"/>
   </dialogueact>
   <dialogueact nite:id="Buw001.H.dialogueact1560" starttime="2835.26" endtime="2838.52" type="s^cs.%--" adjacency="47b+" original-type="s^cs.%--" channel="cB" participant="fe008">
      <nite:child href="Buw001.H.words.xml#id(Buw001.w.13,509)..id(Buw001.w.13,535)"/>
   </dialogueact>
   <dialogueact nite:id="Buw001.H.dialogueact1561" starttime="2838.61" endtime="2839.05" type="s" adjacency="47b++" original-type="s" channel="cB" participant="fe008">
      <nite:child href="Buw001.H.words.xml#id(Buw001.w.13,536)..id(Buw001.w.13,540)"/>
   </dialogueact>
   <dialogueact nite:id="Buw001.H.dialogueact1562" starttime="2839.05" endtime="2842.22" type="s" adjacency="48a" original-type="s" channel="cB" participant="fe008">
      <nite:child href="Buw001.H.words.xml#id(Buw001.w.13,541)..id(Buw001.w.13,559)"/>
   </dialogueact>
   <dialogueact nite:id="Buw001.H.dialogueact1565" starttime="2842.58" endtime="2842.68" type="fh" original-type="fh" channel="cB" participant="fe008">
      <nite:child href="Buw001.H.words.xml#id(Buw001.w.13,560)..id(Buw001.w.13,561)"/>
   </dialogueact>
   <dialogueact nite:id="Buw001.H.dialogueact1568" starttime="2848.75" endtime="2848.89" type="s^aa" adjacency="49b-1" original-type="s^aa" channel="cB" participant="fe008">
      <nite:child href="Buw001.H.words.xml#id(Buw001.w.13,580)..id(Buw001.w.13,581)"/>
   </dialogueact>
   <dialogueact nite:id="Buw001.H.dialogueact1569" starttime="2848.89" endtime="2850.46" type="s^cs^df" adjacency="49b-1+" original-type="s^cs^df" channel="cB" participant="fe008">
      <nite:child href="Buw001.H.words.xml#id(Buw001.w.13,582)..id(Buw001.disfmarker.588)"/>
   </dialogueact>
   <dialogueact nite:id="Buw001.H.dialogueact1574" starttime="2852.05" endtime="2852.34" type="b.%" original-type="b.%" channel="cB" participant="fe008">
      <nite:child href="Buw001.H.words.xml#id(Buw001.w.13,615)..id(Buw001.w.13,616)"/>
   </dialogueact>
   <dialogueact nite:id="Buw001.H.dialogueact1581" starttime="2862.0" endtime="2862.59" type="s^aa" adjacency="53b-2" original-type="s^aa" channel="cB" participant="fe008">
      <nite:child href="Buw001.H.words.xml#id(Buw001.w.13,654)..id(Buw001.w.13,657)"/>
   </dialogueact>
   <dialogueact nite:id="Buw001.H.dialogueact1600" starttime="2899.02" endtime="2899.23" type="s^ba" adjacency="57b-1" original-type="s^ba" channel="cB" participant="fe008">
      <nite:child href="Buw001.H.words.xml#id(Buw001.w.13,813)..id(Buw001.w.13,814)"/>
   </dialogueact>
   <dialogueact nite:id="Buw001.H.dialogueact1649" starttime="2971.32" endtime="2971.57" type="s^bk" adjacency="70b.71a" original-type="s^bk" channel="cB" participant="fe008">
      <nite:child href="Buw001.H.words.xml#id(Buw001.w.14,094)..id(Buw001.w.14,095)"/>
   </dialogueact>
   <dialogueact nite:id="Buw001.H.dialogueact1651" starttime="2971.96" endtime="2972.23" type="%-" adjacency="70b+" original-type="%-" channel="cB" participant="fe008">
      <nite:child href="Buw001.H.words.xml#id(Buw001.w.14,096)..id(Buw001.w.14,097)"/>
   </dialogueact>
   <dialogueact nite:id="Buw001.H.dialogueact1652" starttime="2972.78" endtime="2973.27" type="s^aa" adjacency="72b.73a" original-type="s^aa" channel="cB" participant="fe008">
      <nite:child href="Buw001.H.words.xml#id(Buw001.w.14,104)..id(Buw001.w.14,109)"/>
   </dialogueact>
   <dialogueact nite:id="Buw001.H.dialogueact1654" starttime="2974.31" endtime="2977.08" type="s^cs" adjacency="74a" original-type="s^cs" channel="cB" participant="fe008">
      <nite:child href="Buw001.H.words.xml#id(Buw001.w.14,114)..id(Buw001.w.14,132)"/>
   </dialogueact>
   <dialogueact nite:id="Buw001.H.dialogueact1657" starttime="2977.08" endtime="2979.03" type="s^df.%--" adjacency="74a+" original-type="s^df.%--" channel="cB" participant="fe008">
      <nite:child href="Buw001.H.words.xml#id(Buw001.w.14,133)..id(Buw001.w.14,150)"/>
   </dialogueact>
   <dialogueact nite:id="Buw001.H.dialogueact1660" starttime="2979.03" endtime="2980.73" type="s.%-" adjacency="75a" original-type="s.%-" channel="cB" participant="fe008">
      <nite:child href="Buw001.H.words.xml#id(Buw001.w.14,151)..id(Buw001.disfmarker.608)"/>
   </dialogueact>
   <dialogueact nite:id="Buw001.H.dialogueact1664" starttime="2982.01" endtime="2983.04" type="s^2.%--" adjacency="75b.76a" original-type="s^2.%--" channel="cB" participant="fe008">
      <nite:child href="Buw001.H.words.xml#id(Buw001.w.14,175)..id(Buw001.w.14,176)"/>
   </dialogueact>
   <dialogueact nite:id="Buw001.H.dialogueact1665" starttime="2985.03" endtime="2985.35" comment="I think she slows down because Mari is writing down the email address" type="s^e" adjacency="75b+.76a+" original-type="s^e" channel="cB" participant="fe008">
      <nite:child href="Buw001.H.words.xml#id(Buw001.w.14,177)..id(Buw001.w.14,178)"/>
   </dialogueact>
   <dialogueact nite:id="Buw001.H.dialogueact1676" starttime="3003.58" endtime="3004.54" type="fg|s" adjacency="79b.80a" original-type="fg|s" channel="cB" participant="fe008">
      <nite:child href="Buw001.H.words.xml#id(Buw001.w.14,267)..id(Buw001.w.14,271)"/>
   </dialogueact>
   <dialogueact nite:id="Buw001.H.dialogueact1677" starttime="3004.55" endtime="3004.67" type="fh" original-type="fh" channel="cB" participant="fe008">
      <nite:child href="Buw001.H.words.xml#id(Buw001.w.14,272)..id(Buw001.disfmarker.615)"/>
   </dialogueact>
   <dialogueact nite:id="Buw001.H.dialogueact1682" starttime="3011.83" endtime="3013.11" type="s^aa|s" adjacency="83b.84a" original-type="s^aa|s" channel="cB" participant="fe008">
      <nite:child href="Buw001.H.words.xml#id(Buw001.w.14,302)..id(Buw001.w.14,310)"/>
   </dialogueact>
   <dialogueact nite:id="Buw001.H.dialogueact1684" starttime="3013.79" endtime="3014.85" type="s^df" original-type="s^df" channel="cB" participant="fe008">
      <nite:child href="Buw001.H.words.xml#id(Buw001.w.14,323)..id(Buw001.w.14,328)"/>
   </dialogueact>
   <dialogueact nite:id="Buw001.H.dialogueact1726" starttime="3067.33" endtime="3067.72" type="s^na" adjacency="8b" original-type="s^na" channel="cB" participant="fe008">
      <nite:child href="Buw001.H.words.xml#id(Buw001.w.14,624)..id(Buw001.w.14,626)"/>
   </dialogueact>
   <dialogueact nite:id="Buw001.H.dialogueact1727" starttime="3068.07" endtime="3070.28" type="s" original-type="s" channel="cB" participant="fe008">
      <nite:child href="Buw001.H.words.xml#id(Buw001.w.14,627)..id(Buw001.w.14,635)"/>
   </dialogueact>
   <dialogueact nite:id="Buw001.H.dialogueact1728" starttime="3070.68" endtime="3073.55" type="s^rt" original-type="s^rt" channel="cB" participant="fe008">
      <nite:child href="Buw001.H.words.xml#id(Buw001.w.14,636)..id(Buw001.w.14,650)"/>
   </dialogueact>
   <dialogueact nite:id="Buw001.H.dialogueact1729" starttime="3074.11" endtime="3074.6" type="s^e" original-type="s^e" channel="cB" participant="fe008">
      <nite:child href="Buw001.H.words.xml#id(Buw001.w.14,651)..id(Buw001.w.14,652)"/>
   </dialogueact>
   <dialogueact nite:id="Buw001.H.dialogueact1730" starttime="3074.6" endtime="3076.22" type="s" original-type="s" channel="cB" participant="fe008">
      <nite:child href="Buw001.H.words.xml#id(Buw001.w.14,653)..id(Buw001.w.14,663)"/>
   </dialogueact>
   <dialogueact nite:id="Buw001.H.dialogueact1731" starttime="3076.74" endtime="3079.79" type="s" adjacency="9a" original-type="s" channel="cB" participant="fe008">
      <nite:child href="Buw001.H.words.xml#id(Buw001.w.14,664)..id(Buw001.w.14,671)"/>
   </dialogueact>
   <dialogueact nite:id="Buw001.H.dialogueact1732" starttime="3079.79" endtime="3080.93" type="s" adjacency="9a+" original-type="s" channel="cB" participant="fe008">
      <nite:child href="Buw001.H.words.xml#id(Buw001.w.14,672)..id(Buw001.w.14,679)"/>
   </dialogueact>
   <dialogueact nite:id="Buw001.H.dialogueact1735" starttime="3087.48" endtime="3087.7" type="s^ba" adjacency="10b" original-type="s^ba" channel="cB" participant="fe008">
      <nite:child href="Buw001.H.words.xml#id(Buw001.w.14,728)..id(Buw001.w.14,729)"/>
   </dialogueact>
   <dialogueact nite:id="Buw001.H.dialogueact1737" starttime="3090.93" endtime="3091.61" type="s^ba" adjacency="11b" original-type="s^ba" channel="cB" participant="fe008">
      <nite:child href="Buw001.H.words.xml#id(Buw001.w.14,740)..id(Buw001.w.14,745)"/>
   </dialogueact>
   <dialogueact nite:id="Buw001.H.dialogueact1739" starttime="3097.94" endtime="3098.88" type="s^df" adjacency="12a" original-type="s^df" channel="cB" participant="fe008">
      <nite:child href="Buw001.H.words.xml#id(Buw001.w.14,750)..id(Buw001.w.14,758)"/>
   </dialogueact>
   <dialogueact nite:id="Buw001.H.dialogueact1740" starttime="3098.88" endtime="3100.46" type="s^fa" adjacency="12a+" original-type="s^fa" channel="cB" participant="fe008">
      <nite:child href="Buw001.H.words.xml#id(Buw001.w.14,759)..id(Buw001.w.14,772)"/>
   </dialogueact>
   <dialogueact nite:id="Buw001.H.dialogueact1751" starttime="3119.96" endtime="3120.69" type="s^nd" adjacency="15b" original-type="s^nd" channel="cB" participant="fe008">
      <nite:child href="Buw001.H.words.xml#id(Buw001.w.14,856)..id(Buw001.w.14,862)"/>
   </dialogueact>
   <dialogueact nite:id="Buw001.H.dialogueact1753" starttime="3120.69" endtime="3123.45" type="s^rt" adjacency="16a" original-type="s^rt" channel="cB" participant="fe008">
      <nite:child href="Buw001.H.words.xml#id(Buw001.w.14,863)..id(Buw001.w.14,873)"/>
   </dialogueact>
   <dialogueact nite:id="Buw001.H.dialogueact1755" starttime="3123.45" endtime="3123.77" type="fh" adjacency="16a+" original-type="fh" channel="cB" participant="fe008">
      <nite:child href="Buw001.H.words.xml#id(Buw001.w.14,874)..id(Buw001.disfmarker.645)"/>
   </dialogueact>
   <dialogueact nite:id="Buw001.H.dialogueact1757" starttime="3124.48" endtime="3125.51" type="s.%-" original-type="s.%-" channel="cB" participant="fe008">
      <nite:child href="Buw001.H.words.xml#id(Buw001.w.14,893)..id(Buw001.disfmarker.647)"/>
   </dialogueact>
   <dialogueact nite:id="Buw001.H.dialogueact1760" starttime="3127.2" endtime="3127.89" type="%-" original-type="%-" channel="cB" participant="fe008">
      <nite:child href="Buw001.H.words.xml#id(Buw001.w.14,898)..id(Buw001.disfmarker.649)"/>
   </dialogueact>
   <dialogueact nite:id="Buw001.H.dialogueact1764" starttime="3132.28" endtime="3132.57" type="b" original-type="b" channel="cB" participant="fe008">
      <nite:child href="Buw001.H.words.xml#id(Buw001.w.14,938)..id(Buw001.w.14,939)"/>
   </dialogueact>
   <dialogueact nite:id="Buw001.H.dialogueact1766" starttime="3134.84" endtime="3135.47" type="s^bk|s^ba" adjacency="18b" original-type="s^bk|s^ba" channel="cB" participant="fe008">
      <nite:child href="Buw001.H.words.xml#id(Buw001.w.14,940)..id(Buw001.w.14,943)"/>
   </dialogueact>
   <dialogueact nite:id="Buw001.H.dialogueact1772" starttime="3137.51" endtime="3138.04" type="s.%-" original-type="s.%-" channel="cB" participant="fe008">
      <nite:child href="Buw001.H.words.xml#id(Buw001.w.14,980)..id(Buw001.w.14,983)"/>
   </dialogueact>
   <dialogueact nite:id="Buw001.H.dialogueact1779" starttime="3144.19" endtime="3144.36" type="b" original-type="b" channel="cB" participant="fe008">
      <nite:child href="Buw001.H.words.xml#id(Buw001.w.15,005)..id(Buw001.w.15,006)"/>
   </dialogueact>
   <dialogueact nite:id="Buw001.H.dialogueact1841" starttime="3247.01" endtime="3247.26" type="b" original-type="b" channel="cB" participant="fe008">
      <nite:child href="Buw001.H.words.xml#id(Buw001.w.15,438)..id(Buw001.w.15,439)"/>
   </dialogueact>
   <dialogueact nite:id="Buw001.H.dialogueact1968" starttime="3432.83" endtime="3434.22" type="qy" adjacency="68b" original-type="qy" channel="cB" participant="fe008">
      <nite:child href="Buw001.H.words.xml#id(Buw001.w.16,291)..id(Buw001.w.16,299)"/>
   </dialogueact>
   <dialogueact nite:id="Buw001.H.dialogueact1969" starttime="3434.22" endtime="3435.89" type="s" original-type="s" channel="cB" participant="fe008">
      <nite:child href="Buw001.H.words.xml#id(Buw001.w.16,300)..id(Buw001.w.16,305)"/>
   </dialogueact>
   <dialogueact nite:id="Buw001.H.dialogueact1970" starttime="3435.89" endtime="3439.15" type="s.%--" original-type="s.%--" channel="cB" participant="fe008">
      <nite:child href="Buw001.H.words.xml#id(Buw001.w.16,306)..id(Buw001.disfmarker.723)"/>
   </dialogueact>
   <dialogueact nite:id="Buw001.H.dialogueact1971" starttime="3439.58" endtime="3440.22" type="fh" original-type="fh" channel="cB" participant="fe008">
      <nite:child href="Buw001.H.words.xml#id(Buw001.w.16,320)..id(Buw001.w.16,323)"/>
   </dialogueact>
   <dialogueact nite:id="Buw001.H.dialogueact1972" starttime="3440.86" endtime="3448.4" type="s" original-type="s" channel="cB" participant="fe008">
      <nite:child href="Buw001.H.words.xml#id(Buw001.w.16,324)..id(Buw001.w.16,352)"/>
   </dialogueact>
   <dialogueact nite:id="Buw001.H.dialogueact1973" starttime="3448.8" endtime="3463.47" type="qr^cs" adjacency="69a" original-type="qr^cs" channel="cB" participant="fe008">
      <nite:child href="Buw001.H.words.xml#id(Buw001.w.16,353)..id(Buw001.w.16,399)"/>
   </dialogueact>
   <dialogueact nite:id="Buw001.H.dialogueact1974" starttime="3463.47" endtime="3466.1" type="s" original-type="s" channel="cB" participant="fe008">
      <nite:child href="Buw001.H.words.xml#id(Buw001.w.16,400)..id(Buw001.w.16,409)"/>
   </dialogueact>
   <dialogueact nite:id="Buw001.H.dialogueact1976" starttime="3466.42" endtime="3467.91" type="s" original-type="s" channel="cB" participant="fe008">
      <nite:child href="Buw001.H.words.xml#id(Buw001.w.16,414)..id(Buw001.w.16,425)"/>
   </dialogueact>
   <dialogueact nite:id="Buw001.H.dialogueact1977" starttime="3467.91" endtime="3469.29" type="s" original-type="s" channel="cB" participant="fe008">
      <nite:child href="Buw001.H.words.xml#id(Buw001.w.16,426)..id(Buw001.w.16,434)"/>
   </dialogueact>
   <dialogueact nite:id="Buw001.H.dialogueact1978" starttime="3469.35" endtime="3470.96" type="s.%--" original-type="s.%--" channel="cB" participant="fe008">
      <nite:child href="Buw001.H.words.xml#id(Buw001.w.16,435)..id(Buw001.disfmarker.726)"/>
   </dialogueact>
   <dialogueact nite:id="Buw001.H.dialogueact1979" starttime="3470.96" endtime="3474.06" type="s" original-type="s" channel="cB" participant="fe008">
      <nite:child href="Buw001.H.words.xml#id(Buw001.w.16,440)..id(Buw001.w.16,457)"/>
   </dialogueact>
   <dialogueact nite:id="Buw001.H.dialogueact1981" starttime="3474.11" endtime="3475.04" type="fh" original-type="fh" channel="cB" participant="fe008">
      <nite:child href="Buw001.H.words.xml#id(Buw001.w.16,458)..id(Buw001.w.16,461)"/>
   </dialogueact>
   <dialogueact nite:id="Buw001.H.dialogueact1982" starttime="3475.55" endtime="3479.47" type="s" original-type="s" channel="cB" participant="fe008">
      <nite:child href="Buw001.H.words.xml#id(Buw001.w.16,464)..id(Buw001.w.16,482)"/>
   </dialogueact>
   <dialogueact nite:id="Buw001.H.dialogueact1983" starttime="3479.87" endtime="3489.31" type="qr" adjacency="70a" original-type="qr" channel="cB" participant="fe008">
      <nite:child href="Buw001.H.words.xml#id(Buw001.w.16,483)..id(Buw001.w.16,521)"/>
   </dialogueact>
   <dialogueact nite:id="Buw001.H.dialogueact1989" starttime="3498.85" endtime="3499.05" type="s^bk" adjacency="71b" original-type="s^bk" channel="cB" participant="fe008">
      <nite:child href="Buw001.H.words.xml#id(Buw001.w.16,566)..id(Buw001.w.16,567)"/>
   </dialogueact>
   <dialogueact nite:id="Buw001.H.dialogueact1995" starttime="3518.61" endtime="3518.77" type="b" original-type="b" channel="cB" participant="fe008">
      <nite:child href="Buw001.H.words.xml#id(Buw001.w.16,625)..id(Buw001.w.16,626)"/>
   </dialogueact>
   <dialogueact nite:id="Buw001.H.dialogueact1996" starttime="3521.57" endtime="3522.8" type="s^df.%-" original-type="s^df.%-" channel="cB" participant="fe008">
      <nite:child href="Buw001.H.words.xml#id(Buw001.w.16,639)..id(Buw001.disfmarker.731)"/>
   </dialogueact>
   <dialogueact nite:id="Buw001.H.dialogueact1997" starttime="3523.47" endtime="3523.97" type="s^bk|s^ba" adjacency="72b" original-type="s^bk|s^ba" channel="cB" participant="fe008">
      <nite:child href="Buw001.H.words.xml#id(Buw001.w.16,649)..id(Buw001.w.16,652)"/>
   </dialogueact>
   <dialogueact nite:id="Buw001.H.dialogueact2005" starttime="3540.9" endtime="3541.16" type="b" original-type="b" channel="cB" participant="fe008">
      <nite:child href="Buw001.H.words.xml#id(Buw001.w.16,747)..id(Buw001.w.16,750)"/>
   </dialogueact>
   <dialogueact nite:id="Buw001.H.dialogueact2011" starttime="3546.68" endtime="3546.82" type="b" original-type="b" channel="cB" participant="fe008">
      <nite:child href="Buw001.H.words.xml#id(Buw001.w.16,773)..id(Buw001.w.16,776)"/>
   </dialogueact>
   <dialogueact nite:id="Buw001.H.dialogueact2012" starttime="3547.05" endtime="3548.11" type="s" adjacency="74b-3" original-type="s" channel="cB" participant="fe008">
      <nite:child href="Buw001.H.words.xml#id(Buw001.w.16,777)..id(Buw001.w.16,784)"/>
   </dialogueact>
   <dialogueact nite:id="Buw001.H.dialogueact2013" starttime="3548.81" endtime="3549.09" type="%-" original-type="%-" channel="cB" participant="fe008">
      <nite:child href="Buw001.H.words.xml#id(Buw001.w.16,785)..id(Buw001.disfmarker.734)"/>
   </dialogueact>
   <dialogueact nite:id="Buw001.H.dialogueact2014" starttime="3549.09" endtime="3550.37" type="s.%--" original-type="s.%--" channel="cB" participant="fe008">
      <nite:child href="Buw001.H.words.xml#id(Buw001.w.16,792)..id(Buw001.w.16,797)"/>
   </dialogueact>
   <dialogueact nite:id="Buw001.H.dialogueact2017" starttime="3550.37" endtime="3555.37" type="s^df" original-type="s^df" channel="cB" participant="fe008">
      <nite:child href="Buw001.H.words.xml#id(Buw001.w.16,798)..id(Buw001.w.16,821)"/>
   </dialogueact>
   <dialogueact nite:id="Buw001.H.dialogueact2019" starttime="3556.12" endtime="3557.67" type="s^bd" original-type="s^bd" channel="cB" participant="fe008">
      <nite:child href="Buw001.H.words.xml#id(Buw001.w.16,826)..id(Buw001.w.16,831)"/>
   </dialogueact>
   <dialogueact nite:id="Buw001.H.dialogueact2020" starttime="3557.67" endtime="3559.61" type="s^df" original-type="s^df" channel="cB" participant="fe008">
      <nite:child href="Buw001.H.words.xml#id(Buw001.w.16,832)..id(Buw001.w.16,840)"/>
   </dialogueact>
   <dialogueact nite:id="Buw001.H.dialogueact2021" starttime="3561.35" endtime="3562.9" type="s.%--" adjacency="75a" original-type="s.%--" channel="cB" participant="fe008">
      <nite:child href="Buw001.H.words.xml#id(Buw001.w.16,841)..id(Buw001.disfmarker.740)"/>
   </dialogueact>
   <dialogueact nite:id="Buw001.H.dialogueact2022" starttime="3562.9" endtime="3567.62" type="s" adjacency="75a+" original-type="s" channel="cB" participant="fe008">
      <nite:child href="Buw001.H.words.xml#id(Buw001.w.16,848)..id(Buw001.w.16,868)"/>
   </dialogueact>
   <dialogueact nite:id="Buw001.H.dialogueact2026" starttime="3581.77" endtime="3582.08" type="s" adjacency="76b" original-type="s" channel="cB" participant="fe008">
      <nite:child href="Buw001.H.words.xml#id(Buw001.w.16,904)..id(Buw001.w.16,905)"/>
   </dialogueact>
   <dialogueact nite:id="Buw001.H.dialogueact2028" starttime="3589.69" endtime="3594.66" type="s^bk|s" adjacency="77b" original-type="s^bk|s" channel="cB" participant="fe008">
      <nite:child href="Buw001.H.words.xml#id(Buw001.w.16,910)..id(Buw001.w.16,941)"/>
   </dialogueact>
   <dialogueact nite:id="Buw001.H.dialogueact2031" starttime="3594.66" endtime="3595.56" type="s^df" original-type="s^df" channel="cB" participant="fe008">
      <nite:child href="Buw001.H.words.xml#id(Buw001.w.16,942)..id(Buw001.w.16,948)"/>
   </dialogueact>
   <dialogueact nite:id="Buw001.H.dialogueact2035" starttime="3613.14" endtime="3613.28" type="b" original-type="b" channel="cB" participant="fe008">
      <nite:child href="Buw001.H.words.xml#id(Buw001.w.17,000)..id(Buw001.w.17,003)"/>
   </dialogueact>
   <dialogueact nite:id="Buw001.H.dialogueact2036" starttime="3614.98" endtime="3615.15" type="b" original-type="b" channel="cB" participant="fe008">
      <nite:child href="Buw001.H.words.xml#id(Buw001.w.17,004)..id(Buw001.w.17,007)"/>
   </dialogueact>
   <dialogueact nite:id="Buw001.H.dialogueact2037" starttime="3616.46" endtime="3618.96" type="s.%--" adjacency="1b" original-type="s.%--" channel="cB" participant="fe008">
      <nite:child href="Buw001.H.words.xml#id(Buw001.w.17,008)..id(Buw001.disfmarker.746)"/>
   </dialogueact>
   <dialogueact nite:id="Buw001.H.dialogueact2038" starttime="3619.16" endtime="3625.14" type="s" adjacency="1b+" original-type="s" channel="cB" participant="fe008">
      <nite:child href="Buw001.H.words.xml#id(Buw001.w.17,017)..id(Buw001.w.17,036)"/>
   </dialogueact>
   <dialogueact nite:id="Buw001.H.dialogueact2039" starttime="3625.14" endtime="3628.39" type="s" original-type="s" channel="cB" participant="fe008">
      <nite:child href="Buw001.H.words.xml#id(Buw001.w.17,037)..id(Buw001.w.17,059)"/>
   </dialogueact>
   <dialogueact nite:id="Buw001.H.dialogueact2040" starttime="3628.85" endtime="3630.5" type="s" adjacency="2a" original-type="s" channel="cB" participant="fe008">
      <nite:child href="Buw001.H.words.xml#id(Buw001.w.17,060)..id(Buw001.w.17,070)"/>
   </dialogueact>
   <dialogueact nite:id="Buw001.H.dialogueact2041" starttime="3630.5" endtime="3632.1" type="s" adjacency="2a+" original-type="s" channel="cB" participant="fe008">
      <nite:child href="Buw001.H.words.xml#id(Buw001.w.17,071)..id(Buw001.w.17,078)"/>
   </dialogueact>
   <dialogueact nite:id="Buw001.H.dialogueact2042" starttime="3632.35" endtime="3633.41" type="s" adjacency="2a++" original-type="s" channel="cB" participant="fe008">
      <nite:child href="Buw001.H.words.xml#id(Buw001.w.17,079)..id(Buw001.w.17,086)"/>
   </dialogueact>
   <dialogueact nite:id="Buw001.H.dialogueact2044" starttime="3636.63" endtime="3636.85" type="b" original-type="b" channel="cB" participant="fe008">
      <nite:child href="Buw001.H.words.xml#id(Buw001.w.17,113)..id(Buw001.w.17,116)"/>
   </dialogueact>
   <dialogueact nite:id="Buw001.H.dialogueact2045" starttime="3643.07" endtime="3643.23" type="b^rt" original-type="b^rt" channel="cB" participant="fe008">
      <nite:child href="Buw001.H.words.xml#id(Buw001.w.17,133)..id(Buw001.w.17,136)"/>
   </dialogueact>
   <dialogueact nite:id="Buw001.H.dialogueact2047" starttime="3643.9" endtime="3644.09" type="s^aa" adjacency="3b" original-type="s^aa" channel="cB" participant="fe008">
      <nite:child href="Buw001.H.words.xml#id(Buw001.w.17,137)..id(Buw001.w.17,140)"/>
   </dialogueact>
   <dialogueact nite:id="Buw001.H.dialogueact2048" starttime="3646.05" endtime="3647.01" type="s^na" adjacency="4b" original-type="s^na" channel="cB" participant="fe008">
      <nite:child href="Buw001.H.words.xml#id(Buw001.w.17,141)..id(Buw001.w.17,149)"/>
   </dialogueact>
   <dialogueact nite:id="Buw001.H.dialogueact2049" starttime="3647.01" endtime="3651.14" type="s" adjacency="5a" original-type="s" channel="cB" participant="fe008">
      <nite:child href="Buw001.H.words.xml#id(Buw001.w.17,150)..id(Buw001.w.17,178)"/>
   </dialogueact>
   <dialogueact nite:id="Buw001.H.dialogueact2050" starttime="3651.92" endtime="3651.99" type="b" original-type="b" channel="cB" participant="fe008">
      <nite:child href="Buw001.H.words.xml#id(Buw001.w.17,179)..id(Buw001.w.17,180)"/>
   </dialogueact>
   <dialogueact nite:id="Buw001.H.dialogueact2113" starttime="3753.3" endtime="3753.55" type="%-" original-type="%-" channel="cB" participant="fe008">
      <nite:child href="Buw001.H.words.xml#id(Buw001.w.17,648)..id(Buw001.disfmarker.771)"/>
   </dialogueact>
   <dialogueact nite:id="Buw001.H.dialogueact2126" starttime="3774.97" endtime="3775.22" type="%-" original-type="%-" channel="cB" participant="fe008">
      <nite:child href="Buw001.H.words.xml#id(Buw001.w.17,747)..id(Buw001.w.17,749)"/>
   </dialogueact>
   <dialogueact nite:id="Buw001.H.dialogueact2130" starttime="3779.54" endtime="3779.81" type="b" original-type="b" channel="cB" participant="fe008">
      <nite:child href="Buw001.H.words.xml#id(Buw001.w.17,768)..id(Buw001.w.17,769)"/>
   </dialogueact>
   <dialogueact nite:id="Buw001.H.dialogueact2140" starttime="3791.96" endtime="3792.32" type="s^aa|s^na" adjacency="31b.32a" original-type="s^aa|s^na" channel="cB" participant="fe008">
      <nite:child href="Buw001.H.words.xml#id(Buw001.w.17,830)..id(Buw001.w.17,834)"/>
   </dialogueact>
   <dialogueact nite:id="Buw001.H.dialogueact2142" starttime="3793.14" endtime="3794.68" type="s^t^tc" adjacency="33a" original-type="s^t^tc" channel="cB" participant="fe008">
      <nite:child href="Buw001.H.words.xml#id(Buw001.w.17,837)..id(Buw001.w.17,847)"/>
   </dialogueact>
   <dialogueact nite:id="Buw001.H.dialogueact2143" starttime="3794.68" endtime="3795.49" type="s" adjacency="33a+" original-type="s" channel="cB" participant="fe008">
      <nite:child href="Buw001.H.words.xml#id(Buw001.w.17,848)..id(Buw001.w.17,853)"/>
   </dialogueact>
   <dialogueact nite:id="Buw001.H.dialogueact2144" starttime="3795.49" endtime="3798.92" type="s^bu|qy^d^g" adjacency="33a++" original-type="s^bu|qy^d^g" channel="cB" participant="fe008">
      <nite:child href="Buw001.H.words.xml#id(Buw001.w.17,854)..id(Buw001.w.17,867)"/>
   </dialogueact>
   <dialogueact nite:id="Buw001.H.dialogueact2146" starttime="3799.25" endtime="3800.32" type="s.%-" original-type="s.%-" channel="cB" participant="fe008">
      <nite:child href="Buw001.H.words.xml#id(Buw001.w.17,868)..id(Buw001.w.17,873)"/>
   </dialogueact>
   <dialogueact nite:id="Buw001.H.dialogueact2148" starttime="3802.34" endtime="3802.95" type="s^bk" adjacency="34b" original-type="s^bk" channel="cB" participant="fe008">
      <nite:child href="Buw001.H.words.xml#id(Buw001.w.17,890)..id(Buw001.w.17,893)"/>
   </dialogueact>
   <dialogueact nite:id="Buw001.H.dialogueact2153" starttime="3815.41" endtime="3815.73" type="s^bk" adjacency="35b" original-type="s^bk" channel="cB" participant="fe008">
      <nite:child href="Buw001.H.words.xml#id(Buw001.w.17,956)..id(Buw001.w.17,957)"/>
   </dialogueact>
   <dialogueact nite:id="Buw001.H.dialogueact2154" starttime="3816.42" endtime="3821.24" type="s" adjacency="36a" original-type="s" channel="cB" participant="fe008">
      <nite:child href="Buw001.H.words.xml#id(Buw001.w.17,958)..id(Buw001.w.17,975)"/>
   </dialogueact>
   <dialogueact nite:id="Buw001.H.dialogueact2157" starttime="3821.73" endtime="3822.3" type="s^bk" adjacency="37b-1.38a" original-type="s^bk" channel="cB" participant="fe008">
      <nite:child href="Buw001.H.words.xml#id(Buw001.w.18,013)..id(Buw001.w.18,014)"/>
   </dialogueact>
   <dialogueact nite:id="Buw001.H.dialogueact2160" starttime="3823.14" endtime="3823.64" type="s^aa" adjacency="39b" original-type="s^aa" channel="cB" participant="fe008">
      <nite:child href="Buw001.H.words.xml#id(Buw001.w.18,015)..id(Buw001.w.18,016)"/>
   </dialogueact>
   <dialogueact nite:id="Buw001.H.dialogueact2167" starttime="3830.05" endtime="3830.9" type="s^bk" adjacency="41b" original-type="s^bk" channel="cB" participant="fe008">
      <nite:child href="Buw001.H.words.xml#id(Buw001.w.18,067)..id(Buw001.w.18,072)"/>
   </dialogueact>
   <dialogueact nite:id="Buw001.H.dialogueact2169" starttime="3830.9" endtime="3831.8" type="s^ba" adjacency="41b+" original-type="s^ba" channel="cB" participant="fe008">
      <nite:child href="Buw001.H.words.xml#id(Buw001.w.18,073)..id(Buw001.w.18,076)"/>
   </dialogueact>
   <dialogueact nite:id="Buw001.H.dialogueact2171" starttime="3840.33" endtime="3840.63" type="b" original-type="b" channel="cB" participant="fe008">
      <nite:child href="Buw001.H.words.xml#id(Buw001.w.18,115)..id(Buw001.w.18,118)"/>
   </dialogueact>
   <dialogueact nite:id="Buw001.H.dialogueact2178" starttime="3850.54" endtime="3850.7" type="s^bk" adjacency="43b" original-type="s^bk" channel="cB" participant="fe008">
      <nite:child href="Buw001.H.words.xml#id(Buw001.w.18,156)..id(Buw001.w.18,157)"/>
   </dialogueact>
   <dialogueact nite:id="Buw001.H.dialogueact2179" starttime="3851.46" endtime="3851.52" type="b.%" original-type="b.%" channel="cB" participant="fe008">
      <nite:child href="Buw001.H.words.xml#id(Buw001.w.18,158)..id(Buw001.w.18,159)"/>
   </dialogueact>
   <dialogueact nite:id="Buw001.H.dialogueact2180" starttime="3851.57" endtime="3852.08" type="s" original-type="s" channel="cB" participant="fe008">
      <nite:child href="Buw001.H.words.xml#id(Buw001.w.18,160)..id(Buw001.w.18,164)"/>
   </dialogueact>
   <dialogueact nite:id="Buw001.H.dialogueact2205" starttime="3896.14" endtime="3899.28" type="s" adjacency="49b" original-type="s" channel="cB" participant="fe008">
      <nite:child href="Buw001.H.words.xml#id(Buw001.w.18,326)..id(Buw001.w.18,338)"/>
   </dialogueact>
   <dialogueact nite:id="Buw001.H.dialogueact2206" starttime="3899.28" endtime="3900.56" type="s.%--" original-type="s.%--" channel="cB" participant="fe008">
      <nite:child href="Buw001.H.words.xml#id(Buw001.w.18,339)..id(Buw001.w.18,344)"/>
   </dialogueact>
   <dialogueact nite:id="Buw001.H.dialogueact2207" starttime="3901.16" endtime="3906.49" type="s" original-type="s" channel="cB" participant="fe008">
      <nite:child href="Buw001.H.words.xml#id(Buw001.w.18,345)..id(Buw001.w.18,366)"/>
   </dialogueact>
   <dialogueact nite:id="Buw001.H.dialogueact2208" starttime="3906.49" endtime="3914.07" type="s" original-type="s" channel="cB" participant="fe008">
      <nite:child href="Buw001.H.words.xml#id(Buw001.w.18,367)..id(Buw001.w.18,394)"/>
   </dialogueact>
   <dialogueact nite:id="Buw001.H.dialogueact2209" starttime="3914.07" endtime="3915.62" type="s^df" original-type="s^df" channel="cB" participant="fe008">
      <nite:child href="Buw001.H.words.xml#id(Buw001.w.18,395)..id(Buw001.w.18,403)"/>
   </dialogueact>
   <dialogueact nite:id="Buw001.H.dialogueact2210" starttime="3915.62" endtime="3922.14" type="s" original-type="s" channel="cB" participant="fe008">
      <nite:child href="Buw001.H.words.xml#id(Buw001.w.18,404)..id(Buw001.w.18,424)"/>
   </dialogueact>
   <dialogueact nite:id="Buw001.H.dialogueact2211" starttime="3922.19" endtime="3924.24" type="s" original-type="s" channel="cB" participant="fe008">
      <nite:child href="Buw001.H.words.xml#id(Buw001.w.18,425)..id(Buw001.w.18,433)"/>
   </dialogueact>
   <dialogueact nite:id="Buw001.H.dialogueact2212" starttime="3924.52" endtime="3927.95" type="s" adjacency="50a" original-type="s" channel="cB" participant="fe008">
      <nite:child href="Buw001.H.words.xml#id(Buw001.w.18,434)..id(Buw001.w.18,451)"/>
   </dialogueact>
   <dialogueact nite:id="Buw001.H.dialogueact2213" starttime="3927.95" endtime="3929.98" type="s" adjacency="50a+" original-type="s" channel="cB" participant="fe008">
      <nite:child href="Buw001.H.words.xml#id(Buw001.w.18,452)..id(Buw001.w.18,457)"/>
   </dialogueact>
   <dialogueact nite:id="Buw001.H.dialogueact2218" starttime="3936.21" endtime="3936.52" type="b" original-type="b" channel="cB" participant="fe008">
      <nite:child href="Buw001.H.words.xml#id(Buw001.w.18,489)..id(Buw001.w.18,492)"/>
   </dialogueact>
   <dialogueact nite:id="Buw001.H.dialogueact2220" starttime="3937.91" endtime="3938.12" type="s^aa" adjacency="52b-1" original-type="s^aa" channel="cB" participant="fe008">
      <nite:child href="Buw001.H.words.xml#id(Buw001.w.18,504)..id(Buw001.w.18,505)"/>
   </dialogueact>
   <dialogueact nite:id="Buw001.H.dialogueact2225" starttime="3942.41" endtime="3942.84" type="s^ba" adjacency="53b-1" original-type="s^ba" channel="cB" participant="fe008">
      <nite:child href="Buw001.H.words.xml#id(Buw001.w.18,526)..id(Buw001.w.18,531)"/>
   </dialogueact>
   <dialogueact nite:id="Buw001.H.dialogueact2228" starttime="3943.2" endtime="3943.36" type="b" original-type="b" channel="cB" participant="fe008">
      <nite:child href="Buw001.H.words.xml#id(Buw001.w.18,532)..id(Buw001.w.18,533)"/>
   </dialogueact>
   <dialogueact nite:id="Buw001.H.dialogueact2236" starttime="3954.92" endtime="3955.14" type="s^bk" adjacency="56b-2" original-type="s^bk" channel="cB" participant="fe008">
      <nite:child href="Buw001.H.words.xml#id(Buw001.w.18,589)..id(Buw001.w.18,590)"/>
   </dialogueact>
   <dialogueact nite:id="Buw001.H.dialogueact2258" starttime="4016.2" endtime="4017.68" type="qy^bu^d^rt" adjacency="62b" original-type="qy^bu^d^rt" channel="cB" participant="fe008">
      <nite:child href="Buw001.H.words.xml#id(Buw001.w.18,819)..id(Buw001.w.18,825)"/>
   </dialogueact>
   <dialogueact nite:id="Buw001.H.dialogueact2259" starttime="4017.75" endtime="4017.78" type="qrr.%--" adjacency="62b+" original-type="qrr.%--" channel="cB" participant="fe008">
      <nite:child href="Buw001.H.words.xml#id(Buw001.w.18,826)..id(Buw001.w.18,827)"/>
   </dialogueact>
   <dialogueact nite:id="Buw001.H.dialogueact2261" starttime="4018.31" endtime="4018.55" type="b" original-type="b" channel="cB" participant="fe008">
      <nite:child href="Buw001.H.words.xml#id(Buw001.w.18,830)..id(Buw001.w.18,833)"/>
   </dialogueact>
   <dialogueact nite:id="Buw001.H.dialogueact2289" starttime="4071.53" endtime="4071.64" type="b.%" original-type="b.%" channel="cB" participant="fe008">
      <nite:child href="Buw001.H.words.xml#id(Buw001.w.19,042)..id(Buw001.w.19,043)"/>
   </dialogueact>
   <dialogueact nite:id="Buw001.H.dialogueact2301" starttime="4084.43" endtime="4084.85" type="%" original-type="%" channel="cB" participant="fe008">
   </dialogueact>
   <dialogueact nite:id="Buw001.H.dialogueact2304" starttime="4086.91" endtime="4090.01" type="qr.%--" adjacency="74a" original-type="qr.%--" channel="cB" participant="fe008">
      <nite:child href="Buw001.H.words.xml#id(Buw001.w.19,098)..id(Buw001.w.19,118)"/>
   </dialogueact>
</nite:root>