<?xml version="1.0" encoding="ISO-8859-1" standalone="yes"?>
<nite:root nite:id="Buw001.E.dialogue-acts" xmlns:nite="http://nite.sourceforge.net/">
   <dialogueact nite:id="Buw001.E.dialogueact29" starttime="49.458" endtime="49.678" type="s^aa" adjacency="6b.7a" original-type="s^aa" channel="c8" participant="me025">
      <nite:child href="Buw001.E.words.xml#id(Buw001.w.180)..id(Buw001.w.181)"/>
   </dialogueact>
   <dialogueact nite:id="Buw001.E.dialogueact32" starttime="52.32" endtime="52.53" type="b" original-type="b" channel="c8" participant="me025">
      <nite:child href="Buw001.E.words.xml#id(Buw001.w.194)..id(Buw001.w.195)"/>
   </dialogueact>
   <dialogueact nite:id="Buw001.E.dialogueact38" starttime="63.51" endtime="63.92" type="s^ba" adjacency="9b-2" original-type="s^ba" channel="c8" participant="me025">
      <nite:child href="Buw001.E.words.xml#id(Buw001.w.249)..id(Buw001.w.254)"/>
   </dialogueact>
   <dialogueact nite:id="Buw001.E.dialogueact48" starttime="70.552" endtime="71.282" type="qw.%-" original-type="qw.%-" channel="c8" participant="me025">
      <nite:child href="Buw001.E.words.xml#id(Buw001.w.317)..id(Buw001.disfmarker.16)"/>
   </dialogueact>
   <dialogueact nite:id="Buw001.E.dialogueact50" starttime="72.707" endtime="73.047" type="s.%" original-type="s.%" channel="c8" participant="me025">
      <nite:child href="Buw001.E.words.xml#id(Buw001.w.329)..id(Buw001.w.330)"/>
   </dialogueact>
   <dialogueact nite:id="Buw001.E.dialogueact53" starttime="73.487" endtime="76.217" type="s" original-type="s" channel="c8" participant="me025">
      <nite:child href="Buw001.E.words.xml#id(Buw001.w.331)..id(Buw001.w.345)"/>
   </dialogueact>
   <dialogueact nite:id="Buw001.E.dialogueact55" starttime="76.951" endtime="78.821" type="s^cs" original-type="s^cs" channel="c8" participant="me025">
      <nite:child href="Buw001.E.words.xml#id(Buw001.w.355)..id(Buw001.w.367)"/>
   </dialogueact>
   <dialogueact nite:id="Buw001.E.dialogueact57" starttime="80.297" endtime="80.787" type="s.%--" original-type="s.%--" channel="c8" participant="me025">
      <nite:child href="Buw001.E.words.xml#id(Buw001.w.370)..id(Buw001.disfmarker.21)"/>
   </dialogueact>
   <dialogueact nite:id="Buw001.E.dialogueact58" starttime="80.947" endtime="81.327" type="s^f" original-type="s^f" channel="c8" participant="me025">
      <nite:child href="Buw001.E.words.xml#id(Buw001.w.373)..id(Buw001.w.375)"/>
   </dialogueact>
   <dialogueact nite:id="Buw001.E.dialogueact59" starttime="81.787" endtime="82.057" type="b" original-type="b" channel="c8" participant="me025">
      <nite:child href="Buw001.E.words.xml#id(Buw001.w.376)..id(Buw001.w.377)"/>
   </dialogueact>
   <dialogueact nite:id="Buw001.E.dialogueact61" starttime="82.82" endtime="85.4" type="s" adjacency="12a" original-type="s" channel="c8" participant="me025">
      <nite:child href="Buw001.E.words.xml#id(Buw001.w.381)..id(Buw001.w.393)"/>
   </dialogueact>
   <dialogueact nite:id="Buw001.E.dialogueact65" starttime="85.4" endtime="85.73" type="s^na" adjacency="13b" original-type="s^na" channel="c8" participant="me025">
      <nite:child href="Buw001.E.words.xml#id(Buw001.w.394)..id(Buw001.w.397)"/>
   </dialogueact>
   <dialogueact nite:id="Buw001.E.dialogueact66" starttime="85.73" endtime="85.92" type="b" original-type="b" channel="c8" participant="me025">
      <nite:child href="Buw001.E.words.xml#id(Buw001.w.398)..id(Buw001.w.399)"/>
   </dialogueact>
   <dialogueact nite:id="Buw001.E.dialogueact73" starttime="90.336" endtime="90.806" type="s^ba" original-type="s^ba" channel="c8" participant="me025">
      <nite:child href="Buw001.E.words.xml#id(Buw001.w.442)..id(Buw001.w.445)"/>
   </dialogueact>
   <dialogueact nite:id="Buw001.E.dialogueact75" starttime="90.936" endtime="91.896" type="s^ba" original-type="s^ba" channel="c8" participant="me025">
      <nite:child href="Buw001.E.words.xml#id(Buw001.w.446)..id(Buw001.w.452)"/>
   </dialogueact>
   <dialogueact nite:id="Buw001.E.dialogueact79" starttime="93.728" endtime="94.028" type="b" original-type="b" channel="c8" participant="me025">
      <nite:child href="Buw001.E.words.xml#id(Buw001.w.469)..id(Buw001.w.470)"/>
   </dialogueact>
   <dialogueact nite:id="Buw001.E.dialogueact80" starttime="94.228" endtime="94.518" type="b" original-type="b" channel="c8" participant="me025">
      <nite:child href="Buw001.E.words.xml#id(Buw001.w.471)..id(Buw001.w.474)"/>
   </dialogueact>
   <dialogueact nite:id="Buw001.E.dialogueact83" starttime="94.518" endtime="94.748" type="s.%--" original-type="s.%--" channel="c8" participant="me025">
      <nite:child href="Buw001.E.words.xml#id(Buw001.w.475)..id(Buw001.disfmarker.29)"/>
   </dialogueact>
   <dialogueact nite:id="Buw001.E.dialogueact84" starttime="96.128" endtime="96.608" type="s^ba" adjacency="15b.16a" original-type="s^ba" channel="c8" participant="me025">
      <nite:child href="Buw001.E.words.xml#id(Buw001.w.480)..id(Buw001.w.483)"/>
   </dialogueact>
   <dialogueact nite:id="Buw001.E.dialogueact119" starttime="177.06" endtime="181.21" type="s^aa|s" adjacency="25b.26a" original-type="s^aa|s" channel="c8" participant="me025">
      <nite:child href="Buw001.E.words.xml#id(Buw001.w.810)..id(Buw001.w.831)"/>
   </dialogueact>
   <dialogueact nite:id="Buw001.E.dialogueact120" starttime="181.21" endtime="183.55" type="s^df" adjacency="25b+.26a+" original-type="s^df" channel="c8" participant="me025">
      <nite:child href="Buw001.E.words.xml#id(Buw001.w.832)..id(Buw001.w.844)"/>
   </dialogueact>
   <dialogueact nite:id="Buw001.E.dialogueact122" starttime="183.55" endtime="184.93" type="%--" original-type="%--" channel="c8" participant="me025">
      <nite:child href="Buw001.E.words.xml#id(Buw001.w.845)..id(Buw001.disfmarker.47)"/>
   </dialogueact>
   <dialogueact nite:id="Buw001.E.dialogueact152" starttime="251.182" endtime="252.152" type="s" original-type="s" channel="c8" participant="me025">
      <nite:child href="Buw001.E.words.xml#id(Buw001.w.1,091)..id(Buw001.w.1,095)"/>
   </dialogueact>
   <dialogueact nite:id="Buw001.E.dialogueact162" starttime="266.57" endtime="267.64" type="s^cc" original-type="s^cc" channel="c8" participant="me025">
      <nite:child href="Buw001.E.words.xml#id(Buw001.w.1,163)..id(Buw001.w.1,171)"/>
   </dialogueact>
   <dialogueact nite:id="Buw001.E.dialogueact163" starttime="269.541" endtime="273.24" type="s^bk|s" adjacency="36b" original-type="s^bk|s" channel="c8" participant="me025">
      <nite:child href="Buw001.E.words.xml#id(Buw001.w.1,172)..id(Buw001.w.1,181)"/>
   </dialogueact>
   <dialogueact nite:id="Buw001.E.dialogueact164" starttime="274.775" endtime="275.455" type="s" original-type="s" channel="c8" participant="me025">
      <nite:child href="Buw001.E.words.xml#id(Buw001.w.1,182)..id(Buw001.w.1,184)"/>
   </dialogueact>
   <dialogueact nite:id="Buw001.E.dialogueact167" starttime="276.001" endtime="276.651" type="s" original-type="s" channel="c8" participant="me025">
      <nite:child href="Buw001.E.words.xml#id(Buw001.w.1,190)..id(Buw001.w.1,191)"/>
   </dialogueact>
   <dialogueact nite:id="Buw001.E.dialogueact168" starttime="277.091" endtime="277.751" type="s" original-type="s" channel="c8" participant="me025">
      <nite:child href="Buw001.E.words.xml#id(Buw001.w.1,192)..id(Buw001.w.1,195)"/>
   </dialogueact>
   <dialogueact nite:id="Buw001.E.dialogueact169" starttime="278.011" endtime="278.621" type="s" original-type="s" channel="c8" participant="me025">
      <nite:child href="Buw001.E.words.xml#id(Buw001.w.1,196)..id(Buw001.disfmarker.55)"/>
   </dialogueact>
   <dialogueact nite:id="Buw001.E.dialogueact170" starttime="278.821" endtime="279.891" type="s" original-type="s" channel="c8" participant="me025">
      <nite:child href="Buw001.E.words.xml#id(Buw001.w.1,199)..id(Buw001.w.1,202)"/>
   </dialogueact>
   <dialogueact nite:id="Buw001.E.dialogueact171" starttime="279.951" endtime="280.621" type="s" original-type="s" channel="c8" participant="me025">
      <nite:child href="Buw001.E.words.xml#id(Buw001.w.1,203)..id(Buw001.w.1,206)"/>
   </dialogueact>
   <dialogueact nite:id="Buw001.E.dialogueact173" starttime="282.404" endtime="282.674" type="s^ft.%" original-type="s^ft.%" channel="c8" participant="me025">
      <nite:child href="Buw001.E.words.xml#id(Buw001.w.1,209)..id(Buw001.w.1,210)"/>
   </dialogueact>
   <dialogueact nite:id="Buw001.E.dialogueact244" starttime="429.631" endtime="429.901" type="b" original-type="b" channel="c8" participant="me025">
      <nite:child href="Buw001.E.words.xml#id(Buw001.w.1,865)..id(Buw001.w.1,868)"/>
   </dialogueact>
   <dialogueact nite:id="Buw001.E.dialogueact253" starttime="443.73" endtime="443.99" type="s^aa" original-type="s^aa" channel="c8" participant="me025">
      <nite:child href="Buw001.E.words.xml#id(Buw001.w.1,946)..id(Buw001.w.1,947)"/>
   </dialogueact>
   <dialogueact nite:id="Buw001.E.dialogueact260" starttime="466.14" endtime="466.47" type="%-" original-type="%-" channel="c8" participant="me025">
      <nite:child href="Buw001.E.words.xml#id(Buw001.w.2,035)..id(Buw001.disfmarker.84)"/>
   </dialogueact>
   <dialogueact nite:id="Buw001.E.dialogueact277" starttime="504.839" endtime="508.539" type="s" adjacency="58b" original-type="s" channel="c8" participant="me025">
      <nite:child href="Buw001.E.words.xml#id(Buw001.w.2,200)..id(Buw001.w.2,224)"/>
   </dialogueact>
   <dialogueact nite:id="Buw001.E.dialogueact279" starttime="508.539" endtime="508.839" type="qy^d^f^g" adjacency="58a+" original-type="qy^d^f^g" channel="c8" participant="me025">
      <nite:child href="Buw001.E.words.xml#id(Buw001.w.2,225)..id(Buw001.w.2,226)"/>
   </dialogueact>
   <dialogueact nite:id="Buw001.E.dialogueact281" starttime="509.276" endtime="509.966" type="s^df" original-type="s^df" channel="c8" participant="me025">
      <nite:child href="Buw001.E.words.xml#id(Buw001.w.2,231)..id(Buw001.w.2,237)"/>
   </dialogueact>
   <dialogueact nite:id="Buw001.E.dialogueact282" starttime="509.966" endtime="511.776" type="s" original-type="s" channel="c8" participant="me025">
      <nite:child href="Buw001.E.words.xml#id(Buw001.w.2,238)..id(Buw001.w.2,248)"/>
   </dialogueact>
   <dialogueact nite:id="Buw001.E.dialogueact304" starttime="548.794" endtime="549.044" type="b" original-type="b" channel="c8" participant="me025">
      <nite:child href="Buw001.E.words.xml#id(Buw001.w.2,443)..id(Buw001.w.2,446)"/>
   </dialogueact>
   <dialogueact nite:id="Buw001.E.dialogueact309" starttime="569.06" endtime="569.61" type="s^2" adjacency="63b" original-type="s^2" channel="c8" participant="me025">
      <nite:child href="Buw001.E.words.xml#id(Buw001.w.2,531)..id(Buw001.w.2,532)"/>
   </dialogueact>
   <dialogueact nite:id="Buw001.E.dialogueact311" starttime="569.94" endtime="570.14" type="s^aa" adjacency="63b+" original-type="s^aa" channel="c8" participant="me025">
      <nite:child href="Buw001.E.words.xml#id(Buw001.w.2,533)..id(Buw001.w.2,534)"/>
   </dialogueact>
   <dialogueact nite:id="Buw001.E.dialogueact349" starttime="642.912" endtime="643.532" type="s.%-" adjacency="3b-2" original-type="s.%-" channel="c8" participant="me025">
      <nite:child href="Buw001.E.words.xml#id(Buw001.w.2,917)..id(Buw001.w.2,923)"/>
   </dialogueact>
   <dialogueact nite:id="Buw001.E.dialogueact408" starttime="781.868" endtime="782.168" type="b" original-type="b" channel="c8" participant="me025">
      <nite:child href="Buw001.E.words.xml#id(Buw001.w.3,552)..id(Buw001.w.3,553)"/>
   </dialogueact>
   <dialogueact nite:id="Buw001.E.dialogueact413" starttime="785.97" endtime="792.215" type="s" adjacency="15b" original-type="s" channel="c8" participant="me025">
      <nite:child href="Buw001.E.words.xml#id(Buw001.w.3,568)..id(Buw001.w.3,594)"/>
   </dialogueact>
   <dialogueact nite:id="Buw001.E.dialogueact414" starttime="792.215" endtime="795.553" type="s^df^e:qy" original-type="s^df^e:qy" channel="c8" participant="me025">
      <nite:child href="Buw001.E.words.xml#id(Buw001.w.3,595)..id(Buw001.w.3,613)"/>
   </dialogueact>
   <dialogueact nite:id="Buw001.E.dialogueact415" starttime="796.01" endtime="798.07" type="s.%--" original-type="s.%--" channel="c8" participant="me025">
      <nite:child href="Buw001.E.words.xml#id(Buw001.w.3,614)..id(Buw001.disfmarker.139)"/>
   </dialogueact>
   <dialogueact nite:id="Buw001.E.dialogueact417" starttime="798.13" endtime="801.53" type="s" adjacency="16a" original-type="s" channel="c8" participant="me025">
      <nite:child href="Buw001.E.words.xml#id(Buw001.w.3,626)..id(Buw001.w.3,646)"/>
   </dialogueact>
   <dialogueact nite:id="Buw001.E.dialogueact420" starttime="801.944" endtime="805.774" type="s^df" original-type="s^df" channel="c8" participant="me025">
      <nite:child href="Buw001.E.words.xml#id(Buw001.w.3,655)..id(Buw001.w.3,675)"/>
   </dialogueact>
   <dialogueact nite:id="Buw001.E.dialogueact422" starttime="807.14" endtime="811.44" type="s" adjacency="17a" original-type="s" channel="c8" participant="me025">
      <nite:child href="Buw001.E.words.xml#id(Buw001.w.3,678)..id(Buw001.w.3,701)"/>
   </dialogueact>
   <dialogueact nite:id="Buw001.E.dialogueact423" starttime="811.44" endtime="812.07" type="s.%-" adjacency="17a+" original-type="s.%-" channel="c8" participant="me025">
      <nite:child href="Buw001.E.words.xml#id(Buw001.w.3,702)..id(Buw001.disfmarker.142)"/>
   </dialogueact>
   <dialogueact nite:id="Buw001.E.dialogueact425" starttime="813.693" endtime="814.633" type="s^aa" adjacency="18b" original-type="s^aa" channel="c8" participant="me025">
      <nite:child href="Buw001.E.words.xml#id(Buw001.w.3,718)..id(Buw001.w.3,723)"/>
   </dialogueact>
   <dialogueact nite:id="Buw001.E.dialogueact427" starttime="814.633" endtime="818.423" type="s:qw" adjacency="18b+.19a" original-type="s:qw" channel="c8" participant="me025">
      <nite:child href="Buw001.E.words.xml#id(Buw001.w.3,724)..id(Buw001.w.3,752)"/>
   </dialogueact>
   <dialogueact nite:id="Buw001.E.dialogueact429" starttime="819.013" endtime="820.433" type="s" adjacency="19a+" original-type="s" channel="c8" participant="me025">
      <nite:child href="Buw001.E.words.xml#id(Buw001.w.3,757)..id(Buw001.w.3,766)"/>
   </dialogueact>
   <dialogueact nite:id="Buw001.E.dialogueact431" starttime="822.81" endtime="823.11" type="s^aa" adjacency="20b.21a" original-type="s^aa" channel="c8" participant="me025">
      <nite:child href="Buw001.E.words.xml#id(Buw001.w.3,776)..id(Buw001.w.3,779)"/>
   </dialogueact>
   <dialogueact nite:id="Buw001.E.dialogueact432" starttime="823.11" endtime="823.55" type="s^aa" adjacency="20b+.21a+" original-type="s^aa" channel="c8" participant="me025">
      <nite:child href="Buw001.E.words.xml#id(Buw001.w.3,780)..id(Buw001.w.3,783)"/>
   </dialogueact>
   <dialogueact nite:id="Buw001.E.dialogueact503" starttime="997.015" endtime="997.385" type="b" original-type="b" channel="c8" participant="me025">
      <nite:child href="Buw001.E.words.xml#id(Buw001.w.4,617)..id(Buw001.w.4,618)"/>
   </dialogueact>
   <dialogueact nite:id="Buw001.E.dialogueact529" starttime="1045.43" endtime="1045.67" type="b.%" original-type="b.%" channel="c8" participant="me025">
      <nite:child href="Buw001.E.words.xml#id(Buw001.w.4,834)..id(Buw001.w.4,835)"/>
   </dialogueact>
   <dialogueact nite:id="Buw001.E.dialogueact555" starttime="1091.93" endtime="1092.15" type="b" original-type="b" channel="c8" participant="me025">
      <nite:child href="Buw001.E.words.xml#id(Buw001.w.5,064)..id(Buw001.w.5,065)"/>
   </dialogueact>
   <dialogueact nite:id="Buw001.E.dialogueact569" starttime="1113.06" endtime="1113.31" type="s^aa" adjacency="39b" original-type="s^aa" channel="c8" participant="me025">
      <nite:child href="Buw001.E.words.xml#id(Buw001.w.5,163)..id(Buw001.w.5,164)"/>
   </dialogueact>
   <dialogueact nite:id="Buw001.E.dialogueact571" starttime="1114.65" endtime="1116.61" type="s" adjacency="39b+" original-type="s" channel="c8" participant="me025">
      <nite:child href="Buw001.E.words.xml#id(Buw001.w.5,165)..id(Buw001.w.5,175)"/>
   </dialogueact>
   <dialogueact nite:id="Buw001.E.dialogueact572" starttime="1116.68" endtime="1119.62" type="s" adjacency="39b++.40a" original-type="s" channel="c8" participant="me025">
      <nite:child href="Buw001.E.words.xml#id(Buw001.w.5,176)..id(Buw001.w.5,190)"/>
   </dialogueact>
   <dialogueact nite:id="Buw001.E.dialogueact574" starttime="1120.42" endtime="1121.43" type="s^na" adjacency="41b.42a" original-type="s^na" channel="c8" participant="me025">
      <nite:child href="Buw001.E.words.xml#id(Buw001.w.5,195)..id(Buw001.w.5,202)"/>
   </dialogueact>
   <dialogueact nite:id="Buw001.E.dialogueact577" starttime="1121.91" endtime="1122.1" type="s^aa" adjacency="43b" original-type="s^aa" channel="c8" participant="me025">
      <nite:child href="Buw001.E.words.xml#id(Buw001.w.5,203)..id(Buw001.w.5,204)"/>
   </dialogueact>
   <dialogueact nite:id="Buw001.E.dialogueact598" starttime="1146.85" endtime="1147.93" type="qw" adjacency="49b.50a" original-type="qw" channel="c8" participant="me025">
      <nite:child href="Buw001.E.words.xml#id(Buw001.w.5,351)..id(Buw001.w.5,357)"/>
   </dialogueact>
   <dialogueact nite:id="Buw001.E.dialogueact601" starttime="1150.72" endtime="1150.87" type="s^bk" adjacency="51b" original-type="s^bk" channel="c8" participant="me025">
      <nite:child href="Buw001.E.words.xml#id(Buw001.w.5,371)..id(Buw001.w.5,372)"/>
   </dialogueact>
   <dialogueact nite:id="Buw001.E.dialogueact615" starttime="1173.53" endtime="1174.25" type="s.%-" original-type="s.%-" channel="c8" participant="me025">
      <nite:child href="Buw001.E.words.xml#id(Buw001.w.5,492)..id(Buw001.disfmarker.206)"/>
   </dialogueact>
   <dialogueact nite:id="Buw001.E.dialogueact617" starttime="1177.47" endtime="1178.24" type="s^bd^no" original-type="s^bd^no" channel="c8" participant="me025">
      <nite:child href="Buw001.E.words.xml#id(Buw001.w.5,506)..id(Buw001.w.5,511)"/>
   </dialogueact>
   <dialogueact nite:id="Buw001.E.dialogueact620" starttime="1180.36" endtime="1180.72" type="%--" original-type="%--" channel="c8" participant="me025">
      <nite:child href="Buw001.E.words.xml#id(Buw001.w.5,527)..id(Buw001.w.5,528)"/>
   </dialogueact>
   <dialogueact nite:id="Buw001.E.dialogueact621" starttime="1182.25" endtime="1185.16" type="s" adjacency="54b" original-type="s" channel="c8" participant="me025">
      <nite:child href="Buw001.E.words.xml#id(Buw001.w.5,529)..id(Buw001.w.5,544)"/>
   </dialogueact>
   <dialogueact nite:id="Buw001.E.dialogueact624" starttime="1185.45" endtime="1187.26" type="s" adjacency="55a+" original-type="s" channel="c8" participant="me025">
      <nite:child href="Buw001.E.words.xml#id(Buw001.w.5,551)..id(Buw001.w.5,559)"/>
   </dialogueact>
   <dialogueact nite:id="Buw001.E.dialogueact625" starttime="1187.26" endtime="1188.33" type="s" adjacency="55a++" original-type="s" channel="c8" participant="me025">
      <nite:child href="Buw001.E.words.xml#id(Buw001.w.5,560)..id(Buw001.w.5,564)"/>
   </dialogueact>
   <dialogueact nite:id="Buw001.E.dialogueact626" starttime="1188.33" endtime="1189.57" type="s" adjacency="55a+++" original-type="s" channel="c8" participant="me025">
      <nite:child href="Buw001.E.words.xml#id(Buw001.w.5,565)..id(Buw001.w.5,577)"/>
   </dialogueact>
   <dialogueact nite:id="Buw001.E.dialogueact627" starttime="1189.57" endtime="1191.05" type="s.%-" adjacency="55a++++" original-type="s.%-" channel="c8" participant="me025">
      <nite:child href="Buw001.E.words.xml#id(Buw001.w.5,578)..id(Buw001.disfmarker.211)"/>
   </dialogueact>
   <dialogueact nite:id="Buw001.E.dialogueact632" starttime="1191.56" endtime="1192.33" type="s^e" original-type="s^e" channel="c8" participant="me025">
      <nite:child href="Buw001.E.words.xml#id(Buw001.w.5,616)..id(Buw001.w.5,619)"/>
   </dialogueact>
   <dialogueact nite:id="Buw001.E.dialogueact639" starttime="1196.12" endtime="1201.28" type="s^ar|s" adjacency="56b-2" original-type="s^ar|s" channel="c8" participant="me025">
      <nite:child href="Buw001.E.words.xml#id(Buw001.w.5,642)..id(Buw001.w.5,674)"/>
   </dialogueact>
   <dialogueact nite:id="Buw001.E.dialogueact644" starttime="1201.82" endtime="1204.62" type="s" adjacency="1a" original-type="s" channel="c8" participant="me025">
      <nite:child href="Buw001.E.words.xml#id(Buw001.w.5,689)..id(Buw001.w.5,700)"/>
   </dialogueact>
   <dialogueact nite:id="Buw001.E.dialogueact648" starttime="1207.52" endtime="1207.77" type="b" original-type="b" channel="c8" participant="me025">
      <nite:child href="Buw001.E.words.xml#id(Buw001.w.5,720)..id(Buw001.w.5,721)"/>
   </dialogueact>
   <dialogueact nite:id="Buw001.E.dialogueact649" starttime="1208.81" endtime="1209.25" type="%-" original-type="%-" channel="c8" participant="me025">
      <nite:child href="Buw001.E.words.xml#id(Buw001.w.5,722)"/>
   </dialogueact>
   <dialogueact nite:id="Buw001.E.dialogueact651" starttime="1209.61" endtime="1209.89" type="%-" original-type="%-" channel="c8" participant="me025">
      <nite:child href="Buw001.E.words.xml#id(Buw001.w.5,731)..id(Buw001.w.5,733)"/>
   </dialogueact>
   <dialogueact nite:id="Buw001.E.dialogueact652" starttime="1210.51" endtime="1213.53" type="s^df" adjacency="2b-2.3a" original-type="s^df" channel="c8" participant="me025">
      <nite:child href="Buw001.E.words.xml#id(Buw001.w.5,734)..id(Buw001.w.5,752)"/>
   </dialogueact>
   <dialogueact nite:id="Buw001.E.dialogueact654" starttime="1213.53" endtime="1214.62" type="s^df^e.%-" adjacency="4a" original-type="s^df^e.%-" channel="c8" participant="me025">
      <nite:child href="Buw001.E.words.xml#id(Buw001.w.5,753)..id(Buw001.disfmarker.222)"/>
   </dialogueact>
   <dialogueact nite:id="Buw001.E.dialogueact657" starttime="1215.62" endtime="1215.87" type="s^aa" adjacency="5b-1" original-type="s^aa" channel="c8" participant="me025">
      <nite:child href="Buw001.E.words.xml#id(Buw001.w.5,776)..id(Buw001.w.5,777)"/>
   </dialogueact>
   <dialogueact nite:id="Buw001.E.dialogueact665" starttime="1220.71" endtime="1220.9" type="fh" original-type="fh" channel="c8" participant="me025">
      <nite:child href="Buw001.E.words.xml#id(Buw001.w.5,855)..id(Buw001.disfmarker.227)"/>
   </dialogueact>
   <dialogueact nite:id="Buw001.E.dialogueact679" starttime="1234.79" endtime="1235.13" type="%-" original-type="%-" channel="c8" participant="me025">
      <nite:child href="Buw001.E.words.xml#id(Buw001.w.5,902)..id(Buw001.disfmarker.231)"/>
   </dialogueact>
   <dialogueact nite:id="Buw001.E.dialogueact995" starttime="1848.32" endtime="1848.68" type="s^aa" adjacency="5b-1" original-type="s^aa" channel="c8" participant="me025">
      <nite:child href="Buw001.E.words.xml#id(Buw001.w.8,760)..id(Buw001.w.8,761)"/>
   </dialogueact>
   <dialogueact nite:id="Buw001.E.dialogueact1002" starttime="1852.47" endtime="1856.34" type="s" adjacency="8a" original-type="s" channel="c8" participant="me025">
      <nite:child href="Buw001.E.words.xml#id(Buw001.w.8,783)..id(Buw001.w.8,799)"/>
   </dialogueact>
   <dialogueact nite:id="Buw001.E.dialogueact1003" starttime="1856.34" endtime="1857.23" type="s^ba" adjacency="8a+" original-type="s^ba" channel="c8" participant="me025">
      <nite:child href="Buw001.E.words.xml#id(Buw001.w.8,800)..id(Buw001.w.8,805)"/>
   </dialogueact>
   <dialogueact nite:id="Buw001.E.dialogueact1009" starttime="1861.83" endtime="1862.14" type="s^j^na" adjacency="9b-2" original-type="s^j^na" channel="c8" participant="me025">
      <nite:child href="Buw001.E.words.xml#id(Buw001.w.8,840)..id(Buw001.w.8,843)"/>
   </dialogueact>
   <dialogueact nite:id="Buw001.E.dialogueact1010" starttime="1862.24" endtime="1863.68" type="s^ba" adjacency="10b" original-type="s^ba" channel="c8" participant="me025">
      <nite:child href="Buw001.E.words.xml#id(Buw001.w.8,844)..id(Buw001.w.8,853)"/>
   </dialogueact>
   <dialogueact nite:id="Buw001.E.dialogueact1012" starttime="1863.68" endtime="1868.76" type="s" adjacency="10b+" original-type="s" channel="c8" participant="me025">
      <nite:child href="Buw001.E.words.xml#id(Buw001.w.8,854)..id(Buw001.w.8,881)"/>
   </dialogueact>
   <dialogueact nite:id="Buw001.E.dialogueact1015" starttime="1868.76" endtime="1870.91" type="s" adjacency="11a" original-type="s" channel="c8" participant="me025">
      <nite:child href="Buw001.E.words.xml#id(Buw001.w.8,882)..id(Buw001.w.8,897)"/>
   </dialogueact>
   <dialogueact nite:id="Buw001.E.dialogueact1033" starttime="1888.55" endtime="1889.04" type="b" original-type="b" channel="c8" participant="me025">
      <nite:child href="Buw001.E.words.xml#id(Buw001.w.8,997)..id(Buw001.w.8,998)"/>
   </dialogueact>
   <dialogueact nite:id="Buw001.E.dialogueact1075" starttime="1961.52" endtime="1961.74" type="s^aa" adjacency="21b" original-type="s^aa" channel="c8" participant="me025">
      <nite:child href="Buw001.E.words.xml#id(Buw001.w.9,371)..id(Buw001.w.9,372)"/>
   </dialogueact>
   <dialogueact nite:id="Buw001.E.dialogueact1077" starttime="1962.26" endtime="1962.87" type="s^ba^na" adjacency="21b+" original-type="s^ba^na" channel="c8" participant="me025">
      <nite:child href="Buw001.E.words.xml#id(Buw001.w.9,382)..id(Buw001.w.9,387)"/>
   </dialogueact>
   <dialogueact nite:id="Buw001.E.dialogueact1078" starttime="1962.95" endtime="1963.21" type="s^aa" original-type="s^aa" channel="c8" participant="me025">
      <nite:child href="Buw001.E.words.xml#id(Buw001.w.9,388)..id(Buw001.w.9,389)"/>
   </dialogueact>
   <dialogueact nite:id="Buw001.E.dialogueact1082" starttime="1970.34" endtime="1970.55" type="s^aa" adjacency="22b" original-type="s^aa" channel="c8" participant="me025">
      <nite:child href="Buw001.E.words.xml#id(Buw001.w.9,411)..id(Buw001.w.9,412)"/>
   </dialogueact>
   <dialogueact nite:id="Buw001.E.dialogueact1128" starttime="2025.32" endtime="2025.55" comment="phone ring" type="s^t3" original-type="s^t3" channel="c8" participant="me025">
      <nite:child href="Buw001.E.words.xml#id(Buw001.w.9,710)..id(Buw001.w.9,711)"/>
   </dialogueact>
   <dialogueact nite:id="Buw001.E.dialogueact1129" starttime="2025.55" endtime="2025.91" type="s^t3" original-type="s^t3" channel="c8" participant="me025">
      <nite:child href="Buw001.E.words.xml#id(Buw001.w.9,712)..id(Buw001.w.9,714)"/>
   </dialogueact>
   <dialogueact nite:id="Buw001.E.dialogueact1133" starttime="2033.86" endtime="2034.29" type="s^bk" original-type="s^bk" channel="c8" participant="me025">
      <nite:child href="Buw001.E.words.xml#id(Buw001.w.9,757)..id(Buw001.w.9,758)"/>
   </dialogueact>
   <dialogueact nite:id="Buw001.E.dialogueact1135" starttime="2035.17" endtime="2035.45" type="s^t3" adjacency="35a" original-type="s^t3" channel="c8" participant="me025">
      <nite:child href="Buw001.E.words.xml#id(Buw001.w.9,759)..id(Buw001.w.9,760)"/>
   </dialogueact>
   <dialogueact nite:id="Buw001.E.dialogueact1137" starttime="2036.34" endtime="2038.01" type="s" adjacency="36a" original-type="s" channel="c8" participant="me025">
      <nite:child href="Buw001.E.words.xml#id(Buw001.w.9,763)..id(Buw001.w.9,773)"/>
   </dialogueact>
   <dialogueact nite:id="Buw001.E.dialogueact1138" starttime="2038.01" endtime="2039.14" type="qy^rt" adjacency="36a+" original-type="qy^rt" channel="c8" participant="me025">
      <nite:child href="Buw001.E.words.xml#id(Buw001.w.9,774)..id(Buw001.w.9,779)"/>
   </dialogueact>
   <dialogueact nite:id="Buw001.E.dialogueact1183" starttime="2088.22" endtime="2089.41" comment="maybe phone" type="s^bk|s" adjacency="50b" original-type="s^bk|s" channel="c8" participant="me025">
      <nite:child href="Buw001.E.words.xml#id(Buw001.w.10,038)..id(Buw001.w.10,043)"/>
   </dialogueact>
   <dialogueact nite:id="Buw001.E.dialogueact1187" starttime="2091.93" endtime="2092.23" type="%-" original-type="%-" channel="c8" participant="me025">
      <nite:child href="Buw001.E.words.xml#id(Buw001.w.10,057)..id(Buw001.disfmarker.421)"/>
   </dialogueact>
   <dialogueact nite:id="Buw001.E.dialogueact1188" starttime="2093.21" endtime="2093.49" comment="phone" type="s^bk^t3" original-type="s^bk^t3" channel="c8" participant="me025">
      <nite:child href="Buw001.E.words.xml#id(Buw001.w.10,058)..id(Buw001.w.10,059)"/>
   </dialogueact>
   <dialogueact nite:id="Buw001.E.dialogueact1189" starttime="2093.49" endtime="2094.69" comment="phone" type="s^ft^t3|s^t3" original-type="s^ft^t3|s^t3" channel="c8" participant="me025">
      <nite:child href="Buw001.E.words.xml#id(Buw001.w.10,060)..id(Buw001.w.10,064)"/>
   </dialogueact>
   <dialogueact nite:id="Buw001.E.dialogueact1191" starttime="2098.32" endtime="2098.65" comment="saying he took care of the phone call I think" type="s" original-type="s" channel="c8" participant="me025">
      <nite:child href="Buw001.E.words.xml#id(Buw001.w.10,068)..id(Buw001.w.10,071)"/>
   </dialogueact>
   <dialogueact nite:id="Buw001.E.dialogueact1242" starttime="2206.84" endtime="2207.41" type="s^j^na" adjacency="62b.63a" original-type="s^j^na" channel="c8" participant="me025">
      <nite:child href="Buw001.E.words.xml#id(Buw001.w.10,598)..id(Buw001.w.10,601)"/>
   </dialogueact>
   <dialogueact nite:id="Buw001.E.dialogueact1247" starttime="2216.21" endtime="2216.41" type="b" original-type="b" channel="c8" participant="me025">
      <nite:child href="Buw001.E.words.xml#id(Buw001.w.10,640)..id(Buw001.w.10,641)"/>
   </dialogueact>
   <dialogueact nite:id="Buw001.E.dialogueact1257" starttime="2234.07" endtime="2234.93" type="s^t3" adjacency="68b" original-type="s^t3" channel="c8" participant="me025">
      <nite:child href="Buw001.E.words.xml#id(Buw001.w.10,736)..id(Buw001.w.10,742)"/>
   </dialogueact>
   <dialogueact nite:id="Buw001.E.dialogueact1270" starttime="2267.74" endtime="2267.97" type="s^aa" adjacency="73b.74a" original-type="s^aa" channel="c8" participant="me025">
      <nite:child href="Buw001.E.words.xml#id(Buw001.w.10,878)..id(Buw001.w.10,879)"/>
   </dialogueact>
   <dialogueact nite:id="Buw001.E.dialogueact1271" starttime="2267.97" endtime="2270.49" type="s^df|qy^d^f^g" adjacency="73b+.74a+" original-type="s^df|qy^d^f^g" channel="c8" participant="me025">
      <nite:child href="Buw001.E.words.xml#id(Buw001.w.10,880)..id(Buw001.w.10,895)"/>
   </dialogueact>
   <dialogueact nite:id="Buw001.E.dialogueact1274" starttime="2270.81" endtime="2270.96" type="fh" original-type="fh" channel="c8" participant="me025">
      <nite:child href="Buw001.E.words.xml#id(Buw001.w.10,896)..id(Buw001.disfmarker.454)"/>
   </dialogueact>
   <dialogueact nite:id="Buw001.E.dialogueact1281" starttime="2287.84" endtime="2288.2" type="s^aa" adjacency="77b" original-type="s^aa" channel="c8" participant="me025">
      <nite:child href="Buw001.E.words.xml#id(Buw001.w.10,976)..id(Buw001.w.10,977)"/>
   </dialogueact>
   <dialogueact nite:id="Buw001.E.dialogueact1297" starttime="2317.43" endtime="2319.58" type="s|qy^d^g" adjacency="76b" original-type="s|qy^d^g" channel="c8" participant="me025">
      <nite:child href="Buw001.E.words.xml#id(Buw001.w.11,129)..id(Buw001.w.11,144)"/>
   </dialogueact>
   <dialogueact nite:id="Buw001.E.dialogueact1301" starttime="2319.58" endtime="2320.77" type="s:s" adjacency="76a" original-type="s:s" channel="c8" participant="me025">
      <nite:child href="Buw001.E.words.xml#id(Buw001.w.11,145)..id(Buw001.w.11,156)"/>
   </dialogueact>
   <dialogueact nite:id="Buw001.E.dialogueact1303" starttime="2320.77" endtime="2321.66" type="s^e:s" adjacency="76a+" original-type="s^e:s" channel="c8" participant="me025">
      <nite:child href="Buw001.E.words.xml#id(Buw001.w.11,157)..id(Buw001.w.11,167)"/>
   </dialogueact>
   <dialogueact nite:id="Buw001.E.dialogueact1313" starttime="2357.09" endtime="2357.33" type="b" original-type="b" channel="c8" participant="me025">
      <nite:child href="Buw001.E.words.xml#id(Buw001.w.11,315)..id(Buw001.w.11,316)"/>
   </dialogueact>
   <dialogueact nite:id="Buw001.E.dialogueact1324" starttime="2376.06" endtime="2376.35" type="b" original-type="b" channel="c8" participant="me025">
      <nite:child href="Buw001.E.words.xml#id(Buw001.w.11,423)..id(Buw001.w.11,424)"/>
   </dialogueact>
   <dialogueact nite:id="Buw001.E.dialogueact1348" starttime="2436.83" endtime="2437.14" type="b.%" original-type="b.%" channel="c8" participant="me025">
      <nite:child href="Buw001.E.words.xml#id(Buw001.w.11,712)..id(Buw001.w.11,713)"/>
   </dialogueact>
   <dialogueact nite:id="Buw001.E.dialogueact1404" starttime="2554.89" endtime="2555.28" type="b" original-type="b" channel="c8" participant="me025">
      <nite:child href="Buw001.E.words.xml#id(Buw001.w.12,262)..id(Buw001.w.12,263)"/>
   </dialogueact>
   <dialogueact nite:id="Buw001.E.dialogueact1408" starttime="2555.83" endtime="2557.4" type="s^e" original-type="s^e" channel="c8" participant="me025">
      <nite:child href="Buw001.E.words.xml#id(Buw001.w.12,273)..id(Buw001.w.12,284)"/>
   </dialogueact>
   <dialogueact nite:id="Buw001.E.dialogueact1444" starttime="2642.84" endtime="2643.12" type="s^aa" adjacency="17b-2" original-type="s^aa" channel="c8" participant="me025">
      <nite:child href="Buw001.E.words.xml#id(Buw001.w.12,569)..id(Buw001.w.12,570)"/>
   </dialogueact>
   <dialogueact nite:id="Buw001.E.dialogueact1465" starttime="2687.25" endtime="2691.55" type="s" adjacency="22a" original-type="s" channel="c8" participant="me025">
      <nite:child href="Buw001.E.words.xml#id(Buw001.w.12,736)..id(Buw001.w.12,760)"/>
   </dialogueact>
   <dialogueact nite:id="Buw001.E.dialogueact1467" starttime="2691.91" endtime="2694.93" type="s" adjacency="22a+" original-type="s" channel="c8" participant="me025">
      <nite:child href="Buw001.E.words.xml#id(Buw001.w.12,761)..id(Buw001.w.12,778)"/>
   </dialogueact>
   <dialogueact nite:id="Buw001.E.dialogueact1473" starttime="2697.46" endtime="2698.15" type="s^aa^j|s^j^na" adjacency="23b" original-type="s^aa^j|s^j^na" channel="c8" participant="me025">
      <nite:child href="Buw001.E.words.xml#id(Buw001.w.12,799)..id(Buw001.w.12,802)"/>
   </dialogueact>
   <dialogueact nite:id="Buw001.E.dialogueact1475" starttime="2698.35" endtime="2699.25" type="s^e^j" adjacency="24a" original-type="s^e^j" channel="c8" participant="me025">
      <nite:child href="Buw001.E.words.xml#id(Buw001.w.12,803)..id(Buw001.w.12,808)"/>
   </dialogueact>
   <dialogueact nite:id="Buw001.E.dialogueact1484" starttime="2713.33" endtime="2713.64" type="b" original-type="b" channel="c8" participant="me025">
      <nite:child href="Buw001.E.words.xml#id(Buw001.w.12,884)..id(Buw001.w.12,885)"/>
   </dialogueact>
   <dialogueact nite:id="Buw001.E.dialogueact1495" starttime="2740.92" endtime="2741.39" type="b" original-type="b" channel="c8" participant="me025">
      <nite:child href="Buw001.E.words.xml#id(Buw001.w.12,989)..id(Buw001.w.12,990)"/>
   </dialogueact>
   <dialogueact nite:id="Buw001.E.dialogueact1513" starttime="2768.2" endtime="2768.47" type="b" original-type="b" channel="c8" participant="me025">
      <nite:child href="Buw001.E.words.xml#id(Buw001.w.13,185)..id(Buw001.w.13,186)"/>
   </dialogueact>
   <dialogueact nite:id="Buw001.E.dialogueact1515" starttime="2768.83" endtime="2769.03" type="b" original-type="b" channel="c8" participant="me025">
      <nite:child href="Buw001.E.words.xml#id(Buw001.w.13,187)..id(Buw001.w.13,188)"/>
   </dialogueact>
   <dialogueact nite:id="Buw001.E.dialogueact1518" starttime="2772.09" endtime="2772.83" type="s^2|s^aa" adjacency="35b-1" original-type="s^2|s^aa" channel="c8" participant="me025">
      <nite:child href="Buw001.E.words.xml#id(Buw001.w.13,191)..id(Buw001.w.13,194)"/>
   </dialogueact>
   <dialogueact nite:id="Buw001.E.dialogueact1524" starttime="2778.0" endtime="2779.22" type="s" adjacency="36b-1" original-type="s" channel="c8" participant="me025">
      <nite:child href="Buw001.E.words.xml#id(Buw001.w.13,225)..id(Buw001.w.13,234)"/>
   </dialogueact>
   <dialogueact nite:id="Buw001.E.dialogueact1530" starttime="2787.53" endtime="2788.51" type="s.%-" adjacency="37b-2" original-type="s.%-" channel="c8" participant="me025">
      <nite:child href="Buw001.E.words.xml#id(Buw001.w.13,260)..id(Buw001.disfmarker.574)"/>
   </dialogueact>
   <dialogueact nite:id="Buw001.E.dialogueact1533" starttime="2790.65" endtime="2793.98" type="s^cs" adjacency="38b" original-type="s^cs" channel="c8" participant="me025">
      <nite:child href="Buw001.E.words.xml#id(Buw001.w.13,278)..id(Buw001.w.13,294)"/>
   </dialogueact>
   <dialogueact nite:id="Buw001.E.dialogueact1535" starttime="2794.08" endtime="2794.22" type="fh" original-type="fh" channel="c8" participant="me025">
      <nite:child href="Buw001.E.words.xml#id(Buw001.w.13,295)..id(Buw001.disfmarker.577)"/>
   </dialogueact>
   <dialogueact nite:id="Buw001.E.dialogueact1538" starttime="2794.58" endtime="2794.69" type="s^bk" original-type="s^bk" channel="c8" participant="me025">
      <nite:child href="Buw001.E.words.xml#id(Buw001.w.13,296)..id(Buw001.w.13,297)"/>
   </dialogueact>
   <dialogueact nite:id="Buw001.E.dialogueact1540" starttime="2797.16" endtime="2797.74" type="s^bk" adjacency="40b-1" original-type="s^bk" channel="c8" participant="me025">
      <nite:child href="Buw001.E.words.xml#id(Buw001.w.13,331)..id(Buw001.w.13,332)"/>
   </dialogueact>
   <dialogueact nite:id="Buw001.E.dialogueact1563" starttime="2839.11" endtime="2839.3" type="%-" original-type="%-" channel="c8" participant="me025">
      <nite:child href="Buw001.E.words.xml#id(Buw001.w.13,562)..id(Buw001.disfmarker.586)"/>
   </dialogueact>
   <dialogueact nite:id="Buw001.E.dialogueact1586" starttime="2870.67" endtime="2871.97" type="s^aa|s^2" adjacency="54b-1" original-type="s^aa|s^2" channel="c8" participant="me025">
      <nite:child href="Buw001.E.words.xml#id(Buw001.w.13,690)..id(Buw001.w.13,696)"/>
   </dialogueact>
   <dialogueact nite:id="Buw001.E.dialogueact1607" starttime="2909.92" endtime="2910.47" type="fg|%-" adjacency="58b.59a" original-type="fg|%-" channel="c8" participant="me025">
      <nite:child href="Buw001.E.words.xml#id(Buw001.w.13,849)..id(Buw001.disfmarker.598)"/>
   </dialogueact>
   <dialogueact nite:id="Buw001.E.dialogueact1609" starttime="2911.36" endtime="2913.05" type="s" adjacency="60b.61a" original-type="s" channel="c8" participant="me025">
      <nite:child href="Buw001.E.words.xml#id(Buw001.w.13,854)..id(Buw001.w.13,861)"/>
   </dialogueact>
   <dialogueact nite:id="Buw001.E.dialogueact1610" starttime="2913.05" endtime="2913.96" type="s^e.%-" adjacency="60b+.61a+" original-type="s^e.%-" channel="c8" participant="me025">
      <nite:child href="Buw001.E.words.xml#id(Buw001.w.13,862)..id(Buw001.disfmarker.599)"/>
   </dialogueact>
   <dialogueact nite:id="Buw001.E.dialogueact1612" starttime="2914.61" endtime="2914.88" type="%-" adjacency="62b" original-type="%-" channel="c8" participant="me025">
      <nite:child href="Buw001.E.words.xml#id(Buw001.w.13,887)..id(Buw001.w.13,889)"/>
   </dialogueact>
   <dialogueact nite:id="Buw001.E.dialogueact1615" starttime="2915.53" endtime="2916.24" type="s^cs" adjacency="63b" original-type="s^cs" channel="c8" participant="me025">
      <nite:child href="Buw001.E.words.xml#id(Buw001.w.13,892)..id(Buw001.w.13,895)"/>
   </dialogueact>
   <dialogueact nite:id="Buw001.E.dialogueact1616" starttime="2916.58" endtime="2916.8" type="s^aa" adjacency="63b+" original-type="s^aa" channel="c8" participant="me025">
      <nite:child href="Buw001.E.words.xml#id(Buw001.w.13,896)..id(Buw001.w.13,897)"/>
   </dialogueact>
   <dialogueact nite:id="Buw001.E.dialogueact1762" starttime="3128.61" endtime="3128.88" type="%-" original-type="%-" channel="c8" participant="me025">
      <nite:child href="Buw001.E.words.xml#id(Buw001.w.14,933)..id(Buw001.disfmarker.651)"/>
   </dialogueact>
   <dialogueact nite:id="Buw001.E.dialogueact1763" starttime="3129.03" endtime="3129.38" type="b" original-type="b" channel="c8" participant="me025">
      <nite:child href="Buw001.E.words.xml#id(Buw001.w.14,934)..id(Buw001.w.14,937)"/>
   </dialogueact>
   <dialogueact nite:id="Buw001.E.dialogueact1774" starttime="3139.38" endtime="3139.62" type="b.%" original-type="b.%" channel="c8" participant="me025">
      <nite:child href="Buw001.E.words.xml#id(Buw001.w.14,984)..id(Buw001.w.14,985)"/>
   </dialogueact>
   <dialogueact nite:id="Buw001.E.dialogueact1785" starttime="3149.98" endtime="3150.22" type="s^aa^j" adjacency="23b" original-type="s^aa^j" channel="c8" participant="me025">
      <nite:child href="Buw001.E.words.xml#id(Buw001.w.15,026)..id(Buw001.w.15,027)"/>
   </dialogueact>
   <dialogueact nite:id="Buw001.E.dialogueact1835" starttime="3241.34" endtime="3241.68" type="s^aa" adjacency="33b-1" original-type="s^aa" channel="c8" participant="me025">
      <nite:child href="Buw001.E.words.xml#id(Buw001.w.15,401)..id(Buw001.w.15,402)"/>
   </dialogueact>
   <dialogueact nite:id="Buw001.E.dialogueact1836" starttime="3242.0" endtime="3242.4" type="s.%-" adjacency="33b-1+" original-type="s.%-" channel="c8" participant="me025">
      <nite:child href="Buw001.E.words.xml#id(Buw001.w.15,403)..id(Buw001.w.15,405)"/>
   </dialogueact>
   <dialogueact nite:id="Buw001.E.dialogueact1839" starttime="3243.11" endtime="3243.94" type="s^cs" adjacency="33b-1++" original-type="s^cs" channel="c8" participant="me025">
      <nite:child href="Buw001.E.words.xml#id(Buw001.w.15,417)..id(Buw001.w.15,422)"/>
   </dialogueact>
   <dialogueact nite:id="Buw001.E.dialogueact1840" starttime="3243.93" endtime="3244.15" type="fh" adjacency="33b-1+++" original-type="fh" channel="c8" participant="me025">
      <nite:child href="Buw001.E.words.xml#id(Buw001.w.15,423)..id(Buw001.disfmarker.672)"/>
   </dialogueact>
   <dialogueact nite:id="Buw001.E.dialogueact1857" starttime="3267.49" endtime="3267.96" type="b" original-type="b" channel="c8" participant="me025">
      <nite:child href="Buw001.E.words.xml#id(Buw001.w.15,531)..id(Buw001.w.15,532)"/>
   </dialogueact>
   <dialogueact nite:id="Buw001.E.dialogueact1877" starttime="3310.99" endtime="3319.09" type="fg|s" adjacency="45b" original-type="fg|s" channel="c8" participant="me025">
      <nite:child href="Buw001.E.words.xml#id(Buw001.w.15,687)..id(Buw001.w.15,726)"/>
   </dialogueact>
   <dialogueact nite:id="Buw001.E.dialogueact1878" starttime="3319.09" endtime="3319.93" type="s" adjacency="45b+" original-type="s" channel="c8" participant="me025">
      <nite:child href="Buw001.E.words.xml#id(Buw001.w.15,727)..id(Buw001.w.15,733)"/>
   </dialogueact>
   <dialogueact nite:id="Buw001.E.dialogueact1879" starttime="3320.54" endtime="3325.92" type="s" adjacency="46a" original-type="s" channel="c8" participant="me025">
      <nite:child href="Buw001.E.words.xml#id(Buw001.w.15,734)..id(Buw001.w.15,751)"/>
   </dialogueact>
   <dialogueact nite:id="Buw001.E.dialogueact1882" starttime="3327.67" endtime="3328.92" type="s" adjacency="47a" original-type="s" channel="c8" participant="me025">
      <nite:child href="Buw001.E.words.xml#id(Buw001.w.15,758)..id(Buw001.w.15,765)"/>
   </dialogueact>
   <dialogueact nite:id="Buw001.E.dialogueact1883" starttime="3328.92" endtime="3330.46" type="s^e" adjacency="47a+" original-type="s^e" channel="c8" participant="me025">
      <nite:child href="Buw001.E.words.xml#id(Buw001.w.15,766)..id(Buw001.w.15,774)"/>
   </dialogueact>
   <dialogueact nite:id="Buw001.E.dialogueact1885" starttime="3330.46" endtime="3330.56" type="fh" original-type="fh" channel="c8" participant="me025">
      <nite:child href="Buw001.E.words.xml#id(Buw001.w.15,775)..id(Buw001.disfmarker.690)"/>
   </dialogueact>
   <dialogueact nite:id="Buw001.E.dialogueact1888" starttime="3333.37" endtime="3333.67" type="s^bk" adjacency="48b" original-type="s^bk" channel="c8" participant="me025">
      <nite:child href="Buw001.E.words.xml#id(Buw001.w.15,807)..id(Buw001.w.15,808)"/>
   </dialogueact>
   <dialogueact nite:id="Buw001.E.dialogueact1891" starttime="3336.39" endtime="3336.58" type="s^bk" adjacency="49b-1" original-type="s^bk" channel="c8" participant="me025">
      <nite:child href="Buw001.E.words.xml#id(Buw001.w.15,809)..id(Buw001.w.15,810)"/>
   </dialogueact>
   <dialogueact nite:id="Buw001.E.dialogueact1893" starttime="3340.25" endtime="3340.45" type="b" original-type="b" channel="c8" participant="me025">
      <nite:child href="Buw001.E.words.xml#id(Buw001.w.15,822)..id(Buw001.w.15,823)"/>
   </dialogueact>
   <dialogueact nite:id="Buw001.E.dialogueact1919" starttime="3373.89" endtime="3374.22" type="s^aa" adjacency="56b-2" original-type="s^aa" channel="c8" participant="me025">
      <nite:child href="Buw001.E.words.xml#id(Buw001.w.16,008)..id(Buw001.w.16,009)"/>
   </dialogueact>
   <dialogueact nite:id="Buw001.E.dialogueact1925" starttime="3383.99" endtime="3384.23" type="b" original-type="b" channel="c8" participant="me025">
      <nite:child href="Buw001.E.words.xml#id(Buw001.w.16,071)..id(Buw001.w.16,072)"/>
   </dialogueact>
   <dialogueact nite:id="Buw001.E.dialogueact1929" starttime="3387.14" endtime="3387.33" type="b" original-type="b" channel="c8" participant="me025">
      <nite:child href="Buw001.E.words.xml#id(Buw001.w.16,075)..id(Buw001.w.16,076)"/>
   </dialogueact>
   <dialogueact nite:id="Buw001.E.dialogueact1930" starttime="3389.85" endtime="3390.13" type="b" original-type="b" channel="c8" participant="me025">
      <nite:child href="Buw001.E.words.xml#id(Buw001.w.16,077)..id(Buw001.w.16,078)"/>
   </dialogueact>
   <dialogueact nite:id="Buw001.E.dialogueact1933" starttime="3390.79" endtime="3392.72" type="s|s^aa" adjacency="59b-2" original-type="s|s^aa" channel="c8" participant="me025">
      <nite:child href="Buw001.E.words.xml#id(Buw001.w.16,100)..id(Buw001.w.16,106)"/>
   </dialogueact>
   <dialogueact nite:id="Buw001.E.dialogueact1985" starttime="3487.39" endtime="3487.54" type="s^t1.%" original-type="s^t1.%" channel="c8" participant="me025">
      <nite:child href="Buw001.E.words.xml#id(Buw001.w.16,526)..id(Buw001.w.16,527)"/>
   </dialogueact>
   <dialogueact nite:id="Buw001.E.dialogueact2098" starttime="3731.95" endtime="3732.43" type="qy^bh" adjacency="16b" original-type="qy^bh" channel="c8" participant="me025">
      <nite:child href="Buw001.E.words.xml#id(Buw001.w.17,559)..id(Buw001.w.17,562)"/>
   </dialogueact>
   <dialogueact nite:id="Buw001.E.dialogueact2099" starttime="3732.43" endtime="3733.36" type="s" adjacency="16b+" original-type="s" channel="c8" participant="me025">
      <nite:child href="Buw001.E.words.xml#id(Buw001.w.17,563)..id(Buw001.w.17,567)"/>
   </dialogueact>
   <dialogueact nite:id="Buw001.E.dialogueact2135" starttime="3787.13" endtime="3788.58" type="s^2^j" adjacency="30b" original-type="s^2^j" channel="c8" participant="me025">
      <nite:child href="Buw001.E.words.xml#id(Buw001.w.17,807)..id(Buw001.w.17,813)"/>
   </dialogueact>
   <dialogueact nite:id="Buw001.E.dialogueact2156" starttime="3820.81" endtime="3821.78" type="s^j:s" adjacency="37b-2" original-type="s^j:s" channel="c8" participant="me025">
      <nite:child href="Buw001.E.words.xml#id(Buw001.w.17,976)..id(Buw001.w.17,984)"/>
   </dialogueact>
   <dialogueact nite:id="Buw001.E.dialogueact2162" starttime="3823.89" endtime="3825.04" type="s^j:s" adjacency="37b-2+.40a" original-type="s^j:s" channel="c8" participant="me025">
      <nite:child href="Buw001.E.words.xml#id(Buw001.w.18,019)..id(Buw001.w.18,026)"/>
   </dialogueact>
   <dialogueact nite:id="Buw001.E.dialogueact2163" starttime="3825.1" endtime="3825.33" type="b" original-type="b" channel="c8" participant="me025">
      <nite:child href="Buw001.E.words.xml#id(Buw001.w.18,027)..id(Buw001.w.18,028)"/>
   </dialogueact>
   <dialogueact nite:id="Buw001.E.dialogueact2185" starttime="3859.43" endtime="3860.83" type="s^cs.%-" original-type="s^cs.%-" channel="c8" participant="me025">
      <nite:child href="Buw001.E.words.xml#id(Buw001.w.18,183)..id(Buw001.w.18,190)"/>
   </dialogueact>
   <dialogueact nite:id="Buw001.E.dialogueact2188" starttime="3863.33" endtime="3865.1" type="qy^bu^d^rt" adjacency="46a" original-type="qy^bu^d^rt" channel="c8" participant="me025">
      <nite:child href="Buw001.E.words.xml#id(Buw001.w.18,200)..id(Buw001.w.18,213)"/>
   </dialogueact>
   <dialogueact nite:id="Buw001.E.dialogueact2214" starttime="3930.53" endtime="3932.62" type="s" adjacency="50b.51a" original-type="s" channel="c8" participant="me025">
      <nite:child href="Buw001.E.words.xml#id(Buw001.w.18,458)..id(Buw001.w.18,466)"/>
   </dialogueact>
   <dialogueact nite:id="Buw001.E.dialogueact2215" starttime="3932.62" endtime="3933.34" type="s^no" adjacency="51a+" original-type="s^no" channel="c8" participant="me025">
      <nite:child href="Buw001.E.words.xml#id(Buw001.w.18,467)..id(Buw001.w.18,470)"/>
   </dialogueact>
   <dialogueact nite:id="Buw001.E.dialogueact2216" starttime="3933.49" endtime="3934.87" type="s" adjacency="51a++" original-type="s" channel="c8" participant="me025">
      <nite:child href="Buw001.E.words.xml#id(Buw001.w.18,471)..id(Buw001.w.18,480)"/>
   </dialogueact>
   <dialogueact nite:id="Buw001.E.dialogueact2217" starttime="3935.01" endtime="3936.08" type="s" adjacency="51a+++" original-type="s" channel="c8" participant="me025">
      <nite:child href="Buw001.E.words.xml#id(Buw001.w.18,481)..id(Buw001.w.18,488)"/>
   </dialogueact>
   <dialogueact nite:id="Buw001.E.dialogueact2221" starttime="3938.3" endtime="3938.86" type="s.%--" adjacency="52b-2" original-type="s.%--" channel="c8" participant="me025">
      <nite:child href="Buw001.E.words.xml#id(Buw001.w.18,501)..id(Buw001.disfmarker.803)"/>
   </dialogueact>
   <dialogueact nite:id="Buw001.E.dialogueact2222" starttime="3938.86" endtime="3940.45" type="s^ng" adjacency="52b-2+.53a" original-type="s^ng" channel="c8" participant="me025">
      <nite:child href="Buw001.E.words.xml#id(Buw001.w.18,506)..id(Buw001.w.18,514)"/>
   </dialogueact>
   <dialogueact nite:id="Buw001.E.dialogueact2223" starttime="3940.45" endtime="3941.51" type="s^df" adjacency="52b-2++.53a+" original-type="s^df" channel="c8" participant="me025">
      <nite:child href="Buw001.E.words.xml#id(Buw001.w.18,515)..id(Buw001.w.18,524)"/>
   </dialogueact>
   <dialogueact nite:id="Buw001.E.dialogueact2224" starttime="3941.51" endtime="3941.73" type="fh" original-type="fh" channel="c8" participant="me025">
      <nite:child href="Buw001.E.words.xml#id(Buw001.w.18,525)..id(Buw001.disfmarker.804)"/>
   </dialogueact>
   <dialogueact nite:id="Buw001.E.dialogueact2227" starttime="3943.07" endtime="3943.29" type="%-" original-type="%-" channel="c8" participant="me025">
      <nite:child href="Buw001.E.words.xml#id(Buw001.w.18,543)..id(Buw001.disfmarker.805)"/>
   </dialogueact>
   <dialogueact nite:id="Buw001.E.dialogueact2230" starttime="3946.11" endtime="3946.4" type="s^bk" adjacency="55b.55a" original-type="s^bk" channel="c8" participant="me025">
      <nite:child href="Buw001.E.words.xml#id(Buw001.w.18,554)..id(Buw001.w.18,555)"/>
   </dialogueact>
   <dialogueact nite:id="Buw001.E.dialogueact2231" starttime="3946.54" endtime="3947.7" type="s" adjacency="55b+.55a+" original-type="s" channel="c8" participant="me025">
      <nite:child href="Buw001.E.words.xml#id(Buw001.w.18,556)..id(Buw001.w.18,569)"/>
   </dialogueact>
   <dialogueact nite:id="Buw001.E.dialogueact2241" starttime="3960.7" endtime="3961.56" type="s^m" adjacency="57b.58a" original-type="s^m" channel="c8" participant="me025">
      <nite:child href="Buw001.E.words.xml#id(Buw001.w.18,611)..id(Buw001.w.18,614)"/>
   </dialogueact>
   <dialogueact nite:id="Buw001.E.dialogueact2266" starttime="4043.66" endtime="4044.79" type="qw" adjacency="63b.64a" original-type="qw" channel="c8" participant="me025">
      <nite:child href="Buw001.E.words.xml#id(Buw001.w.18,909)..id(Buw001.w.18,918)"/>
   </dialogueact>
   <dialogueact nite:id="Buw001.E.dialogueact2268" starttime="4049.9" endtime="4050.37" type="s^bk^j" adjacency="65b-1" original-type="s^bk^j" channel="c8" participant="me025">
      <nite:child href="Buw001.E.words.xml#id(Buw001.w.18,932)..id(Buw001.w.18,935)"/>
   </dialogueact>
   <dialogueact nite:id="Buw001.E.dialogueact2272" starttime="4055.39" endtime="4055.62" type="s^aa" adjacency="66b-1" original-type="s^aa" channel="c8" participant="me025">
      <nite:child href="Buw001.E.words.xml#id(Buw001.w.18,962)..id(Buw001.w.18,963)"/>
   </dialogueact>
   <dialogueact nite:id="Buw001.E.dialogueact2274" starttime="4056.82" endtime="4057.62" type="qh^na" adjacency="66b-2.67a" original-type="qh^na" channel="c8" participant="me025">
      <nite:child href="Buw001.E.words.xml#id(Buw001.w.18,964)..id(Buw001.w.18,968)"/>
   </dialogueact>
   <dialogueact nite:id="Buw001.E.dialogueact2283" starttime="4067.5" endtime="4068.11" type="s^ba" adjacency="69b" original-type="s^ba" channel="c8" participant="me025">
      <nite:child href="Buw001.E.words.xml#id(Buw001.w.19,014)..id(Buw001.w.19,017)"/>
   </dialogueact>
   <dialogueact nite:id="Buw001.E.dialogueact2287" starttime="4070.92" endtime="4071.12" type="s^aa" adjacency="70b" original-type="s^aa" channel="c8" participant="me025">
      <nite:child href="Buw001.E.words.xml#id(Buw001.w.19,036)..id(Buw001.w.19,037)"/>
   </dialogueact>
   <dialogueact nite:id="Buw001.E.dialogueact2290" starttime="4071.97" endtime="4072.43" type="s^ba" original-type="s^ba" channel="c8" participant="me025">
      <nite:child href="Buw001.E.words.xml#id(Buw001.w.19,044)..id(Buw001.w.19,045)"/>
   </dialogueact>
   <dialogueact nite:id="Buw001.E.dialogueact2296" starttime="4083.36" endtime="4083.64" type="s^bk" adjacency="73b-1" original-type="s^bk" channel="c8" participant="me025">
      <nite:child href="Buw001.E.words.xml#id(Buw001.w.19,080)..id(Buw001.w.19,081)"/>
   </dialogueact>
   <dialogueact nite:id="Buw001.E.dialogueact2300" starttime="4083.98" endtime="4084.21" type="s^ba" adjacency="73b-1+" original-type="s^ba" channel="c8" participant="me025">
      <nite:child href="Buw001.E.words.xml#id(Buw001.w.19,082)..id(Buw001.w.19,083)"/>
   </dialogueact>
</nite:root>