<?xml version="1.0" encoding="UTF-8"?>
<nite:root xmlns:nite="http://nite.sourceforge.net/" nite:id="tim_ES2002d_D.nite:root.1">
    <role endtime="58.8" starttime="0.0" type="Neutral" nite:id="tim_ES2002d_D.role.1"/>
    <role endtime="60.08" starttime="58.8" type="Supporter" nite:id="tim_ES2002d_D.role.2"/>
    <role endtime="70.4" starttime="60.08" type="Neutral" nite:id="tim_ES2002d_D.role.3"/>
    <role endtime="103.04" starttime="70.4" type="Protagonist" nite:id="tim_ES2002d_D.role.4"/>
    <role endtime="154.52" starttime="103.04" type="Neutral" nite:id="tim_ES2002d_D.role.5"/>
    <role endtime="157.12" starttime="154.52" type="Supporter" nite:id="tim_ES2002d_D.role.6"/>
    <role endtime="183.38" starttime="157.12" type="Neutral" nite:id="tim_ES2002d_D.role.7"/>
    <role endtime="190.56" starttime="183.38" type="Supporter" nite:id="tim_ES2002d_D.role.8"/>
    <role endtime="198.68" starttime="190.56" type="Neutral" nite:id="tim_ES2002d_D.role.9"/>
    <role endtime="200.0" starttime="198.68" type="Supporter" nite:id="tim_ES2002d_D.role.10"/>
    <role endtime="232.5" starttime="200.0" type="Neutral" nite:id="tim_ES2002d_D.role.11"/>
    <role endtime="241.96" starttime="232.5" type="Supporter" nite:id="tim_ES2002d_D.role.12"/>
    <role endtime="246.26" starttime="241.96" type="Neutral" nite:id="tim_ES2002d_D.role.13"/>
    <role endtime="266.18" starttime="246.26" type="Supporter" nite:id="tim_ES2002d_D.role.14"/>
    <role endtime="271.68" starttime="266.18" type="Neutral" nite:id="tim_ES2002d_D.role.15"/>
    <role endtime="273.46" starttime="271.68" type="Supporter" nite:id="tim_ES2002d_D.role.16"/>
    <role endtime="277.76" starttime="273.46" type="Neutral" nite:id="tim_ES2002d_D.role.17"/>
    <role endtime="278.7" starttime="277.76" type="Supporter" nite:id="tim_ES2002d_D.role.18"/>
    <role endtime="282.86" starttime="278.7" type="Neutral" nite:id="tim_ES2002d_D.role.19"/>
    <role endtime="285.84" starttime="282.86" type="Supporter" nite:id="tim_ES2002d_D.role.20"/>
    <role endtime="292.0" starttime="285.84" type="Neutral" nite:id="tim_ES2002d_D.role.21"/>
    <role endtime="295.16" starttime="292.0" type="Supporter" nite:id="tim_ES2002d_D.role.22"/>
    <role endtime="300.6" starttime="295.16" type="Neutral" nite:id="tim_ES2002d_D.role.23"/>
    <role endtime="308.56" starttime="300.6" type="Supporter" nite:id="tim_ES2002d_D.role.24"/>
    <role endtime="314.02" starttime="308.56" type="Neutral" nite:id="tim_ES2002d_D.role.25"/>
    <role endtime="322.44" starttime="314.02" type="Supporter" nite:id="tim_ES2002d_D.role.26"/>
    <role endtime="324.5" starttime="322.44" type="Neutral" nite:id="tim_ES2002d_D.role.27"/>
    <role endtime="330.2" starttime="324.5" type="Supporter" nite:id="tim_ES2002d_D.role.28"/>
    <role endtime="333.2" starttime="330.2" type="Neutral" nite:id="tim_ES2002d_D.role.29"/>
    <role endtime="335.56" starttime="333.2" type="Supporter" nite:id="tim_ES2002d_D.role.30"/>
    <role endtime="366.48" starttime="335.56" type="Neutral" nite:id="tim_ES2002d_D.role.31"/>
    <role endtime="373.32" starttime="366.48" type="Supporter" nite:id="tim_ES2002d_D.role.32"/>
    <role endtime="384.04" starttime="373.32" type="Neutral" nite:id="tim_ES2002d_D.role.33"/>
    <role endtime="385.12" starttime="384.04" type="Supporter" nite:id="tim_ES2002d_D.role.34"/>
    <role endtime="424.16" starttime="385.12" type="Neutral" nite:id="tim_ES2002d_D.role.35"/>
    <role endtime="424.96" starttime="424.16" type="Supporter" nite:id="tim_ES2002d_D.role.36"/>
    <role endtime="432.56" starttime="424.96" type="Neutral" nite:id="tim_ES2002d_D.role.37"/>
    <role endtime="433.32" starttime="432.56" type="Supporter" nite:id="tim_ES2002d_D.role.38"/>
    <role endtime="452.96" starttime="433.32" type="Neutral" nite:id="tim_ES2002d_D.role.39"/>
    <role endtime="457.26" starttime="452.96" type="Supporter" nite:id="tim_ES2002d_D.role.40"/>
    <role endtime="494.92" starttime="457.26" type="Neutral" nite:id="tim_ES2002d_D.role.41"/>
    <role endtime="498.36" starttime="494.92" type="Supporter" nite:id="tim_ES2002d_D.role.42"/>
    <role endtime="506.2" starttime="498.36" type="Neutral" nite:id="tim_ES2002d_D.role.43"/>
    <role endtime="513.04" starttime="506.2" type="Supporter" nite:id="tim_ES2002d_D.role.44"/>
    <role endtime="523.4" starttime="513.04" type="Neutral" nite:id="tim_ES2002d_D.role.45"/>
    <role endtime="526.06" starttime="523.4" type="Supporter" nite:id="tim_ES2002d_D.role.46"/>
    <role endtime="573.52" starttime="526.06" type="Neutral" nite:id="tim_ES2002d_D.role.47"/>
    <role endtime="577.64" starttime="573.52" type="Supporter" nite:id="tim_ES2002d_D.role.48"/>
    <role endtime="581.52" starttime="577.64" type="Neutral" nite:id="tim_ES2002d_D.role.49"/>
    <role endtime="582.64" starttime="581.52" type="Supporter" nite:id="tim_ES2002d_D.role.50"/>
    <role endtime="634.7" starttime="582.64" type="Neutral" nite:id="tim_ES2002d_D.role.51"/>
    <role endtime="639.72" starttime="634.7" type="Supporter" nite:id="tim_ES2002d_D.role.52"/>
    <role endtime="675.38" starttime="639.72" type="Neutral" nite:id="tim_ES2002d_D.role.53"/>
    <role endtime="676.5" starttime="675.38" type="Supporter" nite:id="tim_ES2002d_D.role.54"/>
    <role endtime="693.32" starttime="676.5" type="Neutral" nite:id="tim_ES2002d_D.role.55"/>
    <role endtime="694.12" starttime="693.32" type="Supporter" nite:id="tim_ES2002d_D.role.56"/>
    <role endtime="716.1" starttime="694.12" type="Neutral" nite:id="tim_ES2002d_D.role.57"/>
    <role endtime="717.5" starttime="716.1" type="Supporter" nite:id="tim_ES2002d_D.role.58"/>
    <role endtime="721.46" starttime="717.5" type="Neutral" nite:id="tim_ES2002d_D.role.59"/>
    <role endtime="725.2" starttime="721.46" type="Supporter" nite:id="tim_ES2002d_D.role.60"/>
    <role endtime="733.94" starttime="725.2" type="Neutral" nite:id="tim_ES2002d_D.role.61"/>
    <role endtime="736.56" starttime="733.94" type="Supporter" nite:id="tim_ES2002d_D.role.62"/>
    <role endtime="765.78" starttime="736.56" type="Neutral" nite:id="tim_ES2002d_D.role.63"/>
    <role endtime="772.36" starttime="765.78" type="Supporter" nite:id="tim_ES2002d_D.role.64"/>
    <role endtime="803.68" starttime="772.36" type="Neutral" nite:id="tim_ES2002d_D.role.65"/>
    <role comment="Nonvocal nod" endtime="805.08" starttime="803.68" type="Supporter" nite:id="tim_ES2002d_D.role.66"/>
    <role endtime="813.76" starttime="805.08" type="Neutral" nite:id="tim_ES2002d_D.role.67"/>
    <role endtime="815.76" starttime="813.76" type="Supporter" nite:id="tim_ES2002d_D.role.68"/>
    <role endtime="862.2" starttime="815.76" type="Neutral" nite:id="tim_ES2002d_D.role.69"/>
    <role endtime="863.2" starttime="862.2" type="Supporter" nite:id="tim_ES2002d_D.role.70"/>
    <role endtime="865.2" starttime="863.2" type="Neutral" nite:id="tim_ES2002d_D.role.71"/>
    <role endtime="867.2" starttime="865.2" type="Supporter" nite:id="tim_ES2002d_D.role.72"/>
    <role endtime="877.18" starttime="867.2" type="Neutral" nite:id="tim_ES2002d_D.role.73"/>
    <role endtime="878.96" starttime="877.18" type="Supporter" nite:id="tim_ES2002d_D.role.74"/>
    <role endtime="891.6" starttime="878.96" type="Neutral" nite:id="tim_ES2002d_D.role.75"/>
    <role endtime="894.96" starttime="891.6" type="Supporter" nite:id="tim_ES2002d_D.role.76"/>
    <role endtime="972.28" starttime="894.96" type="Neutral" nite:id="tim_ES2002d_D.role.77"/>
    <role comment="Aside (not supporting main group)." endtime="979.36" starttime="972.28" type="Supporter" nite:id="tim_ES2002d_D.role.78"/>
    <role endtime="1051.8" starttime="979.36" type="Neutral" nite:id="tim_ES2002d_D.role.79"/>
    <role endtime="1054.92" starttime="1051.8" type="Supporter" nite:id="tim_ES2002d_D.role.80"/>
    <role endtime="1071.14" starttime="1054.92" type="Neutral" nite:id="tim_ES2002d_D.role.81"/>
    <role endtime="1072.64" starttime="1071.14" type="Supporter" nite:id="tim_ES2002d_D.role.82"/>
    <role endtime="1092.22" starttime="1072.64" type="Neutral" nite:id="tim_ES2002d_D.role.83"/>
    <role endtime="1094.56" starttime="1092.22" type="Supporter" nite:id="tim_ES2002d_D.role.84"/>
    <role endtime="1157.32" starttime="1094.56" type="Neutral" nite:id="tim_ES2002d_D.role.85"/>
    <role endtime="1159.28" starttime="1157.32" type="Supporter" nite:id="tim_ES2002d_D.role.86"/>
    <role endtime="1170.16" starttime="1159.28" type="Neutral" nite:id="tim_ES2002d_D.role.87"/>
    <role endtime="1171.16" starttime="1170.16" type="Supporter" nite:id="tim_ES2002d_D.role.88"/>
    <role endtime="1176.3" starttime="1171.16" type="Neutral" nite:id="tim_ES2002d_D.role.89"/>
    <role endtime="1178.76" starttime="1176.3" type="Supporter" nite:id="tim_ES2002d_D.role.90"/>
    <role endtime="1186.02" starttime="1178.76" type="Neutral" nite:id="tim_ES2002d_D.role.91"/>
    <role endtime="1190.92" starttime="1186.02" type="Supporter" nite:id="tim_ES2002d_D.role.92"/>
    <role endtime="1201.18" starttime="1190.92" type="Neutral" nite:id="tim_ES2002d_D.role.93"/>
    <role endtime="1203.08" starttime="1201.18" type="Supporter" nite:id="tim_ES2002d_D.role.94"/>
    <role endtime="1302.46" starttime="1203.08" type="Neutral" nite:id="tim_ES2002d_D.role.95"/>
    <role comment="Nod" endtime="1304.52" starttime="1302.46" type="Supporter" nite:id="tim_ES2002d_D.role.96"/>
    <role endtime="1390.14" starttime="1304.52" type="Neutral" nite:id="tim_ES2002d_D.role.97"/>
    <role endtime="1392.92" starttime="1390.14" type="Supporter" nite:id="tim_ES2002d_D.role.98"/>
    <role endtime="1584.46" starttime="1392.92" type="Neutral" nite:id="tim_ES2002d_D.role.99"/>
    <role endtime="1594.76" starttime="1584.46" type="Supporter" nite:id="tim_ES2002d_D.role.100"/>
    <role endtime="1770.26" starttime="1594.76" type="Neutral" nite:id="tim_ES2002d_D.role.101"/>
    <role endtime="1780.52" starttime="1770.26" type="Supporter" nite:id="tim_ES2002d_D.role.102"/>
    <role endtime="1797.46" starttime="1780.52" type="Neutral" nite:id="tim_ES2002d_D.role.103"/>
    <role endtime="1799.4" starttime="1797.46" type="Supporter" nite:id="tim_ES2002d_D.role.104"/>
    <role endtime="2012.24" starttime="1799.4" type="Neutral" nite:id="tim_ES2002d_D.role.105"/>
    <role comment="Nod" endtime="2017.48" starttime="2012.24" type="Supporter" nite:id="tim_ES2002d_D.role.106"/>
    <role endtime="2032.88" starttime="2017.48" type="Neutral" nite:id="tim_ES2002d_D.role.107"/>
    <role endtime="2034.64" starttime="2032.88" type="Supporter" nite:id="tim_ES2002d_D.role.108"/>
    <role endtime="2068.88" starttime="2034.64" type="Neutral" nite:id="tim_ES2002d_D.role.109"/>
    <role endtime="2071.32" starttime="2068.88" type="Supporter" nite:id="tim_ES2002d_D.role.110"/>
    <role endtime="2074.0" starttime="2071.32" type="Neutral" nite:id="tim_ES2002d_D.role.111"/>
    <role endtime="2074.48" starttime="2074.0" type="Supporter" nite:id="tim_ES2002d_D.role.112"/>
    <role endtime="2105.82" starttime="2074.48" type="Neutral" nite:id="tim_ES2002d_D.role.113"/>
    <role endtime="2108.8" starttime="2105.82" type="Supporter" nite:id="tim_ES2002d_D.role.114"/>
    <role endtime="2134.86" starttime="2108.8" type="Neutral" nite:id="tim_ES2002d_D.role.115"/>
    <role endtime="2136.72" starttime="2134.86" type="Supporter" nite:id="tim_ES2002d_D.role.116"/>
    <role endtime="2236.98" starttime="2136.72" type="Neutral" nite:id="tim_ES2002d_D.role.117"/>
    <role endtime="2238.78" starttime="2236.98" type="Supporter" nite:id="tim_ES2002d_D.role.118"/>
    <role endtime="2240.5" starttime="2238.78" type="Neutral" nite:id="tim_ES2002d_D.role.119"/>
    <role endtime="2242.32" starttime="2240.5" type="Supporter" nite:id="tim_ES2002d_D.role.120"/>
    <role endtime="2243.52" starttime="2242.32" type="Neutral" nite:id="tim_ES2002d_D.role.121"/>
    <role endtime="2244.76" starttime="2243.52" type="Supporter" nite:id="tim_ES2002d_D.role.122"/>
    <role endtime="2248.14" starttime="2244.76" type="Neutral" nite:id="tim_ES2002d_D.role.123"/>
    <role endtime="2250.04" starttime="2248.14" type="Supporter" nite:id="tim_ES2002d_D.role.124"/>
    <role endtime="2312.88" starttime="2250.04" type="Neutral" nite:id="tim_ES2002d_D.role.125"/>
    <role endtime="2317.2" starttime="2312.88" type="Supporter" nite:id="tim_ES2002d_D.role.126"/>
    <role endtime="2321.36" starttime="2317.2" type="Neutral" nite:id="tim_ES2002d_D.role.127"/>
    <role endtime="2324.86" starttime="2321.36" type="Supporter" nite:id="tim_ES2002d_D.role.128"/>
    <role endtime="2339.9" starttime="2324.86" type="Neutral" nite:id="tim_ES2002d_D.role.129"/>
    <role endtime="2341.8" starttime="2339.9" type="Supporter" nite:id="tim_ES2002d_D.role.130"/>
    <role endtime="2343.7" starttime="2341.8" type="Neutral" nite:id="tim_ES2002d_D.role.131"/>
    <role endtime="2345.44" starttime="2343.7" type="Supporter" nite:id="tim_ES2002d_D.role.132"/>
    <role endtime="2351.92" starttime="2345.44" type="Neutral" nite:id="tim_ES2002d_D.role.133"/>
    <role endtime="2355.68" starttime="2351.92" type="Supporter" nite:id="tim_ES2002d_D.role.134"/>
    <role endtime="2408.6" starttime="2355.68" type="Neutral" nite:id="tim_ES2002d_D.role.135"/>
    <role endtime="2410.42" starttime="2408.6" type="Supporter" nite:id="tim_ES2002d_D.role.136"/>
    <role endtime="2417.9" starttime="2410.42" type="Neutral" nite:id="tim_ES2002d_D.role.137"/>
    <role endtime="2420.48" starttime="2417.9" type="Supporter" nite:id="tim_ES2002d_D.role.138"/>
    <role comment="Takes mic off." endtime="2701.0" starttime="2420.48" type="Neutral" nite:id="tim_ES2002d_D.role.139"/>
</nite:root>
