<?xml version="1.0" encoding="UTF-8"?>
<nite:root xmlns:nite="http://nite.sourceforge.net/" nite:id="theresa_ES2008b_A.nite:root.1">
    <role endtime="50.04" starttime="0.0" type="Neutral" nite:id="theresa_ES2008b_A.role.1"/>
    <role endtime="130.08" starttime="50.04" type="Protagonist" nite:id="theresa_ES2008b_A.role.2"/>
    <role endtime="143.4" starttime="130.08" type="Gatekeeper" nite:id="theresa_ES2008b_A.role.3"/>
    <role endtime="150.16" starttime="143.4" type="Neutral" nite:id="theresa_ES2008b_A.role.4"/>
    <role endtime="165.6" starttime="150.16" type="Supporter" nite:id="theresa_ES2008b_A.role.5"/>
    <role endtime="189.84" starttime="165.6" type="Neutral" nite:id="theresa_ES2008b_A.role.6"/>
    <role endtime="235.2" starttime="189.84" type="Supporter" nite:id="theresa_ES2008b_A.role.7"/>
    <role endtime="245.84" starttime="235.2" type="Neutral" nite:id="theresa_ES2008b_A.role.8"/>
    <role endtime="258.88" starttime="245.84" type="Supporter" nite:id="theresa_ES2008b_A.role.9"/>
    <role endtime="489.3" starttime="258.88" type="Neutral" nite:id="theresa_ES2008b_A.role.10"/>
    <role endtime="500.96" starttime="489.3" type="Gatekeeper" nite:id="theresa_ES2008b_A.role.11"/>
    <role endtime="848.1" starttime="500.96" type="Neutral" nite:id="theresa_ES2008b_A.role.12"/>
    <role endtime="851.82" starttime="848.1" type="Gatekeeper" nite:id="theresa_ES2008b_A.role.13"/>
    <role endtime="861.96" starttime="851.82" type="Protagonist" nite:id="theresa_ES2008b_A.role.14"/>
    <role endtime="881.96" starttime="861.96" type="Supporter" nite:id="theresa_ES2008b_A.role.15"/>
    <role endtime="908.88" starttime="881.96" type="Neutral" nite:id="theresa_ES2008b_A.role.16"/>
    <role endtime="921.84" starttime="908.88" type="Supporter" nite:id="theresa_ES2008b_A.role.17"/>
    <role endtime="1091.08" starttime="921.84" type="Neutral" nite:id="theresa_ES2008b_A.role.18"/>
    <role endtime="1122.24" starttime="1091.08" type="Supporter" nite:id="theresa_ES2008b_A.role.19"/>
    <role endtime="1267.52" starttime="1122.24" type="Neutral" nite:id="theresa_ES2008b_A.role.20"/>
    <role endtime="1296.76" starttime="1267.52" type="Protagonist" nite:id="theresa_ES2008b_A.role.21"/>
    <role endtime="1298.92" starttime="1296.76" type="Gatekeeper" nite:id="theresa_ES2008b_A.role.22"/>
    <role endtime="1353.36" starttime="1298.92" type="Neutral" nite:id="theresa_ES2008b_A.role.23"/>
    <role endtime="1463.76" starttime="1353.36" type="Protagonist" nite:id="theresa_ES2008b_A.role.24"/>
    <role endtime="1473.68" starttime="1463.76" type="Neutral" nite:id="theresa_ES2008b_A.role.25"/>
    <role endtime="1504.12" starttime="1473.68" type="Protagonist" nite:id="theresa_ES2008b_A.role.26"/>
    <role endtime="1535.6" starttime="1504.12" type="Neutral" nite:id="theresa_ES2008b_A.role.27"/>
    <role endtime="1541.72" starttime="1535.6" type="Protagonist" nite:id="theresa_ES2008b_A.role.28"/>
    <role endtime="1596.56" starttime="1541.72" type="Neutral" nite:id="theresa_ES2008b_A.role.29"/>
    <role endtime="1602.04" starttime="1596.56" type="Supporter" nite:id="theresa_ES2008b_A.role.30"/>
    <role endtime="1610.12" starttime="1602.04" type="Neutral" nite:id="theresa_ES2008b_A.role.31"/>
    <role endtime="1619.48" starttime="1610.12" type="Protagonist" nite:id="theresa_ES2008b_A.role.32"/>
    <role endtime="1628.72" starttime="1619.48" type="Neutral" nite:id="theresa_ES2008b_A.role.33"/>
    <role endtime="1640.6" starttime="1628.72" type="Protagonist" nite:id="theresa_ES2008b_A.role.34"/>
    <role endtime="1650.04" starttime="1640.6" type="Neutral" nite:id="theresa_ES2008b_A.role.35"/>
    <role endtime="1690.8" starttime="1650.04" type="Supporter" nite:id="theresa_ES2008b_A.role.36"/>
    <role endtime="1746.08" starttime="1690.8" type="Protagonist" nite:id="theresa_ES2008b_A.role.37"/>
    <role endtime="1769.8" starttime="1746.08" type="Neutral" nite:id="theresa_ES2008b_A.role.38"/>
    <role endtime="1792.8" starttime="1769.8" type="Protagonist" nite:id="theresa_ES2008b_A.role.39"/>
    <role endtime="1829.28" starttime="1792.8" type="Supporter" nite:id="theresa_ES2008b_A.role.40"/>
    <role endtime="1858.48" starttime="1829.28" type="Protagonist" nite:id="theresa_ES2008b_A.role.41"/>
    <role endtime="1893.24" starttime="1858.48" type="Supporter" nite:id="theresa_ES2008b_A.role.42"/>
    <role endtime="1924.76" starttime="1893.24" type="Protagonist" nite:id="theresa_ES2008b_A.role.43"/>
    <role endtime="1946.4" starttime="1924.76" type="Neutral" nite:id="theresa_ES2008b_A.role.44"/>
    <role endtime="2052.8" starttime="1946.4" type="Protagonist" nite:id="theresa_ES2008b_A.role.45"/>
    <role endtime="2077.6" starttime="2052.8" type="Neutral" nite:id="theresa_ES2008b_A.role.46"/>
    <role endtime="2101.0" starttime="2077.6" type="Protagonist" nite:id="theresa_ES2008b_A.role.47"/>
</nite:root>
