<?xml version="1.0" encoding="UTF-8"?>
<nite:root xmlns:nite="http://nite.sourceforge.net/" nite:id="tim_ES2009d_C.nite:root.1">
    <role endtime="38.8" starttime="0.0" type="Neutral" nite:id="tim_ES2009d_C.role.1"/>
    <role endtime="39.6" starttime="38.8" type="Supporter" nite:id="tim_ES2009d_C.role.2"/>
    <role endtime="58.52" starttime="39.6" type="Neutral" nite:id="tim_ES2009d_C.role.3"/>
    <role comment="Laugh to self" endtime="62.12" starttime="58.52" type="Supporter" nite:id="tim_ES2009d_C.role.4"/>
    <role endtime="112.0" starttime="62.12" type="Neutral" nite:id="tim_ES2009d_C.role.5"/>
    <role comment="laugh" endtime="113.5" starttime="112.0" type="Supporter" nite:id="tim_ES2009d_C.role.6"/>
    <role endtime="182.28" starttime="113.5" type="Neutral" nite:id="tim_ES2009d_C.role.7"/>
    <role comment="nods" endtime="182.28" starttime="182.28" type="Supporter" nite:id="tim_ES2009d_C.role.8"/>
    <role endtime="191.48" starttime="182.28" type="Neutral" nite:id="tim_ES2009d_C.role.9"/>
    <role comment="nod to partner to start" endtime="192.98" starttime="191.48" type="Gatekeeper" nite:id="tim_ES2009d_C.role.10"/>
    <role endtime="250.12" starttime="192.98" type="Neutral" nite:id="tim_ES2009d_C.role.11"/>
    <role endtime="255.64" starttime="250.12" type="Supporter" nite:id="tim_ES2009d_C.role.12"/>
    <role endtime="270.02" starttime="255.64" type="Neutral" nite:id="tim_ES2009d_C.role.13"/>
    <role endtime="340.96" starttime="270.02" type="Protagonist" nite:id="tim_ES2009d_C.role.14"/>
    <role comment="pass floor back to partner" endtime="343.36" starttime="340.96" type="Gatekeeper" nite:id="tim_ES2009d_C.role.15"/>
    <role endtime="365.66" starttime="343.36" type="Neutral" nite:id="tim_ES2009d_C.role.16"/>
    <role endtime="375.64" starttime="365.66" type="Protagonist" nite:id="tim_ES2009d_C.role.17"/>
    <role endtime="389.36" starttime="375.64" type="Neutral" nite:id="tim_ES2009d_C.role.18"/>
    <role endtime="396.76" starttime="389.36" type="Protagonist" nite:id="tim_ES2009d_C.role.19"/>
    <role endtime="402.64" starttime="396.76" type="Neutral" nite:id="tim_ES2009d_C.role.20"/>
    <role endtime="422.08" starttime="402.64" type="Protagonist" nite:id="tim_ES2009d_C.role.21"/>
    <role endtime="423.58" starttime="422.08" type="Gatekeeper" nite:id="tim_ES2009d_C.role.22"/>
    <role endtime="441.22" starttime="423.58" type="Neutral" nite:id="tim_ES2009d_C.role.23"/>
    <role endtime="442.52" starttime="441.22" type="Supporter" nite:id="tim_ES2009d_C.role.24"/>
    <role endtime="479.48" starttime="442.52" type="Neutral" nite:id="tim_ES2009d_C.role.25"/>
    <role endtime="483.46" starttime="479.48" type="Supporter" nite:id="tim_ES2009d_C.role.26"/>
    <role endtime="532.08" starttime="483.46" type="Protagonist" nite:id="tim_ES2009d_C.role.27"/>
    <role endtime="547.58" starttime="532.08" type="Neutral" nite:id="tim_ES2009d_C.role.28"/>
    <role endtime="557.32" starttime="547.58" type="Supporter" nite:id="tim_ES2009d_C.role.29"/>
    <role endtime="567.52" starttime="557.32" type="Neutral" nite:id="tim_ES2009d_C.role.30"/>
    <role endtime="597.28" starttime="567.52" type="Supporter" nite:id="tim_ES2009d_C.role.31"/>
    <role endtime="672.1" starttime="597.28" type="Neutral" nite:id="tim_ES2009d_C.role.32"/>
    <role endtime="679.12" starttime="672.1" type="Protagonist" nite:id="tim_ES2009d_C.role.33"/>
    <role endtime="737.64" starttime="679.12" type="Neutral" nite:id="tim_ES2009d_C.role.34"/>
    <role comment="Laugh" endtime="741.36" starttime="737.64" type="Supporter" nite:id="tim_ES2009d_C.role.35"/>
    <role endtime="760.32" starttime="741.36" type="Neutral" nite:id="tim_ES2009d_C.role.36"/>
    <role endtime="774.38" starttime="760.32" type="Protagonist" nite:id="tim_ES2009d_C.role.37"/>
    <role endtime="852.08" starttime="774.38" type="Neutral" nite:id="tim_ES2009d_C.role.38"/>
    <role endtime="861.04" starttime="852.08" type="Protagonist" nite:id="tim_ES2009d_C.role.39"/>
    <role endtime="877.06" starttime="861.04" type="Neutral" nite:id="tim_ES2009d_C.role.40"/>
    <role endtime="900.12" starttime="877.06" type="Protagonist" nite:id="tim_ES2009d_C.role.41"/>
    <role endtime="946.18" starttime="900.12" type="Neutral" nite:id="tim_ES2009d_C.role.42"/>
    <role endtime="949.6" starttime="946.18" type="Supporter" nite:id="tim_ES2009d_C.role.43"/>
    <role endtime="982.12" starttime="949.6" type="Neutral" nite:id="tim_ES2009d_C.role.44"/>
    <role endtime="986.6" starttime="982.12" type="Supporter" nite:id="tim_ES2009d_C.role.45"/>
    <role endtime="1039.42" starttime="986.6" type="Neutral" nite:id="tim_ES2009d_C.role.46"/>
    <role endtime="1041.8" starttime="1039.42" type="Supporter" nite:id="tim_ES2009d_C.role.47"/>
    <role endtime="1043.86" starttime="1041.8" type="Neutral" nite:id="tim_ES2009d_C.role.48"/>
    <role endtime="1048.28" starttime="1043.86" type="Supporter" nite:id="tim_ES2009d_C.role.49"/>
    <role endtime="1068.12" starttime="1048.28" type="Neutral" nite:id="tim_ES2009d_C.role.50"/>
    <role comment="nod" endtime="1071.32" starttime="1068.12" type="Supporter" nite:id="tim_ES2009d_C.role.51"/>
    <role endtime="1076.64" starttime="1071.32" type="Neutral" nite:id="tim_ES2009d_C.role.52"/>
    <role endtime="1081.8" starttime="1076.64" type="Protagonist" nite:id="tim_ES2009d_C.role.53"/>
    <role endtime="1177.4" starttime="1081.8" type="Neutral" nite:id="tim_ES2009d_C.role.54"/>
    <role endtime="1180.36" starttime="1177.4" type="Protagonist" nite:id="tim_ES2009d_C.role.55"/>
    <role endtime="1192.08" starttime="1180.36" type="Neutral" nite:id="tim_ES2009d_C.role.56"/>
    <role endtime="1201.28" starttime="1192.08" type="Protagonist" nite:id="tim_ES2009d_C.role.57"/>
    <role endtime="1220.96" starttime="1201.28" type="Neutral" nite:id="tim_ES2009d_C.role.58"/>
    <role comment="laugh" endtime="1224.28" starttime="1220.96" type="Supporter" nite:id="tim_ES2009d_C.role.59"/>
    <role endtime="1238.88" starttime="1224.28" type="Neutral" nite:id="tim_ES2009d_C.role.60"/>
    <role endtime="1248.1" starttime="1238.88" type="Protagonist" nite:id="tim_ES2009d_C.role.61"/>
    <role endtime="1253.56" starttime="1248.1" type="Neutral" nite:id="tim_ES2009d_C.role.62"/>
    <role endtime="1255.28" starttime="1253.56" type="Supporter" nite:id="tim_ES2009d_C.role.63"/>
    <role endtime="1274.02" starttime="1255.28" type="Neutral" nite:id="tim_ES2009d_C.role.64"/>
    <role endtime="1276.2" starttime="1274.02" type="Protagonist" nite:id="tim_ES2009d_C.role.65"/>
    <role endtime="1341.08" starttime="1276.2" type="Neutral" nite:id="tim_ES2009d_C.role.66"/>
    <role comment="laugh" endtime="1349.2" starttime="1341.08" type="Supporter" nite:id="tim_ES2009d_C.role.67"/>
    <role endtime="1355.9" starttime="1349.2" type="Neutral" nite:id="tim_ES2009d_C.role.68"/>
    <role endtime="1387.46" starttime="1355.9" type="Protagonist" nite:id="tim_ES2009d_C.role.69"/>
    <role endtime="1393.7" starttime="1387.46" type="Neutral" nite:id="tim_ES2009d_C.role.70"/>
    <role endtime="1394.8" starttime="1393.7" type="Supporter" nite:id="tim_ES2009d_C.role.71"/>
    <role endtime="1401.64" starttime="1394.8" type="Neutral" nite:id="tim_ES2009d_C.role.72"/>
    <role endtime="1404.48" starttime="1401.64" type="Protagonist" nite:id="tim_ES2009d_C.role.73"/>
    <role endtime="1418.2" starttime="1404.48" type="Neutral" nite:id="tim_ES2009d_C.role.74"/>
    <role endtime="1420.26" starttime="1418.2" type="Gatekeeper" nite:id="tim_ES2009d_C.role.75"/>
    <role endtime="1442.6" starttime="1420.26" type="Neutral" nite:id="tim_ES2009d_C.role.76"/>
    <role endtime="1455.88" starttime="1442.6" type="Protagonist" nite:id="tim_ES2009d_C.role.77"/>
    <role endtime="1458.92" starttime="1455.88" type="Neutral" nite:id="tim_ES2009d_C.role.78"/>
    <role endtime="1460.96" starttime="1458.92" type="Supporter" nite:id="tim_ES2009d_C.role.79"/>
    <role endtime="1465.42" starttime="1460.96" type="Neutral" nite:id="tim_ES2009d_C.role.80"/>
    <role endtime="1468.52" starttime="1465.42" type="Supporter" nite:id="tim_ES2009d_C.role.81"/>
    <role endtime="1475.4" starttime="1468.52" type="Neutral" nite:id="tim_ES2009d_C.role.82"/>
    <role endtime="1481.16" starttime="1475.4" type="Supporter" nite:id="tim_ES2009d_C.role.83"/>
    <role endtime="1502.16" starttime="1481.16" type="Neutral" nite:id="tim_ES2009d_C.role.84"/>
    <role endtime="1508.72" starttime="1502.16" type="Protagonist" nite:id="tim_ES2009d_C.role.85"/>
    <role endtime="1547.48" starttime="1508.72" type="Neutral" nite:id="tim_ES2009d_C.role.86"/>
    <role endtime="1550.48" starttime="1547.48" type="Protagonist" nite:id="tim_ES2009d_C.role.87"/>
    <role endtime="1556.0" starttime="1550.48" type="Neutral" nite:id="tim_ES2009d_C.role.88"/>
    <role endtime="1568.68" starttime="1556.0" type="Protagonist" nite:id="tim_ES2009d_C.role.89"/>
    <role endtime="1605.52" starttime="1568.68" type="Neutral" nite:id="tim_ES2009d_C.role.90"/>
    <role endtime="1607.68" starttime="1605.52" type="Supporter" nite:id="tim_ES2009d_C.role.91"/>
    <role endtime="1630.0" starttime="1607.68" type="Neutral" nite:id="tim_ES2009d_C.role.92"/>
    <role endtime="1641.36" starttime="1630.0" type="Supporter" nite:id="tim_ES2009d_C.role.93"/>
    <role endtime="1665.06" starttime="1641.36" type="Neutral" nite:id="tim_ES2009d_C.role.94"/>
    <role endtime="1668.68" starttime="1665.06" type="Supporter" nite:id="tim_ES2009d_C.role.95"/>
    <role endtime="1703.6" starttime="1668.68" type="Neutral" nite:id="tim_ES2009d_C.role.96"/>
    <role endtime="1708.28" starttime="1703.6" type="Supporter" nite:id="tim_ES2009d_C.role.97"/>
    <role endtime="1721.8" starttime="1708.28" type="Neutral" nite:id="tim_ES2009d_C.role.98"/>
    <role endtime="1733.24" starttime="1721.8" type="Protagonist" nite:id="tim_ES2009d_C.role.99"/>
    <role endtime="1738.62" starttime="1733.24" type="Neutral" nite:id="tim_ES2009d_C.role.100"/>
    <role endtime="1741.88" starttime="1738.62" type="Protagonist" nite:id="tim_ES2009d_C.role.101"/>
    <role endtime="1745.8" starttime="1741.88" type="Neutral" nite:id="tim_ES2009d_C.role.102"/>
    <role endtime="1747.24" starttime="1745.8" type="Supporter" nite:id="tim_ES2009d_C.role.103"/>
    <role endtime="1765.3" starttime="1747.24" type="Neutral" nite:id="tim_ES2009d_C.role.104"/>
    <role endtime="1771.96" starttime="1765.3" type="Supporter" nite:id="tim_ES2009d_C.role.105"/>
    <role endtime="1801.1" starttime="1771.96" type="Neutral" nite:id="tim_ES2009d_C.role.106"/>
    <role endtime="1802.84" starttime="1801.1" type="Supporter" nite:id="tim_ES2009d_C.role.107"/>
    <role endtime="1808.5" starttime="1802.84" type="Neutral" nite:id="tim_ES2009d_C.role.108"/>
    <role endtime="1831.72" starttime="1808.5" type="Protagonist" nite:id="tim_ES2009d_C.role.109"/>
    <role endtime="1840.04" starttime="1831.72" type="Neutral" nite:id="tim_ES2009d_C.role.110"/>
    <role endtime="1848.8" starttime="1840.04" type="Supporter" nite:id="tim_ES2009d_C.role.111"/>
    <role endtime="1976.92" starttime="1848.8" type="Neutral" nite:id="tim_ES2009d_C.role.112"/>
    <role endtime="1978.92" starttime="1976.92" type="Supporter" nite:id="tim_ES2009d_C.role.113"/>
    <role endtime="2015.16" starttime="1978.92" type="Neutral" nite:id="tim_ES2009d_C.role.114"/>
    <role endtime="2020.12" starttime="2015.16" type="Supporter" nite:id="tim_ES2009d_C.role.115"/>
    <role endtime="2032.12" starttime="2020.12" type="Neutral" nite:id="tim_ES2009d_C.role.116"/>
    <role endtime="2035.84" starttime="2032.12" type="Protagonist" nite:id="tim_ES2009d_C.role.117"/>
    <role endtime="2046.4" starttime="2035.84" type="Neutral" nite:id="tim_ES2009d_C.role.118"/>
    <role endtime="2048.16" starttime="2046.4" type="Supporter" nite:id="tim_ES2009d_C.role.119"/>
    <role endtime="2061.78" starttime="2048.16" type="Neutral" nite:id="tim_ES2009d_C.role.120"/>
    <role endtime="2067.72" starttime="2061.78" type="Supporter" nite:id="tim_ES2009d_C.role.121"/>
    <role endtime="2068.52" starttime="2067.72" type="Neutral" nite:id="tim_ES2009d_C.role.122"/>
    <role endtime="2071.8" starttime="2068.52" type="Gatekeeper" nite:id="tim_ES2009d_C.role.123"/>
    <role endtime="2085.16" starttime="2071.8" type="Neutral" nite:id="tim_ES2009d_C.role.124"/>
    <role endtime="2085.92" starttime="2085.16" type="Protagonist" nite:id="tim_ES2009d_C.role.125"/>
    <role endtime="2091.96" starttime="2085.92" type="Neutral" nite:id="tim_ES2009d_C.role.126"/>
    <role endtime="2093.28" starttime="2091.96" type="Supporter" nite:id="tim_ES2009d_C.role.127"/>
    <role endtime="2095.22" starttime="2093.28" type="Neutral" nite:id="tim_ES2009d_C.role.128"/>
    <role endtime="2096.72" starttime="2095.22" type="Supporter" nite:id="tim_ES2009d_C.role.129"/>
    <role endtime="2128.0" starttime="2096.72" type="Neutral" nite:id="tim_ES2009d_C.role.130"/>
</nite:root>
