<?xml version="1.0" encoding="UTF-8"?>
<nite:root xmlns:nite="http://nite.sourceforge.net/" nite:id="tim_ES2008d_A.nite:root.1">
    <role endtime="30.4" starttime="0.0" type="Neutral" nite:id="tim_ES2008d_A.role.1"/>
    <role comment="Outline meeting structure" endtime="108.16" starttime="30.4" type="Protagonist" nite:id="tim_ES2008d_A.role.2"/>
    <role comment="Assign floor to other; facial support" endtime="116.6" starttime="108.16" type="Gatekeeper" nite:id="tim_ES2008d_A.role.3"/>
    <role comment="Background to other's presentation" endtime="189.4" starttime="116.6" type="Neutral" nite:id="tim_ES2008d_A.role.4"/>
    <role comment="Humour, echo comments, smiles" endtime="214.88" starttime="189.4" type="Supporter" nite:id="tim_ES2008d_A.role.5"/>
    <role endtime="249.0" starttime="214.88" type="Neutral" nite:id="tim_ES2008d_A.role.6"/>
    <role comment="Nods, asks question, follows up" endtime="265.0" starttime="249.0" type="Supporter" nite:id="tim_ES2008d_A.role.7"/>
    <role endtime="282.0" starttime="265.0" type="Neutral" nite:id="tim_ES2008d_A.role.8"/>
    <role endtime="284.28" starttime="282.0" type="Supporter" nite:id="tim_ES2008d_A.role.9"/>
    <role endtime="290.36" starttime="284.28" type="Neutral" nite:id="tim_ES2008d_A.role.10"/>
    <role comment="Smile" endtime="293.0" starttime="290.36" type="Supporter" nite:id="tim_ES2008d_A.role.11"/>
    <role endtime="297.16" starttime="293.0" type="Neutral" nite:id="tim_ES2008d_A.role.12"/>
    <role endtime="308.4" starttime="297.16" type="Supporter" nite:id="tim_ES2008d_A.role.13"/>
    <role endtime="321.5" starttime="308.4" type="Neutral" nite:id="tim_ES2008d_A.role.14"/>
    <role endtime="325.6" starttime="321.5" type="Supporter" nite:id="tim_ES2008d_A.role.15"/>
    <role endtime="330.0" starttime="325.6" type="Neutral" nite:id="tim_ES2008d_A.role.16"/>
    <role endtime="338.32" starttime="330.0" type="Supporter" nite:id="tim_ES2008d_A.role.17"/>
    <role endtime="373.88" starttime="338.32" type="Neutral" nite:id="tim_ES2008d_A.role.18"/>
    <role comment="Nod, smile, eye contact" endtime="391.48" starttime="373.88" type="Supporter" nite:id="tim_ES2008d_A.role.19"/>
    <role comment="Introduce new topic; eye contact to confer floor to others" endtime="400.44" starttime="391.48" type="Gatekeeper" nite:id="tim_ES2008d_A.role.20"/>
    <role comment="Nods" endtime="421.0" starttime="400.44" type="Supporter" nite:id="tim_ES2008d_A.role.21"/>
    <role comment="Introduce new idea to discussion" endtime="436.08" starttime="421.0" type="Protagonist" nite:id="tim_ES2008d_A.role.22"/>
    <role comment="Nods, &quot;that's true&quot;, eye contact" endtime="475.0" starttime="436.08" type="Supporter" nite:id="tim_ES2008d_A.role.23"/>
    <role endtime="488.76" starttime="475.0" type="Gatekeeper" nite:id="tim_ES2008d_A.role.24"/>
    <role endtime="504.24" starttime="488.76" type="Neutral" nite:id="tim_ES2008d_A.role.25"/>
    <role comment="Nods, smiles, &quot;mm-hmm&quot;" endtime="530.0" starttime="504.24" type="Supporter" nite:id="tim_ES2008d_A.role.26"/>
    <role comment="Interjects own idea (unsolicited)" endtime="542.72" starttime="530.0" type="Protagonist" nite:id="tim_ES2008d_A.role.27"/>
    <role comment="Solicit change in topic (following agenda)" endtime="547.8" starttime="542.72" type="Gatekeeper" nite:id="tim_ES2008d_A.role.28"/>
    <role endtime="570.0" starttime="547.8" type="Supporter" nite:id="tim_ES2008d_A.role.29"/>
    <role comment="Promoting own design; not asking for feedback from others" endtime="631.52" starttime="570.0" type="Protagonist" nite:id="tim_ES2008d_A.role.30"/>
    <role endtime="637.0" starttime="631.52" type="Supporter" nite:id="tim_ES2008d_A.role.31"/>
    <role endtime="642.76" starttime="637.0" type="Protagonist" nite:id="tim_ES2008d_A.role.32"/>
    <role endtime="675.0" starttime="642.76" type="Supporter" nite:id="tim_ES2008d_A.role.33"/>
    <role endtime="686.68" starttime="675.0" type="Neutral" nite:id="tim_ES2008d_A.role.34"/>
    <role endtime="688.28" starttime="686.68" type="Supporter" nite:id="tim_ES2008d_A.role.35"/>
    <role endtime="727.8" starttime="688.28" type="Neutral" nite:id="tim_ES2008d_A.role.36"/>
    <role comment="Nod, &quot;okay&quot;" endtime="730.0" starttime="727.8" type="Supporter" nite:id="tim_ES2008d_A.role.37"/>
    <role endtime="749.84" starttime="730.0" type="Neutral" nite:id="tim_ES2008d_A.role.38"/>
    <role comment="Offering solicited response" endtime="763.64" starttime="749.84" type="Supporter" nite:id="tim_ES2008d_A.role.39"/>
    <role endtime="794.52" starttime="763.64" type="Neutral" nite:id="tim_ES2008d_A.role.40"/>
    <role endtime="807.0" starttime="794.52" type="Supporter" nite:id="tim_ES2008d_A.role.41"/>
    <role endtime="811.72" starttime="807.0" type="Neutral" nite:id="tim_ES2008d_A.role.42"/>
    <role endtime="814.4" starttime="811.72" type="Supporter" nite:id="tim_ES2008d_A.role.43"/>
    <role endtime="829.5" starttime="814.4" type="Neutral" nite:id="tim_ES2008d_A.role.44"/>
    <role endtime="834.24" starttime="829.5" type="Supporter" nite:id="tim_ES2008d_A.role.45"/>
    <role endtime="837.1" starttime="834.24" type="Neutral" nite:id="tim_ES2008d_A.role.46"/>
    <role endtime="845.08" starttime="837.1" type="Supporter" nite:id="tim_ES2008d_A.role.47"/>
    <role endtime="877.68" starttime="845.08" type="Neutral" nite:id="tim_ES2008d_A.role.48"/>
    <role endtime="882.44" starttime="877.68" type="Supporter" nite:id="tim_ES2008d_A.role.49"/>
    <role endtime="886.24" starttime="882.44" type="Neutral" nite:id="tim_ES2008d_A.role.50"/>
    <role endtime="890.84" starttime="886.24" type="Supporter" nite:id="tim_ES2008d_A.role.51"/>
    <role endtime="899.92" starttime="890.84" type="Neutral" nite:id="tim_ES2008d_A.role.52"/>
    <role endtime="901.64" starttime="899.92" type="Supporter" nite:id="tim_ES2008d_A.role.53"/>
    <role endtime="913.52" starttime="901.64" type="Neutral" nite:id="tim_ES2008d_A.role.54"/>
    <role endtime="915.88" starttime="913.52" type="Supporter" nite:id="tim_ES2008d_A.role.55"/>
    <role endtime="922.2" starttime="915.88" type="Neutral" nite:id="tim_ES2008d_A.role.56"/>
    <role endtime="924.76" starttime="922.2" type="Supporter" nite:id="tim_ES2008d_A.role.57"/>
    <role endtime="940.0" starttime="924.76" type="Neutral" nite:id="tim_ES2008d_A.role.58"/>
    <role endtime="944.84" starttime="940.0" type="Supporter" nite:id="tim_ES2008d_A.role.59"/>
    <role comment="Taking lead to discuss relevant point" endtime="966.52" starttime="944.84" type="Protagonist" nite:id="tim_ES2008d_A.role.60"/>
    <role endtime="987.24" starttime="966.52" type="Supporter" nite:id="tim_ES2008d_A.role.61"/>
    <role endtime="1007.76" starttime="987.24" type="Neutral" nite:id="tim_ES2008d_A.role.62"/>
    <role endtime="1009.12" starttime="1007.76" type="Supporter" nite:id="tim_ES2008d_A.role.63"/>
    <role endtime="1024.36" starttime="1009.12" type="Neutral" nite:id="tim_ES2008d_A.role.64"/>
    <role endtime="1025.12" starttime="1024.36" type="Supporter" nite:id="tim_ES2008d_A.role.65"/>
    <role endtime="1028.4" starttime="1025.12" type="Neutral" nite:id="tim_ES2008d_A.role.66"/>
    <role endtime="1042.8" starttime="1028.4" type="Supporter" nite:id="tim_ES2008d_A.role.67"/>
    <role endtime="1065.16" starttime="1042.8" type="Neutral" nite:id="tim_ES2008d_A.role.68"/>
    <role endtime="1067.4" starttime="1065.16" type="Supporter" nite:id="tim_ES2008d_A.role.69"/>
    <role endtime="1082.5" starttime="1067.4" type="Neutral" nite:id="tim_ES2008d_A.role.70"/>
    <role endtime="1084.0" starttime="1082.5" type="Supporter" nite:id="tim_ES2008d_A.role.71"/>
    <role endtime="1099.48" starttime="1084.0" type="Neutral" nite:id="tim_ES2008d_A.role.72"/>
    <role comment="Subtle nod, &quot;mm-hmm&quot;" endtime="1101.84" starttime="1099.48" type="Supporter" nite:id="tim_ES2008d_A.role.73"/>
    <role endtime="1107.5" starttime="1101.84" type="Neutral" nite:id="tim_ES2008d_A.role.74"/>
    <role endtime="1113.0" starttime="1107.5" type="Supporter" nite:id="tim_ES2008d_A.role.75"/>
    <role endtime="1120.84" starttime="1113.0" type="Neutral" nite:id="tim_ES2008d_A.role.76"/>
    <role endtime="1126.2" starttime="1120.84" type="Supporter" nite:id="tim_ES2008d_A.role.77"/>
    <role endtime="1149.5" starttime="1126.2" type="Neutral" nite:id="tim_ES2008d_A.role.78"/>
    <role endtime="1151.0" starttime="1149.5" type="Supporter" nite:id="tim_ES2008d_A.role.79"/>
    <role endtime="1155.56" starttime="1151.0" type="Neutral" nite:id="tim_ES2008d_A.role.80"/>
    <role endtime="1157.0" starttime="1155.56" type="Supporter" nite:id="tim_ES2008d_A.role.81"/>
    <role endtime="1189.5" starttime="1157.0" type="Neutral" nite:id="tim_ES2008d_A.role.82"/>
    <role endtime="1190.8" starttime="1189.5" type="Supporter" nite:id="tim_ES2008d_A.role.83"/>
    <role endtime="1193.62" starttime="1190.8" type="Neutral" nite:id="tim_ES2008d_A.role.84"/>
    <role endtime="1199.2" starttime="1193.62" type="Supporter" nite:id="tim_ES2008d_A.role.85"/>
    <role endtime="1207.08" starttime="1199.2" type="Neutral" nite:id="tim_ES2008d_A.role.86"/>
    <role endtime="1209.92" starttime="1207.08" type="Supporter" nite:id="tim_ES2008d_A.role.87"/>
    <role endtime="1221.0" starttime="1209.92" type="Neutral" nite:id="tim_ES2008d_A.role.88"/>
    <role endtime="1221.8" starttime="1221.0" type="Supporter" nite:id="tim_ES2008d_A.role.89"/>
    <role endtime="1238.24" starttime="1221.8" type="Neutral" nite:id="tim_ES2008d_A.role.90"/>
    <role endtime="1252.56" starttime="1238.24" type="Supporter" nite:id="tim_ES2008d_A.role.91"/>
    <role endtime="1256.2" starttime="1252.56" type="Neutral" nite:id="tim_ES2008d_A.role.92"/>
    <role endtime="1270.08" starttime="1256.2" type="Supporter" nite:id="tim_ES2008d_A.role.93"/>
    <role endtime="1278.08" starttime="1270.08" type="Neutral" nite:id="tim_ES2008d_A.role.94"/>
    <role comment="Moving to new topic; guiding discussion of topic; next topic" endtime="1311.5" starttime="1278.08" type="Protagonist" nite:id="tim_ES2008d_A.role.95"/>
    <role endtime="1336.68" starttime="1311.5" type="Gatekeeper" nite:id="tim_ES2008d_A.role.96"/>
    <role endtime="1355.16" starttime="1336.68" type="Neutral" nite:id="tim_ES2008d_A.role.97"/>
    <role endtime="1356.52" starttime="1355.16" type="Supporter" nite:id="tim_ES2008d_A.role.98"/>
    <role endtime="1359.2" starttime="1356.52" type="Neutral" nite:id="tim_ES2008d_A.role.99"/>
    <role endtime="1364.2" starttime="1359.2" type="Supporter" nite:id="tim_ES2008d_A.role.100"/>
    <role endtime="1370.12" starttime="1364.2" type="Neutral" nite:id="tim_ES2008d_A.role.101"/>
    <role endtime="1371.48" starttime="1370.12" type="Supporter" nite:id="tim_ES2008d_A.role.102"/>
    <role endtime="1378.88" starttime="1371.48" type="Neutral" nite:id="tim_ES2008d_A.role.103"/>
    <role endtime="1385.52" starttime="1378.88" type="Supporter" nite:id="tim_ES2008d_A.role.104"/>
    <role endtime="1390.76" starttime="1385.52" type="Neutral" nite:id="tim_ES2008d_A.role.105"/>
    <role endtime="1393.12" starttime="1390.76" type="Supporter" nite:id="tim_ES2008d_A.role.106"/>
    <role endtime="1394.48" starttime="1393.12" type="Neutral" nite:id="tim_ES2008d_A.role.107"/>
    <role endtime="1397.64" starttime="1394.48" type="Supporter" nite:id="tim_ES2008d_A.role.108"/>
    <role endtime="1404.48" starttime="1397.64" type="Gatekeeper" nite:id="tim_ES2008d_A.role.109"/>
    <role endtime="1406.54" starttime="1404.48" type="Neutral" nite:id="tim_ES2008d_A.role.110"/>
    <role endtime="1407.76" starttime="1406.54" type="Gatekeeper" nite:id="tim_ES2008d_A.role.111"/>
    <role endtime="1415.5" starttime="1407.76" type="Neutral" nite:id="tim_ES2008d_A.role.112"/>
    <role endtime="1423.64" starttime="1415.5" type="Supporter" nite:id="tim_ES2008d_A.role.113"/>
    <role endtime="1426.62" starttime="1423.64" type="Neutral" nite:id="tim_ES2008d_A.role.114"/>
    <role endtime="1440.96" starttime="1426.62" type="Supporter" nite:id="tim_ES2008d_A.role.115"/>
    <role endtime="1444.16" starttime="1440.96" type="Neutral" nite:id="tim_ES2008d_A.role.116"/>
    <role endtime="1450.88" starttime="1444.16" type="Supporter" nite:id="tim_ES2008d_A.role.117"/>
    <role endtime="1452.24" starttime="1450.88" type="Neutral" nite:id="tim_ES2008d_A.role.118"/>
    <role endtime="1455.68" starttime="1452.24" type="Supporter" nite:id="tim_ES2008d_A.role.119"/>
    <role endtime="1459.58" starttime="1455.68" type="Neutral" nite:id="tim_ES2008d_A.role.120"/>
    <role endtime="1463.88" starttime="1459.58" type="Supporter" nite:id="tim_ES2008d_A.role.121"/>
    <role endtime="1471.6" starttime="1463.88" type="Neutral" nite:id="tim_ES2008d_A.role.122"/>
    <role endtime="1477.24" starttime="1471.6" type="Supporter" nite:id="tim_ES2008d_A.role.123"/>
    <role endtime="1481.44" starttime="1477.24" type="Neutral" nite:id="tim_ES2008d_A.role.124"/>
    <role endtime="1485.36" starttime="1481.44" type="Supporter" nite:id="tim_ES2008d_A.role.125"/>
    <role endtime="1487.08" starttime="1485.36" type="Neutral" nite:id="tim_ES2008d_A.role.126"/>
    <role endtime="1492.24" starttime="1487.08" type="Supporter" nite:id="tim_ES2008d_A.role.127"/>
    <role endtime="1497.48" starttime="1492.24" type="Neutral" nite:id="tim_ES2008d_A.role.128"/>
    <role endtime="1498.72" starttime="1497.48" type="Supporter" nite:id="tim_ES2008d_A.role.129"/>
    <role endtime="1504.52" starttime="1498.72" type="Neutral" nite:id="tim_ES2008d_A.role.130"/>
    <role endtime="1523.56" starttime="1504.52" type="Protagonist" nite:id="tim_ES2008d_A.role.131"/>
    <role endtime="1532.64" starttime="1523.56" type="Neutral" nite:id="tim_ES2008d_A.role.132"/>
    <role endtime="1533.92" starttime="1532.64" type="Supporter" nite:id="tim_ES2008d_A.role.133"/>
    <role endtime="1534.5" starttime="1533.92" type="Neutral" nite:id="tim_ES2008d_A.role.134"/>
    <role endtime="1538.8" starttime="1534.5" type="Supporter" nite:id="tim_ES2008d_A.role.135"/>
    <role endtime="1542.92" starttime="1538.8" type="Neutral" nite:id="tim_ES2008d_A.role.136"/>
    <role endtime="1601.24" starttime="1542.92" type="Protagonist" nite:id="tim_ES2008d_A.role.137"/>
    <role endtime="1681.72" starttime="1601.24" type="Neutral" nite:id="tim_ES2008d_A.role.138"/>
    <role endtime="1702.48" starttime="1681.72" type="Supporter" nite:id="tim_ES2008d_A.role.139"/>
    <role endtime="1714.22" starttime="1702.48" type="Neutral" nite:id="tim_ES2008d_A.role.140"/>
    <role endtime="1716.92" starttime="1714.22" type="Supporter" nite:id="tim_ES2008d_A.role.141"/>
    <role endtime="1731.0" starttime="1716.92" type="Neutral" nite:id="tim_ES2008d_A.role.142"/>
    <role endtime="1731.92" starttime="1731.0" type="Supporter" nite:id="tim_ES2008d_A.role.143"/>
    <role endtime="1733.78" starttime="1731.92" type="Neutral" nite:id="tim_ES2008d_A.role.144"/>
    <role endtime="1737.6" starttime="1733.78" type="Supporter" nite:id="tim_ES2008d_A.role.145"/>
    <role endtime="1740.48" starttime="1737.6" type="Neutral" nite:id="tim_ES2008d_A.role.146"/>
    <role endtime="1746.64" starttime="1740.48" type="Supporter" nite:id="tim_ES2008d_A.role.147"/>
    <role endtime="1749.78" starttime="1746.64" type="Neutral" nite:id="tim_ES2008d_A.role.148"/>
    <role endtime="1780.88" starttime="1749.78" type="Protagonist" nite:id="tim_ES2008d_A.role.149"/>
    <role comment="Meeting done; now just supporting social interactions, team atmosphere" endtime="1844.32" starttime="1780.88" type="Supporter" nite:id="tim_ES2008d_A.role.150"/>
    <role endtime="1848.0" starttime="1844.32" type="Neutral" nite:id="tim_ES2008d_A.role.151"/>
    <role endtime="1851.0" starttime="1848.0" type="Supporter" nite:id="tim_ES2008d_A.role.152"/>
    <role endtime="1857.68" starttime="1851.0" type="Neutral" nite:id="tim_ES2008d_A.role.153"/>
    <role endtime="1877.72" starttime="1857.68" type="Supporter" nite:id="tim_ES2008d_A.role.154"/>
    <role endtime="1880.96" starttime="1877.72" type="Neutral" nite:id="tim_ES2008d_A.role.155"/>
    <role endtime="1891.6" starttime="1880.96" type="Supporter" nite:id="tim_ES2008d_A.role.156"/>
    <role endtime="1896.94" starttime="1891.6" type="Neutral" nite:id="tim_ES2008d_A.role.157"/>
    <role endtime="1907.88" starttime="1896.94" type="Supporter" nite:id="tim_ES2008d_A.role.158"/>
    <role endtime="1912.58" starttime="1907.88" type="Neutral" nite:id="tim_ES2008d_A.role.159"/>
    <role endtime="1914.4" starttime="1912.58" type="Supporter" nite:id="tim_ES2008d_A.role.160"/>
    <role endtime="1922.82" starttime="1914.4" type="Neutral" nite:id="tim_ES2008d_A.role.161"/>
    <role endtime="1927.08" starttime="1922.82" type="Supporter" nite:id="tim_ES2008d_A.role.162"/>
    <role endtime="1936.38" starttime="1927.08" type="Neutral" nite:id="tim_ES2008d_A.role.163"/>
    <role endtime="1937.6" starttime="1936.38" type="Supporter" nite:id="tim_ES2008d_A.role.164"/>
    <role endtime="1976.9" starttime="1937.6" type="Neutral" nite:id="tim_ES2008d_A.role.165"/>
    <role endtime="1987.36" starttime="1976.9" type="Supporter" nite:id="tim_ES2008d_A.role.166"/>
    <role endtime="1991.04" starttime="1987.36" type="Neutral" nite:id="tim_ES2008d_A.role.167"/>
    <role endtime="1998.64" starttime="1991.04" type="Supporter" nite:id="tim_ES2008d_A.role.168"/>
    <role endtime="2005.0" starttime="1998.64" type="Neutral" nite:id="tim_ES2008d_A.role.169"/>
    <role endtime="2005.66" starttime="2005.0" type="Supporter" nite:id="tim_ES2008d_A.role.170"/>
    <role endtime="2016.76" starttime="2005.66" type="Neutral" nite:id="tim_ES2008d_A.role.171"/>
    <role endtime="2017.64" starttime="2016.76" type="Supporter" nite:id="tim_ES2008d_A.role.172"/>
    <role endtime="2020.0" starttime="2017.64" type="Neutral" nite:id="tim_ES2008d_A.role.173"/>
    <role endtime="2028.04" starttime="2020.0" type="Supporter" nite:id="tim_ES2008d_A.role.174"/>
    <role endtime="2049.04" starttime="2028.04" type="Neutral" nite:id="tim_ES2008d_A.role.175"/>
    <role comment="Managing discussion of group dynamic" endtime="2056.96" starttime="2049.04" type="Gatekeeper" nite:id="tim_ES2008d_A.role.176"/>
    <role endtime="2065.82" starttime="2056.96" type="Neutral" nite:id="tim_ES2008d_A.role.177"/>
    <role endtime="2066.8" starttime="2065.82" type="Supporter" nite:id="tim_ES2008d_A.role.178"/>
    <role endtime="2075.16" starttime="2066.8" type="Neutral" nite:id="tim_ES2008d_A.role.179"/>
    <role endtime="2080.44" starttime="2075.16" type="Supporter" nite:id="tim_ES2008d_A.role.180"/>
    <role endtime="2086.76" starttime="2080.44" type="Neutral" nite:id="tim_ES2008d_A.role.181"/>
    <role endtime="2087.64" starttime="2086.76" type="Supporter" nite:id="tim_ES2008d_A.role.182"/>
    <role endtime="2092.56" starttime="2087.64" type="Neutral" nite:id="tim_ES2008d_A.role.183"/>
    <role comment="Goofy, supporting group cohesion" endtime="2100.72" starttime="2092.56" type="Supporter" nite:id="tim_ES2008d_A.role.184"/>
    <role endtime="2109.78" starttime="2100.72" type="Neutral" nite:id="tim_ES2008d_A.role.185"/>
    <role endtime="2110.6" starttime="2109.78" type="Supporter" nite:id="tim_ES2008d_A.role.186"/>
    <role endtime="2122.06" starttime="2110.6" type="Neutral" nite:id="tim_ES2008d_A.role.187"/>
    <role endtime="2123.08" starttime="2122.06" type="Supporter" nite:id="tim_ES2008d_A.role.188"/>
    <role endtime="2138.38" starttime="2123.08" type="Neutral" nite:id="tim_ES2008d_A.role.189"/>
    <role endtime="2139.32" starttime="2138.38" type="Supporter" nite:id="tim_ES2008d_A.role.190"/>
    <role endtime="2147.88" starttime="2139.32" type="Neutral" nite:id="tim_ES2008d_A.role.191"/>
    <role endtime="2149.24" starttime="2147.88" type="Supporter" nite:id="tim_ES2008d_A.role.192"/>
    <role endtime="2153.1" starttime="2149.24" type="Neutral" nite:id="tim_ES2008d_A.role.193"/>
    <role endtime="2172.8" starttime="2153.1" type="Supporter" nite:id="tim_ES2008d_A.role.194"/>
    <role endtime="2188.0" starttime="2172.8" type="Neutral" nite:id="tim_ES2008d_A.role.195"/>
    <role endtime="2201.48" starttime="2188.0" type="Supporter" nite:id="tim_ES2008d_A.role.196"/>
    <role endtime="2205.3" starttime="2201.48" type="Neutral" nite:id="tim_ES2008d_A.role.197"/>
    <role endtime="2212.96" starttime="2205.3" type="Protagonist" nite:id="tim_ES2008d_A.role.198"/>
    <role endtime="2218.28" starttime="2212.96" type="Neutral" nite:id="tim_ES2008d_A.role.199"/>
    <role endtime="2220.68" starttime="2218.28" type="Supporter" nite:id="tim_ES2008d_A.role.200"/>
    <role endtime="2226.72" starttime="2220.68" type="Neutral" nite:id="tim_ES2008d_A.role.201"/>
    <role endtime="2227.72" starttime="2226.72" type="Supporter" nite:id="tim_ES2008d_A.role.202"/>
    <role endtime="2233.48" starttime="2227.72" type="Neutral" nite:id="tim_ES2008d_A.role.203"/>
    <role endtime="2235.6" starttime="2233.48" type="Supporter" nite:id="tim_ES2008d_A.role.204"/>
    <role endtime="2237.42" starttime="2235.6" type="Neutral" nite:id="tim_ES2008d_A.role.205"/>
    <role endtime="2240.14" starttime="2237.42" type="Supporter" nite:id="tim_ES2008d_A.role.206"/>
    <role endtime="2244.88" starttime="2240.14" type="Neutral" nite:id="tim_ES2008d_A.role.207"/>
    <role endtime="2270.68" starttime="2244.88" type="Supporter" nite:id="tim_ES2008d_A.role.208"/>
    <role endtime="2283.26" starttime="2270.68" type="Neutral" nite:id="tim_ES2008d_A.role.209"/>
    <role endtime="2284.28" starttime="2283.26" type="Supporter" nite:id="tim_ES2008d_A.role.210"/>
    <role endtime="2301.06" starttime="2284.28" type="Neutral" nite:id="tim_ES2008d_A.role.211"/>
    <role endtime="2303.96" starttime="2301.06" type="Supporter" nite:id="tim_ES2008d_A.role.212"/>
    <role endtime="2316.74" starttime="2303.96" type="Neutral" nite:id="tim_ES2008d_A.role.213"/>
    <role endtime="2319.32" starttime="2316.74" type="Supporter" nite:id="tim_ES2008d_A.role.214"/>
    <role endtime="2324.0" starttime="2319.32" type="Neutral" nite:id="tim_ES2008d_A.role.215"/>
    <role endtime="2327.8" starttime="2324.0" type="Supporter" nite:id="tim_ES2008d_A.role.216"/>
    <role endtime="2333.96" starttime="2327.8" type="Neutral" nite:id="tim_ES2008d_A.role.217"/>
    <role endtime="2334.96" starttime="2333.96" type="Supporter" nite:id="tim_ES2008d_A.role.218"/>
    <role endtime="2339.18" starttime="2334.96" type="Neutral" nite:id="tim_ES2008d_A.role.219"/>
    <role endtime="2341.12" starttime="2339.18" type="Supporter" nite:id="tim_ES2008d_A.role.220"/>
    <role endtime="2345.9" starttime="2341.12" type="Neutral" nite:id="tim_ES2008d_A.role.221"/>
    <role endtime="2346.46" starttime="2345.9" type="Supporter" nite:id="tim_ES2008d_A.role.222"/>
    <role endtime="2376.36" starttime="2346.46" type="Neutral" nite:id="tim_ES2008d_A.role.223"/>
    <role endtime="2394.2" starttime="2376.36" type="Supporter" nite:id="tim_ES2008d_A.role.224"/>
    <role endtime="2401.1" starttime="2394.2" type="Neutral" nite:id="tim_ES2008d_A.role.225"/>
    <role endtime="2407.52" starttime="2401.1" type="Supporter" nite:id="tim_ES2008d_A.role.226"/>
    <role endtime="2420.02" starttime="2407.52" type="Neutral" nite:id="tim_ES2008d_A.role.227"/>
    <role endtime="2435.96" starttime="2420.02" type="Protagonist" nite:id="tim_ES2008d_A.role.228"/>
    <role endtime="2441.82" starttime="2435.96" type="Neutral" nite:id="tim_ES2008d_A.role.229"/>
    <role endtime="2445.68" starttime="2441.82" type="Supporter" nite:id="tim_ES2008d_A.role.230"/>
    <role endtime="2450.12" starttime="2445.68" type="Neutral" nite:id="tim_ES2008d_A.role.231"/>
    <role endtime="2457.2" starttime="2450.12" type="Supporter" nite:id="tim_ES2008d_A.role.232"/>
    <role endtime="2466.0" starttime="2457.2" type="Neutral" nite:id="tim_ES2008d_A.role.233"/>
    <role endtime="2483.08" starttime="2466.0" type="Protagonist" nite:id="tim_ES2008d_A.role.234"/>
    <role endtime="2501.72" starttime="2483.08" type="Neutral" nite:id="tim_ES2008d_A.role.235"/>
    <role endtime="2505.76" starttime="2501.72" type="Supporter" nite:id="tim_ES2008d_A.role.236"/>
    <role endtime="2509.38" starttime="2505.76" type="Neutral" nite:id="tim_ES2008d_A.role.237"/>
    <role endtime="2512.84" starttime="2509.38" type="Supporter" nite:id="tim_ES2008d_A.role.238"/>
    <role endtime="2519.64" starttime="2512.84" type="Neutral" nite:id="tim_ES2008d_A.role.239"/>
    <role endtime="2528.08" starttime="2519.64" type="Supporter" nite:id="tim_ES2008d_A.role.240"/>
    <role endtime="2532.8" starttime="2528.08" type="Neutral" nite:id="tim_ES2008d_A.role.241"/>
    <role endtime="2536.2" starttime="2532.8" type="Supporter" nite:id="tim_ES2008d_A.role.242"/>
    <role endtime="2541.68" starttime="2536.2" type="Neutral" nite:id="tim_ES2008d_A.role.243"/>
    <role endtime="2555.48" starttime="2541.68" type="Supporter" nite:id="tim_ES2008d_A.role.244"/>
    <role endtime="2570.7" starttime="2555.48" type="Neutral" nite:id="tim_ES2008d_A.role.245"/>
    <role endtime="2572.52" starttime="2570.7" type="Supporter" nite:id="tim_ES2008d_A.role.246"/>
    <role endtime="2585.48" starttime="2572.52" type="Neutral" nite:id="tim_ES2008d_A.role.247"/>
    <role endtime="2590.8" starttime="2585.48" type="Supporter" nite:id="tim_ES2008d_A.role.248"/>
    <role endtime="2594.22" starttime="2590.8" type="Neutral" nite:id="tim_ES2008d_A.role.249"/>
    <role endtime="2596.72" starttime="2594.22" type="Supporter" nite:id="tim_ES2008d_A.role.250"/>
    <role endtime="2601.78" starttime="2596.72" type="Neutral" nite:id="tim_ES2008d_A.role.251"/>
    <role endtime="2605.12" starttime="2601.78" type="Supporter" nite:id="tim_ES2008d_A.role.252"/>
    <role endtime="2641.0" starttime="2605.12" type="Neutral" nite:id="tim_ES2008d_A.role.253"/>
</nite:root>
