<?xml version="1.0" encoding="UTF-8"?>
<nite:root xmlns:nite="http://nite.sourceforge.net/" nite:id="tim_ES2002d_B.nite:root.1">
    <role endtime="2.4" starttime="0.0" type="Neutral" nite:id="tim_ES2002d_B.role.1"/>
    <role endtime="57.86" starttime="2.4" type="Protagonist" nite:id="tim_ES2002d_B.role.2"/>
    <role endtime="69.48" starttime="57.86" type="Gatekeeper" nite:id="tim_ES2002d_B.role.3"/>
    <role endtime="76.7" starttime="69.48" type="Neutral" nite:id="tim_ES2002d_B.role.4"/>
    <role endtime="77.76" starttime="76.7" type="Supporter" nite:id="tim_ES2002d_B.role.5"/>
    <role endtime="79.36" starttime="77.76" type="Neutral" nite:id="tim_ES2002d_B.role.6"/>
    <role endtime="80.4" starttime="79.36" type="Supporter" nite:id="tim_ES2002d_B.role.7"/>
    <role endtime="84.66" starttime="80.4" type="Neutral" nite:id="tim_ES2002d_B.role.8"/>
    <role endtime="85.68" starttime="84.66" type="Supporter" nite:id="tim_ES2002d_B.role.9"/>
    <role endtime="115.68" starttime="85.68" type="Neutral" nite:id="tim_ES2002d_B.role.10"/>
    <role endtime="118.0" starttime="115.68" type="Gatekeeper" nite:id="tim_ES2002d_B.role.11"/>
    <role endtime="136.3" starttime="118.0" type="Neutral" nite:id="tim_ES2002d_B.role.12"/>
    <role endtime="138.58" starttime="136.3" type="Supporter" nite:id="tim_ES2002d_B.role.13"/>
    <role endtime="146.08" starttime="138.58" type="Neutral" nite:id="tim_ES2002d_B.role.14"/>
    <role endtime="148.14" starttime="146.08" type="Supporter" nite:id="tim_ES2002d_B.role.15"/>
    <role endtime="151.06" starttime="148.14" type="Neutral" nite:id="tim_ES2002d_B.role.16"/>
    <role endtime="153.3" starttime="151.06" type="Gatekeeper" nite:id="tim_ES2002d_B.role.17"/>
    <role endtime="157.26" starttime="153.3" type="Neutral" nite:id="tim_ES2002d_B.role.18"/>
    <role endtime="158.76" starttime="157.26" type="Supporter" nite:id="tim_ES2002d_B.role.19"/>
    <role endtime="163.9" starttime="158.76" type="Neutral" nite:id="tim_ES2002d_B.role.20"/>
    <role endtime="164.84" starttime="163.9" type="Supporter" nite:id="tim_ES2002d_B.role.21"/>
    <role endtime="171.38" starttime="164.84" type="Neutral" nite:id="tim_ES2002d_B.role.22"/>
    <role endtime="171.7" starttime="171.38" type="Supporter" nite:id="tim_ES2002d_B.role.23"/>
    <role endtime="176.4" starttime="171.7" type="Neutral" nite:id="tim_ES2002d_B.role.24"/>
    <role endtime="182.4" starttime="176.4" type="Gatekeeper" nite:id="tim_ES2002d_B.role.25"/>
    <role endtime="185.22" starttime="182.4" type="Neutral" nite:id="tim_ES2002d_B.role.26"/>
    <role endtime="185.86" starttime="185.22" type="Supporter" nite:id="tim_ES2002d_B.role.27"/>
    <role endtime="202.8" starttime="185.86" type="Neutral" nite:id="tim_ES2002d_B.role.28"/>
    <role endtime="215.68" starttime="202.8" type="Supporter" nite:id="tim_ES2002d_B.role.29"/>
    <role endtime="220.46" starttime="215.68" type="Neutral" nite:id="tim_ES2002d_B.role.30"/>
    <role endtime="226.84" starttime="220.46" type="Supporter" nite:id="tim_ES2002d_B.role.31"/>
    <role endtime="240.56" starttime="226.84" type="Neutral" nite:id="tim_ES2002d_B.role.32"/>
    <role endtime="246.32" starttime="240.56" type="Gatekeeper" nite:id="tim_ES2002d_B.role.33"/>
    <role endtime="261.9" starttime="246.32" type="Neutral" nite:id="tim_ES2002d_B.role.34"/>
    <role endtime="262.36" starttime="261.9" type="Supporter" nite:id="tim_ES2002d_B.role.35"/>
    <role endtime="264.22" starttime="262.36" type="Neutral" nite:id="tim_ES2002d_B.role.36"/>
    <role endtime="264.68" starttime="264.22" type="Supporter" nite:id="tim_ES2002d_B.role.37"/>
    <role endtime="265.5" starttime="264.68" type="Neutral" nite:id="tim_ES2002d_B.role.38"/>
    <role endtime="266.9" starttime="265.5" type="Supporter" nite:id="tim_ES2002d_B.role.39"/>
    <role endtime="272.62" starttime="266.9" type="Neutral" nite:id="tim_ES2002d_B.role.40"/>
    <role endtime="273.14" starttime="272.62" type="Supporter" nite:id="tim_ES2002d_B.role.41"/>
    <role endtime="277.18" starttime="273.14" type="Neutral" nite:id="tim_ES2002d_B.role.42"/>
    <role endtime="279.58" starttime="277.18" type="Supporter" nite:id="tim_ES2002d_B.role.43"/>
    <role endtime="284.14" starttime="279.58" type="Neutral" nite:id="tim_ES2002d_B.role.44"/>
    <role endtime="288.82" starttime="284.14" type="Supporter" nite:id="tim_ES2002d_B.role.45"/>
    <role endtime="292.08" starttime="288.82" type="Gatekeeper" nite:id="tim_ES2002d_B.role.46"/>
    <role endtime="294.3" starttime="292.08" type="Neutral" nite:id="tim_ES2002d_B.role.47"/>
    <role endtime="294.7" starttime="294.3" type="Supporter" nite:id="tim_ES2002d_B.role.48"/>
    <role endtime="307.84" starttime="294.7" type="Neutral" nite:id="tim_ES2002d_B.role.49"/>
    <role endtime="309.92" starttime="307.84" type="Supporter" nite:id="tim_ES2002d_B.role.50"/>
    <role endtime="311.92" starttime="309.92" type="Neutral" nite:id="tim_ES2002d_B.role.51"/>
    <role endtime="313.66" starttime="311.92" type="Gatekeeper" nite:id="tim_ES2002d_B.role.52"/>
    <role endtime="318.74" starttime="313.66" type="Neutral" nite:id="tim_ES2002d_B.role.53"/>
    <role endtime="323.44" starttime="318.74" type="Supporter" nite:id="tim_ES2002d_B.role.54"/>
    <role endtime="324.24" starttime="323.44" type="Gatekeeper" nite:id="tim_ES2002d_B.role.55"/>
    <role endtime="330.54" starttime="324.24" type="Neutral" nite:id="tim_ES2002d_B.role.56"/>
    <role endtime="332.26" starttime="330.54" type="Gatekeeper" nite:id="tim_ES2002d_B.role.57"/>
    <role endtime="337.98" starttime="332.26" type="Neutral" nite:id="tim_ES2002d_B.role.58"/>
    <role endtime="338.58" starttime="337.98" type="Supporter" nite:id="tim_ES2002d_B.role.59"/>
    <role endtime="341.98" starttime="338.58" type="Neutral" nite:id="tim_ES2002d_B.role.60"/>
    <role endtime="344.42" starttime="341.98" type="Supporter" nite:id="tim_ES2002d_B.role.61"/>
    <role endtime="349.3" starttime="344.42" type="Neutral" nite:id="tim_ES2002d_B.role.62"/>
    <role endtime="351.22" starttime="349.3" type="Supporter" nite:id="tim_ES2002d_B.role.63"/>
    <role endtime="354.66" starttime="351.22" type="Neutral" nite:id="tim_ES2002d_B.role.64"/>
    <role endtime="355.48" starttime="354.66" type="Supporter" nite:id="tim_ES2002d_B.role.65"/>
    <role endtime="359.98" starttime="355.48" type="Neutral" nite:id="tim_ES2002d_B.role.66"/>
    <role endtime="364.82" starttime="359.98" type="Gatekeeper" nite:id="tim_ES2002d_B.role.67"/>
    <role endtime="378.46" starttime="364.82" type="Neutral" nite:id="tim_ES2002d_B.role.68"/>
    <role endtime="378.9" starttime="378.46" type="Supporter" nite:id="tim_ES2002d_B.role.69"/>
    <role endtime="388.66" starttime="378.9" type="Neutral" nite:id="tim_ES2002d_B.role.70"/>
    <role endtime="389.12" starttime="388.66" type="Supporter" nite:id="tim_ES2002d_B.role.71"/>
    <role endtime="389.94" starttime="389.12" type="Neutral" nite:id="tim_ES2002d_B.role.72"/>
    <role endtime="397.04" starttime="389.94" type="Gatekeeper" nite:id="tim_ES2002d_B.role.73"/>
    <role endtime="417.36" starttime="397.04" type="Protagonist" nite:id="tim_ES2002d_B.role.74"/>
    <role endtime="428.32" starttime="417.36" type="Gatekeeper" nite:id="tim_ES2002d_B.role.75"/>
    <role endtime="430.96" starttime="428.32" type="Neutral" nite:id="tim_ES2002d_B.role.76"/>
    <role endtime="437.56" starttime="430.96" type="Gatekeeper" nite:id="tim_ES2002d_B.role.77"/>
    <role endtime="449.06" starttime="437.56" type="Neutral" nite:id="tim_ES2002d_B.role.78"/>
    <role endtime="453.04" starttime="449.06" type="Gatekeeper" nite:id="tim_ES2002d_B.role.79"/>
    <role endtime="456.72" starttime="453.04" type="Neutral" nite:id="tim_ES2002d_B.role.80"/>
    <role endtime="459.2" starttime="456.72" type="Gatekeeper" nite:id="tim_ES2002d_B.role.81"/>
    <role endtime="464.18" starttime="459.2" type="Neutral" nite:id="tim_ES2002d_B.role.82"/>
    <role endtime="466.5" starttime="464.18" type="Gatekeeper" nite:id="tim_ES2002d_B.role.83"/>
    <role endtime="467.4" starttime="466.5" type="Neutral" nite:id="tim_ES2002d_B.role.84"/>
    <role endtime="469.32" starttime="467.4" type="Supporter" nite:id="tim_ES2002d_B.role.85"/>
    <role endtime="475.76" starttime="469.32" type="Gatekeeper" nite:id="tim_ES2002d_B.role.86"/>
    <role endtime="479.22" starttime="475.76" type="Neutral" nite:id="tim_ES2002d_B.role.87"/>
    <role endtime="480.08" starttime="479.22" type="Supporter" nite:id="tim_ES2002d_B.role.88"/>
    <role endtime="482.04" starttime="480.08" type="Neutral" nite:id="tim_ES2002d_B.role.89"/>
    <role endtime="487.36" starttime="482.04" type="Gatekeeper" nite:id="tim_ES2002d_B.role.90"/>
    <role endtime="489.98" starttime="487.36" type="Neutral" nite:id="tim_ES2002d_B.role.91"/>
    <role endtime="491.56" starttime="489.98" type="Supporter" nite:id="tim_ES2002d_B.role.92"/>
    <role endtime="496.64" starttime="491.56" type="Gatekeeper" nite:id="tim_ES2002d_B.role.93"/>
    <role endtime="502.68" starttime="496.64" type="Neutral" nite:id="tim_ES2002d_B.role.94"/>
    <role endtime="506.7" starttime="502.68" type="Gatekeeper" nite:id="tim_ES2002d_B.role.95"/>
    <role endtime="509.3" starttime="506.7" type="Neutral" nite:id="tim_ES2002d_B.role.96"/>
    <role endtime="510.24" starttime="509.3" type="Supporter" nite:id="tim_ES2002d_B.role.97"/>
    <role endtime="512.7" starttime="510.24" type="Neutral" nite:id="tim_ES2002d_B.role.98"/>
    <role endtime="513.22" starttime="512.7" type="Supporter" nite:id="tim_ES2002d_B.role.99"/>
    <role endtime="516.58" starttime="513.22" type="Neutral" nite:id="tim_ES2002d_B.role.100"/>
    <role endtime="517.52" starttime="516.58" type="Supporter" nite:id="tim_ES2002d_B.role.101"/>
    <role endtime="523.58" starttime="517.52" type="Neutral" nite:id="tim_ES2002d_B.role.102"/>
    <role endtime="524.72" starttime="523.58" type="Supporter" nite:id="tim_ES2002d_B.role.103"/>
    <role endtime="528.84" starttime="524.72" type="Gatekeeper" nite:id="tim_ES2002d_B.role.104"/>
    <role endtime="532.24" starttime="528.84" type="Neutral" nite:id="tim_ES2002d_B.role.105"/>
    <role endtime="533.88" starttime="532.24" type="Supporter" nite:id="tim_ES2002d_B.role.106"/>
    <role endtime="534.18" starttime="533.88" type="Neutral" nite:id="tim_ES2002d_B.role.107"/>
    <role endtime="535.76" starttime="534.18" type="Gatekeeper" nite:id="tim_ES2002d_B.role.108"/>
    <role endtime="536.54" starttime="535.76" type="Neutral" nite:id="tim_ES2002d_B.role.109"/>
    <role endtime="545.16" starttime="536.54" type="Gatekeeper" nite:id="tim_ES2002d_B.role.110"/>
    <role endtime="554.74" starttime="545.16" type="Protagonist" nite:id="tim_ES2002d_B.role.111"/>
    <role endtime="558.84" starttime="554.74" type="Neutral" nite:id="tim_ES2002d_B.role.112"/>
    <role endtime="574.46" starttime="558.84" type="Supporter" nite:id="tim_ES2002d_B.role.113"/>
    <role endtime="578.64" starttime="574.46" type="Neutral" nite:id="tim_ES2002d_B.role.114"/>
    <role endtime="579.66" starttime="578.64" type="Supporter" nite:id="tim_ES2002d_B.role.115"/>
    <role endtime="580.16" starttime="579.66" type="Neutral" nite:id="tim_ES2002d_B.role.116"/>
    <role endtime="583.32" starttime="580.16" type="Supporter" nite:id="tim_ES2002d_B.role.117"/>
    <role endtime="602.68" starttime="583.32" type="Neutral" nite:id="tim_ES2002d_B.role.118"/>
    <role endtime="603.98" starttime="602.68" type="Supporter" nite:id="tim_ES2002d_B.role.119"/>
    <role endtime="605.78" starttime="603.98" type="Neutral" nite:id="tim_ES2002d_B.role.120"/>
    <role endtime="610.78" starttime="605.78" type="Gatekeeper" nite:id="tim_ES2002d_B.role.121"/>
    <role endtime="614.84" starttime="610.78" type="Neutral" nite:id="tim_ES2002d_B.role.122"/>
    <role endtime="618.12" starttime="614.84" type="Gatekeeper" nite:id="tim_ES2002d_B.role.123"/>
    <role endtime="621.98" starttime="618.12" type="Neutral" nite:id="tim_ES2002d_B.role.124"/>
    <role endtime="622.18" starttime="621.98" type="Supporter" nite:id="tim_ES2002d_B.role.125"/>
    <role endtime="623.7" starttime="622.18" type="Neutral" nite:id="tim_ES2002d_B.role.126"/>
    <role endtime="626.48" starttime="623.7" type="Supporter" nite:id="tim_ES2002d_B.role.127"/>
    <role endtime="631.92" starttime="626.48" type="Gatekeeper" nite:id="tim_ES2002d_B.role.128"/>
    <role endtime="633.66" starttime="631.92" type="Neutral" nite:id="tim_ES2002d_B.role.129"/>
    <role endtime="634.54" starttime="633.66" type="Supporter" nite:id="tim_ES2002d_B.role.130"/>
    <role endtime="637.78" starttime="634.54" type="Neutral" nite:id="tim_ES2002d_B.role.131"/>
    <role endtime="638.26" starttime="637.78" type="Supporter" nite:id="tim_ES2002d_B.role.132"/>
    <role endtime="641.74" starttime="638.26" type="Neutral" nite:id="tim_ES2002d_B.role.133"/>
    <role endtime="642.64" starttime="641.74" type="Supporter" nite:id="tim_ES2002d_B.role.134"/>
    <role endtime="649.34" starttime="642.64" type="Neutral" nite:id="tim_ES2002d_B.role.135"/>
    <role endtime="654.8" starttime="649.34" type="Gatekeeper" nite:id="tim_ES2002d_B.role.136"/>
    <role endtime="663.74" starttime="654.8" type="Neutral" nite:id="tim_ES2002d_B.role.137"/>
    <role endtime="672.26" starttime="663.74" type="Protagonist" nite:id="tim_ES2002d_B.role.138"/>
    <role endtime="673.84" starttime="672.26" type="Supporter" nite:id="tim_ES2002d_B.role.139"/>
    <role endtime="679.34" starttime="673.84" type="Neutral" nite:id="tim_ES2002d_B.role.140"/>
    <role endtime="684.3" starttime="679.34" type="Gatekeeper" nite:id="tim_ES2002d_B.role.141"/>
    <role endtime="686.26" starttime="684.3" type="Neutral" nite:id="tim_ES2002d_B.role.142"/>
    <role endtime="687.98" starttime="686.26" type="Supporter" nite:id="tim_ES2002d_B.role.143"/>
    <role endtime="690.22" starttime="687.98" type="Neutral" nite:id="tim_ES2002d_B.role.144"/>
    <role endtime="691.12" starttime="690.22" type="Supporter" nite:id="tim_ES2002d_B.role.145"/>
    <role endtime="701.66" starttime="691.12" type="Neutral" nite:id="tim_ES2002d_B.role.146"/>
    <role endtime="703.04" starttime="701.66" type="Supporter" nite:id="tim_ES2002d_B.role.147"/>
    <role endtime="704.82" starttime="703.04" type="Neutral" nite:id="tim_ES2002d_B.role.148"/>
    <role endtime="719.78" starttime="704.82" type="Protagonist" nite:id="tim_ES2002d_B.role.149"/>
    <role endtime="720.74" starttime="719.78" type="Supporter" nite:id="tim_ES2002d_B.role.150"/>
    <role endtime="724.58" starttime="720.74" type="Neutral" nite:id="tim_ES2002d_B.role.151"/>
    <role endtime="725.88" starttime="724.58" type="Supporter" nite:id="tim_ES2002d_B.role.152"/>
    <role endtime="727.54" starttime="725.88" type="Neutral" nite:id="tim_ES2002d_B.role.153"/>
    <role endtime="728.38" starttime="727.54" type="Supporter" nite:id="tim_ES2002d_B.role.154"/>
    <role endtime="730.2" starttime="728.38" type="Neutral" nite:id="tim_ES2002d_B.role.155"/>
    <role endtime="734.24" starttime="730.2" type="Gatekeeper" nite:id="tim_ES2002d_B.role.156"/>
    <role endtime="735.34" starttime="734.24" type="Neutral" nite:id="tim_ES2002d_B.role.157"/>
    <role endtime="736.08" starttime="735.34" type="Supporter" nite:id="tim_ES2002d_B.role.158"/>
    <role endtime="736.66" starttime="736.08" type="Neutral" nite:id="tim_ES2002d_B.role.159"/>
    <role endtime="737.4" starttime="736.66" type="Supporter" nite:id="tim_ES2002d_B.role.160"/>
    <role endtime="737.46" starttime="737.4" type="Neutral" nite:id="tim_ES2002d_B.role.161"/>
    <role endtime="751.12" starttime="737.46" type="Protagonist" nite:id="tim_ES2002d_B.role.162"/>
    <role endtime="784.18" starttime="751.12" type="Neutral" nite:id="tim_ES2002d_B.role.163"/>
    <role endtime="785.32" starttime="784.18" type="Supporter" nite:id="tim_ES2002d_B.role.164"/>
    <role endtime="792.12" starttime="785.32" type="Gatekeeper" nite:id="tim_ES2002d_B.role.165"/>
    <role endtime="792.94" starttime="792.12" type="Neutral" nite:id="tim_ES2002d_B.role.166"/>
    <role endtime="797.24" starttime="792.94" type="Gatekeeper" nite:id="tim_ES2002d_B.role.167"/>
    <role endtime="801.06" starttime="797.24" type="Neutral" nite:id="tim_ES2002d_B.role.168"/>
    <role endtime="806.96" starttime="801.06" type="Supporter" nite:id="tim_ES2002d_B.role.169"/>
    <role endtime="815.28" starttime="806.96" type="Neutral" nite:id="tim_ES2002d_B.role.170"/>
    <role endtime="820.24" starttime="815.28" type="Supporter" nite:id="tim_ES2002d_B.role.171"/>
    <role endtime="829.56" starttime="820.24" type="Protagonist" nite:id="tim_ES2002d_B.role.172"/>
    <role endtime="836.44" starttime="829.56" type="Neutral" nite:id="tim_ES2002d_B.role.173"/>
    <role endtime="845.72" starttime="836.44" type="Gatekeeper" nite:id="tim_ES2002d_B.role.174"/>
    <role endtime="894.501" starttime="845.72" type="Neutral" nite:id="tim_ES2002d_B.role.175"/>
    <role endtime="920.16" starttime="894.501" type="Gatekeeper" nite:id="tim_ES2002d_B.role.176"/>
    <role endtime="932.1" starttime="920.16" type="Neutral" nite:id="tim_ES2002d_B.role.177"/>
    <role endtime="943.52" starttime="932.1" type="Supporter" nite:id="tim_ES2002d_B.role.178"/>
    <role endtime="946.02" starttime="943.52" type="Neutral" nite:id="tim_ES2002d_B.role.179"/>
    <role endtime="946.74" starttime="946.02" type="Supporter" nite:id="tim_ES2002d_B.role.180"/>
    <role endtime="948.28" starttime="946.74" type="Neutral" nite:id="tim_ES2002d_B.role.181"/>
    <role endtime="949.24" starttime="948.28" type="Supporter" nite:id="tim_ES2002d_B.role.182"/>
    <role endtime="953.7" starttime="949.24" type="Neutral" nite:id="tim_ES2002d_B.role.183"/>
    <role endtime="954.52" starttime="953.7" type="Supporter" nite:id="tim_ES2002d_B.role.184"/>
    <role endtime="1034.12" starttime="954.52" type="Neutral" nite:id="tim_ES2002d_B.role.185"/>
    <role endtime="1034.62" starttime="1034.12" type="Supporter" nite:id="tim_ES2002d_B.role.186"/>
    <role endtime="1046.44" starttime="1034.62" type="Neutral" nite:id="tim_ES2002d_B.role.187"/>
    <role endtime="1046.94" starttime="1046.44" type="Supporter" nite:id="tim_ES2002d_B.role.188"/>
    <role endtime="1053.82" starttime="1046.94" type="Neutral" nite:id="tim_ES2002d_B.role.189"/>
    <role endtime="1059.26" starttime="1053.82" type="Supporter" nite:id="tim_ES2002d_B.role.190"/>
    <role endtime="1061.08" starttime="1059.26" type="Gatekeeper" nite:id="tim_ES2002d_B.role.191"/>
    <role endtime="1065.14" starttime="1061.08" type="Neutral" nite:id="tim_ES2002d_B.role.192"/>
    <role endtime="1065.9" starttime="1065.14" type="Supporter" nite:id="tim_ES2002d_B.role.193"/>
    <role endtime="1070.54" starttime="1065.9" type="Neutral" nite:id="tim_ES2002d_B.role.194"/>
    <role endtime="1071.54" starttime="1070.54" type="Supporter" nite:id="tim_ES2002d_B.role.195"/>
    <role endtime="1073.9" starttime="1071.54" type="Neutral" nite:id="tim_ES2002d_B.role.196"/>
    <role endtime="1075.94" starttime="1073.9" type="Supporter" nite:id="tim_ES2002d_B.role.197"/>
    <role endtime="1076.38" starttime="1075.94" type="Gatekeeper" nite:id="tim_ES2002d_B.role.198"/>
    <role endtime="1083.5" starttime="1076.38" type="Neutral" nite:id="tim_ES2002d_B.role.199"/>
    <role endtime="1086.3" starttime="1083.5" type="Supporter" nite:id="tim_ES2002d_B.role.200"/>
    <role endtime="1097.86" starttime="1086.3" type="Neutral" nite:id="tim_ES2002d_B.role.201"/>
    <role endtime="1099.2" starttime="1097.86" type="Supporter" nite:id="tim_ES2002d_B.role.202"/>
    <role endtime="1103.12" starttime="1099.2" type="Neutral" nite:id="tim_ES2002d_B.role.203"/>
    <role endtime="1105.76" starttime="1103.12" type="Supporter" nite:id="tim_ES2002d_B.role.204"/>
    <role endtime="1107.86" starttime="1105.76" type="Neutral" nite:id="tim_ES2002d_B.role.205"/>
    <role endtime="1108.86" starttime="1107.86" type="Supporter" nite:id="tim_ES2002d_B.role.206"/>
    <role endtime="1110.86" starttime="1108.86" type="Neutral" nite:id="tim_ES2002d_B.role.207"/>
    <role endtime="1113.92" starttime="1110.86" type="Supporter" nite:id="tim_ES2002d_B.role.208"/>
    <role endtime="1116.46" starttime="1113.92" type="Neutral" nite:id="tim_ES2002d_B.role.209"/>
    <role endtime="1118.42" starttime="1116.46" type="Supporter" nite:id="tim_ES2002d_B.role.210"/>
    <role endtime="1127.54" starttime="1118.42" type="Neutral" nite:id="tim_ES2002d_B.role.211"/>
    <role endtime="1128.7" starttime="1127.54" type="Supporter" nite:id="tim_ES2002d_B.role.212"/>
    <role endtime="1134.98" starttime="1128.7" type="Neutral" nite:id="tim_ES2002d_B.role.213"/>
    <role endtime="1138.1" starttime="1134.98" type="Protagonist" nite:id="tim_ES2002d_B.role.214"/>
    <role endtime="1151.82" starttime="1138.1" type="Neutral" nite:id="tim_ES2002d_B.role.215"/>
    <role endtime="1155.7" starttime="1151.82" type="Supporter" nite:id="tim_ES2002d_B.role.216"/>
    <role endtime="1174.06" starttime="1155.7" type="Neutral" nite:id="tim_ES2002d_B.role.217"/>
    <role endtime="1179.42" starttime="1174.06" type="Supporter" nite:id="tim_ES2002d_B.role.218"/>
    <role endtime="1192.78" starttime="1179.42" type="Neutral" nite:id="tim_ES2002d_B.role.219"/>
    <role endtime="1196.14" starttime="1192.78" type="Supporter" nite:id="tim_ES2002d_B.role.220"/>
    <role endtime="1210.66" starttime="1196.14" type="Neutral" nite:id="tim_ES2002d_B.role.221"/>
    <role endtime="1212.3" starttime="1210.66" type="Supporter" nite:id="tim_ES2002d_B.role.222"/>
    <role endtime="1226.6" starttime="1212.3" type="Neutral" nite:id="tim_ES2002d_B.role.223"/>
    <role endtime="1227.46" starttime="1226.6" type="Supporter" nite:id="tim_ES2002d_B.role.224"/>
    <role endtime="1242.08" starttime="1227.46" type="Neutral" nite:id="tim_ES2002d_B.role.225"/>
    <role endtime="1243.52" starttime="1242.08" type="Supporter" nite:id="tim_ES2002d_B.role.226"/>
    <role endtime="1248.9" starttime="1243.52" type="Neutral" nite:id="tim_ES2002d_B.role.227"/>
    <role endtime="1251.7" starttime="1248.9" type="Supporter" nite:id="tim_ES2002d_B.role.228"/>
    <role endtime="1254.34" starttime="1251.7" type="Neutral" nite:id="tim_ES2002d_B.role.229"/>
    <role endtime="1257.06" starttime="1254.34" type="Supporter" nite:id="tim_ES2002d_B.role.230"/>
    <role endtime="1258.86" starttime="1257.06" type="Neutral" nite:id="tim_ES2002d_B.role.231"/>
    <role endtime="1260.58" starttime="1258.86" type="Supporter" nite:id="tim_ES2002d_B.role.232"/>
    <role endtime="1264.82" starttime="1260.58" type="Neutral" nite:id="tim_ES2002d_B.role.233"/>
    <role endtime="1265.1" starttime="1264.82" type="Supporter" nite:id="tim_ES2002d_B.role.234"/>
    <role endtime="1268.26" starttime="1265.1" type="Neutral" nite:id="tim_ES2002d_B.role.235"/>
    <role endtime="1271.36" starttime="1268.26" type="Supporter" nite:id="tim_ES2002d_B.role.236"/>
    <role endtime="1272.84" starttime="1271.36" type="Neutral" nite:id="tim_ES2002d_B.role.237"/>
    <role endtime="1275.6" starttime="1272.84" type="Supporter" nite:id="tim_ES2002d_B.role.238"/>
    <role endtime="1277.88" starttime="1275.6" type="Neutral" nite:id="tim_ES2002d_B.role.239"/>
    <role endtime="1279.5" starttime="1277.88" type="Gatekeeper" nite:id="tim_ES2002d_B.role.240"/>
    <role endtime="1291.58" starttime="1279.5" type="Neutral" nite:id="tim_ES2002d_B.role.241"/>
    <role endtime="1292.42" starttime="1291.58" type="Supporter" nite:id="tim_ES2002d_B.role.242"/>
    <role endtime="1303.78" starttime="1292.42" type="Neutral" nite:id="tim_ES2002d_B.role.243"/>
    <role endtime="1304.14" starttime="1303.78" type="Supporter" nite:id="tim_ES2002d_B.role.244"/>
    <role endtime="1317.86" starttime="1304.14" type="Neutral" nite:id="tim_ES2002d_B.role.245"/>
    <role endtime="1318.34" starttime="1317.86" type="Supporter" nite:id="tim_ES2002d_B.role.246"/>
    <role endtime="1325.08" starttime="1318.34" type="Neutral" nite:id="tim_ES2002d_B.role.247"/>
    <role endtime="1325.94" starttime="1325.08" type="Supporter" nite:id="tim_ES2002d_B.role.248"/>
    <role endtime="1327.84" starttime="1325.94" type="Neutral" nite:id="tim_ES2002d_B.role.249"/>
    <role endtime="1328.46" starttime="1327.84" type="Supporter" nite:id="tim_ES2002d_B.role.250"/>
    <role endtime="1337.06" starttime="1328.46" type="Gatekeeper" nite:id="tim_ES2002d_B.role.251"/>
    <role endtime="1343.26" starttime="1337.06" type="Neutral" nite:id="tim_ES2002d_B.role.252"/>
    <role endtime="1347.56" starttime="1343.26" type="Gatekeeper" nite:id="tim_ES2002d_B.role.253"/>
    <role endtime="1348.98" starttime="1347.56" type="Neutral" nite:id="tim_ES2002d_B.role.254"/>
    <role endtime="1350.68" starttime="1348.98" type="Supporter" nite:id="tim_ES2002d_B.role.255"/>
    <role endtime="1352.16" starttime="1350.68" type="Neutral" nite:id="tim_ES2002d_B.role.256"/>
    <role endtime="1359.48" starttime="1352.16" type="Protagonist" nite:id="tim_ES2002d_B.role.257"/>
    <role endtime="1363.66" starttime="1359.48" type="Neutral" nite:id="tim_ES2002d_B.role.258"/>
    <role endtime="1365.04" starttime="1363.66" type="Supporter" nite:id="tim_ES2002d_B.role.259"/>
    <role endtime="1400.78" starttime="1365.04" type="Neutral" nite:id="tim_ES2002d_B.role.260"/>
    <role endtime="1419.4" starttime="1400.78" type="Gatekeeper" nite:id="tim_ES2002d_B.role.261"/>
    <role endtime="1437.82" starttime="1419.4" type="Neutral" nite:id="tim_ES2002d_B.role.262"/>
    <role endtime="1441.88" starttime="1437.82" type="Supporter" nite:id="tim_ES2002d_B.role.263"/>
    <role endtime="1450.64" starttime="1441.88" type="Gatekeeper" nite:id="tim_ES2002d_B.role.264"/>
    <role endtime="1453.14" starttime="1450.64" type="Neutral" nite:id="tim_ES2002d_B.role.265"/>
    <role endtime="1460.68" starttime="1453.14" type="Supporter" nite:id="tim_ES2002d_B.role.266"/>
    <role endtime="1489.42" starttime="1460.68" type="Neutral" nite:id="tim_ES2002d_B.role.267"/>
    <role endtime="1490.02" starttime="1489.42" type="Supporter" nite:id="tim_ES2002d_B.role.268"/>
    <role endtime="1496.84" starttime="1490.02" type="Neutral" nite:id="tim_ES2002d_B.role.269"/>
    <role endtime="1502.16" starttime="1496.84" type="Supporter" nite:id="tim_ES2002d_B.role.270"/>
    <role endtime="1512.7" starttime="1502.16" type="Neutral" nite:id="tim_ES2002d_B.role.271"/>
    <role endtime="1518.62" starttime="1512.7" type="Supporter" nite:id="tim_ES2002d_B.role.272"/>
    <role endtime="1522.38" starttime="1518.62" type="Neutral" nite:id="tim_ES2002d_B.role.273"/>
    <role endtime="1529.78" starttime="1522.38" type="Supporter" nite:id="tim_ES2002d_B.role.274"/>
    <role endtime="1544.68" starttime="1529.78" type="Neutral" nite:id="tim_ES2002d_B.role.275"/>
    <role endtime="1545.62" starttime="1544.68" type="Supporter" nite:id="tim_ES2002d_B.role.276"/>
    <role endtime="1551.78" starttime="1545.62" type="Neutral" nite:id="tim_ES2002d_B.role.277"/>
    <role endtime="1552.26" starttime="1551.78" type="Supporter" nite:id="tim_ES2002d_B.role.278"/>
    <role endtime="1560.66" starttime="1552.26" type="Neutral" nite:id="tim_ES2002d_B.role.279"/>
    <role endtime="1561.66" starttime="1560.66" type="Supporter" nite:id="tim_ES2002d_B.role.280"/>
    <role endtime="1568.66" starttime="1561.66" type="Neutral" nite:id="tim_ES2002d_B.role.281"/>
    <role endtime="1569.8" starttime="1568.66" type="Supporter" nite:id="tim_ES2002d_B.role.282"/>
    <role endtime="1574.98" starttime="1569.8" type="Neutral" nite:id="tim_ES2002d_B.role.283"/>
    <role endtime="1583.94" starttime="1574.98" type="Gatekeeper" nite:id="tim_ES2002d_B.role.284"/>
    <role endtime="1592.68" starttime="1583.94" type="Neutral" nite:id="tim_ES2002d_B.role.285"/>
    <role endtime="1593.74" starttime="1592.68" type="Supporter" nite:id="tim_ES2002d_B.role.286"/>
    <role endtime="1604.96" starttime="1593.74" type="Neutral" nite:id="tim_ES2002d_B.role.287"/>
    <role endtime="1605.62" starttime="1604.96" type="Supporter" nite:id="tim_ES2002d_B.role.288"/>
    <role endtime="1626.3" starttime="1605.62" type="Neutral" nite:id="tim_ES2002d_B.role.289"/>
    <role endtime="1626.9" starttime="1626.3" type="Supporter" nite:id="tim_ES2002d_B.role.290"/>
    <role endtime="1639.68" starttime="1626.9" type="Neutral" nite:id="tim_ES2002d_B.role.291"/>
    <role endtime="1644.88" starttime="1639.68" type="Gatekeeper" nite:id="tim_ES2002d_B.role.292"/>
    <role endtime="1645.5" starttime="1644.88" type="Neutral" nite:id="tim_ES2002d_B.role.293"/>
    <role endtime="1646.84" starttime="1645.5" type="Gatekeeper" nite:id="tim_ES2002d_B.role.294"/>
    <role endtime="1654.52" starttime="1646.84" type="Neutral" nite:id="tim_ES2002d_B.role.295"/>
    <role endtime="1655.26" starttime="1654.52" type="Supporter" nite:id="tim_ES2002d_B.role.296"/>
    <role endtime="1663.56" starttime="1655.26" type="Gatekeeper" nite:id="tim_ES2002d_B.role.297"/>
    <role endtime="1669.62" starttime="1663.56" type="Neutral" nite:id="tim_ES2002d_B.role.298"/>
    <role endtime="1674.12" starttime="1669.62" type="Supporter" nite:id="tim_ES2002d_B.role.299"/>
    <role endtime="1676.92" starttime="1674.12" type="Neutral" nite:id="tim_ES2002d_B.role.300"/>
    <role endtime="1677.74" starttime="1676.92" type="Supporter" nite:id="tim_ES2002d_B.role.301"/>
    <role endtime="1691.64" starttime="1677.74" type="Neutral" nite:id="tim_ES2002d_B.role.302"/>
    <role endtime="1693.2" starttime="1691.64" type="Supporter" nite:id="tim_ES2002d_B.role.303"/>
    <role endtime="1718.78" starttime="1693.2" type="Neutral" nite:id="tim_ES2002d_B.role.304"/>
    <role endtime="1719.7" starttime="1718.78" type="Supporter" nite:id="tim_ES2002d_B.role.305"/>
    <role endtime="1730.12" starttime="1719.7" type="Neutral" nite:id="tim_ES2002d_B.role.306"/>
    <role endtime="1734.02" starttime="1730.12" type="Supporter" nite:id="tim_ES2002d_B.role.307"/>
    <role endtime="1744.04" starttime="1734.02" type="Neutral" nite:id="tim_ES2002d_B.role.308"/>
    <role endtime="1744.56" starttime="1744.04" type="Supporter" nite:id="tim_ES2002d_B.role.309"/>
    <role endtime="1757.32" starttime="1744.56" type="Neutral" nite:id="tim_ES2002d_B.role.310"/>
    <role endtime="1757.62" starttime="1757.32" type="Supporter" nite:id="tim_ES2002d_B.role.311"/>
    <role endtime="1763.98" starttime="1757.62" type="Neutral" nite:id="tim_ES2002d_B.role.312"/>
    <role endtime="1767.1" starttime="1763.98" type="Gatekeeper" nite:id="tim_ES2002d_B.role.313"/>
    <role endtime="1774.76" starttime="1767.1" type="Neutral" nite:id="tim_ES2002d_B.role.314"/>
    <role endtime="1775.58" starttime="1774.76" type="Supporter" nite:id="tim_ES2002d_B.role.315"/>
    <role endtime="1781.18" starttime="1775.58" type="Neutral" nite:id="tim_ES2002d_B.role.316"/>
    <role endtime="1782.08" starttime="1781.18" type="Supporter" nite:id="tim_ES2002d_B.role.317"/>
    <role endtime="1795.86" starttime="1782.08" type="Neutral" nite:id="tim_ES2002d_B.role.318"/>
    <role endtime="1815.44" starttime="1795.86" type="Gatekeeper" nite:id="tim_ES2002d_B.role.319"/>
    <role endtime="1821.04" starttime="1815.44" type="Neutral" nite:id="tim_ES2002d_B.role.320"/>
    <role endtime="1821.98" starttime="1821.04" type="Supporter" nite:id="tim_ES2002d_B.role.321"/>
    <role endtime="1846.32" starttime="1821.98" type="Neutral" nite:id="tim_ES2002d_B.role.322"/>
    <role endtime="1847.18" starttime="1846.32" type="Supporter" nite:id="tim_ES2002d_B.role.323"/>
    <role endtime="1866.8" starttime="1847.18" type="Neutral" nite:id="tim_ES2002d_B.role.324"/>
    <role endtime="1868.12" starttime="1866.8" type="Supporter" nite:id="tim_ES2002d_B.role.325"/>
    <role endtime="1872.0" starttime="1868.12" type="Neutral" nite:id="tim_ES2002d_B.role.326"/>
    <role endtime="1872.7" starttime="1872.0" type="Supporter" nite:id="tim_ES2002d_B.role.327"/>
    <role endtime="1877.34" starttime="1872.7" type="Neutral" nite:id="tim_ES2002d_B.role.328"/>
    <role endtime="1878.14" starttime="1877.34" type="Supporter" nite:id="tim_ES2002d_B.role.329"/>
    <role endtime="1880.14" starttime="1878.14" type="Neutral" nite:id="tim_ES2002d_B.role.330"/>
    <role endtime="1881.04" starttime="1880.14" type="Supporter" nite:id="tim_ES2002d_B.role.331"/>
    <role endtime="1882.54" starttime="1881.04" type="Neutral" nite:id="tim_ES2002d_B.role.332"/>
    <role endtime="1902.88" starttime="1882.54" type="Gatekeeper" nite:id="tim_ES2002d_B.role.333"/>
    <role endtime="1940.92" starttime="1902.88" type="Neutral" nite:id="tim_ES2002d_B.role.334"/>
    <role endtime="1941.58" starttime="1940.92" type="Supporter" nite:id="tim_ES2002d_B.role.335"/>
    <role endtime="1942.44" starttime="1941.58" type="Neutral" nite:id="tim_ES2002d_B.role.336"/>
    <role endtime="1944.28" starttime="1942.44" type="Supporter" nite:id="tim_ES2002d_B.role.337"/>
    <role endtime="1960.66" starttime="1944.28" type="Neutral" nite:id="tim_ES2002d_B.role.338"/>
    <role endtime="1962.7" starttime="1960.66" type="Supporter" nite:id="tim_ES2002d_B.role.339"/>
    <role endtime="1966.7" starttime="1962.7" type="Neutral" nite:id="tim_ES2002d_B.role.340"/>
    <role endtime="1970.8" starttime="1966.7" type="Gatekeeper" nite:id="tim_ES2002d_B.role.341"/>
    <role endtime="1975.6" starttime="1970.8" type="Neutral" nite:id="tim_ES2002d_B.role.342"/>
    <role endtime="1976.38" starttime="1975.6" type="Supporter" nite:id="tim_ES2002d_B.role.343"/>
    <role endtime="1986.12" starttime="1976.38" type="Neutral" nite:id="tim_ES2002d_B.role.344"/>
    <role comment="Nod" endtime="1987.48" starttime="1986.12" type="Supporter" nite:id="tim_ES2002d_B.role.345"/>
    <role endtime="1990.4" starttime="1987.48" type="Neutral" nite:id="tim_ES2002d_B.role.346"/>
    <role endtime="1991.56" starttime="1990.4" type="Supporter" nite:id="tim_ES2002d_B.role.347"/>
    <role endtime="2000.84" starttime="1991.56" type="Neutral" nite:id="tim_ES2002d_B.role.348"/>
    <role endtime="2001.5" starttime="2000.84" type="Supporter" nite:id="tim_ES2002d_B.role.349"/>
    <role endtime="2009.52" starttime="2001.5" type="Neutral" nite:id="tim_ES2002d_B.role.350"/>
    <role endtime="2010.68" starttime="2009.52" type="Supporter" nite:id="tim_ES2002d_B.role.351"/>
    <role endtime="2011.22" starttime="2010.68" type="Neutral" nite:id="tim_ES2002d_B.role.352"/>
    <role comment="Seems like an attempt to get the floor, but failed." endtime="2012.56" starttime="2011.22" type="Gatekeeper" nite:id="tim_ES2002d_B.role.353"/>
    <role endtime="2014.94" starttime="2012.56" type="Neutral" nite:id="tim_ES2002d_B.role.354"/>
    <role endtime="2015.1" starttime="2014.94" type="Supporter" nite:id="tim_ES2002d_B.role.355"/>
    <role endtime="2017.18" starttime="2015.1" type="Neutral" nite:id="tim_ES2002d_B.role.356"/>
    <role endtime="2017.88" starttime="2017.18" type="Supporter" nite:id="tim_ES2002d_B.role.357"/>
    <role endtime="2025.86" starttime="2017.88" type="Neutral" nite:id="tim_ES2002d_B.role.358"/>
    <role endtime="2032.48" starttime="2025.86" type="Gatekeeper" nite:id="tim_ES2002d_B.role.359"/>
    <role endtime="2039.58" starttime="2032.48" type="Neutral" nite:id="tim_ES2002d_B.role.360"/>
    <role endtime="2041.76" starttime="2039.58" type="Supporter" nite:id="tim_ES2002d_B.role.361"/>
    <role endtime="2043.48" starttime="2041.76" type="Gatekeeper" nite:id="tim_ES2002d_B.role.362"/>
    <role endtime="2046.62" starttime="2043.48" type="Neutral" nite:id="tim_ES2002d_B.role.363"/>
    <role endtime="2047.12" starttime="2046.62" type="Supporter" nite:id="tim_ES2002d_B.role.364"/>
    <role endtime="2049.54" starttime="2047.12" type="Neutral" nite:id="tim_ES2002d_B.role.365"/>
    <role endtime="2067.76" starttime="2049.54" type="Protagonist" nite:id="tim_ES2002d_B.role.366"/>
    <role endtime="2070.221" starttime="2067.76" type="Neutral" nite:id="tim_ES2002d_B.role.367"/>
    <role endtime="2071.96" starttime="2070.221" type="Supporter" nite:id="tim_ES2002d_B.role.368"/>
    <role endtime="2082.06" starttime="2071.96" type="Neutral" nite:id="tim_ES2002d_B.role.369"/>
    <role endtime="2083.38" starttime="2082.06" type="Supporter" nite:id="tim_ES2002d_B.role.370"/>
    <role endtime="2086.06" starttime="2083.38" type="Neutral" nite:id="tim_ES2002d_B.role.371"/>
    <role endtime="2088.3" starttime="2086.06" type="Supporter" nite:id="tim_ES2002d_B.role.372"/>
    <role endtime="2099.94" starttime="2088.3" type="Neutral" nite:id="tim_ES2002d_B.role.373"/>
    <role endtime="2100.62" starttime="2099.94" type="Supporter" nite:id="tim_ES2002d_B.role.374"/>
    <role endtime="2101.8" starttime="2100.62" type="Neutral" nite:id="tim_ES2002d_B.role.375"/>
    <role endtime="2104.44" starttime="2101.8" type="Gatekeeper" nite:id="tim_ES2002d_B.role.376"/>
    <role endtime="2107.14" starttime="2104.44" type="Neutral" nite:id="tim_ES2002d_B.role.377"/>
    <role endtime="2107.76" starttime="2107.14" type="Supporter" nite:id="tim_ES2002d_B.role.378"/>
    <role endtime="2109.36" starttime="2107.76" type="Neutral" nite:id="tim_ES2002d_B.role.379"/>
    <role endtime="2123.4" starttime="2109.36" type="Protagonist" nite:id="tim_ES2002d_B.role.380"/>
    <role endtime="2140.48" starttime="2123.4" type="Gatekeeper" nite:id="tim_ES2002d_B.role.381"/>
    <role endtime="2158.8" starttime="2140.48" type="Neutral" nite:id="tim_ES2002d_B.role.382"/>
    <role endtime="2161.92" starttime="2158.8" type="Supporter" nite:id="tim_ES2002d_B.role.383"/>
    <role endtime="2169.68" starttime="2161.92" type="Neutral" nite:id="tim_ES2002d_B.role.384"/>
    <role endtime="2170.66" starttime="2169.68" type="Supporter" nite:id="tim_ES2002d_B.role.385"/>
    <role endtime="2173.12" starttime="2170.66" type="Neutral" nite:id="tim_ES2002d_B.role.386"/>
    <role endtime="2176.16" starttime="2173.12" type="Supporter" nite:id="tim_ES2002d_B.role.387"/>
    <role endtime="2241.88" starttime="2176.16" type="Protagonist" nite:id="tim_ES2002d_B.role.388"/>
    <role endtime="2245.5" starttime="2241.88" type="Neutral" nite:id="tim_ES2002d_B.role.389"/>
    <role endtime="2247.2" starttime="2245.5" type="Supporter" nite:id="tim_ES2002d_B.role.390"/>
    <role endtime="2254.84" starttime="2247.2" type="Neutral" nite:id="tim_ES2002d_B.role.391"/>
    <role endtime="2264.16" starttime="2254.84" type="Supporter" nite:id="tim_ES2002d_B.role.392"/>
    <role endtime="2271.02" starttime="2264.16" type="Neutral" nite:id="tim_ES2002d_B.role.393"/>
    <role endtime="2273.02" starttime="2271.02" type="Supporter" nite:id="tim_ES2002d_B.role.394"/>
    <role endtime="2279.92" starttime="2273.02" type="Neutral" nite:id="tim_ES2002d_B.role.395"/>
    <role endtime="2290.8" starttime="2279.92" type="Protagonist" nite:id="tim_ES2002d_B.role.396"/>
    <role endtime="2293.62" starttime="2290.8" type="Neutral" nite:id="tim_ES2002d_B.role.397"/>
    <role endtime="2294.34" starttime="2293.62" type="Supporter" nite:id="tim_ES2002d_B.role.398"/>
    <role endtime="2299.8" starttime="2294.34" type="Neutral" nite:id="tim_ES2002d_B.role.399"/>
    <role endtime="2300.66" starttime="2299.8" type="Supporter" nite:id="tim_ES2002d_B.role.400"/>
    <role endtime="2303.66" starttime="2300.66" type="Neutral" nite:id="tim_ES2002d_B.role.401"/>
    <role endtime="2304.4" starttime="2303.66" type="Supporter" nite:id="tim_ES2002d_B.role.402"/>
    <role endtime="2307.08" starttime="2304.4" type="Neutral" nite:id="tim_ES2002d_B.role.403"/>
    <role endtime="2308.26" starttime="2307.08" type="Supporter" nite:id="tim_ES2002d_B.role.404"/>
    <role endtime="2310.66" starttime="2308.26" type="Neutral" nite:id="tim_ES2002d_B.role.405"/>
    <role endtime="2314.72" starttime="2310.66" type="Supporter" nite:id="tim_ES2002d_B.role.406"/>
    <role endtime="2316.9" starttime="2314.72" type="Neutral" nite:id="tim_ES2002d_B.role.407"/>
    <role endtime="2320.0" starttime="2316.9" type="Supporter" nite:id="tim_ES2002d_B.role.408"/>
    <role endtime="2320.72" starttime="2320.0" type="Neutral" nite:id="tim_ES2002d_B.role.409"/>
    <role endtime="2324.24" starttime="2320.72" type="Supporter" nite:id="tim_ES2002d_B.role.410"/>
    <role endtime="2327.02" starttime="2324.24" type="Neutral" nite:id="tim_ES2002d_B.role.411"/>
    <role endtime="2331.0" starttime="2327.02" type="Gatekeeper" nite:id="tim_ES2002d_B.role.412"/>
    <role endtime="2333.541" starttime="2331.0" type="Neutral" nite:id="tim_ES2002d_B.role.413"/>
    <role endtime="2334.32" starttime="2333.541" type="Supporter" nite:id="tim_ES2002d_B.role.414"/>
    <role endtime="2343.18" starttime="2334.32" type="Neutral" nite:id="tim_ES2002d_B.role.415"/>
    <role endtime="2343.98" starttime="2343.18" type="Supporter" nite:id="tim_ES2002d_B.role.416"/>
    <role endtime="2347.48" starttime="2343.98" type="Neutral" nite:id="tim_ES2002d_B.role.417"/>
    <role endtime="2348.48" starttime="2347.48" type="Supporter" nite:id="tim_ES2002d_B.role.418"/>
    <role endtime="2353.6" starttime="2348.48" type="Neutral" nite:id="tim_ES2002d_B.role.419"/>
    <role endtime="2355.0" starttime="2353.6" type="Supporter" nite:id="tim_ES2002d_B.role.420"/>
    <role endtime="2358.76" starttime="2355.0" type="Neutral" nite:id="tim_ES2002d_B.role.421"/>
    <role endtime="2360.64" starttime="2358.76" type="Supporter" nite:id="tim_ES2002d_B.role.422"/>
    <role endtime="2362.58" starttime="2360.64" type="Neutral" nite:id="tim_ES2002d_B.role.423"/>
    <role endtime="2384.92" starttime="2362.58" type="Protagonist" nite:id="tim_ES2002d_B.role.424"/>
    <role endtime="2389.9" starttime="2384.92" type="Neutral" nite:id="tim_ES2002d_B.role.425"/>
    <role endtime="2395.2" starttime="2389.9" type="Supporter" nite:id="tim_ES2002d_B.role.426"/>
    <role endtime="2398.06" starttime="2395.2" type="Neutral" nite:id="tim_ES2002d_B.role.427"/>
    <role endtime="2401.44" starttime="2398.06" type="Protagonist" nite:id="tim_ES2002d_B.role.428"/>
    <role endtime="2701.0" starttime="2401.44" type="Neutral" nite:id="tim_ES2002d_B.role.429"/>
</nite:root>
