<?xml version="1.0" encoding="UTF-8"?>
<nite:root xmlns:nite="http://nite.sourceforge.net/" nite:id="tim_ES2009d_D.nite:root.1">
    <role endtime="80.38" starttime="0.0" type="Neutral" nite:id="tim_ES2009d_D.role.1"/>
    <role endtime="81.12" starttime="80.38" type="Supporter" nite:id="tim_ES2009d_D.role.2"/>
    <role endtime="107.24" starttime="81.12" type="Neutral" nite:id="tim_ES2009d_D.role.3"/>
    <role endtime="109.24" starttime="107.24" type="Protagonist" nite:id="tim_ES2009d_D.role.4"/>
    <role comment="laugh" endtime="111.88" starttime="109.24" type="Supporter" nite:id="tim_ES2009d_D.role.5"/>
    <role endtime="258.5" starttime="111.88" type="Neutral" nite:id="tim_ES2009d_D.role.6"/>
    <role endtime="263.76" starttime="258.5" type="Supporter" nite:id="tim_ES2009d_D.role.7"/>
    <role endtime="280.88" starttime="263.76" type="Neutral" nite:id="tim_ES2009d_D.role.8"/>
    <role endtime="286.88" starttime="280.88" type="Supporter" nite:id="tim_ES2009d_D.role.9"/>
    <role endtime="300.52" starttime="286.88" type="Neutral" nite:id="tim_ES2009d_D.role.10"/>
    <role endtime="301.84" starttime="300.52" type="Supporter" nite:id="tim_ES2009d_D.role.11"/>
    <role endtime="309.8" starttime="301.84" type="Neutral" nite:id="tim_ES2009d_D.role.12"/>
    <role endtime="311.8" starttime="309.8" type="Supporter" nite:id="tim_ES2009d_D.role.13"/>
    <role endtime="363.6" starttime="311.8" type="Neutral" nite:id="tim_ES2009d_D.role.14"/>
    <role comment="nod" endtime="365.2" starttime="363.6" type="Supporter" nite:id="tim_ES2009d_D.role.15"/>
    <role endtime="375.52" starttime="365.2" type="Neutral" nite:id="tim_ES2009d_D.role.16"/>
    <role comment="laugh" endtime="379.6" starttime="375.52" type="Supporter" nite:id="tim_ES2009d_D.role.17"/>
    <role endtime="381.1" starttime="379.6" type="Neutral" nite:id="tim_ES2009d_D.role.18"/>
    <role endtime="383.08" starttime="381.1" type="Supporter" nite:id="tim_ES2009d_D.role.19"/>
    <role endtime="385.78" starttime="383.08" type="Neutral" nite:id="tim_ES2009d_D.role.20"/>
    <role endtime="389.96" starttime="385.78" type="Supporter" nite:id="tim_ES2009d_D.role.21"/>
    <role endtime="393.08" starttime="389.96" type="Neutral" nite:id="tim_ES2009d_D.role.22"/>
    <role endtime="406.32" starttime="393.08" type="Supporter" nite:id="tim_ES2009d_D.role.23"/>
    <role endtime="452.12" starttime="406.32" type="Neutral" nite:id="tim_ES2009d_D.role.24"/>
    <role endtime="452.62" starttime="452.12" type="Supporter" nite:id="tim_ES2009d_D.role.25"/>
    <role endtime="467.44" starttime="452.62" type="Neutral" nite:id="tim_ES2009d_D.role.26"/>
    <role endtime="468.4" starttime="467.44" type="Supporter" nite:id="tim_ES2009d_D.role.27"/>
    <role endtime="491.6" starttime="468.4" type="Neutral" nite:id="tim_ES2009d_D.role.28"/>
    <role endtime="492.88" starttime="491.6" type="Supporter" nite:id="tim_ES2009d_D.role.29"/>
    <role endtime="510.16" starttime="492.88" type="Neutral" nite:id="tim_ES2009d_D.role.30"/>
    <role endtime="510.8" starttime="510.16" type="Supporter" nite:id="tim_ES2009d_D.role.31"/>
    <role endtime="528.08" starttime="510.8" type="Neutral" nite:id="tim_ES2009d_D.role.32"/>
    <role endtime="529.2" starttime="528.08" type="Supporter" nite:id="tim_ES2009d_D.role.33"/>
    <role endtime="536.16" starttime="529.2" type="Neutral" nite:id="tim_ES2009d_D.role.34"/>
    <role endtime="548.52" starttime="536.16" type="Supporter" nite:id="tim_ES2009d_D.role.35"/>
    <role endtime="550.86" starttime="548.52" type="Neutral" nite:id="tim_ES2009d_D.role.36"/>
    <role endtime="554.96" starttime="550.86" type="Supporter" nite:id="tim_ES2009d_D.role.37"/>
    <role endtime="562.6" starttime="554.96" type="Neutral" nite:id="tim_ES2009d_D.role.38"/>
    <role endtime="567.96" starttime="562.6" type="Supporter" nite:id="tim_ES2009d_D.role.39"/>
    <role endtime="571.68" starttime="567.96" type="Neutral" nite:id="tim_ES2009d_D.role.40"/>
    <role endtime="574.52" starttime="571.68" type="Supporter" nite:id="tim_ES2009d_D.role.41"/>
    <role endtime="576.9" starttime="574.52" type="Neutral" nite:id="tim_ES2009d_D.role.42"/>
    <role endtime="577.52" starttime="576.9" type="Supporter" nite:id="tim_ES2009d_D.role.43"/>
    <role endtime="578.72" starttime="577.52" type="Neutral" nite:id="tim_ES2009d_D.role.44"/>
    <role endtime="581.28" starttime="578.72" type="Supporter" nite:id="tim_ES2009d_D.role.45"/>
    <role endtime="584.6" starttime="581.28" type="Neutral" nite:id="tim_ES2009d_D.role.46"/>
    <role endtime="586.04" starttime="584.6" type="Supporter" nite:id="tim_ES2009d_D.role.47"/>
    <role endtime="589.68" starttime="586.04" type="Neutral" nite:id="tim_ES2009d_D.role.48"/>
    <role endtime="592.86" starttime="589.68" type="Neutral" nite:id="tim_ES2009d_D.role.49"/>
    <role endtime="594.84" starttime="592.86" type="Supporter" nite:id="tim_ES2009d_D.role.50"/>
    <role endtime="600.52" starttime="594.84" type="Neutral" nite:id="tim_ES2009d_D.role.51"/>
    <role endtime="601.52" starttime="600.52" type="Supporter" nite:id="tim_ES2009d_D.role.52"/>
    <role endtime="616.76" starttime="601.52" type="Neutral" nite:id="tim_ES2009d_D.role.53"/>
    <role endtime="617.76" starttime="616.76" type="Supporter" nite:id="tim_ES2009d_D.role.54"/>
    <role endtime="619.12" starttime="617.76" type="Neutral" nite:id="tim_ES2009d_D.role.55"/>
    <role endtime="624.8" starttime="619.12" type="Supporter" nite:id="tim_ES2009d_D.role.56"/>
    <role endtime="742.06" starttime="624.8" type="Neutral" nite:id="tim_ES2009d_D.role.57"/>
    <role endtime="743.64" starttime="742.06" type="Supporter" nite:id="tim_ES2009d_D.role.58"/>
    <role endtime="789.08" starttime="743.64" type="Neutral" nite:id="tim_ES2009d_D.role.59"/>
    <role endtime="789.96" starttime="789.08" type="Supporter" nite:id="tim_ES2009d_D.role.60"/>
    <role endtime="831.28" starttime="789.96" type="Neutral" nite:id="tim_ES2009d_D.role.61"/>
    <role endtime="852.76" starttime="831.28" type="Protagonist" nite:id="tim_ES2009d_D.role.62"/>
    <role endtime="858.6" starttime="852.76" type="Neutral" nite:id="tim_ES2009d_D.role.63"/>
    <role endtime="877.12" starttime="858.6" type="Protagonist" nite:id="tim_ES2009d_D.role.64"/>
    <role endtime="886.6" starttime="877.12" type="Neutral" nite:id="tim_ES2009d_D.role.65"/>
    <role endtime="887.84" starttime="886.6" type="Supporter" nite:id="tim_ES2009d_D.role.66"/>
    <role endtime="889.14" starttime="887.84" type="Neutral" nite:id="tim_ES2009d_D.role.67"/>
    <role endtime="890.2" starttime="889.14" type="Supporter" nite:id="tim_ES2009d_D.role.68"/>
    <role endtime="893.52" starttime="890.2" type="Neutral" nite:id="tim_ES2009d_D.role.69"/>
    <role endtime="894.4" starttime="893.52" type="Supporter" nite:id="tim_ES2009d_D.role.70"/>
    <role endtime="902.56" starttime="894.4" type="Neutral" nite:id="tim_ES2009d_D.role.71"/>
    <role endtime="904.92" starttime="902.56" type="Protagonist" nite:id="tim_ES2009d_D.role.72"/>
    <role endtime="907.54" starttime="904.92" type="Neutral" nite:id="tim_ES2009d_D.role.73"/>
    <role endtime="908.22" starttime="907.54" type="Supporter" nite:id="tim_ES2009d_D.role.74"/>
    <role endtime="912.36" starttime="908.22" type="Neutral" nite:id="tim_ES2009d_D.role.75"/>
    <role endtime="915.16" starttime="912.36" type="Supporter" nite:id="tim_ES2009d_D.role.76"/>
    <role endtime="931.92" starttime="915.16" type="Neutral" nite:id="tim_ES2009d_D.role.77"/>
    <role endtime="932.96" starttime="931.92" type="Supporter" nite:id="tim_ES2009d_D.role.78"/>
    <role endtime="942.64" starttime="932.96" type="Neutral" nite:id="tim_ES2009d_D.role.79"/>
    <role endtime="944.84" starttime="942.64" type="Supporter" nite:id="tim_ES2009d_D.role.80"/>
    <role endtime="969.32" starttime="944.84" type="Neutral" nite:id="tim_ES2009d_D.role.81"/>
    <role endtime="980.8" starttime="969.32" type="Protagonist" nite:id="tim_ES2009d_D.role.82"/>
    <role endtime="981.68" starttime="980.8" type="Neutral" nite:id="tim_ES2009d_D.role.83"/>
    <role endtime="985.92" starttime="981.68" type="Supporter" nite:id="tim_ES2009d_D.role.84"/>
    <role endtime="1068.44" starttime="985.92" type="Protagonist" nite:id="tim_ES2009d_D.role.85"/>
    <role endtime="1069.52" starttime="1068.44" type="Neutral" nite:id="tim_ES2009d_D.role.86"/>
    <role endtime="1078.12" starttime="1069.52" type="Supporter" nite:id="tim_ES2009d_D.role.87"/>
    <role endtime="1106.68" starttime="1078.12" type="Neutral" nite:id="tim_ES2009d_D.role.88"/>
    <role endtime="1109.16" starttime="1106.68" type="Supporter" nite:id="tim_ES2009d_D.role.89"/>
    <role endtime="1125.84" starttime="1109.16" type="Neutral" nite:id="tim_ES2009d_D.role.90"/>
    <role endtime="1130.44" starttime="1125.84" type="Supporter" nite:id="tim_ES2009d_D.role.91"/>
    <role endtime="1134.44" starttime="1130.44" type="Neutral" nite:id="tim_ES2009d_D.role.92"/>
    <role endtime="1149.24" starttime="1134.44" type="Supporter" nite:id="tim_ES2009d_D.role.93"/>
    <role endtime="1155.2" starttime="1149.24" type="Neutral" nite:id="tim_ES2009d_D.role.94"/>
    <role endtime="1156.88" starttime="1155.2" type="Supporter" nite:id="tim_ES2009d_D.role.95"/>
    <role endtime="1161.64" starttime="1156.88" type="Neutral" nite:id="tim_ES2009d_D.role.96"/>
    <role endtime="1176.36" starttime="1161.64" type="Protagonist" nite:id="tim_ES2009d_D.role.97"/>
    <role endtime="1179.4" starttime="1176.36" type="Neutral" nite:id="tim_ES2009d_D.role.98"/>
    <role endtime="1184.84" starttime="1179.4" type="Supporter" nite:id="tim_ES2009d_D.role.99"/>
    <role endtime="1191.76" starttime="1184.84" type="Protagonist" nite:id="tim_ES2009d_D.role.100"/>
    <role endtime="1200.18" starttime="1191.76" type="Neutral" nite:id="tim_ES2009d_D.role.101"/>
    <role endtime="1205.92" starttime="1200.18" type="Protagonist" nite:id="tim_ES2009d_D.role.102"/>
    <role endtime="1213.24" starttime="1205.92" type="Neutral" nite:id="tim_ES2009d_D.role.103"/>
    <role endtime="1214.0" starttime="1213.24" type="Supporter" nite:id="tim_ES2009d_D.role.104"/>
    <role endtime="1214.0" starttime="1214.0" type="Neutral" nite:id="tim_ES2009d_D.role.105"/>
    <role endtime="1218.08" starttime="1214.0" type="Protagonist" nite:id="tim_ES2009d_D.role.106"/>
    <role endtime="1218.72" starttime="1218.08" type="Neutral" nite:id="tim_ES2009d_D.role.107"/>
    <role endtime="1225.64" starttime="1218.72" type="Supporter" nite:id="tim_ES2009d_D.role.108"/>
    <role endtime="1226.46" starttime="1225.64" type="Neutral" nite:id="tim_ES2009d_D.role.109"/>
    <role endtime="1233.08" starttime="1226.46" type="Supporter" nite:id="tim_ES2009d_D.role.110"/>
    <role endtime="1236.48" starttime="1233.08" type="Protagonist" nite:id="tim_ES2009d_D.role.111"/>
    <role endtime="1242.68" starttime="1236.48" type="Neutral" nite:id="tim_ES2009d_D.role.112"/>
    <role endtime="1244.2" starttime="1242.68" type="Supporter" nite:id="tim_ES2009d_D.role.113"/>
    <role endtime="1248.08" starttime="1244.2" type="Neutral" nite:id="tim_ES2009d_D.role.114"/>
    <role endtime="1253.24" starttime="1248.08" type="Protagonist" nite:id="tim_ES2009d_D.role.115"/>
    <role endtime="1255.32" starttime="1253.24" type="Neutral" nite:id="tim_ES2009d_D.role.116"/>
    <role endtime="1258.96" starttime="1255.32" type="Supporter" nite:id="tim_ES2009d_D.role.117"/>
    <role endtime="1261.56" starttime="1258.96" type="Neutral" nite:id="tim_ES2009d_D.role.118"/>
    <role endtime="1268.8" starttime="1261.56" type="Supporter" nite:id="tim_ES2009d_D.role.119"/>
    <role endtime="1271.68" starttime="1268.8" type="Neutral" nite:id="tim_ES2009d_D.role.120"/>
    <role endtime="1273.52" starttime="1271.68" type="Supporter" nite:id="tim_ES2009d_D.role.121"/>
    <role endtime="1279.32" starttime="1273.52" type="Neutral" nite:id="tim_ES2009d_D.role.122"/>
    <role endtime="1289.2" starttime="1279.32" type="Supporter" nite:id="tim_ES2009d_D.role.123"/>
    <role endtime="1291.44" starttime="1289.2" type="Neutral" nite:id="tim_ES2009d_D.role.124"/>
    <role endtime="1292.76" starttime="1291.44" type="Supporter" nite:id="tim_ES2009d_D.role.125"/>
    <role endtime="1297.28" starttime="1292.76" type="Protagonist" nite:id="tim_ES2009d_D.role.126"/>
    <role endtime="1298.04" starttime="1297.28" type="Supporter" nite:id="tim_ES2009d_D.role.127"/>
    <role endtime="1308.24" starttime="1298.04" type="Neutral" nite:id="tim_ES2009d_D.role.128"/>
    <role endtime="1309.72" starttime="1308.24" type="Supporter" nite:id="tim_ES2009d_D.role.129"/>
    <role endtime="1312.32" starttime="1309.72" type="Neutral" nite:id="tim_ES2009d_D.role.130"/>
    <role endtime="1312.96" starttime="1312.32" type="Supporter" nite:id="tim_ES2009d_D.role.131"/>
    <role endtime="1323.56" starttime="1312.96" type="Neutral" nite:id="tim_ES2009d_D.role.132"/>
    <role endtime="1325.0" starttime="1323.56" type="Supporter" nite:id="tim_ES2009d_D.role.133"/>
    <role endtime="1330.08" starttime="1325.0" type="Neutral" nite:id="tim_ES2009d_D.role.134"/>
    <role endtime="1330.92" starttime="1330.08" type="Supporter" nite:id="tim_ES2009d_D.role.135"/>
    <role endtime="1331.4" starttime="1330.92" type="Neutral" nite:id="tim_ES2009d_D.role.136"/>
    <role endtime="1357.44" starttime="1331.4" type="Protagonist" nite:id="tim_ES2009d_D.role.137"/>
    <role endtime="1364.62" starttime="1357.44" type="Neutral" nite:id="tim_ES2009d_D.role.138"/>
    <role endtime="1365.92" starttime="1364.62" type="Supporter" nite:id="tim_ES2009d_D.role.139"/>
    <role endtime="1367.0" starttime="1365.92" type="Neutral" nite:id="tim_ES2009d_D.role.140"/>
    <role endtime="1369.32" starttime="1367.0" type="Supporter" nite:id="tim_ES2009d_D.role.141"/>
    <role endtime="1378.4" starttime="1369.32" type="Neutral" nite:id="tim_ES2009d_D.role.142"/>
    <role endtime="1382.48" starttime="1378.4" type="Supporter" nite:id="tim_ES2009d_D.role.143"/>
    <role endtime="1393.92" starttime="1382.48" type="Neutral" nite:id="tim_ES2009d_D.role.144"/>
    <role endtime="1399.84" starttime="1393.92" type="Supporter" nite:id="tim_ES2009d_D.role.145"/>
    <role endtime="1410.0" starttime="1399.84" type="Neutral" nite:id="tim_ES2009d_D.role.146"/>
    <role endtime="1411.24" starttime="1410.0" type="Supporter" nite:id="tim_ES2009d_D.role.147"/>
    <role endtime="1412.16" starttime="1411.24" type="Neutral" nite:id="tim_ES2009d_D.role.148"/>
    <role endtime="1417.96" starttime="1412.16" type="Protagonist" nite:id="tim_ES2009d_D.role.149"/>
    <role endtime="1428.44" starttime="1417.96" type="Neutral" nite:id="tim_ES2009d_D.role.150"/>
    <role endtime="1429.56" starttime="1428.44" type="Supporter" nite:id="tim_ES2009d_D.role.151"/>
    <role endtime="1436.4" starttime="1429.56" type="Neutral" nite:id="tim_ES2009d_D.role.152"/>
    <role endtime="1443.64" starttime="1436.4" type="Protagonist" nite:id="tim_ES2009d_D.role.153"/>
    <role endtime="1447.28" starttime="1443.64" type="Neutral" nite:id="tim_ES2009d_D.role.154"/>
    <role endtime="1450.04" starttime="1447.28" type="Supporter" nite:id="tim_ES2009d_D.role.155"/>
    <role endtime="1453.68" starttime="1450.04" type="Neutral" nite:id="tim_ES2009d_D.role.156"/>
    <role endtime="1456.0" starttime="1453.68" type="Supporter" nite:id="tim_ES2009d_D.role.157"/>
    <role endtime="1466.26" starttime="1456.0" type="Neutral" nite:id="tim_ES2009d_D.role.158"/>
    <role endtime="1469.56" starttime="1466.26" type="Supporter" nite:id="tim_ES2009d_D.role.159"/>
    <role endtime="1473.88" starttime="1469.56" type="Neutral" nite:id="tim_ES2009d_D.role.160"/>
    <role endtime="1474.92" starttime="1473.88" type="Supporter" nite:id="tim_ES2009d_D.role.161"/>
    <role endtime="1483.72" starttime="1474.92" type="Neutral" nite:id="tim_ES2009d_D.role.162"/>
    <role endtime="1502.8" starttime="1483.72" type="Protagonist" nite:id="tim_ES2009d_D.role.163"/>
    <role endtime="1505.72" starttime="1502.8" type="Neutral" nite:id="tim_ES2009d_D.role.164"/>
    <role endtime="1507.72" starttime="1505.72" type="Supporter" nite:id="tim_ES2009d_D.role.165"/>
    <role endtime="1520.52" starttime="1507.72" type="Neutral" nite:id="tim_ES2009d_D.role.166"/>
    <role endtime="1521.8" starttime="1520.52" type="Supporter" nite:id="tim_ES2009d_D.role.167"/>
    <role endtime="1537.0" starttime="1521.8" type="Neutral" nite:id="tim_ES2009d_D.role.168"/>
    <role endtime="1542.48" starttime="1537.0" type="Protagonist" nite:id="tim_ES2009d_D.role.169"/>
    <role endtime="1545.56" starttime="1542.48" type="Neutral" nite:id="tim_ES2009d_D.role.170"/>
    <role endtime="1548.24" starttime="1545.56" type="Supporter" nite:id="tim_ES2009d_D.role.171"/>
    <role endtime="1550.2" starttime="1548.24" type="Neutral" nite:id="tim_ES2009d_D.role.172"/>
    <role endtime="1556.28" starttime="1550.2" type="Supporter" nite:id="tim_ES2009d_D.role.173"/>
    <role endtime="1559.32" starttime="1556.28" type="Neutral" nite:id="tim_ES2009d_D.role.174"/>
    <role endtime="1560.36" starttime="1559.32" type="Supporter" nite:id="tim_ES2009d_D.role.175"/>
    <role endtime="1562.68" starttime="1560.36" type="Neutral" nite:id="tim_ES2009d_D.role.176"/>
    <role endtime="1563.2" starttime="1562.68" type="Supporter" nite:id="tim_ES2009d_D.role.177"/>
    <role endtime="1568.72" starttime="1563.2" type="Neutral" nite:id="tim_ES2009d_D.role.178"/>
    <role endtime="1571.68" starttime="1568.72" type="Supporter" nite:id="tim_ES2009d_D.role.179"/>
    <role endtime="1573.08" starttime="1571.68" type="Neutral" nite:id="tim_ES2009d_D.role.180"/>
    <role endtime="1574.48" starttime="1573.08" type="Supporter" nite:id="tim_ES2009d_D.role.181"/>
    <role endtime="1584.94" starttime="1574.48" type="Neutral" nite:id="tim_ES2009d_D.role.182"/>
    <role endtime="1596.84" starttime="1584.94" type="Protagonist" nite:id="tim_ES2009d_D.role.183"/>
    <role endtime="1607.4" starttime="1596.84" type="Neutral" nite:id="tim_ES2009d_D.role.184"/>
    <role endtime="1609.8" starttime="1607.4" type="Supporter" nite:id="tim_ES2009d_D.role.185"/>
    <role endtime="1611.72" starttime="1609.8" type="Neutral" nite:id="tim_ES2009d_D.role.186"/>
    <role comment="question" endtime="1615.36" starttime="1611.72" type="Supporter" nite:id="tim_ES2009d_D.role.187"/>
    <role endtime="1620.96" starttime="1615.36" type="Neutral" nite:id="tim_ES2009d_D.role.188"/>
    <role comment="question" endtime="1622.56" starttime="1620.96" type="Supporter" nite:id="tim_ES2009d_D.role.189"/>
    <role endtime="1625.32" starttime="1622.56" type="Neutral" nite:id="tim_ES2009d_D.role.190"/>
    <role endtime="1626.6" starttime="1625.32" type="Supporter" nite:id="tim_ES2009d_D.role.191"/>
    <role endtime="1636.0" starttime="1626.6" type="Neutral" nite:id="tim_ES2009d_D.role.192"/>
    <role endtime="1645.84" starttime="1636.0" type="Protagonist" nite:id="tim_ES2009d_D.role.193"/>
    <role endtime="1647.64" starttime="1645.84" type="Neutral" nite:id="tim_ES2009d_D.role.194"/>
    <role endtime="1648.56" starttime="1647.64" type="Supporter" nite:id="tim_ES2009d_D.role.195"/>
    <role endtime="1654.94" starttime="1648.56" type="Neutral" nite:id="tim_ES2009d_D.role.196"/>
    <role endtime="1658.12" starttime="1654.94" type="Supporter" nite:id="tim_ES2009d_D.role.197"/>
    <role endtime="1660.74" starttime="1658.12" type="Neutral" nite:id="tim_ES2009d_D.role.198"/>
    <role endtime="1662.56" starttime="1660.74" type="Supporter" nite:id="tim_ES2009d_D.role.199"/>
    <role endtime="1665.6" starttime="1662.56" type="Neutral" nite:id="tim_ES2009d_D.role.200"/>
    <role endtime="1667.0" starttime="1665.6" type="Supporter" nite:id="tim_ES2009d_D.role.201"/>
    <role endtime="1670.08" starttime="1667.0" type="Neutral" nite:id="tim_ES2009d_D.role.202"/>
    <role comment="question" endtime="1673.56" starttime="1670.08" type="Supporter" nite:id="tim_ES2009d_D.role.203"/>
    <role endtime="1687.32" starttime="1673.56" type="Neutral" nite:id="tim_ES2009d_D.role.204"/>
    <role endtime="1688.28" starttime="1687.32" type="Supporter" nite:id="tim_ES2009d_D.role.205"/>
    <role endtime="1689.7" starttime="1688.28" type="Neutral" nite:id="tim_ES2009d_D.role.206"/>
    <role endtime="1713.2" starttime="1689.7" type="Supporter" nite:id="tim_ES2009d_D.role.207"/>
    <role endtime="1715.44" starttime="1713.2" type="Neutral" nite:id="tim_ES2009d_D.role.208"/>
    <role endtime="1716.64" starttime="1715.44" type="Supporter" nite:id="tim_ES2009d_D.role.209"/>
    <role endtime="1719.76" starttime="1716.64" type="Neutral" nite:id="tim_ES2009d_D.role.210"/>
    <role endtime="1721.02" starttime="1719.76" type="Supporter" nite:id="tim_ES2009d_D.role.211"/>
    <role endtime="1727.4" starttime="1721.02" type="Neutral" nite:id="tim_ES2009d_D.role.212"/>
    <role endtime="1729.68" starttime="1727.4" type="Supporter" nite:id="tim_ES2009d_D.role.213"/>
    <role endtime="1740.48" starttime="1729.68" type="Neutral" nite:id="tim_ES2009d_D.role.214"/>
    <role endtime="1742.72" starttime="1740.48" type="Protagonist" nite:id="tim_ES2009d_D.role.215"/>
    <role endtime="1743.64" starttime="1742.72" type="Neutral" nite:id="tim_ES2009d_D.role.216"/>
    <role endtime="1747.96" starttime="1743.64" type="Protagonist" nite:id="tim_ES2009d_D.role.217"/>
    <role endtime="1752.28" starttime="1747.96" type="Neutral" nite:id="tim_ES2009d_D.role.218"/>
    <role endtime="1754.8" starttime="1752.28" type="Supporter" nite:id="tim_ES2009d_D.role.219"/>
    <role endtime="1759.2" starttime="1754.8" type="Protagonist" nite:id="tim_ES2009d_D.role.220"/>
    <role endtime="1762.56" starttime="1759.2" type="Neutral" nite:id="tim_ES2009d_D.role.221"/>
    <role endtime="1765.32" starttime="1762.56" type="Protagonist" nite:id="tim_ES2009d_D.role.222"/>
    <role endtime="1766.92" starttime="1765.32" type="Neutral" nite:id="tim_ES2009d_D.role.223"/>
    <role endtime="1772.12" starttime="1766.92" type="Supporter" nite:id="tim_ES2009d_D.role.224"/>
    <role endtime="1782.36" starttime="1772.12" type="Neutral" nite:id="tim_ES2009d_D.role.225"/>
    <role endtime="1802.28" starttime="1782.36" type="Protagonist" nite:id="tim_ES2009d_D.role.226"/>
    <role endtime="1805.2" starttime="1802.28" type="Neutral" nite:id="tim_ES2009d_D.role.227"/>
    <role endtime="1810.04" starttime="1805.2" type="Supporter" nite:id="tim_ES2009d_D.role.228"/>
    <role endtime="1826.68" starttime="1810.04" type="Neutral" nite:id="tim_ES2009d_D.role.229"/>
    <role endtime="1832.2" starttime="1826.68" type="Supporter" nite:id="tim_ES2009d_D.role.230"/>
    <role endtime="1836.84" starttime="1832.2" type="Neutral" nite:id="tim_ES2009d_D.role.231"/>
    <role endtime="1840.44" starttime="1836.84" type="Protagonist" nite:id="tim_ES2009d_D.role.232"/>
    <role endtime="1847.76" starttime="1840.44" type="Neutral" nite:id="tim_ES2009d_D.role.233"/>
    <role endtime="1848.88" starttime="1847.76" type="Supporter" nite:id="tim_ES2009d_D.role.234"/>
    <role endtime="1865.56" starttime="1848.88" type="Neutral" nite:id="tim_ES2009d_D.role.235"/>
    <role endtime="1868.56" starttime="1865.56" type="Protagonist" nite:id="tim_ES2009d_D.role.236"/>
    <role endtime="1908.28" starttime="1868.56" type="Neutral" nite:id="tim_ES2009d_D.role.237"/>
    <role endtime="1911.84" starttime="1908.28" type="Protagonist" nite:id="tim_ES2009d_D.role.238"/>
    <role endtime="1916.76" starttime="1911.84" type="Neutral" nite:id="tim_ES2009d_D.role.239"/>
    <role endtime="1932.24" starttime="1916.76" type="Protagonist" nite:id="tim_ES2009d_D.role.240"/>
    <role endtime="1944.72" starttime="1932.24" type="Neutral" nite:id="tim_ES2009d_D.role.241"/>
    <role endtime="1945.64" starttime="1944.72" type="Supporter" nite:id="tim_ES2009d_D.role.242"/>
    <role endtime="1958.96" starttime="1945.64" type="Neutral" nite:id="tim_ES2009d_D.role.243"/>
    <role endtime="1962.52" starttime="1958.96" type="Supporter" nite:id="tim_ES2009d_D.role.244"/>
    <role endtime="1963.12" starttime="1962.52" type="Neutral" nite:id="tim_ES2009d_D.role.245"/>
    <role endtime="1973.44" starttime="1963.12" type="Protagonist" nite:id="tim_ES2009d_D.role.246"/>
    <role endtime="1977.52" starttime="1973.44" type="Neutral" nite:id="tim_ES2009d_D.role.247"/>
    <role endtime="1982.64" starttime="1977.52" type="Protagonist" nite:id="tim_ES2009d_D.role.248"/>
    <role endtime="1983.9" starttime="1982.64" type="Neutral" nite:id="tim_ES2009d_D.role.249"/>
    <role endtime="1985.76" starttime="1983.9" type="Supporter" nite:id="tim_ES2009d_D.role.250"/>
    <role endtime="1989.6" starttime="1985.76" type="Neutral" nite:id="tim_ES2009d_D.role.251"/>
    <role endtime="1992.24" starttime="1989.6" type="Supporter" nite:id="tim_ES2009d_D.role.252"/>
    <role endtime="2002.96" starttime="1992.24" type="Neutral" nite:id="tim_ES2009d_D.role.253"/>
    <role endtime="2007.32" starttime="2002.96" type="Supporter" nite:id="tim_ES2009d_D.role.254"/>
    <role endtime="2011.72" starttime="2007.32" type="Neutral" nite:id="tim_ES2009d_D.role.255"/>
    <role endtime="2014.28" starttime="2011.72" type="Supporter" nite:id="tim_ES2009d_D.role.256"/>
    <role endtime="2016.76" starttime="2014.28" type="Neutral" nite:id="tim_ES2009d_D.role.257"/>
    <role endtime="2017.76" starttime="2016.76" type="Supporter" nite:id="tim_ES2009d_D.role.258"/>
    <role endtime="2025.18" starttime="2017.76" type="Neutral" nite:id="tim_ES2009d_D.role.259"/>
    <role endtime="2026.76" starttime="2025.18" type="Supporter" nite:id="tim_ES2009d_D.role.260"/>
    <role endtime="2028.4" starttime="2026.76" type="Neutral" nite:id="tim_ES2009d_D.role.261"/>
    <role endtime="2029.4" starttime="2028.4" type="Supporter" nite:id="tim_ES2009d_D.role.262"/>
    <role endtime="2032.12" starttime="2029.4" type="Neutral" nite:id="tim_ES2009d_D.role.263"/>
    <role endtime="2033.2" starttime="2032.12" type="Supporter" nite:id="tim_ES2009d_D.role.264"/>
    <role endtime="2036.72" starttime="2033.2" type="Neutral" nite:id="tim_ES2009d_D.role.265"/>
    <role endtime="2038.56" starttime="2036.72" type="Supporter" nite:id="tim_ES2009d_D.role.266"/>
    <role endtime="2044.72" starttime="2038.56" type="Protagonist" nite:id="tim_ES2009d_D.role.267"/>
    <role endtime="2047.7" starttime="2044.72" type="Neutral" nite:id="tim_ES2009d_D.role.268"/>
    <role endtime="2067.0" starttime="2047.7" type="Protagonist" nite:id="tim_ES2009d_D.role.269"/>
    <role endtime="2072.0" starttime="2067.0" type="Neutral" nite:id="tim_ES2009d_D.role.270"/>
    <role endtime="2080.72" starttime="2072.0" type="Supporter" nite:id="tim_ES2009d_D.role.271"/>
    <role endtime="2083.36" starttime="2080.72" type="Neutral" nite:id="tim_ES2009d_D.role.272"/>
    <role endtime="2091.32" starttime="2083.36" type="Supporter" nite:id="tim_ES2009d_D.role.273"/>
    <role endtime="2092.88" starttime="2091.32" type="Neutral" nite:id="tim_ES2009d_D.role.274"/>
    <role endtime="2095.48" starttime="2092.88" type="Supporter" nite:id="tim_ES2009d_D.role.275"/>
    <role endtime="2104.92" starttime="2095.48" type="Neutral" nite:id="tim_ES2009d_D.role.276"/>
    <role endtime="2112.36" starttime="2104.92" type="Protagonist" nite:id="tim_ES2009d_D.role.277"/>
    <role endtime="2114.0" starttime="2112.36" type="Neutral" nite:id="tim_ES2009d_D.role.278"/>
    <role endtime="2128.0" starttime="2114.0" type="Protagonist" nite:id="tim_ES2009d_D.role.279"/>
</nite:root>
