<?xml version="1.0" encoding="UTF-8"?>
<nite:root xmlns:nite="http://nite.sourceforge.net/" nite:id="tim_ES2008d_D.nite:root.1">
    <role endtime="65.0" starttime="0.0" type="Neutral" nite:id="tim_ES2008d_D.role.1"/>
    <role endtime="67.16" starttime="65.0" type="Supporter" nite:id="tim_ES2008d_D.role.2"/>
    <role endtime="92.48" starttime="67.16" type="Neutral" nite:id="tim_ES2008d_D.role.3"/>
    <role endtime="93.72" starttime="92.48" type="Supporter" nite:id="tim_ES2008d_D.role.4"/>
    <role endtime="144.0" starttime="93.72" type="Neutral" nite:id="tim_ES2008d_D.role.5"/>
    <role endtime="145.36" starttime="144.0" type="Supporter" nite:id="tim_ES2008d_D.role.6"/>
    <role endtime="189.58" starttime="145.36" type="Neutral" nite:id="tim_ES2008d_D.role.7"/>
    <role endtime="194.08" starttime="189.58" type="Supporter" nite:id="tim_ES2008d_D.role.8"/>
    <role endtime="201.0" starttime="194.08" type="Neutral" nite:id="tim_ES2008d_D.role.9"/>
    <role endtime="203.52" starttime="201.0" type="Supporter" nite:id="tim_ES2008d_D.role.10"/>
    <role endtime="264.0" starttime="203.52" type="Neutral" nite:id="tim_ES2008d_D.role.11"/>
    <role endtime="268.32" starttime="264.0" type="Supporter" nite:id="tim_ES2008d_D.role.12"/>
    <role endtime="278.0" starttime="268.32" type="Neutral" nite:id="tim_ES2008d_D.role.13"/>
    <role endtime="281.5" starttime="278.0" type="Supporter" nite:id="tim_ES2008d_D.role.14"/>
    <role endtime="325.0" starttime="281.5" type="Neutral" nite:id="tim_ES2008d_D.role.15"/>
    <role endtime="327.44" starttime="325.0" type="Supporter" nite:id="tim_ES2008d_D.role.16"/>
    <role endtime="417.0" starttime="327.44" type="Neutral" nite:id="tim_ES2008d_D.role.17"/>
    <role endtime="421.58" starttime="417.0" type="Supporter" nite:id="tim_ES2008d_D.role.18"/>
    <role endtime="492.5" starttime="421.58" type="Neutral" nite:id="tim_ES2008d_D.role.19"/>
    <role endtime="530.5" starttime="492.5" type="Protagonist" nite:id="tim_ES2008d_D.role.20"/>
    <role endtime="534.0" starttime="530.5" type="Neutral" nite:id="tim_ES2008d_D.role.21"/>
    <role endtime="536.0" starttime="534.0" type="Supporter" nite:id="tim_ES2008d_D.role.22"/>
    <role endtime="538.5" starttime="536.0" type="Neutral" nite:id="tim_ES2008d_D.role.23"/>
    <role endtime="540.44" starttime="538.5" type="Supporter" nite:id="tim_ES2008d_D.role.24"/>
    <role endtime="546.28" starttime="540.44" type="Neutral" nite:id="tim_ES2008d_D.role.25"/>
    <role endtime="568.76" starttime="546.28" type="Protagonist" nite:id="tim_ES2008d_D.role.26"/>
    <role endtime="674.54" starttime="568.76" type="Neutral" nite:id="tim_ES2008d_D.role.27"/>
    <role comment="Introducing product review" endtime="747.32" starttime="674.54" type="Protagonist" nite:id="tim_ES2008d_D.role.28"/>
    <role comment="Soliciting responses" endtime="1279.0" starttime="747.32" type="Gatekeeper" nite:id="tim_ES2008d_D.role.29"/>
    <role endtime="1297.0" starttime="1279.0" type="Neutral" nite:id="tim_ES2008d_D.role.30"/>
    <role endtime="1298.2" starttime="1297.0" type="Supporter" nite:id="tim_ES2008d_D.role.31"/>
    <role endtime="1333.0" starttime="1298.2" type="Neutral" nite:id="tim_ES2008d_D.role.32"/>
    <role endtime="1334.28" starttime="1333.0" type="Supporter" nite:id="tim_ES2008d_D.role.33"/>
    <role endtime="1342.0" starttime="1334.28" type="Neutral" nite:id="tim_ES2008d_D.role.34"/>
    <role endtime="1344.2" starttime="1342.0" type="Supporter" nite:id="tim_ES2008d_D.role.35"/>
    <role endtime="1348.0" starttime="1344.2" type="Neutral" nite:id="tim_ES2008d_D.role.36"/>
    <role endtime="1349.68" starttime="1348.0" type="Supporter" nite:id="tim_ES2008d_D.role.37"/>
    <role endtime="1352.0" starttime="1349.68" type="Neutral" nite:id="tim_ES2008d_D.role.38"/>
    <role endtime="1365.6" starttime="1352.0" type="Supporter" nite:id="tim_ES2008d_D.role.39"/>
    <role endtime="1367.6" starttime="1365.6" type="Neutral" nite:id="tim_ES2008d_D.role.40"/>
    <role endtime="1371.12" starttime="1367.6" type="Supporter" nite:id="tim_ES2008d_D.role.41"/>
    <role endtime="1393.76" starttime="1371.12" type="Neutral" nite:id="tim_ES2008d_D.role.42"/>
    <role endtime="1395.0" starttime="1393.76" type="Supporter" nite:id="tim_ES2008d_D.role.43"/>
    <role endtime="1400.04" starttime="1395.0" type="Neutral" nite:id="tim_ES2008d_D.role.44"/>
    <role endtime="1404.0" starttime="1400.04" type="Supporter" nite:id="tim_ES2008d_D.role.45"/>
    <role endtime="1415.5" starttime="1404.0" type="Neutral" nite:id="tim_ES2008d_D.role.46"/>
    <role endtime="1416.5" starttime="1415.5" type="Supporter" nite:id="tim_ES2008d_D.role.47"/>
    <role endtime="1428.5" starttime="1416.5" type="Neutral" nite:id="tim_ES2008d_D.role.48"/>
    <role endtime="1430.12" starttime="1428.5" type="Supporter" nite:id="tim_ES2008d_D.role.49"/>
    <role endtime="1438.96" starttime="1430.12" type="Neutral" nite:id="tim_ES2008d_D.role.50"/>
    <role endtime="1441.6" starttime="1438.96" type="Supporter" nite:id="tim_ES2008d_D.role.51"/>
    <role endtime="1463.8" starttime="1441.6" type="Neutral" nite:id="tim_ES2008d_D.role.52"/>
    <role endtime="1471.25" starttime="1463.8" type="Supporter" nite:id="tim_ES2008d_D.role.53"/>
    <role endtime="1481.32" starttime="1471.25" type="Neutral" nite:id="tim_ES2008d_D.role.54"/>
    <role endtime="1482.8" starttime="1481.32" type="Supporter" nite:id="tim_ES2008d_D.role.55"/>
    <role endtime="1499.04" starttime="1482.8" type="Neutral" nite:id="tim_ES2008d_D.role.56"/>
    <role endtime="1501.6" starttime="1499.04" type="Supporter" nite:id="tim_ES2008d_D.role.57"/>
    <role endtime="1537.84" starttime="1501.6" type="Neutral" nite:id="tim_ES2008d_D.role.58"/>
    <role endtime="1538.92" starttime="1537.84" type="Supporter" nite:id="tim_ES2008d_D.role.59"/>
    <role endtime="1562.52" starttime="1538.92" type="Neutral" nite:id="tim_ES2008d_D.role.60"/>
    <role endtime="1563.14" starttime="1562.52" type="Supporter" nite:id="tim_ES2008d_D.role.61"/>
    <role endtime="1640.0" starttime="1563.14" type="Neutral" nite:id="tim_ES2008d_D.role.62"/>
    <role endtime="1647.36" starttime="1640.0" type="Supporter" nite:id="tim_ES2008d_D.role.63"/>
    <role endtime="1649.48" starttime="1647.36" type="Neutral" nite:id="tim_ES2008d_D.role.64"/>
    <role endtime="1675.8" starttime="1649.48" type="Protagonist" nite:id="tim_ES2008d_D.role.65"/>
    <role endtime="1688.58" starttime="1675.8" type="Neutral" nite:id="tim_ES2008d_D.role.66"/>
    <role comment="Nod" endtime="1697.44" starttime="1688.58" type="Supporter" nite:id="tim_ES2008d_D.role.67"/>
    <role endtime="1700.04" starttime="1697.44" type="Neutral" nite:id="tim_ES2008d_D.role.68"/>
    <role endtime="1703.86" starttime="1700.04" type="Supporter" nite:id="tim_ES2008d_D.role.69"/>
    <role endtime="1710.06" starttime="1703.86" type="Neutral" nite:id="tim_ES2008d_D.role.70"/>
    <role endtime="1715.24" starttime="1710.06" type="Supporter" nite:id="tim_ES2008d_D.role.71"/>
    <role endtime="1718.04" starttime="1715.24" type="Neutral" nite:id="tim_ES2008d_D.role.72"/>
    <role endtime="1720.48" starttime="1718.04" type="Supporter" nite:id="tim_ES2008d_D.role.73"/>
    <role endtime="1752.04" starttime="1720.48" type="Neutral" nite:id="tim_ES2008d_D.role.74"/>
    <role endtime="1755.16" starttime="1752.04" type="Supporter" nite:id="tim_ES2008d_D.role.75"/>
    <role endtime="1804.2" starttime="1755.16" type="Neutral" nite:id="tim_ES2008d_D.role.76"/>
    <role endtime="1806.24" starttime="1804.2" type="Supporter" nite:id="tim_ES2008d_D.role.77"/>
    <role endtime="1809.0" starttime="1806.24" type="Neutral" nite:id="tim_ES2008d_D.role.78"/>
    <role endtime="1817.92" starttime="1809.0" type="Supporter" nite:id="tim_ES2008d_D.role.79"/>
    <role endtime="1823.0" starttime="1817.92" type="Neutral" nite:id="tim_ES2008d_D.role.80"/>
    <role endtime="1826.44" starttime="1823.0" type="Supporter" nite:id="tim_ES2008d_D.role.81"/>
    <role endtime="1831.84" starttime="1826.44" type="Neutral" nite:id="tim_ES2008d_D.role.82"/>
    <role endtime="1834.28" starttime="1831.84" type="Supporter" nite:id="tim_ES2008d_D.role.83"/>
    <role endtime="1837.58" starttime="1834.28" type="Neutral" nite:id="tim_ES2008d_D.role.84"/>
    <role endtime="1839.28" starttime="1837.58" type="Supporter" nite:id="tim_ES2008d_D.role.85"/>
    <role endtime="1849.0" starttime="1839.28" type="Neutral" nite:id="tim_ES2008d_D.role.86"/>
    <role endtime="1851.42" starttime="1849.0" type="Supporter" nite:id="tim_ES2008d_D.role.87"/>
    <role endtime="1867.0" starttime="1851.42" type="Neutral" nite:id="tim_ES2008d_D.role.88"/>
    <role endtime="1871.2" starttime="1867.0" type="Supporter" nite:id="tim_ES2008d_D.role.89"/>
    <role endtime="1872.0" starttime="1871.2" type="Neutral" nite:id="tim_ES2008d_D.role.90"/>
    <role comment="Laugh" endtime="1879.12" starttime="1872.0" type="Supporter" nite:id="tim_ES2008d_D.role.91"/>
    <role endtime="1889.6" starttime="1879.12" type="Neutral" nite:id="tim_ES2008d_D.role.92"/>
    <role endtime="1901.8" starttime="1889.6" type="Supporter" nite:id="tim_ES2008d_D.role.93"/>
    <role endtime="1906.76" starttime="1901.8" type="Neutral" nite:id="tim_ES2008d_D.role.94"/>
    <role endtime="1934.4" starttime="1906.76" type="Supporter" nite:id="tim_ES2008d_D.role.95"/>
    <role endtime="1942.5" starttime="1934.4" type="Neutral" nite:id="tim_ES2008d_D.role.96"/>
    <role endtime="1943.5" starttime="1942.5" type="Supporter" nite:id="tim_ES2008d_D.role.97"/>
    <role endtime="1946.0" starttime="1943.5" type="Neutral" nite:id="tim_ES2008d_D.role.98"/>
    <role endtime="1949.16" starttime="1946.0" type="Supporter" nite:id="tim_ES2008d_D.role.99"/>
    <role endtime="1963.0" starttime="1949.16" type="Neutral" nite:id="tim_ES2008d_D.role.100"/>
    <role endtime="1973.96" starttime="1963.0" type="Supporter" nite:id="tim_ES2008d_D.role.101"/>
    <role endtime="1980.5" starttime="1973.96" type="Neutral" nite:id="tim_ES2008d_D.role.102"/>
    <role endtime="1981.56" starttime="1980.5" type="Supporter" nite:id="tim_ES2008d_D.role.103"/>
    <role endtime="2005.0" starttime="1981.56" type="Neutral" nite:id="tim_ES2008d_D.role.104"/>
    <role endtime="2021.96" starttime="2005.0" type="Protagonist" nite:id="tim_ES2008d_D.role.105"/>
    <role endtime="2025.08" starttime="2021.96" type="Neutral" nite:id="tim_ES2008d_D.role.106"/>
    <role endtime="2035.6" starttime="2025.08" type="Protagonist" nite:id="tim_ES2008d_D.role.107"/>
    <role endtime="2039.0" starttime="2035.6" type="Neutral" nite:id="tim_ES2008d_D.role.108"/>
    <role endtime="2040.0" starttime="2039.0" type="Supporter" nite:id="tim_ES2008d_D.role.109"/>
    <role endtime="2110.02" starttime="2040.0" type="Neutral" nite:id="tim_ES2008d_D.role.110"/>
    <role endtime="2112.76" starttime="2110.02" type="Supporter" nite:id="tim_ES2008d_D.role.111"/>
    <role endtime="2219.0" starttime="2112.76" type="Neutral" nite:id="tim_ES2008d_D.role.112"/>
    <role endtime="2234.64" starttime="2219.0" type="Protagonist" nite:id="tim_ES2008d_D.role.113"/>
    <role endtime="2254.36" starttime="2234.64" type="Neutral" nite:id="tim_ES2008d_D.role.114"/>
    <role endtime="2255.0" starttime="2254.36" type="Supporter" nite:id="tim_ES2008d_D.role.115"/>
    <role endtime="2286.36" starttime="2255.0" type="Neutral" nite:id="tim_ES2008d_D.role.116"/>
    <role endtime="2299.96" starttime="2286.36" type="Protagonist" nite:id="tim_ES2008d_D.role.117"/>
    <role endtime="2340.6" starttime="2299.96" type="Neutral" nite:id="tim_ES2008d_D.role.118"/>
    <role endtime="2345.28" starttime="2340.6" type="Supporter" nite:id="tim_ES2008d_D.role.119"/>
    <role endtime="2350.8" starttime="2345.28" type="Neutral" nite:id="tim_ES2008d_D.role.120"/>
    <role endtime="2356.84" starttime="2350.8" type="Supporter" nite:id="tim_ES2008d_D.role.121"/>
    <role endtime="2368.0" starttime="2356.84" type="Neutral" nite:id="tim_ES2008d_D.role.122"/>
    <role endtime="2378.32" starttime="2368.0" type="Supporter" nite:id="tim_ES2008d_D.role.123"/>
    <role endtime="2384.14" starttime="2378.32" type="Neutral" nite:id="tim_ES2008d_D.role.124"/>
    <role endtime="2387.02" starttime="2384.14" type="Supporter" nite:id="tim_ES2008d_D.role.125"/>
    <role endtime="2497.48" starttime="2387.02" type="Neutral" nite:id="tim_ES2008d_D.role.126"/>
    <role endtime="2508.6" starttime="2497.48" type="Supporter" nite:id="tim_ES2008d_D.role.127"/>
    <role endtime="2515.54" starttime="2508.6" type="Neutral" nite:id="tim_ES2008d_D.role.128"/>
    <role endtime="2517.3" starttime="2515.54" type="Supporter" nite:id="tim_ES2008d_D.role.129"/>
    <role endtime="2524.08" starttime="2517.3" type="Neutral" nite:id="tim_ES2008d_D.role.130"/>
    <role endtime="2529.16" starttime="2524.08" type="Supporter" nite:id="tim_ES2008d_D.role.131"/>
    <role endtime="2534.5" starttime="2529.16" type="Neutral" nite:id="tim_ES2008d_D.role.132"/>
    <role endtime="2538.24" starttime="2534.5" type="Supporter" nite:id="tim_ES2008d_D.role.133"/>
    <role endtime="2540.16" starttime="2538.24" type="Neutral" nite:id="tim_ES2008d_D.role.134"/>
    <role endtime="2541.64" starttime="2540.16" type="Supporter" nite:id="tim_ES2008d_D.role.135"/>
    <role endtime="2549.0" starttime="2541.64" type="Neutral" nite:id="tim_ES2008d_D.role.136"/>
    <role endtime="2570.52" starttime="2549.0" type="Supporter" nite:id="tim_ES2008d_D.role.137"/>
    <role endtime="2579.44" starttime="2570.52" type="Neutral" nite:id="tim_ES2008d_D.role.138"/>
    <role endtime="2583.04" starttime="2579.44" type="Supporter" nite:id="tim_ES2008d_D.role.139"/>
    <role endtime="2595.0" starttime="2583.04" type="Neutral" nite:id="tim_ES2008d_D.role.140"/>
    <role endtime="2604.92" starttime="2595.0" type="Protagonist" nite:id="tim_ES2008d_D.role.141"/>
    <role endtime="2613.52" starttime="2604.92" type="Neutral" nite:id="tim_ES2008d_D.role.142"/>
    <role endtime="2615.96" starttime="2613.52" type="Supporter" nite:id="tim_ES2008d_D.role.143"/>
    <role endtime="2641.0" starttime="2615.96" type="Neutral" nite:id="tim_ES2008d_D.role.144"/>
</nite:root>
