<?xml version="1.0" encoding="UTF-8"?>
<nite:root xmlns:nite="http://nite.sourceforge.net/" nite:id="tim_ES2009d_B.nite:root.1">
    <role endtime="54.16" starttime="0.0" type="Neutral" nite:id="tim_ES2009d_B.role.1"/>
    <role endtime="57.48" starttime="54.16" type="Supporter" nite:id="tim_ES2009d_B.role.2"/>
    <role endtime="78.4" starttime="57.48" type="Neutral" nite:id="tim_ES2009d_B.role.3"/>
    <role endtime="80.26" starttime="78.4" type="Supporter" nite:id="tim_ES2009d_B.role.4"/>
    <role endtime="108.86" starttime="80.26" type="Neutral" nite:id="tim_ES2009d_B.role.5"/>
    <role endtime="110.48" starttime="108.86" type="Supporter" nite:id="tim_ES2009d_B.role.6"/>
    <role endtime="192.2" starttime="110.48" type="Neutral" nite:id="tim_ES2009d_B.role.7"/>
    <role endtime="269.88" starttime="192.2" type="Protagonist" nite:id="tim_ES2009d_B.role.8"/>
    <role endtime="283.84" starttime="269.88" type="Neutral" nite:id="tim_ES2009d_B.role.9"/>
    <role endtime="286.84" starttime="283.84" type="Supporter" nite:id="tim_ES2009d_B.role.10"/>
    <role endtime="343.56" starttime="286.84" type="Neutral" nite:id="tim_ES2009d_B.role.11"/>
    <role endtime="365.6" starttime="343.56" type="Protagonist" nite:id="tim_ES2009d_B.role.12"/>
    <role endtime="376.84" starttime="365.6" type="Neutral" nite:id="tim_ES2009d_B.role.13"/>
    <role endtime="387.04" starttime="376.84" type="Protagonist" nite:id="tim_ES2009d_B.role.14"/>
    <role endtime="394.8" starttime="387.04" type="Neutral" nite:id="tim_ES2009d_B.role.15"/>
    <role endtime="401.76" starttime="394.8" type="Supporter" nite:id="tim_ES2009d_B.role.16"/>
    <role endtime="410.92" starttime="401.76" type="Neutral" nite:id="tim_ES2009d_B.role.17"/>
    <role endtime="415.32" starttime="410.92" type="Supporter" nite:id="tim_ES2009d_B.role.18"/>
    <role endtime="423.8" starttime="415.32" type="Neutral" nite:id="tim_ES2009d_B.role.19"/>
    <role endtime="485.92" starttime="423.8" type="Protagonist" nite:id="tim_ES2009d_B.role.20"/>
    <role endtime="521.8" starttime="485.92" type="Neutral" nite:id="tim_ES2009d_B.role.21"/>
    <role endtime="522.8" starttime="521.8" type="Supporter" nite:id="tim_ES2009d_B.role.22"/>
    <role endtime="531.92" starttime="522.8" type="Neutral" nite:id="tim_ES2009d_B.role.23"/>
    <role endtime="533.56" starttime="531.92" type="Gatekeeper" nite:id="tim_ES2009d_B.role.24"/>
    <role endtime="545.0" starttime="533.56" type="Neutral" nite:id="tim_ES2009d_B.role.25"/>
    <role endtime="548.68" starttime="545.0" type="Supporter" nite:id="tim_ES2009d_B.role.26"/>
    <role endtime="552.26" starttime="548.68" type="Neutral" nite:id="tim_ES2009d_B.role.27"/>
    <role comment="Not sure what he says here; probably support." endtime="553.8" starttime="552.26" type="Supporter" nite:id="tim_ES2009d_B.role.28"/>
    <role endtime="554.28" starttime="553.8" type="Neutral" nite:id="tim_ES2009d_B.role.29"/>
    <role endtime="556.32" starttime="554.28" type="Gatekeeper" nite:id="tim_ES2009d_B.role.30"/>
    <role endtime="568.48" starttime="556.32" type="Protagonist" nite:id="tim_ES2009d_B.role.31"/>
    <role endtime="595.26" starttime="568.48" type="Neutral" nite:id="tim_ES2009d_B.role.32"/>
    <role endtime="619.8" starttime="595.26" type="Protagonist" nite:id="tim_ES2009d_B.role.33"/>
    <role endtime="620.5" starttime="619.8" type="Neutral" nite:id="tim_ES2009d_B.role.34"/>
    <role endtime="621.4" starttime="620.5" type="Supporter" nite:id="tim_ES2009d_B.role.35"/>
    <role endtime="665.92" starttime="621.4" type="Neutral" nite:id="tim_ES2009d_B.role.36"/>
    <role endtime="670.56" starttime="665.92" type="Supporter" nite:id="tim_ES2009d_B.role.37"/>
    <role endtime="688.12" starttime="670.56" type="Neutral" nite:id="tim_ES2009d_B.role.38"/>
    <role endtime="693.4" starttime="688.12" type="Supporter" nite:id="tim_ES2009d_B.role.39"/>
    <role endtime="698.08" starttime="693.4" type="Neutral" nite:id="tim_ES2009d_B.role.40"/>
    <role endtime="701.44" starttime="698.08" type="Supporter" nite:id="tim_ES2009d_B.role.41"/>
    <role endtime="715.78" starttime="701.44" type="Neutral" nite:id="tim_ES2009d_B.role.42"/>
    <role endtime="716.8" starttime="715.78" type="Supporter" nite:id="tim_ES2009d_B.role.43"/>
    <role endtime="727.16" starttime="716.8" type="Neutral" nite:id="tim_ES2009d_B.role.44"/>
    <role endtime="740.52" starttime="727.16" type="Supporter" nite:id="tim_ES2009d_B.role.45"/>
    <role endtime="743.84" starttime="740.52" type="Neutral" nite:id="tim_ES2009d_B.role.46"/>
    <role endtime="747.6" starttime="743.84" type="Supporter" nite:id="tim_ES2009d_B.role.47"/>
    <role endtime="759.6" starttime="747.6" type="Neutral" nite:id="tim_ES2009d_B.role.48"/>
    <role endtime="761.16" starttime="759.6" type="Gatekeeper" nite:id="tim_ES2009d_B.role.49"/>
    <role endtime="773.46" starttime="761.16" type="Neutral" nite:id="tim_ES2009d_B.role.50"/>
    <role endtime="799.72" starttime="773.46" type="Protagonist" nite:id="tim_ES2009d_B.role.51"/>
    <role endtime="901.88" starttime="799.72" type="Neutral" nite:id="tim_ES2009d_B.role.52"/>
    <role endtime="909.68" starttime="901.88" type="Supporter" nite:id="tim_ES2009d_B.role.53"/>
    <role endtime="939.52" starttime="909.68" type="Neutral" nite:id="tim_ES2009d_B.role.54"/>
    <role endtime="941.68" starttime="939.52" type="Supporter" nite:id="tim_ES2009d_B.role.55"/>
    <role endtime="981.4" starttime="941.68" type="Neutral" nite:id="tim_ES2009d_B.role.56"/>
    <role endtime="983.92" starttime="981.4" type="Supporter" nite:id="tim_ES2009d_B.role.57"/>
    <role endtime="1037.4" starttime="983.92" type="Neutral" nite:id="tim_ES2009d_B.role.58"/>
    <role endtime="1039.04" starttime="1037.4" type="Supporter" nite:id="tim_ES2009d_B.role.59"/>
    <role endtime="1042.16" starttime="1039.04" type="Neutral" nite:id="tim_ES2009d_B.role.60"/>
    <role endtime="1043.08" starttime="1042.16" type="Supporter" nite:id="tim_ES2009d_B.role.61"/>
    <role endtime="1048.0" starttime="1043.08" type="Neutral" nite:id="tim_ES2009d_B.role.62"/>
    <role endtime="1049.0" starttime="1048.0" type="Supporter" nite:id="tim_ES2009d_B.role.63"/>
    <role endtime="1066.2" starttime="1049.0" type="Neutral" nite:id="tim_ES2009d_B.role.64"/>
    <role endtime="1071.64" starttime="1066.2" type="Protagonist" nite:id="tim_ES2009d_B.role.65"/>
    <role endtime="1080.4" starttime="1071.64" type="Neutral" nite:id="tim_ES2009d_B.role.66"/>
    <role endtime="1082.36" starttime="1080.4" type="Supporter" nite:id="tim_ES2009d_B.role.67"/>
    <role endtime="1106.44" starttime="1082.36" type="Neutral" nite:id="tim_ES2009d_B.role.68"/>
    <role endtime="1110.48" starttime="1106.44" type="Supporter" nite:id="tim_ES2009d_B.role.69"/>
    <role endtime="1124.04" starttime="1110.48" type="Neutral" nite:id="tim_ES2009d_B.role.70"/>
    <role endtime="1125.04" starttime="1124.04" type="Supporter" nite:id="tim_ES2009d_B.role.71"/>
    <role endtime="1128.54" starttime="1125.04" type="Neutral" nite:id="tim_ES2009d_B.role.72"/>
    <role endtime="1132.04" starttime="1128.54" type="Supporter" nite:id="tim_ES2009d_B.role.73"/>
    <role endtime="1151.92" starttime="1132.04" type="Neutral" nite:id="tim_ES2009d_B.role.74"/>
    <role endtime="1156.88" starttime="1151.92" type="Supporter" nite:id="tim_ES2009d_B.role.75"/>
    <role endtime="1179.4" starttime="1156.88" type="Neutral" nite:id="tim_ES2009d_B.role.76"/>
    <role endtime="1180.48" starttime="1179.4" type="Supporter" nite:id="tim_ES2009d_B.role.77"/>
    <role endtime="1203.64" starttime="1180.48" type="Neutral" nite:id="tim_ES2009d_B.role.78"/>
    <role endtime="1205.54" starttime="1203.64" type="Supporter" nite:id="tim_ES2009d_B.role.79"/>
    <role endtime="1217.68" starttime="1205.54" type="Neutral" nite:id="tim_ES2009d_B.role.80"/>
    <role endtime="1219.14" starttime="1217.68" type="Supporter" nite:id="tim_ES2009d_B.role.81"/>
    <role endtime="1224.76" starttime="1219.14" type="Neutral" nite:id="tim_ES2009d_B.role.82"/>
    <role endtime="1228.88" starttime="1224.76" type="Supporter" nite:id="tim_ES2009d_B.role.83"/>
    <role endtime="1252.72" starttime="1228.88" type="Neutral" nite:id="tim_ES2009d_B.role.84"/>
    <role endtime="1257.04" starttime="1252.72" type="Supporter" nite:id="tim_ES2009d_B.role.85"/>
    <role endtime="1266.44" starttime="1257.04" type="Neutral" nite:id="tim_ES2009d_B.role.86"/>
    <role endtime="1267.68" starttime="1266.44" type="Supporter" nite:id="tim_ES2009d_B.role.87"/>
    <role endtime="1274.68" starttime="1267.68" type="Neutral" nite:id="tim_ES2009d_B.role.88"/>
    <role endtime="1280.16" starttime="1274.68" type="Protagonist" nite:id="tim_ES2009d_B.role.89"/>
    <role endtime="1283.04" starttime="1280.16" type="Neutral" nite:id="tim_ES2009d_B.role.90"/>
    <role endtime="1298.04" starttime="1283.04" type="Supporter" nite:id="tim_ES2009d_B.role.91"/>
    <role endtime="1310.68" starttime="1298.04" type="Neutral" nite:id="tim_ES2009d_B.role.92"/>
    <role endtime="1332.08" starttime="1310.68" type="Supporter" nite:id="tim_ES2009d_B.role.93"/>
    <role endtime="1336.16" starttime="1332.08" type="Neutral" nite:id="tim_ES2009d_B.role.94"/>
    <role endtime="1337.08" starttime="1336.16" type="Supporter" nite:id="tim_ES2009d_B.role.95"/>
    <role endtime="1368.4" starttime="1337.08" type="Neutral" nite:id="tim_ES2009d_B.role.96"/>
    <role comment="Attempt to take floor (failed)" endtime="1369.2" starttime="1368.4" type="Protagonist" nite:id="tim_ES2009d_B.role.97"/>
    <role endtime="1377.04" starttime="1369.2" type="Neutral" nite:id="tim_ES2009d_B.role.98"/>
    <role endtime="1377.94" starttime="1377.04" type="Supporter" nite:id="tim_ES2009d_B.role.99"/>
    <role endtime="1384.7" starttime="1377.94" type="Neutral" nite:id="tim_ES2009d_B.role.100"/>
    <role endtime="1387.06" starttime="1384.7" type="Supporter" nite:id="tim_ES2009d_B.role.101"/>
    <role endtime="1399.4" starttime="1387.06" type="Protagonist" nite:id="tim_ES2009d_B.role.102"/>
    <role endtime="1403.44" starttime="1399.4" type="Neutral" nite:id="tim_ES2009d_B.role.103"/>
    <role endtime="1405.8" starttime="1403.44" type="Supporter" nite:id="tim_ES2009d_B.role.104"/>
    <role endtime="1427.6" starttime="1405.8" type="Neutral" nite:id="tim_ES2009d_B.role.105"/>
    <role endtime="1430.6" starttime="1427.6" type="Supporter" nite:id="tim_ES2009d_B.role.106"/>
    <role endtime="1437.46" starttime="1430.6" type="Neutral" nite:id="tim_ES2009d_B.role.107"/>
    <role endtime="1438.2" starttime="1437.46" type="Supporter" nite:id="tim_ES2009d_B.role.108"/>
    <role endtime="1440.24" starttime="1438.2" type="Neutral" nite:id="tim_ES2009d_B.role.109"/>
    <role endtime="1441.24" starttime="1440.24" type="Supporter" nite:id="tim_ES2009d_B.role.110"/>
    <role endtime="1466.66" starttime="1441.24" type="Neutral" nite:id="tim_ES2009d_B.role.111"/>
    <role comment="Nod" endtime="1468.32" starttime="1466.66" type="Supporter" nite:id="tim_ES2009d_B.role.112"/>
    <role endtime="1472.96" starttime="1468.32" type="Neutral" nite:id="tim_ES2009d_B.role.113"/>
    <role endtime="1475.72" starttime="1472.96" type="Supporter" nite:id="tim_ES2009d_B.role.114"/>
    <role endtime="1479.44" starttime="1475.72" type="Neutral" nite:id="tim_ES2009d_B.role.115"/>
    <role endtime="1481.52" starttime="1479.44" type="Supporter" nite:id="tim_ES2009d_B.role.116"/>
    <role endtime="1506.24" starttime="1481.52" type="Neutral" nite:id="tim_ES2009d_B.role.117"/>
    <role endtime="1507.24" starttime="1506.24" type="Supporter" nite:id="tim_ES2009d_B.role.118"/>
    <role endtime="1527.52" starttime="1507.24" type="Neutral" nite:id="tim_ES2009d_B.role.119"/>
    <role endtime="1534.32" starttime="1527.52" type="Protagonist" nite:id="tim_ES2009d_B.role.120"/>
    <role endtime="1539.56" starttime="1534.32" type="Neutral" nite:id="tim_ES2009d_B.role.121"/>
    <role endtime="1548.56" starttime="1539.56" type="Supporter" nite:id="tim_ES2009d_B.role.122"/>
    <role endtime="1582.76" starttime="1548.56" type="Neutral" nite:id="tim_ES2009d_B.role.123"/>
    <role endtime="1586.68" starttime="1582.76" type="Supporter" nite:id="tim_ES2009d_B.role.124"/>
    <role endtime="1610.88" starttime="1586.68" type="Neutral" nite:id="tim_ES2009d_B.role.125"/>
    <role endtime="1611.88" starttime="1610.88" type="Supporter" nite:id="tim_ES2009d_B.role.126"/>
    <role endtime="1626.42" starttime="1611.88" type="Neutral" nite:id="tim_ES2009d_B.role.127"/>
    <role endtime="1628.56" starttime="1626.42" type="Supporter" nite:id="tim_ES2009d_B.role.128"/>
    <role endtime="1635.34" starttime="1628.56" type="Neutral" nite:id="tim_ES2009d_B.role.129"/>
    <role endtime="1637.28" starttime="1635.34" type="Supporter" nite:id="tim_ES2009d_B.role.130"/>
    <role endtime="1639.44" starttime="1637.28" type="Neutral" nite:id="tim_ES2009d_B.role.131"/>
    <role endtime="1641.0" starttime="1639.44" type="Supporter" nite:id="tim_ES2009d_B.role.132"/>
    <role endtime="1645.64" starttime="1641.0" type="Neutral" nite:id="tim_ES2009d_B.role.133"/>
    <role endtime="1647.92" starttime="1645.64" type="Supporter" nite:id="tim_ES2009d_B.role.134"/>
    <role endtime="1667.38" starttime="1647.92" type="Neutral" nite:id="tim_ES2009d_B.role.135"/>
    <role endtime="1670.76" starttime="1667.38" type="Supporter" nite:id="tim_ES2009d_B.role.136"/>
    <role endtime="1698.08" starttime="1670.76" type="Neutral" nite:id="tim_ES2009d_B.role.137"/>
    <role endtime="1699.28" starttime="1698.08" type="Supporter" nite:id="tim_ES2009d_B.role.138"/>
    <role endtime="1704.42" starttime="1699.28" type="Neutral" nite:id="tim_ES2009d_B.role.139"/>
    <role endtime="1709.12" starttime="1704.42" type="Supporter" nite:id="tim_ES2009d_B.role.140"/>
    <role endtime="1710.08" starttime="1709.12" type="Neutral" nite:id="tim_ES2009d_B.role.141"/>
    <role endtime="1721.36" starttime="1710.08" type="Protagonist" nite:id="tim_ES2009d_B.role.142"/>
    <role endtime="1726.92" starttime="1721.36" type="Neutral" nite:id="tim_ES2009d_B.role.143"/>
    <role endtime="1728.96" starttime="1726.92" type="Supporter" nite:id="tim_ES2009d_B.role.144"/>
    <role endtime="1740.34" starttime="1728.96" type="Neutral" nite:id="tim_ES2009d_B.role.145"/>
    <role endtime="1744.04" starttime="1740.34" type="Supporter" nite:id="tim_ES2009d_B.role.146"/>
    <role endtime="1759.52" starttime="1744.04" type="Neutral" nite:id="tim_ES2009d_B.role.147"/>
    <role endtime="1762.48" starttime="1759.52" type="Supporter" nite:id="tim_ES2009d_B.role.148"/>
    <role endtime="1770.38" starttime="1762.48" type="Neutral" nite:id="tim_ES2009d_B.role.149"/>
    <role endtime="1774.36" starttime="1770.38" type="Supporter" nite:id="tim_ES2009d_B.role.150"/>
    <role endtime="1785.72" starttime="1774.36" type="Neutral" nite:id="tim_ES2009d_B.role.151"/>
    <role endtime="1787.4" starttime="1785.72" type="Supporter" nite:id="tim_ES2009d_B.role.152"/>
    <role endtime="1788.08" starttime="1787.4" type="Neutral" nite:id="tim_ES2009d_B.role.153"/>
    <role endtime="1791.92" starttime="1788.08" type="Supporter" nite:id="tim_ES2009d_B.role.154"/>
    <role endtime="1802.76" starttime="1791.92" type="Neutral" nite:id="tim_ES2009d_B.role.155"/>
    <role endtime="1805.96" starttime="1802.76" type="Supporter" nite:id="tim_ES2009d_B.role.156"/>
    <role endtime="1828.64" starttime="1805.96" type="Neutral" nite:id="tim_ES2009d_B.role.157"/>
    <role comment="Laugh" endtime="1830.64" starttime="1828.64" type="Supporter" nite:id="tim_ES2009d_B.role.158"/>
    <role endtime="1838.6" starttime="1830.64" type="Neutral" nite:id="tim_ES2009d_B.role.159"/>
    <role endtime="1840.76" starttime="1838.6" type="Supporter" nite:id="tim_ES2009d_B.role.160"/>
    <role endtime="1872.6" starttime="1840.76" type="Neutral" nite:id="tim_ES2009d_B.role.161"/>
    <role endtime="1873.96" starttime="1872.6" type="Supporter" nite:id="tim_ES2009d_B.role.162"/>
    <role endtime="1899.96" starttime="1873.96" type="Neutral" nite:id="tim_ES2009d_B.role.163"/>
    <role endtime="1902.16" starttime="1899.96" type="Supporter" nite:id="tim_ES2009d_B.role.164"/>
    <role endtime="1960.12" starttime="1902.16" type="Neutral" nite:id="tim_ES2009d_B.role.165"/>
    <role endtime="1963.04" starttime="1960.12" type="Protagonist" nite:id="tim_ES2009d_B.role.166"/>
    <role endtime="1979.38" starttime="1963.04" type="Neutral" nite:id="tim_ES2009d_B.role.167"/>
    <role endtime="1981.04" starttime="1979.38" type="Supporter" nite:id="tim_ES2009d_B.role.168"/>
    <role endtime="1982.96" starttime="1981.04" type="Neutral" nite:id="tim_ES2009d_B.role.169"/>
    <role endtime="1984.36" starttime="1982.96" type="Supporter" nite:id="tim_ES2009d_B.role.170"/>
    <role endtime="1999.72" starttime="1984.36" type="Neutral" nite:id="tim_ES2009d_B.role.171"/>
    <role endtime="2007.52" starttime="1999.72" type="Protagonist" nite:id="tim_ES2009d_B.role.172"/>
    <role endtime="2016.32" starttime="2007.52" type="Neutral" nite:id="tim_ES2009d_B.role.173"/>
    <role endtime="2017.48" starttime="2016.32" type="Supporter" nite:id="tim_ES2009d_B.role.174"/>
    <role endtime="2038.28" starttime="2017.48" type="Neutral" nite:id="tim_ES2009d_B.role.175"/>
    <role endtime="2040.56" starttime="2038.28" type="Supporter" nite:id="tim_ES2009d_B.role.176"/>
    <role endtime="2043.58" starttime="2040.56" type="Neutral" nite:id="tim_ES2009d_B.role.177"/>
    <role endtime="2047.0" starttime="2043.58" type="Supporter" nite:id="tim_ES2009d_B.role.178"/>
    <role endtime="2074.02" starttime="2047.0" type="Neutral" nite:id="tim_ES2009d_B.role.179"/>
    <role endtime="2076.16" starttime="2074.02" type="Supporter" nite:id="tim_ES2009d_B.role.180"/>
    <role endtime="2080.36" starttime="2076.16" type="Neutral" nite:id="tim_ES2009d_B.role.181"/>
    <role endtime="2084.28" starttime="2080.36" type="Supporter" nite:id="tim_ES2009d_B.role.182"/>
    <role endtime="2089.8" starttime="2084.28" type="Neutral" nite:id="tim_ES2009d_B.role.183"/>
    <role endtime="2092.68" starttime="2089.8" type="Supporter" nite:id="tim_ES2009d_B.role.184"/>
    <role endtime="2095.9" starttime="2092.68" type="Neutral" nite:id="tim_ES2009d_B.role.185"/>
    <role endtime="2099.04" starttime="2095.9" type="Supporter" nite:id="tim_ES2009d_B.role.186"/>
    <role endtime="2128.0" starttime="2099.04" type="Neutral" nite:id="tim_ES2009d_B.role.187"/>
</nite:root>
