<?xml version="1.0" encoding="UTF-8"?>
<nite:root xmlns:nite="http://nite.sourceforge.net/" nite:id="theresa_ES2008b_C.nite:root.1">
    <role endtime="163.88" starttime="0.0" type="Neutral" nite:id="theresa_ES2008b_C.role.1"/>
    <role endtime="179.64" starttime="163.88" type="Supporter" nite:id="theresa_ES2008b_C.role.2"/>
    <role endtime="183.16" starttime="179.64" type="Neutral" nite:id="theresa_ES2008b_C.role.3"/>
    <role endtime="197.36" starttime="183.16" type="Supporter" nite:id="theresa_ES2008b_C.role.4"/>
    <role endtime="212.56" starttime="197.36" type="Neutral" nite:id="theresa_ES2008b_C.role.5"/>
    <role endtime="222.88" starttime="212.56" type="Supporter" nite:id="theresa_ES2008b_C.role.6"/>
    <role endtime="375.16" starttime="222.88" type="Neutral" nite:id="theresa_ES2008b_C.role.7"/>
    <role endtime="380.56" starttime="375.16" type="Supporter" nite:id="theresa_ES2008b_C.role.8"/>
    <role endtime="564.56" starttime="380.56" type="Neutral" nite:id="theresa_ES2008b_C.role.9"/>
    <role endtime="844.48" starttime="564.56" type="Protagonist" nite:id="theresa_ES2008b_C.role.10"/>
    <role endtime="852.92" starttime="844.48" type="Neutral" nite:id="theresa_ES2008b_C.role.11"/>
    <role endtime="865.8" starttime="852.92" type="Supporter" nite:id="theresa_ES2008b_C.role.12"/>
    <role endtime="876.12" starttime="865.8" type="Protagonist" nite:id="theresa_ES2008b_C.role.13"/>
    <role endtime="895.58" starttime="876.12" type="Neutral" nite:id="theresa_ES2008b_C.role.14"/>
    <role endtime="903.04" starttime="895.58" type="Supporter" nite:id="theresa_ES2008b_C.role.15"/>
    <role endtime="1223.92" starttime="903.04" type="Neutral" nite:id="theresa_ES2008b_C.role.16"/>
    <role endtime="1238.12" starttime="1223.92" type="Supporter" nite:id="theresa_ES2008b_C.role.17"/>
    <role endtime="1243.16" starttime="1238.12" type="Supporter" nite:id="theresa_ES2008b_C.role.18"/>
    <role endtime="1294.04" starttime="1243.16" type="Neutral" nite:id="theresa_ES2008b_C.role.19"/>
    <role endtime="1299.72" starttime="1294.04" type="Supporter" nite:id="theresa_ES2008b_C.role.20"/>
    <role endtime="1335.2" starttime="1299.72" type="Protagonist" nite:id="theresa_ES2008b_C.role.21"/>
    <role endtime="1337.76" starttime="1335.2" type="Supporter" nite:id="theresa_ES2008b_C.role.22"/>
    <role endtime="1343.04" starttime="1337.76" type="Neutral" nite:id="theresa_ES2008b_C.role.23"/>
    <role endtime="1346.36" starttime="1343.04" type="Protagonist" nite:id="theresa_ES2008b_C.role.24"/>
    <role endtime="1349.8" starttime="1346.36" type="Neutral" nite:id="theresa_ES2008b_C.role.25"/>
    <role endtime="1353.04" starttime="1349.8" type="Supporter" nite:id="theresa_ES2008b_C.role.26"/>
    <role endtime="1394.38" starttime="1353.04" type="Neutral" nite:id="theresa_ES2008b_C.role.27"/>
    <role endtime="1406.24" starttime="1394.38" type="Supporter" nite:id="theresa_ES2008b_C.role.28"/>
    <role endtime="1411.48" starttime="1406.24" type="Neutral" nite:id="theresa_ES2008b_C.role.29"/>
    <role endtime="1418.04" starttime="1411.48" type="Supporter" nite:id="theresa_ES2008b_C.role.30"/>
    <role endtime="1481.32" starttime="1418.04" type="Neutral" nite:id="theresa_ES2008b_C.role.31"/>
    <role endtime="1490.68" starttime="1481.32" type="Supporter" nite:id="theresa_ES2008b_C.role.32"/>
    <role endtime="1495.04" starttime="1490.68" type="Neutral" nite:id="theresa_ES2008b_C.role.33"/>
    <role endtime="1500.32" starttime="1495.04" type="Supporter" nite:id="theresa_ES2008b_C.role.34"/>
    <role endtime="1543.2" starttime="1500.32" type="Neutral" nite:id="theresa_ES2008b_C.role.35"/>
    <role endtime="1550.88" starttime="1543.2" type="Supporter" nite:id="theresa_ES2008b_C.role.36"/>
    <role endtime="1570.4" starttime="1550.88" type="Protagonist" nite:id="theresa_ES2008b_C.role.37"/>
    <role endtime="1649.56" starttime="1570.4" type="Neutral" nite:id="theresa_ES2008b_C.role.38"/>
    <role endtime="1652.52" starttime="1649.56" type="Supporter" nite:id="theresa_ES2008b_C.role.39"/>
    <role endtime="1670.52" starttime="1652.52" type="Protagonist" nite:id="theresa_ES2008b_C.role.40"/>
    <role endtime="1672.84" starttime="1670.52" type="Neutral" nite:id="theresa_ES2008b_C.role.41"/>
    <role endtime="1676.34" starttime="1672.84" type="Supporter" nite:id="theresa_ES2008b_C.role.42"/>
    <role endtime="1686.44" starttime="1676.34" type="Neutral" nite:id="theresa_ES2008b_C.role.43"/>
    <role endtime="1688.8" starttime="1686.44" type="Supporter" nite:id="theresa_ES2008b_C.role.44"/>
    <role endtime="1696.2" starttime="1688.8" type="Neutral" nite:id="theresa_ES2008b_C.role.45"/>
    <role endtime="1700.28" starttime="1696.2" type="Supporter" nite:id="theresa_ES2008b_C.role.46"/>
    <role endtime="1708.72" starttime="1700.28" type="Neutral" nite:id="theresa_ES2008b_C.role.47"/>
    <role endtime="1712.6" starttime="1708.72" type="Supporter" nite:id="theresa_ES2008b_C.role.48"/>
    <role endtime="1722.96" starttime="1712.6" type="Neutral" nite:id="theresa_ES2008b_C.role.49"/>
    <role endtime="1732.12" starttime="1722.96" type="Supporter" nite:id="theresa_ES2008b_C.role.50"/>
    <role endtime="1764.92" starttime="1732.12" type="Neutral" nite:id="theresa_ES2008b_C.role.51"/>
    <role endtime="1766.96" starttime="1764.92" type="Supporter" nite:id="theresa_ES2008b_C.role.52"/>
    <role endtime="1782.48" starttime="1766.96" type="Neutral" nite:id="theresa_ES2008b_C.role.53"/>
    <role endtime="1788.44" starttime="1782.48" type="Supporter" nite:id="theresa_ES2008b_C.role.54"/>
    <role endtime="1796.0" starttime="1788.44" type="Neutral" nite:id="theresa_ES2008b_C.role.55"/>
    <role endtime="1802.8" starttime="1796.0" type="Supporter" nite:id="theresa_ES2008b_C.role.56"/>
    <role endtime="1829.36" starttime="1802.8" type="Neutral" nite:id="theresa_ES2008b_C.role.57"/>
    <role endtime="1830.96" starttime="1829.36" type="Supporter" nite:id="theresa_ES2008b_C.role.58"/>
    <role endtime="1853.94" starttime="1830.96" type="Neutral" nite:id="theresa_ES2008b_C.role.59"/>
    <role endtime="1876.68" starttime="1853.94" type="Protagonist" nite:id="theresa_ES2008b_C.role.60"/>
    <role endtime="1884.48" starttime="1876.68" type="Neutral" nite:id="theresa_ES2008b_C.role.61"/>
    <role endtime="1888.0" starttime="1884.48" type="Supporter" nite:id="theresa_ES2008b_C.role.62"/>
    <role endtime="1954.24" starttime="1888.0" type="Neutral" nite:id="theresa_ES2008b_C.role.63"/>
    <role endtime="1955.48" starttime="1954.24" type="Supporter" nite:id="theresa_ES2008b_C.role.64"/>
    <role endtime="1965.72" starttime="1955.48" type="Neutral" nite:id="theresa_ES2008b_C.role.65"/>
    <role endtime="1967.0" starttime="1965.72" type="Supporter" nite:id="theresa_ES2008b_C.role.66"/>
    <role endtime="1983.12" starttime="1967.0" type="Neutral" nite:id="theresa_ES2008b_C.role.67"/>
    <role endtime="1994.96" starttime="1983.12" type="Supporter" nite:id="theresa_ES2008b_C.role.68"/>
    <role endtime="2038.58" starttime="1994.96" type="Neutral" nite:id="theresa_ES2008b_C.role.69"/>
    <role endtime="2045.36" starttime="2038.58" type="Supporter" nite:id="theresa_ES2008b_C.role.70"/>
    <role endtime="2055.04" starttime="2045.36" type="Neutral" nite:id="theresa_ES2008b_C.role.71"/>
    <role endtime="2056.64" starttime="2055.04" type="Supporter" nite:id="theresa_ES2008b_C.role.72"/>
    <role endtime="2061.48" starttime="2056.64" type="Neutral" nite:id="theresa_ES2008b_C.role.73"/>
    <role endtime="2064.96" starttime="2061.48" type="Supporter" nite:id="theresa_ES2008b_C.role.74"/>
    <role endtime="2068.68" starttime="2064.96" type="Neutral" nite:id="theresa_ES2008b_C.role.75"/>
    <role endtime="2069.72" starttime="2068.68" type="Supporter" nite:id="theresa_ES2008b_C.role.76"/>
    <role endtime="2073.92" starttime="2069.72" type="Neutral" nite:id="theresa_ES2008b_C.role.77"/>
    <role endtime="2077.88" starttime="2073.92" type="Supporter" nite:id="theresa_ES2008b_C.role.78"/>
    <role endtime="2101.0" starttime="2077.88" type="Neutral" nite:id="theresa_ES2008b_C.role.79"/>
</nite:root>
