<?xml version="1.0" encoding="UTF-8"?>
<nite:root xmlns:nite="http://nite.sourceforge.net/" nite:id="theresa_ES2008b_B.nite:root.1">
    <role endtime="148.28" starttime="0.0" type="Neutral" nite:id="theresa_ES2008b_B.role.1"/>
    <role endtime="153.32" starttime="148.28" type="Supporter" nite:id="theresa_ES2008b_B.role.2"/>
    <role endtime="215.16" starttime="153.32" type="Neutral" nite:id="theresa_ES2008b_B.role.3"/>
    <role endtime="229.48" starttime="215.16" type="Supporter" nite:id="theresa_ES2008b_B.role.4"/>
    <role endtime="307.0" starttime="229.48" type="Neutral" nite:id="theresa_ES2008b_B.role.5"/>
    <role endtime="311.8" starttime="307.0" type="Supporter" nite:id="theresa_ES2008b_B.role.6"/>
    <role endtime="859.92" starttime="311.8" type="Neutral" nite:id="theresa_ES2008b_B.role.7"/>
    <role endtime="864.84" starttime="859.92" type="Supporter" nite:id="theresa_ES2008b_B.role.8"/>
    <role endtime="872.2" starttime="864.84" type="Neutral" nite:id="theresa_ES2008b_B.role.9"/>
    <role endtime="874.8" starttime="872.2" type="Supporter" nite:id="theresa_ES2008b_B.role.10"/>
    <role endtime="895.36" starttime="874.8" type="Protagonist" nite:id="theresa_ES2008b_B.role.11"/>
    <role endtime="903.28" starttime="895.36" type="Neutral" nite:id="theresa_ES2008b_B.role.12"/>
    <role endtime="1209.72" starttime="903.28" type="Protagonist" nite:id="theresa_ES2008b_B.role.13"/>
    <role endtime="1217.44" starttime="1209.72" type="Neutral" nite:id="theresa_ES2008b_B.role.14"/>
    <role endtime="1236.04" starttime="1217.44" type="Supporter" nite:id="theresa_ES2008b_B.role.15"/>
    <role endtime="1292.72" starttime="1236.04" type="Neutral" nite:id="theresa_ES2008b_B.role.16"/>
    <role endtime="1307.72" starttime="1292.72" type="Supporter" nite:id="theresa_ES2008b_B.role.17"/>
    <role endtime="1328.78" starttime="1307.72" type="Neutral" nite:id="theresa_ES2008b_B.role.18"/>
    <role endtime="1353.52" starttime="1328.78" type="Supporter" nite:id="theresa_ES2008b_B.role.19"/>
    <role endtime="1414.4" starttime="1353.52" type="Neutral" nite:id="theresa_ES2008b_B.role.20"/>
    <role endtime="1423.72" starttime="1414.4" type="Supporter" nite:id="theresa_ES2008b_B.role.21"/>
    <role endtime="1455.68" starttime="1423.72" type="Neutral" nite:id="theresa_ES2008b_B.role.22"/>
    <role endtime="1470.56" starttime="1455.68" type="Supporter" nite:id="theresa_ES2008b_B.role.23"/>
    <role endtime="1525.46" starttime="1470.56" type="Neutral" nite:id="theresa_ES2008b_B.role.24"/>
    <role endtime="1536.2" starttime="1525.46" type="Supporter" nite:id="theresa_ES2008b_B.role.25"/>
    <role endtime="1561.08" starttime="1536.2" type="Neutral" nite:id="theresa_ES2008b_B.role.26"/>
    <role endtime="1563.48" starttime="1561.08" type="Supporter" nite:id="theresa_ES2008b_B.role.27"/>
    <role endtime="1586.32" starttime="1563.48" type="Neutral" nite:id="theresa_ES2008b_B.role.28"/>
    <role endtime="1605.48" starttime="1586.32" type="Protagonist" nite:id="theresa_ES2008b_B.role.29"/>
    <role endtime="1609.08" starttime="1605.48" type="Neutral" nite:id="theresa_ES2008b_B.role.30"/>
    <role endtime="1610.06" starttime="1609.08" type="Attacker" nite:id="theresa_ES2008b_B.role.31"/>
    <role endtime="1615.48" starttime="1610.06" type="Neutral" nite:id="theresa_ES2008b_B.role.32"/>
    <role endtime="1626.36" starttime="1615.48" type="Protagonist" nite:id="theresa_ES2008b_B.role.33"/>
    <role endtime="1646.52" starttime="1626.36" type="Neutral" nite:id="theresa_ES2008b_B.role.34"/>
    <role endtime="1648.8" starttime="1646.52" type="Supporter" nite:id="theresa_ES2008b_B.role.35"/>
    <role endtime="1659.24" starttime="1648.8" type="Neutral" nite:id="theresa_ES2008b_B.role.36"/>
    <role endtime="1660.58" starttime="1659.24" type="Supporter" nite:id="theresa_ES2008b_B.role.37"/>
    <role endtime="1685.6" starttime="1660.58" type="Neutral" nite:id="theresa_ES2008b_B.role.38"/>
    <role endtime="1688.34" starttime="1685.6" type="Supporter" nite:id="theresa_ES2008b_B.role.39"/>
    <role endtime="1696.52" starttime="1688.34" type="Neutral" nite:id="theresa_ES2008b_B.role.40"/>
    <role endtime="1699.48" starttime="1696.52" type="Supporter" nite:id="theresa_ES2008b_B.role.41"/>
    <role endtime="1712.36" starttime="1699.48" type="Neutral" nite:id="theresa_ES2008b_B.role.42"/>
    <role endtime="1713.36" starttime="1712.36" type="Supporter" nite:id="theresa_ES2008b_B.role.43"/>
    <role endtime="1744.88" starttime="1713.36" type="Neutral" nite:id="theresa_ES2008b_B.role.44"/>
    <role endtime="1757.56" starttime="1744.88" type="Supporter" nite:id="theresa_ES2008b_B.role.45"/>
    <role endtime="1767.84" starttime="1757.56" type="Protagonist" nite:id="theresa_ES2008b_B.role.46"/>
    <role endtime="1797.08" starttime="1767.84" type="Neutral" nite:id="theresa_ES2008b_B.role.47"/>
    <role endtime="1802.76" starttime="1797.08" type="Supporter" nite:id="theresa_ES2008b_B.role.48"/>
    <role endtime="1824.12" starttime="1802.76" type="Neutral" nite:id="theresa_ES2008b_B.role.49"/>
    <role endtime="1833.48" starttime="1824.12" type="Supporter" nite:id="theresa_ES2008b_B.role.50"/>
    <role endtime="1839.56" starttime="1833.48" type="Neutral" nite:id="theresa_ES2008b_B.role.51"/>
    <role endtime="1854.8" starttime="1839.56" type="Supporter" nite:id="theresa_ES2008b_B.role.52"/>
    <role endtime="1874.12" starttime="1854.8" type="Neutral" nite:id="theresa_ES2008b_B.role.53"/>
    <role endtime="1920.12" starttime="1874.12" type="Supporter" nite:id="theresa_ES2008b_B.role.54"/>
    <role endtime="1941.64" starttime="1920.12" type="Neutral" nite:id="theresa_ES2008b_B.role.55"/>
    <role endtime="1946.8" starttime="1941.64" type="Supporter" nite:id="theresa_ES2008b_B.role.56"/>
    <role endtime="2024.96" starttime="1946.8" type="Neutral" nite:id="theresa_ES2008b_B.role.57"/>
    <role endtime="2035.92" starttime="2024.96" type="Supporter" nite:id="theresa_ES2008b_B.role.58"/>
    <role endtime="2044.92" starttime="2035.92" type="Neutral" nite:id="theresa_ES2008b_B.role.59"/>
    <role endtime="2055.8" starttime="2044.92" type="Supporter" nite:id="theresa_ES2008b_B.role.60"/>
    <role endtime="2078.2" starttime="2055.8" type="Protagonist" nite:id="theresa_ES2008b_B.role.61"/>
    <role endtime="2101.0" starttime="2078.2" type="Neutral" nite:id="theresa_ES2008b_B.role.62"/>
</nite:root>
