<?xml version="1.0" encoding="UTF-8"?>
<nite:root xmlns:nite="http://nite.sourceforge.net/" nite:id="tim_ES2002d_A.nite:root.1">
    <role endtime="101.5" starttime="0.0" type="Neutral" nite:id="tim_ES2002d_A.role.1"/>
    <role endtime="150.0" starttime="101.5" type="Supporter" nite:id="tim_ES2002d_A.role.2"/>
    <role endtime="155.34" starttime="150.0" type="Neutral" nite:id="tim_ES2002d_A.role.3"/>
    <role endtime="177.44" starttime="155.34" type="Supporter" nite:id="tim_ES2002d_A.role.4"/>
    <role endtime="190.48" starttime="177.44" type="Neutral" nite:id="tim_ES2002d_A.role.5"/>
    <role endtime="206.28" starttime="190.48" type="Supporter" nite:id="tim_ES2002d_A.role.6"/>
    <role endtime="226.32" starttime="206.28" type="Neutral" nite:id="tim_ES2002d_A.role.7"/>
    <role endtime="267.98" starttime="226.32" type="Neutral" nite:id="tim_ES2002d_A.role.8"/>
    <role endtime="272.02" starttime="267.98" type="Supporter" nite:id="tim_ES2002d_A.role.9"/>
    <role endtime="274.02" starttime="272.02" type="Neutral" nite:id="tim_ES2002d_A.role.10"/>
    <role endtime="284.0" starttime="274.02" type="Supporter" nite:id="tim_ES2002d_A.role.11"/>
    <role endtime="336.32" starttime="284.0" type="Neutral" nite:id="tim_ES2002d_A.role.12"/>
    <role endtime="360.88" starttime="336.32" type="Supporter" nite:id="tim_ES2002d_A.role.13"/>
    <role endtime="365.04" starttime="360.88" type="Neutral" nite:id="tim_ES2002d_A.role.14"/>
    <role endtime="370.52" starttime="365.04" type="Supporter" nite:id="tim_ES2002d_A.role.15"/>
    <role endtime="373.28" starttime="370.52" type="Neutral" nite:id="tim_ES2002d_A.role.16"/>
    <role endtime="389.6" starttime="373.28" type="Supporter" nite:id="tim_ES2002d_A.role.17"/>
    <role endtime="392.0" starttime="389.6" type="Neutral" nite:id="tim_ES2002d_A.role.18"/>
    <role comment="Shakes head" endtime="394.6" starttime="392.0" type="Supporter" nite:id="tim_ES2002d_A.role.19"/>
    <role endtime="421.68" starttime="394.6" type="Neutral" nite:id="tim_ES2002d_A.role.20"/>
    <role endtime="422.3" starttime="421.68" type="Supporter" nite:id="tim_ES2002d_A.role.21"/>
    <role endtime="424.44" starttime="422.3" type="Neutral" nite:id="tim_ES2002d_A.role.22"/>
    <role endtime="425.44" starttime="424.44" type="Supporter" nite:id="tim_ES2002d_A.role.23"/>
    <role endtime="430.34" starttime="425.44" type="Neutral" nite:id="tim_ES2002d_A.role.24"/>
    <role endtime="441.76" starttime="430.34" type="Supporter" nite:id="tim_ES2002d_A.role.25"/>
    <role endtime="446.52" starttime="441.76" type="Neutral" nite:id="tim_ES2002d_A.role.26"/>
    <role endtime="447.14" starttime="446.52" type="Supporter" nite:id="tim_ES2002d_A.role.27"/>
    <role endtime="456.74" starttime="447.14" type="Neutral" nite:id="tim_ES2002d_A.role.28"/>
    <role endtime="457.04" starttime="456.74" type="Supporter" nite:id="tim_ES2002d_A.role.29"/>
    <role endtime="458.06" starttime="457.04" type="Neutral" nite:id="tim_ES2002d_A.role.30"/>
    <role endtime="458.26" starttime="458.06" type="Supporter" nite:id="tim_ES2002d_A.role.31"/>
    <role endtime="461.56" starttime="458.26" type="Neutral" nite:id="tim_ES2002d_A.role.32"/>
    <role endtime="462.4" starttime="461.56" type="Supporter" nite:id="tim_ES2002d_A.role.33"/>
    <role endtime="466.06" starttime="462.4" type="Neutral" nite:id="tim_ES2002d_A.role.34"/>
    <role endtime="467.78" starttime="466.06" type="Supporter" nite:id="tim_ES2002d_A.role.35"/>
    <role endtime="471.26" starttime="467.78" type="Neutral" nite:id="tim_ES2002d_A.role.36"/>
    <role endtime="472.14" starttime="471.26" type="Supporter" nite:id="tim_ES2002d_A.role.37"/>
    <role endtime="475.82" starttime="472.14" type="Neutral" nite:id="tim_ES2002d_A.role.38"/>
    <role endtime="483.52" starttime="475.82" type="Supporter" nite:id="tim_ES2002d_A.role.39"/>
    <role endtime="485.68" starttime="483.52" type="Neutral" nite:id="tim_ES2002d_A.role.40"/>
    <role endtime="486.18" starttime="485.68" type="Supporter" nite:id="tim_ES2002d_A.role.41"/>
    <role endtime="487.3" starttime="486.18" type="Neutral" nite:id="tim_ES2002d_A.role.42"/>
    <role endtime="490.1" starttime="487.3" type="Supporter" nite:id="tim_ES2002d_A.role.43"/>
    <role endtime="493.5" starttime="490.1" type="Neutral" nite:id="tim_ES2002d_A.role.44"/>
    <role endtime="495.12" starttime="493.5" type="Supporter" nite:id="tim_ES2002d_A.role.45"/>
    <role endtime="498.94" starttime="495.12" type="Neutral" nite:id="tim_ES2002d_A.role.46"/>
    <role endtime="501.32" starttime="498.94" type="Supporter" nite:id="tim_ES2002d_A.role.47"/>
    <role endtime="505.3" starttime="501.32" type="Neutral" nite:id="tim_ES2002d_A.role.48"/>
    <role endtime="506.24" starttime="505.3" type="Supporter" nite:id="tim_ES2002d_A.role.49"/>
    <role endtime="512.86" starttime="506.24" type="Neutral" nite:id="tim_ES2002d_A.role.50"/>
    <role endtime="516.14" starttime="512.86" type="Supporter" nite:id="tim_ES2002d_A.role.51"/>
    <role endtime="517.66" starttime="516.14" type="Neutral" nite:id="tim_ES2002d_A.role.52"/>
    <role endtime="523.48" starttime="517.66" type="Supporter" nite:id="tim_ES2002d_A.role.53"/>
    <role endtime="528.6" starttime="523.48" type="Neutral" nite:id="tim_ES2002d_A.role.54"/>
    <role endtime="537.24" starttime="528.6" type="Supporter" nite:id="tim_ES2002d_A.role.55"/>
    <role endtime="541.24" starttime="537.24" type="Neutral" nite:id="tim_ES2002d_A.role.56"/>
    <role endtime="542.06" starttime="541.24" type="Supporter" nite:id="tim_ES2002d_A.role.57"/>
    <role endtime="543.5" starttime="542.06" type="Neutral" nite:id="tim_ES2002d_A.role.58"/>
    <role endtime="544.5" starttime="543.5" type="Supporter" nite:id="tim_ES2002d_A.role.59"/>
    <role endtime="548.36" starttime="544.5" type="Neutral" nite:id="tim_ES2002d_A.role.60"/>
    <role comment="Laugh" endtime="551.08" starttime="548.36" type="Supporter" nite:id="tim_ES2002d_A.role.61"/>
    <role endtime="579.66" starttime="551.08" type="Neutral" nite:id="tim_ES2002d_A.role.62"/>
    <role endtime="606.06" starttime="579.66" type="Supporter" nite:id="tim_ES2002d_A.role.63"/>
    <role endtime="610.42" starttime="606.06" type="Neutral" nite:id="tim_ES2002d_A.role.64"/>
    <role endtime="614.8" starttime="610.42" type="Supporter" nite:id="tim_ES2002d_A.role.65"/>
    <role endtime="616.5" starttime="614.8" type="Neutral" nite:id="tim_ES2002d_A.role.66"/>
    <role endtime="617.3" starttime="616.5" type="Supporter" nite:id="tim_ES2002d_A.role.67"/>
    <role endtime="622.22" starttime="617.3" type="Neutral" nite:id="tim_ES2002d_A.role.68"/>
    <role endtime="624.26" starttime="622.22" type="Supporter" nite:id="tim_ES2002d_A.role.69"/>
    <role endtime="631.82" starttime="624.26" type="Neutral" nite:id="tim_ES2002d_A.role.70"/>
    <role endtime="635.2" starttime="631.82" type="Supporter" nite:id="tim_ES2002d_A.role.71"/>
    <role endtime="638.24" starttime="635.2" type="Neutral" nite:id="tim_ES2002d_A.role.72"/>
    <role endtime="649.64" starttime="638.24" type="Supporter" nite:id="tim_ES2002d_A.role.73"/>
    <role endtime="654.18" starttime="649.64" type="Neutral" nite:id="tim_ES2002d_A.role.74"/>
    <role endtime="663.98" starttime="654.18" type="Supporter" nite:id="tim_ES2002d_A.role.75"/>
    <role endtime="668.46" starttime="663.98" type="Neutral" nite:id="tim_ES2002d_A.role.76"/>
    <role endtime="678.04" starttime="668.46" type="Supporter" nite:id="tim_ES2002d_A.role.77"/>
    <role endtime="681.94" starttime="678.04" type="Neutral" nite:id="tim_ES2002d_A.role.78"/>
    <role endtime="686.1" starttime="681.94" type="Supporter" nite:id="tim_ES2002d_A.role.79"/>
    <role endtime="688.22" starttime="686.1" type="Neutral" nite:id="tim_ES2002d_A.role.80"/>
    <role endtime="700.16" starttime="688.22" type="Supporter" nite:id="tim_ES2002d_A.role.81"/>
    <role endtime="724.2" starttime="700.16" type="Neutral" nite:id="tim_ES2002d_A.role.82"/>
    <role endtime="724.7" starttime="724.2" type="Supporter" nite:id="tim_ES2002d_A.role.83"/>
    <role endtime="762.0" starttime="724.7" type="Neutral" nite:id="tim_ES2002d_A.role.84"/>
    <role endtime="763.8" starttime="762.0" type="Supporter" nite:id="tim_ES2002d_A.role.85"/>
    <role endtime="765.62" starttime="763.8" type="Neutral" nite:id="tim_ES2002d_A.role.86"/>
    <role endtime="766.34" starttime="765.62" type="Supporter" nite:id="tim_ES2002d_A.role.87"/>
    <role endtime="772.3" starttime="766.34" type="Neutral" nite:id="tim_ES2002d_A.role.88"/>
    <role endtime="777.52" starttime="772.3" type="Supporter" nite:id="tim_ES2002d_A.role.89"/>
    <role endtime="784.0" starttime="777.52" type="Protagonist" nite:id="tim_ES2002d_A.role.90"/>
    <role endtime="801.52" starttime="784.0" type="Neutral" nite:id="tim_ES2002d_A.role.91"/>
    <role endtime="805.72" starttime="801.52" type="Supporter" nite:id="tim_ES2002d_A.role.92"/>
    <role endtime="809.78" starttime="805.72" type="Neutral" nite:id="tim_ES2002d_A.role.93"/>
    <role endtime="814.92" starttime="809.78" type="Supporter" nite:id="tim_ES2002d_A.role.94"/>
    <role endtime="841.14" starttime="814.92" type="Neutral" nite:id="tim_ES2002d_A.role.95"/>
    <role endtime="842.96" starttime="841.14" type="Supporter" nite:id="tim_ES2002d_A.role.96"/>
    <role endtime="866.54" starttime="842.96" type="Neutral" nite:id="tim_ES2002d_A.role.97"/>
    <role endtime="896.32" starttime="866.54" type="Supporter" nite:id="tim_ES2002d_A.role.98"/>
    <role endtime="931.94" starttime="896.32" type="Neutral" nite:id="tim_ES2002d_A.role.99"/>
    <role endtime="935.28" starttime="931.94" type="Supporter" nite:id="tim_ES2002d_A.role.100"/>
    <role endtime="954.46" starttime="935.28" type="Neutral" nite:id="tim_ES2002d_A.role.101"/>
    <role endtime="965.54" starttime="954.46" type="Supporter" nite:id="tim_ES2002d_A.role.102"/>
    <role endtime="970.64" starttime="965.54" type="Neutral" nite:id="tim_ES2002d_A.role.103"/>
    <role comment="Utterance not meeting-oriented" endtime="978.28" starttime="970.64" type="Protagonist" nite:id="tim_ES2002d_A.role.104"/>
    <role endtime="1052.44" starttime="978.28" type="Neutral" nite:id="tim_ES2002d_A.role.105"/>
    <role endtime="1054.2" starttime="1052.44" type="Supporter" nite:id="tim_ES2002d_A.role.106"/>
    <role endtime="1076.94" starttime="1054.2" type="Neutral" nite:id="tim_ES2002d_A.role.107"/>
    <role endtime="1078.3" starttime="1076.94" type="Supporter" nite:id="tim_ES2002d_A.role.108"/>
    <role endtime="1081.4" starttime="1078.3" type="Neutral" nite:id="tim_ES2002d_A.role.109"/>
    <role endtime="1083.6" starttime="1081.4" type="Supporter" nite:id="tim_ES2002d_A.role.110"/>
    <role endtime="1088.62" starttime="1083.6" type="Neutral" nite:id="tim_ES2002d_A.role.111"/>
    <role endtime="1090.06" starttime="1088.62" type="Supporter" nite:id="tim_ES2002d_A.role.112"/>
    <role endtime="1110.88" starttime="1090.06" type="Neutral" nite:id="tim_ES2002d_A.role.113"/>
    <role endtime="1117.98" starttime="1110.88" type="Supporter" nite:id="tim_ES2002d_A.role.114"/>
    <role endtime="1127.66" starttime="1117.98" type="Neutral" nite:id="tim_ES2002d_A.role.115"/>
    <role endtime="1136.08" starttime="1127.66" type="Supporter" nite:id="tim_ES2002d_A.role.116"/>
    <role endtime="1137.8" starttime="1136.08" type="Neutral" nite:id="tim_ES2002d_A.role.117"/>
    <role endtime="1142.8" starttime="1137.8" type="Supporter" nite:id="tim_ES2002d_A.role.118"/>
    <role endtime="1158.38" starttime="1142.8" type="Neutral" nite:id="tim_ES2002d_A.role.119"/>
    <role endtime="1160.06" starttime="1158.38" type="Supporter" nite:id="tim_ES2002d_A.role.120"/>
    <role endtime="1181.5" starttime="1160.06" type="Neutral" nite:id="tim_ES2002d_A.role.121"/>
    <role endtime="1182.82" starttime="1181.5" type="Supporter" nite:id="tim_ES2002d_A.role.122"/>
    <role endtime="1186.52" starttime="1182.82" type="Neutral" nite:id="tim_ES2002d_A.role.123"/>
    <role endtime="1189.6" starttime="1186.52" type="Supporter" nite:id="tim_ES2002d_A.role.124"/>
    <role endtime="1192.22" starttime="1189.6" type="Neutral" nite:id="tim_ES2002d_A.role.125"/>
    <role endtime="1192.72" starttime="1192.22" type="Supporter" nite:id="tim_ES2002d_A.role.126"/>
    <role endtime="1195.5" starttime="1192.72" type="Neutral" nite:id="tim_ES2002d_A.role.127"/>
    <role endtime="1197.36" starttime="1195.5" type="Supporter" nite:id="tim_ES2002d_A.role.128"/>
    <role endtime="1275.58" starttime="1197.36" type="Neutral" nite:id="tim_ES2002d_A.role.129"/>
    <role endtime="1276.8" starttime="1275.58" type="Supporter" nite:id="tim_ES2002d_A.role.130"/>
    <role endtime="1349.54" starttime="1276.8" type="Neutral" nite:id="tim_ES2002d_A.role.131"/>
    <role endtime="1350.78" starttime="1349.54" type="Supporter" nite:id="tim_ES2002d_A.role.132"/>
    <role endtime="1360.56" starttime="1350.78" type="Neutral" nite:id="tim_ES2002d_A.role.133"/>
    <role endtime="1369.6" starttime="1360.56" type="Supporter" nite:id="tim_ES2002d_A.role.134"/>
    <role endtime="1387.3" starttime="1369.6" type="Neutral" nite:id="tim_ES2002d_A.role.135"/>
    <role endtime="1391.12" starttime="1387.3" type="Supporter" nite:id="tim_ES2002d_A.role.136"/>
    <role endtime="1568.84" starttime="1391.12" type="Neutral" nite:id="tim_ES2002d_A.role.137"/>
    <role endtime="1576.58" starttime="1568.84" type="Supporter" nite:id="tim_ES2002d_A.role.138"/>
    <role endtime="1593.74" starttime="1576.58" type="Neutral" nite:id="tim_ES2002d_A.role.139"/>
    <role endtime="1594.52" starttime="1593.74" type="Supporter" nite:id="tim_ES2002d_A.role.140"/>
    <role endtime="1596.14" starttime="1594.52" type="Neutral" nite:id="tim_ES2002d_A.role.141"/>
    <role endtime="1640.82" starttime="1596.14" type="Supporter" nite:id="tim_ES2002d_A.role.142"/>
    <role endtime="1642.4" starttime="1640.82" type="Neutral" nite:id="tim_ES2002d_A.role.143"/>
    <role endtime="1653.82" starttime="1642.4" type="Supporter" nite:id="tim_ES2002d_A.role.144"/>
    <role endtime="1734.5" starttime="1653.82" type="Neutral" nite:id="tim_ES2002d_A.role.145"/>
    <role endtime="1762.24" starttime="1734.5" type="Protagonist" nite:id="tim_ES2002d_A.role.146"/>
    <role endtime="1781.48" starttime="1762.24" type="Neutral" nite:id="tim_ES2002d_A.role.147"/>
    <role endtime="1796.52" starttime="1781.48" type="Supporter" nite:id="tim_ES2002d_A.role.148"/>
    <role endtime="1798.0" starttime="1796.52" type="Neutral" nite:id="tim_ES2002d_A.role.149"/>
    <role endtime="1800.48" starttime="1798.0" type="Supporter" nite:id="tim_ES2002d_A.role.150"/>
    <role endtime="1813.86" starttime="1800.48" type="Neutral" nite:id="tim_ES2002d_A.role.151"/>
    <role endtime="1825.48" starttime="1813.86" type="Supporter" nite:id="tim_ES2002d_A.role.152"/>
    <role endtime="1850.78" starttime="1825.48" type="Neutral" nite:id="tim_ES2002d_A.role.153"/>
    <role endtime="1851.52" starttime="1850.78" type="Supporter" nite:id="tim_ES2002d_A.role.154"/>
    <role endtime="1971.88" starttime="1851.52" type="Neutral" nite:id="tim_ES2002d_A.role.155"/>
    <role endtime="1992.6" starttime="1971.88" type="Supporter" nite:id="tim_ES2002d_A.role.156"/>
    <role endtime="2020.54" starttime="1992.6" type="Neutral" nite:id="tim_ES2002d_A.role.157"/>
    <role endtime="2028.06" starttime="2020.54" type="Supporter" nite:id="tim_ES2002d_A.role.158"/>
    <role endtime="2033.0" starttime="2028.06" type="Neutral" nite:id="tim_ES2002d_A.role.159"/>
    <role endtime="2039.32" starttime="2033.0" type="Supporter" nite:id="tim_ES2002d_A.role.160"/>
    <role endtime="2042.98" starttime="2039.32" type="Neutral" nite:id="tim_ES2002d_A.role.161"/>
    <role endtime="2050.42" starttime="2042.98" type="Supporter" nite:id="tim_ES2002d_A.role.162"/>
    <role endtime="2066.78" starttime="2050.42" type="Neutral" nite:id="tim_ES2002d_A.role.163"/>
    <role endtime="2075.18" starttime="2066.78" type="Supporter" nite:id="tim_ES2002d_A.role.164"/>
    <role endtime="2083.46" starttime="2075.18" type="Neutral" nite:id="tim_ES2002d_A.role.165"/>
    <role endtime="2085.38" starttime="2083.46" type="Supporter" nite:id="tim_ES2002d_A.role.166"/>
    <role endtime="2089.98" starttime="2085.38" type="Neutral" nite:id="tim_ES2002d_A.role.167"/>
    <role endtime="2102.42" starttime="2089.98" type="Supporter" nite:id="tim_ES2002d_A.role.168"/>
    <role endtime="2104.2" starttime="2102.42" type="Neutral" nite:id="tim_ES2002d_A.role.169"/>
    <role endtime="2108.9" starttime="2104.2" type="Supporter" nite:id="tim_ES2002d_A.role.170"/>
    <role endtime="2115.86" starttime="2108.9" type="Neutral" nite:id="tim_ES2002d_A.role.171"/>
    <role endtime="2120.22" starttime="2115.86" type="Supporter" nite:id="tim_ES2002d_A.role.172"/>
    <role endtime="2210.02" starttime="2120.22" type="Neutral" nite:id="tim_ES2002d_A.role.173"/>
    <role endtime="2213.56" starttime="2210.02" type="Supporter" nite:id="tim_ES2002d_A.role.174"/>
    <role endtime="2235.82" starttime="2213.56" type="Neutral" nite:id="tim_ES2002d_A.role.175"/>
    <role comment="Utterance not meeting-oriented" endtime="2239.76" starttime="2235.82" type="Protagonist" nite:id="tim_ES2002d_A.role.176"/>
    <role endtime="2250.86" starttime="2239.76" type="Neutral" nite:id="tim_ES2002d_A.role.177"/>
    <role comment="Utterance not meeting-oriented" endtime="2257.12" starttime="2250.86" type="Protagonist" nite:id="tim_ES2002d_A.role.178"/>
    <role endtime="2259.02" starttime="2257.12" type="Neutral" nite:id="tim_ES2002d_A.role.179"/>
    <role comment="Utterance not meeting-oriented" endtime="2269.84" starttime="2259.02" type="Protagonist" nite:id="tim_ES2002d_A.role.180"/>
    <role endtime="2274.12" starttime="2269.84" type="Neutral" nite:id="tim_ES2002d_A.role.181"/>
    <role comment="Utterance not meeting-oriented" endtime="2277.56" starttime="2274.12" type="Protagonist" nite:id="tim_ES2002d_A.role.182"/>
    <role endtime="2290.46" starttime="2277.56" type="Neutral" nite:id="tim_ES2002d_A.role.183"/>
    <role endtime="2292.86" starttime="2290.46" type="Supporter" nite:id="tim_ES2002d_A.role.184"/>
    <role endtime="2293.96" starttime="2292.86" type="Neutral" nite:id="tim_ES2002d_A.role.185"/>
    <role endtime="2314.48" starttime="2293.96" type="Supporter" nite:id="tim_ES2002d_A.role.186"/>
    <role endtime="2321.22" starttime="2314.48" type="Neutral" nite:id="tim_ES2002d_A.role.187"/>
    <role endtime="2326.58" starttime="2321.22" type="Supporter" nite:id="tim_ES2002d_A.role.188"/>
    <role endtime="2331.1" starttime="2326.58" type="Neutral" nite:id="tim_ES2002d_A.role.189"/>
    <role endtime="2357.68" starttime="2331.1" type="Supporter" nite:id="tim_ES2002d_A.role.190"/>
    <role endtime="2387.06" starttime="2357.68" type="Neutral" nite:id="tim_ES2002d_A.role.191"/>
    <role endtime="2391.04" starttime="2387.06" type="Supporter" nite:id="tim_ES2002d_A.role.192"/>
    <role endtime="2395.66" starttime="2391.04" type="Neutral" nite:id="tim_ES2002d_A.role.193"/>
    <role endtime="2397.3" starttime="2395.66" type="Supporter" nite:id="tim_ES2002d_A.role.194"/>
    <role endtime="2401.38" starttime="2397.3" type="Neutral" nite:id="tim_ES2002d_A.role.195"/>
    <role endtime="2415.04" starttime="2401.38" type="Supporter" nite:id="tim_ES2002d_A.role.196"/>
    <role endtime="2701.0" starttime="2415.04" type="Neutral" nite:id="tim_ES2002d_A.role.197"/>
</nite:root>
