<?xml version="1.0" encoding="UTF-8"?>
<nite:root xmlns:nite="http://nite.sourceforge.net/" nite:id="tim_ES2008d_B.nite:root.1">
    <role endtime="114.16" starttime="0.0" type="Neutral" nite:id="tim_ES2008d_B.role.1"/>
    <role comment="Presenting solicited information" endtime="185.64" starttime="114.16" type="Supporter" nite:id="tim_ES2008d_B.role.2"/>
    <role comment="Passing floor to teammate" endtime="200.0" starttime="185.64" type="Gatekeeper" nite:id="tim_ES2008d_B.role.3"/>
    <role endtime="268.48" starttime="200.0" type="Neutral" nite:id="tim_ES2008d_B.role.4"/>
    <role endtime="342.84" starttime="268.48" type="Supporter" nite:id="tim_ES2008d_B.role.5"/>
    <role endtime="362.64" starttime="342.84" type="Neutral" nite:id="tim_ES2008d_B.role.6"/>
    <role endtime="394.24" starttime="362.64" type="Supporter" nite:id="tim_ES2008d_B.role.7"/>
    <role endtime="400.0" starttime="394.24" type="Neutral" nite:id="tim_ES2008d_B.role.8"/>
    <role endtime="420.04" starttime="400.0" type="Supporter" nite:id="tim_ES2008d_B.role.9"/>
    <role endtime="431.96" starttime="420.04" type="Neutral" nite:id="tim_ES2008d_B.role.10"/>
    <role endtime="478.28" starttime="431.96" type="Supporter" nite:id="tim_ES2008d_B.role.11"/>
    <role endtime="488.04" starttime="478.28" type="Neutral" nite:id="tim_ES2008d_B.role.12"/>
    <role comment="Question" endtime="544.2" starttime="488.04" type="Supporter" nite:id="tim_ES2008d_B.role.13"/>
    <role endtime="571.96" starttime="544.2" type="Neutral" nite:id="tim_ES2008d_B.role.14"/>
    <role endtime="689.8" starttime="571.96" type="Supporter" nite:id="tim_ES2008d_B.role.15"/>
    <role endtime="745.04" starttime="689.8" type="Neutral" nite:id="tim_ES2008d_B.role.16"/>
    <role endtime="748.44" starttime="745.04" type="Supporter" nite:id="tim_ES2008d_B.role.17"/>
    <role endtime="761.4" starttime="748.44" type="Neutral" nite:id="tim_ES2008d_B.role.18"/>
    <role comment="Answering question" endtime="775.84" starttime="761.4" type="Supporter" nite:id="tim_ES2008d_B.role.19"/>
    <role endtime="785.0" starttime="775.84" type="Neutral" nite:id="tim_ES2008d_B.role.20"/>
    <role endtime="787.84" starttime="785.0" type="Supporter" nite:id="tim_ES2008d_B.role.21"/>
    <role endtime="813.0" starttime="787.84" type="Neutral" nite:id="tim_ES2008d_B.role.22"/>
    <role endtime="814.8" starttime="813.0" type="Supporter" nite:id="tim_ES2008d_B.role.23"/>
    <role endtime="830.5" starttime="814.8" type="Neutral" nite:id="tim_ES2008d_B.role.24"/>
    <role endtime="845.16" starttime="830.5" type="Supporter" nite:id="tim_ES2008d_B.role.25"/>
    <role endtime="848.0" starttime="845.16" type="Neutral" nite:id="tim_ES2008d_B.role.26"/>
    <role endtime="864.48" starttime="848.0" type="Supporter" nite:id="tim_ES2008d_B.role.27"/>
    <role endtime="887.12" starttime="864.48" type="Neutral" nite:id="tim_ES2008d_B.role.28"/>
    <role endtime="888.4" starttime="887.12" type="Supporter" nite:id="tim_ES2008d_B.role.29"/>
    <role endtime="894.0" starttime="888.4" type="Neutral" nite:id="tim_ES2008d_B.role.30"/>
    <role endtime="898.44" starttime="894.0" type="Supporter" nite:id="tim_ES2008d_B.role.31"/>
    <role endtime="906.6" starttime="898.44" type="Neutral" nite:id="tim_ES2008d_B.role.32"/>
    <role comment="Laughing" endtime="1053.92" starttime="906.6" type="Supporter" nite:id="tim_ES2008d_B.role.33"/>
    <role endtime="1071.0" starttime="1053.92" type="Neutral" nite:id="tim_ES2008d_B.role.34"/>
    <role endtime="1088.64" starttime="1071.0" type="Supporter" nite:id="tim_ES2008d_B.role.35"/>
    <role endtime="1097.0" starttime="1088.64" type="Neutral" nite:id="tim_ES2008d_B.role.36"/>
    <role endtime="1099.5" starttime="1097.0" type="Supporter" nite:id="tim_ES2008d_B.role.37"/>
    <role endtime="1112.0" starttime="1099.5" type="Neutral" nite:id="tim_ES2008d_B.role.38"/>
    <role endtime="1113.5" starttime="1112.0" type="Supporter" nite:id="tim_ES2008d_B.role.39"/>
    <role endtime="1145.0" starttime="1113.5" type="Neutral" nite:id="tim_ES2008d_B.role.40"/>
    <role endtime="1154.32" starttime="1145.0" type="Supporter" nite:id="tim_ES2008d_B.role.41"/>
    <role endtime="1164.0" starttime="1154.32" type="Neutral" nite:id="tim_ES2008d_B.role.42"/>
    <role endtime="1176.0" starttime="1164.0" type="Supporter" nite:id="tim_ES2008d_B.role.43"/>
    <role endtime="1184.52" starttime="1176.0" type="Neutral" nite:id="tim_ES2008d_B.role.44"/>
    <role endtime="1188.0" starttime="1184.52" type="Supporter" nite:id="tim_ES2008d_B.role.45"/>
    <role endtime="1192.84" starttime="1188.0" type="Neutral" nite:id="tim_ES2008d_B.role.46"/>
    <role endtime="1223.08" starttime="1192.84" type="Supporter" nite:id="tim_ES2008d_B.role.47"/>
    <role endtime="1238.36" starttime="1223.08" type="Neutral" nite:id="tim_ES2008d_B.role.48"/>
    <role endtime="1251.64" starttime="1238.36" type="Supporter" nite:id="tim_ES2008d_B.role.49"/>
    <role endtime="1265.08" starttime="1251.64" type="Neutral" nite:id="tim_ES2008d_B.role.50"/>
    <role endtime="1269.96" starttime="1265.08" type="Supporter" nite:id="tim_ES2008d_B.role.51"/>
    <role endtime="1297.4" starttime="1269.96" type="Neutral" nite:id="tim_ES2008d_B.role.52"/>
    <role endtime="1301.32" starttime="1297.4" type="Supporter" nite:id="tim_ES2008d_B.role.53"/>
    <role endtime="1313.5" starttime="1301.32" type="Neutral" nite:id="tim_ES2008d_B.role.54"/>
    <role endtime="1418.8" starttime="1313.5" type="Supporter" nite:id="tim_ES2008d_B.role.55"/>
    <role endtime="1421.92" starttime="1418.8" type="Neutral" nite:id="tim_ES2008d_B.role.56"/>
    <role endtime="1552.0" starttime="1421.92" type="Supporter" nite:id="tim_ES2008d_B.role.57"/>
    <role endtime="1561.0" starttime="1552.0" type="Neutral" nite:id="tim_ES2008d_B.role.58"/>
    <role endtime="1564.6" starttime="1561.0" type="Supporter" nite:id="tim_ES2008d_B.role.59"/>
    <role endtime="1599.0" starttime="1564.6" type="Neutral" nite:id="tim_ES2008d_B.role.60"/>
    <role endtime="1681.64" starttime="1599.0" type="Supporter" nite:id="tim_ES2008d_B.role.61"/>
    <role endtime="1696.04" starttime="1681.64" type="Neutral" nite:id="tim_ES2008d_B.role.62"/>
    <role endtime="1774.64" starttime="1696.04" type="Supporter" nite:id="tim_ES2008d_B.role.63"/>
    <role endtime="1776.0" starttime="1774.64" type="Neutral" nite:id="tim_ES2008d_B.role.64"/>
    <role endtime="1779.04" starttime="1776.0" type="Supporter" nite:id="tim_ES2008d_B.role.65"/>
    <role endtime="1803.72" starttime="1779.04" type="Neutral" nite:id="tim_ES2008d_B.role.66"/>
    <role comment="Laughing" endtime="1861.08" starttime="1803.72" type="Supporter" nite:id="tim_ES2008d_B.role.67"/>
    <role endtime="1986.04" starttime="1861.08" type="Neutral" nite:id="tim_ES2008d_B.role.68"/>
    <role endtime="2008.12" starttime="1986.04" type="Supporter" nite:id="tim_ES2008d_B.role.69"/>
    <role endtime="2012.0" starttime="2008.12" type="Neutral" nite:id="tim_ES2008d_B.role.70"/>
    <role endtime="2024.0" starttime="2012.0" type="Supporter" nite:id="tim_ES2008d_B.role.71"/>
    <role endtime="2035.0" starttime="2024.0" type="Neutral" nite:id="tim_ES2008d_B.role.72"/>
    <role endtime="2051.04" starttime="2035.0" type="Supporter" nite:id="tim_ES2008d_B.role.73"/>
    <role endtime="2057.96" starttime="2051.04" type="Neutral" nite:id="tim_ES2008d_B.role.74"/>
    <role endtime="2059.72" starttime="2057.96" type="Supporter" nite:id="tim_ES2008d_B.role.75"/>
    <role endtime="2064.24" starttime="2059.72" type="Neutral" nite:id="tim_ES2008d_B.role.76"/>
    <role endtime="2103.4" starttime="2064.24" type="Supporter" nite:id="tim_ES2008d_B.role.77"/>
    <role endtime="2111.68" starttime="2103.4" type="Neutral" nite:id="tim_ES2008d_B.role.78"/>
    <role endtime="2119.6" starttime="2111.68" type="Supporter" nite:id="tim_ES2008d_B.role.79"/>
    <role endtime="2131.0" starttime="2119.6" type="Neutral" nite:id="tim_ES2008d_B.role.80"/>
    <role endtime="2151.84" starttime="2131.0" type="Supporter" nite:id="tim_ES2008d_B.role.81"/>
    <role endtime="2157.2" starttime="2151.84" type="Neutral" nite:id="tim_ES2008d_B.role.82"/>
    <role endtime="2203.0" starttime="2157.2" type="Supporter" nite:id="tim_ES2008d_B.role.83"/>
    <role endtime="2211.0" starttime="2203.0" type="Neutral" nite:id="tim_ES2008d_B.role.84"/>
    <role endtime="2220.76" starttime="2211.0" type="Supporter" nite:id="tim_ES2008d_B.role.85"/>
    <role endtime="2229.0" starttime="2220.76" type="Neutral" nite:id="tim_ES2008d_B.role.86"/>
    <role endtime="2231.16" starttime="2229.0" type="Supporter" nite:id="tim_ES2008d_B.role.87"/>
    <role endtime="2233.5" starttime="2231.16" type="Neutral" nite:id="tim_ES2008d_B.role.88"/>
    <role endtime="2247.28" starttime="2233.5" type="Supporter" nite:id="tim_ES2008d_B.role.89"/>
    <role endtime="2268.5" starttime="2247.28" type="Neutral" nite:id="tim_ES2008d_B.role.90"/>
    <role endtime="2292.12" starttime="2268.5" type="Supporter" nite:id="tim_ES2008d_B.role.91"/>
    <role endtime="2302.04" starttime="2292.12" type="Neutral" nite:id="tim_ES2008d_B.role.92"/>
    <role endtime="2343.6" starttime="2302.04" type="Supporter" nite:id="tim_ES2008d_B.role.93"/>
    <role endtime="2346.0" starttime="2343.6" type="Neutral" nite:id="tim_ES2008d_B.role.94"/>
    <role endtime="2352.84" starttime="2346.0" type="Supporter" nite:id="tim_ES2008d_B.role.95"/>
    <role endtime="2360.0" starttime="2352.84" type="Neutral" nite:id="tim_ES2008d_B.role.96"/>
    <role endtime="2414.92" starttime="2360.0" type="Supporter" nite:id="tim_ES2008d_B.role.97"/>
    <role endtime="2436.76" starttime="2414.92" type="Neutral" nite:id="tim_ES2008d_B.role.98"/>
    <role endtime="2484.68" starttime="2436.76" type="Supporter" nite:id="tim_ES2008d_B.role.99"/>
    <role endtime="2502.0" starttime="2484.68" type="Neutral" nite:id="tim_ES2008d_B.role.100"/>
    <role endtime="2520.0" starttime="2502.0" type="Supporter" nite:id="tim_ES2008d_B.role.101"/>
    <role endtime="2539.02" starttime="2520.0" type="Neutral" nite:id="tim_ES2008d_B.role.102"/>
    <role comment="Read time reminder" endtime="2542.96" starttime="2539.02" type="Gatekeeper" nite:id="tim_ES2008d_B.role.103"/>
    <role endtime="2549.68" starttime="2542.96" type="Neutral" nite:id="tim_ES2008d_B.role.104"/>
    <role endtime="2554.8" starttime="2549.68" type="Supporter" nite:id="tim_ES2008d_B.role.105"/>
    <role endtime="2572.0" starttime="2554.8" type="Neutral" nite:id="tim_ES2008d_B.role.106"/>
    <role endtime="2641.0" starttime="2572.0" type="Supporter" nite:id="tim_ES2008d_B.role.107"/>
</nite:root>
