<?xml version="1.0" encoding="UTF-8"?>
<nite:root xmlns:nite="http://nite.sourceforge.net/" nite:id="tim_ES2009d_A.nite:root.1">
    <role endtime="41.8" starttime="0.0" type="Neutral" nite:id="tim_ES2009d_A.role.1"/>
    <role endtime="43.4" starttime="41.8" type="Supporter" nite:id="tim_ES2009d_A.role.2"/>
    <role endtime="188.8" starttime="43.4" type="Protagonist" nite:id="tim_ES2009d_A.role.3"/>
    <role endtime="192.16" starttime="188.8" type="Gatekeeper" nite:id="tim_ES2009d_A.role.4"/>
    <role endtime="260.22" starttime="192.16" type="Neutral" nite:id="tim_ES2009d_A.role.5"/>
    <role endtime="265.68" starttime="260.22" type="Supporter" nite:id="tim_ES2009d_A.role.6"/>
    <role endtime="267.32" starttime="265.68" type="Neutral" nite:id="tim_ES2009d_A.role.7"/>
    <role endtime="268.82" starttime="267.32" type="Supporter" nite:id="tim_ES2009d_A.role.8"/>
    <role endtime="307.0" starttime="268.82" type="Neutral" nite:id="tim_ES2009d_A.role.9"/>
    <role endtime="308.0" starttime="307.0" type="Supporter" nite:id="tim_ES2009d_A.role.10"/>
    <role endtime="309.14" starttime="308.0" type="Neutral" nite:id="tim_ES2009d_A.role.11"/>
    <role endtime="313.32" starttime="309.14" type="Supporter" nite:id="tim_ES2009d_A.role.12"/>
    <role endtime="380.72" starttime="313.32" type="Neutral" nite:id="tim_ES2009d_A.role.13"/>
    <role endtime="384.44" starttime="380.72" type="Supporter" nite:id="tim_ES2009d_A.role.14"/>
    <role endtime="398.84" starttime="384.44" type="Neutral" nite:id="tim_ES2009d_A.role.15"/>
    <role endtime="402.44" starttime="398.84" type="Supporter" nite:id="tim_ES2009d_A.role.16"/>
    <role endtime="412.12" starttime="402.44" type="Neutral" nite:id="tim_ES2009d_A.role.17"/>
    <role endtime="413.04" starttime="412.12" type="Supporter" nite:id="tim_ES2009d_A.role.18"/>
    <role endtime="458.98" starttime="413.04" type="Neutral" nite:id="tim_ES2009d_A.role.19"/>
    <role endtime="459.84" starttime="458.98" type="Supporter" nite:id="tim_ES2009d_A.role.20"/>
    <role endtime="505.18" starttime="459.84" type="Neutral" nite:id="tim_ES2009d_A.role.21"/>
    <role endtime="506.68" starttime="505.18" type="Supporter" nite:id="tim_ES2009d_A.role.22"/>
    <role endtime="532.0" starttime="506.68" type="Neutral" nite:id="tim_ES2009d_A.role.23"/>
    <role endtime="533.0" starttime="532.0" type="Supporter" nite:id="tim_ES2009d_A.role.24"/>
    <role endtime="534.78" starttime="533.0" type="Neutral" nite:id="tim_ES2009d_A.role.25"/>
    <role endtime="536.28" starttime="534.78" type="Supporter" nite:id="tim_ES2009d_A.role.26"/>
    <role endtime="574.04" starttime="536.28" type="Neutral" nite:id="tim_ES2009d_A.role.27"/>
    <role endtime="576.04" starttime="574.04" type="Supporter" nite:id="tim_ES2009d_A.role.28"/>
    <role endtime="623.96" starttime="576.04" type="Neutral" nite:id="tim_ES2009d_A.role.29"/>
    <role endtime="629.36" starttime="623.96" type="Supporter" nite:id="tim_ES2009d_A.role.30"/>
    <role endtime="660.96" starttime="629.36" type="Protagonist" nite:id="tim_ES2009d_A.role.31"/>
    <role endtime="666.0" starttime="660.96" type="Gatekeeper" nite:id="tim_ES2009d_A.role.32"/>
    <role endtime="666.98" starttime="666.0" type="Neutral" nite:id="tim_ES2009d_A.role.33"/>
    <role endtime="668.64" starttime="666.98" type="Gatekeeper" nite:id="tim_ES2009d_A.role.34"/>
    <role endtime="669.94" starttime="668.64" type="Neutral" nite:id="tim_ES2009d_A.role.35"/>
    <role endtime="673.52" starttime="669.94" type="Supporter" nite:id="tim_ES2009d_A.role.36"/>
    <role endtime="677.08" starttime="673.52" type="Neutral" nite:id="tim_ES2009d_A.role.37"/>
    <role endtime="680.52" starttime="677.08" type="Supporter" nite:id="tim_ES2009d_A.role.38"/>
    <role endtime="688.38" starttime="680.52" type="Gatekeeper" nite:id="tim_ES2009d_A.role.39"/>
    <role endtime="691.64" starttime="688.38" type="Neutral" nite:id="tim_ES2009d_A.role.40"/>
    <role endtime="693.16" starttime="691.64" type="Supporter" nite:id="tim_ES2009d_A.role.41"/>
    <role endtime="698.96" starttime="693.16" type="Gatekeeper" nite:id="tim_ES2009d_A.role.42"/>
    <role endtime="702.04" starttime="698.96" type="Neutral" nite:id="tim_ES2009d_A.role.43"/>
    <role endtime="727.58" starttime="702.04" type="Protagonist" nite:id="tim_ES2009d_A.role.44"/>
    <role endtime="735.9" starttime="727.58" type="Neutral" nite:id="tim_ES2009d_A.role.45"/>
    <role endtime="747.28" starttime="735.9" type="Supporter" nite:id="tim_ES2009d_A.role.46"/>
    <role endtime="748.48" starttime="747.28" type="Neutral" nite:id="tim_ES2009d_A.role.47"/>
    <role endtime="758.72" starttime="748.48" type="Protagonist" nite:id="tim_ES2009d_A.role.48"/>
    <role endtime="808.78" starttime="758.72" type="Neutral" nite:id="tim_ES2009d_A.role.49"/>
    <role endtime="832.44" starttime="808.78" type="Protagonist" nite:id="tim_ES2009d_A.role.50"/>
    <role endtime="892.24" starttime="832.44" type="Neutral" nite:id="tim_ES2009d_A.role.51"/>
    <role endtime="893.52" starttime="892.24" type="Protagonist" nite:id="tim_ES2009d_A.role.52"/>
    <role endtime="908.88" starttime="893.52" type="Neutral" nite:id="tim_ES2009d_A.role.53"/>
    <role endtime="938.2" starttime="908.88" type="Protagonist" nite:id="tim_ES2009d_A.role.54"/>
    <role endtime="939.44" starttime="938.2" type="Neutral" nite:id="tim_ES2009d_A.role.55"/>
    <role endtime="943.0" starttime="939.44" type="Gatekeeper" nite:id="tim_ES2009d_A.role.56"/>
    <role endtime="955.52" starttime="943.0" type="Neutral" nite:id="tim_ES2009d_A.role.57"/>
    <role endtime="967.22" starttime="955.52" type="Protagonist" nite:id="tim_ES2009d_A.role.58"/>
    <role endtime="971.36" starttime="967.22" type="Gatekeeper" nite:id="tim_ES2009d_A.role.59"/>
    <role endtime="972.58" starttime="971.36" type="Neutral" nite:id="tim_ES2009d_A.role.60"/>
    <role endtime="976.6" starttime="972.58" type="Supporter" nite:id="tim_ES2009d_A.role.61"/>
    <role endtime="980.04" starttime="976.6" type="Neutral" nite:id="tim_ES2009d_A.role.62"/>
    <role endtime="985.24" starttime="980.04" type="Supporter" nite:id="tim_ES2009d_A.role.63"/>
    <role endtime="1066.2" starttime="985.24" type="Neutral" nite:id="tim_ES2009d_A.role.64"/>
    <role endtime="1067.38" starttime="1066.2" type="Supporter" nite:id="tim_ES2009d_A.role.65"/>
    <role endtime="1077.36" starttime="1067.38" type="Neutral" nite:id="tim_ES2009d_A.role.66"/>
    <role endtime="1086.28" starttime="1077.36" type="Supporter" nite:id="tim_ES2009d_A.role.67"/>
    <role endtime="1089.04" starttime="1086.28" type="Neutral" nite:id="tim_ES2009d_A.role.68"/>
    <role endtime="1127.24" starttime="1089.04" type="Protagonist" nite:id="tim_ES2009d_A.role.69"/>
    <role endtime="1127.96" starttime="1127.24" type="Neutral" nite:id="tim_ES2009d_A.role.70"/>
    <role endtime="1129.56" starttime="1127.96" type="Supporter" nite:id="tim_ES2009d_A.role.71"/>
    <role endtime="1130.24" starttime="1129.56" type="Neutral" nite:id="tim_ES2009d_A.role.72"/>
    <role endtime="1131.54" starttime="1130.24" type="Supporter" nite:id="tim_ES2009d_A.role.73"/>
    <role endtime="1132.44" starttime="1131.54" type="Neutral" nite:id="tim_ES2009d_A.role.74"/>
    <role endtime="1133.54" starttime="1132.44" type="Supporter" nite:id="tim_ES2009d_A.role.75"/>
    <role endtime="1136.04" starttime="1133.54" type="Neutral" nite:id="tim_ES2009d_A.role.76"/>
    <role endtime="1150.28" starttime="1136.04" type="Supporter" nite:id="tim_ES2009d_A.role.77"/>
    <role endtime="1152.32" starttime="1150.28" type="Gatekeeper" nite:id="tim_ES2009d_A.role.78"/>
    <role endtime="1155.08" starttime="1152.32" type="Neutral" nite:id="tim_ES2009d_A.role.79"/>
    <role endtime="1155.76" starttime="1155.08" type="Supporter" nite:id="tim_ES2009d_A.role.80"/>
    <role endtime="1158.56" starttime="1155.76" type="Neutral" nite:id="tim_ES2009d_A.role.81"/>
    <role endtime="1161.24" starttime="1158.56" type="Gatekeeper" nite:id="tim_ES2009d_A.role.82"/>
    <role endtime="1170.0" starttime="1161.24" type="Neutral" nite:id="tim_ES2009d_A.role.83"/>
    <role endtime="1171.4" starttime="1170.0" type="Supporter" nite:id="tim_ES2009d_A.role.84"/>
    <role endtime="1175.74" starttime="1171.4" type="Neutral" nite:id="tim_ES2009d_A.role.85"/>
    <role endtime="1177.68" starttime="1175.74" type="Supporter" nite:id="tim_ES2009d_A.role.86"/>
    <role endtime="1179.46" starttime="1177.68" type="Neutral" nite:id="tim_ES2009d_A.role.87"/>
    <role endtime="1181.88" starttime="1179.46" type="Supporter" nite:id="tim_ES2009d_A.role.88"/>
    <role endtime="1182.92" starttime="1181.88" type="Neutral" nite:id="tim_ES2009d_A.role.89"/>
    <role endtime="1183.6" starttime="1182.92" type="Supporter" nite:id="tim_ES2009d_A.role.90"/>
    <role endtime="1209.68" starttime="1183.6" type="Neutral" nite:id="tim_ES2009d_A.role.91"/>
    <role endtime="1212.88" starttime="1209.68" type="Protagonist" nite:id="tim_ES2009d_A.role.92"/>
    <role endtime="1217.48" starttime="1212.88" type="Neutral" nite:id="tim_ES2009d_A.role.93"/>
    <role endtime="1219.08" starttime="1217.48" type="Supporter" nite:id="tim_ES2009d_A.role.94"/>
    <role endtime="1228.04" starttime="1219.08" type="Neutral" nite:id="tim_ES2009d_A.role.95"/>
    <role endtime="1233.96" starttime="1228.04" type="Supporter" nite:id="tim_ES2009d_A.role.96"/>
    <role endtime="1255.32" starttime="1233.96" type="Neutral" nite:id="tim_ES2009d_A.role.97"/>
    <role endtime="1255.92" starttime="1255.32" type="Supporter" nite:id="tim_ES2009d_A.role.98"/>
    <role endtime="1259.64" starttime="1255.92" type="Neutral" nite:id="tim_ES2009d_A.role.99"/>
    <role endtime="1265.44" starttime="1259.64" type="Supporter" nite:id="tim_ES2009d_A.role.100"/>
    <role endtime="1268.02" starttime="1265.44" type="Neutral" nite:id="tim_ES2009d_A.role.101"/>
    <role endtime="1273.04" starttime="1268.02" type="Supporter" nite:id="tim_ES2009d_A.role.102"/>
    <role endtime="1282.96" starttime="1273.04" type="Neutral" nite:id="tim_ES2009d_A.role.103"/>
    <role endtime="1286.88" starttime="1282.96" type="Supporter" nite:id="tim_ES2009d_A.role.104"/>
    <role endtime="1299.46" starttime="1286.88" type="Neutral" nite:id="tim_ES2009d_A.role.105"/>
    <role endtime="1305.6" starttime="1299.46" type="Gatekeeper" nite:id="tim_ES2009d_A.role.106"/>
    <role endtime="1342.6" starttime="1305.6" type="Neutral" nite:id="tim_ES2009d_A.role.107"/>
    <role endtime="1345.32" starttime="1342.6" type="Supporter" nite:id="tim_ES2009d_A.role.108"/>
    <role endtime="1359.34" starttime="1345.32" type="Neutral" nite:id="tim_ES2009d_A.role.109"/>
    <role endtime="1360.34" starttime="1359.34" type="Supporter" nite:id="tim_ES2009d_A.role.110"/>
    <role endtime="1379.76" starttime="1360.34" type="Neutral" nite:id="tim_ES2009d_A.role.111"/>
    <role endtime="1381.74" starttime="1379.76" type="Supporter" nite:id="tim_ES2009d_A.role.112"/>
    <role endtime="1400.48" starttime="1381.74" type="Neutral" nite:id="tim_ES2009d_A.role.113"/>
    <role endtime="1401.48" starttime="1400.48" type="Supporter" nite:id="tim_ES2009d_A.role.114"/>
    <role endtime="1405.14" starttime="1401.48" type="Neutral" nite:id="tim_ES2009d_A.role.115"/>
    <role endtime="1415.36" starttime="1405.14" type="Supporter" nite:id="tim_ES2009d_A.role.116"/>
    <role endtime="1417.44" starttime="1415.36" type="Neutral" nite:id="tim_ES2009d_A.role.117"/>
    <role endtime="1418.76" starttime="1417.44" type="Supporter" nite:id="tim_ES2009d_A.role.118"/>
    <role endtime="1420.64" starttime="1418.76" type="Neutral" nite:id="tim_ES2009d_A.role.119"/>
    <role endtime="1429.48" starttime="1420.64" type="Supporter" nite:id="tim_ES2009d_A.role.120"/>
    <role endtime="1430.58" starttime="1429.48" type="Neutral" nite:id="tim_ES2009d_A.role.121"/>
    <role endtime="1438.2" starttime="1430.58" type="Supporter" nite:id="tim_ES2009d_A.role.122"/>
    <role endtime="1453.88" starttime="1438.2" type="Neutral" nite:id="tim_ES2009d_A.role.123"/>
    <role endtime="1455.28" starttime="1453.88" type="Supporter" nite:id="tim_ES2009d_A.role.124"/>
    <role endtime="1456.72" starttime="1455.28" type="Neutral" nite:id="tim_ES2009d_A.role.125"/>
    <role endtime="1470.64" starttime="1456.72" type="Supporter" nite:id="tim_ES2009d_A.role.126"/>
    <role endtime="1473.2" starttime="1470.64" type="Gatekeeper" nite:id="tim_ES2009d_A.role.127"/>
    <role endtime="1479.64" starttime="1473.2" type="Neutral" nite:id="tim_ES2009d_A.role.128"/>
    <role endtime="1484.96" starttime="1479.64" type="Supporter" nite:id="tim_ES2009d_A.role.129"/>
    <role endtime="1489.58" starttime="1484.96" type="Neutral" nite:id="tim_ES2009d_A.role.130"/>
    <role endtime="1491.0" starttime="1489.58" type="Supporter" nite:id="tim_ES2009d_A.role.131"/>
    <role endtime="1495.18" starttime="1491.0" type="Neutral" nite:id="tim_ES2009d_A.role.132"/>
    <role comment="Nod" endtime="1496.72" starttime="1495.18" type="Supporter" nite:id="tim_ES2009d_A.role.133"/>
    <role endtime="1499.62" starttime="1496.72" type="Neutral" nite:id="tim_ES2009d_A.role.134"/>
    <role endtime="1500.84" starttime="1499.62" type="Supporter" nite:id="tim_ES2009d_A.role.135"/>
    <role endtime="1509.06" starttime="1500.84" type="Neutral" nite:id="tim_ES2009d_A.role.136"/>
    <role endtime="1528.64" starttime="1509.06" type="Protagonist" nite:id="tim_ES2009d_A.role.137"/>
    <role endtime="1533.96" starttime="1528.64" type="Neutral" nite:id="tim_ES2009d_A.role.138"/>
    <role endtime="1537.64" starttime="1533.96" type="Supporter" nite:id="tim_ES2009d_A.role.139"/>
    <role endtime="1552.54" starttime="1537.64" type="Neutral" nite:id="tim_ES2009d_A.role.140"/>
    <role endtime="1554.0" starttime="1552.54" type="Supporter" nite:id="tim_ES2009d_A.role.141"/>
    <role endtime="1568.28" starttime="1554.0" type="Neutral" nite:id="tim_ES2009d_A.role.142"/>
    <role endtime="1583.28" starttime="1568.28" type="Protagonist" nite:id="tim_ES2009d_A.role.143"/>
    <role endtime="1588.6" starttime="1583.28" type="Neutral" nite:id="tim_ES2009d_A.role.144"/>
    <role endtime="1591.5" starttime="1588.6" type="Supporter" nite:id="tim_ES2009d_A.role.145"/>
    <role endtime="1598.06" starttime="1591.5" type="Neutral" nite:id="tim_ES2009d_A.role.146"/>
    <role endtime="1605.92" starttime="1598.06" type="Protagonist" nite:id="tim_ES2009d_A.role.147"/>
    <role endtime="1607.3" starttime="1605.92" type="Neutral" nite:id="tim_ES2009d_A.role.148"/>
    <role endtime="1611.44" starttime="1607.3" type="Supporter" nite:id="tim_ES2009d_A.role.149"/>
    <role endtime="1615.08" starttime="1611.44" type="Neutral" nite:id="tim_ES2009d_A.role.150"/>
    <role endtime="1625.72" starttime="1615.08" type="Supporter" nite:id="tim_ES2009d_A.role.151"/>
    <role endtime="1629.02" starttime="1625.72" type="Neutral" nite:id="tim_ES2009d_A.role.152"/>
    <role endtime="1630.88" starttime="1629.02" type="Supporter" nite:id="tim_ES2009d_A.role.153"/>
    <role endtime="1633.38" starttime="1630.88" type="Neutral" nite:id="tim_ES2009d_A.role.154"/>
    <role endtime="1634.52" starttime="1633.38" type="Supporter" nite:id="tim_ES2009d_A.role.155"/>
    <role endtime="1636.14" starttime="1634.52" type="Neutral" nite:id="tim_ES2009d_A.role.156"/>
    <role endtime="1637.72" starttime="1636.14" type="Supporter" nite:id="tim_ES2009d_A.role.157"/>
    <role endtime="1638.94" starttime="1637.72" type="Neutral" nite:id="tim_ES2009d_A.role.158"/>
    <role endtime="1640.56" starttime="1638.94" type="Supporter" nite:id="tim_ES2009d_A.role.159"/>
    <role endtime="1648.74" starttime="1640.56" type="Neutral" nite:id="tim_ES2009d_A.role.160"/>
    <role endtime="1655.76" starttime="1648.74" type="Supporter" nite:id="tim_ES2009d_A.role.161"/>
    <role endtime="1657.98" starttime="1655.76" type="Neutral" nite:id="tim_ES2009d_A.role.162"/>
    <role endtime="1659.08" starttime="1657.98" type="Supporter" nite:id="tim_ES2009d_A.role.163"/>
    <role endtime="1664.74" starttime="1659.08" type="Neutral" nite:id="tim_ES2009d_A.role.164"/>
    <role endtime="1690.36" starttime="1664.74" type="Protagonist" nite:id="tim_ES2009d_A.role.165"/>
    <role endtime="1695.8" starttime="1690.36" type="Neutral" nite:id="tim_ES2009d_A.role.166"/>
    <role endtime="1696.52" starttime="1695.8" type="Supporter" nite:id="tim_ES2009d_A.role.167"/>
    <role endtime="1732.42" starttime="1696.52" type="Neutral" nite:id="tim_ES2009d_A.role.168"/>
    <role endtime="1739.68" starttime="1732.42" type="Protagonist" nite:id="tim_ES2009d_A.role.169"/>
    <role endtime="1740.3" starttime="1739.68" type="Neutral" nite:id="tim_ES2009d_A.role.170"/>
    <role endtime="1741.32" starttime="1740.3" type="Supporter" nite:id="tim_ES2009d_A.role.171"/>
    <role endtime="1742.76" starttime="1741.32" type="Neutral" nite:id="tim_ES2009d_A.role.172"/>
    <role endtime="1743.92" starttime="1742.76" type="Supporter" nite:id="tim_ES2009d_A.role.173"/>
    <role endtime="1747.2" starttime="1743.92" type="Neutral" nite:id="tim_ES2009d_A.role.174"/>
    <role endtime="1755.68" starttime="1747.2" type="Gatekeeper" nite:id="tim_ES2009d_A.role.175"/>
    <role endtime="1761.88" starttime="1755.68" type="Supporter" nite:id="tim_ES2009d_A.role.176"/>
    <role endtime="1780.92" starttime="1761.88" type="Neutral" nite:id="tim_ES2009d_A.role.177"/>
    <role endtime="1783.12" starttime="1780.92" type="Gatekeeper" nite:id="tim_ES2009d_A.role.178"/>
    <role endtime="1806.2" starttime="1783.12" type="Neutral" nite:id="tim_ES2009d_A.role.179"/>
    <role endtime="1810.12" starttime="1806.2" type="Supporter" nite:id="tim_ES2009d_A.role.180"/>
    <role endtime="1814.94" starttime="1810.12" type="Neutral" nite:id="tim_ES2009d_A.role.181"/>
    <role endtime="1815.8" starttime="1814.94" type="Supporter" nite:id="tim_ES2009d_A.role.182"/>
    <role endtime="1833.92" starttime="1815.8" type="Neutral" nite:id="tim_ES2009d_A.role.183"/>
    <role endtime="1834.92" starttime="1833.92" type="Supporter" nite:id="tim_ES2009d_A.role.184"/>
    <role endtime="1838.88" starttime="1834.92" type="Neutral" nite:id="tim_ES2009d_A.role.185"/>
    <role endtime="1840.88" starttime="1838.88" type="Supporter" nite:id="tim_ES2009d_A.role.186"/>
    <role endtime="1847.96" starttime="1840.88" type="Neutral" nite:id="tim_ES2009d_A.role.187"/>
    <role endtime="1849.4" starttime="1847.96" type="Supporter" nite:id="tim_ES2009d_A.role.188"/>
    <role endtime="1852.78" starttime="1849.4" type="Neutral" nite:id="tim_ES2009d_A.role.189"/>
    <role endtime="1893.08" starttime="1852.78" type="Protagonist" nite:id="tim_ES2009d_A.role.190"/>
    <role endtime="1896.08" starttime="1893.08" type="Neutral" nite:id="tim_ES2009d_A.role.191"/>
    <role endtime="1898.8" starttime="1896.08" type="Supporter" nite:id="tim_ES2009d_A.role.192"/>
    <role endtime="1901.44" starttime="1898.8" type="Neutral" nite:id="tim_ES2009d_A.role.193"/>
    <role endtime="1919.16" starttime="1901.44" type="Protagonist" nite:id="tim_ES2009d_A.role.194"/>
    <role endtime="1922.2" starttime="1919.16" type="Neutral" nite:id="tim_ES2009d_A.role.195"/>
    <role endtime="1925.0" starttime="1922.2" type="Supporter" nite:id="tim_ES2009d_A.role.196"/>
    <role endtime="1931.36" starttime="1925.0" type="Neutral" nite:id="tim_ES2009d_A.role.197"/>
    <role endtime="1933.04" starttime="1931.36" type="Supporter" nite:id="tim_ES2009d_A.role.198"/>
    <role endtime="1934.5" starttime="1933.04" type="Neutral" nite:id="tim_ES2009d_A.role.199"/>
    <role endtime="1937.92" starttime="1934.5" type="Supporter" nite:id="tim_ES2009d_A.role.200"/>
    <role endtime="1943.16" starttime="1937.92" type="Neutral" nite:id="tim_ES2009d_A.role.201"/>
    <role endtime="1960.6" starttime="1943.16" type="Protagonist" nite:id="tim_ES2009d_A.role.202"/>
    <role endtime="1973.74" starttime="1960.6" type="Neutral" nite:id="tim_ES2009d_A.role.203"/>
    <role endtime="1977.56" starttime="1973.74" type="Protagonist" nite:id="tim_ES2009d_A.role.204"/>
    <role endtime="1981.02" starttime="1977.56" type="Neutral" nite:id="tim_ES2009d_A.role.205"/>
    <role endtime="1983.16" starttime="1981.02" type="Supporter" nite:id="tim_ES2009d_A.role.206"/>
    <role endtime="1985.74" starttime="1983.16" type="Neutral" nite:id="tim_ES2009d_A.role.207"/>
    <role endtime="1990.4" starttime="1985.74" type="Supporter" nite:id="tim_ES2009d_A.role.208"/>
    <role endtime="1991.86" starttime="1990.4" type="Neutral" nite:id="tim_ES2009d_A.role.209"/>
    <role endtime="1994.68" starttime="1991.86" type="Supporter" nite:id="tim_ES2009d_A.role.210"/>
    <role endtime="2001.68" starttime="1994.68" type="Protagonist" nite:id="tim_ES2009d_A.role.211"/>
    <role endtime="2003.26" starttime="2001.68" type="Neutral" nite:id="tim_ES2009d_A.role.212"/>
    <role endtime="2014.2" starttime="2003.26" type="Supporter" nite:id="tim_ES2009d_A.role.213"/>
    <role endtime="2018.66" starttime="2014.2" type="Neutral" nite:id="tim_ES2009d_A.role.214"/>
    <role endtime="2033.68" starttime="2018.66" type="Protagonist" nite:id="tim_ES2009d_A.role.215"/>
    <role endtime="2036.04" starttime="2033.68" type="Neutral" nite:id="tim_ES2009d_A.role.216"/>
    <role endtime="2040.2" starttime="2036.04" type="Supporter" nite:id="tim_ES2009d_A.role.217"/>
    <role endtime="2071.2" starttime="2040.2" type="Neutral" nite:id="tim_ES2009d_A.role.218"/>
    <role endtime="2074.28" starttime="2071.2" type="Supporter" nite:id="tim_ES2009d_A.role.219"/>
    <role endtime="2075.98" starttime="2074.28" type="Neutral" nite:id="tim_ES2009d_A.role.220"/>
    <role endtime="2080.24" starttime="2075.98" type="Supporter" nite:id="tim_ES2009d_A.role.221"/>
    <role endtime="2087.16" starttime="2080.24" type="Neutral" nite:id="tim_ES2009d_A.role.222"/>
    <role endtime="2088.2" starttime="2087.16" type="Supporter" nite:id="tim_ES2009d_A.role.223"/>
    <role endtime="2092.88" starttime="2088.2" type="Neutral" nite:id="tim_ES2009d_A.role.224"/>
    <role endtime="2094.96" starttime="2092.88" type="Supporter" nite:id="tim_ES2009d_A.role.225"/>
    <role endtime="2096.04" starttime="2094.96" type="Neutral" nite:id="tim_ES2009d_A.role.226"/>
    <role endtime="2105.08" starttime="2096.04" type="Supporter" nite:id="tim_ES2009d_A.role.227"/>
    <role endtime="2106.76" starttime="2105.08" type="Neutral" nite:id="tim_ES2009d_A.role.228"/>
    <role endtime="2109.52" starttime="2106.76" type="Supporter" nite:id="tim_ES2009d_A.role.229"/>
    <role endtime="2128.0" starttime="2109.52" type="Neutral" nite:id="tim_ES2009d_A.role.230"/>
</nite:root>
