<?xml version="1.0" encoding="UTF-8"?>
<nite:root xmlns:nite="http://nite.sourceforge.net/" nite:id="tim_IS1003d_C.nite:root.1">
    <role endtime="49.28" starttime="0.0" type="Neutral" nite:id="tim_IS1003d_C.role.1"/>
    <role endtime="52.72" starttime="49.28" type="Supporter" nite:id="tim_IS1003d_C.role.2"/>
    <role endtime="58.92" starttime="52.72" type="Neutral" nite:id="tim_IS1003d_C.role.3"/>
    <role endtime="62.4" starttime="58.92" type="Supporter" nite:id="tim_IS1003d_C.role.4"/>
    <role endtime="87.28" starttime="62.4" type="Neutral" nite:id="tim_IS1003d_C.role.5"/>
    <role comment="nod" endtime="89.16" starttime="87.28" type="Supporter" nite:id="tim_IS1003d_C.role.6"/>
    <role endtime="105.32" starttime="89.16" type="Neutral" nite:id="tim_IS1003d_C.role.7"/>
    <role comment="laugh" endtime="110.56" starttime="105.32" type="Supporter" nite:id="tim_IS1003d_C.role.8"/>
    <role endtime="126.36" starttime="110.56" type="Neutral" nite:id="tim_IS1003d_C.role.9"/>
    <role endtime="128.56" starttime="126.36" type="Protagonist" nite:id="tim_IS1003d_C.role.10"/>
    <role endtime="130.44" starttime="128.56" type="Neutral" nite:id="tim_IS1003d_C.role.11"/>
    <role endtime="138.72" starttime="130.44" type="Supporter" nite:id="tim_IS1003d_C.role.12"/>
    <role endtime="140.32" starttime="138.72" type="Neutral" nite:id="tim_IS1003d_C.role.13"/>
    <role endtime="141.56" starttime="140.32" type="Supporter" nite:id="tim_IS1003d_C.role.14"/>
    <role endtime="142.96" starttime="141.56" type="Neutral" nite:id="tim_IS1003d_C.role.15"/>
    <role endtime="187.08" starttime="142.96" type="Protagonist" nite:id="tim_IS1003d_C.role.16"/>
    <role endtime="189.08" starttime="187.08" type="Neutral" nite:id="tim_IS1003d_C.role.17"/>
    <role comment="laugh" endtime="190.36" starttime="189.08" type="Supporter" nite:id="tim_IS1003d_C.role.18"/>
    <role endtime="233.12" starttime="190.36" type="Protagonist" nite:id="tim_IS1003d_C.role.19"/>
    <role endtime="236.52" starttime="233.12" type="Supporter" nite:id="tim_IS1003d_C.role.20"/>
    <role endtime="267.36" starttime="236.52" type="Protagonist" nite:id="tim_IS1003d_C.role.21"/>
    <role endtime="268.48" starttime="267.36" type="Neutral" nite:id="tim_IS1003d_C.role.22"/>
    <role endtime="273.6" starttime="268.48" type="Supporter" nite:id="tim_IS1003d_C.role.23"/>
    <role endtime="277.76" starttime="273.6" type="Neutral" nite:id="tim_IS1003d_C.role.24"/>
    <role endtime="278.68" starttime="277.76" type="Supporter" nite:id="tim_IS1003d_C.role.25"/>
    <role endtime="279.96" starttime="278.68" type="Neutral" nite:id="tim_IS1003d_C.role.26"/>
    <role endtime="289.52" starttime="279.96" type="Protagonist" nite:id="tim_IS1003d_C.role.27"/>
    <role endtime="313.64" starttime="289.52" type="Neutral" nite:id="tim_IS1003d_C.role.28"/>
    <role endtime="316.16" starttime="313.64" type="Supporter" nite:id="tim_IS1003d_C.role.29"/>
    <role endtime="333.2" starttime="316.16" type="Neutral" nite:id="tim_IS1003d_C.role.30"/>
    <role endtime="336.68" starttime="333.2" type="Protagonist" nite:id="tim_IS1003d_C.role.31"/>
    <role endtime="341.16" starttime="336.68" type="Neutral" nite:id="tim_IS1003d_C.role.32"/>
    <role endtime="341.96" starttime="341.16" type="Supporter" nite:id="tim_IS1003d_C.role.33"/>
    <role endtime="347.12" starttime="341.96" type="Neutral" nite:id="tim_IS1003d_C.role.34"/>
    <role endtime="349.48" starttime="347.12" type="Protagonist" nite:id="tim_IS1003d_C.role.35"/>
    <role endtime="356.88" starttime="349.48" type="Neutral" nite:id="tim_IS1003d_C.role.36"/>
    <role endtime="359.8" starttime="356.88" type="Supporter" nite:id="tim_IS1003d_C.role.37"/>
    <role endtime="416.48" starttime="359.8" type="Neutral" nite:id="tim_IS1003d_C.role.38"/>
    <role endtime="417.08" starttime="416.48" type="Supporter" nite:id="tim_IS1003d_C.role.39"/>
    <role endtime="444.04" starttime="417.08" type="Neutral" nite:id="tim_IS1003d_C.role.40"/>
    <role endtime="445.6" starttime="444.04" type="Supporter" nite:id="tim_IS1003d_C.role.41"/>
    <role endtime="449.32" starttime="445.6" type="Neutral" nite:id="tim_IS1003d_C.role.42"/>
    <role endtime="452.24" starttime="449.32" type="Protagonist" nite:id="tim_IS1003d_C.role.43"/>
    <role endtime="455.0" starttime="452.24" type="Neutral" nite:id="tim_IS1003d_C.role.44"/>
    <role endtime="458.0" starttime="455.0" type="Supporter" nite:id="tim_IS1003d_C.role.45"/>
    <role endtime="478.28" starttime="458.0" type="Neutral" nite:id="tim_IS1003d_C.role.46"/>
    <role comment="laugh" endtime="480.72" starttime="478.28" type="Supporter" nite:id="tim_IS1003d_C.role.47"/>
    <role endtime="508.68" starttime="480.72" type="Neutral" nite:id="tim_IS1003d_C.role.48"/>
    <role endtime="509.36" starttime="508.68" type="Supporter" nite:id="tim_IS1003d_C.role.49"/>
    <role endtime="517.04" starttime="509.36" type="Neutral" nite:id="tim_IS1003d_C.role.50"/>
    <role endtime="527.28" starttime="517.04" type="Protagonist" nite:id="tim_IS1003d_C.role.51"/>
    <role endtime="530.26" starttime="527.28" type="Neutral" nite:id="tim_IS1003d_C.role.52"/>
    <role endtime="537.56" starttime="530.26" type="Protagonist" nite:id="tim_IS1003d_C.role.53"/>
    <role endtime="558.08" starttime="537.56" type="Neutral" nite:id="tim_IS1003d_C.role.54"/>
    <role comment="laugh" endtime="562.84" starttime="558.08" type="Supporter" nite:id="tim_IS1003d_C.role.55"/>
    <role endtime="579.28" starttime="562.84" type="Neutral" nite:id="tim_IS1003d_C.role.56"/>
    <role endtime="579.92" starttime="579.28" type="Supporter" nite:id="tim_IS1003d_C.role.57"/>
    <role endtime="584.12" starttime="579.92" type="Neutral" nite:id="tim_IS1003d_C.role.58"/>
    <role endtime="584.92" starttime="584.12" type="Supporter" nite:id="tim_IS1003d_C.role.59"/>
    <role endtime="601.24" starttime="584.92" type="Neutral" nite:id="tim_IS1003d_C.role.60"/>
    <role endtime="608.8" starttime="601.24" type="Protagonist" nite:id="tim_IS1003d_C.role.61"/>
    <role endtime="611.0" starttime="608.8" type="Neutral" nite:id="tim_IS1003d_C.role.62"/>
    <role endtime="620.88" starttime="611.0" type="Protagonist" nite:id="tim_IS1003d_C.role.63"/>
    <role endtime="648.44" starttime="620.88" type="Neutral" nite:id="tim_IS1003d_C.role.64"/>
    <role endtime="651.44" starttime="648.44" type="Supporter" nite:id="tim_IS1003d_C.role.65"/>
    <role endtime="664.52" starttime="651.44" type="Neutral" nite:id="tim_IS1003d_C.role.66"/>
    <role endtime="668.6" starttime="664.52" type="Supporter" nite:id="tim_IS1003d_C.role.67"/>
    <role endtime="671.08" starttime="668.6" type="Neutral" nite:id="tim_IS1003d_C.role.68"/>
    <role endtime="672.08" starttime="671.08" type="Supporter" nite:id="tim_IS1003d_C.role.69"/>
    <role endtime="672.76" starttime="672.08" type="Neutral" nite:id="tim_IS1003d_C.role.70"/>
    <role endtime="678.0" starttime="672.76" type="Protagonist" nite:id="tim_IS1003d_C.role.71"/>
    <role endtime="681.2" starttime="678.0" type="Neutral" nite:id="tim_IS1003d_C.role.72"/>
    <role endtime="683.36" starttime="681.2" type="Protagonist" nite:id="tim_IS1003d_C.role.73"/>
    <role endtime="689.24" starttime="683.36" type="Neutral" nite:id="tim_IS1003d_C.role.74"/>
    <role endtime="692.48" starttime="689.24" type="Supporter" nite:id="tim_IS1003d_C.role.75"/>
    <role endtime="704.72" starttime="692.48" type="Neutral" nite:id="tim_IS1003d_C.role.76"/>
    <role endtime="705.76" starttime="704.72" type="Supporter" nite:id="tim_IS1003d_C.role.77"/>
    <role endtime="708.76" starttime="705.76" type="Neutral" nite:id="tim_IS1003d_C.role.78"/>
    <role endtime="726.08" starttime="708.76" type="Protagonist" nite:id="tim_IS1003d_C.role.79"/>
    <role endtime="728.8" starttime="726.08" type="Neutral" nite:id="tim_IS1003d_C.role.80"/>
    <role endtime="739.08" starttime="728.8" type="Protagonist" nite:id="tim_IS1003d_C.role.81"/>
    <role endtime="740.6" starttime="739.08" type="Neutral" nite:id="tim_IS1003d_C.role.82"/>
    <role endtime="754.64" starttime="740.6" type="Protagonist" nite:id="tim_IS1003d_C.role.83"/>
    <role endtime="757.4" starttime="754.64" type="Neutral" nite:id="tim_IS1003d_C.role.84"/>
    <role endtime="762.8" starttime="757.4" type="Protagonist" nite:id="tim_IS1003d_C.role.85"/>
    <role endtime="765.12" starttime="762.8" type="Neutral" nite:id="tim_IS1003d_C.role.86"/>
    <role endtime="766.92" starttime="765.12" type="Supporter" nite:id="tim_IS1003d_C.role.87"/>
    <role endtime="768.36" starttime="766.92" type="Neutral" nite:id="tim_IS1003d_C.role.88"/>
    <role endtime="775.36" starttime="768.36" type="Protagonist" nite:id="tim_IS1003d_C.role.89"/>
    <role endtime="810.16" starttime="775.36" type="Neutral" nite:id="tim_IS1003d_C.role.90"/>
    <role endtime="815.2" starttime="810.16" type="Supporter" nite:id="tim_IS1003d_C.role.91"/>
    <role endtime="848.84" starttime="815.2" type="Protagonist" nite:id="tim_IS1003d_C.role.92"/>
    <role endtime="870.2" starttime="848.84" type="Neutral" nite:id="tim_IS1003d_C.role.93"/>
    <role endtime="871.4" starttime="870.2" type="Supporter" nite:id="tim_IS1003d_C.role.94"/>
    <role endtime="879.4" starttime="871.4" type="Neutral" nite:id="tim_IS1003d_C.role.95"/>
    <role endtime="881.0" starttime="879.4" type="Supporter" nite:id="tim_IS1003d_C.role.96"/>
    <role endtime="907.2" starttime="881.0" type="Neutral" nite:id="tim_IS1003d_C.role.97"/>
    <role endtime="933.16" starttime="907.2" type="Protagonist" nite:id="tim_IS1003d_C.role.98"/>
    <role endtime="935.12" starttime="933.16" type="Neutral" nite:id="tim_IS1003d_C.role.99"/>
    <role endtime="954.32" starttime="935.12" type="Supporter" nite:id="tim_IS1003d_C.role.100"/>
    <role endtime="960.78" starttime="954.32" type="Neutral" nite:id="tim_IS1003d_C.role.101"/>
    <role endtime="962.26" starttime="960.78" type="Supporter" nite:id="tim_IS1003d_C.role.102"/>
    <role endtime="964.24" starttime="962.26" type="Neutral" nite:id="tim_IS1003d_C.role.103"/>
    <role endtime="979.44" starttime="964.24" type="Protagonist" nite:id="tim_IS1003d_C.role.104"/>
    <role endtime="980.0" starttime="979.44" type="Neutral" nite:id="tim_IS1003d_C.role.105"/>
    <role endtime="980.96" starttime="980.0" type="Supporter" nite:id="tim_IS1003d_C.role.106"/>
    <role endtime="984.0" starttime="980.96" type="Neutral" nite:id="tim_IS1003d_C.role.107"/>
    <role endtime="990.72" starttime="984.0" type="Supporter" nite:id="tim_IS1003d_C.role.108"/>
    <role endtime="1001.8" starttime="990.72" type="Neutral" nite:id="tim_IS1003d_C.role.109"/>
    <role endtime="1007.92" starttime="1001.8" type="Supporter" nite:id="tim_IS1003d_C.role.110"/>
    <role endtime="1016.24" starttime="1007.92" type="Neutral" nite:id="tim_IS1003d_C.role.111"/>
    <role endtime="1019.48" starttime="1016.24" type="Supporter" nite:id="tim_IS1003d_C.role.112"/>
    <role endtime="1020.08" starttime="1019.48" type="Neutral" nite:id="tim_IS1003d_C.role.113"/>
    <role endtime="1023.84" starttime="1020.08" type="Protagonist" nite:id="tim_IS1003d_C.role.114"/>
    <role endtime="1053.52" starttime="1023.84" type="Neutral" nite:id="tim_IS1003d_C.role.115"/>
    <role endtime="1057.0" starttime="1053.52" type="Supporter" nite:id="tim_IS1003d_C.role.116"/>
    <role endtime="1064.52" starttime="1057.0" type="Neutral" nite:id="tim_IS1003d_C.role.117"/>
    <role endtime="1065.68" starttime="1064.52" type="Supporter" nite:id="tim_IS1003d_C.role.118"/>
    <role endtime="1070.0" starttime="1065.68" type="Neutral" nite:id="tim_IS1003d_C.role.119"/>
    <role endtime="1071.16" starttime="1070.0" type="Supporter" nite:id="tim_IS1003d_C.role.120"/>
    <role endtime="1080.12" starttime="1071.16" type="Neutral" nite:id="tim_IS1003d_C.role.121"/>
    <role endtime="1083.52" starttime="1080.12" type="Supporter" nite:id="tim_IS1003d_C.role.122"/>
    <role endtime="1088.76" starttime="1083.52" type="Neutral" nite:id="tim_IS1003d_C.role.123"/>
    <role endtime="1090.28" starttime="1088.76" type="Supporter" nite:id="tim_IS1003d_C.role.124"/>
    <role endtime="1104.84" starttime="1090.28" type="Neutral" nite:id="tim_IS1003d_C.role.125"/>
    <role comment="nod" endtime="1111.52" starttime="1104.84" type="Supporter" nite:id="tim_IS1003d_C.role.126"/>
    <role endtime="1133.24" starttime="1111.52" type="Neutral" nite:id="tim_IS1003d_C.role.127"/>
    <role endtime="1135.04" starttime="1133.24" type="Supporter" nite:id="tim_IS1003d_C.role.128"/>
    <role endtime="1213.88" starttime="1135.04" type="Neutral" nite:id="tim_IS1003d_C.role.129"/>
    <role endtime="1216.88" starttime="1213.88" type="Supporter" nite:id="tim_IS1003d_C.role.130"/>
    <role endtime="1250.32" starttime="1216.88" type="Neutral" nite:id="tim_IS1003d_C.role.131"/>
    <role endtime="1253.52" starttime="1250.32" type="Protagonist" nite:id="tim_IS1003d_C.role.132"/>
    <role endtime="1255.08" starttime="1253.52" type="Neutral" nite:id="tim_IS1003d_C.role.133"/>
    <role endtime="1255.88" starttime="1255.08" type="Protagonist" nite:id="tim_IS1003d_C.role.134"/>
    <role endtime="1261.24" starttime="1255.88" type="Neutral" nite:id="tim_IS1003d_C.role.135"/>
    <role endtime="1262.48" starttime="1261.24" type="Protagonist" nite:id="tim_IS1003d_C.role.136"/>
    <role endtime="1270.44" starttime="1262.48" type="Neutral" nite:id="tim_IS1003d_C.role.137"/>
    <role endtime="1273.0" starttime="1270.44" type="Supporter" nite:id="tim_IS1003d_C.role.138"/>
    <role endtime="1315.12" starttime="1273.0" type="Neutral" nite:id="tim_IS1003d_C.role.139"/>
    <role endtime="1329.12" starttime="1315.12" type="Protagonist" nite:id="tim_IS1003d_C.role.140"/>
    <role endtime="1335.2" starttime="1329.12" type="Neutral" nite:id="tim_IS1003d_C.role.141"/>
    <role endtime="1342.2" starttime="1335.2" type="Protagonist" nite:id="tim_IS1003d_C.role.142"/>
    <role endtime="1351.68" starttime="1342.2" type="Neutral" nite:id="tim_IS1003d_C.role.143"/>
    <role endtime="1353.24" starttime="1351.68" type="Protagonist" nite:id="tim_IS1003d_C.role.144"/>
    <role endtime="1362.88" starttime="1353.24" type="Neutral" nite:id="tim_IS1003d_C.role.145"/>
    <role endtime="1365.96" starttime="1362.88" type="Protagonist" nite:id="tim_IS1003d_C.role.146"/>
    <role endtime="1416.16" starttime="1365.96" type="Neutral" nite:id="tim_IS1003d_C.role.147"/>
    <role endtime="1419.04" starttime="1416.16" type="Protagonist" nite:id="tim_IS1003d_C.role.148"/>
    <role endtime="1438.0" starttime="1419.04" type="Neutral" nite:id="tim_IS1003d_C.role.149"/>
    <role endtime="1439.56" starttime="1438.0" type="Supporter" nite:id="tim_IS1003d_C.role.150"/>
    <role endtime="1447.32" starttime="1439.56" type="Neutral" nite:id="tim_IS1003d_C.role.151"/>
    <role comment="laugh" endtime="1454.92" starttime="1447.32" type="Supporter" nite:id="tim_IS1003d_C.role.152"/>
    <role endtime="1461.04" starttime="1454.92" type="Neutral" nite:id="tim_IS1003d_C.role.153"/>
    <role comment="laugh" endtime="1463.0" starttime="1461.04" type="Supporter" nite:id="tim_IS1003d_C.role.154"/>
    <role endtime="1464.92" starttime="1463.0" type="Neutral" nite:id="tim_IS1003d_C.role.155"/>
    <role endtime="1467.32" starttime="1464.92" type="Supporter" nite:id="tim_IS1003d_C.role.156"/>
    <role endtime="1490.08" starttime="1467.32" type="Neutral" nite:id="tim_IS1003d_C.role.157"/>
    <role endtime="1497.48" starttime="1490.08" type="Protagonist" nite:id="tim_IS1003d_C.role.158"/>
    <role endtime="1504.04" starttime="1497.48" type="Neutral" nite:id="tim_IS1003d_C.role.159"/>
    <role endtime="1512.24" starttime="1504.04" type="Protagonist" nite:id="tim_IS1003d_C.role.160"/>
    <role endtime="1514.64" starttime="1512.24" type="Neutral" nite:id="tim_IS1003d_C.role.161"/>
    <role endtime="1518.2" starttime="1514.64" type="Protagonist" nite:id="tim_IS1003d_C.role.162"/>
    <role endtime="1527.52" starttime="1518.2" type="Neutral" nite:id="tim_IS1003d_C.role.163"/>
    <role endtime="1528.92" starttime="1527.52" type="Supporter" nite:id="tim_IS1003d_C.role.164"/>
    <role endtime="1596.52" starttime="1528.92" type="Neutral" nite:id="tim_IS1003d_C.role.165"/>
    <role endtime="1600.44" starttime="1596.52" type="Protagonist" nite:id="tim_IS1003d_C.role.166"/>
    <role endtime="1604.08" starttime="1600.44" type="Neutral" nite:id="tim_IS1003d_C.role.167"/>
    <role endtime="1614.8" starttime="1604.08" type="Protagonist" nite:id="tim_IS1003d_C.role.168"/>
    <role endtime="1627.74" starttime="1614.8" type="Neutral" nite:id="tim_IS1003d_C.role.169"/>
    <role comment="nod" endtime="1631.44" starttime="1627.74" type="Supporter" nite:id="tim_IS1003d_C.role.170"/>
    <role endtime="1662.28" starttime="1631.44" type="Neutral" nite:id="tim_IS1003d_C.role.171"/>
    <role comment="laugh" endtime="1666.44" starttime="1662.28" type="Supporter" nite:id="tim_IS1003d_C.role.172"/>
    <role endtime="1668.0" starttime="1666.44" type="Neutral" nite:id="tim_IS1003d_C.role.173"/>
    <role comment="laugh" endtime="1670.16" starttime="1668.0" type="Supporter" nite:id="tim_IS1003d_C.role.174"/>
    <role endtime="1673.72" starttime="1670.16" type="Neutral" nite:id="tim_IS1003d_C.role.175"/>
    <role endtime="1692.24" starttime="1673.72" type="Protagonist" nite:id="tim_IS1003d_C.role.176"/>
    <role endtime="1696.84" starttime="1692.24" type="Neutral" nite:id="tim_IS1003d_C.role.177"/>
    <role endtime="1699.88" starttime="1696.84" type="Protagonist" nite:id="tim_IS1003d_C.role.178"/>
    <role endtime="1705.36" starttime="1699.88" type="Neutral" nite:id="tim_IS1003d_C.role.179"/>
    <role endtime="1706.4" starttime="1705.36" type="Supporter" nite:id="tim_IS1003d_C.role.180"/>
    <role endtime="1754.0" starttime="1706.4" type="Neutral" nite:id="tim_IS1003d_C.role.181"/>
    <role comment="nod" endtime="1756.68" starttime="1754.0" type="Supporter" nite:id="tim_IS1003d_C.role.182"/>
    <role endtime="1794.4" starttime="1756.68" type="Neutral" nite:id="tim_IS1003d_C.role.183"/>
    <role endtime="1798.68" starttime="1794.4" type="Protagonist" nite:id="tim_IS1003d_C.role.184"/>
    <role endtime="1804.68" starttime="1798.68" type="Neutral" nite:id="tim_IS1003d_C.role.185"/>
    <role comment="laugh" endtime="1807.16" starttime="1804.68" type="Supporter" nite:id="tim_IS1003d_C.role.186"/>
    <role endtime="1814.52" starttime="1807.16" type="Neutral" nite:id="tim_IS1003d_C.role.187"/>
    <role endtime="1818.44" starttime="1814.52" type="Protagonist" nite:id="tim_IS1003d_C.role.188"/>
    <role endtime="1821.8" starttime="1818.44" type="Neutral" nite:id="tim_IS1003d_C.role.189"/>
    <role endtime="1822.56" starttime="1821.8" type="Supporter" nite:id="tim_IS1003d_C.role.190"/>
    <role endtime="1823.76" starttime="1822.56" type="Neutral" nite:id="tim_IS1003d_C.role.191"/>
    <role endtime="1831.04" starttime="1823.76" type="Protagonist" nite:id="tim_IS1003d_C.role.192"/>
    <role endtime="1832.0" starttime="1831.04" type="Neutral" nite:id="tim_IS1003d_C.role.193"/>
    <role endtime="1833.24" starttime="1832.0" type="Supporter" nite:id="tim_IS1003d_C.role.194"/>
    <role endtime="1906.24" starttime="1833.24" type="Neutral" nite:id="tim_IS1003d_C.role.195"/>
    <role comment="false start" endtime="1908.16" starttime="1906.24" type="Protagonist" nite:id="tim_IS1003d_C.role.196"/>
    <role endtime="1909.56" starttime="1908.16" type="Neutral" nite:id="tim_IS1003d_C.role.197"/>
    <role endtime="1915.52" starttime="1909.56" type="Protagonist" nite:id="tim_IS1003d_C.role.198"/>
    <role endtime="1921.36" starttime="1915.52" type="Neutral" nite:id="tim_IS1003d_C.role.199"/>
    <role endtime="1924.92" starttime="1921.36" type="Supporter" nite:id="tim_IS1003d_C.role.200"/>
    <role endtime="1927.8" starttime="1924.92" type="Neutral" nite:id="tim_IS1003d_C.role.201"/>
    <role endtime="1930.16" starttime="1927.8" type="Supporter" nite:id="tim_IS1003d_C.role.202"/>
    <role endtime="1936.28" starttime="1930.16" type="Neutral" nite:id="tim_IS1003d_C.role.203"/>
    <role endtime="1937.36" starttime="1936.28" type="Supporter" nite:id="tim_IS1003d_C.role.204"/>
    <role endtime="1943.2" starttime="1937.36" type="Neutral" nite:id="tim_IS1003d_C.role.205"/>
    <role endtime="1946.16" starttime="1943.2" type="Protagonist" nite:id="tim_IS1003d_C.role.206"/>
    <role endtime="1949.36" starttime="1946.16" type="Neutral" nite:id="tim_IS1003d_C.role.207"/>
    <role endtime="1955.6" starttime="1949.36" type="Protagonist" nite:id="tim_IS1003d_C.role.208"/>
    <role endtime="1965.76" starttime="1955.6" type="Neutral" nite:id="tim_IS1003d_C.role.209"/>
    <role endtime="1968.48" starttime="1965.76" type="Protagonist" nite:id="tim_IS1003d_C.role.210"/>
    <role endtime="1974.32" starttime="1968.48" type="Neutral" nite:id="tim_IS1003d_C.role.211"/>
    <role endtime="1976.24" starttime="1974.32" type="Protagonist" nite:id="tim_IS1003d_C.role.212"/>
    <role endtime="1982.32" starttime="1976.24" type="Neutral" nite:id="tim_IS1003d_C.role.213"/>
    <role endtime="1983.68" starttime="1982.32" type="Supporter" nite:id="tim_IS1003d_C.role.214"/>
    <role endtime="2022.52" starttime="1983.68" type="Neutral" nite:id="tim_IS1003d_C.role.215"/>
    <role endtime="2024.88" starttime="2022.52" type="Protagonist" nite:id="tim_IS1003d_C.role.216"/>
    <role endtime="2063.56" starttime="2024.88" type="Neutral" nite:id="tim_IS1003d_C.role.217"/>
    <role endtime="2065.0" starttime="2063.56" type="Supporter" nite:id="tim_IS1003d_C.role.218"/>
    <role endtime="2070.96" starttime="2065.0" type="Neutral" nite:id="tim_IS1003d_C.role.219"/>
    <role endtime="2073.32" starttime="2070.96" type="Supporter" nite:id="tim_IS1003d_C.role.220"/>
    <role endtime="2093.0" starttime="2073.32" type="Neutral" nite:id="tim_IS1003d_C.role.221"/>
</nite:root>
