<?xml version="1.0" encoding="UTF-8"?>
<nite:root xmlns:nite="http://nite.sourceforge.net/" nite:id="tim_IS1003d_D.nite:root.1">
    <role endtime="39.08" starttime="0.0" type="Neutral" nite:id="tim_IS1003d_D.role.1"/>
    <role endtime="42.52" starttime="39.08" type="Supporter" nite:id="tim_IS1003d_D.role.2"/>
    <role endtime="57.28" starttime="42.52" type="Neutral" nite:id="tim_IS1003d_D.role.3"/>
    <role endtime="59.92" starttime="57.28" type="Protagonist" nite:id="tim_IS1003d_D.role.4"/>
    <role endtime="134.8" starttime="59.92" type="Neutral" nite:id="tim_IS1003d_D.role.5"/>
    <role endtime="136.52" starttime="134.8" type="Supporter" nite:id="tim_IS1003d_D.role.6"/>
    <role endtime="290.76" starttime="136.52" type="Neutral" nite:id="tim_IS1003d_D.role.7"/>
    <role endtime="296.52" starttime="290.76" type="Protagonist" nite:id="tim_IS1003d_D.role.8"/>
    <role endtime="299.0" starttime="296.52" type="Neutral" nite:id="tim_IS1003d_D.role.9"/>
    <role endtime="301.4" starttime="299.0" type="Protagonist" nite:id="tim_IS1003d_D.role.10"/>
    <role endtime="303.28" starttime="301.4" type="Neutral" nite:id="tim_IS1003d_D.role.11"/>
    <role comment="shakes head" endtime="307.36" starttime="303.28" type="Protagonist" nite:id="tim_IS1003d_D.role.12"/>
    <role endtime="309.08" starttime="307.36" type="Neutral" nite:id="tim_IS1003d_D.role.13"/>
    <role endtime="313.52" starttime="309.08" type="Protagonist" nite:id="tim_IS1003d_D.role.14"/>
    <role endtime="318.96" starttime="313.52" type="Neutral" nite:id="tim_IS1003d_D.role.15"/>
    <role endtime="324.2" starttime="318.96" type="Protagonist" nite:id="tim_IS1003d_D.role.16"/>
    <role endtime="326.76" starttime="324.2" type="Neutral" nite:id="tim_IS1003d_D.role.17"/>
    <role endtime="327.8" starttime="326.76" type="Supporter" nite:id="tim_IS1003d_D.role.18"/>
    <role endtime="364.2" starttime="327.8" type="Neutral" nite:id="tim_IS1003d_D.role.19"/>
    <role endtime="367.48" starttime="364.2" type="Protagonist" nite:id="tim_IS1003d_D.role.20"/>
    <role endtime="391.2" starttime="367.48" type="Neutral" nite:id="tim_IS1003d_D.role.21"/>
    <role endtime="435.88" starttime="391.2" type="Protagonist" nite:id="tim_IS1003d_D.role.22"/>
    <role endtime="439.56" starttime="435.88" type="Neutral" nite:id="tim_IS1003d_D.role.23"/>
    <role endtime="445.36" starttime="439.56" type="Protagonist" nite:id="tim_IS1003d_D.role.24"/>
    <role endtime="446.76" starttime="445.36" type="Neutral" nite:id="tim_IS1003d_D.role.25"/>
    <role endtime="448.12" starttime="446.76" type="Protagonist" nite:id="tim_IS1003d_D.role.26"/>
    <role endtime="451.56" starttime="448.12" type="Neutral" nite:id="tim_IS1003d_D.role.27"/>
    <role endtime="454.4" starttime="451.56" type="Protagonist" nite:id="tim_IS1003d_D.role.28"/>
    <role endtime="458.0" starttime="454.4" type="Neutral" nite:id="tim_IS1003d_D.role.29"/>
    <role endtime="464.56" starttime="458.0" type="Protagonist" nite:id="tim_IS1003d_D.role.30"/>
    <role endtime="467.48" starttime="464.56" type="Neutral" nite:id="tim_IS1003d_D.role.31"/>
    <role comment="laugh" endtime="473.36" starttime="467.48" type="Supporter" nite:id="tim_IS1003d_D.role.32"/>
    <role endtime="476.04" starttime="473.36" type="Neutral" nite:id="tim_IS1003d_D.role.33"/>
    <role endtime="480.92" starttime="476.04" type="Protagonist" nite:id="tim_IS1003d_D.role.34"/>
    <role endtime="485.0" starttime="480.92" type="Neutral" nite:id="tim_IS1003d_D.role.35"/>
    <role comment="false start?" endtime="486.12" starttime="485.0" type="Supporter" nite:id="tim_IS1003d_D.role.36"/>
    <role endtime="488.64" starttime="486.12" type="Neutral" nite:id="tim_IS1003d_D.role.37"/>
    <role endtime="494.72" starttime="488.64" type="Protagonist" nite:id="tim_IS1003d_D.role.38"/>
    <role endtime="502.8" starttime="494.72" type="Neutral" nite:id="tim_IS1003d_D.role.39"/>
    <role endtime="504.8" starttime="502.8" type="Supporter" nite:id="tim_IS1003d_D.role.40"/>
    <role endtime="511.2" starttime="504.8" type="Neutral" nite:id="tim_IS1003d_D.role.41"/>
    <role endtime="513.08" starttime="511.2" type="Supporter" nite:id="tim_IS1003d_D.role.42"/>
    <role endtime="527.48" starttime="513.08" type="Neutral" nite:id="tim_IS1003d_D.role.43"/>
    <role endtime="528.28" starttime="527.48" type="Supporter" nite:id="tim_IS1003d_D.role.44"/>
    <role endtime="532.72" starttime="528.28" type="Neutral" nite:id="tim_IS1003d_D.role.45"/>
    <role endtime="543.28" starttime="532.72" type="Protagonist" nite:id="tim_IS1003d_D.role.46"/>
    <role endtime="546.72" starttime="543.28" type="Neutral" nite:id="tim_IS1003d_D.role.47"/>
    <role endtime="552.72" starttime="546.72" type="Protagonist" nite:id="tim_IS1003d_D.role.48"/>
    <role endtime="553.68" starttime="552.72" type="Neutral" nite:id="tim_IS1003d_D.role.49"/>
    <role endtime="555.56" starttime="553.68" type="Supporter" nite:id="tim_IS1003d_D.role.50"/>
    <role endtime="561.32" starttime="555.56" type="Neutral" nite:id="tim_IS1003d_D.role.51"/>
    <role endtime="565.44" starttime="561.32" type="Supporter" nite:id="tim_IS1003d_D.role.52"/>
    <role endtime="569.16" starttime="565.44" type="Neutral" nite:id="tim_IS1003d_D.role.53"/>
    <role endtime="572.52" starttime="569.16" type="Protagonist" nite:id="tim_IS1003d_D.role.54"/>
    <role endtime="577.4" starttime="572.52" type="Neutral" nite:id="tim_IS1003d_D.role.55"/>
    <role endtime="580.12" starttime="577.4" type="Supporter" nite:id="tim_IS1003d_D.role.56"/>
    <role endtime="582.14" starttime="580.12" type="Neutral" nite:id="tim_IS1003d_D.role.57"/>
    <role endtime="583.4" starttime="582.14" type="Supporter" nite:id="tim_IS1003d_D.role.58"/>
    <role endtime="584.04" starttime="583.4" type="Neutral" nite:id="tim_IS1003d_D.role.59"/>
    <role endtime="596.76" starttime="584.04" type="Protagonist" nite:id="tim_IS1003d_D.role.60"/>
    <role endtime="619.64" starttime="596.76" type="Neutral" nite:id="tim_IS1003d_D.role.61"/>
    <role endtime="626.32" starttime="619.64" type="Protagonist" nite:id="tim_IS1003d_D.role.62"/>
    <role endtime="628.9" starttime="626.32" type="Neutral" nite:id="tim_IS1003d_D.role.63"/>
    <role endtime="630.36" starttime="628.9" type="Supporter" nite:id="tim_IS1003d_D.role.64"/>
    <role endtime="631.52" starttime="630.36" type="Neutral" nite:id="tim_IS1003d_D.role.65"/>
    <role endtime="632.92" starttime="631.52" type="Supporter" nite:id="tim_IS1003d_D.role.66"/>
    <role endtime="636.72" starttime="632.92" type="Neutral" nite:id="tim_IS1003d_D.role.67"/>
    <role endtime="641.72" starttime="636.72" type="Supporter" nite:id="tim_IS1003d_D.role.68"/>
    <role endtime="643.84" starttime="641.72" type="Neutral" nite:id="tim_IS1003d_D.role.69"/>
    <role endtime="646.68" starttime="643.84" type="Supporter" nite:id="tim_IS1003d_D.role.70"/>
    <role endtime="648.88" starttime="646.68" type="Neutral" nite:id="tim_IS1003d_D.role.71"/>
    <role endtime="658.96" starttime="648.88" type="Protagonist" nite:id="tim_IS1003d_D.role.72"/>
    <role endtime="666.0" starttime="658.96" type="Neutral" nite:id="tim_IS1003d_D.role.73"/>
    <role endtime="673.28" starttime="666.0" type="Protagonist" nite:id="tim_IS1003d_D.role.74"/>
    <role endtime="674.36" starttime="673.28" type="Neutral" nite:id="tim_IS1003d_D.role.75"/>
    <role endtime="675.24" starttime="674.36" type="Supporter" nite:id="tim_IS1003d_D.role.76"/>
    <role endtime="677.84" starttime="675.24" type="Neutral" nite:id="tim_IS1003d_D.role.77"/>
    <role endtime="685.2" starttime="677.84" type="Supporter" nite:id="tim_IS1003d_D.role.78"/>
    <role endtime="691.52" starttime="685.2" type="Neutral" nite:id="tim_IS1003d_D.role.79"/>
    <role endtime="693.84" starttime="691.52" type="Protagonist" nite:id="tim_IS1003d_D.role.80"/>
    <role endtime="697.0" starttime="693.84" type="Neutral" nite:id="tim_IS1003d_D.role.81"/>
    <role endtime="711.64" starttime="697.0" type="Protagonist" nite:id="tim_IS1003d_D.role.82"/>
    <role endtime="714.52" starttime="711.64" type="Neutral" nite:id="tim_IS1003d_D.role.83"/>
    <role endtime="715.56" starttime="714.52" type="Supporter" nite:id="tim_IS1003d_D.role.84"/>
    <role endtime="719.52" starttime="715.56" type="Protagonist" nite:id="tim_IS1003d_D.role.85"/>
    <role endtime="725.48" starttime="719.52" type="Neutral" nite:id="tim_IS1003d_D.role.86"/>
    <role endtime="731.64" starttime="725.48" type="Protagonist" nite:id="tim_IS1003d_D.role.87"/>
    <role endtime="734.52" starttime="731.64" type="Neutral" nite:id="tim_IS1003d_D.role.88"/>
    <role endtime="735.44" starttime="734.52" type="Supporter" nite:id="tim_IS1003d_D.role.89"/>
    <role endtime="752.52" starttime="735.44" type="Neutral" nite:id="tim_IS1003d_D.role.90"/>
    <role endtime="753.64" starttime="752.52" type="Supporter" nite:id="tim_IS1003d_D.role.91"/>
    <role endtime="756.52" starttime="753.64" type="Protagonist" nite:id="tim_IS1003d_D.role.92"/>
    <role endtime="761.32" starttime="756.52" type="Neutral" nite:id="tim_IS1003d_D.role.93"/>
    <role endtime="765.92" starttime="761.32" type="Protagonist" nite:id="tim_IS1003d_D.role.94"/>
    <role endtime="766.8" starttime="765.92" type="Neutral" nite:id="tim_IS1003d_D.role.95"/>
    <role endtime="768.48" starttime="766.8" type="Protagonist" nite:id="tim_IS1003d_D.role.96"/>
    <role endtime="776.76" starttime="768.48" type="Neutral" nite:id="tim_IS1003d_D.role.97"/>
    <role endtime="784.96" starttime="776.76" type="Protagonist" nite:id="tim_IS1003d_D.role.98"/>
    <role endtime="798.2" starttime="784.96" type="Neutral" nite:id="tim_IS1003d_D.role.99"/>
    <role endtime="800.08" starttime="798.2" type="Supporter" nite:id="tim_IS1003d_D.role.100"/>
    <role endtime="807.08" starttime="800.08" type="Neutral" nite:id="tim_IS1003d_D.role.101"/>
    <role comment="mm-hmm" endtime="807.88" starttime="807.08" type="Supporter" nite:id="tim_IS1003d_D.role.102"/>
    <role endtime="815.16" starttime="807.88" type="Neutral" nite:id="tim_IS1003d_D.role.103"/>
    <role endtime="819.16" starttime="815.16" type="Protagonist" nite:id="tim_IS1003d_D.role.104"/>
    <role endtime="833.64" starttime="819.16" type="Neutral" nite:id="tim_IS1003d_D.role.105"/>
    <role endtime="834.52" starttime="833.64" type="Supporter" nite:id="tim_IS1003d_D.role.106"/>
    <role endtime="840.36" starttime="834.52" type="Neutral" nite:id="tim_IS1003d_D.role.107"/>
    <role endtime="843.52" starttime="840.36" type="Protagonist" nite:id="tim_IS1003d_D.role.108"/>
    <role endtime="855.48" starttime="843.52" type="Neutral" nite:id="tim_IS1003d_D.role.109"/>
    <role endtime="859.44" starttime="855.48" type="Protagonist" nite:id="tim_IS1003d_D.role.110"/>
    <role endtime="862.28" starttime="859.44" type="Neutral" nite:id="tim_IS1003d_D.role.111"/>
    <role endtime="866.96" starttime="862.28" type="Protagonist" nite:id="tim_IS1003d_D.role.112"/>
    <role endtime="867.2" starttime="866.96" type="Neutral" nite:id="tim_IS1003d_D.role.113"/>
    <role endtime="868.24" starttime="867.2" type="Supporter" nite:id="tim_IS1003d_D.role.114"/>
    <role endtime="871.2" starttime="868.24" type="Neutral" nite:id="tim_IS1003d_D.role.115"/>
    <role endtime="873.0" starttime="871.2" type="Gatekeeper" nite:id="tim_IS1003d_D.role.116"/>
    <role endtime="879.88" starttime="873.0" type="Neutral" nite:id="tim_IS1003d_D.role.117"/>
    <role endtime="882.56" starttime="879.88" type="Protagonist" nite:id="tim_IS1003d_D.role.118"/>
    <role endtime="885.92" starttime="882.56" type="Neutral" nite:id="tim_IS1003d_D.role.119"/>
    <role endtime="889.36" starttime="885.92" type="Protagonist" nite:id="tim_IS1003d_D.role.120"/>
    <role endtime="894.28" starttime="889.36" type="Neutral" nite:id="tim_IS1003d_D.role.121"/>
    <role endtime="906.4" starttime="894.28" type="Protagonist" nite:id="tim_IS1003d_D.role.122"/>
    <role endtime="923.34" starttime="906.4" type="Neutral" nite:id="tim_IS1003d_D.role.123"/>
    <role endtime="924.56" starttime="923.34" type="Supporter" nite:id="tim_IS1003d_D.role.124"/>
    <role endtime="925.68" starttime="924.56" type="Neutral" nite:id="tim_IS1003d_D.role.125"/>
    <role endtime="926.68" starttime="925.68" type="Supporter" nite:id="tim_IS1003d_D.role.126"/>
    <role endtime="932.4" starttime="926.68" type="Neutral" nite:id="tim_IS1003d_D.role.127"/>
    <role endtime="936.4" starttime="932.4" type="Protagonist" nite:id="tim_IS1003d_D.role.128"/>
    <role endtime="953.44" starttime="936.4" type="Neutral" nite:id="tim_IS1003d_D.role.129"/>
    <role endtime="954.48" starttime="953.44" type="Supporter" nite:id="tim_IS1003d_D.role.130"/>
    <role endtime="955.36" starttime="954.48" type="Neutral" nite:id="tim_IS1003d_D.role.131"/>
    <role endtime="957.36" starttime="955.36" type="Protagonist" nite:id="tim_IS1003d_D.role.132"/>
    <role endtime="959.28" starttime="957.36" type="Neutral" nite:id="tim_IS1003d_D.role.133"/>
    <role endtime="960.84" starttime="959.28" type="Supporter" nite:id="tim_IS1003d_D.role.134"/>
    <role endtime="975.62" starttime="960.84" type="Neutral" nite:id="tim_IS1003d_D.role.135"/>
    <role endtime="976.64" starttime="975.62" type="Supporter" nite:id="tim_IS1003d_D.role.136"/>
    <role endtime="983.92" starttime="976.64" type="Protagonist" nite:id="tim_IS1003d_D.role.137"/>
    <role endtime="989.08" starttime="983.92" type="Neutral" nite:id="tim_IS1003d_D.role.138"/>
    <role endtime="995.48" starttime="989.08" type="Protagonist" nite:id="tim_IS1003d_D.role.139"/>
    <role endtime="1003.94" starttime="995.48" type="Neutral" nite:id="tim_IS1003d_D.role.140"/>
    <role endtime="1009.76" starttime="1003.94" type="Protagonist" nite:id="tim_IS1003d_D.role.141"/>
    <role endtime="1016.0" starttime="1009.76" type="Neutral" nite:id="tim_IS1003d_D.role.142"/>
    <role endtime="1020.24" starttime="1016.0" type="Supporter" nite:id="tim_IS1003d_D.role.143"/>
    <role endtime="1023.6" starttime="1020.24" type="Neutral" nite:id="tim_IS1003d_D.role.144"/>
    <role endtime="1025.08" starttime="1023.6" type="Supporter" nite:id="tim_IS1003d_D.role.145"/>
    <role endtime="1034.0" starttime="1025.08" type="Neutral" nite:id="tim_IS1003d_D.role.146"/>
    <role endtime="1038.52" starttime="1034.0" type="Supporter" nite:id="tim_IS1003d_D.role.147"/>
    <role endtime="1049.72" starttime="1038.52" type="Neutral" nite:id="tim_IS1003d_D.role.148"/>
    <role endtime="1052.22" starttime="1049.72" type="Protagonist" nite:id="tim_IS1003d_D.role.149"/>
    <role endtime="1053.52" starttime="1052.22" type="Neutral" nite:id="tim_IS1003d_D.role.150"/>
    <role endtime="1054.52" starttime="1053.52" type="Supporter" nite:id="tim_IS1003d_D.role.151"/>
    <role endtime="1058.04" starttime="1054.52" type="Neutral" nite:id="tim_IS1003d_D.role.152"/>
    <role endtime="1059.92" starttime="1058.04" type="Protagonist" nite:id="tim_IS1003d_D.role.153"/>
    <role endtime="1062.8" starttime="1059.92" type="Neutral" nite:id="tim_IS1003d_D.role.154"/>
    <role endtime="1066.36" starttime="1062.8" type="Protagonist" nite:id="tim_IS1003d_D.role.155"/>
    <role endtime="1126.24" starttime="1066.36" type="Neutral" nite:id="tim_IS1003d_D.role.156"/>
    <role comment="mm-hmm" endtime="1127.28" starttime="1126.24" type="Supporter" nite:id="tim_IS1003d_D.role.157"/>
    <role endtime="1208.2" starttime="1127.28" type="Neutral" nite:id="tim_IS1003d_D.role.158"/>
    <role endtime="1210.72" starttime="1208.2" type="Protagonist" nite:id="tim_IS1003d_D.role.159"/>
    <role endtime="1226.6" starttime="1210.72" type="Neutral" nite:id="tim_IS1003d_D.role.160"/>
    <role endtime="1229.04" starttime="1226.6" type="Protagonist" nite:id="tim_IS1003d_D.role.161"/>
    <role endtime="1240.48" starttime="1229.04" type="Neutral" nite:id="tim_IS1003d_D.role.162"/>
    <role comment="Mumble - not sure what role he's filling." endtime="1243.36" starttime="1240.48" type="Supporter" nite:id="tim_IS1003d_D.role.163"/>
    <role endtime="1245.84" starttime="1243.36" type="Neutral" nite:id="tim_IS1003d_D.role.164"/>
    <role endtime="1248.24" starttime="1245.84" type="Supporter" nite:id="tim_IS1003d_D.role.165"/>
    <role endtime="1267.16" starttime="1248.24" type="Neutral" nite:id="tim_IS1003d_D.role.166"/>
    <role endtime="1268.56" starttime="1267.16" type="Supporter" nite:id="tim_IS1003d_D.role.167"/>
    <role endtime="1272.04" starttime="1268.56" type="Neutral" nite:id="tim_IS1003d_D.role.168"/>
    <role endtime="1272.88" starttime="1272.04" type="Supporter" nite:id="tim_IS1003d_D.role.169"/>
    <role endtime="1282.64" starttime="1272.88" type="Neutral" nite:id="tim_IS1003d_D.role.170"/>
    <role endtime="1286.6" starttime="1282.64" type="Supporter" nite:id="tim_IS1003d_D.role.171"/>
    <role endtime="1298.72" starttime="1286.6" type="Neutral" nite:id="tim_IS1003d_D.role.172"/>
    <role endtime="1302.68" starttime="1298.72" type="Protagonist" nite:id="tim_IS1003d_D.role.173"/>
    <role endtime="1312.88" starttime="1302.68" type="Neutral" nite:id="tim_IS1003d_D.role.174"/>
    <role endtime="1317.8" starttime="1312.88" type="Supporter" nite:id="tim_IS1003d_D.role.175"/>
    <role endtime="1328.08" starttime="1317.8" type="Neutral" nite:id="tim_IS1003d_D.role.176"/>
    <role endtime="1329.08" starttime="1328.08" type="Supporter" nite:id="tim_IS1003d_D.role.177"/>
    <role endtime="1332.6" starttime="1329.08" type="Neutral" nite:id="tim_IS1003d_D.role.178"/>
    <role endtime="1336.72" starttime="1332.6" type="Protagonist" nite:id="tim_IS1003d_D.role.179"/>
    <role endtime="1342.36" starttime="1336.72" type="Neutral" nite:id="tim_IS1003d_D.role.180"/>
    <role endtime="1344.52" starttime="1342.36" type="Supporter" nite:id="tim_IS1003d_D.role.181"/>
    <role endtime="1352.88" starttime="1344.52" type="Neutral" nite:id="tim_IS1003d_D.role.182"/>
    <role endtime="1353.44" starttime="1352.88" type="Supporter" nite:id="tim_IS1003d_D.role.183"/>
    <role endtime="1357.2" starttime="1353.44" type="Neutral" nite:id="tim_IS1003d_D.role.184"/>
    <role endtime="1360.52" starttime="1357.2" type="Protagonist" nite:id="tim_IS1003d_D.role.185"/>
    <role endtime="1361.88" starttime="1360.52" type="Neutral" nite:id="tim_IS1003d_D.role.186"/>
    <role endtime="1369.24" starttime="1361.88" type="Protagonist" nite:id="tim_IS1003d_D.role.187"/>
    <role endtime="1372.28" starttime="1369.24" type="Neutral" nite:id="tim_IS1003d_D.role.188"/>
    <role endtime="1373.88" starttime="1372.28" type="Supporter" nite:id="tim_IS1003d_D.role.189"/>
    <role endtime="1375.8" starttime="1373.88" type="Neutral" nite:id="tim_IS1003d_D.role.190"/>
    <role endtime="1381.12" starttime="1375.8" type="Protagonist" nite:id="tim_IS1003d_D.role.191"/>
    <role endtime="1384.2" starttime="1381.12" type="Neutral" nite:id="tim_IS1003d_D.role.192"/>
    <role endtime="1386.32" starttime="1384.2" type="Supporter" nite:id="tim_IS1003d_D.role.193"/>
    <role endtime="1393.6" starttime="1386.32" type="Neutral" nite:id="tim_IS1003d_D.role.194"/>
    <role endtime="1395.4" starttime="1393.6" type="Supporter" nite:id="tim_IS1003d_D.role.195"/>
    <role endtime="1411.72" starttime="1395.4" type="Neutral" nite:id="tim_IS1003d_D.role.196"/>
    <role endtime="1415.52" starttime="1411.72" type="Supporter" nite:id="tim_IS1003d_D.role.197"/>
    <role endtime="1417.8" starttime="1415.52" type="Neutral" nite:id="tim_IS1003d_D.role.198"/>
    <role endtime="1419.48" starttime="1417.8" type="Supporter" nite:id="tim_IS1003d_D.role.199"/>
    <role endtime="1422.56" starttime="1419.48" type="Neutral" nite:id="tim_IS1003d_D.role.200"/>
    <role endtime="1426.08" starttime="1422.56" type="Protagonist" nite:id="tim_IS1003d_D.role.201"/>
    <role endtime="1428.88" starttime="1426.08" type="Supporter" nite:id="tim_IS1003d_D.role.202"/>
    <role endtime="1438.32" starttime="1428.88" type="Neutral" nite:id="tim_IS1003d_D.role.203"/>
    <role endtime="1440.92" starttime="1438.32" type="Protagonist" nite:id="tim_IS1003d_D.role.204"/>
    <role endtime="1453.4" starttime="1440.92" type="Neutral" nite:id="tim_IS1003d_D.role.205"/>
    <role endtime="1456.4" starttime="1453.4" type="Supporter" nite:id="tim_IS1003d_D.role.206"/>
    <role endtime="1468.12" starttime="1456.4" type="Neutral" nite:id="tim_IS1003d_D.role.207"/>
    <role endtime="1471.48" starttime="1468.12" type="Protagonist" nite:id="tim_IS1003d_D.role.208"/>
    <role endtime="1482.56" starttime="1471.48" type="Neutral" nite:id="tim_IS1003d_D.role.209"/>
    <role endtime="1485.4" starttime="1482.56" type="Protagonist" nite:id="tim_IS1003d_D.role.210"/>
    <role endtime="1493.56" starttime="1485.4" type="Neutral" nite:id="tim_IS1003d_D.role.211"/>
    <role endtime="1498.44" starttime="1493.56" type="Protagonist" nite:id="tim_IS1003d_D.role.212"/>
    <role endtime="1501.24" starttime="1498.44" type="Neutral" nite:id="tim_IS1003d_D.role.213"/>
    <role endtime="1504.32" starttime="1501.24" type="Supporter" nite:id="tim_IS1003d_D.role.214"/>
    <role endtime="1512.08" starttime="1504.32" type="Neutral" nite:id="tim_IS1003d_D.role.215"/>
    <role endtime="1513.92" starttime="1512.08" type="Supporter" nite:id="tim_IS1003d_D.role.216"/>
    <role endtime="1525.84" starttime="1513.92" type="Neutral" nite:id="tim_IS1003d_D.role.217"/>
    <role endtime="1536.0" starttime="1525.84" type="Supporter" nite:id="tim_IS1003d_D.role.218"/>
    <role endtime="1541.24" starttime="1536.0" type="Neutral" nite:id="tim_IS1003d_D.role.219"/>
    <role endtime="1544.52" starttime="1541.24" type="Protagonist" nite:id="tim_IS1003d_D.role.220"/>
    <role endtime="1552.56" starttime="1544.52" type="Neutral" nite:id="tim_IS1003d_D.role.221"/>
    <role endtime="1556.4" starttime="1552.56" type="Protagonist" nite:id="tim_IS1003d_D.role.222"/>
    <role endtime="1567.56" starttime="1556.4" type="Neutral" nite:id="tim_IS1003d_D.role.223"/>
    <role endtime="1572.24" starttime="1567.56" type="Protagonist" nite:id="tim_IS1003d_D.role.224"/>
    <role endtime="1576.76" starttime="1572.24" type="Neutral" nite:id="tim_IS1003d_D.role.225"/>
    <role endtime="1581.32" starttime="1576.76" type="Supporter" nite:id="tim_IS1003d_D.role.226"/>
    <role endtime="1587.0" starttime="1581.32" type="Neutral" nite:id="tim_IS1003d_D.role.227"/>
    <role endtime="1592.0" starttime="1587.0" type="Protagonist" nite:id="tim_IS1003d_D.role.228"/>
    <role endtime="1635.64" starttime="1592.0" type="Neutral" nite:id="tim_IS1003d_D.role.229"/>
    <role endtime="1649.84" starttime="1635.64" type="Protagonist" nite:id="tim_IS1003d_D.role.230"/>
    <role endtime="1686.76" starttime="1649.84" type="Neutral" nite:id="tim_IS1003d_D.role.231"/>
    <role comment="laugh" endtime="1690.32" starttime="1686.76" type="Supporter" nite:id="tim_IS1003d_D.role.232"/>
    <role endtime="1705.86" starttime="1690.32" type="Neutral" nite:id="tim_IS1003d_D.role.233"/>
    <role endtime="1717.48" starttime="1705.86" type="Protagonist" nite:id="tim_IS1003d_D.role.234"/>
    <role endtime="1719.6" starttime="1717.48" type="Neutral" nite:id="tim_IS1003d_D.role.235"/>
    <role endtime="1720.48" starttime="1719.6" type="Supporter" nite:id="tim_IS1003d_D.role.236"/>
    <role endtime="1724.56" starttime="1720.48" type="Neutral" nite:id="tim_IS1003d_D.role.237"/>
    <role endtime="1737.08" starttime="1724.56" type="Protagonist" nite:id="tim_IS1003d_D.role.238"/>
    <role endtime="1743.88" starttime="1737.08" type="Neutral" nite:id="tim_IS1003d_D.role.239"/>
    <role endtime="1745.4" starttime="1743.88" type="Supporter" nite:id="tim_IS1003d_D.role.240"/>
    <role endtime="1747.76" starttime="1745.4" type="Neutral" nite:id="tim_IS1003d_D.role.241"/>
    <role endtime="1750.4" starttime="1747.76" type="Supporter" nite:id="tim_IS1003d_D.role.242"/>
    <role endtime="1807.04" starttime="1750.4" type="Neutral" nite:id="tim_IS1003d_D.role.243"/>
    <role endtime="1811.4" starttime="1807.04" type="Supporter" nite:id="tim_IS1003d_D.role.244"/>
    <role endtime="1821.16" starttime="1811.4" type="Neutral" nite:id="tim_IS1003d_D.role.245"/>
    <role endtime="1821.96" starttime="1821.16" type="Supporter" nite:id="tim_IS1003d_D.role.246"/>
    <role endtime="1828.0" starttime="1821.96" type="Neutral" nite:id="tim_IS1003d_D.role.247"/>
    <role endtime="1831.84" starttime="1828.0" type="Supporter" nite:id="tim_IS1003d_D.role.248"/>
    <role endtime="1833.12" starttime="1831.84" type="Neutral" nite:id="tim_IS1003d_D.role.249"/>
    <role endtime="1834.6" starttime="1833.12" type="Supporter" nite:id="tim_IS1003d_D.role.250"/>
    <role endtime="1836.16" starttime="1834.6" type="Neutral" nite:id="tim_IS1003d_D.role.251"/>
    <role endtime="1840.4" starttime="1836.16" type="Protagonist" nite:id="tim_IS1003d_D.role.252"/>
    <role endtime="1850.88" starttime="1840.4" type="Neutral" nite:id="tim_IS1003d_D.role.253"/>
    <role endtime="1851.8" starttime="1850.88" type="Supporter" nite:id="tim_IS1003d_D.role.254"/>
    <role endtime="1866.0" starttime="1851.8" type="Neutral" nite:id="tim_IS1003d_D.role.255"/>
    <role endtime="1873.04" starttime="1866.0" type="Protagonist" nite:id="tim_IS1003d_D.role.256"/>
    <role endtime="1881.92" starttime="1873.04" type="Neutral" nite:id="tim_IS1003d_D.role.257"/>
    <role endtime="1888.8" starttime="1881.92" type="Protagonist" nite:id="tim_IS1003d_D.role.258"/>
    <role endtime="1893.24" starttime="1888.8" type="Neutral" nite:id="tim_IS1003d_D.role.259"/>
    <role endtime="1893.84" starttime="1893.24" type="Supporter" nite:id="tim_IS1003d_D.role.260"/>
    <role endtime="1897.64" starttime="1893.84" type="Neutral" nite:id="tim_IS1003d_D.role.261"/>
    <role endtime="1898.44" starttime="1897.64" type="Supporter" nite:id="tim_IS1003d_D.role.262"/>
    <role endtime="1899.44" starttime="1898.44" type="Neutral" nite:id="tim_IS1003d_D.role.263"/>
    <role endtime="1900.6" starttime="1899.44" type="Supporter" nite:id="tim_IS1003d_D.role.264"/>
    <role endtime="1912.92" starttime="1900.6" type="Neutral" nite:id="tim_IS1003d_D.role.265"/>
    <role endtime="1914.32" starttime="1912.92" type="Supporter" nite:id="tim_IS1003d_D.role.266"/>
    <role endtime="1916.2" starttime="1914.32" type="Neutral" nite:id="tim_IS1003d_D.role.267"/>
    <role endtime="1920.56" starttime="1916.2" type="Protagonist" nite:id="tim_IS1003d_D.role.268"/>
    <role endtime="1925.0" starttime="1920.56" type="Neutral" nite:id="tim_IS1003d_D.role.269"/>
    <role endtime="1927.68" starttime="1925.0" type="Protagonist" nite:id="tim_IS1003d_D.role.270"/>
    <role endtime="1929.56" starttime="1927.68" type="Neutral" nite:id="tim_IS1003d_D.role.271"/>
    <role endtime="1932.96" starttime="1929.56" type="Protagonist" nite:id="tim_IS1003d_D.role.272"/>
    <role endtime="1958.24" starttime="1932.96" type="Neutral" nite:id="tim_IS1003d_D.role.273"/>
    <role comment="mm" endtime="1959.08" starttime="1958.24" type="Supporter" nite:id="tim_IS1003d_D.role.274"/>
    <role endtime="1988.92" starttime="1959.08" type="Neutral" nite:id="tim_IS1003d_D.role.275"/>
    <role endtime="1995.6" starttime="1988.92" type="Protagonist" nite:id="tim_IS1003d_D.role.276"/>
    <role endtime="2000.76" starttime="1995.6" type="Neutral" nite:id="tim_IS1003d_D.role.277"/>
    <role endtime="2005.28" starttime="2000.76" type="Supporter" nite:id="tim_IS1003d_D.role.278"/>
    <role endtime="2007.56" starttime="2005.28" type="Neutral" nite:id="tim_IS1003d_D.role.279"/>
    <role endtime="2008.52" starttime="2007.56" type="Supporter" nite:id="tim_IS1003d_D.role.280"/>
    <role endtime="2013.68" starttime="2008.52" type="Neutral" nite:id="tim_IS1003d_D.role.281"/>
    <role endtime="2014.96" starttime="2013.68" type="Supporter" nite:id="tim_IS1003d_D.role.282"/>
    <role endtime="2053.66" starttime="2014.96" type="Neutral" nite:id="tim_IS1003d_D.role.283"/>
    <role endtime="2054.66" starttime="2053.66" type="Supporter" nite:id="tim_IS1003d_D.role.284"/>
    <role endtime="2059.88" starttime="2054.66" type="Neutral" nite:id="tim_IS1003d_D.role.285"/>
    <role endtime="2062.04" starttime="2059.88" type="Protagonist" nite:id="tim_IS1003d_D.role.286"/>
    <role endtime="2068.08" starttime="2062.04" type="Neutral" nite:id="tim_IS1003d_D.role.287"/>
    <role comment="nod" endtime="2069.28" starttime="2068.08" type="Supporter" nite:id="tim_IS1003d_D.role.288"/>
    <role endtime="2093.0" starttime="2069.28" type="Neutral" nite:id="tim_IS1003d_D.role.289"/>
</nite:root>
