<?xml version="1.0" encoding="UTF-8"?>
<nite:root xmlns:nite="http://nite.sourceforge.net/" nite:id="tim_IS1003d_B.nite:root.1">
    <role endtime="37.44" starttime="0.0" type="Neutral" nite:id="tim_IS1003d_B.role.1"/>
    <role endtime="39.48" starttime="37.44" type="Supporter" nite:id="tim_IS1003d_B.role.2"/>
    <role endtime="43.92" starttime="39.48" type="Neutral" nite:id="tim_IS1003d_B.role.3"/>
    <role endtime="46.72" starttime="43.92" type="Supporter" nite:id="tim_IS1003d_B.role.4"/>
    <role endtime="49.4" starttime="46.72" type="Neutral" nite:id="tim_IS1003d_B.role.5"/>
    <role endtime="54.2" starttime="49.4" type="Supporter" nite:id="tim_IS1003d_B.role.6"/>
    <role endtime="55.24" starttime="54.2" type="Neutral" nite:id="tim_IS1003d_B.role.7"/>
    <role endtime="58.56" starttime="55.24" type="Supporter" nite:id="tim_IS1003d_B.role.8"/>
    <role endtime="91.56" starttime="58.56" type="Neutral" nite:id="tim_IS1003d_B.role.9"/>
    <role endtime="92.24" starttime="91.56" type="Supporter" nite:id="tim_IS1003d_B.role.10"/>
    <role endtime="105.72" starttime="92.24" type="Neutral" nite:id="tim_IS1003d_B.role.11"/>
    <role endtime="107.28" starttime="105.72" type="Supporter" nite:id="tim_IS1003d_B.role.12"/>
    <role endtime="132.36" starttime="107.28" type="Neutral" nite:id="tim_IS1003d_B.role.13"/>
    <role endtime="136.92" starttime="132.36" type="Supporter" nite:id="tim_IS1003d_B.role.14"/>
    <role endtime="201.64" starttime="136.92" type="Neutral" nite:id="tim_IS1003d_B.role.15"/>
    <role endtime="203.44" starttime="201.64" type="Supporter" nite:id="tim_IS1003d_B.role.16"/>
    <role endtime="233.92" starttime="203.44" type="Neutral" nite:id="tim_IS1003d_B.role.17"/>
    <role comment="laugh" endtime="237.48" starttime="233.92" type="Supporter" nite:id="tim_IS1003d_B.role.18"/>
    <role endtime="268.3" starttime="237.48" type="Neutral" nite:id="tim_IS1003d_B.role.19"/>
    <role endtime="270.32" starttime="268.3" type="Protagonist" nite:id="tim_IS1003d_B.role.20"/>
    <role endtime="271.96" starttime="270.32" type="Neutral" nite:id="tim_IS1003d_B.role.21"/>
    <role endtime="281.88" starttime="271.96" type="Protagonist" nite:id="tim_IS1003d_B.role.22"/>
    <role endtime="285.32" starttime="281.88" type="Neutral" nite:id="tim_IS1003d_B.role.23"/>
    <role endtime="292.92" starttime="285.32" type="Protagonist" nite:id="tim_IS1003d_B.role.24"/>
    <role endtime="294.36" starttime="292.92" type="Neutral" nite:id="tim_IS1003d_B.role.25"/>
    <role endtime="300.72" starttime="294.36" type="Supporter" nite:id="tim_IS1003d_B.role.26"/>
    <role endtime="302.52" starttime="300.72" type="Neutral" nite:id="tim_IS1003d_B.role.27"/>
    <role endtime="305.24" starttime="302.52" type="Supporter" nite:id="tim_IS1003d_B.role.28"/>
    <role endtime="306.0" starttime="305.24" type="Neutral" nite:id="tim_IS1003d_B.role.29"/>
    <role endtime="310.88" starttime="306.0" type="Protagonist" nite:id="tim_IS1003d_B.role.30"/>
    <role endtime="313.2" starttime="310.88" type="Neutral" nite:id="tim_IS1003d_B.role.31"/>
    <role endtime="327.76" starttime="313.2" type="Protagonist" nite:id="tim_IS1003d_B.role.32"/>
    <role endtime="328.84" starttime="327.76" type="Neutral" nite:id="tim_IS1003d_B.role.33"/>
    <role endtime="332.68" starttime="328.84" type="Protagonist" nite:id="tim_IS1003d_B.role.34"/>
    <role endtime="334.76" starttime="332.68" type="Neutral" nite:id="tim_IS1003d_B.role.35"/>
    <role endtime="348.76" starttime="334.76" type="Protagonist" nite:id="tim_IS1003d_B.role.36"/>
    <role endtime="351.6" starttime="348.76" type="Supporter" nite:id="tim_IS1003d_B.role.37"/>
    <role endtime="358.44" starttime="351.6" type="Protagonist" nite:id="tim_IS1003d_B.role.38"/>
    <role endtime="358.88" starttime="358.44" type="Neutral" nite:id="tim_IS1003d_B.role.39"/>
    <role endtime="363.76" starttime="358.88" type="Protagonist" nite:id="tim_IS1003d_B.role.40"/>
    <role endtime="367.04" starttime="363.76" type="Neutral" nite:id="tim_IS1003d_B.role.41"/>
    <role endtime="375.48" starttime="367.04" type="Protagonist" nite:id="tim_IS1003d_B.role.42"/>
    <role endtime="377.88" starttime="375.48" type="Neutral" nite:id="tim_IS1003d_B.role.43"/>
    <role endtime="384.8" starttime="377.88" type="Protagonist" nite:id="tim_IS1003d_B.role.44"/>
    <role endtime="429.16" starttime="384.8" type="Neutral" nite:id="tim_IS1003d_B.role.45"/>
    <role endtime="432.72" starttime="429.16" type="Supporter" nite:id="tim_IS1003d_B.role.46"/>
    <role endtime="445.24" starttime="432.72" type="Neutral" nite:id="tim_IS1003d_B.role.47"/>
    <role endtime="450.8" starttime="445.24" type="Protagonist" nite:id="tim_IS1003d_B.role.48"/>
    <role endtime="453.58" starttime="450.8" type="Neutral" nite:id="tim_IS1003d_B.role.49"/>
    <role endtime="457.52" starttime="453.58" type="Supporter" nite:id="tim_IS1003d_B.role.50"/>
    <role endtime="464.08" starttime="457.52" type="Neutral" nite:id="tim_IS1003d_B.role.51"/>
    <role endtime="469.76" starttime="464.08" type="Protagonist" nite:id="tim_IS1003d_B.role.52"/>
    <role comment="laugh" endtime="473.8" starttime="469.76" type="Supporter" nite:id="tim_IS1003d_B.role.53"/>
    <role endtime="474.4" starttime="473.8" type="Neutral" nite:id="tim_IS1003d_B.role.54"/>
    <role endtime="476.28" starttime="474.4" type="Supporter" nite:id="tim_IS1003d_B.role.55"/>
    <role endtime="479.32" starttime="476.28" type="Neutral" nite:id="tim_IS1003d_B.role.56"/>
    <role endtime="482.8" starttime="479.32" type="Protagonist" nite:id="tim_IS1003d_B.role.57"/>
    <role endtime="488.36" starttime="482.8" type="Neutral" nite:id="tim_IS1003d_B.role.58"/>
    <role comment="failed attempt to contribute (overridden)" endtime="489.22" starttime="488.36" type="Protagonist" nite:id="tim_IS1003d_B.role.59"/>
    <role endtime="492.32" starttime="489.22" type="Neutral" nite:id="tim_IS1003d_B.role.60"/>
    <role endtime="493.56" starttime="492.32" type="Protagonist" nite:id="tim_IS1003d_B.role.61"/>
    <role endtime="498.04" starttime="493.56" type="Neutral" nite:id="tim_IS1003d_B.role.62"/>
    <role endtime="499.12" starttime="498.04" type="Supporter" nite:id="tim_IS1003d_B.role.63"/>
    <role endtime="500.32" starttime="499.12" type="Neutral" nite:id="tim_IS1003d_B.role.64"/>
    <role endtime="502.24" starttime="500.32" type="Protagonist" nite:id="tim_IS1003d_B.role.65"/>
    <role endtime="510.26" starttime="502.24" type="Neutral" nite:id="tim_IS1003d_B.role.66"/>
    <role endtime="514.04" starttime="510.26" type="Supporter" nite:id="tim_IS1003d_B.role.67"/>
    <role endtime="515.44" starttime="514.04" type="Neutral" nite:id="tim_IS1003d_B.role.68"/>
    <role endtime="522.56" starttime="515.44" type="Supporter" nite:id="tim_IS1003d_B.role.69"/>
    <role endtime="538.52" starttime="522.56" type="Neutral" nite:id="tim_IS1003d_B.role.70"/>
    <role endtime="539.92" starttime="538.52" type="Supporter" nite:id="tim_IS1003d_B.role.71"/>
    <role endtime="542.56" starttime="539.92" type="Neutral" nite:id="tim_IS1003d_B.role.72"/>
    <role endtime="545.04" starttime="542.56" type="Protagonist" nite:id="tim_IS1003d_B.role.73"/>
    <role endtime="547.12" starttime="545.04" type="Gatekeeper" nite:id="tim_IS1003d_B.role.74"/>
    <role endtime="548.56" starttime="547.12" type="Neutral" nite:id="tim_IS1003d_B.role.75"/>
    <role endtime="551.48" starttime="548.56" type="Gatekeeper" nite:id="tim_IS1003d_B.role.76"/>
    <role endtime="552.28" starttime="551.48" type="Neutral" nite:id="tim_IS1003d_B.role.77"/>
    <role endtime="555.52" starttime="552.28" type="Supporter" nite:id="tim_IS1003d_B.role.78"/>
    <role endtime="559.96" starttime="555.52" type="Neutral" nite:id="tim_IS1003d_B.role.79"/>
    <role comment="laugh" endtime="564.92" starttime="559.96" type="Supporter" nite:id="tim_IS1003d_B.role.80"/>
    <role endtime="566.16" starttime="564.92" type="Neutral" nite:id="tim_IS1003d_B.role.81"/>
    <role endtime="570.8" starttime="566.16" type="Protagonist" nite:id="tim_IS1003d_B.role.82"/>
    <role endtime="573.68" starttime="570.8" type="Neutral" nite:id="tim_IS1003d_B.role.83"/>
    <role endtime="579.24" starttime="573.68" type="Protagonist" nite:id="tim_IS1003d_B.role.84"/>
    <role endtime="586.58" starttime="579.24" type="Neutral" nite:id="tim_IS1003d_B.role.85"/>
    <role endtime="588.08" starttime="586.58" type="Supporter" nite:id="tim_IS1003d_B.role.86"/>
    <role endtime="590.36" starttime="588.08" type="Neutral" nite:id="tim_IS1003d_B.role.87"/>
    <role endtime="592.36" starttime="590.36" type="Supporter" nite:id="tim_IS1003d_B.role.88"/>
    <role endtime="596.12" starttime="592.36" type="Neutral" nite:id="tim_IS1003d_B.role.89"/>
    <role comment="false start - don't know what kind of turn he wanted to take" endtime="598.0" starttime="596.12" type="Supporter" nite:id="tim_IS1003d_B.role.90"/>
    <role endtime="600.7" starttime="598.0" type="Neutral" nite:id="tim_IS1003d_B.role.91"/>
    <role endtime="601.6" starttime="600.7" type="Supporter" nite:id="tim_IS1003d_B.role.92"/>
    <role endtime="603.16" starttime="601.6" type="Neutral" nite:id="tim_IS1003d_B.role.93"/>
    <role endtime="604.64" starttime="603.16" type="Supporter" nite:id="tim_IS1003d_B.role.94"/>
    <role endtime="614.12" starttime="604.64" type="Neutral" nite:id="tim_IS1003d_B.role.95"/>
    <role endtime="620.52" starttime="614.12" type="Protagonist" nite:id="tim_IS1003d_B.role.96"/>
    <role endtime="622.2" starttime="620.52" type="Neutral" nite:id="tim_IS1003d_B.role.97"/>
    <role endtime="626.68" starttime="622.2" type="Protagonist" nite:id="tim_IS1003d_B.role.98"/>
    <role endtime="629.76" starttime="626.68" type="Neutral" nite:id="tim_IS1003d_B.role.99"/>
    <role endtime="642.96" starttime="629.76" type="Protagonist" nite:id="tim_IS1003d_B.role.100"/>
    <role endtime="645.76" starttime="642.96" type="Neutral" nite:id="tim_IS1003d_B.role.101"/>
    <role endtime="647.32" starttime="645.76" type="Supporter" nite:id="tim_IS1003d_B.role.102"/>
    <role endtime="651.72" starttime="647.32" type="Neutral" nite:id="tim_IS1003d_B.role.103"/>
    <role endtime="652.96" starttime="651.72" type="Supporter" nite:id="tim_IS1003d_B.role.104"/>
    <role endtime="661.4" starttime="652.96" type="Neutral" nite:id="tim_IS1003d_B.role.105"/>
    <role endtime="667.76" starttime="661.4" type="Protagonist" nite:id="tim_IS1003d_B.role.106"/>
    <role endtime="670.56" starttime="667.76" type="Neutral" nite:id="tim_IS1003d_B.role.107"/>
    <role endtime="672.04" starttime="670.56" type="Supporter" nite:id="tim_IS1003d_B.role.108"/>
    <role endtime="682.44" starttime="672.04" type="Neutral" nite:id="tim_IS1003d_B.role.109"/>
    <role endtime="683.98" starttime="682.44" type="Protagonist" nite:id="tim_IS1003d_B.role.110"/>
    <role endtime="685.4" starttime="683.98" type="Neutral" nite:id="tim_IS1003d_B.role.111"/>
    <role endtime="686.72" starttime="685.4" type="Protagonist" nite:id="tim_IS1003d_B.role.112"/>
    <role endtime="697.08" starttime="686.72" type="Neutral" nite:id="tim_IS1003d_B.role.113"/>
    <role endtime="698.76" starttime="697.08" type="Supporter" nite:id="tim_IS1003d_B.role.114"/>
    <role endtime="704.96" starttime="698.76" type="Neutral" nite:id="tim_IS1003d_B.role.115"/>
    <role endtime="708.6" starttime="704.96" type="Supporter" nite:id="tim_IS1003d_B.role.116"/>
    <role endtime="715.52" starttime="708.6" type="Neutral" nite:id="tim_IS1003d_B.role.117"/>
    <role endtime="718.48" starttime="715.52" type="Supporter" nite:id="tim_IS1003d_B.role.118"/>
    <role endtime="721.12" starttime="718.48" type="Neutral" nite:id="tim_IS1003d_B.role.119"/>
    <role comment="aborted attempt to take floor" endtime="723.24" starttime="721.12" type="Protagonist" nite:id="tim_IS1003d_B.role.120"/>
    <role endtime="725.4" starttime="723.24" type="Neutral" nite:id="tim_IS1003d_B.role.121"/>
    <role comment="aborted attempt to take floor" endtime="726.72" starttime="725.4" type="Protagonist" nite:id="tim_IS1003d_B.role.122"/>
    <role endtime="739.8" starttime="726.72" type="Neutral" nite:id="tim_IS1003d_B.role.123"/>
    <role endtime="743.16" starttime="739.8" type="Protagonist" nite:id="tim_IS1003d_B.role.124"/>
    <role endtime="768.72" starttime="743.16" type="Neutral" nite:id="tim_IS1003d_B.role.125"/>
    <role endtime="771.96" starttime="768.72" type="Supporter" nite:id="tim_IS1003d_B.role.126"/>
    <role endtime="773.88" starttime="771.96" type="Neutral" nite:id="tim_IS1003d_B.role.127"/>
    <role endtime="779.44" starttime="773.88" type="Protagonist" nite:id="tim_IS1003d_B.role.128"/>
    <role endtime="791.42" starttime="779.44" type="Neutral" nite:id="tim_IS1003d_B.role.129"/>
    <role comment="nod" endtime="793.24" starttime="791.42" type="Supporter" nite:id="tim_IS1003d_B.role.130"/>
    <role endtime="794.24" starttime="793.24" type="Neutral" nite:id="tim_IS1003d_B.role.131"/>
    <role endtime="795.96" starttime="794.24" type="Supporter" nite:id="tim_IS1003d_B.role.132"/>
    <role endtime="800.08" starttime="795.96" type="Neutral" nite:id="tim_IS1003d_B.role.133"/>
    <role endtime="810.92" starttime="800.08" type="Supporter" nite:id="tim_IS1003d_B.role.134"/>
    <role endtime="813.32" starttime="810.92" type="Neutral" nite:id="tim_IS1003d_B.role.135"/>
    <role comment="laugh" endtime="817.88" starttime="813.32" type="Supporter" nite:id="tim_IS1003d_B.role.136"/>
    <role endtime="821.56" starttime="817.88" type="Neutral" nite:id="tim_IS1003d_B.role.137"/>
    <role endtime="824.24" starttime="821.56" type="Protagonist" nite:id="tim_IS1003d_B.role.138"/>
    <role endtime="836.56" starttime="824.24" type="Neutral" nite:id="tim_IS1003d_B.role.139"/>
    <role endtime="842.36" starttime="836.56" type="Supporter" nite:id="tim_IS1003d_B.role.140"/>
    <role endtime="844.4" starttime="842.36" type="Neutral" nite:id="tim_IS1003d_B.role.141"/>
    <role endtime="855.72" starttime="844.4" type="Supporter" nite:id="tim_IS1003d_B.role.142"/>
    <role endtime="862.04" starttime="855.72" type="Neutral" nite:id="tim_IS1003d_B.role.143"/>
    <role endtime="863.76" starttime="862.04" type="Supporter" nite:id="tim_IS1003d_B.role.144"/>
    <role endtime="868.08" starttime="863.76" type="Neutral" nite:id="tim_IS1003d_B.role.145"/>
    <role endtime="869.88" starttime="868.08" type="Supporter" nite:id="tim_IS1003d_B.role.146"/>
    <role endtime="874.16" starttime="869.88" type="Neutral" nite:id="tim_IS1003d_B.role.147"/>
    <role endtime="879.68" starttime="874.16" type="Supporter" nite:id="tim_IS1003d_B.role.148"/>
    <role endtime="882.52" starttime="879.68" type="Neutral" nite:id="tim_IS1003d_B.role.149"/>
    <role endtime="893.84" starttime="882.52" type="Supporter" nite:id="tim_IS1003d_B.role.150"/>
    <role endtime="894.66" starttime="893.84" type="Neutral" nite:id="tim_IS1003d_B.role.151"/>
    <role endtime="895.96" starttime="894.66" type="Supporter" nite:id="tim_IS1003d_B.role.152"/>
    <role endtime="896.44" starttime="895.96" type="Neutral" nite:id="tim_IS1003d_B.role.153"/>
    <role endtime="897.72" starttime="896.44" type="Supporter" nite:id="tim_IS1003d_B.role.154"/>
    <role endtime="899.36" starttime="897.72" type="Neutral" nite:id="tim_IS1003d_B.role.155"/>
    <role endtime="900.4" starttime="899.36" type="Supporter" nite:id="tim_IS1003d_B.role.156"/>
    <role endtime="905.52" starttime="900.4" type="Neutral" nite:id="tim_IS1003d_B.role.157"/>
    <role endtime="908.44" starttime="905.52" type="Protagonist" nite:id="tim_IS1003d_B.role.158"/>
    <role endtime="922.1" starttime="908.44" type="Neutral" nite:id="tim_IS1003d_B.role.159"/>
    <role endtime="924.48" starttime="922.1" type="Protagonist" nite:id="tim_IS1003d_B.role.160"/>
    <role endtime="933.0" starttime="924.48" type="Neutral" nite:id="tim_IS1003d_B.role.161"/>
    <role endtime="936.44" starttime="933.0" type="Supporter" nite:id="tim_IS1003d_B.role.162"/>
    <role endtime="946.28" starttime="936.44" type="Neutral" nite:id="tim_IS1003d_B.role.163"/>
    <role endtime="948.12" starttime="946.28" type="Supporter" nite:id="tim_IS1003d_B.role.164"/>
    <role endtime="959.12" starttime="948.12" type="Neutral" nite:id="tim_IS1003d_B.role.165"/>
    <role endtime="960.2" starttime="959.12" type="Supporter" nite:id="tim_IS1003d_B.role.166"/>
    <role endtime="984.36" starttime="960.2" type="Neutral" nite:id="tim_IS1003d_B.role.167"/>
    <role endtime="987.24" starttime="984.36" type="Protagonist" nite:id="tim_IS1003d_B.role.168"/>
    <role endtime="988.96" starttime="987.24" type="Neutral" nite:id="tim_IS1003d_B.role.169"/>
    <role endtime="990.32" starttime="988.96" type="Supporter" nite:id="tim_IS1003d_B.role.170"/>
    <role endtime="992.28" starttime="990.32" type="Neutral" nite:id="tim_IS1003d_B.role.171"/>
    <role endtime="993.88" starttime="992.28" type="Supporter" nite:id="tim_IS1003d_B.role.172"/>
    <role endtime="1002.2" starttime="993.88" type="Neutral" nite:id="tim_IS1003d_B.role.173"/>
    <role endtime="1009.56" starttime="1002.2" type="Supporter" nite:id="tim_IS1003d_B.role.174"/>
    <role endtime="1015.92" starttime="1009.56" type="Neutral" nite:id="tim_IS1003d_B.role.175"/>
    <role endtime="1018.48" starttime="1015.92" type="Supporter" nite:id="tim_IS1003d_B.role.176"/>
    <role endtime="1025.16" starttime="1018.48" type="Neutral" nite:id="tim_IS1003d_B.role.177"/>
    <role endtime="1036.32" starttime="1025.16" type="Supporter" nite:id="tim_IS1003d_B.role.178"/>
    <role endtime="1038.28" starttime="1036.32" type="Neutral" nite:id="tim_IS1003d_B.role.179"/>
    <role endtime="1041.04" starttime="1038.28" type="Supporter" nite:id="tim_IS1003d_B.role.180"/>
    <role endtime="1047.88" starttime="1041.04" type="Neutral" nite:id="tim_IS1003d_B.role.181"/>
    <role endtime="1057.72" starttime="1047.88" type="Protagonist" nite:id="tim_IS1003d_B.role.182"/>
    <role endtime="1059.96" starttime="1057.72" type="Neutral" nite:id="tim_IS1003d_B.role.183"/>
    <role endtime="1068.44" starttime="1059.96" type="Protagonist" nite:id="tim_IS1003d_B.role.184"/>
    <role endtime="1070.84" starttime="1068.44" type="Neutral" nite:id="tim_IS1003d_B.role.185"/>
    <role endtime="1073.24" starttime="1070.84" type="Supporter" nite:id="tim_IS1003d_B.role.186"/>
    <role endtime="1080.7" starttime="1073.24" type="Neutral" nite:id="tim_IS1003d_B.role.187"/>
    <role endtime="1082.2" starttime="1080.7" type="Supporter" nite:id="tim_IS1003d_B.role.188"/>
    <role endtime="1085.76" starttime="1082.2" type="Neutral" nite:id="tim_IS1003d_B.role.189"/>
    <role comment="laugh" endtime="1087.64" starttime="1085.76" type="Supporter" nite:id="tim_IS1003d_B.role.190"/>
    <role endtime="1096.02" starttime="1087.64" type="Neutral" nite:id="tim_IS1003d_B.role.191"/>
    <role endtime="1097.36" starttime="1096.02" type="Supporter" nite:id="tim_IS1003d_B.role.192"/>
    <role endtime="1139.92" starttime="1097.36" type="Neutral" nite:id="tim_IS1003d_B.role.193"/>
    <role endtime="1140.8" starttime="1139.92" type="Supporter" nite:id="tim_IS1003d_B.role.194"/>
    <role endtime="1163.72" starttime="1140.8" type="Neutral" nite:id="tim_IS1003d_B.role.195"/>
    <role endtime="1165.32" starttime="1163.72" type="Supporter" nite:id="tim_IS1003d_B.role.196"/>
    <role endtime="1166.92" starttime="1165.32" type="Neutral" nite:id="tim_IS1003d_B.role.197"/>
    <role endtime="1169.28" starttime="1166.92" type="Supporter" nite:id="tim_IS1003d_B.role.198"/>
    <role endtime="1176.08" starttime="1169.28" type="Neutral" nite:id="tim_IS1003d_B.role.199"/>
    <role endtime="1181.8" starttime="1176.08" type="Protagonist" nite:id="tim_IS1003d_B.role.200"/>
    <role endtime="1186.48" starttime="1181.8" type="Neutral" nite:id="tim_IS1003d_B.role.201"/>
    <role endtime="1190.04" starttime="1186.48" type="Protagonist" nite:id="tim_IS1003d_B.role.202"/>
    <role endtime="1198.76" starttime="1190.04" type="Neutral" nite:id="tim_IS1003d_B.role.203"/>
    <role endtime="1201.2" starttime="1198.76" type="Protagonist" nite:id="tim_IS1003d_B.role.204"/>
    <role endtime="1201.84" starttime="1201.2" type="Neutral" nite:id="tim_IS1003d_B.role.205"/>
    <role endtime="1203.16" starttime="1201.84" type="Supporter" nite:id="tim_IS1003d_B.role.206"/>
    <role endtime="1205.04" starttime="1203.16" type="Neutral" nite:id="tim_IS1003d_B.role.207"/>
    <role endtime="1207.16" starttime="1205.04" type="Protagonist" nite:id="tim_IS1003d_B.role.208"/>
    <role endtime="1209.8" starttime="1207.16" type="Neutral" nite:id="tim_IS1003d_B.role.209"/>
    <role endtime="1213.32" starttime="1209.8" type="Protagonist" nite:id="tim_IS1003d_B.role.210"/>
    <role endtime="1218.36" starttime="1213.32" type="Neutral" nite:id="tim_IS1003d_B.role.211"/>
    <role endtime="1223.48" starttime="1218.36" type="Protagonist" nite:id="tim_IS1003d_B.role.212"/>
    <role endtime="1227.66" starttime="1223.48" type="Neutral" nite:id="tim_IS1003d_B.role.213"/>
    <role endtime="1229.88" starttime="1227.66" type="Supporter" nite:id="tim_IS1003d_B.role.214"/>
    <role endtime="1230.68" starttime="1229.88" type="Neutral" nite:id="tim_IS1003d_B.role.215"/>
    <role endtime="1232.4" starttime="1230.68" type="Supporter" nite:id="tim_IS1003d_B.role.216"/>
    <role endtime="1239.46" starttime="1232.4" type="Neutral" nite:id="tim_IS1003d_B.role.217"/>
    <role endtime="1243.44" starttime="1239.46" type="Supporter" nite:id="tim_IS1003d_B.role.218"/>
    <role endtime="1245.0" starttime="1243.44" type="Neutral" nite:id="tim_IS1003d_B.role.219"/>
    <role endtime="1248.24" starttime="1245.0" type="Supporter" nite:id="tim_IS1003d_B.role.220"/>
    <role endtime="1253.6" starttime="1248.24" type="Neutral" nite:id="tim_IS1003d_B.role.221"/>
    <role endtime="1255.08" starttime="1253.6" type="Supporter" nite:id="tim_IS1003d_B.role.222"/>
    <role endtime="1265.1" starttime="1255.08" type="Neutral" nite:id="tim_IS1003d_B.role.223"/>
    <role endtime="1271.32" starttime="1265.1" type="Protagonist" nite:id="tim_IS1003d_B.role.224"/>
    <role endtime="1273.36" starttime="1271.32" type="Neutral" nite:id="tim_IS1003d_B.role.225"/>
    <role endtime="1277.4" starttime="1273.36" type="Supporter" nite:id="tim_IS1003d_B.role.226"/>
    <role endtime="1290.0" starttime="1277.4" type="Neutral" nite:id="tim_IS1003d_B.role.227"/>
    <role endtime="1292.72" starttime="1290.0" type="Supporter" nite:id="tim_IS1003d_B.role.228"/>
    <role endtime="1295.96" starttime="1292.72" type="Neutral" nite:id="tim_IS1003d_B.role.229"/>
    <role endtime="1298.4" starttime="1295.96" type="Protagonist" nite:id="tim_IS1003d_B.role.230"/>
    <role endtime="1312.68" starttime="1298.4" type="Neutral" nite:id="tim_IS1003d_B.role.231"/>
    <role endtime="1315.12" starttime="1312.68" type="Protagonist" nite:id="tim_IS1003d_B.role.232"/>
    <role endtime="1339.4" starttime="1315.12" type="Neutral" nite:id="tim_IS1003d_B.role.233"/>
    <role endtime="1348.12" starttime="1339.4" type="Protagonist" nite:id="tim_IS1003d_B.role.234"/>
    <role endtime="1360.48" starttime="1348.12" type="Neutral" nite:id="tim_IS1003d_B.role.235"/>
    <role endtime="1363.92" starttime="1360.48" type="Supporter" nite:id="tim_IS1003d_B.role.236"/>
    <role endtime="1373.92" starttime="1363.92" type="Neutral" nite:id="tim_IS1003d_B.role.237"/>
    <role endtime="1376.0" starttime="1373.92" type="Supporter" nite:id="tim_IS1003d_B.role.238"/>
    <role endtime="1396.14" starttime="1376.0" type="Neutral" nite:id="tim_IS1003d_B.role.239"/>
    <role endtime="1397.12" starttime="1396.14" type="Supporter" nite:id="tim_IS1003d_B.role.240"/>
    <role endtime="1400.84" starttime="1397.12" type="Neutral" nite:id="tim_IS1003d_B.role.241"/>
    <role endtime="1409.24" starttime="1400.84" type="Protagonist" nite:id="tim_IS1003d_B.role.242"/>
    <role endtime="1417.72" starttime="1409.24" type="Neutral" nite:id="tim_IS1003d_B.role.243"/>
    <role endtime="1423.96" starttime="1417.72" type="Protagonist" nite:id="tim_IS1003d_B.role.244"/>
    <role endtime="1427.44" starttime="1423.96" type="Neutral" nite:id="tim_IS1003d_B.role.245"/>
    <role endtime="1431.68" starttime="1427.44" type="Supporter" nite:id="tim_IS1003d_B.role.246"/>
    <role endtime="1433.9" starttime="1431.68" type="Neutral" nite:id="tim_IS1003d_B.role.247"/>
    <role endtime="1435.92" starttime="1433.9" type="Supporter" nite:id="tim_IS1003d_B.role.248"/>
    <role endtime="1447.56" starttime="1435.92" type="Neutral" nite:id="tim_IS1003d_B.role.249"/>
    <role comment="laugh" endtime="1453.0" starttime="1447.56" type="Supporter" nite:id="tim_IS1003d_B.role.250"/>
    <role endtime="1457.88" starttime="1453.0" type="Neutral" nite:id="tim_IS1003d_B.role.251"/>
    <role endtime="1462.4" starttime="1457.88" type="Supporter" nite:id="tim_IS1003d_B.role.252"/>
    <role endtime="1464.16" starttime="1462.4" type="Neutral" nite:id="tim_IS1003d_B.role.253"/>
    <role endtime="1469.0" starttime="1464.16" type="Supporter" nite:id="tim_IS1003d_B.role.254"/>
    <role endtime="1472.9" starttime="1469.0" type="Neutral" nite:id="tim_IS1003d_B.role.255"/>
    <role endtime="1476.28" starttime="1472.9" type="Supporter" nite:id="tim_IS1003d_B.role.256"/>
    <role endtime="1477.68" starttime="1476.28" type="Neutral" nite:id="tim_IS1003d_B.role.257"/>
    <role endtime="1481.88" starttime="1477.68" type="Supporter" nite:id="tim_IS1003d_B.role.258"/>
    <role endtime="1484.28" starttime="1481.88" type="Neutral" nite:id="tim_IS1003d_B.role.259"/>
    <role endtime="1487.16" starttime="1484.28" type="Supporter" nite:id="tim_IS1003d_B.role.260"/>
    <role endtime="1498.84" starttime="1487.16" type="Neutral" nite:id="tim_IS1003d_B.role.261"/>
    <role endtime="1502.84" starttime="1498.84" type="Supporter" nite:id="tim_IS1003d_B.role.262"/>
    <role endtime="1508.64" starttime="1502.84" type="Neutral" nite:id="tim_IS1003d_B.role.263"/>
    <role endtime="1510.48" starttime="1508.64" type="Supporter" nite:id="tim_IS1003d_B.role.264"/>
    <role endtime="1513.6" starttime="1510.48" type="Neutral" nite:id="tim_IS1003d_B.role.265"/>
    <role endtime="1515.04" starttime="1513.6" type="Supporter" nite:id="tim_IS1003d_B.role.266"/>
    <role endtime="1522.12" starttime="1515.04" type="Neutral" nite:id="tim_IS1003d_B.role.267"/>
    <role endtime="1524.72" starttime="1522.12" type="Protagonist" nite:id="tim_IS1003d_B.role.268"/>
    <role endtime="1528.6" starttime="1524.72" type="Neutral" nite:id="tim_IS1003d_B.role.269"/>
    <role endtime="1538.44" starttime="1528.6" type="Supporter" nite:id="tim_IS1003d_B.role.270"/>
    <role endtime="1539.96" starttime="1538.44" type="Neutral" nite:id="tim_IS1003d_B.role.271"/>
    <role endtime="1541.88" starttime="1539.96" type="Supporter" nite:id="tim_IS1003d_B.role.272"/>
    <role endtime="1556.0" starttime="1541.88" type="Neutral" nite:id="tim_IS1003d_B.role.273"/>
    <role endtime="1559.48" starttime="1556.0" type="Protagonist" nite:id="tim_IS1003d_B.role.274"/>
    <role endtime="1567.38" starttime="1559.48" type="Neutral" nite:id="tim_IS1003d_B.role.275"/>
    <role endtime="1568.16" starttime="1567.38" type="Supporter" nite:id="tim_IS1003d_B.role.276"/>
    <role endtime="1570.28" starttime="1568.16" type="Neutral" nite:id="tim_IS1003d_B.role.277"/>
    <role endtime="1574.8" starttime="1570.28" type="Protagonist" nite:id="tim_IS1003d_B.role.278"/>
    <role endtime="1583.52" starttime="1574.8" type="Neutral" nite:id="tim_IS1003d_B.role.279"/>
    <role endtime="1587.76" starttime="1583.52" type="Supporter" nite:id="tim_IS1003d_B.role.280"/>
    <role endtime="1589.32" starttime="1587.76" type="Neutral" nite:id="tim_IS1003d_B.role.281"/>
    <role endtime="1591.44" starttime="1589.32" type="Supporter" nite:id="tim_IS1003d_B.role.282"/>
    <role endtime="1616.56" starttime="1591.44" type="Neutral" nite:id="tim_IS1003d_B.role.283"/>
    <role endtime="1633.24" starttime="1616.56" type="Protagonist" nite:id="tim_IS1003d_B.role.284"/>
    <role endtime="1647.64" starttime="1633.24" type="Neutral" nite:id="tim_IS1003d_B.role.285"/>
    <role endtime="1650.8" starttime="1647.64" type="Supporter" nite:id="tim_IS1003d_B.role.286"/>
    <role endtime="1662.16" starttime="1650.8" type="Neutral" nite:id="tim_IS1003d_B.role.287"/>
    <role endtime="1675.52" starttime="1662.16" type="Protagonist" nite:id="tim_IS1003d_B.role.288"/>
    <role endtime="1676.68" starttime="1675.52" type="Neutral" nite:id="tim_IS1003d_B.role.289"/>
    <role endtime="1679.32" starttime="1676.68" type="Supporter" nite:id="tim_IS1003d_B.role.290"/>
    <role endtime="1681.32" starttime="1679.32" type="Neutral" nite:id="tim_IS1003d_B.role.291"/>
    <role endtime="1685.44" starttime="1681.32" type="Supporter" nite:id="tim_IS1003d_B.role.292"/>
    <role endtime="1687.88" starttime="1685.44" type="Neutral" nite:id="tim_IS1003d_B.role.293"/>
    <role comment="laugh" endtime="1690.88" starttime="1687.88" type="Supporter" nite:id="tim_IS1003d_B.role.294"/>
    <role endtime="1694.28" starttime="1690.88" type="Neutral" nite:id="tim_IS1003d_B.role.295"/>
    <role endtime="1698.36" starttime="1694.28" type="Supporter" nite:id="tim_IS1003d_B.role.296"/>
    <role endtime="1703.56" starttime="1698.36" type="Neutral" nite:id="tim_IS1003d_B.role.297"/>
    <role endtime="1706.28" starttime="1703.56" type="Supporter" nite:id="tim_IS1003d_B.role.298"/>
    <role endtime="1714.16" starttime="1706.28" type="Neutral" nite:id="tim_IS1003d_B.role.299"/>
    <role comment="Seemed about to interject, but didn't succeed" endtime="1716.2" starttime="1714.16" type="Protagonist" nite:id="tim_IS1003d_B.role.300"/>
    <role endtime="1717.36" starttime="1716.2" type="Neutral" nite:id="tim_IS1003d_B.role.301"/>
    <role endtime="1726.08" starttime="1717.36" type="Protagonist" nite:id="tim_IS1003d_B.role.302"/>
    <role endtime="1728.68" starttime="1726.08" type="Neutral" nite:id="tim_IS1003d_B.role.303"/>
    <role endtime="1729.76" starttime="1728.68" type="Supporter" nite:id="tim_IS1003d_B.role.304"/>
    <role endtime="1732.2" starttime="1729.76" type="Neutral" nite:id="tim_IS1003d_B.role.305"/>
    <role endtime="1751.8" starttime="1732.2" type="Protagonist" nite:id="tim_IS1003d_B.role.306"/>
    <role endtime="1752.68" starttime="1751.8" type="Neutral" nite:id="tim_IS1003d_B.role.307"/>
    <role endtime="1758.8" starttime="1752.68" type="Protagonist" nite:id="tim_IS1003d_B.role.308"/>
    <role endtime="1760.8" starttime="1758.8" type="Neutral" nite:id="tim_IS1003d_B.role.309"/>
    <role endtime="1770.4" starttime="1760.8" type="Supporter" nite:id="tim_IS1003d_B.role.310"/>
    <role endtime="1774.32" starttime="1770.4" type="Neutral" nite:id="tim_IS1003d_B.role.311"/>
    <role endtime="1779.04" starttime="1774.32" type="Supporter" nite:id="tim_IS1003d_B.role.312"/>
    <role endtime="1782.08" starttime="1779.04" type="Neutral" nite:id="tim_IS1003d_B.role.313"/>
    <role endtime="1784.4" starttime="1782.08" type="Supporter" nite:id="tim_IS1003d_B.role.314"/>
    <role endtime="1791.18" starttime="1784.4" type="Neutral" nite:id="tim_IS1003d_B.role.315"/>
    <role comment="laugh" endtime="1797.88" starttime="1791.18" type="Supporter" nite:id="tim_IS1003d_B.role.316"/>
    <role endtime="1799.52" starttime="1797.88" type="Neutral" nite:id="tim_IS1003d_B.role.317"/>
    <role endtime="1811.0" starttime="1799.52" type="Protagonist" nite:id="tim_IS1003d_B.role.318"/>
    <role endtime="1816.28" starttime="1811.0" type="Neutral" nite:id="tim_IS1003d_B.role.319"/>
    <role comment="laugh" endtime="1822.76" starttime="1816.28" type="Supporter" nite:id="tim_IS1003d_B.role.320"/>
    <role endtime="1831.2" starttime="1822.76" type="Neutral" nite:id="tim_IS1003d_B.role.321"/>
    <role comment="laugh" endtime="1836.8" starttime="1831.2" type="Supporter" nite:id="tim_IS1003d_B.role.322"/>
    <role endtime="1837.56" starttime="1836.8" type="Neutral" nite:id="tim_IS1003d_B.role.323"/>
    <role endtime="1844.6" starttime="1837.56" type="Protagonist" nite:id="tim_IS1003d_B.role.324"/>
    <role comment="laugh" endtime="1847.84" starttime="1844.6" type="Supporter" nite:id="tim_IS1003d_B.role.325"/>
    <role endtime="1860.96" starttime="1847.84" type="Neutral" nite:id="tim_IS1003d_B.role.326"/>
    <role endtime="1869.84" starttime="1860.96" type="Supporter" nite:id="tim_IS1003d_B.role.327"/>
    <role endtime="1872.28" starttime="1869.84" type="Neutral" nite:id="tim_IS1003d_B.role.328"/>
    <role endtime="1878.0" starttime="1872.28" type="Protagonist" nite:id="tim_IS1003d_B.role.329"/>
    <role endtime="1887.3" starttime="1878.0" type="Neutral" nite:id="tim_IS1003d_B.role.330"/>
    <role endtime="1890.88" starttime="1887.3" type="Protagonist" nite:id="tim_IS1003d_B.role.331"/>
    <role endtime="1898.88" starttime="1890.88" type="Neutral" nite:id="tim_IS1003d_B.role.332"/>
    <role endtime="1901.52" starttime="1898.88" type="Supporter" nite:id="tim_IS1003d_B.role.333"/>
    <role endtime="1913.0" starttime="1901.52" type="Neutral" nite:id="tim_IS1003d_B.role.334"/>
    <role endtime="1914.48" starttime="1913.0" type="Supporter" nite:id="tim_IS1003d_B.role.335"/>
    <role endtime="1918.0" starttime="1914.48" type="Neutral" nite:id="tim_IS1003d_B.role.336"/>
    <role endtime="1921.8" starttime="1918.0" type="Protagonist" nite:id="tim_IS1003d_B.role.337"/>
    <role endtime="1924.48" starttime="1921.8" type="Neutral" nite:id="tim_IS1003d_B.role.338"/>
    <role endtime="1926.48" starttime="1924.48" type="Supporter" nite:id="tim_IS1003d_B.role.339"/>
    <role endtime="1928.92" starttime="1926.48" type="Neutral" nite:id="tim_IS1003d_B.role.340"/>
    <role endtime="1934.12" starttime="1928.92" type="Protagonist" nite:id="tim_IS1003d_B.role.341"/>
    <role endtime="1936.32" starttime="1934.12" type="Neutral" nite:id="tim_IS1003d_B.role.342"/>
    <role endtime="1939.84" starttime="1936.32" type="Protagonist" nite:id="tim_IS1003d_B.role.343"/>
    <role endtime="1941.4" starttime="1939.84" type="Neutral" nite:id="tim_IS1003d_B.role.344"/>
    <role endtime="1959.16" starttime="1941.4" type="Supporter" nite:id="tim_IS1003d_B.role.345"/>
    <role endtime="1962.42" starttime="1959.16" type="Neutral" nite:id="tim_IS1003d_B.role.346"/>
    <role endtime="1965.44" starttime="1962.42" type="Supporter" nite:id="tim_IS1003d_B.role.347"/>
    <role endtime="1971.68" starttime="1965.44" type="Neutral" nite:id="tim_IS1003d_B.role.348"/>
    <role comment="laugh" endtime="1975.44" starttime="1971.68" type="Supporter" nite:id="tim_IS1003d_B.role.349"/>
    <role endtime="1976.08" starttime="1975.44" type="Neutral" nite:id="tim_IS1003d_B.role.350"/>
    <role endtime="1982.32" starttime="1976.08" type="Protagonist" nite:id="tim_IS1003d_B.role.351"/>
    <role endtime="1987.12" starttime="1982.32" type="Neutral" nite:id="tim_IS1003d_B.role.352"/>
    <role endtime="1990.6" starttime="1987.12" type="Supporter" nite:id="tim_IS1003d_B.role.353"/>
    <role endtime="1992.04" starttime="1990.6" type="Neutral" nite:id="tim_IS1003d_B.role.354"/>
    <role comment="laugh" endtime="1993.92" starttime="1992.04" type="Supporter" nite:id="tim_IS1003d_B.role.355"/>
    <role endtime="2008.04" starttime="1993.92" type="Neutral" nite:id="tim_IS1003d_B.role.356"/>
    <role endtime="2013.24" starttime="2008.04" type="Protagonist" nite:id="tim_IS1003d_B.role.357"/>
    <role endtime="2015.64" starttime="2013.24" type="Neutral" nite:id="tim_IS1003d_B.role.358"/>
    <role endtime="2021.04" starttime="2015.64" type="Supporter" nite:id="tim_IS1003d_B.role.359"/>
    <role endtime="2024.68" starttime="2021.04" type="Neutral" nite:id="tim_IS1003d_B.role.360"/>
    <role endtime="2029.2" starttime="2024.68" type="Protagonist" nite:id="tim_IS1003d_B.role.361"/>
    <role endtime="2048.7" starttime="2029.2" type="Neutral" nite:id="tim_IS1003d_B.role.362"/>
    <role endtime="2050.4" starttime="2048.7" type="Supporter" nite:id="tim_IS1003d_B.role.363"/>
    <role endtime="2053.6" starttime="2050.4" type="Neutral" nite:id="tim_IS1003d_B.role.364"/>
    <role endtime="2054.36" starttime="2053.6" type="Supporter" nite:id="tim_IS1003d_B.role.365"/>
    <role endtime="2058.4" starttime="2054.36" type="Neutral" nite:id="tim_IS1003d_B.role.366"/>
    <role comment="nod only" endtime="2060.68" starttime="2058.4" type="Supporter" nite:id="tim_IS1003d_B.role.367"/>
    <role endtime="2061.76" starttime="2060.68" type="Neutral" nite:id="tim_IS1003d_B.role.368"/>
    <role endtime="2062.64" starttime="2061.76" type="Supporter" nite:id="tim_IS1003d_B.role.369"/>
    <role endtime="2067.1" starttime="2062.64" type="Neutral" nite:id="tim_IS1003d_B.role.370"/>
    <role endtime="2069.32" starttime="2067.1" type="Supporter" nite:id="tim_IS1003d_B.role.371"/>
    <role endtime="2083.56" starttime="2069.32" type="Neutral" nite:id="tim_IS1003d_B.role.372"/>
    <role endtime="2087.0" starttime="2083.56" type="Supporter" nite:id="tim_IS1003d_B.role.373"/>
    <role endtime="2093.0" starttime="2087.0" type="Neutral" nite:id="tim_IS1003d_B.role.374"/>
</nite:root>
