<?xml version="1.0" encoding="ISO-8859-1" standalone="yes"?>
<nite:root nite:id="Bdb001.A.speech-quality" xmlns:nite="http://nite.sourceforge.net/">
   <speechquality nite:id="Bdb001.emphasis.16" type="emphasis">
      <nite:child href="Bdb001.A.words.xml#id(Bdb001.w.1,342)..id(Bdb001.w.1,344)"/>
   </speechquality>
   <speechquality nite:id="Bdb001.emphasis.17" type="emphasis">
      <nite:child href="Bdb001.A.words.xml#id(Bdb001.w.1,348)..id(Bdb001.w.1,349)"/>
   </speechquality>
   <speechquality nite:id="Bdb001.emphasis.19" type="emphasis">
      <nite:child href="Bdb001.A.words.xml#id(Bdb001.w.1,483)"/>
   </speechquality>
   <speechquality nite:id="Bdb001.emphasis.20" type="emphasis">
      <nite:child href="Bdb001.A.words.xml#id(Bdb001.w.1,524)"/>
   </speechquality>
   <speechquality nite:id="Bdb001.emphasis.22" type="emphasis">
      <nite:child href="Bdb001.A.words.xml#id(Bdb001.w.1,575)"/>
   </speechquality>
   <speechquality nite:id="Bdb001.emphasis.23" type="emphasis">
      <nite:child href="Bdb001.A.words.xml#id(Bdb001.w.1,581)"/>
   </speechquality>
   <speechquality nite:id="Bdb001.uncertain.9" type="uncertain">
      <nite:child href="Bdb001.A.words.xml#id(Bdb001.w.2,000)"/>
   </speechquality>
   <speechquality nite:id="Bdb001.emphasis.32" type="emphasis">
      <nite:child href="Bdb001.A.words.xml#id(Bdb001.w.2,130)"/>
   </speechquality>
   <speechquality nite:id="Bdb001.emphasis.33" type="emphasis">
      <nite:child href="Bdb001.A.words.xml#id(Bdb001.w.2,137)..id(Bdb001.w.2,139)"/>
   </speechquality>
   <speechquality nite:id="Bdb001.emphasis.36" type="emphasis">
      <nite:child href="Bdb001.A.words.xml#id(Bdb001.w.2,176)"/>
   </speechquality>
   <speechquality nite:id="Bdb001.emphasis.37" type="emphasis">
      <nite:child href="Bdb001.A.words.xml#id(Bdb001.w.2,183)..id(Bdb001.w.2,184)"/>
   </speechquality>
   <speechquality nite:id="Bdb001.emphasis.38" type="emphasis">
      <nite:child href="Bdb001.A.words.xml#id(Bdb001.w.2,221)"/>
   </speechquality>
   <speechquality nite:id="Bdb001.emphasis.39" type="emphasis">
      <nite:child href="Bdb001.A.words.xml#id(Bdb001.w.2,235)..id(Bdb001.w.2,236)"/>
   </speechquality>
   <speechquality nite:id="Bdb001.emphasis.43" type="emphasis">
      <nite:child href="Bdb001.A.words.xml#id(Bdb001.w.2,366)"/>
   </speechquality>
   <speechquality nite:id="Bdb001.uncertain.10" type="uncertain">
      <nite:child href="Bdb001.A.words.xml#id(Bdb001.w.2,899)..id(Bdb001.w.2,900)"/>
   </speechquality>
   <speechquality nite:id="Bdb001.emphasis.74" type="emphasis">
      <nite:child href="Bdb001.A.words.xml#id(Bdb001.w.3,758)..id(Bdb001.w.3,759)"/>
   </speechquality>
   <speechquality nite:id="Bdb001.uncertain.13" type="uncertain">
      <nite:child href="Bdb001.A.words.xml#id(Bdb001.w.3,808)"/>
   </speechquality>
   <speechquality nite:id="Bdb001.emphasis.87" type="emphasis">
      <nite:child href="Bdb001.A.words.xml#id(Bdb001.w.4,078)"/>
   </speechquality>
   <speechquality nite:id="Bdb001.uncertain.14" type="uncertain" numsyllables="1.0">
      <nite:child href="Bdb001.A.words.xml#id(Bdb001.w.4,260)..id(Bdb001.w.4,261)"/>
   </speechquality>
   <speechquality nite:id="Bdb001.emphasis.97" type="emphasis">
      <nite:child href="Bdb001.A.words.xml#id(Bdb001.w.4,354)..id(Bdb001.w.4,355)"/>
   </speechquality>
   <speechquality nite:id="Bdb001.emphasis.98" type="emphasis">
      <nite:child href="Bdb001.A.words.xml#id(Bdb001.w.4,366)"/>
   </speechquality>
   <speechquality nite:id="Bdb001.uncertain.17" type="uncertain" numsyllables="2.0">
      <nite:child href="Bdb001.A.words.xml#id(Bdb001.w.5,778)..id(Bdb001.w.5,779)"/>
   </speechquality>
   <speechquality nite:id="Bdb001.emphasis.124" type="emphasis">
      <nite:child href="Bdb001.A.words.xml#id(Bdb001.w.5,832)..id(Bdb001.w.5,833)"/>
   </speechquality>
   <speechquality nite:id="Bdb001.emphasis.125" type="emphasis">
      <nite:child href="Bdb001.A.words.xml#id(Bdb001.w.5,849)..id(Bdb001.w.5,850)"/>
   </speechquality>
   <speechquality nite:id="Bdb001.emphasis.126" type="emphasis">
      <nite:child href="Bdb001.A.words.xml#id(Bdb001.w.5,935)"/>
   </speechquality>
   <speechquality nite:id="Bdb001.uncertain.18" type="uncertain" numsyllables="1.0">
      <nite:child href="Bdb001.A.words.xml#id(Bdb001.w.6,042)..id(Bdb001.w.6,043)"/>
   </speechquality>
   <speechquality nite:id="Bdb001.emphasis.129" type="emphasis">
      <nite:child href="Bdb001.A.words.xml#id(Bdb001.w.6,164)"/>
   </speechquality>
   <speechquality nite:id="Bdb001.emphasis.130" type="emphasis">
      <nite:child href="Bdb001.A.words.xml#id(Bdb001.w.6,167)"/>
   </speechquality>
   <speechquality nite:id="Bdb001.emphasis.139" type="emphasis">
      <nite:child href="Bdb001.A.words.xml#id(Bdb001.w.6,713)"/>
   </speechquality>
   <speechquality nite:id="Bdb001.uncertain.19" type="uncertain">
      <nite:child href="Bdb001.A.words.xml#id(Bdb001.w.6,770)..id(Bdb001.w.6,771)"/>
   </speechquality>
   <speechquality nite:id="Bdb001.emphasis.140" type="emphasis">
      <nite:child href="Bdb001.A.words.xml#id(Bdb001.w.6,774)"/>
   </speechquality>
   <speechquality nite:id="Bdb001.emphasis.141" type="emphasis">
      <nite:child href="Bdb001.A.words.xml#id(Bdb001.w.6,779)..id(Bdb001.w.6,780)"/>
   </speechquality>
   <speechquality nite:id="Bdb001.emphasis.142" type="emphasis">
      <nite:child href="Bdb001.A.words.xml#id(Bdb001.w.6,816)"/>
   </speechquality>
   <speechquality nite:id="Bdb001.emphasis.156" type="emphasis">
      <nite:child href="Bdb001.A.words.xml#id(Bdb001.w.7,477)"/>
   </speechquality>
   <speechquality nite:id="Bdb001.emphasis.164" type="emphasis">
      <nite:child href="Bdb001.A.words.xml#id(Bdb001.w.7,619)..id(Bdb001.w.7,620)"/>
   </speechquality>
   <speechquality nite:id="Bdb001.emphasis.165" type="emphasis">
      <nite:child href="Bdb001.A.words.xml#id(Bdb001.w.7,626)..id(Bdb001.w.7,627)"/>
   </speechquality>
   <speechquality nite:id="Bdb001.emphasis.182" type="emphasis">
      <nite:child href="Bdb001.A.words.xml#id(Bdb001.w.8,363)"/>
   </speechquality>
   <speechquality nite:id="Bdb001.emphasis.183" type="emphasis">
      <nite:child href="Bdb001.A.words.xml#id(Bdb001.w.8,369)..id(Bdb001.w.8,370)"/>
   </speechquality>
   <speechquality nite:id="Bdb001.uncertain.26" type="uncertain">
      <nite:child href="Bdb001.A.words.xml#id(Bdb001.w.8,673)"/>
   </speechquality>
   <speechquality nite:id="Bdb001.emphasis.193" type="emphasis">
      <nite:child href="Bdb001.A.words.xml#id(Bdb001.w.8,967)..id(Bdb001.w.8,969)"/>
   </speechquality>
   <speechquality nite:id="Bdb001.emphasis.194" type="emphasis">
      <nite:child href="Bdb001.A.words.xml#id(Bdb001.w.8,972)"/>
   </speechquality>
   <speechquality nite:id="Bdb001.emphasis.195" type="emphasis">
      <nite:child href="Bdb001.A.words.xml#id(Bdb001.w.8,974)..id(Bdb001.w.8,975)"/>
   </speechquality>
   <speechquality nite:id="Bdb001.emphasis.196" type="emphasis">
      <nite:child href="Bdb001.A.words.xml#id(Bdb001.w.9,010)"/>
   </speechquality>
   <speechquality nite:id="Bdb001.emphasis.197" type="emphasis">
      <nite:child href="Bdb001.A.words.xml#id(Bdb001.w.9,017)"/>
   </speechquality>
   <speechquality nite:id="Bdb001.uncertain.29" type="uncertain" numsyllables="1.0">
      <nite:child href="Bdb001.A.words.xml#id(Bdb001.w.9,107)..id(Bdb001.w.9,108)"/>
   </speechquality>
   <speechquality nite:id="Bdb001.uncertain.31" type="uncertain">
      <nite:child href="Bdb001.A.words.xml#id(Bdb001.w.9,244)"/>
   </speechquality>
   <speechquality nite:id="Bdb001.uncertain.32" type="uncertain">
      <nite:child href="Bdb001.A.words.xml#id(Bdb001.w.9,296)..id(Bdb001.w.9,297)"/>
   </speechquality>
   <speechquality nite:id="Bdb001.uncertain.37" type="uncertain">
      <nite:child href="Bdb001.A.words.xml#id(Bdb001.w.10,038)..id(Bdb001.w.10,040)"/>
   </speechquality>
   <speechquality nite:id="Bdb001.emphasis.216" type="emphasis">
      <nite:child href="Bdb001.A.words.xml#id(Bdb001.w.10,191)..id(Bdb001.w.10,192)"/>
   </speechquality>
   <speechquality nite:id="Bdb001.emphasis.217" type="emphasis">
      <nite:child href="Bdb001.A.words.xml#id(Bdb001.w.10,227)..id(Bdb001.w.10,230)"/>
   </speechquality>
   <speechquality nite:id="Bdb001.emphasis.218" type="emphasis">
      <nite:child href="Bdb001.A.words.xml#id(Bdb001.w.10,247)"/>
   </speechquality>
   <speechquality nite:id="Bdb001.emphasis.219" type="emphasis">
      <nite:child href="Bdb001.A.words.xml#id(Bdb001.w.10,263)"/>
   </speechquality>
   <speechquality nite:id="Bdb001.emphasis.220" type="emphasis">
      <nite:child href="Bdb001.A.words.xml#id(Bdb001.w.10,268)"/>
   </speechquality>
   <speechquality nite:id="Bdb001.emphasis.221" type="emphasis">
      <nite:child href="Bdb001.A.words.xml#id(Bdb001.w.10,286)"/>
   </speechquality>
   <speechquality nite:id="Bdb001.emphasis.222" type="emphasis">
      <nite:child href="Bdb001.A.words.xml#id(Bdb001.w.10,310)"/>
   </speechquality>
   <speechquality nite:id="Bdb001.emphasis.223" type="emphasis">
      <nite:child href="Bdb001.A.words.xml#id(Bdb001.w.10,401)"/>
   </speechquality>
   <speechquality nite:id="Bdb001.emphasis.224" type="emphasis">
      <nite:child href="Bdb001.A.words.xml#id(Bdb001.w.10,462)"/>
   </speechquality>
   <speechquality nite:id="Bdb001.emphasis.225" type="emphasis">
      <nite:child href="Bdb001.A.words.xml#id(Bdb001.w.10,475)"/>
   </speechquality>
   <speechquality nite:id="Bdb001.emphasis.226" type="emphasis">
      <nite:child href="Bdb001.A.words.xml#id(Bdb001.w.10,482)"/>
   </speechquality>
   <speechquality nite:id="Bdb001.emphasis.235" type="emphasis">
      <nite:child href="Bdb001.A.words.xml#id(Bdb001.w.10,920)"/>
   </speechquality>
   <speechquality nite:id="Bdb001.emphasis.236" type="emphasis">
      <nite:child href="Bdb001.A.words.xml#id(Bdb001.w.10,937)..id(Bdb001.w.10,938)"/>
   </speechquality>
   <speechquality nite:id="Bdb001.emphasis.237" type="emphasis">
      <nite:child href="Bdb001.A.words.xml#id(Bdb001.w.10,958)"/>
   </speechquality>
   <speechquality nite:id="Bdb001.emphasis.238" type="emphasis">
      <nite:child href="Bdb001.A.words.xml#id(Bdb001.w.10,980)..id(Bdb001.w.10,981)"/>
   </speechquality>
   <speechquality nite:id="Bdb001.emphasis.240" type="emphasis">
      <nite:child href="Bdb001.A.words.xml#id(Bdb001.w.11,060)"/>
   </speechquality>
   <speechquality nite:id="Bdb001.emphasis.245" type="emphasis">
      <nite:child href="Bdb001.A.words.xml#id(Bdb001.w.11,248)"/>
   </speechquality>
</nite:root>