<?xml version="1.0" encoding="ISO-8859-1" standalone="yes"?>
<nite:root nite:id="Bed004.D.speech-quality" xmlns:nite="http://nite.sourceforge.net/">
   <speechquality nite:id="Bed004.emphasis.7" type="emphasis">
      <nite:child href="Bed004.D.words.xml#id(Bed004.w.603)"/>
   </speechquality>
   <speechquality nite:id="Bed004.emphasis.8" type="emphasis">
      <nite:child href="Bed004.D.words.xml#id(Bed004.w.611)"/>
   </speechquality>
   <speechquality nite:id="Bed004.emphasis.12" type="emphasis">
      <nite:child href="Bed004.D.words.xml#id(Bed004.w.784)"/>
   </speechquality>
   <speechquality nite:id="Bed004.emphasis.17" type="emphasis">
      <nite:child href="Bed004.D.words.xml#id(Bed004.w.961)"/>
   </speechquality>
   <speechquality nite:id="Bed004.emphasis.18" type="emphasis">
      <nite:child href="Bed004.D.words.xml#id(Bed004.w.967)"/>
   </speechquality>
   <speechquality nite:id="Bed004.emphasis.20" type="emphasis">
      <nite:child href="Bed004.D.words.xml#id(Bed004.w.978)"/>
   </speechquality>
   <speechquality nite:id="Bed004.emphasis.23" type="emphasis">
      <nite:child href="Bed004.D.words.xml#id(Bed004.w.1,197)..id(Bed004.w.1,198)"/>
   </speechquality>
   <speechquality nite:id="Bed004.emphasis.24" type="emphasis">
      <nite:child href="Bed004.D.words.xml#id(Bed004.w.1,237)"/>
   </speechquality>
   <speechquality nite:id="Bed004.emphasis.25" type="emphasis">
      <nite:child href="Bed004.D.words.xml#id(Bed004.w.1,253)"/>
   </speechquality>
   <speechquality nite:id="Bed004.emphasis.26" type="emphasis">
      <nite:child href="Bed004.D.words.xml#id(Bed004.w.1,294)"/>
   </speechquality>
   <speechquality nite:id="Bed004.emphasis.27" type="emphasis">
      <nite:child href="Bed004.D.words.xml#id(Bed004.w.1,321)"/>
   </speechquality>
   <speechquality nite:id="Bed004.emphasis.28" type="emphasis">
      <nite:child href="Bed004.D.words.xml#id(Bed004.w.1,339)..id(Bed004.w.1,340)"/>
   </speechquality>
   <speechquality nite:id="Bed004.emphasis.29" type="emphasis">
      <nite:child href="Bed004.D.words.xml#id(Bed004.w.1,343)"/>
   </speechquality>
   <speechquality nite:id="Bed004.emphasis.30" type="emphasis">
      <nite:child href="Bed004.D.words.xml#id(Bed004.w.1,348)"/>
   </speechquality>
   <speechquality nite:id="Bed004.emphasis.31" type="emphasis">
      <nite:child href="Bed004.D.words.xml#id(Bed004.w.1,359)"/>
   </speechquality>
   <speechquality nite:id="Bed004.emphasis.32" type="emphasis">
      <nite:child href="Bed004.D.words.xml#id(Bed004.w.1,388)"/>
   </speechquality>
   <speechquality nite:id="Bed004.emphasis.33" type="emphasis">
      <nite:child href="Bed004.D.words.xml#id(Bed004.w.1,390)"/>
   </speechquality>
   <speechquality nite:id="Bed004.emphasis.34" type="emphasis">
      <nite:child href="Bed004.D.words.xml#id(Bed004.w.1,400)"/>
   </speechquality>
   <speechquality nite:id="Bed004.emphasis.37" type="emphasis">
      <nite:child href="Bed004.D.words.xml#id(Bed004.w.1,491)"/>
   </speechquality>
   <speechquality nite:id="Bed004.emphasis.38" type="emphasis">
      <nite:child href="Bed004.D.words.xml#id(Bed004.w.1,501)"/>
   </speechquality>
   <speechquality nite:id="Bed004.emphasis.39" type="emphasis">
      <nite:child href="Bed004.D.words.xml#id(Bed004.w.1,505)..id(Bed004.w.1,506)"/>
   </speechquality>
   <speechquality nite:id="Bed004.emphasis.40" type="emphasis">
      <nite:child href="Bed004.D.words.xml#id(Bed004.w.1,558)..id(Bed004.w.1,559)"/>
   </speechquality>
   <speechquality nite:id="Bed004.emphasis.41" type="emphasis">
      <nite:child href="Bed004.D.words.xml#id(Bed004.w.1,590)"/>
   </speechquality>
   <speechquality nite:id="Bed004.emphasis.42" type="emphasis">
      <nite:child href="Bed004.D.words.xml#id(Bed004.w.1,724)..id(Bed004.w.1,725)"/>
   </speechquality>
   <speechquality nite:id="Bed004.emphasis.43" type="emphasis">
      <nite:child href="Bed004.D.words.xml#id(Bed004.w.2,181)"/>
   </speechquality>
   <speechquality nite:id="Bed004.emphasis.44" type="emphasis">
      <nite:child href="Bed004.D.words.xml#id(Bed004.w.2,197)"/>
   </speechquality>
   <speechquality nite:id="Bed004.emphasis.45" type="emphasis">
      <nite:child href="Bed004.D.words.xml#id(Bed004.w.2,228)"/>
   </speechquality>
   <speechquality nite:id="Bed004.emphasis.46" type="emphasis">
      <nite:child href="Bed004.D.words.xml#id(Bed004.w.2,232)"/>
   </speechquality>
   <speechquality nite:id="Bed004.emphasis.47" type="emphasis">
      <nite:child href="Bed004.D.words.xml#id(Bed004.w.2,244)"/>
   </speechquality>
   <speechquality nite:id="Bed004.emphasis.48" type="emphasis">
      <nite:child href="Bed004.D.words.xml#id(Bed004.w.2,310)"/>
   </speechquality>
   <speechquality nite:id="Bed004.emphasis.49" type="emphasis">
      <nite:child href="Bed004.D.words.xml#id(Bed004.w.2,340)"/>
   </speechquality>
   <speechquality nite:id="Bed004.emphasis.50" type="emphasis">
      <nite:child href="Bed004.D.words.xml#id(Bed004.w.2,438)..id(Bed004.w.2,439)"/>
   </speechquality>
   <speechquality nite:id="Bed004.emphasis.51" type="emphasis">
      <nite:child href="Bed004.D.words.xml#id(Bed004.w.2,460)..id(Bed004.w.2,461)"/>
   </speechquality>
   <speechquality nite:id="Bed004.emphasis.52" type="emphasis">
      <nite:child href="Bed004.D.words.xml#id(Bed004.w.2,544)..id(Bed004.w.2,545)"/>
   </speechquality>
   <speechquality nite:id="Bed004.emphasis.53" type="emphasis">
      <nite:child href="Bed004.D.words.xml#id(Bed004.w.2,570)"/>
   </speechquality>
   <speechquality nite:id="Bed004.emphasis.54" type="emphasis">
      <nite:child href="Bed004.D.words.xml#id(Bed004.w.2,576)"/>
   </speechquality>
   <speechquality nite:id="Bed004.emphasis.55" type="emphasis">
      <nite:child href="Bed004.D.words.xml#id(Bed004.w.2,589)"/>
   </speechquality>
   <speechquality nite:id="Bed004.emphasis.56" type="emphasis">
      <nite:child href="Bed004.D.words.xml#id(Bed004.w.2,809)"/>
   </speechquality>
   <speechquality nite:id="Bed004.emphasis.58" type="emphasis">
      <nite:child href="Bed004.D.words.xml#id(Bed004.w.3,040)"/>
   </speechquality>
   <speechquality nite:id="Bed004.emphasis.59" type="emphasis">
      <nite:child href="Bed004.D.words.xml#id(Bed004.w.3,059)"/>
   </speechquality>
   <speechquality nite:id="Bed004.uncertain.15" type="uncertain">
      <nite:child href="Bed004.D.words.xml#id(Bed004.w.3,259)"/>
   </speechquality>
   <speechquality nite:id="Bed004.emphasis.60" type="emphasis">
      <nite:child href="Bed004.D.words.xml#id(Bed004.w.3,362)"/>
   </speechquality>
   <speechquality nite:id="Bed004.emphasis.81" type="emphasis">
      <nite:child href="Bed004.D.words.xml#id(Bed004.w.3,845)..id(Bed004.w.3,846)"/>
   </speechquality>
   <speechquality nite:id="Bed004.emphasis.151" type="emphasis">
      <nite:child href="Bed004.D.words.xml#id(Bed004.w.5,844)..id(Bed004.w.5,845)"/>
   </speechquality>
   <speechquality nite:id="Bed004.emphasis.152" type="emphasis">
      <nite:child href="Bed004.D.words.xml#id(Bed004.w.5,888)"/>
   </speechquality>
   <speechquality nite:id="Bed004.emphasis.153" type="emphasis">
      <nite:child href="Bed004.D.words.xml#id(Bed004.w.5,909)"/>
   </speechquality>
   <speechquality nite:id="Bed004.emphasis.154" type="emphasis">
      <nite:child href="Bed004.D.words.xml#id(Bed004.w.5,928)"/>
   </speechquality>
   <speechquality nite:id="Bed004.emphasis.155" type="emphasis">
      <nite:child href="Bed004.D.words.xml#id(Bed004.w.5,934)"/>
   </speechquality>
   <speechquality nite:id="Bed004.emphasis.156" type="emphasis">
      <nite:child href="Bed004.D.words.xml#id(Bed004.w.5,977)"/>
   </speechquality>
   <speechquality nite:id="Bed004.emphasis.157" type="emphasis">
      <nite:child href="Bed004.D.words.xml#id(Bed004.w.6,131)"/>
   </speechquality>
   <speechquality nite:id="Bed004.emphasis.158" type="emphasis">
      <nite:child href="Bed004.D.words.xml#id(Bed004.w.6,156)"/>
   </speechquality>
   <speechquality nite:id="Bed004.emphasis.159" type="emphasis">
      <nite:child href="Bed004.D.words.xml#id(Bed004.w.6,158)"/>
   </speechquality>
   <speechquality nite:id="Bed004.emphasis.160" type="emphasis">
      <nite:child href="Bed004.D.words.xml#id(Bed004.w.6,160)"/>
   </speechquality>
   <speechquality nite:id="Bed004.uncertain.18" type="uncertain">
      <nite:child href="Bed004.D.words.xml#id(Bed004.w.6,654)"/>
   </speechquality>
   <speechquality nite:id="Bed004.emphasis.178" type="emphasis">
      <nite:child href="Bed004.D.words.xml#id(Bed004.w.6,681)..id(Bed004.w.6,682)"/>
   </speechquality>
   <speechquality nite:id="Bed004.emphasis.179" type="emphasis">
      <nite:child href="Bed004.D.words.xml#id(Bed004.w.6,751)"/>
   </speechquality>
   <speechquality nite:id="Bed004.emphasis.180" type="emphasis">
      <nite:child href="Bed004.D.words.xml#id(Bed004.w.6,757)..id(Bed004.w.6,758)"/>
   </speechquality>
   <speechquality nite:id="Bed004.emphasis.181" type="emphasis">
      <nite:child href="Bed004.D.words.xml#id(Bed004.w.6,787)"/>
   </speechquality>
   <speechquality nite:id="Bed004.emphasis.216" type="emphasis">
      <nite:child href="Bed004.D.words.xml#id(Bed004.w.7,870)"/>
   </speechquality>
   <speechquality nite:id="Bed004.emphasis.217" type="emphasis">
      <nite:child href="Bed004.D.words.xml#id(Bed004.w.7,878)"/>
   </speechquality>
   <speechquality nite:id="Bed004.emphasis.218" type="emphasis">
      <nite:child href="Bed004.D.words.xml#id(Bed004.w.8,083)"/>
   </speechquality>
   <speechquality nite:id="Bed004.emphasis.219" type="emphasis">
      <nite:child href="Bed004.D.words.xml#id(Bed004.w.8,089)"/>
   </speechquality>
   <speechquality nite:id="Bed004.emphasis.220" type="emphasis">
      <nite:child href="Bed004.D.words.xml#id(Bed004.w.8,102)"/>
   </speechquality>
   <speechquality nite:id="Bed004.emphasis.221" type="emphasis">
      <nite:child href="Bed004.D.words.xml#id(Bed004.w.8,114)"/>
   </speechquality>
   <speechquality nite:id="Bed004.emphasis.222" type="emphasis">
      <nite:child href="Bed004.D.words.xml#id(Bed004.w.8,130)"/>
   </speechquality>
   <speechquality nite:id="Bed004.emphasis.234" type="emphasis">
      <nite:child href="Bed004.D.words.xml#id(Bed004.w.8,535)"/>
   </speechquality>
   <speechquality nite:id="Bed004.uncertain.21" type="uncertain">
      <nite:child href="Bed004.D.words.xml#id(Bed004.w.8,593)..id(Bed004.w.8,594)"/>
   </speechquality>
   <speechquality nite:id="Bed004.emphasis.250" type="emphasis">
      <nite:child href="Bed004.D.words.xml#id(Bed004.w.8,996)..id(Bed004.w.8,997)"/>
   </speechquality>
   <speechquality nite:id="Bed004.emphasis.284" type="emphasis">
      <nite:child href="Bed004.D.words.xml#id(Bed004.w.9,837)..id(Bed004.w.9,838)"/>
   </speechquality>
   <speechquality nite:id="Bed004.uncertain.26" type="uncertain">
      <nite:child href="Bed004.D.words.xml#id(Bed004.w.9,893)"/>
   </speechquality>
   <speechquality nite:id="Bed004.emphasis.288" type="emphasis">
      <nite:child href="Bed004.D.words.xml#id(Bed004.w.10,058)"/>
   </speechquality>
   <speechquality nite:id="Bed004.emphasis.289" type="emphasis">
      <nite:child href="Bed004.D.words.xml#id(Bed004.w.10,066)"/>
   </speechquality>
   <speechquality nite:id="Bed004.emphasis.293" type="emphasis">
      <nite:child href="Bed004.D.words.xml#id(Bed004.w.10,158)"/>
   </speechquality>
   <speechquality nite:id="Bed004.emphasis.294" type="emphasis">
      <nite:child href="Bed004.D.words.xml#id(Bed004.w.10,185)"/>
   </speechquality>
   <speechquality nite:id="Bed004.emphasis.295" type="emphasis">
      <nite:child href="Bed004.D.words.xml#id(Bed004.w.10,220)"/>
   </speechquality>
   <speechquality nite:id="Bed004.emphasis.296" type="emphasis">
      <nite:child href="Bed004.D.words.xml#id(Bed004.w.10,230)"/>
   </speechquality>
   <speechquality nite:id="Bed004.emphasis.297" type="emphasis">
      <nite:child href="Bed004.D.words.xml#id(Bed004.w.10,235)"/>
   </speechquality>
   <speechquality nite:id="Bed004.emphasis.298" type="emphasis">
      <nite:child href="Bed004.D.words.xml#id(Bed004.w.10,249)"/>
   </speechquality>
   <speechquality nite:id="Bed004.emphasis.299" type="emphasis">
      <nite:child href="Bed004.D.words.xml#id(Bed004.w.10,322)..id(Bed004.w.10,323)"/>
   </speechquality>
   <speechquality nite:id="Bed004.emphasis.300" type="emphasis">
      <nite:child href="Bed004.D.words.xml#id(Bed004.w.10,335)"/>
   </speechquality>
   <speechquality nite:id="Bed004.emphasis.301" type="emphasis">
      <nite:child href="Bed004.D.words.xml#id(Bed004.w.10,363)..id(Bed004.w.10,364)"/>
   </speechquality>
   <speechquality nite:id="Bed004.emphasis.302" type="emphasis">
      <nite:child href="Bed004.D.words.xml#id(Bed004.w.10,373)"/>
   </speechquality>
   <speechquality nite:id="Bed004.emphasis.303" type="emphasis">
      <nite:child href="Bed004.D.words.xml#id(Bed004.w.10,379)"/>
   </speechquality>
   <speechquality nite:id="Bed004.emphasis.304" type="emphasis">
      <nite:child href="Bed004.D.words.xml#id(Bed004.w.10,422)"/>
   </speechquality>
   <speechquality nite:id="Bed004.emphasis.305" type="emphasis">
      <nite:child href="Bed004.D.words.xml#id(Bed004.w.10,427)..id(Bed004.w.10,428)"/>
   </speechquality>
</nite:root>