<?xml version="1.0" encoding="ISO-8859-1" standalone="yes"?>
<nite:root nite:id="Bed004.G.speech-quality" xmlns:nite="http://nite.sourceforge.net/">
   <speechquality nite:id="Bed004.uncertain.6" type="uncertain">
      <nite:child href="Bed004.G.words.xml#id(Bed004.w.1,370)..id(Bed004.w.1,371)"/>
   </speechquality>
   <speechquality nite:id="Bed004.uncertain.7" type="uncertain">
      <nite:child href="Bed004.G.words.xml#id(Bed004.w.1,377)"/>
   </speechquality>
   <speechquality nite:id="Bed004.foreign.1" type="foreign" language="de" description="pronounced with American accent and embedded filler">
      <nite:child href="Bed004.G.words.xml#id(Bed004.w.1,649)..id(Bed004.w.1,653)"/>
   </speechquality>
   <speechquality nite:id="Bed004.uncertain.8" type="uncertain">
      <nite:child href="Bed004.G.words.xml#id(Bed004.w.1,712)..id(Bed004.w.1,713)"/>
   </speechquality>
   <speechquality nite:id="Bed004.uncertain.9" type="uncertain">
      <nite:child href="Bed004.G.words.xml#id(Bed004.w.1,886)..id(Bed004.w.1,887)"/>
   </speechquality>
   <speechquality nite:id="Bed004.uncertain.10" type="uncertain">
      <nite:child href="Bed004.G.words.xml#id(Bed004.w.2,134)..id(Bed004.w.2,135)"/>
   </speechquality>
   <speechquality nite:id="Bed004.uncertain.11" type="uncertain">
      <nite:child href="Bed004.G.words.xml#id(Bed004.w.2,185)..id(Bed004.w.2,186)"/>
   </speechquality>
   <speechquality nite:id="Bed004.uncertain.12" type="uncertain">
      <nite:child href="Bed004.G.words.xml#id(Bed004.w.2,187)..id(Bed004.w.2,188)"/>
   </speechquality>
</nite:root>