<?xml version="1.0" encoding="ISO-8859-1" standalone="yes"?>
<nite:root nite:id="Bed009.F.speech-quality" xmlns:nite="http://nite.sourceforge.net/">
   <speechquality nite:id="Bed009.emphasis.3" type="emphasis">
      <nite:child href="Bed009.F.words.xml#id(Bed009.w.1,029)..id(Bed009.w.1,030)"/>
   </speechquality>
   <speechquality nite:id="Bed009.emphasis.4" type="emphasis">
      <nite:child href="Bed009.F.words.xml#id(Bed009.w.1,129)"/>
   </speechquality>
   <speechquality nite:id="Bed009.emphasis.5" type="emphasis">
      <nite:child href="Bed009.F.words.xml#id(Bed009.w.1,148)"/>
   </speechquality>
   <speechquality nite:id="Bed009.emphasis.6" type="emphasis">
      <nite:child href="Bed009.F.words.xml#id(Bed009.w.1,154)"/>
   </speechquality>
   <speechquality nite:id="Bed009.emphasis.7" type="emphasis">
      <nite:child href="Bed009.F.words.xml#id(Bed009.w.1,166)..id(Bed009.w.1,167)"/>
   </speechquality>
   <speechquality nite:id="Bed009.emphasis.8" type="emphasis">
      <nite:child href="Bed009.F.words.xml#id(Bed009.w.1,272)"/>
   </speechquality>
   <speechquality nite:id="Bed009.emphasis.9" type="emphasis">
      <nite:child href="Bed009.F.words.xml#id(Bed009.w.1,321)"/>
   </speechquality>
   <speechquality nite:id="Bed009.emphasis.10" type="emphasis">
      <nite:child href="Bed009.F.words.xml#id(Bed009.w.1,332)"/>
   </speechquality>
   <speechquality nite:id="Bed009.emphasis.11" type="emphasis">
      <nite:child href="Bed009.F.words.xml#id(Bed009.w.1,341)"/>
   </speechquality>
   <speechquality nite:id="Bed009.uncertain.2" type="uncertain" numsyllables="1.0">
      <nite:child href="Bed009.F.words.xml#id(Bed009.w.1,402)..id(Bed009.w.1,403)"/>
   </speechquality>
   <speechquality nite:id="Bed009.emphasis.15" type="emphasis">
      <nite:child href="Bed009.F.words.xml#id(Bed009.w.2,620)..id(Bed009.w.2,621)"/>
   </speechquality>
   <speechquality nite:id="Bed009.emphasis.16" type="emphasis">
      <nite:child href="Bed009.F.words.xml#id(Bed009.w.2,754)"/>
   </speechquality>
   <speechquality nite:id="Bed009.emphasis.17" type="emphasis">
      <nite:child href="Bed009.F.words.xml#id(Bed009.w.2,872)"/>
   </speechquality>
   <speechquality nite:id="Bed009.emphasis.18" type="emphasis">
      <nite:child href="Bed009.F.words.xml#id(Bed009.w.2,992)"/>
   </speechquality>
   <speechquality nite:id="Bed009.emphasis.19" type="emphasis">
      <nite:child href="Bed009.F.words.xml#id(Bed009.w.3,030)"/>
   </speechquality>
   <speechquality nite:id="Bed009.emphasis.20" type="emphasis">
      <nite:child href="Bed009.F.words.xml#id(Bed009.w.3,046)"/>
   </speechquality>
   <speechquality nite:id="Bed009.emphasis.21" type="emphasis">
      <nite:child href="Bed009.F.words.xml#id(Bed009.w.3,047)"/>
   </speechquality>
   <speechquality nite:id="Bed009.emphasis.22" type="emphasis">
      <nite:child href="Bed009.F.words.xml#id(Bed009.w.3,109)"/>
   </speechquality>
   <speechquality nite:id="Bed009.emphasis.23" type="emphasis">
      <nite:child href="Bed009.F.words.xml#id(Bed009.w.3,174)"/>
   </speechquality>
   <speechquality nite:id="Bed009.emphasis.24" type="emphasis">
      <nite:child href="Bed009.F.words.xml#id(Bed009.w.3,186)..id(Bed009.w.3,187)"/>
   </speechquality>
   <speechquality nite:id="Bed009.emphasis.25" type="emphasis">
      <nite:child href="Bed009.F.words.xml#id(Bed009.w.3,202)"/>
   </speechquality>
   <speechquality nite:id="Bed009.emphasis.26" type="emphasis">
      <nite:child href="Bed009.F.words.xml#id(Bed009.w.3,210)"/>
   </speechquality>
   <speechquality nite:id="Bed009.emphasis.27" type="emphasis">
      <nite:child href="Bed009.F.words.xml#id(Bed009.w.3,259)"/>
   </speechquality>
   <speechquality nite:id="Bed009.emphasis.28" type="emphasis">
      <nite:child href="Bed009.F.words.xml#id(Bed009.w.3,264)"/>
   </speechquality>
   <speechquality nite:id="Bed009.emphasis.29" type="emphasis">
      <nite:child href="Bed009.F.words.xml#id(Bed009.w.3,291)..id(Bed009.w.3,292)"/>
   </speechquality>
   <speechquality nite:id="Bed009.emphasis.30" type="emphasis">
      <nite:child href="Bed009.F.words.xml#id(Bed009.w.3,297)"/>
   </speechquality>
   <speechquality nite:id="Bed009.emphasis.31" type="emphasis">
      <nite:child href="Bed009.F.words.xml#id(Bed009.w.3,300)..id(Bed009.w.3,301)"/>
   </speechquality>
   <speechquality nite:id="Bed009.emphasis.32" type="emphasis">
      <nite:child href="Bed009.F.words.xml#id(Bed009.w.3,327)..id(Bed009.w.3,328)"/>
   </speechquality>
   <speechquality nite:id="Bed009.emphasis.33" type="emphasis">
      <nite:child href="Bed009.F.words.xml#id(Bed009.w.3,341)"/>
   </speechquality>
   <speechquality nite:id="Bed009.emphasis.34" type="emphasis">
      <nite:child href="Bed009.F.words.xml#id(Bed009.w.3,352)"/>
   </speechquality>
   <speechquality nite:id="Bed009.emphasis.35" type="emphasis">
      <nite:child href="Bed009.F.words.xml#id(Bed009.w.3,419)"/>
   </speechquality>
   <speechquality nite:id="Bed009.emphasis.36" type="emphasis">
      <nite:child href="Bed009.F.words.xml#id(Bed009.w.3,485)"/>
   </speechquality>
   <speechquality nite:id="Bed009.emphasis.37" type="emphasis">
      <nite:child href="Bed009.F.words.xml#id(Bed009.w.3,487)"/>
   </speechquality>
   <speechquality nite:id="Bed009.emphasis.38" type="emphasis">
      <nite:child href="Bed009.F.words.xml#id(Bed009.w.3,631)"/>
   </speechquality>
   <speechquality nite:id="Bed009.emphasis.39" type="emphasis">
      <nite:child href="Bed009.F.words.xml#id(Bed009.w.3,650)"/>
   </speechquality>
   <speechquality nite:id="Bed009.emphasis.40" type="emphasis">
      <nite:child href="Bed009.F.words.xml#id(Bed009.w.3,653)"/>
   </speechquality>
   <speechquality nite:id="Bed009.emphasis.41" type="emphasis">
      <nite:child href="Bed009.F.words.xml#id(Bed009.w.3,789)"/>
   </speechquality>
   <speechquality nite:id="Bed009.emphasis.42" type="emphasis">
      <nite:child href="Bed009.F.words.xml#id(Bed009.w.3,796)"/>
   </speechquality>
   <speechquality nite:id="Bed009.emphasis.43" type="emphasis">
      <nite:child href="Bed009.F.words.xml#id(Bed009.w.3,813)..id(Bed009.w.3,814)"/>
   </speechquality>
   <speechquality nite:id="Bed009.emphasis.44" type="emphasis">
      <nite:child href="Bed009.F.words.xml#id(Bed009.w.3,818)..id(Bed009.w.3,819)"/>
   </speechquality>
   <speechquality nite:id="Bed009.emphasis.45" type="emphasis">
      <nite:child href="Bed009.F.words.xml#id(Bed009.w.3,822)"/>
   </speechquality>
   <speechquality nite:id="Bed009.emphasis.46" type="emphasis">
      <nite:child href="Bed009.F.words.xml#id(Bed009.w.3,836)"/>
   </speechquality>
   <speechquality nite:id="Bed009.emphasis.47" type="emphasis">
      <nite:child href="Bed009.F.words.xml#id(Bed009.w.3,871)"/>
   </speechquality>
   <speechquality nite:id="Bed009.emphasis.48" type="emphasis">
      <nite:child href="Bed009.F.words.xml#id(Bed009.w.3,968)..id(Bed009.w.3,969)"/>
   </speechquality>
   <speechquality nite:id="Bed009.emphasis.49" type="emphasis">
      <nite:child href="Bed009.F.words.xml#id(Bed009.w.4,003)"/>
   </speechquality>
   <speechquality nite:id="Bed009.emphasis.50" type="emphasis">
      <nite:child href="Bed009.F.words.xml#id(Bed009.w.4,077)"/>
   </speechquality>
   <speechquality nite:id="Bed009.uncertain.9" type="uncertain">
      <nite:child href="Bed009.F.words.xml#id(Bed009.w.4,089)"/>
   </speechquality>
   <speechquality nite:id="Bed009.emphasis.51" type="emphasis">
      <nite:child href="Bed009.F.words.xml#id(Bed009.w.4,104)"/>
   </speechquality>
   <speechquality nite:id="Bed009.emphasis.52" type="emphasis">
      <nite:child href="Bed009.F.words.xml#id(Bed009.w.4,115)"/>
   </speechquality>
   <speechquality nite:id="Bed009.emphasis.53" type="emphasis">
      <nite:child href="Bed009.F.words.xml#id(Bed009.w.4,156)"/>
   </speechquality>
   <speechquality nite:id="Bed009.emphasis.54" type="emphasis">
      <nite:child href="Bed009.F.words.xml#id(Bed009.w.4,166)"/>
   </speechquality>
   <speechquality nite:id="Bed009.emphasis.55" type="emphasis">
      <nite:child href="Bed009.F.words.xml#id(Bed009.w.4,195)"/>
   </speechquality>
   <speechquality nite:id="Bed009.emphasis.56" type="emphasis">
      <nite:child href="Bed009.F.words.xml#id(Bed009.w.4,255)"/>
   </speechquality>
   <speechquality nite:id="Bed009.emphasis.57" type="emphasis">
      <nite:child href="Bed009.F.words.xml#id(Bed009.w.4,417)"/>
   </speechquality>
   <speechquality nite:id="Bed009.emphasis.58" type="emphasis">
      <nite:child href="Bed009.F.words.xml#id(Bed009.w.4,807)"/>
   </speechquality>
   <speechquality nite:id="Bed009.emphasis.59" type="emphasis">
      <nite:child href="Bed009.F.words.xml#id(Bed009.w.4,823)..id(Bed009.w.4,824)"/>
   </speechquality>
   <speechquality nite:id="Bed009.emphasis.60" type="emphasis">
      <nite:child href="Bed009.F.words.xml#id(Bed009.w.4,835)"/>
   </speechquality>
   <speechquality nite:id="Bed009.emphasis.61" type="emphasis">
      <nite:child href="Bed009.F.words.xml#id(Bed009.w.4,837)"/>
   </speechquality>
   <speechquality nite:id="Bed009.emphasis.62" type="emphasis">
      <nite:child href="Bed009.F.words.xml#id(Bed009.w.4,842)"/>
   </speechquality>
   <speechquality nite:id="Bed009.emphasis.63" type="emphasis">
      <nite:child href="Bed009.F.words.xml#id(Bed009.w.4,853)"/>
   </speechquality>
   <speechquality nite:id="Bed009.emphasis.64" type="emphasis">
      <nite:child href="Bed009.F.words.xml#id(Bed009.w.4,854)"/>
   </speechquality>
   <speechquality nite:id="Bed009.emphasis.65" type="emphasis">
      <nite:child href="Bed009.F.words.xml#id(Bed009.w.4,871)"/>
   </speechquality>
   <speechquality nite:id="Bed009.emphasis.66" type="emphasis">
      <nite:child href="Bed009.F.words.xml#id(Bed009.w.4,878)"/>
   </speechquality>
   <speechquality nite:id="Bed009.emphasis.67" type="emphasis">
      <nite:child href="Bed009.F.words.xml#id(Bed009.w.4,881)"/>
   </speechquality>
   <speechquality nite:id="Bed009.emphasis.68" type="emphasis">
      <nite:child href="Bed009.F.words.xml#id(Bed009.w.4,883)"/>
   </speechquality>
   <speechquality nite:id="Bed009.emphasis.69" type="emphasis">
      <nite:child href="Bed009.F.words.xml#id(Bed009.w.4,884)"/>
   </speechquality>
   <speechquality nite:id="Bed009.emphasis.70" type="emphasis">
      <nite:child href="Bed009.F.words.xml#id(Bed009.w.4,890)"/>
   </speechquality>
   <speechquality nite:id="Bed009.emphasis.71" type="emphasis">
      <nite:child href="Bed009.F.words.xml#id(Bed009.w.4,900)"/>
   </speechquality>
   <speechquality nite:id="Bed009.emphasis.72" type="emphasis">
      <nite:child href="Bed009.F.words.xml#id(Bed009.w.4,922)"/>
   </speechquality>
   <speechquality nite:id="Bed009.emphasis.73" type="emphasis">
      <nite:child href="Bed009.F.words.xml#id(Bed009.w.4,926)..id(Bed009.w.4,927)"/>
   </speechquality>
   <speechquality nite:id="Bed009.emphasis.74" type="emphasis">
      <nite:child href="Bed009.F.words.xml#id(Bed009.w.4,934)"/>
   </speechquality>
   <speechquality nite:id="Bed009.emphasis.75" type="emphasis">
      <nite:child href="Bed009.F.words.xml#id(Bed009.w.4,940)"/>
   </speechquality>
   <speechquality nite:id="Bed009.emphasis.76" type="emphasis">
      <nite:child href="Bed009.F.words.xml#id(Bed009.w.4,943)..id(Bed009.w.4,944)"/>
   </speechquality>
   <speechquality nite:id="Bed009.emphasis.77" type="emphasis">
      <nite:child href="Bed009.F.words.xml#id(Bed009.w.4,947)..id(Bed009.w.4,948)"/>
   </speechquality>
   <speechquality nite:id="Bed009.emphasis.78" type="emphasis">
      <nite:child href="Bed009.F.words.xml#id(Bed009.w.4,956)"/>
   </speechquality>
   <speechquality nite:id="Bed009.emphasis.79" type="emphasis">
      <nite:child href="Bed009.F.words.xml#id(Bed009.w.4,963)"/>
   </speechquality>
   <speechquality nite:id="Bed009.emphasis.80" type="emphasis">
      <nite:child href="Bed009.F.words.xml#id(Bed009.w.4,966)"/>
   </speechquality>
   <speechquality nite:id="Bed009.emphasis.81" type="emphasis">
      <nite:child href="Bed009.F.words.xml#id(Bed009.w.4,977)..id(Bed009.w.4,978)"/>
   </speechquality>
   <speechquality nite:id="Bed009.uncertain.12" type="uncertain" numsyllables="1.0">
      <nite:child href="Bed009.F.words.xml#id(Bed009.w.5,058)..id(Bed009.w.5,059)"/>
   </speechquality>
   <speechquality nite:id="Bed009.emphasis.82" type="emphasis">
      <nite:child href="Bed009.F.words.xml#id(Bed009.w.5,070)"/>
   </speechquality>
   <speechquality nite:id="Bed009.emphasis.83" type="emphasis">
      <nite:child href="Bed009.F.words.xml#id(Bed009.w.5,073)"/>
   </speechquality>
   <speechquality nite:id="Bed009.emphasis.84" type="emphasis">
      <nite:child href="Bed009.F.words.xml#id(Bed009.w.5,076)..id(Bed009.w.5,077)"/>
   </speechquality>
   <speechquality nite:id="Bed009.emphasis.85" type="emphasis">
      <nite:child href="Bed009.F.words.xml#id(Bed009.w.5,091)"/>
   </speechquality>
   <speechquality nite:id="Bed009.emphasis.86" type="emphasis">
      <nite:child href="Bed009.F.words.xml#id(Bed009.w.5,094)..id(Bed009.w.5,095)"/>
   </speechquality>
   <speechquality nite:id="Bed009.emphasis.87" type="emphasis">
      <nite:child href="Bed009.F.words.xml#id(Bed009.w.5,122)"/>
   </speechquality>
   <speechquality nite:id="Bed009.emphasis.88" type="emphasis">
      <nite:child href="Bed009.F.words.xml#id(Bed009.w.5,127)"/>
   </speechquality>
   <speechquality nite:id="Bed009.emphasis.89" type="emphasis">
      <nite:child href="Bed009.F.words.xml#id(Bed009.w.5,130)..id(Bed009.w.5,131)"/>
   </speechquality>
   <speechquality nite:id="Bed009.emphasis.90" type="emphasis">
      <nite:child href="Bed009.F.words.xml#id(Bed009.w.5,197)"/>
   </speechquality>
   <speechquality nite:id="Bed009.emphasis.91" type="emphasis">
      <nite:child href="Bed009.F.words.xml#id(Bed009.w.5,203)"/>
   </speechquality>
   <speechquality nite:id="Bed009.emphasis.92" type="emphasis">
      <nite:child href="Bed009.F.words.xml#id(Bed009.w.5,206)"/>
   </speechquality>
   <speechquality nite:id="Bed009.emphasis.93" type="emphasis">
      <nite:child href="Bed009.F.words.xml#id(Bed009.w.5,210)"/>
   </speechquality>
   <speechquality nite:id="Bed009.emphasis.94" type="emphasis">
      <nite:child href="Bed009.F.words.xml#id(Bed009.w.5,231)"/>
   </speechquality>
   <speechquality nite:id="Bed009.emphasis.95" type="emphasis">
      <nite:child href="Bed009.F.words.xml#id(Bed009.w.5,330)"/>
   </speechquality>
   <speechquality nite:id="Bed009.emphasis.96" type="emphasis">
      <nite:child href="Bed009.F.words.xml#id(Bed009.w.5,347)"/>
   </speechquality>
   <speechquality nite:id="Bed009.emphasis.97" type="emphasis">
      <nite:child href="Bed009.F.words.xml#id(Bed009.w.5,354)"/>
   </speechquality>
   <speechquality nite:id="Bed009.emphasis.98" type="emphasis">
      <nite:child href="Bed009.F.words.xml#id(Bed009.w.5,359)"/>
   </speechquality>
   <speechquality nite:id="Bed009.emphasis.99" type="emphasis">
      <nite:child href="Bed009.F.words.xml#id(Bed009.w.5,391)..id(Bed009.w.5,392)"/>
   </speechquality>
   <speechquality nite:id="Bed009.emphasis.100" type="emphasis">
      <nite:child href="Bed009.F.words.xml#id(Bed009.w.5,548)"/>
   </speechquality>
   <speechquality nite:id="Bed009.emphasis.101" type="emphasis">
      <nite:child href="Bed009.F.words.xml#id(Bed009.w.5,589)"/>
   </speechquality>
   <speechquality nite:id="Bed009.uncertain.13" type="uncertain">
      <nite:child href="Bed009.F.words.xml#id(Bed009.w.5,897)"/>
   </speechquality>
   <speechquality nite:id="Bed009.emphasis.102" type="emphasis">
      <nite:child href="Bed009.F.words.xml#id(Bed009.w.6,078)"/>
   </speechquality>
   <speechquality nite:id="Bed009.emphasis.103" type="emphasis">
      <nite:child href="Bed009.F.words.xml#id(Bed009.w.6,085)"/>
   </speechquality>
   <speechquality nite:id="Bed009.emphasis.104" type="emphasis">
      <nite:child href="Bed009.F.words.xml#id(Bed009.w.6,120)"/>
   </speechquality>
   <speechquality nite:id="Bed009.emphasis.105" type="emphasis">
      <nite:child href="Bed009.F.words.xml#id(Bed009.w.6,133)"/>
   </speechquality>
   <speechquality nite:id="Bed009.emphasis.106" type="emphasis">
      <nite:child href="Bed009.F.words.xml#id(Bed009.w.6,136)"/>
   </speechquality>
   <speechquality nite:id="Bed009.emphasis.107" type="emphasis">
      <nite:child href="Bed009.F.words.xml#id(Bed009.w.6,144)"/>
   </speechquality>
   <speechquality nite:id="Bed009.emphasis.108" type="emphasis">
      <nite:child href="Bed009.F.words.xml#id(Bed009.w.6,150)"/>
   </speechquality>
   <speechquality nite:id="Bed009.emphasis.109" type="emphasis">
      <nite:child href="Bed009.F.words.xml#id(Bed009.w.6,158)"/>
   </speechquality>
   <speechquality nite:id="Bed009.emphasis.110" type="emphasis">
      <nite:child href="Bed009.F.words.xml#id(Bed009.w.6,171)"/>
   </speechquality>
   <speechquality nite:id="Bed009.emphasis.111" type="emphasis">
      <nite:child href="Bed009.F.words.xml#id(Bed009.w.6,178)"/>
   </speechquality>
   <speechquality nite:id="Bed009.emphasis.112" type="emphasis">
      <nite:child href="Bed009.F.words.xml#id(Bed009.w.6,189)"/>
   </speechquality>
   <speechquality nite:id="Bed009.emphasis.113" type="emphasis">
      <nite:child href="Bed009.F.words.xml#id(Bed009.w.6,211)"/>
   </speechquality>
   <speechquality nite:id="Bed009.emphasis.114" type="emphasis">
      <nite:child href="Bed009.F.words.xml#id(Bed009.w.6,216)"/>
   </speechquality>
   <speechquality nite:id="Bed009.emphasis.115" type="emphasis">
      <nite:child href="Bed009.F.words.xml#id(Bed009.w.6,220)..id(Bed009.w.6,221)"/>
   </speechquality>
   <speechquality nite:id="Bed009.emphasis.116" type="emphasis">
      <nite:child href="Bed009.F.words.xml#id(Bed009.w.6,228)"/>
   </speechquality>
   <speechquality nite:id="Bed009.emphasis.117" type="emphasis">
      <nite:child href="Bed009.F.words.xml#id(Bed009.w.6,240)..id(Bed009.w.6,241)"/>
   </speechquality>
   <speechquality nite:id="Bed009.emphasis.118" type="emphasis">
      <nite:child href="Bed009.F.words.xml#id(Bed009.w.6,252)"/>
   </speechquality>
   <speechquality nite:id="Bed009.emphasis.119" type="emphasis">
      <nite:child href="Bed009.F.words.xml#id(Bed009.w.6,304)"/>
   </speechquality>
   <speechquality nite:id="Bed009.emphasis.120" type="emphasis">
      <nite:child href="Bed009.F.words.xml#id(Bed009.w.6,309)"/>
   </speechquality>
   <speechquality nite:id="Bed009.emphasis.121" type="emphasis">
      <nite:child href="Bed009.F.words.xml#id(Bed009.w.6,316)"/>
   </speechquality>
   <speechquality nite:id="Bed009.emphasis.122" type="emphasis">
      <nite:child href="Bed009.F.words.xml#id(Bed009.w.6,324)"/>
   </speechquality>
   <speechquality nite:id="Bed009.emphasis.123" type="emphasis">
      <nite:child href="Bed009.F.words.xml#id(Bed009.w.6,325)"/>
   </speechquality>
   <speechquality nite:id="Bed009.emphasis.124" type="emphasis">
      <nite:child href="Bed009.F.words.xml#id(Bed009.w.6,327)"/>
   </speechquality>
   <speechquality nite:id="Bed009.emphasis.125" type="emphasis">
      <nite:child href="Bed009.F.words.xml#id(Bed009.w.6,339)"/>
   </speechquality>
   <speechquality nite:id="Bed009.emphasis.126" type="emphasis">
      <nite:child href="Bed009.F.words.xml#id(Bed009.w.6,348)"/>
   </speechquality>
   <speechquality nite:id="Bed009.emphasis.127" type="emphasis">
      <nite:child href="Bed009.F.words.xml#id(Bed009.w.6,360)"/>
   </speechquality>
   <speechquality nite:id="Bed009.emphasis.128" type="emphasis">
      <nite:child href="Bed009.F.words.xml#id(Bed009.w.6,866)"/>
   </speechquality>
   <speechquality nite:id="Bed009.emphasis.129" type="emphasis">
      <nite:child href="Bed009.F.words.xml#id(Bed009.w.6,877)"/>
   </speechquality>
   <speechquality nite:id="Bed009.emphasis.130" type="emphasis">
      <nite:child href="Bed009.F.words.xml#id(Bed009.w.7,004)"/>
   </speechquality>
   <speechquality nite:id="Bed009.emphasis.131" type="emphasis">
      <nite:child href="Bed009.F.words.xml#id(Bed009.w.7,010)"/>
   </speechquality>
   <speechquality nite:id="Bed009.emphasis.132" type="emphasis">
      <nite:child href="Bed009.F.words.xml#id(Bed009.w.7,027)"/>
   </speechquality>
   <speechquality nite:id="Bed009.emphasis.133" type="emphasis">
      <nite:child href="Bed009.F.words.xml#id(Bed009.w.7,056)"/>
   </speechquality>
   <speechquality nite:id="Bed009.emphasis.134" type="emphasis">
      <nite:child href="Bed009.F.words.xml#id(Bed009.w.7,061)..id(Bed009.w.7,062)"/>
   </speechquality>
   <speechquality nite:id="Bed009.emphasis.135" type="emphasis">
      <nite:child href="Bed009.F.words.xml#id(Bed009.w.7,067)"/>
   </speechquality>
   <speechquality nite:id="Bed009.emphasis.136" type="emphasis">
      <nite:child href="Bed009.F.words.xml#id(Bed009.w.7,070)..id(Bed009.w.7,071)"/>
   </speechquality>
   <speechquality nite:id="Bed009.emphasis.137" type="emphasis">
      <nite:child href="Bed009.F.words.xml#id(Bed009.w.7,074)"/>
   </speechquality>
   <speechquality nite:id="Bed009.emphasis.138" type="emphasis">
      <nite:child href="Bed009.F.words.xml#id(Bed009.w.7,183)"/>
   </speechquality>
   <speechquality nite:id="Bed009.emphasis.139" type="emphasis">
      <nite:child href="Bed009.F.words.xml#id(Bed009.w.7,188)..id(Bed009.w.7,189)"/>
   </speechquality>
   <speechquality nite:id="Bed009.emphasis.140" type="emphasis">
      <nite:child href="Bed009.F.words.xml#id(Bed009.w.7,192)"/>
   </speechquality>
   <speechquality nite:id="Bed009.emphasis.141" type="emphasis">
      <nite:child href="Bed009.F.words.xml#id(Bed009.w.7,196)..id(Bed009.w.7,197)"/>
   </speechquality>
   <speechquality nite:id="Bed009.emphasis.142" type="emphasis">
      <nite:child href="Bed009.F.words.xml#id(Bed009.w.7,211)"/>
   </speechquality>
   <speechquality nite:id="Bed009.emphasis.143" type="emphasis">
      <nite:child href="Bed009.F.words.xml#id(Bed009.w.7,213)"/>
   </speechquality>
   <speechquality nite:id="Bed009.emphasis.144" type="emphasis">
      <nite:child href="Bed009.F.words.xml#id(Bed009.w.7,219)"/>
   </speechquality>
   <speechquality nite:id="Bed009.emphasis.145" type="emphasis">
      <nite:child href="Bed009.F.words.xml#id(Bed009.w.7,224)"/>
   </speechquality>
   <speechquality nite:id="Bed009.emphasis.146" type="emphasis">
      <nite:child href="Bed009.F.words.xml#id(Bed009.w.7,228)"/>
   </speechquality>
   <speechquality nite:id="Bed009.emphasis.147" type="emphasis">
      <nite:child href="Bed009.F.words.xml#id(Bed009.w.7,230)"/>
   </speechquality>
   <speechquality nite:id="Bed009.emphasis.148" type="emphasis">
      <nite:child href="Bed009.F.words.xml#id(Bed009.w.7,231)"/>
   </speechquality>
   <speechquality nite:id="Bed009.emphasis.149" type="emphasis">
      <nite:child href="Bed009.F.words.xml#id(Bed009.w.7,324)"/>
   </speechquality>
   <speechquality nite:id="Bed009.emphasis.150" type="emphasis">
      <nite:child href="Bed009.F.words.xml#id(Bed009.w.7,343)"/>
   </speechquality>
   <speechquality nite:id="Bed009.emphasis.151" type="emphasis">
      <nite:child href="Bed009.F.words.xml#id(Bed009.w.7,351)"/>
   </speechquality>
   <speechquality nite:id="Bed009.emphasis.152" type="emphasis">
      <nite:child href="Bed009.F.words.xml#id(Bed009.w.7,353)"/>
   </speechquality>
   <speechquality nite:id="Bed009.emphasis.153" type="emphasis">
      <nite:child href="Bed009.F.words.xml#id(Bed009.w.7,355)"/>
   </speechquality>
   <speechquality nite:id="Bed009.emphasis.154" type="emphasis">
      <nite:child href="Bed009.F.words.xml#id(Bed009.w.7,362)..id(Bed009.w.7,363)"/>
   </speechquality>
   <speechquality nite:id="Bed009.emphasis.155" type="emphasis">
      <nite:child href="Bed009.F.words.xml#id(Bed009.w.7,457)"/>
   </speechquality>
   <speechquality nite:id="Bed009.emphasis.156" type="emphasis">
      <nite:child href="Bed009.F.words.xml#id(Bed009.w.7,462)"/>
   </speechquality>
   <speechquality nite:id="Bed009.emphasis.157" type="emphasis">
      <nite:child href="Bed009.F.words.xml#id(Bed009.w.7,465)"/>
   </speechquality>
   <speechquality nite:id="Bed009.uncertain.18" type="uncertain">
      <nite:child href="Bed009.F.words.xml#id(Bed009.w.7,502)"/>
   </speechquality>
   <speechquality nite:id="Bed009.emphasis.161" type="emphasis">
      <nite:child href="Bed009.F.words.xml#id(Bed009.w.7,643)..id(Bed009.w.7,644)"/>
   </speechquality>
   <speechquality nite:id="Bed009.emphasis.162" type="emphasis">
      <nite:child href="Bed009.F.words.xml#id(Bed009.w.7,651)..id(Bed009.w.7,652)"/>
   </speechquality>
   <speechquality nite:id="Bed009.emphasis.163" type="emphasis">
      <nite:child href="Bed009.F.words.xml#id(Bed009.w.7,659)"/>
   </speechquality>
   <speechquality nite:id="Bed009.emphasis.164" type="emphasis">
      <nite:child href="Bed009.F.words.xml#id(Bed009.w.7,661)"/>
   </speechquality>
   <speechquality nite:id="Bed009.emphasis.165" type="emphasis">
      <nite:child href="Bed009.F.words.xml#id(Bed009.w.7,663)"/>
   </speechquality>
   <speechquality nite:id="Bed009.emphasis.166" type="emphasis">
      <nite:child href="Bed009.F.words.xml#id(Bed009.w.7,664)..id(Bed009.w.7,665)"/>
   </speechquality>
   <speechquality nite:id="Bed009.emphasis.167" type="emphasis">
      <nite:child href="Bed009.F.words.xml#id(Bed009.w.7,671)"/>
   </speechquality>
   <speechquality nite:id="Bed009.emphasis.168" type="emphasis">
      <nite:child href="Bed009.F.words.xml#id(Bed009.w.7,676)"/>
   </speechquality>
   <speechquality nite:id="Bed009.emphasis.169" type="emphasis">
      <nite:child href="Bed009.F.words.xml#id(Bed009.w.7,683)"/>
   </speechquality>
   <speechquality nite:id="Bed009.uncertain.19" type="uncertain">
      <nite:child href="Bed009.F.words.xml#id(Bed009.w.7,767)"/>
   </speechquality>
   <speechquality nite:id="Bed009.emphasis.170" type="emphasis">
      <nite:child href="Bed009.F.words.xml#id(Bed009.w.7,809)..id(Bed009.w.7,810)"/>
   </speechquality>
   <speechquality nite:id="Bed009.emphasis.171" type="emphasis">
      <nite:child href="Bed009.F.words.xml#id(Bed009.w.7,828)"/>
   </speechquality>
   <speechquality nite:id="Bed009.emphasis.172" type="emphasis">
      <nite:child href="Bed009.F.words.xml#id(Bed009.w.7,861)"/>
   </speechquality>
   <speechquality nite:id="Bed009.emphasis.173" type="emphasis">
      <nite:child href="Bed009.F.words.xml#id(Bed009.w.7,866)"/>
   </speechquality>
   <speechquality nite:id="Bed009.emphasis.174" type="emphasis">
      <nite:child href="Bed009.F.words.xml#id(Bed009.w.7,884)"/>
   </speechquality>
   <speechquality nite:id="Bed009.emphasis.175" type="emphasis">
      <nite:child href="Bed009.F.words.xml#id(Bed009.w.7,893)..id(Bed009.w.7,894)"/>
   </speechquality>
   <speechquality nite:id="Bed009.emphasis.176" type="emphasis">
      <nite:child href="Bed009.F.words.xml#id(Bed009.w.7,915)"/>
   </speechquality>
   <speechquality nite:id="Bed009.emphasis.177" type="emphasis">
      <nite:child href="Bed009.F.words.xml#id(Bed009.w.8,017)"/>
   </speechquality>
   <speechquality nite:id="Bed009.emphasis.178" type="emphasis">
      <nite:child href="Bed009.F.words.xml#id(Bed009.w.8,039)"/>
   </speechquality>
   <speechquality nite:id="Bed009.emphasis.179" type="emphasis">
      <nite:child href="Bed009.F.words.xml#id(Bed009.w.8,084)"/>
   </speechquality>
   <speechquality nite:id="Bed009.emphasis.180" type="emphasis">
      <nite:child href="Bed009.F.words.xml#id(Bed009.w.8,091)"/>
   </speechquality>
   <speechquality nite:id="Bed009.emphasis.181" type="emphasis">
      <nite:child href="Bed009.F.words.xml#id(Bed009.w.8,103)"/>
   </speechquality>
   <speechquality nite:id="Bed009.emphasis.182" type="emphasis">
      <nite:child href="Bed009.F.words.xml#id(Bed009.w.8,110)..id(Bed009.w.8,111)"/>
   </speechquality>
   <speechquality nite:id="Bed009.emphasis.183" type="emphasis">
      <nite:child href="Bed009.F.words.xml#id(Bed009.w.8,318)"/>
   </speechquality>
   <speechquality nite:id="Bed009.emphasis.184" type="emphasis">
      <nite:child href="Bed009.F.words.xml#id(Bed009.w.8,345)..id(Bed009.w.8,346)"/>
   </speechquality>
   <speechquality nite:id="Bed009.emphasis.185" type="emphasis">
      <nite:child href="Bed009.F.words.xml#id(Bed009.w.8,356)..id(Bed009.w.8,357)"/>
   </speechquality>
   <speechquality nite:id="Bed009.emphasis.186" type="emphasis">
      <nite:child href="Bed009.F.words.xml#id(Bed009.w.8,368)..id(Bed009.w.8,369)"/>
   </speechquality>
   <speechquality nite:id="Bed009.emphasis.187" type="emphasis">
      <nite:child href="Bed009.F.words.xml#id(Bed009.w.8,379)"/>
   </speechquality>
   <speechquality nite:id="Bed009.emphasis.188" type="emphasis">
      <nite:child href="Bed009.F.words.xml#id(Bed009.w.8,381)"/>
   </speechquality>
   <speechquality nite:id="Bed009.emphasis.189" type="emphasis">
      <nite:child href="Bed009.F.words.xml#id(Bed009.w.8,382)..id(Bed009.w.8,383)"/>
   </speechquality>
   <speechquality nite:id="Bed009.emphasis.190" type="emphasis">
      <nite:child href="Bed009.F.words.xml#id(Bed009.w.8,408)"/>
   </speechquality>
   <speechquality nite:id="Bed009.emphasis.191" type="emphasis">
      <nite:child href="Bed009.F.words.xml#id(Bed009.w.8,413)"/>
   </speechquality>
   <speechquality nite:id="Bed009.emphasis.192" type="emphasis">
      <nite:child href="Bed009.F.words.xml#id(Bed009.w.8,422)"/>
   </speechquality>
   <speechquality nite:id="Bed009.emphasis.193" type="emphasis">
      <nite:child href="Bed009.F.words.xml#id(Bed009.w.8,426)..id(Bed009.w.8,427)"/>
   </speechquality>
   <speechquality nite:id="Bed009.emphasis.194" type="emphasis">
      <nite:child href="Bed009.F.words.xml#id(Bed009.w.8,571)..id(Bed009.w.8,572)"/>
   </speechquality>
   <speechquality nite:id="Bed009.emphasis.195" type="emphasis">
      <nite:child href="Bed009.F.words.xml#id(Bed009.w.8,629)..id(Bed009.w.8,630)"/>
   </speechquality>
   <speechquality nite:id="Bed009.emphasis.196" type="emphasis">
      <nite:child href="Bed009.F.words.xml#id(Bed009.w.8,634)"/>
   </speechquality>
   <speechquality nite:id="Bed009.emphasis.197" type="emphasis">
      <nite:child href="Bed009.F.words.xml#id(Bed009.w.8,659)"/>
   </speechquality>
   <speechquality nite:id="Bed009.emphasis.198" type="emphasis">
      <nite:child href="Bed009.F.words.xml#id(Bed009.w.8,666)"/>
   </speechquality>
   <speechquality nite:id="Bed009.emphasis.199" type="emphasis">
      <nite:child href="Bed009.F.words.xml#id(Bed009.w.8,669)"/>
   </speechquality>
   <speechquality nite:id="Bed009.emphasis.200" type="emphasis">
      <nite:child href="Bed009.F.words.xml#id(Bed009.w.8,673)"/>
   </speechquality>
   <speechquality nite:id="Bed009.emphasis.201" type="emphasis">
      <nite:child href="Bed009.F.words.xml#id(Bed009.w.8,676)"/>
   </speechquality>
   <speechquality nite:id="Bed009.emphasis.202" type="emphasis">
      <nite:child href="Bed009.F.words.xml#id(Bed009.w.8,698)"/>
   </speechquality>
   <speechquality nite:id="Bed009.emphasis.203" type="emphasis">
      <nite:child href="Bed009.F.words.xml#id(Bed009.w.8,704)..id(Bed009.w.8,705)"/>
   </speechquality>
   <speechquality nite:id="Bed009.emphasis.204" type="emphasis">
      <nite:child href="Bed009.F.words.xml#id(Bed009.w.8,713)"/>
   </speechquality>
   <speechquality nite:id="Bed009.emphasis.205" type="emphasis">
      <nite:child href="Bed009.F.words.xml#id(Bed009.w.8,721)"/>
   </speechquality>
   <speechquality nite:id="Bed009.emphasis.206" type="emphasis">
      <nite:child href="Bed009.F.words.xml#id(Bed009.w.8,730)"/>
   </speechquality>
   <speechquality nite:id="Bed009.emphasis.207" type="emphasis">
      <nite:child href="Bed009.F.words.xml#id(Bed009.w.8,732)"/>
   </speechquality>
   <speechquality nite:id="Bed009.emphasis.208" type="emphasis">
      <nite:child href="Bed009.F.words.xml#id(Bed009.w.8,735)"/>
   </speechquality>
   <speechquality nite:id="Bed009.emphasis.209" type="emphasis">
      <nite:child href="Bed009.F.words.xml#id(Bed009.w.8,740)"/>
   </speechquality>
   <speechquality nite:id="Bed009.emphasis.210" type="emphasis">
      <nite:child href="Bed009.F.words.xml#id(Bed009.w.8,745)..id(Bed009.w.8,746)"/>
   </speechquality>
   <speechquality nite:id="Bed009.emphasis.211" type="emphasis">
      <nite:child href="Bed009.F.words.xml#id(Bed009.w.8,753)"/>
   </speechquality>
   <speechquality nite:id="Bed009.emphasis.212" type="emphasis">
      <nite:child href="Bed009.F.words.xml#id(Bed009.w.8,755)"/>
   </speechquality>
   <speechquality nite:id="Bed009.emphasis.213" type="emphasis">
      <nite:child href="Bed009.F.words.xml#id(Bed009.w.8,761)"/>
   </speechquality>
   <speechquality nite:id="Bed009.emphasis.214" type="emphasis">
      <nite:child href="Bed009.F.words.xml#id(Bed009.w.8,764)"/>
   </speechquality>
   <speechquality nite:id="Bed009.emphasis.215" type="emphasis">
      <nite:child href="Bed009.F.words.xml#id(Bed009.w.8,768)"/>
   </speechquality>
   <speechquality nite:id="Bed009.emphasis.216" type="emphasis">
      <nite:child href="Bed009.F.words.xml#id(Bed009.w.8,770)"/>
   </speechquality>
   <speechquality nite:id="Bed009.emphasis.217" type="emphasis">
      <nite:child href="Bed009.F.words.xml#id(Bed009.w.8,772)"/>
   </speechquality>
   <speechquality nite:id="Bed009.emphasis.218" type="emphasis">
      <nite:child href="Bed009.F.words.xml#id(Bed009.w.8,775)"/>
   </speechquality>
   <speechquality nite:id="Bed009.emphasis.219" type="emphasis">
      <nite:child href="Bed009.F.words.xml#id(Bed009.w.8,778)"/>
   </speechquality>
   <speechquality nite:id="Bed009.emphasis.220" type="emphasis">
      <nite:child href="Bed009.F.words.xml#id(Bed009.w.8,780)"/>
   </speechquality>
   <speechquality nite:id="Bed009.emphasis.221" type="emphasis">
      <nite:child href="Bed009.F.words.xml#id(Bed009.w.8,783)..id(Bed009.w.8,784)"/>
   </speechquality>
   <speechquality nite:id="Bed009.emphasis.222" type="emphasis">
      <nite:child href="Bed009.F.words.xml#id(Bed009.w.8,792)"/>
   </speechquality>
   <speechquality nite:id="Bed009.emphasis.223" type="emphasis">
      <nite:child href="Bed009.F.words.xml#id(Bed009.w.8,799)"/>
   </speechquality>
   <speechquality nite:id="Bed009.emphasis.224" type="emphasis">
      <nite:child href="Bed009.F.words.xml#id(Bed009.w.8,825)"/>
   </speechquality>
   <speechquality nite:id="Bed009.emphasis.225" type="emphasis">
      <nite:child href="Bed009.F.words.xml#id(Bed009.w.8,826)"/>
   </speechquality>
   <speechquality nite:id="Bed009.emphasis.226" type="emphasis">
      <nite:child href="Bed009.F.words.xml#id(Bed009.w.8,833)"/>
   </speechquality>
   <speechquality nite:id="Bed009.emphasis.227" type="emphasis">
      <nite:child href="Bed009.F.words.xml#id(Bed009.w.8,837)"/>
   </speechquality>
   <speechquality nite:id="Bed009.emphasis.228" type="emphasis">
      <nite:child href="Bed009.F.words.xml#id(Bed009.w.8,839)"/>
   </speechquality>
   <speechquality nite:id="Bed009.emphasis.229" type="emphasis">
      <nite:child href="Bed009.F.words.xml#id(Bed009.w.8,842)..id(Bed009.w.8,843)"/>
   </speechquality>
   <speechquality nite:id="Bed009.emphasis.230" type="emphasis">
      <nite:child href="Bed009.F.words.xml#id(Bed009.w.8,851)"/>
   </speechquality>
   <speechquality nite:id="Bed009.emphasis.231" type="emphasis">
      <nite:child href="Bed009.F.words.xml#id(Bed009.w.8,860)"/>
   </speechquality>
   <speechquality nite:id="Bed009.emphasis.232" type="emphasis">
      <nite:child href="Bed009.F.words.xml#id(Bed009.w.8,862)"/>
   </speechquality>
   <speechquality nite:id="Bed009.emphasis.233" type="emphasis">
      <nite:child href="Bed009.F.words.xml#id(Bed009.w.8,865)"/>
   </speechquality>
   <speechquality nite:id="Bed009.emphasis.234" type="emphasis">
      <nite:child href="Bed009.F.words.xml#id(Bed009.w.8,868)"/>
   </speechquality>
   <speechquality nite:id="Bed009.emphasis.235" type="emphasis">
      <nite:child href="Bed009.F.words.xml#id(Bed009.w.8,872)"/>
   </speechquality>
   <speechquality nite:id="Bed009.emphasis.236" type="emphasis">
      <nite:child href="Bed009.F.words.xml#id(Bed009.w.8,874)..id(Bed009.w.8,875)"/>
   </speechquality>
   <speechquality nite:id="Bed009.emphasis.237" type="emphasis">
      <nite:child href="Bed009.F.words.xml#id(Bed009.w.8,899)..id(Bed009.w.8,900)"/>
   </speechquality>
   <speechquality nite:id="Bed009.emphasis.238" type="emphasis">
      <nite:child href="Bed009.F.words.xml#id(Bed009.w.8,904)..id(Bed009.w.8,905)"/>
   </speechquality>
   <speechquality nite:id="Bed009.emphasis.239" type="emphasis">
      <nite:child href="Bed009.F.words.xml#id(Bed009.w.8,910)"/>
   </speechquality>
   <speechquality nite:id="Bed009.emphasis.240" type="emphasis">
      <nite:child href="Bed009.F.words.xml#id(Bed009.w.8,916)..id(Bed009.w.8,917)"/>
   </speechquality>
   <speechquality nite:id="Bed009.emphasis.241" type="emphasis">
      <nite:child href="Bed009.F.words.xml#id(Bed009.w.8,930)"/>
   </speechquality>
   <speechquality nite:id="Bed009.emphasis.242" type="emphasis">
      <nite:child href="Bed009.F.words.xml#id(Bed009.w.8,935)..id(Bed009.w.8,936)"/>
   </speechquality>
   <speechquality nite:id="Bed009.emphasis.243" type="emphasis">
      <nite:child href="Bed009.F.words.xml#id(Bed009.w.8,939)"/>
   </speechquality>
   <speechquality nite:id="Bed009.emphasis.244" type="emphasis">
      <nite:child href="Bed009.F.words.xml#id(Bed009.w.8,940)"/>
   </speechquality>
   <speechquality nite:id="Bed009.emphasis.245" type="emphasis">
      <nite:child href="Bed009.F.words.xml#id(Bed009.w.8,948)"/>
   </speechquality>
   <speechquality nite:id="Bed009.emphasis.246" type="emphasis">
      <nite:child href="Bed009.F.words.xml#id(Bed009.w.8,955)"/>
   </speechquality>
   <speechquality nite:id="Bed009.emphasis.247" type="emphasis">
      <nite:child href="Bed009.F.words.xml#id(Bed009.w.8,956)..id(Bed009.w.8,957)"/>
   </speechquality>
   <speechquality nite:id="Bed009.emphasis.248" type="emphasis">
      <nite:child href="Bed009.F.words.xml#id(Bed009.w.8,964)"/>
   </speechquality>
   <speechquality nite:id="Bed009.emphasis.249" type="emphasis">
      <nite:child href="Bed009.F.words.xml#id(Bed009.w.8,972)..id(Bed009.w.8,973)"/>
   </speechquality>
   <speechquality nite:id="Bed009.emphasis.250" type="emphasis">
      <nite:child href="Bed009.F.words.xml#id(Bed009.w.8,991)"/>
   </speechquality>
   <speechquality nite:id="Bed009.emphasis.251" type="emphasis">
      <nite:child href="Bed009.F.words.xml#id(Bed009.w.9,004)..id(Bed009.w.9,005)"/>
   </speechquality>
   <speechquality nite:id="Bed009.emphasis.252" type="emphasis">
      <nite:child href="Bed009.F.words.xml#id(Bed009.w.9,014)"/>
   </speechquality>
   <speechquality nite:id="Bed009.emphasis.253" type="emphasis">
      <nite:child href="Bed009.F.words.xml#id(Bed009.w.9,021)"/>
   </speechquality>
   <speechquality nite:id="Bed009.emphasis.254" type="emphasis">
      <nite:child href="Bed009.F.words.xml#id(Bed009.w.9,032)"/>
   </speechquality>
   <speechquality nite:id="Bed009.emphasis.255" type="emphasis">
      <nite:child href="Bed009.F.words.xml#id(Bed009.w.9,042)"/>
   </speechquality>
   <speechquality nite:id="Bed009.emphasis.256" type="emphasis">
      <nite:child href="Bed009.F.words.xml#id(Bed009.w.9,059)"/>
   </speechquality>
   <speechquality nite:id="Bed009.emphasis.257" type="emphasis">
      <nite:child href="Bed009.F.words.xml#id(Bed009.w.9,067)"/>
   </speechquality>
   <speechquality nite:id="Bed009.emphasis.258" type="emphasis">
      <nite:child href="Bed009.F.words.xml#id(Bed009.w.9,082)"/>
   </speechquality>
   <speechquality nite:id="Bed009.emphasis.259" type="emphasis">
      <nite:child href="Bed009.F.words.xml#id(Bed009.w.9,086)"/>
   </speechquality>
   <speechquality nite:id="Bed009.emphasis.260" type="emphasis">
      <nite:child href="Bed009.F.words.xml#id(Bed009.w.9,087)"/>
   </speechquality>
   <speechquality nite:id="Bed009.emphasis.261" type="emphasis">
      <nite:child href="Bed009.F.words.xml#id(Bed009.w.9,091)"/>
   </speechquality>
   <speechquality nite:id="Bed009.emphasis.262" type="emphasis">
      <nite:child href="Bed009.F.words.xml#id(Bed009.w.9,092)"/>
   </speechquality>
   <speechquality nite:id="Bed009.emphasis.263" type="emphasis">
      <nite:child href="Bed009.F.words.xml#id(Bed009.w.9,100)"/>
   </speechquality>
   <speechquality nite:id="Bed009.emphasis.264" type="emphasis">
      <nite:child href="Bed009.F.words.xml#id(Bed009.w.9,101)"/>
   </speechquality>
   <speechquality nite:id="Bed009.emphasis.265" type="emphasis">
      <nite:child href="Bed009.F.words.xml#id(Bed009.w.9,104)"/>
   </speechquality>
   <speechquality nite:id="Bed009.emphasis.266" type="emphasis">
      <nite:child href="Bed009.F.words.xml#id(Bed009.w.9,106)"/>
   </speechquality>
   <speechquality nite:id="Bed009.emphasis.267" type="emphasis">
      <nite:child href="Bed009.F.words.xml#id(Bed009.w.9,108)"/>
   </speechquality>
   <speechquality nite:id="Bed009.emphasis.268" type="emphasis">
      <nite:child href="Bed009.F.words.xml#id(Bed009.w.9,112)..id(Bed009.w.9,113)"/>
   </speechquality>
   <speechquality nite:id="Bed009.emphasis.269" type="emphasis">
      <nite:child href="Bed009.F.words.xml#id(Bed009.w.9,116)"/>
   </speechquality>
   <speechquality nite:id="Bed009.emphasis.270" type="emphasis">
      <nite:child href="Bed009.F.words.xml#id(Bed009.w.9,120)"/>
   </speechquality>
   <speechquality nite:id="Bed009.emphasis.271" type="emphasis">
      <nite:child href="Bed009.F.words.xml#id(Bed009.w.9,123)..id(Bed009.w.9,124)"/>
   </speechquality>
   <speechquality nite:id="Bed009.emphasis.272" type="emphasis">
      <nite:child href="Bed009.F.words.xml#id(Bed009.w.9,129)"/>
   </speechquality>
   <speechquality nite:id="Bed009.emphasis.273" type="emphasis">
      <nite:child href="Bed009.F.words.xml#id(Bed009.w.9,140)"/>
   </speechquality>
   <speechquality nite:id="Bed009.emphasis.274" type="emphasis">
      <nite:child href="Bed009.F.words.xml#id(Bed009.w.9,147)..id(Bed009.w.9,148)"/>
   </speechquality>
   <speechquality nite:id="Bed009.emphasis.275" type="emphasis">
      <nite:child href="Bed009.F.words.xml#id(Bed009.w.9,174)"/>
   </speechquality>
   <speechquality nite:id="Bed009.emphasis.276" type="emphasis">
      <nite:child href="Bed009.F.words.xml#id(Bed009.w.9,177)"/>
   </speechquality>
   <speechquality nite:id="Bed009.emphasis.277" type="emphasis">
      <nite:child href="Bed009.F.words.xml#id(Bed009.w.9,185)"/>
   </speechquality>
   <speechquality nite:id="Bed009.uncertain.26" type="uncertain">
      <nite:child href="Bed009.F.words.xml#id(Bed009.w.9,191)..id(Bed009.w.9,193)"/>
   </speechquality>
   <speechquality nite:id="Bed009.emphasis.278" type="emphasis">
      <nite:child href="Bed009.F.words.xml#id(Bed009.w.9,201)"/>
   </speechquality>
   <speechquality nite:id="Bed009.emphasis.279" type="emphasis">
      <nite:child href="Bed009.F.words.xml#id(Bed009.w.9,210)"/>
   </speechquality>
   <speechquality nite:id="Bed009.emphasis.280" type="emphasis">
      <nite:child href="Bed009.F.words.xml#id(Bed009.w.9,213)"/>
   </speechquality>
   <speechquality nite:id="Bed009.emphasis.281" type="emphasis">
      <nite:child href="Bed009.F.words.xml#id(Bed009.w.9,219)"/>
   </speechquality>
   <speechquality nite:id="Bed009.emphasis.282" type="emphasis">
      <nite:child href="Bed009.F.words.xml#id(Bed009.w.9,223)..id(Bed009.w.9,224)"/>
   </speechquality>
   <speechquality nite:id="Bed009.emphasis.283" type="emphasis">
      <nite:child href="Bed009.F.words.xml#id(Bed009.w.9,226)"/>
   </speechquality>
   <speechquality nite:id="Bed009.emphasis.284" type="emphasis">
      <nite:child href="Bed009.F.words.xml#id(Bed009.w.9,240)"/>
   </speechquality>
   <speechquality nite:id="Bed009.emphasis.285" type="emphasis">
      <nite:child href="Bed009.F.words.xml#id(Bed009.w.9,246)"/>
   </speechquality>
   <speechquality nite:id="Bed009.emphasis.286" type="emphasis">
      <nite:child href="Bed009.F.words.xml#id(Bed009.w.9,278)..id(Bed009.w.9,279)"/>
   </speechquality>
   <speechquality nite:id="Bed009.emphasis.287" type="emphasis">
      <nite:child href="Bed009.F.words.xml#id(Bed009.w.9,283)"/>
   </speechquality>
   <speechquality nite:id="Bed009.emphasis.288" type="emphasis">
      <nite:child href="Bed009.F.words.xml#id(Bed009.w.9,287)"/>
   </speechquality>
   <speechquality nite:id="Bed009.emphasis.289" type="emphasis">
      <nite:child href="Bed009.F.words.xml#id(Bed009.w.9,297)"/>
   </speechquality>
   <speechquality nite:id="Bed009.emphasis.290" type="emphasis">
      <nite:child href="Bed009.F.words.xml#id(Bed009.w.9,315)"/>
   </speechquality>
   <speechquality nite:id="Bed009.emphasis.291" type="emphasis">
      <nite:child href="Bed009.F.words.xml#id(Bed009.w.9,320)"/>
   </speechquality>
   <speechquality nite:id="Bed009.emphasis.292" type="emphasis">
      <nite:child href="Bed009.F.words.xml#id(Bed009.w.9,331)"/>
   </speechquality>
   <speechquality nite:id="Bed009.emphasis.293" type="emphasis">
      <nite:child href="Bed009.F.words.xml#id(Bed009.w.9,399)"/>
   </speechquality>
   <speechquality nite:id="Bed009.emphasis.294" type="emphasis">
      <nite:child href="Bed009.F.words.xml#id(Bed009.w.9,410)"/>
   </speechquality>
   <speechquality nite:id="Bed009.emphasis.295" type="emphasis">
      <nite:child href="Bed009.F.words.xml#id(Bed009.w.9,411)"/>
   </speechquality>
   <speechquality nite:id="Bed009.emphasis.296" type="emphasis">
      <nite:child href="Bed009.F.words.xml#id(Bed009.w.9,414)..id(Bed009.w.9,415)"/>
   </speechquality>
   <speechquality nite:id="Bed009.emphasis.297" type="emphasis">
      <nite:child href="Bed009.F.words.xml#id(Bed009.w.9,421)"/>
   </speechquality>
   <speechquality nite:id="Bed009.emphasis.298" type="emphasis">
      <nite:child href="Bed009.F.words.xml#id(Bed009.w.9,425)..id(Bed009.w.9,426)"/>
   </speechquality>
   <speechquality nite:id="Bed009.emphasis.299" type="emphasis">
      <nite:child href="Bed009.F.words.xml#id(Bed009.w.9,440)"/>
   </speechquality>
   <speechquality nite:id="Bed009.emphasis.300" type="emphasis">
      <nite:child href="Bed009.F.words.xml#id(Bed009.w.9,444)"/>
   </speechquality>
   <speechquality nite:id="Bed009.emphasis.301" type="emphasis">
      <nite:child href="Bed009.F.words.xml#id(Bed009.w.9,447)"/>
   </speechquality>
   <speechquality nite:id="Bed009.emphasis.302" type="emphasis">
      <nite:child href="Bed009.F.words.xml#id(Bed009.w.9,450)"/>
   </speechquality>
   <speechquality nite:id="Bed009.emphasis.303" type="emphasis">
      <nite:child href="Bed009.F.words.xml#id(Bed009.w.9,452)"/>
   </speechquality>
   <speechquality nite:id="Bed009.emphasis.304" type="emphasis">
      <nite:child href="Bed009.F.words.xml#id(Bed009.w.9,453)"/>
   </speechquality>
   <speechquality nite:id="Bed009.emphasis.305" type="emphasis">
      <nite:child href="Bed009.F.words.xml#id(Bed009.w.9,457)"/>
   </speechquality>
   <speechquality nite:id="Bed009.emphasis.306" type="emphasis">
      <nite:child href="Bed009.F.words.xml#id(Bed009.w.9,458)"/>
   </speechquality>
   <speechquality nite:id="Bed009.emphasis.307" type="emphasis">
      <nite:child href="Bed009.F.words.xml#id(Bed009.w.9,459)"/>
   </speechquality>
   <speechquality nite:id="Bed009.emphasis.308" type="emphasis">
      <nite:child href="Bed009.F.words.xml#id(Bed009.w.9,461)..id(Bed009.w.9,462)"/>
   </speechquality>
   <speechquality nite:id="Bed009.emphasis.309" type="emphasis">
      <nite:child href="Bed009.F.words.xml#id(Bed009.w.9,464)..id(Bed009.w.9,465)"/>
   </speechquality>
   <speechquality nite:id="Bed009.emphasis.310" type="emphasis">
      <nite:child href="Bed009.F.words.xml#id(Bed009.w.9,469)"/>
   </speechquality>
   <speechquality nite:id="Bed009.emphasis.311" type="emphasis">
      <nite:child href="Bed009.F.words.xml#id(Bed009.w.9,476)..id(Bed009.w.9,477)"/>
   </speechquality>
   <speechquality nite:id="Bed009.emphasis.312" type="emphasis">
      <nite:child href="Bed009.F.words.xml#id(Bed009.w.9,482)"/>
   </speechquality>
   <speechquality nite:id="Bed009.emphasis.313" type="emphasis">
      <nite:child href="Bed009.F.words.xml#id(Bed009.w.9,483)"/>
   </speechquality>
   <speechquality nite:id="Bed009.emphasis.314" type="emphasis">
      <nite:child href="Bed009.F.words.xml#id(Bed009.w.9,486)"/>
   </speechquality>
   <speechquality nite:id="Bed009.emphasis.315" type="emphasis">
      <nite:child href="Bed009.F.words.xml#id(Bed009.w.9,488)..id(Bed009.w.9,489)"/>
   </speechquality>
   <speechquality nite:id="Bed009.emphasis.316" type="emphasis">
      <nite:child href="Bed009.F.words.xml#id(Bed009.w.9,490)..id(Bed009.w.9,491)"/>
   </speechquality>
   <speechquality nite:id="Bed009.emphasis.317" type="emphasis">
      <nite:child href="Bed009.F.words.xml#id(Bed009.w.9,493)..id(Bed009.w.9,494)"/>
   </speechquality>
   <speechquality nite:id="Bed009.emphasis.318" type="emphasis">
      <nite:child href="Bed009.F.words.xml#id(Bed009.w.9,499)"/>
   </speechquality>
   <speechquality nite:id="Bed009.emphasis.319" type="emphasis">
      <nite:child href="Bed009.F.words.xml#id(Bed009.w.9,502)"/>
   </speechquality>
   <speechquality nite:id="Bed009.emphasis.320" type="emphasis">
      <nite:child href="Bed009.F.words.xml#id(Bed009.w.9,506)..id(Bed009.w.9,507)"/>
   </speechquality>
   <speechquality nite:id="Bed009.emphasis.321" type="emphasis">
      <nite:child href="Bed009.F.words.xml#id(Bed009.w.9,511)"/>
   </speechquality>
   <speechquality nite:id="Bed009.emphasis.322" type="emphasis">
      <nite:child href="Bed009.F.words.xml#id(Bed009.w.9,519)"/>
   </speechquality>
   <speechquality nite:id="Bed009.emphasis.323" type="emphasis">
      <nite:child href="Bed009.F.words.xml#id(Bed009.w.9,524)"/>
   </speechquality>
   <speechquality nite:id="Bed009.emphasis.324" type="emphasis">
      <nite:child href="Bed009.F.words.xml#id(Bed009.w.9,529)"/>
   </speechquality>
   <speechquality nite:id="Bed009.emphasis.325" type="emphasis">
      <nite:child href="Bed009.F.words.xml#id(Bed009.w.9,542)"/>
   </speechquality>
   <speechquality nite:id="Bed009.emphasis.326" type="emphasis">
      <nite:child href="Bed009.F.words.xml#id(Bed009.w.9,633)..id(Bed009.w.9,634)"/>
   </speechquality>
   <speechquality nite:id="Bed009.emphasis.327" type="emphasis">
      <nite:child href="Bed009.F.words.xml#id(Bed009.w.9,652)..id(Bed009.w.9,655)"/>
   </speechquality>
   <speechquality nite:id="Bed009.emphasis.328" type="emphasis">
      <nite:child href="Bed009.F.words.xml#id(Bed009.w.9,661)"/>
   </speechquality>
   <speechquality nite:id="Bed009.emphasis.329" type="emphasis">
      <nite:child href="Bed009.F.words.xml#id(Bed009.w.9,700)"/>
   </speechquality>
   <speechquality nite:id="Bed009.emphasis.330" type="emphasis">
      <nite:child href="Bed009.F.words.xml#id(Bed009.w.9,705)"/>
   </speechquality>
   <speechquality nite:id="Bed009.emphasis.331" type="emphasis">
      <nite:child href="Bed009.F.words.xml#id(Bed009.w.9,726)..id(Bed009.w.9,727)"/>
   </speechquality>
   <speechquality nite:id="Bed009.emphasis.332" type="emphasis">
      <nite:child href="Bed009.F.words.xml#id(Bed009.w.9,731)"/>
   </speechquality>
   <speechquality nite:id="Bed009.emphasis.333" type="emphasis">
      <nite:child href="Bed009.F.words.xml#id(Bed009.w.9,742)"/>
   </speechquality>
   <speechquality nite:id="Bed009.emphasis.334" type="emphasis">
      <nite:child href="Bed009.F.words.xml#id(Bed009.w.9,763)..id(Bed009.w.9,765)"/>
   </speechquality>
   <speechquality nite:id="Bed009.emphasis.335" type="emphasis">
      <nite:child href="Bed009.F.words.xml#id(Bed009.w.9,770)"/>
   </speechquality>
   <speechquality nite:id="Bed009.emphasis.336" type="emphasis">
      <nite:child href="Bed009.F.words.xml#id(Bed009.w.9,773)"/>
   </speechquality>
   <speechquality nite:id="Bed009.emphasis.337" type="emphasis">
      <nite:child href="Bed009.F.words.xml#id(Bed009.w.9,779)"/>
   </speechquality>
   <speechquality nite:id="Bed009.emphasis.338" type="emphasis">
      <nite:child href="Bed009.F.words.xml#id(Bed009.w.9,800)"/>
   </speechquality>
   <speechquality nite:id="Bed009.emphasis.339" type="emphasis">
      <nite:child href="Bed009.F.words.xml#id(Bed009.w.9,804)"/>
   </speechquality>
   <speechquality nite:id="Bed009.emphasis.340" type="emphasis">
      <nite:child href="Bed009.F.words.xml#id(Bed009.w.9,814)"/>
   </speechquality>
   <speechquality nite:id="Bed009.emphasis.341" type="emphasis">
      <nite:child href="Bed009.F.words.xml#id(Bed009.w.9,851)..id(Bed009.w.9,852)"/>
   </speechquality>
   <speechquality nite:id="Bed009.emphasis.342" type="emphasis">
      <nite:child href="Bed009.F.words.xml#id(Bed009.w.9,861)"/>
   </speechquality>
   <speechquality nite:id="Bed009.emphasis.343" type="emphasis">
      <nite:child href="Bed009.F.words.xml#id(Bed009.w.9,903)..id(Bed009.w.9,904)"/>
   </speechquality>
   <speechquality nite:id="Bed009.emphasis.344" type="emphasis">
      <nite:child href="Bed009.F.words.xml#id(Bed009.w.9,929)"/>
   </speechquality>
</nite:root>