<?xml version="1.0" encoding="ISO-8859-1" standalone="yes"?>
<nite:root nite:id="Bed017.B.speech-quality" xmlns:nite="http://nite.sourceforge.net/">
   <speechquality nite:id="Bed017.uncertain.1" type="uncertain" numsyllables="1.0">
      <nite:child href="Bed017.B.words.xml#id(Bed017.w.57)..id(Bed017.w.58)"/>
   </speechquality>
   <speechquality nite:id="Bed017.emphasis.28" type="emphasis">
      <nite:child href="Bed017.B.words.xml#id(Bed017.w.396)"/>
   </speechquality>
   <speechquality nite:id="Bed017.emphasis.29" type="emphasis">
      <nite:child href="Bed017.B.words.xml#id(Bed017.w.437)"/>
   </speechquality>
   <speechquality nite:id="Bed017.emphasis.30" type="emphasis">
      <nite:child href="Bed017.B.words.xml#id(Bed017.w.465)"/>
   </speechquality>
   <speechquality nite:id="Bed017.emphasis.31" type="emphasis">
      <nite:child href="Bed017.B.words.xml#id(Bed017.w.478)"/>
   </speechquality>
   <speechquality nite:id="Bed017.emphasis.32" type="emphasis">
      <nite:child href="Bed017.B.words.xml#id(Bed017.w.488)"/>
   </speechquality>
   <speechquality nite:id="Bed017.emphasis.33" type="emphasis">
      <nite:child href="Bed017.B.words.xml#id(Bed017.w.494)"/>
   </speechquality>
   <speechquality nite:id="Bed017.emphasis.34" type="emphasis">
      <nite:child href="Bed017.B.words.xml#id(Bed017.w.499)"/>
   </speechquality>
   <speechquality nite:id="Bed017.emphasis.35" type="emphasis">
      <nite:child href="Bed017.B.words.xml#id(Bed017.w.559)"/>
   </speechquality>
   <speechquality nite:id="Bed017.emphasis.36" type="emphasis">
      <nite:child href="Bed017.B.words.xml#id(Bed017.w.575)"/>
   </speechquality>
   <speechquality nite:id="Bed017.emphasis.37" type="emphasis">
      <nite:child href="Bed017.B.words.xml#id(Bed017.w.601)"/>
   </speechquality>
   <speechquality nite:id="Bed017.emphasis.38" type="emphasis">
      <nite:child href="Bed017.B.words.xml#id(Bed017.w.646)"/>
   </speechquality>
   <speechquality nite:id="Bed017.emphasis.39" type="emphasis">
      <nite:child href="Bed017.B.words.xml#id(Bed017.w.665)"/>
   </speechquality>
   <speechquality nite:id="Bed017.emphasis.40" type="emphasis">
      <nite:child href="Bed017.B.words.xml#id(Bed017.w.672)"/>
   </speechquality>
   <speechquality nite:id="Bed017.emphasis.41" type="emphasis">
      <nite:child href="Bed017.B.words.xml#id(Bed017.w.826)"/>
   </speechquality>
   <speechquality nite:id="Bed017.uncertain.5" type="uncertain" numsyllables="1.0">
      <nite:child href="Bed017.B.words.xml#id(Bed017.w.857)..id(Bed017.w.858)"/>
   </speechquality>
   <speechquality nite:id="Bed017.emphasis.42" type="emphasis">
      <nite:child href="Bed017.B.words.xml#id(Bed017.w.867)..id(Bed017.w.868)"/>
   </speechquality>
   <speechquality nite:id="Bed017.emphasis.43" type="emphasis">
      <nite:child href="Bed017.B.words.xml#id(Bed017.w.877)"/>
   </speechquality>
   <speechquality nite:id="Bed017.emphasis.44" type="emphasis">
      <nite:child href="Bed017.B.words.xml#id(Bed017.w.891)"/>
   </speechquality>
   <speechquality nite:id="Bed017.emphasis.83" type="emphasis">
      <nite:child href="Bed017.B.words.xml#id(Bed017.w.2,491)"/>
   </speechquality>
   <speechquality nite:id="Bed017.uncertain.15" type="uncertain" numsyllables="1.0">
      <nite:child href="Bed017.B.words.xml#id(Bed017.w.2,545)..id(Bed017.w.2,546)"/>
   </speechquality>
   <speechquality nite:id="Bed017.emphasis.84" type="emphasis">
      <nite:child href="Bed017.B.words.xml#id(Bed017.w.2,578)"/>
   </speechquality>
   <speechquality nite:id="Bed017.emphasis.86" type="emphasis">
      <nite:child href="Bed017.B.words.xml#id(Bed017.w.2,675)"/>
   </speechquality>
   <speechquality nite:id="Bed017.emphasis.87" type="emphasis">
      <nite:child href="Bed017.B.words.xml#id(Bed017.w.2,682)..id(Bed017.w.2,683)"/>
   </speechquality>
   <speechquality nite:id="Bed017.emphasis.88" type="emphasis">
      <nite:child href="Bed017.B.words.xml#id(Bed017.w.2,688)"/>
   </speechquality>
   <speechquality nite:id="Bed017.emphasis.89" type="emphasis">
      <nite:child href="Bed017.B.words.xml#id(Bed017.w.2,702)..id(Bed017.w.2,703)"/>
   </speechquality>
   <speechquality nite:id="Bed017.emphasis.92" type="emphasis">
      <nite:child href="Bed017.B.words.xml#id(Bed017.w.2,761)..id(Bed017.w.2,762)"/>
   </speechquality>
   <speechquality nite:id="Bed017.emphasis.93" type="emphasis">
      <nite:child href="Bed017.B.words.xml#id(Bed017.w.2,773)..id(Bed017.w.2,774)"/>
   </speechquality>
   <speechquality nite:id="Bed017.emphasis.94" type="emphasis">
      <nite:child href="Bed017.B.words.xml#id(Bed017.w.2,785)"/>
   </speechquality>
   <speechquality nite:id="Bed017.uncertain.17" type="uncertain">
      <nite:child href="Bed017.B.words.xml#id(Bed017.w.2,925)"/>
   </speechquality>
   <speechquality nite:id="Bed017.uncertain.19" type="uncertain" numsyllables="2.0">
      <nite:child href="Bed017.B.words.xml#id(Bed017.w.2,997)..id(Bed017.w.2,998)"/>
   </speechquality>
   <speechquality nite:id="Bed017.emphasis.98" type="emphasis">
      <nite:child href="Bed017.B.words.xml#id(Bed017.w.3,001)"/>
   </speechquality>
   <speechquality nite:id="Bed017.emphasis.102" type="emphasis">
      <nite:child href="Bed017.B.words.xml#id(Bed017.w.3,123)"/>
   </speechquality>
   <speechquality nite:id="Bed017.emphasis.113" type="emphasis">
      <nite:child href="Bed017.B.words.xml#id(Bed017.w.3,332)..id(Bed017.w.3,333)"/>
   </speechquality>
   <speechquality nite:id="Bed017.emphasis.161" type="emphasis">
      <nite:child href="Bed017.B.words.xml#id(Bed017.w.5,250)"/>
   </speechquality>
   <speechquality nite:id="Bed017.emphasis.164" type="emphasis">
      <nite:child href="Bed017.B.words.xml#id(Bed017.w.5,349)..id(Bed017.w.5,350)"/>
   </speechquality>
   <speechquality nite:id="Bed017.emphasis.165" type="emphasis">
      <nite:child href="Bed017.B.words.xml#id(Bed017.w.5,365)..id(Bed017.w.5,366)"/>
   </speechquality>
   <speechquality nite:id="Bed017.emphasis.186" type="emphasis">
      <nite:child href="Bed017.B.words.xml#id(Bed017.w.6,125)..id(Bed017.w.6,126)"/>
   </speechquality>
   <speechquality nite:id="Bed017.emphasis.187" type="emphasis">
      <nite:child href="Bed017.B.words.xml#id(Bed017.w.6,210)"/>
   </speechquality>
   <speechquality nite:id="Bed017.emphasis.188" type="emphasis">
      <nite:child href="Bed017.B.words.xml#id(Bed017.w.6,249)..id(Bed017.w.6,250)"/>
   </speechquality>
   <speechquality nite:id="Bed017.emphasis.189" type="emphasis">
      <nite:child href="Bed017.B.words.xml#id(Bed017.w.6,253)"/>
   </speechquality>
   <speechquality nite:id="Bed017.emphasis.198" type="emphasis">
      <nite:child href="Bed017.B.words.xml#id(Bed017.w.6,389)..id(Bed017.w.6,390)"/>
   </speechquality>
   <speechquality nite:id="Bed017.emphasis.203" type="emphasis">
      <nite:child href="Bed017.B.words.xml#id(Bed017.w.6,517)"/>
   </speechquality>
   <speechquality nite:id="Bed017.uncertain.34" type="uncertain">
      <nite:child href="Bed017.B.words.xml#id(Bed017.w.6,873)..id(Bed017.w.6,874)"/>
   </speechquality>
   <speechquality nite:id="Bed017.emphasis.223" type="emphasis">
      <nite:child href="Bed017.B.words.xml#id(Bed017.w.6,995)"/>
   </speechquality>
   <speechquality nite:id="Bed017.emphasis.224" type="emphasis">
      <nite:child href="Bed017.B.words.xml#id(Bed017.w.7,005)"/>
   </speechquality>
   <speechquality nite:id="Bed017.emphasis.225" type="emphasis">
      <nite:child href="Bed017.B.words.xml#id(Bed017.w.7,014)"/>
   </speechquality>
   <speechquality nite:id="Bed017.emphasis.262" type="emphasis">
      <nite:child href="Bed017.B.words.xml#id(Bed017.w.7,854)"/>
   </speechquality>
   <speechquality nite:id="Bed017.emphasis.263" type="emphasis">
      <nite:child href="Bed017.B.words.xml#id(Bed017.w.7,874)"/>
   </speechquality>
   <speechquality nite:id="Bed017.emphasis.264" type="emphasis">
      <nite:child href="Bed017.B.words.xml#id(Bed017.w.7,903)"/>
   </speechquality>
   <speechquality nite:id="Bed017.emphasis.265" type="emphasis">
      <nite:child href="Bed017.B.words.xml#id(Bed017.w.7,924)"/>
   </speechquality>
</nite:root>