<?xml version="1.0" encoding="ISO-8859-1" standalone="yes"?>
<nite:root nite:id="Bed006.A.speech-quality" xmlns:nite="http://nite.sourceforge.net/">
   <speechquality nite:id="Bed006.emphasis.2" type="emphasis">
      <nite:child href="Bed006.A.words.xml#id(Bed006.w.258)..id(Bed006.w.259)"/>
   </speechquality>
   <speechquality nite:id="Bed006.emphasis.7" type="emphasis">
      <nite:child href="Bed006.A.words.xml#id(Bed006.w.474)"/>
   </speechquality>
   <speechquality nite:id="Bed006.emphasis.8" type="emphasis">
      <nite:child href="Bed006.A.words.xml#id(Bed006.w.478)..id(Bed006.w.479)"/>
   </speechquality>
   <speechquality nite:id="Bed006.emphasis.39" type="emphasis">
      <nite:child href="Bed006.A.words.xml#id(Bed006.w.3,004)..id(Bed006.w.3,005)"/>
   </speechquality>
   <speechquality nite:id="Bed006.uncertain.5" type="uncertain">
      <nite:child href="Bed006.A.words.xml#id(Bed006.w.3,290)"/>
   </speechquality>
   <speechquality nite:id="Bed006.emphasis.40" type="emphasis">
      <nite:child href="Bed006.A.words.xml#id(Bed006.w.3,325)"/>
   </speechquality>
   <speechquality nite:id="Bed006.emphasis.122" type="emphasis">
      <nite:child href="Bed006.A.words.xml#id(Bed006.w.8,994)"/>
   </speechquality>
   <speechquality nite:id="Bed006.emphasis.123" type="emphasis">
      <nite:child href="Bed006.A.words.xml#id(Bed006.w.9,074)"/>
   </speechquality>
   <speechquality nite:id="Bed006.uncertain.15" type="uncertain">
      <nite:child href="Bed006.A.words.xml#id(Bed006.w.9,115)..id(Bed006.w.9,116)"/>
   </speechquality>
   <speechquality nite:id="Bed006.emphasis.124" type="emphasis">
      <nite:child href="Bed006.A.words.xml#id(Bed006.w.9,125)"/>
   </speechquality>
   <speechquality nite:id="Bed006.uncertain.16" type="uncertain">
      <nite:child href="Bed006.A.words.xml#id(Bed006.w.9,133)"/>
   </speechquality>
   <speechquality nite:id="Bed006.emphasis.127" type="emphasis">
      <nite:child href="Bed006.A.words.xml#id(Bed006.w.9,555)"/>
   </speechquality>
   <speechquality nite:id="Bed006.emphasis.129" type="emphasis">
      <nite:child href="Bed006.A.words.xml#id(Bed006.w.9,779)"/>
   </speechquality>
   <speechquality nite:id="Bed006.uncertain.29" type="uncertain">
      <nite:child href="Bed006.A.words.xml#id(Bed006.w.13,047)..id(Bed006.w.13,048)"/>
   </speechquality>
   <speechquality nite:id="Bed006.emphasis.186" type="emphasis">
      <nite:child href="Bed006.A.words.xml#id(Bed006.w.13,185)..id(Bed006.w.13,186)"/>
   </speechquality>
</nite:root>