<?xml version="1.0" encoding="ISO-8859-1" standalone="yes"?>
<nite:root nite:id="Bed003.E.speech-quality" xmlns:nite="http://nite.sourceforge.net/">
   <speechquality nite:id="Bed003.uncertain.2" type="uncertain">
      <nite:child href="Bed003.E.words.xml#id(Bed003.w.95)..id(Bed003.w.97)"/>
   </speechquality>
   <speechquality nite:id="Bed003.uncertain.3" type="uncertain">
      <nite:child href="Bed003.E.words.xml#id(Bed003.w.104)..id(Bed003.w.105)"/>
   </speechquality>
   <speechquality nite:id="Bed003.uncertain.4" type="uncertain" numsyllables="4.0">
      <nite:child href="Bed003.E.words.xml#id(Bed003.w.122)..id(Bed003.w.123)"/>
   </speechquality>
   <speechquality nite:id="Bed003.uncertain.5" type="uncertain" numsyllables="3.0">
      <nite:child href="Bed003.E.words.xml#id(Bed003.w.142)..id(Bed003.w.143)"/>
   </speechquality>
   <speechquality nite:id="Bed003.uncertain.8" type="uncertain">
      <nite:child href="Bed003.E.words.xml#id(Bed003.w.197)..id(Bed003.w.200)"/>
   </speechquality>
</nite:root>