<?xml version="1.0" encoding="ISO-8859-1" standalone="yes"?>
<nite:root nite:id="Bed016.A.speech-quality" xmlns:nite="http://nite.sourceforge.net/">
   <speechquality nite:id="Bed016.emphasis.2" type="emphasis">
      <nite:child href="Bed016.A.words.xml#id(Bed016.w.151)"/>
   </speechquality>
   <speechquality nite:id="Bed016.emphasis.3" type="emphasis">
      <nite:child href="Bed016.A.words.xml#id(Bed016.w.154)..id(Bed016.w.155)"/>
   </speechquality>
   <speechquality nite:id="Bed016.emphasis.6" type="emphasis">
      <nite:child href="Bed016.A.words.xml#id(Bed016.w.375)..id(Bed016.w.376)"/>
   </speechquality>
   <speechquality nite:id="Bed016.emphasis.8" type="emphasis">
      <nite:child href="Bed016.A.words.xml#id(Bed016.w.397)..id(Bed016.w.398)"/>
   </speechquality>
   <speechquality nite:id="Bed016.emphasis.9" type="emphasis">
      <nite:child href="Bed016.A.words.xml#id(Bed016.w.405)..id(Bed016.w.406)"/>
   </speechquality>
   <speechquality nite:id="Bed016.emphasis.17" type="emphasis">
      <nite:child href="Bed016.A.words.xml#id(Bed016.w.1,186)"/>
   </speechquality>
   <speechquality nite:id="Bed016.emphasis.19" type="emphasis">
      <nite:child href="Bed016.A.words.xml#id(Bed016.w.1,258)..id(Bed016.w.1,259)"/>
   </speechquality>
   <speechquality nite:id="Bed016.emphasis.28" type="emphasis">
      <nite:child href="Bed016.A.words.xml#id(Bed016.w.1,392)..id(Bed016.w.1,393)"/>
   </speechquality>
   <speechquality nite:id="Bed016.emphasis.29" type="emphasis">
      <nite:child href="Bed016.A.words.xml#id(Bed016.w.1,406)..id(Bed016.w.1,407)"/>
   </speechquality>
   <speechquality nite:id="Bed016.emphasis.39" type="emphasis">
      <nite:child href="Bed016.A.words.xml#id(Bed016.w.1,912)..id(Bed016.w.1,913)"/>
   </speechquality>
   <speechquality nite:id="Bed016.emphasis.56" type="emphasis">
      <nite:child href="Bed016.A.words.xml#id(Bed016.w.2,575)..id(Bed016.w.2,576)"/>
   </speechquality>
   <speechquality nite:id="Bed016.emphasis.82" type="emphasis">
      <nite:child href="Bed016.A.words.xml#id(Bed016.w.3,652)..id(Bed016.w.3,653)"/>
   </speechquality>
   <speechquality nite:id="Bed016.emphasis.88" type="emphasis">
      <nite:child href="Bed016.A.words.xml#id(Bed016.w.3,865)..id(Bed016.w.3,866)"/>
   </speechquality>
   <speechquality nite:id="Bed016.emphasis.90" type="emphasis">
      <nite:child href="Bed016.A.words.xml#id(Bed016.w.3,897)..id(Bed016.w.3,898)"/>
   </speechquality>
   <speechquality nite:id="Bed016.emphasis.98" type="emphasis">
      <nite:child href="Bed016.A.words.xml#id(Bed016.w.4,272)"/>
   </speechquality>
   <speechquality nite:id="Bed016.uncertain.21" type="uncertain">
      <nite:child href="Bed016.A.words.xml#id(Bed016.w.4,311)"/>
   </speechquality>
   <speechquality nite:id="Bed016.emphasis.99" type="emphasis">
      <nite:child href="Bed016.A.words.xml#id(Bed016.w.4,313)..id(Bed016.w.4,314)"/>
   </speechquality>
   <speechquality nite:id="Bed016.uncertain.22" type="uncertain" numsyllables="2.0">
      <nite:child href="Bed016.A.words.xml#id(Bed016.w.4,633)..id(Bed016.w.4,634)"/>
   </speechquality>
   <speechquality nite:id="Bed016.emphasis.171" type="emphasis">
      <nite:child href="Bed016.A.words.xml#id(Bed016.w.5,683)"/>
   </speechquality>
   <speechquality nite:id="Bed016.emphasis.176" type="emphasis">
      <nite:child href="Bed016.A.words.xml#id(Bed016.w.5,802)"/>
   </speechquality>
   <speechquality nite:id="Bed016.uncertain.25" type="uncertain" numsyllables="2.0">
      <nite:child href="Bed016.A.words.xml#id(Bed016.w.5,821)..id(Bed016.w.5,822)"/>
   </speechquality>
   <speechquality nite:id="Bed016.emphasis.182" type="emphasis">
      <nite:child href="Bed016.A.words.xml#id(Bed016.w.5,975)"/>
   </speechquality>
   <speechquality nite:id="Bed016.uncertain.26" type="uncertain">
      <nite:child href="Bed016.A.words.xml#id(Bed016.w.6,707)..id(Bed016.disfmarker.210)"/>
   </speechquality>
   <speechquality nite:id="Bed016.uncertain.27" type="uncertain">
      <nite:child href="Bed016.A.words.xml#id(Bed016.w.6,730)"/>
   </speechquality>
   <speechquality nite:id="Bed016.emphasis.208" type="emphasis">
      <nite:child href="Bed016.A.words.xml#id(Bed016.w.6,854)"/>
   </speechquality>
   <speechquality nite:id="Bed016.emphasis.211" type="emphasis">
      <nite:child href="Bed016.A.words.xml#id(Bed016.w.6,901)..id(Bed016.w.6,902)"/>
   </speechquality>
   <speechquality nite:id="Bed016.emphasis.213" type="emphasis">
      <nite:child href="Bed016.A.words.xml#id(Bed016.w.7,023)"/>
   </speechquality>
   <speechquality nite:id="Bed016.emphasis.216" type="emphasis">
      <nite:child href="Bed016.A.words.xml#id(Bed016.w.7,222)..id(Bed016.w.7,223)"/>
   </speechquality>
   <speechquality nite:id="Bed016.uncertain.29" type="uncertain">
      <nite:child href="Bed016.A.words.xml#id(Bed016.w.7,261)..id(Bed016.w.7,263)"/>
   </speechquality>
   <speechquality nite:id="Bed016.emphasis.222" type="emphasis">
      <nite:child href="Bed016.A.words.xml#id(Bed016.w.7,359)..id(Bed016.w.7,360)"/>
   </speechquality>
   <speechquality nite:id="Bed016.emphasis.223" type="emphasis">
      <nite:child href="Bed016.A.words.xml#id(Bed016.w.7,361)..id(Bed016.w.7,362)"/>
   </speechquality>
   <speechquality nite:id="Bed016.emphasis.224" type="emphasis">
      <nite:child href="Bed016.A.words.xml#id(Bed016.w.7,364)"/>
   </speechquality>
   <speechquality nite:id="Bed016.emphasis.237" type="emphasis">
      <nite:child href="Bed016.A.words.xml#id(Bed016.w.7,701)"/>
   </speechquality>
   <speechquality nite:id="Bed016.emphasis.239" type="emphasis">
      <nite:child href="Bed016.A.words.xml#id(Bed016.w.7,792)"/>
   </speechquality>
   <speechquality nite:id="Bed016.emphasis.246" type="emphasis">
      <nite:child href="Bed016.A.words.xml#id(Bed016.w.8,115)..id(Bed016.w.8,116)"/>
   </speechquality>
   <speechquality nite:id="Bed016.emphasis.247" type="emphasis">
      <nite:child href="Bed016.A.words.xml#id(Bed016.w.8,134)..id(Bed016.w.8,135)"/>
   </speechquality>
   <speechquality nite:id="Bed016.uncertain.31" type="uncertain">
      <nite:child href="Bed016.A.words.xml#id(Bed016.w.8,531)..id(Bed016.w.8,532)"/>
   </speechquality>
   <speechquality nite:id="Bed016.uncertain.33" type="uncertain" numsyllables="1.0">
      <nite:child href="Bed016.A.words.xml#id(Bed016.w.9,029)..id(Bed016.w.9,030)"/>
   </speechquality>
   <speechquality nite:id="Bed016.emphasis.268" type="emphasis">
      <nite:child href="Bed016.A.words.xml#id(Bed016.w.9,320)"/>
   </speechquality>
</nite:root>