<?xml version="1.0" encoding="ISO-8859-1" standalone="yes"?>
<nite:root nite:id="Bmr023.C.speech-quality" xmlns:nite="http://nite.sourceforge.net/">
   <speechquality nite:id="Bmr023.emphasis.23" type="emphasis">
      <nite:child href="Bmr023.C.words.xml#id(Bmr023.w.724)..id(Bmr023.w.725)"/>
   </speechquality>
   <speechquality nite:id="Bmr023.emphasis.27" type="emphasis">
      <nite:child href="Bmr023.C.words.xml#id(Bmr023.w.971)..id(Bmr023.w.972)"/>
   </speechquality>
   <speechquality nite:id="Bmr023.emphasis.30" type="emphasis">
      <nite:child href="Bmr023.C.words.xml#id(Bmr023.w.1,085)..id(Bmr023.w.1,086)"/>
   </speechquality>
   <speechquality nite:id="Bmr023.emphasis.32" type="emphasis">
      <nite:child href="Bmr023.C.words.xml#id(Bmr023.w.1,130)"/>
   </speechquality>
   <speechquality nite:id="Bmr023.emphasis.33" type="emphasis">
      <nite:child href="Bmr023.C.words.xml#id(Bmr023.w.1,167)..id(Bmr023.w.1,168)"/>
   </speechquality>
   <speechquality nite:id="Bmr023.emphasis.34" type="emphasis">
      <nite:child href="Bmr023.C.words.xml#id(Bmr023.w.1,223)"/>
   </speechquality>
   <speechquality nite:id="Bmr023.emphasis.35" type="emphasis">
      <nite:child href="Bmr023.C.words.xml#id(Bmr023.w.1,262)"/>
   </speechquality>
   <speechquality nite:id="Bmr023.emphasis.36" type="emphasis">
      <nite:child href="Bmr023.C.words.xml#id(Bmr023.w.1,275)"/>
   </speechquality>
   <speechquality nite:id="Bmr023.emphasis.37" type="emphasis">
      <nite:child href="Bmr023.C.words.xml#id(Bmr023.w.1,285)"/>
   </speechquality>
   <speechquality nite:id="Bmr023.emphasis.38" type="emphasis">
      <nite:child href="Bmr023.C.words.xml#id(Bmr023.w.1,366)"/>
   </speechquality>
   <speechquality nite:id="Bmr023.emphasis.39" type="emphasis">
      <nite:child href="Bmr023.C.words.xml#id(Bmr023.w.1,369)..id(Bmr023.w.1,370)"/>
   </speechquality>
   <speechquality nite:id="Bmr023.emphasis.49" type="emphasis">
      <nite:child href="Bmr023.C.words.xml#id(Bmr023.w.1,565)"/>
   </speechquality>
   <speechquality nite:id="Bmr023.emphasis.55" type="emphasis">
      <nite:child href="Bmr023.C.words.xml#id(Bmr023.w.1,835)"/>
   </speechquality>
   <speechquality nite:id="Bmr023.emphasis.91" type="emphasis">
      <nite:child href="Bmr023.C.words.xml#id(Bmr023.w.2,758)"/>
   </speechquality>
   <speechquality nite:id="Bmr023.emphasis.173" type="emphasis">
      <nite:child href="Bmr023.C.words.xml#id(Bmr023.w.6,060)..id(Bmr023.w.6,061)"/>
   </speechquality>
   <speechquality nite:id="Bmr023.emphasis.174" type="emphasis">
      <nite:child href="Bmr023.C.words.xml#id(Bmr023.w.6,069)"/>
   </speechquality>
   <speechquality nite:id="Bmr023.emphasis.175" type="emphasis">
      <nite:child href="Bmr023.C.words.xml#id(Bmr023.w.6,078)..id(Bmr023.w.6,079)"/>
   </speechquality>
   <speechquality nite:id="Bmr023.emphasis.176" type="emphasis">
      <nite:child href="Bmr023.C.words.xml#id(Bmr023.w.6,082)"/>
   </speechquality>
   <speechquality nite:id="Bmr023.emphasis.200" type="emphasis">
      <nite:child href="Bmr023.C.words.xml#id(Bmr023.w.6,746)..id(Bmr023.w.6,747)"/>
   </speechquality>
   <speechquality nite:id="Bmr023.emphasis.249" type="emphasis">
      <nite:child href="Bmr023.C.words.xml#id(Bmr023.w.7,471)..id(Bmr023.w.7,472)"/>
   </speechquality>
   <speechquality nite:id="Bmr023.emphasis.264" type="emphasis">
      <nite:child href="Bmr023.C.words.xml#id(Bmr023.w.7,830)"/>
   </speechquality>
   <speechquality nite:id="Bmr023.emphasis.265" type="emphasis">
      <nite:child href="Bmr023.C.words.xml#id(Bmr023.w.7,833)..id(Bmr023.w.7,834)"/>
   </speechquality>
   <speechquality nite:id="Bmr023.emphasis.266" type="emphasis">
      <nite:child href="Bmr023.C.words.xml#id(Bmr023.w.7,855)"/>
   </speechquality>
   <speechquality nite:id="Bmr023.emphasis.267" type="emphasis">
      <nite:child href="Bmr023.C.words.xml#id(Bmr023.w.7,858)"/>
   </speechquality>
   <speechquality nite:id="Bmr023.emphasis.269" type="emphasis">
      <nite:child href="Bmr023.C.words.xml#id(Bmr023.w.7,882)"/>
   </speechquality>
   <speechquality nite:id="Bmr023.uncertain.13" type="uncertain" numsyllables="1.0">
      <nite:child href="Bmr023.C.words.xml#id(Bmr023.w.7,964)..id(Bmr023.w.7,965)"/>
   </speechquality>
   <speechquality nite:id="Bmr023.emphasis.270" type="emphasis">
      <nite:child href="Bmr023.C.words.xml#id(Bmr023.w.7,981)"/>
   </speechquality>
   <speechquality nite:id="Bmr023.uncertain.14" type="uncertain" numsyllables="1.0">
      <nite:child href="Bmr023.C.words.xml#id(Bmr023.w.7,986)..id(Bmr023.w.7,987)"/>
   </speechquality>
   <speechquality nite:id="Bmr023.emphasis.271" type="emphasis">
      <nite:child href="Bmr023.C.words.xml#id(Bmr023.w.8,001)..id(Bmr023.w.8,002)"/>
   </speechquality>
   <speechquality nite:id="Bmr023.emphasis.272" type="emphasis">
      <nite:child href="Bmr023.C.words.xml#id(Bmr023.w.8,019)..id(Bmr023.w.8,020)"/>
   </speechquality>
   <speechquality nite:id="Bmr023.uncertain.15" type="uncertain" numsyllables="1.0">
      <nite:child href="Bmr023.C.words.xml#id(Bmr023.w.8,029)..id(Bmr023.w.8,030)"/>
   </speechquality>
   <speechquality nite:id="Bmr023.emphasis.273" type="emphasis">
      <nite:child href="Bmr023.C.words.xml#id(Bmr023.w.8,046)"/>
   </speechquality>
   <speechquality nite:id="Bmr023.uncertain.16" type="uncertain" numsyllables="1.0">
      <nite:child href="Bmr023.C.words.xml#id(Bmr023.w.8,050)..id(Bmr023.w.8,051)"/>
   </speechquality>
   <speechquality nite:id="Bmr023.emphasis.275" type="emphasis">
      <nite:child href="Bmr023.C.words.xml#id(Bmr023.w.8,113)"/>
   </speechquality>
   <speechquality nite:id="Bmr023.emphasis.276" type="emphasis">
      <nite:child href="Bmr023.C.words.xml#id(Bmr023.w.8,138)"/>
   </speechquality>
   <speechquality nite:id="Bmr023.emphasis.277" type="emphasis">
      <nite:child href="Bmr023.C.words.xml#id(Bmr023.w.8,202)..id(Bmr023.w.8,203)"/>
   </speechquality>
   <speechquality nite:id="Bmr023.uncertain.17" type="uncertain">
      <nite:child href="Bmr023.C.words.xml#id(Bmr023.w.8,246)"/>
   </speechquality>
   <speechquality nite:id="Bmr023.uncertain.18" type="uncertain" numsyllables="1.0">
      <nite:child href="Bmr023.C.words.xml#id(Bmr023.w.8,271)..id(Bmr023.w.8,272)"/>
   </speechquality>
   <speechquality nite:id="Bmr023.emphasis.279" type="emphasis">
      <nite:child href="Bmr023.C.words.xml#id(Bmr023.w.8,287)"/>
   </speechquality>
   <speechquality nite:id="Bmr023.emphasis.280" type="emphasis">
      <nite:child href="Bmr023.C.words.xml#id(Bmr023.w.8,290)"/>
   </speechquality>
   <speechquality nite:id="Bmr023.uncertain.19" type="uncertain" numsyllables="1.0">
      <nite:child href="Bmr023.C.words.xml#id(Bmr023.w.8,326)..id(Bmr023.w.8,327)"/>
   </speechquality>
   <speechquality nite:id="Bmr023.emphasis.281" type="emphasis">
      <nite:child href="Bmr023.C.words.xml#id(Bmr023.w.8,332)"/>
   </speechquality>
   <speechquality nite:id="Bmr023.emphasis.282" type="emphasis">
      <nite:child href="Bmr023.C.words.xml#id(Bmr023.w.8,367)"/>
   </speechquality>
   <speechquality nite:id="Bmr023.emphasis.283" type="emphasis">
      <nite:child href="Bmr023.C.words.xml#id(Bmr023.w.8,376)"/>
   </speechquality>
   <speechquality nite:id="Bmr023.emphasis.284" type="emphasis">
      <nite:child href="Bmr023.C.words.xml#id(Bmr023.w.8,381)..id(Bmr023.w.8,382)"/>
   </speechquality>
   <speechquality nite:id="Bmr023.emphasis.285" type="emphasis">
      <nite:child href="Bmr023.C.words.xml#id(Bmr023.w.8,388)"/>
   </speechquality>
   <speechquality nite:id="Bmr023.emphasis.286" type="emphasis">
      <nite:child href="Bmr023.C.words.xml#id(Bmr023.w.8,399)"/>
   </speechquality>
   <speechquality nite:id="Bmr023.emphasis.290" type="emphasis">
      <nite:child href="Bmr023.C.words.xml#id(Bmr023.w.8,488)"/>
   </speechquality>
   <speechquality nite:id="Bmr023.emphasis.291" type="emphasis">
      <nite:child href="Bmr023.C.words.xml#id(Bmr023.w.8,490)"/>
   </speechquality>
   <speechquality nite:id="Bmr023.emphasis.292" type="emphasis">
      <nite:child href="Bmr023.C.words.xml#id(Bmr023.w.8,499)"/>
   </speechquality>
   <speechquality nite:id="Bmr023.emphasis.293" type="emphasis">
      <nite:child href="Bmr023.C.words.xml#id(Bmr023.w.8,506)..id(Bmr023.w.8,507)"/>
   </speechquality>
   <speechquality nite:id="Bmr023.emphasis.296" type="emphasis">
      <nite:child href="Bmr023.C.words.xml#id(Bmr023.w.8,571)"/>
   </speechquality>
   <speechquality nite:id="Bmr023.emphasis.297" type="emphasis">
      <nite:child href="Bmr023.C.words.xml#id(Bmr023.w.8,580)"/>
   </speechquality>
   <speechquality nite:id="Bmr023.emphasis.300" type="emphasis">
      <nite:child href="Bmr023.C.words.xml#id(Bmr023.w.8,608)"/>
   </speechquality>
   <speechquality nite:id="Bmr023.emphasis.301" type="emphasis">
      <nite:child href="Bmr023.C.words.xml#id(Bmr023.w.8,614)..id(Bmr023.w.8,615)"/>
   </speechquality>
   <speechquality nite:id="Bmr023.uncertain.20" type="uncertain" numsyllables="2.0">
      <nite:child href="Bmr023.C.words.xml#id(Bmr023.w.8,630)..id(Bmr023.w.8,631)"/>
   </speechquality>
   <speechquality nite:id="Bmr023.emphasis.302" type="emphasis">
      <nite:child href="Bmr023.C.words.xml#id(Bmr023.w.8,638)"/>
   </speechquality>
   <speechquality nite:id="Bmr023.emphasis.303" type="emphasis">
      <nite:child href="Bmr023.C.words.xml#id(Bmr023.w.8,651)"/>
   </speechquality>
   <speechquality nite:id="Bmr023.emphasis.304" type="emphasis">
      <nite:child href="Bmr023.C.words.xml#id(Bmr023.w.8,659)..id(Bmr023.w.8,660)"/>
   </speechquality>
   <speechquality nite:id="Bmr023.emphasis.305" type="emphasis">
      <nite:child href="Bmr023.C.words.xml#id(Bmr023.w.8,663)..id(Bmr023.w.8,664)"/>
   </speechquality>
   <speechquality nite:id="Bmr023.emphasis.306" type="emphasis">
      <nite:child href="Bmr023.C.words.xml#id(Bmr023.w.8,676)"/>
   </speechquality>
   <speechquality nite:id="Bmr023.emphasis.307" type="emphasis">
      <nite:child href="Bmr023.C.words.xml#id(Bmr023.w.8,685)"/>
   </speechquality>
   <speechquality nite:id="Bmr023.emphasis.308" type="emphasis">
      <nite:child href="Bmr023.C.words.xml#id(Bmr023.w.8,693)..id(Bmr023.w.8,694)"/>
   </speechquality>
   <speechquality nite:id="Bmr023.uncertain.21" type="uncertain">
      <nite:child href="Bmr023.C.words.xml#id(Bmr023.w.8,697)"/>
   </speechquality>
   <speechquality nite:id="Bmr023.emphasis.373" type="emphasis">
      <nite:child href="Bmr023.C.words.xml#id(Bmr023.w.9,653)..id(Bmr023.w.9,654)"/>
   </speechquality>
   <speechquality nite:id="Bmr023.emphasis.379" type="emphasis">
      <nite:child href="Bmr023.C.words.xml#id(Bmr023.w.9,753)"/>
   </speechquality>
   <speechquality nite:id="Bmr023.emphasis.380" type="emphasis">
      <nite:child href="Bmr023.C.words.xml#id(Bmr023.w.9,769)..id(Bmr023.w.9,772)"/>
   </speechquality>
   <speechquality nite:id="Bmr023.uncertain.25" type="uncertain">
      <nite:child href="Bmr023.C.words.xml#id(Bmr023.w.9,936)"/>
   </speechquality>
   <speechquality nite:id="Bmr023.emphasis.397" type="emphasis">
      <nite:child href="Bmr023.C.words.xml#id(Bmr023.w.10,144)..id(Bmr023.w.10,145)"/>
   </speechquality>
   <speechquality nite:id="Bmr023.emphasis.398" type="emphasis">
      <nite:child href="Bmr023.C.words.xml#id(Bmr023.w.10,148)..id(Bmr023.w.10,149)"/>
   </speechquality>
   <speechquality nite:id="Bmr023.uncertain.27" type="uncertain">
      <nite:child href="Bmr023.C.words.xml#id(Bmr023.w.10,196)"/>
   </speechquality>
   <speechquality nite:id="Bmr023.emphasis.401" type="emphasis">
      <nite:child href="Bmr023.C.words.xml#id(Bmr023.w.10,225)"/>
   </speechquality>
   <speechquality nite:id="Bmr023.emphasis.439" type="emphasis">
      <nite:child href="Bmr023.C.words.xml#id(Bmr023.w.10,912)"/>
   </speechquality>
   <speechquality nite:id="Bmr023.emphasis.440" type="emphasis">
      <nite:child href="Bmr023.C.words.xml#id(Bmr023.w.10,943)"/>
   </speechquality>
   <speechquality nite:id="Bmr023.emphasis.442" type="emphasis">
      <nite:child href="Bmr023.C.words.xml#id(Bmr023.w.11,045)"/>
   </speechquality>
   <speechquality nite:id="Bmr023.emphasis.443" type="emphasis">
      <nite:child href="Bmr023.C.words.xml#id(Bmr023.w.11,054)..id(Bmr023.w.11,055)"/>
   </speechquality>
   <speechquality nite:id="Bmr023.emphasis.444" type="emphasis">
      <nite:child href="Bmr023.C.words.xml#id(Bmr023.w.11,079)"/>
   </speechquality>
   <speechquality nite:id="Bmr023.emphasis.445" type="emphasis">
      <nite:child href="Bmr023.C.words.xml#id(Bmr023.w.11,082)"/>
   </speechquality>
   <speechquality nite:id="Bmr023.emphasis.446" type="emphasis">
      <nite:child href="Bmr023.C.words.xml#id(Bmr023.w.11,091)"/>
   </speechquality>
   <speechquality nite:id="Bmr023.emphasis.461" type="emphasis">
      <nite:child href="Bmr023.C.words.xml#id(Bmr023.w.11,475)"/>
   </speechquality>
   <speechquality nite:id="Bmr023.emphasis.488" type="emphasis">
      <nite:child href="Bmr023.C.words.xml#id(Bmr023.w.12,115)"/>
   </speechquality>
   <speechquality nite:id="Bmr023.emphasis.490" type="emphasis">
      <nite:child href="Bmr023.C.words.xml#id(Bmr023.w.12,154)"/>
   </speechquality>
   <speechquality nite:id="Bmr023.emphasis.491" type="emphasis">
      <nite:child href="Bmr023.C.words.xml#id(Bmr023.w.12,159)"/>
   </speechquality>
   <speechquality nite:id="Bmr023.uncertain.30" type="uncertain">
      <nite:child href="Bmr023.C.words.xml#id(Bmr023.w.12,184)..id(Bmr023.w.12,185)"/>
   </speechquality>
   <speechquality nite:id="Bmr023.uncertain.31" type="uncertain">
      <nite:child href="Bmr023.C.words.xml#id(Bmr023.w.12,253)..id(Bmr023.w.12,254)"/>
   </speechquality>
   <speechquality nite:id="Bmr023.emphasis.496" type="emphasis">
      <nite:child href="Bmr023.C.words.xml#id(Bmr023.w.12,284)"/>
   </speechquality>
   <speechquality nite:id="Bmr023.emphasis.498" type="emphasis">
      <nite:child href="Bmr023.C.words.xml#id(Bmr023.w.12,315)"/>
   </speechquality>
   <speechquality nite:id="Bmr023.emphasis.499" type="emphasis">
      <nite:child href="Bmr023.C.words.xml#id(Bmr023.w.12,350)"/>
   </speechquality>
</nite:root>