<?xml version="1.0" encoding="ISO-8859-1" standalone="yes"?>
<nite:root nite:id="Bmr026.C.speech-quality" xmlns:nite="http://nite.sourceforge.net/">
   <speechquality nite:id="Bmr026.emphasis.14" type="emphasis">
      <nite:child href="Bmr026.C.words.xml#id(Bmr026.w.549)"/>
   </speechquality>
   <speechquality nite:id="Bmr026.uncertain.3" type="uncertain">
      <nite:child href="Bmr026.C.words.xml#id(Bmr026.w.1,656)..id(Bmr026.disfmarker.59)"/>
   </speechquality>
   <speechquality nite:id="Bmr026.emphasis.29" type="emphasis">
      <nite:child href="Bmr026.C.words.xml#id(Bmr026.w.1,926)"/>
   </speechquality>
   <speechquality nite:id="Bmr026.uncertain.5" type="uncertain">
      <nite:child href="Bmr026.C.words.xml#id(Bmr026.w.2,013)"/>
   </speechquality>
   <speechquality nite:id="Bmr026.emphasis.32" type="emphasis">
      <nite:child href="Bmr026.C.words.xml#id(Bmr026.w.2,376)"/>
   </speechquality>
</nite:root>