<?xml version="1.0" encoding="ISO-8859-1" standalone="yes"?>
<nite:root nite:id="Bmr030.A.speech-quality" xmlns:nite="http://nite.sourceforge.net/">
   <speechquality nite:id="Bmr030.uncertain.1" type="uncertain">
      <nite:child href="Bmr030.A.words.xml#id(Bmr030.w.719)..id(Bmr030.w.720)"/>
   </speechquality>
   <speechquality nite:id="Bmr030.emphasis.23" type="emphasis">
      <nite:child href="Bmr030.A.words.xml#id(Bmr030.w.737)"/>
   </speechquality>
   <speechquality nite:id="Bmr030.uncertain.3" type="uncertain">
      <nite:child href="Bmr030.A.words.xml#id(Bmr030.w.914)"/>
   </speechquality>
   <speechquality nite:id="Bmr030.emphasis.27" type="emphasis">
      <nite:child href="Bmr030.A.words.xml#id(Bmr030.w.945)..id(Bmr030.w.946)"/>
   </speechquality>
   <speechquality nite:id="Bmr030.emphasis.28" type="emphasis">
      <nite:child href="Bmr030.A.words.xml#id(Bmr030.w.1,004)"/>
   </speechquality>
   <speechquality nite:id="Bmr030.uncertain.4" type="uncertain">
      <nite:child href="Bmr030.A.words.xml#id(Bmr030.w.1,369)..id(Bmr030.w.1,370)"/>
   </speechquality>
   <speechquality nite:id="Bmr030.uncertain.5" type="uncertain" numsyllables="3.0">
      <nite:child href="Bmr030.A.words.xml#id(Bmr030.w.1,371)..id(Bmr030.w.1,372)"/>
   </speechquality>
   <speechquality nite:id="Bmr030.emphasis.35" type="emphasis">
      <nite:child href="Bmr030.A.words.xml#id(Bmr030.w.1,408)..id(Bmr030.w.1,409)"/>
   </speechquality>
   <speechquality nite:id="Bmr030.uncertain.6" type="uncertain" numsyllables="1.0">
      <nite:child href="Bmr030.A.words.xml#id(Bmr030.w.1,419)..id(Bmr030.w.1,420)"/>
   </speechquality>
   <speechquality nite:id="Bmr030.uncertain.7" type="uncertain">
      <nite:child href="Bmr030.A.words.xml#id(Bmr030.w.1,442)..id(Bmr030.w.1,443)"/>
   </speechquality>
   <speechquality nite:id="Bmr030.uncertain.8" type="uncertain">
      <nite:child href="Bmr030.A.words.xml#id(Bmr030.w.1,464)"/>
   </speechquality>
   <speechquality nite:id="Bmr030.emphasis.37" type="emphasis">
      <nite:child href="Bmr030.A.words.xml#id(Bmr030.w.1,500)"/>
   </speechquality>
   <speechquality nite:id="Bmr030.uncertain.10" type="uncertain" numsyllables="1.0">
      <nite:child href="Bmr030.A.words.xml#id(Bmr030.w.1,937)..id(Bmr030.w.1,938)"/>
   </speechquality>
   <speechquality nite:id="Bmr030.emphasis.45" type="emphasis">
      <nite:child href="Bmr030.A.words.xml#id(Bmr030.w.2,458)"/>
   </speechquality>
   <speechquality nite:id="Bmr030.uncertain.13" type="uncertain">
      <nite:child href="Bmr030.A.words.xml#id(Bmr030.w.2,881)"/>
   </speechquality>
   <speechquality nite:id="Bmr030.emphasis.93" type="emphasis">
      <nite:child href="Bmr030.A.words.xml#id(Bmr030.w.4,070)"/>
   </speechquality>
   <speechquality nite:id="Bmr030.emphasis.123" type="emphasis">
      <nite:child href="Bmr030.A.words.xml#id(Bmr030.w.5,155)"/>
   </speechquality>
   <speechquality nite:id="Bmr030.emphasis.126" type="emphasis">
      <nite:child href="Bmr030.A.words.xml#id(Bmr030.w.5,217)"/>
   </speechquality>
</nite:root>