<?xml version="1.0" encoding="ISO-8859-1" standalone="yes"?>
<nite:root nite:id="Bmr031.G.speech-quality" xmlns:nite="http://nite.sourceforge.net/">
   <speechquality nite:id="Bmr031.emphasis.1" type="emphasis">
      <nite:child href="Bmr031.G.words.xml#id(Bmr031.w.45)"/>
   </speechquality>
   <speechquality nite:id="Bmr031.emphasis.27" type="emphasis">
      <nite:child href="Bmr031.G.words.xml#id(Bmr031.w.1,185)"/>
   </speechquality>
   <speechquality nite:id="Bmr031.emphasis.30" type="emphasis">
      <nite:child href="Bmr031.G.words.xml#id(Bmr031.w.1,273)"/>
   </speechquality>
   <speechquality nite:id="Bmr031.uncertain.5" type="uncertain">
      <nite:child href="Bmr031.G.words.xml#id(Bmr031.w.1,383)"/>
   </speechquality>
   <speechquality nite:id="Bmr031.emphasis.31" type="emphasis">
      <nite:child href="Bmr031.G.words.xml#id(Bmr031.w.1,404)"/>
   </speechquality>
   <speechquality nite:id="Bmr031.uncertain.6" type="uncertain">
      <nite:child href="Bmr031.G.words.xml#id(Bmr031.w.1,779)..id(Bmr031.w.1,782)"/>
   </speechquality>
   <speechquality nite:id="Bmr031.uncertain.12" type="uncertain">
      <nite:child href="Bmr031.G.words.xml#id(Bmr031.w.3,503)"/>
   </speechquality>
   <speechquality nite:id="Bmr031.emphasis.68" type="emphasis">
      <nite:child href="Bmr031.G.words.xml#id(Bmr031.w.3,571)"/>
   </speechquality>
   <speechquality nite:id="Bmr031.emphasis.91" type="emphasis">
      <nite:child href="Bmr031.G.words.xml#id(Bmr031.w.4,902)"/>
   </speechquality>
   <speechquality nite:id="Bmr031.uncertain.19" type="uncertain">
      <nite:child href="Bmr031.G.words.xml#id(Bmr031.w.5,201)"/>
   </speechquality>
   <speechquality nite:id="Bmr031.emphasis.157" type="emphasis">
      <nite:child href="Bmr031.G.words.xml#id(Bmr031.w.7,860)"/>
   </speechquality>
   <speechquality nite:id="Bmr031.emphasis.159" type="emphasis">
      <nite:child href="Bmr031.G.words.xml#id(Bmr031.w.7,875)"/>
   </speechquality>
   <speechquality nite:id="Bmr031.emphasis.160" type="emphasis">
      <nite:child href="Bmr031.G.words.xml#id(Bmr031.w.7,906)"/>
   </speechquality>
   <speechquality nite:id="Bmr031.uncertain.27" type="uncertain">
      <nite:child href="Bmr031.G.words.xml#id(Bmr031.w.8,240)..id(Bmr031.w.8,243)"/>
   </speechquality>
   <speechquality nite:id="Bmr031.emphasis.173" type="emphasis">
      <nite:child href="Bmr031.G.words.xml#id(Bmr031.w.8,264)"/>
   </speechquality>
   <speechquality nite:id="Bmr031.emphasis.174" type="emphasis">
      <nite:child href="Bmr031.G.words.xml#id(Bmr031.w.8,328)..id(Bmr031.w.8,329)"/>
   </speechquality>
   <speechquality nite:id="Bmr031.emphasis.175" type="emphasis">
      <nite:child href="Bmr031.G.words.xml#id(Bmr031.w.8,337)"/>
   </speechquality>
   <speechquality nite:id="Bmr031.emphasis.176" type="emphasis">
      <nite:child href="Bmr031.G.words.xml#id(Bmr031.w.8,344)"/>
   </speechquality>
   <speechquality nite:id="Bmr031.emphasis.177" type="emphasis">
      <nite:child href="Bmr031.G.words.xml#id(Bmr031.w.8,348)"/>
   </speechquality>
   <speechquality nite:id="Bmr031.emphasis.178" type="emphasis">
      <nite:child href="Bmr031.G.words.xml#id(Bmr031.w.8,387)"/>
   </speechquality>
   <speechquality nite:id="Bmr031.emphasis.179" type="emphasis">
      <nite:child href="Bmr031.G.words.xml#id(Bmr031.w.8,396)"/>
   </speechquality>
   <speechquality nite:id="Bmr031.emphasis.180" type="emphasis">
      <nite:child href="Bmr031.G.words.xml#id(Bmr031.w.8,398)"/>
   </speechquality>
   <speechquality nite:id="Bmr031.emphasis.188" type="emphasis">
      <nite:child href="Bmr031.G.words.xml#id(Bmr031.w.8,556)"/>
   </speechquality>
   <speechquality nite:id="Bmr031.emphasis.189" type="emphasis">
      <nite:child href="Bmr031.G.words.xml#id(Bmr031.w.8,561)"/>
   </speechquality>
   <speechquality nite:id="Bmr031.emphasis.190" type="emphasis">
      <nite:child href="Bmr031.G.words.xml#id(Bmr031.w.8,628)"/>
   </speechquality>
   <speechquality nite:id="Bmr031.emphasis.192" type="emphasis">
      <nite:child href="Bmr031.G.words.xml#id(Bmr031.w.8,676)"/>
   </speechquality>
   <speechquality nite:id="Bmr031.uncertain.29" type="uncertain">
      <nite:child href="Bmr031.G.words.xml#id(Bmr031.w.9,203)..id(Bmr031.w.9,204)"/>
   </speechquality>
   <speechquality nite:id="Bmr031.emphasis.206" type="emphasis">
      <nite:child href="Bmr031.G.words.xml#id(Bmr031.w.9,211)"/>
   </speechquality>
   <speechquality nite:id="Bmr031.emphasis.207" type="emphasis">
      <nite:child href="Bmr031.G.words.xml#id(Bmr031.w.9,214)..id(Bmr031.w.9,215)"/>
   </speechquality>
   <speechquality nite:id="Bmr031.emphasis.218" type="emphasis">
      <nite:child href="Bmr031.G.words.xml#id(Bmr031.w.9,736)"/>
   </speechquality>
   <speechquality nite:id="Bmr031.emphasis.219" type="emphasis">
      <nite:child href="Bmr031.G.words.xml#id(Bmr031.w.9,740)"/>
   </speechquality>
   <speechquality nite:id="Bmr031.emphasis.220" type="emphasis">
      <nite:child href="Bmr031.G.words.xml#id(Bmr031.w.9,749)"/>
   </speechquality>
   <speechquality nite:id="Bmr031.emphasis.221" type="emphasis">
      <nite:child href="Bmr031.G.words.xml#id(Bmr031.w.9,755)"/>
   </speechquality>
   <speechquality nite:id="Bmr031.emphasis.222" type="emphasis">
      <nite:child href="Bmr031.G.words.xml#id(Bmr031.w.9,756)..id(Bmr031.w.9,757)"/>
   </speechquality>
   <speechquality nite:id="Bmr031.uncertain.31" type="uncertain" numsyllables="4.0">
      <nite:child href="Bmr031.G.words.xml#id(Bmr031.w.9,893)..id(Bmr031.w.9,894)"/>
   </speechquality>
   <speechquality nite:id="Bmr031.emphasis.234" type="emphasis">
      <nite:child href="Bmr031.G.words.xml#id(Bmr031.w.9,923)"/>
   </speechquality>
   <speechquality nite:id="Bmr031.emphasis.235" type="emphasis">
      <nite:child href="Bmr031.G.words.xml#id(Bmr031.w.9,948)"/>
   </speechquality>
   <speechquality nite:id="Bmr031.emphasis.236" type="emphasis">
      <nite:child href="Bmr031.G.words.xml#id(Bmr031.w.10,015)..id(Bmr031.w.10,016)"/>
   </speechquality>
   <speechquality nite:id="Bmr031.emphasis.237" type="emphasis">
      <nite:child href="Bmr031.G.words.xml#id(Bmr031.w.10,073)"/>
   </speechquality>
   <speechquality nite:id="Bmr031.emphasis.238" type="emphasis">
      <nite:child href="Bmr031.G.words.xml#id(Bmr031.w.10,091)"/>
   </speechquality>
   <speechquality nite:id="Bmr031.emphasis.248" type="emphasis">
      <nite:child href="Bmr031.G.words.xml#id(Bmr031.w.10,267)"/>
   </speechquality>
   <speechquality nite:id="Bmr031.emphasis.249" type="emphasis">
      <nite:child href="Bmr031.G.words.xml#id(Bmr031.w.10,277)"/>
   </speechquality>
   <speechquality nite:id="Bmr031.emphasis.250" type="emphasis">
      <nite:child href="Bmr031.G.words.xml#id(Bmr031.w.10,285)"/>
   </speechquality>
   <speechquality nite:id="Bmr031.emphasis.251" type="emphasis">
      <nite:child href="Bmr031.G.words.xml#id(Bmr031.w.10,288)"/>
   </speechquality>
   <speechquality nite:id="Bmr031.emphasis.252" type="emphasis">
      <nite:child href="Bmr031.G.words.xml#id(Bmr031.w.10,301)"/>
   </speechquality>
   <speechquality nite:id="Bmr031.emphasis.253" type="emphasis">
      <nite:child href="Bmr031.G.words.xml#id(Bmr031.w.10,314)"/>
   </speechquality>
   <speechquality nite:id="Bmr031.emphasis.254" type="emphasis">
      <nite:child href="Bmr031.G.words.xml#id(Bmr031.w.10,319)"/>
   </speechquality>
   <speechquality nite:id="Bmr031.emphasis.255" type="emphasis">
      <nite:child href="Bmr031.G.words.xml#id(Bmr031.w.10,354)"/>
   </speechquality>
   <speechquality nite:id="Bmr031.emphasis.256" type="emphasis">
      <nite:child href="Bmr031.G.words.xml#id(Bmr031.w.10,403)"/>
   </speechquality>
   <speechquality nite:id="Bmr031.emphasis.257" type="emphasis">
      <nite:child href="Bmr031.G.words.xml#id(Bmr031.w.10,477)"/>
   </speechquality>
   <speechquality nite:id="Bmr031.emphasis.276" type="emphasis">
      <nite:child href="Bmr031.G.words.xml#id(Bmr031.w.10,774)"/>
   </speechquality>
   <speechquality nite:id="Bmr031.emphasis.278" type="emphasis">
      <nite:child href="Bmr031.G.words.xml#id(Bmr031.w.10,802)"/>
   </speechquality>
   <speechquality nite:id="Bmr031.emphasis.296" type="emphasis">
      <nite:child href="Bmr031.G.words.xml#id(Bmr031.w.11,113)"/>
   </speechquality>
   <speechquality nite:id="Bmr031.emphasis.298" type="emphasis">
      <nite:child href="Bmr031.G.words.xml#id(Bmr031.w.11,241)"/>
   </speechquality>
   <speechquality nite:id="Bmr031.emphasis.299" type="emphasis">
      <nite:child href="Bmr031.G.words.xml#id(Bmr031.w.11,249)"/>
   </speechquality>
   <speechquality nite:id="Bmr031.emphasis.300" type="emphasis">
      <nite:child href="Bmr031.G.words.xml#id(Bmr031.w.11,259)"/>
   </speechquality>
   <speechquality nite:id="Bmr031.emphasis.301" type="emphasis">
      <nite:child href="Bmr031.G.words.xml#id(Bmr031.w.11,260)..id(Bmr031.w.11,261)"/>
   </speechquality>
   <speechquality nite:id="Bmr031.emphasis.333" type="emphasis">
      <nite:child href="Bmr031.G.words.xml#id(Bmr031.w.12,453)..id(Bmr031.w.12,454)"/>
   </speechquality>
   <speechquality nite:id="Bmr031.emphasis.366" type="emphasis">
      <nite:child href="Bmr031.G.words.xml#id(Bmr031.w.13,231)"/>
   </speechquality>
   <speechquality nite:id="Bmr031.emphasis.367" type="emphasis">
      <nite:child href="Bmr031.G.words.xml#id(Bmr031.w.13,238)"/>
   </speechquality>
   <speechquality nite:id="Bmr031.emphasis.368" type="emphasis">
      <nite:child href="Bmr031.G.words.xml#id(Bmr031.w.13,246)..id(Bmr031.w.13,247)"/>
   </speechquality>
   <speechquality nite:id="Bmr031.uncertain.44" type="uncertain" numsyllables="2.0">
      <nite:child href="Bmr031.G.words.xml#id(Bmr031.w.13,365)..id(Bmr031.w.13,366)"/>
   </speechquality>
   <speechquality nite:id="Bmr031.emphasis.402" type="emphasis">
      <nite:child href="Bmr031.G.words.xml#id(Bmr031.w.14,303)"/>
   </speechquality>
</nite:root>