<?xml version="1.0" encoding="ISO-8859-1" standalone="yes"?>
<nite:root nite:id="Bmr023.A.speech-quality" xmlns:nite="http://nite.sourceforge.net/">
   <speechquality nite:id="Bmr023.emphasis.58" type="emphasis">
      <nite:child href="Bmr023.A.words.xml#id(Bmr023.w.1,853)"/>
   </speechquality>
   <speechquality nite:id="Bmr023.emphasis.59" type="emphasis">
      <nite:child href="Bmr023.A.words.xml#id(Bmr023.w.1,854)..id(Bmr023.w.1,855)"/>
   </speechquality>
   <speechquality nite:id="Bmr023.emphasis.85" type="emphasis">
      <nite:child href="Bmr023.A.words.xml#id(Bmr023.w.2,649)"/>
   </speechquality>
   <speechquality nite:id="Bmr023.emphasis.86" type="emphasis">
      <nite:child href="Bmr023.A.words.xml#id(Bmr023.w.2,661)..id(Bmr023.w.2,662)"/>
   </speechquality>
   <speechquality nite:id="Bmr023.emphasis.87" type="emphasis">
      <nite:child href="Bmr023.A.words.xml#id(Bmr023.w.2,683)"/>
   </speechquality>
   <speechquality nite:id="Bmr023.emphasis.88" type="emphasis">
      <nite:child href="Bmr023.A.words.xml#id(Bmr023.w.2,695)..id(Bmr023.w.2,696)"/>
   </speechquality>
   <speechquality nite:id="Bmr023.emphasis.89" type="emphasis">
      <nite:child href="Bmr023.A.words.xml#id(Bmr023.w.2,732)"/>
   </speechquality>
   <speechquality nite:id="Bmr023.emphasis.90" type="emphasis">
      <nite:child href="Bmr023.A.words.xml#id(Bmr023.w.2,754)"/>
   </speechquality>
   <speechquality nite:id="Bmr023.emphasis.92" type="emphasis">
      <nite:child href="Bmr023.A.words.xml#id(Bmr023.w.2,776)"/>
   </speechquality>
   <speechquality nite:id="Bmr023.emphasis.93" type="emphasis">
      <nite:child href="Bmr023.A.words.xml#id(Bmr023.w.2,809)"/>
   </speechquality>
   <speechquality nite:id="Bmr023.emphasis.94" type="emphasis">
      <nite:child href="Bmr023.A.words.xml#id(Bmr023.w.2,821)..id(Bmr023.w.2,822)"/>
   </speechquality>
   <speechquality nite:id="Bmr023.emphasis.95" type="emphasis">
      <nite:child href="Bmr023.A.words.xml#id(Bmr023.w.2,835)..id(Bmr023.w.2,836)"/>
   </speechquality>
   <speechquality nite:id="Bmr023.emphasis.96" type="emphasis">
      <nite:child href="Bmr023.A.words.xml#id(Bmr023.w.2,841)..id(Bmr023.w.2,842)"/>
   </speechquality>
   <speechquality nite:id="Bmr023.emphasis.97" type="emphasis">
      <nite:child href="Bmr023.A.words.xml#id(Bmr023.w.2,881)..id(Bmr023.w.2,882)"/>
   </speechquality>
   <speechquality nite:id="Bmr023.emphasis.99" type="emphasis">
      <nite:child href="Bmr023.A.words.xml#id(Bmr023.w.3,043)"/>
   </speechquality>
   <speechquality nite:id="Bmr023.emphasis.100" type="emphasis">
      <nite:child href="Bmr023.A.words.xml#id(Bmr023.w.3,057)"/>
   </speechquality>
   <speechquality nite:id="Bmr023.emphasis.101" type="emphasis">
      <nite:child href="Bmr023.A.words.xml#id(Bmr023.w.3,073)..id(Bmr023.w.3,074)"/>
   </speechquality>
   <speechquality nite:id="Bmr023.emphasis.102" type="emphasis">
      <nite:child href="Bmr023.A.words.xml#id(Bmr023.w.3,092)"/>
   </speechquality>
   <speechquality nite:id="Bmr023.emphasis.103" type="emphasis">
      <nite:child href="Bmr023.A.words.xml#id(Bmr023.w.3,108)"/>
   </speechquality>
   <speechquality nite:id="Bmr023.emphasis.104" type="emphasis">
      <nite:child href="Bmr023.A.words.xml#id(Bmr023.w.3,110)"/>
   </speechquality>
   <speechquality nite:id="Bmr023.emphasis.105" type="emphasis">
      <nite:child href="Bmr023.A.words.xml#id(Bmr023.w.3,112)"/>
   </speechquality>
   <speechquality nite:id="Bmr023.emphasis.106" type="emphasis">
      <nite:child href="Bmr023.A.words.xml#id(Bmr023.w.3,122)"/>
   </speechquality>
   <speechquality nite:id="Bmr023.emphasis.115" type="emphasis">
      <nite:child href="Bmr023.A.words.xml#id(Bmr023.w.3,360)..id(Bmr023.w.3,361)"/>
   </speechquality>
   <speechquality nite:id="Bmr023.emphasis.119" type="emphasis">
      <nite:child href="Bmr023.A.words.xml#id(Bmr023.w.3,583)"/>
   </speechquality>
   <speechquality nite:id="Bmr023.emphasis.120" type="emphasis">
      <nite:child href="Bmr023.A.words.xml#id(Bmr023.w.3,672)"/>
   </speechquality>
   <speechquality nite:id="Bmr023.emphasis.121" type="emphasis">
      <nite:child href="Bmr023.A.words.xml#id(Bmr023.w.3,702)"/>
   </speechquality>
   <speechquality nite:id="Bmr023.emphasis.122" type="emphasis">
      <nite:child href="Bmr023.A.words.xml#id(Bmr023.w.3,853)"/>
   </speechquality>
   <speechquality nite:id="Bmr023.emphasis.123" type="emphasis">
      <nite:child href="Bmr023.A.words.xml#id(Bmr023.w.3,861)"/>
   </speechquality>
   <speechquality nite:id="Bmr023.emphasis.124" type="emphasis">
      <nite:child href="Bmr023.A.words.xml#id(Bmr023.w.3,865)"/>
   </speechquality>
   <speechquality nite:id="Bmr023.emphasis.125" type="emphasis">
      <nite:child href="Bmr023.A.words.xml#id(Bmr023.w.3,868)"/>
   </speechquality>
   <speechquality nite:id="Bmr023.emphasis.126" type="emphasis">
      <nite:child href="Bmr023.A.words.xml#id(Bmr023.w.3,909)"/>
   </speechquality>
   <speechquality nite:id="Bmr023.emphasis.127" type="emphasis">
      <nite:child href="Bmr023.A.words.xml#id(Bmr023.w.4,064)"/>
   </speechquality>
   <speechquality nite:id="Bmr023.emphasis.128" type="emphasis">
      <nite:child href="Bmr023.A.words.xml#id(Bmr023.w.4,074)"/>
   </speechquality>
   <speechquality nite:id="Bmr023.emphasis.129" type="emphasis">
      <nite:child href="Bmr023.A.words.xml#id(Bmr023.w.4,106)"/>
   </speechquality>
   <speechquality nite:id="Bmr023.uncertain.8" type="uncertain" numsyllables="3.0">
      <nite:child href="Bmr023.A.words.xml#id(Bmr023.w.4,133)..id(Bmr023.w.4,134)"/>
   </speechquality>
   <speechquality nite:id="Bmr023.emphasis.130" type="emphasis">
      <nite:child href="Bmr023.A.words.xml#id(Bmr023.w.4,140)"/>
   </speechquality>
   <speechquality nite:id="Bmr023.emphasis.131" type="emphasis">
      <nite:child href="Bmr023.A.words.xml#id(Bmr023.w.4,153)"/>
   </speechquality>
   <speechquality nite:id="Bmr023.uncertain.9" type="uncertain" numsyllables="2.0">
      <nite:child href="Bmr023.A.words.xml#id(Bmr023.w.4,168)..id(Bmr023.w.4,169)"/>
   </speechquality>
   <speechquality nite:id="Bmr023.uncertain.10" type="uncertain">
      <nite:child href="Bmr023.A.words.xml#id(Bmr023.w.4,270)..id(Bmr023.w.4,272)"/>
   </speechquality>
   <speechquality nite:id="Bmr023.emphasis.136" type="emphasis">
      <nite:child href="Bmr023.A.words.xml#id(Bmr023.w.4,846)"/>
   </speechquality>
   <speechquality nite:id="Bmr023.emphasis.137" type="emphasis">
      <nite:child href="Bmr023.A.words.xml#id(Bmr023.w.4,920)..id(Bmr023.w.4,921)"/>
   </speechquality>
   <speechquality nite:id="Bmr023.emphasis.139" type="emphasis">
      <nite:child href="Bmr023.A.words.xml#id(Bmr023.w.5,025)"/>
   </speechquality>
   <speechquality nite:id="Bmr023.emphasis.144" type="emphasis">
      <nite:child href="Bmr023.A.words.xml#id(Bmr023.w.5,244)"/>
   </speechquality>
   <speechquality nite:id="Bmr023.emphasis.145" type="emphasis">
      <nite:child href="Bmr023.A.words.xml#id(Bmr023.w.5,253)"/>
   </speechquality>
   <speechquality nite:id="Bmr023.emphasis.146" type="emphasis">
      <nite:child href="Bmr023.A.words.xml#id(Bmr023.w.5,258)"/>
   </speechquality>
   <speechquality nite:id="Bmr023.emphasis.147" type="emphasis">
      <nite:child href="Bmr023.A.words.xml#id(Bmr023.w.5,262)"/>
   </speechquality>
   <speechquality nite:id="Bmr023.uncertain.11" type="uncertain" numsyllables="1.0">
      <nite:child href="Bmr023.A.words.xml#id(Bmr023.w.5,266)..id(Bmr023.w.5,267)"/>
   </speechquality>
   <speechquality nite:id="Bmr023.emphasis.148" type="emphasis">
      <nite:child href="Bmr023.A.words.xml#id(Bmr023.w.5,286)"/>
   </speechquality>
   <speechquality nite:id="Bmr023.emphasis.156" type="emphasis">
      <nite:child href="Bmr023.A.words.xml#id(Bmr023.w.5,551)"/>
   </speechquality>
   <speechquality nite:id="Bmr023.emphasis.157" type="emphasis">
      <nite:child href="Bmr023.A.words.xml#id(Bmr023.w.5,612)"/>
   </speechquality>
   <speechquality nite:id="Bmr023.emphasis.177" type="emphasis">
      <nite:child href="Bmr023.A.words.xml#id(Bmr023.w.6,115)"/>
   </speechquality>
   <speechquality nite:id="Bmr023.emphasis.517" type="emphasis">
      <nite:child href="Bmr023.A.words.xml#id(Bmr023.w.12,771)..id(Bmr023.w.12,772)"/>
   </speechquality>
   <speechquality nite:id="Bmr023.emphasis.518" type="emphasis">
      <nite:child href="Bmr023.A.words.xml#id(Bmr023.w.12,773)"/>
   </speechquality>
   <speechquality nite:id="Bmr023.emphasis.519" type="emphasis">
      <nite:child href="Bmr023.A.words.xml#id(Bmr023.w.12,781)..id(Bmr023.w.12,782)"/>
   </speechquality>
   <speechquality nite:id="Bmr023.emphasis.520" type="emphasis">
      <nite:child href="Bmr023.A.words.xml#id(Bmr023.w.12,783)"/>
   </speechquality>
</nite:root>