<?xml version="1.0" encoding="ISO-8859-1" standalone="yes"?>
<nite:root nite:id="Bmr023.B.speech-quality" xmlns:nite="http://nite.sourceforge.net/">
   <speechquality nite:id="Bmr023.uncertain.12" type="uncertain">
      <nite:child href="Bmr023.B.words.xml#id(Bmr023.w.6,085)..id(Bmr023.w.6,090)"/>
   </speechquality>
   <speechquality nite:id="Bmr023.emphasis.199" type="emphasis">
      <nite:child href="Bmr023.B.words.xml#id(Bmr023.w.6,689)"/>
   </speechquality>
   <speechquality nite:id="Bmr023.emphasis.530" type="emphasis">
      <nite:child href="Bmr023.B.words.xml#id(Bmr023.w.13,268)..id(Bmr023.w.13,269)"/>
   </speechquality>
</nite:root>