<?xml version="1.0" encoding="ISO-8859-1" standalone="yes"?>
<nite:root nite:id="Bmr031.F.speech-quality" xmlns:nite="http://nite.sourceforge.net/">
   <speechquality nite:id="Bmr031.emphasis.2" type="emphasis">
      <nite:child href="Bmr031.F.words.xml#id(Bmr031.w.204)"/>
   </speechquality>
   <speechquality nite:id="Bmr031.emphasis.5" type="emphasis">
      <nite:child href="Bmr031.F.words.xml#id(Bmr031.w.356)"/>
   </speechquality>
   <speechquality nite:id="Bmr031.uncertain.1" type="uncertain" numsyllables="1.0">
      <nite:child href="Bmr031.F.words.xml#id(Bmr031.w.366)..id(Bmr031.w.367)"/>
   </speechquality>
   <speechquality nite:id="Bmr031.uncertain.4" type="uncertain">
      <nite:child href="Bmr031.F.words.xml#id(Bmr031.w.712)"/>
   </speechquality>
   <speechquality nite:id="Bmr031.emphasis.8" type="emphasis">
      <nite:child href="Bmr031.F.words.xml#id(Bmr031.w.735)..id(Bmr031.w.736)"/>
   </speechquality>
   <speechquality nite:id="Bmr031.emphasis.25" type="emphasis">
      <nite:child href="Bmr031.F.words.xml#id(Bmr031.w.1,108)..id(Bmr031.w.1,109)"/>
   </speechquality>
   <speechquality nite:id="Bmr031.emphasis.28" type="emphasis">
      <nite:child href="Bmr031.F.words.xml#id(Bmr031.w.1,226)"/>
   </speechquality>
   <speechquality nite:id="Bmr031.emphasis.34" type="emphasis">
      <nite:child href="Bmr031.F.words.xml#id(Bmr031.w.1,826)"/>
   </speechquality>
   <speechquality nite:id="Bmr031.emphasis.35" type="emphasis">
      <nite:child href="Bmr031.F.words.xml#id(Bmr031.w.1,842)"/>
   </speechquality>
   <speechquality nite:id="Bmr031.emphasis.36" type="emphasis">
      <nite:child href="Bmr031.F.words.xml#id(Bmr031.w.1,844)"/>
   </speechquality>
   <speechquality nite:id="Bmr031.emphasis.37" type="emphasis">
      <nite:child href="Bmr031.F.words.xml#id(Bmr031.w.1,846)"/>
   </speechquality>
   <speechquality nite:id="Bmr031.uncertain.7" type="uncertain">
      <nite:child href="Bmr031.F.words.xml#id(Bmr031.w.1,990)"/>
   </speechquality>
   <speechquality nite:id="Bmr031.emphasis.42" type="emphasis">
      <nite:child href="Bmr031.F.words.xml#id(Bmr031.w.2,057)"/>
   </speechquality>
   <speechquality nite:id="Bmr031.uncertain.8" type="uncertain">
      <nite:child href="Bmr031.F.words.xml#id(Bmr031.w.2,105)..id(Bmr031.w.2,106)"/>
   </speechquality>
   <speechquality nite:id="Bmr031.emphasis.43" type="emphasis">
      <nite:child href="Bmr031.F.words.xml#id(Bmr031.w.2,135)"/>
   </speechquality>
   <speechquality nite:id="Bmr031.emphasis.63" type="emphasis">
      <nite:child href="Bmr031.F.words.xml#id(Bmr031.w.3,352)"/>
   </speechquality>
   <speechquality nite:id="Bmr031.emphasis.64" type="emphasis">
      <nite:child href="Bmr031.F.words.xml#id(Bmr031.w.3,383)"/>
   </speechquality>
   <speechquality nite:id="Bmr031.emphasis.77" type="emphasis">
      <nite:child href="Bmr031.F.words.xml#id(Bmr031.w.4,173)"/>
   </speechquality>
   <speechquality nite:id="Bmr031.emphasis.78" type="emphasis">
      <nite:child href="Bmr031.F.words.xml#id(Bmr031.w.4,176)..id(Bmr031.w.4,177)"/>
   </speechquality>
   <speechquality nite:id="Bmr031.emphasis.84" type="emphasis">
      <nite:child href="Bmr031.F.words.xml#id(Bmr031.w.4,564)..id(Bmr031.w.4,565)"/>
   </speechquality>
   <speechquality nite:id="Bmr031.emphasis.86" type="emphasis">
      <nite:child href="Bmr031.F.words.xml#id(Bmr031.w.4,756)"/>
   </speechquality>
   <speechquality nite:id="Bmr031.emphasis.92" type="emphasis">
      <nite:child href="Bmr031.F.words.xml#id(Bmr031.w.5,020)"/>
   </speechquality>
   <speechquality nite:id="Bmr031.emphasis.93" type="emphasis">
      <nite:child href="Bmr031.F.words.xml#id(Bmr031.w.5,023)"/>
   </speechquality>
   <speechquality nite:id="Bmr031.emphasis.94" type="emphasis">
      <nite:child href="Bmr031.F.words.xml#id(Bmr031.w.5,028)"/>
   </speechquality>
   <speechquality nite:id="Bmr031.emphasis.95" type="emphasis">
      <nite:child href="Bmr031.F.words.xml#id(Bmr031.w.5,033)"/>
   </speechquality>
   <speechquality nite:id="Bmr031.emphasis.97" type="emphasis">
      <nite:child href="Bmr031.F.words.xml#id(Bmr031.w.5,210)"/>
   </speechquality>
   <speechquality nite:id="Bmr031.emphasis.109" type="emphasis">
      <nite:child href="Bmr031.F.words.xml#id(Bmr031.w.5,617)"/>
   </speechquality>
   <speechquality nite:id="Bmr031.emphasis.110" type="emphasis">
      <nite:child href="Bmr031.F.words.xml#id(Bmr031.w.5,621)..id(Bmr031.w.5,623)"/>
   </speechquality>
   <speechquality nite:id="Bmr031.emphasis.115" type="emphasis">
      <nite:child href="Bmr031.F.words.xml#id(Bmr031.w.5,746)"/>
   </speechquality>
   <speechquality nite:id="Bmr031.emphasis.118" type="emphasis">
      <nite:child href="Bmr031.F.words.xml#id(Bmr031.w.5,876)"/>
   </speechquality>
   <speechquality nite:id="Bmr031.emphasis.119" type="emphasis">
      <nite:child href="Bmr031.F.words.xml#id(Bmr031.w.5,885)"/>
   </speechquality>
   <speechquality nite:id="Bmr031.emphasis.123" type="emphasis">
      <nite:child href="Bmr031.F.words.xml#id(Bmr031.w.5,944)"/>
   </speechquality>
   <speechquality nite:id="Bmr031.emphasis.124" type="emphasis">
      <nite:child href="Bmr031.F.words.xml#id(Bmr031.w.5,950)"/>
   </speechquality>
   <speechquality nite:id="Bmr031.emphasis.129" type="emphasis">
      <nite:child href="Bmr031.F.words.xml#id(Bmr031.w.6,100)..id(Bmr031.w.6,101)"/>
   </speechquality>
   <speechquality nite:id="Bmr031.emphasis.130" type="emphasis">
      <nite:child href="Bmr031.F.words.xml#id(Bmr031.w.6,133)"/>
   </speechquality>
   <speechquality nite:id="Bmr031.emphasis.147" type="emphasis">
      <nite:child href="Bmr031.F.words.xml#id(Bmr031.w.7,104)"/>
   </speechquality>
   <speechquality nite:id="Bmr031.emphasis.149" type="emphasis">
      <nite:child href="Bmr031.F.words.xml#id(Bmr031.w.7,353)"/>
   </speechquality>
   <speechquality nite:id="Bmr031.emphasis.151" type="emphasis">
      <nite:child href="Bmr031.F.words.xml#id(Bmr031.w.7,415)"/>
   </speechquality>
   <speechquality nite:id="Bmr031.emphasis.153" type="emphasis">
      <nite:child href="Bmr031.F.words.xml#id(Bmr031.w.7,544)"/>
   </speechquality>
   <speechquality nite:id="Bmr031.uncertain.23" type="uncertain">
      <nite:child href="Bmr031.F.words.xml#id(Bmr031.w.7,648)"/>
   </speechquality>
   <speechquality nite:id="Bmr031.uncertain.25" type="uncertain">
      <nite:child href="Bmr031.F.words.xml#id(Bmr031.w.8,019)..id(Bmr031.disfmarker.316)"/>
   </speechquality>
   <speechquality nite:id="Bmr031.emphasis.162" type="emphasis">
      <nite:child href="Bmr031.F.words.xml#id(Bmr031.w.8,040)..id(Bmr031.w.8,041)"/>
   </speechquality>
   <speechquality nite:id="Bmr031.emphasis.164" type="emphasis">
      <nite:child href="Bmr031.F.words.xml#id(Bmr031.w.8,085)"/>
   </speechquality>
   <speechquality nite:id="Bmr031.emphasis.165" type="emphasis">
      <nite:child href="Bmr031.F.words.xml#id(Bmr031.w.8,121)"/>
   </speechquality>
   <speechquality nite:id="Bmr031.emphasis.166" type="emphasis">
      <nite:child href="Bmr031.F.words.xml#id(Bmr031.w.8,134)"/>
   </speechquality>
   <speechquality nite:id="Bmr031.emphasis.167" type="emphasis">
      <nite:child href="Bmr031.F.words.xml#id(Bmr031.w.8,136)"/>
   </speechquality>
   <speechquality nite:id="Bmr031.emphasis.168" type="emphasis">
      <nite:child href="Bmr031.F.words.xml#id(Bmr031.w.8,171)"/>
   </speechquality>
   <speechquality nite:id="Bmr031.emphasis.169" type="emphasis">
      <nite:child href="Bmr031.F.words.xml#id(Bmr031.w.8,172)"/>
   </speechquality>
   <speechquality nite:id="Bmr031.emphasis.171" type="emphasis">
      <nite:child href="Bmr031.F.words.xml#id(Bmr031.w.8,238)"/>
   </speechquality>
   <speechquality nite:id="Bmr031.emphasis.172" type="emphasis">
      <nite:child href="Bmr031.F.words.xml#id(Bmr031.w.8,244)"/>
   </speechquality>
   <speechquality nite:id="Bmr031.emphasis.191" type="emphasis">
      <nite:child href="Bmr031.F.words.xml#id(Bmr031.w.8,646)"/>
   </speechquality>
   <speechquality nite:id="Bmr031.uncertain.28" type="uncertain">
      <nite:child href="Bmr031.F.words.xml#id(Bmr031.w.8,738)..id(Bmr031.w.8,739)"/>
   </speechquality>
   <speechquality nite:id="Bmr031.emphasis.196" type="emphasis">
      <nite:child href="Bmr031.F.words.xml#id(Bmr031.w.8,828)"/>
   </speechquality>
   <speechquality nite:id="Bmr031.emphasis.200" type="emphasis">
      <nite:child href="Bmr031.F.words.xml#id(Bmr031.w.8,984)..id(Bmr031.w.8,985)"/>
   </speechquality>
   <speechquality nite:id="Bmr031.emphasis.203" type="emphasis">
      <nite:child href="Bmr031.F.words.xml#id(Bmr031.w.9,023)..id(Bmr031.w.9,024)"/>
   </speechquality>
   <speechquality nite:id="Bmr031.emphasis.212" type="emphasis">
      <nite:child href="Bmr031.F.words.xml#id(Bmr031.w.9,440)"/>
   </speechquality>
   <speechquality nite:id="Bmr031.emphasis.274" type="emphasis">
      <nite:child href="Bmr031.F.words.xml#id(Bmr031.w.10,757)..id(Bmr031.w.10,758)"/>
   </speechquality>
   <speechquality nite:id="Bmr031.emphasis.275" type="emphasis">
      <nite:child href="Bmr031.F.words.xml#id(Bmr031.w.10,764)..id(Bmr031.w.10,765)"/>
   </speechquality>
   <speechquality nite:id="Bmr031.uncertain.37" type="uncertain">
      <nite:child href="Bmr031.F.words.xml#id(Bmr031.w.11,024)..id(Bmr031.w.11,025)"/>
   </speechquality>
   <speechquality nite:id="Bmr031.uncertain.39" type="uncertain" numsyllables="2.0">
      <nite:child href="Bmr031.F.words.xml#id(Bmr031.w.11,899)..id(Bmr031.w.11,900)"/>
   </speechquality>
   <speechquality nite:id="Bmr031.emphasis.405" type="emphasis">
      <nite:child href="Bmr031.F.words.xml#id(Bmr031.w.14,721)"/>
   </speechquality>
   <speechquality nite:id="Bmr031.emphasis.407" type="emphasis">
      <nite:child href="Bmr031.F.words.xml#id(Bmr031.w.14,819)"/>
   </speechquality>
   <speechquality nite:id="Bmr031.emphasis.408" type="emphasis">
      <nite:child href="Bmr031.F.words.xml#id(Bmr031.w.14,947)"/>
   </speechquality>
   <speechquality nite:id="Bmr031.emphasis.410" type="emphasis">
      <nite:child href="Bmr031.F.words.xml#id(Bmr031.w.15,032)"/>
   </speechquality>
   <speechquality nite:id="Bmr031.emphasis.413" type="emphasis">
      <nite:child href="Bmr031.F.words.xml#id(Bmr031.w.15,248)"/>
   </speechquality>
   <speechquality nite:id="Bmr031.emphasis.414" type="emphasis">
      <nite:child href="Bmr031.F.words.xml#id(Bmr031.w.15,382)"/>
   </speechquality>
   <speechquality nite:id="Bmr031.emphasis.416" type="emphasis">
      <nite:child href="Bmr031.F.words.xml#id(Bmr031.w.15,433)"/>
   </speechquality>
</nite:root>