<?xml version="1.0" encoding="ISO-8859-1" standalone="yes"?>
<nite:root nite:id="Bmr001.C.speech-quality" xmlns:nite="http://nite.sourceforge.net/">
   <speechquality nite:id="Bmr001.emphasis.1" type="emphasis">
      <nite:child href="Bmr001.C.words.xml#id(Bmr001.w.53)..id(Bmr001.w.54)"/>
   </speechquality>
   <speechquality nite:id="Bmr001.emphasis.2" type="emphasis">
      <nite:child href="Bmr001.C.words.xml#id(Bmr001.w.69)"/>
   </speechquality>
   <speechquality nite:id="Bmr001.emphasis.3" type="emphasis">
      <nite:child href="Bmr001.C.words.xml#id(Bmr001.w.157)..id(Bmr001.w.158)"/>
   </speechquality>
   <speechquality nite:id="Bmr001.emphasis.4" type="emphasis">
      <nite:child href="Bmr001.C.words.xml#id(Bmr001.w.189)..id(Bmr001.w.190)"/>
   </speechquality>
   <speechquality nite:id="Bmr001.emphasis.6" type="emphasis">
      <nite:child href="Bmr001.C.words.xml#id(Bmr001.w.345)"/>
   </speechquality>
   <speechquality nite:id="Bmr001.emphasis.7" type="emphasis">
      <nite:child href="Bmr001.C.words.xml#id(Bmr001.w.359)..id(Bmr001.w.360)"/>
   </speechquality>
   <speechquality nite:id="Bmr001.emphasis.8" type="emphasis">
      <nite:child href="Bmr001.C.words.xml#id(Bmr001.w.421)"/>
   </speechquality>
   <speechquality nite:id="Bmr001.emphasis.9" type="emphasis">
      <nite:child href="Bmr001.C.words.xml#id(Bmr001.w.682)"/>
   </speechquality>
   <speechquality nite:id="Bmr001.emphasis.10" type="emphasis">
      <nite:child href="Bmr001.C.words.xml#id(Bmr001.w.692)..id(Bmr001.w.693)"/>
   </speechquality>
   <speechquality nite:id="Bmr001.emphasis.13" type="emphasis">
      <nite:child href="Bmr001.C.words.xml#id(Bmr001.w.1,046)"/>
   </speechquality>
   <speechquality nite:id="Bmr001.emphasis.14" type="emphasis">
      <nite:child href="Bmr001.C.words.xml#id(Bmr001.w.1,054)..id(Bmr001.w.1,055)"/>
   </speechquality>
   <speechquality nite:id="Bmr001.uncertain.4" type="uncertain">
      <nite:child href="Bmr001.C.words.xml#id(Bmr001.w.1,078)"/>
   </speechquality>
   <speechquality nite:id="Bmr001.emphasis.15" type="emphasis">
      <nite:child href="Bmr001.C.words.xml#id(Bmr001.w.1,110)"/>
   </speechquality>
   <speechquality nite:id="Bmr001.emphasis.16" type="emphasis">
      <nite:child href="Bmr001.C.words.xml#id(Bmr001.w.1,152)"/>
   </speechquality>
   <speechquality nite:id="Bmr001.emphasis.17" type="emphasis">
      <nite:child href="Bmr001.C.words.xml#id(Bmr001.w.1,167)..id(Bmr001.w.1,168)"/>
   </speechquality>
   <speechquality nite:id="Bmr001.emphasis.18" type="emphasis">
      <nite:child href="Bmr001.C.words.xml#id(Bmr001.w.1,255)..id(Bmr001.w.1,256)"/>
   </speechquality>
   <speechquality nite:id="Bmr001.emphasis.19" type="emphasis">
      <nite:child href="Bmr001.C.words.xml#id(Bmr001.w.1,262)..id(Bmr001.w.1,263)"/>
   </speechquality>
   <speechquality nite:id="Bmr001.emphasis.20" type="emphasis">
      <nite:child href="Bmr001.C.words.xml#id(Bmr001.w.1,277)..id(Bmr001.w.1,278)"/>
   </speechquality>
   <speechquality nite:id="Bmr001.emphasis.21" type="emphasis">
      <nite:child href="Bmr001.C.words.xml#id(Bmr001.w.1,282)"/>
   </speechquality>
   <speechquality nite:id="Bmr001.uncertain.5" type="uncertain">
      <nite:child href="Bmr001.C.words.xml#id(Bmr001.w.1,305)"/>
   </speechquality>
   <speechquality nite:id="Bmr001.emphasis.22" type="emphasis">
      <nite:child href="Bmr001.C.words.xml#id(Bmr001.w.1,366)"/>
   </speechquality>
   <speechquality nite:id="Bmr001.emphasis.25" type="emphasis">
      <nite:child href="Bmr001.C.words.xml#id(Bmr001.w.1,766)..id(Bmr001.w.1,767)"/>
   </speechquality>
   <speechquality nite:id="Bmr001.emphasis.26" type="emphasis">
      <nite:child href="Bmr001.C.words.xml#id(Bmr001.w.1,786)..id(Bmr001.w.1,787)"/>
   </speechquality>
   <speechquality nite:id="Bmr001.uncertain.6" type="uncertain">
      <nite:child href="Bmr001.C.words.xml#id(Bmr001.w.1,801)"/>
   </speechquality>
   <speechquality nite:id="Bmr001.uncertain.7" type="uncertain">
      <nite:child href="Bmr001.C.words.xml#id(Bmr001.w.1,814)"/>
   </speechquality>
   <speechquality nite:id="Bmr001.emphasis.29" type="emphasis">
      <nite:child href="Bmr001.C.words.xml#id(Bmr001.w.1,908)"/>
   </speechquality>
   <speechquality nite:id="Bmr001.emphasis.30" type="emphasis">
      <nite:child href="Bmr001.C.words.xml#id(Bmr001.w.1,937)"/>
   </speechquality>
   <speechquality nite:id="Bmr001.emphasis.31" type="emphasis">
      <nite:child href="Bmr001.C.words.xml#id(Bmr001.w.1,944)"/>
   </speechquality>
   <speechquality nite:id="Bmr001.emphasis.32" type="emphasis">
      <nite:child href="Bmr001.C.words.xml#id(Bmr001.w.1,946)..id(Bmr001.w.1,947)"/>
   </speechquality>
   <speechquality nite:id="Bmr001.uncertain.8" type="uncertain">
      <nite:child href="Bmr001.C.words.xml#id(Bmr001.w.1,981)..id(Bmr001.w.1,982)"/>
   </speechquality>
   <speechquality nite:id="Bmr001.emphasis.33" type="emphasis">
      <nite:child href="Bmr001.C.words.xml#id(Bmr001.w.2,017)"/>
   </speechquality>
   <speechquality nite:id="Bmr001.emphasis.35" type="emphasis">
      <nite:child href="Bmr001.C.words.xml#id(Bmr001.w.2,080)..id(Bmr001.w.2,081)"/>
   </speechquality>
   <speechquality nite:id="Bmr001.uncertain.9" type="uncertain">
      <nite:child href="Bmr001.C.words.xml#id(Bmr001.w.2,106)"/>
   </speechquality>
   <speechquality nite:id="Bmr001.emphasis.36" type="emphasis">
      <nite:child href="Bmr001.C.words.xml#id(Bmr001.w.2,113)"/>
   </speechquality>
   <speechquality nite:id="Bmr001.emphasis.44" type="emphasis">
      <nite:child href="Bmr001.C.words.xml#id(Bmr001.w.2,348)"/>
   </speechquality>
   <speechquality nite:id="Bmr001.uncertain.10" type="uncertain">
      <nite:child href="Bmr001.C.words.xml#id(Bmr001.w.2,349)"/>
   </speechquality>
   <speechquality nite:id="Bmr001.emphasis.45" type="emphasis">
      <nite:child href="Bmr001.C.words.xml#id(Bmr001.w.2,398)"/>
   </speechquality>
   <speechquality nite:id="Bmr001.emphasis.46" type="emphasis">
      <nite:child href="Bmr001.C.words.xml#id(Bmr001.w.2,412)"/>
   </speechquality>
   <speechquality nite:id="Bmr001.emphasis.47" type="emphasis">
      <nite:child href="Bmr001.C.words.xml#id(Bmr001.w.2,438)"/>
   </speechquality>
   <speechquality nite:id="Bmr001.emphasis.48" type="emphasis">
      <nite:child href="Bmr001.C.words.xml#id(Bmr001.w.2,440)"/>
   </speechquality>
   <speechquality nite:id="Bmr001.emphasis.51" type="emphasis">
      <nite:child href="Bmr001.C.words.xml#id(Bmr001.w.2,487)..id(Bmr001.w.2,488)"/>
   </speechquality>
   <speechquality nite:id="Bmr001.uncertain.12" type="uncertain">
      <nite:child href="Bmr001.C.words.xml#id(Bmr001.w.3,354)..id(Bmr001.w.3,357)"/>
   </speechquality>
   <speechquality nite:id="Bmr001.emphasis.80" type="emphasis">
      <nite:child href="Bmr001.C.words.xml#id(Bmr001.w.3,380)..id(Bmr001.w.3,381)"/>
   </speechquality>
   <speechquality nite:id="Bmr001.emphasis.82" type="emphasis">
      <nite:child href="Bmr001.C.words.xml#id(Bmr001.w.3,571)"/>
   </speechquality>
   <speechquality nite:id="Bmr001.emphasis.83" type="emphasis">
      <nite:child href="Bmr001.C.words.xml#id(Bmr001.w.3,583)..id(Bmr001.w.3,584)"/>
   </speechquality>
   <speechquality nite:id="Bmr001.emphasis.84" type="emphasis">
      <nite:child href="Bmr001.C.words.xml#id(Bmr001.w.3,608)"/>
   </speechquality>
   <speechquality nite:id="Bmr001.emphasis.85" type="emphasis">
      <nite:child href="Bmr001.C.words.xml#id(Bmr001.w.3,622)"/>
   </speechquality>
   <speechquality nite:id="Bmr001.uncertain.13" type="uncertain">
      <nite:child href="Bmr001.C.words.xml#id(Bmr001.w.3,741)..id(Bmr001.w.3,745)"/>
   </speechquality>
   <speechquality nite:id="Bmr001.emphasis.89" type="emphasis">
      <nite:child href="Bmr001.C.words.xml#id(Bmr001.w.4,011)"/>
   </speechquality>
   <speechquality nite:id="Bmr001.uncertain.14" type="uncertain">
      <nite:child href="Bmr001.C.words.xml#id(Bmr001.w.4,108)"/>
   </speechquality>
   <speechquality nite:id="Bmr001.emphasis.92" type="emphasis">
      <nite:child href="Bmr001.C.words.xml#id(Bmr001.w.4,177)"/>
   </speechquality>
   <speechquality nite:id="Bmr001.emphasis.96" type="emphasis">
      <nite:child href="Bmr001.C.words.xml#id(Bmr001.w.4,745)"/>
   </speechquality>
   <speechquality nite:id="Bmr001.emphasis.99" type="emphasis">
      <nite:child href="Bmr001.C.words.xml#id(Bmr001.w.4,834)"/>
   </speechquality>
   <speechquality nite:id="Bmr001.emphasis.107" type="emphasis">
      <nite:child href="Bmr001.C.words.xml#id(Bmr001.w.5,332)..id(Bmr001.w.5,333)"/>
   </speechquality>
   <speechquality nite:id="Bmr001.uncertain.15" type="uncertain">
      <nite:child href="Bmr001.C.words.xml#id(Bmr001.w.5,408)"/>
   </speechquality>
   <speechquality nite:id="Bmr001.uncertain.16" type="uncertain">
      <nite:child href="Bmr001.C.words.xml#id(Bmr001.w.5,450)..id(Bmr001.w.5,454)"/>
   </speechquality>
   <speechquality nite:id="Bmr001.emphasis.110" type="emphasis">
      <nite:child href="Bmr001.C.words.xml#id(Bmr001.w.5,462)"/>
   </speechquality>
   <speechquality nite:id="Bmr001.uncertain.17" type="uncertain" numsyllables="2.0">
      <nite:child href="Bmr001.C.words.xml#id(Bmr001.w.5,479)..id(Bmr001.w.5,480)"/>
   </speechquality>
   <speechquality nite:id="Bmr001.uncertain.18" type="uncertain">
      <nite:child href="Bmr001.C.words.xml#id(Bmr001.w.5,553)"/>
   </speechquality>
   <speechquality nite:id="Bmr001.emphasis.111" type="emphasis">
      <nite:child href="Bmr001.C.words.xml#id(Bmr001.w.5,604)"/>
   </speechquality>
   <speechquality nite:id="Bmr001.emphasis.112" type="emphasis">
      <nite:child href="Bmr001.C.words.xml#id(Bmr001.w.5,624)"/>
   </speechquality>
   <speechquality nite:id="Bmr001.uncertain.19" type="uncertain">
      <nite:child href="Bmr001.C.words.xml#id(Bmr001.w.5,785)..id(Bmr001.w.5,786)"/>
   </speechquality>
   <speechquality nite:id="Bmr001.uncertain.20" type="uncertain">
      <nite:child href="Bmr001.C.words.xml#id(Bmr001.w.5,793)"/>
   </speechquality>
   <speechquality nite:id="Bmr001.uncertain.21" type="uncertain">
      <nite:child href="Bmr001.C.words.xml#id(Bmr001.w.5,794)..id(Bmr001.w.5,796)"/>
   </speechquality>
   <speechquality nite:id="Bmr001.uncertain.22" type="uncertain" numsyllables="2.0">
      <nite:child href="Bmr001.C.words.xml#id(Bmr001.w.5,997)..id(Bmr001.w.5,998)"/>
   </speechquality>
   <speechquality nite:id="Bmr001.emphasis.116" type="emphasis">
      <nite:child href="Bmr001.C.words.xml#id(Bmr001.w.6,001)"/>
   </speechquality>
   <speechquality nite:id="Bmr001.emphasis.117" type="emphasis">
      <nite:child href="Bmr001.C.words.xml#id(Bmr001.w.6,004)"/>
   </speechquality>
   <speechquality nite:id="Bmr001.emphasis.118" type="emphasis">
      <nite:child href="Bmr001.C.words.xml#id(Bmr001.w.6,020)"/>
   </speechquality>
   <speechquality nite:id="Bmr001.uncertain.24" type="uncertain">
      <nite:child href="Bmr001.C.words.xml#id(Bmr001.w.6,389)"/>
   </speechquality>
   <speechquality nite:id="Bmr001.uncertain.25" type="uncertain" numsyllables="2.0">
      <nite:child href="Bmr001.C.words.xml#id(Bmr001.w.6,712)..id(Bmr001.w.6,713)"/>
   </speechquality>
   <speechquality nite:id="Bmr001.uncertain.26" type="uncertain">
      <nite:child href="Bmr001.C.words.xml#id(Bmr001.w.6,977)..id(Bmr001.w.6,979)"/>
   </speechquality>
   <speechquality nite:id="Bmr001.uncertain.27" type="uncertain" numsyllables="3.0">
      <nite:child href="Bmr001.C.words.xml#id(Bmr001.w.7,395)..id(Bmr001.w.7,396)"/>
   </speechquality>
   <speechquality nite:id="Bmr001.uncertain.28" type="uncertain" numsyllables="5.0">
      <nite:child href="Bmr001.C.words.xml#id(Bmr001.w.7,471)..id(Bmr001.w.7,472)"/>
   </speechquality>
   <speechquality nite:id="Bmr001.uncertain.29" type="uncertain">
      <nite:child href="Bmr001.C.words.xml#id(Bmr001.w.7,535)..id(Bmr001.w.7,537)"/>
   </speechquality>
   <speechquality nite:id="Bmr001.uncertain.31" type="uncertain">
      <nite:child href="Bmr001.C.words.xml#id(Bmr001.w.7,672)..id(Bmr001.w.7,673)"/>
   </speechquality>
   <speechquality nite:id="Bmr001.emphasis.154" type="emphasis">
      <nite:child href="Bmr001.C.words.xml#id(Bmr001.w.7,840)"/>
   </speechquality>
   <speechquality nite:id="Bmr001.emphasis.155" type="emphasis">
      <nite:child href="Bmr001.C.words.xml#id(Bmr001.w.7,862)"/>
   </speechquality>
   <speechquality nite:id="Bmr001.emphasis.157" type="emphasis">
      <nite:child href="Bmr001.C.words.xml#id(Bmr001.w.8,047)"/>
   </speechquality>
   <speechquality nite:id="Bmr001.emphasis.158" type="emphasis">
      <nite:child href="Bmr001.C.words.xml#id(Bmr001.w.8,051)"/>
   </speechquality>
   <speechquality nite:id="Bmr001.emphasis.160" type="emphasis">
      <nite:child href="Bmr001.C.words.xml#id(Bmr001.w.8,518)..id(Bmr001.w.8,519)"/>
   </speechquality>
</nite:root>