<?xml version="1.0" encoding="ISO-8859-1" standalone="yes"?>
<nite:root nite:id="Bmr019.G.speech-quality" xmlns:nite="http://nite.sourceforge.net/">
   <speechquality nite:id="Bmr019.emphasis.12" type="emphasis">
      <nite:child href="Bmr019.G.words.xml#id(Bmr019.w.821)"/>
   </speechquality>
   <speechquality nite:id="Bmr019.emphasis.13" type="emphasis">
      <nite:child href="Bmr019.G.words.xml#id(Bmr019.w.831)"/>
   </speechquality>
   <speechquality nite:id="Bmr019.emphasis.196" type="emphasis">
      <nite:child href="Bmr019.G.words.xml#id(Bmr019.w.8,559)"/>
   </speechquality>
   <speechquality nite:id="Bmr019.uncertain.10" type="uncertain">
      <nite:child href="Bmr019.G.words.xml#id(Bmr019.w.8,947)..id(Bmr019.w.8,949)"/>
   </speechquality>
   <speechquality nite:id="Bmr019.uncertain.11" type="uncertain">
      <nite:child href="Bmr019.G.words.xml#id(Bmr019.w.10,520)..id(Bmr019.w.10,521)"/>
   </speechquality>
   <speechquality nite:id="Bmr019.emphasis.273" type="emphasis">
      <nite:child href="Bmr019.G.words.xml#id(Bmr019.w.10,523)"/>
   </speechquality>
   <speechquality nite:id="Bmr019.emphasis.374" type="emphasis">
      <nite:child href="Bmr019.G.words.xml#id(Bmr019.w.14,502)"/>
   </speechquality>
   <speechquality nite:id="Bmr019.emphasis.378" type="emphasis">
      <nite:child href="Bmr019.G.words.xml#id(Bmr019.w.14,611)..id(Bmr019.w.14,612)"/>
   </speechquality>
   <speechquality nite:id="Bmr019.emphasis.427" type="emphasis">
      <nite:child href="Bmr019.G.words.xml#id(Bmr019.w.16,626)..id(Bmr019.w.16,627)"/>
   </speechquality>
</nite:root>