<?xml version="1.0" encoding="ISO-8859-1" standalone="yes"?>
<nite:root nite:id="Bmr008.A.speech-quality" xmlns:nite="http://nite.sourceforge.net/">
   <speechquality nite:id="Bmr008.uncertain.1" type="uncertain">
      <nite:child href="Bmr008.A.words.xml#id(Bmr008.w.5)"/>
   </speechquality>
   <speechquality nite:id="Bmr008.uncertain.10" type="uncertain" numsyllables="1.0">
      <nite:child href="Bmr008.A.words.xml#id(Bmr008.w.1,955)..id(Bmr008.w.1,956)"/>
   </speechquality>
   <speechquality nite:id="Bmr008.emphasis.67" type="emphasis">
      <nite:child href="Bmr008.A.words.xml#id(Bmr008.w.2,121)"/>
   </speechquality>
   <speechquality nite:id="Bmr008.emphasis.68" type="emphasis">
      <nite:child href="Bmr008.A.words.xml#id(Bmr008.w.2,128)..id(Bmr008.w.2,129)"/>
   </speechquality>
   <speechquality nite:id="Bmr008.uncertain.12" type="uncertain">
      <nite:child href="Bmr008.A.words.xml#id(Bmr008.w.2,138)"/>
   </speechquality>
   <speechquality nite:id="Bmr008.uncertain.13" type="uncertain">
      <nite:child href="Bmr008.A.words.xml#id(Bmr008.w.2,425)"/>
   </speechquality>
   <speechquality nite:id="Bmr008.emphasis.76" type="emphasis">
      <nite:child href="Bmr008.A.words.xml#id(Bmr008.w.2,646)"/>
   </speechquality>
   <speechquality nite:id="Bmr008.uncertain.14" type="uncertain">
      <nite:child href="Bmr008.A.words.xml#id(Bmr008.w.3,923)..id(Bmr008.w.3,925)"/>
   </speechquality>
   <speechquality nite:id="Bmr008.uncertain.15" type="uncertain">
      <nite:child href="Bmr008.A.words.xml#id(Bmr008.w.3,929)"/>
   </speechquality>
   <speechquality nite:id="Bmr008.emphasis.126" type="emphasis">
      <nite:child href="Bmr008.A.words.xml#id(Bmr008.w.4,094)"/>
   </speechquality>
   <speechquality nite:id="Bmr008.emphasis.140" type="emphasis">
      <nite:child href="Bmr008.A.words.xml#id(Bmr008.w.4,929)"/>
   </speechquality>
   <speechquality nite:id="Bmr008.emphasis.145" type="emphasis">
      <nite:child href="Bmr008.A.words.xml#id(Bmr008.w.5,244)"/>
   </speechquality>
   <speechquality nite:id="Bmr008.emphasis.146" type="emphasis">
      <nite:child href="Bmr008.A.words.xml#id(Bmr008.w.5,247)..id(Bmr008.w.5,248)"/>
   </speechquality>
   <speechquality nite:id="Bmr008.uncertain.16" type="uncertain">
      <nite:child href="Bmr008.A.words.xml#id(Bmr008.w.5,333)..id(Bmr008.w.5,336)"/>
   </speechquality>
   <speechquality nite:id="Bmr008.emphasis.153" type="emphasis">
      <nite:child href="Bmr008.A.words.xml#id(Bmr008.w.5,508)"/>
   </speechquality>
   <speechquality nite:id="Bmr008.emphasis.161" type="emphasis">
      <nite:child href="Bmr008.A.words.xml#id(Bmr008.w.5,748)"/>
   </speechquality>
   <speechquality nite:id="Bmr008.emphasis.164" type="emphasis">
      <nite:child href="Bmr008.A.words.xml#id(Bmr008.w.5,843)..id(Bmr008.w.5,844)"/>
   </speechquality>
   <speechquality nite:id="Bmr008.emphasis.165" type="emphasis">
      <nite:child href="Bmr008.A.words.xml#id(Bmr008.w.5,888)"/>
   </speechquality>
   <speechquality nite:id="Bmr008.uncertain.17" type="uncertain">
      <nite:child href="Bmr008.A.words.xml#id(Bmr008.w.5,924)"/>
   </speechquality>
   <speechquality nite:id="Bmr008.emphasis.169" type="emphasis">
      <nite:child href="Bmr008.A.words.xml#id(Bmr008.w.5,991)"/>
   </speechquality>
   <speechquality nite:id="Bmr008.emphasis.170" type="emphasis">
      <nite:child href="Bmr008.A.words.xml#id(Bmr008.w.6,001)"/>
   </speechquality>
   <speechquality nite:id="Bmr008.emphasis.185" type="emphasis">
      <nite:child href="Bmr008.A.words.xml#id(Bmr008.w.6,397)"/>
   </speechquality>
   <speechquality nite:id="Bmr008.emphasis.195" type="emphasis">
      <nite:child href="Bmr008.A.words.xml#id(Bmr008.w.6,563)"/>
   </speechquality>
   <speechquality nite:id="Bmr008.emphasis.196" type="emphasis">
      <nite:child href="Bmr008.A.words.xml#id(Bmr008.w.6,581)"/>
   </speechquality>
   <speechquality nite:id="Bmr008.emphasis.204" type="emphasis">
      <nite:child href="Bmr008.A.words.xml#id(Bmr008.w.7,104)..id(Bmr008.w.7,105)"/>
   </speechquality>
   <speechquality nite:id="Bmr008.emphasis.205" type="emphasis">
      <nite:child href="Bmr008.A.words.xml#id(Bmr008.w.7,110)"/>
   </speechquality>
   <speechquality nite:id="Bmr008.uncertain.18" type="uncertain">
      <nite:child href="Bmr008.A.words.xml#id(Bmr008.w.7,168)"/>
   </speechquality>
   <speechquality nite:id="Bmr008.emphasis.248" type="emphasis">
      <nite:child href="Bmr008.A.words.xml#id(Bmr008.w.7,831)"/>
   </speechquality>
   <speechquality nite:id="Bmr008.emphasis.249" type="emphasis">
      <nite:child href="Bmr008.A.words.xml#id(Bmr008.w.7,834)"/>
   </speechquality>
   <speechquality nite:id="Bmr008.emphasis.250" type="emphasis">
      <nite:child href="Bmr008.A.words.xml#id(Bmr008.w.7,865)"/>
   </speechquality>
   <speechquality nite:id="Bmr008.emphasis.251" type="emphasis">
      <nite:child href="Bmr008.A.words.xml#id(Bmr008.w.7,963)"/>
   </speechquality>
   <speechquality nite:id="Bmr008.emphasis.256" type="emphasis">
      <nite:child href="Bmr008.A.words.xml#id(Bmr008.w.8,098)"/>
   </speechquality>
   <speechquality nite:id="Bmr008.emphasis.260" type="emphasis">
      <nite:child href="Bmr008.A.words.xml#id(Bmr008.w.8,169)..id(Bmr008.w.8,170)"/>
   </speechquality>
   <speechquality nite:id="Bmr008.emphasis.287" type="emphasis">
      <nite:child href="Bmr008.A.words.xml#id(Bmr008.w.8,904)"/>
   </speechquality>
   <speechquality nite:id="Bmr008.emphasis.288" type="emphasis">
      <nite:child href="Bmr008.A.words.xml#id(Bmr008.w.8,946)"/>
   </speechquality>
   <speechquality nite:id="Bmr008.emphasis.292" type="emphasis">
      <nite:child href="Bmr008.A.words.xml#id(Bmr008.w.9,063)"/>
   </speechquality>
   <speechquality nite:id="Bmr008.emphasis.293" type="emphasis">
      <nite:child href="Bmr008.A.words.xml#id(Bmr008.w.9,116)"/>
   </speechquality>
   <speechquality nite:id="Bmr008.emphasis.311" type="emphasis">
      <nite:child href="Bmr008.A.words.xml#id(Bmr008.w.9,495)"/>
   </speechquality>
   <speechquality nite:id="Bmr008.emphasis.312" type="emphasis">
      <nite:child href="Bmr008.A.words.xml#id(Bmr008.w.9,501)"/>
   </speechquality>
   <speechquality nite:id="Bmr008.emphasis.320" type="emphasis">
      <nite:child href="Bmr008.A.words.xml#id(Bmr008.w.9,805)"/>
   </speechquality>
   <speechquality nite:id="Bmr008.emphasis.324" type="emphasis">
      <nite:child href="Bmr008.A.words.xml#id(Bmr008.w.9,974)"/>
   </speechquality>
   <speechquality nite:id="Bmr008.uncertain.23" type="uncertain">
      <nite:child href="Bmr008.A.words.xml#id(Bmr008.w.10,759)"/>
   </speechquality>
   <speechquality nite:id="Bmr008.emphasis.379" type="emphasis">
      <nite:child href="Bmr008.A.words.xml#id(Bmr008.w.11,505)"/>
   </speechquality>
   <speechquality nite:id="Bmr008.emphasis.380" type="emphasis">
      <nite:child href="Bmr008.A.words.xml#id(Bmr008.w.11,508)"/>
   </speechquality>
   <speechquality nite:id="Bmr008.emphasis.392" type="emphasis">
      <nite:child href="Bmr008.A.words.xml#id(Bmr008.w.12,172)"/>
   </speechquality>
   <speechquality nite:id="Bmr008.emphasis.393" type="emphasis">
      <nite:child href="Bmr008.A.words.xml#id(Bmr008.w.12,181)"/>
   </speechquality>
   <speechquality nite:id="Bmr008.emphasis.394" type="emphasis">
      <nite:child href="Bmr008.A.words.xml#id(Bmr008.w.12,190)"/>
   </speechquality>
   <speechquality nite:id="Bmr008.emphasis.471" type="emphasis">
      <nite:child href="Bmr008.A.words.xml#id(Bmr008.w.14,699)..id(Bmr008.w.14,700)"/>
   </speechquality>
   <speechquality nite:id="Bmr008.emphasis.486" type="emphasis">
      <nite:child href="Bmr008.A.words.xml#id(Bmr008.w.15,038)"/>
   </speechquality>
   <speechquality nite:id="Bmr008.emphasis.487" type="emphasis">
      <nite:child href="Bmr008.A.words.xml#id(Bmr008.w.15,061)"/>
   </speechquality>
   <speechquality nite:id="Bmr008.emphasis.488" type="emphasis">
      <nite:child href="Bmr008.A.words.xml#id(Bmr008.w.15,099)"/>
   </speechquality>
   <speechquality nite:id="Bmr008.emphasis.489" type="emphasis">
      <nite:child href="Bmr008.A.words.xml#id(Bmr008.w.15,107)"/>
   </speechquality>
   <speechquality nite:id="Bmr008.uncertain.32" type="uncertain">
      <nite:child href="Bmr008.A.words.xml#id(Bmr008.w.15,182)..id(Bmr008.w.15,184)"/>
   </speechquality>
   <speechquality nite:id="Bmr008.emphasis.491" type="emphasis">
      <nite:child href="Bmr008.A.words.xml#id(Bmr008.w.15,203)"/>
   </speechquality>
   <speechquality nite:id="Bmr008.emphasis.492" type="emphasis">
      <nite:child href="Bmr008.A.words.xml#id(Bmr008.w.15,210)"/>
   </speechquality>
   <speechquality nite:id="Bmr008.emphasis.493" type="emphasis">
      <nite:child href="Bmr008.A.words.xml#id(Bmr008.w.15,212)"/>
   </speechquality>
   <speechquality nite:id="Bmr008.emphasis.502" type="emphasis">
      <nite:child href="Bmr008.A.words.xml#id(Bmr008.w.15,507)"/>
   </speechquality>
   <speechquality nite:id="Bmr008.emphasis.508" type="emphasis">
      <nite:child href="Bmr008.A.words.xml#id(Bmr008.w.15,619)"/>
   </speechquality>
   <speechquality nite:id="Bmr008.emphasis.509" type="emphasis">
      <nite:child href="Bmr008.A.words.xml#id(Bmr008.w.15,621)"/>
   </speechquality>
   <speechquality nite:id="Bmr008.emphasis.518" type="emphasis">
      <nite:child href="Bmr008.A.words.xml#id(Bmr008.w.16,149)"/>
   </speechquality>
   <speechquality nite:id="Bmr008.emphasis.519" type="emphasis">
      <nite:child href="Bmr008.A.words.xml#id(Bmr008.w.16,221)"/>
   </speechquality>
   <speechquality nite:id="Bmr008.emphasis.520" type="emphasis">
      <nite:child href="Bmr008.A.words.xml#id(Bmr008.w.16,247)"/>
   </speechquality>
   <speechquality nite:id="Bmr008.emphasis.527" type="emphasis">
      <nite:child href="Bmr008.A.words.xml#id(Bmr008.w.16,669)"/>
   </speechquality>
   <speechquality nite:id="Bmr008.emphasis.534" type="emphasis">
      <nite:child href="Bmr008.A.words.xml#id(Bmr008.w.16,822)"/>
   </speechquality>
   <speechquality nite:id="Bmr008.emphasis.539" type="emphasis">
      <nite:child href="Bmr008.A.words.xml#id(Bmr008.w.16,879)..id(Bmr008.w.16,880)"/>
   </speechquality>
   <speechquality nite:id="Bmr008.emphasis.544" type="emphasis">
      <nite:child href="Bmr008.A.words.xml#id(Bmr008.w.17,149)"/>
   </speechquality>
   <speechquality nite:id="Bmr008.emphasis.553" type="emphasis">
      <nite:child href="Bmr008.A.words.xml#id(Bmr008.w.17,969)"/>
   </speechquality>
</nite:root>