<?xml version="1.0" encoding="ISO-8859-1" standalone="yes"?>
<nite:root nite:id="Bmr019.I.speech-quality" xmlns:nite="http://nite.sourceforge.net/">
   <speechquality nite:id="Bmr019.emphasis.439" type="emphasis">
      <nite:child href="Bmr019.I.words.xml#id(Bmr019.w.17,287)"/>
   </speechquality>
   <speechquality nite:id="Bmr019.emphasis.440" type="emphasis">
      <nite:child href="Bmr019.I.words.xml#id(Bmr019.w.17,290)"/>
   </speechquality>
   <speechquality nite:id="Bmr019.emphasis.443" type="emphasis">
      <nite:child href="Bmr019.I.words.xml#id(Bmr019.w.17,545)"/>
   </speechquality>
   <speechquality nite:id="Bmr019.emphasis.444" type="emphasis">
      <nite:child href="Bmr019.I.words.xml#id(Bmr019.w.17,548)"/>
   </speechquality>
</nite:root>