<?xml version="1.0" encoding="ISO-8859-1" standalone="yes"?>
<nite:root nite:id="Bmr013.E.speech-quality" xmlns:nite="http://nite.sourceforge.net/">
   <speechquality nite:id="Bmr013.uncertain.23" type="uncertain">
      <nite:child href="Bmr013.E.words.xml#id(Bmr013.w.7,610)"/>
   </speechquality>
   <speechquality nite:id="Bmr013.emphasis.74" type="emphasis">
      <nite:child href="Bmr013.E.words.xml#id(Bmr013.w.10,694)"/>
   </speechquality>
   <speechquality nite:id="Bmr013.emphasis.90" type="emphasis">
      <nite:child href="Bmr013.E.words.xml#id(Bmr013.w.12,093)"/>
   </speechquality>
   <speechquality nite:id="Bmr013.emphasis.91" type="emphasis">
      <nite:child href="Bmr013.E.words.xml#id(Bmr013.w.12,153)"/>
   </speechquality>
</nite:root>