<?xml version="1.0" encoding="ISO-8859-1" standalone="yes"?>
<nite:root nite:id="Bmr010.G.speech-quality" xmlns:nite="http://nite.sourceforge.net/">
   <speechquality nite:id="Bmr010.uncertain.1" type="uncertain" numsyllables="1.0">
      <nite:child href="Bmr010.G.words.xml#id(Bmr010.w.9)..id(Bmr010.w.10)"/>
   </speechquality>
   <speechquality nite:id="Bmr010.emphasis.5" type="emphasis">
      <nite:child href="Bmr010.G.words.xml#id(Bmr010.w.131)"/>
   </speechquality>
   <speechquality nite:id="Bmr010.emphasis.6" type="emphasis">
      <nite:child href="Bmr010.G.words.xml#id(Bmr010.w.143)"/>
   </speechquality>
   <speechquality nite:id="Bmr010.emphasis.7" type="emphasis">
      <nite:child href="Bmr010.G.words.xml#id(Bmr010.w.207)..id(Bmr010.w.208)"/>
   </speechquality>
   <speechquality nite:id="Bmr010.emphasis.12" type="emphasis">
      <nite:child href="Bmr010.G.words.xml#id(Bmr010.w.328)"/>
   </speechquality>
   <speechquality nite:id="Bmr010.emphasis.14" type="emphasis">
      <nite:child href="Bmr010.G.words.xml#id(Bmr010.w.475)"/>
   </speechquality>
   <speechquality nite:id="Bmr010.emphasis.15" type="emphasis">
      <nite:child href="Bmr010.G.words.xml#id(Bmr010.w.481)..id(Bmr010.w.482)"/>
   </speechquality>
   <speechquality nite:id="Bmr010.emphasis.16" type="emphasis">
      <nite:child href="Bmr010.G.words.xml#id(Bmr010.w.524)"/>
   </speechquality>
   <speechquality nite:id="Bmr010.emphasis.17" type="emphasis">
      <nite:child href="Bmr010.G.words.xml#id(Bmr010.w.541)..id(Bmr010.w.542)"/>
   </speechquality>
   <speechquality nite:id="Bmr010.emphasis.18" type="emphasis">
      <nite:child href="Bmr010.G.words.xml#id(Bmr010.w.551)"/>
   </speechquality>
   <speechquality nite:id="Bmr010.emphasis.19" type="emphasis">
      <nite:child href="Bmr010.G.words.xml#id(Bmr010.w.556)"/>
   </speechquality>
   <speechquality nite:id="Bmr010.emphasis.20" type="emphasis">
      <nite:child href="Bmr010.G.words.xml#id(Bmr010.w.588)"/>
   </speechquality>
   <speechquality nite:id="Bmr010.emphasis.21" type="emphasis">
      <nite:child href="Bmr010.G.words.xml#id(Bmr010.w.607)"/>
   </speechquality>
   <speechquality nite:id="Bmr010.emphasis.22" type="emphasis">
      <nite:child href="Bmr010.G.words.xml#id(Bmr010.w.618)"/>
   </speechquality>
   <speechquality nite:id="Bmr010.emphasis.23" type="emphasis">
      <nite:child href="Bmr010.G.words.xml#id(Bmr010.w.659)"/>
   </speechquality>
   <speechquality nite:id="Bmr010.emphasis.24" type="emphasis">
      <nite:child href="Bmr010.G.words.xml#id(Bmr010.w.663)..id(Bmr010.w.664)"/>
   </speechquality>
   <speechquality nite:id="Bmr010.emphasis.25" type="emphasis">
      <nite:child href="Bmr010.G.words.xml#id(Bmr010.w.677)"/>
   </speechquality>
   <speechquality nite:id="Bmr010.emphasis.26" type="emphasis">
      <nite:child href="Bmr010.G.words.xml#id(Bmr010.w.706)"/>
   </speechquality>
   <speechquality nite:id="Bmr010.emphasis.27" type="emphasis">
      <nite:child href="Bmr010.G.words.xml#id(Bmr010.w.717)"/>
   </speechquality>
   <speechquality nite:id="Bmr010.emphasis.28" type="emphasis">
      <nite:child href="Bmr010.G.words.xml#id(Bmr010.w.723)"/>
   </speechquality>
   <speechquality nite:id="Bmr010.emphasis.29" type="emphasis">
      <nite:child href="Bmr010.G.words.xml#id(Bmr010.w.731)"/>
   </speechquality>
   <speechquality nite:id="Bmr010.emphasis.30" type="emphasis">
      <nite:child href="Bmr010.G.words.xml#id(Bmr010.w.800)"/>
   </speechquality>
   <speechquality nite:id="Bmr010.emphasis.31" type="emphasis">
      <nite:child href="Bmr010.G.words.xml#id(Bmr010.w.810)"/>
   </speechquality>
   <speechquality nite:id="Bmr010.emphasis.32" type="emphasis">
      <nite:child href="Bmr010.G.words.xml#id(Bmr010.w.861)"/>
   </speechquality>
   <speechquality nite:id="Bmr010.emphasis.33" type="emphasis">
      <nite:child href="Bmr010.G.words.xml#id(Bmr010.w.874)"/>
   </speechquality>
   <speechquality nite:id="Bmr010.emphasis.34" type="emphasis">
      <nite:child href="Bmr010.G.words.xml#id(Bmr010.w.902)..id(Bmr010.w.903)"/>
   </speechquality>
   <speechquality nite:id="Bmr010.emphasis.35" type="emphasis">
      <nite:child href="Bmr010.G.words.xml#id(Bmr010.w.912)"/>
   </speechquality>
   <speechquality nite:id="Bmr010.emphasis.48" type="emphasis">
      <nite:child href="Bmr010.G.words.xml#id(Bmr010.w.1,645)"/>
   </speechquality>
   <speechquality nite:id="Bmr010.emphasis.75" type="emphasis">
      <nite:child href="Bmr010.G.words.xml#id(Bmr010.w.2,592)"/>
   </speechquality>
   <speechquality nite:id="Bmr010.emphasis.76" type="emphasis">
      <nite:child href="Bmr010.G.words.xml#id(Bmr010.w.2,593)"/>
   </speechquality>
   <speechquality nite:id="Bmr010.emphasis.77" type="emphasis">
      <nite:child href="Bmr010.G.words.xml#id(Bmr010.w.2,651)"/>
   </speechquality>
   <speechquality nite:id="Bmr010.emphasis.87" type="emphasis">
      <nite:child href="Bmr010.G.words.xml#id(Bmr010.w.3,006)"/>
   </speechquality>
   <speechquality nite:id="Bmr010.emphasis.88" type="emphasis">
      <nite:child href="Bmr010.G.words.xml#id(Bmr010.w.3,076)"/>
   </speechquality>
   <speechquality nite:id="Bmr010.emphasis.109" type="emphasis">
      <nite:child href="Bmr010.G.words.xml#id(Bmr010.w.3,704)"/>
   </speechquality>
   <speechquality nite:id="Bmr010.emphasis.112" type="emphasis">
      <nite:child href="Bmr010.G.words.xml#id(Bmr010.w.4,004)"/>
   </speechquality>
   <speechquality nite:id="Bmr010.emphasis.113" type="emphasis">
      <nite:child href="Bmr010.G.words.xml#id(Bmr010.w.4,029)"/>
   </speechquality>
   <speechquality nite:id="Bmr010.emphasis.114" type="emphasis">
      <nite:child href="Bmr010.G.words.xml#id(Bmr010.w.4,084)..id(Bmr010.w.4,085)"/>
   </speechquality>
   <speechquality nite:id="Bmr010.emphasis.117" type="emphasis">
      <nite:child href="Bmr010.G.words.xml#id(Bmr010.w.4,397)..id(Bmr010.w.4,398)"/>
   </speechquality>
   <speechquality nite:id="Bmr010.emphasis.131" type="emphasis">
      <nite:child href="Bmr010.G.words.xml#id(Bmr010.w.4,969)"/>
   </speechquality>
   <speechquality nite:id="Bmr010.emphasis.145" type="emphasis">
      <nite:child href="Bmr010.G.words.xml#id(Bmr010.w.5,258)"/>
   </speechquality>
   <speechquality nite:id="Bmr010.emphasis.157" type="emphasis">
      <nite:child href="Bmr010.G.words.xml#id(Bmr010.w.5,573)"/>
   </speechquality>
   <speechquality nite:id="Bmr010.emphasis.158" type="emphasis">
      <nite:child href="Bmr010.G.words.xml#id(Bmr010.w.5,580)"/>
   </speechquality>
   <speechquality nite:id="Bmr010.emphasis.159" type="emphasis">
      <nite:child href="Bmr010.G.words.xml#id(Bmr010.w.5,587)..id(Bmr010.w.5,588)"/>
   </speechquality>
   <speechquality nite:id="Bmr010.emphasis.160" type="emphasis">
      <nite:child href="Bmr010.G.words.xml#id(Bmr010.w.5,597)..id(Bmr010.w.5,598)"/>
   </speechquality>
   <speechquality nite:id="Bmr010.emphasis.161" type="emphasis">
      <nite:child href="Bmr010.G.words.xml#id(Bmr010.w.5,628)"/>
   </speechquality>
   <speechquality nite:id="Bmr010.emphasis.162" type="emphasis">
      <nite:child href="Bmr010.G.words.xml#id(Bmr010.w.5,631)"/>
   </speechquality>
   <speechquality nite:id="Bmr010.emphasis.163" type="emphasis">
      <nite:child href="Bmr010.G.words.xml#id(Bmr010.w.5,640)..id(Bmr010.w.5,641)"/>
   </speechquality>
   <speechquality nite:id="Bmr010.emphasis.164" type="emphasis">
      <nite:child href="Bmr010.G.words.xml#id(Bmr010.w.5,732)"/>
   </speechquality>
   <speechquality nite:id="Bmr010.emphasis.165" type="emphasis">
      <nite:child href="Bmr010.G.words.xml#id(Bmr010.w.5,783)..id(Bmr010.w.5,784)"/>
   </speechquality>
   <speechquality nite:id="Bmr010.emphasis.169" type="emphasis">
      <nite:child href="Bmr010.G.words.xml#id(Bmr010.w.6,029)..id(Bmr010.w.6,030)"/>
   </speechquality>
   <speechquality nite:id="Bmr010.emphasis.170" type="emphasis">
      <nite:child href="Bmr010.G.words.xml#id(Bmr010.w.6,034)"/>
   </speechquality>
   <speechquality nite:id="Bmr010.emphasis.171" type="emphasis">
      <nite:child href="Bmr010.G.words.xml#id(Bmr010.w.6,055)"/>
   </speechquality>
   <speechquality nite:id="Bmr010.emphasis.172" type="emphasis">
      <nite:child href="Bmr010.G.words.xml#id(Bmr010.w.6,062)"/>
   </speechquality>
   <speechquality nite:id="Bmr010.emphasis.173" type="emphasis">
      <nite:child href="Bmr010.G.words.xml#id(Bmr010.w.6,066)..id(Bmr010.w.6,067)"/>
   </speechquality>
   <speechquality nite:id="Bmr010.emphasis.174" type="emphasis">
      <nite:child href="Bmr010.G.words.xml#id(Bmr010.w.6,071)"/>
   </speechquality>
   <speechquality nite:id="Bmr010.emphasis.175" type="emphasis">
      <nite:child href="Bmr010.G.words.xml#id(Bmr010.w.6,081)"/>
   </speechquality>
   <speechquality nite:id="Bmr010.emphasis.176" type="emphasis">
      <nite:child href="Bmr010.G.words.xml#id(Bmr010.w.6,089)..id(Bmr010.w.6,090)"/>
   </speechquality>
   <speechquality nite:id="Bmr010.emphasis.187" type="emphasis">
      <nite:child href="Bmr010.G.words.xml#id(Bmr010.w.6,275)"/>
   </speechquality>
   <speechquality nite:id="Bmr010.emphasis.188" type="emphasis">
      <nite:child href="Bmr010.G.words.xml#id(Bmr010.w.6,356)"/>
   </speechquality>
   <speechquality nite:id="Bmr010.uncertain.13" type="uncertain">
      <nite:child href="Bmr010.G.words.xml#id(Bmr010.w.7,125)"/>
   </speechquality>
   <speechquality nite:id="Bmr010.uncertain.15" type="uncertain" numsyllables="4.0">
      <nite:child href="Bmr010.G.words.xml#id(Bmr010.w.7,362)..id(Bmr010.w.7,363)"/>
   </speechquality>
   <speechquality nite:id="Bmr010.emphasis.210" type="emphasis">
      <nite:child href="Bmr010.G.words.xml#id(Bmr010.w.7,365)"/>
   </speechquality>
   <speechquality nite:id="Bmr010.uncertain.16" type="uncertain">
      <nite:child href="Bmr010.G.words.xml#id(Bmr010.w.7,558)..id(Bmr010.w.7,565)"/>
   </speechquality>
   <speechquality nite:id="Bmr010.emphasis.220" type="emphasis">
      <nite:child href="Bmr010.G.words.xml#id(Bmr010.w.7,764)"/>
   </speechquality>
   <speechquality nite:id="Bmr010.emphasis.248" type="emphasis">
      <nite:child href="Bmr010.G.words.xml#id(Bmr010.w.8,723)..id(Bmr010.w.8,724)"/>
   </speechquality>
   <speechquality nite:id="Bmr010.emphasis.251" type="emphasis">
      <nite:child href="Bmr010.G.words.xml#id(Bmr010.w.8,806)"/>
   </speechquality>
   <speechquality nite:id="Bmr010.emphasis.252" type="emphasis">
      <nite:child href="Bmr010.G.words.xml#id(Bmr010.w.8,875)..id(Bmr010.w.8,876)"/>
   </speechquality>
   <speechquality nite:id="Bmr010.emphasis.253" type="emphasis">
      <nite:child href="Bmr010.G.words.xml#id(Bmr010.w.8,901)..id(Bmr010.w.8,902)"/>
   </speechquality>
   <speechquality nite:id="Bmr010.emphasis.254" type="emphasis">
      <nite:child href="Bmr010.G.words.xml#id(Bmr010.w.8,908)"/>
   </speechquality>
   <speechquality nite:id="Bmr010.emphasis.255" type="emphasis">
      <nite:child href="Bmr010.G.words.xml#id(Bmr010.w.8,916)"/>
   </speechquality>
   <speechquality nite:id="Bmr010.emphasis.256" type="emphasis">
      <nite:child href="Bmr010.G.words.xml#id(Bmr010.w.9,026)"/>
   </speechquality>
   <speechquality nite:id="Bmr010.emphasis.257" type="emphasis">
      <nite:child href="Bmr010.G.words.xml#id(Bmr010.w.9,027)"/>
   </speechquality>
   <speechquality nite:id="Bmr010.uncertain.21" type="uncertain" numsyllables="2.0">
      <nite:child href="Bmr010.G.words.xml#id(Bmr010.w.9,051)..id(Bmr010.w.9,052)"/>
   </speechquality>
   <speechquality nite:id="Bmr010.emphasis.258" type="emphasis">
      <nite:child href="Bmr010.G.words.xml#id(Bmr010.w.9,053)"/>
   </speechquality>
   <speechquality nite:id="Bmr010.emphasis.259" type="emphasis">
      <nite:child href="Bmr010.G.words.xml#id(Bmr010.w.9,066)"/>
   </speechquality>
   <speechquality nite:id="Bmr010.emphasis.260" type="emphasis">
      <nite:child href="Bmr010.G.words.xml#id(Bmr010.w.9,090)"/>
   </speechquality>
   <speechquality nite:id="Bmr010.emphasis.261" type="emphasis">
      <nite:child href="Bmr010.G.words.xml#id(Bmr010.w.9,128)"/>
   </speechquality>
   <speechquality nite:id="Bmr010.emphasis.262" type="emphasis">
      <nite:child href="Bmr010.G.words.xml#id(Bmr010.w.9,168)..id(Bmr010.w.9,169)"/>
   </speechquality>
   <speechquality nite:id="Bmr010.emphasis.266" type="emphasis">
      <nite:child href="Bmr010.G.words.xml#id(Bmr010.w.9,455)..id(Bmr010.w.9,456)"/>
   </speechquality>
   <speechquality nite:id="Bmr010.uncertain.22" type="uncertain">
      <nite:child href="Bmr010.G.words.xml#id(Bmr010.w.9,693)"/>
   </speechquality>
   <speechquality nite:id="Bmr010.emphasis.273" type="emphasis">
      <nite:child href="Bmr010.G.words.xml#id(Bmr010.w.9,714)"/>
   </speechquality>
   <speechquality nite:id="Bmr010.emphasis.274" type="emphasis">
      <nite:child href="Bmr010.G.words.xml#id(Bmr010.w.9,718)"/>
   </speechquality>
   <speechquality nite:id="Bmr010.emphasis.275" type="emphasis">
      <nite:child href="Bmr010.G.words.xml#id(Bmr010.w.9,721)"/>
   </speechquality>
   <speechquality nite:id="Bmr010.emphasis.276" type="emphasis">
      <nite:child href="Bmr010.G.words.xml#id(Bmr010.w.9,725)..id(Bmr010.w.9,726)"/>
   </speechquality>
   <speechquality nite:id="Bmr010.emphasis.277" type="emphasis">
      <nite:child href="Bmr010.G.words.xml#id(Bmr010.w.9,830)"/>
   </speechquality>
   <speechquality nite:id="Bmr010.emphasis.278" type="emphasis">
      <nite:child href="Bmr010.G.words.xml#id(Bmr010.w.9,887)"/>
   </speechquality>
   <speechquality nite:id="Bmr010.emphasis.279" type="emphasis">
      <nite:child href="Bmr010.G.words.xml#id(Bmr010.w.9,920)..id(Bmr010.w.9,922)"/>
   </speechquality>
   <speechquality nite:id="Bmr010.emphasis.280" type="emphasis">
      <nite:child href="Bmr010.G.words.xml#id(Bmr010.w.9,926)"/>
   </speechquality>
   <speechquality nite:id="Bmr010.emphasis.281" type="emphasis">
      <nite:child href="Bmr010.G.words.xml#id(Bmr010.w.9,943)"/>
   </speechquality>
   <speechquality nite:id="Bmr010.emphasis.282" type="emphasis">
      <nite:child href="Bmr010.G.words.xml#id(Bmr010.w.9,950)"/>
   </speechquality>
   <speechquality nite:id="Bmr010.emphasis.283" type="emphasis">
      <nite:child href="Bmr010.G.words.xml#id(Bmr010.w.9,965)..id(Bmr010.w.9,966)"/>
   </speechquality>
   <speechquality nite:id="Bmr010.emphasis.284" type="emphasis">
      <nite:child href="Bmr010.G.words.xml#id(Bmr010.w.9,969)"/>
   </speechquality>
   <speechquality nite:id="Bmr010.emphasis.285" type="emphasis">
      <nite:child href="Bmr010.G.words.xml#id(Bmr010.w.9,977)"/>
   </speechquality>
   <speechquality nite:id="Bmr010.emphasis.286" type="emphasis">
      <nite:child href="Bmr010.G.words.xml#id(Bmr010.w.9,987)"/>
   </speechquality>
   <speechquality nite:id="Bmr010.emphasis.287" type="emphasis">
      <nite:child href="Bmr010.G.words.xml#id(Bmr010.w.9,990)..id(Bmr010.w.9,991)"/>
   </speechquality>
   <speechquality nite:id="Bmr010.emphasis.288" type="emphasis">
      <nite:child href="Bmr010.G.words.xml#id(Bmr010.w.10,015)..id(Bmr010.w.10,016)"/>
   </speechquality>
   <speechquality nite:id="Bmr010.emphasis.289" type="emphasis">
      <nite:child href="Bmr010.G.words.xml#id(Bmr010.w.10,027)"/>
   </speechquality>
   <speechquality nite:id="Bmr010.emphasis.290" type="emphasis">
      <nite:child href="Bmr010.G.words.xml#id(Bmr010.w.10,030)..id(Bmr010.w.10,031)"/>
   </speechquality>
   <speechquality nite:id="Bmr010.emphasis.291" type="emphasis">
      <nite:child href="Bmr010.G.words.xml#id(Bmr010.w.10,040)"/>
   </speechquality>
   <speechquality nite:id="Bmr010.emphasis.292" type="emphasis">
      <nite:child href="Bmr010.G.words.xml#id(Bmr010.w.10,048)..id(Bmr010.w.10,049)"/>
   </speechquality>
   <speechquality nite:id="Bmr010.emphasis.293" type="emphasis">
      <nite:child href="Bmr010.G.words.xml#id(Bmr010.w.10,072)"/>
   </speechquality>
   <speechquality nite:id="Bmr010.uncertain.23" type="uncertain">
      <nite:child href="Bmr010.G.words.xml#id(Bmr010.w.10,354)..id(Bmr010.w.10,355)"/>
   </speechquality>
   <speechquality nite:id="Bmr010.emphasis.308" type="emphasis">
      <nite:child href="Bmr010.G.words.xml#id(Bmr010.w.10,356)"/>
   </speechquality>
   <speechquality nite:id="Bmr010.emphasis.312" type="emphasis">
      <nite:child href="Bmr010.G.words.xml#id(Bmr010.w.10,485)"/>
   </speechquality>
   <speechquality nite:id="Bmr010.emphasis.313" type="emphasis">
      <nite:child href="Bmr010.G.words.xml#id(Bmr010.w.10,512)"/>
   </speechquality>
   <speechquality nite:id="Bmr010.emphasis.314" type="emphasis">
      <nite:child href="Bmr010.G.words.xml#id(Bmr010.w.10,530)"/>
   </speechquality>
   <speechquality nite:id="Bmr010.emphasis.315" type="emphasis">
      <nite:child href="Bmr010.G.words.xml#id(Bmr010.w.10,844)"/>
   </speechquality>
   <speechquality nite:id="Bmr010.uncertain.27" type="uncertain" numsyllables="3.0">
      <nite:child href="Bmr010.G.words.xml#id(Bmr010.w.10,870)..id(Bmr010.w.10,871)"/>
   </speechquality>
   <speechquality nite:id="Bmr010.emphasis.316" type="emphasis">
      <nite:child href="Bmr010.G.words.xml#id(Bmr010.w.10,873)"/>
   </speechquality>
   <speechquality nite:id="Bmr010.emphasis.317" type="emphasis">
      <nite:child href="Bmr010.G.words.xml#id(Bmr010.w.10,879)"/>
   </speechquality>
   <speechquality nite:id="Bmr010.emphasis.318" type="emphasis">
      <nite:child href="Bmr010.G.words.xml#id(Bmr010.w.10,909)"/>
   </speechquality>
   <speechquality nite:id="Bmr010.emphasis.319" type="emphasis">
      <nite:child href="Bmr010.G.words.xml#id(Bmr010.w.10,917)"/>
   </speechquality>
   <speechquality nite:id="Bmr010.uncertain.28" type="uncertain" numsyllables="1.0">
      <nite:child href="Bmr010.G.words.xml#id(Bmr010.w.10,923)..id(Bmr010.w.10,924)"/>
   </speechquality>
   <speechquality nite:id="Bmr010.emphasis.320" type="emphasis">
      <nite:child href="Bmr010.G.words.xml#id(Bmr010.w.10,928)"/>
   </speechquality>
   <speechquality nite:id="Bmr010.emphasis.321" type="emphasis">
      <nite:child href="Bmr010.G.words.xml#id(Bmr010.w.10,958)"/>
   </speechquality>
   <speechquality nite:id="Bmr010.emphasis.322" type="emphasis">
      <nite:child href="Bmr010.G.words.xml#id(Bmr010.w.11,011)"/>
   </speechquality>
   <speechquality nite:id="Bmr010.emphasis.323" type="emphasis">
      <nite:child href="Bmr010.G.words.xml#id(Bmr010.w.11,029)..id(Bmr010.w.11,030)"/>
   </speechquality>
   <speechquality nite:id="Bmr010.emphasis.324" type="emphasis">
      <nite:child href="Bmr010.G.words.xml#id(Bmr010.w.11,077)"/>
   </speechquality>
   <speechquality nite:id="Bmr010.emphasis.325" type="emphasis">
      <nite:child href="Bmr010.G.words.xml#id(Bmr010.w.11,093)"/>
   </speechquality>
   <speechquality nite:id="Bmr010.emphasis.326" type="emphasis">
      <nite:child href="Bmr010.G.words.xml#id(Bmr010.w.11,098)..id(Bmr010.w.11,099)"/>
   </speechquality>
   <speechquality nite:id="Bmr010.emphasis.327" type="emphasis">
      <nite:child href="Bmr010.G.words.xml#id(Bmr010.w.11,138)"/>
   </speechquality>
   <speechquality nite:id="Bmr010.emphasis.328" type="emphasis">
      <nite:child href="Bmr010.G.words.xml#id(Bmr010.w.11,145)"/>
   </speechquality>
   <speechquality nite:id="Bmr010.emphasis.329" type="emphasis">
      <nite:child href="Bmr010.G.words.xml#id(Bmr010.w.11,182)"/>
   </speechquality>
   <speechquality nite:id="Bmr010.emphasis.330" type="emphasis">
      <nite:child href="Bmr010.G.words.xml#id(Bmr010.w.11,186)"/>
   </speechquality>
   <speechquality nite:id="Bmr010.emphasis.331" type="emphasis">
      <nite:child href="Bmr010.G.words.xml#id(Bmr010.w.11,206)"/>
   </speechquality>
   <speechquality nite:id="Bmr010.emphasis.332" type="emphasis">
      <nite:child href="Bmr010.G.words.xml#id(Bmr010.w.11,214)"/>
   </speechquality>
   <speechquality nite:id="Bmr010.emphasis.333" type="emphasis">
      <nite:child href="Bmr010.G.words.xml#id(Bmr010.w.11,226)"/>
   </speechquality>
   <speechquality nite:id="Bmr010.emphasis.334" type="emphasis">
      <nite:child href="Bmr010.G.words.xml#id(Bmr010.w.11,227)"/>
   </speechquality>
   <speechquality nite:id="Bmr010.uncertain.29" type="uncertain">
      <nite:child href="Bmr010.G.words.xml#id(Bmr010.w.11,256)"/>
   </speechquality>
   <speechquality nite:id="Bmr010.emphasis.335" type="emphasis">
      <nite:child href="Bmr010.G.words.xml#id(Bmr010.w.11,262)..id(Bmr010.w.11,263)"/>
   </speechquality>
   <speechquality nite:id="Bmr010.uncertain.31" type="uncertain">
      <nite:child href="Bmr010.G.words.xml#id(Bmr010.w.11,504)"/>
   </speechquality>
   <speechquality nite:id="Bmr010.emphasis.337" type="emphasis">
      <nite:child href="Bmr010.G.words.xml#id(Bmr010.w.11,505)"/>
   </speechquality>
   <speechquality nite:id="Bmr010.emphasis.341" type="emphasis">
      <nite:child href="Bmr010.G.words.xml#id(Bmr010.w.11,715)"/>
   </speechquality>
   <speechquality nite:id="Bmr010.emphasis.344" type="emphasis">
      <nite:child href="Bmr010.G.words.xml#id(Bmr010.w.11,799)"/>
   </speechquality>
   <speechquality nite:id="Bmr010.emphasis.345" type="emphasis">
      <nite:child href="Bmr010.G.words.xml#id(Bmr010.w.11,802)..id(Bmr010.w.11,803)"/>
   </speechquality>
   <speechquality nite:id="Bmr010.emphasis.348" type="emphasis">
      <nite:child href="Bmr010.G.words.xml#id(Bmr010.w.11,865)"/>
   </speechquality>
   <speechquality nite:id="Bmr010.emphasis.349" type="emphasis">
      <nite:child href="Bmr010.G.words.xml#id(Bmr010.w.11,880)"/>
   </speechquality>
   <speechquality nite:id="Bmr010.emphasis.350" type="emphasis">
      <nite:child href="Bmr010.G.words.xml#id(Bmr010.w.11,883)"/>
   </speechquality>
   <speechquality nite:id="Bmr010.emphasis.365" type="emphasis">
      <nite:child href="Bmr010.G.words.xml#id(Bmr010.w.12,086)"/>
   </speechquality>
   <speechquality nite:id="Bmr010.emphasis.366" type="emphasis">
      <nite:child href="Bmr010.G.words.xml#id(Bmr010.w.12,107)"/>
   </speechquality>
   <speechquality nite:id="Bmr010.emphasis.367" type="emphasis">
      <nite:child href="Bmr010.G.words.xml#id(Bmr010.w.12,130)..id(Bmr010.w.12,131)"/>
   </speechquality>
   <speechquality nite:id="Bmr010.uncertain.33" type="uncertain" numsyllables="2.0">
      <nite:child href="Bmr010.G.words.xml#id(Bmr010.w.12,276)..id(Bmr010.w.12,277)"/>
   </speechquality>
   <speechquality nite:id="Bmr010.emphasis.371" type="emphasis">
      <nite:child href="Bmr010.G.words.xml#id(Bmr010.w.12,282)..id(Bmr010.w.12,283)"/>
   </speechquality>
   <speechquality nite:id="Bmr010.emphasis.372" type="emphasis">
      <nite:child href="Bmr010.G.words.xml#id(Bmr010.w.12,303)"/>
   </speechquality>
   <speechquality nite:id="Bmr010.emphasis.373" type="emphasis">
      <nite:child href="Bmr010.G.words.xml#id(Bmr010.w.12,317)"/>
   </speechquality>
   <speechquality nite:id="Bmr010.emphasis.374" type="emphasis">
      <nite:child href="Bmr010.G.words.xml#id(Bmr010.w.12,333)"/>
   </speechquality>
   <speechquality nite:id="Bmr010.emphasis.375" type="emphasis">
      <nite:child href="Bmr010.G.words.xml#id(Bmr010.w.12,357)..id(Bmr010.w.12,358)"/>
   </speechquality>
   <speechquality nite:id="Bmr010.emphasis.376" type="emphasis">
      <nite:child href="Bmr010.G.words.xml#id(Bmr010.w.12,427)"/>
   </speechquality>
   <speechquality nite:id="Bmr010.emphasis.377" type="emphasis">
      <nite:child href="Bmr010.G.words.xml#id(Bmr010.w.12,454)"/>
   </speechquality>
   <speechquality nite:id="Bmr010.emphasis.378" type="emphasis">
      <nite:child href="Bmr010.G.words.xml#id(Bmr010.w.12,456)"/>
   </speechquality>
   <speechquality nite:id="Bmr010.emphasis.379" type="emphasis">
      <nite:child href="Bmr010.G.words.xml#id(Bmr010.w.12,460)..id(Bmr010.w.12,461)"/>
   </speechquality>
   <speechquality nite:id="Bmr010.emphasis.380" type="emphasis">
      <nite:child href="Bmr010.G.words.xml#id(Bmr010.w.12,465)..id(Bmr010.w.12,466)"/>
   </speechquality>
   <speechquality nite:id="Bmr010.emphasis.381" type="emphasis">
      <nite:child href="Bmr010.G.words.xml#id(Bmr010.w.12,472)..id(Bmr010.w.12,473)"/>
   </speechquality>
   <speechquality nite:id="Bmr010.emphasis.382" type="emphasis">
      <nite:child href="Bmr010.G.words.xml#id(Bmr010.w.12,492)"/>
   </speechquality>
   <speechquality nite:id="Bmr010.emphasis.383" type="emphasis">
      <nite:child href="Bmr010.G.words.xml#id(Bmr010.w.12,503)"/>
   </speechquality>
   <speechquality nite:id="Bmr010.emphasis.384" type="emphasis">
      <nite:child href="Bmr010.G.words.xml#id(Bmr010.w.12,522)..id(Bmr010.w.12,523)"/>
   </speechquality>
   <speechquality nite:id="Bmr010.emphasis.385" type="emphasis">
      <nite:child href="Bmr010.G.words.xml#id(Bmr010.w.12,533)..id(Bmr010.w.12,534)"/>
   </speechquality>
   <speechquality nite:id="Bmr010.emphasis.386" type="emphasis">
      <nite:child href="Bmr010.G.words.xml#id(Bmr010.w.12,537)"/>
   </speechquality>
   <speechquality nite:id="Bmr010.emphasis.387" type="emphasis">
      <nite:child href="Bmr010.G.words.xml#id(Bmr010.w.12,543)"/>
   </speechquality>
   <speechquality nite:id="Bmr010.emphasis.388" type="emphasis">
      <nite:child href="Bmr010.G.words.xml#id(Bmr010.w.12,557)"/>
   </speechquality>
   <speechquality nite:id="Bmr010.emphasis.389" type="emphasis">
      <nite:child href="Bmr010.G.words.xml#id(Bmr010.w.12,575)"/>
   </speechquality>
   <speechquality nite:id="Bmr010.emphasis.390" type="emphasis">
      <nite:child href="Bmr010.G.words.xml#id(Bmr010.w.12,587)..id(Bmr010.w.12,588)"/>
   </speechquality>
   <speechquality nite:id="Bmr010.emphasis.391" type="emphasis">
      <nite:child href="Bmr010.G.words.xml#id(Bmr010.w.12,597)"/>
   </speechquality>
   <speechquality nite:id="Bmr010.emphasis.392" type="emphasis">
      <nite:child href="Bmr010.G.words.xml#id(Bmr010.w.12,607)"/>
   </speechquality>
   <speechquality nite:id="Bmr010.emphasis.393" type="emphasis">
      <nite:child href="Bmr010.G.words.xml#id(Bmr010.w.12,652)"/>
   </speechquality>
   <speechquality nite:id="Bmr010.emphasis.394" type="emphasis">
      <nite:child href="Bmr010.G.words.xml#id(Bmr010.w.12,659)..id(Bmr010.w.12,660)"/>
   </speechquality>
   <speechquality nite:id="Bmr010.emphasis.395" type="emphasis">
      <nite:child href="Bmr010.G.words.xml#id(Bmr010.w.12,666)"/>
   </speechquality>
   <speechquality nite:id="Bmr010.emphasis.396" type="emphasis">
      <nite:child href="Bmr010.G.words.xml#id(Bmr010.w.12,707)"/>
   </speechquality>
   <speechquality nite:id="Bmr010.emphasis.397" type="emphasis">
      <nite:child href="Bmr010.G.words.xml#id(Bmr010.w.12,745)"/>
   </speechquality>
   <speechquality nite:id="Bmr010.emphasis.398" type="emphasis">
      <nite:child href="Bmr010.G.words.xml#id(Bmr010.w.12,754)..id(Bmr010.w.12,755)"/>
   </speechquality>
   <speechquality nite:id="Bmr010.emphasis.399" type="emphasis">
      <nite:child href="Bmr010.G.words.xml#id(Bmr010.w.12,770)"/>
   </speechquality>
   <speechquality nite:id="Bmr010.emphasis.400" type="emphasis">
      <nite:child href="Bmr010.G.words.xml#id(Bmr010.w.12,776)..id(Bmr010.w.12,777)"/>
   </speechquality>
   <speechquality nite:id="Bmr010.emphasis.401" type="emphasis">
      <nite:child href="Bmr010.G.words.xml#id(Bmr010.w.12,789)"/>
   </speechquality>
   <speechquality nite:id="Bmr010.emphasis.402" type="emphasis">
      <nite:child href="Bmr010.G.words.xml#id(Bmr010.w.12,793)"/>
   </speechquality>
   <speechquality nite:id="Bmr010.emphasis.403" type="emphasis">
      <nite:child href="Bmr010.G.words.xml#id(Bmr010.w.12,819)"/>
   </speechquality>
   <speechquality nite:id="Bmr010.emphasis.404" type="emphasis">
      <nite:child href="Bmr010.G.words.xml#id(Bmr010.w.12,846)"/>
   </speechquality>
   <speechquality nite:id="Bmr010.emphasis.417" type="emphasis">
      <nite:child href="Bmr010.G.words.xml#id(Bmr010.w.13,357)"/>
   </speechquality>
   <speechquality nite:id="Bmr010.emphasis.418" type="emphasis">
      <nite:child href="Bmr010.G.words.xml#id(Bmr010.w.13,359)..id(Bmr010.w.13,360)"/>
   </speechquality>
</nite:root>