<?xml version="1.0" encoding="ISO-8859-1" standalone="yes"?>
<nite:root nite:id="Bmr008.B.speech-quality" xmlns:nite="http://nite.sourceforge.net/">
   <speechquality nite:id="Bmr008.uncertain.3" type="uncertain">
      <nite:child href="Bmr008.B.words.xml#id(Bmr008.w.141)..id(Bmr008.w.143)"/>
   </speechquality>
   <speechquality nite:id="Bmr008.uncertain.4" type="uncertain">
      <nite:child href="Bmr008.B.words.xml#id(Bmr008.w.209)..id(Bmr008.w.211)"/>
   </speechquality>
   <speechquality nite:id="Bmr008.emphasis.13" type="emphasis">
      <nite:child href="Bmr008.B.words.xml#id(Bmr008.w.774)"/>
   </speechquality>
   <speechquality nite:id="Bmr008.emphasis.14" type="emphasis">
      <nite:child href="Bmr008.B.words.xml#id(Bmr008.w.789)..id(Bmr008.w.790)"/>
   </speechquality>
   <speechquality nite:id="Bmr008.emphasis.22" type="emphasis">
      <nite:child href="Bmr008.B.words.xml#id(Bmr008.w.962)..id(Bmr008.w.963)"/>
   </speechquality>
   <speechquality nite:id="Bmr008.emphasis.69" type="emphasis">
      <nite:child href="Bmr008.B.words.xml#id(Bmr008.w.2,286)"/>
   </speechquality>
   <speechquality nite:id="Bmr008.emphasis.70" type="emphasis">
      <nite:child href="Bmr008.B.words.xml#id(Bmr008.w.2,337)"/>
   </speechquality>
   <speechquality nite:id="Bmr008.emphasis.71" type="emphasis">
      <nite:child href="Bmr008.B.words.xml#id(Bmr008.w.2,355)"/>
   </speechquality>
   <speechquality nite:id="Bmr008.emphasis.72" type="emphasis">
      <nite:child href="Bmr008.B.words.xml#id(Bmr008.w.2,473)"/>
   </speechquality>
   <speechquality nite:id="Bmr008.emphasis.73" type="emphasis">
      <nite:child href="Bmr008.B.words.xml#id(Bmr008.w.2,481)"/>
   </speechquality>
   <speechquality nite:id="Bmr008.emphasis.77" type="emphasis">
      <nite:child href="Bmr008.B.words.xml#id(Bmr008.w.2,735)"/>
   </speechquality>
   <speechquality nite:id="Bmr008.emphasis.78" type="emphasis">
      <nite:child href="Bmr008.B.words.xml#id(Bmr008.w.2,787)"/>
   </speechquality>
   <speechquality nite:id="Bmr008.emphasis.79" type="emphasis">
      <nite:child href="Bmr008.B.words.xml#id(Bmr008.w.2,796)"/>
   </speechquality>
   <speechquality nite:id="Bmr008.emphasis.80" type="emphasis">
      <nite:child href="Bmr008.B.words.xml#id(Bmr008.w.2,804)"/>
   </speechquality>
   <speechquality nite:id="Bmr008.emphasis.81" type="emphasis">
      <nite:child href="Bmr008.B.words.xml#id(Bmr008.w.2,811)"/>
   </speechquality>
   <speechquality nite:id="Bmr008.emphasis.87" type="emphasis">
      <nite:child href="Bmr008.B.words.xml#id(Bmr008.w.2,970)"/>
   </speechquality>
   <speechquality nite:id="Bmr008.emphasis.88" type="emphasis">
      <nite:child href="Bmr008.B.words.xml#id(Bmr008.w.2,995)"/>
   </speechquality>
   <speechquality nite:id="Bmr008.emphasis.89" type="emphasis">
      <nite:child href="Bmr008.B.words.xml#id(Bmr008.w.3,017)"/>
   </speechquality>
   <speechquality nite:id="Bmr008.emphasis.166" type="emphasis">
      <nite:child href="Bmr008.B.words.xml#id(Bmr008.w.5,926)"/>
   </speechquality>
   <speechquality nite:id="Bmr008.emphasis.171" type="emphasis">
      <nite:child href="Bmr008.B.words.xml#id(Bmr008.w.6,045)"/>
   </speechquality>
   <speechquality nite:id="Bmr008.emphasis.172" type="emphasis">
      <nite:child href="Bmr008.B.words.xml#id(Bmr008.w.6,077)"/>
   </speechquality>
   <speechquality nite:id="Bmr008.emphasis.244" type="emphasis">
      <nite:child href="Bmr008.B.words.xml#id(Bmr008.w.7,704)..id(Bmr008.w.7,705)"/>
   </speechquality>
   <speechquality nite:id="Bmr008.emphasis.282" type="emphasis">
      <nite:child href="Bmr008.B.words.xml#id(Bmr008.w.8,699)"/>
   </speechquality>
   <speechquality nite:id="Bmr008.emphasis.285" type="emphasis">
      <nite:child href="Bmr008.B.words.xml#id(Bmr008.w.8,839)"/>
   </speechquality>
   <speechquality nite:id="Bmr008.emphasis.317" type="emphasis">
      <nite:child href="Bmr008.B.words.xml#id(Bmr008.w.9,680)..id(Bmr008.w.9,681)"/>
   </speechquality>
   <speechquality nite:id="Bmr008.emphasis.339" type="emphasis">
      <nite:child href="Bmr008.B.words.xml#id(Bmr008.w.10,304)"/>
   </speechquality>
   <speechquality nite:id="Bmr008.emphasis.346" type="emphasis">
      <nite:child href="Bmr008.B.words.xml#id(Bmr008.w.10,618)..id(Bmr008.w.10,619)"/>
   </speechquality>
   <speechquality nite:id="Bmr008.uncertain.22" type="uncertain">
      <nite:child href="Bmr008.B.words.xml#id(Bmr008.w.10,622)"/>
   </speechquality>
   <speechquality nite:id="Bmr008.emphasis.349" type="emphasis">
      <nite:child href="Bmr008.B.words.xml#id(Bmr008.w.10,711)..id(Bmr008.w.10,712)"/>
   </speechquality>
   <speechquality nite:id="Bmr008.emphasis.351" type="emphasis">
      <nite:child href="Bmr008.B.words.xml#id(Bmr008.w.10,765)"/>
   </speechquality>
   <speechquality nite:id="Bmr008.emphasis.383" type="emphasis">
      <nite:child href="Bmr008.B.words.xml#id(Bmr008.w.11,588)..id(Bmr008.w.11,589)"/>
   </speechquality>
   <speechquality nite:id="Bmr008.emphasis.388" type="emphasis">
      <nite:child href="Bmr008.B.words.xml#id(Bmr008.w.11,877)..id(Bmr008.w.11,878)"/>
   </speechquality>
   <speechquality nite:id="Bmr008.emphasis.389" type="emphasis">
      <nite:child href="Bmr008.B.words.xml#id(Bmr008.w.12,021)"/>
   </speechquality>
   <speechquality nite:id="Bmr008.emphasis.390" type="emphasis">
      <nite:child href="Bmr008.B.words.xml#id(Bmr008.w.12,031)"/>
   </speechquality>
   <speechquality nite:id="Bmr008.emphasis.391" type="emphasis">
      <nite:child href="Bmr008.B.words.xml#id(Bmr008.w.12,122)"/>
   </speechquality>
   <speechquality nite:id="Bmr008.emphasis.428" type="emphasis">
      <nite:child href="Bmr008.B.words.xml#id(Bmr008.w.13,003)"/>
   </speechquality>
   <speechquality nite:id="Bmr008.emphasis.429" type="emphasis">
      <nite:child href="Bmr008.B.words.xml#id(Bmr008.w.13,024)..id(Bmr008.w.13,025)"/>
   </speechquality>
   <speechquality nite:id="Bmr008.emphasis.430" type="emphasis">
      <nite:child href="Bmr008.B.words.xml#id(Bmr008.w.13,029)"/>
   </speechquality>
   <speechquality nite:id="Bmr008.uncertain.27" type="uncertain">
      <nite:child href="Bmr008.B.words.xml#id(Bmr008.w.13,312)"/>
   </speechquality>
   <speechquality nite:id="Bmr008.emphasis.447" type="emphasis">
      <nite:child href="Bmr008.B.words.xml#id(Bmr008.w.13,451)"/>
   </speechquality>
   <speechquality nite:id="Bmr008.emphasis.448" type="emphasis">
      <nite:child href="Bmr008.B.words.xml#id(Bmr008.w.13,459)"/>
   </speechquality>
   <speechquality nite:id="Bmr008.emphasis.449" type="emphasis">
      <nite:child href="Bmr008.B.words.xml#id(Bmr008.w.13,467)..id(Bmr008.w.13,468)"/>
   </speechquality>
   <speechquality nite:id="Bmr008.emphasis.451" type="emphasis">
      <nite:child href="Bmr008.B.words.xml#id(Bmr008.w.13,665)"/>
   </speechquality>
   <speechquality nite:id="Bmr008.uncertain.29" type="uncertain" numsyllables="1.0">
      <nite:child href="Bmr008.B.words.xml#id(Bmr008.w.13,666)..id(Bmr008.w.13,667)"/>
   </speechquality>
   <speechquality nite:id="Bmr008.emphasis.452" type="emphasis">
      <nite:child href="Bmr008.B.words.xml#id(Bmr008.w.13,692)..id(Bmr008.w.13,693)"/>
   </speechquality>
   <speechquality nite:id="Bmr008.emphasis.453" type="emphasis">
      <nite:child href="Bmr008.B.words.xml#id(Bmr008.w.13,698)"/>
   </speechquality>
   <speechquality nite:id="Bmr008.emphasis.454" type="emphasis">
      <nite:child href="Bmr008.B.words.xml#id(Bmr008.w.13,707)"/>
   </speechquality>
   <speechquality nite:id="Bmr008.emphasis.455" type="emphasis">
      <nite:child href="Bmr008.B.words.xml#id(Bmr008.w.13,718)"/>
   </speechquality>
   <speechquality nite:id="Bmr008.emphasis.456" type="emphasis">
      <nite:child href="Bmr008.B.words.xml#id(Bmr008.w.13,947)..id(Bmr008.w.13,948)"/>
   </speechquality>
   <speechquality nite:id="Bmr008.emphasis.457" type="emphasis">
      <nite:child href="Bmr008.B.words.xml#id(Bmr008.w.13,982)"/>
   </speechquality>
   <speechquality nite:id="Bmr008.emphasis.458" type="emphasis">
      <nite:child href="Bmr008.B.words.xml#id(Bmr008.w.13,990)"/>
   </speechquality>
   <speechquality nite:id="Bmr008.emphasis.459" type="emphasis">
      <nite:child href="Bmr008.B.words.xml#id(Bmr008.w.13,992)"/>
   </speechquality>
   <speechquality nite:id="Bmr008.emphasis.460" type="emphasis">
      <nite:child href="Bmr008.B.words.xml#id(Bmr008.w.14,004)"/>
   </speechquality>
   <speechquality nite:id="Bmr008.emphasis.461" type="emphasis">
      <nite:child href="Bmr008.B.words.xml#id(Bmr008.w.14,066)"/>
   </speechquality>
   <speechquality nite:id="Bmr008.emphasis.462" type="emphasis">
      <nite:child href="Bmr008.B.words.xml#id(Bmr008.w.14,072)"/>
   </speechquality>
   <speechquality nite:id="Bmr008.emphasis.465" type="emphasis">
      <nite:child href="Bmr008.B.words.xml#id(Bmr008.w.14,502)..id(Bmr008.w.14,503)"/>
   </speechquality>
   <speechquality nite:id="Bmr008.emphasis.466" type="emphasis">
      <nite:child href="Bmr008.B.words.xml#id(Bmr008.w.14,530)"/>
   </speechquality>
   <speechquality nite:id="Bmr008.emphasis.478" type="emphasis">
      <nite:child href="Bmr008.B.words.xml#id(Bmr008.w.14,866)"/>
   </speechquality>
   <speechquality nite:id="Bmr008.emphasis.479" type="emphasis">
      <nite:child href="Bmr008.B.words.xml#id(Bmr008.w.14,876)"/>
   </speechquality>
   <speechquality nite:id="Bmr008.emphasis.480" type="emphasis">
      <nite:child href="Bmr008.B.words.xml#id(Bmr008.w.14,895)..id(Bmr008.w.14,896)"/>
   </speechquality>
   <speechquality nite:id="Bmr008.emphasis.481" type="emphasis">
      <nite:child href="Bmr008.B.words.xml#id(Bmr008.w.14,922)..id(Bmr008.w.14,923)"/>
   </speechquality>
   <speechquality nite:id="Bmr008.emphasis.482" type="emphasis">
      <nite:child href="Bmr008.B.words.xml#id(Bmr008.w.14,983)..id(Bmr008.w.14,984)"/>
   </speechquality>
   <speechquality nite:id="Bmr008.emphasis.483" type="emphasis">
      <nite:child href="Bmr008.B.words.xml#id(Bmr008.w.15,007)..id(Bmr008.w.15,008)"/>
   </speechquality>
   <speechquality nite:id="Bmr008.emphasis.484" type="emphasis">
      <nite:child href="Bmr008.B.words.xml#id(Bmr008.w.15,021)..id(Bmr008.w.15,022)"/>
   </speechquality>
   <speechquality nite:id="Bmr008.emphasis.485" type="emphasis">
      <nite:child href="Bmr008.B.words.xml#id(Bmr008.w.15,026)"/>
   </speechquality>
   <speechquality nite:id="Bmr008.emphasis.490" type="emphasis">
      <nite:child href="Bmr008.B.words.xml#id(Bmr008.w.15,191)..id(Bmr008.w.15,192)"/>
   </speechquality>
   <speechquality nite:id="Bmr008.emphasis.494" type="emphasis">
      <nite:child href="Bmr008.B.words.xml#id(Bmr008.w.15,306)..id(Bmr008.w.15,307)"/>
   </speechquality>
   <speechquality nite:id="Bmr008.emphasis.495" type="emphasis">
      <nite:child href="Bmr008.B.words.xml#id(Bmr008.w.15,318)..id(Bmr008.w.15,319)"/>
   </speechquality>
   <speechquality nite:id="Bmr008.emphasis.496" type="emphasis">
      <nite:child href="Bmr008.B.words.xml#id(Bmr008.w.15,320)"/>
   </speechquality>
   <speechquality nite:id="Bmr008.emphasis.497" type="emphasis">
      <nite:child href="Bmr008.B.words.xml#id(Bmr008.w.15,336)"/>
   </speechquality>
   <speechquality nite:id="Bmr008.emphasis.500" type="emphasis">
      <nite:child href="Bmr008.B.words.xml#id(Bmr008.w.15,450)..id(Bmr008.w.15,451)"/>
   </speechquality>
   <speechquality nite:id="Bmr008.emphasis.501" type="emphasis">
      <nite:child href="Bmr008.B.words.xml#id(Bmr008.w.15,481)"/>
   </speechquality>
   <speechquality nite:id="Bmr008.emphasis.506" type="emphasis">
      <nite:child href="Bmr008.B.words.xml#id(Bmr008.w.15,589)..id(Bmr008.w.15,590)"/>
   </speechquality>
   <speechquality nite:id="Bmr008.emphasis.507" type="emphasis">
      <nite:child href="Bmr008.B.words.xml#id(Bmr008.w.15,605)..id(Bmr008.w.15,606)"/>
   </speechquality>
   <speechquality nite:id="Bmr008.emphasis.510" type="emphasis">
      <nite:child href="Bmr008.B.words.xml#id(Bmr008.w.15,625)"/>
   </speechquality>
   <speechquality nite:id="Bmr008.emphasis.511" type="emphasis">
      <nite:child href="Bmr008.B.words.xml#id(Bmr008.w.15,629)..id(Bmr008.w.15,630)"/>
   </speechquality>
   <speechquality nite:id="Bmr008.emphasis.512" type="emphasis">
      <nite:child href="Bmr008.B.words.xml#id(Bmr008.w.15,843)..id(Bmr008.w.15,844)"/>
   </speechquality>
   <speechquality nite:id="Bmr008.emphasis.513" type="emphasis">
      <nite:child href="Bmr008.B.words.xml#id(Bmr008.w.15,859)"/>
   </speechquality>
   <speechquality nite:id="Bmr008.uncertain.37" type="uncertain" numsyllables="1.0">
      <nite:child href="Bmr008.B.words.xml#id(Bmr008.w.15,941)..id(Bmr008.w.15,942)"/>
   </speechquality>
   <speechquality nite:id="Bmr008.emphasis.515" type="emphasis">
      <nite:child href="Bmr008.B.words.xml#id(Bmr008.w.16,125)..id(Bmr008.w.16,126)"/>
   </speechquality>
   <speechquality nite:id="Bmr008.emphasis.516" type="emphasis">
      <nite:child href="Bmr008.B.words.xml#id(Bmr008.w.16,134)"/>
   </speechquality>
   <speechquality nite:id="Bmr008.emphasis.517" type="emphasis">
      <nite:child href="Bmr008.B.words.xml#id(Bmr008.w.16,138)..id(Bmr008.w.16,139)"/>
   </speechquality>
   <speechquality nite:id="Bmr008.emphasis.524" type="emphasis">
      <nite:child href="Bmr008.B.words.xml#id(Bmr008.w.16,515)..id(Bmr008.w.16,516)"/>
   </speechquality>
   <speechquality nite:id="Bmr008.emphasis.525" type="emphasis">
      <nite:child href="Bmr008.B.words.xml#id(Bmr008.w.16,532)"/>
   </speechquality>
   <speechquality nite:id="Bmr008.emphasis.526" type="emphasis">
      <nite:child href="Bmr008.B.words.xml#id(Bmr008.w.16,562)..id(Bmr008.w.16,563)"/>
   </speechquality>
   <speechquality nite:id="Bmr008.emphasis.528" type="emphasis">
      <nite:child href="Bmr008.B.words.xml#id(Bmr008.w.16,714)"/>
   </speechquality>
   <speechquality nite:id="Bmr008.emphasis.552" type="emphasis">
      <nite:child href="Bmr008.B.words.xml#id(Bmr008.w.17,515)..id(Bmr008.w.17,516)"/>
   </speechquality>
</nite:root>