<?xml version="1.0" encoding="ISO-8859-1" standalone="yes"?>
<nite:root nite:id="Bmr007.F.speech-quality" xmlns:nite="http://nite.sourceforge.net/">
   <speechquality nite:id="Bmr007.emphasis.12" type="emphasis">
      <nite:child href="Bmr007.F.words.xml#id(Bmr007.w.245)"/>
   </speechquality>
   <speechquality nite:id="Bmr007.emphasis.18" type="emphasis">
      <nite:child href="Bmr007.F.words.xml#id(Bmr007.w.730)"/>
   </speechquality>
   <speechquality nite:id="Bmr007.emphasis.19" type="emphasis">
      <nite:child href="Bmr007.F.words.xml#id(Bmr007.w.787)..id(Bmr007.w.788)"/>
   </speechquality>
   <speechquality nite:id="Bmr007.emphasis.20" type="emphasis">
      <nite:child href="Bmr007.F.words.xml#id(Bmr007.w.807)"/>
   </speechquality>
   <speechquality nite:id="Bmr007.emphasis.21" type="emphasis">
      <nite:child href="Bmr007.F.words.xml#id(Bmr007.w.819)..id(Bmr007.w.820)"/>
   </speechquality>
   <speechquality nite:id="Bmr007.emphasis.22" type="emphasis">
      <nite:child href="Bmr007.F.words.xml#id(Bmr007.w.912)"/>
   </speechquality>
   <speechquality nite:id="Bmr007.emphasis.23" type="emphasis">
      <nite:child href="Bmr007.F.words.xml#id(Bmr007.w.915)"/>
   </speechquality>
   <speechquality nite:id="Bmr007.emphasis.24" type="emphasis">
      <nite:child href="Bmr007.F.words.xml#id(Bmr007.w.919)"/>
   </speechquality>
   <speechquality nite:id="Bmr007.emphasis.25" type="emphasis">
      <nite:child href="Bmr007.F.words.xml#id(Bmr007.w.937)"/>
   </speechquality>
   <speechquality nite:id="Bmr007.emphasis.26" type="emphasis">
      <nite:child href="Bmr007.F.words.xml#id(Bmr007.w.945)"/>
   </speechquality>
   <speechquality nite:id="Bmr007.emphasis.27" type="emphasis">
      <nite:child href="Bmr007.F.words.xml#id(Bmr007.w.951)"/>
   </speechquality>
   <speechquality nite:id="Bmr007.emphasis.28" type="emphasis">
      <nite:child href="Bmr007.F.words.xml#id(Bmr007.w.979)"/>
   </speechquality>
   <speechquality nite:id="Bmr007.emphasis.29" type="emphasis">
      <nite:child href="Bmr007.F.words.xml#id(Bmr007.w.985)"/>
   </speechquality>
   <speechquality nite:id="Bmr007.emphasis.30" type="emphasis">
      <nite:child href="Bmr007.F.words.xml#id(Bmr007.w.994)..id(Bmr007.w.995)"/>
   </speechquality>
   <speechquality nite:id="Bmr007.emphasis.31" type="emphasis">
      <nite:child href="Bmr007.F.words.xml#id(Bmr007.w.1,006)"/>
   </speechquality>
   <speechquality nite:id="Bmr007.emphasis.32" type="emphasis">
      <nite:child href="Bmr007.F.words.xml#id(Bmr007.w.1,014)"/>
   </speechquality>
   <speechquality nite:id="Bmr007.emphasis.33" type="emphasis">
      <nite:child href="Bmr007.F.words.xml#id(Bmr007.w.1,045)"/>
   </speechquality>
   <speechquality nite:id="Bmr007.emphasis.34" type="emphasis">
      <nite:child href="Bmr007.F.words.xml#id(Bmr007.w.1,053)"/>
   </speechquality>
   <speechquality nite:id="Bmr007.emphasis.38" type="emphasis">
      <nite:child href="Bmr007.F.words.xml#id(Bmr007.w.1,103)..id(Bmr007.w.1,104)"/>
   </speechquality>
   <speechquality nite:id="Bmr007.emphasis.39" type="emphasis">
      <nite:child href="Bmr007.F.words.xml#id(Bmr007.w.1,109)"/>
   </speechquality>
   <speechquality nite:id="Bmr007.emphasis.40" type="emphasis">
      <nite:child href="Bmr007.F.words.xml#id(Bmr007.w.1,160)"/>
   </speechquality>
   <speechquality nite:id="Bmr007.emphasis.41" type="emphasis">
      <nite:child href="Bmr007.F.words.xml#id(Bmr007.w.1,169)"/>
   </speechquality>
   <speechquality nite:id="Bmr007.emphasis.42" type="emphasis">
      <nite:child href="Bmr007.F.words.xml#id(Bmr007.w.1,229)"/>
   </speechquality>
   <speechquality nite:id="Bmr007.emphasis.43" type="emphasis">
      <nite:child href="Bmr007.F.words.xml#id(Bmr007.w.1,244)"/>
   </speechquality>
   <speechquality nite:id="Bmr007.emphasis.44" type="emphasis">
      <nite:child href="Bmr007.F.words.xml#id(Bmr007.w.1,246)"/>
   </speechquality>
   <speechquality nite:id="Bmr007.emphasis.45" type="emphasis">
      <nite:child href="Bmr007.F.words.xml#id(Bmr007.w.1,251)..id(Bmr007.w.1,252)"/>
   </speechquality>
   <speechquality nite:id="Bmr007.emphasis.46" type="emphasis">
      <nite:child href="Bmr007.F.words.xml#id(Bmr007.w.1,277)"/>
   </speechquality>
   <speechquality nite:id="Bmr007.emphasis.47" type="emphasis">
      <nite:child href="Bmr007.F.words.xml#id(Bmr007.w.1,368)"/>
   </speechquality>
   <speechquality nite:id="Bmr007.emphasis.48" type="emphasis">
      <nite:child href="Bmr007.F.words.xml#id(Bmr007.w.1,390)..id(Bmr007.w.1,391)"/>
   </speechquality>
   <speechquality nite:id="Bmr007.emphasis.49" type="emphasis">
      <nite:child href="Bmr007.F.words.xml#id(Bmr007.w.1,400)..id(Bmr007.w.1,401)"/>
   </speechquality>
   <speechquality nite:id="Bmr007.emphasis.50" type="emphasis">
      <nite:child href="Bmr007.F.words.xml#id(Bmr007.w.1,450)..id(Bmr007.w.1,451)"/>
   </speechquality>
   <speechquality nite:id="Bmr007.emphasis.51" type="emphasis">
      <nite:child href="Bmr007.F.words.xml#id(Bmr007.w.1,465)"/>
   </speechquality>
   <speechquality nite:id="Bmr007.emphasis.52" type="emphasis">
      <nite:child href="Bmr007.F.words.xml#id(Bmr007.w.1,474)"/>
   </speechquality>
   <speechquality nite:id="Bmr007.emphasis.53" type="emphasis">
      <nite:child href="Bmr007.F.words.xml#id(Bmr007.w.1,492)"/>
   </speechquality>
   <speechquality nite:id="Bmr007.emphasis.54" type="emphasis">
      <nite:child href="Bmr007.F.words.xml#id(Bmr007.w.1,511)"/>
   </speechquality>
   <speechquality nite:id="Bmr007.emphasis.57" type="emphasis">
      <nite:child href="Bmr007.F.words.xml#id(Bmr007.w.1,550)"/>
   </speechquality>
   <speechquality nite:id="Bmr007.emphasis.58" type="emphasis">
      <nite:child href="Bmr007.F.words.xml#id(Bmr007.w.1,582)"/>
   </speechquality>
   <speechquality nite:id="Bmr007.emphasis.59" type="emphasis">
      <nite:child href="Bmr007.F.words.xml#id(Bmr007.w.1,591)..id(Bmr007.w.1,592)"/>
   </speechquality>
   <speechquality nite:id="Bmr007.emphasis.60" type="emphasis">
      <nite:child href="Bmr007.F.words.xml#id(Bmr007.w.1,622)"/>
   </speechquality>
   <speechquality nite:id="Bmr007.emphasis.61" type="emphasis">
      <nite:child href="Bmr007.F.words.xml#id(Bmr007.w.1,642)"/>
   </speechquality>
   <speechquality nite:id="Bmr007.emphasis.62" type="emphasis">
      <nite:child href="Bmr007.F.words.xml#id(Bmr007.w.1,653)..id(Bmr007.w.1,654)"/>
   </speechquality>
   <speechquality nite:id="Bmr007.emphasis.63" type="emphasis">
      <nite:child href="Bmr007.F.words.xml#id(Bmr007.w.1,656)..id(Bmr007.w.1,657)"/>
   </speechquality>
   <speechquality nite:id="Bmr007.emphasis.64" type="emphasis">
      <nite:child href="Bmr007.F.words.xml#id(Bmr007.w.1,664)..id(Bmr007.w.1,665)"/>
   </speechquality>
   <speechquality nite:id="Bmr007.emphasis.65" type="emphasis">
      <nite:child href="Bmr007.F.words.xml#id(Bmr007.w.1,675)"/>
   </speechquality>
   <speechquality nite:id="Bmr007.emphasis.66" type="emphasis">
      <nite:child href="Bmr007.F.words.xml#id(Bmr007.w.1,681)..id(Bmr007.w.1,682)"/>
   </speechquality>
   <speechquality nite:id="Bmr007.emphasis.67" type="emphasis">
      <nite:child href="Bmr007.F.words.xml#id(Bmr007.w.1,694)"/>
   </speechquality>
   <speechquality nite:id="Bmr007.emphasis.68" type="emphasis">
      <nite:child href="Bmr007.F.words.xml#id(Bmr007.w.1,700)"/>
   </speechquality>
   <speechquality nite:id="Bmr007.emphasis.69" type="emphasis">
      <nite:child href="Bmr007.F.words.xml#id(Bmr007.w.1,714)"/>
   </speechquality>
   <speechquality nite:id="Bmr007.emphasis.73" type="emphasis">
      <nite:child href="Bmr007.F.words.xml#id(Bmr007.w.1,808)"/>
   </speechquality>
   <speechquality nite:id="Bmr007.emphasis.80" type="emphasis">
      <nite:child href="Bmr007.F.words.xml#id(Bmr007.w.1,970)"/>
   </speechquality>
   <speechquality nite:id="Bmr007.emphasis.81" type="emphasis">
      <nite:child href="Bmr007.F.words.xml#id(Bmr007.w.1,988)..id(Bmr007.w.1,989)"/>
   </speechquality>
   <speechquality nite:id="Bmr007.emphasis.83" type="emphasis">
      <nite:child href="Bmr007.F.words.xml#id(Bmr007.w.2,017)"/>
   </speechquality>
   <speechquality nite:id="Bmr007.emphasis.84" type="emphasis">
      <nite:child href="Bmr007.F.words.xml#id(Bmr007.w.2,032)"/>
   </speechquality>
   <speechquality nite:id="Bmr007.emphasis.85" type="emphasis">
      <nite:child href="Bmr007.F.words.xml#id(Bmr007.w.2,058)"/>
   </speechquality>
   <speechquality nite:id="Bmr007.emphasis.86" type="emphasis">
      <nite:child href="Bmr007.F.words.xml#id(Bmr007.w.2,065)"/>
   </speechquality>
   <speechquality nite:id="Bmr007.emphasis.87" type="emphasis">
      <nite:child href="Bmr007.F.words.xml#id(Bmr007.w.2,127)"/>
   </speechquality>
   <speechquality nite:id="Bmr007.emphasis.88" type="emphasis">
      <nite:child href="Bmr007.F.words.xml#id(Bmr007.w.2,144)"/>
   </speechquality>
   <speechquality nite:id="Bmr007.emphasis.89" type="emphasis">
      <nite:child href="Bmr007.F.words.xml#id(Bmr007.w.2,149)"/>
   </speechquality>
   <speechquality nite:id="Bmr007.emphasis.90" type="emphasis">
      <nite:child href="Bmr007.F.words.xml#id(Bmr007.w.2,154)"/>
   </speechquality>
   <speechquality nite:id="Bmr007.emphasis.91" type="emphasis">
      <nite:child href="Bmr007.F.words.xml#id(Bmr007.w.2,161)..id(Bmr007.w.2,162)"/>
   </speechquality>
   <speechquality nite:id="Bmr007.emphasis.92" type="emphasis">
      <nite:child href="Bmr007.F.words.xml#id(Bmr007.w.2,170)..id(Bmr007.w.2,171)"/>
   </speechquality>
   <speechquality nite:id="Bmr007.emphasis.93" type="emphasis">
      <nite:child href="Bmr007.F.words.xml#id(Bmr007.w.2,222)..id(Bmr007.w.2,223)"/>
   </speechquality>
   <speechquality nite:id="Bmr007.emphasis.94" type="emphasis">
      <nite:child href="Bmr007.F.words.xml#id(Bmr007.w.2,231)"/>
   </speechquality>
   <speechquality nite:id="Bmr007.emphasis.95" type="emphasis">
      <nite:child href="Bmr007.F.words.xml#id(Bmr007.w.2,249)"/>
   </speechquality>
   <speechquality nite:id="Bmr007.emphasis.96" type="emphasis">
      <nite:child href="Bmr007.F.words.xml#id(Bmr007.w.2,262)"/>
   </speechquality>
   <speechquality nite:id="Bmr007.emphasis.97" type="emphasis">
      <nite:child href="Bmr007.F.words.xml#id(Bmr007.w.2,274)"/>
   </speechquality>
   <speechquality nite:id="Bmr007.emphasis.98" type="emphasis">
      <nite:child href="Bmr007.F.words.xml#id(Bmr007.w.2,294)..id(Bmr007.w.2,295)"/>
   </speechquality>
   <speechquality nite:id="Bmr007.emphasis.99" type="emphasis">
      <nite:child href="Bmr007.F.words.xml#id(Bmr007.w.2,300)"/>
   </speechquality>
   <speechquality nite:id="Bmr007.emphasis.100" type="emphasis">
      <nite:child href="Bmr007.F.words.xml#id(Bmr007.w.2,343)"/>
   </speechquality>
   <speechquality nite:id="Bmr007.emphasis.101" type="emphasis">
      <nite:child href="Bmr007.F.words.xml#id(Bmr007.w.2,355)"/>
   </speechquality>
   <speechquality nite:id="Bmr007.emphasis.102" type="emphasis">
      <nite:child href="Bmr007.F.words.xml#id(Bmr007.w.2,382)"/>
   </speechquality>
   <speechquality nite:id="Bmr007.emphasis.103" type="emphasis">
      <nite:child href="Bmr007.F.words.xml#id(Bmr007.w.2,447)"/>
   </speechquality>
   <speechquality nite:id="Bmr007.emphasis.104" type="emphasis">
      <nite:child href="Bmr007.F.words.xml#id(Bmr007.w.2,466)..id(Bmr007.w.2,467)"/>
   </speechquality>
   <speechquality nite:id="Bmr007.emphasis.105" type="emphasis">
      <nite:child href="Bmr007.F.words.xml#id(Bmr007.w.2,483)"/>
   </speechquality>
   <speechquality nite:id="Bmr007.emphasis.106" type="emphasis">
      <nite:child href="Bmr007.F.words.xml#id(Bmr007.w.2,521)"/>
   </speechquality>
   <speechquality nite:id="Bmr007.emphasis.107" type="emphasis">
      <nite:child href="Bmr007.F.words.xml#id(Bmr007.w.2,541)"/>
   </speechquality>
   <speechquality nite:id="Bmr007.emphasis.108" type="emphasis">
      <nite:child href="Bmr007.F.words.xml#id(Bmr007.w.2,581)"/>
   </speechquality>
   <speechquality nite:id="Bmr007.emphasis.120" type="emphasis">
      <nite:child href="Bmr007.F.words.xml#id(Bmr007.w.3,015)"/>
   </speechquality>
   <speechquality nite:id="Bmr007.emphasis.123" type="emphasis">
      <nite:child href="Bmr007.F.words.xml#id(Bmr007.w.3,255)..id(Bmr007.w.3,256)"/>
   </speechquality>
   <speechquality nite:id="Bmr007.emphasis.124" type="emphasis">
      <nite:child href="Bmr007.F.words.xml#id(Bmr007.w.3,315)"/>
   </speechquality>
   <speechquality nite:id="Bmr007.emphasis.126" type="emphasis">
      <nite:child href="Bmr007.F.words.xml#id(Bmr007.w.3,496)"/>
   </speechquality>
   <speechquality nite:id="Bmr007.emphasis.132" type="emphasis">
      <nite:child href="Bmr007.F.words.xml#id(Bmr007.w.3,638)..id(Bmr007.w.3,639)"/>
   </speechquality>
   <speechquality nite:id="Bmr007.emphasis.133" type="emphasis">
      <nite:child href="Bmr007.F.words.xml#id(Bmr007.w.3,641)..id(Bmr007.w.3,642)"/>
   </speechquality>
   <speechquality nite:id="Bmr007.emphasis.134" type="emphasis">
      <nite:child href="Bmr007.F.words.xml#id(Bmr007.w.3,652)"/>
   </speechquality>
   <speechquality nite:id="Bmr007.emphasis.137" type="emphasis">
      <nite:child href="Bmr007.F.words.xml#id(Bmr007.w.3,708)"/>
   </speechquality>
   <speechquality nite:id="Bmr007.emphasis.138" type="emphasis">
      <nite:child href="Bmr007.F.words.xml#id(Bmr007.w.3,710)..id(Bmr007.w.3,711)"/>
   </speechquality>
   <speechquality nite:id="Bmr007.emphasis.141" type="emphasis">
      <nite:child href="Bmr007.F.words.xml#id(Bmr007.w.3,771)"/>
   </speechquality>
   <speechquality nite:id="Bmr007.emphasis.142" type="emphasis">
      <nite:child href="Bmr007.F.words.xml#id(Bmr007.w.3,776)"/>
   </speechquality>
   <speechquality nite:id="Bmr007.emphasis.143" type="emphasis">
      <nite:child href="Bmr007.F.words.xml#id(Bmr007.w.3,786)..id(Bmr007.w.3,788)"/>
   </speechquality>
   <speechquality nite:id="Bmr007.emphasis.144" type="emphasis">
      <nite:child href="Bmr007.F.words.xml#id(Bmr007.w.3,796)..id(Bmr007.w.3,798)"/>
   </speechquality>
   <speechquality nite:id="Bmr007.emphasis.145" type="emphasis">
      <nite:child href="Bmr007.F.words.xml#id(Bmr007.w.3,808)"/>
   </speechquality>
   <speechquality nite:id="Bmr007.emphasis.146" type="emphasis">
      <nite:child href="Bmr007.F.words.xml#id(Bmr007.w.3,813)"/>
   </speechquality>
   <speechquality nite:id="Bmr007.emphasis.147" type="emphasis">
      <nite:child href="Bmr007.F.words.xml#id(Bmr007.w.3,820)"/>
   </speechquality>
   <speechquality nite:id="Bmr007.emphasis.148" type="emphasis">
      <nite:child href="Bmr007.F.words.xml#id(Bmr007.w.3,827)"/>
   </speechquality>
   <speechquality nite:id="Bmr007.emphasis.159" type="emphasis">
      <nite:child href="Bmr007.F.words.xml#id(Bmr007.w.3,948)..id(Bmr007.w.3,949)"/>
   </speechquality>
   <speechquality nite:id="Bmr007.emphasis.163" type="emphasis">
      <nite:child href="Bmr007.F.words.xml#id(Bmr007.w.3,994)..id(Bmr007.w.3,995)"/>
   </speechquality>
   <speechquality nite:id="Bmr007.emphasis.342" type="emphasis">
      <nite:child href="Bmr007.F.words.xml#id(Bmr007.w.5,827)"/>
   </speechquality>
   <speechquality nite:id="Bmr007.emphasis.343" type="emphasis">
      <nite:child href="Bmr007.F.words.xml#id(Bmr007.w.5,835)"/>
   </speechquality>
   <speechquality nite:id="Bmr007.emphasis.344" type="emphasis">
      <nite:child href="Bmr007.F.words.xml#id(Bmr007.w.5,840)..id(Bmr007.w.5,841)"/>
   </speechquality>
   <speechquality nite:id="Bmr007.emphasis.345" type="emphasis">
      <nite:child href="Bmr007.F.words.xml#id(Bmr007.w.5,844)"/>
   </speechquality>
   <speechquality nite:id="Bmr007.emphasis.346" type="emphasis">
      <nite:child href="Bmr007.F.words.xml#id(Bmr007.w.5,847)"/>
   </speechquality>
   <speechquality nite:id="Bmr007.emphasis.347" type="emphasis">
      <nite:child href="Bmr007.F.words.xml#id(Bmr007.w.5,865)..id(Bmr007.w.5,866)"/>
   </speechquality>
   <speechquality nite:id="Bmr007.emphasis.348" type="emphasis">
      <nite:child href="Bmr007.F.words.xml#id(Bmr007.w.5,872)"/>
   </speechquality>
   <speechquality nite:id="Bmr007.emphasis.349" type="emphasis">
      <nite:child href="Bmr007.F.words.xml#id(Bmr007.w.5,897)..id(Bmr007.w.5,898)"/>
   </speechquality>
   <speechquality nite:id="Bmr007.emphasis.350" type="emphasis">
      <nite:child href="Bmr007.F.words.xml#id(Bmr007.w.5,918)"/>
   </speechquality>
   <speechquality nite:id="Bmr007.emphasis.351" type="emphasis">
      <nite:child href="Bmr007.F.words.xml#id(Bmr007.w.5,927)"/>
   </speechquality>
   <speechquality nite:id="Bmr007.emphasis.352" type="emphasis">
      <nite:child href="Bmr007.F.words.xml#id(Bmr007.w.5,928)"/>
   </speechquality>
   <speechquality nite:id="Bmr007.emphasis.353" type="emphasis">
      <nite:child href="Bmr007.F.words.xml#id(Bmr007.w.5,955)"/>
   </speechquality>
   <speechquality nite:id="Bmr007.emphasis.354" type="emphasis">
      <nite:child href="Bmr007.F.words.xml#id(Bmr007.w.5,977)"/>
   </speechquality>
   <speechquality nite:id="Bmr007.emphasis.355" type="emphasis">
      <nite:child href="Bmr007.F.words.xml#id(Bmr007.w.5,979)"/>
   </speechquality>
   <speechquality nite:id="Bmr007.emphasis.356" type="emphasis">
      <nite:child href="Bmr007.F.words.xml#id(Bmr007.w.6,008)"/>
   </speechquality>
   <speechquality nite:id="Bmr007.emphasis.357" type="emphasis">
      <nite:child href="Bmr007.F.words.xml#id(Bmr007.w.6,038)"/>
   </speechquality>
   <speechquality nite:id="Bmr007.emphasis.358" type="emphasis">
      <nite:child href="Bmr007.F.words.xml#id(Bmr007.w.6,045)"/>
   </speechquality>
   <speechquality nite:id="Bmr007.emphasis.359" type="emphasis">
      <nite:child href="Bmr007.F.words.xml#id(Bmr007.w.6,072)..id(Bmr007.w.6,073)"/>
   </speechquality>
   <speechquality nite:id="Bmr007.emphasis.360" type="emphasis">
      <nite:child href="Bmr007.F.words.xml#id(Bmr007.w.6,079)..id(Bmr007.w.6,080)"/>
   </speechquality>
   <speechquality nite:id="Bmr007.emphasis.361" type="emphasis">
      <nite:child href="Bmr007.F.words.xml#id(Bmr007.w.6,085)"/>
   </speechquality>
   <speechquality nite:id="Bmr007.emphasis.362" type="emphasis">
      <nite:child href="Bmr007.F.words.xml#id(Bmr007.w.6,088)"/>
   </speechquality>
   <speechquality nite:id="Bmr007.emphasis.363" type="emphasis">
      <nite:child href="Bmr007.F.words.xml#id(Bmr007.w.6,098)..id(Bmr007.w.6,099)"/>
   </speechquality>
   <speechquality nite:id="Bmr007.emphasis.364" type="emphasis">
      <nite:child href="Bmr007.F.words.xml#id(Bmr007.w.6,104)"/>
   </speechquality>
   <speechquality nite:id="Bmr007.emphasis.365" type="emphasis">
      <nite:child href="Bmr007.F.words.xml#id(Bmr007.w.6,109)"/>
   </speechquality>
   <speechquality nite:id="Bmr007.emphasis.366" type="emphasis">
      <nite:child href="Bmr007.F.words.xml#id(Bmr007.w.6,113)..id(Bmr007.w.6,114)"/>
   </speechquality>
   <speechquality nite:id="Bmr007.emphasis.378" type="emphasis">
      <nite:child href="Bmr007.F.words.xml#id(Bmr007.w.6,314)..id(Bmr007.w.6,315)"/>
   </speechquality>
   <speechquality nite:id="Bmr007.emphasis.394" type="emphasis">
      <nite:child href="Bmr007.F.words.xml#id(Bmr007.w.6,471)..id(Bmr007.w.6,472)"/>
   </speechquality>
   <speechquality nite:id="Bmr007.emphasis.433" type="emphasis">
      <nite:child href="Bmr007.F.words.xml#id(Bmr007.w.6,901)"/>
   </speechquality>
   <speechquality nite:id="Bmr007.emphasis.453" type="emphasis">
      <nite:child href="Bmr007.F.words.xml#id(Bmr007.w.7,098)"/>
   </speechquality>
   <speechquality nite:id="Bmr007.emphasis.466" type="emphasis">
      <nite:child href="Bmr007.F.words.xml#id(Bmr007.w.7,315)"/>
   </speechquality>
   <speechquality nite:id="Bmr007.emphasis.467" type="emphasis">
      <nite:child href="Bmr007.F.words.xml#id(Bmr007.w.7,329)"/>
   </speechquality>
   <speechquality nite:id="Bmr007.emphasis.468" type="emphasis">
      <nite:child href="Bmr007.F.words.xml#id(Bmr007.w.7,339)..id(Bmr007.w.7,340)"/>
   </speechquality>
   <speechquality nite:id="Bmr007.emphasis.469" type="emphasis">
      <nite:child href="Bmr007.F.words.xml#id(Bmr007.w.7,345)"/>
   </speechquality>
   <speechquality nite:id="Bmr007.emphasis.470" type="emphasis">
      <nite:child href="Bmr007.F.words.xml#id(Bmr007.w.7,353)..id(Bmr007.w.7,354)"/>
   </speechquality>
   <speechquality nite:id="Bmr007.emphasis.471" type="emphasis">
      <nite:child href="Bmr007.F.words.xml#id(Bmr007.w.7,370)"/>
   </speechquality>
   <speechquality nite:id="Bmr007.emphasis.472" type="emphasis">
      <nite:child href="Bmr007.F.words.xml#id(Bmr007.w.7,378)"/>
   </speechquality>
   <speechquality nite:id="Bmr007.emphasis.473" type="emphasis">
      <nite:child href="Bmr007.F.words.xml#id(Bmr007.w.7,386)"/>
   </speechquality>
   <speechquality nite:id="Bmr007.emphasis.474" type="emphasis">
      <nite:child href="Bmr007.F.words.xml#id(Bmr007.w.7,394)"/>
   </speechquality>
   <speechquality nite:id="Bmr007.emphasis.477" type="emphasis">
      <nite:child href="Bmr007.F.words.xml#id(Bmr007.w.7,494)"/>
   </speechquality>
   <speechquality nite:id="Bmr007.emphasis.488" type="emphasis">
      <nite:child href="Bmr007.F.words.xml#id(Bmr007.w.7,612)"/>
   </speechquality>
   <speechquality nite:id="Bmr007.emphasis.534" type="emphasis">
      <nite:child href="Bmr007.F.words.xml#id(Bmr007.w.8,310)..id(Bmr007.w.8,311)"/>
   </speechquality>
   <speechquality nite:id="Bmr007.emphasis.535" type="emphasis">
      <nite:child href="Bmr007.F.words.xml#id(Bmr007.w.8,339)"/>
   </speechquality>
   <speechquality nite:id="Bmr007.emphasis.536" type="emphasis">
      <nite:child href="Bmr007.F.words.xml#id(Bmr007.w.8,343)..id(Bmr007.w.8,344)"/>
   </speechquality>
   <speechquality nite:id="Bmr007.emphasis.561" type="emphasis">
      <nite:child href="Bmr007.F.words.xml#id(Bmr007.w.8,641)"/>
   </speechquality>
   <speechquality nite:id="Bmr007.emphasis.562" type="emphasis">
      <nite:child href="Bmr007.F.words.xml#id(Bmr007.w.8,653)..id(Bmr007.w.8,654)"/>
   </speechquality>
   <speechquality nite:id="Bmr007.emphasis.565" type="emphasis">
      <nite:child href="Bmr007.F.words.xml#id(Bmr007.w.8,667)..id(Bmr007.w.8,668)"/>
   </speechquality>
   <speechquality nite:id="Bmr007.emphasis.567" type="emphasis">
      <nite:child href="Bmr007.F.words.xml#id(Bmr007.w.8,691)"/>
   </speechquality>
   <speechquality nite:id="Bmr007.emphasis.568" type="emphasis">
      <nite:child href="Bmr007.F.words.xml#id(Bmr007.w.8,704)"/>
   </speechquality>
   <speechquality nite:id="Bmr007.emphasis.569" type="emphasis">
      <nite:child href="Bmr007.F.words.xml#id(Bmr007.w.8,706)"/>
   </speechquality>
   <speechquality nite:id="Bmr007.emphasis.576" type="emphasis">
      <nite:child href="Bmr007.F.words.xml#id(Bmr007.w.8,777)..id(Bmr007.w.8,778)"/>
   </speechquality>
   <speechquality nite:id="Bmr007.emphasis.577" type="emphasis">
      <nite:child href="Bmr007.F.words.xml#id(Bmr007.w.8,790)"/>
   </speechquality>
   <speechquality nite:id="Bmr007.emphasis.578" type="emphasis">
      <nite:child href="Bmr007.F.words.xml#id(Bmr007.w.8,797)"/>
   </speechquality>
   <speechquality nite:id="Bmr007.emphasis.579" type="emphasis">
      <nite:child href="Bmr007.F.words.xml#id(Bmr007.w.8,808)"/>
   </speechquality>
   <speechquality nite:id="Bmr007.emphasis.580" type="emphasis">
      <nite:child href="Bmr007.F.words.xml#id(Bmr007.w.8,820)"/>
   </speechquality>
   <speechquality nite:id="Bmr007.emphasis.584" type="emphasis">
      <nite:child href="Bmr007.F.words.xml#id(Bmr007.w.8,873)"/>
   </speechquality>
   <speechquality nite:id="Bmr007.emphasis.800" type="emphasis">
      <nite:child href="Bmr007.F.words.xml#id(Bmr007.w.12,775)"/>
   </speechquality>
   <speechquality nite:id="Bmr007.emphasis.801" type="emphasis">
      <nite:child href="Bmr007.F.words.xml#id(Bmr007.w.12,787)"/>
   </speechquality>
   <speechquality nite:id="Bmr007.emphasis.802" type="emphasis">
      <nite:child href="Bmr007.F.words.xml#id(Bmr007.w.12,804)"/>
   </speechquality>
   <speechquality nite:id="Bmr007.emphasis.813" type="emphasis">
      <nite:child href="Bmr007.F.words.xml#id(Bmr007.w.12,975)"/>
   </speechquality>
   <speechquality nite:id="Bmr007.emphasis.866" type="emphasis">
      <nite:child href="Bmr007.F.words.xml#id(Bmr007.w.13,955)"/>
   </speechquality>
   <speechquality nite:id="Bmr007.emphasis.867" type="emphasis">
      <nite:child href="Bmr007.F.words.xml#id(Bmr007.w.13,990)"/>
   </speechquality>
   <speechquality nite:id="Bmr007.emphasis.868" type="emphasis">
      <nite:child href="Bmr007.F.words.xml#id(Bmr007.w.13,991)..id(Bmr007.w.13,992)"/>
   </speechquality>
   <speechquality nite:id="Bmr007.emphasis.877" type="emphasis">
      <nite:child href="Bmr007.F.words.xml#id(Bmr007.w.14,104)"/>
   </speechquality>
   <speechquality nite:id="Bmr007.emphasis.878" type="emphasis">
      <nite:child href="Bmr007.F.words.xml#id(Bmr007.w.14,112)..id(Bmr007.w.14,113)"/>
   </speechquality>
   <speechquality nite:id="Bmr007.emphasis.879" type="emphasis">
      <nite:child href="Bmr007.F.words.xml#id(Bmr007.w.14,115)"/>
   </speechquality>
   <speechquality nite:id="Bmr007.emphasis.888" type="emphasis">
      <nite:child href="Bmr007.F.words.xml#id(Bmr007.w.14,268)..id(Bmr007.w.14,269)"/>
   </speechquality>
   <speechquality nite:id="Bmr007.emphasis.889" type="emphasis">
      <nite:child href="Bmr007.F.words.xml#id(Bmr007.w.14,328)"/>
   </speechquality>
   <speechquality nite:id="Bmr007.emphasis.890" type="emphasis">
      <nite:child href="Bmr007.F.words.xml#id(Bmr007.w.14,344)"/>
   </speechquality>
   <speechquality nite:id="Bmr007.uncertain.58" type="uncertain">
      <nite:child href="Bmr007.F.words.xml#id(Bmr007.w.14,362)"/>
   </speechquality>
   <speechquality nite:id="Bmr007.emphasis.894" type="emphasis">
      <nite:child href="Bmr007.F.words.xml#id(Bmr007.w.14,562)"/>
   </speechquality>
   <speechquality nite:id="Bmr007.emphasis.895" type="emphasis">
      <nite:child href="Bmr007.F.words.xml#id(Bmr007.w.14,565)"/>
   </speechquality>
   <speechquality nite:id="Bmr007.emphasis.903" type="emphasis">
      <nite:child href="Bmr007.F.words.xml#id(Bmr007.w.14,677)"/>
   </speechquality>
   <speechquality nite:id="Bmr007.emphasis.904" type="emphasis">
      <nite:child href="Bmr007.F.words.xml#id(Bmr007.w.14,679)"/>
   </speechquality>
   <speechquality nite:id="Bmr007.uncertain.60" type="uncertain">
      <nite:child href="Bmr007.F.words.xml#id(Bmr007.w.14,706)..id(Bmr007.w.14,707)"/>
   </speechquality>
   <speechquality nite:id="Bmr007.emphasis.907" type="emphasis">
      <nite:child href="Bmr007.F.words.xml#id(Bmr007.w.14,733)..id(Bmr007.w.14,734)"/>
   </speechquality>
   <speechquality nite:id="Bmr007.emphasis.908" type="emphasis">
      <nite:child href="Bmr007.F.words.xml#id(Bmr007.w.14,743)"/>
   </speechquality>
   <speechquality nite:id="Bmr007.emphasis.910" type="emphasis">
      <nite:child href="Bmr007.F.words.xml#id(Bmr007.w.14,761)"/>
   </speechquality>
   <speechquality nite:id="Bmr007.emphasis.912" type="emphasis">
      <nite:child href="Bmr007.F.words.xml#id(Bmr007.w.14,791)"/>
   </speechquality>
   <speechquality nite:id="Bmr007.emphasis.914" type="emphasis">
      <nite:child href="Bmr007.F.words.xml#id(Bmr007.w.14,817)"/>
   </speechquality>
   <speechquality nite:id="Bmr007.emphasis.915" type="emphasis">
      <nite:child href="Bmr007.F.words.xml#id(Bmr007.w.14,822)"/>
   </speechquality>
   <speechquality nite:id="Bmr007.emphasis.931" type="emphasis">
      <nite:child href="Bmr007.F.words.xml#id(Bmr007.w.15,617)"/>
   </speechquality>
   <speechquality nite:id="Bmr007.emphasis.932" type="emphasis">
      <nite:child href="Bmr007.F.words.xml#id(Bmr007.w.15,620)"/>
   </speechquality>
   <speechquality nite:id="Bmr007.emphasis.933" type="emphasis">
      <nite:child href="Bmr007.F.words.xml#id(Bmr007.w.15,628)..id(Bmr007.w.15,629)"/>
   </speechquality>
   <speechquality nite:id="Bmr007.emphasis.934" type="emphasis">
      <nite:child href="Bmr007.F.words.xml#id(Bmr007.w.15,639)"/>
   </speechquality>
</nite:root>