<?xml version="1.0" encoding="ISO-8859-1" standalone="yes"?>
<nite:root nite:id="Bmr018.E.speech-quality" xmlns:nite="http://nite.sourceforge.net/">
   <speechquality nite:id="Bmr018.emphasis.1" type="emphasis">
      <nite:child href="Bmr018.E.words.xml#id(Bmr018.w.26)..id(Bmr018.w.28)"/>
   </speechquality>
   <speechquality nite:id="Bmr018.emphasis.2" type="emphasis">
      <nite:child href="Bmr018.E.words.xml#id(Bmr018.w.44)"/>
   </speechquality>
   <speechquality nite:id="Bmr018.emphasis.3" type="emphasis">
      <nite:child href="Bmr018.E.words.xml#id(Bmr018.w.53)"/>
   </speechquality>
   <speechquality nite:id="Bmr018.emphasis.4" type="emphasis">
      <nite:child href="Bmr018.E.words.xml#id(Bmr018.w.87)"/>
   </speechquality>
   <speechquality nite:id="Bmr018.emphasis.5" type="emphasis">
      <nite:child href="Bmr018.E.words.xml#id(Bmr018.w.95)"/>
   </speechquality>
   <speechquality nite:id="Bmr018.emphasis.6" type="emphasis">
      <nite:child href="Bmr018.E.words.xml#id(Bmr018.w.96)..id(Bmr018.w.97)"/>
   </speechquality>
   <speechquality nite:id="Bmr018.emphasis.7" type="emphasis">
      <nite:child href="Bmr018.E.words.xml#id(Bmr018.w.99)..id(Bmr018.w.100)"/>
   </speechquality>
   <speechquality nite:id="Bmr018.emphasis.8" type="emphasis">
      <nite:child href="Bmr018.E.words.xml#id(Bmr018.w.122)..id(Bmr018.w.123)"/>
   </speechquality>
   <speechquality nite:id="Bmr018.emphasis.9" type="emphasis">
      <nite:child href="Bmr018.E.words.xml#id(Bmr018.w.126)..id(Bmr018.w.127)"/>
   </speechquality>
   <speechquality nite:id="Bmr018.emphasis.10" type="emphasis">
      <nite:child href="Bmr018.E.words.xml#id(Bmr018.w.181)"/>
   </speechquality>
   <speechquality nite:id="Bmr018.emphasis.11" type="emphasis">
      <nite:child href="Bmr018.E.words.xml#id(Bmr018.w.198)..id(Bmr018.w.199)"/>
   </speechquality>
   <speechquality nite:id="Bmr018.emphasis.12" type="emphasis">
      <nite:child href="Bmr018.E.words.xml#id(Bmr018.w.212)"/>
   </speechquality>
   <speechquality nite:id="Bmr018.emphasis.21" type="emphasis">
      <nite:child href="Bmr018.E.words.xml#id(Bmr018.w.478)..id(Bmr018.w.479)"/>
   </speechquality>
   <speechquality nite:id="Bmr018.emphasis.22" type="emphasis">
      <nite:child href="Bmr018.E.words.xml#id(Bmr018.w.482)..id(Bmr018.w.483)"/>
   </speechquality>
   <speechquality nite:id="Bmr018.emphasis.23" type="emphasis">
      <nite:child href="Bmr018.E.words.xml#id(Bmr018.w.499)"/>
   </speechquality>
   <speechquality nite:id="Bmr018.emphasis.24" type="emphasis">
      <nite:child href="Bmr018.E.words.xml#id(Bmr018.w.535)..id(Bmr018.w.536)"/>
   </speechquality>
   <speechquality nite:id="Bmr018.emphasis.26" type="emphasis">
      <nite:child href="Bmr018.E.words.xml#id(Bmr018.w.577)..id(Bmr018.w.578)"/>
   </speechquality>
   <speechquality nite:id="Bmr018.emphasis.28" type="emphasis">
      <nite:child href="Bmr018.E.words.xml#id(Bmr018.w.607)"/>
   </speechquality>
   <speechquality nite:id="Bmr018.emphasis.37" type="emphasis">
      <nite:child href="Bmr018.E.words.xml#id(Bmr018.w.789)"/>
   </speechquality>
   <speechquality nite:id="Bmr018.emphasis.38" type="emphasis">
      <nite:child href="Bmr018.E.words.xml#id(Bmr018.w.805)"/>
   </speechquality>
   <speechquality nite:id="Bmr018.emphasis.39" type="emphasis">
      <nite:child href="Bmr018.E.words.xml#id(Bmr018.w.807)..id(Bmr018.w.808)"/>
   </speechquality>
   <speechquality nite:id="Bmr018.emphasis.40" type="emphasis">
      <nite:child href="Bmr018.E.words.xml#id(Bmr018.w.848)"/>
   </speechquality>
   <speechquality nite:id="Bmr018.emphasis.41" type="emphasis">
      <nite:child href="Bmr018.E.words.xml#id(Bmr018.w.850)"/>
   </speechquality>
   <speechquality nite:id="Bmr018.emphasis.46" type="emphasis">
      <nite:child href="Bmr018.E.words.xml#id(Bmr018.w.1,146)"/>
   </speechquality>
   <speechquality nite:id="Bmr018.emphasis.47" type="emphasis">
      <nite:child href="Bmr018.E.words.xml#id(Bmr018.w.1,161)"/>
   </speechquality>
   <speechquality nite:id="Bmr018.emphasis.48" type="emphasis">
      <nite:child href="Bmr018.E.words.xml#id(Bmr018.w.1,163)"/>
   </speechquality>
   <speechquality nite:id="Bmr018.emphasis.49" type="emphasis">
      <nite:child href="Bmr018.E.words.xml#id(Bmr018.w.1,167)"/>
   </speechquality>
   <speechquality nite:id="Bmr018.emphasis.50" type="emphasis">
      <nite:child href="Bmr018.E.words.xml#id(Bmr018.w.1,196)"/>
   </speechquality>
   <speechquality nite:id="Bmr018.emphasis.51" type="emphasis">
      <nite:child href="Bmr018.E.words.xml#id(Bmr018.w.1,291)"/>
   </speechquality>
   <speechquality nite:id="Bmr018.emphasis.52" type="emphasis">
      <nite:child href="Bmr018.E.words.xml#id(Bmr018.w.1,305)"/>
   </speechquality>
   <speechquality nite:id="Bmr018.emphasis.56" type="emphasis">
      <nite:child href="Bmr018.E.words.xml#id(Bmr018.w.1,534)"/>
   </speechquality>
   <speechquality nite:id="Bmr018.emphasis.57" type="emphasis">
      <nite:child href="Bmr018.E.words.xml#id(Bmr018.w.1,542)"/>
   </speechquality>
   <speechquality nite:id="Bmr018.emphasis.58" type="emphasis">
      <nite:child href="Bmr018.E.words.xml#id(Bmr018.w.1,553)..id(Bmr018.w.1,554)"/>
   </speechquality>
   <speechquality nite:id="Bmr018.uncertain.5" type="uncertain">
      <nite:child href="Bmr018.E.words.xml#id(Bmr018.w.1,600)"/>
   </speechquality>
   <speechquality nite:id="Bmr018.emphasis.59" type="emphasis">
      <nite:child href="Bmr018.E.words.xml#id(Bmr018.w.1,613)..id(Bmr018.w.1,614)"/>
   </speechquality>
   <speechquality nite:id="Bmr018.emphasis.60" type="emphasis">
      <nite:child href="Bmr018.E.words.xml#id(Bmr018.w.1,661)"/>
   </speechquality>
   <speechquality nite:id="Bmr018.emphasis.61" type="emphasis">
      <nite:child href="Bmr018.E.words.xml#id(Bmr018.w.1,670)"/>
   </speechquality>
   <speechquality nite:id="Bmr018.emphasis.62" type="emphasis">
      <nite:child href="Bmr018.E.words.xml#id(Bmr018.w.1,673)..id(Bmr018.w.1,674)"/>
   </speechquality>
   <speechquality nite:id="Bmr018.emphasis.63" type="emphasis">
      <nite:child href="Bmr018.E.words.xml#id(Bmr018.w.1,675)"/>
   </speechquality>
   <speechquality nite:id="Bmr018.emphasis.64" type="emphasis">
      <nite:child href="Bmr018.E.words.xml#id(Bmr018.w.1,678)"/>
   </speechquality>
   <speechquality nite:id="Bmr018.emphasis.65" type="emphasis">
      <nite:child href="Bmr018.E.words.xml#id(Bmr018.w.1,680)"/>
   </speechquality>
   <speechquality nite:id="Bmr018.emphasis.66" type="emphasis">
      <nite:child href="Bmr018.E.words.xml#id(Bmr018.w.1,682)"/>
   </speechquality>
   <speechquality nite:id="Bmr018.emphasis.67" type="emphasis">
      <nite:child href="Bmr018.E.words.xml#id(Bmr018.w.1,692)"/>
   </speechquality>
   <speechquality nite:id="Bmr018.emphasis.68" type="emphasis">
      <nite:child href="Bmr018.E.words.xml#id(Bmr018.w.1,693)"/>
   </speechquality>
   <speechquality nite:id="Bmr018.emphasis.69" type="emphasis">
      <nite:child href="Bmr018.E.words.xml#id(Bmr018.w.1,733)"/>
   </speechquality>
   <speechquality nite:id="Bmr018.emphasis.70" type="emphasis">
      <nite:child href="Bmr018.E.words.xml#id(Bmr018.w.1,738)..id(Bmr018.w.1,739)"/>
   </speechquality>
   <speechquality nite:id="Bmr018.emphasis.71" type="emphasis">
      <nite:child href="Bmr018.E.words.xml#id(Bmr018.w.1,762)"/>
   </speechquality>
   <speechquality nite:id="Bmr018.emphasis.72" type="emphasis">
      <nite:child href="Bmr018.E.words.xml#id(Bmr018.w.1,774)"/>
   </speechquality>
   <speechquality nite:id="Bmr018.emphasis.73" type="emphasis">
      <nite:child href="Bmr018.E.words.xml#id(Bmr018.w.1,778)"/>
   </speechquality>
   <speechquality nite:id="Bmr018.emphasis.74" type="emphasis">
      <nite:child href="Bmr018.E.words.xml#id(Bmr018.w.1,785)"/>
   </speechquality>
   <speechquality nite:id="Bmr018.emphasis.81" type="emphasis">
      <nite:child href="Bmr018.E.words.xml#id(Bmr018.w.2,102)"/>
   </speechquality>
   <speechquality nite:id="Bmr018.emphasis.82" type="emphasis">
      <nite:child href="Bmr018.E.words.xml#id(Bmr018.w.2,117)..id(Bmr018.w.2,118)"/>
   </speechquality>
   <speechquality nite:id="Bmr018.emphasis.83" type="emphasis">
      <nite:child href="Bmr018.E.words.xml#id(Bmr018.w.2,129)..id(Bmr018.w.2,130)"/>
   </speechquality>
   <speechquality nite:id="Bmr018.emphasis.84" type="emphasis">
      <nite:child href="Bmr018.E.words.xml#id(Bmr018.w.2,133)"/>
   </speechquality>
   <speechquality nite:id="Bmr018.emphasis.85" type="emphasis">
      <nite:child href="Bmr018.E.words.xml#id(Bmr018.w.2,134)..id(Bmr018.w.2,135)"/>
   </speechquality>
   <speechquality nite:id="Bmr018.emphasis.87" type="emphasis">
      <nite:child href="Bmr018.E.words.xml#id(Bmr018.w.2,311)..id(Bmr018.w.2,312)"/>
   </speechquality>
   <speechquality nite:id="Bmr018.emphasis.88" type="emphasis">
      <nite:child href="Bmr018.E.words.xml#id(Bmr018.w.2,317)"/>
   </speechquality>
   <speechquality nite:id="Bmr018.emphasis.89" type="emphasis">
      <nite:child href="Bmr018.E.words.xml#id(Bmr018.w.2,324)"/>
   </speechquality>
   <speechquality nite:id="Bmr018.emphasis.90" type="emphasis">
      <nite:child href="Bmr018.E.words.xml#id(Bmr018.w.2,343)"/>
   </speechquality>
   <speechquality nite:id="Bmr018.emphasis.91" type="emphasis">
      <nite:child href="Bmr018.E.words.xml#id(Bmr018.w.2,351)"/>
   </speechquality>
   <speechquality nite:id="Bmr018.emphasis.93" type="emphasis">
      <nite:child href="Bmr018.E.words.xml#id(Bmr018.w.2,407)"/>
   </speechquality>
   <speechquality nite:id="Bmr018.emphasis.94" type="emphasis">
      <nite:child href="Bmr018.E.words.xml#id(Bmr018.w.2,428)"/>
   </speechquality>
   <speechquality nite:id="Bmr018.emphasis.95" type="emphasis">
      <nite:child href="Bmr018.E.words.xml#id(Bmr018.w.2,436)"/>
   </speechquality>
   <speechquality nite:id="Bmr018.emphasis.96" type="emphasis">
      <nite:child href="Bmr018.E.words.xml#id(Bmr018.w.2,440)"/>
   </speechquality>
   <speechquality nite:id="Bmr018.emphasis.97" type="emphasis">
      <nite:child href="Bmr018.E.words.xml#id(Bmr018.w.2,445)"/>
   </speechquality>
   <speechquality nite:id="Bmr018.emphasis.98" type="emphasis">
      <nite:child href="Bmr018.E.words.xml#id(Bmr018.w.2,451)"/>
   </speechquality>
   <speechquality nite:id="Bmr018.emphasis.99" type="emphasis">
      <nite:child href="Bmr018.E.words.xml#id(Bmr018.w.2,456)"/>
   </speechquality>
   <speechquality nite:id="Bmr018.emphasis.103" type="emphasis">
      <nite:child href="Bmr018.E.words.xml#id(Bmr018.w.2,572)..id(Bmr018.w.2,573)"/>
   </speechquality>
   <speechquality nite:id="Bmr018.emphasis.104" type="emphasis">
      <nite:child href="Bmr018.E.words.xml#id(Bmr018.w.2,587)..id(Bmr018.w.2,588)"/>
   </speechquality>
   <speechquality nite:id="Bmr018.emphasis.106" type="emphasis">
      <nite:child href="Bmr018.E.words.xml#id(Bmr018.w.2,774)"/>
   </speechquality>
   <speechquality nite:id="Bmr018.emphasis.107" type="emphasis">
      <nite:child href="Bmr018.E.words.xml#id(Bmr018.w.2,792)"/>
   </speechquality>
   <speechquality nite:id="Bmr018.emphasis.108" type="emphasis">
      <nite:child href="Bmr018.E.words.xml#id(Bmr018.w.2,793)"/>
   </speechquality>
   <speechquality nite:id="Bmr018.emphasis.109" type="emphasis">
      <nite:child href="Bmr018.E.words.xml#id(Bmr018.w.2,796)..id(Bmr018.w.2,797)"/>
   </speechquality>
   <speechquality nite:id="Bmr018.emphasis.116" type="emphasis">
      <nite:child href="Bmr018.E.words.xml#id(Bmr018.w.2,992)..id(Bmr018.w.2,993)"/>
   </speechquality>
   <speechquality nite:id="Bmr018.emphasis.117" type="emphasis">
      <nite:child href="Bmr018.E.words.xml#id(Bmr018.w.3,017)"/>
   </speechquality>
   <speechquality nite:id="Bmr018.emphasis.122" type="emphasis">
      <nite:child href="Bmr018.E.words.xml#id(Bmr018.w.3,427)"/>
   </speechquality>
   <speechquality nite:id="Bmr018.emphasis.123" type="emphasis">
      <nite:child href="Bmr018.E.words.xml#id(Bmr018.w.3,428)"/>
   </speechquality>
   <speechquality nite:id="Bmr018.emphasis.124" type="emphasis">
      <nite:child href="Bmr018.E.words.xml#id(Bmr018.w.3,452)"/>
   </speechquality>
   <speechquality nite:id="Bmr018.emphasis.125" type="emphasis">
      <nite:child href="Bmr018.E.words.xml#id(Bmr018.w.3,457)"/>
   </speechquality>
   <speechquality nite:id="Bmr018.emphasis.127" type="emphasis">
      <nite:child href="Bmr018.E.words.xml#id(Bmr018.w.3,478)"/>
   </speechquality>
   <speechquality nite:id="Bmr018.emphasis.128" type="emphasis">
      <nite:child href="Bmr018.E.words.xml#id(Bmr018.w.3,489)..id(Bmr018.w.3,490)"/>
   </speechquality>
   <speechquality nite:id="Bmr018.emphasis.132" type="emphasis">
      <nite:child href="Bmr018.E.words.xml#id(Bmr018.w.3,639)"/>
   </speechquality>
   <speechquality nite:id="Bmr018.emphasis.134" type="emphasis">
      <nite:child href="Bmr018.E.words.xml#id(Bmr018.w.3,670)"/>
   </speechquality>
   <speechquality nite:id="Bmr018.emphasis.138" type="emphasis">
      <nite:child href="Bmr018.E.words.xml#id(Bmr018.w.3,716)"/>
   </speechquality>
   <speechquality nite:id="Bmr018.emphasis.140" type="emphasis">
      <nite:child href="Bmr018.E.words.xml#id(Bmr018.w.3,736)"/>
   </speechquality>
   <speechquality nite:id="Bmr018.emphasis.142" type="emphasis">
      <nite:child href="Bmr018.E.words.xml#id(Bmr018.w.3,789)"/>
   </speechquality>
   <speechquality nite:id="Bmr018.emphasis.143" type="emphasis">
      <nite:child href="Bmr018.E.words.xml#id(Bmr018.w.3,799)"/>
   </speechquality>
   <speechquality nite:id="Bmr018.emphasis.144" type="emphasis">
      <nite:child href="Bmr018.E.words.xml#id(Bmr018.w.3,810)"/>
   </speechquality>
   <speechquality nite:id="Bmr018.emphasis.145" type="emphasis">
      <nite:child href="Bmr018.E.words.xml#id(Bmr018.w.3,817)"/>
   </speechquality>
   <speechquality nite:id="Bmr018.emphasis.146" type="emphasis">
      <nite:child href="Bmr018.E.words.xml#id(Bmr018.w.3,836)"/>
   </speechquality>
   <speechquality nite:id="Bmr018.emphasis.149" type="emphasis">
      <nite:child href="Bmr018.E.words.xml#id(Bmr018.w.3,938)"/>
   </speechquality>
   <speechquality nite:id="Bmr018.emphasis.151" type="emphasis">
      <nite:child href="Bmr018.E.words.xml#id(Bmr018.w.4,039)"/>
   </speechquality>
   <speechquality nite:id="Bmr018.emphasis.155" type="emphasis">
      <nite:child href="Bmr018.E.words.xml#id(Bmr018.w.4,233)"/>
   </speechquality>
   <speechquality nite:id="Bmr018.emphasis.156" type="emphasis">
      <nite:child href="Bmr018.E.words.xml#id(Bmr018.w.4,274)"/>
   </speechquality>
   <speechquality nite:id="Bmr018.uncertain.12" type="uncertain">
      <nite:child href="Bmr018.E.words.xml#id(Bmr018.w.4,278)"/>
   </speechquality>
   <speechquality nite:id="Bmr018.emphasis.157" type="emphasis">
      <nite:child href="Bmr018.E.words.xml#id(Bmr018.w.4,308)..id(Bmr018.w.4,309)"/>
   </speechquality>
   <speechquality nite:id="Bmr018.emphasis.158" type="emphasis">
      <nite:child href="Bmr018.E.words.xml#id(Bmr018.w.4,314)"/>
   </speechquality>
   <speechquality nite:id="Bmr018.emphasis.159" type="emphasis">
      <nite:child href="Bmr018.E.words.xml#id(Bmr018.w.4,524)..id(Bmr018.w.4,525)"/>
   </speechquality>
   <speechquality nite:id="Bmr018.emphasis.160" type="emphasis">
      <nite:child href="Bmr018.E.words.xml#id(Bmr018.w.4,703)..id(Bmr018.w.4,704)"/>
   </speechquality>
   <speechquality nite:id="Bmr018.emphasis.161" type="emphasis">
      <nite:child href="Bmr018.E.words.xml#id(Bmr018.w.4,712)..id(Bmr018.w.4,713)"/>
   </speechquality>
   <speechquality nite:id="Bmr018.emphasis.162" type="emphasis">
      <nite:child href="Bmr018.E.words.xml#id(Bmr018.w.4,849)"/>
   </speechquality>
   <speechquality nite:id="Bmr018.emphasis.163" type="emphasis">
      <nite:child href="Bmr018.E.words.xml#id(Bmr018.w.4,882)"/>
   </speechquality>
   <speechquality nite:id="Bmr018.emphasis.164" type="emphasis">
      <nite:child href="Bmr018.E.words.xml#id(Bmr018.w.4,892)..id(Bmr018.w.4,893)"/>
   </speechquality>
   <speechquality nite:id="Bmr018.uncertain.15" type="uncertain">
      <nite:child href="Bmr018.E.words.xml#id(Bmr018.w.5,015)"/>
   </speechquality>
   <speechquality nite:id="Bmr018.emphasis.167" type="emphasis">
      <nite:child href="Bmr018.E.words.xml#id(Bmr018.w.5,027)"/>
   </speechquality>
   <speechquality nite:id="Bmr018.emphasis.168" type="emphasis">
      <nite:child href="Bmr018.E.words.xml#id(Bmr018.w.5,032)"/>
   </speechquality>
   <speechquality nite:id="Bmr018.emphasis.169" type="emphasis">
      <nite:child href="Bmr018.E.words.xml#id(Bmr018.w.5,037)..id(Bmr018.w.5,038)"/>
   </speechquality>
   <speechquality nite:id="Bmr018.emphasis.170" type="emphasis">
      <nite:child href="Bmr018.E.words.xml#id(Bmr018.w.5,042)"/>
   </speechquality>
   <speechquality nite:id="Bmr018.emphasis.171" type="emphasis">
      <nite:child href="Bmr018.E.words.xml#id(Bmr018.w.5,051)"/>
   </speechquality>
   <speechquality nite:id="Bmr018.emphasis.172" type="emphasis">
      <nite:child href="Bmr018.E.words.xml#id(Bmr018.w.5,053)"/>
   </speechquality>
   <speechquality nite:id="Bmr018.emphasis.173" type="emphasis">
      <nite:child href="Bmr018.E.words.xml#id(Bmr018.w.5,057)"/>
   </speechquality>
   <speechquality nite:id="Bmr018.emphasis.174" type="emphasis">
      <nite:child href="Bmr018.E.words.xml#id(Bmr018.w.5,081)..id(Bmr018.w.5,082)"/>
   </speechquality>
   <speechquality nite:id="Bmr018.emphasis.175" type="emphasis">
      <nite:child href="Bmr018.E.words.xml#id(Bmr018.w.5,088)"/>
   </speechquality>
   <speechquality nite:id="Bmr018.emphasis.176" type="emphasis">
      <nite:child href="Bmr018.E.words.xml#id(Bmr018.w.5,100)"/>
   </speechquality>
   <speechquality nite:id="Bmr018.emphasis.177" type="emphasis">
      <nite:child href="Bmr018.E.words.xml#id(Bmr018.w.5,103)"/>
   </speechquality>
   <speechquality nite:id="Bmr018.emphasis.178" type="emphasis">
      <nite:child href="Bmr018.E.words.xml#id(Bmr018.w.5,122)..id(Bmr018.w.5,123)"/>
   </speechquality>
   <speechquality nite:id="Bmr018.emphasis.179" type="emphasis">
      <nite:child href="Bmr018.E.words.xml#id(Bmr018.w.5,128)"/>
   </speechquality>
   <speechquality nite:id="Bmr018.emphasis.180" type="emphasis">
      <nite:child href="Bmr018.E.words.xml#id(Bmr018.w.5,138)"/>
   </speechquality>
   <speechquality nite:id="Bmr018.emphasis.181" type="emphasis">
      <nite:child href="Bmr018.E.words.xml#id(Bmr018.w.5,144)..id(Bmr018.w.5,145)"/>
   </speechquality>
   <speechquality nite:id="Bmr018.emphasis.182" type="emphasis">
      <nite:child href="Bmr018.E.words.xml#id(Bmr018.w.5,162)..id(Bmr018.w.5,163)"/>
   </speechquality>
   <speechquality nite:id="Bmr018.emphasis.183" type="emphasis">
      <nite:child href="Bmr018.E.words.xml#id(Bmr018.w.5,168)"/>
   </speechquality>
   <speechquality nite:id="Bmr018.emphasis.184" type="emphasis">
      <nite:child href="Bmr018.E.words.xml#id(Bmr018.w.5,199)..id(Bmr018.w.5,200)"/>
   </speechquality>
   <speechquality nite:id="Bmr018.emphasis.185" type="emphasis">
      <nite:child href="Bmr018.E.words.xml#id(Bmr018.w.5,421)"/>
   </speechquality>
   <speechquality nite:id="Bmr018.emphasis.186" type="emphasis">
      <nite:child href="Bmr018.E.words.xml#id(Bmr018.w.5,430)"/>
   </speechquality>
   <speechquality nite:id="Bmr018.emphasis.189" type="emphasis">
      <nite:child href="Bmr018.E.words.xml#id(Bmr018.w.5,484)"/>
   </speechquality>
   <speechquality nite:id="Bmr018.emphasis.215" type="emphasis">
      <nite:child href="Bmr018.E.words.xml#id(Bmr018.w.6,675)"/>
   </speechquality>
   <speechquality nite:id="Bmr018.emphasis.219" type="emphasis">
      <nite:child href="Bmr018.E.words.xml#id(Bmr018.w.6,707)"/>
   </speechquality>
   <speechquality nite:id="Bmr018.emphasis.220" type="emphasis">
      <nite:child href="Bmr018.E.words.xml#id(Bmr018.w.6,711)..id(Bmr018.w.6,712)"/>
   </speechquality>
   <speechquality nite:id="Bmr018.uncertain.20" type="uncertain">
      <nite:child href="Bmr018.E.words.xml#id(Bmr018.w.7,005)"/>
   </speechquality>
   <speechquality nite:id="Bmr018.uncertain.22" type="uncertain" numsyllables="1.0">
      <nite:child href="Bmr018.E.words.xml#id(Bmr018.w.7,227)..id(Bmr018.w.7,228)"/>
   </speechquality>
   <speechquality nite:id="Bmr018.emphasis.243" type="emphasis">
      <nite:child href="Bmr018.E.words.xml#id(Bmr018.w.7,233)"/>
   </speechquality>
   <speechquality nite:id="Bmr018.emphasis.247" type="emphasis">
      <nite:child href="Bmr018.E.words.xml#id(Bmr018.w.7,713)..id(Bmr018.w.7,714)"/>
   </speechquality>
   <speechquality nite:id="Bmr018.emphasis.248" type="emphasis">
      <nite:child href="Bmr018.E.words.xml#id(Bmr018.w.7,848)..id(Bmr018.w.7,849)"/>
   </speechquality>
   <speechquality nite:id="Bmr018.emphasis.252" type="emphasis">
      <nite:child href="Bmr018.E.words.xml#id(Bmr018.w.8,023)"/>
   </speechquality>
   <speechquality nite:id="Bmr018.emphasis.253" type="emphasis">
      <nite:child href="Bmr018.E.words.xml#id(Bmr018.w.8,027)"/>
   </speechquality>
   <speechquality nite:id="Bmr018.emphasis.256" type="emphasis">
      <nite:child href="Bmr018.E.words.xml#id(Bmr018.w.8,466)"/>
   </speechquality>
   <speechquality nite:id="Bmr018.emphasis.257" type="emphasis">
      <nite:child href="Bmr018.E.words.xml#id(Bmr018.w.8,468)"/>
   </speechquality>
   <speechquality nite:id="Bmr018.emphasis.258" type="emphasis">
      <nite:child href="Bmr018.E.words.xml#id(Bmr018.w.8,495)"/>
   </speechquality>
   <speechquality nite:id="Bmr018.emphasis.259" type="emphasis">
      <nite:child href="Bmr018.E.words.xml#id(Bmr018.w.8,503)"/>
   </speechquality>
   <speechquality nite:id="Bmr018.emphasis.260" type="emphasis">
      <nite:child href="Bmr018.E.words.xml#id(Bmr018.w.8,506)..id(Bmr018.w.8,507)"/>
   </speechquality>
   <speechquality nite:id="Bmr018.emphasis.261" type="emphasis">
      <nite:child href="Bmr018.E.words.xml#id(Bmr018.w.8,513)"/>
   </speechquality>
   <speechquality nite:id="Bmr018.emphasis.262" type="emphasis">
      <nite:child href="Bmr018.E.words.xml#id(Bmr018.w.8,514)..id(Bmr018.w.8,516)"/>
   </speechquality>
   <speechquality nite:id="Bmr018.emphasis.263" type="emphasis">
      <nite:child href="Bmr018.E.words.xml#id(Bmr018.w.8,520)"/>
   </speechquality>
   <speechquality nite:id="Bmr018.emphasis.264" type="emphasis">
      <nite:child href="Bmr018.E.words.xml#id(Bmr018.w.8,566)"/>
   </speechquality>
   <speechquality nite:id="Bmr018.emphasis.267" type="emphasis">
      <nite:child href="Bmr018.E.words.xml#id(Bmr018.w.8,944)"/>
   </speechquality>
   <speechquality nite:id="Bmr018.emphasis.268" type="emphasis">
      <nite:child href="Bmr018.E.words.xml#id(Bmr018.w.9,105)..id(Bmr018.w.9,106)"/>
   </speechquality>
   <speechquality nite:id="Bmr018.emphasis.270" type="emphasis">
      <nite:child href="Bmr018.E.words.xml#id(Bmr018.w.9,410)"/>
   </speechquality>
   <speechquality nite:id="Bmr018.emphasis.271" type="emphasis">
      <nite:child href="Bmr018.E.words.xml#id(Bmr018.w.9,417)"/>
   </speechquality>
   <speechquality nite:id="Bmr018.emphasis.272" type="emphasis">
      <nite:child href="Bmr018.E.words.xml#id(Bmr018.w.9,428)"/>
   </speechquality>
   <speechquality nite:id="Bmr018.emphasis.273" type="emphasis">
      <nite:child href="Bmr018.E.words.xml#id(Bmr018.w.9,430)"/>
   </speechquality>
   <speechquality nite:id="Bmr018.emphasis.274" type="emphasis">
      <nite:child href="Bmr018.E.words.xml#id(Bmr018.w.9,436)"/>
   </speechquality>
   <speechquality nite:id="Bmr018.emphasis.275" type="emphasis">
      <nite:child href="Bmr018.E.words.xml#id(Bmr018.w.9,514)..id(Bmr018.w.9,515)"/>
   </speechquality>
   <speechquality nite:id="Bmr018.emphasis.276" type="emphasis">
      <nite:child href="Bmr018.E.words.xml#id(Bmr018.w.9,522)..id(Bmr018.w.9,523)"/>
   </speechquality>
   <speechquality nite:id="Bmr018.emphasis.277" type="emphasis">
      <nite:child href="Bmr018.E.words.xml#id(Bmr018.w.9,539)"/>
   </speechquality>
   <speechquality nite:id="Bmr018.emphasis.278" type="emphasis">
      <nite:child href="Bmr018.E.words.xml#id(Bmr018.w.9,578)"/>
   </speechquality>
   <speechquality nite:id="Bmr018.emphasis.279" type="emphasis">
      <nite:child href="Bmr018.E.words.xml#id(Bmr018.w.9,586)"/>
   </speechquality>
   <speechquality nite:id="Bmr018.emphasis.281" type="emphasis">
      <nite:child href="Bmr018.E.words.xml#id(Bmr018.w.9,644)..id(Bmr018.w.9,645)"/>
   </speechquality>
   <speechquality nite:id="Bmr018.emphasis.282" type="emphasis">
      <nite:child href="Bmr018.E.words.xml#id(Bmr018.w.9,652)..id(Bmr018.w.9,653)"/>
   </speechquality>
   <speechquality nite:id="Bmr018.emphasis.301" type="emphasis">
      <nite:child href="Bmr018.E.words.xml#id(Bmr018.w.10,124)"/>
   </speechquality>
   <speechquality nite:id="Bmr018.emphasis.304" type="emphasis">
      <nite:child href="Bmr018.E.words.xml#id(Bmr018.w.10,392)..id(Bmr018.w.10,393)"/>
   </speechquality>
   <speechquality nite:id="Bmr018.emphasis.308" type="emphasis">
      <nite:child href="Bmr018.E.words.xml#id(Bmr018.w.11,287)"/>
   </speechquality>
   <speechquality nite:id="Bmr018.emphasis.309" type="emphasis">
      <nite:child href="Bmr018.E.words.xml#id(Bmr018.w.11,307)"/>
   </speechquality>
   <speechquality nite:id="Bmr018.emphasis.310" type="emphasis">
      <nite:child href="Bmr018.E.words.xml#id(Bmr018.w.11,328)"/>
   </speechquality>
   <speechquality nite:id="Bmr018.emphasis.311" type="emphasis">
      <nite:child href="Bmr018.E.words.xml#id(Bmr018.w.11,416)..id(Bmr018.w.11,417)"/>
   </speechquality>
   <speechquality nite:id="Bmr018.emphasis.315" type="emphasis">
      <nite:child href="Bmr018.E.words.xml#id(Bmr018.w.11,553)"/>
   </speechquality>
   <speechquality nite:id="Bmr018.emphasis.319" type="emphasis">
      <nite:child href="Bmr018.E.words.xml#id(Bmr018.w.11,769)"/>
   </speechquality>
   <speechquality nite:id="Bmr018.emphasis.322" type="emphasis">
      <nite:child href="Bmr018.E.words.xml#id(Bmr018.w.11,834)"/>
   </speechquality>
   <speechquality nite:id="Bmr018.emphasis.323" type="emphasis">
      <nite:child href="Bmr018.E.words.xml#id(Bmr018.w.11,847)"/>
   </speechquality>
   <speechquality nite:id="Bmr018.emphasis.324" type="emphasis">
      <nite:child href="Bmr018.E.words.xml#id(Bmr018.w.11,854)"/>
   </speechquality>
   <speechquality nite:id="Bmr018.emphasis.325" type="emphasis">
      <nite:child href="Bmr018.E.words.xml#id(Bmr018.w.11,858)..id(Bmr018.w.11,860)"/>
   </speechquality>
   <speechquality nite:id="Bmr018.emphasis.328" type="emphasis">
      <nite:child href="Bmr018.E.words.xml#id(Bmr018.w.12,317)"/>
   </speechquality>
   <speechquality nite:id="Bmr018.emphasis.329" type="emphasis">
      <nite:child href="Bmr018.E.words.xml#id(Bmr018.w.12,806)..id(Bmr018.w.12,807)"/>
   </speechquality>
   <speechquality nite:id="Bmr018.emphasis.330" type="emphasis">
      <nite:child href="Bmr018.E.words.xml#id(Bmr018.w.12,838)..id(Bmr018.w.12,839)"/>
   </speechquality>
   <speechquality nite:id="Bmr018.emphasis.331" type="emphasis">
      <nite:child href="Bmr018.E.words.xml#id(Bmr018.w.12,840)"/>
   </speechquality>
   <speechquality nite:id="Bmr018.emphasis.332" type="emphasis">
      <nite:child href="Bmr018.E.words.xml#id(Bmr018.w.12,890)"/>
   </speechquality>
   <speechquality nite:id="Bmr018.emphasis.333" type="emphasis">
      <nite:child href="Bmr018.E.words.xml#id(Bmr018.w.12,905)"/>
   </speechquality>
   <speechquality nite:id="Bmr018.emphasis.334" type="emphasis">
      <nite:child href="Bmr018.E.words.xml#id(Bmr018.w.12,926)..id(Bmr018.w.12,927)"/>
   </speechquality>
   <speechquality nite:id="Bmr018.emphasis.335" type="emphasis">
      <nite:child href="Bmr018.E.words.xml#id(Bmr018.w.13,002)..id(Bmr018.w.13,003)"/>
   </speechquality>
   <speechquality nite:id="Bmr018.emphasis.336" type="emphasis">
      <nite:child href="Bmr018.E.words.xml#id(Bmr018.w.13,208)"/>
   </speechquality>
   <speechquality nite:id="Bmr018.emphasis.337" type="emphasis">
      <nite:child href="Bmr018.E.words.xml#id(Bmr018.w.13,297)"/>
   </speechquality>
   <speechquality nite:id="Bmr018.emphasis.338" type="emphasis">
      <nite:child href="Bmr018.E.words.xml#id(Bmr018.w.13,394)"/>
   </speechquality>
   <speechquality nite:id="Bmr018.emphasis.344" type="emphasis">
      <nite:child href="Bmr018.E.words.xml#id(Bmr018.w.13,475)"/>
   </speechquality>
   <speechquality nite:id="Bmr018.emphasis.347" type="emphasis">
      <nite:child href="Bmr018.E.words.xml#id(Bmr018.w.13,634)"/>
   </speechquality>
   <speechquality nite:id="Bmr018.emphasis.348" type="emphasis">
      <nite:child href="Bmr018.E.words.xml#id(Bmr018.w.13,635)"/>
   </speechquality>
   <speechquality nite:id="Bmr018.emphasis.349" type="emphasis">
      <nite:child href="Bmr018.E.words.xml#id(Bmr018.w.13,647)"/>
   </speechquality>
   <speechquality nite:id="Bmr018.emphasis.350" type="emphasis">
      <nite:child href="Bmr018.E.words.xml#id(Bmr018.w.13,648)"/>
   </speechquality>
   <speechquality nite:id="Bmr018.emphasis.351" type="emphasis">
      <nite:child href="Bmr018.E.words.xml#id(Bmr018.w.13,818)"/>
   </speechquality>
   <speechquality nite:id="Bmr018.emphasis.353" type="emphasis">
      <nite:child href="Bmr018.E.words.xml#id(Bmr018.w.14,029)..id(Bmr018.w.14,030)"/>
   </speechquality>
   <speechquality nite:id="Bmr018.emphasis.354" type="emphasis">
      <nite:child href="Bmr018.E.words.xml#id(Bmr018.w.14,089)"/>
   </speechquality>
   <speechquality nite:id="Bmr018.emphasis.363" type="emphasis">
      <nite:child href="Bmr018.E.words.xml#id(Bmr018.w.14,629)"/>
   </speechquality>
   <speechquality nite:id="Bmr018.emphasis.367" type="emphasis">
      <nite:child href="Bmr018.E.words.xml#id(Bmr018.w.14,669)"/>
   </speechquality>
   <speechquality nite:id="Bmr018.emphasis.370" type="emphasis">
      <nite:child href="Bmr018.E.words.xml#id(Bmr018.w.14,885)"/>
   </speechquality>
   <speechquality nite:id="Bmr018.emphasis.371" type="emphasis">
      <nite:child href="Bmr018.E.words.xml#id(Bmr018.w.14,893)"/>
   </speechquality>
   <speechquality nite:id="Bmr018.emphasis.372" type="emphasis">
      <nite:child href="Bmr018.E.words.xml#id(Bmr018.w.14,951)"/>
   </speechquality>
   <speechquality nite:id="Bmr018.emphasis.373" type="emphasis">
      <nite:child href="Bmr018.E.words.xml#id(Bmr018.w.14,961)"/>
   </speechquality>
   <speechquality nite:id="Bmr018.emphasis.375" type="emphasis">
      <nite:child href="Bmr018.E.words.xml#id(Bmr018.w.15,306)"/>
   </speechquality>
   <speechquality nite:id="Bmr018.emphasis.376" type="emphasis">
      <nite:child href="Bmr018.E.words.xml#id(Bmr018.w.15,392)..id(Bmr018.w.15,393)"/>
   </speechquality>
   <speechquality nite:id="Bmr018.emphasis.379" type="emphasis">
      <nite:child href="Bmr018.E.words.xml#id(Bmr018.w.15,726)"/>
   </speechquality>
   <speechquality nite:id="Bmr018.emphasis.380" type="emphasis">
      <nite:child href="Bmr018.E.words.xml#id(Bmr018.w.15,750)"/>
   </speechquality>
   <speechquality nite:id="Bmr018.emphasis.381" type="emphasis">
      <nite:child href="Bmr018.E.words.xml#id(Bmr018.w.15,835)"/>
   </speechquality>
   <speechquality nite:id="Bmr018.emphasis.382" type="emphasis">
      <nite:child href="Bmr018.E.words.xml#id(Bmr018.w.15,862)"/>
   </speechquality>
   <speechquality nite:id="Bmr018.emphasis.383" type="emphasis">
      <nite:child href="Bmr018.E.words.xml#id(Bmr018.w.15,869)..id(Bmr018.w.15,870)"/>
   </speechquality>
   <speechquality nite:id="Bmr018.emphasis.385" type="emphasis">
      <nite:child href="Bmr018.E.words.xml#id(Bmr018.w.15,892)"/>
   </speechquality>
   <speechquality nite:id="Bmr018.emphasis.386" type="emphasis">
      <nite:child href="Bmr018.E.words.xml#id(Bmr018.w.16,495)"/>
   </speechquality>
</nite:root>