<?xml version="1.0" encoding="ISO-8859-1" standalone="yes"?>
<nite:root nite:id="Bmr009.A.speech-quality" xmlns:nite="http://nite.sourceforge.net/">
   <speechquality nite:id="Bmr009.emphasis.4" type="emphasis">
      <nite:child href="Bmr009.A.words.xml#id(Bmr009.w.249)"/>
   </speechquality>
   <speechquality nite:id="Bmr009.emphasis.38" type="emphasis">
      <nite:child href="Bmr009.A.words.xml#id(Bmr009.w.1,176)..id(Bmr009.w.1,177)"/>
   </speechquality>
   <speechquality nite:id="Bmr009.emphasis.39" type="emphasis">
      <nite:child href="Bmr009.A.words.xml#id(Bmr009.w.1,188)"/>
   </speechquality>
   <speechquality nite:id="Bmr009.emphasis.40" type="emphasis">
      <nite:child href="Bmr009.A.words.xml#id(Bmr009.w.1,194)..id(Bmr009.w.1,195)"/>
   </speechquality>
   <speechquality nite:id="Bmr009.emphasis.90" type="emphasis">
      <nite:child href="Bmr009.A.words.xml#id(Bmr009.w.2,559)..id(Bmr009.w.2,560)"/>
   </speechquality>
   <speechquality nite:id="Bmr009.emphasis.91" type="emphasis">
      <nite:child href="Bmr009.A.words.xml#id(Bmr009.w.2,565)..id(Bmr009.w.2,566)"/>
   </speechquality>
   <speechquality nite:id="Bmr009.emphasis.92" type="emphasis">
      <nite:child href="Bmr009.A.words.xml#id(Bmr009.w.2,601)"/>
   </speechquality>
   <speechquality nite:id="Bmr009.emphasis.93" type="emphasis">
      <nite:child href="Bmr009.A.words.xml#id(Bmr009.w.2,614)"/>
   </speechquality>
   <speechquality nite:id="Bmr009.emphasis.117" type="emphasis">
      <nite:child href="Bmr009.A.words.xml#id(Bmr009.w.3,243)"/>
   </speechquality>
   <speechquality nite:id="Bmr009.emphasis.122" type="emphasis">
      <nite:child href="Bmr009.A.words.xml#id(Bmr009.w.3,343)"/>
   </speechquality>
   <speechquality nite:id="Bmr009.emphasis.123" type="emphasis">
      <nite:child href="Bmr009.A.words.xml#id(Bmr009.w.3,350)..id(Bmr009.w.3,351)"/>
   </speechquality>
   <speechquality nite:id="Bmr009.emphasis.171" type="emphasis">
      <nite:child href="Bmr009.A.words.xml#id(Bmr009.w.4,343)"/>
   </speechquality>
   <speechquality nite:id="Bmr009.emphasis.172" type="emphasis">
      <nite:child href="Bmr009.A.words.xml#id(Bmr009.w.4,374)"/>
   </speechquality>
   <speechquality nite:id="Bmr009.emphasis.173" type="emphasis">
      <nite:child href="Bmr009.A.words.xml#id(Bmr009.w.4,378)"/>
   </speechquality>
   <speechquality nite:id="Bmr009.emphasis.247" type="emphasis">
      <nite:child href="Bmr009.A.words.xml#id(Bmr009.w.6,348)"/>
   </speechquality>
   <speechquality nite:id="Bmr009.emphasis.254" type="emphasis">
      <nite:child href="Bmr009.A.words.xml#id(Bmr009.w.6,620)"/>
   </speechquality>
   <speechquality nite:id="Bmr009.emphasis.255" type="emphasis">
      <nite:child href="Bmr009.A.words.xml#id(Bmr009.w.6,626)..id(Bmr009.w.6,627)"/>
   </speechquality>
   <speechquality nite:id="Bmr009.emphasis.258" type="emphasis">
      <nite:child href="Bmr009.A.words.xml#id(Bmr009.w.6,708)"/>
   </speechquality>
   <speechquality nite:id="Bmr009.emphasis.269" type="emphasis">
      <nite:child href="Bmr009.A.words.xml#id(Bmr009.w.7,154)"/>
   </speechquality>
   <speechquality nite:id="Bmr009.emphasis.275" type="emphasis">
      <nite:child href="Bmr009.A.words.xml#id(Bmr009.w.7,207)"/>
   </speechquality>
   <speechquality nite:id="Bmr009.emphasis.276" type="emphasis">
      <nite:child href="Bmr009.A.words.xml#id(Bmr009.w.7,208)..id(Bmr009.w.7,209)"/>
   </speechquality>
   <speechquality nite:id="Bmr009.emphasis.277" type="emphasis">
      <nite:child href="Bmr009.A.words.xml#id(Bmr009.w.7,237)"/>
   </speechquality>
   <speechquality nite:id="Bmr009.emphasis.278" type="emphasis">
      <nite:child href="Bmr009.A.words.xml#id(Bmr009.w.7,247)"/>
   </speechquality>
   <speechquality nite:id="Bmr009.emphasis.279" type="emphasis">
      <nite:child href="Bmr009.A.words.xml#id(Bmr009.w.7,254)"/>
   </speechquality>
   <speechquality nite:id="Bmr009.emphasis.280" type="emphasis">
      <nite:child href="Bmr009.A.words.xml#id(Bmr009.w.7,261)..id(Bmr009.w.7,262)"/>
   </speechquality>
   <speechquality nite:id="Bmr009.emphasis.281" type="emphasis">
      <nite:child href="Bmr009.A.words.xml#id(Bmr009.w.7,269)"/>
   </speechquality>
   <speechquality nite:id="Bmr009.emphasis.282" type="emphasis">
      <nite:child href="Bmr009.A.words.xml#id(Bmr009.w.7,270)..id(Bmr009.w.7,271)"/>
   </speechquality>
   <speechquality nite:id="Bmr009.emphasis.283" type="emphasis">
      <nite:child href="Bmr009.A.words.xml#id(Bmr009.w.7,307)"/>
   </speechquality>
   <speechquality nite:id="Bmr009.emphasis.284" type="emphasis">
      <nite:child href="Bmr009.A.words.xml#id(Bmr009.w.7,311)..id(Bmr009.w.7,312)"/>
   </speechquality>
   <speechquality nite:id="Bmr009.emphasis.288" type="emphasis">
      <nite:child href="Bmr009.A.words.xml#id(Bmr009.w.7,354)..id(Bmr009.w.7,355)"/>
   </speechquality>
   <speechquality nite:id="Bmr009.emphasis.289" type="emphasis">
      <nite:child href="Bmr009.A.words.xml#id(Bmr009.w.7,361)"/>
   </speechquality>
   <speechquality nite:id="Bmr009.emphasis.290" type="emphasis">
      <nite:child href="Bmr009.A.words.xml#id(Bmr009.w.7,365)"/>
   </speechquality>
   <speechquality nite:id="Bmr009.emphasis.291" type="emphasis">
      <nite:child href="Bmr009.A.words.xml#id(Bmr009.w.7,372)"/>
   </speechquality>
   <speechquality nite:id="Bmr009.emphasis.295" type="emphasis">
      <nite:child href="Bmr009.A.words.xml#id(Bmr009.w.7,421)..id(Bmr009.w.7,422)"/>
   </speechquality>
   <speechquality nite:id="Bmr009.emphasis.308" type="emphasis">
      <nite:child href="Bmr009.A.words.xml#id(Bmr009.w.7,861)"/>
   </speechquality>
   <speechquality nite:id="Bmr009.emphasis.309" type="emphasis">
      <nite:child href="Bmr009.A.words.xml#id(Bmr009.w.7,891)..id(Bmr009.w.7,892)"/>
   </speechquality>
   <speechquality nite:id="Bmr009.emphasis.310" type="emphasis">
      <nite:child href="Bmr009.A.words.xml#id(Bmr009.w.7,913)..id(Bmr009.w.7,914)"/>
   </speechquality>
   <speechquality nite:id="Bmr009.emphasis.311" type="emphasis">
      <nite:child href="Bmr009.A.words.xml#id(Bmr009.w.7,933)"/>
   </speechquality>
   <speechquality nite:id="Bmr009.emphasis.312" type="emphasis">
      <nite:child href="Bmr009.A.words.xml#id(Bmr009.w.7,943)"/>
   </speechquality>
   <speechquality nite:id="Bmr009.emphasis.313" type="emphasis">
      <nite:child href="Bmr009.A.words.xml#id(Bmr009.w.7,948)..id(Bmr009.w.7,950)"/>
   </speechquality>
   <speechquality nite:id="Bmr009.emphasis.314" type="emphasis">
      <nite:child href="Bmr009.A.words.xml#id(Bmr009.w.7,954)"/>
   </speechquality>
   <speechquality nite:id="Bmr009.emphasis.315" type="emphasis">
      <nite:child href="Bmr009.A.words.xml#id(Bmr009.w.7,962)..id(Bmr009.w.7,963)"/>
   </speechquality>
   <speechquality nite:id="Bmr009.emphasis.316" type="emphasis">
      <nite:child href="Bmr009.A.words.xml#id(Bmr009.w.8,002)"/>
   </speechquality>
   <speechquality nite:id="Bmr009.emphasis.317" type="emphasis">
      <nite:child href="Bmr009.A.words.xml#id(Bmr009.w.8,011)"/>
   </speechquality>
   <speechquality nite:id="Bmr009.emphasis.318" type="emphasis">
      <nite:child href="Bmr009.A.words.xml#id(Bmr009.w.8,014)"/>
   </speechquality>
   <speechquality nite:id="Bmr009.emphasis.328" type="emphasis">
      <nite:child href="Bmr009.A.words.xml#id(Bmr009.w.8,166)"/>
   </speechquality>
   <speechquality nite:id="Bmr009.emphasis.329" type="emphasis">
      <nite:child href="Bmr009.A.words.xml#id(Bmr009.w.8,170)"/>
   </speechquality>
   <speechquality nite:id="Bmr009.emphasis.334" type="emphasis">
      <nite:child href="Bmr009.A.words.xml#id(Bmr009.w.8,239)"/>
   </speechquality>
   <speechquality nite:id="Bmr009.emphasis.337" type="emphasis">
      <nite:child href="Bmr009.A.words.xml#id(Bmr009.w.8,319)"/>
   </speechquality>
   <speechquality nite:id="Bmr009.emphasis.338" type="emphasis">
      <nite:child href="Bmr009.A.words.xml#id(Bmr009.w.8,473)"/>
   </speechquality>
   <speechquality nite:id="Bmr009.emphasis.339" type="emphasis">
      <nite:child href="Bmr009.A.words.xml#id(Bmr009.w.8,479)"/>
   </speechquality>
   <speechquality nite:id="Bmr009.emphasis.340" type="emphasis">
      <nite:child href="Bmr009.A.words.xml#id(Bmr009.w.8,484)"/>
   </speechquality>
   <speechquality nite:id="Bmr009.emphasis.341" type="emphasis">
      <nite:child href="Bmr009.A.words.xml#id(Bmr009.w.8,489)"/>
   </speechquality>
   <speechquality nite:id="Bmr009.emphasis.342" type="emphasis">
      <nite:child href="Bmr009.A.words.xml#id(Bmr009.w.8,540)"/>
   </speechquality>
   <speechquality nite:id="Bmr009.emphasis.343" type="emphasis">
      <nite:child href="Bmr009.A.words.xml#id(Bmr009.w.8,560)"/>
   </speechquality>
   <speechquality nite:id="Bmr009.emphasis.344" type="emphasis">
      <nite:child href="Bmr009.A.words.xml#id(Bmr009.w.8,568)"/>
   </speechquality>
   <speechquality nite:id="Bmr009.emphasis.356" type="emphasis">
      <nite:child href="Bmr009.A.words.xml#id(Bmr009.w.8,929)"/>
   </speechquality>
   <speechquality nite:id="Bmr009.emphasis.357" type="emphasis">
      <nite:child href="Bmr009.A.words.xml#id(Bmr009.w.8,935)"/>
   </speechquality>
   <speechquality nite:id="Bmr009.emphasis.358" type="emphasis">
      <nite:child href="Bmr009.A.words.xml#id(Bmr009.w.8,937)..id(Bmr009.w.8,938)"/>
   </speechquality>
   <speechquality nite:id="Bmr009.emphasis.359" type="emphasis">
      <nite:child href="Bmr009.A.words.xml#id(Bmr009.w.8,944)..id(Bmr009.w.8,945)"/>
   </speechquality>
   <speechquality nite:id="Bmr009.emphasis.364" type="emphasis">
      <nite:child href="Bmr009.A.words.xml#id(Bmr009.w.9,083)"/>
   </speechquality>
   <speechquality nite:id="Bmr009.emphasis.365" type="emphasis">
      <nite:child href="Bmr009.A.words.xml#id(Bmr009.w.9,098)"/>
   </speechquality>
   <speechquality nite:id="Bmr009.emphasis.369" type="emphasis">
      <nite:child href="Bmr009.A.words.xml#id(Bmr009.w.9,142)"/>
   </speechquality>
   <speechquality nite:id="Bmr009.emphasis.371" type="emphasis">
      <nite:child href="Bmr009.A.words.xml#id(Bmr009.w.9,196)"/>
   </speechquality>
   <speechquality nite:id="Bmr009.emphasis.372" type="emphasis">
      <nite:child href="Bmr009.A.words.xml#id(Bmr009.w.9,202)"/>
   </speechquality>
   <speechquality nite:id="Bmr009.emphasis.373" type="emphasis">
      <nite:child href="Bmr009.A.words.xml#id(Bmr009.w.9,205)..id(Bmr009.w.9,206)"/>
   </speechquality>
   <speechquality nite:id="Bmr009.emphasis.374" type="emphasis">
      <nite:child href="Bmr009.A.words.xml#id(Bmr009.w.9,221)"/>
   </speechquality>
   <speechquality nite:id="Bmr009.emphasis.375" type="emphasis">
      <nite:child href="Bmr009.A.words.xml#id(Bmr009.w.9,232)..id(Bmr009.w.9,233)"/>
   </speechquality>
   <speechquality nite:id="Bmr009.emphasis.376" type="emphasis">
      <nite:child href="Bmr009.A.words.xml#id(Bmr009.w.9,250)..id(Bmr009.w.9,252)"/>
   </speechquality>
   <speechquality nite:id="Bmr009.emphasis.389" type="emphasis">
      <nite:child href="Bmr009.A.words.xml#id(Bmr009.w.9,684)"/>
   </speechquality>
   <speechquality nite:id="Bmr009.emphasis.390" type="emphasis">
      <nite:child href="Bmr009.A.words.xml#id(Bmr009.w.9,689)..id(Bmr009.w.9,690)"/>
   </speechquality>
   <speechquality nite:id="Bmr009.emphasis.391" type="emphasis">
      <nite:child href="Bmr009.A.words.xml#id(Bmr009.w.9,691)"/>
   </speechquality>
   <speechquality nite:id="Bmr009.emphasis.392" type="emphasis">
      <nite:child href="Bmr009.A.words.xml#id(Bmr009.w.9,704)"/>
   </speechquality>
   <speechquality nite:id="Bmr009.emphasis.393" type="emphasis">
      <nite:child href="Bmr009.A.words.xml#id(Bmr009.w.9,714)..id(Bmr009.w.9,715)"/>
   </speechquality>
   <speechquality nite:id="Bmr009.emphasis.396" type="emphasis">
      <nite:child href="Bmr009.A.words.xml#id(Bmr009.w.9,785)"/>
   </speechquality>
   <speechquality nite:id="Bmr009.emphasis.401" type="emphasis">
      <nite:child href="Bmr009.A.words.xml#id(Bmr009.w.9,845)"/>
   </speechquality>
   <speechquality nite:id="Bmr009.emphasis.402" type="emphasis">
      <nite:child href="Bmr009.A.words.xml#id(Bmr009.w.9,852)..id(Bmr009.w.9,853)"/>
   </speechquality>
   <speechquality nite:id="Bmr009.emphasis.403" type="emphasis">
      <nite:child href="Bmr009.A.words.xml#id(Bmr009.w.9,887)"/>
   </speechquality>
   <speechquality nite:id="Bmr009.emphasis.404" type="emphasis">
      <nite:child href="Bmr009.A.words.xml#id(Bmr009.w.9,890)"/>
   </speechquality>
   <speechquality nite:id="Bmr009.uncertain.34" type="uncertain" numsyllables="1.0">
      <nite:child href="Bmr009.A.words.xml#id(Bmr009.w.10,036)..id(Bmr009.w.10,037)"/>
   </speechquality>
   <speechquality nite:id="Bmr009.emphasis.405" type="emphasis">
      <nite:child href="Bmr009.A.words.xml#id(Bmr009.w.10,093)"/>
   </speechquality>
   <speechquality nite:id="Bmr009.emphasis.406" type="emphasis">
      <nite:child href="Bmr009.A.words.xml#id(Bmr009.w.10,109)"/>
   </speechquality>
   <speechquality nite:id="Bmr009.emphasis.411" type="emphasis">
      <nite:child href="Bmr009.A.words.xml#id(Bmr009.w.10,246)..id(Bmr009.w.10,247)"/>
   </speechquality>
   <speechquality nite:id="Bmr009.emphasis.421" type="emphasis">
      <nite:child href="Bmr009.A.words.xml#id(Bmr009.w.10,499)"/>
   </speechquality>
   <speechquality nite:id="Bmr009.emphasis.422" type="emphasis">
      <nite:child href="Bmr009.A.words.xml#id(Bmr009.w.10,504)..id(Bmr009.w.10,505)"/>
   </speechquality>
   <speechquality nite:id="Bmr009.emphasis.423" type="emphasis">
      <nite:child href="Bmr009.A.words.xml#id(Bmr009.w.10,524)"/>
   </speechquality>
   <speechquality nite:id="Bmr009.emphasis.424" type="emphasis">
      <nite:child href="Bmr009.A.words.xml#id(Bmr009.w.10,536)"/>
   </speechquality>
   <speechquality nite:id="Bmr009.emphasis.425" type="emphasis">
      <nite:child href="Bmr009.A.words.xml#id(Bmr009.w.10,547)"/>
   </speechquality>
   <speechquality nite:id="Bmr009.emphasis.426" type="emphasis">
      <nite:child href="Bmr009.A.words.xml#id(Bmr009.w.10,550)"/>
   </speechquality>
   <speechquality nite:id="Bmr009.emphasis.428" type="emphasis">
      <nite:child href="Bmr009.A.words.xml#id(Bmr009.w.10,632)"/>
   </speechquality>
   <speechquality nite:id="Bmr009.emphasis.429" type="emphasis">
      <nite:child href="Bmr009.A.words.xml#id(Bmr009.w.10,635)"/>
   </speechquality>
   <speechquality nite:id="Bmr009.emphasis.431" type="emphasis">
      <nite:child href="Bmr009.A.words.xml#id(Bmr009.w.10,672)..id(Bmr009.w.10,673)"/>
   </speechquality>
   <speechquality nite:id="Bmr009.emphasis.432" type="emphasis">
      <nite:child href="Bmr009.A.words.xml#id(Bmr009.w.10,683)"/>
   </speechquality>
   <speechquality nite:id="Bmr009.emphasis.433" type="emphasis">
      <nite:child href="Bmr009.A.words.xml#id(Bmr009.w.10,768)"/>
   </speechquality>
   <speechquality nite:id="Bmr009.emphasis.434" type="emphasis">
      <nite:child href="Bmr009.A.words.xml#id(Bmr009.w.10,778)..id(Bmr009.w.10,779)"/>
   </speechquality>
   <speechquality nite:id="Bmr009.emphasis.448" type="emphasis">
      <nite:child href="Bmr009.A.words.xml#id(Bmr009.w.11,106)"/>
   </speechquality>
   <speechquality nite:id="Bmr009.emphasis.450" type="emphasis">
      <nite:child href="Bmr009.A.words.xml#id(Bmr009.w.11,131)"/>
   </speechquality>
   <speechquality nite:id="Bmr009.emphasis.451" type="emphasis">
      <nite:child href="Bmr009.A.words.xml#id(Bmr009.w.11,150)"/>
   </speechquality>
   <speechquality nite:id="Bmr009.emphasis.452" type="emphasis">
      <nite:child href="Bmr009.A.words.xml#id(Bmr009.w.11,156)"/>
   </speechquality>
   <speechquality nite:id="Bmr009.emphasis.453" type="emphasis">
      <nite:child href="Bmr009.A.words.xml#id(Bmr009.w.11,165)..id(Bmr009.w.11,166)"/>
   </speechquality>
   <speechquality nite:id="Bmr009.emphasis.454" type="emphasis">
      <nite:child href="Bmr009.A.words.xml#id(Bmr009.w.11,194)..id(Bmr009.w.11,195)"/>
   </speechquality>
   <speechquality nite:id="Bmr009.emphasis.455" type="emphasis">
      <nite:child href="Bmr009.A.words.xml#id(Bmr009.w.11,209)..id(Bmr009.w.11,210)"/>
   </speechquality>
   <speechquality nite:id="Bmr009.emphasis.472" type="emphasis">
      <nite:child href="Bmr009.A.words.xml#id(Bmr009.w.11,488)"/>
   </speechquality>
   <speechquality nite:id="Bmr009.emphasis.473" type="emphasis">
      <nite:child href="Bmr009.A.words.xml#id(Bmr009.w.11,505)"/>
   </speechquality>
   <speechquality nite:id="Bmr009.emphasis.474" type="emphasis">
      <nite:child href="Bmr009.A.words.xml#id(Bmr009.w.11,513)..id(Bmr009.w.11,514)"/>
   </speechquality>
   <speechquality nite:id="Bmr009.emphasis.477" type="emphasis">
      <nite:child href="Bmr009.A.words.xml#id(Bmr009.w.11,566)"/>
   </speechquality>
   <speechquality nite:id="Bmr009.emphasis.478" type="emphasis">
      <nite:child href="Bmr009.A.words.xml#id(Bmr009.w.11,573)"/>
   </speechquality>
   <speechquality nite:id="Bmr009.emphasis.492" type="emphasis">
      <nite:child href="Bmr009.A.words.xml#id(Bmr009.w.11,915)"/>
   </speechquality>
   <speechquality nite:id="Bmr009.emphasis.494" type="emphasis">
      <nite:child href="Bmr009.A.words.xml#id(Bmr009.w.11,972)"/>
   </speechquality>
   <speechquality nite:id="Bmr009.emphasis.499" type="emphasis">
      <nite:child href="Bmr009.A.words.xml#id(Bmr009.w.12,232)"/>
   </speechquality>
   <speechquality nite:id="Bmr009.emphasis.500" type="emphasis">
      <nite:child href="Bmr009.A.words.xml#id(Bmr009.w.12,235)"/>
   </speechquality>
   <speechquality nite:id="Bmr009.emphasis.503" type="emphasis">
      <nite:child href="Bmr009.A.words.xml#id(Bmr009.w.12,330)"/>
   </speechquality>
   <speechquality nite:id="Bmr009.emphasis.504" type="emphasis">
      <nite:child href="Bmr009.A.words.xml#id(Bmr009.w.12,341)"/>
   </speechquality>
   <speechquality nite:id="Bmr009.emphasis.505" type="emphasis">
      <nite:child href="Bmr009.A.words.xml#id(Bmr009.w.12,345)"/>
   </speechquality>
   <speechquality nite:id="Bmr009.emphasis.506" type="emphasis">
      <nite:child href="Bmr009.A.words.xml#id(Bmr009.w.12,350)"/>
   </speechquality>
   <speechquality nite:id="Bmr009.emphasis.507" type="emphasis">
      <nite:child href="Bmr009.A.words.xml#id(Bmr009.w.12,364)"/>
   </speechquality>
   <speechquality nite:id="Bmr009.emphasis.508" type="emphasis">
      <nite:child href="Bmr009.A.words.xml#id(Bmr009.w.12,369)"/>
   </speechquality>
   <speechquality nite:id="Bmr009.emphasis.509" type="emphasis">
      <nite:child href="Bmr009.A.words.xml#id(Bmr009.w.12,372)"/>
   </speechquality>
   <speechquality nite:id="Bmr009.emphasis.510" type="emphasis">
      <nite:child href="Bmr009.A.words.xml#id(Bmr009.w.12,374)"/>
   </speechquality>
   <speechquality nite:id="Bmr009.emphasis.511" type="emphasis">
      <nite:child href="Bmr009.A.words.xml#id(Bmr009.w.12,375)"/>
   </speechquality>
   <speechquality nite:id="Bmr009.emphasis.512" type="emphasis">
      <nite:child href="Bmr009.A.words.xml#id(Bmr009.w.12,381)"/>
   </speechquality>
   <speechquality nite:id="Bmr009.emphasis.513" type="emphasis">
      <nite:child href="Bmr009.A.words.xml#id(Bmr009.w.12,428)..id(Bmr009.w.12,429)"/>
   </speechquality>
   <speechquality nite:id="Bmr009.emphasis.514" type="emphasis">
      <nite:child href="Bmr009.A.words.xml#id(Bmr009.w.12,432)..id(Bmr009.w.12,433)"/>
   </speechquality>
   <speechquality nite:id="Bmr009.emphasis.515" type="emphasis">
      <nite:child href="Bmr009.A.words.xml#id(Bmr009.w.12,436)..id(Bmr009.w.12,437)"/>
   </speechquality>
   <speechquality nite:id="Bmr009.emphasis.516" type="emphasis">
      <nite:child href="Bmr009.A.words.xml#id(Bmr009.w.12,440)..id(Bmr009.w.12,441)"/>
   </speechquality>
   <speechquality nite:id="Bmr009.emphasis.519" type="emphasis">
      <nite:child href="Bmr009.A.words.xml#id(Bmr009.w.12,505)"/>
   </speechquality>
   <speechquality nite:id="Bmr009.emphasis.520" type="emphasis">
      <nite:child href="Bmr009.A.words.xml#id(Bmr009.w.12,517)"/>
   </speechquality>
   <speechquality nite:id="Bmr009.emphasis.521" type="emphasis">
      <nite:child href="Bmr009.A.words.xml#id(Bmr009.w.12,522)"/>
   </speechquality>
   <speechquality nite:id="Bmr009.emphasis.522" type="emphasis">
      <nite:child href="Bmr009.A.words.xml#id(Bmr009.w.12,535)"/>
   </speechquality>
   <speechquality nite:id="Bmr009.emphasis.523" type="emphasis">
      <nite:child href="Bmr009.A.words.xml#id(Bmr009.w.12,562)"/>
   </speechquality>
   <speechquality nite:id="Bmr009.emphasis.526" type="emphasis">
      <nite:child href="Bmr009.A.words.xml#id(Bmr009.w.12,636)..id(Bmr009.w.12,637)"/>
   </speechquality>
   <speechquality nite:id="Bmr009.emphasis.534" type="emphasis">
      <nite:child href="Bmr009.A.words.xml#id(Bmr009.w.12,680)"/>
   </speechquality>
   <speechquality nite:id="Bmr009.emphasis.540" type="emphasis">
      <nite:child href="Bmr009.A.words.xml#id(Bmr009.w.12,787)"/>
   </speechquality>
   <speechquality nite:id="Bmr009.emphasis.541" type="emphasis">
      <nite:child href="Bmr009.A.words.xml#id(Bmr009.w.12,803)"/>
   </speechquality>
   <speechquality nite:id="Bmr009.emphasis.542" type="emphasis">
      <nite:child href="Bmr009.A.words.xml#id(Bmr009.w.12,825)"/>
   </speechquality>
   <speechquality nite:id="Bmr009.emphasis.546" type="emphasis">
      <nite:child href="Bmr009.A.words.xml#id(Bmr009.w.12,908)"/>
   </speechquality>
   <speechquality nite:id="Bmr009.emphasis.547" type="emphasis">
      <nite:child href="Bmr009.A.words.xml#id(Bmr009.w.12,911)"/>
   </speechquality>
   <speechquality nite:id="Bmr009.emphasis.548" type="emphasis">
      <nite:child href="Bmr009.A.words.xml#id(Bmr009.w.12,940)"/>
   </speechquality>
   <speechquality nite:id="Bmr009.emphasis.549" type="emphasis">
      <nite:child href="Bmr009.A.words.xml#id(Bmr009.w.12,949)..id(Bmr009.w.12,950)"/>
   </speechquality>
   <speechquality nite:id="Bmr009.emphasis.550" type="emphasis">
      <nite:child href="Bmr009.A.words.xml#id(Bmr009.w.12,960)"/>
   </speechquality>
   <speechquality nite:id="Bmr009.emphasis.551" type="emphasis">
      <nite:child href="Bmr009.A.words.xml#id(Bmr009.w.12,962)..id(Bmr009.w.12,963)"/>
   </speechquality>
   <speechquality nite:id="Bmr009.emphasis.552" type="emphasis">
      <nite:child href="Bmr009.A.words.xml#id(Bmr009.w.12,968)"/>
   </speechquality>
   <speechquality nite:id="Bmr009.emphasis.553" type="emphasis">
      <nite:child href="Bmr009.A.words.xml#id(Bmr009.w.12,973)"/>
   </speechquality>
   <speechquality nite:id="Bmr009.emphasis.554" type="emphasis">
      <nite:child href="Bmr009.A.words.xml#id(Bmr009.w.12,978)"/>
   </speechquality>
   <speechquality nite:id="Bmr009.emphasis.561" type="emphasis">
      <nite:child href="Bmr009.A.words.xml#id(Bmr009.w.13,194)"/>
   </speechquality>
   <speechquality nite:id="Bmr009.emphasis.565" type="emphasis">
      <nite:child href="Bmr009.A.words.xml#id(Bmr009.w.13,284)"/>
   </speechquality>
   <speechquality nite:id="Bmr009.emphasis.566" type="emphasis">
      <nite:child href="Bmr009.A.words.xml#id(Bmr009.w.13,292)"/>
   </speechquality>
   <speechquality nite:id="Bmr009.emphasis.567" type="emphasis">
      <nite:child href="Bmr009.A.words.xml#id(Bmr009.w.13,305)"/>
   </speechquality>
   <speechquality nite:id="Bmr009.emphasis.568" type="emphasis">
      <nite:child href="Bmr009.A.words.xml#id(Bmr009.w.13,308)"/>
   </speechquality>
   <speechquality nite:id="Bmr009.emphasis.569" type="emphasis">
      <nite:child href="Bmr009.A.words.xml#id(Bmr009.w.13,318)"/>
   </speechquality>
   <speechquality nite:id="Bmr009.emphasis.570" type="emphasis">
      <nite:child href="Bmr009.A.words.xml#id(Bmr009.w.13,321)..id(Bmr009.w.13,322)"/>
   </speechquality>
   <speechquality nite:id="Bmr009.emphasis.574" type="emphasis">
      <nite:child href="Bmr009.A.words.xml#id(Bmr009.w.13,476)..id(Bmr009.w.13,477)"/>
   </speechquality>
   <speechquality nite:id="Bmr009.emphasis.579" type="emphasis">
      <nite:child href="Bmr009.A.words.xml#id(Bmr009.w.13,541)"/>
   </speechquality>
</nite:root>