<?xml version="1.0" encoding="ISO-8859-1" standalone="yes"?>
<nite:root nite:id="Bmr027.D.speech-quality" xmlns:nite="http://nite.sourceforge.net/">
   <speechquality nite:id="Bmr027.emphasis.171" type="emphasis">
      <nite:child href="Bmr027.D.words.xml#id(Bmr027.w.3,628)"/>
   </speechquality>
   <speechquality nite:id="Bmr027.emphasis.172" type="emphasis">
      <nite:child href="Bmr027.D.words.xml#id(Bmr027.w.3,652)"/>
   </speechquality>
   <speechquality nite:id="Bmr027.emphasis.273" type="emphasis">
      <nite:child href="Bmr027.D.words.xml#id(Bmr027.w.6,541)..id(Bmr027.w.6,542)"/>
   </speechquality>
   <speechquality nite:id="Bmr027.emphasis.296" type="emphasis">
      <nite:child href="Bmr027.D.words.xml#id(Bmr027.w.6,915)"/>
   </speechquality>
   <speechquality nite:id="Bmr027.uncertain.14" type="uncertain">
      <nite:child href="Bmr027.D.words.xml#id(Bmr027.w.8,128)..id(Bmr027.w.8,130)"/>
   </speechquality>
   <speechquality nite:id="Bmr027.emphasis.422" type="emphasis">
      <nite:child href="Bmr027.D.words.xml#id(Bmr027.w.11,156)"/>
   </speechquality>
   <speechquality nite:id="Bmr027.emphasis.423" type="emphasis">
      <nite:child href="Bmr027.D.words.xml#id(Bmr027.w.11,186)..id(Bmr027.w.11,187)"/>
   </speechquality>
   <speechquality nite:id="Bmr027.emphasis.424" type="emphasis">
      <nite:child href="Bmr027.D.words.xml#id(Bmr027.w.11,232)"/>
   </speechquality>
   <speechquality nite:id="Bmr027.emphasis.425" type="emphasis">
      <nite:child href="Bmr027.D.words.xml#id(Bmr027.w.11,237)"/>
   </speechquality>
   <speechquality nite:id="Bmr027.emphasis.426" type="emphasis">
      <nite:child href="Bmr027.D.words.xml#id(Bmr027.w.11,406)"/>
   </speechquality>
</nite:root>