<?xml version="1.0" encoding="ISO-8859-1" standalone="yes"?>
<nite:root nite:id="Bmr020.E.speech-quality" xmlns:nite="http://nite.sourceforge.net/">
   <speechquality nite:id="Bmr020.emphasis.8" type="emphasis">
      <nite:child href="Bmr020.E.words.xml#id(Bmr020.w.95)"/>
   </speechquality>
   <speechquality nite:id="Bmr020.emphasis.11" type="emphasis">
      <nite:child href="Bmr020.E.words.xml#id(Bmr020.w.250)..id(Bmr020.w.251)"/>
   </speechquality>
   <speechquality nite:id="Bmr020.uncertain.2" type="uncertain" numsyllables="3.0">
      <nite:child href="Bmr020.E.words.xml#id(Bmr020.w.305)..id(Bmr020.w.306)"/>
   </speechquality>
   <speechquality nite:id="Bmr020.emphasis.173" type="emphasis">
      <nite:child href="Bmr020.E.words.xml#id(Bmr020.w.4,818)"/>
   </speechquality>
   <speechquality nite:id="Bmr020.uncertain.31" type="uncertain">
      <nite:child href="Bmr020.E.words.xml#id(Bmr020.w.5,381)..id(Bmr020.w.5,382)"/>
   </speechquality>
   <speechquality nite:id="Bmr020.uncertain.32" type="uncertain">
      <nite:child href="Bmr020.E.words.xml#id(Bmr020.w.5,908)"/>
   </speechquality>
   <speechquality nite:id="Bmr020.emphasis.202" type="emphasis">
      <nite:child href="Bmr020.E.words.xml#id(Bmr020.w.5,928)"/>
   </speechquality>
</nite:root>