<?xml version="1.0" encoding="ISO-8859-1" standalone="yes"?>
<nite:root nite:id="Bmr021.A.speech-quality" xmlns:nite="http://nite.sourceforge.net/">
   <speechquality nite:id="Bmr021.emphasis.1" type="emphasis">
      <nite:child href="Bmr021.A.words.xml#id(Bmr021.w.114)"/>
   </speechquality>
   <speechquality nite:id="Bmr021.emphasis.3" type="emphasis">
      <nite:child href="Bmr021.A.words.xml#id(Bmr021.w.262)..id(Bmr021.w.263)"/>
   </speechquality>
   <speechquality nite:id="Bmr021.emphasis.4" type="emphasis">
      <nite:child href="Bmr021.A.words.xml#id(Bmr021.w.295)"/>
   </speechquality>
   <speechquality nite:id="Bmr021.emphasis.5" type="emphasis">
      <nite:child href="Bmr021.A.words.xml#id(Bmr021.w.302)..id(Bmr021.w.303)"/>
   </speechquality>
   <speechquality nite:id="Bmr021.emphasis.6" type="emphasis">
      <nite:child href="Bmr021.A.words.xml#id(Bmr021.w.334)..id(Bmr021.w.335)"/>
   </speechquality>
   <speechquality nite:id="Bmr021.emphasis.7" type="emphasis">
      <nite:child href="Bmr021.A.words.xml#id(Bmr021.w.338)..id(Bmr021.w.339)"/>
   </speechquality>
   <speechquality nite:id="Bmr021.emphasis.8" type="emphasis">
      <nite:child href="Bmr021.A.words.xml#id(Bmr021.w.369)"/>
   </speechquality>
   <speechquality nite:id="Bmr021.emphasis.10" type="emphasis">
      <nite:child href="Bmr021.A.words.xml#id(Bmr021.w.421)"/>
   </speechquality>
   <speechquality nite:id="Bmr021.emphasis.11" type="emphasis">
      <nite:child href="Bmr021.A.words.xml#id(Bmr021.w.423)"/>
   </speechquality>
   <speechquality nite:id="Bmr021.emphasis.12" type="emphasis">
      <nite:child href="Bmr021.A.words.xml#id(Bmr021.w.428)"/>
   </speechquality>
   <speechquality nite:id="Bmr021.emphasis.13" type="emphasis">
      <nite:child href="Bmr021.A.words.xml#id(Bmr021.w.430)"/>
   </speechquality>
   <speechquality nite:id="Bmr021.emphasis.17" type="emphasis">
      <nite:child href="Bmr021.A.words.xml#id(Bmr021.w.699)"/>
   </speechquality>
   <speechquality nite:id="Bmr021.emphasis.18" type="emphasis">
      <nite:child href="Bmr021.A.words.xml#id(Bmr021.w.703)"/>
   </speechquality>
   <speechquality nite:id="Bmr021.emphasis.19" type="emphasis">
      <nite:child href="Bmr021.A.words.xml#id(Bmr021.w.705)"/>
   </speechquality>
   <speechquality nite:id="Bmr021.emphasis.20" type="emphasis">
      <nite:child href="Bmr021.A.words.xml#id(Bmr021.w.736)"/>
   </speechquality>
   <speechquality nite:id="Bmr021.emphasis.21" type="emphasis">
      <nite:child href="Bmr021.A.words.xml#id(Bmr021.w.750)"/>
   </speechquality>
   <speechquality nite:id="Bmr021.emphasis.22" type="emphasis">
      <nite:child href="Bmr021.A.words.xml#id(Bmr021.w.756)..id(Bmr021.w.757)"/>
   </speechquality>
   <speechquality nite:id="Bmr021.emphasis.23" type="emphasis">
      <nite:child href="Bmr021.A.words.xml#id(Bmr021.w.761)"/>
   </speechquality>
   <speechquality nite:id="Bmr021.emphasis.26" type="emphasis">
      <nite:child href="Bmr021.A.words.xml#id(Bmr021.w.830)"/>
   </speechquality>
   <speechquality nite:id="Bmr021.emphasis.27" type="emphasis">
      <nite:child href="Bmr021.A.words.xml#id(Bmr021.w.868)"/>
   </speechquality>
   <speechquality nite:id="Bmr021.emphasis.30" type="emphasis">
      <nite:child href="Bmr021.A.words.xml#id(Bmr021.w.950)"/>
   </speechquality>
   <speechquality nite:id="Bmr021.emphasis.35" type="emphasis">
      <nite:child href="Bmr021.A.words.xml#id(Bmr021.w.1,241)"/>
   </speechquality>
   <speechquality nite:id="Bmr021.emphasis.38" type="emphasis">
      <nite:child href="Bmr021.A.words.xml#id(Bmr021.w.1,349)"/>
   </speechquality>
   <speechquality nite:id="Bmr021.emphasis.39" type="emphasis">
      <nite:child href="Bmr021.A.words.xml#id(Bmr021.w.1,359)"/>
   </speechquality>
   <speechquality nite:id="Bmr021.emphasis.42" type="emphasis">
      <nite:child href="Bmr021.A.words.xml#id(Bmr021.w.1,457)"/>
   </speechquality>
   <speechquality nite:id="Bmr021.emphasis.43" type="emphasis">
      <nite:child href="Bmr021.A.words.xml#id(Bmr021.w.1,539)"/>
   </speechquality>
   <speechquality nite:id="Bmr021.emphasis.44" type="emphasis">
      <nite:child href="Bmr021.A.words.xml#id(Bmr021.w.1,574)"/>
   </speechquality>
   <speechquality nite:id="Bmr021.emphasis.45" type="emphasis">
      <nite:child href="Bmr021.A.words.xml#id(Bmr021.w.1,577)"/>
   </speechquality>
   <speechquality nite:id="Bmr021.emphasis.46" type="emphasis">
      <nite:child href="Bmr021.A.words.xml#id(Bmr021.w.1,654)"/>
   </speechquality>
   <speechquality nite:id="Bmr021.emphasis.47" type="emphasis">
      <nite:child href="Bmr021.A.words.xml#id(Bmr021.w.2,029)"/>
   </speechquality>
   <speechquality nite:id="Bmr021.emphasis.48" type="emphasis">
      <nite:child href="Bmr021.A.words.xml#id(Bmr021.w.2,060)"/>
   </speechquality>
   <speechquality nite:id="Bmr021.emphasis.49" type="emphasis">
      <nite:child href="Bmr021.A.words.xml#id(Bmr021.w.2,070)"/>
   </speechquality>
   <speechquality nite:id="Bmr021.emphasis.50" type="emphasis">
      <nite:child href="Bmr021.A.words.xml#id(Bmr021.w.2,073)..id(Bmr021.w.2,074)"/>
   </speechquality>
   <speechquality nite:id="Bmr021.emphasis.51" type="emphasis">
      <nite:child href="Bmr021.A.words.xml#id(Bmr021.w.2,292)"/>
   </speechquality>
   <speechquality nite:id="Bmr021.emphasis.62" type="emphasis">
      <nite:child href="Bmr021.A.words.xml#id(Bmr021.w.3,156)..id(Bmr021.w.3,157)"/>
   </speechquality>
   <speechquality nite:id="Bmr021.emphasis.63" type="emphasis">
      <nite:child href="Bmr021.A.words.xml#id(Bmr021.w.3,161)"/>
   </speechquality>
   <speechquality nite:id="Bmr021.emphasis.64" type="emphasis">
      <nite:child href="Bmr021.A.words.xml#id(Bmr021.w.3,166)..id(Bmr021.w.3,167)"/>
   </speechquality>
   <speechquality nite:id="Bmr021.emphasis.73" type="emphasis">
      <nite:child href="Bmr021.A.words.xml#id(Bmr021.w.3,558)"/>
   </speechquality>
   <speechquality nite:id="Bmr021.emphasis.75" type="emphasis">
      <nite:child href="Bmr021.A.words.xml#id(Bmr021.w.3,830)..id(Bmr021.w.3,831)"/>
   </speechquality>
   <speechquality nite:id="Bmr021.emphasis.76" type="emphasis">
      <nite:child href="Bmr021.A.words.xml#id(Bmr021.w.3,834)"/>
   </speechquality>
   <speechquality nite:id="Bmr021.emphasis.82" type="emphasis">
      <nite:child href="Bmr021.A.words.xml#id(Bmr021.w.4,077)"/>
   </speechquality>
   <speechquality nite:id="Bmr021.emphasis.83" type="emphasis">
      <nite:child href="Bmr021.A.words.xml#id(Bmr021.w.4,187)"/>
   </speechquality>
   <speechquality nite:id="Bmr021.emphasis.85" type="emphasis">
      <nite:child href="Bmr021.A.words.xml#id(Bmr021.w.4,332)"/>
   </speechquality>
   <speechquality nite:id="Bmr021.emphasis.88" type="emphasis">
      <nite:child href="Bmr021.A.words.xml#id(Bmr021.w.4,601)"/>
   </speechquality>
   <speechquality nite:id="Bmr021.emphasis.95" type="emphasis">
      <nite:child href="Bmr021.A.words.xml#id(Bmr021.w.4,922)"/>
   </speechquality>
   <speechquality nite:id="Bmr021.emphasis.119" type="emphasis">
      <nite:child href="Bmr021.A.words.xml#id(Bmr021.w.6,565)..id(Bmr021.w.6,566)"/>
   </speechquality>
   <speechquality nite:id="Bmr021.emphasis.124" type="emphasis">
      <nite:child href="Bmr021.A.words.xml#id(Bmr021.w.6,803)"/>
   </speechquality>
   <speechquality nite:id="Bmr021.emphasis.142" type="emphasis">
      <nite:child href="Bmr021.A.words.xml#id(Bmr021.w.7,650)"/>
   </speechquality>
   <speechquality nite:id="Bmr021.emphasis.145" type="emphasis">
      <nite:child href="Bmr021.A.words.xml#id(Bmr021.w.8,488)"/>
   </speechquality>
   <speechquality nite:id="Bmr021.emphasis.147" type="emphasis">
      <nite:child href="Bmr021.A.words.xml#id(Bmr021.w.8,554)..id(Bmr021.w.8,555)"/>
   </speechquality>
   <speechquality nite:id="Bmr021.emphasis.148" type="emphasis">
      <nite:child href="Bmr021.A.words.xml#id(Bmr021.w.8,586)"/>
   </speechquality>
   <speechquality nite:id="Bmr021.emphasis.149" type="emphasis">
      <nite:child href="Bmr021.A.words.xml#id(Bmr021.w.8,595)..id(Bmr021.w.8,596)"/>
   </speechquality>
   <speechquality nite:id="Bmr021.emphasis.152" type="emphasis">
      <nite:child href="Bmr021.A.words.xml#id(Bmr021.w.8,638)"/>
   </speechquality>
   <speechquality nite:id="Bmr021.emphasis.153" type="emphasis">
      <nite:child href="Bmr021.A.words.xml#id(Bmr021.w.8,647)"/>
   </speechquality>
   <speechquality nite:id="Bmr021.emphasis.154" type="emphasis">
      <nite:child href="Bmr021.A.words.xml#id(Bmr021.w.8,824)"/>
   </speechquality>
</nite:root>