<?xml version="1.0" encoding="ISO-8859-1" standalone="yes"?>
<nite:root nite:id="Bmr022.E.speech-quality" xmlns:nite="http://nite.sourceforge.net/">
   <speechquality nite:id="Bmr022.emphasis.27" type="emphasis">
      <nite:child href="Bmr022.E.words.xml#id(Bmr022.w.557)"/>
   </speechquality>
   <speechquality nite:id="Bmr022.emphasis.28" type="emphasis">
      <nite:child href="Bmr022.E.words.xml#id(Bmr022.w.562)"/>
   </speechquality>
   <speechquality nite:id="Bmr022.emphasis.29" type="emphasis">
      <nite:child href="Bmr022.E.words.xml#id(Bmr022.w.571)"/>
   </speechquality>
   <speechquality nite:id="Bmr022.emphasis.31" type="emphasis">
      <nite:child href="Bmr022.E.words.xml#id(Bmr022.w.591)..id(Bmr022.w.592)"/>
   </speechquality>
   <speechquality nite:id="Bmr022.emphasis.32" type="emphasis">
      <nite:child href="Bmr022.E.words.xml#id(Bmr022.w.598)"/>
   </speechquality>
   <speechquality nite:id="Bmr022.emphasis.35" type="emphasis">
      <nite:child href="Bmr022.E.words.xml#id(Bmr022.w.655)"/>
   </speechquality>
   <speechquality nite:id="Bmr022.emphasis.41" type="emphasis">
      <nite:child href="Bmr022.E.words.xml#id(Bmr022.w.884)"/>
   </speechquality>
   <speechquality nite:id="Bmr022.emphasis.42" type="emphasis">
      <nite:child href="Bmr022.E.words.xml#id(Bmr022.w.900)"/>
   </speechquality>
   <speechquality nite:id="Bmr022.emphasis.44" type="emphasis">
      <nite:child href="Bmr022.E.words.xml#id(Bmr022.w.1,051)"/>
   </speechquality>
   <speechquality nite:id="Bmr022.emphasis.45" type="emphasis">
      <nite:child href="Bmr022.E.words.xml#id(Bmr022.w.1,070)..id(Bmr022.w.1,071)"/>
   </speechquality>
   <speechquality nite:id="Bmr022.emphasis.59" type="emphasis">
      <nite:child href="Bmr022.E.words.xml#id(Bmr022.w.1,474)"/>
   </speechquality>
   <speechquality nite:id="Bmr022.emphasis.60" type="emphasis">
      <nite:child href="Bmr022.E.words.xml#id(Bmr022.w.1,477)"/>
   </speechquality>
   <speechquality nite:id="Bmr022.emphasis.62" type="emphasis">
      <nite:child href="Bmr022.E.words.xml#id(Bmr022.w.1,557)"/>
   </speechquality>
   <speechquality nite:id="Bmr022.emphasis.88" type="emphasis">
      <nite:child href="Bmr022.E.words.xml#id(Bmr022.w.2,272)..id(Bmr022.w.2,273)"/>
   </speechquality>
   <speechquality nite:id="Bmr022.emphasis.89" type="emphasis">
      <nite:child href="Bmr022.E.words.xml#id(Bmr022.w.2,287)"/>
   </speechquality>
   <speechquality nite:id="Bmr022.emphasis.90" type="emphasis">
      <nite:child href="Bmr022.E.words.xml#id(Bmr022.w.2,302)..id(Bmr022.w.2,303)"/>
   </speechquality>
   <speechquality nite:id="Bmr022.emphasis.95" type="emphasis">
      <nite:child href="Bmr022.E.words.xml#id(Bmr022.w.2,576)"/>
   </speechquality>
   <speechquality nite:id="Bmr022.emphasis.96" type="emphasis">
      <nite:child href="Bmr022.E.words.xml#id(Bmr022.w.2,596)..id(Bmr022.w.2,597)"/>
   </speechquality>
   <speechquality nite:id="Bmr022.emphasis.108" type="emphasis">
      <nite:child href="Bmr022.E.words.xml#id(Bmr022.w.2,731)"/>
   </speechquality>
   <speechquality nite:id="Bmr022.emphasis.109" type="emphasis">
      <nite:child href="Bmr022.E.words.xml#id(Bmr022.w.2,741)"/>
   </speechquality>
   <speechquality nite:id="Bmr022.emphasis.110" type="emphasis">
      <nite:child href="Bmr022.E.words.xml#id(Bmr022.w.2,779)..id(Bmr022.w.2,780)"/>
   </speechquality>
   <speechquality nite:id="Bmr022.emphasis.111" type="emphasis">
      <nite:child href="Bmr022.E.words.xml#id(Bmr022.w.2,784)"/>
   </speechquality>
   <speechquality nite:id="Bmr022.emphasis.112" type="emphasis">
      <nite:child href="Bmr022.E.words.xml#id(Bmr022.w.2,789)"/>
   </speechquality>
   <speechquality nite:id="Bmr022.emphasis.113" type="emphasis">
      <nite:child href="Bmr022.E.words.xml#id(Bmr022.w.2,804)"/>
   </speechquality>
   <speechquality nite:id="Bmr022.uncertain.3" type="uncertain">
      <nite:child href="Bmr022.E.words.xml#id(Bmr022.w.2,816)"/>
   </speechquality>
   <speechquality nite:id="Bmr022.emphasis.114" type="emphasis">
      <nite:child href="Bmr022.E.words.xml#id(Bmr022.w.2,862)"/>
   </speechquality>
   <speechquality nite:id="Bmr022.emphasis.115" type="emphasis">
      <nite:child href="Bmr022.E.words.xml#id(Bmr022.w.2,879)..id(Bmr022.w.2,880)"/>
   </speechquality>
   <speechquality nite:id="Bmr022.emphasis.116" type="emphasis">
      <nite:child href="Bmr022.E.words.xml#id(Bmr022.w.2,886)"/>
   </speechquality>
   <speechquality nite:id="Bmr022.emphasis.117" type="emphasis">
      <nite:child href="Bmr022.E.words.xml#id(Bmr022.w.2,893)"/>
   </speechquality>
   <speechquality nite:id="Bmr022.emphasis.118" type="emphasis">
      <nite:child href="Bmr022.E.words.xml#id(Bmr022.w.2,901)"/>
   </speechquality>
   <speechquality nite:id="Bmr022.emphasis.119" type="emphasis">
      <nite:child href="Bmr022.E.words.xml#id(Bmr022.w.2,927)"/>
   </speechquality>
   <speechquality nite:id="Bmr022.emphasis.120" type="emphasis">
      <nite:child href="Bmr022.E.words.xml#id(Bmr022.w.2,929)..id(Bmr022.w.2,930)"/>
   </speechquality>
   <speechquality nite:id="Bmr022.emphasis.128" type="emphasis">
      <nite:child href="Bmr022.E.words.xml#id(Bmr022.w.2,971)..id(Bmr022.w.2,972)"/>
   </speechquality>
   <speechquality nite:id="Bmr022.emphasis.129" type="emphasis">
      <nite:child href="Bmr022.E.words.xml#id(Bmr022.w.2,973)..id(Bmr022.w.2,974)"/>
   </speechquality>
   <speechquality nite:id="Bmr022.emphasis.132" type="emphasis">
      <nite:child href="Bmr022.E.words.xml#id(Bmr022.w.2,997)..id(Bmr022.w.2,998)"/>
   </speechquality>
   <speechquality nite:id="Bmr022.emphasis.133" type="emphasis">
      <nite:child href="Bmr022.E.words.xml#id(Bmr022.w.3,003)"/>
   </speechquality>
   <speechquality nite:id="Bmr022.emphasis.134" type="emphasis">
      <nite:child href="Bmr022.E.words.xml#id(Bmr022.w.3,007)"/>
   </speechquality>
   <speechquality nite:id="Bmr022.emphasis.135" type="emphasis">
      <nite:child href="Bmr022.E.words.xml#id(Bmr022.w.3,014)..id(Bmr022.w.3,015)"/>
   </speechquality>
   <speechquality nite:id="Bmr022.emphasis.136" type="emphasis">
      <nite:child href="Bmr022.E.words.xml#id(Bmr022.w.3,022)"/>
   </speechquality>
   <speechquality nite:id="Bmr022.emphasis.138" type="emphasis">
      <nite:child href="Bmr022.E.words.xml#id(Bmr022.w.3,043)"/>
   </speechquality>
   <speechquality nite:id="Bmr022.emphasis.139" type="emphasis">
      <nite:child href="Bmr022.E.words.xml#id(Bmr022.w.3,049)"/>
   </speechquality>
   <speechquality nite:id="Bmr022.emphasis.140" type="emphasis">
      <nite:child href="Bmr022.E.words.xml#id(Bmr022.w.3,065)"/>
   </speechquality>
   <speechquality nite:id="Bmr022.emphasis.149" type="emphasis">
      <nite:child href="Bmr022.E.words.xml#id(Bmr022.w.3,206)"/>
   </speechquality>
   <speechquality nite:id="Bmr022.emphasis.150" type="emphasis">
      <nite:child href="Bmr022.E.words.xml#id(Bmr022.w.3,273)..id(Bmr022.w.3,274)"/>
   </speechquality>
   <speechquality nite:id="Bmr022.emphasis.151" type="emphasis">
      <nite:child href="Bmr022.E.words.xml#id(Bmr022.w.3,281)"/>
   </speechquality>
   <speechquality nite:id="Bmr022.emphasis.152" type="emphasis">
      <nite:child href="Bmr022.E.words.xml#id(Bmr022.w.3,291)"/>
   </speechquality>
   <speechquality nite:id="Bmr022.emphasis.155" type="emphasis">
      <nite:child href="Bmr022.E.words.xml#id(Bmr022.w.3,380)..id(Bmr022.w.3,381)"/>
   </speechquality>
   <speechquality nite:id="Bmr022.emphasis.156" type="emphasis">
      <nite:child href="Bmr022.E.words.xml#id(Bmr022.w.3,389)..id(Bmr022.w.3,390)"/>
   </speechquality>
   <speechquality nite:id="Bmr022.emphasis.157" type="emphasis">
      <nite:child href="Bmr022.E.words.xml#id(Bmr022.w.3,394)"/>
   </speechquality>
   <speechquality nite:id="Bmr022.emphasis.162" type="emphasis">
      <nite:child href="Bmr022.E.words.xml#id(Bmr022.w.3,444)"/>
   </speechquality>
   <speechquality nite:id="Bmr022.emphasis.163" type="emphasis">
      <nite:child href="Bmr022.E.words.xml#id(Bmr022.w.3,461)..id(Bmr022.w.3,462)"/>
   </speechquality>
   <speechquality nite:id="Bmr022.emphasis.164" type="emphasis">
      <nite:child href="Bmr022.E.words.xml#id(Bmr022.w.3,465)"/>
   </speechquality>
   <speechquality nite:id="Bmr022.emphasis.165" type="emphasis">
      <nite:child href="Bmr022.E.words.xml#id(Bmr022.w.3,467)"/>
   </speechquality>
   <speechquality nite:id="Bmr022.emphasis.166" type="emphasis">
      <nite:child href="Bmr022.E.words.xml#id(Bmr022.w.3,471)..id(Bmr022.w.3,472)"/>
   </speechquality>
   <speechquality nite:id="Bmr022.emphasis.167" type="emphasis">
      <nite:child href="Bmr022.E.words.xml#id(Bmr022.w.3,476)"/>
   </speechquality>
   <speechquality nite:id="Bmr022.emphasis.168" type="emphasis">
      <nite:child href="Bmr022.E.words.xml#id(Bmr022.w.3,479)"/>
   </speechquality>
   <speechquality nite:id="Bmr022.emphasis.169" type="emphasis">
      <nite:child href="Bmr022.E.words.xml#id(Bmr022.w.3,482)"/>
   </speechquality>
   <speechquality nite:id="Bmr022.emphasis.176" type="emphasis">
      <nite:child href="Bmr022.E.words.xml#id(Bmr022.w.3,543)"/>
   </speechquality>
   <speechquality nite:id="Bmr022.emphasis.190" type="emphasis">
      <nite:child href="Bmr022.E.words.xml#id(Bmr022.w.3,909)"/>
   </speechquality>
   <speechquality nite:id="Bmr022.emphasis.191" type="emphasis">
      <nite:child href="Bmr022.E.words.xml#id(Bmr022.w.3,919)"/>
   </speechquality>
   <speechquality nite:id="Bmr022.emphasis.234" type="emphasis">
      <nite:child href="Bmr022.E.words.xml#id(Bmr022.w.4,612)..id(Bmr022.w.4,613)"/>
   </speechquality>
   <speechquality nite:id="Bmr022.emphasis.237" type="emphasis">
      <nite:child href="Bmr022.E.words.xml#id(Bmr022.w.4,691)..id(Bmr022.w.4,692)"/>
   </speechquality>
   <speechquality nite:id="Bmr022.emphasis.238" type="emphasis">
      <nite:child href="Bmr022.E.words.xml#id(Bmr022.w.4,697)"/>
   </speechquality>
   <speechquality nite:id="Bmr022.emphasis.239" type="emphasis">
      <nite:child href="Bmr022.E.words.xml#id(Bmr022.w.4,702)"/>
   </speechquality>
   <speechquality nite:id="Bmr022.emphasis.240" type="emphasis">
      <nite:child href="Bmr022.E.words.xml#id(Bmr022.w.4,710)"/>
   </speechquality>
   <speechquality nite:id="Bmr022.emphasis.241" type="emphasis">
      <nite:child href="Bmr022.E.words.xml#id(Bmr022.w.4,717)"/>
   </speechquality>
   <speechquality nite:id="Bmr022.emphasis.243" type="emphasis">
      <nite:child href="Bmr022.E.words.xml#id(Bmr022.w.4,760)"/>
   </speechquality>
   <speechquality nite:id="Bmr022.emphasis.248" type="emphasis">
      <nite:child href="Bmr022.E.words.xml#id(Bmr022.w.4,879)"/>
   </speechquality>
   <speechquality nite:id="Bmr022.emphasis.249" type="emphasis">
      <nite:child href="Bmr022.E.words.xml#id(Bmr022.w.4,883)"/>
   </speechquality>
   <speechquality nite:id="Bmr022.emphasis.250" type="emphasis">
      <nite:child href="Bmr022.E.words.xml#id(Bmr022.w.4,888)"/>
   </speechquality>
   <speechquality nite:id="Bmr022.emphasis.251" type="emphasis">
      <nite:child href="Bmr022.E.words.xml#id(Bmr022.w.4,896)"/>
   </speechquality>
   <speechquality nite:id="Bmr022.emphasis.254" type="emphasis">
      <nite:child href="Bmr022.E.words.xml#id(Bmr022.w.4,974)"/>
   </speechquality>
   <speechquality nite:id="Bmr022.emphasis.260" type="emphasis">
      <nite:child href="Bmr022.E.words.xml#id(Bmr022.w.5,133)"/>
   </speechquality>
   <speechquality nite:id="Bmr022.emphasis.261" type="emphasis">
      <nite:child href="Bmr022.E.words.xml#id(Bmr022.w.5,153)"/>
   </speechquality>
   <speechquality nite:id="Bmr022.emphasis.262" type="emphasis">
      <nite:child href="Bmr022.E.words.xml#id(Bmr022.w.5,159)"/>
   </speechquality>
   <speechquality nite:id="Bmr022.emphasis.373" type="emphasis">
      <nite:child href="Bmr022.E.words.xml#id(Bmr022.w.7,937)"/>
   </speechquality>
   <speechquality nite:id="Bmr022.emphasis.374" type="emphasis">
      <nite:child href="Bmr022.E.words.xml#id(Bmr022.w.7,942)"/>
   </speechquality>
   <speechquality nite:id="Bmr022.emphasis.382" type="emphasis">
      <nite:child href="Bmr022.E.words.xml#id(Bmr022.w.8,247)"/>
   </speechquality>
   <speechquality nite:id="Bmr022.emphasis.383" type="emphasis">
      <nite:child href="Bmr022.E.words.xml#id(Bmr022.w.8,257)"/>
   </speechquality>
   <speechquality nite:id="Bmr022.emphasis.384" type="emphasis">
      <nite:child href="Bmr022.E.words.xml#id(Bmr022.w.8,264)"/>
   </speechquality>
   <speechquality nite:id="Bmr022.emphasis.385" type="emphasis">
      <nite:child href="Bmr022.E.words.xml#id(Bmr022.w.8,268)..id(Bmr022.w.8,269)"/>
   </speechquality>
   <speechquality nite:id="Bmr022.emphasis.386" type="emphasis">
      <nite:child href="Bmr022.E.words.xml#id(Bmr022.w.8,273)"/>
   </speechquality>
   <speechquality nite:id="Bmr022.emphasis.387" type="emphasis">
      <nite:child href="Bmr022.E.words.xml#id(Bmr022.w.8,279)..id(Bmr022.w.8,280)"/>
   </speechquality>
   <speechquality nite:id="Bmr022.emphasis.388" type="emphasis">
      <nite:child href="Bmr022.E.words.xml#id(Bmr022.w.8,294)..id(Bmr022.w.8,295)"/>
   </speechquality>
   <speechquality nite:id="Bmr022.emphasis.391" type="emphasis">
      <nite:child href="Bmr022.E.words.xml#id(Bmr022.w.8,541)"/>
   </speechquality>
   <speechquality nite:id="Bmr022.emphasis.403" type="emphasis">
      <nite:child href="Bmr022.E.words.xml#id(Bmr022.w.8,968)"/>
   </speechquality>
   <speechquality nite:id="Bmr022.emphasis.404" type="emphasis">
      <nite:child href="Bmr022.E.words.xml#id(Bmr022.w.8,970)"/>
   </speechquality>
   <speechquality nite:id="Bmr022.emphasis.405" type="emphasis">
      <nite:child href="Bmr022.E.words.xml#id(Bmr022.w.8,976)"/>
   </speechquality>
   <speechquality nite:id="Bmr022.emphasis.425" type="emphasis">
      <nite:child href="Bmr022.E.words.xml#id(Bmr022.w.9,681)"/>
   </speechquality>
   <speechquality nite:id="Bmr022.emphasis.433" type="emphasis">
      <nite:child href="Bmr022.E.words.xml#id(Bmr022.w.9,942)"/>
   </speechquality>
   <speechquality nite:id="Bmr022.emphasis.436" type="emphasis">
      <nite:child href="Bmr022.E.words.xml#id(Bmr022.w.9,979)"/>
   </speechquality>
   <speechquality nite:id="Bmr022.emphasis.437" type="emphasis">
      <nite:child href="Bmr022.E.words.xml#id(Bmr022.w.9,988)"/>
   </speechquality>
   <speechquality nite:id="Bmr022.emphasis.453" type="emphasis">
      <nite:child href="Bmr022.E.words.xml#id(Bmr022.w.10,297)"/>
   </speechquality>
   <speechquality nite:id="Bmr022.emphasis.454" type="emphasis">
      <nite:child href="Bmr022.E.words.xml#id(Bmr022.w.10,301)..id(Bmr022.w.10,302)"/>
   </speechquality>
   <speechquality nite:id="Bmr022.emphasis.521" type="emphasis">
      <nite:child href="Bmr022.E.words.xml#id(Bmr022.w.11,354)"/>
   </speechquality>
   <speechquality nite:id="Bmr022.emphasis.559" type="emphasis">
      <nite:child href="Bmr022.E.words.xml#id(Bmr022.w.12,086)"/>
   </speechquality>
   <speechquality nite:id="Bmr022.emphasis.560" type="emphasis">
      <nite:child href="Bmr022.E.words.xml#id(Bmr022.w.12,091)"/>
   </speechquality>
   <speechquality nite:id="Bmr022.emphasis.561" type="emphasis">
      <nite:child href="Bmr022.E.words.xml#id(Bmr022.w.12,143)"/>
   </speechquality>
   <speechquality nite:id="Bmr022.emphasis.562" type="emphasis">
      <nite:child href="Bmr022.E.words.xml#id(Bmr022.w.12,150)"/>
   </speechquality>
   <speechquality nite:id="Bmr022.emphasis.563" type="emphasis">
      <nite:child href="Bmr022.E.words.xml#id(Bmr022.w.12,169)"/>
   </speechquality>
   <speechquality nite:id="Bmr022.emphasis.564" type="emphasis">
      <nite:child href="Bmr022.E.words.xml#id(Bmr022.w.12,190)..id(Bmr022.w.12,191)"/>
   </speechquality>
   <speechquality nite:id="Bmr022.emphasis.565" type="emphasis">
      <nite:child href="Bmr022.E.words.xml#id(Bmr022.w.12,208)..id(Bmr022.w.12,209)"/>
   </speechquality>
   <speechquality nite:id="Bmr022.emphasis.566" type="emphasis">
      <nite:child href="Bmr022.E.words.xml#id(Bmr022.w.12,215)"/>
   </speechquality>
   <speechquality nite:id="Bmr022.emphasis.567" type="emphasis">
      <nite:child href="Bmr022.E.words.xml#id(Bmr022.w.12,225)..id(Bmr022.w.12,226)"/>
   </speechquality>
   <speechquality nite:id="Bmr022.emphasis.603" type="emphasis">
      <nite:child href="Bmr022.E.words.xml#id(Bmr022.w.12,741)"/>
   </speechquality>
   <speechquality nite:id="Bmr022.emphasis.604" type="emphasis">
      <nite:child href="Bmr022.E.words.xml#id(Bmr022.w.12,749)"/>
   </speechquality>
   <speechquality nite:id="Bmr022.uncertain.19" type="uncertain">
      <nite:child href="Bmr022.E.words.xml#id(Bmr022.w.12,756)..id(Bmr022.w.12,757)"/>
   </speechquality>
   <speechquality nite:id="Bmr022.emphasis.617" type="emphasis">
      <nite:child href="Bmr022.E.words.xml#id(Bmr022.w.13,006)..id(Bmr022.w.13,007)"/>
   </speechquality>
   <speechquality nite:id="Bmr022.emphasis.618" type="emphasis">
      <nite:child href="Bmr022.E.words.xml#id(Bmr022.w.13,011)..id(Bmr022.w.13,012)"/>
   </speechquality>
   <speechquality nite:id="Bmr022.emphasis.619" type="emphasis">
      <nite:child href="Bmr022.E.words.xml#id(Bmr022.w.13,022)"/>
   </speechquality>
   <speechquality nite:id="Bmr022.emphasis.620" type="emphasis">
      <nite:child href="Bmr022.E.words.xml#id(Bmr022.w.13,025)"/>
   </speechquality>
   <speechquality nite:id="Bmr022.emphasis.621" type="emphasis">
      <nite:child href="Bmr022.E.words.xml#id(Bmr022.w.13,058)"/>
   </speechquality>
   <speechquality nite:id="Bmr022.emphasis.622" type="emphasis">
      <nite:child href="Bmr022.E.words.xml#id(Bmr022.w.13,072)"/>
   </speechquality>
   <speechquality nite:id="Bmr022.emphasis.623" type="emphasis">
      <nite:child href="Bmr022.E.words.xml#id(Bmr022.w.13,096)"/>
   </speechquality>
   <speechquality nite:id="Bmr022.uncertain.21" type="uncertain">
      <nite:child href="Bmr022.E.words.xml#id(Bmr022.w.13,476)"/>
   </speechquality>
</nite:root>