<?xml version="1.0" encoding="ISO-8859-1" standalone="yes"?>
<nite:root nite:id="Bmr008.E.speech-quality" xmlns:nite="http://nite.sourceforge.net/">
   <speechquality nite:id="Bmr008.emphasis.2" type="emphasis">
      <nite:child href="Bmr008.E.words.xml#id(Bmr008.w.28)"/>
   </speechquality>
   <speechquality nite:id="Bmr008.emphasis.32" type="emphasis">
      <nite:child href="Bmr008.E.words.xml#id(Bmr008.w.1,428)"/>
   </speechquality>
   <speechquality nite:id="Bmr008.emphasis.33" type="emphasis">
      <nite:child href="Bmr008.E.words.xml#id(Bmr008.w.1,434)"/>
   </speechquality>
   <speechquality nite:id="Bmr008.emphasis.36" type="emphasis">
      <nite:child href="Bmr008.E.words.xml#id(Bmr008.w.1,534)"/>
   </speechquality>
   <speechquality nite:id="Bmr008.emphasis.51" type="emphasis">
      <nite:child href="Bmr008.E.words.xml#id(Bmr008.w.1,756)"/>
   </speechquality>
   <speechquality nite:id="Bmr008.emphasis.54" type="emphasis">
      <nite:child href="Bmr008.E.words.xml#id(Bmr008.w.1,799)"/>
   </speechquality>
   <speechquality nite:id="Bmr008.emphasis.55" type="emphasis">
      <nite:child href="Bmr008.E.words.xml#id(Bmr008.w.1,803)..id(Bmr008.w.1,804)"/>
   </speechquality>
   <speechquality nite:id="Bmr008.emphasis.60" type="emphasis">
      <nite:child href="Bmr008.E.words.xml#id(Bmr008.w.1,867)"/>
   </speechquality>
   <speechquality nite:id="Bmr008.emphasis.61" type="emphasis">
      <nite:child href="Bmr008.E.words.xml#id(Bmr008.w.1,872)"/>
   </speechquality>
   <speechquality nite:id="Bmr008.emphasis.62" type="emphasis">
      <nite:child href="Bmr008.E.words.xml#id(Bmr008.w.1,874)"/>
   </speechquality>
   <speechquality nite:id="Bmr008.emphasis.63" type="emphasis">
      <nite:child href="Bmr008.E.words.xml#id(Bmr008.w.1,885)"/>
   </speechquality>
   <speechquality nite:id="Bmr008.emphasis.65" type="emphasis">
      <nite:child href="Bmr008.E.words.xml#id(Bmr008.w.1,931)"/>
   </speechquality>
   <speechquality nite:id="Bmr008.emphasis.66" type="emphasis">
      <nite:child href="Bmr008.E.words.xml#id(Bmr008.w.1,933)..id(Bmr008.w.1,934)"/>
   </speechquality>
   <speechquality nite:id="Bmr008.emphasis.92" type="emphasis">
      <nite:child href="Bmr008.E.words.xml#id(Bmr008.w.3,097)"/>
   </speechquality>
   <speechquality nite:id="Bmr008.emphasis.93" type="emphasis">
      <nite:child href="Bmr008.E.words.xml#id(Bmr008.w.3,105)"/>
   </speechquality>
   <speechquality nite:id="Bmr008.emphasis.94" type="emphasis">
      <nite:child href="Bmr008.E.words.xml#id(Bmr008.w.3,133)"/>
   </speechquality>
   <speechquality nite:id="Bmr008.emphasis.95" type="emphasis">
      <nite:child href="Bmr008.E.words.xml#id(Bmr008.w.3,142)"/>
   </speechquality>
   <speechquality nite:id="Bmr008.emphasis.96" type="emphasis">
      <nite:child href="Bmr008.E.words.xml#id(Bmr008.w.3,146)"/>
   </speechquality>
   <speechquality nite:id="Bmr008.emphasis.97" type="emphasis">
      <nite:child href="Bmr008.E.words.xml#id(Bmr008.w.3,152)"/>
   </speechquality>
   <speechquality nite:id="Bmr008.emphasis.100" type="emphasis">
      <nite:child href="Bmr008.E.words.xml#id(Bmr008.w.3,218)"/>
   </speechquality>
   <speechquality nite:id="Bmr008.emphasis.116" type="emphasis">
      <nite:child href="Bmr008.E.words.xml#id(Bmr008.w.3,789)"/>
   </speechquality>
   <speechquality nite:id="Bmr008.emphasis.124" type="emphasis">
      <nite:child href="Bmr008.E.words.xml#id(Bmr008.w.4,076)"/>
   </speechquality>
   <speechquality nite:id="Bmr008.emphasis.125" type="emphasis">
      <nite:child href="Bmr008.E.words.xml#id(Bmr008.w.4,079)"/>
   </speechquality>
   <speechquality nite:id="Bmr008.emphasis.154" type="emphasis">
      <nite:child href="Bmr008.E.words.xml#id(Bmr008.w.5,571)"/>
   </speechquality>
   <speechquality nite:id="Bmr008.emphasis.158" type="emphasis">
      <nite:child href="Bmr008.E.words.xml#id(Bmr008.w.5,676)"/>
   </speechquality>
   <speechquality nite:id="Bmr008.emphasis.159" type="emphasis">
      <nite:child href="Bmr008.E.words.xml#id(Bmr008.w.5,682)..id(Bmr008.w.5,683)"/>
   </speechquality>
   <speechquality nite:id="Bmr008.emphasis.173" type="emphasis">
      <nite:child href="Bmr008.E.words.xml#id(Bmr008.w.6,117)"/>
   </speechquality>
   <speechquality nite:id="Bmr008.emphasis.240" type="emphasis">
      <nite:child href="Bmr008.E.words.xml#id(Bmr008.w.7,658)"/>
   </speechquality>
   <speechquality nite:id="Bmr008.emphasis.241" type="emphasis">
      <nite:child href="Bmr008.E.words.xml#id(Bmr008.w.7,661)..id(Bmr008.w.7,662)"/>
   </speechquality>
   <speechquality nite:id="Bmr008.emphasis.242" type="emphasis">
      <nite:child href="Bmr008.E.words.xml#id(Bmr008.w.7,682)"/>
   </speechquality>
   <speechquality nite:id="Bmr008.emphasis.243" type="emphasis">
      <nite:child href="Bmr008.E.words.xml#id(Bmr008.w.7,693)"/>
   </speechquality>
   <speechquality nite:id="Bmr008.emphasis.254" type="emphasis">
      <nite:child href="Bmr008.E.words.xml#id(Bmr008.w.8,073)"/>
   </speechquality>
   <speechquality nite:id="Bmr008.emphasis.261" type="emphasis">
      <nite:child href="Bmr008.E.words.xml#id(Bmr008.w.8,208)"/>
   </speechquality>
   <speechquality nite:id="Bmr008.emphasis.262" type="emphasis">
      <nite:child href="Bmr008.E.words.xml#id(Bmr008.w.8,212)..id(Bmr008.w.8,213)"/>
   </speechquality>
   <speechquality nite:id="Bmr008.emphasis.310" type="emphasis">
      <nite:child href="Bmr008.E.words.xml#id(Bmr008.w.9,444)"/>
   </speechquality>
   <speechquality nite:id="Bmr008.emphasis.330" type="emphasis">
      <nite:child href="Bmr008.E.words.xml#id(Bmr008.w.10,080)..id(Bmr008.w.10,081)"/>
   </speechquality>
   <speechquality nite:id="Bmr008.emphasis.331" type="emphasis">
      <nite:child href="Bmr008.E.words.xml#id(Bmr008.w.10,090)..id(Bmr008.w.10,091)"/>
   </speechquality>
   <speechquality nite:id="Bmr008.emphasis.418" type="emphasis">
      <nite:child href="Bmr008.E.words.xml#id(Bmr008.w.12,937)..id(Bmr008.w.12,938)"/>
   </speechquality>
   <speechquality nite:id="Bmr008.emphasis.419" type="emphasis">
      <nite:child href="Bmr008.E.words.xml#id(Bmr008.w.12,943)"/>
   </speechquality>
   <speechquality nite:id="Bmr008.emphasis.450" type="emphasis">
      <nite:child href="Bmr008.E.words.xml#id(Bmr008.w.13,508)"/>
   </speechquality>
   <speechquality nite:id="Bmr008.emphasis.463" type="emphasis">
      <nite:child href="Bmr008.E.words.xml#id(Bmr008.w.14,201)"/>
   </speechquality>
   <speechquality nite:id="Bmr008.emphasis.464" type="emphasis">
      <nite:child href="Bmr008.E.words.xml#id(Bmr008.w.14,204)..id(Bmr008.w.14,205)"/>
   </speechquality>
</nite:root>