<?xml version="1.0" encoding="ISO-8859-1" standalone="yes"?>
<nite:root nite:id="Bmr014.C.speech-quality" xmlns:nite="http://nite.sourceforge.net/">
   <speechquality nite:id="Bmr014.uncertain.1" type="uncertain">
      <nite:child href="Bmr014.C.words.xml#id(Bmr014.w.111)..id(Bmr014.w.112)"/>
   </speechquality>
   <speechquality nite:id="Bmr014.emphasis.2" type="emphasis">
      <nite:child href="Bmr014.C.words.xml#id(Bmr014.w.154)..id(Bmr014.w.155)"/>
   </speechquality>
   <speechquality nite:id="Bmr014.emphasis.15" type="emphasis">
      <nite:child href="Bmr014.C.words.xml#id(Bmr014.w.1,037)..id(Bmr014.w.1,038)"/>
   </speechquality>
   <speechquality nite:id="Bmr014.emphasis.16" type="emphasis">
      <nite:child href="Bmr014.C.words.xml#id(Bmr014.w.1,187)"/>
   </speechquality>
   <speechquality nite:id="Bmr014.emphasis.17" type="emphasis">
      <nite:child href="Bmr014.C.words.xml#id(Bmr014.w.1,229)"/>
   </speechquality>
   <speechquality nite:id="Bmr014.emphasis.18" type="emphasis">
      <nite:child href="Bmr014.C.words.xml#id(Bmr014.w.1,232)"/>
   </speechquality>
   <speechquality nite:id="Bmr014.emphasis.19" type="emphasis">
      <nite:child href="Bmr014.C.words.xml#id(Bmr014.w.1,238)"/>
   </speechquality>
   <speechquality nite:id="Bmr014.emphasis.20" type="emphasis">
      <nite:child href="Bmr014.C.words.xml#id(Bmr014.w.1,296)"/>
   </speechquality>
   <speechquality nite:id="Bmr014.emphasis.21" type="emphasis">
      <nite:child href="Bmr014.C.words.xml#id(Bmr014.w.1,306)..id(Bmr014.w.1,307)"/>
   </speechquality>
   <speechquality nite:id="Bmr014.emphasis.22" type="emphasis">
      <nite:child href="Bmr014.C.words.xml#id(Bmr014.w.1,316)..id(Bmr014.w.1,317)"/>
   </speechquality>
   <speechquality nite:id="Bmr014.emphasis.23" type="emphasis">
      <nite:child href="Bmr014.C.words.xml#id(Bmr014.w.1,327)..id(Bmr014.w.1,328)"/>
   </speechquality>
   <speechquality nite:id="Bmr014.emphasis.24" type="emphasis">
      <nite:child href="Bmr014.C.words.xml#id(Bmr014.w.1,393)"/>
   </speechquality>
   <speechquality nite:id="Bmr014.emphasis.25" type="emphasis">
      <nite:child href="Bmr014.C.words.xml#id(Bmr014.w.1,467)"/>
   </speechquality>
   <speechquality nite:id="Bmr014.emphasis.27" type="emphasis">
      <nite:child href="Bmr014.C.words.xml#id(Bmr014.w.1,601)..id(Bmr014.w.1,602)"/>
   </speechquality>
   <speechquality nite:id="Bmr014.emphasis.28" type="emphasis">
      <nite:child href="Bmr014.C.words.xml#id(Bmr014.w.1,618)"/>
   </speechquality>
   <speechquality nite:id="Bmr014.emphasis.29" type="emphasis">
      <nite:child href="Bmr014.C.words.xml#id(Bmr014.w.1,621)"/>
   </speechquality>
   <speechquality nite:id="Bmr014.uncertain.4" type="uncertain">
      <nite:child href="Bmr014.C.words.xml#id(Bmr014.w.1,870)..id(Bmr014.w.1,871)"/>
   </speechquality>
   <speechquality nite:id="Bmr014.emphasis.32" type="emphasis">
      <nite:child href="Bmr014.C.words.xml#id(Bmr014.w.2,029)"/>
   </speechquality>
   <speechquality nite:id="Bmr014.emphasis.33" type="emphasis">
      <nite:child href="Bmr014.C.words.xml#id(Bmr014.w.2,030)"/>
   </speechquality>
   <speechquality nite:id="Bmr014.emphasis.35" type="emphasis">
      <nite:child href="Bmr014.C.words.xml#id(Bmr014.w.2,074)"/>
   </speechquality>
   <speechquality nite:id="Bmr014.emphasis.37" type="emphasis">
      <nite:child href="Bmr014.C.words.xml#id(Bmr014.w.2,205)..id(Bmr014.w.2,206)"/>
   </speechquality>
   <speechquality nite:id="Bmr014.emphasis.39" type="emphasis">
      <nite:child href="Bmr014.C.words.xml#id(Bmr014.w.2,325)"/>
   </speechquality>
   <speechquality nite:id="Bmr014.emphasis.40" type="emphasis">
      <nite:child href="Bmr014.C.words.xml#id(Bmr014.w.2,335)..id(Bmr014.w.2,336)"/>
   </speechquality>
   <speechquality nite:id="Bmr014.emphasis.41" type="emphasis">
      <nite:child href="Bmr014.C.words.xml#id(Bmr014.w.2,342)"/>
   </speechquality>
   <speechquality nite:id="Bmr014.emphasis.42" type="emphasis">
      <nite:child href="Bmr014.C.words.xml#id(Bmr014.w.2,351)"/>
   </speechquality>
   <speechquality nite:id="Bmr014.emphasis.43" type="emphasis">
      <nite:child href="Bmr014.C.words.xml#id(Bmr014.w.2,511)..id(Bmr014.w.2,512)"/>
   </speechquality>
   <speechquality nite:id="Bmr014.emphasis.48" type="emphasis">
      <nite:child href="Bmr014.C.words.xml#id(Bmr014.w.2,663)"/>
   </speechquality>
   <speechquality nite:id="Bmr014.emphasis.49" type="emphasis">
      <nite:child href="Bmr014.C.words.xml#id(Bmr014.w.2,890)"/>
   </speechquality>
   <speechquality nite:id="Bmr014.emphasis.50" type="emphasis">
      <nite:child href="Bmr014.C.words.xml#id(Bmr014.w.2,970)..id(Bmr014.w.2,973)"/>
   </speechquality>
   <speechquality nite:id="Bmr014.emphasis.94" type="emphasis">
      <nite:child href="Bmr014.C.words.xml#id(Bmr014.w.5,513)"/>
   </speechquality>
   <speechquality nite:id="Bmr014.emphasis.95" type="emphasis">
      <nite:child href="Bmr014.C.words.xml#id(Bmr014.w.5,560)"/>
   </speechquality>
   <speechquality nite:id="Bmr014.emphasis.96" type="emphasis">
      <nite:child href="Bmr014.C.words.xml#id(Bmr014.w.5,588)"/>
   </speechquality>
   <speechquality nite:id="Bmr014.emphasis.97" type="emphasis">
      <nite:child href="Bmr014.C.words.xml#id(Bmr014.w.5,604)..id(Bmr014.w.5,605)"/>
   </speechquality>
   <speechquality nite:id="Bmr014.emphasis.98" type="emphasis">
      <nite:child href="Bmr014.C.words.xml#id(Bmr014.w.5,638)"/>
   </speechquality>
   <speechquality nite:id="Bmr014.emphasis.99" type="emphasis">
      <nite:child href="Bmr014.C.words.xml#id(Bmr014.w.5,660)"/>
   </speechquality>
   <speechquality nite:id="Bmr014.emphasis.100" type="emphasis">
      <nite:child href="Bmr014.C.words.xml#id(Bmr014.w.5,666)"/>
   </speechquality>
   <speechquality nite:id="Bmr014.emphasis.101" type="emphasis">
      <nite:child href="Bmr014.C.words.xml#id(Bmr014.w.5,680)"/>
   </speechquality>
   <speechquality nite:id="Bmr014.emphasis.102" type="emphasis">
      <nite:child href="Bmr014.C.words.xml#id(Bmr014.w.5,684)"/>
   </speechquality>
   <speechquality nite:id="Bmr014.emphasis.103" type="emphasis">
      <nite:child href="Bmr014.C.words.xml#id(Bmr014.w.5,699)..id(Bmr014.w.5,700)"/>
   </speechquality>
   <speechquality nite:id="Bmr014.emphasis.104" type="emphasis">
      <nite:child href="Bmr014.C.words.xml#id(Bmr014.w.5,721)"/>
   </speechquality>
   <speechquality nite:id="Bmr014.emphasis.106" type="emphasis">
      <nite:child href="Bmr014.C.words.xml#id(Bmr014.w.5,928)..id(Bmr014.w.5,929)"/>
   </speechquality>
   <speechquality nite:id="Bmr014.emphasis.107" type="emphasis">
      <nite:child href="Bmr014.C.words.xml#id(Bmr014.w.5,948)"/>
   </speechquality>
   <speechquality nite:id="Bmr014.emphasis.108" type="emphasis">
      <nite:child href="Bmr014.C.words.xml#id(Bmr014.w.5,961)"/>
   </speechquality>
   <speechquality nite:id="Bmr014.emphasis.109" type="emphasis">
      <nite:child href="Bmr014.C.words.xml#id(Bmr014.w.5,998)"/>
   </speechquality>
   <speechquality nite:id="Bmr014.emphasis.112" type="emphasis">
      <nite:child href="Bmr014.C.words.xml#id(Bmr014.w.6,132)"/>
   </speechquality>
   <speechquality nite:id="Bmr014.emphasis.113" type="emphasis">
      <nite:child href="Bmr014.C.words.xml#id(Bmr014.w.6,140)..id(Bmr014.w.6,141)"/>
   </speechquality>
   <speechquality nite:id="Bmr014.emphasis.114" type="emphasis">
      <nite:child href="Bmr014.C.words.xml#id(Bmr014.w.6,225)"/>
   </speechquality>
   <speechquality nite:id="Bmr014.emphasis.115" type="emphasis">
      <nite:child href="Bmr014.C.words.xml#id(Bmr014.w.6,234)"/>
   </speechquality>
   <speechquality nite:id="Bmr014.emphasis.132" type="emphasis">
      <nite:child href="Bmr014.C.words.xml#id(Bmr014.w.6,820)"/>
   </speechquality>
   <speechquality nite:id="Bmr014.emphasis.133" type="emphasis">
      <nite:child href="Bmr014.C.words.xml#id(Bmr014.w.6,862)"/>
   </speechquality>
   <speechquality nite:id="Bmr014.emphasis.134" type="emphasis">
      <nite:child href="Bmr014.C.words.xml#id(Bmr014.w.6,926)"/>
   </speechquality>
   <speechquality nite:id="Bmr014.emphasis.136" type="emphasis">
      <nite:child href="Bmr014.C.words.xml#id(Bmr014.w.6,981)"/>
   </speechquality>
   <speechquality nite:id="Bmr014.emphasis.138" type="emphasis">
      <nite:child href="Bmr014.C.words.xml#id(Bmr014.w.7,046)"/>
   </speechquality>
   <speechquality nite:id="Bmr014.emphasis.140" type="emphasis">
      <nite:child href="Bmr014.C.words.xml#id(Bmr014.w.7,072)"/>
   </speechquality>
   <speechquality nite:id="Bmr014.emphasis.141" type="emphasis">
      <nite:child href="Bmr014.C.words.xml#id(Bmr014.w.7,081)"/>
   </speechquality>
   <speechquality nite:id="Bmr014.emphasis.142" type="emphasis">
      <nite:child href="Bmr014.C.words.xml#id(Bmr014.w.7,088)"/>
   </speechquality>
   <speechquality nite:id="Bmr014.emphasis.144" type="emphasis">
      <nite:child href="Bmr014.C.words.xml#id(Bmr014.w.7,114)"/>
   </speechquality>
   <speechquality nite:id="Bmr014.emphasis.145" type="emphasis">
      <nite:child href="Bmr014.C.words.xml#id(Bmr014.w.7,118)"/>
   </speechquality>
   <speechquality nite:id="Bmr014.emphasis.154" type="emphasis">
      <nite:child href="Bmr014.C.words.xml#id(Bmr014.w.7,613)"/>
   </speechquality>
   <speechquality nite:id="Bmr014.emphasis.155" type="emphasis">
      <nite:child href="Bmr014.C.words.xml#id(Bmr014.w.7,727)"/>
   </speechquality>
   <speechquality nite:id="Bmr014.emphasis.156" type="emphasis">
      <nite:child href="Bmr014.C.words.xml#id(Bmr014.w.7,953)"/>
   </speechquality>
   <speechquality nite:id="Bmr014.emphasis.173" type="emphasis">
      <nite:child href="Bmr014.C.words.xml#id(Bmr014.w.8,437)"/>
   </speechquality>
   <speechquality nite:id="Bmr014.emphasis.174" type="emphasis">
      <nite:child href="Bmr014.C.words.xml#id(Bmr014.w.8,447)"/>
   </speechquality>
   <speechquality nite:id="Bmr014.emphasis.175" type="emphasis">
      <nite:child href="Bmr014.C.words.xml#id(Bmr014.w.8,485)"/>
   </speechquality>
   <speechquality nite:id="Bmr014.emphasis.180" type="emphasis">
      <nite:child href="Bmr014.C.words.xml#id(Bmr014.w.8,726)"/>
   </speechquality>
   <speechquality nite:id="Bmr014.emphasis.181" type="emphasis">
      <nite:child href="Bmr014.C.words.xml#id(Bmr014.w.8,735)..id(Bmr014.w.8,736)"/>
   </speechquality>
   <speechquality nite:id="Bmr014.emphasis.184" type="emphasis">
      <nite:child href="Bmr014.C.words.xml#id(Bmr014.w.8,773)"/>
   </speechquality>
   <speechquality nite:id="Bmr014.emphasis.186" type="emphasis">
      <nite:child href="Bmr014.C.words.xml#id(Bmr014.w.8,811)"/>
   </speechquality>
   <speechquality nite:id="Bmr014.emphasis.191" type="emphasis">
      <nite:child href="Bmr014.C.words.xml#id(Bmr014.w.9,139)"/>
   </speechquality>
   <speechquality nite:id="Bmr014.emphasis.192" type="emphasis">
      <nite:child href="Bmr014.C.words.xml#id(Bmr014.w.9,153)"/>
   </speechquality>
   <speechquality nite:id="Bmr014.emphasis.195" type="emphasis">
      <nite:child href="Bmr014.C.words.xml#id(Bmr014.w.9,411)"/>
   </speechquality>
   <speechquality nite:id="Bmr014.emphasis.199" type="emphasis">
      <nite:child href="Bmr014.C.words.xml#id(Bmr014.w.9,719)"/>
   </speechquality>
   <speechquality nite:id="Bmr014.emphasis.200" type="emphasis">
      <nite:child href="Bmr014.C.words.xml#id(Bmr014.w.9,817)"/>
   </speechquality>
   <speechquality nite:id="Bmr014.emphasis.201" type="emphasis">
      <nite:child href="Bmr014.C.words.xml#id(Bmr014.w.9,823)"/>
   </speechquality>
   <speechquality nite:id="Bmr014.emphasis.208" type="emphasis">
      <nite:child href="Bmr014.C.words.xml#id(Bmr014.w.10,242)"/>
   </speechquality>
   <speechquality nite:id="Bmr014.emphasis.209" type="emphasis">
      <nite:child href="Bmr014.C.words.xml#id(Bmr014.w.10,256)..id(Bmr014.w.10,257)"/>
   </speechquality>
   <speechquality nite:id="Bmr014.emphasis.210" type="emphasis">
      <nite:child href="Bmr014.C.words.xml#id(Bmr014.w.10,358)"/>
   </speechquality>
   <speechquality nite:id="Bmr014.emphasis.212" type="emphasis">
      <nite:child href="Bmr014.C.words.xml#id(Bmr014.w.10,418)"/>
   </speechquality>
   <speechquality nite:id="Bmr014.emphasis.213" type="emphasis">
      <nite:child href="Bmr014.C.words.xml#id(Bmr014.w.10,590)"/>
   </speechquality>
   <speechquality nite:id="Bmr014.emphasis.214" type="emphasis">
      <nite:child href="Bmr014.C.words.xml#id(Bmr014.w.10,713)..id(Bmr014.w.10,714)"/>
   </speechquality>
   <speechquality nite:id="Bmr014.emphasis.215" type="emphasis">
      <nite:child href="Bmr014.C.words.xml#id(Bmr014.w.10,904)"/>
   </speechquality>
   <speechquality nite:id="Bmr014.uncertain.18" type="uncertain" numsyllables="6.0">
      <nite:child href="Bmr014.C.words.xml#id(Bmr014.w.10,987)..id(Bmr014.w.10,988)"/>
   </speechquality>
   <speechquality nite:id="Bmr014.uncertain.20" type="uncertain" numsyllables="6.0">
      <nite:child href="Bmr014.C.words.xml#id(Bmr014.w.11,059)..id(Bmr014.w.11,060)"/>
   </speechquality>
   <speechquality nite:id="Bmr014.emphasis.217" type="emphasis">
      <nite:child href="Bmr014.C.words.xml#id(Bmr014.w.11,068)"/>
   </speechquality>
   <speechquality nite:id="Bmr014.emphasis.218" type="emphasis">
      <nite:child href="Bmr014.C.words.xml#id(Bmr014.w.11,080)"/>
   </speechquality>
   <speechquality nite:id="Bmr014.emphasis.219" type="emphasis">
      <nite:child href="Bmr014.C.words.xml#id(Bmr014.w.11,082)"/>
   </speechquality>
   <speechquality nite:id="Bmr014.emphasis.227" type="emphasis">
      <nite:child href="Bmr014.C.words.xml#id(Bmr014.w.11,334)"/>
   </speechquality>
   <speechquality nite:id="Bmr014.uncertain.22" type="uncertain" numsyllables="7.0">
      <nite:child href="Bmr014.C.words.xml#id(Bmr014.w.11,821)..id(Bmr014.w.11,822)"/>
   </speechquality>
   <speechquality nite:id="Bmr014.emphasis.233" type="emphasis">
      <nite:child href="Bmr014.C.words.xml#id(Bmr014.w.11,909)"/>
   </speechquality>
</nite:root>