<?xml version="1.0" encoding="ISO-8859-1" standalone="yes"?>
<nite:root nite:id="Bro011.A.speech-quality" xmlns:nite="http://nite.sourceforge.net/">
   <speechquality nite:id="Bro011.uncertain.1" type="uncertain">
      <nite:child href="Bro011.A.words.xml#id(Bro011.w.110)..id(Bro011.w.111)"/>
   </speechquality>
   <speechquality nite:id="Bro011.emphasis.2" type="emphasis">
      <nite:child href="Bro011.A.words.xml#id(Bro011.w.131)"/>
   </speechquality>
   <speechquality nite:id="Bro011.emphasis.10" type="emphasis">
      <nite:child href="Bro011.A.words.xml#id(Bro011.w.294)"/>
   </speechquality>
   <speechquality nite:id="Bro011.emphasis.11" type="emphasis">
      <nite:child href="Bro011.A.words.xml#id(Bro011.w.301)"/>
   </speechquality>
   <speechquality nite:id="Bro011.emphasis.13" type="emphasis">
      <nite:child href="Bro011.A.words.xml#id(Bro011.w.422)"/>
   </speechquality>
   <speechquality nite:id="Bro011.emphasis.14" type="emphasis">
      <nite:child href="Bro011.A.words.xml#id(Bro011.w.435)"/>
   </speechquality>
   <speechquality nite:id="Bro011.emphasis.34" type="emphasis">
      <nite:child href="Bro011.A.words.xml#id(Bro011.w.901)"/>
   </speechquality>
   <speechquality nite:id="Bro011.emphasis.35" type="emphasis">
      <nite:child href="Bro011.A.words.xml#id(Bro011.w.928)"/>
   </speechquality>
   <speechquality nite:id="Bro011.emphasis.36" type="emphasis">
      <nite:child href="Bro011.A.words.xml#id(Bro011.w.970)"/>
   </speechquality>
   <speechquality nite:id="Bro011.uncertain.5" type="uncertain">
      <nite:child href="Bro011.A.words.xml#id(Bro011.w.1,249)..id(Bro011.w.1,250)"/>
   </speechquality>
   <speechquality nite:id="Bro011.emphasis.42" type="emphasis">
      <nite:child href="Bro011.A.words.xml#id(Bro011.w.1,331)"/>
   </speechquality>
   <speechquality nite:id="Bro011.emphasis.43" type="emphasis">
      <nite:child href="Bro011.A.words.xml#id(Bro011.w.1,334)"/>
   </speechquality>
   <speechquality nite:id="Bro011.emphasis.46" type="emphasis">
      <nite:child href="Bro011.A.words.xml#id(Bro011.w.1,943)..id(Bro011.w.1,944)"/>
   </speechquality>
   <speechquality nite:id="Bro011.emphasis.47" type="emphasis">
      <nite:child href="Bro011.A.words.xml#id(Bro011.w.1,945)..id(Bro011.w.1,946)"/>
   </speechquality>
   <speechquality nite:id="Bro011.emphasis.48" type="emphasis">
      <nite:child href="Bro011.A.words.xml#id(Bro011.w.2,019)"/>
   </speechquality>
   <speechquality nite:id="Bro011.emphasis.49" type="emphasis">
      <nite:child href="Bro011.A.words.xml#id(Bro011.w.2,045)..id(Bro011.w.2,047)"/>
   </speechquality>
   <speechquality nite:id="Bro011.emphasis.50" type="emphasis">
      <nite:child href="Bro011.A.words.xml#id(Bro011.w.2,054)"/>
   </speechquality>
   <speechquality nite:id="Bro011.emphasis.51" type="emphasis">
      <nite:child href="Bro011.A.words.xml#id(Bro011.w.2,058)"/>
   </speechquality>
   <speechquality nite:id="Bro011.emphasis.52" type="emphasis">
      <nite:child href="Bro011.A.words.xml#id(Bro011.w.2,087)"/>
   </speechquality>
   <speechquality nite:id="Bro011.emphasis.53" type="emphasis">
      <nite:child href="Bro011.A.words.xml#id(Bro011.w.2,092)"/>
   </speechquality>
   <speechquality nite:id="Bro011.emphasis.54" type="emphasis">
      <nite:child href="Bro011.A.words.xml#id(Bro011.w.2,122)..id(Bro011.w.2,123)"/>
   </speechquality>
   <speechquality nite:id="Bro011.emphasis.55" type="emphasis">
      <nite:child href="Bro011.A.words.xml#id(Bro011.w.2,128)"/>
   </speechquality>
   <speechquality nite:id="Bro011.emphasis.56" type="emphasis">
      <nite:child href="Bro011.A.words.xml#id(Bro011.w.2,157)"/>
   </speechquality>
   <speechquality nite:id="Bro011.emphasis.57" type="emphasis">
      <nite:child href="Bro011.A.words.xml#id(Bro011.w.2,214)"/>
   </speechquality>
   <speechquality nite:id="Bro011.emphasis.58" type="emphasis">
      <nite:child href="Bro011.A.words.xml#id(Bro011.w.2,220)"/>
   </speechquality>
   <speechquality nite:id="Bro011.emphasis.59" type="emphasis">
      <nite:child href="Bro011.A.words.xml#id(Bro011.w.2,227)"/>
   </speechquality>
   <speechquality nite:id="Bro011.emphasis.61" type="emphasis">
      <nite:child href="Bro011.A.words.xml#id(Bro011.w.2,253)"/>
   </speechquality>
   <speechquality nite:id="Bro011.emphasis.66" type="emphasis">
      <nite:child href="Bro011.A.words.xml#id(Bro011.w.2,596)"/>
   </speechquality>
   <speechquality nite:id="Bro011.emphasis.67" type="emphasis">
      <nite:child href="Bro011.A.words.xml#id(Bro011.w.2,602)"/>
   </speechquality>
   <speechquality nite:id="Bro011.emphasis.68" type="emphasis">
      <nite:child href="Bro011.A.words.xml#id(Bro011.w.2,637)..id(Bro011.w.2,638)"/>
   </speechquality>
   <speechquality nite:id="Bro011.emphasis.69" type="emphasis">
      <nite:child href="Bro011.A.words.xml#id(Bro011.w.2,649)"/>
   </speechquality>
   <speechquality nite:id="Bro011.emphasis.70" type="emphasis">
      <nite:child href="Bro011.A.words.xml#id(Bro011.w.3,012)"/>
   </speechquality>
   <speechquality nite:id="Bro011.emphasis.71" type="emphasis">
      <nite:child href="Bro011.A.words.xml#id(Bro011.w.3,037)"/>
   </speechquality>
   <speechquality nite:id="Bro011.emphasis.72" type="emphasis">
      <nite:child href="Bro011.A.words.xml#id(Bro011.w.3,083)"/>
   </speechquality>
   <speechquality nite:id="Bro011.emphasis.73" type="emphasis">
      <nite:child href="Bro011.A.words.xml#id(Bro011.w.3,091)"/>
   </speechquality>
   <speechquality nite:id="Bro011.emphasis.76" type="emphasis">
      <nite:child href="Bro011.A.words.xml#id(Bro011.w.3,261)"/>
   </speechquality>
   <speechquality nite:id="Bro011.uncertain.13" type="uncertain">
      <nite:child href="Bro011.A.words.xml#id(Bro011.w.3,269)..id(Bro011.w.3,270)"/>
   </speechquality>
   <speechquality nite:id="Bro011.emphasis.83" type="emphasis">
      <nite:child href="Bro011.A.words.xml#id(Bro011.w.3,682)"/>
   </speechquality>
   <speechquality nite:id="Bro011.emphasis.84" type="emphasis">
      <nite:child href="Bro011.A.words.xml#id(Bro011.w.3,697)"/>
   </speechquality>
   <speechquality nite:id="Bro011.emphasis.85" type="emphasis">
      <nite:child href="Bro011.A.words.xml#id(Bro011.w.3,703)"/>
   </speechquality>
   <speechquality nite:id="Bro011.emphasis.86" type="emphasis">
      <nite:child href="Bro011.A.words.xml#id(Bro011.w.3,707)"/>
   </speechquality>
   <speechquality nite:id="Bro011.emphasis.87" type="emphasis">
      <nite:child href="Bro011.A.words.xml#id(Bro011.w.3,728)"/>
   </speechquality>
   <speechquality nite:id="Bro011.emphasis.88" type="emphasis">
      <nite:child href="Bro011.A.words.xml#id(Bro011.w.3,743)"/>
   </speechquality>
   <speechquality nite:id="Bro011.emphasis.89" type="emphasis">
      <nite:child href="Bro011.A.words.xml#id(Bro011.w.3,774)..id(Bro011.w.3,775)"/>
   </speechquality>
   <speechquality nite:id="Bro011.emphasis.90" type="emphasis">
      <nite:child href="Bro011.A.words.xml#id(Bro011.w.3,812)"/>
   </speechquality>
   <speechquality nite:id="Bro011.emphasis.91" type="emphasis">
      <nite:child href="Bro011.A.words.xml#id(Bro011.w.3,820)"/>
   </speechquality>
   <speechquality nite:id="Bro011.emphasis.92" type="emphasis">
      <nite:child href="Bro011.A.words.xml#id(Bro011.w.3,826)"/>
   </speechquality>
   <speechquality nite:id="Bro011.emphasis.93" type="emphasis">
      <nite:child href="Bro011.A.words.xml#id(Bro011.w.3,828)"/>
   </speechquality>
   <speechquality nite:id="Bro011.emphasis.94" type="emphasis">
      <nite:child href="Bro011.A.words.xml#id(Bro011.w.3,831)"/>
   </speechquality>
   <speechquality nite:id="Bro011.emphasis.95" type="emphasis">
      <nite:child href="Bro011.A.words.xml#id(Bro011.w.3,844)"/>
   </speechquality>
   <speechquality nite:id="Bro011.emphasis.96" type="emphasis">
      <nite:child href="Bro011.A.words.xml#id(Bro011.w.3,855)"/>
   </speechquality>
   <speechquality nite:id="Bro011.emphasis.97" type="emphasis">
      <nite:child href="Bro011.A.words.xml#id(Bro011.w.3,860)"/>
   </speechquality>
   <speechquality nite:id="Bro011.emphasis.98" type="emphasis">
      <nite:child href="Bro011.A.words.xml#id(Bro011.w.3,866)"/>
   </speechquality>
   <speechquality nite:id="Bro011.emphasis.99" type="emphasis">
      <nite:child href="Bro011.A.words.xml#id(Bro011.w.3,875)"/>
   </speechquality>
   <speechquality nite:id="Bro011.emphasis.100" type="emphasis">
      <nite:child href="Bro011.A.words.xml#id(Bro011.w.3,880)"/>
   </speechquality>
   <speechquality nite:id="Bro011.emphasis.101" type="emphasis">
      <nite:child href="Bro011.A.words.xml#id(Bro011.w.3,889)"/>
   </speechquality>
   <speechquality nite:id="Bro011.uncertain.16" type="uncertain">
      <nite:child href="Bro011.A.words.xml#id(Bro011.w.3,895)"/>
   </speechquality>
   <speechquality nite:id="Bro011.emphasis.102" type="emphasis">
      <nite:child href="Bro011.A.words.xml#id(Bro011.w.3,900)"/>
   </speechquality>
   <speechquality nite:id="Bro011.emphasis.103" type="emphasis">
      <nite:child href="Bro011.A.words.xml#id(Bro011.w.3,916)"/>
   </speechquality>
   <speechquality nite:id="Bro011.emphasis.104" type="emphasis">
      <nite:child href="Bro011.A.words.xml#id(Bro011.w.3,952)"/>
   </speechquality>
   <speechquality nite:id="Bro011.emphasis.105" type="emphasis">
      <nite:child href="Bro011.A.words.xml#id(Bro011.w.3,962)"/>
   </speechquality>
   <speechquality nite:id="Bro011.emphasis.106" type="emphasis">
      <nite:child href="Bro011.A.words.xml#id(Bro011.w.3,981)"/>
   </speechquality>
   <speechquality nite:id="Bro011.emphasis.107" type="emphasis">
      <nite:child href="Bro011.A.words.xml#id(Bro011.w.4,091)"/>
   </speechquality>
   <speechquality nite:id="Bro011.emphasis.108" type="emphasis">
      <nite:child href="Bro011.A.words.xml#id(Bro011.w.4,138)"/>
   </speechquality>
   <speechquality nite:id="Bro011.emphasis.109" type="emphasis">
      <nite:child href="Bro011.A.words.xml#id(Bro011.w.4,159)"/>
   </speechquality>
   <speechquality nite:id="Bro011.emphasis.110" type="emphasis">
      <nite:child href="Bro011.A.words.xml#id(Bro011.w.4,169)"/>
   </speechquality>
   <speechquality nite:id="Bro011.emphasis.111" type="emphasis">
      <nite:child href="Bro011.A.words.xml#id(Bro011.w.4,183)"/>
   </speechquality>
   <speechquality nite:id="Bro011.emphasis.112" type="emphasis">
      <nite:child href="Bro011.A.words.xml#id(Bro011.w.4,205)"/>
   </speechquality>
   <speechquality nite:id="Bro011.emphasis.113" type="emphasis">
      <nite:child href="Bro011.A.words.xml#id(Bro011.w.4,211)"/>
   </speechquality>
   <speechquality nite:id="Bro011.emphasis.114" type="emphasis">
      <nite:child href="Bro011.A.words.xml#id(Bro011.w.4,225)"/>
   </speechquality>
   <speechquality nite:id="Bro011.emphasis.115" type="emphasis">
      <nite:child href="Bro011.A.words.xml#id(Bro011.w.4,226)"/>
   </speechquality>
   <speechquality nite:id="Bro011.emphasis.116" type="emphasis">
      <nite:child href="Bro011.A.words.xml#id(Bro011.w.4,256)"/>
   </speechquality>
   <speechquality nite:id="Bro011.emphasis.117" type="emphasis">
      <nite:child href="Bro011.A.words.xml#id(Bro011.w.4,345)..id(Bro011.w.4,347)"/>
   </speechquality>
   <speechquality nite:id="Bro011.emphasis.118" type="emphasis">
      <nite:child href="Bro011.A.words.xml#id(Bro011.w.4,357)"/>
   </speechquality>
   <speechquality nite:id="Bro011.emphasis.119" type="emphasis">
      <nite:child href="Bro011.A.words.xml#id(Bro011.w.4,395)"/>
   </speechquality>
   <speechquality nite:id="Bro011.emphasis.120" type="emphasis">
      <nite:child href="Bro011.A.words.xml#id(Bro011.w.4,403)"/>
   </speechquality>
   <speechquality nite:id="Bro011.emphasis.121" type="emphasis">
      <nite:child href="Bro011.A.words.xml#id(Bro011.w.4,411)"/>
   </speechquality>
   <speechquality nite:id="Bro011.emphasis.122" type="emphasis">
      <nite:child href="Bro011.A.words.xml#id(Bro011.w.4,422)"/>
   </speechquality>
   <speechquality nite:id="Bro011.emphasis.123" type="emphasis">
      <nite:child href="Bro011.A.words.xml#id(Bro011.w.4,455)"/>
   </speechquality>
   <speechquality nite:id="Bro011.emphasis.124" type="emphasis">
      <nite:child href="Bro011.A.words.xml#id(Bro011.w.4,492)"/>
   </speechquality>
   <speechquality nite:id="Bro011.emphasis.125" type="emphasis">
      <nite:child href="Bro011.A.words.xml#id(Bro011.w.4,511)..id(Bro011.w.4,512)"/>
   </speechquality>
   <speechquality nite:id="Bro011.emphasis.127" type="emphasis">
      <nite:child href="Bro011.A.words.xml#id(Bro011.w.4,554)"/>
   </speechquality>
   <speechquality nite:id="Bro011.emphasis.128" type="emphasis">
      <nite:child href="Bro011.A.words.xml#id(Bro011.w.4,557)..id(Bro011.w.4,558)"/>
   </speechquality>
   <speechquality nite:id="Bro011.emphasis.129" type="emphasis">
      <nite:child href="Bro011.A.words.xml#id(Bro011.w.4,568)..id(Bro011.w.4,569)"/>
   </speechquality>
   <speechquality nite:id="Bro011.emphasis.130" type="emphasis">
      <nite:child href="Bro011.A.words.xml#id(Bro011.w.4,589)"/>
   </speechquality>
   <speechquality nite:id="Bro011.emphasis.131" type="emphasis">
      <nite:child href="Bro011.A.words.xml#id(Bro011.w.4,620)"/>
   </speechquality>
   <speechquality nite:id="Bro011.emphasis.132" type="emphasis">
      <nite:child href="Bro011.A.words.xml#id(Bro011.w.4,627)"/>
   </speechquality>
   <speechquality nite:id="Bro011.emphasis.133" type="emphasis">
      <nite:child href="Bro011.A.words.xml#id(Bro011.w.4,655)"/>
   </speechquality>
   <speechquality nite:id="Bro011.emphasis.134" type="emphasis">
      <nite:child href="Bro011.A.words.xml#id(Bro011.w.4,666)"/>
   </speechquality>
   <speechquality nite:id="Bro011.emphasis.135" type="emphasis">
      <nite:child href="Bro011.A.words.xml#id(Bro011.w.4,703)"/>
   </speechquality>
   <speechquality nite:id="Bro011.emphasis.136" type="emphasis">
      <nite:child href="Bro011.A.words.xml#id(Bro011.w.4,707)"/>
   </speechquality>
   <speechquality nite:id="Bro011.emphasis.137" type="emphasis">
      <nite:child href="Bro011.A.words.xml#id(Bro011.w.4,728)"/>
   </speechquality>
   <speechquality nite:id="Bro011.emphasis.138" type="emphasis">
      <nite:child href="Bro011.A.words.xml#id(Bro011.w.4,736)..id(Bro011.w.4,737)"/>
   </speechquality>
   <speechquality nite:id="Bro011.emphasis.139" type="emphasis">
      <nite:child href="Bro011.A.words.xml#id(Bro011.w.4,765)"/>
   </speechquality>
   <speechquality nite:id="Bro011.emphasis.140" type="emphasis">
      <nite:child href="Bro011.A.words.xml#id(Bro011.w.4,776)"/>
   </speechquality>
   <speechquality nite:id="Bro011.emphasis.141" type="emphasis">
      <nite:child href="Bro011.A.words.xml#id(Bro011.w.4,804)"/>
   </speechquality>
   <speechquality nite:id="Bro011.emphasis.142" type="emphasis">
      <nite:child href="Bro011.A.words.xml#id(Bro011.w.4,809)"/>
   </speechquality>
   <speechquality nite:id="Bro011.emphasis.143" type="emphasis">
      <nite:child href="Bro011.A.words.xml#id(Bro011.w.5,040)"/>
   </speechquality>
   <speechquality nite:id="Bro011.emphasis.221" type="emphasis">
      <nite:child href="Bro011.A.words.xml#id(Bro011.w.6,778)"/>
   </speechquality>
   <speechquality nite:id="Bro011.emphasis.222" type="emphasis">
      <nite:child href="Bro011.A.words.xml#id(Bro011.w.6,793)"/>
   </speechquality>
   <speechquality nite:id="Bro011.emphasis.223" type="emphasis">
      <nite:child href="Bro011.A.words.xml#id(Bro011.w.6,803)"/>
   </speechquality>
   <speechquality nite:id="Bro011.emphasis.224" type="emphasis">
      <nite:child href="Bro011.A.words.xml#id(Bro011.w.6,819)"/>
   </speechquality>
   <speechquality nite:id="Bro011.emphasis.226" type="emphasis">
      <nite:child href="Bro011.A.words.xml#id(Bro011.w.6,912)"/>
   </speechquality>
   <speechquality nite:id="Bro011.emphasis.227" type="emphasis">
      <nite:child href="Bro011.A.words.xml#id(Bro011.w.6,967)..id(Bro011.w.6,968)"/>
   </speechquality>
   <speechquality nite:id="Bro011.emphasis.228" type="emphasis">
      <nite:child href="Bro011.A.words.xml#id(Bro011.w.7,187)"/>
   </speechquality>
   <speechquality nite:id="Bro011.emphasis.229" type="emphasis">
      <nite:child href="Bro011.A.words.xml#id(Bro011.w.7,197)"/>
   </speechquality>
   <speechquality nite:id="Bro011.emphasis.230" type="emphasis">
      <nite:child href="Bro011.A.words.xml#id(Bro011.w.7,204)"/>
   </speechquality>
</nite:root>