<?xml version="1.0" encoding="ISO-8859-1" standalone="yes"?>
<nite:root nite:id="Bro022.E.speech-quality" xmlns:nite="http://nite.sourceforge.net/">
   <speechquality nite:id="Bro022.emphasis.12" type="emphasis">
      <nite:child href="Bro022.E.words.xml#id(Bro022.w.1,354)..id(Bro022.w.1,355)"/>
   </speechquality>
   <speechquality nite:id="Bro022.emphasis.13" type="emphasis">
      <nite:child href="Bro022.E.words.xml#id(Bro022.w.1,469)"/>
   </speechquality>
   <speechquality nite:id="Bro022.emphasis.14" type="emphasis">
      <nite:child href="Bro022.E.words.xml#id(Bro022.w.1,523)"/>
   </speechquality>
   <speechquality nite:id="Bro022.emphasis.23" type="emphasis">
      <nite:child href="Bro022.E.words.xml#id(Bro022.w.2,448)"/>
   </speechquality>
   <speechquality nite:id="Bro022.emphasis.28" type="emphasis">
      <nite:child href="Bro022.E.words.xml#id(Bro022.w.2,921)..id(Bro022.w.2,922)"/>
   </speechquality>
   <speechquality nite:id="Bro022.uncertain.3" type="uncertain">
      <nite:child href="Bro022.E.words.xml#id(Bro022.w.2,957)..id(Bro022.w.2,960)"/>
   </speechquality>
   <speechquality nite:id="Bro022.emphasis.31" type="emphasis">
      <nite:child href="Bro022.E.words.xml#id(Bro022.w.3,358)"/>
   </speechquality>
   <speechquality nite:id="Bro022.emphasis.41" type="emphasis">
      <nite:child href="Bro022.E.words.xml#id(Bro022.w.4,111)"/>
   </speechquality>
   <speechquality nite:id="Bro022.emphasis.42" type="emphasis">
      <nite:child href="Bro022.E.words.xml#id(Bro022.w.4,118)..id(Bro022.w.4,119)"/>
   </speechquality>
   <speechquality nite:id="Bro022.emphasis.43" type="emphasis">
      <nite:child href="Bro022.E.words.xml#id(Bro022.w.4,151)"/>
   </speechquality>
   <speechquality nite:id="Bro022.emphasis.44" type="emphasis">
      <nite:child href="Bro022.E.words.xml#id(Bro022.w.4,218)..id(Bro022.w.4,219)"/>
   </speechquality>
   <speechquality nite:id="Bro022.emphasis.45" type="emphasis">
      <nite:child href="Bro022.E.words.xml#id(Bro022.w.4,223)"/>
   </speechquality>
   <speechquality nite:id="Bro022.emphasis.54" type="emphasis">
      <nite:child href="Bro022.E.words.xml#id(Bro022.w.5,282)"/>
   </speechquality>
</nite:root>