<?xml version="1.0" encoding="ISO-8859-1" standalone="yes"?>
<nite:root nite:id="Bro018.D.speech-quality" xmlns:nite="http://nite.sourceforge.net/">
   <speechquality nite:id="Bro018.uncertain.1" type="uncertain">
      <nite:child href="Bro018.D.words.xml#id(Bro018.w.93)"/>
   </speechquality>
   <speechquality nite:id="Bro018.uncertain.2" type="uncertain">
      <nite:child href="Bro018.D.words.xml#id(Bro018.w.176)..id(Bro018.w.178)"/>
   </speechquality>
   <speechquality nite:id="Bro018.emphasis.4" type="emphasis">
      <nite:child href="Bro018.D.words.xml#id(Bro018.w.281)..id(Bro018.w.282)"/>
   </speechquality>
   <speechquality nite:id="Bro018.uncertain.3" type="uncertain">
      <nite:child href="Bro018.D.words.xml#id(Bro018.w.291)"/>
   </speechquality>
   <speechquality nite:id="Bro018.uncertain.4" type="uncertain">
      <nite:child href="Bro018.D.words.xml#id(Bro018.w.347)..id(Bro018.w.349)"/>
   </speechquality>
   <speechquality nite:id="Bro018.uncertain.5" type="uncertain" numsyllables="1.0">
      <nite:child href="Bro018.D.words.xml#id(Bro018.w.510)..id(Bro018.w.511)"/>
   </speechquality>
   <speechquality nite:id="Bro018.emphasis.14" type="emphasis">
      <nite:child href="Bro018.D.words.xml#id(Bro018.w.822)"/>
   </speechquality>
   <speechquality nite:id="Bro018.emphasis.48" type="emphasis">
      <nite:child href="Bro018.D.words.xml#id(Bro018.w.1,854)"/>
   </speechquality>
   <speechquality nite:id="Bro018.uncertain.6" type="uncertain">
      <nite:child href="Bro018.D.words.xml#id(Bro018.w.2,015)"/>
   </speechquality>
   <speechquality nite:id="Bro018.emphasis.53" type="emphasis">
      <nite:child href="Bro018.D.words.xml#id(Bro018.w.2,102)..id(Bro018.w.2,103)"/>
   </speechquality>
   <speechquality nite:id="Bro018.emphasis.54" type="emphasis">
      <nite:child href="Bro018.D.words.xml#id(Bro018.w.2,107)"/>
   </speechquality>
   <speechquality nite:id="Bro018.emphasis.55" type="emphasis">
      <nite:child href="Bro018.D.words.xml#id(Bro018.w.2,108)..id(Bro018.w.2,109)"/>
   </speechquality>
   <speechquality nite:id="Bro018.emphasis.56" type="emphasis">
      <nite:child href="Bro018.D.words.xml#id(Bro018.w.2,127)..id(Bro018.w.2,128)"/>
   </speechquality>
   <speechquality nite:id="Bro018.uncertain.7" type="uncertain" numsyllables="3.0">
      <nite:child href="Bro018.D.words.xml#id(Bro018.w.2,272)..id(Bro018.w.2,273)"/>
   </speechquality>
   <speechquality nite:id="Bro018.uncertain.8" type="uncertain">
      <nite:child href="Bro018.D.words.xml#id(Bro018.w.2,665)"/>
   </speechquality>
   <speechquality nite:id="Bro018.uncertain.9" type="uncertain" numsyllables="5.0">
      <nite:child href="Bro018.D.words.xml#id(Bro018.w.2,723)..id(Bro018.w.2,724)"/>
   </speechquality>
   <speechquality nite:id="Bro018.uncertain.10" type="uncertain">
      <nite:child href="Bro018.D.words.xml#id(Bro018.w.2,904)"/>
   </speechquality>
   <speechquality nite:id="Bro018.uncertain.11" type="uncertain">
      <nite:child href="Bro018.D.words.xml#id(Bro018.w.2,935)"/>
   </speechquality>
   <speechquality nite:id="Bro018.uncertain.13" type="uncertain" numsyllables="1.0">
      <nite:child href="Bro018.D.words.xml#id(Bro018.w.3,076)..id(Bro018.w.3,077)"/>
   </speechquality>
   <speechquality nite:id="Bro018.uncertain.14" type="uncertain">
      <nite:child href="Bro018.D.words.xml#id(Bro018.w.3,247)..id(Bro018.w.3,249)"/>
   </speechquality>
   <speechquality nite:id="Bro018.uncertain.15" type="uncertain">
      <nite:child href="Bro018.D.words.xml#id(Bro018.w.3,403)"/>
   </speechquality>
</nite:root>