<?xml version="1.0" encoding="ISO-8859-1" standalone="yes"?>
<nite:root nite:id="Bro024.G.speech-quality" xmlns:nite="http://nite.sourceforge.net/">
   <speechquality nite:id="Bro024.emphasis.54" type="emphasis">
      <nite:child href="Bro024.G.words.xml#id(Bro024.w.2,733)..id(Bro024.w.2,736)"/>
   </speechquality>
   <speechquality nite:id="Bro024.emphasis.55" type="emphasis">
      <nite:child href="Bro024.G.words.xml#id(Bro024.w.2,749)..id(Bro024.w.2,750)"/>
   </speechquality>
   <speechquality nite:id="Bro024.emphasis.115" type="emphasis">
      <nite:child href="Bro024.G.words.xml#id(Bro024.w.5,430)"/>
   </speechquality>
   <speechquality nite:id="Bro024.emphasis.116" type="emphasis">
      <nite:child href="Bro024.G.words.xml#id(Bro024.w.5,440)"/>
   </speechquality>
   <speechquality nite:id="Bro024.uncertain.28" type="uncertain">
      <nite:child href="Bro024.G.words.xml#id(Bro024.w.6,955)"/>
   </speechquality>
   <speechquality nite:id="Bro024.emphasis.130" type="emphasis">
      <nite:child href="Bro024.G.words.xml#id(Bro024.w.7,159)"/>
   </speechquality>
   <speechquality nite:id="Bro024.emphasis.131" type="emphasis">
      <nite:child href="Bro024.G.words.xml#id(Bro024.w.7,190)"/>
   </speechquality>
   <speechquality nite:id="Bro024.emphasis.132" type="emphasis">
      <nite:child href="Bro024.G.words.xml#id(Bro024.w.7,210)"/>
   </speechquality>
   <speechquality nite:id="Bro024.emphasis.133" type="emphasis">
      <nite:child href="Bro024.G.words.xml#id(Bro024.w.7,358)"/>
   </speechquality>
   <speechquality nite:id="Bro024.emphasis.134" type="emphasis">
      <nite:child href="Bro024.G.words.xml#id(Bro024.w.7,363)..id(Bro024.w.7,364)"/>
   </speechquality>
   <speechquality nite:id="Bro024.emphasis.135" type="emphasis">
      <nite:child href="Bro024.G.words.xml#id(Bro024.w.7,373)"/>
   </speechquality>
   <speechquality nite:id="Bro024.emphasis.136" type="emphasis">
      <nite:child href="Bro024.G.words.xml#id(Bro024.w.7,379)"/>
   </speechquality>
   <speechquality nite:id="Bro024.emphasis.137" type="emphasis">
      <nite:child href="Bro024.G.words.xml#id(Bro024.w.7,433)"/>
   </speechquality>
   <speechquality nite:id="Bro024.emphasis.138" type="emphasis">
      <nite:child href="Bro024.G.words.xml#id(Bro024.w.7,452)"/>
   </speechquality>
   <speechquality nite:id="Bro024.uncertain.31" type="uncertain">
      <nite:child href="Bro024.G.words.xml#id(Bro024.w.7,475)"/>
   </speechquality>
   <speechquality nite:id="Bro024.emphasis.139" type="emphasis">
      <nite:child href="Bro024.G.words.xml#id(Bro024.w.7,485)"/>
   </speechquality>
   <speechquality nite:id="Bro024.emphasis.140" type="emphasis">
      <nite:child href="Bro024.G.words.xml#id(Bro024.w.7,543)"/>
   </speechquality>
   <speechquality nite:id="Bro024.uncertain.33" type="uncertain">
      <nite:child href="Bro024.G.words.xml#id(Bro024.w.7,566)..id(Bro024.w.7,567)"/>
   </speechquality>
   <speechquality nite:id="Bro024.uncertain.34" type="uncertain">
      <nite:child href="Bro024.G.words.xml#id(Bro024.w.7,569)..id(Bro024.w.7,570)"/>
   </speechquality>
   <speechquality nite:id="Bro024.emphasis.141" type="emphasis">
      <nite:child href="Bro024.G.words.xml#id(Bro024.w.7,587)..id(Bro024.w.7,588)"/>
   </speechquality>
   <speechquality nite:id="Bro024.emphasis.142" type="emphasis">
      <nite:child href="Bro024.G.words.xml#id(Bro024.w.7,597)..id(Bro024.w.7,598)"/>
   </speechquality>
   <speechquality nite:id="Bro024.emphasis.143" type="emphasis">
      <nite:child href="Bro024.G.words.xml#id(Bro024.w.7,640)"/>
   </speechquality>
   <speechquality nite:id="Bro024.emphasis.144" type="emphasis">
      <nite:child href="Bro024.G.words.xml#id(Bro024.w.7,692)..id(Bro024.w.7,693)"/>
   </speechquality>
   <speechquality nite:id="Bro024.emphasis.145" type="emphasis">
      <nite:child href="Bro024.G.words.xml#id(Bro024.w.7,700)"/>
   </speechquality>
   <speechquality nite:id="Bro024.emphasis.146" type="emphasis">
      <nite:child href="Bro024.G.words.xml#id(Bro024.w.7,719)"/>
   </speechquality>
   <speechquality nite:id="Bro024.emphasis.147" type="emphasis">
      <nite:child href="Bro024.G.words.xml#id(Bro024.w.7,726)"/>
   </speechquality>
   <speechquality nite:id="Bro024.emphasis.148" type="emphasis">
      <nite:child href="Bro024.G.words.xml#id(Bro024.w.7,754)"/>
   </speechquality>
   <speechquality nite:id="Bro024.emphasis.153" type="emphasis">
      <nite:child href="Bro024.G.words.xml#id(Bro024.w.8,008)"/>
   </speechquality>
   <speechquality nite:id="Bro024.emphasis.154" type="emphasis">
      <nite:child href="Bro024.G.words.xml#id(Bro024.w.8,013)"/>
   </speechquality>
   <speechquality nite:id="Bro024.emphasis.155" type="emphasis">
      <nite:child href="Bro024.G.words.xml#id(Bro024.w.8,042)"/>
   </speechquality>
   <speechquality nite:id="Bro024.emphasis.156" type="emphasis">
      <nite:child href="Bro024.G.words.xml#id(Bro024.w.8,046)"/>
   </speechquality>
   <speechquality nite:id="Bro024.emphasis.157" type="emphasis">
      <nite:child href="Bro024.G.words.xml#id(Bro024.w.8,065)"/>
   </speechquality>
   <speechquality nite:id="Bro024.emphasis.158" type="emphasis">
      <nite:child href="Bro024.G.words.xml#id(Bro024.w.8,077)"/>
   </speechquality>
   <speechquality nite:id="Bro024.emphasis.159" type="emphasis">
      <nite:child href="Bro024.G.words.xml#id(Bro024.w.8,081)"/>
   </speechquality>
   <speechquality nite:id="Bro024.emphasis.160" type="emphasis">
      <nite:child href="Bro024.G.words.xml#id(Bro024.w.8,090)"/>
   </speechquality>
   <speechquality nite:id="Bro024.emphasis.161" type="emphasis">
      <nite:child href="Bro024.G.words.xml#id(Bro024.w.8,104)"/>
   </speechquality>
   <speechquality nite:id="Bro024.emphasis.162" type="emphasis">
      <nite:child href="Bro024.G.words.xml#id(Bro024.w.8,147)"/>
   </speechquality>
   <speechquality nite:id="Bro024.emphasis.163" type="emphasis">
      <nite:child href="Bro024.G.words.xml#id(Bro024.w.8,162)"/>
   </speechquality>
   <speechquality nite:id="Bro024.emphasis.164" type="emphasis">
      <nite:child href="Bro024.G.words.xml#id(Bro024.w.8,170)"/>
   </speechquality>
   <speechquality nite:id="Bro024.emphasis.166" type="emphasis">
      <nite:child href="Bro024.G.words.xml#id(Bro024.w.8,280)..id(Bro024.w.8,281)"/>
   </speechquality>
   <speechquality nite:id="Bro024.emphasis.167" type="emphasis">
      <nite:child href="Bro024.G.words.xml#id(Bro024.w.8,290)"/>
   </speechquality>
   <speechquality nite:id="Bro024.emphasis.172" type="emphasis">
      <nite:child href="Bro024.G.words.xml#id(Bro024.w.8,409)..id(Bro024.w.8,410)"/>
   </speechquality>
   <speechquality nite:id="Bro024.emphasis.173" type="emphasis">
      <nite:child href="Bro024.G.words.xml#id(Bro024.w.8,419)..id(Bro024.w.8,420)"/>
   </speechquality>
   <speechquality nite:id="Bro024.emphasis.180" type="emphasis">
      <nite:child href="Bro024.G.words.xml#id(Bro024.w.8,721)"/>
   </speechquality>
   <speechquality nite:id="Bro024.emphasis.181" type="emphasis">
      <nite:child href="Bro024.G.words.xml#id(Bro024.w.8,750)..id(Bro024.w.8,751)"/>
   </speechquality>
   <speechquality nite:id="Bro024.emphasis.186" type="emphasis">
      <nite:child href="Bro024.G.words.xml#id(Bro024.w.9,196)"/>
   </speechquality>
   <speechquality nite:id="Bro024.uncertain.46" type="uncertain">
      <nite:child href="Bro024.G.words.xml#id(Bro024.w.9,434)..id(Bro024.disfmarker.490)"/>
   </speechquality>
   <speechquality nite:id="Bro024.uncertain.47" type="uncertain" numsyllables="3.0">
      <nite:child href="Bro024.G.words.xml#id(Bro024.w.9,474)..id(Bro024.w.9,475)"/>
   </speechquality>
   <speechquality nite:id="Bro024.uncertain.48" type="uncertain">
      <nite:child href="Bro024.G.words.xml#id(Bro024.w.9,563)..id(Bro024.w.9,564)"/>
   </speechquality>
   <speechquality nite:id="Bro024.emphasis.196" type="emphasis">
      <nite:child href="Bro024.G.words.xml#id(Bro024.w.9,600)"/>
   </speechquality>
   <speechquality nite:id="Bro024.uncertain.66" type="uncertain">
      <nite:child href="Bro024.G.words.xml#id(Bro024.w.11,492)..id(Bro024.w.11,494)"/>
   </speechquality>
   <speechquality nite:id="Bro024.emphasis.216" type="emphasis">
      <nite:child href="Bro024.G.words.xml#id(Bro024.w.12,261)..id(Bro024.w.12,262)"/>
   </speechquality>
   <speechquality nite:id="Bro024.emphasis.217" type="emphasis">
      <nite:child href="Bro024.G.words.xml#id(Bro024.w.12,272)"/>
   </speechquality>
   <speechquality nite:id="Bro024.uncertain.71" type="uncertain" numsyllables="2.0">
      <nite:child href="Bro024.G.words.xml#id(Bro024.w.12,351)..id(Bro024.w.12,352)"/>
   </speechquality>
   <speechquality nite:id="Bro024.uncertain.74" type="uncertain">
      <nite:child href="Bro024.G.words.xml#id(Bro024.w.12,657)..id(Bro024.disfmarker.646)"/>
   </speechquality>
   <speechquality nite:id="Bro024.uncertain.76" type="uncertain" numsyllables="1.0">
      <nite:child href="Bro024.G.words.xml#id(Bro024.w.13,313)..id(Bro024.w.13,314)"/>
   </speechquality>
   <speechquality nite:id="Bro024.emphasis.232" type="emphasis">
      <nite:child href="Bro024.G.words.xml#id(Bro024.w.13,338)"/>
   </speechquality>
   <speechquality nite:id="Bro024.emphasis.233" type="emphasis">
      <nite:child href="Bro024.G.words.xml#id(Bro024.w.13,490)..id(Bro024.w.13,491)"/>
   </speechquality>
   <speechquality nite:id="Bro024.emphasis.234" type="emphasis">
      <nite:child href="Bro024.G.words.xml#id(Bro024.w.13,496)"/>
   </speechquality>
   <speechquality nite:id="Bro024.emphasis.235" type="emphasis">
      <nite:child href="Bro024.G.words.xml#id(Bro024.w.13,512)"/>
   </speechquality>
   <speechquality nite:id="Bro024.emphasis.239" type="emphasis">
      <nite:child href="Bro024.G.words.xml#id(Bro024.w.13,643)"/>
   </speechquality>
   <speechquality nite:id="Bro024.uncertain.78" type="uncertain" numsyllables="2.0">
      <nite:child href="Bro024.G.words.xml#id(Bro024.w.13,652)..id(Bro024.w.13,653)"/>
   </speechquality>
   <speechquality nite:id="Bro024.emphasis.240" type="emphasis">
      <nite:child href="Bro024.G.words.xml#id(Bro024.w.13,655)"/>
   </speechquality>
   <speechquality nite:id="Bro024.uncertain.79" type="uncertain">
      <nite:child href="Bro024.G.words.xml#id(Bro024.w.13,722)..id(Bro024.disfmarker.712)"/>
   </speechquality>
   <speechquality nite:id="Bro024.emphasis.241" type="emphasis">
      <nite:child href="Bro024.G.words.xml#id(Bro024.w.13,835)"/>
   </speechquality>
   <speechquality nite:id="Bro024.emphasis.243" type="emphasis">
      <nite:child href="Bro024.G.words.xml#id(Bro024.w.14,020)"/>
   </speechquality>
   <speechquality nite:id="Bro024.emphasis.249" type="emphasis">
      <nite:child href="Bro024.G.words.xml#id(Bro024.w.14,376)..id(Bro024.w.14,377)"/>
   </speechquality>
   <speechquality nite:id="Bro024.emphasis.266" type="emphasis">
      <nite:child href="Bro024.G.words.xml#id(Bro024.w.15,235)"/>
   </speechquality>
   <speechquality nite:id="Bro024.uncertain.97" type="uncertain" numsyllables="5.0">
      <nite:child href="Bro024.G.words.xml#id(Bro024.w.15,244)..id(Bro024.w.15,245)"/>
   </speechquality>
   <speechquality nite:id="Bro024.uncertain.105" type="uncertain">
      <nite:child href="Bro024.G.words.xml#id(Bro024.w.16,118)..id(Bro024.w.16,119)"/>
   </speechquality>
   <speechquality nite:id="Bro024.emphasis.274" type="emphasis">
      <nite:child href="Bro024.G.words.xml#id(Bro024.w.16,133)"/>
   </speechquality>
   <speechquality nite:id="Bro024.uncertain.106" type="uncertain">
      <nite:child href="Bro024.G.words.xml#id(Bro024.w.16,136)..id(Bro024.w.16,137)"/>
   </speechquality>
</nite:root>