<?xml version="1.0" encoding="ISO-8859-1" standalone="yes"?>
<nite:root nite:id="Bro017.B.speech-quality" xmlns:nite="http://nite.sourceforge.net/">
   <speechquality nite:id="Bro017.emphasis.1" type="emphasis">
      <nite:child href="Bro017.B.words.xml#id(Bro017.w.149)"/>
   </speechquality>
   <speechquality nite:id="Bro017.emphasis.4" type="emphasis">
      <nite:child href="Bro017.B.words.xml#id(Bro017.w.308)"/>
   </speechquality>
   <speechquality nite:id="Bro017.emphasis.5" type="emphasis">
      <nite:child href="Bro017.B.words.xml#id(Bro017.w.313)"/>
   </speechquality>
   <speechquality nite:id="Bro017.emphasis.6" type="emphasis">
      <nite:child href="Bro017.B.words.xml#id(Bro017.w.316)"/>
   </speechquality>
   <speechquality nite:id="Bro017.emphasis.7" type="emphasis">
      <nite:child href="Bro017.B.words.xml#id(Bro017.w.330)..id(Bro017.w.331)"/>
   </speechquality>
   <speechquality nite:id="Bro017.emphasis.8" type="emphasis">
      <nite:child href="Bro017.B.words.xml#id(Bro017.w.339)"/>
   </speechquality>
   <speechquality nite:id="Bro017.emphasis.9" type="emphasis">
      <nite:child href="Bro017.B.words.xml#id(Bro017.w.368)..id(Bro017.w.369)"/>
   </speechquality>
   <speechquality nite:id="Bro017.emphasis.10" type="emphasis">
      <nite:child href="Bro017.B.words.xml#id(Bro017.w.372)"/>
   </speechquality>
   <speechquality nite:id="Bro017.emphasis.11" type="emphasis">
      <nite:child href="Bro017.B.words.xml#id(Bro017.w.386)"/>
   </speechquality>
   <speechquality nite:id="Bro017.emphasis.12" type="emphasis">
      <nite:child href="Bro017.B.words.xml#id(Bro017.w.409)"/>
   </speechquality>
   <speechquality nite:id="Bro017.emphasis.13" type="emphasis">
      <nite:child href="Bro017.B.words.xml#id(Bro017.w.431)..id(Bro017.w.432)"/>
   </speechquality>
   <speechquality nite:id="Bro017.uncertain.1" type="uncertain">
      <nite:child href="Bro017.B.words.xml#id(Bro017.w.471)..id(Bro017.w.472)"/>
   </speechquality>
   <speechquality nite:id="Bro017.emphasis.14" type="emphasis">
      <nite:child href="Bro017.B.words.xml#id(Bro017.w.474)"/>
   </speechquality>
   <speechquality nite:id="Bro017.uncertain.2" type="uncertain">
      <nite:child href="Bro017.B.words.xml#id(Bro017.w.550)"/>
   </speechquality>
   <speechquality nite:id="Bro017.emphasis.15" type="emphasis">
      <nite:child href="Bro017.B.words.xml#id(Bro017.w.605)"/>
   </speechquality>
   <speechquality nite:id="Bro017.emphasis.16" type="emphasis">
      <nite:child href="Bro017.B.words.xml#id(Bro017.w.611)"/>
   </speechquality>
   <speechquality nite:id="Bro017.emphasis.17" type="emphasis">
      <nite:child href="Bro017.B.words.xml#id(Bro017.w.651)..id(Bro017.w.652)"/>
   </speechquality>
   <speechquality nite:id="Bro017.emphasis.18" type="emphasis">
      <nite:child href="Bro017.B.words.xml#id(Bro017.w.723)"/>
   </speechquality>
   <speechquality nite:id="Bro017.emphasis.19" type="emphasis">
      <nite:child href="Bro017.B.words.xml#id(Bro017.w.800)..id(Bro017.w.801)"/>
   </speechquality>
   <speechquality nite:id="Bro017.emphasis.20" type="emphasis">
      <nite:child href="Bro017.B.words.xml#id(Bro017.w.839)"/>
   </speechquality>
   <speechquality nite:id="Bro017.emphasis.21" type="emphasis">
      <nite:child href="Bro017.B.words.xml#id(Bro017.w.978)..id(Bro017.w.979)"/>
   </speechquality>
   <speechquality nite:id="Bro017.emphasis.22" type="emphasis">
      <nite:child href="Bro017.B.words.xml#id(Bro017.w.982)"/>
   </speechquality>
   <speechquality nite:id="Bro017.emphasis.23" type="emphasis">
      <nite:child href="Bro017.B.words.xml#id(Bro017.w.989)"/>
   </speechquality>
   <speechquality nite:id="Bro017.emphasis.24" type="emphasis">
      <nite:child href="Bro017.B.words.xml#id(Bro017.w.996)"/>
   </speechquality>
   <speechquality nite:id="Bro017.uncertain.3" type="uncertain">
      <nite:child href="Bro017.B.words.xml#id(Bro017.w.999)..id(Bro017.w.1,002)"/>
   </speechquality>
   <speechquality nite:id="Bro017.emphasis.25" type="emphasis">
      <nite:child href="Bro017.B.words.xml#id(Bro017.w.1,005)"/>
   </speechquality>
   <speechquality nite:id="Bro017.emphasis.26" type="emphasis">
      <nite:child href="Bro017.B.words.xml#id(Bro017.w.1,014)"/>
   </speechquality>
   <speechquality nite:id="Bro017.emphasis.27" type="emphasis">
      <nite:child href="Bro017.B.words.xml#id(Bro017.w.1,024)"/>
   </speechquality>
   <speechquality nite:id="Bro017.emphasis.28" type="emphasis">
      <nite:child href="Bro017.B.words.xml#id(Bro017.w.1,039)"/>
   </speechquality>
   <speechquality nite:id="Bro017.emphasis.29" type="emphasis">
      <nite:child href="Bro017.B.words.xml#id(Bro017.w.1,048)"/>
   </speechquality>
   <speechquality nite:id="Bro017.emphasis.30" type="emphasis">
      <nite:child href="Bro017.B.words.xml#id(Bro017.w.1,054)"/>
   </speechquality>
   <speechquality nite:id="Bro017.emphasis.31" type="emphasis">
      <nite:child href="Bro017.B.words.xml#id(Bro017.w.1,060)..id(Bro017.w.1,061)"/>
   </speechquality>
   <speechquality nite:id="Bro017.emphasis.32" type="emphasis">
      <nite:child href="Bro017.B.words.xml#id(Bro017.w.1,066)"/>
   </speechquality>
   <speechquality nite:id="Bro017.uncertain.4" type="uncertain">
      <nite:child href="Bro017.B.words.xml#id(Bro017.w.1,082)..id(Bro017.w.1,084)"/>
   </speechquality>
   <speechquality nite:id="Bro017.emphasis.34" type="emphasis">
      <nite:child href="Bro017.B.words.xml#id(Bro017.w.1,157)"/>
   </speechquality>
   <speechquality nite:id="Bro017.emphasis.35" type="emphasis">
      <nite:child href="Bro017.B.words.xml#id(Bro017.w.1,280)"/>
   </speechquality>
   <speechquality nite:id="Bro017.emphasis.36" type="emphasis">
      <nite:child href="Bro017.B.words.xml#id(Bro017.w.1,307)"/>
   </speechquality>
   <speechquality nite:id="Bro017.emphasis.37" type="emphasis">
      <nite:child href="Bro017.B.words.xml#id(Bro017.w.1,335)..id(Bro017.w.1,336)"/>
   </speechquality>
   <speechquality nite:id="Bro017.emphasis.38" type="emphasis">
      <nite:child href="Bro017.B.words.xml#id(Bro017.w.1,350)"/>
   </speechquality>
   <speechquality nite:id="Bro017.emphasis.39" type="emphasis">
      <nite:child href="Bro017.B.words.xml#id(Bro017.w.1,436)"/>
   </speechquality>
   <speechquality nite:id="Bro017.emphasis.40" type="emphasis">
      <nite:child href="Bro017.B.words.xml#id(Bro017.w.1,444)..id(Bro017.w.1,445)"/>
   </speechquality>
   <speechquality nite:id="Bro017.emphasis.41" type="emphasis">
      <nite:child href="Bro017.B.words.xml#id(Bro017.w.1,450)"/>
   </speechquality>
   <speechquality nite:id="Bro017.emphasis.42" type="emphasis">
      <nite:child href="Bro017.B.words.xml#id(Bro017.w.1,472)..id(Bro017.w.1,473)"/>
   </speechquality>
   <speechquality nite:id="Bro017.emphasis.43" type="emphasis">
      <nite:child href="Bro017.B.words.xml#id(Bro017.w.1,548)"/>
   </speechquality>
   <speechquality nite:id="Bro017.emphasis.44" type="emphasis">
      <nite:child href="Bro017.B.words.xml#id(Bro017.w.1,615)..id(Bro017.w.1,616)"/>
   </speechquality>
   <speechquality nite:id="Bro017.emphasis.45" type="emphasis">
      <nite:child href="Bro017.B.words.xml#id(Bro017.w.1,712)"/>
   </speechquality>
   <speechquality nite:id="Bro017.emphasis.46" type="emphasis">
      <nite:child href="Bro017.B.words.xml#id(Bro017.w.1,922)"/>
   </speechquality>
   <speechquality nite:id="Bro017.emphasis.47" type="emphasis">
      <nite:child href="Bro017.B.words.xml#id(Bro017.w.1,936)..id(Bro017.w.1,937)"/>
   </speechquality>
   <speechquality nite:id="Bro017.emphasis.48" type="emphasis">
      <nite:child href="Bro017.B.words.xml#id(Bro017.w.1,957)"/>
   </speechquality>
   <speechquality nite:id="Bro017.emphasis.49" type="emphasis">
      <nite:child href="Bro017.B.words.xml#id(Bro017.w.1,999)"/>
   </speechquality>
   <speechquality nite:id="Bro017.emphasis.50" type="emphasis">
      <nite:child href="Bro017.B.words.xml#id(Bro017.w.2,026)..id(Bro017.w.2,027)"/>
   </speechquality>
   <speechquality nite:id="Bro017.emphasis.52" type="emphasis">
      <nite:child href="Bro017.B.words.xml#id(Bro017.w.2,072)"/>
   </speechquality>
   <speechquality nite:id="Bro017.emphasis.53" type="emphasis">
      <nite:child href="Bro017.B.words.xml#id(Bro017.w.2,083)"/>
   </speechquality>
   <speechquality nite:id="Bro017.emphasis.54" type="emphasis">
      <nite:child href="Bro017.B.words.xml#id(Bro017.w.2,095)"/>
   </speechquality>
   <speechquality nite:id="Bro017.emphasis.55" type="emphasis">
      <nite:child href="Bro017.B.words.xml#id(Bro017.w.2,104)"/>
   </speechquality>
   <speechquality nite:id="Bro017.emphasis.58" type="emphasis">
      <nite:child href="Bro017.B.words.xml#id(Bro017.w.2,161)..id(Bro017.w.2,162)"/>
   </speechquality>
   <speechquality nite:id="Bro017.emphasis.59" type="emphasis">
      <nite:child href="Bro017.B.words.xml#id(Bro017.w.2,192)"/>
   </speechquality>
   <speechquality nite:id="Bro017.emphasis.60" type="emphasis">
      <nite:child href="Bro017.B.words.xml#id(Bro017.w.2,203)"/>
   </speechquality>
   <speechquality nite:id="Bro017.emphasis.61" type="emphasis">
      <nite:child href="Bro017.B.words.xml#id(Bro017.w.2,255)..id(Bro017.w.2,256)"/>
   </speechquality>
   <speechquality nite:id="Bro017.uncertain.5" type="uncertain">
      <nite:child href="Bro017.B.words.xml#id(Bro017.w.2,352)..id(Bro017.w.2,353)"/>
   </speechquality>
   <speechquality nite:id="Bro017.emphasis.62" type="emphasis">
      <nite:child href="Bro017.B.words.xml#id(Bro017.w.2,401)"/>
   </speechquality>
   <speechquality nite:id="Bro017.emphasis.63" type="emphasis">
      <nite:child href="Bro017.B.words.xml#id(Bro017.w.2,468)..id(Bro017.w.2,469)"/>
   </speechquality>
   <speechquality nite:id="Bro017.emphasis.64" type="emphasis">
      <nite:child href="Bro017.B.words.xml#id(Bro017.w.2,529)"/>
   </speechquality>
   <speechquality nite:id="Bro017.emphasis.65" type="emphasis">
      <nite:child href="Bro017.B.words.xml#id(Bro017.w.2,562)..id(Bro017.w.2,563)"/>
   </speechquality>
   <speechquality nite:id="Bro017.emphasis.66" type="emphasis">
      <nite:child href="Bro017.B.words.xml#id(Bro017.w.2,575)"/>
   </speechquality>
   <speechquality nite:id="Bro017.emphasis.67" type="emphasis">
      <nite:child href="Bro017.B.words.xml#id(Bro017.w.2,583)"/>
   </speechquality>
   <speechquality nite:id="Bro017.emphasis.68" type="emphasis">
      <nite:child href="Bro017.B.words.xml#id(Bro017.w.2,593)"/>
   </speechquality>
   <speechquality nite:id="Bro017.emphasis.69" type="emphasis">
      <nite:child href="Bro017.B.words.xml#id(Bro017.w.2,602)..id(Bro017.w.2,603)"/>
   </speechquality>
   <speechquality nite:id="Bro017.emphasis.70" type="emphasis">
      <nite:child href="Bro017.B.words.xml#id(Bro017.w.2,606)"/>
   </speechquality>
   <speechquality nite:id="Bro017.emphasis.71" type="emphasis">
      <nite:child href="Bro017.B.words.xml#id(Bro017.w.2,616)..id(Bro017.w.2,617)"/>
   </speechquality>
   <speechquality nite:id="Bro017.emphasis.72" type="emphasis">
      <nite:child href="Bro017.B.words.xml#id(Bro017.w.2,631)"/>
   </speechquality>
   <speechquality nite:id="Bro017.emphasis.74" type="emphasis">
      <nite:child href="Bro017.B.words.xml#id(Bro017.w.2,708)..id(Bro017.w.2,709)"/>
   </speechquality>
   <speechquality nite:id="Bro017.emphasis.75" type="emphasis">
      <nite:child href="Bro017.B.words.xml#id(Bro017.w.2,765)..id(Bro017.w.2,766)"/>
   </speechquality>
   <speechquality nite:id="Bro017.emphasis.76" type="emphasis">
      <nite:child href="Bro017.B.words.xml#id(Bro017.w.2,791)..id(Bro017.w.2,792)"/>
   </speechquality>
   <speechquality nite:id="Bro017.emphasis.77" type="emphasis">
      <nite:child href="Bro017.B.words.xml#id(Bro017.w.2,926)"/>
   </speechquality>
   <speechquality nite:id="Bro017.emphasis.78" type="emphasis">
      <nite:child href="Bro017.B.words.xml#id(Bro017.w.2,930)"/>
   </speechquality>
   <speechquality nite:id="Bro017.emphasis.79" type="emphasis">
      <nite:child href="Bro017.B.words.xml#id(Bro017.w.2,971)"/>
   </speechquality>
   <speechquality nite:id="Bro017.emphasis.80" type="emphasis">
      <nite:child href="Bro017.B.words.xml#id(Bro017.w.3,083)"/>
   </speechquality>
   <speechquality nite:id="Bro017.emphasis.81" type="emphasis">
      <nite:child href="Bro017.B.words.xml#id(Bro017.w.3,096)"/>
   </speechquality>
   <speechquality nite:id="Bro017.emphasis.82" type="emphasis">
      <nite:child href="Bro017.B.words.xml#id(Bro017.w.3,106)"/>
   </speechquality>
   <speechquality nite:id="Bro017.emphasis.83" type="emphasis">
      <nite:child href="Bro017.B.words.xml#id(Bro017.w.3,137)"/>
   </speechquality>
   <speechquality nite:id="Bro017.emphasis.84" type="emphasis">
      <nite:child href="Bro017.B.words.xml#id(Bro017.w.3,151)"/>
   </speechquality>
   <speechquality nite:id="Bro017.emphasis.85" type="emphasis">
      <nite:child href="Bro017.B.words.xml#id(Bro017.w.3,159)..id(Bro017.w.3,161)"/>
   </speechquality>
   <speechquality nite:id="Bro017.emphasis.86" type="emphasis">
      <nite:child href="Bro017.B.words.xml#id(Bro017.w.3,228)"/>
   </speechquality>
   <speechquality nite:id="Bro017.emphasis.87" type="emphasis">
      <nite:child href="Bro017.B.words.xml#id(Bro017.w.3,230)..id(Bro017.w.3,231)"/>
   </speechquality>
   <speechquality nite:id="Bro017.emphasis.88" type="emphasis">
      <nite:child href="Bro017.B.words.xml#id(Bro017.w.3,282)"/>
   </speechquality>
   <speechquality nite:id="Bro017.emphasis.89" type="emphasis">
      <nite:child href="Bro017.B.words.xml#id(Bro017.w.3,315)"/>
   </speechquality>
   <speechquality nite:id="Bro017.emphasis.90" type="emphasis">
      <nite:child href="Bro017.B.words.xml#id(Bro017.w.3,334)"/>
   </speechquality>
   <speechquality nite:id="Bro017.emphasis.91" type="emphasis">
      <nite:child href="Bro017.B.words.xml#id(Bro017.w.3,359)"/>
   </speechquality>
   <speechquality nite:id="Bro017.emphasis.92" type="emphasis">
      <nite:child href="Bro017.B.words.xml#id(Bro017.w.3,423)"/>
   </speechquality>
   <speechquality nite:id="Bro017.emphasis.93" type="emphasis">
      <nite:child href="Bro017.B.words.xml#id(Bro017.w.3,438)..id(Bro017.w.3,439)"/>
   </speechquality>
   <speechquality nite:id="Bro017.emphasis.94" type="emphasis">
      <nite:child href="Bro017.B.words.xml#id(Bro017.w.3,447)"/>
   </speechquality>
   <speechquality nite:id="Bro017.emphasis.95" type="emphasis">
      <nite:child href="Bro017.B.words.xml#id(Bro017.w.3,454)"/>
   </speechquality>
   <speechquality nite:id="Bro017.emphasis.96" type="emphasis">
      <nite:child href="Bro017.B.words.xml#id(Bro017.w.3,488)"/>
   </speechquality>
   <speechquality nite:id="Bro017.emphasis.100" type="emphasis">
      <nite:child href="Bro017.B.words.xml#id(Bro017.w.3,577)"/>
   </speechquality>
   <speechquality nite:id="Bro017.emphasis.101" type="emphasis">
      <nite:child href="Bro017.B.words.xml#id(Bro017.w.3,628)"/>
   </speechquality>
   <speechquality nite:id="Bro017.emphasis.102" type="emphasis">
      <nite:child href="Bro017.B.words.xml#id(Bro017.w.3,648)"/>
   </speechquality>
   <speechquality nite:id="Bro017.emphasis.103" type="emphasis">
      <nite:child href="Bro017.B.words.xml#id(Bro017.w.3,657)"/>
   </speechquality>
   <speechquality nite:id="Bro017.emphasis.104" type="emphasis">
      <nite:child href="Bro017.B.words.xml#id(Bro017.w.3,683)"/>
   </speechquality>
   <speechquality nite:id="Bro017.emphasis.105" type="emphasis">
      <nite:child href="Bro017.B.words.xml#id(Bro017.w.3,685)"/>
   </speechquality>
   <speechquality nite:id="Bro017.emphasis.106" type="emphasis">
      <nite:child href="Bro017.B.words.xml#id(Bro017.w.3,737)"/>
   </speechquality>
   <speechquality nite:id="Bro017.emphasis.107" type="emphasis">
      <nite:child href="Bro017.B.words.xml#id(Bro017.w.3,751)"/>
   </speechquality>
   <speechquality nite:id="Bro017.emphasis.108" type="emphasis">
      <nite:child href="Bro017.B.words.xml#id(Bro017.w.3,811)"/>
   </speechquality>
   <speechquality nite:id="Bro017.uncertain.6" type="uncertain">
      <nite:child href="Bro017.B.words.xml#id(Bro017.w.3,827)"/>
   </speechquality>
   <speechquality nite:id="Bro017.emphasis.109" type="emphasis">
      <nite:child href="Bro017.B.words.xml#id(Bro017.w.3,889)..id(Bro017.w.3,890)"/>
   </speechquality>
   <speechquality nite:id="Bro017.emphasis.110" type="emphasis">
      <nite:child href="Bro017.B.words.xml#id(Bro017.w.3,897)"/>
   </speechquality>
   <speechquality nite:id="Bro017.emphasis.111" type="emphasis">
      <nite:child href="Bro017.B.words.xml#id(Bro017.w.3,953)"/>
   </speechquality>
   <speechquality nite:id="Bro017.emphasis.112" type="emphasis">
      <nite:child href="Bro017.B.words.xml#id(Bro017.w.3,965)..id(Bro017.w.3,966)"/>
   </speechquality>
   <speechquality nite:id="Bro017.emphasis.113" type="emphasis">
      <nite:child href="Bro017.B.words.xml#id(Bro017.w.3,997)"/>
   </speechquality>
   <speechquality nite:id="Bro017.emphasis.114" type="emphasis">
      <nite:child href="Bro017.B.words.xml#id(Bro017.w.4,001)"/>
   </speechquality>
   <speechquality nite:id="Bro017.emphasis.115" type="emphasis">
      <nite:child href="Bro017.B.words.xml#id(Bro017.w.4,009)"/>
   </speechquality>
   <speechquality nite:id="Bro017.emphasis.116" type="emphasis">
      <nite:child href="Bro017.B.words.xml#id(Bro017.w.4,047)"/>
   </speechquality>
   <speechquality nite:id="Bro017.emphasis.117" type="emphasis">
      <nite:child href="Bro017.B.words.xml#id(Bro017.w.4,069)"/>
   </speechquality>
   <speechquality nite:id="Bro017.emphasis.118" type="emphasis">
      <nite:child href="Bro017.B.words.xml#id(Bro017.w.4,220)"/>
   </speechquality>
   <speechquality nite:id="Bro017.uncertain.7" type="uncertain">
      <nite:child href="Bro017.B.words.xml#id(Bro017.w.4,345)"/>
   </speechquality>
   <speechquality nite:id="Bro017.uncertain.8" type="uncertain">
      <nite:child href="Bro017.B.words.xml#id(Bro017.w.4,406)"/>
   </speechquality>
   <speechquality nite:id="Bro017.emphasis.120" type="emphasis">
      <nite:child href="Bro017.B.words.xml#id(Bro017.w.4,466)"/>
   </speechquality>
   <speechquality nite:id="Bro017.emphasis.121" type="emphasis">
      <nite:child href="Bro017.B.words.xml#id(Bro017.w.4,587)"/>
   </speechquality>
   <speechquality nite:id="Bro017.uncertain.9" type="uncertain">
      <nite:child href="Bro017.B.words.xml#id(Bro017.w.4,614)"/>
   </speechquality>
   <speechquality nite:id="Bro017.emphasis.122" type="emphasis">
      <nite:child href="Bro017.B.words.xml#id(Bro017.w.4,628)"/>
   </speechquality>
   <speechquality nite:id="Bro017.emphasis.124" type="emphasis">
      <nite:child href="Bro017.B.words.xml#id(Bro017.w.4,682)"/>
   </speechquality>
   <speechquality nite:id="Bro017.emphasis.125" type="emphasis">
      <nite:child href="Bro017.B.words.xml#id(Bro017.w.4,718)"/>
   </speechquality>
   <speechquality nite:id="Bro017.emphasis.126" type="emphasis">
      <nite:child href="Bro017.B.words.xml#id(Bro017.w.4,767)"/>
   </speechquality>
   <speechquality nite:id="Bro017.emphasis.127" type="emphasis">
      <nite:child href="Bro017.B.words.xml#id(Bro017.w.4,785)"/>
   </speechquality>
   <speechquality nite:id="Bro017.emphasis.128" type="emphasis">
      <nite:child href="Bro017.B.words.xml#id(Bro017.w.4,811)"/>
   </speechquality>
   <speechquality nite:id="Bro017.emphasis.130" type="emphasis">
      <nite:child href="Bro017.B.words.xml#id(Bro017.w.4,906)..id(Bro017.w.4,907)"/>
   </speechquality>
   <speechquality nite:id="Bro017.emphasis.131" type="emphasis">
      <nite:child href="Bro017.B.words.xml#id(Bro017.w.4,922)..id(Bro017.w.4,923)"/>
   </speechquality>
   <speechquality nite:id="Bro017.emphasis.132" type="emphasis">
      <nite:child href="Bro017.B.words.xml#id(Bro017.w.4,960)..id(Bro017.w.4,961)"/>
   </speechquality>
   <speechquality nite:id="Bro017.emphasis.133" type="emphasis">
      <nite:child href="Bro017.B.words.xml#id(Bro017.w.4,966)"/>
   </speechquality>
   <speechquality nite:id="Bro017.emphasis.134" type="emphasis">
      <nite:child href="Bro017.B.words.xml#id(Bro017.w.4,994)"/>
   </speechquality>
   <speechquality nite:id="Bro017.emphasis.137" type="emphasis">
      <nite:child href="Bro017.B.words.xml#id(Bro017.w.5,127)..id(Bro017.w.5,128)"/>
   </speechquality>
   <speechquality nite:id="Bro017.emphasis.138" type="emphasis">
      <nite:child href="Bro017.B.words.xml#id(Bro017.w.5,139)..id(Bro017.w.5,140)"/>
   </speechquality>
   <speechquality nite:id="Bro017.emphasis.139" type="emphasis">
      <nite:child href="Bro017.B.words.xml#id(Bro017.w.5,153)"/>
   </speechquality>
   <speechquality nite:id="Bro017.emphasis.141" type="emphasis">
      <nite:child href="Bro017.B.words.xml#id(Bro017.w.5,372)..id(Bro017.w.5,373)"/>
   </speechquality>
   <speechquality nite:id="Bro017.emphasis.142" type="emphasis">
      <nite:child href="Bro017.B.words.xml#id(Bro017.w.5,506)"/>
   </speechquality>
   <speechquality nite:id="Bro017.emphasis.148" type="emphasis">
      <nite:child href="Bro017.B.words.xml#id(Bro017.w.6,011)"/>
   </speechquality>
   <speechquality nite:id="Bro017.uncertain.10" type="uncertain" numsyllables="2.0">
      <nite:child href="Bro017.B.words.xml#id(Bro017.w.6,184)..id(Bro017.w.6,185)"/>
   </speechquality>
   <speechquality nite:id="Bro017.emphasis.152" type="emphasis">
      <nite:child href="Bro017.B.words.xml#id(Bro017.w.6,292)"/>
   </speechquality>
   <speechquality nite:id="Bro017.uncertain.11" type="uncertain">
      <nite:child href="Bro017.B.words.xml#id(Bro017.w.6,397)"/>
   </speechquality>
   <speechquality nite:id="Bro017.emphasis.153" type="emphasis">
      <nite:child href="Bro017.B.words.xml#id(Bro017.w.6,428)"/>
   </speechquality>
   <speechquality nite:id="Bro017.emphasis.154" type="emphasis">
      <nite:child href="Bro017.B.words.xml#id(Bro017.w.6,614)"/>
   </speechquality>
   <speechquality nite:id="Bro017.emphasis.158" type="emphasis">
      <nite:child href="Bro017.B.words.xml#id(Bro017.w.6,663)..id(Bro017.w.6,664)"/>
   </speechquality>
   <speechquality nite:id="Bro017.emphasis.159" type="emphasis">
      <nite:child href="Bro017.B.words.xml#id(Bro017.w.6,667)..id(Bro017.w.6,668)"/>
   </speechquality>
   <speechquality nite:id="Bro017.emphasis.161" type="emphasis">
      <nite:child href="Bro017.B.words.xml#id(Bro017.w.6,682)..id(Bro017.w.6,683)"/>
   </speechquality>
   <speechquality nite:id="Bro017.emphasis.162" type="emphasis">
      <nite:child href="Bro017.B.words.xml#id(Bro017.w.6,684)"/>
   </speechquality>
   <speechquality nite:id="Bro017.emphasis.163" type="emphasis">
      <nite:child href="Bro017.B.words.xml#id(Bro017.w.6,686)..id(Bro017.w.6,687)"/>
   </speechquality>
   <speechquality nite:id="Bro017.emphasis.165" type="emphasis">
      <nite:child href="Bro017.B.words.xml#id(Bro017.w.6,706)..id(Bro017.w.6,707)"/>
   </speechquality>
   <speechquality nite:id="Bro017.emphasis.167" type="emphasis">
      <nite:child href="Bro017.B.words.xml#id(Bro017.w.6,753)"/>
   </speechquality>
   <speechquality nite:id="Bro017.emphasis.168" type="emphasis">
      <nite:child href="Bro017.B.words.xml#id(Bro017.w.6,825)"/>
   </speechquality>
   <speechquality nite:id="Bro017.emphasis.169" type="emphasis">
      <nite:child href="Bro017.B.words.xml#id(Bro017.w.6,847)"/>
   </speechquality>
   <speechquality nite:id="Bro017.emphasis.174" type="emphasis">
      <nite:child href="Bro017.B.words.xml#id(Bro017.w.6,888)..id(Bro017.w.6,889)"/>
   </speechquality>
   <speechquality nite:id="Bro017.emphasis.175" type="emphasis">
      <nite:child href="Bro017.B.words.xml#id(Bro017.w.6,895)"/>
   </speechquality>
   <speechquality nite:id="Bro017.emphasis.176" type="emphasis">
      <nite:child href="Bro017.B.words.xml#id(Bro017.w.6,910)"/>
   </speechquality>
   <speechquality nite:id="Bro017.emphasis.177" type="emphasis">
      <nite:child href="Bro017.B.words.xml#id(Bro017.w.6,916)"/>
   </speechquality>
   <speechquality nite:id="Bro017.emphasis.178" type="emphasis">
      <nite:child href="Bro017.B.words.xml#id(Bro017.w.6,936)"/>
   </speechquality>
   <speechquality nite:id="Bro017.emphasis.179" type="emphasis">
      <nite:child href="Bro017.B.words.xml#id(Bro017.w.6,939)..id(Bro017.w.6,940)"/>
   </speechquality>
   <speechquality nite:id="Bro017.emphasis.184" type="emphasis">
      <nite:child href="Bro017.B.words.xml#id(Bro017.w.7,082)"/>
   </speechquality>
   <speechquality nite:id="Bro017.emphasis.185" type="emphasis">
      <nite:child href="Bro017.B.words.xml#id(Bro017.w.7,087)"/>
   </speechquality>
   <speechquality nite:id="Bro017.emphasis.186" type="emphasis">
      <nite:child href="Bro017.B.words.xml#id(Bro017.w.7,093)"/>
   </speechquality>
   <speechquality nite:id="Bro017.emphasis.188" type="emphasis">
      <nite:child href="Bro017.B.words.xml#id(Bro017.w.7,128)"/>
   </speechquality>
   <speechquality nite:id="Bro017.emphasis.189" type="emphasis">
      <nite:child href="Bro017.B.words.xml#id(Bro017.w.7,144)"/>
   </speechquality>
   <speechquality nite:id="Bro017.emphasis.194" type="emphasis">
      <nite:child href="Bro017.B.words.xml#id(Bro017.w.7,254)..id(Bro017.w.7,255)"/>
   </speechquality>
   <speechquality nite:id="Bro017.emphasis.200" type="emphasis">
      <nite:child href="Bro017.B.words.xml#id(Bro017.w.7,486)"/>
   </speechquality>
   <speechquality nite:id="Bro017.emphasis.201" type="emphasis">
      <nite:child href="Bro017.B.words.xml#id(Bro017.w.7,526)"/>
   </speechquality>
   <speechquality nite:id="Bro017.emphasis.202" type="emphasis">
      <nite:child href="Bro017.B.words.xml#id(Bro017.w.7,556)"/>
   </speechquality>
   <speechquality nite:id="Bro017.emphasis.203" type="emphasis">
      <nite:child href="Bro017.B.words.xml#id(Bro017.w.7,563)"/>
   </speechquality>
   <speechquality nite:id="Bro017.emphasis.204" type="emphasis">
      <nite:child href="Bro017.B.words.xml#id(Bro017.w.7,570)"/>
   </speechquality>
   <speechquality nite:id="Bro017.emphasis.205" type="emphasis">
      <nite:child href="Bro017.B.words.xml#id(Bro017.w.7,575)"/>
   </speechquality>
   <speechquality nite:id="Bro017.emphasis.209" type="emphasis">
      <nite:child href="Bro017.B.words.xml#id(Bro017.w.7,661)"/>
   </speechquality>
   <speechquality nite:id="Bro017.emphasis.210" type="emphasis">
      <nite:child href="Bro017.B.words.xml#id(Bro017.w.7,763)..id(Bro017.w.7,765)"/>
   </speechquality>
   <speechquality nite:id="Bro017.emphasis.220" type="emphasis">
      <nite:child href="Bro017.B.words.xml#id(Bro017.w.8,001)"/>
   </speechquality>
   <speechquality nite:id="Bro017.emphasis.222" type="emphasis">
      <nite:child href="Bro017.B.words.xml#id(Bro017.w.8,030)..id(Bro017.w.8,031)"/>
   </speechquality>
   <speechquality nite:id="Bro017.emphasis.224" type="emphasis">
      <nite:child href="Bro017.B.words.xml#id(Bro017.w.8,148)"/>
   </speechquality>
   <speechquality nite:id="Bro017.emphasis.225" type="emphasis">
      <nite:child href="Bro017.B.words.xml#id(Bro017.w.8,170)"/>
   </speechquality>
   <speechquality nite:id="Bro017.emphasis.226" type="emphasis">
      <nite:child href="Bro017.B.words.xml#id(Bro017.w.8,173)"/>
   </speechquality>
   <speechquality nite:id="Bro017.emphasis.227" type="emphasis">
      <nite:child href="Bro017.B.words.xml#id(Bro017.w.8,303)"/>
   </speechquality>
   <speechquality nite:id="Bro017.emphasis.228" type="emphasis">
      <nite:child href="Bro017.B.words.xml#id(Bro017.w.8,320)"/>
   </speechquality>
   <speechquality nite:id="Bro017.emphasis.231" type="emphasis">
      <nite:child href="Bro017.B.words.xml#id(Bro017.w.8,427)..id(Bro017.w.8,428)"/>
   </speechquality>
   <speechquality nite:id="Bro017.emphasis.232" type="emphasis">
      <nite:child href="Bro017.B.words.xml#id(Bro017.w.8,431)..id(Bro017.w.8,432)"/>
   </speechquality>
   <speechquality nite:id="Bro017.emphasis.235" type="emphasis">
      <nite:child href="Bro017.B.words.xml#id(Bro017.w.8,496)..id(Bro017.w.8,497)"/>
   </speechquality>
   <speechquality nite:id="Bro017.emphasis.244" type="emphasis">
      <nite:child href="Bro017.B.words.xml#id(Bro017.w.8,729)"/>
   </speechquality>
   <speechquality nite:id="Bro017.emphasis.298" type="emphasis">
      <nite:child href="Bro017.B.words.xml#id(Bro017.w.9,979)"/>
   </speechquality>
   <speechquality nite:id="Bro017.emphasis.299" type="emphasis">
      <nite:child href="Bro017.B.words.xml#id(Bro017.w.10,001)"/>
   </speechquality>
   <speechquality nite:id="Bro017.emphasis.300" type="emphasis">
      <nite:child href="Bro017.B.words.xml#id(Bro017.w.10,015)"/>
   </speechquality>
   <speechquality nite:id="Bro017.emphasis.301" type="emphasis">
      <nite:child href="Bro017.B.words.xml#id(Bro017.w.10,026)..id(Bro017.w.10,027)"/>
   </speechquality>
   <speechquality nite:id="Bro017.emphasis.302" type="emphasis">
      <nite:child href="Bro017.B.words.xml#id(Bro017.w.10,030)"/>
   </speechquality>
   <speechquality nite:id="Bro017.emphasis.307" type="emphasis">
      <nite:child href="Bro017.B.words.xml#id(Bro017.w.10,191)"/>
   </speechquality>
   <speechquality nite:id="Bro017.emphasis.325" type="emphasis">
      <nite:child href="Bro017.B.words.xml#id(Bro017.w.10,485)"/>
   </speechquality>
   <speechquality nite:id="Bro017.emphasis.326" type="emphasis">
      <nite:child href="Bro017.B.words.xml#id(Bro017.w.10,690)..id(Bro017.w.10,691)"/>
   </speechquality>
   <speechquality nite:id="Bro017.emphasis.328" type="emphasis">
      <nite:child href="Bro017.B.words.xml#id(Bro017.w.10,740)"/>
   </speechquality>
   <speechquality nite:id="Bro017.emphasis.329" type="emphasis">
      <nite:child href="Bro017.B.words.xml#id(Bro017.w.10,742)"/>
   </speechquality>
   <speechquality nite:id="Bro017.uncertain.15" type="uncertain">
      <nite:child href="Bro017.B.words.xml#id(Bro017.w.10,832)..id(Bro017.w.10,833)"/>
   </speechquality>
   <speechquality nite:id="Bro017.emphasis.334" type="emphasis">
      <nite:child href="Bro017.B.words.xml#id(Bro017.w.10,870)..id(Bro017.w.10,871)"/>
   </speechquality>
   <speechquality nite:id="Bro017.emphasis.335" type="emphasis">
      <nite:child href="Bro017.B.words.xml#id(Bro017.w.10,873)..id(Bro017.w.10,874)"/>
   </speechquality>
   <speechquality nite:id="Bro017.emphasis.336" type="emphasis">
      <nite:child href="Bro017.B.words.xml#id(Bro017.w.10,900)"/>
   </speechquality>
   <speechquality nite:id="Bro017.emphasis.337" type="emphasis">
      <nite:child href="Bro017.B.words.xml#id(Bro017.w.11,336)"/>
   </speechquality>
   <speechquality nite:id="Bro017.emphasis.338" type="emphasis">
      <nite:child href="Bro017.B.words.xml#id(Bro017.w.11,364)"/>
   </speechquality>
   <speechquality nite:id="Bro017.emphasis.340" type="emphasis">
      <nite:child href="Bro017.B.words.xml#id(Bro017.w.11,437)"/>
   </speechquality>
   <speechquality nite:id="Bro017.emphasis.341" type="emphasis">
      <nite:child href="Bro017.B.words.xml#id(Bro017.w.11,446)..id(Bro017.w.11,447)"/>
   </speechquality>
   <speechquality nite:id="Bro017.emphasis.342" type="emphasis">
      <nite:child href="Bro017.B.words.xml#id(Bro017.w.11,600)"/>
   </speechquality>
</nite:root>