<?xml version="1.0" encoding="ISO-8859-1" standalone="yes"?>
<nite:root nite:id="Bro011.C.speech-quality" xmlns:nite="http://nite.sourceforge.net/">
   <speechquality nite:id="Bro011.emphasis.3" type="emphasis">
      <nite:child href="Bro011.C.words.xml#id(Bro011.w.162)..id(Bro011.w.163)"/>
   </speechquality>
   <speechquality nite:id="Bro011.emphasis.4" type="emphasis">
      <nite:child href="Bro011.C.words.xml#id(Bro011.w.165)"/>
   </speechquality>
   <speechquality nite:id="Bro011.emphasis.5" type="emphasis">
      <nite:child href="Bro011.C.words.xml#id(Bro011.w.197)"/>
   </speechquality>
   <speechquality nite:id="Bro011.emphasis.6" type="emphasis">
      <nite:child href="Bro011.C.words.xml#id(Bro011.w.251)..id(Bro011.w.252)"/>
   </speechquality>
   <speechquality nite:id="Bro011.emphasis.7" type="emphasis">
      <nite:child href="Bro011.C.words.xml#id(Bro011.w.258)"/>
   </speechquality>
   <speechquality nite:id="Bro011.emphasis.8" type="emphasis">
      <nite:child href="Bro011.C.words.xml#id(Bro011.w.263)"/>
   </speechquality>
   <speechquality nite:id="Bro011.emphasis.9" type="emphasis">
      <nite:child href="Bro011.C.words.xml#id(Bro011.w.274)..id(Bro011.w.275)"/>
   </speechquality>
   <speechquality nite:id="Bro011.emphasis.12" type="emphasis">
      <nite:child href="Bro011.C.words.xml#id(Bro011.w.314)..id(Bro011.w.315)"/>
   </speechquality>
   <speechquality nite:id="Bro011.emphasis.15" type="emphasis">
      <nite:child href="Bro011.C.words.xml#id(Bro011.w.477)..id(Bro011.w.478)"/>
   </speechquality>
   <speechquality nite:id="Bro011.emphasis.16" type="emphasis">
      <nite:child href="Bro011.C.words.xml#id(Bro011.w.486)..id(Bro011.w.487)"/>
   </speechquality>
   <speechquality nite:id="Bro011.emphasis.17" type="emphasis">
      <nite:child href="Bro011.C.words.xml#id(Bro011.w.528)..id(Bro011.w.529)"/>
   </speechquality>
   <speechquality nite:id="Bro011.emphasis.18" type="emphasis">
      <nite:child href="Bro011.C.words.xml#id(Bro011.w.569)..id(Bro011.w.570)"/>
   </speechquality>
   <speechquality nite:id="Bro011.emphasis.19" type="emphasis">
      <nite:child href="Bro011.C.words.xml#id(Bro011.w.575)..id(Bro011.w.576)"/>
   </speechquality>
   <speechquality nite:id="Bro011.emphasis.20" type="emphasis">
      <nite:child href="Bro011.C.words.xml#id(Bro011.w.586)..id(Bro011.w.587)"/>
   </speechquality>
   <speechquality nite:id="Bro011.emphasis.21" type="emphasis">
      <nite:child href="Bro011.C.words.xml#id(Bro011.w.591)"/>
   </speechquality>
   <speechquality nite:id="Bro011.emphasis.22" type="emphasis">
      <nite:child href="Bro011.C.words.xml#id(Bro011.w.640)..id(Bro011.w.641)"/>
   </speechquality>
   <speechquality nite:id="Bro011.emphasis.23" type="emphasis">
      <nite:child href="Bro011.C.words.xml#id(Bro011.w.658)..id(Bro011.w.659)"/>
   </speechquality>
   <speechquality nite:id="Bro011.emphasis.24" type="emphasis">
      <nite:child href="Bro011.C.words.xml#id(Bro011.w.677)..id(Bro011.w.678)"/>
   </speechquality>
   <speechquality nite:id="Bro011.emphasis.25" type="emphasis">
      <nite:child href="Bro011.C.words.xml#id(Bro011.w.681)"/>
   </speechquality>
   <speechquality nite:id="Bro011.emphasis.26" type="emphasis">
      <nite:child href="Bro011.C.words.xml#id(Bro011.w.732)..id(Bro011.w.733)"/>
   </speechquality>
   <speechquality nite:id="Bro011.emphasis.27" type="emphasis">
      <nite:child href="Bro011.C.words.xml#id(Bro011.w.745)..id(Bro011.w.746)"/>
   </speechquality>
   <speechquality nite:id="Bro011.emphasis.28" type="emphasis">
      <nite:child href="Bro011.C.words.xml#id(Bro011.w.754)..id(Bro011.w.755)"/>
   </speechquality>
   <speechquality nite:id="Bro011.emphasis.29" type="emphasis">
      <nite:child href="Bro011.C.words.xml#id(Bro011.w.766)..id(Bro011.w.767)"/>
   </speechquality>
   <speechquality nite:id="Bro011.emphasis.30" type="emphasis">
      <nite:child href="Bro011.C.words.xml#id(Bro011.w.777)..id(Bro011.w.778)"/>
   </speechquality>
   <speechquality nite:id="Bro011.emphasis.31" type="emphasis">
      <nite:child href="Bro011.C.words.xml#id(Bro011.w.781)..id(Bro011.w.782)"/>
   </speechquality>
   <speechquality nite:id="Bro011.emphasis.32" type="emphasis">
      <nite:child href="Bro011.C.words.xml#id(Bro011.w.803)..id(Bro011.w.804)"/>
   </speechquality>
   <speechquality nite:id="Bro011.emphasis.33" type="emphasis">
      <nite:child href="Bro011.C.words.xml#id(Bro011.w.805)"/>
   </speechquality>
   <speechquality nite:id="Bro011.emphasis.37" type="emphasis">
      <nite:child href="Bro011.C.words.xml#id(Bro011.w.1,019)..id(Bro011.w.1,020)"/>
   </speechquality>
   <speechquality nite:id="Bro011.emphasis.38" type="emphasis">
      <nite:child href="Bro011.C.words.xml#id(Bro011.w.1,120)..id(Bro011.w.1,121)"/>
   </speechquality>
   <speechquality nite:id="Bro011.emphasis.39" type="emphasis">
      <nite:child href="Bro011.C.words.xml#id(Bro011.w.1,139)..id(Bro011.w.1,140)"/>
   </speechquality>
   <speechquality nite:id="Bro011.emphasis.40" type="emphasis">
      <nite:child href="Bro011.C.words.xml#id(Bro011.w.1,154)..id(Bro011.w.1,155)"/>
   </speechquality>
   <speechquality nite:id="Bro011.uncertain.3" type="uncertain">
      <nite:child href="Bro011.C.words.xml#id(Bro011.w.1,167)"/>
   </speechquality>
   <speechquality nite:id="Bro011.uncertain.4" type="uncertain">
      <nite:child href="Bro011.C.words.xml#id(Bro011.w.1,172)..id(Bro011.w.1,175)"/>
   </speechquality>
   <speechquality nite:id="Bro011.emphasis.41" type="emphasis">
      <nite:child href="Bro011.C.words.xml#id(Bro011.w.1,184)"/>
   </speechquality>
   <speechquality nite:id="Bro011.emphasis.44" type="emphasis">
      <nite:child href="Bro011.C.words.xml#id(Bro011.w.1,389)"/>
   </speechquality>
   <speechquality nite:id="Bro011.uncertain.8" type="uncertain">
      <nite:child href="Bro011.C.words.xml#id(Bro011.w.1,861)..id(Bro011.w.1,863)"/>
   </speechquality>
   <speechquality nite:id="Bro011.uncertain.18" type="uncertain">
      <nite:child href="Bro011.C.words.xml#id(Bro011.w.7,125)"/>
   </speechquality>
   <speechquality nite:id="Bro011.uncertain.19" type="uncertain">
      <nite:child href="Bro011.C.words.xml#id(Bro011.w.7,342)"/>
   </speechquality>
</nite:root>