<?xml version="1.0" encoding="ISO-8859-1" standalone="yes"?>
<nite:root nite:id="Bro022.C.speech-quality" xmlns:nite="http://nite.sourceforge.net/">
   <speechquality nite:id="Bro022.emphasis.34" type="emphasis">
      <nite:child href="Bro022.C.words.xml#id(Bro022.w.3,511)"/>
   </speechquality>
   <speechquality nite:id="Bro022.uncertain.7" type="uncertain">
      <nite:child href="Bro022.C.words.xml#id(Bro022.w.6,901)"/>
   </speechquality>
   <speechquality nite:id="Bro022.uncertain.8" type="uncertain">
      <nite:child href="Bro022.C.words.xml#id(Bro022.w.7,367)"/>
   </speechquality>
</nite:root>