<?xml version="1.0" encoding="ISO-8859-1" standalone="yes"?>
<nite:root nite:id="Bro004.D.speech-quality" xmlns:nite="http://nite.sourceforge.net/">
   <speechquality nite:id="Bro004.uncertain.2" type="uncertain" numsyllables="1.0">
      <nite:child href="Bro004.D.words.xml#id(Bro004.w.429)..id(Bro004.w.430)"/>
   </speechquality>
   <speechquality nite:id="Bro004.emphasis.18" type="emphasis">
      <nite:child href="Bro004.D.words.xml#id(Bro004.w.694)"/>
   </speechquality>
   <speechquality nite:id="Bro004.uncertain.5" type="uncertain" numsyllables="2.0">
      <nite:child href="Bro004.D.words.xml#id(Bro004.w.949)..id(Bro004.w.950)"/>
   </speechquality>
   <speechquality nite:id="Bro004.emphasis.31" type="emphasis">
      <nite:child href="Bro004.D.words.xml#id(Bro004.w.964)..id(Bro004.w.965)"/>
   </speechquality>
   <speechquality nite:id="Bro004.emphasis.32" type="emphasis">
      <nite:child href="Bro004.D.words.xml#id(Bro004.w.1,036)..id(Bro004.w.1,037)"/>
   </speechquality>
   <speechquality nite:id="Bro004.emphasis.40" type="emphasis">
      <nite:child href="Bro004.D.words.xml#id(Bro004.w.1,321)"/>
   </speechquality>
   <speechquality nite:id="Bro004.emphasis.43" type="emphasis">
      <nite:child href="Bro004.D.words.xml#id(Bro004.w.1,449)"/>
   </speechquality>
   <speechquality nite:id="Bro004.emphasis.55" type="emphasis">
      <nite:child href="Bro004.D.words.xml#id(Bro004.w.1,730)"/>
   </speechquality>
   <speechquality nite:id="Bro004.emphasis.59" type="emphasis">
      <nite:child href="Bro004.D.words.xml#id(Bro004.w.1,779)"/>
   </speechquality>
   <speechquality nite:id="Bro004.emphasis.60" type="emphasis">
      <nite:child href="Bro004.D.words.xml#id(Bro004.w.1,780)..id(Bro004.w.1,781)"/>
   </speechquality>
   <speechquality nite:id="Bro004.emphasis.61" type="emphasis">
      <nite:child href="Bro004.D.words.xml#id(Bro004.w.1,791)"/>
   </speechquality>
   <speechquality nite:id="Bro004.emphasis.69" type="emphasis">
      <nite:child href="Bro004.D.words.xml#id(Bro004.w.2,037)"/>
   </speechquality>
   <speechquality nite:id="Bro004.emphasis.70" type="emphasis">
      <nite:child href="Bro004.D.words.xml#id(Bro004.w.2,042)"/>
   </speechquality>
   <speechquality nite:id="Bro004.emphasis.71" type="emphasis">
      <nite:child href="Bro004.D.words.xml#id(Bro004.w.2,064)..id(Bro004.w.2,065)"/>
   </speechquality>
   <speechquality nite:id="Bro004.uncertain.6" type="uncertain">
      <nite:child href="Bro004.D.words.xml#id(Bro004.w.2,090)..id(Bro004.w.2,091)"/>
   </speechquality>
   <speechquality nite:id="Bro004.emphasis.133" type="emphasis">
      <nite:child href="Bro004.D.words.xml#id(Bro004.w.3,208)"/>
   </speechquality>
   <speechquality nite:id="Bro004.emphasis.134" type="emphasis">
      <nite:child href="Bro004.D.words.xml#id(Bro004.w.3,215)"/>
   </speechquality>
   <speechquality nite:id="Bro004.emphasis.135" type="emphasis">
      <nite:child href="Bro004.D.words.xml#id(Bro004.w.3,218)"/>
   </speechquality>
   <speechquality nite:id="Bro004.emphasis.136" type="emphasis">
      <nite:child href="Bro004.D.words.xml#id(Bro004.w.3,243)"/>
   </speechquality>
   <speechquality nite:id="Bro004.emphasis.141" type="emphasis">
      <nite:child href="Bro004.D.words.xml#id(Bro004.w.3,283)..id(Bro004.w.3,284)"/>
   </speechquality>
   <speechquality nite:id="Bro004.emphasis.142" type="emphasis">
      <nite:child href="Bro004.D.words.xml#id(Bro004.w.3,293)"/>
   </speechquality>
   <speechquality nite:id="Bro004.emphasis.143" type="emphasis">
      <nite:child href="Bro004.D.words.xml#id(Bro004.w.3,298)"/>
   </speechquality>
   <speechquality nite:id="Bro004.emphasis.144" type="emphasis">
      <nite:child href="Bro004.D.words.xml#id(Bro004.w.3,307)"/>
   </speechquality>
   <speechquality nite:id="Bro004.emphasis.145" type="emphasis">
      <nite:child href="Bro004.D.words.xml#id(Bro004.w.3,309)"/>
   </speechquality>
   <speechquality nite:id="Bro004.emphasis.146" type="emphasis">
      <nite:child href="Bro004.D.words.xml#id(Bro004.w.3,315)"/>
   </speechquality>
   <speechquality nite:id="Bro004.emphasis.150" type="emphasis">
      <nite:child href="Bro004.D.words.xml#id(Bro004.w.3,395)"/>
   </speechquality>
   <speechquality nite:id="Bro004.emphasis.157" type="emphasis">
      <nite:child href="Bro004.D.words.xml#id(Bro004.w.3,911)"/>
   </speechquality>
   <speechquality nite:id="Bro004.emphasis.186" type="emphasis">
      <nite:child href="Bro004.D.words.xml#id(Bro004.w.4,446)"/>
   </speechquality>
   <speechquality nite:id="Bro004.emphasis.188" type="emphasis">
      <nite:child href="Bro004.D.words.xml#id(Bro004.w.4,484)..id(Bro004.w.4,485)"/>
   </speechquality>
   <speechquality nite:id="Bro004.uncertain.11" type="uncertain">
      <nite:child href="Bro004.D.words.xml#id(Bro004.w.4,515)"/>
   </speechquality>
   <speechquality nite:id="Bro004.emphasis.206" type="emphasis">
      <nite:child href="Bro004.D.words.xml#id(Bro004.w.4,738)"/>
   </speechquality>
   <speechquality nite:id="Bro004.emphasis.208" type="emphasis">
      <nite:child href="Bro004.D.words.xml#id(Bro004.w.5,032)"/>
   </speechquality>
   <speechquality nite:id="Bro004.emphasis.210" type="emphasis">
      <nite:child href="Bro004.D.words.xml#id(Bro004.w.5,243)"/>
   </speechquality>
   <speechquality nite:id="Bro004.uncertain.12" type="uncertain">
      <nite:child href="Bro004.D.words.xml#id(Bro004.w.5,359)"/>
   </speechquality>
   <speechquality nite:id="Bro004.uncertain.13" type="uncertain">
      <nite:child href="Bro004.D.words.xml#id(Bro004.w.5,413)"/>
   </speechquality>
   <speechquality nite:id="Bro004.uncertain.14" type="uncertain">
      <nite:child href="Bro004.D.words.xml#id(Bro004.w.5,704)..id(Bro004.w.5,705)"/>
   </speechquality>
   <speechquality nite:id="Bro004.uncertain.15" type="uncertain" numsyllables="1.0">
      <nite:child href="Bro004.D.words.xml#id(Bro004.w.5,746)..id(Bro004.w.5,747)"/>
   </speechquality>
   <speechquality nite:id="Bro004.emphasis.250" type="emphasis">
      <nite:child href="Bro004.D.words.xml#id(Bro004.w.6,422)..id(Bro004.w.6,423)"/>
   </speechquality>
   <speechquality nite:id="Bro004.emphasis.293" type="emphasis">
      <nite:child href="Bro004.D.words.xml#id(Bro004.w.7,655)"/>
   </speechquality>
   <speechquality nite:id="Bro004.emphasis.295" type="emphasis">
      <nite:child href="Bro004.D.words.xml#id(Bro004.w.7,730)"/>
   </speechquality>
   <speechquality nite:id="Bro004.emphasis.296" type="emphasis">
      <nite:child href="Bro004.D.words.xml#id(Bro004.w.7,731)"/>
   </speechquality>
   <speechquality nite:id="Bro004.emphasis.297" type="emphasis">
      <nite:child href="Bro004.D.words.xml#id(Bro004.w.7,741)"/>
   </speechquality>
   <speechquality nite:id="Bro004.emphasis.332" type="emphasis">
      <nite:child href="Bro004.D.words.xml#id(Bro004.w.8,838)..id(Bro004.w.8,839)"/>
   </speechquality>
   <speechquality nite:id="Bro004.emphasis.416" type="emphasis">
      <nite:child href="Bro004.D.words.xml#id(Bro004.w.10,745)"/>
   </speechquality>
   <speechquality nite:id="Bro004.uncertain.33" type="uncertain">
      <nite:child href="Bro004.D.words.xml#id(Bro004.w.10,746)"/>
   </speechquality>
   <speechquality nite:id="Bro004.emphasis.436" type="emphasis">
      <nite:child href="Bro004.D.words.xml#id(Bro004.w.11,559)"/>
   </speechquality>
</nite:root>