<?xml version="1.0" encoding="ISO-8859-1" standalone="yes"?>
<nite:root nite:id="Bro023.A.speech-quality" xmlns:nite="http://nite.sourceforge.net/">
   <speechquality nite:id="Bro023.emphasis.1" type="emphasis">
      <nite:child href="Bro023.A.words.xml#id(Bro023.w.259)"/>
   </speechquality>
   <speechquality nite:id="Bro023.emphasis.2" type="emphasis">
      <nite:child href="Bro023.A.words.xml#id(Bro023.w.274)"/>
   </speechquality>
   <speechquality nite:id="Bro023.emphasis.4" type="emphasis">
      <nite:child href="Bro023.A.words.xml#id(Bro023.w.405)..id(Bro023.w.406)"/>
   </speechquality>
   <speechquality nite:id="Bro023.emphasis.27" type="emphasis">
      <nite:child href="Bro023.A.words.xml#id(Bro023.w.1,075)"/>
   </speechquality>
   <speechquality nite:id="Bro023.uncertain.3" type="uncertain">
      <nite:child href="Bro023.A.words.xml#id(Bro023.w.1,079)..id(Bro023.w.1,080)"/>
   </speechquality>
   <speechquality nite:id="Bro023.emphasis.28" type="emphasis">
      <nite:child href="Bro023.A.words.xml#id(Bro023.w.1,092)..id(Bro023.w.1,093)"/>
   </speechquality>
   <speechquality nite:id="Bro023.emphasis.33" type="emphasis">
      <nite:child href="Bro023.A.words.xml#id(Bro023.w.1,180)..id(Bro023.w.1,181)"/>
   </speechquality>
   <speechquality nite:id="Bro023.emphasis.73" type="emphasis">
      <nite:child href="Bro023.A.words.xml#id(Bro023.w.2,259)"/>
   </speechquality>
   <speechquality nite:id="Bro023.emphasis.74" type="emphasis">
      <nite:child href="Bro023.A.words.xml#id(Bro023.w.2,273)"/>
   </speechquality>
   <speechquality nite:id="Bro023.emphasis.75" type="emphasis">
      <nite:child href="Bro023.A.words.xml#id(Bro023.w.2,301)..id(Bro023.w.2,302)"/>
   </speechquality>
   <speechquality nite:id="Bro023.emphasis.147" type="emphasis">
      <nite:child href="Bro023.A.words.xml#id(Bro023.w.5,612)"/>
   </speechquality>
   <speechquality nite:id="Bro023.emphasis.148" type="emphasis">
      <nite:child href="Bro023.A.words.xml#id(Bro023.w.5,643)"/>
   </speechquality>
   <speechquality nite:id="Bro023.uncertain.25" type="uncertain" numsyllables="1.0">
      <nite:child href="Bro023.A.words.xml#id(Bro023.w.6,479)..id(Bro023.w.6,480)"/>
   </speechquality>
   <speechquality nite:id="Bro023.emphasis.150" type="emphasis">
      <nite:child href="Bro023.A.words.xml#id(Bro023.w.6,482)..id(Bro023.w.6,483)"/>
   </speechquality>
   <speechquality nite:id="Bro023.emphasis.167" type="emphasis">
      <nite:child href="Bro023.A.words.xml#id(Bro023.w.7,818)"/>
   </speechquality>
   <speechquality nite:id="Bro023.emphasis.168" type="emphasis">
      <nite:child href="Bro023.A.words.xml#id(Bro023.w.7,863)"/>
   </speechquality>
   <speechquality nite:id="Bro023.emphasis.169" type="emphasis">
      <nite:child href="Bro023.A.words.xml#id(Bro023.w.7,865)..id(Bro023.w.7,866)"/>
   </speechquality>
   <speechquality nite:id="Bro023.emphasis.170" type="emphasis">
      <nite:child href="Bro023.A.words.xml#id(Bro023.w.7,871)"/>
   </speechquality>
   <speechquality nite:id="Bro023.emphasis.171" type="emphasis">
      <nite:child href="Bro023.A.words.xml#id(Bro023.w.7,883)"/>
   </speechquality>
   <speechquality nite:id="Bro023.emphasis.173" type="emphasis">
      <nite:child href="Bro023.A.words.xml#id(Bro023.w.8,020)..id(Bro023.w.8,021)"/>
   </speechquality>
   <speechquality nite:id="Bro023.emphasis.174" type="emphasis">
      <nite:child href="Bro023.A.words.xml#id(Bro023.w.8,035)"/>
   </speechquality>
   <speechquality nite:id="Bro023.emphasis.175" type="emphasis">
      <nite:child href="Bro023.A.words.xml#id(Bro023.w.8,039)"/>
   </speechquality>
   <speechquality nite:id="Bro023.emphasis.179" type="emphasis">
      <nite:child href="Bro023.A.words.xml#id(Bro023.w.8,163)..id(Bro023.w.8,164)"/>
   </speechquality>
   <speechquality nite:id="Bro023.emphasis.180" type="emphasis">
      <nite:child href="Bro023.A.words.xml#id(Bro023.w.8,169)"/>
   </speechquality>
   <speechquality nite:id="Bro023.emphasis.181" type="emphasis">
      <nite:child href="Bro023.A.words.xml#id(Bro023.w.8,176)..id(Bro023.w.8,177)"/>
   </speechquality>
   <speechquality nite:id="Bro023.emphasis.182" type="emphasis">
      <nite:child href="Bro023.A.words.xml#id(Bro023.w.8,191)"/>
   </speechquality>
   <speechquality nite:id="Bro023.emphasis.183" type="emphasis">
      <nite:child href="Bro023.A.words.xml#id(Bro023.w.8,193)"/>
   </speechquality>
   <speechquality nite:id="Bro023.emphasis.226" type="emphasis">
      <nite:child href="Bro023.A.words.xml#id(Bro023.w.8,904)"/>
   </speechquality>
   <speechquality nite:id="Bro023.emphasis.227" type="emphasis">
      <nite:child href="Bro023.A.words.xml#id(Bro023.w.8,950)..id(Bro023.w.8,951)"/>
   </speechquality>
   <speechquality nite:id="Bro023.emphasis.228" type="emphasis">
      <nite:child href="Bro023.A.words.xml#id(Bro023.w.8,961)"/>
   </speechquality>
   <speechquality nite:id="Bro023.emphasis.236" type="emphasis">
      <nite:child href="Bro023.A.words.xml#id(Bro023.w.10,851)"/>
   </speechquality>
   <speechquality nite:id="Bro023.emphasis.237" type="emphasis">
      <nite:child href="Bro023.A.words.xml#id(Bro023.w.10,899)"/>
   </speechquality>
   <speechquality nite:id="Bro023.emphasis.238" type="emphasis">
      <nite:child href="Bro023.A.words.xml#id(Bro023.w.10,907)"/>
   </speechquality>
   <speechquality nite:id="Bro023.uncertain.38" type="uncertain">
      <nite:child href="Bro023.A.words.xml#id(Bro023.w.10,920)..id(Bro023.w.10,921)"/>
   </speechquality>
   <speechquality nite:id="Bro023.emphasis.246" type="emphasis">
      <nite:child href="Bro023.A.words.xml#id(Bro023.w.11,150)"/>
   </speechquality>
   <speechquality nite:id="Bro023.emphasis.247" type="emphasis">
      <nite:child href="Bro023.A.words.xml#id(Bro023.w.11,160)"/>
   </speechquality>
   <speechquality nite:id="Bro023.emphasis.263" type="emphasis">
      <nite:child href="Bro023.A.words.xml#id(Bro023.w.12,102)"/>
   </speechquality>
   <speechquality nite:id="Bro023.emphasis.264" type="emphasis">
      <nite:child href="Bro023.A.words.xml#id(Bro023.w.12,109)"/>
   </speechquality>
   <speechquality nite:id="Bro023.emphasis.265" type="emphasis">
      <nite:child href="Bro023.A.words.xml#id(Bro023.w.12,120)"/>
   </speechquality>
   <speechquality nite:id="Bro023.emphasis.266" type="emphasis">
      <nite:child href="Bro023.A.words.xml#id(Bro023.w.12,126)"/>
   </speechquality>
   <speechquality nite:id="Bro023.emphasis.267" type="emphasis">
      <nite:child href="Bro023.A.words.xml#id(Bro023.w.12,134)"/>
   </speechquality>
   <speechquality nite:id="Bro023.uncertain.44" type="uncertain">
      <nite:child href="Bro023.A.words.xml#id(Bro023.w.12,295)..id(Bro023.disfmarker.483)"/>
   </speechquality>
   <speechquality nite:id="Bro023.emphasis.278" type="emphasis">
      <nite:child href="Bro023.A.words.xml#id(Bro023.w.12,487)"/>
   </speechquality>
   <speechquality nite:id="Bro023.emphasis.279" type="emphasis">
      <nite:child href="Bro023.A.words.xml#id(Bro023.w.12,490)"/>
   </speechquality>
   <speechquality nite:id="Bro023.emphasis.284" type="emphasis">
      <nite:child href="Bro023.A.words.xml#id(Bro023.w.13,534)..id(Bro023.w.13,535)"/>
   </speechquality>
   <speechquality nite:id="Bro023.emphasis.299" type="emphasis">
      <nite:child href="Bro023.A.words.xml#id(Bro023.w.14,701)"/>
   </speechquality>
</nite:root>