<?xml version="1.0" encoding="ISO-8859-1" standalone="yes"?>
<nite:root nite:id="Bro027.A.speech-quality" xmlns:nite="http://nite.sourceforge.net/">
   <speechquality nite:id="Bro027.emphasis.18" type="emphasis">
      <nite:child href="Bro027.A.words.xml#id(Bro027.w.1,119)"/>
   </speechquality>
   <speechquality nite:id="Bro027.emphasis.19" type="emphasis">
      <nite:child href="Bro027.A.words.xml#id(Bro027.w.1,154)"/>
   </speechquality>
   <speechquality nite:id="Bro027.emphasis.25" type="emphasis">
      <nite:child href="Bro027.A.words.xml#id(Bro027.w.2,113)"/>
   </speechquality>
   <speechquality nite:id="Bro027.emphasis.26" type="emphasis">
      <nite:child href="Bro027.A.words.xml#id(Bro027.w.2,120)..id(Bro027.w.2,121)"/>
   </speechquality>
   <speechquality nite:id="Bro027.emphasis.28" type="emphasis">
      <nite:child href="Bro027.A.words.xml#id(Bro027.w.2,138)"/>
   </speechquality>
   <speechquality nite:id="Bro027.emphasis.29" type="emphasis">
      <nite:child href="Bro027.A.words.xml#id(Bro027.w.2,139)"/>
   </speechquality>
   <speechquality nite:id="Bro027.emphasis.30" type="emphasis">
      <nite:child href="Bro027.A.words.xml#id(Bro027.w.2,150)"/>
   </speechquality>
   <speechquality nite:id="Bro027.emphasis.31" type="emphasis">
      <nite:child href="Bro027.A.words.xml#id(Bro027.w.2,242)"/>
   </speechquality>
   <speechquality nite:id="Bro027.uncertain.9" type="uncertain">
      <nite:child href="Bro027.A.words.xml#id(Bro027.w.2,254)"/>
   </speechquality>
   <speechquality nite:id="Bro027.emphasis.36" type="emphasis">
      <nite:child href="Bro027.A.words.xml#id(Bro027.w.2,659)"/>
   </speechquality>
   <speechquality nite:id="Bro027.emphasis.37" type="emphasis">
      <nite:child href="Bro027.A.words.xml#id(Bro027.w.2,677)..id(Bro027.w.2,678)"/>
   </speechquality>
   <speechquality nite:id="Bro027.emphasis.45" type="emphasis">
      <nite:child href="Bro027.A.words.xml#id(Bro027.w.2,952)..id(Bro027.w.2,953)"/>
   </speechquality>
   <speechquality nite:id="Bro027.uncertain.15" type="uncertain">
      <nite:child href="Bro027.A.words.xml#id(Bro027.w.2,959)"/>
   </speechquality>
   <speechquality nite:id="Bro027.emphasis.46" type="emphasis">
      <nite:child href="Bro027.A.words.xml#id(Bro027.w.2,988)"/>
   </speechquality>
   <speechquality nite:id="Bro027.emphasis.47" type="emphasis">
      <nite:child href="Bro027.A.words.xml#id(Bro027.w.2,996)"/>
   </speechquality>
   <speechquality nite:id="Bro027.emphasis.50" type="emphasis">
      <nite:child href="Bro027.A.words.xml#id(Bro027.w.3,105)..id(Bro027.w.3,106)"/>
   </speechquality>
   <speechquality nite:id="Bro027.emphasis.51" type="emphasis">
      <nite:child href="Bro027.A.words.xml#id(Bro027.w.3,201)..id(Bro027.w.3,202)"/>
   </speechquality>
   <speechquality nite:id="Bro027.emphasis.52" type="emphasis">
      <nite:child href="Bro027.A.words.xml#id(Bro027.w.3,203)"/>
   </speechquality>
   <speechquality nite:id="Bro027.emphasis.73" type="emphasis">
      <nite:child href="Bro027.A.words.xml#id(Bro027.w.4,476)"/>
   </speechquality>
   <speechquality nite:id="Bro027.emphasis.74" type="emphasis">
      <nite:child href="Bro027.A.words.xml#id(Bro027.w.4,490)"/>
   </speechquality>
   <speechquality nite:id="Bro027.emphasis.76" type="emphasis">
      <nite:child href="Bro027.A.words.xml#id(Bro027.w.4,766)"/>
   </speechquality>
   <speechquality nite:id="Bro027.emphasis.79" type="emphasis">
      <nite:child href="Bro027.A.words.xml#id(Bro027.w.4,881)..id(Bro027.w.4,882)"/>
   </speechquality>
   <speechquality nite:id="Bro027.emphasis.80" type="emphasis">
      <nite:child href="Bro027.A.words.xml#id(Bro027.w.4,893)..id(Bro027.w.4,894)"/>
   </speechquality>
   <speechquality nite:id="Bro027.emphasis.81" type="emphasis">
      <nite:child href="Bro027.A.words.xml#id(Bro027.w.4,906)..id(Bro027.w.4,907)"/>
   </speechquality>
   <speechquality nite:id="Bro027.emphasis.87" type="emphasis">
      <nite:child href="Bro027.A.words.xml#id(Bro027.w.5,382)..id(Bro027.w.5,383)"/>
   </speechquality>
   <speechquality nite:id="Bro027.emphasis.88" type="emphasis">
      <nite:child href="Bro027.A.words.xml#id(Bro027.w.5,405)"/>
   </speechquality>
   <speechquality nite:id="Bro027.emphasis.89" type="emphasis">
      <nite:child href="Bro027.A.words.xml#id(Bro027.w.5,409)..id(Bro027.w.5,410)"/>
   </speechquality>
   <speechquality nite:id="Bro027.emphasis.100" type="emphasis">
      <nite:child href="Bro027.A.words.xml#id(Bro027.w.5,798)..id(Bro027.w.5,801)"/>
   </speechquality>
   <speechquality nite:id="Bro027.emphasis.105" type="emphasis">
      <nite:child href="Bro027.A.words.xml#id(Bro027.w.6,183)..id(Bro027.w.6,184)"/>
   </speechquality>
   <speechquality nite:id="Bro027.emphasis.106" type="emphasis">
      <nite:child href="Bro027.A.words.xml#id(Bro027.w.6,252)"/>
   </speechquality>
   <speechquality nite:id="Bro027.emphasis.107" type="emphasis">
      <nite:child href="Bro027.A.words.xml#id(Bro027.w.6,575)..id(Bro027.w.6,577)"/>
   </speechquality>
   <speechquality nite:id="Bro027.emphasis.108" type="emphasis">
      <nite:child href="Bro027.A.words.xml#id(Bro027.w.6,578)..id(Bro027.w.6,579)"/>
   </speechquality>
   <speechquality nite:id="Bro027.emphasis.109" type="emphasis">
      <nite:child href="Bro027.A.words.xml#id(Bro027.w.6,581)..id(Bro027.w.6,582)"/>
   </speechquality>
   <speechquality nite:id="Bro027.emphasis.110" type="emphasis">
      <nite:child href="Bro027.A.words.xml#id(Bro027.w.6,611)..id(Bro027.w.6,612)"/>
   </speechquality>
   <speechquality nite:id="Bro027.emphasis.118" type="emphasis">
      <nite:child href="Bro027.A.words.xml#id(Bro027.w.6,717)..id(Bro027.w.6,718)"/>
   </speechquality>
   <speechquality nite:id="Bro027.emphasis.119" type="emphasis">
      <nite:child href="Bro027.A.words.xml#id(Bro027.w.6,730)"/>
   </speechquality>
   <speechquality nite:id="Bro027.emphasis.128" type="emphasis">
      <nite:child href="Bro027.A.words.xml#id(Bro027.w.7,146)"/>
   </speechquality>
   <speechquality nite:id="Bro027.emphasis.130" type="emphasis">
      <nite:child href="Bro027.A.words.xml#id(Bro027.w.7,212)"/>
   </speechquality>
   <speechquality nite:id="Bro027.emphasis.142" type="emphasis">
      <nite:child href="Bro027.A.words.xml#id(Bro027.w.8,029)"/>
   </speechquality>
   <speechquality nite:id="Bro027.emphasis.192" type="emphasis">
      <nite:child href="Bro027.A.words.xml#id(Bro027.w.10,245)..id(Bro027.w.10,246)"/>
   </speechquality>
   <speechquality nite:id="Bro027.emphasis.193" type="emphasis">
      <nite:child href="Bro027.A.words.xml#id(Bro027.w.10,413)..id(Bro027.w.10,414)"/>
   </speechquality>
   <speechquality nite:id="Bro027.emphasis.194" type="emphasis">
      <nite:child href="Bro027.A.words.xml#id(Bro027.w.10,523)..id(Bro027.w.10,524)"/>
   </speechquality>
   <speechquality nite:id="Bro027.emphasis.195" type="emphasis">
      <nite:child href="Bro027.A.words.xml#id(Bro027.w.10,532)"/>
   </speechquality>
   <speechquality nite:id="Bro027.emphasis.196" type="emphasis">
      <nite:child href="Bro027.A.words.xml#id(Bro027.w.10,621)"/>
   </speechquality>
   <speechquality nite:id="Bro027.emphasis.197" type="emphasis">
      <nite:child href="Bro027.A.words.xml#id(Bro027.w.10,652)"/>
   </speechquality>
   <speechquality nite:id="Bro027.emphasis.198" type="emphasis">
      <nite:child href="Bro027.A.words.xml#id(Bro027.w.10,664)"/>
   </speechquality>
   <speechquality nite:id="Bro027.emphasis.229" type="emphasis">
      <nite:child href="Bro027.A.words.xml#id(Bro027.w.11,281)..id(Bro027.w.11,282)"/>
   </speechquality>
   <speechquality nite:id="Bro027.emphasis.230" type="emphasis">
      <nite:child href="Bro027.A.words.xml#id(Bro027.w.11,283)..id(Bro027.w.11,284)"/>
   </speechquality>
   <speechquality nite:id="Bro027.emphasis.231" type="emphasis">
      <nite:child href="Bro027.A.words.xml#id(Bro027.w.11,307)"/>
   </speechquality>
   <speechquality nite:id="Bro027.emphasis.232" type="emphasis">
      <nite:child href="Bro027.A.words.xml#id(Bro027.w.11,317)"/>
   </speechquality>
   <speechquality nite:id="Bro027.emphasis.233" type="emphasis">
      <nite:child href="Bro027.A.words.xml#id(Bro027.w.11,326)"/>
   </speechquality>
   <speechquality nite:id="Bro027.emphasis.234" type="emphasis">
      <nite:child href="Bro027.A.words.xml#id(Bro027.w.11,346)..id(Bro027.w.11,347)"/>
   </speechquality>
   <speechquality nite:id="Bro027.emphasis.235" type="emphasis">
      <nite:child href="Bro027.A.words.xml#id(Bro027.w.11,357)..id(Bro027.w.11,358)"/>
   </speechquality>
   <speechquality nite:id="Bro027.emphasis.236" type="emphasis">
      <nite:child href="Bro027.A.words.xml#id(Bro027.w.11,371)"/>
   </speechquality>
   <speechquality nite:id="Bro027.emphasis.237" type="emphasis">
      <nite:child href="Bro027.A.words.xml#id(Bro027.w.11,389)..id(Bro027.w.11,390)"/>
   </speechquality>
   <speechquality nite:id="Bro027.emphasis.238" type="emphasis">
      <nite:child href="Bro027.A.words.xml#id(Bro027.w.11,398)"/>
   </speechquality>
   <speechquality nite:id="Bro027.emphasis.240" type="emphasis">
      <nite:child href="Bro027.A.words.xml#id(Bro027.w.11,465)"/>
   </speechquality>
   <speechquality nite:id="Bro027.emphasis.241" type="emphasis">
      <nite:child href="Bro027.A.words.xml#id(Bro027.w.11,500)..id(Bro027.w.11,501)"/>
   </speechquality>
   <speechquality nite:id="Bro027.emphasis.242" type="emphasis">
      <nite:child href="Bro027.A.words.xml#id(Bro027.w.11,507)"/>
   </speechquality>
   <speechquality nite:id="Bro027.emphasis.246" type="emphasis">
      <nite:child href="Bro027.A.words.xml#id(Bro027.w.11,688)"/>
   </speechquality>
   <speechquality nite:id="Bro027.emphasis.247" type="emphasis">
      <nite:child href="Bro027.A.words.xml#id(Bro027.w.11,764)..id(Bro027.w.11,765)"/>
   </speechquality>
   <speechquality nite:id="Bro027.emphasis.249" type="emphasis">
      <nite:child href="Bro027.A.words.xml#id(Bro027.w.11,814)..id(Bro027.w.11,815)"/>
   </speechquality>
   <speechquality nite:id="Bro027.emphasis.250" type="emphasis">
      <nite:child href="Bro027.A.words.xml#id(Bro027.w.11,821)"/>
   </speechquality>
   <speechquality nite:id="Bro027.emphasis.251" type="emphasis">
      <nite:child href="Bro027.A.words.xml#id(Bro027.w.11,832)"/>
   </speechquality>
   <speechquality nite:id="Bro027.emphasis.281" type="emphasis">
      <nite:child href="Bro027.A.words.xml#id(Bro027.w.13,315)"/>
   </speechquality>
   <speechquality nite:id="Bro027.emphasis.286" type="emphasis">
      <nite:child href="Bro027.A.words.xml#id(Bro027.w.13,365)"/>
   </speechquality>
   <speechquality nite:id="Bro027.emphasis.287" type="emphasis">
      <nite:child href="Bro027.A.words.xml#id(Bro027.w.13,368)"/>
   </speechquality>
   <speechquality nite:id="Bro027.emphasis.289" type="emphasis">
      <nite:child href="Bro027.A.words.xml#id(Bro027.w.13,406)..id(Bro027.w.13,407)"/>
   </speechquality>
   <speechquality nite:id="Bro027.emphasis.291" type="emphasis">
      <nite:child href="Bro027.A.words.xml#id(Bro027.w.13,429)..id(Bro027.w.13,430)"/>
   </speechquality>
   <speechquality nite:id="Bro027.emphasis.298" type="emphasis">
      <nite:child href="Bro027.A.words.xml#id(Bro027.w.13,589)"/>
   </speechquality>
   <speechquality nite:id="Bro027.emphasis.299" type="emphasis">
      <nite:child href="Bro027.A.words.xml#id(Bro027.w.13,598)"/>
   </speechquality>
   <speechquality nite:id="Bro027.emphasis.308" type="emphasis">
      <nite:child href="Bro027.A.words.xml#id(Bro027.w.13,693)..id(Bro027.w.13,694)"/>
   </speechquality>
   <speechquality nite:id="Bro027.emphasis.309" type="emphasis">
      <nite:child href="Bro027.A.words.xml#id(Bro027.w.13,705)"/>
   </speechquality>
   <speechquality nite:id="Bro027.emphasis.310" type="emphasis">
      <nite:child href="Bro027.A.words.xml#id(Bro027.w.13,714)"/>
   </speechquality>
   <speechquality nite:id="Bro027.emphasis.311" type="emphasis">
      <nite:child href="Bro027.A.words.xml#id(Bro027.w.13,718)"/>
   </speechquality>
   <speechquality nite:id="Bro027.emphasis.312" type="emphasis">
      <nite:child href="Bro027.A.words.xml#id(Bro027.w.13,735)..id(Bro027.w.13,736)"/>
   </speechquality>
   <speechquality nite:id="Bro027.emphasis.313" type="emphasis">
      <nite:child href="Bro027.A.words.xml#id(Bro027.w.13,741)..id(Bro027.w.13,742)"/>
   </speechquality>
   <speechquality nite:id="Bro027.emphasis.316" type="emphasis">
      <nite:child href="Bro027.A.words.xml#id(Bro027.w.13,769)"/>
   </speechquality>
   <speechquality nite:id="Bro027.emphasis.320" type="emphasis">
      <nite:child href="Bro027.A.words.xml#id(Bro027.w.13,838)..id(Bro027.w.13,839)"/>
   </speechquality>
   <speechquality nite:id="Bro027.emphasis.321" type="emphasis">
      <nite:child href="Bro027.A.words.xml#id(Bro027.w.13,846)"/>
   </speechquality>
   <speechquality nite:id="Bro027.emphasis.330" type="emphasis">
      <nite:child href="Bro027.A.words.xml#id(Bro027.w.14,086)"/>
   </speechquality>
   <speechquality nite:id="Bro027.emphasis.331" type="emphasis">
      <nite:child href="Bro027.A.words.xml#id(Bro027.w.14,109)"/>
   </speechquality>
   <speechquality nite:id="Bro027.emphasis.332" type="emphasis">
      <nite:child href="Bro027.A.words.xml#id(Bro027.w.14,121)"/>
   </speechquality>
   <speechquality nite:id="Bro027.emphasis.333" type="emphasis">
      <nite:child href="Bro027.A.words.xml#id(Bro027.w.14,125)"/>
   </speechquality>
   <speechquality nite:id="Bro027.emphasis.334" type="emphasis">
      <nite:child href="Bro027.A.words.xml#id(Bro027.w.14,134)"/>
   </speechquality>
   <speechquality nite:id="Bro027.emphasis.344" type="emphasis">
      <nite:child href="Bro027.A.words.xml#id(Bro027.w.14,290)"/>
   </speechquality>
   <speechquality nite:id="Bro027.emphasis.345" type="emphasis">
      <nite:child href="Bro027.A.words.xml#id(Bro027.w.14,295)"/>
   </speechquality>
   <speechquality nite:id="Bro027.emphasis.346" type="emphasis">
      <nite:child href="Bro027.A.words.xml#id(Bro027.w.14,300)"/>
   </speechquality>
   <speechquality nite:id="Bro027.emphasis.347" type="emphasis">
      <nite:child href="Bro027.A.words.xml#id(Bro027.w.14,309)"/>
   </speechquality>
   <speechquality nite:id="Bro027.uncertain.67" type="uncertain">
      <nite:child href="Bro027.A.words.xml#id(Bro027.w.14,382)..id(Bro027.w.14,383)"/>
   </speechquality>
   <speechquality nite:id="Bro027.emphasis.363" type="emphasis">
      <nite:child href="Bro027.A.words.xml#id(Bro027.w.15,043)"/>
   </speechquality>
   <speechquality nite:id="Bro027.emphasis.370" type="emphasis">
      <nite:child href="Bro027.A.words.xml#id(Bro027.w.15,410)"/>
   </speechquality>
</nite:root>