<?xml version="1.0" encoding="ISO-8859-1" standalone="yes"?>
<nite:root nite:id="Btr002.C.speech-quality" xmlns:nite="http://nite.sourceforge.net/">
   <speechquality nite:id="Btr002.uncertain.4" type="uncertain" numsyllables="3.0">
      <nite:child href="Btr002.C.words.xml#id(Btr002.w.453)..id(Btr002.w.454)"/>
   </speechquality>
   <speechquality nite:id="Btr002.uncertain.5" type="uncertain">
      <nite:child href="Btr002.C.words.xml#id(Btr002.w.455)..id(Btr002.w.457)"/>
   </speechquality>
   <speechquality nite:id="Btr002.emphasis.31" type="emphasis">
      <nite:child href="Btr002.C.words.xml#id(Btr002.w.2,268)"/>
   </speechquality>
   <speechquality nite:id="Btr002.emphasis.32" type="emphasis">
      <nite:child href="Btr002.C.words.xml#id(Btr002.w.2,348)"/>
   </speechquality>
   <speechquality nite:id="Btr002.emphasis.46" type="emphasis">
      <nite:child href="Btr002.C.words.xml#id(Btr002.w.3,424)"/>
   </speechquality>
   <speechquality nite:id="Btr002.emphasis.51" type="emphasis">
      <nite:child href="Btr002.C.words.xml#id(Btr002.w.3,996)"/>
   </speechquality>
   <speechquality nite:id="Btr002.emphasis.52" type="emphasis">
      <nite:child href="Btr002.C.words.xml#id(Btr002.w.4,010)..id(Btr002.w.4,011)"/>
   </speechquality>
   <speechquality nite:id="Btr002.emphasis.58" type="emphasis">
      <nite:child href="Btr002.C.words.xml#id(Btr002.w.4,403)"/>
   </speechquality>
   <speechquality nite:id="Btr002.emphasis.59" type="emphasis">
      <nite:child href="Btr002.C.words.xml#id(Btr002.w.4,406)"/>
   </speechquality>
   <speechquality nite:id="Btr002.uncertain.9" type="uncertain" numsyllables="1.0">
      <nite:child href="Btr002.C.words.xml#id(Btr002.w.4,462)..id(Btr002.w.4,463)"/>
   </speechquality>
   <speechquality nite:id="Btr002.emphasis.62" type="emphasis">
      <nite:child href="Btr002.C.words.xml#id(Btr002.w.4,691)"/>
   </speechquality>
   <speechquality nite:id="Btr002.emphasis.63" type="emphasis">
      <nite:child href="Btr002.C.words.xml#id(Btr002.w.4,704)..id(Btr002.w.4,705)"/>
   </speechquality>
   <speechquality nite:id="Btr002.emphasis.82" type="emphasis">
      <nite:child href="Btr002.C.words.xml#id(Btr002.w.5,578)"/>
   </speechquality>
   <speechquality nite:id="Btr002.emphasis.88" type="emphasis">
      <nite:child href="Btr002.C.words.xml#id(Btr002.w.5,909)"/>
   </speechquality>
   <speechquality nite:id="Btr002.emphasis.89" type="emphasis">
      <nite:child href="Btr002.C.words.xml#id(Btr002.w.5,957)..id(Btr002.w.5,958)"/>
   </speechquality>
   <speechquality nite:id="Btr002.emphasis.90" type="emphasis">
      <nite:child href="Btr002.C.words.xml#id(Btr002.w.5,991)"/>
   </speechquality>
   <speechquality nite:id="Btr002.emphasis.91" type="emphasis">
      <nite:child href="Btr002.C.words.xml#id(Btr002.w.5,994)"/>
   </speechquality>
   <speechquality nite:id="Btr002.emphasis.92" type="emphasis">
      <nite:child href="Btr002.C.words.xml#id(Btr002.w.5,996)"/>
   </speechquality>
   <speechquality nite:id="Btr002.emphasis.93" type="emphasis">
      <nite:child href="Btr002.C.words.xml#id(Btr002.w.5,997)..id(Btr002.w.5,998)"/>
   </speechquality>
   <speechquality nite:id="Btr002.emphasis.94" type="emphasis">
      <nite:child href="Btr002.C.words.xml#id(Btr002.w.5,999)"/>
   </speechquality>
   <speechquality nite:id="Btr002.emphasis.117" type="emphasis">
      <nite:child href="Btr002.C.words.xml#id(Btr002.w.6,997)"/>
   </speechquality>
   <speechquality nite:id="Btr002.emphasis.118" type="emphasis">
      <nite:child href="Btr002.C.words.xml#id(Btr002.w.7,009)"/>
   </speechquality>
   <speechquality nite:id="Btr002.emphasis.127" type="emphasis">
      <nite:child href="Btr002.C.words.xml#id(Btr002.w.7,268)"/>
   </speechquality>
   <speechquality nite:id="Btr002.emphasis.128" type="emphasis">
      <nite:child href="Btr002.C.words.xml#id(Btr002.w.7,272)"/>
   </speechquality>
   <speechquality nite:id="Btr002.emphasis.129" type="emphasis">
      <nite:child href="Btr002.C.words.xml#id(Btr002.w.7,279)..id(Btr002.w.7,280)"/>
   </speechquality>
   <speechquality nite:id="Btr002.emphasis.140" type="emphasis">
      <nite:child href="Btr002.C.words.xml#id(Btr002.w.7,774)"/>
   </speechquality>
   <speechquality nite:id="Btr002.emphasis.141" type="emphasis">
      <nite:child href="Btr002.C.words.xml#id(Btr002.w.7,849)..id(Btr002.w.7,850)"/>
   </speechquality>
   <speechquality nite:id="Btr002.emphasis.147" type="emphasis">
      <nite:child href="Btr002.C.words.xml#id(Btr002.w.8,271)"/>
   </speechquality>
   <speechquality nite:id="Btr002.emphasis.148" type="emphasis">
      <nite:child href="Btr002.C.words.xml#id(Btr002.w.8,361)..id(Btr002.w.8,362)"/>
   </speechquality>
   <speechquality nite:id="Btr002.emphasis.206" type="emphasis">
      <nite:child href="Btr002.C.words.xml#id(Btr002.w.10,909)"/>
   </speechquality>
   <speechquality nite:id="Btr002.emphasis.208" type="emphasis">
      <nite:child href="Btr002.C.words.xml#id(Btr002.w.10,954)"/>
   </speechquality>
   <speechquality nite:id="Btr002.emphasis.209" type="emphasis">
      <nite:child href="Btr002.C.words.xml#id(Btr002.w.10,973)"/>
   </speechquality>
   <speechquality nite:id="Btr002.emphasis.221" type="emphasis">
      <nite:child href="Btr002.C.words.xml#id(Btr002.w.11,565)"/>
   </speechquality>
   <speechquality nite:id="Btr002.emphasis.243" type="emphasis">
      <nite:child href="Btr002.C.words.xml#id(Btr002.w.12,397)..id(Btr002.w.12,398)"/>
   </speechquality>
   <speechquality nite:id="Btr002.emphasis.251" type="emphasis">
      <nite:child href="Btr002.C.words.xml#id(Btr002.w.12,904)"/>
   </speechquality>
   <speechquality nite:id="Btr002.emphasis.261" type="emphasis">
      <nite:child href="Btr002.C.words.xml#id(Btr002.w.13,431)"/>
   </speechquality>
   <speechquality nite:id="Btr002.emphasis.266" type="emphasis">
      <nite:child href="Btr002.C.words.xml#id(Btr002.w.13,763)"/>
   </speechquality>
   <speechquality nite:id="Btr002.emphasis.267" type="emphasis">
      <nite:child href="Btr002.C.words.xml#id(Btr002.w.13,764)"/>
   </speechquality>
   <speechquality nite:id="Btr002.emphasis.318" type="emphasis">
      <nite:child href="Btr002.C.words.xml#id(Btr002.w.15,458)..id(Btr002.w.15,459)"/>
   </speechquality>
   <speechquality nite:id="Btr002.emphasis.320" type="emphasis">
      <nite:child href="Btr002.C.words.xml#id(Btr002.w.15,555)"/>
   </speechquality>
   <speechquality nite:id="Btr002.emphasis.321" type="emphasis">
      <nite:child href="Btr002.C.words.xml#id(Btr002.w.15,569)"/>
   </speechquality>
   <speechquality nite:id="Btr002.emphasis.322" type="emphasis">
      <nite:child href="Btr002.C.words.xml#id(Btr002.w.15,624)"/>
   </speechquality>
   <speechquality nite:id="Btr002.emphasis.330" type="emphasis">
      <nite:child href="Btr002.C.words.xml#id(Btr002.w.15,908)"/>
   </speechquality>
   <speechquality nite:id="Btr002.emphasis.331" type="emphasis">
      <nite:child href="Btr002.C.words.xml#id(Btr002.w.16,070)"/>
   </speechquality>
   <speechquality nite:id="Btr002.emphasis.332" type="emphasis">
      <nite:child href="Btr002.C.words.xml#id(Btr002.w.16,091)"/>
   </speechquality>
   <speechquality nite:id="Btr002.emphasis.333" type="emphasis">
      <nite:child href="Btr002.C.words.xml#id(Btr002.w.16,213)"/>
   </speechquality>
   <speechquality nite:id="Btr002.emphasis.335" type="emphasis">
      <nite:child href="Btr002.C.words.xml#id(Btr002.w.16,318)"/>
   </speechquality>
   <speechquality nite:id="Btr002.emphasis.338" type="emphasis">
      <nite:child href="Btr002.C.words.xml#id(Btr002.w.16,521)..id(Btr002.w.16,522)"/>
   </speechquality>
   <speechquality nite:id="Btr002.emphasis.339" type="emphasis">
      <nite:child href="Btr002.C.words.xml#id(Btr002.w.16,586)"/>
   </speechquality>
   <speechquality nite:id="Btr002.emphasis.382" type="emphasis">
      <nite:child href="Btr002.C.words.xml#id(Btr002.w.17,938)"/>
   </speechquality>
   <speechquality nite:id="Btr002.emphasis.383" type="emphasis">
      <nite:child href="Btr002.C.words.xml#id(Btr002.w.17,952)..id(Btr002.w.17,953)"/>
   </speechquality>
   <speechquality nite:id="Btr002.emphasis.384" type="emphasis">
      <nite:child href="Btr002.C.words.xml#id(Btr002.w.17,957)..id(Btr002.w.17,958)"/>
   </speechquality>
   <speechquality nite:id="Btr002.emphasis.385" type="emphasis">
      <nite:child href="Btr002.C.words.xml#id(Btr002.w.18,001)"/>
   </speechquality>
   <speechquality nite:id="Btr002.emphasis.390" type="emphasis">
      <nite:child href="Btr002.C.words.xml#id(Btr002.w.18,557)..id(Btr002.w.18,558)"/>
   </speechquality>
   <speechquality nite:id="Btr002.emphasis.395" type="emphasis">
      <nite:child href="Btr002.C.words.xml#id(Btr002.w.18,863)"/>
   </speechquality>
   <speechquality nite:id="Btr002.emphasis.396" type="emphasis">
      <nite:child href="Btr002.C.words.xml#id(Btr002.w.18,965)"/>
   </speechquality>
   <speechquality nite:id="Btr002.emphasis.397" type="emphasis">
      <nite:child href="Btr002.C.words.xml#id(Btr002.w.18,993)..id(Btr002.w.18,994)"/>
   </speechquality>
   <speechquality nite:id="Btr002.emphasis.438" type="emphasis">
      <nite:child href="Btr002.C.words.xml#id(Btr002.w.20,144)..id(Btr002.w.20,145)"/>
   </speechquality>
   <speechquality nite:id="Btr002.emphasis.462" type="emphasis">
      <nite:child href="Btr002.C.words.xml#id(Btr002.w.21,142)"/>
   </speechquality>
   <speechquality nite:id="Btr002.emphasis.463" type="emphasis">
      <nite:child href="Btr002.C.words.xml#id(Btr002.w.21,227)"/>
   </speechquality>
   <speechquality nite:id="Btr002.emphasis.473" type="emphasis">
      <nite:child href="Btr002.C.words.xml#id(Btr002.w.21,701)"/>
   </speechquality>
   <speechquality nite:id="Btr002.emphasis.474" type="emphasis">
      <nite:child href="Btr002.C.words.xml#id(Btr002.w.21,709)"/>
   </speechquality>
   <speechquality nite:id="Btr002.emphasis.475" type="emphasis">
      <nite:child href="Btr002.C.words.xml#id(Btr002.w.21,710)"/>
   </speechquality>
   <speechquality nite:id="Btr002.emphasis.476" type="emphasis">
      <nite:child href="Btr002.C.words.xml#id(Btr002.w.21,711)..id(Btr002.w.21,712)"/>
   </speechquality>
   <speechquality nite:id="Btr002.emphasis.503" type="emphasis">
      <nite:child href="Btr002.C.words.xml#id(Btr002.w.22,095)"/>
   </speechquality>
   <speechquality nite:id="Btr002.emphasis.504" type="emphasis">
      <nite:child href="Btr002.C.words.xml#id(Btr002.w.22,104)..id(Btr002.w.22,105)"/>
   </speechquality>
   <speechquality nite:id="Btr002.emphasis.505" type="emphasis">
      <nite:child href="Btr002.C.words.xml#id(Btr002.w.22,117)"/>
   </speechquality>
   <speechquality nite:id="Btr002.emphasis.506" type="emphasis">
      <nite:child href="Btr002.C.words.xml#id(Btr002.w.22,136)..id(Btr002.w.22,137)"/>
   </speechquality>
   <speechquality nite:id="Btr002.emphasis.531" type="emphasis">
      <nite:child href="Btr002.C.words.xml#id(Btr002.w.23,310)"/>
   </speechquality>
   <speechquality nite:id="Btr002.emphasis.532" type="emphasis">
      <nite:child href="Btr002.C.words.xml#id(Btr002.w.23,318)..id(Btr002.w.23,319)"/>
   </speechquality>
   <speechquality nite:id="Btr002.emphasis.539" type="emphasis">
      <nite:child href="Btr002.C.words.xml#id(Btr002.w.23,686)"/>
   </speechquality>
   <speechquality nite:id="Btr002.emphasis.562" type="emphasis">
      <nite:child href="Btr002.C.words.xml#id(Btr002.w.25,102)..id(Btr002.w.25,103)"/>
   </speechquality>
   <speechquality nite:id="Btr002.emphasis.573" type="emphasis">
      <nite:child href="Btr002.C.words.xml#id(Btr002.w.26,636)"/>
   </speechquality>
</nite:root>