<?xml version="1.0" encoding="ISO-8859-1" standalone="yes"?>
<nite:root nite:id="Btr002.F.speech-quality" xmlns:nite="http://nite.sourceforge.net/">
   <speechquality nite:id="Btr002.emphasis.24" type="emphasis">
      <nite:child href="Btr002.F.words.xml#id(Btr002.w.1,633)..id(Btr002.w.1,634)"/>
   </speechquality>
   <speechquality nite:id="Btr002.emphasis.25" type="emphasis">
      <nite:child href="Btr002.F.words.xml#id(Btr002.w.1,699)..id(Btr002.w.1,700)"/>
   </speechquality>
   <speechquality nite:id="Btr002.emphasis.26" type="emphasis">
      <nite:child href="Btr002.F.words.xml#id(Btr002.w.1,715)"/>
   </speechquality>
   <speechquality nite:id="Btr002.emphasis.27" type="emphasis">
      <nite:child href="Btr002.F.words.xml#id(Btr002.w.1,851)..id(Btr002.w.1,852)"/>
   </speechquality>
   <speechquality nite:id="Btr002.emphasis.28" type="emphasis">
      <nite:child href="Btr002.F.words.xml#id(Btr002.w.1,866)..id(Btr002.w.1,867)"/>
   </speechquality>
   <speechquality nite:id="Btr002.emphasis.50" type="emphasis">
      <nite:child href="Btr002.F.words.xml#id(Btr002.w.3,824)"/>
   </speechquality>
   <speechquality nite:id="Btr002.emphasis.57" type="emphasis">
      <nite:child href="Btr002.F.words.xml#id(Btr002.w.4,260)"/>
   </speechquality>
   <speechquality nite:id="Btr002.emphasis.95" type="emphasis">
      <nite:child href="Btr002.F.words.xml#id(Btr002.w.6,081)"/>
   </speechquality>
   <speechquality nite:id="Btr002.emphasis.96" type="emphasis">
      <nite:child href="Btr002.F.words.xml#id(Btr002.w.6,095)"/>
   </speechquality>
   <speechquality nite:id="Btr002.emphasis.97" type="emphasis">
      <nite:child href="Btr002.F.words.xml#id(Btr002.w.6,146)"/>
   </speechquality>
   <speechquality nite:id="Btr002.emphasis.103" type="emphasis">
      <nite:child href="Btr002.F.words.xml#id(Btr002.w.6,619)..id(Btr002.w.6,620)"/>
   </speechquality>
   <speechquality nite:id="Btr002.emphasis.108" type="emphasis">
      <nite:child href="Btr002.F.words.xml#id(Btr002.w.6,684)"/>
   </speechquality>
   <speechquality nite:id="Btr002.emphasis.109" type="emphasis">
      <nite:child href="Btr002.F.words.xml#id(Btr002.w.6,701)"/>
   </speechquality>
   <speechquality nite:id="Btr002.emphasis.110" type="emphasis">
      <nite:child href="Btr002.F.words.xml#id(Btr002.w.6,709)"/>
   </speechquality>
   <speechquality nite:id="Btr002.emphasis.115" type="emphasis">
      <nite:child href="Btr002.F.words.xml#id(Btr002.w.6,898)"/>
   </speechquality>
   <speechquality nite:id="Btr002.emphasis.126" type="emphasis">
      <nite:child href="Btr002.F.words.xml#id(Btr002.w.7,263)..id(Btr002.w.7,264)"/>
   </speechquality>
   <speechquality nite:id="Btr002.emphasis.143" type="emphasis">
      <nite:child href="Btr002.F.words.xml#id(Btr002.w.7,875)"/>
   </speechquality>
   <speechquality nite:id="Btr002.emphasis.144" type="emphasis">
      <nite:child href="Btr002.F.words.xml#id(Btr002.w.7,892)"/>
   </speechquality>
   <speechquality nite:id="Btr002.emphasis.145" type="emphasis">
      <nite:child href="Btr002.F.words.xml#id(Btr002.w.8,041)..id(Btr002.w.8,044)"/>
   </speechquality>
   <speechquality nite:id="Btr002.emphasis.146" type="emphasis">
      <nite:child href="Btr002.F.words.xml#id(Btr002.w.8,163)..id(Btr002.w.8,164)"/>
   </speechquality>
   <speechquality nite:id="Btr002.emphasis.171" type="emphasis">
      <nite:child href="Btr002.F.words.xml#id(Btr002.w.9,703)"/>
   </speechquality>
   <speechquality nite:id="Btr002.emphasis.172" type="emphasis">
      <nite:child href="Btr002.F.words.xml#id(Btr002.w.9,707)..id(Btr002.w.9,708)"/>
   </speechquality>
   <speechquality nite:id="Btr002.emphasis.173" type="emphasis">
      <nite:child href="Btr002.F.words.xml#id(Btr002.w.9,711)"/>
   </speechquality>
   <speechquality nite:id="Btr002.emphasis.174" type="emphasis">
      <nite:child href="Btr002.F.words.xml#id(Btr002.w.9,733)"/>
   </speechquality>
   <speechquality nite:id="Btr002.emphasis.181" type="emphasis">
      <nite:child href="Btr002.F.words.xml#id(Btr002.w.10,146)"/>
   </speechquality>
   <speechquality nite:id="Btr002.emphasis.182" type="emphasis">
      <nite:child href="Btr002.F.words.xml#id(Btr002.w.10,169)"/>
   </speechquality>
   <speechquality nite:id="Btr002.emphasis.183" type="emphasis">
      <nite:child href="Btr002.F.words.xml#id(Btr002.w.10,172)"/>
   </speechquality>
   <speechquality nite:id="Btr002.emphasis.184" type="emphasis">
      <nite:child href="Btr002.F.words.xml#id(Btr002.w.10,177)"/>
   </speechquality>
   <speechquality nite:id="Btr002.emphasis.185" type="emphasis">
      <nite:child href="Btr002.F.words.xml#id(Btr002.w.10,184)"/>
   </speechquality>
   <speechquality nite:id="Btr002.emphasis.186" type="emphasis">
      <nite:child href="Btr002.F.words.xml#id(Btr002.w.10,187)"/>
   </speechquality>
   <speechquality nite:id="Btr002.emphasis.187" type="emphasis">
      <nite:child href="Btr002.F.words.xml#id(Btr002.w.10,208)"/>
   </speechquality>
   <speechquality nite:id="Btr002.emphasis.188" type="emphasis">
      <nite:child href="Btr002.F.words.xml#id(Btr002.w.10,226)"/>
   </speechquality>
   <speechquality nite:id="Btr002.emphasis.233" type="emphasis">
      <nite:child href="Btr002.F.words.xml#id(Btr002.w.12,033)"/>
   </speechquality>
   <speechquality nite:id="Btr002.emphasis.234" type="emphasis">
      <nite:child href="Btr002.F.words.xml#id(Btr002.w.12,040)"/>
   </speechquality>
   <speechquality nite:id="Btr002.emphasis.235" type="emphasis">
      <nite:child href="Btr002.F.words.xml#id(Btr002.w.12,058)"/>
   </speechquality>
   <speechquality nite:id="Btr002.emphasis.236" type="emphasis">
      <nite:child href="Btr002.F.words.xml#id(Btr002.w.12,060)"/>
   </speechquality>
   <speechquality nite:id="Btr002.emphasis.242" type="emphasis">
      <speechquality nite:id="Btr002.pronounce.13" type="pronounce" pronunciation="&quot;steems&quot;">
         <nite:child href="Btr002.F.words.xml#id(Btr002.w.12,384)"/>
      </speechquality>
   </speechquality>
   <speechquality nite:id="Btr002.emphasis.246" type="emphasis">
      <nite:child href="Btr002.F.words.xml#id(Btr002.w.12,472)..id(Btr002.w.12,473)"/>
   </speechquality>
   <speechquality nite:id="Btr002.emphasis.247" type="emphasis">
      <nite:child href="Btr002.F.words.xml#id(Btr002.w.12,515)"/>
   </speechquality>
   <speechquality nite:id="Btr002.emphasis.254" type="emphasis">
      <nite:child href="Btr002.F.words.xml#id(Btr002.w.13,041)"/>
   </speechquality>
   <speechquality nite:id="Btr002.emphasis.255" type="emphasis">
      <nite:child href="Btr002.F.words.xml#id(Btr002.w.13,094)"/>
   </speechquality>
   <speechquality nite:id="Btr002.uncertain.30" type="uncertain">
      <nite:child href="Btr002.F.words.xml#id(Btr002.w.14,544)..id(Btr002.w.14,545)"/>
   </speechquality>
   <speechquality nite:id="Btr002.emphasis.294" type="emphasis">
      <nite:child href="Btr002.F.words.xml#id(Btr002.w.14,709)"/>
   </speechquality>
   <speechquality nite:id="Btr002.emphasis.295" type="emphasis">
      <nite:child href="Btr002.F.words.xml#id(Btr002.w.14,736)..id(Btr002.w.14,737)"/>
   </speechquality>
   <speechquality nite:id="Btr002.emphasis.296" type="emphasis">
      <nite:child href="Btr002.F.words.xml#id(Btr002.w.14,751)"/>
   </speechquality>
   <speechquality nite:id="Btr002.emphasis.297" type="emphasis">
      <nite:child href="Btr002.F.words.xml#id(Btr002.w.14,839)"/>
   </speechquality>
   <speechquality nite:id="Btr002.emphasis.298" type="emphasis">
      <nite:child href="Btr002.F.words.xml#id(Btr002.w.14,855)"/>
   </speechquality>
   <speechquality nite:id="Btr002.emphasis.299" type="emphasis">
      <nite:child href="Btr002.F.words.xml#id(Btr002.w.14,915)"/>
   </speechquality>
   <speechquality nite:id="Btr002.emphasis.300" type="emphasis">
      <nite:child href="Btr002.F.words.xml#id(Btr002.w.14,918)"/>
   </speechquality>
   <speechquality nite:id="Btr002.emphasis.301" type="emphasis">
      <nite:child href="Btr002.F.words.xml#id(Btr002.w.14,925)"/>
   </speechquality>
   <speechquality nite:id="Btr002.emphasis.302" type="emphasis">
      <nite:child href="Btr002.F.words.xml#id(Btr002.w.14,936)..id(Btr002.w.14,937)"/>
   </speechquality>
   <speechquality nite:id="Btr002.emphasis.326" type="emphasis">
      <nite:child href="Btr002.F.words.xml#id(Btr002.w.15,762)"/>
   </speechquality>
   <speechquality nite:id="Btr002.emphasis.327" type="emphasis">
      <nite:child href="Btr002.F.words.xml#id(Btr002.w.15,808)"/>
   </speechquality>
   <speechquality nite:id="Btr002.emphasis.328" type="emphasis">
      <nite:child href="Btr002.F.words.xml#id(Btr002.w.15,809)..id(Btr002.w.15,810)"/>
   </speechquality>
   <speechquality nite:id="Btr002.emphasis.345" type="emphasis">
      <nite:child href="Btr002.F.words.xml#id(Btr002.w.16,717)"/>
   </speechquality>
   <speechquality nite:id="Btr002.emphasis.359" type="emphasis">
      <nite:child href="Btr002.F.words.xml#id(Btr002.w.17,145)..id(Btr002.w.17,146)"/>
   </speechquality>
   <speechquality nite:id="Btr002.emphasis.360" type="emphasis">
      <nite:child href="Btr002.F.words.xml#id(Btr002.w.17,148)"/>
   </speechquality>
   <speechquality nite:id="Btr002.emphasis.361" type="emphasis">
      <nite:child href="Btr002.F.words.xml#id(Btr002.w.17,225)"/>
   </speechquality>
   <speechquality nite:id="Btr002.emphasis.389" type="emphasis">
      <nite:child href="Btr002.F.words.xml#id(Btr002.w.18,510)"/>
   </speechquality>
   <speechquality nite:id="Btr002.emphasis.391" type="emphasis">
      <nite:child href="Btr002.F.words.xml#id(Btr002.w.18,568)"/>
   </speechquality>
   <speechquality nite:id="Btr002.emphasis.401" type="emphasis">
      <nite:child href="Btr002.F.words.xml#id(Btr002.w.19,267)..id(Btr002.w.19,268)"/>
   </speechquality>
   <speechquality nite:id="Btr002.emphasis.406" type="emphasis">
      <nite:child href="Btr002.F.words.xml#id(Btr002.w.19,442)"/>
   </speechquality>
   <speechquality nite:id="Btr002.emphasis.408" type="emphasis">
      <nite:child href="Btr002.F.words.xml#id(Btr002.w.19,524)"/>
   </speechquality>
   <speechquality nite:id="Btr002.emphasis.409" type="emphasis">
      <nite:child href="Btr002.F.words.xml#id(Btr002.w.19,526)..id(Btr002.w.19,527)"/>
   </speechquality>
   <speechquality nite:id="Btr002.emphasis.410" type="emphasis">
      <nite:child href="Btr002.F.words.xml#id(Btr002.w.19,532)"/>
   </speechquality>
   <speechquality nite:id="Btr002.emphasis.411" type="emphasis">
      <nite:child href="Btr002.F.words.xml#id(Btr002.w.19,533)"/>
   </speechquality>
   <speechquality nite:id="Btr002.emphasis.412" type="emphasis">
      <nite:child href="Btr002.F.words.xml#id(Btr002.w.19,538)..id(Btr002.w.19,539)"/>
   </speechquality>
   <speechquality nite:id="Btr002.emphasis.413" type="emphasis">
      <nite:child href="Btr002.F.words.xml#id(Btr002.w.19,542)"/>
   </speechquality>
   <speechquality nite:id="Btr002.emphasis.414" type="emphasis">
      <nite:child href="Btr002.F.words.xml#id(Btr002.w.19,613)"/>
   </speechquality>
   <speechquality nite:id="Btr002.emphasis.415" type="emphasis">
      <nite:child href="Btr002.F.words.xml#id(Btr002.w.19,629)"/>
   </speechquality>
   <speechquality nite:id="Btr002.emphasis.419" type="emphasis">
      <nite:child href="Btr002.F.words.xml#id(Btr002.w.19,798)..id(Btr002.w.19,799)"/>
   </speechquality>
   <speechquality nite:id="Btr002.emphasis.420" type="emphasis">
      <nite:child href="Btr002.F.words.xml#id(Btr002.w.19,801)..id(Btr002.w.19,802)"/>
   </speechquality>
   <speechquality nite:id="Btr002.emphasis.421" type="emphasis">
      <nite:child href="Btr002.F.words.xml#id(Btr002.w.19,810)"/>
   </speechquality>
   <speechquality nite:id="Btr002.emphasis.422" type="emphasis">
      <nite:child href="Btr002.F.words.xml#id(Btr002.w.19,814)"/>
   </speechquality>
   <speechquality nite:id="Btr002.emphasis.423" type="emphasis">
      <nite:child href="Btr002.F.words.xml#id(Btr002.w.19,823)..id(Btr002.w.19,824)"/>
   </speechquality>
   <speechquality nite:id="Btr002.emphasis.424" type="emphasis">
      <nite:child href="Btr002.F.words.xml#id(Btr002.w.19,838)..id(Btr002.w.19,839)"/>
   </speechquality>
   <speechquality nite:id="Btr002.emphasis.425" type="emphasis">
      <nite:child href="Btr002.F.words.xml#id(Btr002.w.19,851)..id(Btr002.w.19,852)"/>
   </speechquality>
   <speechquality nite:id="Btr002.emphasis.426" type="emphasis">
      <nite:child href="Btr002.F.words.xml#id(Btr002.w.19,860)..id(Btr002.w.19,861)"/>
   </speechquality>
   <speechquality nite:id="Btr002.emphasis.427" type="emphasis">
      <nite:child href="Btr002.F.words.xml#id(Btr002.w.19,864)"/>
   </speechquality>
   <speechquality nite:id="Btr002.emphasis.428" type="emphasis">
      <nite:child href="Btr002.F.words.xml#id(Btr002.w.19,873)"/>
   </speechquality>
   <speechquality nite:id="Btr002.emphasis.429" type="emphasis">
      <nite:child href="Btr002.F.words.xml#id(Btr002.w.19,886)"/>
   </speechquality>
   <speechquality nite:id="Btr002.emphasis.430" type="emphasis">
      <nite:child href="Btr002.F.words.xml#id(Btr002.w.19,889)"/>
   </speechquality>
   <speechquality nite:id="Btr002.emphasis.432" type="emphasis">
      <nite:child href="Btr002.F.words.xml#id(Btr002.w.19,966)"/>
   </speechquality>
   <speechquality nite:id="Btr002.emphasis.433" type="emphasis">
      <nite:child href="Btr002.F.words.xml#id(Btr002.w.19,969)..id(Btr002.w.19,970)"/>
   </speechquality>
   <speechquality nite:id="Btr002.emphasis.434" type="emphasis">
      <nite:child href="Btr002.F.words.xml#id(Btr002.w.19,972)"/>
   </speechquality>
   <speechquality nite:id="Btr002.emphasis.435" type="emphasis">
      <nite:child href="Btr002.F.words.xml#id(Btr002.w.19,977)..id(Btr002.w.19,978)"/>
   </speechquality>
   <speechquality nite:id="Btr002.emphasis.436" type="emphasis">
      <nite:child href="Btr002.F.words.xml#id(Btr002.w.19,983)"/>
   </speechquality>
   <speechquality nite:id="Btr002.emphasis.437" type="emphasis">
      <nite:child href="Btr002.F.words.xml#id(Btr002.w.19,985)..id(Btr002.w.19,986)"/>
   </speechquality>
   <speechquality nite:id="Btr002.emphasis.439" type="emphasis">
      <nite:child href="Btr002.F.words.xml#id(Btr002.w.20,178)..id(Btr002.w.20,179)"/>
   </speechquality>
   <speechquality nite:id="Btr002.emphasis.440" type="emphasis">
      <nite:child href="Btr002.F.words.xml#id(Btr002.w.20,182)..id(Btr002.w.20,183)"/>
   </speechquality>
   <speechquality nite:id="Btr002.emphasis.451" type="emphasis">
      <nite:child href="Btr002.F.words.xml#id(Btr002.w.20,687)"/>
   </speechquality>
   <speechquality nite:id="Btr002.emphasis.452" type="emphasis">
      <nite:child href="Btr002.F.words.xml#id(Btr002.w.20,691)"/>
   </speechquality>
   <speechquality nite:id="Btr002.emphasis.453" type="emphasis">
      <nite:child href="Btr002.F.words.xml#id(Btr002.w.20,718)"/>
   </speechquality>
   <speechquality nite:id="Btr002.emphasis.454" type="emphasis">
      <nite:child href="Btr002.F.words.xml#id(Btr002.w.20,720)"/>
   </speechquality>
   <speechquality nite:id="Btr002.emphasis.459" type="emphasis">
      <nite:child href="Btr002.F.words.xml#id(Btr002.w.20,922)"/>
   </speechquality>
   <speechquality nite:id="Btr002.emphasis.498" type="emphasis">
      <nite:child href="Btr002.F.words.xml#id(Btr002.w.21,982)"/>
   </speechquality>
   <speechquality nite:id="Btr002.emphasis.499" type="emphasis">
      <nite:child href="Btr002.F.words.xml#id(Btr002.w.21,984)..id(Btr002.w.21,985)"/>
   </speechquality>
   <speechquality nite:id="Btr002.emphasis.524" type="emphasis">
      <nite:child href="Btr002.F.words.xml#id(Btr002.w.22,812)"/>
   </speechquality>
   <speechquality nite:id="Btr002.emphasis.525" type="emphasis">
      <nite:child href="Btr002.F.words.xml#id(Btr002.w.22,818)..id(Btr002.w.22,819)"/>
   </speechquality>
   <speechquality nite:id="Btr002.emphasis.530" type="emphasis">
      <nite:child href="Btr002.F.words.xml#id(Btr002.w.23,113)"/>
   </speechquality>
   <speechquality nite:id="Btr002.emphasis.534" type="emphasis">
      <nite:child href="Btr002.F.words.xml#id(Btr002.w.23,429)"/>
   </speechquality>
   <speechquality nite:id="Btr002.emphasis.535" type="emphasis">
      <nite:child href="Btr002.F.words.xml#id(Btr002.w.23,568)"/>
   </speechquality>
   <speechquality nite:id="Btr002.emphasis.555" type="emphasis">
      <nite:child href="Btr002.F.words.xml#id(Btr002.w.24,795)"/>
   </speechquality>
   <speechquality nite:id="Btr002.emphasis.556" type="emphasis">
      <nite:child href="Btr002.F.words.xml#id(Btr002.w.24,909)"/>
   </speechquality>
   <speechquality nite:id="Btr002.emphasis.574" type="emphasis">
      <nite:child href="Btr002.F.words.xml#id(Btr002.w.26,917)"/>
   </speechquality>
</nite:root>