<?xml version="1.0" encoding="UTF-8"?>
<nite:root xmlns:nite="http://nite.sourceforge.net/" nite:id="Buw001.-param.">
<speechquality type="emphasis" nite:id="Buw001.emphasis.512"> <nite:child href="Buw001.-param.words.xml#id(Buw001.w.18,835)"/> </speechquality>
<speechquality type="emphasis" nite:id="Buw001.emphasis.530"> <nite:child href="Buw001.-param.words.xml#id(Buw001.w.19,054)"/> </speechquality>
<speechquality type="emphasis" nite:id="Buw001.emphasis.531"> <nite:child href="Buw001.-param.words.xml#id(Buw001.w.19,058)"/>
<nite:child href="Buw001.-param.words.xml#id(Buw001.w.19,059)"/> </speechquality>
</nite:root>
