<?xml version="1.0" encoding="ISO-8859-1" standalone="yes"?>
<nite:root nite:id="ES2016a.decision" xmlns:nite="http://nite.sourceforge.net/">
   <decision nite:id="ES2016a.decision.melissa.1" external="true">
      <nite:child href="ES2016a.A.words.xml#id(ES2016a.A.words570)..id(ES2016a.A.words582)"/>
   </decision>
   <decision nite:id="ES2016a.decision.melissa.3">
      <nite:child href="ES2016a.A.words.xml#id(ES2016a.A.words646)..id(ES2016a.A.words706)"/>
      <nite:child href="ES2016a.C.words.xml#id(ES2016a.C.words371)..id(ES2016a.C.words470)"/>
      <nite:child href="ES2016a.B.words.xml#id(ES2016a.B.words244)"/>
      <nite:child href="ES2016a.C.words.xml#id(ES2016a.C.words471)..id(ES2016a.C.words565)"/>
      <nite:child href="ES2016a.D.words.xml#id(ES2016a.D.words254)"/>
      <nite:child href="ES2016a.A.words.xml#id(ES2016a.A.words707)"/>
      <nite:child href="ES2016a.D.words.xml#id(ES2016a.D.words255)..id(ES2016a.D.words257)"/>
      <nite:child href="ES2016a.C.words.xml#id(ES2016a.C.words566)..id(ES2016a.C.words584)"/>
      <nite:child href="ES2016a.B.words.xml#id(ES2016a.B.words245)"/>
      <nite:child href="ES2016a.A.words.xml#id(ES2016a.A.words708)..id(ES2016a.A.words709)"/>
      <nite:child href="ES2016a.C.words.xml#id(ES2016a.C.words585)..id(ES2016a.C.words614)"/>
      <nite:child href="ES2016a.B.words.xml#id(ES2016a.B.words246)..id(ES2016a.B.words324)"/>
      <nite:child href="ES2016a.C.words.xml#id(ES2016a.C.words615)..id(ES2016a.C.words653)"/>
      <nite:child href="ES2016a.B.words.xml#id(ES2016a.B.words325)..id(ES2016a.B.words342)"/>
      <nite:child href="ES2016a.C.words.xml#id(ES2016a.C.words654)..id(ES2016a.C.words655)"/>
      <nite:child href="ES2016a.D.words.xml#id(ES2016a.D.words258)"/>
      <nite:child href="ES2016a.A.words.xml#id(ES2016a.A.words710)..id(ES2016a.A.words755)"/>
      <nite:child href="ES2016a.D.words.xml#id(ES2016a.D.words259)"/>
      <nite:child href="ES2016a.C.words.xml#id(ES2016a.C.words656)"/>
      <nite:child href="ES2016a.B.words.xml#id(ES2016a.B.words343)..id(ES2016a.B.words351)"/>
      <nite:child href="ES2016a.A.words.xml#id(ES2016a.A.words756)..id(ES2016a.A.words764)"/>
      <nite:child href="ES2016a.B.words.xml#id(ES2016a.B.words352)..id(ES2016a.B.words353)"/>
      <nite:child href="ES2016a.D.words.xml#id(ES2016a.D.words260)"/>
      <nite:child href="ES2016a.B.words.xml#id(ES2016a.B.words354)..id(ES2016a.B.words368)"/>
      <nite:child href="ES2016a.A.words.xml#id(ES2016a.A.words765)..id(ES2016a.A.words770)"/>
      <nite:child href="ES2016a.D.words.xml#id(ES2016a.D.words261)"/>
      <nite:child href="ES2016a.A.words.xml#id(ES2016a.A.words771)"/>
      <nite:child href="ES2016a.B.words.xml#id(ES2016a.B.words369)..id(ES2016a.B.words406)"/>
      <nite:child href="ES2016a.A.words.xml#id(ES2016a.A.words772)..id(ES2016a.A.words773)"/>
      <nite:child href="ES2016a.C.words.xml#id(ES2016a.C.words657)..id(ES2016a.C.words670)"/>
      <nite:child href="ES2016a.D.words.xml#id(ES2016a.D.words262)..id(ES2016a.D.words264)"/>
      <nite:child href="ES2016a.C.words.xml#id(ES2016a.C.words671)..id(ES2016a.C.words717)"/>
      <nite:child href="ES2016a.A.words.xml#id(ES2016a.A.words774)..id(ES2016a.A.words802)"/>
      <nite:child href="ES2016a.C.words.xml#id(ES2016a.C.words718)..id(ES2016a.C.words719)"/>
      <nite:child href="ES2016a.D.words.xml#id(ES2016a.D.words265)..id(ES2016a.D.words286)"/>
      <nite:child href="ES2016a.A.words.xml#id(ES2016a.A.words803)..id(ES2016a.A.words811)"/>
      <nite:child href="ES2016a.D.words.xml#id(ES2016a.D.words287)..id(ES2016a.D.words335)"/>
      <nite:child href="ES2016a.C.words.xml#id(ES2016a.C.words720)..id(ES2016a.C.words721)"/>
      <nite:child href="ES2016a.D.words.xml#id(ES2016a.D.words336)..id(ES2016a.D.words340)"/>
      <nite:child href="ES2016a.C.words.xml#id(ES2016a.C.words722)..id(ES2016a.C.words727)"/>
      <nite:child href="ES2016a.D.words.xml#id(ES2016a.D.words341)..id(ES2016a.D.words342)"/>
      <nite:child href="ES2016a.C.words.xml#id(ES2016a.C.words728)..id(ES2016a.C.words732)"/>
      <nite:child href="ES2016a.B.words.xml#id(ES2016a.B.words407)..id(ES2016a.B.words408)"/>
      <nite:child href="ES2016a.C.words.xml#id(ES2016a.C.words733)..id(ES2016a.C.words764)"/>
      <nite:child href="ES2016a.A.words.xml#id(ES2016a.A.words812)..id(ES2016a.A.words816)"/>
      <nite:child href="ES2016a.D.words.xml#id(ES2016a.D.words343)..id(ES2016a.D.words346)"/>
      <nite:child href="ES2016a.C.words.xml#id(ES2016a.C.words765)..id(ES2016a.C.words770)"/>
      <nite:child href="ES2016a.A.words.xml#id(ES2016a.A.words817)..id(ES2016a.A.words828)"/>
      <nite:child href="ES2016a.C.words.xml#id(ES2016a.C.words771)..id(ES2016a.C.words789)"/>
      <nite:child href="ES2016a.A.words.xml#id(ES2016a.A.words829)..id(ES2016a.A.words841)"/>
      <nite:child href="ES2016a.B.words.xml#id(ES2016a.B.words409)..id(ES2016a.B.words410)"/>
   </decision>
   <decision nite:id="ES2016a.decision.melissa.2">
      <nite:child href="ES2016a.B.words.xml#id(ES2016a.B.words469)..id(ES2016a.B.words470)"/>
      <nite:child href="ES2016a.A.words.xml#id(ES2016a.A.words941)..id(ES2016a.A.words1032)"/>
      <nite:child href="ES2016a.C.words.xml#id(ES2016a.C.words815)..id(ES2016a.C.words816)"/>
      <nite:child href="ES2016a.A.words.xml#id(ES2016a.A.words1033)..id(ES2016a.A.words1121)"/>
      <nite:child href="ES2016a.B.words.xml#id(ES2016a.B.words471)..id(ES2016a.B.words495)"/>
      <nite:child href="ES2016a.A.words.xml#id(ES2016a.A.words1122)..id(ES2016a.A.words1126)"/>
      <nite:child href="ES2016a.B.words.xml#id(ES2016a.B.words496)..id(ES2016a.B.words568)"/>
      <nite:child href="ES2016a.A.words.xml#id(ES2016a.A.words1127)..id(ES2016a.A.words1140)"/>
      <nite:child href="ES2016a.C.words.xml#id(ES2016a.C.words817)..id(ES2016a.C.words833)"/>
      <nite:child href="ES2016a.B.words.xml#id(ES2016a.B.words569)..id(ES2016a.B.words573)"/>
      <nite:child href="ES2016a.A.words.xml#id(ES2016a.A.words1141)..id(ES2016a.A.words1164)"/>
   </decision>
</nite:root>