<?xml version="1.0" encoding="ISO-8859-1" standalone="yes"?>
<nite:root nite:id="ES2015c.decision" xmlns:nite="http://nite.sourceforge.net/">
   <decision nite:id="ES2015c.decision.melissa.1">
      <nite:child href="ES2015c.B.words.xml#id(ES2015c.B.words1145)..id(ES2015c.B.words1224)"/>
      <nite:child href="ES2015c.A.words.xml#id(ES2015c.A.words263)..id(ES2015c.A.words264)"/>
      <nite:child href="ES2015c.D.words.xml#id(ES2015c.D.words9)"/>
      <nite:child href="ES2015c.A.words.xml#id(ES2015c.A.words265)..id(ES2015c.A.words292)"/>
      <nite:child href="ES2015c.B.words.xml#id(ES2015c.B.words1225)..id(ES2015c.B.words1226)"/>
      <nite:child href="ES2015c.A.words.xml#id(ES2015c.A.words293)..id(ES2015c.A.words307)"/>
      <nite:child href="ES2015c.B.words.xml#id(ES2015c.B.words1227)..id(ES2015c.B.words1261)"/>
      <nite:child href="ES2015c.A.words.xml#id(ES2015c.A.words308)..id(ES2015c.A.words371)"/>
      <nite:child href="ES2015c.B.words.xml#id(ES2015c.B.words1262)..id(ES2015c.B.words1263)"/>
      <nite:child href="ES2015c.D.words.xml#id(ES2015c.D.words10)..id(ES2015c.D.words11)"/>
      <nite:child href="ES2015c.B.words.xml#id(ES2015c.B.words1264)..id(ES2015c.B.words1303)"/>
      <nite:child href="ES2015c.C.words.xml#id(ES2015c.C.words9)..id(ES2015c.C.words18)"/>
      <nite:child href="ES2015c.B.words.xml#id(ES2015c.B.words1304)..id(ES2015c.B.words1313)"/>
      <nite:child href="ES2015c.A.words.xml#id(ES2015c.A.words372)..id(ES2015c.A.words373)"/>
      <nite:child href="ES2015c.C.words.xml#id(ES2015c.C.words19)..id(ES2015c.C.words45)"/>
      <nite:child href="ES2015c.B.words.xml#id(ES2015c.B.words1314)..id(ES2015c.B.words1385)"/>
      <nite:child href="ES2015c.A.words.xml#id(ES2015c.A.words374)..id(ES2015c.A.words375)"/>
      <nite:child href="ES2015c.D.words.xml#id(ES2015c.D.words12)..id(ES2015c.D.words13)"/>
      <nite:child href="ES2015c.A.words.xml#id(ES2015c.A.words376)..id(ES2015c.A.words377)"/>
      <nite:child href="ES2015c.D.words.xml#id(ES2015c.D.words14)..id(ES2015c.D.words19)"/>
      <nite:child href="ES2015c.A.words.xml#id(ES2015c.A.words378)..id(ES2015c.A.words379)"/>
      <nite:child href="ES2015c.C.words.xml#id(ES2015c.C.words46)"/>
      <nite:child href="ES2015c.A.words.xml#id(ES2015c.A.words380)..id(ES2015c.A.words385)"/>
      <nite:child href="ES2015c.D.words.xml#id(ES2015c.D.words20)..id(ES2015c.D.words21)"/>
      <nite:child href="ES2015c.A.words.xml#id(ES2015c.A.words386)..id(ES2015c.A.words387)"/>
      <nite:child href="ES2015c.D.words.xml#id(ES2015c.D.words22)..id(ES2015c.D.words43)"/>
      <nite:child href="ES2015c.B.words.xml#id(ES2015c.B.words1386)..id(ES2015c.B.words1392)"/>
      <nite:child href="ES2015c.C.words.xml#id(ES2015c.C.words47)..id(ES2015c.C.words48)"/>
      <nite:child href="ES2015c.A.words.xml#id(ES2015c.A.words388)..id(ES2015c.A.words389)"/>
      <nite:child href="ES2015c.B.words.xml#id(ES2015c.B.words1393)..id(ES2015c.B.words1394)"/>
      <nite:child href="ES2015c.C.words.xml#id(ES2015c.C.words49)..id(ES2015c.C.words50)"/>
      <nite:child href="ES2015c.D.words.xml#id(ES2015c.D.words44)..id(ES2015c.D.words45)"/>
      <nite:child href="ES2015c.A.words.xml#id(ES2015c.A.words390)..id(ES2015c.A.words391)"/>
      <nite:child href="ES2015c.D.words.xml#id(ES2015c.D.words46)"/>
      <nite:child href="ES2015c.A.words.xml#id(ES2015c.A.words392)..id(ES2015c.A.words395)"/>
   </decision>
   <decision nite:id="ES2015c.decision.melissa.2">
      <nite:child href="ES2015c.A.words.xml#id(ES2015c.A.words427)..id(ES2015c.A.words467)"/>
      <nite:child href="ES2015c.D.words.xml#id(ES2015c.D.words47)"/>
      <nite:child href="ES2015c.C.words.xml#id(ES2015c.C.words51)"/>
      <nite:child href="ES2015c.B.words.xml#id(ES2015c.B.words1405)..id(ES2015c.B.words1418)"/>
      <nite:child href="ES2015c.C.words.xml#id(ES2015c.C.words52)..id(ES2015c.C.words54)"/>
      <nite:child href="ES2015c.D.words.xml#id(ES2015c.D.words48)..id(ES2015c.D.words49)"/>
      <nite:child href="ES2015c.A.words.xml#id(ES2015c.A.words468)..id(ES2015c.A.words492)"/>
      <nite:child href="ES2015c.B.words.xml#id(ES2015c.B.words1419)..id(ES2015c.B.words1422)"/>
      <nite:child href="ES2015c.A.words.xml#id(ES2015c.A.words493)..id(ES2015c.A.words499)"/>
      <nite:child href="ES2015c.B.words.xml#id(ES2015c.B.words1423)..id(ES2015c.B.words1424)"/>
      <nite:child href="ES2015c.C.words.xml#id(ES2015c.C.words55)"/>
      <nite:child href="ES2015c.D.words.xml#id(ES2015c.D.words50)..id(ES2015c.D.words62)"/>
      <nite:child href="ES2015c.B.words.xml#id(ES2015c.B.words1425)..id(ES2015c.B.words1426)"/>
      <nite:child href="ES2015c.D.words.xml#id(ES2015c.D.words63)..id(ES2015c.D.words86)"/>
      <nite:child href="ES2015c.B.words.xml#id(ES2015c.B.words1427)..id(ES2015c.B.words1435)"/>
      <nite:child href="ES2015c.C.words.xml#id(ES2015c.C.words56)..id(ES2015c.C.words59)"/>
      <nite:child href="ES2015c.D.words.xml#id(ES2015c.D.words87)..id(ES2015c.D.words117)"/>
      <nite:child href="ES2015c.B.words.xml#id(ES2015c.B.words1436)..id(ES2015c.B.words1437)"/>
      <nite:child href="ES2015c.A.words.xml#id(ES2015c.A.words500)..id(ES2015c.A.words501)"/>
      <nite:child href="ES2015c.C.words.xml#id(ES2015c.C.words60)..id(ES2015c.C.words65)"/>
      <nite:child href="ES2015c.B.words.xml#id(ES2015c.B.words1438)..id(ES2015c.B.words1448)"/>
      <nite:child href="ES2015c.D.words.xml#id(ES2015c.D.words118)..id(ES2015c.D.words119)"/>
      <nite:child href="ES2015c.C.words.xml#id(ES2015c.C.words66)..id(ES2015c.C.words102)"/>
      <nite:child href="ES2015c.B.words.xml#id(ES2015c.B.words1449)..id(ES2015c.B.words1480)"/>
      <nite:child href="ES2015c.A.words.xml#id(ES2015c.A.words502)"/>
      <nite:child href="ES2015c.C.words.xml#id(ES2015c.C.words103)..id(ES2015c.C.words104)"/>
      <nite:child href="ES2015c.A.words.xml#id(ES2015c.A.words503)..id(ES2015c.A.words504)"/>
      <nite:child href="ES2015c.D.words.xml#id(ES2015c.D.words120)..id(ES2015c.D.words128)"/>
      <nite:child href="ES2015c.B.words.xml#id(ES2015c.B.words1481)..id(ES2015c.B.words1488)"/>
      <nite:child href="ES2015c.C.words.xml#id(ES2015c.C.words105)..id(ES2015c.C.words112)"/>
      <nite:child href="ES2015c.A.words.xml#id(ES2015c.A.words505)..id(ES2015c.A.words516)"/>
      <nite:child href="ES2015c.D.words.xml#id(ES2015c.D.words129)..id(ES2015c.D.words139)"/>
      <nite:child href="ES2015c.B.words.xml#id(ES2015c.B.words1489)..id(ES2015c.B.words1556)"/>
      <nite:child href="ES2015c.C.words.xml#id(ES2015c.C.words113)..id(ES2015c.C.words121)"/>
      <nite:child href="ES2015c.D.words.xml#id(ES2015c.D.words140)..id(ES2015c.D.words141)"/>
      <nite:child href="ES2015c.C.words.xml#id(ES2015c.C.words122)..id(ES2015c.C.words123)"/>
      <nite:child href="ES2015c.A.words.xml#id(ES2015c.A.words517)..id(ES2015c.A.words528)"/>
      <nite:child href="ES2015c.D.words.xml#id(ES2015c.D.words142)..id(ES2015c.D.words159)"/>
      <nite:child href="ES2015c.A.words.xml#id(ES2015c.A.words529)..id(ES2015c.A.words530)"/>
      <nite:child href="ES2015c.B.words.xml#id(ES2015c.B.words1557)..id(ES2015c.B.words1563)"/>
      <nite:child href="ES2015c.C.words.xml#id(ES2015c.C.words124)..id(ES2015c.C.words125)"/>
      <nite:child href="ES2015c.A.words.xml#id(ES2015c.A.words531)..id(ES2015c.A.words540)"/>
      <nite:child href="ES2015c.B.words.xml#id(ES2015c.B.words1564)..id(ES2015c.B.words1651)"/>
      <nite:child href="ES2015c.D.words.xml#id(ES2015c.D.words160)..id(ES2015c.D.words161)"/>
      <nite:child href="ES2015c.A.words.xml#id(ES2015c.A.words541)..id(ES2015c.A.words542)"/>
      <nite:child href="ES2015c.C.words.xml#id(ES2015c.C.words126)..id(ES2015c.C.words127)"/>
      <nite:child href="ES2015c.A.words.xml#id(ES2015c.A.words543)..id(ES2015c.A.words544)"/>
      <nite:child href="ES2015c.C.words.xml#id(ES2015c.C.words128)..id(ES2015c.C.words130)"/>
      <nite:child href="ES2015c.A.words.xml#id(ES2015c.A.words545)..id(ES2015c.A.words560)"/>
      <nite:child href="ES2015c.C.words.xml#id(ES2015c.C.words131)..id(ES2015c.C.words135)"/>
      <nite:child href="ES2015c.A.words.xml#id(ES2015c.A.words561)..id(ES2015c.A.words562)"/>
      <nite:child href="ES2015c.C.words.xml#id(ES2015c.C.words136)..id(ES2015c.C.words137)"/>
      <nite:child href="ES2015c.A.words.xml#id(ES2015c.A.words563)..id(ES2015c.A.words566)"/>
      <nite:child href="ES2015c.B.words.xml#id(ES2015c.B.words1652)..id(ES2015c.B.words1654)"/>
   </decision>
   <decision nite:id="ES2015c.decision.melissa.3">
      <nite:child href="ES2015c.C.words.xml#id(ES2015c.C.words242)..id(ES2015c.C.words291)"/>
      <nite:child href="ES2015c.A.words.xml#id(ES2015c.A.words585)..id(ES2015c.A.words590)"/>
      <nite:child href="ES2015c.C.words.xml#id(ES2015c.C.words292)..id(ES2015c.C.words312)"/>
      <nite:child href="ES2015c.B.words.xml#id(ES2015c.B.words1689)..id(ES2015c.B.words1690)"/>
      <nite:child href="ES2015c.C.words.xml#id(ES2015c.C.words313)..id(ES2015c.C.words321)"/>
      <nite:child href="ES2015c.A.words.xml#id(ES2015c.A.words591)..id(ES2015c.A.words592)"/>
      <nite:child href="ES2015c.B.words.xml#id(ES2015c.B.words1691)..id(ES2015c.B.words1701)"/>
      <nite:child href="ES2015c.A.words.xml#id(ES2015c.A.words593)..id(ES2015c.A.words641)"/>
      <nite:child href="ES2015c.C.words.xml#id(ES2015c.C.words322)..id(ES2015c.C.words331)"/>
      <nite:child href="ES2015c.B.words.xml#id(ES2015c.B.words1702)..id(ES2015c.B.words1703)"/>
      <nite:child href="ES2015c.C.words.xml#id(ES2015c.C.words332)..id(ES2015c.C.words355)"/>
      <nite:child href="ES2015c.B.words.xml#id(ES2015c.B.words1704)..id(ES2015c.B.words1823)"/>
      <nite:child href="ES2015c.C.words.xml#id(ES2015c.C.words356)..id(ES2015c.C.words363)"/>
      <nite:child href="ES2015c.A.words.xml#id(ES2015c.A.words642)..id(ES2015c.A.words647)"/>
      <nite:child href="ES2015c.C.words.xml#id(ES2015c.C.words364)..id(ES2015c.C.words365)"/>
      <nite:child href="ES2015c.A.words.xml#id(ES2015c.A.words648)..id(ES2015c.A.words659)"/>
      <nite:child href="ES2015c.C.words.xml#id(ES2015c.C.words366)..id(ES2015c.C.words367)"/>
      <nite:child href="ES2015c.B.words.xml#id(ES2015c.B.words1824)..id(ES2015c.B.words1843)"/>
      <nite:child href="ES2015c.A.words.xml#id(ES2015c.A.words660)..id(ES2015c.A.words661)"/>
      <nite:child href="ES2015c.D.words.xml#id(ES2015c.D.words162)..id(ES2015c.D.words180)"/>
      <nite:child href="ES2015c.B.words.xml#id(ES2015c.B.words1844)..id(ES2015c.B.words1845)"/>
      <nite:child href="ES2015c.A.words.xml#id(ES2015c.A.words662)..id(ES2015c.A.words663)"/>
      <nite:child href="ES2015c.C.words.xml#id(ES2015c.C.words368)..id(ES2015c.C.words393)"/>
      <nite:child href="ES2015c.D.words.xml#id(ES2015c.D.words181)..id(ES2015c.D.words192)"/>
      <nite:child href="ES2015c.B.words.xml#id(ES2015c.B.words1846)..id(ES2015c.B.words1847)"/>
      <nite:child href="ES2015c.C.words.xml#id(ES2015c.C.words394)..id(ES2015c.C.words411)"/>
      <nite:child href="ES2015c.A.words.xml#id(ES2015c.A.words664)..id(ES2015c.A.words674)"/>
      <nite:child href="ES2015c.B.words.xml#id(ES2015c.B.words1848)..id(ES2015c.B.words1849)"/>
      <nite:child href="ES2015c.D.words.xml#id(ES2015c.D.words193)..id(ES2015c.D.words194)"/>
      <nite:child href="ES2015c.C.words.xml#id(ES2015c.C.words412)..id(ES2015c.C.words413)"/>
      <nite:child href="ES2015c.D.words.xml#id(ES2015c.D.words195)..id(ES2015c.D.words196)"/>
      <nite:child href="ES2015c.A.words.xml#id(ES2015c.A.words675)..id(ES2015c.A.words676)"/>
      <nite:child href="ES2015c.C.words.xml#id(ES2015c.C.words414)..id(ES2015c.C.words462)"/>
      <nite:child href="ES2015c.A.words.xml#id(ES2015c.A.words677)..id(ES2015c.A.words678)"/>
      <nite:child href="ES2015c.D.words.xml#id(ES2015c.D.words197)..id(ES2015c.D.words198)"/>
      <nite:child href="ES2015c.A.words.xml#id(ES2015c.A.words679)..id(ES2015c.A.words683)"/>
      <nite:child href="ES2015c.C.words.xml#id(ES2015c.C.words463)..id(ES2015c.C.words481)"/>
      <nite:child href="ES2015c.A.words.xml#id(ES2015c.A.words684)..id(ES2015c.A.words691)"/>
      <nite:child href="ES2015c.C.words.xml#id(ES2015c.C.words482)..id(ES2015c.C.words502)"/>
      <nite:child href="ES2015c.A.words.xml#id(ES2015c.A.words692)..id(ES2015c.A.words720)"/>
      <nite:child href="ES2015c.D.words.xml#id(ES2015c.D.words199)..id(ES2015c.D.words200)"/>
      <nite:child href="ES2015c.C.words.xml#id(ES2015c.C.words503)..id(ES2015c.C.words600)"/>
      <nite:child href="ES2015c.A.words.xml#id(ES2015c.A.words721)..id(ES2015c.A.words735)"/>
      <nite:child href="ES2015c.C.words.xml#id(ES2015c.C.words601)..id(ES2015c.C.words602)"/>
      <nite:child href="ES2015c.B.words.xml#id(ES2015c.B.words1850)..id(ES2015c.B.words1852)"/>
      <nite:child href="ES2015c.A.words.xml#id(ES2015c.A.words736)..id(ES2015c.A.words742)"/>
   </decision>
   <decision nite:id="ES2015c.decision.melissa.4">
      <nite:child href="ES2015c.D.words.xml#id(ES2015c.D.words201)..id(ES2015c.D.words257)"/>
      <nite:child href="ES2015c.A.words.xml#id(ES2015c.A.words771)..id(ES2015c.A.words774)"/>
      <nite:child href="ES2015c.C.words.xml#id(ES2015c.C.words727)..id(ES2015c.C.words729)"/>
      <nite:child href="ES2015c.A.words.xml#id(ES2015c.A.words775)..id(ES2015c.A.words782)"/>
      <nite:child href="ES2015c.D.words.xml#id(ES2015c.D.words258)..id(ES2015c.D.words266)"/>
      <nite:child href="ES2015c.A.words.xml#id(ES2015c.A.words783)..id(ES2015c.A.words827)"/>
      <nite:child href="ES2015c.D.words.xml#id(ES2015c.D.words267)..id(ES2015c.D.words277)"/>
      <nite:child href="ES2015c.A.words.xml#id(ES2015c.A.words828)..id(ES2015c.A.words845)"/>
      <nite:child href="ES2015c.D.words.xml#id(ES2015c.D.words278)..id(ES2015c.D.words306)"/>
      <nite:child href="ES2015c.B.words.xml#id(ES2015c.B.words1888)..id(ES2015c.B.words1889)"/>
      <nite:child href="ES2015c.D.words.xml#id(ES2015c.D.words307)..id(ES2015c.D.words320)"/>
      <nite:child href="ES2015c.A.words.xml#id(ES2015c.A.words846)..id(ES2015c.A.words854)"/>
      <nite:child href="ES2015c.B.words.xml#id(ES2015c.B.words1890)..id(ES2015c.B.words1922)"/>
      <nite:child href="ES2015c.D.words.xml#id(ES2015c.D.words321)..id(ES2015c.D.words322)"/>
      <nite:child href="ES2015c.A.words.xml#id(ES2015c.A.words855)..id(ES2015c.A.words856)"/>
      <nite:child href="ES2015c.C.words.xml#id(ES2015c.C.words730)..id(ES2015c.C.words731)"/>
      <nite:child href="ES2015c.D.words.xml#id(ES2015c.D.words323)..id(ES2015c.D.words324)"/>
      <nite:child href="ES2015c.A.words.xml#id(ES2015c.A.words857)..id(ES2015c.A.words876)"/>
      <nite:child href="ES2015c.B.words.xml#id(ES2015c.B.words1923)..id(ES2015c.B.words1926)"/>
      <nite:child href="ES2015c.D.words.xml#id(ES2015c.D.words325)..id(ES2015c.D.words326)"/>
   </decision>
   <decision nite:id="ES2015c.decision.melissa.5">
      <nite:child href="ES2015c.C.words.xml#id(ES2015c.C.words732)..id(ES2015c.C.words805)"/>
      <nite:child href="ES2015c.B.words.xml#id(ES2015c.B.words1935)..id(ES2015c.B.words1937)"/>
      <nite:child href="ES2015c.D.words.xml#id(ES2015c.D.words327)..id(ES2015c.D.words337)"/>
      <nite:child href="ES2015c.A.words.xml#id(ES2015c.A.words877)..id(ES2015c.A.words878)"/>
      <nite:child href="ES2015c.D.words.xml#id(ES2015c.D.words338)..id(ES2015c.D.words339)"/>
      <nite:child href="ES2015c.C.words.xml#id(ES2015c.C.words806)..id(ES2015c.C.words807)"/>
      <nite:child href="ES2015c.A.words.xml#id(ES2015c.A.words879)..id(ES2015c.A.words880)"/>
      <nite:child href="ES2015c.C.words.xml#id(ES2015c.C.words808)..id(ES2015c.C.words830)"/>
      <nite:child href="ES2015c.B.words.xml#id(ES2015c.B.words1938)..id(ES2015c.B.words1939)"/>
      <nite:child href="ES2015c.A.words.xml#id(ES2015c.A.words881)..id(ES2015c.A.words902)"/>
      <nite:child href="ES2015c.C.words.xml#id(ES2015c.C.words831)..id(ES2015c.C.words832)"/>
      <nite:child href="ES2015c.A.words.xml#id(ES2015c.A.words903)..id(ES2015c.A.words966)"/>
      <nite:child href="ES2015c.D.words.xml#id(ES2015c.D.words340)"/>
      <nite:child href="ES2015c.C.words.xml#id(ES2015c.C.words833)..id(ES2015c.C.words836)"/>
      <nite:child href="ES2015c.A.words.xml#id(ES2015c.A.words967)..id(ES2015c.A.words968)"/>
      <nite:child href="ES2015c.B.words.xml#id(ES2015c.B.words1940)..id(ES2015c.B.words2056)"/>
      <nite:child href="ES2015c.A.words.xml#id(ES2015c.A.words969)..id(ES2015c.A.words974)"/>
      <nite:child href="ES2015c.C.words.xml#id(ES2015c.C.words837)..id(ES2015c.C.words838)"/>
      <nite:child href="ES2015c.A.words.xml#id(ES2015c.A.words975)..id(ES2015c.A.words988)"/>
   </decision>
   <decision nite:id="ES2015c.decision.melissa.6">
      <nite:child href="ES2015c.D.words.xml#id(ES2015c.D.words716)..id(ES2015c.D.words749)"/>
   </decision>
   <decision nite:id="ES2015c.decision.melissa.7" recap="true">
      <nite:child href="ES2015c.D.words.xml#id(ES2015c.D.words806)..id(ES2015c.D.words833)"/>
      <nite:child href="ES2015c.A.words.xml#id(ES2015c.A.words1004)..id(ES2015c.A.words1005)"/>
   </decision>
   <decision nite:id="ES2015c.decision.melissa.8" recap="true">
      <nite:child href="ES2015c.A.words.xml#id(ES2015c.A.words1217)..id(ES2015c.A.words1238)"/>
      <nite:child href="ES2015c.B.words.xml#id(ES2015c.B.words2290)..id(ES2015c.B.words2300)"/>
      <nite:child href="ES2015c.C.words.xml#id(ES2015c.C.words888)..id(ES2015c.C.words889)"/>
      <nite:child href="ES2015c.A.words.xml#id(ES2015c.A.words1239)..id(ES2015c.A.words1240)"/>
      <nite:child href="ES2015c.B.words.xml#id(ES2015c.B.words2301)..id(ES2015c.B.words2305)"/>
      <nite:child href="ES2015c.A.words.xml#id(ES2015c.A.words1241)..id(ES2015c.A.words1263)"/>
      <nite:child href="ES2015c.B.words.xml#id(ES2015c.B.words2306)..id(ES2015c.B.words2318)"/>
      <nite:child href="ES2015c.A.words.xml#id(ES2015c.A.words1264)..id(ES2015c.A.words1268)"/>
      <nite:child href="ES2015c.B.words.xml#id(ES2015c.B.words2319)..id(ES2015c.B.words2369)"/>
      <nite:child href="ES2015c.C.words.xml#id(ES2015c.C.words890)"/>
      <nite:child href="ES2015c.A.words.xml#id(ES2015c.A.words1269)..id(ES2015c.A.words1283)"/>
      <nite:child href="ES2015c.D.words.xml#id(ES2015c.D.words1035)..id(ES2015c.D.words1036)"/>
      <nite:child href="ES2015c.A.words.xml#id(ES2015c.A.words1284)..id(ES2015c.A.words1295)"/>
      <nite:child href="ES2015c.B.words.xml#id(ES2015c.B.words2370)..id(ES2015c.B.words2379)"/>
      <nite:child href="ES2015c.C.words.xml#id(ES2015c.C.words891)..id(ES2015c.C.words892)"/>
      <nite:child href="ES2015c.A.words.xml#id(ES2015c.A.words1296)..id(ES2015c.A.words1304)"/>
      <nite:child href="ES2015c.B.words.xml#id(ES2015c.B.words2380)..id(ES2015c.B.words2385)"/>
      <nite:child href="ES2015c.D.words.xml#id(ES2015c.D.words1037)..id(ES2015c.D.words1056)"/>
      <nite:child href="ES2015c.A.words.xml#id(ES2015c.A.words1305)..id(ES2015c.A.words1306)"/>
      <nite:child href="ES2015c.B.words.xml#id(ES2015c.B.words2386)..id(ES2015c.B.words2387)"/>
      <nite:child href="ES2015c.C.words.xml#id(ES2015c.C.words893)..id(ES2015c.C.words896)"/>
   </decision>
   <decision nite:id="ES2015c.decision.melissa.9">
      <nite:child href="ES2015c.A.words.xml#id(ES2015c.A.words1307)..id(ES2015c.A.words1325)"/>
      <nite:child href="ES2015c.B.words.xml#id(ES2015c.B.words2388)..id(ES2015c.B.words2420)"/>
      <nite:child href="ES2015c.A.words.xml#id(ES2015c.A.words1326)..id(ES2015c.A.words1338)"/>
      <nite:child href="ES2015c.B.words.xml#id(ES2015c.B.words2421)..id(ES2015c.B.words2457)"/>
      <nite:child href="ES2015c.C.words.xml#id(ES2015c.C.words897)..id(ES2015c.C.words898)"/>
      <nite:child href="ES2015c.A.words.xml#id(ES2015c.A.words1339)..id(ES2015c.A.words1350)"/>
      <nite:child href="ES2015c.C.words.xml#id(ES2015c.C.words899)..id(ES2015c.C.words904)"/>
      <nite:child href="ES2015c.B.words.xml#id(ES2015c.B.words2458)..id(ES2015c.B.words2464)"/>
      <nite:child href="ES2015c.D.words.xml#id(ES2015c.D.words1057)..id(ES2015c.D.words1058)"/>
      <nite:child href="ES2015c.A.words.xml#id(ES2015c.A.words1351)..id(ES2015c.A.words1369)"/>
      <nite:child href="ES2015c.B.words.xml#id(ES2015c.B.words2465)..id(ES2015c.B.words2495)"/>
      <nite:child href="ES2015c.A.words.xml#id(ES2015c.A.words1370)..id(ES2015c.A.words1382)"/>
      <nite:child href="ES2015c.B.words.xml#id(ES2015c.B.words2496)..id(ES2015c.B.words2498)"/>
      <nite:child href="ES2015c.D.words.xml#id(ES2015c.D.words1059)..id(ES2015c.D.words1065)"/>
      <nite:child href="ES2015c.C.words.xml#id(ES2015c.C.words905)..id(ES2015c.C.words913)"/>
      <nite:child href="ES2015c.B.words.xml#id(ES2015c.B.words2499)..id(ES2015c.B.words2517)"/>
      <nite:child href="ES2015c.D.words.xml#id(ES2015c.D.words1066)..id(ES2015c.D.words1069)"/>
   </decision>
   <decision nite:id="ES2015c.decision.melissa.10" recap="true">
      <nite:child href="ES2015c.A.words.xml#id(ES2015c.A.words1383)..id(ES2015c.A.words1407)"/>
      <nite:child href="ES2015c.B.words.xml#id(ES2015c.B.words2518)..id(ES2015c.B.words2541)"/>
      <nite:child href="ES2015c.C.words.xml#id(ES2015c.C.words914)..id(ES2015c.C.words915)"/>
      <nite:child href="ES2015c.A.words.xml#id(ES2015c.A.words1408)..id(ES2015c.A.words1422)"/>
      <nite:child href="ES2015c.B.words.xml#id(ES2015c.B.words2542)..id(ES2015c.B.words2549)"/>
      <nite:child href="ES2015c.C.words.xml#id(ES2015c.C.words916)..id(ES2015c.C.words920)"/>
      <nite:child href="ES2015c.A.words.xml#id(ES2015c.A.words1423)..id(ES2015c.A.words1425)"/>
      <nite:child href="ES2015c.B.words.xml#id(ES2015c.B.words2550)..id(ES2015c.B.words2560)"/>
   </decision>
   <decision nite:id="ES2015c.decision.melissa.11" recap="true">
      <nite:child href="ES2015c.A.words.xml#id(ES2015c.A.words1426)..id(ES2015c.A.words1433)"/>
   </decision>
   <decision nite:id="ES2015c.decision.melissa.12" recap="true">
      <nite:child href="ES2015c.A.words.xml#id(ES2015c.A.words1434)..id(ES2015c.A.words1444)"/>
      <nite:child href="ES2015c.C.words.xml#id(ES2015c.C.words921)..id(ES2015c.C.words951)"/>
      <nite:child href="ES2015c.B.words.xml#id(ES2015c.B.words2561)..id(ES2015c.B.words2563)"/>
      <nite:child href="ES2015c.D.words.xml#id(ES2015c.D.words1070)..id(ES2015c.D.words1076)"/>
      <nite:child href="ES2015c.B.words.xml#id(ES2015c.B.words2564)..id(ES2015c.B.words2566)"/>
      <nite:child href="ES2015c.A.words.xml#id(ES2015c.A.words1445)..id(ES2015c.A.words1450)"/>
      <nite:child href="ES2015c.D.words.xml#id(ES2015c.D.words1077)..id(ES2015c.D.words1081)"/>
      <nite:child href="ES2015c.C.words.xml#id(ES2015c.C.words952)..id(ES2015c.C.words954)"/>
      <nite:child href="ES2015c.A.words.xml#id(ES2015c.A.words1451)..id(ES2015c.A.words1453)"/>
      <nite:child href="ES2015c.B.words.xml#id(ES2015c.B.words2567)..id(ES2015c.B.words2568)"/>
      <nite:child href="ES2015c.C.words.xml#id(ES2015c.C.words955)..id(ES2015c.C.words960)"/>
      <nite:child href="ES2015c.A.words.xml#id(ES2015c.A.words1454)..id(ES2015c.A.words1461)"/>
      <nite:child href="ES2015c.C.words.xml#id(ES2015c.C.words961)..id(ES2015c.C.words962)"/>
      <nite:child href="ES2015c.A.words.xml#id(ES2015c.A.words1462)..id(ES2015c.A.words1464)"/>
   </decision>
   <decision nite:id="ES2015c.decision.melissa.13">
      <nite:child href="ES2015c.C.words.xml#id(ES2015c.C.words965)..id(ES2015c.C.words977)"/>
      <nite:child href="ES2015c.D.words.xml#id(ES2015c.D.words1083)"/>
      <nite:child href="ES2015c.A.words.xml#id(ES2015c.A.words1475)"/>
      <nite:child href="ES2015c.C.words.xml#id(ES2015c.C.words978)..id(ES2015c.C.words1041)"/>
      <nite:child href="ES2015c.A.words.xml#id(ES2015c.A.words1476)..id(ES2015c.A.words1479)"/>
      <nite:child href="ES2015c.C.words.xml#id(ES2015c.C.words1042)..id(ES2015c.C.words1051)"/>
      <nite:child href="ES2015c.A.words.xml#id(ES2015c.A.words1480)..id(ES2015c.A.words1487)"/>
      <nite:child href="ES2015c.C.words.xml#id(ES2015c.C.words1052)..id(ES2015c.C.words1074)"/>
      <nite:child href="ES2015c.A.words.xml#id(ES2015c.A.words1488)..id(ES2015c.A.words1510)"/>
      <nite:child href="ES2015c.B.words.xml#id(ES2015c.B.words2569)..id(ES2015c.B.words2573)"/>
      <nite:child href="ES2015c.D.words.xml#id(ES2015c.D.words1084)..id(ES2015c.D.words1085)"/>
      <nite:child href="ES2015c.C.words.xml#id(ES2015c.C.words1075)..id(ES2015c.C.words1084)"/>
      <nite:child href="ES2015c.A.words.xml#id(ES2015c.A.words1511)..id(ES2015c.A.words1538)"/>
      <nite:child href="ES2015c.B.words.xml#id(ES2015c.B.words2574)..id(ES2015c.B.words2587)"/>
      <nite:child href="ES2015c.A.words.xml#id(ES2015c.A.words1539)..id(ES2015c.A.words1542)"/>
      <nite:child href="ES2015c.D.words.xml#id(ES2015c.D.words1086)..id(ES2015c.D.words1108)"/>
      <nite:child href="ES2015c.B.words.xml#id(ES2015c.B.words2588)..id(ES2015c.B.words2598)"/>
      <nite:child href="ES2015c.A.words.xml#id(ES2015c.A.words1543)..id(ES2015c.A.words1544)"/>
      <nite:child href="ES2015c.C.words.xml#id(ES2015c.C.words1085)..id(ES2015c.C.words1086)"/>
      <nite:child href="ES2015c.A.words.xml#id(ES2015c.A.words1545)..id(ES2015c.A.words1553)"/>
      <nite:child href="ES2015c.D.words.xml#id(ES2015c.D.words1109)..id(ES2015c.D.words1118)"/>
      <nite:child href="ES2015c.A.words.xml#id(ES2015c.A.words1554)..id(ES2015c.A.words1564)"/>
      <nite:child href="ES2015c.B.words.xml#id(ES2015c.B.words2599)..id(ES2015c.B.words2622)"/>
      <nite:child href="ES2015c.C.words.xml#id(ES2015c.C.words1087)..id(ES2015c.C.words1091)"/>
      <nite:child href="ES2015c.A.words.xml#id(ES2015c.A.words1565)..id(ES2015c.A.words1575)"/>
      <nite:child href="ES2015c.D.words.xml#id(ES2015c.D.words1119)..id(ES2015c.D.words1171)"/>
      <nite:child href="ES2015c.B.words.xml#id(ES2015c.B.words2623)..id(ES2015c.B.words2661)"/>
      <nite:child href="ES2015c.C.words.xml#id(ES2015c.C.words1092)..id(ES2015c.C.words1099)"/>
      <nite:child href="ES2015c.D.words.xml#id(ES2015c.D.words1172)..id(ES2015c.D.words1173)"/>
      <nite:child href="ES2015c.A.words.xml#id(ES2015c.A.words1576)..id(ES2015c.A.words1608)"/>
      <nite:child href="ES2015c.B.words.xml#id(ES2015c.B.words2662)"/>
      <nite:child href="ES2015c.C.words.xml#id(ES2015c.C.words1100)..id(ES2015c.C.words1101)"/>
      <nite:child href="ES2015c.B.words.xml#id(ES2015c.B.words2663)..id(ES2015c.B.words2675)"/>
      <nite:child href="ES2015c.A.words.xml#id(ES2015c.A.words1609)..id(ES2015c.A.words1614)"/>
      <nite:child href="ES2015c.D.words.xml#id(ES2015c.D.words1174)..id(ES2015c.D.words1242)"/>
      <nite:child href="ES2015c.C.words.xml#id(ES2015c.C.words1102)..id(ES2015c.C.words1103)"/>
      <nite:child href="ES2015c.B.words.xml#id(ES2015c.B.words2676)..id(ES2015c.B.words2677)"/>
      <nite:child href="ES2015c.A.words.xml#id(ES2015c.A.words1615)..id(ES2015c.A.words1627)"/>
      <nite:child href="ES2015c.C.words.xml#id(ES2015c.C.words1104)"/>
      <nite:child href="ES2015c.A.words.xml#id(ES2015c.A.words1628)..id(ES2015c.A.words1640)"/>
      <nite:child href="ES2015c.D.words.xml#id(ES2015c.D.words1243)"/>
      <nite:child href="ES2015c.B.words.xml#id(ES2015c.B.words2678)"/>
      <nite:child href="ES2015c.D.words.xml#id(ES2015c.D.words1244)..id(ES2015c.D.words1251)"/>
      <nite:child href="ES2015c.A.words.xml#id(ES2015c.A.words1641)..id(ES2015c.A.words1653)"/>
      <nite:child href="ES2015c.C.words.xml#id(ES2015c.C.words1105)..id(ES2015c.C.words1125)"/>
      <nite:child href="ES2015c.D.words.xml#id(ES2015c.D.words1252)..id(ES2015c.D.words1253)"/>
      <nite:child href="ES2015c.C.words.xml#id(ES2015c.C.words1126)..id(ES2015c.C.words1129)"/>
      <nite:child href="ES2015c.A.words.xml#id(ES2015c.A.words1654)..id(ES2015c.A.words1701)"/>
      <nite:child href="ES2015c.C.words.xml#id(ES2015c.C.words1130)..id(ES2015c.C.words1132)"/>
      <nite:child href="ES2015c.D.words.xml#id(ES2015c.D.words1254)..id(ES2015c.D.words1301)"/>
      <nite:child href="ES2015c.B.words.xml#id(ES2015c.B.words2679)..id(ES2015c.B.words2680)"/>
      <nite:child href="ES2015c.C.words.xml#id(ES2015c.C.words1133)..id(ES2015c.C.words1134)"/>
      <nite:child href="ES2015c.B.words.xml#id(ES2015c.B.words2681)..id(ES2015c.B.words2710)"/>
      <nite:child href="ES2015c.C.words.xml#id(ES2015c.C.words1135)..id(ES2015c.C.words1141)"/>
      <nite:child href="ES2015c.A.words.xml#id(ES2015c.A.words1702)..id(ES2015c.A.words1703)"/>
      <nite:child href="ES2015c.D.words.xml#id(ES2015c.D.words1302)..id(ES2015c.D.words1303)"/>
      <nite:child href="ES2015c.C.words.xml#id(ES2015c.C.words1142)..id(ES2015c.C.words1144)"/>
      <nite:child href="ES2015c.A.words.xml#id(ES2015c.A.words1704)..id(ES2015c.A.words1705)"/>
      <nite:child href="ES2015c.D.words.xml#id(ES2015c.D.words1304)..id(ES2015c.D.words1305)"/>
      <nite:child href="ES2015c.A.words.xml#id(ES2015c.A.words1706)..id(ES2015c.A.words1707)"/>
      <nite:child href="ES2015c.C.words.xml#id(ES2015c.C.words1145)..id(ES2015c.C.words1146)"/>
      <nite:child href="ES2015c.A.words.xml#id(ES2015c.A.words1708)..id(ES2015c.A.words1709)"/>
   </decision>
</nite:root>