<?xml version="1.0" encoding="ISO-8859-1" standalone="yes"?>
<nite:root nite:id="ES2010c.decision" xmlns:nite="http://nite.sourceforge.net/">
   <decision nite:id="ES2010c.decision.melissa.1">
      <nite:child href="ES2010c.C.words.xml#id(ES2010c.C.words1053)..id(ES2010c.C.words1102)"/>
      <nite:child href="ES2010c.D.words.xml#id(ES2010c.D.words737)..id(ES2010c.D.words764)"/>
      <nite:child href="ES2010c.C.words.xml#id(ES2010c.C.words1103)..id(ES2010c.C.words1109)"/>
      <nite:child href="ES2010c.D.words.xml#id(ES2010c.D.words765)..id(ES2010c.D.words783)"/>
      <nite:child href="ES2010c.B.words.xml#id(ES2010c.B.words899)..id(ES2010c.B.words901)"/>
      <nite:child href="ES2010c.D.words.xml#id(ES2010c.D.words784)..id(ES2010c.D.words797)"/>
      <nite:child href="ES2010c.C.words.xml#id(ES2010c.C.words1110)..id(ES2010c.C.words1111)"/>
      <nite:child href="ES2010c.B.words.xml#id(ES2010c.B.words902)..id(ES2010c.B.words922)"/>
      <nite:child href="ES2010c.D.words.xml#id(ES2010c.D.words798)..id(ES2010c.D.words799)"/>
      <nite:child href="ES2010c.C.words.xml#id(ES2010c.C.words1112)..id(ES2010c.C.words1139)"/>
      <nite:child href="ES2010c.D.words.xml#id(ES2010c.D.words800)..id(ES2010c.D.words807)"/>
      <nite:child href="ES2010c.C.words.xml#id(ES2010c.C.words1140)..id(ES2010c.C.words1167)"/>
      <nite:child href="ES2010c.D.words.xml#id(ES2010c.D.words808)..id(ES2010c.D.words809)"/>
      <nite:child href="ES2010c.B.words.xml#id(ES2010c.B.words923)..id(ES2010c.B.words951)"/>
      <nite:child href="ES2010c.A.words.xml#id(ES2010c.A.words489)..id(ES2010c.A.words506)"/>
      <nite:child href="ES2010c.D.words.xml#id(ES2010c.D.words810)..id(ES2010c.D.words811)"/>
      <nite:child href="ES2010c.C.words.xml#id(ES2010c.C.words1168)..id(ES2010c.C.words1170)"/>
      <nite:child href="ES2010c.D.words.xml#id(ES2010c.D.words812)..id(ES2010c.D.words817)"/>
      <nite:child href="ES2010c.A.words.xml#id(ES2010c.A.words507)..id(ES2010c.A.words528)"/>
      <nite:child href="ES2010c.C.words.xml#id(ES2010c.C.words1171)..id(ES2010c.C.words1172)"/>
      <nite:child href="ES2010c.B.words.xml#id(ES2010c.B.words952)..id(ES2010c.B.words954)"/>
      <nite:child href="ES2010c.D.words.xml#id(ES2010c.D.words818)..id(ES2010c.D.words839)"/>
      <nite:child href="ES2010c.A.words.xml#id(ES2010c.A.words529)..id(ES2010c.A.words542)"/>
      <nite:child href="ES2010c.B.words.xml#id(ES2010c.B.words955)..id(ES2010c.B.words956)"/>
      <nite:child href="ES2010c.C.words.xml#id(ES2010c.C.words1173)..id(ES2010c.C.words1181)"/>
      <nite:child href="ES2010c.A.words.xml#id(ES2010c.A.words543)..id(ES2010c.A.words554)"/>
      <nite:child href="ES2010c.D.words.xml#id(ES2010c.D.words840)..id(ES2010c.D.words841)"/>
      <nite:child href="ES2010c.B.words.xml#id(ES2010c.B.words957)..id(ES2010c.B.words959)"/>
      <nite:child href="ES2010c.D.words.xml#id(ES2010c.D.words842)..id(ES2010c.D.words865)"/>
      <nite:child href="ES2010c.C.words.xml#id(ES2010c.C.words1182)..id(ES2010c.C.words1192)"/>
      <nite:child href="ES2010c.A.words.xml#id(ES2010c.A.words555)..id(ES2010c.A.words556)"/>
   </decision>
   <decision nite:id="ES2010c.decision.melissa.2">
      <nite:child href="ES2010c.A.words.xml#id(ES2010c.A.words561)..id(ES2010c.A.words576)"/>
      <nite:child href="ES2010c.B.words.xml#id(ES2010c.B.words997)..id(ES2010c.B.words1016)"/>
      <nite:child href="ES2010c.D.words.xml#id(ES2010c.D.words887)..id(ES2010c.D.words889)"/>
      <nite:child href="ES2010c.A.words.xml#id(ES2010c.A.words577)..id(ES2010c.A.words589)"/>
      <nite:child href="ES2010c.C.words.xml#id(ES2010c.C.words1211)..id(ES2010c.C.words1234)"/>
      <nite:child href="ES2010c.D.words.xml#id(ES2010c.D.words890)..id(ES2010c.D.words909)"/>
      <nite:child href="ES2010c.A.words.xml#id(ES2010c.A.words590)..id(ES2010c.A.words596)"/>
      <nite:child href="ES2010c.B.words.xml#id(ES2010c.B.words1017)..id(ES2010c.B.words1061)"/>
      <nite:child href="ES2010c.D.words.xml#id(ES2010c.D.words910)..id(ES2010c.D.words911)"/>
      <nite:child href="ES2010c.C.words.xml#id(ES2010c.C.words1235)..id(ES2010c.C.words1242)"/>
      <nite:child href="ES2010c.A.words.xml#id(ES2010c.A.words597)..id(ES2010c.A.words598)"/>
      <nite:child href="ES2010c.C.words.xml#id(ES2010c.C.words1243)..id(ES2010c.C.words1248)"/>
      <nite:child href="ES2010c.D.words.xml#id(ES2010c.D.words912)..id(ES2010c.D.words931)"/>
      <nite:child href="ES2010c.C.words.xml#id(ES2010c.C.words1249)..id(ES2010c.C.words1254)"/>
      <nite:child href="ES2010c.B.words.xml#id(ES2010c.B.words1062)..id(ES2010c.B.words1067)"/>
      <nite:child href="ES2010c.A.words.xml#id(ES2010c.A.words599)..id(ES2010c.A.words629)"/>
      <nite:child href="ES2010c.C.words.xml#id(ES2010c.C.words1255)..id(ES2010c.C.words1257)"/>
      <nite:child href="ES2010c.B.words.xml#id(ES2010c.B.words1068)..id(ES2010c.B.words1069)"/>
      <nite:child href="ES2010c.C.words.xml#id(ES2010c.C.words1258)"/>
      <nite:child href="ES2010c.A.words.xml#id(ES2010c.A.words630)..id(ES2010c.A.words652)"/>
      <nite:child href="ES2010c.B.words.xml#id(ES2010c.B.words1070)..id(ES2010c.B.words1074)"/>
      <nite:child href="ES2010c.D.words.xml#id(ES2010c.D.words932)..id(ES2010c.D.words934)"/>
   </decision>
   <decision nite:id="ES2010c.decision.melissa.3">
      <nite:child href="ES2010c.A.words.xml#id(ES2010c.A.words653)..id(ES2010c.A.words669)"/>
      <nite:child href="ES2010c.B.words.xml#id(ES2010c.B.words1075)..id(ES2010c.B.words1172)"/>
      <nite:child href="ES2010c.A.words.xml#id(ES2010c.A.words670)..id(ES2010c.A.words672)"/>
      <nite:child href="ES2010c.D.words.xml#id(ES2010c.D.words935)..id(ES2010c.D.words936)"/>
      <nite:child href="ES2010c.A.words.xml#id(ES2010c.A.words673)..id(ES2010c.A.words676)"/>
      <nite:child href="ES2010c.C.words.xml#id(ES2010c.C.words1259)"/>
      <nite:child href="ES2010c.D.words.xml#id(ES2010c.D.words937)..id(ES2010c.D.words941)"/>
      <nite:child href="ES2010c.A.words.xml#id(ES2010c.A.words677)..id(ES2010c.A.words678)"/>
      <nite:child href="ES2010c.C.words.xml#id(ES2010c.C.words1260)..id(ES2010c.C.words1291)"/>
      <nite:child href="ES2010c.D.words.xml#id(ES2010c.D.words942)..id(ES2010c.D.words950)"/>
      <nite:child href="ES2010c.A.words.xml#id(ES2010c.A.words679)..id(ES2010c.A.words685)"/>
      <nite:child href="ES2010c.B.words.xml#id(ES2010c.B.words1173)..id(ES2010c.B.words1207)"/>
      <nite:child href="ES2010c.C.words.xml#id(ES2010c.C.words1292)..id(ES2010c.C.words1293)"/>
      <nite:child href="ES2010c.A.words.xml#id(ES2010c.A.words686)..id(ES2010c.A.words703)"/>
      <nite:child href="ES2010c.D.words.xml#id(ES2010c.D.words951)..id(ES2010c.D.words952)"/>
      <nite:child href="ES2010c.C.words.xml#id(ES2010c.C.words1294)..id(ES2010c.C.words1302)"/>
      <nite:child href="ES2010c.D.words.xml#id(ES2010c.D.words953)..id(ES2010c.D.words955)"/>
      <nite:child href="ES2010c.A.words.xml#id(ES2010c.A.words704)..id(ES2010c.A.words707)"/>
      <nite:child href="ES2010c.D.words.xml#id(ES2010c.D.words956)..id(ES2010c.D.words982)"/>
      <nite:child href="ES2010c.A.words.xml#id(ES2010c.A.words708)..id(ES2010c.A.words711)"/>
   </decision>
   <decision nite:id="ES2010c.decision.melissa.4">
      <nite:child href="ES2010c.B.words.xml#id(ES2010c.B.words1208)..id(ES2010c.B.words1219)"/>
      <nite:child href="ES2010c.C.words.xml#id(ES2010c.C.words1303)..id(ES2010c.C.words1304)"/>
      <nite:child href="ES2010c.A.words.xml#id(ES2010c.A.words726)..id(ES2010c.A.words756)"/>
      <nite:child href="ES2010c.C.words.xml#id(ES2010c.C.words1305)..id(ES2010c.C.words1309)"/>
      <nite:child href="ES2010c.D.words.xml#id(ES2010c.D.words983)..id(ES2010c.D.words1009)"/>
      <nite:child href="ES2010c.A.words.xml#id(ES2010c.A.words757)..id(ES2010c.A.words758)"/>
      <nite:child href="ES2010c.D.words.xml#id(ES2010c.D.words1010)..id(ES2010c.D.words1026)"/>
      <nite:child href="ES2010c.A.words.xml#id(ES2010c.A.words759)..id(ES2010c.A.words760)"/>
      <nite:child href="ES2010c.D.words.xml#id(ES2010c.D.words1027)..id(ES2010c.D.words1029)"/>
      <nite:child href="ES2010c.B.words.xml#id(ES2010c.B.words1220)..id(ES2010c.B.words1235)"/>
      <nite:child href="ES2010c.D.words.xml#id(ES2010c.D.words1030)..id(ES2010c.D.words1064)"/>
      <nite:child href="ES2010c.A.words.xml#id(ES2010c.A.words761)"/>
      <nite:child href="ES2010c.C.words.xml#id(ES2010c.C.words1310)..id(ES2010c.C.words1372)"/>
      <nite:child href="ES2010c.B.words.xml#id(ES2010c.B.words1236)..id(ES2010c.B.words1244)"/>
      <nite:child href="ES2010c.A.words.xml#id(ES2010c.A.words762)..id(ES2010c.A.words764)"/>
      <nite:child href="ES2010c.D.words.xml#id(ES2010c.D.words1065)..id(ES2010c.D.words1069)"/>
      <nite:child href="ES2010c.A.words.xml#id(ES2010c.A.words765)..id(ES2010c.A.words766)"/>
      <nite:child href="ES2010c.D.words.xml#id(ES2010c.D.words1070)..id(ES2010c.D.words1076)"/>
      <nite:child href="ES2010c.B.words.xml#id(ES2010c.B.words1245)..id(ES2010c.B.words1254)"/>
      <nite:child href="ES2010c.A.words.xml#id(ES2010c.A.words767)..id(ES2010c.A.words802)"/>
      <nite:child href="ES2010c.D.words.xml#id(ES2010c.D.words1077)..id(ES2010c.D.words1091)"/>
      <nite:child href="ES2010c.C.words.xml#id(ES2010c.C.words1373)..id(ES2010c.C.words1376)"/>
      <nite:child href="ES2010c.B.words.xml#id(ES2010c.B.words1255)..id(ES2010c.B.words1256)"/>
      <nite:child href="ES2010c.C.words.xml#id(ES2010c.C.words1377)..id(ES2010c.C.words1380)"/>
   </decision>
   <decision nite:id="ES2010c.decision.melissa.5">
      <nite:child href="ES2010c.C.words.xml#id(ES2010c.C.words1522)..id(ES2010c.C.words1525)"/>
      <nite:child href="ES2010c.A.words.xml#id(ES2010c.A.words967)..id(ES2010c.A.words974)"/>
      <nite:child href="ES2010c.B.words.xml#id(ES2010c.B.words1509)..id(ES2010c.B.words1546)"/>
      <nite:child href="ES2010c.C.words.xml#id(ES2010c.C.words1526)..id(ES2010c.C.words1544)"/>
      <nite:child href="ES2010c.D.words.xml#id(ES2010c.D.words1284)..id(ES2010c.D.words1285)"/>
      <nite:child href="ES2010c.C.words.xml#id(ES2010c.C.words1545)..id(ES2010c.C.words1552)"/>
      <nite:child href="ES2010c.A.words.xml#id(ES2010c.A.words975)..id(ES2010c.A.words1036)"/>
      <nite:child href="ES2010c.C.words.xml#id(ES2010c.C.words1553)..id(ES2010c.C.words1555)"/>
      <nite:child href="ES2010c.A.words.xml#id(ES2010c.A.words1037)..id(ES2010c.A.words1053)"/>
      <nite:child href="ES2010c.B.words.xml#id(ES2010c.B.words1547)..id(ES2010c.B.words1578)"/>
      <nite:child href="ES2010c.A.words.xml#id(ES2010c.A.words1054)..id(ES2010c.A.words1136)"/>
      <nite:child href="ES2010c.C.words.xml#id(ES2010c.C.words1556)..id(ES2010c.C.words1559)"/>
      <nite:child href="ES2010c.B.words.xml#id(ES2010c.B.words1579)..id(ES2010c.B.words1584)"/>
      <nite:child href="ES2010c.D.words.xml#id(ES2010c.D.words1286)..id(ES2010c.D.words1303)"/>
      <nite:child href="ES2010c.A.words.xml#id(ES2010c.A.words1137)..id(ES2010c.A.words1151)"/>
      <nite:child href="ES2010c.C.words.xml#id(ES2010c.C.words1560)..id(ES2010c.C.words1572)"/>
      <nite:child href="ES2010c.A.words.xml#id(ES2010c.A.words1152)..id(ES2010c.A.words1153)"/>
      <nite:child href="ES2010c.B.words.xml#id(ES2010c.B.words1585)..id(ES2010c.B.words1589)"/>
      <nite:child href="ES2010c.C.words.xml#id(ES2010c.C.words1573)..id(ES2010c.C.words1599)"/>
      <nite:child href="ES2010c.D.words.xml#id(ES2010c.D.words1304)..id(ES2010c.D.words1309)"/>
      <nite:child href="ES2010c.A.words.xml#id(ES2010c.A.words1154)..id(ES2010c.A.words1155)"/>
      <nite:child href="ES2010c.C.words.xml#id(ES2010c.C.words1600)..id(ES2010c.C.words1626)"/>
      <nite:child href="ES2010c.A.words.xml#id(ES2010c.A.words1156)..id(ES2010c.A.words1157)"/>
      <nite:child href="ES2010c.D.words.xml#id(ES2010c.D.words1310)..id(ES2010c.D.words1311)"/>
      <nite:child href="ES2010c.B.words.xml#id(ES2010c.B.words1590)..id(ES2010c.B.words1606)"/>
      <nite:child href="ES2010c.C.words.xml#id(ES2010c.C.words1627)"/>
      <nite:child href="ES2010c.D.words.xml#id(ES2010c.D.words1312)..id(ES2010c.D.words1326)"/>
      <nite:child href="ES2010c.A.words.xml#id(ES2010c.A.words1158)..id(ES2010c.A.words1196)"/>
      <nite:child href="ES2010c.C.words.xml#id(ES2010c.C.words1628)..id(ES2010c.C.words1665)"/>
      <nite:child href="ES2010c.A.words.xml#id(ES2010c.A.words1197)..id(ES2010c.A.words1202)"/>
      <nite:child href="ES2010c.C.words.xml#id(ES2010c.C.words1666)..id(ES2010c.C.words1675)"/>
      <nite:child href="ES2010c.A.words.xml#id(ES2010c.A.words1203)..id(ES2010c.A.words1211)"/>
      <nite:child href="ES2010c.C.words.xml#id(ES2010c.C.words1676)..id(ES2010c.C.words1679)"/>
      <nite:child href="ES2010c.A.words.xml#id(ES2010c.A.words1212)..id(ES2010c.A.words1231)"/>
      <nite:child href="ES2010c.C.words.xml#id(ES2010c.C.words1680)..id(ES2010c.C.words1764)"/>
      <nite:child href="ES2010c.A.words.xml#id(ES2010c.A.words1232)..id(ES2010c.A.words1238)"/>
      <nite:child href="ES2010c.C.words.xml#id(ES2010c.C.words1765)..id(ES2010c.C.words1800)"/>
      <nite:child href="ES2010c.A.words.xml#id(ES2010c.A.words1239)..id(ES2010c.A.words1240)"/>
      <nite:child href="ES2010c.B.words.xml#id(ES2010c.B.words1607)..id(ES2010c.B.words1656)"/>
      <nite:child href="ES2010c.C.words.xml#id(ES2010c.C.words1801)..id(ES2010c.C.words1808)"/>
      <nite:child href="ES2010c.A.words.xml#id(ES2010c.A.words1241)..id(ES2010c.A.words1247)"/>
      <nite:child href="ES2010c.B.words.xml#id(ES2010c.B.words1657)..id(ES2010c.B.words1658)"/>
      <nite:child href="ES2010c.C.words.xml#id(ES2010c.C.words1809)..id(ES2010c.C.words1831)"/>
      <nite:child href="ES2010c.A.words.xml#id(ES2010c.A.words1248)..id(ES2010c.A.words1249)"/>
      <nite:child href="ES2010c.D.words.xml#id(ES2010c.D.words1327)..id(ES2010c.D.words1328)"/>
      <nite:child href="ES2010c.C.words.xml#id(ES2010c.C.words1832)..id(ES2010c.C.words1847)"/>
      <nite:child href="ES2010c.D.words.xml#id(ES2010c.D.words1329)..id(ES2010c.D.words1333)"/>
      <nite:child href="ES2010c.A.words.xml#id(ES2010c.A.words1250)..id(ES2010c.A.words1259)"/>
      <nite:child href="ES2010c.D.words.xml#id(ES2010c.D.words1334)..id(ES2010c.D.words1441)"/>
      <nite:child href="ES2010c.A.words.xml#id(ES2010c.A.words1260)..id(ES2010c.A.words1263)"/>
      <nite:child href="ES2010c.C.words.xml#id(ES2010c.C.words1848)..id(ES2010c.C.words1849)"/>
      <nite:child href="ES2010c.A.words.xml#id(ES2010c.A.words1264)..id(ES2010c.A.words1270)"/>
      <nite:child href="ES2010c.C.words.xml#id(ES2010c.C.words1850)..id(ES2010c.C.words1851)"/>
      <nite:child href="ES2010c.A.words.xml#id(ES2010c.A.words1271)..id(ES2010c.A.words1274)"/>
      <nite:child href="ES2010c.C.words.xml#id(ES2010c.C.words1852)..id(ES2010c.C.words1856)"/>
      <nite:child href="ES2010c.A.words.xml#id(ES2010c.A.words1275)..id(ES2010c.A.words1284)"/>
      <nite:child href="ES2010c.D.words.xml#id(ES2010c.D.words1442)..id(ES2010c.D.words1443)"/>
      <nite:child href="ES2010c.A.words.xml#id(ES2010c.A.words1285)..id(ES2010c.A.words1286)"/>
   </decision>
</nite:root>