<?xml version="1.0" encoding="ISO-8859-1" standalone="yes"?>
<nite:root nite:id="IS1003b.decision" xmlns:nite="http://nite.sourceforge.net/">
   <decision nite:id="IS1003b.decision.melissa.1">
      <nite:child href="IS1003b.A.words.xml#id(IS1003b.A.words692)..id(IS1003b.A.words763)"/>
      <nite:child href="IS1003b.C.words.xml#id(IS1003b.C.words593)..id(IS1003b.C.words594)"/>
      <nite:child href="IS1003b.B.words.xml#id(IS1003b.B.words984)..id(IS1003b.B.words985)"/>
      <nite:child href="IS1003b.D.words.xml#id(IS1003b.D.words369)..id(IS1003b.D.words370)"/>
      <nite:child href="IS1003b.B.words.xml#id(IS1003b.B.words986)..id(IS1003b.B.words987)"/>
      <nite:child href="IS1003b.A.words.xml#id(IS1003b.A.words764)..id(IS1003b.A.words765)"/>
      <nite:child href="IS1003b.C.words.xml#id(IS1003b.C.words595)..id(IS1003b.C.words597)"/>
   </decision>
   <decision nite:id="IS1003b.decision.melissa.2" external="true">
      <nite:child href="IS1003b.C.words.xml#id(IS1003b.C.words925)..id(IS1003b.C.words929)"/>
      <nite:child href="IS1003b.A.words.xml#id(IS1003b.A.words875)..id(IS1003b.A.words876)"/>
      <nite:child href="IS1003b.C.words.xml#id(IS1003b.C.words930)..id(IS1003b.C.words988)"/>
      <nite:child href="IS1003b.D.words.xml#id(IS1003b.D.words681)..id(IS1003b.D.words682)"/>
      <nite:child href="IS1003b.C.words.xml#id(IS1003b.C.words989)..id(IS1003b.C.words992)"/>
      <nite:child href="IS1003b.A.words.xml#id(IS1003b.A.words877)..id(IS1003b.A.words880)"/>
      <nite:child href="IS1003b.C.words.xml#id(IS1003b.C.words993)..id(IS1003b.C.words1012)"/>
      <nite:child href="IS1003b.D.words.xml#id(IS1003b.D.words683)..id(IS1003b.D.words686)"/>
      <nite:child href="IS1003b.C.words.xml#id(IS1003b.C.words1013)..id(IS1003b.C.words1032)"/>
   </decision>
   <decision nite:id="IS1003b.decision.melissa.3" external="true">
      <nite:child href="IS1003b.C.words.xml#id(IS1003b.C.words1033)..id(IS1003b.C.words1045)"/>
      <nite:child href="IS1003b.B.words.xml#id(IS1003b.B.words1063)..id(IS1003b.B.words1064)"/>
      <nite:child href="IS1003b.C.words.xml#id(IS1003b.C.words1046)..id(IS1003b.C.words1094)"/>
      <nite:child href="IS1003b.D.words.xml#id(IS1003b.D.words687)..id(IS1003b.D.words691)"/>
      <nite:child href="IS1003b.A.words.xml#id(IS1003b.A.words881)"/>
      <nite:child href="IS1003b.C.words.xml#id(IS1003b.C.words1095)..id(IS1003b.C.words1098)"/>
      <nite:child href="IS1003b.D.words.xml#id(IS1003b.D.words692)..id(IS1003b.D.words693)"/>
      <nite:child href="IS1003b.C.words.xml#id(IS1003b.C.words1099)..id(IS1003b.C.words1155)"/>
      <nite:child href="IS1003b.D.words.xml#id(IS1003b.D.words694)..id(IS1003b.D.words704)"/>
   </decision>
   <decision nite:id="IS1003b.decision.melissa.4" external="true">
      <nite:child href="IS1003b.C.words.xml#id(IS1003b.C.words1176)..id(IS1003b.C.words1239)"/>
      <nite:child href="IS1003b.D.words.xml#id(IS1003b.D.words705)..id(IS1003b.D.words710)"/>
      <nite:child href="IS1003b.A.words.xml#id(IS1003b.A.words882)..id(IS1003b.A.words883)"/>
      <nite:child href="IS1003b.D.words.xml#id(IS1003b.D.words711)..id(IS1003b.D.words712)"/>
      <nite:child href="IS1003b.A.words.xml#id(IS1003b.A.words884)..id(IS1003b.A.words885)"/>
      <nite:child href="IS1003b.C.words.xml#id(IS1003b.C.words1240)..id(IS1003b.C.words1255)"/>
      <nite:child href="IS1003b.D.words.xml#id(IS1003b.D.words713)..id(IS1003b.D.words714)"/>
      <nite:child href="IS1003b.C.words.xml#id(IS1003b.C.words1256)..id(IS1003b.C.words1261)"/>
      <nite:child href="IS1003b.D.words.xml#id(IS1003b.D.words715)..id(IS1003b.D.words716)"/>
      <nite:child href="IS1003b.B.words.xml#id(IS1003b.B.words1065)..id(IS1003b.B.words1066)"/>
      <nite:child href="IS1003b.C.words.xml#id(IS1003b.C.words1262)..id(IS1003b.C.words1265)"/>
      <nite:child href="IS1003b.A.words.xml#id(IS1003b.A.words886)..id(IS1003b.A.words891)"/>
      <nite:child href="IS1003b.C.words.xml#id(IS1003b.C.words1266)..id(IS1003b.C.words1267)"/>
   </decision>
   <decision nite:id="IS1003b.decision.melissa.5" external="true">
      <nite:child href="IS1003b.C.words.xml#id(IS1003b.C.words1268)..id(IS1003b.C.words1298)"/>
      <nite:child href="IS1003b.B.words.xml#id(IS1003b.B.words1067)..id(IS1003b.B.words1068)"/>
      <nite:child href="IS1003b.D.words.xml#id(IS1003b.D.words717)..id(IS1003b.D.words720)"/>
   </decision>
</nite:root>