<?xml version="1.0" encoding="ISO-8859-1" standalone="yes"?>
<nite:root nite:id="IS1001b.decision" xmlns:nite="http://nite.sourceforge.net/">
   <decision nite:id="IS1001b.decision.melissa.4">
      <nite:child href="IS1001b.B.words.xml#id(IS1001b.B.words739)..id(IS1001b.B.words755)"/>
      <nite:child href="IS1001b.D.words.xml#id(IS1001b.D.words783)"/>
      <nite:child href="IS1001b.C.words.xml#id(IS1001b.C.words533)..id(IS1001b.C.words536)"/>
      <nite:child href="IS1001b.A.words.xml#id(IS1001b.A.words874)..id(IS1001b.A.words891)"/>
      <nite:child href="IS1001b.B.words.xml#id(IS1001b.B.words756)..id(IS1001b.B.words759)"/>
      <nite:child href="IS1001b.C.words.xml#id(IS1001b.C.words537)..id(IS1001b.C.words554)"/>
      <nite:child href="IS1001b.A.words.xml#id(IS1001b.A.words892)..id(IS1001b.A.words893)"/>
      <nite:child href="IS1001b.B.words.xml#id(IS1001b.B.words760)"/>
      <nite:child href="IS1001b.A.words.xml#id(IS1001b.A.words894)..id(IS1001b.A.words903)"/>
      <nite:child href="IS1001b.C.words.xml#id(IS1001b.C.words555)..id(IS1001b.C.words561)"/>
      <nite:child href="IS1001b.A.words.xml#id(IS1001b.A.words904)..id(IS1001b.A.words920)"/>
      <nite:child href="IS1001b.C.words.xml#id(IS1001b.C.words562)..id(IS1001b.C.words584)"/>
      <nite:child href="IS1001b.A.words.xml#id(IS1001b.A.words921)..id(IS1001b.A.words947)"/>
      <nite:child href="IS1001b.B.words.xml#id(IS1001b.B.words761)..id(IS1001b.B.words768)"/>
      <nite:child href="IS1001b.A.words.xml#id(IS1001b.A.words948)..id(IS1001b.A.words952)"/>
      <nite:child href="IS1001b.C.words.xml#id(IS1001b.C.words585)..id(IS1001b.C.words592)"/>
      <nite:child href="IS1001b.B.words.xml#id(IS1001b.B.words769)..id(IS1001b.B.words775)"/>
   </decision>
   <decision nite:id="IS1001b.decision.melissa.1">
      <nite:child href="IS1001b.C.words.xml#id(IS1001b.C.words812)..id(IS1001b.C.words831)"/>
      <nite:child href="IS1001b.D.words.xml#id(IS1001b.D.words852)..id(IS1001b.D.words853)"/>
      <nite:child href="IS1001b.A.words.xml#id(IS1001b.A.words1629)..id(IS1001b.A.words1630)"/>
      <nite:child href="IS1001b.B.words.xml#id(IS1001b.B.words1201)"/>
      <nite:child href="IS1001b.C.words.xml#id(IS1001b.C.words832)..id(IS1001b.C.words880)"/>
      <nite:child href="IS1001b.B.words.xml#id(IS1001b.B.words1202)..id(IS1001b.B.words1207)"/>
      <nite:child href="IS1001b.A.words.xml#id(IS1001b.A.words1631)..id(IS1001b.A.words1680)"/>
      <nite:child href="IS1001b.C.words.xml#id(IS1001b.C.words881)..id(IS1001b.C.words887)"/>
      <nite:child href="IS1001b.B.words.xml#id(IS1001b.B.words1208)..id(IS1001b.B.words1217)"/>
      <nite:child href="IS1001b.A.words.xml#id(IS1001b.A.words1681)..id(IS1001b.A.words1690)"/>
      <nite:child href="IS1001b.B.words.xml#id(IS1001b.B.words1218)..id(IS1001b.B.words1238)"/>
      <nite:child href="IS1001b.A.words.xml#id(IS1001b.A.words1691)..id(IS1001b.A.words1701)"/>
      <nite:child href="IS1001b.C.words.xml#id(IS1001b.C.words888)"/>
      <nite:child href="IS1001b.B.words.xml#id(IS1001b.B.words1239)..id(IS1001b.B.words1240)"/>
      <nite:child href="IS1001b.C.words.xml#id(IS1001b.C.words889)..id(IS1001b.C.words919)"/>
      <nite:child href="IS1001b.A.words.xml#id(IS1001b.A.words1702)..id(IS1001b.A.words1705)"/>
      <nite:child href="IS1001b.C.words.xml#id(IS1001b.C.words920)..id(IS1001b.C.words926)"/>
      <nite:child href="IS1001b.A.words.xml#id(IS1001b.A.words1706)..id(IS1001b.A.words1707)"/>
      <nite:child href="IS1001b.B.words.xml#id(IS1001b.B.words1241)..id(IS1001b.B.words1291)"/>
      <nite:child href="IS1001b.D.words.xml#id(IS1001b.D.words854)"/>
      <nite:child href="IS1001b.C.words.xml#id(IS1001b.C.words927)..id(IS1001b.C.words928)"/>
      <nite:child href="IS1001b.B.words.xml#id(IS1001b.B.words1292)..id(IS1001b.B.words1310)"/>
      <nite:child href="IS1001b.A.words.xml#id(IS1001b.A.words1708)..id(IS1001b.A.words1716)"/>
      <nite:child href="IS1001b.B.words.xml#id(IS1001b.B.words1311)..id(IS1001b.B.words1329)"/>
      <nite:child href="IS1001b.A.words.xml#id(IS1001b.A.words1717)"/>
      <nite:child href="IS1001b.C.words.xml#id(IS1001b.C.words929)"/>
      <nite:child href="IS1001b.A.words.xml#id(IS1001b.A.words1718)..id(IS1001b.A.words1740)"/>
      <nite:child href="IS1001b.B.words.xml#id(IS1001b.B.words1330)..id(IS1001b.B.words1364)"/>
      <nite:child href="IS1001b.A.words.xml#id(IS1001b.A.words1741)..id(IS1001b.A.words1808)"/>
      <nite:child href="IS1001b.C.words.xml#id(IS1001b.C.words930)..id(IS1001b.C.words931)"/>
      <nite:child href="IS1001b.B.words.xml#id(IS1001b.B.words1365)..id(IS1001b.B.words1369)"/>
      <nite:child href="IS1001b.C.words.xml#id(IS1001b.C.words932)..id(IS1001b.C.words933)"/>
      <nite:child href="IS1001b.B.words.xml#id(IS1001b.B.words1370)..id(IS1001b.B.words1388)"/>
      <nite:child href="IS1001b.A.words.xml#id(IS1001b.A.words1809)..id(IS1001b.A.words1810)"/>
      <nite:child href="IS1001b.C.words.xml#id(IS1001b.C.words934)..id(IS1001b.C.words965)"/>
      <nite:child href="IS1001b.B.words.xml#id(IS1001b.B.words1389)..id(IS1001b.B.words1390)"/>
      <nite:child href="IS1001b.D.words.xml#id(IS1001b.D.words855)"/>
      <nite:child href="IS1001b.B.words.xml#id(IS1001b.B.words1391)..id(IS1001b.B.words1392)"/>
      <nite:child href="IS1001b.A.words.xml#id(IS1001b.A.words1811)..id(IS1001b.A.words1812)"/>
      <nite:child href="IS1001b.B.words.xml#id(IS1001b.B.words1393)..id(IS1001b.B.words1436)"/>
      <nite:child href="IS1001b.C.words.xml#id(IS1001b.C.words966)..id(IS1001b.C.words967)"/>
      <nite:child href="IS1001b.A.words.xml#id(IS1001b.A.words1813)..id(IS1001b.A.words1814)"/>
      <nite:child href="IS1001b.C.words.xml#id(IS1001b.C.words968)..id(IS1001b.C.words974)"/>
      <nite:child href="IS1001b.A.words.xml#id(IS1001b.A.words1815)..id(IS1001b.A.words1852)"/>
      <nite:child href="IS1001b.B.words.xml#id(IS1001b.B.words1437)..id(IS1001b.B.words1439)"/>
      <nite:child href="IS1001b.C.words.xml#id(IS1001b.C.words975)..id(IS1001b.C.words976)"/>
      <nite:child href="IS1001b.B.words.xml#id(IS1001b.B.words1440)..id(IS1001b.B.words1441)"/>
      <nite:child href="IS1001b.A.words.xml#id(IS1001b.A.words1853)..id(IS1001b.A.words1862)"/>
      <nite:child href="IS1001b.B.words.xml#id(IS1001b.B.words1442)..id(IS1001b.B.words1462)"/>
      <nite:child href="IS1001b.A.words.xml#id(IS1001b.A.words1863)..id(IS1001b.A.words1871)"/>
      <nite:child href="IS1001b.C.words.xml#id(IS1001b.C.words977)..id(IS1001b.C.words999)"/>
      <nite:child href="IS1001b.A.words.xml#id(IS1001b.A.words1872)..id(IS1001b.A.words1893)"/>
      <nite:child href="IS1001b.B.words.xml#id(IS1001b.B.words1463)..id(IS1001b.B.words1468)"/>
      <nite:child href="IS1001b.C.words.xml#id(IS1001b.C.words1000)..id(IS1001b.C.words1001)"/>
      <nite:child href="IS1001b.B.words.xml#id(IS1001b.B.words1469)..id(IS1001b.B.words1509)"/>
      <nite:child href="IS1001b.C.words.xml#id(IS1001b.C.words1002)..id(IS1001b.C.words1009)"/>
      <nite:child href="IS1001b.A.words.xml#id(IS1001b.A.words1894)..id(IS1001b.A.words1902)"/>
      <nite:child href="IS1001b.B.words.xml#id(IS1001b.B.words1510)..id(IS1001b.B.words1511)"/>
   </decision>
   <decision nite:id="IS1001b.decision.melissa.2">
      <nite:child href="IS1001b.A.words.xml#id(IS1001b.A.words1930)..id(IS1001b.A.words1950)"/>
      <nite:child href="IS1001b.D.words.xml#id(IS1001b.D.words857)"/>
      <nite:child href="IS1001b.B.words.xml#id(IS1001b.B.words1532)..id(IS1001b.B.words1577)"/>
      <nite:child href="IS1001b.C.words.xml#id(IS1001b.C.words1042)..id(IS1001b.C.words1043)"/>
      <nite:child href="IS1001b.A.words.xml#id(IS1001b.A.words1951)..id(IS1001b.A.words1956)"/>
      <nite:child href="IS1001b.C.words.xml#id(IS1001b.C.words1044)..id(IS1001b.C.words1045)"/>
      <nite:child href="IS1001b.D.words.xml#id(IS1001b.D.words858)..id(IS1001b.D.words859)"/>
   </decision>
   <decision nite:id="IS1001b.decision.melissa.3">
      <nite:child href="IS1001b.A.words.xml#id(IS1001b.A.words1957)..id(IS1001b.A.words1974)"/>
      <nite:child href="IS1001b.C.words.xml#id(IS1001b.C.words1046)..id(IS1001b.C.words1047)"/>
      <nite:child href="IS1001b.B.words.xml#id(IS1001b.B.words1578)..id(IS1001b.B.words1611)"/>
      <nite:child href="IS1001b.D.words.xml#id(IS1001b.D.words860)..id(IS1001b.D.words861)"/>
      <nite:child href="IS1001b.A.words.xml#id(IS1001b.A.words1975)..id(IS1001b.A.words1989)"/>
      <nite:child href="IS1001b.B.words.xml#id(IS1001b.B.words1612)..id(IS1001b.B.words1613)"/>
      <nite:child href="IS1001b.A.words.xml#id(IS1001b.A.words1990)..id(IS1001b.A.words1995)"/>
      <nite:child href="IS1001b.C.words.xml#id(IS1001b.C.words1048)..id(IS1001b.C.words1051)"/>
      <nite:child href="IS1001b.A.words.xml#id(IS1001b.A.words1996)"/>
      <nite:child href="IS1001b.B.words.xml#id(IS1001b.B.words1614)"/>
      <nite:child href="IS1001b.A.words.xml#id(IS1001b.A.words1997)..id(IS1001b.A.words1998)"/>
   </decision>
</nite:root>