<?xml version="1.0" encoding="ISO-8859-1" standalone="yes"?>
<nite:root nite:id="TS3004b.decision" xmlns:nite="http://nite.sourceforge.net/">
   <decision nite:id="TS3004b.decision.melissa.1">
      <nite:child href="TS3004b.D.words.xml#id(TS3004b.D.words674)..id(TS3004b.D.words758)"/>
      <nite:child href="TS3004b.A.words.xml#id(TS3004b.A.words524)..id(TS3004b.A.words535)"/>
      <nite:child href="TS3004b.D.words.xml#id(TS3004b.D.words759)..id(TS3004b.D.words778)"/>
      <nite:child href="TS3004b.A.words.xml#id(TS3004b.A.words536)..id(TS3004b.A.words555)"/>
      <nite:child href="TS3004b.D.words.xml#id(TS3004b.D.words779)..id(TS3004b.D.words806)"/>
      <nite:child href="TS3004b.B.words.xml#id(TS3004b.B.words91)..id(TS3004b.B.words92)"/>
      <nite:child href="TS3004b.A.words.xml#id(TS3004b.A.words556)..id(TS3004b.A.words562)"/>
      <nite:child href="TS3004b.C.words.xml#id(TS3004b.C.words35)..id(TS3004b.C.words36)"/>
   </decision>
   <decision nite:id="TS3004b.decision.melissa.2">
      <nite:child href="TS3004b.B.words.xml#id(TS3004b.B.words1267)..id(TS3004b.B.words1287)"/>
      <nite:child href="TS3004b.A.words.xml#id(TS3004b.A.words1088)..id(TS3004b.A.words1112)"/>
      <nite:child href="TS3004b.C.words.xml#id(TS3004b.C.words593)..id(TS3004b.C.words613)"/>
      <nite:child href="TS3004b.B.words.xml#id(TS3004b.B.words1288)..id(TS3004b.B.words1304)"/>
      <nite:child href="TS3004b.D.words.xml#id(TS3004b.D.words1230)..id(TS3004b.D.words1232)"/>
      <nite:child href="TS3004b.B.words.xml#id(TS3004b.B.words1305)"/>
      <nite:child href="TS3004b.A.words.xml#id(TS3004b.A.words1113)..id(TS3004b.A.words1123)"/>
      <nite:child href="TS3004b.B.words.xml#id(TS3004b.B.words1306)..id(TS3004b.B.words1307)"/>
      <nite:child href="TS3004b.A.words.xml#id(TS3004b.A.words1124)..id(TS3004b.A.words1132)"/>
      <nite:child href="TS3004b.D.words.xml#id(TS3004b.D.words1233)"/>
      <nite:child href="TS3004b.B.words.xml#id(TS3004b.B.words1308)..id(TS3004b.B.words1324)"/>
      <nite:child href="TS3004b.C.words.xml#id(TS3004b.C.words614)"/>
      <nite:child href="TS3004b.D.words.xml#id(TS3004b.D.words1234)..id(TS3004b.D.words1235)"/>
      <nite:child href="TS3004b.C.words.xml#id(TS3004b.C.words615)..id(TS3004b.C.words629)"/>
      <nite:child href="TS3004b.B.words.xml#id(TS3004b.B.words1325)..id(TS3004b.B.words1335)"/>
      <nite:child href="TS3004b.A.words.xml#id(TS3004b.A.words1133)..id(TS3004b.A.words1151)"/>
      <nite:child href="TS3004b.C.words.xml#id(TS3004b.C.words630)..id(TS3004b.C.words640)"/>
   </decision>
   <decision nite:id="TS3004b.decision.melissa.3">
      <nite:child href="TS3004b.C.words.xml#id(TS3004b.C.words1113)..id(TS3004b.C.words1139)"/>
      <nite:child href="TS3004b.D.words.xml#id(TS3004b.D.words1353)"/>
      <nite:child href="TS3004b.A.words.xml#id(TS3004b.A.words1197)..id(TS3004b.A.words1223)"/>
      <nite:child href="TS3004b.C.words.xml#id(TS3004b.C.words1140)..id(TS3004b.C.words1141)"/>
      <nite:child href="TS3004b.A.words.xml#id(TS3004b.A.words1224)..id(TS3004b.A.words1229)"/>
      <nite:child href="TS3004b.D.words.xml#id(TS3004b.D.words1354)..id(TS3004b.D.words1382)"/>
      <nite:child href="TS3004b.A.words.xml#id(TS3004b.A.words1230)..id(TS3004b.A.words1231)"/>
      <nite:child href="TS3004b.C.words.xml#id(TS3004b.C.words1142)..id(TS3004b.C.words1183)"/>
      <nite:child href="TS3004b.D.words.xml#id(TS3004b.D.words1383)..id(TS3004b.D.words1388)"/>
      <nite:child href="TS3004b.A.words.xml#id(TS3004b.A.words1232)..id(TS3004b.A.words1257)"/>
      <nite:child href="TS3004b.C.words.xml#id(TS3004b.C.words1184)..id(TS3004b.C.words1190)"/>
      <nite:child href="TS3004b.D.words.xml#id(TS3004b.D.words1389)..id(TS3004b.D.words1399)"/>
      <nite:child href="TS3004b.A.words.xml#id(TS3004b.A.words1258)..id(TS3004b.A.words1287)"/>
      <nite:child href="TS3004b.B.words.xml#id(TS3004b.B.words1407)..id(TS3004b.B.words1411)"/>
      <nite:child href="TS3004b.D.words.xml#id(TS3004b.D.words1400)..id(TS3004b.D.words1419)"/>
      <nite:child href="TS3004b.A.words.xml#id(TS3004b.A.words1288)..id(TS3004b.A.words1295)"/>
      <nite:child href="TS3004b.D.words.xml#id(TS3004b.D.words1420)..id(TS3004b.D.words1423)"/>
      <nite:child href="TS3004b.A.words.xml#id(TS3004b.A.words1296)..id(TS3004b.A.words1313)"/>
      <nite:child href="TS3004b.B.words.xml#id(TS3004b.B.words1412)..id(TS3004b.B.words1440)"/>
      <nite:child href="TS3004b.A.words.xml#id(TS3004b.A.words1314)..id(TS3004b.A.words1319)"/>
      <nite:child href="TS3004b.C.words.xml#id(TS3004b.C.words1191)..id(TS3004b.C.words1192)"/>
      <nite:child href="TS3004b.B.words.xml#id(TS3004b.B.words1441)..id(TS3004b.B.words1456)"/>
      <nite:child href="TS3004b.D.words.xml#id(TS3004b.D.words1424)..id(TS3004b.D.words1431)"/>
      <nite:child href="TS3004b.B.words.xml#id(TS3004b.B.words1457)..id(TS3004b.B.words1469)"/>
      <nite:child href="TS3004b.D.words.xml#id(TS3004b.D.words1432)..id(TS3004b.D.words1435)"/>
      <nite:child href="TS3004b.C.words.xml#id(TS3004b.C.words1193)..id(TS3004b.C.words1236)"/>
      <nite:child href="TS3004b.B.words.xml#id(TS3004b.B.words1470)..id(TS3004b.B.words1482)"/>
      <nite:child href="TS3004b.D.words.xml#id(TS3004b.D.words1436)..id(TS3004b.D.words1457)"/>
      <nite:child href="TS3004b.C.words.xml#id(TS3004b.C.words1237)..id(TS3004b.C.words1242)"/>
      <nite:child href="TS3004b.D.words.xml#id(TS3004b.D.words1458)..id(TS3004b.D.words1460)"/>
      <nite:child href="TS3004b.B.words.xml#id(TS3004b.B.words1483)"/>
      <nite:child href="TS3004b.A.words.xml#id(TS3004b.A.words1320)..id(TS3004b.A.words1340)"/>
      <nite:child href="TS3004b.B.words.xml#id(TS3004b.B.words1484)..id(TS3004b.B.words1500)"/>
      <nite:child href="TS3004b.A.words.xml#id(TS3004b.A.words1341)..id(TS3004b.A.words1353)"/>
      <nite:child href="TS3004b.B.words.xml#id(TS3004b.B.words1501)..id(TS3004b.B.words1512)"/>
      <nite:child href="TS3004b.C.words.xml#id(TS3004b.C.words1243)..id(TS3004b.C.words1244)"/>
      <nite:child href="TS3004b.A.words.xml#id(TS3004b.A.words1354)..id(TS3004b.A.words1368)"/>
      <nite:child href="TS3004b.B.words.xml#id(TS3004b.B.words1513)..id(TS3004b.B.words1527)"/>
      <nite:child href="TS3004b.D.words.xml#id(TS3004b.D.words1461)..id(TS3004b.D.words1462)"/>
      <nite:child href="TS3004b.C.words.xml#id(TS3004b.C.words1245)..id(TS3004b.C.words1246)"/>
      <nite:child href="TS3004b.A.words.xml#id(TS3004b.A.words1369)..id(TS3004b.A.words1383)"/>
      <nite:child href="TS3004b.B.words.xml#id(TS3004b.B.words1528)..id(TS3004b.B.words1542)"/>
      <nite:child href="TS3004b.C.words.xml#id(TS3004b.C.words1247)..id(TS3004b.C.words1248)"/>
      <nite:child href="TS3004b.A.words.xml#id(TS3004b.A.words1384)..id(TS3004b.A.words1396)"/>
      <nite:child href="TS3004b.C.words.xml#id(TS3004b.C.words1249)..id(TS3004b.C.words1250)"/>
      <nite:child href="TS3004b.B.words.xml#id(TS3004b.B.words1543)..id(TS3004b.B.words1562)"/>
      <nite:child href="TS3004b.D.words.xml#id(TS3004b.D.words1463)..id(TS3004b.D.words1467)"/>
      <nite:child href="TS3004b.A.words.xml#id(TS3004b.A.words1397)..id(TS3004b.A.words1405)"/>
      <nite:child href="TS3004b.C.words.xml#id(TS3004b.C.words1251)..id(TS3004b.C.words1258)"/>
      <nite:child href="TS3004b.A.words.xml#id(TS3004b.A.words1406)..id(TS3004b.A.words1416)"/>
      <nite:child href="TS3004b.D.words.xml#id(TS3004b.D.words1468)..id(TS3004b.D.words1469)"/>
      <nite:child href="TS3004b.C.words.xml#id(TS3004b.C.words1259)..id(TS3004b.C.words1260)"/>
      <nite:child href="TS3004b.B.words.xml#id(TS3004b.B.words1563)..id(TS3004b.B.words1564)"/>
   </decision>
   <decision nite:id="TS3004b.decision.melissa.4">
      <nite:child href="TS3004b.A.words.xml#id(TS3004b.A.words1523)..id(TS3004b.A.words1557)"/>
      <nite:child href="TS3004b.C.words.xml#id(TS3004b.C.words1354)..id(TS3004b.C.words1370)"/>
      <nite:child href="TS3004b.D.words.xml#id(TS3004b.D.words1568)..id(TS3004b.D.words1569)"/>
      <nite:child href="TS3004b.A.words.xml#id(TS3004b.A.words1558)..id(TS3004b.A.words1590)"/>
      <nite:child href="TS3004b.D.words.xml#id(TS3004b.D.words1570)..id(TS3004b.D.words1571)"/>
      <nite:child href="TS3004b.B.words.xml#id(TS3004b.B.words1623)..id(TS3004b.B.words1624)"/>
      <nite:child href="TS3004b.C.words.xml#id(TS3004b.C.words1371)..id(TS3004b.C.words1372)"/>
   </decision>
   <decision nite:id="TS3004b.decision.melissa.5">
      <nite:child href="TS3004b.D.words.xml#id(TS3004b.D.words1580)..id(TS3004b.D.words1592)"/>
      <nite:child href="TS3004b.B.words.xml#id(TS3004b.B.words1679)..id(TS3004b.B.words1703)"/>
      <nite:child href="TS3004b.D.words.xml#id(TS3004b.D.words1593)..id(TS3004b.D.words1594)"/>
      <nite:child href="TS3004b.A.words.xml#id(TS3004b.A.words1702)..id(TS3004b.A.words1703)"/>
      <nite:child href="TS3004b.C.words.xml#id(TS3004b.C.words1389)..id(TS3004b.C.words1412)"/>
      <nite:child href="TS3004b.B.words.xml#id(TS3004b.B.words1704)..id(TS3004b.B.words1705)"/>
      <nite:child href="TS3004b.D.words.xml#id(TS3004b.D.words1595)..id(TS3004b.D.words1611)"/>
      <nite:child href="TS3004b.C.words.xml#id(TS3004b.C.words1413)"/>
      <nite:child href="TS3004b.B.words.xml#id(TS3004b.B.words1706)..id(TS3004b.B.words1731)"/>
      <nite:child href="TS3004b.C.words.xml#id(TS3004b.C.words1414)..id(TS3004b.C.words1459)"/>
      <nite:child href="TS3004b.D.words.xml#id(TS3004b.D.words1612)..id(TS3004b.D.words1660)"/>
      <nite:child href="TS3004b.C.words.xml#id(TS3004b.C.words1460)..id(TS3004b.C.words1463)"/>
      <nite:child href="TS3004b.B.words.xml#id(TS3004b.B.words1732)..id(TS3004b.B.words1735)"/>
      <nite:child href="TS3004b.C.words.xml#id(TS3004b.C.words1464)..id(TS3004b.C.words1473)"/>
      <nite:child href="TS3004b.B.words.xml#id(TS3004b.B.words1736)..id(TS3004b.B.words1737)"/>
      <nite:child href="TS3004b.D.words.xml#id(TS3004b.D.words1661)..id(TS3004b.D.words1687)"/>
      <nite:child href="TS3004b.C.words.xml#id(TS3004b.C.words1474)..id(TS3004b.C.words1479)"/>
      <nite:child href="TS3004b.A.words.xml#id(TS3004b.A.words1704)..id(TS3004b.A.words1720)"/>
      <nite:child href="TS3004b.D.words.xml#id(TS3004b.D.words1688)..id(TS3004b.D.words1699)"/>
      <nite:child href="TS3004b.C.words.xml#id(TS3004b.C.words1480)..id(TS3004b.C.words1485)"/>
      <nite:child href="TS3004b.A.words.xml#id(TS3004b.A.words1721)..id(TS3004b.A.words1740)"/>
      <nite:child href="TS3004b.B.words.xml#id(TS3004b.B.words1738)..id(TS3004b.B.words1739)"/>
      <nite:child href="TS3004b.D.words.xml#id(TS3004b.D.words1700)..id(TS3004b.D.words1711)"/>
      <nite:child href="TS3004b.B.words.xml#id(TS3004b.B.words1740)..id(TS3004b.B.words1745)"/>
      <nite:child href="TS3004b.C.words.xml#id(TS3004b.C.words1486)..id(TS3004b.C.words1511)"/>
      <nite:child href="TS3004b.A.words.xml#id(TS3004b.A.words1741)..id(TS3004b.A.words1744)"/>
      <nite:child href="TS3004b.D.words.xml#id(TS3004b.D.words1712)..id(TS3004b.D.words1718)"/>
      <nite:child href="TS3004b.C.words.xml#id(TS3004b.C.words1512)..id(TS3004b.C.words1517)"/>
      <nite:child href="TS3004b.D.words.xml#id(TS3004b.D.words1719)..id(TS3004b.D.words1729)"/>
      <nite:child href="TS3004b.B.words.xml#id(TS3004b.B.words1746)..id(TS3004b.B.words1776)"/>
      <nite:child href="TS3004b.C.words.xml#id(TS3004b.C.words1518)..id(TS3004b.C.words1530)"/>
      <nite:child href="TS3004b.D.words.xml#id(TS3004b.D.words1730)..id(TS3004b.D.words1733)"/>
      <nite:child href="TS3004b.B.words.xml#id(TS3004b.B.words1777)..id(TS3004b.B.words1784)"/>
      <nite:child href="TS3004b.D.words.xml#id(TS3004b.D.words1734)..id(TS3004b.D.words1761)"/>
      <nite:child href="TS3004b.B.words.xml#id(TS3004b.B.words1785)..id(TS3004b.B.words1802)"/>
      <nite:child href="TS3004b.C.words.xml#id(TS3004b.C.words1531)..id(TS3004b.C.words1545)"/>
      <nite:child href="TS3004b.D.words.xml#id(TS3004b.D.words1762)..id(TS3004b.D.words1763)"/>
      <nite:child href="TS3004b.B.words.xml#id(TS3004b.B.words1803)..id(TS3004b.B.words1804)"/>
      <nite:child href="TS3004b.A.words.xml#id(TS3004b.A.words1745)..id(TS3004b.A.words1772)"/>
      <nite:child href="TS3004b.C.words.xml#id(TS3004b.C.words1546)..id(TS3004b.C.words1550)"/>
      <nite:child href="TS3004b.D.words.xml#id(TS3004b.D.words1764)..id(TS3004b.D.words1765)"/>
      <nite:child href="TS3004b.B.words.xml#id(TS3004b.B.words1805)..id(TS3004b.B.words1809)"/>
      <nite:child href="TS3004b.A.words.xml#id(TS3004b.A.words1773)..id(TS3004b.A.words1786)"/>
      <nite:child href="TS3004b.B.words.xml#id(TS3004b.B.words1810)"/>
      <nite:child href="TS3004b.C.words.xml#id(TS3004b.C.words1551)..id(TS3004b.C.words1557)"/>
      <nite:child href="TS3004b.A.words.xml#id(TS3004b.A.words1787)..id(TS3004b.A.words1805)"/>
      <nite:child href="TS3004b.D.words.xml#id(TS3004b.D.words1766)..id(TS3004b.D.words1772)"/>
      <nite:child href="TS3004b.B.words.xml#id(TS3004b.B.words1811)..id(TS3004b.B.words1812)"/>
      <nite:child href="TS3004b.D.words.xml#id(TS3004b.D.words1773)..id(TS3004b.D.words1793)"/>
      <nite:child href="TS3004b.B.words.xml#id(TS3004b.B.words1813)..id(TS3004b.B.words1835)"/>
      <nite:child href="TS3004b.A.words.xml#id(TS3004b.A.words1806)..id(TS3004b.A.words1807)"/>
      <nite:child href="TS3004b.C.words.xml#id(TS3004b.C.words1558)..id(TS3004b.C.words1582)"/>
      <nite:child href="TS3004b.A.words.xml#id(TS3004b.A.words1808)..id(TS3004b.A.words1813)"/>
      <nite:child href="TS3004b.D.words.xml#id(TS3004b.D.words1794)..id(TS3004b.D.words1820)"/>
      <nite:child href="TS3004b.C.words.xml#id(TS3004b.C.words1583)..id(TS3004b.C.words1596)"/>
      <nite:child href="TS3004b.B.words.xml#id(TS3004b.B.words1836)..id(TS3004b.B.words1865)"/>
      <nite:child href="TS3004b.C.words.xml#id(TS3004b.C.words1597)..id(TS3004b.C.words1601)"/>
      <nite:child href="TS3004b.D.words.xml#id(TS3004b.D.words1821)..id(TS3004b.D.words1839)"/>
      <nite:child href="TS3004b.C.words.xml#id(TS3004b.C.words1602)..id(TS3004b.C.words1604)"/>
      <nite:child href="TS3004b.B.words.xml#id(TS3004b.B.words1866)..id(TS3004b.B.words1880)"/>
      <nite:child href="TS3004b.C.words.xml#id(TS3004b.C.words1605)..id(TS3004b.C.words1606)"/>
      <nite:child href="TS3004b.D.words.xml#id(TS3004b.D.words1840)..id(TS3004b.D.words1841)"/>
   </decision>
   <decision nite:id="TS3004b.decision.melissa.6">
      <nite:child href="TS3004b.A.words.xml#id(TS3004b.A.words1814)..id(TS3004b.A.words1889)"/>
      <nite:child href="TS3004b.D.words.xml#id(TS3004b.D.words1842)..id(TS3004b.D.words1847)"/>
      <nite:child href="TS3004b.B.words.xml#id(TS3004b.B.words1881)..id(TS3004b.B.words1886)"/>
      <nite:child href="TS3004b.C.words.xml#id(TS3004b.C.words1607)..id(TS3004b.C.words1611)"/>
      <nite:child href="TS3004b.B.words.xml#id(TS3004b.B.words1887)..id(TS3004b.B.words1888)"/>
      <nite:child href="TS3004b.A.words.xml#id(TS3004b.A.words1890)..id(TS3004b.A.words1904)"/>
      <nite:child href="TS3004b.B.words.xml#id(TS3004b.B.words1889)..id(TS3004b.B.words1908)"/>
      <nite:child href="TS3004b.A.words.xml#id(TS3004b.A.words1905)..id(TS3004b.A.words1933)"/>
      <nite:child href="TS3004b.B.words.xml#id(TS3004b.B.words1909)..id(TS3004b.B.words1910)"/>
      <nite:child href="TS3004b.D.words.xml#id(TS3004b.D.words1848)..id(TS3004b.D.words1901)"/>
      <nite:child href="TS3004b.B.words.xml#id(TS3004b.B.words1911)..id(TS3004b.B.words1922)"/>
      <nite:child href="TS3004b.A.words.xml#id(TS3004b.A.words1934)..id(TS3004b.A.words1942)"/>
      <nite:child href="TS3004b.B.words.xml#id(TS3004b.B.words1923)..id(TS3004b.B.words1934)"/>
      <nite:child href="TS3004b.A.words.xml#id(TS3004b.A.words1943)..id(TS3004b.A.words1970)"/>
      <nite:child href="TS3004b.B.words.xml#id(TS3004b.B.words1935)..id(TS3004b.B.words1944)"/>
   </decision>
   <decision nite:id="TS3004b.decision.melissa.7">
      <nite:child href="TS3004b.A.words.xml#id(TS3004b.A.words2025)..id(TS3004b.A.words2062)"/>
      <nite:child href="TS3004b.B.words.xml#id(TS3004b.B.words1981)..id(TS3004b.B.words1988)"/>
      <nite:child href="TS3004b.D.words.xml#id(TS3004b.D.words1913)..id(TS3004b.D.words1924)"/>
      <nite:child href="TS3004b.B.words.xml#id(TS3004b.B.words1989)..id(TS3004b.B.words2003)"/>
      <nite:child href="TS3004b.C.words.xml#id(TS3004b.C.words1622)..id(TS3004b.C.words1623)"/>
      <nite:child href="TS3004b.A.words.xml#id(TS3004b.A.words2063)..id(TS3004b.A.words2102)"/>
      <nite:child href="TS3004b.B.words.xml#id(TS3004b.B.words2004)..id(TS3004b.B.words2031)"/>
      <nite:child href="TS3004b.A.words.xml#id(TS3004b.A.words2103)..id(TS3004b.A.words2132)"/>
      <nite:child href="TS3004b.B.words.xml#id(TS3004b.B.words2032)..id(TS3004b.B.words2049)"/>
      <nite:child href="TS3004b.C.words.xml#id(TS3004b.C.words1624)..id(TS3004b.C.words1646)"/>
      <nite:child href="TS3004b.A.words.xml#id(TS3004b.A.words2133)..id(TS3004b.A.words2137)"/>
      <nite:child href="TS3004b.B.words.xml#id(TS3004b.B.words2050)..id(TS3004b.B.words2055)"/>
      <nite:child href="TS3004b.D.words.xml#id(TS3004b.D.words1925)..id(TS3004b.D.words1936)"/>
      <nite:child href="TS3004b.C.words.xml#id(TS3004b.C.words1647)..id(TS3004b.C.words1650)"/>
      <nite:child href="TS3004b.A.words.xml#id(TS3004b.A.words2138)..id(TS3004b.A.words2157)"/>
      <nite:child href="TS3004b.B.words.xml#id(TS3004b.B.words2056)..id(TS3004b.B.words2096)"/>
      <nite:child href="TS3004b.D.words.xml#id(TS3004b.D.words1937)..id(TS3004b.D.words1938)"/>
      <nite:child href="TS3004b.C.words.xml#id(TS3004b.C.words1651)..id(TS3004b.C.words1652)"/>
      <nite:child href="TS3004b.A.words.xml#id(TS3004b.A.words2158)..id(TS3004b.A.words2159)"/>
      <nite:child href="TS3004b.B.words.xml#id(TS3004b.B.words2097)..id(TS3004b.B.words2111)"/>
      <nite:child href="TS3004b.A.words.xml#id(TS3004b.A.words2160)..id(TS3004b.A.words2163)"/>
   </decision>
</nite:root>