<?xml version="1.0" encoding="ISO-8859-1" standalone="yes"?>
<nite:root nite:id="TS3004a.decision" xmlns:nite="http://nite.sourceforge.net/">
   <decision nite:id="TS3004a.decision.melissa.1">
      <nite:child href="TS3004a.D.words.xml#id(TS3004a.D.words257)..id(TS3004a.D.words274)"/>
      <nite:child href="TS3004a.A.words.xml#id(TS3004a.A.words1187)..id(TS3004a.A.words1194)"/>
      <nite:child href="TS3004a.D.words.xml#id(TS3004a.D.words275)..id(TS3004a.D.words297)"/>
      <nite:child href="TS3004a.A.words.xml#id(TS3004a.A.words1195)..id(TS3004a.A.words1211)"/>
      <nite:child href="TS3004a.D.words.xml#id(TS3004a.D.words298)..id(TS3004a.D.words300)"/>
      <nite:child href="TS3004a.C.words.xml#id(TS3004a.C.words100)..id(TS3004a.C.words107)"/>
      <nite:child href="TS3004a.B.words.xml#id(TS3004a.B.words208)..id(TS3004a.B.words217)"/>
      <nite:child href="TS3004a.D.words.xml#id(TS3004a.D.words301)..id(TS3004a.D.words303)"/>
      <nite:child href="TS3004a.A.words.xml#id(TS3004a.A.words1212)..id(TS3004a.A.words1236)"/>
      <nite:child href="TS3004a.C.words.xml#id(TS3004a.C.words108)..id(TS3004a.C.words115)"/>
      <nite:child href="TS3004a.D.words.xml#id(TS3004a.D.words304)..id(TS3004a.D.words323)"/>
      <nite:child href="TS3004a.A.words.xml#id(TS3004a.A.words1237)..id(TS3004a.A.words1255)"/>
      <nite:child href="TS3004a.D.words.xml#id(TS3004a.D.words324)..id(TS3004a.D.words328)"/>
      <nite:child href="TS3004a.B.words.xml#id(TS3004a.B.words218)..id(TS3004a.B.words220)"/>
      <nite:child href="TS3004a.C.words.xml#id(TS3004a.C.words116)..id(TS3004a.C.words129)"/>
      <nite:child href="TS3004a.A.words.xml#id(TS3004a.A.words1256)..id(TS3004a.A.words1271)"/>
      <nite:child href="TS3004a.C.words.xml#id(TS3004a.C.words130)..id(TS3004a.C.words134)"/>
      <nite:child href="TS3004a.B.words.xml#id(TS3004a.B.words221)..id(TS3004a.B.words225)"/>
      <nite:child href="TS3004a.A.words.xml#id(TS3004a.A.words1272)..id(TS3004a.A.words1276)"/>
      <nite:child href="TS3004a.B.words.xml#id(TS3004a.B.words226)..id(TS3004a.B.words227)"/>
   </decision>
</nite:root>