<NXTConfig>

<CSLConfig>
    <!-- This section contains the configuration settings for the
         VideoLabeler tool developed in Twente for the AMI
         project. For documentation purposes it contains one
         corpussettings entry that is not connected to an actual
         corpus but rather explains all possible corpus-dependent
         settings. Furthermore it contains appropriate default
         settings for at least the AMI pilot corpus.  If you want to
         use the VideoLabeler on your own corpus, duplicate a
         corpussettings entry, fill in the appropriate attributes with
         the correct settings for your corpus and add an entry
         directly below this comment to connect the metadatafile to
         those new settings. If you want to use those tools on the AMI
         pilot corpus, change the metadatafile entry below so it
         points to the correct metadata file.  If all works as it
         should, the tool should be able to automatically find this
         config file (it should reside on the CLASSPATH), and will use
         the correct corpussettings and guisettings for any corpus for
         which an entry 'metadatafile' exists.  If things don't work
         that way, please drop a note to dennisr at hmi dot utwente
         dot nl -->
    
    <!-- CHANGE THIS SECTION FOR YOUR OWN METADATAFILES -->
    <metadatafile file="Data/AMI/AMI-subword-metadata.xml" corpussettings="csl-cs-ami"   guisettings="csl-gs-default"/>
    
    <corpussettings
        id="csl-cs-ami"
        gloss="Example CSL settings for AMI corpus"
        annotatorspecificcodings= "gaze"
    >
        <layerinfo 
            id="gazelayerinfo"
            gloss="Example gaze-target layer of AMI"
            layername="gaze-layer"
            layerclass="net.sourceforge.nite.tools.videolabeler.LabelAnnotationLayer"
            controlpanelclass="net.sourceforge.nite.tools.videolabeler.LabelTargetControlPanel"
            codename="ga"
            pointerrole="ga-target"
            labelattribute="name"
        />
        
    </corpussettings>

    
    <!-- Default gui settings -->
    <guisettings
        id="csl-gs-default"
        gloss="AMI gui settings"
        showkeystrokes="label"
        autokeystrokes="true"
    />
    
</CSLConfig>

<DACoderConfig>

    <!-- This section contains the configuration settings for the AMI
         DACoder and NECoder tools developed in Twente for the AMI
         project. For documentation purposes it contains one
         corpussettings entry that is not connected to an actual
         corpus but rather explains all possible corpus-dependent
         settings. Furthermore it contains appropriate default
         settings for at least the AMI pilot corpus and the ICSI
         corpus (Edinburgh CVS).  If you want to use the DACoder or
         NECoder on your own corpus, duplicate a corpussettings entry,
         fill in the appropriate attributes with the correct settings
         for your corpus and add an entry directly below this comment
         to connect the metadatafile to those new settings. If you
         want to use those tools on the ICSI corpus or the AMI pilot
         corpus, change the metadatafile entries below so they point
         to the correct metadata files.  For the ICSI corpus you
         should also add the appropriate layer definitions and the
         ontology files (see README in Contributions/Anno22L).  If all
         works as it should, the tool should be able to automatically
         find this config file (it should reside on the CLASSPATH),
         and will use the correct corpussettings and guisettings for
         any corpus for which an entry 'metadatafile' exists.  If
         things don't work that way, please drop a note to dennisr at
         hmi dot utwente dot nl -->

    <!-- CHANGE THIS SECTION FOR YOUR OWN METADATAFILES -->
<!--
    <metadatafile file="Data/AMI/AMI-subword-metadata.xml" corpussettings="dac-cs-ami"   guisettings="dac-gs-default"/>
-->
    <!-- Corpus settings for the AMI corpus -->
    <corpussettings
        id                      = "dac-cs-ami"
        gloss                   = "The corpus settings for the dialogue act coder for the official AMI corpus"
        
        segmentationelementname = "segment"
        transcriptionlayername  = "words-layer"
        transcriptiondelegateclassname = "net.sourceforge.nite.gui.util.AMITranscriptionToTextDelegate"

        daelementname           = "dact"
        daontology              = "da-types"
        daroot                  = "cmrda"
        datyperole              = "da-aspect"
        dagloss                 = "gloss"
        
        apelementname           = "adjacency-pair"
        apontology              = "ap-types"
        aproot                  = "apt_0"
        defaultaptype           = "apt_1"
        aptyperole              = "type"
        apsourcerole            = "source"
        aptargetrole            = "target"

        neelementname           = "chunk"
        neontology              = "chunks"
        neroot                  = "chk_0"
        nenameattribute         = "name"
        netyperole              = "type"
        abbrevattribute         = "name"
        
        annotatorspecificcodings = "dialog-act;adjacency-pairs;nees"
    />    

    <guisettings
        id                      = "dac-gs-default"
        gloss                   = "Default settings"
        showapwindow            = "true"
        showlogwindow           = "true"
        applicationtitle        = "AMI Dialogue act coder"
        showkeystrokes="label"
        autokeystrokes="true"
    />
</DACoderConfig>

</NXTConfig>
