<?xml version="1.0" encoding="ISO-8859-1" standalone="yes"?>
<topicname nite:id="top.0" name="te" xmlns:nite="http://nite.sourceforge.net/" xmlns:xlink="http://www.w3.org/1999/xlink">
   <topicname nite:id="top.1" name="Functional">
      <topicname nite:id="top.11" name="opening"/>
      <topicname nite:id="top.12" name="closing"/>
      <topicname nite:id="top.13" name="agenda/equipment issues"/>
      <topicname nite:id="top.14" name="chitchat"/>
   </topicname>
   <topicname nite:id="top.2" name="Top level">
      <topicname nite:id="top.21" name="project specs and roles of participants"/>
      <topicname nite:id="top.22" name="new requirements"/>
      <topicname nite:id="top.23" name="user target group"/>
      <topicname nite:id="top.24" name="interface specialist presentation"/>
      <topicname nite:id="top.25" name="marketing expert presentation"/>
      <topicname nite:id="top.26" name="industrial designer presentation"/>
      <topicname nite:id="top.27" name="presentation of prototype(s)"/>
      <topicname nite:id="top.28" name="discussion"/>
      <topicname nite:id="top.29" name="evaluation of prototype(s)"/>
      <topicname nite:id="top.210" name="evaluation of project process"/>
      <topicname nite:id="top.211" name="costing"/>
      <topicname nite:id="top.212" name="drawing exercise"/>
   </topicname>
   <topicname nite:id="top3" name="Sub-topics">
      <topicname nite:id="top.31" name="project budget"/>
      <topicname nite:id="top.32" name="existing products"/>
      <topicname nite:id="top.33" name="trendwatching"/>
      <topicname nite:id="top.34" name="user requirements"/>
      <topicname nite:id="top.35" name="components, materials and energy sources"/>
      <topicname nite:id="top.36" name="look and usability"/>
      <topicname nite:id="top.37" name="how to find when misplaced"/>
   </topicname>
   <topicname nite:id="top.4" name="other"/>
</topicname>
