<?xml version="1.0" encoding="ISO-8859-1" standalone="yes"?>
<dsfl-type nite:id="cmrdsfl" name="dsfl-type" xmlns:nite="http://nite.sourceforge.net/" xmlns:xlink="http://www.w3.org/1999/xlink">
   <dsfl-type nite:id="ami_dsfl_1" name="delete" gloss="Deletion"/>
   <dsfl-type nite:id="ami_dsfl_2" name="disrupt" gloss="Disruption"/>
   <dsfl-type nite:id="ami_dsfl_3" name="dm" gloss="Discouse Marker"/>
   <dsfl-type nite:id="ami_dsfl_4" name="eet" gloss="Explicit Editing Term"/>
   <dsfl-type nite:id="ami_dsfl_5" name="hesit" gloss="Hesitation"/>
   <dsfl-type nite:id="ami_dsfl_6" name="insert" gloss="Insertion"/>
   <dsfl-type nite:id="ami_dsfl_7" name="mistake" gloss="Mistake"/>
   <dsfl-type nite:id="ami_dsfl_8" name="omiss" gloss="Omission"/>
   <dsfl-type nite:id="ami_dsfl_9" name="order" gloss="Order"/>
   <dsfl-type nite:id="ami_dsfl_11" name="other" gloss="Other"/>
   <dsfl-type nite:id="ami_dsfl_12" name="repeat" gloss="Repetition"/>
   <dsfl-type nite:id="ami_dsfl_13" name="replace" gloss="Replacement"/>
   <dsfl-type nite:id="ami_dsfl_14" name="restart" gloss="Restart"/>
   <dsfl-type nite:id="ami_dsfl_15" name="sot" gloss="Slip of the tongue"/>
   <dsfl-type nite:id="ami_dsfl_16" name="stutter" gloss="Stuttering"/>
   <dsfl-type nite:id="ami_dsfl_17" name="repair" gloss="Repair"/>
   <dsfl-type nite:id="ami_dsfl_18" name="reparans" gloss="Reparans"/>
   <dsfl-type nite:id="ami_dsfl_19" name="reparandum" gloss="Reparandum"/>
</dsfl-type>