<?xml version="1.0" encoding="ISO-8859-1" standalone="yes"?>
<nite:root nite:id="ES2009d.D.you" xmlns:nite="http://nite.sourceforge.net/">
   <you-usage nite:id="ES2009d.D.you.1" unsure="false">
      <nite:pointer role="type"  href="you-types.xml#id(you_11)"/>
      <nite:child href="ES2009d.D.words.xml#id(ES2009d.D.words36)"/>
   </you-usage>
   <you-usage nite:id="ES2009d.D.you.2" unsure="false">
      <nite:pointer role="type"  href="you-types.xml#id(you_12)"/>
      <nite:child href="ES2009d.D.words.xml#id(ES2009d.D.words191)"/>
   </you-usage>
   <you-usage nite:id="ES2009d.D.you.3" unsure="false">
      <nite:pointer role="type"  href="you-types.xml#id(you_3)"/>
      <nite:child href="ES2009d.D.words.xml#id(ES2009d.D.words369)"/>
   </you-usage>
   <you-usage nite:id="ES2009d.D.you.4" unsure="false">
      <nite:pointer role="type"  href="you-types.xml#id(you_11)"/>
      <nite:child href="ES2009d.D.words.xml#id(ES2009d.D.words449)"/>
   </you-usage>
   <you-usage nite:id="ES2009d.D.you.5" unsure="false">
      <nite:pointer role="type"  href="you-types.xml#id(you_11)"/>
      <nite:child href="ES2009d.D.words.xml#id(ES2009d.D.words458)"/>
   </you-usage>
   <you-usage nite:id="ES2009d.D.you.6" unsure="false">
      <nite:pointer role="type"  href="you-types.xml#id(you_3)"/>
      <nite:child href="ES2009d.D.words.xml#id(ES2009d.D.words589)"/>
   </you-usage>
   <you-usage nite:id="ES2009d.D.you.7" unsure="false">
      <nite:pointer role="type"  href="you-types.xml#id(you_2)"/>
      <nite:child href="ES2009d.D.words.xml#id(ES2009d.D.words661)"/>
   </you-usage>
   <you-usage nite:id="ES2009d.D.you.8" unsure="false">
      <nite:pointer role="type"  href="you-types.xml#id(you_11)"/>
      <nite:child href="ES2009d.D.words.xml#id(ES2009d.D.words797)"/>
   </you-usage>
   <you-usage nite:id="ES2009d.D.you.9" unsure="false">
      <nite:pointer role="type"  href="you-types.xml#id(you_11)"/>
      <nite:child href="ES2009d.D.words.xml#id(ES2009d.D.words817)"/>
   </you-usage>
   <you-usage nite:id="ES2009d.D.you.10" unsure="false">
      <nite:pointer role="type"  href="you-types.xml#id(you_11)"/>
      <nite:child href="ES2009d.D.words.xml#id(ES2009d.D.words822)"/>
   </you-usage>
   <you-usage nite:id="ES2009d.D.you.11" unsure="false">
      <nite:pointer role="type"  href="you-types.xml#id(you_3)"/>
      <nite:child href="ES2009d.D.words.xml#id(ES2009d.D.words841)"/>
   </you-usage>
   <you-usage nite:id="ES2009d.D.you.12" unsure="false">
      <nite:pointer role="type"  href="you-types.xml#id(you_12)"/>
      <nite:child href="ES2009d.D.words.xml#id(ES2009d.D.words918)"/>
   </you-usage>
   <you-usage nite:id="ES2009d.D.you.13" unsure="false">
      <nite:pointer role="type"  href="you-types.xml#id(you_11)"/>
      <nite:child href="ES2009d.D.words.xml#id(ES2009d.D.words1083)"/>
   </you-usage>
   <you-usage nite:id="ES2009d.D.you.14" unsure="false">
      <nite:pointer role="type"  href="you-types.xml#id(you_11)"/>
      <nite:child href="ES2009d.D.words.xml#id(ES2009d.D.words1091)"/>
   </you-usage>
   <you-usage nite:id="ES2009d.D.you.15" unsure="false">
      <nite:pointer role="type"  href="you-types.xml#id(you_2)"/>
      <nite:child href="ES2009d.D.words.xml#id(ES2009d.D.words1109)"/>
   </you-usage>
   <you-usage nite:id="ES2009d.D.you.16" unsure="false">
      <nite:pointer role="type"  href="you-types.xml#id(you_3)"/>
      <nite:child href="ES2009d.D.words.xml#id(ES2009d.D.words1179)"/>
   </you-usage>
   <you-usage nite:id="ES2009d.D.you.17" unsure="false">
      <nite:pointer role="type"  href="you-types.xml#id(you_3)"/>
      <nite:child href="ES2009d.D.words.xml#id(ES2009d.D.words1187)"/>
   </you-usage>
   <you-usage nite:id="ES2009d.D.you.18" unsure="false">
      <nite:pointer role="type"  href="you-types.xml#id(you_3)"/>
      <nite:child href="ES2009d.D.words.xml#id(ES2009d.D.words1244)"/>
   </you-usage>
   <you-usage nite:id="ES2009d.D.you.19" unsure="false">
      <nite:pointer role="type"  href="you-types.xml#id(you_3)"/>
      <nite:child href="ES2009d.D.words.xml#id(ES2009d.D.words1583)"/>
   </you-usage>
   <you-usage nite:id="ES2009d.D.you.20" unsure="false">
      <nite:pointer role="type"  href="you-types.xml#id(you_12)"/>
      <nite:child href="ES2009d.D.words.xml#id(ES2009d.D.words1667)"/>
   </you-usage>
   <you-usage nite:id="ES2009d.D.you.21" unsure="false">
      <nite:pointer role="type"  href="you-types.xml#id(you_3)"/>
      <nite:child href="ES2009d.D.words.xml#id(ES2009d.D.words1679)"/>
   </you-usage>
   <you-usage nite:id="ES2009d.D.you.22" unsure="false">
      <nite:pointer role="type"  href="you-types.xml#id(you_3)"/>
      <nite:child href="ES2009d.D.words.xml#id(ES2009d.D.words1682)"/>
   </you-usage>
   <you-usage nite:id="ES2009d.D.you.23" unsure="false">
      <nite:pointer role="type"  href="you-types.xml#id(you_11)"/>
      <nite:child href="ES2009d.D.words.xml#id(ES2009d.D.words1759)"/>
   </you-usage>
   <you-usage nite:id="ES2009d.D.you.24" unsure="false">
      <nite:pointer role="type"  href="you-types.xml#id(you_3)"/>
      <nite:child href="ES2009d.D.words.xml#id(ES2009d.D.words1836)"/>
   </you-usage>
   <you-usage nite:id="ES2009d.D.you.25" unsure="false">
      <nite:pointer role="type"  href="you-types.xml#id(you_12)"/>
      <nite:child href="ES2009d.D.words.xml#id(ES2009d.D.words2188)"/>
   </you-usage>
</nite:root>