<?xml version="1.0" encoding="ISO-8859-1" standalone="yes"?>
<nite:root nite:id="ES2002c.B.you" xmlns:nite="http://nite.sourceforge.net/">
   <you-usage nite:id="ES2002c.B.you.1" unsure="false">
      <nite:pointer role="type"  href="you-types.xml#id(you_12)"/>
      <nite:child href="ES2002c.B.words.xml#id(ES2002c.B.words89)"/>
   </you-usage>
   <you-usage nite:id="ES2002c.B.you.2" unsure="false">
      <nite:pointer role="type"  href="you-types.xml#id(you_12)"/>
      <nite:child href="ES2002c.B.words.xml#id(ES2002c.B.words153)"/>
   </you-usage>
   <you-usage nite:id="ES2002c.B.you.3" unsure="false">
      <nite:pointer role="type"  href="you-types.xml#id(you_12)"/>
      <nite:child href="ES2002c.B.words.xml#id(ES2002c.B.words161)"/>
   </you-usage>
   <you-usage nite:id="ES2002c.B.you.4" unsure="false">
      <nite:pointer role="type"  href="you-types.xml#id(you_12)"/>
      <nite:child href="ES2002c.B.words.xml#id(ES2002c.B.words163)"/>
   </you-usage>
   <you-usage nite:id="ES2002c.B.you.5" unsure="false">
      <nite:pointer role="type"  href="you-types.xml#id(you_11)"/>
      <nite:child href="ES2002c.B.words.xml#id(ES2002c.B.words235)"/>
   </you-usage>
   <you-usage nite:id="ES2002c.B.you.6" unsure="false">
      <nite:pointer role="type"  href="you-types.xml#id(you_3)"/>
      <nite:child href="ES2002c.B.words.xml#id(ES2002c.B.words295)"/>
   </you-usage>
   <you-usage nite:id="ES2002c.B.you.7" unsure="false">
      <nite:pointer role="type"  href="you-types.xml#id(you_11)"/>
      <nite:child href="ES2002c.B.words.xml#id(ES2002c.B.words410)"/>
   </you-usage>
   <you-usage nite:id="ES2002c.B.you.8" unsure="false">
      <nite:pointer role="type"  href="you-types.xml#id(you_11)"/>
      <nite:child href="ES2002c.B.words.xml#id(ES2002c.B.words417)"/>
   </you-usage>
   <you-usage nite:id="ES2002c.B.you.9" unsure="false">
      <nite:pointer role="type"  href="you-types.xml#id(you_11)"/>
      <nite:child href="ES2002c.B.words.xml#id(ES2002c.B.words421)"/>
   </you-usage>
   <you-usage nite:id="ES2002c.B.you.10" unsure="false">
      <nite:pointer role="type"  href="you-types.xml#id(you_3)"/>
      <nite:child href="ES2002c.B.words.xml#id(ES2002c.B.words476)"/>
   </you-usage>
   <you-usage nite:id="ES2002c.B.you.11" unsure="false">
      <nite:pointer role="type"  href="you-types.xml#id(you_11)"/>
      <nite:child href="ES2002c.B.words.xml#id(ES2002c.B.words539)"/>
   </you-usage>
   <you-usage nite:id="ES2002c.B.you.12" unsure="false">
      <nite:pointer role="type"  href="you-types.xml#id(you_2)"/>
      <nite:child href="ES2002c.B.words.xml#id(ES2002c.B.words567)"/>
   </you-usage>
   <you-usage nite:id="ES2002c.B.you.13" unsure="false">
      <nite:pointer role="type"  href="you-types.xml#id(you_11)"/>
      <nite:child href="ES2002c.B.words.xml#id(ES2002c.B.words592)"/>
   </you-usage>
   <you-usage nite:id="ES2002c.B.you.14" unsure="false">
      <nite:pointer role="type"  href="you-types.xml#id(you_11)"/>
      <nite:child href="ES2002c.B.words.xml#id(ES2002c.B.words622)"/>
   </you-usage>
   <you-usage nite:id="ES2002c.B.you.15" unsure="false">
      <nite:pointer role="type"  href="you-types.xml#id(you_11)"/>
      <nite:child href="ES2002c.B.words.xml#id(ES2002c.B.words667)"/>
   </you-usage>
   <you-usage nite:id="ES2002c.B.you.16" unsure="false">
      <nite:pointer role="type"  href="you-types.xml#id(you_11)"/>
      <nite:child href="ES2002c.B.words.xml#id(ES2002c.B.words680)"/>
   </you-usage>
   <you-usage nite:id="ES2002c.B.you.17" unsure="false">
      <nite:pointer role="type"  href="you-types.xml#id(you_11)"/>
      <nite:child href="ES2002c.B.words.xml#id(ES2002c.B.words684)"/>
   </you-usage>
   <you-usage nite:id="ES2002c.B.you.18" unsure="false">
      <nite:pointer role="type"  href="you-types.xml#id(you_11)"/>
      <nite:child href="ES2002c.B.words.xml#id(ES2002c.B.words795)"/>
   </you-usage>
   <you-usage nite:id="ES2002c.B.you.19" unsure="false">
      <nite:pointer role="type"  href="you-types.xml#id(you_12)"/>
      <nite:child href="ES2002c.B.words.xml#id(ES2002c.B.words858)"/>
   </you-usage>
   <you-usage nite:id="ES2002c.B.you.20" unsure="false">
      <nite:pointer role="type"  href="you-types.xml#id(you_2)"/>
      <nite:child href="ES2002c.B.words.xml#id(ES2002c.B.words878)"/>
   </you-usage>
   <you-usage nite:id="ES2002c.B.you.21" unsure="false">
      <nite:pointer role="type"  href="you-types.xml#id(you_2)"/>
      <nite:child href="ES2002c.B.words.xml#id(ES2002c.B.words884)"/>
   </you-usage>
   <you-usage nite:id="ES2002c.B.you.22" unsure="false">
      <nite:pointer role="type"  href="you-types.xml#id(you_2)"/>
      <nite:child href="ES2002c.B.words.xml#id(ES2002c.B.words886)"/>
   </you-usage>
   <you-usage nite:id="ES2002c.B.you.23" unsure="false">
      <nite:pointer role="type"  href="you-types.xml#id(you_11)"/>
      <nite:child href="ES2002c.B.words.xml#id(ES2002c.B.words905)"/>
   </you-usage>
   <you-usage nite:id="ES2002c.B.you.24" unsure="false">
      <nite:pointer role="type"  href="you-types.xml#id(you_11)"/>
      <nite:child href="ES2002c.B.words.xml#id(ES2002c.B.words912)"/>
   </you-usage>
   <you-usage nite:id="ES2002c.B.you.25" unsure="false">
      <nite:pointer role="type"  href="you-types.xml#id(you_2)"/>
      <nite:child href="ES2002c.B.words.xml#id(ES2002c.B.words925)"/>
   </you-usage>
   <you-usage nite:id="ES2002c.B.you.26" unsure="false">
      <nite:pointer role="type"  href="you-types.xml#id(you_2)"/>
      <nite:child href="ES2002c.B.words.xml#id(ES2002c.B.words930)"/>
   </you-usage>
   <you-usage nite:id="ES2002c.B.you.27" unsure="false">
      <nite:pointer role="type"  href="you-types.xml#id(you_2)"/>
      <nite:child href="ES2002c.B.words.xml#id(ES2002c.B.words943)"/>
   </you-usage>
   <you-usage nite:id="ES2002c.B.you.28" unsure="false">
      <nite:pointer role="type"  href="you-types.xml#id(you_2)"/>
      <nite:child href="ES2002c.B.words.xml#id(ES2002c.B.words948)"/>
   </you-usage>
   <you-usage nite:id="ES2002c.B.you.29" unsure="false">
      <nite:pointer role="type"  href="you-types.xml#id(you_3)"/>
      <nite:child href="ES2002c.B.words.xml#id(ES2002c.B.words1030)"/>
   </you-usage>
   <you-usage nite:id="ES2002c.B.you.30" unsure="false">
      <nite:pointer role="type"  href="you-types.xml#id(you_2)"/>
      <nite:child href="ES2002c.B.words.xml#id(ES2002c.B.words1055)"/>
   </you-usage>
   <you-usage nite:id="ES2002c.B.you.31" unsure="false">
      <nite:pointer role="type"  href="you-types.xml#id(you_2)"/>
      <nite:child href="ES2002c.B.words.xml#id(ES2002c.B.words1058)"/>
   </you-usage>
   <you-usage nite:id="ES2002c.B.you.32" unsure="false">
      <nite:pointer role="type"  href="you-types.xml#id(you_3)"/>
      <nite:child href="ES2002c.B.words.xml#id(ES2002c.B.words1145)"/>
   </you-usage>
   <you-usage nite:id="ES2002c.B.you.33" unsure="false">
      <nite:pointer role="type"  href="you-types.xml#id(you_11)"/>
      <nite:child href="ES2002c.B.words.xml#id(ES2002c.B.words1220)"/>
   </you-usage>
   <you-usage nite:id="ES2002c.B.you.34" unsure="false">
      <nite:pointer role="type"  href="you-types.xml#id(you_12)"/>
      <nite:child href="ES2002c.B.words.xml#id(ES2002c.B.words1273)"/>
   </you-usage>
   <you-usage nite:id="ES2002c.B.you.35" unsure="false">
      <nite:pointer role="type"  href="you-types.xml#id(you_12)"/>
      <nite:child href="ES2002c.B.words.xml#id(ES2002c.B.words1287)"/>
   </you-usage>
   <you-usage nite:id="ES2002c.B.you.36" unsure="false">
      <nite:pointer role="type"  href="you-types.xml#id(you_2)"/>
      <nite:child href="ES2002c.B.words.xml#id(ES2002c.B.words1317)"/>
   </you-usage>
   <you-usage nite:id="ES2002c.B.you.37" unsure="false">
      <nite:pointer role="type"  href="you-types.xml#id(you_2)"/>
      <nite:child href="ES2002c.B.words.xml#id(ES2002c.B.words1328)"/>
   </you-usage>
   <you-usage nite:id="ES2002c.B.you.38" unsure="false">
      <nite:pointer role="type"  href="you-types.xml#id(you_2)"/>
      <nite:child href="ES2002c.B.words.xml#id(ES2002c.B.words1352)"/>
   </you-usage>
   <you-usage nite:id="ES2002c.B.you.39" unsure="false">
      <nite:pointer role="type"  href="you-types.xml#id(you_2)"/>
      <nite:child href="ES2002c.B.words.xml#id(ES2002c.B.words1357)"/>
   </you-usage>
   <you-usage nite:id="ES2002c.B.you.40" unsure="true">
      <nite:pointer role="type"  href="you-types.xml#id(you_2)"/>
      <nite:child href="ES2002c.B.words.xml#id(ES2002c.B.words1413)"/>
   </you-usage>
   <you-usage nite:id="ES2002c.B.you.41" unsure="false">
      <nite:pointer role="type"  href="you-types.xml#id(you_11)"/>
      <nite:child href="ES2002c.B.words.xml#id(ES2002c.B.words1528)"/>
   </you-usage>
   <you-usage nite:id="ES2002c.B.you.42" unsure="false">
      <nite:pointer role="type"  href="you-types.xml#id(you_11)"/>
      <nite:child href="ES2002c.B.words.xml#id(ES2002c.B.words1543)"/>
   </you-usage>
   <you-usage nite:id="ES2002c.B.you.43" unsure="false">
      <nite:pointer role="type"  href="you-types.xml#id(you_11)"/>
      <nite:child href="ES2002c.B.words.xml#id(ES2002c.B.words1567)"/>
   </you-usage>
   <you-usage nite:id="ES2002c.B.you.44" unsure="false">
      <nite:pointer role="type"  href="you-types.xml#id(you_12)"/>
      <nite:child href="ES2002c.B.words.xml#id(ES2002c.B.words1578)"/>
   </you-usage>
   <you-usage nite:id="ES2002c.B.you.45" unsure="false">
      <nite:pointer role="type"  href="you-types.xml#id(you_12)"/>
      <nite:child href="ES2002c.B.words.xml#id(ES2002c.B.words1625)"/>
   </you-usage>
   <you-usage nite:id="ES2002c.B.you.46" unsure="false">
      <nite:pointer role="type"  href="you-types.xml#id(you_2)"/>
      <nite:child href="ES2002c.B.words.xml#id(ES2002c.B.words1647)"/>
   </you-usage>
   <you-usage nite:id="ES2002c.B.you.47" unsure="false">
      <nite:pointer role="type"  href="you-types.xml#id(you_2)"/>
      <nite:child href="ES2002c.B.words.xml#id(ES2002c.B.words1683)"/>
   </you-usage>
   <you-usage nite:id="ES2002c.B.you.48" unsure="false">
      <nite:pointer role="type"  href="you-types.xml#id(you_2)"/>
      <nite:child href="ES2002c.B.words.xml#id(ES2002c.B.words1685)"/>
   </you-usage>
   <you-usage nite:id="ES2002c.B.you.49" unsure="false">
      <nite:pointer role="type"  href="you-types.xml#id(you_2)"/>
      <nite:child href="ES2002c.B.words.xml#id(ES2002c.B.words1688)"/>
   </you-usage>
   <you-usage nite:id="ES2002c.B.you.50" unsure="false">
      <nite:pointer role="type"  href="you-types.xml#id(you_2)"/>
      <nite:child href="ES2002c.B.words.xml#id(ES2002c.B.words1694)"/>
   </you-usage>
   <you-usage nite:id="ES2002c.B.you.51" unsure="false">
      <nite:pointer role="type"  href="you-types.xml#id(you_2)"/>
      <nite:child href="ES2002c.B.words.xml#id(ES2002c.B.words1702)"/>
   </you-usage>
   <you-usage nite:id="ES2002c.B.you.52" unsure="false">
      <nite:pointer role="type"  href="you-types.xml#id(you_2)"/>
      <nite:child href="ES2002c.B.words.xml#id(ES2002c.B.words1840)"/>
   </you-usage>
   <you-usage nite:id="ES2002c.B.you.53" unsure="false">
      <nite:pointer role="type"  href="you-types.xml#id(you_11)"/>
      <nite:child href="ES2002c.B.words.xml#id(ES2002c.B.words1850)"/>
   </you-usage>
   <you-usage nite:id="ES2002c.B.you.54" unsure="false">
      <nite:pointer role="type"  href="you-types.xml#id(you_2)"/>
      <nite:child href="ES2002c.B.words.xml#id(ES2002c.B.words1866)"/>
   </you-usage>
   <you-usage nite:id="ES2002c.B.you.55" unsure="false">
      <nite:pointer role="type"  href="you-types.xml#id(you_2)"/>
      <nite:child href="ES2002c.B.words.xml#id(ES2002c.B.words1871)"/>
   </you-usage>
   <you-usage nite:id="ES2002c.B.you.56" unsure="false">
      <nite:pointer role="type"  href="you-types.xml#id(you_2)"/>
      <nite:child href="ES2002c.B.words.xml#id(ES2002c.B.words1873)"/>
   </you-usage>
   <you-usage nite:id="ES2002c.B.you.57" unsure="false">
      <nite:pointer role="type"  href="you-types.xml#id(you_2)"/>
      <nite:child href="ES2002c.B.words.xml#id(ES2002c.B.words1875)"/>
   </you-usage>
   <you-usage nite:id="ES2002c.B.you.58" unsure="false">
      <nite:pointer role="type"  href="you-types.xml#id(you_2)"/>
      <nite:child href="ES2002c.B.words.xml#id(ES2002c.B.words1881)"/>
   </you-usage>
   <you-usage nite:id="ES2002c.B.you.59" unsure="false">
      <nite:pointer role="type"  href="you-types.xml#id(you_2)"/>
      <nite:child href="ES2002c.B.words.xml#id(ES2002c.B.words1884)"/>
   </you-usage>
   <you-usage nite:id="ES2002c.B.you.60" unsure="false">
      <nite:pointer role="type"  href="you-types.xml#id(you_2)"/>
      <nite:child href="ES2002c.B.words.xml#id(ES2002c.B.words1888)"/>
   </you-usage>
   <you-usage nite:id="ES2002c.B.you.61" unsure="false">
      <nite:pointer role="type"  href="you-types.xml#id(you_2)"/>
      <nite:child href="ES2002c.B.words.xml#id(ES2002c.B.words1890)"/>
   </you-usage>
   <you-usage nite:id="ES2002c.B.you.62" unsure="false">
      <nite:pointer role="type"  href="you-types.xml#id(you_11)"/>
      <nite:child href="ES2002c.B.words.xml#id(ES2002c.B.words1894)"/>
   </you-usage>
   <you-usage nite:id="ES2002c.B.you.63" unsure="false">
      <nite:pointer role="type"  href="you-types.xml#id(you_3)"/>
      <nite:child href="ES2002c.B.words.xml#id(ES2002c.B.words1955)"/>
   </you-usage>
   <you-usage nite:id="ES2002c.B.you.64" unsure="false">
      <nite:pointer role="type"  href="you-types.xml#id(you_12)"/>
      <nite:child href="ES2002c.B.words.xml#id(ES2002c.B.words2060)"/>
   </you-usage>
   <you-usage nite:id="ES2002c.B.you.65" unsure="false">
      <nite:pointer role="type"  href="you-types.xml#id(you_12)"/>
      <nite:child href="ES2002c.B.words.xml#id(ES2002c.B.words2096)"/>
   </you-usage>
   <you-usage nite:id="ES2002c.B.you.66" unsure="false">
      <nite:pointer role="type"  href="you-types.xml#id(you_12)"/>
      <nite:child href="ES2002c.B.words.xml#id(ES2002c.B.words2106)"/>
   </you-usage>
   <you-usage nite:id="ES2002c.B.you.67" unsure="false">
      <nite:pointer role="type"  href="you-types.xml#id(you_12)"/>
      <nite:child href="ES2002c.B.words.xml#id(ES2002c.B.words2153)"/>
   </you-usage>
   <you-usage nite:id="ES2002c.B.you.68" unsure="false">
      <nite:pointer role="type"  href="you-types.xml#id(you_12)"/>
      <nite:child href="ES2002c.B.words.xml#id(ES2002c.B.words2184)"/>
   </you-usage>
   <you-usage nite:id="ES2002c.B.you.69" unsure="false">
      <nite:pointer role="type"  href="you-types.xml#id(you_12)"/>
      <nite:child href="ES2002c.B.words.xml#id(ES2002c.B.words2263)"/>
   </you-usage>
</nite:root>