<?xml version="1.0" encoding="ISO-8859-1" standalone="yes"?>
<nite:root nite:id="ES2002a.B.you" xmlns:nite="http://nite.sourceforge.net/">
   <you-usage nite:id="ES2002a.B.you.1" unsure="true">
      <nite:pointer role="type"  href="you-types.xml#id(you_12)"/>
      <nite:child href="ES2002a.B.words.xml#id(ES2002a.B.words65)"/>
   </you-usage>
   <you-usage nite:id="ES2002a.B.you.2" unsure="true">
      <nite:pointer role="type"  href="you-types.xml#id(you_12)"/>
      <nite:child href="ES2002a.B.words.xml#id(ES2002a.B.words69)"/>
   </you-usage>
   <you-usage nite:id="ES2002a.B.you.3" unsure="false">
      <nite:pointer role="type"  href="you-types.xml#id(you_12)"/>
      <nite:child href="ES2002a.B.words.xml#id(ES2002a.B.words111)"/>
   </you-usage>
   <you-usage nite:id="ES2002a.B.you.4" unsure="false">
      <nite:pointer role="type"  href="you-types.xml#id(you_12)"/>
      <nite:child href="ES2002a.B.words.xml#id(ES2002a.B.words132)"/>
   </you-usage>
   <you-usage nite:id="ES2002a.B.you.5" unsure="false">
      <nite:pointer role="type"  href="you-types.xml#id(you_12)"/>
      <nite:child href="ES2002a.B.words.xml#id(ES2002a.B.words178)"/>
   </you-usage>
   <you-usage nite:id="ES2002a.B.you.6" unsure="false">
      <nite:pointer role="type"  href="you-types.xml#id(you_12)"/>
      <nite:child href="ES2002a.B.words.xml#id(ES2002a.B.words185)"/>
   </you-usage>
   <you-usage nite:id="ES2002a.B.you.7" unsure="true">
      <nite:pointer role="type"  href="you-types.xml#id(you_12)"/>
      <nite:child href="ES2002a.B.words.xml#id(ES2002a.B.words190)"/>
   </you-usage>
   <you-usage nite:id="ES2002a.B.you.8" unsure="false">
      <nite:pointer role="type"  href="you-types.xml#id(you_12)"/>
      <nite:child href="ES2002a.B.words.xml#id(ES2002a.B.words245)"/>
   </you-usage>
   <you-usage nite:id="ES2002a.B.you.9" unsure="false">
      <nite:pointer role="type"  href="you-types.xml#id(you_12)"/>
      <nite:child href="ES2002a.B.words.xml#id(ES2002a.B.words249)"/>
   </you-usage>
   <you-usage nite:id="ES2002a.B.you.10" unsure="false">
      <nite:pointer role="type"  href="you-types.xml#id(you_12)"/>
      <nite:child href="ES2002a.B.words.xml#id(ES2002a.B.words255)"/>
   </you-usage>
   <you-usage nite:id="ES2002a.B.you.11" unsure="false">
      <nite:pointer role="type"  href="you-types.xml#id(you_11)"/>
      <nite:child href="ES2002a.B.words.xml#id(ES2002a.B.words288)"/>
   </you-usage>
   <you-usage nite:id="ES2002a.B.you.12" unsure="false">
      <nite:pointer role="type"  href="you-types.xml#id(you_11)"/>
      <nite:child href="ES2002a.B.words.xml#id(ES2002a.B.words296)"/>
   </you-usage>
   <you-usage nite:id="ES2002a.B.you.13" unsure="false">
      <nite:pointer role="type"  href="you-types.xml#id(you_11)"/>
      <nite:child href="ES2002a.B.words.xml#id(ES2002a.B.words319)"/>
   </you-usage>
   <you-usage nite:id="ES2002a.B.you.14" unsure="false">
      <nite:pointer role="type"  href="you-types.xml#id(you_11)"/>
      <nite:child href="ES2002a.B.words.xml#id(ES2002a.B.words336)"/>
   </you-usage>
   <you-usage nite:id="ES2002a.B.you.15" unsure="false">
      <nite:pointer role="type"  href="you-types.xml#id(you_11)"/>
      <nite:child href="ES2002a.B.words.xml#id(ES2002a.B.words438)"/>
   </you-usage>
   <you-usage nite:id="ES2002a.B.you.16" unsure="false">
      <nite:pointer role="type"  href="you-types.xml#id(you_11)"/>
      <nite:child href="ES2002a.B.words.xml#id(ES2002a.B.words445)"/>
   </you-usage>
   <you-usage nite:id="ES2002a.B.you.17" unsure="false">
      <nite:pointer role="type"  href="you-types.xml#id(you_2)"/>
      <nite:child href="ES2002a.B.words.xml#id(ES2002a.B.words490)"/>
   </you-usage>
   <you-usage nite:id="ES2002a.B.you.18" unsure="false">
      <nite:pointer role="type"  href="you-types.xml#id(you_3)"/>
      <nite:child href="ES2002a.B.words.xml#id(ES2002a.B.words509)"/>
   </you-usage>
   <you-usage nite:id="ES2002a.B.you.19" unsure="false">
      <nite:pointer role="type"  href="you-types.xml#id(you_11)"/>
      <nite:child href="ES2002a.B.words.xml#id(ES2002a.B.words601)"/>
   </you-usage>
   <you-usage nite:id="ES2002a.B.you.20" unsure="false">
      <nite:pointer role="type"  href="you-types.xml#id(you_11)"/>
      <nite:child href="ES2002a.B.words.xml#id(ES2002a.B.words758)"/>
   </you-usage>
   <you-usage nite:id="ES2002a.B.you.21" unsure="false">
      <nite:pointer role="type"  href="you-types.xml#id(you_11)"/>
      <nite:child href="ES2002a.B.words.xml#id(ES2002a.B.words812)"/>
   </you-usage>
   <you-usage nite:id="ES2002a.B.you.22" unsure="false">
      <nite:pointer role="type"  href="you-types.xml#id(you_11)"/>
      <nite:child href="ES2002a.B.words.xml#id(ES2002a.B.words867)"/>
   </you-usage>
   <you-usage nite:id="ES2002a.B.you.23" unsure="false">
      <nite:pointer role="type"  href="you-types.xml#id(you_3)"/>
      <nite:child href="ES2002a.B.words.xml#id(ES2002a.B.words904)"/>
   </you-usage>
   <you-usage nite:id="ES2002a.B.you.24" unsure="false">
      <nite:pointer role="type"  href="you-types.xml#id(you_2)"/>
      <nite:child href="ES2002a.B.words.xml#id(ES2002a.B.words972)"/>
   </you-usage>
   <you-usage nite:id="ES2002a.B.you.25" unsure="false">
      <nite:pointer role="type"  href="you-types.xml#id(you_2)"/>
      <nite:child href="ES2002a.B.words.xml#id(ES2002a.B.words1040)"/>
   </you-usage>
   <you-usage nite:id="ES2002a.B.you.26" unsure="false">
      <nite:pointer role="type"  href="you-types.xml#id(you_2)"/>
      <nite:child href="ES2002a.B.words.xml#id(ES2002a.B.words1044)"/>
   </you-usage>
   <you-usage nite:id="ES2002a.B.you.27" unsure="false">
      <nite:pointer role="type"  href="you-types.xml#id(you_2)"/>
      <nite:child href="ES2002a.B.words.xml#id(ES2002a.B.words1048)"/>
   </you-usage>
   <you-usage nite:id="ES2002a.B.you.28" unsure="false">
      <nite:pointer role="type"  href="you-types.xml#id(you_11)"/>
      <nite:child href="ES2002a.B.words.xml#id(ES2002a.B.words1081)"/>
   </you-usage>
   <you-usage nite:id="ES2002a.B.you.29" unsure="false">
      <nite:pointer role="type"  href="you-types.xml#id(you_11)"/>
      <nite:child href="ES2002a.B.words.xml#id(ES2002a.B.words1096)"/>
   </you-usage>
   <you-usage nite:id="ES2002a.B.you.30" unsure="false">
      <nite:pointer role="type"  href="you-types.xml#id(you_2)"/>
      <nite:child href="ES2002a.B.words.xml#id(ES2002a.B.words1100)"/>
   </you-usage>
   <you-usage nite:id="ES2002a.B.you.31" unsure="false">
      <nite:pointer role="type"  href="you-types.xml#id(you_2)"/>
      <nite:child href="ES2002a.B.words.xml#id(ES2002a.B.words1101)"/>
   </you-usage>
   <you-usage nite:id="ES2002a.B.you.32" unsure="false">
      <nite:pointer role="type"  href="you-types.xml#id(you_2)"/>
      <nite:child href="ES2002a.B.words.xml#id(ES2002a.B.words1104)"/>
   </you-usage>
   <you-usage nite:id="ES2002a.B.you.33" unsure="false">
      <nite:pointer role="type"  href="you-types.xml#id(you_2)"/>
      <nite:child href="ES2002a.B.words.xml#id(ES2002a.B.words1108)"/>
   </you-usage>
   <you-usage nite:id="ES2002a.B.you.34" unsure="false">
      <nite:pointer role="type"  href="you-types.xml#id(you_2)"/>
      <nite:child href="ES2002a.B.words.xml#id(ES2002a.B.words1122)"/>
   </you-usage>
   <you-usage nite:id="ES2002a.B.you.35" unsure="false">
      <nite:pointer role="type"  href="you-types.xml#id(you_2)"/>
      <nite:child href="ES2002a.B.words.xml#id(ES2002a.B.words1129)"/>
   </you-usage>
   <you-usage nite:id="ES2002a.B.you.36" unsure="false">
      <nite:pointer role="type"  href="you-types.xml#id(you_2)"/>
      <nite:child href="ES2002a.B.words.xml#id(ES2002a.B.words1134)"/>
   </you-usage>
   <you-usage nite:id="ES2002a.B.you.37" unsure="false">
      <nite:pointer role="type"  href="you-types.xml#id(you_2)"/>
      <nite:child href="ES2002a.B.words.xml#id(ES2002a.B.words1229)"/>
   </you-usage>
   <you-usage nite:id="ES2002a.B.you.38" unsure="false">
      <nite:pointer role="type"  href="you-types.xml#id(you_2)"/>
      <nite:child href="ES2002a.B.words.xml#id(ES2002a.B.words1239)"/>
   </you-usage>
   <you-usage nite:id="ES2002a.B.you.39" unsure="false">
      <nite:pointer role="type"  href="you-types.xml#id(you_2)"/>
      <nite:child href="ES2002a.B.words.xml#id(ES2002a.B.words1244)"/>
   </you-usage>
   <you-usage nite:id="ES2002a.B.you.40" unsure="false">
      <nite:pointer role="type"  href="you-types.xml#id(you_2)"/>
      <nite:child href="ES2002a.B.words.xml#id(ES2002a.B.words1248)"/>
   </you-usage>
   <you-usage nite:id="ES2002a.B.you.41" unsure="true">
      <nite:pointer role="type"  href="you-types.xml#id(you_11)"/>
      <nite:child href="ES2002a.B.words.xml#id(ES2002a.B.words1275)"/>
   </you-usage>
   <you-usage nite:id="ES2002a.B.you.42" unsure="false">
      <nite:pointer role="type"  href="you-types.xml#id(you_11)"/>
      <nite:child href="ES2002a.B.words.xml#id(ES2002a.B.words1371)"/>
   </you-usage>
   <you-usage nite:id="ES2002a.B.you.43" unsure="false">
      <nite:pointer role="type"  href="you-types.xml#id(you_11)"/>
      <nite:child href="ES2002a.B.words.xml#id(ES2002a.B.words1376)"/>
   </you-usage>
   <you-usage nite:id="ES2002a.B.you.44" unsure="false">
      <nite:pointer role="type"  href="you-types.xml#id(you_11)"/>
      <nite:child href="ES2002a.B.words.xml#id(ES2002a.B.words1386)"/>
   </you-usage>
   <you-usage nite:id="ES2002a.B.you.45" unsure="false">
      <nite:pointer role="type"  href="you-types.xml#id(you_11)"/>
      <nite:child href="ES2002a.B.words.xml#id(ES2002a.B.words1389)"/>
   </you-usage>
   <you-usage nite:id="ES2002a.B.you.46" unsure="false">
      <nite:pointer role="type"  href="you-types.xml#id(you_2)"/>
      <nite:child href="ES2002a.B.words.xml#id(ES2002a.B.words1404)"/>
   </you-usage>
   <you-usage nite:id="ES2002a.B.you.47" unsure="false">
      <nite:pointer role="type"  href="you-types.xml#id(you_11)"/>
      <nite:child href="ES2002a.B.words.xml#id(ES2002a.B.words1424)"/>
   </you-usage>
   <you-usage nite:id="ES2002a.B.you.48" unsure="false">
      <nite:pointer role="type"  href="you-types.xml#id(you_11)"/>
      <nite:child href="ES2002a.B.words.xml#id(ES2002a.B.words1435)"/>
   </you-usage>
   <you-usage nite:id="ES2002a.B.you.49" unsure="false">
      <nite:pointer role="type"  href="you-types.xml#id(you_12)"/>
      <nite:child href="ES2002a.B.words.xml#id(ES2002a.B.words1447)"/>
   </you-usage>
   <you-usage nite:id="ES2002a.B.you.50" unsure="false">
      <nite:pointer role="type"  href="you-types.xml#id(you_12)"/>
      <nite:child href="ES2002a.B.words.xml#id(ES2002a.B.words1453)"/>
   </you-usage>
   <you-usage nite:id="ES2002a.B.you.51" unsure="false">
      <nite:pointer role="type"  href="you-types.xml#id(you_2)"/>
      <nite:child href="ES2002a.B.words.xml#id(ES2002a.B.words1535)"/>
   </you-usage>
   <you-usage nite:id="ES2002a.B.you.52" unsure="false">
      <nite:pointer role="type"  href="you-types.xml#id(you_3)"/>
      <nite:child href="ES2002a.B.words.xml#id(ES2002a.B.words1550)"/>
   </you-usage>
   <you-usage nite:id="ES2002a.B.you.53" unsure="false">
      <nite:pointer role="type"  href="you-types.xml#id(you_12)"/>
      <nite:child href="ES2002a.B.words.xml#id(ES2002a.B.words1582)"/>
   </you-usage>
</nite:root>