<?xml version="1.0" encoding="ISO-8859-1" standalone="yes"?>
<nite:root nite:id="ES2002c.A.you" xmlns:nite="http://nite.sourceforge.net/">
   <you-usage nite:id="ES2002c.A.you.1" unsure="false">
      <nite:pointer role="type"  href="you-types.xml#id(you_11)"/>
      <nite:child href="ES2002c.A.words.xml#id(ES2002c.A.words11)"/>
   </you-usage>
   <you-usage nite:id="ES2002c.A.you.2" unsure="false">
      <nite:pointer role="type"  href="you-types.xml#id(you_12)"/>
      <nite:child href="ES2002c.A.words.xml#id(ES2002c.A.words121)"/>
   </you-usage>
   <you-usage nite:id="ES2002c.A.you.3" unsure="false">
      <nite:pointer role="type"  href="you-types.xml#id(you_12)"/>
      <nite:child href="ES2002c.A.words.xml#id(ES2002c.A.words136)"/>
   </you-usage>
   <you-usage nite:id="ES2002c.A.you.4" unsure="false">
      <nite:pointer role="type"  href="you-types.xml#id(you_12)"/>
      <nite:child href="ES2002c.A.words.xml#id(ES2002c.A.words156)"/>
   </you-usage>
   <you-usage nite:id="ES2002c.A.you.5" unsure="false">
      <nite:pointer role="type"  href="you-types.xml#id(you_12)"/>
      <nite:child href="ES2002c.A.words.xml#id(ES2002c.A.words174)"/>
   </you-usage>
   <you-usage nite:id="ES2002c.A.you.6" unsure="false">
      <nite:pointer role="type"  href="you-types.xml#id(you_12)"/>
      <nite:child href="ES2002c.A.words.xml#id(ES2002c.A.words211)"/>
   </you-usage>
   <you-usage nite:id="ES2002c.A.you.7" unsure="false">
      <nite:pointer role="type"  href="you-types.xml#id(you_2)"/>
      <nite:child href="ES2002c.A.words.xml#id(ES2002c.A.words264)"/>
   </you-usage>
   <you-usage nite:id="ES2002c.A.you.8" unsure="false">
      <nite:pointer role="type"  href="you-types.xml#id(you_2)"/>
      <nite:child href="ES2002c.A.words.xml#id(ES2002c.A.words271)"/>
   </you-usage>
   <you-usage nite:id="ES2002c.A.you.9" unsure="false">
      <nite:pointer role="type"  href="you-types.xml#id(you_2)"/>
      <nite:child href="ES2002c.A.words.xml#id(ES2002c.A.words289)"/>
   </you-usage>
   <you-usage nite:id="ES2002c.A.you.10" unsure="false">
      <nite:pointer role="type"  href="you-types.xml#id(you_3)"/>
      <nite:child href="ES2002c.A.words.xml#id(ES2002c.A.words336)"/>
   </you-usage>
   <you-usage nite:id="ES2002c.A.you.11" unsure="false">
      <nite:pointer role="type"  href="you-types.xml#id(you_12)"/>
      <nite:child href="ES2002c.A.words.xml#id(ES2002c.A.words375)"/>
   </you-usage>
   <you-usage nite:id="ES2002c.A.you.12" unsure="false">
      <nite:pointer role="type"  href="you-types.xml#id(you_12)"/>
      <nite:child href="ES2002c.A.words.xml#id(ES2002c.A.words395)"/>
   </you-usage>
   <you-usage nite:id="ES2002c.A.you.13" unsure="false">
      <nite:pointer role="type"  href="you-types.xml#id(you_2)"/>
      <nite:child href="ES2002c.A.words.xml#id(ES2002c.A.words433)"/>
   </you-usage>
   <you-usage nite:id="ES2002c.A.you.14" unsure="true">
      <nite:pointer role="type"  href="you-types.xml#id(you_12)"/>
      <nite:child href="ES2002c.A.words.xml#id(ES2002c.A.words461)"/>
   </you-usage>
   <you-usage nite:id="ES2002c.A.you.15" unsure="false">
      <nite:pointer role="type"  href="you-types.xml#id(you_12)"/>
      <nite:child href="ES2002c.A.words.xml#id(ES2002c.A.words473)"/>
   </you-usage>
   <you-usage nite:id="ES2002c.A.you.16" unsure="false">
      <nite:pointer role="type"  href="you-types.xml#id(you_2)"/>
      <nite:child href="ES2002c.A.words.xml#id(ES2002c.A.words497)"/>
   </you-usage>
   <you-usage nite:id="ES2002c.A.you.17" unsure="false">
      <nite:pointer role="type"  href="you-types.xml#id(you_2)"/>
      <nite:child href="ES2002c.A.words.xml#id(ES2002c.A.words505)"/>
   </you-usage>
   <you-usage nite:id="ES2002c.A.you.18" unsure="false">
      <nite:pointer role="type"  href="you-types.xml#id(you_12)"/>
      <nite:child href="ES2002c.A.words.xml#id(ES2002c.A.words549)"/>
   </you-usage>
   <you-usage nite:id="ES2002c.A.you.19" unsure="false">
      <nite:pointer role="type"  href="you-types.xml#id(you_12)"/>
      <nite:child href="ES2002c.A.words.xml#id(ES2002c.A.words554)"/>
   </you-usage>
   <you-usage nite:id="ES2002c.A.you.20" unsure="false">
      <nite:pointer role="type"  href="you-types.xml#id(you_2)"/>
      <nite:child href="ES2002c.A.words.xml#id(ES2002c.A.words597)"/>
   </you-usage>
   <you-usage nite:id="ES2002c.A.you.21" unsure="false">
      <nite:pointer role="type"  href="you-types.xml#id(you_2)"/>
      <nite:child href="ES2002c.A.words.xml#id(ES2002c.A.words605)"/>
   </you-usage>
   <you-usage nite:id="ES2002c.A.you.22" unsure="false">
      <nite:pointer role="type"  href="you-types.xml#id(you_12)"/>
      <nite:child href="ES2002c.A.words.xml#id(ES2002c.A.words621)"/>
   </you-usage>
   <you-usage nite:id="ES2002c.A.you.23" unsure="false">
      <nite:pointer role="type"  href="you-types.xml#id(you_2)"/>
      <nite:child href="ES2002c.A.words.xml#id(ES2002c.A.words627)"/>
   </you-usage>
   <you-usage nite:id="ES2002c.A.you.24" unsure="false">
      <nite:pointer role="type"  href="you-types.xml#id(you_2)"/>
      <nite:child href="ES2002c.A.words.xml#id(ES2002c.A.words689)"/>
   </you-usage>
   <you-usage nite:id="ES2002c.A.you.25" unsure="false">
      <nite:pointer role="type"  href="you-types.xml#id(you_2)"/>
      <nite:child href="ES2002c.A.words.xml#id(ES2002c.A.words722)"/>
   </you-usage>
   <you-usage nite:id="ES2002c.A.you.26" unsure="false">
      <nite:pointer role="type"  href="you-types.xml#id(you_3)"/>
      <nite:child href="ES2002c.A.words.xml#id(ES2002c.A.words736)"/>
   </you-usage>
   <you-usage nite:id="ES2002c.A.you.27" unsure="false">
      <nite:pointer role="type"  href="you-types.xml#id(you_3)"/>
      <nite:child href="ES2002c.A.words.xml#id(ES2002c.A.words754)"/>
   </you-usage>
   <you-usage nite:id="ES2002c.A.you.28" unsure="false">
      <nite:pointer role="type"  href="you-types.xml#id(you_2)"/>
      <nite:child href="ES2002c.A.words.xml#id(ES2002c.A.words798)"/>
   </you-usage>
   <you-usage nite:id="ES2002c.A.you.29" unsure="false">
      <nite:pointer role="type"  href="you-types.xml#id(you_3)"/>
      <nite:child href="ES2002c.A.words.xml#id(ES2002c.A.words890)"/>
   </you-usage>
   <you-usage nite:id="ES2002c.A.you.30" unsure="false">
      <nite:pointer role="type"  href="you-types.xml#id(you_2)"/>
      <nite:child href="ES2002c.A.words.xml#id(ES2002c.A.words920)"/>
   </you-usage>
   <you-usage nite:id="ES2002c.A.you.31" unsure="false">
      <nite:pointer role="type"  href="you-types.xml#id(you_2)"/>
      <nite:child href="ES2002c.A.words.xml#id(ES2002c.A.words927)"/>
   </you-usage>
   <you-usage nite:id="ES2002c.A.you.32" unsure="false">
      <nite:pointer role="type"  href="you-types.xml#id(you_2)"/>
      <nite:child href="ES2002c.A.words.xml#id(ES2002c.A.words939)"/>
   </you-usage>
   <you-usage nite:id="ES2002c.A.you.33" unsure="false">
      <nite:pointer role="type"  href="you-types.xml#id(you_2)"/>
      <nite:child href="ES2002c.A.words.xml#id(ES2002c.A.words986)"/>
   </you-usage>
   <you-usage nite:id="ES2002c.A.you.34" unsure="false">
      <nite:pointer role="type"  href="you-types.xml#id(you_2)"/>
      <nite:child href="ES2002c.A.words.xml#id(ES2002c.A.words996)"/>
   </you-usage>
   <you-usage nite:id="ES2002c.A.you.35" unsure="false">
      <nite:pointer role="type"  href="you-types.xml#id(you_3)"/>
      <nite:child href="ES2002c.A.words.xml#id(ES2002c.A.words1067)"/>
   </you-usage>
   <you-usage nite:id="ES2002c.A.you.36" unsure="false">
      <nite:pointer role="type"  href="you-types.xml#id(you_3)"/>
      <nite:child href="ES2002c.A.words.xml#id(ES2002c.A.words1069)"/>
   </you-usage>
   <you-usage nite:id="ES2002c.A.you.37" unsure="false">
      <nite:pointer role="type"  href="you-types.xml#id(you_2)"/>
      <nite:child href="ES2002c.A.words.xml#id(ES2002c.A.words1071)"/>
   </you-usage>
   <you-usage nite:id="ES2002c.A.you.38" unsure="false">
      <nite:pointer role="type"  href="you-types.xml#id(you_2)"/>
      <nite:child href="ES2002c.A.words.xml#id(ES2002c.A.words1074)"/>
   </you-usage>
   <you-usage nite:id="ES2002c.A.you.39" unsure="false">
      <nite:pointer role="type"  href="you-types.xml#id(you_2)"/>
      <nite:child href="ES2002c.A.words.xml#id(ES2002c.A.words1079)"/>
   </you-usage>
   <you-usage nite:id="ES2002c.A.you.40" unsure="false">
      <nite:pointer role="type"  href="you-types.xml#id(you_2)"/>
      <nite:child href="ES2002c.A.words.xml#id(ES2002c.A.words1085)"/>
   </you-usage>
   <you-usage nite:id="ES2002c.A.you.41" unsure="false">
      <nite:pointer role="type"  href="you-types.xml#id(you_3)"/>
      <nite:child href="ES2002c.A.words.xml#id(ES2002c.A.words1099)"/>
   </you-usage>
   <you-usage nite:id="ES2002c.A.you.42" unsure="false">
      <nite:pointer role="type"  href="you-types.xml#id(you_3)"/>
      <nite:child href="ES2002c.A.words.xml#id(ES2002c.A.words1110)"/>
   </you-usage>
   <you-usage nite:id="ES2002c.A.you.43" unsure="false">
      <nite:pointer role="type"  href="you-types.xml#id(you_2)"/>
      <nite:child href="ES2002c.A.words.xml#id(ES2002c.A.words1116)"/>
   </you-usage>
   <you-usage nite:id="ES2002c.A.you.44" unsure="false">
      <nite:pointer role="type"  href="you-types.xml#id(you_3)"/>
      <nite:child href="ES2002c.A.words.xml#id(ES2002c.A.words1122)"/>
   </you-usage>
   <you-usage nite:id="ES2002c.A.you.45" unsure="false">
      <nite:pointer role="type"  href="you-types.xml#id(you_3)"/>
      <nite:child href="ES2002c.A.words.xml#id(ES2002c.A.words1130)"/>
   </you-usage>
   <you-usage nite:id="ES2002c.A.you.46" unsure="false">
      <nite:pointer role="type"  href="you-types.xml#id(you_3)"/>
      <nite:child href="ES2002c.A.words.xml#id(ES2002c.A.words1134)"/>
   </you-usage>
   <you-usage nite:id="ES2002c.A.you.47" unsure="false">
      <nite:pointer role="type"  href="you-types.xml#id(you_3)"/>
      <nite:child href="ES2002c.A.words.xml#id(ES2002c.A.words1189)"/>
   </you-usage>
   <you-usage nite:id="ES2002c.A.you.48" unsure="false">
      <nite:pointer role="type"  href="you-types.xml#id(you_3)"/>
      <nite:child href="ES2002c.A.words.xml#id(ES2002c.A.words1192)"/>
   </you-usage>
   <you-usage nite:id="ES2002c.A.you.49" unsure="false">
      <nite:pointer role="type"  href="you-types.xml#id(you_2)"/>
      <nite:child href="ES2002c.A.words.xml#id(ES2002c.A.words1228)"/>
   </you-usage>
   <you-usage nite:id="ES2002c.A.you.50" unsure="false">
      <nite:pointer role="type"  href="you-types.xml#id(you_2)"/>
      <nite:child href="ES2002c.A.words.xml#id(ES2002c.A.words1230)"/>
   </you-usage>
   <you-usage nite:id="ES2002c.A.you.51" unsure="false">
      <nite:pointer role="type"  href="you-types.xml#id(you_2)"/>
      <nite:child href="ES2002c.A.words.xml#id(ES2002c.A.words1233)"/>
   </you-usage>
   <you-usage nite:id="ES2002c.A.you.52" unsure="false">
      <nite:pointer role="type"  href="you-types.xml#id(you_2)"/>
      <nite:child href="ES2002c.A.words.xml#id(ES2002c.A.words1235)"/>
   </you-usage>
   <you-usage nite:id="ES2002c.A.you.53" unsure="false">
      <nite:pointer role="type"  href="you-types.xml#id(you_2)"/>
      <nite:child href="ES2002c.A.words.xml#id(ES2002c.A.words1284)"/>
   </you-usage>
   <you-usage nite:id="ES2002c.A.you.54" unsure="false">
      <nite:pointer role="type"  href="you-types.xml#id(you_2)"/>
      <nite:child href="ES2002c.A.words.xml#id(ES2002c.A.words1304)"/>
   </you-usage>
   <you-usage nite:id="ES2002c.A.you.55" unsure="false">
      <nite:pointer role="type"  href="you-types.xml#id(you_2)"/>
      <nite:child href="ES2002c.A.words.xml#id(ES2002c.A.words1320)"/>
   </you-usage>
   <you-usage nite:id="ES2002c.A.you.56" unsure="false">
      <nite:pointer role="type"  href="you-types.xml#id(you_2)"/>
      <nite:child href="ES2002c.A.words.xml#id(ES2002c.A.words1377)"/>
   </you-usage>
   <you-usage nite:id="ES2002c.A.you.57" unsure="false">
      <nite:pointer role="type"  href="you-types.xml#id(you_11)"/>
      <nite:child href="ES2002c.A.words.xml#id(ES2002c.A.words1442)"/>
   </you-usage>
   <you-usage nite:id="ES2002c.A.you.58" unsure="false">
      <nite:pointer role="type"  href="you-types.xml#id(you_11)"/>
      <nite:child href="ES2002c.A.words.xml#id(ES2002c.A.words1445)"/>
   </you-usage>
   <you-usage nite:id="ES2002c.A.you.59" unsure="false">
      <nite:pointer role="type"  href="you-types.xml#id(you_3)"/>
      <nite:child href="ES2002c.A.words.xml#id(ES2002c.A.words1471)"/>
   </you-usage>
   <you-usage nite:id="ES2002c.A.you.60" unsure="false">
      <nite:pointer role="type"  href="you-types.xml#id(you_2)"/>
      <nite:child href="ES2002c.A.words.xml#id(ES2002c.A.words1502)"/>
   </you-usage>
   <you-usage nite:id="ES2002c.A.you.61" unsure="false">
      <nite:pointer role="type"  href="you-types.xml#id(you_2)"/>
      <nite:child href="ES2002c.A.words.xml#id(ES2002c.A.words1519)"/>
   </you-usage>
   <you-usage nite:id="ES2002c.A.you.62" unsure="false">
      <nite:pointer role="type"  href="you-types.xml#id(you_2)"/>
      <nite:child href="ES2002c.A.words.xml#id(ES2002c.A.words1524)"/>
   </you-usage>
   <you-usage nite:id="ES2002c.A.you.63" unsure="false">
      <nite:pointer role="type"  href="you-types.xml#id(you_2)"/>
      <nite:child href="ES2002c.A.words.xml#id(ES2002c.A.words1541)"/>
   </you-usage>
   <you-usage nite:id="ES2002c.A.you.64" unsure="false">
      <nite:pointer role="type"  href="you-types.xml#id(you_12)"/>
      <nite:child href="ES2002c.A.words.xml#id(ES2002c.A.words1586)"/>
   </you-usage>
   <you-usage nite:id="ES2002c.A.you.65" unsure="false">
      <nite:pointer role="type"  href="you-types.xml#id(you_3)"/>
      <nite:child href="ES2002c.A.words.xml#id(ES2002c.A.words1734)"/>
   </you-usage>
   <you-usage nite:id="ES2002c.A.you.66" unsure="false">
      <nite:pointer role="type"  href="you-types.xml#id(you_2)"/>
      <nite:child href="ES2002c.A.words.xml#id(ES2002c.A.words1827)"/>
   </you-usage>
   <you-usage nite:id="ES2002c.A.you.67" unsure="false">
      <nite:pointer role="type"  href="you-types.xml#id(you_2)"/>
      <nite:child href="ES2002c.A.words.xml#id(ES2002c.A.words1840)"/>
   </you-usage>
   <you-usage nite:id="ES2002c.A.you.68" unsure="false">
      <nite:pointer role="type"  href="you-types.xml#id(you_12)"/>
      <nite:child href="ES2002c.A.words.xml#id(ES2002c.A.words1851)"/>
   </you-usage>
   <you-usage nite:id="ES2002c.A.you.69" unsure="false">
      <nite:pointer role="type"  href="you-types.xml#id(you_11)"/>
      <nite:child href="ES2002c.A.words.xml#id(ES2002c.A.words1873)"/>
   </you-usage>
   <you-usage nite:id="ES2002c.A.you.70" unsure="false">
      <nite:pointer role="type"  href="you-types.xml#id(you_3)"/>
      <nite:child href="ES2002c.A.words.xml#id(ES2002c.A.words1920)"/>
   </you-usage>
   <you-usage nite:id="ES2002c.A.you.71" unsure="false">
      <nite:pointer role="type"  href="you-types.xml#id(you_3)"/>
      <nite:child href="ES2002c.A.words.xml#id(ES2002c.A.words1976)"/>
   </you-usage>
   <you-usage nite:id="ES2002c.A.you.72" unsure="false">
      <nite:pointer role="type"  href="you-types.xml#id(you_3)"/>
      <nite:child href="ES2002c.A.words.xml#id(ES2002c.A.words1978)"/>
   </you-usage>
   <you-usage nite:id="ES2002c.A.you.73" unsure="false">
      <nite:pointer role="type"  href="you-types.xml#id(you_2)"/>
      <nite:child href="ES2002c.A.words.xml#id(ES2002c.A.words2002)"/>
   </you-usage>
   <you-usage nite:id="ES2002c.A.you.74" unsure="true">
      <nite:pointer role="type"  href="you-types.xml#id(you_2)"/>
      <nite:child href="ES2002c.A.words.xml#id(ES2002c.A.words2042)"/>
   </you-usage>
   <you-usage nite:id="ES2002c.A.you.75" unsure="true">
      <nite:pointer role="type"  href="you-types.xml#id(you_2)"/>
      <nite:child href="ES2002c.A.words.xml#id(ES2002c.A.words2048)"/>
   </you-usage>
   <you-usage nite:id="ES2002c.A.you.76" unsure="false">
      <nite:pointer role="type"  href="you-types.xml#id(you_12)"/>
      <nite:child href="ES2002c.A.words.xml#id(ES2002c.A.words2054)"/>
   </you-usage>
   <you-usage nite:id="ES2002c.A.you.77" unsure="false">
      <nite:pointer role="type"  href="you-types.xml#id(you_12)"/>
      <nite:child href="ES2002c.A.words.xml#id(ES2002c.A.words2064)"/>
   </you-usage>
   <you-usage nite:id="ES2002c.A.you.78" unsure="false">
      <nite:pointer role="type"  href="you-types.xml#id(you_2)"/>
      <nite:child href="ES2002c.A.words.xml#id(ES2002c.A.words2077)"/>
   </you-usage>
   <you-usage nite:id="ES2002c.A.you.79" unsure="false">
      <nite:pointer role="type"  href="you-types.xml#id(you_12)"/>
      <nite:child href="ES2002c.A.words.xml#id(ES2002c.A.words2115)"/>
   </you-usage>
   <you-usage nite:id="ES2002c.A.you.80" unsure="false">
      <nite:pointer role="type"  href="you-types.xml#id(you_12)"/>
      <nite:child href="ES2002c.A.words.xml#id(ES2002c.A.words2117)"/>
   </you-usage>
   <you-usage nite:id="ES2002c.A.you.81" unsure="false">
      <nite:pointer role="type"  href="you-types.xml#id(you_2)"/>
      <nite:child href="ES2002c.A.words.xml#id(ES2002c.A.words2150)"/>
   </you-usage>
   <you-usage nite:id="ES2002c.A.you.82" unsure="false">
      <nite:pointer role="type"  href="you-types.xml#id(you_2)"/>
      <nite:child href="ES2002c.A.words.xml#id(ES2002c.A.words2155)"/>
   </you-usage>
   <you-usage nite:id="ES2002c.A.you.83" unsure="false">
      <nite:pointer role="type"  href="you-types.xml#id(you_2)"/>
      <nite:child href="ES2002c.A.words.xml#id(ES2002c.A.words2159)"/>
   </you-usage>
   <you-usage nite:id="ES2002c.A.you.84" unsure="false">
      <nite:pointer role="type"  href="you-types.xml#id(you_2)"/>
      <nite:child href="ES2002c.A.words.xml#id(ES2002c.A.words2168)"/>
   </you-usage>
   <you-usage nite:id="ES2002c.A.you.85" unsure="false">
      <nite:pointer role="type"  href="you-types.xml#id(you_12)"/>
      <nite:child href="ES2002c.A.words.xml#id(ES2002c.A.words2174)"/>
   </you-usage>
   <you-usage nite:id="ES2002c.A.you.86" unsure="false">
      <nite:pointer role="type"  href="you-types.xml#id(you_3)"/>
      <nite:child href="ES2002c.A.words.xml#id(ES2002c.A.words2187)"/>
   </you-usage>
   <you-usage nite:id="ES2002c.A.you.87" unsure="true">
      <nite:pointer role="type"  href="you-types.xml#id(you_12)"/>
      <nite:child href="ES2002c.A.words.xml#id(ES2002c.A.words2238)"/>
   </you-usage>
   <you-usage nite:id="ES2002c.A.you.88" unsure="false">
      <nite:pointer role="type"  href="you-types.xml#id(you_2)"/>
      <nite:child href="ES2002c.A.words.xml#id(ES2002c.A.words2260)"/>
   </you-usage>
   <you-usage nite:id="ES2002c.A.you.89" unsure="false">
      <nite:pointer role="type"  href="you-types.xml#id(you_2)"/>
      <nite:child href="ES2002c.A.words.xml#id(ES2002c.A.words2264)"/>
   </you-usage>
   <you-usage nite:id="ES2002c.A.you.90" unsure="false">
      <nite:pointer role="type"  href="you-types.xml#id(you_2)"/>
      <nite:child href="ES2002c.A.words.xml#id(ES2002c.A.words2267)"/>
   </you-usage>
   <you-usage nite:id="ES2002c.A.you.91" unsure="false">
      <nite:pointer role="type"  href="you-types.xml#id(you_2)"/>
      <nite:child href="ES2002c.A.words.xml#id(ES2002c.A.words2271)"/>
   </you-usage>
   <you-usage nite:id="ES2002c.A.you.92" unsure="false">
      <nite:pointer role="type"  href="you-types.xml#id(you_2)"/>
      <nite:child href="ES2002c.A.words.xml#id(ES2002c.A.words2323)"/>
   </you-usage>
   <you-usage nite:id="ES2002c.A.you.93" unsure="false">
      <nite:pointer role="type"  href="you-types.xml#id(you_2)"/>
      <nite:child href="ES2002c.A.words.xml#id(ES2002c.A.words2324)"/>
   </you-usage>
   <you-usage nite:id="ES2002c.A.you.94" unsure="false">
      <nite:pointer role="type"  href="you-types.xml#id(you_11)"/>
      <nite:child href="ES2002c.A.words.xml#id(ES2002c.A.words2388)"/>
   </you-usage>
   <you-usage nite:id="ES2002c.A.you.95" unsure="false">
      <nite:pointer role="type"  href="you-types.xml#id(you_11)"/>
      <nite:child href="ES2002c.A.words.xml#id(ES2002c.A.words2406)"/>
   </you-usage>
   <you-usage nite:id="ES2002c.A.you.96" unsure="false">
      <nite:pointer role="type"  href="you-types.xml#id(you_11)"/>
      <nite:child href="ES2002c.A.words.xml#id(ES2002c.A.words2439)"/>
   </you-usage>
</nite:root>