<?xml version="1.0" encoding="ISO-8859-1" standalone="yes"?>
<nite:root nite:id="ES2002a.A.you" xmlns:nite="http://nite.sourceforge.net/">
   <you-usage nite:id="ES2002a.A.you.1" unsure="true">
      <nite:pointer role="type"  href="you-types.xml#id(you_11)"/>
      <nite:child href="ES2002a.A.words.xml#id(ES2002a.A.words43)"/>
   </you-usage>
   <you-usage nite:id="ES2002a.A.you.2" unsure="false">
      <nite:pointer role="type"  href="you-types.xml#id(you_2)"/>
      <nite:child href="ES2002a.A.words.xml#id(ES2002a.A.words189)"/>
   </you-usage>
   <you-usage nite:id="ES2002a.A.you.3" unsure="false">
      <nite:pointer role="type"  href="you-types.xml#id(you_2)"/>
      <nite:child href="ES2002a.A.words.xml#id(ES2002a.A.words199)"/>
   </you-usage>
   <you-usage nite:id="ES2002a.A.you.4" unsure="false">
      <nite:pointer role="type"  href="you-types.xml#id(you_2)"/>
      <nite:child href="ES2002a.A.words.xml#id(ES2002a.A.words213)"/>
   </you-usage>
   <you-usage nite:id="ES2002a.A.you.5" unsure="false">
      <nite:pointer role="type"  href="you-types.xml#id(you_3)"/>
      <nite:child href="ES2002a.A.words.xml#id(ES2002a.A.words225)"/>
   </you-usage>
   <you-usage nite:id="ES2002a.A.you.6" unsure="false">
      <nite:pointer role="type"  href="you-types.xml#id(you_2)"/>
      <nite:child href="ES2002a.A.words.xml#id(ES2002a.A.words237)"/>
   </you-usage>
   <you-usage nite:id="ES2002a.A.you.7" unsure="false">
      <nite:pointer role="type"  href="you-types.xml#id(you_3)"/>
      <nite:child href="ES2002a.A.words.xml#id(ES2002a.A.words254)"/>
   </you-usage>
   <you-usage nite:id="ES2002a.A.you.8" unsure="false">
      <nite:pointer role="type"  href="you-types.xml#id(you_2)"/>
      <nite:child href="ES2002a.A.words.xml#id(ES2002a.A.words282)"/>
   </you-usage>
</nite:root>