<?xml version="1.0" encoding="ISO-8859-1" standalone="yes"?>
<nite:root nite:id="ES2009c.D.you" xmlns:nite="http://nite.sourceforge.net/">
   <you-usage nite:id="ES2009c.D.you.1" unsure="false">
      <nite:pointer role="type"  href="you-types.xml#id(you_11)"/>
      <nite:child href="ES2009c.D.words.xml#id(ES2009c.D.words6)"/>
   </you-usage>
   <you-usage nite:id="ES2009c.D.you.2" unsure="false">
      <nite:pointer role="type"  href="you-types.xml#id(you_11)"/>
      <nite:child href="ES2009c.D.words.xml#id(ES2009c.D.words119)"/>
   </you-usage>
   <you-usage nite:id="ES2009c.D.you.3" unsure="false">
      <nite:pointer role="type"  href="you-types.xml#id(you_3)"/>
      <nite:child href="ES2009c.D.words.xml#id(ES2009c.D.words274)"/>
   </you-usage>
   <you-usage nite:id="ES2009c.D.you.4" unsure="false">
      <nite:pointer role="type"  href="you-types.xml#id(you_2)"/>
      <nite:child href="ES2009c.D.words.xml#id(ES2009c.D.words353)"/>
   </you-usage>
   <you-usage nite:id="ES2009c.D.you.5" unsure="false">
      <nite:pointer role="type"  href="you-types.xml#id(you_2)"/>
      <nite:child href="ES2009c.D.words.xml#id(ES2009c.D.words356)"/>
   </you-usage>
   <you-usage nite:id="ES2009c.D.you.6" unsure="false">
      <nite:pointer role="type"  href="you-types.xml#id(you_3)"/>
      <nite:child href="ES2009c.D.words.xml#id(ES2009c.D.words376)"/>
   </you-usage>
   <you-usage nite:id="ES2009c.D.you.7" unsure="false">
      <nite:pointer role="type"  href="you-types.xml#id(you_2)"/>
      <nite:child href="ES2009c.D.words.xml#id(ES2009c.D.words439)"/>
   </you-usage>
   <you-usage nite:id="ES2009c.D.you.8" unsure="false">
      <nite:pointer role="type"  href="you-types.xml#id(you_2)"/>
      <nite:child href="ES2009c.D.words.xml#id(ES2009c.D.words747)"/>
   </you-usage>
   <you-usage nite:id="ES2009c.D.you.9" unsure="false">
      <nite:pointer role="type"  href="you-types.xml#id(you_2)"/>
      <nite:child href="ES2009c.D.words.xml#id(ES2009c.D.words757)"/>
   </you-usage>
   <you-usage nite:id="ES2009c.D.you.10" unsure="false">
      <nite:pointer role="type"  href="you-types.xml#id(you_3)"/>
      <nite:child href="ES2009c.D.words.xml#id(ES2009c.D.words951)"/>
   </you-usage>
   <you-usage nite:id="ES2009c.D.you.11" unsure="false">
      <nite:pointer role="type"  href="you-types.xml#id(you_12)"/>
      <nite:child href="ES2009c.D.words.xml#id(ES2009c.D.words1081)"/>
   </you-usage>
   <you-usage nite:id="ES2009c.D.you.12" unsure="false">
      <nite:pointer role="type"  href="you-types.xml#id(you_2)"/>
      <nite:child href="ES2009c.D.words.xml#id(ES2009c.D.words1152)"/>
   </you-usage>
   <you-usage nite:id="ES2009c.D.you.13" unsure="false">
      <nite:pointer role="type"  href="you-types.xml#id(you_3)"/>
      <nite:child href="ES2009c.D.words.xml#id(ES2009c.D.words1222)"/>
   </you-usage>
   <you-usage nite:id="ES2009c.D.you.14" unsure="false">
      <nite:pointer role="type"  href="you-types.xml#id(you_2)"/>
      <nite:child href="ES2009c.D.words.xml#id(ES2009c.D.words1354)"/>
   </you-usage>
   <you-usage nite:id="ES2009c.D.you.15" unsure="false">
      <nite:pointer role="type"  href="you-types.xml#id(you_2)"/>
      <nite:child href="ES2009c.D.words.xml#id(ES2009c.D.words1420)"/>
   </you-usage>
</nite:root>