<?xml version="1.0" encoding="ISO-8859-1" standalone="yes"?>
<nite:root nite:id="ES2009c.A.you" xmlns:nite="http://nite.sourceforge.net/">
   <you-usage nite:id="ES2009c.A.you.1" unsure="false">
      <nite:pointer role="type"  href="you-types.xml#id(you_11)"/>
      <nite:child href="ES2009c.A.words.xml#id(ES2009c.A.words167)"/>
   </you-usage>
   <you-usage nite:id="ES2009c.A.you.2" unsure="false">
      <nite:pointer role="type"  href="you-types.xml#id(you_11)"/>
      <nite:child href="ES2009c.A.words.xml#id(ES2009c.A.words263)"/>
   </you-usage>
   <you-usage nite:id="ES2009c.A.you.3" unsure="false">
      <nite:pointer role="type"  href="you-types.xml#id(you_11)"/>
      <nite:child href="ES2009c.A.words.xml#id(ES2009c.A.words380)"/>
   </you-usage>
   <you-usage nite:id="ES2009c.A.you.4" unsure="false">
      <nite:pointer role="type"  href="you-types.xml#id(you_11)"/>
      <nite:child href="ES2009c.A.words.xml#id(ES2009c.A.words395)"/>
   </you-usage>
   <you-usage nite:id="ES2009c.A.you.5" unsure="false">
      <nite:pointer role="type"  href="you-types.xml#id(you_2)"/>
      <nite:child href="ES2009c.A.words.xml#id(ES2009c.A.words536)"/>
   </you-usage>
   <you-usage nite:id="ES2009c.A.you.6" unsure="false">
      <nite:pointer role="type"  href="you-types.xml#id(you_12)"/>
      <nite:child href="ES2009c.A.words.xml#id(ES2009c.A.words628)"/>
   </you-usage>
   <you-usage nite:id="ES2009c.A.you.7" unsure="false">
      <nite:pointer role="type"  href="you-types.xml#id(you_2)"/>
      <nite:child href="ES2009c.A.words.xml#id(ES2009c.A.words718)"/>
   </you-usage>
   <you-usage nite:id="ES2009c.A.you.8" unsure="false">
      <nite:pointer role="type"  href="you-types.xml#id(you_3)"/>
      <nite:child href="ES2009c.A.words.xml#id(ES2009c.A.words769)"/>
   </you-usage>
   <you-usage nite:id="ES2009c.A.you.9" unsure="false">
      <nite:pointer role="type"  href="you-types.xml#id(you_11)"/>
      <nite:child href="ES2009c.A.words.xml#id(ES2009c.A.words853)"/>
   </you-usage>
   <you-usage nite:id="ES2009c.A.you.10" unsure="false">
      <nite:pointer role="type"  href="you-types.xml#id(you_3)"/>
      <nite:child href="ES2009c.A.words.xml#id(ES2009c.A.words874)"/>
   </you-usage>
   <you-usage nite:id="ES2009c.A.you.11" unsure="false">
      <nite:pointer role="type"  href="you-types.xml#id(you_3)"/>
      <nite:child href="ES2009c.A.words.xml#id(ES2009c.A.words895)"/>
   </you-usage>
   <you-usage nite:id="ES2009c.A.you.12" unsure="false">
      <nite:pointer role="type"  href="you-types.xml#id(you_11)"/>
      <nite:child href="ES2009c.A.words.xml#id(ES2009c.A.words992)"/>
   </you-usage>
   <you-usage nite:id="ES2009c.A.you.13" unsure="false">
      <nite:pointer role="type"  href="you-types.xml#id(you_3)"/>
      <nite:child href="ES2009c.A.words.xml#id(ES2009c.A.words1019)"/>
   </you-usage>
   <you-usage nite:id="ES2009c.A.you.14" unsure="false">
      <nite:pointer role="type"  href="you-types.xml#id(you_2)"/>
      <nite:child href="ES2009c.A.words.xml#id(ES2009c.A.words1025)"/>
   </you-usage>
   <you-usage nite:id="ES2009c.A.you.15" unsure="false">
      <nite:pointer role="type"  href="you-types.xml#id(you_2)"/>
      <nite:child href="ES2009c.A.words.xml#id(ES2009c.A.words1031)"/>
   </you-usage>
   <you-usage nite:id="ES2009c.A.you.16" unsure="false">
      <nite:pointer role="type"  href="you-types.xml#id(you_2)"/>
      <nite:child href="ES2009c.A.words.xml#id(ES2009c.A.words1037)"/>
   </you-usage>
   <you-usage nite:id="ES2009c.A.you.17" unsure="false">
      <nite:pointer role="type"  href="you-types.xml#id(you_2)"/>
      <nite:child href="ES2009c.A.words.xml#id(ES2009c.A.words1048)"/>
   </you-usage>
   <you-usage nite:id="ES2009c.A.you.18" unsure="false">
      <nite:pointer role="type"  href="you-types.xml#id(you_2)"/>
      <nite:child href="ES2009c.A.words.xml#id(ES2009c.A.words1051)"/>
   </you-usage>
   <you-usage nite:id="ES2009c.A.you.19" unsure="false">
      <nite:pointer role="type"  href="you-types.xml#id(you_2)"/>
      <nite:child href="ES2009c.A.words.xml#id(ES2009c.A.words1053)"/>
   </you-usage>
   <you-usage nite:id="ES2009c.A.you.20" unsure="false">
      <nite:pointer role="type"  href="you-types.xml#id(you_12)"/>
      <nite:child href="ES2009c.A.words.xml#id(ES2009c.A.words1160)"/>
   </you-usage>
   <you-usage nite:id="ES2009c.A.you.21" unsure="false">
      <nite:pointer role="type"  href="you-types.xml#id(you_11)"/>
      <nite:child href="ES2009c.A.words.xml#id(ES2009c.A.words1250)"/>
   </you-usage>
   <you-usage nite:id="ES2009c.A.you.22" unsure="false">
      <nite:pointer role="type"  href="you-types.xml#id(you_11)"/>
      <nite:child href="ES2009c.A.words.xml#id(ES2009c.A.words1303)"/>
   </you-usage>
   <you-usage nite:id="ES2009c.A.you.23" unsure="false">
      <nite:pointer role="type"  href="you-types.xml#id(you_2)"/>
      <nite:child href="ES2009c.A.words.xml#id(ES2009c.A.words1336)"/>
   </you-usage>
   <you-usage nite:id="ES2009c.A.you.24" unsure="false">
      <nite:pointer role="type"  href="you-types.xml#id(you_2)"/>
      <nite:child href="ES2009c.A.words.xml#id(ES2009c.A.words1349)"/>
   </you-usage>
   <you-usage nite:id="ES2009c.A.you.25" unsure="false">
      <nite:pointer role="type"  href="you-types.xml#id(you_3)"/>
      <nite:child href="ES2009c.A.words.xml#id(ES2009c.A.words1373)"/>
   </you-usage>
   <you-usage nite:id="ES2009c.A.you.26" unsure="false">
      <nite:pointer role="type"  href="you-types.xml#id(you_3)"/>
      <nite:child href="ES2009c.A.words.xml#id(ES2009c.A.words1380)"/>
   </you-usage>
   <you-usage nite:id="ES2009c.A.you.27" unsure="false">
      <nite:pointer role="type"  href="you-types.xml#id(you_3)"/>
      <nite:child href="ES2009c.A.words.xml#id(ES2009c.A.words1438)"/>
   </you-usage>
   <you-usage nite:id="ES2009c.A.you.28" unsure="false">
      <nite:pointer role="type"  href="you-types.xml#id(you_3)"/>
      <nite:child href="ES2009c.A.words.xml#id(ES2009c.A.words1459)"/>
   </you-usage>
   <you-usage nite:id="ES2009c.A.you.29" unsure="false">
      <nite:pointer role="type"  href="you-types.xml#id(you_2)"/>
      <nite:child href="ES2009c.A.words.xml#id(ES2009c.A.words1515)"/>
   </you-usage>
   <you-usage nite:id="ES2009c.A.you.30" unsure="false">
      <nite:pointer role="type"  href="you-types.xml#id(you_3)"/>
      <nite:child href="ES2009c.A.words.xml#id(ES2009c.A.words1598)"/>
   </you-usage>
   <you-usage nite:id="ES2009c.A.you.31" unsure="true">
      <nite:pointer role="type"  href="you-types.xml#id(you_11)"/>
      <nite:child href="ES2009c.A.words.xml#id(ES2009c.A.words1603)"/>
   </you-usage>
   <you-usage nite:id="ES2009c.A.you.32" unsure="false">
      <nite:pointer role="type"  href="you-types.xml#id(you_3)"/>
      <nite:child href="ES2009c.A.words.xml#id(ES2009c.A.words1620)"/>
   </you-usage>
   <you-usage nite:id="ES2009c.A.you.33" unsure="false">
      <nite:pointer role="type"  href="you-types.xml#id(you_2)"/>
      <nite:child href="ES2009c.A.words.xml#id(ES2009c.A.words1672)"/>
   </you-usage>
   <you-usage nite:id="ES2009c.A.you.34" unsure="false">
      <nite:pointer role="type"  href="you-types.xml#id(you_2)"/>
      <nite:child href="ES2009c.A.words.xml#id(ES2009c.A.words1675)"/>
   </you-usage>
   <you-usage nite:id="ES2009c.A.you.35" unsure="false">
      <nite:pointer role="type"  href="you-types.xml#id(you_3)"/>
      <nite:child href="ES2009c.A.words.xml#id(ES2009c.A.words1836)"/>
   </you-usage>
   <you-usage nite:id="ES2009c.A.you.36" unsure="false">
      <nite:pointer role="type"  href="you-types.xml#id(you_3)"/>
      <nite:child href="ES2009c.A.words.xml#id(ES2009c.A.words1893)"/>
   </you-usage>
   <you-usage nite:id="ES2009c.A.you.37" unsure="false">
      <nite:pointer role="type"  href="you-types.xml#id(you_3)"/>
      <nite:child href="ES2009c.A.words.xml#id(ES2009c.A.words1922)"/>
   </you-usage>
   <you-usage nite:id="ES2009c.A.you.38" unsure="false">
      <nite:pointer role="type"  href="you-types.xml#id(you_3)"/>
      <nite:child href="ES2009c.A.words.xml#id(ES2009c.A.words1933)"/>
   </you-usage>
   <you-usage nite:id="ES2009c.A.you.39" unsure="false">
      <nite:pointer role="type"  href="you-types.xml#id(you_3)"/>
      <nite:child href="ES2009c.A.words.xml#id(ES2009c.A.words1966)"/>
   </you-usage>
   <you-usage nite:id="ES2009c.A.you.40" unsure="false">
      <nite:pointer role="type"  href="you-types.xml#id(you_2)"/>
      <nite:child href="ES2009c.A.words.xml#id(ES2009c.A.words1968)"/>
   </you-usage>
   <you-usage nite:id="ES2009c.A.you.41" unsure="false">
      <nite:pointer role="type"  href="you-types.xml#id(you_2)"/>
      <nite:child href="ES2009c.A.words.xml#id(ES2009c.A.words1990)"/>
   </you-usage>
   <you-usage nite:id="ES2009c.A.you.42" unsure="false">
      <nite:pointer role="type"  href="you-types.xml#id(you_2)"/>
      <nite:child href="ES2009c.A.words.xml#id(ES2009c.A.words2227)"/>
   </you-usage>
   <you-usage nite:id="ES2009c.A.you.43" unsure="false">
      <nite:pointer role="type"  href="you-types.xml#id(you_2)"/>
      <nite:child href="ES2009c.A.words.xml#id(ES2009c.A.words2233)"/>
   </you-usage>
   <you-usage nite:id="ES2009c.A.you.44" unsure="false">
      <nite:pointer role="type"  href="you-types.xml#id(you_11)"/>
      <nite:child href="ES2009c.A.words.xml#id(ES2009c.A.words2351)"/>
   </you-usage>
   <you-usage nite:id="ES2009c.A.you.45" unsure="false">
      <nite:pointer role="type"  href="you-types.xml#id(you_11)"/>
      <nite:child href="ES2009c.A.words.xml#id(ES2009c.A.words2405)"/>
   </you-usage>
   <you-usage nite:id="ES2009c.A.you.46" unsure="false">
      <nite:pointer role="type"  href="you-types.xml#id(you_11)"/>
      <nite:child href="ES2009c.A.words.xml#id(ES2009c.A.words2464)"/>
   </you-usage>
   <you-usage nite:id="ES2009c.A.you.47" unsure="false">
      <nite:pointer role="type"  href="you-types.xml#id(you_12)"/>
      <nite:child href="ES2009c.A.words.xml#id(ES2009c.A.words2479)"/>
   </you-usage>
   <you-usage nite:id="ES2009c.A.you.48" unsure="false">
      <nite:pointer role="type"  href="you-types.xml#id(you_12)"/>
      <nite:child href="ES2009c.A.words.xml#id(ES2009c.A.words2510)"/>
   </you-usage>
   <you-usage nite:id="ES2009c.A.you.49" unsure="false">
      <nite:pointer role="type"  href="you-types.xml#id(you_12)"/>
      <nite:child href="ES2009c.A.words.xml#id(ES2009c.A.words2512)"/>
   </you-usage>
   <you-usage nite:id="ES2009c.A.you.50" unsure="false">
      <nite:pointer role="type"  href="you-types.xml#id(you_12)"/>
      <nite:child href="ES2009c.A.words.xml#id(ES2009c.A.words2530)"/>
   </you-usage>
</nite:root>