<?xml version="1.0" encoding="ISO-8859-1" standalone="yes"?>
<nite:root nite:id="ES2002a.D.you" xmlns:nite="http://nite.sourceforge.net/">
   <you-usage nite:id="ES2002a.D.you.1" unsure="false">
      <nite:pointer role="type"  href="you-types.xml#id(you_11)"/>
      <nite:child href="ES2002a.D.words.xml#id(ES2002a.D.words140)"/>
   </you-usage>
   <you-usage nite:id="ES2002a.D.you.2" unsure="false">
      <nite:pointer role="type"  href="you-types.xml#id(you_11)"/>
      <nite:child href="ES2002a.D.words.xml#id(ES2002a.D.words153)"/>
   </you-usage>
   <you-usage nite:id="ES2002a.D.you.3" unsure="false">
      <nite:pointer role="type"  href="you-types.xml#id(you_11)"/>
      <nite:child href="ES2002a.D.words.xml#id(ES2002a.D.words588)"/>
   </you-usage>
   <you-usage nite:id="ES2002a.D.you.4" unsure="false">
      <nite:pointer role="type"  href="you-types.xml#id(you_11)"/>
      <nite:child href="ES2002a.D.words.xml#id(ES2002a.D.words626)"/>
   </you-usage>
   <you-usage nite:id="ES2002a.D.you.5" unsure="false">
      <nite:pointer role="type"  href="you-types.xml#id(you_2)"/>
      <nite:child href="ES2002a.D.words.xml#id(ES2002a.D.words639)"/>
   </you-usage>
   <you-usage nite:id="ES2002a.D.you.6" unsure="false">
      <nite:pointer role="type"  href="you-types.xml#id(you_2)"/>
      <nite:child href="ES2002a.D.words.xml#id(ES2002a.D.words808)"/>
   </you-usage>
   <you-usage nite:id="ES2002a.D.you.7" unsure="false">
      <nite:pointer role="type"  href="you-types.xml#id(you_3)"/>
      <nite:child href="ES2002a.D.words.xml#id(ES2002a.D.words882)"/>
   </you-usage>
   <you-usage nite:id="ES2002a.D.you.8" unsure="false">
      <nite:pointer role="type"  href="you-types.xml#id(you_3)"/>
      <nite:child href="ES2002a.D.words.xml#id(ES2002a.D.words974)"/>
   </you-usage>
   <you-usage nite:id="ES2002a.D.you.9" unsure="false">
      <nite:pointer role="type"  href="you-types.xml#id(you_3)"/>
      <nite:child href="ES2002a.D.words.xml#id(ES2002a.D.words1019)"/>
   </you-usage>
   <you-usage nite:id="ES2002a.D.you.10" unsure="false">
      <nite:pointer role="type"  href="you-types.xml#id(you_3)"/>
      <nite:child href="ES2002a.D.words.xml#id(ES2002a.D.words1071)"/>
   </you-usage>
</nite:root>