<?xml version="1.0" encoding="ISO-8859-1" standalone="yes"?>
<nite:root nite:id="ES2009c.C.you" xmlns:nite="http://nite.sourceforge.net/">
   <you-usage nite:id="ES2009c.C.you.1" unsure="false">
      <nite:pointer role="type"  href="you-types.xml#id(you_11)"/>
      <nite:child href="ES2009c.C.words.xml#id(ES2009c.C.words17)"/>
   </you-usage>
   <you-usage nite:id="ES2009c.C.you.2" unsure="false">
      <nite:pointer role="type"  href="you-types.xml#id(you_12)"/>
      <nite:child href="ES2009c.C.words.xml#id(ES2009c.C.words72)"/>
   </you-usage>
   <you-usage nite:id="ES2009c.C.you.3" unsure="false">
      <nite:pointer role="type"  href="you-types.xml#id(you_2)"/>
      <nite:child href="ES2009c.C.words.xml#id(ES2009c.C.words212)"/>
   </you-usage>
   <you-usage nite:id="ES2009c.C.you.4" unsure="false">
      <nite:pointer role="type"  href="you-types.xml#id(you_2)"/>
      <nite:child href="ES2009c.C.words.xml#id(ES2009c.C.words214)"/>
   </you-usage>
   <you-usage nite:id="ES2009c.C.you.5" unsure="false">
      <nite:pointer role="type"  href="you-types.xml#id(you_2)"/>
      <nite:child href="ES2009c.C.words.xml#id(ES2009c.C.words247)"/>
   </you-usage>
   <you-usage nite:id="ES2009c.C.you.6" unsure="false">
      <nite:pointer role="type"  href="you-types.xml#id(you_2)"/>
      <nite:child href="ES2009c.C.words.xml#id(ES2009c.C.words267)"/>
   </you-usage>
   <you-usage nite:id="ES2009c.C.you.7" unsure="false">
      <nite:pointer role="type"  href="you-types.xml#id(you_12)"/>
      <nite:child href="ES2009c.C.words.xml#id(ES2009c.C.words340)"/>
   </you-usage>
   <you-usage nite:id="ES2009c.C.you.8" unsure="false">
      <nite:pointer role="type"  href="you-types.xml#id(you_2)"/>
      <nite:child href="ES2009c.C.words.xml#id(ES2009c.C.words398)"/>
   </you-usage>
   <you-usage nite:id="ES2009c.C.you.9" unsure="false">
      <nite:pointer role="type"  href="you-types.xml#id(you_2)"/>
      <nite:child href="ES2009c.C.words.xml#id(ES2009c.C.words401)"/>
   </you-usage>
   <you-usage nite:id="ES2009c.C.you.10" unsure="false">
      <nite:pointer role="type"  href="you-types.xml#id(you_2)"/>
      <nite:child href="ES2009c.C.words.xml#id(ES2009c.C.words560)"/>
   </you-usage>
   <you-usage nite:id="ES2009c.C.you.11" unsure="false">
      <nite:pointer role="type"  href="you-types.xml#id(you_2)"/>
      <nite:child href="ES2009c.C.words.xml#id(ES2009c.C.words565)"/>
   </you-usage>
   <you-usage nite:id="ES2009c.C.you.12" unsure="false">
      <nite:pointer role="type"  href="you-types.xml#id(you_12)"/>
      <nite:child href="ES2009c.C.words.xml#id(ES2009c.C.words734)"/>
   </you-usage>
   <you-usage nite:id="ES2009c.C.you.13" unsure="false">
      <nite:pointer role="type"  href="you-types.xml#id(you_12)"/>
      <nite:child href="ES2009c.C.words.xml#id(ES2009c.C.words744)"/>
   </you-usage>
   <you-usage nite:id="ES2009c.C.you.14" unsure="false">
      <nite:pointer role="type"  href="you-types.xml#id(you_12)"/>
      <nite:child href="ES2009c.C.words.xml#id(ES2009c.C.words751)"/>
   </you-usage>
   <you-usage nite:id="ES2009c.C.you.15" unsure="true">
      <nite:pointer role="type"  href="you-types.xml#id(you_11)"/>
      <nite:child href="ES2009c.C.words.xml#id(ES2009c.C.words879)"/>
   </you-usage>
   <you-usage nite:id="ES2009c.C.you.16" unsure="false">
      <nite:pointer role="type"  href="you-types.xml#id(you_11)"/>
      <nite:child href="ES2009c.C.words.xml#id(ES2009c.C.words943)"/>
   </you-usage>
   <you-usage nite:id="ES2009c.C.you.17" unsure="false">
      <nite:pointer role="type"  href="you-types.xml#id(you_2)"/>
      <nite:child href="ES2009c.C.words.xml#id(ES2009c.C.words1039)"/>
   </you-usage>
   <you-usage nite:id="ES2009c.C.you.18" unsure="false">
      <nite:pointer role="type"  href="you-types.xml#id(you_2)"/>
      <nite:child href="ES2009c.C.words.xml#id(ES2009c.C.words1050)"/>
   </you-usage>
</nite:root>