<?xml version="1.0" encoding="ISO-8859-1" standalone="yes"?>
<nite:root nite:id="ES2009d.B.you" xmlns:nite="http://nite.sourceforge.net/">
   <you-usage nite:id="ES2009d.B.you.1" unsure="false">
      <nite:pointer role="type"  href="you-types.xml#id(you_12)"/>
      <nite:child href="ES2009d.B.words.xml#id(ES2009d.B.words71)"/>
   </you-usage>
   <you-usage nite:id="ES2009d.B.you.2" unsure="false">
      <nite:pointer role="type"  href="you-types.xml#id(you_12)"/>
      <nite:child href="ES2009d.B.words.xml#id(ES2009d.B.words146)"/>
   </you-usage>
   <you-usage nite:id="ES2009d.B.you.3" unsure="false">
      <nite:pointer role="type"  href="you-types.xml#id(you_12)"/>
      <nite:child href="ES2009d.B.words.xml#id(ES2009d.B.words275)"/>
   </you-usage>
   <you-usage nite:id="ES2009d.B.you.4" unsure="false">
      <nite:pointer role="type"  href="you-types.xml#id(you_2)"/>
      <nite:child href="ES2009d.B.words.xml#id(ES2009d.B.words280)"/>
   </you-usage>
   <you-usage nite:id="ES2009d.B.you.5" unsure="false">
      <nite:pointer role="type"  href="you-types.xml#id(you_12)"/>
      <nite:child href="ES2009d.B.words.xml#id(ES2009d.B.words297)"/>
   </you-usage>
   <you-usage nite:id="ES2009d.B.you.6" unsure="false">
      <nite:pointer role="type"  href="you-types.xml#id(you_11)"/>
      <nite:child href="ES2009d.B.words.xml#id(ES2009d.B.words550)"/>
   </you-usage>
   <you-usage nite:id="ES2009d.B.you.7" unsure="false">
      <nite:pointer role="type"  href="you-types.xml#id(you_11)"/>
      <nite:child href="ES2009d.B.words.xml#id(ES2009d.B.words557)"/>
   </you-usage>
   <you-usage nite:id="ES2009d.B.you.8" unsure="false">
      <nite:pointer role="type"  href="you-types.xml#id(you_11)"/>
      <nite:child href="ES2009d.B.words.xml#id(ES2009d.B.words573)"/>
   </you-usage>
   <you-usage nite:id="ES2009d.B.you.9" unsure="false">
      <nite:pointer role="type"  href="you-types.xml#id(you_3)"/>
      <nite:child href="ES2009d.B.words.xml#id(ES2009d.B.words643)"/>
   </you-usage>
   <you-usage nite:id="ES2009d.B.you.10" unsure="false">
      <nite:pointer role="type"  href="you-types.xml#id(you_11)"/>
      <nite:child href="ES2009d.B.words.xml#id(ES2009d.B.words680)"/>
   </you-usage>
   <you-usage nite:id="ES2009d.B.you.11" unsure="false">
      <nite:pointer role="type"  href="you-types.xml#id(you_2)"/>
      <nite:child href="ES2009d.B.words.xml#id(ES2009d.B.words734)"/>
   </you-usage>
   <you-usage nite:id="ES2009d.B.you.12" unsure="true">
      <nite:pointer role="type"  href="you-types.xml#id(you_11)"/>
      <nite:child href="ES2009d.B.words.xml#id(ES2009d.B.words750)"/>
   </you-usage>
   <you-usage nite:id="ES2009d.B.you.13" unsure="true">
      <nite:pointer role="type"  href="you-types.xml#id(you_11)"/>
      <nite:child href="ES2009d.B.words.xml#id(ES2009d.B.words763)"/>
   </you-usage>
   <you-usage nite:id="ES2009d.B.you.14" unsure="false">
      <nite:pointer role="type"  href="you-types.xml#id(you_11)"/>
      <nite:child href="ES2009d.B.words.xml#id(ES2009d.B.words794)"/>
   </you-usage>
   <you-usage nite:id="ES2009d.B.you.15" unsure="false">
      <nite:pointer role="type"  href="you-types.xml#id(you_3)"/>
      <nite:child href="ES2009d.B.words.xml#id(ES2009d.B.words812)"/>
   </you-usage>
   <you-usage nite:id="ES2009d.B.you.16" unsure="true">
      <nite:pointer role="type"  href="you-types.xml#id(you_2)"/>
      <nite:child href="ES2009d.B.words.xml#id(ES2009d.B.words826)"/>
   </you-usage>
   <you-usage nite:id="ES2009d.B.you.17" unsure="false">
      <nite:pointer role="type"  href="you-types.xml#id(you_2)"/>
      <nite:child href="ES2009d.B.words.xml#id(ES2009d.B.words942)"/>
   </you-usage>
   <you-usage nite:id="ES2009d.B.you.18" unsure="false">
      <nite:pointer role="type"  href="you-types.xml#id(you_11)"/>
      <nite:child href="ES2009d.B.words.xml#id(ES2009d.B.words1025)"/>
   </you-usage>
   <you-usage nite:id="ES2009d.B.you.19" unsure="false">
      <nite:pointer role="type"  href="you-types.xml#id(you_11)"/>
      <nite:child href="ES2009d.B.words.xml#id(ES2009d.B.words1027)"/>
   </you-usage>
   <you-usage nite:id="ES2009d.B.you.20" unsure="false">
      <nite:pointer role="type"  href="you-types.xml#id(you_11)"/>
      <nite:child href="ES2009d.B.words.xml#id(ES2009d.B.words1034)"/>
   </you-usage>
   <you-usage nite:id="ES2009d.B.you.21" unsure="false">
      <nite:pointer role="type"  href="you-types.xml#id(you_2)"/>
      <nite:child href="ES2009d.B.words.xml#id(ES2009d.B.words1172)"/>
   </you-usage>
   <you-usage nite:id="ES2009d.B.you.22" unsure="false">
      <nite:pointer role="type"  href="you-types.xml#id(you_3)"/>
      <nite:child href="ES2009d.B.words.xml#id(ES2009d.B.words1196)"/>
   </you-usage>
   <you-usage nite:id="ES2009d.B.you.23" unsure="false">
      <nite:pointer role="type"  href="you-types.xml#id(you_2)"/>
      <nite:child href="ES2009d.B.words.xml#id(ES2009d.B.words1226)"/>
   </you-usage>
   <you-usage nite:id="ES2009d.B.you.24" unsure="false">
      <nite:pointer role="type"  href="you-types.xml#id(you_11)"/>
      <nite:child href="ES2009d.B.words.xml#id(ES2009d.B.words1271)"/>
   </you-usage>
   <you-usage nite:id="ES2009d.B.you.25" unsure="false">
      <nite:pointer role="type"  href="you-types.xml#id(you_2)"/>
      <nite:child href="ES2009d.B.words.xml#id(ES2009d.B.words1319)"/>
   </you-usage>
   <you-usage nite:id="ES2009d.B.you.26" unsure="false">
      <nite:pointer role="type"  href="you-types.xml#id(you_3)"/>
      <nite:child href="ES2009d.B.words.xml#id(ES2009d.B.words1450)"/>
   </you-usage>
   <you-usage nite:id="ES2009d.B.you.27" unsure="false">
      <nite:pointer role="type"  href="you-types.xml#id(you_11)"/>
      <nite:child href="ES2009d.B.words.xml#id(ES2009d.B.words1463)"/>
   </you-usage>
   <you-usage nite:id="ES2009d.B.you.28" unsure="false">
      <nite:pointer role="type"  href="you-types.xml#id(you_11)"/>
      <nite:child href="ES2009d.B.words.xml#id(ES2009d.B.words1654)"/>
   </you-usage>
</nite:root>