<?xml version="1.0" encoding="ISO-8859-1" standalone="yes"?>
<nite:root nite:id="ES2002d.A.you" xmlns:nite="http://nite.sourceforge.net/">
   <you-usage nite:id="ES2002d.A.you.1" unsure="false">
      <nite:pointer role="type"  href="you-types.xml#id(you_2)"/>
      <nite:child href="ES2002d.A.words.xml#id(ES2002d.A.words32)"/>
   </you-usage>
   <you-usage nite:id="ES2002d.A.you.2" unsure="false">
      <nite:pointer role="type"  href="you-types.xml#id(you_2)"/>
      <nite:child href="ES2002d.A.words.xml#id(ES2002d.A.words68)"/>
   </you-usage>
   <you-usage nite:id="ES2002d.A.you.3" unsure="false">
      <nite:pointer role="type"  href="you-types.xml#id(you_2)"/>
      <nite:child href="ES2002d.A.words.xml#id(ES2002d.A.words72)"/>
   </you-usage>
   <you-usage nite:id="ES2002d.A.you.4" unsure="false">
      <nite:pointer role="type"  href="you-types.xml#id(you_3)"/>
      <nite:child href="ES2002d.A.words.xml#id(ES2002d.A.words93)"/>
   </you-usage>
   <you-usage nite:id="ES2002d.A.you.5" unsure="false">
      <nite:pointer role="type"  href="you-types.xml#id(you_3)"/>
      <nite:child href="ES2002d.A.words.xml#id(ES2002d.A.words154)"/>
   </you-usage>
   <you-usage nite:id="ES2002d.A.you.6" unsure="false">
      <nite:pointer role="type"  href="you-types.xml#id(you_2)"/>
      <nite:child href="ES2002d.A.words.xml#id(ES2002d.A.words178)"/>
   </you-usage>
   <you-usage nite:id="ES2002d.A.you.7" unsure="false">
      <nite:pointer role="type"  href="you-types.xml#id(you_2)"/>
      <nite:child href="ES2002d.A.words.xml#id(ES2002d.A.words186)"/>
   </you-usage>
   <you-usage nite:id="ES2002d.A.you.8" unsure="false">
      <nite:pointer role="type"  href="you-types.xml#id(you_2)"/>
      <nite:child href="ES2002d.A.words.xml#id(ES2002d.A.words231)"/>
   </you-usage>
   <you-usage nite:id="ES2002d.A.you.9" unsure="false">
      <nite:pointer role="type"  href="you-types.xml#id(you_12)"/>
      <nite:child href="ES2002d.A.words.xml#id(ES2002d.A.words368)"/>
   </you-usage>
   <you-usage nite:id="ES2002d.A.you.10" unsure="false">
      <nite:pointer role="type"  href="you-types.xml#id(you_12)"/>
      <nite:child href="ES2002d.A.words.xml#id(ES2002d.A.words374)"/>
   </you-usage>
   <you-usage nite:id="ES2002d.A.you.11" unsure="false">
      <nite:pointer role="type"  href="you-types.xml#id(you_12)"/>
      <nite:child href="ES2002d.A.words.xml#id(ES2002d.A.words377)"/>
   </you-usage>
   <you-usage nite:id="ES2002d.A.you.12" unsure="false">
      <nite:pointer role="type"  href="you-types.xml#id(you_12)"/>
      <nite:child href="ES2002d.A.words.xml#id(ES2002d.A.words382)"/>
   </you-usage>
   <you-usage nite:id="ES2002d.A.you.13" unsure="false">
      <nite:pointer role="type"  href="you-types.xml#id(you_2)"/>
      <nite:child href="ES2002d.A.words.xml#id(ES2002d.A.words418)"/>
   </you-usage>
   <you-usage nite:id="ES2002d.A.you.14" unsure="false">
      <nite:pointer role="type"  href="you-types.xml#id(you_2)"/>
      <nite:child href="ES2002d.A.words.xml#id(ES2002d.A.words421)"/>
   </you-usage>
   <you-usage nite:id="ES2002d.A.you.15" unsure="false">
      <nite:pointer role="type"  href="you-types.xml#id(you_2)"/>
      <nite:child href="ES2002d.A.words.xml#id(ES2002d.A.words424)"/>
   </you-usage>
   <you-usage nite:id="ES2002d.A.you.16" unsure="false">
      <nite:pointer role="type"  href="you-types.xml#id(you_2)"/>
      <nite:child href="ES2002d.A.words.xml#id(ES2002d.A.words427)"/>
   </you-usage>
   <you-usage nite:id="ES2002d.A.you.17" unsure="false">
      <nite:pointer role="type"  href="you-types.xml#id(you_2)"/>
      <nite:child href="ES2002d.A.words.xml#id(ES2002d.A.words467)"/>
   </you-usage>
   <you-usage nite:id="ES2002d.A.you.18" unsure="false">
      <nite:pointer role="type"  href="you-types.xml#id(you_12)"/>
      <nite:child href="ES2002d.A.words.xml#id(ES2002d.A.words661)"/>
   </you-usage>
   <you-usage nite:id="ES2002d.A.you.19" unsure="false">
      <nite:pointer role="type"  href="you-types.xml#id(you_2)"/>
      <nite:child href="ES2002d.A.words.xml#id(ES2002d.A.words671)"/>
   </you-usage>
   <you-usage nite:id="ES2002d.A.you.20" unsure="false">
      <nite:pointer role="type"  href="you-types.xml#id(you_2)"/>
      <nite:child href="ES2002d.A.words.xml#id(ES2002d.A.words687)"/>
   </you-usage>
   <you-usage nite:id="ES2002d.A.you.21" unsure="false">
      <nite:pointer role="type"  href="you-types.xml#id(you_11)"/>
      <nite:child href="ES2002d.A.words.xml#id(ES2002d.A.words777)"/>
   </you-usage>
   <you-usage nite:id="ES2002d.A.you.22" unsure="false">
      <nite:pointer role="type"  href="you-types.xml#id(you_11)"/>
      <nite:child href="ES2002d.A.words.xml#id(ES2002d.A.words783)"/>
   </you-usage>
   <you-usage nite:id="ES2002d.A.you.23" unsure="false">
      <nite:pointer role="type"  href="you-types.xml#id(you_2)"/>
      <nite:child href="ES2002d.A.words.xml#id(ES2002d.A.words800)"/>
   </you-usage>
   <you-usage nite:id="ES2002d.A.you.24" unsure="false">
      <nite:pointer role="type"  href="you-types.xml#id(you_2)"/>
      <nite:child href="ES2002d.A.words.xml#id(ES2002d.A.words834)"/>
   </you-usage>
   <you-usage nite:id="ES2002d.A.you.25" unsure="false">
      <nite:pointer role="type"  href="you-types.xml#id(you_2)"/>
      <nite:child href="ES2002d.A.words.xml#id(ES2002d.A.words837)"/>
   </you-usage>
   <you-usage nite:id="ES2002d.A.you.26" unsure="false">
      <nite:pointer role="type"  href="you-types.xml#id(you_2)"/>
      <nite:child href="ES2002d.A.words.xml#id(ES2002d.A.words874)"/>
   </you-usage>
   <you-usage nite:id="ES2002d.A.you.27" unsure="false">
      <nite:pointer role="type"  href="you-types.xml#id(you_11)"/>
      <nite:child href="ES2002d.A.words.xml#id(ES2002d.A.words951)"/>
   </you-usage>
   <you-usage nite:id="ES2002d.A.you.28" unsure="false">
      <nite:pointer role="type"  href="you-types.xml#id(you_11)"/>
      <nite:child href="ES2002d.A.words.xml#id(ES2002d.A.words986)"/>
   </you-usage>
   <you-usage nite:id="ES2002d.A.you.29" unsure="false">
      <nite:pointer role="type"  href="you-types.xml#id(you_2)"/>
      <nite:child href="ES2002d.A.words.xml#id(ES2002d.A.words1036)"/>
   </you-usage>
   <you-usage nite:id="ES2002d.A.you.30" unsure="false">
      <nite:pointer role="type"  href="you-types.xml#id(you_2)"/>
      <nite:child href="ES2002d.A.words.xml#id(ES2002d.A.words1037)"/>
   </you-usage>
   <you-usage nite:id="ES2002d.A.you.31" unsure="false">
      <nite:pointer role="type"  href="you-types.xml#id(you_2)"/>
      <nite:child href="ES2002d.A.words.xml#id(ES2002d.A.words1078)"/>
   </you-usage>
   <you-usage nite:id="ES2002d.A.you.32" unsure="false">
      <nite:pointer role="type"  href="you-types.xml#id(you_2)"/>
      <nite:child href="ES2002d.A.words.xml#id(ES2002d.A.words1131)"/>
   </you-usage>
   <you-usage nite:id="ES2002d.A.you.33" unsure="false">
      <nite:pointer role="type"  href="you-types.xml#id(you_11)"/>
      <nite:child href="ES2002d.A.words.xml#id(ES2002d.A.words1157)"/>
   </you-usage>
   <you-usage nite:id="ES2002d.A.you.34" unsure="false">
      <nite:pointer role="type"  href="you-types.xml#id(you_11)"/>
      <nite:child href="ES2002d.A.words.xml#id(ES2002d.A.words1165)"/>
   </you-usage>
   <you-usage nite:id="ES2002d.A.you.35" unsure="false">
      <nite:pointer role="type"  href="you-types.xml#id(you_11)"/>
      <nite:child href="ES2002d.A.words.xml#id(ES2002d.A.words1166)"/>
   </you-usage>
   <you-usage nite:id="ES2002d.A.you.36" unsure="false">
      <nite:pointer role="type"  href="you-types.xml#id(you_11)"/>
      <nite:child href="ES2002d.A.words.xml#id(ES2002d.A.words1169)"/>
   </you-usage>
   <you-usage nite:id="ES2002d.A.you.37" unsure="false">
      <nite:pointer role="type"  href="you-types.xml#id(you_11)"/>
      <nite:child href="ES2002d.A.words.xml#id(ES2002d.A.words1173)"/>
   </you-usage>
   <you-usage nite:id="ES2002d.A.you.38" unsure="false">
      <nite:pointer role="type"  href="you-types.xml#id(you_12)"/>
      <nite:child href="ES2002d.A.words.xml#id(ES2002d.A.words1359)"/>
   </you-usage>
   <you-usage nite:id="ES2002d.A.you.39" unsure="false">
      <nite:pointer role="type"  href="you-types.xml#id(you_11)"/>
      <nite:child href="ES2002d.A.words.xml#id(ES2002d.A.words1382)"/>
   </you-usage>
   <you-usage nite:id="ES2002d.A.you.40" unsure="false">
      <nite:pointer role="type"  href="you-types.xml#id(you_11)"/>
      <nite:child href="ES2002d.A.words.xml#id(ES2002d.A.words1385)"/>
   </you-usage>
   <you-usage nite:id="ES2002d.A.you.41" unsure="false">
      <nite:pointer role="type"  href="you-types.xml#id(you_2)"/>
      <nite:child href="ES2002d.A.words.xml#id(ES2002d.A.words1455)"/>
   </you-usage>
   <you-usage nite:id="ES2002d.A.you.42" unsure="false">
      <nite:pointer role="type"  href="you-types.xml#id(you_2)"/>
      <nite:child href="ES2002d.A.words.xml#id(ES2002d.A.words1461)"/>
   </you-usage>
   <you-usage nite:id="ES2002d.A.you.43" unsure="false">
      <nite:pointer role="type"  href="you-types.xml#id(you_2)"/>
      <nite:child href="ES2002d.A.words.xml#id(ES2002d.A.words1548)"/>
   </you-usage>
   <you-usage nite:id="ES2002d.A.you.44" unsure="false">
      <nite:pointer role="type"  href="you-types.xml#id(you_2)"/>
      <nite:child href="ES2002d.A.words.xml#id(ES2002d.A.words1555)"/>
   </you-usage>
   <you-usage nite:id="ES2002d.A.you.45" unsure="false">
      <nite:pointer role="type"  href="you-types.xml#id(you_3)"/>
      <nite:child href="ES2002d.A.words.xml#id(ES2002d.A.words1579)"/>
   </you-usage>
   <you-usage nite:id="ES2002d.A.you.46" unsure="false">
      <nite:pointer role="type"  href="you-types.xml#id(you_3)"/>
      <nite:child href="ES2002d.A.words.xml#id(ES2002d.A.words1600)"/>
   </you-usage>
   <you-usage nite:id="ES2002d.A.you.47" unsure="false">
      <nite:pointer role="type"  href="you-types.xml#id(you_11)"/>
      <nite:child href="ES2002d.A.words.xml#id(ES2002d.A.words1649)"/>
   </you-usage>
   <you-usage nite:id="ES2002d.A.you.48" unsure="false">
      <nite:pointer role="type"  href="you-types.xml#id(you_11)"/>
      <nite:child href="ES2002d.A.words.xml#id(ES2002d.A.words1705)"/>
   </you-usage>
   <you-usage nite:id="ES2002d.A.you.49" unsure="false">
      <nite:pointer role="type"  href="you-types.xml#id(you_11)"/>
      <nite:child href="ES2002d.A.words.xml#id(ES2002d.A.words1710)"/>
   </you-usage>
   <you-usage nite:id="ES2002d.A.you.50" unsure="false">
      <nite:pointer role="type"  href="you-types.xml#id(you_11)"/>
      <nite:child href="ES2002d.A.words.xml#id(ES2002d.A.words1723)"/>
   </you-usage>
   <you-usage nite:id="ES2002d.A.you.51" unsure="false">
      <nite:pointer role="type"  href="you-types.xml#id(you_11)"/>
      <nite:child href="ES2002d.A.words.xml#id(ES2002d.A.words1725)"/>
   </you-usage>
   <you-usage nite:id="ES2002d.A.you.52" unsure="false">
      <nite:pointer role="type"  href="you-types.xml#id(you_11)"/>
      <nite:child href="ES2002d.A.words.xml#id(ES2002d.A.words1731)"/>
   </you-usage>
   <you-usage nite:id="ES2002d.A.you.53" unsure="false">
      <nite:pointer role="type"  href="you-types.xml#id(you_11)"/>
      <nite:child href="ES2002d.A.words.xml#id(ES2002d.A.words1744)"/>
   </you-usage>
   <you-usage nite:id="ES2002d.A.you.54" unsure="false">
      <nite:pointer role="type"  href="you-types.xml#id(you_11)"/>
      <nite:child href="ES2002d.A.words.xml#id(ES2002d.A.words1752)"/>
   </you-usage>
   <you-usage nite:id="ES2002d.A.you.55" unsure="false">
      <nite:pointer role="type"  href="you-types.xml#id(you_3)"/>
      <nite:child href="ES2002d.A.words.xml#id(ES2002d.A.words1786)"/>
   </you-usage>
   <you-usage nite:id="ES2002d.A.you.56" unsure="false">
      <nite:pointer role="type"  href="you-types.xml#id(you_3)"/>
      <nite:child href="ES2002d.A.words.xml#id(ES2002d.A.words1838)"/>
   </you-usage>
   <you-usage nite:id="ES2002d.A.you.57" unsure="false">
      <nite:pointer role="type"  href="you-types.xml#id(you_3)"/>
      <nite:child href="ES2002d.A.words.xml#id(ES2002d.A.words1888)"/>
   </you-usage>
   <you-usage nite:id="ES2002d.A.you.58" unsure="false">
      <nite:pointer role="type"  href="you-types.xml#id(you_3)"/>
      <nite:child href="ES2002d.A.words.xml#id(ES2002d.A.words1923)"/>
   </you-usage>
   <you-usage nite:id="ES2002d.A.you.59" unsure="false">
      <nite:pointer role="type"  href="you-types.xml#id(you_3)"/>
      <nite:child href="ES2002d.A.words.xml#id(ES2002d.A.words1975)"/>
   </you-usage>
   <you-usage nite:id="ES2002d.A.you.60" unsure="false">
      <nite:pointer role="type"  href="you-types.xml#id(you_3)"/>
      <nite:child href="ES2002d.A.words.xml#id(ES2002d.A.words2005)"/>
   </you-usage>
   <you-usage nite:id="ES2002d.A.you.61" unsure="false">
      <nite:pointer role="type"  href="you-types.xml#id(you_2)"/>
      <nite:child href="ES2002d.A.words.xml#id(ES2002d.A.words2028)"/>
   </you-usage>
   <you-usage nite:id="ES2002d.A.you.62" unsure="false">
      <nite:pointer role="type"  href="you-types.xml#id(you_2)"/>
      <nite:child href="ES2002d.A.words.xml#id(ES2002d.A.words2039)"/>
   </you-usage>
   <you-usage nite:id="ES2002d.A.you.63" unsure="false">
      <nite:pointer role="type"  href="you-types.xml#id(you_2)"/>
      <nite:child href="ES2002d.A.words.xml#id(ES2002d.A.words2048)"/>
   </you-usage>
   <you-usage nite:id="ES2002d.A.you.64" unsure="false">
      <nite:pointer role="type"  href="you-types.xml#id(you_2)"/>
      <nite:child href="ES2002d.A.words.xml#id(ES2002d.A.words2055)"/>
   </you-usage>
   <you-usage nite:id="ES2002d.A.you.65" unsure="false">
      <nite:pointer role="type"  href="you-types.xml#id(you_2)"/>
      <nite:child href="ES2002d.A.words.xml#id(ES2002d.A.words2120)"/>
   </you-usage>
   <you-usage nite:id="ES2002d.A.you.66" unsure="false">
      <nite:pointer role="type"  href="you-types.xml#id(you_2)"/>
      <nite:child href="ES2002d.A.words.xml#id(ES2002d.A.words2125)"/>
   </you-usage>
   <you-usage nite:id="ES2002d.A.you.67" unsure="false">
      <nite:pointer role="type"  href="you-types.xml#id(you_2)"/>
      <nite:child href="ES2002d.A.words.xml#id(ES2002d.A.words2136)"/>
   </you-usage>
   <you-usage nite:id="ES2002d.A.you.68" unsure="false">
      <nite:pointer role="type"  href="you-types.xml#id(you_2)"/>
      <nite:child href="ES2002d.A.words.xml#id(ES2002d.A.words2203)"/>
   </you-usage>
   <you-usage nite:id="ES2002d.A.you.69" unsure="false">
      <nite:pointer role="type"  href="you-types.xml#id(you_2)"/>
      <nite:child href="ES2002d.A.words.xml#id(ES2002d.A.words2212)"/>
   </you-usage>
   <you-usage nite:id="ES2002d.A.you.70" unsure="false">
      <nite:pointer role="type"  href="you-types.xml#id(you_2)"/>
      <nite:child href="ES2002d.A.words.xml#id(ES2002d.A.words2217)"/>
   </you-usage>
   <you-usage nite:id="ES2002d.A.you.71" unsure="false">
      <nite:pointer role="type"  href="you-types.xml#id(you_2)"/>
      <nite:child href="ES2002d.A.words.xml#id(ES2002d.A.words2222)"/>
   </you-usage>
   <you-usage nite:id="ES2002d.A.you.72" unsure="true">
      <nite:pointer role="type"  href="you-types.xml#id(you_11)"/>
      <nite:child href="ES2002d.A.words.xml#id(ES2002d.A.words2269)"/>
   </you-usage>
   <you-usage nite:id="ES2002d.A.you.73" unsure="true">
      <nite:pointer role="type"  href="you-types.xml#id(you_11)"/>
      <nite:child href="ES2002d.A.words.xml#id(ES2002d.A.words2274)"/>
   </you-usage>
   <you-usage nite:id="ES2002d.A.you.74" unsure="true">
      <nite:pointer role="type"  href="you-types.xml#id(you_11)"/>
      <nite:child href="ES2002d.A.words.xml#id(ES2002d.A.words2277)"/>
   </you-usage>
   <you-usage nite:id="ES2002d.A.you.75" unsure="false">
      <nite:pointer role="type"  href="you-types.xml#id(you_11)"/>
      <nite:child href="ES2002d.A.words.xml#id(ES2002d.A.words2310)"/>
   </you-usage>
   <you-usage nite:id="ES2002d.A.you.76" unsure="false">
      <nite:pointer role="type"  href="you-types.xml#id(you_2)"/>
      <nite:child href="ES2002d.A.words.xml#id(ES2002d.A.words2351)"/>
   </you-usage>
   <you-usage nite:id="ES2002d.A.you.77" unsure="false">
      <nite:pointer role="type"  href="you-types.xml#id(you_2)"/>
      <nite:child href="ES2002d.A.words.xml#id(ES2002d.A.words2371)"/>
   </you-usage>
   <you-usage nite:id="ES2002d.A.you.78" unsure="false">
      <nite:pointer role="type"  href="you-types.xml#id(you_2)"/>
      <nite:child href="ES2002d.A.words.xml#id(ES2002d.A.words2375)"/>
   </you-usage>
   <you-usage nite:id="ES2002d.A.you.79" unsure="false">
      <nite:pointer role="type"  href="you-types.xml#id(you_2)"/>
      <nite:child href="ES2002d.A.words.xml#id(ES2002d.A.words2379)"/>
   </you-usage>
   <you-usage nite:id="ES2002d.A.you.80" unsure="false">
      <nite:pointer role="type"  href="you-types.xml#id(you_2)"/>
      <nite:child href="ES2002d.A.words.xml#id(ES2002d.A.words2383)"/>
   </you-usage>
   <you-usage nite:id="ES2002d.A.you.81" unsure="false">
      <nite:pointer role="type"  href="you-types.xml#id(you_2)"/>
      <nite:child href="ES2002d.A.words.xml#id(ES2002d.A.words2391)"/>
   </you-usage>
</nite:root>