<?xml version="1.0" encoding="ISO-8859-1" standalone="yes"?>
<nite:root nite:id="ES2002c.D.you" xmlns:nite="http://nite.sourceforge.net/">
   <you-usage nite:id="ES2002c.D.you.1" unsure="false">
      <nite:pointer role="type"  href="you-types.xml#id(you_12)"/>
      <nite:child href="ES2002c.D.words.xml#id(ES2002c.D.words202)"/>
   </you-usage>
   <you-usage nite:id="ES2002c.D.you.2" unsure="false">
      <nite:pointer role="type"  href="you-types.xml#id(you_2)"/>
      <nite:child href="ES2002c.D.words.xml#id(ES2002c.D.words614)"/>
   </you-usage>
   <you-usage nite:id="ES2002c.D.you.3" unsure="false">
      <nite:pointer role="type"  href="you-types.xml#id(you_2)"/>
      <nite:child href="ES2002c.D.words.xml#id(ES2002c.D.words629)"/>
   </you-usage>
   <you-usage nite:id="ES2002c.D.you.4" unsure="false">
      <nite:pointer role="type"  href="you-types.xml#id(you_2)"/>
      <nite:child href="ES2002c.D.words.xml#id(ES2002c.D.words665)"/>
   </you-usage>
   <you-usage nite:id="ES2002c.D.you.5" unsure="false">
      <nite:pointer role="type"  href="you-types.xml#id(you_11)"/>
      <nite:child href="ES2002c.D.words.xml#id(ES2002c.D.words795)"/>
   </you-usage>
   <you-usage nite:id="ES2002c.D.you.6" unsure="false">
      <nite:pointer role="type"  href="you-types.xml#id(you_3)"/>
      <nite:child href="ES2002c.D.words.xml#id(ES2002c.D.words876)"/>
   </you-usage>
   <you-usage nite:id="ES2002c.D.you.7" unsure="false">
      <nite:pointer role="type"  href="you-types.xml#id(you_2)"/>
      <nite:child href="ES2002c.D.words.xml#id(ES2002c.D.words923)"/>
   </you-usage>
   <you-usage nite:id="ES2002c.D.you.8" unsure="false">
      <nite:pointer role="type"  href="you-types.xml#id(you_2)"/>
      <nite:child href="ES2002c.D.words.xml#id(ES2002c.D.words1126)"/>
   </you-usage>
   <you-usage nite:id="ES2002c.D.you.9" unsure="false">
      <nite:pointer role="type"  href="you-types.xml#id(you_2)"/>
      <nite:child href="ES2002c.D.words.xml#id(ES2002c.D.words1130)"/>
   </you-usage>
   <you-usage nite:id="ES2002c.D.you.10" unsure="false">
      <nite:pointer role="type"  href="you-types.xml#id(you_11)"/>
      <nite:child href="ES2002c.D.words.xml#id(ES2002c.D.words1137)"/>
   </you-usage>
   <you-usage nite:id="ES2002c.D.you.11" unsure="false">
      <nite:pointer role="type"  href="you-types.xml#id(you_3)"/>
      <nite:child href="ES2002c.D.words.xml#id(ES2002c.D.words1435)"/>
   </you-usage>
   <you-usage nite:id="ES2002c.D.you.12" unsure="false">
      <nite:pointer role="type"  href="you-types.xml#id(you_3)"/>
      <nite:child href="ES2002c.D.words.xml#id(ES2002c.D.words1442)"/>
   </you-usage>
   <you-usage nite:id="ES2002c.D.you.13" unsure="false">
      <nite:pointer role="type"  href="you-types.xml#id(you_2)"/>
      <nite:child href="ES2002c.D.words.xml#id(ES2002c.D.words1524)"/>
   </you-usage>
   <you-usage nite:id="ES2002c.D.you.14" unsure="false">
      <nite:pointer role="type"  href="you-types.xml#id(you_2)"/>
      <nite:child href="ES2002c.D.words.xml#id(ES2002c.D.words1533)"/>
   </you-usage>
   <you-usage nite:id="ES2002c.D.you.15" unsure="false">
      <nite:pointer role="type"  href="you-types.xml#id(you_11)"/>
      <nite:child href="ES2002c.D.words.xml#id(ES2002c.D.words1621)"/>
   </you-usage>
   <you-usage nite:id="ES2002c.D.you.16" unsure="false">
      <nite:pointer role="type"  href="you-types.xml#id(you_2)"/>
      <nite:child href="ES2002c.D.words.xml#id(ES2002c.D.words1899)"/>
   </you-usage>
   <you-usage nite:id="ES2002c.D.you.17" unsure="false">
      <nite:pointer role="type"  href="you-types.xml#id(you_2)"/>
      <nite:child href="ES2002c.D.words.xml#id(ES2002c.D.words1900)"/>
   </you-usage>
   <you-usage nite:id="ES2002c.D.you.18" unsure="false">
      <nite:pointer role="type"  href="you-types.xml#id(you_2)"/>
      <nite:child href="ES2002c.D.words.xml#id(ES2002c.D.words1908)"/>
   </you-usage>
   <you-usage nite:id="ES2002c.D.you.19" unsure="false">
      <nite:pointer role="type"  href="you-types.xml#id(you_2)"/>
      <nite:child href="ES2002c.D.words.xml#id(ES2002c.D.words1910)"/>
   </you-usage>
   <you-usage nite:id="ES2002c.D.you.20" unsure="false">
      <nite:pointer role="type"  href="you-types.xml#id(you_2)"/>
      <nite:child href="ES2002c.D.words.xml#id(ES2002c.D.words1918)"/>
   </you-usage>
   <you-usage nite:id="ES2002c.D.you.21" unsure="false">
      <nite:pointer role="type"  href="you-types.xml#id(you_2)"/>
      <nite:child href="ES2002c.D.words.xml#id(ES2002c.D.words1941)"/>
   </you-usage>
   <you-usage nite:id="ES2002c.D.you.22" unsure="false">
      <nite:pointer role="type"  href="you-types.xml#id(you_2)"/>
      <nite:child href="ES2002c.D.words.xml#id(ES2002c.D.words1947)"/>
   </you-usage>
   <you-usage nite:id="ES2002c.D.you.23" unsure="false">
      <nite:pointer role="type"  href="you-types.xml#id(you_11)"/>
      <nite:child href="ES2002c.D.words.xml#id(ES2002c.D.words2166)"/>
   </you-usage>
   <you-usage nite:id="ES2002c.D.you.24" unsure="false">
      <nite:pointer role="type"  href="you-types.xml#id(you_3)"/>
      <nite:child href="ES2002c.D.words.xml#id(ES2002c.D.words2188)"/>
   </you-usage>
   <you-usage nite:id="ES2002c.D.you.25" unsure="false">
      <nite:pointer role="type"  href="you-types.xml#id(you_11)"/>
      <nite:child href="ES2002c.D.words.xml#id(ES2002c.D.words2280)"/>
   </you-usage>
   <you-usage nite:id="ES2002c.D.you.26" unsure="false">
      <nite:pointer role="type"  href="you-types.xml#id(you_11)"/>
      <nite:child href="ES2002c.D.words.xml#id(ES2002c.D.words2303)"/>
   </you-usage>
   <you-usage nite:id="ES2002c.D.you.27" unsure="false">
      <nite:pointer role="type"  href="you-types.xml#id(you_11)"/>
      <nite:child href="ES2002c.D.words.xml#id(ES2002c.D.words2308)"/>
   </you-usage>
   <you-usage nite:id="ES2002c.D.you.28" unsure="false">
      <nite:pointer role="type"  href="you-types.xml#id(you_11)"/>
      <nite:child href="ES2002c.D.words.xml#id(ES2002c.D.words2340)"/>
   </you-usage>
   <you-usage nite:id="ES2002c.D.you.29" unsure="false">
      <nite:pointer role="type"  href="you-types.xml#id(you_2)"/>
      <nite:child href="ES2002c.D.words.xml#id(ES2002c.D.words2380)"/>
   </you-usage>
   <you-usage nite:id="ES2002c.D.you.30" unsure="false">
      <nite:pointer role="type"  href="you-types.xml#id(you_2)"/>
      <nite:child href="ES2002c.D.words.xml#id(ES2002c.D.words2396)"/>
   </you-usage>
   <you-usage nite:id="ES2002c.D.you.31" unsure="false">
      <nite:pointer role="type"  href="you-types.xml#id(you_2)"/>
      <nite:child href="ES2002c.D.words.xml#id(ES2002c.D.words2399)"/>
   </you-usage>
   <you-usage nite:id="ES2002c.D.you.32" unsure="false">
      <nite:pointer role="type"  href="you-types.xml#id(you_2)"/>
      <nite:child href="ES2002c.D.words.xml#id(ES2002c.D.words2401)"/>
   </you-usage>
   <you-usage nite:id="ES2002c.D.you.33" unsure="false">
      <nite:pointer role="type"  href="you-types.xml#id(you_2)"/>
      <nite:child href="ES2002c.D.words.xml#id(ES2002c.D.words2407)"/>
   </you-usage>
   <you-usage nite:id="ES2002c.D.you.34" unsure="false">
      <nite:pointer role="type"  href="you-types.xml#id(you_2)"/>
      <nite:child href="ES2002c.D.words.xml#id(ES2002c.D.words2470)"/>
   </you-usage>
   <you-usage nite:id="ES2002c.D.you.35" unsure="false">
      <nite:pointer role="type"  href="you-types.xml#id(you_2)"/>
      <nite:child href="ES2002c.D.words.xml#id(ES2002c.D.words2583)"/>
   </you-usage>
   <you-usage nite:id="ES2002c.D.you.36" unsure="false">
      <nite:pointer role="type"  href="you-types.xml#id(you_2)"/>
      <nite:child href="ES2002c.D.words.xml#id(ES2002c.D.words2592)"/>
   </you-usage>
   <you-usage nite:id="ES2002c.D.you.37" unsure="false">
      <nite:pointer role="type"  href="you-types.xml#id(you_2)"/>
      <nite:child href="ES2002c.D.words.xml#id(ES2002c.D.words2873)"/>
   </you-usage>
   <you-usage nite:id="ES2002c.D.you.38" unsure="false">
      <nite:pointer role="type"  href="you-types.xml#id(you_2)"/>
      <nite:child href="ES2002c.D.words.xml#id(ES2002c.D.words2920)"/>
   </you-usage>
   <you-usage nite:id="ES2002c.D.you.39" unsure="false">
      <nite:pointer role="type"  href="you-types.xml#id(you_2)"/>
      <nite:child href="ES2002c.D.words.xml#id(ES2002c.D.words2942)"/>
   </you-usage>
   <you-usage nite:id="ES2002c.D.you.40" unsure="false">
      <nite:pointer role="type"  href="you-types.xml#id(you_2)"/>
      <nite:child href="ES2002c.D.words.xml#id(ES2002c.D.words3090)"/>
   </you-usage>
   <you-usage nite:id="ES2002c.D.you.41" unsure="false">
      <nite:pointer role="type"  href="you-types.xml#id(you_11)"/>
      <nite:child href="ES2002c.D.words.xml#id(ES2002c.D.words3130)"/>
   </you-usage>
   <you-usage nite:id="ES2002c.D.you.42" unsure="false">
      <nite:pointer role="type"  href="you-types.xml#id(you_11)"/>
      <nite:child href="ES2002c.D.words.xml#id(ES2002c.D.words3135)"/>
   </you-usage>
   <you-usage nite:id="ES2002c.D.you.43" unsure="false">
      <nite:pointer role="type"  href="you-types.xml#id(you_2)"/>
      <nite:child href="ES2002c.D.words.xml#id(ES2002c.D.words3145)"/>
   </you-usage>
   <you-usage nite:id="ES2002c.D.you.44" unsure="false">
      <nite:pointer role="type"  href="you-types.xml#id(you_2)"/>
      <nite:child href="ES2002c.D.words.xml#id(ES2002c.D.words3238)"/>
   </you-usage>
   <you-usage nite:id="ES2002c.D.you.45" unsure="false">
      <nite:pointer role="type"  href="you-types.xml#id(you_2)"/>
      <nite:child href="ES2002c.D.words.xml#id(ES2002c.D.words3247)"/>
   </you-usage>
   <you-usage nite:id="ES2002c.D.you.46" unsure="false">
      <nite:pointer role="type"  href="you-types.xml#id(you_2)"/>
      <nite:child href="ES2002c.D.words.xml#id(ES2002c.D.words3257)"/>
   </you-usage>
   <you-usage nite:id="ES2002c.D.you.47" unsure="false">
      <nite:pointer role="type"  href="you-types.xml#id(you_2)"/>
      <nite:child href="ES2002c.D.words.xml#id(ES2002c.D.words3264)"/>
   </you-usage>
</nite:root>