<?xml version="1.0" encoding="ISO-8859-1" standalone="yes"?>
<nite:root nite:id="IS1006d.A.you" xmlns:nite="http://nite.sourceforge.net/">
   <you-usage nite:id="IS1006d.A.you.1" unsure="false">
      <nite:pointer role="type"  href="you-types.xml#id(you_12)"/>
      <nite:child href="IS1006d.A.words.xml#id(IS1006d.A.words121)"/>
   </you-usage>
   <you-usage nite:id="IS1006d.A.you.2" unsure="false">
      <nite:pointer role="type"  href="you-types.xml#id(you_11)"/>
      <nite:child href="IS1006d.A.words.xml#id(IS1006d.A.words167)"/>
   </you-usage>
   <you-usage nite:id="IS1006d.A.you.3" unsure="false">
      <nite:pointer role="type"  href="you-types.xml#id(you_11)"/>
      <nite:child href="IS1006d.A.words.xml#id(IS1006d.A.words233)"/>
   </you-usage>
   <you-usage nite:id="IS1006d.A.you.4" unsure="false">
      <nite:pointer role="type"  href="you-types.xml#id(you_11)"/>
      <nite:child href="IS1006d.A.words.xml#id(IS1006d.A.words235)"/>
   </you-usage>
   <you-usage nite:id="IS1006d.A.you.5" unsure="false">
      <nite:pointer role="type"  href="you-types.xml#id(you_12)"/>
      <nite:child href="IS1006d.A.words.xml#id(IS1006d.A.words386)"/>
   </you-usage>
   <you-usage nite:id="IS1006d.A.you.6" unsure="false">
      <nite:pointer role="type"  href="you-types.xml#id(you_2)"/>
      <nite:child href="IS1006d.A.words.xml#id(IS1006d.A.words478)"/>
   </you-usage>
   <you-usage nite:id="IS1006d.A.you.7" unsure="false">
      <nite:pointer role="type"  href="you-types.xml#id(you_2)"/>
      <nite:child href="IS1006d.A.words.xml#id(IS1006d.A.words492)"/>
   </you-usage>
   <you-usage nite:id="IS1006d.A.you.8" unsure="false">
      <nite:pointer role="type"  href="you-types.xml#id(you_2)"/>
      <nite:child href="IS1006d.A.words.xml#id(IS1006d.A.words499)"/>
   </you-usage>
   <you-usage nite:id="IS1006d.A.you.9" unsure="false">
      <nite:pointer role="type"  href="you-types.xml#id(you_12)"/>
      <nite:child href="IS1006d.A.words.xml#id(IS1006d.A.words730)"/>
   </you-usage>
   <you-usage nite:id="IS1006d.A.you.10" unsure="false">
      <nite:pointer role="type"  href="you-types.xml#id(you_12)"/>
      <nite:child href="IS1006d.A.words.xml#id(IS1006d.A.words731)"/>
   </you-usage>
   <you-usage nite:id="IS1006d.A.you.11" unsure="false">
      <nite:pointer role="type"  href="you-types.xml#id(you_12)"/>
      <nite:child href="IS1006d.A.words.xml#id(IS1006d.A.words732)"/>
   </you-usage>
   <you-usage nite:id="IS1006d.A.you.12" unsure="false">
      <nite:pointer role="type"  href="you-types.xml#id(you_3)"/>
      <nite:child href="IS1006d.A.words.xml#id(IS1006d.A.words771)"/>
   </you-usage>
   <you-usage nite:id="IS1006d.A.you.13" unsure="false">
      <nite:pointer role="type"  href="you-types.xml#id(you_2)"/>
      <nite:child href="IS1006d.A.words.xml#id(IS1006d.A.words897)"/>
   </you-usage>
   <you-usage nite:id="IS1006d.A.you.14" unsure="true">
      <nite:pointer role="type"  href="you-types.xml#id(you_11)"/>
      <nite:child href="IS1006d.A.words.xml#id(IS1006d.A.words960)"/>
   </you-usage>
   <you-usage nite:id="IS1006d.A.you.15" unsure="true">
      <nite:pointer role="type"  href="you-types.xml#id(you_11)"/>
      <nite:child href="IS1006d.A.words.xml#id(IS1006d.A.words1047)"/>
   </you-usage>
   <you-usage nite:id="IS1006d.A.you.16" unsure="false">
      <nite:pointer role="type"  href="you-types.xml#id(you_2)"/>
      <nite:child href="IS1006d.A.words.xml#id(IS1006d.A.words1063)"/>
   </you-usage>
   <you-usage nite:id="IS1006d.A.you.17" unsure="false">
      <nite:pointer role="type"  href="you-types.xml#id(you_2)"/>
      <nite:child href="IS1006d.A.words.xml#id(IS1006d.A.words1074)"/>
   </you-usage>
   <you-usage nite:id="IS1006d.A.you.18" unsure="false">
      <nite:pointer role="type"  href="you-types.xml#id(you_2)"/>
      <nite:child href="IS1006d.A.words.xml#id(IS1006d.A.words1075)"/>
   </you-usage>
   <you-usage nite:id="IS1006d.A.you.19" unsure="false">
      <nite:pointer role="type"  href="you-types.xml#id(you_2)"/>
      <nite:child href="IS1006d.A.words.xml#id(IS1006d.A.words1081)"/>
   </you-usage>
   <you-usage nite:id="IS1006d.A.you.20" unsure="false">
      <nite:pointer role="type"  href="you-types.xml#id(you_2)"/>
      <nite:child href="IS1006d.A.words.xml#id(IS1006d.A.words1086)"/>
   </you-usage>
   <you-usage nite:id="IS1006d.A.you.21" unsure="false">
      <nite:pointer role="type"  href="you-types.xml#id(you_12)"/>
      <nite:child href="IS1006d.A.words.xml#id(IS1006d.A.words1104)"/>
   </you-usage>
   <you-usage nite:id="IS1006d.A.you.22" unsure="false">
      <nite:pointer role="type"  href="you-types.xml#id(you_12)"/>
      <nite:child href="IS1006d.A.words.xml#id(IS1006d.A.words1105)"/>
   </you-usage>
   <you-usage nite:id="IS1006d.A.you.23" unsure="false">
      <nite:pointer role="type"  href="you-types.xml#id(you_2)"/>
      <nite:child href="IS1006d.A.words.xml#id(IS1006d.A.words1188)"/>
   </you-usage>
   <you-usage nite:id="IS1006d.A.you.24" unsure="false">
      <nite:pointer role="type"  href="you-types.xml#id(you_12)"/>
      <nite:child href="IS1006d.A.words.xml#id(IS1006d.A.words1280)"/>
   </you-usage>
   <you-usage nite:id="IS1006d.A.you.25" unsure="false">
      <nite:pointer role="type"  href="you-types.xml#id(you_11)"/>
      <nite:child href="IS1006d.A.words.xml#id(IS1006d.A.words1386)"/>
   </you-usage>
   <you-usage nite:id="IS1006d.A.you.26" unsure="true">
      <nite:pointer role="type"  href="you-types.xml#id(you_12)"/>
      <nite:child href="IS1006d.A.words.xml#id(IS1006d.A.words1441)"/>
   </you-usage>
   <you-usage nite:id="IS1006d.A.you.27" unsure="false">
      <nite:pointer role="type"  href="you-types.xml#id(you_11)"/>
      <nite:child href="IS1006d.A.words.xml#id(IS1006d.A.words1462)"/>
   </you-usage>
   <you-usage nite:id="IS1006d.A.you.28" unsure="false">
      <nite:pointer role="type"  href="you-types.xml#id(you_11)"/>
      <nite:child href="IS1006d.A.words.xml#id(IS1006d.A.words1582)"/>
   </you-usage>
   <you-usage nite:id="IS1006d.A.you.29" unsure="false">
      <nite:pointer role="type"  href="you-types.xml#id(you_11)"/>
      <nite:child href="IS1006d.A.words.xml#id(IS1006d.A.words1619)"/>
   </you-usage>
   <you-usage nite:id="IS1006d.A.you.30" unsure="false">
      <nite:pointer role="type"  href="you-types.xml#id(you_11)"/>
      <nite:child href="IS1006d.A.words.xml#id(IS1006d.A.words1621)"/>
   </you-usage>
</nite:root>