<?xml version="1.0" encoding="ISO-8859-1" standalone="yes"?>
<nite:root nite:id="IS1006b.D.you" xmlns:nite="http://nite.sourceforge.net/">
   <you-usage nite:id="IS1006b.D.you.1" unsure="false">
      <nite:pointer role="type"  href="you-types.xml#id(you_11)"/>
      <nite:child href="IS1006b.D.words.xml#id(IS1006b.D.words41)"/>
   </you-usage>
   <you-usage nite:id="IS1006b.D.you.2" unsure="false">
      <nite:pointer role="type"  href="you-types.xml#id(you_12)"/>
      <nite:child href="IS1006b.D.words.xml#id(IS1006b.D.words71)"/>
   </you-usage>
   <you-usage nite:id="IS1006b.D.you.3" unsure="false">
      <nite:pointer role="type"  href="you-types.xml#id(you_12)"/>
      <nite:child href="IS1006b.D.words.xml#id(IS1006b.D.words74)"/>
   </you-usage>
   <you-usage nite:id="IS1006b.D.you.4" unsure="false">
      <nite:pointer role="type"  href="you-types.xml#id(you_12)"/>
      <nite:child href="IS1006b.D.words.xml#id(IS1006b.D.words78)"/>
   </you-usage>
   <you-usage nite:id="IS1006b.D.you.5" unsure="false">
      <nite:pointer role="type"  href="you-types.xml#id(you_12)"/>
      <nite:child href="IS1006b.D.words.xml#id(IS1006b.D.words97)"/>
   </you-usage>
   <you-usage nite:id="IS1006b.D.you.6" unsure="false">
      <nite:pointer role="type"  href="you-types.xml#id(you_12)"/>
      <nite:child href="IS1006b.D.words.xml#id(IS1006b.D.words121)"/>
   </you-usage>
   <you-usage nite:id="IS1006b.D.you.7" unsure="false">
      <nite:pointer role="type"  href="you-types.xml#id(you_12)"/>
      <nite:child href="IS1006b.D.words.xml#id(IS1006b.D.words261)"/>
   </you-usage>
   <you-usage nite:id="IS1006b.D.you.8" unsure="false">
      <nite:pointer role="type"  href="you-types.xml#id(you_12)"/>
      <nite:child href="IS1006b.D.words.xml#id(IS1006b.D.words314)"/>
   </you-usage>
   <you-usage nite:id="IS1006b.D.you.9" unsure="false">
      <nite:pointer role="type"  href="you-types.xml#id(you_2)"/>
      <nite:child href="IS1006b.D.words.xml#id(IS1006b.D.words568)"/>
   </you-usage>
   <you-usage nite:id="IS1006b.D.you.10" unsure="false">
      <nite:pointer role="type"  href="you-types.xml#id(you_11)"/>
      <nite:child href="IS1006b.D.words.xml#id(IS1006b.D.words594)"/>
   </you-usage>
   <you-usage nite:id="IS1006b.D.you.11" unsure="false">
      <nite:pointer role="type"  href="you-types.xml#id(you_2)"/>
      <nite:child href="IS1006b.D.words.xml#id(IS1006b.D.words626)"/>
   </you-usage>
   <you-usage nite:id="IS1006b.D.you.12" unsure="false">
      <nite:pointer role="type"  href="you-types.xml#id(you_2)"/>
      <nite:child href="IS1006b.D.words.xml#id(IS1006b.D.words630)"/>
   </you-usage>
   <you-usage nite:id="IS1006b.D.you.13" unsure="false">
      <nite:pointer role="type"  href="you-types.xml#id(you_2)"/>
      <nite:child href="IS1006b.D.words.xml#id(IS1006b.D.words634)"/>
   </you-usage>
   <you-usage nite:id="IS1006b.D.you.14" unsure="false">
      <nite:pointer role="type"  href="you-types.xml#id(you_2)"/>
      <nite:child href="IS1006b.D.words.xml#id(IS1006b.D.words637)"/>
   </you-usage>
   <you-usage nite:id="IS1006b.D.you.15" unsure="false">
      <nite:pointer role="type"  href="you-types.xml#id(you_2)"/>
      <nite:child href="IS1006b.D.words.xml#id(IS1006b.D.words639)"/>
   </you-usage>
   <you-usage nite:id="IS1006b.D.you.16" unsure="false">
      <nite:pointer role="type"  href="you-types.xml#id(you_2)"/>
      <nite:child href="IS1006b.D.words.xml#id(IS1006b.D.words869)"/>
   </you-usage>
   <you-usage nite:id="IS1006b.D.you.17" unsure="false">
      <nite:pointer role="type"  href="you-types.xml#id(you_2)"/>
      <nite:child href="IS1006b.D.words.xml#id(IS1006b.D.words981)"/>
   </you-usage>
   <you-usage nite:id="IS1006b.D.you.18" unsure="false">
      <nite:pointer role="type"  href="you-types.xml#id(you_12)"/>
      <nite:child href="IS1006b.D.words.xml#id(IS1006b.D.words1055)"/>
   </you-usage>
   <you-usage nite:id="IS1006b.D.you.19" unsure="false">
      <nite:pointer role="type"  href="you-types.xml#id(you_2)"/>
      <nite:child href="IS1006b.D.words.xml#id(IS1006b.D.words1102)"/>
   </you-usage>
   <you-usage nite:id="IS1006b.D.you.20" unsure="false">
      <nite:pointer role="type"  href="you-types.xml#id(you_12)"/>
      <nite:child href="IS1006b.D.words.xml#id(IS1006b.D.words1190)"/>
   </you-usage>
   <you-usage nite:id="IS1006b.D.you.21" unsure="false">
      <nite:pointer role="type"  href="you-types.xml#id(you_12)"/>
      <nite:child href="IS1006b.D.words.xml#id(IS1006b.D.words1207)"/>
   </you-usage>
   <you-usage nite:id="IS1006b.D.you.22" unsure="false">
      <nite:pointer role="type"  href="you-types.xml#id(you_2)"/>
      <nite:child href="IS1006b.D.words.xml#id(IS1006b.D.words1212)"/>
   </you-usage>
   <you-usage nite:id="IS1006b.D.you.23" unsure="false">
      <nite:pointer role="type"  href="you-types.xml#id(you_2)"/>
      <nite:child href="IS1006b.D.words.xml#id(IS1006b.D.words1219)"/>
   </you-usage>
   <you-usage nite:id="IS1006b.D.you.24" unsure="false">
      <nite:pointer role="type"  href="you-types.xml#id(you_2)"/>
      <nite:child href="IS1006b.D.words.xml#id(IS1006b.D.words1224)"/>
   </you-usage>
   <you-usage nite:id="IS1006b.D.you.25" unsure="false">
      <nite:pointer role="type"  href="you-types.xml#id(you_2)"/>
      <nite:child href="IS1006b.D.words.xml#id(IS1006b.D.words1229)"/>
   </you-usage>
   <you-usage nite:id="IS1006b.D.you.26" unsure="false">
      <nite:pointer role="type"  href="you-types.xml#id(you_2)"/>
      <nite:child href="IS1006b.D.words.xml#id(IS1006b.D.words1231)"/>
   </you-usage>
   <you-usage nite:id="IS1006b.D.you.27" unsure="false">
      <nite:pointer role="type"  href="you-types.xml#id(you_2)"/>
      <nite:child href="IS1006b.D.words.xml#id(IS1006b.D.words1234)"/>
   </you-usage>
   <you-usage nite:id="IS1006b.D.you.28" unsure="true">
      <nite:pointer role="type"  href="you-types.xml#id(you_12)"/>
      <nite:child href="IS1006b.D.words.xml#id(IS1006b.D.words1349)"/>
   </you-usage>
   <you-usage nite:id="IS1006b.D.you.29" unsure="false">
      <nite:pointer role="type"  href="you-types.xml#id(you_12)"/>
      <nite:child href="IS1006b.D.words.xml#id(IS1006b.D.words1405)"/>
   </you-usage>
   <you-usage nite:id="IS1006b.D.you.30" unsure="false">
      <nite:pointer role="type"  href="you-types.xml#id(you_11)"/>
      <nite:child href="IS1006b.D.words.xml#id(IS1006b.D.words1515)"/>
   </you-usage>
   <you-usage nite:id="IS1006b.D.you.31" unsure="false">
      <nite:pointer role="type"  href="you-types.xml#id(you_2)"/>
      <nite:child href="IS1006b.D.words.xml#id(IS1006b.D.words1592)"/>
   </you-usage>
   <you-usage nite:id="IS1006b.D.you.32" unsure="false">
      <nite:pointer role="type"  href="you-types.xml#id(you_2)"/>
      <nite:child href="IS1006b.D.words.xml#id(IS1006b.D.words1609)"/>
   </you-usage>
   <you-usage nite:id="IS1006b.D.you.33" unsure="false">
      <nite:pointer role="type"  href="you-types.xml#id(you_2)"/>
      <nite:child href="IS1006b.D.words.xml#id(IS1006b.D.words1619)"/>
   </you-usage>
   <you-usage nite:id="IS1006b.D.you.34" unsure="false">
      <nite:pointer role="type"  href="you-types.xml#id(you_3)"/>
      <nite:child href="IS1006b.D.words.xml#id(IS1006b.D.words1714)"/>
   </you-usage>
   <you-usage nite:id="IS1006b.D.you.35" unsure="false">
      <nite:pointer role="type"  href="you-types.xml#id(you_2)"/>
      <nite:child href="IS1006b.D.words.xml#id(IS1006b.D.words1735)"/>
   </you-usage>
   <you-usage nite:id="IS1006b.D.you.36" unsure="false">
      <nite:pointer role="type"  href="you-types.xml#id(you_2)"/>
      <nite:child href="IS1006b.D.words.xml#id(IS1006b.D.words1767)"/>
   </you-usage>
   <you-usage nite:id="IS1006b.D.you.37" unsure="false">
      <nite:pointer role="type"  href="you-types.xml#id(you_2)"/>
      <nite:child href="IS1006b.D.words.xml#id(IS1006b.D.words1878)"/>
   </you-usage>
   <you-usage nite:id="IS1006b.D.you.38" unsure="false">
      <nite:pointer role="type"  href="you-types.xml#id(you_2)"/>
      <nite:child href="IS1006b.D.words.xml#id(IS1006b.D.words1975)"/>
   </you-usage>
   <you-usage nite:id="IS1006b.D.you.39" unsure="false">
      <nite:pointer role="type"  href="you-types.xml#id(you_2)"/>
      <nite:child href="IS1006b.D.words.xml#id(IS1006b.D.words2012)"/>
   </you-usage>
   <you-usage nite:id="IS1006b.D.you.40" unsure="false">
      <nite:pointer role="type"  href="you-types.xml#id(you_2)"/>
      <nite:child href="IS1006b.D.words.xml#id(IS1006b.D.words2060)"/>
   </you-usage>
   <you-usage nite:id="IS1006b.D.you.41" unsure="false">
      <nite:pointer role="type"  href="you-types.xml#id(you_2)"/>
      <nite:child href="IS1006b.D.words.xml#id(IS1006b.D.words2061)"/>
   </you-usage>
   <you-usage nite:id="IS1006b.D.you.42" unsure="false">
      <nite:pointer role="type"  href="you-types.xml#id(you_2)"/>
      <nite:child href="IS1006b.D.words.xml#id(IS1006b.D.words2237)"/>
   </you-usage>
   <you-usage nite:id="IS1006b.D.you.43" unsure="false">
      <nite:pointer role="type"  href="you-types.xml#id(you_11)"/>
      <nite:child href="IS1006b.D.words.xml#id(IS1006b.D.words2258)"/>
   </you-usage>
   <you-usage nite:id="IS1006b.D.you.44" unsure="false">
      <nite:pointer role="type"  href="you-types.xml#id(you_11)"/>
      <nite:child href="IS1006b.D.words.xml#id(IS1006b.D.words2268)"/>
   </you-usage>
   <you-usage nite:id="IS1006b.D.you.45" unsure="false">
      <nite:pointer role="type"  href="you-types.xml#id(you_11)"/>
      <nite:child href="IS1006b.D.words.xml#id(IS1006b.D.words2273)"/>
   </you-usage>
   <you-usage nite:id="IS1006b.D.you.46" unsure="false">
      <nite:pointer role="type"  href="you-types.xml#id(you_11)"/>
      <nite:child href="IS1006b.D.words.xml#id(IS1006b.D.words2316)"/>
   </you-usage>
   <you-usage nite:id="IS1006b.D.you.47" unsure="false">
      <nite:pointer role="type"  href="you-types.xml#id(you_11)"/>
      <nite:child href="IS1006b.D.words.xml#id(IS1006b.D.words2322)"/>
   </you-usage>
</nite:root>