<?xml version="1.0" encoding="ISO-8859-1" standalone="yes"?>
<nite:root nite:id="IS1008c.B.you" xmlns:nite="http://nite.sourceforge.net/">
   <you-usage nite:id="IS1008c.B.you.1" unsure="false">
      <nite:pointer role="type"  href="you-types.xml#id(you_11)"/>
      <nite:child href="IS1008c.B.words.xml#id(IS1008c.B.words18)"/>
   </you-usage>
   <you-usage nite:id="IS1008c.B.you.2" unsure="false">
      <nite:pointer role="type"  href="you-types.xml#id(you_2)"/>
      <nite:child href="IS1008c.B.words.xml#id(IS1008c.B.words51)"/>
   </you-usage>
   <you-usage nite:id="IS1008c.B.you.3" unsure="false">
      <nite:pointer role="type"  href="you-types.xml#id(you_2)"/>
      <nite:child href="IS1008c.B.words.xml#id(IS1008c.B.words61)"/>
   </you-usage>
   <you-usage nite:id="IS1008c.B.you.4" unsure="false">
      <nite:pointer role="type"  href="you-types.xml#id(you_2)"/>
      <nite:child href="IS1008c.B.words.xml#id(IS1008c.B.words70)"/>
   </you-usage>
   <you-usage nite:id="IS1008c.B.you.5" unsure="false">
      <nite:pointer role="type"  href="you-types.xml#id(you_2)"/>
      <nite:child href="IS1008c.B.words.xml#id(IS1008c.B.words86)"/>
   </you-usage>
   <you-usage nite:id="IS1008c.B.you.6" unsure="false">
      <nite:pointer role="type"  href="you-types.xml#id(you_2)"/>
      <nite:child href="IS1008c.B.words.xml#id(IS1008c.B.words89)"/>
   </you-usage>
   <you-usage nite:id="IS1008c.B.you.7" unsure="false">
      <nite:pointer role="type"  href="you-types.xml#id(you_2)"/>
      <nite:child href="IS1008c.B.words.xml#id(IS1008c.B.words102)"/>
   </you-usage>
   <you-usage nite:id="IS1008c.B.you.8" unsure="false">
      <nite:pointer role="type"  href="you-types.xml#id(you_12)"/>
      <nite:child href="IS1008c.B.words.xml#id(IS1008c.B.words161)"/>
   </you-usage>
   <you-usage nite:id="IS1008c.B.you.9" unsure="false">
      <nite:pointer role="type"  href="you-types.xml#id(you_12)"/>
      <nite:child href="IS1008c.B.words.xml#id(IS1008c.B.words254)"/>
   </you-usage>
   <you-usage nite:id="IS1008c.B.you.10" unsure="false">
      <nite:pointer role="type"  href="you-types.xml#id(you_11)"/>
      <nite:child href="IS1008c.B.words.xml#id(IS1008c.B.words262)"/>
   </you-usage>
   <you-usage nite:id="IS1008c.B.you.11" unsure="true">
      <nite:pointer role="type"  href="you-types.xml#id(you_12)"/>
      <nite:child href="IS1008c.B.words.xml#id(IS1008c.B.words308)"/>
   </you-usage>
   <you-usage nite:id="IS1008c.B.you.12" unsure="false">
      <nite:pointer role="type"  href="you-types.xml#id(you_11)"/>
      <nite:child href="IS1008c.B.words.xml#id(IS1008c.B.words376)"/>
   </you-usage>
   <you-usage nite:id="IS1008c.B.you.13" unsure="false">
      <nite:pointer role="type"  href="you-types.xml#id(you_2)"/>
      <nite:child href="IS1008c.B.words.xml#id(IS1008c.B.words401)"/>
   </you-usage>
   <you-usage nite:id="IS1008c.B.you.14" unsure="false">
      <nite:pointer role="type"  href="you-types.xml#id(you_2)"/>
      <nite:child href="IS1008c.B.words.xml#id(IS1008c.B.words443)"/>
   </you-usage>
   <you-usage nite:id="IS1008c.B.you.15" unsure="false">
      <nite:pointer role="type"  href="you-types.xml#id(you_2)"/>
      <nite:child href="IS1008c.B.words.xml#id(IS1008c.B.words451)"/>
   </you-usage>
   <you-usage nite:id="IS1008c.B.you.16" unsure="false">
      <nite:pointer role="type"  href="you-types.xml#id(you_2)"/>
      <nite:child href="IS1008c.B.words.xml#id(IS1008c.B.words473)"/>
   </you-usage>
   <you-usage nite:id="IS1008c.B.you.17" unsure="false">
      <nite:pointer role="type"  href="you-types.xml#id(you_2)"/>
      <nite:child href="IS1008c.B.words.xml#id(IS1008c.B.words485)"/>
   </you-usage>
   <you-usage nite:id="IS1008c.B.you.18" unsure="false">
      <nite:pointer role="type"  href="you-types.xml#id(you_11)"/>
      <nite:child href="IS1008c.B.words.xml#id(IS1008c.B.words506)"/>
   </you-usage>
   <you-usage nite:id="IS1008c.B.you.19" unsure="false">
      <nite:pointer role="type"  href="you-types.xml#id(you_2)"/>
      <nite:child href="IS1008c.B.words.xml#id(IS1008c.B.words538)"/>
   </you-usage>
   <you-usage nite:id="IS1008c.B.you.20" unsure="false">
      <nite:pointer role="type"  href="you-types.xml#id(you_11)"/>
      <nite:child href="IS1008c.B.words.xml#id(IS1008c.B.words564)"/>
   </you-usage>
   <you-usage nite:id="IS1008c.B.you.21" unsure="false">
      <nite:pointer role="type"  href="you-types.xml#id(you_12)"/>
      <nite:child href="IS1008c.B.words.xml#id(IS1008c.B.words599)"/>
   </you-usage>
   <you-usage nite:id="IS1008c.B.you.22" unsure="false">
      <nite:pointer role="type"  href="you-types.xml#id(you_2)"/>
      <nite:child href="IS1008c.B.words.xml#id(IS1008c.B.words607)"/>
   </you-usage>
   <you-usage nite:id="IS1008c.B.you.23" unsure="false">
      <nite:pointer role="type"  href="you-types.xml#id(you_2)"/>
      <nite:child href="IS1008c.B.words.xml#id(IS1008c.B.words629)"/>
   </you-usage>
   <you-usage nite:id="IS1008c.B.you.24" unsure="false">
      <nite:pointer role="type"  href="you-types.xml#id(you_2)"/>
      <nite:child href="IS1008c.B.words.xml#id(IS1008c.B.words633)"/>
   </you-usage>
   <you-usage nite:id="IS1008c.B.you.25" unsure="false">
      <nite:pointer role="type"  href="you-types.xml#id(you_2)"/>
      <nite:child href="IS1008c.B.words.xml#id(IS1008c.B.words637)"/>
   </you-usage>
   <you-usage nite:id="IS1008c.B.you.26" unsure="false">
      <nite:pointer role="type"  href="you-types.xml#id(you_2)"/>
      <nite:child href="IS1008c.B.words.xml#id(IS1008c.B.words646)"/>
   </you-usage>
   <you-usage nite:id="IS1008c.B.you.27" unsure="false">
      <nite:pointer role="type"  href="you-types.xml#id(you_2)"/>
      <nite:child href="IS1008c.B.words.xml#id(IS1008c.B.words698)"/>
   </you-usage>
   <you-usage nite:id="IS1008c.B.you.28" unsure="false">
      <nite:pointer role="type"  href="you-types.xml#id(you_2)"/>
      <nite:child href="IS1008c.B.words.xml#id(IS1008c.B.words700)"/>
   </you-usage>
   <you-usage nite:id="IS1008c.B.you.29" unsure="false">
      <nite:pointer role="type"  href="you-types.xml#id(you_2)"/>
      <nite:child href="IS1008c.B.words.xml#id(IS1008c.B.words715)"/>
   </you-usage>
   <you-usage nite:id="IS1008c.B.you.30" unsure="false">
      <nite:pointer role="type"  href="you-types.xml#id(you_2)"/>
      <nite:child href="IS1008c.B.words.xml#id(IS1008c.B.words724)"/>
   </you-usage>
   <you-usage nite:id="IS1008c.B.you.31" unsure="false">
      <nite:pointer role="type"  href="you-types.xml#id(you_2)"/>
      <nite:child href="IS1008c.B.words.xml#id(IS1008c.B.words759)"/>
   </you-usage>
   <you-usage nite:id="IS1008c.B.you.32" unsure="false">
      <nite:pointer role="type"  href="you-types.xml#id(you_2)"/>
      <nite:child href="IS1008c.B.words.xml#id(IS1008c.B.words769)"/>
   </you-usage>
   <you-usage nite:id="IS1008c.B.you.33" unsure="false">
      <nite:pointer role="type"  href="you-types.xml#id(you_2)"/>
      <nite:child href="IS1008c.B.words.xml#id(IS1008c.B.words776)"/>
   </you-usage>
   <you-usage nite:id="IS1008c.B.you.34" unsure="false">
      <nite:pointer role="type"  href="you-types.xml#id(you_12)"/>
      <nite:child href="IS1008c.B.words.xml#id(IS1008c.B.words804)"/>
   </you-usage>
   <you-usage nite:id="IS1008c.B.you.35" unsure="false">
      <nite:pointer role="type"  href="you-types.xml#id(you_2)"/>
      <nite:child href="IS1008c.B.words.xml#id(IS1008c.B.words876)"/>
   </you-usage>
   <you-usage nite:id="IS1008c.B.you.36" unsure="false">
      <nite:pointer role="type"  href="you-types.xml#id(you_2)"/>
      <nite:child href="IS1008c.B.words.xml#id(IS1008c.B.words907)"/>
   </you-usage>
   <you-usage nite:id="IS1008c.B.you.37" unsure="false">
      <nite:pointer role="type"  href="you-types.xml#id(you_12)"/>
      <nite:child href="IS1008c.B.words.xml#id(IS1008c.B.words936)"/>
   </you-usage>
   <you-usage nite:id="IS1008c.B.you.38" unsure="false">
      <nite:pointer role="type"  href="you-types.xml#id(you_2)"/>
      <nite:child href="IS1008c.B.words.xml#id(IS1008c.B.words952)"/>
   </you-usage>
   <you-usage nite:id="IS1008c.B.you.39" unsure="false">
      <nite:pointer role="type"  href="you-types.xml#id(you_2)"/>
      <nite:child href="IS1008c.B.words.xml#id(IS1008c.B.words958)"/>
   </you-usage>
   <you-usage nite:id="IS1008c.B.you.40" unsure="false">
      <nite:pointer role="type"  href="you-types.xml#id(you_2)"/>
      <nite:child href="IS1008c.B.words.xml#id(IS1008c.B.words1014)"/>
   </you-usage>
   <you-usage nite:id="IS1008c.B.you.41" unsure="false">
      <nite:pointer role="type"  href="you-types.xml#id(you_2)"/>
      <nite:child href="IS1008c.B.words.xml#id(IS1008c.B.words1018)"/>
   </you-usage>
   <you-usage nite:id="IS1008c.B.you.42" unsure="false">
      <nite:pointer role="type"  href="you-types.xml#id(you_2)"/>
      <nite:child href="IS1008c.B.words.xml#id(IS1008c.B.words1048)"/>
   </you-usage>
   <you-usage nite:id="IS1008c.B.you.43" unsure="false">
      <nite:pointer role="type"  href="you-types.xml#id(you_2)"/>
      <nite:child href="IS1008c.B.words.xml#id(IS1008c.B.words1052)"/>
   </you-usage>
   <you-usage nite:id="IS1008c.B.you.44" unsure="false">
      <nite:pointer role="type"  href="you-types.xml#id(you_2)"/>
      <nite:child href="IS1008c.B.words.xml#id(IS1008c.B.words1122)"/>
   </you-usage>
   <you-usage nite:id="IS1008c.B.you.45" unsure="false">
      <nite:pointer role="type"  href="you-types.xml#id(you_2)"/>
      <nite:child href="IS1008c.B.words.xml#id(IS1008c.B.words1154)"/>
   </you-usage>
   <you-usage nite:id="IS1008c.B.you.46" unsure="false">
      <nite:pointer role="type"  href="you-types.xml#id(you_2)"/>
      <nite:child href="IS1008c.B.words.xml#id(IS1008c.B.words1162)"/>
   </you-usage>
   <you-usage nite:id="IS1008c.B.you.47" unsure="false">
      <nite:pointer role="type"  href="you-types.xml#id(you_2)"/>
      <nite:child href="IS1008c.B.words.xml#id(IS1008c.B.words1266)"/>
   </you-usage>
   <you-usage nite:id="IS1008c.B.you.48" unsure="false">
      <nite:pointer role="type"  href="you-types.xml#id(you_2)"/>
      <nite:child href="IS1008c.B.words.xml#id(IS1008c.B.words1277)"/>
   </you-usage>
</nite:root>