<?xml version="1.0" encoding="ISO-8859-1" standalone="yes"?>
<nite:root nite:id="IS1001a.D.you" xmlns:nite="http://nite.sourceforge.net/">
   <you-usage nite:id="IS1001a.D.you.1" unsure="false">
      <nite:pointer role="type"  href="you-types.xml#id(you_12)"/>
      <nite:child href="IS1001a.D.words.xml#id(IS1001a.D.words9)"/>
   </you-usage>
   <you-usage nite:id="IS1001a.D.you.2" unsure="false">
      <nite:pointer role="type"  href="you-types.xml#id(you_12)"/>
      <nite:child href="IS1001a.D.words.xml#id(IS1001a.D.words35)"/>
   </you-usage>
   <you-usage nite:id="IS1001a.D.you.3" unsure="false">
      <nite:pointer role="type"  href="you-types.xml#id(you_11)"/>
      <nite:child href="IS1001a.D.words.xml#id(IS1001a.D.words89)"/>
   </you-usage>
</nite:root>