<?xml version="1.0" encoding="ISO-8859-1" standalone="yes"?>
<nite:root nite:id="IS1003d.D.you" xmlns:nite="http://nite.sourceforge.net/">
   <you-usage nite:id="IS1003d.D.you.1" unsure="false">
      <nite:pointer role="type"  href="you-types.xml#id(you_12)"/>
      <nite:child href="IS1003d.D.words.xml#id(IS1003d.D.words204)"/>
   </you-usage>
   <you-usage nite:id="IS1003d.D.you.2" unsure="false">
      <nite:pointer role="type"  href="you-types.xml#id(you_12)"/>
      <nite:child href="IS1003d.D.words.xml#id(IS1003d.D.words388)"/>
   </you-usage>
   <you-usage nite:id="IS1003d.D.you.3" unsure="false">
      <nite:pointer role="type"  href="you-types.xml#id(you_11)"/>
      <nite:child href="IS1003d.D.words.xml#id(IS1003d.D.words467)"/>
   </you-usage>
   <you-usage nite:id="IS1003d.D.you.4" unsure="false">
      <nite:pointer role="type"  href="you-types.xml#id(you_11)"/>
      <nite:child href="IS1003d.D.words.xml#id(IS1003d.D.words469)"/>
   </you-usage>
   <you-usage nite:id="IS1003d.D.you.5" unsure="false">
      <nite:pointer role="type"  href="you-types.xml#id(you_2)"/>
      <nite:child href="IS1003d.D.words.xml#id(IS1003d.D.words497)"/>
   </you-usage>
   <you-usage nite:id="IS1003d.D.you.6" unsure="false">
      <nite:pointer role="type"  href="you-types.xml#id(you_2)"/>
      <nite:child href="IS1003d.D.words.xml#id(IS1003d.D.words506)"/>
   </you-usage>
   <you-usage nite:id="IS1003d.D.you.7" unsure="false">
      <nite:pointer role="type"  href="you-types.xml#id(you_2)"/>
      <nite:child href="IS1003d.D.words.xml#id(IS1003d.D.words524)"/>
   </you-usage>
   <you-usage nite:id="IS1003d.D.you.8" unsure="false">
      <nite:pointer role="type"  href="you-types.xml#id(you_2)"/>
      <nite:child href="IS1003d.D.words.xml#id(IS1003d.D.words538)"/>
   </you-usage>
   <you-usage nite:id="IS1003d.D.you.9" unsure="false">
      <nite:pointer role="type"  href="you-types.xml#id(you_2)"/>
      <nite:child href="IS1003d.D.words.xml#id(IS1003d.D.words562)"/>
   </you-usage>
   <you-usage nite:id="IS1003d.D.you.10" unsure="false">
      <nite:pointer role="type"  href="you-types.xml#id(you_2)"/>
      <nite:child href="IS1003d.D.words.xml#id(IS1003d.D.words571)"/>
   </you-usage>
   <you-usage nite:id="IS1003d.D.you.11" unsure="false">
      <nite:pointer role="type"  href="you-types.xml#id(you_2)"/>
      <nite:child href="IS1003d.D.words.xml#id(IS1003d.D.words590)"/>
   </you-usage>
   <you-usage nite:id="IS1003d.D.you.12" unsure="false">
      <nite:pointer role="type"  href="you-types.xml#id(you_2)"/>
      <nite:child href="IS1003d.D.words.xml#id(IS1003d.D.words602)"/>
   </you-usage>
   <you-usage nite:id="IS1003d.D.you.13" unsure="false">
      <nite:pointer role="type"  href="you-types.xml#id(you_2)"/>
      <nite:child href="IS1003d.D.words.xml#id(IS1003d.D.words603)"/>
   </you-usage>
   <you-usage nite:id="IS1003d.D.you.14" unsure="false">
      <nite:pointer role="type"  href="you-types.xml#id(you_11)"/>
      <nite:child href="IS1003d.D.words.xml#id(IS1003d.D.words663)"/>
   </you-usage>
   <you-usage nite:id="IS1003d.D.you.15" unsure="false">
      <nite:pointer role="type"  href="you-types.xml#id(you_11)"/>
      <nite:child href="IS1003d.D.words.xml#id(IS1003d.D.words666)"/>
   </you-usage>
   <you-usage nite:id="IS1003d.D.you.16" unsure="false">
      <nite:pointer role="type"  href="you-types.xml#id(you_2)"/>
      <nite:child href="IS1003d.D.words.xml#id(IS1003d.D.words776)"/>
   </you-usage>
   <you-usage nite:id="IS1003d.D.you.17" unsure="false">
      <nite:pointer role="type"  href="you-types.xml#id(you_11)"/>
      <nite:child href="IS1003d.D.words.xml#id(IS1003d.D.words799)"/>
   </you-usage>
   <you-usage nite:id="IS1003d.D.you.18" unsure="false">
      <nite:pointer role="type"  href="you-types.xml#id(you_11)"/>
      <nite:child href="IS1003d.D.words.xml#id(IS1003d.D.words801)"/>
   </you-usage>
   <you-usage nite:id="IS1003d.D.you.19" unsure="false">
      <nite:pointer role="type"  href="you-types.xml#id(you_2)"/>
      <nite:child href="IS1003d.D.words.xml#id(IS1003d.D.words835)"/>
   </you-usage>
   <you-usage nite:id="IS1003d.D.you.20" unsure="false">
      <nite:pointer role="type"  href="you-types.xml#id(you_12)"/>
      <nite:child href="IS1003d.D.words.xml#id(IS1003d.D.words846)"/>
   </you-usage>
   <you-usage nite:id="IS1003d.D.you.21" unsure="false">
      <nite:pointer role="type"  href="you-types.xml#id(you_2)"/>
      <nite:child href="IS1003d.D.words.xml#id(IS1003d.D.words859)"/>
   </you-usage>
   <you-usage nite:id="IS1003d.D.you.22" unsure="false">
      <nite:pointer role="type"  href="you-types.xml#id(you_2)"/>
      <nite:child href="IS1003d.D.words.xml#id(IS1003d.D.words870)"/>
   </you-usage>
   <you-usage nite:id="IS1003d.D.you.23" unsure="false">
      <nite:pointer role="type"  href="you-types.xml#id(you_2)"/>
      <nite:child href="IS1003d.D.words.xml#id(IS1003d.D.words873)"/>
   </you-usage>
   <you-usage nite:id="IS1003d.D.you.24" unsure="false">
      <nite:pointer role="type"  href="you-types.xml#id(you_2)"/>
      <nite:child href="IS1003d.D.words.xml#id(IS1003d.D.words1328)"/>
   </you-usage>
   <you-usage nite:id="IS1003d.D.you.25" unsure="false">
      <nite:pointer role="type"  href="you-types.xml#id(you_3)"/>
      <nite:child href="IS1003d.D.words.xml#id(IS1003d.D.words1402)"/>
   </you-usage>
   <you-usage nite:id="IS1003d.D.you.26" unsure="false">
      <nite:pointer role="type"  href="you-types.xml#id(you_2)"/>
      <nite:child href="IS1003d.D.words.xml#id(IS1003d.D.words1475)"/>
   </you-usage>
   <you-usage nite:id="IS1003d.D.you.27" unsure="false">
      <nite:pointer role="type"  href="you-types.xml#id(you_3)"/>
      <nite:child href="IS1003d.D.words.xml#id(IS1003d.D.words1524)"/>
   </you-usage>
</nite:root>