<?xml version="1.0" encoding="ISO-8859-1" standalone="yes"?>
<nite:root nite:id="IS1006d.B.you" xmlns:nite="http://nite.sourceforge.net/">
   <you-usage nite:id="IS1006d.B.you.1" unsure="false">
      <nite:pointer role="type"  href="you-types.xml#id(you_12)"/>
      <nite:child href="IS1006d.B.words.xml#id(IS1006d.B.words46)"/>
   </you-usage>
   <you-usage nite:id="IS1006d.B.you.2" unsure="false">
      <nite:pointer role="type"  href="you-types.xml#id(you_12)"/>
      <nite:child href="IS1006d.B.words.xml#id(IS1006d.B.words113)"/>
   </you-usage>
   <you-usage nite:id="IS1006d.B.you.3" unsure="false">
      <nite:pointer role="type"  href="you-types.xml#id(you_2)"/>
      <nite:child href="IS1006d.B.words.xml#id(IS1006d.B.words256)"/>
   </you-usage>
   <you-usage nite:id="IS1006d.B.you.4" unsure="false">
      <nite:pointer role="type"  href="you-types.xml#id(you_2)"/>
      <nite:child href="IS1006d.B.words.xml#id(IS1006d.B.words261)"/>
   </you-usage>
   <you-usage nite:id="IS1006d.B.you.5" unsure="false">
      <nite:pointer role="type"  href="you-types.xml#id(you_11)"/>
      <nite:child href="IS1006d.B.words.xml#id(IS1006d.B.words271)"/>
   </you-usage>
   <you-usage nite:id="IS1006d.B.you.6" unsure="false">
      <nite:pointer role="type"  href="you-types.xml#id(you_12)"/>
      <nite:child href="IS1006d.B.words.xml#id(IS1006d.B.words312)"/>
   </you-usage>
   <you-usage nite:id="IS1006d.B.you.7" unsure="false">
      <nite:pointer role="type"  href="you-types.xml#id(you_11)"/>
      <nite:child href="IS1006d.B.words.xml#id(IS1006d.B.words359)"/>
   </you-usage>
   <you-usage nite:id="IS1006d.B.you.8" unsure="false">
      <nite:pointer role="type"  href="you-types.xml#id(you_11)"/>
      <nite:child href="IS1006d.B.words.xml#id(IS1006d.B.words444)"/>
   </you-usage>
   <you-usage nite:id="IS1006d.B.you.9" unsure="false">
      <nite:pointer role="type"  href="you-types.xml#id(you_2)"/>
      <nite:child href="IS1006d.B.words.xml#id(IS1006d.B.words454)"/>
   </you-usage>
   <you-usage nite:id="IS1006d.B.you.10" unsure="false">
      <nite:pointer role="type"  href="you-types.xml#id(you_2)"/>
      <nite:child href="IS1006d.B.words.xml#id(IS1006d.B.words457)"/>
   </you-usage>
   <you-usage nite:id="IS1006d.B.you.11" unsure="false">
      <nite:pointer role="type"  href="you-types.xml#id(you_2)"/>
      <nite:child href="IS1006d.B.words.xml#id(IS1006d.B.words460)"/>
   </you-usage>
   <you-usage nite:id="IS1006d.B.you.12" unsure="false">
      <nite:pointer role="type"  href="you-types.xml#id(you_2)"/>
      <nite:child href="IS1006d.B.words.xml#id(IS1006d.B.words479)"/>
   </you-usage>
   <you-usage nite:id="IS1006d.B.you.13" unsure="false">
      <nite:pointer role="type"  href="you-types.xml#id(you_2)"/>
      <nite:child href="IS1006d.B.words.xml#id(IS1006d.B.words493)"/>
   </you-usage>
   <you-usage nite:id="IS1006d.B.you.14" unsure="false">
      <nite:pointer role="type"  href="you-types.xml#id(you_2)"/>
      <nite:child href="IS1006d.B.words.xml#id(IS1006d.B.words506)"/>
   </you-usage>
   <you-usage nite:id="IS1006d.B.you.15" unsure="false">
      <nite:pointer role="type"  href="you-types.xml#id(you_2)"/>
      <nite:child href="IS1006d.B.words.xml#id(IS1006d.B.words520)"/>
   </you-usage>
   <you-usage nite:id="IS1006d.B.you.16" unsure="false">
      <nite:pointer role="type"  href="you-types.xml#id(you_2)"/>
      <nite:child href="IS1006d.B.words.xml#id(IS1006d.B.words528)"/>
   </you-usage>
   <you-usage nite:id="IS1006d.B.you.17" unsure="false">
      <nite:pointer role="type"  href="you-types.xml#id(you_2)"/>
      <nite:child href="IS1006d.B.words.xml#id(IS1006d.B.words533)"/>
   </you-usage>
   <you-usage nite:id="IS1006d.B.you.18" unsure="false">
      <nite:pointer role="type"  href="you-types.xml#id(you_2)"/>
      <nite:child href="IS1006d.B.words.xml#id(IS1006d.B.words537)"/>
   </you-usage>
   <you-usage nite:id="IS1006d.B.you.19" unsure="false">
      <nite:pointer role="type"  href="you-types.xml#id(you_3)"/>
      <nite:child href="IS1006d.B.words.xml#id(IS1006d.B.words609)"/>
   </you-usage>
   <you-usage nite:id="IS1006d.B.you.20" unsure="false">
      <nite:pointer role="type"  href="you-types.xml#id(you_2)"/>
      <nite:child href="IS1006d.B.words.xml#id(IS1006d.B.words618)"/>
   </you-usage>
   <you-usage nite:id="IS1006d.B.you.21" unsure="false">
      <nite:pointer role="type"  href="you-types.xml#id(you_2)"/>
      <nite:child href="IS1006d.B.words.xml#id(IS1006d.B.words662)"/>
   </you-usage>
   <you-usage nite:id="IS1006d.B.you.22" unsure="false">
      <nite:pointer role="type"  href="you-types.xml#id(you_2)"/>
      <nite:child href="IS1006d.B.words.xml#id(IS1006d.B.words667)"/>
   </you-usage>
   <you-usage nite:id="IS1006d.B.you.23" unsure="false">
      <nite:pointer role="type"  href="you-types.xml#id(you_2)"/>
      <nite:child href="IS1006d.B.words.xml#id(IS1006d.B.words670)"/>
   </you-usage>
   <you-usage nite:id="IS1006d.B.you.24" unsure="false">
      <nite:pointer role="type"  href="you-types.xml#id(you_2)"/>
      <nite:child href="IS1006d.B.words.xml#id(IS1006d.B.words688)"/>
   </you-usage>
   <you-usage nite:id="IS1006d.B.you.25" unsure="true">
      <nite:pointer role="type"  href="you-types.xml#id(you_2)"/>
      <nite:child href="IS1006d.B.words.xml#id(IS1006d.B.words748)"/>
   </you-usage>
   <you-usage nite:id="IS1006d.B.you.26" unsure="false">
      <nite:pointer role="type"  href="you-types.xml#id(you_12)"/>
      <nite:child href="IS1006d.B.words.xml#id(IS1006d.B.words803)"/>
   </you-usage>
   <you-usage nite:id="IS1006d.B.you.27" unsure="false">
      <nite:pointer role="type"  href="you-types.xml#id(you_2)"/>
      <nite:child href="IS1006d.B.words.xml#id(IS1006d.B.words836)"/>
   </you-usage>
   <you-usage nite:id="IS1006d.B.you.28" unsure="false">
      <nite:pointer role="type"  href="you-types.xml#id(you_2)"/>
      <nite:child href="IS1006d.B.words.xml#id(IS1006d.B.words844)"/>
   </you-usage>
   <you-usage nite:id="IS1006d.B.you.29" unsure="false">
      <nite:pointer role="type"  href="you-types.xml#id(you_2)"/>
      <nite:child href="IS1006d.B.words.xml#id(IS1006d.B.words855)"/>
   </you-usage>
   <you-usage nite:id="IS1006d.B.you.30" unsure="false">
      <nite:pointer role="type"  href="you-types.xml#id(you_3)"/>
      <nite:child href="IS1006d.B.words.xml#id(IS1006d.B.words987)"/>
   </you-usage>
   <you-usage nite:id="IS1006d.B.you.31" unsure="false">
      <nite:pointer role="type"  href="you-types.xml#id(you_3)"/>
      <nite:child href="IS1006d.B.words.xml#id(IS1006d.B.words1050)"/>
   </you-usage>
   <you-usage nite:id="IS1006d.B.you.32" unsure="false">
      <nite:pointer role="type"  href="you-types.xml#id(you_11)"/>
      <nite:child href="IS1006d.B.words.xml#id(IS1006d.B.words1126)"/>
   </you-usage>
   <you-usage nite:id="IS1006d.B.you.33" unsure="false">
      <nite:pointer role="type"  href="you-types.xml#id(you_11)"/>
      <nite:child href="IS1006d.B.words.xml#id(IS1006d.B.words1130)"/>
   </you-usage>
</nite:root>