<?xml version="1.0" encoding="ISO-8859-1" standalone="yes"?>
<nite:root nite:id="IS1003d.B.you" xmlns:nite="http://nite.sourceforge.net/">
   <you-usage nite:id="IS1003d.B.you.1" unsure="false">
      <nite:pointer role="type"  href="you-types.xml#id(you_2)"/>
      <nite:child href="IS1003d.B.words.xml#id(IS1003d.B.words90)"/>
   </you-usage>
   <you-usage nite:id="IS1003d.B.you.2" unsure="false">
      <nite:pointer role="type"  href="you-types.xml#id(you_2)"/>
      <nite:child href="IS1003d.B.words.xml#id(IS1003d.B.words93)"/>
   </you-usage>
   <you-usage nite:id="IS1003d.B.you.3" unsure="false">
      <nite:pointer role="type"  href="you-types.xml#id(you_2)"/>
      <nite:child href="IS1003d.B.words.xml#id(IS1003d.B.words101)"/>
   </you-usage>
   <you-usage nite:id="IS1003d.B.you.4" unsure="false">
      <nite:pointer role="type"  href="you-types.xml#id(you_3)"/>
      <nite:child href="IS1003d.B.words.xml#id(IS1003d.B.words114)"/>
   </you-usage>
   <you-usage nite:id="IS1003d.B.you.5" unsure="false">
      <nite:pointer role="type"  href="you-types.xml#id(you_3)"/>
      <nite:child href="IS1003d.B.words.xml#id(IS1003d.B.words132)"/>
   </you-usage>
   <you-usage nite:id="IS1003d.B.you.6" unsure="false">
      <nite:pointer role="type"  href="you-types.xml#id(you_3)"/>
      <nite:child href="IS1003d.B.words.xml#id(IS1003d.B.words141)"/>
   </you-usage>
   <you-usage nite:id="IS1003d.B.you.7" unsure="false">
      <nite:pointer role="type"  href="you-types.xml#id(you_3)"/>
      <nite:child href="IS1003d.B.words.xml#id(IS1003d.B.words162)"/>
   </you-usage>
   <you-usage nite:id="IS1003d.B.you.8" unsure="false">
      <nite:pointer role="type"  href="you-types.xml#id(you_3)"/>
      <nite:child href="IS1003d.B.words.xml#id(IS1003d.B.words189)"/>
   </you-usage>
   <you-usage nite:id="IS1003d.B.you.9" unsure="false">
      <nite:pointer role="type"  href="you-types.xml#id(you_11)"/>
      <nite:child href="IS1003d.B.words.xml#id(IS1003d.B.words209)"/>
   </you-usage>
   <you-usage nite:id="IS1003d.B.you.10" unsure="false">
      <nite:pointer role="type"  href="you-types.xml#id(you_11)"/>
      <nite:child href="IS1003d.B.words.xml#id(IS1003d.B.words216)"/>
   </you-usage>
   <you-usage nite:id="IS1003d.B.you.11" unsure="false">
      <nite:pointer role="type"  href="you-types.xml#id(you_3)"/>
      <nite:child href="IS1003d.B.words.xml#id(IS1003d.B.words221)"/>
   </you-usage>
   <you-usage nite:id="IS1003d.B.you.12" unsure="false">
      <nite:pointer role="type"  href="you-types.xml#id(you_3)"/>
      <nite:child href="IS1003d.B.words.xml#id(IS1003d.B.words228)"/>
   </you-usage>
   <you-usage nite:id="IS1003d.B.you.13" unsure="false">
      <nite:pointer role="type"  href="you-types.xml#id(you_3)"/>
      <nite:child href="IS1003d.B.words.xml#id(IS1003d.B.words258)"/>
   </you-usage>
   <you-usage nite:id="IS1003d.B.you.14" unsure="false">
      <nite:pointer role="type"  href="you-types.xml#id(you_3)"/>
      <nite:child href="IS1003d.B.words.xml#id(IS1003d.B.words282)"/>
   </you-usage>
   <you-usage nite:id="IS1003d.B.you.15" unsure="false">
      <nite:pointer role="type"  href="you-types.xml#id(you_3)"/>
      <nite:child href="IS1003d.B.words.xml#id(IS1003d.B.words297)"/>
   </you-usage>
   <you-usage nite:id="IS1003d.B.you.16" unsure="false">
      <nite:pointer role="type"  href="you-types.xml#id(you_3)"/>
      <nite:child href="IS1003d.B.words.xml#id(IS1003d.B.words307)"/>
   </you-usage>
   <you-usage nite:id="IS1003d.B.you.17" unsure="false">
      <nite:pointer role="type"  href="you-types.xml#id(you_3)"/>
      <nite:child href="IS1003d.B.words.xml#id(IS1003d.B.words317)"/>
   </you-usage>
   <you-usage nite:id="IS1003d.B.you.18" unsure="false">
      <nite:pointer role="type"  href="you-types.xml#id(you_3)"/>
      <nite:child href="IS1003d.B.words.xml#id(IS1003d.B.words355)"/>
   </you-usage>
   <you-usage nite:id="IS1003d.B.you.19" unsure="true">
      <nite:pointer role="type"  href="you-types.xml#id(you_11)"/>
      <nite:child href="IS1003d.B.words.xml#id(IS1003d.B.words415)"/>
   </you-usage>
   <you-usage nite:id="IS1003d.B.you.20" unsure="false">
      <nite:pointer role="type"  href="you-types.xml#id(you_2)"/>
      <nite:child href="IS1003d.B.words.xml#id(IS1003d.B.words442)"/>
   </you-usage>
   <you-usage nite:id="IS1003d.B.you.21" unsure="false">
      <nite:pointer role="type"  href="you-types.xml#id(you_2)"/>
      <nite:child href="IS1003d.B.words.xml#id(IS1003d.B.words489)"/>
   </you-usage>
   <you-usage nite:id="IS1003d.B.you.22" unsure="false">
      <nite:pointer role="type"  href="you-types.xml#id(you_12)"/>
      <nite:child href="IS1003d.B.words.xml#id(IS1003d.B.words631)"/>
   </you-usage>
   <you-usage nite:id="IS1003d.B.you.23" unsure="false">
      <nite:pointer role="type"  href="you-types.xml#id(you_12)"/>
      <nite:child href="IS1003d.B.words.xml#id(IS1003d.B.words633)"/>
   </you-usage>
   <you-usage nite:id="IS1003d.B.you.24" unsure="false">
      <nite:pointer role="type"  href="you-types.xml#id(you_2)"/>
      <nite:child href="IS1003d.B.words.xml#id(IS1003d.B.words657)"/>
   </you-usage>
   <you-usage nite:id="IS1003d.B.you.25" unsure="false">
      <nite:pointer role="type"  href="you-types.xml#id(you_2)"/>
      <nite:child href="IS1003d.B.words.xml#id(IS1003d.B.words663)"/>
   </you-usage>
   <you-usage nite:id="IS1003d.B.you.26" unsure="false">
      <nite:pointer role="type"  href="you-types.xml#id(you_2)"/>
      <nite:child href="IS1003d.B.words.xml#id(IS1003d.B.words733)"/>
   </you-usage>
   <you-usage nite:id="IS1003d.B.you.27" unsure="false">
      <nite:pointer role="type"  href="you-types.xml#id(you_2)"/>
      <nite:child href="IS1003d.B.words.xml#id(IS1003d.B.words749)"/>
   </you-usage>
   <you-usage nite:id="IS1003d.B.you.28" unsure="false">
      <nite:pointer role="type"  href="you-types.xml#id(you_2)"/>
      <nite:child href="IS1003d.B.words.xml#id(IS1003d.B.words752)"/>
   </you-usage>
   <you-usage nite:id="IS1003d.B.you.29" unsure="false">
      <nite:pointer role="type"  href="you-types.xml#id(you_2)"/>
      <nite:child href="IS1003d.B.words.xml#id(IS1003d.B.words780)"/>
   </you-usage>
   <you-usage nite:id="IS1003d.B.you.30" unsure="false">
      <nite:pointer role="type"  href="you-types.xml#id(you_2)"/>
      <nite:child href="IS1003d.B.words.xml#id(IS1003d.B.words795)"/>
   </you-usage>
   <you-usage nite:id="IS1003d.B.you.31" unsure="false">
      <nite:pointer role="type"  href="you-types.xml#id(you_2)"/>
      <nite:child href="IS1003d.B.words.xml#id(IS1003d.B.words796)"/>
   </you-usage>
   <you-usage nite:id="IS1003d.B.you.32" unsure="false">
      <nite:pointer role="type"  href="you-types.xml#id(you_2)"/>
      <nite:child href="IS1003d.B.words.xml#id(IS1003d.B.words801)"/>
   </you-usage>
   <you-usage nite:id="IS1003d.B.you.33" unsure="false">
      <nite:pointer role="type"  href="you-types.xml#id(you_2)"/>
      <nite:child href="IS1003d.B.words.xml#id(IS1003d.B.words804)"/>
   </you-usage>
   <you-usage nite:id="IS1003d.B.you.34" unsure="false">
      <nite:pointer role="type"  href="you-types.xml#id(you_2)"/>
      <nite:child href="IS1003d.B.words.xml#id(IS1003d.B.words831)"/>
   </you-usage>
   <you-usage nite:id="IS1003d.B.you.35" unsure="true">
      <nite:pointer role="type"  href="you-types.xml#id(you_11)"/>
      <nite:child href="IS1003d.B.words.xml#id(IS1003d.B.words990)"/>
   </you-usage>
   <you-usage nite:id="IS1003d.B.you.36" unsure="false">
      <nite:pointer role="type"  href="you-types.xml#id(you_11)"/>
      <nite:child href="IS1003d.B.words.xml#id(IS1003d.B.words1009)"/>
   </you-usage>
   <you-usage nite:id="IS1003d.B.you.37" unsure="false">
      <nite:pointer role="type"  href="you-types.xml#id(you_3)"/>
      <nite:child href="IS1003d.B.words.xml#id(IS1003d.B.words1024)"/>
   </you-usage>
   <you-usage nite:id="IS1003d.B.you.38" unsure="false">
      <nite:pointer role="type"  href="you-types.xml#id(you_2)"/>
      <nite:child href="IS1003d.B.words.xml#id(IS1003d.B.words1028)"/>
   </you-usage>
   <you-usage nite:id="IS1003d.B.you.39" unsure="false">
      <nite:pointer role="type"  href="you-types.xml#id(you_2)"/>
      <nite:child href="IS1003d.B.words.xml#id(IS1003d.B.words1059)"/>
   </you-usage>
   <you-usage nite:id="IS1003d.B.you.40" unsure="false">
      <nite:pointer role="type"  href="you-types.xml#id(you_11)"/>
      <nite:child href="IS1003d.B.words.xml#id(IS1003d.B.words1111)"/>
   </you-usage>
   <you-usage nite:id="IS1003d.B.you.41" unsure="false">
      <nite:pointer role="type"  href="you-types.xml#id(you_11)"/>
      <nite:child href="IS1003d.B.words.xml#id(IS1003d.B.words1113)"/>
   </you-usage>
   <you-usage nite:id="IS1003d.B.you.42" unsure="false">
      <nite:pointer role="type"  href="you-types.xml#id(you_2)"/>
      <nite:child href="IS1003d.B.words.xml#id(IS1003d.B.words1210)"/>
   </you-usage>
   <you-usage nite:id="IS1003d.B.you.43" unsure="true">
      <nite:pointer role="type"  href="you-types.xml#id(you_11)"/>
      <nite:child href="IS1003d.B.words.xml#id(IS1003d.B.words1292)"/>
   </you-usage>
   <you-usage nite:id="IS1003d.B.you.44" unsure="false">
      <nite:pointer role="type"  href="you-types.xml#id(you_2)"/>
      <nite:child href="IS1003d.B.words.xml#id(IS1003d.B.words1331)"/>
   </you-usage>
   <you-usage nite:id="IS1003d.B.you.45" unsure="false">
      <nite:pointer role="type"  href="you-types.xml#id(you_2)"/>
      <nite:child href="IS1003d.B.words.xml#id(IS1003d.B.words1333)"/>
   </you-usage>
   <you-usage nite:id="IS1003d.B.you.46" unsure="false">
      <nite:pointer role="type"  href="you-types.xml#id(you_2)"/>
      <nite:child href="IS1003d.B.words.xml#id(IS1003d.B.words1335)"/>
   </you-usage>
   <you-usage nite:id="IS1003d.B.you.47" unsure="false">
      <nite:pointer role="type"  href="you-types.xml#id(you_2)"/>
      <nite:child href="IS1003d.B.words.xml#id(IS1003d.B.words1386)"/>
   </you-usage>
   <you-usage nite:id="IS1003d.B.you.48" unsure="false">
      <nite:pointer role="type"  href="you-types.xml#id(you_2)"/>
      <nite:child href="IS1003d.B.words.xml#id(IS1003d.B.words1434)"/>
   </you-usage>
   <you-usage nite:id="IS1003d.B.you.49" unsure="true">
      <nite:pointer role="type"  href="you-types.xml#id(you_12)"/>
      <nite:child href="IS1003d.B.words.xml#id(IS1003d.B.words1734)"/>
   </you-usage>
   <you-usage nite:id="IS1003d.B.you.50" unsure="false">
      <nite:pointer role="type"  href="you-types.xml#id(you_2)"/>
      <nite:child href="IS1003d.B.words.xml#id(IS1003d.B.words1830)"/>
   </you-usage>
   <you-usage nite:id="IS1003d.B.you.51" unsure="false">
      <nite:pointer role="type"  href="you-types.xml#id(you_2)"/>
      <nite:child href="IS1003d.B.words.xml#id(IS1003d.B.words1838)"/>
   </you-usage>
   <you-usage nite:id="IS1003d.B.you.52" unsure="false">
      <nite:pointer role="type"  href="you-types.xml#id(you_2)"/>
      <nite:child href="IS1003d.B.words.xml#id(IS1003d.B.words1847)"/>
   </you-usage>
   <you-usage nite:id="IS1003d.B.you.53" unsure="false">
      <nite:pointer role="type"  href="you-types.xml#id(you_2)"/>
      <nite:child href="IS1003d.B.words.xml#id(IS1003d.B.words1872)"/>
   </you-usage>
   <you-usage nite:id="IS1003d.B.you.54" unsure="false">
      <nite:pointer role="type"  href="you-types.xml#id(you_2)"/>
      <nite:child href="IS1003d.B.words.xml#id(IS1003d.B.words1875)"/>
   </you-usage>
   <you-usage nite:id="IS1003d.B.you.55" unsure="false">
      <nite:pointer role="type"  href="you-types.xml#id(you_2)"/>
      <nite:child href="IS1003d.B.words.xml#id(IS1003d.B.words1878)"/>
   </you-usage>
   <you-usage nite:id="IS1003d.B.you.56" unsure="false">
      <nite:pointer role="type"  href="you-types.xml#id(you_2)"/>
      <nite:child href="IS1003d.B.words.xml#id(IS1003d.B.words1889)"/>
   </you-usage>
   <you-usage nite:id="IS1003d.B.you.57" unsure="false">
      <nite:pointer role="type"  href="you-types.xml#id(you_2)"/>
      <nite:child href="IS1003d.B.words.xml#id(IS1003d.B.words1894)"/>
   </you-usage>
   <you-usage nite:id="IS1003d.B.you.58" unsure="false">
      <nite:pointer role="type"  href="you-types.xml#id(you_2)"/>
      <nite:child href="IS1003d.B.words.xml#id(IS1003d.B.words1906)"/>
   </you-usage>
   <you-usage nite:id="IS1003d.B.you.59" unsure="false">
      <nite:pointer role="type"  href="you-types.xml#id(you_2)"/>
      <nite:child href="IS1003d.B.words.xml#id(IS1003d.B.words1915)"/>
   </you-usage>
   <you-usage nite:id="IS1003d.B.you.60" unsure="true">
      <nite:pointer role="type"  href="you-types.xml#id(you_11)"/>
      <nite:child href="IS1003d.B.words.xml#id(IS1003d.B.words1921)"/>
   </you-usage>
   <you-usage nite:id="IS1003d.B.you.61" unsure="false">
      <nite:pointer role="type"  href="you-types.xml#id(you_3)"/>
      <nite:child href="IS1003d.B.words.xml#id(IS1003d.B.words1957)"/>
   </you-usage>
   <you-usage nite:id="IS1003d.B.you.62" unsure="false">
      <nite:pointer role="type"  href="you-types.xml#id(you_3)"/>
      <nite:child href="IS1003d.B.words.xml#id(IS1003d.B.words2060)"/>
   </you-usage>
   <you-usage nite:id="IS1003d.B.you.63" unsure="false">
      <nite:pointer role="type"  href="you-types.xml#id(you_2)"/>
      <nite:child href="IS1003d.B.words.xml#id(IS1003d.B.words2258)"/>
   </you-usage>
   <you-usage nite:id="IS1003d.B.you.64" unsure="false">
      <nite:pointer role="type"  href="you-types.xml#id(you_2)"/>
      <nite:child href="IS1003d.B.words.xml#id(IS1003d.B.words2261)"/>
   </you-usage>
   <you-usage nite:id="IS1003d.B.you.65" unsure="false">
      <nite:pointer role="type"  href="you-types.xml#id(you_2)"/>
      <nite:child href="IS1003d.B.words.xml#id(IS1003d.B.words2264)"/>
   </you-usage>
</nite:root>