<?xml version="1.0" encoding="ISO-8859-1" standalone="yes"?>
<nite:root nite:id="IS1003b.D.you" xmlns:nite="http://nite.sourceforge.net/">
   <you-usage nite:id="IS1003b.D.you.1" unsure="false">
      <nite:pointer role="type"  href="you-types.xml#id(you_2)"/>
      <nite:child href="IS1003b.D.words.xml#id(IS1003b.D.words396)"/>
   </you-usage>
   <you-usage nite:id="IS1003b.D.you.2" unsure="false">
      <nite:pointer role="type"  href="you-types.xml#id(you_2)"/>
      <nite:child href="IS1003b.D.words.xml#id(IS1003b.D.words399)"/>
   </you-usage>
   <you-usage nite:id="IS1003b.D.you.3" unsure="false">
      <nite:pointer role="type"  href="you-types.xml#id(you_2)"/>
      <nite:child href="IS1003b.D.words.xml#id(IS1003b.D.words410)"/>
   </you-usage>
   <you-usage nite:id="IS1003b.D.you.4" unsure="false">
      <nite:pointer role="type"  href="you-types.xml#id(you_2)"/>
      <nite:child href="IS1003b.D.words.xml#id(IS1003b.D.words411)"/>
   </you-usage>
   <you-usage nite:id="IS1003b.D.you.5" unsure="false">
      <nite:pointer role="type"  href="you-types.xml#id(you_2)"/>
      <nite:child href="IS1003b.D.words.xml#id(IS1003b.D.words419)"/>
   </you-usage>
   <you-usage nite:id="IS1003b.D.you.6" unsure="false">
      <nite:pointer role="type"  href="you-types.xml#id(you_2)"/>
      <nite:child href="IS1003b.D.words.xml#id(IS1003b.D.words435)"/>
   </you-usage>
   <you-usage nite:id="IS1003b.D.you.7" unsure="false">
      <nite:pointer role="type"  href="you-types.xml#id(you_2)"/>
      <nite:child href="IS1003b.D.words.xml#id(IS1003b.D.words438)"/>
   </you-usage>
   <you-usage nite:id="IS1003b.D.you.8" unsure="false">
      <nite:pointer role="type"  href="you-types.xml#id(you_2)"/>
      <nite:child href="IS1003b.D.words.xml#id(IS1003b.D.words452)"/>
   </you-usage>
   <you-usage nite:id="IS1003b.D.you.9" unsure="false">
      <nite:pointer role="type"  href="you-types.xml#id(you_2)"/>
      <nite:child href="IS1003b.D.words.xml#id(IS1003b.D.words460)"/>
   </you-usage>
   <you-usage nite:id="IS1003b.D.you.10" unsure="false">
      <nite:pointer role="type"  href="you-types.xml#id(you_2)"/>
      <nite:child href="IS1003b.D.words.xml#id(IS1003b.D.words479)"/>
   </you-usage>
   <you-usage nite:id="IS1003b.D.you.11" unsure="false">
      <nite:pointer role="type"  href="you-types.xml#id(you_2)"/>
      <nite:child href="IS1003b.D.words.xml#id(IS1003b.D.words480)"/>
   </you-usage>
   <you-usage nite:id="IS1003b.D.you.12" unsure="false">
      <nite:pointer role="type"  href="you-types.xml#id(you_2)"/>
      <nite:child href="IS1003b.D.words.xml#id(IS1003b.D.words501)"/>
   </you-usage>
   <you-usage nite:id="IS1003b.D.you.13" unsure="false">
      <nite:pointer role="type"  href="you-types.xml#id(you_2)"/>
      <nite:child href="IS1003b.D.words.xml#id(IS1003b.D.words505)"/>
   </you-usage>
   <you-usage nite:id="IS1003b.D.you.14" unsure="false">
      <nite:pointer role="type"  href="you-types.xml#id(you_2)"/>
      <nite:child href="IS1003b.D.words.xml#id(IS1003b.D.words506)"/>
   </you-usage>
   <you-usage nite:id="IS1003b.D.you.15" unsure="false">
      <nite:pointer role="type"  href="you-types.xml#id(you_2)"/>
      <nite:child href="IS1003b.D.words.xml#id(IS1003b.D.words509)"/>
   </you-usage>
   <you-usage nite:id="IS1003b.D.you.16" unsure="false">
      <nite:pointer role="type"  href="you-types.xml#id(you_2)"/>
      <nite:child href="IS1003b.D.words.xml#id(IS1003b.D.words512)"/>
   </you-usage>
   <you-usage nite:id="IS1003b.D.you.17" unsure="false">
      <nite:pointer role="type"  href="you-types.xml#id(you_2)"/>
      <nite:child href="IS1003b.D.words.xml#id(IS1003b.D.words516)"/>
   </you-usage>
   <you-usage nite:id="IS1003b.D.you.18" unsure="false">
      <nite:pointer role="type"  href="you-types.xml#id(you_2)"/>
      <nite:child href="IS1003b.D.words.xml#id(IS1003b.D.words519)"/>
   </you-usage>
   <you-usage nite:id="IS1003b.D.you.19" unsure="false">
      <nite:pointer role="type"  href="you-types.xml#id(you_2)"/>
      <nite:child href="IS1003b.D.words.xml#id(IS1003b.D.words532)"/>
   </you-usage>
   <you-usage nite:id="IS1003b.D.you.20" unsure="false">
      <nite:pointer role="type"  href="you-types.xml#id(you_2)"/>
      <nite:child href="IS1003b.D.words.xml#id(IS1003b.D.words533)"/>
   </you-usage>
   <you-usage nite:id="IS1003b.D.you.21" unsure="false">
      <nite:pointer role="type"  href="you-types.xml#id(you_2)"/>
      <nite:child href="IS1003b.D.words.xml#id(IS1003b.D.words538)"/>
   </you-usage>
   <you-usage nite:id="IS1003b.D.you.22" unsure="false">
      <nite:pointer role="type"  href="you-types.xml#id(you_2)"/>
      <nite:child href="IS1003b.D.words.xml#id(IS1003b.D.words546)"/>
   </you-usage>
   <you-usage nite:id="IS1003b.D.you.23" unsure="false">
      <nite:pointer role="type"  href="you-types.xml#id(you_3)"/>
      <nite:child href="IS1003b.D.words.xml#id(IS1003b.D.words589)"/>
   </you-usage>
   <you-usage nite:id="IS1003b.D.you.24" unsure="false">
      <nite:pointer role="type"  href="you-types.xml#id(you_3)"/>
      <nite:child href="IS1003b.D.words.xml#id(IS1003b.D.words627)"/>
   </you-usage>
   <you-usage nite:id="IS1003b.D.you.25" unsure="false">
      <nite:pointer role="type"  href="you-types.xml#id(you_2)"/>
      <nite:child href="IS1003b.D.words.xml#id(IS1003b.D.words755)"/>
   </you-usage>
   <you-usage nite:id="IS1003b.D.you.26" unsure="false">
      <nite:pointer role="type"  href="you-types.xml#id(you_2)"/>
      <nite:child href="IS1003b.D.words.xml#id(IS1003b.D.words756)"/>
   </you-usage>
   <you-usage nite:id="IS1003b.D.you.27" unsure="false">
      <nite:pointer role="type"  href="you-types.xml#id(you_2)"/>
      <nite:child href="IS1003b.D.words.xml#id(IS1003b.D.words761)"/>
   </you-usage>
   <you-usage nite:id="IS1003b.D.you.28" unsure="false">
      <nite:pointer role="type"  href="you-types.xml#id(you_12)"/>
      <nite:child href="IS1003b.D.words.xml#id(IS1003b.D.words794)"/>
   </you-usage>
</nite:root>