<?xml version="1.0" encoding="ISO-8859-1" standalone="yes"?>
<nite:root nite:id="IS1001b.D.you" xmlns:nite="http://nite.sourceforge.net/">
   <you-usage nite:id="IS1001b.D.you.1" unsure="false">
      <nite:pointer role="type"  href="you-types.xml#id(you_11)"/>
      <nite:child href="IS1001b.D.words.xml#id(IS1001b.D.words9)"/>
   </you-usage>
   <you-usage nite:id="IS1001b.D.you.2" unsure="false">
      <nite:pointer role="type"  href="you-types.xml#id(you_11)"/>
      <nite:child href="IS1001b.D.words.xml#id(IS1001b.D.words66)"/>
   </you-usage>
   <you-usage nite:id="IS1001b.D.you.3" unsure="false">
      <nite:pointer role="type"  href="you-types.xml#id(you_11)"/>
      <nite:child href="IS1001b.D.words.xml#id(IS1001b.D.words74)"/>
   </you-usage>
   <you-usage nite:id="IS1001b.D.you.4" unsure="false">
      <nite:pointer role="type"  href="you-types.xml#id(you_11)"/>
      <nite:child href="IS1001b.D.words.xml#id(IS1001b.D.words77)"/>
   </you-usage>
   <you-usage nite:id="IS1001b.D.you.5" unsure="false">
      <nite:pointer role="type"  href="you-types.xml#id(you_12)"/>
      <nite:child href="IS1001b.D.words.xml#id(IS1001b.D.words114)"/>
   </you-usage>
   <you-usage nite:id="IS1001b.D.you.6" unsure="false">
      <nite:pointer role="type"  href="you-types.xml#id(you_2)"/>
      <nite:child href="IS1001b.D.words.xml#id(IS1001b.D.words257)"/>
   </you-usage>
   <you-usage nite:id="IS1001b.D.you.7" unsure="false">
      <nite:pointer role="type"  href="you-types.xml#id(you_11)"/>
      <nite:child href="IS1001b.D.words.xml#id(IS1001b.D.words352)"/>
   </you-usage>
   <you-usage nite:id="IS1001b.D.you.8" unsure="false">
      <nite:pointer role="type"  href="you-types.xml#id(you_12)"/>
      <nite:child href="IS1001b.D.words.xml#id(IS1001b.D.words594)"/>
   </you-usage>
   <you-usage nite:id="IS1001b.D.you.9" unsure="false">
      <nite:pointer role="type"  href="you-types.xml#id(you_12)"/>
      <nite:child href="IS1001b.D.words.xml#id(IS1001b.D.words609)"/>
   </you-usage>
   <you-usage nite:id="IS1001b.D.you.10" unsure="false">
      <nite:pointer role="type"  href="you-types.xml#id(you_12)"/>
      <nite:child href="IS1001b.D.words.xml#id(IS1001b.D.words767)"/>
   </you-usage>
   <you-usage nite:id="IS1001b.D.you.11" unsure="false">
      <nite:pointer role="type"  href="you-types.xml#id(you_2)"/>
      <nite:child href="IS1001b.D.words.xml#id(IS1001b.D.words820)"/>
   </you-usage>
   <you-usage nite:id="IS1001b.D.you.12" unsure="false">
      <nite:pointer role="type"  href="you-types.xml#id(you_12)"/>
      <nite:child href="IS1001b.D.words.xml#id(IS1001b.D.words880)"/>
   </you-usage>
</nite:root>