<?xml version="1.0" encoding="ISO-8859-1" standalone="yes"?>
<nite:root nite:id="IS1003d.C.you" xmlns:nite="http://nite.sourceforge.net/">
   <you-usage nite:id="IS1003d.C.you.1" unsure="false">
      <nite:pointer role="type"  href="you-types.xml#id(you_2)"/>
      <nite:child href="IS1003d.C.words.xml#id(IS1003d.C.words303)"/>
   </you-usage>
   <you-usage nite:id="IS1003d.C.you.2" unsure="false">
      <nite:pointer role="type"  href="you-types.xml#id(you_2)"/>
      <nite:child href="IS1003d.C.words.xml#id(IS1003d.C.words313)"/>
   </you-usage>
   <you-usage nite:id="IS1003d.C.you.3" unsure="false">
      <nite:pointer role="type"  href="you-types.xml#id(you_2)"/>
      <nite:child href="IS1003d.C.words.xml#id(IS1003d.C.words321)"/>
   </you-usage>
   <you-usage nite:id="IS1003d.C.you.4" unsure="false">
      <nite:pointer role="type"  href="you-types.xml#id(you_12)"/>
      <nite:child href="IS1003d.C.words.xml#id(IS1003d.C.words339)"/>
   </you-usage>
   <you-usage nite:id="IS1003d.C.you.5" unsure="false">
      <nite:pointer role="type"  href="you-types.xml#id(you_12)"/>
      <nite:child href="IS1003d.C.words.xml#id(IS1003d.C.words343)"/>
   </you-usage>
   <you-usage nite:id="IS1003d.C.you.6" unsure="false">
      <nite:pointer role="type"  href="you-types.xml#id(you_2)"/>
      <nite:child href="IS1003d.C.words.xml#id(IS1003d.C.words379)"/>
   </you-usage>
   <you-usage nite:id="IS1003d.C.you.7" unsure="false">
      <nite:pointer role="type"  href="you-types.xml#id(you_2)"/>
      <nite:child href="IS1003d.C.words.xml#id(IS1003d.C.words477)"/>
   </you-usage>
   <you-usage nite:id="IS1003d.C.you.8" unsure="false">
      <nite:pointer role="type"  href="you-types.xml#id(you_2)"/>
      <nite:child href="IS1003d.C.words.xml#id(IS1003d.C.words508)"/>
   </you-usage>
   <you-usage nite:id="IS1003d.C.you.9" unsure="false">
      <nite:pointer role="type"  href="you-types.xml#id(you_2)"/>
      <nite:child href="IS1003d.C.words.xml#id(IS1003d.C.words521)"/>
   </you-usage>
   <you-usage nite:id="IS1003d.C.you.10" unsure="false">
      <nite:pointer role="type"  href="you-types.xml#id(you_2)"/>
      <nite:child href="IS1003d.C.words.xml#id(IS1003d.C.words540)"/>
   </you-usage>
   <you-usage nite:id="IS1003d.C.you.11" unsure="false">
      <nite:pointer role="type"  href="you-types.xml#id(you_2)"/>
      <nite:child href="IS1003d.C.words.xml#id(IS1003d.C.words598)"/>
   </you-usage>
   <you-usage nite:id="IS1003d.C.you.12" unsure="false">
      <nite:pointer role="type"  href="you-types.xml#id(you_2)"/>
      <nite:child href="IS1003d.C.words.xml#id(IS1003d.C.words605)"/>
   </you-usage>
   <you-usage nite:id="IS1003d.C.you.13" unsure="false">
      <nite:pointer role="type"  href="you-types.xml#id(you_2)"/>
      <nite:child href="IS1003d.C.words.xml#id(IS1003d.C.words610)"/>
   </you-usage>
   <you-usage nite:id="IS1003d.C.you.14" unsure="false">
      <nite:pointer role="type"  href="you-types.xml#id(you_2)"/>
      <nite:child href="IS1003d.C.words.xml#id(IS1003d.C.words634)"/>
   </you-usage>
   <you-usage nite:id="IS1003d.C.you.15" unsure="false">
      <nite:pointer role="type"  href="you-types.xml#id(you_2)"/>
      <nite:child href="IS1003d.C.words.xml#id(IS1003d.C.words651)"/>
   </you-usage>
   <you-usage nite:id="IS1003d.C.you.16" unsure="false">
      <nite:pointer role="type"  href="you-types.xml#id(you_2)"/>
      <nite:child href="IS1003d.C.words.xml#id(IS1003d.C.words659)"/>
   </you-usage>
   <you-usage nite:id="IS1003d.C.you.17" unsure="false">
      <nite:pointer role="type"  href="you-types.xml#id(you_2)"/>
      <nite:child href="IS1003d.C.words.xml#id(IS1003d.C.words692)"/>
   </you-usage>
   <you-usage nite:id="IS1003d.C.you.18" unsure="false">
      <nite:pointer role="type"  href="you-types.xml#id(you_2)"/>
      <nite:child href="IS1003d.C.words.xml#id(IS1003d.C.words746)"/>
   </you-usage>
   <you-usage nite:id="IS1003d.C.you.19" unsure="false">
      <nite:pointer role="type"  href="you-types.xml#id(you_2)"/>
      <nite:child href="IS1003d.C.words.xml#id(IS1003d.C.words751)"/>
   </you-usage>
   <you-usage nite:id="IS1003d.C.you.20" unsure="false">
      <nite:pointer role="type"  href="you-types.xml#id(you_2)"/>
      <nite:child href="IS1003d.C.words.xml#id(IS1003d.C.words752)"/>
   </you-usage>
   <you-usage nite:id="IS1003d.C.you.21" unsure="false">
      <nite:pointer role="type"  href="you-types.xml#id(you_2)"/>
      <nite:child href="IS1003d.C.words.xml#id(IS1003d.C.words759)"/>
   </you-usage>
   <you-usage nite:id="IS1003d.C.you.22" unsure="false">
      <nite:pointer role="type"  href="you-types.xml#id(you_2)"/>
      <nite:child href="IS1003d.C.words.xml#id(IS1003d.C.words768)"/>
   </you-usage>
   <you-usage nite:id="IS1003d.C.you.23" unsure="false">
      <nite:pointer role="type"  href="you-types.xml#id(you_2)"/>
      <nite:child href="IS1003d.C.words.xml#id(IS1003d.C.words770)"/>
   </you-usage>
   <you-usage nite:id="IS1003d.C.you.24" unsure="false">
      <nite:pointer role="type"  href="you-types.xml#id(you_2)"/>
      <nite:child href="IS1003d.C.words.xml#id(IS1003d.C.words775)"/>
   </you-usage>
   <you-usage nite:id="IS1003d.C.you.25" unsure="false">
      <nite:pointer role="type"  href="you-types.xml#id(you_2)"/>
      <nite:child href="IS1003d.C.words.xml#id(IS1003d.C.words785)"/>
   </you-usage>
   <you-usage nite:id="IS1003d.C.you.26" unsure="false">
      <nite:pointer role="type"  href="you-types.xml#id(you_2)"/>
      <nite:child href="IS1003d.C.words.xml#id(IS1003d.C.words790)"/>
   </you-usage>
   <you-usage nite:id="IS1003d.C.you.27" unsure="false">
      <nite:pointer role="type"  href="you-types.xml#id(you_2)"/>
      <nite:child href="IS1003d.C.words.xml#id(IS1003d.C.words795)"/>
   </you-usage>
   <you-usage nite:id="IS1003d.C.you.28" unsure="false">
      <nite:pointer role="type"  href="you-types.xml#id(you_2)"/>
      <nite:child href="IS1003d.C.words.xml#id(IS1003d.C.words803)"/>
   </you-usage>
   <you-usage nite:id="IS1003d.C.you.29" unsure="false">
      <nite:pointer role="type"  href="you-types.xml#id(you_2)"/>
      <nite:child href="IS1003d.C.words.xml#id(IS1003d.C.words805)"/>
   </you-usage>
   <you-usage nite:id="IS1003d.C.you.30" unsure="false">
      <nite:pointer role="type"  href="you-types.xml#id(you_2)"/>
      <nite:child href="IS1003d.C.words.xml#id(IS1003d.C.words821)"/>
   </you-usage>
   <you-usage nite:id="IS1003d.C.you.31" unsure="false">
      <nite:pointer role="type"  href="you-types.xml#id(you_2)"/>
      <nite:child href="IS1003d.C.words.xml#id(IS1003d.C.words833)"/>
   </you-usage>
   <you-usage nite:id="IS1003d.C.you.32" unsure="false">
      <nite:pointer role="type"  href="you-types.xml#id(you_2)"/>
      <nite:child href="IS1003d.C.words.xml#id(IS1003d.C.words843)"/>
   </you-usage>
   <you-usage nite:id="IS1003d.C.you.33" unsure="false">
      <nite:pointer role="type"  href="you-types.xml#id(you_3)"/>
      <nite:child href="IS1003d.C.words.xml#id(IS1003d.C.words854)"/>
   </you-usage>
   <you-usage nite:id="IS1003d.C.you.34" unsure="false">
      <nite:pointer role="type"  href="you-types.xml#id(you_2)"/>
      <nite:child href="IS1003d.C.words.xml#id(IS1003d.C.words871)"/>
   </you-usage>
   <you-usage nite:id="IS1003d.C.you.35" unsure="false">
      <nite:pointer role="type"  href="you-types.xml#id(you_2)"/>
      <nite:child href="IS1003d.C.words.xml#id(IS1003d.C.words875)"/>
   </you-usage>
   <you-usage nite:id="IS1003d.C.you.36" unsure="false">
      <nite:pointer role="type"  href="you-types.xml#id(you_2)"/>
      <nite:child href="IS1003d.C.words.xml#id(IS1003d.C.words877)"/>
   </you-usage>
   <you-usage nite:id="IS1003d.C.you.37" unsure="false">
      <nite:pointer role="type"  href="you-types.xml#id(you_2)"/>
      <nite:child href="IS1003d.C.words.xml#id(IS1003d.C.words879)"/>
   </you-usage>
   <you-usage nite:id="IS1003d.C.you.38" unsure="false">
      <nite:pointer role="type"  href="you-types.xml#id(you_2)"/>
      <nite:child href="IS1003d.C.words.xml#id(IS1003d.C.words885)"/>
   </you-usage>
   <you-usage nite:id="IS1003d.C.you.39" unsure="false">
      <nite:pointer role="type"  href="you-types.xml#id(you_2)"/>
      <nite:child href="IS1003d.C.words.xml#id(IS1003d.C.words887)"/>
   </you-usage>
   <you-usage nite:id="IS1003d.C.you.40" unsure="false">
      <nite:pointer role="type"  href="you-types.xml#id(you_2)"/>
      <nite:child href="IS1003d.C.words.xml#id(IS1003d.C.words889)"/>
   </you-usage>
   <you-usage nite:id="IS1003d.C.you.41" unsure="false">
      <nite:pointer role="type"  href="you-types.xml#id(you_2)"/>
      <nite:child href="IS1003d.C.words.xml#id(IS1003d.C.words897)"/>
   </you-usage>
   <you-usage nite:id="IS1003d.C.you.42" unsure="false">
      <nite:pointer role="type"  href="you-types.xml#id(you_2)"/>
      <nite:child href="IS1003d.C.words.xml#id(IS1003d.C.words904)"/>
   </you-usage>
   <you-usage nite:id="IS1003d.C.you.43" unsure="false">
      <nite:pointer role="type"  href="you-types.xml#id(you_2)"/>
      <nite:child href="IS1003d.C.words.xml#id(IS1003d.C.words905)"/>
   </you-usage>
   <you-usage nite:id="IS1003d.C.you.44" unsure="false">
      <nite:pointer role="type"  href="you-types.xml#id(you_2)"/>
      <nite:child href="IS1003d.C.words.xml#id(IS1003d.C.words907)"/>
   </you-usage>
   <you-usage nite:id="IS1003d.C.you.45" unsure="false">
      <nite:pointer role="type"  href="you-types.xml#id(you_2)"/>
      <nite:child href="IS1003d.C.words.xml#id(IS1003d.C.words918)"/>
   </you-usage>
   <you-usage nite:id="IS1003d.C.you.46" unsure="false">
      <nite:pointer role="type"  href="you-types.xml#id(you_2)"/>
      <nite:child href="IS1003d.C.words.xml#id(IS1003d.C.words919)"/>
   </you-usage>
   <you-usage nite:id="IS1003d.C.you.47" unsure="false">
      <nite:pointer role="type"  href="you-types.xml#id(you_2)"/>
      <nite:child href="IS1003d.C.words.xml#id(IS1003d.C.words924)"/>
   </you-usage>
   <you-usage nite:id="IS1003d.C.you.48" unsure="false">
      <nite:pointer role="type"  href="you-types.xml#id(you_2)"/>
      <nite:child href="IS1003d.C.words.xml#id(IS1003d.C.words936)"/>
   </you-usage>
   <you-usage nite:id="IS1003d.C.you.49" unsure="false">
      <nite:pointer role="type"  href="you-types.xml#id(you_11)"/>
      <nite:child href="IS1003d.C.words.xml#id(IS1003d.C.words1017)"/>
   </you-usage>
   <you-usage nite:id="IS1003d.C.you.50" unsure="false">
      <nite:pointer role="type"  href="you-types.xml#id(you_2)"/>
      <nite:child href="IS1003d.C.words.xml#id(IS1003d.C.words1036)"/>
   </you-usage>
   <you-usage nite:id="IS1003d.C.you.51" unsure="false">
      <nite:pointer role="type"  href="you-types.xml#id(you_2)"/>
      <nite:child href="IS1003d.C.words.xml#id(IS1003d.C.words1040)"/>
   </you-usage>
   <you-usage nite:id="IS1003d.C.you.52" unsure="false">
      <nite:pointer role="type"  href="you-types.xml#id(you_2)"/>
      <nite:child href="IS1003d.C.words.xml#id(IS1003d.C.words1049)"/>
   </you-usage>
   <you-usage nite:id="IS1003d.C.you.53" unsure="false">
      <nite:pointer role="type"  href="you-types.xml#id(you_2)"/>
      <nite:child href="IS1003d.C.words.xml#id(IS1003d.C.words1056)"/>
   </you-usage>
   <you-usage nite:id="IS1003d.C.you.54" unsure="false">
      <nite:pointer role="type"  href="you-types.xml#id(you_2)"/>
      <nite:child href="IS1003d.C.words.xml#id(IS1003d.C.words1059)"/>
   </you-usage>
   <you-usage nite:id="IS1003d.C.you.55" unsure="false">
      <nite:pointer role="type"  href="you-types.xml#id(you_2)"/>
      <nite:child href="IS1003d.C.words.xml#id(IS1003d.C.words1080)"/>
   </you-usage>
   <you-usage nite:id="IS1003d.C.you.56" unsure="false">
      <nite:pointer role="type"  href="you-types.xml#id(you_2)"/>
      <nite:child href="IS1003d.C.words.xml#id(IS1003d.C.words1083)"/>
   </you-usage>
   <you-usage nite:id="IS1003d.C.you.57" unsure="false">
      <nite:pointer role="type"  href="you-types.xml#id(you_2)"/>
      <nite:child href="IS1003d.C.words.xml#id(IS1003d.C.words1086)"/>
   </you-usage>
   <you-usage nite:id="IS1003d.C.you.58" unsure="false">
      <nite:pointer role="type"  href="you-types.xml#id(you_2)"/>
      <nite:child href="IS1003d.C.words.xml#id(IS1003d.C.words1103)"/>
   </you-usage>
   <you-usage nite:id="IS1003d.C.you.59" unsure="false">
      <nite:pointer role="type"  href="you-types.xml#id(you_2)"/>
      <nite:child href="IS1003d.C.words.xml#id(IS1003d.C.words1115)"/>
   </you-usage>
   <you-usage nite:id="IS1003d.C.you.60" unsure="false">
      <nite:pointer role="type"  href="you-types.xml#id(you_2)"/>
      <nite:child href="IS1003d.C.words.xml#id(IS1003d.C.words1116)"/>
   </you-usage>
   <you-usage nite:id="IS1003d.C.you.61" unsure="false">
      <nite:pointer role="type"  href="you-types.xml#id(you_2)"/>
      <nite:child href="IS1003d.C.words.xml#id(IS1003d.C.words1122)"/>
   </you-usage>
   <you-usage nite:id="IS1003d.C.you.62" unsure="false">
      <nite:pointer role="type"  href="you-types.xml#id(you_2)"/>
      <nite:child href="IS1003d.C.words.xml#id(IS1003d.C.words1131)"/>
   </you-usage>
   <you-usage nite:id="IS1003d.C.you.63" unsure="false">
      <nite:pointer role="type"  href="you-types.xml#id(you_2)"/>
      <nite:child href="IS1003d.C.words.xml#id(IS1003d.C.words1132)"/>
   </you-usage>
   <you-usage nite:id="IS1003d.C.you.64" unsure="false">
      <nite:pointer role="type"  href="you-types.xml#id(you_2)"/>
      <nite:child href="IS1003d.C.words.xml#id(IS1003d.C.words1137)"/>
   </you-usage>
   <you-usage nite:id="IS1003d.C.you.65" unsure="false">
      <nite:pointer role="type"  href="you-types.xml#id(you_2)"/>
      <nite:child href="IS1003d.C.words.xml#id(IS1003d.C.words1146)"/>
   </you-usage>
   <you-usage nite:id="IS1003d.C.you.66" unsure="false">
      <nite:pointer role="type"  href="you-types.xml#id(you_2)"/>
      <nite:child href="IS1003d.C.words.xml#id(IS1003d.C.words1163)"/>
   </you-usage>
   <you-usage nite:id="IS1003d.C.you.67" unsure="false">
      <nite:pointer role="type"  href="you-types.xml#id(you_2)"/>
      <nite:child href="IS1003d.C.words.xml#id(IS1003d.C.words1231)"/>
   </you-usage>
   <you-usage nite:id="IS1003d.C.you.68" unsure="false">
      <nite:pointer role="type"  href="you-types.xml#id(you_2)"/>
      <nite:child href="IS1003d.C.words.xml#id(IS1003d.C.words1233)"/>
   </you-usage>
   <you-usage nite:id="IS1003d.C.you.69" unsure="false">
      <nite:pointer role="type"  href="you-types.xml#id(you_2)"/>
      <nite:child href="IS1003d.C.words.xml#id(IS1003d.C.words1239)"/>
   </you-usage>
   <you-usage nite:id="IS1003d.C.you.70" unsure="false">
      <nite:pointer role="type"  href="you-types.xml#id(you_2)"/>
      <nite:child href="IS1003d.C.words.xml#id(IS1003d.C.words1253)"/>
   </you-usage>
   <you-usage nite:id="IS1003d.C.you.71" unsure="false">
      <nite:pointer role="type"  href="you-types.xml#id(you_2)"/>
      <nite:child href="IS1003d.C.words.xml#id(IS1003d.C.words1262)"/>
   </you-usage>
   <you-usage nite:id="IS1003d.C.you.72" unsure="false">
      <nite:pointer role="type"  href="you-types.xml#id(you_2)"/>
      <nite:child href="IS1003d.C.words.xml#id(IS1003d.C.words1264)"/>
   </you-usage>
   <you-usage nite:id="IS1003d.C.you.73" unsure="false">
      <nite:pointer role="type"  href="you-types.xml#id(you_2)"/>
      <nite:child href="IS1003d.C.words.xml#id(IS1003d.C.words1553)"/>
   </you-usage>
   <you-usage nite:id="IS1003d.C.you.74" unsure="false">
      <nite:pointer role="type"  href="you-types.xml#id(you_2)"/>
      <nite:child href="IS1003d.C.words.xml#id(IS1003d.C.words1590)"/>
   </you-usage>
   <you-usage nite:id="IS1003d.C.you.75" unsure="false">
      <nite:pointer role="type"  href="you-types.xml#id(you_2)"/>
      <nite:child href="IS1003d.C.words.xml#id(IS1003d.C.words1594)"/>
   </you-usage>
   <you-usage nite:id="IS1003d.C.you.76" unsure="false">
      <nite:pointer role="type"  href="you-types.xml#id(you_2)"/>
      <nite:child href="IS1003d.C.words.xml#id(IS1003d.C.words1601)"/>
   </you-usage>
   <you-usage nite:id="IS1003d.C.you.77" unsure="false">
      <nite:pointer role="type"  href="you-types.xml#id(you_2)"/>
      <nite:child href="IS1003d.C.words.xml#id(IS1003d.C.words1604)"/>
   </you-usage>
   <you-usage nite:id="IS1003d.C.you.78" unsure="false">
      <nite:pointer role="type"  href="you-types.xml#id(you_2)"/>
      <nite:child href="IS1003d.C.words.xml#id(IS1003d.C.words1614)"/>
   </you-usage>
   <you-usage nite:id="IS1003d.C.you.79" unsure="false">
      <nite:pointer role="type"  href="you-types.xml#id(you_11)"/>
      <nite:child href="IS1003d.C.words.xml#id(IS1003d.C.words1640)"/>
   </you-usage>
   <you-usage nite:id="IS1003d.C.you.80" unsure="false">
      <nite:pointer role="type"  href="you-types.xml#id(you_11)"/>
      <nite:child href="IS1003d.C.words.xml#id(IS1003d.C.words1643)"/>
   </you-usage>
   <you-usage nite:id="IS1003d.C.you.81" unsure="false">
      <nite:pointer role="type"  href="you-types.xml#id(you_11)"/>
      <nite:child href="IS1003d.C.words.xml#id(IS1003d.C.words1653)"/>
   </you-usage>
   <you-usage nite:id="IS1003d.C.you.82" unsure="false">
      <nite:pointer role="type"  href="you-types.xml#id(you_11)"/>
      <nite:child href="IS1003d.C.words.xml#id(IS1003d.C.words1747)"/>
   </you-usage>
   <you-usage nite:id="IS1003d.C.you.83" unsure="false">
      <nite:pointer role="type"  href="you-types.xml#id(you_11)"/>
      <nite:child href="IS1003d.C.words.xml#id(IS1003d.C.words1750)"/>
   </you-usage>
   <you-usage nite:id="IS1003d.C.you.84" unsure="false">
      <nite:pointer role="type"  href="you-types.xml#id(you_11)"/>
      <nite:child href="IS1003d.C.words.xml#id(IS1003d.C.words1752)"/>
   </you-usage>
   <you-usage nite:id="IS1003d.C.you.85" unsure="false">
      <nite:pointer role="type"  href="you-types.xml#id(you_11)"/>
      <nite:child href="IS1003d.C.words.xml#id(IS1003d.C.words1754)"/>
   </you-usage>
   <you-usage nite:id="IS1003d.C.you.86" unsure="false">
      <nite:pointer role="type"  href="you-types.xml#id(you_11)"/>
      <nite:child href="IS1003d.C.words.xml#id(IS1003d.C.words1756)"/>
   </you-usage>
   <you-usage nite:id="IS1003d.C.you.87" unsure="false">
      <nite:pointer role="type"  href="you-types.xml#id(you_11)"/>
      <nite:child href="IS1003d.C.words.xml#id(IS1003d.C.words1758)"/>
   </you-usage>
   <you-usage nite:id="IS1003d.C.you.88" unsure="false">
      <nite:pointer role="type"  href="you-types.xml#id(you_11)"/>
      <nite:child href="IS1003d.C.words.xml#id(IS1003d.C.words1760)"/>
   </you-usage>
   <you-usage nite:id="IS1003d.C.you.89" unsure="false">
      <nite:pointer role="type"  href="you-types.xml#id(you_11)"/>
      <nite:child href="IS1003d.C.words.xml#id(IS1003d.C.words1765)"/>
   </you-usage>
   <you-usage nite:id="IS1003d.C.you.90" unsure="false">
      <nite:pointer role="type"  href="you-types.xml#id(you_12)"/>
      <nite:child href="IS1003d.C.words.xml#id(IS1003d.C.words1788)"/>
   </you-usage>
   <you-usage nite:id="IS1003d.C.you.91" unsure="false">
      <nite:pointer role="type"  href="you-types.xml#id(you_11)"/>
      <nite:child href="IS1003d.C.words.xml#id(IS1003d.C.words1794)"/>
   </you-usage>
</nite:root>