<?xml version="1.0" encoding="ISO-8859-1" standalone="yes"?>
<nite:root nite:id="IS1005a.D.you" xmlns:nite="http://nite.sourceforge.net/">
   <you-usage nite:id="IS1005a.D.you.1" unsure="false">
      <nite:pointer role="type"  href="you-types.xml#id(you_11)"/>
      <nite:child href="IS1005a.D.words.xml#id(IS1005a.D.words103)"/>
   </you-usage>
   <you-usage nite:id="IS1005a.D.you.2" unsure="false">
      <nite:pointer role="type"  href="you-types.xml#id(you_3)"/>
      <nite:child href="IS1005a.D.words.xml#id(IS1005a.D.words198)"/>
   </you-usage>
   <you-usage nite:id="IS1005a.D.you.3" unsure="false">
      <nite:pointer role="type"  href="you-types.xml#id(you_2)"/>
      <nite:child href="IS1005a.D.words.xml#id(IS1005a.D.words226)"/>
   </you-usage>
   <you-usage nite:id="IS1005a.D.you.4" unsure="false">
      <nite:pointer role="type"  href="you-types.xml#id(you_2)"/>
      <nite:child href="IS1005a.D.words.xml#id(IS1005a.D.words231)"/>
   </you-usage>
   <you-usage nite:id="IS1005a.D.you.5" unsure="false">
      <nite:pointer role="type"  href="you-types.xml#id(you_2)"/>
      <nite:child href="IS1005a.D.words.xml#id(IS1005a.D.words238)"/>
   </you-usage>
   <you-usage nite:id="IS1005a.D.you.6" unsure="false">
      <nite:pointer role="type"  href="you-types.xml#id(you_2)"/>
      <nite:child href="IS1005a.D.words.xml#id(IS1005a.D.words245)"/>
   </you-usage>
   <you-usage nite:id="IS1005a.D.you.7" unsure="false">
      <nite:pointer role="type"  href="you-types.xml#id(you_11)"/>
      <nite:child href="IS1005a.D.words.xml#id(IS1005a.D.words305)"/>
   </you-usage>
</nite:root>