<?xml version="1.0" encoding="ISO-8859-1" standalone="yes"?>
<nite:root nite:id="IS1008c.A.you" xmlns:nite="http://nite.sourceforge.net/">
   <you-usage nite:id="IS1008c.A.you.1" unsure="false">
      <nite:pointer role="type"  href="you-types.xml#id(you_12)"/>
      <nite:child href="IS1008c.A.words.xml#id(IS1008c.A.words10)"/>
   </you-usage>
   <you-usage nite:id="IS1008c.A.you.2" unsure="false">
      <nite:pointer role="type"  href="you-types.xml#id(you_11)"/>
      <nite:child href="IS1008c.A.words.xml#id(IS1008c.A.words144)"/>
   </you-usage>
   <you-usage nite:id="IS1008c.A.you.3" unsure="false">
      <nite:pointer role="type"  href="you-types.xml#id(you_11)"/>
      <nite:child href="IS1008c.A.words.xml#id(IS1008c.A.words159)"/>
   </you-usage>
   <you-usage nite:id="IS1008c.A.you.4" unsure="false">
      <nite:pointer role="type"  href="you-types.xml#id(you_11)"/>
      <nite:child href="IS1008c.A.words.xml#id(IS1008c.A.words222)"/>
   </you-usage>
   <you-usage nite:id="IS1008c.A.you.5" unsure="false">
      <nite:pointer role="type"  href="you-types.xml#id(you_11)"/>
      <nite:child href="IS1008c.A.words.xml#id(IS1008c.A.words241)"/>
   </you-usage>
   <you-usage nite:id="IS1008c.A.you.6" unsure="false">
      <nite:pointer role="type"  href="you-types.xml#id(you_11)"/>
      <nite:child href="IS1008c.A.words.xml#id(IS1008c.A.words269)"/>
   </you-usage>
   <you-usage nite:id="IS1008c.A.you.7" unsure="false">
      <nite:pointer role="type"  href="you-types.xml#id(you_11)"/>
      <nite:child href="IS1008c.A.words.xml#id(IS1008c.A.words296)"/>
   </you-usage>
   <you-usage nite:id="IS1008c.A.you.8" unsure="false">
      <nite:pointer role="type"  href="you-types.xml#id(you_11)"/>
      <nite:child href="IS1008c.A.words.xml#id(IS1008c.A.words298)"/>
   </you-usage>
   <you-usage nite:id="IS1008c.A.you.9" unsure="false">
      <nite:pointer role="type"  href="you-types.xml#id(you_11)"/>
      <nite:child href="IS1008c.A.words.xml#id(IS1008c.A.words314)"/>
   </you-usage>
   <you-usage nite:id="IS1008c.A.you.10" unsure="false">
      <nite:pointer role="type"  href="you-types.xml#id(you_2)"/>
      <nite:child href="IS1008c.A.words.xml#id(IS1008c.A.words378)"/>
   </you-usage>
   <you-usage nite:id="IS1008c.A.you.11" unsure="false">
      <nite:pointer role="type"  href="you-types.xml#id(you_2)"/>
      <nite:child href="IS1008c.A.words.xml#id(IS1008c.A.words388)"/>
   </you-usage>
   <you-usage nite:id="IS1008c.A.you.12" unsure="false">
      <nite:pointer role="type"  href="you-types.xml#id(you_12)"/>
      <nite:child href="IS1008c.A.words.xml#id(IS1008c.A.words521)"/>
   </you-usage>
   <you-usage nite:id="IS1008c.A.you.13" unsure="false">
      <nite:pointer role="type"  href="you-types.xml#id(you_11)"/>
      <nite:child href="IS1008c.A.words.xml#id(IS1008c.A.words530)"/>
   </you-usage>
   <you-usage nite:id="IS1008c.A.you.14" unsure="false">
      <nite:pointer role="type"  href="you-types.xml#id(you_11)"/>
      <nite:child href="IS1008c.A.words.xml#id(IS1008c.A.words534)"/>
   </you-usage>
   <you-usage nite:id="IS1008c.A.you.15" unsure="false">
      <nite:pointer role="type"  href="you-types.xml#id(you_12)"/>
      <nite:child href="IS1008c.A.words.xml#id(IS1008c.A.words620)"/>
   </you-usage>
   <you-usage nite:id="IS1008c.A.you.16" unsure="false">
      <nite:pointer role="type"  href="you-types.xml#id(you_12)"/>
      <nite:child href="IS1008c.A.words.xml#id(IS1008c.A.words628)"/>
   </you-usage>
   <you-usage nite:id="IS1008c.A.you.17" unsure="false">
      <nite:pointer role="type"  href="you-types.xml#id(you_12)"/>
      <nite:child href="IS1008c.A.words.xml#id(IS1008c.A.words630)"/>
   </you-usage>
   <you-usage nite:id="IS1008c.A.you.18" unsure="false">
      <nite:pointer role="type"  href="you-types.xml#id(you_11)"/>
      <nite:child href="IS1008c.A.words.xml#id(IS1008c.A.words675)"/>
   </you-usage>
   <you-usage nite:id="IS1008c.A.you.19" unsure="false">
      <nite:pointer role="type"  href="you-types.xml#id(you_11)"/>
      <nite:child href="IS1008c.A.words.xml#id(IS1008c.A.words702)"/>
   </you-usage>
   <you-usage nite:id="IS1008c.A.you.20" unsure="false">
      <nite:pointer role="type"  href="you-types.xml#id(you_2)"/>
      <nite:child href="IS1008c.A.words.xml#id(IS1008c.A.words737)"/>
   </you-usage>
   <you-usage nite:id="IS1008c.A.you.21" unsure="false">
      <nite:pointer role="type"  href="you-types.xml#id(you_2)"/>
      <nite:child href="IS1008c.A.words.xml#id(IS1008c.A.words746)"/>
   </you-usage>
   <you-usage nite:id="IS1008c.A.you.22" unsure="false">
      <nite:pointer role="type"  href="you-types.xml#id(you_11)"/>
      <nite:child href="IS1008c.A.words.xml#id(IS1008c.A.words753)"/>
   </you-usage>
   <you-usage nite:id="IS1008c.A.you.23" unsure="false">
      <nite:pointer role="type"  href="you-types.xml#id(you_11)"/>
      <nite:child href="IS1008c.A.words.xml#id(IS1008c.A.words765)"/>
   </you-usage>
   <you-usage nite:id="IS1008c.A.you.24" unsure="false">
      <nite:pointer role="type"  href="you-types.xml#id(you_11)"/>
      <nite:child href="IS1008c.A.words.xml#id(IS1008c.A.words770)"/>
   </you-usage>
   <you-usage nite:id="IS1008c.A.you.25" unsure="false">
      <nite:pointer role="type"  href="you-types.xml#id(you_12)"/>
      <nite:child href="IS1008c.A.words.xml#id(IS1008c.A.words815)"/>
   </you-usage>
   <you-usage nite:id="IS1008c.A.you.26" unsure="false">
      <nite:pointer role="type"  href="you-types.xml#id(you_12)"/>
      <nite:child href="IS1008c.A.words.xml#id(IS1008c.A.words827)"/>
   </you-usage>
   <you-usage nite:id="IS1008c.A.you.27" unsure="false">
      <nite:pointer role="type"  href="you-types.xml#id(you_12)"/>
      <nite:child href="IS1008c.A.words.xml#id(IS1008c.A.words834)"/>
   </you-usage>
</nite:root>