<?xml version="1.0" encoding="ISO-8859-1" standalone="yes"?>
<nite:root nite:id="IS1005a.A.you" xmlns:nite="http://nite.sourceforge.net/">
   <you-usage nite:id="IS1005a.A.you.1" unsure="false">
      <nite:pointer role="type"  href="you-types.xml#id(you_12)"/>
      <nite:child href="IS1005a.A.words.xml#id(IS1005a.A.words9)"/>
   </you-usage>
   <you-usage nite:id="IS1005a.A.you.2" unsure="false">
      <nite:pointer role="type"  href="you-types.xml#id(you_12)"/>
      <nite:child href="IS1005a.A.words.xml#id(IS1005a.A.words17)"/>
   </you-usage>
   <you-usage nite:id="IS1005a.A.you.3" unsure="false">
      <nite:pointer role="type"  href="you-types.xml#id(you_11)"/>
      <nite:child href="IS1005a.A.words.xml#id(IS1005a.A.words76)"/>
   </you-usage>
   <you-usage nite:id="IS1005a.A.you.4" unsure="false">
      <nite:pointer role="type"  href="you-types.xml#id(you_11)"/>
      <nite:child href="IS1005a.A.words.xml#id(IS1005a.A.words79)"/>
   </you-usage>
   <you-usage nite:id="IS1005a.A.you.5" unsure="false">
      <nite:pointer role="type"  href="you-types.xml#id(you_11)"/>
      <nite:child href="IS1005a.A.words.xml#id(IS1005a.A.words85)"/>
   </you-usage>
   <you-usage nite:id="IS1005a.A.you.6" unsure="false">
      <nite:pointer role="type"  href="you-types.xml#id(you_11)"/>
      <nite:child href="IS1005a.A.words.xml#id(IS1005a.A.words92)"/>
   </you-usage>
   <you-usage nite:id="IS1005a.A.you.7" unsure="false">
      <nite:pointer role="type"  href="you-types.xml#id(you_12)"/>
      <nite:child href="IS1005a.A.words.xml#id(IS1005a.A.words409)"/>
   </you-usage>
   <you-usage nite:id="IS1005a.A.you.8" unsure="false">
      <nite:pointer role="type"  href="you-types.xml#id(you_11)"/>
      <nite:child href="IS1005a.A.words.xml#id(IS1005a.A.words428)"/>
   </you-usage>
   <you-usage nite:id="IS1005a.A.you.9" unsure="false">
      <nite:pointer role="type"  href="you-types.xml#id(you_11)"/>
      <nite:child href="IS1005a.A.words.xml#id(IS1005a.A.words456)"/>
   </you-usage>
   <you-usage nite:id="IS1005a.A.you.10" unsure="false">
      <nite:pointer role="type"  href="you-types.xml#id(you_11)"/>
      <nite:child href="IS1005a.A.words.xml#id(IS1005a.A.words462)"/>
   </you-usage>
   <you-usage nite:id="IS1005a.A.you.11" unsure="false">
      <nite:pointer role="type"  href="you-types.xml#id(you_12)"/>
      <nite:child href="IS1005a.A.words.xml#id(IS1005a.A.words604)"/>
   </you-usage>
   <you-usage nite:id="IS1005a.A.you.12" unsure="false">
      <nite:pointer role="type"  href="you-types.xml#id(you_12)"/>
      <nite:child href="IS1005a.A.words.xml#id(IS1005a.A.words616)"/>
   </you-usage>
   <you-usage nite:id="IS1005a.A.you.13" unsure="false">
      <nite:pointer role="type"  href="you-types.xml#id(you_12)"/>
      <nite:child href="IS1005a.A.words.xml#id(IS1005a.A.words623)"/>
   </you-usage>
   <you-usage nite:id="IS1005a.A.you.14" unsure="false">
      <nite:pointer role="type"  href="you-types.xml#id(you_12)"/>
      <nite:child href="IS1005a.A.words.xml#id(IS1005a.A.words627)"/>
   </you-usage>
   <you-usage nite:id="IS1005a.A.you.15" unsure="false">
      <nite:pointer role="type"  href="you-types.xml#id(you_11)"/>
      <nite:child href="IS1005a.A.words.xml#id(IS1005a.A.words646)"/>
   </you-usage>
   <you-usage nite:id="IS1005a.A.you.16" unsure="false">
      <nite:pointer role="type"  href="you-types.xml#id(you_11)"/>
      <nite:child href="IS1005a.A.words.xml#id(IS1005a.A.words651)"/>
   </you-usage>
   <you-usage nite:id="IS1005a.A.you.17" unsure="false">
      <nite:pointer role="type"  href="you-types.xml#id(you_11)"/>
      <nite:child href="IS1005a.A.words.xml#id(IS1005a.A.words653)"/>
   </you-usage>
   <you-usage nite:id="IS1005a.A.you.18" unsure="false">
      <nite:pointer role="type"  href="you-types.xml#id(you_11)"/>
      <nite:child href="IS1005a.A.words.xml#id(IS1005a.A.words656)"/>
   </you-usage>
   <you-usage nite:id="IS1005a.A.you.19" unsure="false">
      <nite:pointer role="type"  href="you-types.xml#id(you_2)"/>
      <nite:child href="IS1005a.A.words.xml#id(IS1005a.A.words684)"/>
   </you-usage>
   <you-usage nite:id="IS1005a.A.you.20" unsure="false">
      <nite:pointer role="type"  href="you-types.xml#id(you_2)"/>
      <nite:child href="IS1005a.A.words.xml#id(IS1005a.A.words697)"/>
   </you-usage>
   <you-usage nite:id="IS1005a.A.you.21" unsure="false">
      <nite:pointer role="type"  href="you-types.xml#id(you_2)"/>
      <nite:child href="IS1005a.A.words.xml#id(IS1005a.A.words701)"/>
   </you-usage>
   <you-usage nite:id="IS1005a.A.you.22" unsure="false">
      <nite:pointer role="type"  href="you-types.xml#id(you_2)"/>
      <nite:child href="IS1005a.A.words.xml#id(IS1005a.A.words712)"/>
   </you-usage>
   <you-usage nite:id="IS1005a.A.you.23" unsure="false">
      <nite:pointer role="type"  href="you-types.xml#id(you_11)"/>
      <nite:child href="IS1005a.A.words.xml#id(IS1005a.A.words723)"/>
   </you-usage>
   <you-usage nite:id="IS1005a.A.you.24" unsure="false">
      <nite:pointer role="type"  href="you-types.xml#id(you_11)"/>
      <nite:child href="IS1005a.A.words.xml#id(IS1005a.A.words727)"/>
   </you-usage>
   <you-usage nite:id="IS1005a.A.you.25" unsure="false">
      <nite:pointer role="type"  href="you-types.xml#id(you_12)"/>
      <nite:child href="IS1005a.A.words.xml#id(IS1005a.A.words793)"/>
   </you-usage>
   <you-usage nite:id="IS1005a.A.you.26" unsure="false">
      <nite:pointer role="type"  href="you-types.xml#id(you_11)"/>
      <nite:child href="IS1005a.A.words.xml#id(IS1005a.A.words855)"/>
   </you-usage>
   <you-usage nite:id="IS1005a.A.you.27" unsure="false">
      <nite:pointer role="type"  href="you-types.xml#id(you_11)"/>
      <nite:child href="IS1005a.A.words.xml#id(IS1005a.A.words886)"/>
   </you-usage>
   <you-usage nite:id="IS1005a.A.you.28" unsure="false">
      <nite:pointer role="type"  href="you-types.xml#id(you_12)"/>
      <nite:child href="IS1005a.A.words.xml#id(IS1005a.A.words906)"/>
   </you-usage>
   <you-usage nite:id="IS1005a.A.you.29" unsure="false">
      <nite:pointer role="type"  href="you-types.xml#id(you_12)"/>
      <nite:child href="IS1005a.A.words.xml#id(IS1005a.A.words918)"/>
   </you-usage>
   <you-usage nite:id="IS1005a.A.you.30" unsure="false">
      <nite:pointer role="type"  href="you-types.xml#id(you_12)"/>
      <nite:child href="IS1005a.A.words.xml#id(IS1005a.A.words928)"/>
   </you-usage>
   <you-usage nite:id="IS1005a.A.you.31" unsure="false">
      <nite:pointer role="type"  href="you-types.xml#id(you_12)"/>
      <nite:child href="IS1005a.A.words.xml#id(IS1005a.A.words935)"/>
   </you-usage>
</nite:root>