<?xml version="1.0" encoding="ISO-8859-1" standalone="yes"?>
<nite:root nite:id="IS1001c.D.you" xmlns:nite="http://nite.sourceforge.net/">
   <you-usage nite:id="IS1001c.D.you.1" unsure="false">
      <nite:pointer role="type"  href="you-types.xml#id(you_2)"/>
      <nite:child href="IS1001c.D.words.xml#id(IS1001c.D.words109)"/>
   </you-usage>
   <you-usage nite:id="IS1001c.D.you.2" unsure="false">
      <nite:pointer role="type"  href="you-types.xml#id(you_2)"/>
      <nite:child href="IS1001c.D.words.xml#id(IS1001c.D.words110)"/>
   </you-usage>
   <you-usage nite:id="IS1001c.D.you.3" unsure="false">
      <nite:pointer role="type"  href="you-types.xml#id(you_2)"/>
      <nite:child href="IS1001c.D.words.xml#id(IS1001c.D.words201)"/>
   </you-usage>
   <you-usage nite:id="IS1001c.D.you.4" unsure="false">
      <nite:pointer role="type"  href="you-types.xml#id(you_2)"/>
      <nite:child href="IS1001c.D.words.xml#id(IS1001c.D.words223)"/>
   </you-usage>
   <you-usage nite:id="IS1001c.D.you.5" unsure="false">
      <nite:pointer role="type"  href="you-types.xml#id(you_11)"/>
      <nite:child href="IS1001c.D.words.xml#id(IS1001c.D.words226)"/>
   </you-usage>
   <you-usage nite:id="IS1001c.D.you.6" unsure="false">
      <nite:pointer role="type"  href="you-types.xml#id(you_2)"/>
      <nite:child href="IS1001c.D.words.xml#id(IS1001c.D.words231)"/>
   </you-usage>
   <you-usage nite:id="IS1001c.D.you.7" unsure="false">
      <nite:pointer role="type"  href="you-types.xml#id(you_2)"/>
      <nite:child href="IS1001c.D.words.xml#id(IS1001c.D.words234)"/>
   </you-usage>
   <you-usage nite:id="IS1001c.D.you.8" unsure="false">
      <nite:pointer role="type"  href="you-types.xml#id(you_3)"/>
      <nite:child href="IS1001c.D.words.xml#id(IS1001c.D.words245)"/>
   </you-usage>
   <you-usage nite:id="IS1001c.D.you.9" unsure="false">
      <nite:pointer role="type"  href="you-types.xml#id(you_12)"/>
      <nite:child href="IS1001c.D.words.xml#id(IS1001c.D.words321)"/>
   </you-usage>
   <you-usage nite:id="IS1001c.D.you.10" unsure="false">
      <nite:pointer role="type"  href="you-types.xml#id(you_2)"/>
      <nite:child href="IS1001c.D.words.xml#id(IS1001c.D.words366)"/>
   </you-usage>
</nite:root>