<?xml version="1.0" encoding="ISO-8859-1" standalone="yes"?>
<nite:root nite:id="IS1008b.C.you" xmlns:nite="http://nite.sourceforge.net/">
   <you-usage nite:id="IS1008b.C.you.1" unsure="false">
      <nite:pointer role="type"  href="you-types.xml#id(you_11)"/>
      <nite:child href="IS1008b.C.words.xml#id(IS1008b.C.words16)"/>
   </you-usage>
   <you-usage nite:id="IS1008b.C.you.2" unsure="false">
      <nite:pointer role="type"  href="you-types.xml#id(you_11)"/>
      <nite:child href="IS1008b.C.words.xml#id(IS1008b.C.words22)"/>
   </you-usage>
   <you-usage nite:id="IS1008b.C.you.3" unsure="false">
      <nite:pointer role="type"  href="you-types.xml#id(you_11)"/>
      <nite:child href="IS1008b.C.words.xml#id(IS1008b.C.words29)"/>
   </you-usage>
   <you-usage nite:id="IS1008b.C.you.4" unsure="false">
      <nite:pointer role="type"  href="you-types.xml#id(you_11)"/>
      <nite:child href="IS1008b.C.words.xml#id(IS1008b.C.words42)"/>
   </you-usage>
   <you-usage nite:id="IS1008b.C.you.5" unsure="false">
      <nite:pointer role="type"  href="you-types.xml#id(you_11)"/>
      <nite:child href="IS1008b.C.words.xml#id(IS1008b.C.words102)"/>
   </you-usage>
   <you-usage nite:id="IS1008b.C.you.6" unsure="false">
      <nite:pointer role="type"  href="you-types.xml#id(you_2)"/>
      <nite:child href="IS1008b.C.words.xml#id(IS1008b.C.words158)"/>
   </you-usage>
   <you-usage nite:id="IS1008b.C.you.7" unsure="false">
      <nite:pointer role="type"  href="you-types.xml#id(you_3)"/>
      <nite:child href="IS1008b.C.words.xml#id(IS1008b.C.words177)"/>
   </you-usage>
   <you-usage nite:id="IS1008b.C.you.8" unsure="false">
      <nite:pointer role="type"  href="you-types.xml#id(you_2)"/>
      <nite:child href="IS1008b.C.words.xml#id(IS1008b.C.words191)"/>
   </you-usage>
   <you-usage nite:id="IS1008b.C.you.9" unsure="false">
      <nite:pointer role="type"  href="you-types.xml#id(you_2)"/>
      <nite:child href="IS1008b.C.words.xml#id(IS1008b.C.words218)"/>
   </you-usage>
   <you-usage nite:id="IS1008b.C.you.10" unsure="false">
      <nite:pointer role="type"  href="you-types.xml#id(you_2)"/>
      <nite:child href="IS1008b.C.words.xml#id(IS1008b.C.words240)"/>
   </you-usage>
   <you-usage nite:id="IS1008b.C.you.11" unsure="false">
      <nite:pointer role="type"  href="you-types.xml#id(you_2)"/>
      <nite:child href="IS1008b.C.words.xml#id(IS1008b.C.words249)"/>
   </you-usage>
   <you-usage nite:id="IS1008b.C.you.12" unsure="false">
      <nite:pointer role="type"  href="you-types.xml#id(you_2)"/>
      <nite:child href="IS1008b.C.words.xml#id(IS1008b.C.words263)"/>
   </you-usage>
   <you-usage nite:id="IS1008b.C.you.13" unsure="false">
      <nite:pointer role="type"  href="you-types.xml#id(you_11)"/>
      <nite:child href="IS1008b.C.words.xml#id(IS1008b.C.words366)"/>
   </you-usage>
   <you-usage nite:id="IS1008b.C.you.14" unsure="false">
      <nite:pointer role="type"  href="you-types.xml#id(you_2)"/>
      <nite:child href="IS1008b.C.words.xml#id(IS1008b.C.words497)"/>
   </you-usage>
   <you-usage nite:id="IS1008b.C.you.15" unsure="false">
      <nite:pointer role="type"  href="you-types.xml#id(you_2)"/>
      <nite:child href="IS1008b.C.words.xml#id(IS1008b.C.words573)"/>
   </you-usage>
   <you-usage nite:id="IS1008b.C.you.16" unsure="false">
      <nite:pointer role="type"  href="you-types.xml#id(you_2)"/>
      <nite:child href="IS1008b.C.words.xml#id(IS1008b.C.words587)"/>
   </you-usage>
   <you-usage nite:id="IS1008b.C.you.17" unsure="false">
      <nite:pointer role="type"  href="you-types.xml#id(you_2)"/>
      <nite:child href="IS1008b.C.words.xml#id(IS1008b.C.words606)"/>
   </you-usage>
   <you-usage nite:id="IS1008b.C.you.18" unsure="false">
      <nite:pointer role="type"  href="you-types.xml#id(you_2)"/>
      <nite:child href="IS1008b.C.words.xml#id(IS1008b.C.words665)"/>
   </you-usage>
   <you-usage nite:id="IS1008b.C.you.19" unsure="false">
      <nite:pointer role="type"  href="you-types.xml#id(you_2)"/>
      <nite:child href="IS1008b.C.words.xml#id(IS1008b.C.words681)"/>
   </you-usage>
   <you-usage nite:id="IS1008b.C.you.20" unsure="false">
      <nite:pointer role="type"  href="you-types.xml#id(you_2)"/>
      <nite:child href="IS1008b.C.words.xml#id(IS1008b.C.words693)"/>
   </you-usage>
   <you-usage nite:id="IS1008b.C.you.21" unsure="false">
      <nite:pointer role="type"  href="you-types.xml#id(you_12)"/>
      <nite:child href="IS1008b.C.words.xml#id(IS1008b.C.words721)"/>
   </you-usage>
   <you-usage nite:id="IS1008b.C.you.22" unsure="false">
      <nite:pointer role="type"  href="you-types.xml#id(you_2)"/>
      <nite:child href="IS1008b.C.words.xml#id(IS1008b.C.words765)"/>
   </you-usage>
   <you-usage nite:id="IS1008b.C.you.23" unsure="false">
      <nite:pointer role="type"  href="you-types.xml#id(you_2)"/>
      <nite:child href="IS1008b.C.words.xml#id(IS1008b.C.words776)"/>
   </you-usage>
   <you-usage nite:id="IS1008b.C.you.24" unsure="false">
      <nite:pointer role="type"  href="you-types.xml#id(you_2)"/>
      <nite:child href="IS1008b.C.words.xml#id(IS1008b.C.words807)"/>
   </you-usage>
   <you-usage nite:id="IS1008b.C.you.25" unsure="false">
      <nite:pointer role="type"  href="you-types.xml#id(you_12)"/>
      <nite:child href="IS1008b.C.words.xml#id(IS1008b.C.words947)"/>
   </you-usage>
</nite:root>