<?xml version="1.0" encoding="ISO-8859-1" standalone="yes"?>
<nite:root nite:id="IS1008c.C.you" xmlns:nite="http://nite.sourceforge.net/">
   <you-usage nite:id="IS1008c.C.you.1" unsure="false">
      <nite:pointer role="type"  href="you-types.xml#id(you_11)"/>
      <nite:child href="IS1008c.C.words.xml#id(IS1008c.C.words6)"/>
   </you-usage>
   <you-usage nite:id="IS1008c.C.you.2" unsure="false">
      <nite:pointer role="type"  href="you-types.xml#id(you_11)"/>
      <nite:child href="IS1008c.C.words.xml#id(IS1008c.C.words52)"/>
   </you-usage>
   <you-usage nite:id="IS1008c.C.you.3" unsure="false">
      <nite:pointer role="type"  href="you-types.xml#id(you_2)"/>
      <nite:child href="IS1008c.C.words.xml#id(IS1008c.C.words107)"/>
   </you-usage>
   <you-usage nite:id="IS1008c.C.you.4" unsure="false">
      <nite:pointer role="type"  href="you-types.xml#id(you_2)"/>
      <nite:child href="IS1008c.C.words.xml#id(IS1008c.C.words115)"/>
   </you-usage>
   <you-usage nite:id="IS1008c.C.you.5" unsure="false">
      <nite:pointer role="type"  href="you-types.xml#id(you_2)"/>
      <nite:child href="IS1008c.C.words.xml#id(IS1008c.C.words132)"/>
   </you-usage>
   <you-usage nite:id="IS1008c.C.you.6" unsure="false">
      <nite:pointer role="type"  href="you-types.xml#id(you_2)"/>
      <nite:child href="IS1008c.C.words.xml#id(IS1008c.C.words169)"/>
   </you-usage>
   <you-usage nite:id="IS1008c.C.you.7" unsure="false">
      <nite:pointer role="type"  href="you-types.xml#id(you_2)"/>
      <nite:child href="IS1008c.C.words.xml#id(IS1008c.C.words188)"/>
   </you-usage>
   <you-usage nite:id="IS1008c.C.you.8" unsure="false">
      <nite:pointer role="type"  href="you-types.xml#id(you_3)"/>
      <nite:child href="IS1008c.C.words.xml#id(IS1008c.C.words319)"/>
   </you-usage>
   <you-usage nite:id="IS1008c.C.you.9" unsure="false">
      <nite:pointer role="type"  href="you-types.xml#id(you_2)"/>
      <nite:child href="IS1008c.C.words.xml#id(IS1008c.C.words453)"/>
   </you-usage>
   <you-usage nite:id="IS1008c.C.you.10" unsure="false">
      <nite:pointer role="type"  href="you-types.xml#id(you_2)"/>
      <nite:child href="IS1008c.C.words.xml#id(IS1008c.C.words570)"/>
   </you-usage>
   <you-usage nite:id="IS1008c.C.you.11" unsure="false">
      <nite:pointer role="type"  href="you-types.xml#id(you_3)"/>
      <nite:child href="IS1008c.C.words.xml#id(IS1008c.C.words700)"/>
   </you-usage>
   <you-usage nite:id="IS1008c.C.you.12" unsure="false">
      <nite:pointer role="type"  href="you-types.xml#id(you_12)"/>
      <nite:child href="IS1008c.C.words.xml#id(IS1008c.C.words715)"/>
   </you-usage>
   <you-usage nite:id="IS1008c.C.you.13" unsure="false">
      <nite:pointer role="type"  href="you-types.xml#id(you_12)"/>
      <nite:child href="IS1008c.C.words.xml#id(IS1008c.C.words720)"/>
   </you-usage>
   <you-usage nite:id="IS1008c.C.you.14" unsure="false">
      <nite:pointer role="type"  href="you-types.xml#id(you_12)"/>
      <nite:child href="IS1008c.C.words.xml#id(IS1008c.C.words727)"/>
   </you-usage>
   <you-usage nite:id="IS1008c.C.you.15" unsure="false">
      <nite:pointer role="type"  href="you-types.xml#id(you_3)"/>
      <nite:child href="IS1008c.C.words.xml#id(IS1008c.C.words753)"/>
   </you-usage>
   <you-usage nite:id="IS1008c.C.you.16" unsure="false">
      <nite:pointer role="type"  href="you-types.xml#id(you_2)"/>
      <nite:child href="IS1008c.C.words.xml#id(IS1008c.C.words781)"/>
   </you-usage>
   <you-usage nite:id="IS1008c.C.you.17" unsure="false">
      <nite:pointer role="type"  href="you-types.xml#id(you_2)"/>
      <nite:child href="IS1008c.C.words.xml#id(IS1008c.C.words788)"/>
   </you-usage>
   <you-usage nite:id="IS1008c.C.you.18" unsure="false">
      <nite:pointer role="type"  href="you-types.xml#id(you_2)"/>
      <nite:child href="IS1008c.C.words.xml#id(IS1008c.C.words792)"/>
   </you-usage>
   <you-usage nite:id="IS1008c.C.you.19" unsure="false">
      <nite:pointer role="type"  href="you-types.xml#id(you_12)"/>
      <nite:child href="IS1008c.C.words.xml#id(IS1008c.C.words872)"/>
   </you-usage>
   <you-usage nite:id="IS1008c.C.you.20" unsure="false">
      <nite:pointer role="type"  href="you-types.xml#id(you_11)"/>
      <nite:child href="IS1008c.C.words.xml#id(IS1008c.C.words1004)"/>
   </you-usage>
   <you-usage nite:id="IS1008c.C.you.21" unsure="false">
      <nite:pointer role="type"  href="you-types.xml#id(you_11)"/>
      <nite:child href="IS1008c.C.words.xml#id(IS1008c.C.words1021)"/>
   </you-usage>
   <you-usage nite:id="IS1008c.C.you.22" unsure="false">
      <nite:pointer role="type"  href="you-types.xml#id(you_11)"/>
      <nite:child href="IS1008c.C.words.xml#id(IS1008c.C.words1025)"/>
   </you-usage>
   <you-usage nite:id="IS1008c.C.you.23" unsure="false">
      <nite:pointer role="type"  href="you-types.xml#id(you_2)"/>
      <nite:child href="IS1008c.C.words.xml#id(IS1008c.C.words1030)"/>
   </you-usage>
   <you-usage nite:id="IS1008c.C.you.24" unsure="false">
      <nite:pointer role="type"  href="you-types.xml#id(you_2)"/>
      <nite:child href="IS1008c.C.words.xml#id(IS1008c.C.words1033)"/>
   </you-usage>
   <you-usage nite:id="IS1008c.C.you.25" unsure="false">
      <nite:pointer role="type"  href="you-types.xml#id(you_11)"/>
      <nite:child href="IS1008c.C.words.xml#id(IS1008c.C.words1050)"/>
   </you-usage>
   <you-usage nite:id="IS1008c.C.you.26" unsure="false">
      <nite:pointer role="type"  href="you-types.xml#id(you_2)"/>
      <nite:child href="IS1008c.C.words.xml#id(IS1008c.C.words1110)"/>
   </you-usage>
   <you-usage nite:id="IS1008c.C.you.27" unsure="false">
      <nite:pointer role="type"  href="you-types.xml#id(you_2)"/>
      <nite:child href="IS1008c.C.words.xml#id(IS1008c.C.words1118)"/>
   </you-usage>
   <you-usage nite:id="IS1008c.C.you.28" unsure="false">
      <nite:pointer role="type"  href="you-types.xml#id(you_2)"/>
      <nite:child href="IS1008c.C.words.xml#id(IS1008c.C.words1121)"/>
   </you-usage>
   <you-usage nite:id="IS1008c.C.you.29" unsure="false">
      <nite:pointer role="type"  href="you-types.xml#id(you_2)"/>
      <nite:child href="IS1008c.C.words.xml#id(IS1008c.C.words1123)"/>
   </you-usage>
   <you-usage nite:id="IS1008c.C.you.30" unsure="false">
      <nite:pointer role="type"  href="you-types.xml#id(you_2)"/>
      <nite:child href="IS1008c.C.words.xml#id(IS1008c.C.words1130)"/>
   </you-usage>
   <you-usage nite:id="IS1008c.C.you.31" unsure="false">
      <nite:pointer role="type"  href="you-types.xml#id(you_11)"/>
      <nite:child href="IS1008c.C.words.xml#id(IS1008c.C.words1174)"/>
   </you-usage>
   <you-usage nite:id="IS1008c.C.you.32" unsure="false">
      <nite:pointer role="type"  href="you-types.xml#id(you_3)"/>
      <nite:child href="IS1008c.C.words.xml#id(IS1008c.C.words1195)"/>
   </you-usage>
   <you-usage nite:id="IS1008c.C.you.33" unsure="false">
      <nite:pointer role="type"  href="you-types.xml#id(you_2)"/>
      <nite:child href="IS1008c.C.words.xml#id(IS1008c.C.words1250)"/>
   </you-usage>
   <you-usage nite:id="IS1008c.C.you.34" unsure="false">
      <nite:pointer role="type"  href="you-types.xml#id(you_2)"/>
      <nite:child href="IS1008c.C.words.xml#id(IS1008c.C.words1255)"/>
   </you-usage>
   <you-usage nite:id="IS1008c.C.you.35" unsure="false">
      <nite:pointer role="type"  href="you-types.xml#id(you_2)"/>
      <nite:child href="IS1008c.C.words.xml#id(IS1008c.C.words1265)"/>
   </you-usage>
   <you-usage nite:id="IS1008c.C.you.36" unsure="false">
      <nite:pointer role="type"  href="you-types.xml#id(you_2)"/>
      <nite:child href="IS1008c.C.words.xml#id(IS1008c.C.words1310)"/>
   </you-usage>
   <you-usage nite:id="IS1008c.C.you.37" unsure="false">
      <nite:pointer role="type"  href="you-types.xml#id(you_2)"/>
      <nite:child href="IS1008c.C.words.xml#id(IS1008c.C.words1330)"/>
   </you-usage>
   <you-usage nite:id="IS1008c.C.you.38" unsure="false">
      <nite:pointer role="type"  href="you-types.xml#id(you_2)"/>
      <nite:child href="IS1008c.C.words.xml#id(IS1008c.C.words1346)"/>
   </you-usage>
   <you-usage nite:id="IS1008c.C.you.39" unsure="false">
      <nite:pointer role="type"  href="you-types.xml#id(you_3)"/>
      <nite:child href="IS1008c.C.words.xml#id(IS1008c.C.words1420)"/>
   </you-usage>
   <you-usage nite:id="IS1008c.C.you.40" unsure="false">
      <nite:pointer role="type"  href="you-types.xml#id(you_2)"/>
      <nite:child href="IS1008c.C.words.xml#id(IS1008c.C.words1436)"/>
   </you-usage>
   <you-usage nite:id="IS1008c.C.you.41" unsure="false">
      <nite:pointer role="type"  href="you-types.xml#id(you_2)"/>
      <nite:child href="IS1008c.C.words.xml#id(IS1008c.C.words1450)"/>
   </you-usage>
   <you-usage nite:id="IS1008c.C.you.42" unsure="false">
      <nite:pointer role="type"  href="you-types.xml#id(you_2)"/>
      <nite:child href="IS1008c.C.words.xml#id(IS1008c.C.words1460)"/>
   </you-usage>
   <you-usage nite:id="IS1008c.C.you.43" unsure="false">
      <nite:pointer role="type"  href="you-types.xml#id(you_2)"/>
      <nite:child href="IS1008c.C.words.xml#id(IS1008c.C.words1475)"/>
   </you-usage>
   <you-usage nite:id="IS1008c.C.you.44" unsure="false">
      <nite:pointer role="type"  href="you-types.xml#id(you_11)"/>
      <nite:child href="IS1008c.C.words.xml#id(IS1008c.C.words1532)"/>
   </you-usage>
   <you-usage nite:id="IS1008c.C.you.45" unsure="false">
      <nite:pointer role="type"  href="you-types.xml#id(you_11)"/>
      <nite:child href="IS1008c.C.words.xml#id(IS1008c.C.words1537)"/>
   </you-usage>
   <you-usage nite:id="IS1008c.C.you.46" unsure="false">
      <nite:pointer role="type"  href="you-types.xml#id(you_11)"/>
      <nite:child href="IS1008c.C.words.xml#id(IS1008c.C.words1549)"/>
   </you-usage>
   <you-usage nite:id="IS1008c.C.you.47" unsure="false">
      <nite:pointer role="type"  href="you-types.xml#id(you_11)"/>
      <nite:child href="IS1008c.C.words.xml#id(IS1008c.C.words1555)"/>
   </you-usage>
   <you-usage nite:id="IS1008c.C.you.48" unsure="false">
      <nite:pointer role="type"  href="you-types.xml#id(you_11)"/>
      <nite:child href="IS1008c.C.words.xml#id(IS1008c.C.words1576)"/>
   </you-usage>
   <you-usage nite:id="IS1008c.C.you.49" unsure="false">
      <nite:pointer role="type"  href="you-types.xml#id(you_2)"/>
      <nite:child href="IS1008c.C.words.xml#id(IS1008c.C.words1669)"/>
   </you-usage>
</nite:root>