<?xml version="1.0" encoding="ISO-8859-1" standalone="yes"?>
<nite:root nite:id="IS1003b.C.you" xmlns:nite="http://nite.sourceforge.net/">
   <you-usage nite:id="IS1003b.C.you.1" unsure="false">
      <nite:pointer role="type"  href="you-types.xml#id(you_11)"/>
      <nite:child href="IS1003b.C.words.xml#id(IS1003b.C.words46)"/>
   </you-usage>
   <you-usage nite:id="IS1003b.C.you.2" unsure="false">
      <nite:pointer role="type"  href="you-types.xml#id(you_11)"/>
      <nite:child href="IS1003b.C.words.xml#id(IS1003b.C.words103)"/>
   </you-usage>
   <you-usage nite:id="IS1003b.C.you.3" unsure="false">
      <nite:pointer role="type"  href="you-types.xml#id(you_11)"/>
      <nite:child href="IS1003b.C.words.xml#id(IS1003b.C.words108)"/>
   </you-usage>
   <you-usage nite:id="IS1003b.C.you.4" unsure="false">
      <nite:pointer role="type"  href="you-types.xml#id(you_11)"/>
      <nite:child href="IS1003b.C.words.xml#id(IS1003b.C.words125)"/>
   </you-usage>
   <you-usage nite:id="IS1003b.C.you.5" unsure="false">
      <nite:pointer role="type"  href="you-types.xml#id(you_11)"/>
      <nite:child href="IS1003b.C.words.xml#id(IS1003b.C.words127)"/>
   </you-usage>
   <you-usage nite:id="IS1003b.C.you.6" unsure="false">
      <nite:pointer role="type"  href="you-types.xml#id(you_11)"/>
      <nite:child href="IS1003b.C.words.xml#id(IS1003b.C.words158)"/>
   </you-usage>
   <you-usage nite:id="IS1003b.C.you.7" unsure="false">
      <nite:pointer role="type"  href="you-types.xml#id(you_11)"/>
      <nite:child href="IS1003b.C.words.xml#id(IS1003b.C.words182)"/>
   </you-usage>
   <you-usage nite:id="IS1003b.C.you.8" unsure="false">
      <nite:pointer role="type"  href="you-types.xml#id(you_2)"/>
      <nite:child href="IS1003b.C.words.xml#id(IS1003b.C.words188)"/>
   </you-usage>
   <you-usage nite:id="IS1003b.C.you.9" unsure="false">
      <nite:pointer role="type"  href="you-types.xml#id(you_11)"/>
      <nite:child href="IS1003b.C.words.xml#id(IS1003b.C.words204)"/>
   </you-usage>
   <you-usage nite:id="IS1003b.C.you.10" unsure="false">
      <nite:pointer role="type"  href="you-types.xml#id(you_11)"/>
      <nite:child href="IS1003b.C.words.xml#id(IS1003b.C.words232)"/>
   </you-usage>
   <you-usage nite:id="IS1003b.C.you.11" unsure="false">
      <nite:pointer role="type"  href="you-types.xml#id(you_11)"/>
      <nite:child href="IS1003b.C.words.xml#id(IS1003b.C.words263)"/>
   </you-usage>
   <you-usage nite:id="IS1003b.C.you.12" unsure="false">
      <nite:pointer role="type"  href="you-types.xml#id(you_11)"/>
      <nite:child href="IS1003b.C.words.xml#id(IS1003b.C.words264)"/>
   </you-usage>
   <you-usage nite:id="IS1003b.C.you.13" unsure="false">
      <nite:pointer role="type"  href="you-types.xml#id(you_11)"/>
      <nite:child href="IS1003b.C.words.xml#id(IS1003b.C.words286)"/>
   </you-usage>
   <you-usage nite:id="IS1003b.C.you.14" unsure="false">
      <nite:pointer role="type"  href="you-types.xml#id(you_11)"/>
      <nite:child href="IS1003b.C.words.xml#id(IS1003b.C.words300)"/>
   </you-usage>
   <you-usage nite:id="IS1003b.C.you.15" unsure="true">
      <nite:pointer role="type"  href="you-types.xml#id(you_12)"/>
      <nite:child href="IS1003b.C.words.xml#id(IS1003b.C.words336)"/>
   </you-usage>
   <you-usage nite:id="IS1003b.C.you.16" unsure="true">
      <nite:pointer role="type"  href="you-types.xml#id(you_12)"/>
      <nite:child href="IS1003b.C.words.xml#id(IS1003b.C.words376)"/>
   </you-usage>
   <you-usage nite:id="IS1003b.C.you.17" unsure="false">
      <nite:pointer role="type"  href="you-types.xml#id(you_11)"/>
      <nite:child href="IS1003b.C.words.xml#id(IS1003b.C.words393)"/>
   </you-usage>
   <you-usage nite:id="IS1003b.C.you.18" unsure="false">
      <nite:pointer role="type"  href="you-types.xml#id(you_11)"/>
      <nite:child href="IS1003b.C.words.xml#id(IS1003b.C.words420)"/>
   </you-usage>
   <you-usage nite:id="IS1003b.C.you.19" unsure="false">
      <nite:pointer role="type"  href="you-types.xml#id(you_11)"/>
      <nite:child href="IS1003b.C.words.xml#id(IS1003b.C.words423)"/>
   </you-usage>
   <you-usage nite:id="IS1003b.C.you.20" unsure="false">
      <nite:pointer role="type"  href="you-types.xml#id(you_11)"/>
      <nite:child href="IS1003b.C.words.xml#id(IS1003b.C.words432)"/>
   </you-usage>
   <you-usage nite:id="IS1003b.C.you.21" unsure="false">
      <nite:pointer role="type"  href="you-types.xml#id(you_11)"/>
      <nite:child href="IS1003b.C.words.xml#id(IS1003b.C.words465)"/>
   </you-usage>
   <you-usage nite:id="IS1003b.C.you.22" unsure="false">
      <nite:pointer role="type"  href="you-types.xml#id(you_11)"/>
      <nite:child href="IS1003b.C.words.xml#id(IS1003b.C.words470)"/>
   </you-usage>
   <you-usage nite:id="IS1003b.C.you.23" unsure="false">
      <nite:pointer role="type"  href="you-types.xml#id(you_2)"/>
      <nite:child href="IS1003b.C.words.xml#id(IS1003b.C.words520)"/>
   </you-usage>
   <you-usage nite:id="IS1003b.C.you.24" unsure="false">
      <nite:pointer role="type"  href="you-types.xml#id(you_2)"/>
      <nite:child href="IS1003b.C.words.xml#id(IS1003b.C.words527)"/>
   </you-usage>
   <you-usage nite:id="IS1003b.C.you.25" unsure="false">
      <nite:pointer role="type"  href="you-types.xml#id(you_11)"/>
      <nite:child href="IS1003b.C.words.xml#id(IS1003b.C.words557)"/>
   </you-usage>
   <you-usage nite:id="IS1003b.C.you.26" unsure="false">
      <nite:pointer role="type"  href="you-types.xml#id(you_11)"/>
      <nite:child href="IS1003b.C.words.xml#id(IS1003b.C.words560)"/>
   </you-usage>
   <you-usage nite:id="IS1003b.C.you.27" unsure="false">
      <nite:pointer role="type"  href="you-types.xml#id(you_11)"/>
      <nite:child href="IS1003b.C.words.xml#id(IS1003b.C.words566)"/>
   </you-usage>
   <you-usage nite:id="IS1003b.C.you.28" unsure="false">
      <nite:pointer role="type"  href="you-types.xml#id(you_11)"/>
      <nite:child href="IS1003b.C.words.xml#id(IS1003b.C.words607)"/>
   </you-usage>
   <you-usage nite:id="IS1003b.C.you.29" unsure="false">
      <nite:pointer role="type"  href="you-types.xml#id(you_11)"/>
      <nite:child href="IS1003b.C.words.xml#id(IS1003b.C.words609)"/>
   </you-usage>
   <you-usage nite:id="IS1003b.C.you.30" unsure="false">
      <nite:pointer role="type"  href="you-types.xml#id(you_11)"/>
      <nite:child href="IS1003b.C.words.xml#id(IS1003b.C.words637)"/>
   </you-usage>
   <you-usage nite:id="IS1003b.C.you.31" unsure="false">
      <nite:pointer role="type"  href="you-types.xml#id(you_11)"/>
      <nite:child href="IS1003b.C.words.xml#id(IS1003b.C.words652)"/>
   </you-usage>
   <you-usage nite:id="IS1003b.C.you.32" unsure="false">
      <nite:pointer role="type"  href="you-types.xml#id(you_2)"/>
      <nite:child href="IS1003b.C.words.xml#id(IS1003b.C.words663)"/>
   </you-usage>
   <you-usage nite:id="IS1003b.C.you.33" unsure="false">
      <nite:pointer role="type"  href="you-types.xml#id(you_2)"/>
      <nite:child href="IS1003b.C.words.xml#id(IS1003b.C.words730)"/>
   </you-usage>
   <you-usage nite:id="IS1003b.C.you.34" unsure="false">
      <nite:pointer role="type"  href="you-types.xml#id(you_2)"/>
      <nite:child href="IS1003b.C.words.xml#id(IS1003b.C.words762)"/>
   </you-usage>
   <you-usage nite:id="IS1003b.C.you.35" unsure="false">
      <nite:pointer role="type"  href="you-types.xml#id(you_2)"/>
      <nite:child href="IS1003b.C.words.xml#id(IS1003b.C.words849)"/>
   </you-usage>
   <you-usage nite:id="IS1003b.C.you.36" unsure="false">
      <nite:pointer role="type"  href="you-types.xml#id(you_12)"/>
      <nite:child href="IS1003b.C.words.xml#id(IS1003b.C.words883)"/>
   </you-usage>
   <you-usage nite:id="IS1003b.C.you.37" unsure="false">
      <nite:pointer role="type"  href="you-types.xml#id(you_11)"/>
      <nite:child href="IS1003b.C.words.xml#id(IS1003b.C.words909)"/>
   </you-usage>
   <you-usage nite:id="IS1003b.C.you.38" unsure="false">
      <nite:pointer role="type"  href="you-types.xml#id(you_12)"/>
      <nite:child href="IS1003b.C.words.xml#id(IS1003b.C.words938)"/>
   </you-usage>
   <you-usage nite:id="IS1003b.C.you.39" unsure="false">
      <nite:pointer role="type"  href="you-types.xml#id(you_12)"/>
      <nite:child href="IS1003b.C.words.xml#id(IS1003b.C.words949)"/>
   </you-usage>
   <you-usage nite:id="IS1003b.C.you.40" unsure="false">
      <nite:pointer role="type"  href="you-types.xml#id(you_12)"/>
      <nite:child href="IS1003b.C.words.xml#id(IS1003b.C.words953)"/>
   </you-usage>
   <you-usage nite:id="IS1003b.C.you.41" unsure="true">
      <nite:pointer role="type"  href="you-types.xml#id(you_11)"/>
      <nite:child href="IS1003b.C.words.xml#id(IS1003b.C.words1015)"/>
   </you-usage>
   <you-usage nite:id="IS1003b.C.you.42" unsure="true">
      <nite:pointer role="type"  href="you-types.xml#id(you_11)"/>
      <nite:child href="IS1003b.C.words.xml#id(IS1003b.C.words1023)"/>
   </you-usage>
   <you-usage nite:id="IS1003b.C.you.43" unsure="true">
      <nite:pointer role="type"  href="you-types.xml#id(you_11)"/>
      <nite:child href="IS1003b.C.words.xml#id(IS1003b.C.words1029)"/>
   </you-usage>
   <you-usage nite:id="IS1003b.C.you.44" unsure="true">
      <nite:pointer role="type"  href="you-types.xml#id(you_11)"/>
      <nite:child href="IS1003b.C.words.xml#id(IS1003b.C.words1049)"/>
   </you-usage>
   <you-usage nite:id="IS1003b.C.you.45" unsure="true">
      <nite:pointer role="type"  href="you-types.xml#id(you_11)"/>
      <nite:child href="IS1003b.C.words.xml#id(IS1003b.C.words1050)"/>
   </you-usage>
   <you-usage nite:id="IS1003b.C.you.46" unsure="true">
      <nite:pointer role="type"  href="you-types.xml#id(you_11)"/>
      <nite:child href="IS1003b.C.words.xml#id(IS1003b.C.words1053)"/>
   </you-usage>
   <you-usage nite:id="IS1003b.C.you.47" unsure="true">
      <nite:pointer role="type"  href="you-types.xml#id(you_11)"/>
      <nite:child href="IS1003b.C.words.xml#id(IS1003b.C.words1056)"/>
   </you-usage>
   <you-usage nite:id="IS1003b.C.you.48" unsure="true">
      <nite:pointer role="type"  href="you-types.xml#id(you_11)"/>
      <nite:child href="IS1003b.C.words.xml#id(IS1003b.C.words1061)"/>
   </you-usage>
   <you-usage nite:id="IS1003b.C.you.49" unsure="false">
      <nite:pointer role="type"  href="you-types.xml#id(you_11)"/>
      <nite:child href="IS1003b.C.words.xml#id(IS1003b.C.words1163)"/>
   </you-usage>
   <you-usage nite:id="IS1003b.C.you.50" unsure="false">
      <nite:pointer role="type"  href="you-types.xml#id(you_2)"/>
      <nite:child href="IS1003b.C.words.xml#id(IS1003b.C.words1209)"/>
   </you-usage>
   <you-usage nite:id="IS1003b.C.you.51" unsure="false">
      <nite:pointer role="type"  href="you-types.xml#id(you_2)"/>
      <nite:child href="IS1003b.C.words.xml#id(IS1003b.C.words1218)"/>
   </you-usage>
   <you-usage nite:id="IS1003b.C.you.52" unsure="false">
      <nite:pointer role="type"  href="you-types.xml#id(you_2)"/>
      <nite:child href="IS1003b.C.words.xml#id(IS1003b.C.words1225)"/>
   </you-usage>
   <you-usage nite:id="IS1003b.C.you.53" unsure="false">
      <nite:pointer role="type"  href="you-types.xml#id(you_2)"/>
      <nite:child href="IS1003b.C.words.xml#id(IS1003b.C.words1230)"/>
   </you-usage>
   <you-usage nite:id="IS1003b.C.you.54" unsure="false">
      <nite:pointer role="type"  href="you-types.xml#id(you_11)"/>
      <nite:child href="IS1003b.C.words.xml#id(IS1003b.C.words1241)"/>
   </you-usage>
   <you-usage nite:id="IS1003b.C.you.55" unsure="true">
      <nite:pointer role="type"  href="you-types.xml#id(you_11)"/>
      <nite:child href="IS1003b.C.words.xml#id(IS1003b.C.words1313)"/>
   </you-usage>
   <you-usage nite:id="IS1003b.C.you.56" unsure="true">
      <nite:pointer role="type"  href="you-types.xml#id(you_11)"/>
      <nite:child href="IS1003b.C.words.xml#id(IS1003b.C.words1314)"/>
   </you-usage>
   <you-usage nite:id="IS1003b.C.you.57" unsure="false">
      <nite:pointer role="type"  href="you-types.xml#id(you_11)"/>
      <nite:child href="IS1003b.C.words.xml#id(IS1003b.C.words1350)"/>
   </you-usage>
   <you-usage nite:id="IS1003b.C.you.58" unsure="true">
      <nite:pointer role="type"  href="you-types.xml#id(you_2)"/>
      <nite:child href="IS1003b.C.words.xml#id(IS1003b.C.words1368)"/>
   </you-usage>
   <you-usage nite:id="IS1003b.C.you.59" unsure="false">
      <nite:pointer role="type"  href="you-types.xml#id(you_11)"/>
      <nite:child href="IS1003b.C.words.xml#id(IS1003b.C.words1378)"/>
   </you-usage>
   <you-usage nite:id="IS1003b.C.you.60" unsure="false">
      <nite:pointer role="type"  href="you-types.xml#id(you_2)"/>
      <nite:child href="IS1003b.C.words.xml#id(IS1003b.C.words1402)"/>
   </you-usage>
   <you-usage nite:id="IS1003b.C.you.61" unsure="false">
      <nite:pointer role="type"  href="you-types.xml#id(you_2)"/>
      <nite:child href="IS1003b.C.words.xml#id(IS1003b.C.words1404)"/>
   </you-usage>
   <you-usage nite:id="IS1003b.C.you.62" unsure="false">
      <nite:pointer role="type"  href="you-types.xml#id(you_2)"/>
      <nite:child href="IS1003b.C.words.xml#id(IS1003b.C.words1437)"/>
   </you-usage>
   <you-usage nite:id="IS1003b.C.you.63" unsure="false">
      <nite:pointer role="type"  href="you-types.xml#id(you_12)"/>
      <nite:child href="IS1003b.C.words.xml#id(IS1003b.C.words1482)"/>
   </you-usage>
   <you-usage nite:id="IS1003b.C.you.64" unsure="false">
      <nite:pointer role="type"  href="you-types.xml#id(you_12)"/>
      <nite:child href="IS1003b.C.words.xml#id(IS1003b.C.words1494)"/>
   </you-usage>
   <you-usage nite:id="IS1003b.C.you.65" unsure="false">
      <nite:pointer role="type"  href="you-types.xml#id(you_11)"/>
      <nite:child href="IS1003b.C.words.xml#id(IS1003b.C.words1496)"/>
   </you-usage>
   <you-usage nite:id="IS1003b.C.you.66" unsure="false">
      <nite:pointer role="type"  href="you-types.xml#id(you_12)"/>
      <nite:child href="IS1003b.C.words.xml#id(IS1003b.C.words1545)"/>
   </you-usage>
   <you-usage nite:id="IS1003b.C.you.67" unsure="false">
      <nite:pointer role="type"  href="you-types.xml#id(you_12)"/>
      <nite:child href="IS1003b.C.words.xml#id(IS1003b.C.words1547)"/>
   </you-usage>
   <you-usage nite:id="IS1003b.C.you.68" unsure="false">
      <nite:pointer role="type"  href="you-types.xml#id(you_11)"/>
      <nite:child href="IS1003b.C.words.xml#id(IS1003b.C.words1573)"/>
   </you-usage>
   <you-usage nite:id="IS1003b.C.you.69" unsure="false">
      <nite:pointer role="type"  href="you-types.xml#id(you_11)"/>
      <nite:child href="IS1003b.C.words.xml#id(IS1003b.C.words1576)"/>
   </you-usage>
</nite:root>