<?xml version="1.0" encoding="ISO-8859-1" standalone="yes"?>
<nite:root nite:id="IS1001c.B.you" xmlns:nite="http://nite.sourceforge.net/">
   <you-usage nite:id="IS1001c.B.you.1" unsure="false">
      <nite:pointer role="type"  href="you-types.xml#id(you_11)"/>
      <nite:child href="IS1001c.B.words.xml#id(IS1001c.B.words3)"/>
   </you-usage>
   <you-usage nite:id="IS1001c.B.you.2" unsure="false">
      <nite:pointer role="type"  href="you-types.xml#id(you_2)"/>
      <nite:child href="IS1001c.B.words.xml#id(IS1001c.B.words50)"/>
   </you-usage>
   <you-usage nite:id="IS1001c.B.you.3" unsure="false">
      <nite:pointer role="type"  href="you-types.xml#id(you_2)"/>
      <nite:child href="IS1001c.B.words.xml#id(IS1001c.B.words366)"/>
   </you-usage>
   <you-usage nite:id="IS1001c.B.you.4" unsure="false">
      <nite:pointer role="type"  href="you-types.xml#id(you_2)"/>
      <nite:child href="IS1001c.B.words.xml#id(IS1001c.B.words374)"/>
   </you-usage>
   <you-usage nite:id="IS1001c.B.you.5" unsure="false">
      <nite:pointer role="type"  href="you-types.xml#id(you_2)"/>
      <nite:child href="IS1001c.B.words.xml#id(IS1001c.B.words427)"/>
   </you-usage>
   <you-usage nite:id="IS1001c.B.you.6" unsure="false">
      <nite:pointer role="type"  href="you-types.xml#id(you_2)"/>
      <nite:child href="IS1001c.B.words.xml#id(IS1001c.B.words431)"/>
   </you-usage>
   <you-usage nite:id="IS1001c.B.you.7" unsure="false">
      <nite:pointer role="type"  href="you-types.xml#id(you_2)"/>
      <nite:child href="IS1001c.B.words.xml#id(IS1001c.B.words432)"/>
   </you-usage>
   <you-usage nite:id="IS1001c.B.you.8" unsure="false">
      <nite:pointer role="type"  href="you-types.xml#id(you_2)"/>
      <nite:child href="IS1001c.B.words.xml#id(IS1001c.B.words433)"/>
   </you-usage>
   <you-usage nite:id="IS1001c.B.you.9" unsure="false">
      <nite:pointer role="type"  href="you-types.xml#id(you_2)"/>
      <nite:child href="IS1001c.B.words.xml#id(IS1001c.B.words434)"/>
   </you-usage>
   <you-usage nite:id="IS1001c.B.you.10" unsure="false">
      <nite:pointer role="type"  href="you-types.xml#id(you_2)"/>
      <nite:child href="IS1001c.B.words.xml#id(IS1001c.B.words439)"/>
   </you-usage>
   <you-usage nite:id="IS1001c.B.you.11" unsure="false">
      <nite:pointer role="type"  href="you-types.xml#id(you_2)"/>
      <nite:child href="IS1001c.B.words.xml#id(IS1001c.B.words444)"/>
   </you-usage>
   <you-usage nite:id="IS1001c.B.you.12" unsure="false">
      <nite:pointer role="type"  href="you-types.xml#id(you_2)"/>
      <nite:child href="IS1001c.B.words.xml#id(IS1001c.B.words449)"/>
   </you-usage>
   <you-usage nite:id="IS1001c.B.you.13" unsure="false">
      <nite:pointer role="type"  href="you-types.xml#id(you_2)"/>
      <nite:child href="IS1001c.B.words.xml#id(IS1001c.B.words454)"/>
   </you-usage>
   <you-usage nite:id="IS1001c.B.you.14" unsure="false">
      <nite:pointer role="type"  href="you-types.xml#id(you_2)"/>
      <nite:child href="IS1001c.B.words.xml#id(IS1001c.B.words562)"/>
   </you-usage>
   <you-usage nite:id="IS1001c.B.you.15" unsure="false">
      <nite:pointer role="type"  href="you-types.xml#id(you_2)"/>
      <nite:child href="IS1001c.B.words.xml#id(IS1001c.B.words564)"/>
   </you-usage>
   <you-usage nite:id="IS1001c.B.you.16" unsure="false">
      <nite:pointer role="type"  href="you-types.xml#id(you_2)"/>
      <nite:child href="IS1001c.B.words.xml#id(IS1001c.B.words598)"/>
   </you-usage>
   <you-usage nite:id="IS1001c.B.you.17" unsure="false">
      <nite:pointer role="type"  href="you-types.xml#id(you_12)"/>
      <nite:child href="IS1001c.B.words.xml#id(IS1001c.B.words619)"/>
   </you-usage>
   <you-usage nite:id="IS1001c.B.you.18" unsure="false">
      <nite:pointer role="type"  href="you-types.xml#id(you_12)"/>
      <nite:child href="IS1001c.B.words.xml#id(IS1001c.B.words621)"/>
   </you-usage>
   <you-usage nite:id="IS1001c.B.you.19" unsure="false">
      <nite:pointer role="type"  href="you-types.xml#id(you_11)"/>
      <nite:child href="IS1001c.B.words.xml#id(IS1001c.B.words670)"/>
   </you-usage>
   <you-usage nite:id="IS1001c.B.you.20" unsure="false">
      <nite:pointer role="type"  href="you-types.xml#id(you_12)"/>
      <nite:child href="IS1001c.B.words.xml#id(IS1001c.B.words777)"/>
   </you-usage>
</nite:root>