<?xml version="1.0" encoding="ISO-8859-1" standalone="yes"?>
<nite:root nite:id="IS1008a.A.you" xmlns:nite="http://nite.sourceforge.net/">
   <you-usage nite:id="IS1008a.A.you.1" unsure="false">
      <nite:pointer role="type"  href="you-types.xml#id(you_11)"/>
      <nite:child href="IS1008a.A.words.xml#id(IS1008a.A.words65)"/>
   </you-usage>
   <you-usage nite:id="IS1008a.A.you.2" unsure="false">
      <nite:pointer role="type"  href="you-types.xml#id(you_11)"/>
      <nite:child href="IS1008a.A.words.xml#id(IS1008a.A.words67)"/>
   </you-usage>
   <you-usage nite:id="IS1008a.A.you.3" unsure="false">
      <nite:pointer role="type"  href="you-types.xml#id(you_11)"/>
      <nite:child href="IS1008a.A.words.xml#id(IS1008a.A.words100)"/>
   </you-usage>
   <you-usage nite:id="IS1008a.A.you.4" unsure="false">
      <nite:pointer role="type"  href="you-types.xml#id(you_11)"/>
      <nite:child href="IS1008a.A.words.xml#id(IS1008a.A.words149)"/>
   </you-usage>
   <you-usage nite:id="IS1008a.A.you.5" unsure="false">
      <nite:pointer role="type"  href="you-types.xml#id(you_11)"/>
      <nite:child href="IS1008a.A.words.xml#id(IS1008a.A.words154)"/>
   </you-usage>
   <you-usage nite:id="IS1008a.A.you.6" unsure="false">
      <nite:pointer role="type"  href="you-types.xml#id(you_11)"/>
      <nite:child href="IS1008a.A.words.xml#id(IS1008a.A.words164)"/>
   </you-usage>
   <you-usage nite:id="IS1008a.A.you.7" unsure="false">
      <nite:pointer role="type"  href="you-types.xml#id(you_11)"/>
      <nite:child href="IS1008a.A.words.xml#id(IS1008a.A.words194)"/>
   </you-usage>
   <you-usage nite:id="IS1008a.A.you.8" unsure="false">
      <nite:pointer role="type"  href="you-types.xml#id(you_11)"/>
      <nite:child href="IS1008a.A.words.xml#id(IS1008a.A.words202)"/>
   </you-usage>
   <you-usage nite:id="IS1008a.A.you.9" unsure="false">
      <nite:pointer role="type"  href="you-types.xml#id(you_11)"/>
      <nite:child href="IS1008a.A.words.xml#id(IS1008a.A.words213)"/>
   </you-usage>
   <you-usage nite:id="IS1008a.A.you.10" unsure="false">
      <nite:pointer role="type"  href="you-types.xml#id(you_11)"/>
      <nite:child href="IS1008a.A.words.xml#id(IS1008a.A.words215)"/>
   </you-usage>
   <you-usage nite:id="IS1008a.A.you.11" unsure="false">
      <nite:pointer role="type"  href="you-types.xml#id(you_11)"/>
      <nite:child href="IS1008a.A.words.xml#id(IS1008a.A.words301)"/>
   </you-usage>
   <you-usage nite:id="IS1008a.A.you.12" unsure="false">
      <nite:pointer role="type"  href="you-types.xml#id(you_11)"/>
      <nite:child href="IS1008a.A.words.xml#id(IS1008a.A.words346)"/>
   </you-usage>
   <you-usage nite:id="IS1008a.A.you.13" unsure="false">
      <nite:pointer role="type"  href="you-types.xml#id(you_11)"/>
      <nite:child href="IS1008a.A.words.xml#id(IS1008a.A.words354)"/>
   </you-usage>
   <you-usage nite:id="IS1008a.A.you.14" unsure="false">
      <nite:pointer role="type"  href="you-types.xml#id(you_11)"/>
      <nite:child href="IS1008a.A.words.xml#id(IS1008a.A.words364)"/>
   </you-usage>
   <you-usage nite:id="IS1008a.A.you.15" unsure="false">
      <nite:pointer role="type"  href="you-types.xml#id(you_11)"/>
      <nite:child href="IS1008a.A.words.xml#id(IS1008a.A.words379)"/>
   </you-usage>
   <you-usage nite:id="IS1008a.A.you.16" unsure="false">
      <nite:pointer role="type"  href="you-types.xml#id(you_11)"/>
      <nite:child href="IS1008a.A.words.xml#id(IS1008a.A.words385)"/>
   </you-usage>
   <you-usage nite:id="IS1008a.A.you.17" unsure="false">
      <nite:pointer role="type"  href="you-types.xml#id(you_11)"/>
      <nite:child href="IS1008a.A.words.xml#id(IS1008a.A.words424)"/>
   </you-usage>
   <you-usage nite:id="IS1008a.A.you.18" unsure="false">
      <nite:pointer role="type"  href="you-types.xml#id(you_11)"/>
      <nite:child href="IS1008a.A.words.xml#id(IS1008a.A.words468)"/>
   </you-usage>
   <you-usage nite:id="IS1008a.A.you.19" unsure="false">
      <nite:pointer role="type"  href="you-types.xml#id(you_11)"/>
      <nite:child href="IS1008a.A.words.xml#id(IS1008a.A.words470)"/>
   </you-usage>
   <you-usage nite:id="IS1008a.A.you.20" unsure="false">
      <nite:pointer role="type"  href="you-types.xml#id(you_11)"/>
      <nite:child href="IS1008a.A.words.xml#id(IS1008a.A.words503)"/>
   </you-usage>
   <you-usage nite:id="IS1008a.A.you.21" unsure="false">
      <nite:pointer role="type"  href="you-types.xml#id(you_11)"/>
      <nite:child href="IS1008a.A.words.xml#id(IS1008a.A.words508)"/>
   </you-usage>
   <you-usage nite:id="IS1008a.A.you.22" unsure="false">
      <nite:pointer role="type"  href="you-types.xml#id(you_11)"/>
      <nite:child href="IS1008a.A.words.xml#id(IS1008a.A.words517)"/>
   </you-usage>
   <you-usage nite:id="IS1008a.A.you.23" unsure="false">
      <nite:pointer role="type"  href="you-types.xml#id(you_11)"/>
      <nite:child href="IS1008a.A.words.xml#id(IS1008a.A.words528)"/>
   </you-usage>
   <you-usage nite:id="IS1008a.A.you.24" unsure="false">
      <nite:pointer role="type"  href="you-types.xml#id(you_11)"/>
      <nite:child href="IS1008a.A.words.xml#id(IS1008a.A.words543)"/>
   </you-usage>
   <you-usage nite:id="IS1008a.A.you.25" unsure="false">
      <nite:pointer role="type"  href="you-types.xml#id(you_11)"/>
      <nite:child href="IS1008a.A.words.xml#id(IS1008a.A.words560)"/>
   </you-usage>
   <you-usage nite:id="IS1008a.A.you.26" unsure="false">
      <nite:pointer role="type"  href="you-types.xml#id(you_11)"/>
      <nite:child href="IS1008a.A.words.xml#id(IS1008a.A.words561)"/>
   </you-usage>
   <you-usage nite:id="IS1008a.A.you.27" unsure="false">
      <nite:pointer role="type"  href="you-types.xml#id(you_11)"/>
      <nite:child href="IS1008a.A.words.xml#id(IS1008a.A.words587)"/>
   </you-usage>
   <you-usage nite:id="IS1008a.A.you.28" unsure="false">
      <nite:pointer role="type"  href="you-types.xml#id(you_11)"/>
      <nite:child href="IS1008a.A.words.xml#id(IS1008a.A.words598)"/>
   </you-usage>
   <you-usage nite:id="IS1008a.A.you.29" unsure="false">
      <nite:pointer role="type"  href="you-types.xml#id(you_11)"/>
      <nite:child href="IS1008a.A.words.xml#id(IS1008a.A.words604)"/>
   </you-usage>
   <you-usage nite:id="IS1008a.A.you.30" unsure="false">
      <nite:pointer role="type"  href="you-types.xml#id(you_11)"/>
      <nite:child href="IS1008a.A.words.xml#id(IS1008a.A.words629)"/>
   </you-usage>
   <you-usage nite:id="IS1008a.A.you.31" unsure="false">
      <nite:pointer role="type"  href="you-types.xml#id(you_11)"/>
      <nite:child href="IS1008a.A.words.xml#id(IS1008a.A.words744)"/>
   </you-usage>
   <you-usage nite:id="IS1008a.A.you.32" unsure="false">
      <nite:pointer role="type"  href="you-types.xml#id(you_11)"/>
      <nite:child href="IS1008a.A.words.xml#id(IS1008a.A.words765)"/>
   </you-usage>
   <you-usage nite:id="IS1008a.A.you.33" unsure="false">
      <nite:pointer role="type"  href="you-types.xml#id(you_11)"/>
      <nite:child href="IS1008a.A.words.xml#id(IS1008a.A.words782)"/>
   </you-usage>
   <you-usage nite:id="IS1008a.A.you.34" unsure="false">
      <nite:pointer role="type"  href="you-types.xml#id(you_11)"/>
      <nite:child href="IS1008a.A.words.xml#id(IS1008a.A.words846)"/>
   </you-usage>
   <you-usage nite:id="IS1008a.A.you.35" unsure="false">
      <nite:pointer role="type"  href="you-types.xml#id(you_11)"/>
      <nite:child href="IS1008a.A.words.xml#id(IS1008a.A.words860)"/>
   </you-usage>
   <you-usage nite:id="IS1008a.A.you.36" unsure="false">
      <nite:pointer role="type"  href="you-types.xml#id(you_11)"/>
      <nite:child href="IS1008a.A.words.xml#id(IS1008a.A.words867)"/>
   </you-usage>
   <you-usage nite:id="IS1008a.A.you.37" unsure="false">
      <nite:pointer role="type"  href="you-types.xml#id(you_11)"/>
      <nite:child href="IS1008a.A.words.xml#id(IS1008a.A.words893)"/>
   </you-usage>
   <you-usage nite:id="IS1008a.A.you.38" unsure="false">
      <nite:pointer role="type"  href="you-types.xml#id(you_11)"/>
      <nite:child href="IS1008a.A.words.xml#id(IS1008a.A.words906)"/>
   </you-usage>
   <you-usage nite:id="IS1008a.A.you.39" unsure="false">
      <nite:pointer role="type"  href="you-types.xml#id(you_11)"/>
      <nite:child href="IS1008a.A.words.xml#id(IS1008a.A.words919)"/>
   </you-usage>
   <you-usage nite:id="IS1008a.A.you.40" unsure="false">
      <nite:pointer role="type"  href="you-types.xml#id(you_11)"/>
      <nite:child href="IS1008a.A.words.xml#id(IS1008a.A.words937)"/>
   </you-usage>
   <you-usage nite:id="IS1008a.A.you.41" unsure="false">
      <nite:pointer role="type"  href="you-types.xml#id(you_11)"/>
      <nite:child href="IS1008a.A.words.xml#id(IS1008a.A.words942)"/>
   </you-usage>
   <you-usage nite:id="IS1008a.A.you.42" unsure="false">
      <nite:pointer role="type"  href="you-types.xml#id(you_11)"/>
      <nite:child href="IS1008a.A.words.xml#id(IS1008a.A.words952)"/>
   </you-usage>
   <you-usage nite:id="IS1008a.A.you.43" unsure="false">
      <nite:pointer role="type"  href="you-types.xml#id(you_11)"/>
      <nite:child href="IS1008a.A.words.xml#id(IS1008a.A.words958)"/>
   </you-usage>
   <you-usage nite:id="IS1008a.A.you.44" unsure="false">
      <nite:pointer role="type"  href="you-types.xml#id(you_11)"/>
      <nite:child href="IS1008a.A.words.xml#id(IS1008a.A.words983)"/>
   </you-usage>
   <you-usage nite:id="IS1008a.A.you.45" unsure="false">
      <nite:pointer role="type"  href="you-types.xml#id(you_11)"/>
      <nite:child href="IS1008a.A.words.xml#id(IS1008a.A.words1013)"/>
   </you-usage>
   <you-usage nite:id="IS1008a.A.you.46" unsure="false">
      <nite:pointer role="type"  href="you-types.xml#id(you_11)"/>
      <nite:child href="IS1008a.A.words.xml#id(IS1008a.A.words1034)"/>
   </you-usage>
   <you-usage nite:id="IS1008a.A.you.47" unsure="false">
      <nite:pointer role="type"  href="you-types.xml#id(you_11)"/>
      <nite:child href="IS1008a.A.words.xml#id(IS1008a.A.words1049)"/>
   </you-usage>
   <you-usage nite:id="IS1008a.A.you.48" unsure="false">
      <nite:pointer role="type"  href="you-types.xml#id(you_11)"/>
      <nite:child href="IS1008a.A.words.xml#id(IS1008a.A.words1061)"/>
   </you-usage>
   <you-usage nite:id="IS1008a.A.you.49" unsure="false">
      <nite:pointer role="type"  href="you-types.xml#id(you_11)"/>
      <nite:child href="IS1008a.A.words.xml#id(IS1008a.A.words1070)"/>
   </you-usage>
   <you-usage nite:id="IS1008a.A.you.50" unsure="false">
      <nite:pointer role="type"  href="you-types.xml#id(you_11)"/>
      <nite:child href="IS1008a.A.words.xml#id(IS1008a.A.words1073)"/>
   </you-usage>
   <you-usage nite:id="IS1008a.A.you.51" unsure="false">
      <nite:pointer role="type"  href="you-types.xml#id(you_11)"/>
      <nite:child href="IS1008a.A.words.xml#id(IS1008a.A.words1186)"/>
   </you-usage>
   <you-usage nite:id="IS1008a.A.you.52" unsure="false">
      <nite:pointer role="type"  href="you-types.xml#id(you_11)"/>
      <nite:child href="IS1008a.A.words.xml#id(IS1008a.A.words1204)"/>
   </you-usage>
   <you-usage nite:id="IS1008a.A.you.53" unsure="false">
      <nite:pointer role="type"  href="you-types.xml#id(you_11)"/>
      <nite:child href="IS1008a.A.words.xml#id(IS1008a.A.words1240)"/>
   </you-usage>
   <you-usage nite:id="IS1008a.A.you.54" unsure="false">
      <nite:pointer role="type"  href="you-types.xml#id(you_11)"/>
      <nite:child href="IS1008a.A.words.xml#id(IS1008a.A.words1264)"/>
   </you-usage>
   <you-usage nite:id="IS1008a.A.you.55" unsure="false">
      <nite:pointer role="type"  href="you-types.xml#id(you_11)"/>
      <nite:child href="IS1008a.A.words.xml#id(IS1008a.A.words1280)"/>
   </you-usage>
   <you-usage nite:id="IS1008a.A.you.56" unsure="false">
      <nite:pointer role="type"  href="you-types.xml#id(you_11)"/>
      <nite:child href="IS1008a.A.words.xml#id(IS1008a.A.words1295)"/>
   </you-usage>
   <you-usage nite:id="IS1008a.A.you.57" unsure="false">
      <nite:pointer role="type"  href="you-types.xml#id(you_11)"/>
      <nite:child href="IS1008a.A.words.xml#id(IS1008a.A.words1326)"/>
   </you-usage>
   <you-usage nite:id="IS1008a.A.you.58" unsure="false">
      <nite:pointer role="type"  href="you-types.xml#id(you_11)"/>
      <nite:child href="IS1008a.A.words.xml#id(IS1008a.A.words1350)"/>
   </you-usage>
   <you-usage nite:id="IS1008a.A.you.59" unsure="false">
      <nite:pointer role="type"  href="you-types.xml#id(you_11)"/>
      <nite:child href="IS1008a.A.words.xml#id(IS1008a.A.words1383)"/>
   </you-usage>
   <you-usage nite:id="IS1008a.A.you.60" unsure="false">
      <nite:pointer role="type"  href="you-types.xml#id(you_11)"/>
      <nite:child href="IS1008a.A.words.xml#id(IS1008a.A.words1556)"/>
   </you-usage>
   <you-usage nite:id="IS1008a.A.you.61" unsure="false">
      <nite:pointer role="type"  href="you-types.xml#id(you_11)"/>
      <nite:child href="IS1008a.A.words.xml#id(IS1008a.A.words1567)"/>
   </you-usage>
   <you-usage nite:id="IS1008a.A.you.62" unsure="false">
      <nite:pointer role="type"  href="you-types.xml#id(you_11)"/>
      <nite:child href="IS1008a.A.words.xml#id(IS1008a.A.words1573)"/>
   </you-usage>
   <you-usage nite:id="IS1008a.A.you.63" unsure="false">
      <nite:pointer role="type"  href="you-types.xml#id(you_11)"/>
      <nite:child href="IS1008a.A.words.xml#id(IS1008a.A.words1613)"/>
   </you-usage>
   <you-usage nite:id="IS1008a.A.you.64" unsure="false">
      <nite:pointer role="type"  href="you-types.xml#id(you_11)"/>
      <nite:child href="IS1008a.A.words.xml#id(IS1008a.A.words1622)"/>
   </you-usage>
</nite:root>