<?xml version="1.0" encoding="ISO-8859-1" standalone="yes"?>
<nite:root nite:id="IS1008a.B.you" xmlns:nite="http://nite.sourceforge.net/">
   <you-usage nite:id="IS1008a.B.you.1" unsure="false">
      <nite:pointer role="type"  href="you-types.xml#id(you_2)"/>
      <nite:child href="IS1008a.B.words.xml#id(IS1008a.B.words164)"/>
   </you-usage>
   <you-usage nite:id="IS1008a.B.you.2" unsure="false">
      <nite:pointer role="type"  href="you-types.xml#id(you_2)"/>
      <nite:child href="IS1008a.B.words.xml#id(IS1008a.B.words171)"/>
   </you-usage>
   <you-usage nite:id="IS1008a.B.you.3" unsure="false">
      <nite:pointer role="type"  href="you-types.xml#id(you_2)"/>
      <nite:child href="IS1008a.B.words.xml#id(IS1008a.B.words177)"/>
   </you-usage>
   <you-usage nite:id="IS1008a.B.you.4" unsure="false">
      <nite:pointer role="type"  href="you-types.xml#id(you_2)"/>
      <nite:child href="IS1008a.B.words.xml#id(IS1008a.B.words219)"/>
   </you-usage>
</nite:root>