<?xml version="1.0" encoding="ISO-8859-1" standalone="yes"?>
<nite:root nite:id="IS1003b.B.you" xmlns:nite="http://nite.sourceforge.net/">
   <you-usage nite:id="IS1003b.B.you.1" unsure="false">
      <nite:pointer role="type"  href="you-types.xml#id(you_11)"/>
      <nite:child href="IS1003b.B.words.xml#id(IS1003b.B.words21)"/>
   </you-usage>
   <you-usage nite:id="IS1003b.B.you.2" unsure="false">
      <nite:pointer role="type"  href="you-types.xml#id(you_2)"/>
      <nite:child href="IS1003b.B.words.xml#id(IS1003b.B.words65)"/>
   </you-usage>
   <you-usage nite:id="IS1003b.B.you.3" unsure="false">
      <nite:pointer role="type"  href="you-types.xml#id(you_2)"/>
      <nite:child href="IS1003b.B.words.xml#id(IS1003b.B.words68)"/>
   </you-usage>
   <you-usage nite:id="IS1003b.B.you.4" unsure="false">
      <nite:pointer role="type"  href="you-types.xml#id(you_2)"/>
      <nite:child href="IS1003b.B.words.xml#id(IS1003b.B.words75)"/>
   </you-usage>
   <you-usage nite:id="IS1003b.B.you.5" unsure="false">
      <nite:pointer role="type"  href="you-types.xml#id(you_2)"/>
      <nite:child href="IS1003b.B.words.xml#id(IS1003b.B.words79)"/>
   </you-usage>
   <you-usage nite:id="IS1003b.B.you.6" unsure="false">
      <nite:pointer role="type"  href="you-types.xml#id(you_2)"/>
      <nite:child href="IS1003b.B.words.xml#id(IS1003b.B.words110)"/>
   </you-usage>
   <you-usage nite:id="IS1003b.B.you.7" unsure="false">
      <nite:pointer role="type"  href="you-types.xml#id(you_2)"/>
      <nite:child href="IS1003b.B.words.xml#id(IS1003b.B.words113)"/>
   </you-usage>
   <you-usage nite:id="IS1003b.B.you.8" unsure="false">
      <nite:pointer role="type"  href="you-types.xml#id(you_2)"/>
      <nite:child href="IS1003b.B.words.xml#id(IS1003b.B.words118)"/>
   </you-usage>
   <you-usage nite:id="IS1003b.B.you.9" unsure="false">
      <nite:pointer role="type"  href="you-types.xml#id(you_2)"/>
      <nite:child href="IS1003b.B.words.xml#id(IS1003b.B.words123)"/>
   </you-usage>
   <you-usage nite:id="IS1003b.B.you.10" unsure="false">
      <nite:pointer role="type"  href="you-types.xml#id(you_2)"/>
      <nite:child href="IS1003b.B.words.xml#id(IS1003b.B.words127)"/>
   </you-usage>
   <you-usage nite:id="IS1003b.B.you.11" unsure="false">
      <nite:pointer role="type"  href="you-types.xml#id(you_2)"/>
      <nite:child href="IS1003b.B.words.xml#id(IS1003b.B.words137)"/>
   </you-usage>
   <you-usage nite:id="IS1003b.B.you.12" unsure="false">
      <nite:pointer role="type"  href="you-types.xml#id(you_2)"/>
      <nite:child href="IS1003b.B.words.xml#id(IS1003b.B.words159)"/>
   </you-usage>
   <you-usage nite:id="IS1003b.B.you.13" unsure="false">
      <nite:pointer role="type"  href="you-types.xml#id(you_3)"/>
      <nite:child href="IS1003b.B.words.xml#id(IS1003b.B.words178)"/>
   </you-usage>
   <you-usage nite:id="IS1003b.B.you.14" unsure="false">
      <nite:pointer role="type"  href="you-types.xml#id(you_11)"/>
      <nite:child href="IS1003b.B.words.xml#id(IS1003b.B.words191)"/>
   </you-usage>
   <you-usage nite:id="IS1003b.B.you.15" unsure="false">
      <nite:pointer role="type"  href="you-types.xml#id(you_11)"/>
      <nite:child href="IS1003b.B.words.xml#id(IS1003b.B.words195)"/>
   </you-usage>
   <you-usage nite:id="IS1003b.B.you.16" unsure="false">
      <nite:pointer role="type"  href="you-types.xml#id(you_3)"/>
      <nite:child href="IS1003b.B.words.xml#id(IS1003b.B.words227)"/>
   </you-usage>
   <you-usage nite:id="IS1003b.B.you.17" unsure="false">
      <nite:pointer role="type"  href="you-types.xml#id(you_3)"/>
      <nite:child href="IS1003b.B.words.xml#id(IS1003b.B.words231)"/>
   </you-usage>
   <you-usage nite:id="IS1003b.B.you.18" unsure="false">
      <nite:pointer role="type"  href="you-types.xml#id(you_3)"/>
      <nite:child href="IS1003b.B.words.xml#id(IS1003b.B.words239)"/>
   </you-usage>
   <you-usage nite:id="IS1003b.B.you.19" unsure="false">
      <nite:pointer role="type"  href="you-types.xml#id(you_3)"/>
      <nite:child href="IS1003b.B.words.xml#id(IS1003b.B.words262)"/>
   </you-usage>
   <you-usage nite:id="IS1003b.B.you.20" unsure="false">
      <nite:pointer role="type"  href="you-types.xml#id(you_3)"/>
      <nite:child href="IS1003b.B.words.xml#id(IS1003b.B.words317)"/>
   </you-usage>
   <you-usage nite:id="IS1003b.B.you.21" unsure="false">
      <nite:pointer role="type"  href="you-types.xml#id(you_3)"/>
      <nite:child href="IS1003b.B.words.xml#id(IS1003b.B.words339)"/>
   </you-usage>
   <you-usage nite:id="IS1003b.B.you.22" unsure="false">
      <nite:pointer role="type"  href="you-types.xml#id(you_3)"/>
      <nite:child href="IS1003b.B.words.xml#id(IS1003b.B.words355)"/>
   </you-usage>
   <you-usage nite:id="IS1003b.B.you.23" unsure="false">
      <nite:pointer role="type"  href="you-types.xml#id(you_11)"/>
      <nite:child href="IS1003b.B.words.xml#id(IS1003b.B.words411)"/>
   </you-usage>
   <you-usage nite:id="IS1003b.B.you.24" unsure="false">
      <nite:pointer role="type"  href="you-types.xml#id(you_3)"/>
      <nite:child href="IS1003b.B.words.xml#id(IS1003b.B.words428)"/>
   </you-usage>
   <you-usage nite:id="IS1003b.B.you.25" unsure="false">
      <nite:pointer role="type"  href="you-types.xml#id(you_2)"/>
      <nite:child href="IS1003b.B.words.xml#id(IS1003b.B.words431)"/>
   </you-usage>
   <you-usage nite:id="IS1003b.B.you.26" unsure="false">
      <nite:pointer role="type"  href="you-types.xml#id(you_2)"/>
      <nite:child href="IS1003b.B.words.xml#id(IS1003b.B.words446)"/>
   </you-usage>
   <you-usage nite:id="IS1003b.B.you.27" unsure="false">
      <nite:pointer role="type"  href="you-types.xml#id(you_11)"/>
      <nite:child href="IS1003b.B.words.xml#id(IS1003b.B.words474)"/>
   </you-usage>
   <you-usage nite:id="IS1003b.B.you.28" unsure="false">
      <nite:pointer role="type"  href="you-types.xml#id(you_3)"/>
      <nite:child href="IS1003b.B.words.xml#id(IS1003b.B.words488)"/>
   </you-usage>
   <you-usage nite:id="IS1003b.B.you.29" unsure="false">
      <nite:pointer role="type"  href="you-types.xml#id(you_2)"/>
      <nite:child href="IS1003b.B.words.xml#id(IS1003b.B.words493)"/>
   </you-usage>
   <you-usage nite:id="IS1003b.B.you.30" unsure="false">
      <nite:pointer role="type"  href="you-types.xml#id(you_3)"/>
      <nite:child href="IS1003b.B.words.xml#id(IS1003b.B.words520)"/>
   </you-usage>
   <you-usage nite:id="IS1003b.B.you.31" unsure="false">
      <nite:pointer role="type"  href="you-types.xml#id(you_2)"/>
      <nite:child href="IS1003b.B.words.xml#id(IS1003b.B.words525)"/>
   </you-usage>
   <you-usage nite:id="IS1003b.B.you.32" unsure="false">
      <nite:pointer role="type"  href="you-types.xml#id(you_3)"/>
      <nite:child href="IS1003b.B.words.xml#id(IS1003b.B.words570)"/>
   </you-usage>
   <you-usage nite:id="IS1003b.B.you.33" unsure="false">
      <nite:pointer role="type"  href="you-types.xml#id(you_3)"/>
      <nite:child href="IS1003b.B.words.xml#id(IS1003b.B.words606)"/>
   </you-usage>
   <you-usage nite:id="IS1003b.B.you.34" unsure="false">
      <nite:pointer role="type"  href="you-types.xml#id(you_2)"/>
      <nite:child href="IS1003b.B.words.xml#id(IS1003b.B.words614)"/>
   </you-usage>
   <you-usage nite:id="IS1003b.B.you.35" unsure="false">
      <nite:pointer role="type"  href="you-types.xml#id(you_2)"/>
      <nite:child href="IS1003b.B.words.xml#id(IS1003b.B.words617)"/>
   </you-usage>
   <you-usage nite:id="IS1003b.B.you.36" unsure="false">
      <nite:pointer role="type"  href="you-types.xml#id(you_2)"/>
      <nite:child href="IS1003b.B.words.xml#id(IS1003b.B.words627)"/>
   </you-usage>
   <you-usage nite:id="IS1003b.B.you.37" unsure="false">
      <nite:pointer role="type"  href="you-types.xml#id(you_2)"/>
      <nite:child href="IS1003b.B.words.xml#id(IS1003b.B.words630)"/>
   </you-usage>
   <you-usage nite:id="IS1003b.B.you.38" unsure="false">
      <nite:pointer role="type"  href="you-types.xml#id(you_2)"/>
      <nite:child href="IS1003b.B.words.xml#id(IS1003b.B.words640)"/>
   </you-usage>
   <you-usage nite:id="IS1003b.B.you.39" unsure="false">
      <nite:pointer role="type"  href="you-types.xml#id(you_3)"/>
      <nite:child href="IS1003b.B.words.xml#id(IS1003b.B.words655)"/>
   </you-usage>
   <you-usage nite:id="IS1003b.B.you.40" unsure="false">
      <nite:pointer role="type"  href="you-types.xml#id(you_12)"/>
      <nite:child href="IS1003b.B.words.xml#id(IS1003b.B.words670)"/>
   </you-usage>
   <you-usage nite:id="IS1003b.B.you.41" unsure="false">
      <nite:pointer role="type"  href="you-types.xml#id(you_3)"/>
      <nite:child href="IS1003b.B.words.xml#id(IS1003b.B.words704)"/>
   </you-usage>
   <you-usage nite:id="IS1003b.B.you.42" unsure="false">
      <nite:pointer role="type"  href="you-types.xml#id(you_12)"/>
      <nite:child href="IS1003b.B.words.xml#id(IS1003b.B.words709)"/>
   </you-usage>
   <you-usage nite:id="IS1003b.B.you.43" unsure="false">
      <nite:pointer role="type"  href="you-types.xml#id(you_12)"/>
      <nite:child href="IS1003b.B.words.xml#id(IS1003b.B.words713)"/>
   </you-usage>
   <you-usage nite:id="IS1003b.B.you.44" unsure="false">
      <nite:pointer role="type"  href="you-types.xml#id(you_12)"/>
      <nite:child href="IS1003b.B.words.xml#id(IS1003b.B.words720)"/>
   </you-usage>
   <you-usage nite:id="IS1003b.B.you.45" unsure="false">
      <nite:pointer role="type"  href="you-types.xml#id(you_12)"/>
      <nite:child href="IS1003b.B.words.xml#id(IS1003b.B.words726)"/>
   </you-usage>
   <you-usage nite:id="IS1003b.B.you.46" unsure="false">
      <nite:pointer role="type"  href="you-types.xml#id(you_12)"/>
      <nite:child href="IS1003b.B.words.xml#id(IS1003b.B.words728)"/>
   </you-usage>
   <you-usage nite:id="IS1003b.B.you.47" unsure="false">
      <nite:pointer role="type"  href="you-types.xml#id(you_12)"/>
      <nite:child href="IS1003b.B.words.xml#id(IS1003b.B.words737)"/>
   </you-usage>
   <you-usage nite:id="IS1003b.B.you.48" unsure="false">
      <nite:pointer role="type"  href="you-types.xml#id(you_3)"/>
      <nite:child href="IS1003b.B.words.xml#id(IS1003b.B.words743)"/>
   </you-usage>
   <you-usage nite:id="IS1003b.B.you.49" unsure="false">
      <nite:pointer role="type"  href="you-types.xml#id(you_3)"/>
      <nite:child href="IS1003b.B.words.xml#id(IS1003b.B.words760)"/>
   </you-usage>
   <you-usage nite:id="IS1003b.B.you.50" unsure="false">
      <nite:pointer role="type"  href="you-types.xml#id(you_3)"/>
      <nite:child href="IS1003b.B.words.xml#id(IS1003b.B.words767)"/>
   </you-usage>
   <you-usage nite:id="IS1003b.B.you.51" unsure="false">
      <nite:pointer role="type"  href="you-types.xml#id(you_3)"/>
      <nite:child href="IS1003b.B.words.xml#id(IS1003b.B.words792)"/>
   </you-usage>
   <you-usage nite:id="IS1003b.B.you.52" unsure="false">
      <nite:pointer role="type"  href="you-types.xml#id(you_3)"/>
      <nite:child href="IS1003b.B.words.xml#id(IS1003b.B.words802)"/>
   </you-usage>
   <you-usage nite:id="IS1003b.B.you.53" unsure="false">
      <nite:pointer role="type"  href="you-types.xml#id(you_3)"/>
      <nite:child href="IS1003b.B.words.xml#id(IS1003b.B.words829)"/>
   </you-usage>
   <you-usage nite:id="IS1003b.B.you.54" unsure="false">
      <nite:pointer role="type"  href="you-types.xml#id(you_2)"/>
      <nite:child href="IS1003b.B.words.xml#id(IS1003b.B.words838)"/>
   </you-usage>
   <you-usage nite:id="IS1003b.B.you.55" unsure="false">
      <nite:pointer role="type"  href="you-types.xml#id(you_2)"/>
      <nite:child href="IS1003b.B.words.xml#id(IS1003b.B.words840)"/>
   </you-usage>
   <you-usage nite:id="IS1003b.B.you.56" unsure="false">
      <nite:pointer role="type"  href="you-types.xml#id(you_2)"/>
      <nite:child href="IS1003b.B.words.xml#id(IS1003b.B.words843)"/>
   </you-usage>
   <you-usage nite:id="IS1003b.B.you.57" unsure="false">
      <nite:pointer role="type"  href="you-types.xml#id(you_3)"/>
      <nite:child href="IS1003b.B.words.xml#id(IS1003b.B.words858)"/>
   </you-usage>
   <you-usage nite:id="IS1003b.B.you.58" unsure="false">
      <nite:pointer role="type"  href="you-types.xml#id(you_3)"/>
      <nite:child href="IS1003b.B.words.xml#id(IS1003b.B.words881)"/>
   </you-usage>
   <you-usage nite:id="IS1003b.B.you.59" unsure="false">
      <nite:pointer role="type"  href="you-types.xml#id(you_11)"/>
      <nite:child href="IS1003b.B.words.xml#id(IS1003b.B.words888)"/>
   </you-usage>
   <you-usage nite:id="IS1003b.B.you.60" unsure="false">
      <nite:pointer role="type"  href="you-types.xml#id(you_3)"/>
      <nite:child href="IS1003b.B.words.xml#id(IS1003b.B.words913)"/>
   </you-usage>
   <you-usage nite:id="IS1003b.B.you.61" unsure="false">
      <nite:pointer role="type"  href="you-types.xml#id(you_2)"/>
      <nite:child href="IS1003b.B.words.xml#id(IS1003b.B.words924)"/>
   </you-usage>
   <you-usage nite:id="IS1003b.B.you.62" unsure="false">
      <nite:pointer role="type"  href="you-types.xml#id(you_2)"/>
      <nite:child href="IS1003b.B.words.xml#id(IS1003b.B.words934)"/>
   </you-usage>
   <you-usage nite:id="IS1003b.B.you.63" unsure="false">
      <nite:pointer role="type"  href="you-types.xml#id(you_2)"/>
      <nite:child href="IS1003b.B.words.xml#id(IS1003b.B.words938)"/>
   </you-usage>
   <you-usage nite:id="IS1003b.B.you.64" unsure="false">
      <nite:pointer role="type"  href="you-types.xml#id(you_11)"/>
      <nite:child href="IS1003b.B.words.xml#id(IS1003b.B.words1009)"/>
   </you-usage>
   <you-usage nite:id="IS1003b.B.you.65" unsure="false">
      <nite:pointer role="type"  href="you-types.xml#id(you_3)"/>
      <nite:child href="IS1003b.B.words.xml#id(IS1003b.B.words1032)"/>
   </you-usage>
   <you-usage nite:id="IS1003b.B.you.66" unsure="false">
      <nite:pointer role="type"  href="you-types.xml#id(you_2)"/>
      <nite:child href="IS1003b.B.words.xml#id(IS1003b.B.words1091)"/>
   </you-usage>
   <you-usage nite:id="IS1003b.B.you.67" unsure="false">
      <nite:pointer role="type"  href="you-types.xml#id(you_2)"/>
      <nite:child href="IS1003b.B.words.xml#id(IS1003b.B.words1111)"/>
   </you-usage>
   <you-usage nite:id="IS1003b.B.you.68" unsure="false">
      <nite:pointer role="type"  href="you-types.xml#id(you_2)"/>
      <nite:child href="IS1003b.B.words.xml#id(IS1003b.B.words1118)"/>
   </you-usage>
   <you-usage nite:id="IS1003b.B.you.69" unsure="false">
      <nite:pointer role="type"  href="you-types.xml#id(you_2)"/>
      <nite:child href="IS1003b.B.words.xml#id(IS1003b.B.words1125)"/>
   </you-usage>
   <you-usage nite:id="IS1003b.B.you.70" unsure="false">
      <nite:pointer role="type"  href="you-types.xml#id(you_2)"/>
      <nite:child href="IS1003b.B.words.xml#id(IS1003b.B.words1148)"/>
   </you-usage>
   <you-usage nite:id="IS1003b.B.you.71" unsure="false">
      <nite:pointer role="type"  href="you-types.xml#id(you_2)"/>
      <nite:child href="IS1003b.B.words.xml#id(IS1003b.B.words1152)"/>
   </you-usage>
   <you-usage nite:id="IS1003b.B.you.72" unsure="false">
      <nite:pointer role="type"  href="you-types.xml#id(you_2)"/>
      <nite:child href="IS1003b.B.words.xml#id(IS1003b.B.words1159)"/>
   </you-usage>
   <you-usage nite:id="IS1003b.B.you.73" unsure="false">
      <nite:pointer role="type"  href="you-types.xml#id(you_11)"/>
      <nite:child href="IS1003b.B.words.xml#id(IS1003b.B.words1177)"/>
   </you-usage>
   <you-usage nite:id="IS1003b.B.you.74" unsure="false">
      <nite:pointer role="type"  href="you-types.xml#id(you_2)"/>
      <nite:child href="IS1003b.B.words.xml#id(IS1003b.B.words1190)"/>
   </you-usage>
   <you-usage nite:id="IS1003b.B.you.75" unsure="false">
      <nite:pointer role="type"  href="you-types.xml#id(you_2)"/>
      <nite:child href="IS1003b.B.words.xml#id(IS1003b.B.words1192)"/>
   </you-usage>
</nite:root>