<?xml version="1.0" encoding="ISO-8859-1" standalone="yes"?>
<nite:root nite:id="IS1008b.A.you" xmlns:nite="http://nite.sourceforge.net/">
   <you-usage nite:id="IS1008b.A.you.1" unsure="false">
      <nite:pointer role="type"  href="you-types.xml#id(you_11)"/>
      <nite:child href="IS1008b.A.words.xml#id(IS1008b.A.words4)"/>
   </you-usage>
   <you-usage nite:id="IS1008b.A.you.2" unsure="false">
      <nite:pointer role="type"  href="you-types.xml#id(you_12)"/>
      <nite:child href="IS1008b.A.words.xml#id(IS1008b.A.words23)"/>
   </you-usage>
   <you-usage nite:id="IS1008b.A.you.3" unsure="false">
      <nite:pointer role="type"  href="you-types.xml#id(you_12)"/>
      <nite:child href="IS1008b.A.words.xml#id(IS1008b.A.words62)"/>
   </you-usage>
   <you-usage nite:id="IS1008b.A.you.4" unsure="false">
      <nite:pointer role="type"  href="you-types.xml#id(you_11)"/>
      <nite:child href="IS1008b.A.words.xml#id(IS1008b.A.words102)"/>
   </you-usage>
   <you-usage nite:id="IS1008b.A.you.5" unsure="false">
      <nite:pointer role="type"  href="you-types.xml#id(you_12)"/>
      <nite:child href="IS1008b.A.words.xml#id(IS1008b.A.words206)"/>
   </you-usage>
   <you-usage nite:id="IS1008b.A.you.6" unsure="false">
      <nite:pointer role="type"  href="you-types.xml#id(you_11)"/>
      <nite:child href="IS1008b.A.words.xml#id(IS1008b.A.words250)"/>
   </you-usage>
   <you-usage nite:id="IS1008b.A.you.7" unsure="false">
      <nite:pointer role="type"  href="you-types.xml#id(you_11)"/>
      <nite:child href="IS1008b.A.words.xml#id(IS1008b.A.words362)"/>
   </you-usage>
   <you-usage nite:id="IS1008b.A.you.8" unsure="false">
      <nite:pointer role="type"  href="you-types.xml#id(you_11)"/>
      <nite:child href="IS1008b.A.words.xml#id(IS1008b.A.words399)"/>
   </you-usage>
   <you-usage nite:id="IS1008b.A.you.9" unsure="false">
      <nite:pointer role="type"  href="you-types.xml#id(you_11)"/>
      <nite:child href="IS1008b.A.words.xml#id(IS1008b.A.words402)"/>
   </you-usage>
   <you-usage nite:id="IS1008b.A.you.10" unsure="false">
      <nite:pointer role="type"  href="you-types.xml#id(you_2)"/>
      <nite:child href="IS1008b.A.words.xml#id(IS1008b.A.words422)"/>
   </you-usage>
   <you-usage nite:id="IS1008b.A.you.11" unsure="false">
      <nite:pointer role="type"  href="you-types.xml#id(you_2)"/>
      <nite:child href="IS1008b.A.words.xml#id(IS1008b.A.words425)"/>
   </you-usage>
   <you-usage nite:id="IS1008b.A.you.12" unsure="false">
      <nite:pointer role="type"  href="you-types.xml#id(you_2)"/>
      <nite:child href="IS1008b.A.words.xml#id(IS1008b.A.words456)"/>
   </you-usage>
   <you-usage nite:id="IS1008b.A.you.13" unsure="false">
      <nite:pointer role="type"  href="you-types.xml#id(you_2)"/>
      <nite:child href="IS1008b.A.words.xml#id(IS1008b.A.words465)"/>
   </you-usage>
   <you-usage nite:id="IS1008b.A.you.14" unsure="false">
      <nite:pointer role="type"  href="you-types.xml#id(you_2)"/>
      <nite:child href="IS1008b.A.words.xml#id(IS1008b.A.words470)"/>
   </you-usage>
   <you-usage nite:id="IS1008b.A.you.15" unsure="false">
      <nite:pointer role="type"  href="you-types.xml#id(you_11)"/>
      <nite:child href="IS1008b.A.words.xml#id(IS1008b.A.words499)"/>
   </you-usage>
   <you-usage nite:id="IS1008b.A.you.16" unsure="false">
      <nite:pointer role="type"  href="you-types.xml#id(you_11)"/>
      <nite:child href="IS1008b.A.words.xml#id(IS1008b.A.words511)"/>
   </you-usage>
   <you-usage nite:id="IS1008b.A.you.17" unsure="false">
      <nite:pointer role="type"  href="you-types.xml#id(you_11)"/>
      <nite:child href="IS1008b.A.words.xml#id(IS1008b.A.words612)"/>
   </you-usage>
   <you-usage nite:id="IS1008b.A.you.18" unsure="false">
      <nite:pointer role="type"  href="you-types.xml#id(you_11)"/>
      <nite:child href="IS1008b.A.words.xml#id(IS1008b.A.words627)"/>
   </you-usage>
   <you-usage nite:id="IS1008b.A.you.19" unsure="false">
      <nite:pointer role="type"  href="you-types.xml#id(you_12)"/>
      <nite:child href="IS1008b.A.words.xml#id(IS1008b.A.words691)"/>
   </you-usage>
   <you-usage nite:id="IS1008b.A.you.20" unsure="true">
      <nite:pointer role="type"  href="you-types.xml#id(you_11)"/>
      <nite:child href="IS1008b.A.words.xml#id(IS1008b.A.words729)"/>
   </you-usage>
   <you-usage nite:id="IS1008b.A.you.21" unsure="true">
      <nite:pointer role="type"  href="you-types.xml#id(you_11)"/>
      <nite:child href="IS1008b.A.words.xml#id(IS1008b.A.words734)"/>
   </you-usage>
   <you-usage nite:id="IS1008b.A.you.22" unsure="false">
      <nite:pointer role="type"  href="you-types.xml#id(you_11)"/>
      <nite:child href="IS1008b.A.words.xml#id(IS1008b.A.words819)"/>
   </you-usage>
   <you-usage nite:id="IS1008b.A.you.23" unsure="false">
      <nite:pointer role="type"  href="you-types.xml#id(you_11)"/>
      <nite:child href="IS1008b.A.words.xml#id(IS1008b.A.words833)"/>
   </you-usage>
   <you-usage nite:id="IS1008b.A.you.24" unsure="false">
      <nite:pointer role="type"  href="you-types.xml#id(you_11)"/>
      <nite:child href="IS1008b.A.words.xml#id(IS1008b.A.words854)"/>
   </you-usage>
   <you-usage nite:id="IS1008b.A.you.25" unsure="false">
      <nite:pointer role="type"  href="you-types.xml#id(you_11)"/>
      <nite:child href="IS1008b.A.words.xml#id(IS1008b.A.words863)"/>
   </you-usage>
   <you-usage nite:id="IS1008b.A.you.26" unsure="false">
      <nite:pointer role="type"  href="you-types.xml#id(you_11)"/>
      <nite:child href="IS1008b.A.words.xml#id(IS1008b.A.words865)"/>
   </you-usage>
   <you-usage nite:id="IS1008b.A.you.27" unsure="false">
      <nite:pointer role="type"  href="you-types.xml#id(you_11)"/>
      <nite:child href="IS1008b.A.words.xml#id(IS1008b.A.words874)"/>
   </you-usage>
   <you-usage nite:id="IS1008b.A.you.28" unsure="false">
      <nite:pointer role="type"  href="you-types.xml#id(you_11)"/>
      <nite:child href="IS1008b.A.words.xml#id(IS1008b.A.words905)"/>
   </you-usage>
   <you-usage nite:id="IS1008b.A.you.29" unsure="false">
      <nite:pointer role="type"  href="you-types.xml#id(you_11)"/>
      <nite:child href="IS1008b.A.words.xml#id(IS1008b.A.words913)"/>
   </you-usage>
   <you-usage nite:id="IS1008b.A.you.30" unsure="false">
      <nite:pointer role="type"  href="you-types.xml#id(you_11)"/>
      <nite:child href="IS1008b.A.words.xml#id(IS1008b.A.words942)"/>
   </you-usage>
   <you-usage nite:id="IS1008b.A.you.31" unsure="false">
      <nite:pointer role="type"  href="you-types.xml#id(you_11)"/>
      <nite:child href="IS1008b.A.words.xml#id(IS1008b.A.words967)"/>
   </you-usage>
   <you-usage nite:id="IS1008b.A.you.32" unsure="false">
      <nite:pointer role="type"  href="you-types.xml#id(you_11)"/>
      <nite:child href="IS1008b.A.words.xml#id(IS1008b.A.words990)"/>
   </you-usage>
   <you-usage nite:id="IS1008b.A.you.33" unsure="false">
      <nite:pointer role="type"  href="you-types.xml#id(you_11)"/>
      <nite:child href="IS1008b.A.words.xml#id(IS1008b.A.words1008)"/>
   </you-usage>
   <you-usage nite:id="IS1008b.A.you.34" unsure="false">
      <nite:pointer role="type"  href="you-types.xml#id(you_11)"/>
      <nite:child href="IS1008b.A.words.xml#id(IS1008b.A.words1024)"/>
   </you-usage>
   <you-usage nite:id="IS1008b.A.you.35" unsure="false">
      <nite:pointer role="type"  href="you-types.xml#id(you_11)"/>
      <nite:child href="IS1008b.A.words.xml#id(IS1008b.A.words1055)"/>
   </you-usage>
   <you-usage nite:id="IS1008b.A.you.36" unsure="false">
      <nite:pointer role="type"  href="you-types.xml#id(you_11)"/>
      <nite:child href="IS1008b.A.words.xml#id(IS1008b.A.words1085)"/>
   </you-usage>
   <you-usage nite:id="IS1008b.A.you.37" unsure="false">
      <nite:pointer role="type"  href="you-types.xml#id(you_11)"/>
      <nite:child href="IS1008b.A.words.xml#id(IS1008b.A.words1098)"/>
   </you-usage>
   <you-usage nite:id="IS1008b.A.you.38" unsure="false">
      <nite:pointer role="type"  href="you-types.xml#id(you_11)"/>
      <nite:child href="IS1008b.A.words.xml#id(IS1008b.A.words1102)"/>
   </you-usage>
   <you-usage nite:id="IS1008b.A.you.39" unsure="false">
      <nite:pointer role="type"  href="you-types.xml#id(you_11)"/>
      <nite:child href="IS1008b.A.words.xml#id(IS1008b.A.words1107)"/>
   </you-usage>
   <you-usage nite:id="IS1008b.A.you.40" unsure="false">
      <nite:pointer role="type"  href="you-types.xml#id(you_2)"/>
      <nite:child href="IS1008b.A.words.xml#id(IS1008b.A.words1133)"/>
   </you-usage>
   <you-usage nite:id="IS1008b.A.you.41" unsure="false">
      <nite:pointer role="type"  href="you-types.xml#id(you_2)"/>
      <nite:child href="IS1008b.A.words.xml#id(IS1008b.A.words1167)"/>
   </you-usage>
   <you-usage nite:id="IS1008b.A.you.42" unsure="false">
      <nite:pointer role="type"  href="you-types.xml#id(you_11)"/>
      <nite:child href="IS1008b.A.words.xml#id(IS1008b.A.words1260)"/>
   </you-usage>
   <you-usage nite:id="IS1008b.A.you.43" unsure="false">
      <nite:pointer role="type"  href="you-types.xml#id(you_11)"/>
      <nite:child href="IS1008b.A.words.xml#id(IS1008b.A.words1271)"/>
   </you-usage>
   <you-usage nite:id="IS1008b.A.you.44" unsure="false">
      <nite:pointer role="type"  href="you-types.xml#id(you_11)"/>
      <nite:child href="IS1008b.A.words.xml#id(IS1008b.A.words1273)"/>
   </you-usage>
   <you-usage nite:id="IS1008b.A.you.45" unsure="false">
      <nite:pointer role="type"  href="you-types.xml#id(you_11)"/>
      <nite:child href="IS1008b.A.words.xml#id(IS1008b.A.words1280)"/>
   </you-usage>
   <you-usage nite:id="IS1008b.A.you.46" unsure="false">
      <nite:pointer role="type"  href="you-types.xml#id(you_11)"/>
      <nite:child href="IS1008b.A.words.xml#id(IS1008b.A.words1285)"/>
   </you-usage>
   <you-usage nite:id="IS1008b.A.you.47" unsure="true">
      <nite:pointer role="type"  href="you-types.xml#id(you_11)"/>
      <nite:child href="IS1008b.A.words.xml#id(IS1008b.A.words1305)"/>
   </you-usage>
   <you-usage nite:id="IS1008b.A.you.48" unsure="true">
      <nite:pointer role="type"  href="you-types.xml#id(you_11)"/>
      <nite:child href="IS1008b.A.words.xml#id(IS1008b.A.words1316)"/>
   </you-usage>
   <you-usage nite:id="IS1008b.A.you.49" unsure="false">
      <nite:pointer role="type"  href="you-types.xml#id(you_11)"/>
      <nite:child href="IS1008b.A.words.xml#id(IS1008b.A.words1337)"/>
   </you-usage>
   <you-usage nite:id="IS1008b.A.you.50" unsure="false">
      <nite:pointer role="type"  href="you-types.xml#id(you_11)"/>
      <nite:child href="IS1008b.A.words.xml#id(IS1008b.A.words1345)"/>
   </you-usage>
   <you-usage nite:id="IS1008b.A.you.51" unsure="false">
      <nite:pointer role="type"  href="you-types.xml#id(you_11)"/>
      <nite:child href="IS1008b.A.words.xml#id(IS1008b.A.words1375)"/>
   </you-usage>
   <you-usage nite:id="IS1008b.A.you.52" unsure="false">
      <nite:pointer role="type"  href="you-types.xml#id(you_11)"/>
      <nite:child href="IS1008b.A.words.xml#id(IS1008b.A.words1437)"/>
   </you-usage>
   <you-usage nite:id="IS1008b.A.you.53" unsure="false">
      <nite:pointer role="type"  href="you-types.xml#id(you_11)"/>
      <nite:child href="IS1008b.A.words.xml#id(IS1008b.A.words1449)"/>
   </you-usage>
   <you-usage nite:id="IS1008b.A.you.54" unsure="false">
      <nite:pointer role="type"  href="you-types.xml#id(you_12)"/>
      <nite:child href="IS1008b.A.words.xml#id(IS1008b.A.words1503)"/>
   </you-usage>
   <you-usage nite:id="IS1008b.A.you.55" unsure="false">
      <nite:pointer role="type"  href="you-types.xml#id(you_12)"/>
      <nite:child href="IS1008b.A.words.xml#id(IS1008b.A.words1563)"/>
   </you-usage>
   <you-usage nite:id="IS1008b.A.you.56" unsure="false">
      <nite:pointer role="type"  href="you-types.xml#id(you_12)"/>
      <nite:child href="IS1008b.A.words.xml#id(IS1008b.A.words1572)"/>
   </you-usage>
   <you-usage nite:id="IS1008b.A.you.57" unsure="false">
      <nite:pointer role="type"  href="you-types.xml#id(you_12)"/>
      <nite:child href="IS1008b.A.words.xml#id(IS1008b.A.words1596)"/>
   </you-usage>
</nite:root>