<?xml version="1.0" encoding="ISO-8859-1" standalone="yes"?>
<nite:root nite:id="IS1006b.A.you" xmlns:nite="http://nite.sourceforge.net/">
   <you-usage nite:id="IS1006b.A.you.1" unsure="false">
      <nite:pointer role="type"  href="you-types.xml#id(you_12)"/>
      <nite:child href="IS1006b.A.words.xml#id(IS1006b.A.words3)"/>
   </you-usage>
   <you-usage nite:id="IS1006b.A.you.2" unsure="false">
      <nite:pointer role="type"  href="you-types.xml#id(you_12)"/>
      <nite:child href="IS1006b.A.words.xml#id(IS1006b.A.words19)"/>
   </you-usage>
   <you-usage nite:id="IS1006b.A.you.3" unsure="false">
      <nite:pointer role="type"  href="you-types.xml#id(you_12)"/>
      <nite:child href="IS1006b.A.words.xml#id(IS1006b.A.words21)"/>
   </you-usage>
   <you-usage nite:id="IS1006b.A.you.4" unsure="false">
      <nite:pointer role="type"  href="you-types.xml#id(you_11)"/>
      <nite:child href="IS1006b.A.words.xml#id(IS1006b.A.words227)"/>
   </you-usage>
   <you-usage nite:id="IS1006b.A.you.5" unsure="true">
      <nite:pointer role="type"  href="you-types.xml#id(you_11)"/>
      <nite:child href="IS1006b.A.words.xml#id(IS1006b.A.words285)"/>
   </you-usage>
   <you-usage nite:id="IS1006b.A.you.6" unsure="false">
      <nite:pointer role="type"  href="you-types.xml#id(you_2)"/>
      <nite:child href="IS1006b.A.words.xml#id(IS1006b.A.words315)"/>
   </you-usage>
   <you-usage nite:id="IS1006b.A.you.7" unsure="false">
      <nite:pointer role="type"  href="you-types.xml#id(you_11)"/>
      <nite:child href="IS1006b.A.words.xml#id(IS1006b.A.words331)"/>
   </you-usage>
   <you-usage nite:id="IS1006b.A.you.8" unsure="false">
      <nite:pointer role="type"  href="you-types.xml#id(you_2)"/>
      <nite:child href="IS1006b.A.words.xml#id(IS1006b.A.words447)"/>
   </you-usage>
   <you-usage nite:id="IS1006b.A.you.9" unsure="false">
      <nite:pointer role="type"  href="you-types.xml#id(you_11)"/>
      <nite:child href="IS1006b.A.words.xml#id(IS1006b.A.words467)"/>
   </you-usage>
   <you-usage nite:id="IS1006b.A.you.10" unsure="false">
      <nite:pointer role="type"  href="you-types.xml#id(you_11)"/>
      <nite:child href="IS1006b.A.words.xml#id(IS1006b.A.words485)"/>
   </you-usage>
   <you-usage nite:id="IS1006b.A.you.11" unsure="false">
      <nite:pointer role="type"  href="you-types.xml#id(you_11)"/>
      <nite:child href="IS1006b.A.words.xml#id(IS1006b.A.words524)"/>
   </you-usage>
   <you-usage nite:id="IS1006b.A.you.12" unsure="false">
      <nite:pointer role="type"  href="you-types.xml#id(you_11)"/>
      <nite:child href="IS1006b.A.words.xml#id(IS1006b.A.words527)"/>
   </you-usage>
   <you-usage nite:id="IS1006b.A.you.13" unsure="false">
      <nite:pointer role="type"  href="you-types.xml#id(you_2)"/>
      <nite:child href="IS1006b.A.words.xml#id(IS1006b.A.words667)"/>
   </you-usage>
   <you-usage nite:id="IS1006b.A.you.14" unsure="false">
      <nite:pointer role="type"  href="you-types.xml#id(you_11)"/>
      <nite:child href="IS1006b.A.words.xml#id(IS1006b.A.words677)"/>
   </you-usage>
   <you-usage nite:id="IS1006b.A.you.15" unsure="false">
      <nite:pointer role="type"  href="you-types.xml#id(you_11)"/>
      <nite:child href="IS1006b.A.words.xml#id(IS1006b.A.words772)"/>
   </you-usage>
   <you-usage nite:id="IS1006b.A.you.16" unsure="false">
      <nite:pointer role="type"  href="you-types.xml#id(you_12)"/>
      <nite:child href="IS1006b.A.words.xml#id(IS1006b.A.words822)"/>
   </you-usage>
   <you-usage nite:id="IS1006b.A.you.17" unsure="false">
      <nite:pointer role="type"  href="you-types.xml#id(you_12)"/>
      <nite:child href="IS1006b.A.words.xml#id(IS1006b.A.words824)"/>
   </you-usage>
   <you-usage nite:id="IS1006b.A.you.18" unsure="false">
      <nite:pointer role="type"  href="you-types.xml#id(you_11)"/>
      <nite:child href="IS1006b.A.words.xml#id(IS1006b.A.words897)"/>
   </you-usage>
   <you-usage nite:id="IS1006b.A.you.19" unsure="false">
      <nite:pointer role="type"  href="you-types.xml#id(you_2)"/>
      <nite:child href="IS1006b.A.words.xml#id(IS1006b.A.words908)"/>
   </you-usage>
</nite:root>