<?xml version="1.0" encoding="ISO-8859-1" standalone="yes"?>
<nite:root nite:id="IS1006b.C.you" xmlns:nite="http://nite.sourceforge.net/">
   <you-usage nite:id="IS1006b.C.you.1" unsure="false">
      <nite:pointer role="type"  href="you-types.xml#id(you_2)"/>
      <nite:child href="IS1006b.C.words.xml#id(IS1006b.C.words34)"/>
   </you-usage>
   <you-usage nite:id="IS1006b.C.you.2" unsure="false">
      <nite:pointer role="type"  href="you-types.xml#id(you_2)"/>
      <nite:child href="IS1006b.C.words.xml#id(IS1006b.C.words37)"/>
   </you-usage>
   <you-usage nite:id="IS1006b.C.you.3" unsure="false">
      <nite:pointer role="type"  href="you-types.xml#id(you_11)"/>
      <nite:child href="IS1006b.C.words.xml#id(IS1006b.C.words100)"/>
   </you-usage>
   <you-usage nite:id="IS1006b.C.you.4" unsure="false">
      <nite:pointer role="type"  href="you-types.xml#id(you_11)"/>
      <nite:child href="IS1006b.C.words.xml#id(IS1006b.C.words111)"/>
   </you-usage>
   <you-usage nite:id="IS1006b.C.you.5" unsure="false">
      <nite:pointer role="type"  href="you-types.xml#id(you_12)"/>
      <nite:child href="IS1006b.C.words.xml#id(IS1006b.C.words157)"/>
   </you-usage>
   <you-usage nite:id="IS1006b.C.you.6" unsure="false">
      <nite:pointer role="type"  href="you-types.xml#id(you_2)"/>
      <nite:child href="IS1006b.C.words.xml#id(IS1006b.C.words201)"/>
   </you-usage>
   <you-usage nite:id="IS1006b.C.you.7" unsure="false">
      <nite:pointer role="type"  href="you-types.xml#id(you_2)"/>
      <nite:child href="IS1006b.C.words.xml#id(IS1006b.C.words205)"/>
   </you-usage>
   <you-usage nite:id="IS1006b.C.you.8" unsure="true">
      <nite:pointer role="type"  href="you-types.xml#id(you_11)"/>
      <nite:child href="IS1006b.C.words.xml#id(IS1006b.C.words295)"/>
   </you-usage>
   <you-usage nite:id="IS1006b.C.you.9" unsure="false">
      <nite:pointer role="type"  href="you-types.xml#id(you_12)"/>
      <nite:child href="IS1006b.C.words.xml#id(IS1006b.C.words333)"/>
   </you-usage>
   <you-usage nite:id="IS1006b.C.you.10" unsure="false">
      <nite:pointer role="type"  href="you-types.xml#id(you_12)"/>
      <nite:child href="IS1006b.C.words.xml#id(IS1006b.C.words384)"/>
   </you-usage>
   <you-usage nite:id="IS1006b.C.you.11" unsure="false">
      <nite:pointer role="type"  href="you-types.xml#id(you_3)"/>
      <nite:child href="IS1006b.C.words.xml#id(IS1006b.C.words599)"/>
   </you-usage>
   <you-usage nite:id="IS1006b.C.you.12" unsure="false">
      <nite:pointer role="type"  href="you-types.xml#id(you_12)"/>
      <nite:child href="IS1006b.C.words.xml#id(IS1006b.C.words848)"/>
   </you-usage>
   <you-usage nite:id="IS1006b.C.you.13" unsure="false">
      <nite:pointer role="type"  href="you-types.xml#id(you_2)"/>
      <nite:child href="IS1006b.C.words.xml#id(IS1006b.C.words924)"/>
   </you-usage>
   <you-usage nite:id="IS1006b.C.you.14" unsure="false">
      <nite:pointer role="type"  href="you-types.xml#id(you_2)"/>
      <nite:child href="IS1006b.C.words.xml#id(IS1006b.C.words974)"/>
   </you-usage>
   <you-usage nite:id="IS1006b.C.you.15" unsure="false">
      <nite:pointer role="type"  href="you-types.xml#id(you_2)"/>
      <nite:child href="IS1006b.C.words.xml#id(IS1006b.C.words997)"/>
   </you-usage>
   <you-usage nite:id="IS1006b.C.you.16" unsure="false">
      <nite:pointer role="type"  href="you-types.xml#id(you_2)"/>
      <nite:child href="IS1006b.C.words.xml#id(IS1006b.C.words1008)"/>
   </you-usage>
   <you-usage nite:id="IS1006b.C.you.17" unsure="false">
      <nite:pointer role="type"  href="you-types.xml#id(you_2)"/>
      <nite:child href="IS1006b.C.words.xml#id(IS1006b.C.words1433)"/>
   </you-usage>
   <you-usage nite:id="IS1006b.C.you.18" unsure="false">
      <nite:pointer role="type"  href="you-types.xml#id(you_2)"/>
      <nite:child href="IS1006b.C.words.xml#id(IS1006b.C.words1439)"/>
   </you-usage>
   <you-usage nite:id="IS1006b.C.you.19" unsure="false">
      <nite:pointer role="type"  href="you-types.xml#id(you_12)"/>
      <nite:child href="IS1006b.C.words.xml#id(IS1006b.C.words1514)"/>
   </you-usage>
   <you-usage nite:id="IS1006b.C.you.20" unsure="false">
      <nite:pointer role="type"  href="you-types.xml#id(you_12)"/>
      <nite:child href="IS1006b.C.words.xml#id(IS1006b.C.words1519)"/>
   </you-usage>
   <you-usage nite:id="IS1006b.C.you.21" unsure="false">
      <nite:pointer role="type"  href="you-types.xml#id(you_11)"/>
      <nite:child href="IS1006b.C.words.xml#id(IS1006b.C.words1522)"/>
   </you-usage>
   <you-usage nite:id="IS1006b.C.you.22" unsure="false">
      <nite:pointer role="type"  href="you-types.xml#id(you_12)"/>
      <nite:child href="IS1006b.C.words.xml#id(IS1006b.C.words1619)"/>
   </you-usage>
   <you-usage nite:id="IS1006b.C.you.23" unsure="false">
      <nite:pointer role="type"  href="you-types.xml#id(you_12)"/>
      <nite:child href="IS1006b.C.words.xml#id(IS1006b.C.words1622)"/>
   </you-usage>
</nite:root>