<?xml version="1.0" encoding="ISO-8859-1" standalone="yes"?>
<nite:root nite:id="IS1001b.A.you" xmlns:nite="http://nite.sourceforge.net/">
   <you-usage nite:id="IS1001b.A.you.1" unsure="false">
      <nite:pointer role="type"  href="you-types.xml#id(you_12)"/>
      <nite:child href="IS1001b.A.words.xml#id(IS1001b.A.words64)"/>
   </you-usage>
   <you-usage nite:id="IS1001b.A.you.2" unsure="false">
      <nite:pointer role="type"  href="you-types.xml#id(you_12)"/>
      <nite:child href="IS1001b.A.words.xml#id(IS1001b.A.words76)"/>
   </you-usage>
   <you-usage nite:id="IS1001b.A.you.3" unsure="false">
      <nite:pointer role="type"  href="you-types.xml#id(you_12)"/>
      <nite:child href="IS1001b.A.words.xml#id(IS1001b.A.words108)"/>
   </you-usage>
   <you-usage nite:id="IS1001b.A.you.4" unsure="false">
      <nite:pointer role="type"  href="you-types.xml#id(you_12)"/>
      <nite:child href="IS1001b.A.words.xml#id(IS1001b.A.words141)"/>
   </you-usage>
   <you-usage nite:id="IS1001b.A.you.5" unsure="false">
      <nite:pointer role="type"  href="you-types.xml#id(you_11)"/>
      <nite:child href="IS1001b.A.words.xml#id(IS1001b.A.words173)"/>
   </you-usage>
   <you-usage nite:id="IS1001b.A.you.6" unsure="false">
      <nite:pointer role="type"  href="you-types.xml#id(you_11)"/>
      <nite:child href="IS1001b.A.words.xml#id(IS1001b.A.words178)"/>
   </you-usage>
   <you-usage nite:id="IS1001b.A.you.7" unsure="false">
      <nite:pointer role="type"  href="you-types.xml#id(you_11)"/>
      <nite:child href="IS1001b.A.words.xml#id(IS1001b.A.words192)"/>
   </you-usage>
   <you-usage nite:id="IS1001b.A.you.8" unsure="false">
      <nite:pointer role="type"  href="you-types.xml#id(you_11)"/>
      <nite:child href="IS1001b.A.words.xml#id(IS1001b.A.words207)"/>
   </you-usage>
   <you-usage nite:id="IS1001b.A.you.9" unsure="false">
      <nite:pointer role="type"  href="you-types.xml#id(you_11)"/>
      <nite:child href="IS1001b.A.words.xml#id(IS1001b.A.words214)"/>
   </you-usage>
   <you-usage nite:id="IS1001b.A.you.10" unsure="false">
      <nite:pointer role="type"  href="you-types.xml#id(you_11)"/>
      <nite:child href="IS1001b.A.words.xml#id(IS1001b.A.words232)"/>
   </you-usage>
   <you-usage nite:id="IS1001b.A.you.11" unsure="false">
      <nite:pointer role="type"  href="you-types.xml#id(you_11)"/>
      <nite:child href="IS1001b.A.words.xml#id(IS1001b.A.words293)"/>
   </you-usage>
   <you-usage nite:id="IS1001b.A.you.12" unsure="false">
      <nite:pointer role="type"  href="you-types.xml#id(you_11)"/>
      <nite:child href="IS1001b.A.words.xml#id(IS1001b.A.words307)"/>
   </you-usage>
   <you-usage nite:id="IS1001b.A.you.13" unsure="false">
      <nite:pointer role="type"  href="you-types.xml#id(you_11)"/>
      <nite:child href="IS1001b.A.words.xml#id(IS1001b.A.words335)"/>
   </you-usage>
   <you-usage nite:id="IS1001b.A.you.14" unsure="false">
      <nite:pointer role="type"  href="you-types.xml#id(you_11)"/>
      <nite:child href="IS1001b.A.words.xml#id(IS1001b.A.words355)"/>
   </you-usage>
   <you-usage nite:id="IS1001b.A.you.15" unsure="false">
      <nite:pointer role="type"  href="you-types.xml#id(you_11)"/>
      <nite:child href="IS1001b.A.words.xml#id(IS1001b.A.words387)"/>
   </you-usage>
   <you-usage nite:id="IS1001b.A.you.16" unsure="false">
      <nite:pointer role="type"  href="you-types.xml#id(you_11)"/>
      <nite:child href="IS1001b.A.words.xml#id(IS1001b.A.words408)"/>
   </you-usage>
   <you-usage nite:id="IS1001b.A.you.17" unsure="false">
      <nite:pointer role="type"  href="you-types.xml#id(you_11)"/>
      <nite:child href="IS1001b.A.words.xml#id(IS1001b.A.words411)"/>
   </you-usage>
   <you-usage nite:id="IS1001b.A.you.18" unsure="false">
      <nite:pointer role="type"  href="you-types.xml#id(you_2)"/>
      <nite:child href="IS1001b.A.words.xml#id(IS1001b.A.words529)"/>
   </you-usage>
   <you-usage nite:id="IS1001b.A.you.19" unsure="false">
      <nite:pointer role="type"  href="you-types.xml#id(you_11)"/>
      <nite:child href="IS1001b.A.words.xml#id(IS1001b.A.words543)"/>
   </you-usage>
   <you-usage nite:id="IS1001b.A.you.20" unsure="false">
      <nite:pointer role="type"  href="you-types.xml#id(you_11)"/>
      <nite:child href="IS1001b.A.words.xml#id(IS1001b.A.words792)"/>
   </you-usage>
   <you-usage nite:id="IS1001b.A.you.21" unsure="false">
      <nite:pointer role="type"  href="you-types.xml#id(you_11)"/>
      <nite:child href="IS1001b.A.words.xml#id(IS1001b.A.words800)"/>
   </you-usage>
   <you-usage nite:id="IS1001b.A.you.22" unsure="false">
      <nite:pointer role="type"  href="you-types.xml#id(you_11)"/>
      <nite:child href="IS1001b.A.words.xml#id(IS1001b.A.words807)"/>
   </you-usage>
   <you-usage nite:id="IS1001b.A.you.23" unsure="false">
      <nite:pointer role="type"  href="you-types.xml#id(you_11)"/>
      <nite:child href="IS1001b.A.words.xml#id(IS1001b.A.words823)"/>
   </you-usage>
   <you-usage nite:id="IS1001b.A.you.24" unsure="false">
      <nite:pointer role="type"  href="you-types.xml#id(you_11)"/>
      <nite:child href="IS1001b.A.words.xml#id(IS1001b.A.words860)"/>
   </you-usage>
   <you-usage nite:id="IS1001b.A.you.25" unsure="false">
      <nite:pointer role="type"  href="you-types.xml#id(you_11)"/>
      <nite:child href="IS1001b.A.words.xml#id(IS1001b.A.words862)"/>
   </you-usage>
   <you-usage nite:id="IS1001b.A.you.26" unsure="false">
      <nite:pointer role="type"  href="you-types.xml#id(you_11)"/>
      <nite:child href="IS1001b.A.words.xml#id(IS1001b.A.words876)"/>
   </you-usage>
   <you-usage nite:id="IS1001b.A.you.27" unsure="false">
      <nite:pointer role="type"  href="you-types.xml#id(you_11)"/>
      <nite:child href="IS1001b.A.words.xml#id(IS1001b.A.words1028)"/>
   </you-usage>
   <you-usage nite:id="IS1001b.A.you.28" unsure="false">
      <nite:pointer role="type"  href="you-types.xml#id(you_11)"/>
      <nite:child href="IS1001b.A.words.xml#id(IS1001b.A.words1031)"/>
   </you-usage>
   <you-usage nite:id="IS1001b.A.you.29" unsure="false">
      <nite:pointer role="type"  href="you-types.xml#id(you_2)"/>
      <nite:child href="IS1001b.A.words.xml#id(IS1001b.A.words1260)"/>
   </you-usage>
   <you-usage nite:id="IS1001b.A.you.30" unsure="false">
      <nite:pointer role="type"  href="you-types.xml#id(you_2)"/>
      <nite:child href="IS1001b.A.words.xml#id(IS1001b.A.words1264)"/>
   </you-usage>
   <you-usage nite:id="IS1001b.A.you.31" unsure="true">
      <nite:pointer role="type"  href="you-types.xml#id(you_11)"/>
      <nite:child href="IS1001b.A.words.xml#id(IS1001b.A.words1495)"/>
   </you-usage>
   <you-usage nite:id="IS1001b.A.you.32" unsure="false">
      <nite:pointer role="type"  href="you-types.xml#id(you_12)"/>
      <nite:child href="IS1001b.A.words.xml#id(IS1001b.A.words1590)"/>
   </you-usage>
   <you-usage nite:id="IS1001b.A.you.33" unsure="false">
      <nite:pointer role="type"  href="you-types.xml#id(you_2)"/>
      <nite:child href="IS1001b.A.words.xml#id(IS1001b.A.words1697)"/>
   </you-usage>
   <you-usage nite:id="IS1001b.A.you.34" unsure="false">
      <nite:pointer role="type"  href="you-types.xml#id(you_2)"/>
      <nite:child href="IS1001b.A.words.xml#id(IS1001b.A.words1698)"/>
   </you-usage>
   <you-usage nite:id="IS1001b.A.you.35" unsure="false">
      <nite:pointer role="type"  href="you-types.xml#id(you_2)"/>
      <nite:child href="IS1001b.A.words.xml#id(IS1001b.A.words1737)"/>
   </you-usage>
   <you-usage nite:id="IS1001b.A.you.36" unsure="false">
      <nite:pointer role="type"  href="you-types.xml#id(you_2)"/>
      <nite:child href="IS1001b.A.words.xml#id(IS1001b.A.words1746)"/>
   </you-usage>
   <you-usage nite:id="IS1001b.A.you.37" unsure="false">
      <nite:pointer role="type"  href="you-types.xml#id(you_2)"/>
      <nite:child href="IS1001b.A.words.xml#id(IS1001b.A.words1748)"/>
   </you-usage>
   <you-usage nite:id="IS1001b.A.you.38" unsure="false">
      <nite:pointer role="type"  href="you-types.xml#id(you_2)"/>
      <nite:child href="IS1001b.A.words.xml#id(IS1001b.A.words1753)"/>
   </you-usage>
   <you-usage nite:id="IS1001b.A.you.39" unsure="false">
      <nite:pointer role="type"  href="you-types.xml#id(you_2)"/>
      <nite:child href="IS1001b.A.words.xml#id(IS1001b.A.words1849)"/>
   </you-usage>
   <you-usage nite:id="IS1001b.A.you.40" unsure="false">
      <nite:pointer role="type"  href="you-types.xml#id(you_12)"/>
      <nite:child href="IS1001b.A.words.xml#id(IS1001b.A.words1948)"/>
   </you-usage>
   <you-usage nite:id="IS1001b.A.you.41" unsure="false">
      <nite:pointer role="type"  href="you-types.xml#id(you_12)"/>
      <nite:child href="IS1001b.A.words.xml#id(IS1001b.A.words2032)"/>
   </you-usage>
   <you-usage nite:id="IS1001b.A.you.42" unsure="false">
      <nite:pointer role="type"  href="you-types.xml#id(you_12)"/>
      <nite:child href="IS1001b.A.words.xml#id(IS1001b.A.words2038)"/>
   </you-usage>
   <you-usage nite:id="IS1001b.A.you.43" unsure="false">
      <nite:pointer role="type"  href="you-types.xml#id(you_12)"/>
      <nite:child href="IS1001b.A.words.xml#id(IS1001b.A.words2052)"/>
   </you-usage>
   <you-usage nite:id="IS1001b.A.you.44" unsure="false">
      <nite:pointer role="type"  href="you-types.xml#id(you_12)"/>
      <nite:child href="IS1001b.A.words.xml#id(IS1001b.A.words2057)"/>
   </you-usage>
   <you-usage nite:id="IS1001b.A.you.45" unsure="false">
      <nite:pointer role="type"  href="you-types.xml#id(you_12)"/>
      <nite:child href="IS1001b.A.words.xml#id(IS1001b.A.words2060)"/>
   </you-usage>
   <you-usage nite:id="IS1001b.A.you.46" unsure="false">
      <nite:pointer role="type"  href="you-types.xml#id(you_12)"/>
      <nite:child href="IS1001b.A.words.xml#id(IS1001b.A.words2072)"/>
   </you-usage>
   <you-usage nite:id="IS1001b.A.you.47" unsure="false">
      <nite:pointer role="type"  href="you-types.xml#id(you_12)"/>
      <nite:child href="IS1001b.A.words.xml#id(IS1001b.A.words2075)"/>
   </you-usage>
   <you-usage nite:id="IS1001b.A.you.48" unsure="false">
      <nite:pointer role="type"  href="you-types.xml#id(you_12)"/>
      <nite:child href="IS1001b.A.words.xml#id(IS1001b.A.words2095)"/>
   </you-usage>
   <you-usage nite:id="IS1001b.A.you.49" unsure="false">
      <nite:pointer role="type"  href="you-types.xml#id(you_12)"/>
      <nite:child href="IS1001b.A.words.xml#id(IS1001b.A.words2103)"/>
   </you-usage>
   <you-usage nite:id="IS1001b.A.you.50" unsure="false">
      <nite:pointer role="type"  href="you-types.xml#id(you_12)"/>
      <nite:child href="IS1001b.A.words.xml#id(IS1001b.A.words2106)"/>
   </you-usage>
   <you-usage nite:id="IS1001b.A.you.51" unsure="false">
      <nite:pointer role="type"  href="you-types.xml#id(you_12)"/>
      <nite:child href="IS1001b.A.words.xml#id(IS1001b.A.words2139)"/>
   </you-usage>
   <you-usage nite:id="IS1001b.A.you.52" unsure="false">
      <nite:pointer role="type"  href="you-types.xml#id(you_12)"/>
      <nite:child href="IS1001b.A.words.xml#id(IS1001b.A.words2221)"/>
   </you-usage>
</nite:root>