<?xml version="1.0" encoding="ISO-8859-1" standalone="yes"?>
<nite:root nite:id="IS1008b.B.you" xmlns:nite="http://nite.sourceforge.net/">
   <you-usage nite:id="IS1008b.B.you.1" unsure="false">
      <nite:pointer role="type"  href="you-types.xml#id(you_11)"/>
      <nite:child href="IS1008b.B.words.xml#id(IS1008b.B.words3)"/>
   </you-usage>
   <you-usage nite:id="IS1008b.B.you.2" unsure="false">
      <nite:pointer role="type"  href="you-types.xml#id(you_2)"/>
      <nite:child href="IS1008b.B.words.xml#id(IS1008b.B.words70)"/>
   </you-usage>
   <you-usage nite:id="IS1008b.B.you.3" unsure="false">
      <nite:pointer role="type"  href="you-types.xml#id(you_2)"/>
      <nite:child href="IS1008b.B.words.xml#id(IS1008b.B.words77)"/>
   </you-usage>
   <you-usage nite:id="IS1008b.B.you.4" unsure="false">
      <nite:pointer role="type"  href="you-types.xml#id(you_2)"/>
      <nite:child href="IS1008b.B.words.xml#id(IS1008b.B.words89)"/>
   </you-usage>
   <you-usage nite:id="IS1008b.B.you.5" unsure="false">
      <nite:pointer role="type"  href="you-types.xml#id(you_2)"/>
      <nite:child href="IS1008b.B.words.xml#id(IS1008b.B.words280)"/>
   </you-usage>
   <you-usage nite:id="IS1008b.B.you.6" unsure="false">
      <nite:pointer role="type"  href="you-types.xml#id(you_2)"/>
      <nite:child href="IS1008b.B.words.xml#id(IS1008b.B.words305)"/>
   </you-usage>
   <you-usage nite:id="IS1008b.B.you.7" unsure="false">
      <nite:pointer role="type"  href="you-types.xml#id(you_2)"/>
      <nite:child href="IS1008b.B.words.xml#id(IS1008b.B.words373)"/>
   </you-usage>
   <you-usage nite:id="IS1008b.B.you.8" unsure="false">
      <nite:pointer role="type"  href="you-types.xml#id(you_2)"/>
      <nite:child href="IS1008b.B.words.xml#id(IS1008b.B.words453)"/>
   </you-usage>
   <you-usage nite:id="IS1008b.B.you.9" unsure="false">
      <nite:pointer role="type"  href="you-types.xml#id(you_2)"/>
      <nite:child href="IS1008b.B.words.xml#id(IS1008b.B.words456)"/>
   </you-usage>
   <you-usage nite:id="IS1008b.B.you.10" unsure="false">
      <nite:pointer role="type"  href="you-types.xml#id(you_2)"/>
      <nite:child href="IS1008b.B.words.xml#id(IS1008b.B.words472)"/>
   </you-usage>
   <you-usage nite:id="IS1008b.B.you.11" unsure="false">
      <nite:pointer role="type"  href="you-types.xml#id(you_2)"/>
      <nite:child href="IS1008b.B.words.xml#id(IS1008b.B.words532)"/>
   </you-usage>
   <you-usage nite:id="IS1008b.B.you.12" unsure="false">
      <nite:pointer role="type"  href="you-types.xml#id(you_2)"/>
      <nite:child href="IS1008b.B.words.xml#id(IS1008b.B.words616)"/>
   </you-usage>
   <you-usage nite:id="IS1008b.B.you.13" unsure="false">
      <nite:pointer role="type"  href="you-types.xml#id(you_2)"/>
      <nite:child href="IS1008b.B.words.xml#id(IS1008b.B.words629)"/>
   </you-usage>
   <you-usage nite:id="IS1008b.B.you.14" unsure="false">
      <nite:pointer role="type"  href="you-types.xml#id(you_2)"/>
      <nite:child href="IS1008b.B.words.xml#id(IS1008b.B.words641)"/>
   </you-usage>
   <you-usage nite:id="IS1008b.B.you.15" unsure="false">
      <nite:pointer role="type"  href="you-types.xml#id(you_2)"/>
      <nite:child href="IS1008b.B.words.xml#id(IS1008b.B.words657)"/>
   </you-usage>
   <you-usage nite:id="IS1008b.B.you.16" unsure="false">
      <nite:pointer role="type"  href="you-types.xml#id(you_3)"/>
      <nite:child href="IS1008b.B.words.xml#id(IS1008b.B.words699)"/>
   </you-usage>
   <you-usage nite:id="IS1008b.B.you.17" unsure="false">
      <nite:pointer role="type"  href="you-types.xml#id(you_2)"/>
      <nite:child href="IS1008b.B.words.xml#id(IS1008b.B.words718)"/>
   </you-usage>
   <you-usage nite:id="IS1008b.B.you.18" unsure="false">
      <nite:pointer role="type"  href="you-types.xml#id(you_2)"/>
      <nite:child href="IS1008b.B.words.xml#id(IS1008b.B.words734)"/>
   </you-usage>
   <you-usage nite:id="IS1008b.B.you.19" unsure="false">
      <nite:pointer role="type"  href="you-types.xml#id(you_2)"/>
      <nite:child href="IS1008b.B.words.xml#id(IS1008b.B.words773)"/>
   </you-usage>
   <you-usage nite:id="IS1008b.B.you.20" unsure="false">
      <nite:pointer role="type"  href="you-types.xml#id(you_11)"/>
      <nite:child href="IS1008b.B.words.xml#id(IS1008b.B.words874)"/>
   </you-usage>
   <you-usage nite:id="IS1008b.B.you.21" unsure="false">
      <nite:pointer role="type"  href="you-types.xml#id(you_11)"/>
      <nite:child href="IS1008b.B.words.xml#id(IS1008b.B.words880)"/>
   </you-usage>
   <you-usage nite:id="IS1008b.B.you.22" unsure="false">
      <nite:pointer role="type"  href="you-types.xml#id(you_3)"/>
      <nite:child href="IS1008b.B.words.xml#id(IS1008b.B.words905)"/>
   </you-usage>
   <you-usage nite:id="IS1008b.B.you.23" unsure="false">
      <nite:pointer role="type"  href="you-types.xml#id(you_2)"/>
      <nite:child href="IS1008b.B.words.xml#id(IS1008b.B.words1060)"/>
   </you-usage>
   <you-usage nite:id="IS1008b.B.you.24" unsure="false">
      <nite:pointer role="type"  href="you-types.xml#id(you_3)"/>
      <nite:child href="IS1008b.B.words.xml#id(IS1008b.B.words1071)"/>
   </you-usage>
   <you-usage nite:id="IS1008b.B.you.25" unsure="false">
      <nite:pointer role="type"  href="you-types.xml#id(you_3)"/>
      <nite:child href="IS1008b.B.words.xml#id(IS1008b.B.words1094)"/>
   </you-usage>
   <you-usage nite:id="IS1008b.B.you.26" unsure="false">
      <nite:pointer role="type"  href="you-types.xml#id(you_2)"/>
      <nite:child href="IS1008b.B.words.xml#id(IS1008b.B.words1114)"/>
   </you-usage>
   <you-usage nite:id="IS1008b.B.you.27" unsure="false">
      <nite:pointer role="type"  href="you-types.xml#id(you_11)"/>
      <nite:child href="IS1008b.B.words.xml#id(IS1008b.B.words1152)"/>
   </you-usage>
   <you-usage nite:id="IS1008b.B.you.28" unsure="false">
      <nite:pointer role="type"  href="you-types.xml#id(you_11)"/>
      <nite:child href="IS1008b.B.words.xml#id(IS1008b.B.words1178)"/>
   </you-usage>
   <you-usage nite:id="IS1008b.B.you.29" unsure="false">
      <nite:pointer role="type"  href="you-types.xml#id(you_11)"/>
      <nite:child href="IS1008b.B.words.xml#id(IS1008b.B.words1179)"/>
   </you-usage>
   <you-usage nite:id="IS1008b.B.you.30" unsure="false">
      <nite:pointer role="type"  href="you-types.xml#id(you_11)"/>
      <nite:child href="IS1008b.B.words.xml#id(IS1008b.B.words1194)"/>
   </you-usage>
   <you-usage nite:id="IS1008b.B.you.31" unsure="false">
      <nite:pointer role="type"  href="you-types.xml#id(you_3)"/>
      <nite:child href="IS1008b.B.words.xml#id(IS1008b.B.words1201)"/>
   </you-usage>
   <you-usage nite:id="IS1008b.B.you.32" unsure="false">
      <nite:pointer role="type"  href="you-types.xml#id(you_2)"/>
      <nite:child href="IS1008b.B.words.xml#id(IS1008b.B.words1254)"/>
   </you-usage>
   <you-usage nite:id="IS1008b.B.you.33" unsure="false">
      <nite:pointer role="type"  href="you-types.xml#id(you_11)"/>
      <nite:child href="IS1008b.B.words.xml#id(IS1008b.B.words1302)"/>
   </you-usage>
   <you-usage nite:id="IS1008b.B.you.34" unsure="false">
      <nite:pointer role="type"  href="you-types.xml#id(you_11)"/>
      <nite:child href="IS1008b.B.words.xml#id(IS1008b.B.words1324)"/>
   </you-usage>
   <you-usage nite:id="IS1008b.B.you.35" unsure="false">
      <nite:pointer role="type"  href="you-types.xml#id(you_11)"/>
      <nite:child href="IS1008b.B.words.xml#id(IS1008b.B.words1376)"/>
   </you-usage>
   <you-usage nite:id="IS1008b.B.you.36" unsure="false">
      <nite:pointer role="type"  href="you-types.xml#id(you_12)"/>
      <nite:child href="IS1008b.B.words.xml#id(IS1008b.B.words1428)"/>
   </you-usage>
   <you-usage nite:id="IS1008b.B.you.37" unsure="false">
      <nite:pointer role="type"  href="you-types.xml#id(you_12)"/>
      <nite:child href="IS1008b.B.words.xml#id(IS1008b.B.words1432)"/>
   </you-usage>
   <you-usage nite:id="IS1008b.B.you.38" unsure="false">
      <nite:pointer role="type"  href="you-types.xml#id(you_3)"/>
      <nite:child href="IS1008b.B.words.xml#id(IS1008b.B.words1471)"/>
   </you-usage>
   <you-usage nite:id="IS1008b.B.you.39" unsure="false">
      <nite:pointer role="type"  href="you-types.xml#id(you_12)"/>
      <nite:child href="IS1008b.B.words.xml#id(IS1008b.B.words1487)"/>
   </you-usage>
</nite:root>