<?xml version="1.0" encoding="ISO-8859-1" standalone="yes"?>
<nite:root nite:id="IS1003b.A.you" xmlns:nite="http://nite.sourceforge.net/">
   <you-usage nite:id="IS1003b.A.you.1" unsure="false">
      <nite:pointer role="type"  href="you-types.xml#id(you_2)"/>
      <nite:child href="IS1003b.A.words.xml#id(IS1003b.A.words147)"/>
   </you-usage>
   <you-usage nite:id="IS1003b.A.you.2" unsure="false">
      <nite:pointer role="type"  href="you-types.xml#id(you_11)"/>
      <nite:child href="IS1003b.A.words.xml#id(IS1003b.A.words220)"/>
   </you-usage>
   <you-usage nite:id="IS1003b.A.you.3" unsure="false">
      <nite:pointer role="type"  href="you-types.xml#id(you_11)"/>
      <nite:child href="IS1003b.A.words.xml#id(IS1003b.A.words265)"/>
   </you-usage>
   <you-usage nite:id="IS1003b.A.you.4" unsure="false">
      <nite:pointer role="type"  href="you-types.xml#id(you_11)"/>
      <nite:child href="IS1003b.A.words.xml#id(IS1003b.A.words381)"/>
   </you-usage>
   <you-usage nite:id="IS1003b.A.you.5" unsure="true">
      <nite:pointer role="type"  href="you-types.xml#id(you_11)"/>
      <nite:child href="IS1003b.A.words.xml#id(IS1003b.A.words453)"/>
   </you-usage>
   <you-usage nite:id="IS1003b.A.you.6" unsure="false">
      <nite:pointer role="type"  href="you-types.xml#id(you_3)"/>
      <nite:child href="IS1003b.A.words.xml#id(IS1003b.A.words512)"/>
   </you-usage>
   <you-usage nite:id="IS1003b.A.you.7" unsure="false">
      <nite:pointer role="type"  href="you-types.xml#id(you_11)"/>
      <nite:child href="IS1003b.A.words.xml#id(IS1003b.A.words551)"/>
   </you-usage>
   <you-usage nite:id="IS1003b.A.you.8" unsure="false">
      <nite:pointer role="type"  href="you-types.xml#id(you_11)"/>
      <nite:child href="IS1003b.A.words.xml#id(IS1003b.A.words560)"/>
   </you-usage>
   <you-usage nite:id="IS1003b.A.you.9" unsure="false">
      <nite:pointer role="type"  href="you-types.xml#id(you_2)"/>
      <nite:child href="IS1003b.A.words.xml#id(IS1003b.A.words646)"/>
   </you-usage>
   <you-usage nite:id="IS1003b.A.you.10" unsure="false">
      <nite:pointer role="type"  href="you-types.xml#id(you_2)"/>
      <nite:child href="IS1003b.A.words.xml#id(IS1003b.A.words660)"/>
   </you-usage>
</nite:root>