<?xml version="1.0" encoding="UTF-8"?>
<nite:root xmlns:nite="http://nite.sourceforge.net/" nite:id="Precision_ES2008b_D.nite:root.1">
    <hand endtime="136.52" starttime="0.0" type="no_comm_hand" nite:id="Precision_ES2008b_D.hand.1"/>
    <hand endtime="137.76" starttime="136.52" type="point_a_other_RH" nite:id="Precision_ES2008b_D.hand.2"/>
    <hand endtime="162.04" starttime="137.76" type="no_comm_hand" nite:id="Precision_ES2008b_D.hand.3"/>
    <hand endtime="162.84" starttime="162.04" type="comm_interact_a_RH" nite:id="Precision_ES2008b_D.hand.4"/>
    <hand endtime="514.96" starttime="162.84" type="no_comm_hand" nite:id="Precision_ES2008b_D.hand.5"/>
    <hand endtime="516.16" starttime="514.96" type="comm_interact_a_LH" nite:id="Precision_ES2008b_D.hand.6"/>
    <hand endtime="1633.24" starttime="516.16" type="no_comm_hand" nite:id="Precision_ES2008b_D.hand.7"/>
    <hand endtime="1646.48" starttime="1633.24" type="other_comm_hand_BH" nite:id="Precision_ES2008b_D.hand.8"/>
    <hand endtime="2101.0" starttime="1646.48" type="no_comm_hand" nite:id="Precision_ES2008b_D.hand.9"/>
</nite:root>
