<?xml version="1.0" encoding="UTF-8"?>
<nite:root xmlns:nite="http://nite.sourceforge.net/" nite:id="xsobol03_ES2002b_C.nite:root.1">
    <hand endtime="39.44" starttime="0.0" type="off_camera" nite:id="xsobol03_ES2002b_C.hand.1"/>
    <hand endtime="209.36" starttime="39.44" type="no_comm_hand" nite:id="xsobol03_ES2002b_C.hand.2"/>
    <hand endtime="210.2" starttime="209.36" type="other_comm_hand_BH" nite:id="xsobol03_ES2002b_C.hand.3"/>
    <hand endtime="218.76" starttime="210.2" type="no_comm_hand" nite:id="xsobol03_ES2002b_C.hand.4"/>
    <hand endtime="220.38" starttime="218.76" type="point_a_laptop_LH" nite:id="xsobol03_ES2002b_C.hand.5"/>
    <hand endtime="335.92" starttime="220.38" type="no_comm_hand" nite:id="xsobol03_ES2002b_C.hand.6"/>
    <hand endtime="337.0" starttime="335.92" type="point_a_slide_LH" nite:id="xsobol03_ES2002b_C.hand.7"/>
    <hand endtime="377.4" starttime="337.0" type="no_comm_hand" nite:id="xsobol03_ES2002b_C.hand.8"/>
    <hand endtime="379.0" starttime="377.4" type="other_comm_hand_BH" nite:id="xsobol03_ES2002b_C.hand.9"/>
    <hand endtime="480.88" starttime="379.0" type="no_comm_hand" nite:id="xsobol03_ES2002b_C.hand.10"/>
    <hand endtime="482.2" starttime="480.88" type="point_a_slide_LH" nite:id="xsobol03_ES2002b_C.hand.11"/>
    <hand endtime="652.52" starttime="482.2" type="no_comm_hand" nite:id="xsobol03_ES2002b_C.hand.12"/>
    <hand endtime="653.48" starttime="652.52" type="other_comm_hand_RH" nite:id="xsobol03_ES2002b_C.hand.13"/>
    <hand endtime="773.72" starttime="653.48" type="no_comm_hand" nite:id="xsobol03_ES2002b_C.hand.14"/>
    <hand endtime="775.32" starttime="773.72" type="point_a_laptop_LH" nite:id="xsobol03_ES2002b_C.hand.15"/>
    <hand endtime="2169.0" starttime="775.32" type="no_comm_hand" nite:id="xsobol03_ES2002b_C.hand.16"/>
    <hand endtime="2281.0" starttime="2169.0" type="off_camera" nite:id="xsobol03_ES2002b_C.hand.17"/>
</nite:root>
