<?xml version="1.0" encoding="UTF-8"?>
<nite:root xmlns:nite="http://nite.sourceforge.net/" nite:id="Tomas_ES2009c_A.nite:root.1">
    <hand endtime="0.0010" starttime="0.0" type="off_camera" nite:id="Tomas_ES2009c_A.hand.1"/>
    <hand endtime="98.72" starttime="0.0010" type="no_comm_hand" nite:id="Tomas_ES2009c_A.hand.2"/>
    <hand endtime="99.48" starttime="98.72" type="point_p_id_RH" nite:id="Tomas_ES2009c_A.hand.3"/>
    <hand endtime="403.6" starttime="99.48" type="no_comm_hand" nite:id="Tomas_ES2009c_A.hand.4"/>
    <hand endtime="404.52" starttime="403.6" type="point_p_me_LH" nite:id="Tomas_ES2009c_A.hand.5"/>
    <hand endtime="1448.24" starttime="404.52" type="no_comm_hand" nite:id="Tomas_ES2009c_A.hand.6"/>
    <hand endtime="1454.36" starttime="1448.24" type="other_comm_hand_BH" nite:id="Tomas_ES2009c_A.hand.7"/>
    <hand endtime="1664.36" starttime="1454.36" type="no_comm_hand" nite:id="Tomas_ES2009c_A.hand.8"/>
    <hand endtime="1676.08" starttime="1664.36" type="other_comm_hand_BH" nite:id="Tomas_ES2009c_A.hand.9"/>
    <hand endtime="1679.28" starttime="1676.08" type="no_comm_hand" nite:id="Tomas_ES2009c_A.hand.10"/>
    <hand endtime="1684.72" starttime="1679.28" type="other_comm_hand_BH" nite:id="Tomas_ES2009c_A.hand.11"/>
    <hand endtime="1782.44" starttime="1684.72" type="no_comm_hand" nite:id="Tomas_ES2009c_A.hand.12"/>
    <hand endtime="1786.64" starttime="1782.44" type="comm_interact_a_BH" nite:id="Tomas_ES2009c_A.hand.13"/>
    <hand endtime="1788.4" starttime="1786.64" type="point_a_other_LH" nite:id="Tomas_ES2009c_A.hand.14"/>
    <hand endtime="1951.64" starttime="1788.4" type="no_comm_hand" nite:id="Tomas_ES2009c_A.hand.15"/>
    <hand endtime="1966.0" starttime="1951.64" type="off_camera" nite:id="Tomas_ES2009c_A.hand.16"/>
</nite:root>
