<?xml version="1.0" encoding="UTF-8"?>
<nite:root xmlns:nite="http://nite.sourceforge.net/" nite:id="Tomas_ES2005a_A.nite:root.1">
    <hand endtime="0.0010" starttime="0.0" type="off_camera" nite:id="Tomas_ES2005a_A.hand.1"/>
    <hand endtime="129.2" starttime="0.0010" type="no_comm_hand" nite:id="Tomas_ES2005a_A.hand.2"/>
    <hand endtime="133.72" starttime="129.2" type="other_comm_hand_BH" nite:id="Tomas_ES2005a_A.hand.3"/>
    <hand endtime="171.92" starttime="133.72" type="no_comm_hand" nite:id="Tomas_ES2005a_A.hand.4"/>
    <hand endtime="173.32" starttime="171.92" type="point_a_whiteboard_LH" nite:id="Tomas_ES2005a_A.hand.5"/>
    <hand endtime="197.64" starttime="173.32" type="no_comm_hand" nite:id="Tomas_ES2005a_A.hand.6"/>
    <hand endtime="198.52" starttime="197.64" type="point_a_other_LH" nite:id="Tomas_ES2005a_A.hand.7"/>
    <hand endtime="312.6" starttime="198.52" type="no_comm_hand" nite:id="Tomas_ES2005a_A.hand.8"/>
    <hand endtime="314.08" starttime="312.6" type="point_a_other_LH" nite:id="Tomas_ES2005a_A.hand.9"/>
    <hand endtime="615.68" starttime="314.08" type="no_comm_hand" nite:id="Tomas_ES2005a_A.hand.10"/>
    <hand endtime="626.32" starttime="615.68" type="other_comm_hand_BH" nite:id="Tomas_ES2005a_A.hand.11"/>
    <hand endtime="895.04" starttime="626.32" type="no_comm_hand" nite:id="Tomas_ES2005a_A.hand.12"/>
    <hand endtime="896.48" starttime="895.04" type="point_a_laptop_RH" nite:id="Tomas_ES2005a_A.hand.13"/>
    <hand endtime="899.52" starttime="896.48" type="no_comm_hand" nite:id="Tomas_ES2005a_A.hand.14"/>
    <hand endtime="900.52" starttime="899.52" type="point_a_laptop_RH" nite:id="Tomas_ES2005a_A.hand.15"/>
    <hand endtime="945.76" starttime="900.52" type="no_comm_hand" nite:id="Tomas_ES2005a_A.hand.16"/>
    <hand endtime="958.0" starttime="945.76" type="off_camera" nite:id="Tomas_ES2005a_A.hand.17"/>
</nite:root>
