<?xml version="1.0" encoding="UTF-8"?>
<nite:root xmlns:nite="http://nite.sourceforge.net/" nite:id="Precision_ES2008b_A.nite:root.1">
    <hand endtime="161.44" starttime="0.0" type="no_comm_hand" nite:id="Precision_ES2008b_A.hand.1"/>
    <hand endtime="162.0" starttime="161.44" type="comm_interact_a_LH" nite:id="Precision_ES2008b_A.hand.2"/>
    <hand endtime="162.24" starttime="162.0" type="comm_interact_a_BH" nite:id="Precision_ES2008b_A.hand.3"/>
    <hand endtime="162.8" starttime="162.24" type="comm_interact_a_RH" nite:id="Precision_ES2008b_A.hand.4"/>
    <hand endtime="191.2" starttime="162.8" type="no_comm_hand" nite:id="Precision_ES2008b_A.hand.5"/>
    <hand endtime="191.64" starttime="191.2" type="point_a_laptop_LH" nite:id="Precision_ES2008b_A.hand.6"/>
    <hand endtime="245.32" starttime="191.64" type="no_comm_hand" nite:id="Precision_ES2008b_A.hand.7"/>
    <hand endtime="247.16" starttime="245.32" type="point_a_laptop_RH" nite:id="Precision_ES2008b_A.hand.8"/>
    <hand endtime="248.6" starttime="247.16" type="no_comm_hand" nite:id="Precision_ES2008b_A.hand.9"/>
    <hand endtime="250.24" starttime="248.6" type="point_a_laptop_RH" nite:id="Precision_ES2008b_A.hand.10"/>
    <hand endtime="908.08" starttime="250.24" type="no_comm_hand" nite:id="Precision_ES2008b_A.hand.11"/>
    <hand endtime="909.24" starttime="908.08" type="point_a_slide_RH" nite:id="Precision_ES2008b_A.hand.12"/>
    <hand endtime="910.8" starttime="909.24" type="no_comm_hand" nite:id="Precision_ES2008b_A.hand.13"/>
    <hand endtime="916.08" starttime="910.8" type="point_a_slide_RH" nite:id="Precision_ES2008b_A.hand.14"/>
    <hand endtime="1090.8" starttime="916.08" type="no_comm_hand" nite:id="Precision_ES2008b_A.hand.15"/>
    <hand endtime="1092.76" starttime="1090.8" type="point_a_slide_RH" nite:id="Precision_ES2008b_A.hand.16"/>
    <hand endtime="1430.84" starttime="1092.76" type="no_comm_hand" nite:id="Precision_ES2008b_A.hand.17"/>
    <hand endtime="1431.28" starttime="1430.84" type="point_p_me_RH" nite:id="Precision_ES2008b_A.hand.18"/>
    <hand endtime="1439.6" starttime="1431.28" type="no_comm_hand" nite:id="Precision_ES2008b_A.hand.19"/>
    <hand endtime="1440.28" starttime="1439.6" type="point_p_me_RH" nite:id="Precision_ES2008b_A.hand.20"/>
    <hand endtime="1533.44" starttime="1440.28" type="no_comm_hand" nite:id="Precision_ES2008b_A.hand.21"/>
    <hand endtime="1534.28" starttime="1533.44" type="point_p_me_RH" nite:id="Precision_ES2008b_A.hand.22"/>
    <hand endtime="1695.36" starttime="1534.28" type="no_comm_hand" nite:id="Precision_ES2008b_A.hand.23"/>
    <hand endtime="1696.08" starttime="1695.36" type="point_p_id_RH" nite:id="Precision_ES2008b_A.hand.24"/>
    <hand endtime="2081.72" starttime="1696.08" type="no_comm_hand" nite:id="Precision_ES2008b_A.hand.25"/>
    <hand endtime="2082.32" starttime="2081.72" type="point_p_id_LH" nite:id="Precision_ES2008b_A.hand.26"/>
    <hand endtime="2101.0" starttime="2082.32" type="no_comm_hand" nite:id="Precision_ES2008b_A.hand.27"/>
</nite:root>
