<?xml version="1.0" encoding="UTF-8"?>
<nite:root xmlns:nite="http://nite.sourceforge.net/" nite:id="xsobol03_ES2002b_A.nite:root.1">
    <hand endtime="36.64" starttime="0.0" type="off_camera" nite:id="xsobol03_ES2002b_A.hand.1"/>
    <hand endtime="414.0" starttime="36.64" type="no_comm_hand" nite:id="xsobol03_ES2002b_A.hand.2"/>
    <hand endtime="416.4" starttime="414.0" type="point_a_slide_RH" nite:id="xsobol03_ES2002b_A.hand.3"/>
    <hand endtime="1317.68" starttime="416.4" type="no_comm_hand" nite:id="xsobol03_ES2002b_A.hand.4"/>
    <hand endtime="1319.32" starttime="1317.68" type="point_p_ui_LH" nite:id="xsobol03_ES2002b_A.hand.5"/>
    <hand endtime="1320.4" starttime="1319.32" type="point_p_me_RH" nite:id="xsobol03_ES2002b_A.hand.6"/>
    <hand endtime="1322.36" starttime="1320.4" type="point_p_pm_RH" nite:id="xsobol03_ES2002b_A.hand.7"/>
    <hand endtime="1414.44" starttime="1322.36" type="no_comm_hand" nite:id="xsobol03_ES2002b_A.hand.8"/>
    <hand endtime="1418.44" starttime="1414.44" type="point_a_document_RH" nite:id="xsobol03_ES2002b_A.hand.9"/>
    <hand endtime="1419.68" starttime="1418.44" type="comm_interact_a_BH" nite:id="xsobol03_ES2002b_A.hand.10"/>
    <hand endtime="1421.04" starttime="1419.68" type="comm_interact_a_RH" nite:id="xsobol03_ES2002b_A.hand.11"/>
    <hand endtime="1431.0" starttime="1421.04" type="no_comm_hand" nite:id="xsobol03_ES2002b_A.hand.12"/>
    <hand endtime="1433.0" starttime="1431.0" type="point_p_other_LH" nite:id="xsobol03_ES2002b_A.hand.13"/>
    <hand endtime="1460.16" starttime="1433.0" type="no_comm_hand" nite:id="xsobol03_ES2002b_A.hand.14"/>
    <hand endtime="1463.56" starttime="1460.16" type="point_a_slide_LH" nite:id="xsobol03_ES2002b_A.hand.15"/>
    <hand endtime="1591.12" starttime="1463.56" type="no_comm_hand" nite:id="xsobol03_ES2002b_A.hand.16"/>
    <hand endtime="1591.96" starttime="1591.12" type="point_p_me_RH" nite:id="xsobol03_ES2002b_A.hand.17"/>
    <hand endtime="1635.72" starttime="1591.96" type="no_comm_hand" nite:id="xsobol03_ES2002b_A.hand.18"/>
    <hand endtime="1640.6" starttime="1635.72" type="point_a_slide_LH" nite:id="xsobol03_ES2002b_A.hand.19"/>
    <hand endtime="1641.56" starttime="1640.6" type="other_comm_hand_BH" nite:id="xsobol03_ES2002b_A.hand.20"/>
    <hand endtime="1649.56" starttime="1641.56" type="no_comm_hand" nite:id="xsobol03_ES2002b_A.hand.21"/>
    <hand endtime="1672.44" starttime="1649.56" type="point_a_slide_LH" nite:id="xsobol03_ES2002b_A.hand.22"/>
    <hand endtime="1716.72" starttime="1672.44" type="no_comm_hand" nite:id="xsobol03_ES2002b_A.hand.23"/>
    <hand endtime="1719.6" starttime="1716.72" type="other_comm_hand_RH" nite:id="xsobol03_ES2002b_A.hand.24"/>
    <hand endtime="1721.92" starttime="1719.6" type="no_comm_hand" nite:id="xsobol03_ES2002b_A.hand.25"/>
    <hand endtime="1728.28" starttime="1721.92" type="other_comm_hand_RH" nite:id="xsobol03_ES2002b_A.hand.26"/>
    <hand endtime="1729.56" starttime="1728.28" type="other_comm_hand_BH" nite:id="xsobol03_ES2002b_A.hand.27"/>
    <hand endtime="1732.68" starttime="1729.56" type="no_comm_hand" nite:id="xsobol03_ES2002b_A.hand.28"/>
    <hand endtime="1735.36" starttime="1732.68" type="point_l_LH" nite:id="xsobol03_ES2002b_A.hand.29"/>
    <hand endtime="1737.4" starttime="1735.36" type="no_comm_hand" nite:id="xsobol03_ES2002b_A.hand.30"/>
    <hand endtime="1738.08" starttime="1737.4" type="other_comm_hand_LH" nite:id="xsobol03_ES2002b_A.hand.31"/>
    <hand endtime="1739.0" starttime="1738.08" type="no_comm_hand" nite:id="xsobol03_ES2002b_A.hand.32"/>
    <hand endtime="1739.96" starttime="1739.0" type="other_comm_hand_LH" nite:id="xsobol03_ES2002b_A.hand.33"/>
    <hand endtime="1740.56" starttime="1739.96" type="no_comm_hand" nite:id="xsobol03_ES2002b_A.hand.34"/>
    <hand endtime="1741.44" starttime="1740.56" type="other_comm_hand_LH" nite:id="xsobol03_ES2002b_A.hand.35"/>
    <hand endtime="1742.32" starttime="1741.44" type="no_comm_hand" nite:id="xsobol03_ES2002b_A.hand.36"/>
    <hand endtime="1743.08" starttime="1742.32" type="other_comm_hand_LH" nite:id="xsobol03_ES2002b_A.hand.37"/>
    <hand endtime="1770.56" starttime="1743.08" type="no_comm_hand" nite:id="xsobol03_ES2002b_A.hand.38"/>
    <hand endtime="1771.32" starttime="1770.56" type="point_p_pm_RH" nite:id="xsobol03_ES2002b_A.hand.39"/>
    <hand endtime="2161.68" starttime="1771.32" type="no_comm_hand" nite:id="xsobol03_ES2002b_A.hand.40"/>
    <hand endtime="2281.0" starttime="2161.68" type="off_camera" nite:id="xsobol03_ES2002b_A.hand.41"/>
</nite:root>
