<?xml version="1.0" encoding="UTF-8"?>
<nite:root xmlns:nite="http://nite.sourceforge.net/" nite:id="xsobol03_ES2002a_D.nite:root.1">
    <hand endtime="41.52" starttime="0.0" type="off_camera" nite:id="xsobol03_ES2002a_D.hand.1"/>
    <hand endtime="497.72" starttime="41.52" type="no_comm_hand" nite:id="xsobol03_ES2002a_D.hand.2"/>
    <hand endtime="502.92" starttime="497.72" type="point_a_slide_LH" nite:id="xsobol03_ES2002a_D.hand.3"/>
    <hand endtime="518.32" starttime="502.92" type="no_comm_hand" nite:id="xsobol03_ES2002a_D.hand.4"/>
    <hand endtime="520.52" starttime="518.32" type="other_comm_hand_LH" nite:id="xsobol03_ES2002a_D.hand.5"/>
    <hand endtime="561.72" starttime="520.52" type="no_comm_hand" nite:id="xsobol03_ES2002a_D.hand.6"/>
    <hand endtime="563.4" starttime="561.72" type="point_a_laptop_LH" nite:id="xsobol03_ES2002a_D.hand.7"/>
    <hand endtime="598.84" starttime="563.4" type="no_comm_hand" nite:id="xsobol03_ES2002a_D.hand.8"/>
    <hand endtime="599.6" starttime="598.84" type="point_a_slide_LH" nite:id="xsobol03_ES2002a_D.hand.9"/>
    <hand endtime="605.96" starttime="599.6" type="no_comm_hand" nite:id="xsobol03_ES2002a_D.hand.10"/>
    <hand endtime="607.08" starttime="605.96" type="point_a_slide_LH" nite:id="xsobol03_ES2002a_D.hand.11"/>
    <hand endtime="673.88" starttime="607.08" type="no_comm_hand" nite:id="xsobol03_ES2002a_D.hand.12"/>
    <hand endtime="675.92" starttime="673.88" type="other_comm_hand_LH" nite:id="xsobol03_ES2002a_D.hand.13"/>
    <hand endtime="759.52" starttime="675.92" type="no_comm_hand" nite:id="xsobol03_ES2002a_D.hand.14"/>
    <hand endtime="760.44" starttime="759.52" type="point_p_pm_RH" nite:id="xsobol03_ES2002a_D.hand.15"/>
    <hand endtime="827.16" starttime="760.44" type="no_comm_hand" nite:id="xsobol03_ES2002a_D.hand.16"/>
    <hand endtime="836.6" starttime="827.16" type="other_comm_hand_BH" nite:id="xsobol03_ES2002a_D.hand.17"/>
    <hand endtime="856.28" starttime="836.6" type="no_comm_hand" nite:id="xsobol03_ES2002a_D.hand.18"/>
    <hand endtime="861.72" starttime="856.28" type="other_comm_hand_BH" nite:id="xsobol03_ES2002a_D.hand.19"/>
    <hand endtime="863.08" starttime="861.72" type="no_comm_hand" nite:id="xsobol03_ES2002a_D.hand.20"/>
    <hand endtime="867.0" starttime="863.08" type="other_comm_hand_BH" nite:id="xsobol03_ES2002a_D.hand.21"/>
    <hand endtime="868.32" starttime="867.0" type="no_comm_hand" nite:id="xsobol03_ES2002a_D.hand.22"/>
    <hand endtime="870.24" starttime="868.32" type="other_comm_hand_LH" nite:id="xsobol03_ES2002a_D.hand.23"/>
    <hand endtime="871.0" starttime="870.24" type="no_comm_hand" nite:id="xsobol03_ES2002a_D.hand.24"/>
    <hand endtime="872.4" starttime="871.0" type="other_comm_hand_BH" nite:id="xsobol03_ES2002a_D.hand.25"/>
    <hand endtime="873.6" starttime="872.4" type="no_comm_hand" nite:id="xsobol03_ES2002a_D.hand.26"/>
    <hand endtime="875.48" starttime="873.6" type="other_comm_hand_BH" nite:id="xsobol03_ES2002a_D.hand.27"/>
    <hand endtime="930.96" starttime="875.48" type="no_comm_hand" nite:id="xsobol03_ES2002a_D.hand.28"/>
    <hand endtime="942.2" starttime="930.96" type="other_comm_hand_BH" nite:id="xsobol03_ES2002a_D.hand.29"/>
    <hand endtime="944.48" starttime="942.2" type="other_comm_hand_LH" nite:id="xsobol03_ES2002a_D.hand.30"/>
    <hand endtime="946.68" starttime="944.48" type="other_comm_hand_BH" nite:id="xsobol03_ES2002a_D.hand.31"/>
    <hand endtime="1179.24" starttime="946.68" type="no_comm_hand" nite:id="xsobol03_ES2002a_D.hand.32"/>
    <hand endtime="1242.0" starttime="1179.24" type="off_camera" nite:id="xsobol03_ES2002a_D.hand.33"/>
</nite:root>
