<?xml version="1.0" encoding="UTF-8"?>
<nite:root xmlns:nite="http://nite.sourceforge.net/" nite:id="Tomas_ES2009d_A.nite:root.1">
    <hand endtime="0.0010" starttime="0.0" type="off_camera" nite:id="Tomas_ES2009d_A.hand.1"/>
    <hand endtime="71.96" starttime="0.0010" type="no_comm_hand" nite:id="Tomas_ES2009d_A.hand.2"/>
    <hand endtime="74.48" starttime="71.96" type="point_a_laptop_RH" nite:id="Tomas_ES2009d_A.hand.3"/>
    <hand endtime="1284.84" starttime="74.48" type="no_comm_hand" nite:id="Tomas_ES2009d_A.hand.4"/>
    <hand endtime="1286.44" starttime="1284.84" type="other_comm_hand_BH" nite:id="Tomas_ES2009d_A.hand.5"/>
    <hand endtime="1406.76" starttime="1286.44" type="no_comm_hand" nite:id="Tomas_ES2009d_A.hand.6"/>
    <hand endtime="1407.68" starttime="1406.76" type="point_p_me_RH" nite:id="Tomas_ES2009d_A.hand.7"/>
    <hand endtime="1409.48" starttime="1407.68" type="no_comm_hand" nite:id="Tomas_ES2009d_A.hand.8"/>
    <hand endtime="1410.36" starttime="1409.48" type="point_p_pm_LH" nite:id="Tomas_ES2009d_A.hand.9"/>
    <hand endtime="1422.68" starttime="1410.36" type="no_comm_hand" nite:id="Tomas_ES2009d_A.hand.10"/>
    <hand endtime="1423.68" starttime="1422.68" type="other_comm_hand_BH" nite:id="Tomas_ES2009d_A.hand.11"/>
    <hand endtime="1432.76" starttime="1423.68" type="no_comm_hand" nite:id="Tomas_ES2009d_A.hand.12"/>
    <hand endtime="1437.56" starttime="1432.76" type="other_comm_hand_BH" nite:id="Tomas_ES2009d_A.hand.13"/>
    <hand endtime="1571.24" starttime="1437.56" type="no_comm_hand" nite:id="Tomas_ES2009d_A.hand.14"/>
    <hand endtime="1572.68" starttime="1571.24" type="point_a_document_RH" nite:id="Tomas_ES2009d_A.hand.15"/>
    <hand endtime="1868.76" starttime="1572.68" type="no_comm_hand" nite:id="Tomas_ES2009d_A.hand.16"/>
    <hand endtime="1871.8" starttime="1868.76" type="comm_interact_a_RH" nite:id="Tomas_ES2009d_A.hand.17"/>
    <hand endtime="1943.88" starttime="1871.8" type="no_comm_hand" nite:id="Tomas_ES2009d_A.hand.18"/>
    <hand endtime="1944.92" starttime="1943.88" type="other_comm_hand_BH" nite:id="Tomas_ES2009d_A.hand.19"/>
    <hand endtime="2115.88" starttime="1944.92" type="no_comm_hand" nite:id="Tomas_ES2009d_A.hand.20"/>
    <hand endtime="2128.0" starttime="2115.88" type="off_camera" nite:id="Tomas_ES2009d_A.hand.21"/>
</nite:root>
