<?xml version="1.0" encoding="UTF-8"?>
<nite:root xmlns:nite="http://nite.sourceforge.net/" nite:id="xpolok00_ES2002c_A.nite:root.1">
    <hand comment="ID" endtime="881.8" starttime="0.0" type="no_comm_hand" nite:id="xpolok00_ES2002c_A.hand.1"/>
    <hand endtime="917.56" starttime="881.8" type="off_camera" nite:id="xpolok00_ES2002c_A.hand.2"/>
    <hand comment="UI" endtime="1651.96" starttime="917.56" type="no_comm_hand" nite:id="xpolok00_ES2002c_A.hand.3"/>
    <hand endtime="1655.2" starttime="1651.96" type="other_comm_hand_BH" nite:id="xpolok00_ES2002c_A.hand.4"/>
    <hand endtime="1675.16" starttime="1655.2" type="no_comm_hand" nite:id="xpolok00_ES2002c_A.hand.5"/>
    <hand endtime="1758.6" starttime="1675.16" type="off_camera" nite:id="xpolok00_ES2002c_A.hand.6"/>
    <hand endtime="2347.52" starttime="1758.6" type="no_comm_hand" nite:id="xpolok00_ES2002c_A.hand.7"/>
    <hand endtime="2401.0" starttime="2347.52" type="off_camera" nite:id="xpolok00_ES2002c_A.hand.8"/>
</nite:root>
