<?xml version="1.0" encoding="UTF-8"?>
<nite:root xmlns:nite="http://nite.sourceforge.net/" nite:id="Tomas_ES2009c_D.nite:root.1">
    <hand endtime="0.0010" starttime="0.0" type="off_camera" nite:id="Tomas_ES2009c_D.hand.1"/>
    <hand endtime="422.68" starttime="0.0010" type="no_comm_hand" nite:id="Tomas_ES2009c_D.hand.2"/>
    <hand endtime="424.2" starttime="422.68" type="comm_interact_a_LH" nite:id="Tomas_ES2009c_D.hand.3"/>
    <hand endtime="1488.68" starttime="424.2" type="no_comm_hand" nite:id="Tomas_ES2009c_D.hand.4"/>
    <hand endtime="1492.68" starttime="1488.68" type="other_comm_hand_RH" nite:id="Tomas_ES2009c_D.hand.5"/>
    <hand endtime="1723.36" starttime="1492.68" type="no_comm_hand" nite:id="Tomas_ES2009c_D.hand.6"/>
    <hand endtime="1729.32" starttime="1723.36" type="other_comm_hand_RH" nite:id="Tomas_ES2009c_D.hand.7"/>
    <hand endtime="1789.4" starttime="1729.32" type="no_comm_hand" nite:id="Tomas_ES2009c_D.hand.8"/>
    <hand endtime="1790.44" starttime="1789.4" type="other_comm_hand_RH" nite:id="Tomas_ES2009c_D.hand.9"/>
    <hand endtime="1951.64" starttime="1790.44" type="no_comm_hand" nite:id="Tomas_ES2009c_D.hand.10"/>
    <hand endtime="1966.0" starttime="1951.64" type="off_camera" nite:id="Tomas_ES2009c_D.hand.11"/>
</nite:root>
