<?xml version="1.0" encoding="UTF-8"?>
<nite:root xmlns:nite="http://nite.sourceforge.net/" nite:id="xsobol03_ES2002b_B.nite:root.1">
    <hand endtime="2.24" starttime="0.0" type="off_camera" nite:id="xsobol03_ES2002b_B.hand.1"/>
    <hand endtime="155.76" starttime="2.24" type="no_comm_hand" nite:id="xsobol03_ES2002b_B.hand.2"/>
    <hand endtime="156.52" starttime="155.76" type="point_a_laptop_RH" nite:id="xsobol03_ES2002b_B.hand.3"/>
    <hand endtime="184.84" starttime="156.52" type="no_comm_hand" nite:id="xsobol03_ES2002b_B.hand.4"/>
    <hand endtime="191.96" starttime="184.84" type="other_comm_hand_BH" nite:id="xsobol03_ES2002b_B.hand.5"/>
    <hand endtime="427.6" starttime="191.96" type="no_comm_hand" nite:id="xsobol03_ES2002b_B.hand.6"/>
    <hand endtime="428.72" starttime="427.6" type="other_comm_hand_BH" nite:id="xsobol03_ES2002b_B.hand.7"/>
    <hand endtime="439.92" starttime="428.72" type="no_comm_hand" nite:id="xsobol03_ES2002b_B.hand.8"/>
    <hand endtime="445.48" starttime="439.92" type="point_a_laptop_RH" nite:id="xsobol03_ES2002b_B.hand.9"/>
    <hand endtime="446.84" starttime="445.48" type="no_comm_hand" nite:id="xsobol03_ES2002b_B.hand.10"/>
    <hand endtime="447.96" starttime="446.84" type="point_a_laptop_RH" nite:id="xsobol03_ES2002b_B.hand.11"/>
    <hand endtime="449.12" starttime="447.96" type="no_comm_hand" nite:id="xsobol03_ES2002b_B.hand.12"/>
    <hand endtime="457.16" starttime="449.12" type="other_comm_hand_BH" nite:id="xsobol03_ES2002b_B.hand.13"/>
    <hand endtime="488.52" starttime="457.16" type="no_comm_hand" nite:id="xsobol03_ES2002b_B.hand.14"/>
    <hand endtime="489.76" starttime="488.52" type="other_comm_hand_RH" nite:id="xsobol03_ES2002b_B.hand.15"/>
    <hand endtime="1060.68" starttime="489.76" type="no_comm_hand" nite:id="xsobol03_ES2002b_B.hand.16"/>
    <hand endtime="1065.8" starttime="1060.68" type="other_comm_hand_BH" nite:id="xsobol03_ES2002b_B.hand.17"/>
    <hand endtime="1239.4" starttime="1065.8" type="no_comm_hand" nite:id="xsobol03_ES2002b_B.hand.18"/>
    <hand endtime="1241.44" starttime="1239.4" type="point_a_slide_RH" nite:id="xsobol03_ES2002b_B.hand.19"/>
    <hand endtime="1243.0" starttime="1241.44" type="no_comm_hand" nite:id="xsobol03_ES2002b_B.hand.20"/>
    <hand endtime="1245.08" starttime="1243.0" type="other_comm_hand_RH" nite:id="xsobol03_ES2002b_B.hand.21"/>
    <hand endtime="1415.32" starttime="1245.08" type="no_comm_hand" nite:id="xsobol03_ES2002b_B.hand.22"/>
    <hand endtime="1421.56" starttime="1415.32" type="comm_interact_a_BH" nite:id="xsobol03_ES2002b_B.hand.23"/>
    <hand endtime="1594.88" starttime="1421.56" type="no_comm_hand" nite:id="xsobol03_ES2002b_B.hand.24"/>
    <hand endtime="1604.64" starttime="1594.88" type="point_a_slide_RH" nite:id="xsobol03_ES2002b_B.hand.25"/>
    <hand endtime="2018.88" starttime="1604.64" type="no_comm_hand" nite:id="xsobol03_ES2002b_B.hand.26"/>
    <hand endtime="2020.92" starttime="2018.88" type="point_p_id_BH" nite:id="xsobol03_ES2002b_B.hand.27"/>
    <hand endtime="2281.0" starttime="2020.92" type="no_comm_hand" nite:id="xsobol03_ES2002b_B.hand.28"/>
</nite:root>
