<?xml version="1.0" encoding="UTF-8"?>
<nite:root xmlns:nite="http://nite.sourceforge.net/" nite:id="Tomas_ES2005a_B.nite:root.1">
    <hand endtime="0.0010" starttime="0.0" type="off_camera" nite:id="Tomas_ES2005a_B.hand.1"/>
    <hand endtime="105.92" starttime="0.0010" type="no_comm_hand" nite:id="Tomas_ES2005a_B.hand.2"/>
    <hand endtime="107.32" starttime="105.92" type="point_p_ui_RH" nite:id="Tomas_ES2005a_B.hand.3"/>
    <hand endtime="216.603" starttime="107.32" type="no_comm_hand" nite:id="Tomas_ES2005a_B.hand.4"/>
    <hand endtime="218.483" starttime="216.603" type="point_a_other_RH" nite:id="Tomas_ES2005a_B.hand.5"/>
    <hand endtime="617.24" starttime="218.483" type="no_comm_hand" nite:id="Tomas_ES2005a_B.hand.6"/>
    <hand endtime="618.64" starttime="617.24" type="point_a_laptop_RH" nite:id="Tomas_ES2005a_B.hand.7"/>
    <hand endtime="945.72" starttime="618.64" type="no_comm_hand" nite:id="Tomas_ES2005a_B.hand.8"/>
    <hand endtime="958.0" starttime="945.72" type="no_comm_hand" nite:id="Tomas_ES2005a_B.hand.9"/>
</nite:root>
