<?xml version="1.0" encoding="UTF-8"?>
<nite:root xmlns:nite="http://nite.sourceforge.net/" nite:id="xpolok00_ES2002c_B.nite:root.1">
    <hand endtime="80.56" starttime="0.0" type="no_comm_hand" nite:id="xpolok00_ES2002c_B.hand.1"/>
    <hand endtime="81.0" starttime="80.56" type="point_p_id_LH" nite:id="xpolok00_ES2002c_B.hand.2"/>
    <hand endtime="81.56" starttime="81.0" type="no_comm_hand" nite:id="xpolok00_ES2002c_B.hand.3"/>
    <hand endtime="81.88" starttime="81.56" type="point_p_me_LH" nite:id="xpolok00_ES2002c_B.hand.4"/>
    <hand endtime="92.36" starttime="81.88" type="no_comm_hand" nite:id="xpolok00_ES2002c_B.hand.5"/>
    <hand endtime="103.56" starttime="92.36" type="comm_interact_a_RH" nite:id="xpolok00_ES2002c_B.hand.6"/>
    <hand endtime="597.24" starttime="103.56" type="no_comm_hand" nite:id="xpolok00_ES2002c_B.hand.7"/>
    <hand endtime="597.36" starttime="597.24" type="point_a_other_RH" nite:id="xpolok00_ES2002c_B.hand.8"/>
    <hand endtime="798.76" starttime="597.36" type="no_comm_hand" nite:id="xpolok00_ES2002c_B.hand.9"/>
    <hand endtime="799.0" starttime="798.76" type="point_a_slide_RH" nite:id="xpolok00_ES2002c_B.hand.10"/>
    <hand endtime="916.84" starttime="799.0" type="no_comm_hand" nite:id="xpolok00_ES2002c_B.hand.11"/>
    <hand endtime="918.92" starttime="916.84" type="point_a_other_BH" nite:id="xpolok00_ES2002c_B.hand.12"/>
    <hand endtime="1326.96" starttime="918.92" type="no_comm_hand" nite:id="xpolok00_ES2002c_B.hand.13"/>
    <hand endtime="1327.12" starttime="1326.96" type="point_p_ui_BH" nite:id="xpolok00_ES2002c_B.hand.14"/>
    <hand endtime="1670.44" starttime="1327.12" type="no_comm_hand" nite:id="xpolok00_ES2002c_B.hand.15"/>
    <hand endtime="1671.2" starttime="1670.44" type="point_a_whiteboard_LH" nite:id="xpolok00_ES2002c_B.hand.16"/>
    <hand endtime="2258.2" starttime="1671.2" type="no_comm_hand" nite:id="xpolok00_ES2002c_B.hand.17"/>
    <hand endtime="2260.52" starttime="2258.2" type="point_a_slide_RH" nite:id="xpolok00_ES2002c_B.hand.18"/>
    <hand endtime="2401.0" starttime="2260.52" type="no_comm_hand" nite:id="xpolok00_ES2002c_B.hand.19"/>
</nite:root>
