<?xml version="1.0" encoding="UTF-8"?>
<nite:root xmlns:nite="http://nite.sourceforge.net/" nite:id="Tomas_ES2005b_C.nite:root.1">
    <hand endtime="0.0010" starttime="0.0" type="off_camera" nite:id="Tomas_ES2005b_C.hand.1"/>
    <hand endtime="37.84" starttime="0.0010" type="no_comm_hand" nite:id="Tomas_ES2005b_C.hand.2"/>
    <hand endtime="38.68" starttime="37.84" type="point_a_laptop_RH" nite:id="Tomas_ES2005b_C.hand.3"/>
    <hand endtime="130.4" starttime="38.68" type="no_comm_hand" nite:id="Tomas_ES2005b_C.hand.4"/>
    <hand endtime="132.28" starttime="130.4" type="point_a_laptop_LH" nite:id="Tomas_ES2005b_C.hand.5"/>
    <hand endtime="775.44" starttime="132.28" type="no_comm_hand" nite:id="Tomas_ES2005b_C.hand.6"/>
    <hand endtime="778.32" starttime="775.44" type="other_comm_hand_BH" nite:id="Tomas_ES2005b_C.hand.7"/>
    <hand endtime="1354.64" starttime="778.32" type="no_comm_hand" nite:id="Tomas_ES2005b_C.hand.8"/>
    <hand endtime="1356.2" starttime="1354.64" type="other_comm_hand_RH" nite:id="Tomas_ES2005b_C.hand.9"/>
    <hand endtime="1731.84" starttime="1356.2" type="no_comm_hand" nite:id="Tomas_ES2005b_C.hand.10"/>
    <hand endtime="1733.28" starttime="1731.84" type="other_comm_hand_LH" nite:id="Tomas_ES2005b_C.hand.11"/>
    <hand endtime="1822.48" starttime="1733.28" type="no_comm_hand" nite:id="Tomas_ES2005b_C.hand.12"/>
    <hand endtime="1824.56" starttime="1822.48" type="other_comm_hand_LH" nite:id="Tomas_ES2005b_C.hand.13"/>
    <hand endtime="1830.44" starttime="1824.56" type="no_comm_hand" nite:id="Tomas_ES2005b_C.hand.14"/>
    <hand endtime="1832.8" starttime="1830.44" type="other_comm_hand_RH" nite:id="Tomas_ES2005b_C.hand.15"/>
    <hand endtime="2061.56" starttime="1832.8" type="no_comm_hand" nite:id="Tomas_ES2005b_C.hand.16"/>
    <hand endtime="2062.88" starttime="2061.56" type="point_a_laptop_LH" nite:id="Tomas_ES2005b_C.hand.17"/>
    <hand endtime="2299.12" starttime="2062.88" type="no_comm_hand" nite:id="Tomas_ES2005b_C.hand.18"/>
    <hand endtime="2308.0" starttime="2299.12" type="off_camera" nite:id="Tomas_ES2005b_C.hand.19"/>
</nite:root>
