<?xml version="1.0" encoding="UTF-8"?>
<nite:root xmlns:nite="http://nite.sourceforge.net/" nite:id="Tomas_ES2009d_C.nite:root.1">
    <hand endtime="0.0010" starttime="0.0" type="off_camera" nite:id="Tomas_ES2009d_C.hand.1"/>
    <hand endtime="244.24" starttime="0.0010" type="no_comm_hand" nite:id="Tomas_ES2009d_C.hand.2"/>
    <hand endtime="248.68" starttime="244.24" type="comm_interact_a_RH" nite:id="Tomas_ES2009d_C.hand.3"/>
    <hand endtime="250.2" starttime="248.68" type="no_comm_hand" nite:id="Tomas_ES2009d_C.hand.4"/>
    <hand endtime="255.32" starttime="250.2" type="comm_interact_a_BH" nite:id="Tomas_ES2009d_C.hand.5"/>
    <hand endtime="270.16" starttime="255.32" type="no_comm_hand" nite:id="Tomas_ES2009d_C.hand.6"/>
    <hand endtime="272.32" starttime="270.16" type="point_a_other_RH" nite:id="Tomas_ES2009d_C.hand.7"/>
    <hand endtime="277.4" starttime="272.32" type="no_comm_hand" nite:id="Tomas_ES2009d_C.hand.8"/>
    <hand endtime="278.2" starttime="277.4" type="point_a_other_RH" nite:id="Tomas_ES2009d_C.hand.9"/>
    <hand endtime="286.8" starttime="278.2" type="no_comm_hand" nite:id="Tomas_ES2009d_C.hand.10"/>
    <hand endtime="287.72" starttime="286.8" type="point_a_other_RH" nite:id="Tomas_ES2009d_C.hand.11"/>
    <hand endtime="292.52" starttime="287.72" type="no_comm_hand" nite:id="Tomas_ES2009d_C.hand.12"/>
    <hand endtime="293.56" starttime="292.52" type="point_a_other_RH" nite:id="Tomas_ES2009d_C.hand.13"/>
    <hand endtime="298.44" starttime="293.56" type="no_comm_hand" nite:id="Tomas_ES2009d_C.hand.14"/>
    <hand endtime="299.16" starttime="298.44" type="point_a_other_LH" nite:id="Tomas_ES2009d_C.hand.15"/>
    <hand endtime="302.08" starttime="299.16" type="no_comm_hand" nite:id="Tomas_ES2009d_C.hand.16"/>
    <hand endtime="303.4" starttime="302.08" type="point_a_other_RH" nite:id="Tomas_ES2009d_C.hand.17"/>
    <hand endtime="314.8" starttime="303.4" type="no_comm_hand" nite:id="Tomas_ES2009d_C.hand.18"/>
    <hand endtime="316.12" starttime="314.8" type="point_a_other_RH" nite:id="Tomas_ES2009d_C.hand.19"/>
    <hand endtime="320.8" starttime="316.12" type="no_comm_hand" nite:id="Tomas_ES2009d_C.hand.20"/>
    <hand endtime="321.72" starttime="320.8" type="point_a_other_RH" nite:id="Tomas_ES2009d_C.hand.21"/>
    <hand endtime="371.8" starttime="321.72" type="no_comm_hand" nite:id="Tomas_ES2009d_C.hand.22"/>
    <hand endtime="372.84" starttime="371.8" type="point_a_other_RH" nite:id="Tomas_ES2009d_C.hand.23"/>
    <hand endtime="485.0" starttime="372.84" type="no_comm_hand" nite:id="Tomas_ES2009d_C.hand.24"/>
    <hand endtime="487.96" starttime="485.0" type="comm_interact_a_RH" nite:id="Tomas_ES2009d_C.hand.25"/>
    <hand endtime="489.6" starttime="487.96" type="point_a_other_LH" nite:id="Tomas_ES2009d_C.hand.26"/>
    <hand endtime="489.6" starttime="489.6" type="no_comm_hand" nite:id="Tomas_ES2009d_C.hand.27"/>
    <hand endtime="496.0" starttime="489.6" type="comm_interact_a_RH" nite:id="Tomas_ES2009d_C.hand.28"/>
    <hand endtime="566.8" starttime="496.0" type="no_comm_hand" nite:id="Tomas_ES2009d_C.hand.29"/>
    <hand endtime="569.84" starttime="566.8" type="point_a_other_RH" nite:id="Tomas_ES2009d_C.hand.30"/>
    <hand endtime="571.2" starttime="569.84" type="no_comm_hand" nite:id="Tomas_ES2009d_C.hand.31"/>
    <hand endtime="573.68" starttime="571.2" type="other_comm_hand_BH" nite:id="Tomas_ES2009d_C.hand.32"/>
    <hand endtime="582.96" starttime="573.68" type="no_comm_hand" nite:id="Tomas_ES2009d_C.hand.33"/>
    <hand endtime="583.96" starttime="582.96" type="point_a_other_RH" nite:id="Tomas_ES2009d_C.hand.34"/>
    <hand endtime="667.4" starttime="583.96" type="no_comm_hand" nite:id="Tomas_ES2009d_C.hand.35"/>
    <hand endtime="667.88" starttime="667.4" type="point_p_id_LH" nite:id="Tomas_ES2009d_C.hand.36"/>
    <hand endtime="676.2" starttime="667.88" type="no_comm_hand" nite:id="Tomas_ES2009d_C.hand.37"/>
    <hand endtime="677.0" starttime="676.2" type="point_a_other_RH" nite:id="Tomas_ES2009d_C.hand.38"/>
    <hand endtime="1278.8" starttime="677.0" type="no_comm_hand" nite:id="Tomas_ES2009d_C.hand.39"/>
    <hand endtime="1279.52" starttime="1278.8" type="point_p_me_RH" nite:id="Tomas_ES2009d_C.hand.40"/>
    <hand endtime="1376.64" starttime="1279.52" type="no_comm_hand" nite:id="Tomas_ES2009d_C.hand.41"/>
    <hand endtime="1377.64" starttime="1376.64" type="point_a_other_RH" nite:id="Tomas_ES2009d_C.hand.42"/>
    <hand endtime="1561.6" starttime="1377.64" type="no_comm_hand" nite:id="Tomas_ES2009d_C.hand.43"/>
    <hand endtime="1562.92" starttime="1561.6" type="point_a_laptop_RH" nite:id="Tomas_ES2009d_C.hand.44"/>
    <hand endtime="1632.16" starttime="1562.92" type="no_comm_hand" nite:id="Tomas_ES2009d_C.hand.45"/>
    <hand endtime="1633.68" starttime="1632.16" type="point_a_document_RH" nite:id="Tomas_ES2009d_C.hand.46"/>
    <hand endtime="1810.8" starttime="1633.68" type="no_comm_hand" nite:id="Tomas_ES2009d_C.hand.47"/>
    <hand endtime="1811.8" starttime="1810.8" type="point_a_other_RH" nite:id="Tomas_ES2009d_C.hand.48"/>
    <hand endtime="2116.44" starttime="1811.8" type="no_comm_hand" nite:id="Tomas_ES2009d_C.hand.49"/>
    <hand endtime="2128.0" starttime="2116.44" type="off_camera" nite:id="Tomas_ES2009d_C.hand.50"/>
</nite:root>
