<?xml version="1.0" encoding="UTF-8"?>
<nite:root xmlns:nite="http://nite.sourceforge.net/" nite:id="xpolok00_ES2002c_D.nite:root.1">
    <hand comment="ME" endtime="98.04" starttime="0.0" type="no_comm_hand" nite:id="xpolok00_ES2002c_D.hand.1"/>
    <hand endtime="102.64" starttime="98.04" type="comm_interact_a_LH" nite:id="xpolok00_ES2002c_D.hand.2"/>
    <hand endtime="111.72" starttime="102.64" type="comm_interact_a_BH" nite:id="xpolok00_ES2002c_D.hand.3"/>
    <hand endtime="224.0" starttime="111.72" type="no_comm_hand" nite:id="xpolok00_ES2002c_D.hand.4"/>
    <hand endtime="224.52" starttime="224.0" type="point_a_slide_LH" nite:id="xpolok00_ES2002c_D.hand.5"/>
    <hand endtime="349.6" starttime="224.52" type="no_comm_hand" nite:id="xpolok00_ES2002c_D.hand.6"/>
    <hand endtime="354.64" starttime="349.6" type="other_comm_hand_BH" nite:id="xpolok00_ES2002c_D.hand.7"/>
    <hand endtime="412.08" starttime="354.64" type="no_comm_hand" nite:id="xpolok00_ES2002c_D.hand.8"/>
    <hand endtime="412.6" starttime="412.08" type="point_a_slide_RH" nite:id="xpolok00_ES2002c_D.hand.9"/>
    <hand endtime="437.16" starttime="412.6" type="no_comm_hand" nite:id="xpolok00_ES2002c_D.hand.10"/>
    <hand endtime="437.48" starttime="437.16" type="point_a_slide_LH" nite:id="xpolok00_ES2002c_D.hand.11"/>
    <hand endtime="456.96" starttime="437.48" type="no_comm_hand" nite:id="xpolok00_ES2002c_D.hand.12"/>
    <hand endtime="462.44" starttime="456.96" type="other_comm_hand_BH" nite:id="xpolok00_ES2002c_D.hand.13"/>
    <hand endtime="507.64" starttime="462.44" type="no_comm_hand" nite:id="xpolok00_ES2002c_D.hand.14"/>
    <hand endtime="507.88" starttime="507.64" type="point_a_slide_RH" nite:id="xpolok00_ES2002c_D.hand.15"/>
    <hand endtime="577.56" starttime="507.88" type="no_comm_hand" nite:id="xpolok00_ES2002c_D.hand.16"/>
    <hand endtime="580.36" starttime="577.56" type="other_comm_hand_BH" nite:id="xpolok00_ES2002c_D.hand.17"/>
    <hand endtime="609.68" starttime="580.36" type="no_comm_hand" nite:id="xpolok00_ES2002c_D.hand.18"/>
    <hand endtime="616.0" starttime="609.68" type="off_camera" nite:id="xpolok00_ES2002c_D.hand.19"/>
    <hand comment="UI" endtime="685.56" starttime="616.0" type="no_comm_hand" nite:id="xpolok00_ES2002c_D.hand.20"/>
    <hand endtime="685.92" starttime="685.56" type="point_a_slide_LH" nite:id="xpolok00_ES2002c_D.hand.21"/>
    <hand endtime="892.84" starttime="685.92" type="no_comm_hand" nite:id="xpolok00_ES2002c_D.hand.22"/>
    <hand comment="UI" endtime="914.88" starttime="892.84" type="off_camera" nite:id="xpolok00_ES2002c_D.hand.23"/>
    <hand comment="ID" endtime="996.44" starttime="914.88" type="no_comm_hand" nite:id="xpolok00_ES2002c_D.hand.24"/>
    <hand endtime="997.76" starttime="996.44" type="point_a_slide_RH" nite:id="xpolok00_ES2002c_D.hand.25"/>
    <hand endtime="1106.36" starttime="997.76" type="no_comm_hand" nite:id="xpolok00_ES2002c_D.hand.26"/>
    <hand endtime="1107.72" starttime="1106.36" type="point_a_slide_LH" nite:id="xpolok00_ES2002c_D.hand.27"/>
    <hand endtime="1119.8" starttime="1107.72" type="no_comm_hand" nite:id="xpolok00_ES2002c_D.hand.28"/>
    <hand endtime="1123.16" starttime="1119.8" type="point_a_slide_LH" nite:id="xpolok00_ES2002c_D.hand.29"/>
    <hand endtime="1135.68" starttime="1123.16" type="no_comm_hand" nite:id="xpolok00_ES2002c_D.hand.30"/>
    <hand endtime="1137.16" starttime="1135.68" type="point_a_laptop_LH" nite:id="xpolok00_ES2002c_D.hand.31"/>
    <hand endtime="2078.32" starttime="1137.16" type="no_comm_hand" nite:id="xpolok00_ES2002c_D.hand.32"/>
    <hand endtime="2081.92" starttime="2078.32" type="other_comm_hand_BH" nite:id="xpolok00_ES2002c_D.hand.33"/>
    <hand endtime="2235.64" starttime="2081.92" type="no_comm_hand" nite:id="xpolok00_ES2002c_D.hand.34"/>
    <hand endtime="2236.2" starttime="2235.64" type="point_a_whiteboard_LH" nite:id="xpolok00_ES2002c_D.hand.35"/>
    <hand endtime="2240.52" starttime="2236.2" type="no_comm_hand" nite:id="xpolok00_ES2002c_D.hand.36"/>
    <hand endtime="2242.52" starttime="2240.52" type="point_a_whiteboard_LH" nite:id="xpolok00_ES2002c_D.hand.37"/>
    <hand endtime="2243.96" starttime="2242.52" type="no_comm_hand" nite:id="xpolok00_ES2002c_D.hand.38"/>
    <hand endtime="2256.72" starttime="2243.96" type="off_camera" nite:id="xpolok00_ES2002c_D.hand.39"/>
    <hand endtime="2289.72" starttime="2256.72" type="no_comm_hand" nite:id="xpolok00_ES2002c_D.hand.40"/>
    <hand endtime="2290.16" starttime="2289.72" type="point_a_whiteboard_LH" nite:id="xpolok00_ES2002c_D.hand.41"/>
    <hand endtime="2360.0" starttime="2290.16" type="no_comm_hand" nite:id="xpolok00_ES2002c_D.hand.42"/>
    <hand endtime="2401.0" starttime="2360.0" type="off_camera" nite:id="xpolok00_ES2002c_D.hand.43"/>
</nite:root>
