<?xml version="1.0" encoding="UTF-8"?>
<nite:root xmlns:nite="http://nite.sourceforge.net/" nite:id="xsobol03_IS1008d_B.nite:root.1">
    <hand endtime="40.68" starttime="0.0" type="off_camera" nite:id="xsobol03_IS1008d_B.hand.1"/>
    <hand endtime="251.8" starttime="40.68" type="no_comm_hand" nite:id="xsobol03_IS1008d_B.hand.2"/>
    <hand endtime="253.6" starttime="251.8" type="point_a_other_RH" nite:id="xsobol03_IS1008d_B.hand.3"/>
    <hand endtime="268.24" starttime="253.6" type="no_comm_hand" nite:id="xsobol03_IS1008d_B.hand.4"/>
    <hand endtime="270.08" starttime="268.24" type="point_a_other_RH" nite:id="xsobol03_IS1008d_B.hand.5"/>
    <hand endtime="273.32" starttime="270.08" type="no_comm_hand" nite:id="xsobol03_IS1008d_B.hand.6"/>
    <hand endtime="277.24" starttime="273.32" type="other_comm_hand_BH" nite:id="xsobol03_IS1008d_B.hand.7"/>
    <hand endtime="360.08" starttime="277.24" type="no_comm_hand" nite:id="xsobol03_IS1008d_B.hand.8"/>
    <hand endtime="361.72" starttime="360.08" type="point_a_other_RH" nite:id="xsobol03_IS1008d_B.hand.9"/>
    <hand endtime="521.08" starttime="361.72" type="no_comm_hand" nite:id="xsobol03_IS1008d_B.hand.10"/>
    <hand endtime="521.88" starttime="521.08" type="point_p_pm_RH" nite:id="xsobol03_IS1008d_B.hand.11"/>
    <hand endtime="555.6" starttime="521.88" type="no_comm_hand" nite:id="xsobol03_IS1008d_B.hand.12"/>
    <hand endtime="557.36" starttime="555.6" type="point_a_slide_LH" nite:id="xsobol03_IS1008d_B.hand.13"/>
    <hand endtime="854.88" starttime="557.36" type="no_comm_hand" nite:id="xsobol03_IS1008d_B.hand.14"/>
    <hand endtime="858.08" starttime="854.88" type="point_a_slide_LH" nite:id="xsobol03_IS1008d_B.hand.15"/>
    <hand endtime="861.32" starttime="858.08" type="no_comm_hand" nite:id="xsobol03_IS1008d_B.hand.16"/>
    <hand endtime="862.76" starttime="861.32" type="point_p_me_RH" nite:id="xsobol03_IS1008d_B.hand.17"/>
    <hand endtime="941.08" starttime="862.76" type="no_comm_hand" nite:id="xsobol03_IS1008d_B.hand.18"/>
    <hand endtime="948.92" starttime="941.08" type="other_comm_hand_RH" nite:id="xsobol03_IS1008d_B.hand.19"/>
    <hand endtime="1181.6" starttime="948.92" type="no_comm_hand" nite:id="xsobol03_IS1008d_B.hand.20"/>
    <hand endtime="1182.4" starttime="1181.6" type="point_p_pm_LH" nite:id="xsobol03_IS1008d_B.hand.21"/>
    <hand endtime="1212.08" starttime="1182.4" type="no_comm_hand" nite:id="xsobol03_IS1008d_B.hand.22"/>
    <hand endtime="1213.2" starttime="1212.08" type="other_comm_hand_RH" nite:id="xsobol03_IS1008d_B.hand.23"/>
    <hand endtime="1214.12" starttime="1213.2" type="no_comm_hand" nite:id="xsobol03_IS1008d_B.hand.24"/>
    <hand endtime="1216.24" starttime="1214.12" type="point_p_me_RH" nite:id="xsobol03_IS1008d_B.hand.25"/>
    <hand endtime="1225.84" starttime="1216.24" type="no_comm_hand" nite:id="xsobol03_IS1008d_B.hand.26"/>
    <hand endtime="1226.96" starttime="1225.84" type="other_comm_hand_LH" nite:id="xsobol03_IS1008d_B.hand.27"/>
    <hand endtime="1233.28" starttime="1226.96" type="no_comm_hand" nite:id="xsobol03_IS1008d_B.hand.28"/>
    <hand endtime="1236.0" starttime="1233.28" type="point_p_me_RH" nite:id="xsobol03_IS1008d_B.hand.29"/>
    <hand endtime="1304.12" starttime="1236.0" type="no_comm_hand" nite:id="xsobol03_IS1008d_B.hand.30"/>
    <hand endtime="1304.8" starttime="1304.12" type="point_p_pm_LH" nite:id="xsobol03_IS1008d_B.hand.31"/>
    <hand endtime="1362.76" starttime="1304.8" type="no_comm_hand" nite:id="xsobol03_IS1008d_B.hand.32"/>
    <hand endtime="1363.64" starttime="1362.76" type="point_p_ui_RH" nite:id="xsobol03_IS1008d_B.hand.33"/>
    <hand endtime="1397.84" starttime="1363.64" type="no_comm_hand" nite:id="xsobol03_IS1008d_B.hand.34"/>
    <hand endtime="1399.36" starttime="1397.84" type="other_comm_hand_BH" nite:id="xsobol03_IS1008d_B.hand.35"/>
    <hand endtime="1430.8" starttime="1399.36" type="no_comm_hand" nite:id="xsobol03_IS1008d_B.hand.36"/>
    <hand endtime="1431.56" starttime="1430.8" type="point_p_pm_RH" nite:id="xsobol03_IS1008d_B.hand.37"/>
    <hand endtime="1447.64" starttime="1431.56" type="no_comm_hand" nite:id="xsobol03_IS1008d_B.hand.38"/>
    <hand endtime="1470.0" starttime="1447.64" type="off_camera" nite:id="xsobol03_IS1008d_B.hand.39"/>
</nite:root>
