<?xml version="1.0" encoding="UTF-8"?>
<nite:root xmlns:nite="http://nite.sourceforge.net/" nite:id="xsobol03_IS1008a_A.nite:root.1">
    <hand endtime="1.08" starttime="0.0" type="off_camera" nite:id="xsobol03_IS1008a_A.hand.1"/>
    <hand endtime="65.56" starttime="1.08" type="no_comm_hand" nite:id="xsobol03_IS1008a_A.hand.2"/>
    <hand endtime="66.4" starttime="65.56" type="point_p_ui_RH" nite:id="xsobol03_IS1008a_A.hand.3"/>
    <hand endtime="68.92" starttime="66.4" type="no_comm_hand" nite:id="xsobol03_IS1008a_A.hand.4"/>
    <hand endtime="69.76" starttime="68.92" type="point_p_ui_RH" nite:id="xsobol03_IS1008a_A.hand.5"/>
    <hand endtime="71.92" starttime="69.76" type="no_comm_hand" nite:id="xsobol03_IS1008a_A.hand.6"/>
    <hand endtime="72.8" starttime="71.92" type="point_p_ui_RH" nite:id="xsobol03_IS1008a_A.hand.7"/>
    <hand endtime="85.56" starttime="72.8" type="no_comm_hand" nite:id="xsobol03_IS1008a_A.hand.8"/>
    <hand endtime="86.44" starttime="85.56" type="point_p_me_LH" nite:id="xsobol03_IS1008a_A.hand.9"/>
    <hand endtime="88.72" starttime="86.44" type="no_comm_hand" nite:id="xsobol03_IS1008a_A.hand.10"/>
    <hand endtime="89.64" starttime="88.72" type="point_p_me_RH" nite:id="xsobol03_IS1008a_A.hand.11"/>
    <hand endtime="102.2" starttime="89.64" type="no_comm_hand" nite:id="xsobol03_IS1008a_A.hand.12"/>
    <hand endtime="103.2" starttime="102.2" type="point_p_id_RH" nite:id="xsobol03_IS1008a_A.hand.13"/>
    <hand endtime="143.36" starttime="103.2" type="no_comm_hand" nite:id="xsobol03_IS1008a_A.hand.14"/>
    <hand endtime="144.28" starttime="143.36" type="point_p_me_LH" nite:id="xsobol03_IS1008a_A.hand.15"/>
    <hand endtime="211.4" starttime="144.28" type="no_comm_hand" nite:id="xsobol03_IS1008a_A.hand.16"/>
    <hand endtime="212.16" starttime="211.4" type="point_p_me_RH" nite:id="xsobol03_IS1008a_A.hand.17"/>
    <hand endtime="297.72" starttime="212.16" type="no_comm_hand" nite:id="xsobol03_IS1008a_A.hand.18"/>
    <hand endtime="299.0" starttime="297.72" type="point_p_id_RH" nite:id="xsobol03_IS1008a_A.hand.19"/>
    <hand endtime="625.68" starttime="299.0" type="no_comm_hand" nite:id="xsobol03_IS1008a_A.hand.20"/>
    <hand endtime="626.88" starttime="625.68" type="point_p_me_RH" nite:id="xsobol03_IS1008a_A.hand.21"/>
    <hand endtime="629.24" starttime="626.88" type="no_comm_hand" nite:id="xsobol03_IS1008a_A.hand.22"/>
    <hand endtime="630.24" starttime="629.24" type="point_p_id_RH" nite:id="xsobol03_IS1008a_A.hand.23"/>
    <hand endtime="630.88" starttime="630.24" type="no_comm_hand" nite:id="xsobol03_IS1008a_A.hand.24"/>
    <hand endtime="633.0" starttime="630.88" type="point_p_me_RH" nite:id="xsobol03_IS1008a_A.hand.25"/>
    <hand endtime="633.52" starttime="633.0" type="no_comm_hand" nite:id="xsobol03_IS1008a_A.hand.26"/>
    <hand endtime="636.0" starttime="633.52" type="point_p_me_RH" nite:id="xsobol03_IS1008a_A.hand.27"/>
    <hand endtime="666.96" starttime="636.0" type="no_comm_hand" nite:id="xsobol03_IS1008a_A.hand.28"/>
    <hand endtime="668.52" starttime="666.96" type="point_p_me_RH" nite:id="xsobol03_IS1008a_A.hand.29"/>
    <hand endtime="731.16" starttime="668.52" type="no_comm_hand" nite:id="xsobol03_IS1008a_A.hand.30"/>
    <hand endtime="735.44" starttime="731.16" type="point_p_ui_RH" nite:id="xsobol03_IS1008a_A.hand.31"/>
    <hand endtime="807.28" starttime="735.44" type="no_comm_hand" nite:id="xsobol03_IS1008a_A.hand.32"/>
    <hand endtime="808.48" starttime="807.28" type="point_p_me_RH" nite:id="xsobol03_IS1008a_A.hand.33"/>
    <hand endtime="809.36" starttime="808.48" type="no_comm_hand" nite:id="xsobol03_IS1008a_A.hand.34"/>
    <hand endtime="809.92" starttime="809.36" type="point_p_ui_RH" nite:id="xsobol03_IS1008a_A.hand.35"/>
    <hand endtime="810.04" starttime="809.92" type="no_comm_hand" nite:id="xsobol03_IS1008a_A.hand.36"/>
    <hand endtime="810.76" starttime="810.04" type="point_p_ui_RH" nite:id="xsobol03_IS1008a_A.hand.37"/>
    <hand endtime="811.0" starttime="810.76" type="point_p_me_RH" nite:id="xsobol03_IS1008a_A.hand.38"/>
    <hand endtime="811.76" starttime="811.0" type="point_p_id_RH" nite:id="xsobol03_IS1008a_A.hand.39"/>
    <hand endtime="846.28" starttime="811.76" type="no_comm_hand" nite:id="xsobol03_IS1008a_A.hand.40"/>
    <hand endtime="847.08" starttime="846.28" type="point_p_me_RH" nite:id="xsobol03_IS1008a_A.hand.41"/>
    <hand endtime="849.08" starttime="847.08" type="no_comm_hand" nite:id="xsobol03_IS1008a_A.hand.42"/>
    <hand endtime="850.28" starttime="849.08" type="point_p_ui_RH" nite:id="xsobol03_IS1008a_A.hand.43"/>
    <hand endtime="923.32" starttime="850.28" type="no_comm_hand" nite:id="xsobol03_IS1008a_A.hand.44"/>
    <hand endtime="931.0" starttime="923.32" type="off_camera" nite:id="xsobol03_IS1008a_A.hand.45"/>
</nite:root>
