<?xml version="1.0" encoding="UTF-8"?>
<nite:root xmlns:nite="http://nite.sourceforge.net/" nite:id="xsobol03_IS1008d_D.nite:root.1">
    <hand endtime="11.6" starttime="0.0" type="off_camera" nite:id="xsobol03_IS1008d_D.hand.1"/>
    <hand endtime="361.0" starttime="11.6" type="no_comm_hand" nite:id="xsobol03_IS1008d_D.hand.2"/>
    <hand endtime="365.56" starttime="361.0" type="point_a_other_LH" nite:id="xsobol03_IS1008d_D.hand.3"/>
    <hand endtime="545.08" starttime="365.56" type="no_comm_hand" nite:id="xsobol03_IS1008d_D.hand.4"/>
    <hand endtime="545.84" starttime="545.08" type="point_a_slide_RH" nite:id="xsobol03_IS1008d_D.hand.5"/>
    <hand endtime="564.84" starttime="545.84" type="no_comm_hand" nite:id="xsobol03_IS1008d_D.hand.6"/>
    <hand endtime="565.44" starttime="564.84" type="point_a_other_RH" nite:id="xsobol03_IS1008d_D.hand.7"/>
    <hand endtime="608.52" starttime="565.44" type="no_comm_hand" nite:id="xsobol03_IS1008d_D.hand.8"/>
    <hand endtime="610.04" starttime="608.52" type="other_comm_hand_BH" nite:id="xsobol03_IS1008d_D.hand.9"/>
    <hand endtime="825.52" starttime="610.04" type="no_comm_hand" nite:id="xsobol03_IS1008d_D.hand.10"/>
    <hand endtime="826.52" starttime="825.52" type="point_a_other_LH" nite:id="xsobol03_IS1008d_D.hand.11"/>
    <hand endtime="827.32" starttime="826.52" type="point_a_other_BH" nite:id="xsobol03_IS1008d_D.hand.12"/>
    <hand endtime="965.96" starttime="827.32" type="no_comm_hand" nite:id="xsobol03_IS1008d_D.hand.13"/>
    <hand endtime="967.6" starttime="965.96" type="other_comm_hand_RH" nite:id="xsobol03_IS1008d_D.hand.14"/>
    <hand endtime="968.8" starttime="967.6" type="other_comm_hand_BH" nite:id="xsobol03_IS1008d_D.hand.15"/>
    <hand endtime="971.48" starttime="968.8" type="no_comm_hand" nite:id="xsobol03_IS1008d_D.hand.16"/>
    <hand endtime="974.28" starttime="971.48" type="other_comm_hand_RH" nite:id="xsobol03_IS1008d_D.hand.17"/>
    <hand endtime="1234.64" starttime="974.28" type="no_comm_hand" nite:id="xsobol03_IS1008d_D.hand.18"/>
    <hand endtime="1239.0" starttime="1234.64" type="other_comm_hand_BH" nite:id="xsobol03_IS1008d_D.hand.19"/>
    <hand endtime="1448.92" starttime="1239.0" type="no_comm_hand" nite:id="xsobol03_IS1008d_D.hand.20"/>
    <hand endtime="1470.0" starttime="1448.92" type="off_camera" nite:id="xsobol03_IS1008d_D.hand.21"/>
</nite:root>
