<?xml version="1.0" encoding="UTF-8"?>
<nite:root xmlns:nite="http://nite.sourceforge.net/" nite:id="xsobol03_IS1008d_A.nite:root.1">
    <hand endtime="5.36" starttime="0.0" type="off_camera" nite:id="xsobol03_IS1008d_A.hand.1"/>
    <hand endtime="1196.84" starttime="5.36" type="no_comm_hand" nite:id="xsobol03_IS1008d_A.hand.2"/>
    <hand endtime="1198.2" starttime="1196.84" type="other_comm_hand_BH" nite:id="xsobol03_IS1008d_A.hand.3"/>
    <hand endtime="1233.44" starttime="1198.2" type="no_comm_hand" nite:id="xsobol03_IS1008d_A.hand.4"/>
    <hand endtime="1234.24" starttime="1233.44" type="point_p_me_RH" nite:id="xsobol03_IS1008d_A.hand.5"/>
    <hand endtime="1366.08" starttime="1234.24" type="no_comm_hand" nite:id="xsobol03_IS1008d_A.hand.6"/>
    <hand endtime="1367.0" starttime="1366.08" type="point_p_me_RH" nite:id="xsobol03_IS1008d_A.hand.7"/>
    <hand endtime="1367.76" starttime="1367.0" type="no_comm_hand" nite:id="xsobol03_IS1008d_A.hand.8"/>
    <hand endtime="1368.68" starttime="1367.76" type="point_p_me_RH" nite:id="xsobol03_IS1008d_A.hand.9"/>
    <hand endtime="1369.56" starttime="1368.68" type="no_comm_hand" nite:id="xsobol03_IS1008d_A.hand.10"/>
    <hand endtime="1371.16" starttime="1369.56" type="point_p_me_RH" nite:id="xsobol03_IS1008d_A.hand.11"/>
    <hand endtime="1378.6" starttime="1371.16" type="no_comm_hand" nite:id="xsobol03_IS1008d_A.hand.12"/>
    <hand endtime="1379.48" starttime="1378.6" type="point_p_me_RH" nite:id="xsobol03_IS1008d_A.hand.13"/>
    <hand endtime="1461.24" starttime="1379.48" type="no_comm_hand" nite:id="xsobol03_IS1008d_A.hand.14"/>
    <hand endtime="1470.0" starttime="1461.24" type="off_camera" nite:id="xsobol03_IS1008d_A.hand.15"/>
</nite:root>
