<?xml version="1.0" encoding="UTF-8"?>
<nite:root xmlns:nite="http://nite.sourceforge.net/" nite:id="pistek_IS1008b_B.nite:root.1">
    <hand endtime="6.16" starttime="5.52" type="off_camera" nite:id="pistek_IS1008b_B.hand.1"/>
    <hand endtime="228.72" starttime="6.16" type="no_comm_hand" nite:id="pistek_IS1008b_B.hand.2"/>
    <hand endtime="229.6" starttime="228.72" type="other_comm_hand_RH" nite:id="pistek_IS1008b_B.hand.3"/>
    <hand endtime="334.4" starttime="229.6" type="no_comm_hand" nite:id="pistek_IS1008b_B.hand.4"/>
    <hand endtime="335.08" starttime="334.4" type="point_a_whiteboard_RH" nite:id="pistek_IS1008b_B.hand.5"/>
    <hand endtime="338.48" starttime="335.08" type="no_comm_hand" nite:id="pistek_IS1008b_B.hand.6"/>
    <hand endtime="339.16" starttime="338.48" type="point_a_whiteboard_RH" nite:id="pistek_IS1008b_B.hand.7"/>
    <hand endtime="343.0" starttime="339.16" type="no_comm_hand" nite:id="pistek_IS1008b_B.hand.8"/>
    <hand endtime="343.72" starttime="343.0" type="point_a_whiteboard_RH" nite:id="pistek_IS1008b_B.hand.9"/>
    <hand endtime="438.44" starttime="343.72" type="no_comm_hand" nite:id="pistek_IS1008b_B.hand.10"/>
    <hand endtime="440.6" starttime="438.44" type="other_comm_hand_RH" nite:id="pistek_IS1008b_B.hand.11"/>
    <hand endtime="525.48" starttime="440.6" type="no_comm_hand" nite:id="pistek_IS1008b_B.hand.12"/>
    <hand endtime="526.08" starttime="525.48" type="point_p_ui_RH" nite:id="pistek_IS1008b_B.hand.13"/>
    <hand endtime="538.36" starttime="526.08" type="no_comm_hand" nite:id="pistek_IS1008b_B.hand.14"/>
    <hand endtime="539.2" starttime="538.36" type="point_p_ui_RH" nite:id="pistek_IS1008b_B.hand.15"/>
    <hand endtime="1503.64" starttime="539.2" type="no_comm_hand" nite:id="pistek_IS1008b_B.hand.16"/>
    <hand endtime="1504.72" starttime="1503.64" type="other_comm_hand_LH" nite:id="pistek_IS1008b_B.hand.17"/>
    <hand endtime="1547.64" starttime="1504.72" type="no_comm_hand" nite:id="pistek_IS1008b_B.hand.18"/>
    <hand endtime="1548.2" starttime="1547.64" type="point_a_whiteboard_RH" nite:id="pistek_IS1008b_B.hand.19"/>
    <hand endtime="1640.28" starttime="1548.2" type="no_comm_hand" nite:id="pistek_IS1008b_B.hand.20"/>
    <hand endtime="1641.28" starttime="1640.28" type="point_p_ui_RH" nite:id="pistek_IS1008b_B.hand.21"/>
    <hand endtime="1644.44" starttime="1641.28" type="no_comm_hand" nite:id="pistek_IS1008b_B.hand.22"/>
    <hand endtime="1645.16" starttime="1644.44" type="point_p_ui_RH" nite:id="pistek_IS1008b_B.hand.23"/>
    <hand endtime="1646.96" starttime="1645.16" type="no_comm_hand" nite:id="pistek_IS1008b_B.hand.24"/>
    <hand endtime="1647.88" starttime="1646.96" type="point_p_me_RH" nite:id="pistek_IS1008b_B.hand.25"/>
    <hand endtime="1670.28" starttime="1647.88" type="no_comm_hand" nite:id="pistek_IS1008b_B.hand.26"/>
    <hand endtime="1672.72" starttime="1670.28" type="point_p_ui_RH" nite:id="pistek_IS1008b_B.hand.27"/>
    <hand endtime="1757.8" starttime="1672.72" type="no_comm_hand" nite:id="pistek_IS1008b_B.hand.28"/>
    <hand endtime="1764.0" starttime="1757.8" type="off_camera" nite:id="pistek_IS1008b_B.hand.29"/>
</nite:root>
