<?xml version="1.0" encoding="UTF-8"?>
<nite:root xmlns:nite="http://nite.sourceforge.net/" nite:id="vkaraisk_IS1002c_D.nite:root.1">
    <hand endtime="7.04" starttime="0.0" type="off_camera" nite:id="vkaraisk_IS1002c_D.hand.1"/>
    <hand endtime="217.48" starttime="7.04" type="no_comm_hand" nite:id="vkaraisk_IS1002c_D.hand.2"/>
    <hand endtime="218.72" starttime="217.48" type="no_comm_hand" nite:id="vkaraisk_IS1002c_D.hand.3"/>
    <hand endtime="221.72" starttime="218.72" type="other_comm_hand_LH" nite:id="vkaraisk_IS1002c_D.hand.4"/>
    <hand endtime="346.88" starttime="221.72" type="no_comm_hand" nite:id="vkaraisk_IS1002c_D.hand.5"/>
    <hand endtime="352.08" starttime="346.88" type="other_comm_hand_RH" nite:id="vkaraisk_IS1002c_D.hand.6"/>
    <hand endtime="393.24" starttime="352.08" type="no_comm_hand" nite:id="vkaraisk_IS1002c_D.hand.7"/>
    <hand endtime="395.2" starttime="393.24" type="other_comm_hand_LH" nite:id="vkaraisk_IS1002c_D.hand.8"/>
    <hand endtime="409.04" starttime="395.2" type="no_comm_hand" nite:id="vkaraisk_IS1002c_D.hand.9"/>
    <hand endtime="410.0" starttime="409.04" type="point_a_document_RH" nite:id="vkaraisk_IS1002c_D.hand.10"/>
    <hand endtime="752.96" starttime="410.0" type="no_comm_hand" nite:id="vkaraisk_IS1002c_D.hand.11"/>
    <hand endtime="754.92" starttime="752.96" type="point_a_other_LH" nite:id="vkaraisk_IS1002c_D.hand.12"/>
    <hand endtime="805.36" starttime="754.92" type="no_comm_hand" nite:id="vkaraisk_IS1002c_D.hand.13"/>
    <hand endtime="806.28" starttime="805.36" type="other_comm_hand_LH" nite:id="vkaraisk_IS1002c_D.hand.14"/>
    <hand endtime="817.36" starttime="806.28" type="no_comm_hand" nite:id="vkaraisk_IS1002c_D.hand.15"/>
    <hand endtime="818.96" starttime="817.36" type="other_comm_hand_LH" nite:id="vkaraisk_IS1002c_D.hand.16"/>
    <hand endtime="831.36" starttime="818.96" type="no_comm_hand" nite:id="vkaraisk_IS1002c_D.hand.17"/>
    <hand endtime="832.0" starttime="831.36" type="other_comm_hand_LH" nite:id="vkaraisk_IS1002c_D.hand.18"/>
    <hand endtime="832.76" starttime="832.0" type="other_comm_hand_RH" nite:id="vkaraisk_IS1002c_D.hand.19"/>
    <hand endtime="838.76" starttime="832.76" type="no_comm_hand" nite:id="vkaraisk_IS1002c_D.hand.20"/>
    <hand endtime="840.2" starttime="838.76" type="other_comm_hand_BH" nite:id="vkaraisk_IS1002c_D.hand.21"/>
    <hand endtime="851.84" starttime="840.2" type="no_comm_hand" nite:id="vkaraisk_IS1002c_D.hand.22"/>
    <hand endtime="852.48" starttime="851.84" type="other_comm_hand_LH" nite:id="vkaraisk_IS1002c_D.hand.23"/>
    <hand endtime="879.52" starttime="852.48" type="no_comm_hand" nite:id="vkaraisk_IS1002c_D.hand.24"/>
    <hand endtime="881.0" starttime="879.52" type="point_a_laptop_RH" nite:id="vkaraisk_IS1002c_D.hand.25"/>
    <hand endtime="884.28" starttime="881.0" type="point_a_laptop_LH" nite:id="vkaraisk_IS1002c_D.hand.26"/>
    <hand endtime="887.12" starttime="884.28" type="no_comm_hand" nite:id="vkaraisk_IS1002c_D.hand.27"/>
    <hand endtime="887.92" starttime="887.12" type="point_p_id_RH" nite:id="vkaraisk_IS1002c_D.hand.28"/>
    <hand endtime="890.6" starttime="887.92" type="no_comm_hand" nite:id="vkaraisk_IS1002c_D.hand.29"/>
    <hand endtime="892.28" starttime="890.6" type="point_p_me_LH" nite:id="vkaraisk_IS1002c_D.hand.30"/>
    <hand endtime="904.52" starttime="892.28" type="no_comm_hand" nite:id="vkaraisk_IS1002c_D.hand.31"/>
    <hand endtime="909.16" starttime="904.52" type="other_comm_hand_LH" nite:id="vkaraisk_IS1002c_D.hand.32"/>
    <hand endtime="915.8" starttime="909.16" type="no_comm_hand" nite:id="vkaraisk_IS1002c_D.hand.33"/>
    <hand endtime="917.4" starttime="915.8" type="point_p_me_LH" nite:id="vkaraisk_IS1002c_D.hand.34"/>
    <hand endtime="982.68" starttime="917.4" type="no_comm_hand" nite:id="vkaraisk_IS1002c_D.hand.35"/>
    <hand endtime="983.36" starttime="982.68" type="other_comm_hand_RH" nite:id="vkaraisk_IS1002c_D.hand.36"/>
    <hand endtime="989.24" starttime="983.36" type="no_comm_hand" nite:id="vkaraisk_IS1002c_D.hand.37"/>
    <hand endtime="990.72" starttime="989.24" type="other_comm_hand_BH" nite:id="vkaraisk_IS1002c_D.hand.38"/>
    <hand endtime="1204.4" starttime="990.72" type="no_comm_hand" nite:id="vkaraisk_IS1002c_D.hand.39"/>
    <hand endtime="1205.88" starttime="1204.4" type="other_comm_hand_RH" nite:id="vkaraisk_IS1002c_D.hand.40"/>
    <hand endtime="1209.84" starttime="1205.88" type="no_comm_hand" nite:id="vkaraisk_IS1002c_D.hand.41"/>
    <hand endtime="1212.4" starttime="1209.84" type="other_comm_hand_RH" nite:id="vkaraisk_IS1002c_D.hand.42"/>
    <hand endtime="1235.52" starttime="1212.4" type="no_comm_hand" nite:id="vkaraisk_IS1002c_D.hand.43"/>
    <hand endtime="1237.8" starttime="1235.52" type="comm_interact_a_RH" nite:id="vkaraisk_IS1002c_D.hand.44"/>
    <hand endtime="1262.76" starttime="1237.8" type="no_comm_hand" nite:id="vkaraisk_IS1002c_D.hand.45"/>
    <hand endtime="1264.4" starttime="1262.76" type="other_comm_hand_BH" nite:id="vkaraisk_IS1002c_D.hand.46"/>
    <hand endtime="1285.32" starttime="1264.4" type="no_comm_hand" nite:id="vkaraisk_IS1002c_D.hand.47"/>
    <hand endtime="1286.28" starttime="1285.32" type="comm_interact_a_RH" nite:id="vkaraisk_IS1002c_D.hand.48"/>
    <hand endtime="1291.8" starttime="1286.28" type="comm_interact_a_BH" nite:id="vkaraisk_IS1002c_D.hand.49"/>
    <hand endtime="1293.04" starttime="1291.8" type="comm_interact_a_RH" nite:id="vkaraisk_IS1002c_D.hand.50"/>
    <hand endtime="1308.52" starttime="1293.04" type="no_comm_hand" nite:id="vkaraisk_IS1002c_D.hand.51"/>
    <hand endtime="1309.24" starttime="1308.52" type="comm_interact_a_RH" nite:id="vkaraisk_IS1002c_D.hand.52"/>
    <hand endtime="1309.56" starttime="1309.24" type="point_p_ui_LH" nite:id="vkaraisk_IS1002c_D.hand.53"/>
    <hand endtime="1310.16" starttime="1309.56" type="comm_interact_a_BH" nite:id="vkaraisk_IS1002c_D.hand.54"/>
    <hand endtime="1311.08" starttime="1310.16" type="point_p_ui_LH" nite:id="vkaraisk_IS1002c_D.hand.55"/>
    <hand endtime="1313.28" starttime="1311.08" type="comm_interact_a_BH" nite:id="vkaraisk_IS1002c_D.hand.56"/>
    <hand endtime="1318.84" starttime="1313.28" type="comm_interact_a_LH" nite:id="vkaraisk_IS1002c_D.hand.57"/>
    <hand endtime="1320.08" starttime="1318.84" type="comm_interact_a_BH" nite:id="vkaraisk_IS1002c_D.hand.58"/>
    <hand endtime="1320.72" starttime="1320.08" type="comm_interact_a_RH" nite:id="vkaraisk_IS1002c_D.hand.59"/>
    <hand endtime="1322.4" starttime="1320.72" type="other_comm_hand_BH" nite:id="vkaraisk_IS1002c_D.hand.60"/>
    <hand endtime="1333.0" starttime="1322.4" type="no_comm_hand" nite:id="vkaraisk_IS1002c_D.hand.61"/>
    <hand endtime="1333.84" starttime="1333.0" type="point_p_id_RH" nite:id="vkaraisk_IS1002c_D.hand.62"/>
    <hand endtime="1400.6" starttime="1333.84" type="no_comm_hand" nite:id="vkaraisk_IS1002c_D.hand.63"/>
    <hand endtime="1401.88" starttime="1400.6" type="other_comm_hand_RH" nite:id="vkaraisk_IS1002c_D.hand.64"/>
    <hand endtime="1419.4" starttime="1401.88" type="no_comm_hand" nite:id="vkaraisk_IS1002c_D.hand.65"/>
    <hand endtime="1421.56" starttime="1419.4" type="other_comm_hand_RH" nite:id="vkaraisk_IS1002c_D.hand.66"/>
    <hand endtime="1475.16" starttime="1421.56" type="no_comm_hand" nite:id="vkaraisk_IS1002c_D.hand.67"/>
    <hand endtime="1475.8" starttime="1475.16" type="other_comm_hand_RH" nite:id="vkaraisk_IS1002c_D.hand.68"/>
    <hand endtime="1533.6" starttime="1475.8" type="no_comm_hand" nite:id="vkaraisk_IS1002c_D.hand.69"/>
    <hand endtime="1534.4" starttime="1533.6" type="other_comm_hand_RH" nite:id="vkaraisk_IS1002c_D.hand.70"/>
    <hand endtime="1537.08" starttime="1534.4" type="no_comm_hand" nite:id="vkaraisk_IS1002c_D.hand.71"/>
    <hand endtime="1541.52" starttime="1537.08" type="other_comm_hand_RH" nite:id="vkaraisk_IS1002c_D.hand.72"/>
    <hand endtime="1590.36" starttime="1541.52" type="no_comm_hand" nite:id="vkaraisk_IS1002c_D.hand.73"/>
    <hand endtime="1592.48" starttime="1590.36" type="point_p_ui_RH" nite:id="vkaraisk_IS1002c_D.hand.74"/>
    <hand endtime="1595.84" starttime="1592.48" type="no_comm_hand" nite:id="vkaraisk_IS1002c_D.hand.75"/>
    <hand endtime="1601.28" starttime="1595.84" type="other_comm_hand_RH" nite:id="vkaraisk_IS1002c_D.hand.76"/>
    <hand endtime="1604.16" starttime="1601.28" type="no_comm_hand" nite:id="vkaraisk_IS1002c_D.hand.77"/>
    <hand endtime="1604.52" starttime="1604.16" type="other_comm_hand_RH" nite:id="vkaraisk_IS1002c_D.hand.78"/>
    <hand endtime="1608.8" starttime="1604.52" type="no_comm_hand" nite:id="vkaraisk_IS1002c_D.hand.79"/>
    <hand endtime="1612.16" starttime="1608.8" type="point_a_slide_RH" nite:id="vkaraisk_IS1002c_D.hand.80"/>
    <hand endtime="1613.36" starttime="1612.16" type="no_comm_hand" nite:id="vkaraisk_IS1002c_D.hand.81"/>
    <hand endtime="1614.96" starttime="1613.36" type="other_comm_hand_RH" nite:id="vkaraisk_IS1002c_D.hand.82"/>
    <hand endtime="1618.52" starttime="1614.96" type="no_comm_hand" nite:id="vkaraisk_IS1002c_D.hand.83"/>
    <hand endtime="1619.28" starttime="1618.52" type="other_comm_hand_RH" nite:id="vkaraisk_IS1002c_D.hand.84"/>
    <hand endtime="1622.8" starttime="1619.28" type="point_a_slide_RH" nite:id="vkaraisk_IS1002c_D.hand.85"/>
    <hand endtime="1632.32" starttime="1622.8" type="no_comm_hand" nite:id="vkaraisk_IS1002c_D.hand.86"/>
    <hand endtime="1634.0" starttime="1632.32" type="other_comm_hand_RH" nite:id="vkaraisk_IS1002c_D.hand.87"/>
    <hand endtime="1637.52" starttime="1634.0" type="no_comm_hand" nite:id="vkaraisk_IS1002c_D.hand.88"/>
    <hand endtime="1644.48" starttime="1637.52" type="other_comm_hand_RH" nite:id="vkaraisk_IS1002c_D.hand.89"/>
    <hand endtime="1646.52" starttime="1644.48" type="no_comm_hand" nite:id="vkaraisk_IS1002c_D.hand.90"/>
    <hand endtime="1649.92" starttime="1646.52" type="point_a_other_LH" nite:id="vkaraisk_IS1002c_D.hand.91"/>
    <hand endtime="1662.08" starttime="1649.92" type="no_comm_hand" nite:id="vkaraisk_IS1002c_D.hand.92"/>
    <hand endtime="1662.84" starttime="1662.08" type="point_a_other_RH" nite:id="vkaraisk_IS1002c_D.hand.93"/>
    <hand endtime="1669.76" starttime="1662.84" type="no_comm_hand" nite:id="vkaraisk_IS1002c_D.hand.94"/>
    <hand endtime="1671.56" starttime="1669.76" type="other_comm_hand_RH" nite:id="vkaraisk_IS1002c_D.hand.95"/>
    <hand endtime="1685.08" starttime="1671.56" type="no_comm_hand" nite:id="vkaraisk_IS1002c_D.hand.96"/>
    <hand endtime="1686.16" starttime="1685.08" type="other_comm_hand_RH" nite:id="vkaraisk_IS1002c_D.hand.97"/>
    <hand endtime="1734.56" starttime="1686.16" type="no_comm_hand" nite:id="vkaraisk_IS1002c_D.hand.98"/>
    <hand endtime="1735.76" starttime="1734.56" type="other_comm_hand_RH" nite:id="vkaraisk_IS1002c_D.hand.99"/>
    <hand comment="corner camera" endtime="1741.08" starttime="1735.76" type="comm_interact_a_RH" nite:id="vkaraisk_IS1002c_D.hand.100"/>
    <hand endtime="1758.92" starttime="1741.08" type="no_comm_hand" nite:id="vkaraisk_IS1002c_D.hand.101"/>
    <hand endtime="1760.44" starttime="1758.92" type="point_a_slide_RH" nite:id="vkaraisk_IS1002c_D.hand.102"/>
    <hand endtime="1799.8" starttime="1760.44" type="no_comm_hand" nite:id="vkaraisk_IS1002c_D.hand.103"/>
    <hand endtime="1800.36" starttime="1799.8" type="point_p_pm_RH" nite:id="vkaraisk_IS1002c_D.hand.104"/>
    <hand endtime="1859.12" starttime="1800.36" type="no_comm_hand" nite:id="vkaraisk_IS1002c_D.hand.105"/>
    <hand endtime="1859.6" starttime="1859.12" type="point_p_ui_RH" nite:id="vkaraisk_IS1002c_D.hand.106"/>
    <hand endtime="1859.96" starttime="1859.6" type="point_p_id_RH" nite:id="vkaraisk_IS1002c_D.hand.107"/>
    <hand endtime="1865.96" starttime="1859.96" type="no_comm_hand" nite:id="vkaraisk_IS1002c_D.hand.108"/>
    <hand endtime="1866.8" starttime="1865.96" type="point_a_other_RH" nite:id="vkaraisk_IS1002c_D.hand.109"/>
    <hand endtime="1867.68" starttime="1866.8" type="no_comm_hand" nite:id="vkaraisk_IS1002c_D.hand.110"/>
    <hand endtime="1870.2" starttime="1867.68" type="other_comm_hand_RH" nite:id="vkaraisk_IS1002c_D.hand.111"/>
    <hand endtime="2060.0" starttime="1870.2" type="no_comm_hand" nite:id="vkaraisk_IS1002c_D.hand.112"/>
</nite:root>
