<?xml version="1.0" encoding="UTF-8"?>
<nite:root xmlns:nite="http://nite.sourceforge.net/" nite:id="xsobol03_IS1008c_B.nite:root.1">
    <hand endtime="3.48" starttime="0.0" type="off_camera" nite:id="xsobol03_IS1008c_B.hand.1"/>
    <hand endtime="502.84" starttime="3.48" type="no_comm_hand" nite:id="xsobol03_IS1008c_B.hand.2"/>
    <hand endtime="504.68" starttime="502.84" type="other_comm_hand_BH" nite:id="xsobol03_IS1008c_B.hand.3"/>
    <hand endtime="512.8" starttime="504.68" type="no_comm_hand" nite:id="xsobol03_IS1008c_B.hand.4"/>
    <hand endtime="515.08" starttime="512.8" type="point_p_id_RH" nite:id="xsobol03_IS1008c_B.hand.5"/>
    <hand endtime="561.08" starttime="515.08" type="no_comm_hand" nite:id="xsobol03_IS1008c_B.hand.6"/>
    <hand endtime="561.64" starttime="561.08" type="other_comm_hand_BH" nite:id="xsobol03_IS1008c_B.hand.7"/>
    <hand endtime="563.8" starttime="561.64" type="point_a_slide_RH" nite:id="xsobol03_IS1008c_B.hand.8"/>
    <hand endtime="585.16" starttime="563.8" type="no_comm_hand" nite:id="xsobol03_IS1008c_B.hand.9"/>
    <hand endtime="585.88" starttime="585.16" type="point_a_slide_LH" nite:id="xsobol03_IS1008c_B.hand.10"/>
    <hand endtime="649.88" starttime="585.88" type="no_comm_hand" nite:id="xsobol03_IS1008c_B.hand.11"/>
    <hand endtime="650.56" starttime="649.88" type="point_a_whiteboard_LH" nite:id="xsobol03_IS1008c_B.hand.12"/>
    <hand endtime="651.48" starttime="650.56" type="other_comm_hand_RH" nite:id="xsobol03_IS1008c_B.hand.13"/>
    <hand endtime="652.88" starttime="651.48" type="no_comm_hand" nite:id="xsobol03_IS1008c_B.hand.14"/>
    <hand endtime="654.04" starttime="652.88" type="point_a_slide_LH" nite:id="xsobol03_IS1008c_B.hand.15"/>
    <hand endtime="662.49" starttime="654.04" type="no_comm_hand" nite:id="xsobol03_IS1008c_B.hand.16"/>
    <hand endtime="663.88" starttime="662.49" type="other_comm_hand_BH" nite:id="xsobol03_IS1008c_B.hand.17"/>
    <hand endtime="677.84" starttime="663.88" type="no_comm_hand" nite:id="xsobol03_IS1008c_B.hand.18"/>
    <hand endtime="678.8" starttime="677.84" type="other_comm_hand_BH" nite:id="xsobol03_IS1008c_B.hand.19"/>
    <hand endtime="682.12" starttime="678.8" type="no_comm_hand" nite:id="xsobol03_IS1008c_B.hand.20"/>
    <hand endtime="683.88" starttime="682.12" type="point_p_id_RH" nite:id="xsobol03_IS1008c_B.hand.21"/>
    <hand endtime="684.52" starttime="683.88" type="no_comm_hand" nite:id="xsobol03_IS1008c_B.hand.22"/>
    <hand endtime="686.8" starttime="684.52" type="other_comm_hand_BH" nite:id="xsobol03_IS1008c_B.hand.23"/>
    <hand endtime="691.52" starttime="686.8" type="other_comm_hand_RH" nite:id="xsobol03_IS1008c_B.hand.24"/>
    <hand endtime="707.32" starttime="691.52" type="no_comm_hand" nite:id="xsobol03_IS1008c_B.hand.25"/>
    <hand endtime="708.52" starttime="707.32" type="other_comm_hand_RH" nite:id="xsobol03_IS1008c_B.hand.26"/>
    <hand endtime="710.92" starttime="708.52" type="no_comm_hand" nite:id="xsobol03_IS1008c_B.hand.27"/>
    <hand endtime="712.24" starttime="710.92" type="other_comm_hand_RH" nite:id="xsobol03_IS1008c_B.hand.28"/>
    <hand endtime="717.88" starttime="712.24" type="no_comm_hand" nite:id="xsobol03_IS1008c_B.hand.29"/>
    <hand endtime="719.12" starttime="717.88" type="point_p_id_RH" nite:id="xsobol03_IS1008c_B.hand.30"/>
    <hand endtime="723.76" starttime="719.12" type="no_comm_hand" nite:id="xsobol03_IS1008c_B.hand.31"/>
    <hand endtime="725.24" starttime="723.76" type="other_comm_hand_RH" nite:id="xsobol03_IS1008c_B.hand.32"/>
    <hand endtime="727.88" starttime="725.24" type="no_comm_hand" nite:id="xsobol03_IS1008c_B.hand.33"/>
    <hand endtime="728.4" starttime="727.88" type="point_a_slide_LH" nite:id="xsobol03_IS1008c_B.hand.34"/>
    <hand endtime="734.4" starttime="728.4" type="no_comm_hand" nite:id="xsobol03_IS1008c_B.hand.35"/>
    <hand endtime="735.2" starttime="734.4" type="point_p_me_RH" nite:id="xsobol03_IS1008c_B.hand.36"/>
    <hand endtime="855.08" starttime="735.2" type="no_comm_hand" nite:id="xsobol03_IS1008c_B.hand.37"/>
    <hand comment="corner camera" endtime="856.2" starttime="855.08" type="point_a_whiteboard_LH" nite:id="xsobol03_IS1008c_B.hand.38"/>
    <hand endtime="874.32" starttime="856.2" type="no_comm_hand" nite:id="xsobol03_IS1008c_B.hand.39"/>
    <hand endtime="875.2" starttime="874.32" type="point_a_whiteboard_LH" nite:id="xsobol03_IS1008c_B.hand.40"/>
    <hand endtime="882.6" starttime="875.2" type="no_comm_hand" nite:id="xsobol03_IS1008c_B.hand.41"/>
    <hand endtime="890.88" starttime="882.6" type="other_comm_hand_RH" nite:id="xsobol03_IS1008c_B.hand.42"/>
    <hand endtime="893.4" starttime="890.88" type="other_comm_hand_BH" nite:id="xsobol03_IS1008c_B.hand.43"/>
    <hand endtime="900.04" starttime="893.4" type="no_comm_hand" nite:id="xsobol03_IS1008c_B.hand.44"/>
    <hand endtime="901.36" starttime="900.04" type="other_comm_hand_LH" nite:id="xsobol03_IS1008c_B.hand.45"/>
    <hand endtime="1306.16" starttime="901.36" type="no_comm_hand" nite:id="xsobol03_IS1008c_B.hand.46"/>
    <hand endtime="1309.32" starttime="1306.16" type="other_comm_hand_BH" nite:id="xsobol03_IS1008c_B.hand.47"/>
    <hand endtime="1524.08" starttime="1309.32" type="no_comm_hand" nite:id="xsobol03_IS1008c_B.hand.48"/>
    <hand endtime="1546.0" starttime="1524.08" type="off_camera" nite:id="xsobol03_IS1008c_B.hand.49"/>
</nite:root>
