<?xml version="1.0" encoding="UTF-8"?>
<nite:root xmlns:nite="http://nite.sourceforge.net/" nite:id="pistek_IS1008b_A.nite:root.1">
    <hand endtime="28.0" starttime="26.84" type="off_camera" nite:id="pistek_IS1008b_A.hand.1"/>
    <hand endtime="77.6" starttime="28.0" type="no_comm_hand" nite:id="pistek_IS1008b_A.hand.2"/>
    <hand endtime="78.4" starttime="77.6" type="point_p_ui_RH" nite:id="pistek_IS1008b_A.hand.3"/>
    <hand endtime="564.84" starttime="78.4" type="no_comm_hand" nite:id="pistek_IS1008b_A.hand.4"/>
    <hand endtime="565.36" starttime="564.84" type="point_a_laptop_RH" nite:id="pistek_IS1008b_A.hand.5"/>
    <hand endtime="1186.64" starttime="565.36" type="no_comm_hand" nite:id="pistek_IS1008b_A.hand.6"/>
    <hand endtime="1187.6" starttime="1186.64" type="point_p_me_RH" nite:id="pistek_IS1008b_A.hand.7"/>
    <hand endtime="1279.72" starttime="1187.6" type="no_comm_hand" nite:id="pistek_IS1008b_A.hand.8"/>
    <hand endtime="1280.24" starttime="1279.72" type="point_p_ui_RH" nite:id="pistek_IS1008b_A.hand.9"/>
    <hand endtime="1495.64" starttime="1280.24" type="no_comm_hand" nite:id="pistek_IS1008b_A.hand.10"/>
    <hand endtime="1496.28" starttime="1495.64" type="point_p_id_RH" nite:id="pistek_IS1008b_A.hand.11"/>
    <hand endtime="1758.92" starttime="1496.28" type="no_comm_hand" nite:id="pistek_IS1008b_A.hand.12"/>
    <hand endtime="1764.0" starttime="1758.92" type="off_camera" nite:id="pistek_IS1008b_A.hand.13"/>
</nite:root>
