<?xml version="1.0" encoding="UTF-8"?>
<nite:root xmlns:nite="http://nite.sourceforge.net/" nite:id="xsobol03_IS1008c_D.nite:root.1">
    <hand endtime="6.48" starttime="0.0" type="off_camera" nite:id="xsobol03_IS1008c_D.hand.1"/>
    <hand endtime="925.92" starttime="6.48" type="no_comm_hand" nite:id="xsobol03_IS1008c_D.hand.2"/>
    <hand endtime="926.84" starttime="925.92" type="point_a_slide_RH" nite:id="xsobol03_IS1008c_D.hand.3"/>
    <hand endtime="962.04" starttime="926.84" type="no_comm_hand" nite:id="xsobol03_IS1008c_D.hand.4"/>
    <hand endtime="962.6" starttime="962.04" type="point_a_slide_LH" nite:id="xsobol03_IS1008c_D.hand.5"/>
    <hand endtime="996.96" starttime="962.6" type="no_comm_hand" nite:id="xsobol03_IS1008c_D.hand.6"/>
    <hand endtime="997.96" starttime="996.96" type="point_a_slide_LH" nite:id="xsobol03_IS1008c_D.hand.7"/>
    <hand endtime="1013.16" starttime="997.96" type="no_comm_hand" nite:id="xsobol03_IS1008c_D.hand.8"/>
    <hand endtime="1014.12" starttime="1013.16" type="point_a_whiteboard_RH" nite:id="xsobol03_IS1008c_D.hand.9"/>
    <hand endtime="1052.76" starttime="1014.12" type="no_comm_hand" nite:id="xsobol03_IS1008c_D.hand.10"/>
    <hand endtime="1054.04" starttime="1052.76" type="point_a_whiteboard_LH" nite:id="xsobol03_IS1008c_D.hand.11"/>
    <hand endtime="1059.64" starttime="1054.04" type="other_comm_hand_BH" nite:id="xsobol03_IS1008c_D.hand.12"/>
    <hand endtime="1063.8" starttime="1059.64" type="no_comm_hand" nite:id="xsobol03_IS1008c_D.hand.13"/>
    <hand endtime="1067.48" starttime="1063.8" type="other_comm_hand_BH" nite:id="xsobol03_IS1008c_D.hand.14"/>
    <hand endtime="1074.28" starttime="1067.48" type="no_comm_hand" nite:id="xsobol03_IS1008c_D.hand.15"/>
    <hand endtime="1076.8" starttime="1074.28" type="point_a_slide_RH" nite:id="xsobol03_IS1008c_D.hand.16"/>
    <hand endtime="1078.64" starttime="1076.8" type="no_comm_hand" nite:id="xsobol03_IS1008c_D.hand.17"/>
    <hand endtime="1080.96" starttime="1078.64" type="point_a_slide_RH" nite:id="xsobol03_IS1008c_D.hand.18"/>
    <hand endtime="1087.28" starttime="1080.96" type="no_comm_hand" nite:id="xsobol03_IS1008c_D.hand.19"/>
    <hand endtime="1087.8" starttime="1087.28" type="point_a_slide_RH" nite:id="xsobol03_IS1008c_D.hand.20"/>
    <hand endtime="1170.0" starttime="1087.8" type="no_comm_hand" nite:id="xsobol03_IS1008c_D.hand.21"/>
    <hand endtime="1172.32" starttime="1170.0" type="other_comm_hand_RH" nite:id="xsobol03_IS1008c_D.hand.22"/>
    <hand endtime="1250.4" starttime="1172.32" type="no_comm_hand" nite:id="xsobol03_IS1008c_D.hand.23"/>
    <hand endtime="1251.48" starttime="1250.4" type="other_comm_hand_RH" nite:id="xsobol03_IS1008c_D.hand.24"/>
    <hand endtime="1368.92" starttime="1251.48" type="no_comm_hand" nite:id="xsobol03_IS1008c_D.hand.25"/>
    <hand endtime="1373.44" starttime="1368.92" type="other_comm_hand_RH" nite:id="xsobol03_IS1008c_D.hand.26"/>
    <hand endtime="1403.8" starttime="1373.44" type="no_comm_hand" nite:id="xsobol03_IS1008c_D.hand.27"/>
    <hand endtime="1407.28" starttime="1403.8" type="other_comm_hand_BH" nite:id="xsobol03_IS1008c_D.hand.28"/>
    <hand endtime="1528.44" starttime="1407.28" type="no_comm_hand" nite:id="xsobol03_IS1008c_D.hand.29"/>
    <hand endtime="1546.0" starttime="1528.44" type="off_camera" nite:id="xsobol03_IS1008c_D.hand.30"/>
</nite:root>
