<?xml version="1.0" encoding="UTF-8"?>
<nite:root xmlns:nite="http://nite.sourceforge.net/" nite:id="pistek_IS1008b_D.nite:root.1">
    <hand endtime="7.84" starttime="7.32" type="off_camera" nite:id="pistek_IS1008b_D.hand.1"/>
    <hand endtime="892.72" starttime="7.84" type="no_comm_hand" nite:id="pistek_IS1008b_D.hand.2"/>
    <hand endtime="895.2" starttime="892.72" type="other_comm_hand_BH" nite:id="pistek_IS1008b_D.hand.3"/>
    <hand endtime="895.56" starttime="895.2" type="no_comm_hand" nite:id="pistek_IS1008b_D.hand.4"/>
    <hand endtime="896.36" starttime="895.56" type="point_p_id_BH" nite:id="pistek_IS1008b_D.hand.5"/>
    <hand endtime="1071.12" starttime="896.36" type="no_comm_hand" nite:id="pistek_IS1008b_D.hand.6"/>
    <hand endtime="1072.28" starttime="1071.12" type="other_comm_hand_RH" nite:id="pistek_IS1008b_D.hand.7"/>
    <hand endtime="1074.4" starttime="1072.28" type="no_comm_hand" nite:id="pistek_IS1008b_D.hand.8"/>
    <hand endtime="1075.88" starttime="1074.4" type="other_comm_hand_RH" nite:id="pistek_IS1008b_D.hand.9"/>
    <hand endtime="1760.04" starttime="1075.88" type="no_comm_hand" nite:id="pistek_IS1008b_D.hand.10"/>
    <hand endtime="1764.0" starttime="1760.04" type="off_camera" nite:id="pistek_IS1008b_D.hand.11"/>
</nite:root>
