<?xml version="1.0" encoding="UTF-8"?>
<nite:root xmlns:nite="http://nite.sourceforge.net/" nite:id="Tomas_TS3005a_A.nite:root.1">
    <hand endtime="18.04" starttime="0.0" type="off_camera" nite:id="Tomas_TS3005a_A.hand.1"/>
    <hand endtime="93.88" starttime="18.04" type="no_comm_hand" nite:id="Tomas_TS3005a_A.hand.2"/>
    <hand endtime="94.48" starttime="93.88" type="point_a_slide_LH" nite:id="Tomas_TS3005a_A.hand.3"/>
    <hand endtime="97.56" starttime="94.48" type="no_comm_hand" nite:id="Tomas_TS3005a_A.hand.4"/>
    <hand endtime="98.32" starttime="97.56" type="comm_interact_a_LH" nite:id="Tomas_TS3005a_A.hand.5"/>
    <hand endtime="112.52" starttime="98.32" type="no_comm_hand" nite:id="Tomas_TS3005a_A.hand.6"/>
    <hand endtime="113.56" starttime="112.52" type="comm_interact_a_LH" nite:id="Tomas_TS3005a_A.hand.7"/>
    <hand endtime="131.88" starttime="113.56" type="no_comm_hand" nite:id="Tomas_TS3005a_A.hand.8"/>
    <hand endtime="134.2" starttime="131.88" type="point_a_other_BH" nite:id="Tomas_TS3005a_A.hand.9"/>
    <hand endtime="136.24" starttime="134.2" type="no_comm_hand" nite:id="Tomas_TS3005a_A.hand.10"/>
    <hand endtime="137.96" starttime="136.24" type="other_comm_hand_BH" nite:id="Tomas_TS3005a_A.hand.11"/>
    <hand endtime="139.08" starttime="137.96" type="no_comm_hand" nite:id="Tomas_TS3005a_A.hand.12"/>
    <hand endtime="139.92" starttime="139.08" type="point_a_other_RH" nite:id="Tomas_TS3005a_A.hand.13"/>
    <hand endtime="142.56" starttime="139.92" type="no_comm_hand" nite:id="Tomas_TS3005a_A.hand.14"/>
    <hand endtime="144.28" starttime="142.56" type="point_a_other_BH" nite:id="Tomas_TS3005a_A.hand.15"/>
    <hand endtime="145.16" starttime="144.28" type="no_comm_hand" nite:id="Tomas_TS3005a_A.hand.16"/>
    <hand endtime="146.28" starttime="145.16" type="point_a_other_RH" nite:id="Tomas_TS3005a_A.hand.17"/>
    <hand endtime="146.68" starttime="146.28" type="no_comm_hand" nite:id="Tomas_TS3005a_A.hand.18"/>
    <hand endtime="147.96" starttime="146.68" type="point_a_other_RH" nite:id="Tomas_TS3005a_A.hand.19"/>
    <hand endtime="150.64" starttime="147.96" type="no_comm_hand" nite:id="Tomas_TS3005a_A.hand.20"/>
    <hand endtime="151.6" starttime="150.64" type="point_a_other_RH" nite:id="Tomas_TS3005a_A.hand.21"/>
    <hand endtime="169.6" starttime="151.6" type="no_comm_hand" nite:id="Tomas_TS3005a_A.hand.22"/>
    <hand endtime="170.16" starttime="169.6" type="point_p_ui_LH" nite:id="Tomas_TS3005a_A.hand.23"/>
    <hand endtime="238.04" starttime="170.16" type="no_comm_hand" nite:id="Tomas_TS3005a_A.hand.24"/>
    <hand endtime="238.68" starttime="238.04" type="comm_interact_a_LH" nite:id="Tomas_TS3005a_A.hand.25"/>
    <hand endtime="244.92" starttime="238.68" type="no_comm_hand" nite:id="Tomas_TS3005a_A.hand.26"/>
    <hand endtime="247.84" starttime="244.92" type="comm_interact_a_LH" nite:id="Tomas_TS3005a_A.hand.27"/>
    <hand endtime="267.48" starttime="247.84" type="no_comm_hand" nite:id="Tomas_TS3005a_A.hand.28"/>
    <hand endtime="267.8" starttime="267.48" type="point_a_whiteboard_RH" nite:id="Tomas_TS3005a_A.hand.29"/>
    <hand endtime="268.36" starttime="267.8" type="comm_interact_a_LH" nite:id="Tomas_TS3005a_A.hand.30"/>
    <hand endtime="270.2" starttime="268.36" type="no_comm_hand" nite:id="Tomas_TS3005a_A.hand.31"/>
    <hand endtime="270.92" starttime="270.2" type="comm_interact_a_LH" nite:id="Tomas_TS3005a_A.hand.32"/>
    <hand endtime="273.48" starttime="270.92" type="no_comm_hand" nite:id="Tomas_TS3005a_A.hand.33"/>
    <hand endtime="274.48" starttime="273.48" type="point_a_whiteboard_RH" nite:id="Tomas_TS3005a_A.hand.34"/>
    <hand endtime="280.92" starttime="274.48" type="no_comm_hand" nite:id="Tomas_TS3005a_A.hand.35"/>
    <hand endtime="282.64" starttime="280.92" type="point_a_slide_LH" nite:id="Tomas_TS3005a_A.hand.36"/>
    <hand endtime="293.84" starttime="282.64" type="no_comm_hand" nite:id="Tomas_TS3005a_A.hand.37"/>
    <hand endtime="294.96" starttime="293.84" type="point_a_whiteboard_LH" nite:id="Tomas_TS3005a_A.hand.38"/>
    <hand endtime="296.64" starttime="294.96" type="no_comm_hand" nite:id="Tomas_TS3005a_A.hand.39"/>
    <hand endtime="297.84" starttime="296.64" type="comm_interact_a_LH" nite:id="Tomas_TS3005a_A.hand.40"/>
    <hand endtime="301.84" starttime="297.84" type="no_comm_hand" nite:id="Tomas_TS3005a_A.hand.41"/>
    <hand endtime="303.68" starttime="301.84" type="comm_interact_a_LH" nite:id="Tomas_TS3005a_A.hand.42"/>
    <hand endtime="304.16" starttime="303.68" type="no_comm_hand" nite:id="Tomas_TS3005a_A.hand.43"/>
    <hand endtime="306.24" starttime="304.16" type="point_a_whiteboard_LH" nite:id="Tomas_TS3005a_A.hand.44"/>
    <hand endtime="314.24" starttime="306.24" type="no_comm_hand" nite:id="Tomas_TS3005a_A.hand.45"/>
    <hand endtime="315.72" starttime="314.24" type="point_a_whiteboard_LH" nite:id="Tomas_TS3005a_A.hand.46"/>
    <hand endtime="316.08" starttime="315.72" type="no_comm_hand" nite:id="Tomas_TS3005a_A.hand.47"/>
    <hand endtime="317.88" starttime="316.08" type="point_a_whiteboard_LH" nite:id="Tomas_TS3005a_A.hand.48"/>
    <hand endtime="340.08" starttime="317.88" type="no_comm_hand" nite:id="Tomas_TS3005a_A.hand.49"/>
    <hand endtime="340.8" starttime="340.08" type="point_a_whiteboard_LH" nite:id="Tomas_TS3005a_A.hand.50"/>
    <hand endtime="375.04" starttime="340.8" type="no_comm_hand" nite:id="Tomas_TS3005a_A.hand.51"/>
    <hand endtime="376.52" starttime="375.04" type="point_a_whiteboard_RH" nite:id="Tomas_TS3005a_A.hand.52"/>
    <hand endtime="379.44" starttime="376.52" type="no_comm_hand" nite:id="Tomas_TS3005a_A.hand.53"/>
    <hand endtime="380.52" starttime="379.44" type="point_a_whiteboard_RH" nite:id="Tomas_TS3005a_A.hand.54"/>
    <hand endtime="412.68" starttime="380.52" type="no_comm_hand" nite:id="Tomas_TS3005a_A.hand.55"/>
    <hand endtime="415.36" starttime="412.68" type="point_a_slide_LH" nite:id="Tomas_TS3005a_A.hand.56"/>
    <hand endtime="493.32" starttime="415.36" type="no_comm_hand" nite:id="Tomas_TS3005a_A.hand.57"/>
    <hand endtime="496.12" starttime="493.32" type="comm_interact_a_RH" nite:id="Tomas_TS3005a_A.hand.58"/>
    <hand endtime="583.96" starttime="496.12" type="no_comm_hand" nite:id="Tomas_TS3005a_A.hand.59"/>
    <hand endtime="584.68" starttime="583.96" type="point_a_whiteboard_LH" nite:id="Tomas_TS3005a_A.hand.60"/>
    <hand endtime="797.56" starttime="584.68" type="no_comm_hand" nite:id="Tomas_TS3005a_A.hand.61"/>
    <hand endtime="798.52" starttime="797.56" type="comm_interact_a_LH" nite:id="Tomas_TS3005a_A.hand.62"/>
    <hand endtime="1151.2" starttime="798.52" type="no_comm_hand" nite:id="Tomas_TS3005a_A.hand.63"/>
    <hand endtime="1152.44" starttime="1151.2" type="comm_interact_a_LH" nite:id="Tomas_TS3005a_A.hand.64"/>
    <hand endtime="1178.08" starttime="1152.44" type="no_comm_hand" nite:id="Tomas_TS3005a_A.hand.65"/>
    <hand endtime="1180.64" starttime="1178.08" type="comm_interact_a_LH" nite:id="Tomas_TS3005a_A.hand.66"/>
    <hand endtime="1298.92" starttime="1180.64" type="no_comm_hand" nite:id="Tomas_TS3005a_A.hand.67"/>
    <hand endtime="1318.849" starttime="1298.92" type="off_camera" nite:id="Tomas_TS3005a_A.hand.68"/>
</nite:root>
