<?xml version="1.0" encoding="UTF-8"?>
<nite:root xmlns:nite="http://nite.sourceforge.net/" nite:id="Tomas_TS3005a_B.nite:root.1">
    <hand endtime="0.0010" starttime="0.0" type="off_camera" nite:id="Tomas_TS3005a_B.hand.1"/>
    <hand endtime="758.68" starttime="0.0010" type="no_comm_hand" nite:id="Tomas_TS3005a_B.hand.2"/>
    <hand endtime="761.88" starttime="758.68" type="comm_interact_a_RH" nite:id="Tomas_TS3005a_B.hand.3"/>
    <hand endtime="884.76" starttime="761.88" type="no_comm_hand" nite:id="Tomas_TS3005a_B.hand.4"/>
    <hand endtime="891.84" starttime="884.76" type="other_comm_hand_BH" nite:id="Tomas_TS3005a_B.hand.5"/>
    <hand endtime="1188.28" starttime="891.84" type="no_comm_hand" nite:id="Tomas_TS3005a_B.hand.6"/>
    <hand endtime="1189.12" starttime="1188.28" type="point_a_slide_RH" nite:id="Tomas_TS3005a_B.hand.7"/>
    <hand endtime="1192.76" starttime="1189.12" type="point_a_whiteboard_RH" nite:id="Tomas_TS3005a_B.hand.8"/>
    <hand endtime="1259.32" starttime="1192.76" type="no_comm_hand" nite:id="Tomas_TS3005a_B.hand.9"/>
    <hand endtime="1318.849" starttime="1259.32" type="off_camera" nite:id="Tomas_TS3005a_B.hand.10"/>
</nite:root>
