<?xml version="1.0" encoding="UTF-8"?>
<nite:root xmlns:nite="http://nite.sourceforge.net/" nite:id="Tomas_TS3005b_D.nite:root.1">
    <hand endtime="27.88" starttime="0.0" type="off_camera" nite:id="Tomas_TS3005b_D.hand.1"/>
    <hand endtime="320.12" starttime="27.88" type="no_comm_hand" nite:id="Tomas_TS3005b_D.hand.2"/>
    <hand endtime="321.08" starttime="320.12" type="point_a_slide_LH" nite:id="Tomas_TS3005b_D.hand.3"/>
    <hand endtime="662.24" starttime="321.08" type="no_comm_hand" nite:id="Tomas_TS3005b_D.hand.4"/>
    <hand endtime="670.4" starttime="662.24" type="point_a_slide_RH" nite:id="Tomas_TS3005b_D.hand.5"/>
    <hand endtime="673.32" starttime="670.4" type="no_comm_hand" nite:id="Tomas_TS3005b_D.hand.6"/>
    <hand endtime="678.44" starttime="673.32" type="point_a_slide_RH" nite:id="Tomas_TS3005b_D.hand.7"/>
    <hand endtime="680.84" starttime="678.44" type="no_comm_hand" nite:id="Tomas_TS3005b_D.hand.8"/>
    <hand endtime="682.68" starttime="680.84" type="point_a_slide_RH" nite:id="Tomas_TS3005b_D.hand.9"/>
    <hand endtime="685.84" starttime="682.68" type="no_comm_hand" nite:id="Tomas_TS3005b_D.hand.10"/>
    <hand endtime="691.24" starttime="685.84" type="point_a_slide_RH" nite:id="Tomas_TS3005b_D.hand.11"/>
    <hand endtime="737.16" starttime="691.24" type="no_comm_hand" nite:id="Tomas_TS3005b_D.hand.12"/>
    <hand endtime="742.12" starttime="737.16" type="point_a_slide_RH" nite:id="Tomas_TS3005b_D.hand.13"/>
    <hand endtime="758.88" starttime="742.12" type="no_comm_hand" nite:id="Tomas_TS3005b_D.hand.14"/>
    <hand endtime="760.76" starttime="758.88" type="point_a_slide_RH" nite:id="Tomas_TS3005b_D.hand.15"/>
    <hand endtime="771.28" starttime="760.76" type="no_comm_hand" nite:id="Tomas_TS3005b_D.hand.16"/>
    <hand endtime="773.84" starttime="771.28" type="point_a_slide_RH" nite:id="Tomas_TS3005b_D.hand.17"/>
    <hand endtime="773.92" starttime="773.84" type="no_comm_hand" nite:id="Tomas_TS3005b_D.hand.18"/>
    <hand endtime="774.64" starttime="773.92" type="point_p_id_RH" nite:id="Tomas_TS3005b_D.hand.19"/>
    <hand endtime="784.76" starttime="774.64" type="no_comm_hand" nite:id="Tomas_TS3005b_D.hand.20"/>
    <hand endtime="787.0" starttime="784.76" type="point_a_slide_RH" nite:id="Tomas_TS3005b_D.hand.21"/>
    <hand endtime="839.4" starttime="787.0" type="no_comm_hand" nite:id="Tomas_TS3005b_D.hand.22"/>
    <hand endtime="840.44" starttime="839.4" type="point_a_slide_RH" nite:id="Tomas_TS3005b_D.hand.23"/>
    <hand endtime="848.44" starttime="840.44" type="no_comm_hand" nite:id="Tomas_TS3005b_D.hand.24"/>
    <hand endtime="849.12" starttime="848.44" type="point_a_slide_RH" nite:id="Tomas_TS3005b_D.hand.25"/>
    <hand endtime="1021.84" starttime="849.12" type="no_comm_hand" nite:id="Tomas_TS3005b_D.hand.26"/>
    <hand endtime="1024.52" starttime="1021.84" type="point_p_ui_LH" nite:id="Tomas_TS3005b_D.hand.27"/>
    <hand endtime="1097.56" starttime="1024.52" type="no_comm_hand" nite:id="Tomas_TS3005b_D.hand.28"/>
    <hand endtime="1098.8" starttime="1097.56" type="other_comm_hand_BH" nite:id="Tomas_TS3005b_D.hand.29"/>
    <hand endtime="1199.08" starttime="1098.8" type="no_comm_hand" nite:id="Tomas_TS3005b_D.hand.30"/>
    <hand endtime="1200.2" starttime="1199.08" type="point_a_other_RH" nite:id="Tomas_TS3005b_D.hand.31"/>
    <hand endtime="1200.32" starttime="1200.2" type="no_comm_hand" nite:id="Tomas_TS3005b_D.hand.32"/>
    <hand endtime="1201.28" starttime="1200.32" type="other_comm_hand_BH" nite:id="Tomas_TS3005b_D.hand.33"/>
    <hand endtime="1254.48" starttime="1201.28" type="no_comm_hand" nite:id="Tomas_TS3005b_D.hand.34"/>
    <hand endtime="1255.48" starttime="1254.48" type="point_a_laptop_RH" nite:id="Tomas_TS3005b_D.hand.35"/>
    <hand endtime="1694.68" starttime="1255.48" type="no_comm_hand" nite:id="Tomas_TS3005b_D.hand.36"/>
    <hand endtime="1695.36" starttime="1694.68" type="point_p_ui_LH" nite:id="Tomas_TS3005b_D.hand.37"/>
    <hand endtime="1727.6" starttime="1695.36" type="no_comm_hand" nite:id="Tomas_TS3005b_D.hand.38"/>
    <hand endtime="1748.24" starttime="1727.6" type="point_a_laptop_LH" nite:id="Tomas_TS3005b_D.hand.39"/>
    <hand endtime="2017.52" starttime="1748.24" type="no_comm_hand" nite:id="Tomas_TS3005b_D.hand.40"/>
    <hand endtime="2019.56" starttime="2017.52" type="other_comm_hand_BH" nite:id="Tomas_TS3005b_D.hand.41"/>
    <hand endtime="2416.28" starttime="2019.56" type="no_comm_hand" nite:id="Tomas_TS3005b_D.hand.42"/>
    <hand endtime="2439.916" starttime="2416.28" type="off_camera" nite:id="Tomas_TS3005b_D.hand.43"/>
</nite:root>
