<?xml version="1.0" encoding="UTF-8"?>
<nite:root xmlns:nite="http://nite.sourceforge.net/" nite:id="Tomas_TS3005b_A.nite:root.1">
    <hand endtime="12.84" starttime="0.0" type="off_camera" nite:id="Tomas_TS3005b_A.hand.1"/>
    <hand endtime="110.4" starttime="12.84" type="no_comm_hand" nite:id="Tomas_TS3005b_A.hand.2"/>
    <hand endtime="112.56" starttime="110.4" type="point_a_slide_RH" nite:id="Tomas_TS3005b_A.hand.3"/>
    <hand endtime="142.0" starttime="112.56" type="no_comm_hand" nite:id="Tomas_TS3005b_A.hand.4"/>
    <hand endtime="143.04" starttime="142.0" type="point_a_slide_RH" nite:id="Tomas_TS3005b_A.hand.5"/>
    <hand endtime="1712.56" starttime="143.04" type="no_comm_hand" nite:id="Tomas_TS3005b_A.hand.6"/>
    <hand endtime="1712.96" starttime="1712.56" type="point_a_laptop_LH" nite:id="Tomas_TS3005b_A.hand.7"/>
    <hand endtime="1868.48" starttime="1712.96" type="no_comm_hand" nite:id="Tomas_TS3005b_A.hand.8"/>
    <hand endtime="1871.4" starttime="1868.48" type="other_comm_hand_LH" nite:id="Tomas_TS3005b_A.hand.9"/>
    <hand endtime="2370.68" starttime="1871.4" type="no_comm_hand" nite:id="Tomas_TS3005b_A.hand.10"/>
    <hand endtime="2371.4" starttime="2370.68" type="point_a_slide_RH" nite:id="Tomas_TS3005b_A.hand.11"/>
    <hand endtime="2378.48" starttime="2371.4" type="no_comm_hand" nite:id="Tomas_TS3005b_A.hand.12"/>
    <hand endtime="2379.48" starttime="2378.48" type="point_a_slide_RH" nite:id="Tomas_TS3005b_A.hand.13"/>
    <hand endtime="2383.12" starttime="2379.48" type="no_comm_hand" nite:id="Tomas_TS3005b_A.hand.14"/>
    <hand endtime="2383.64" starttime="2383.12" type="point_a_slide_RH" nite:id="Tomas_TS3005b_A.hand.15"/>
    <hand endtime="2422.4" starttime="2383.64" type="no_comm_hand" nite:id="Tomas_TS3005b_A.hand.16"/>
    <hand endtime="2439.916" starttime="2422.4" type="off_camera" nite:id="Tomas_TS3005b_A.hand.17"/>
</nite:root>
