<?xml version="1.0" encoding="UTF-8"?>
<nite:root xmlns:nite="http://nite.sourceforge.net/" nite:id="Tomas_TS3005b_C.nite:root.1">
    <hand endtime="16.0" starttime="0.0" type="off_camera" nite:id="Tomas_TS3005b_C.hand.1"/>
    <hand endtime="160.56" starttime="16.0" type="no_comm_hand" nite:id="Tomas_TS3005b_C.hand.2"/>
    <hand endtime="161.28" starttime="160.56" type="point_p_other_BH" nite:id="Tomas_TS3005b_C.hand.3"/>
    <hand endtime="162.6" starttime="161.28" type="point_a_laptop_BH" nite:id="Tomas_TS3005b_C.hand.4"/>
    <hand endtime="327.76" starttime="162.6" type="no_comm_hand" nite:id="Tomas_TS3005b_C.hand.5"/>
    <hand endtime="329.76" starttime="327.76" type="comm_interact_a_RH" nite:id="Tomas_TS3005b_C.hand.6"/>
    <hand endtime="446.68" starttime="329.76" type="no_comm_hand" nite:id="Tomas_TS3005b_C.hand.7"/>
    <hand endtime="447.2" starttime="446.68" type="point_l_RH" nite:id="Tomas_TS3005b_C.hand.8"/>
    <hand endtime="461.4" starttime="447.2" type="no_comm_hand" nite:id="Tomas_TS3005b_C.hand.9"/>
    <hand endtime="462.28" starttime="461.4" type="point_a_slide_RH" nite:id="Tomas_TS3005b_C.hand.10"/>
    <hand endtime="462.48" starttime="462.28" type="no_comm_hand" nite:id="Tomas_TS3005b_C.hand.11"/>
    <hand endtime="463.6" starttime="462.48" type="point_a_slide_RH" nite:id="Tomas_TS3005b_C.hand.12"/>
    <hand endtime="467.28" starttime="463.6" type="no_comm_hand" nite:id="Tomas_TS3005b_C.hand.13"/>
    <hand endtime="468.0" starttime="467.28" type="point_a_slide_RH" nite:id="Tomas_TS3005b_C.hand.14"/>
    <hand endtime="482.6" starttime="468.0" type="no_comm_hand" nite:id="Tomas_TS3005b_C.hand.15"/>
    <hand endtime="483.4" starttime="482.6" type="point_p_id_BH" nite:id="Tomas_TS3005b_C.hand.16"/>
    <hand endtime="485.96" starttime="483.4" type="no_comm_hand" nite:id="Tomas_TS3005b_C.hand.17"/>
    <hand endtime="486.76" starttime="485.96" type="point_a_slide_RH" nite:id="Tomas_TS3005b_C.hand.18"/>
    <hand endtime="493.28" starttime="486.76" type="no_comm_hand" nite:id="Tomas_TS3005b_C.hand.19"/>
    <hand endtime="494.28" starttime="493.28" type="point_a_slide_RH" nite:id="Tomas_TS3005b_C.hand.20"/>
    <hand endtime="505.12" starttime="494.28" type="no_comm_hand" nite:id="Tomas_TS3005b_C.hand.21"/>
    <hand endtime="506.4" starttime="505.12" type="point_a_slide_BH" nite:id="Tomas_TS3005b_C.hand.22"/>
    <hand endtime="506.92" starttime="506.4" type="no_comm_hand" nite:id="Tomas_TS3005b_C.hand.23"/>
    <hand endtime="508.64" starttime="506.92" type="point_a_slide_BH" nite:id="Tomas_TS3005b_C.hand.24"/>
    <hand endtime="512.16" starttime="508.64" type="no_comm_hand" nite:id="Tomas_TS3005b_C.hand.25"/>
    <hand endtime="513.48" starttime="512.16" type="point_a_slide_RH" nite:id="Tomas_TS3005b_C.hand.26"/>
    <hand endtime="521.28" starttime="513.48" type="no_comm_hand" nite:id="Tomas_TS3005b_C.hand.27"/>
    <hand endtime="523.28" starttime="521.28" type="point_a_slide_RH" nite:id="Tomas_TS3005b_C.hand.28"/>
    <hand endtime="526.44" starttime="523.28" type="no_comm_hand" nite:id="Tomas_TS3005b_C.hand.29"/>
    <hand endtime="528.44" starttime="526.44" type="point_a_slide_RH" nite:id="Tomas_TS3005b_C.hand.30"/>
    <hand endtime="528.84" starttime="528.44" type="no_comm_hand" nite:id="Tomas_TS3005b_C.hand.31"/>
    <hand endtime="531.32" starttime="528.84" type="point_a_slide_RH" nite:id="Tomas_TS3005b_C.hand.32"/>
    <hand endtime="546.16" starttime="531.32" type="no_comm_hand" nite:id="Tomas_TS3005b_C.hand.33"/>
    <hand endtime="547.2" starttime="546.16" type="point_a_slide_RH" nite:id="Tomas_TS3005b_C.hand.34"/>
    <hand endtime="564.88" starttime="547.2" type="no_comm_hand" nite:id="Tomas_TS3005b_C.hand.35"/>
    <hand endtime="567.64" starttime="564.88" type="point_a_slide_RH" nite:id="Tomas_TS3005b_C.hand.36"/>
    <hand endtime="587.4" starttime="567.64" type="no_comm_hand" nite:id="Tomas_TS3005b_C.hand.37"/>
    <hand endtime="588.04" starttime="587.4" type="point_a_slide_RH" nite:id="Tomas_TS3005b_C.hand.38"/>
    <hand endtime="611.52" starttime="588.04" type="no_comm_hand" nite:id="Tomas_TS3005b_C.hand.39"/>
    <hand endtime="612.6" starttime="611.52" type="point_a_laptop_LH" nite:id="Tomas_TS3005b_C.hand.40"/>
    <hand endtime="1342.0" starttime="612.6" type="no_comm_hand" nite:id="Tomas_TS3005b_C.hand.41"/>
    <hand endtime="1343.0" starttime="1342.0" type="point_p_me_LH" nite:id="Tomas_TS3005b_C.hand.42"/>
    <hand endtime="1344.4" starttime="1343.0" type="no_comm_hand" nite:id="Tomas_TS3005b_C.hand.43"/>
    <hand endtime="1348.6" starttime="1344.4" type="point_p_me_RH" nite:id="Tomas_TS3005b_C.hand.44"/>
    <hand endtime="1403.16" starttime="1348.6" type="no_comm_hand" nite:id="Tomas_TS3005b_C.hand.45"/>
    <hand endtime="1404.52" starttime="1403.16" type="other_comm_hand_BH" nite:id="Tomas_TS3005b_C.hand.46"/>
    <hand endtime="1404.84" starttime="1404.52" type="no_comm_hand" nite:id="Tomas_TS3005b_C.hand.47"/>
    <hand endtime="1405.64" starttime="1404.84" type="other_comm_hand_BH" nite:id="Tomas_TS3005b_C.hand.48"/>
    <hand endtime="1539.08" starttime="1405.64" type="no_comm_hand" nite:id="Tomas_TS3005b_C.hand.49"/>
    <hand endtime="1540.48" starttime="1539.08" type="point_l_BH" nite:id="Tomas_TS3005b_C.hand.50"/>
    <hand endtime="1590.88" starttime="1540.48" type="no_comm_hand" nite:id="Tomas_TS3005b_C.hand.51"/>
    <hand endtime="1593.4" starttime="1590.88" type="other_comm_hand_BH" nite:id="Tomas_TS3005b_C.hand.52"/>
    <hand endtime="1996.0" starttime="1593.4" type="no_comm_hand" nite:id="Tomas_TS3005b_C.hand.53"/>
    <hand endtime="1997.32" starttime="1996.0" type="other_comm_hand_BH" nite:id="Tomas_TS3005b_C.hand.54"/>
    <hand endtime="2026.8" starttime="1997.32" type="no_comm_hand" nite:id="Tomas_TS3005b_C.hand.55"/>
    <hand endtime="2028.0" starttime="2026.8" type="other_comm_hand_RH" nite:id="Tomas_TS3005b_C.hand.56"/>
    <hand endtime="2102.12" starttime="2028.0" type="no_comm_hand" nite:id="Tomas_TS3005b_C.hand.57"/>
    <hand endtime="2105.2" starttime="2102.12" type="other_comm_hand_BH" nite:id="Tomas_TS3005b_C.hand.58"/>
    <hand endtime="2413.48" starttime="2105.2" type="no_comm_hand" nite:id="Tomas_TS3005b_C.hand.59"/>
    <hand endtime="2439.916" starttime="2413.48" type="off_camera" nite:id="Tomas_TS3005b_C.hand.60"/>
</nite:root>
