<?xml version="1.0" encoding="UTF-8"?>
<nite:root xmlns:nite="http://nite.sourceforge.net/" nite:id="Tomas_TS3005b_B.nite:root.1">
    <hand endtime="0.0010" starttime="0.0" type="off_camera" nite:id="Tomas_TS3005b_B.hand.1"/>
    <hand endtime="328.88" starttime="0.0010" type="no_comm_hand" nite:id="Tomas_TS3005b_B.hand.2"/>
    <hand endtime="330.12" starttime="328.88" type="point_a_slide_RH" nite:id="Tomas_TS3005b_B.hand.3"/>
    <hand endtime="336.4" starttime="330.12" type="no_comm_hand" nite:id="Tomas_TS3005b_B.hand.4"/>
    <hand endtime="337.48" starttime="336.4" type="point_a_slide_RH" nite:id="Tomas_TS3005b_B.hand.5"/>
    <hand endtime="343.56" starttime="337.48" type="no_comm_hand" nite:id="Tomas_TS3005b_B.hand.6"/>
    <hand endtime="349.36" starttime="343.56" type="point_a_slide_RH" nite:id="Tomas_TS3005b_B.hand.7"/>
    <hand endtime="351.72" starttime="349.36" type="no_comm_hand" nite:id="Tomas_TS3005b_B.hand.8"/>
    <hand endtime="352.68" starttime="351.72" type="point_a_slide_RH" nite:id="Tomas_TS3005b_B.hand.9"/>
    <hand endtime="371.4" starttime="352.68" type="no_comm_hand" nite:id="Tomas_TS3005b_B.hand.10"/>
    <hand endtime="372.36" starttime="371.4" type="point_a_slide_RH" nite:id="Tomas_TS3005b_B.hand.11"/>
    <hand endtime="378.36" starttime="372.36" type="no_comm_hand" nite:id="Tomas_TS3005b_B.hand.12"/>
    <hand endtime="380.08" starttime="378.36" type="point_a_slide_RH" nite:id="Tomas_TS3005b_B.hand.13"/>
    <hand endtime="422.64" starttime="380.08" type="no_comm_hand" nite:id="Tomas_TS3005b_B.hand.14"/>
    <hand endtime="423.96" starttime="422.64" type="point_a_slide_RH" nite:id="Tomas_TS3005b_B.hand.15"/>
    <hand endtime="437.28" starttime="423.96" type="no_comm_hand" nite:id="Tomas_TS3005b_B.hand.16"/>
    <hand endtime="438.0" starttime="437.28" type="point_a_slide_RH" nite:id="Tomas_TS3005b_B.hand.17"/>
    <hand endtime="1118.04" starttime="438.0" type="no_comm_hand" nite:id="Tomas_TS3005b_B.hand.18"/>
    <hand endtime="1118.6" starttime="1118.04" type="point_p_me_RH" nite:id="Tomas_TS3005b_B.hand.19"/>
    <hand endtime="1189.2" starttime="1118.6" type="no_comm_hand" nite:id="Tomas_TS3005b_B.hand.20"/>
    <hand endtime="1191.88" starttime="1189.2" type="other_comm_hand_RH" nite:id="Tomas_TS3005b_B.hand.21"/>
    <hand endtime="1315.12" starttime="1191.88" type="no_comm_hand" nite:id="Tomas_TS3005b_B.hand.22"/>
    <hand endtime="1316.04" starttime="1315.12" type="point_p_me_RH" nite:id="Tomas_TS3005b_B.hand.23"/>
    <hand endtime="1532.72" starttime="1316.04" type="no_comm_hand" nite:id="Tomas_TS3005b_B.hand.24"/>
    <hand endtime="1533.84" starttime="1532.72" type="point_p_me_RH" nite:id="Tomas_TS3005b_B.hand.25"/>
    <hand endtime="2416.4" starttime="1533.84" type="no_comm_hand" nite:id="Tomas_TS3005b_B.hand.26"/>
    <hand endtime="2439.916" starttime="2416.4" type="off_camera" nite:id="Tomas_TS3005b_B.hand.27"/>
</nite:root>
