<?xml version="1.0" encoding="ISO-8859-1" standalone="yes"?>
<nite:root nite:id="ES2007a.discussions" xmlns:nite="http://nite.sourceforge.net/">
   <discussion-fragment nite:id="ES2007a.discussions.Erik.2" name="ES2007a - TV Remote">
      <nite:child href="ES2007a.C.segments.xml#id(ES2007a.sync.456)"/>
      <nite:child href="ES2007a.A.segments.xml#id(ES2007a.sync.177)"/>
      <nite:child href="ES2007a.C.segments.xml#id(ES2007a.sync.458)"/>
      <nite:child href="ES2007a.A.segments.xml#id(ES2007a.sync.179)"/>
      <nite:child href="ES2007a.C.segments.xml#id(ES2007a.sync.460)"/>
      <nite:child href="ES2007a.B.segments.xml#id(ES2007a.sync.326)"/>
      <nite:child href="ES2007a.C.segments.xml#id(ES2007a.sync.462)..id(ES2007a.sync.464)"/>
      <nite:child href="ES2007a.A.segments.xml#id(ES2007a.sync.181)"/>
      <nite:child href="ES2007a.C.segments.xml#id(ES2007a.sync.466)"/>
      <nite:child href="ES2007a.A.segments.xml#id(ES2007a.sync.183)"/>
      <nite:child href="ES2007a.C.segments.xml#id(ES2007a.sync.468)"/>
      <nite:child href="ES2007a.A.segments.xml#id(ES2007a.sync.185)"/>
      <nite:child href="ES2007a.C.segments.xml#id(ES2007a.sync.470)"/>
      <nite:child href="ES2007a.A.segments.xml#id(ES2007a.sync.187)..id(ES2007a.sync.189)"/>
      <nite:child href="ES2007a.D.segments.xml#id(ES2007a.sync.653)"/>
      <nite:child href="ES2007a.A.segments.xml#id(ES2007a.sync.191)"/>
      <nite:child href="ES2007a.C.segments.xml#id(ES2007a.sync.472)"/>
      <nite:child href="ES2007a.A.segments.xml#id(ES2007a.sync.193)"/>
      <nite:child href="ES2007a.B.segments.xml#id(ES2007a.sync.328)"/>
      <nite:child href="ES2007a.C.segments.xml#id(ES2007a.sync.474)"/>
      <nite:child href="ES2007a.A.segments.xml#id(ES2007a.sync.195)"/>
      <nite:child href="ES2007a.C.segments.xml#id(ES2007a.sync.476)"/>
      <nite:child href="ES2007a.B.segments.xml#id(ES2007a.sync.330)"/>
      <nite:child href="ES2007a.D.segments.xml#id(ES2007a.sync.655)"/>
      <nite:child href="ES2007a.A.segments.xml#id(ES2007a.sync.197)"/>
      <nite:child href="ES2007a.C.segments.xml#id(ES2007a.sync.478)"/>
      <nite:child href="ES2007a.B.segments.xml#id(ES2007a.sync.332)"/>
      <nite:child href="ES2007a.C.segments.xml#id(ES2007a.sync.480)"/>
      <nite:child href="ES2007a.A.segments.xml#id(ES2007a.sync.199)"/>
      <nite:child href="ES2007a.C.segments.xml#id(ES2007a.sync.482)..id(ES2007a.sync.484)"/>
      <nite:child href="ES2007a.B.segments.xml#id(ES2007a.sync.334)"/>
      <nite:child href="ES2007a.C.segments.xml#id(ES2007a.sync.486)"/>
   </discussion-fragment>
</nite:root>