<?xml version="1.0" encoding="ISO-8859-1" standalone="yes"?>
<nite:root nite:id="ES2009c.discussions" xmlns:nite="http://nite.sourceforge.net/">
   <discussion-fragment nite:id="ES2009c.discussions.Erik.1" name="ES2009c - Touch screen">
      <nite:child href="ES2009c.A.segments.xml#id(ES2009c.sync.115)"/>
      <nite:child href="ES2009c.D.segments.xml#id(ES2009c.sync.709)"/>
      <nite:child href="ES2009c.A.segments.xml#id(ES2009c.sync.117)..id(ES2009c.sync.119)"/>
      <nite:child href="ES2009c.D.segments.xml#id(ES2009c.sync.711)"/>
      <nite:child href="ES2009c.A.segments.xml#id(ES2009c.sync.121)"/>
      <nite:child href="ES2009c.B.segments.xml#id(ES2009c.sync.361)"/>
      <nite:child href="ES2009c.C.segments.xml#id(ES2009c.sync.531)"/>
      <nite:child href="ES2009c.A.segments.xml#id(ES2009c.sync.123)"/>
      <nite:child href="ES2009c.D.segments.xml#id(ES2009c.sync.713)..id(ES2009c.sync.715)"/>
      <nite:child href="ES2009c.C.segments.xml#id(ES2009c.sync.533)"/>
      <nite:child href="ES2009c.B.segments.xml#id(ES2009c.sync.363)"/>
      <nite:child href="ES2009c.D.segments.xml#id(ES2009c.sync.717)"/>
      <nite:child href="ES2009c.A.segments.xml#id(ES2009c.sync.125)"/>
      <nite:child href="ES2009c.C.segments.xml#id(ES2009c.sync.535)"/>
      <nite:child href="ES2009c.B.segments.xml#id(ES2009c.sync.365)"/>
      <nite:child href="ES2009c.A.segments.xml#id(ES2009c.sync.127)"/>
      <nite:child href="ES2009c.D.segments.xml#id(ES2009c.sync.719)"/>
      <nite:child href="ES2009c.A.segments.xml#id(ES2009c.sync.129)"/>
      <nite:child href="ES2009c.B.segments.xml#id(ES2009c.sync.367)"/>
      <nite:child href="ES2009c.D.segments.xml#id(ES2009c.sync.721)"/>
      <nite:child href="ES2009c.A.segments.xml#id(ES2009c.sync.131)"/>
      <nite:child href="ES2009c.D.segments.xml#id(ES2009c.sync.723)..id(ES2009c.sync.725)"/>
      <nite:child href="ES2009c.A.segments.xml#id(ES2009c.sync.133)"/>
      <nite:child href="ES2009c.C.segments.xml#id(ES2009c.sync.537)"/>
      <nite:child href="ES2009c.B.segments.xml#id(ES2009c.sync.369)"/>
      <nite:child href="ES2009c.D.segments.xml#id(ES2009c.sync.727)"/>
      <nite:child href="ES2009c.C.segments.xml#id(ES2009c.sync.539)"/>
      <nite:child href="ES2009c.A.segments.xml#id(ES2009c.sync.135)..id(ES2009c.sync.137)"/>
      <nite:child href="ES2009c.C.segments.xml#id(ES2009c.sync.541)..id(ES2009c.sync.543)"/>
      <nite:child href="ES2009c.B.segments.xml#id(ES2009c.sync.371)"/>
      <nite:child href="ES2009c.D.segments.xml#id(ES2009c.sync.729)"/>
      <nite:child href="ES2009c.C.segments.xml#id(ES2009c.sync.545)"/>
      <nite:child href="ES2009c.A.segments.xml#id(ES2009c.sync.139)"/>
      <nite:child href="ES2009c.B.segments.xml#id(ES2009c.sync.373)"/>
      <nite:child href="ES2009c.D.segments.xml#id(ES2009c.sync.731)"/>
      <nite:child href="ES2009c.A.segments.xml#id(ES2009c.sync.141)"/>
      <nite:child href="ES2009c.D.segments.xml#id(ES2009c.sync.733)"/>
      <nite:child href="ES2009c.A.segments.xml#id(ES2009c.sync.143)"/>
      <nite:child href="ES2009c.D.segments.xml#id(ES2009c.sync.735)"/>
      <nite:child href="ES2009c.C.segments.xml#id(ES2009c.sync.547)"/>
      <nite:child href="ES2009c.D.segments.xml#id(ES2009c.sync.737)"/>
      <nite:child href="ES2009c.A.segments.xml#id(ES2009c.sync.145)"/>
      <nite:child href="ES2009c.B.segments.xml#id(ES2009c.sync.375)"/>
      <nite:child href="ES2009c.D.segments.xml#id(ES2009c.sync.739)"/>
      <nite:child href="ES2009c.A.segments.xml#id(ES2009c.sync.147)"/>
      <nite:child href="ES2009c.C.segments.xml#id(ES2009c.sync.549)"/>
      <nite:child href="ES2009c.B.segments.xml#id(ES2009c.sync.377)"/>
      <nite:child href="ES2009c.D.segments.xml#id(ES2009c.sync.741)"/>
   </discussion-fragment>
   <discussion-fragment nite:id="ES2009c.discussions.Erik.2" name="ES2009c - Touch screen vs voice recognition">
      <nite:child href="ES2009c.C.segments.xml#id(ES2009c.sync.551)"/>
      <nite:child href="ES2009c.D.segments.xml#id(ES2009c.sync.747)..id(ES2009c.sync.749)"/>
      <nite:child href="ES2009c.A.segments.xml#id(ES2009c.sync.153)"/>
      <nite:child href="ES2009c.B.segments.xml#id(ES2009c.sync.379)"/>
      <nite:child href="ES2009c.C.segments.xml#id(ES2009c.sync.553)"/>
      <nite:child href="ES2009c.D.segments.xml#id(ES2009c.sync.751)"/>
      <nite:child href="ES2009c.A.segments.xml#id(ES2009c.sync.155)"/>
      <nite:child href="ES2009c.C.segments.xml#id(ES2009c.sync.555)"/>
      <nite:child href="ES2009c.D.segments.xml#id(ES2009c.sync.753)..id(ES2009c.sync.755)"/>
      <nite:child href="ES2009c.C.segments.xml#id(ES2009c.sync.557)"/>
      <nite:child href="ES2009c.A.segments.xml#id(ES2009c.sync.157)"/>
      <nite:child href="ES2009c.B.segments.xml#id(ES2009c.sync.381)"/>
      <nite:child href="ES2009c.D.segments.xml#id(ES2009c.sync.757)"/>
      <nite:child href="ES2009c.C.segments.xml#id(ES2009c.sync.559)"/>
      <nite:child href="ES2009c.D.segments.xml#id(ES2009c.sync.759)..id(ES2009c.sync.761)"/>
      <nite:child href="ES2009c.A.segments.xml#id(ES2009c.sync.159)..id(ES2009c.sync.161)"/>
      <nite:child href="ES2009c.C.segments.xml#id(ES2009c.sync.561)"/>
      <nite:child href="ES2009c.A.segments.xml#id(ES2009c.sync.163)"/>
      <nite:child href="ES2009c.D.segments.xml#id(ES2009c.sync.763)"/>
      <nite:child href="ES2009c.B.segments.xml#id(ES2009c.sync.383)"/>
      <nite:child href="ES2009c.D.segments.xml#id(ES2009c.sync.765)"/>
      <nite:child href="ES2009c.A.segments.xml#id(ES2009c.sync.165)..id(ES2009c.sync.167)"/>
      <nite:child href="ES2009c.D.segments.xml#id(ES2009c.sync.767)..id(ES2009c.sync.769)"/>
      <nite:child href="ES2009c.B.segments.xml#id(ES2009c.sync.385)"/>
      <nite:child href="ES2009c.A.segments.xml#id(ES2009c.sync.169)..id(ES2009c.sync.171)"/>
      <nite:child href="ES2009c.C.segments.xml#id(ES2009c.sync.563)"/>
      <nite:child href="ES2009c.A.segments.xml#id(ES2009c.sync.173)"/>
      <nite:child href="ES2009c.D.segments.xml#id(ES2009c.sync.771)"/>
      <nite:child href="ES2009c.B.segments.xml#id(ES2009c.sync.387)"/>
      <nite:child href="ES2009c.A.segments.xml#id(ES2009c.sync.175)"/>
      <nite:child href="ES2009c.D.segments.xml#id(ES2009c.sync.773)"/>
      <nite:child href="ES2009c.A.segments.xml#id(ES2009c.sync.177)"/>
      <nite:child href="ES2009c.D.segments.xml#id(ES2009c.sync.775)"/>
      <nite:child href="ES2009c.A.segments.xml#id(ES2009c.sync.179)"/>
      <nite:child href="ES2009c.C.segments.xml#id(ES2009c.sync.565)"/>
      <nite:child href="ES2009c.D.segments.xml#id(ES2009c.sync.777)"/>
      <nite:child href="ES2009c.A.segments.xml#id(ES2009c.sync.181)"/>
      <nite:child href="ES2009c.D.segments.xml#id(ES2009c.sync.779)"/>
      <nite:child href="ES2009c.A.segments.xml#id(ES2009c.sync.183)"/>
      <nite:child href="ES2009c.D.segments.xml#id(ES2009c.sync.781)"/>
      <nite:child href="ES2009c.A.segments.xml#id(ES2009c.sync.185)"/>
   </discussion-fragment>
   <discussion-fragment nite:id="ES2009c.discussions.Erik.3" name="ES2009c - Remote shape">
      <nite:child href="ES2009c.C.segments.xml#id(ES2009c.sync.571)"/>
      <nite:child href="ES2009c.A.segments.xml#id(ES2009c.sync.201)"/>
      <nite:child href="ES2009c.D.segments.xml#id(ES2009c.sync.803)"/>
      <nite:child href="ES2009c.A.segments.xml#id(ES2009c.sync.203)"/>
      <nite:child href="ES2009c.B.segments.xml#id(ES2009c.sync.403)"/>
      <nite:child href="ES2009c.D.segments.xml#id(ES2009c.sync.805)"/>
      <nite:child href="ES2009c.A.segments.xml#id(ES2009c.sync.205)"/>
      <nite:child href="ES2009c.B.segments.xml#id(ES2009c.sync.405)"/>
      <nite:child href="ES2009c.C.segments.xml#id(ES2009c.sync.573)..id(ES2009c.sync.575)"/>
      <nite:child href="ES2009c.D.segments.xml#id(ES2009c.sync.807)"/>
      <nite:child href="ES2009c.B.segments.xml#id(ES2009c.sync.407)..id(ES2009c.sync.409)"/>
      <nite:child href="ES2009c.D.segments.xml#id(ES2009c.sync.809)"/>
      <nite:child href="ES2009c.A.segments.xml#id(ES2009c.sync.207)"/>
      <nite:child href="ES2009c.D.segments.xml#id(ES2009c.sync.811)"/>
      <nite:child href="ES2009c.B.segments.xml#id(ES2009c.sync.411)"/>
      <nite:child href="ES2009c.D.segments.xml#id(ES2009c.sync.813)..id(ES2009c.sync.817)"/>
      <nite:child href="ES2009c.A.segments.xml#id(ES2009c.sync.209)"/>
      <nite:child href="ES2009c.B.segments.xml#id(ES2009c.sync.413)"/>
      <nite:child href="ES2009c.D.segments.xml#id(ES2009c.sync.819)"/>
      <nite:child href="ES2009c.A.segments.xml#id(ES2009c.sync.211)"/>
      <nite:child href="ES2009c.D.segments.xml#id(ES2009c.sync.821)..id(ES2009c.sync.823)"/>
      <nite:child href="ES2009c.C.segments.xml#id(ES2009c.sync.577)"/>
   </discussion-fragment>
</nite:root>