<?xml version="1.0" encoding="ISO-8859-1" standalone="yes"?>
<nite:root nite:id="ES2012b.discussions" xmlns:nite="http://nite.sourceforge.net/">
   <discussion-fragment nite:id="ES2012b.discussions.Erik.1" name="ES2012b - Permanent battery">
      <nite:child href="ES2012b.A.segments.xml#id(ES2012b.sync.217)"/>
      <nite:child href="ES2012b.B.segments.xml#id(ES2012b.sync.418)..id(ES2012b.sync.420)"/>
      <nite:child href="ES2012b.A.segments.xml#id(ES2012b.sync.219)"/>
      <nite:child href="ES2012b.B.segments.xml#id(ES2012b.sync.422)"/>
      <nite:child href="ES2012b.A.segments.xml#id(ES2012b.sync.221)..id(ES2012b.sync.225)"/>
      <nite:child href="ES2012b.B.segments.xml#id(ES2012b.sync.424)"/>
      <nite:child href="ES2012b.D.segments.xml#id(ES2012b.sync.757)"/>
      <nite:child href="ES2012b.A.segments.xml#id(ES2012b.sync.227)"/>
      <nite:child href="ES2012b.B.segments.xml#id(ES2012b.sync.426)"/>
      <nite:child href="ES2012b.A.segments.xml#id(ES2012b.sync.229)"/>
      <nite:child href="ES2012b.B.segments.xml#id(ES2012b.sync.428)"/>
      <nite:child href="ES2012b.C.segments.xml#id(ES2012b.sync.550)"/>
      <nite:child href="ES2012b.A.segments.xml#id(ES2012b.sync.231)"/>
      <nite:child href="ES2012b.D.segments.xml#id(ES2012b.sync.759)"/>
      <nite:child href="ES2012b.A.segments.xml#id(ES2012b.sync.233)"/>
      <nite:child href="ES2012b.B.segments.xml#id(ES2012b.sync.430)"/>
      <nite:child href="ES2012b.D.segments.xml#id(ES2012b.sync.761)"/>
      <nite:child href="ES2012b.C.segments.xml#id(ES2012b.sync.552)"/>
      <nite:child href="ES2012b.B.segments.xml#id(ES2012b.sync.432)"/>
      <nite:child href="ES2012b.D.segments.xml#id(ES2012b.sync.763)"/>
      <nite:child href="ES2012b.A.segments.xml#id(ES2012b.sync.235)"/>
      <nite:child href="ES2012b.B.segments.xml#id(ES2012b.sync.434)"/>
      <nite:child href="ES2012b.A.segments.xml#id(ES2012b.sync.237)"/>
      <nite:child href="ES2012b.D.segments.xml#id(ES2012b.sync.765)..id(ES2012b.sync.767)"/>
      <nite:child href="ES2012b.B.segments.xml#id(ES2012b.sync.436)..id(ES2012b.sync.438)"/>
      <nite:child href="ES2012b.C.segments.xml#id(ES2012b.sync.554)"/>
      <nite:child href="ES2012b.D.segments.xml#id(ES2012b.sync.769)"/>
      <nite:child href="ES2012b.A.segments.xml#id(ES2012b.sync.239)"/>
      <nite:child href="ES2012b.C.segments.xml#id(ES2012b.sync.556)"/>
      <nite:child href="ES2012b.B.segments.xml#id(ES2012b.sync.440)"/>
      <nite:child href="ES2012b.D.segments.xml#id(ES2012b.sync.771)"/>
   </discussion-fragment>
</nite:root>