<?xml version="1.0" encoding="ISO-8859-1" standalone="yes"?>
<nite:root nite:id="ES2014b.discussions" xmlns:nite="http://nite.sourceforge.net/">
   <discussion-fragment nite:id="ES2014b.discussions.Rutger.1" name="NineButtons">
      <nite:child href="ES2014b.C.segments.xml#id(ES2014b.sync.587)"/>
      <nite:child href="ES2014b.A.segments.xml#id(ES2014b.sync.60)..id(ES2014b.sync.62)"/>
      <nite:child href="ES2014b.C.segments.xml#id(ES2014b.sync.589)"/>
      <nite:child href="ES2014b.D.segments.xml#id(ES2014b.sync.745)"/>
      <nite:child href="ES2014b.B.segments.xml#id(ES2014b.sync.328)"/>
      <nite:child href="ES2014b.A.segments.xml#id(ES2014b.sync.64)..id(ES2014b.sync.65)"/>
      <nite:child href="ES2014b.B.segments.xml#id(ES2014b.sync.330)"/>
      <nite:child href="ES2014b.D.segments.xml#id(ES2014b.sync.747)"/>
      <nite:child href="ES2014b.B.segments.xml#id(ES2014b.sync.332)"/>
      <nite:child href="ES2014b.C.segments.xml#id(ES2014b.sync.591)..id(ES2014b.sync.595)"/>
      <nite:child href="ES2014b.B.segments.xml#id(ES2014b.sync.334)"/>
      <nite:child href="ES2014b.C.segments.xml#id(ES2014b.sync.597)"/>
      <nite:child href="ES2014b.A.segments.xml#id(ES2014b.sync.67)"/>
      <nite:child href="ES2014b.B.segments.xml#id(ES2014b.sync.336)"/>
      <nite:child href="ES2014b.A.segments.xml#id(ES2014b.sync.69)"/>
      <nite:child href="ES2014b.B.segments.xml#id(ES2014b.sync.338)"/>
      <nite:child href="ES2014b.C.segments.xml#id(ES2014b.sync.599)"/>
      <nite:child href="ES2014b.D.segments.xml#id(ES2014b.sync.749)"/>
      <nite:child href="ES2014b.C.segments.xml#id(ES2014b.sync.601)"/>
      <nite:child href="ES2014b.B.segments.xml#id(ES2014b.sync.340)"/>
      <nite:child href="ES2014b.A.segments.xml#id(ES2014b.sync.71)"/>
      <nite:child href="ES2014b.C.segments.xml#id(ES2014b.sync.603)"/>
      <nite:child href="ES2014b.D.segments.xml#id(ES2014b.sync.751)"/>
      <nite:child href="ES2014b.C.segments.xml#id(ES2014b.sync.605)"/>
      <nite:child href="ES2014b.B.segments.xml#id(ES2014b.sync.342)"/>
      <nite:child href="ES2014b.A.segments.xml#id(ES2014b.sync.73)..id(ES2014b.sync.75)"/>
      <nite:child href="ES2014b.B.segments.xml#id(ES2014b.sync.344)..id(ES2014b.sync.346)"/>
      <nite:child href="ES2014b.A.segments.xml#id(ES2014b.sync.77)"/>
      <nite:child href="ES2014b.B.segments.xml#id(ES2014b.sync.348)"/>
      <nite:child href="ES2014b.D.segments.xml#id(ES2014b.sync.753)"/>
      <nite:child href="ES2014b.A.segments.xml#id(ES2014b.sync.79)"/>
      <nite:child href="ES2014b.C.segments.xml#id(ES2014b.sync.607)"/>
   </discussion-fragment>
   <discussion-fragment nite:id="ES2014b.discussions.Rutger.2" name="Speech Recognition to find it back?">
      <nite:child href="ES2014b.D.segments.xml#id(ES2014b.sync.798)"/>
      <nite:child href="ES2014b.B.segments.xml#id(ES2014b.sync.370)"/>
      <nite:child href="ES2014b.C.segments.xml#id(ES2014b.sync.619)"/>
      <nite:child href="ES2014b.A.segments.xml#id(ES2014b.sync.95)"/>
      <nite:child href="ES2014b.D.segments.xml#id(ES2014b.sync.800)"/>
      <nite:child href="ES2014b.C.segments.xml#id(ES2014b.sync.621)"/>
      <nite:child href="ES2014b.D.segments.xml#id(ES2014b.sync.802)"/>
      <nite:child href="ES2014b.B.segments.xml#id(ES2014b.sync.372)..id(ES2014b.sync.374)"/>
      <nite:child href="ES2014b.D.segments.xml#id(ES2014b.sync.804)"/>
      <nite:child href="ES2014b.A.segments.xml#id(ES2014b.sync.97)"/>
      <nite:child href="ES2014b.B.segments.xml#id(ES2014b.sync.376)"/>
      <nite:child href="ES2014b.D.segments.xml#id(ES2014b.sync.806)"/>
      <nite:child href="ES2014b.B.segments.xml#id(ES2014b.sync.378)"/>
      <nite:child href="ES2014b.D.segments.xml#id(ES2014b.sync.808)..id(ES2014b.sync.814)"/>
      <nite:child href="ES2014b.B.segments.xml#id(ES2014b.sync.380)..id(ES2014b.sync.382)"/>
      <nite:child href="ES2014b.C.segments.xml#id(ES2014b.sync.623)"/>
      <nite:child href="ES2014b.D.segments.xml#id(ES2014b.sync.816)"/>
      <nite:child href="ES2014b.A.segments.xml#id(ES2014b.sync.99)"/>
      <nite:child href="ES2014b.D.segments.xml#id(ES2014b.sync.818)..id(ES2014b.sync.820)"/>
      <nite:child href="ES2014b.A.segments.xml#id(ES2014b.sync.101)..id(ES2014b.sync.103)"/>
      <nite:child href="ES2014b.B.segments.xml#id(ES2014b.sync.384)"/>
      <nite:child href="ES2014b.A.segments.xml#id(ES2014b.sync.105)"/>
      <nite:child href="ES2014b.B.segments.xml#id(ES2014b.sync.386)"/>
      <nite:child href="ES2014b.A.segments.xml#id(ES2014b.sync.107)..id(ES2014b.sync.109)"/>
      <nite:child href="ES2014b.B.segments.xml#id(ES2014b.sync.388)..id(ES2014b.sync.390)"/>
      <nite:child href="ES2014b.D.segments.xml#id(ES2014b.sync.822)..id(ES2014b.sync.824)"/>
      <nite:child href="ES2014b.A.segments.xml#id(ES2014b.sync.111)"/>
      <nite:child href="ES2014b.B.segments.xml#id(ES2014b.sync.392)"/>
      <nite:child href="ES2014b.D.segments.xml#id(ES2014b.sync.826)"/>
      <nite:child href="ES2014b.B.segments.xml#id(ES2014b.sync.394)"/>
      <nite:child href="ES2014b.D.segments.xml#id(ES2014b.sync.828)"/>
      <nite:child href="ES2014b.B.segments.xml#id(ES2014b.sync.396)"/>
      <nite:child href="ES2014b.D.segments.xml#id(ES2014b.sync.830)"/>
      <nite:child href="ES2014b.B.segments.xml#id(ES2014b.sync.398)"/>
      <nite:child href="ES2014b.A.segments.xml#id(ES2014b.sync.113)"/>
      <nite:child href="ES2014b.D.segments.xml#id(ES2014b.sync.832)..id(ES2014b.sync.834)"/>
      <nite:child href="ES2014b.C.segments.xml#id(ES2014b.sync.625)"/>
      <nite:child href="ES2014b.B.segments.xml#id(ES2014b.sync.400)"/>
      <nite:child href="ES2014b.A.segments.xml#id(ES2014b.sync.115)"/>
      <nite:child href="ES2014b.D.segments.xml#id(ES2014b.sync.836)"/>
      <nite:child href="ES2014b.A.segments.xml#id(ES2014b.sync.117)"/>
      <nite:child href="ES2014b.D.segments.xml#id(ES2014b.sync.838)..id(ES2014b.sync.840)"/>
      <nite:child href="ES2014b.A.segments.xml#id(ES2014b.sync.118)"/>
      <nite:child href="ES2014b.B.segments.xml#id(ES2014b.sync.402)"/>
      <nite:child href="ES2014b.D.segments.xml#id(ES2014b.sync.842)"/>
      <nite:child href="ES2014b.B.segments.xml#id(ES2014b.sync.404)..id(ES2014b.sync.410)"/>
      <nite:child href="ES2014b.D.segments.xml#id(ES2014b.sync.844)"/>
      <nite:child href="ES2014b.A.segments.xml#id(ES2014b.sync.120)"/>
      <nite:child href="ES2014b.B.segments.xml#id(ES2014b.sync.412)"/>
      <nite:child href="ES2014b.A.segments.xml#id(ES2014b.sync.122)"/>
      <nite:child href="ES2014b.D.segments.xml#id(ES2014b.sync.846)"/>
      <nite:child href="ES2014b.B.segments.xml#id(ES2014b.sync.414)"/>
      <nite:child href="ES2014b.D.segments.xml#id(ES2014b.sync.848)"/>
   </discussion-fragment>
</nite:root>