<?xml version="1.0" encoding="ISO-8859-1" standalone="yes"?>
<nite:root nite:id="ES2010c.discussions" xmlns:nite="http://nite.sourceforge.net/">
   <discussion-fragment nite:id="ES2010c.discussions.Erik.1" name="ES2010c - Remote material">
      <nite:child href="ES2010c.A.segments.xml#id(ES2010c.sync.164)"/>
      <nite:child href="ES2010c.B.segments.xml#id(ES2010c.sync.406)..id(ES2010c.sync.408)"/>
      <nite:child href="ES2010c.D.segments.xml#id(ES2010c.sync.784)"/>
      <nite:child href="ES2010c.A.segments.xml#id(ES2010c.sync.166)"/>
      <nite:child href="ES2010c.C.segments.xml#id(ES2010c.sync.571)..id(ES2010c.sync.573)"/>
      <nite:child href="ES2010c.D.segments.xml#id(ES2010c.sync.786)"/>
      <nite:child href="ES2010c.A.segments.xml#id(ES2010c.sync.168)"/>
      <nite:child href="ES2010c.B.segments.xml#id(ES2010c.sync.410)"/>
      <nite:child href="ES2010c.D.segments.xml#id(ES2010c.sync.788)"/>
      <nite:child href="ES2010c.C.segments.xml#id(ES2010c.sync.575)..id(ES2010c.sync.577)"/>
      <nite:child href="ES2010c.A.segments.xml#id(ES2010c.sync.170)"/>
      <nite:child href="ES2010c.C.segments.xml#id(ES2010c.sync.579)"/>
      <nite:child href="ES2010c.D.segments.xml#id(ES2010c.sync.790)"/>
      <nite:child href="ES2010c.C.segments.xml#id(ES2010c.sync.581)"/>
      <nite:child href="ES2010c.B.segments.xml#id(ES2010c.sync.412)..id(ES2010c.sync.414)"/>
      <nite:child href="ES2010c.A.segments.xml#id(ES2010c.sync.172)"/>
      <nite:child href="ES2010c.C.segments.xml#id(ES2010c.sync.583)"/>
      <nite:child href="ES2010c.B.segments.xml#id(ES2010c.sync.416)"/>
      <nite:child href="ES2010c.C.segments.xml#id(ES2010c.sync.585)"/>
      <nite:child href="ES2010c.A.segments.xml#id(ES2010c.sync.174)"/>
      <nite:child href="ES2010c.B.segments.xml#id(ES2010c.sync.418)"/>
      <nite:child href="ES2010c.D.segments.xml#id(ES2010c.sync.792)"/>
      <nite:child href="ES2010c.A.segments.xml#id(ES2010c.sync.176)"/>
      <nite:child href="ES2010c.B.segments.xml#id(ES2010c.sync.420)"/>
      <nite:child href="ES2010c.A.segments.xml#id(ES2010c.sync.178)..id(ES2010c.sync.180)"/>
      <nite:child href="ES2010c.D.segments.xml#id(ES2010c.sync.794)"/>
      <nite:child href="ES2010c.A.segments.xml#id(ES2010c.sync.182)..id(ES2010c.sync.184)"/>
      <nite:child href="ES2010c.C.segments.xml#id(ES2010c.sync.587)"/>
      <nite:child href="ES2010c.D.segments.xml#id(ES2010c.sync.796)"/>
      <nite:child href="ES2010c.A.segments.xml#id(ES2010c.sync.186)"/>
      <nite:child href="ES2010c.C.segments.xml#id(ES2010c.sync.589)"/>
      <nite:child href="ES2010c.D.segments.xml#id(ES2010c.sync.798)"/>
      <nite:child href="ES2010c.A.segments.xml#id(ES2010c.sync.188)"/>
      <nite:child href="ES2010c.B.segments.xml#id(ES2010c.sync.422)"/>
      <nite:child href="ES2010c.C.segments.xml#id(ES2010c.sync.591)"/>
      <nite:child href="ES2010c.A.segments.xml#id(ES2010c.sync.190)..id(ES2010c.sync.192)"/>
      <nite:child href="ES2010c.D.segments.xml#id(ES2010c.sync.800)"/>
      <nite:child href="ES2010c.C.segments.xml#id(ES2010c.sync.593)"/>
      <nite:child href="ES2010c.D.segments.xml#id(ES2010c.sync.802)"/>
      <nite:child href="ES2010c.A.segments.xml#id(ES2010c.sync.194)"/>
      <nite:child href="ES2010c.D.segments.xml#id(ES2010c.sync.804)"/>
      <nite:child href="ES2010c.A.segments.xml#id(ES2010c.sync.196)"/>
   </discussion-fragment>
   <discussion-fragment nite:id="ES2010c.discussions.Erik.2" name="ES2010c - Remote chip">
      <nite:child href="ES2010c.A.segments.xml#id(ES2010c.sync.198)"/>
      <nite:child href="ES2010c.B.segments.xml#id(ES2010c.sync.424)"/>
      <nite:child href="ES2010c.C.segments.xml#id(ES2010c.sync.595)"/>
      <nite:child href="ES2010c.A.segments.xml#id(ES2010c.sync.200)"/>
      <nite:child href="ES2010c.C.segments.xml#id(ES2010c.sync.597)"/>
      <nite:child href="ES2010c.D.segments.xml#id(ES2010c.sync.806)"/>
      <nite:child href="ES2010c.A.segments.xml#id(ES2010c.sync.202)"/>
      <nite:child href="ES2010c.D.segments.xml#id(ES2010c.sync.808)"/>
      <nite:child href="ES2010c.A.segments.xml#id(ES2010c.sync.204)"/>
      <nite:child href="ES2010c.D.segments.xml#id(ES2010c.sync.810)"/>
      <nite:child href="ES2010c.B.segments.xml#id(ES2010c.sync.426)"/>
      <nite:child href="ES2010c.D.segments.xml#id(ES2010c.sync.812)"/>
      <nite:child href="ES2010c.A.segments.xml#id(ES2010c.sync.206)"/>
      <nite:child href="ES2010c.C.segments.xml#id(ES2010c.sync.599)"/>
      <nite:child href="ES2010c.B.segments.xml#id(ES2010c.sync.428)"/>
      <nite:child href="ES2010c.A.segments.xml#id(ES2010c.sync.208)"/>
      <nite:child href="ES2010c.D.segments.xml#id(ES2010c.sync.814)"/>
      <nite:child href="ES2010c.A.segments.xml#id(ES2010c.sync.210)"/>
      <nite:child href="ES2010c.D.segments.xml#id(ES2010c.sync.816)"/>
      <nite:child href="ES2010c.B.segments.xml#id(ES2010c.sync.430)"/>
      <nite:child href="ES2010c.A.segments.xml#id(ES2010c.sync.212)"/>
      <nite:child href="ES2010c.D.segments.xml#id(ES2010c.sync.818)"/>
      <nite:child href="ES2010c.C.segments.xml#id(ES2010c.sync.601)"/>
      <nite:child href="ES2010c.B.segments.xml#id(ES2010c.sync.432)"/>
      <nite:child href="ES2010c.C.segments.xml#id(ES2010c.sync.603)"/>
   </discussion-fragment>
   <discussion-fragment nite:id="ES2010c.discussions.Erik.3" name="ES2010c - Remote batteries">
      <nite:child href="ES2010c.A.segments.xml#id(ES2010c.sync.218)"/>
      <nite:child href="ES2010c.D.segments.xml#id(ES2010c.sync.826)"/>
      <nite:child href="ES2010c.A.segments.xml#id(ES2010c.sync.220)..id(ES2010c.sync.222)"/>
      <nite:child href="ES2010c.D.segments.xml#id(ES2010c.sync.828)"/>
      <nite:child href="ES2010c.C.segments.xml#id(ES2010c.sync.605)"/>
      <nite:child href="ES2010c.B.segments.xml#id(ES2010c.sync.438)"/>
      <nite:child href="ES2010c.A.segments.xml#id(ES2010c.sync.224)..id(ES2010c.sync.226)"/>
      <nite:child href="ES2010c.D.segments.xml#id(ES2010c.sync.830)"/>
      <nite:child href="ES2010c.A.segments.xml#id(ES2010c.sync.228)"/>
      <nite:child href="ES2010c.C.segments.xml#id(ES2010c.sync.607)"/>
      <nite:child href="ES2010c.B.segments.xml#id(ES2010c.sync.440)"/>
      <nite:child href="ES2010c.C.segments.xml#id(ES2010c.sync.609)"/>
   </discussion-fragment>
   <discussion-fragment nite:id="ES2010c.discussions.Erik.4" name="ES2010c - Button locations">
      <nite:child href="ES2010c.C.segments.xml#id(ES2010c.sync.611)"/>
      <nite:child href="ES2010c.A.segments.xml#id(ES2010c.sync.236)"/>
      <nite:child href="ES2010c.C.segments.xml#id(ES2010c.sync.613)"/>
      <nite:child href="ES2010c.A.segments.xml#id(ES2010c.sync.238)"/>
      <nite:child href="ES2010c.D.segments.xml#id(ES2010c.sync.834)"/>
      <nite:child href="ES2010c.A.segments.xml#id(ES2010c.sync.240)..id(ES2010c.sync.242)"/>
      <nite:child href="ES2010c.C.segments.xml#id(ES2010c.sync.615)"/>
      <nite:child href="ES2010c.A.segments.xml#id(ES2010c.sync.244)"/>
      <nite:child href="ES2010c.D.segments.xml#id(ES2010c.sync.836)..id(ES2010c.sync.838)"/>
      <nite:child href="ES2010c.B.segments.xml#id(ES2010c.sync.442)"/>
      <nite:child href="ES2010c.A.segments.xml#id(ES2010c.sync.246)"/>
      <nite:child href="ES2010c.C.segments.xml#id(ES2010c.sync.617)"/>
      <nite:child href="ES2010c.A.segments.xml#id(ES2010c.sync.248)..id(ES2010c.sync.250)"/>
      <nite:child href="ES2010c.D.segments.xml#id(ES2010c.sync.840)"/>
      <nite:child href="ES2010c.A.segments.xml#id(ES2010c.sync.252)"/>
      <nite:child href="ES2010c.D.segments.xml#id(ES2010c.sync.842)"/>
      <nite:child href="ES2010c.A.segments.xml#id(ES2010c.sync.254)"/>
      <nite:child href="ES2010c.D.segments.xml#id(ES2010c.sync.844)"/>
      <nite:child href="ES2010c.B.segments.xml#id(ES2010c.sync.444)"/>
      <nite:child href="ES2010c.C.segments.xml#id(ES2010c.sync.619)"/>
      <nite:child href="ES2010c.B.segments.xml#id(ES2010c.sync.446)"/>
      <nite:child href="ES2010c.D.segments.xml#id(ES2010c.sync.846)"/>
      <nite:child href="ES2010c.C.segments.xml#id(ES2010c.sync.621)"/>
      <nite:child href="ES2010c.A.segments.xml#id(ES2010c.sync.256)"/>
      <nite:child href="ES2010c.B.segments.xml#id(ES2010c.sync.448)"/>
      <nite:child href="ES2010c.D.segments.xml#id(ES2010c.sync.848)"/>
      <nite:child href="ES2010c.A.segments.xml#id(ES2010c.sync.258)"/>
      <nite:child href="ES2010c.C.segments.xml#id(ES2010c.sync.623)"/>
      <nite:child href="ES2010c.D.segments.xml#id(ES2010c.sync.850)"/>
      <nite:child href="ES2010c.A.segments.xml#id(ES2010c.sync.260)"/>
      <nite:child href="ES2010c.B.segments.xml#id(ES2010c.sync.450)"/>
      <nite:child href="ES2010c.D.segments.xml#id(ES2010c.sync.852)"/>
      <nite:child href="ES2010c.A.segments.xml#id(ES2010c.sync.262)"/>
   </discussion-fragment>
</nite:root>