<?xml version="1.0" encoding="ISO-8859-1" standalone="yes"?>
<nite:root nite:id="ES2003c.discussions" xmlns:nite="http://nite.sourceforge.net/">
   <discussion-fragment nite:id="ES2003c.discussions.Erik.1" name="ES2003c - Three types of batteries">
      <nite:child href="ES2003c.D.segments.xml#id(ES2003c.sync.565)..id(ES2003c.sync.567)"/>
      <nite:child href="ES2003c.B.segments.xml#id(ES2003c.sync.177)"/>
      <nite:child href="ES2003c.D.segments.xml#id(ES2003c.sync.569)"/>
      <nite:child href="ES2003c.B.segments.xml#id(ES2003c.sync.179)"/>
      <nite:child href="ES2003c.C.segments.xml#id(ES2003c.sync.353)"/>
      <nite:child href="ES2003c.D.segments.xml#id(ES2003c.sync.571)"/>
      <nite:child href="ES2003c.C.segments.xml#id(ES2003c.sync.355)"/>
      <nite:child href="ES2003c.A.segments.xml#id(ES2003c.sync.5)..id(ES2003c.sync.7)"/>
      <nite:child href="ES2003c.B.segments.xml#id(ES2003c.sync.181)"/>
      <nite:child href="ES2003c.D.segments.xml#id(ES2003c.sync.573)"/>
      <nite:child href="ES2003c.C.segments.xml#id(ES2003c.sync.357)"/>
      <nite:child href="ES2003c.B.segments.xml#id(ES2003c.sync.183)"/>
      <nite:child href="ES2003c.D.segments.xml#id(ES2003c.sync.575)..id(ES2003c.sync.577)"/>
      <nite:child href="ES2003c.C.segments.xml#id(ES2003c.sync.359)"/>
      <nite:child href="ES2003c.D.segments.xml#id(ES2003c.sync.579)..id(ES2003c.sync.585)"/>
      <nite:child href="ES2003c.B.segments.xml#id(ES2003c.sync.185)"/>
      <nite:child href="ES2003c.D.segments.xml#id(ES2003c.sync.587)..id(ES2003c.sync.589)"/>
   </discussion-fragment>
   <discussion-fragment nite:id="ES2003c.discussions.Erik.2" name="ES2003c - Manufacturer codes">
      <nite:child href="ES2003c.C.segments.xml#id(ES2003c.sync.443)..id(ES2003c.sync.445)"/>
      <nite:child href="ES2003c.A.segments.xml#id(ES2003c.sync.92)..id(ES2003c.sync.94)"/>
      <nite:child href="ES2003c.B.segments.xml#id(ES2003c.sync.287)"/>
      <nite:child href="ES2003c.C.segments.xml#id(ES2003c.sync.447)"/>
      <nite:child href="ES2003c.A.segments.xml#id(ES2003c.sync.96)"/>
      <nite:child href="ES2003c.C.segments.xml#id(ES2003c.sync.449)..id(ES2003c.sync.451)"/>
      <nite:child href="ES2003c.A.segments.xml#id(ES2003c.sync.98)"/>
      <nite:child href="ES2003c.C.segments.xml#id(ES2003c.sync.453)"/>
      <nite:child href="ES2003c.A.segments.xml#id(ES2003c.sync.100)..id(ES2003c.sync.102)"/>
      <nite:child href="ES2003c.B.segments.xml#id(ES2003c.sync.289)"/>
      <nite:child href="ES2003c.A.segments.xml#id(ES2003c.sync.104)..id(ES2003c.sync.106)"/>
      <nite:child href="ES2003c.C.segments.xml#id(ES2003c.sync.455)"/>
      <nite:child href="ES2003c.A.segments.xml#id(ES2003c.sync.108)"/>
      <nite:child href="ES2003c.C.segments.xml#id(ES2003c.sync.457)..id(ES2003c.sync.461)"/>
      <nite:child href="ES2003c.A.segments.xml#id(ES2003c.sync.110)"/>
      <nite:child href="ES2003c.B.segments.xml#id(ES2003c.sync.291)"/>
      <nite:child href="ES2003c.C.segments.xml#id(ES2003c.sync.463)"/>
      <nite:child href="ES2003c.A.segments.xml#id(ES2003c.sync.112)"/>
      <nite:child href="ES2003c.C.segments.xml#id(ES2003c.sync.465)..id(ES2003c.sync.467)"/>
   </discussion-fragment>
   <discussion-fragment nite:id="ES2003c.discussions.Erik.3" name="ES2003c - USB functionality">
      <nite:child href="ES2003c.D.segments.xml#id(ES2003c.sync.715)"/>
      <nite:child href="ES2003c.C.segments.xml#id(ES2003c.sync.495)"/>
      <nite:child href="ES2003c.B.segments.xml#id(ES2003c.sync.321)"/>
      <nite:child href="ES2003c.D.segments.xml#id(ES2003c.sync.717)"/>
      <nite:child href="ES2003c.C.segments.xml#id(ES2003c.sync.497)"/>
      <nite:child href="ES2003c.B.segments.xml#id(ES2003c.sync.323)"/>
      <nite:child href="ES2003c.D.segments.xml#id(ES2003c.sync.719)"/>
      <nite:child href="ES2003c.B.segments.xml#id(ES2003c.sync.325)"/>
      <nite:child href="ES2003c.C.segments.xml#id(ES2003c.sync.499)"/>
      <nite:child href="ES2003c.B.segments.xml#id(ES2003c.sync.327)"/>
      <nite:child href="ES2003c.D.segments.xml#id(ES2003c.sync.721)"/>
      <nite:child href="ES2003c.A.segments.xml#id(ES2003c.sync.120)"/>
      <nite:child href="ES2003c.C.segments.xml#id(ES2003c.sync.501)"/>
      <nite:child href="ES2003c.A.segments.xml#id(ES2003c.sync.122)..id(ES2003c.sync.126)"/>
      <nite:child href="ES2003c.C.segments.xml#id(ES2003c.sync.503)"/>
      <nite:child href="ES2003c.A.segments.xml#id(ES2003c.sync.128)"/>
      <nite:child href="ES2003c.C.segments.xml#id(ES2003c.sync.505)"/>
      <nite:child href="ES2003c.B.segments.xml#id(ES2003c.sync.329)"/>
      <nite:child href="ES2003c.A.segments.xml#id(ES2003c.sync.130)"/>
      <nite:child href="ES2003c.C.segments.xml#id(ES2003c.sync.507)"/>
      <nite:child href="ES2003c.B.segments.xml#id(ES2003c.sync.331)"/>
      <nite:child href="ES2003c.C.segments.xml#id(ES2003c.sync.509)..id(ES2003c.sync.511)"/>
      <nite:child href="ES2003c.B.segments.xml#id(ES2003c.sync.333)"/>
      <nite:child href="ES2003c.A.segments.xml#id(ES2003c.sync.132)"/>
   </discussion-fragment>
   <discussion-fragment nite:id="ES2003c.discussions.Erik.4" name="ES2003c - Remote design">
      <nite:child href="ES2003c.B.segments.xml#id(ES2003c.sync.335)"/>
      <nite:child href="ES2003c.C.segments.xml#id(ES2003c.sync.513)..id(ES2003c.sync.515)"/>
      <nite:child href="ES2003c.D.segments.xml#id(ES2003c.sync.723)"/>
      <nite:child href="ES2003c.A.segments.xml#id(ES2003c.sync.136)"/>
      <nite:child href="ES2003c.C.segments.xml#id(ES2003c.sync.517)..id(ES2003c.sync.519)"/>
      <nite:child href="ES2003c.B.segments.xml#id(ES2003c.sync.337)"/>
      <nite:child href="ES2003c.A.segments.xml#id(ES2003c.sync.138)..id(ES2003c.sync.140)"/>
      <nite:child href="ES2003c.C.segments.xml#id(ES2003c.sync.521)"/>
      <nite:child href="ES2003c.A.segments.xml#id(ES2003c.sync.142)"/>
      <nite:child href="ES2003c.B.segments.xml#id(ES2003c.sync.339)..id(ES2003c.sync.341)"/>
      <nite:child href="ES2003c.C.segments.xml#id(ES2003c.sync.523)"/>
      <nite:child href="ES2003c.A.segments.xml#id(ES2003c.sync.144)"/>
      <nite:child href="ES2003c.C.segments.xml#id(ES2003c.sync.525)"/>
      <nite:child href="ES2003c.A.segments.xml#id(ES2003c.sync.146)"/>
      <nite:child href="ES2003c.C.segments.xml#id(ES2003c.sync.527)"/>
      <nite:child href="ES2003c.A.segments.xml#id(ES2003c.sync.148)"/>
      <nite:child href="ES2003c.C.segments.xml#id(ES2003c.sync.529)"/>
      <nite:child href="ES2003c.B.segments.xml#id(ES2003c.sync.343)"/>
      <nite:child href="ES2003c.A.segments.xml#id(ES2003c.sync.150)"/>
      <nite:child href="ES2003c.B.segments.xml#id(ES2003c.sync.345)"/>
      <nite:child href="ES2003c.A.segments.xml#id(ES2003c.sync.152)..id(ES2003c.sync.154)"/>
      <nite:child href="ES2003c.B.segments.xml#id(ES2003c.sync.347)"/>
      <nite:child href="ES2003c.C.segments.xml#id(ES2003c.sync.531)"/>
   </discussion-fragment>
</nite:root>