<?xml version="1.0" encoding="ISO-8859-1" standalone="yes"?>
<nite:root nite:id="ES2012c.discussions" xmlns:nite="http://nite.sourceforge.net/">
   <discussion-fragment nite:id="ES2012c.discussions.Rutger.1" name="Button or Voice Technology">
      <nite:child href="ES2012c.A.segments.xml#id(ES2012c.sync.45)"/>
      <nite:child href="ES2012c.B.segments.xml#id(ES2012c.sync.329)"/>
      <nite:child href="ES2012c.A.segments.xml#id(ES2012c.sync.47)"/>
      <nite:child href="ES2012c.C.segments.xml#id(ES2012c.sync.599)"/>
      <nite:child href="ES2012c.A.segments.xml#id(ES2012c.sync.49)"/>
      <nite:child href="ES2012c.C.segments.xml#id(ES2012c.sync.601)"/>
      <nite:child href="ES2012c.B.segments.xml#id(ES2012c.sync.331)"/>
      <nite:child href="ES2012c.C.segments.xml#id(ES2012c.sync.603)..id(ES2012c.sync.605)"/>
      <nite:child href="ES2012c.A.segments.xml#id(ES2012c.sync.51)"/>
      <nite:child href="ES2012c.C.segments.xml#id(ES2012c.sync.607)"/>
      <nite:child href="ES2012c.A.segments.xml#id(ES2012c.sync.53)"/>
      <nite:child href="ES2012c.B.segments.xml#id(ES2012c.sync.333)"/>
      <nite:child href="ES2012c.A.segments.xml#id(ES2012c.sync.55)"/>
      <nite:child href="ES2012c.C.segments.xml#id(ES2012c.sync.609)"/>
      <nite:child href="ES2012c.B.segments.xml#id(ES2012c.sync.335)"/>
      <nite:child href="ES2012c.A.segments.xml#id(ES2012c.sync.57)"/>
      <nite:child href="ES2012c.C.segments.xml#id(ES2012c.sync.611)"/>
      <nite:child href="ES2012c.A.segments.xml#id(ES2012c.sync.59)"/>
      <nite:child href="ES2012c.B.segments.xml#id(ES2012c.sync.337)"/>
      <nite:child href="ES2012c.A.segments.xml#id(ES2012c.sync.61)"/>
      <nite:child href="ES2012c.D.segments.xml#id(ES2012c.sync.820)"/>
      <nite:child href="ES2012c.C.segments.xml#id(ES2012c.sync.613)"/>
      <nite:child href="ES2012c.B.segments.xml#id(ES2012c.sync.339)"/>
      <nite:child href="ES2012c.A.segments.xml#id(ES2012c.sync.63)"/>
      <nite:child href="ES2012c.C.segments.xml#id(ES2012c.sync.615)"/>
      <nite:child href="ES2012c.A.segments.xml#id(ES2012c.sync.65)..id(ES2012c.sync.71)"/>
      <nite:child href="ES2012c.C.segments.xml#id(ES2012c.sync.617)"/>
      <nite:child href="ES2012c.D.segments.xml#id(ES2012c.sync.822)..id(ES2012c.sync.828)"/>
      <nite:child href="ES2012c.A.segments.xml#id(ES2012c.sync.73)"/>
      <nite:child href="ES2012c.B.segments.xml#id(ES2012c.sync.341)"/>
      <nite:child href="ES2012c.A.segments.xml#id(ES2012c.sync.75)..id(ES2012c.sync.77)"/>
      <nite:child href="ES2012c.C.segments.xml#id(ES2012c.sync.619)"/>
      <nite:child href="ES2012c.B.segments.xml#id(ES2012c.sync.343)"/>
      <nite:child href="ES2012c.C.segments.xml#id(ES2012c.sync.621)"/>
      <nite:child href="ES2012c.A.segments.xml#id(ES2012c.sync.79)"/>
      <nite:child href="ES2012c.B.segments.xml#id(ES2012c.sync.345)"/>
      <nite:child href="ES2012c.C.segments.xml#id(ES2012c.sync.623)"/>
      <nite:child href="ES2012c.B.segments.xml#id(ES2012c.sync.347)"/>
      <nite:child href="ES2012c.C.segments.xml#id(ES2012c.sync.625)"/>
      <nite:child href="ES2012c.A.segments.xml#id(ES2012c.sync.81)"/>
      <nite:child href="ES2012c.B.segments.xml#id(ES2012c.sync.349)"/>
      <nite:child href="ES2012c.C.segments.xml#id(ES2012c.sync.627)"/>
      <nite:child href="ES2012c.B.segments.xml#id(ES2012c.sync.351)"/>
      <nite:child href="ES2012c.A.segments.xml#id(ES2012c.sync.83)..id(ES2012c.sync.85)"/>
      <nite:child href="ES2012c.B.segments.xml#id(ES2012c.sync.353)"/>
      <nite:child href="ES2012c.D.segments.xml#id(ES2012c.sync.830)"/>
      <nite:child href="ES2012c.C.segments.xml#id(ES2012c.sync.629)"/>
      <nite:child href="ES2012c.A.segments.xml#id(ES2012c.sync.87)"/>
      <nite:child href="ES2012c.D.segments.xml#id(ES2012c.sync.832)"/>
      <nite:child href="ES2012c.A.segments.xml#id(ES2012c.sync.89)..id(ES2012c.sync.91)"/>
      <nite:child href="ES2012c.B.segments.xml#id(ES2012c.sync.355)"/>
      <nite:child href="ES2012c.A.segments.xml#id(ES2012c.sync.93)"/>
   </discussion-fragment>
   <discussion-fragment nite:id="ES2012c.discussions.Rutger.2" name="Slide Control or push buttons?">
      <nite:child href="ES2012c.A.segments.xml#id(ES2012c.sync.117)"/>
      <nite:child href="ES2012c.B.segments.xml#id(ES2012c.sync.373)..id(ES2012c.sync.377)"/>
      <nite:child href="ES2012c.A.segments.xml#id(ES2012c.sync.119)"/>
      <nite:child href="ES2012c.C.segments.xml#id(ES2012c.sync.651)"/>
      <nite:child href="ES2012c.B.segments.xml#id(ES2012c.sync.379)"/>
      <nite:child href="ES2012c.A.segments.xml#id(ES2012c.sync.121)..id(ES2012c.sync.127)"/>
      <nite:child href="ES2012c.B.segments.xml#id(ES2012c.sync.381)"/>
      <nite:child href="ES2012c.C.segments.xml#id(ES2012c.sync.653)"/>
      <nite:child href="ES2012c.D.segments.xml#id(ES2012c.sync.836)"/>
      <nite:child href="ES2012c.C.segments.xml#id(ES2012c.sync.655)..id(ES2012c.sync.657)"/>
      <nite:child href="ES2012c.B.segments.xml#id(ES2012c.sync.383)"/>
      <nite:child href="ES2012c.A.segments.xml#id(ES2012c.sync.129)..id(ES2012c.sync.131)"/>
      <nite:child href="ES2012c.C.segments.xml#id(ES2012c.sync.659)"/>
      <nite:child href="ES2012c.D.segments.xml#id(ES2012c.sync.838)"/>
      <nite:child href="ES2012c.A.segments.xml#id(ES2012c.sync.133)"/>
      <nite:child href="ES2012c.D.segments.xml#id(ES2012c.sync.840)"/>
      <nite:child href="ES2012c.A.segments.xml#id(ES2012c.sync.135)"/>
      <nite:child href="ES2012c.D.segments.xml#id(ES2012c.sync.842)"/>
      <nite:child href="ES2012c.B.segments.xml#id(ES2012c.sync.385)"/>
      <nite:child href="ES2012c.A.segments.xml#id(ES2012c.sync.137)"/>
      <nite:child href="ES2012c.C.segments.xml#id(ES2012c.sync.661)"/>
      <nite:child href="ES2012c.A.segments.xml#id(ES2012c.sync.139)"/>
      <nite:child href="ES2012c.B.segments.xml#id(ES2012c.sync.387)"/>
      <nite:child href="ES2012c.D.segments.xml#id(ES2012c.sync.844)"/>
      <nite:child href="ES2012c.A.segments.xml#id(ES2012c.sync.141)"/>
      <nite:child href="ES2012c.C.segments.xml#id(ES2012c.sync.663)"/>
      <nite:child href="ES2012c.B.segments.xml#id(ES2012c.sync.389)"/>
      <nite:child href="ES2012c.C.segments.xml#id(ES2012c.sync.665)"/>
      <nite:child href="ES2012c.A.segments.xml#id(ES2012c.sync.143)"/>
      <nite:child href="ES2012c.C.segments.xml#id(ES2012c.sync.667)"/>
      <nite:child href="ES2012c.A.segments.xml#id(ES2012c.sync.145)"/>
      <nite:child href="ES2012c.B.segments.xml#id(ES2012c.sync.391)"/>
      <nite:child href="ES2012c.D.segments.xml#id(ES2012c.sync.846)..id(ES2012c.sync.848)"/>
      <nite:child href="ES2012c.C.segments.xml#id(ES2012c.sync.669)..id(ES2012c.sync.671)"/>
      <nite:child href="ES2012c.B.segments.xml#id(ES2012c.sync.393)"/>
      <nite:child href="ES2012c.A.segments.xml#id(ES2012c.sync.147)..id(ES2012c.sync.149)"/>
      <nite:child href="ES2012c.C.segments.xml#id(ES2012c.sync.673)..id(ES2012c.sync.675)"/>
      <nite:child href="ES2012c.B.segments.xml#id(ES2012c.sync.395)"/>
      <nite:child href="ES2012c.C.segments.xml#id(ES2012c.sync.677)"/>
      <nite:child href="ES2012c.D.segments.xml#id(ES2012c.sync.850)"/>
      <nite:child href="ES2012c.C.segments.xml#id(ES2012c.sync.679)..id(ES2012c.sync.683)"/>
      <nite:child href="ES2012c.B.segments.xml#id(ES2012c.sync.397)"/>
      <nite:child href="ES2012c.D.segments.xml#id(ES2012c.sync.852)"/>
      <nite:child href="ES2012c.A.segments.xml#id(ES2012c.sync.151)"/>
   </discussion-fragment>
   <discussion-fragment nite:id="ES2012c.discussions.Rutger.4" name="Interchangeable cover or a new remote every year?">
      <nite:child href="ES2012c.D.segments.xml#id(ES2012c.sync.888)..id(ES2012c.sync.890)"/>
      <nite:child href="ES2012c.C.segments.xml#id(ES2012c.sync.695)"/>
      <nite:child href="ES2012c.B.segments.xml#id(ES2012c.sync.423)"/>
      <nite:child href="ES2012c.C.segments.xml#id(ES2012c.sync.697)"/>
      <nite:child href="ES2012c.A.segments.xml#id(ES2012c.sync.181)"/>
      <nite:child href="ES2012c.B.segments.xml#id(ES2012c.sync.425)"/>
      <nite:child href="ES2012c.D.segments.xml#id(ES2012c.sync.892)"/>
      <nite:child href="ES2012c.C.segments.xml#id(ES2012c.sync.699)"/>
      <nite:child href="ES2012c.B.segments.xml#id(ES2012c.sync.427)..id(ES2012c.sync.429)"/>
      <nite:child href="ES2012c.A.segments.xml#id(ES2012c.sync.183)"/>
      <nite:child href="ES2012c.B.segments.xml#id(ES2012c.sync.431)..id(ES2012c.sync.439)"/>
      <nite:child href="ES2012c.C.segments.xml#id(ES2012c.sync.701)"/>
      <nite:child href="ES2012c.D.segments.xml#id(ES2012c.sync.894)"/>
      <nite:child href="ES2012c.B.segments.xml#id(ES2012c.sync.441)"/>
      <nite:child href="ES2012c.C.segments.xml#id(ES2012c.sync.703)..id(ES2012c.sync.705)"/>
      <nite:child href="ES2012c.B.segments.xml#id(ES2012c.sync.443)"/>
      <nite:child href="ES2012c.A.segments.xml#id(ES2012c.sync.185)..id(ES2012c.sync.187)"/>
      <nite:child href="ES2012c.C.segments.xml#id(ES2012c.sync.707)"/>
      <nite:child href="ES2012c.B.segments.xml#id(ES2012c.sync.445)"/>
      <nite:child href="ES2012c.C.segments.xml#id(ES2012c.sync.709)"/>
      <nite:child href="ES2012c.B.segments.xml#id(ES2012c.sync.447)"/>
      <nite:child href="ES2012c.C.segments.xml#id(ES2012c.sync.711)"/>
      <nite:child href="ES2012c.A.segments.xml#id(ES2012c.sync.189)"/>
      <nite:child href="ES2012c.D.segments.xml#id(ES2012c.sync.896)"/>
      <nite:child href="ES2012c.B.segments.xml#id(ES2012c.sync.449)"/>
      <nite:child href="ES2012c.A.segments.xml#id(ES2012c.sync.191)"/>
      <nite:child href="ES2012c.D.segments.xml#id(ES2012c.sync.898)"/>
      <nite:child href="ES2012c.B.segments.xml#id(ES2012c.sync.451)"/>
      <nite:child href="ES2012c.C.segments.xml#id(ES2012c.sync.713)"/>
      <nite:child href="ES2012c.B.segments.xml#id(ES2012c.sync.453)"/>
      <nite:child href="ES2012c.C.segments.xml#id(ES2012c.sync.715)..id(ES2012c.sync.717)"/>
      <nite:child href="ES2012c.B.segments.xml#id(ES2012c.sync.455)"/>
      <nite:child href="ES2012c.C.segments.xml#id(ES2012c.sync.719)"/>
      <nite:child href="ES2012c.A.segments.xml#id(ES2012c.sync.193)"/>
      <nite:child href="ES2012c.C.segments.xml#id(ES2012c.sync.721)"/>
      <nite:child href="ES2012c.B.segments.xml#id(ES2012c.sync.457)"/>
      <nite:child href="ES2012c.A.segments.xml#id(ES2012c.sync.195)"/>
      <nite:child href="ES2012c.B.segments.xml#id(ES2012c.sync.459)"/>
      <nite:child href="ES2012c.C.segments.xml#id(ES2012c.sync.723)"/>
      <nite:child href="ES2012c.B.segments.xml#id(ES2012c.sync.461)..id(ES2012c.sync.463)"/>
      <nite:child href="ES2012c.C.segments.xml#id(ES2012c.sync.725)"/>
      <nite:child href="ES2012c.B.segments.xml#id(ES2012c.sync.465)"/>
      <nite:child href="ES2012c.A.segments.xml#id(ES2012c.sync.197)"/>
      <nite:child href="ES2012c.C.segments.xml#id(ES2012c.sync.727)"/>
      <nite:child href="ES2012c.B.segments.xml#id(ES2012c.sync.467)"/>
   </discussion-fragment>
   <discussion-fragment nite:id="ES2012c.discussions.Rutger.5" name="Voice or Buttons (2)">
      <nite:child href="ES2012c.D.segments.xml#id(ES2012c.sync.914)"/>
      <nite:child href="ES2012c.C.segments.xml#id(ES2012c.sync.759)"/>
      <nite:child href="ES2012c.B.segments.xml#id(ES2012c.sync.513)"/>
      <nite:child href="ES2012c.D.segments.xml#id(ES2012c.sync.916)"/>
      <nite:child href="ES2012c.A.segments.xml#id(ES2012c.sync.229)"/>
      <nite:child href="ES2012c.C.segments.xml#id(ES2012c.sync.761)"/>
      <nite:child href="ES2012c.B.segments.xml#id(ES2012c.sync.515)"/>
      <nite:child href="ES2012c.A.segments.xml#id(ES2012c.sync.231)"/>
      <nite:child href="ES2012c.B.segments.xml#id(ES2012c.sync.517)"/>
      <nite:child href="ES2012c.C.segments.xml#id(ES2012c.sync.763)..id(ES2012c.sync.765)"/>
      <nite:child href="ES2012c.B.segments.xml#id(ES2012c.sync.519)"/>
      <nite:child href="ES2012c.A.segments.xml#id(ES2012c.sync.233)"/>
      <nite:child href="ES2012c.C.segments.xml#id(ES2012c.sync.767)"/>
      <nite:child href="ES2012c.D.segments.xml#id(ES2012c.sync.918)"/>
      <nite:child href="ES2012c.B.segments.xml#id(ES2012c.sync.521)"/>
      <nite:child href="ES2012c.A.segments.xml#id(ES2012c.sync.235)"/>
      <nite:child href="ES2012c.D.segments.xml#id(ES2012c.sync.920)"/>
      <nite:child href="ES2012c.A.segments.xml#id(ES2012c.sync.237)"/>
      <nite:child href="ES2012c.B.segments.xml#id(ES2012c.sync.523)..id(ES2012c.sync.525)"/>
      <nite:child href="ES2012c.D.segments.xml#id(ES2012c.sync.922)"/>
      <nite:child href="ES2012c.B.segments.xml#id(ES2012c.sync.527)"/>
      <nite:child href="ES2012c.A.segments.xml#id(ES2012c.sync.239)"/>
      <nite:child href="ES2012c.D.segments.xml#id(ES2012c.sync.924)"/>
      <nite:child href="ES2012c.C.segments.xml#id(ES2012c.sync.769)"/>
      <nite:child href="ES2012c.A.segments.xml#id(ES2012c.sync.241)"/>
      <nite:child href="ES2012c.D.segments.xml#id(ES2012c.sync.926)"/>
      <nite:child href="ES2012c.A.segments.xml#id(ES2012c.sync.243)"/>
      <nite:child href="ES2012c.C.segments.xml#id(ES2012c.sync.771)"/>
      <nite:child href="ES2012c.B.segments.xml#id(ES2012c.sync.529)..id(ES2012c.sync.531)"/>
      <nite:child href="ES2012c.A.segments.xml#id(ES2012c.sync.245)"/>
      <nite:child href="ES2012c.D.segments.xml#id(ES2012c.sync.928)"/>
      <nite:child href="ES2012c.A.segments.xml#id(ES2012c.sync.247)"/>
   </discussion-fragment>
</nite:root>