<?xml version="1.0" encoding="ISO-8859-1" standalone="yes"?>
<nite:root nite:id="ES2016c.discussions" xmlns:nite="http://nite.sourceforge.net/">
   <discussion-fragment nite:id="ES2016c.discussions.Rutger.1" name="batteries">
      <nite:child href="ES2016c.B.segments.xml#id(ES2016c.sync.264)..id(ES2016c.sync.268)"/>
      <nite:child href="ES2016c.D.segments.xml#id(ES2016c.sync.610)"/>
      <nite:child href="ES2016c.B.segments.xml#id(ES2016c.sync.270)..id(ES2016c.sync.276)"/>
      <nite:child href="ES2016c.A.segments.xml#id(ES2016c.sync.88)"/>
      <nite:child href="ES2016c.C.segments.xml#id(ES2016c.sync.462)"/>
      <nite:child href="ES2016c.D.segments.xml#id(ES2016c.sync.612)"/>
      <nite:child href="ES2016c.C.segments.xml#id(ES2016c.sync.464)"/>
      <nite:child href="ES2016c.B.segments.xml#id(ES2016c.sync.278)"/>
      <nite:child href="ES2016c.C.segments.xml#id(ES2016c.sync.466)"/>
      <nite:child href="ES2016c.B.segments.xml#id(ES2016c.sync.280)"/>
      <nite:child href="ES2016c.A.segments.xml#id(ES2016c.sync.90)"/>
      <nite:child href="ES2016c.B.segments.xml#id(ES2016c.sync.282)"/>
      <nite:child href="ES2016c.D.segments.xml#id(ES2016c.sync.614)"/>
      <nite:child href="ES2016c.C.segments.xml#id(ES2016c.sync.468)"/>
      <nite:child href="ES2016c.D.segments.xml#id(ES2016c.sync.616)"/>
      <nite:child href="ES2016c.B.segments.xml#id(ES2016c.sync.284)..id(ES2016c.sync.286)"/>
   </discussion-fragment>
   <discussion-fragment nite:id="ES2016c.discussions.Rutger.2" name="Fruit design">
      <nite:child href="ES2016c.B.segments.xml#id(ES2016c.sync.330)..id(ES2016c.sync.336)"/>
      <nite:child href="ES2016c.D.segments.xml#id(ES2016c.sync.628)"/>
      <nite:child href="ES2016c.B.segments.xml#id(ES2016c.sync.338)"/>
      <nite:child href="ES2016c.C.segments.xml#id(ES2016c.sync.492)"/>
      <nite:child href="ES2016c.A.segments.xml#id(ES2016c.sync.108)"/>
      <nite:child href="ES2016c.B.segments.xml#id(ES2016c.sync.340)"/>
      <nite:child href="ES2016c.C.segments.xml#id(ES2016c.sync.494)"/>
      <nite:child href="ES2016c.D.segments.xml#id(ES2016c.sync.630)"/>
      <nite:child href="ES2016c.B.segments.xml#id(ES2016c.sync.342)"/>
      <nite:child href="ES2016c.C.segments.xml#id(ES2016c.sync.496)"/>
      <nite:child href="ES2016c.D.segments.xml#id(ES2016c.sync.632)"/>
      <nite:child href="ES2016c.B.segments.xml#id(ES2016c.sync.344)..id(ES2016c.sync.346)"/>
      <nite:child href="ES2016c.C.segments.xml#id(ES2016c.sync.498)"/>
      <nite:child href="ES2016c.D.segments.xml#id(ES2016c.sync.634)"/>
      <nite:child href="ES2016c.A.segments.xml#id(ES2016c.sync.110)"/>
      <nite:child href="ES2016c.C.segments.xml#id(ES2016c.sync.500)"/>
      <nite:child href="ES2016c.A.segments.xml#id(ES2016c.sync.112)"/>
      <nite:child href="ES2016c.D.segments.xml#id(ES2016c.sync.636)"/>
      <nite:child href="ES2016c.B.segments.xml#id(ES2016c.sync.348)..id(ES2016c.sync.350)"/>
      <nite:child href="ES2016c.A.segments.xml#id(ES2016c.sync.114)"/>
      <nite:child href="ES2016c.D.segments.xml#id(ES2016c.sync.638)"/>
      <nite:child href="ES2016c.C.segments.xml#id(ES2016c.sync.502)..id(ES2016c.sync.504)"/>
      <nite:child href="ES2016c.A.segments.xml#id(ES2016c.sync.116)"/>
      <nite:child href="ES2016c.D.segments.xml#id(ES2016c.sync.640)"/>
      <nite:child href="ES2016c.A.segments.xml#id(ES2016c.sync.118)"/>
      <nite:child href="ES2016c.C.segments.xml#id(ES2016c.sync.506)"/>
      <nite:child href="ES2016c.B.segments.xml#id(ES2016c.sync.352)"/>
      <nite:child href="ES2016c.D.segments.xml#id(ES2016c.sync.642)"/>
      <nite:child href="ES2016c.C.segments.xml#id(ES2016c.sync.508)"/>
      <nite:child href="ES2016c.A.segments.xml#id(ES2016c.sync.120)"/>
      <nite:child href="ES2016c.C.segments.xml#id(ES2016c.sync.510)"/>
      <nite:child href="ES2016c.D.segments.xml#id(ES2016c.sync.644)"/>
      <nite:child href="ES2016c.C.segments.xml#id(ES2016c.sync.512)"/>
      <nite:child href="ES2016c.B.segments.xml#id(ES2016c.sync.354)"/>
      <nite:child href="ES2016c.A.segments.xml#id(ES2016c.sync.122)"/>
      <nite:child href="ES2016c.B.segments.xml#id(ES2016c.sync.356)"/>
      <nite:child href="ES2016c.D.segments.xml#id(ES2016c.sync.646)"/>
      <nite:child href="ES2016c.B.segments.xml#id(ES2016c.sync.358)"/>
      <nite:child href="ES2016c.A.segments.xml#id(ES2016c.sync.124)"/>
      <nite:child href="ES2016c.D.segments.xml#id(ES2016c.sync.648)"/>
      <nite:child href="ES2016c.C.segments.xml#id(ES2016c.sync.514)..id(ES2016c.sync.516)"/>
      <nite:child href="ES2016c.D.segments.xml#id(ES2016c.sync.650)"/>
      <nite:child href="ES2016c.C.segments.xml#id(ES2016c.sync.518)"/>
      <nite:child href="ES2016c.B.segments.xml#id(ES2016c.sync.360)"/>
      <nite:child href="ES2016c.A.segments.xml#id(ES2016c.sync.126)"/>
      <nite:child href="ES2016c.D.segments.xml#id(ES2016c.sync.652)"/>
      <nite:child href="ES2016c.B.segments.xml#id(ES2016c.sync.362)"/>
      <nite:child href="ES2016c.C.segments.xml#id(ES2016c.sync.520)"/>
      <nite:child href="ES2016c.D.segments.xml#id(ES2016c.sync.654)"/>
      <nite:child href="ES2016c.A.segments.xml#id(ES2016c.sync.128)"/>
      <nite:child href="ES2016c.D.segments.xml#id(ES2016c.sync.656)"/>
      <nite:child href="ES2016c.B.segments.xml#id(ES2016c.sync.364)"/>
      <nite:child href="ES2016c.D.segments.xml#id(ES2016c.sync.658)"/>
      <nite:child href="ES2016c.C.segments.xml#id(ES2016c.sync.522)..id(ES2016c.sync.526)"/>
      <nite:child href="ES2016c.D.segments.xml#id(ES2016c.sync.660)"/>
      <nite:child href="ES2016c.B.segments.xml#id(ES2016c.sync.366)"/>
      <nite:child href="ES2016c.A.segments.xml#id(ES2016c.sync.130)"/>
      <nite:child href="ES2016c.D.segments.xml#id(ES2016c.sync.662)"/>
      <nite:child href="ES2016c.B.segments.xml#id(ES2016c.sync.368)"/>
   </discussion-fragment>
</nite:root>