<?xml version="1.0" encoding="ISO-8859-1" standalone="yes"?>
<nite:root nite:id="ES2002a.discussions" xmlns:nite="http://nite.sourceforge.net/">
   <discussion-fragment nite:id="ES2002a.discussions.Erik.1" name="ES2002a - Regions">
      <nite:child href="ES2002a.D.segments.xml#id(ES2002a.sync.422)"/>
      <nite:child href="ES2002a.B.segments.xml#id(ES2002a.sync.166)"/>
      <nite:child href="ES2002a.A.segments.xml#id(ES2002a.sync.41)"/>
      <nite:child href="ES2002a.B.segments.xml#id(ES2002a.sync.168)"/>
      <nite:child href="ES2002a.D.segments.xml#id(ES2002a.sync.423)..id(ES2002a.sync.427)"/>
      <nite:child href="ES2002a.A.segments.xml#id(ES2002a.sync.43)"/>
      <nite:child href="ES2002a.B.segments.xml#id(ES2002a.sync.170)"/>
      <nite:child href="ES2002a.D.segments.xml#id(ES2002a.sync.429)"/>
   </discussion-fragment>
   <discussion-fragment nite:id="ES2002a.discussions.Erik.3" name="ES2002a - Remote design wrap up">
      <nite:child href="ES2002a.D.segments.xml#id(ES2002a.sync.531)"/>
      <nite:child href="ES2002a.B.segments.xml#id(ES2002a.sync.270)..id(ES2002a.sync.272)"/>
      <nite:child href="ES2002a.D.segments.xml#id(ES2002a.sync.533)..id(ES2002a.sync.535)"/>
      <nite:child href="ES2002a.A.segments.xml#id(ES2002a.sync.61)"/>
      <nite:child href="ES2002a.D.segments.xml#id(ES2002a.sync.537)"/>
      <nite:child href="ES2002a.A.segments.xml#id(ES2002a.sync.62)"/>
      <nite:child href="ES2002a.B.segments.xml#id(ES2002a.sync.274)"/>
      <nite:child href="ES2002a.D.segments.xml#id(ES2002a.sync.539)"/>
      <nite:child href="ES2002a.B.segments.xml#id(ES2002a.sync.276)"/>
      <nite:child href="ES2002a.D.segments.xml#id(ES2002a.sync.541)"/>
      <nite:child href="ES2002a.B.segments.xml#id(ES2002a.sync.278)"/>
      <nite:child href="ES2002a.A.segments.xml#id(ES2002a.sync.64)"/>
      <nite:child href="ES2002a.B.segments.xml#id(ES2002a.sync.280)"/>
      <nite:child href="ES2002a.D.segments.xml#id(ES2002a.sync.543)..id(ES2002a.sync.545)"/>
   </discussion-fragment>
   <discussion-fragment nite:id="ES2002a.discussions.Erik.4" name="ES2002a - Remote functionality">
      <nite:child href="ES2002a.D.segments.xml#id(ES2002a.sync.470)"/>
      <nite:child href="ES2002a.B.segments.xml#id(ES2002a.sync.202)..id(ES2002a.sync.206)"/>
      <nite:child href="ES2002a.D.segments.xml#id(ES2002a.sync.472)"/>
      <nite:child href="ES2002a.C.segments.xml#id(ES2002a.sync.317)"/>
      <nite:child href="ES2002a.A.segments.xml#id(ES2002a.sync.49)"/>
      <nite:child href="ES2002a.C.segments.xml#id(ES2002a.sync.319)..id(ES2002a.sync.321)"/>
      <nite:child href="ES2002a.D.segments.xml#id(ES2002a.sync.474)..id(ES2002a.sync.478)"/>
      <nite:child href="ES2002a.B.segments.xml#id(ES2002a.sync.208)..id(ES2002a.sync.210)"/>
      <nite:child href="ES2002a.D.segments.xml#id(ES2002a.sync.480)..id(ES2002a.sync.484)"/>
      <nite:child href="ES2002a.B.segments.xml#id(ES2002a.sync.212)"/>
      <nite:child href="ES2002a.D.segments.xml#id(ES2002a.sync.486)"/>
      <nite:child href="ES2002a.B.segments.xml#id(ES2002a.sync.214)..id(ES2002a.sync.216)"/>
      <nite:child href="ES2002a.D.segments.xml#id(ES2002a.sync.488)..id(ES2002a.sync.490)"/>
      <nite:child href="ES2002a.B.segments.xml#id(ES2002a.sync.218)"/>
      <nite:child href="ES2002a.D.segments.xml#id(ES2002a.sync.492)..id(ES2002a.sync.494)"/>
      <nite:child href="ES2002a.B.segments.xml#id(ES2002a.sync.220)"/>
      <nite:child href="ES2002a.D.segments.xml#id(ES2002a.sync.496)"/>
      <nite:child href="ES2002a.B.segments.xml#id(ES2002a.sync.222)"/>
      <nite:child href="ES2002a.A.segments.xml#id(ES2002a.sync.51)"/>
      <nite:child href="ES2002a.B.segments.xml#id(ES2002a.sync.224)"/>
      <nite:child href="ES2002a.D.segments.xml#id(ES2002a.sync.498)"/>
      <nite:child href="ES2002a.A.segments.xml#id(ES2002a.sync.53)"/>
      <nite:child href="ES2002a.D.segments.xml#id(ES2002a.sync.500)..id(ES2002a.sync.502)"/>
      <nite:child href="ES2002a.B.segments.xml#id(ES2002a.sync.226)"/>
      <nite:child href="ES2002a.D.segments.xml#id(ES2002a.sync.504)..id(ES2002a.sync.506)"/>
      <nite:child href="ES2002a.A.segments.xml#id(ES2002a.sync.55)"/>
      <nite:child href="ES2002a.D.segments.xml#id(ES2002a.sync.508)..id(ES2002a.sync.512)"/>
      <nite:child href="ES2002a.B.segments.xml#id(ES2002a.sync.228)..id(ES2002a.sync.236)"/>
      <nite:child href="ES2002a.D.segments.xml#id(ES2002a.sync.513)"/>
      <nite:child href="ES2002a.B.segments.xml#id(ES2002a.sync.238)..id(ES2002a.sync.240)"/>
      <nite:child href="ES2002a.D.segments.xml#id(ES2002a.sync.515)"/>
      <nite:child href="ES2002a.B.segments.xml#id(ES2002a.sync.242)..id(ES2002a.sync.248)"/>
      <nite:child href="ES2002a.D.segments.xml#id(ES2002a.sync.517)"/>
      <nite:child href="ES2002a.C.segments.xml#id(ES2002a.sync.323)"/>
   </discussion-fragment>
</nite:root>