<?xml version="1.0" encoding="ISO-8859-1" standalone="yes"?>
<nite:root nite:id="ES2008c.discussions" xmlns:nite="http://nite.sourceforge.net/">
   <discussion-fragment nite:id="ES2008c.discussions.Erik.1" name="ES2008c - LCD screen">
      <nite:child href="ES2008c.B.segments.xml#id(ES2008c.sync.326)"/>
      <nite:child href="ES2008c.C.segments.xml#id(ES2008c.sync.603)"/>
      <nite:child href="ES2008c.B.segments.xml#id(ES2008c.sync.328)..id(ES2008c.sync.330)"/>
      <nite:child href="ES2008c.C.segments.xml#id(ES2008c.sync.605)"/>
      <nite:child href="ES2008c.B.segments.xml#id(ES2008c.sync.332)"/>
      <nite:child href="ES2008c.A.segments.xml#id(ES2008c.sync.61)"/>
      <nite:child href="ES2008c.B.segments.xml#id(ES2008c.sync.334)"/>
      <nite:child href="ES2008c.C.segments.xml#id(ES2008c.sync.607)..id(ES2008c.sync.609)"/>
      <nite:child href="ES2008c.A.segments.xml#id(ES2008c.sync.63)"/>
      <nite:child href="ES2008c.B.segments.xml#id(ES2008c.sync.336)"/>
      <nite:child href="ES2008c.A.segments.xml#id(ES2008c.sync.65)"/>
      <nite:child href="ES2008c.B.segments.xml#id(ES2008c.sync.338)"/>
      <nite:child href="ES2008c.C.segments.xml#id(ES2008c.sync.611)"/>
      <nite:child href="ES2008c.B.segments.xml#id(ES2008c.sync.340)"/>
   </discussion-fragment>
   <discussion-fragment nite:id="ES2008c.discussions.Erik.2" name="ES2008c - Spongy remote">
      <nite:child href="ES2008c.A.segments.xml#id(ES2008c.sync.97)"/>
      <nite:child href="ES2008c.C.segments.xml#id(ES2008c.sync.639)"/>
      <nite:child href="ES2008c.B.segments.xml#id(ES2008c.sync.374)"/>
      <nite:child href="ES2008c.A.segments.xml#id(ES2008c.sync.99)"/>
      <nite:child href="ES2008c.B.segments.xml#id(ES2008c.sync.376)"/>
      <nite:child href="ES2008c.C.segments.xml#id(ES2008c.sync.641)"/>
      <nite:child href="ES2008c.B.segments.xml#id(ES2008c.sync.378)"/>
      <nite:child href="ES2008c.A.segments.xml#id(ES2008c.sync.101)"/>
      <nite:child href="ES2008c.B.segments.xml#id(ES2008c.sync.380)..id(ES2008c.sync.382)"/>
      <nite:child href="ES2008c.A.segments.xml#id(ES2008c.sync.103)"/>
      <nite:child href="ES2008c.D.segments.xml#id(ES2008c.sync.798)"/>
      <nite:child href="ES2008c.C.segments.xml#id(ES2008c.sync.643)"/>
      <nite:child href="ES2008c.B.segments.xml#id(ES2008c.sync.384)"/>
      <nite:child href="ES2008c.D.segments.xml#id(ES2008c.sync.800)"/>
      <nite:child href="ES2008c.C.segments.xml#id(ES2008c.sync.645)"/>
      <nite:child href="ES2008c.A.segments.xml#id(ES2008c.sync.105)"/>
      <nite:child href="ES2008c.B.segments.xml#id(ES2008c.sync.386)..id(ES2008c.sync.390)"/>
      <nite:child href="ES2008c.A.segments.xml#id(ES2008c.sync.107)"/>
      <nite:child href="ES2008c.D.segments.xml#id(ES2008c.sync.802)"/>
      <nite:child href="ES2008c.A.segments.xml#id(ES2008c.sync.109)"/>
      <nite:child href="ES2008c.B.segments.xml#id(ES2008c.sync.392)"/>
      <nite:child href="ES2008c.A.segments.xml#id(ES2008c.sync.111)"/>
      <nite:child href="ES2008c.C.segments.xml#id(ES2008c.sync.647)"/>
      <nite:child href="ES2008c.D.segments.xml#id(ES2008c.sync.804)"/>
      <nite:child href="ES2008c.A.segments.xml#id(ES2008c.sync.113)"/>
      <nite:child href="ES2008c.D.segments.xml#id(ES2008c.sync.806)"/>
      <nite:child href="ES2008c.A.segments.xml#id(ES2008c.sync.115)"/>
      <nite:child href="ES2008c.C.segments.xml#id(ES2008c.sync.649)"/>
      <nite:child href="ES2008c.A.segments.xml#id(ES2008c.sync.117)"/>
      <nite:child href="ES2008c.D.segments.xml#id(ES2008c.sync.808)"/>
      <nite:child href="ES2008c.B.segments.xml#id(ES2008c.sync.394)"/>
      <nite:child href="ES2008c.C.segments.xml#id(ES2008c.sync.651)..id(ES2008c.sync.653)"/>
   </discussion-fragment>
   <discussion-fragment nite:id="ES2008c.discussions.Erik.3" name="ES2008c - Button pushing">
      <nite:child href="ES2008c.C.segments.xml#id(ES2008c.sync.655)"/>
      <nite:child href="ES2008c.A.segments.xml#id(ES2008c.sync.121)"/>
      <nite:child href="ES2008c.D.segments.xml#id(ES2008c.sync.810)"/>
      <nite:child href="ES2008c.C.segments.xml#id(ES2008c.sync.657)"/>
      <nite:child href="ES2008c.B.segments.xml#id(ES2008c.sync.396)"/>
      <nite:child href="ES2008c.A.segments.xml#id(ES2008c.sync.123)"/>
      <nite:child href="ES2008c.C.segments.xml#id(ES2008c.sync.659)"/>
      <nite:child href="ES2008c.B.segments.xml#id(ES2008c.sync.398)..id(ES2008c.sync.400)"/>
      <nite:child href="ES2008c.A.segments.xml#id(ES2008c.sync.125)"/>
      <nite:child href="ES2008c.D.segments.xml#id(ES2008c.sync.812)"/>
      <nite:child href="ES2008c.B.segments.xml#id(ES2008c.sync.402)"/>
      <nite:child href="ES2008c.A.segments.xml#id(ES2008c.sync.127)"/>
      <nite:child href="ES2008c.C.segments.xml#id(ES2008c.sync.661)"/>
      <nite:child href="ES2008c.B.segments.xml#id(ES2008c.sync.404)"/>
      <nite:child href="ES2008c.A.segments.xml#id(ES2008c.sync.129)"/>
      <nite:child href="ES2008c.C.segments.xml#id(ES2008c.sync.663)"/>
      <nite:child href="ES2008c.B.segments.xml#id(ES2008c.sync.406)..id(ES2008c.sync.410)"/>
      <nite:child href="ES2008c.A.segments.xml#id(ES2008c.sync.131)"/>
      <nite:child href="ES2008c.C.segments.xml#id(ES2008c.sync.665)"/>
      <nite:child href="ES2008c.B.segments.xml#id(ES2008c.sync.412)"/>
      <nite:child href="ES2008c.A.segments.xml#id(ES2008c.sync.133)"/>
      <nite:child href="ES2008c.C.segments.xml#id(ES2008c.sync.667)"/>
      <nite:child href="ES2008c.D.segments.xml#id(ES2008c.sync.814)"/>
      <nite:child href="ES2008c.B.segments.xml#id(ES2008c.sync.414)"/>
      <nite:child href="ES2008c.A.segments.xml#id(ES2008c.sync.135)"/>
      <nite:child href="ES2008c.C.segments.xml#id(ES2008c.sync.669)"/>
      <nite:child href="ES2008c.D.segments.xml#id(ES2008c.sync.816)"/>
      <nite:child href="ES2008c.A.segments.xml#id(ES2008c.sync.137)"/>
      <nite:child href="ES2008c.B.segments.xml#id(ES2008c.sync.416)"/>
      <nite:child href="ES2008c.A.segments.xml#id(ES2008c.sync.139)"/>
      <nite:child href="ES2008c.B.segments.xml#id(ES2008c.sync.418)..id(ES2008c.sync.420)"/>
      <nite:child href="ES2008c.C.segments.xml#id(ES2008c.sync.671)..id(ES2008c.sync.673)"/>
      <nite:child href="ES2008c.B.segments.xml#id(ES2008c.sync.421)"/>
      <nite:child href="ES2008c.D.segments.xml#id(ES2008c.sync.818)"/>
      <nite:child href="ES2008c.B.segments.xml#id(ES2008c.sync.423)"/>
   </discussion-fragment>
   <discussion-fragment nite:id="ES2008c.discussions.Erik.4" name="ES2008c - Chip type">
      <nite:child href="ES2008c.A.segments.xml#id(ES2008c.sync.173)"/>
      <nite:child href="ES2008c.B.segments.xml#id(ES2008c.sync.493)..id(ES2008c.sync.498)"/>
      <nite:child href="ES2008c.C.segments.xml#id(ES2008c.sync.692)..id(ES2008c.sync.694)"/>
      <nite:child href="ES2008c.B.segments.xml#id(ES2008c.sync.500)"/>
      <nite:child href="ES2008c.A.segments.xml#id(ES2008c.sync.175)"/>
      <nite:child href="ES2008c.C.segments.xml#id(ES2008c.sync.696)"/>
      <nite:child href="ES2008c.D.segments.xml#id(ES2008c.sync.842)"/>
      <nite:child href="ES2008c.C.segments.xml#id(ES2008c.sync.698)"/>
      <nite:child href="ES2008c.B.segments.xml#id(ES2008c.sync.502)"/>
      <nite:child href="ES2008c.D.segments.xml#id(ES2008c.sync.844)"/>
      <nite:child href="ES2008c.C.segments.xml#id(ES2008c.sync.700)"/>
      <nite:child href="ES2008c.B.segments.xml#id(ES2008c.sync.504)"/>
      <nite:child href="ES2008c.A.segments.xml#id(ES2008c.sync.177)"/>
      <nite:child href="ES2008c.D.segments.xml#id(ES2008c.sync.846)"/>
      <nite:child href="ES2008c.B.segments.xml#id(ES2008c.sync.506)..id(ES2008c.sync.508)"/>
      <nite:child href="ES2008c.C.segments.xml#id(ES2008c.sync.702)..id(ES2008c.sync.704)"/>
      <nite:child href="ES2008c.B.segments.xml#id(ES2008c.sync.510)"/>
      <nite:child href="ES2008c.A.segments.xml#id(ES2008c.sync.179)"/>
      <nite:child href="ES2008c.B.segments.xml#id(ES2008c.sync.512)"/>
      <nite:child href="ES2008c.A.segments.xml#id(ES2008c.sync.181)"/>
      <nite:child href="ES2008c.B.segments.xml#id(ES2008c.sync.514)"/>
      <nite:child href="ES2008c.C.segments.xml#id(ES2008c.sync.706)"/>
      <nite:child href="ES2008c.B.segments.xml#id(ES2008c.sync.516)"/>
   </discussion-fragment>
   <discussion-fragment nite:id="ES2008c.discussions.Erik.5" name="ES2008c - Remote case">
      <nite:child href="ES2008c.B.segments.xml#id(ES2008c.sync.522)"/>
      <nite:child href="ES2008c.A.segments.xml#id(ES2008c.sync.187)"/>
      <nite:child href="ES2008c.B.segments.xml#id(ES2008c.sync.524)"/>
      <nite:child href="ES2008c.C.segments.xml#id(ES2008c.sync.708)"/>
      <nite:child href="ES2008c.A.segments.xml#id(ES2008c.sync.189)"/>
      <nite:child href="ES2008c.B.segments.xml#id(ES2008c.sync.526)"/>
      <nite:child href="ES2008c.A.segments.xml#id(ES2008c.sync.191)"/>
      <nite:child href="ES2008c.D.segments.xml#id(ES2008c.sync.848)"/>
      <nite:child href="ES2008c.B.segments.xml#id(ES2008c.sync.528)"/>
      <nite:child href="ES2008c.A.segments.xml#id(ES2008c.sync.193)"/>
      <nite:child href="ES2008c.B.segments.xml#id(ES2008c.sync.530)"/>
      <nite:child href="ES2008c.A.segments.xml#id(ES2008c.sync.195)..id(ES2008c.sync.205)"/>
      <nite:child href="ES2008c.C.segments.xml#id(ES2008c.sync.710)..id(ES2008c.sync.712)"/>
      <nite:child href="ES2008c.B.segments.xml#id(ES2008c.sync.532)"/>
      <nite:child href="ES2008c.A.segments.xml#id(ES2008c.sync.207)..id(ES2008c.sync.209)"/>
      <nite:child href="ES2008c.D.segments.xml#id(ES2008c.sync.850)"/>
      <nite:child href="ES2008c.B.segments.xml#id(ES2008c.sync.534)"/>
      <nite:child href="ES2008c.A.segments.xml#id(ES2008c.sync.211)"/>
      <nite:child href="ES2008c.B.segments.xml#id(ES2008c.sync.536)"/>
      <nite:child href="ES2008c.A.segments.xml#id(ES2008c.sync.213)"/>
      <nite:child href="ES2008c.D.segments.xml#id(ES2008c.sync.852)"/>
      <nite:child href="ES2008c.A.segments.xml#id(ES2008c.sync.215)"/>
      <nite:child href="ES2008c.B.segments.xml#id(ES2008c.sync.538)"/>
      <nite:child href="ES2008c.C.segments.xml#id(ES2008c.sync.714)"/>
   </discussion-fragment>
   <discussion-fragment nite:id="ES2008c.discussions.Erik.6" name="ES2008c - Supplements">
      <nite:child href="ES2008c.C.segments.xml#id(ES2008c.sync.730)"/>
      <nite:child href="ES2008c.A.segments.xml#id(ES2008c.sync.233)"/>
      <nite:child href="ES2008c.C.segments.xml#id(ES2008c.sync.732)"/>
      <nite:child href="ES2008c.B.segments.xml#id(ES2008c.sync.548)"/>
      <nite:child href="ES2008c.A.segments.xml#id(ES2008c.sync.235)"/>
      <nite:child href="ES2008c.C.segments.xml#id(ES2008c.sync.734)..id(ES2008c.sync.736)"/>
      <nite:child href="ES2008c.B.segments.xml#id(ES2008c.sync.550)"/>
      <nite:child href="ES2008c.C.segments.xml#id(ES2008c.sync.738)"/>
      <nite:child href="ES2008c.B.segments.xml#id(ES2008c.sync.552)"/>
      <nite:child href="ES2008c.C.segments.xml#id(ES2008c.sync.740)..id(ES2008c.sync.742)"/>
      <nite:child href="ES2008c.B.segments.xml#id(ES2008c.sync.554)"/>
      <nite:child href="ES2008c.D.segments.xml#id(ES2008c.sync.856)"/>
      <nite:child href="ES2008c.A.segments.xml#id(ES2008c.sync.237)"/>
      <nite:child href="ES2008c.C.segments.xml#id(ES2008c.sync.744)"/>
      <nite:child href="ES2008c.B.segments.xml#id(ES2008c.sync.556)"/>
      <nite:child href="ES2008c.C.segments.xml#id(ES2008c.sync.746)"/>
      <nite:child href="ES2008c.A.segments.xml#id(ES2008c.sync.239)"/>
      <nite:child href="ES2008c.C.segments.xml#id(ES2008c.sync.748)"/>
      <nite:child href="ES2008c.B.segments.xml#id(ES2008c.sync.558)..id(ES2008c.sync.560)"/>
   </discussion-fragment>
</nite:root>