<?xml version="1.0" encoding="ISO-8859-1" standalone="yes"?>
<nite:root nite:id="ES2015d.discussions" xmlns:nite="http://nite.sourceforge.net/">
   <discussion-fragment nite:id="ES2015d.discussions.Rutger.1" name="Is it Fancy?">
      <nite:child href="ES2015d.D.segments.xml#id(ES2015d.sync.1299)"/>
      <nite:child href="ES2015d.C.segments.xml#id(ES2015d.sync.914)"/>
      <nite:child href="ES2015d.B.segments.xml#id(ES2015d.sync.541)"/>
      <nite:child href="ES2015d.A.segments.xml#id(ES2015d.sync.129)..id(ES2015d.sync.131)"/>
      <nite:child href="ES2015d.C.segments.xml#id(ES2015d.sync.916)..id(ES2015d.sync.918)"/>
      <nite:child href="ES2015d.B.segments.xml#id(ES2015d.sync.543)"/>
      <nite:child href="ES2015d.D.segments.xml#id(ES2015d.sync.1301)"/>
      <nite:child href="ES2015d.A.segments.xml#id(ES2015d.sync.133)"/>
      <nite:child href="ES2015d.B.segments.xml#id(ES2015d.sync.545)"/>
      <nite:child href="ES2015d.D.segments.xml#id(ES2015d.sync.1303)"/>
      <nite:child href="ES2015d.C.segments.xml#id(ES2015d.sync.920)"/>
      <nite:child href="ES2015d.A.segments.xml#id(ES2015d.sync.135)..id(ES2015d.sync.137)"/>
      <nite:child href="ES2015d.C.segments.xml#id(ES2015d.sync.922)"/>
      <nite:child href="ES2015d.D.segments.xml#id(ES2015d.sync.1305)"/>
      <nite:child href="ES2015d.A.segments.xml#id(ES2015d.sync.139)"/>
      <nite:child href="ES2015d.B.segments.xml#id(ES2015d.sync.547)"/>
      <nite:child href="ES2015d.A.segments.xml#id(ES2015d.sync.141)"/>
      <nite:child href="ES2015d.C.segments.xml#id(ES2015d.sync.924)"/>
      <nite:child href="ES2015d.D.segments.xml#id(ES2015d.sync.1307)"/>
      <nite:child href="ES2015d.B.segments.xml#id(ES2015d.sync.549)"/>
      <nite:child href="ES2015d.A.segments.xml#id(ES2015d.sync.143)"/>
      <nite:child href="ES2015d.C.segments.xml#id(ES2015d.sync.926)..id(ES2015d.sync.928)"/>
      <nite:child href="ES2015d.D.segments.xml#id(ES2015d.sync.1309)"/>
      <nite:child href="ES2015d.A.segments.xml#id(ES2015d.sync.145)"/>
      <nite:child href="ES2015d.B.segments.xml#id(ES2015d.sync.551)"/>
      <nite:child href="ES2015d.C.segments.xml#id(ES2015d.sync.930)"/>
      <nite:child href="ES2015d.A.segments.xml#id(ES2015d.sync.147)"/>
      <nite:child href="ES2015d.B.segments.xml#id(ES2015d.sync.553)"/>
      <nite:child href="ES2015d.A.segments.xml#id(ES2015d.sync.149)"/>
      <nite:child href="ES2015d.B.segments.xml#id(ES2015d.sync.555)"/>
      <nite:child href="ES2015d.D.segments.xml#id(ES2015d.sync.1311)"/>
      <nite:child href="ES2015d.A.segments.xml#id(ES2015d.sync.151)"/>
      <nite:child href="ES2015d.C.segments.xml#id(ES2015d.sync.932)"/>
      <nite:child href="ES2015d.D.segments.xml#id(ES2015d.sync.1313)..id(ES2015d.sync.1315)"/>
      <nite:child href="ES2015d.B.segments.xml#id(ES2015d.sync.557)"/>
      <nite:child href="ES2015d.C.segments.xml#id(ES2015d.sync.934)"/>
      <nite:child href="ES2015d.B.segments.xml#id(ES2015d.sync.559)"/>
      <nite:child href="ES2015d.A.segments.xml#id(ES2015d.sync.153)"/>
      <nite:child href="ES2015d.D.segments.xml#id(ES2015d.sync.1317)"/>
      <nite:child href="ES2015d.B.segments.xml#id(ES2015d.sync.561)"/>
      <nite:child href="ES2015d.D.segments.xml#id(ES2015d.sync.1319)"/>
   </discussion-fragment>
   <discussion-fragment nite:id="ES2015d.discussions.Rutger.2" name="Is it a good looking remote?">
      <nite:child href="ES2015d.D.segments.xml#id(ES2015d.sync.1337)"/>
      <nite:child href="ES2015d.B.segments.xml#id(ES2015d.sync.577)"/>
      <nite:child href="ES2015d.C.segments.xml#id(ES2015d.sync.954)"/>
      <nite:child href="ES2015d.B.segments.xml#id(ES2015d.sync.579)"/>
      <nite:child href="ES2015d.A.segments.xml#id(ES2015d.sync.175)"/>
      <nite:child href="ES2015d.D.segments.xml#id(ES2015d.sync.1339)"/>
      <nite:child href="ES2015d.A.segments.xml#id(ES2015d.sync.177)"/>
      <nite:child href="ES2015d.B.segments.xml#id(ES2015d.sync.581)"/>
      <nite:child href="ES2015d.C.segments.xml#id(ES2015d.sync.956)"/>
      <nite:child href="ES2015d.A.segments.xml#id(ES2015d.sync.179)"/>
      <nite:child href="ES2015d.C.segments.xml#id(ES2015d.sync.958)..id(ES2015d.sync.960)"/>
      <nite:child href="ES2015d.B.segments.xml#id(ES2015d.sync.583)"/>
      <nite:child href="ES2015d.D.segments.xml#id(ES2015d.sync.1341)"/>
      <nite:child href="ES2015d.A.segments.xml#id(ES2015d.sync.181)"/>
      <nite:child href="ES2015d.D.segments.xml#id(ES2015d.sync.1343)"/>
      <nite:child href="ES2015d.C.segments.xml#id(ES2015d.sync.962)"/>
      <nite:child href="ES2015d.A.segments.xml#id(ES2015d.sync.183)"/>
      <nite:child href="ES2015d.B.segments.xml#id(ES2015d.sync.585)"/>
      <nite:child href="ES2015d.D.segments.xml#id(ES2015d.sync.1345)"/>
      <nite:child href="ES2015d.B.segments.xml#id(ES2015d.sync.587)"/>
      <nite:child href="ES2015d.A.segments.xml#id(ES2015d.sync.185)"/>
      <nite:child href="ES2015d.D.segments.xml#id(ES2015d.sync.1347)"/>
      <nite:child href="ES2015d.C.segments.xml#id(ES2015d.sync.964)"/>
      <nite:child href="ES2015d.B.segments.xml#id(ES2015d.sync.589)"/>
      <nite:child href="ES2015d.A.segments.xml#id(ES2015d.sync.187)"/>
      <nite:child href="ES2015d.D.segments.xml#id(ES2015d.sync.1349)"/>
      <nite:child href="ES2015d.C.segments.xml#id(ES2015d.sync.966)"/>
      <nite:child href="ES2015d.A.segments.xml#id(ES2015d.sync.189)"/>
      <nite:child href="ES2015d.D.segments.xml#id(ES2015d.sync.1351)"/>
      <nite:child href="ES2015d.A.segments.xml#id(ES2015d.sync.191)"/>
      <nite:child href="ES2015d.C.segments.xml#id(ES2015d.sync.968)"/>
      <nite:child href="ES2015d.B.segments.xml#id(ES2015d.sync.591)"/>
      <nite:child href="ES2015d.D.segments.xml#id(ES2015d.sync.1353)"/>
      <nite:child href="ES2015d.B.segments.xml#id(ES2015d.sync.593)"/>
      <nite:child href="ES2015d.C.segments.xml#id(ES2015d.sync.970)"/>
      <nite:child href="ES2015d.A.segments.xml#id(ES2015d.sync.193)"/>
      <nite:child href="ES2015d.B.segments.xml#id(ES2015d.sync.595)"/>
      <nite:child href="ES2015d.C.segments.xml#id(ES2015d.sync.972)"/>
      <nite:child href="ES2015d.D.segments.xml#id(ES2015d.sync.1355)..id(ES2015d.sync.1357)"/>
      <nite:child href="ES2015d.C.segments.xml#id(ES2015d.sync.974)"/>
      <nite:child href="ES2015d.A.segments.xml#id(ES2015d.sync.195)"/>
      <nite:child href="ES2015d.B.segments.xml#id(ES2015d.sync.597)"/>
      <nite:child href="ES2015d.A.segments.xml#id(ES2015d.sync.197)"/>
      <nite:child href="ES2015d.C.segments.xml#id(ES2015d.sync.976)"/>
      <nite:child href="ES2015d.D.segments.xml#id(ES2015d.sync.1359)"/>
      <nite:child href="ES2015d.A.segments.xml#id(ES2015d.sync.199)"/>
      <nite:child href="ES2015d.D.segments.xml#id(ES2015d.sync.1361)..id(ES2015d.sync.1363)"/>
      <nite:child href="ES2015d.B.segments.xml#id(ES2015d.sync.599)"/>
      <nite:child href="ES2015d.D.segments.xml#id(ES2015d.sync.1365)"/>
      <nite:child href="ES2015d.C.segments.xml#id(ES2015d.sync.978)"/>
      <nite:child href="ES2015d.D.segments.xml#id(ES2015d.sync.1367)"/>
      <nite:child href="ES2015d.A.segments.xml#id(ES2015d.sync.201)"/>
      <nite:child href="ES2015d.B.segments.xml#id(ES2015d.sync.601)"/>
      <nite:child href="ES2015d.C.segments.xml#id(ES2015d.sync.980)"/>
   </discussion-fragment>
   <discussion-fragment nite:id="ES2015d.discussions.Rutger.3" name="Is it worth 25 euros?">
      <nite:child href="ES2015d.D.segments.xml#id(ES2015d.sync.1369)"/>
      <nite:child href="ES2015d.C.segments.xml#id(ES2015d.sync.982)"/>
      <nite:child href="ES2015d.D.segments.xml#id(ES2015d.sync.1371)"/>
      <nite:child href="ES2015d.B.segments.xml#id(ES2015d.sync.603)"/>
      <nite:child href="ES2015d.A.segments.xml#id(ES2015d.sync.203)"/>
      <nite:child href="ES2015d.D.segments.xml#id(ES2015d.sync.1373)"/>
      <nite:child href="ES2015d.B.segments.xml#id(ES2015d.sync.605)"/>
      <nite:child href="ES2015d.C.segments.xml#id(ES2015d.sync.984)"/>
      <nite:child href="ES2015d.A.segments.xml#id(ES2015d.sync.205)"/>
      <nite:child href="ES2015d.D.segments.xml#id(ES2015d.sync.1375)"/>
      <nite:child href="ES2015d.A.segments.xml#id(ES2015d.sync.207)"/>
      <nite:child href="ES2015d.B.segments.xml#id(ES2015d.sync.607)"/>
      <nite:child href="ES2015d.C.segments.xml#id(ES2015d.sync.986)"/>
      <nite:child href="ES2015d.D.segments.xml#id(ES2015d.sync.1377)"/>
      <nite:child href="ES2015d.B.segments.xml#id(ES2015d.sync.609)"/>
      <nite:child href="ES2015d.A.segments.xml#id(ES2015d.sync.209)"/>
      <nite:child href="ES2015d.C.segments.xml#id(ES2015d.sync.988)"/>
      <nite:child href="ES2015d.D.segments.xml#id(ES2015d.sync.1379)"/>
      <nite:child href="ES2015d.C.segments.xml#id(ES2015d.sync.990)"/>
      <nite:child href="ES2015d.B.segments.xml#id(ES2015d.sync.611)"/>
      <nite:child href="ES2015d.A.segments.xml#id(ES2015d.sync.211)"/>
      <nite:child href="ES2015d.B.segments.xml#id(ES2015d.sync.613)"/>
      <nite:child href="ES2015d.D.segments.xml#id(ES2015d.sync.1381)"/>
      <nite:child href="ES2015d.C.segments.xml#id(ES2015d.sync.992)"/>
      <nite:child href="ES2015d.A.segments.xml#id(ES2015d.sync.213)"/>
      <nite:child href="ES2015d.B.segments.xml#id(ES2015d.sync.615)"/>
      <nite:child href="ES2015d.D.segments.xml#id(ES2015d.sync.1383)"/>
      <nite:child href="ES2015d.C.segments.xml#id(ES2015d.sync.994)"/>
      <nite:child href="ES2015d.B.segments.xml#id(ES2015d.sync.617)"/>
      <nite:child href="ES2015d.A.segments.xml#id(ES2015d.sync.215)"/>
      <nite:child href="ES2015d.C.segments.xml#id(ES2015d.sync.996)"/>
      <nite:child href="ES2015d.D.segments.xml#id(ES2015d.sync.1385)"/>
      <nite:child href="ES2015d.B.segments.xml#id(ES2015d.sync.619)"/>
      <nite:child href="ES2015d.C.segments.xml#id(ES2015d.sync.998)"/>
      <nite:child href="ES2015d.A.segments.xml#id(ES2015d.sync.217)"/>
      <nite:child href="ES2015d.B.segments.xml#id(ES2015d.sync.621)"/>
      <nite:child href="ES2015d.C.segments.xml#id(ES2015d.sync.1000)"/>
      <nite:child href="ES2015d.D.segments.xml#id(ES2015d.sync.1387)"/>
      <nite:child href="ES2015d.A.segments.xml#id(ES2015d.sync.219)"/>
      <nite:child href="ES2015d.D.segments.xml#id(ES2015d.sync.1389)"/>
      <nite:child href="ES2015d.A.segments.xml#id(ES2015d.sync.221)"/>
      <nite:child href="ES2015d.D.segments.xml#id(ES2015d.sync.1391)"/>
   </discussion-fragment>
</nite:root>