<?xml version="1.0" encoding="ISO-8859-1" standalone="yes"?>
<nite:root nite:id="ES2004a.discussions" xmlns:nite="http://nite.sourceforge.net/">
   <discussion-fragment nite:id="ES2004a.discussions.Erik.1" name="ES2004a - Older generation">
      <nite:child href="ES2004a.B.segments.xml#id(ES2004a.sync.233)"/>
      <nite:child href="ES2004a.A.segments.xml#id(ES2004a.sync.79)"/>
      <nite:child href="ES2004a.B.segments.xml#id(ES2004a.sync.235)"/>
      <nite:child href="ES2004a.C.segments.xml#id(ES2004a.sync.367)"/>
      <nite:child href="ES2004a.D.segments.xml#id(ES2004a.sync.523)"/>
      <nite:child href="ES2004a.A.segments.xml#id(ES2004a.sync.81)"/>
      <nite:child href="ES2004a.B.segments.xml#id(ES2004a.sync.237)"/>
      <nite:child href="ES2004a.C.segments.xml#id(ES2004a.sync.369)"/>
      <nite:child href="ES2004a.D.segments.xml#id(ES2004a.sync.525)..id(ES2004a.sync.529)"/>
      <nite:child href="ES2004a.C.segments.xml#id(ES2004a.sync.371)"/>
      <nite:child href="ES2004a.B.segments.xml#id(ES2004a.sync.239)"/>
      <nite:child href="ES2004a.C.segments.xml#id(ES2004a.sync.373)..id(ES2004a.sync.375)"/>
      <nite:child href="ES2004a.B.segments.xml#id(ES2004a.sync.241)"/>
      <nite:child href="ES2004a.A.segments.xml#id(ES2004a.sync.83)"/>
      <nite:child href="ES2004a.B.segments.xml#id(ES2004a.sync.243)"/>
      <nite:child href="ES2004a.C.segments.xml#id(ES2004a.sync.377)..id(ES2004a.sync.379)"/>
      <nite:child href="ES2004a.D.segments.xml#id(ES2004a.sync.531)"/>
      <nite:child href="ES2004a.B.segments.xml#id(ES2004a.sync.245)"/>
      <nite:child href="ES2004a.D.segments.xml#id(ES2004a.sync.533)"/>
      <nite:child href="ES2004a.B.segments.xml#id(ES2004a.sync.247)"/>
      <nite:child href="ES2004a.C.segments.xml#id(ES2004a.sync.381)"/>
      <nite:child href="ES2004a.D.segments.xml#id(ES2004a.sync.535)"/>
      <nite:child href="ES2004a.B.segments.xml#id(ES2004a.sync.249)"/>
      <nite:child href="ES2004a.D.segments.xml#id(ES2004a.sync.537)..id(ES2004a.sync.539)"/>
      <nite:child href="ES2004a.A.segments.xml#id(ES2004a.sync.85)"/>
      <nite:child href="ES2004a.B.segments.xml#id(ES2004a.sync.251)..id(ES2004a.sync.253)"/>
   </discussion-fragment>
</nite:root>