<?xml version="1.0" encoding="ISO-8859-1" standalone="yes"?>
<nite:root nite:id="ES2016b.discussions" xmlns:nite="http://nite.sourceforge.net/">
   <discussion-fragment nite:id="ES2016b.discussions.Rutger.1" name="Do we want Speech Recognition?">
      <nite:child href="ES2016b.B.segments.xml#id(ES2016b.sync.345)..id(ES2016b.sync.353)"/>
      <nite:child href="ES2016b.A.segments.xml#id(ES2016b.sync.75)"/>
      <nite:child href="ES2016b.B.segments.xml#id(ES2016b.sync.355)..id(ES2016b.sync.357)"/>
      <nite:child href="ES2016b.A.segments.xml#id(ES2016b.sync.77)"/>
      <nite:child href="ES2016b.D.segments.xml#id(ES2016b.sync.707)"/>
      <nite:child href="ES2016b.B.segments.xml#id(ES2016b.sync.359)"/>
      <nite:child href="ES2016b.A.segments.xml#id(ES2016b.sync.79)"/>
      <nite:child href="ES2016b.C.segments.xml#id(ES2016b.sync.498)..id(ES2016b.sync.500)"/>
      <nite:child href="ES2016b.D.segments.xml#id(ES2016b.sync.709)"/>
      <nite:child href="ES2016b.A.segments.xml#id(ES2016b.sync.81)"/>
      <nite:child href="ES2016b.C.segments.xml#id(ES2016b.sync.502)"/>
      <nite:child href="ES2016b.A.segments.xml#id(ES2016b.sync.83)..id(ES2016b.sync.85)"/>
      <nite:child href="ES2016b.C.segments.xml#id(ES2016b.sync.504)"/>
      <nite:child href="ES2016b.A.segments.xml#id(ES2016b.sync.86)"/>
      <nite:child href="ES2016b.D.segments.xml#id(ES2016b.sync.711)"/>
      <nite:child href="ES2016b.C.segments.xml#id(ES2016b.sync.506)..id(ES2016b.sync.508)"/>
      <nite:child href="ES2016b.A.segments.xml#id(ES2016b.sync.88)..id(ES2016b.sync.90)"/>
      <nite:child href="ES2016b.C.segments.xml#id(ES2016b.sync.510)"/>
      <nite:child href="ES2016b.D.segments.xml#id(ES2016b.sync.713)"/>
      <nite:child href="ES2016b.C.segments.xml#id(ES2016b.sync.512)..id(ES2016b.sync.514)"/>
      <nite:child href="ES2016b.A.segments.xml#id(ES2016b.sync.92)"/>
      <nite:child href="ES2016b.D.segments.xml#id(ES2016b.sync.715)"/>
      <nite:child href="ES2016b.A.segments.xml#id(ES2016b.sync.94)"/>
      <nite:child href="ES2016b.C.segments.xml#id(ES2016b.sync.516)"/>
      <nite:child href="ES2016b.D.segments.xml#id(ES2016b.sync.717)"/>
      <nite:child href="ES2016b.A.segments.xml#id(ES2016b.sync.96)"/>
   </discussion-fragment>
</nite:root>