<?xml version="1.0" encoding="ISO-8859-1" standalone="yes"?>
<nite:root nite:id="ES2016a.discussions" xmlns:nite="http://nite.sourceforge.net/">
   <discussion-fragment nite:id="ES2016a.discussions.Rutger.1" name="Do we go with the ball?">
      <nite:child href="ES2016a.A.segments.xml#id(ES2016a.sync.146)..id(ES2016a.sync.148)"/>
      <nite:child href="ES2016a.C.segments.xml#id(ES2016a.sync.422)"/>
      <nite:child href="ES2016a.A.segments.xml#id(ES2016a.sync.150)..id(ES2016a.sync.166)"/>
      <nite:child href="ES2016a.B.segments.xml#id(ES2016a.sync.265)"/>
      <nite:child href="ES2016a.A.segments.xml#id(ES2016a.sync.168)"/>
      <nite:child href="ES2016a.B.segments.xml#id(ES2016a.sync.267)"/>
      <nite:child href="ES2016a.A.segments.xml#id(ES2016a.sync.170)..id(ES2016a.sync.172)"/>
      <nite:child href="ES2016a.C.segments.xml#id(ES2016a.sync.424)"/>
      <nite:child href="ES2016a.B.segments.xml#id(ES2016a.sync.269)"/>
      <nite:child href="ES2016a.A.segments.xml#id(ES2016a.sync.174)"/>
   </discussion-fragment>
</nite:root>