<?xml version="1.0" encoding="ISO-8859-1" standalone="yes"?>
<nite:root nite:id="ES2002b.discussions" xmlns:nite="http://nite.sourceforge.net/">
   <discussion-fragment nite:id="ES2002b.discussions.Erik.1" name="ES2002b - Desired functions">
      <nite:child href="ES2002b.C.segments.xml#id(ES2002b.sync.508)"/>
      <nite:child href="ES2002b.B.segments.xml#id(ES2002b.sync.172)..id(ES2002b.sync.176)"/>
      <nite:child href="ES2002b.C.segments.xml#id(ES2002b.sync.510)"/>
      <nite:child href="ES2002b.D.segments.xml#id(ES2002b.sync.596)..id(ES2002b.sync.598)"/>
      <nite:child href="ES2002b.B.segments.xml#id(ES2002b.sync.178)"/>
      <nite:child href="ES2002b.D.segments.xml#id(ES2002b.sync.600)..id(ES2002b.sync.604)"/>
      <nite:child href="ES2002b.B.segments.xml#id(ES2002b.sync.179)"/>
      <nite:child href="ES2002b.D.segments.xml#id(ES2002b.sync.606)..id(ES2002b.sync.611)"/>
      <nite:child href="ES2002b.B.segments.xml#id(ES2002b.sync.181)..id(ES2002b.sync.183)"/>
      <nite:child href="ES2002b.C.segments.xml#id(ES2002b.sync.512)..id(ES2002b.sync.514)"/>
      <nite:child href="ES2002b.B.segments.xml#id(ES2002b.sync.185)"/>
      <nite:child href="ES2002b.C.segments.xml#id(ES2002b.sync.516)"/>
      <nite:child href="ES2002b.B.segments.xml#id(ES2002b.sync.187)..id(ES2002b.sync.189)"/>
      <nite:child href="ES2002b.D.segments.xml#id(ES2002b.sync.613)..id(ES2002b.sync.615)"/>
      <nite:child href="ES2002b.C.segments.xml#id(ES2002b.sync.518)"/>
      <nite:child href="ES2002b.B.segments.xml#id(ES2002b.sync.191)"/>
   </discussion-fragment>
   <discussion-fragment nite:id="ES2002b.discussions.Erik.2" name="ES2002b - Target audience">
      <nite:child href="ES2002b.B.segments.xml#id(ES2002b.sync.263)"/>
      <nite:child href="ES2002b.D.segments.xml#id(ES2002b.sync.682)..id(ES2002b.sync.688)"/>
      <nite:child href="ES2002b.B.segments.xml#id(ES2002b.sync.265)"/>
      <nite:child href="ES2002b.D.segments.xml#id(ES2002b.sync.690)..id(ES2002b.sync.696)"/>
      <nite:child href="ES2002b.A.segments.xml#id(ES2002b.sync.51)"/>
      <nite:child href="ES2002b.B.segments.xml#id(ES2002b.sync.267)"/>
      <nite:child href="ES2002b.A.segments.xml#id(ES2002b.sync.53)"/>
      <nite:child href="ES2002b.B.segments.xml#id(ES2002b.sync.269)"/>
      <nite:child href="ES2002b.D.segments.xml#id(ES2002b.sync.698)"/>
      <nite:child href="ES2002b.B.segments.xml#id(ES2002b.sync.271)..id(ES2002b.sync.277)"/>
      <nite:child href="ES2002b.D.segments.xml#id(ES2002b.sync.700)"/>
      <nite:child href="ES2002b.A.segments.xml#id(ES2002b.sync.55)"/>
      <nite:child href="ES2002b.B.segments.xml#id(ES2002b.sync.279)..id(ES2002b.sync.285)"/>
      <nite:child href="ES2002b.A.segments.xml#id(ES2002b.sync.57)"/>
      <nite:child href="ES2002b.D.segments.xml#id(ES2002b.sync.702)"/>
      <nite:child href="ES2002b.B.segments.xml#id(ES2002b.sync.287)"/>
      <nite:child href="ES2002b.C.segments.xml#id(ES2002b.sync.526)"/>
      <nite:child href="ES2002b.B.segments.xml#id(ES2002b.sync.288)..id(ES2002b.sync.290)"/>
      <nite:child href="ES2002b.C.segments.xml#id(ES2002b.sync.528)"/>
      <nite:child href="ES2002b.D.segments.xml#id(ES2002b.sync.704)..id(ES2002b.sync.706)"/>
      <nite:child href="ES2002b.C.segments.xml#id(ES2002b.sync.530)"/>
      <nite:child href="ES2002b.B.segments.xml#id(ES2002b.sync.292)..id(ES2002b.sync.294)"/>
      <nite:child href="ES2002b.D.segments.xml#id(ES2002b.sync.708)..id(ES2002b.sync.717)"/>
      <nite:child href="ES2002b.A.segments.xml#id(ES2002b.sync.59)"/>
      <nite:child href="ES2002b.B.segments.xml#id(ES2002b.sync.296)"/>
      <nite:child href="ES2002b.D.segments.xml#id(ES2002b.sync.719)..id(ES2002b.sync.721)"/>
      <nite:child href="ES2002b.B.segments.xml#id(ES2002b.sync.298)"/>
      <nite:child href="ES2002b.D.segments.xml#id(ES2002b.sync.723)"/>
      <nite:child href="ES2002b.A.segments.xml#id(ES2002b.sync.61)"/>
      <nite:child href="ES2002b.D.segments.xml#id(ES2002b.sync.725)"/>
   </discussion-fragment>
</nite:root>