<?xml version="1.0" encoding="ISO-8859-1" standalone="yes"?>
<nite:root nite:id="ES2008a.discussions" xmlns:nite="http://nite.sourceforge.net/">
   <discussion-fragment nite:id="ES2008a.discussions.Erik.1" name="ES2008a - Remote functionality">
      <nite:child href="ES2008a.A.segments.xml#id(ES2008a.sync.67)"/>
      <nite:child href="ES2008a.B.segments.xml#id(ES2008a.sync.177)"/>
      <nite:child href="ES2008a.C.segments.xml#id(ES2008a.sync.264)"/>
      <nite:child href="ES2008a.B.segments.xml#id(ES2008a.sync.179)..id(ES2008a.sync.181)"/>
      <nite:child href="ES2008a.A.segments.xml#id(ES2008a.sync.69)"/>
      <nite:child href="ES2008a.B.segments.xml#id(ES2008a.sync.183)"/>
      <nite:child href="ES2008a.D.segments.xml#id(ES2008a.sync.373)"/>
      <nite:child href="ES2008a.B.segments.xml#id(ES2008a.sync.185)"/>
      <nite:child href="ES2008a.A.segments.xml#id(ES2008a.sync.71)"/>
      <nite:child href="ES2008a.B.segments.xml#id(ES2008a.sync.187)..id(ES2008a.sync.191)"/>
      <nite:child href="ES2008a.A.segments.xml#id(ES2008a.sync.73)"/>
      <nite:child href="ES2008a.D.segments.xml#id(ES2008a.sync.375)..id(ES2008a.sync.377)"/>
      <nite:child href="ES2008a.A.segments.xml#id(ES2008a.sync.75)"/>
      <nite:child href="ES2008a.B.segments.xml#id(ES2008a.sync.193)..id(ES2008a.sync.197)"/>
      <nite:child href="ES2008a.C.segments.xml#id(ES2008a.sync.266)"/>
      <nite:child href="ES2008a.B.segments.xml#id(ES2008a.sync.199)"/>
   </discussion-fragment>
   <discussion-fragment nite:id="ES2008a.discussions.Erik.2" name="ES2008a - Television only">
      <nite:child href="ES2008a.C.segments.xml#id(ES2008a.sync.268)"/>
      <nite:child href="ES2008a.A.segments.xml#id(ES2008a.sync.77)"/>
      <nite:child href="ES2008a.C.segments.xml#id(ES2008a.sync.270)"/>
      <nite:child href="ES2008a.A.segments.xml#id(ES2008a.sync.79)"/>
      <nite:child href="ES2008a.C.segments.xml#id(ES2008a.sync.272)"/>
      <nite:child href="ES2008a.B.segments.xml#id(ES2008a.sync.201)"/>
      <nite:child href="ES2008a.A.segments.xml#id(ES2008a.sync.81)..id(ES2008a.sync.83)"/>
      <nite:child href="ES2008a.D.segments.xml#id(ES2008a.sync.379)"/>
      <nite:child href="ES2008a.A.segments.xml#id(ES2008a.sync.85)"/>
      <nite:child href="ES2008a.D.segments.xml#id(ES2008a.sync.381)"/>
      <nite:child href="ES2008a.C.segments.xml#id(ES2008a.sync.274)"/>
      <nite:child href="ES2008a.B.segments.xml#id(ES2008a.sync.203)"/>
      <nite:child href="ES2008a.D.segments.xml#id(ES2008a.sync.383)"/>
      <nite:child href="ES2008a.A.segments.xml#id(ES2008a.sync.87)"/>
      <nite:child href="ES2008a.C.segments.xml#id(ES2008a.sync.276)..id(ES2008a.sync.278)"/>
      <nite:child href="ES2008a.B.segments.xml#id(ES2008a.sync.205)"/>
      <nite:child href="ES2008a.C.segments.xml#id(ES2008a.sync.280)"/>
      <nite:child href="ES2008a.B.segments.xml#id(ES2008a.sync.207)"/>
      <nite:child href="ES2008a.C.segments.xml#id(ES2008a.sync.282)"/>
   </discussion-fragment>
</nite:root>