<?xml version="1.0" encoding="ISO-8859-1" standalone="yes"?>
<nite:root nite:id="ES2005d.discussions" xmlns:nite="http://nite.sourceforge.net/">
   <discussion-fragment nite:id="ES2005d.discussions.Erik.1" name="ES2005d - Trend score">
      <nite:child href="ES2005d.A.segments.xml#id(ES2005d.sync.198)"/>
      <nite:child href="ES2005d.D.segments.xml#id(ES2005d.sync.933)"/>
      <nite:child href="ES2005d.A.segments.xml#id(ES2005d.sync.200)"/>
      <nite:child href="ES2005d.B.segments.xml#id(ES2005d.sync.376)"/>
      <nite:child href="ES2005d.A.segments.xml#id(ES2005d.sync.202)"/>
      <nite:child href="ES2005d.B.segments.xml#id(ES2005d.sync.378)"/>
      <nite:child href="ES2005d.D.segments.xml#id(ES2005d.sync.935)"/>
      <nite:child href="ES2005d.A.segments.xml#id(ES2005d.sync.204)"/>
      <nite:child href="ES2005d.D.segments.xml#id(ES2005d.sync.937)"/>
      <nite:child href="ES2005d.C.segments.xml#id(ES2005d.sync.711)"/>
      <nite:child href="ES2005d.B.segments.xml#id(ES2005d.sync.380)..id(ES2005d.sync.382)"/>
      <nite:child href="ES2005d.A.segments.xml#id(ES2005d.sync.206)..id(ES2005d.sync.208)"/>
      <nite:child href="ES2005d.D.segments.xml#id(ES2005d.sync.939)"/>
      <nite:child href="ES2005d.A.segments.xml#id(ES2005d.sync.210)"/>
      <nite:child href="ES2005d.C.segments.xml#id(ES2005d.sync.713)"/>
      <nite:child href="ES2005d.D.segments.xml#id(ES2005d.sync.941)"/>
      <nite:child href="ES2005d.A.segments.xml#id(ES2005d.sync.212)"/>
      <nite:child href="ES2005d.B.segments.xml#id(ES2005d.sync.384)"/>
      <nite:child href="ES2005d.C.segments.xml#id(ES2005d.sync.715)"/>
      <nite:child href="ES2005d.D.segments.xml#id(ES2005d.sync.943)"/>
      <nite:child href="ES2005d.B.segments.xml#id(ES2005d.sync.386)"/>
      <nite:child href="ES2005d.A.segments.xml#id(ES2005d.sync.214)"/>
      <nite:child href="ES2005d.B.segments.xml#id(ES2005d.sync.388)"/>
      <nite:child href="ES2005d.D.segments.xml#id(ES2005d.sync.945)"/>
      <nite:child href="ES2005d.B.segments.xml#id(ES2005d.sync.389)"/>
   </discussion-fragment>
</nite:root>