<?xml version="1.0" encoding="ISO-8859-1" standalone="yes"?>
<nite:root nite:id="ES2011b.discussions" xmlns:nite="http://nite.sourceforge.net/">
   <discussion-fragment nite:id="ES2011b.discussions.Erik.2" name="ES2011b - Number of buttons">
      <nite:child href="ES2011b.C.segments.xml#id(ES2011b.sync.433)"/>
      <nite:child href="ES2011b.B.segments.xml#id(ES2011b.sync.276)"/>
      <nite:child href="ES2011b.A.segments.xml#id(ES2011b.sync.105)"/>
      <nite:child href="ES2011b.C.segments.xml#id(ES2011b.sync.435)"/>
      <nite:child href="ES2011b.A.segments.xml#id(ES2011b.sync.107)"/>
      <nite:child href="ES2011b.D.segments.xml#id(ES2011b.sync.634)..id(ES2011b.sync.636)"/>
      <nite:child href="ES2011b.A.segments.xml#id(ES2011b.sync.109)"/>
      <nite:child href="ES2011b.C.segments.xml#id(ES2011b.sync.437)"/>
      <nite:child href="ES2011b.B.segments.xml#id(ES2011b.sync.278)"/>
      <nite:child href="ES2011b.A.segments.xml#id(ES2011b.sync.111)"/>
      <nite:child href="ES2011b.C.segments.xml#id(ES2011b.sync.439)..id(ES2011b.sync.443)"/>
      <nite:child href="ES2011b.A.segments.xml#id(ES2011b.sync.113)"/>
      <nite:child href="ES2011b.D.segments.xml#id(ES2011b.sync.638)"/>
      <nite:child href="ES2011b.C.segments.xml#id(ES2011b.sync.445)"/>
      <nite:child href="ES2011b.A.segments.xml#id(ES2011b.sync.115)..id(ES2011b.sync.121)"/>
      <nite:child href="ES2011b.B.segments.xml#id(ES2011b.sync.280)"/>
      <nite:child href="ES2011b.D.segments.xml#id(ES2011b.sync.640)"/>
      <nite:child href="ES2011b.C.segments.xml#id(ES2011b.sync.447)"/>
      <nite:child href="ES2011b.D.segments.xml#id(ES2011b.sync.642)..id(ES2011b.sync.644)"/>
      <nite:child href="ES2011b.C.segments.xml#id(ES2011b.sync.449)"/>
      <nite:child href="ES2011b.D.segments.xml#id(ES2011b.sync.646)"/>
      <nite:child href="ES2011b.A.segments.xml#id(ES2011b.sync.123)"/>
      <nite:child href="ES2011b.B.segments.xml#id(ES2011b.sync.282)"/>
      <nite:child href="ES2011b.D.segments.xml#id(ES2011b.sync.648)"/>
      <nite:child href="ES2011b.C.segments.xml#id(ES2011b.sync.451)"/>
      <nite:child href="ES2011b.A.segments.xml#id(ES2011b.sync.125)..id(ES2011b.sync.127)"/>
      <nite:child href="ES2011b.D.segments.xml#id(ES2011b.sync.650)"/>
   </discussion-fragment>
</nite:root>