<?xml version="1.0" encoding="ISO-8859-1" standalone="yes"?>
<nite:root nite:id="ES2004c.discussions" xmlns:nite="http://nite.sourceforge.net/">
   <discussion-fragment nite:id="ES2004c.discussions.Erik.1" name="ES2004c - Battery options">
      <nite:child href="ES2004c.C.segments.xml#id(ES2004c.sync.543)"/>
      <nite:child href="ES2004c.B.segments.xml#id(ES2004c.sync.269)"/>
      <nite:child href="ES2004c.D.segments.xml#id(ES2004c.sync.847)"/>
      <nite:child href="ES2004c.C.segments.xml#id(ES2004c.sync.545)"/>
      <nite:child href="ES2004c.B.segments.xml#id(ES2004c.sync.271)..id(ES2004c.sync.273)"/>
      <nite:child href="ES2004c.D.segments.xml#id(ES2004c.sync.849)"/>
      <nite:child href="ES2004c.B.segments.xml#id(ES2004c.sync.275)"/>
      <nite:child href="ES2004c.C.segments.xml#id(ES2004c.sync.547)..id(ES2004c.sync.549)"/>
      <nite:child href="ES2004c.B.segments.xml#id(ES2004c.sync.277)"/>
      <nite:child href="ES2004c.D.segments.xml#id(ES2004c.sync.851)"/>
      <nite:child href="ES2004c.B.segments.xml#id(ES2004c.sync.279)"/>
      <nite:child href="ES2004c.C.segments.xml#id(ES2004c.sync.551)..id(ES2004c.sync.553)"/>
      <nite:child href="ES2004c.D.segments.xml#id(ES2004c.sync.853)"/>
      <nite:child href="ES2004c.B.segments.xml#id(ES2004c.sync.281)"/>
      <nite:child href="ES2004c.A.segments.xml#id(ES2004c.sync.31)"/>
      <nite:child href="ES2004c.C.segments.xml#id(ES2004c.sync.555)"/>
      <nite:child href="ES2004c.B.segments.xml#id(ES2004c.sync.283)"/>
      <nite:child href="ES2004c.C.segments.xml#id(ES2004c.sync.557)"/>
      <nite:child href="ES2004c.D.segments.xml#id(ES2004c.sync.855)"/>
      <nite:child href="ES2004c.B.segments.xml#id(ES2004c.sync.285)"/>
      <nite:child href="ES2004c.D.segments.xml#id(ES2004c.sync.857)..id(ES2004c.sync.861)"/>
      <nite:child href="ES2004c.A.segments.xml#id(ES2004c.sync.33)"/>
      <nite:child href="ES2004c.C.segments.xml#id(ES2004c.sync.559)..id(ES2004c.sync.561)"/>
      <nite:child href="ES2004c.A.segments.xml#id(ES2004c.sync.35)..id(ES2004c.sync.37)"/>
      <nite:child href="ES2004c.B.segments.xml#id(ES2004c.sync.287)"/>
      <nite:child href="ES2004c.C.segments.xml#id(ES2004c.sync.563)"/>
      <nite:child href="ES2004c.B.segments.xml#id(ES2004c.sync.289)..id(ES2004c.sync.291)"/>
      <nite:child href="ES2004c.A.segments.xml#id(ES2004c.sync.39)"/>
      <nite:child href="ES2004c.C.segments.xml#id(ES2004c.sync.565)"/>
      <nite:child href="ES2004c.A.segments.xml#id(ES2004c.sync.41)..id(ES2004c.sync.43)"/>
      <nite:child href="ES2004c.B.segments.xml#id(ES2004c.sync.293)"/>
      <nite:child href="ES2004c.A.segments.xml#id(ES2004c.sync.45)"/>
      <nite:child href="ES2004c.C.segments.xml#id(ES2004c.sync.567)..id(ES2004c.sync.569)"/>
      <nite:child href="ES2004c.D.segments.xml#id(ES2004c.sync.863)"/>
      <nite:child href="ES2004c.C.segments.xml#id(ES2004c.sync.571)"/>
      <nite:child href="ES2004c.B.segments.xml#id(ES2004c.sync.295)"/>
      <nite:child href="ES2004c.D.segments.xml#id(ES2004c.sync.865)"/>
      <nite:child href="ES2004c.B.segments.xml#id(ES2004c.sync.297)..id(ES2004c.sync.299)"/>
      <nite:child href="ES2004c.C.segments.xml#id(ES2004c.sync.573)..id(ES2004c.sync.575)"/>
   </discussion-fragment>
   <discussion-fragment nite:id="ES2004c.discussions.Erik.2" name="ES2004c - Different fasciae">
      <nite:child href="ES2004c.D.segments.xml#id(ES2004c.sync.895)"/>
      <nite:child href="ES2004c.C.segments.xml#id(ES2004c.sync.643)..id(ES2004c.sync.649)"/>
      <nite:child href="ES2004c.B.segments.xml#id(ES2004c.sync.355)"/>
      <nite:child href="ES2004c.A.segments.xml#id(ES2004c.sync.67)"/>
      <nite:child href="ES2004c.D.segments.xml#id(ES2004c.sync.897)"/>
      <nite:child href="ES2004c.C.segments.xml#id(ES2004c.sync.651)"/>
      <nite:child href="ES2004c.A.segments.xml#id(ES2004c.sync.69)"/>
      <nite:child href="ES2004c.C.segments.xml#id(ES2004c.sync.653)"/>
      <nite:child href="ES2004c.D.segments.xml#id(ES2004c.sync.899)"/>
      <nite:child href="ES2004c.A.segments.xml#id(ES2004c.sync.71)"/>
      <nite:child href="ES2004c.D.segments.xml#id(ES2004c.sync.901)"/>
      <nite:child href="ES2004c.C.segments.xml#id(ES2004c.sync.655)"/>
      <nite:child href="ES2004c.A.segments.xml#id(ES2004c.sync.73)"/>
      <nite:child href="ES2004c.B.segments.xml#id(ES2004c.sync.357)..id(ES2004c.sync.359)"/>
      <nite:child href="ES2004c.D.segments.xml#id(ES2004c.sync.903)"/>
      <nite:child href="ES2004c.C.segments.xml#id(ES2004c.sync.657)..id(ES2004c.sync.659)"/>
      <nite:child href="ES2004c.B.segments.xml#id(ES2004c.sync.361)"/>
      <nite:child href="ES2004c.D.segments.xml#id(ES2004c.sync.905)"/>
   </discussion-fragment>
</nite:root>