<?xml version="1.0" encoding="ISO-8859-1" standalone="yes"?>
<nite:root nite:id="ES2010d.discussions" xmlns:nite="http://nite.sourceforge.net/">
   <discussion-fragment nite:id="ES2010d.discussions.Erik.1" name="ES2010d - Technology score">
      <nite:child href="ES2010d.A.segments.xml#id(ES2010d.sync.83)"/>
      <nite:child href="ES2010d.D.segments.xml#id(ES2010d.sync.616)"/>
      <nite:child href="ES2010d.C.segments.xml#id(ES2010d.sync.431)"/>
      <nite:child href="ES2010d.B.segments.xml#id(ES2010d.sync.271)"/>
      <nite:child href="ES2010d.A.segments.xml#id(ES2010d.sync.85)"/>
      <nite:child href="ES2010d.C.segments.xml#id(ES2010d.sync.433)"/>
      <nite:child href="ES2010d.B.segments.xml#id(ES2010d.sync.273)"/>
      <nite:child href="ES2010d.D.segments.xml#id(ES2010d.sync.618)"/>
      <nite:child href="ES2010d.A.segments.xml#id(ES2010d.sync.87)"/>
      <nite:child href="ES2010d.D.segments.xml#id(ES2010d.sync.620)"/>
      <nite:child href="ES2010d.C.segments.xml#id(ES2010d.sync.435)..id(ES2010d.sync.437)"/>
      <nite:child href="ES2010d.B.segments.xml#id(ES2010d.sync.275)"/>
      <nite:child href="ES2010d.A.segments.xml#id(ES2010d.sync.89)"/>
      <nite:child href="ES2010d.D.segments.xml#id(ES2010d.sync.622)"/>
      <nite:child href="ES2010d.A.segments.xml#id(ES2010d.sync.91)"/>
      <nite:child href="ES2010d.B.segments.xml#id(ES2010d.sync.277)"/>
      <nite:child href="ES2010d.A.segments.xml#id(ES2010d.sync.93)"/>
      <nite:child href="ES2010d.D.segments.xml#id(ES2010d.sync.624)"/>
      <nite:child href="ES2010d.A.segments.xml#id(ES2010d.sync.95)"/>
      <nite:child href="ES2010d.C.segments.xml#id(ES2010d.sync.439)..id(ES2010d.sync.443)"/>
      <nite:child href="ES2010d.B.segments.xml#id(ES2010d.sync.279)"/>
   </discussion-fragment>
   <discussion-fragment nite:id="ES2010d.discussions.Erik.2" name="ES2010d - Interface type">
      <nite:child href="ES2010d.A.segments.xml#id(ES2010d.sync.129)"/>
      <nite:child href="ES2010d.C.segments.xml#id(ES2010d.sync.459)"/>
      <nite:child href="ES2010d.B.segments.xml#id(ES2010d.sync.295)"/>
      <nite:child href="ES2010d.D.segments.xml#id(ES2010d.sync.664)"/>
      <nite:child href="ES2010d.B.segments.xml#id(ES2010d.sync.297)"/>
      <nite:child href="ES2010d.D.segments.xml#id(ES2010d.sync.666)"/>
      <nite:child href="ES2010d.A.segments.xml#id(ES2010d.sync.131)"/>
      <nite:child href="ES2010d.B.segments.xml#id(ES2010d.sync.299)"/>
      <nite:child href="ES2010d.C.segments.xml#id(ES2010d.sync.461)"/>
      <nite:child href="ES2010d.A.segments.xml#id(ES2010d.sync.133)"/>
      <nite:child href="ES2010d.D.segments.xml#id(ES2010d.sync.668)"/>
      <nite:child href="ES2010d.B.segments.xml#id(ES2010d.sync.301)"/>
      <nite:child href="ES2010d.C.segments.xml#id(ES2010d.sync.463)"/>
      <nite:child href="ES2010d.B.segments.xml#id(ES2010d.sync.303)"/>
      <nite:child href="ES2010d.C.segments.xml#id(ES2010d.sync.465)"/>
      <nite:child href="ES2010d.D.segments.xml#id(ES2010d.sync.670)"/>
      <nite:child href="ES2010d.A.segments.xml#id(ES2010d.sync.135)"/>
      <nite:child href="ES2010d.D.segments.xml#id(ES2010d.sync.672)"/>
      <nite:child href="ES2010d.A.segments.xml#id(ES2010d.sync.137)"/>
      <nite:child href="ES2010d.B.segments.xml#id(ES2010d.sync.305)"/>
      <nite:child href="ES2010d.A.segments.xml#id(ES2010d.sync.139)"/>
      <nite:child href="ES2010d.C.segments.xml#id(ES2010d.sync.467)"/>
      <nite:child href="ES2010d.B.segments.xml#id(ES2010d.sync.307)"/>
      <nite:child href="ES2010d.A.segments.xml#id(ES2010d.sync.141)"/>
      <nite:child href="ES2010d.D.segments.xml#id(ES2010d.sync.674)"/>
      <nite:child href="ES2010d.C.segments.xml#id(ES2010d.sync.469)"/>
      <nite:child href="ES2010d.B.segments.xml#id(ES2010d.sync.309)"/>
   </discussion-fragment>
</nite:root>