<?xml version="1.0" encoding="ISO-8859-1" standalone="yes"?>
<nite:root nite:id="ES2002d.discussions" xmlns:nite="http://nite.sourceforge.net/">
   <discussion-fragment nite:id="ES2002d.discussions.Erik.1" name="ES2002d - Remote size">
      <nite:child href="ES2002d.B.segments.xml#id(ES2002d.sync.351)..id(ES2002d.sync.353)"/>
      <nite:child href="ES2002d.D.segments.xml#id(ES2002d.sync.1463)"/>
      <nite:child href="ES2002d.B.segments.xml#id(ES2002d.sync.355)"/>
      <nite:child href="ES2002d.C.segments.xml#id(ES2002d.sync.875)"/>
      <nite:child href="ES2002d.A.segments.xml#id(ES2002d.sync.25)..id(ES2002d.sync.27)"/>
      <nite:child href="ES2002d.C.segments.xml#id(ES2002d.sync.877)..id(ES2002d.sync.879)"/>
      <nite:child href="ES2002d.A.segments.xml#id(ES2002d.sync.29)"/>
      <nite:child href="ES2002d.B.segments.xml#id(ES2002d.sync.357)..id(ES2002d.sync.358)"/>
      <nite:child href="ES2002d.C.segments.xml#id(ES2002d.sync.881)..id(ES2002d.sync.883)"/>
      <nite:child href="ES2002d.A.segments.xml#id(ES2002d.sync.31)..id(ES2002d.sync.33)"/>
      <nite:child href="ES2002d.C.segments.xml#id(ES2002d.sync.885)"/>
      <nite:child href="ES2002d.B.segments.xml#id(ES2002d.sync.360)..id(ES2002d.sync.362)"/>
      <nite:child href="ES2002d.C.segments.xml#id(ES2002d.sync.887)"/>
   </discussion-fragment>
   <discussion-fragment nite:id="ES2002d.discussions.Erik.2" name="ES2002d - Remote width">
      <nite:child href="ES2002d.A.segments.xml#id(ES2002d.sync.38)"/>
      <nite:child href="ES2002d.D.segments.xml#id(ES2002d.sync.1473)..id(ES2002d.sync.1475)"/>
      <nite:child href="ES2002d.B.segments.xml#id(ES2002d.sync.372)"/>
      <nite:child href="ES2002d.C.segments.xml#id(ES2002d.sync.895)"/>
      <nite:child href="ES2002d.A.segments.xml#id(ES2002d.sync.40)"/>
      <nite:child href="ES2002d.C.segments.xml#id(ES2002d.sync.897)"/>
      <nite:child href="ES2002d.D.segments.xml#id(ES2002d.sync.1477)"/>
      <nite:child href="ES2002d.B.segments.xml#id(ES2002d.sync.374)"/>
      <nite:child href="ES2002d.A.segments.xml#id(ES2002d.sync.42)"/>
      <nite:child href="ES2002d.D.segments.xml#id(ES2002d.sync.1479)"/>
      <nite:child href="ES2002d.C.segments.xml#id(ES2002d.sync.899)"/>
      <nite:child href="ES2002d.D.segments.xml#id(ES2002d.sync.1481)"/>
      <nite:child href="ES2002d.B.segments.xml#id(ES2002d.sync.376)"/>
      <nite:child href="ES2002d.A.segments.xml#id(ES2002d.sync.44)"/>
      <nite:child href="ES2002d.C.segments.xml#id(ES2002d.sync.901)..id(ES2002d.sync.903)"/>
   </discussion-fragment>
   <discussion-fragment nite:id="ES2002d.discussions.Erik.3" name="ES2002d - Jog dial use">
      <nite:child href="ES2002d.B.segments.xml#id(ES2002d.sync.382)"/>
      <nite:child href="ES2002d.C.segments.xml#id(ES2002d.sync.905)"/>
      <nite:child href="ES2002d.D.segments.xml#id(ES2002d.sync.1487)"/>
      <nite:child href="ES2002d.B.segments.xml#id(ES2002d.sync.384)"/>
      <nite:child href="ES2002d.D.segments.xml#id(ES2002d.sync.1489)..id(ES2002d.sync.1491)"/>
      <nite:child href="ES2002d.B.segments.xml#id(ES2002d.sync.386)"/>
      <nite:child href="ES2002d.D.segments.xml#id(ES2002d.sync.1493)"/>
      <nite:child href="ES2002d.A.segments.xml#id(ES2002d.sync.46)"/>
      <nite:child href="ES2002d.B.segments.xml#id(ES2002d.sync.388)..id(ES2002d.sync.390)"/>
      <nite:child href="ES2002d.A.segments.xml#id(ES2002d.sync.48)..id(ES2002d.sync.50)"/>
      <nite:child href="ES2002d.C.segments.xml#id(ES2002d.sync.907)"/>
      <nite:child href="ES2002d.B.segments.xml#id(ES2002d.sync.392)"/>
      <nite:child href="ES2002d.C.segments.xml#id(ES2002d.sync.909)"/>
      <nite:child href="ES2002d.A.segments.xml#id(ES2002d.sync.52)..id(ES2002d.sync.54)"/>
      <nite:child href="ES2002d.B.segments.xml#id(ES2002d.sync.394)"/>
      <nite:child href="ES2002d.C.segments.xml#id(ES2002d.sync.911)"/>
      <nite:child href="ES2002d.B.segments.xml#id(ES2002d.sync.396)"/>
      <nite:child href="ES2002d.C.segments.xml#id(ES2002d.sync.913)"/>
      <nite:child href="ES2002d.A.segments.xml#id(ES2002d.sync.56)"/>
      <nite:child href="ES2002d.D.segments.xml#id(ES2002d.sync.1495)..id(ES2002d.sync.1497)"/>
      <nite:child href="ES2002d.A.segments.xml#id(ES2002d.sync.58)..id(ES2002d.sync.60)"/>
      <nite:child href="ES2002d.B.segments.xml#id(ES2002d.sync.398)"/>
      <nite:child href="ES2002d.C.segments.xml#id(ES2002d.sync.915)"/>
      <nite:child href="ES2002d.B.segments.xml#id(ES2002d.sync.400)"/>
      <nite:child href="ES2002d.C.segments.xml#id(ES2002d.sync.917)"/>
      <nite:child href="ES2002d.A.segments.xml#id(ES2002d.sync.62)"/>
   </discussion-fragment>
   <discussion-fragment nite:id="ES2002d.discussions.Erik.4" name="ES2002d - Remote height">
      <nite:child href="ES2002d.C.segments.xml#id(ES2002d.sync.973)"/>
      <nite:child href="ES2002d.A.segments.xml#id(ES2002d.sync.160)"/>
      <nite:child href="ES2002d.C.segments.xml#id(ES2002d.sync.975)"/>
      <nite:child href="ES2002d.B.segments.xml#id(ES2002d.sync.499)"/>
      <nite:child href="ES2002d.A.segments.xml#id(ES2002d.sync.162)..id(ES2002d.sync.164)"/>
      <nite:child href="ES2002d.B.segments.xml#id(ES2002d.sync.501)"/>
      <nite:child href="ES2002d.C.segments.xml#id(ES2002d.sync.977)"/>
      <nite:child href="ES2002d.B.segments.xml#id(ES2002d.sync.503)"/>
      <nite:child href="ES2002d.D.segments.xml#id(ES2002d.sync.1543)"/>
      <nite:child href="ES2002d.A.segments.xml#id(ES2002d.sync.166)"/>
      <nite:child href="ES2002d.C.segments.xml#id(ES2002d.sync.979)"/>
      <nite:child href="ES2002d.A.segments.xml#id(ES2002d.sync.168)..id(ES2002d.sync.170)"/>
      <nite:child href="ES2002d.C.segments.xml#id(ES2002d.sync.981)"/>
      <nite:child href="ES2002d.D.segments.xml#id(ES2002d.sync.1545)"/>
      <nite:child href="ES2002d.B.segments.xml#id(ES2002d.sync.505)"/>
      <nite:child href="ES2002d.C.segments.xml#id(ES2002d.sync.983)"/>
      <nite:child href="ES2002d.A.segments.xml#id(ES2002d.sync.172)"/>
   </discussion-fragment>
   <discussion-fragment nite:id="ES2002d.discussions.Erik.5" name="ES2002d - Leadership">
      <nite:child href="ES2002d.B.segments.xml#id(ES2002d.sync.673)"/>
      <nite:child href="ES2002d.A.segments.xml#id(ES2002d.sync.247)"/>
      <nite:child href="ES2002d.B.segments.xml#id(ES2002d.sync.675)"/>
      <nite:child href="ES2002d.A.segments.xml#id(ES2002d.sync.249)"/>
      <nite:child href="ES2002d.C.segments.xml#id(ES2002d.sync.1224)"/>
      <nite:child href="ES2002d.B.segments.xml#id(ES2002d.sync.677)"/>
      <nite:child href="ES2002d.C.segments.xml#id(ES2002d.sync.1226)"/>
      <nite:child href="ES2002d.B.segments.xml#id(ES2002d.sync.679)"/>
      <nite:child href="ES2002d.C.segments.xml#id(ES2002d.sync.1228)"/>
      <nite:child href="ES2002d.A.segments.xml#id(ES2002d.sync.251)"/>
      <nite:child href="ES2002d.B.segments.xml#id(ES2002d.sync.681)"/>
      <nite:child href="ES2002d.C.segments.xml#id(ES2002d.sync.1230)"/>
      <nite:child href="ES2002d.A.segments.xml#id(ES2002d.sync.253)"/>
      <nite:child href="ES2002d.B.segments.xml#id(ES2002d.sync.683)"/>
      <nite:child href="ES2002d.C.segments.xml#id(ES2002d.sync.1232)"/>
      <nite:child href="ES2002d.B.segments.xml#id(ES2002d.sync.685)"/>
      <nite:child href="ES2002d.A.segments.xml#id(ES2002d.sync.255)"/>
      <nite:child href="ES2002d.C.segments.xml#id(ES2002d.sync.1234)"/>
      <nite:child href="ES2002d.A.segments.xml#id(ES2002d.sync.257)"/>
      <nite:child href="ES2002d.C.segments.xml#id(ES2002d.sync.1236)..id(ES2002d.sync.1241)"/>
      <nite:child href="ES2002d.B.segments.xml#id(ES2002d.sync.687)"/>
      <nite:child href="ES2002d.C.segments.xml#id(ES2002d.sync.1243)..id(ES2002d.sync.1247)"/>
      <nite:child href="ES2002d.B.segments.xml#id(ES2002d.sync.689)"/>
      <nite:child href="ES2002d.C.segments.xml#id(ES2002d.sync.1249)..id(ES2002d.sync.1251)"/>
      <nite:child href="ES2002d.B.segments.xml#id(ES2002d.sync.691)"/>
      <nite:child href="ES2002d.C.segments.xml#id(ES2002d.sync.1253)"/>
   </discussion-fragment>
   <discussion-fragment nite:id="ES2002d.discussions.Erik.6" name="ES2002d - Teamwork">
      <nite:child href="ES2002d.B.segments.xml#id(ES2002d.sync.693)"/>
      <nite:child href="ES2002d.C.segments.xml#id(ES2002d.sync.1255)"/>
      <nite:child href="ES2002d.D.segments.xml#id(ES2002d.sync.1595)"/>
      <nite:child href="ES2002d.C.segments.xml#id(ES2002d.sync.1257)"/>
      <nite:child href="ES2002d.B.segments.xml#id(ES2002d.sync.695)"/>
      <nite:child href="ES2002d.D.segments.xml#id(ES2002d.sync.1597)"/>
      <nite:child href="ES2002d.C.segments.xml#id(ES2002d.sync.1259)"/>
      <nite:child href="ES2002d.B.segments.xml#id(ES2002d.sync.697)"/>
      <nite:child href="ES2002d.C.segments.xml#id(ES2002d.sync.1261)"/>
      <nite:child href="ES2002d.A.segments.xml#id(ES2002d.sync.259)"/>
      <nite:child href="ES2002d.C.segments.xml#id(ES2002d.sync.1263)"/>
      <nite:child href="ES2002d.B.segments.xml#id(ES2002d.sync.699)"/>
      <nite:child href="ES2002d.C.segments.xml#id(ES2002d.sync.1265)"/>
      <nite:child href="ES2002d.B.segments.xml#id(ES2002d.sync.701)"/>
      <nite:child href="ES2002d.C.segments.xml#id(ES2002d.sync.1267)"/>
      <nite:child href="ES2002d.D.segments.xml#id(ES2002d.sync.1599)"/>
      <nite:child href="ES2002d.A.segments.xml#id(ES2002d.sync.261)"/>
      <nite:child href="ES2002d.C.segments.xml#id(ES2002d.sync.1269)"/>
      <nite:child href="ES2002d.A.segments.xml#id(ES2002d.sync.263)"/>
      <nite:child href="ES2002d.C.segments.xml#id(ES2002d.sync.1271)..id(ES2002d.sync.1273)"/>
      <nite:child href="ES2002d.A.segments.xml#id(ES2002d.sync.265)"/>
      <nite:child href="ES2002d.C.segments.xml#id(ES2002d.sync.1275)"/>
      <nite:child href="ES2002d.B.segments.xml#id(ES2002d.sync.703)"/>
      <nite:child href="ES2002d.C.segments.xml#id(ES2002d.sync.1277)..id(ES2002d.sync.1279)"/>
      <nite:child href="ES2002d.B.segments.xml#id(ES2002d.sync.705)"/>
      <nite:child href="ES2002d.C.segments.xml#id(ES2002d.sync.1280)"/>
      <nite:child href="ES2002d.A.segments.xml#id(ES2002d.sync.267)"/>
      <nite:child href="ES2002d.B.segments.xml#id(ES2002d.sync.707)..id(ES2002d.sync.715)"/>
      <nite:child href="ES2002d.A.segments.xml#id(ES2002d.sync.269)"/>
      <nite:child href="ES2002d.C.segments.xml#id(ES2002d.sync.1282)"/>
   </discussion-fragment>
   <discussion-fragment nite:id="ES2002d.discussions.Erik.7" name="ES2002d - Digital pens">
      <nite:child href="ES2002d.B.segments.xml#id(ES2002d.sync.747)"/>
      <nite:child href="ES2002d.A.segments.xml#id(ES2002d.sync.275)"/>
      <nite:child href="ES2002d.C.segments.xml#id(ES2002d.sync.1319)"/>
      <nite:child href="ES2002d.D.segments.xml#id(ES2002d.sync.1603)"/>
      <nite:child href="ES2002d.B.segments.xml#id(ES2002d.sync.749)"/>
      <nite:child href="ES2002d.C.segments.xml#id(ES2002d.sync.1321)..id(ES2002d.sync.1323)"/>
      <nite:child href="ES2002d.B.segments.xml#id(ES2002d.sync.751)"/>
      <nite:child href="ES2002d.C.segments.xml#id(ES2002d.sync.1325)"/>
      <nite:child href="ES2002d.A.segments.xml#id(ES2002d.sync.277)"/>
      <nite:child href="ES2002d.B.segments.xml#id(ES2002d.sync.753)"/>
      <nite:child href="ES2002d.C.segments.xml#id(ES2002d.sync.1327)"/>
      <nite:child href="ES2002d.B.segments.xml#id(ES2002d.sync.754)..id(ES2002d.sync.756)"/>
      <nite:child href="ES2002d.C.segments.xml#id(ES2002d.sync.1329)..id(ES2002d.sync.1334)"/>
      <nite:child href="ES2002d.A.segments.xml#id(ES2002d.sync.279)"/>
      <nite:child href="ES2002d.C.segments.xml#id(ES2002d.sync.1336)"/>
      <nite:child href="ES2002d.B.segments.xml#id(ES2002d.sync.758)"/>
   </discussion-fragment>
</nite:root>