<?xml version="1.0" encoding="ISO-8859-1" standalone="yes"?>
<nite:root nite:id="ES2007b.discussions" xmlns:nite="http://nite.sourceforge.net/">
   <discussion-fragment nite:id="ES2007b.discussions.Erik.1" name="ES2007b - Signal strength">
      <nite:child href="ES2007b.C.segments.xml#id(ES2007b.sync.404)"/>
      <nite:child href="ES2007b.A.segments.xml#id(ES2007b.sync.53)"/>
      <nite:child href="ES2007b.B.segments.xml#id(ES2007b.sync.304)"/>
      <nite:child href="ES2007b.A.segments.xml#id(ES2007b.sync.55)"/>
      <nite:child href="ES2007b.C.segments.xml#id(ES2007b.sync.406)"/>
      <nite:child href="ES2007b.B.segments.xml#id(ES2007b.sync.306)"/>
      <nite:child href="ES2007b.D.segments.xml#id(ES2007b.sync.587)"/>
      <nite:child href="ES2007b.C.segments.xml#id(ES2007b.sync.408)"/>
      <nite:child href="ES2007b.B.segments.xml#id(ES2007b.sync.308)..id(ES2007b.sync.310)"/>
      <nite:child href="ES2007b.D.segments.xml#id(ES2007b.sync.589)"/>
      <nite:child href="ES2007b.B.segments.xml#id(ES2007b.sync.312)"/>
      <nite:child href="ES2007b.D.segments.xml#id(ES2007b.sync.591)..id(ES2007b.sync.593)"/>
      <nite:child href="ES2007b.B.segments.xml#id(ES2007b.sync.314)"/>
      <nite:child href="ES2007b.D.segments.xml#id(ES2007b.sync.595)"/>
      <nite:child href="ES2007b.B.segments.xml#id(ES2007b.sync.316)"/>
      <nite:child href="ES2007b.A.segments.xml#id(ES2007b.sync.57)"/>
      <nite:child href="ES2007b.D.segments.xml#id(ES2007b.sync.597)"/>
      <nite:child href="ES2007b.B.segments.xml#id(ES2007b.sync.318)"/>
      <nite:child href="ES2007b.A.segments.xml#id(ES2007b.sync.59)"/>
      <nite:child href="ES2007b.B.segments.xml#id(ES2007b.sync.320)"/>
      <nite:child href="ES2007b.D.segments.xml#id(ES2007b.sync.599)"/>
      <nite:child href="ES2007b.B.segments.xml#id(ES2007b.sync.322)..id(ES2007b.sync.324)"/>
      <nite:child href="ES2007b.D.segments.xml#id(ES2007b.sync.601)"/>
      <nite:child href="ES2007b.A.segments.xml#id(ES2007b.sync.61)..id(ES2007b.sync.63)"/>
   </discussion-fragment>
   <discussion-fragment nite:id="ES2007b.discussions.Erik.2" name="ES2007b - Voice activation">
      <nite:child href="ES2007b.D.segments.xml#id(ES2007b.sync.661)"/>
      <nite:child href="ES2007b.A.segments.xml#id(ES2007b.sync.119)"/>
      <nite:child href="ES2007b.B.segments.xml#id(ES2007b.sync.338)"/>
      <nite:child href="ES2007b.A.segments.xml#id(ES2007b.sync.121)"/>
      <nite:child href="ES2007b.C.segments.xml#id(ES2007b.sync.484)"/>
      <nite:child href="ES2007b.D.segments.xml#id(ES2007b.sync.663)"/>
      <nite:child href="ES2007b.A.segments.xml#id(ES2007b.sync.123)"/>
      <nite:child href="ES2007b.D.segments.xml#id(ES2007b.sync.665)"/>
      <nite:child href="ES2007b.A.segments.xml#id(ES2007b.sync.125)"/>
      <nite:child href="ES2007b.C.segments.xml#id(ES2007b.sync.486)"/>
      <nite:child href="ES2007b.D.segments.xml#id(ES2007b.sync.667)..id(ES2007b.sync.673)"/>
      <nite:child href="ES2007b.C.segments.xml#id(ES2007b.sync.488)"/>
      <nite:child href="ES2007b.A.segments.xml#id(ES2007b.sync.127)"/>
      <nite:child href="ES2007b.D.segments.xml#id(ES2007b.sync.675)"/>
      <nite:child href="ES2007b.A.segments.xml#id(ES2007b.sync.129)"/>
   </discussion-fragment>
   <discussion-fragment nite:id="ES2007b.discussions.Erik.3" name="ES2007b - Remote recognizability">
      <nite:child href="ES2007b.D.segments.xml#id(ES2007b.sync.713)"/>
      <nite:child href="ES2007b.A.segments.xml#id(ES2007b.sync.177)"/>
      <nite:child href="ES2007b.C.segments.xml#id(ES2007b.sync.530)"/>
      <nite:child href="ES2007b.D.segments.xml#id(ES2007b.sync.715)"/>
      <nite:child href="ES2007b.C.segments.xml#id(ES2007b.sync.532)"/>
      <nite:child href="ES2007b.A.segments.xml#id(ES2007b.sync.179)"/>
      <nite:child href="ES2007b.C.segments.xml#id(ES2007b.sync.534)"/>
      <nite:child href="ES2007b.D.segments.xml#id(ES2007b.sync.717)"/>
      <nite:child href="ES2007b.A.segments.xml#id(ES2007b.sync.181)"/>
      <nite:child href="ES2007b.C.segments.xml#id(ES2007b.sync.536)"/>
      <nite:child href="ES2007b.A.segments.xml#id(ES2007b.sync.183)"/>
      <nite:child href="ES2007b.D.segments.xml#id(ES2007b.sync.719)"/>
      <nite:child href="ES2007b.A.segments.xml#id(ES2007b.sync.185)"/>
      <nite:child href="ES2007b.C.segments.xml#id(ES2007b.sync.538)"/>
      <nite:child href="ES2007b.D.segments.xml#id(ES2007b.sync.721)"/>
      <nite:child href="ES2007b.A.segments.xml#id(ES2007b.sync.187)"/>
      <nite:child href="ES2007b.B.segments.xml#id(ES2007b.sync.356)"/>
      <nite:child href="ES2007b.D.segments.xml#id(ES2007b.sync.723)"/>
      <nite:child href="ES2007b.B.segments.xml#id(ES2007b.sync.358)..id(ES2007b.sync.360)"/>
      <nite:child href="ES2007b.A.segments.xml#id(ES2007b.sync.189)..id(ES2007b.sync.191)"/>
   </discussion-fragment>
</nite:root>