<?xml version="1.0" encoding="ISO-8859-1" standalone="yes"?>
<nite:root nite:id="ES2004d.discussions" xmlns:nite="http://nite.sourceforge.net/">
   <discussion-fragment nite:id="ES2004d.discussions.Erik.1" name="ES2004d - Rubber remote">
      <nite:child href="ES2004d.B.segments.xml#id(ES2004d.sync.490)"/>
      <nite:child href="ES2004d.C.segments.xml#id(ES2004d.sync.844)..id(ES2004d.sync.846)"/>
      <nite:child href="ES2004d.A.segments.xml#id(ES2004d.sync.181)"/>
      <nite:child href="ES2004d.C.segments.xml#id(ES2004d.sync.848)"/>
      <nite:child href="ES2004d.B.segments.xml#id(ES2004d.sync.492)"/>
      <nite:child href="ES2004d.A.segments.xml#id(ES2004d.sync.183)"/>
      <nite:child href="ES2004d.B.segments.xml#id(ES2004d.sync.494)"/>
      <nite:child href="ES2004d.C.segments.xml#id(ES2004d.sync.850)"/>
      <nite:child href="ES2004d.B.segments.xml#id(ES2004d.sync.496)"/>
      <nite:child href="ES2004d.A.segments.xml#id(ES2004d.sync.185)..id(ES2004d.sync.187)"/>
      <nite:child href="ES2004d.C.segments.xml#id(ES2004d.sync.852)"/>
      <nite:child href="ES2004d.B.segments.xml#id(ES2004d.sync.498)"/>
      <nite:child href="ES2004d.D.segments.xml#id(ES2004d.sync.1194)"/>
      <nite:child href="ES2004d.A.segments.xml#id(ES2004d.sync.189)"/>
      <nite:child href="ES2004d.B.segments.xml#id(ES2004d.sync.500)"/>
      <nite:child href="ES2004d.A.segments.xml#id(ES2004d.sync.191)"/>
      <nite:child href="ES2004d.B.segments.xml#id(ES2004d.sync.502)"/>
      <nite:child href="ES2004d.D.segments.xml#id(ES2004d.sync.1196)"/>
      <nite:child href="ES2004d.B.segments.xml#id(ES2004d.sync.504)"/>
      <nite:child href="ES2004d.C.segments.xml#id(ES2004d.sync.854)"/>
      <nite:child href="ES2004d.D.segments.xml#id(ES2004d.sync.1198)"/>
      <nite:child href="ES2004d.C.segments.xml#id(ES2004d.sync.856)"/>
      <nite:child href="ES2004d.D.segments.xml#id(ES2004d.sync.1200)"/>
      <nite:child href="ES2004d.C.segments.xml#id(ES2004d.sync.858)"/>
      <nite:child href="ES2004d.B.segments.xml#id(ES2004d.sync.506)"/>
      <nite:child href="ES2004d.D.segments.xml#id(ES2004d.sync.1202)"/>
      <nite:child href="ES2004d.B.segments.xml#id(ES2004d.sync.508)"/>
      <nite:child href="ES2004d.C.segments.xml#id(ES2004d.sync.860)"/>
   </discussion-fragment>
</nite:root>