<?xml version="1.0" encoding="ISO-8859-1" standalone="yes"?>
<nite:root nite:id="ES2002c.discussions" xmlns:nite="http://nite.sourceforge.net/">
   <discussion-fragment nite:id="ES2002c.discussions.Erik.1" name="ES2002c - Light option">
      <nite:child href="ES2002c.D.segments.xml#id(ES2002c.sync.836)"/>
      <nite:child href="ES2002c.A.segments.xml#id(ES2002c.sync.71)"/>
      <nite:child href="ES2002c.B.segments.xml#id(ES2002c.sync.357)"/>
      <nite:child href="ES2002c.D.segments.xml#id(ES2002c.sync.838)..id(ES2002c.sync.840)"/>
      <nite:child href="ES2002c.B.segments.xml#id(ES2002c.sync.359)"/>
      <nite:child href="ES2002c.D.segments.xml#id(ES2002c.sync.842)..id(ES2002c.sync.846)"/>
      <nite:child href="ES2002c.B.segments.xml#id(ES2002c.sync.361)..id(ES2002c.sync.363)"/>
      <nite:child href="ES2002c.A.segments.xml#id(ES2002c.sync.73)"/>
      <nite:child href="ES2002c.D.segments.xml#id(ES2002c.sync.848)..id(ES2002c.sync.850)"/>
      <nite:child href="ES2002c.A.segments.xml#id(ES2002c.sync.75)"/>
      <nite:child href="ES2002c.B.segments.xml#id(ES2002c.sync.365)"/>
      <nite:child href="ES2002c.A.segments.xml#id(ES2002c.sync.77)"/>
      <nite:child href="ES2002c.B.segments.xml#id(ES2002c.sync.367)"/>
      <nite:child href="ES2002c.A.segments.xml#id(ES2002c.sync.79)"/>
      <nite:child href="ES2002c.D.segments.xml#id(ES2002c.sync.852)..id(ES2002c.sync.854)"/>
      <nite:child href="ES2002c.B.segments.xml#id(ES2002c.sync.369)"/>
      <nite:child href="ES2002c.A.segments.xml#id(ES2002c.sync.81)"/>
      <nite:child href="ES2002c.D.segments.xml#id(ES2002c.sync.856)"/>
      <nite:child href="ES2002c.B.segments.xml#id(ES2002c.sync.371)"/>
      <nite:child href="ES2002c.A.segments.xml#id(ES2002c.sync.83)"/>
      <nite:child href="ES2002c.D.segments.xml#id(ES2002c.sync.858)..id(ES2002c.sync.860)"/>
      <nite:child href="ES2002c.B.segments.xml#id(ES2002c.sync.373)..id(ES2002c.sync.375)"/>
      <nite:child href="ES2002c.D.segments.xml#id(ES2002c.sync.862)..id(ES2002c.sync.864)"/>
      <nite:child href="ES2002c.B.segments.xml#id(ES2002c.sync.377)"/>
      <nite:child href="ES2002c.D.segments.xml#id(ES2002c.sync.866)"/>
   </discussion-fragment>
   <discussion-fragment nite:id="ES2002c.discussions.Erik.2" name="ES2002c - Remote shape">
      <nite:child href="ES2002c.A.segments.xml#id(ES2002c.sync.89)"/>
      <nite:child href="ES2002c.D.segments.xml#id(ES2002c.sync.889)"/>
      <nite:child href="ES2002c.B.segments.xml#id(ES2002c.sync.406)"/>
      <nite:child href="ES2002c.A.segments.xml#id(ES2002c.sync.91)"/>
      <nite:child href="ES2002c.D.segments.xml#id(ES2002c.sync.891)"/>
      <nite:child href="ES2002c.B.segments.xml#id(ES2002c.sync.408)"/>
      <nite:child href="ES2002c.A.segments.xml#id(ES2002c.sync.93)"/>
      <nite:child href="ES2002c.C.segments.xml#id(ES2002c.sync.621)"/>
      <nite:child href="ES2002c.D.segments.xml#id(ES2002c.sync.893)"/>
      <nite:child href="ES2002c.B.segments.xml#id(ES2002c.sync.409)..id(ES2002c.sync.411)"/>
      <nite:child href="ES2002c.D.segments.xml#id(ES2002c.sync.895)..id(ES2002c.sync.897)"/>
      <nite:child href="ES2002c.B.segments.xml#id(ES2002c.sync.413)"/>
      <nite:child href="ES2002c.D.segments.xml#id(ES2002c.sync.899)"/>
      <nite:child href="ES2002c.C.segments.xml#id(ES2002c.sync.623)"/>
      <nite:child href="ES2002c.B.segments.xml#id(ES2002c.sync.415)"/>
      <nite:child href="ES2002c.C.segments.xml#id(ES2002c.sync.625)"/>
      <nite:child href="ES2002c.B.segments.xml#id(ES2002c.sync.417)..id(ES2002c.sync.419)"/>
      <nite:child href="ES2002c.D.segments.xml#id(ES2002c.sync.901)..id(ES2002c.sync.903)"/>
      <nite:child href="ES2002c.B.segments.xml#id(ES2002c.sync.421)"/>
      <nite:child href="ES2002c.D.segments.xml#id(ES2002c.sync.905)"/>
      <nite:child href="ES2002c.B.segments.xml#id(ES2002c.sync.423)"/>
      <nite:child href="ES2002c.C.segments.xml#id(ES2002c.sync.627)"/>
      <nite:child href="ES2002c.D.segments.xml#id(ES2002c.sync.907)"/>
      <nite:child href="ES2002c.C.segments.xml#id(ES2002c.sync.629)"/>
      <nite:child href="ES2002c.D.segments.xml#id(ES2002c.sync.909)"/>
      <nite:child href="ES2002c.B.segments.xml#id(ES2002c.sync.425)"/>
      <nite:child href="ES2002c.D.segments.xml#id(ES2002c.sync.911)"/>
      <nite:child href="ES2002c.B.segments.xml#id(ES2002c.sync.427)"/>
      <nite:child href="ES2002c.D.segments.xml#id(ES2002c.sync.913)"/>
      <nite:child href="ES2002c.B.segments.xml#id(ES2002c.sync.429)"/>
   </discussion-fragment>
   <discussion-fragment nite:id="ES2002c.discussions.Erik.3" name="ES2002c - LCD display">
      <nite:child href="ES2002c.B.segments.xml#id(ES2002c.sync.437)"/>
      <nite:child href="ES2002c.C.segments.xml#id(ES2002c.sync.637)"/>
      <nite:child href="ES2002c.A.segments.xml#id(ES2002c.sync.95)"/>
      <nite:child href="ES2002c.B.segments.xml#id(ES2002c.sync.439)"/>
      <nite:child href="ES2002c.A.segments.xml#id(ES2002c.sync.97)"/>
      <nite:child href="ES2002c.D.segments.xml#id(ES2002c.sync.919)..id(ES2002c.sync.923)"/>
      <nite:child href="ES2002c.B.segments.xml#id(ES2002c.sync.441)"/>
      <nite:child href="ES2002c.A.segments.xml#id(ES2002c.sync.99)..id(ES2002c.sync.101)"/>
      <nite:child href="ES2002c.D.segments.xml#id(ES2002c.sync.925)"/>
      <nite:child href="ES2002c.B.segments.xml#id(ES2002c.sync.443)..id(ES2002c.sync.447)"/>
      <nite:child href="ES2002c.D.segments.xml#id(ES2002c.sync.927)"/>
      <nite:child href="ES2002c.A.segments.xml#id(ES2002c.sync.103)"/>
   </discussion-fragment>
   <discussion-fragment nite:id="ES2002c.discussions.Erik.4" name="ES2002c - Technology">
      <nite:child href="ES2002c.D.segments.xml#id(ES2002c.sync.964)"/>
      <nite:child href="ES2002c.B.segments.xml#id(ES2002c.sync.485)..id(ES2002c.sync.491)"/>
      <nite:child href="ES2002c.D.segments.xml#id(ES2002c.sync.966)"/>
      <nite:child href="ES2002c.A.segments.xml#id(ES2002c.sync.121)"/>
      <nite:child href="ES2002c.D.segments.xml#id(ES2002c.sync.968)"/>
      <nite:child href="ES2002c.B.segments.xml#id(ES2002c.sync.493)"/>
      <nite:child href="ES2002c.D.segments.xml#id(ES2002c.sync.970)"/>
      <nite:child href="ES2002c.C.segments.xml#id(ES2002c.sync.649)"/>
      <nite:child href="ES2002c.D.segments.xml#id(ES2002c.sync.972)"/>
      <nite:child href="ES2002c.B.segments.xml#id(ES2002c.sync.495)"/>
      <nite:child href="ES2002c.D.segments.xml#id(ES2002c.sync.974)"/>
      <nite:child href="ES2002c.A.segments.xml#id(ES2002c.sync.123)"/>
      <nite:child href="ES2002c.D.segments.xml#id(ES2002c.sync.976)"/>
      <nite:child href="ES2002c.A.segments.xml#id(ES2002c.sync.125)..id(ES2002c.sync.127)"/>
      <nite:child href="ES2002c.D.segments.xml#id(ES2002c.sync.978)..id(ES2002c.sync.986)"/>
      <nite:child href="ES2002c.B.segments.xml#id(ES2002c.sync.497)"/>
      <nite:child href="ES2002c.A.segments.xml#id(ES2002c.sync.129)"/>
      <nite:child href="ES2002c.B.segments.xml#id(ES2002c.sync.499)"/>
      <nite:child href="ES2002c.D.segments.xml#id(ES2002c.sync.988)"/>
   </discussion-fragment>
</nite:root>