<?xml version="1.0" encoding="ISO-8859-1" standalone="yes"?>
<nite:root nite:id="ES2014c.discussions" xmlns:nite="http://nite.sourceforge.net/">
   <discussion-fragment nite:id="ES2014c.discussions.Rutger.1" name="Speech Recognition?">
      <nite:child href="ES2014c.A.segments.xml#id(ES2014c.sync.105)..id(ES2014c.sync.107)"/>
      <nite:child href="ES2014c.D.segments.xml#id(ES2014c.sync.839)"/>
      <nite:child href="ES2014c.C.segments.xml#id(ES2014c.sync.580)"/>
      <nite:child href="ES2014c.D.segments.xml#id(ES2014c.sync.841)"/>
      <nite:child href="ES2014c.B.segments.xml#id(ES2014c.sync.349)"/>
      <nite:child href="ES2014c.C.segments.xml#id(ES2014c.sync.582)"/>
      <nite:child href="ES2014c.D.segments.xml#id(ES2014c.sync.843)"/>
      <nite:child href="ES2014c.B.segments.xml#id(ES2014c.sync.351)"/>
      <nite:child href="ES2014c.A.segments.xml#id(ES2014c.sync.109)"/>
      <nite:child href="ES2014c.B.segments.xml#id(ES2014c.sync.353)..id(ES2014c.sync.355)"/>
      <nite:child href="ES2014c.A.segments.xml#id(ES2014c.sync.111)"/>
      <nite:child href="ES2014c.D.segments.xml#id(ES2014c.sync.845)"/>
      <nite:child href="ES2014c.B.segments.xml#id(ES2014c.sync.357)"/>
      <nite:child href="ES2014c.C.segments.xml#id(ES2014c.sync.584)"/>
      <nite:child href="ES2014c.B.segments.xml#id(ES2014c.sync.359)"/>
      <nite:child href="ES2014c.D.segments.xml#id(ES2014c.sync.847)"/>
      <nite:child href="ES2014c.B.segments.xml#id(ES2014c.sync.361)"/>
      <nite:child href="ES2014c.C.segments.xml#id(ES2014c.sync.586)"/>
      <nite:child href="ES2014c.A.segments.xml#id(ES2014c.sync.113)"/>
      <nite:child href="ES2014c.C.segments.xml#id(ES2014c.sync.588)..id(ES2014c.sync.590)"/>
      <nite:child href="ES2014c.D.segments.xml#id(ES2014c.sync.849)"/>
      <nite:child href="ES2014c.C.segments.xml#id(ES2014c.sync.592)"/>
      <nite:child href="ES2014c.B.segments.xml#id(ES2014c.sync.363)..id(ES2014c.sync.365)"/>
      <nite:child href="ES2014c.A.segments.xml#id(ES2014c.sync.115)"/>
      <nite:child href="ES2014c.C.segments.xml#id(ES2014c.sync.594)"/>
      <nite:child href="ES2014c.A.segments.xml#id(ES2014c.sync.117)"/>
   </discussion-fragment>
   <discussion-fragment nite:id="ES2014c.discussions.Rutger.2" name="How to emphasise the fancy design">
      <nite:child href="ES2014c.D.segments.xml#id(ES2014c.sync.881)"/>
      <nite:child href="ES2014c.C.segments.xml#id(ES2014c.sync.682)"/>
      <nite:child href="ES2014c.D.segments.xml#id(ES2014c.sync.882)..id(ES2014c.sync.884)"/>
      <nite:child href="ES2014c.C.segments.xml#id(ES2014c.sync.684)"/>
      <nite:child href="ES2014c.A.segments.xml#id(ES2014c.sync.169)"/>
      <nite:child href="ES2014c.D.segments.xml#id(ES2014c.sync.886)"/>
      <nite:child href="ES2014c.C.segments.xml#id(ES2014c.sync.686)"/>
      <nite:child href="ES2014c.A.segments.xml#id(ES2014c.sync.171)"/>
      <nite:child href="ES2014c.D.segments.xml#id(ES2014c.sync.888)"/>
      <nite:child href="ES2014c.C.segments.xml#id(ES2014c.sync.688)"/>
      <nite:child href="ES2014c.A.segments.xml#id(ES2014c.sync.172)"/>
      <nite:child href="ES2014c.C.segments.xml#id(ES2014c.sync.690)"/>
      <nite:child href="ES2014c.D.segments.xml#id(ES2014c.sync.890)"/>
      <nite:child href="ES2014c.C.segments.xml#id(ES2014c.sync.692)"/>
      <nite:child href="ES2014c.A.segments.xml#id(ES2014c.sync.173)"/>
      <nite:child href="ES2014c.B.segments.xml#id(ES2014c.sync.429)..id(ES2014c.sync.431)"/>
      <nite:child href="ES2014c.D.segments.xml#id(ES2014c.sync.892)"/>
      <nite:child href="ES2014c.B.segments.xml#id(ES2014c.sync.433)"/>
      <nite:child href="ES2014c.A.segments.xml#id(ES2014c.sync.175)"/>
      <nite:child href="ES2014c.D.segments.xml#id(ES2014c.sync.894)"/>
      <nite:child href="ES2014c.C.segments.xml#id(ES2014c.sync.694)"/>
      <nite:child href="ES2014c.D.segments.xml#id(ES2014c.sync.896)..id(ES2014c.sync.902)"/>
      <nite:child href="ES2014c.B.segments.xml#id(ES2014c.sync.435)..id(ES2014c.sync.437)"/>
      <nite:child href="ES2014c.D.segments.xml#id(ES2014c.sync.904)..id(ES2014c.sync.906)"/>
      <nite:child href="ES2014c.A.segments.xml#id(ES2014c.sync.177)"/>
      <nite:child href="ES2014c.C.segments.xml#id(ES2014c.sync.696)"/>
      <nite:child href="ES2014c.D.segments.xml#id(ES2014c.sync.908)"/>
      <nite:child href="ES2014c.B.segments.xml#id(ES2014c.sync.439)"/>
      <nite:child href="ES2014c.D.segments.xml#id(ES2014c.sync.910)"/>
      <nite:child href="ES2014c.A.segments.xml#id(ES2014c.sync.179)"/>
      <nite:child href="ES2014c.B.segments.xml#id(ES2014c.sync.441)..id(ES2014c.sync.443)"/>
      <nite:child href="ES2014c.A.segments.xml#id(ES2014c.sync.181)"/>
      <nite:child href="ES2014c.D.segments.xml#id(ES2014c.sync.912)"/>
      <nite:child href="ES2014c.C.segments.xml#id(ES2014c.sync.698)"/>
      <nite:child href="ES2014c.D.segments.xml#id(ES2014c.sync.914)..id(ES2014c.sync.916)"/>
      <nite:child href="ES2014c.B.segments.xml#id(ES2014c.sync.445)"/>
      <nite:child href="ES2014c.C.segments.xml#id(ES2014c.sync.700)"/>
      <nite:child href="ES2014c.B.segments.xml#id(ES2014c.sync.447)"/>
      <nite:child href="ES2014c.A.segments.xml#id(ES2014c.sync.183)"/>
      <nite:child href="ES2014c.C.segments.xml#id(ES2014c.sync.702)"/>
      <nite:child href="ES2014c.B.segments.xml#id(ES2014c.sync.449)..id(ES2014c.sync.451)"/>
      <nite:child href="ES2014c.C.segments.xml#id(ES2014c.sync.704)"/>
      <nite:child href="ES2014c.B.segments.xml#id(ES2014c.sync.453)"/>
      <nite:child href="ES2014c.A.segments.xml#id(ES2014c.sync.185)"/>
      <nite:child href="ES2014c.C.segments.xml#id(ES2014c.sync.706)"/>
      <nite:child href="ES2014c.D.segments.xml#id(ES2014c.sync.918)"/>
      <nite:child href="ES2014c.A.segments.xml#id(ES2014c.sync.187)"/>
      <nite:child href="ES2014c.D.segments.xml#id(ES2014c.sync.920)..id(ES2014c.sync.928)"/>
      <nite:child href="ES2014c.B.segments.xml#id(ES2014c.sync.455)..id(ES2014c.sync.457)"/>
      <nite:child href="ES2014c.D.segments.xml#id(ES2014c.sync.930)"/>
      <nite:child href="ES2014c.A.segments.xml#id(ES2014c.sync.189)"/>
      <nite:child href="ES2014c.B.segments.xml#id(ES2014c.sync.459)"/>
      <nite:child href="ES2014c.D.segments.xml#id(ES2014c.sync.932)"/>
      <nite:child href="ES2014c.C.segments.xml#id(ES2014c.sync.708)"/>
      <nite:child href="ES2014c.B.segments.xml#id(ES2014c.sync.461)"/>
      <nite:child href="ES2014c.C.segments.xml#id(ES2014c.sync.710)"/>
      <nite:child href="ES2014c.B.segments.xml#id(ES2014c.sync.463)"/>
      <nite:child href="ES2014c.D.segments.xml#id(ES2014c.sync.934)"/>
      <nite:child href="ES2014c.A.segments.xml#id(ES2014c.sync.191)"/>
      <nite:child href="ES2014c.D.segments.xml#id(ES2014c.sync.936)"/>
      <nite:child href="ES2014c.A.segments.xml#id(ES2014c.sync.193)"/>
      <nite:child href="ES2014c.B.segments.xml#id(ES2014c.sync.465)"/>
      <nite:child href="ES2014c.D.segments.xml#id(ES2014c.sync.938)"/>
      <nite:child href="ES2014c.C.segments.xml#id(ES2014c.sync.712)"/>
      <nite:child href="ES2014c.B.segments.xml#id(ES2014c.sync.467)"/>
      <nite:child href="ES2014c.A.segments.xml#id(ES2014c.sync.195)"/>
      <nite:child href="ES2014c.B.segments.xml#id(ES2014c.sync.469)"/>
      <nite:child href="ES2014c.D.segments.xml#id(ES2014c.sync.940)"/>
      <nite:child href="ES2014c.C.segments.xml#id(ES2014c.sync.714)"/>
      <nite:child href="ES2014c.B.segments.xml#id(ES2014c.sync.471)"/>
      <nite:child href="ES2014c.A.segments.xml#id(ES2014c.sync.197)"/>
      <nite:child href="ES2014c.C.segments.xml#id(ES2014c.sync.716)"/>
      <nite:child href="ES2014c.A.segments.xml#id(ES2014c.sync.199)"/>
      <nite:child href="ES2014c.B.segments.xml#id(ES2014c.sync.473)"/>
      <nite:child href="ES2014c.D.segments.xml#id(ES2014c.sync.942)"/>
      <nite:child href="ES2014c.C.segments.xml#id(ES2014c.sync.718)"/>
      <nite:child href="ES2014c.A.segments.xml#id(ES2014c.sync.201)"/>
      <nite:child href="ES2014c.D.segments.xml#id(ES2014c.sync.944)..id(ES2014c.sync.946)"/>
      <nite:child href="ES2014c.A.segments.xml#id(ES2014c.sync.202)"/>
      <nite:child href="ES2014c.B.segments.xml#id(ES2014c.sync.475)"/>
      <nite:child href="ES2014c.D.segments.xml#id(ES2014c.sync.948)..id(ES2014c.sync.950)"/>
      <nite:child href="ES2014c.B.segments.xml#id(ES2014c.sync.477)..id(ES2014c.sync.479)"/>
      <nite:child href="ES2014c.C.segments.xml#id(ES2014c.sync.720)"/>
      <nite:child href="ES2014c.B.segments.xml#id(ES2014c.sync.481)..id(ES2014c.sync.483)"/>
      <nite:child href="ES2014c.A.segments.xml#id(ES2014c.sync.204)"/>
      <nite:child href="ES2014c.D.segments.xml#id(ES2014c.sync.952)"/>
      <nite:child href="ES2014c.C.segments.xml#id(ES2014c.sync.722)"/>
      <nite:child href="ES2014c.D.segments.xml#id(ES2014c.sync.954)"/>
      <nite:child href="ES2014c.B.segments.xml#id(ES2014c.sync.485)"/>
      <nite:child href="ES2014c.D.segments.xml#id(ES2014c.sync.956)..id(ES2014c.sync.960)"/>
      <nite:child href="ES2014c.C.segments.xml#id(ES2014c.sync.724)"/>
      <nite:child href="ES2014c.B.segments.xml#id(ES2014c.sync.487)"/>
      <nite:child href="ES2014c.D.segments.xml#id(ES2014c.sync.962)"/>
      <nite:child href="ES2014c.A.segments.xml#id(ES2014c.sync.206)"/>
      <nite:child href="ES2014c.D.segments.xml#id(ES2014c.sync.964)..id(ES2014c.sync.966)"/>
      <nite:child href="ES2014c.C.segments.xml#id(ES2014c.sync.726)"/>
      <nite:child href="ES2014c.A.segments.xml#id(ES2014c.sync.208)"/>
      <nite:child href="ES2014c.D.segments.xml#id(ES2014c.sync.968)"/>
      <nite:child href="ES2014c.C.segments.xml#id(ES2014c.sync.728)"/>
      <nite:child href="ES2014c.D.segments.xml#id(ES2014c.sync.970)..id(ES2014c.sync.976)"/>
      <nite:child href="ES2014c.A.segments.xml#id(ES2014c.sync.210)"/>
      <nite:child href="ES2014c.B.segments.xml#id(ES2014c.sync.489)"/>
      <nite:child href="ES2014c.A.segments.xml#id(ES2014c.sync.212)"/>
      <nite:child href="ES2014c.D.segments.xml#id(ES2014c.sync.978)"/>
      <nite:child href="ES2014c.A.segments.xml#id(ES2014c.sync.214)"/>
      <nite:child href="ES2014c.B.segments.xml#id(ES2014c.sync.491)..id(ES2014c.sync.493)"/>
      <nite:child href="ES2014c.D.segments.xml#id(ES2014c.sync.980)..id(ES2014c.sync.982)"/>
      <nite:child href="ES2014c.B.segments.xml#id(ES2014c.sync.495)"/>
      <nite:child href="ES2014c.A.segments.xml#id(ES2014c.sync.216)"/>
      <nite:child href="ES2014c.D.segments.xml#id(ES2014c.sync.984)"/>
   </discussion-fragment>
   <discussion-fragment nite:id="ES2014c.discussions.Rutger.3" name="Single or double curved?">
      <nite:child href="ES2014c.C.segments.xml#id(ES2014c.sync.730)"/>
      <nite:child href="ES2014c.D.segments.xml#id(ES2014c.sync.986)"/>
      <nite:child href="ES2014c.B.segments.xml#id(ES2014c.sync.499)"/>
      <nite:child href="ES2014c.C.segments.xml#id(ES2014c.sync.732)"/>
      <nite:child href="ES2014c.B.segments.xml#id(ES2014c.sync.501)..id(ES2014c.sync.503)"/>
      <nite:child href="ES2014c.C.segments.xml#id(ES2014c.sync.734)"/>
      <nite:child href="ES2014c.D.segments.xml#id(ES2014c.sync.988)"/>
      <nite:child href="ES2014c.A.segments.xml#id(ES2014c.sync.218)"/>
      <nite:child href="ES2014c.C.segments.xml#id(ES2014c.sync.736)"/>
      <nite:child href="ES2014c.D.segments.xml#id(ES2014c.sync.990)"/>
      <nite:child href="ES2014c.C.segments.xml#id(ES2014c.sync.738)"/>
      <nite:child href="ES2014c.D.segments.xml#id(ES2014c.sync.992)"/>
      <nite:child href="ES2014c.C.segments.xml#id(ES2014c.sync.740)..id(ES2014c.sync.744)"/>
      <nite:child href="ES2014c.D.segments.xml#id(ES2014c.sync.994)"/>
      <nite:child href="ES2014c.B.segments.xml#id(ES2014c.sync.505)"/>
      <nite:child href="ES2014c.A.segments.xml#id(ES2014c.sync.220)"/>
      <nite:child href="ES2014c.D.segments.xml#id(ES2014c.sync.996)..id(ES2014c.sync.1000)"/>
      <nite:child href="ES2014c.B.segments.xml#id(ES2014c.sync.507)..id(ES2014c.sync.509)"/>
      <nite:child href="ES2014c.D.segments.xml#id(ES2014c.sync.1002)"/>
      <nite:child href="ES2014c.C.segments.xml#id(ES2014c.sync.746)"/>
      <nite:child href="ES2014c.A.segments.xml#id(ES2014c.sync.222)"/>
      <nite:child href="ES2014c.D.segments.xml#id(ES2014c.sync.1004)"/>
      <nite:child href="ES2014c.C.segments.xml#id(ES2014c.sync.748)"/>
      <nite:child href="ES2014c.A.segments.xml#id(ES2014c.sync.224)..id(ES2014c.sync.226)"/>
      <nite:child href="ES2014c.D.segments.xml#id(ES2014c.sync.1006)..id(ES2014c.sync.1008)"/>
      <nite:child href="ES2014c.C.segments.xml#id(ES2014c.sync.750)"/>
      <nite:child href="ES2014c.A.segments.xml#id(ES2014c.sync.228)"/>
      <nite:child href="ES2014c.D.segments.xml#id(ES2014c.sync.1010)"/>
      <nite:child href="ES2014c.A.segments.xml#id(ES2014c.sync.230)"/>
      <nite:child href="ES2014c.B.segments.xml#id(ES2014c.sync.511)"/>
      <nite:child href="ES2014c.C.segments.xml#id(ES2014c.sync.752)"/>
      <nite:child href="ES2014c.D.segments.xml#id(ES2014c.sync.1012)"/>
      <nite:child href="ES2014c.B.segments.xml#id(ES2014c.sync.513)"/>
      <nite:child href="ES2014c.C.segments.xml#id(ES2014c.sync.754)"/>
      <nite:child href="ES2014c.B.segments.xml#id(ES2014c.sync.515)"/>
      <nite:child href="ES2014c.D.segments.xml#id(ES2014c.sync.1014)"/>
      <nite:child href="ES2014c.C.segments.xml#id(ES2014c.sync.756)"/>
      <nite:child href="ES2014c.A.segments.xml#id(ES2014c.sync.232)"/>
   </discussion-fragment>
</nite:root>