<?xml version="1.0" encoding="ISO-8859-1" standalone="yes"?>
<nite:root nite:id="ES2008d.discussions" xmlns:nite="http://nite.sourceforge.net/">
   <discussion-fragment nite:id="ES2008d.discussions.Erik.1" name="ES2008d - Menu usage">
      <nite:child href="ES2008d.A.segments.xml#id(ES2008d.sync.104)..id(ES2008d.sync.106)"/>
      <nite:child href="ES2008d.B.segments.xml#id(ES2008d.sync.634)"/>
      <nite:child href="ES2008d.C.segments.xml#id(ES2008d.sync.1168)"/>
      <nite:child href="ES2008d.B.segments.xml#id(ES2008d.sync.636)"/>
      <nite:child href="ES2008d.A.segments.xml#id(ES2008d.sync.108)"/>
      <nite:child href="ES2008d.C.segments.xml#id(ES2008d.sync.1170)"/>
      <nite:child href="ES2008d.B.segments.xml#id(ES2008d.sync.638)"/>
      <nite:child href="ES2008d.C.segments.xml#id(ES2008d.sync.1172)"/>
      <nite:child href="ES2008d.A.segments.xml#id(ES2008d.sync.110)"/>
      <nite:child href="ES2008d.D.segments.xml#id(ES2008d.sync.1371)"/>
      <nite:child href="ES2008d.A.segments.xml#id(ES2008d.sync.112)"/>
      <nite:child href="ES2008d.C.segments.xml#id(ES2008d.sync.1174)..id(ES2008d.sync.1176)"/>
      <nite:child href="ES2008d.B.segments.xml#id(ES2008d.sync.640)"/>
      <nite:child href="ES2008d.A.segments.xml#id(ES2008d.sync.114)"/>
      <nite:child href="ES2008d.B.segments.xml#id(ES2008d.sync.642)"/>
      <nite:child href="ES2008d.A.segments.xml#id(ES2008d.sync.116)"/>
   </discussion-fragment>
   <discussion-fragment nite:id="ES2008d.discussions.Erik.2" name="ES2008d - Technologically innovative">
      <nite:child href="ES2008d.D.segments.xml#id(ES2008d.sync.1397)..id(ES2008d.sync.1401)"/>
      <nite:child href="ES2008d.A.segments.xml#id(ES2008d.sync.134)"/>
      <nite:child href="ES2008d.B.segments.xml#id(ES2008d.sync.660)"/>
      <nite:child href="ES2008d.D.segments.xml#id(ES2008d.sync.1403)"/>
      <nite:child href="ES2008d.B.segments.xml#id(ES2008d.sync.662)"/>
      <nite:child href="ES2008d.D.segments.xml#id(ES2008d.sync.1405)..id(ES2008d.sync.1407)"/>
      <nite:child href="ES2008d.A.segments.xml#id(ES2008d.sync.136)"/>
      <nite:child href="ES2008d.D.segments.xml#id(ES2008d.sync.1409)"/>
      <nite:child href="ES2008d.A.segments.xml#id(ES2008d.sync.138)..id(ES2008d.sync.140)"/>
      <nite:child href="ES2008d.D.segments.xml#id(ES2008d.sync.1411)"/>
      <nite:child href="ES2008d.B.segments.xml#id(ES2008d.sync.664)..id(ES2008d.sync.668)"/>
      <nite:child href="ES2008d.D.segments.xml#id(ES2008d.sync.1413)..id(ES2008d.sync.1415)"/>
      <nite:child href="ES2008d.C.segments.xml#id(ES2008d.sync.1184)"/>
      <nite:child href="ES2008d.A.segments.xml#id(ES2008d.sync.142)"/>
      <nite:child href="ES2008d.D.segments.xml#id(ES2008d.sync.1417)"/>
      <nite:child href="ES2008d.A.segments.xml#id(ES2008d.sync.144)"/>
   </discussion-fragment>
   <discussion-fragment nite:id="ES2008d.discussions.Erik.3" name="ES2008d - Fruity notion">
      <nite:child href="ES2008d.D.segments.xml#id(ES2008d.sync.1429)"/>
      <nite:child href="ES2008d.B.segments.xml#id(ES2008d.sync.684)"/>
      <nite:child href="ES2008d.C.segments.xml#id(ES2008d.sync.1198)"/>
      <nite:child href="ES2008d.B.segments.xml#id(ES2008d.sync.686)"/>
      <nite:child href="ES2008d.A.segments.xml#id(ES2008d.sync.154)"/>
      <nite:child href="ES2008d.C.segments.xml#id(ES2008d.sync.1200)"/>
      <nite:child href="ES2008d.B.segments.xml#id(ES2008d.sync.688)"/>
      <nite:child href="ES2008d.C.segments.xml#id(ES2008d.sync.1202)"/>
      <nite:child href="ES2008d.D.segments.xml#id(ES2008d.sync.1431)"/>
      <nite:child href="ES2008d.B.segments.xml#id(ES2008d.sync.690)"/>
      <nite:child href="ES2008d.C.segments.xml#id(ES2008d.sync.1204)"/>
      <nite:child href="ES2008d.A.segments.xml#id(ES2008d.sync.156)"/>
      <nite:child href="ES2008d.B.segments.xml#id(ES2008d.sync.692)..id(ES2008d.sync.694)"/>
      <nite:child href="ES2008d.D.segments.xml#id(ES2008d.sync.1433)"/>
      <nite:child href="ES2008d.C.segments.xml#id(ES2008d.sync.1206)"/>
      <nite:child href="ES2008d.D.segments.xml#id(ES2008d.sync.1435)"/>
      <nite:child href="ES2008d.A.segments.xml#id(ES2008d.sync.158)"/>
      <nite:child href="ES2008d.B.segments.xml#id(ES2008d.sync.696)"/>
      <nite:child href="ES2008d.D.segments.xml#id(ES2008d.sync.1437)"/>
      <nite:child href="ES2008d.A.segments.xml#id(ES2008d.sync.160)"/>
      <nite:child href="ES2008d.D.segments.xml#id(ES2008d.sync.1439)..id(ES2008d.sync.1440)"/>
      <nite:child href="ES2008d.B.segments.xml#id(ES2008d.sync.698)"/>
      <nite:child href="ES2008d.C.segments.xml#id(ES2008d.sync.1208)"/>
      <nite:child href="ES2008d.A.segments.xml#id(ES2008d.sync.162)..id(ES2008d.sync.164)"/>
      <nite:child href="ES2008d.B.segments.xml#id(ES2008d.sync.700)"/>
      <nite:child href="ES2008d.D.segments.xml#id(ES2008d.sync.1442)"/>
      <nite:child href="ES2008d.C.segments.xml#id(ES2008d.sync.1210)"/>
      <nite:child href="ES2008d.A.segments.xml#id(ES2008d.sync.166)"/>
   </discussion-fragment>
</nite:root>