<?xml version="1.0" encoding="ISO-8859-1" standalone="yes"?>
<nite:root nite:id="ES2005c.discussions" xmlns:nite="http://nite.sourceforge.net/">
   <discussion-fragment nite:id="ES2005c.discussions.Erik.1" name="ES2005c - LCD screen">
      <nite:child href="ES2005c.D.segments.xml#id(ES2005c.sync.1052)"/>
      <nite:child href="ES2005c.A.segments.xml#id(ES2005c.sync.40)"/>
      <nite:child href="ES2005c.D.segments.xml#id(ES2005c.sync.1054)..id(ES2005c.sync.1056)"/>
      <nite:child href="ES2005c.B.segments.xml#id(ES2005c.sync.363)"/>
      <nite:child href="ES2005c.D.segments.xml#id(ES2005c.sync.1058)"/>
      <nite:child href="ES2005c.C.segments.xml#id(ES2005c.sync.576)"/>
      <nite:child href="ES2005c.D.segments.xml#id(ES2005c.sync.1060)"/>
      <nite:child href="ES2005c.C.segments.xml#id(ES2005c.sync.578)"/>
      <nite:child href="ES2005c.D.segments.xml#id(ES2005c.sync.1062)..id(ES2005c.sync.1066)"/>
      <nite:child href="ES2005c.C.segments.xml#id(ES2005c.sync.580)"/>
      <nite:child href="ES2005c.A.segments.xml#id(ES2005c.sync.42)"/>
      <nite:child href="ES2005c.C.segments.xml#id(ES2005c.sync.582)..id(ES2005c.sync.584)"/>
      <nite:child href="ES2005c.A.segments.xml#id(ES2005c.sync.44)"/>
      <nite:child href="ES2005c.D.segments.xml#id(ES2005c.sync.1068)"/>
      <nite:child href="ES2005c.A.segments.xml#id(ES2005c.sync.46)"/>
      <nite:child href="ES2005c.D.segments.xml#id(ES2005c.sync.1070)"/>
      <nite:child href="ES2005c.C.segments.xml#id(ES2005c.sync.586)"/>
      <nite:child href="ES2005c.A.segments.xml#id(ES2005c.sync.48)"/>
      <nite:child href="ES2005c.D.segments.xml#id(ES2005c.sync.1072)..id(ES2005c.sync.1074)"/>
      <nite:child href="ES2005c.A.segments.xml#id(ES2005c.sync.50)"/>
      <nite:child href="ES2005c.D.segments.xml#id(ES2005c.sync.1076)"/>
      <nite:child href="ES2005c.A.segments.xml#id(ES2005c.sync.52)"/>
      <nite:child href="ES2005c.C.segments.xml#id(ES2005c.sync.588)"/>
      <nite:child href="ES2005c.B.segments.xml#id(ES2005c.sync.365)..id(ES2005c.sync.367)"/>
      <nite:child href="ES2005c.C.segments.xml#id(ES2005c.sync.590)"/>
      <nite:child href="ES2005c.D.segments.xml#id(ES2005c.sync.1078)"/>
      <nite:child href="ES2005c.A.segments.xml#id(ES2005c.sync.54)"/>
      <nite:child href="ES2005c.C.segments.xml#id(ES2005c.sync.592)"/>
      <nite:child href="ES2005c.D.segments.xml#id(ES2005c.sync.1080)"/>
      <nite:child href="ES2005c.C.segments.xml#id(ES2005c.sync.594)"/>
      <nite:child href="ES2005c.D.segments.xml#id(ES2005c.sync.1082)..id(ES2005c.sync.1084)"/>
   </discussion-fragment>
   <discussion-fragment nite:id="ES2005c.discussions.Erik.2" name="ES2005c - Remote casing">
      <nite:child href="ES2005c.A.segments.xml#id(ES2005c.sync.88)..id(ES2005c.sync.92)"/>
      <nite:child href="ES2005c.D.segments.xml#id(ES2005c.sync.1118)"/>
      <nite:child href="ES2005c.A.segments.xml#id(ES2005c.sync.94)"/>
      <nite:child href="ES2005c.C.segments.xml#id(ES2005c.sync.646)"/>
      <nite:child href="ES2005c.A.segments.xml#id(ES2005c.sync.96)"/>
      <nite:child href="ES2005c.C.segments.xml#id(ES2005c.sync.648)"/>
      <nite:child href="ES2005c.D.segments.xml#id(ES2005c.sync.1120)"/>
      <nite:child href="ES2005c.C.segments.xml#id(ES2005c.sync.650)"/>
      <nite:child href="ES2005c.A.segments.xml#id(ES2005c.sync.98)"/>
      <nite:child href="ES2005c.C.segments.xml#id(ES2005c.sync.652)"/>
      <nite:child href="ES2005c.D.segments.xml#id(ES2005c.sync.1122)..id(ES2005c.sync.1124)"/>
      <nite:child href="ES2005c.A.segments.xml#id(ES2005c.sync.100)"/>
      <nite:child href="ES2005c.C.segments.xml#id(ES2005c.sync.654)"/>
      <nite:child href="ES2005c.A.segments.xml#id(ES2005c.sync.102)..id(ES2005c.sync.106)"/>
      <nite:child href="ES2005c.D.segments.xml#id(ES2005c.sync.1126)"/>
      <nite:child href="ES2005c.C.segments.xml#id(ES2005c.sync.656)"/>
      <nite:child href="ES2005c.A.segments.xml#id(ES2005c.sync.108)"/>
      <nite:child href="ES2005c.C.segments.xml#id(ES2005c.sync.658)"/>
      <nite:child href="ES2005c.A.segments.xml#id(ES2005c.sync.110)"/>
      <nite:child href="ES2005c.C.segments.xml#id(ES2005c.sync.660)"/>
      <nite:child href="ES2005c.D.segments.xml#id(ES2005c.sync.1128)..id(ES2005c.sync.1130)"/>
   </discussion-fragment>
   <discussion-fragment nite:id="ES2005c.discussions.Erik.3" name="ES2005c - Remote color">
      <nite:child href="ES2005c.A.segments.xml#id(ES2005c.sync.112)"/>
      <nite:child href="ES2005c.D.segments.xml#id(ES2005c.sync.1132)"/>
      <nite:child href="ES2005c.C.segments.xml#id(ES2005c.sync.662)"/>
      <nite:child href="ES2005c.A.segments.xml#id(ES2005c.sync.114)"/>
      <nite:child href="ES2005c.C.segments.xml#id(ES2005c.sync.664)..id(ES2005c.sync.666)"/>
      <nite:child href="ES2005c.D.segments.xml#id(ES2005c.sync.1134)..id(ES2005c.sync.1136)"/>
      <nite:child href="ES2005c.C.segments.xml#id(ES2005c.sync.668)"/>
      <nite:child href="ES2005c.D.segments.xml#id(ES2005c.sync.1138)"/>
      <nite:child href="ES2005c.C.segments.xml#id(ES2005c.sync.670)"/>
      <nite:child href="ES2005c.A.segments.xml#id(ES2005c.sync.116)..id(ES2005c.sync.118)"/>
      <nite:child href="ES2005c.C.segments.xml#id(ES2005c.sync.672)..id(ES2005c.sync.674)"/>
      <nite:child href="ES2005c.D.segments.xml#id(ES2005c.sync.1140)"/>
      <nite:child href="ES2005c.A.segments.xml#id(ES2005c.sync.120)"/>
      <nite:child href="ES2005c.D.segments.xml#id(ES2005c.sync.1142)"/>
      <nite:child href="ES2005c.A.segments.xml#id(ES2005c.sync.122)"/>
      <nite:child href="ES2005c.C.segments.xml#id(ES2005c.sync.676)"/>
      <nite:child href="ES2005c.D.segments.xml#id(ES2005c.sync.1144)..id(ES2005c.sync.1146)"/>
      <nite:child href="ES2005c.A.segments.xml#id(ES2005c.sync.124)"/>
   </discussion-fragment>
   <discussion-fragment nite:id="ES2005c.discussions.Erik.4" name="ES2005c - Remote casings">
      <nite:child href="ES2005c.B.segments.xml#id(ES2005c.sync.393)"/>
      <nite:child href="ES2005c.D.segments.xml#id(ES2005c.sync.1268)..id(ES2005c.sync.1272)"/>
      <nite:child href="ES2005c.C.segments.xml#id(ES2005c.sync.786)"/>
      <nite:child href="ES2005c.D.segments.xml#id(ES2005c.sync.1274)"/>
      <nite:child href="ES2005c.C.segments.xml#id(ES2005c.sync.788)"/>
      <nite:child href="ES2005c.B.segments.xml#id(ES2005c.sync.395)"/>
      <nite:child href="ES2005c.D.segments.xml#id(ES2005c.sync.1276)"/>
      <nite:child href="ES2005c.C.segments.xml#id(ES2005c.sync.790)"/>
      <nite:child href="ES2005c.B.segments.xml#id(ES2005c.sync.397)"/>
      <nite:child href="ES2005c.D.segments.xml#id(ES2005c.sync.1278)"/>
      <nite:child href="ES2005c.C.segments.xml#id(ES2005c.sync.792)"/>
      <nite:child href="ES2005c.D.segments.xml#id(ES2005c.sync.1280)..id(ES2005c.sync.1282)"/>
      <nite:child href="ES2005c.C.segments.xml#id(ES2005c.sync.794)"/>
      <nite:child href="ES2005c.D.segments.xml#id(ES2005c.sync.1284)"/>
      <nite:child href="ES2005c.B.segments.xml#id(ES2005c.sync.399)"/>
      <nite:child href="ES2005c.C.segments.xml#id(ES2005c.sync.796)"/>
      <nite:child href="ES2005c.D.segments.xml#id(ES2005c.sync.1286)..id(ES2005c.sync.1294)"/>
      <nite:child href="ES2005c.A.segments.xml#id(ES2005c.sync.236)"/>
      <nite:child href="ES2005c.C.segments.xml#id(ES2005c.sync.798)"/>
      <nite:child href="ES2005c.D.segments.xml#id(ES2005c.sync.1296)"/>
      <nite:child href="ES2005c.C.segments.xml#id(ES2005c.sync.800)"/>
      <nite:child href="ES2005c.D.segments.xml#id(ES2005c.sync.1298)"/>
      <nite:child href="ES2005c.C.segments.xml#id(ES2005c.sync.802)"/>
      <nite:child href="ES2005c.D.segments.xml#id(ES2005c.sync.1300)"/>
      <nite:child href="ES2005c.C.segments.xml#id(ES2005c.sync.804)"/>
      <nite:child href="ES2005c.A.segments.xml#id(ES2005c.sync.238)..id(ES2005c.sync.240)"/>
      <nite:child href="ES2005c.B.segments.xml#id(ES2005c.sync.401)"/>
      <nite:child href="ES2005c.C.segments.xml#id(ES2005c.sync.806)"/>
   </discussion-fragment>
   <discussion-fragment nite:id="ES2005c.discussions.Erik.5" name="ES2005c - Rechargeable">
      <nite:child href="ES2005c.A.segments.xml#id(ES2005c.sync.252)"/>
      <nite:child href="ES2005c.C.segments.xml#id(ES2005c.sync.828)"/>
      <nite:child href="ES2005c.A.segments.xml#id(ES2005c.sync.254)"/>
      <nite:child href="ES2005c.D.segments.xml#id(ES2005c.sync.1322)"/>
      <nite:child href="ES2005c.B.segments.xml#id(ES2005c.sync.405)"/>
      <nite:child href="ES2005c.D.segments.xml#id(ES2005c.sync.1324)"/>
      <nite:child href="ES2005c.C.segments.xml#id(ES2005c.sync.830)"/>
      <nite:child href="ES2005c.B.segments.xml#id(ES2005c.sync.407)"/>
      <nite:child href="ES2005c.D.segments.xml#id(ES2005c.sync.1326)"/>
      <nite:child href="ES2005c.C.segments.xml#id(ES2005c.sync.832)"/>
      <nite:child href="ES2005c.A.segments.xml#id(ES2005c.sync.256)"/>
      <nite:child href="ES2005c.C.segments.xml#id(ES2005c.sync.834)"/>
      <nite:child href="ES2005c.B.segments.xml#id(ES2005c.sync.409)"/>
      <nite:child href="ES2005c.C.segments.xml#id(ES2005c.sync.836)"/>
      <nite:child href="ES2005c.B.segments.xml#id(ES2005c.sync.411)"/>
      <nite:child href="ES2005c.D.segments.xml#id(ES2005c.sync.1328)"/>
      <nite:child href="ES2005c.C.segments.xml#id(ES2005c.sync.838)"/>
      <nite:child href="ES2005c.B.segments.xml#id(ES2005c.sync.413)"/>
      <nite:child href="ES2005c.A.segments.xml#id(ES2005c.sync.258)"/>
      <nite:child href="ES2005c.D.segments.xml#id(ES2005c.sync.1330)"/>
      <nite:child href="ES2005c.C.segments.xml#id(ES2005c.sync.840)"/>
      <nite:child href="ES2005c.D.segments.xml#id(ES2005c.sync.1332)"/>
      <nite:child href="ES2005c.A.segments.xml#id(ES2005c.sync.260)..id(ES2005c.sync.262)"/>
      <nite:child href="ES2005c.B.segments.xml#id(ES2005c.sync.415)"/>
      <nite:child href="ES2005c.C.segments.xml#id(ES2005c.sync.842)"/>
      <nite:child href="ES2005c.A.segments.xml#id(ES2005c.sync.264)"/>
      <nite:child href="ES2005c.C.segments.xml#id(ES2005c.sync.844)"/>
      <nite:child href="ES2005c.A.segments.xml#id(ES2005c.sync.266)"/>
      <nite:child href="ES2005c.D.segments.xml#id(ES2005c.sync.1334)..id(ES2005c.sync.1336)"/>
      <nite:child href="ES2005c.C.segments.xml#id(ES2005c.sync.846)"/>
      <nite:child href="ES2005c.D.segments.xml#id(ES2005c.sync.1338)"/>
      <nite:child href="ES2005c.C.segments.xml#id(ES2005c.sync.848)"/>
      <nite:child href="ES2005c.A.segments.xml#id(ES2005c.sync.268)"/>
      <nite:child href="ES2005c.D.segments.xml#id(ES2005c.sync.1340)"/>
      <nite:child href="ES2005c.C.segments.xml#id(ES2005c.sync.850)"/>
      <nite:child href="ES2005c.B.segments.xml#id(ES2005c.sync.417)"/>
      <nite:child href="ES2005c.D.segments.xml#id(ES2005c.sync.1342)"/>
      <nite:child href="ES2005c.B.segments.xml#id(ES2005c.sync.419)"/>
      <nite:child href="ES2005c.D.segments.xml#id(ES2005c.sync.1344)"/>
      <nite:child href="ES2005c.A.segments.xml#id(ES2005c.sync.270)"/>
      <nite:child href="ES2005c.D.segments.xml#id(ES2005c.sync.1346)"/>
      <nite:child href="ES2005c.C.segments.xml#id(ES2005c.sync.852)"/>
      <nite:child href="ES2005c.B.segments.xml#id(ES2005c.sync.421)"/>
      <nite:child href="ES2005c.A.segments.xml#id(ES2005c.sync.272)..id(ES2005c.sync.274)"/>
      <nite:child href="ES2005c.C.segments.xml#id(ES2005c.sync.854)"/>
      <nite:child href="ES2005c.B.segments.xml#id(ES2005c.sync.423)"/>
      <nite:child href="ES2005c.C.segments.xml#id(ES2005c.sync.856)"/>
   </discussion-fragment>
</nite:root>