<?xml version="1.0" encoding="ISO-8859-1" standalone="yes"?>
<nite:root nite:id="ES2006c.discussions" xmlns:nite="http://nite.sourceforge.net/">
   <discussion-fragment nite:id="ES2006c.discussions.Erik.1" name="ES2006c - Scroll button">
      <nite:child href="ES2006c.D.segments.xml#id(ES2006c.sync.939)..id(ES2006c.sync.943)"/>
      <nite:child href="ES2006c.C.segments.xml#id(ES2006c.sync.615)..id(ES2006c.sync.617)"/>
      <nite:child href="ES2006c.A.segments.xml#id(ES2006c.sync.76)..id(ES2006c.sync.78)"/>
      <nite:child href="ES2006c.C.segments.xml#id(ES2006c.sync.619)"/>
      <nite:child href="ES2006c.B.segments.xml#id(ES2006c.sync.341)"/>
      <nite:child href="ES2006c.D.segments.xml#id(ES2006c.sync.945)"/>
      <nite:child href="ES2006c.A.segments.xml#id(ES2006c.sync.80)"/>
      <nite:child href="ES2006c.B.segments.xml#id(ES2006c.sync.343)..id(ES2006c.sync.345)"/>
      <nite:child href="ES2006c.A.segments.xml#id(ES2006c.sync.82)"/>
      <nite:child href="ES2006c.C.segments.xml#id(ES2006c.sync.621)"/>
      <nite:child href="ES2006c.A.segments.xml#id(ES2006c.sync.84)..id(ES2006c.sync.86)"/>
      <nite:child href="ES2006c.B.segments.xml#id(ES2006c.sync.347)"/>
      <nite:child href="ES2006c.C.segments.xml#id(ES2006c.sync.623)"/>
      <nite:child href="ES2006c.A.segments.xml#id(ES2006c.sync.88)"/>
      <nite:child href="ES2006c.C.segments.xml#id(ES2006c.sync.625)"/>
      <nite:child href="ES2006c.B.segments.xml#id(ES2006c.sync.349)"/>
      <nite:child href="ES2006c.C.segments.xml#id(ES2006c.sync.627)"/>
      <nite:child href="ES2006c.A.segments.xml#id(ES2006c.sync.90)"/>
      <nite:child href="ES2006c.D.segments.xml#id(ES2006c.sync.947)"/>
      <nite:child href="ES2006c.A.segments.xml#id(ES2006c.sync.92)"/>
      <nite:child href="ES2006c.C.segments.xml#id(ES2006c.sync.629)"/>
      <nite:child href="ES2006c.A.segments.xml#id(ES2006c.sync.94)"/>
   </discussion-fragment>
   <discussion-fragment nite:id="ES2006c.discussions.Erik.2" name="ES2006c - LCD needs">
      <nite:child href="ES2006c.A.segments.xml#id(ES2006c.sync.106)"/>
      <nite:child href="ES2006c.C.segments.xml#id(ES2006c.sync.655)"/>
      <nite:child href="ES2006c.B.segments.xml#id(ES2006c.sync.361)"/>
      <nite:child href="ES2006c.C.segments.xml#id(ES2006c.sync.657)..id(ES2006c.sync.663)"/>
      <nite:child href="ES2006c.B.segments.xml#id(ES2006c.sync.363)..id(ES2006c.sync.365)"/>
      <nite:child href="ES2006c.A.segments.xml#id(ES2006c.sync.108)"/>
      <nite:child href="ES2006c.C.segments.xml#id(ES2006c.sync.665)"/>
      <nite:child href="ES2006c.A.segments.xml#id(ES2006c.sync.110)..id(ES2006c.sync.112)"/>
      <nite:child href="ES2006c.C.segments.xml#id(ES2006c.sync.667)"/>
      <nite:child href="ES2006c.B.segments.xml#id(ES2006c.sync.367)..id(ES2006c.sync.369)"/>
      <nite:child href="ES2006c.A.segments.xml#id(ES2006c.sync.114)"/>
      <nite:child href="ES2006c.B.segments.xml#id(ES2006c.sync.371)"/>
      <nite:child href="ES2006c.C.segments.xml#id(ES2006c.sync.669)"/>
      <nite:child href="ES2006c.B.segments.xml#id(ES2006c.sync.373)"/>
   </discussion-fragment>
   <discussion-fragment nite:id="ES2006c.discussions.Erik.3" name="ES2006c - Wood">
      <nite:child href="ES2006c.A.segments.xml#id(ES2006c.sync.186)"/>
      <nite:child href="ES2006c.C.segments.xml#id(ES2006c.sync.735)"/>
      <nite:child href="ES2006c.D.segments.xml#id(ES2006c.sync.979)"/>
      <nite:child href="ES2006c.A.segments.xml#id(ES2006c.sync.188)..id(ES2006c.sync.190)"/>
      <nite:child href="ES2006c.D.segments.xml#id(ES2006c.sync.981)"/>
      <nite:child href="ES2006c.C.segments.xml#id(ES2006c.sync.737)"/>
      <nite:child href="ES2006c.B.segments.xml#id(ES2006c.sync.413)"/>
      <nite:child href="ES2006c.A.segments.xml#id(ES2006c.sync.192)"/>
      <nite:child href="ES2006c.C.segments.xml#id(ES2006c.sync.739)"/>
      <nite:child href="ES2006c.D.segments.xml#id(ES2006c.sync.983)"/>
      <nite:child href="ES2006c.C.segments.xml#id(ES2006c.sync.741)"/>
      <nite:child href="ES2006c.D.segments.xml#id(ES2006c.sync.985)"/>
      <nite:child href="ES2006c.A.segments.xml#id(ES2006c.sync.194)"/>
      <nite:child href="ES2006c.D.segments.xml#id(ES2006c.sync.987)"/>
      <nite:child href="ES2006c.A.segments.xml#id(ES2006c.sync.196)"/>
      <nite:child href="ES2006c.B.segments.xml#id(ES2006c.sync.415)"/>
      <nite:child href="ES2006c.C.segments.xml#id(ES2006c.sync.743)"/>
      <nite:child href="ES2006c.A.segments.xml#id(ES2006c.sync.198)"/>
      <nite:child href="ES2006c.D.segments.xml#id(ES2006c.sync.989)"/>
      <nite:child href="ES2006c.A.segments.xml#id(ES2006c.sync.200)"/>
      <nite:child href="ES2006c.B.segments.xml#id(ES2006c.sync.417)"/>
      <nite:child href="ES2006c.A.segments.xml#id(ES2006c.sync.202)"/>
      <nite:child href="ES2006c.C.segments.xml#id(ES2006c.sync.745)"/>
      <nite:child href="ES2006c.B.segments.xml#id(ES2006c.sync.419)"/>
      <nite:child href="ES2006c.D.segments.xml#id(ES2006c.sync.991)"/>
      <nite:child href="ES2006c.A.segments.xml#id(ES2006c.sync.204)"/>
      <nite:child href="ES2006c.C.segments.xml#id(ES2006c.sync.747)"/>
   </discussion-fragment>
   <discussion-fragment nite:id="ES2006c.discussions.Erik.4" name="ES2006c - Push-buttons">
      <nite:child href="ES2006c.B.segments.xml#id(ES2006c.sync.421)"/>
      <nite:child href="ES2006c.D.segments.xml#id(ES2006c.sync.993)"/>
      <nite:child href="ES2006c.C.segments.xml#id(ES2006c.sync.751)"/>
      <nite:child href="ES2006c.B.segments.xml#id(ES2006c.sync.423)"/>
      <nite:child href="ES2006c.A.segments.xml#id(ES2006c.sync.208)"/>
      <nite:child href="ES2006c.D.segments.xml#id(ES2006c.sync.995)"/>
      <nite:child href="ES2006c.A.segments.xml#id(ES2006c.sync.210)"/>
      <nite:child href="ES2006c.D.segments.xml#id(ES2006c.sync.997)"/>
      <nite:child href="ES2006c.C.segments.xml#id(ES2006c.sync.753)"/>
      <nite:child href="ES2006c.B.segments.xml#id(ES2006c.sync.425)"/>
      <nite:child href="ES2006c.A.segments.xml#id(ES2006c.sync.212)"/>
      <nite:child href="ES2006c.C.segments.xml#id(ES2006c.sync.755)"/>
      <nite:child href="ES2006c.A.segments.xml#id(ES2006c.sync.214)"/>
      <nite:child href="ES2006c.C.segments.xml#id(ES2006c.sync.757)"/>
      <nite:child href="ES2006c.B.segments.xml#id(ES2006c.sync.427)..id(ES2006c.sync.429)"/>
      <nite:child href="ES2006c.C.segments.xml#id(ES2006c.sync.759)"/>
      <nite:child href="ES2006c.A.segments.xml#id(ES2006c.sync.216)"/>
      <nite:child href="ES2006c.D.segments.xml#id(ES2006c.sync.999)"/>
      <nite:child href="ES2006c.C.segments.xml#id(ES2006c.sync.761)"/>
      <nite:child href="ES2006c.A.segments.xml#id(ES2006c.sync.218)"/>
      <nite:child href="ES2006c.D.segments.xml#id(ES2006c.sync.1001)"/>
      <nite:child href="ES2006c.A.segments.xml#id(ES2006c.sync.220)"/>
      <nite:child href="ES2006c.B.segments.xml#id(ES2006c.sync.431)..id(ES2006c.sync.433)"/>
      <nite:child href="ES2006c.C.segments.xml#id(ES2006c.sync.763)"/>
      <nite:child href="ES2006c.A.segments.xml#id(ES2006c.sync.222)..id(ES2006c.sync.224)"/>
      <nite:child href="ES2006c.B.segments.xml#id(ES2006c.sync.435)"/>
      <nite:child href="ES2006c.D.segments.xml#id(ES2006c.sync.1003)"/>
      <nite:child href="ES2006c.C.segments.xml#id(ES2006c.sync.765)"/>
      <nite:child href="ES2006c.A.segments.xml#id(ES2006c.sync.226)"/>
      <nite:child href="ES2006c.B.segments.xml#id(ES2006c.sync.437)"/>
      <nite:child href="ES2006c.D.segments.xml#id(ES2006c.sync.1005)"/>
      <nite:child href="ES2006c.C.segments.xml#id(ES2006c.sync.767)..id(ES2006c.sync.769)"/>
      <nite:child href="ES2006c.D.segments.xml#id(ES2006c.sync.1007)"/>
      <nite:child href="ES2006c.A.segments.xml#id(ES2006c.sync.228)"/>
      <nite:child href="ES2006c.D.segments.xml#id(ES2006c.sync.1009)"/>
      <nite:child href="ES2006c.C.segments.xml#id(ES2006c.sync.771)"/>
      <nite:child href="ES2006c.A.segments.xml#id(ES2006c.sync.230)..id(ES2006c.sync.232)"/>
   </discussion-fragment>
</nite:root>