<?xml version="1.0" encoding="ISO-8859-1" standalone="yes"?>
<nite:root nite:id="ES2007d.discussions" xmlns:nite="http://nite.sourceforge.net/">
   <discussion-fragment nite:id="ES2007d.discussions.Erik.1" name="ES2007d - Left and right handed">
      <nite:child href="ES2007d.A.segments.xml#id(ES2007d.sync.38)"/>
      <nite:child href="ES2007d.C.segments.xml#id(ES2007d.sync.384)"/>
      <nite:child href="ES2007d.B.segments.xml#id(ES2007d.sync.247)"/>
      <nite:child href="ES2007d.A.segments.xml#id(ES2007d.sync.40)"/>
      <nite:child href="ES2007d.C.segments.xml#id(ES2007d.sync.386)"/>
      <nite:child href="ES2007d.A.segments.xml#id(ES2007d.sync.42)"/>
      <nite:child href="ES2007d.C.segments.xml#id(ES2007d.sync.388)"/>
      <nite:child href="ES2007d.D.segments.xml#id(ES2007d.sync.609)..id(ES2007d.sync.611)"/>
      <nite:child href="ES2007d.A.segments.xml#id(ES2007d.sync.44)"/>
      <nite:child href="ES2007d.B.segments.xml#id(ES2007d.sync.249)"/>
      <nite:child href="ES2007d.A.segments.xml#id(ES2007d.sync.46)"/>
      <nite:child href="ES2007d.D.segments.xml#id(ES2007d.sync.613)"/>
      <nite:child href="ES2007d.C.segments.xml#id(ES2007d.sync.390)"/>
      <nite:child href="ES2007d.D.segments.xml#id(ES2007d.sync.615)"/>
      <nite:child href="ES2007d.C.segments.xml#id(ES2007d.sync.392)"/>
      <nite:child href="ES2007d.B.segments.xml#id(ES2007d.sync.251)"/>
      <nite:child href="ES2007d.A.segments.xml#id(ES2007d.sync.48)"/>
      <nite:child href="ES2007d.B.segments.xml#id(ES2007d.sync.253)"/>
      <nite:child href="ES2007d.D.segments.xml#id(ES2007d.sync.617)"/>
      <nite:child href="ES2007d.B.segments.xml#id(ES2007d.sync.255)"/>
      <nite:child href="ES2007d.D.segments.xml#id(ES2007d.sync.619)..id(ES2007d.sync.621)"/>
      <nite:child href="ES2007d.B.segments.xml#id(ES2007d.sync.257)"/>
      <nite:child href="ES2007d.A.segments.xml#id(ES2007d.sync.50)"/>
   </discussion-fragment>
   <discussion-fragment nite:id="ES2007d.discussions.Erik.2" name="ES2007d - Technology score">
      <nite:child href="ES2007d.D.segments.xml#id(ES2007d.sync.677)"/>
      <nite:child href="ES2007d.B.segments.xml#id(ES2007d.sync.287)"/>
      <nite:child href="ES2007d.C.segments.xml#id(ES2007d.sync.444)"/>
      <nite:child href="ES2007d.A.segments.xml#id(ES2007d.sync.118)"/>
      <nite:child href="ES2007d.C.segments.xml#id(ES2007d.sync.446)"/>
      <nite:child href="ES2007d.A.segments.xml#id(ES2007d.sync.120)"/>
      <nite:child href="ES2007d.D.segments.xml#id(ES2007d.sync.679)..id(ES2007d.sync.681)"/>
      <nite:child href="ES2007d.B.segments.xml#id(ES2007d.sync.289)"/>
      <nite:child href="ES2007d.D.segments.xml#id(ES2007d.sync.683)"/>
      <nite:child href="ES2007d.C.segments.xml#id(ES2007d.sync.448)"/>
      <nite:child href="ES2007d.B.segments.xml#id(ES2007d.sync.291)"/>
      <nite:child href="ES2007d.A.segments.xml#id(ES2007d.sync.122)"/>
      <nite:child href="ES2007d.B.segments.xml#id(ES2007d.sync.293)"/>
      <nite:child href="ES2007d.D.segments.xml#id(ES2007d.sync.685)..id(ES2007d.sync.687)"/>
      <nite:child href="ES2007d.C.segments.xml#id(ES2007d.sync.450)"/>
      <nite:child href="ES2007d.B.segments.xml#id(ES2007d.sync.295)..id(ES2007d.sync.297)"/>
      <nite:child href="ES2007d.C.segments.xml#id(ES2007d.sync.452)"/>
      <nite:child href="ES2007d.D.segments.xml#id(ES2007d.sync.689)"/>
   </discussion-fragment>
   <discussion-fragment nite:id="ES2007d.discussions.Erik.3" name="ES2007d - Remote lost score">
      <nite:child href="ES2007d.D.segments.xml#id(ES2007d.sync.707)"/>
      <nite:child href="ES2007d.B.segments.xml#id(ES2007d.sync.305)"/>
      <nite:child href="ES2007d.A.segments.xml#id(ES2007d.sync.138)"/>
      <nite:child href="ES2007d.B.segments.xml#id(ES2007d.sync.307)"/>
      <nite:child href="ES2007d.C.segments.xml#id(ES2007d.sync.466)"/>
      <nite:child href="ES2007d.A.segments.xml#id(ES2007d.sync.140)"/>
      <nite:child href="ES2007d.B.segments.xml#id(ES2007d.sync.309)"/>
      <nite:child href="ES2007d.D.segments.xml#id(ES2007d.sync.709)"/>
      <nite:child href="ES2007d.C.segments.xml#id(ES2007d.sync.468)"/>
      <nite:child href="ES2007d.B.segments.xml#id(ES2007d.sync.311)"/>
      <nite:child href="ES2007d.C.segments.xml#id(ES2007d.sync.470)"/>
      <nite:child href="ES2007d.B.segments.xml#id(ES2007d.sync.313)"/>
      <nite:child href="ES2007d.D.segments.xml#id(ES2007d.sync.711)"/>
      <nite:child href="ES2007d.C.segments.xml#id(ES2007d.sync.472)"/>
      <nite:child href="ES2007d.A.segments.xml#id(ES2007d.sync.142)"/>
      <nite:child href="ES2007d.D.segments.xml#id(ES2007d.sync.713)"/>
      <nite:child href="ES2007d.C.segments.xml#id(ES2007d.sync.474)"/>
      <nite:child href="ES2007d.A.segments.xml#id(ES2007d.sync.144)..id(ES2007d.sync.148)"/>
      <nite:child href="ES2007d.C.segments.xml#id(ES2007d.sync.476)..id(ES2007d.sync.478)"/>
      <nite:child href="ES2007d.D.segments.xml#id(ES2007d.sync.715)"/>
      <nite:child href="ES2007d.C.segments.xml#id(ES2007d.sync.480)"/>
      <nite:child href="ES2007d.D.segments.xml#id(ES2007d.sync.717)"/>
      <nite:child href="ES2007d.C.segments.xml#id(ES2007d.sync.482)"/>
      <nite:child href="ES2007d.D.segments.xml#id(ES2007d.sync.719)"/>
      <nite:child href="ES2007d.B.segments.xml#id(ES2007d.sync.315)"/>
      <nite:child href="ES2007d.C.segments.xml#id(ES2007d.sync.484)"/>
      <nite:child href="ES2007d.A.segments.xml#id(ES2007d.sync.150)"/>
      <nite:child href="ES2007d.D.segments.xml#id(ES2007d.sync.721)"/>
   </discussion-fragment>
</nite:root>