<?xml version="1.0" encoding="ISO-8859-1" standalone="yes"?>
<nite:root nite:id="ES2013b.discussions" xmlns:nite="http://nite.sourceforge.net/">
   <discussion-fragment nite:id="ES2013b.discussions.Rutger.1" name="Rechargeable Battery?">
      <nite:child href="ES2013b.C.segments.xml#id(ES2013b.sync.498)"/>
      <nite:child href="ES2013b.D.segments.xml#id(ES2013b.sync.673)..id(ES2013b.sync.677)"/>
      <nite:child href="ES2013b.A.segments.xml#id(ES2013b.sync.159)"/>
      <nite:child href="ES2013b.C.segments.xml#id(ES2013b.sync.500)"/>
      <nite:child href="ES2013b.D.segments.xml#id(ES2013b.sync.679)"/>
      <nite:child href="ES2013b.C.segments.xml#id(ES2013b.sync.502)"/>
      <nite:child href="ES2013b.A.segments.xml#id(ES2013b.sync.161)"/>
      <nite:child href="ES2013b.D.segments.xml#id(ES2013b.sync.681)"/>
      <nite:child href="ES2013b.B.segments.xml#id(ES2013b.sync.341)"/>
      <nite:child href="ES2013b.C.segments.xml#id(ES2013b.sync.504)"/>
      <nite:child href="ES2013b.D.segments.xml#id(ES2013b.sync.683)"/>
      <nite:child href="ES2013b.A.segments.xml#id(ES2013b.sync.163)..id(ES2013b.sync.165)"/>
      <nite:child href="ES2013b.B.segments.xml#id(ES2013b.sync.343)"/>
      <nite:child href="ES2013b.A.segments.xml#id(ES2013b.sync.167)"/>
      <nite:child href="ES2013b.C.segments.xml#id(ES2013b.sync.506)"/>
      <nite:child href="ES2013b.A.segments.xml#id(ES2013b.sync.169)"/>
      <nite:child href="ES2013b.D.segments.xml#id(ES2013b.sync.685)"/>
      <nite:child href="ES2013b.B.segments.xml#id(ES2013b.sync.345)"/>
      <nite:child href="ES2013b.A.segments.xml#id(ES2013b.sync.171)"/>
      <nite:child href="ES2013b.B.segments.xml#id(ES2013b.sync.347)"/>
      <nite:child href="ES2013b.D.segments.xml#id(ES2013b.sync.687)"/>
      <nite:child href="ES2013b.A.segments.xml#id(ES2013b.sync.173)"/>
      <nite:child href="ES2013b.B.segments.xml#id(ES2013b.sync.349)"/>
      <nite:child href="ES2013b.C.segments.xml#id(ES2013b.sync.508)"/>
      <nite:child href="ES2013b.D.segments.xml#id(ES2013b.sync.689)..id(ES2013b.sync.691)"/>
      <nite:child href="ES2013b.B.segments.xml#id(ES2013b.sync.351)"/>
      <nite:child href="ES2013b.C.segments.xml#id(ES2013b.sync.510)"/>
      <nite:child href="ES2013b.D.segments.xml#id(ES2013b.sync.693)"/>
      <nite:child href="ES2013b.A.segments.xml#id(ES2013b.sync.175)"/>
      <nite:child href="ES2013b.D.segments.xml#id(ES2013b.sync.695)..id(ES2013b.sync.697)"/>
      <nite:child href="ES2013b.C.segments.xml#id(ES2013b.sync.512)"/>
      <nite:child href="ES2013b.A.segments.xml#id(ES2013b.sync.177)"/>
      <nite:child href="ES2013b.B.segments.xml#id(ES2013b.sync.353)"/>
      <nite:child href="ES2013b.A.segments.xml#id(ES2013b.sync.179)..id(ES2013b.sync.181)"/>
      <nite:child href="ES2013b.D.segments.xml#id(ES2013b.sync.699)"/>
      <nite:child href="ES2013b.C.segments.xml#id(ES2013b.sync.514)"/>
      <nite:child href="ES2013b.D.segments.xml#id(ES2013b.sync.701)"/>
      <nite:child href="ES2013b.A.segments.xml#id(ES2013b.sync.183)"/>
      <nite:child href="ES2013b.C.segments.xml#id(ES2013b.sync.516)"/>
      <nite:child href="ES2013b.A.segments.xml#id(ES2013b.sync.185)"/>
   </discussion-fragment>
</nite:root>