<?xml version="1.0" encoding="ISO-8859-1" standalone="yes"?>
<nite:root nite:id="ES2003a.discussions" xmlns:nite="http://nite.sourceforge.net/">
   <discussion-fragment nite:id="ES2003a.discussions.Erik.2" name="ES2003a - Marktpositie AB">
      <nite:child href="ES2003a.B.segments.xml#id(ES2003a.sync.95)"/>
      <nite:child href="ES2003a.A.segments.xml#id(ES2003a.sync.13)"/>
      <nite:child href="ES2003a.B.segments.xml#id(ES2003a.sync.97)..id(ES2003a.sync.99)"/>
      <nite:child href="ES2003a.A.segments.xml#id(ES2003a.sync.15)"/>
      <nite:child href="ES2003a.C.segments.xml#id(ES2003a.sync.195)"/>
      <nite:child href="ES2003a.A.segments.xml#id(ES2003a.sync.17)"/>
      <nite:child href="ES2003a.B.segments.xml#id(ES2003a.sync.101)"/>
      <nite:child href="ES2003a.A.segments.xml#id(ES2003a.sync.19)"/>
      <nite:child href="ES2003a.B.segments.xml#id(ES2003a.sync.103)"/>
      <nite:child href="ES2003a.C.segments.xml#id(ES2003a.sync.197)"/>
      <nite:child href="ES2003a.B.segments.xml#id(ES2003a.sync.105)"/>
      <nite:child href="ES2003a.C.segments.xml#id(ES2003a.sync.199)"/>
      <nite:child href="ES2003a.A.segments.xml#id(ES2003a.sync.21)"/>
      <nite:child href="ES2003a.B.segments.xml#id(ES2003a.sync.107)"/>
      <nite:child href="ES2003a.C.segments.xml#id(ES2003a.sync.201)"/>
      <nite:child href="ES2003a.B.segments.xml#id(ES2003a.sync.109)..id(ES2003a.sync.111)"/>
      <nite:child href="ES2003a.D.segments.xml#id(ES2003a.sync.263)"/>
      <nite:child href="ES2003a.A.segments.xml#id(ES2003a.sync.23)"/>
      <nite:child href="ES2003a.C.segments.xml#id(ES2003a.sync.203)..id(ES2003a.sync.207)"/>
      <nite:child href="ES2003a.B.segments.xml#id(ES2003a.sync.113)"/>
      <nite:child href="ES2003a.C.segments.xml#id(ES2003a.sync.209)"/>
   </discussion-fragment>
   <discussion-fragment nite:id="ES2003a.discussions.Erik.3" name="ES2003a - User wishes">
      <nite:child href="ES2003a.B.segments.xml#id(ES2003a.sync.119)"/>
      <nite:child href="ES2003a.C.segments.xml#id(ES2003a.sync.215)"/>
      <nite:child href="ES2003a.D.segments.xml#id(ES2003a.sync.267)..id(ES2003a.sync.269)"/>
      <nite:child href="ES2003a.C.segments.xml#id(ES2003a.sync.217)"/>
      <nite:child href="ES2003a.D.segments.xml#id(ES2003a.sync.271)"/>
      <nite:child href="ES2003a.C.segments.xml#id(ES2003a.sync.219)"/>
      <nite:child href="ES2003a.B.segments.xml#id(ES2003a.sync.121)"/>
      <nite:child href="ES2003a.D.segments.xml#id(ES2003a.sync.273)"/>
      <nite:child href="ES2003a.B.segments.xml#id(ES2003a.sync.123)"/>
      <nite:child href="ES2003a.A.segments.xml#id(ES2003a.sync.27)..id(ES2003a.sync.31)"/>
      <nite:child href="ES2003a.B.segments.xml#id(ES2003a.sync.125)..id(ES2003a.sync.127)"/>
      <nite:child href="ES2003a.A.segments.xml#id(ES2003a.sync.33)"/>
      <nite:child href="ES2003a.B.segments.xml#id(ES2003a.sync.129)..id(ES2003a.sync.131)"/>
   </discussion-fragment>
</nite:root>