<?xml version="1.0" encoding="ISO-8859-1" standalone="yes"?>
<nite:root nite:id="ES2005b.discussions" xmlns:nite="http://nite.sourceforge.net/">
   <discussion-fragment nite:id="ES2005b.discussions.Erik.1" name="ES2005b - Lost remote">
      <nite:child href="ES2005b.D.segments.xml#id(ES2005b.sync.1084)"/>
      <nite:child href="ES2005b.A.segments.xml#id(ES2005b.sync.121)"/>
      <nite:child href="ES2005b.C.segments.xml#id(ES2005b.sync.706)"/>
      <nite:child href="ES2005b.A.segments.xml#id(ES2005b.sync.123)..id(ES2005b.sync.125)"/>
      <nite:child href="ES2005b.C.segments.xml#id(ES2005b.sync.708)"/>
      <nite:child href="ES2005b.A.segments.xml#id(ES2005b.sync.127)"/>
      <nite:child href="ES2005b.D.segments.xml#id(ES2005b.sync.1086)..id(ES2005b.sync.1088)"/>
      <nite:child href="ES2005b.A.segments.xml#id(ES2005b.sync.129)"/>
      <nite:child href="ES2005b.C.segments.xml#id(ES2005b.sync.710)..id(ES2005b.sync.712)"/>
      <nite:child href="ES2005b.D.segments.xml#id(ES2005b.sync.1090)"/>
      <nite:child href="ES2005b.A.segments.xml#id(ES2005b.sync.131)..id(ES2005b.sync.133)"/>
      <nite:child href="ES2005b.C.segments.xml#id(ES2005b.sync.714)..id(ES2005b.sync.716)"/>
      <nite:child href="ES2005b.A.segments.xml#id(ES2005b.sync.135)"/>
      <nite:child href="ES2005b.D.segments.xml#id(ES2005b.sync.1092)"/>
      <nite:child href="ES2005b.A.segments.xml#id(ES2005b.sync.137)"/>
      <nite:child href="ES2005b.C.segments.xml#id(ES2005b.sync.718)"/>
      <nite:child href="ES2005b.D.segments.xml#id(ES2005b.sync.1094)"/>
      <nite:child href="ES2005b.C.segments.xml#id(ES2005b.sync.720)"/>
      <nite:child href="ES2005b.A.segments.xml#id(ES2005b.sync.139)"/>
      <nite:child href="ES2005b.D.segments.xml#id(ES2005b.sync.1096)"/>
   </discussion-fragment>
</nite:root>