<?xml version="1.0" encoding="ISO-8859-1" standalone="yes"?>
<nite:root nite:id="ES2016d.discussions" xmlns:nite="http://nite.sourceforge.net/">
   <discussion-fragment nite:id="ES2016d.discussions.Rutger.1" name="Is the prototype ugly?">
      <nite:child href="ES2016d.D.segments.xml#id(ES2016d.sync.809)"/>
      <nite:child href="ES2016d.C.segments.xml#id(ES2016d.sync.587)"/>
      <nite:child href="ES2016d.B.segments.xml#id(ES2016d.sync.348)"/>
      <nite:child href="ES2016d.C.segments.xml#id(ES2016d.sync.589)"/>
      <nite:child href="ES2016d.A.segments.xml#id(ES2016d.sync.47)"/>
      <nite:child href="ES2016d.D.segments.xml#id(ES2016d.sync.811)"/>
      <nite:child href="ES2016d.C.segments.xml#id(ES2016d.sync.591)"/>
      <nite:child href="ES2016d.D.segments.xml#id(ES2016d.sync.813)"/>
      <nite:child href="ES2016d.C.segments.xml#id(ES2016d.sync.593)..id(ES2016d.sync.595)"/>
      <nite:child href="ES2016d.A.segments.xml#id(ES2016d.sync.49)"/>
      <nite:child href="ES2016d.C.segments.xml#id(ES2016d.sync.597)"/>
      <nite:child href="ES2016d.B.segments.xml#id(ES2016d.sync.350)"/>
      <nite:child href="ES2016d.C.segments.xml#id(ES2016d.sync.599)"/>
      <nite:child href="ES2016d.A.segments.xml#id(ES2016d.sync.51)"/>
      <nite:child href="ES2016d.D.segments.xml#id(ES2016d.sync.815)"/>
      <nite:child href="ES2016d.B.segments.xml#id(ES2016d.sync.352)"/>
      <nite:child href="ES2016d.D.segments.xml#id(ES2016d.sync.817)..id(ES2016d.sync.819)"/>
      <nite:child href="ES2016d.C.segments.xml#id(ES2016d.sync.601)"/>
      <nite:child href="ES2016d.B.segments.xml#id(ES2016d.sync.354)"/>
      <nite:child href="ES2016d.A.segments.xml#id(ES2016d.sync.53)"/>
      <nite:child href="ES2016d.D.segments.xml#id(ES2016d.sync.821)"/>
      <nite:child href="ES2016d.A.segments.xml#id(ES2016d.sync.55)"/>
      <nite:child href="ES2016d.D.segments.xml#id(ES2016d.sync.823)"/>
      <nite:child href="ES2016d.A.segments.xml#id(ES2016d.sync.57)"/>
      <nite:child href="ES2016d.C.segments.xml#id(ES2016d.sync.603)..id(ES2016d.sync.605)"/>
      <nite:child href="ES2016d.A.segments.xml#id(ES2016d.sync.59)"/>
      <nite:child href="ES2016d.B.segments.xml#id(ES2016d.sync.356)..id(ES2016d.sync.360)"/>
      <nite:child href="ES2016d.D.segments.xml#id(ES2016d.sync.825)..id(ES2016d.sync.827)"/>
      <nite:child href="ES2016d.B.segments.xml#id(ES2016d.sync.362)"/>
      <nite:child href="ES2016d.A.segments.xml#id(ES2016d.sync.61)"/>
      <nite:child href="ES2016d.C.segments.xml#id(ES2016d.sync.607)"/>
      <nite:child href="ES2016d.B.segments.xml#id(ES2016d.sync.364)"/>
      <nite:child href="ES2016d.D.segments.xml#id(ES2016d.sync.829)"/>
      <nite:child href="ES2016d.A.segments.xml#id(ES2016d.sync.63)"/>
      <nite:child href="ES2016d.D.segments.xml#id(ES2016d.sync.831)"/>
      <nite:child href="ES2016d.A.segments.xml#id(ES2016d.sync.65)"/>
      <nite:child href="ES2016d.B.segments.xml#id(ES2016d.sync.366)"/>
      <nite:child href="ES2016d.A.segments.xml#id(ES2016d.sync.67)"/>
   </discussion-fragment>
   <discussion-fragment nite:id="ES2016d.discussions.Rutger.2" name="Will the remote be easily lost?">
      <nite:child href="ES2016d.D.segments.xml#id(ES2016d.sync.845)"/>
      <nite:child href="ES2016d.B.segments.xml#id(ES2016d.sync.378)"/>
      <nite:child href="ES2016d.C.segments.xml#id(ES2016d.sync.613)"/>
      <nite:child href="ES2016d.D.segments.xml#id(ES2016d.sync.847)"/>
      <nite:child href="ES2016d.A.segments.xml#id(ES2016d.sync.77)"/>
      <nite:child href="ES2016d.B.segments.xml#id(ES2016d.sync.380)"/>
      <nite:child href="ES2016d.A.segments.xml#id(ES2016d.sync.79)"/>
      <nite:child href="ES2016d.C.segments.xml#id(ES2016d.sync.615)"/>
      <nite:child href="ES2016d.B.segments.xml#id(ES2016d.sync.382)..id(ES2016d.sync.386)"/>
      <nite:child href="ES2016d.A.segments.xml#id(ES2016d.sync.81)"/>
      <nite:child href="ES2016d.D.segments.xml#id(ES2016d.sync.849)"/>
      <nite:child href="ES2016d.C.segments.xml#id(ES2016d.sync.617)"/>
      <nite:child href="ES2016d.B.segments.xml#id(ES2016d.sync.388)"/>
      <nite:child href="ES2016d.D.segments.xml#id(ES2016d.sync.851)"/>
      <nite:child href="ES2016d.A.segments.xml#id(ES2016d.sync.83)"/>
      <nite:child href="ES2016d.C.segments.xml#id(ES2016d.sync.619)"/>
      <nite:child href="ES2016d.A.segments.xml#id(ES2016d.sync.85)"/>
      <nite:child href="ES2016d.D.segments.xml#id(ES2016d.sync.853)"/>
      <nite:child href="ES2016d.B.segments.xml#id(ES2016d.sync.390)"/>
      <nite:child href="ES2016d.A.segments.xml#id(ES2016d.sync.87)"/>
      <nite:child href="ES2016d.D.segments.xml#id(ES2016d.sync.855)"/>
      <nite:child href="ES2016d.B.segments.xml#id(ES2016d.sync.392)"/>
      <nite:child href="ES2016d.C.segments.xml#id(ES2016d.sync.621)"/>
      <nite:child href="ES2016d.A.segments.xml#id(ES2016d.sync.89)"/>
      <nite:child href="ES2016d.C.segments.xml#id(ES2016d.sync.623)"/>
      <nite:child href="ES2016d.B.segments.xml#id(ES2016d.sync.394)"/>
      <nite:child href="ES2016d.A.segments.xml#id(ES2016d.sync.91)"/>
      <nite:child href="ES2016d.B.segments.xml#id(ES2016d.sync.396)"/>
      <nite:child href="ES2016d.D.segments.xml#id(ES2016d.sync.857)"/>
      <nite:child href="ES2016d.A.segments.xml#id(ES2016d.sync.93)..id(ES2016d.sync.95)"/>
      <nite:child href="ES2016d.C.segments.xml#id(ES2016d.sync.625)"/>
      <nite:child href="ES2016d.B.segments.xml#id(ES2016d.sync.398)..id(ES2016d.sync.402)"/>
      <nite:child href="ES2016d.C.segments.xml#id(ES2016d.sync.627)"/>
      <nite:child href="ES2016d.B.segments.xml#id(ES2016d.sync.404)"/>
      <nite:child href="ES2016d.A.segments.xml#id(ES2016d.sync.97)"/>
      <nite:child href="ES2016d.B.segments.xml#id(ES2016d.sync.406)"/>
      <nite:child href="ES2016d.C.segments.xml#id(ES2016d.sync.629)"/>
      <nite:child href="ES2016d.D.segments.xml#id(ES2016d.sync.859)"/>
      <nite:child href="ES2016d.B.segments.xml#id(ES2016d.sync.408)"/>
      <nite:child href="ES2016d.A.segments.xml#id(ES2016d.sync.99)"/>
      <nite:child href="ES2016d.B.segments.xml#id(ES2016d.sync.410)"/>
      <nite:child href="ES2016d.C.segments.xml#id(ES2016d.sync.631)"/>
      <nite:child href="ES2016d.A.segments.xml#id(ES2016d.sync.101)"/>
      <nite:child href="ES2016d.C.segments.xml#id(ES2016d.sync.633)..id(ES2016d.sync.635)"/>
      <nite:child href="ES2016d.B.segments.xml#id(ES2016d.sync.412)"/>
      <nite:child href="ES2016d.C.segments.xml#id(ES2016d.sync.637)"/>
      <nite:child href="ES2016d.A.segments.xml#id(ES2016d.sync.103)"/>
      <nite:child href="ES2016d.D.segments.xml#id(ES2016d.sync.861)"/>
      <nite:child href="ES2016d.C.segments.xml#id(ES2016d.sync.639)"/>
      <nite:child href="ES2016d.B.segments.xml#id(ES2016d.sync.414)"/>
      <nite:child href="ES2016d.A.segments.xml#id(ES2016d.sync.105)"/>
      <nite:child href="ES2016d.C.segments.xml#id(ES2016d.sync.641)"/>
      <nite:child href="ES2016d.D.segments.xml#id(ES2016d.sync.863)..id(ES2016d.sync.865)"/>
      <nite:child href="ES2016d.B.segments.xml#id(ES2016d.sync.416)"/>
      <nite:child href="ES2016d.A.segments.xml#id(ES2016d.sync.107)"/>
      <nite:child href="ES2016d.D.segments.xml#id(ES2016d.sync.867)"/>
      <nite:child href="ES2016d.C.segments.xml#id(ES2016d.sync.643)"/>
      <nite:child href="ES2016d.B.segments.xml#id(ES2016d.sync.418)"/>
      <nite:child href="ES2016d.A.segments.xml#id(ES2016d.sync.109)"/>
   </discussion-fragment>
   <discussion-fragment nite:id="ES2016d.discussions.Rutger.3" name="technologically innovative?">
      <nite:child href="ES2016d.D.segments.xml#id(ES2016d.sync.869)"/>
      <nite:child href="ES2016d.B.segments.xml#id(ES2016d.sync.420)"/>
      <nite:child href="ES2016d.C.segments.xml#id(ES2016d.sync.645)"/>
      <nite:child href="ES2016d.B.segments.xml#id(ES2016d.sync.422)..id(ES2016d.sync.424)"/>
      <nite:child href="ES2016d.C.segments.xml#id(ES2016d.sync.647)"/>
      <nite:child href="ES2016d.B.segments.xml#id(ES2016d.sync.426)"/>
      <nite:child href="ES2016d.C.segments.xml#id(ES2016d.sync.649)"/>
      <nite:child href="ES2016d.D.segments.xml#id(ES2016d.sync.871)"/>
      <nite:child href="ES2016d.A.segments.xml#id(ES2016d.sync.111)..id(ES2016d.sync.113)"/>
      <nite:child href="ES2016d.D.segments.xml#id(ES2016d.sync.873)"/>
      <nite:child href="ES2016d.C.segments.xml#id(ES2016d.sync.651)"/>
      <nite:child href="ES2016d.D.segments.xml#id(ES2016d.sync.875)"/>
      <nite:child href="ES2016d.C.segments.xml#id(ES2016d.sync.653)"/>
      <nite:child href="ES2016d.A.segments.xml#id(ES2016d.sync.115)"/>
      <nite:child href="ES2016d.B.segments.xml#id(ES2016d.sync.428)"/>
      <nite:child href="ES2016d.D.segments.xml#id(ES2016d.sync.877)"/>
      <nite:child href="ES2016d.C.segments.xml#id(ES2016d.sync.655)"/>
      <nite:child href="ES2016d.B.segments.xml#id(ES2016d.sync.430)"/>
      <nite:child href="ES2016d.A.segments.xml#id(ES2016d.sync.117)"/>
      <nite:child href="ES2016d.B.segments.xml#id(ES2016d.sync.432)"/>
      <nite:child href="ES2016d.D.segments.xml#id(ES2016d.sync.879)"/>
      <nite:child href="ES2016d.C.segments.xml#id(ES2016d.sync.657)"/>
      <nite:child href="ES2016d.B.segments.xml#id(ES2016d.sync.434)"/>
      <nite:child href="ES2016d.D.segments.xml#id(ES2016d.sync.881)"/>
      <nite:child href="ES2016d.C.segments.xml#id(ES2016d.sync.659)"/>
      <nite:child href="ES2016d.B.segments.xml#id(ES2016d.sync.436)"/>
      <nite:child href="ES2016d.A.segments.xml#id(ES2016d.sync.119)"/>
      <nite:child href="ES2016d.C.segments.xml#id(ES2016d.sync.661)"/>
      <nite:child href="ES2016d.D.segments.xml#id(ES2016d.sync.883)"/>
      <nite:child href="ES2016d.B.segments.xml#id(ES2016d.sync.438)"/>
      <nite:child href="ES2016d.A.segments.xml#id(ES2016d.sync.121)..id(ES2016d.sync.123)"/>
      <nite:child href="ES2016d.B.segments.xml#id(ES2016d.sync.440)..id(ES2016d.sync.442)"/>
      <nite:child href="ES2016d.C.segments.xml#id(ES2016d.sync.663)"/>
      <nite:child href="ES2016d.B.segments.xml#id(ES2016d.sync.444)"/>
      <nite:child href="ES2016d.A.segments.xml#id(ES2016d.sync.125)"/>
      <nite:child href="ES2016d.D.segments.xml#id(ES2016d.sync.885)"/>
      <nite:child href="ES2016d.A.segments.xml#id(ES2016d.sync.127)..id(ES2016d.sync.129)"/>
      <nite:child href="ES2016d.B.segments.xml#id(ES2016d.sync.446)"/>
      <nite:child href="ES2016d.D.segments.xml#id(ES2016d.sync.887)"/>
      <nite:child href="ES2016d.C.segments.xml#id(ES2016d.sync.665)"/>
      <nite:child href="ES2016d.A.segments.xml#id(ES2016d.sync.131)"/>
      <nite:child href="ES2016d.B.segments.xml#id(ES2016d.sync.448)"/>
      <nite:child href="ES2016d.D.segments.xml#id(ES2016d.sync.889)"/>
      <nite:child href="ES2016d.C.segments.xml#id(ES2016d.sync.667)"/>
      <nite:child href="ES2016d.B.segments.xml#id(ES2016d.sync.450)"/>
      <nite:child href="ES2016d.C.segments.xml#id(ES2016d.sync.669)"/>
      <nite:child href="ES2016d.A.segments.xml#id(ES2016d.sync.133)"/>
      <nite:child href="ES2016d.C.segments.xml#id(ES2016d.sync.671)..id(ES2016d.sync.673)"/>
      <nite:child href="ES2016d.B.segments.xml#id(ES2016d.sync.452)"/>
      <nite:child href="ES2016d.D.segments.xml#id(ES2016d.sync.891)"/>
   </discussion-fragment>
</nite:root>