<?xml version="1.0" encoding="ISO-8859-1" standalone="yes"?>
<nite:root nite:id="ES2006b.discussions" xmlns:nite="http://nite.sourceforge.net/">
   <discussion-fragment nite:id="ES2006b.discussions.Erik.1" name="ES2006b - Target audience">
      <nite:child href="ES2006b.A.segments.xml#id(ES2006b.sync.146)"/>
      <nite:child href="ES2006b.B.segments.xml#id(ES2006b.sync.300)"/>
      <nite:child href="ES2006b.C.segments.xml#id(ES2006b.sync.570)"/>
      <nite:child href="ES2006b.B.segments.xml#id(ES2006b.sync.302)"/>
      <nite:child href="ES2006b.A.segments.xml#id(ES2006b.sync.148)..id(ES2006b.sync.150)"/>
      <nite:child href="ES2006b.C.segments.xml#id(ES2006b.sync.572)"/>
      <nite:child href="ES2006b.D.segments.xml#id(ES2006b.sync.821)"/>
      <nite:child href="ES2006b.C.segments.xml#id(ES2006b.sync.574)..id(ES2006b.sync.576)"/>
      <nite:child href="ES2006b.A.segments.xml#id(ES2006b.sync.152)..id(ES2006b.sync.154)"/>
      <nite:child href="ES2006b.B.segments.xml#id(ES2006b.sync.304)"/>
      <nite:child href="ES2006b.A.segments.xml#id(ES2006b.sync.156)"/>
      <nite:child href="ES2006b.C.segments.xml#id(ES2006b.sync.578)"/>
      <nite:child href="ES2006b.D.segments.xml#id(ES2006b.sync.823)"/>
      <nite:child href="ES2006b.A.segments.xml#id(ES2006b.sync.158)"/>
      <nite:child href="ES2006b.B.segments.xml#id(ES2006b.sync.306)"/>
      <nite:child href="ES2006b.C.segments.xml#id(ES2006b.sync.580)"/>
      <nite:child href="ES2006b.B.segments.xml#id(ES2006b.sync.308)"/>
      <nite:child href="ES2006b.C.segments.xml#id(ES2006b.sync.582)..id(ES2006b.sync.584)"/>
      <nite:child href="ES2006b.B.segments.xml#id(ES2006b.sync.310)..id(ES2006b.sync.312)"/>
      <nite:child href="ES2006b.D.segments.xml#id(ES2006b.sync.825)"/>
      <nite:child href="ES2006b.B.segments.xml#id(ES2006b.sync.314)"/>
      <nite:child href="ES2006b.C.segments.xml#id(ES2006b.sync.586)"/>
      <nite:child href="ES2006b.B.segments.xml#id(ES2006b.sync.316)"/>
      <nite:child href="ES2006b.C.segments.xml#id(ES2006b.sync.588)..id(ES2006b.sync.590)"/>
      <nite:child href="ES2006b.A.segments.xml#id(ES2006b.sync.160)"/>
      <nite:child href="ES2006b.C.segments.xml#id(ES2006b.sync.592)"/>
      <nite:child href="ES2006b.B.segments.xml#id(ES2006b.sync.318)"/>
      <nite:child href="ES2006b.C.segments.xml#id(ES2006b.sync.594)"/>
      <nite:child href="ES2006b.A.segments.xml#id(ES2006b.sync.162)"/>
      <nite:child href="ES2006b.C.segments.xml#id(ES2006b.sync.596)"/>
      <nite:child href="ES2006b.A.segments.xml#id(ES2006b.sync.164)"/>
      <nite:child href="ES2006b.C.segments.xml#id(ES2006b.sync.598)"/>
      <nite:child href="ES2006b.B.segments.xml#id(ES2006b.sync.320)"/>
      <nite:child href="ES2006b.C.segments.xml#id(ES2006b.sync.600)"/>
      <nite:child href="ES2006b.D.segments.xml#id(ES2006b.sync.827)"/>
   </discussion-fragment>
   <discussion-fragment nite:id="ES2006b.discussions.Erik.2" name="ES2006b - Voice recognition">
      <nite:child href="ES2006b.C.segments.xml#id(ES2006b.sync.624)"/>
      <nite:child href="ES2006b.A.segments.xml#id(ES2006b.sync.174)"/>
      <nite:child href="ES2006b.D.segments.xml#id(ES2006b.sync.837)"/>
      <nite:child href="ES2006b.A.segments.xml#id(ES2006b.sync.176)"/>
      <nite:child href="ES2006b.C.segments.xml#id(ES2006b.sync.626)"/>
      <nite:child href="ES2006b.B.segments.xml#id(ES2006b.sync.334)"/>
      <nite:child href="ES2006b.C.segments.xml#id(ES2006b.sync.628)"/>
      <nite:child href="ES2006b.A.segments.xml#id(ES2006b.sync.178)"/>
      <nite:child href="ES2006b.D.segments.xml#id(ES2006b.sync.839)..id(ES2006b.sync.841)"/>
      <nite:child href="ES2006b.B.segments.xml#id(ES2006b.sync.336)"/>
      <nite:child href="ES2006b.C.segments.xml#id(ES2006b.sync.630)"/>
      <nite:child href="ES2006b.D.segments.xml#id(ES2006b.sync.843)"/>
      <nite:child href="ES2006b.A.segments.xml#id(ES2006b.sync.180)"/>
      <nite:child href="ES2006b.D.segments.xml#id(ES2006b.sync.845)"/>
      <nite:child href="ES2006b.B.segments.xml#id(ES2006b.sync.338)"/>
      <nite:child href="ES2006b.A.segments.xml#id(ES2006b.sync.182)"/>
      <nite:child href="ES2006b.C.segments.xml#id(ES2006b.sync.632)"/>
      <nite:child href="ES2006b.B.segments.xml#id(ES2006b.sync.340)"/>
      <nite:child href="ES2006b.A.segments.xml#id(ES2006b.sync.184)..id(ES2006b.sync.186)"/>
      <nite:child href="ES2006b.B.segments.xml#id(ES2006b.sync.342)"/>
      <nite:child href="ES2006b.A.segments.xml#id(ES2006b.sync.188)"/>
      <nite:child href="ES2006b.C.segments.xml#id(ES2006b.sync.634)..id(ES2006b.sync.636)"/>
      <nite:child href="ES2006b.A.segments.xml#id(ES2006b.sync.190)"/>
      <nite:child href="ES2006b.C.segments.xml#id(ES2006b.sync.638)"/>
      <nite:child href="ES2006b.A.segments.xml#id(ES2006b.sync.192)..id(ES2006b.sync.196)"/>
      <nite:child href="ES2006b.C.segments.xml#id(ES2006b.sync.640)"/>
      <nite:child href="ES2006b.A.segments.xml#id(ES2006b.sync.198)"/>
      <nite:child href="ES2006b.D.segments.xml#id(ES2006b.sync.847)"/>
   </discussion-fragment>
   <discussion-fragment nite:id="ES2006b.discussions.Erik.3" name="ES2006b - Voice recognition or buttons">
      <nite:child href="ES2006b.D.segments.xml#id(ES2006b.sync.855)"/>
      <nite:child href="ES2006b.C.segments.xml#id(ES2006b.sync.646)"/>
      <nite:child href="ES2006b.A.segments.xml#id(ES2006b.sync.200)..id(ES2006b.sync.202)"/>
      <nite:child href="ES2006b.C.segments.xml#id(ES2006b.sync.648)"/>
      <nite:child href="ES2006b.A.segments.xml#id(ES2006b.sync.204)"/>
      <nite:child href="ES2006b.C.segments.xml#id(ES2006b.sync.650)"/>
      <nite:child href="ES2006b.A.segments.xml#id(ES2006b.sync.206)"/>
      <nite:child href="ES2006b.C.segments.xml#id(ES2006b.sync.652)"/>
      <nite:child href="ES2006b.B.segments.xml#id(ES2006b.sync.346)"/>
      <nite:child href="ES2006b.C.segments.xml#id(ES2006b.sync.654)"/>
      <nite:child href="ES2006b.B.segments.xml#id(ES2006b.sync.348)"/>
      <nite:child href="ES2006b.C.segments.xml#id(ES2006b.sync.656)..id(ES2006b.sync.658)"/>
      <nite:child href="ES2006b.A.segments.xml#id(ES2006b.sync.208)"/>
      <nite:child href="ES2006b.C.segments.xml#id(ES2006b.sync.660)..id(ES2006b.sync.662)"/>
      <nite:child href="ES2006b.B.segments.xml#id(ES2006b.sync.350)"/>
      <nite:child href="ES2006b.A.segments.xml#id(ES2006b.sync.210)..id(ES2006b.sync.214)"/>
      <nite:child href="ES2006b.C.segments.xml#id(ES2006b.sync.664)..id(ES2006b.sync.666)"/>
   </discussion-fragment>
</nite:root>