<?xml version="1.0" encoding="ISO-8859-1" standalone="yes"?>
<nite:root nite:id="ES2003d.discussions" xmlns:nite="http://nite.sourceforge.net/">
   <discussion-fragment nite:id="ES2003d.discussions.Erik.1" name="ES2003d - Lost remote score">
      <nite:child href="ES2003d.C.segments.xml#id(ES2003d.sync.568)"/>
      <nite:child href="ES2003d.A.segments.xml#id(ES2003d.sync.49)"/>
      <nite:child href="ES2003d.C.segments.xml#id(ES2003d.sync.570)"/>
      <nite:child href="ES2003d.B.segments.xml#id(ES2003d.sync.243)"/>
      <nite:child href="ES2003d.C.segments.xml#id(ES2003d.sync.572)..id(ES2003d.sync.576)"/>
      <nite:child href="ES2003d.A.segments.xml#id(ES2003d.sync.51)"/>
      <nite:child href="ES2003d.C.segments.xml#id(ES2003d.sync.578)"/>
      <nite:child href="ES2003d.A.segments.xml#id(ES2003d.sync.53)"/>
      <nite:child href="ES2003d.C.segments.xml#id(ES2003d.sync.580)"/>
      <nite:child href="ES2003d.B.segments.xml#id(ES2003d.sync.245)"/>
      <nite:child href="ES2003d.A.segments.xml#id(ES2003d.sync.55)..id(ES2003d.sync.59)"/>
      <nite:child href="ES2003d.C.segments.xml#id(ES2003d.sync.582)"/>
      <nite:child href="ES2003d.D.segments.xml#id(ES2003d.sync.899)..id(ES2003d.sync.901)"/>
      <nite:child href="ES2003d.A.segments.xml#id(ES2003d.sync.61)"/>
      <nite:child href="ES2003d.C.segments.xml#id(ES2003d.sync.584)"/>
      <nite:child href="ES2003d.D.segments.xml#id(ES2003d.sync.903)"/>
      <nite:child href="ES2003d.A.segments.xml#id(ES2003d.sync.63)"/>
      <nite:child href="ES2003d.D.segments.xml#id(ES2003d.sync.905)"/>
      <nite:child href="ES2003d.C.segments.xml#id(ES2003d.sync.586)"/>
      <nite:child href="ES2003d.A.segments.xml#id(ES2003d.sync.65)"/>
      <nite:child href="ES2003d.B.segments.xml#id(ES2003d.sync.247)"/>
      <nite:child href="ES2003d.C.segments.xml#id(ES2003d.sync.588)"/>
      <nite:child href="ES2003d.D.segments.xml#id(ES2003d.sync.907)"/>
      <nite:child href="ES2003d.C.segments.xml#id(ES2003d.sync.590)"/>
   </discussion-fragment>
   <discussion-fragment nite:id="ES2003d.discussions.Erik.2" name="ES2003d - Remote cost">
      <nite:child href="ES2003d.B.segments.xml#id(ES2003d.sync.265)..id(ES2003d.sync.269)"/>
      <nite:child href="ES2003d.C.segments.xml#id(ES2003d.sync.608)"/>
      <nite:child href="ES2003d.B.segments.xml#id(ES2003d.sync.271)"/>
      <nite:child href="ES2003d.C.segments.xml#id(ES2003d.sync.610)..id(ES2003d.sync.612)"/>
      <nite:child href="ES2003d.B.segments.xml#id(ES2003d.sync.273)"/>
      <nite:child href="ES2003d.A.segments.xml#id(ES2003d.sync.67)"/>
      <nite:child href="ES2003d.B.segments.xml#id(ES2003d.sync.275)"/>
      <nite:child href="ES2003d.C.segments.xml#id(ES2003d.sync.614)"/>
      <nite:child href="ES2003d.B.segments.xml#id(ES2003d.sync.277)"/>
      <nite:child href="ES2003d.A.segments.xml#id(ES2003d.sync.69)"/>
      <nite:child href="ES2003d.C.segments.xml#id(ES2003d.sync.616)"/>
      <nite:child href="ES2003d.B.segments.xml#id(ES2003d.sync.279)"/>
      <nite:child href="ES2003d.C.segments.xml#id(ES2003d.sync.618)..id(ES2003d.sync.620)"/>
      <nite:child href="ES2003d.B.segments.xml#id(ES2003d.sync.281)..id(ES2003d.sync.287)"/>
      <nite:child href="ES2003d.C.segments.xml#id(ES2003d.sync.622)..id(ES2003d.sync.624)"/>
      <nite:child href="ES2003d.B.segments.xml#id(ES2003d.sync.289)"/>
      <nite:child href="ES2003d.D.segments.xml#id(ES2003d.sync.909)"/>
      <nite:child href="ES2003d.C.segments.xml#id(ES2003d.sync.626)"/>
      <nite:child href="ES2003d.A.segments.xml#id(ES2003d.sync.71)"/>
      <nite:child href="ES2003d.B.segments.xml#id(ES2003d.sync.291)"/>
      <nite:child href="ES2003d.C.segments.xml#id(ES2003d.sync.628)..id(ES2003d.sync.630)"/>
      <nite:child href="ES2003d.D.segments.xml#id(ES2003d.sync.911)"/>
      <nite:child href="ES2003d.B.segments.xml#id(ES2003d.sync.293)"/>
      <nite:child href="ES2003d.C.segments.xml#id(ES2003d.sync.632)"/>
      <nite:child href="ES2003d.D.segments.xml#id(ES2003d.sync.913)"/>
      <nite:child href="ES2003d.B.segments.xml#id(ES2003d.sync.295)"/>
      <nite:child href="ES2003d.C.segments.xml#id(ES2003d.sync.634)"/>
      <nite:child href="ES2003d.D.segments.xml#id(ES2003d.sync.915)"/>
      <nite:child href="ES2003d.B.segments.xml#id(ES2003d.sync.297)..id(ES2003d.sync.299)"/>
      <nite:child href="ES2003d.C.segments.xml#id(ES2003d.sync.636)"/>
      <nite:child href="ES2003d.B.segments.xml#id(ES2003d.sync.301)"/>
      <nite:child href="ES2003d.C.segments.xml#id(ES2003d.sync.638)"/>
      <nite:child href="ES2003d.D.segments.xml#id(ES2003d.sync.917)"/>
      <nite:child href="ES2003d.B.segments.xml#id(ES2003d.sync.303)"/>
      <nite:child href="ES2003d.C.segments.xml#id(ES2003d.sync.640)"/>
      <nite:child href="ES2003d.B.segments.xml#id(ES2003d.sync.305)"/>
      <nite:child href="ES2003d.C.segments.xml#id(ES2003d.sync.642)"/>
      <nite:child href="ES2003d.D.segments.xml#id(ES2003d.sync.919)"/>
      <nite:child href="ES2003d.B.segments.xml#id(ES2003d.sync.307)"/>
      <nite:child href="ES2003d.C.segments.xml#id(ES2003d.sync.644)"/>
      <nite:child href="ES2003d.D.segments.xml#id(ES2003d.sync.921)"/>
      <nite:child href="ES2003d.C.segments.xml#id(ES2003d.sync.646)"/>
      <nite:child href="ES2003d.D.segments.xml#id(ES2003d.sync.923)"/>
      <nite:child href="ES2003d.B.segments.xml#id(ES2003d.sync.309)"/>
      <nite:child href="ES2003d.D.segments.xml#id(ES2003d.sync.925)"/>
      <nite:child href="ES2003d.B.segments.xml#id(ES2003d.sync.311)"/>
      <nite:child href="ES2003d.C.segments.xml#id(ES2003d.sync.648)"/>
      <nite:child href="ES2003d.A.segments.xml#id(ES2003d.sync.73)"/>
      <nite:child href="ES2003d.B.segments.xml#id(ES2003d.sync.313)..id(ES2003d.sync.315)"/>
      <nite:child href="ES2003d.D.segments.xml#id(ES2003d.sync.927)..id(ES2003d.sync.929)"/>
      <nite:child href="ES2003d.B.segments.xml#id(ES2003d.sync.317)"/>
      <nite:child href="ES2003d.D.segments.xml#id(ES2003d.sync.931)"/>
      <nite:child href="ES2003d.B.segments.xml#id(ES2003d.sync.319)..id(ES2003d.sync.321)"/>
      <nite:child href="ES2003d.D.segments.xml#id(ES2003d.sync.933)"/>
      <nite:child href="ES2003d.A.segments.xml#id(ES2003d.sync.75)"/>
      <nite:child href="ES2003d.C.segments.xml#id(ES2003d.sync.650)..id(ES2003d.sync.654)"/>
      <nite:child href="ES2003d.B.segments.xml#id(ES2003d.sync.323)..id(ES2003d.sync.325)"/>
      <nite:child href="ES2003d.C.segments.xml#id(ES2003d.sync.656)..id(ES2003d.sync.658)"/>
      <nite:child href="ES2003d.B.segments.xml#id(ES2003d.sync.327)"/>
      <nite:child href="ES2003d.C.segments.xml#id(ES2003d.sync.660)..id(ES2003d.sync.662)"/>
      <nite:child href="ES2003d.B.segments.xml#id(ES2003d.sync.329)..id(ES2003d.sync.331)"/>
      <nite:child href="ES2003d.C.segments.xml#id(ES2003d.sync.664)"/>
      <nite:child href="ES2003d.B.segments.xml#id(ES2003d.sync.333)"/>
      <nite:child href="ES2003d.A.segments.xml#id(ES2003d.sync.77)"/>
      <nite:child href="ES2003d.B.segments.xml#id(ES2003d.sync.335)"/>
      <nite:child href="ES2003d.A.segments.xml#id(ES2003d.sync.79)"/>
      <nite:child href="ES2003d.C.segments.xml#id(ES2003d.sync.666)"/>
      <nite:child href="ES2003d.A.segments.xml#id(ES2003d.sync.81)"/>
      <nite:child href="ES2003d.D.segments.xml#id(ES2003d.sync.935)"/>
      <nite:child href="ES2003d.A.segments.xml#id(ES2003d.sync.83)"/>
      <nite:child href="ES2003d.D.segments.xml#id(ES2003d.sync.937)"/>
      <nite:child href="ES2003d.B.segments.xml#id(ES2003d.sync.337)"/>
      <nite:child href="ES2003d.C.segments.xml#id(ES2003d.sync.668)"/>
      <nite:child href="ES2003d.D.segments.xml#id(ES2003d.sync.939)"/>
      <nite:child href="ES2003d.C.segments.xml#id(ES2003d.sync.670)"/>
      <nite:child href="ES2003d.A.segments.xml#id(ES2003d.sync.85)..id(ES2003d.sync.86)"/>
      <nite:child href="ES2003d.B.segments.xml#id(ES2003d.sync.339)"/>
      <nite:child href="ES2003d.C.segments.xml#id(ES2003d.sync.672)..id(ES2003d.sync.674)"/>
      <nite:child href="ES2003d.B.segments.xml#id(ES2003d.sync.341)"/>
      <nite:child href="ES2003d.A.segments.xml#id(ES2003d.sync.88)"/>
      <nite:child href="ES2003d.C.segments.xml#id(ES2003d.sync.676)"/>
      <nite:child href="ES2003d.B.segments.xml#id(ES2003d.sync.343)"/>
      <nite:child href="ES2003d.C.segments.xml#id(ES2003d.sync.678)..id(ES2003d.sync.682)"/>
      <nite:child href="ES2003d.B.segments.xml#id(ES2003d.sync.345)"/>
      <nite:child href="ES2003d.A.segments.xml#id(ES2003d.sync.90)"/>
      <nite:child href="ES2003d.D.segments.xml#id(ES2003d.sync.941)"/>
      <nite:child href="ES2003d.C.segments.xml#id(ES2003d.sync.684)..id(ES2003d.sync.686)"/>
      <nite:child href="ES2003d.A.segments.xml#id(ES2003d.sync.92)"/>
      <nite:child href="ES2003d.C.segments.xml#id(ES2003d.sync.688)"/>
      <nite:child href="ES2003d.A.segments.xml#id(ES2003d.sync.94)..id(ES2003d.sync.96)"/>
      <nite:child href="ES2003d.B.segments.xml#id(ES2003d.sync.347)"/>
      <nite:child href="ES2003d.C.segments.xml#id(ES2003d.sync.690)"/>
      <nite:child href="ES2003d.B.segments.xml#id(ES2003d.sync.349)"/>
      <nite:child href="ES2003d.C.segments.xml#id(ES2003d.sync.692)"/>
      <nite:child href="ES2003d.B.segments.xml#id(ES2003d.sync.351)..id(ES2003d.sync.353)"/>
      <nite:child href="ES2003d.C.segments.xml#id(ES2003d.sync.694)"/>
      <nite:child href="ES2003d.B.segments.xml#id(ES2003d.sync.355)"/>
      <nite:child href="ES2003d.D.segments.xml#id(ES2003d.sync.943)"/>
      <nite:child href="ES2003d.C.segments.xml#id(ES2003d.sync.696)..id(ES2003d.sync.698)"/>
      <nite:child href="ES2003d.B.segments.xml#id(ES2003d.sync.357)"/>
      <nite:child href="ES2003d.A.segments.xml#id(ES2003d.sync.98)"/>
      <nite:child href="ES2003d.D.segments.xml#id(ES2003d.sync.945)"/>
      <nite:child href="ES2003d.B.segments.xml#id(ES2003d.sync.359)..id(ES2003d.sync.363)"/>
      <nite:child href="ES2003d.A.segments.xml#id(ES2003d.sync.100)"/>
      <nite:child href="ES2003d.D.segments.xml#id(ES2003d.sync.947)"/>
      <nite:child href="ES2003d.B.segments.xml#id(ES2003d.sync.365)"/>
      <nite:child href="ES2003d.D.segments.xml#id(ES2003d.sync.949)"/>
      <nite:child href="ES2003d.C.segments.xml#id(ES2003d.sync.700)"/>
      <nite:child href="ES2003d.B.segments.xml#id(ES2003d.sync.367)"/>
      <nite:child href="ES2003d.C.segments.xml#id(ES2003d.sync.702)"/>
   </discussion-fragment>
   <discussion-fragment nite:id="ES2003d.discussions.Erik.3" name="ES2003d - Innovation score">
      <nite:child href="ES2003d.C.segments.xml#id(ES2003d.sync.742)"/>
      <nite:child href="ES2003d.B.segments.xml#id(ES2003d.sync.407)"/>
      <nite:child href="ES2003d.A.segments.xml#id(ES2003d.sync.124)"/>
      <nite:child href="ES2003d.D.segments.xml#id(ES2003d.sync.967)"/>
      <nite:child href="ES2003d.C.segments.xml#id(ES2003d.sync.744)..id(ES2003d.sync.748)"/>
      <nite:child href="ES2003d.B.segments.xml#id(ES2003d.sync.409)"/>
      <nite:child href="ES2003d.A.segments.xml#id(ES2003d.sync.126)"/>
      <nite:child href="ES2003d.C.segments.xml#id(ES2003d.sync.750)"/>
      <nite:child href="ES2003d.A.segments.xml#id(ES2003d.sync.128)"/>
      <nite:child href="ES2003d.B.segments.xml#id(ES2003d.sync.411)"/>
      <nite:child href="ES2003d.C.segments.xml#id(ES2003d.sync.752)..id(ES2003d.sync.754)"/>
   </discussion-fragment>
   <discussion-fragment nite:id="ES2003d.discussions.Erik.4" name="ES2003d - Fashion score">
      <nite:child href="ES2003d.C.segments.xml#id(ES2003d.sync.764)"/>
      <nite:child href="ES2003d.B.segments.xml#id(ES2003d.sync.419)..id(ES2003d.sync.423)"/>
      <nite:child href="ES2003d.D.segments.xml#id(ES2003d.sync.975)"/>
      <nite:child href="ES2003d.A.segments.xml#id(ES2003d.sync.134)"/>
      <nite:child href="ES2003d.C.segments.xml#id(ES2003d.sync.766)..id(ES2003d.sync.770)"/>
      <nite:child href="ES2003d.D.segments.xml#id(ES2003d.sync.977)"/>
      <nite:child href="ES2003d.C.segments.xml#id(ES2003d.sync.772)"/>
      <nite:child href="ES2003d.B.segments.xml#id(ES2003d.sync.425)"/>
      <nite:child href="ES2003d.D.segments.xml#id(ES2003d.sync.979)"/>
      <nite:child href="ES2003d.C.segments.xml#id(ES2003d.sync.774)"/>
      <nite:child href="ES2003d.D.segments.xml#id(ES2003d.sync.981)"/>
      <nite:child href="ES2003d.C.segments.xml#id(ES2003d.sync.776)..id(ES2003d.sync.780)"/>
      <nite:child href="ES2003d.B.segments.xml#id(ES2003d.sync.427)..id(ES2003d.sync.431)"/>
      <nite:child href="ES2003d.A.segments.xml#id(ES2003d.sync.136)..id(ES2003d.sync.138)"/>
      <nite:child href="ES2003d.C.segments.xml#id(ES2003d.sync.782)"/>
      <nite:child href="ES2003d.A.segments.xml#id(ES2003d.sync.140)..id(ES2003d.sync.142)"/>
      <nite:child href="ES2003d.C.segments.xml#id(ES2003d.sync.784)"/>
      <nite:child href="ES2003d.D.segments.xml#id(ES2003d.sync.983)"/>
      <nite:child href="ES2003d.B.segments.xml#id(ES2003d.sync.433)"/>
      <nite:child href="ES2003d.A.segments.xml#id(ES2003d.sync.144)"/>
      <nite:child href="ES2003d.D.segments.xml#id(ES2003d.sync.985)"/>
      <nite:child href="ES2003d.C.segments.xml#id(ES2003d.sync.786)"/>
      <nite:child href="ES2003d.B.segments.xml#id(ES2003d.sync.435)"/>
      <nite:child href="ES2003d.A.segments.xml#id(ES2003d.sync.146)"/>
      <nite:child href="ES2003d.B.segments.xml#id(ES2003d.sync.437)"/>
      <nite:child href="ES2003d.C.segments.xml#id(ES2003d.sync.788)..id(ES2003d.sync.790)"/>
      <nite:child href="ES2003d.D.segments.xml#id(ES2003d.sync.987)"/>
      <nite:child href="ES2003d.C.segments.xml#id(ES2003d.sync.792)..id(ES2003d.sync.798)"/>
      <nite:child href="ES2003d.B.segments.xml#id(ES2003d.sync.439)"/>
      <nite:child href="ES2003d.C.segments.xml#id(ES2003d.sync.800)"/>
      <nite:child href="ES2003d.B.segments.xml#id(ES2003d.sync.441)..id(ES2003d.sync.443)"/>
      <nite:child href="ES2003d.C.segments.xml#id(ES2003d.sync.802)"/>
      <nite:child href="ES2003d.B.segments.xml#id(ES2003d.sync.445)"/>
      <nite:child href="ES2003d.C.segments.xml#id(ES2003d.sync.804)"/>
      <nite:child href="ES2003d.B.segments.xml#id(ES2003d.sync.447)"/>
      <nite:child href="ES2003d.D.segments.xml#id(ES2003d.sync.989)"/>
      <nite:child href="ES2003d.C.segments.xml#id(ES2003d.sync.806)..id(ES2003d.sync.808)"/>
   </discussion-fragment>
</nite:root>