<?xml version="1.0" encoding="ISO-8859-1" standalone="yes"?>
<nite:root nite:id="IS1005c.discussions" xmlns:nite="http://nite.sourceforge.net/">
   <discussion-fragment nite:id="IS1005c.discussions.Rutger.1" name="solar energy">
      <nite:child href="IS1005c.B.segments.xml#id(IS1005c.sync.351)"/>
      <nite:child href="IS1005c.A.segments.xml#id(IS1005c.sync.108)"/>
      <nite:child href="IS1005c.B.segments.xml#id(IS1005c.sync.353)"/>
      <nite:child href="IS1005c.C.segments.xml#id(IS1005c.sync.541)"/>
      <nite:child href="IS1005c.A.segments.xml#id(IS1005c.sync.110)"/>
      <nite:child href="IS1005c.B.segments.xml#id(IS1005c.sync.355)..id(IS1005c.sync.357)"/>
      <nite:child href="IS1005c.A.segments.xml#id(IS1005c.sync.112)"/>
      <nite:child href="IS1005c.B.segments.xml#id(IS1005c.sync.359)"/>
      <nite:child href="IS1005c.A.segments.xml#id(IS1005c.sync.114)"/>
      <nite:child href="IS1005c.D.segments.xml#id(IS1005c.sync.724)"/>
      <nite:child href="IS1005c.B.segments.xml#id(IS1005c.sync.361)..id(IS1005c.sync.363)"/>
      <nite:child href="IS1005c.D.segments.xml#id(IS1005c.sync.726)..id(IS1005c.sync.728)"/>
      <nite:child href="IS1005c.A.segments.xml#id(IS1005c.sync.116)"/>
      <nite:child href="IS1005c.B.segments.xml#id(IS1005c.sync.365)"/>
      <nite:child href="IS1005c.C.segments.xml#id(IS1005c.sync.543)"/>
      <nite:child href="IS1005c.D.segments.xml#id(IS1005c.sync.730)"/>
      <nite:child href="IS1005c.A.segments.xml#id(IS1005c.sync.118)"/>
      <nite:child href="IS1005c.C.segments.xml#id(IS1005c.sync.545)"/>
      <nite:child href="IS1005c.A.segments.xml#id(IS1005c.sync.120)"/>
      <nite:child href="IS1005c.B.segments.xml#id(IS1005c.sync.367)"/>
      <nite:child href="IS1005c.C.segments.xml#id(IS1005c.sync.547)"/>
      <nite:child href="IS1005c.D.segments.xml#id(IS1005c.sync.732)"/>
      <nite:child href="IS1005c.A.segments.xml#id(IS1005c.sync.122)"/>
      <nite:child href="IS1005c.B.segments.xml#id(IS1005c.sync.369)"/>
      <nite:child href="IS1005c.D.segments.xml#id(IS1005c.sync.734)"/>
      <nite:child href="IS1005c.A.segments.xml#id(IS1005c.sync.124)"/>
      <nite:child href="IS1005c.B.segments.xml#id(IS1005c.sync.371)"/>
      <nite:child href="IS1005c.D.segments.xml#id(IS1005c.sync.736)"/>
      <nite:child href="IS1005c.C.segments.xml#id(IS1005c.sync.549)"/>
      <nite:child href="IS1005c.A.segments.xml#id(IS1005c.sync.126)"/>
      <nite:child href="IS1005c.D.segments.xml#id(IS1005c.sync.738)"/>
      <nite:child href="IS1005c.C.segments.xml#id(IS1005c.sync.551)"/>
   </discussion-fragment>
   <discussion-fragment nite:id="IS1005c.discussions.Rutger.2" name="Remote size">
      <nite:child href="IS1005c.A.segments.xml#id(IS1005c.sync.128)"/>
      <nite:child href="IS1005c.B.segments.xml#id(IS1005c.sync.373)..id(IS1005c.sync.377)"/>
      <nite:child href="IS1005c.C.segments.xml#id(IS1005c.sync.553)..id(IS1005c.sync.555)"/>
      <nite:child href="IS1005c.B.segments.xml#id(IS1005c.sync.379)..id(IS1005c.sync.381)"/>
      <nite:child href="IS1005c.D.segments.xml#id(IS1005c.sync.740)"/>
      <nite:child href="IS1005c.B.segments.xml#id(IS1005c.sync.383)"/>
      <nite:child href="IS1005c.C.segments.xml#id(IS1005c.sync.557)"/>
      <nite:child href="IS1005c.D.segments.xml#id(IS1005c.sync.742)"/>
      <nite:child href="IS1005c.B.segments.xml#id(IS1005c.sync.385)"/>
      <nite:child href="IS1005c.D.segments.xml#id(IS1005c.sync.744)"/>
      <nite:child href="IS1005c.B.segments.xml#id(IS1005c.sync.387)"/>
      <nite:child href="IS1005c.D.segments.xml#id(IS1005c.sync.746)"/>
      <nite:child href="IS1005c.C.segments.xml#id(IS1005c.sync.559)"/>
      <nite:child href="IS1005c.A.segments.xml#id(IS1005c.sync.130)..id(IS1005c.sync.132)"/>
      <nite:child href="IS1005c.C.segments.xml#id(IS1005c.sync.561)"/>
      <nite:child href="IS1005c.B.segments.xml#id(IS1005c.sync.389)"/>
      <nite:child href="IS1005c.A.segments.xml#id(IS1005c.sync.134)"/>
      <nite:child href="IS1005c.C.segments.xml#id(IS1005c.sync.563)"/>
      <nite:child href="IS1005c.B.segments.xml#id(IS1005c.sync.391)"/>
      <nite:child href="IS1005c.A.segments.xml#id(IS1005c.sync.136)..id(IS1005c.sync.140)"/>
      <nite:child href="IS1005c.D.segments.xml#id(IS1005c.sync.748)"/>
      <nite:child href="IS1005c.C.segments.xml#id(IS1005c.sync.565)"/>
      <nite:child href="IS1005c.A.segments.xml#id(IS1005c.sync.142)..id(IS1005c.sync.144)"/>
      <nite:child href="IS1005c.C.segments.xml#id(IS1005c.sync.567)"/>
      <nite:child href="IS1005c.B.segments.xml#id(IS1005c.sync.393)"/>
      <nite:child href="IS1005c.A.segments.xml#id(IS1005c.sync.146)"/>
      <nite:child href="IS1005c.D.segments.xml#id(IS1005c.sync.750)"/>
      <nite:child href="IS1005c.B.segments.xml#id(IS1005c.sync.395)..id(IS1005c.sync.397)"/>
      <nite:child href="IS1005c.C.segments.xml#id(IS1005c.sync.569)"/>
      <nite:child href="IS1005c.A.segments.xml#id(IS1005c.sync.148)"/>
      <nite:child href="IS1005c.C.segments.xml#id(IS1005c.sync.571)"/>
      <nite:child href="IS1005c.A.segments.xml#id(IS1005c.sync.150)"/>
   </discussion-fragment>
</nite:root>