<?xml version="1.0" encoding="ISO-8859-1" standalone="yes"?>
<nite:root nite:id="IS1008b.discussions" xmlns:nite="http://nite.sourceforge.net/">
   <discussion-fragment nite:id="IS1008b.discussions.Daan.1" name="Additional features">
      <nite:child href="IS1008b.B.segments.xml#id(IS1008b.sync.254)"/>
      <nite:child href="IS1008b.A.segments.xml#id(IS1008b.sync.54)..id(IS1008b.sync.55)"/>
      <nite:child href="IS1008b.B.segments.xml#id(IS1008b.sync.256)"/>
      <nite:child href="IS1008b.A.segments.xml#id(IS1008b.sync.57)"/>
      <nite:child href="IS1008b.C.segments.xml#id(IS1008b.sync.364)"/>
      <nite:child href="IS1008b.B.segments.xml#id(IS1008b.sync.258)"/>
      <nite:child href="IS1008b.A.segments.xml#id(IS1008b.sync.58)..id(IS1008b.sync.60)"/>
      <nite:child href="IS1008b.B.segments.xml#id(IS1008b.sync.260)"/>
      <nite:child href="IS1008b.A.segments.xml#id(IS1008b.sync.62)..id(IS1008b.sync.64)"/>
      <nite:child href="IS1008b.B.segments.xml#id(IS1008b.sync.262)"/>
      <nite:child href="IS1008b.A.segments.xml#id(IS1008b.sync.66)"/>
      <nite:child href="IS1008b.C.segments.xml#id(IS1008b.sync.366)..id(IS1008b.sync.367)"/>
      <nite:child href="IS1008b.B.segments.xml#id(IS1008b.sync.264)..id(IS1008b.sync.266)"/>
      <nite:child href="IS1008b.D.segments.xml#id(IS1008b.sync.493)"/>
      <nite:child href="IS1008b.C.segments.xml#id(IS1008b.sync.368)"/>
      <nite:child href="IS1008b.B.segments.xml#id(IS1008b.sync.268)"/>
      <nite:child href="IS1008b.C.segments.xml#id(IS1008b.sync.370)..id(IS1008b.sync.372)"/>
      <nite:child href="IS1008b.B.segments.xml#id(IS1008b.sync.270)"/>
      <nite:child href="IS1008b.C.segments.xml#id(IS1008b.sync.374)"/>
      <nite:child href="IS1008b.D.segments.xml#id(IS1008b.sync.495)"/>
      <nite:child href="IS1008b.B.segments.xml#id(IS1008b.sync.272)"/>
      <nite:child href="IS1008b.C.segments.xml#id(IS1008b.sync.376)"/>
      <nite:child href="IS1008b.D.segments.xml#id(IS1008b.sync.497)"/>
      <nite:child href="IS1008b.A.segments.xml#id(IS1008b.sync.68)..id(IS1008b.sync.72)"/>
      <nite:child href="IS1008b.B.segments.xml#id(IS1008b.sync.274)"/>
      <nite:child href="IS1008b.A.segments.xml#id(IS1008b.sync.74)"/>
      <nite:child href="IS1008b.C.segments.xml#id(IS1008b.sync.378)"/>
      <nite:child href="IS1008b.D.segments.xml#id(IS1008b.sync.499)"/>
   </discussion-fragment>
   <discussion-fragment nite:id="IS1008b.discussions.Daan.2" name="Speech Recognition Problems">
      <nite:child href="IS1008b.A.segments.xml#id(IS1008b.sync.140)"/>
      <nite:child href="IS1008b.D.segments.xml#id(IS1008b.sync.534)"/>
      <nite:child href="IS1008b.B.segments.xml#id(IS1008b.sync.290)..id(IS1008b.sync.292)"/>
      <nite:child href="IS1008b.A.segments.xml#id(IS1008b.sync.142)"/>
      <nite:child href="IS1008b.B.segments.xml#id(IS1008b.sync.293)..id(IS1008b.sync.299)"/>
      <nite:child href="IS1008b.C.segments.xml#id(IS1008b.sync.388)..id(IS1008b.sync.391)"/>
      <nite:child href="IS1008b.B.segments.xml#id(IS1008b.sync.301)"/>
      <nite:child href="IS1008b.C.segments.xml#id(IS1008b.sync.392)..id(IS1008b.sync.393)"/>
      <nite:child href="IS1008b.D.segments.xml#id(IS1008b.sync.536)"/>
      <nite:child href="IS1008b.C.segments.xml#id(IS1008b.sync.395)"/>
      <nite:child href="IS1008b.B.segments.xml#id(IS1008b.sync.303)"/>
   </discussion-fragment>
   <discussion-fragment nite:id="IS1008b.discussions.Daan.3" name="Choosing features to include">
      <nite:child href="IS1008b.C.segments.xml#id(IS1008b.sync.463)"/>
      <nite:child href="IS1008b.A.segments.xml#id(IS1008b.sync.201)"/>
      <nite:child href="IS1008b.C.segments.xml#id(IS1008b.sync.465)"/>
      <nite:child href="IS1008b.D.segments.xml#id(IS1008b.sync.569)"/>
      <nite:child href="IS1008b.B.segments.xml#id(IS1008b.sync.323)"/>
      <nite:child href="IS1008b.C.segments.xml#id(IS1008b.sync.467)"/>
      <nite:child href="IS1008b.B.segments.xml#id(IS1008b.sync.325)"/>
      <nite:child href="IS1008b.A.segments.xml#id(IS1008b.sync.203)"/>
      <nite:child href="IS1008b.D.segments.xml#id(IS1008b.sync.571)"/>
      <nite:child href="IS1008b.B.segments.xml#id(IS1008b.sync.327)"/>
      <nite:child href="IS1008b.A.segments.xml#id(IS1008b.sync.205)"/>
      <nite:child href="IS1008b.B.segments.xml#id(IS1008b.sync.328)"/>
      <nite:child href="IS1008b.C.segments.xml#id(IS1008b.sync.469)"/>
      <nite:child href="IS1008b.B.segments.xml#id(IS1008b.sync.329)..id(IS1008b.sync.330)"/>
      <nite:child href="IS1008b.C.segments.xml#id(IS1008b.sync.471)"/>
      <nite:child href="IS1008b.A.segments.xml#id(IS1008b.sync.207)"/>
      <nite:child href="IS1008b.B.segments.xml#id(IS1008b.sync.332)"/>
      <nite:child href="IS1008b.C.segments.xml#id(IS1008b.sync.473)"/>
      <nite:child href="IS1008b.D.segments.xml#id(IS1008b.sync.573)"/>
      <nite:child href="IS1008b.C.segments.xml#id(IS1008b.sync.475)"/>
      <nite:child href="IS1008b.A.segments.xml#id(IS1008b.sync.209)"/>
      <nite:child href="IS1008b.C.segments.xml#id(IS1008b.sync.476)"/>
      <nite:child href="IS1008b.D.segments.xml#id(IS1008b.sync.575)"/>
   </discussion-fragment>
</nite:root>