<?xml version="1.0" encoding="ISO-8859-1" standalone="yes"?>
<nite:root nite:id="IS1005b.discussions" xmlns:nite="http://nite.sourceforge.net/">
   <discussion-fragment nite:id="IS1005b.discussions.Rutger.1" name="Power button">
      <nite:child href="IS1005b.B.segments.xml#id(IS1005b.sync.437)"/>
      <nite:child href="IS1005b.D.segments.xml#id(IS1005b.sync.791)"/>
      <nite:child href="IS1005b.A.segments.xml#id(IS1005b.sync.231)"/>
      <nite:child href="IS1005b.C.segments.xml#id(IS1005b.sync.610)..id(IS1005b.sync.612)"/>
      <nite:child href="IS1005b.D.segments.xml#id(IS1005b.sync.793)"/>
      <nite:child href="IS1005b.A.segments.xml#id(IS1005b.sync.233)"/>
      <nite:child href="IS1005b.B.segments.xml#id(IS1005b.sync.439)..id(IS1005b.sync.441)"/>
      <nite:child href="IS1005b.D.segments.xml#id(IS1005b.sync.795)"/>
      <nite:child href="IS1005b.B.segments.xml#id(IS1005b.sync.443)..id(IS1005b.sync.445)"/>
      <nite:child href="IS1005b.C.segments.xml#id(IS1005b.sync.614)"/>
      <nite:child href="IS1005b.B.segments.xml#id(IS1005b.sync.447)"/>
      <nite:child href="IS1005b.A.segments.xml#id(IS1005b.sync.235)"/>
      <nite:child href="IS1005b.C.segments.xml#id(IS1005b.sync.616)"/>
      <nite:child href="IS1005b.D.segments.xml#id(IS1005b.sync.797)..id(IS1005b.sync.799)"/>
      <nite:child href="IS1005b.C.segments.xml#id(IS1005b.sync.618)"/>
      <nite:child href="IS1005b.A.segments.xml#id(IS1005b.sync.237)"/>
      <nite:child href="IS1005b.C.segments.xml#id(IS1005b.sync.620)"/>
      <nite:child href="IS1005b.B.segments.xml#id(IS1005b.sync.449)"/>
      <nite:child href="IS1005b.D.segments.xml#id(IS1005b.sync.801)"/>
      <nite:child href="IS1005b.A.segments.xml#id(IS1005b.sync.239)..id(IS1005b.sync.241)"/>
      <nite:child href="IS1005b.D.segments.xml#id(IS1005b.sync.803)"/>
      <nite:child href="IS1005b.B.segments.xml#id(IS1005b.sync.451)"/>
      <nite:child href="IS1005b.D.segments.xml#id(IS1005b.sync.805)..id(IS1005b.sync.807)"/>
      <nite:child href="IS1005b.B.segments.xml#id(IS1005b.sync.453)"/>
      <nite:child href="IS1005b.D.segments.xml#id(IS1005b.sync.809)"/>
      <nite:child href="IS1005b.C.segments.xml#id(IS1005b.sync.622)"/>
      <nite:child href="IS1005b.A.segments.xml#id(IS1005b.sync.243)..id(IS1005b.sync.245)"/>
      <nite:child href="IS1005b.B.segments.xml#id(IS1005b.sync.455)"/>
      <nite:child href="IS1005b.C.segments.xml#id(IS1005b.sync.624)"/>
      <nite:child href="IS1005b.D.segments.xml#id(IS1005b.sync.811)"/>
      <nite:child href="IS1005b.A.segments.xml#id(IS1005b.sync.247)"/>
      <nite:child href="IS1005b.D.segments.xml#id(IS1005b.sync.813)"/>
      <nite:child href="IS1005b.A.segments.xml#id(IS1005b.sync.249)"/>
      <nite:child href="IS1005b.B.segments.xml#id(IS1005b.sync.457)..id(IS1005b.sync.459)"/>
      <nite:child href="IS1005b.C.segments.xml#id(IS1005b.sync.626)"/>
      <nite:child href="IS1005b.B.segments.xml#id(IS1005b.sync.461)"/>
      <nite:child href="IS1005b.A.segments.xml#id(IS1005b.sync.251)"/>
      <nite:child href="IS1005b.B.segments.xml#id(IS1005b.sync.463)"/>
      <nite:child href="IS1005b.D.segments.xml#id(IS1005b.sync.815)"/>
      <nite:child href="IS1005b.C.segments.xml#id(IS1005b.sync.628)"/>
      <nite:child href="IS1005b.D.segments.xml#id(IS1005b.sync.817)"/>
      <nite:child href="IS1005b.A.segments.xml#id(IS1005b.sync.253)"/>
      <nite:child href="IS1005b.B.segments.xml#id(IS1005b.sync.465)"/>
      <nite:child href="IS1005b.C.segments.xml#id(IS1005b.sync.630)"/>
      <nite:child href="IS1005b.D.segments.xml#id(IS1005b.sync.819)"/>
      <nite:child href="IS1005b.C.segments.xml#id(IS1005b.sync.632)"/>
      <nite:child href="IS1005b.B.segments.xml#id(IS1005b.sync.467)"/>
      <nite:child href="IS1005b.D.segments.xml#id(IS1005b.sync.821)"/>
      <nite:child href="IS1005b.A.segments.xml#id(IS1005b.sync.255)"/>
      <nite:child href="IS1005b.C.segments.xml#id(IS1005b.sync.634)"/>
      <nite:child href="IS1005b.D.segments.xml#id(IS1005b.sync.823)"/>
      <nite:child href="IS1005b.C.segments.xml#id(IS1005b.sync.636)"/>
      <nite:child href="IS1005b.A.segments.xml#id(IS1005b.sync.257)"/>
      <nite:child href="IS1005b.B.segments.xml#id(IS1005b.sync.469)"/>
      <nite:child href="IS1005b.D.segments.xml#id(IS1005b.sync.825)"/>
   </discussion-fragment>
   <discussion-fragment nite:id="IS1005b.discussions.Rutger.2" name="Time button">
      <nite:child href="IS1005b.D.segments.xml#id(IS1005b.sync.831)"/>
      <nite:child href="IS1005b.A.segments.xml#id(IS1005b.sync.263)"/>
      <nite:child href="IS1005b.C.segments.xml#id(IS1005b.sync.640)"/>
      <nite:child href="IS1005b.B.segments.xml#id(IS1005b.sync.479)..id(IS1005b.sync.481)"/>
      <nite:child href="IS1005b.A.segments.xml#id(IS1005b.sync.265)"/>
      <nite:child href="IS1005b.B.segments.xml#id(IS1005b.sync.483)"/>
      <nite:child href="IS1005b.C.segments.xml#id(IS1005b.sync.642)"/>
      <nite:child href="IS1005b.A.segments.xml#id(IS1005b.sync.267)..id(IS1005b.sync.269)"/>
      <nite:child href="IS1005b.C.segments.xml#id(IS1005b.sync.644)"/>
      <nite:child href="IS1005b.A.segments.xml#id(IS1005b.sync.271)"/>
      <nite:child href="IS1005b.D.segments.xml#id(IS1005b.sync.833)"/>
      <nite:child href="IS1005b.C.segments.xml#id(IS1005b.sync.646)"/>
      <nite:child href="IS1005b.A.segments.xml#id(IS1005b.sync.273)"/>
      <nite:child href="IS1005b.D.segments.xml#id(IS1005b.sync.835)"/>
      <nite:child href="IS1005b.B.segments.xml#id(IS1005b.sync.485)"/>
      <nite:child href="IS1005b.D.segments.xml#id(IS1005b.sync.837)"/>
      <nite:child href="IS1005b.B.segments.xml#id(IS1005b.sync.487)"/>
      <nite:child href="IS1005b.C.segments.xml#id(IS1005b.sync.648)"/>
      <nite:child href="IS1005b.A.segments.xml#id(IS1005b.sync.275)"/>
      <nite:child href="IS1005b.C.segments.xml#id(IS1005b.sync.650)"/>
      <nite:child href="IS1005b.D.segments.xml#id(IS1005b.sync.839)"/>
      <nite:child href="IS1005b.B.segments.xml#id(IS1005b.sync.489)"/>
      <nite:child href="IS1005b.C.segments.xml#id(IS1005b.sync.652)"/>
      <nite:child href="IS1005b.B.segments.xml#id(IS1005b.sync.491)"/>
      <nite:child href="IS1005b.D.segments.xml#id(IS1005b.sync.841)"/>
      <nite:child href="IS1005b.A.segments.xml#id(IS1005b.sync.277)"/>
      <nite:child href="IS1005b.D.segments.xml#id(IS1005b.sync.843)"/>
      <nite:child href="IS1005b.A.segments.xml#id(IS1005b.sync.279)"/>
      <nite:child href="IS1005b.B.segments.xml#id(IS1005b.sync.493)"/>
   </discussion-fragment>
</nite:root>