<?xml version="1.0" encoding="ISO-8859-1" standalone="yes"?>
<nite:root nite:id="IS1001a.discussions" xmlns:nite="http://nite.sourceforge.net/">
   <discussion-fragment nite:id="IS1001a.discussions.Rutger.1" name="Waterproof">
      <nite:child href="IS1001a.A.segments.xml#id(IS1001a.sync.124)"/>
      <nite:child href="IS1001a.C.segments.xml#id(IS1001a.sync.411)"/>
      <nite:child href="IS1001a.B.segments.xml#id(IS1001a.sync.321)"/>
      <nite:child href="IS1001a.C.segments.xml#id(IS1001a.sync.413)"/>
      <nite:child href="IS1001a.D.segments.xml#id(IS1001a.sync.485)"/>
      <nite:child href="IS1001a.B.segments.xml#id(IS1001a.sync.323)"/>
      <nite:child href="IS1001a.A.segments.xml#id(IS1001a.sync.126)"/>
      <nite:child href="IS1001a.D.segments.xml#id(IS1001a.sync.487)"/>
      <nite:child href="IS1001a.C.segments.xml#id(IS1001a.sync.415)"/>
      <nite:child href="IS1001a.A.segments.xml#id(IS1001a.sync.128)"/>
      <nite:child href="IS1001a.B.segments.xml#id(IS1001a.sync.325)"/>
      <nite:child href="IS1001a.A.segments.xml#id(IS1001a.sync.130)"/>
      <nite:child href="IS1001a.B.segments.xml#id(IS1001a.sync.327)"/>
      <nite:child href="IS1001a.A.segments.xml#id(IS1001a.sync.132)"/>
      <nite:child href="IS1001a.B.segments.xml#id(IS1001a.sync.329)"/>
      <nite:child href="IS1001a.A.segments.xml#id(IS1001a.sync.134)..id(IS1001a.sync.138)"/>
      <nite:child href="IS1001a.C.segments.xml#id(IS1001a.sync.417)..id(IS1001a.sync.419)"/>
      <nite:child href="IS1001a.B.segments.xml#id(IS1001a.sync.331)"/>
      <nite:child href="IS1001a.A.segments.xml#id(IS1001a.sync.140)"/>
      <nite:child href="IS1001a.C.segments.xml#id(IS1001a.sync.421)"/>
      <nite:child href="IS1001a.A.segments.xml#id(IS1001a.sync.142)..id(IS1001a.sync.144)"/>
      <nite:child href="IS1001a.B.segments.xml#id(IS1001a.sync.333)"/>
   </discussion-fragment>
</nite:root>