<?xml version="1.0" encoding="ISO-8859-1" standalone="yes"?>
<nite:root nite:id="IS1000c.discussions" xmlns:nite="http://nite.sourceforge.net/">
   <discussion-fragment nite:id="IS1000c.discussions.Rutger.1" name="Programmable keys">
      <nite:child href="IS1000c.D.segments.xml#id(IS1000c.sync.812)"/>
      <nite:child href="IS1000c.A.segments.xml#id(IS1000c.sync.139)"/>
      <nite:child href="IS1000c.C.segments.xml#id(IS1000c.sync.573)"/>
      <nite:child href="IS1000c.D.segments.xml#id(IS1000c.sync.814)"/>
      <nite:child href="IS1000c.A.segments.xml#id(IS1000c.sync.141)"/>
      <nite:child href="IS1000c.C.segments.xml#id(IS1000c.sync.575)"/>
      <nite:child href="IS1000c.D.segments.xml#id(IS1000c.sync.816)"/>
      <nite:child href="IS1000c.A.segments.xml#id(IS1000c.sync.143)..id(IS1000c.sync.145)"/>
      <nite:child href="IS1000c.D.segments.xml#id(IS1000c.sync.818)"/>
      <nite:child href="IS1000c.A.segments.xml#id(IS1000c.sync.147)..id(IS1000c.sync.149)"/>
      <nite:child href="IS1000c.D.segments.xml#id(IS1000c.sync.820)"/>
      <nite:child href="IS1000c.A.segments.xml#id(IS1000c.sync.151)"/>
      <nite:child href="IS1000c.D.segments.xml#id(IS1000c.sync.822)..id(IS1000c.sync.824)"/>
      <nite:child href="IS1000c.B.segments.xml#id(IS1000c.sync.384)"/>
      <nite:child href="IS1000c.C.segments.xml#id(IS1000c.sync.577)"/>
      <nite:child href="IS1000c.D.segments.xml#id(IS1000c.sync.826)"/>
      <nite:child href="IS1000c.C.segments.xml#id(IS1000c.sync.579)"/>
      <nite:child href="IS1000c.A.segments.xml#id(IS1000c.sync.153)"/>
   </discussion-fragment>
</nite:root>