<?xml version="1.0" encoding="ISO-8859-1" standalone="yes"?>
<nite:root nite:id="IS1001c.discussions" xmlns:nite="http://nite.sourceforge.net/">
   <discussion-fragment nite:id="IS1001c.discussions.Rutger.1" name="The purpose of the light">
      <nite:child href="IS1001c.C.segments.xml#id(IS1001c.sync.506)"/>
      <nite:child href="IS1001c.B.segments.xml#id(IS1001c.sync.354)"/>
      <nite:child href="IS1001c.C.segments.xml#id(IS1001c.sync.508)"/>
      <nite:child href="IS1001c.A.segments.xml#id(IS1001c.sync.62)"/>
      <nite:child href="IS1001c.C.segments.xml#id(IS1001c.sync.510)..id(IS1001c.sync.514)"/>
      <nite:child href="IS1001c.A.segments.xml#id(IS1001c.sync.64)"/>
      <nite:child href="IS1001c.C.segments.xml#id(IS1001c.sync.516)"/>
      <nite:child href="IS1001c.A.segments.xml#id(IS1001c.sync.66)"/>
      <nite:child href="IS1001c.C.segments.xml#id(IS1001c.sync.518)"/>
      <nite:child href="IS1001c.A.segments.xml#id(IS1001c.sync.68)..id(IS1001c.sync.70)"/>
      <nite:child href="IS1001c.B.segments.xml#id(IS1001c.sync.356)"/>
      <nite:child href="IS1001c.C.segments.xml#id(IS1001c.sync.520)"/>
      <nite:child href="IS1001c.B.segments.xml#id(IS1001c.sync.358)"/>
      <nite:child href="IS1001c.C.segments.xml#id(IS1001c.sync.522)"/>
      <nite:child href="IS1001c.B.segments.xml#id(IS1001c.sync.360)"/>
      <nite:child href="IS1001c.C.segments.xml#id(IS1001c.sync.524)..id(IS1001c.sync.526)"/>
      <nite:child href="IS1001c.B.segments.xml#id(IS1001c.sync.362)"/>
      <nite:child href="IS1001c.C.segments.xml#id(IS1001c.sync.528)..id(IS1001c.sync.536)"/>
      <nite:child href="IS1001c.B.segments.xml#id(IS1001c.sync.364)"/>
      <nite:child href="IS1001c.C.segments.xml#id(IS1001c.sync.538)..id(IS1001c.sync.540)"/>
      <nite:child href="IS1001c.A.segments.xml#id(IS1001c.sync.72)..id(IS1001c.sync.74)"/>
      <nite:child href="IS1001c.B.segments.xml#id(IS1001c.sync.366)..id(IS1001c.sync.368)"/>
      <nite:child href="IS1001c.C.segments.xml#id(IS1001c.sync.542)"/>
      <nite:child href="IS1001c.A.segments.xml#id(IS1001c.sync.76)"/>
      <nite:child href="IS1001c.B.segments.xml#id(IS1001c.sync.370)"/>
   </discussion-fragment>
   <discussion-fragment nite:id="IS1001c.discussions.Rutger.2" name="Fruit for your remote">
      <nite:child href="IS1001c.A.segments.xml#id(IS1001c.sync.202)"/>
      <nite:child href="IS1001c.D.segments.xml#id(IS1001c.sync.762)"/>
      <nite:child href="IS1001c.C.segments.xml#id(IS1001c.sync.622)"/>
      <nite:child href="IS1001c.A.segments.xml#id(IS1001c.sync.204)"/>
      <nite:child href="IS1001c.B.segments.xml#id(IS1001c.sync.416)"/>
      <nite:child href="IS1001c.A.segments.xml#id(IS1001c.sync.206)"/>
      <nite:child href="IS1001c.B.segments.xml#id(IS1001c.sync.418)..id(IS1001c.sync.420)"/>
      <nite:child href="IS1001c.D.segments.xml#id(IS1001c.sync.764)..id(IS1001c.sync.766)"/>
      <nite:child href="IS1001c.C.segments.xml#id(IS1001c.sync.624)"/>
      <nite:child href="IS1001c.B.segments.xml#id(IS1001c.sync.422)"/>
      <nite:child href="IS1001c.C.segments.xml#id(IS1001c.sync.626)..id(IS1001c.sync.630)"/>
      <nite:child href="IS1001c.D.segments.xml#id(IS1001c.sync.768)"/>
      <nite:child href="IS1001c.A.segments.xml#id(IS1001c.sync.208)"/>
      <nite:child href="IS1001c.C.segments.xml#id(IS1001c.sync.632)"/>
      <nite:child href="IS1001c.A.segments.xml#id(IS1001c.sync.210)"/>
      <nite:child href="IS1001c.B.segments.xml#id(IS1001c.sync.424)"/>
      <nite:child href="IS1001c.A.segments.xml#id(IS1001c.sync.212)"/>
      <nite:child href="IS1001c.C.segments.xml#id(IS1001c.sync.634)"/>
      <nite:child href="IS1001c.B.segments.xml#id(IS1001c.sync.426)"/>
      <nite:child href="IS1001c.D.segments.xml#id(IS1001c.sync.770)"/>
      <nite:child href="IS1001c.C.segments.xml#id(IS1001c.sync.636)"/>
      <nite:child href="IS1001c.D.segments.xml#id(IS1001c.sync.772)"/>
      <nite:child href="IS1001c.B.segments.xml#id(IS1001c.sync.428)"/>
      <nite:child href="IS1001c.A.segments.xml#id(IS1001c.sync.214)..id(IS1001c.sync.216)"/>
   </discussion-fragment>
   <discussion-fragment nite:id="IS1001c.discussions.Rutger.3" name="Where to put the buttons">
      <nite:child href="IS1001c.B.segments.xml#id(IS1001c.sync.452)"/>
      <nite:child href="IS1001c.C.segments.xml#id(IS1001c.sync.654)"/>
      <nite:child href="IS1001c.B.segments.xml#id(IS1001c.sync.454)"/>
      <nite:child href="IS1001c.C.segments.xml#id(IS1001c.sync.656)"/>
      <nite:child href="IS1001c.A.segments.xml#id(IS1001c.sync.242)"/>
      <nite:child href="IS1001c.C.segments.xml#id(IS1001c.sync.658)"/>
      <nite:child href="IS1001c.B.segments.xml#id(IS1001c.sync.456)"/>
      <nite:child href="IS1001c.A.segments.xml#id(IS1001c.sync.244)..id(IS1001c.sync.246)"/>
      <nite:child href="IS1001c.C.segments.xml#id(IS1001c.sync.660)"/>
      <nite:child href="IS1001c.A.segments.xml#id(IS1001c.sync.248)"/>
      <nite:child href="IS1001c.B.segments.xml#id(IS1001c.sync.458)"/>
      <nite:child href="IS1001c.C.segments.xml#id(IS1001c.sync.662)..id(IS1001c.sync.664)"/>
      <nite:child href="IS1001c.A.segments.xml#id(IS1001c.sync.250)..id(IS1001c.sync.252)"/>
      <nite:child href="IS1001c.C.segments.xml#id(IS1001c.sync.666)"/>
      <nite:child href="IS1001c.A.segments.xml#id(IS1001c.sync.254)"/>
      <nite:child href="IS1001c.C.segments.xml#id(IS1001c.sync.668)"/>
      <nite:child href="IS1001c.A.segments.xml#id(IS1001c.sync.256)"/>
      <nite:child href="IS1001c.C.segments.xml#id(IS1001c.sync.670)..id(IS1001c.sync.676)"/>
      <nite:child href="IS1001c.A.segments.xml#id(IS1001c.sync.258)..id(IS1001c.sync.264)"/>
      <nite:child href="IS1001c.C.segments.xml#id(IS1001c.sync.678)"/>
      <nite:child href="IS1001c.A.segments.xml#id(IS1001c.sync.266)"/>
      <nite:child href="IS1001c.C.segments.xml#id(IS1001c.sync.680)..id(IS1001c.sync.682)"/>
      <nite:child href="IS1001c.A.segments.xml#id(IS1001c.sync.268)..id(IS1001c.sync.272)"/>
      <nite:child href="IS1001c.B.segments.xml#id(IS1001c.sync.460)"/>
      <nite:child href="IS1001c.C.segments.xml#id(IS1001c.sync.684)"/>
   </discussion-fragment>
</nite:root>