<?xml version="1.0" encoding="ISO-8859-1" standalone="yes"?>
<nite:root nite:id="IS1001b.discussions" xmlns:nite="http://nite.sourceforge.net/">
   <discussion-fragment nite:id="IS1001b.discussions.Rutger.1" name="Simple remote">
      <nite:child href="IS1001b.C.segments.xml#id(IS1001b.sync.847)"/>
      <nite:child href="IS1001b.D.segments.xml#id(IS1001b.sync.1056)"/>
      <nite:child href="IS1001b.C.segments.xml#id(IS1001b.sync.849)"/>
      <nite:child href="IS1001b.D.segments.xml#id(IS1001b.sync.1058)"/>
      <nite:child href="IS1001b.C.segments.xml#id(IS1001b.sync.851)"/>
      <nite:child href="IS1001b.D.segments.xml#id(IS1001b.sync.1060)"/>
      <nite:child href="IS1001b.C.segments.xml#id(IS1001b.sync.853)..id(IS1001b.sync.855)"/>
      <nite:child href="IS1001b.A.segments.xml#id(IS1001b.sync.275)"/>
      <nite:child href="IS1001b.D.segments.xml#id(IS1001b.sync.1062)"/>
      <nite:child href="IS1001b.C.segments.xml#id(IS1001b.sync.857)"/>
      <nite:child href="IS1001b.B.segments.xml#id(IS1001b.sync.587)"/>
      <nite:child href="IS1001b.C.segments.xml#id(IS1001b.sync.859)"/>
      <nite:child href="IS1001b.A.segments.xml#id(IS1001b.sync.277)"/>
      <nite:child href="IS1001b.C.segments.xml#id(IS1001b.sync.861)"/>
      <nite:child href="IS1001b.A.segments.xml#id(IS1001b.sync.279)"/>
      <nite:child href="IS1001b.C.segments.xml#id(IS1001b.sync.863)"/>
      <nite:child href="IS1001b.A.segments.xml#id(IS1001b.sync.281)"/>
      <nite:child href="IS1001b.C.segments.xml#id(IS1001b.sync.865)"/>
      <nite:child href="IS1001b.B.segments.xml#id(IS1001b.sync.589)"/>
      <nite:child href="IS1001b.D.segments.xml#id(IS1001b.sync.1064)"/>
      <nite:child href="IS1001b.C.segments.xml#id(IS1001b.sync.867)"/>
      <nite:child href="IS1001b.A.segments.xml#id(IS1001b.sync.283)..id(IS1001b.sync.285)"/>
      <nite:child href="IS1001b.C.segments.xml#id(IS1001b.sync.869)"/>
      <nite:child href="IS1001b.D.segments.xml#id(IS1001b.sync.1066)"/>
      <nite:child href="IS1001b.C.segments.xml#id(IS1001b.sync.871)..id(IS1001b.sync.873)"/>
      <nite:child href="IS1001b.B.segments.xml#id(IS1001b.sync.591)"/>
      <nite:child href="IS1001b.D.segments.xml#id(IS1001b.sync.1068)"/>
      <nite:child href="IS1001b.B.segments.xml#id(IS1001b.sync.593)"/>
      <nite:child href="IS1001b.C.segments.xml#id(IS1001b.sync.875)..id(IS1001b.sync.877)"/>
      <nite:child href="IS1001b.B.segments.xml#id(IS1001b.sync.595)"/>
      <nite:child href="IS1001b.C.segments.xml#id(IS1001b.sync.879)"/>
      <nite:child href="IS1001b.A.segments.xml#id(IS1001b.sync.287)"/>
      <nite:child href="IS1001b.D.segments.xml#id(IS1001b.sync.1070)"/>
      <nite:child href="IS1001b.B.segments.xml#id(IS1001b.sync.597)..id(IS1001b.sync.599)"/>
      <nite:child href="IS1001b.A.segments.xml#id(IS1001b.sync.289)..id(IS1001b.sync.293)"/>
      <nite:child href="IS1001b.B.segments.xml#id(IS1001b.sync.601)"/>
      <nite:child href="IS1001b.A.segments.xml#id(IS1001b.sync.295)..id(IS1001b.sync.297)"/>
      <nite:child href="IS1001b.D.segments.xml#id(IS1001b.sync.1072)"/>
      <nite:child href="IS1001b.B.segments.xml#id(IS1001b.sync.603)"/>
      <nite:child href="IS1001b.A.segments.xml#id(IS1001b.sync.299)"/>
      <nite:child href="IS1001b.B.segments.xml#id(IS1001b.sync.605)"/>
      <nite:child href="IS1001b.A.segments.xml#id(IS1001b.sync.301)"/>
      <nite:child href="IS1001b.B.segments.xml#id(IS1001b.sync.607)"/>
      <nite:child href="IS1001b.A.segments.xml#id(IS1001b.sync.303)..id(IS1001b.sync.305)"/>
      <nite:child href="IS1001b.B.segments.xml#id(IS1001b.sync.609)"/>
      <nite:child href="IS1001b.A.segments.xml#id(IS1001b.sync.307)"/>
      <nite:child href="IS1001b.B.segments.xml#id(IS1001b.sync.611)..id(IS1001b.sync.615)"/>
      <nite:child href="IS1001b.A.segments.xml#id(IS1001b.sync.309)"/>
   </discussion-fragment>
   <discussion-fragment nite:id="IS1001b.discussions.Rutger.2" name="Which buttons?">
      <nite:child href="IS1001b.A.segments.xml#id(IS1001b.sync.321)"/>
      <nite:child href="IS1001b.B.segments.xml#id(IS1001b.sync.621)"/>
      <nite:child href="IS1001b.D.segments.xml#id(IS1001b.sync.1076)"/>
      <nite:child href="IS1001b.A.segments.xml#id(IS1001b.sync.323)..id(IS1001b.sync.329)"/>
      <nite:child href="IS1001b.D.segments.xml#id(IS1001b.sync.1078)"/>
      <nite:child href="IS1001b.C.segments.xml#id(IS1001b.sync.881)"/>
      <nite:child href="IS1001b.D.segments.xml#id(IS1001b.sync.1080)"/>
      <nite:child href="IS1001b.B.segments.xml#id(IS1001b.sync.623)"/>
      <nite:child href="IS1001b.A.segments.xml#id(IS1001b.sync.331)..id(IS1001b.sync.337)"/>
      <nite:child href="IS1001b.B.segments.xml#id(IS1001b.sync.625)"/>
      <nite:child href="IS1001b.A.segments.xml#id(IS1001b.sync.339)"/>
      <nite:child href="IS1001b.B.segments.xml#id(IS1001b.sync.627)"/>
      <nite:child href="IS1001b.A.segments.xml#id(IS1001b.sync.341)"/>
      <nite:child href="IS1001b.B.segments.xml#id(IS1001b.sync.629)"/>
      <nite:child href="IS1001b.C.segments.xml#id(IS1001b.sync.883)"/>
      <nite:child href="IS1001b.A.segments.xml#id(IS1001b.sync.343)..id(IS1001b.sync.345)"/>
      <nite:child href="IS1001b.D.segments.xml#id(IS1001b.sync.1082)"/>
      <nite:child href="IS1001b.C.segments.xml#id(IS1001b.sync.885)"/>
      <nite:child href="IS1001b.A.segments.xml#id(IS1001b.sync.347)"/>
      <nite:child href="IS1001b.C.segments.xml#id(IS1001b.sync.887)"/>
      <nite:child href="IS1001b.D.segments.xml#id(IS1001b.sync.1084)"/>
      <nite:child href="IS1001b.A.segments.xml#id(IS1001b.sync.349)"/>
      <nite:child href="IS1001b.B.segments.xml#id(IS1001b.sync.631)"/>
      <nite:child href="IS1001b.C.segments.xml#id(IS1001b.sync.889)"/>
      <nite:child href="IS1001b.B.segments.xml#id(IS1001b.sync.633)"/>
      <nite:child href="IS1001b.A.segments.xml#id(IS1001b.sync.351)"/>
      <nite:child href="IS1001b.C.segments.xml#id(IS1001b.sync.891)..id(IS1001b.sync.895)"/>
      <nite:child href="IS1001b.B.segments.xml#id(IS1001b.sync.635)"/>
      <nite:child href="IS1001b.A.segments.xml#id(IS1001b.sync.353)"/>
      <nite:child href="IS1001b.B.segments.xml#id(IS1001b.sync.637)"/>
      <nite:child href="IS1001b.A.segments.xml#id(IS1001b.sync.355)"/>
      <nite:child href="IS1001b.C.segments.xml#id(IS1001b.sync.897)"/>
      <nite:child href="IS1001b.B.segments.xml#id(IS1001b.sync.639)"/>
      <nite:child href="IS1001b.C.segments.xml#id(IS1001b.sync.899)"/>
      <nite:child href="IS1001b.A.segments.xml#id(IS1001b.sync.357)"/>
      <nite:child href="IS1001b.C.segments.xml#id(IS1001b.sync.901)"/>
      <nite:child href="IS1001b.A.segments.xml#id(IS1001b.sync.359)"/>
      <nite:child href="IS1001b.B.segments.xml#id(IS1001b.sync.641)"/>
      <nite:child href="IS1001b.D.segments.xml#id(IS1001b.sync.1086)"/>
      <nite:child href="IS1001b.C.segments.xml#id(IS1001b.sync.903)"/>
      <nite:child href="IS1001b.B.segments.xml#id(IS1001b.sync.643)..id(IS1001b.sync.645)"/>
      <nite:child href="IS1001b.A.segments.xml#id(IS1001b.sync.361)"/>
      <nite:child href="IS1001b.B.segments.xml#id(IS1001b.sync.647)"/>
      <nite:child href="IS1001b.A.segments.xml#id(IS1001b.sync.363)"/>
      <nite:child href="IS1001b.C.segments.xml#id(IS1001b.sync.905)"/>
      <nite:child href="IS1001b.A.segments.xml#id(IS1001b.sync.365)..id(IS1001b.sync.367)"/>
      <nite:child href="IS1001b.B.segments.xml#id(IS1001b.sync.649)..id(IS1001b.sync.651)"/>
      <nite:child href="IS1001b.A.segments.xml#id(IS1001b.sync.369)..id(IS1001b.sync.371)"/>
      <nite:child href="IS1001b.C.segments.xml#id(IS1001b.sync.907)"/>
      <nite:child href="IS1001b.B.segments.xml#id(IS1001b.sync.653)"/>
      <nite:child href="IS1001b.C.segments.xml#id(IS1001b.sync.909)"/>
      <nite:child href="IS1001b.B.segments.xml#id(IS1001b.sync.655)"/>
      <nite:child href="IS1001b.A.segments.xml#id(IS1001b.sync.373)"/>
      <nite:child href="IS1001b.C.segments.xml#id(IS1001b.sync.911)"/>
      <nite:child href="IS1001b.B.segments.xml#id(IS1001b.sync.657)"/>
      <nite:child href="IS1001b.D.segments.xml#id(IS1001b.sync.1088)"/>
      <nite:child href="IS1001b.B.segments.xml#id(IS1001b.sync.659)"/>
      <nite:child href="IS1001b.A.segments.xml#id(IS1001b.sync.375)"/>
      <nite:child href="IS1001b.B.segments.xml#id(IS1001b.sync.661)"/>
      <nite:child href="IS1001b.C.segments.xml#id(IS1001b.sync.913)"/>
      <nite:child href="IS1001b.A.segments.xml#id(IS1001b.sync.377)"/>
      <nite:child href="IS1001b.C.segments.xml#id(IS1001b.sync.915)"/>
      <nite:child href="IS1001b.A.segments.xml#id(IS1001b.sync.379)"/>
      <nite:child href="IS1001b.B.segments.xml#id(IS1001b.sync.663)..id(IS1001b.sync.665)"/>
      <nite:child href="IS1001b.C.segments.xml#id(IS1001b.sync.917)"/>
      <nite:child href="IS1001b.B.segments.xml#id(IS1001b.sync.667)"/>
      <nite:child href="IS1001b.A.segments.xml#id(IS1001b.sync.381)"/>
      <nite:child href="IS1001b.B.segments.xml#id(IS1001b.sync.669)"/>
      <nite:child href="IS1001b.A.segments.xml#id(IS1001b.sync.383)"/>
      <nite:child href="IS1001b.C.segments.xml#id(IS1001b.sync.919)"/>
      <nite:child href="IS1001b.A.segments.xml#id(IS1001b.sync.385)"/>
      <nite:child href="IS1001b.B.segments.xml#id(IS1001b.sync.671)..id(IS1001b.sync.673)"/>
      <nite:child href="IS1001b.C.segments.xml#id(IS1001b.sync.921)"/>
      <nite:child href="IS1001b.B.segments.xml#id(IS1001b.sync.675)"/>
      <nite:child href="IS1001b.C.segments.xml#id(IS1001b.sync.923)..id(IS1001b.sync.925)"/>
      <nite:child href="IS1001b.A.segments.xml#id(IS1001b.sync.387)"/>
      <nite:child href="IS1001b.B.segments.xml#id(IS1001b.sync.677)"/>
   </discussion-fragment>
</nite:root>