<?xml version="1.0" encoding="ISO-8859-1" standalone="yes"?>
<nite:root nite:id="IS1007c.discussions" xmlns:nite="http://nite.sourceforge.net/">
   <discussion-fragment nite:id="IS1007c.discussions.Daan.1" name="Buttons &amp; Help">
      <nite:child href="IS1007c.B.segments.xml#id(IS1007c.sync.317)"/>
      <nite:child href="IS1007c.A.segments.xml#id(IS1007c.sync.44)"/>
      <nite:child href="IS1007c.C.segments.xml#id(IS1007c.sync.624)"/>
      <nite:child href="IS1007c.B.segments.xml#id(IS1007c.sync.319)..id(IS1007c.sync.321)"/>
      <nite:child href="IS1007c.C.segments.xml#id(IS1007c.sync.626)..id(IS1007c.sync.630)"/>
      <nite:child href="IS1007c.B.segments.xml#id(IS1007c.sync.323)"/>
      <nite:child href="IS1007c.A.segments.xml#id(IS1007c.sync.46)"/>
      <nite:child href="IS1007c.B.segments.xml#id(IS1007c.sync.325)..id(IS1007c.sync.333)"/>
      <nite:child href="IS1007c.A.segments.xml#id(IS1007c.sync.48)"/>
      <nite:child href="IS1007c.C.segments.xml#id(IS1007c.sync.632)"/>
      <nite:child href="IS1007c.D.segments.xml#id(IS1007c.sync.800)"/>
      <nite:child href="IS1007c.B.segments.xml#id(IS1007c.sync.335)"/>
      <nite:child href="IS1007c.C.segments.xml#id(IS1007c.sync.634)"/>
      <nite:child href="IS1007c.A.segments.xml#id(IS1007c.sync.50)"/>
      <nite:child href="IS1007c.C.segments.xml#id(IS1007c.sync.636)"/>
      <nite:child href="IS1007c.A.segments.xml#id(IS1007c.sync.52)"/>
      <nite:child href="IS1007c.B.segments.xml#id(IS1007c.sync.337)..id(IS1007c.sync.339)"/>
      <nite:child href="IS1007c.D.segments.xml#id(IS1007c.sync.802)"/>
      <nite:child href="IS1007c.A.segments.xml#id(IS1007c.sync.54)"/>
      <nite:child href="IS1007c.D.segments.xml#id(IS1007c.sync.804)"/>
      <nite:child href="IS1007c.A.segments.xml#id(IS1007c.sync.56)..id(IS1007c.sync.58)"/>
      <nite:child href="IS1007c.C.segments.xml#id(IS1007c.sync.638)..id(IS1007c.sync.640)"/>
      <nite:child href="IS1007c.B.segments.xml#id(IS1007c.sync.341)"/>
      <nite:child href="IS1007c.A.segments.xml#id(IS1007c.sync.60)"/>
   </discussion-fragment>
   <discussion-fragment nite:id="IS1007c.discussions.Daan.2" name="LCD or Big screen">
      <nite:child href="IS1007c.D.segments.xml#id(IS1007c.sync.828)"/>
      <nite:child href="IS1007c.B.segments.xml#id(IS1007c.sync.363)"/>
      <nite:child href="IS1007c.C.segments.xml#id(IS1007c.sync.652)"/>
      <nite:child href="IS1007c.D.segments.xml#id(IS1007c.sync.830)"/>
      <nite:child href="IS1007c.C.segments.xml#id(IS1007c.sync.654)"/>
      <nite:child href="IS1007c.B.segments.xml#id(IS1007c.sync.365)"/>
      <nite:child href="IS1007c.C.segments.xml#id(IS1007c.sync.656)"/>
      <nite:child href="IS1007c.B.segments.xml#id(IS1007c.sync.367)"/>
      <nite:child href="IS1007c.C.segments.xml#id(IS1007c.sync.658)"/>
      <nite:child href="IS1007c.D.segments.xml#id(IS1007c.sync.832)"/>
      <nite:child href="IS1007c.B.segments.xml#id(IS1007c.sync.369)"/>
      <nite:child href="IS1007c.D.segments.xml#id(IS1007c.sync.834)"/>
      <nite:child href="IS1007c.C.segments.xml#id(IS1007c.sync.660)"/>
      <nite:child href="IS1007c.B.segments.xml#id(IS1007c.sync.371)"/>
      <nite:child href="IS1007c.C.segments.xml#id(IS1007c.sync.662)"/>
      <nite:child href="IS1007c.B.segments.xml#id(IS1007c.sync.373)"/>
      <nite:child href="IS1007c.C.segments.xml#id(IS1007c.sync.664)"/>
      <nite:child href="IS1007c.B.segments.xml#id(IS1007c.sync.375)"/>
      <nite:child href="IS1007c.D.segments.xml#id(IS1007c.sync.836)"/>
      <nite:child href="IS1007c.A.segments.xml#id(IS1007c.sync.78)"/>
      <nite:child href="IS1007c.B.segments.xml#id(IS1007c.sync.377)"/>
      <nite:child href="IS1007c.A.segments.xml#id(IS1007c.sync.80)"/>
      <nite:child href="IS1007c.D.segments.xml#id(IS1007c.sync.838)"/>
      <nite:child href="IS1007c.C.segments.xml#id(IS1007c.sync.666)"/>
      <nite:child href="IS1007c.D.segments.xml#id(IS1007c.sync.840)"/>
      <nite:child href="IS1007c.B.segments.xml#id(IS1007c.sync.379)"/>
      <nite:child href="IS1007c.C.segments.xml#id(IS1007c.sync.668)"/>
      <nite:child href="IS1007c.B.segments.xml#id(IS1007c.sync.381)"/>
      <nite:child href="IS1007c.C.segments.xml#id(IS1007c.sync.670)"/>
      <nite:child href="IS1007c.D.segments.xml#id(IS1007c.sync.842)"/>
      <nite:child href="IS1007c.B.segments.xml#id(IS1007c.sync.383)"/>
      <nite:child href="IS1007c.D.segments.xml#id(IS1007c.sync.844)"/>
      <nite:child href="IS1007c.C.segments.xml#id(IS1007c.sync.672)"/>
      <nite:child href="IS1007c.B.segments.xml#id(IS1007c.sync.385)..id(IS1007c.sync.389)"/>
      <nite:child href="IS1007c.D.segments.xml#id(IS1007c.sync.846)"/>
      <nite:child href="IS1007c.A.segments.xml#id(IS1007c.sync.82)..id(IS1007c.sync.84)"/>
      <nite:child href="IS1007c.B.segments.xml#id(IS1007c.sync.391)"/>
      <nite:child href="IS1007c.D.segments.xml#id(IS1007c.sync.848)"/>
      <nite:child href="IS1007c.A.segments.xml#id(IS1007c.sync.86)"/>
      <nite:child href="IS1007c.D.segments.xml#id(IS1007c.sync.850)"/>
      <nite:child href="IS1007c.C.segments.xml#id(IS1007c.sync.674)"/>
      <nite:child href="IS1007c.A.segments.xml#id(IS1007c.sync.88)"/>
      <nite:child href="IS1007c.B.segments.xml#id(IS1007c.sync.393)"/>
      <nite:child href="IS1007c.C.segments.xml#id(IS1007c.sync.676)"/>
      <nite:child href="IS1007c.B.segments.xml#id(IS1007c.sync.395)"/>
   </discussion-fragment>
   <discussion-fragment nite:id="IS1007c.discussions.Daan.3" name="Speech recogniser">
      <nite:child href="IS1007c.B.segments.xml#id(IS1007c.sync.503)"/>
      <nite:child href="IS1007c.C.segments.xml#id(IS1007c.sync.750)"/>
      <nite:child href="IS1007c.B.segments.xml#id(IS1007c.sync.505)"/>
      <nite:child href="IS1007c.A.segments.xml#id(IS1007c.sync.138)"/>
      <nite:child href="IS1007c.C.segments.xml#id(IS1007c.sync.752)"/>
      <nite:child href="IS1007c.B.segments.xml#id(IS1007c.sync.507)"/>
      <nite:child href="IS1007c.D.segments.xml#id(IS1007c.sync.906)"/>
      <nite:child href="IS1007c.A.segments.xml#id(IS1007c.sync.140)"/>
      <nite:child href="IS1007c.C.segments.xml#id(IS1007c.sync.754)"/>
      <nite:child href="IS1007c.B.segments.xml#id(IS1007c.sync.509)"/>
      <nite:child href="IS1007c.C.segments.xml#id(IS1007c.sync.756)"/>
      <nite:child href="IS1007c.B.segments.xml#id(IS1007c.sync.511)"/>
      <nite:child href="IS1007c.D.segments.xml#id(IS1007c.sync.908)"/>
      <nite:child href="IS1007c.B.segments.xml#id(IS1007c.sync.513)"/>
      <nite:child href="IS1007c.C.segments.xml#id(IS1007c.sync.758)..id(IS1007c.sync.760)"/>
      <nite:child href="IS1007c.B.segments.xml#id(IS1007c.sync.515)"/>
      <nite:child href="IS1007c.D.segments.xml#id(IS1007c.sync.910)"/>
      <nite:child href="IS1007c.B.segments.xml#id(IS1007c.sync.517)"/>
      <nite:child href="IS1007c.C.segments.xml#id(IS1007c.sync.762)"/>
      <nite:child href="IS1007c.A.segments.xml#id(IS1007c.sync.142)"/>
      <nite:child href="IS1007c.B.segments.xml#id(IS1007c.sync.519)..id(IS1007c.sync.521)"/>
      <nite:child href="IS1007c.D.segments.xml#id(IS1007c.sync.912)"/>
      <nite:child href="IS1007c.B.segments.xml#id(IS1007c.sync.523)"/>
      <nite:child href="IS1007c.C.segments.xml#id(IS1007c.sync.764)..id(IS1007c.sync.768)"/>
      <nite:child href="IS1007c.D.segments.xml#id(IS1007c.sync.914)"/>
      <nite:child href="IS1007c.A.segments.xml#id(IS1007c.sync.144)"/>
      <nite:child href="IS1007c.B.segments.xml#id(IS1007c.sync.525)"/>
      <nite:child href="IS1007c.A.segments.xml#id(IS1007c.sync.146)"/>
      <nite:child href="IS1007c.B.segments.xml#id(IS1007c.sync.527)"/>
      <nite:child href="IS1007c.D.segments.xml#id(IS1007c.sync.916)"/>
      <nite:child href="IS1007c.A.segments.xml#id(IS1007c.sync.148)"/>
      <nite:child href="IS1007c.C.segments.xml#id(IS1007c.sync.770)"/>
      <nite:child href="IS1007c.B.segments.xml#id(IS1007c.sync.529)"/>
      <nite:child href="IS1007c.A.segments.xml#id(IS1007c.sync.150)"/>
      <nite:child href="IS1007c.B.segments.xml#id(IS1007c.sync.531)..id(IS1007c.sync.533)"/>
      <nite:child href="IS1007c.D.segments.xml#id(IS1007c.sync.918)"/>
      <nite:child href="IS1007c.A.segments.xml#id(IS1007c.sync.152)"/>
      <nite:child href="IS1007c.B.segments.xml#id(IS1007c.sync.535)..id(IS1007c.sync.537)"/>
      <nite:child href="IS1007c.A.segments.xml#id(IS1007c.sync.154)..id(IS1007c.sync.158)"/>
      <nite:child href="IS1007c.B.segments.xml#id(IS1007c.sync.539)"/>
      <nite:child href="IS1007c.C.segments.xml#id(IS1007c.sync.772)..id(IS1007c.sync.774)"/>
      <nite:child href="IS1007c.B.segments.xml#id(IS1007c.sync.541)"/>
      <nite:child href="IS1007c.D.segments.xml#id(IS1007c.sync.920)"/>
      <nite:child href="IS1007c.A.segments.xml#id(IS1007c.sync.160)"/>
      <nite:child href="IS1007c.B.segments.xml#id(IS1007c.sync.543)"/>
      <nite:child href="IS1007c.A.segments.xml#id(IS1007c.sync.162)"/>
      <nite:child href="IS1007c.B.segments.xml#id(IS1007c.sync.545)"/>
      <nite:child href="IS1007c.D.segments.xml#id(IS1007c.sync.922)"/>
      <nite:child href="IS1007c.B.segments.xml#id(IS1007c.sync.547)"/>
      <nite:child href="IS1007c.D.segments.xml#id(IS1007c.sync.924)"/>
   </discussion-fragment>
</nite:root>