<?xml version="1.0" encoding="ISO-8859-1" standalone="yes"?>
<nite:root nite:id="IS1008d.discussions" xmlns:nite="http://nite.sourceforge.net/">
   <discussion-fragment nite:id="IS1008d.discussions.Daan.1" name="A place for the microphone">
      <nite:child href="IS1008d.B.segments.xml#id(IS1008d.sync.286)"/>
      <nite:child href="IS1008d.C.segments.xml#id(IS1008d.sync.474)"/>
      <nite:child href="IS1008d.A.segments.xml#id(IS1008d.sync.36)"/>
      <nite:child href="IS1008d.B.segments.xml#id(IS1008d.sync.288)..id(IS1008d.sync.290)"/>
      <nite:child href="IS1008d.A.segments.xml#id(IS1008d.sync.38)"/>
      <nite:child href="IS1008d.B.segments.xml#id(IS1008d.sync.292)"/>
      <nite:child href="IS1008d.A.segments.xml#id(IS1008d.sync.40)"/>
      <nite:child href="IS1008d.C.segments.xml#id(IS1008d.sync.476)"/>
      <nite:child href="IS1008d.A.segments.xml#id(IS1008d.sync.42)..id(IS1008d.sync.44)"/>
      <nite:child href="IS1008d.C.segments.xml#id(IS1008d.sync.478)"/>
      <nite:child href="IS1008d.B.segments.xml#id(IS1008d.sync.294)"/>
      <nite:child href="IS1008d.C.segments.xml#id(IS1008d.sync.480)"/>
      <nite:child href="IS1008d.D.segments.xml#id(IS1008d.sync.642)"/>
      <nite:child href="IS1008d.C.segments.xml#id(IS1008d.sync.481)..id(IS1008d.sync.482)"/>
      <nite:child href="IS1008d.D.segments.xml#id(IS1008d.sync.644)"/>
      <nite:child href="IS1008d.A.segments.xml#id(IS1008d.sync.46)"/>
      <nite:child href="IS1008d.C.segments.xml#id(IS1008d.sync.484)"/>
      <nite:child href="IS1008d.B.segments.xml#id(IS1008d.sync.296)"/>
   </discussion-fragment>
   <discussion-fragment nite:id="IS1008d.discussions.Daan.2" name="Sellin the product">
      <nite:child href="IS1008d.D.segments.xml#id(IS1008d.sync.715)..id(IS1008d.sync.716)"/>
      <nite:child href="IS1008d.A.segments.xml#id(IS1008d.sync.140)..id(IS1008d.sync.144)"/>
      <nite:child href="IS1008d.C.segments.xml#id(IS1008d.sync.530)"/>
      <nite:child href="IS1008d.A.segments.xml#id(IS1008d.sync.146)"/>
      <nite:child href="IS1008d.B.segments.xml#id(IS1008d.sync.340)"/>
      <nite:child href="IS1008d.A.segments.xml#id(IS1008d.sync.148)"/>
      <nite:child href="IS1008d.C.segments.xml#id(IS1008d.sync.532)"/>
      <nite:child href="IS1008d.A.segments.xml#id(IS1008d.sync.150)"/>
      <nite:child href="IS1008d.C.segments.xml#id(IS1008d.sync.534)..id(IS1008d.sync.536)"/>
      <nite:child href="IS1008d.A.segments.xml#id(IS1008d.sync.152)"/>
      <nite:child href="IS1008d.C.segments.xml#id(IS1008d.sync.538)"/>
      <nite:child href="IS1008d.A.segments.xml#id(IS1008d.sync.154)"/>
      <nite:child href="IS1008d.C.segments.xml#id(IS1008d.sync.540)"/>
      <nite:child href="IS1008d.B.segments.xml#id(IS1008d.sync.342)"/>
      <nite:child href="IS1008d.A.segments.xml#id(IS1008d.sync.156)..id(IS1008d.sync.160)"/>
      <nite:child href="IS1008d.C.segments.xml#id(IS1008d.sync.542)"/>
      <nite:child href="IS1008d.D.segments.xml#id(IS1008d.sync.718)"/>
      <nite:child href="IS1008d.B.segments.xml#id(IS1008d.sync.344)"/>
      <nite:child href="IS1008d.A.segments.xml#id(IS1008d.sync.162)..id(IS1008d.sync.164)"/>
      <nite:child href="IS1008d.D.segments.xml#id(IS1008d.sync.720)"/>
      <nite:child href="IS1008d.A.segments.xml#id(IS1008d.sync.166)"/>
      <nite:child href="IS1008d.B.segments.xml#id(IS1008d.sync.346)"/>
      <nite:child href="IS1008d.C.segments.xml#id(IS1008d.sync.544)"/>
      <nite:child href="IS1008d.B.segments.xml#id(IS1008d.sync.348)"/>
      <nite:child href="IS1008d.D.segments.xml#id(IS1008d.sync.722)"/>
      <nite:child href="IS1008d.B.segments.xml#id(IS1008d.sync.350)..id(IS1008d.sync.354)"/>
      <nite:child href="IS1008d.C.segments.xml#id(IS1008d.sync.546)..id(IS1008d.sync.548)"/>
      <nite:child href="IS1008d.D.segments.xml#id(IS1008d.sync.724)"/>
      <nite:child href="IS1008d.B.segments.xml#id(IS1008d.sync.356)"/>
      <nite:child href="IS1008d.C.segments.xml#id(IS1008d.sync.550)"/>
      <nite:child href="IS1008d.B.segments.xml#id(IS1008d.sync.358)..id(IS1008d.sync.360)"/>
      <nite:child href="IS1008d.C.segments.xml#id(IS1008d.sync.552)..id(IS1008d.sync.554)"/>
      <nite:child href="IS1008d.D.segments.xml#id(IS1008d.sync.726)"/>
      <nite:child href="IS1008d.C.segments.xml#id(IS1008d.sync.556)"/>
      <nite:child href="IS1008d.B.segments.xml#id(IS1008d.sync.362)"/>
      <nite:child href="IS1008d.D.segments.xml#id(IS1008d.sync.727)"/>
      <nite:child href="IS1008d.C.segments.xml#id(IS1008d.sync.558)"/>
      <nite:child href="IS1008d.D.segments.xml#id(IS1008d.sync.728)"/>
      <nite:child href="IS1008d.A.segments.xml#id(IS1008d.sync.168)"/>
      <nite:child href="IS1008d.C.segments.xml#id(IS1008d.sync.560)"/>
      <nite:child href="IS1008d.A.segments.xml#id(IS1008d.sync.170)"/>
      <nite:child href="IS1008d.B.segments.xml#id(IS1008d.sync.364)"/>
      <nite:child href="IS1008d.A.segments.xml#id(IS1008d.sync.172)"/>
   </discussion-fragment>
   <discussion-fragment nite:id="IS1008d.discussions.Daan.3" name="Testing the product">
      <nite:child href="IS1008d.D.segments.xml#id(IS1008d.sync.734)"/>
      <nite:child href="IS1008d.A.segments.xml#id(IS1008d.sync.204)"/>
      <nite:child href="IS1008d.B.segments.xml#id(IS1008d.sync.380)"/>
      <nite:child href="IS1008d.C.segments.xml#id(IS1008d.sync.576)"/>
      <nite:child href="IS1008d.A.segments.xml#id(IS1008d.sync.206)"/>
      <nite:child href="IS1008d.B.segments.xml#id(IS1008d.sync.382)"/>
      <nite:child href="IS1008d.A.segments.xml#id(IS1008d.sync.208)"/>
      <nite:child href="IS1008d.B.segments.xml#id(IS1008d.sync.384)"/>
      <nite:child href="IS1008d.A.segments.xml#id(IS1008d.sync.210)"/>
      <nite:child href="IS1008d.C.segments.xml#id(IS1008d.sync.578)"/>
      <nite:child href="IS1008d.A.segments.xml#id(IS1008d.sync.212)"/>
      <nite:child href="IS1008d.B.segments.xml#id(IS1008d.sync.386)"/>
      <nite:child href="IS1008d.C.segments.xml#id(IS1008d.sync.580)"/>
      <nite:child href="IS1008d.B.segments.xml#id(IS1008d.sync.388)"/>
      <nite:child href="IS1008d.D.segments.xml#id(IS1008d.sync.736)"/>
      <nite:child href="IS1008d.A.segments.xml#id(IS1008d.sync.214)..id(IS1008d.sync.215)"/>
      <nite:child href="IS1008d.D.segments.xml#id(IS1008d.sync.738)"/>
      <nite:child href="IS1008d.C.segments.xml#id(IS1008d.sync.582)"/>
      <nite:child href="IS1008d.D.segments.xml#id(IS1008d.sync.740)"/>
      <nite:child href="IS1008d.A.segments.xml#id(IS1008d.sync.217)"/>
      <nite:child href="IS1008d.C.segments.xml#id(IS1008d.sync.584)"/>
      <nite:child href="IS1008d.B.segments.xml#id(IS1008d.sync.390)"/>
      <nite:child href="IS1008d.A.segments.xml#id(IS1008d.sync.219)"/>
      <nite:child href="IS1008d.B.segments.xml#id(IS1008d.sync.392)"/>
      <nite:child href="IS1008d.C.segments.xml#id(IS1008d.sync.586)"/>
      <nite:child href="IS1008d.A.segments.xml#id(IS1008d.sync.221)"/>
      <nite:child href="IS1008d.B.segments.xml#id(IS1008d.sync.394)"/>
      <nite:child href="IS1008d.A.segments.xml#id(IS1008d.sync.223)"/>
      <nite:child href="IS1008d.B.segments.xml#id(IS1008d.sync.396)"/>
      <nite:child href="IS1008d.D.segments.xml#id(IS1008d.sync.742)"/>
      <nite:child href="IS1008d.B.segments.xml#id(IS1008d.sync.398)"/>
      <nite:child href="IS1008d.A.segments.xml#id(IS1008d.sync.225)"/>
      <nite:child href="IS1008d.D.segments.xml#id(IS1008d.sync.744)"/>
      <nite:child href="IS1008d.B.segments.xml#id(IS1008d.sync.400)"/>
      <nite:child href="IS1008d.A.segments.xml#id(IS1008d.sync.227)"/>
      <nite:child href="IS1008d.B.segments.xml#id(IS1008d.sync.402)"/>
      <nite:child href="IS1008d.C.segments.xml#id(IS1008d.sync.588)"/>
      <nite:child href="IS1008d.A.segments.xml#id(IS1008d.sync.229)"/>
      <nite:child href="IS1008d.B.segments.xml#id(IS1008d.sync.404)"/>
      <nite:child href="IS1008d.C.segments.xml#id(IS1008d.sync.590)"/>
      <nite:child href="IS1008d.B.segments.xml#id(IS1008d.sync.406)"/>
      <nite:child href="IS1008d.D.segments.xml#id(IS1008d.sync.746)"/>
      <nite:child href="IS1008d.A.segments.xml#id(IS1008d.sync.231)..id(IS1008d.sync.233)"/>
      <nite:child href="IS1008d.C.segments.xml#id(IS1008d.sync.592)"/>
      <nite:child href="IS1008d.D.segments.xml#id(IS1008d.sync.748)"/>
      <nite:child href="IS1008d.B.segments.xml#id(IS1008d.sync.408)"/>
      <nite:child href="IS1008d.A.segments.xml#id(IS1008d.sync.235)"/>
      <nite:child href="IS1008d.C.segments.xml#id(IS1008d.sync.594)"/>
      <nite:child href="IS1008d.A.segments.xml#id(IS1008d.sync.237)"/>
      <nite:child href="IS1008d.C.segments.xml#id(IS1008d.sync.596)"/>
      <nite:child href="IS1008d.A.segments.xml#id(IS1008d.sync.239)"/>
      <nite:child href="IS1008d.C.segments.xml#id(IS1008d.sync.598)"/>
      <nite:child href="IS1008d.B.segments.xml#id(IS1008d.sync.410)"/>
      <nite:child href="IS1008d.C.segments.xml#id(IS1008d.sync.600)"/>
      <nite:child href="IS1008d.A.segments.xml#id(IS1008d.sync.241)"/>
      <nite:child href="IS1008d.C.segments.xml#id(IS1008d.sync.602)"/>
      <nite:child href="IS1008d.A.segments.xml#id(IS1008d.sync.243)"/>
      <nite:child href="IS1008d.B.segments.xml#id(IS1008d.sync.412)"/>
      <nite:child href="IS1008d.C.segments.xml#id(IS1008d.sync.604)"/>
   </discussion-fragment>
</nite:root>