<?xml version="1.0" encoding="ISO-8859-1" standalone="yes"?>
<nite:root nite:id="IS1007b.discussions" xmlns:nite="http://nite.sourceforge.net/">
   <discussion-fragment nite:id="IS1007b.discussions.Daan.1" name="FPGA">
      <nite:child href="IS1007b.C.segments.xml#id(IS1007b.sync.482)"/>
      <nite:child href="IS1007b.B.segments.xml#id(IS1007b.sync.235)..id(IS1007b.sync.237)"/>
      <nite:child href="IS1007b.C.segments.xml#id(IS1007b.sync.484)"/>
      <nite:child href="IS1007b.D.segments.xml#id(IS1007b.sync.643)"/>
      <nite:child href="IS1007b.B.segments.xml#id(IS1007b.sync.239)"/>
      <nite:child href="IS1007b.C.segments.xml#id(IS1007b.sync.486)"/>
      <nite:child href="IS1007b.B.segments.xml#id(IS1007b.sync.241)"/>
      <nite:child href="IS1007b.D.segments.xml#id(IS1007b.sync.645)"/>
      <nite:child href="IS1007b.B.segments.xml#id(IS1007b.sync.243)..id(IS1007b.sync.249)"/>
      <nite:child href="IS1007b.C.segments.xml#id(IS1007b.sync.488)"/>
      <nite:child href="IS1007b.B.segments.xml#id(IS1007b.sync.251)"/>
      <nite:child href="IS1007b.D.segments.xml#id(IS1007b.sync.647)"/>
      <nite:child href="IS1007b.B.segments.xml#id(IS1007b.sync.253)"/>
      <nite:child href="IS1007b.C.segments.xml#id(IS1007b.sync.490)"/>
      <nite:child href="IS1007b.B.segments.xml#id(IS1007b.sync.255)"/>
      <nite:child href="IS1007b.C.segments.xml#id(IS1007b.sync.492)"/>
      <nite:child href="IS1007b.D.segments.xml#id(IS1007b.sync.649)"/>
      <nite:child href="IS1007b.B.segments.xml#id(IS1007b.sync.257)"/>
   </discussion-fragment>
   <discussion-fragment nite:id="IS1007b.discussions.Daan.2" name="Program information">
      <nite:child href="IS1007b.B.segments.xml#id(IS1007b.sync.305)"/>
      <nite:child href="IS1007b.A.segments.xml#id(IS1007b.sync.94)"/>
      <nite:child href="IS1007b.C.segments.xml#id(IS1007b.sync.532)"/>
      <nite:child href="IS1007b.A.segments.xml#id(IS1007b.sync.96)"/>
      <nite:child href="IS1007b.B.segments.xml#id(IS1007b.sync.307)"/>
      <nite:child href="IS1007b.A.segments.xml#id(IS1007b.sync.98)"/>
      <nite:child href="IS1007b.C.segments.xml#id(IS1007b.sync.534)"/>
      <nite:child href="IS1007b.A.segments.xml#id(IS1007b.sync.100)"/>
      <nite:child href="IS1007b.B.segments.xml#id(IS1007b.sync.309)"/>
      <nite:child href="IS1007b.C.segments.xml#id(IS1007b.sync.536)"/>
      <nite:child href="IS1007b.A.segments.xml#id(IS1007b.sync.102)"/>
      <nite:child href="IS1007b.D.segments.xml#id(IS1007b.sync.667)"/>
      <nite:child href="IS1007b.B.segments.xml#id(IS1007b.sync.311)"/>
      <nite:child href="IS1007b.A.segments.xml#id(IS1007b.sync.104)"/>
      <nite:child href="IS1007b.D.segments.xml#id(IS1007b.sync.669)"/>
      <nite:child href="IS1007b.C.segments.xml#id(IS1007b.sync.538)"/>
      <nite:child href="IS1007b.B.segments.xml#id(IS1007b.sync.313)..id(IS1007b.sync.315)"/>
      <nite:child href="IS1007b.D.segments.xml#id(IS1007b.sync.671)"/>
      <nite:child href="IS1007b.B.segments.xml#id(IS1007b.sync.317)..id(IS1007b.sync.319)"/>
      <nite:child href="IS1007b.D.segments.xml#id(IS1007b.sync.673)"/>
      <nite:child href="IS1007b.A.segments.xml#id(IS1007b.sync.106)..id(IS1007b.sync.110)"/>
      <nite:child href="IS1007b.B.segments.xml#id(IS1007b.sync.321)"/>
   </discussion-fragment>
</nite:root>