<?xml version="1.0" encoding="ISO-8859-1" standalone="yes"?>
<nite:root nite:id="IS1007d.discussions" xmlns:nite="http://nite.sourceforge.net/">
   <discussion-fragment nite:id="IS1007d.discussions.Daan.2" name="With or without LCD">
      <nite:child href="IS1007d.D.segments.xml#id(IS1007d.sync.1038)"/>
      <nite:child href="IS1007d.A.segments.xml#id(IS1007d.sync.121)"/>
      <nite:child href="IS1007d.B.segments.xml#id(IS1007d.sync.443)"/>
      <nite:child href="IS1007d.C.segments.xml#id(IS1007d.sync.781)"/>
      <nite:child href="IS1007d.B.segments.xml#id(IS1007d.sync.445)"/>
      <nite:child href="IS1007d.A.segments.xml#id(IS1007d.sync.123)"/>
      <nite:child href="IS1007d.D.segments.xml#id(IS1007d.sync.1040)"/>
      <nite:child href="IS1007d.B.segments.xml#id(IS1007d.sync.447)"/>
      <nite:child href="IS1007d.D.segments.xml#id(IS1007d.sync.1042)..id(IS1007d.sync.1044)"/>
      <nite:child href="IS1007d.B.segments.xml#id(IS1007d.sync.449)..id(IS1007d.sync.451)"/>
      <nite:child href="IS1007d.C.segments.xml#id(IS1007d.sync.783)"/>
      <nite:child href="IS1007d.D.segments.xml#id(IS1007d.sync.1046)"/>
      <nite:child href="IS1007d.A.segments.xml#id(IS1007d.sync.125)"/>
      <nite:child href="IS1007d.B.segments.xml#id(IS1007d.sync.453)"/>
      <nite:child href="IS1007d.D.segments.xml#id(IS1007d.sync.1048)"/>
      <nite:child href="IS1007d.C.segments.xml#id(IS1007d.sync.785)..id(IS1007d.sync.787)"/>
      <nite:child href="IS1007d.A.segments.xml#id(IS1007d.sync.127)"/>
      <nite:child href="IS1007d.C.segments.xml#id(IS1007d.sync.789)"/>
      <nite:child href="IS1007d.A.segments.xml#id(IS1007d.sync.129)"/>
      <nite:child href="IS1007d.D.segments.xml#id(IS1007d.sync.1050)"/>
      <nite:child href="IS1007d.C.segments.xml#id(IS1007d.sync.791)..id(IS1007d.sync.793)"/>
      <nite:child href="IS1007d.D.segments.xml#id(IS1007d.sync.1052)"/>
      <nite:child href="IS1007d.B.segments.xml#id(IS1007d.sync.455)"/>
      <nite:child href="IS1007d.C.segments.xml#id(IS1007d.sync.795)"/>
      <nite:child href="IS1007d.B.segments.xml#id(IS1007d.sync.457)"/>
      <nite:child href="IS1007d.D.segments.xml#id(IS1007d.sync.1054)"/>
      <nite:child href="IS1007d.C.segments.xml#id(IS1007d.sync.797)"/>
      <nite:child href="IS1007d.B.segments.xml#id(IS1007d.sync.459)..id(IS1007d.sync.463)"/>
      <nite:child href="IS1007d.D.segments.xml#id(IS1007d.sync.1056)"/>
      <nite:child href="IS1007d.B.segments.xml#id(IS1007d.sync.465)"/>
      <nite:child href="IS1007d.C.segments.xml#id(IS1007d.sync.799)"/>
      <nite:child href="IS1007d.B.segments.xml#id(IS1007d.sync.467)"/>
      <nite:child href="IS1007d.A.segments.xml#id(IS1007d.sync.131)"/>
      <nite:child href="IS1007d.B.segments.xml#id(IS1007d.sync.469)..id(IS1007d.sync.471)"/>
      <nite:child href="IS1007d.C.segments.xml#id(IS1007d.sync.801)"/>
      <nite:child href="IS1007d.B.segments.xml#id(IS1007d.sync.473)"/>
      <nite:child href="IS1007d.D.segments.xml#id(IS1007d.sync.1058)"/>
      <nite:child href="IS1007d.B.segments.xml#id(IS1007d.sync.475)"/>
      <nite:child href="IS1007d.C.segments.xml#id(IS1007d.sync.803)"/>
      <nite:child href="IS1007d.D.segments.xml#id(IS1007d.sync.1060)"/>
      <nite:child href="IS1007d.B.segments.xml#id(IS1007d.sync.477)..id(IS1007d.sync.479)"/>
      <nite:child href="IS1007d.D.segments.xml#id(IS1007d.sync.1062)"/>
      <nite:child href="IS1007d.A.segments.xml#id(IS1007d.sync.133)"/>
      <nite:child href="IS1007d.B.segments.xml#id(IS1007d.sync.481)"/>
      <nite:child href="IS1007d.C.segments.xml#id(IS1007d.sync.805)"/>
      <nite:child href="IS1007d.B.segments.xml#id(IS1007d.sync.483)..id(IS1007d.sync.485)"/>
      <nite:child href="IS1007d.D.segments.xml#id(IS1007d.sync.1064)"/>
      <nite:child href="IS1007d.C.segments.xml#id(IS1007d.sync.807)"/>
      <nite:child href="IS1007d.A.segments.xml#id(IS1007d.sync.135)"/>
      <nite:child href="IS1007d.B.segments.xml#id(IS1007d.sync.487)"/>
      <nite:child href="IS1007d.D.segments.xml#id(IS1007d.sync.1066)"/>
      <nite:child href="IS1007d.C.segments.xml#id(IS1007d.sync.809)"/>
      <nite:child href="IS1007d.B.segments.xml#id(IS1007d.sync.489)"/>
      <nite:child href="IS1007d.A.segments.xml#id(IS1007d.sync.137)"/>
      <nite:child href="IS1007d.B.segments.xml#id(IS1007d.sync.491)"/>
      <nite:child href="IS1007d.A.segments.xml#id(IS1007d.sync.139)"/>
      <nite:child href="IS1007d.C.segments.xml#id(IS1007d.sync.811)"/>
      <nite:child href="IS1007d.B.segments.xml#id(IS1007d.sync.493)"/>
      <nite:child href="IS1007d.D.segments.xml#id(IS1007d.sync.1068)"/>
      <nite:child href="IS1007d.A.segments.xml#id(IS1007d.sync.141)"/>
      <nite:child href="IS1007d.C.segments.xml#id(IS1007d.sync.813)"/>
      <nite:child href="IS1007d.D.segments.xml#id(IS1007d.sync.1070)"/>
      <nite:child href="IS1007d.A.segments.xml#id(IS1007d.sync.143)..id(IS1007d.sync.145)"/>
      <nite:child href="IS1007d.B.segments.xml#id(IS1007d.sync.495)..id(IS1007d.sync.499)"/>
      <nite:child href="IS1007d.C.segments.xml#id(IS1007d.sync.815)"/>
      <nite:child href="IS1007d.A.segments.xml#id(IS1007d.sync.147)"/>
      <nite:child href="IS1007d.B.segments.xml#id(IS1007d.sync.501)"/>
      <nite:child href="IS1007d.A.segments.xml#id(IS1007d.sync.149)"/>
      <nite:child href="IS1007d.D.segments.xml#id(IS1007d.sync.1072)"/>
      <nite:child href="IS1007d.C.segments.xml#id(IS1007d.sync.817)"/>
      <nite:child href="IS1007d.D.segments.xml#id(IS1007d.sync.1074)"/>
      <nite:child href="IS1007d.C.segments.xml#id(IS1007d.sync.819)"/>
      <nite:child href="IS1007d.B.segments.xml#id(IS1007d.sync.503)"/>
      <nite:child href="IS1007d.D.segments.xml#id(IS1007d.sync.1076)"/>
      <nite:child href="IS1007d.B.segments.xml#id(IS1007d.sync.505)..id(IS1007d.sync.507)"/>
      <nite:child href="IS1007d.D.segments.xml#id(IS1007d.sync.1078)"/>
      <nite:child href="IS1007d.C.segments.xml#id(IS1007d.sync.821)"/>
      <nite:child href="IS1007d.B.segments.xml#id(IS1007d.sync.509)"/>
      <nite:child href="IS1007d.D.segments.xml#id(IS1007d.sync.1080)..id(IS1007d.sync.1082)"/>
      <nite:child href="IS1007d.B.segments.xml#id(IS1007d.sync.511)"/>
      <nite:child href="IS1007d.C.segments.xml#id(IS1007d.sync.823)"/>
      <nite:child href="IS1007d.B.segments.xml#id(IS1007d.sync.513)..id(IS1007d.sync.519)"/>
      <nite:child href="IS1007d.C.segments.xml#id(IS1007d.sync.825)"/>
      <nite:child href="IS1007d.B.segments.xml#id(IS1007d.sync.521)..id(IS1007d.sync.523)"/>
      <nite:child href="IS1007d.A.segments.xml#id(IS1007d.sync.151)..id(IS1007d.sync.153)"/>
      <nite:child href="IS1007d.B.segments.xml#id(IS1007d.sync.525)"/>
      <nite:child href="IS1007d.A.segments.xml#id(IS1007d.sync.155)"/>
      <nite:child href="IS1007d.D.segments.xml#id(IS1007d.sync.1084)"/>
      <nite:child href="IS1007d.B.segments.xml#id(IS1007d.sync.527)"/>
      <nite:child href="IS1007d.D.segments.xml#id(IS1007d.sync.1086)..id(IS1007d.sync.1088)"/>
      <nite:child href="IS1007d.B.segments.xml#id(IS1007d.sync.529)..id(IS1007d.sync.533)"/>
      <nite:child href="IS1007d.C.segments.xml#id(IS1007d.sync.827)"/>
      <nite:child href="IS1007d.B.segments.xml#id(IS1007d.sync.535)"/>
      <nite:child href="IS1007d.C.segments.xml#id(IS1007d.sync.829)"/>
      <nite:child href="IS1007d.D.segments.xml#id(IS1007d.sync.1090)"/>
      <nite:child href="IS1007d.B.segments.xml#id(IS1007d.sync.537)"/>
      <nite:child href="IS1007d.C.segments.xml#id(IS1007d.sync.831)"/>
      <nite:child href="IS1007d.A.segments.xml#id(IS1007d.sync.157)"/>
      <nite:child href="IS1007d.D.segments.xml#id(IS1007d.sync.1092)"/>
      <nite:child href="IS1007d.B.segments.xml#id(IS1007d.sync.538)"/>
      <nite:child href="IS1007d.C.segments.xml#id(IS1007d.sync.833)"/>
      <nite:child href="IS1007d.D.segments.xml#id(IS1007d.sync.1094)"/>
      <nite:child href="IS1007d.C.segments.xml#id(IS1007d.sync.835)"/>
      <nite:child href="IS1007d.A.segments.xml#id(IS1007d.sync.159)"/>
      <nite:child href="IS1007d.B.segments.xml#id(IS1007d.sync.540)"/>
      <nite:child href="IS1007d.D.segments.xml#id(IS1007d.sync.1096)"/>
      <nite:child href="IS1007d.C.segments.xml#id(IS1007d.sync.837)"/>
      <nite:child href="IS1007d.B.segments.xml#id(IS1007d.sync.542)..id(IS1007d.sync.544)"/>
      <nite:child href="IS1007d.C.segments.xml#id(IS1007d.sync.839)"/>
      <nite:child href="IS1007d.A.segments.xml#id(IS1007d.sync.161)"/>
      <nite:child href="IS1007d.D.segments.xml#id(IS1007d.sync.1098)"/>
      <nite:child href="IS1007d.C.segments.xml#id(IS1007d.sync.841)"/>
      <nite:child href="IS1007d.D.segments.xml#id(IS1007d.sync.1100)"/>
      <nite:child href="IS1007d.B.segments.xml#id(IS1007d.sync.546)"/>
      <nite:child href="IS1007d.A.segments.xml#id(IS1007d.sync.163)"/>
      <nite:child href="IS1007d.B.segments.xml#id(IS1007d.sync.548)"/>
      <nite:child href="IS1007d.C.segments.xml#id(IS1007d.sync.843)"/>
      <nite:child href="IS1007d.B.segments.xml#id(IS1007d.sync.550)"/>
   </discussion-fragment>
   <discussion-fragment nite:id="IS1007d.discussions.Daan.3" name="Modules and add-ons">
      <nite:child href="IS1007d.A.segments.xml#id(IS1007d.sync.167)"/>
      <nite:child href="IS1007d.B.segments.xml#id(IS1007d.sync.556)"/>
      <nite:child href="IS1007d.C.segments.xml#id(IS1007d.sync.847)"/>
      <nite:child href="IS1007d.B.segments.xml#id(IS1007d.sync.558)"/>
      <nite:child href="IS1007d.D.segments.xml#id(IS1007d.sync.1104)"/>
      <nite:child href="IS1007d.B.segments.xml#id(IS1007d.sync.560)"/>
      <nite:child href="IS1007d.C.segments.xml#id(IS1007d.sync.849)"/>
      <nite:child href="IS1007d.A.segments.xml#id(IS1007d.sync.169)"/>
      <nite:child href="IS1007d.D.segments.xml#id(IS1007d.sync.1106)"/>
      <nite:child href="IS1007d.C.segments.xml#id(IS1007d.sync.851)"/>
      <nite:child href="IS1007d.A.segments.xml#id(IS1007d.sync.171)"/>
      <nite:child href="IS1007d.B.segments.xml#id(IS1007d.sync.562)"/>
      <nite:child href="IS1007d.D.segments.xml#id(IS1007d.sync.1108)"/>
      <nite:child href="IS1007d.A.segments.xml#id(IS1007d.sync.173)"/>
      <nite:child href="IS1007d.D.segments.xml#id(IS1007d.sync.1110)"/>
      <nite:child href="IS1007d.A.segments.xml#id(IS1007d.sync.175)"/>
      <nite:child href="IS1007d.C.segments.xml#id(IS1007d.sync.853)"/>
      <nite:child href="IS1007d.D.segments.xml#id(IS1007d.sync.1112)"/>
      <nite:child href="IS1007d.A.segments.xml#id(IS1007d.sync.177)"/>
      <nite:child href="IS1007d.B.segments.xml#id(IS1007d.sync.564)..id(IS1007d.sync.566)"/>
      <nite:child href="IS1007d.A.segments.xml#id(IS1007d.sync.179)..id(IS1007d.sync.181)"/>
      <nite:child href="IS1007d.B.segments.xml#id(IS1007d.sync.568)"/>
      <nite:child href="IS1007d.D.segments.xml#id(IS1007d.sync.1114)"/>
      <nite:child href="IS1007d.A.segments.xml#id(IS1007d.sync.183)"/>
      <nite:child href="IS1007d.B.segments.xml#id(IS1007d.sync.570)"/>
      <nite:child href="IS1007d.C.segments.xml#id(IS1007d.sync.855)..id(IS1007d.sync.857)"/>
      <nite:child href="IS1007d.B.segments.xml#id(IS1007d.sync.572)"/>
      <nite:child href="IS1007d.C.segments.xml#id(IS1007d.sync.859)"/>
      <nite:child href="IS1007d.A.segments.xml#id(IS1007d.sync.185)..id(IS1007d.sync.187)"/>
      <nite:child href="IS1007d.C.segments.xml#id(IS1007d.sync.861)"/>
      <nite:child href="IS1007d.A.segments.xml#id(IS1007d.sync.189)"/>
      <nite:child href="IS1007d.C.segments.xml#id(IS1007d.sync.863)"/>
      <nite:child href="IS1007d.A.segments.xml#id(IS1007d.sync.191)..id(IS1007d.sync.193)"/>
      <nite:child href="IS1007d.D.segments.xml#id(IS1007d.sync.1116)"/>
      <nite:child href="IS1007d.C.segments.xml#id(IS1007d.sync.865)"/>
      <nite:child href="IS1007d.B.segments.xml#id(IS1007d.sync.574)..id(IS1007d.sync.582)"/>
      <nite:child href="IS1007d.D.segments.xml#id(IS1007d.sync.1118)"/>
      <nite:child href="IS1007d.C.segments.xml#id(IS1007d.sync.867)"/>
      <nite:child href="IS1007d.B.segments.xml#id(IS1007d.sync.584)"/>
      <nite:child href="IS1007d.D.segments.xml#id(IS1007d.sync.1120)"/>
      <nite:child href="IS1007d.B.segments.xml#id(IS1007d.sync.586)..id(IS1007d.sync.588)"/>
      <nite:child href="IS1007d.C.segments.xml#id(IS1007d.sync.869)"/>
      <nite:child href="IS1007d.D.segments.xml#id(IS1007d.sync.1122)"/>
      <nite:child href="IS1007d.C.segments.xml#id(IS1007d.sync.871)"/>
      <nite:child href="IS1007d.A.segments.xml#id(IS1007d.sync.195)..id(IS1007d.sync.197)"/>
      <nite:child href="IS1007d.C.segments.xml#id(IS1007d.sync.873)"/>
      <nite:child href="IS1007d.B.segments.xml#id(IS1007d.sync.590)"/>
      <nite:child href="IS1007d.C.segments.xml#id(IS1007d.sync.875)"/>
      <nite:child href="IS1007d.A.segments.xml#id(IS1007d.sync.199)"/>
   </discussion-fragment>
</nite:root>