<?xml version="1.0" encoding="ISO-8859-1" standalone="yes"?>
<nite:root nite:id="IS1009d.discussions" xmlns:nite="http://nite.sourceforge.net/">
   <discussion-fragment nite:id="IS1009d.discussions.Daan.1" name="Symbols on buttons">
      <nite:child href="IS1009d.A.segments.xml#id(IS1009d.sync.84)"/>
      <nite:child href="IS1009d.B.segments.xml#id(IS1009d.sync.385)"/>
      <nite:child href="IS1009d.C.segments.xml#id(IS1009d.sync.558)..id(IS1009d.sync.560)"/>
      <nite:child href="IS1009d.A.segments.xml#id(IS1009d.sync.86)"/>
      <nite:child href="IS1009d.D.segments.xml#id(IS1009d.sync.859)"/>
      <nite:child href="IS1009d.C.segments.xml#id(IS1009d.sync.562)..id(IS1009d.sync.564)"/>
      <nite:child href="IS1009d.B.segments.xml#id(IS1009d.sync.387)"/>
      <nite:child href="IS1009d.C.segments.xml#id(IS1009d.sync.566)"/>
      <nite:child href="IS1009d.D.segments.xml#id(IS1009d.sync.861)"/>
      <nite:child href="IS1009d.B.segments.xml#id(IS1009d.sync.389)"/>
      <nite:child href="IS1009d.C.segments.xml#id(IS1009d.sync.568)"/>
      <nite:child href="IS1009d.B.segments.xml#id(IS1009d.sync.391)"/>
      <nite:child href="IS1009d.C.segments.xml#id(IS1009d.sync.570)"/>
      <nite:child href="IS1009d.A.segments.xml#id(IS1009d.sync.88)"/>
      <nite:child href="IS1009d.C.segments.xml#id(IS1009d.sync.572)"/>
      <nite:child href="IS1009d.B.segments.xml#id(IS1009d.sync.393)"/>
      <nite:child href="IS1009d.C.segments.xml#id(IS1009d.sync.574)"/>
      <nite:child href="IS1009d.D.segments.xml#id(IS1009d.sync.863)"/>
      <nite:child href="IS1009d.C.segments.xml#id(IS1009d.sync.576)"/>
      <nite:child href="IS1009d.B.segments.xml#id(IS1009d.sync.395)"/>
      <nite:child href="IS1009d.C.segments.xml#id(IS1009d.sync.578)"/>
      <nite:child href="IS1009d.B.segments.xml#id(IS1009d.sync.397)"/>
      <nite:child href="IS1009d.A.segments.xml#id(IS1009d.sync.90)"/>
      <nite:child href="IS1009d.D.segments.xml#id(IS1009d.sync.865)"/>
      <nite:child href="IS1009d.A.segments.xml#id(IS1009d.sync.92)"/>
   </discussion-fragment>
   <discussion-fragment nite:id="IS1009d.discussions.Daan.2" name="Selling points">
      <nite:child href="IS1009d.A.segments.xml#id(IS1009d.sync.100)"/>
      <nite:child href="IS1009d.D.segments.xml#id(IS1009d.sync.873)"/>
      <nite:child href="IS1009d.C.segments.xml#id(IS1009d.sync.590)..id(IS1009d.sync.592)"/>
      <nite:child href="IS1009d.A.segments.xml#id(IS1009d.sync.102)"/>
      <nite:child href="IS1009d.D.segments.xml#id(IS1009d.sync.875)"/>
      <nite:child href="IS1009d.A.segments.xml#id(IS1009d.sync.104)..id(IS1009d.sync.110)"/>
      <nite:child href="IS1009d.D.segments.xml#id(IS1009d.sync.877)"/>
      <nite:child href="IS1009d.C.segments.xml#id(IS1009d.sync.594)"/>
      <nite:child href="IS1009d.A.segments.xml#id(IS1009d.sync.112)"/>
      <nite:child href="IS1009d.C.segments.xml#id(IS1009d.sync.596)"/>
      <nite:child href="IS1009d.D.segments.xml#id(IS1009d.sync.879)"/>
   </discussion-fragment>
   <discussion-fragment nite:id="IS1009d.discussions.Daan.3" name="Voice recogniser not in budget">
      <nite:child href="IS1009d.A.segments.xml#id(IS1009d.sync.212)"/>
      <nite:child href="IS1009d.D.segments.xml#id(IS1009d.sync.935)"/>
      <nite:child href="IS1009d.B.segments.xml#id(IS1009d.sync.459)"/>
      <nite:child href="IS1009d.D.segments.xml#id(IS1009d.sync.937)"/>
      <nite:child href="IS1009d.C.segments.xml#id(IS1009d.sync.662)"/>
      <nite:child href="IS1009d.A.segments.xml#id(IS1009d.sync.214)"/>
      <nite:child href="IS1009d.D.segments.xml#id(IS1009d.sync.939)"/>
      <nite:child href="IS1009d.A.segments.xml#id(IS1009d.sync.216)"/>
      <nite:child href="IS1009d.C.segments.xml#id(IS1009d.sync.664)"/>
      <nite:child href="IS1009d.D.segments.xml#id(IS1009d.sync.941)"/>
      <nite:child href="IS1009d.C.segments.xml#id(IS1009d.sync.666)"/>
      <nite:child href="IS1009d.A.segments.xml#id(IS1009d.sync.218)"/>
      <nite:child href="IS1009d.D.segments.xml#id(IS1009d.sync.943)..id(IS1009d.sync.945)"/>
      <nite:child href="IS1009d.A.segments.xml#id(IS1009d.sync.220)"/>
      <nite:child href="IS1009d.D.segments.xml#id(IS1009d.sync.947)"/>
      <nite:child href="IS1009d.A.segments.xml#id(IS1009d.sync.222)"/>
      <nite:child href="IS1009d.C.segments.xml#id(IS1009d.sync.668)"/>
      <nite:child href="IS1009d.D.segments.xml#id(IS1009d.sync.949)"/>
   </discussion-fragment>
   <discussion-fragment nite:id="IS1009d.discussions.Daan.4" name="Rating the product">
      <nite:child href="IS1009d.D.segments.xml#id(IS1009d.sync.967)..id(IS1009d.sync.971)"/>
      <nite:child href="IS1009d.B.segments.xml#id(IS1009d.sync.465)..id(IS1009d.sync.467)"/>
      <nite:child href="IS1009d.A.segments.xml#id(IS1009d.sync.238)"/>
      <nite:child href="IS1009d.C.segments.xml#id(IS1009d.sync.688)"/>
      <nite:child href="IS1009d.D.segments.xml#id(IS1009d.sync.973)..id(IS1009d.sync.975)"/>
      <nite:child href="IS1009d.A.segments.xml#id(IS1009d.sync.240)"/>
      <nite:child href="IS1009d.D.segments.xml#id(IS1009d.sync.977)"/>
      <nite:child href="IS1009d.A.segments.xml#id(IS1009d.sync.242)..id(IS1009d.sync.244)"/>
      <nite:child href="IS1009d.D.segments.xml#id(IS1009d.sync.979)"/>
      <nite:child href="IS1009d.B.segments.xml#id(IS1009d.sync.469)"/>
      <nite:child href="IS1009d.D.segments.xml#id(IS1009d.sync.981)"/>
      <nite:child href="IS1009d.C.segments.xml#id(IS1009d.sync.690)"/>
      <nite:child href="IS1009d.D.segments.xml#id(IS1009d.sync.983)"/>
      <nite:child href="IS1009d.B.segments.xml#id(IS1009d.sync.471)..id(IS1009d.sync.473)"/>
      <nite:child href="IS1009d.C.segments.xml#id(IS1009d.sync.692)"/>
      <nite:child href="IS1009d.A.segments.xml#id(IS1009d.sync.246)"/>
      <nite:child href="IS1009d.D.segments.xml#id(IS1009d.sync.985)"/>
      <nite:child href="IS1009d.A.segments.xml#id(IS1009d.sync.248)..id(IS1009d.sync.250)"/>
      <nite:child href="IS1009d.B.segments.xml#id(IS1009d.sync.475)"/>
      <nite:child href="IS1009d.D.segments.xml#id(IS1009d.sync.987)"/>
      <nite:child href="IS1009d.C.segments.xml#id(IS1009d.sync.694)"/>
      <nite:child href="IS1009d.D.segments.xml#id(IS1009d.sync.989)..id(IS1009d.sync.991)"/>
      <nite:child href="IS1009d.A.segments.xml#id(IS1009d.sync.252)"/>
      <nite:child href="IS1009d.D.segments.xml#id(IS1009d.sync.993)"/>
      <nite:child href="IS1009d.B.segments.xml#id(IS1009d.sync.477)"/>
      <nite:child href="IS1009d.C.segments.xml#id(IS1009d.sync.696)"/>
      <nite:child href="IS1009d.D.segments.xml#id(IS1009d.sync.995)..id(IS1009d.sync.997)"/>
      <nite:child href="IS1009d.A.segments.xml#id(IS1009d.sync.254)"/>
      <nite:child href="IS1009d.D.segments.xml#id(IS1009d.sync.999)..id(IS1009d.sync.1001)"/>
      <nite:child href="IS1009d.A.segments.xml#id(IS1009d.sync.256)"/>
      <nite:child href="IS1009d.D.segments.xml#id(IS1009d.sync.1003)"/>
      <nite:child href="IS1009d.B.segments.xml#id(IS1009d.sync.479)"/>
      <nite:child href="IS1009d.D.segments.xml#id(IS1009d.sync.1005)"/>
      <nite:child href="IS1009d.C.segments.xml#id(IS1009d.sync.698)"/>
      <nite:child href="IS1009d.D.segments.xml#id(IS1009d.sync.1007)..id(IS1009d.sync.1013)"/>
   </discussion-fragment>
</nite:root>