<?xml version="1.0" encoding="ISO-8859-1" standalone="yes"?>
<nite:root nite:id="IS1004d.discussions" xmlns:nite="http://nite.sourceforge.net/">
   <discussion-fragment nite:id="IS1004d.discussions.Rutger.1" name="A banana as a remote control">
      <nite:child href="IS1004d.B.segments.xml#id(IS1004d.sync.618)"/>
      <nite:child href="IS1004d.A.segments.xml#id(IS1004d.sync.200)"/>
      <nite:child href="IS1004d.C.segments.xml#id(IS1004d.sync.997)"/>
      <nite:child href="IS1004d.D.segments.xml#id(IS1004d.sync.1321)"/>
      <nite:child href="IS1004d.C.segments.xml#id(IS1004d.sync.999)"/>
      <nite:child href="IS1004d.B.segments.xml#id(IS1004d.sync.620)"/>
      <nite:child href="IS1004d.A.segments.xml#id(IS1004d.sync.202)"/>
      <nite:child href="IS1004d.C.segments.xml#id(IS1004d.sync.1001)"/>
      <nite:child href="IS1004d.B.segments.xml#id(IS1004d.sync.622)"/>
      <nite:child href="IS1004d.C.segments.xml#id(IS1004d.sync.1003)"/>
      <nite:child href="IS1004d.B.segments.xml#id(IS1004d.sync.624)"/>
      <nite:child href="IS1004d.A.segments.xml#id(IS1004d.sync.204)"/>
      <nite:child href="IS1004d.C.segments.xml#id(IS1004d.sync.1005)"/>
      <nite:child href="IS1004d.D.segments.xml#id(IS1004d.sync.1323)"/>
      <nite:child href="IS1004d.B.segments.xml#id(IS1004d.sync.626)"/>
      <nite:child href="IS1004d.A.segments.xml#id(IS1004d.sync.206)"/>
      <nite:child href="IS1004d.D.segments.xml#id(IS1004d.sync.1325)"/>
      <nite:child href="IS1004d.A.segments.xml#id(IS1004d.sync.208)"/>
      <nite:child href="IS1004d.C.segments.xml#id(IS1004d.sync.1007)"/>
      <nite:child href="IS1004d.B.segments.xml#id(IS1004d.sync.628)"/>
      <nite:child href="IS1004d.A.segments.xml#id(IS1004d.sync.210)"/>
      <nite:child href="IS1004d.C.segments.xml#id(IS1004d.sync.1009)"/>
      <nite:child href="IS1004d.B.segments.xml#id(IS1004d.sync.630)"/>
      <nite:child href="IS1004d.A.segments.xml#id(IS1004d.sync.212)"/>
      <nite:child href="IS1004d.B.segments.xml#id(IS1004d.sync.632)"/>
      <nite:child href="IS1004d.C.segments.xml#id(IS1004d.sync.1011)"/>
      <nite:child href="IS1004d.B.segments.xml#id(IS1004d.sync.634)"/>
      <nite:child href="IS1004d.C.segments.xml#id(IS1004d.sync.1013)"/>
      <nite:child href="IS1004d.A.segments.xml#id(IS1004d.sync.214)"/>
      <nite:child href="IS1004d.B.segments.xml#id(IS1004d.sync.636)"/>
      <nite:child href="IS1004d.C.segments.xml#id(IS1004d.sync.1015)"/>
   </discussion-fragment>
</nite:root>