<?xml version="1.0" encoding="ISO-8859-1" standalone="yes"?>
<nite:root nite:id="IS1002b.discussions" xmlns:nite="http://nite.sourceforge.net/">
   <discussion-fragment nite:id="IS1002b.discussions.Rutger.1" name="Environmental sensitive">
      <nite:child href="IS1002b.D.segments.xml#id(IS1002b.sync.739)"/>
      <nite:child href="IS1002b.B.segments.xml#id(IS1002b.sync.391)"/>
      <nite:child href="IS1002b.D.segments.xml#id(IS1002b.sync.741)"/>
      <nite:child href="IS1002b.A.segments.xml#id(IS1002b.sync.181)"/>
      <nite:child href="IS1002b.B.segments.xml#id(IS1002b.sync.392)"/>
      <nite:child href="IS1002b.D.segments.xml#id(IS1002b.sync.743)"/>
      <nite:child href="IS1002b.A.segments.xml#id(IS1002b.sync.183)"/>
      <nite:child href="IS1002b.D.segments.xml#id(IS1002b.sync.745)"/>
      <nite:child href="IS1002b.B.segments.xml#id(IS1002b.sync.393)..id(IS1002b.sync.394)"/>
      <nite:child href="IS1002b.D.segments.xml#id(IS1002b.sync.747)..id(IS1002b.sync.749)"/>
      <nite:child href="IS1002b.B.segments.xml#id(IS1002b.sync.396)"/>
      <nite:child href="IS1002b.D.segments.xml#id(IS1002b.sync.751)"/>
      <nite:child href="IS1002b.B.segments.xml#id(IS1002b.sync.398)"/>
      <nite:child href="IS1002b.D.segments.xml#id(IS1002b.sync.753)"/>
      <nite:child href="IS1002b.A.segments.xml#id(IS1002b.sync.185)"/>
      <nite:child href="IS1002b.D.segments.xml#id(IS1002b.sync.755)"/>
      <nite:child href="IS1002b.A.segments.xml#id(IS1002b.sync.187)..id(IS1002b.sync.189)"/>
      <nite:child href="IS1002b.D.segments.xml#id(IS1002b.sync.757)"/>
      <nite:child href="IS1002b.B.segments.xml#id(IS1002b.sync.400)..id(IS1002b.sync.402)"/>
      <nite:child href="IS1002b.A.segments.xml#id(IS1002b.sync.191)..id(IS1002b.sync.193)"/>
      <nite:child href="IS1002b.D.segments.xml#id(IS1002b.sync.759)"/>
      <nite:child href="IS1002b.B.segments.xml#id(IS1002b.sync.404)"/>
      <nite:child href="IS1002b.D.segments.xml#id(IS1002b.sync.760)"/>
      <nite:child href="IS1002b.B.segments.xml#id(IS1002b.sync.406)"/>
   </discussion-fragment>
   <discussion-fragment nite:id="IS1002b.discussions.Rutger.2" name="Teletext yes or no (2)?">
      <nite:child href="IS1002b.C.segments.xml#id(IS1002b.sync.555)"/>
      <nite:child href="IS1002b.A.segments.xml#id(IS1002b.sync.98)"/>
      <nite:child href="IS1002b.B.segments.xml#id(IS1002b.sync.330)"/>
      <nite:child href="IS1002b.A.segments.xml#id(IS1002b.sync.99)"/>
      <nite:child href="IS1002b.B.segments.xml#id(IS1002b.sync.332)"/>
      <nite:child href="IS1002b.C.segments.xml#id(IS1002b.sync.557)"/>
      <nite:child href="IS1002b.A.segments.xml#id(IS1002b.sync.101)..id(IS1002b.sync.103)"/>
      <nite:child href="IS1002b.D.segments.xml#id(IS1002b.sync.682)"/>
      <nite:child href="IS1002b.A.segments.xml#id(IS1002b.sync.105)"/>
      <nite:child href="IS1002b.C.segments.xml#id(IS1002b.sync.559)"/>
      <nite:child href="IS1002b.B.segments.xml#id(IS1002b.sync.334)..id(IS1002b.sync.336)"/>
      <nite:child href="IS1002b.C.segments.xml#id(IS1002b.sync.561)"/>
      <nite:child href="IS1002b.D.segments.xml#id(IS1002b.sync.684)"/>
      <nite:child href="IS1002b.B.segments.xml#id(IS1002b.sync.338)"/>
      <nite:child href="IS1002b.D.segments.xml#id(IS1002b.sync.686)"/>
      <nite:child href="IS1002b.B.segments.xml#id(IS1002b.sync.340)"/>
      <nite:child href="IS1002b.C.segments.xml#id(IS1002b.sync.563)"/>
      <nite:child href="IS1002b.B.segments.xml#id(IS1002b.sync.342)"/>
      <nite:child href="IS1002b.A.segments.xml#id(IS1002b.sync.107)"/>
      <nite:child href="IS1002b.B.segments.xml#id(IS1002b.sync.344)..id(IS1002b.sync.348)"/>
      <nite:child href="IS1002b.A.segments.xml#id(IS1002b.sync.109)"/>
      <nite:child href="IS1002b.B.segments.xml#id(IS1002b.sync.350)"/>
      <nite:child href="IS1002b.A.segments.xml#id(IS1002b.sync.110)"/>
      <nite:child href="IS1002b.D.segments.xml#id(IS1002b.sync.688)..id(IS1002b.sync.690)"/>
      <nite:child href="IS1002b.C.segments.xml#id(IS1002b.sync.565)"/>
      <nite:child href="IS1002b.B.segments.xml#id(IS1002b.sync.352)"/>
      <nite:child href="IS1002b.A.segments.xml#id(IS1002b.sync.112)..id(IS1002b.sync.114)"/>
      <nite:child href="IS1002b.C.segments.xml#id(IS1002b.sync.567)"/>
      <nite:child href="IS1002b.A.segments.xml#id(IS1002b.sync.116)..id(IS1002b.sync.120)"/>
      <nite:child href="IS1002b.C.segments.xml#id(IS1002b.sync.569)"/>
      <nite:child href="IS1002b.B.segments.xml#id(IS1002b.sync.354)"/>
      <nite:child href="IS1002b.D.segments.xml#id(IS1002b.sync.692)"/>
      <nite:child href="IS1002b.C.segments.xml#id(IS1002b.sync.571)..id(IS1002b.sync.573)"/>
      <nite:child href="IS1002b.A.segments.xml#id(IS1002b.sync.122)..id(IS1002b.sync.124)"/>
      <nite:child href="IS1002b.C.segments.xml#id(IS1002b.sync.575)"/>
      <nite:child href="IS1002b.A.segments.xml#id(IS1002b.sync.126)"/>
      <nite:child href="IS1002b.C.segments.xml#id(IS1002b.sync.577)"/>
      <nite:child href="IS1002b.A.segments.xml#id(IS1002b.sync.127)"/>
      <nite:child href="IS1002b.B.segments.xml#id(IS1002b.sync.356)"/>
      <nite:child href="IS1002b.D.segments.xml#id(IS1002b.sync.694)"/>
      <nite:child href="IS1002b.C.segments.xml#id(IS1002b.sync.579)..id(IS1002b.sync.581)"/>
      <nite:child href="IS1002b.D.segments.xml#id(IS1002b.sync.696)..id(IS1002b.sync.698)"/>
      <nite:child href="IS1002b.A.segments.xml#id(IS1002b.sync.129)..id(IS1002b.sync.135)"/>
      <nite:child href="IS1002b.C.segments.xml#id(IS1002b.sync.583)"/>
      <nite:child href="IS1002b.D.segments.xml#id(IS1002b.sync.700)"/>
      <nite:child href="IS1002b.A.segments.xml#id(IS1002b.sync.137)..id(IS1002b.sync.139)"/>
      <nite:child href="IS1002b.D.segments.xml#id(IS1002b.sync.702)"/>
      <nite:child href="IS1002b.A.segments.xml#id(IS1002b.sync.141)..id(IS1002b.sync.147)"/>
      <nite:child href="IS1002b.B.segments.xml#id(IS1002b.sync.358)"/>
      <nite:child href="IS1002b.C.segments.xml#id(IS1002b.sync.585)"/>
      <nite:child href="IS1002b.B.segments.xml#id(IS1002b.sync.360)..id(IS1002b.sync.361)"/>
      <nite:child href="IS1002b.A.segments.xml#id(IS1002b.sync.149)..id(IS1002b.sync.151)"/>
      <nite:child href="IS1002b.B.segments.xml#id(IS1002b.sync.363)"/>
      <nite:child href="IS1002b.C.segments.xml#id(IS1002b.sync.587)..id(IS1002b.sync.589)"/>
      <nite:child href="IS1002b.A.segments.xml#id(IS1002b.sync.153)..id(IS1002b.sync.155)"/>
      <nite:child href="IS1002b.B.segments.xml#id(IS1002b.sync.365)..id(IS1002b.sync.367)"/>
      <nite:child href="IS1002b.D.segments.xml#id(IS1002b.sync.704)"/>
   </discussion-fragment>
   <discussion-fragment nite:id="IS1002b.discussions.Rutger.3" name="Teletekst yes or no (1)">
      <nite:child href="IS1002b.D.segments.xml#id(IS1002b.sync.643)"/>
      <nite:child href="IS1002b.A.segments.xml#id(IS1002b.sync.20)..id(IS1002b.sync.24)"/>
      <nite:child href="IS1002b.D.segments.xml#id(IS1002b.sync.644)"/>
      <nite:child href="IS1002b.A.segments.xml#id(IS1002b.sync.26)..id(IS1002b.sync.28)"/>
      <nite:child href="IS1002b.D.segments.xml#id(IS1002b.sync.646)..id(IS1002b.sync.648)"/>
      <nite:child href="IS1002b.A.segments.xml#id(IS1002b.sync.30)..id(IS1002b.sync.34)"/>
      <nite:child href="IS1002b.D.segments.xml#id(IS1002b.sync.650)..id(IS1002b.sync.652)"/>
      <nite:child href="IS1002b.C.segments.xml#id(IS1002b.sync.519)"/>
      <nite:child href="IS1002b.D.segments.xml#id(IS1002b.sync.654)"/>
      <nite:child href="IS1002b.A.segments.xml#id(IS1002b.sync.36)"/>
      <nite:child href="IS1002b.D.segments.xml#id(IS1002b.sync.656)"/>
      <nite:child href="IS1002b.C.segments.xml#id(IS1002b.sync.521)"/>
      <nite:child href="IS1002b.D.segments.xml#id(IS1002b.sync.658)"/>
      <nite:child href="IS1002b.A.segments.xml#id(IS1002b.sync.38)"/>
      <nite:child href="IS1002b.C.segments.xml#id(IS1002b.sync.523)"/>
      <nite:child href="IS1002b.A.segments.xml#id(IS1002b.sync.40)"/>
      <nite:child href="IS1002b.B.segments.xml#id(IS1002b.sync.290)"/>
      <nite:child href="IS1002b.D.segments.xml#id(IS1002b.sync.660)"/>
      <nite:child href="IS1002b.A.segments.xml#id(IS1002b.sync.42)..id(IS1002b.sync.44)"/>
      <nite:child href="IS1002b.D.segments.xml#id(IS1002b.sync.662)"/>
      <nite:child href="IS1002b.A.segments.xml#id(IS1002b.sync.46)"/>
   </discussion-fragment>
   <discussion-fragment nite:id="IS1002b.discussions.Rutger.4" name="Cradle2">
      <nite:child href="IS1002b.B.segments.xml#id(IS1002b.sync.478)..id(IS1002b.sync.480)"/>
      <nite:child href="IS1002b.A.segments.xml#id(IS1002b.sync.257)"/>
      <nite:child href="IS1002b.C.segments.xml#id(IS1002b.sync.631)"/>
      <nite:child href="IS1002b.B.segments.xml#id(IS1002b.sync.482)"/>
      <nite:child href="IS1002b.A.segments.xml#id(IS1002b.sync.259)"/>
      <nite:child href="IS1002b.D.segments.xml#id(IS1002b.sync.816)"/>
      <nite:child href="IS1002b.B.segments.xml#id(IS1002b.sync.484)"/>
      <nite:child href="IS1002b.C.segments.xml#id(IS1002b.sync.633)"/>
      <nite:child href="IS1002b.B.segments.xml#id(IS1002b.sync.486)"/>
      <nite:child href="IS1002b.D.segments.xml#id(IS1002b.sync.818)"/>
      <nite:child href="IS1002b.A.segments.xml#id(IS1002b.sync.261)"/>
      <nite:child href="IS1002b.B.segments.xml#id(IS1002b.sync.488)"/>
      <nite:child href="IS1002b.A.segments.xml#id(IS1002b.sync.263)"/>
      <nite:child href="IS1002b.B.segments.xml#id(IS1002b.sync.490)"/>
      <nite:child href="IS1002b.A.segments.xml#id(IS1002b.sync.265)"/>
      <nite:child href="IS1002b.C.segments.xml#id(IS1002b.sync.635)"/>
      <nite:child href="IS1002b.B.segments.xml#id(IS1002b.sync.492)..id(IS1002b.sync.494)"/>
      <nite:child href="IS1002b.A.segments.xml#id(IS1002b.sync.267)"/>
      <nite:child href="IS1002b.B.segments.xml#id(IS1002b.sync.496)"/>
      <nite:child href="IS1002b.D.segments.xml#id(IS1002b.sync.820)"/>
      <nite:child href="IS1002b.A.segments.xml#id(IS1002b.sync.269)"/>
      <nite:child href="IS1002b.B.segments.xml#id(IS1002b.sync.498)..id(IS1002b.sync.508)"/>
   </discussion-fragment>
   <discussion-fragment nite:id="IS1002b.discussions.Rutger.5" name="Cradle">
      <nite:child href="IS1002b.B.segments.xml#id(IS1002b.sync.440)"/>
      <nite:child href="IS1002b.A.segments.xml#id(IS1002b.sync.234)"/>
      <nite:child href="IS1002b.B.segments.xml#id(IS1002b.sync.442)"/>
      <nite:child href="IS1002b.A.segments.xml#id(IS1002b.sync.236)"/>
      <nite:child href="IS1002b.D.segments.xml#id(IS1002b.sync.794)"/>
      <nite:child href="IS1002b.B.segments.xml#id(IS1002b.sync.444)"/>
      <nite:child href="IS1002b.A.segments.xml#id(IS1002b.sync.238)"/>
      <nite:child href="IS1002b.B.segments.xml#id(IS1002b.sync.446)"/>
      <nite:child href="IS1002b.A.segments.xml#id(IS1002b.sync.239)"/>
      <nite:child href="IS1002b.B.segments.xml#id(IS1002b.sync.448)..id(IS1002b.sync.450)"/>
      <nite:child href="IS1002b.A.segments.xml#id(IS1002b.sync.241)"/>
      <nite:child href="IS1002b.B.segments.xml#id(IS1002b.sync.452)..id(IS1002b.sync.456)"/>
      <nite:child href="IS1002b.A.segments.xml#id(IS1002b.sync.243)"/>
      <nite:child href="IS1002b.D.segments.xml#id(IS1002b.sync.796)..id(IS1002b.sync.800)"/>
      <nite:child href="IS1002b.A.segments.xml#id(IS1002b.sync.245)..id(IS1002b.sync.249)"/>
      <nite:child href="IS1002b.C.segments.xml#id(IS1002b.sync.621)"/>
      <nite:child href="IS1002b.D.segments.xml#id(IS1002b.sync.802)"/>
   </discussion-fragment>
</nite:root>