<?xml version="1.0" encoding="ISO-8859-1" standalone="yes"?>
<nite:root nite:id="IS1004c.discussions" xmlns:nite="http://nite.sourceforge.net/">
   <discussion-fragment nite:id="IS1004c.discussions.Rutger.1" name="Shape of the remote">
      <nite:child href="IS1004c.C.segments.xml#id(IS1004c.sync.710)"/>
      <nite:child href="IS1004c.A.segments.xml#id(IS1004c.sync.47)"/>
      <nite:child href="IS1004c.D.segments.xml#id(IS1004c.sync.995)"/>
      <nite:child href="IS1004c.A.segments.xml#id(IS1004c.sync.49)"/>
      <nite:child href="IS1004c.B.segments.xml#id(IS1004c.sync.358)..id(IS1004c.sync.360)"/>
      <nite:child href="IS1004c.D.segments.xml#id(IS1004c.sync.997)..id(IS1004c.sync.999)"/>
      <nite:child href="IS1004c.A.segments.xml#id(IS1004c.sync.51)"/>
      <nite:child href="IS1004c.C.segments.xml#id(IS1004c.sync.712)"/>
      <nite:child href="IS1004c.D.segments.xml#id(IS1004c.sync.1001)..id(IS1004c.sync.1005)"/>
      <nite:child href="IS1004c.C.segments.xml#id(IS1004c.sync.714)"/>
      <nite:child href="IS1004c.D.segments.xml#id(IS1004c.sync.1007)"/>
      <nite:child href="IS1004c.A.segments.xml#id(IS1004c.sync.53)"/>
      <nite:child href="IS1004c.B.segments.xml#id(IS1004c.sync.362)"/>
      <nite:child href="IS1004c.A.segments.xml#id(IS1004c.sync.55)..id(IS1004c.sync.57)"/>
      <nite:child href="IS1004c.C.segments.xml#id(IS1004c.sync.716)"/>
      <nite:child href="IS1004c.D.segments.xml#id(IS1004c.sync.1009)..id(IS1004c.sync.1011)"/>
      <nite:child href="IS1004c.A.segments.xml#id(IS1004c.sync.59)"/>
      <nite:child href="IS1004c.C.segments.xml#id(IS1004c.sync.718)..id(IS1004c.sync.722)"/>
      <nite:child href="IS1004c.D.segments.xml#id(IS1004c.sync.1013)"/>
      <nite:child href="IS1004c.B.segments.xml#id(IS1004c.sync.364)"/>
      <nite:child href="IS1004c.D.segments.xml#id(IS1004c.sync.1015)"/>
      <nite:child href="IS1004c.C.segments.xml#id(IS1004c.sync.724)"/>
      <nite:child href="IS1004c.D.segments.xml#id(IS1004c.sync.1017)"/>
      <nite:child href="IS1004c.A.segments.xml#id(IS1004c.sync.61)"/>
      <nite:child href="IS1004c.B.segments.xml#id(IS1004c.sync.366)..id(IS1004c.sync.368)"/>
      <nite:child href="IS1004c.D.segments.xml#id(IS1004c.sync.1019)..id(IS1004c.sync.1021)"/>
      <nite:child href="IS1004c.B.segments.xml#id(IS1004c.sync.370)"/>
      <nite:child href="IS1004c.D.segments.xml#id(IS1004c.sync.1023)..id(IS1004c.sync.1025)"/>
      <nite:child href="IS1004c.B.segments.xml#id(IS1004c.sync.372)"/>
      <nite:child href="IS1004c.D.segments.xml#id(IS1004c.sync.1027)"/>
      <nite:child href="IS1004c.A.segments.xml#id(IS1004c.sync.63)"/>
      <nite:child href="IS1004c.D.segments.xml#id(IS1004c.sync.1029)"/>
      <nite:child href="IS1004c.B.segments.xml#id(IS1004c.sync.374)"/>
      <nite:child href="IS1004c.D.segments.xml#id(IS1004c.sync.1031)..id(IS1004c.sync.1035)"/>
      <nite:child href="IS1004c.B.segments.xml#id(IS1004c.sync.376)"/>
      <nite:child href="IS1004c.D.segments.xml#id(IS1004c.sync.1037)"/>
      <nite:child href="IS1004c.B.segments.xml#id(IS1004c.sync.378)"/>
      <nite:child href="IS1004c.D.segments.xml#id(IS1004c.sync.1039)"/>
      <nite:child href="IS1004c.B.segments.xml#id(IS1004c.sync.380)"/>
      <nite:child href="IS1004c.D.segments.xml#id(IS1004c.sync.1041)..id(IS1004c.sync.1043)"/>
      <nite:child href="IS1004c.B.segments.xml#id(IS1004c.sync.382)"/>
      <nite:child href="IS1004c.C.segments.xml#id(IS1004c.sync.726)..id(IS1004c.sync.728)"/>
      <nite:child href="IS1004c.B.segments.xml#id(IS1004c.sync.384)"/>
      <nite:child href="IS1004c.D.segments.xml#id(IS1004c.sync.1045)"/>
      <nite:child href="IS1004c.A.segments.xml#id(IS1004c.sync.65)"/>
      <nite:child href="IS1004c.B.segments.xml#id(IS1004c.sync.386)"/>
      <nite:child href="IS1004c.D.segments.xml#id(IS1004c.sync.1047)"/>
      <nite:child href="IS1004c.A.segments.xml#id(IS1004c.sync.67)"/>
   </discussion-fragment>
   <discussion-fragment nite:id="IS1004c.discussions.Rutger.2" name="Coffee machine interface">
      <nite:child href="IS1004c.D.segments.xml#id(IS1004c.sync.1095)"/>
      <nite:child href="IS1004c.A.segments.xml#id(IS1004c.sync.151)"/>
      <nite:child href="IS1004c.D.segments.xml#id(IS1004c.sync.1097)"/>
      <nite:child href="IS1004c.A.segments.xml#id(IS1004c.sync.153)"/>
      <nite:child href="IS1004c.C.segments.xml#id(IS1004c.sync.772)"/>
      <nite:child href="IS1004c.A.segments.xml#id(IS1004c.sync.155)"/>
      <nite:child href="IS1004c.D.segments.xml#id(IS1004c.sync.1099)"/>
      <nite:child href="IS1004c.C.segments.xml#id(IS1004c.sync.774)"/>
      <nite:child href="IS1004c.A.segments.xml#id(IS1004c.sync.157)"/>
      <nite:child href="IS1004c.B.segments.xml#id(IS1004c.sync.484)"/>
      <nite:child href="IS1004c.D.segments.xml#id(IS1004c.sync.1101)"/>
      <nite:child href="IS1004c.C.segments.xml#id(IS1004c.sync.776)"/>
      <nite:child href="IS1004c.B.segments.xml#id(IS1004c.sync.486)..id(IS1004c.sync.488)"/>
      <nite:child href="IS1004c.A.segments.xml#id(IS1004c.sync.159)"/>
      <nite:child href="IS1004c.D.segments.xml#id(IS1004c.sync.1103)"/>
      <nite:child href="IS1004c.B.segments.xml#id(IS1004c.sync.490)"/>
      <nite:child href="IS1004c.D.segments.xml#id(IS1004c.sync.1105)..id(IS1004c.sync.1107)"/>
      <nite:child href="IS1004c.C.segments.xml#id(IS1004c.sync.778)"/>
   </discussion-fragment>
   <discussion-fragment nite:id="IS1004c.discussions.Rutger.3" name="Does it need to be a banana?">
      <nite:child href="IS1004c.B.segments.xml#id(IS1004c.sync.590)"/>
      <nite:child href="IS1004c.C.segments.xml#id(IS1004c.sync.867)"/>
      <nite:child href="IS1004c.B.segments.xml#id(IS1004c.sync.592)..id(IS1004c.sync.594)"/>
      <nite:child href="IS1004c.A.segments.xml#id(IS1004c.sync.247)"/>
      <nite:child href="IS1004c.C.segments.xml#id(IS1004c.sync.869)"/>
      <nite:child href="IS1004c.B.segments.xml#id(IS1004c.sync.596)"/>
      <nite:child href="IS1004c.D.segments.xml#id(IS1004c.sync.1161)"/>
      <nite:child href="IS1004c.C.segments.xml#id(IS1004c.sync.871)"/>
      <nite:child href="IS1004c.A.segments.xml#id(IS1004c.sync.249)"/>
      <nite:child href="IS1004c.D.segments.xml#id(IS1004c.sync.1163)..id(IS1004c.sync.1167)"/>
      <nite:child href="IS1004c.C.segments.xml#id(IS1004c.sync.873)"/>
      <nite:child href="IS1004c.B.segments.xml#id(IS1004c.sync.598)"/>
      <nite:child href="IS1004c.A.segments.xml#id(IS1004c.sync.251)"/>
      <nite:child href="IS1004c.D.segments.xml#id(IS1004c.sync.1169)"/>
      <nite:child href="IS1004c.B.segments.xml#id(IS1004c.sync.600)..id(IS1004c.sync.602)"/>
      <nite:child href="IS1004c.A.segments.xml#id(IS1004c.sync.253)"/>
      <nite:child href="IS1004c.B.segments.xml#id(IS1004c.sync.604)"/>
      <nite:child href="IS1004c.A.segments.xml#id(IS1004c.sync.255)"/>
      <nite:child href="IS1004c.D.segments.xml#id(IS1004c.sync.1171)"/>
      <nite:child href="IS1004c.A.segments.xml#id(IS1004c.sync.257)"/>
   </discussion-fragment>
</nite:root>