<?xml version="1.0" encoding="ISO-8859-1" standalone="yes"?>
<nite:root nite:id="IS1009a.discussions" xmlns:nite="http://nite.sourceforge.net/">
   <discussion-fragment nite:id="IS1009a.discussions.Daan.1" name="Experience and first wishes">
      <nite:child href="IS1009a.A.segments.xml#id(IS1009a.sync.83)..id(IS1009a.sync.85)"/>
      <nite:child href="IS1009a.C.segments.xml#id(IS1009a.sync.257)"/>
      <nite:child href="IS1009a.B.segments.xml#id(IS1009a.sync.174)"/>
      <nite:child href="IS1009a.C.segments.xml#id(IS1009a.sync.259)"/>
      <nite:child href="IS1009a.B.segments.xml#id(IS1009a.sync.176)"/>
      <nite:child href="IS1009a.A.segments.xml#id(IS1009a.sync.87)..id(IS1009a.sync.91)"/>
      <nite:child href="IS1009a.C.segments.xml#id(IS1009a.sync.261)"/>
      <nite:child href="IS1009a.A.segments.xml#id(IS1009a.sync.93)"/>
      <nite:child href="IS1009a.B.segments.xml#id(IS1009a.sync.178)..id(IS1009a.sync.180)"/>
      <nite:child href="IS1009a.C.segments.xml#id(IS1009a.sync.263)"/>
      <nite:child href="IS1009a.B.segments.xml#id(IS1009a.sync.182)"/>
      <nite:child href="IS1009a.C.segments.xml#id(IS1009a.sync.265)"/>
      <nite:child href="IS1009a.B.segments.xml#id(IS1009a.sync.184)"/>
   </discussion-fragment>
   <discussion-fragment nite:id="IS1009a.discussions.Daan.2" name="Finding a lost remote control">
      <nite:child href="IS1009a.D.segments.xml#id(IS1009a.sync.400)"/>
      <nite:child href="IS1009a.A.segments.xml#id(IS1009a.sync.97)"/>
      <nite:child href="IS1009a.D.segments.xml#id(IS1009a.sync.402)"/>
      <nite:child href="IS1009a.C.segments.xml#id(IS1009a.sync.271)"/>
      <nite:child href="IS1009a.B.segments.xml#id(IS1009a.sync.188)..id(IS1009a.sync.190)"/>
      <nite:child href="IS1009a.A.segments.xml#id(IS1009a.sync.99)"/>
      <nite:child href="IS1009a.C.segments.xml#id(IS1009a.sync.273)"/>
      <nite:child href="IS1009a.B.segments.xml#id(IS1009a.sync.192)..id(IS1009a.sync.196)"/>
      <nite:child href="IS1009a.C.segments.xml#id(IS1009a.sync.275)"/>
      <nite:child href="IS1009a.D.segments.xml#id(IS1009a.sync.404)"/>
      <nite:child href="IS1009a.A.segments.xml#id(IS1009a.sync.101)..id(IS1009a.sync.105)"/>
      <nite:child href="IS1009a.B.segments.xml#id(IS1009a.sync.198)"/>
      <nite:child href="IS1009a.D.segments.xml#id(IS1009a.sync.406)"/>
      <nite:child href="IS1009a.C.segments.xml#id(IS1009a.sync.277)"/>
      <nite:child href="IS1009a.D.segments.xml#id(IS1009a.sync.408)"/>
      <nite:child href="IS1009a.C.segments.xml#id(IS1009a.sync.279)"/>
      <nite:child href="IS1009a.D.segments.xml#id(IS1009a.sync.410)"/>
      <nite:child href="IS1009a.A.segments.xml#id(IS1009a.sync.106)"/>
      <nite:child href="IS1009a.C.segments.xml#id(IS1009a.sync.281)"/>
      <nite:child href="IS1009a.D.segments.xml#id(IS1009a.sync.412)"/>
      <nite:child href="IS1009a.B.segments.xml#id(IS1009a.sync.200)"/>
      <nite:child href="IS1009a.A.segments.xml#id(IS1009a.sync.108)"/>
      <nite:child href="IS1009a.B.segments.xml#id(IS1009a.sync.202)"/>
      <nite:child href="IS1009a.C.segments.xml#id(IS1009a.sync.283)"/>
      <nite:child href="IS1009a.B.segments.xml#id(IS1009a.sync.204)"/>
      <nite:child href="IS1009a.D.segments.xml#id(IS1009a.sync.414)"/>
      <nite:child href="IS1009a.C.segments.xml#id(IS1009a.sync.285)"/>
      <nite:child href="IS1009a.A.segments.xml#id(IS1009a.sync.110)"/>
      <nite:child href="IS1009a.C.segments.xml#id(IS1009a.sync.287)..id(IS1009a.sync.289)"/>
      <nite:child href="IS1009a.D.segments.xml#id(IS1009a.sync.416)"/>
      <nite:child href="IS1009a.A.segments.xml#id(IS1009a.sync.112)"/>
      <nite:child href="IS1009a.D.segments.xml#id(IS1009a.sync.418)..id(IS1009a.sync.422)"/>
      <nite:child href="IS1009a.B.segments.xml#id(IS1009a.sync.206)"/>
      <nite:child href="IS1009a.D.segments.xml#id(IS1009a.sync.424)"/>
      <nite:child href="IS1009a.C.segments.xml#id(IS1009a.sync.291)"/>
      <nite:child href="IS1009a.B.segments.xml#id(IS1009a.sync.208)"/>
      <nite:child href="IS1009a.D.segments.xml#id(IS1009a.sync.426)"/>
      <nite:child href="IS1009a.A.segments.xml#id(IS1009a.sync.114)"/>
      <nite:child href="IS1009a.C.segments.xml#id(IS1009a.sync.293)"/>
      <nite:child href="IS1009a.D.segments.xml#id(IS1009a.sync.428)"/>
      <nite:child href="IS1009a.B.segments.xml#id(IS1009a.sync.210)"/>
      <nite:child href="IS1009a.D.segments.xml#id(IS1009a.sync.430)"/>
      <nite:child href="IS1009a.C.segments.xml#id(IS1009a.sync.295)"/>
      <nite:child href="IS1009a.A.segments.xml#id(IS1009a.sync.116)"/>
      <nite:child href="IS1009a.D.segments.xml#id(IS1009a.sync.432)"/>
      <nite:child href="IS1009a.B.segments.xml#id(IS1009a.sync.212)"/>
      <nite:child href="IS1009a.C.segments.xml#id(IS1009a.sync.297)"/>
      <nite:child href="IS1009a.A.segments.xml#id(IS1009a.sync.118)"/>
      <nite:child href="IS1009a.D.segments.xml#id(IS1009a.sync.434)"/>
      <nite:child href="IS1009a.C.segments.xml#id(IS1009a.sync.299)"/>
      <nite:child href="IS1009a.A.segments.xml#id(IS1009a.sync.120)"/>
      <nite:child href="IS1009a.C.segments.xml#id(IS1009a.sync.301)"/>
   </discussion-fragment>
</nite:root>