<?xml version="1.0" encoding="ISO-8859-1" standalone="yes"?>
<nite:root nite:id="IS1000b.discussions" xmlns:nite="http://nite.sourceforge.net/">
   <discussion-fragment nite:id="IS1000b.discussions.Rutger.1" name="Speech recognition">
      <nite:child href="IS1000b.A.segments.xml#id(IS1000b.sync.75)..id(IS1000b.sync.77)"/>
      <nite:child href="IS1000b.D.segments.xml#id(IS1000b.sync.908)"/>
      <nite:child href="IS1000b.A.segments.xml#id(IS1000b.sync.79)"/>
      <nite:child href="IS1000b.B.segments.xml#id(IS1000b.sync.416)"/>
      <nite:child href="IS1000b.D.segments.xml#id(IS1000b.sync.910)"/>
      <nite:child href="IS1000b.A.segments.xml#id(IS1000b.sync.81)"/>
      <nite:child href="IS1000b.D.segments.xml#id(IS1000b.sync.912)"/>
      <nite:child href="IS1000b.C.segments.xml#id(IS1000b.sync.701)"/>
      <nite:child href="IS1000b.B.segments.xml#id(IS1000b.sync.418)"/>
      <nite:child href="IS1000b.A.segments.xml#id(IS1000b.sync.83)..id(IS1000b.sync.85)"/>
      <nite:child href="IS1000b.D.segments.xml#id(IS1000b.sync.914)..id(IS1000b.sync.916)"/>
      <nite:child href="IS1000b.B.segments.xml#id(IS1000b.sync.420)..id(IS1000b.sync.422)"/>
      <nite:child href="IS1000b.A.segments.xml#id(IS1000b.sync.87)"/>
      <nite:child href="IS1000b.B.segments.xml#id(IS1000b.sync.424)"/>
      <nite:child href="IS1000b.D.segments.xml#id(IS1000b.sync.918)"/>
      <nite:child href="IS1000b.A.segments.xml#id(IS1000b.sync.89)"/>
      <nite:child href="IS1000b.D.segments.xml#id(IS1000b.sync.920)"/>
      <nite:child href="IS1000b.C.segments.xml#id(IS1000b.sync.703)"/>
      <nite:child href="IS1000b.B.segments.xml#id(IS1000b.sync.426)"/>
      <nite:child href="IS1000b.D.segments.xml#id(IS1000b.sync.922)"/>
      <nite:child href="IS1000b.A.segments.xml#id(IS1000b.sync.91)"/>
      <nite:child href="IS1000b.C.segments.xml#id(IS1000b.sync.705)"/>
      <nite:child href="IS1000b.D.segments.xml#id(IS1000b.sync.924)"/>
      <nite:child href="IS1000b.C.segments.xml#id(IS1000b.sync.707)..id(IS1000b.sync.711)"/>
      <nite:child href="IS1000b.B.segments.xml#id(IS1000b.sync.428)"/>
      <nite:child href="IS1000b.C.segments.xml#id(IS1000b.sync.713)"/>
      <nite:child href="IS1000b.D.segments.xml#id(IS1000b.sync.926)"/>
      <nite:child href="IS1000b.A.segments.xml#id(IS1000b.sync.93)"/>
      <nite:child href="IS1000b.C.segments.xml#id(IS1000b.sync.715)"/>
      <nite:child href="IS1000b.A.segments.xml#id(IS1000b.sync.95)"/>
      <nite:child href="IS1000b.B.segments.xml#id(IS1000b.sync.430)"/>
      <nite:child href="IS1000b.C.segments.xml#id(IS1000b.sync.717)"/>
      <nite:child href="IS1000b.B.segments.xml#id(IS1000b.sync.432)"/>
      <nite:child href="IS1000b.C.segments.xml#id(IS1000b.sync.719)"/>
      <nite:child href="IS1000b.D.segments.xml#id(IS1000b.sync.928)"/>
      <nite:child href="IS1000b.A.segments.xml#id(IS1000b.sync.97)"/>
   </discussion-fragment>
   <discussion-fragment nite:id="IS1000b.discussions.Rutger.2" name="Why do people buy new remotes?">
      <nite:child href="IS1000b.A.segments.xml#id(IS1000b.sync.267)"/>
      <nite:child href="IS1000b.D.segments.xml#id(IS1000b.sync.1044)"/>
      <nite:child href="IS1000b.C.segments.xml#id(IS1000b.sync.824)..id(IS1000b.sync.826)"/>
      <nite:child href="IS1000b.B.segments.xml#id(IS1000b.sync.588)"/>
      <nite:child href="IS1000b.A.segments.xml#id(IS1000b.sync.269)"/>
      <nite:child href="IS1000b.C.segments.xml#id(IS1000b.sync.828)"/>
      <nite:child href="IS1000b.B.segments.xml#id(IS1000b.sync.590)..id(IS1000b.sync.592)"/>
      <nite:child href="IS1000b.A.segments.xml#id(IS1000b.sync.271)"/>
      <nite:child href="IS1000b.B.segments.xml#id(IS1000b.sync.594)"/>
      <nite:child href="IS1000b.A.segments.xml#id(IS1000b.sync.273)"/>
      <nite:child href="IS1000b.B.segments.xml#id(IS1000b.sync.596)..id(IS1000b.sync.600)"/>
      <nite:child href="IS1000b.A.segments.xml#id(IS1000b.sync.275)"/>
      <nite:child href="IS1000b.B.segments.xml#id(IS1000b.sync.602)..id(IS1000b.sync.604)"/>
      <nite:child href="IS1000b.A.segments.xml#id(IS1000b.sync.277)"/>
      <nite:child href="IS1000b.B.segments.xml#id(IS1000b.sync.606)"/>
      <nite:child href="IS1000b.D.segments.xml#id(IS1000b.sync.1046)"/>
      <nite:child href="IS1000b.A.segments.xml#id(IS1000b.sync.279)..id(IS1000b.sync.283)"/>
      <nite:child href="IS1000b.D.segments.xml#id(IS1000b.sync.1047)"/>
      <nite:child href="IS1000b.A.segments.xml#id(IS1000b.sync.285)..id(IS1000b.sync.287)"/>
      <nite:child href="IS1000b.B.segments.xml#id(IS1000b.sync.608)"/>
      <nite:child href="IS1000b.D.segments.xml#id(IS1000b.sync.1049)..id(IS1000b.sync.1051)"/>
      <nite:child href="IS1000b.A.segments.xml#id(IS1000b.sync.289)..id(IS1000b.sync.291)"/>
      <nite:child href="IS1000b.B.segments.xml#id(IS1000b.sync.610)"/>
      <nite:child href="IS1000b.A.segments.xml#id(IS1000b.sync.293)"/>
      <nite:child href="IS1000b.B.segments.xml#id(IS1000b.sync.612)"/>
      <nite:child href="IS1000b.A.segments.xml#id(IS1000b.sync.295)"/>
      <nite:child href="IS1000b.B.segments.xml#id(IS1000b.sync.614)"/>
      <nite:child href="IS1000b.D.segments.xml#id(IS1000b.sync.1053)"/>
      <nite:child href="IS1000b.B.segments.xml#id(IS1000b.sync.616)"/>
      <nite:child href="IS1000b.D.segments.xml#id(IS1000b.sync.1055)"/>
      <nite:child href="IS1000b.B.segments.xml#id(IS1000b.sync.618)"/>
      <nite:child href="IS1000b.D.segments.xml#id(IS1000b.sync.1057)"/>
      <nite:child href="IS1000b.A.segments.xml#id(IS1000b.sync.297)..id(IS1000b.sync.299)"/>
      <nite:child href="IS1000b.B.segments.xml#id(IS1000b.sync.620)"/>
      <nite:child href="IS1000b.A.segments.xml#id(IS1000b.sync.301)"/>
      <nite:child href="IS1000b.B.segments.xml#id(IS1000b.sync.622)"/>
      <nite:child href="IS1000b.A.segments.xml#id(IS1000b.sync.303)"/>
      <nite:child href="IS1000b.B.segments.xml#id(IS1000b.sync.624)"/>
      <nite:child href="IS1000b.A.segments.xml#id(IS1000b.sync.305)"/>
      <nite:child href="IS1000b.B.segments.xml#id(IS1000b.sync.626)"/>
      <nite:child href="IS1000b.A.segments.xml#id(IS1000b.sync.307)..id(IS1000b.sync.309)"/>
      <nite:child href="IS1000b.B.segments.xml#id(IS1000b.sync.628)"/>
      <nite:child href="IS1000b.D.segments.xml#id(IS1000b.sync.1059)"/>
      <nite:child href="IS1000b.B.segments.xml#id(IS1000b.sync.630)..id(IS1000b.sync.632)"/>
      <nite:child href="IS1000b.D.segments.xml#id(IS1000b.sync.1061)"/>
      <nite:child href="IS1000b.A.segments.xml#id(IS1000b.sync.311)..id(IS1000b.sync.313)"/>
      <nite:child href="IS1000b.D.segments.xml#id(IS1000b.sync.1063)"/>
      <nite:child href="IS1000b.B.segments.xml#id(IS1000b.sync.634)"/>
      <nite:child href="IS1000b.C.segments.xml#id(IS1000b.sync.830)..id(IS1000b.sync.832)"/>
      <nite:child href="IS1000b.D.segments.xml#id(IS1000b.sync.1065)"/>
      <nite:child href="IS1000b.C.segments.xml#id(IS1000b.sync.834)..id(IS1000b.sync.836)"/>
      <nite:child href="IS1000b.A.segments.xml#id(IS1000b.sync.315)"/>
      <nite:child href="IS1000b.C.segments.xml#id(IS1000b.sync.838)"/>
      <nite:child href="IS1000b.B.segments.xml#id(IS1000b.sync.636)"/>
      <nite:child href="IS1000b.D.segments.xml#id(IS1000b.sync.1067)"/>
      <nite:child href="IS1000b.B.segments.xml#id(IS1000b.sync.638)..id(IS1000b.sync.642)"/>
      <nite:child href="IS1000b.C.segments.xml#id(IS1000b.sync.840)"/>
      <nite:child href="IS1000b.A.segments.xml#id(IS1000b.sync.317)"/>
      <nite:child href="IS1000b.B.segments.xml#id(IS1000b.sync.644)"/>
   </discussion-fragment>
</nite:root>