<?xml version="1.0" encoding="ISO-8859-1" standalone="yes"?>
<nite:root nite:id="TS3005d.discussions" xmlns:nite="http://nite.sourceforge.net/">
   <discussion-fragment nite:id="TS3005d.discussions.Daan.1" name="Lose the curve">
      <nite:child href="TS3005d.C.segments.xml#id(TS3005d.sync.1692)"/>
      <nite:child href="TS3005d.D.segments.xml#id(TS3005d.sync.2368)"/>
      <nite:child href="TS3005d.B.segments.xml#id(TS3005d.sync.915)"/>
      <nite:child href="TS3005d.D.segments.xml#id(TS3005d.sync.2370)"/>
      <nite:child href="TS3005d.B.segments.xml#id(TS3005d.sync.917)"/>
      <nite:child href="TS3005d.C.segments.xml#id(TS3005d.sync.1694)"/>
      <nite:child href="TS3005d.D.segments.xml#id(TS3005d.sync.2372)"/>
      <nite:child href="TS3005d.B.segments.xml#id(TS3005d.sync.919)"/>
      <nite:child href="TS3005d.D.segments.xml#id(TS3005d.sync.2374)"/>
      <nite:child href="TS3005d.B.segments.xml#id(TS3005d.sync.921)..id(TS3005d.sync.923)"/>
      <nite:child href="TS3005d.D.segments.xml#id(TS3005d.sync.2376)"/>
      <nite:child href="TS3005d.B.segments.xml#id(TS3005d.sync.925)"/>
      <nite:child href="TS3005d.C.segments.xml#id(TS3005d.sync.1696)"/>
      <nite:child href="TS3005d.D.segments.xml#id(TS3005d.sync.2378)"/>
   </discussion-fragment>
   <discussion-fragment nite:id="TS3005d.discussions.Daan.2" name="How to treat colour prices">
      <nite:child href="TS3005d.D.segments.xml#id(TS3005d.sync.2430)..id(TS3005d.sync.2434)"/>
      <nite:child href="TS3005d.C.segments.xml#id(TS3005d.sync.1746)"/>
      <nite:child href="TS3005d.B.segments.xml#id(TS3005d.sync.984)"/>
      <nite:child href="TS3005d.D.segments.xml#id(TS3005d.sync.2436)"/>
      <nite:child href="TS3005d.C.segments.xml#id(TS3005d.sync.1748)"/>
      <nite:child href="TS3005d.D.segments.xml#id(TS3005d.sync.2438)"/>
      <nite:child href="TS3005d.B.segments.xml#id(TS3005d.sync.986)"/>
      <nite:child href="TS3005d.C.segments.xml#id(TS3005d.sync.1750)..id(TS3005d.sync.1752)"/>
      <nite:child href="TS3005d.D.segments.xml#id(TS3005d.sync.2440)"/>
      <nite:child href="TS3005d.B.segments.xml#id(TS3005d.sync.988)"/>
      <nite:child href="TS3005d.D.segments.xml#id(TS3005d.sync.2442)..id(TS3005d.sync.2444)"/>
      <nite:child href="TS3005d.C.segments.xml#id(TS3005d.sync.1754)"/>
      <nite:child href="TS3005d.B.segments.xml#id(TS3005d.sync.990)"/>
      <nite:child href="TS3005d.D.segments.xml#id(TS3005d.sync.2446)..id(TS3005d.sync.2448)"/>
      <nite:child href="TS3005d.A.segments.xml#id(TS3005d.sync.252)"/>
      <nite:child href="TS3005d.B.segments.xml#id(TS3005d.sync.992)"/>
      <nite:child href="TS3005d.D.segments.xml#id(TS3005d.sync.2450)"/>
      <nite:child href="TS3005d.B.segments.xml#id(TS3005d.sync.994)"/>
      <nite:child href="TS3005d.A.segments.xml#id(TS3005d.sync.254)..id(TS3005d.sync.256)"/>
      <nite:child href="TS3005d.B.segments.xml#id(TS3005d.sync.996)"/>
      <nite:child href="TS3005d.C.segments.xml#id(TS3005d.sync.1756)"/>
      <nite:child href="TS3005d.D.segments.xml#id(TS3005d.sync.2452)..id(TS3005d.sync.2454)"/>
      <nite:child href="TS3005d.B.segments.xml#id(TS3005d.sync.998)"/>
      <nite:child href="TS3005d.A.segments.xml#id(TS3005d.sync.258)"/>
   </discussion-fragment>
</nite:root>