<?xml version="1.0" encoding="ISO-8859-1" standalone="yes"?>
<nite:root nite:id="TS3003c.discussions" xmlns:nite="http://nite.sourceforge.net/">
   <discussion-fragment nite:id="TS3003c.discussions.Daan.1" name="Energy source">
      <nite:child href="TS3003c.A.segments.xml#id(TS3003c.sync.49)..id(TS3003c.sync.51)"/>
      <nite:child href="TS3003c.B.segments.xml#id(TS3003c.sync.339)"/>
      <nite:child href="TS3003c.A.segments.xml#id(TS3003c.sync.53)"/>
      <nite:child href="TS3003c.C.segments.xml#id(TS3003c.sync.568)"/>
      <nite:child href="TS3003c.A.segments.xml#id(TS3003c.sync.55)..id(TS3003c.sync.57)"/>
      <nite:child href="TS3003c.B.segments.xml#id(TS3003c.sync.341)"/>
      <nite:child href="TS3003c.D.segments.xml#id(TS3003c.sync.673)"/>
      <nite:child href="TS3003c.A.segments.xml#id(TS3003c.sync.59)..id(TS3003c.sync.61)"/>
      <nite:child href="TS3003c.B.segments.xml#id(TS3003c.sync.343)"/>
      <nite:child href="TS3003c.A.segments.xml#id(TS3003c.sync.63)..id(TS3003c.sync.65)"/>
      <nite:child href="TS3003c.D.segments.xml#id(TS3003c.sync.675)"/>
      <nite:child href="TS3003c.C.segments.xml#id(TS3003c.sync.570)"/>
      <nite:child href="TS3003c.D.segments.xml#id(TS3003c.sync.677)"/>
      <nite:child href="TS3003c.B.segments.xml#id(TS3003c.sync.345)"/>
      <nite:child href="TS3003c.A.segments.xml#id(TS3003c.sync.67)"/>
      <nite:child href="TS3003c.D.segments.xml#id(TS3003c.sync.679)"/>
      <nite:child href="TS3003c.B.segments.xml#id(TS3003c.sync.347)..id(TS3003c.sync.349)"/>
      <nite:child href="TS3003c.C.segments.xml#id(TS3003c.sync.572)"/>
      <nite:child href="TS3003c.D.segments.xml#id(TS3003c.sync.681)"/>
      <nite:child href="TS3003c.C.segments.xml#id(TS3003c.sync.574)"/>
      <nite:child href="TS3003c.D.segments.xml#id(TS3003c.sync.683)"/>
      <nite:child href="TS3003c.A.segments.xml#id(TS3003c.sync.69)"/>
      <nite:child href="TS3003c.B.segments.xml#id(TS3003c.sync.351)"/>
      <nite:child href="TS3003c.D.segments.xml#id(TS3003c.sync.685)"/>
      <nite:child href="TS3003c.B.segments.xml#id(TS3003c.sync.353)"/>
      <nite:child href="TS3003c.D.segments.xml#id(TS3003c.sync.687)"/>
      <nite:child href="TS3003c.B.segments.xml#id(TS3003c.sync.355)..id(TS3003c.sync.357)"/>
      <nite:child href="TS3003c.A.segments.xml#id(TS3003c.sync.71)..id(TS3003c.sync.73)"/>
      <nite:child href="TS3003c.D.segments.xml#id(TS3003c.sync.689)"/>
      <nite:child href="TS3003c.B.segments.xml#id(TS3003c.sync.359)..id(TS3003c.sync.361)"/>
   </discussion-fragment>
   <discussion-fragment nite:id="TS3003c.discussions.Daan.2" name="Changing case covers">
      <nite:child href="TS3003c.A.segments.xml#id(TS3003c.sync.113)..id(TS3003c.sync.115)"/>
      <nite:child href="TS3003c.D.segments.xml#id(TS3003c.sync.715)..id(TS3003c.sync.717)"/>
      <nite:child href="TS3003c.C.segments.xml#id(TS3003c.sync.588)"/>
      <nite:child href="TS3003c.D.segments.xml#id(TS3003c.sync.719)"/>
      <nite:child href="TS3003c.B.segments.xml#id(TS3003c.sync.399)"/>
      <nite:child href="TS3003c.A.segments.xml#id(TS3003c.sync.117)..id(TS3003c.sync.119)"/>
      <nite:child href="TS3003c.D.segments.xml#id(TS3003c.sync.721)"/>
      <nite:child href="TS3003c.B.segments.xml#id(TS3003c.sync.401)"/>
      <nite:child href="TS3003c.A.segments.xml#id(TS3003c.sync.121)"/>
      <nite:child href="TS3003c.C.segments.xml#id(TS3003c.sync.590)"/>
      <nite:child href="TS3003c.A.segments.xml#id(TS3003c.sync.123)..id(TS3003c.sync.125)"/>
      <nite:child href="TS3003c.D.segments.xml#id(TS3003c.sync.723)"/>
      <nite:child href="TS3003c.B.segments.xml#id(TS3003c.sync.403)..id(TS3003c.sync.405)"/>
      <nite:child href="TS3003c.A.segments.xml#id(TS3003c.sync.127)..id(TS3003c.sync.129)"/>
      <nite:child href="TS3003c.B.segments.xml#id(TS3003c.sync.407)"/>
      <nite:child href="TS3003c.A.segments.xml#id(TS3003c.sync.131)"/>
      <nite:child href="TS3003c.B.segments.xml#id(TS3003c.sync.409)"/>
      <nite:child href="TS3003c.C.segments.xml#id(TS3003c.sync.592)"/>
      <nite:child href="TS3003c.D.segments.xml#id(TS3003c.sync.725)"/>
      <nite:child href="TS3003c.A.segments.xml#id(TS3003c.sync.132)"/>
      <nite:child href="TS3003c.B.segments.xml#id(TS3003c.sync.411)"/>
      <nite:child href="TS3003c.D.segments.xml#id(TS3003c.sync.727)"/>
      <nite:child href="TS3003c.B.segments.xml#id(TS3003c.sync.413)"/>
      <nite:child href="TS3003c.D.segments.xml#id(TS3003c.sync.729)"/>
      <nite:child href="TS3003c.A.segments.xml#id(TS3003c.sync.134)"/>
      <nite:child href="TS3003c.D.segments.xml#id(TS3003c.sync.731)..id(TS3003c.sync.733)"/>
      <nite:child href="TS3003c.A.segments.xml#id(TS3003c.sync.136)..id(TS3003c.sync.138)"/>
      <nite:child href="TS3003c.D.segments.xml#id(TS3003c.sync.735)"/>
      <nite:child href="TS3003c.A.segments.xml#id(TS3003c.sync.140)"/>
      <nite:child href="TS3003c.D.segments.xml#id(TS3003c.sync.737)"/>
      <nite:child href="TS3003c.C.segments.xml#id(TS3003c.sync.594)"/>
      <nite:child href="TS3003c.B.segments.xml#id(TS3003c.sync.415)"/>
      <nite:child href="TS3003c.D.segments.xml#id(TS3003c.sync.739)"/>
      <nite:child href="TS3003c.A.segments.xml#id(TS3003c.sync.142)"/>
      <nite:child href="TS3003c.D.segments.xml#id(TS3003c.sync.741)"/>
      <nite:child href="TS3003c.A.segments.xml#id(TS3003c.sync.144)..id(TS3003c.sync.146)"/>
      <nite:child href="TS3003c.D.segments.xml#id(TS3003c.sync.743)"/>
      <nite:child href="TS3003c.A.segments.xml#id(TS3003c.sync.148)"/>
      <nite:child href="TS3003c.C.segments.xml#id(TS3003c.sync.596)"/>
      <nite:child href="TS3003c.A.segments.xml#id(TS3003c.sync.150)"/>
      <nite:child href="TS3003c.B.segments.xml#id(TS3003c.sync.417)"/>
      <nite:child href="TS3003c.A.segments.xml#id(TS3003c.sync.152)"/>
   </discussion-fragment>
</nite:root>