<?xml version="1.0" encoding="ISO-8859-1" standalone="yes"?>
<nite:root nite:id="TS3003b.discussions" xmlns:nite="http://nite.sourceforge.net/">
   <discussion-fragment nite:id="TS3003b.discussions.Daan.1" name="Touch screen">
      <nite:child href="TS3003b.C.segments.xml#id(TS3003b.sync.499)"/>
      <nite:child href="TS3003b.A.segments.xml#id(TS3003b.sync.56)"/>
      <nite:child href="TS3003b.B.segments.xml#id(TS3003b.sync.356)"/>
      <nite:child href="TS3003b.A.segments.xml#id(TS3003b.sync.58)..id(TS3003b.sync.60)"/>
      <nite:child href="TS3003b.B.segments.xml#id(TS3003b.sync.357)..id(TS3003b.sync.361)"/>
      <nite:child href="TS3003b.A.segments.xml#id(TS3003b.sync.62)"/>
      <nite:child href="TS3003b.D.segments.xml#id(TS3003b.sync.660)"/>
      <nite:child href="TS3003b.A.segments.xml#id(TS3003b.sync.64)"/>
      <nite:child href="TS3003b.D.segments.xml#id(TS3003b.sync.662)"/>
      <nite:child href="TS3003b.B.segments.xml#id(TS3003b.sync.363)"/>
      <nite:child href="TS3003b.A.segments.xml#id(TS3003b.sync.66)"/>
      <nite:child href="TS3003b.C.segments.xml#id(TS3003b.sync.501)"/>
      <nite:child href="TS3003b.D.segments.xml#id(TS3003b.sync.664)..id(TS3003b.sync.666)"/>
      <nite:child href="TS3003b.A.segments.xml#id(TS3003b.sync.68)"/>
      <nite:child href="TS3003b.B.segments.xml#id(TS3003b.sync.365)"/>
      <nite:child href="TS3003b.D.segments.xml#id(TS3003b.sync.668)"/>
      <nite:child href="TS3003b.B.segments.xml#id(TS3003b.sync.367)"/>
      <nite:child href="TS3003b.D.segments.xml#id(TS3003b.sync.670)"/>
   </discussion-fragment>
   <discussion-fragment nite:id="TS3003b.discussions.Daan.2" name="New requirementws">
      <nite:child href="TS3003b.D.segments.xml#id(TS3003b.sync.682)"/>
      <nite:child href="TS3003b.A.segments.xml#id(TS3003b.sync.95)"/>
      <nite:child href="TS3003b.B.segments.xml#id(TS3003b.sync.377)..id(TS3003b.sync.379)"/>
      <nite:child href="TS3003b.D.segments.xml#id(TS3003b.sync.684)"/>
      <nite:child href="TS3003b.A.segments.xml#id(TS3003b.sync.97)"/>
      <nite:child href="TS3003b.D.segments.xml#id(TS3003b.sync.686)..id(TS3003b.sync.688)"/>
      <nite:child href="TS3003b.B.segments.xml#id(TS3003b.sync.381)"/>
      <nite:child href="TS3003b.D.segments.xml#id(TS3003b.sync.690)"/>
      <nite:child href="TS3003b.A.segments.xml#id(TS3003b.sync.99)"/>
      <nite:child href="TS3003b.B.segments.xml#id(TS3003b.sync.383)"/>
      <nite:child href="TS3003b.D.segments.xml#id(TS3003b.sync.692)"/>
      <nite:child href="TS3003b.A.segments.xml#id(TS3003b.sync.101)"/>
      <nite:child href="TS3003b.D.segments.xml#id(TS3003b.sync.694)..id(TS3003b.sync.698)"/>
      <nite:child href="TS3003b.B.segments.xml#id(TS3003b.sync.385)"/>
      <nite:child href="TS3003b.A.segments.xml#id(TS3003b.sync.103)..id(TS3003b.sync.105)"/>
      <nite:child href="TS3003b.D.segments.xml#id(TS3003b.sync.700)"/>
      <nite:child href="TS3003b.A.segments.xml#id(TS3003b.sync.107)"/>
      <nite:child href="TS3003b.D.segments.xml#id(TS3003b.sync.702)"/>
      <nite:child href="TS3003b.A.segments.xml#id(TS3003b.sync.109)"/>
      <nite:child href="TS3003b.D.segments.xml#id(TS3003b.sync.704)"/>
      <nite:child href="TS3003b.B.segments.xml#id(TS3003b.sync.387)"/>
      <nite:child href="TS3003b.A.segments.xml#id(TS3003b.sync.110)"/>
      <nite:child href="TS3003b.D.segments.xml#id(TS3003b.sync.706)..id(TS3003b.sync.708)"/>
      <nite:child href="TS3003b.A.segments.xml#id(TS3003b.sync.112)"/>
      <nite:child href="TS3003b.D.segments.xml#id(TS3003b.sync.710)..id(TS3003b.sync.712)"/>
      <nite:child href="TS3003b.B.segments.xml#id(TS3003b.sync.389)"/>
      <nite:child href="TS3003b.A.segments.xml#id(TS3003b.sync.114)"/>
      <nite:child href="TS3003b.D.segments.xml#id(TS3003b.sync.714)..id(TS3003b.sync.720)"/>
      <nite:child href="TS3003b.B.segments.xml#id(TS3003b.sync.391)"/>
      <nite:child href="TS3003b.D.segments.xml#id(TS3003b.sync.722)..id(TS3003b.sync.724)"/>
      <nite:child href="TS3003b.B.segments.xml#id(TS3003b.sync.393)"/>
      <nite:child href="TS3003b.A.segments.xml#id(TS3003b.sync.116)"/>
      <nite:child href="TS3003b.C.segments.xml#id(TS3003b.sync.522)"/>
      <nite:child href="TS3003b.D.segments.xml#id(TS3003b.sync.726)"/>
      <nite:child href="TS3003b.A.segments.xml#id(TS3003b.sync.118)"/>
      <nite:child href="TS3003b.C.segments.xml#id(TS3003b.sync.524)"/>
      <nite:child href="TS3003b.D.segments.xml#id(TS3003b.sync.728)"/>
      <nite:child href="TS3003b.A.segments.xml#id(TS3003b.sync.120)"/>
      <nite:child href="TS3003b.D.segments.xml#id(TS3003b.sync.730)"/>
      <nite:child href="TS3003b.A.segments.xml#id(TS3003b.sync.122)"/>
      <nite:child href="TS3003b.B.segments.xml#id(TS3003b.sync.395)"/>
      <nite:child href="TS3003b.C.segments.xml#id(TS3003b.sync.526)..id(TS3003b.sync.528)"/>
      <nite:child href="TS3003b.A.segments.xml#id(TS3003b.sync.124)"/>
      <nite:child href="TS3003b.B.segments.xml#id(TS3003b.sync.397)"/>
      <nite:child href="TS3003b.A.segments.xml#id(TS3003b.sync.126)"/>
   </discussion-fragment>
   <discussion-fragment nite:id="TS3003b.discussions.Daan.3" name="Scroll Button">
      <nite:child href="TS3003b.A.segments.xml#id(TS3003b.sync.176)..id(TS3003b.sync.178)"/>
      <nite:child href="TS3003b.B.segments.xml#id(TS3003b.sync.431)"/>
      <nite:child href="TS3003b.A.segments.xml#id(TS3003b.sync.180)"/>
      <nite:child href="TS3003b.B.segments.xml#id(TS3003b.sync.433)..id(TS3003b.sync.437)"/>
      <nite:child href="TS3003b.D.segments.xml#id(TS3003b.sync.764)..id(TS3003b.sync.772)"/>
      <nite:child href="TS3003b.C.segments.xml#id(TS3003b.sync.534)"/>
      <nite:child href="TS3003b.B.segments.xml#id(TS3003b.sync.439)"/>
      <nite:child href="TS3003b.A.segments.xml#id(TS3003b.sync.182)"/>
      <nite:child href="TS3003b.D.segments.xml#id(TS3003b.sync.774)"/>
      <nite:child href="TS3003b.B.segments.xml#id(TS3003b.sync.441)"/>
   </discussion-fragment>
   <discussion-fragment nite:id="TS3003b.discussions.Daan.4" name="LCD">
      <nite:child href="TS3003b.A.segments.xml#id(TS3003b.sync.240)..id(TS3003b.sync.242)"/>
      <nite:child href="TS3003b.C.segments.xml#id(TS3003b.sync.548)"/>
      <nite:child href="TS3003b.A.segments.xml#id(TS3003b.sync.244)"/>
      <nite:child href="TS3003b.C.segments.xml#id(TS3003b.sync.550)"/>
      <nite:child href="TS3003b.B.segments.xml#id(TS3003b.sync.463)"/>
      <nite:child href="TS3003b.C.segments.xml#id(TS3003b.sync.552)"/>
      <nite:child href="TS3003b.D.segments.xml#id(TS3003b.sync.820)"/>
      <nite:child href="TS3003b.A.segments.xml#id(TS3003b.sync.246)"/>
      <nite:child href="TS3003b.D.segments.xml#id(TS3003b.sync.822)"/>
      <nite:child href="TS3003b.A.segments.xml#id(TS3003b.sync.248)"/>
      <nite:child href="TS3003b.B.segments.xml#id(TS3003b.sync.465)"/>
      <nite:child href="TS3003b.A.segments.xml#id(TS3003b.sync.250)"/>
      <nite:child href="TS3003b.D.segments.xml#id(TS3003b.sync.824)"/>
      <nite:child href="TS3003b.A.segments.xml#id(TS3003b.sync.252)"/>
      <nite:child href="TS3003b.D.segments.xml#id(TS3003b.sync.826)"/>
      <nite:child href="TS3003b.A.segments.xml#id(TS3003b.sync.254)"/>
      <nite:child href="TS3003b.B.segments.xml#id(TS3003b.sync.467)"/>
      <nite:child href="TS3003b.D.segments.xml#id(TS3003b.sync.828)"/>
      <nite:child href="TS3003b.A.segments.xml#id(TS3003b.sync.256)"/>
      <nite:child href="TS3003b.D.segments.xml#id(TS3003b.sync.830)..id(TS3003b.sync.832)"/>
      <nite:child href="TS3003b.A.segments.xml#id(TS3003b.sync.258)..id(TS3003b.sync.264)"/>
   </discussion-fragment>
</nite:root>