<?xml version="1.0" encoding="ISO-8859-1" standalone="yes"?>
<nite:root nite:id="TS3006a.discussions" xmlns:nite="http://nite.sourceforge.net/">
   <discussion-fragment nite:id="TS3006a.discussions.Daan.1" name="Universal or not?">
      <nite:child href="TS3006a.C.segments.xml#id(TS3006a.sync.603)"/>
      <nite:child href="TS3006a.A.segments.xml#id(TS3006a.sync.254)..id(TS3006a.sync.256)"/>
      <nite:child href="TS3006a.D.segments.xml#id(TS3006a.sync.841)"/>
      <nite:child href="TS3006a.A.segments.xml#id(TS3006a.sync.258)..id(TS3006a.sync.260)"/>
      <nite:child href="TS3006a.D.segments.xml#id(TS3006a.sync.843)"/>
      <nite:child href="TS3006a.A.segments.xml#id(TS3006a.sync.262)"/>
      <nite:child href="TS3006a.C.segments.xml#id(TS3006a.sync.605)"/>
      <nite:child href="TS3006a.D.segments.xml#id(TS3006a.sync.845)"/>
      <nite:child href="TS3006a.C.segments.xml#id(TS3006a.sync.607)"/>
      <nite:child href="TS3006a.D.segments.xml#id(TS3006a.sync.847)"/>
      <nite:child href="TS3006a.A.segments.xml#id(TS3006a.sync.264)"/>
      <nite:child href="TS3006a.D.segments.xml#id(TS3006a.sync.849)"/>
      <nite:child href="TS3006a.A.segments.xml#id(TS3006a.sync.266)"/>
      <nite:child href="TS3006a.B.segments.xml#id(TS3006a.sync.447)"/>
      <nite:child href="TS3006a.D.segments.xml#id(TS3006a.sync.851)"/>
      <nite:child href="TS3006a.A.segments.xml#id(TS3006a.sync.268)"/>
      <nite:child href="TS3006a.B.segments.xml#id(TS3006a.sync.449)"/>
      <nite:child href="TS3006a.D.segments.xml#id(TS3006a.sync.853)"/>
      <nite:child href="TS3006a.A.segments.xml#id(TS3006a.sync.270)..id(TS3006a.sync.274)"/>
      <nite:child href="TS3006a.B.segments.xml#id(TS3006a.sync.451)"/>
      <nite:child href="TS3006a.C.segments.xml#id(TS3006a.sync.609)"/>
      <nite:child href="TS3006a.A.segments.xml#id(TS3006a.sync.276)"/>
      <nite:child href="TS3006a.C.segments.xml#id(TS3006a.sync.611)..id(TS3006a.sync.613)"/>
      <nite:child href="TS3006a.A.segments.xml#id(TS3006a.sync.278)"/>
      <nite:child href="TS3006a.D.segments.xml#id(TS3006a.sync.855)"/>
      <nite:child href="TS3006a.A.segments.xml#id(TS3006a.sync.280)"/>
      <nite:child href="TS3006a.D.segments.xml#id(TS3006a.sync.857)"/>
      <nite:child href="TS3006a.A.segments.xml#id(TS3006a.sync.282)"/>
      <nite:child href="TS3006a.D.segments.xml#id(TS3006a.sync.859)"/>
      <nite:child href="TS3006a.A.segments.xml#id(TS3006a.sync.284)"/>
      <nite:child href="TS3006a.B.segments.xml#id(TS3006a.sync.453)"/>
      <nite:child href="TS3006a.D.segments.xml#id(TS3006a.sync.861)"/>
      <nite:child href="TS3006a.A.segments.xml#id(TS3006a.sync.286)"/>
      <nite:child href="TS3006a.D.segments.xml#id(TS3006a.sync.863)"/>
      <nite:child href="TS3006a.C.segments.xml#id(TS3006a.sync.615)"/>
      <nite:child href="TS3006a.A.segments.xml#id(TS3006a.sync.288)"/>
      <nite:child href="TS3006a.C.segments.xml#id(TS3006a.sync.617)"/>
      <nite:child href="TS3006a.D.segments.xml#id(TS3006a.sync.865)..id(TS3006a.sync.867)"/>
      <nite:child href="TS3006a.A.segments.xml#id(TS3006a.sync.290)"/>
      <nite:child href="TS3006a.C.segments.xml#id(TS3006a.sync.619)..id(TS3006a.sync.623)"/>
   </discussion-fragment>
</nite:root>