<?xml version="1.0" encoding="ISO-8859-1" standalone="yes"?>
<nite:root nite:id="TS3004d.discussions" xmlns:nite="http://nite.sourceforge.net/">
   <discussion-fragment nite:id="TS3004d.discussions.Daan.1" name="Speech recognition">
      <nite:child href="TS3004d.B.segments.xml#id(TS3004d.sync.395)"/>
      <nite:child href="TS3004d.A.segments.xml#id(TS3004d.sync.17)"/>
      <nite:child href="TS3004d.B.segments.xml#id(TS3004d.sync.397)"/>
      <nite:child href="TS3004d.A.segments.xml#id(TS3004d.sync.19)"/>
      <nite:child href="TS3004d.B.segments.xml#id(TS3004d.sync.399)"/>
      <nite:child href="TS3004d.C.segments.xml#id(TS3004d.sync.970)"/>
      <nite:child href="TS3004d.A.segments.xml#id(TS3004d.sync.21)"/>
      <nite:child href="TS3004d.C.segments.xml#id(TS3004d.sync.972)..id(TS3004d.sync.974)"/>
      <nite:child href="TS3004d.B.segments.xml#id(TS3004d.sync.401)"/>
      <nite:child href="TS3004d.A.segments.xml#id(TS3004d.sync.23)"/>
      <nite:child href="TS3004d.C.segments.xml#id(TS3004d.sync.976)"/>
      <nite:child href="TS3004d.A.segments.xml#id(TS3004d.sync.25)"/>
      <nite:child href="TS3004d.B.segments.xml#id(TS3004d.sync.403)"/>
      <nite:child href="TS3004d.C.segments.xml#id(TS3004d.sync.978)"/>
      <nite:child href="TS3004d.A.segments.xml#id(TS3004d.sync.27)..id(TS3004d.sync.29)"/>
      <nite:child href="TS3004d.B.segments.xml#id(TS3004d.sync.405)"/>
      <nite:child href="TS3004d.A.segments.xml#id(TS3004d.sync.31)"/>
      <nite:child href="TS3004d.C.segments.xml#id(TS3004d.sync.980)"/>
      <nite:child href="TS3004d.B.segments.xml#id(TS3004d.sync.407)"/>
      <nite:child href="TS3004d.C.segments.xml#id(TS3004d.sync.982)"/>
      <nite:child href="TS3004d.B.segments.xml#id(TS3004d.sync.409)"/>
      <nite:child href="TS3004d.C.segments.xml#id(TS3004d.sync.984)"/>
      <nite:child href="TS3004d.A.segments.xml#id(TS3004d.sync.33)"/>
      <nite:child href="TS3004d.B.segments.xml#id(TS3004d.sync.411)"/>
   </discussion-fragment>
   <discussion-fragment nite:id="TS3004d.discussions.Daan.2" name="Text on buttons">
      <nite:child href="TS3004d.D.segments.xml#id(TS3004d.sync.1,469)"/>
      <nite:child href="TS3004d.C.segments.xml#id(TS3004d.sync.1,106)"/>
      <nite:child href="TS3004d.B.segments.xml#id(TS3004d.sync.560)"/>
      <nite:child href="TS3004d.D.segments.xml#id(TS3004d.sync.1,471)"/>
      <nite:child href="TS3004d.A.segments.xml#id(TS3004d.sync.133)"/>
      <nite:child href="TS3004d.B.segments.xml#id(TS3004d.sync.562)"/>
      <nite:child href="TS3004d.C.segments.xml#id(TS3004d.sync.1,108)"/>
      <nite:child href="TS3004d.D.segments.xml#id(TS3004d.sync.1,473)"/>
      <nite:child href="TS3004d.C.segments.xml#id(TS3004d.sync.1,110)"/>
      <nite:child href="TS3004d.D.segments.xml#id(TS3004d.sync.1,475)"/>
      <nite:child href="TS3004d.B.segments.xml#id(TS3004d.sync.564)"/>
      <nite:child href="TS3004d.D.segments.xml#id(TS3004d.sync.1,477)"/>
      <nite:child href="TS3004d.C.segments.xml#id(TS3004d.sync.1,112)"/>
      <nite:child href="TS3004d.D.segments.xml#id(TS3004d.sync.1,479)..id(TS3004d.sync.1,483)"/>
      <nite:child href="TS3004d.A.segments.xml#id(TS3004d.sync.135)"/>
   </discussion-fragment>
   <discussion-fragment nite:id="TS3004d.discussions.Daan.4" name="Innovative">
      <nite:child href="TS3004d.D.segments.xml#id(TS3004d.sync.1,568)"/>
      <nite:child href="TS3004d.C.segments.xml#id(TS3004d.sync.1,150)"/>
      <nite:child href="TS3004d.A.segments.xml#id(TS3004d.sync.219)"/>
      <nite:child href="TS3004d.C.segments.xml#id(TS3004d.sync.1,152)"/>
      <nite:child href="TS3004d.D.segments.xml#id(TS3004d.sync.1,570)"/>
      <nite:child href="TS3004d.B.segments.xml#id(TS3004d.sync.648)"/>
      <nite:child href="TS3004d.A.segments.xml#id(TS3004d.sync.221)"/>
      <nite:child href="TS3004d.D.segments.xml#id(TS3004d.sync.1,572)"/>
      <nite:child href="TS3004d.A.segments.xml#id(TS3004d.sync.223)"/>
      <nite:child href="TS3004d.D.segments.xml#id(TS3004d.sync.1,574)"/>
      <nite:child href="TS3004d.B.segments.xml#id(TS3004d.sync.650)"/>
      <nite:child href="TS3004d.C.segments.xml#id(TS3004d.sync.1,154)"/>
      <nite:child href="TS3004d.D.segments.xml#id(TS3004d.sync.1,576)"/>
      <nite:child href="TS3004d.A.segments.xml#id(TS3004d.sync.225)"/>
      <nite:child href="TS3004d.C.segments.xml#id(TS3004d.sync.1,156)"/>
      <nite:child href="TS3004d.B.segments.xml#id(TS3004d.sync.652)"/>
      <nite:child href="TS3004d.C.segments.xml#id(TS3004d.sync.1,158)"/>
      <nite:child href="TS3004d.B.segments.xml#id(TS3004d.sync.654)"/>
      <nite:child href="TS3004d.D.segments.xml#id(TS3004d.sync.1,578)"/>
      <nite:child href="TS3004d.C.segments.xml#id(TS3004d.sync.1,160)"/>
      <nite:child href="TS3004d.B.segments.xml#id(TS3004d.sync.656)"/>
      <nite:child href="TS3004d.D.segments.xml#id(TS3004d.sync.1,580)"/>
      <nite:child href="TS3004d.A.segments.xml#id(TS3004d.sync.227)"/>
      <nite:child href="TS3004d.B.segments.xml#id(TS3004d.sync.658)"/>
      <nite:child href="TS3004d.D.segments.xml#id(TS3004d.sync.1,582)"/>
      <nite:child href="TS3004d.B.segments.xml#id(TS3004d.sync.660)"/>
      <nite:child href="TS3004d.A.segments.xml#id(TS3004d.sync.229)..id(TS3004d.sync.231)"/>
      <nite:child href="TS3004d.D.segments.xml#id(TS3004d.sync.1,584)..id(TS3004d.sync.1,586)"/>
      <nite:child href="TS3004d.B.segments.xml#id(TS3004d.sync.662)"/>
      <nite:child href="TS3004d.C.segments.xml#id(TS3004d.sync.1,162)"/>
      <nite:child href="TS3004d.B.segments.xml#id(TS3004d.sync.664)"/>
      <nite:child href="TS3004d.A.segments.xml#id(TS3004d.sync.233)"/>
      <nite:child href="TS3004d.C.segments.xml#id(TS3004d.sync.1,164)"/>
      <nite:child href="TS3004d.B.segments.xml#id(TS3004d.sync.666)"/>
      <nite:child href="TS3004d.A.segments.xml#id(TS3004d.sync.235)"/>
      <nite:child href="TS3004d.B.segments.xml#id(TS3004d.sync.668)..id(TS3004d.sync.670)"/>
      <nite:child href="TS3004d.A.segments.xml#id(TS3004d.sync.237)..id(TS3004d.sync.239)"/>
      <nite:child href="TS3004d.B.segments.xml#id(TS3004d.sync.672)"/>
      <nite:child href="TS3004d.D.segments.xml#id(TS3004d.sync.1,588)"/>
      <nite:child href="TS3004d.C.segments.xml#id(TS3004d.sync.1,166)"/>
      <nite:child href="TS3004d.A.segments.xml#id(TS3004d.sync.241)"/>
      <nite:child href="TS3004d.D.segments.xml#id(TS3004d.sync.1,590)"/>
      <nite:child href="TS3004d.B.segments.xml#id(TS3004d.sync.674)"/>
      <nite:child href="TS3004d.A.segments.xml#id(TS3004d.sync.243)"/>
      <nite:child href="TS3004d.C.segments.xml#id(TS3004d.sync.1,168)"/>
      <nite:child href="TS3004d.A.segments.xml#id(TS3004d.sync.245)"/>
      <nite:child href="TS3004d.D.segments.xml#id(TS3004d.sync.1,592)"/>
      <nite:child href="TS3004d.C.segments.xml#id(TS3004d.sync.1,170)"/>
      <nite:child href="TS3004d.B.segments.xml#id(TS3004d.sync.676)"/>
      <nite:child href="TS3004d.C.segments.xml#id(TS3004d.sync.1,172)"/>
      <nite:child href="TS3004d.B.segments.xml#id(TS3004d.sync.678)"/>
      <nite:child href="TS3004d.A.segments.xml#id(TS3004d.sync.247)"/>
      <nite:child href="TS3004d.C.segments.xml#id(TS3004d.sync.1,174)"/>
      <nite:child href="TS3004d.D.segments.xml#id(TS3004d.sync.1,594)"/>
      <nite:child href="TS3004d.A.segments.xml#id(TS3004d.sync.249)"/>
      <nite:child href="TS3004d.D.segments.xml#id(TS3004d.sync.1,596)"/>
      <nite:child href="TS3004d.A.segments.xml#id(TS3004d.sync.251)"/>
      <nite:child href="TS3004d.C.segments.xml#id(TS3004d.sync.1,176)"/>
      <nite:child href="TS3004d.B.segments.xml#id(TS3004d.sync.680)"/>
   </discussion-fragment>
</nite:root>