<?xml version="1.0" encoding="ISO-8859-1" standalone="yes"?>
<nite:root nite:id="TS3006b.discussions" xmlns:nite="http://nite.sourceforge.net/">
   <discussion-fragment nite:id="TS3006b.discussions.Daan.1" name="Place of Microphone">
      <nite:child href="TS3006b.A.segments.xml#id(TS3006b.sync.322)"/>
      <nite:child href="TS3006b.D.segments.xml#id(TS3006b.sync.1,514)"/>
      <nite:child href="TS3006b.A.segments.xml#id(TS3006b.sync.324)"/>
      <nite:child href="TS3006b.C.segments.xml#id(TS3006b.sync.1,123)"/>
      <nite:child href="TS3006b.A.segments.xml#id(TS3006b.sync.326)"/>
      <nite:child href="TS3006b.D.segments.xml#id(TS3006b.sync.1,516)"/>
      <nite:child href="TS3006b.C.segments.xml#id(TS3006b.sync.1,125)"/>
      <nite:child href="TS3006b.B.segments.xml#id(TS3006b.sync.821)"/>
      <nite:child href="TS3006b.C.segments.xml#id(TS3006b.sync.1,127)"/>
      <nite:child href="TS3006b.B.segments.xml#id(TS3006b.sync.823)"/>
      <nite:child href="TS3006b.D.segments.xml#id(TS3006b.sync.1,518)"/>
      <nite:child href="TS3006b.C.segments.xml#id(TS3006b.sync.1,129)"/>
      <nite:child href="TS3006b.B.segments.xml#id(TS3006b.sync.825)"/>
      <nite:child href="TS3006b.A.segments.xml#id(TS3006b.sync.328)..id(TS3006b.sync.330)"/>
      <nite:child href="TS3006b.B.segments.xml#id(TS3006b.sync.827)"/>
      <nite:child href="TS3006b.C.segments.xml#id(TS3006b.sync.1,131)..id(TS3006b.sync.1,133)"/>
      <nite:child href="TS3006b.B.segments.xml#id(TS3006b.sync.829)..id(TS3006b.sync.833)"/>
      <nite:child href="TS3006b.D.segments.xml#id(TS3006b.sync.1,520)"/>
      <nite:child href="TS3006b.C.segments.xml#id(TS3006b.sync.1,135)"/>
      <nite:child href="TS3006b.A.segments.xml#id(TS3006b.sync.332)"/>
      <nite:child href="TS3006b.C.segments.xml#id(TS3006b.sync.1,137)"/>
      <nite:child href="TS3006b.A.segments.xml#id(TS3006b.sync.334)"/>
      <nite:child href="TS3006b.D.segments.xml#id(TS3006b.sync.1,522)"/>
      <nite:child href="TS3006b.A.segments.xml#id(TS3006b.sync.336)"/>
      <nite:child href="TS3006b.C.segments.xml#id(TS3006b.sync.1,139)"/>
      <nite:child href="TS3006b.D.segments.xml#id(TS3006b.sync.1,524)"/>
      <nite:child href="TS3006b.B.segments.xml#id(TS3006b.sync.835)"/>
      <nite:child href="TS3006b.A.segments.xml#id(TS3006b.sync.338)"/>
      <nite:child href="TS3006b.C.segments.xml#id(TS3006b.sync.1,141)"/>
      <nite:child href="TS3006b.A.segments.xml#id(TS3006b.sync.340)"/>
      <nite:child href="TS3006b.D.segments.xml#id(TS3006b.sync.1,526)"/>
      <nite:child href="TS3006b.A.segments.xml#id(TS3006b.sync.342)"/>
      <nite:child href="TS3006b.C.segments.xml#id(TS3006b.sync.1,143)"/>
      <nite:child href="TS3006b.B.segments.xml#id(TS3006b.sync.837)"/>
   </discussion-fragment>
   <discussion-fragment nite:id="TS3006b.discussions.Daan.2" name="Storing channels">
      <nite:child href="TS3006b.D.segments.xml#id(TS3006b.sync.1,584)"/>
      <nite:child href="TS3006b.A.segments.xml#id(TS3006b.sync.428)"/>
      <nite:child href="TS3006b.D.segments.xml#id(TS3006b.sync.1,586)"/>
      <nite:child href="TS3006b.A.segments.xml#id(TS3006b.sync.430)"/>
      <nite:child href="TS3006b.D.segments.xml#id(TS3006b.sync.1,588)"/>
      <nite:child href="TS3006b.A.segments.xml#id(TS3006b.sync.432)"/>
      <nite:child href="TS3006b.D.segments.xml#id(TS3006b.sync.1,590)"/>
      <nite:child href="TS3006b.A.segments.xml#id(TS3006b.sync.434)"/>
      <nite:child href="TS3006b.D.segments.xml#id(TS3006b.sync.1,592)"/>
      <nite:child href="TS3006b.A.segments.xml#id(TS3006b.sync.436)..id(TS3006b.sync.438)"/>
      <nite:child href="TS3006b.C.segments.xml#id(TS3006b.sync.1,181)"/>
      <nite:child href="TS3006b.D.segments.xml#id(TS3006b.sync.1,594)"/>
      <nite:child href="TS3006b.A.segments.xml#id(TS3006b.sync.440)..id(TS3006b.sync.442)"/>
      <nite:child href="TS3006b.D.segments.xml#id(TS3006b.sync.1,596)"/>
      <nite:child href="TS3006b.A.segments.xml#id(TS3006b.sync.444)..id(TS3006b.sync.448)"/>
      <nite:child href="TS3006b.D.segments.xml#id(TS3006b.sync.1,598)"/>
      <nite:child href="TS3006b.A.segments.xml#id(TS3006b.sync.450)..id(TS3006b.sync.452)"/>
      <nite:child href="TS3006b.D.segments.xml#id(TS3006b.sync.1,600)..id(TS3006b.sync.1,602)"/>
      <nite:child href="TS3006b.A.segments.xml#id(TS3006b.sync.454)"/>
   </discussion-fragment>
</nite:root>