<?xml version="1.0" encoding="ISO-8859-1" standalone="yes"?>
<nite:root nite:id="TS3004c.discussions" xmlns:nite="http://nite.sourceforge.net/">
   <discussion-fragment nite:id="TS3004c.discussions.Daan.1" name="Case">
      <nite:child href="TS3004c.A.segments.xml#id(TS3004c.sync.103)"/>
      <nite:child href="TS3004c.C.segments.xml#id(TS3004c.sync.979)"/>
      <nite:child href="TS3004c.B.segments.xml#id(TS3004c.sync.561)"/>
      <nite:child href="TS3004c.C.segments.xml#id(TS3004c.sync.981)"/>
      <nite:child href="TS3004c.B.segments.xml#id(TS3004c.sync.563)"/>
      <nite:child href="TS3004c.A.segments.xml#id(TS3004c.sync.105)"/>
      <nite:child href="TS3004c.C.segments.xml#id(TS3004c.sync.983)..id(TS3004c.sync.985)"/>
      <nite:child href="TS3004c.B.segments.xml#id(TS3004c.sync.565)"/>
      <nite:child href="TS3004c.C.segments.xml#id(TS3004c.sync.987)"/>
      <nite:child href="TS3004c.A.segments.xml#id(TS3004c.sync.107)"/>
      <nite:child href="TS3004c.C.segments.xml#id(TS3004c.sync.989)"/>
      <nite:child href="TS3004c.B.segments.xml#id(TS3004c.sync.567)"/>
      <nite:child href="TS3004c.C.segments.xml#id(TS3004c.sync.991)"/>
      <nite:child href="TS3004c.A.segments.xml#id(TS3004c.sync.109)"/>
      <nite:child href="TS3004c.B.segments.xml#id(TS3004c.sync.569)"/>
      <nite:child href="TS3004c.C.segments.xml#id(TS3004c.sync.993)"/>
      <nite:child href="TS3004c.A.segments.xml#id(TS3004c.sync.111)"/>
      <nite:child href="TS3004c.C.segments.xml#id(TS3004c.sync.995)"/>
      <nite:child href="TS3004c.B.segments.xml#id(TS3004c.sync.571)"/>
      <nite:child href="TS3004c.D.segments.xml#id(TS3004c.sync.1372)"/>
      <nite:child href="TS3004c.A.segments.xml#id(TS3004c.sync.113)"/>
      <nite:child href="TS3004c.C.segments.xml#id(TS3004c.sync.997)"/>
      <nite:child href="TS3004c.B.segments.xml#id(TS3004c.sync.573)"/>
      <nite:child href="TS3004c.A.segments.xml#id(TS3004c.sync.115)"/>
      <nite:child href="TS3004c.C.segments.xml#id(TS3004c.sync.999)..id(TS3004c.sync.1001)"/>
      <nite:child href="TS3004c.A.segments.xml#id(TS3004c.sync.117)"/>
      <nite:child href="TS3004c.C.segments.xml#id(TS3004c.sync.1003)"/>
      <nite:child href="TS3004c.B.segments.xml#id(TS3004c.sync.575)"/>
      <nite:child href="TS3004c.C.segments.xml#id(TS3004c.sync.1005)..id(TS3004c.sync.1007)"/>
      <nite:child href="TS3004c.B.segments.xml#id(TS3004c.sync.577)"/>
      <nite:child href="TS3004c.C.segments.xml#id(TS3004c.sync.1009)..id(TS3004c.sync.1011)"/>
      <nite:child href="TS3004c.B.segments.xml#id(TS3004c.sync.579)"/>
      <nite:child href="TS3004c.A.segments.xml#id(TS3004c.sync.119)"/>
      <nite:child href="TS3004c.B.segments.xml#id(TS3004c.sync.581)"/>
      <nite:child href="TS3004c.C.segments.xml#id(TS3004c.sync.1013)"/>
      <nite:child href="TS3004c.A.segments.xml#id(TS3004c.sync.121)"/>
      <nite:child href="TS3004c.B.segments.xml#id(TS3004c.sync.583)"/>
      <nite:child href="TS3004c.C.segments.xml#id(TS3004c.sync.1015)"/>
      <nite:child href="TS3004c.B.segments.xml#id(TS3004c.sync.585)"/>
      <nite:child href="TS3004c.A.segments.xml#id(TS3004c.sync.123)"/>
      <nite:child href="TS3004c.D.segments.xml#id(TS3004c.sync.1374)"/>
      <nite:child href="TS3004c.B.segments.xml#id(TS3004c.sync.587)"/>
      <nite:child href="TS3004c.C.segments.xml#id(TS3004c.sync.1017)"/>
      <nite:child href="TS3004c.B.segments.xml#id(TS3004c.sync.589)"/>
      <nite:child href="TS3004c.C.segments.xml#id(TS3004c.sync.1019)"/>
   </discussion-fragment>
   <discussion-fragment nite:id="TS3004c.discussions.Daan.2" name="Energy source">
      <nite:child href="TS3004c.C.segments.xml#id(TS3004c.sync.1066)"/>
      <nite:child href="TS3004c.A.segments.xml#id(TS3004c.sync.163)..id(TS3004c.sync.165)"/>
      <nite:child href="TS3004c.B.segments.xml#id(TS3004c.sync.633)"/>
      <nite:child href="TS3004c.C.segments.xml#id(TS3004c.sync.1068)"/>
      <nite:child href="TS3004c.A.segments.xml#id(TS3004c.sync.167)"/>
      <nite:child href="TS3004c.B.segments.xml#id(TS3004c.sync.635)"/>
      <nite:child href="TS3004c.C.segments.xml#id(TS3004c.sync.1070)"/>
      <nite:child href="TS3004c.A.segments.xml#id(TS3004c.sync.169)"/>
      <nite:child href="TS3004c.B.segments.xml#id(TS3004c.sync.637)"/>
      <nite:child href="TS3004c.C.segments.xml#id(TS3004c.sync.1072)"/>
      <nite:child href="TS3004c.B.segments.xml#id(TS3004c.sync.639)"/>
      <nite:child href="TS3004c.C.segments.xml#id(TS3004c.sync.1074)"/>
      <nite:child href="TS3004c.A.segments.xml#id(TS3004c.sync.171)"/>
      <nite:child href="TS3004c.C.segments.xml#id(TS3004c.sync.1076)"/>
      <nite:child href="TS3004c.A.segments.xml#id(TS3004c.sync.173)"/>
      <nite:child href="TS3004c.D.segments.xml#id(TS3004c.sync.1397)..id(TS3004c.sync.1399)"/>
      <nite:child href="TS3004c.B.segments.xml#id(TS3004c.sync.641)"/>
      <nite:child href="TS3004c.C.segments.xml#id(TS3004c.sync.1078)"/>
      <nite:child href="TS3004c.A.segments.xml#id(TS3004c.sync.175)"/>
      <nite:child href="TS3004c.C.segments.xml#id(TS3004c.sync.1080)"/>
      <nite:child href="TS3004c.A.segments.xml#id(TS3004c.sync.177)"/>
      <nite:child href="TS3004c.B.segments.xml#id(TS3004c.sync.643)"/>
      <nite:child href="TS3004c.D.segments.xml#id(TS3004c.sync.1401)"/>
      <nite:child href="TS3004c.C.segments.xml#id(TS3004c.sync.1082)"/>
      <nite:child href="TS3004c.A.segments.xml#id(TS3004c.sync.179)"/>
      <nite:child href="TS3004c.D.segments.xml#id(TS3004c.sync.1403)"/>
   </discussion-fragment>
</nite:root>