<?xml version="1.0" encoding="ISO-8859-1" standalone="yes"?>
<nite:root nite:id="TS3004a.discussions" xmlns:nite="http://nite.sourceforge.net/">
   <discussion-fragment nite:id="TS3004a.discussions.Daan.1" name="Universal Remote Control">
      <nite:child href="TS3004a.D.segments.xml#id(TS3004a.sync.707)"/>
      <nite:child href="TS3004a.A.segments.xml#id(TS3004a.sync.148)"/>
      <nite:child href="TS3004a.D.segments.xml#id(TS3004a.sync.709)"/>
      <nite:child href="TS3004a.A.segments.xml#id(TS3004a.sync.150)"/>
      <nite:child href="TS3004a.D.segments.xml#id(TS3004a.sync.711)"/>
      <nite:child href="TS3004a.C.segments.xml#id(TS3004a.sync.515)"/>
      <nite:child href="TS3004a.B.segments.xml#id(TS3004a.sync.346)"/>
      <nite:child href="TS3004a.D.segments.xml#id(TS3004a.sync.713)..id(TS3004a.sync.715)"/>
      <nite:child href="TS3004a.A.segments.xml#id(TS3004a.sync.152)"/>
      <nite:child href="TS3004a.C.segments.xml#id(TS3004a.sync.517)"/>
      <nite:child href="TS3004a.D.segments.xml#id(TS3004a.sync.717)"/>
      <nite:child href="TS3004a.A.segments.xml#id(TS3004a.sync.154)"/>
      <nite:child href="TS3004a.D.segments.xml#id(TS3004a.sync.719)"/>
      <nite:child href="TS3004a.B.segments.xml#id(TS3004a.sync.348)"/>
      <nite:child href="TS3004a.C.segments.xml#id(TS3004a.sync.519)"/>
      <nite:child href="TS3004a.A.segments.xml#id(TS3004a.sync.156)"/>
      <nite:child href="TS3004a.C.segments.xml#id(TS3004a.sync.521)"/>
      <nite:child href="TS3004a.B.segments.xml#id(TS3004a.sync.350)"/>
      <nite:child href="TS3004a.A.segments.xml#id(TS3004a.sync.158)"/>
      <nite:child href="TS3004a.B.segments.xml#id(TS3004a.sync.352)"/>
   </discussion-fragment>
   <discussion-fragment nite:id="TS3004a.discussions.Daan.2" name="Recharge">
      <nite:child href="TS3004a.C.segments.xml#id(TS3004a.sync.547)"/>
      <nite:child href="TS3004a.D.segments.xml#id(TS3004a.sync.753)"/>
      <nite:child href="TS3004a.A.segments.xml#id(TS3004a.sync.190)"/>
      <nite:child href="TS3004a.D.segments.xml#id(TS3004a.sync.755)"/>
      <nite:child href="TS3004a.B.segments.xml#id(TS3004a.sync.390)"/>
      <nite:child href="TS3004a.C.segments.xml#id(TS3004a.sync.549)"/>
      <nite:child href="TS3004a.B.segments.xml#id(TS3004a.sync.392)"/>
      <nite:child href="TS3004a.A.segments.xml#id(TS3004a.sync.192)"/>
      <nite:child href="TS3004a.D.segments.xml#id(TS3004a.sync.757)"/>
      <nite:child href="TS3004a.C.segments.xml#id(TS3004a.sync.551)"/>
      <nite:child href="TS3004a.B.segments.xml#id(TS3004a.sync.394)"/>
      <nite:child href="TS3004a.A.segments.xml#id(TS3004a.sync.194)"/>
      <nite:child href="TS3004a.C.segments.xml#id(TS3004a.sync.553)"/>
      <nite:child href="TS3004a.A.segments.xml#id(TS3004a.sync.196)"/>
      <nite:child href="TS3004a.D.segments.xml#id(TS3004a.sync.759)..id(TS3004a.sync.761)"/>
      <nite:child href="TS3004a.B.segments.xml#id(TS3004a.sync.396)"/>
      <nite:child href="TS3004a.D.segments.xml#id(TS3004a.sync.763)"/>
      <nite:child href="TS3004a.A.segments.xml#id(TS3004a.sync.198)"/>
      <nite:child href="TS3004a.B.segments.xml#id(TS3004a.sync.398)"/>
      <nite:child href="TS3004a.C.segments.xml#id(TS3004a.sync.555)"/>
      <nite:child href="TS3004a.D.segments.xml#id(TS3004a.sync.765)"/>
      <nite:child href="TS3004a.A.segments.xml#id(TS3004a.sync.200)"/>
      <nite:child href="TS3004a.B.segments.xml#id(TS3004a.sync.400)"/>
      <nite:child href="TS3004a.C.segments.xml#id(TS3004a.sync.557)"/>
      <nite:child href="TS3004a.D.segments.xml#id(TS3004a.sync.767)"/>
      <nite:child href="TS3004a.B.segments.xml#id(TS3004a.sync.402)"/>
      <nite:child href="TS3004a.D.segments.xml#id(TS3004a.sync.769)..id(TS3004a.sync.771)"/>
      <nite:child href="TS3004a.C.segments.xml#id(TS3004a.sync.559)"/>
      <nite:child href="TS3004a.B.segments.xml#id(TS3004a.sync.404)"/>
      <nite:child href="TS3004a.C.segments.xml#id(TS3004a.sync.561)"/>
      <nite:child href="TS3004a.B.segments.xml#id(TS3004a.sync.406)"/>
      <nite:child href="TS3004a.D.segments.xml#id(TS3004a.sync.773)"/>
      <nite:child href="TS3004a.A.segments.xml#id(TS3004a.sync.202)"/>
      <nite:child href="TS3004a.C.segments.xml#id(TS3004a.sync.563)"/>
   </discussion-fragment>
</nite:root>