<?xml version="1.0" encoding="ISO-8859-1" standalone="yes"?>
<nite:root nite:id="TS3004b.discussions" xmlns:nite="http://nite.sourceforge.net/">
   <discussion-fragment nite:id="TS3004b.discussions.Daan.1" name="Finding the remote">
      <nite:child href="TS3004b.D.segments.xml#id(TS3004b.sync.981)"/>
      <nite:child href="TS3004b.C.segments.xml#id(TS3004b.sync.683)"/>
      <nite:child href="TS3004b.D.segments.xml#id(TS3004b.sync.982)"/>
      <nite:child href="TS3004b.B.segments.xml#id(TS3004b.sync.362)..id(TS3004b.sync.364)"/>
   </discussion-fragment>
   <discussion-fragment nite:id="TS3004b.discussions.Daan.2" name="Fashion">
      <nite:child href="TS3004b.D.segments.xml#id(TS3004b.sync.1002)..id(TS3004b.sync.1004)"/>
      <nite:child href="TS3004b.A.segments.xml#id(TS3004b.sync.87)"/>
      <nite:child href="TS3004b.B.segments.xml#id(TS3004b.sync.370)"/>
      <nite:child href="TS3004b.D.segments.xml#id(TS3004b.sync.1006)"/>
      <nite:child href="TS3004b.B.segments.xml#id(TS3004b.sync.372)"/>
      <nite:child href="TS3004b.A.segments.xml#id(TS3004b.sync.89)..id(TS3004b.sync.91)"/>
      <nite:child href="TS3004b.B.segments.xml#id(TS3004b.sync.374)"/>
      <nite:child href="TS3004b.A.segments.xml#id(TS3004b.sync.93)"/>
      <nite:child href="TS3004b.C.segments.xml#id(TS3004b.sync.687)"/>
      <nite:child href="TS3004b.B.segments.xml#id(TS3004b.sync.376)..id(TS3004b.sync.378)"/>
      <nite:child href="TS3004b.D.segments.xml#id(TS3004b.sync.1008)"/>
      <nite:child href="TS3004b.A.segments.xml#id(TS3004b.sync.95)"/>
      <nite:child href="TS3004b.B.segments.xml#id(TS3004b.sync.380)"/>
      <nite:child href="TS3004b.A.segments.xml#id(TS3004b.sync.97)"/>
      <nite:child href="TS3004b.D.segments.xml#id(TS3004b.sync.1010)"/>
      <nite:child href="TS3004b.A.segments.xml#id(TS3004b.sync.99)"/>
      <nite:child href="TS3004b.C.segments.xml#id(TS3004b.sync.689)"/>
   </discussion-fragment>
   <discussion-fragment nite:id="TS3004b.discussions.Daan.3" name="Red or green LED">
      <nite:child href="TS3004b.C.segments.xml#id(TS3004b.sync.756)"/>
      <nite:child href="TS3004b.D.segments.xml#id(TS3004b.sync.1042)"/>
      <nite:child href="TS3004b.A.segments.xml#id(TS3004b.sync.165)"/>
      <nite:child href="TS3004b.C.segments.xml#id(TS3004b.sync.758)"/>
      <nite:child href="TS3004b.B.segments.xml#id(TS3004b.sync.492)"/>
      <nite:child href="TS3004b.A.segments.xml#id(TS3004b.sync.167)"/>
      <nite:child href="TS3004b.D.segments.xml#id(TS3004b.sync.1044)"/>
      <nite:child href="TS3004b.A.segments.xml#id(TS3004b.sync.169)"/>
      <nite:child href="TS3004b.C.segments.xml#id(TS3004b.sync.760)"/>
      <nite:child href="TS3004b.B.segments.xml#id(TS3004b.sync.494)..id(TS3004b.sync.496)"/>
      <nite:child href="TS3004b.D.segments.xml#id(TS3004b.sync.1046)"/>
      <nite:child href="TS3004b.C.segments.xml#id(TS3004b.sync.762)"/>
      <nite:child href="TS3004b.A.segments.xml#id(TS3004b.sync.171)"/>
      <nite:child href="TS3004b.D.segments.xml#id(TS3004b.sync.1048)"/>
      <nite:child href="TS3004b.C.segments.xml#id(TS3004b.sync.764)"/>
      <nite:child href="TS3004b.A.segments.xml#id(TS3004b.sync.173)"/>
      <nite:child href="TS3004b.D.segments.xml#id(TS3004b.sync.1050)"/>
      <nite:child href="TS3004b.C.segments.xml#id(TS3004b.sync.766)"/>
      <nite:child href="TS3004b.B.segments.xml#id(TS3004b.sync.498)"/>
      <nite:child href="TS3004b.A.segments.xml#id(TS3004b.sync.175)"/>
      <nite:child href="TS3004b.B.segments.xml#id(TS3004b.sync.500)"/>
      <nite:child href="TS3004b.D.segments.xml#id(TS3004b.sync.1052)"/>
      <nite:child href="TS3004b.C.segments.xml#id(TS3004b.sync.768)"/>
      <nite:child href="TS3004b.B.segments.xml#id(TS3004b.sync.502)"/>
      <nite:child href="TS3004b.A.segments.xml#id(TS3004b.sync.177)"/>
      <nite:child href="TS3004b.C.segments.xml#id(TS3004b.sync.770)"/>
      <nite:child href="TS3004b.B.segments.xml#id(TS3004b.sync.504)"/>
      <nite:child href="TS3004b.D.segments.xml#id(TS3004b.sync.1054)"/>
      <nite:child href="TS3004b.B.segments.xml#id(TS3004b.sync.506)"/>
      <nite:child href="TS3004b.A.segments.xml#id(TS3004b.sync.179)"/>
      <nite:child href="TS3004b.B.segments.xml#id(TS3004b.sync.508)"/>
      <nite:child href="TS3004b.A.segments.xml#id(TS3004b.sync.181)"/>
      <nite:child href="TS3004b.D.segments.xml#id(TS3004b.sync.1056)"/>
      <nite:child href="TS3004b.B.segments.xml#id(TS3004b.sync.510)"/>
      <nite:child href="TS3004b.C.segments.xml#id(TS3004b.sync.772)"/>
      <nite:child href="TS3004b.D.segments.xml#id(TS3004b.sync.1058)"/>
      <nite:child href="TS3004b.C.segments.xml#id(TS3004b.sync.774)"/>
      <nite:child href="TS3004b.B.segments.xml#id(TS3004b.sync.512)"/>
      <nite:child href="TS3004b.A.segments.xml#id(TS3004b.sync.183)"/>
      <nite:child href="TS3004b.C.segments.xml#id(TS3004b.sync.776)"/>
   </discussion-fragment>
</nite:root>