<?xml version="1.0" encoding="ISO-8859-1" standalone="yes"?>
<nite:root nite:id="TS3006c.discussions" xmlns:nite="http://nite.sourceforge.net/">
   <discussion-fragment nite:id="TS3006c.discussions.Daan.1" name="Kinetic eneregy">
      <nite:child href="TS3006c.C.segments.xml#id(TS3006c.sync.1,017)"/>
      <nite:child href="TS3006c.B.segments.xml#id(TS3006c.sync.590)"/>
      <nite:child href="TS3006c.A.segments.xml#id(TS3006c.sync.71)"/>
      <nite:child href="TS3006c.D.segments.xml#id(TS3006c.sync.1,461)"/>
      <nite:child href="TS3006c.B.segments.xml#id(TS3006c.sync.592)"/>
      <nite:child href="TS3006c.D.segments.xml#id(TS3006c.sync.1,463)"/>
      <nite:child href="TS3006c.A.segments.xml#id(TS3006c.sync.73)"/>
      <nite:child href="TS3006c.C.segments.xml#id(TS3006c.sync.1,019)"/>
      <nite:child href="TS3006c.B.segments.xml#id(TS3006c.sync.594)"/>
      <nite:child href="TS3006c.C.segments.xml#id(TS3006c.sync.1,021)"/>
      <nite:child href="TS3006c.D.segments.xml#id(TS3006c.sync.1,465)"/>
      <nite:child href="TS3006c.A.segments.xml#id(TS3006c.sync.75)"/>
      <nite:child href="TS3006c.C.segments.xml#id(TS3006c.sync.1,023)"/>
      <nite:child href="TS3006c.D.segments.xml#id(TS3006c.sync.1,467)"/>
      <nite:child href="TS3006c.A.segments.xml#id(TS3006c.sync.77)..id(TS3006c.sync.79)"/>
      <nite:child href="TS3006c.B.segments.xml#id(TS3006c.sync.596)"/>
      <nite:child href="TS3006c.C.segments.xml#id(TS3006c.sync.1,025)"/>
      <nite:child href="TS3006c.B.segments.xml#id(TS3006c.sync.598)"/>
      <nite:child href="TS3006c.D.segments.xml#id(TS3006c.sync.1,469)"/>
      <nite:child href="TS3006c.B.segments.xml#id(TS3006c.sync.600)..id(TS3006c.sync.602)"/>
   </discussion-fragment>
   <discussion-fragment nite:id="TS3006c.discussions.Daan.2" name="Double or single curved">
      <nite:child href="TS3006c.A.segments.xml#id(TS3006c.sync.199)..id(TS3006c.sync.201)"/>
      <nite:child href="TS3006c.D.segments.xml#id(TS3006c.sync.1,547)"/>
      <nite:child href="TS3006c.C.segments.xml#id(TS3006c.sync.1,088)"/>
      <nite:child href="TS3006c.A.segments.xml#id(TS3006c.sync.203)"/>
      <nite:child href="TS3006c.D.segments.xml#id(TS3006c.sync.1,549)"/>
      <nite:child href="TS3006c.A.segments.xml#id(TS3006c.sync.205)"/>
      <nite:child href="TS3006c.C.segments.xml#id(TS3006c.sync.1,090)"/>
      <nite:child href="TS3006c.A.segments.xml#id(TS3006c.sync.207)"/>
      <nite:child href="TS3006c.C.segments.xml#id(TS3006c.sync.1,092)"/>
      <nite:child href="TS3006c.A.segments.xml#id(TS3006c.sync.209)"/>
      <nite:child href="TS3006c.D.segments.xml#id(TS3006c.sync.1,551)"/>
      <nite:child href="TS3006c.C.segments.xml#id(TS3006c.sync.1,094)"/>
      <nite:child href="TS3006c.D.segments.xml#id(TS3006c.sync.1,553)"/>
      <nite:child href="TS3006c.A.segments.xml#id(TS3006c.sync.211)..id(TS3006c.sync.217)"/>
      <nite:child href="TS3006c.B.segments.xml#id(TS3006c.sync.688)"/>
      <nite:child href="TS3006c.D.segments.xml#id(TS3006c.sync.1,555)"/>
   </discussion-fragment>
   <discussion-fragment nite:id="TS3006c.discussions.Daan.3" name="Pop-up screen">
      <nite:child href="TS3006c.C.segments.xml#id(TS3006c.sync.1,110)"/>
      <nite:child href="TS3006c.A.segments.xml#id(TS3006c.sync.237)"/>
      <nite:child href="TS3006c.D.segments.xml#id(TS3006c.sync.1,567)"/>
      <nite:child href="TS3006c.A.segments.xml#id(TS3006c.sync.239)"/>
      <nite:child href="TS3006c.C.segments.xml#id(TS3006c.sync.1,112)"/>
      <nite:child href="TS3006c.D.segments.xml#id(TS3006c.sync.1,569)"/>
      <nite:child href="TS3006c.A.segments.xml#id(TS3006c.sync.241)"/>
      <nite:child href="TS3006c.C.segments.xml#id(TS3006c.sync.1,114)"/>
      <nite:child href="TS3006c.A.segments.xml#id(TS3006c.sync.243)"/>
      <nite:child href="TS3006c.C.segments.xml#id(TS3006c.sync.1,116)"/>
      <nite:child href="TS3006c.A.segments.xml#id(TS3006c.sync.245)"/>
      <nite:child href="TS3006c.C.segments.xml#id(TS3006c.sync.1,118)"/>
      <nite:child href="TS3006c.B.segments.xml#id(TS3006c.sync.698)"/>
      <nite:child href="TS3006c.A.segments.xml#id(TS3006c.sync.247)"/>
      <nite:child href="TS3006c.C.segments.xml#id(TS3006c.sync.1,120)"/>
      <nite:child href="TS3006c.A.segments.xml#id(TS3006c.sync.249)"/>
      <nite:child href="TS3006c.D.segments.xml#id(TS3006c.sync.1,571)"/>
      <nite:child href="TS3006c.A.segments.xml#id(TS3006c.sync.251)"/>
      <nite:child href="TS3006c.B.segments.xml#id(TS3006c.sync.700)"/>
      <nite:child href="TS3006c.D.segments.xml#id(TS3006c.sync.1,573)"/>
      <nite:child href="TS3006c.A.segments.xml#id(TS3006c.sync.253)"/>
      <nite:child href="TS3006c.D.segments.xml#id(TS3006c.sync.1,575)"/>
      <nite:child href="TS3006c.B.segments.xml#id(TS3006c.sync.702)"/>
      <nite:child href="TS3006c.C.segments.xml#id(TS3006c.sync.1,122)"/>
      <nite:child href="TS3006c.D.segments.xml#id(TS3006c.sync.1,577)..id(TS3006c.sync.1,579)"/>
      <nite:child href="TS3006c.A.segments.xml#id(TS3006c.sync.255)"/>
      <nite:child href="TS3006c.B.segments.xml#id(TS3006c.sync.704)"/>
      <nite:child href="TS3006c.D.segments.xml#id(TS3006c.sync.1,581)"/>
      <nite:child href="TS3006c.C.segments.xml#id(TS3006c.sync.1,124)..id(TS3006c.sync.1,126)"/>
      <nite:child href="TS3006c.A.segments.xml#id(TS3006c.sync.257)"/>
      <nite:child href="TS3006c.D.segments.xml#id(TS3006c.sync.1,583)"/>
      <nite:child href="TS3006c.A.segments.xml#id(TS3006c.sync.259)"/>
      <nite:child href="TS3006c.C.segments.xml#id(TS3006c.sync.1,128)"/>
      <nite:child href="TS3006c.D.segments.xml#id(TS3006c.sync.1,585)"/>
      <nite:child href="TS3006c.B.segments.xml#id(TS3006c.sync.706)"/>
      <nite:child href="TS3006c.C.segments.xml#id(TS3006c.sync.1,130)"/>
      <nite:child href="TS3006c.B.segments.xml#id(TS3006c.sync.708)"/>
      <nite:child href="TS3006c.D.segments.xml#id(TS3006c.sync.1,587)"/>
      <nite:child href="TS3006c.C.segments.xml#id(TS3006c.sync.1,132)"/>
      <nite:child href="TS3006c.A.segments.xml#id(TS3006c.sync.261)"/>
      <nite:child href="TS3006c.D.segments.xml#id(TS3006c.sync.1,589)"/>
      <nite:child href="TS3006c.B.segments.xml#id(TS3006c.sync.710)"/>
      <nite:child href="TS3006c.A.segments.xml#id(TS3006c.sync.263)"/>
      <nite:child href="TS3006c.C.segments.xml#id(TS3006c.sync.1,134)..id(TS3006c.sync.1,136)"/>
      <nite:child href="TS3006c.A.segments.xml#id(TS3006c.sync.265)"/>
      <nite:child href="TS3006c.D.segments.xml#id(TS3006c.sync.1,591)..id(TS3006c.sync.1,593)"/>
      <nite:child href="TS3006c.A.segments.xml#id(TS3006c.sync.267)"/>
      <nite:child href="TS3006c.C.segments.xml#id(TS3006c.sync.1,138)"/>
   </discussion-fragment>
   <discussion-fragment nite:id="TS3006c.discussions.Daan.4" name="Background coour">
      <nite:child href="TS3006c.B.segments.xml#id(TS3006c.sync.766)..id(TS3006c.sync.768)"/>
      <nite:child href="TS3006c.A.segments.xml#id(TS3006c.sync.345)"/>
      <nite:child href="TS3006c.D.segments.xml#id(TS3006c.sync.1,669)"/>
      <nite:child href="TS3006c.B.segments.xml#id(TS3006c.sync.770)"/>
      <nite:child href="TS3006c.A.segments.xml#id(TS3006c.sync.347)..id(TS3006c.sync.351)"/>
      <nite:child href="TS3006c.B.segments.xml#id(TS3006c.sync.772)..id(TS3006c.sync.774)"/>
      <nite:child href="TS3006c.C.segments.xml#id(TS3006c.sync.1,197)"/>
      <nite:child href="TS3006c.B.segments.xml#id(TS3006c.sync.776)"/>
      <nite:child href="TS3006c.A.segments.xml#id(TS3006c.sync.353)"/>
      <nite:child href="TS3006c.D.segments.xml#id(TS3006c.sync.1,671)"/>
      <nite:child href="TS3006c.B.segments.xml#id(TS3006c.sync.778)"/>
      <nite:child href="TS3006c.D.segments.xml#id(TS3006c.sync.1,673)"/>
      <nite:child href="TS3006c.B.segments.xml#id(TS3006c.sync.780)"/>
      <nite:child href="TS3006c.C.segments.xml#id(TS3006c.sync.1,199)"/>
      <nite:child href="TS3006c.B.segments.xml#id(TS3006c.sync.782)"/>
      <nite:child href="TS3006c.C.segments.xml#id(TS3006c.sync.1,201)"/>
      <nite:child href="TS3006c.A.segments.xml#id(TS3006c.sync.355)"/>
      <nite:child href="TS3006c.D.segments.xml#id(TS3006c.sync.1,675)"/>
      <nite:child href="TS3006c.A.segments.xml#id(TS3006c.sync.357)"/>
      <nite:child href="TS3006c.D.segments.xml#id(TS3006c.sync.1,677)"/>
      <nite:child href="TS3006c.B.segments.xml#id(TS3006c.sync.784)"/>
      <nite:child href="TS3006c.A.segments.xml#id(TS3006c.sync.359)"/>
      <nite:child href="TS3006c.D.segments.xml#id(TS3006c.sync.1,679)"/>
      <nite:child href="TS3006c.A.segments.xml#id(TS3006c.sync.361)"/>
      <nite:child href="TS3006c.B.segments.xml#id(TS3006c.sync.786)"/>
      <nite:child href="TS3006c.A.segments.xml#id(TS3006c.sync.363)"/>
      <nite:child href="TS3006c.D.segments.xml#id(TS3006c.sync.1,681)"/>
      <nite:child href="TS3006c.B.segments.xml#id(TS3006c.sync.788)..id(TS3006c.sync.790)"/>
      <nite:child href="TS3006c.D.segments.xml#id(TS3006c.sync.1,683)"/>
      <nite:child href="TS3006c.A.segments.xml#id(TS3006c.sync.365)..id(TS3006c.sync.369)"/>
      <nite:child href="TS3006c.C.segments.xml#id(TS3006c.sync.1,203)"/>
      <nite:child href="TS3006c.A.segments.xml#id(TS3006c.sync.371)"/>
      <nite:child href="TS3006c.D.segments.xml#id(TS3006c.sync.1,685)"/>
      <nite:child href="TS3006c.A.segments.xml#id(TS3006c.sync.373)"/>
      <nite:child href="TS3006c.D.segments.xml#id(TS3006c.sync.1,687)"/>
      <nite:child href="TS3006c.A.segments.xml#id(TS3006c.sync.375)"/>
   </discussion-fragment>
   <discussion-fragment nite:id="TS3006c.discussions.Daan.5" name="Button colours">
      <nite:child href="TS3006c.D.segments.xml#id(TS3006c.sync.1,691)"/>
      <nite:child href="TS3006c.B.segments.xml#id(TS3006c.sync.792)"/>
      <nite:child href="TS3006c.C.segments.xml#id(TS3006c.sync.1,207)"/>
      <nite:child href="TS3006c.D.segments.xml#id(TS3006c.sync.1,693)"/>
      <nite:child href="TS3006c.A.segments.xml#id(TS3006c.sync.377)"/>
      <nite:child href="TS3006c.B.segments.xml#id(TS3006c.sync.794)"/>
      <nite:child href="TS3006c.D.segments.xml#id(TS3006c.sync.1,695)"/>
      <nite:child href="TS3006c.A.segments.xml#id(TS3006c.sync.379)"/>
      <nite:child href="TS3006c.C.segments.xml#id(TS3006c.sync.1,209)"/>
      <nite:child href="TS3006c.D.segments.xml#id(TS3006c.sync.1,697)"/>
      <nite:child href="TS3006c.B.segments.xml#id(TS3006c.sync.796)"/>
      <nite:child href="TS3006c.A.segments.xml#id(TS3006c.sync.381)..id(TS3006c.sync.383)"/>
      <nite:child href="TS3006c.C.segments.xml#id(TS3006c.sync.1,211)"/>
      <nite:child href="TS3006c.B.segments.xml#id(TS3006c.sync.798)"/>
      <nite:child href="TS3006c.D.segments.xml#id(TS3006c.sync.1,699)..id(TS3006c.sync.1,701)"/>
      <nite:child href="TS3006c.B.segments.xml#id(TS3006c.sync.800)"/>
      <nite:child href="TS3006c.A.segments.xml#id(TS3006c.sync.385)"/>
      <nite:child href="TS3006c.D.segments.xml#id(TS3006c.sync.1,703)..id(TS3006c.sync.1,705)"/>
      <nite:child href="TS3006c.B.segments.xml#id(TS3006c.sync.802)"/>
      <nite:child href="TS3006c.A.segments.xml#id(TS3006c.sync.387)"/>
      <nite:child href="TS3006c.D.segments.xml#id(TS3006c.sync.1,707)"/>
      <nite:child href="TS3006c.A.segments.xml#id(TS3006c.sync.389)"/>
      <nite:child href="TS3006c.D.segments.xml#id(TS3006c.sync.1,709)..id(TS3006c.sync.1,711)"/>
      <nite:child href="TS3006c.C.segments.xml#id(TS3006c.sync.1,213)"/>
      <nite:child href="TS3006c.A.segments.xml#id(TS3006c.sync.391)"/>
      <nite:child href="TS3006c.D.segments.xml#id(TS3006c.sync.1,713)"/>
      <nite:child href="TS3006c.C.segments.xml#id(TS3006c.sync.1,215)"/>
      <nite:child href="TS3006c.A.segments.xml#id(TS3006c.sync.393)"/>
      <nite:child href="TS3006c.D.segments.xml#id(TS3006c.sync.1,715)"/>
      <nite:child href="TS3006c.B.segments.xml#id(TS3006c.sync.804)"/>
      <nite:child href="TS3006c.A.segments.xml#id(TS3006c.sync.395)"/>
      <nite:child href="TS3006c.C.segments.xml#id(TS3006c.sync.1,217)"/>
      <nite:child href="TS3006c.B.segments.xml#id(TS3006c.sync.806)"/>
      <nite:child href="TS3006c.D.segments.xml#id(TS3006c.sync.1,717)"/>
      <nite:child href="TS3006c.A.segments.xml#id(TS3006c.sync.397)"/>
      <nite:child href="TS3006c.C.segments.xml#id(TS3006c.sync.1,219)"/>
      <nite:child href="TS3006c.D.segments.xml#id(TS3006c.sync.1,719)..id(TS3006c.sync.1,721)"/>
      <nite:child href="TS3006c.A.segments.xml#id(TS3006c.sync.399)"/>
      <nite:child href="TS3006c.B.segments.xml#id(TS3006c.sync.808)"/>
      <nite:child href="TS3006c.D.segments.xml#id(TS3006c.sync.1,723)"/>
      <nite:child href="TS3006c.C.segments.xml#id(TS3006c.sync.1,221)"/>
      <nite:child href="TS3006c.D.segments.xml#id(TS3006c.sync.1,725)"/>
      <nite:child href="TS3006c.C.segments.xml#id(TS3006c.sync.1,223)"/>
      <nite:child href="TS3006c.B.segments.xml#id(TS3006c.sync.810)"/>
      <nite:child href="TS3006c.A.segments.xml#id(TS3006c.sync.401)..id(TS3006c.sync.403)"/>
      <nite:child href="TS3006c.D.segments.xml#id(TS3006c.sync.1,727)"/>
      <nite:child href="TS3006c.A.segments.xml#id(TS3006c.sync.405)"/>
      <nite:child href="TS3006c.B.segments.xml#id(TS3006c.sync.812)"/>
      <nite:child href="TS3006c.A.segments.xml#id(TS3006c.sync.407)"/>
      <nite:child href="TS3006c.D.segments.xml#id(TS3006c.sync.1,729)"/>
      <nite:child href="TS3006c.B.segments.xml#id(TS3006c.sync.814)..id(TS3006c.sync.816)"/>
      <nite:child href="TS3006c.A.segments.xml#id(TS3006c.sync.409)"/>
      <nite:child href="TS3006c.B.segments.xml#id(TS3006c.sync.818)"/>
      <nite:child href="TS3006c.A.segments.xml#id(TS3006c.sync.411)"/>
      <nite:child href="TS3006c.D.segments.xml#id(TS3006c.sync.1,731)"/>
      <nite:child href="TS3006c.B.segments.xml#id(TS3006c.sync.820)"/>
      <nite:child href="TS3006c.A.segments.xml#id(TS3006c.sync.413)..id(TS3006c.sync.415)"/>
      <nite:child href="TS3006c.C.segments.xml#id(TS3006c.sync.1,225)"/>
      <nite:child href="TS3006c.D.segments.xml#id(TS3006c.sync.1,733)"/>
      <nite:child href="TS3006c.A.segments.xml#id(TS3006c.sync.417)"/>
      <nite:child href="TS3006c.B.segments.xml#id(TS3006c.sync.822)"/>
      <nite:child href="TS3006c.A.segments.xml#id(TS3006c.sync.419)..id(TS3006c.sync.421)"/>
      <nite:child href="TS3006c.D.segments.xml#id(TS3006c.sync.1,735)"/>
   </discussion-fragment>
</nite:root>