<?xml version="1.0" encoding="ISO-8859-1" standalone="yes"?>
<nite:root nite:id="ES2006d.argumentationrels" xmlns:nite="http://nite.sourceforge.net/">
   <ar nite:id="ES2006d.argumentationrels.Erik.1">
      <nite:pointer role="source"  href="ES2006d.A.argumentstructs.xml#id(ES2006d.A.argumentstructs.Erik.1)"/>
      <nite:pointer role="target"  href="ES2006d.B.argumentstructs.xml#id(ES2006d.B.argumentstructs.Erik.1)"/>
      <nite:pointer role="type"  href="ar-types.xml#id(art_1)"/>
   </ar>
   <ar nite:id="ES2006d.argumentationrels.Erik.2">
      <nite:pointer role="source"  href="ES2006d.A.argumentstructs.xml#id(ES2006d.A.argumentstructs.Erik.1)"/>
      <nite:pointer role="target"  href="ES2006d.D.argumentstructs.xml#id(ES2006d.D.argumentstructs.Erik.1)"/>
      <nite:pointer role="type"  href="ar-types.xml#id(art_1)"/>
   </ar>
   <ar nite:id="ES2006d.argumentationrels.Erik.3">
      <nite:pointer role="source"  href="ES2006d.D.argumentstructs.xml#id(ES2006d.D.argumentstructs.Erik.1)"/>
      <nite:pointer role="target"  href="ES2006d.A.argumentstructs.xml#id(ES2006d.A.argumentstructs.Erik.2)"/>
      <nite:pointer role="type"  href="ar-types.xml#id(art_1)"/>
   </ar>
   <ar nite:id="ES2006d.argumentationrels.Erik.4">
      <nite:pointer role="source"  href="ES2006d.A.argumentstructs.xml#id(ES2006d.A.argumentstructs.Erik.2)"/>
      <nite:pointer role="target"  href="ES2006d.C.argumentstructs.xml#id(ES2006d.C.argumentstructs.Erik.1)"/>
      <nite:pointer role="type"  href="ar-types.xml#id(art_1)"/>
   </ar>
   <ar nite:id="ES2006d.argumentationrels.Erik.5">
      <nite:pointer role="source"  href="ES2006d.A.argumentstructs.xml#id(ES2006d.A.argumentstructs.Erik.2)"/>
      <nite:pointer role="target"  href="ES2006d.B.argumentstructs.xml#id(ES2006d.B.argumentstructs.Erik.2)"/>
      <nite:pointer role="type"  href="ar-types.xml#id(art_1)"/>
   </ar>
   <ar nite:id="ES2006d.argumentationrels.Erik.6">
      <nite:pointer role="source"  href="ES2006d.A.argumentstructs.xml#id(ES2006d.A.argumentstructs.Erik.1)"/>
      <nite:pointer role="target"  href="ES2006d.B.argumentstructs.xml#id(ES2006d.B.argumentstructs.Erik.3)"/>
      <nite:pointer role="type"  href="ar-types.xml#id(art_4)"/>
   </ar>
   <ar nite:id="ES2006d.argumentationrels.Erik.7">
      <nite:pointer role="source"  href="ES2006d.B.argumentstructs.xml#id(ES2006d.B.argumentstructs.Erik.3)"/>
      <nite:pointer role="target"  href="ES2006d.D.argumentstructs.xml#id(ES2006d.D.argumentstructs.Erik.2)"/>
      <nite:pointer role="type"  href="ar-types.xml#id(art_3)"/>
   </ar>
   <ar nite:id="ES2006d.argumentationrels.Erik.8">
      <nite:pointer role="source"  href="ES2006d.D.argumentstructs.xml#id(ES2006d.D.argumentstructs.Erik.2)"/>
      <nite:pointer role="target"  href="ES2006d.A.argumentstructs.xml#id(ES2006d.A.argumentstructs.Erik.3)"/>
      <nite:pointer role="type"  href="ar-types.xml#id(art_1)"/>
   </ar>
   <ar nite:id="ES2006d.argumentationrels.Erik.9">
      <nite:pointer role="source"  href="ES2006d.D.argumentstructs.xml#id(ES2006d.D.argumentstructs.Erik.2)"/>
      <nite:pointer role="target"  href="ES2006d.C.argumentstructs.xml#id(ES2006d.C.argumentstructs.Erik.2)"/>
      <nite:pointer role="type"  href="ar-types.xml#id(art_1)"/>
   </ar>
   <ar nite:id="ES2006d.argumentationrels.Erik.10">
      <nite:pointer role="source"  href="ES2006d.C.argumentstructs.xml#id(ES2006d.C.argumentstructs.Erik.2)"/>
      <nite:pointer role="target"  href="ES2006d.B.argumentstructs.xml#id(ES2006d.B.argumentstructs.Erik.4)"/>
      <nite:pointer role="type"  href="ar-types.xml#id(art_1)"/>
   </ar>
   <ar nite:id="ES2006d.argumentationrels.Erik.11">
      <nite:pointer role="source"  href="ES2006d.C.argumentstructs.xml#id(ES2006d.C.argumentstructs.Erik.2)"/>
      <nite:pointer role="target"  href="ES2006d.B.argumentstructs.xml#id(ES2006d.B.argumentstructs.Erik.5)"/>
      <nite:pointer role="type"  href="ar-types.xml#id(art_9)"/>
   </ar>
   <ar nite:id="ES2006d.argumentationrels.Erik.12">
      <nite:pointer role="source"  href="ES2006d.B.argumentstructs.xml#id(ES2006d.B.argumentstructs.Erik.5)"/>
      <nite:pointer role="target"  href="ES2006d.D.argumentstructs.xml#id(ES2006d.D.argumentstructs.Erik.3)"/>
      <nite:pointer role="type"  href="ar-types.xml#id(art_1)"/>
   </ar>
   <ar nite:id="ES2006d.argumentationrels.Erik.13">
      <nite:pointer role="source"  href="ES2006d.D.argumentstructs.xml#id(ES2006d.D.argumentstructs.Erik.3)"/>
      <nite:pointer role="target"  href="ES2006d.B.argumentstructs.xml#id(ES2006d.B.argumentstructs.Erik.6)"/>
      <nite:pointer role="type"  href="ar-types.xml#id(art_9)"/>
   </ar>
   <ar nite:id="ES2006d.argumentationrels.Erik.14">
      <nite:pointer role="source"  href="ES2006d.B.argumentstructs.xml#id(ES2006d.B.argumentstructs.Erik.6)"/>
      <nite:pointer role="target"  href="ES2006d.D.argumentstructs.xml#id(ES2006d.D.argumentstructs.Erik.4)"/>
      <nite:pointer role="type"  href="ar-types.xml#id(art_1)"/>
   </ar>
   <ar nite:id="ES2006d.argumentationrels.Erik.15">
      <nite:pointer role="source"  href="ES2006d.D.argumentstructs.xml#id(ES2006d.D.argumentstructs.Erik.4)"/>
      <nite:pointer role="target"  href="ES2006d.A.argumentstructs.xml#id(ES2006d.A.argumentstructs.Erik.4)"/>
      <nite:pointer role="type"  href="ar-types.xml#id(art_1)"/>
   </ar>
   <ar nite:id="ES2006d.argumentationrels.Erik.16">
      <nite:pointer role="source"  href="ES2006d.D.argumentstructs.xml#id(ES2006d.D.argumentstructs.Erik.4)"/>
      <nite:pointer role="target"  href="ES2006d.B.argumentstructs.xml#id(ES2006d.B.argumentstructs.Erik.7)"/>
      <nite:pointer role="type"  href="ar-types.xml#id(art_5)"/>
   </ar>
   <ar nite:id="ES2006d.argumentationrels.Erik.17">
      <nite:pointer role="source"  href="ES2006d.B.argumentstructs.xml#id(ES2006d.B.argumentstructs.Erik.7)"/>
      <nite:pointer role="target"  href="ES2006d.A.argumentstructs.xml#id(ES2006d.A.argumentstructs.Erik.5)"/>
      <nite:pointer role="type"  href="ar-types.xml#id(art_1)"/>
   </ar>
   <ar nite:id="ES2006d.argumentationrels.Erik.18">
      <nite:pointer role="source"  href="ES2006d.C.argumentstructs.xml#id(ES2006d.C.argumentstructs.Erik.3)"/>
      <nite:pointer role="target"  href="ES2006d.A.argumentstructs.xml#id(ES2006d.A.argumentstructs.Erik.6)"/>
      <nite:pointer role="type"  href="ar-types.xml#id(art_1)"/>
   </ar>
   <ar nite:id="ES2006d.argumentationrels.Erik.19">
      <nite:pointer role="source"  href="ES2006d.A.argumentstructs.xml#id(ES2006d.A.argumentstructs.Erik.6)"/>
      <nite:pointer role="target"  href="ES2006d.C.argumentstructs.xml#id(ES2006d.C.argumentstructs.Erik.4)"/>
      <nite:pointer role="type"  href="ar-types.xml#id(art_2)"/>
   </ar>
   <ar nite:id="ES2006d.argumentationrels.Erik.20">
      <nite:pointer role="source"  href="ES2006d.C.argumentstructs.xml#id(ES2006d.C.argumentstructs.Erik.4)"/>
      <nite:pointer role="target"  href="ES2006d.D.argumentstructs.xml#id(ES2006d.D.argumentstructs.Erik.5)"/>
      <nite:pointer role="type"  href="ar-types.xml#id(art_1)"/>
   </ar>
   <ar nite:id="ES2006d.argumentationrels.Erik.21">
      <nite:pointer role="source"  href="ES2006d.C.argumentstructs.xml#id(ES2006d.C.argumentstructs.Erik.4)"/>
      <nite:pointer role="target"  href="ES2006d.D.argumentstructs.xml#id(ES2006d.D.argumentstructs.Erik.6)"/>
      <nite:pointer role="type"  href="ar-types.xml#id(art_2)"/>
   </ar>
   <ar nite:id="ES2006d.argumentationrels.Erik.22">
      <nite:pointer role="source"  href="ES2006d.D.argumentstructs.xml#id(ES2006d.D.argumentstructs.Erik.6)"/>
      <nite:pointer role="target"  href="ES2006d.C.argumentstructs.xml#id(ES2006d.C.argumentstructs.Erik.5)"/>
      <nite:pointer role="type"  href="ar-types.xml#id(art_1)"/>
   </ar>
   <ar nite:id="ES2006d.argumentationrels.Erik.23">
      <nite:pointer role="source"  href="ES2006d.D.argumentstructs.xml#id(ES2006d.D.argumentstructs.Erik.6)"/>
      <nite:pointer role="target"  href="ES2006d.B.argumentstructs.xml#id(ES2006d.B.argumentstructs.Erik.8)"/>
      <nite:pointer role="type"  href="ar-types.xml#id(art_3)"/>
   </ar>
   <ar nite:id="ES2006d.argumentationrels.Erik.24">
      <nite:pointer role="source"  href="ES2006d.B.argumentstructs.xml#id(ES2006d.B.argumentstructs.Erik.8)"/>
      <nite:pointer role="target"  href="ES2006d.C.argumentstructs.xml#id(ES2006d.C.argumentstructs.Erik.6)"/>
      <nite:pointer role="type"  href="ar-types.xml#id(art_1)"/>
   </ar>
   <ar nite:id="ES2006d.argumentationrels.Erik.25">
      <nite:pointer role="source"  href="ES2006d.C.argumentstructs.xml#id(ES2006d.C.argumentstructs.Erik.6)"/>
      <nite:pointer role="target"  href="ES2006d.D.argumentstructs.xml#id(ES2006d.D.argumentstructs.Erik.7)"/>
      <nite:pointer role="type"  href="ar-types.xml#id(art_2)"/>
   </ar>
   <ar nite:id="ES2006d.argumentationrels.Erik.26">
      <nite:pointer role="source"  href="ES2006d.D.argumentstructs.xml#id(ES2006d.D.argumentstructs.Erik.7)"/>
      <nite:pointer role="target"  href="ES2006d.A.argumentstructs.xml#id(ES2006d.A.argumentstructs.Erik.7)"/>
      <nite:pointer role="type"  href="ar-types.xml#id(art_2)"/>
   </ar>
   <ar nite:id="ES2006d.argumentationrels.Erik.27">
      <nite:pointer role="source"  href="ES2006d.A.argumentstructs.xml#id(ES2006d.A.argumentstructs.Erik.7)"/>
      <nite:pointer role="target"  href="ES2006d.B.argumentstructs.xml#id(ES2006d.B.argumentstructs.Erik.9)"/>
      <nite:pointer role="type"  href="ar-types.xml#id(art_1)"/>
   </ar>
   <ar nite:id="ES2006d.argumentationrels.Erik.28">
      <nite:pointer role="source"  href="ES2006d.B.argumentstructs.xml#id(ES2006d.B.argumentstructs.Erik.9)"/>
      <nite:pointer role="target"  href="ES2006d.C.argumentstructs.xml#id(ES2006d.C.argumentstructs.Erik.7)"/>
      <nite:pointer role="type"  href="ar-types.xml#id(art_9)"/>
   </ar>
   <ar nite:id="ES2006d.argumentationrels.Erik.29">
      <nite:pointer role="source"  href="ES2006d.C.argumentstructs.xml#id(ES2006d.C.argumentstructs.Erik.7)"/>
      <nite:pointer role="target"  href="ES2006d.B.argumentstructs.xml#id(ES2006d.B.argumentstructs.Erik.10)"/>
      <nite:pointer role="type"  href="ar-types.xml#id(art_6)"/>
   </ar>
   <ar nite:id="ES2006d.argumentationrels.Erik.30">
      <nite:pointer role="source"  href="ES2006d.B.argumentstructs.xml#id(ES2006d.B.argumentstructs.Erik.10)"/>
      <nite:pointer role="target"  href="ES2006d.D.argumentstructs.xml#id(ES2006d.D.argumentstructs.Erik.8)"/>
      <nite:pointer role="type"  href="ar-types.xml#id(art_1)"/>
   </ar>
   <ar nite:id="ES2006d.argumentationrels.Erik.31">
      <nite:pointer role="source"  href="ES2006d.B.argumentstructs.xml#id(ES2006d.B.argumentstructs.Erik.10)"/>
      <nite:pointer role="target"  href="ES2006d.A.argumentstructs.xml#id(ES2006d.A.argumentstructs.Erik.8)"/>
      <nite:pointer role="type"  href="ar-types.xml#id(art_1)"/>
   </ar>
   <ar nite:id="ES2006d.argumentationrels.Erik.32">
      <nite:pointer role="source"  href="ES2006d.C.argumentstructs.xml#id(ES2006d.C.argumentstructs.Erik.3)"/>
      <nite:pointer role="target"  href="ES2006d.D.argumentstructs.xml#id(ES2006d.D.argumentstructs.Erik.9)"/>
      <nite:pointer role="type"  href="ar-types.xml#id(art_9)"/>
   </ar>
   <ar nite:id="ES2006d.argumentationrels.Erik.33">
      <nite:pointer role="source"  href="ES2006d.D.argumentstructs.xml#id(ES2006d.D.argumentstructs.Erik.9)"/>
      <nite:pointer role="target"  href="ES2006d.C.argumentstructs.xml#id(ES2006d.C.argumentstructs.Erik.8)"/>
      <nite:pointer role="type"  href="ar-types.xml#id(art_1)"/>
   </ar>
   <ar nite:id="ES2006d.argumentationrels.Erik.34">
      <nite:pointer role="source"  href="ES2006d.D.argumentstructs.xml#id(ES2006d.D.argumentstructs.Erik.9)"/>
      <nite:pointer role="target"  href="ES2006d.B.argumentstructs.xml#id(ES2006d.B.argumentstructs.Erik.11)"/>
      <nite:pointer role="type"  href="ar-types.xml#id(art_1)"/>
   </ar>
   <ar nite:id="ES2006d.argumentationrels.Erik.35">
      <nite:pointer role="source"  href="ES2006d.D.argumentstructs.xml#id(ES2006d.D.argumentstructs.Erik.9)"/>
      <nite:pointer role="target"  href="ES2006d.B.argumentstructs.xml#id(ES2006d.B.argumentstructs.Erik.12)"/>
      <nite:pointer role="type"  href="ar-types.xml#id(art_5)"/>
   </ar>
   <ar nite:id="ES2006d.argumentationrels.Erik.36">
      <nite:pointer role="source"  href="ES2006d.B.argumentstructs.xml#id(ES2006d.B.argumentstructs.Erik.12)"/>
      <nite:pointer role="target"  href="ES2006d.C.argumentstructs.xml#id(ES2006d.C.argumentstructs.Erik.9)"/>
      <nite:pointer role="type"  href="ar-types.xml#id(art_1)"/>
   </ar>
   <ar nite:id="ES2006d.argumentationrels.Erik.37">
      <nite:pointer role="source"  href="ES2006d.B.argumentstructs.xml#id(ES2006d.B.argumentstructs.Erik.12)"/>
      <nite:pointer role="target"  href="ES2006d.B.argumentstructs.xml#id(ES2006d.B.argumentstructs.Erik.13)"/>
      <nite:pointer role="type"  href="ar-types.xml#id(art_1)"/>
   </ar>
</nite:root>