<?xml version="1.0" encoding="ISO-8859-1" standalone="yes"?>
<nite:root nite:id="ES2016a.argumentationrels" xmlns:nite="http://nite.sourceforge.net/">
   <ar nite:id="ES2016a.argumentationrels.Rutger.2">
      <nite:pointer role="source"  href="ES2016a.A.argumentstructs.xml#id(ES2016a.A.argumentstructs.Rutger.1)"/>
      <nite:pointer role="target"  href="ES2016a.A.argumentstructs.xml#id(ES2016a.A.argumentstructs.Rutger.3)"/>
      <nite:pointer role="type"  href="ar-types.xml#id(art_7)"/>
   </ar>
   <ar nite:id="ES2016a.argumentationrels.Rutger.3">
      <nite:pointer role="source"  href="ES2016a.A.argumentstructs.xml#id(ES2016a.A.argumentstructs.Rutger.3)"/>
      <nite:pointer role="target"  href="ES2016a.A.argumentstructs.xml#id(ES2016a.A.argumentstructs.Rutger.4)"/>
      <nite:pointer role="type"  href="ar-types.xml#id(art_5)"/>
   </ar>
   <ar nite:id="ES2016a.argumentationrels.Rutger.4">
      <nite:pointer role="source"  href="ES2016a.A.argumentstructs.xml#id(ES2016a.A.argumentstructs.Rutger.4)"/>
      <nite:pointer role="target"  href="ES2016a.C.argumentstructs.xml#id(ES2016a.C.argumentstructs.Rutger.1)"/>
      <nite:pointer role="type"  href="ar-types.xml#id(art_1)"/>
   </ar>
   <ar nite:id="ES2016a.argumentationrels.Rutger.5">
      <nite:pointer role="source"  href="ES2016a.A.argumentstructs.xml#id(ES2016a.A.argumentstructs.Rutger.3)"/>
      <nite:pointer role="target"  href="ES2016a.A.argumentstructs.xml#id(ES2016a.A.argumentstructs.Rutger.5)"/>
      <nite:pointer role="type"  href="ar-types.xml#id(art_5)"/>
   </ar>
   <ar nite:id="ES2016a.argumentationrels.Rutger.7">
      <nite:pointer role="source"  href="ES2016a.A.argumentstructs.xml#id(ES2016a.A.argumentstructs.Rutger.1)"/>
      <nite:pointer role="target"  href="ES2016a.A.argumentstructs.xml#id(ES2016a.A.argumentstructs.Rutger.9)"/>
      <nite:pointer role="type"  href="ar-types.xml#id(art_2)"/>
   </ar>
   <ar nite:id="ES2016a.argumentationrels.Rutger.11">
      <nite:pointer role="source"  href="ES2016a.A.argumentstructs.xml#id(ES2016a.A.argumentstructs.Rutger.9)"/>
      <nite:pointer role="target"  href="ES2016a.A.argumentstructs.xml#id(ES2016a.A.argumentstructs.Rutger.12)"/>
      <nite:pointer role="type"  href="ar-types.xml#id(art_1)"/>
   </ar>
   <ar nite:id="ES2016a.argumentationrels.Rutger.13">
      <nite:pointer role="source"  href="ES2016a.A.argumentstructs.xml#id(ES2016a.A.argumentstructs.Rutger.3)"/>
      <nite:pointer role="target"  href="ES2016a.A.argumentstructs.xml#id(ES2016a.A.argumentstructs.Rutger.6)"/>
      <nite:pointer role="type"  href="ar-types.xml#id(art_2)"/>
   </ar>
   <ar nite:id="ES2016a.argumentationrels.Rutger.14">
      <nite:pointer role="source"  href="ES2016a.A.argumentstructs.xml#id(ES2016a.A.argumentstructs.Rutger.9)"/>
      <nite:pointer role="target"  href="ES2016a.A.argumentstructs.xml#id(ES2016a.A.argumentstructs.Rutger.10)"/>
      <nite:pointer role="type"  href="ar-types.xml#id(art_5)"/>
   </ar>
   <ar nite:id="ES2016a.argumentationrels.Rutger.15">
      <nite:pointer role="source"  href="ES2016a.A.argumentstructs.xml#id(ES2016a.A.argumentstructs.Rutger.10)"/>
      <nite:pointer role="target"  href="ES2016a.A.argumentstructs.xml#id(ES2016a.A.argumentstructs.Rutger.11)"/>
      <nite:pointer role="type"  href="ar-types.xml#id(art_2)"/>
   </ar>
   <ar nite:id="ES2016a.argumentationrels.Rutger.16">
      <nite:pointer role="source"  href="ES2016a.B.argumentstructs.xml#id(ES2016a.B.argumentstructs.Rutger.1)"/>
      <nite:pointer role="target"  href="ES2016a.A.argumentstructs.xml#id(ES2016a.A.argumentstructs.Rutger.14)"/>
      <nite:pointer role="type"  href="ar-types.xml#id(art_1)"/>
   </ar>
   <ar nite:id="ES2016a.argumentationrels.Rutger.17">
      <nite:pointer role="source"  href="ES2016a.B.argumentstructs.xml#id(ES2016a.B.argumentstructs.Rutger.1)"/>
      <nite:pointer role="target"  href="ES2016a.B.argumentstructs.xml#id(ES2016a.B.argumentstructs.Rutger.2)"/>
      <nite:pointer role="type"  href="ar-types.xml#id(art_2)"/>
   </ar>
   <ar nite:id="ES2016a.argumentationrels.Rutger.18">
      <nite:pointer role="source"  href="ES2016a.A.argumentstructs.xml#id(ES2016a.A.argumentstructs.Rutger.9)"/>
      <nite:pointer role="target"  href="ES2016a.B.argumentstructs.xml#id(ES2016a.B.argumentstructs.Rutger.1)"/>
      <nite:pointer role="type"  href="ar-types.xml#id(art_7)"/>
   </ar>
   <ar nite:id="ES2016a.argumentationrels.Rutger.20">
      <nite:pointer role="source"  href="ES2016a.A.argumentstructs.xml#id(ES2016a.A.argumentstructs.Rutger.9)"/>
      <nite:pointer role="target"  href="ES2016a.B.argumentstructs.xml#id(ES2016a.B.argumentstructs.Rutger.4)"/>
      <nite:pointer role="type"  href="ar-types.xml#id(art_2)"/>
   </ar>
   <ar nite:id="ES2016a.argumentationrels.Rutger.22">
      <nite:pointer role="type"  href="ar-types.xml#id(art_1)"/>
      <nite:pointer role="source"  href="ES2016a.A.argumentstructs.xml#id(ES2016a.A.argumentstructs.Rutger.1)"/>
      <nite:pointer role="target"  href="ES2016a.A.argumentstructs.xml#id(ES2016a.A.argumentstructs.Rutger.16)"/>
   </ar>
   <ar nite:id="ES2016a.argumentationrels.Rutger.23">
      <nite:pointer role="source"  href="ES2016a.A.argumentstructs.xml#id(ES2016a.A.argumentstructs.Rutger.16)"/>
      <nite:pointer role="target"  href="ES2016a.C.argumentstructs.xml#id(ES2016a.C.argumentstructs.Rutger.2)"/>
      <nite:pointer role="type"  href="ar-types.xml#id(art_2)"/>
   </ar>
   <ar nite:id="ES2016a.argumentationrels.Rutger.24">
      <nite:pointer role="source"  href="ES2016a.C.argumentstructs.xml#id(ES2016a.C.argumentstructs.Rutger.2)"/>
      <nite:pointer role="target"  href="ES2016a.B.argumentstructs.xml#id(ES2016a.B.argumentstructs.Rutger.5)"/>
      <nite:pointer role="type"  href="ar-types.xml#id(art_1)"/>
   </ar>
   <ar nite:id="ES2016a.argumentationrels.Rutger.25">
      <nite:pointer role="source"  href="ES2016a.A.argumentstructs.xml#id(ES2016a.A.argumentstructs.Rutger.1)"/>
      <nite:pointer role="target"  href="ES2016a.A.argumentstructs.xml#id(ES2016a.A.argumentstructs.Rutger.17)"/>
      <nite:pointer role="type"  href="ar-types.xml#id(art_2)"/>
   </ar>
</nite:root>