<?xml version="1.0" encoding="ISO-8859-1" standalone="yes"?>
<nite:root nite:id="ES2002c.argumentationrels" xmlns:nite="http://nite.sourceforge.net/">
   <ar nite:id="ES2002c.argumentationrels.Erik.1">
      <nite:pointer role="source"  href="ES2002c.D.argumentstructs.xml#id(ES2002c.D.argumentstructs.Erik.1)"/>
      <nite:pointer role="target"  href="ES2002c.A.argumentstructs.xml#id(ES2002c.A.argumentstructs.Erik.1)"/>
      <nite:pointer role="type"  href="ar-types.xml#id(art_1)"/>
   </ar>
   <ar nite:id="ES2002c.argumentationrels.Erik.2">
      <nite:pointer role="source"  href="ES2002c.A.argumentstructs.xml#id(ES2002c.A.argumentstructs.Erik.1)"/>
      <nite:pointer role="target"  href="ES2002c.D.argumentstructs.xml#id(ES2002c.D.argumentstructs.Erik.2)"/>
      <nite:pointer role="type"  href="ar-types.xml#id(art_1)"/>
   </ar>
   <ar nite:id="ES2002c.argumentationrels.Erik.3">
      <nite:pointer role="source"  href="ES2002c.D.argumentstructs.xml#id(ES2002c.D.argumentstructs.Erik.2)"/>
      <nite:pointer role="target"  href="ES2002c.D.argumentstructs.xml#id(ES2002c.D.argumentstructs.Erik.3)"/>
      <nite:pointer role="type"  href="ar-types.xml#id(art_5)"/>
   </ar>
   <ar nite:id="ES2002c.argumentationrels.Erik.4">
      <nite:pointer role="source"  href="ES2002c.D.argumentstructs.xml#id(ES2002c.D.argumentstructs.Erik.1)"/>
      <nite:pointer role="target"  href="ES2002c.B.argumentstructs.xml#id(ES2002c.B.argumentstructs.Erik.1)"/>
      <nite:pointer role="type"  href="ar-types.xml#id(art_3)"/>
   </ar>
   <ar nite:id="ES2002c.argumentationrels.Erik.5">
      <nite:pointer role="source"  href="ES2002c.B.argumentstructs.xml#id(ES2002c.B.argumentstructs.Erik.1)"/>
      <nite:pointer role="target"  href="ES2002c.D.argumentstructs.xml#id(ES2002c.D.argumentstructs.Erik.4)"/>
      <nite:pointer role="type"  href="ar-types.xml#id(art_3)"/>
   </ar>
   <ar nite:id="ES2002c.argumentationrels.Erik.6">
      <nite:pointer role="source"  href="ES2002c.D.argumentstructs.xml#id(ES2002c.D.argumentstructs.Erik.4)"/>
      <nite:pointer role="target"  href="ES2002c.B.argumentstructs.xml#id(ES2002c.B.argumentstructs.Erik.2)"/>
      <nite:pointer role="type"  href="ar-types.xml#id(art_1)"/>
   </ar>
   <ar nite:id="ES2002c.argumentationrels.Erik.7">
      <nite:pointer role="source"  href="ES2002c.B.argumentstructs.xml#id(ES2002c.B.argumentstructs.Erik.1)"/>
      <nite:pointer role="target"  href="ES2002c.A.argumentstructs.xml#id(ES2002c.A.argumentstructs.Erik.2)"/>
      <nite:pointer role="type"  href="ar-types.xml#id(art_6)"/>
   </ar>
   <ar nite:id="ES2002c.argumentationrels.Erik.8">
      <nite:pointer role="source"  href="ES2002c.A.argumentstructs.xml#id(ES2002c.A.argumentstructs.Erik.2)"/>
      <nite:pointer role="target"  href="ES2002c.D.argumentstructs.xml#id(ES2002c.D.argumentstructs.Erik.5)"/>
      <nite:pointer role="type"  href="ar-types.xml#id(art_4)"/>
   </ar>
   <ar nite:id="ES2002c.argumentationrels.Erik.9">
      <nite:pointer role="source"  href="ES2002c.D.argumentstructs.xml#id(ES2002c.D.argumentstructs.Erik.5)"/>
      <nite:pointer role="target"  href="ES2002c.D.argumentstructs.xml#id(ES2002c.D.argumentstructs.Erik.6)"/>
      <nite:pointer role="type"  href="ar-types.xml#id(art_5)"/>
   </ar>
   <ar nite:id="ES2002c.argumentationrels.Erik.10">
      <nite:pointer role="source"  href="ES2002c.D.argumentstructs.xml#id(ES2002c.D.argumentstructs.Erik.6)"/>
      <nite:pointer role="target"  href="ES2002c.A.argumentstructs.xml#id(ES2002c.A.argumentstructs.Erik.3)"/>
      <nite:pointer role="type"  href="ar-types.xml#id(art_1)"/>
   </ar>
   <ar nite:id="ES2002c.argumentationrels.Erik.11">
      <nite:pointer role="source"  href="ES2002c.D.argumentstructs.xml#id(ES2002c.D.argumentstructs.Erik.6)"/>
      <nite:pointer role="target"  href="ES2002c.B.argumentstructs.xml#id(ES2002c.B.argumentstructs.Erik.3)"/>
      <nite:pointer role="type"  href="ar-types.xml#id(art_1)"/>
   </ar>
   <ar nite:id="ES2002c.argumentationrels.Erik.12">
      <nite:pointer role="source"  href="ES2002c.D.argumentstructs.xml#id(ES2002c.D.argumentstructs.Erik.6)"/>
      <nite:pointer role="target"  href="ES2002c.B.argumentstructs.xml#id(ES2002c.B.argumentstructs.Erik.4)"/>
      <nite:pointer role="type"  href="ar-types.xml#id(art_1)"/>
   </ar>
   <ar nite:id="ES2002c.argumentationrels.Erik.13">
      <nite:pointer role="source"  href="ES2002c.B.argumentstructs.xml#id(ES2002c.B.argumentstructs.Erik.4)"/>
      <nite:pointer role="target"  href="ES2002c.D.argumentstructs.xml#id(ES2002c.D.argumentstructs.Erik.7)"/>
      <nite:pointer role="type"  href="ar-types.xml#id(art_1)"/>
   </ar>
   <ar nite:id="ES2002c.argumentationrels.Erik.14">
      <nite:pointer role="source"  href="ES2002c.D.argumentstructs.xml#id(ES2002c.D.argumentstructs.Erik.7)"/>
      <nite:pointer role="target"  href="ES2002c.D.argumentstructs.xml#id(ES2002c.D.argumentstructs.Erik.8)"/>
      <nite:pointer role="type"  href="ar-types.xml#id(art_7)"/>
   </ar>
   <ar nite:id="ES2002c.argumentationrels.Erik.15">
      <nite:pointer role="source"  href="ES2002c.D.argumentstructs.xml#id(ES2002c.D.argumentstructs.Erik.8)"/>
      <nite:pointer role="target"  href="ES2002c.B.argumentstructs.xml#id(ES2002c.B.argumentstructs.Erik.5)"/>
      <nite:pointer role="type"  href="ar-types.xml#id(art_1)"/>
   </ar>
   <ar nite:id="ES2002c.argumentationrels.Erik.16">
      <nite:pointer role="source"  href="ES2002c.D.argumentstructs.xml#id(ES2002c.D.argumentstructs.Erik.8)"/>
      <nite:pointer role="target"  href="ES2002c.A.argumentstructs.xml#id(ES2002c.A.argumentstructs.Erik.4)"/>
      <nite:pointer role="type"  href="ar-types.xml#id(art_4)"/>
   </ar>
   <ar nite:id="ES2002c.argumentationrels.Erik.17">
      <nite:pointer role="source"  href="ES2002c.A.argumentstructs.xml#id(ES2002c.A.argumentstructs.Erik.4)"/>
      <nite:pointer role="target"  href="ES2002c.D.argumentstructs.xml#id(ES2002c.D.argumentstructs.Erik.9)"/>
      <nite:pointer role="type"  href="ar-types.xml#id(art_3)"/>
   </ar>
   <ar nite:id="ES2002c.argumentationrels.Erik.18">
      <nite:pointer role="source"  href="ES2002c.D.argumentstructs.xml#id(ES2002c.D.argumentstructs.Erik.9)"/>
      <nite:pointer role="target"  href="ES2002c.A.argumentstructs.xml#id(ES2002c.A.argumentstructs.Erik.5)"/>
      <nite:pointer role="type"  href="ar-types.xml#id(art_2)"/>
   </ar>
   <ar nite:id="ES2002c.argumentationrels.Erik.19">
      <nite:pointer role="source"  href="ES2002c.A.argumentstructs.xml#id(ES2002c.A.argumentstructs.Erik.5)"/>
      <nite:pointer role="target"  href="ES2002c.D.argumentstructs.xml#id(ES2002c.D.argumentstructs.Erik.10)"/>
      <nite:pointer role="type"  href="ar-types.xml#id(art_1)"/>
   </ar>
   <ar nite:id="ES2002c.argumentationrels.Erik.20">
      <nite:pointer role="source"  href="ES2002c.A.argumentstructs.xml#id(ES2002c.A.argumentstructs.Erik.5)"/>
      <nite:pointer role="target"  href="ES2002c.B.argumentstructs.xml#id(ES2002c.B.argumentstructs.Erik.6)"/>
      <nite:pointer role="type"  href="ar-types.xml#id(art_1)"/>
   </ar>
   <ar nite:id="ES2002c.argumentationrels.Erik.21">
      <nite:pointer role="source"  href="ES2002c.A.argumentstructs.xml#id(ES2002c.A.argumentstructs.Erik.6)"/>
      <nite:pointer role="target"  href="ES2002c.B.argumentstructs.xml#id(ES2002c.B.argumentstructs.Erik.7)"/>
      <nite:pointer role="type"  href="ar-types.xml#id(art_4)"/>
   </ar>
   <ar nite:id="ES2002c.argumentationrels.Erik.22">
      <nite:pointer role="source"  href="ES2002c.B.argumentstructs.xml#id(ES2002c.B.argumentstructs.Erik.7)"/>
      <nite:pointer role="target"  href="ES2002c.A.argumentstructs.xml#id(ES2002c.A.argumentstructs.Erik.7)"/>
      <nite:pointer role="type"  href="ar-types.xml#id(art_1)"/>
   </ar>
   <ar nite:id="ES2002c.argumentationrels.Erik.23">
      <nite:pointer role="source"  href="ES2002c.A.argumentstructs.xml#id(ES2002c.A.argumentstructs.Erik.7)"/>
      <nite:pointer role="target"  href="ES2002c.D.argumentstructs.xml#id(ES2002c.D.argumentstructs.Erik.11)"/>
      <nite:pointer role="type"  href="ar-types.xml#id(art_1)"/>
   </ar>
   <ar nite:id="ES2002c.argumentationrels.Erik.24">
      <nite:pointer role="source"  href="ES2002c.A.argumentstructs.xml#id(ES2002c.A.argumentstructs.Erik.7)"/>
      <nite:pointer role="target"  href="ES2002c.B.argumentstructs.xml#id(ES2002c.B.argumentstructs.Erik.8)"/>
      <nite:pointer role="type"  href="ar-types.xml#id(art_1)"/>
   </ar>
   <ar nite:id="ES2002c.argumentationrels.Erik.25">
      <nite:pointer role="source"  href="ES2002c.B.argumentstructs.xml#id(ES2002c.B.argumentstructs.Erik.8)"/>
      <nite:pointer role="target"  href="ES2002c.A.argumentstructs.xml#id(ES2002c.A.argumentstructs.Erik.8)"/>
      <nite:pointer role="type"  href="ar-types.xml#id(art_6)"/>
   </ar>
   <ar nite:id="ES2002c.argumentationrels.Erik.26">
      <nite:pointer role="source"  href="ES2002c.A.argumentstructs.xml#id(ES2002c.A.argumentstructs.Erik.8)"/>
      <nite:pointer role="target"  href="ES2002c.D.argumentstructs.xml#id(ES2002c.D.argumentstructs.Erik.12)"/>
      <nite:pointer role="type"  href="ar-types.xml#id(art_1)"/>
   </ar>
   <ar nite:id="ES2002c.argumentationrels.Erik.27">
      <nite:pointer role="source"  href="ES2002c.B.argumentstructs.xml#id(ES2002c.B.argumentstructs.Erik.8)"/>
      <nite:pointer role="target"  href="ES2002c.B.argumentstructs.xml#id(ES2002c.B.argumentstructs.Erik.9)"/>
      <nite:pointer role="type"  href="ar-types.xml#id(art_5)"/>
   </ar>
   <ar nite:id="ES2002c.argumentationrels.Erik.28">
      <nite:pointer role="source"  href="ES2002c.B.argumentstructs.xml#id(ES2002c.B.argumentstructs.Erik.9)"/>
      <nite:pointer role="target"  href="ES2002c.B.argumentstructs.xml#id(ES2002c.B.argumentstructs.Erik.10)"/>
      <nite:pointer role="type"  href="ar-types.xml#id(art_1)"/>
   </ar>
   <ar nite:id="ES2002c.argumentationrels.Erik.29">
      <nite:pointer role="source"  href="ES2002c.B.argumentstructs.xml#id(ES2002c.B.argumentstructs.Erik.10)"/>
      <nite:pointer role="target"  href="ES2002c.D.argumentstructs.xml#id(ES2002c.D.argumentstructs.Erik.13)"/>
      <nite:pointer role="type"  href="ar-types.xml#id(art_1)"/>
   </ar>
   <ar nite:id="ES2002c.argumentationrels.Erik.30">
      <nite:pointer role="source"  href="ES2002c.A.argumentstructs.xml#id(ES2002c.A.argumentstructs.Erik.6)"/>
      <nite:pointer role="target"  href="ES2002c.B.argumentstructs.xml#id(ES2002c.B.argumentstructs.Erik.11)"/>
      <nite:pointer role="type"  href="ar-types.xml#id(art_1)"/>
   </ar>
   <ar nite:id="ES2002c.argumentationrels.Erik.31">
      <nite:pointer role="source"  href="ES2002c.B.argumentstructs.xml#id(ES2002c.B.argumentstructs.Erik.11)"/>
      <nite:pointer role="target"  href="ES2002c.C.argumentstructs.xml#id(ES2002c.C.argumentstructs.Erik.1)"/>
      <nite:pointer role="type"  href="ar-types.xml#id(art_4)"/>
   </ar>
   <ar nite:id="ES2002c.argumentationrels.Erik.32">
      <nite:pointer role="source"  href="ES2002c.C.argumentstructs.xml#id(ES2002c.C.argumentstructs.Erik.1)"/>
      <nite:pointer role="target"  href="ES2002c.B.argumentstructs.xml#id(ES2002c.B.argumentstructs.Erik.12)"/>
      <nite:pointer role="type"  href="ar-types.xml#id(art_3)"/>
   </ar>
   <ar nite:id="ES2002c.argumentationrels.Erik.33">
      <nite:pointer role="source"  href="ES2002c.B.argumentstructs.xml#id(ES2002c.B.argumentstructs.Erik.12)"/>
      <nite:pointer role="target"  href="ES2002c.C.argumentstructs.xml#id(ES2002c.C.argumentstructs.Erik.2)"/>
      <nite:pointer role="type"  href="ar-types.xml#id(art_5)"/>
   </ar>
   <ar nite:id="ES2002c.argumentationrels.Erik.34">
      <nite:pointer role="source"  href="ES2002c.C.argumentstructs.xml#id(ES2002c.C.argumentstructs.Erik.2)"/>
      <nite:pointer role="target"  href="ES2002c.B.argumentstructs.xml#id(ES2002c.B.argumentstructs.Erik.13)"/>
      <nite:pointer role="type"  href="ar-types.xml#id(art_1)"/>
   </ar>
   <ar nite:id="ES2002c.argumentationrels.Erik.35">
      <nite:pointer role="source"  href="ES2002c.B.argumentstructs.xml#id(ES2002c.B.argumentstructs.Erik.13)"/>
      <nite:pointer role="target"  href="ES2002c.D.argumentstructs.xml#id(ES2002c.D.argumentstructs.Erik.14)"/>
      <nite:pointer role="type"  href="ar-types.xml#id(art_1)"/>
   </ar>
   <ar nite:id="ES2002c.argumentationrels.Erik.36">
      <nite:pointer role="source"  href="ES2002c.B.argumentstructs.xml#id(ES2002c.B.argumentstructs.Erik.13)"/>
      <nite:pointer role="target"  href="ES2002c.B.argumentstructs.xml#id(ES2002c.B.argumentstructs.Erik.14)"/>
      <nite:pointer role="type"  href="ar-types.xml#id(art_1)"/>
   </ar>
   <ar nite:id="ES2002c.argumentationrels.Erik.37">
      <nite:pointer role="source"  href="ES2002c.C.argumentstructs.xml#id(ES2002c.C.argumentstructs.Erik.2)"/>
      <nite:pointer role="target"  href="ES2002c.B.argumentstructs.xml#id(ES2002c.B.argumentstructs.Erik.15)"/>
      <nite:pointer role="type"  href="ar-types.xml#id(art_7)"/>
   </ar>
   <ar nite:id="ES2002c.argumentationrels.Erik.38">
      <nite:pointer role="source"  href="ES2002c.B.argumentstructs.xml#id(ES2002c.B.argumentstructs.Erik.15)"/>
      <nite:pointer role="target"  href="ES2002c.D.argumentstructs.xml#id(ES2002c.D.argumentstructs.Erik.15)"/>
      <nite:pointer role="type"  href="ar-types.xml#id(art_1)"/>
   </ar>
   <ar nite:id="ES2002c.argumentationrels.Erik.39">
      <nite:pointer role="source"  href="ES2002c.B.argumentstructs.xml#id(ES2002c.B.argumentstructs.Erik.15)"/>
      <nite:pointer role="target"  href="ES2002c.C.argumentstructs.xml#id(ES2002c.C.argumentstructs.Erik.3)"/>
      <nite:pointer role="type"  href="ar-types.xml#id(art_4)"/>
   </ar>
   <ar nite:id="ES2002c.argumentationrels.Erik.40">
      <nite:pointer role="source"  href="ES2002c.C.argumentstructs.xml#id(ES2002c.C.argumentstructs.Erik.3)"/>
      <nite:pointer role="target"  href="ES2002c.D.argumentstructs.xml#id(ES2002c.D.argumentstructs.Erik.16)"/>
      <nite:pointer role="type"  href="ar-types.xml#id(art_1)"/>
   </ar>
   <ar nite:id="ES2002c.argumentationrels.Erik.41">
      <nite:pointer role="source"  href="ES2002c.C.argumentstructs.xml#id(ES2002c.C.argumentstructs.Erik.3)"/>
      <nite:pointer role="target"  href="ES2002c.B.argumentstructs.xml#id(ES2002c.B.argumentstructs.Erik.16)"/>
      <nite:pointer role="type"  href="ar-types.xml#id(art_1)"/>
   </ar>
   <ar nite:id="ES2002c.argumentationrels.Erik.42">
      <nite:pointer role="source"  href="ES2002c.C.argumentstructs.xml#id(ES2002c.C.argumentstructs.Erik.3)"/>
      <nite:pointer role="target"  href="ES2002c.B.argumentstructs.xml#id(ES2002c.B.argumentstructs.Erik.17)"/>
      <nite:pointer role="type"  href="ar-types.xml#id(art_1)"/>
   </ar>
   <ar nite:id="ES2002c.argumentationrels.Erik.43">
      <nite:pointer role="source"  href="ES2002c.B.argumentstructs.xml#id(ES2002c.B.argumentstructs.Erik.18)"/>
      <nite:pointer role="target"  href="ES2002c.A.argumentstructs.xml#id(ES2002c.A.argumentstructs.Erik.9)"/>
      <nite:pointer role="type"  href="ar-types.xml#id(art_3)"/>
   </ar>
   <ar nite:id="ES2002c.argumentationrels.Erik.44">
      <nite:pointer role="source"  href="ES2002c.A.argumentstructs.xml#id(ES2002c.A.argumentstructs.Erik.9)"/>
      <nite:pointer role="target"  href="ES2002c.A.argumentstructs.xml#id(ES2002c.A.argumentstructs.Erik.10)"/>
      <nite:pointer role="type"  href="ar-types.xml#id(art_5)"/>
   </ar>
   <ar nite:id="ES2002c.argumentationrels.Erik.45">
      <nite:pointer role="source"  href="ES2002c.A.argumentstructs.xml#id(ES2002c.A.argumentstructs.Erik.9)"/>
      <nite:pointer role="target"  href="ES2002c.B.argumentstructs.xml#id(ES2002c.B.argumentstructs.Erik.19)"/>
      <nite:pointer role="type"  href="ar-types.xml#id(art_3)"/>
   </ar>
   <ar nite:id="ES2002c.argumentationrels.Erik.46">
      <nite:pointer role="source"  href="ES2002c.B.argumentstructs.xml#id(ES2002c.B.argumentstructs.Erik.19)"/>
      <nite:pointer role="target"  href="ES2002c.A.argumentstructs.xml#id(ES2002c.A.argumentstructs.Erik.11)"/>
      <nite:pointer role="type"  href="ar-types.xml#id(art_1)"/>
   </ar>
   <ar nite:id="ES2002c.argumentationrels.Erik.47">
      <nite:pointer role="source"  href="ES2002c.A.argumentstructs.xml#id(ES2002c.A.argumentstructs.Erik.9)"/>
      <nite:pointer role="target"  href="ES2002c.D.argumentstructs.xml#id(ES2002c.D.argumentstructs.Erik.17)"/>
      <nite:pointer role="type"  href="ar-types.xml#id(art_3)"/>
   </ar>
   <ar nite:id="ES2002c.argumentationrels.Erik.48">
      <nite:pointer role="source"  href="ES2002c.D.argumentstructs.xml#id(ES2002c.D.argumentstructs.Erik.17)"/>
      <nite:pointer role="target"  href="ES2002c.D.argumentstructs.xml#id(ES2002c.D.argumentstructs.Erik.18)"/>
      <nite:pointer role="type"  href="ar-types.xml#id(art_4)"/>
   </ar>
   <ar nite:id="ES2002c.argumentationrels.Erik.49">
      <nite:pointer role="source"  href="ES2002c.D.argumentstructs.xml#id(ES2002c.D.argumentstructs.Erik.18)"/>
      <nite:pointer role="target"  href="ES2002c.B.argumentstructs.xml#id(ES2002c.B.argumentstructs.Erik.20)"/>
      <nite:pointer role="type"  href="ar-types.xml#id(art_1)"/>
   </ar>
   <ar nite:id="ES2002c.argumentationrels.Erik.50">
      <nite:pointer role="source"  href="ES2002c.D.argumentstructs.xml#id(ES2002c.D.argumentstructs.Erik.18)"/>
      <nite:pointer role="target"  href="ES2002c.A.argumentstructs.xml#id(ES2002c.A.argumentstructs.Erik.12)"/>
      <nite:pointer role="type"  href="ar-types.xml#id(art_2)"/>
   </ar>
   <ar nite:id="ES2002c.argumentationrels.Erik.51">
      <nite:pointer role="source"  href="ES2002c.A.argumentstructs.xml#id(ES2002c.A.argumentstructs.Erik.12)"/>
      <nite:pointer role="target"  href="ES2002c.D.argumentstructs.xml#id(ES2002c.D.argumentstructs.Erik.19)"/>
      <nite:pointer role="type"  href="ar-types.xml#id(art_1)"/>
   </ar>
   <ar nite:id="ES2002c.argumentationrels.Erik.52">
      <nite:pointer role="source"  href="ES2002c.A.argumentstructs.xml#id(ES2002c.A.argumentstructs.Erik.12)"/>
      <nite:pointer role="target"  href="ES2002c.B.argumentstructs.xml#id(ES2002c.B.argumentstructs.Erik.21)"/>
      <nite:pointer role="type"  href="ar-types.xml#id(art_1)"/>
   </ar>
   <ar nite:id="ES2002c.argumentationrels.Erik.53">
      <nite:pointer role="source"  href="ES2002c.A.argumentstructs.xml#id(ES2002c.A.argumentstructs.Erik.12)"/>
      <nite:pointer role="target"  href="ES2002c.B.argumentstructs.xml#id(ES2002c.B.argumentstructs.Erik.22)"/>
      <nite:pointer role="type"  href="ar-types.xml#id(art_3)"/>
   </ar>
   <ar nite:id="ES2002c.argumentationrels.Erik.54">
      <nite:pointer role="source"  href="ES2002c.B.argumentstructs.xml#id(ES2002c.B.argumentstructs.Erik.22)"/>
      <nite:pointer role="target"  href="ES2002c.A.argumentstructs.xml#id(ES2002c.A.argumentstructs.Erik.13)"/>
      <nite:pointer role="type"  href="ar-types.xml#id(art_3)"/>
   </ar>
   <ar nite:id="ES2002c.argumentationrels.Erik.55">
      <nite:pointer role="source"  href="ES2002c.D.argumentstructs.xml#id(ES2002c.D.argumentstructs.Erik.20)"/>
      <nite:pointer role="target"  href="ES2002c.B.argumentstructs.xml#id(ES2002c.B.argumentstructs.Erik.23)"/>
      <nite:pointer role="type"  href="ar-types.xml#id(art_4)"/>
   </ar>
   <ar nite:id="ES2002c.argumentationrels.Erik.56">
      <nite:pointer role="source"  href="ES2002c.B.argumentstructs.xml#id(ES2002c.B.argumentstructs.Erik.23)"/>
      <nite:pointer role="target"  href="ES2002c.D.argumentstructs.xml#id(ES2002c.D.argumentstructs.Erik.21)"/>
      <nite:pointer role="type"  href="ar-types.xml#id(art_1)"/>
   </ar>
   <ar nite:id="ES2002c.argumentationrels.Erik.57">
      <nite:pointer role="source"  href="ES2002c.B.argumentstructs.xml#id(ES2002c.B.argumentstructs.Erik.23)"/>
      <nite:pointer role="target"  href="ES2002c.A.argumentstructs.xml#id(ES2002c.A.argumentstructs.Erik.14)"/>
      <nite:pointer role="type"  href="ar-types.xml#id(art_4)"/>
   </ar>
   <ar nite:id="ES2002c.argumentationrels.Erik.58">
      <nite:pointer role="source"  href="ES2002c.A.argumentstructs.xml#id(ES2002c.A.argumentstructs.Erik.14)"/>
      <nite:pointer role="target"  href="ES2002c.D.argumentstructs.xml#id(ES2002c.D.argumentstructs.Erik.22)"/>
      <nite:pointer role="type"  href="ar-types.xml#id(art_1)"/>
   </ar>
   <ar nite:id="ES2002c.argumentationrels.Erik.59">
      <nite:pointer role="source"  href="ES2002c.A.argumentstructs.xml#id(ES2002c.A.argumentstructs.Erik.14)"/>
      <nite:pointer role="target"  href="ES2002c.B.argumentstructs.xml#id(ES2002c.B.argumentstructs.Erik.24)"/>
      <nite:pointer role="type"  href="ar-types.xml#id(art_1)"/>
   </ar>
   <ar nite:id="ES2002c.argumentationrels.Erik.60">
      <nite:pointer role="source"  href="ES2002c.B.argumentstructs.xml#id(ES2002c.B.argumentstructs.Erik.24)"/>
      <nite:pointer role="target"  href="ES2002c.D.argumentstructs.xml#id(ES2002c.D.argumentstructs.Erik.23)"/>
      <nite:pointer role="type"  href="ar-types.xml#id(art_1)"/>
   </ar>
   <ar nite:id="ES2002c.argumentationrels.Erik.61">
      <nite:pointer role="source"  href="ES2002c.A.argumentstructs.xml#id(ES2002c.A.argumentstructs.Erik.14)"/>
      <nite:pointer role="target"  href="ES2002c.B.argumentstructs.xml#id(ES2002c.B.argumentstructs.Erik.25)"/>
      <nite:pointer role="type"  href="ar-types.xml#id(art_3)"/>
   </ar>
   <ar nite:id="ES2002c.argumentationrels.Erik.62">
      <nite:pointer role="source"  href="ES2002c.B.argumentstructs.xml#id(ES2002c.B.argumentstructs.Erik.25)"/>
      <nite:pointer role="target"  href="ES2002c.D.argumentstructs.xml#id(ES2002c.D.argumentstructs.Erik.24)"/>
      <nite:pointer role="type"  href="ar-types.xml#id(art_1)"/>
   </ar>
   <ar nite:id="ES2002c.argumentationrels.Erik.63">
      <nite:pointer role="source"  href="ES2002c.B.argumentstructs.xml#id(ES2002c.B.argumentstructs.Erik.25)"/>
      <nite:pointer role="target"  href="ES2002c.A.argumentstructs.xml#id(ES2002c.A.argumentstructs.Erik.15)"/>
      <nite:pointer role="type"  href="ar-types.xml#id(art_1)"/>
   </ar>
   <ar nite:id="ES2002c.argumentationrels.Erik.64">
      <nite:pointer role="source"  href="ES2002c.B.argumentstructs.xml#id(ES2002c.B.argumentstructs.Erik.23)"/>
      <nite:pointer role="target"  href="ES2002c.A.argumentstructs.xml#id(ES2002c.A.argumentstructs.Erik.16)"/>
      <nite:pointer role="type"  href="ar-types.xml#id(art_4)"/>
   </ar>
   <ar nite:id="ES2002c.argumentationrels.Erik.65">
      <nite:pointer role="source"  href="ES2002c.A.argumentstructs.xml#id(ES2002c.A.argumentstructs.Erik.16)"/>
      <nite:pointer role="target"  href="ES2002c.D.argumentstructs.xml#id(ES2002c.D.argumentstructs.Erik.25)"/>
      <nite:pointer role="type"  href="ar-types.xml#id(art_1)"/>
   </ar>
   <ar nite:id="ES2002c.argumentationrels.Erik.66">
      <nite:pointer role="source"  href="ES2002c.A.argumentstructs.xml#id(ES2002c.A.argumentstructs.Erik.16)"/>
      <nite:pointer role="target"  href="ES2002c.D.argumentstructs.xml#id(ES2002c.D.argumentstructs.Erik.26)"/>
      <nite:pointer role="type"  href="ar-types.xml#id(art_1)"/>
   </ar>
   <ar nite:id="ES2002c.argumentationrels.Erik.67">
      <nite:pointer role="source"  href="ES2002c.A.argumentstructs.xml#id(ES2002c.A.argumentstructs.Erik.16)"/>
      <nite:pointer role="target"  href="ES2002c.B.argumentstructs.xml#id(ES2002c.B.argumentstructs.Erik.26)"/>
      <nite:pointer role="type"  href="ar-types.xml#id(art_1)"/>
   </ar>
   <ar nite:id="ES2002c.argumentationrels.Erik.68">
      <nite:pointer role="source"  href="ES2002c.A.argumentstructs.xml#id(ES2002c.A.argumentstructs.Erik.16)"/>
      <nite:pointer role="target"  href="ES2002c.A.argumentstructs.xml#id(ES2002c.A.argumentstructs.Erik.17)"/>
      <nite:pointer role="type"  href="ar-types.xml#id(art_5)"/>
   </ar>
   <ar nite:id="ES2002c.argumentationrels.Erik.69">
      <nite:pointer role="source"  href="ES2002c.A.argumentstructs.xml#id(ES2002c.A.argumentstructs.Erik.17)"/>
      <nite:pointer role="target"  href="ES2002c.D.argumentstructs.xml#id(ES2002c.D.argumentstructs.Erik.27)"/>
      <nite:pointer role="type"  href="ar-types.xml#id(art_1)"/>
   </ar>
</nite:root>