<?xml version="1.0" encoding="ISO-8859-1" standalone="yes"?>
<nite:root nite:id="ES2008c.argumentationrels" xmlns:nite="http://nite.sourceforge.net/">
   <ar nite:id="ES2008c.argumentationrels.Erik.1">
      <nite:pointer role="source"  href="ES2008c.B.argumentstructs.xml#id(ES2008c.B.argumentstructs.Erik.1)"/>
      <nite:pointer role="target"  href="ES2008c.C.argumentstructs.xml#id(ES2008c.C.argumentstructs.Erik.1)"/>
      <nite:pointer role="type"  href="ar-types.xml#id(art_1)"/>
   </ar>
   <ar nite:id="ES2008c.argumentationrels.Erik.2">
      <nite:pointer role="source"  href="ES2008c.C.argumentstructs.xml#id(ES2008c.C.argumentstructs.Erik.1)"/>
      <nite:pointer role="target"  href="ES2008c.C.argumentstructs.xml#id(ES2008c.C.argumentstructs.Erik.2)"/>
      <nite:pointer role="type"  href="ar-types.xml#id(art_5)"/>
   </ar>
   <ar nite:id="ES2008c.argumentationrels.Erik.3">
      <nite:pointer role="source"  href="ES2008c.C.argumentstructs.xml#id(ES2008c.C.argumentstructs.Erik.2)"/>
      <nite:pointer role="target"  href="ES2008c.B.argumentstructs.xml#id(ES2008c.B.argumentstructs.Erik.2)"/>
      <nite:pointer role="type"  href="ar-types.xml#id(art_1)"/>
   </ar>
   <ar nite:id="ES2008c.argumentationrels.Erik.4">
      <nite:pointer role="source"  href="ES2008c.C.argumentstructs.xml#id(ES2008c.C.argumentstructs.Erik.1)"/>
      <nite:pointer role="target"  href="ES2008c.C.argumentstructs.xml#id(ES2008c.C.argumentstructs.Erik.3)"/>
      <nite:pointer role="type"  href="ar-types.xml#id(art_2)"/>
   </ar>
   <ar nite:id="ES2008c.argumentationrels.Erik.5">
      <nite:pointer role="source"  href="ES2008c.C.argumentstructs.xml#id(ES2008c.C.argumentstructs.Erik.3)"/>
      <nite:pointer role="target"  href="ES2008c.B.argumentstructs.xml#id(ES2008c.B.argumentstructs.Erik.3)"/>
      <nite:pointer role="type"  href="ar-types.xml#id(art_1)"/>
   </ar>
   <ar nite:id="ES2008c.argumentationrels.Erik.6">
      <nite:pointer role="source"  href="ES2008c.B.argumentstructs.xml#id(ES2008c.B.argumentstructs.Erik.1)"/>
      <nite:pointer role="target"  href="ES2008c.C.argumentstructs.xml#id(ES2008c.C.argumentstructs.Erik.4)"/>
      <nite:pointer role="type"  href="ar-types.xml#id(art_2)"/>
   </ar>
   <ar nite:id="ES2008c.argumentationrels.Erik.7">
      <nite:pointer role="source"  href="ES2008c.C.argumentstructs.xml#id(ES2008c.C.argumentstructs.Erik.4)"/>
      <nite:pointer role="target"  href="ES2008c.B.argumentstructs.xml#id(ES2008c.B.argumentstructs.Erik.4)"/>
      <nite:pointer role="type"  href="ar-types.xml#id(art_1)"/>
   </ar>
   <ar nite:id="ES2008c.argumentationrels.Erik.8">
      <nite:pointer role="source"  href="ES2008c.C.argumentstructs.xml#id(ES2008c.C.argumentstructs.Erik.4)"/>
      <nite:pointer role="target"  href="ES2008c.C.argumentstructs.xml#id(ES2008c.C.argumentstructs.Erik.5)"/>
      <nite:pointer role="type"  href="ar-types.xml#id(art_5)"/>
   </ar>
   <ar nite:id="ES2008c.argumentationrels.Erik.9">
      <nite:pointer role="source"  href="ES2008c.C.argumentstructs.xml#id(ES2008c.C.argumentstructs.Erik.5)"/>
      <nite:pointer role="target"  href="ES2008c.B.argumentstructs.xml#id(ES2008c.B.argumentstructs.Erik.5)"/>
      <nite:pointer role="type"  href="ar-types.xml#id(art_1)"/>
   </ar>
   <ar nite:id="ES2008c.argumentationrels.Erik.10">
      <nite:pointer role="source"  href="ES2008c.A.argumentstructs.xml#id(ES2008c.A.argumentstructs.Erik.1)"/>
      <nite:pointer role="target"  href="ES2008c.B.argumentstructs.xml#id(ES2008c.B.argumentstructs.Erik.6)"/>
      <nite:pointer role="type"  href="ar-types.xml#id(art_4)"/>
   </ar>
   <ar nite:id="ES2008c.argumentationrels.Erik.11">
      <nite:pointer role="source"  href="ES2008c.B.argumentstructs.xml#id(ES2008c.B.argumentstructs.Erik.6)"/>
      <nite:pointer role="target"  href="ES2008c.A.argumentstructs.xml#id(ES2008c.A.argumentstructs.Erik.2)"/>
      <nite:pointer role="type"  href="ar-types.xml#id(art_3)"/>
   </ar>
   <ar nite:id="ES2008c.argumentationrels.Erik.12">
      <nite:pointer role="source"  href="ES2008c.A.argumentstructs.xml#id(ES2008c.A.argumentstructs.Erik.2)"/>
      <nite:pointer role="target"  href="ES2008c.B.argumentstructs.xml#id(ES2008c.B.argumentstructs.Erik.7)"/>
      <nite:pointer role="type"  href="ar-types.xml#id(art_5)"/>
   </ar>
   <ar nite:id="ES2008c.argumentationrels.Erik.13">
      <nite:pointer role="source"  href="ES2008c.B.argumentstructs.xml#id(ES2008c.B.argumentstructs.Erik.7)"/>
      <nite:pointer role="target"  href="ES2008c.B.argumentstructs.xml#id(ES2008c.B.argumentstructs.Erik.8)"/>
      <nite:pointer role="type"  href="ar-types.xml#id(art_5)"/>
   </ar>
   <ar nite:id="ES2008c.argumentationrels.Erik.14">
      <nite:pointer role="source"  href="ES2008c.B.argumentstructs.xml#id(ES2008c.B.argumentstructs.Erik.8)"/>
      <nite:pointer role="target"  href="ES2008c.C.argumentstructs.xml#id(ES2008c.C.argumentstructs.Erik.6)"/>
      <nite:pointer role="type"  href="ar-types.xml#id(art_1)"/>
   </ar>
   <ar nite:id="ES2008c.argumentationrels.Erik.15">
      <nite:pointer role="source"  href="ES2008c.A.argumentstructs.xml#id(ES2008c.A.argumentstructs.Erik.1)"/>
      <nite:pointer role="target"  href="ES2008c.B.argumentstructs.xml#id(ES2008c.B.argumentstructs.Erik.9)"/>
      <nite:pointer role="type"  href="ar-types.xml#id(art_4)"/>
   </ar>
   <ar nite:id="ES2008c.argumentationrels.Erik.16">
      <nite:pointer role="source"  href="ES2008c.B.argumentstructs.xml#id(ES2008c.B.argumentstructs.Erik.9)"/>
      <nite:pointer role="target"  href="ES2008c.D.argumentstructs.xml#id(ES2008c.D.argumentstructs.Erik.1)"/>
      <nite:pointer role="type"  href="ar-types.xml#id(art_1)"/>
   </ar>
   <ar nite:id="ES2008c.argumentationrels.Erik.17">
      <nite:pointer role="source"  href="ES2008c.D.argumentstructs.xml#id(ES2008c.D.argumentstructs.Erik.1)"/>
      <nite:pointer role="target"  href="ES2008c.C.argumentstructs.xml#id(ES2008c.C.argumentstructs.Erik.7)"/>
      <nite:pointer role="type"  href="ar-types.xml#id(art_1)"/>
   </ar>
   <ar nite:id="ES2008c.argumentationrels.Erik.18">
      <nite:pointer role="source"  href="ES2008c.D.argumentstructs.xml#id(ES2008c.D.argumentstructs.Erik.1)"/>
      <nite:pointer role="target"  href="ES2008c.B.argumentstructs.xml#id(ES2008c.B.argumentstructs.Erik.10)"/>
      <nite:pointer role="type"  href="ar-types.xml#id(art_1)"/>
   </ar>
   <ar nite:id="ES2008c.argumentationrels.Erik.19">
      <nite:pointer role="source"  href="ES2008c.A.argumentstructs.xml#id(ES2008c.A.argumentstructs.Erik.1)"/>
      <nite:pointer role="target"  href="ES2008c.B.argumentstructs.xml#id(ES2008c.B.argumentstructs.Erik.11)"/>
      <nite:pointer role="type"  href="ar-types.xml#id(art_9)"/>
   </ar>
   <ar nite:id="ES2008c.argumentationrels.Erik.20">
      <nite:pointer role="source"  href="ES2008c.B.argumentstructs.xml#id(ES2008c.B.argumentstructs.Erik.11)"/>
      <nite:pointer role="target"  href="ES2008c.B.argumentstructs.xml#id(ES2008c.B.argumentstructs.Erik.12)"/>
      <nite:pointer role="type"  href="ar-types.xml#id(art_4)"/>
   </ar>
   <ar nite:id="ES2008c.argumentationrels.Erik.21">
      <nite:pointer role="source"  href="ES2008c.B.argumentstructs.xml#id(ES2008c.B.argumentstructs.Erik.11)"/>
      <nite:pointer role="target"  href="ES2008c.A.argumentstructs.xml#id(ES2008c.A.argumentstructs.Erik.3)"/>
      <nite:pointer role="type"  href="ar-types.xml#id(art_1)"/>
   </ar>
   <ar nite:id="ES2008c.argumentationrels.Erik.22">
      <nite:pointer role="source"  href="ES2008c.B.argumentstructs.xml#id(ES2008c.B.argumentstructs.Erik.11)"/>
      <nite:pointer role="target"  href="ES2008c.B.argumentstructs.xml#id(ES2008c.B.argumentstructs.Erik.13)"/>
      <nite:pointer role="type"  href="ar-types.xml#id(art_4)"/>
   </ar>
   <ar nite:id="ES2008c.argumentationrels.Erik.23">
      <nite:pointer role="source"  href="ES2008c.B.argumentstructs.xml#id(ES2008c.B.argumentstructs.Erik.13)"/>
      <nite:pointer role="target"  href="ES2008c.A.argumentstructs.xml#id(ES2008c.A.argumentstructs.Erik.4)"/>
      <nite:pointer role="type"  href="ar-types.xml#id(art_9)"/>
   </ar>
   <ar nite:id="ES2008c.argumentationrels.Erik.24">
      <nite:pointer role="source"  href="ES2008c.B.argumentstructs.xml#id(ES2008c.B.argumentstructs.Erik.13)"/>
      <nite:pointer role="target"  href="ES2008c.C.argumentstructs.xml#id(ES2008c.C.argumentstructs.Erik.8)"/>
      <nite:pointer role="type"  href="ar-types.xml#id(art_3)"/>
   </ar>
   <ar nite:id="ES2008c.argumentationrels.Erik.25">
      <nite:pointer role="source"  href="ES2008c.C.argumentstructs.xml#id(ES2008c.C.argumentstructs.Erik.8)"/>
      <nite:pointer role="target"  href="ES2008c.A.argumentstructs.xml#id(ES2008c.A.argumentstructs.Erik.5)"/>
      <nite:pointer role="type"  href="ar-types.xml#id(art_3)"/>
   </ar>
   <ar nite:id="ES2008c.argumentationrels.Erik.26">
      <nite:pointer role="source"  href="ES2008c.C.argumentstructs.xml#id(ES2008c.C.argumentstructs.Erik.8)"/>
      <nite:pointer role="target"  href="ES2008c.A.argumentstructs.xml#id(ES2008c.A.argumentstructs.Erik.6)"/>
      <nite:pointer role="type"  href="ar-types.xml#id(art_3)"/>
   </ar>
   <ar nite:id="ES2008c.argumentationrels.Erik.27">
      <nite:pointer role="source"  href="ES2008c.B.argumentstructs.xml#id(ES2008c.B.argumentstructs.Erik.13)"/>
      <nite:pointer role="target"  href="ES2008c.A.argumentstructs.xml#id(ES2008c.A.argumentstructs.Erik.7)"/>
      <nite:pointer role="type"  href="ar-types.xml#id(art_1)"/>
   </ar>
   <ar nite:id="ES2008c.argumentationrels.Erik.28">
      <nite:pointer role="source"  href="ES2008c.A.argumentstructs.xml#id(ES2008c.A.argumentstructs.Erik.1)"/>
      <nite:pointer role="target"  href="ES2008c.D.argumentstructs.xml#id(ES2008c.D.argumentstructs.Erik.2)"/>
      <nite:pointer role="type"  href="ar-types.xml#id(art_4)"/>
   </ar>
   <ar nite:id="ES2008c.argumentationrels.Erik.29">
      <nite:pointer role="source"  href="ES2008c.D.argumentstructs.xml#id(ES2008c.D.argumentstructs.Erik.2)"/>
      <nite:pointer role="target"  href="ES2008c.D.argumentstructs.xml#id(ES2008c.D.argumentstructs.Erik.3)"/>
      <nite:pointer role="type"  href="ar-types.xml#id(art_5)"/>
   </ar>
   <ar nite:id="ES2008c.argumentationrels.Erik.30">
      <nite:pointer role="source"  href="ES2008c.D.argumentstructs.xml#id(ES2008c.D.argumentstructs.Erik.2)"/>
      <nite:pointer role="target"  href="ES2008c.B.argumentstructs.xml#id(ES2008c.B.argumentstructs.Erik.14)"/>
      <nite:pointer role="type"  href="ar-types.xml#id(art_3)"/>
   </ar>
   <ar nite:id="ES2008c.argumentationrels.Erik.31">
      <nite:pointer role="source"  href="ES2008c.D.argumentstructs.xml#id(ES2008c.D.argumentstructs.Erik.2)"/>
      <nite:pointer role="target"  href="ES2008c.C.argumentstructs.xml#id(ES2008c.C.argumentstructs.Erik.9)"/>
      <nite:pointer role="type"  href="ar-types.xml#id(art_4)"/>
   </ar>
   <ar nite:id="ES2008c.argumentationrels.Erik.32">
      <nite:pointer role="source"  href="ES2008c.C.argumentstructs.xml#id(ES2008c.C.argumentstructs.Erik.9)"/>
      <nite:pointer role="target"  href="ES2008c.C.argumentstructs.xml#id(ES2008c.C.argumentstructs.Erik.10)"/>
      <nite:pointer role="type"  href="ar-types.xml#id(art_1)"/>
   </ar>
   <ar nite:id="ES2008c.argumentationrels.Erik.33">
      <nite:pointer role="source"  href="ES2008c.C.argumentstructs.xml#id(ES2008c.C.argumentstructs.Erik.11)"/>
      <nite:pointer role="target"  href="ES2008c.D.argumentstructs.xml#id(ES2008c.D.argumentstructs.Erik.4)"/>
      <nite:pointer role="type"  href="ar-types.xml#id(art_1)"/>
   </ar>
   <ar nite:id="ES2008c.argumentationrels.Erik.34">
      <nite:pointer role="source"  href="ES2008c.C.argumentstructs.xml#id(ES2008c.C.argumentstructs.Erik.11)"/>
      <nite:pointer role="target"  href="ES2008c.C.argumentstructs.xml#id(ES2008c.C.argumentstructs.Erik.12)"/>
      <nite:pointer role="type"  href="ar-types.xml#id(art_5)"/>
   </ar>
   <ar nite:id="ES2008c.argumentationrels.Erik.35">
      <nite:pointer role="source"  href="ES2008c.C.argumentstructs.xml#id(ES2008c.C.argumentstructs.Erik.12)"/>
      <nite:pointer role="target"  href="ES2008c.A.argumentstructs.xml#id(ES2008c.A.argumentstructs.Erik.8)"/>
      <nite:pointer role="type"  href="ar-types.xml#id(art_4)"/>
   </ar>
   <ar nite:id="ES2008c.argumentationrels.Erik.36">
      <nite:pointer role="source"  href="ES2008c.C.argumentstructs.xml#id(ES2008c.C.argumentstructs.Erik.12)"/>
      <nite:pointer role="target"  href="ES2008c.C.argumentstructs.xml#id(ES2008c.C.argumentstructs.Erik.13)"/>
      <nite:pointer role="type"  href="ar-types.xml#id(art_4)"/>
   </ar>
   <ar nite:id="ES2008c.argumentationrels.Erik.37">
      <nite:pointer role="source"  href="ES2008c.C.argumentstructs.xml#id(ES2008c.C.argumentstructs.Erik.13)"/>
      <nite:pointer role="target"  href="ES2008c.B.argumentstructs.xml#id(ES2008c.B.argumentstructs.Erik.15)"/>
      <nite:pointer role="type"  href="ar-types.xml#id(art_1)"/>
   </ar>
   <ar nite:id="ES2008c.argumentationrels.Erik.38">
      <nite:pointer role="source"  href="ES2008c.C.argumentstructs.xml#id(ES2008c.C.argumentstructs.Erik.13)"/>
      <nite:pointer role="target"  href="ES2008c.A.argumentstructs.xml#id(ES2008c.A.argumentstructs.Erik.9)"/>
      <nite:pointer role="type"  href="ar-types.xml#id(art_7)"/>
   </ar>
   <ar nite:id="ES2008c.argumentationrels.Erik.39">
      <nite:pointer role="source"  href="ES2008c.A.argumentstructs.xml#id(ES2008c.A.argumentstructs.Erik.9)"/>
      <nite:pointer role="target"  href="ES2008c.D.argumentstructs.xml#id(ES2008c.D.argumentstructs.Erik.5)"/>
      <nite:pointer role="type"  href="ar-types.xml#id(art_1)"/>
   </ar>
   <ar nite:id="ES2008c.argumentationrels.Erik.40">
      <nite:pointer role="source"  href="ES2008c.A.argumentstructs.xml#id(ES2008c.A.argumentstructs.Erik.9)"/>
      <nite:pointer role="target"  href="ES2008c.B.argumentstructs.xml#id(ES2008c.B.argumentstructs.Erik.16)"/>
      <nite:pointer role="type"  href="ar-types.xml#id(art_2)"/>
   </ar>
   <ar nite:id="ES2008c.argumentationrels.Erik.41">
      <nite:pointer role="source"  href="ES2008c.A.argumentstructs.xml#id(ES2008c.A.argumentstructs.Erik.9)"/>
      <nite:pointer role="target"  href="ES2008c.A.argumentstructs.xml#id(ES2008c.A.argumentstructs.Erik.10)"/>
      <nite:pointer role="type"  href="ar-types.xml#id(art_5)"/>
   </ar>
   <ar nite:id="ES2008c.argumentationrels.Erik.42">
      <nite:pointer role="source"  href="ES2008c.A.argumentstructs.xml#id(ES2008c.A.argumentstructs.Erik.10)"/>
      <nite:pointer role="target"  href="ES2008c.C.argumentstructs.xml#id(ES2008c.C.argumentstructs.Erik.14)"/>
      <nite:pointer role="type"  href="ar-types.xml#id(art_1)"/>
   </ar>
   <ar nite:id="ES2008c.argumentationrels.Erik.43">
      <nite:pointer role="source"  href="ES2008c.A.argumentstructs.xml#id(ES2008c.A.argumentstructs.Erik.10)"/>
      <nite:pointer role="target"  href="ES2008c.B.argumentstructs.xml#id(ES2008c.B.argumentstructs.Erik.17)"/>
      <nite:pointer role="type"  href="ar-types.xml#id(art_1)"/>
   </ar>
   <ar nite:id="ES2008c.argumentationrels.Erik.44">
      <nite:pointer role="source"  href="ES2008c.A.argumentstructs.xml#id(ES2008c.A.argumentstructs.Erik.10)"/>
      <nite:pointer role="target"  href="ES2008c.A.argumentstructs.xml#id(ES2008c.A.argumentstructs.Erik.11)"/>
      <nite:pointer role="type"  href="ar-types.xml#id(art_5)"/>
   </ar>
   <ar nite:id="ES2008c.argumentationrels.Erik.45">
      <nite:pointer role="source"  href="ES2008c.A.argumentstructs.xml#id(ES2008c.A.argumentstructs.Erik.11)"/>
      <nite:pointer role="target"  href="ES2008c.C.argumentstructs.xml#id(ES2008c.C.argumentstructs.Erik.15)"/>
      <nite:pointer role="type"  href="ar-types.xml#id(art_1)"/>
   </ar>
   <ar nite:id="ES2008c.argumentationrels.Erik.46">
      <nite:pointer role="source"  href="ES2008c.C.argumentstructs.xml#id(ES2008c.C.argumentstructs.Erik.15)"/>
      <nite:pointer role="target"  href="ES2008c.B.argumentstructs.xml#id(ES2008c.B.argumentstructs.Erik.18)"/>
      <nite:pointer role="type"  href="ar-types.xml#id(art_1)"/>
   </ar>
   <ar nite:id="ES2008c.argumentationrels.Erik.47">
      <nite:pointer role="source"  href="ES2008c.C.argumentstructs.xml#id(ES2008c.C.argumentstructs.Erik.13)"/>
      <nite:pointer role="target"  href="ES2008c.B.argumentstructs.xml#id(ES2008c.B.argumentstructs.Erik.19)"/>
      <nite:pointer role="type"  href="ar-types.xml#id(art_1)"/>
   </ar>
   <ar nite:id="ES2008c.argumentationrels.Erik.48">
      <nite:pointer role="source"  href="ES2008c.B.argumentstructs.xml#id(ES2008c.B.argumentstructs.Erik.19)"/>
      <nite:pointer role="target"  href="ES2008c.C.argumentstructs.xml#id(ES2008c.C.argumentstructs.Erik.16)"/>
      <nite:pointer role="type"  href="ar-types.xml#id(art_9)"/>
   </ar>
   <ar nite:id="ES2008c.argumentationrels.Erik.49">
      <nite:pointer role="source"  href="ES2008c.C.argumentstructs.xml#id(ES2008c.C.argumentstructs.Erik.16)"/>
      <nite:pointer role="target"  href="ES2008c.B.argumentstructs.xml#id(ES2008c.B.argumentstructs.Erik.20)"/>
      <nite:pointer role="type"  href="ar-types.xml#id(art_1)"/>
   </ar>
   <ar nite:id="ES2008c.argumentationrels.Erik.50">
      <nite:pointer role="source"  href="ES2008c.B.argumentstructs.xml#id(ES2008c.B.argumentstructs.Erik.19)"/>
      <nite:pointer role="target"  href="ES2008c.C.argumentstructs.xml#id(ES2008c.C.argumentstructs.Erik.17)"/>
      <nite:pointer role="type"  href="ar-types.xml#id(art_9)"/>
   </ar>
   <ar nite:id="ES2008c.argumentationrels.Erik.51">
      <nite:pointer role="source"  href="ES2008c.C.argumentstructs.xml#id(ES2008c.C.argumentstructs.Erik.17)"/>
      <nite:pointer role="target"  href="ES2008c.D.argumentstructs.xml#id(ES2008c.D.argumentstructs.Erik.6)"/>
      <nite:pointer role="type"  href="ar-types.xml#id(art_1)"/>
   </ar>
   <ar nite:id="ES2008c.argumentationrels.Erik.52">
      <nite:pointer role="source"  href="ES2008c.C.argumentstructs.xml#id(ES2008c.C.argumentstructs.Erik.17)"/>
      <nite:pointer role="target"  href="ES2008c.B.argumentstructs.xml#id(ES2008c.B.argumentstructs.Erik.21)"/>
      <nite:pointer role="type"  href="ar-types.xml#id(art_1)"/>
   </ar>
   <ar nite:id="ES2008c.argumentationrels.Erik.53">
      <nite:pointer role="source"  href="ES2008c.B.argumentstructs.xml#id(ES2008c.B.argumentstructs.Erik.19)"/>
      <nite:pointer role="target"  href="ES2008c.C.argumentstructs.xml#id(ES2008c.C.argumentstructs.Erik.18)"/>
      <nite:pointer role="type"  href="ar-types.xml#id(art_9)"/>
   </ar>
   <ar nite:id="ES2008c.argumentationrels.Erik.54">
      <nite:pointer role="source"  href="ES2008c.C.argumentstructs.xml#id(ES2008c.C.argumentstructs.Erik.18)"/>
      <nite:pointer role="target"  href="ES2008c.D.argumentstructs.xml#id(ES2008c.D.argumentstructs.Erik.7)"/>
      <nite:pointer role="type"  href="ar-types.xml#id(art_4)"/>
   </ar>
   <ar nite:id="ES2008c.argumentationrels.Erik.55">
      <nite:pointer role="source"  href="ES2008c.C.argumentstructs.xml#id(ES2008c.C.argumentstructs.Erik.18)"/>
      <nite:pointer role="target"  href="ES2008c.A.argumentstructs.xml#id(ES2008c.A.argumentstructs.Erik.12)"/>
      <nite:pointer role="type"  href="ar-types.xml#id(art_1)"/>
   </ar>
   <ar nite:id="ES2008c.argumentationrels.Erik.56">
      <nite:pointer role="source"  href="ES2008c.C.argumentstructs.xml#id(ES2008c.C.argumentstructs.Erik.18)"/>
      <nite:pointer role="target"  href="ES2008c.B.argumentstructs.xml#id(ES2008c.B.argumentstructs.Erik.22)"/>
      <nite:pointer role="type"  href="ar-types.xml#id(art_4)"/>
   </ar>
   <ar nite:id="ES2008c.argumentationrels.Erik.57">
      <nite:pointer role="source"  href="ES2008c.C.argumentstructs.xml#id(ES2008c.C.argumentstructs.Erik.18)"/>
      <nite:pointer role="target"  href="ES2008c.A.argumentstructs.xml#id(ES2008c.A.argumentstructs.Erik.13)"/>
      <nite:pointer role="type"  href="ar-types.xml#id(art_4)"/>
   </ar>
   <ar nite:id="ES2008c.argumentationrels.Erik.58">
      <nite:pointer role="source"  href="ES2008c.A.argumentstructs.xml#id(ES2008c.A.argumentstructs.Erik.13)"/>
      <nite:pointer role="target"  href="ES2008c.B.argumentstructs.xml#id(ES2008c.B.argumentstructs.Erik.23)"/>
      <nite:pointer role="type"  href="ar-types.xml#id(art_1)"/>
   </ar>
   <ar nite:id="ES2008c.argumentationrels.Erik.59">
      <nite:pointer role="source"  href="ES2008c.B.argumentstructs.xml#id(ES2008c.B.argumentstructs.Erik.23)"/>
      <nite:pointer role="target"  href="ES2008c.B.argumentstructs.xml#id(ES2008c.B.argumentstructs.Erik.24)"/>
      <nite:pointer role="type"  href="ar-types.xml#id(art_5)"/>
   </ar>
   <ar nite:id="ES2008c.argumentationrels.Erik.60">
      <nite:pointer role="source"  href="ES2008c.B.argumentstructs.xml#id(ES2008c.B.argumentstructs.Erik.24)"/>
      <nite:pointer role="target"  href="ES2008c.C.argumentstructs.xml#id(ES2008c.C.argumentstructs.Erik.19)"/>
      <nite:pointer role="type"  href="ar-types.xml#id(art_1)"/>
   </ar>
   <ar nite:id="ES2008c.argumentationrels.Erik.61">
      <nite:pointer role="source"  href="ES2008c.B.argumentstructs.xml#id(ES2008c.B.argumentstructs.Erik.24)"/>
      <nite:pointer role="target"  href="ES2008c.C.argumentstructs.xml#id(ES2008c.C.argumentstructs.Erik.20)"/>
      <nite:pointer role="type"  href="ar-types.xml#id(art_1)"/>
   </ar>
   <ar nite:id="ES2008c.argumentationrels.Erik.62">
      <nite:pointer role="source"  href="ES2008c.B.argumentstructs.xml#id(ES2008c.B.argumentstructs.Erik.24)"/>
      <nite:pointer role="target"  href="ES2008c.B.argumentstructs.xml#id(ES2008c.B.argumentstructs.Erik.25)"/>
      <nite:pointer role="type"  href="ar-types.xml#id(art_5)"/>
   </ar>
   <ar nite:id="ES2008c.argumentationrels.Erik.63">
      <nite:pointer role="source"  href="ES2008c.B.argumentstructs.xml#id(ES2008c.B.argumentstructs.Erik.19)"/>
      <nite:pointer role="target"  href="ES2008c.D.argumentstructs.xml#id(ES2008c.D.argumentstructs.Erik.8)"/>
      <nite:pointer role="type"  href="ar-types.xml#id(art_5)"/>
   </ar>
   <ar nite:id="ES2008c.argumentationrels.Erik.64">
      <nite:pointer role="source"  href="ES2008c.D.argumentstructs.xml#id(ES2008c.D.argumentstructs.Erik.8)"/>
      <nite:pointer role="target"  href="ES2008c.B.argumentstructs.xml#id(ES2008c.B.argumentstructs.Erik.26)"/>
      <nite:pointer role="type"  href="ar-types.xml#id(art_1)"/>
   </ar>
   <ar nite:id="ES2008c.argumentationrels.Erik.65">
      <nite:pointer role="source"  href="ES2008c.A.argumentstructs.xml#id(ES2008c.A.argumentstructs.Erik.14)"/>
      <nite:pointer role="target"  href="ES2008c.B.argumentstructs.xml#id(ES2008c.B.argumentstructs.Erik.27)"/>
      <nite:pointer role="type"  href="ar-types.xml#id(art_5)"/>
   </ar>
   <ar nite:id="ES2008c.argumentationrels.Erik.66">
      <nite:pointer role="source"  href="ES2008c.A.argumentstructs.xml#id(ES2008c.A.argumentstructs.Erik.14)"/>
      <nite:pointer role="target"  href="ES2008c.B.argumentstructs.xml#id(ES2008c.B.argumentstructs.Erik.28)"/>
      <nite:pointer role="type"  href="ar-types.xml#id(art_5)"/>
   </ar>
   <ar nite:id="ES2008c.argumentationrels.Erik.67">
      <nite:pointer role="source"  href="ES2008c.B.argumentstructs.xml#id(ES2008c.B.argumentstructs.Erik.28)"/>
      <nite:pointer role="target"  href="ES2008c.C.argumentstructs.xml#id(ES2008c.C.argumentstructs.Erik.21)"/>
      <nite:pointer role="type"  href="ar-types.xml#id(art_4)"/>
   </ar>
   <ar nite:id="ES2008c.argumentationrels.Erik.68">
      <nite:pointer role="source"  href="ES2008c.C.argumentstructs.xml#id(ES2008c.C.argumentstructs.Erik.21)"/>
      <nite:pointer role="target"  href="ES2008c.A.argumentstructs.xml#id(ES2008c.A.argumentstructs.Erik.15)"/>
      <nite:pointer role="type"  href="ar-types.xml#id(art_3)"/>
   </ar>
   <ar nite:id="ES2008c.argumentationrels.Erik.69">
      <nite:pointer role="source"  href="ES2008c.A.argumentstructs.xml#id(ES2008c.A.argumentstructs.Erik.15)"/>
      <nite:pointer role="target"  href="ES2008c.C.argumentstructs.xml#id(ES2008c.C.argumentstructs.Erik.22)"/>
      <nite:pointer role="type"  href="ar-types.xml#id(art_2)"/>
   </ar>
   <ar nite:id="ES2008c.argumentationrels.Erik.70">
      <nite:pointer role="source"  href="ES2008c.C.argumentstructs.xml#id(ES2008c.C.argumentstructs.Erik.22)"/>
      <nite:pointer role="target"  href="ES2008c.C.argumentstructs.xml#id(ES2008c.C.argumentstructs.Erik.23)"/>
      <nite:pointer role="type"  href="ar-types.xml#id(art_5)"/>
   </ar>
   <ar nite:id="ES2008c.argumentationrels.Erik.71">
      <nite:pointer role="source"  href="ES2008c.B.argumentstructs.xml#id(ES2008c.B.argumentstructs.Erik.28)"/>
      <nite:pointer role="target"  href="ES2008c.B.argumentstructs.xml#id(ES2008c.B.argumentstructs.Erik.29)"/>
      <nite:pointer role="type"  href="ar-types.xml#id(art_4)"/>
   </ar>
   <ar nite:id="ES2008c.argumentationrels.Erik.72">
      <nite:pointer role="source"  href="ES2008c.B.argumentstructs.xml#id(ES2008c.B.argumentstructs.Erik.28)"/>
      <nite:pointer role="target"  href="ES2008c.D.argumentstructs.xml#id(ES2008c.D.argumentstructs.Erik.9)"/>
      <nite:pointer role="type"  href="ar-types.xml#id(art_4)"/>
   </ar>
   <ar nite:id="ES2008c.argumentationrels.Erik.73">
      <nite:pointer role="source"  href="ES2008c.D.argumentstructs.xml#id(ES2008c.D.argumentstructs.Erik.9)"/>
      <nite:pointer role="target"  href="ES2008c.C.argumentstructs.xml#id(ES2008c.C.argumentstructs.Erik.24)"/>
      <nite:pointer role="type"  href="ar-types.xml#id(art_1)"/>
   </ar>
   <ar nite:id="ES2008c.argumentationrels.Erik.74">
      <nite:pointer role="source"  href="ES2008c.D.argumentstructs.xml#id(ES2008c.D.argumentstructs.Erik.9)"/>
      <nite:pointer role="target"  href="ES2008c.B.argumentstructs.xml#id(ES2008c.B.argumentstructs.Erik.30)"/>
      <nite:pointer role="type"  href="ar-types.xml#id(art_1)"/>
   </ar>
   <ar nite:id="ES2008c.argumentationrels.Erik.75">
      <nite:pointer role="source"  href="ES2008c.D.argumentstructs.xml#id(ES2008c.D.argumentstructs.Erik.9)"/>
      <nite:pointer role="target"  href="ES2008c.A.argumentstructs.xml#id(ES2008c.A.argumentstructs.Erik.16)"/>
      <nite:pointer role="type"  href="ar-types.xml#id(art_9)"/>
   </ar>
   <ar nite:id="ES2008c.argumentationrels.Erik.76">
      <nite:pointer role="source"  href="ES2008c.A.argumentstructs.xml#id(ES2008c.A.argumentstructs.Erik.16)"/>
      <nite:pointer role="target"  href="ES2008c.B.argumentstructs.xml#id(ES2008c.B.argumentstructs.Erik.31)"/>
      <nite:pointer role="type"  href="ar-types.xml#id(art_5)"/>
   </ar>
   <ar nite:id="ES2008c.argumentationrels.Erik.77">
      <nite:pointer role="source"  href="ES2008c.B.argumentstructs.xml#id(ES2008c.B.argumentstructs.Erik.31)"/>
      <nite:pointer role="target"  href="ES2008c.B.argumentstructs.xml#id(ES2008c.B.argumentstructs.Erik.32)"/>
      <nite:pointer role="type"  href="ar-types.xml#id(art_5)"/>
   </ar>
   <ar nite:id="ES2008c.argumentationrels.Erik.78">
      <nite:pointer role="source"  href="ES2008c.B.argumentstructs.xml#id(ES2008c.B.argumentstructs.Erik.32)"/>
      <nite:pointer role="target"  href="ES2008c.C.argumentstructs.xml#id(ES2008c.C.argumentstructs.Erik.25)"/>
      <nite:pointer role="type"  href="ar-types.xml#id(art_1)"/>
   </ar>
   <ar nite:id="ES2008c.argumentationrels.Erik.79">
      <nite:pointer role="source"  href="ES2008c.C.argumentstructs.xml#id(ES2008c.C.argumentstructs.Erik.25)"/>
      <nite:pointer role="target"  href="ES2008c.B.argumentstructs.xml#id(ES2008c.B.argumentstructs.Erik.33)"/>
      <nite:pointer role="type"  href="ar-types.xml#id(art_1)"/>
   </ar>
   <ar nite:id="ES2008c.argumentationrels.Erik.80">
      <nite:pointer role="source"  href="ES2008c.B.argumentstructs.xml#id(ES2008c.B.argumentstructs.Erik.34)"/>
      <nite:pointer role="target"  href="ES2008c.A.argumentstructs.xml#id(ES2008c.A.argumentstructs.Erik.17)"/>
      <nite:pointer role="type"  href="ar-types.xml#id(art_1)"/>
   </ar>
   <ar nite:id="ES2008c.argumentationrels.Erik.81">
      <nite:pointer role="source"  href="ES2008c.A.argumentstructs.xml#id(ES2008c.A.argumentstructs.Erik.17)"/>
      <nite:pointer role="target"  href="ES2008c.B.argumentstructs.xml#id(ES2008c.B.argumentstructs.Erik.35)"/>
      <nite:pointer role="type"  href="ar-types.xml#id(art_4)"/>
   </ar>
   <ar nite:id="ES2008c.argumentationrels.Erik.82">
      <nite:pointer role="source"  href="ES2008c.B.argumentstructs.xml#id(ES2008c.B.argumentstructs.Erik.35)"/>
      <nite:pointer role="target"  href="ES2008c.C.argumentstructs.xml#id(ES2008c.C.argumentstructs.Erik.26)"/>
      <nite:pointer role="type"  href="ar-types.xml#id(art_1)"/>
   </ar>
   <ar nite:id="ES2008c.argumentationrels.Erik.83">
      <nite:pointer role="source"  href="ES2008c.B.argumentstructs.xml#id(ES2008c.B.argumentstructs.Erik.35)"/>
      <nite:pointer role="target"  href="ES2008c.A.argumentstructs.xml#id(ES2008c.A.argumentstructs.Erik.18)"/>
      <nite:pointer role="type"  href="ar-types.xml#id(art_3)"/>
   </ar>
   <ar nite:id="ES2008c.argumentationrels.Erik.84">
      <nite:pointer role="source"  href="ES2008c.A.argumentstructs.xml#id(ES2008c.A.argumentstructs.Erik.18)"/>
      <nite:pointer role="target"  href="ES2008c.B.argumentstructs.xml#id(ES2008c.B.argumentstructs.Erik.36)"/>
      <nite:pointer role="type"  href="ar-types.xml#id(art_1)"/>
   </ar>
   <ar nite:id="ES2008c.argumentationrels.Erik.85">
      <nite:pointer role="source"  href="ES2008c.A.argumentstructs.xml#id(ES2008c.A.argumentstructs.Erik.18)"/>
      <nite:pointer role="target"  href="ES2008c.D.argumentstructs.xml#id(ES2008c.D.argumentstructs.Erik.10)"/>
      <nite:pointer role="type"  href="ar-types.xml#id(art_9)"/>
   </ar>
   <ar nite:id="ES2008c.argumentationrels.Erik.86">
      <nite:pointer role="source"  href="ES2008c.D.argumentstructs.xml#id(ES2008c.D.argumentstructs.Erik.10)"/>
      <nite:pointer role="target"  href="ES2008c.B.argumentstructs.xml#id(ES2008c.B.argumentstructs.Erik.37)"/>
      <nite:pointer role="type"  href="ar-types.xml#id(art_1)"/>
   </ar>
   <ar nite:id="ES2008c.argumentationrels.Erik.87">
      <nite:pointer role="source"  href="ES2008c.D.argumentstructs.xml#id(ES2008c.D.argumentstructs.Erik.10)"/>
      <nite:pointer role="target"  href="ES2008c.A.argumentstructs.xml#id(ES2008c.A.argumentstructs.Erik.19)"/>
      <nite:pointer role="type"  href="ar-types.xml#id(art_1)"/>
   </ar>
   <ar nite:id="ES2008c.argumentationrels.Erik.88">
      <nite:pointer role="source"  href="ES2008c.D.argumentstructs.xml#id(ES2008c.D.argumentstructs.Erik.10)"/>
      <nite:pointer role="target"  href="ES2008c.B.argumentstructs.xml#id(ES2008c.B.argumentstructs.Erik.38)"/>
      <nite:pointer role="type"  href="ar-types.xml#id(art_1)"/>
   </ar>
   <ar nite:id="ES2008c.argumentationrels.Erik.89">
      <nite:pointer role="source"  href="ES2008c.B.argumentstructs.xml#id(ES2008c.B.argumentstructs.Erik.38)"/>
      <nite:pointer role="target"  href="ES2008c.A.argumentstructs.xml#id(ES2008c.A.argumentstructs.Erik.20)"/>
      <nite:pointer role="type"  href="ar-types.xml#id(art_1)"/>
   </ar>
   <ar nite:id="ES2008c.argumentationrels.Erik.90">
      <nite:pointer role="source"  href="ES2008c.B.argumentstructs.xml#id(ES2008c.B.argumentstructs.Erik.38)"/>
      <nite:pointer role="target"  href="ES2008c.A.argumentstructs.xml#id(ES2008c.A.argumentstructs.Erik.21)"/>
      <nite:pointer role="type"  href="ar-types.xml#id(art_9)"/>
   </ar>
   <ar nite:id="ES2008c.argumentationrels.Erik.91">
      <nite:pointer role="source"  href="ES2008c.A.argumentstructs.xml#id(ES2008c.A.argumentstructs.Erik.21)"/>
      <nite:pointer role="target"  href="ES2008c.C.argumentstructs.xml#id(ES2008c.C.argumentstructs.Erik.27)"/>
      <nite:pointer role="type"  href="ar-types.xml#id(art_1)"/>
   </ar>
   <ar nite:id="ES2008c.argumentationrels.Erik.92">
      <nite:pointer role="source"  href="ES2008c.A.argumentstructs.xml#id(ES2008c.A.argumentstructs.Erik.21)"/>
      <nite:pointer role="target"  href="ES2008c.B.argumentstructs.xml#id(ES2008c.B.argumentstructs.Erik.39)"/>
      <nite:pointer role="type"  href="ar-types.xml#id(art_1)"/>
   </ar>
   <ar nite:id="ES2008c.argumentationrels.Erik.93">
      <nite:pointer role="source"  href="ES2008c.A.argumentstructs.xml#id(ES2008c.A.argumentstructs.Erik.17)"/>
      <nite:pointer role="target"  href="ES2008c.A.argumentstructs.xml#id(ES2008c.A.argumentstructs.Erik.22)"/>
      <nite:pointer role="type"  href="ar-types.xml#id(art_4)"/>
   </ar>
   <ar nite:id="ES2008c.argumentationrels.Erik.94">
      <nite:pointer role="source"  href="ES2008c.A.argumentstructs.xml#id(ES2008c.A.argumentstructs.Erik.22)"/>
      <nite:pointer role="target"  href="ES2008c.B.argumentstructs.xml#id(ES2008c.B.argumentstructs.Erik.40)"/>
      <nite:pointer role="type"  href="ar-types.xml#id(art_1)"/>
   </ar>
   <ar nite:id="ES2008c.argumentationrels.Erik.95">
      <nite:pointer role="source"  href="ES2008c.A.argumentstructs.xml#id(ES2008c.A.argumentstructs.Erik.22)"/>
      <nite:pointer role="target"  href="ES2008c.A.argumentstructs.xml#id(ES2008c.A.argumentstructs.Erik.23)"/>
      <nite:pointer role="type"  href="ar-types.xml#id(art_1)"/>
   </ar>
   <ar nite:id="ES2008c.argumentationrels.Erik.96">
      <nite:pointer role="source"  href="ES2008c.A.argumentstructs.xml#id(ES2008c.A.argumentstructs.Erik.17)"/>
      <nite:pointer role="target"  href="ES2008c.B.argumentstructs.xml#id(ES2008c.B.argumentstructs.Erik.41)"/>
      <nite:pointer role="type"  href="ar-types.xml#id(art_4)"/>
   </ar>
   <ar nite:id="ES2008c.argumentationrels.Erik.97">
      <nite:pointer role="source"  href="ES2008c.B.argumentstructs.xml#id(ES2008c.B.argumentstructs.Erik.41)"/>
      <nite:pointer role="target"  href="ES2008c.A.argumentstructs.xml#id(ES2008c.A.argumentstructs.Erik.24)"/>
      <nite:pointer role="type"  href="ar-types.xml#id(art_9)"/>
   </ar>
   <ar nite:id="ES2008c.argumentationrels.Erik.98">
      <nite:pointer role="source"  href="ES2008c.B.argumentstructs.xml#id(ES2008c.B.argumentstructs.Erik.41)"/>
      <nite:pointer role="target"  href="ES2008c.D.argumentstructs.xml#id(ES2008c.D.argumentstructs.Erik.11)"/>
      <nite:pointer role="type"  href="ar-types.xml#id(art_4)"/>
   </ar>
   <ar nite:id="ES2008c.argumentationrels.Erik.99">
      <nite:pointer role="source"  href="ES2008c.D.argumentstructs.xml#id(ES2008c.D.argumentstructs.Erik.11)"/>
      <nite:pointer role="target"  href="ES2008c.A.argumentstructs.xml#id(ES2008c.A.argumentstructs.Erik.25)"/>
      <nite:pointer role="type"  href="ar-types.xml#id(art_1)"/>
   </ar>
   <ar nite:id="ES2008c.argumentationrels.Erik.100">
      <nite:pointer role="source"  href="ES2008c.D.argumentstructs.xml#id(ES2008c.D.argumentstructs.Erik.11)"/>
      <nite:pointer role="target"  href="ES2008c.B.argumentstructs.xml#id(ES2008c.B.argumentstructs.Erik.42)"/>
      <nite:pointer role="type"  href="ar-types.xml#id(art_1)"/>
   </ar>
   <ar nite:id="ES2008c.argumentationrels.Erik.101">
      <nite:pointer role="source"  href="ES2008c.D.argumentstructs.xml#id(ES2008c.D.argumentstructs.Erik.11)"/>
      <nite:pointer role="target"  href="ES2008c.C.argumentstructs.xml#id(ES2008c.C.argumentstructs.Erik.28)"/>
      <nite:pointer role="type"  href="ar-types.xml#id(art_1)"/>
   </ar>
   <ar nite:id="ES2008c.argumentationrels.Erik.102">
      <nite:pointer role="source"  href="ES2008c.C.argumentstructs.xml#id(ES2008c.C.argumentstructs.Erik.29)"/>
      <nite:pointer role="target"  href="ES2008c.A.argumentstructs.xml#id(ES2008c.A.argumentstructs.Erik.26)"/>
      <nite:pointer role="type"  href="ar-types.xml#id(art_4)"/>
   </ar>
   <ar nite:id="ES2008c.argumentationrels.Erik.103">
      <nite:pointer role="source"  href="ES2008c.A.argumentstructs.xml#id(ES2008c.A.argumentstructs.Erik.26)"/>
      <nite:pointer role="target"  href="ES2008c.A.argumentstructs.xml#id(ES2008c.A.argumentstructs.Erik.27)"/>
      <nite:pointer role="type"  href="ar-types.xml#id(art_5)"/>
   </ar>
   <ar nite:id="ES2008c.argumentationrels.Erik.104">
      <nite:pointer role="source"  href="ES2008c.A.argumentstructs.xml#id(ES2008c.A.argumentstructs.Erik.27)"/>
      <nite:pointer role="target"  href="ES2008c.C.argumentstructs.xml#id(ES2008c.C.argumentstructs.Erik.30)"/>
      <nite:pointer role="type"  href="ar-types.xml#id(art_1)"/>
   </ar>
   <ar nite:id="ES2008c.argumentationrels.Erik.105">
      <nite:pointer role="source"  href="ES2008c.A.argumentstructs.xml#id(ES2008c.A.argumentstructs.Erik.27)"/>
      <nite:pointer role="target"  href="ES2008c.B.argumentstructs.xml#id(ES2008c.B.argumentstructs.Erik.43)"/>
      <nite:pointer role="type"  href="ar-types.xml#id(art_1)"/>
   </ar>
   <ar nite:id="ES2008c.argumentationrels.Erik.106">
      <nite:pointer role="source"  href="ES2008c.A.argumentstructs.xml#id(ES2008c.A.argumentstructs.Erik.26)"/>
      <nite:pointer role="target"  href="ES2008c.B.argumentstructs.xml#id(ES2008c.B.argumentstructs.Erik.44)"/>
      <nite:pointer role="type"  href="ar-types.xml#id(art_9)"/>
   </ar>
   <ar nite:id="ES2008c.argumentationrels.Erik.107">
      <nite:pointer role="source"  href="ES2008c.B.argumentstructs.xml#id(ES2008c.B.argumentstructs.Erik.44)"/>
      <nite:pointer role="target"  href="ES2008c.C.argumentstructs.xml#id(ES2008c.C.argumentstructs.Erik.31)"/>
      <nite:pointer role="type"  href="ar-types.xml#id(art_1)"/>
   </ar>
   <ar nite:id="ES2008c.argumentationrels.Erik.108">
      <nite:pointer role="source"  href="ES2008c.B.argumentstructs.xml#id(ES2008c.B.argumentstructs.Erik.44)"/>
      <nite:pointer role="target"  href="ES2008c.C.argumentstructs.xml#id(ES2008c.C.argumentstructs.Erik.32)"/>
      <nite:pointer role="type"  href="ar-types.xml#id(art_4)"/>
   </ar>
   <ar nite:id="ES2008c.argumentationrels.Erik.109">
      <nite:pointer role="source"  href="ES2008c.C.argumentstructs.xml#id(ES2008c.C.argumentstructs.Erik.32)"/>
      <nite:pointer role="target"  href="ES2008c.B.argumentstructs.xml#id(ES2008c.B.argumentstructs.Erik.45)"/>
      <nite:pointer role="type"  href="ar-types.xml#id(art_6)"/>
   </ar>
   <ar nite:id="ES2008c.argumentationrels.Erik.110">
      <nite:pointer role="source"  href="ES2008c.C.argumentstructs.xml#id(ES2008c.C.argumentstructs.Erik.32)"/>
      <nite:pointer role="target"  href="ES2008c.D.argumentstructs.xml#id(ES2008c.D.argumentstructs.Erik.12)"/>
      <nite:pointer role="type"  href="ar-types.xml#id(art_9)"/>
   </ar>
   <ar nite:id="ES2008c.argumentationrels.Erik.111">
      <nite:pointer role="source"  href="ES2008c.C.argumentstructs.xml#id(ES2008c.C.argumentstructs.Erik.32)"/>
      <nite:pointer role="target"  href="ES2008c.A.argumentstructs.xml#id(ES2008c.A.argumentstructs.Erik.28)"/>
      <nite:pointer role="type"  href="ar-types.xml#id(art_9)"/>
   </ar>
   <ar nite:id="ES2008c.argumentationrels.Erik.112">
      <nite:pointer role="source"  href="ES2008c.A.argumentstructs.xml#id(ES2008c.A.argumentstructs.Erik.28)"/>
      <nite:pointer role="target"  href="ES2008c.C.argumentstructs.xml#id(ES2008c.C.argumentstructs.Erik.33)"/>
      <nite:pointer role="type"  href="ar-types.xml#id(art_2)"/>
   </ar>
   <ar nite:id="ES2008c.argumentationrels.Erik.113">
      <nite:pointer role="source"  href="ES2008c.C.argumentstructs.xml#id(ES2008c.C.argumentstructs.Erik.33)"/>
      <nite:pointer role="target"  href="ES2008c.B.argumentstructs.xml#id(ES2008c.B.argumentstructs.Erik.46)"/>
      <nite:pointer role="type"  href="ar-types.xml#id(art_1)"/>
   </ar>
   <ar nite:id="ES2008c.argumentationrels.Erik.114">
      <nite:pointer role="source"  href="ES2008c.C.argumentstructs.xml#id(ES2008c.C.argumentstructs.Erik.33)"/>
      <nite:pointer role="target"  href="ES2008c.C.argumentstructs.xml#id(ES2008c.C.argumentstructs.Erik.34)"/>
      <nite:pointer role="type"  href="ar-types.xml#id(art_5)"/>
   </ar>
   <ar nite:id="ES2008c.argumentationrels.Erik.115">
      <nite:pointer role="source"  href="ES2008c.A.argumentstructs.xml#id(ES2008c.A.argumentstructs.Erik.28)"/>
      <nite:pointer role="target"  href="ES2008c.A.argumentstructs.xml#id(ES2008c.A.argumentstructs.Erik.29)"/>
      <nite:pointer role="type"  href="ar-types.xml#id(art_5)"/>
   </ar>
   <ar nite:id="ES2008c.argumentationrels.Erik.116">
      <nite:pointer role="source"  href="ES2008c.A.argumentstructs.xml#id(ES2008c.A.argumentstructs.Erik.29)"/>
      <nite:pointer role="target"  href="ES2008c.C.argumentstructs.xml#id(ES2008c.C.argumentstructs.Erik.35)"/>
      <nite:pointer role="type"  href="ar-types.xml#id(art_5)"/>
   </ar>
   <ar nite:id="ES2008c.argumentationrels.Erik.117">
      <nite:pointer role="source"  href="ES2008c.C.argumentstructs.xml#id(ES2008c.C.argumentstructs.Erik.35)"/>
      <nite:pointer role="target"  href="ES2008c.B.argumentstructs.xml#id(ES2008c.B.argumentstructs.Erik.47)"/>
      <nite:pointer role="type"  href="ar-types.xml#id(art_1)"/>
   </ar>
</nite:root>