<?xml version="1.0" encoding="ISO-8859-1" standalone="yes"?>
<nite:root nite:id="ES2010a.argumentationrels" xmlns:nite="http://nite.sourceforge.net/">
   <ar nite:id="ES2010a.argumentationrels.Erik.1">
      <nite:pointer role="source"  href="ES2010a.B.argumentstructs.xml#id(ES2010a.B.argumentstructs.Erik.1)"/>
      <nite:pointer role="target"  href="ES2010a.C.argumentstructs.xml#id(ES2010a.C.argumentstructs.Erik.1)"/>
      <nite:pointer role="type"  href="ar-types.xml#id(art_4)"/>
   </ar>
   <ar nite:id="ES2010a.argumentationrels.Erik.2">
      <nite:pointer role="source"  href="ES2010a.C.argumentstructs.xml#id(ES2010a.C.argumentstructs.Erik.1)"/>
      <nite:pointer role="target"  href="ES2010a.D.argumentstructs.xml#id(ES2010a.D.argumentstructs.Erik.1)"/>
      <nite:pointer role="type"  href="ar-types.xml#id(art_1)"/>
   </ar>
   <ar nite:id="ES2010a.argumentationrels.Erik.3">
      <nite:pointer role="source"  href="ES2010a.B.argumentstructs.xml#id(ES2010a.B.argumentstructs.Erik.1)"/>
      <nite:pointer role="target"  href="ES2010a.A.argumentstructs.xml#id(ES2010a.A.argumentstructs.Erik.1)"/>
      <nite:pointer role="type"  href="ar-types.xml#id(art_9)"/>
   </ar>
   <ar nite:id="ES2010a.argumentationrels.Erik.4">
      <nite:pointer role="source"  href="ES2010a.A.argumentstructs.xml#id(ES2010a.A.argumentstructs.Erik.1)"/>
      <nite:pointer role="target"  href="ES2010a.D.argumentstructs.xml#id(ES2010a.D.argumentstructs.Erik.2)"/>
      <nite:pointer role="type"  href="ar-types.xml#id(art_1)"/>
   </ar>
   <ar nite:id="ES2010a.argumentationrels.Erik.5">
      <nite:pointer role="source"  href="ES2010a.D.argumentstructs.xml#id(ES2010a.D.argumentstructs.Erik.2)"/>
      <nite:pointer role="target"  href="ES2010a.D.argumentstructs.xml#id(ES2010a.D.argumentstructs.Erik.3)"/>
      <nite:pointer role="type"  href="ar-types.xml#id(art_3)"/>
   </ar>
   <ar nite:id="ES2010a.argumentationrels.Erik.6">
      <nite:pointer role="source"  href="ES2010a.A.argumentstructs.xml#id(ES2010a.A.argumentstructs.Erik.1)"/>
      <nite:pointer role="target"  href="ES2010a.C.argumentstructs.xml#id(ES2010a.C.argumentstructs.Erik.2)"/>
      <nite:pointer role="type"  href="ar-types.xml#id(art_1)"/>
   </ar>
   <ar nite:id="ES2010a.argumentationrels.Erik.7">
      <nite:pointer role="source"  href="ES2010a.C.argumentstructs.xml#id(ES2010a.C.argumentstructs.Erik.2)"/>
      <nite:pointer role="target"  href="ES2010a.A.argumentstructs.xml#id(ES2010a.A.argumentstructs.Erik.2)"/>
      <nite:pointer role="type"  href="ar-types.xml#id(art_1)"/>
   </ar>
   <ar nite:id="ES2010a.argumentationrels.Erik.8">
      <nite:pointer role="source"  href="ES2010a.B.argumentstructs.xml#id(ES2010a.B.argumentstructs.Erik.1)"/>
      <nite:pointer role="target"  href="ES2010a.C.argumentstructs.xml#id(ES2010a.C.argumentstructs.Erik.3)"/>
      <nite:pointer role="type"  href="ar-types.xml#id(art_4)"/>
   </ar>
   <ar nite:id="ES2010a.argumentationrels.Erik.9">
      <nite:pointer role="source"  href="ES2010a.C.argumentstructs.xml#id(ES2010a.C.argumentstructs.Erik.3)"/>
      <nite:pointer role="target"  href="ES2010a.A.argumentstructs.xml#id(ES2010a.A.argumentstructs.Erik.3)"/>
      <nite:pointer role="type"  href="ar-types.xml#id(art_1)"/>
   </ar>
   <ar nite:id="ES2010a.argumentationrels.Erik.10">
      <nite:pointer role="source"  href="ES2010a.A.argumentstructs.xml#id(ES2010a.A.argumentstructs.Erik.3)"/>
      <nite:pointer role="target"  href="ES2010a.C.argumentstructs.xml#id(ES2010a.C.argumentstructs.Erik.4)"/>
      <nite:pointer role="type"  href="ar-types.xml#id(art_1)"/>
   </ar>
   <ar nite:id="ES2010a.argumentationrels.Erik.11">
      <nite:pointer role="source"  href="ES2010a.A.argumentstructs.xml#id(ES2010a.A.argumentstructs.Erik.3)"/>
      <nite:pointer role="target"  href="ES2010a.B.argumentstructs.xml#id(ES2010a.B.argumentstructs.Erik.2)"/>
      <nite:pointer role="type"  href="ar-types.xml#id(art_1)"/>
   </ar>
   <ar nite:id="ES2010a.argumentationrels.Erik.12">
      <nite:pointer role="source"  href="ES2010a.A.argumentstructs.xml#id(ES2010a.A.argumentstructs.Erik.3)"/>
      <nite:pointer role="target"  href="ES2010a.D.argumentstructs.xml#id(ES2010a.D.argumentstructs.Erik.4)"/>
      <nite:pointer role="type"  href="ar-types.xml#id(art_5)"/>
   </ar>
   <ar nite:id="ES2010a.argumentationrels.Erik.13">
      <nite:pointer role="source"  href="ES2010a.D.argumentstructs.xml#id(ES2010a.D.argumentstructs.Erik.4)"/>
      <nite:pointer role="target"  href="ES2010a.A.argumentstructs.xml#id(ES2010a.A.argumentstructs.Erik.4)"/>
      <nite:pointer role="type"  href="ar-types.xml#id(art_1)"/>
   </ar>
</nite:root>