<?xml version="1.0" encoding="ISO-8859-1" standalone="yes"?>
<nite:root nite:id="ES2015c.argumentationrels" xmlns:nite="http://nite.sourceforge.net/">
   <ar nite:id="ES2015c.argumentationrels.Rutger.1">
      <nite:pointer role="source"  href="ES2015c.B.argumentstructs.xml#id(ES2015c.B.argumentstructs.Rutger.1)"/>
      <nite:pointer role="target"  href="ES2015c.A.argumentstructs.xml#id(ES2015c.A.argumentstructs.Rutger.1)"/>
      <nite:pointer role="type"  href="ar-types.xml#id(art_2)"/>
   </ar>
   <ar nite:id="ES2015c.argumentationrels.Rutger.2">
      <nite:pointer role="source"  href="ES2015c.A.argumentstructs.xml#id(ES2015c.A.argumentstructs.Rutger.1)"/>
      <nite:pointer role="target"  href="ES2015c.B.argumentstructs.xml#id(ES2015c.B.argumentstructs.Rutger.2)"/>
      <nite:pointer role="type"  href="ar-types.xml#id(art_4)"/>
   </ar>
   <ar nite:id="ES2015c.argumentationrels.Rutger.3">
      <nite:pointer role="source"  href="ES2015c.B.argumentstructs.xml#id(ES2015c.B.argumentstructs.Rutger.1)"/>
      <nite:pointer role="target"  href="ES2015c.A.argumentstructs.xml#id(ES2015c.A.argumentstructs.Rutger.2)"/>
      <nite:pointer role="type"  href="ar-types.xml#id(art_2)"/>
   </ar>
   <ar nite:id="ES2015c.argumentationrels.Rutger.4">
      <nite:pointer role="source"  href="ES2015c.A.argumentstructs.xml#id(ES2015c.A.argumentstructs.Rutger.2)"/>
      <nite:pointer role="target"  href="ES2015c.B.argumentstructs.xml#id(ES2015c.B.argumentstructs.Rutger.3)"/>
      <nite:pointer role="type"  href="ar-types.xml#id(art_1)"/>
   </ar>
   <ar nite:id="ES2015c.argumentationrels.Rutger.6">
      <nite:pointer role="source"  href="ES2015c.B.argumentstructs.xml#id(ES2015c.B.argumentstructs.Rutger.4)"/>
      <nite:pointer role="target"  href="ES2015c.C.argumentstructs.xml#id(ES2015c.C.argumentstructs.Rutger.1)"/>
      <nite:pointer role="type"  href="ar-types.xml#id(art_9)"/>
   </ar>
   <ar nite:id="ES2015c.argumentationrels.Rutger.7">
      <nite:pointer role="source"  href="ES2015c.C.argumentstructs.xml#id(ES2015c.C.argumentstructs.Rutger.1)"/>
      <nite:pointer role="target"  href="ES2015c.B.argumentstructs.xml#id(ES2015c.B.argumentstructs.Rutger.5)"/>
      <nite:pointer role="type"  href="ar-types.xml#id(art_1)"/>
   </ar>
   <ar nite:id="ES2015c.argumentationrels.Rutger.9">
      <nite:pointer role="source"  href="ES2015c.B.argumentstructs.xml#id(ES2015c.B.argumentstructs.Rutger.5)"/>
      <nite:pointer role="target"  href="ES2015c.A.argumentstructs.xml#id(ES2015c.A.argumentstructs.Rutger.3)"/>
      <nite:pointer role="type"  href="ar-types.xml#id(art_1)"/>
   </ar>
   <ar nite:id="ES2015c.argumentationrels.Rutger.10">
      <nite:pointer role="source"  href="ES2015c.B.argumentstructs.xml#id(ES2015c.B.argumentstructs.Rutger.5)"/>
      <nite:pointer role="target"  href="ES2015c.C.argumentstructs.xml#id(ES2015c.C.argumentstructs.Rutger.3)"/>
      <nite:pointer role="type"  href="ar-types.xml#id(art_5)"/>
   </ar>
   <ar nite:id="ES2015c.argumentationrels.Rutger.11">
      <nite:pointer role="source"  href="ES2015c.B.argumentstructs.xml#id(ES2015c.B.argumentstructs.Rutger.5)"/>
      <nite:pointer role="target"  href="ES2015c.B.argumentstructs.xml#id(ES2015c.B.argumentstructs.Rutger.6)"/>
      <nite:pointer role="type"  href="ar-types.xml#id(art_1)"/>
   </ar>
   <ar nite:id="ES2015c.argumentationrels.Rutger.12">
      <nite:pointer role="type"  href="ar-types.xml#id(art_1)"/>
      <nite:pointer role="source"  href="ES2015c.B.argumentstructs.xml#id(ES2015c.B.argumentstructs.Rutger.6)"/>
      <nite:pointer role="target"  href="ES2015c.A.argumentstructs.xml#id(ES2015c.A.argumentstructs.Rutger.4)"/>
   </ar>
   <ar nite:id="ES2015c.argumentationrels.Rutger.13">
      <nite:pointer role="type"  href="ar-types.xml#id(art_1)"/>
      <nite:pointer role="source"  href="ES2015c.B.argumentstructs.xml#id(ES2015c.B.argumentstructs.Rutger.6)"/>
      <nite:pointer role="target"  href="ES2015c.D.argumentstructs.xml#id(ES2015c.D.argumentstructs.Rutger.1)"/>
   </ar>
   <ar nite:id="ES2015c.argumentationrels.Rutger.14">
      <nite:pointer role="type"  href="ar-types.xml#id(art_1)"/>
      <nite:pointer role="source"  href="ES2015c.D.argumentstructs.xml#id(ES2015c.D.argumentstructs.Rutger.1)"/>
      <nite:pointer role="target"  href="ES2015c.A.argumentstructs.xml#id(ES2015c.A.argumentstructs.Rutger.5)"/>
   </ar>
   <ar nite:id="ES2015c.argumentationrels.Rutger.15">
      <nite:pointer role="source"  href="ES2015c.A.argumentstructs.xml#id(ES2015c.A.argumentstructs.Rutger.5)"/>
      <nite:pointer role="target"  href="ES2015c.D.argumentstructs.xml#id(ES2015c.D.argumentstructs.Rutger.2)"/>
      <nite:pointer role="type"  href="ar-types.xml#id(art_1)"/>
   </ar>
   <ar nite:id="ES2015c.argumentationrels.Rutger.16">
      <nite:pointer role="source"  href="ES2015c.B.argumentstructs.xml#id(ES2015c.B.argumentstructs.Rutger.4)"/>
      <nite:pointer role="target"  href="ES2015c.D.argumentstructs.xml#id(ES2015c.D.argumentstructs.Rutger.3)"/>
      <nite:pointer role="type"  href="ar-types.xml#id(art_1)"/>
   </ar>
   <ar nite:id="ES2015c.argumentationrels.Rutger.17">
      <nite:pointer role="source"  href="ES2015c.D.argumentstructs.xml#id(ES2015c.D.argumentstructs.Rutger.3)"/>
      <nite:pointer role="target"  href="ES2015c.B.argumentstructs.xml#id(ES2015c.B.argumentstructs.Rutger.7)"/>
      <nite:pointer role="type"  href="ar-types.xml#id(art_1)"/>
   </ar>
   <ar nite:id="ES2015c.argumentationrels.Rutger.18">
      <nite:pointer role="source"  href="ES2015c.D.argumentstructs.xml#id(ES2015c.D.argumentstructs.Rutger.3)"/>
      <nite:pointer role="target"  href="ES2015c.C.argumentstructs.xml#id(ES2015c.C.argumentstructs.Rutger.4)"/>
      <nite:pointer role="type"  href="ar-types.xml#id(art_1)"/>
   </ar>
   <ar nite:id="ES2015c.argumentationrels.Rutger.19">
      <nite:pointer role="type"  href="ar-types.xml#id(art_1)"/>
      <nite:pointer role="source"  href="ES2015c.D.argumentstructs.xml#id(ES2015c.D.argumentstructs.Rutger.3)"/>
      <nite:pointer role="target"  href="ES2015c.A.argumentstructs.xml#id(ES2015c.A.argumentstructs.Rutger.6)"/>
   </ar>
   <ar nite:id="ES2015c.argumentationrels.Rutger.20">
      <nite:pointer role="source"  href="ES2015c.D.argumentstructs.xml#id(ES2015c.D.argumentstructs.Rutger.3)"/>
      <nite:pointer role="target"  href="ES2015c.D.argumentstructs.xml#id(ES2015c.D.argumentstructs.Rutger.4)"/>
      <nite:pointer role="type"  href="ar-types.xml#id(art_1)"/>
   </ar>
   <ar nite:id="ES2015c.argumentationrels.Rutger.22">
      <nite:pointer role="source"  href="ES2015c.A.argumentstructs.xml#id(ES2015c.A.argumentstructs.Rutger.8)"/>
      <nite:pointer role="target"  href="ES2015c.B.argumentstructs.xml#id(ES2015c.B.argumentstructs.Rutger.9)"/>
      <nite:pointer role="type"  href="ar-types.xml#id(art_1)"/>
   </ar>
   <ar nite:id="ES2015c.argumentationrels.Rutger.23">
      <nite:pointer role="type"  href="ar-types.xml#id(art_1)"/>
      <nite:pointer role="source"  href="ES2015c.A.argumentstructs.xml#id(ES2015c.A.argumentstructs.Rutger.8)"/>
      <nite:pointer role="target"  href="ES2015c.C.argumentstructs.xml#id(ES2015c.C.argumentstructs.Rutger.5)"/>
   </ar>
   <ar nite:id="ES2015c.argumentationrels.Rutger.24">
      <nite:pointer role="source"  href="ES2015c.A.argumentstructs.xml#id(ES2015c.A.argumentstructs.Rutger.8)"/>
      <nite:pointer role="target"  href="ES2015c.A.argumentstructs.xml#id(ES2015c.A.argumentstructs.Rutger.9)"/>
      <nite:pointer role="type"  href="ar-types.xml#id(art_5)"/>
   </ar>
   <ar nite:id="ES2015c.argumentationrels.Rutger.25">
      <nite:pointer role="source"  href="ES2015c.A.argumentstructs.xml#id(ES2015c.A.argumentstructs.Rutger.9)"/>
      <nite:pointer role="target"  href="ES2015c.B.argumentstructs.xml#id(ES2015c.B.argumentstructs.Rutger.10)"/>
      <nite:pointer role="type"  href="ar-types.xml#id(art_1)"/>
   </ar>
   <ar nite:id="ES2015c.argumentationrels.Rutger.26">
      <nite:pointer role="source"  href="ES2015c.A.argumentstructs.xml#id(ES2015c.A.argumentstructs.Rutger.9)"/>
      <nite:pointer role="target"  href="ES2015c.D.argumentstructs.xml#id(ES2015c.D.argumentstructs.Rutger.5)"/>
      <nite:pointer role="type"  href="ar-types.xml#id(art_2)"/>
   </ar>
   <ar nite:id="ES2015c.argumentationrels.Rutger.27">
      <nite:pointer role="source"  href="ES2015c.D.argumentstructs.xml#id(ES2015c.D.argumentstructs.Rutger.5)"/>
      <nite:pointer role="target"  href="ES2015c.B.argumentstructs.xml#id(ES2015c.B.argumentstructs.Rutger.11)"/>
      <nite:pointer role="type"  href="ar-types.xml#id(art_1)"/>
   </ar>
   <ar nite:id="ES2015c.argumentationrels.Rutger.28">
      <nite:pointer role="source"  href="ES2015c.D.argumentstructs.xml#id(ES2015c.D.argumentstructs.Rutger.5)"/>
      <nite:pointer role="target"  href="ES2015c.D.argumentstructs.xml#id(ES2015c.D.argumentstructs.Rutger.6)"/>
      <nite:pointer role="type"  href="ar-types.xml#id(art_5)"/>
   </ar>
   <ar nite:id="ES2015c.argumentationrels.Rutger.29">
      <nite:pointer role="type"  href="ar-types.xml#id(art_1)"/>
      <nite:pointer role="source"  href="ES2015c.D.argumentstructs.xml#id(ES2015c.D.argumentstructs.Rutger.6)"/>
      <nite:pointer role="target"  href="ES2015c.B.argumentstructs.xml#id(ES2015c.B.argumentstructs.Rutger.12)"/>
   </ar>
   <ar nite:id="ES2015c.argumentationrels.Rutger.30">
      <nite:pointer role="type"  href="ar-types.xml#id(art_1)"/>
      <nite:pointer role="source"  href="ES2015c.B.argumentstructs.xml#id(ES2015c.B.argumentstructs.Rutger.12)"/>
      <nite:pointer role="target"  href="ES2015c.C.argumentstructs.xml#id(ES2015c.C.argumentstructs.Rutger.6)"/>
   </ar>
   <ar nite:id="ES2015c.argumentationrels.Rutger.31">
      <nite:pointer role="source"  href="ES2015c.D.argumentstructs.xml#id(ES2015c.D.argumentstructs.Rutger.6)"/>
      <nite:pointer role="target"  href="ES2015c.D.argumentstructs.xml#id(ES2015c.D.argumentstructs.Rutger.7)"/>
      <nite:pointer role="type"  href="ar-types.xml#id(art_4)"/>
   </ar>
   <ar nite:id="ES2015c.argumentationrels.Rutger.32">
      <nite:pointer role="source"  href="ES2015c.D.argumentstructs.xml#id(ES2015c.D.argumentstructs.Rutger.7)"/>
      <nite:pointer role="target"  href="ES2015c.B.argumentstructs.xml#id(ES2015c.B.argumentstructs.Rutger.13)"/>
      <nite:pointer role="type"  href="ar-types.xml#id(art_1)"/>
   </ar>
   <ar nite:id="ES2015c.argumentationrels.Rutger.33">
      <nite:pointer role="source"  href="ES2015c.D.argumentstructs.xml#id(ES2015c.D.argumentstructs.Rutger.7)"/>
      <nite:pointer role="target"  href="ES2015c.C.argumentstructs.xml#id(ES2015c.C.argumentstructs.Rutger.7)"/>
      <nite:pointer role="type"  href="ar-types.xml#id(art_1)"/>
   </ar>
   <ar nite:id="ES2015c.argumentationrels.Rutger.34">
      <nite:pointer role="source"  href="ES2015c.D.argumentstructs.xml#id(ES2015c.D.argumentstructs.Rutger.7)"/>
      <nite:pointer role="target"  href="ES2015c.A.argumentstructs.xml#id(ES2015c.A.argumentstructs.Rutger.10)"/>
      <nite:pointer role="type"  href="ar-types.xml#id(art_1)"/>
   </ar>
   <ar nite:id="ES2015c.argumentationrels.Rutger.35">
      <nite:pointer role="source"  href="ES2015c.D.argumentstructs.xml#id(ES2015c.D.argumentstructs.Rutger.7)"/>
      <nite:pointer role="target"  href="ES2015c.B.argumentstructs.xml#id(ES2015c.B.argumentstructs.Rutger.14)"/>
      <nite:pointer role="type"  href="ar-types.xml#id(art_1)"/>
   </ar>
   <ar nite:id="ES2015c.argumentationrels.Rutger.36">
      <nite:pointer role="source"  href="ES2015c.D.argumentstructs.xml#id(ES2015c.D.argumentstructs.Rutger.7)"/>
      <nite:pointer role="target"  href="ES2015c.C.argumentstructs.xml#id(ES2015c.C.argumentstructs.Rutger.8)"/>
      <nite:pointer role="type"  href="ar-types.xml#id(art_4)"/>
   </ar>
   <ar nite:id="ES2015c.argumentationrels.Rutger.37">
      <nite:pointer role="source"  href="ES2015c.C.argumentstructs.xml#id(ES2015c.C.argumentstructs.Rutger.8)"/>
      <nite:pointer role="target"  href="ES2015c.B.argumentstructs.xml#id(ES2015c.B.argumentstructs.Rutger.15)"/>
      <nite:pointer role="type"  href="ar-types.xml#id(art_1)"/>
   </ar>
   <ar nite:id="ES2015c.argumentationrels.Rutger.38">
      <nite:pointer role="source"  href="ES2015c.B.argumentstructs.xml#id(ES2015c.B.argumentstructs.Rutger.15)"/>
      <nite:pointer role="target"  href="ES2015c.C.argumentstructs.xml#id(ES2015c.C.argumentstructs.Rutger.9)"/>
      <nite:pointer role="type"  href="ar-types.xml#id(art_1)"/>
   </ar>
   <ar nite:id="ES2015c.argumentationrels.Rutger.39">
      <nite:pointer role="source"  href="ES2015c.B.argumentstructs.xml#id(ES2015c.B.argumentstructs.Rutger.15)"/>
      <nite:pointer role="target"  href="ES2015c.A.argumentstructs.xml#id(ES2015c.A.argumentstructs.Rutger.11)"/>
      <nite:pointer role="type"  href="ar-types.xml#id(art_1)"/>
   </ar>
   <ar nite:id="ES2015c.argumentationrels.Rutger.40">
      <nite:pointer role="source"  href="ES2015c.C.argumentstructs.xml#id(ES2015c.C.argumentstructs.Rutger.8)"/>
      <nite:pointer role="target"  href="ES2015c.D.argumentstructs.xml#id(ES2015c.D.argumentstructs.Rutger.8)"/>
      <nite:pointer role="type"  href="ar-types.xml#id(art_2)"/>
   </ar>
   <ar nite:id="ES2015c.argumentationrels.Rutger.41">
      <nite:pointer role="source"  href="ES2015c.D.argumentstructs.xml#id(ES2015c.D.argumentstructs.Rutger.8)"/>
      <nite:pointer role="target"  href="ES2015c.B.argumentstructs.xml#id(ES2015c.B.argumentstructs.Rutger.16)"/>
      <nite:pointer role="type"  href="ar-types.xml#id(art_2)"/>
   </ar>
   <ar nite:id="ES2015c.argumentationrels.Rutger.42">
      <nite:pointer role="source"  href="ES2015c.B.argumentstructs.xml#id(ES2015c.B.argumentstructs.Rutger.16)"/>
      <nite:pointer role="target"  href="ES2015c.C.argumentstructs.xml#id(ES2015c.C.argumentstructs.Rutger.10)"/>
      <nite:pointer role="type"  href="ar-types.xml#id(art_9)"/>
   </ar>
   <ar nite:id="ES2015c.argumentationrels.Rutger.43">
      <nite:pointer role="source"  href="ES2015c.B.argumentstructs.xml#id(ES2015c.B.argumentstructs.Rutger.16)"/>
      <nite:pointer role="target"  href="ES2015c.A.argumentstructs.xml#id(ES2015c.A.argumentstructs.Rutger.12)"/>
      <nite:pointer role="type"  href="ar-types.xml#id(art_1)"/>
   </ar>
   <ar nite:id="ES2015c.argumentationrels.Rutger.44">
      <nite:pointer role="source"  href="ES2015c.B.argumentstructs.xml#id(ES2015c.B.argumentstructs.Rutger.16)"/>
      <nite:pointer role="target"  href="ES2015c.B.argumentstructs.xml#id(ES2015c.B.argumentstructs.Rutger.17)"/>
      <nite:pointer role="type"  href="ar-types.xml#id(art_1)"/>
   </ar>
   <ar nite:id="ES2015c.argumentationrels.Rutger.45">
      <nite:pointer role="source"  href="ES2015c.B.argumentstructs.xml#id(ES2015c.B.argumentstructs.Rutger.16)"/>
      <nite:pointer role="target"  href="ES2015c.C.argumentstructs.xml#id(ES2015c.C.argumentstructs.Rutger.11)"/>
      <nite:pointer role="type"  href="ar-types.xml#id(art_3)"/>
   </ar>
   <ar nite:id="ES2015c.argumentationrels.Rutger.46">
      <nite:pointer role="source"  href="ES2015c.C.argumentstructs.xml#id(ES2015c.C.argumentstructs.Rutger.8)"/>
      <nite:pointer role="target"  href="ES2015c.A.argumentstructs.xml#id(ES2015c.A.argumentstructs.Rutger.13)"/>
      <nite:pointer role="type"  href="ar-types.xml#id(art_2)"/>
   </ar>
   <ar nite:id="ES2015c.argumentationrels.Rutger.47">
      <nite:pointer role="source"  href="ES2015c.A.argumentstructs.xml#id(ES2015c.A.argumentstructs.Rutger.13)"/>
      <nite:pointer role="target"  href="ES2015c.D.argumentstructs.xml#id(ES2015c.D.argumentstructs.Rutger.10)"/>
      <nite:pointer role="type"  href="ar-types.xml#id(art_1)"/>
   </ar>
   <ar nite:id="ES2015c.argumentationrels.Rutger.48">
      <nite:pointer role="type"  href="ar-types.xml#id(art_1)"/>
      <nite:pointer role="source"  href="ES2015c.D.argumentstructs.xml#id(ES2015c.D.argumentstructs.Rutger.10)"/>
      <nite:pointer role="target"  href="ES2015c.A.argumentstructs.xml#id(ES2015c.A.argumentstructs.Rutger.14)"/>
   </ar>
   <ar nite:id="ES2015c.argumentationrels.Rutger.49">
      <nite:pointer role="source"  href="ES2015c.D.argumentstructs.xml#id(ES2015c.D.argumentstructs.Rutger.10)"/>
      <nite:pointer role="target"  href="ES2015c.B.argumentstructs.xml#id(ES2015c.B.argumentstructs.Rutger.18)"/>
      <nite:pointer role="type"  href="ar-types.xml#id(art_1)"/>
   </ar>
   <ar nite:id="ES2015c.argumentationrels.Rutger.50">
      <nite:pointer role="type"  href="ar-types.xml#id(art_1)"/>
      <nite:pointer role="source"  href="ES2015c.D.argumentstructs.xml#id(ES2015c.D.argumentstructs.Rutger.10)"/>
      <nite:pointer role="target"  href="ES2015c.C.argumentstructs.xml#id(ES2015c.C.argumentstructs.Rutger.12)"/>
   </ar>
   <ar nite:id="ES2015c.argumentationrels.Rutger.51">
      <nite:pointer role="source"  href="ES2015c.A.argumentstructs.xml#id(ES2015c.A.argumentstructs.Rutger.13)"/>
      <nite:pointer role="target"  href="ES2015c.A.argumentstructs.xml#id(ES2015c.A.argumentstructs.Rutger.15)"/>
      <nite:pointer role="type"  href="ar-types.xml#id(art_5)"/>
   </ar>
   <ar nite:id="ES2015c.argumentationrels.Rutger.53">
      <nite:pointer role="source"  href="ES2015c.A.argumentstructs.xml#id(ES2015c.A.argumentstructs.Rutger.13)"/>
      <nite:pointer role="target"  href="ES2015c.B.argumentstructs.xml#id(ES2015c.B.argumentstructs.Rutger.19)"/>
      <nite:pointer role="type"  href="ar-types.xml#id(art_1)"/>
   </ar>
   <ar nite:id="ES2015c.argumentationrels.Rutger.54">
      <nite:pointer role="source"  href="ES2015c.A.argumentstructs.xml#id(ES2015c.A.argumentstructs.Rutger.8)"/>
      <nite:pointer role="target"  href="ES2015c.B.argumentstructs.xml#id(ES2015c.B.argumentstructs.Rutger.20)"/>
      <nite:pointer role="type"  href="ar-types.xml#id(art_1)"/>
   </ar>
   <ar nite:id="ES2015c.argumentationrels.Rutger.55">
      <nite:pointer role="source"  href="ES2015c.B.argumentstructs.xml#id(ES2015c.B.argumentstructs.Rutger.20)"/>
      <nite:pointer role="target"  href="ES2015c.D.argumentstructs.xml#id(ES2015c.D.argumentstructs.Rutger.11)"/>
      <nite:pointer role="type"  href="ar-types.xml#id(art_1)"/>
   </ar>
   <ar nite:id="ES2015c.argumentationrels.Rutger.56">
      <nite:pointer role="source"  href="ES2015c.B.argumentstructs.xml#id(ES2015c.B.argumentstructs.Rutger.20)"/>
      <nite:pointer role="target"  href="ES2015c.A.argumentstructs.xml#id(ES2015c.A.argumentstructs.Rutger.16)"/>
      <nite:pointer role="type"  href="ar-types.xml#id(art_1)"/>
   </ar>
   <ar nite:id="ES2015c.argumentationrels.Rutger.57">
      <nite:pointer role="source"  href="ES2015c.A.argumentstructs.xml#id(ES2015c.A.argumentstructs.Rutger.16)"/>
      <nite:pointer role="target"  href="ES2015c.A.argumentstructs.xml#id(ES2015c.A.argumentstructs.Rutger.17)"/>
      <nite:pointer role="type"  href="ar-types.xml#id(art_5)"/>
   </ar>
   <ar nite:id="ES2015c.argumentationrels.Rutger.58">
      <nite:pointer role="source"  href="ES2015c.A.argumentstructs.xml#id(ES2015c.A.argumentstructs.Rutger.17)"/>
      <nite:pointer role="target"  href="ES2015c.C.argumentstructs.xml#id(ES2015c.C.argumentstructs.Rutger.13)"/>
      <nite:pointer role="type"  href="ar-types.xml#id(art_1)"/>
   </ar>
   <ar nite:id="ES2015c.argumentationrels.Rutger.59">
      <nite:pointer role="source"  href="ES2015c.C.argumentstructs.xml#id(ES2015c.C.argumentstructs.Rutger.13)"/>
      <nite:pointer role="target"  href="ES2015c.A.argumentstructs.xml#id(ES2015c.A.argumentstructs.Rutger.18)"/>
      <nite:pointer role="type"  href="ar-types.xml#id(art_1)"/>
   </ar>
   <ar nite:id="ES2015c.argumentationrels.Rutger.60">
      <nite:pointer role="source"  href="ES2015c.A.argumentstructs.xml#id(ES2015c.A.argumentstructs.Rutger.18)"/>
      <nite:pointer role="target"  href="ES2015c.C.argumentstructs.xml#id(ES2015c.C.argumentstructs.Rutger.14)"/>
      <nite:pointer role="type"  href="ar-types.xml#id(art_1)"/>
   </ar>
   <ar nite:id="ES2015c.argumentationrels.Rutger.61">
      <nite:pointer role="source"  href="ES2015c.B.argumentstructs.xml#id(ES2015c.B.argumentstructs.Rutger.20)"/>
      <nite:pointer role="target"  href="ES2015c.A.argumentstructs.xml#id(ES2015c.A.argumentstructs.Rutger.19)"/>
      <nite:pointer role="type"  href="ar-types.xml#id(art_6)"/>
   </ar>
   <ar nite:id="ES2015c.argumentationrels.Rutger.62">
      <nite:pointer role="source"  href="ES2015c.A.argumentstructs.xml#id(ES2015c.A.argumentstructs.Rutger.19)"/>
      <nite:pointer role="target"  href="ES2015c.B.argumentstructs.xml#id(ES2015c.B.argumentstructs.Rutger.21)"/>
      <nite:pointer role="type"  href="ar-types.xml#id(art_1)"/>
   </ar>
   <ar nite:id="ES2015c.argumentationrels.Rutger.63">
      <nite:pointer role="source"  href="ES2015c.A.argumentstructs.xml#id(ES2015c.A.argumentstructs.Rutger.20)"/>
      <nite:pointer role="target"  href="ES2015c.D.argumentstructs.xml#id(ES2015c.D.argumentstructs.Rutger.12)"/>
      <nite:pointer role="type"  href="ar-types.xml#id(art_1)"/>
   </ar>
   <ar nite:id="ES2015c.argumentationrels.Rutger.64">
      <nite:pointer role="source"  href="ES2015c.D.argumentstructs.xml#id(ES2015c.D.argumentstructs.Rutger.12)"/>
      <nite:pointer role="target"  href="ES2015c.A.argumentstructs.xml#id(ES2015c.A.argumentstructs.Rutger.21)"/>
      <nite:pointer role="type"  href="ar-types.xml#id(art_1)"/>
   </ar>
   <ar nite:id="ES2015c.argumentationrels.Rutger.66">
      <nite:pointer role="source"  href="ES2015c.A.argumentstructs.xml#id(ES2015c.A.argumentstructs.Rutger.22)"/>
      <nite:pointer role="target"  href="ES2015c.D.argumentstructs.xml#id(ES2015c.D.argumentstructs.Rutger.13)"/>
      <nite:pointer role="type"  href="ar-types.xml#id(art_9)"/>
   </ar>
   <ar nite:id="ES2015c.argumentationrels.Rutger.67">
      <nite:pointer role="source"  href="ES2015c.A.argumentstructs.xml#id(ES2015c.A.argumentstructs.Rutger.22)"/>
      <nite:pointer role="target"  href="ES2015c.A.argumentstructs.xml#id(ES2015c.A.argumentstructs.Rutger.23)"/>
      <nite:pointer role="type"  href="ar-types.xml#id(art_5)"/>
   </ar>
   <ar nite:id="ES2015c.argumentationrels.Rutger.68">
      <nite:pointer role="source"  href="ES2015c.D.argumentstructs.xml#id(ES2015c.D.argumentstructs.Rutger.12)"/>
      <nite:pointer role="target"  href="ES2015c.A.argumentstructs.xml#id(ES2015c.A.argumentstructs.Rutger.22)"/>
      <nite:pointer role="type"  href="ar-types.xml#id(art_2)"/>
   </ar>
   <ar nite:id="ES2015c.argumentationrels.Rutger.69">
      <nite:pointer role="source"  href="ES2015c.A.argumentstructs.xml#id(ES2015c.A.argumentstructs.Rutger.23)"/>
      <nite:pointer role="target"  href="ES2015c.D.argumentstructs.xml#id(ES2015c.D.argumentstructs.Rutger.14)"/>
      <nite:pointer role="type"  href="ar-types.xml#id(art_3)"/>
   </ar>
   <ar nite:id="ES2015c.argumentationrels.Rutger.70">
      <nite:pointer role="source"  href="ES2015c.A.argumentstructs.xml#id(ES2015c.A.argumentstructs.Rutger.22)"/>
      <nite:pointer role="target"  href="ES2015c.A.argumentstructs.xml#id(ES2015c.A.argumentstructs.Rutger.24)"/>
      <nite:pointer role="type"  href="ar-types.xml#id(art_4)"/>
   </ar>
   <ar nite:id="ES2015c.argumentationrels.Rutger.71">
      <nite:pointer role="type"  href="ar-types.xml#id(art_1)"/>
      <nite:pointer role="source"  href="ES2015c.A.argumentstructs.xml#id(ES2015c.A.argumentstructs.Rutger.24)"/>
      <nite:pointer role="target"  href="ES2015c.D.argumentstructs.xml#id(ES2015c.D.argumentstructs.Rutger.15)"/>
   </ar>
   <ar nite:id="ES2015c.argumentationrels.Rutger.72">
      <nite:pointer role="source"  href="ES2015c.A.argumentstructs.xml#id(ES2015c.A.argumentstructs.Rutger.22)"/>
      <nite:pointer role="target"  href="ES2015c.A.argumentstructs.xml#id(ES2015c.A.argumentstructs.Rutger.25)"/>
      <nite:pointer role="type"  href="ar-types.xml#id(art_6)"/>
   </ar>
   <ar nite:id="ES2015c.argumentationrels.Rutger.73">
      <nite:pointer role="source"  href="ES2015c.A.argumentstructs.xml#id(ES2015c.A.argumentstructs.Rutger.25)"/>
      <nite:pointer role="target"  href="ES2015c.B.argumentstructs.xml#id(ES2015c.B.argumentstructs.Rutger.22)"/>
      <nite:pointer role="type"  href="ar-types.xml#id(art_4)"/>
   </ar>
   <ar nite:id="ES2015c.argumentationrels.Rutger.74">
      <nite:pointer role="source"  href="ES2015c.B.argumentstructs.xml#id(ES2015c.B.argumentstructs.Rutger.22)"/>
      <nite:pointer role="target"  href="ES2015c.D.argumentstructs.xml#id(ES2015c.D.argumentstructs.Rutger.16)"/>
      <nite:pointer role="type"  href="ar-types.xml#id(art_1)"/>
   </ar>
   <ar nite:id="ES2015c.argumentationrels.Rutger.75">
      <nite:pointer role="source"  href="ES2015c.B.argumentstructs.xml#id(ES2015c.B.argumentstructs.Rutger.22)"/>
      <nite:pointer role="target"  href="ES2015c.A.argumentstructs.xml#id(ES2015c.A.argumentstructs.Rutger.26)"/>
      <nite:pointer role="type"  href="ar-types.xml#id(art_1)"/>
   </ar>
   <ar nite:id="ES2015c.argumentationrels.Rutger.76">
      <nite:pointer role="type"  href="ar-types.xml#id(art_1)"/>
      <nite:pointer role="source"  href="ES2015c.B.argumentstructs.xml#id(ES2015c.B.argumentstructs.Rutger.22)"/>
      <nite:pointer role="target"  href="ES2015c.C.argumentstructs.xml#id(ES2015c.C.argumentstructs.Rutger.15)"/>
   </ar>
   <ar nite:id="ES2015c.argumentationrels.Rutger.78">
      <nite:pointer role="source"  href="ES2015c.B.argumentstructs.xml#id(ES2015c.B.argumentstructs.Rutger.22)"/>
      <nite:pointer role="target"  href="ES2015c.D.argumentstructs.xml#id(ES2015c.D.argumentstructs.Rutger.17)"/>
      <nite:pointer role="type"  href="ar-types.xml#id(art_1)"/>
   </ar>
   <ar nite:id="ES2015c.argumentationrels.Rutger.79">
      <nite:pointer role="source"  href="ES2015c.B.argumentstructs.xml#id(ES2015c.B.argumentstructs.Rutger.22)"/>
      <nite:pointer role="target"  href="ES2015c.A.argumentstructs.xml#id(ES2015c.A.argumentstructs.Rutger.27)"/>
      <nite:pointer role="type"  href="ar-types.xml#id(art_1)"/>
   </ar>
   <ar nite:id="ES2015c.argumentationrels.Rutger.80">
      <nite:pointer role="type"  href="ar-types.xml#id(art_1)"/>
      <nite:pointer role="source"  href="ES2015c.A.argumentstructs.xml#id(ES2015c.A.argumentstructs.Rutger.27)"/>
      <nite:pointer role="target"  href="ES2015c.B.argumentstructs.xml#id(ES2015c.B.argumentstructs.Rutger.23)"/>
   </ar>
   <ar nite:id="ES2015c.argumentationrels.Rutger.81">
      <nite:pointer role="source"  href="ES2015c.D.argumentstructs.xml#id(ES2015c.D.argumentstructs.Rutger.12)"/>
      <nite:pointer role="target"  href="ES2015c.C.argumentstructs.xml#id(ES2015c.C.argumentstructs.Rutger.16)"/>
      <nite:pointer role="type"  href="ar-types.xml#id(art_2)"/>
   </ar>
   <ar nite:id="ES2015c.argumentationrels.Rutger.82">
      <nite:pointer role="type"  href="ar-types.xml#id(art_1)"/>
      <nite:pointer role="source"  href="ES2015c.C.argumentstructs.xml#id(ES2015c.C.argumentstructs.Rutger.16)"/>
      <nite:pointer role="target"  href="ES2015c.B.argumentstructs.xml#id(ES2015c.B.argumentstructs.Rutger.24)"/>
   </ar>
   <ar nite:id="ES2015c.argumentationrels.Rutger.83">
      <nite:pointer role="source"  href="ES2015c.C.argumentstructs.xml#id(ES2015c.C.argumentstructs.Rutger.16)"/>
      <nite:pointer role="target"  href="ES2015c.D.argumentstructs.xml#id(ES2015c.D.argumentstructs.Rutger.18)"/>
      <nite:pointer role="type"  href="ar-types.xml#id(art_1)"/>
   </ar>
   <ar nite:id="ES2015c.argumentationrels.Rutger.84">
      <nite:pointer role="source"  href="ES2015c.C.argumentstructs.xml#id(ES2015c.C.argumentstructs.Rutger.16)"/>
      <nite:pointer role="target"  href="ES2015c.C.argumentstructs.xml#id(ES2015c.C.argumentstructs.Rutger.17)"/>
      <nite:pointer role="type"  href="ar-types.xml#id(art_9)"/>
   </ar>
   <ar nite:id="ES2015c.argumentationrels.Rutger.85">
      <nite:pointer role="source"  href="ES2015c.C.argumentstructs.xml#id(ES2015c.C.argumentstructs.Rutger.16)"/>
      <nite:pointer role="target"  href="ES2015c.C.argumentstructs.xml#id(ES2015c.C.argumentstructs.Rutger.18)"/>
      <nite:pointer role="type"  href="ar-types.xml#id(art_5)"/>
   </ar>
   <ar nite:id="ES2015c.argumentationrels.Rutger.86">
      <nite:pointer role="source"  href="ES2015c.C.argumentstructs.xml#id(ES2015c.C.argumentstructs.Rutger.18)"/>
      <nite:pointer role="target"  href="ES2015c.A.argumentstructs.xml#id(ES2015c.A.argumentstructs.Rutger.28)"/>
      <nite:pointer role="type"  href="ar-types.xml#id(art_7)"/>
   </ar>
   <ar nite:id="ES2015c.argumentationrels.Rutger.87">
      <nite:pointer role="source"  href="ES2015c.A.argumentstructs.xml#id(ES2015c.A.argumentstructs.Rutger.28)"/>
      <nite:pointer role="target"  href="ES2015c.C.argumentstructs.xml#id(ES2015c.C.argumentstructs.Rutger.19)"/>
      <nite:pointer role="type"  href="ar-types.xml#id(art_1)"/>
   </ar>
   <ar nite:id="ES2015c.argumentationrels.Rutger.88">
      <nite:pointer role="type"  href="ar-types.xml#id(art_1)"/>
      <nite:pointer role="source"  href="ES2015c.A.argumentstructs.xml#id(ES2015c.A.argumentstructs.Rutger.28)"/>
      <nite:pointer role="target"  href="ES2015c.A.argumentstructs.xml#id(ES2015c.A.argumentstructs.Rutger.29)"/>
   </ar>
   <ar nite:id="ES2015c.argumentationrels.Rutger.89">
      <nite:pointer role="source"  href="ES2015c.A.argumentstructs.xml#id(ES2015c.A.argumentstructs.Rutger.28)"/>
      <nite:pointer role="target"  href="ES2015c.B.argumentstructs.xml#id(ES2015c.B.argumentstructs.Rutger.25)"/>
      <nite:pointer role="type"  href="ar-types.xml#id(art_2)"/>
   </ar>
   <ar nite:id="ES2015c.argumentationrels.Rutger.90">
      <nite:pointer role="source"  href="ES2015c.B.argumentstructs.xml#id(ES2015c.B.argumentstructs.Rutger.25)"/>
      <nite:pointer role="target"  href="ES2015c.A.argumentstructs.xml#id(ES2015c.A.argumentstructs.Rutger.30)"/>
      <nite:pointer role="type"  href="ar-types.xml#id(art_1)"/>
   </ar>
   <ar nite:id="ES2015c.argumentationrels.Rutger.91">
      <nite:pointer role="source"  href="ES2015c.B.argumentstructs.xml#id(ES2015c.B.argumentstructs.Rutger.25)"/>
      <nite:pointer role="target"  href="ES2015c.C.argumentstructs.xml#id(ES2015c.C.argumentstructs.Rutger.20)"/>
      <nite:pointer role="type"  href="ar-types.xml#id(art_1)"/>
   </ar>
   <ar nite:id="ES2015c.argumentationrels.Rutger.92">
      <nite:pointer role="source"  href="ES2015c.B.argumentstructs.xml#id(ES2015c.B.argumentstructs.Rutger.25)"/>
      <nite:pointer role="target"  href="ES2015c.A.argumentstructs.xml#id(ES2015c.A.argumentstructs.Rutger.31)"/>
      <nite:pointer role="type"  href="ar-types.xml#id(art_1)"/>
   </ar>
   <ar nite:id="ES2015c.argumentationrels.Rutger.93">
      <nite:pointer role="source"  href="ES2015c.D.argumentstructs.xml#id(ES2015c.D.argumentstructs.Rutger.19)"/>
      <nite:pointer role="target"  href="ES2015c.D.argumentstructs.xml#id(ES2015c.D.argumentstructs.Rutger.20)"/>
      <nite:pointer role="type"  href="ar-types.xml#id(art_4)"/>
   </ar>
   <ar nite:id="ES2015c.argumentationrels.Rutger.96">
      <nite:pointer role="source"  href="ES2015c.D.argumentstructs.xml#id(ES2015c.D.argumentstructs.Rutger.19)"/>
      <nite:pointer role="target"  href="ES2015c.A.argumentstructs.xml#id(ES2015c.A.argumentstructs.Rutger.33)"/>
      <nite:pointer role="type"  href="ar-types.xml#id(art_2)"/>
   </ar>
   <ar nite:id="ES2015c.argumentationrels.Rutger.97">
      <nite:pointer role="type"  href="ar-types.xml#id(art_1)"/>
      <nite:pointer role="source"  href="ES2015c.A.argumentstructs.xml#id(ES2015c.A.argumentstructs.Rutger.33)"/>
      <nite:pointer role="target"  href="ES2015c.B.argumentstructs.xml#id(ES2015c.B.argumentstructs.Rutger.26)"/>
   </ar>
   <ar nite:id="ES2015c.argumentationrels.Rutger.100">
      <nite:pointer role="source"  href="ES2015c.A.argumentstructs.xml#id(ES2015c.A.argumentstructs.Rutger.33)"/>
      <nite:pointer role="target"  href="ES2015c.D.argumentstructs.xml#id(ES2015c.D.argumentstructs.Rutger.23)"/>
      <nite:pointer role="type"  href="ar-types.xml#id(art_2)"/>
   </ar>
   <ar nite:id="ES2015c.argumentationrels.Rutger.101">
      <nite:pointer role="source"  href="ES2015c.D.argumentstructs.xml#id(ES2015c.D.argumentstructs.Rutger.19)"/>
      <nite:pointer role="target"  href="ES2015c.D.argumentstructs.xml#id(ES2015c.D.argumentstructs.Rutger.24)"/>
      <nite:pointer role="type"  href="ar-types.xml#id(art_4)"/>
   </ar>
   <ar nite:id="ES2015c.argumentationrels.Rutger.103">
      <nite:pointer role="source"  href="ES2015c.D.argumentstructs.xml#id(ES2015c.D.argumentstructs.Rutger.24)"/>
      <nite:pointer role="target"  href="ES2015c.A.argumentstructs.xml#id(ES2015c.A.argumentstructs.Rutger.34)"/>
      <nite:pointer role="type"  href="ar-types.xml#id(art_1)"/>
   </ar>
   <ar nite:id="ES2015c.argumentationrels.Rutger.104">
      <nite:pointer role="source"  href="ES2015c.D.argumentstructs.xml#id(ES2015c.D.argumentstructs.Rutger.24)"/>
      <nite:pointer role="target"  href="ES2015c.C.argumentstructs.xml#id(ES2015c.C.argumentstructs.Rutger.21)"/>
      <nite:pointer role="type"  href="ar-types.xml#id(art_1)"/>
   </ar>
   <ar nite:id="ES2015c.argumentationrels.Rutger.105">
      <nite:pointer role="source"  href="ES2015c.D.argumentstructs.xml#id(ES2015c.D.argumentstructs.Rutger.24)"/>
      <nite:pointer role="target"  href="ES2015c.A.argumentstructs.xml#id(ES2015c.A.argumentstructs.Rutger.35)"/>
      <nite:pointer role="type"  href="ar-types.xml#id(art_7)"/>
   </ar>
   <ar nite:id="ES2015c.argumentationrels.Rutger.106">
      <nite:pointer role="source"  href="ES2015c.A.argumentstructs.xml#id(ES2015c.A.argumentstructs.Rutger.35)"/>
      <nite:pointer role="target"  href="ES2015c.D.argumentstructs.xml#id(ES2015c.D.argumentstructs.Rutger.25)"/>
      <nite:pointer role="type"  href="ar-types.xml#id(art_1)"/>
   </ar>
   <ar nite:id="ES2015c.argumentationrels.Rutger.107">
      <nite:pointer role="source"  href="ES2015c.D.argumentstructs.xml#id(ES2015c.D.argumentstructs.Rutger.19)"/>
      <nite:pointer role="target"  href="ES2015c.B.argumentstructs.xml#id(ES2015c.B.argumentstructs.Rutger.27)"/>
      <nite:pointer role="type"  href="ar-types.xml#id(art_4)"/>
   </ar>
   <ar nite:id="ES2015c.argumentationrels.Rutger.108">
      <nite:pointer role="source"  href="ES2015c.B.argumentstructs.xml#id(ES2015c.B.argumentstructs.Rutger.27)"/>
      <nite:pointer role="target"  href="ES2015c.D.argumentstructs.xml#id(ES2015c.D.argumentstructs.Rutger.26)"/>
      <nite:pointer role="type"  href="ar-types.xml#id(art_1)"/>
   </ar>
   <ar nite:id="ES2015c.argumentationrels.Rutger.109">
      <nite:pointer role="source"  href="ES2015c.B.argumentstructs.xml#id(ES2015c.B.argumentstructs.Rutger.27)"/>
      <nite:pointer role="target"  href="ES2015c.C.argumentstructs.xml#id(ES2015c.C.argumentstructs.Rutger.22)"/>
      <nite:pointer role="type"  href="ar-types.xml#id(art_1)"/>
   </ar>
   <ar nite:id="ES2015c.argumentationrels.Rutger.110">
      <nite:pointer role="type"  href="ar-types.xml#id(art_1)"/>
      <nite:pointer role="source"  href="ES2015c.B.argumentstructs.xml#id(ES2015c.B.argumentstructs.Rutger.27)"/>
      <nite:pointer role="target"  href="ES2015c.A.argumentstructs.xml#id(ES2015c.A.argumentstructs.Rutger.36)"/>
   </ar>
   <ar nite:id="ES2015c.argumentationrels.Rutger.112">
      <nite:pointer role="source"  href="ES2015c.A.argumentstructs.xml#id(ES2015c.A.argumentstructs.Rutger.37)"/>
      <nite:pointer role="target"  href="ES2015c.D.argumentstructs.xml#id(ES2015c.D.argumentstructs.Rutger.27)"/>
      <nite:pointer role="type"  href="ar-types.xml#id(art_1)"/>
   </ar>
   <ar nite:id="ES2015c.argumentationrels.Rutger.113">
      <nite:pointer role="source"  href="ES2015c.B.argumentstructs.xml#id(ES2015c.B.argumentstructs.Rutger.27)"/>
      <nite:pointer role="target"  href="ES2015c.A.argumentstructs.xml#id(ES2015c.A.argumentstructs.Rutger.37)"/>
      <nite:pointer role="type"  href="ar-types.xml#id(art_4)"/>
   </ar>
   <ar nite:id="ES2015c.argumentationrels.Rutger.114">
      <nite:pointer role="source"  href="ES2015c.B.argumentstructs.xml#id(ES2015c.B.argumentstructs.Rutger.27)"/>
      <nite:pointer role="target"  href="ES2015c.C.argumentstructs.xml#id(ES2015c.C.argumentstructs.Rutger.23)"/>
      <nite:pointer role="type"  href="ar-types.xml#id(art_4)"/>
   </ar>
   <ar nite:id="ES2015c.argumentationrels.Rutger.115">
      <nite:pointer role="source"  href="ES2015c.B.argumentstructs.xml#id(ES2015c.B.argumentstructs.Rutger.27)"/>
      <nite:pointer role="target"  href="ES2015c.D.argumentstructs.xml#id(ES2015c.D.argumentstructs.Rutger.28)"/>
      <nite:pointer role="type"  href="ar-types.xml#id(art_4)"/>
   </ar>
   <ar nite:id="ES2015c.argumentationrels.Rutger.116">
      <nite:pointer role="source"  href="ES2015c.D.argumentstructs.xml#id(ES2015c.D.argumentstructs.Rutger.28)"/>
      <nite:pointer role="target"  href="ES2015c.C.argumentstructs.xml#id(ES2015c.C.argumentstructs.Rutger.25)"/>
      <nite:pointer role="type"  href="ar-types.xml#id(art_1)"/>
   </ar>
   <ar nite:id="ES2015c.argumentationrels.Rutger.117">
      <nite:pointer role="source"  href="ES2015c.D.argumentstructs.xml#id(ES2015c.D.argumentstructs.Rutger.28)"/>
      <nite:pointer role="target"  href="ES2015c.D.argumentstructs.xml#id(ES2015c.D.argumentstructs.Rutger.29)"/>
      <nite:pointer role="type"  href="ar-types.xml#id(art_7)"/>
   </ar>
   <ar nite:id="ES2015c.argumentationrels.Rutger.118">
      <nite:pointer role="source"  href="ES2015c.C.argumentstructs.xml#id(ES2015c.C.argumentstructs.Rutger.26)"/>
      <nite:pointer role="target"  href="ES2015c.A.argumentstructs.xml#id(ES2015c.A.argumentstructs.Rutger.38)"/>
      <nite:pointer role="type"  href="ar-types.xml#id(art_9)"/>
   </ar>
   <ar nite:id="ES2015c.argumentationrels.Rutger.119">
      <nite:pointer role="source"  href="ES2015c.C.argumentstructs.xml#id(ES2015c.C.argumentstructs.Rutger.26)"/>
      <nite:pointer role="target"  href="ES2015c.B.argumentstructs.xml#id(ES2015c.B.argumentstructs.Rutger.28)"/>
      <nite:pointer role="type"  href="ar-types.xml#id(art_4)"/>
   </ar>
   <ar nite:id="ES2015c.argumentationrels.Rutger.120">
      <nite:pointer role="source"  href="ES2015c.C.argumentstructs.xml#id(ES2015c.C.argumentstructs.Rutger.26)"/>
      <nite:pointer role="target"  href="ES2015c.B.argumentstructs.xml#id(ES2015c.B.argumentstructs.Rutger.29)"/>
      <nite:pointer role="type"  href="ar-types.xml#id(art_4)"/>
   </ar>
   <ar nite:id="ES2015c.argumentationrels.Rutger.121">
      <nite:pointer role="source"  href="ES2015c.C.argumentstructs.xml#id(ES2015c.C.argumentstructs.Rutger.26)"/>
      <nite:pointer role="target"  href="ES2015c.C.argumentstructs.xml#id(ES2015c.C.argumentstructs.Rutger.27)"/>
      <nite:pointer role="type"  href="ar-types.xml#id(art_5)"/>
   </ar>
   <ar nite:id="ES2015c.argumentationrels.Rutger.122">
      <nite:pointer role="source"  href="ES2015c.C.argumentstructs.xml#id(ES2015c.C.argumentstructs.Rutger.26)"/>
      <nite:pointer role="target"  href="ES2015c.A.argumentstructs.xml#id(ES2015c.A.argumentstructs.Rutger.39)"/>
      <nite:pointer role="type"  href="ar-types.xml#id(art_4)"/>
   </ar>
   <ar nite:id="ES2015c.argumentationrels.Rutger.123">
      <nite:pointer role="source"  href="ES2015c.A.argumentstructs.xml#id(ES2015c.A.argumentstructs.Rutger.39)"/>
      <nite:pointer role="target"  href="ES2015c.B.argumentstructs.xml#id(ES2015c.B.argumentstructs.Rutger.30)"/>
      <nite:pointer role="type"  href="ar-types.xml#id(art_1)"/>
   </ar>
   <ar nite:id="ES2015c.argumentationrels.Rutger.124">
      <nite:pointer role="source"  href="ES2015c.B.argumentstructs.xml#id(ES2015c.B.argumentstructs.Rutger.30)"/>
      <nite:pointer role="target"  href="ES2015c.A.argumentstructs.xml#id(ES2015c.A.argumentstructs.Rutger.40)"/>
      <nite:pointer role="type"  href="ar-types.xml#id(art_1)"/>
   </ar>
   <ar nite:id="ES2015c.argumentationrels.Rutger.125">
      <nite:pointer role="source"  href="ES2015c.A.argumentstructs.xml#id(ES2015c.A.argumentstructs.Rutger.39)"/>
      <nite:pointer role="target"  href="ES2015c.D.argumentstructs.xml#id(ES2015c.D.argumentstructs.Rutger.30)"/>
      <nite:pointer role="type"  href="ar-types.xml#id(art_2)"/>
   </ar>
   <ar nite:id="ES2015c.argumentationrels.Rutger.126">
      <nite:pointer role="source"  href="ES2015c.D.argumentstructs.xml#id(ES2015c.D.argumentstructs.Rutger.30)"/>
      <nite:pointer role="target"  href="ES2015c.B.argumentstructs.xml#id(ES2015c.B.argumentstructs.Rutger.31)"/>
      <nite:pointer role="type"  href="ar-types.xml#id(art_4)"/>
   </ar>
   <ar nite:id="ES2015c.argumentationrels.Rutger.127">
      <nite:pointer role="source"  href="ES2015c.B.argumentstructs.xml#id(ES2015c.B.argumentstructs.Rutger.31)"/>
      <nite:pointer role="target"  href="ES2015c.A.argumentstructs.xml#id(ES2015c.A.argumentstructs.Rutger.41)"/>
      <nite:pointer role="type"  href="ar-types.xml#id(art_1)"/>
   </ar>
   <ar nite:id="ES2015c.argumentationrels.Rutger.128">
      <nite:pointer role="source"  href="ES2015c.B.argumentstructs.xml#id(ES2015c.B.argumentstructs.Rutger.31)"/>
      <nite:pointer role="target"  href="ES2015c.C.argumentstructs.xml#id(ES2015c.C.argumentstructs.Rutger.28)"/>
      <nite:pointer role="type"  href="ar-types.xml#id(art_1)"/>
   </ar>
   <ar nite:id="ES2015c.argumentationrels.Rutger.129">
      <nite:pointer role="source"  href="ES2015c.B.argumentstructs.xml#id(ES2015c.B.argumentstructs.Rutger.31)"/>
      <nite:pointer role="target"  href="ES2015c.A.argumentstructs.xml#id(ES2015c.A.argumentstructs.Rutger.42)"/>
      <nite:pointer role="type"  href="ar-types.xml#id(art_1)"/>
   </ar>
   <ar nite:id="ES2015c.argumentationrels.Rutger.130">
      <nite:pointer role="source"  href="ES2015c.D.argumentstructs.xml#id(ES2015c.D.argumentstructs.Rutger.30)"/>
      <nite:pointer role="target"  href="ES2015c.D.argumentstructs.xml#id(ES2015c.D.argumentstructs.Rutger.31)"/>
      <nite:pointer role="type"  href="ar-types.xml#id(art_5)"/>
   </ar>
   <ar nite:id="ES2015c.argumentationrels.Rutger.132">
      <nite:pointer role="source"  href="ES2015c.D.argumentstructs.xml#id(ES2015c.D.argumentstructs.Rutger.31)"/>
      <nite:pointer role="target"  href="ES2015c.B.argumentstructs.xml#id(ES2015c.B.argumentstructs.Rutger.33)"/>
      <nite:pointer role="type"  href="ar-types.xml#id(art_1)"/>
   </ar>
   <ar nite:id="ES2015c.argumentationrels.Rutger.133">
      <nite:pointer role="source"  href="ES2015c.A.argumentstructs.xml#id(ES2015c.A.argumentstructs.Rutger.43)"/>
      <nite:pointer role="target"  href="ES2015c.B.argumentstructs.xml#id(ES2015c.B.argumentstructs.Rutger.34)"/>
      <nite:pointer role="type"  href="ar-types.xml#id(art_1)"/>
   </ar>
   <ar nite:id="ES2015c.argumentationrels.Rutger.134">
      <nite:pointer role="source"  href="ES2015c.A.argumentstructs.xml#id(ES2015c.A.argumentstructs.Rutger.43)"/>
      <nite:pointer role="target"  href="ES2015c.C.argumentstructs.xml#id(ES2015c.C.argumentstructs.Rutger.29)"/>
      <nite:pointer role="type"  href="ar-types.xml#id(art_1)"/>
   </ar>
   <ar nite:id="ES2015c.argumentationrels.Rutger.135">
      <nite:pointer role="type"  href="ar-types.xml#id(art_1)"/>
      <nite:pointer role="source"  href="ES2015c.A.argumentstructs.xml#id(ES2015c.A.argumentstructs.Rutger.43)"/>
      <nite:pointer role="target"  href="ES2015c.A.argumentstructs.xml#id(ES2015c.A.argumentstructs.Rutger.44)"/>
   </ar>
   <ar nite:id="ES2015c.argumentationrels.Rutger.136">
      <nite:pointer role="source"  href="ES2015c.C.argumentstructs.xml#id(ES2015c.C.argumentstructs.Rutger.26)"/>
      <nite:pointer role="target"  href="ES2015c.A.argumentstructs.xml#id(ES2015c.A.argumentstructs.Rutger.45)"/>
      <nite:pointer role="type"  href="ar-types.xml#id(art_4)"/>
   </ar>
   <ar nite:id="ES2015c.argumentationrels.Rutger.137">
      <nite:pointer role="source"  href="ES2015c.C.argumentstructs.xml#id(ES2015c.C.argumentstructs.Rutger.26)"/>
      <nite:pointer role="target"  href="ES2015c.D.argumentstructs.xml#id(ES2015c.D.argumentstructs.Rutger.32)"/>
      <nite:pointer role="type"  href="ar-types.xml#id(art_8)"/>
   </ar>
   <ar nite:id="ES2015c.argumentationrels.Rutger.138">
      <nite:pointer role="source"  href="ES2015c.D.argumentstructs.xml#id(ES2015c.D.argumentstructs.Rutger.32)"/>
      <nite:pointer role="target"  href="ES2015c.B.argumentstructs.xml#id(ES2015c.B.argumentstructs.Rutger.35)"/>
      <nite:pointer role="type"  href="ar-types.xml#id(art_1)"/>
   </ar>
   <ar nite:id="ES2015c.argumentationrels.Rutger.139">
      <nite:pointer role="source"  href="ES2015c.B.argumentstructs.xml#id(ES2015c.B.argumentstructs.Rutger.35)"/>
      <nite:pointer role="target"  href="ES2015c.C.argumentstructs.xml#id(ES2015c.C.argumentstructs.Rutger.30)"/>
      <nite:pointer role="type"  href="ar-types.xml#id(art_1)"/>
   </ar>
   <ar nite:id="ES2015c.argumentationrels.Rutger.140">
      <nite:pointer role="type"  href="ar-types.xml#id(art_1)"/>
      <nite:pointer role="source"  href="ES2015c.D.argumentstructs.xml#id(ES2015c.D.argumentstructs.Rutger.32)"/>
      <nite:pointer role="target"  href="ES2015c.A.argumentstructs.xml#id(ES2015c.A.argumentstructs.Rutger.46)"/>
   </ar>
   <ar nite:id="ES2015c.argumentationrels.Rutger.141">
      <nite:pointer role="source"  href="ES2015c.A.argumentstructs.xml#id(ES2015c.A.argumentstructs.Rutger.46)"/>
      <nite:pointer role="target"  href="ES2015c.C.argumentstructs.xml#id(ES2015c.C.argumentstructs.Rutger.31)"/>
      <nite:pointer role="type"  href="ar-types.xml#id(art_1)"/>
   </ar>
   <ar nite:id="ES2015c.argumentationrels.Rutger.142">
      <nite:pointer role="source"  href="ES2015c.C.argumentstructs.xml#id(ES2015c.C.argumentstructs.Rutger.26)"/>
      <nite:pointer role="target"  href="ES2015c.B.argumentstructs.xml#id(ES2015c.B.argumentstructs.Rutger.36)"/>
      <nite:pointer role="type"  href="ar-types.xml#id(art_4)"/>
   </ar>
   <ar nite:id="ES2015c.argumentationrels.Rutger.143">
      <nite:pointer role="source"  href="ES2015c.B.argumentstructs.xml#id(ES2015c.B.argumentstructs.Rutger.36)"/>
      <nite:pointer role="target"  href="ES2015c.A.argumentstructs.xml#id(ES2015c.A.argumentstructs.Rutger.47)"/>
      <nite:pointer role="type"  href="ar-types.xml#id(art_1)"/>
   </ar>
   <ar nite:id="ES2015c.argumentationrels.Rutger.144">
      <nite:pointer role="source"  href="ES2015c.C.argumentstructs.xml#id(ES2015c.C.argumentstructs.Rutger.26)"/>
      <nite:pointer role="target"  href="ES2015c.D.argumentstructs.xml#id(ES2015c.D.argumentstructs.Rutger.33)"/>
      <nite:pointer role="type"  href="ar-types.xml#id(art_4)"/>
   </ar>
   <ar nite:id="ES2015c.argumentationrels.Rutger.145">
      <nite:pointer role="source"  href="ES2015c.D.argumentstructs.xml#id(ES2015c.D.argumentstructs.Rutger.33)"/>
      <nite:pointer role="target"  href="ES2015c.C.argumentstructs.xml#id(ES2015c.C.argumentstructs.Rutger.32)"/>
      <nite:pointer role="type"  href="ar-types.xml#id(art_1)"/>
   </ar>
   <ar nite:id="ES2015c.argumentationrels.Rutger.146">
      <nite:pointer role="source"  href="ES2015c.D.argumentstructs.xml#id(ES2015c.D.argumentstructs.Rutger.33)"/>
      <nite:pointer role="target"  href="ES2015c.A.argumentstructs.xml#id(ES2015c.A.argumentstructs.Rutger.48)"/>
      <nite:pointer role="type"  href="ar-types.xml#id(art_1)"/>
   </ar>
   <ar nite:id="ES2015c.argumentationrels.Rutger.147">
      <nite:pointer role="source"  href="ES2015c.A.argumentstructs.xml#id(ES2015c.A.argumentstructs.Rutger.48)"/>
      <nite:pointer role="target"  href="ES2015c.A.argumentstructs.xml#id(ES2015c.A.argumentstructs.Rutger.49)"/>
      <nite:pointer role="type"  href="ar-types.xml#id(art_1)"/>
   </ar>
   <ar nite:id="ES2015c.argumentationrels.Rutger.149">
      <nite:pointer role="source"  href="ES2015c.A.argumentstructs.xml#id(ES2015c.A.argumentstructs.Rutger.42)"/>
      <nite:pointer role="target"  href="ES2015c.A.argumentstructs.xml#id(ES2015c.A.argumentstructs.Rutger.43)"/>
      <nite:pointer role="type"  href="ar-types.xml#id(art_5)"/>
   </ar>
   <ar nite:id="ES2015c.argumentationrels.Rutger.153">
      <nite:pointer role="source"  href="ES2015c.A.argumentstructs.xml#id(ES2015c.A.argumentstructs.Rutger.50)"/>
      <nite:pointer role="target"  href="ES2015c.C.argumentstructs.xml#id(ES2015c.C.argumentstructs.Rutger.34)"/>
      <nite:pointer role="type"  href="ar-types.xml#id(art_2)"/>
   </ar>
   <ar nite:id="ES2015c.argumentationrels.Rutger.154">
      <nite:pointer role="source"  href="ES2015c.C.argumentstructs.xml#id(ES2015c.C.argumentstructs.Rutger.26)"/>
      <nite:pointer role="target"  href="ES2015c.A.argumentstructs.xml#id(ES2015c.A.argumentstructs.Rutger.50)"/>
      <nite:pointer role="type"  href="ar-types.xml#id(art_6)"/>
   </ar>
   <ar nite:id="ES2015c.argumentationrels.Rutger.156">
      <nite:pointer role="source"  href="ES2015c.C.argumentstructs.xml#id(ES2015c.C.argumentstructs.Rutger.34)"/>
      <nite:pointer role="target"  href="ES2015c.A.argumentstructs.xml#id(ES2015c.A.argumentstructs.Rutger.52)"/>
      <nite:pointer role="type"  href="ar-types.xml#id(art_1)"/>
   </ar>
   <ar nite:id="ES2015c.argumentationrels.Rutger.157">
      <nite:pointer role="source"  href="ES2015c.C.argumentstructs.xml#id(ES2015c.C.argumentstructs.Rutger.26)"/>
      <nite:pointer role="target"  href="ES2015c.D.argumentstructs.xml#id(ES2015c.D.argumentstructs.Rutger.34)"/>
      <nite:pointer role="type"  href="ar-types.xml#id(art_4)"/>
   </ar>
   <ar nite:id="ES2015c.argumentationrels.Rutger.158">
      <nite:pointer role="source"  href="ES2015c.D.argumentstructs.xml#id(ES2015c.D.argumentstructs.Rutger.34)"/>
      <nite:pointer role="target"  href="ES2015c.C.argumentstructs.xml#id(ES2015c.C.argumentstructs.Rutger.35)"/>
      <nite:pointer role="type"  href="ar-types.xml#id(art_1)"/>
   </ar>
   <ar nite:id="ES2015c.argumentationrels.Rutger.159">
      <nite:pointer role="source"  href="ES2015c.D.argumentstructs.xml#id(ES2015c.D.argumentstructs.Rutger.34)"/>
      <nite:pointer role="target"  href="ES2015c.B.argumentstructs.xml#id(ES2015c.B.argumentstructs.Rutger.37)"/>
      <nite:pointer role="type"  href="ar-types.xml#id(art_1)"/>
   </ar>
   <ar nite:id="ES2015c.argumentationrels.Rutger.160">
      <nite:pointer role="source"  href="ES2015c.B.argumentstructs.xml#id(ES2015c.B.argumentstructs.Rutger.37)"/>
      <nite:pointer role="target"  href="ES2015c.C.argumentstructs.xml#id(ES2015c.C.argumentstructs.Rutger.36)"/>
      <nite:pointer role="type"  href="ar-types.xml#id(art_1)"/>
   </ar>
   <ar nite:id="ES2015c.argumentationrels.Rutger.161">
      <nite:pointer role="source"  href="ES2015c.D.argumentstructs.xml#id(ES2015c.D.argumentstructs.Rutger.34)"/>
      <nite:pointer role="target"  href="ES2015c.A.argumentstructs.xml#id(ES2015c.A.argumentstructs.Rutger.53)"/>
      <nite:pointer role="type"  href="ar-types.xml#id(art_1)"/>
   </ar>
   <ar nite:id="ES2015c.argumentationrels.Rutger.162">
      <nite:pointer role="source"  href="ES2015c.A.argumentstructs.xml#id(ES2015c.A.argumentstructs.Rutger.53)"/>
      <nite:pointer role="target"  href="ES2015c.D.argumentstructs.xml#id(ES2015c.D.argumentstructs.Rutger.35)"/>
      <nite:pointer role="type"  href="ar-types.xml#id(art_1)"/>
   </ar>
   <ar nite:id="ES2015c.argumentationrels.Rutger.163">
      <nite:pointer role="source"  href="ES2015c.D.argumentstructs.xml#id(ES2015c.D.argumentstructs.Rutger.34)"/>
      <nite:pointer role="target"  href="ES2015c.C.argumentstructs.xml#id(ES2015c.C.argumentstructs.Rutger.37)"/>
      <nite:pointer role="type"  href="ar-types.xml#id(art_1)"/>
   </ar>
   <ar nite:id="ES2015c.argumentationrels.Rutger.164">
      <nite:pointer role="source"  href="ES2015c.C.argumentstructs.xml#id(ES2015c.C.argumentstructs.Rutger.37)"/>
      <nite:pointer role="target"  href="ES2015c.A.argumentstructs.xml#id(ES2015c.A.argumentstructs.Rutger.54)"/>
      <nite:pointer role="type"  href="ar-types.xml#id(art_1)"/>
   </ar>
   <ar nite:id="ES2015c.argumentationrels.Rutger.165">
      <nite:pointer role="source"  href="ES2015c.A.argumentstructs.xml#id(ES2015c.A.argumentstructs.Rutger.2)"/>
      <nite:pointer role="target"  href="ES2015c.B.argumentstructs.xml#id(ES2015c.B.argumentstructs.Rutger.4)"/>
      <nite:pointer role="type"  href="ar-types.xml#id(art_4)"/>
   </ar>
</nite:root>