<?xml version="1.0" encoding="ISO-8859-1" standalone="yes"?>
<nite:root nite:id="ES2013c.argumentationrels" xmlns:nite="http://nite.sourceforge.net/">
   <ar nite:id="ES2013c.argumentationrels.Rutger.1">
      <nite:pointer role="source"  href="ES2013c.A.argumentstructs.xml#id(ES2013c.A.argumentstructs.Rutger.1)"/>
      <nite:pointer role="target"  href="ES2013c.B.argumentstructs.xml#id(ES2013c.B.argumentstructs.Rutger.1)"/>
      <nite:pointer role="type"  href="ar-types.xml#id(art_8)"/>
   </ar>
   <ar nite:id="ES2013c.argumentationrels.Rutger.2">
      <nite:pointer role="source"  href="ES2013c.B.argumentstructs.xml#id(ES2013c.B.argumentstructs.Rutger.1)"/>
      <nite:pointer role="target"  href="ES2013c.B.argumentstructs.xml#id(ES2013c.B.argumentstructs.Rutger.2)"/>
      <nite:pointer role="type"  href="ar-types.xml#id(art_7)"/>
   </ar>
   <ar nite:id="ES2013c.argumentationrels.Rutger.3">
      <nite:pointer role="source"  href="ES2013c.B.argumentstructs.xml#id(ES2013c.B.argumentstructs.Rutger.1)"/>
      <nite:pointer role="target"  href="ES2013c.A.argumentstructs.xml#id(ES2013c.A.argumentstructs.Rutger.2)"/>
      <nite:pointer role="type"  href="ar-types.xml#id(art_1)"/>
   </ar>
   <ar nite:id="ES2013c.argumentationrels.Rutger.4">
      <nite:pointer role="source"  href="ES2013c.A.argumentstructs.xml#id(ES2013c.A.argumentstructs.Rutger.1)"/>
      <nite:pointer role="target"  href="ES2013c.A.argumentstructs.xml#id(ES2013c.A.argumentstructs.Rutger.3)"/>
      <nite:pointer role="type"  href="ar-types.xml#id(art_6)"/>
   </ar>
   <ar nite:id="ES2013c.argumentationrels.Rutger.5">
      <nite:pointer role="source"  href="ES2013c.A.argumentstructs.xml#id(ES2013c.A.argumentstructs.Rutger.3)"/>
      <nite:pointer role="target"  href="ES2013c.D.argumentstructs.xml#id(ES2013c.D.argumentstructs.Rutger.1)"/>
      <nite:pointer role="type"  href="ar-types.xml#id(art_1)"/>
   </ar>
   <ar nite:id="ES2013c.argumentationrels.Rutger.6">
      <nite:pointer role="source"  href="ES2013c.A.argumentstructs.xml#id(ES2013c.A.argumentstructs.Rutger.3)"/>
      <nite:pointer role="target"  href="ES2013c.C.argumentstructs.xml#id(ES2013c.C.argumentstructs.Rutger.1)"/>
      <nite:pointer role="type"  href="ar-types.xml#id(art_1)"/>
   </ar>
   <ar nite:id="ES2013c.argumentationrels.Rutger.7">
      <nite:pointer role="source"  href="ES2013c.A.argumentstructs.xml#id(ES2013c.A.argumentstructs.Rutger.3)"/>
      <nite:pointer role="target"  href="ES2013c.D.argumentstructs.xml#id(ES2013c.D.argumentstructs.Rutger.2)"/>
      <nite:pointer role="type"  href="ar-types.xml#id(art_1)"/>
   </ar>
   <ar nite:id="ES2013c.argumentationrels.Rutger.8">
      <nite:pointer role="source"  href="ES2013c.A.argumentstructs.xml#id(ES2013c.A.argumentstructs.Rutger.3)"/>
      <nite:pointer role="target"  href="ES2013c.C.argumentstructs.xml#id(ES2013c.C.argumentstructs.Rutger.2)"/>
      <nite:pointer role="type"  href="ar-types.xml#id(art_1)"/>
   </ar>
   <ar nite:id="ES2013c.argumentationrels.Rutger.9">
      <nite:pointer role="source"  href="ES2013c.A.argumentstructs.xml#id(ES2013c.A.argumentstructs.Rutger.3)"/>
      <nite:pointer role="target"  href="ES2013c.A.argumentstructs.xml#id(ES2013c.A.argumentstructs.Rutger.4)"/>
      <nite:pointer role="type"  href="ar-types.xml#id(art_6)"/>
   </ar>
   <ar nite:id="ES2013c.argumentationrels.Rutger.10">
      <nite:pointer role="source"  href="ES2013c.A.argumentstructs.xml#id(ES2013c.A.argumentstructs.Rutger.4)"/>
      <nite:pointer role="target"  href="ES2013c.C.argumentstructs.xml#id(ES2013c.C.argumentstructs.Rutger.3)"/>
      <nite:pointer role="type"  href="ar-types.xml#id(art_7)"/>
   </ar>
   <ar nite:id="ES2013c.argumentationrels.Rutger.11">
      <nite:pointer role="source"  href="ES2013c.C.argumentstructs.xml#id(ES2013c.C.argumentstructs.Rutger.3)"/>
      <nite:pointer role="target"  href="ES2013c.D.argumentstructs.xml#id(ES2013c.D.argumentstructs.Rutger.3)"/>
      <nite:pointer role="type"  href="ar-types.xml#id(art_1)"/>
   </ar>
   <ar nite:id="ES2013c.argumentationrels.Rutger.12">
      <nite:pointer role="source"  href="ES2013c.A.argumentstructs.xml#id(ES2013c.A.argumentstructs.Rutger.4)"/>
      <nite:pointer role="target"  href="ES2013c.B.argumentstructs.xml#id(ES2013c.B.argumentstructs.Rutger.3)"/>
      <nite:pointer role="type"  href="ar-types.xml#id(art_7)"/>
   </ar>
   <ar nite:id="ES2013c.argumentationrels.Rutger.13">
      <nite:pointer role="type"  href="ar-types.xml#id(art_1)"/>
      <nite:pointer role="source"  href="ES2013c.B.argumentstructs.xml#id(ES2013c.B.argumentstructs.Rutger.3)"/>
      <nite:pointer role="target"  href="ES2013c.D.argumentstructs.xml#id(ES2013c.D.argumentstructs.Rutger.4)"/>
   </ar>
   <ar nite:id="ES2013c.argumentationrels.Rutger.14">
      <nite:pointer role="source"  href="ES2013c.B.argumentstructs.xml#id(ES2013c.B.argumentstructs.Rutger.3)"/>
      <nite:pointer role="target"  href="ES2013c.D.argumentstructs.xml#id(ES2013c.D.argumentstructs.Rutger.5)"/>
      <nite:pointer role="type"  href="ar-types.xml#id(art_2)"/>
   </ar>
   <ar nite:id="ES2013c.argumentationrels.Rutger.15">
      <nite:pointer role="source"  href="ES2013c.D.argumentstructs.xml#id(ES2013c.D.argumentstructs.Rutger.5)"/>
      <nite:pointer role="target"  href="ES2013c.C.argumentstructs.xml#id(ES2013c.C.argumentstructs.Rutger.5)"/>
      <nite:pointer role="type"  href="ar-types.xml#id(art_6)"/>
   </ar>
   <ar nite:id="ES2013c.argumentationrels.Rutger.16">
      <nite:pointer role="type"  href="ar-types.xml#id(art_1)"/>
      <nite:pointer role="source"  href="ES2013c.C.argumentstructs.xml#id(ES2013c.C.argumentstructs.Rutger.5)"/>
      <nite:pointer role="target"  href="ES2013c.B.argumentstructs.xml#id(ES2013c.B.argumentstructs.Rutger.4)"/>
   </ar>
   <ar nite:id="ES2013c.argumentationrels.Rutger.17">
      <nite:pointer role="type"  href="ar-types.xml#id(art_1)"/>
      <nite:pointer role="source"  href="ES2013c.C.argumentstructs.xml#id(ES2013c.C.argumentstructs.Rutger.5)"/>
      <nite:pointer role="target"  href="ES2013c.B.argumentstructs.xml#id(ES2013c.B.argumentstructs.Rutger.5)"/>
   </ar>
   <ar nite:id="ES2013c.argumentationrels.Rutger.18">
      <nite:pointer role="type"  href="ar-types.xml#id(art_1)"/>
      <nite:pointer role="source"  href="ES2013c.B.argumentstructs.xml#id(ES2013c.B.argumentstructs.Rutger.5)"/>
      <nite:pointer role="target"  href="ES2013c.C.argumentstructs.xml#id(ES2013c.C.argumentstructs.Rutger.6)"/>
   </ar>
</nite:root>