<?xml version="1.0" encoding="ISO-8859-1" standalone="yes"?>
<nite:root nite:id="ES2004d.argumentationrels" xmlns:nite="http://nite.sourceforge.net/">
   <ar nite:id="ES2004d.argumentationrels.Erik.1">
      <nite:pointer role="source"  href="ES2004d.B.argumentstructs.xml#id(ES2004d.B.argumentstructs.Erik.1)"/>
      <nite:pointer role="target"  href="ES2004d.C.argumentstructs.xml#id(ES2004d.C.argumentstructs.Erik.1)"/>
      <nite:pointer role="type"  href="ar-types.xml#id(art_1)"/>
   </ar>
   <ar nite:id="ES2004d.argumentationrels.Erik.2">
      <nite:pointer role="source"  href="ES2004d.B.argumentstructs.xml#id(ES2004d.B.argumentstructs.Erik.1)"/>
      <nite:pointer role="target"  href="ES2004d.A.argumentstructs.xml#id(ES2004d.A.argumentstructs.Erik.1)"/>
      <nite:pointer role="type"  href="ar-types.xml#id(art_1)"/>
   </ar>
   <ar nite:id="ES2004d.argumentationrels.Erik.3">
      <nite:pointer role="source"  href="ES2004d.A.argumentstructs.xml#id(ES2004d.A.argumentstructs.Erik.1)"/>
      <nite:pointer role="target"  href="ES2004d.C.argumentstructs.xml#id(ES2004d.C.argumentstructs.Erik.2)"/>
      <nite:pointer role="type"  href="ar-types.xml#id(art_2)"/>
   </ar>
   <ar nite:id="ES2004d.argumentationrels.Erik.4">
      <nite:pointer role="source"  href="ES2004d.C.argumentstructs.xml#id(ES2004d.C.argumentstructs.Erik.2)"/>
      <nite:pointer role="target"  href="ES2004d.A.argumentstructs.xml#id(ES2004d.A.argumentstructs.Erik.2)"/>
      <nite:pointer role="type"  href="ar-types.xml#id(art_2)"/>
   </ar>
   <ar nite:id="ES2004d.argumentationrels.Erik.5">
      <nite:pointer role="source"  href="ES2004d.A.argumentstructs.xml#id(ES2004d.A.argumentstructs.Erik.2)"/>
      <nite:pointer role="target"  href="ES2004d.C.argumentstructs.xml#id(ES2004d.C.argumentstructs.Erik.3)"/>
      <nite:pointer role="type"  href="ar-types.xml#id(art_1)"/>
   </ar>
   <ar nite:id="ES2004d.argumentationrels.Erik.6">
      <nite:pointer role="source"  href="ES2004d.A.argumentstructs.xml#id(ES2004d.A.argumentstructs.Erik.2)"/>
      <nite:pointer role="target"  href="ES2004d.B.argumentstructs.xml#id(ES2004d.B.argumentstructs.Erik.2)"/>
      <nite:pointer role="type"  href="ar-types.xml#id(art_9)"/>
   </ar>
   <ar nite:id="ES2004d.argumentationrels.Erik.7">
      <nite:pointer role="source"  href="ES2004d.B.argumentstructs.xml#id(ES2004d.B.argumentstructs.Erik.2)"/>
      <nite:pointer role="target"  href="ES2004d.A.argumentstructs.xml#id(ES2004d.A.argumentstructs.Erik.3)"/>
      <nite:pointer role="type"  href="ar-types.xml#id(art_1)"/>
   </ar>
   <ar nite:id="ES2004d.argumentationrels.Erik.8">
      <nite:pointer role="source"  href="ES2004d.B.argumentstructs.xml#id(ES2004d.B.argumentstructs.Erik.2)"/>
      <nite:pointer role="target"  href="ES2004d.A.argumentstructs.xml#id(ES2004d.A.argumentstructs.Erik.4)"/>
      <nite:pointer role="type"  href="ar-types.xml#id(art_1)"/>
   </ar>
   <ar nite:id="ES2004d.argumentationrels.Erik.9">
      <nite:pointer role="source"  href="ES2004d.A.argumentstructs.xml#id(ES2004d.A.argumentstructs.Erik.4)"/>
      <nite:pointer role="target"  href="ES2004d.C.argumentstructs.xml#id(ES2004d.C.argumentstructs.Erik.4)"/>
      <nite:pointer role="type"  href="ar-types.xml#id(art_1)"/>
   </ar>
   <ar nite:id="ES2004d.argumentationrels.Erik.10">
      <nite:pointer role="source"  href="ES2004d.A.argumentstructs.xml#id(ES2004d.A.argumentstructs.Erik.4)"/>
      <nite:pointer role="target"  href="ES2004d.B.argumentstructs.xml#id(ES2004d.B.argumentstructs.Erik.3)"/>
      <nite:pointer role="type"  href="ar-types.xml#id(art_1)"/>
   </ar>
   <ar nite:id="ES2004d.argumentationrels.Erik.11">
      <nite:pointer role="source"  href="ES2004d.A.argumentstructs.xml#id(ES2004d.A.argumentstructs.Erik.1)"/>
      <nite:pointer role="target"  href="ES2004d.D.argumentstructs.xml#id(ES2004d.D.argumentstructs.Erik.1)"/>
      <nite:pointer role="type"  href="ar-types.xml#id(art_9)"/>
   </ar>
   <ar nite:id="ES2004d.argumentationrels.Erik.12">
      <nite:pointer role="source"  href="ES2004d.D.argumentstructs.xml#id(ES2004d.D.argumentstructs.Erik.1)"/>
      <nite:pointer role="target"  href="ES2004d.A.argumentstructs.xml#id(ES2004d.A.argumentstructs.Erik.5)"/>
      <nite:pointer role="type"  href="ar-types.xml#id(art_4)"/>
   </ar>
   <ar nite:id="ES2004d.argumentationrels.Erik.13">
      <nite:pointer role="source"  href="ES2004d.D.argumentstructs.xml#id(ES2004d.D.argumentstructs.Erik.1)"/>
      <nite:pointer role="target"  href="ES2004d.B.argumentstructs.xml#id(ES2004d.B.argumentstructs.Erik.4)"/>
      <nite:pointer role="type"  href="ar-types.xml#id(art_4)"/>
   </ar>
   <ar nite:id="ES2004d.argumentationrels.Erik.14">
      <nite:pointer role="source"  href="ES2004d.A.argumentstructs.xml#id(ES2004d.A.argumentstructs.Erik.5)"/>
      <nite:pointer role="target"  href="ES2004d.B.argumentstructs.xml#id(ES2004d.B.argumentstructs.Erik.5)"/>
      <nite:pointer role="type"  href="ar-types.xml#id(art_9)"/>
   </ar>
   <ar nite:id="ES2004d.argumentationrels.Erik.15">
      <nite:pointer role="source"  href="ES2004d.B.argumentstructs.xml#id(ES2004d.B.argumentstructs.Erik.5)"/>
      <nite:pointer role="target"  href="ES2004d.C.argumentstructs.xml#id(ES2004d.C.argumentstructs.Erik.5)"/>
      <nite:pointer role="type"  href="ar-types.xml#id(art_2)"/>
   </ar>
   <ar nite:id="ES2004d.argumentationrels.Erik.16">
      <nite:pointer role="source"  href="ES2004d.C.argumentstructs.xml#id(ES2004d.C.argumentstructs.Erik.5)"/>
      <nite:pointer role="target"  href="ES2004d.D.argumentstructs.xml#id(ES2004d.D.argumentstructs.Erik.2)"/>
      <nite:pointer role="type"  href="ar-types.xml#id(art_1)"/>
   </ar>
   <ar nite:id="ES2004d.argumentationrels.Erik.17">
      <nite:pointer role="source"  href="ES2004d.C.argumentstructs.xml#id(ES2004d.C.argumentstructs.Erik.5)"/>
      <nite:pointer role="target"  href="ES2004d.C.argumentstructs.xml#id(ES2004d.C.argumentstructs.Erik.6)"/>
      <nite:pointer role="type"  href="ar-types.xml#id(art_5)"/>
   </ar>
   <ar nite:id="ES2004d.argumentationrels.Erik.18">
      <nite:pointer role="source"  href="ES2004d.C.argumentstructs.xml#id(ES2004d.C.argumentstructs.Erik.6)"/>
      <nite:pointer role="target"  href="ES2004d.D.argumentstructs.xml#id(ES2004d.D.argumentstructs.Erik.3)"/>
      <nite:pointer role="type"  href="ar-types.xml#id(art_9)"/>
   </ar>
   <ar nite:id="ES2004d.argumentationrels.Erik.19">
      <nite:pointer role="source"  href="ES2004d.D.argumentstructs.xml#id(ES2004d.D.argumentstructs.Erik.3)"/>
      <nite:pointer role="target"  href="ES2004d.B.argumentstructs.xml#id(ES2004d.B.argumentstructs.Erik.6)"/>
      <nite:pointer role="type"  href="ar-types.xml#id(art_1)"/>
   </ar>
   <ar nite:id="ES2004d.argumentationrels.Erik.20">
      <nite:pointer role="source"  href="ES2004d.D.argumentstructs.xml#id(ES2004d.D.argumentstructs.Erik.3)"/>
      <nite:pointer role="target"  href="ES2004d.B.argumentstructs.xml#id(ES2004d.B.argumentstructs.Erik.7)"/>
      <nite:pointer role="type"  href="ar-types.xml#id(art_4)"/>
   </ar>
   <ar nite:id="ES2004d.argumentationrels.Erik.21">
      <nite:pointer role="source"  href="ES2004d.B.argumentstructs.xml#id(ES2004d.B.argumentstructs.Erik.7)"/>
      <nite:pointer role="target"  href="ES2004d.C.argumentstructs.xml#id(ES2004d.C.argumentstructs.Erik.7)"/>
      <nite:pointer role="type"  href="ar-types.xml#id(art_1)"/>
   </ar>
</nite:root>