<?xml version="1.0" encoding="ISO-8859-1" standalone="yes"?>
<nite:root nite:id="IS1006b.argumentationrels" xmlns:nite="http://nite.sourceforge.net/">
   <ar nite:id="IS1006b.argumentationrels.Daan.1">
      <nite:pointer role="source"  href="IS1006b.B.argumentstructs.xml#id(IS1006b.B.argumentstructs.Daan.1)"/>
      <nite:pointer role="target"  href="IS1006b.D.argumentstructs.xml#id(IS1006b.D.argumentstructs.Daan.1)"/>
      <nite:pointer role="type"  href="ar-types.xml#id(art_1)"/>
   </ar>
   <ar nite:id="IS1006b.argumentationrels.Daan.2">
      <nite:pointer role="source"  href="IS1006b.D.argumentstructs.xml#id(IS1006b.D.argumentstructs.Daan.1)"/>
      <nite:pointer role="target"  href="IS1006b.B.argumentstructs.xml#id(IS1006b.B.argumentstructs.Daan.2)"/>
      <nite:pointer role="type"  href="ar-types.xml#id(art_7)"/>
   </ar>
   <ar nite:id="IS1006b.argumentationrels.Daan.3">
      <nite:pointer role="source"  href="IS1006b.B.argumentstructs.xml#id(IS1006b.B.argumentstructs.Daan.2)"/>
      <nite:pointer role="target"  href="IS1006b.D.argumentstructs.xml#id(IS1006b.D.argumentstructs.Daan.2)"/>
      <nite:pointer role="type"  href="ar-types.xml#id(art_1)"/>
   </ar>
   <ar nite:id="IS1006b.argumentationrels.Daan.4">
      <nite:pointer role="source"  href="IS1006b.D.argumentstructs.xml#id(IS1006b.D.argumentstructs.Daan.2)"/>
      <nite:pointer role="target"  href="IS1006b.A.argumentstructs.xml#id(IS1006b.A.argumentstructs.Daan.1)"/>
      <nite:pointer role="type"  href="ar-types.xml#id(art_1)"/>
   </ar>
   <ar nite:id="IS1006b.argumentationrels.Daan.6">
      <nite:pointer role="source"  href="IS1006b.D.argumentstructs.xml#id(IS1006b.D.argumentstructs.Daan.4)"/>
      <nite:pointer role="target"  href="IS1006b.B.argumentstructs.xml#id(IS1006b.B.argumentstructs.Daan.4)"/>
      <nite:pointer role="type"  href="ar-types.xml#id(art_2)"/>
   </ar>
   <ar nite:id="IS1006b.argumentationrels.Daan.7">
      <nite:pointer role="source"  href="IS1006b.B.argumentstructs.xml#id(IS1006b.B.argumentstructs.Daan.4)"/>
      <nite:pointer role="target"  href="IS1006b.D.argumentstructs.xml#id(IS1006b.D.argumentstructs.Daan.5)"/>
      <nite:pointer role="type"  href="ar-types.xml#id(art_3)"/>
   </ar>
   <ar nite:id="IS1006b.argumentationrels.Daan.8">
      <nite:pointer role="source"  href="IS1006b.D.argumentstructs.xml#id(IS1006b.D.argumentstructs.Daan.3)"/>
      <nite:pointer role="target"  href="IS1006b.C.argumentstructs.xml#id(IS1006b.C.argumentstructs.Daan.1)"/>
      <nite:pointer role="type"  href="ar-types.xml#id(art_4)"/>
   </ar>
   <ar nite:id="IS1006b.argumentationrels.Daan.9">
      <nite:pointer role="source"  href="IS1006b.C.argumentstructs.xml#id(IS1006b.C.argumentstructs.Daan.1)"/>
      <nite:pointer role="target"  href="IS1006b.D.argumentstructs.xml#id(IS1006b.D.argumentstructs.Daan.6)"/>
      <nite:pointer role="type"  href="ar-types.xml#id(art_3)"/>
   </ar>
   <ar nite:id="IS1006b.argumentationrels.Daan.10">
      <nite:pointer role="source"  href="IS1006b.C.argumentstructs.xml#id(IS1006b.C.argumentstructs.Daan.1)"/>
      <nite:pointer role="target"  href="IS1006b.C.argumentstructs.xml#id(IS1006b.C.argumentstructs.Daan.2)"/>
      <nite:pointer role="type"  href="ar-types.xml#id(art_1)"/>
   </ar>
   <ar nite:id="IS1006b.argumentationrels.Daan.11">
      <nite:pointer role="source"  href="IS1006b.D.argumentstructs.xml#id(IS1006b.D.argumentstructs.Daan.3)"/>
      <nite:pointer role="target"  href="IS1006b.A.argumentstructs.xml#id(IS1006b.A.argumentstructs.Daan.2)"/>
      <nite:pointer role="type"  href="ar-types.xml#id(art_4)"/>
   </ar>
   <ar nite:id="IS1006b.argumentationrels.Daan.12">
      <nite:pointer role="source"  href="IS1006b.A.argumentstructs.xml#id(IS1006b.A.argumentstructs.Daan.2)"/>
      <nite:pointer role="target"  href="IS1006b.C.argumentstructs.xml#id(IS1006b.C.argumentstructs.Daan.3)"/>
      <nite:pointer role="type"  href="ar-types.xml#id(art_3)"/>
   </ar>
   <ar nite:id="IS1006b.argumentationrels.Daan.13">
      <nite:pointer role="source"  href="IS1006b.D.argumentstructs.xml#id(IS1006b.D.argumentstructs.Daan.3)"/>
      <nite:pointer role="target"  href="IS1006b.B.argumentstructs.xml#id(IS1006b.B.argumentstructs.Daan.5)"/>
      <nite:pointer role="type"  href="ar-types.xml#id(art_4)"/>
   </ar>
   <ar nite:id="IS1006b.argumentationrels.Daan.14">
      <nite:pointer role="source"  href="IS1006b.B.argumentstructs.xml#id(IS1006b.B.argumentstructs.Daan.5)"/>
      <nite:pointer role="target"  href="IS1006b.D.argumentstructs.xml#id(IS1006b.D.argumentstructs.Daan.7)"/>
      <nite:pointer role="type"  href="ar-types.xml#id(art_1)"/>
   </ar>
   <ar nite:id="IS1006b.argumentationrels.Daan.15">
      <nite:pointer role="source"  href="IS1006b.D.argumentstructs.xml#id(IS1006b.D.argumentstructs.Daan.6)"/>
      <nite:pointer role="target"  href="IS1006b.A.argumentstructs.xml#id(IS1006b.A.argumentstructs.Daan.3)"/>
      <nite:pointer role="type"  href="ar-types.xml#id(art_1)"/>
   </ar>
   <ar nite:id="IS1006b.argumentationrels.Daan.16">
      <nite:pointer role="source"  href="IS1006b.A.argumentstructs.xml#id(IS1006b.A.argumentstructs.Daan.3)"/>
      <nite:pointer role="target"  href="IS1006b.B.argumentstructs.xml#id(IS1006b.B.argumentstructs.Daan.6)"/>
      <nite:pointer role="type"  href="ar-types.xml#id(art_1)"/>
   </ar>
   <ar nite:id="IS1006b.argumentationrels.Daan.17">
      <nite:pointer role="source"  href="IS1006b.D.argumentstructs.xml#id(IS1006b.D.argumentstructs.Daan.3)"/>
      <nite:pointer role="target"  href="IS1006b.D.argumentstructs.xml#id(IS1006b.D.argumentstructs.Daan.4)"/>
      <nite:pointer role="type"  href="ar-types.xml#id(art_6)"/>
   </ar>
</nite:root>