<?xml version="1.0" encoding="ISO-8859-1" standalone="yes"?>
<nite:root nite:id="IS1008c.argumentationrels" xmlns:nite="http://nite.sourceforge.net/">
   <ar nite:id="IS1008c.argumentationrels.Daan.1">
      <nite:pointer role="source"  href="IS1008c.A.argumentstructs.xml#id(IS1008c.A.argumentstructs.Daan.1)"/>
      <nite:pointer role="target"  href="IS1008c.D.argumentstructs.xml#id(IS1008c.D.argumentstructs.Daan.1)"/>
      <nite:pointer role="type"  href="ar-types.xml#id(art_4)"/>
   </ar>
   <ar nite:id="IS1008c.argumentationrels.Daan.2">
      <nite:pointer role="source"  href="IS1008c.D.argumentstructs.xml#id(IS1008c.D.argumentstructs.Daan.1)"/>
      <nite:pointer role="target"  href="IS1008c.D.argumentstructs.xml#id(IS1008c.D.argumentstructs.Daan.2)"/>
      <nite:pointer role="type"  href="ar-types.xml#id(art_5)"/>
   </ar>
   <ar nite:id="IS1008c.argumentationrels.Daan.3">
      <nite:pointer role="type"  href="ar-types.xml#id(art_1)"/>
      <nite:pointer role="source"  href="IS1008c.D.argumentstructs.xml#id(IS1008c.D.argumentstructs.Daan.2)"/>
      <nite:pointer role="target"  href="IS1008c.D.argumentstructs.xml#id(IS1008c.D.argumentstructs.Daan.3)"/>
   </ar>
   <ar nite:id="IS1008c.argumentationrels.Daan.4">
      <nite:pointer role="source"  href="IS1008c.C.argumentstructs.xml#id(IS1008c.C.argumentstructs.Daan.1)"/>
      <nite:pointer role="target"  href="IS1008c.B.argumentstructs.xml#id(IS1008c.B.argumentstructs.Daan.1)"/>
      <nite:pointer role="type"  href="ar-types.xml#id(art_5)"/>
   </ar>
   <ar nite:id="IS1008c.argumentationrels.Daan.5">
      <nite:pointer role="source"  href="IS1008c.C.argumentstructs.xml#id(IS1008c.C.argumentstructs.Daan.1)"/>
      <nite:pointer role="target"  href="IS1008c.C.argumentstructs.xml#id(IS1008c.C.argumentstructs.Daan.2)"/>
      <nite:pointer role="type"  href="ar-types.xml#id(art_5)"/>
   </ar>
   <ar nite:id="IS1008c.argumentationrels.Daan.6">
      <nite:pointer role="source"  href="IS1008c.C.argumentstructs.xml#id(IS1008c.C.argumentstructs.Daan.1)"/>
      <nite:pointer role="target"  href="IS1008c.D.argumentstructs.xml#id(IS1008c.D.argumentstructs.Daan.4)"/>
      <nite:pointer role="type"  href="ar-types.xml#id(art_7)"/>
   </ar>
   <ar nite:id="IS1008c.argumentationrels.Daan.7">
      <nite:pointer role="source"  href="IS1008c.D.argumentstructs.xml#id(IS1008c.D.argumentstructs.Daan.4)"/>
      <nite:pointer role="target"  href="IS1008c.C.argumentstructs.xml#id(IS1008c.C.argumentstructs.Daan.3)"/>
      <nite:pointer role="type"  href="ar-types.xml#id(art_5)"/>
   </ar>
   <ar nite:id="IS1008c.argumentationrels.Daan.8">
      <nite:pointer role="source"  href="IS1008c.C.argumentstructs.xml#id(IS1008c.C.argumentstructs.Daan.1)"/>
      <nite:pointer role="target"  href="IS1008c.B.argumentstructs.xml#id(IS1008c.B.argumentstructs.Daan.2)"/>
      <nite:pointer role="type"  href="ar-types.xml#id(art_3)"/>
   </ar>
   <ar nite:id="IS1008c.argumentationrels.Daan.9">
      <nite:pointer role="source"  href="IS1008c.B.argumentstructs.xml#id(IS1008c.B.argumentstructs.Daan.2)"/>
      <nite:pointer role="target"  href="IS1008c.C.argumentstructs.xml#id(IS1008c.C.argumentstructs.Daan.4)"/>
      <nite:pointer role="type"  href="ar-types.xml#id(art_1)"/>
   </ar>
   <ar nite:id="IS1008c.argumentationrels.Daan.10">
      <nite:pointer role="source"  href="IS1008c.B.argumentstructs.xml#id(IS1008c.B.argumentstructs.Daan.2)"/>
      <nite:pointer role="target"  href="IS1008c.C.argumentstructs.xml#id(IS1008c.C.argumentstructs.Daan.5)"/>
      <nite:pointer role="type"  href="ar-types.xml#id(art_5)"/>
   </ar>
   <ar nite:id="IS1008c.argumentationrels.Daan.11">
      <nite:pointer role="source"  href="IS1008c.C.argumentstructs.xml#id(IS1008c.C.argumentstructs.Daan.1)"/>
      <nite:pointer role="target"  href="IS1008c.D.argumentstructs.xml#id(IS1008c.D.argumentstructs.Daan.5)"/>
      <nite:pointer role="type"  href="ar-types.xml#id(art_1)"/>
   </ar>
   <ar nite:id="IS1008c.argumentationrels.Daan.12">
      <nite:pointer role="source"  href="IS1008c.D.argumentstructs.xml#id(IS1008c.D.argumentstructs.Daan.5)"/>
      <nite:pointer role="target"  href="IS1008c.B.argumentstructs.xml#id(IS1008c.B.argumentstructs.Daan.3)"/>
      <nite:pointer role="type"  href="ar-types.xml#id(art_3)"/>
   </ar>
   <ar nite:id="IS1008c.argumentationrels.Daan.13">
      <nite:pointer role="source"  href="IS1008c.A.argumentstructs.xml#id(IS1008c.A.argumentstructs.Daan.2)"/>
      <nite:pointer role="target"  href="IS1008c.A.argumentstructs.xml#id(IS1008c.A.argumentstructs.Daan.3)"/>
      <nite:pointer role="type"  href="ar-types.xml#id(art_5)"/>
   </ar>
   <ar nite:id="IS1008c.argumentationrels.Daan.14">
      <nite:pointer role="source"  href="IS1008c.A.argumentstructs.xml#id(IS1008c.A.argumentstructs.Daan.3)"/>
      <nite:pointer role="target"  href="IS1008c.B.argumentstructs.xml#id(IS1008c.B.argumentstructs.Daan.4)"/>
      <nite:pointer role="type"  href="ar-types.xml#id(art_3)"/>
   </ar>
   <ar nite:id="IS1008c.argumentationrels.Daan.15">
      <nite:pointer role="source"  href="IS1008c.B.argumentstructs.xml#id(IS1008c.B.argumentstructs.Daan.4)"/>
      <nite:pointer role="target"  href="IS1008c.B.argumentstructs.xml#id(IS1008c.B.argumentstructs.Daan.5)"/>
      <nite:pointer role="type"  href="ar-types.xml#id(art_5)"/>
   </ar>
   <ar nite:id="IS1008c.argumentationrels.Daan.16">
      <nite:pointer role="source"  href="IS1008c.B.argumentstructs.xml#id(IS1008c.B.argumentstructs.Daan.5)"/>
      <nite:pointer role="target"  href="IS1008c.B.argumentstructs.xml#id(IS1008c.B.argumentstructs.Daan.6)"/>
      <nite:pointer role="type"  href="ar-types.xml#id(art_5)"/>
   </ar>
   <ar nite:id="IS1008c.argumentationrels.Daan.17">
      <nite:pointer role="source"  href="IS1008c.A.argumentstructs.xml#id(IS1008c.A.argumentstructs.Daan.3)"/>
      <nite:pointer role="target"  href="IS1008c.B.argumentstructs.xml#id(IS1008c.B.argumentstructs.Daan.7)"/>
      <nite:pointer role="type"  href="ar-types.xml#id(art_7)"/>
   </ar>
   <ar nite:id="IS1008c.argumentationrels.Daan.18">
      <nite:pointer role="source"  href="IS1008c.B.argumentstructs.xml#id(IS1008c.B.argumentstructs.Daan.7)"/>
      <nite:pointer role="target"  href="IS1008c.B.argumentstructs.xml#id(IS1008c.B.argumentstructs.Daan.8)"/>
      <nite:pointer role="type"  href="ar-types.xml#id(art_5)"/>
   </ar>
   <ar nite:id="IS1008c.argumentationrels.Daan.19">
      <nite:pointer role="source"  href="IS1008c.A.argumentstructs.xml#id(IS1008c.A.argumentstructs.Daan.3)"/>
      <nite:pointer role="target"  href="IS1008c.C.argumentstructs.xml#id(IS1008c.C.argumentstructs.Daan.6)"/>
      <nite:pointer role="type"  href="ar-types.xml#id(art_7)"/>
   </ar>
   <ar nite:id="IS1008c.argumentationrels.Daan.20">
      <nite:pointer role="source"  href="IS1008c.C.argumentstructs.xml#id(IS1008c.C.argumentstructs.Daan.6)"/>
      <nite:pointer role="target"  href="IS1008c.D.argumentstructs.xml#id(IS1008c.D.argumentstructs.Daan.6)"/>
      <nite:pointer role="type"  href="ar-types.xml#id(art_2)"/>
   </ar>
   <ar nite:id="IS1008c.argumentationrels.Daan.23">
      <nite:pointer role="source"  href="IS1008c.A.argumentstructs.xml#id(IS1008c.A.argumentstructs.Daan.3)"/>
      <nite:pointer role="target"  href="IS1008c.C.argumentstructs.xml#id(IS1008c.C.argumentstructs.Daan.8)"/>
      <nite:pointer role="type"  href="ar-types.xml#id(art_7)"/>
   </ar>
   <ar nite:id="IS1008c.argumentationrels.Daan.24">
      <nite:pointer role="source"  href="IS1008c.C.argumentstructs.xml#id(IS1008c.C.argumentstructs.Daan.8)"/>
      <nite:pointer role="target"  href="IS1008c.C.argumentstructs.xml#id(IS1008c.C.argumentstructs.Daan.9)"/>
      <nite:pointer role="type"  href="ar-types.xml#id(art_4)"/>
   </ar>
   <ar nite:id="IS1008c.argumentationrels.Daan.25">
      <nite:pointer role="source"  href="IS1008c.C.argumentstructs.xml#id(IS1008c.C.argumentstructs.Daan.8)"/>
      <nite:pointer role="target"  href="IS1008c.D.argumentstructs.xml#id(IS1008c.D.argumentstructs.Daan.8)"/>
      <nite:pointer role="type"  href="ar-types.xml#id(art_4)"/>
   </ar>
   <ar nite:id="IS1008c.argumentationrels.Daan.26">
      <nite:pointer role="source"  href="IS1008c.C.argumentstructs.xml#id(IS1008c.C.argumentstructs.Daan.8)"/>
      <nite:pointer role="target"  href="IS1008c.B.argumentstructs.xml#id(IS1008c.B.argumentstructs.Daan.9)"/>
      <nite:pointer role="type"  href="ar-types.xml#id(art_5)"/>
   </ar>
   <ar nite:id="IS1008c.argumentationrels.Daan.27">
      <nite:pointer role="source"  href="IS1008c.B.argumentstructs.xml#id(IS1008c.B.argumentstructs.Daan.9)"/>
      <nite:pointer role="target"  href="IS1008c.B.argumentstructs.xml#id(IS1008c.B.argumentstructs.Daan.10)"/>
      <nite:pointer role="type"  href="ar-types.xml#id(art_5)"/>
   </ar>
   <ar nite:id="IS1008c.argumentationrels.Daan.28">
      <nite:pointer role="source"  href="IS1008c.B.argumentstructs.xml#id(IS1008c.B.argumentstructs.Daan.10)"/>
      <nite:pointer role="target"  href="IS1008c.C.argumentstructs.xml#id(IS1008c.C.argumentstructs.Daan.10)"/>
      <nite:pointer role="type"  href="ar-types.xml#id(art_2)"/>
   </ar>
   <ar nite:id="IS1008c.argumentationrels.Daan.29">
      <nite:pointer role="source"  href="IS1008c.B.argumentstructs.xml#id(IS1008c.B.argumentstructs.Daan.10)"/>
      <nite:pointer role="target"  href="IS1008c.A.argumentstructs.xml#id(IS1008c.A.argumentstructs.Daan.4)"/>
      <nite:pointer role="type"  href="ar-types.xml#id(art_2)"/>
   </ar>
   <ar nite:id="IS1008c.argumentationrels.Daan.30">
      <nite:pointer role="source"  href="IS1008c.A.argumentstructs.xml#id(IS1008c.A.argumentstructs.Daan.4)"/>
      <nite:pointer role="target"  href="IS1008c.A.argumentstructs.xml#id(IS1008c.A.argumentstructs.Daan.5)"/>
      <nite:pointer role="type"  href="ar-types.xml#id(art_5)"/>
   </ar>
   <ar nite:id="IS1008c.argumentationrels.Daan.31">
      <nite:pointer role="source"  href="IS1008c.A.argumentstructs.xml#id(IS1008c.A.argumentstructs.Daan.6)"/>
      <nite:pointer role="target"  href="IS1008c.B.argumentstructs.xml#id(IS1008c.B.argumentstructs.Daan.11)"/>
      <nite:pointer role="type"  href="ar-types.xml#id(art_1)"/>
   </ar>
   <ar nite:id="IS1008c.argumentationrels.Daan.33">
      <nite:pointer role="source"  href="IS1008c.A.argumentstructs.xml#id(IS1008c.A.argumentstructs.Daan.3)"/>
      <nite:pointer role="target"  href="IS1008c.A.argumentstructs.xml#id(IS1008c.A.argumentstructs.Daan.6)"/>
      <nite:pointer role="type"  href="ar-types.xml#id(art_7)"/>
   </ar>
   <ar nite:id="IS1008c.argumentationrels.Daan.34">
      <nite:pointer role="source"  href="IS1008c.A.argumentstructs.xml#id(IS1008c.A.argumentstructs.Daan.6)"/>
      <nite:pointer role="target"  href="IS1008c.B.argumentstructs.xml#id(IS1008c.B.argumentstructs.Daan.12)"/>
      <nite:pointer role="type"  href="ar-types.xml#id(art_1)"/>
   </ar>
   <ar nite:id="IS1008c.argumentationrels.Daan.36">
      <nite:pointer role="source"  href="IS1008c.D.argumentstructs.xml#id(IS1008c.D.argumentstructs.Daan.6)"/>
      <nite:pointer role="target"  href="IS1008c.C.argumentstructs.xml#id(IS1008c.C.argumentstructs.Daan.7)"/>
      <nite:pointer role="type"  href="ar-types.xml#id(art_9)"/>
   </ar>
   <ar nite:id="IS1008c.argumentationrels.Daan.37">
      <nite:pointer role="source"  href="IS1008c.C.argumentstructs.xml#id(IS1008c.C.argumentstructs.Daan.7)"/>
      <nite:pointer role="target"  href="IS1008c.D.argumentstructs.xml#id(IS1008c.D.argumentstructs.Daan.7)"/>
      <nite:pointer role="type"  href="ar-types.xml#id(art_2)"/>
   </ar>
</nite:root>