<?xml version="1.0" encoding="ISO-8859-1" standalone="yes"?>
<nite:root nite:id="IS1001a.argumentationrels" xmlns:nite="http://nite.sourceforge.net/">
   <ar nite:id="IS1001a.argumentationrels.Rutger.1">
      <nite:pointer role="source"  href="IS1001a.A.argumentstructs.xml#id(IS1001a.A.argumentstructs.Rutger.1)"/>
      <nite:pointer role="target"  href="IS1001a.B.argumentstructs.xml#id(IS1001a.B.argumentstructs.Rutger.1)"/>
      <nite:pointer role="type"  href="ar-types.xml#id(art_6)"/>
   </ar>
   <ar nite:id="IS1001a.argumentationrels.Rutger.2">
      <nite:pointer role="source"  href="IS1001a.A.argumentstructs.xml#id(IS1001a.A.argumentstructs.Rutger.1)"/>
      <nite:pointer role="target"  href="IS1001a.C.argumentstructs.xml#id(IS1001a.C.argumentstructs.Rutger.1)"/>
      <nite:pointer role="type"  href="ar-types.xml#id(art_3)"/>
   </ar>
   <ar nite:id="IS1001a.argumentationrels.Rutger.4">
      <nite:pointer role="source"  href="IS1001a.A.argumentstructs.xml#id(IS1001a.A.argumentstructs.Rutger.2)"/>
      <nite:pointer role="target"  href="IS1001a.C.argumentstructs.xml#id(IS1001a.C.argumentstructs.Rutger.2)"/>
      <nite:pointer role="type"  href="ar-types.xml#id(art_9)"/>
   </ar>
   <ar nite:id="IS1001a.argumentationrels.Rutger.5">
      <nite:pointer role="source"  href="IS1001a.A.argumentstructs.xml#id(IS1001a.A.argumentstructs.Rutger.2)"/>
      <nite:pointer role="target"  href="IS1001a.A.argumentstructs.xml#id(IS1001a.A.argumentstructs.Rutger.3)"/>
      <nite:pointer role="type"  href="ar-types.xml#id(art_5)"/>
   </ar>
   <ar nite:id="IS1001a.argumentationrels.Rutger.6">
      <nite:pointer role="source"  href="IS1001a.A.argumentstructs.xml#id(IS1001a.A.argumentstructs.Rutger.2)"/>
      <nite:pointer role="target"  href="IS1001a.B.argumentstructs.xml#id(IS1001a.B.argumentstructs.Rutger.2)"/>
      <nite:pointer role="type"  href="ar-types.xml#id(art_2)"/>
   </ar>
   <ar nite:id="IS1001a.argumentationrels.Rutger.9">
      <nite:pointer role="source"  href="IS1001a.A.argumentstructs.xml#id(IS1001a.A.argumentstructs.Rutger.5)"/>
      <nite:pointer role="target"  href="IS1001a.C.argumentstructs.xml#id(IS1001a.C.argumentstructs.Rutger.3)"/>
      <nite:pointer role="type"  href="ar-types.xml#id(art_1)"/>
   </ar>
   <ar nite:id="IS1001a.argumentationrels.Rutger.12">
      <nite:pointer role="source"  href="IS1001a.B.argumentstructs.xml#id(IS1001a.B.argumentstructs.Rutger.2)"/>
      <nite:pointer role="target"  href="IS1001a.A.argumentstructs.xml#id(IS1001a.A.argumentstructs.Rutger.4)"/>
      <nite:pointer role="type"  href="ar-types.xml#id(art_2)"/>
   </ar>
   <ar nite:id="IS1001a.argumentationrels.Rutger.14">
      <nite:pointer role="source"  href="IS1001a.A.argumentstructs.xml#id(IS1001a.A.argumentstructs.Rutger.5)"/>
      <nite:pointer role="target"  href="IS1001a.B.argumentstructs.xml#id(IS1001a.B.argumentstructs.Rutger.3)"/>
      <nite:pointer role="type"  href="ar-types.xml#id(art_2)"/>
   </ar>
   <ar nite:id="IS1001a.argumentationrels.Rutger.15">
      <nite:pointer role="source"  href="IS1001a.A.argumentstructs.xml#id(IS1001a.A.argumentstructs.Rutger.1)"/>
      <nite:pointer role="target"  href="IS1001a.A.argumentstructs.xml#id(IS1001a.A.argumentstructs.Rutger.2)"/>
      <nite:pointer role="type"  href="ar-types.xml#id(art_4)"/>
   </ar>
   <ar nite:id="IS1001a.argumentationrels.Rutger.21">
      <nite:pointer role="source"  href="IS1001a.A.argumentstructs.xml#id(IS1001a.A.argumentstructs.Rutger.7)"/>
      <nite:pointer role="target"  href="IS1001a.C.argumentstructs.xml#id(IS1001a.C.argumentstructs.Rutger.4)"/>
      <nite:pointer role="type"  href="ar-types.xml#id(art_1)"/>
   </ar>
   <ar nite:id="IS1001a.argumentationrels.Rutger.22">
      <nite:pointer role="source"  href="IS1001a.A.argumentstructs.xml#id(IS1001a.A.argumentstructs.Rutger.7)"/>
      <nite:pointer role="target"  href="IS1001a.A.argumentstructs.xml#id(IS1001a.A.argumentstructs.Rutger.8)"/>
      <nite:pointer role="type"  href="ar-types.xml#id(art_5)"/>
   </ar>
   <ar nite:id="IS1001a.argumentationrels.Rutger.24">
      <nite:pointer role="source"  href="IS1001a.A.argumentstructs.xml#id(IS1001a.A.argumentstructs.Rutger.2)"/>
      <nite:pointer role="target"  href="IS1001a.A.argumentstructs.xml#id(IS1001a.A.argumentstructs.Rutger.5)"/>
      <nite:pointer role="type"  href="ar-types.xml#id(art_4)"/>
   </ar>
   <ar nite:id="IS1001a.argumentationrels.Rutger.25">
      <nite:pointer role="source"  href="IS1001a.A.argumentstructs.xml#id(IS1001a.A.argumentstructs.Rutger.5)"/>
      <nite:pointer role="target"  href="IS1001a.A.argumentstructs.xml#id(IS1001a.A.argumentstructs.Rutger.7)"/>
      <nite:pointer role="type"  href="ar-types.xml#id(art_5)"/>
   </ar>
</nite:root>