<?xml version="1.0" encoding="ISO-8859-1" standalone="yes"?>
<nite:root nite:id="IS1005a.argumentationrels" xmlns:nite="http://nite.sourceforge.net/">
   <ar nite:id="IS1005a.argumentationrels.Rutger.1">
      <nite:pointer role="source"  href="IS1005a.B.argumentstructs.xml#id(IS1005a.B.argumentstructs.Rutger.1)"/>
      <nite:pointer role="target"  href="IS1005a.A.argumentstructs.xml#id(IS1005a.A.argumentstructs.Rutger.1)"/>
      <nite:pointer role="type"  href="ar-types.xml#id(art_1)"/>
   </ar>
   <ar nite:id="IS1005a.argumentationrels.Rutger.2">
      <nite:pointer role="source"  href="IS1005a.B.argumentstructs.xml#id(IS1005a.B.argumentstructs.Rutger.1)"/>
      <nite:pointer role="target"  href="IS1005a.D.argumentstructs.xml#id(IS1005a.D.argumentstructs.Rutger.1)"/>
      <nite:pointer role="type"  href="ar-types.xml#id(art_1)"/>
   </ar>
   <ar nite:id="IS1005a.argumentationrels.Rutger.3">
      <nite:pointer role="source"  href="IS1005a.B.argumentstructs.xml#id(IS1005a.B.argumentstructs.Rutger.1)"/>
      <nite:pointer role="target"  href="IS1005a.B.argumentstructs.xml#id(IS1005a.B.argumentstructs.Rutger.2)"/>
      <nite:pointer role="type"  href="ar-types.xml#id(art_5)"/>
   </ar>
   <ar nite:id="IS1005a.argumentationrels.Rutger.4">
      <nite:pointer role="source"  href="IS1005a.B.argumentstructs.xml#id(IS1005a.B.argumentstructs.Rutger.2)"/>
      <nite:pointer role="target"  href="IS1005a.A.argumentstructs.xml#id(IS1005a.A.argumentstructs.Rutger.2)"/>
      <nite:pointer role="type"  href="ar-types.xml#id(art_1)"/>
   </ar>
   <ar nite:id="IS1005a.argumentationrels.Rutger.5">
      <nite:pointer role="source"  href="IS1005a.B.argumentstructs.xml#id(IS1005a.B.argumentstructs.Rutger.2)"/>
      <nite:pointer role="target"  href="IS1005a.D.argumentstructs.xml#id(IS1005a.D.argumentstructs.Rutger.2)"/>
      <nite:pointer role="type"  href="ar-types.xml#id(art_1)"/>
   </ar>
   <ar nite:id="IS1005a.argumentationrels.Rutger.6">
      <nite:pointer role="source"  href="IS1005a.B.argumentstructs.xml#id(IS1005a.B.argumentstructs.Rutger.1)"/>
      <nite:pointer role="target"  href="IS1005a.D.argumentstructs.xml#id(IS1005a.D.argumentstructs.Rutger.3)"/>
      <nite:pointer role="type"  href="ar-types.xml#id(art_9)"/>
   </ar>
   <ar nite:id="IS1005a.argumentationrels.Rutger.8">
      <nite:pointer role="source"  href="IS1005a.D.argumentstructs.xml#id(IS1005a.D.argumentstructs.Rutger.3)"/>
      <nite:pointer role="target"  href="IS1005a.B.argumentstructs.xml#id(IS1005a.B.argumentstructs.Rutger.3)"/>
      <nite:pointer role="type"  href="ar-types.xml#id(art_4)"/>
   </ar>
   <ar nite:id="IS1005a.argumentationrels.Rutger.10">
      <nite:pointer role="source"  href="IS1005a.B.argumentstructs.xml#id(IS1005a.B.argumentstructs.Rutger.1)"/>
      <nite:pointer role="target"  href="IS1005a.A.argumentstructs.xml#id(IS1005a.A.argumentstructs.Rutger.4)"/>
      <nite:pointer role="type"  href="ar-types.xml#id(art_3)"/>
   </ar>
   <ar nite:id="IS1005a.argumentationrels.Rutger.11">
      <nite:pointer role="source"  href="IS1005a.A.argumentstructs.xml#id(IS1005a.A.argumentstructs.Rutger.4)"/>
      <nite:pointer role="target"  href="IS1005a.D.argumentstructs.xml#id(IS1005a.D.argumentstructs.Rutger.4)"/>
      <nite:pointer role="type"  href="ar-types.xml#id(art_1)"/>
   </ar>
   <ar nite:id="IS1005a.argumentationrels.Rutger.12">
      <nite:pointer role="source"  href="IS1005a.A.argumentstructs.xml#id(IS1005a.A.argumentstructs.Rutger.4)"/>
      <nite:pointer role="target"  href="IS1005a.B.argumentstructs.xml#id(IS1005a.B.argumentstructs.Rutger.4)"/>
      <nite:pointer role="type"  href="ar-types.xml#id(art_1)"/>
   </ar>
   <ar nite:id="IS1005a.argumentationrels.Rutger.14">
      <nite:pointer role="source"  href="IS1005a.A.argumentstructs.xml#id(IS1005a.A.argumentstructs.Rutger.5)"/>
      <nite:pointer role="target"  href="IS1005a.B.argumentstructs.xml#id(IS1005a.B.argumentstructs.Rutger.5)"/>
      <nite:pointer role="type"  href="ar-types.xml#id(art_1)"/>
   </ar>
   <ar nite:id="IS1005a.argumentationrels.Rutger.15">
      <nite:pointer role="source"  href="IS1005a.B.argumentstructs.xml#id(IS1005a.B.argumentstructs.Rutger.5)"/>
      <nite:pointer role="target"  href="IS1005a.A.argumentstructs.xml#id(IS1005a.A.argumentstructs.Rutger.6)"/>
      <nite:pointer role="type"  href="ar-types.xml#id(art_1)"/>
   </ar>
   <ar nite:id="IS1005a.argumentationrels.Rutger.16">
      <nite:pointer role="type"  href="ar-types.xml#id(art_1)"/>
      <nite:pointer role="source"  href="IS1005a.B.argumentstructs.xml#id(IS1005a.B.argumentstructs.Rutger.5)"/>
      <nite:pointer role="target"  href="IS1005a.D.argumentstructs.xml#id(IS1005a.D.argumentstructs.Rutger.5)"/>
   </ar>
   <ar nite:id="IS1005a.argumentationrels.Rutger.18">
      <nite:pointer role="source"  href="IS1005a.B.argumentstructs.xml#id(IS1005a.B.argumentstructs.Rutger.4)"/>
      <nite:pointer role="target"  href="IS1005a.A.argumentstructs.xml#id(IS1005a.A.argumentstructs.Rutger.5)"/>
      <nite:pointer role="type"  href="ar-types.xml#id(art_1)"/>
   </ar>
   <ar nite:id="IS1005a.argumentationrels.Rutger.21">
      <nite:pointer role="type"  href="ar-types.xml#id(art_1)"/>
      <nite:pointer role="source"  href="IS1005a.D.argumentstructs.xml#id(IS1005a.D.argumentstructs.Rutger.3)"/>
      <nite:pointer role="target"  href="IS1005a.A.argumentstructs.xml#id(IS1005a.A.argumentstructs.Rutger.3)"/>
   </ar>
</nite:root>