<?xml version="1.0" encoding="ISO-8859-1" standalone="yes"?>
<nite:root nite:id="IS1004b.argumentationrels" xmlns:nite="http://nite.sourceforge.net/">
   <ar nite:id="IS1004b.argumentationrels.Rutger.1">
      <nite:pointer role="source"  href="IS1004b.A.argumentstructs.xml#id(IS1004b.A.argumentstructs.Rutger.1)"/>
      <nite:pointer role="target"  href="IS1004b.C.argumentstructs.xml#id(IS1004b.C.argumentstructs.Rutger.1)"/>
      <nite:pointer role="type"  href="ar-types.xml#id(art_3)"/>
   </ar>
   <ar nite:id="IS1004b.argumentationrels.Rutger.2">
      <nite:pointer role="source"  href="IS1004b.A.argumentstructs.xml#id(IS1004b.A.argumentstructs.Rutger.1)"/>
      <nite:pointer role="target"  href="IS1004b.B.argumentstructs.xml#id(IS1004b.B.argumentstructs.Rutger.1)"/>
      <nite:pointer role="type"  href="ar-types.xml#id(art_4)"/>
   </ar>
   <ar nite:id="IS1004b.argumentationrels.Rutger.3">
      <nite:pointer role="source"  href="IS1004b.B.argumentstructs.xml#id(IS1004b.B.argumentstructs.Rutger.1)"/>
      <nite:pointer role="target"  href="IS1004b.A.argumentstructs.xml#id(IS1004b.A.argumentstructs.Rutger.2)"/>
      <nite:pointer role="type"  href="ar-types.xml#id(art_1)"/>
   </ar>
   <ar nite:id="IS1004b.argumentationrels.Rutger.4">
      <nite:pointer role="source"  href="IS1004b.A.argumentstructs.xml#id(IS1004b.A.argumentstructs.Rutger.1)"/>
      <nite:pointer role="target"  href="IS1004b.A.argumentstructs.xml#id(IS1004b.A.argumentstructs.Rutger.3)"/>
      <nite:pointer role="type"  href="ar-types.xml#id(art_5)"/>
   </ar>
   <ar nite:id="IS1004b.argumentationrels.Rutger.5">
      <nite:pointer role="source"  href="IS1004b.A.argumentstructs.xml#id(IS1004b.A.argumentstructs.Rutger.1)"/>
      <nite:pointer role="target"  href="IS1004b.B.argumentstructs.xml#id(IS1004b.B.argumentstructs.Rutger.2)"/>
      <nite:pointer role="type"  href="ar-types.xml#id(art_7)"/>
   </ar>
   <ar nite:id="IS1004b.argumentationrels.Rutger.9">
      <nite:pointer role="source"  href="IS1004b.A.argumentstructs.xml#id(IS1004b.A.argumentstructs.Rutger.1)"/>
      <nite:pointer role="target"  href="IS1004b.B.argumentstructs.xml#id(IS1004b.B.argumentstructs.Rutger.4)"/>
      <nite:pointer role="type"  href="ar-types.xml#id(art_7)"/>
   </ar>
   <ar nite:id="IS1004b.argumentationrels.Rutger.10">
      <nite:pointer role="source"  href="IS1004b.A.argumentstructs.xml#id(IS1004b.A.argumentstructs.Rutger.1)"/>
      <nite:pointer role="target"  href="IS1004b.D.argumentstructs.xml#id(IS1004b.D.argumentstructs.Rutger.3)"/>
      <nite:pointer role="type"  href="ar-types.xml#id(art_4)"/>
   </ar>
   <ar nite:id="IS1004b.argumentationrels.Rutger.11">
      <nite:pointer role="source"  href="IS1004b.D.argumentstructs.xml#id(IS1004b.D.argumentstructs.Rutger.3)"/>
      <nite:pointer role="target"  href="IS1004b.B.argumentstructs.xml#id(IS1004b.B.argumentstructs.Rutger.5)"/>
      <nite:pointer role="type"  href="ar-types.xml#id(art_9)"/>
   </ar>
   <ar nite:id="IS1004b.argumentationrels.Rutger.12">
      <nite:pointer role="source"  href="IS1004b.D.argumentstructs.xml#id(IS1004b.D.argumentstructs.Rutger.3)"/>
      <nite:pointer role="target"  href="IS1004b.A.argumentstructs.xml#id(IS1004b.A.argumentstructs.Rutger.4)"/>
      <nite:pointer role="type"  href="ar-types.xml#id(art_9)"/>
   </ar>
   <ar nite:id="IS1004b.argumentationrels.Rutger.14">
      <nite:pointer role="source"  href="IS1004b.D.argumentstructs.xml#id(IS1004b.D.argumentstructs.Rutger.3)"/>
      <nite:pointer role="target"  href="IS1004b.D.argumentstructs.xml#id(IS1004b.D.argumentstructs.Rutger.4)"/>
      <nite:pointer role="type"  href="ar-types.xml#id(art_5)"/>
   </ar>
   <ar nite:id="IS1004b.argumentationrels.Rutger.15">
      <nite:pointer role="source"  href="IS1004b.D.argumentstructs.xml#id(IS1004b.D.argumentstructs.Rutger.4)"/>
      <nite:pointer role="target"  href="IS1004b.A.argumentstructs.xml#id(IS1004b.A.argumentstructs.Rutger.5)"/>
      <nite:pointer role="type"  href="ar-types.xml#id(art_9)"/>
   </ar>
   <ar nite:id="IS1004b.argumentationrels.Rutger.16">
      <nite:pointer role="source"  href="IS1004b.A.argumentstructs.xml#id(IS1004b.A.argumentstructs.Rutger.5)"/>
      <nite:pointer role="target"  href="IS1004b.D.argumentstructs.xml#id(IS1004b.D.argumentstructs.Rutger.5)"/>
      <nite:pointer role="type"  href="ar-types.xml#id(art_4)"/>
   </ar>
   <ar nite:id="IS1004b.argumentationrels.Rutger.17">
      <nite:pointer role="source"  href="IS1004b.D.argumentstructs.xml#id(IS1004b.D.argumentstructs.Rutger.5)"/>
      <nite:pointer role="target"  href="IS1004b.A.argumentstructs.xml#id(IS1004b.A.argumentstructs.Rutger.6)"/>
      <nite:pointer role="type"  href="ar-types.xml#id(art_1)"/>
   </ar>
   <ar nite:id="IS1004b.argumentationrels.Rutger.18">
      <nite:pointer role="source"  href="IS1004b.D.argumentstructs.xml#id(IS1004b.D.argumentstructs.Rutger.3)"/>
      <nite:pointer role="target"  href="IS1004b.D.argumentstructs.xml#id(IS1004b.D.argumentstructs.Rutger.6)"/>
      <nite:pointer role="type"  href="ar-types.xml#id(art_2)"/>
   </ar>
   <ar nite:id="IS1004b.argumentationrels.Rutger.19">
      <nite:pointer role="source"  href="IS1004b.D.argumentstructs.xml#id(IS1004b.D.argumentstructs.Rutger.3)"/>
      <nite:pointer role="target"  href="IS1004b.A.argumentstructs.xml#id(IS1004b.A.argumentstructs.Rutger.7)"/>
      <nite:pointer role="type"  href="ar-types.xml#id(art_9)"/>
   </ar>
   <ar nite:id="IS1004b.argumentationrels.Rutger.20">
      <nite:pointer role="source"  href="IS1004b.A.argumentstructs.xml#id(IS1004b.A.argumentstructs.Rutger.7)"/>
      <nite:pointer role="target"  href="IS1004b.B.argumentstructs.xml#id(IS1004b.B.argumentstructs.Rutger.6)"/>
      <nite:pointer role="type"  href="ar-types.xml#id(art_6)"/>
   </ar>
   <ar nite:id="IS1004b.argumentationrels.Rutger.21">
      <nite:pointer role="source"  href="IS1004b.B.argumentstructs.xml#id(IS1004b.B.argumentstructs.Rutger.6)"/>
      <nite:pointer role="target"  href="IS1004b.D.argumentstructs.xml#id(IS1004b.D.argumentstructs.Rutger.7)"/>
      <nite:pointer role="type"  href="ar-types.xml#id(art_4)"/>
   </ar>
   <ar nite:id="IS1004b.argumentationrels.Rutger.22">
      <nite:pointer role="source"  href="IS1004b.D.argumentstructs.xml#id(IS1004b.D.argumentstructs.Rutger.7)"/>
      <nite:pointer role="target"  href="IS1004b.B.argumentstructs.xml#id(IS1004b.B.argumentstructs.Rutger.7)"/>
      <nite:pointer role="type"  href="ar-types.xml#id(art_1)"/>
   </ar>
   <ar nite:id="IS1004b.argumentationrels.Rutger.23">
      <nite:pointer role="source"  href="IS1004b.D.argumentstructs.xml#id(IS1004b.D.argumentstructs.Rutger.7)"/>
      <nite:pointer role="target"  href="IS1004b.A.argumentstructs.xml#id(IS1004b.A.argumentstructs.Rutger.8)"/>
      <nite:pointer role="type"  href="ar-types.xml#id(art_1)"/>
   </ar>
   <ar nite:id="IS1004b.argumentationrels.Rutger.24">
      <nite:pointer role="source"  href="IS1004b.D.argumentstructs.xml#id(IS1004b.D.argumentstructs.Rutger.7)"/>
      <nite:pointer role="target"  href="IS1004b.D.argumentstructs.xml#id(IS1004b.D.argumentstructs.Rutger.9)"/>
      <nite:pointer role="type"  href="ar-types.xml#id(art_1)"/>
   </ar>
   <ar nite:id="IS1004b.argumentationrels.Rutger.25">
      <nite:pointer role="source"  href="IS1004b.D.argumentstructs.xml#id(IS1004b.D.argumentstructs.Rutger.3)"/>
      <nite:pointer role="target"  href="IS1004b.B.argumentstructs.xml#id(IS1004b.B.argumentstructs.Rutger.8)"/>
      <nite:pointer role="type"  href="ar-types.xml#id(art_6)"/>
   </ar>
   <ar nite:id="IS1004b.argumentationrels.Rutger.26">
      <nite:pointer role="source"  href="IS1004b.A.argumentstructs.xml#id(IS1004b.A.argumentstructs.Rutger.1)"/>
      <nite:pointer role="target"  href="IS1004b.A.argumentstructs.xml#id(IS1004b.A.argumentstructs.Rutger.9)"/>
      <nite:pointer role="type"  href="ar-types.xml#id(art_6)"/>
   </ar>
   <ar nite:id="IS1004b.argumentationrels.Rutger.27">
      <nite:pointer role="source"  href="IS1004b.A.argumentstructs.xml#id(IS1004b.A.argumentstructs.Rutger.9)"/>
      <nite:pointer role="target"  href="IS1004b.C.argumentstructs.xml#id(IS1004b.C.argumentstructs.Rutger.2)"/>
      <nite:pointer role="type"  href="ar-types.xml#id(art_1)"/>
   </ar>
   <ar nite:id="IS1004b.argumentationrels.Rutger.28">
      <nite:pointer role="source"  href="IS1004b.D.argumentstructs.xml#id(IS1004b.D.argumentstructs.Rutger.11)"/>
      <nite:pointer role="target"  href="IS1004b.B.argumentstructs.xml#id(IS1004b.B.argumentstructs.Rutger.9)"/>
      <nite:pointer role="type"  href="ar-types.xml#id(art_4)"/>
   </ar>
   <ar nite:id="IS1004b.argumentationrels.Rutger.29">
      <nite:pointer role="source"  href="IS1004b.B.argumentstructs.xml#id(IS1004b.B.argumentstructs.Rutger.9)"/>
      <nite:pointer role="target"  href="IS1004b.D.argumentstructs.xml#id(IS1004b.D.argumentstructs.Rutger.12)"/>
      <nite:pointer role="type"  href="ar-types.xml#id(art_2)"/>
   </ar>
   <ar nite:id="IS1004b.argumentationrels.Rutger.30">
      <nite:pointer role="source"  href="IS1004b.D.argumentstructs.xml#id(IS1004b.D.argumentstructs.Rutger.11)"/>
      <nite:pointer role="target"  href="IS1004b.A.argumentstructs.xml#id(IS1004b.A.argumentstructs.Rutger.10)"/>
      <nite:pointer role="type"  href="ar-types.xml#id(art_4)"/>
   </ar>
   <ar nite:id="IS1004b.argumentationrels.Rutger.31">
      <nite:pointer role="type"  href="ar-types.xml#id(art_1)"/>
      <nite:pointer role="source"  href="IS1004b.A.argumentstructs.xml#id(IS1004b.A.argumentstructs.Rutger.10)"/>
      <nite:pointer role="target"  href="IS1004b.D.argumentstructs.xml#id(IS1004b.D.argumentstructs.Rutger.13)"/>
   </ar>
   <ar nite:id="IS1004b.argumentationrels.Rutger.32">
      <nite:pointer role="source"  href="IS1004b.A.argumentstructs.xml#id(IS1004b.A.argumentstructs.Rutger.10)"/>
      <nite:pointer role="target"  href="IS1004b.A.argumentstructs.xml#id(IS1004b.A.argumentstructs.Rutger.11)"/>
      <nite:pointer role="type"  href="ar-types.xml#id(art_5)"/>
   </ar>
   <ar nite:id="IS1004b.argumentationrels.Rutger.33">
      <nite:pointer role="source"  href="IS1004b.A.argumentstructs.xml#id(IS1004b.A.argumentstructs.Rutger.11)"/>
      <nite:pointer role="target"  href="IS1004b.D.argumentstructs.xml#id(IS1004b.D.argumentstructs.Rutger.14)"/>
      <nite:pointer role="type"  href="ar-types.xml#id(art_1)"/>
   </ar>
   <ar nite:id="IS1004b.argumentationrels.Rutger.34">
      <nite:pointer role="source"  href="IS1004b.A.argumentstructs.xml#id(IS1004b.A.argumentstructs.Rutger.11)"/>
      <nite:pointer role="target"  href="IS1004b.B.argumentstructs.xml#id(IS1004b.B.argumentstructs.Rutger.10)"/>
      <nite:pointer role="type"  href="ar-types.xml#id(art_1)"/>
   </ar>
   <ar nite:id="IS1004b.argumentationrels.Rutger.35">
      <nite:pointer role="source"  href="IS1004b.A.argumentstructs.xml#id(IS1004b.A.argumentstructs.Rutger.11)"/>
      <nite:pointer role="target"  href="IS1004b.A.argumentstructs.xml#id(IS1004b.A.argumentstructs.Rutger.12)"/>
      <nite:pointer role="type"  href="ar-types.xml#id(art_5)"/>
   </ar>
   <ar nite:id="IS1004b.argumentationrels.Rutger.36">
      <nite:pointer role="source"  href="IS1004b.D.argumentstructs.xml#id(IS1004b.D.argumentstructs.Rutger.11)"/>
      <nite:pointer role="target"  href="IS1004b.D.argumentstructs.xml#id(IS1004b.D.argumentstructs.Rutger.15)"/>
      <nite:pointer role="type"  href="ar-types.xml#id(art_5)"/>
   </ar>
   <ar nite:id="IS1004b.argumentationrels.Rutger.37">
      <nite:pointer role="source"  href="IS1004b.D.argumentstructs.xml#id(IS1004b.D.argumentstructs.Rutger.15)"/>
      <nite:pointer role="target"  href="IS1004b.B.argumentstructs.xml#id(IS1004b.B.argumentstructs.Rutger.11)"/>
      <nite:pointer role="type"  href="ar-types.xml#id(art_4)"/>
   </ar>
   <ar nite:id="IS1004b.argumentationrels.Rutger.38">
      <nite:pointer role="type"  href="ar-types.xml#id(art_1)"/>
      <nite:pointer role="source"  href="IS1004b.B.argumentstructs.xml#id(IS1004b.B.argumentstructs.Rutger.11)"/>
      <nite:pointer role="target"  href="IS1004b.A.argumentstructs.xml#id(IS1004b.A.argumentstructs.Rutger.13)"/>
   </ar>
   <ar nite:id="IS1004b.argumentationrels.Rutger.39">
      <nite:pointer role="source"  href="IS1004b.D.argumentstructs.xml#id(IS1004b.D.argumentstructs.Rutger.15)"/>
      <nite:pointer role="target"  href="IS1004b.B.argumentstructs.xml#id(IS1004b.B.argumentstructs.Rutger.12)"/>
      <nite:pointer role="type"  href="ar-types.xml#id(art_4)"/>
   </ar>
   <ar nite:id="IS1004b.argumentationrels.Rutger.40">
      <nite:pointer role="source"  href="IS1004b.B.argumentstructs.xml#id(IS1004b.B.argumentstructs.Rutger.12)"/>
      <nite:pointer role="target"  href="IS1004b.D.argumentstructs.xml#id(IS1004b.D.argumentstructs.Rutger.16)"/>
      <nite:pointer role="type"  href="ar-types.xml#id(art_1)"/>
   </ar>
   <ar nite:id="IS1004b.argumentationrels.Rutger.41">
      <nite:pointer role="source"  href="IS1004b.B.argumentstructs.xml#id(IS1004b.B.argumentstructs.Rutger.12)"/>
      <nite:pointer role="target"  href="IS1004b.A.argumentstructs.xml#id(IS1004b.A.argumentstructs.Rutger.14)"/>
      <nite:pointer role="type"  href="ar-types.xml#id(art_7)"/>
   </ar>
   <ar nite:id="IS1004b.argumentationrels.Rutger.42">
      <nite:pointer role="source"  href="IS1004b.A.argumentstructs.xml#id(IS1004b.A.argumentstructs.Rutger.14)"/>
      <nite:pointer role="target"  href="IS1004b.B.argumentstructs.xml#id(IS1004b.B.argumentstructs.Rutger.13)"/>
      <nite:pointer role="type"  href="ar-types.xml#id(art_2)"/>
   </ar>
   <ar nite:id="IS1004b.argumentationrels.Rutger.43">
      <nite:pointer role="source"  href="IS1004b.B.argumentstructs.xml#id(IS1004b.B.argumentstructs.Rutger.13)"/>
      <nite:pointer role="target"  href="IS1004b.A.argumentstructs.xml#id(IS1004b.A.argumentstructs.Rutger.15)"/>
      <nite:pointer role="type"  href="ar-types.xml#id(art_2)"/>
   </ar>
   <ar nite:id="IS1004b.argumentationrels.Rutger.44">
      <nite:pointer role="source"  href="IS1004b.B.argumentstructs.xml#id(IS1004b.B.argumentstructs.Rutger.13)"/>
      <nite:pointer role="target"  href="IS1004b.B.argumentstructs.xml#id(IS1004b.B.argumentstructs.Rutger.14)"/>
      <nite:pointer role="type"  href="ar-types.xml#id(art_5)"/>
   </ar>
   <ar nite:id="IS1004b.argumentationrels.Rutger.45">
      <nite:pointer role="source"  href="IS1004b.B.argumentstructs.xml#id(IS1004b.B.argumentstructs.Rutger.12)"/>
      <nite:pointer role="target"  href="IS1004b.A.argumentstructs.xml#id(IS1004b.A.argumentstructs.Rutger.16)"/>
      <nite:pointer role="type"  href="ar-types.xml#id(art_7)"/>
   </ar>
   <ar nite:id="IS1004b.argumentationrels.Rutger.46">
      <nite:pointer role="source"  href="IS1004b.A.argumentstructs.xml#id(IS1004b.A.argumentstructs.Rutger.16)"/>
      <nite:pointer role="target"  href="IS1004b.D.argumentstructs.xml#id(IS1004b.D.argumentstructs.Rutger.17)"/>
      <nite:pointer role="type"  href="ar-types.xml#id(art_1)"/>
   </ar>
   <ar nite:id="IS1004b.argumentationrels.Rutger.47">
      <nite:pointer role="type"  href="ar-types.xml#id(art_1)"/>
      <nite:pointer role="source"  href="IS1004b.A.argumentstructs.xml#id(IS1004b.A.argumentstructs.Rutger.16)"/>
      <nite:pointer role="target"  href="IS1004b.B.argumentstructs.xml#id(IS1004b.B.argumentstructs.Rutger.15)"/>
   </ar>
</nite:root>