<?xml version="1.0" encoding="ISO-8859-1" standalone="yes"?>
<nite:root nite:id="IS1001c.argumentationrels" xmlns:nite="http://nite.sourceforge.net/">
   <ar nite:id="IS1001c.argumentationrels.Rutger.1">
      <nite:pointer role="source"  href="IS1001c.C.argumentstructs.xml#id(IS1001c.C.argumentstructs.Rutger.1)"/>
      <nite:pointer role="target"  href="IS1001c.B.argumentstructs.xml#id(IS1001c.B.argumentstructs.Rutger.1)"/>
      <nite:pointer role="type"  href="ar-types.xml#id(art_4)"/>
   </ar>
   <ar nite:id="IS1001c.argumentationrels.Rutger.2">
      <nite:pointer role="source"  href="IS1001c.C.argumentstructs.xml#id(IS1001c.C.argumentstructs.Rutger.1)"/>
      <nite:pointer role="target"  href="IS1001c.A.argumentstructs.xml#id(IS1001c.A.argumentstructs.Rutger.1)"/>
      <nite:pointer role="type"  href="ar-types.xml#id(art_4)"/>
   </ar>
   <ar nite:id="IS1001c.argumentationrels.Rutger.3">
      <nite:pointer role="source"  href="IS1001c.A.argumentstructs.xml#id(IS1001c.A.argumentstructs.Rutger.1)"/>
      <nite:pointer role="target"  href="IS1001c.C.argumentstructs.xml#id(IS1001c.C.argumentstructs.Rutger.2)"/>
      <nite:pointer role="type"  href="ar-types.xml#id(art_9)"/>
   </ar>
   <ar nite:id="IS1001c.argumentationrels.Rutger.4">
      <nite:pointer role="source"  href="IS1001c.C.argumentstructs.xml#id(IS1001c.C.argumentstructs.Rutger.2)"/>
      <nite:pointer role="target"  href="IS1001c.A.argumentstructs.xml#id(IS1001c.A.argumentstructs.Rutger.2)"/>
      <nite:pointer role="type"  href="ar-types.xml#id(art_2)"/>
   </ar>
   <ar nite:id="IS1001c.argumentationrels.Rutger.6">
      <nite:pointer role="source"  href="IS1001c.A.argumentstructs.xml#id(IS1001c.A.argumentstructs.Rutger.2)"/>
      <nite:pointer role="target"  href="IS1001c.C.argumentstructs.xml#id(IS1001c.C.argumentstructs.Rutger.4)"/>
      <nite:pointer role="type"  href="ar-types.xml#id(art_2)"/>
   </ar>
   <ar nite:id="IS1001c.argumentationrels.Rutger.8">
      <nite:pointer role="source"  href="IS1001c.C.argumentstructs.xml#id(IS1001c.C.argumentstructs.Rutger.5)"/>
      <nite:pointer role="target"  href="IS1001c.A.argumentstructs.xml#id(IS1001c.A.argumentstructs.Rutger.4)"/>
      <nite:pointer role="type"  href="ar-types.xml#id(art_1)"/>
   </ar>
   <ar nite:id="IS1001c.argumentationrels.Rutger.9">
      <nite:pointer role="source"  href="IS1001c.C.argumentstructs.xml#id(IS1001c.C.argumentstructs.Rutger.5)"/>
      <nite:pointer role="target"  href="IS1001c.B.argumentstructs.xml#id(IS1001c.B.argumentstructs.Rutger.2)"/>
      <nite:pointer role="type"  href="ar-types.xml#id(art_1)"/>
   </ar>
   <ar nite:id="IS1001c.argumentationrels.Rutger.10">
      <nite:pointer role="source"  href="IS1001c.A.argumentstructs.xml#id(IS1001c.A.argumentstructs.Rutger.2)"/>
      <nite:pointer role="target"  href="IS1001c.C.argumentstructs.xml#id(IS1001c.C.argumentstructs.Rutger.5)"/>
      <nite:pointer role="type"  href="ar-types.xml#id(art_1)"/>
   </ar>
   <ar nite:id="IS1001c.argumentationrels.Rutger.11">
      <nite:pointer role="source"  href="IS1001c.A.argumentstructs.xml#id(IS1001c.A.argumentstructs.Rutger.2)"/>
      <nite:pointer role="target"  href="IS1001c.C.argumentstructs.xml#id(IS1001c.C.argumentstructs.Rutger.6)"/>
      <nite:pointer role="type"  href="ar-types.xml#id(art_7)"/>
   </ar>
   <ar nite:id="IS1001c.argumentationrels.Rutger.12">
      <nite:pointer role="source"  href="IS1001c.A.argumentstructs.xml#id(IS1001c.A.argumentstructs.Rutger.2)"/>
      <nite:pointer role="target"  href="IS1001c.B.argumentstructs.xml#id(IS1001c.B.argumentstructs.Rutger.3)"/>
      <nite:pointer role="type"  href="ar-types.xml#id(art_1)"/>
   </ar>
   <ar nite:id="IS1001c.argumentationrels.Rutger.13">
      <nite:pointer role="source"  href="IS1001c.B.argumentstructs.xml#id(IS1001c.B.argumentstructs.Rutger.3)"/>
      <nite:pointer role="target"  href="IS1001c.C.argumentstructs.xml#id(IS1001c.C.argumentstructs.Rutger.7)"/>
      <nite:pointer role="type"  href="ar-types.xml#id(art_7)"/>
   </ar>
   <ar nite:id="IS1001c.argumentationrels.Rutger.14">
      <nite:pointer role="source"  href="IS1001c.C.argumentstructs.xml#id(IS1001c.C.argumentstructs.Rutger.7)"/>
      <nite:pointer role="target"  href="IS1001c.B.argumentstructs.xml#id(IS1001c.B.argumentstructs.Rutger.4)"/>
      <nite:pointer role="type"  href="ar-types.xml#id(art_1)"/>
   </ar>
   <ar nite:id="IS1001c.argumentationrels.Rutger.15">
      <nite:pointer role="source"  href="IS1001c.B.argumentstructs.xml#id(IS1001c.B.argumentstructs.Rutger.4)"/>
      <nite:pointer role="target"  href="IS1001c.C.argumentstructs.xml#id(IS1001c.C.argumentstructs.Rutger.8)"/>
      <nite:pointer role="type"  href="ar-types.xml#id(art_1)"/>
   </ar>
   <ar nite:id="IS1001c.argumentationrels.Rutger.16">
      <nite:pointer role="source"  href="IS1001c.A.argumentstructs.xml#id(IS1001c.A.argumentstructs.Rutger.2)"/>
      <nite:pointer role="target"  href="IS1001c.C.argumentstructs.xml#id(IS1001c.C.argumentstructs.Rutger.9)"/>
      <nite:pointer role="type"  href="ar-types.xml#id(art_2)"/>
   </ar>
   <ar nite:id="IS1001c.argumentationrels.Rutger.18">
      <nite:pointer role="source"  href="IS1001c.C.argumentstructs.xml#id(IS1001c.C.argumentstructs.Rutger.9)"/>
      <nite:pointer role="target"  href="IS1001c.B.argumentstructs.xml#id(IS1001c.B.argumentstructs.Rutger.6)"/>
      <nite:pointer role="type"  href="ar-types.xml#id(art_2)"/>
   </ar>
   <ar nite:id="IS1001c.argumentationrels.Rutger.19">
      <nite:pointer role="source"  href="IS1001c.C.argumentstructs.xml#id(IS1001c.C.argumentstructs.Rutger.9)"/>
      <nite:pointer role="target"  href="IS1001c.B.argumentstructs.xml#id(IS1001c.B.argumentstructs.Rutger.7)"/>
      <nite:pointer role="type"  href="ar-types.xml#id(art_1)"/>
   </ar>
   <ar nite:id="IS1001c.argumentationrels.Rutger.20">
      <nite:pointer role="source"  href="IS1001c.B.argumentstructs.xml#id(IS1001c.B.argumentstructs.Rutger.7)"/>
      <nite:pointer role="target"  href="IS1001c.C.argumentstructs.xml#id(IS1001c.C.argumentstructs.Rutger.10)"/>
      <nite:pointer role="type"  href="ar-types.xml#id(art_1)"/>
   </ar>
   <ar nite:id="IS1001c.argumentationrels.Rutger.21">
      <nite:pointer role="source"  href="IS1001c.C.argumentstructs.xml#id(IS1001c.C.argumentstructs.Rutger.9)"/>
      <nite:pointer role="target"  href="IS1001c.C.argumentstructs.xml#id(IS1001c.C.argumentstructs.Rutger.11)"/>
      <nite:pointer role="type"  href="ar-types.xml#id(art_5)"/>
   </ar>
   <ar nite:id="IS1001c.argumentationrels.Rutger.22">
      <nite:pointer role="source"  href="IS1001c.C.argumentstructs.xml#id(IS1001c.C.argumentstructs.Rutger.2)"/>
      <nite:pointer role="target"  href="IS1001c.B.argumentstructs.xml#id(IS1001c.B.argumentstructs.Rutger.8)"/>
      <nite:pointer role="type"  href="ar-types.xml#id(art_1)"/>
   </ar>
   <ar nite:id="IS1001c.argumentationrels.Rutger.23">
      <nite:pointer role="source"  href="IS1001c.B.argumentstructs.xml#id(IS1001c.B.argumentstructs.Rutger.8)"/>
      <nite:pointer role="target"  href="IS1001c.A.argumentstructs.xml#id(IS1001c.A.argumentstructs.Rutger.7)"/>
      <nite:pointer role="type"  href="ar-types.xml#id(art_7)"/>
   </ar>
   <ar nite:id="IS1001c.argumentationrels.Rutger.25">
      <nite:pointer role="source"  href="IS1001c.A.argumentstructs.xml#id(IS1001c.A.argumentstructs.Rutger.2)"/>
      <nite:pointer role="target"  href="IS1001c.A.argumentstructs.xml#id(IS1001c.A.argumentstructs.Rutger.3)"/>
      <nite:pointer role="type"  href="ar-types.xml#id(art_9)"/>
   </ar>
   <ar nite:id="IS1001c.argumentationrels.Rutger.26">
      <nite:pointer role="source"  href="IS1001c.A.argumentstructs.xml#id(IS1001c.A.argumentstructs.Rutger.7)"/>
      <nite:pointer role="target"  href="IS1001c.B.argumentstructs.xml#id(IS1001c.B.argumentstructs.Rutger.9)"/>
      <nite:pointer role="type"  href="ar-types.xml#id(art_1)"/>
   </ar>
   <ar nite:id="IS1001c.argumentationrels.Rutger.27">
      <nite:pointer role="source"  href="IS1001c.A.argumentstructs.xml#id(IS1001c.A.argumentstructs.Rutger.7)"/>
      <nite:pointer role="target"  href="IS1001c.A.argumentstructs.xml#id(IS1001c.A.argumentstructs.Rutger.8)"/>
      <nite:pointer role="type"  href="ar-types.xml#id(art_3)"/>
   </ar>
   <ar nite:id="IS1001c.argumentationrels.Rutger.28">
      <nite:pointer role="source"  href="IS1001c.A.argumentstructs.xml#id(IS1001c.A.argumentstructs.Rutger.8)"/>
      <nite:pointer role="target"  href="IS1001c.B.argumentstructs.xml#id(IS1001c.B.argumentstructs.Rutger.10)"/>
      <nite:pointer role="type"  href="ar-types.xml#id(art_1)"/>
   </ar>
   <ar nite:id="IS1001c.argumentationrels.Rutger.29">
      <nite:pointer role="source"  href="IS1001c.A.argumentstructs.xml#id(IS1001c.A.argumentstructs.Rutger.9)"/>
      <nite:pointer role="target"  href="IS1001c.B.argumentstructs.xml#id(IS1001c.B.argumentstructs.Rutger.11)"/>
      <nite:pointer role="type"  href="ar-types.xml#id(art_4)"/>
   </ar>
   <ar nite:id="IS1001c.argumentationrels.Rutger.30">
      <nite:pointer role="source"  href="IS1001c.B.argumentstructs.xml#id(IS1001c.B.argumentstructs.Rutger.11)"/>
      <nite:pointer role="target"  href="IS1001c.A.argumentstructs.xml#id(IS1001c.A.argumentstructs.Rutger.10)"/>
      <nite:pointer role="type"  href="ar-types.xml#id(art_1)"/>
   </ar>
   <ar nite:id="IS1001c.argumentationrels.Rutger.31">
      <nite:pointer role="source"  href="IS1001c.A.argumentstructs.xml#id(IS1001c.A.argumentstructs.Rutger.10)"/>
      <nite:pointer role="target"  href="IS1001c.D.argumentstructs.xml#id(IS1001c.D.argumentstructs.Rutger.1)"/>
      <nite:pointer role="type"  href="ar-types.xml#id(art_1)"/>
   </ar>
   <ar nite:id="IS1001c.argumentationrels.Rutger.32">
      <nite:pointer role="source"  href="IS1001c.A.argumentstructs.xml#id(IS1001c.A.argumentstructs.Rutger.10)"/>
      <nite:pointer role="target"  href="IS1001c.C.argumentstructs.xml#id(IS1001c.C.argumentstructs.Rutger.12)"/>
      <nite:pointer role="type"  href="ar-types.xml#id(art_1)"/>
   </ar>
   <ar nite:id="IS1001c.argumentationrels.Rutger.34">
      <nite:pointer role="source"  href="IS1001c.B.argumentstructs.xml#id(IS1001c.B.argumentstructs.Rutger.11)"/>
      <nite:pointer role="target"  href="IS1001c.B.argumentstructs.xml#id(IS1001c.B.argumentstructs.Rutger.13)"/>
      <nite:pointer role="type"  href="ar-types.xml#id(art_7)"/>
   </ar>
   <ar nite:id="IS1001c.argumentationrels.Rutger.35">
      <nite:pointer role="source"  href="IS1001c.B.argumentstructs.xml#id(IS1001c.B.argumentstructs.Rutger.13)"/>
      <nite:pointer role="target"  href="IS1001c.C.argumentstructs.xml#id(IS1001c.C.argumentstructs.Rutger.13)"/>
      <nite:pointer role="type"  href="ar-types.xml#id(art_1)"/>
   </ar>
   <ar nite:id="IS1001c.argumentationrels.Rutger.36">
      <nite:pointer role="source"  href="IS1001c.B.argumentstructs.xml#id(IS1001c.B.argumentstructs.Rutger.13)"/>
      <nite:pointer role="target"  href="IS1001c.D.argumentstructs.xml#id(IS1001c.D.argumentstructs.Rutger.2)"/>
      <nite:pointer role="type"  href="ar-types.xml#id(art_2)"/>
   </ar>
   <ar nite:id="IS1001c.argumentationrels.Rutger.37">
      <nite:pointer role="type"  href="ar-types.xml#id(art_1)"/>
      <nite:pointer role="source"  href="IS1001c.B.argumentstructs.xml#id(IS1001c.B.argumentstructs.Rutger.13)"/>
      <nite:pointer role="target"  href="IS1001c.A.argumentstructs.xml#id(IS1001c.A.argumentstructs.Rutger.11)"/>
   </ar>
   <ar nite:id="IS1001c.argumentationrels.Rutger.38">
      <nite:pointer role="source"  href="IS1001c.B.argumentstructs.xml#id(IS1001c.B.argumentstructs.Rutger.13)"/>
      <nite:pointer role="target"  href="IS1001c.C.argumentstructs.xml#id(IS1001c.C.argumentstructs.Rutger.14)"/>
      <nite:pointer role="type"  href="ar-types.xml#id(art_4)"/>
   </ar>
   <ar nite:id="IS1001c.argumentationrels.Rutger.39">
      <nite:pointer role="source"  href="IS1001c.C.argumentstructs.xml#id(IS1001c.C.argumentstructs.Rutger.14)"/>
      <nite:pointer role="target"  href="IS1001c.C.argumentstructs.xml#id(IS1001c.C.argumentstructs.Rutger.15)"/>
      <nite:pointer role="type"  href="ar-types.xml#id(art_9)"/>
   </ar>
   <ar nite:id="IS1001c.argumentationrels.Rutger.42">
      <nite:pointer role="source"  href="IS1001c.C.argumentstructs.xml#id(IS1001c.C.argumentstructs.Rutger.15)"/>
      <nite:pointer role="target"  href="IS1001c.A.argumentstructs.xml#id(IS1001c.A.argumentstructs.Rutger.12)"/>
      <nite:pointer role="type"  href="ar-types.xml#id(art_1)"/>
   </ar>
   <ar nite:id="IS1001c.argumentationrels.Rutger.43">
      <nite:pointer role="source"  href="IS1001c.C.argumentstructs.xml#id(IS1001c.C.argumentstructs.Rutger.15)"/>
      <nite:pointer role="target"  href="IS1001c.B.argumentstructs.xml#id(IS1001c.B.argumentstructs.Rutger.14)"/>
      <nite:pointer role="type"  href="ar-types.xml#id(art_1)"/>
   </ar>
   <ar nite:id="IS1001c.argumentationrels.Rutger.44">
      <nite:pointer role="source"  href="IS1001c.A.argumentstructs.xml#id(IS1001c.A.argumentstructs.Rutger.12)"/>
      <nite:pointer role="target"  href="IS1001c.C.argumentstructs.xml#id(IS1001c.C.argumentstructs.Rutger.16)"/>
      <nite:pointer role="type"  href="ar-types.xml#id(art_4)"/>
   </ar>
   <ar nite:id="IS1001c.argumentationrels.Rutger.45">
      <nite:pointer role="source"  href="IS1001c.B.argumentstructs.xml#id(IS1001c.B.argumentstructs.Rutger.11)"/>
      <nite:pointer role="target"  href="IS1001c.B.argumentstructs.xml#id(IS1001c.B.argumentstructs.Rutger.15)"/>
      <nite:pointer role="type"  href="ar-types.xml#id(art_1)"/>
   </ar>
   <ar nite:id="IS1001c.argumentationrels.Rutger.46">
      <nite:pointer role="source"  href="IS1001c.B.argumentstructs.xml#id(IS1001c.B.argumentstructs.Rutger.15)"/>
      <nite:pointer role="target"  href="IS1001c.D.argumentstructs.xml#id(IS1001c.D.argumentstructs.Rutger.3)"/>
      <nite:pointer role="type"  href="ar-types.xml#id(art_1)"/>
   </ar>
   <ar nite:id="IS1001c.argumentationrels.Rutger.47">
      <nite:pointer role="source"  href="IS1001c.B.argumentstructs.xml#id(IS1001c.B.argumentstructs.Rutger.11)"/>
      <nite:pointer role="target"  href="IS1001c.C.argumentstructs.xml#id(IS1001c.C.argumentstructs.Rutger.17)"/>
      <nite:pointer role="type"  href="ar-types.xml#id(art_1)"/>
   </ar>
   <ar nite:id="IS1001c.argumentationrels.Rutger.48">
      <nite:pointer role="source"  href="IS1001c.C.argumentstructs.xml#id(IS1001c.C.argumentstructs.Rutger.17)"/>
      <nite:pointer role="target"  href="IS1001c.B.argumentstructs.xml#id(IS1001c.B.argumentstructs.Rutger.16)"/>
      <nite:pointer role="type"  href="ar-types.xml#id(art_1)"/>
   </ar>
   <ar nite:id="IS1001c.argumentationrels.Rutger.49">
      <nite:pointer role="source"  href="IS1001c.C.argumentstructs.xml#id(IS1001c.C.argumentstructs.Rutger.17)"/>
      <nite:pointer role="target"  href="IS1001c.A.argumentstructs.xml#id(IS1001c.A.argumentstructs.Rutger.13)"/>
      <nite:pointer role="type"  href="ar-types.xml#id(art_1)"/>
   </ar>
   <ar nite:id="IS1001c.argumentationrels.Rutger.50">
      <nite:pointer role="source"  href="IS1001c.B.argumentstructs.xml#id(IS1001c.B.argumentstructs.Rutger.17)"/>
      <nite:pointer role="target"  href="IS1001c.C.argumentstructs.xml#id(IS1001c.C.argumentstructs.Rutger.18)"/>
      <nite:pointer role="type"  href="ar-types.xml#id(art_7)"/>
   </ar>
   <ar nite:id="IS1001c.argumentationrels.Rutger.51">
      <nite:pointer role="source"  href="IS1001c.C.argumentstructs.xml#id(IS1001c.C.argumentstructs.Rutger.18)"/>
      <nite:pointer role="target"  href="IS1001c.B.argumentstructs.xml#id(IS1001c.B.argumentstructs.Rutger.18)"/>
      <nite:pointer role="type"  href="ar-types.xml#id(art_1)"/>
   </ar>
   <ar nite:id="IS1001c.argumentationrels.Rutger.53">
      <nite:pointer role="source"  href="IS1001c.C.argumentstructs.xml#id(IS1001c.C.argumentstructs.Rutger.18)"/>
      <nite:pointer role="target"  href="IS1001c.A.argumentstructs.xml#id(IS1001c.A.argumentstructs.Rutger.14)"/>
      <nite:pointer role="type"  href="ar-types.xml#id(art_6)"/>
   </ar>
   <ar nite:id="IS1001c.argumentationrels.Rutger.54">
      <nite:pointer role="source"  href="IS1001c.A.argumentstructs.xml#id(IS1001c.A.argumentstructs.Rutger.14)"/>
      <nite:pointer role="target"  href="IS1001c.C.argumentstructs.xml#id(IS1001c.C.argumentstructs.Rutger.19)"/>
      <nite:pointer role="type"  href="ar-types.xml#id(art_1)"/>
   </ar>
   <ar nite:id="IS1001c.argumentationrels.Rutger.55">
      <nite:pointer role="source"  href="IS1001c.B.argumentstructs.xml#id(IS1001c.B.argumentstructs.Rutger.17)"/>
      <nite:pointer role="target"  href="IS1001c.C.argumentstructs.xml#id(IS1001c.C.argumentstructs.Rutger.20)"/>
      <nite:pointer role="type"  href="ar-types.xml#id(art_4)"/>
   </ar>
   <ar nite:id="IS1001c.argumentationrels.Rutger.56">
      <nite:pointer role="source"  href="IS1001c.B.argumentstructs.xml#id(IS1001c.B.argumentstructs.Rutger.17)"/>
      <nite:pointer role="target"  href="IS1001c.C.argumentstructs.xml#id(IS1001c.C.argumentstructs.Rutger.21)"/>
      <nite:pointer role="type"  href="ar-types.xml#id(art_4)"/>
   </ar>
   <ar nite:id="IS1001c.argumentationrels.Rutger.57">
      <nite:pointer role="source"  href="IS1001c.C.argumentstructs.xml#id(IS1001c.C.argumentstructs.Rutger.21)"/>
      <nite:pointer role="target"  href="IS1001c.C.argumentstructs.xml#id(IS1001c.C.argumentstructs.Rutger.22)"/>
      <nite:pointer role="type"  href="ar-types.xml#id(art_2)"/>
   </ar>
   <ar nite:id="IS1001c.argumentationrels.Rutger.58">
      <nite:pointer role="source"  href="IS1001c.C.argumentstructs.xml#id(IS1001c.C.argumentstructs.Rutger.22)"/>
      <nite:pointer role="target"  href="IS1001c.B.argumentstructs.xml#id(IS1001c.B.argumentstructs.Rutger.19)"/>
      <nite:pointer role="type"  href="ar-types.xml#id(art_1)"/>
   </ar>
   <ar nite:id="IS1001c.argumentationrels.Rutger.59">
      <nite:pointer role="source"  href="IS1001c.C.argumentstructs.xml#id(IS1001c.C.argumentstructs.Rutger.20)"/>
      <nite:pointer role="target"  href="IS1001c.A.argumentstructs.xml#id(IS1001c.A.argumentstructs.Rutger.15)"/>
      <nite:pointer role="type"  href="ar-types.xml#id(art_1)"/>
   </ar>
   <ar nite:id="IS1001c.argumentationrels.Rutger.60">
      <nite:pointer role="source"  href="IS1001c.C.argumentstructs.xml#id(IS1001c.C.argumentstructs.Rutger.22)"/>
      <nite:pointer role="target"  href="IS1001c.C.argumentstructs.xml#id(IS1001c.C.argumentstructs.Rutger.23)"/>
      <nite:pointer role="type"  href="ar-types.xml#id(art_4)"/>
   </ar>
   <ar nite:id="IS1001c.argumentationrels.Rutger.63">
      <nite:pointer role="source"  href="IS1001c.B.argumentstructs.xml#id(IS1001c.B.argumentstructs.Rutger.17)"/>
      <nite:pointer role="target"  href="IS1001c.A.argumentstructs.xml#id(IS1001c.A.argumentstructs.Rutger.17)"/>
      <nite:pointer role="type"  href="ar-types.xml#id(art_4)"/>
   </ar>
   <ar nite:id="IS1001c.argumentationrels.Rutger.64">
      <nite:pointer role="source"  href="IS1001c.A.argumentstructs.xml#id(IS1001c.A.argumentstructs.Rutger.17)"/>
      <nite:pointer role="target"  href="IS1001c.C.argumentstructs.xml#id(IS1001c.C.argumentstructs.Rutger.25)"/>
      <nite:pointer role="type"  href="ar-types.xml#id(art_2)"/>
   </ar>
   <ar nite:id="IS1001c.argumentationrels.Rutger.66">
      <nite:pointer role="source"  href="IS1001c.C.argumentstructs.xml#id(IS1001c.C.argumentstructs.Rutger.25)"/>
      <nite:pointer role="target"  href="IS1001c.A.argumentstructs.xml#id(IS1001c.A.argumentstructs.Rutger.18)"/>
      <nite:pointer role="type"  href="ar-types.xml#id(art_2)"/>
   </ar>
   <ar nite:id="IS1001c.argumentationrels.Rutger.67">
      <nite:pointer role="source"  href="IS1001c.A.argumentstructs.xml#id(IS1001c.A.argumentstructs.Rutger.18)"/>
      <nite:pointer role="target"  href="IS1001c.C.argumentstructs.xml#id(IS1001c.C.argumentstructs.Rutger.26)"/>
      <nite:pointer role="type"  href="ar-types.xml#id(art_2)"/>
   </ar>
   <ar nite:id="IS1001c.argumentationrels.Rutger.68">
      <nite:pointer role="source"  href="IS1001c.C.argumentstructs.xml#id(IS1001c.C.argumentstructs.Rutger.26)"/>
      <nite:pointer role="target"  href="IS1001c.A.argumentstructs.xml#id(IS1001c.A.argumentstructs.Rutger.19)"/>
      <nite:pointer role="type"  href="ar-types.xml#id(art_2)"/>
   </ar>
   <ar nite:id="IS1001c.argumentationrels.Rutger.69">
      <nite:pointer role="source"  href="IS1001c.C.argumentstructs.xml#id(IS1001c.C.argumentstructs.Rutger.26)"/>
      <nite:pointer role="target"  href="IS1001c.A.argumentstructs.xml#id(IS1001c.A.argumentstructs.Rutger.20)"/>
      <nite:pointer role="type"  href="ar-types.xml#id(art_2)"/>
   </ar>
   <ar nite:id="IS1001c.argumentationrels.Rutger.70">
      <nite:pointer role="source"  href="IS1001c.C.argumentstructs.xml#id(IS1001c.C.argumentstructs.Rutger.26)"/>
      <nite:pointer role="target"  href="IS1001c.C.argumentstructs.xml#id(IS1001c.C.argumentstructs.Rutger.27)"/>
      <nite:pointer role="type"  href="ar-types.xml#id(art_5)"/>
   </ar>
   <ar nite:id="IS1001c.argumentationrels.Rutger.71">
      <nite:pointer role="source"  href="IS1001c.A.argumentstructs.xml#id(IS1001c.A.argumentstructs.Rutger.17)"/>
      <nite:pointer role="target"  href="IS1001c.A.argumentstructs.xml#id(IS1001c.A.argumentstructs.Rutger.21)"/>
      <nite:pointer role="type"  href="ar-types.xml#id(art_5)"/>
   </ar>
   <ar nite:id="IS1001c.argumentationrels.Rutger.72">
      <nite:pointer role="source"  href="IS1001c.A.argumentstructs.xml#id(IS1001c.A.argumentstructs.Rutger.21)"/>
      <nite:pointer role="target"  href="IS1001c.C.argumentstructs.xml#id(IS1001c.C.argumentstructs.Rutger.28)"/>
      <nite:pointer role="type"  href="ar-types.xml#id(art_1)"/>
   </ar>
   <ar nite:id="IS1001c.argumentationrels.Rutger.73">
      <nite:pointer role="source"  href="IS1001c.C.argumentstructs.xml#id(IS1001c.C.argumentstructs.Rutger.28)"/>
      <nite:pointer role="target"  href="IS1001c.A.argumentstructs.xml#id(IS1001c.A.argumentstructs.Rutger.22)"/>
      <nite:pointer role="type"  href="ar-types.xml#id(art_9)"/>
   </ar>
   <ar nite:id="IS1001c.argumentationrels.Rutger.74">
      <nite:pointer role="source"  href="IS1001c.A.argumentstructs.xml#id(IS1001c.A.argumentstructs.Rutger.22)"/>
      <nite:pointer role="target"  href="IS1001c.C.argumentstructs.xml#id(IS1001c.C.argumentstructs.Rutger.29)"/>
      <nite:pointer role="type"  href="ar-types.xml#id(art_1)"/>
   </ar>
   <ar nite:id="IS1001c.argumentationrels.Rutger.75">
      <nite:pointer role="source"  href="IS1001c.B.argumentstructs.xml#id(IS1001c.B.argumentstructs.Rutger.17)"/>
      <nite:pointer role="target"  href="IS1001c.A.argumentstructs.xml#id(IS1001c.A.argumentstructs.Rutger.23)"/>
      <nite:pointer role="type"  href="ar-types.xml#id(art_4)"/>
   </ar>
   <ar nite:id="IS1001c.argumentationrels.Rutger.76">
      <nite:pointer role="source"  href="IS1001c.A.argumentstructs.xml#id(IS1001c.A.argumentstructs.Rutger.23)"/>
      <nite:pointer role="target"  href="IS1001c.C.argumentstructs.xml#id(IS1001c.C.argumentstructs.Rutger.30)"/>
      <nite:pointer role="type"  href="ar-types.xml#id(art_1)"/>
   </ar>
</nite:root>