<?xml version="1.0" encoding="ISO-8859-1" standalone="yes"?>
<nite:root nite:id="TS3005c.argumentationrels" xmlns:nite="http://nite.sourceforge.net/">
   <ar nite:id="TS3005c.argumentationrels.Daan.1">
      <nite:pointer role="source"  href="TS3005c.A.argumentstructs.xml#id(TS3005c.A.argumentstructs.Daan.1)"/>
      <nite:pointer role="target"  href="TS3005c.B.argumentstructs.xml#id(TS3005c.B.argumentstructs.Daan.1)"/>
      <nite:pointer role="type"  href="ar-types.xml#id(art_4)"/>
   </ar>
   <ar nite:id="TS3005c.argumentationrels.Daan.2">
      <nite:pointer role="source"  href="TS3005c.B.argumentstructs.xml#id(TS3005c.B.argumentstructs.Daan.1)"/>
      <nite:pointer role="target"  href="TS3005c.C.argumentstructs.xml#id(TS3005c.C.argumentstructs.Daan.1)"/>
      <nite:pointer role="type"  href="ar-types.xml#id(art_5)"/>
   </ar>
   <ar nite:id="TS3005c.argumentationrels.Daan.3">
      <nite:pointer role="source"  href="TS3005c.A.argumentstructs.xml#id(TS3005c.A.argumentstructs.Daan.1)"/>
      <nite:pointer role="target"  href="TS3005c.A.argumentstructs.xml#id(TS3005c.A.argumentstructs.Daan.2)"/>
      <nite:pointer role="type"  href="ar-types.xml#id(art_6)"/>
   </ar>
   <ar nite:id="TS3005c.argumentationrels.Daan.4">
      <nite:pointer role="source"  href="TS3005c.B.argumentstructs.xml#id(TS3005c.B.argumentstructs.Daan.1)"/>
      <nite:pointer role="target"  href="TS3005c.D.argumentstructs.xml#id(TS3005c.D.argumentstructs.Daan.1)"/>
      <nite:pointer role="type"  href="ar-types.xml#id(art_9)"/>
   </ar>
   <ar nite:id="TS3005c.argumentationrels.Daan.5">
      <nite:pointer role="type"  href="ar-types.xml#id(art_1)"/>
      <nite:pointer role="source"  href="TS3005c.D.argumentstructs.xml#id(TS3005c.D.argumentstructs.Daan.1)"/>
      <nite:pointer role="target"  href="TS3005c.B.argumentstructs.xml#id(TS3005c.B.argumentstructs.Daan.2)"/>
   </ar>
   <ar nite:id="TS3005c.argumentationrels.Daan.6">
      <nite:pointer role="source"  href="TS3005c.D.argumentstructs.xml#id(TS3005c.D.argumentstructs.Daan.1)"/>
      <nite:pointer role="target"  href="TS3005c.D.argumentstructs.xml#id(TS3005c.D.argumentstructs.Daan.2)"/>
      <nite:pointer role="type"  href="ar-types.xml#id(art_5)"/>
   </ar>
   <ar nite:id="TS3005c.argumentationrels.Daan.7">
      <nite:pointer role="source"  href="TS3005c.D.argumentstructs.xml#id(TS3005c.D.argumentstructs.Daan.1)"/>
      <nite:pointer role="target"  href="TS3005c.C.argumentstructs.xml#id(TS3005c.C.argumentstructs.Daan.2)"/>
      <nite:pointer role="type"  href="ar-types.xml#id(art_5)"/>
   </ar>
   <ar nite:id="TS3005c.argumentationrels.Daan.8">
      <nite:pointer role="source"  href="TS3005c.C.argumentstructs.xml#id(TS3005c.C.argumentstructs.Daan.2)"/>
      <nite:pointer role="target"  href="TS3005c.D.argumentstructs.xml#id(TS3005c.D.argumentstructs.Daan.3)"/>
      <nite:pointer role="type"  href="ar-types.xml#id(art_1)"/>
   </ar>
   <ar nite:id="TS3005c.argumentationrels.Daan.9">
      <nite:pointer role="source"  href="TS3005c.C.argumentstructs.xml#id(TS3005c.C.argumentstructs.Daan.2)"/>
      <nite:pointer role="target"  href="TS3005c.C.argumentstructs.xml#id(TS3005c.C.argumentstructs.Daan.3)"/>
      <nite:pointer role="type"  href="ar-types.xml#id(art_1)"/>
   </ar>
   <ar nite:id="TS3005c.argumentationrels.Daan.10">
      <nite:pointer role="source"  href="TS3005c.B.argumentstructs.xml#id(TS3005c.B.argumentstructs.Daan.1)"/>
      <nite:pointer role="target"  href="TS3005c.B.argumentstructs.xml#id(TS3005c.B.argumentstructs.Daan.3)"/>
      <nite:pointer role="type"  href="ar-types.xml#id(art_4)"/>
   </ar>
   <ar nite:id="TS3005c.argumentationrels.Daan.11">
      <nite:pointer role="source"  href="TS3005c.B.argumentstructs.xml#id(TS3005c.B.argumentstructs.Daan.3)"/>
      <nite:pointer role="target"  href="TS3005c.D.argumentstructs.xml#id(TS3005c.D.argumentstructs.Daan.4)"/>
      <nite:pointer role="type"  href="ar-types.xml#id(art_1)"/>
   </ar>
   <ar nite:id="TS3005c.argumentationrels.Daan.12">
      <nite:pointer role="source"  href="TS3005c.B.argumentstructs.xml#id(TS3005c.B.argumentstructs.Daan.3)"/>
      <nite:pointer role="target"  href="TS3005c.A.argumentstructs.xml#id(TS3005c.A.argumentstructs.Daan.3)"/>
      <nite:pointer role="type"  href="ar-types.xml#id(art_1)"/>
   </ar>
   <ar nite:id="TS3005c.argumentationrels.Daan.13">
      <nite:pointer role="source"  href="TS3005c.C.argumentstructs.xml#id(TS3005c.C.argumentstructs.Daan.4)"/>
      <nite:pointer role="target"  href="TS3005c.D.argumentstructs.xml#id(TS3005c.D.argumentstructs.Daan.5)"/>
      <nite:pointer role="type"  href="ar-types.xml#id(art_5)"/>
   </ar>
   <ar nite:id="TS3005c.argumentationrels.Daan.14">
      <nite:pointer role="source"  href="TS3005c.D.argumentstructs.xml#id(TS3005c.D.argumentstructs.Daan.5)"/>
      <nite:pointer role="target"  href="TS3005c.A.argumentstructs.xml#id(TS3005c.A.argumentstructs.Daan.4)"/>
      <nite:pointer role="type"  href="ar-types.xml#id(art_5)"/>
   </ar>
   <ar nite:id="TS3005c.argumentationrels.Daan.15">
      <nite:pointer role="source"  href="TS3005c.A.argumentstructs.xml#id(TS3005c.A.argumentstructs.Daan.4)"/>
      <nite:pointer role="target"  href="TS3005c.C.argumentstructs.xml#id(TS3005c.C.argumentstructs.Daan.5)"/>
      <nite:pointer role="type"  href="ar-types.xml#id(art_1)"/>
   </ar>
   <ar nite:id="TS3005c.argumentationrels.Daan.16">
      <nite:pointer role="target"  href="TS3005c.D.argumentstructs.xml#id(TS3005c.D.argumentstructs.Daan.6)"/>
      <nite:pointer role="type"  href="ar-types.xml#id(art_2)"/>
      <nite:pointer role="source"  href="TS3005c.D.argumentstructs.xml#id(TS3005c.D.argumentstructs.Daan.7)"/>
   </ar>
   <ar nite:id="TS3005c.argumentationrels.Daan.17">
      <nite:pointer role="source"  href="TS3005c.D.argumentstructs.xml#id(TS3005c.D.argumentstructs.Daan.5)"/>
      <nite:pointer role="target"  href="TS3005c.D.argumentstructs.xml#id(TS3005c.D.argumentstructs.Daan.7)"/>
      <nite:pointer role="type"  href="ar-types.xml#id(art_5)"/>
   </ar>
   <ar nite:id="TS3005c.argumentationrels.Daan.18">
      <nite:pointer role="source"  href="TS3005c.D.argumentstructs.xml#id(TS3005c.D.argumentstructs.Daan.7)"/>
      <nite:pointer role="target"  href="TS3005c.C.argumentstructs.xml#id(TS3005c.C.argumentstructs.Daan.7)"/>
      <nite:pointer role="type"  href="ar-types.xml#id(art_3)"/>
   </ar>
   <ar nite:id="TS3005c.argumentationrels.Daan.19">
      <nite:pointer role="type"  href="ar-types.xml#id(art_1)"/>
      <nite:pointer role="source"  href="TS3005c.C.argumentstructs.xml#id(TS3005c.C.argumentstructs.Daan.7)"/>
      <nite:pointer role="target"  href="TS3005c.D.argumentstructs.xml#id(TS3005c.D.argumentstructs.Daan.8)"/>
   </ar>
   <ar nite:id="TS3005c.argumentationrels.Daan.20">
      <nite:pointer role="source"  href="TS3005c.C.argumentstructs.xml#id(TS3005c.C.argumentstructs.Daan.7)"/>
      <nite:pointer role="target"  href="TS3005c.C.argumentstructs.xml#id(TS3005c.C.argumentstructs.Daan.8)"/>
      <nite:pointer role="type"  href="ar-types.xml#id(art_5)"/>
   </ar>
   <ar nite:id="TS3005c.argumentationrels.Daan.21">
      <nite:pointer role="source"  href="TS3005c.C.argumentstructs.xml#id(TS3005c.C.argumentstructs.Daan.8)"/>
      <nite:pointer role="target"  href="TS3005c.A.argumentstructs.xml#id(TS3005c.A.argumentstructs.Daan.5)"/>
      <nite:pointer role="type"  href="ar-types.xml#id(art_5)"/>
   </ar>
   <ar nite:id="TS3005c.argumentationrels.Daan.22">
      <nite:pointer role="source"  href="TS3005c.C.argumentstructs.xml#id(TS3005c.C.argumentstructs.Daan.8)"/>
      <nite:pointer role="target"  href="TS3005c.C.argumentstructs.xml#id(TS3005c.C.argumentstructs.Daan.9)"/>
      <nite:pointer role="type"  href="ar-types.xml#id(art_5)"/>
   </ar>
   <ar nite:id="TS3005c.argumentationrels.Daan.23">
      <nite:pointer role="source"  href="TS3005c.B.argumentstructs.xml#id(TS3005c.B.argumentstructs.Daan.4)"/>
      <nite:pointer role="target"  href="TS3005c.C.argumentstructs.xml#id(TS3005c.C.argumentstructs.Daan.10)"/>
      <nite:pointer role="type"  href="ar-types.xml#id(art_4)"/>
   </ar>
   <ar nite:id="TS3005c.argumentationrels.Daan.24">
      <nite:pointer role="source"  href="TS3005c.B.argumentstructs.xml#id(TS3005c.B.argumentstructs.Daan.4)"/>
      <nite:pointer role="target"  href="TS3005c.A.argumentstructs.xml#id(TS3005c.A.argumentstructs.Daan.6)"/>
      <nite:pointer role="type"  href="ar-types.xml#id(art_4)"/>
   </ar>
   <ar nite:id="TS3005c.argumentationrels.Daan.25">
      <nite:pointer role="source"  href="TS3005c.B.argumentstructs.xml#id(TS3005c.B.argumentstructs.Daan.4)"/>
      <nite:pointer role="target"  href="TS3005c.B.argumentstructs.xml#id(TS3005c.B.argumentstructs.Daan.5)"/>
      <nite:pointer role="type"  href="ar-types.xml#id(art_4)"/>
   </ar>
   <ar nite:id="TS3005c.argumentationrels.Daan.26">
      <nite:pointer role="source"  href="TS3005c.B.argumentstructs.xml#id(TS3005c.B.argumentstructs.Daan.4)"/>
      <nite:pointer role="target"  href="TS3005c.C.argumentstructs.xml#id(TS3005c.C.argumentstructs.Daan.11)"/>
      <nite:pointer role="type"  href="ar-types.xml#id(art_5)"/>
   </ar>
   <ar nite:id="TS3005c.argumentationrels.Daan.27">
      <nite:pointer role="source"  href="TS3005c.B.argumentstructs.xml#id(TS3005c.B.argumentstructs.Daan.4)"/>
      <nite:pointer role="target"  href="TS3005c.B.argumentstructs.xml#id(TS3005c.B.argumentstructs.Daan.6)"/>
      <nite:pointer role="type"  href="ar-types.xml#id(art_5)"/>
   </ar>
   <ar nite:id="TS3005c.argumentationrels.Daan.29">
      <nite:pointer role="source"  href="TS3005c.B.argumentstructs.xml#id(TS3005c.B.argumentstructs.Daan.6)"/>
      <nite:pointer role="target"  href="TS3005c.C.argumentstructs.xml#id(TS3005c.C.argumentstructs.Daan.12)"/>
      <nite:pointer role="type"  href="ar-types.xml#id(art_4)"/>
   </ar>
   <ar nite:id="TS3005c.argumentationrels.Daan.30">
      <nite:pointer role="source"  href="TS3005c.B.argumentstructs.xml#id(TS3005c.B.argumentstructs.Daan.6)"/>
      <nite:pointer role="target"  href="TS3005c.D.argumentstructs.xml#id(TS3005c.D.argumentstructs.Daan.10)"/>
      <nite:pointer role="type"  href="ar-types.xml#id(art_4)"/>
   </ar>
   <ar nite:id="TS3005c.argumentationrels.Daan.31">
      <nite:pointer role="source"  href="TS3005c.D.argumentstructs.xml#id(TS3005c.D.argumentstructs.Daan.10)"/>
      <nite:pointer role="target"  href="TS3005c.C.argumentstructs.xml#id(TS3005c.C.argumentstructs.Daan.13)"/>
      <nite:pointer role="type"  href="ar-types.xml#id(art_1)"/>
   </ar>
   <ar nite:id="TS3005c.argumentationrels.Daan.33">
      <nite:pointer role="source"  href="TS3005c.B.argumentstructs.xml#id(TS3005c.B.argumentstructs.Daan.6)"/>
      <nite:pointer role="target"  href="TS3005c.B.argumentstructs.xml#id(TS3005c.B.argumentstructs.Daan.7)"/>
      <nite:pointer role="type"  href="ar-types.xml#id(art_4)"/>
   </ar>
   <ar nite:id="TS3005c.argumentationrels.Daan.34">
      <nite:pointer role="source"  href="TS3005c.B.argumentstructs.xml#id(TS3005c.B.argumentstructs.Daan.6)"/>
      <nite:pointer role="target"  href="TS3005c.A.argumentstructs.xml#id(TS3005c.A.argumentstructs.Daan.7)"/>
      <nite:pointer role="type"  href="ar-types.xml#id(art_4)"/>
   </ar>
   <ar nite:id="TS3005c.argumentationrels.Daan.35">
      <nite:pointer role="source"  href="TS3005c.A.argumentstructs.xml#id(TS3005c.A.argumentstructs.Daan.7)"/>
      <nite:pointer role="target"  href="TS3005c.D.argumentstructs.xml#id(TS3005c.D.argumentstructs.Daan.12)"/>
      <nite:pointer role="type"  href="ar-types.xml#id(art_4)"/>
   </ar>
   <ar nite:id="TS3005c.argumentationrels.Daan.36">
      <nite:pointer role="source"  href="TS3005c.D.argumentstructs.xml#id(TS3005c.D.argumentstructs.Daan.10)"/>
      <nite:pointer role="target"  href="TS3005c.D.argumentstructs.xml#id(TS3005c.D.argumentstructs.Daan.11)"/>
      <nite:pointer role="type"  href="ar-types.xml#id(art_5)"/>
   </ar>
   <ar nite:id="TS3005c.argumentationrels.Daan.38">
      <nite:pointer role="source"  href="TS3005c.A.argumentstructs.xml#id(TS3005c.A.argumentstructs.Daan.7)"/>
      <nite:pointer role="target"  href="TS3005c.A.argumentstructs.xml#id(TS3005c.A.argumentstructs.Daan.8)"/>
      <nite:pointer role="type"  href="ar-types.xml#id(art_5)"/>
   </ar>
   <ar nite:id="TS3005c.argumentationrels.Daan.39">
      <nite:pointer role="source"  href="TS3005c.A.argumentstructs.xml#id(TS3005c.A.argumentstructs.Daan.7)"/>
      <nite:pointer role="target"  href="TS3005c.B.argumentstructs.xml#id(TS3005c.B.argumentstructs.Daan.8)"/>
      <nite:pointer role="type"  href="ar-types.xml#id(art_9)"/>
   </ar>
   <ar nite:id="TS3005c.argumentationrels.Daan.41">
      <nite:pointer role="source"  href="TS3005c.A.argumentstructs.xml#id(TS3005c.A.argumentstructs.Daan.8)"/>
      <nite:pointer role="target"  href="TS3005c.B.argumentstructs.xml#id(TS3005c.B.argumentstructs.Daan.9)"/>
      <nite:pointer role="type"  href="ar-types.xml#id(art_1)"/>
   </ar>
   <ar nite:id="TS3005c.argumentationrels.Daan.42">
      <nite:pointer role="source"  href="TS3005c.A.argumentstructs.xml#id(TS3005c.A.argumentstructs.Daan.8)"/>
      <nite:pointer role="target"  href="TS3005c.B.argumentstructs.xml#id(TS3005c.B.argumentstructs.Daan.10)"/>
      <nite:pointer role="type"  href="ar-types.xml#id(art_1)"/>
   </ar>
   <ar nite:id="TS3005c.argumentationrels.Daan.44">
      <nite:pointer role="source"  href="TS3005c.A.argumentstructs.xml#id(TS3005c.A.argumentstructs.Daan.10)"/>
      <nite:pointer role="target"  href="TS3005c.B.argumentstructs.xml#id(TS3005c.B.argumentstructs.Daan.11)"/>
   </ar>
   <ar nite:id="TS3005c.argumentationrels.Daan.45">
      <nite:pointer role="source"  href="TS3005c.A.argumentstructs.xml#id(TS3005c.A.argumentstructs.Daan.10)"/>
      <nite:pointer role="target"  href="TS3005c.A.argumentstructs.xml#id(TS3005c.A.argumentstructs.Daan.11)"/>
      <nite:pointer role="type"  href="ar-types.xml#id(art_5)"/>
   </ar>
   <ar nite:id="TS3005c.argumentationrels.Daan.46">
      <nite:pointer role="source"  href="TS3005c.A.argumentstructs.xml#id(TS3005c.A.argumentstructs.Daan.10)"/>
      <nite:pointer role="target"  href="TS3005c.B.argumentstructs.xml#id(TS3005c.B.argumentstructs.Daan.11)"/>
      <nite:pointer role="type"  href="ar-types.xml#id(art_4)"/>
   </ar>
   <ar nite:id="TS3005c.argumentationrels.Daan.48">
      <nite:pointer role="source"  href="TS3005c.C.argumentstructs.xml#id(TS3005c.C.argumentstructs.Daan.15)"/>
      <nite:pointer role="target"  href="TS3005c.B.argumentstructs.xml#id(TS3005c.B.argumentstructs.Daan.12)"/>
      <nite:pointer role="type"  href="ar-types.xml#id(art_1)"/>
   </ar>
   <ar nite:id="TS3005c.argumentationrels.Daan.49">
      <nite:pointer role="source"  href="TS3005c.C.argumentstructs.xml#id(TS3005c.C.argumentstructs.Daan.14)"/>
      <nite:pointer role="target"  href="TS3005c.D.argumentstructs.xml#id(TS3005c.D.argumentstructs.Daan.16)"/>
      <nite:pointer role="type"  href="ar-types.xml#id(art_1)"/>
   </ar>
   <ar nite:id="TS3005c.argumentationrels.Daan.50">
      <nite:pointer role="source"  href="TS3005c.D.argumentstructs.xml#id(TS3005c.D.argumentstructs.Daan.15)"/>
      <nite:pointer role="target"  href="TS3005c.C.argumentstructs.xml#id(TS3005c.C.argumentstructs.Daan.14)"/>
      <nite:pointer role="type"  href="ar-types.xml#id(art_1)"/>
   </ar>
   <ar nite:id="TS3005c.argumentationrels.Daan.51">
      <nite:pointer role="source"  href="TS3005c.B.argumentstructs.xml#id(TS3005c.B.argumentstructs.Daan.6)"/>
      <nite:pointer role="target"  href="TS3005c.D.argumentstructs.xml#id(TS3005c.D.argumentstructs.Daan.15)"/>
      <nite:pointer role="type"  href="ar-types.xml#id(art_4)"/>
   </ar>
   <ar nite:id="TS3005c.argumentationrels.Daan.52">
      <nite:pointer role="source"  href="TS3005c.C.argumentstructs.xml#id(TS3005c.C.argumentstructs.Daan.14)"/>
      <nite:pointer role="target"  href="TS3005c.C.argumentstructs.xml#id(TS3005c.C.argumentstructs.Daan.15)"/>
      <nite:pointer role="type"  href="ar-types.xml#id(art_9)"/>
   </ar>
   <ar nite:id="TS3005c.argumentationrels.Daan.53">
      <nite:pointer role="source"  href="TS3005c.D.argumentstructs.xml#id(TS3005c.D.argumentstructs.Daan.17)"/>
      <nite:pointer role="target"  href="TS3005c.A.argumentstructs.xml#id(TS3005c.A.argumentstructs.Daan.12)"/>
      <nite:pointer role="type"  href="ar-types.xml#id(art_5)"/>
   </ar>
   <ar nite:id="TS3005c.argumentationrels.Daan.54">
      <nite:pointer role="source"  href="TS3005c.D.argumentstructs.xml#id(TS3005c.D.argumentstructs.Daan.17)"/>
      <nite:pointer role="target"  href="TS3005c.C.argumentstructs.xml#id(TS3005c.C.argumentstructs.Daan.17)"/>
      <nite:pointer role="type"  href="ar-types.xml#id(art_5)"/>
   </ar>
   <ar nite:id="TS3005c.argumentationrels.Daan.55">
      <nite:pointer role="source"  href="TS3005c.C.argumentstructs.xml#id(TS3005c.C.argumentstructs.Daan.17)"/>
      <nite:pointer role="target"  href="TS3005c.A.argumentstructs.xml#id(TS3005c.A.argumentstructs.Daan.13)"/>
      <nite:pointer role="type"  href="ar-types.xml#id(art_9)"/>
   </ar>
   <ar nite:id="TS3005c.argumentationrels.Daan.56">
      <nite:pointer role="source"  href="TS3005c.A.argumentstructs.xml#id(TS3005c.A.argumentstructs.Daan.13)"/>
      <nite:pointer role="target"  href="TS3005c.D.argumentstructs.xml#id(TS3005c.D.argumentstructs.Daan.18)"/>
      <nite:pointer role="type"  href="ar-types.xml#id(art_2)"/>
   </ar>
   <ar nite:id="TS3005c.argumentationrels.Daan.57">
      <nite:pointer role="source"  href="TS3005c.A.argumentstructs.xml#id(TS3005c.A.argumentstructs.Daan.13)"/>
      <nite:pointer role="target"  href="TS3005c.C.argumentstructs.xml#id(TS3005c.C.argumentstructs.Daan.18)"/>
      <nite:pointer role="type"  href="ar-types.xml#id(art_3)"/>
   </ar>
   <ar nite:id="TS3005c.argumentationrels.Daan.58">
      <nite:pointer role="source"  href="TS3005c.C.argumentstructs.xml#id(TS3005c.C.argumentstructs.Daan.17)"/>
      <nite:pointer role="target"  href="TS3005c.B.argumentstructs.xml#id(TS3005c.B.argumentstructs.Daan.13)"/>
      <nite:pointer role="type"  href="ar-types.xml#id(art_4)"/>
   </ar>
   <ar nite:id="TS3005c.argumentationrels.Daan.59">
      <nite:pointer role="source"  href="TS3005c.B.argumentstructs.xml#id(TS3005c.B.argumentstructs.Daan.13)"/>
      <nite:pointer role="target"  href="TS3005c.D.argumentstructs.xml#id(TS3005c.D.argumentstructs.Daan.19)"/>
      <nite:pointer role="type"  href="ar-types.xml#id(art_1)"/>
   </ar>
   <ar nite:id="TS3005c.argumentationrels.Daan.60">
      <nite:pointer role="source"  href="TS3005c.B.argumentstructs.xml#id(TS3005c.B.argumentstructs.Daan.13)"/>
      <nite:pointer role="target"  href="TS3005c.C.argumentstructs.xml#id(TS3005c.C.argumentstructs.Daan.19)"/>
      <nite:pointer role="type"  href="ar-types.xml#id(art_3)"/>
   </ar>
   <ar nite:id="TS3005c.argumentationrels.Daan.61">
      <nite:pointer role="source"  href="TS3005c.C.argumentstructs.xml#id(TS3005c.C.argumentstructs.Daan.17)"/>
      <nite:pointer role="target"  href="TS3005c.D.argumentstructs.xml#id(TS3005c.D.argumentstructs.Daan.20)"/>
      <nite:pointer role="type"  href="ar-types.xml#id(art_4)"/>
   </ar>
   <ar nite:id="TS3005c.argumentationrels.Daan.62">
      <nite:pointer role="source"  href="TS3005c.C.argumentstructs.xml#id(TS3005c.C.argumentstructs.Daan.17)"/>
      <nite:pointer role="target"  href="TS3005c.C.argumentstructs.xml#id(TS3005c.C.argumentstructs.Daan.20)"/>
      <nite:pointer role="type"  href="ar-types.xml#id(art_1)"/>
   </ar>
   <ar nite:id="TS3005c.argumentationrels.Daan.64">
      <nite:pointer role="source"  href="TS3005c.C.argumentstructs.xml#id(TS3005c.C.argumentstructs.Daan.17)"/>
      <nite:pointer role="target"  href="TS3005c.D.argumentstructs.xml#id(TS3005c.D.argumentstructs.Daan.22)"/>
      <nite:pointer role="type"  href="ar-types.xml#id(art_4)"/>
   </ar>
   <ar nite:id="TS3005c.argumentationrels.Daan.65">
      <nite:pointer role="source"  href="TS3005c.D.argumentstructs.xml#id(TS3005c.D.argumentstructs.Daan.22)"/>
      <nite:pointer role="target"  href="TS3005c.D.argumentstructs.xml#id(TS3005c.D.argumentstructs.Daan.23)"/>
      <nite:pointer role="type"  href="ar-types.xml#id(art_5)"/>
   </ar>
   <ar nite:id="TS3005c.argumentationrels.Daan.66">
      <nite:pointer role="source"  href="TS3005c.D.argumentstructs.xml#id(TS3005c.D.argumentstructs.Daan.23)"/>
      <nite:pointer role="target"  href="TS3005c.C.argumentstructs.xml#id(TS3005c.C.argumentstructs.Daan.21)"/>
      <nite:pointer role="type"  href="ar-types.xml#id(art_1)"/>
   </ar>
   <ar nite:id="TS3005c.argumentationrels.Daan.67">
      <nite:pointer role="source"  href="TS3005c.D.argumentstructs.xml#id(TS3005c.D.argumentstructs.Daan.22)"/>
      <nite:pointer role="target"  href="TS3005c.A.argumentstructs.xml#id(TS3005c.A.argumentstructs.Daan.14)"/>
      <nite:pointer role="type"  href="ar-types.xml#id(art_3)"/>
   </ar>
   <ar nite:id="TS3005c.argumentationrels.Daan.68">
      <nite:pointer role="source"  href="TS3005c.C.argumentstructs.xml#id(TS3005c.C.argumentstructs.Daan.17)"/>
      <nite:pointer role="target"  href="TS3005c.D.argumentstructs.xml#id(TS3005c.D.argumentstructs.Daan.24)"/>
      <nite:pointer role="type"  href="ar-types.xml#id(art_4)"/>
   </ar>
   <ar nite:id="TS3005c.argumentationrels.Daan.71">
      <nite:pointer role="source"  href="TS3005c.A.argumentstructs.xml#id(TS3005c.A.argumentstructs.Daan.15)"/>
      <nite:pointer role="target"  href="TS3005c.D.argumentstructs.xml#id(TS3005c.D.argumentstructs.Daan.25)"/>
      <nite:pointer role="type"  href="ar-types.xml#id(art_4)"/>
   </ar>
   <ar nite:id="TS3005c.argumentationrels.Daan.72">
      <nite:pointer role="source"  href="TS3005c.D.argumentstructs.xml#id(TS3005c.D.argumentstructs.Daan.25)"/>
      <nite:pointer role="target"  href="TS3005c.A.argumentstructs.xml#id(TS3005c.A.argumentstructs.Daan.16)"/>
      <nite:pointer role="type"  href="ar-types.xml#id(art_3)"/>
   </ar>
   <ar nite:id="TS3005c.argumentationrels.Daan.73">
      <nite:pointer role="source"  href="TS3005c.D.argumentstructs.xml#id(TS3005c.D.argumentstructs.Daan.22)"/>
      <nite:pointer role="target"  href="TS3005c.C.argumentstructs.xml#id(TS3005c.C.argumentstructs.Daan.22)"/>
      <nite:pointer role="type"  href="ar-types.xml#id(art_2)"/>
   </ar>
   <ar nite:id="TS3005c.argumentationrels.Daan.74">
      <nite:pointer role="source"  href="TS3005c.C.argumentstructs.xml#id(TS3005c.C.argumentstructs.Daan.22)"/>
      <nite:pointer role="target"  href="TS3005c.C.argumentstructs.xml#id(TS3005c.C.argumentstructs.Daan.23)"/>
      <nite:pointer role="type"  href="ar-types.xml#id(art_5)"/>
   </ar>
   <ar nite:id="TS3005c.argumentationrels.Daan.75">
      <nite:pointer role="source"  href="TS3005c.C.argumentstructs.xml#id(TS3005c.C.argumentstructs.Daan.23)"/>
      <nite:pointer role="target"  href="TS3005c.C.argumentstructs.xml#id(TS3005c.C.argumentstructs.Daan.24)"/>
      <nite:pointer role="type"  href="ar-types.xml#id(art_4)"/>
   </ar>
   <ar nite:id="TS3005c.argumentationrels.Daan.77">
      <nite:pointer role="source"  href="TS3005c.A.argumentstructs.xml#id(TS3005c.A.argumentstructs.Daan.17)"/>
      <nite:pointer role="target"  href="TS3005c.D.argumentstructs.xml#id(TS3005c.D.argumentstructs.Daan.26)"/>
      <nite:pointer role="type"  href="ar-types.xml#id(art_1)"/>
   </ar>
   <ar nite:id="TS3005c.argumentationrels.Daan.81">
      <nite:pointer role="source"  href="TS3005c.D.argumentstructs.xml#id(TS3005c.D.argumentstructs.Daan.26)"/>
      <nite:pointer role="target"  href="TS3005c.A.argumentstructs.xml#id(TS3005c.A.argumentstructs.Daan.18)"/>
      <nite:pointer role="type"  href="ar-types.xml#id(art_5)"/>
   </ar>
   <ar nite:id="TS3005c.argumentationrels.Daan.82">
      <nite:pointer role="source"  href="TS3005c.D.argumentstructs.xml#id(TS3005c.D.argumentstructs.Daan.26)"/>
      <nite:pointer role="target"  href="TS3005c.B.argumentstructs.xml#id(TS3005c.B.argumentstructs.Daan.14)"/>
      <nite:pointer role="type"  href="ar-types.xml#id(art_5)"/>
   </ar>
   <ar nite:id="TS3005c.argumentationrels.Daan.83">
      <nite:pointer role="source"  href="TS3005c.D.argumentstructs.xml#id(TS3005c.D.argumentstructs.Daan.26)"/>
      <nite:pointer role="target"  href="TS3005c.C.argumentstructs.xml#id(TS3005c.C.argumentstructs.Daan.25)"/>
      <nite:pointer role="type"  href="ar-types.xml#id(art_5)"/>
   </ar>
   <ar nite:id="TS3005c.argumentationrels.Daan.84">
      <nite:pointer role="source"  href="TS3005c.C.argumentstructs.xml#id(TS3005c.C.argumentstructs.Daan.17)"/>
      <nite:pointer role="target"  href="TS3005c.A.argumentstructs.xml#id(TS3005c.A.argumentstructs.Daan.15)"/>
      <nite:pointer role="type"  href="ar-types.xml#id(art_4)"/>
   </ar>
   <ar nite:id="TS3005c.argumentationrels.Daan.86">
      <nite:pointer role="source"  href="TS3005c.C.argumentstructs.xml#id(TS3005c.C.argumentstructs.Daan.17)"/>
      <nite:pointer role="target"  href="TS3005c.A.argumentstructs.xml#id(TS3005c.A.argumentstructs.Daan.17)"/>
      <nite:pointer role="type"  href="ar-types.xml#id(art_4)"/>
   </ar>
</nite:root>