<?xml version="1.0" encoding="ISO-8859-1" standalone="yes"?>
<nite:root nite:id="TS3007a.argumentationrels" xmlns:nite="http://nite.sourceforge.net/">
   <ar nite:id="TS3007a.argumentationrels.Daan.1">
      <nite:pointer role="source"  href="TS3007a.D.argumentstructs.xml#id(TS3007a.D.argumentstructs.Daan.1)"/>
      <nite:pointer role="target"  href="TS3007a.D.argumentstructs.xml#id(TS3007a.D.argumentstructs.Daan.2)"/>
      <nite:pointer role="type"  href="ar-types.xml#id(art_5)"/>
   </ar>
   <ar nite:id="TS3007a.argumentationrels.Daan.2">
      <nite:pointer role="source"  href="TS3007a.D.argumentstructs.xml#id(TS3007a.D.argumentstructs.Daan.2)"/>
      <nite:pointer role="target"  href="TS3007a.D.argumentstructs.xml#id(TS3007a.D.argumentstructs.Daan.3)"/>
      <nite:pointer role="type"  href="ar-types.xml#id(art_2)"/>
   </ar>
   <ar nite:id="TS3007a.argumentationrels.Daan.3">
      <nite:pointer role="source"  href="TS3007a.D.argumentstructs.xml#id(TS3007a.D.argumentstructs.Daan.1)"/>
      <nite:pointer role="target"  href="TS3007a.D.argumentstructs.xml#id(TS3007a.D.argumentstructs.Daan.4)"/>
      <nite:pointer role="type"  href="ar-types.xml#id(art_5)"/>
   </ar>
   <ar nite:id="TS3007a.argumentationrels.Daan.4">
      <nite:pointer role="source"  href="TS3007a.D.argumentstructs.xml#id(TS3007a.D.argumentstructs.Daan.4)"/>
      <nite:pointer role="target"  href="TS3007a.B.argumentstructs.xml#id(TS3007a.B.argumentstructs.Daan.1)"/>
      <nite:pointer role="type"  href="ar-types.xml#id(art_9)"/>
   </ar>
   <ar nite:id="TS3007a.argumentationrels.Daan.5">
      <nite:pointer role="source"  href="TS3007a.B.argumentstructs.xml#id(TS3007a.B.argumentstructs.Daan.1)"/>
      <nite:pointer role="target"  href="TS3007a.D.argumentstructs.xml#id(TS3007a.D.argumentstructs.Daan.5)"/>
      <nite:pointer role="type"  href="ar-types.xml#id(art_4)"/>
   </ar>
   <ar nite:id="TS3007a.argumentationrels.Daan.6">
      <nite:pointer role="source"  href="TS3007a.D.argumentstructs.xml#id(TS3007a.D.argumentstructs.Daan.1)"/>
      <nite:pointer role="target"  href="TS3007a.A.argumentstructs.xml#id(TS3007a.A.argumentstructs.Daan.1)"/>
      <nite:pointer role="type"  href="ar-types.xml#id(art_9)"/>
   </ar>
   <ar nite:id="TS3007a.argumentationrels.Daan.7">
      <nite:pointer role="source"  href="TS3007a.A.argumentstructs.xml#id(TS3007a.A.argumentstructs.Daan.1)"/>
      <nite:pointer role="target"  href="TS3007a.D.argumentstructs.xml#id(TS3007a.D.argumentstructs.Daan.6)"/>
      <nite:pointer role="type"  href="ar-types.xml#id(art_1)"/>
   </ar>
   <ar nite:id="TS3007a.argumentationrels.Daan.8">
      <nite:pointer role="source"  href="TS3007a.A.argumentstructs.xml#id(TS3007a.A.argumentstructs.Daan.1)"/>
      <nite:pointer role="target"  href="TS3007a.A.argumentstructs.xml#id(TS3007a.A.argumentstructs.Daan.2)"/>
      <nite:pointer role="type"  href="ar-types.xml#id(art_1)"/>
   </ar>
</nite:root>