<?xml version="1.0" encoding="UTF-8"?>
<nite:root xmlns:nite="http://nite.sourceforge.net/" nite:id="MelissaM_ES2009b_D.nite:root.1">
    <head endtime="28.96" starttime="0.0" type="no_comm_head" nite:id="MelissaM_ES2009b_D.head.1"/>
    <head endtime="29.6" starttime="28.96" type="concord_signal" nite:id="MelissaM_ES2009b_D.head.2"/>
    <head endtime="114.44" starttime="29.6" type="no_comm_head" nite:id="MelissaM_ES2009b_D.head.3"/>
    <head endtime="114.8" starttime="114.44" type="turn_signal" nite:id="MelissaM_ES2009b_D.head.4"/>
    <head endtime="116.16" starttime="114.8" type="no_comm_head" nite:id="MelissaM_ES2009b_D.head.5"/>
    <head endtime="116.68" starttime="116.16" type="other_comm_head" nite:id="MelissaM_ES2009b_D.head.6"/>
    <head endtime="152.28" starttime="116.68" type="no_comm_head" nite:id="MelissaM_ES2009b_D.head.7"/>
    <head endtime="152.6" starttime="152.28" type="concord_signal" nite:id="MelissaM_ES2009b_D.head.8"/>
    <head endtime="194.24" starttime="152.6" type="no_comm_head" nite:id="MelissaM_ES2009b_D.head.9"/>
    <head endtime="194.76" starttime="194.24" type="concord_signal" nite:id="MelissaM_ES2009b_D.head.10"/>
    <head endtime="202.28" starttime="194.76" type="no_comm_head" nite:id="MelissaM_ES2009b_D.head.11"/>
    <head endtime="202.6" starttime="202.28" type="concord_signal" nite:id="MelissaM_ES2009b_D.head.12"/>
    <head endtime="215.8" starttime="202.6" type="no_comm_head" nite:id="MelissaM_ES2009b_D.head.13"/>
    <head endtime="216.24" starttime="215.8" type="concord_signal" nite:id="MelissaM_ES2009b_D.head.14"/>
    <head endtime="227.48" starttime="216.24" type="no_comm_head" nite:id="MelissaM_ES2009b_D.head.15"/>
    <head endtime="227.88" starttime="227.48" type="concord_signal" nite:id="MelissaM_ES2009b_D.head.16"/>
    <head endtime="251.2" starttime="227.88" type="no_comm_head" nite:id="MelissaM_ES2009b_D.head.17"/>
    <head endtime="251.4" starttime="251.2" type="concord_signal" nite:id="MelissaM_ES2009b_D.head.18"/>
    <head endtime="273.96" starttime="251.4" type="no_comm_head" nite:id="MelissaM_ES2009b_D.head.19"/>
    <head endtime="274.16" starttime="273.96" type="concord_signal" nite:id="MelissaM_ES2009b_D.head.20"/>
    <head endtime="286.16" starttime="274.16" type="no_comm_head" nite:id="MelissaM_ES2009b_D.head.21"/>
    <head endtime="286.84" starttime="286.16" type="concord_signal" nite:id="MelissaM_ES2009b_D.head.22"/>
    <head endtime="343.44" starttime="286.84" type="no_comm_head" nite:id="MelissaM_ES2009b_D.head.23"/>
    <head endtime="343.6" starttime="343.44" type="emphasis_signal" nite:id="MelissaM_ES2009b_D.head.24"/>
    <head endtime="387.56" starttime="343.6" type="no_comm_head" nite:id="MelissaM_ES2009b_D.head.25"/>
    <head endtime="387.92" starttime="387.56" type="concord_signal" nite:id="MelissaM_ES2009b_D.head.26"/>
    <head endtime="414.2" starttime="387.92" type="no_comm_head" nite:id="MelissaM_ES2009b_D.head.27"/>
    <head endtime="414.52" starttime="414.2" type="concord_signal" nite:id="MelissaM_ES2009b_D.head.28"/>
    <head endtime="418.4" starttime="414.52" type="no_comm_head" nite:id="MelissaM_ES2009b_D.head.29"/>
    <head endtime="418.68" starttime="418.4" type="concord_signal" nite:id="MelissaM_ES2009b_D.head.30"/>
    <head endtime="474.84" starttime="418.68" type="no_comm_head" nite:id="MelissaM_ES2009b_D.head.31"/>
    <head endtime="475.24" starttime="474.84" type="concord_signal" nite:id="MelissaM_ES2009b_D.head.32"/>
    <head endtime="515.72" starttime="475.24" type="no_comm_head" nite:id="MelissaM_ES2009b_D.head.33"/>
    <head endtime="515.88" starttime="515.72" type="emphasis_signal" nite:id="MelissaM_ES2009b_D.head.34"/>
    <head endtime="517.76" starttime="515.88" type="no_comm_head" nite:id="MelissaM_ES2009b_D.head.35"/>
    <head endtime="517.96" starttime="517.76" type="emphasis_signal" nite:id="MelissaM_ES2009b_D.head.36"/>
    <head endtime="519.04" starttime="517.96" type="no_comm_head" nite:id="MelissaM_ES2009b_D.head.37"/>
    <head endtime="519.24" starttime="519.04" type="emphasis_signal" nite:id="MelissaM_ES2009b_D.head.38"/>
    <head endtime="521.84" starttime="519.24" type="no_comm_head" nite:id="MelissaM_ES2009b_D.head.39"/>
    <head endtime="521.92" starttime="521.84" type="emphasis_signal" nite:id="MelissaM_ES2009b_D.head.40"/>
    <head endtime="522.24" starttime="521.92" type="no_comm_head" nite:id="MelissaM_ES2009b_D.head.41"/>
    <head endtime="522.36" starttime="522.24" type="emphasis_signal" nite:id="MelissaM_ES2009b_D.head.42"/>
    <head endtime="524.68" starttime="522.36" type="no_comm_head" nite:id="MelissaM_ES2009b_D.head.43"/>
    <head endtime="525.6" starttime="524.68" type="emphasis_signal" nite:id="MelissaM_ES2009b_D.head.44"/>
    <head endtime="530.28" starttime="525.6" type="no_comm_head" nite:id="MelissaM_ES2009b_D.head.45"/>
    <head endtime="530.48" starttime="530.28" type="emphasis_signal" nite:id="MelissaM_ES2009b_D.head.46"/>
    <head endtime="531.84" starttime="530.48" type="no_comm_head" nite:id="MelissaM_ES2009b_D.head.47"/>
    <head endtime="531.96" starttime="531.84" type="emphasis_signal" nite:id="MelissaM_ES2009b_D.head.48"/>
    <head endtime="532.92" starttime="531.96" type="no_comm_head" nite:id="MelissaM_ES2009b_D.head.49"/>
    <head endtime="533.08" starttime="532.92" type="emphasis_signal" nite:id="MelissaM_ES2009b_D.head.50"/>
    <head endtime="533.64" starttime="533.08" type="no_comm_head" nite:id="MelissaM_ES2009b_D.head.51"/>
    <head endtime="533.88" starttime="533.64" type="emphasis_signal" nite:id="MelissaM_ES2009b_D.head.52"/>
    <head endtime="534.32" starttime="533.88" type="no_comm_head" nite:id="MelissaM_ES2009b_D.head.53"/>
    <head endtime="534.76" starttime="534.32" type="emphasis_signal" nite:id="MelissaM_ES2009b_D.head.54"/>
    <head endtime="536.52" starttime="534.76" type="no_comm_head" nite:id="MelissaM_ES2009b_D.head.55"/>
    <head endtime="536.84" starttime="536.52" type="emphasis_signal" nite:id="MelissaM_ES2009b_D.head.56"/>
    <head endtime="537.24" starttime="536.84" type="no_comm_head" nite:id="MelissaM_ES2009b_D.head.57"/>
    <head endtime="537.44" starttime="537.24" type="emphasis_signal" nite:id="MelissaM_ES2009b_D.head.58"/>
    <head endtime="540.72" starttime="537.44" type="no_comm_head" nite:id="MelissaM_ES2009b_D.head.59"/>
    <head endtime="540.88" starttime="540.72" type="emphasis_signal" nite:id="MelissaM_ES2009b_D.head.60"/>
    <head endtime="541.92" starttime="540.88" type="no_comm_head" nite:id="MelissaM_ES2009b_D.head.61"/>
    <head endtime="542.12" starttime="541.92" type="emphasis_signal" nite:id="MelissaM_ES2009b_D.head.62"/>
    <head endtime="543.08" starttime="542.12" type="no_comm_head" nite:id="MelissaM_ES2009b_D.head.63"/>
    <head endtime="543.6" starttime="543.08" type="emphasis_signal" nite:id="MelissaM_ES2009b_D.head.64"/>
    <head endtime="553.24" starttime="543.6" type="no_comm_head" nite:id="MelissaM_ES2009b_D.head.65"/>
    <head endtime="553.4" starttime="553.24" type="emphasis_signal" nite:id="MelissaM_ES2009b_D.head.66"/>
    <head endtime="555.16" starttime="553.4" type="no_comm_head" nite:id="MelissaM_ES2009b_D.head.67"/>
    <head endtime="555.36" starttime="555.16" type="emphasis_signal" nite:id="MelissaM_ES2009b_D.head.68"/>
    <head endtime="563.68" starttime="555.36" type="no_comm_head" nite:id="MelissaM_ES2009b_D.head.69"/>
    <head endtime="564.16" starttime="563.68" type="other_comm_head" nite:id="MelissaM_ES2009b_D.head.70"/>
    <head endtime="570.28" starttime="564.16" type="no_comm_head" nite:id="MelissaM_ES2009b_D.head.71"/>
    <head endtime="570.56" starttime="570.28" type="emphasis_signal" nite:id="MelissaM_ES2009b_D.head.72"/>
    <head endtime="577.0" starttime="570.56" type="no_comm_head" nite:id="MelissaM_ES2009b_D.head.73"/>
    <head endtime="577.2" starttime="577.0" type="emphasis_signal" nite:id="MelissaM_ES2009b_D.head.74"/>
    <head endtime="581.68" starttime="577.2" type="no_comm_head" nite:id="MelissaM_ES2009b_D.head.75"/>
    <head endtime="581.88" starttime="581.68" type="emphasis_signal" nite:id="MelissaM_ES2009b_D.head.76"/>
    <head endtime="583.4" starttime="581.88" type="no_comm_head" nite:id="MelissaM_ES2009b_D.head.77"/>
    <head endtime="583.6" starttime="583.4" type="emphasis_signal" nite:id="MelissaM_ES2009b_D.head.78"/>
    <head endtime="588.32" starttime="583.6" type="no_comm_head" nite:id="MelissaM_ES2009b_D.head.79"/>
    <head endtime="588.56" starttime="588.32" type="emphasis_signal" nite:id="MelissaM_ES2009b_D.head.80"/>
    <head endtime="589.92" starttime="588.56" type="no_comm_head" nite:id="MelissaM_ES2009b_D.head.81"/>
    <head endtime="590.2" starttime="589.92" type="emphasis_signal" nite:id="MelissaM_ES2009b_D.head.82"/>
    <head endtime="593.28" starttime="590.2" type="no_comm_head" nite:id="MelissaM_ES2009b_D.head.83"/>
    <head endtime="593.56" starttime="593.28" type="emphasis_signal" nite:id="MelissaM_ES2009b_D.head.84"/>
    <head endtime="595.12" starttime="593.56" type="no_comm_head" nite:id="MelissaM_ES2009b_D.head.85"/>
    <head endtime="595.32" starttime="595.12" type="emphasis_signal" nite:id="MelissaM_ES2009b_D.head.86"/>
    <head endtime="596.84" starttime="595.32" type="no_comm_head" nite:id="MelissaM_ES2009b_D.head.87"/>
    <head endtime="597.2" starttime="596.84" type="emphasis_signal" nite:id="MelissaM_ES2009b_D.head.88"/>
    <head endtime="601.92" starttime="597.2" type="no_comm_head" nite:id="MelissaM_ES2009b_D.head.89"/>
    <head endtime="602.48" starttime="601.92" type="emphasis_signal" nite:id="MelissaM_ES2009b_D.head.90"/>
    <head endtime="604.84" starttime="602.48" type="no_comm_head" nite:id="MelissaM_ES2009b_D.head.91"/>
    <head endtime="605.04" starttime="604.84" type="emphasis_signal" nite:id="MelissaM_ES2009b_D.head.92"/>
    <head endtime="651.08" starttime="605.04" type="no_comm_head" nite:id="MelissaM_ES2009b_D.head.93"/>
    <head endtime="651.48" starttime="651.08" type="concord_signal" nite:id="MelissaM_ES2009b_D.head.94"/>
    <head endtime="666.32" starttime="651.48" type="no_comm_head" nite:id="MelissaM_ES2009b_D.head.95"/>
    <head endtime="666.76" starttime="666.32" type="concord_signal" nite:id="MelissaM_ES2009b_D.head.96"/>
    <head endtime="683.32" starttime="666.76" type="no_comm_head" nite:id="MelissaM_ES2009b_D.head.97"/>
    <head endtime="683.72" starttime="683.32" type="concord_signal" nite:id="MelissaM_ES2009b_D.head.98"/>
    <head endtime="685.16" starttime="683.72" type="no_comm_head" nite:id="MelissaM_ES2009b_D.head.99"/>
    <head endtime="685.44" starttime="685.16" type="emphasis_signal" nite:id="MelissaM_ES2009b_D.head.100"/>
    <head endtime="687.48" starttime="685.44" type="no_comm_head" nite:id="MelissaM_ES2009b_D.head.101"/>
    <head endtime="687.68" starttime="687.48" type="emphasis_signal" nite:id="MelissaM_ES2009b_D.head.102"/>
    <head endtime="692.92" starttime="687.68" type="no_comm_head" nite:id="MelissaM_ES2009b_D.head.103"/>
    <head endtime="693.24" starttime="692.92" type="concord_signal" nite:id="MelissaM_ES2009b_D.head.104"/>
    <head endtime="717.96" starttime="693.24" type="no_comm_head" nite:id="MelissaM_ES2009b_D.head.105"/>
    <head endtime="718.44" starttime="717.96" type="concord_signal" nite:id="MelissaM_ES2009b_D.head.106"/>
    <head endtime="731.76" starttime="718.44" type="no_comm_head" nite:id="MelissaM_ES2009b_D.head.107"/>
    <head endtime="732.08" starttime="731.76" type="concord_signal" nite:id="MelissaM_ES2009b_D.head.108"/>
    <head endtime="751.92" starttime="732.08" type="no_comm_head" nite:id="MelissaM_ES2009b_D.head.109"/>
    <head endtime="752.88" starttime="751.92" type="concord_signal" nite:id="MelissaM_ES2009b_D.head.110"/>
    <head endtime="753.84" starttime="752.88" type="no_comm_head" nite:id="MelissaM_ES2009b_D.head.111"/>
    <head endtime="754.28" starttime="753.84" type="concord_signal" nite:id="MelissaM_ES2009b_D.head.112"/>
    <head endtime="756.96" starttime="754.28" type="no_comm_head" nite:id="MelissaM_ES2009b_D.head.113"/>
    <head endtime="757.68" starttime="756.96" type="concord_signal" nite:id="MelissaM_ES2009b_D.head.114"/>
    <head endtime="759.76" starttime="757.68" type="no_comm_head" nite:id="MelissaM_ES2009b_D.head.115"/>
    <head endtime="760.0" starttime="759.76" type="concord_signal" nite:id="MelissaM_ES2009b_D.head.116"/>
    <head endtime="792.52" starttime="760.0" type="no_comm_head" nite:id="MelissaM_ES2009b_D.head.117"/>
    <head endtime="792.84" starttime="792.52" type="concord_signal" nite:id="MelissaM_ES2009b_D.head.118"/>
    <head endtime="800.4" starttime="792.84" type="no_comm_head" nite:id="MelissaM_ES2009b_D.head.119"/>
    <head endtime="800.72" starttime="800.4" type="concord_signal" nite:id="MelissaM_ES2009b_D.head.120"/>
    <head endtime="817.12" starttime="800.72" type="no_comm_head" nite:id="MelissaM_ES2009b_D.head.121"/>
    <head endtime="817.6" starttime="817.12" type="concord_signal" nite:id="MelissaM_ES2009b_D.head.122"/>
    <head endtime="823.68" starttime="817.6" type="no_comm_head" nite:id="MelissaM_ES2009b_D.head.123"/>
    <head endtime="823.88" starttime="823.68" type="emphasis_signal" nite:id="MelissaM_ES2009b_D.head.124"/>
    <head endtime="825.0" starttime="823.88" type="no_comm_head" nite:id="MelissaM_ES2009b_D.head.125"/>
    <head endtime="825.48" starttime="825.0" type="concord_signal" nite:id="MelissaM_ES2009b_D.head.126"/>
    <head endtime="828.28" starttime="825.48" type="no_comm_head" nite:id="MelissaM_ES2009b_D.head.127"/>
    <head endtime="828.84" starttime="828.28" type="concord_signal" nite:id="MelissaM_ES2009b_D.head.128"/>
    <head endtime="836.92" starttime="828.84" type="no_comm_head" nite:id="MelissaM_ES2009b_D.head.129"/>
    <head endtime="837.2" starttime="836.92" type="emphasis_signal" nite:id="MelissaM_ES2009b_D.head.130"/>
    <head endtime="838.6" starttime="837.2" type="no_comm_head" nite:id="MelissaM_ES2009b_D.head.131"/>
    <head endtime="838.76" starttime="838.6" type="other_comm_head" nite:id="MelissaM_ES2009b_D.head.132"/>
    <head endtime="840.6" starttime="838.76" type="no_comm_head" nite:id="MelissaM_ES2009b_D.head.133"/>
    <head endtime="840.8" starttime="840.6" type="other_comm_head" nite:id="MelissaM_ES2009b_D.head.134"/>
    <head endtime="842.0" starttime="840.8" type="no_comm_head" nite:id="MelissaM_ES2009b_D.head.135"/>
    <head endtime="842.32" starttime="842.0" type="concord_signal" nite:id="MelissaM_ES2009b_D.head.136"/>
    <head endtime="845.52" starttime="842.32" type="no_comm_head" nite:id="MelissaM_ES2009b_D.head.137"/>
    <head endtime="846.12" starttime="845.52" type="concord_signal" nite:id="MelissaM_ES2009b_D.head.138"/>
    <head endtime="849.24" starttime="846.12" type="no_comm_head" nite:id="MelissaM_ES2009b_D.head.139"/>
    <head endtime="849.48" starttime="849.24" type="concord_signal" nite:id="MelissaM_ES2009b_D.head.140"/>
    <head endtime="855.28" starttime="849.48" type="no_comm_head" nite:id="MelissaM_ES2009b_D.head.141"/>
    <head endtime="855.52" starttime="855.28" type="emphasis_signal" nite:id="MelissaM_ES2009b_D.head.142"/>
    <head endtime="858.36" starttime="855.52" type="no_comm_head" nite:id="MelissaM_ES2009b_D.head.143"/>
    <head endtime="858.6" starttime="858.36" type="other_comm_head" nite:id="MelissaM_ES2009b_D.head.144"/>
    <head endtime="858.96" starttime="858.6" type="no_comm_head" nite:id="MelissaM_ES2009b_D.head.145"/>
    <head endtime="859.2" starttime="858.96" type="emphasis_signal" nite:id="MelissaM_ES2009b_D.head.146"/>
    <head endtime="860.44" starttime="859.2" type="no_comm_head" nite:id="MelissaM_ES2009b_D.head.147"/>
    <head endtime="860.68" starttime="860.44" type="emphasis_signal" nite:id="MelissaM_ES2009b_D.head.148"/>
    <head endtime="862.2" starttime="860.68" type="no_comm_head" nite:id="MelissaM_ES2009b_D.head.149"/>
    <head endtime="862.44" starttime="862.2" type="emphasis_signal" nite:id="MelissaM_ES2009b_D.head.150"/>
    <head endtime="864.68" starttime="862.44" type="no_comm_head" nite:id="MelissaM_ES2009b_D.head.151"/>
    <head endtime="864.88" starttime="864.68" type="emphasis_signal" nite:id="MelissaM_ES2009b_D.head.152"/>
    <head endtime="865.8" starttime="864.88" type="no_comm_head" nite:id="MelissaM_ES2009b_D.head.153"/>
    <head endtime="865.92" starttime="865.8" type="other_comm_head" nite:id="MelissaM_ES2009b_D.head.154"/>
    <head endtime="869.44" starttime="865.92" type="no_comm_head" nite:id="MelissaM_ES2009b_D.head.155"/>
    <head endtime="869.64" starttime="869.44" type="emphasis_signal" nite:id="MelissaM_ES2009b_D.head.156"/>
    <head endtime="880.8" starttime="869.64" type="no_comm_head" nite:id="MelissaM_ES2009b_D.head.157"/>
    <head endtime="881.16" starttime="880.8" type="concord_signal" nite:id="MelissaM_ES2009b_D.head.158"/>
    <head endtime="882.64" starttime="881.16" type="no_comm_head" nite:id="MelissaM_ES2009b_D.head.159"/>
    <head endtime="882.92" starttime="882.64" type="concord_signal" nite:id="MelissaM_ES2009b_D.head.160"/>
    <head endtime="888.8" starttime="882.92" type="no_comm_head" nite:id="MelissaM_ES2009b_D.head.161"/>
    <head endtime="889.28" starttime="888.8" type="concord_signal" nite:id="MelissaM_ES2009b_D.head.162"/>
    <head endtime="891.96" starttime="889.28" type="no_comm_head" nite:id="MelissaM_ES2009b_D.head.163"/>
    <head endtime="892.4" starttime="891.96" type="concord_signal" nite:id="MelissaM_ES2009b_D.head.164"/>
    <head endtime="924.44" starttime="892.4" type="no_comm_head" nite:id="MelissaM_ES2009b_D.head.165"/>
    <head endtime="924.84" starttime="924.44" type="concord_signal" nite:id="MelissaM_ES2009b_D.head.166"/>
    <head endtime="953.76" starttime="924.84" type="no_comm_head" nite:id="MelissaM_ES2009b_D.head.167"/>
    <head endtime="954.16" starttime="953.76" type="concord_signal" nite:id="MelissaM_ES2009b_D.head.168"/>
    <head endtime="984.04" starttime="954.16" type="no_comm_head" nite:id="MelissaM_ES2009b_D.head.169"/>
    <head endtime="984.8" starttime="984.04" type="concord_signal" nite:id="MelissaM_ES2009b_D.head.170"/>
    <head endtime="986.64" starttime="984.8" type="no_comm_head" nite:id="MelissaM_ES2009b_D.head.171"/>
    <head endtime="986.88" starttime="986.64" type="concord_signal" nite:id="MelissaM_ES2009b_D.head.172"/>
    <head endtime="1011.36" starttime="986.88" type="no_comm_head" nite:id="MelissaM_ES2009b_D.head.173"/>
    <head endtime="1011.8" starttime="1011.36" type="concord_signal" nite:id="MelissaM_ES2009b_D.head.174"/>
    <head endtime="1012.36" starttime="1011.8" type="no_comm_head" nite:id="MelissaM_ES2009b_D.head.175"/>
    <head endtime="1012.64" starttime="1012.36" type="concord_signal" nite:id="MelissaM_ES2009b_D.head.176"/>
    <head endtime="1034.96" starttime="1012.64" type="no_comm_head" nite:id="MelissaM_ES2009b_D.head.177"/>
    <head endtime="1035.52" starttime="1034.96" type="emphasis_signal" nite:id="MelissaM_ES2009b_D.head.178"/>
    <head endtime="1038.56" starttime="1035.52" type="no_comm_head" nite:id="MelissaM_ES2009b_D.head.179"/>
    <head endtime="1038.96" starttime="1038.56" type="emphasis_signal" nite:id="MelissaM_ES2009b_D.head.180"/>
    <head endtime="1043.36" starttime="1038.96" type="no_comm_head" nite:id="MelissaM_ES2009b_D.head.181"/>
    <head endtime="1044.16" starttime="1043.36" type="concord_signal" nite:id="MelissaM_ES2009b_D.head.182"/>
    <head endtime="1048.56" starttime="1044.16" type="no_comm_head" nite:id="MelissaM_ES2009b_D.head.183"/>
    <head endtime="1048.84" starttime="1048.56" type="concord_signal" nite:id="MelissaM_ES2009b_D.head.184"/>
    <head endtime="1059.4" starttime="1048.84" type="no_comm_head" nite:id="MelissaM_ES2009b_D.head.185"/>
    <head endtime="1059.88" starttime="1059.4" type="concord_signal" nite:id="MelissaM_ES2009b_D.head.186"/>
    <head endtime="1081.96" starttime="1059.88" type="no_comm_head" nite:id="MelissaM_ES2009b_D.head.187"/>
    <head endtime="1082.6" starttime="1081.96" type="concord_signal" nite:id="MelissaM_ES2009b_D.head.188"/>
    <head endtime="1106.28" starttime="1082.6" type="no_comm_head" nite:id="MelissaM_ES2009b_D.head.189"/>
    <head endtime="1106.64" starttime="1106.28" type="concord_signal" nite:id="MelissaM_ES2009b_D.head.190"/>
    <head endtime="1119.84" starttime="1106.64" type="no_comm_head" nite:id="MelissaM_ES2009b_D.head.191"/>
    <head endtime="1120.16" starttime="1119.84" type="concord_signal" nite:id="MelissaM_ES2009b_D.head.192"/>
    <head endtime="1161.6" starttime="1120.16" type="no_comm_head" nite:id="MelissaM_ES2009b_D.head.193"/>
    <head endtime="1161.76" starttime="1161.6" type="emphasis_signal" nite:id="MelissaM_ES2009b_D.head.194"/>
    <head endtime="1169.2" starttime="1161.76" type="no_comm_head" nite:id="MelissaM_ES2009b_D.head.195"/>
    <head endtime="1169.52" starttime="1169.2" type="concord_signal" nite:id="MelissaM_ES2009b_D.head.196"/>
    <head endtime="1186.84" starttime="1169.52" type="no_comm_head" nite:id="MelissaM_ES2009b_D.head.197"/>
    <head endtime="1187.76" starttime="1186.84" type="concord_signal" nite:id="MelissaM_ES2009b_D.head.198"/>
    <head endtime="1191.36" starttime="1187.76" type="no_comm_head" nite:id="MelissaM_ES2009b_D.head.199"/>
    <head endtime="1191.52" starttime="1191.36" type="emphasis_signal" nite:id="MelissaM_ES2009b_D.head.200"/>
    <head endtime="1200.52" starttime="1191.52" type="no_comm_head" nite:id="MelissaM_ES2009b_D.head.201"/>
    <head endtime="1201.0" starttime="1200.52" type="concord_signal" nite:id="MelissaM_ES2009b_D.head.202"/>
    <head endtime="1203.36" starttime="1201.0" type="no_comm_head" nite:id="MelissaM_ES2009b_D.head.203"/>
    <head endtime="1203.76" starttime="1203.36" type="concord_signal" nite:id="MelissaM_ES2009b_D.head.204"/>
    <head endtime="1205.48" starttime="1203.76" type="no_comm_head" nite:id="MelissaM_ES2009b_D.head.205"/>
    <head endtime="1205.8" starttime="1205.48" type="concord_signal" nite:id="MelissaM_ES2009b_D.head.206"/>
    <head endtime="1208.96" starttime="1205.8" type="no_comm_head" nite:id="MelissaM_ES2009b_D.head.207"/>
    <head endtime="1209.2" starttime="1208.96" type="concord_signal" nite:id="MelissaM_ES2009b_D.head.208"/>
    <head endtime="1222.32" starttime="1209.2" type="no_comm_head" nite:id="MelissaM_ES2009b_D.head.209"/>
    <head endtime="1222.6" starttime="1222.32" type="concord_signal" nite:id="MelissaM_ES2009b_D.head.210"/>
    <head endtime="1226.68" starttime="1222.6" type="no_comm_head" nite:id="MelissaM_ES2009b_D.head.211"/>
    <head endtime="1226.88" starttime="1226.68" type="concord_signal" nite:id="MelissaM_ES2009b_D.head.212"/>
    <head endtime="1244.04" starttime="1226.88" type="no_comm_head" nite:id="MelissaM_ES2009b_D.head.213"/>
    <head endtime="1244.32" starttime="1244.04" type="concord_signal" nite:id="MelissaM_ES2009b_D.head.214"/>
    <head endtime="1279.28" starttime="1244.32" type="no_comm_head" nite:id="MelissaM_ES2009b_D.head.215"/>
    <head endtime="1281.44" starttime="1279.28" type="other_comm_head" nite:id="MelissaM_ES2009b_D.head.216"/>
    <head endtime="1282.2" starttime="1281.44" type="no_comm_head" nite:id="MelissaM_ES2009b_D.head.217"/>
    <head endtime="1282.44" starttime="1282.2" type="concord_signal" nite:id="MelissaM_ES2009b_D.head.218"/>
    <head endtime="1309.2" starttime="1282.44" type="no_comm_head" nite:id="MelissaM_ES2009b_D.head.219"/>
    <head endtime="1309.48" starttime="1309.2" type="concord_signal" nite:id="MelissaM_ES2009b_D.head.220"/>
    <head endtime="1334.24" starttime="1309.48" type="no_comm_head" nite:id="MelissaM_ES2009b_D.head.221"/>
    <head endtime="1334.84" starttime="1334.24" type="turn_signal" nite:id="MelissaM_ES2009b_D.head.222"/>
    <head endtime="1346.72" starttime="1334.84" type="no_comm_head" nite:id="MelissaM_ES2009b_D.head.223"/>
    <head endtime="1347.08" starttime="1346.72" type="emphasis_signal" nite:id="MelissaM_ES2009b_D.head.224"/>
    <head endtime="1354.88" starttime="1347.08" type="no_comm_head" nite:id="MelissaM_ES2009b_D.head.225"/>
    <head endtime="1355.36" starttime="1354.88" type="concord_signal" nite:id="MelissaM_ES2009b_D.head.226"/>
    <head endtime="1389.52" starttime="1355.36" type="no_comm_head" nite:id="MelissaM_ES2009b_D.head.227"/>
    <head endtime="1389.76" starttime="1389.52" type="concord_signal" nite:id="MelissaM_ES2009b_D.head.228"/>
    <head endtime="1391.76" starttime="1389.76" type="no_comm_head" nite:id="MelissaM_ES2009b_D.head.229"/>
    <head endtime="1392.12" starttime="1391.76" type="concord_signal" nite:id="MelissaM_ES2009b_D.head.230"/>
    <head endtime="1409.08" starttime="1392.12" type="no_comm_head" nite:id="MelissaM_ES2009b_D.head.231"/>
    <head endtime="1409.36" starttime="1409.08" type="negative_signal" nite:id="MelissaM_ES2009b_D.head.232"/>
    <head endtime="1451.0" starttime="1409.36" type="no_comm_head" nite:id="MelissaM_ES2009b_D.head.233"/>
</nite:root>
