<?xml version="1.0" encoding="UTF-8"?>
<nite:root xmlns:nite="http://nite.sourceforge.net/" nite:id="MelissaM_ES2009d_B.nite:root.1">
    <head endtime="79.8" starttime="0.0" type="no_comm_head" nite:id="MelissaM_ES2009d_B.head.1"/>
    <head endtime="80.04" form="nod" starttime="79.8" type="concord_signal" nite:id="MelissaM_ES2009d_B.head.2"/>
    <head endtime="154.44" starttime="80.04" type="no_comm_head" nite:id="MelissaM_ES2009d_B.head.3"/>
    <head endtime="155.56" form="nod" starttime="154.44" type="concord_signal" nite:id="MelissaM_ES2009d_B.head.4"/>
    <head endtime="157.96" starttime="155.56" type="no_comm_head" nite:id="MelissaM_ES2009d_B.head.5"/>
    <head endtime="158.28" form="nod" starttime="157.96" type="concord_signal" nite:id="MelissaM_ES2009d_B.head.6"/>
    <head endtime="175.88" starttime="158.28" type="no_comm_head" nite:id="MelissaM_ES2009d_B.head.7"/>
    <head endtime="177.0" form="nod" starttime="175.88" type="concord_signal" nite:id="MelissaM_ES2009d_B.head.8"/>
    <head endtime="212.96" starttime="177.0" type="no_comm_head" nite:id="MelissaM_ES2009d_B.head.9"/>
    <head endtime="213.24" form="nod" starttime="212.96" type="emphasis_signal" nite:id="MelissaM_ES2009d_B.head.10"/>
    <head endtime="213.64" starttime="213.24" type="no_comm_head" nite:id="MelissaM_ES2009d_B.head.11"/>
    <head endtime="213.84" form="nod" starttime="213.64" type="emphasis_signal" nite:id="MelissaM_ES2009d_B.head.12"/>
    <head endtime="247.84" starttime="213.84" type="no_comm_head" nite:id="MelissaM_ES2009d_B.head.13"/>
    <head endtime="248.08" form="nod" starttime="247.84" type="emphasis_signal" nite:id="MelissaM_ES2009d_B.head.14"/>
    <head endtime="300.12" starttime="248.08" type="no_comm_head" nite:id="MelissaM_ES2009d_B.head.15"/>
    <head endtime="300.72" form="nod" starttime="300.12" type="concord_signal" nite:id="MelissaM_ES2009d_B.head.16"/>
    <head endtime="354.52" starttime="300.72" type="no_comm_head" nite:id="MelissaM_ES2009d_B.head.17"/>
    <head endtime="354.72" form="shake" starttime="354.52" type="other_comm_head" nite:id="MelissaM_ES2009d_B.head.18"/>
    <head endtime="360.92" starttime="354.72" type="no_comm_head" nite:id="MelissaM_ES2009d_B.head.19"/>
    <head endtime="361.12" form="nod" starttime="360.92" type="emphasis_signal" nite:id="MelissaM_ES2009d_B.head.20"/>
    <head endtime="399.76" starttime="361.12" type="no_comm_head" nite:id="MelissaM_ES2009d_B.head.21"/>
    <head endtime="400.04" form="shake" starttime="399.76" type="other_comm_head" nite:id="MelissaM_ES2009d_B.head.22"/>
    <head endtime="411.84" starttime="400.04" type="no_comm_head" nite:id="MelissaM_ES2009d_B.head.23"/>
    <head endtime="412.52" form="nod" starttime="411.84" type="concord_signal" nite:id="MelissaM_ES2009d_B.head.24"/>
    <head endtime="447.0" starttime="412.52" type="no_comm_head" nite:id="MelissaM_ES2009d_B.head.25"/>
    <head endtime="447.24" form="nod" starttime="447.0" type="emphasis_signal" nite:id="MelissaM_ES2009d_B.head.26"/>
    <head endtime="448.0" starttime="447.24" type="no_comm_head" nite:id="MelissaM_ES2009d_B.head.27"/>
    <head endtime="448.24" form="nod" starttime="448.0" type="emphasis_signal" nite:id="MelissaM_ES2009d_B.head.28"/>
    <head endtime="453.92" starttime="448.24" type="no_comm_head" nite:id="MelissaM_ES2009d_B.head.29"/>
    <head endtime="454.08" form="nod" starttime="453.92" type="emphasis_signal" nite:id="MelissaM_ES2009d_B.head.30"/>
    <head endtime="458.08" starttime="454.08" type="no_comm_head" nite:id="MelissaM_ES2009d_B.head.31"/>
    <head endtime="458.24" form="nod" starttime="458.08" type="emphasis_signal" nite:id="MelissaM_ES2009d_B.head.32"/>
    <head endtime="460.16" starttime="458.24" type="no_comm_head" nite:id="MelissaM_ES2009d_B.head.33"/>
    <head endtime="460.32" form="nod" starttime="460.16" type="emphasis_signal" nite:id="MelissaM_ES2009d_B.head.34"/>
    <head endtime="462.8" starttime="460.32" type="no_comm_head" nite:id="MelissaM_ES2009d_B.head.35"/>
    <head endtime="462.96" form="nod" starttime="462.8" type="emphasis_signal" nite:id="MelissaM_ES2009d_B.head.36"/>
    <head endtime="465.12" starttime="462.96" type="no_comm_head" nite:id="MelissaM_ES2009d_B.head.37"/>
    <head endtime="465.4" form="nod" starttime="465.12" type="emphasis_signal" nite:id="MelissaM_ES2009d_B.head.38"/>
    <head endtime="467.64" starttime="465.4" type="no_comm_head" nite:id="MelissaM_ES2009d_B.head.39"/>
    <head endtime="467.8" form="nod" starttime="467.64" type="emphasis_signal" nite:id="MelissaM_ES2009d_B.head.40"/>
    <head endtime="472.88" starttime="467.8" type="no_comm_head" nite:id="MelissaM_ES2009d_B.head.41"/>
    <head endtime="473.08" form="nod" starttime="472.88" type="emphasis_signal" nite:id="MelissaM_ES2009d_B.head.42"/>
    <head endtime="505.56" starttime="473.08" type="no_comm_head" nite:id="MelissaM_ES2009d_B.head.43"/>
    <head endtime="505.8" form="nod" starttime="505.56" type="concord_signal" nite:id="MelissaM_ES2009d_B.head.44"/>
    <head endtime="513.4" starttime="505.8" type="no_comm_head" nite:id="MelissaM_ES2009d_B.head.45"/>
    <head endtime="513.72" form="nod" starttime="513.4" type="concord_signal" nite:id="MelissaM_ES2009d_B.head.46"/>
    <head endtime="521.16" starttime="513.72" type="no_comm_head" nite:id="MelissaM_ES2009d_B.head.47"/>
    <head endtime="521.76" form="nod" starttime="521.16" type="concord_signal" nite:id="MelissaM_ES2009d_B.head.48"/>
    <head endtime="551.04" starttime="521.76" type="no_comm_head" nite:id="MelissaM_ES2009d_B.head.49"/>
    <head endtime="551.44" form="nod" starttime="551.04" type="concord_signal" nite:id="MelissaM_ES2009d_B.head.50"/>
    <head endtime="565.76" starttime="551.44" type="no_comm_head" nite:id="MelissaM_ES2009d_B.head.51"/>
    <head endtime="566.56" form="shake" starttime="565.76" type="emphasis_signal" nite:id="MelissaM_ES2009d_B.head.52"/>
    <head endtime="592.2" starttime="566.56" type="no_comm_head" nite:id="MelissaM_ES2009d_B.head.53"/>
    <head endtime="592.76" form="nod" starttime="592.2" type="concord_signal" nite:id="MelissaM_ES2009d_B.head.54"/>
    <head endtime="606.28" starttime="592.76" type="no_comm_head" nite:id="MelissaM_ES2009d_B.head.55"/>
    <head endtime="606.72" form="nod" starttime="606.28" type="emphasis_signal" nite:id="MelissaM_ES2009d_B.head.56"/>
    <head endtime="607.6" starttime="606.72" type="no_comm_head" nite:id="MelissaM_ES2009d_B.head.57"/>
    <head endtime="607.96" form="nod" starttime="607.6" type="emphasis_signal" nite:id="MelissaM_ES2009d_B.head.58"/>
    <head endtime="611.12" starttime="607.96" type="no_comm_head" nite:id="MelissaM_ES2009d_B.head.59"/>
    <head endtime="611.44" form="nod" starttime="611.12" type="emphasis_signal" nite:id="MelissaM_ES2009d_B.head.60"/>
    <head endtime="616.2" starttime="611.44" type="no_comm_head" nite:id="MelissaM_ES2009d_B.head.61"/>
    <head endtime="616.4" form="shake" starttime="616.2" type="other_comm_head" nite:id="MelissaM_ES2009d_B.head.62"/>
    <head endtime="617.8" starttime="616.4" type="no_comm_head" nite:id="MelissaM_ES2009d_B.head.63"/>
    <head endtime="618.16" form="nod" starttime="617.8" type="emphasis_signal" nite:id="MelissaM_ES2009d_B.head.64"/>
    <head endtime="619.8" starttime="618.16" type="no_comm_head" nite:id="MelissaM_ES2009d_B.head.65"/>
    <head endtime="620.0" form="nod" starttime="619.8" type="concord_signal" nite:id="MelissaM_ES2009d_B.head.66"/>
    <head endtime="621.0" starttime="620.0" type="no_comm_head" nite:id="MelissaM_ES2009d_B.head.67"/>
    <head endtime="621.24" form="nod" starttime="621.0" type="concord_signal" nite:id="MelissaM_ES2009d_B.head.68"/>
    <head endtime="629.88" starttime="621.24" type="no_comm_head" nite:id="MelissaM_ES2009d_B.head.69"/>
    <head endtime="630.28" form="nod" starttime="629.88" type="concord_signal" nite:id="MelissaM_ES2009d_B.head.70"/>
    <head endtime="666.6" starttime="630.28" type="no_comm_head" nite:id="MelissaM_ES2009d_B.head.71"/>
    <head endtime="666.88" form="nod" starttime="666.6" type="concord_signal" nite:id="MelissaM_ES2009d_B.head.72"/>
    <head endtime="669.2" starttime="666.88" type="no_comm_head" nite:id="MelissaM_ES2009d_B.head.73"/>
    <head endtime="669.44" form="nod" starttime="669.2" type="concord_signal" nite:id="MelissaM_ES2009d_B.head.74"/>
    <head endtime="678.6" starttime="669.44" type="no_comm_head" nite:id="MelissaM_ES2009d_B.head.75"/>
    <head endtime="679.12" form="nod" starttime="678.6" type="concord_signal" nite:id="MelissaM_ES2009d_B.head.76"/>
    <head endtime="688.56" starttime="679.12" type="no_comm_head" nite:id="MelissaM_ES2009d_B.head.77"/>
    <head endtime="689.0" form="nod" starttime="688.56" type="concord_signal" nite:id="MelissaM_ES2009d_B.head.78"/>
    <head endtime="698.68" starttime="689.0" type="no_comm_head" nite:id="MelissaM_ES2009d_B.head.79"/>
    <head endtime="698.92" form="shake" starttime="698.68" type="emphasis_signal" nite:id="MelissaM_ES2009d_B.head.80"/>
    <head endtime="716.2" starttime="698.92" type="no_comm_head" nite:id="MelissaM_ES2009d_B.head.81"/>
    <head endtime="717.08" form="nod" starttime="716.2" type="concord_signal" nite:id="MelissaM_ES2009d_B.head.82"/>
    <head endtime="728.24" starttime="717.08" type="no_comm_head" nite:id="MelissaM_ES2009d_B.head.83"/>
    <head endtime="729.04" form="nod" starttime="728.24" type="concord_signal" nite:id="MelissaM_ES2009d_B.head.84"/>
    <head endtime="773.16" starttime="729.04" type="no_comm_head" nite:id="MelissaM_ES2009d_B.head.85"/>
    <head endtime="773.76" form="shake" starttime="773.16" type="discord_signal" nite:id="MelissaM_ES2009d_B.head.86"/>
    <head endtime="780.0" starttime="773.76" type="no_comm_head" nite:id="MelissaM_ES2009d_B.head.87"/>
    <head endtime="780.2" form="shake" starttime="780.0" type="emphasis_signal" nite:id="MelissaM_ES2009d_B.head.88"/>
    <head endtime="782.16" starttime="780.2" type="no_comm_head" nite:id="MelissaM_ES2009d_B.head.89"/>
    <head endtime="782.44" form="shake" starttime="782.16" type="emphasis_signal" nite:id="MelissaM_ES2009d_B.head.90"/>
    <head endtime="784.36" starttime="782.44" type="no_comm_head" nite:id="MelissaM_ES2009d_B.head.91"/>
    <head endtime="784.48" form="shake" starttime="784.36" type="emphasis_signal" nite:id="MelissaM_ES2009d_B.head.92"/>
    <head endtime="789.68" starttime="784.48" type="no_comm_head" nite:id="MelissaM_ES2009d_B.head.93"/>
    <head endtime="790.56" form="nod" starttime="789.68" type="emphasis_signal" nite:id="MelissaM_ES2009d_B.head.94"/>
    <head endtime="795.56" starttime="790.56" type="no_comm_head" nite:id="MelissaM_ES2009d_B.head.95"/>
    <head endtime="795.84" form="shake" starttime="795.56" type="other_comm_head" nite:id="MelissaM_ES2009d_B.head.96"/>
    <head endtime="836.12" starttime="795.84" type="no_comm_head" nite:id="MelissaM_ES2009d_B.head.97"/>
    <head endtime="836.56" form="shake" starttime="836.12" type="concord_signal" nite:id="MelissaM_ES2009d_B.head.98"/>
    <head endtime="852.04" starttime="836.56" type="no_comm_head" nite:id="MelissaM_ES2009d_B.head.99"/>
    <head endtime="852.52" form="shake" starttime="852.04" type="concord_signal" nite:id="MelissaM_ES2009d_B.head.100"/>
    <head endtime="861.76" starttime="852.52" type="no_comm_head" nite:id="MelissaM_ES2009d_B.head.101"/>
    <head endtime="862.36" form="shake" starttime="861.76" type="concord_signal" nite:id="MelissaM_ES2009d_B.head.102"/>
    <head endtime="874.92" starttime="862.36" type="no_comm_head" nite:id="MelissaM_ES2009d_B.head.103"/>
    <head endtime="875.44" form="shake" starttime="874.92" type="concord_signal" nite:id="MelissaM_ES2009d_B.head.104"/>
    <head endtime="899.24" starttime="875.44" type="no_comm_head" nite:id="MelissaM_ES2009d_B.head.105"/>
    <head endtime="900.08" form="shake" starttime="899.24" type="concord_signal" nite:id="MelissaM_ES2009d_B.head.106"/>
    <head endtime="912.96" starttime="900.08" type="no_comm_head" nite:id="MelissaM_ES2009d_B.head.107"/>
    <head endtime="913.48" form="shake" starttime="912.96" type="concord_signal" nite:id="MelissaM_ES2009d_B.head.108"/>
    <head endtime="939.04" starttime="913.48" type="no_comm_head" nite:id="MelissaM_ES2009d_B.head.109"/>
    <head endtime="939.28" form="nod" starttime="939.04" type="other_comm_head" nite:id="MelissaM_ES2009d_B.head.110"/>
    <head endtime="991.92" starttime="939.28" type="no_comm_head" nite:id="MelissaM_ES2009d_B.head.111"/>
    <head endtime="992.8" form="nod" starttime="991.92" type="concord_signal" nite:id="MelissaM_ES2009d_B.head.112"/>
    <head endtime="996.4" starttime="992.8" type="no_comm_head" nite:id="MelissaM_ES2009d_B.head.113"/>
    <head endtime="996.96" form="nod" starttime="996.4" type="concord_signal" nite:id="MelissaM_ES2009d_B.head.114"/>
    <head endtime="1017.88" starttime="996.96" type="no_comm_head" nite:id="MelissaM_ES2009d_B.head.115"/>
    <head endtime="1019.0" form="nod" starttime="1017.88" type="concord_signal" nite:id="MelissaM_ES2009d_B.head.116"/>
    <head endtime="1032.72" starttime="1019.0" type="no_comm_head" nite:id="MelissaM_ES2009d_B.head.117"/>
    <head endtime="1033.28" form="nod" starttime="1032.72" type="concord_signal" nite:id="MelissaM_ES2009d_B.head.118"/>
    <head endtime="1045.88" starttime="1033.28" type="no_comm_head" nite:id="MelissaM_ES2009d_B.head.119"/>
    <head endtime="1046.24" form="nod" starttime="1045.88" type="concord_signal" nite:id="MelissaM_ES2009d_B.head.120"/>
    <head endtime="1052.84" starttime="1046.24" type="no_comm_head" nite:id="MelissaM_ES2009d_B.head.121"/>
    <head endtime="1053.24" form="nod" starttime="1052.84" type="concord_signal" nite:id="MelissaM_ES2009d_B.head.122"/>
    <head endtime="1058.44" starttime="1053.24" type="no_comm_head" nite:id="MelissaM_ES2009d_B.head.123"/>
    <head endtime="1059.16" form="nod" starttime="1058.44" type="concord_signal" nite:id="MelissaM_ES2009d_B.head.124"/>
    <head endtime="1110.52" starttime="1059.16" type="no_comm_head" nite:id="MelissaM_ES2009d_B.head.125"/>
    <head endtime="1111.04" form="nod" starttime="1110.52" type="concord_signal" nite:id="MelissaM_ES2009d_B.head.126"/>
    <head endtime="1126.68" starttime="1111.04" type="no_comm_head" nite:id="MelissaM_ES2009d_B.head.127"/>
    <head endtime="1127.08" form="nod" starttime="1126.68" type="concord_signal" nite:id="MelissaM_ES2009d_B.head.128"/>
    <head endtime="1172.96" starttime="1127.08" type="no_comm_head" nite:id="MelissaM_ES2009d_B.head.129"/>
    <head endtime="1173.48" form="nod" starttime="1172.96" type="concord_signal" nite:id="MelissaM_ES2009d_B.head.130"/>
    <head endtime="1174.72" starttime="1173.48" type="no_comm_head" nite:id="MelissaM_ES2009d_B.head.131"/>
    <head endtime="1175.0" form="nod" starttime="1174.72" type="concord_signal" nite:id="MelissaM_ES2009d_B.head.132"/>
    <head endtime="1182.68" starttime="1175.0" type="no_comm_head" nite:id="MelissaM_ES2009d_B.head.133"/>
    <head endtime="1183.36" form="nod" starttime="1182.68" type="concord_signal" nite:id="MelissaM_ES2009d_B.head.134"/>
    <head endtime="1187.56" starttime="1183.36" type="no_comm_head" nite:id="MelissaM_ES2009d_B.head.135"/>
    <head endtime="1187.88" form="nod" starttime="1187.56" type="concord_signal" nite:id="MelissaM_ES2009d_B.head.136"/>
    <head endtime="1202.12" starttime="1187.88" type="no_comm_head" nite:id="MelissaM_ES2009d_B.head.137"/>
    <head endtime="1202.52" form="nod" starttime="1202.12" type="concord_signal" nite:id="MelissaM_ES2009d_B.head.138"/>
    <head endtime="1252.96" starttime="1202.52" type="no_comm_head" nite:id="MelissaM_ES2009d_B.head.139"/>
    <head endtime="1253.2" form="nod" starttime="1252.96" type="emphasis_signal" nite:id="MelissaM_ES2009d_B.head.140"/>
    <head endtime="1260.96" starttime="1253.2" type="no_comm_head" nite:id="MelissaM_ES2009d_B.head.141"/>
    <head endtime="1261.4" form="nod" starttime="1260.96" type="concord_signal" nite:id="MelissaM_ES2009d_B.head.142"/>
    <head endtime="1273.48" starttime="1261.4" type="no_comm_head" nite:id="MelissaM_ES2009d_B.head.143"/>
    <head endtime="1273.8" form="nod" starttime="1273.48" type="emphasis_signal" nite:id="MelissaM_ES2009d_B.head.144"/>
    <head endtime="1275.52" starttime="1273.8" type="no_comm_head" nite:id="MelissaM_ES2009d_B.head.145"/>
    <head endtime="1275.68" form="nod" starttime="1275.52" type="emphasis_signal" nite:id="MelissaM_ES2009d_B.head.146"/>
    <head endtime="1276.4" starttime="1275.68" type="no_comm_head" nite:id="MelissaM_ES2009d_B.head.147"/>
    <head endtime="1276.6" form="nod" starttime="1276.4" type="emphasis_signal" nite:id="MelissaM_ES2009d_B.head.148"/>
    <head endtime="1279.36" starttime="1276.6" type="no_comm_head" nite:id="MelissaM_ES2009d_B.head.149"/>
    <head endtime="1279.6" form="nod" starttime="1279.36" type="concord_signal" nite:id="MelissaM_ES2009d_B.head.150"/>
    <head endtime="1280.88" starttime="1279.6" type="no_comm_head" nite:id="MelissaM_ES2009d_B.head.151"/>
    <head endtime="1281.32" form="nod" starttime="1280.88" type="concord_signal" nite:id="MelissaM_ES2009d_B.head.152"/>
    <head endtime="1293.24" starttime="1281.32" type="no_comm_head" nite:id="MelissaM_ES2009d_B.head.153"/>
    <head endtime="1293.52" form="shake" starttime="1293.24" type="other_comm_head" nite:id="MelissaM_ES2009d_B.head.154"/>
    <head endtime="1318.32" starttime="1293.52" type="no_comm_head" nite:id="MelissaM_ES2009d_B.head.155"/>
    <head endtime="1318.48" form="shake" starttime="1318.32" type="emphasis_signal" nite:id="MelissaM_ES2009d_B.head.156"/>
    <head endtime="1320.6" starttime="1318.48" type="no_comm_head" nite:id="MelissaM_ES2009d_B.head.157"/>
    <head endtime="1320.8" form="shake" starttime="1320.6" type="emphasis_signal" nite:id="MelissaM_ES2009d_B.head.158"/>
    <head endtime="1322.84" starttime="1320.8" type="no_comm_head" nite:id="MelissaM_ES2009d_B.head.159"/>
    <head endtime="1323.12" form="shake" starttime="1322.84" type="emphasis_signal" nite:id="MelissaM_ES2009d_B.head.160"/>
    <head endtime="1324.04" starttime="1323.12" type="no_comm_head" nite:id="MelissaM_ES2009d_B.head.161"/>
    <head endtime="1324.2" form="nod" starttime="1324.04" type="emphasis_signal" nite:id="MelissaM_ES2009d_B.head.162"/>
    <head endtime="1334.56" starttime="1324.2" type="no_comm_head" nite:id="MelissaM_ES2009d_B.head.163"/>
    <head endtime="1334.84" form="nod" starttime="1334.56" type="concord_signal" nite:id="MelissaM_ES2009d_B.head.164"/>
    <head endtime="1343.96" starttime="1334.84" type="no_comm_head" nite:id="MelissaM_ES2009d_B.head.165"/>
    <head endtime="1344.6" form="nod" starttime="1343.96" type="concord_signal" nite:id="MelissaM_ES2009d_B.head.166"/>
    <head endtime="1382.8" starttime="1344.6" type="no_comm_head" nite:id="MelissaM_ES2009d_B.head.167"/>
    <head endtime="1383.04" form="nod" starttime="1382.8" type="concord_signal" nite:id="MelissaM_ES2009d_B.head.168"/>
    <head endtime="1392.92" starttime="1383.04" type="no_comm_head" nite:id="MelissaM_ES2009d_B.head.169"/>
    <head endtime="1393.08" form="nod" starttime="1392.92" type="emphasis_signal" nite:id="MelissaM_ES2009d_B.head.170"/>
    <head endtime="1394.36" starttime="1393.08" type="no_comm_head" nite:id="MelissaM_ES2009d_B.head.171"/>
    <head endtime="1394.6" form="nod" starttime="1394.36" type="emphasis_signal" nite:id="MelissaM_ES2009d_B.head.172"/>
    <head endtime="1402.64" starttime="1394.6" type="no_comm_head" nite:id="MelissaM_ES2009d_B.head.173"/>
    <head endtime="1402.92" form="nod" starttime="1402.64" type="emphasis_signal" nite:id="MelissaM_ES2009d_B.head.174"/>
    <head endtime="1423.92" starttime="1402.92" type="no_comm_head" nite:id="MelissaM_ES2009d_B.head.175"/>
    <head endtime="1424.2" form="nod" starttime="1423.92" type="concord_signal" nite:id="MelissaM_ES2009d_B.head.176"/>
    <head endtime="1426.72" starttime="1424.2" type="no_comm_head" nite:id="MelissaM_ES2009d_B.head.177"/>
    <head endtime="1426.96" form="nod" starttime="1426.72" type="concord_signal" nite:id="MelissaM_ES2009d_B.head.178"/>
    <head endtime="1435.28" starttime="1426.96" type="no_comm_head" nite:id="MelissaM_ES2009d_B.head.179"/>
    <head endtime="1435.48" form="nod" starttime="1435.28" type="concord_signal" nite:id="MelissaM_ES2009d_B.head.180"/>
    <head endtime="1450.96" starttime="1435.48" type="no_comm_head" nite:id="MelissaM_ES2009d_B.head.181"/>
    <head endtime="1452.64" form="nod" starttime="1450.96" type="concord_signal" nite:id="MelissaM_ES2009d_B.head.182"/>
    <head endtime="1458.72" starttime="1452.64" type="no_comm_head" nite:id="MelissaM_ES2009d_B.head.183"/>
    <head endtime="1459.2" form="nod" starttime="1458.72" type="concord_signal" nite:id="MelissaM_ES2009d_B.head.184"/>
    <head endtime="1464.8" starttime="1459.2" type="no_comm_head" nite:id="MelissaM_ES2009d_B.head.185"/>
    <head endtime="1465.16" form="nod" starttime="1464.8" type="concord_signal" nite:id="MelissaM_ES2009d_B.head.186"/>
    <head endtime="1472.4" starttime="1465.16" type="no_comm_head" nite:id="MelissaM_ES2009d_B.head.187"/>
    <head endtime="1472.84" form="nod" starttime="1472.4" type="concord_signal" nite:id="MelissaM_ES2009d_B.head.188"/>
    <head endtime="1513.24" starttime="1472.84" type="no_comm_head" nite:id="MelissaM_ES2009d_B.head.189"/>
    <head endtime="1513.56" form="nod" starttime="1513.24" type="concord_signal" nite:id="MelissaM_ES2009d_B.head.190"/>
    <head endtime="1537.76" starttime="1513.56" type="no_comm_head" nite:id="MelissaM_ES2009d_B.head.191"/>
    <head endtime="1538.2" form="nod" starttime="1537.76" type="concord_signal" nite:id="MelissaM_ES2009d_B.head.192"/>
    <head endtime="1540.28" starttime="1538.2" type="no_comm_head" nite:id="MelissaM_ES2009d_B.head.193"/>
    <head endtime="1540.56" form="nod" starttime="1540.28" type="emphasis_signal" nite:id="MelissaM_ES2009d_B.head.194"/>
    <head endtime="1552.08" starttime="1540.56" type="no_comm_head" nite:id="MelissaM_ES2009d_B.head.195"/>
    <head endtime="1552.76" form="nod" starttime="1552.08" type="concord_signal" nite:id="MelissaM_ES2009d_B.head.196"/>
    <head endtime="1600.8" starttime="1552.76" type="no_comm_head" nite:id="MelissaM_ES2009d_B.head.197"/>
    <head endtime="1601.16" form="nod" starttime="1600.8" type="concord_signal" nite:id="MelissaM_ES2009d_B.head.198"/>
    <head endtime="1633.88" starttime="1601.16" type="no_comm_head" nite:id="MelissaM_ES2009d_B.head.199"/>
    <head endtime="1634.36" form="shake" starttime="1633.88" type="negative_signal" nite:id="MelissaM_ES2009d_B.head.200"/>
    <head endtime="1651.04" starttime="1634.36" type="no_comm_head" nite:id="MelissaM_ES2009d_B.head.201"/>
    <head endtime="1651.44" form="nod" starttime="1651.04" type="concord_signal" nite:id="MelissaM_ES2009d_B.head.202"/>
    <head endtime="1687.4" starttime="1651.44" type="no_comm_head" nite:id="MelissaM_ES2009d_B.head.203"/>
    <head endtime="1687.64" form="nod" starttime="1687.4" type="concord_signal" nite:id="MelissaM_ES2009d_B.head.204"/>
    <head endtime="1688.24" starttime="1687.64" type="no_comm_head" nite:id="MelissaM_ES2009d_B.head.205"/>
    <head endtime="1688.8" form="nod" starttime="1688.24" type="concord_signal" nite:id="MelissaM_ES2009d_B.head.206"/>
    <head endtime="1693.56" starttime="1688.8" type="no_comm_head" nite:id="MelissaM_ES2009d_B.head.207"/>
    <head endtime="1693.72" form="nod" starttime="1693.56" type="concord_signal" nite:id="MelissaM_ES2009d_B.head.208"/>
    <head endtime="1694.24" starttime="1693.72" type="no_comm_head" nite:id="MelissaM_ES2009d_B.head.209"/>
    <head endtime="1694.6" form="nod" starttime="1694.24" type="concord_signal" nite:id="MelissaM_ES2009d_B.head.210"/>
    <head endtime="1706.56" starttime="1694.6" type="no_comm_head" nite:id="MelissaM_ES2009d_B.head.211"/>
    <head endtime="1706.92" form="nod" starttime="1706.56" type="concord_signal" nite:id="MelissaM_ES2009d_B.head.212"/>
    <head endtime="1713.6" starttime="1706.92" type="no_comm_head" nite:id="MelissaM_ES2009d_B.head.213"/>
    <head endtime="1713.76" form="nod" starttime="1713.6" type="emphasis_signal" nite:id="MelissaM_ES2009d_B.head.214"/>
    <head endtime="1716.52" starttime="1713.76" type="no_comm_head" nite:id="MelissaM_ES2009d_B.head.215"/>
    <head endtime="1716.96" form="nod" starttime="1716.52" type="other_comm_head" nite:id="MelissaM_ES2009d_B.head.216"/>
    <head endtime="1730.64" starttime="1716.96" type="no_comm_head" nite:id="MelissaM_ES2009d_B.head.217"/>
    <head endtime="1731.04" form="nod" starttime="1730.64" type="concord_signal" nite:id="MelissaM_ES2009d_B.head.218"/>
    <head endtime="1759.12" starttime="1731.04" type="no_comm_head" nite:id="MelissaM_ES2009d_B.head.219"/>
    <head endtime="1759.24" form="nod" starttime="1759.12" type="emphasis_signal" nite:id="MelissaM_ES2009d_B.head.220"/>
    <head endtime="1766.56" starttime="1759.24" type="no_comm_head" nite:id="MelissaM_ES2009d_B.head.221"/>
    <head endtime="1766.8" form="nod" starttime="1766.56" type="concord_signal" nite:id="MelissaM_ES2009d_B.head.222"/>
    <head endtime="1769.12" starttime="1766.8" type="no_comm_head" nite:id="MelissaM_ES2009d_B.head.223"/>
    <head endtime="1769.28" form="nod" starttime="1769.12" type="emphasis_signal" nite:id="MelissaM_ES2009d_B.head.224"/>
    <head endtime="1769.6" starttime="1769.28" type="no_comm_head" nite:id="MelissaM_ES2009d_B.head.225"/>
    <head endtime="1769.76" form="nod" starttime="1769.6" type="emphasis_signal" nite:id="MelissaM_ES2009d_B.head.226"/>
    <head endtime="1836.88" starttime="1769.76" type="no_comm_head" nite:id="MelissaM_ES2009d_B.head.227"/>
    <head endtime="1837.16" form="shake" starttime="1836.88" type="emphasis_signal" nite:id="MelissaM_ES2009d_B.head.228"/>
    <head endtime="1853.84" starttime="1837.16" type="no_comm_head" nite:id="MelissaM_ES2009d_B.head.229"/>
    <head endtime="1854.28" form="nod" starttime="1853.84" type="concord_signal" nite:id="MelissaM_ES2009d_B.head.230"/>
    <head endtime="1884.0" starttime="1854.28" type="no_comm_head" nite:id="MelissaM_ES2009d_B.head.231"/>
    <head endtime="1884.4" form="nod" starttime="1884.0" type="concord_signal" nite:id="MelissaM_ES2009d_B.head.232"/>
    <head endtime="1885.28" starttime="1884.4" type="no_comm_head" nite:id="MelissaM_ES2009d_B.head.233"/>
    <head endtime="1885.68" form="nod" starttime="1885.28" type="concord_signal" nite:id="MelissaM_ES2009d_B.head.234"/>
    <head endtime="1889.16" starttime="1885.68" type="no_comm_head" nite:id="MelissaM_ES2009d_B.head.235"/>
    <head endtime="1889.48" form="nod" starttime="1889.16" type="concord_signal" nite:id="MelissaM_ES2009d_B.head.236"/>
    <head endtime="1898.08" starttime="1889.48" type="no_comm_head" nite:id="MelissaM_ES2009d_B.head.237"/>
    <head endtime="1898.28" starttime="1898.08" type="turn_signal" nite:id="MelissaM_ES2009d_B.head.238"/>
    <head endtime="1908.04" starttime="1898.28" type="no_comm_head" nite:id="MelissaM_ES2009d_B.head.239"/>
    <head endtime="1908.2" form="nod" starttime="1908.04" type="concord_signal" nite:id="MelissaM_ES2009d_B.head.240"/>
    <head endtime="2014.68" starttime="1908.2" type="no_comm_head" nite:id="MelissaM_ES2009d_B.head.241"/>
    <head endtime="2014.84" form="nod" starttime="2014.68" type="emphasis_signal" nite:id="MelissaM_ES2009d_B.head.242"/>
    <head endtime="2043.44" starttime="2014.84" type="no_comm_head" nite:id="MelissaM_ES2009d_B.head.243"/>
    <head endtime="2043.68" form="shake" starttime="2043.44" type="other_comm_head" nite:id="MelissaM_ES2009d_B.head.244"/>
    <head endtime="2053.76" starttime="2043.68" type="no_comm_head" nite:id="MelissaM_ES2009d_B.head.245"/>
    <head endtime="2054.12" form="nod" starttime="2053.76" type="concord_signal" nite:id="MelissaM_ES2009d_B.head.246"/>
    <head endtime="2097.84" starttime="2054.12" type="no_comm_head" nite:id="MelissaM_ES2009d_B.head.247"/>
    <head endtime="2098.12" form="nod" starttime="2097.84" type="concord_signal" nite:id="MelissaM_ES2009d_B.head.248"/>
    <head endtime="2128.0" starttime="2098.12" type="no_comm_head" nite:id="MelissaM_ES2009d_B.head.249"/>
</nite:root>
