<?xml version="1.0" encoding="UTF-8"?>
<nite:root xmlns:nite="http://nite.sourceforge.net/" nite:id="luke_IS1006a_D.nite:root.1">
    <head endtime="84.36" starttime="0.0" type="no_comm_head" nite:id="luke_IS1006a_D.head.1"/>
    <head endtime="84.56" starttime="84.36" type="concord_signal" nite:id="luke_IS1006a_D.head.2"/>
    <head endtime="98.96" starttime="84.56" type="no_comm_head" nite:id="luke_IS1006a_D.head.3"/>
    <head endtime="99.12" starttime="98.96" type="other_comm_head" nite:id="luke_IS1006a_D.head.4"/>
    <head endtime="119.04" starttime="99.12" type="no_comm_head" nite:id="luke_IS1006a_D.head.5"/>
    <head endtime="119.36" starttime="119.04" type="other_comm_head" nite:id="luke_IS1006a_D.head.6"/>
    <head endtime="154.24" starttime="119.36" type="no_comm_head" nite:id="luke_IS1006a_D.head.7"/>
    <head endtime="154.4" starttime="154.24" type="emphasis_signal" nite:id="luke_IS1006a_D.head.8"/>
    <head endtime="157.44" starttime="154.4" type="no_comm_head" nite:id="luke_IS1006a_D.head.9"/>
    <head endtime="157.56" starttime="157.44" type="emphasis_signal" nite:id="luke_IS1006a_D.head.10"/>
    <head endtime="165.4" starttime="157.56" type="no_comm_head" nite:id="luke_IS1006a_D.head.11"/>
    <head endtime="165.52" starttime="165.4" type="concord_signal" nite:id="luke_IS1006a_D.head.12"/>
    <head endtime="168.0" starttime="165.52" type="no_comm_head" nite:id="luke_IS1006a_D.head.13"/>
    <head endtime="168.16" starttime="168.0" type="concord_signal" nite:id="luke_IS1006a_D.head.14"/>
    <head endtime="176.72" starttime="168.16" type="no_comm_head" nite:id="luke_IS1006a_D.head.15"/>
    <head endtime="197.92" starttime="176.72" type="off_camera" nite:id="luke_IS1006a_D.head.16"/>
    <head endtime="233.84" starttime="197.92" type="no_comm_head" nite:id="luke_IS1006a_D.head.17"/>
    <head endtime="233.92" starttime="233.84" type="emphasis_signal" nite:id="luke_IS1006a_D.head.18"/>
    <head endtime="250.32" starttime="233.92" type="no_comm_head" nite:id="luke_IS1006a_D.head.19"/>
    <head endtime="250.48" starttime="250.32" type="emphasis_signal" nite:id="luke_IS1006a_D.head.20"/>
    <head endtime="253.32" starttime="250.48" type="no_comm_head" nite:id="luke_IS1006a_D.head.21"/>
    <head endtime="253.56" starttime="253.32" type="other_comm_head" nite:id="luke_IS1006a_D.head.22"/>
    <head endtime="270.48" starttime="253.56" type="no_comm_head" nite:id="luke_IS1006a_D.head.23"/>
    <head endtime="270.52" starttime="270.48" type="emphasis_signal" nite:id="luke_IS1006a_D.head.24"/>
    <head endtime="279.68" starttime="270.52" type="no_comm_head" nite:id="luke_IS1006a_D.head.25"/>
    <head endtime="279.76" starttime="279.68" type="concord_signal" nite:id="luke_IS1006a_D.head.26"/>
    <head endtime="295.4" starttime="279.76" type="no_comm_head" nite:id="luke_IS1006a_D.head.27"/>
    <head endtime="295.64" starttime="295.4" type="concord_signal" nite:id="luke_IS1006a_D.head.28"/>
    <head endtime="297.28" starttime="295.64" type="no_comm_head" nite:id="luke_IS1006a_D.head.29"/>
    <head endtime="297.68" starttime="297.28" type="concord_signal" nite:id="luke_IS1006a_D.head.30"/>
    <head endtime="298.88" starttime="297.68" type="no_comm_head" nite:id="luke_IS1006a_D.head.31"/>
    <head endtime="299.08" starttime="298.88" type="concord_signal" nite:id="luke_IS1006a_D.head.32"/>
    <head endtime="304.4" starttime="299.08" type="no_comm_head" nite:id="luke_IS1006a_D.head.33"/>
    <head endtime="304.8" starttime="304.4" type="concord_signal" nite:id="luke_IS1006a_D.head.34"/>
    <head endtime="321.12" starttime="304.8" type="no_comm_head" nite:id="luke_IS1006a_D.head.35"/>
    <head endtime="321.32" starttime="321.12" type="concord_signal" nite:id="luke_IS1006a_D.head.36"/>
    <head endtime="322.36" starttime="321.32" type="no_comm_head" nite:id="luke_IS1006a_D.head.37"/>
    <head endtime="322.52" starttime="322.36" type="concord_signal" nite:id="luke_IS1006a_D.head.38"/>
    <head endtime="326.64" starttime="322.52" type="no_comm_head" nite:id="luke_IS1006a_D.head.39"/>
    <head endtime="326.72" starttime="326.64" type="other_comm_head" nite:id="luke_IS1006a_D.head.40"/>
    <head endtime="331.88" starttime="326.72" type="no_comm_head" nite:id="luke_IS1006a_D.head.41"/>
    <head endtime="332.12" starttime="331.88" type="concord_signal" nite:id="luke_IS1006a_D.head.42"/>
    <head endtime="333.8" starttime="332.12" type="no_comm_head" nite:id="luke_IS1006a_D.head.43"/>
    <head endtime="333.88" starttime="333.8" type="emphasis_signal" nite:id="luke_IS1006a_D.head.44"/>
    <head endtime="340.72" starttime="333.88" type="no_comm_head" nite:id="luke_IS1006a_D.head.45"/>
    <head endtime="340.8" starttime="340.72" type="emphasis_signal" nite:id="luke_IS1006a_D.head.46"/>
    <head endtime="342.12" starttime="340.8" type="no_comm_head" nite:id="luke_IS1006a_D.head.47"/>
    <head endtime="342.24" starttime="342.12" type="concord_signal" nite:id="luke_IS1006a_D.head.48"/>
    <head endtime="345.0" starttime="342.24" type="no_comm_head" nite:id="luke_IS1006a_D.head.49"/>
    <head endtime="345.04" starttime="345.0" type="emphasis_signal" nite:id="luke_IS1006a_D.head.50"/>
    <head endtime="348.64" starttime="345.04" type="no_comm_head" nite:id="luke_IS1006a_D.head.51"/>
    <head endtime="349.16" starttime="348.64" type="concord_signal" nite:id="luke_IS1006a_D.head.52"/>
    <head endtime="351.0" starttime="349.16" type="no_comm_head" nite:id="luke_IS1006a_D.head.53"/>
    <head endtime="351.88" starttime="351.0" type="concord_signal" nite:id="luke_IS1006a_D.head.54"/>
    <head endtime="356.6" starttime="351.88" type="no_comm_head" nite:id="luke_IS1006a_D.head.55"/>
    <head endtime="356.72" starttime="356.6" type="emphasis_signal" nite:id="luke_IS1006a_D.head.56"/>
    <head endtime="359.12" starttime="356.72" type="no_comm_head" nite:id="luke_IS1006a_D.head.57"/>
    <head endtime="359.2" starttime="359.12" type="emphasis_signal" nite:id="luke_IS1006a_D.head.58"/>
    <head endtime="366.12" starttime="359.2" type="no_comm_head" nite:id="luke_IS1006a_D.head.59"/>
    <head endtime="366.4" starttime="366.12" type="discord_signal" nite:id="luke_IS1006a_D.head.60"/>
    <head endtime="370.92" starttime="366.4" type="no_comm_head" nite:id="luke_IS1006a_D.head.61"/>
    <head endtime="371.12" starttime="370.92" type="emphasis_signal" nite:id="luke_IS1006a_D.head.62"/>
    <head endtime="372.04" starttime="371.12" type="no_comm_head" nite:id="luke_IS1006a_D.head.63"/>
    <head endtime="372.12" starttime="372.04" type="emphasis_signal" nite:id="luke_IS1006a_D.head.64"/>
    <head endtime="373.36" starttime="372.12" type="no_comm_head" nite:id="luke_IS1006a_D.head.65"/>
    <head endtime="373.52" starttime="373.36" type="emphasis_signal" nite:id="luke_IS1006a_D.head.66"/>
    <head endtime="378.2" starttime="373.52" type="no_comm_head" nite:id="luke_IS1006a_D.head.67"/>
    <head endtime="378.32" starttime="378.2" type="emphasis_signal" nite:id="luke_IS1006a_D.head.68"/>
    <head endtime="379.76" starttime="378.32" type="no_comm_head" nite:id="luke_IS1006a_D.head.69"/>
    <head endtime="379.88" starttime="379.76" type="emphasis_signal" nite:id="luke_IS1006a_D.head.70"/>
    <head endtime="381.0" starttime="379.88" type="no_comm_head" nite:id="luke_IS1006a_D.head.71"/>
    <head endtime="381.08" starttime="381.0" type="emphasis_signal" nite:id="luke_IS1006a_D.head.72"/>
    <head endtime="383.52" starttime="381.08" type="no_comm_head" nite:id="luke_IS1006a_D.head.73"/>
    <head endtime="383.72" starttime="383.52" type="concord_signal" nite:id="luke_IS1006a_D.head.74"/>
    <head endtime="387.08" starttime="383.72" type="no_comm_head" nite:id="luke_IS1006a_D.head.75"/>
    <head endtime="387.32" starttime="387.08" type="concord_signal" nite:id="luke_IS1006a_D.head.76"/>
    <head endtime="393.6" starttime="387.32" type="no_comm_head" nite:id="luke_IS1006a_D.head.77"/>
    <head endtime="393.72" starttime="393.6" type="other_comm_head" nite:id="luke_IS1006a_D.head.78"/>
    <head endtime="395.48" starttime="393.72" type="no_comm_head" nite:id="luke_IS1006a_D.head.79"/>
    <head endtime="395.64" starttime="395.48" type="emphasis_signal" nite:id="luke_IS1006a_D.head.80"/>
    <head endtime="397.76" starttime="395.64" type="no_comm_head" nite:id="luke_IS1006a_D.head.81"/>
    <head endtime="397.92" starttime="397.76" type="emphasis_signal" nite:id="luke_IS1006a_D.head.82"/>
    <head endtime="403.88" starttime="397.92" type="no_comm_head" nite:id="luke_IS1006a_D.head.83"/>
    <head endtime="404.0" starttime="403.88" type="emphasis_signal" nite:id="luke_IS1006a_D.head.84"/>
    <head endtime="406.04" starttime="404.0" type="no_comm_head" nite:id="luke_IS1006a_D.head.85"/>
    <head endtime="406.16" starttime="406.04" type="emphasis_signal" nite:id="luke_IS1006a_D.head.86"/>
    <head endtime="408.16" starttime="406.16" type="no_comm_head" nite:id="luke_IS1006a_D.head.87"/>
    <head endtime="408.28" starttime="408.16" type="emphasis_signal" nite:id="luke_IS1006a_D.head.88"/>
    <head endtime="411.84" starttime="408.28" type="no_comm_head" nite:id="luke_IS1006a_D.head.89"/>
    <head endtime="412.0" starttime="411.84" type="concord_signal" nite:id="luke_IS1006a_D.head.90"/>
    <head endtime="413.44" starttime="412.0" type="no_comm_head" nite:id="luke_IS1006a_D.head.91"/>
    <head endtime="413.56" starttime="413.44" type="emphasis_signal" nite:id="luke_IS1006a_D.head.92"/>
    <head endtime="422.28" starttime="413.56" type="no_comm_head" nite:id="luke_IS1006a_D.head.93"/>
    <head endtime="422.48" starttime="422.28" type="concord_signal" nite:id="luke_IS1006a_D.head.94"/>
    <head endtime="424.4" starttime="422.48" type="no_comm_head" nite:id="luke_IS1006a_D.head.95"/>
    <head endtime="424.56" starttime="424.4" type="concord_signal" nite:id="luke_IS1006a_D.head.96"/>
    <head endtime="428.0" starttime="424.56" type="no_comm_head" nite:id="luke_IS1006a_D.head.97"/>
    <head endtime="428.2" starttime="428.0" type="concord_signal" nite:id="luke_IS1006a_D.head.98"/>
    <head endtime="432.56" starttime="428.2" type="no_comm_head" nite:id="luke_IS1006a_D.head.99"/>
    <head endtime="432.76" starttime="432.56" type="concord_signal" nite:id="luke_IS1006a_D.head.100"/>
    <head endtime="435.8" starttime="432.76" type="no_comm_head" nite:id="luke_IS1006a_D.head.101"/>
    <head endtime="436.0" starttime="435.8" type="concord_signal" nite:id="luke_IS1006a_D.head.102"/>
    <head endtime="441.8" starttime="436.0" type="no_comm_head" nite:id="luke_IS1006a_D.head.103"/>
    <head endtime="442.04" starttime="441.8" type="concord_signal" nite:id="luke_IS1006a_D.head.104"/>
    <head endtime="447.56" starttime="442.04" type="other_comm_head" nite:id="luke_IS1006a_D.head.105"/>
    <head endtime="447.72" starttime="447.56" type="deixis_signal" nite:id="luke_IS1006a_D.head.106"/>
    <head endtime="450.72" starttime="447.72" type="other_comm_head" nite:id="luke_IS1006a_D.head.107"/>
    <head endtime="450.84" starttime="450.72" type="emphasis_signal" nite:id="luke_IS1006a_D.head.108"/>
    <head endtime="453.36" starttime="450.84" type="no_comm_head" nite:id="luke_IS1006a_D.head.109"/>
    <head endtime="453.52" starttime="453.36" type="emphasis_signal" nite:id="luke_IS1006a_D.head.110"/>
    <head endtime="457.24" starttime="453.52" type="no_comm_head" nite:id="luke_IS1006a_D.head.111"/>
    <head endtime="457.44" starttime="457.24" type="emphasis_signal" nite:id="luke_IS1006a_D.head.112"/>
    <head endtime="464.48" starttime="457.44" type="no_comm_head" nite:id="luke_IS1006a_D.head.113"/>
    <head endtime="464.64" starttime="464.48" type="emphasis_signal" nite:id="luke_IS1006a_D.head.114"/>
    <head endtime="469.4" starttime="464.64" type="no_comm_head" nite:id="luke_IS1006a_D.head.115"/>
    <head endtime="469.52" starttime="469.4" type="other_comm_head" nite:id="luke_IS1006a_D.head.116"/>
    <head endtime="472.72" starttime="469.52" type="no_comm_head" nite:id="luke_IS1006a_D.head.117"/>
    <head endtime="472.84" starttime="472.72" type="emphasis_signal" nite:id="luke_IS1006a_D.head.118"/>
    <head endtime="480.08" starttime="472.84" type="no_comm_head" nite:id="luke_IS1006a_D.head.119"/>
    <head endtime="480.48" starttime="480.08" type="concord_signal" nite:id="luke_IS1006a_D.head.120"/>
    <head endtime="490.76" starttime="480.48" type="no_comm_head" nite:id="luke_IS1006a_D.head.121"/>
    <head endtime="491.2" starttime="490.76" type="concord_signal" nite:id="luke_IS1006a_D.head.122"/>
    <head endtime="509.52" starttime="491.2" type="no_comm_head" nite:id="luke_IS1006a_D.head.123"/>
    <head endtime="510.24" starttime="509.52" type="concord_signal" nite:id="luke_IS1006a_D.head.124"/>
    <head endtime="512.88" starttime="510.24" type="no_comm_head" nite:id="luke_IS1006a_D.head.125"/>
    <head endtime="513.32" starttime="512.88" type="concord_signal" nite:id="luke_IS1006a_D.head.126"/>
    <head endtime="522.12" starttime="513.32" type="no_comm_head" nite:id="luke_IS1006a_D.head.127"/>
    <head endtime="522.32" starttime="522.12" type="emphasis_signal" nite:id="luke_IS1006a_D.head.128"/>
    <head endtime="524.56" starttime="522.32" type="no_comm_head" nite:id="luke_IS1006a_D.head.129"/>
    <head endtime="524.72" starttime="524.56" type="emphasis_signal" nite:id="luke_IS1006a_D.head.130"/>
    <head endtime="528.84" starttime="524.72" type="no_comm_head" nite:id="luke_IS1006a_D.head.131"/>
    <head endtime="529.0" starttime="528.84" type="concord_signal" nite:id="luke_IS1006a_D.head.132"/>
    <head endtime="529.8" starttime="529.0" type="no_comm_head" nite:id="luke_IS1006a_D.head.133"/>
    <head endtime="529.92" starttime="529.8" type="emphasis_signal" nite:id="luke_IS1006a_D.head.134"/>
    <head endtime="532.32" starttime="529.92" type="no_comm_head" nite:id="luke_IS1006a_D.head.135"/>
    <head endtime="532.4" starttime="532.32" type="emphasis_signal" nite:id="luke_IS1006a_D.head.136"/>
    <head endtime="536.16" starttime="532.4" type="no_comm_head" nite:id="luke_IS1006a_D.head.137"/>
    <head endtime="536.56" starttime="536.16" type="concord_signal" nite:id="luke_IS1006a_D.head.138"/>
    <head endtime="538.32" starttime="536.56" type="no_comm_head" nite:id="luke_IS1006a_D.head.139"/>
    <head endtime="539.2" starttime="538.32" type="concord_signal" nite:id="luke_IS1006a_D.head.140"/>
    <head endtime="541.2" starttime="539.2" type="no_comm_head" nite:id="luke_IS1006a_D.head.141"/>
    <head endtime="541.56" starttime="541.2" type="concord_signal" nite:id="luke_IS1006a_D.head.142"/>
    <head endtime="547.92" starttime="541.56" type="no_comm_head" nite:id="luke_IS1006a_D.head.143"/>
    <head endtime="548.12" starttime="547.92" type="concord_signal" nite:id="luke_IS1006a_D.head.144"/>
    <head endtime="554.16" starttime="548.12" type="no_comm_head" nite:id="luke_IS1006a_D.head.145"/>
    <head endtime="554.36" starttime="554.16" type="concord_signal" nite:id="luke_IS1006a_D.head.146"/>
    <head endtime="557.48" starttime="554.36" type="no_comm_head" nite:id="luke_IS1006a_D.head.147"/>
    <head endtime="557.6" starttime="557.48" type="emphasis_signal" nite:id="luke_IS1006a_D.head.148"/>
    <head endtime="562.64" starttime="557.6" type="no_comm_head" nite:id="luke_IS1006a_D.head.149"/>
    <head endtime="562.8" starttime="562.64" type="emphasis_signal" nite:id="luke_IS1006a_D.head.150"/>
    <head endtime="567.28" starttime="562.8" type="no_comm_head" nite:id="luke_IS1006a_D.head.151"/>
    <head endtime="567.32" starttime="567.28" type="emphasis_signal" nite:id="luke_IS1006a_D.head.152"/>
    <head endtime="569.2" starttime="567.32" type="no_comm_head" nite:id="luke_IS1006a_D.head.153"/>
    <head endtime="569.32" starttime="569.2" type="emphasis_signal" nite:id="luke_IS1006a_D.head.154"/>
    <head endtime="572.8" starttime="569.32" type="no_comm_head" nite:id="luke_IS1006a_D.head.155"/>
    <head endtime="572.88" starttime="572.8" type="emphasis_signal" nite:id="luke_IS1006a_D.head.156"/>
    <head endtime="577.96" starttime="572.88" type="no_comm_head" nite:id="luke_IS1006a_D.head.157"/>
    <head endtime="578.16" starttime="577.96" type="emphasis_signal" nite:id="luke_IS1006a_D.head.158"/>
    <head endtime="582.44" starttime="578.16" type="no_comm_head" nite:id="luke_IS1006a_D.head.159"/>
    <head endtime="582.88" starttime="582.44" type="concord_signal" nite:id="luke_IS1006a_D.head.160"/>
    <head endtime="584.0" starttime="582.88" type="no_comm_head" nite:id="luke_IS1006a_D.head.161"/>
    <head endtime="584.2" starttime="584.0" type="concord_signal" nite:id="luke_IS1006a_D.head.162"/>
    <head endtime="585.04" starttime="584.2" type="no_comm_head" nite:id="luke_IS1006a_D.head.163"/>
    <head endtime="585.24" starttime="585.04" type="concord_signal" nite:id="luke_IS1006a_D.head.164"/>
    <head endtime="586.72" starttime="585.24" type="no_comm_head" nite:id="luke_IS1006a_D.head.165"/>
    <head endtime="586.96" starttime="586.72" type="concord_signal" nite:id="luke_IS1006a_D.head.166"/>
    <head endtime="588.48" starttime="586.96" type="no_comm_head" nite:id="luke_IS1006a_D.head.167"/>
    <head endtime="588.64" starttime="588.48" type="concord_signal" nite:id="luke_IS1006a_D.head.168"/>
    <head endtime="590.92" starttime="588.64" type="no_comm_head" nite:id="luke_IS1006a_D.head.169"/>
    <head endtime="591.08" starttime="590.92" type="concord_signal" nite:id="luke_IS1006a_D.head.170"/>
    <head endtime="600.4" starttime="591.08" type="no_comm_head" nite:id="luke_IS1006a_D.head.171"/>
    <head endtime="600.72" starttime="600.4" type="concord_signal" nite:id="luke_IS1006a_D.head.172"/>
    <head endtime="602.48" starttime="600.72" type="no_comm_head" nite:id="luke_IS1006a_D.head.173"/>
    <head endtime="602.84" starttime="602.48" type="concord_signal" nite:id="luke_IS1006a_D.head.174"/>
    <head endtime="604.32" starttime="602.84" type="no_comm_head" nite:id="luke_IS1006a_D.head.175"/>
    <head endtime="604.56" starttime="604.32" type="concord_signal" nite:id="luke_IS1006a_D.head.176"/>
    <head endtime="606.2" starttime="604.56" type="no_comm_head" nite:id="luke_IS1006a_D.head.177"/>
    <head endtime="606.4" starttime="606.2" type="concord_signal" nite:id="luke_IS1006a_D.head.178"/>
    <head endtime="629.88" starttime="606.4" type="no_comm_head" nite:id="luke_IS1006a_D.head.179"/>
    <head endtime="630.52" starttime="629.88" type="concord_signal" nite:id="luke_IS1006a_D.head.180"/>
    <head endtime="653.88" starttime="630.52" type="no_comm_head" nite:id="luke_IS1006a_D.head.181"/>
    <head endtime="654.08" starttime="653.88" type="concord_signal" nite:id="luke_IS1006a_D.head.182"/>
    <head endtime="655.92" starttime="654.08" type="no_comm_head" nite:id="luke_IS1006a_D.head.183"/>
    <head endtime="656.12" starttime="655.92" type="concord_signal" nite:id="luke_IS1006a_D.head.184"/>
    <head endtime="661.44" starttime="656.12" type="no_comm_head" nite:id="luke_IS1006a_D.head.185"/>
    <head endtime="661.72" starttime="661.44" type="concord_signal" nite:id="luke_IS1006a_D.head.186"/>
    <head endtime="672.32" starttime="661.72" type="no_comm_head" nite:id="luke_IS1006a_D.head.187"/>
    <head endtime="672.48" starttime="672.32" type="emphasis_signal" nite:id="luke_IS1006a_D.head.188"/>
    <head endtime="674.4" starttime="672.48" type="no_comm_head" nite:id="luke_IS1006a_D.head.189"/>
    <head endtime="674.56" starttime="674.4" type="emphasis_signal" nite:id="luke_IS1006a_D.head.190"/>
    <head endtime="675.72" starttime="674.56" type="no_comm_head" nite:id="luke_IS1006a_D.head.191"/>
    <head endtime="675.8" starttime="675.72" type="emphasis_signal" nite:id="luke_IS1006a_D.head.192"/>
    <head endtime="682.68" starttime="675.8" type="no_comm_head" nite:id="luke_IS1006a_D.head.193"/>
    <head endtime="682.84" starttime="682.68" type="negative_signal" nite:id="luke_IS1006a_D.head.194"/>
    <head endtime="687.96" starttime="682.84" type="no_comm_head" nite:id="luke_IS1006a_D.head.195"/>
    <head endtime="688.2" starttime="687.96" type="discord_signal" nite:id="luke_IS1006a_D.head.196"/>
    <head endtime="691.72" starttime="688.2" type="no_comm_head" nite:id="luke_IS1006a_D.head.197"/>
    <head endtime="692.16" starttime="691.72" type="concord_signal" nite:id="luke_IS1006a_D.head.198"/>
    <head endtime="703.92" starttime="692.16" type="no_comm_head" nite:id="luke_IS1006a_D.head.199"/>
    <head endtime="704.04" starttime="703.92" type="emphasis_signal" nite:id="luke_IS1006a_D.head.200"/>
    <head endtime="704.56" starttime="704.04" type="no_comm_head" nite:id="luke_IS1006a_D.head.201"/>
    <head endtime="704.64" starttime="704.56" type="emphasis_signal" nite:id="luke_IS1006a_D.head.202"/>
    <head endtime="706.28" starttime="704.64" type="no_comm_head" nite:id="luke_IS1006a_D.head.203"/>
    <head endtime="706.72" starttime="706.28" type="concord_signal" nite:id="luke_IS1006a_D.head.204"/>
    <head endtime="709.4" starttime="706.72" type="no_comm_head" nite:id="luke_IS1006a_D.head.205"/>
    <head endtime="709.76" starttime="709.4" type="concord_signal" nite:id="luke_IS1006a_D.head.206"/>
    <head endtime="714.28" starttime="709.76" type="no_comm_head" nite:id="luke_IS1006a_D.head.207"/>
    <head endtime="714.4" starttime="714.28" type="emphasis_signal" nite:id="luke_IS1006a_D.head.208"/>
    <head endtime="716.24" starttime="714.4" type="no_comm_head" nite:id="luke_IS1006a_D.head.209"/>
    <head endtime="716.4" starttime="716.24" type="emphasis_signal" nite:id="luke_IS1006a_D.head.210"/>
    <head endtime="719.0" starttime="716.4" type="no_comm_head" nite:id="luke_IS1006a_D.head.211"/>
    <head endtime="719.12" starttime="719.0" type="emphasis_signal" nite:id="luke_IS1006a_D.head.212"/>
    <head endtime="721.16" starttime="719.12" type="no_comm_head" nite:id="luke_IS1006a_D.head.213"/>
    <head endtime="721.32" starttime="721.16" type="emphasis_signal" nite:id="luke_IS1006a_D.head.214"/>
    <head endtime="722.28" starttime="721.32" type="no_comm_head" nite:id="luke_IS1006a_D.head.215"/>
    <head endtime="722.4" starttime="722.28" type="emphasis_signal" nite:id="luke_IS1006a_D.head.216"/>
    <head endtime="723.52" starttime="722.4" type="no_comm_head" nite:id="luke_IS1006a_D.head.217"/>
    <head endtime="723.64" starttime="723.52" type="emphasis_signal" nite:id="luke_IS1006a_D.head.218"/>
    <head endtime="725.88" starttime="723.64" type="no_comm_head" nite:id="luke_IS1006a_D.head.219"/>
    <head endtime="726.0" starttime="725.88" type="emphasis_signal" nite:id="luke_IS1006a_D.head.220"/>
    <head endtime="727.72" starttime="726.0" type="no_comm_head" nite:id="luke_IS1006a_D.head.221"/>
    <head endtime="727.84" starttime="727.72" type="emphasis_signal" nite:id="luke_IS1006a_D.head.222"/>
    <head endtime="729.12" starttime="727.84" type="no_comm_head" nite:id="luke_IS1006a_D.head.223"/>
    <head endtime="729.24" starttime="729.12" type="emphasis_signal" nite:id="luke_IS1006a_D.head.224"/>
    <head endtime="742.32" starttime="729.24" type="no_comm_head" nite:id="luke_IS1006a_D.head.225"/>
    <head endtime="742.44" starttime="742.32" type="concord_signal" nite:id="luke_IS1006a_D.head.226"/>
    <head endtime="759.44" starttime="742.44" type="no_comm_head" nite:id="luke_IS1006a_D.head.227"/>
    <head endtime="759.64" starttime="759.44" type="concord_signal" nite:id="luke_IS1006a_D.head.228"/>
    <head endtime="789.8" starttime="759.64" type="no_comm_head" nite:id="luke_IS1006a_D.head.229"/>
    <head endtime="790.0" starttime="789.8" type="other_comm_head" nite:id="luke_IS1006a_D.head.230"/>
    <head endtime="799.56" starttime="790.0" type="no_comm_head" nite:id="luke_IS1006a_D.head.231"/>
    <head endtime="799.64" starttime="799.56" type="emphasis_signal" nite:id="luke_IS1006a_D.head.232"/>
    <head endtime="801.68" starttime="799.64" type="no_comm_head" nite:id="luke_IS1006a_D.head.233"/>
    <head endtime="801.88" starttime="801.68" type="concord_signal" nite:id="luke_IS1006a_D.head.234"/>
    <head endtime="846.0" starttime="801.88" type="no_comm_head" nite:id="luke_IS1006a_D.head.235"/>
</nite:root>
