<?xml version="1.0" encoding="UTF-8"?>
<nite:root xmlns:nite="http://nite.sourceforge.net/" nite:id="IDIAP_ES2008a_D.nite:root.1">
    <foa endtime="6.36" starttime="0.0" type="place" place="table" nite:id="IDIAP_ES2008a_D.foa.1"/>
    <foa endtime="7.96" starttime="6.36" type="person" role="PM" nxt_agent="A" nite:id="IDIAP_ES2008a_D.foa.2"/>
    <foa endtime="10.24" starttime="7.96" type="place" place="slide-screen" nite:id="IDIAP_ES2008a_D.foa.3"/>
    <foa endtime="10.72" starttime="10.24" type="person" role="PM" nxt_agent="A" nite:id="IDIAP_ES2008a_D.foa.4"/>
    <foa endtime="11.04" starttime="10.72" type="person" role="ID" nxt_agent="B" nite:id="IDIAP_ES2008a_D.foa.5"/>
    <foa endtime="11.2" starttime="11.04" type="person" role="PM" nxt_agent="A" nite:id="IDIAP_ES2008a_D.foa.6"/>
    <foa endtime="11.68" starttime="11.2" type="place" place="slide-screen" nite:id="IDIAP_ES2008a_D.foa.7"/>
    <foa endtime="12.04" starttime="11.68" type="person" role="ID" nxt_agent="B" nite:id="IDIAP_ES2008a_D.foa.8"/>
    <foa endtime="15.2" starttime="12.04" type="person" role="PM" nxt_agent="A" nite:id="IDIAP_ES2008a_D.foa.9"/>
    <foa endtime="16.72" starttime="15.2" type="place" place="table" nite:id="IDIAP_ES2008a_D.foa.10"/>
    <foa endtime="17.8" starttime="16.72" type="unspecified" nite:id="IDIAP_ES2008a_D.foa.11"/>
    <foa endtime="20.16" starttime="17.8" type="place" place="table" nite:id="IDIAP_ES2008a_D.foa.12"/>
    <foa endtime="20.64" starttime="20.16" type="unspecified" nite:id="IDIAP_ES2008a_D.foa.13"/>
    <foa endtime="25.64" starttime="20.64" type="place" place="table" nite:id="IDIAP_ES2008a_D.foa.14"/>
    <foa endtime="26.12" starttime="25.64" type="unspecified" nite:id="IDIAP_ES2008a_D.foa.15"/>
    <foa endtime="27.2" starttime="26.12" type="place" place="table" nite:id="IDIAP_ES2008a_D.foa.16"/>
    <foa endtime="27.96" starttime="27.2" type="person" role="PM" nxt_agent="A" nite:id="IDIAP_ES2008a_D.foa.17"/>
    <foa endtime="28.2" starttime="27.96" type="person" role="ID" nxt_agent="B" nite:id="IDIAP_ES2008a_D.foa.18"/>
    <foa endtime="28.92" starttime="28.2" type="place" place="table" nite:id="IDIAP_ES2008a_D.foa.19"/>
    <foa endtime="29.64" starttime="28.92" type="person" role="ID" nxt_agent="B" nite:id="IDIAP_ES2008a_D.foa.20"/>
    <foa endtime="32.72" starttime="29.64" type="place" place="table" nite:id="IDIAP_ES2008a_D.foa.21"/>
    <foa endtime="33.88" starttime="32.72" type="unspecified" nite:id="IDIAP_ES2008a_D.foa.22"/>
    <foa endtime="34.72" starttime="33.88" type="place" place="table" nite:id="IDIAP_ES2008a_D.foa.23"/>
    <foa endtime="35.68" starttime="34.72" type="unspecified" nite:id="IDIAP_ES2008a_D.foa.24"/>
    <foa endtime="36.16" starttime="35.68" type="person" role="PM" nxt_agent="A" nite:id="IDIAP_ES2008a_D.foa.25"/>
    <foa endtime="36.76" starttime="36.16" type="person" role="ID" nxt_agent="B" nite:id="IDIAP_ES2008a_D.foa.26"/>
    <foa endtime="37.24" starttime="36.76" type="person" role="UI" nxt_agent="C" nite:id="IDIAP_ES2008a_D.foa.27"/>
    <foa endtime="37.48" starttime="37.24" type="person" role="ID" nxt_agent="B" nite:id="IDIAP_ES2008a_D.foa.28"/>
    <foa endtime="38.8" starttime="37.48" type="person" role="PM" nxt_agent="A" nite:id="IDIAP_ES2008a_D.foa.29"/>
    <foa endtime="39.56" starttime="38.8" type="place" place="slide-screen" nite:id="IDIAP_ES2008a_D.foa.30"/>
    <foa endtime="41.0" starttime="39.56" type="unspecified" nite:id="IDIAP_ES2008a_D.foa.31"/>
    <foa endtime="41.84" starttime="41.0" type="person" role="PM" nxt_agent="A" nite:id="IDIAP_ES2008a_D.foa.32"/>
    <foa endtime="45.2" starttime="41.84" type="unspecified" nite:id="IDIAP_ES2008a_D.foa.33"/>
    <foa endtime="49.0" starttime="45.2" type="place" place="slide-screen" nite:id="IDIAP_ES2008a_D.foa.34"/>
    <foa endtime="49.6" starttime="49.0" type="person" role="ID" nxt_agent="B" nite:id="IDIAP_ES2008a_D.foa.35"/>
    <foa endtime="50.08" starttime="49.6" type="place" place="slide-screen" nite:id="IDIAP_ES2008a_D.foa.36"/>
    <foa endtime="52.04" starttime="50.08" type="person" role="PM" nxt_agent="A" nite:id="IDIAP_ES2008a_D.foa.37"/>
    <foa endtime="53.84" starttime="52.04" type="place" place="slide-screen" nite:id="IDIAP_ES2008a_D.foa.38"/>
    <foa endtime="56.76" starttime="53.84" type="person" role="PM" nxt_agent="A" nite:id="IDIAP_ES2008a_D.foa.39"/>
    <foa endtime="58.44" starttime="56.76" type="place" place="slide-screen" nite:id="IDIAP_ES2008a_D.foa.40"/>
    <foa endtime="59.4" starttime="58.44" type="person" role="PM" nxt_agent="A" nite:id="IDIAP_ES2008a_D.foa.41"/>
    <foa endtime="60.36" starttime="59.4" type="unspecified" nite:id="IDIAP_ES2008a_D.foa.42"/>
    <foa endtime="65.4" starttime="60.36" type="person" role="PM" nxt_agent="A" nite:id="IDIAP_ES2008a_D.foa.43"/>
    <foa endtime="66.0" starttime="65.4" type="unspecified" nite:id="IDIAP_ES2008a_D.foa.44"/>
    <foa endtime="66.72" starttime="66.0" type="place" place="slide-screen" nite:id="IDIAP_ES2008a_D.foa.45"/>
    <foa endtime="70.08" starttime="66.72" type="place" place="table" nite:id="IDIAP_ES2008a_D.foa.46"/>
    <foa endtime="71.0" starttime="70.08" type="place" place="slide-screen" nite:id="IDIAP_ES2008a_D.foa.47"/>
    <foa endtime="77.28" starttime="71.0" type="place" place="table" nite:id="IDIAP_ES2008a_D.foa.48"/>
    <foa endtime="78.48" starttime="77.28" type="place" place="slide-screen" nite:id="IDIAP_ES2008a_D.foa.49"/>
    <foa endtime="85.44" starttime="78.48" type="place" place="table" nite:id="IDIAP_ES2008a_D.foa.50"/>
    <foa endtime="91.76" starttime="85.44" type="place" place="slide-screen" nite:id="IDIAP_ES2008a_D.foa.51"/>
    <foa endtime="92.6" starttime="91.76" type="person" role="PM" nxt_agent="A" nite:id="IDIAP_ES2008a_D.foa.52"/>
    <foa endtime="94.72" starttime="92.6" type="place" place="slide-screen" nite:id="IDIAP_ES2008a_D.foa.53"/>
    <foa endtime="98.08" starttime="94.72" type="person" role="PM" nxt_agent="A" nite:id="IDIAP_ES2008a_D.foa.54"/>
    <foa endtime="100.0" starttime="98.08" type="unspecified" nite:id="IDIAP_ES2008a_D.foa.55"/>
    <foa endtime="102.52" starttime="100.0" type="person" role="PM" nxt_agent="A" nite:id="IDIAP_ES2008a_D.foa.56"/>
    <foa endtime="103.0" starttime="102.52" type="place" place="slide-screen" nite:id="IDIAP_ES2008a_D.foa.57"/>
    <foa endtime="103.72" starttime="103.0" type="person" role="PM" nxt_agent="A" nite:id="IDIAP_ES2008a_D.foa.58"/>
    <foa endtime="104.08" starttime="103.72" type="unspecified" nite:id="IDIAP_ES2008a_D.foa.59"/>
    <foa endtime="104.56" starttime="104.08" type="person" role="PM" nxt_agent="A" nite:id="IDIAP_ES2008a_D.foa.60"/>
    <foa endtime="106.48" starttime="104.56" type="place" place="slide-screen" nite:id="IDIAP_ES2008a_D.foa.61"/>
    <foa endtime="107.44" starttime="106.48" type="person" role="PM" nxt_agent="A" nite:id="IDIAP_ES2008a_D.foa.62"/>
    <foa endtime="108.28" starttime="107.44" type="place" place="table" nite:id="IDIAP_ES2008a_D.foa.63"/>
    <foa endtime="108.92" starttime="108.28" type="person" role="PM" nxt_agent="A" nite:id="IDIAP_ES2008a_D.foa.64"/>
    <foa endtime="111.68" starttime="108.92" type="person" role="ID" nxt_agent="B" nite:id="IDIAP_ES2008a_D.foa.65"/>
    <foa endtime="112.52" starttime="111.68" type="unspecified" nite:id="IDIAP_ES2008a_D.foa.66"/>
    <foa endtime="113.0" starttime="112.52" type="person" role="PM" nxt_agent="A" nite:id="IDIAP_ES2008a_D.foa.67"/>
    <foa endtime="121.04" starttime="113.0" type="place" place="table" nite:id="IDIAP_ES2008a_D.foa.68"/>
    <foa endtime="121.76" starttime="121.04" type="person" role="PM" nxt_agent="A" nite:id="IDIAP_ES2008a_D.foa.69"/>
    <foa endtime="123.76" starttime="121.76" type="place" place="table" nite:id="IDIAP_ES2008a_D.foa.70"/>
    <foa endtime="124.24" starttime="123.76" type="person" role="ID" nxt_agent="B" nite:id="IDIAP_ES2008a_D.foa.71"/>
    <foa endtime="127.04" starttime="124.24" type="place" place="table" nite:id="IDIAP_ES2008a_D.foa.72"/>
    <foa endtime="128.0" starttime="127.04" type="person" role="ID" nxt_agent="B" nite:id="IDIAP_ES2008a_D.foa.73"/>
    <foa endtime="128.48" starttime="128.0" type="place" place="table" nite:id="IDIAP_ES2008a_D.foa.74"/>
    <foa endtime="129.68" starttime="128.48" type="person" role="ID" nxt_agent="B" nite:id="IDIAP_ES2008a_D.foa.75"/>
    <foa endtime="130.16" starttime="129.68" type="unspecified" nite:id="IDIAP_ES2008a_D.foa.76"/>
    <foa endtime="131.64" starttime="130.16" type="place" place="table" nite:id="IDIAP_ES2008a_D.foa.77"/>
    <foa endtime="133.32" starttime="131.64" type="unspecified" nite:id="IDIAP_ES2008a_D.foa.78"/>
    <foa endtime="134.04" starttime="133.32" type="person" role="ID" nxt_agent="B" nite:id="IDIAP_ES2008a_D.foa.79"/>
    <foa endtime="134.4" starttime="134.04" type="unspecified" nite:id="IDIAP_ES2008a_D.foa.80"/>
    <foa endtime="137.44" starttime="134.4" type="place" place="slide-screen" nite:id="IDIAP_ES2008a_D.foa.81"/>
    <foa endtime="138.88" starttime="137.44" type="unspecified" nite:id="IDIAP_ES2008a_D.foa.82"/>
    <foa endtime="144.96" starttime="138.88" type="person" role="ID" nxt_agent="B" nite:id="IDIAP_ES2008a_D.foa.83"/>
    <foa endtime="145.72" starttime="144.96" type="place" place="table" nite:id="IDIAP_ES2008a_D.foa.84"/>
    <foa endtime="149.68" starttime="145.72" type="person" role="ID" nxt_agent="B" nite:id="IDIAP_ES2008a_D.foa.85"/>
    <foa endtime="152.6" starttime="149.68" type="place" place="table" nite:id="IDIAP_ES2008a_D.foa.86"/>
    <foa endtime="153.4" starttime="152.6" type="person" role="ID" nxt_agent="B" nite:id="IDIAP_ES2008a_D.foa.87"/>
    <foa endtime="154.12" starttime="153.4" type="place" place="table" nite:id="IDIAP_ES2008a_D.foa.88"/>
    <foa endtime="154.72" starttime="154.12" type="person" role="ID" nxt_agent="B" nite:id="IDIAP_ES2008a_D.foa.89"/>
    <foa endtime="155.68" starttime="154.72" type="unspecified" nite:id="IDIAP_ES2008a_D.foa.90"/>
    <foa endtime="156.04" starttime="155.68" type="place" place="table" nite:id="IDIAP_ES2008a_D.foa.91"/>
    <foa endtime="157.04" starttime="156.04" type="person" role="ID" nxt_agent="B" nite:id="IDIAP_ES2008a_D.foa.92"/>
    <foa endtime="158.08" starttime="157.04" type="place" place="table" nite:id="IDIAP_ES2008a_D.foa.93"/>
    <foa endtime="168.92" starttime="158.08" type="person" role="ID" nxt_agent="B" nite:id="IDIAP_ES2008a_D.foa.94"/>
    <foa endtime="169.56" starttime="168.92" type="place" place="table" nite:id="IDIAP_ES2008a_D.foa.95"/>
    <foa endtime="171.24" starttime="169.56" type="person" role="ID" nxt_agent="B" nite:id="IDIAP_ES2008a_D.foa.96"/>
    <foa endtime="171.72" starttime="171.24" type="unspecified" nite:id="IDIAP_ES2008a_D.foa.97"/>
    <foa endtime="173.0" starttime="171.72" type="person" role="ID" nxt_agent="B" nite:id="IDIAP_ES2008a_D.foa.98"/>
    <foa endtime="173.64" starttime="173.0" type="unspecified" nite:id="IDIAP_ES2008a_D.foa.99"/>
    <foa endtime="180.4" starttime="173.64" type="person" role="ID" nxt_agent="B" nite:id="IDIAP_ES2008a_D.foa.100"/>
    <foa endtime="181.6" starttime="180.4" type="place" place="slide-screen" nite:id="IDIAP_ES2008a_D.foa.101"/>
    <foa endtime="207.36" starttime="181.6" type="person" role="ID" nxt_agent="B" nite:id="IDIAP_ES2008a_D.foa.102"/>
    <foa endtime="208.08" starttime="207.36" type="unspecified" nite:id="IDIAP_ES2008a_D.foa.103"/>
    <foa endtime="209.56" starttime="208.08" type="person" role="PM" nxt_agent="A" nite:id="IDIAP_ES2008a_D.foa.104"/>
    <foa endtime="219.28" starttime="209.56" type="person" role="ID" nxt_agent="B" nite:id="IDIAP_ES2008a_D.foa.105"/>
    <foa endtime="222.76" starttime="219.28" type="person" role="UI" nxt_agent="C" nite:id="IDIAP_ES2008a_D.foa.106"/>
    <foa endtime="222.88" starttime="222.76" type="person" role="ID" nxt_agent="B" nite:id="IDIAP_ES2008a_D.foa.107"/>
    <foa endtime="224.84" starttime="222.88" type="place" place="table" nite:id="IDIAP_ES2008a_D.foa.108"/>
    <foa endtime="227.24" starttime="224.84" type="person" role="UI" nxt_agent="C" nite:id="IDIAP_ES2008a_D.foa.109"/>
    <foa endtime="231.36" starttime="227.24" type="place" place="table" nite:id="IDIAP_ES2008a_D.foa.110"/>
    <foa endtime="232.48" starttime="231.36" type="person" role="UI" nxt_agent="C" nite:id="IDIAP_ES2008a_D.foa.111"/>
    <foa endtime="233.32" starttime="232.48" type="place" place="table" nite:id="IDIAP_ES2008a_D.foa.112"/>
    <foa endtime="233.92" starttime="233.32" type="place" place="whiteboard" nite:id="IDIAP_ES2008a_D.foa.113"/>
    <foa endtime="234.52" starttime="233.92" type="person" role="ID" nxt_agent="B" nite:id="IDIAP_ES2008a_D.foa.114"/>
    <foa endtime="235.24" starttime="234.52" type="place" place="whiteboard" nite:id="IDIAP_ES2008a_D.foa.115"/>
    <foa endtime="235.96" starttime="235.24" type="person" role="UI" nxt_agent="C" nite:id="IDIAP_ES2008a_D.foa.116"/>
    <foa endtime="236.44" starttime="235.96" type="unspecified" nite:id="IDIAP_ES2008a_D.foa.117"/>
    <foa endtime="236.8" starttime="236.44" type="person" role="UI" nxt_agent="C" nite:id="IDIAP_ES2008a_D.foa.118"/>
    <foa endtime="239.32" starttime="236.8" type="unspecified" nite:id="IDIAP_ES2008a_D.foa.119"/>
    <foa endtime="239.92" starttime="239.32" type="place" place="table" nite:id="IDIAP_ES2008a_D.foa.120"/>
    <foa endtime="240.52" starttime="239.92" type="unspecified" nite:id="IDIAP_ES2008a_D.foa.121"/>
    <foa endtime="241.12" starttime="240.52" type="person" role="UI" nxt_agent="C" nite:id="IDIAP_ES2008a_D.foa.122"/>
    <foa endtime="241.48" starttime="241.12" type="unspecified" nite:id="IDIAP_ES2008a_D.foa.123"/>
    <foa endtime="243.76" starttime="241.48" type="person" role="UI" nxt_agent="C" nite:id="IDIAP_ES2008a_D.foa.124"/>
    <foa endtime="244.6" starttime="243.76" type="person" role="PM" nxt_agent="A" nite:id="IDIAP_ES2008a_D.foa.125"/>
    <foa endtime="246.04" starttime="244.6" type="place" place="slide-screen" nite:id="IDIAP_ES2008a_D.foa.126"/>
    <foa endtime="246.52" starttime="246.04" type="unspecified" nite:id="IDIAP_ES2008a_D.foa.127"/>
    <foa endtime="251.28" starttime="246.52" type="person" role="UI" nxt_agent="C" nite:id="IDIAP_ES2008a_D.foa.128"/>
    <foa endtime="253.2" starttime="251.28" type="place" place="table" nite:id="IDIAP_ES2008a_D.foa.129"/>
    <foa endtime="256.76" starttime="253.2" type="person" role="UI" nxt_agent="C" nite:id="IDIAP_ES2008a_D.foa.130"/>
    <foa endtime="263.92" starttime="256.76" type="person" role="ID" nxt_agent="B" nite:id="IDIAP_ES2008a_D.foa.131"/>
    <foa endtime="278.08" starttime="263.92" type="person" role="UI" nxt_agent="C" nite:id="IDIAP_ES2008a_D.foa.132"/>
    <foa endtime="278.44" starttime="278.08" type="person" role="ID" nxt_agent="B" nite:id="IDIAP_ES2008a_D.foa.133"/>
    <foa endtime="279.76" starttime="278.44" type="person" role="UI" nxt_agent="C" nite:id="IDIAP_ES2008a_D.foa.134"/>
    <foa endtime="280.12" starttime="279.76" type="person" role="ID" nxt_agent="B" nite:id="IDIAP_ES2008a_D.foa.135"/>
    <foa endtime="280.72" starttime="280.12" type="person" role="UI" nxt_agent="C" nite:id="IDIAP_ES2008a_D.foa.136"/>
    <foa endtime="280.96" starttime="280.72" type="person" role="ID" nxt_agent="B" nite:id="IDIAP_ES2008a_D.foa.137"/>
    <foa endtime="281.2" starttime="280.96" type="person" role="UI" nxt_agent="C" nite:id="IDIAP_ES2008a_D.foa.138"/>
    <foa endtime="282.52" starttime="281.2" type="place" place="table" nite:id="IDIAP_ES2008a_D.foa.139"/>
    <foa endtime="283.12" starttime="282.52" type="person" role="UI" nxt_agent="C" nite:id="IDIAP_ES2008a_D.foa.140"/>
    <foa endtime="283.6" starttime="283.12" type="person" role="ID" nxt_agent="B" nite:id="IDIAP_ES2008a_D.foa.141"/>
    <foa endtime="289.24" starttime="283.6" type="person" role="UI" nxt_agent="C" nite:id="IDIAP_ES2008a_D.foa.142"/>
    <foa endtime="289.48" starttime="289.24" type="place" place="slide-screen" nite:id="IDIAP_ES2008a_D.foa.143"/>
    <foa endtime="290.12" starttime="289.48" type="person" role="UI" nxt_agent="C" nite:id="IDIAP_ES2008a_D.foa.144"/>
    <foa endtime="290.48" starttime="290.12" type="unspecified" nite:id="IDIAP_ES2008a_D.foa.145"/>
    <foa endtime="293.24" starttime="290.48" type="person" role="UI" nxt_agent="C" nite:id="IDIAP_ES2008a_D.foa.146"/>
    <foa endtime="293.6" starttime="293.24" type="unspecified" nite:id="IDIAP_ES2008a_D.foa.147"/>
    <foa endtime="302.68" starttime="293.6" type="person" role="UI" nxt_agent="C" nite:id="IDIAP_ES2008a_D.foa.148"/>
    <foa endtime="311.24" starttime="302.68" type="place" place="table" nite:id="IDIAP_ES2008a_D.foa.149"/>
    <foa endtime="376.36" starttime="311.24" type="unspecified" nite:id="IDIAP_ES2008a_D.foa.150"/>
    <foa endtime="378.64" starttime="376.36" type="place" place="table" nite:id="IDIAP_ES2008a_D.foa.151"/>
    <foa endtime="379.24" starttime="378.64" type="unspecified" nite:id="IDIAP_ES2008a_D.foa.152"/>
    <foa endtime="384.96" starttime="379.24" type="place" place="table" nite:id="IDIAP_ES2008a_D.foa.153"/>
    <foa endtime="385.44" starttime="384.96" type="person" role="PM" nxt_agent="A" nite:id="IDIAP_ES2008a_D.foa.154"/>
    <foa endtime="385.68" starttime="385.44" type="unspecified" nite:id="IDIAP_ES2008a_D.foa.155"/>
    <foa endtime="386.64" starttime="385.68" type="person" role="ID" nxt_agent="B" nite:id="IDIAP_ES2008a_D.foa.156"/>
    <foa endtime="387.0" starttime="386.64" type="place" place="table" nite:id="IDIAP_ES2008a_D.foa.157"/>
    <foa endtime="387.48" starttime="387.0" type="person" role="ID" nxt_agent="B" nite:id="IDIAP_ES2008a_D.foa.158"/>
    <foa endtime="387.72" starttime="387.48" type="unspecified" nite:id="IDIAP_ES2008a_D.foa.159"/>
    <foa endtime="388.08" starttime="387.72" type="person" role="PM" nxt_agent="A" nite:id="IDIAP_ES2008a_D.foa.160"/>
    <foa endtime="388.56" starttime="388.08" type="unspecified" nite:id="IDIAP_ES2008a_D.foa.161"/>
    <foa endtime="391.56" starttime="388.56" type="person" role="ID" nxt_agent="B" nite:id="IDIAP_ES2008a_D.foa.162"/>
    <foa endtime="391.8" starttime="391.56" type="person" role="PM" nxt_agent="A" nite:id="IDIAP_ES2008a_D.foa.163"/>
    <foa endtime="392.04" starttime="391.8" type="person" role="ID" nxt_agent="B" nite:id="IDIAP_ES2008a_D.foa.164"/>
    <foa endtime="395.0" starttime="392.04" type="place" place="table" nite:id="IDIAP_ES2008a_D.foa.165"/>
    <foa endtime="398.44" starttime="395.0" type="person" role="ID" nxt_agent="B" nite:id="IDIAP_ES2008a_D.foa.166"/>
    <foa endtime="399.44" starttime="398.44" type="person" role="PM" nxt_agent="A" nite:id="IDIAP_ES2008a_D.foa.167"/>
    <foa endtime="399.56" starttime="399.44" type="person" role="ID" nxt_agent="B" nite:id="IDIAP_ES2008a_D.foa.168"/>
    <foa endtime="400.04" starttime="399.56" type="place" place="table" nite:id="IDIAP_ES2008a_D.foa.169"/>
    <foa endtime="401.68" starttime="400.04" type="person" role="PM" nxt_agent="A" nite:id="IDIAP_ES2008a_D.foa.170"/>
    <foa endtime="402.88" starttime="401.68" type="unspecified" nite:id="IDIAP_ES2008a_D.foa.171"/>
    <foa endtime="403.24" starttime="402.88" type="place" place="table" nite:id="IDIAP_ES2008a_D.foa.172"/>
    <foa endtime="403.72" starttime="403.24" type="person" role="ID" nxt_agent="B" nite:id="IDIAP_ES2008a_D.foa.173"/>
    <foa endtime="404.08" starttime="403.72" type="place" place="table" nite:id="IDIAP_ES2008a_D.foa.174"/>
    <foa endtime="426.44" starttime="404.08" type="person" role="PM" nxt_agent="A" nite:id="IDIAP_ES2008a_D.foa.175"/>
    <foa endtime="427.88" starttime="426.44" type="unspecified" nite:id="IDIAP_ES2008a_D.foa.176"/>
    <foa endtime="427.96" starttime="427.88" type="person" role="ID" nxt_agent="B" nite:id="IDIAP_ES2008a_D.foa.177"/>
    <foa endtime="431.04" starttime="427.96" type="person" role="PM" nxt_agent="A" nite:id="IDIAP_ES2008a_D.foa.178"/>
    <foa endtime="431.8" starttime="431.04" type="place" place="whiteboard" nite:id="IDIAP_ES2008a_D.foa.179"/>
    <foa endtime="432.76" starttime="431.8" type="unspecified" nite:id="IDIAP_ES2008a_D.foa.180"/>
    <foa endtime="434.32" starttime="432.76" type="person" role="ID" nxt_agent="B" nite:id="IDIAP_ES2008a_D.foa.181"/>
    <foa endtime="436.12" starttime="434.32" type="unspecified" nite:id="IDIAP_ES2008a_D.foa.182"/>
    <foa endtime="436.84" starttime="436.12" type="person" role="PM" nxt_agent="A" nite:id="IDIAP_ES2008a_D.foa.183"/>
    <foa endtime="437.44" starttime="436.84" type="person" role="ID" nxt_agent="B" nite:id="IDIAP_ES2008a_D.foa.184"/>
    <foa endtime="440.68" starttime="437.44" type="unspecified" nite:id="IDIAP_ES2008a_D.foa.185"/>
    <foa endtime="441.64" starttime="440.68" type="person" role="ID" nxt_agent="B" nite:id="IDIAP_ES2008a_D.foa.186"/>
    <foa endtime="445.28" starttime="441.64" type="unspecified" nite:id="IDIAP_ES2008a_D.foa.187"/>
    <foa endtime="447.08" starttime="445.28" type="person" role="PM" nxt_agent="A" nite:id="IDIAP_ES2008a_D.foa.188"/>
    <foa endtime="447.44" starttime="447.08" type="unspecified" nite:id="IDIAP_ES2008a_D.foa.189"/>
    <foa endtime="449.52" starttime="447.44" type="place" place="table" nite:id="IDIAP_ES2008a_D.foa.190"/>
    <foa endtime="451.08" starttime="449.52" type="unspecified" nite:id="IDIAP_ES2008a_D.foa.191"/>
    <foa endtime="455.08" starttime="451.08" type="place" place="table" nite:id="IDIAP_ES2008a_D.foa.192"/>
    <foa endtime="456.52" starttime="455.08" type="unspecified" nite:id="IDIAP_ES2008a_D.foa.193"/>
    <foa endtime="457.24" starttime="456.52" type="place" place="slide-screen" nite:id="IDIAP_ES2008a_D.foa.194"/>
    <foa endtime="461.48" starttime="457.24" type="place" place="table" nite:id="IDIAP_ES2008a_D.foa.195"/>
    <foa endtime="462.48" starttime="461.48" type="place" place="slide-screen" nite:id="IDIAP_ES2008a_D.foa.196"/>
    <foa endtime="464.56" starttime="462.48" type="place" place="table" nite:id="IDIAP_ES2008a_D.foa.197"/>
    <foa endtime="465.64" starttime="464.56" type="place" place="slide-screen" nite:id="IDIAP_ES2008a_D.foa.198"/>
    <foa endtime="466.32" starttime="465.64" type="place" place="table" nite:id="IDIAP_ES2008a_D.foa.199"/>
    <foa endtime="467.12" starttime="466.32" type="place" place="slide-screen" nite:id="IDIAP_ES2008a_D.foa.200"/>
    <foa endtime="467.88" starttime="467.12" type="place" place="table" nite:id="IDIAP_ES2008a_D.foa.201"/>
    <foa endtime="468.96" starttime="467.88" type="place" place="slide-screen" nite:id="IDIAP_ES2008a_D.foa.202"/>
    <foa endtime="469.56" starttime="468.96" type="place" place="table" nite:id="IDIAP_ES2008a_D.foa.203"/>
    <foa endtime="470.44" starttime="469.56" type="place" place="slide-screen" nite:id="IDIAP_ES2008a_D.foa.204"/>
    <foa endtime="474.24" starttime="470.44" type="place" place="table" nite:id="IDIAP_ES2008a_D.foa.205"/>
    <foa endtime="475.92" starttime="474.24" type="place" place="slide-screen" nite:id="IDIAP_ES2008a_D.foa.206"/>
    <foa endtime="480.48" starttime="475.92" type="place" place="table" nite:id="IDIAP_ES2008a_D.foa.207"/>
    <foa endtime="481.44" starttime="480.48" type="place" place="slide-screen" nite:id="IDIAP_ES2008a_D.foa.208"/>
    <foa endtime="486.6" starttime="481.44" type="place" place="table" nite:id="IDIAP_ES2008a_D.foa.209"/>
    <foa endtime="487.92" starttime="486.6" type="place" place="slide-screen" nite:id="IDIAP_ES2008a_D.foa.210"/>
    <foa endtime="488.68" starttime="487.92" type="place" place="table" nite:id="IDIAP_ES2008a_D.foa.211"/>
    <foa endtime="489.68" starttime="488.68" type="place" place="slide-screen" nite:id="IDIAP_ES2008a_D.foa.212"/>
    <foa endtime="492.92" starttime="489.68" type="place" place="table" nite:id="IDIAP_ES2008a_D.foa.213"/>
    <foa endtime="496.0" starttime="492.92" type="place" place="slide-screen" nite:id="IDIAP_ES2008a_D.foa.214"/>
    <foa endtime="496.8" starttime="496.0" type="place" place="table" nite:id="IDIAP_ES2008a_D.foa.215"/>
    <foa endtime="498.08" starttime="496.8" type="unspecified" nite:id="IDIAP_ES2008a_D.foa.216"/>
    <foa endtime="499.48" starttime="498.08" type="person" role="PM" nxt_agent="A" nite:id="IDIAP_ES2008a_D.foa.217"/>
    <foa endtime="500.56" starttime="499.48" type="person" role="ID" nxt_agent="B" nite:id="IDIAP_ES2008a_D.foa.218"/>
    <foa endtime="501.88" starttime="500.56" type="unspecified" nite:id="IDIAP_ES2008a_D.foa.219"/>
    <foa endtime="502.12" starttime="501.88" type="place" place="slide-screen" nite:id="IDIAP_ES2008a_D.foa.220"/>
    <foa endtime="502.48" starttime="502.12" type="person" role="ID" nxt_agent="B" nite:id="IDIAP_ES2008a_D.foa.221"/>
    <foa endtime="503.92" starttime="502.48" type="unspecified" nite:id="IDIAP_ES2008a_D.foa.222"/>
    <foa endtime="504.88" starttime="503.92" type="place" place="slide-screen" nite:id="IDIAP_ES2008a_D.foa.223"/>
    <foa endtime="505.48" starttime="504.88" type="person" role="PM" nxt_agent="A" nite:id="IDIAP_ES2008a_D.foa.224"/>
    <foa endtime="506.08" starttime="505.48" type="unspecified" nite:id="IDIAP_ES2008a_D.foa.225"/>
    <foa endtime="506.8" starttime="506.08" type="person" role="ID" nxt_agent="B" nite:id="IDIAP_ES2008a_D.foa.226"/>
    <foa endtime="508.36" starttime="506.8" type="unspecified" nite:id="IDIAP_ES2008a_D.foa.227"/>
    <foa endtime="508.6" starttime="508.36" type="person" role="PM" nxt_agent="A" nite:id="IDIAP_ES2008a_D.foa.228"/>
    <foa endtime="508.72" starttime="508.6" type="unspecified" nite:id="IDIAP_ES2008a_D.foa.229"/>
    <foa endtime="509.56" starttime="508.72" type="person" role="ID" nxt_agent="B" nite:id="IDIAP_ES2008a_D.foa.230"/>
    <foa endtime="510.04" starttime="509.56" type="unspecified" nite:id="IDIAP_ES2008a_D.foa.231"/>
    <foa endtime="510.88" starttime="510.04" type="person" role="PM" nxt_agent="A" nite:id="IDIAP_ES2008a_D.foa.232"/>
    <foa endtime="512.2" starttime="510.88" type="person" role="ID" nxt_agent="B" nite:id="IDIAP_ES2008a_D.foa.233"/>
    <foa endtime="512.8" starttime="512.2" type="unspecified" nite:id="IDIAP_ES2008a_D.foa.234"/>
    <foa endtime="513.4" starttime="512.8" type="place" place="whiteboard" nite:id="IDIAP_ES2008a_D.foa.235"/>
    <foa endtime="515.32" starttime="513.4" type="unspecified" nite:id="IDIAP_ES2008a_D.foa.236"/>
    <foa endtime="520.36" starttime="515.32" type="person" role="ID" nxt_agent="B" nite:id="IDIAP_ES2008a_D.foa.237"/>
    <foa endtime="521.12" starttime="520.36" type="person" role="UI" nxt_agent="C" nite:id="IDIAP_ES2008a_D.foa.238"/>
    <foa endtime="521.6" starttime="521.12" type="unspecified" nite:id="IDIAP_ES2008a_D.foa.239"/>
    <foa endtime="522.52" starttime="521.6" type="person" role="UI" nxt_agent="C" nite:id="IDIAP_ES2008a_D.foa.240"/>
    <foa endtime="523.0" starttime="522.52" type="person" role="ID" nxt_agent="B" nite:id="IDIAP_ES2008a_D.foa.241"/>
    <foa endtime="524.56" starttime="523.0" type="person" role="PM" nxt_agent="A" nite:id="IDIAP_ES2008a_D.foa.242"/>
    <foa endtime="525.76" starttime="524.56" type="person" role="ID" nxt_agent="B" nite:id="IDIAP_ES2008a_D.foa.243"/>
    <foa endtime="528.08" starttime="525.76" type="place" place="slide-screen" nite:id="IDIAP_ES2008a_D.foa.244"/>
    <foa endtime="529.04" starttime="528.08" type="unspecified" nite:id="IDIAP_ES2008a_D.foa.245"/>
    <foa endtime="533.88" starttime="529.04" type="person" role="PM" nxt_agent="A" nite:id="IDIAP_ES2008a_D.foa.246"/>
    <foa endtime="534.24" starttime="533.88" type="unspecified" nite:id="IDIAP_ES2008a_D.foa.247"/>
    <foa endtime="535.2" starttime="534.24" type="place" place="table" nite:id="IDIAP_ES2008a_D.foa.248"/>
    <foa endtime="536.16" starttime="535.2" type="unspecified" nite:id="IDIAP_ES2008a_D.foa.249"/>
    <foa endtime="537.0" starttime="536.16" type="person" role="PM" nxt_agent="A" nite:id="IDIAP_ES2008a_D.foa.250"/>
    <foa endtime="537.6" starttime="537.0" type="place" place="slide-screen" nite:id="IDIAP_ES2008a_D.foa.251"/>
    <foa endtime="539.52" starttime="537.6" type="person" role="UI" nxt_agent="C" nite:id="IDIAP_ES2008a_D.foa.252"/>
    <foa endtime="539.88" starttime="539.52" type="unspecified" nite:id="IDIAP_ES2008a_D.foa.253"/>
    <foa endtime="541.48" starttime="539.88" type="person" role="UI" nxt_agent="C" nite:id="IDIAP_ES2008a_D.foa.254"/>
    <foa endtime="541.84" starttime="541.48" type="person" role="ID" nxt_agent="B" nite:id="IDIAP_ES2008a_D.foa.255"/>
    <foa endtime="543.4" starttime="541.84" type="place" place="slide-screen" nite:id="IDIAP_ES2008a_D.foa.256"/>
    <foa endtime="543.96" starttime="543.4" type="person" role="PM" nxt_agent="A" nite:id="IDIAP_ES2008a_D.foa.257"/>
    <foa endtime="545.04" starttime="543.96" type="unspecified" nite:id="IDIAP_ES2008a_D.foa.258"/>
    <foa endtime="545.88" starttime="545.04" type="person" role="ID" nxt_agent="B" nite:id="IDIAP_ES2008a_D.foa.259"/>
    <foa endtime="546.12" starttime="545.88" type="person" role="UI" nxt_agent="C" nite:id="IDIAP_ES2008a_D.foa.260"/>
    <foa endtime="547.2" starttime="546.12" type="place" place="table" nite:id="IDIAP_ES2008a_D.foa.261"/>
    <foa endtime="548.64" starttime="547.2" type="person" role="ID" nxt_agent="B" nite:id="IDIAP_ES2008a_D.foa.262"/>
    <foa endtime="549.72" starttime="548.64" type="unspecified" nite:id="IDIAP_ES2008a_D.foa.263"/>
    <foa endtime="551.28" starttime="549.72" type="person" role="UI" nxt_agent="C" nite:id="IDIAP_ES2008a_D.foa.264"/>
    <foa endtime="551.64" starttime="551.28" type="place" place="table" nite:id="IDIAP_ES2008a_D.foa.265"/>
    <foa endtime="557.24" starttime="551.64" type="person" role="UI" nxt_agent="C" nite:id="IDIAP_ES2008a_D.foa.266"/>
    <foa endtime="558.92" starttime="557.24" type="place" place="slide-screen" nite:id="IDIAP_ES2008a_D.foa.267"/>
    <foa endtime="561.52" starttime="558.92" type="person" role="UI" nxt_agent="C" nite:id="IDIAP_ES2008a_D.foa.268"/>
    <foa endtime="562.0" starttime="561.52" type="unspecified" nite:id="IDIAP_ES2008a_D.foa.269"/>
    <foa endtime="562.96" starttime="562.0" type="person" role="UI" nxt_agent="C" nite:id="IDIAP_ES2008a_D.foa.270"/>
    <foa endtime="563.8" starttime="562.96" type="unspecified" nite:id="IDIAP_ES2008a_D.foa.271"/>
    <foa endtime="565.04" starttime="563.8" type="person" role="UI" nxt_agent="C" nite:id="IDIAP_ES2008a_D.foa.272"/>
    <foa endtime="565.76" starttime="565.04" type="place" place="table" nite:id="IDIAP_ES2008a_D.foa.273"/>
    <foa endtime="566.48" starttime="565.76" type="person" role="UI" nxt_agent="C" nite:id="IDIAP_ES2008a_D.foa.274"/>
    <foa endtime="566.84" starttime="566.48" type="unspecified" nite:id="IDIAP_ES2008a_D.foa.275"/>
    <foa endtime="567.2" starttime="566.84" type="person" role="UI" nxt_agent="C" nite:id="IDIAP_ES2008a_D.foa.276"/>
    <foa endtime="567.56" starttime="567.2" type="unspecified" nite:id="IDIAP_ES2008a_D.foa.277"/>
    <foa endtime="570.48" starttime="567.56" type="person" role="UI" nxt_agent="C" nite:id="IDIAP_ES2008a_D.foa.278"/>
    <foa endtime="570.96" starttime="570.48" type="unspecified" nite:id="IDIAP_ES2008a_D.foa.279"/>
    <foa endtime="571.44" starttime="570.96" type="person" role="ID" nxt_agent="B" nite:id="IDIAP_ES2008a_D.foa.280"/>
    <foa endtime="573.0" starttime="571.44" type="person" role="UI" nxt_agent="C" nite:id="IDIAP_ES2008a_D.foa.281"/>
    <foa endtime="576.84" starttime="573.0" type="place" place="table" nite:id="IDIAP_ES2008a_D.foa.282"/>
    <foa endtime="580.56" starttime="576.84" type="person" role="UI" nxt_agent="C" nite:id="IDIAP_ES2008a_D.foa.283"/>
    <foa endtime="580.92" starttime="580.56" type="unspecified" nite:id="IDIAP_ES2008a_D.foa.284"/>
    <foa endtime="583.28" starttime="580.92" type="person" role="UI" nxt_agent="C" nite:id="IDIAP_ES2008a_D.foa.285"/>
    <foa endtime="583.88" starttime="583.28" type="unspecified" nite:id="IDIAP_ES2008a_D.foa.286"/>
    <foa endtime="584.84" starttime="583.88" type="person" role="UI" nxt_agent="C" nite:id="IDIAP_ES2008a_D.foa.287"/>
    <foa endtime="585.32" starttime="584.84" type="unspecified" nite:id="IDIAP_ES2008a_D.foa.288"/>
    <foa endtime="586.92" starttime="585.32" type="person" role="UI" nxt_agent="C" nite:id="IDIAP_ES2008a_D.foa.289"/>
    <foa endtime="587.52" starttime="586.92" type="person" role="ID" nxt_agent="B" nite:id="IDIAP_ES2008a_D.foa.290"/>
    <foa endtime="591.52" starttime="587.52" type="person" role="UI" nxt_agent="C" nite:id="IDIAP_ES2008a_D.foa.291"/>
    <foa endtime="592.0" starttime="591.52" type="unspecified" nite:id="IDIAP_ES2008a_D.foa.292"/>
    <foa endtime="592.92" starttime="592.0" type="person" role="UI" nxt_agent="C" nite:id="IDIAP_ES2008a_D.foa.293"/>
    <foa endtime="598.96" starttime="592.92" type="place" place="table" nite:id="IDIAP_ES2008a_D.foa.294"/>
    <foa endtime="601.04" starttime="598.96" type="person" role="UI" nxt_agent="C" nite:id="IDIAP_ES2008a_D.foa.295"/>
    <foa endtime="601.52" starttime="601.04" type="person" role="ID" nxt_agent="B" nite:id="IDIAP_ES2008a_D.foa.296"/>
    <foa endtime="603.68" starttime="601.52" type="place" place="table" nite:id="IDIAP_ES2008a_D.foa.297"/>
    <foa endtime="621.28" starttime="603.68" type="person" role="ID" nxt_agent="B" nite:id="IDIAP_ES2008a_D.foa.298"/>
    <foa endtime="622.44" starttime="621.28" type="place" place="table" nite:id="IDIAP_ES2008a_D.foa.299"/>
    <foa endtime="623.4" starttime="622.44" type="person" role="ID" nxt_agent="B" nite:id="IDIAP_ES2008a_D.foa.300"/>
    <foa endtime="623.88" starttime="623.4" type="unspecified" nite:id="IDIAP_ES2008a_D.foa.301"/>
    <foa endtime="627.68" starttime="623.88" type="person" role="ID" nxt_agent="B" nite:id="IDIAP_ES2008a_D.foa.302"/>
    <foa endtime="632.6" starttime="627.68" type="place" place="table" nite:id="IDIAP_ES2008a_D.foa.303"/>
    <foa endtime="637.44" starttime="632.6" type="person" role="ID" nxt_agent="B" nite:id="IDIAP_ES2008a_D.foa.304"/>
    <foa endtime="637.68" starttime="637.44" type="person" role="UI" nxt_agent="C" nite:id="IDIAP_ES2008a_D.foa.305"/>
    <foa endtime="638.52" starttime="637.68" type="person" role="ID" nxt_agent="B" nite:id="IDIAP_ES2008a_D.foa.306"/>
    <foa endtime="638.88" starttime="638.52" type="person" role="UI" nxt_agent="C" nite:id="IDIAP_ES2008a_D.foa.307"/>
    <foa endtime="640.8" starttime="638.88" type="person" role="ID" nxt_agent="B" nite:id="IDIAP_ES2008a_D.foa.308"/>
    <foa endtime="641.04" starttime="640.8" type="unspecified" nite:id="IDIAP_ES2008a_D.foa.309"/>
    <foa endtime="644.2" starttime="641.04" type="place" place="table" nite:id="IDIAP_ES2008a_D.foa.310"/>
    <foa endtime="645.72" starttime="644.2" type="person" role="ID" nxt_agent="B" nite:id="IDIAP_ES2008a_D.foa.311"/>
    <foa endtime="653.88" starttime="645.72" type="place" place="table" nite:id="IDIAP_ES2008a_D.foa.312"/>
    <foa endtime="656.0" starttime="653.88" type="person" role="ID" nxt_agent="B" nite:id="IDIAP_ES2008a_D.foa.313"/>
    <foa endtime="656.72" starttime="656.0" type="unspecified" nite:id="IDIAP_ES2008a_D.foa.314"/>
    <foa endtime="657.2" starttime="656.72" type="person" role="ID" nxt_agent="B" nite:id="IDIAP_ES2008a_D.foa.315"/>
    <foa endtime="657.56" starttime="657.2" type="unspecified" nite:id="IDIAP_ES2008a_D.foa.316"/>
    <foa endtime="657.92" starttime="657.56" type="person" role="ID" nxt_agent="B" nite:id="IDIAP_ES2008a_D.foa.317"/>
    <foa endtime="658.28" starttime="657.92" type="unspecified" nite:id="IDIAP_ES2008a_D.foa.318"/>
    <foa endtime="658.76" starttime="658.28" type="person" role="ID" nxt_agent="B" nite:id="IDIAP_ES2008a_D.foa.319"/>
    <foa endtime="659.24" starttime="658.76" type="person" role="UI" nxt_agent="C" nite:id="IDIAP_ES2008a_D.foa.320"/>
    <foa endtime="660.8" starttime="659.24" type="person" role="ID" nxt_agent="B" nite:id="IDIAP_ES2008a_D.foa.321"/>
    <foa endtime="661.04" starttime="660.8" type="unspecified" nite:id="IDIAP_ES2008a_D.foa.322"/>
    <foa endtime="661.52" starttime="661.04" type="person" role="ID" nxt_agent="B" nite:id="IDIAP_ES2008a_D.foa.323"/>
    <foa endtime="662.12" starttime="661.52" type="unspecified" nite:id="IDIAP_ES2008a_D.foa.324"/>
    <foa endtime="662.96" starttime="662.12" type="person" role="ID" nxt_agent="B" nite:id="IDIAP_ES2008a_D.foa.325"/>
    <foa endtime="664.52" starttime="662.96" type="person" role="UI" nxt_agent="C" nite:id="IDIAP_ES2008a_D.foa.326"/>
    <foa endtime="667.16" starttime="664.52" type="unspecified" nite:id="IDIAP_ES2008a_D.foa.327"/>
    <foa endtime="669.2" starttime="667.16" type="person" role="PM" nxt_agent="A" nite:id="IDIAP_ES2008a_D.foa.328"/>
    <foa endtime="670.4" starttime="669.2" type="unspecified" nite:id="IDIAP_ES2008a_D.foa.329"/>
    <foa endtime="671.4" starttime="670.4" type="person" role="PM" nxt_agent="A" nite:id="IDIAP_ES2008a_D.foa.330"/>
    <foa endtime="673.2" starttime="671.4" type="person" role="ID" nxt_agent="B" nite:id="IDIAP_ES2008a_D.foa.331"/>
    <foa endtime="673.56" starttime="673.2" type="unspecified" nite:id="IDIAP_ES2008a_D.foa.332"/>
    <foa endtime="673.8" starttime="673.56" type="person" role="ID" nxt_agent="B" nite:id="IDIAP_ES2008a_D.foa.333"/>
    <foa endtime="674.52" starttime="673.8" type="unspecified" nite:id="IDIAP_ES2008a_D.foa.334"/>
    <foa endtime="676.56" starttime="674.52" type="person" role="ID" nxt_agent="B" nite:id="IDIAP_ES2008a_D.foa.335"/>
    <foa endtime="680.24" starttime="676.56" type="person" role="PM" nxt_agent="A" nite:id="IDIAP_ES2008a_D.foa.336"/>
    <foa endtime="681.24" starttime="680.24" type="unspecified" nite:id="IDIAP_ES2008a_D.foa.337"/>
    <foa endtime="682.04" starttime="681.24" type="person" role="ID" nxt_agent="B" nite:id="IDIAP_ES2008a_D.foa.338"/>
    <foa endtime="688.2" starttime="682.04" type="place" place="table" nite:id="IDIAP_ES2008a_D.foa.339"/>
    <foa endtime="695.56" starttime="688.2" type="unspecified" nite:id="IDIAP_ES2008a_D.foa.340"/>
    <foa endtime="696.44" starttime="695.56" type="person" role="ID" nxt_agent="B" nite:id="IDIAP_ES2008a_D.foa.341"/>
    <foa endtime="697.28" starttime="696.44" type="unspecified" nite:id="IDIAP_ES2008a_D.foa.342"/>
    <foa endtime="697.76" starttime="697.28" type="person" role="ID" nxt_agent="B" nite:id="IDIAP_ES2008a_D.foa.343"/>
    <foa endtime="698.24" starttime="697.76" type="unspecified" nite:id="IDIAP_ES2008a_D.foa.344"/>
    <foa endtime="698.92" starttime="698.24" type="person" role="PM" nxt_agent="A" nite:id="IDIAP_ES2008a_D.foa.345"/>
    <foa endtime="699.76" starttime="698.92" type="person" role="ID" nxt_agent="B" nite:id="IDIAP_ES2008a_D.foa.346"/>
    <foa endtime="701.0" starttime="699.76" type="unspecified" nite:id="IDIAP_ES2008a_D.foa.347"/>
    <foa endtime="702.0" starttime="701.0" type="person" role="ID" nxt_agent="B" nite:id="IDIAP_ES2008a_D.foa.348"/>
    <foa endtime="703.12" starttime="702.0" type="unspecified" nite:id="IDIAP_ES2008a_D.foa.349"/>
    <foa endtime="703.72" starttime="703.12" type="person" role="ID" nxt_agent="B" nite:id="IDIAP_ES2008a_D.foa.350"/>
    <foa endtime="704.48" starttime="703.72" type="person" role="PM" nxt_agent="A" nite:id="IDIAP_ES2008a_D.foa.351"/>
    <foa endtime="705.92" starttime="704.48" type="person" role="UI" nxt_agent="C" nite:id="IDIAP_ES2008a_D.foa.352"/>
    <foa endtime="713.56" starttime="705.92" type="person" role="ID" nxt_agent="B" nite:id="IDIAP_ES2008a_D.foa.353"/>
    <foa endtime="713.92" starttime="713.56" type="person" role="UI" nxt_agent="C" nite:id="IDIAP_ES2008a_D.foa.354"/>
    <foa endtime="716.44" starttime="713.92" type="person" role="ID" nxt_agent="B" nite:id="IDIAP_ES2008a_D.foa.355"/>
    <foa endtime="716.8" starttime="716.44" type="person" role="UI" nxt_agent="C" nite:id="IDIAP_ES2008a_D.foa.356"/>
    <foa endtime="718.48" starttime="716.8" type="person" role="ID" nxt_agent="B" nite:id="IDIAP_ES2008a_D.foa.357"/>
    <foa endtime="718.6" starttime="718.48" type="unspecified" nite:id="IDIAP_ES2008a_D.foa.358"/>
    <foa endtime="730.68" starttime="718.6" type="person" role="ID" nxt_agent="B" nite:id="IDIAP_ES2008a_D.foa.359"/>
    <foa endtime="731.4" starttime="730.68" type="unspecified" nite:id="IDIAP_ES2008a_D.foa.360"/>
    <foa endtime="731.76" starttime="731.4" type="person" role="ID" nxt_agent="B" nite:id="IDIAP_ES2008a_D.foa.361"/>
    <foa endtime="732.24" starttime="731.76" type="person" role="UI" nxt_agent="C" nite:id="IDIAP_ES2008a_D.foa.362"/>
    <foa endtime="733.44" starttime="732.24" type="person" role="ID" nxt_agent="B" nite:id="IDIAP_ES2008a_D.foa.363"/>
    <foa endtime="733.8" starttime="733.44" type="person" role="PM" nxt_agent="A" nite:id="IDIAP_ES2008a_D.foa.364"/>
    <foa endtime="734.88" starttime="733.8" type="person" role="ID" nxt_agent="B" nite:id="IDIAP_ES2008a_D.foa.365"/>
    <foa endtime="735.72" starttime="734.88" type="person" role="UI" nxt_agent="C" nite:id="IDIAP_ES2008a_D.foa.366"/>
    <foa endtime="735.96" starttime="735.72" type="person" role="ID" nxt_agent="B" nite:id="IDIAP_ES2008a_D.foa.367"/>
    <foa endtime="736.8" starttime="735.96" type="person" role="UI" nxt_agent="C" nite:id="IDIAP_ES2008a_D.foa.368"/>
    <foa endtime="737.88" starttime="736.8" type="person" role="ID" nxt_agent="B" nite:id="IDIAP_ES2008a_D.foa.369"/>
    <foa endtime="738.48" starttime="737.88" type="person" role="PM" nxt_agent="A" nite:id="IDIAP_ES2008a_D.foa.370"/>
    <foa endtime="740.04" starttime="738.48" type="person" role="ID" nxt_agent="B" nite:id="IDIAP_ES2008a_D.foa.371"/>
    <foa endtime="740.64" starttime="740.04" type="person" role="UI" nxt_agent="C" nite:id="IDIAP_ES2008a_D.foa.372"/>
    <foa endtime="741.6" starttime="740.64" type="person" role="PM" nxt_agent="A" nite:id="IDIAP_ES2008a_D.foa.373"/>
    <foa endtime="742.68" starttime="741.6" type="person" role="ID" nxt_agent="B" nite:id="IDIAP_ES2008a_D.foa.374"/>
    <foa endtime="743.16" starttime="742.68" type="unspecified" nite:id="IDIAP_ES2008a_D.foa.375"/>
    <foa endtime="743.92" starttime="743.16" type="person" role="PM" nxt_agent="A" nite:id="IDIAP_ES2008a_D.foa.376"/>
    <foa endtime="745.16" starttime="743.92" type="person" role="ID" nxt_agent="B" nite:id="IDIAP_ES2008a_D.foa.377"/>
    <foa endtime="746.0" starttime="745.16" type="person" role="UI" nxt_agent="C" nite:id="IDIAP_ES2008a_D.foa.378"/>
    <foa endtime="746.64" starttime="746.0" type="person" role="PM" nxt_agent="A" nite:id="IDIAP_ES2008a_D.foa.379"/>
    <foa endtime="747.68" starttime="746.64" type="person" role="ID" nxt_agent="B" nite:id="IDIAP_ES2008a_D.foa.380"/>
    <foa endtime="748.04" starttime="747.68" type="person" role="UI" nxt_agent="C" nite:id="IDIAP_ES2008a_D.foa.381"/>
    <foa endtime="748.88" starttime="748.04" type="person" role="ID" nxt_agent="B" nite:id="IDIAP_ES2008a_D.foa.382"/>
    <foa endtime="749.72" starttime="748.88" type="person" role="PM" nxt_agent="A" nite:id="IDIAP_ES2008a_D.foa.383"/>
    <foa endtime="750.08" starttime="749.72" type="person" role="ID" nxt_agent="B" nite:id="IDIAP_ES2008a_D.foa.384"/>
    <foa endtime="750.8" starttime="750.08" type="unspecified" nite:id="IDIAP_ES2008a_D.foa.385"/>
    <foa endtime="751.52" starttime="750.8" type="person" role="PM" nxt_agent="A" nite:id="IDIAP_ES2008a_D.foa.386"/>
    <foa endtime="758.44" starttime="751.52" type="person" role="ID" nxt_agent="B" nite:id="IDIAP_ES2008a_D.foa.387"/>
    <foa endtime="758.8" starttime="758.44" type="person" role="UI" nxt_agent="C" nite:id="IDIAP_ES2008a_D.foa.388"/>
    <foa endtime="760.52" starttime="758.8" type="person" role="ID" nxt_agent="B" nite:id="IDIAP_ES2008a_D.foa.389"/>
    <foa endtime="761.0" starttime="760.52" type="person" role="UI" nxt_agent="C" nite:id="IDIAP_ES2008a_D.foa.390"/>
    <foa endtime="762.32" starttime="761.0" type="person" role="ID" nxt_agent="B" nite:id="IDIAP_ES2008a_D.foa.391"/>
    <foa endtime="765.56" starttime="762.32" type="person" role="PM" nxt_agent="A" nite:id="IDIAP_ES2008a_D.foa.392"/>
    <foa endtime="766.52" starttime="765.56" type="person" role="ID" nxt_agent="B" nite:id="IDIAP_ES2008a_D.foa.393"/>
    <foa endtime="776.6" starttime="766.52" type="person" role="PM" nxt_agent="A" nite:id="IDIAP_ES2008a_D.foa.394"/>
    <foa endtime="777.2" starttime="776.6" type="unspecified" nite:id="IDIAP_ES2008a_D.foa.395"/>
    <foa endtime="777.8" starttime="777.2" type="person" role="ID" nxt_agent="B" nite:id="IDIAP_ES2008a_D.foa.396"/>
    <foa endtime="778.4" starttime="777.8" type="unspecified" nite:id="IDIAP_ES2008a_D.foa.397"/>
    <foa endtime="779.36" starttime="778.4" type="person" role="ID" nxt_agent="B" nite:id="IDIAP_ES2008a_D.foa.398"/>
    <foa endtime="779.96" starttime="779.36" type="place" place="table" nite:id="IDIAP_ES2008a_D.foa.399"/>
    <foa endtime="780.44" starttime="779.96" type="person" role="ID" nxt_agent="B" nite:id="IDIAP_ES2008a_D.foa.400"/>
    <foa endtime="780.68" starttime="780.44" type="unspecified" nite:id="IDIAP_ES2008a_D.foa.401"/>
    <foa endtime="780.92" starttime="780.68" type="place" place="slide-screen" nite:id="IDIAP_ES2008a_D.foa.402"/>
    <foa endtime="781.4" starttime="780.92" type="unspecified" nite:id="IDIAP_ES2008a_D.foa.403"/>
    <foa endtime="781.88" starttime="781.4" type="person" role="UI" nxt_agent="C" nite:id="IDIAP_ES2008a_D.foa.404"/>
    <foa endtime="782.12" starttime="781.88" type="person" role="ID" nxt_agent="B" nite:id="IDIAP_ES2008a_D.foa.405"/>
    <foa endtime="783.48" starttime="782.12" type="person" role="PM" nxt_agent="A" nite:id="IDIAP_ES2008a_D.foa.406"/>
    <foa endtime="783.96" starttime="783.48" type="person" role="ID" nxt_agent="B" nite:id="IDIAP_ES2008a_D.foa.407"/>
    <foa endtime="789.52" starttime="783.96" type="person" role="UI" nxt_agent="C" nite:id="IDIAP_ES2008a_D.foa.408"/>
    <foa endtime="790.52" starttime="789.52" type="place" place="slide-screen" nite:id="IDIAP_ES2008a_D.foa.409"/>
    <foa endtime="791.16" starttime="790.52" type="person" role="PM" nxt_agent="A" nite:id="IDIAP_ES2008a_D.foa.410"/>
    <foa endtime="794.32" starttime="791.16" type="person" role="UI" nxt_agent="C" nite:id="IDIAP_ES2008a_D.foa.411"/>
    <foa endtime="794.8" starttime="794.32" type="person" role="ID" nxt_agent="B" nite:id="IDIAP_ES2008a_D.foa.412"/>
    <foa endtime="796.72" starttime="794.8" type="person" role="UI" nxt_agent="C" nite:id="IDIAP_ES2008a_D.foa.413"/>
    <foa endtime="797.08" starttime="796.72" type="person" role="ID" nxt_agent="B" nite:id="IDIAP_ES2008a_D.foa.414"/>
    <foa endtime="798.64" starttime="797.08" type="person" role="UI" nxt_agent="C" nite:id="IDIAP_ES2008a_D.foa.415"/>
    <foa endtime="799.0" starttime="798.64" type="person" role="ID" nxt_agent="B" nite:id="IDIAP_ES2008a_D.foa.416"/>
    <foa endtime="799.72" starttime="799.0" type="person" role="UI" nxt_agent="C" nite:id="IDIAP_ES2008a_D.foa.417"/>
    <foa endtime="800.2" starttime="799.72" type="person" role="ID" nxt_agent="B" nite:id="IDIAP_ES2008a_D.foa.418"/>
    <foa endtime="801.36" starttime="800.2" type="unspecified" nite:id="IDIAP_ES2008a_D.foa.419"/>
    <foa endtime="801.72" starttime="801.36" type="person" role="ID" nxt_agent="B" nite:id="IDIAP_ES2008a_D.foa.420"/>
    <foa endtime="802.68" starttime="801.72" type="unspecified" nite:id="IDIAP_ES2008a_D.foa.421"/>
    <foa endtime="802.92" starttime="802.68" type="person" role="ID" nxt_agent="B" nite:id="IDIAP_ES2008a_D.foa.422"/>
    <foa endtime="805.32" starttime="802.92" type="person" role="UI" nxt_agent="C" nite:id="IDIAP_ES2008a_D.foa.423"/>
    <foa endtime="825.0" starttime="805.32" type="place" place="table" nite:id="IDIAP_ES2008a_D.foa.424"/>
    <foa endtime="826.28" starttime="825.0" type="person" role="PM" nxt_agent="A" nite:id="IDIAP_ES2008a_D.foa.425"/>
    <foa endtime="826.52" starttime="826.28" type="person" role="ID" nxt_agent="B" nite:id="IDIAP_ES2008a_D.foa.426"/>
    <foa endtime="833.64" starttime="826.52" type="place" place="table" nite:id="IDIAP_ES2008a_D.foa.427"/>
    <foa endtime="835.48" starttime="833.64" type="person" role="UI" nxt_agent="C" nite:id="IDIAP_ES2008a_D.foa.428"/>
    <foa endtime="835.72" starttime="835.48" type="person" role="ID" nxt_agent="B" nite:id="IDIAP_ES2008a_D.foa.429"/>
    <foa endtime="838.04" starttime="835.72" type="person" role="UI" nxt_agent="C" nite:id="IDIAP_ES2008a_D.foa.430"/>
    <foa endtime="838.84" starttime="838.04" type="person" role="ID" nxt_agent="B" nite:id="IDIAP_ES2008a_D.foa.431"/>
    <foa endtime="839.4" starttime="838.84" type="person" role="UI" nxt_agent="C" nite:id="IDIAP_ES2008a_D.foa.432"/>
    <foa endtime="840.0" starttime="839.4" type="place" place="table" nite:id="IDIAP_ES2008a_D.foa.433"/>
    <foa endtime="848.56" starttime="840.0" type="person" role="UI" nxt_agent="C" nite:id="IDIAP_ES2008a_D.foa.434"/>
    <foa endtime="848.92" starttime="848.56" type="person" role="ID" nxt_agent="B" nite:id="IDIAP_ES2008a_D.foa.435"/>
    <foa endtime="850.72" starttime="848.92" type="unspecified" nite:id="IDIAP_ES2008a_D.foa.436"/>
    <foa endtime="853.8" starttime="850.72" type="person" role="ID" nxt_agent="B" nite:id="IDIAP_ES2008a_D.foa.437"/>
    <foa endtime="855.24" starttime="853.8" type="unspecified" nite:id="IDIAP_ES2008a_D.foa.438"/>
    <foa endtime="860.72" starttime="855.24" type="person" role="ID" nxt_agent="B" nite:id="IDIAP_ES2008a_D.foa.439"/>
    <foa endtime="861.08" starttime="860.72" type="person" role="UI" nxt_agent="C" nite:id="IDIAP_ES2008a_D.foa.440"/>
    <foa endtime="861.68" starttime="861.08" type="person" role="ID" nxt_agent="B" nite:id="IDIAP_ES2008a_D.foa.441"/>
    <foa endtime="862.16" starttime="861.68" type="unspecified" nite:id="IDIAP_ES2008a_D.foa.442"/>
    <foa endtime="862.4" starttime="862.16" type="person" role="ID" nxt_agent="B" nite:id="IDIAP_ES2008a_D.foa.443"/>
    <foa endtime="863.96" starttime="862.4" type="person" role="UI" nxt_agent="C" nite:id="IDIAP_ES2008a_D.foa.444"/>
    <foa endtime="865.28" starttime="863.96" type="person" role="ID" nxt_agent="B" nite:id="IDIAP_ES2008a_D.foa.445"/>
    <foa endtime="865.76" starttime="865.28" type="person" role="UI" nxt_agent="C" nite:id="IDIAP_ES2008a_D.foa.446"/>
    <foa endtime="869.32" starttime="865.76" type="person" role="ID" nxt_agent="B" nite:id="IDIAP_ES2008a_D.foa.447"/>
    <foa endtime="869.56" starttime="869.32" type="person" role="UI" nxt_agent="C" nite:id="IDIAP_ES2008a_D.foa.448"/>
    <foa endtime="871.44" starttime="869.56" type="person" role="ID" nxt_agent="B" nite:id="IDIAP_ES2008a_D.foa.449"/>
    <foa endtime="871.68" starttime="871.44" type="person" role="UI" nxt_agent="C" nite:id="IDIAP_ES2008a_D.foa.450"/>
    <foa endtime="872.04" starttime="871.68" type="person" role="ID" nxt_agent="B" nite:id="IDIAP_ES2008a_D.foa.451"/>
    <foa endtime="872.28" starttime="872.04" type="unspecified" nite:id="IDIAP_ES2008a_D.foa.452"/>
    <foa endtime="872.52" starttime="872.28" type="person" role="ID" nxt_agent="B" nite:id="IDIAP_ES2008a_D.foa.453"/>
    <foa endtime="872.88" starttime="872.52" type="person" role="UI" nxt_agent="C" nite:id="IDIAP_ES2008a_D.foa.454"/>
    <foa endtime="873.36" starttime="872.88" type="person" role="ID" nxt_agent="B" nite:id="IDIAP_ES2008a_D.foa.455"/>
    <foa endtime="873.72" starttime="873.36" type="person" role="UI" nxt_agent="C" nite:id="IDIAP_ES2008a_D.foa.456"/>
    <foa endtime="874.32" starttime="873.72" type="person" role="ID" nxt_agent="B" nite:id="IDIAP_ES2008a_D.foa.457"/>
    <foa endtime="874.8" starttime="874.32" type="person" role="UI" nxt_agent="C" nite:id="IDIAP_ES2008a_D.foa.458"/>
    <foa endtime="875.16" starttime="874.8" type="person" role="ID" nxt_agent="B" nite:id="IDIAP_ES2008a_D.foa.459"/>
    <foa endtime="875.52" starttime="875.16" type="person" role="UI" nxt_agent="C" nite:id="IDIAP_ES2008a_D.foa.460"/>
    <foa endtime="875.88" starttime="875.52" type="person" role="ID" nxt_agent="B" nite:id="IDIAP_ES2008a_D.foa.461"/>
    <foa endtime="876.36" starttime="875.88" type="person" role="UI" nxt_agent="C" nite:id="IDIAP_ES2008a_D.foa.462"/>
    <foa endtime="876.72" starttime="876.36" type="person" role="ID" nxt_agent="B" nite:id="IDIAP_ES2008a_D.foa.463"/>
    <foa endtime="877.92" starttime="876.72" type="person" role="UI" nxt_agent="C" nite:id="IDIAP_ES2008a_D.foa.464"/>
    <foa endtime="878.52" starttime="877.92" type="person" role="ID" nxt_agent="B" nite:id="IDIAP_ES2008a_D.foa.465"/>
    <foa endtime="879.24" starttime="878.52" type="person" role="UI" nxt_agent="C" nite:id="IDIAP_ES2008a_D.foa.466"/>
    <foa endtime="882.4" starttime="879.24" type="unspecified" nite:id="IDIAP_ES2008a_D.foa.467"/>
    <foa endtime="883.32" starttime="882.4" type="place" place="table" nite:id="IDIAP_ES2008a_D.foa.468"/>
    <foa endtime="884.16" starttime="883.32" type="unspecified" nite:id="IDIAP_ES2008a_D.foa.469"/>
    <foa endtime="884.68" starttime="884.16" type="person" role="PM" nxt_agent="A" nite:id="IDIAP_ES2008a_D.foa.470"/>
    <foa endtime="889.36" starttime="884.68" type="place" place="slide-screen" nite:id="IDIAP_ES2008a_D.foa.471"/>
    <foa endtime="890.08" starttime="889.36" type="unspecified" nite:id="IDIAP_ES2008a_D.foa.472"/>
    <foa endtime="897.2" starttime="890.08" type="place" place="table" nite:id="IDIAP_ES2008a_D.foa.473"/>
    <foa endtime="897.8" starttime="897.2" type="person" role="PM" nxt_agent="A" nite:id="IDIAP_ES2008a_D.foa.474"/>
    <foa endtime="900.8" starttime="897.8" type="place" place="slide-screen" nite:id="IDIAP_ES2008a_D.foa.475"/>
    <foa endtime="906.12" starttime="900.8" type="unspecified" nite:id="IDIAP_ES2008a_D.foa.476"/>
    <foa endtime="907.32" starttime="906.12" type="place" place="table" nite:id="IDIAP_ES2008a_D.foa.477"/>
    <foa endtime="907.96" starttime="907.32" type="unspecified" nite:id="IDIAP_ES2008a_D.foa.478"/>
    <foa endtime="916.44" starttime="907.96" type="place" place="table" nite:id="IDIAP_ES2008a_D.foa.479"/>
    <foa endtime="917.36" starttime="916.44" type="unspecified" nite:id="IDIAP_ES2008a_D.foa.480"/>
    <foa endtime="918.68" starttime="917.36" type="place" place="table" nite:id="IDIAP_ES2008a_D.foa.481"/>
    <foa endtime="919.76" starttime="918.68" type="unspecified" nite:id="IDIAP_ES2008a_D.foa.482"/>
    <foa endtime="920.24" starttime="919.76" type="place" place="table" nite:id="IDIAP_ES2008a_D.foa.483"/>
    <foa endtime="922.48" starttime="920.24" type="unspecified" nite:id="IDIAP_ES2008a_D.foa.484"/>
    <foa endtime="927.04" starttime="922.48" type="place" place="table" nite:id="IDIAP_ES2008a_D.foa.485"/>
    <foa endtime="927.88" starttime="927.04" type="unspecified" nite:id="IDIAP_ES2008a_D.foa.486"/>
    <foa endtime="929.04" starttime="927.88" type="place" place="slide-screen" nite:id="IDIAP_ES2008a_D.foa.487"/>
    <foa endtime="930.04" starttime="929.04" type="person" role="PM" nxt_agent="A" nite:id="IDIAP_ES2008a_D.foa.488"/>
    <foa endtime="933.76" starttime="930.04" type="place" place="table" nite:id="IDIAP_ES2008a_D.foa.489"/>
    <foa endtime="936.0" starttime="933.76" type="unspecified" nite:id="IDIAP_ES2008a_D.foa.490"/>
    <foa endtime="943.4" starttime="936.0" type="place" place="table" nite:id="IDIAP_ES2008a_D.foa.491"/>
    <foa endtime="944.0" starttime="943.4" type="unspecified" nite:id="IDIAP_ES2008a_D.foa.492"/>
    <foa endtime="945.8" starttime="944.0" type="person" role="PM" nxt_agent="A" nite:id="IDIAP_ES2008a_D.foa.493"/>
    <foa endtime="948.16" starttime="945.8" type="place" place="table" nite:id="IDIAP_ES2008a_D.foa.494"/>
    <foa endtime="949.68" starttime="948.16" type="place" place="slide-screen" nite:id="IDIAP_ES2008a_D.foa.495"/>
    <foa endtime="950.76" starttime="949.68" type="place" place="whiteboard" nite:id="IDIAP_ES2008a_D.foa.496"/>
    <foa endtime="951.24" starttime="950.76" type="place" place="slide-screen" nite:id="IDIAP_ES2008a_D.foa.497"/>
    <foa endtime="952.96" starttime="951.24" type="place" place="whiteboard" nite:id="IDIAP_ES2008a_D.foa.498"/>
    <foa endtime="955.36" starttime="952.96" type="place" place="table" nite:id="IDIAP_ES2008a_D.foa.499"/>
    <foa endtime="957.8" starttime="955.36" type="place" place="slide-screen" nite:id="IDIAP_ES2008a_D.foa.500"/>
    <foa endtime="960.36" starttime="957.8" type="place" place="table" nite:id="IDIAP_ES2008a_D.foa.501"/>
    <foa endtime="961.32" starttime="960.36" type="place" place="slide-screen" nite:id="IDIAP_ES2008a_D.foa.502"/>
    <foa endtime="964.12" starttime="961.32" type="place" place="table" nite:id="IDIAP_ES2008a_D.foa.503"/>
    <foa endtime="965.84" starttime="964.12" type="place" place="slide-screen" nite:id="IDIAP_ES2008a_D.foa.504"/>
    <foa endtime="966.6" starttime="965.84" type="place" place="table" nite:id="IDIAP_ES2008a_D.foa.505"/>
    <foa endtime="968.32" starttime="966.6" type="place" place="slide-screen" nite:id="IDIAP_ES2008a_D.foa.506"/>
    <foa endtime="969.28" starttime="968.32" type="place" place="table" nite:id="IDIAP_ES2008a_D.foa.507"/>
    <foa endtime="970.24" starttime="969.28" type="place" place="slide-screen" nite:id="IDIAP_ES2008a_D.foa.508"/>
    <foa endtime="972.68" starttime="970.24" type="place" place="table" nite:id="IDIAP_ES2008a_D.foa.509"/>
    <foa endtime="973.24" starttime="972.68" type="unspecified" nite:id="IDIAP_ES2008a_D.foa.510"/>
    <foa endtime="974.72" starttime="973.24" type="person" role="UI" nxt_agent="C" nite:id="IDIAP_ES2008a_D.foa.511"/>
    <foa endtime="976.08" starttime="974.72" type="place" place="table" nite:id="IDIAP_ES2008a_D.foa.512"/>
    <foa endtime="976.72" starttime="976.08" type="place" place="slide-screen" nite:id="IDIAP_ES2008a_D.foa.513"/>
    <foa endtime="977.4" starttime="976.72" type="person" role="PM" nxt_agent="A" nite:id="IDIAP_ES2008a_D.foa.514"/>
    <foa endtime="979.08" starttime="977.4" type="unspecified" nite:id="IDIAP_ES2008a_D.foa.515"/>
    <foa endtime="979.56" starttime="979.08" type="place" place="slide-screen" nite:id="IDIAP_ES2008a_D.foa.516"/>
    <foa endtime="983.04" starttime="979.56" type="person" role="PM" nxt_agent="A" nite:id="IDIAP_ES2008a_D.foa.517"/>
    <foa endtime="986.44" starttime="983.04" type="unspecified" nite:id="IDIAP_ES2008a_D.foa.518"/>
    <foa endtime="986.96" starttime="986.44" type="person" role="UI" nxt_agent="C" nite:id="IDIAP_ES2008a_D.foa.519"/>
    <foa endtime="988.6" starttime="986.96" type="person" role="ID" nxt_agent="B" nite:id="IDIAP_ES2008a_D.foa.520"/>
    <foa endtime="989.08" starttime="988.6" type="person" role="UI" nxt_agent="C" nite:id="IDIAP_ES2008a_D.foa.521"/>
    <foa endtime="989.32" starttime="989.08" type="person" role="ID" nxt_agent="B" nite:id="IDIAP_ES2008a_D.foa.522"/>
    <foa endtime="990.28" starttime="989.32" type="person" role="PM" nxt_agent="A" nite:id="IDIAP_ES2008a_D.foa.523"/>
    <foa endtime="991.28" starttime="990.28" type="unspecified" nite:id="IDIAP_ES2008a_D.foa.524"/>
    <foa endtime="991.64" starttime="991.28" type="person" role="UI" nxt_agent="C" nite:id="IDIAP_ES2008a_D.foa.525"/>
    <foa endtime="994.36" starttime="991.64" type="person" role="ID" nxt_agent="B" nite:id="IDIAP_ES2008a_D.foa.526"/>
    <foa endtime="994.6" starttime="994.36" type="unspecified" nite:id="IDIAP_ES2008a_D.foa.527"/>
    <foa endtime="1000.8" starttime="994.6" type="place" place="table" nite:id="IDIAP_ES2008a_D.foa.528"/>
    <foa endtime="1001.84" starttime="1000.8" type="unspecified" nite:id="IDIAP_ES2008a_D.foa.529"/>
    <foa endtime="1002.8" starttime="1001.84" type="person" role="PM" nxt_agent="A" nite:id="IDIAP_ES2008a_D.foa.530"/>
    <foa endtime="1004.32" starttime="1002.8" type="place" place="table" nite:id="IDIAP_ES2008a_D.foa.531"/>
    <foa endtime="1005.48" starttime="1004.32" type="unspecified" nite:id="IDIAP_ES2008a_D.foa.532"/>
    <foa endtime="1006.64" starttime="1005.48" type="person" role="PM" nxt_agent="A" nite:id="IDIAP_ES2008a_D.foa.533"/>
    <foa endtime="1009.16" starttime="1006.64" type="person" role="UI" nxt_agent="C" nite:id="IDIAP_ES2008a_D.foa.534"/>
    <foa endtime="1010.04" starttime="1009.16" type="unspecified" nite:id="IDIAP_ES2008a_D.foa.535"/>
    <foa endtime="1011.08" starttime="1010.04" type="person" role="PM" nxt_agent="A" nite:id="IDIAP_ES2008a_D.foa.536"/>
    <foa endtime="1012.08" starttime="1011.08" type="person" role="UI" nxt_agent="C" nite:id="IDIAP_ES2008a_D.foa.537"/>
    <foa endtime="1012.44" starttime="1012.08" type="person" role="ID" nxt_agent="B" nite:id="IDIAP_ES2008a_D.foa.538"/>
    <foa endtime="1013.64" starttime="1012.44" type="unspecified" nite:id="IDIAP_ES2008a_D.foa.539"/>
    <foa endtime="1013.88" starttime="1013.64" type="person" role="ID" nxt_agent="B" nite:id="IDIAP_ES2008a_D.foa.540"/>
    <foa endtime="1014.72" starttime="1013.88" type="unspecified" nite:id="IDIAP_ES2008a_D.foa.541"/>
    <foa endtime="1015.08" starttime="1014.72" type="person" role="UI" nxt_agent="C" nite:id="IDIAP_ES2008a_D.foa.542"/>
    <foa endtime="1015.56" starttime="1015.08" type="unspecified" nite:id="IDIAP_ES2008a_D.foa.543"/>
    <foa endtime="1016.16" starttime="1015.56" type="person" role="ID" nxt_agent="B" nite:id="IDIAP_ES2008a_D.foa.544"/>
    <foa endtime="1016.64" starttime="1016.16" type="unspecified" nite:id="IDIAP_ES2008a_D.foa.545"/>
    <foa endtime="1017.12" starttime="1016.64" type="person" role="UI" nxt_agent="C" nite:id="IDIAP_ES2008a_D.foa.546"/>
    <foa endtime="1017.84" starttime="1017.12" type="person" role="PM" nxt_agent="A" nite:id="IDIAP_ES2008a_D.foa.547"/>
    <foa endtime="1034.92" starttime="1017.84" type="place" place="table" nite:id="IDIAP_ES2008a_D.foa.548"/>
    <foa endtime="1035.64" starttime="1034.92" type="unspecified" nite:id="IDIAP_ES2008a_D.foa.549"/>
    <foa endtime="1051.0" starttime="1035.64" type="place" place="table" nite:id="IDIAP_ES2008a_D.foa.550"/>
</nite:root>
