<?xml version="1.0" encoding="UTF-8"?>
<nite:root xmlns:nite="http://nite.sourceforge.net/" nite:id="IDIAP_ES2008a_A.nite:root.1">
    <foa endtime="3.88" starttime="0.0" type="place" place="table" nite:id="IDIAP_ES2008a_A.foa.1"/>
    <foa endtime="5.88" starttime="3.88" type="place" place="slide-screen" nite:id="IDIAP_ES2008a_A.foa.2"/>
    <foa endtime="6.48" starttime="5.88" type="place" place="table" nite:id="IDIAP_ES2008a_A.foa.3"/>
    <foa endtime="7.28" starttime="6.48" type="person" role="UI" nxt_agent="C" nite:id="IDIAP_ES2008a_A.foa.4"/>
    <foa endtime="8.28" starttime="7.28" type="person" role="ME" nxt_agent="D" nite:id="IDIAP_ES2008a_A.foa.5"/>
    <foa endtime="9.48" starttime="8.28" type="unspecified" nite:id="IDIAP_ES2008a_A.foa.6"/>
    <foa endtime="10.48" starttime="9.48" type="place" place="table" nite:id="IDIAP_ES2008a_A.foa.7"/>
    <foa endtime="11.68" starttime="10.48" type="person" role="ID" nxt_agent="B" nite:id="IDIAP_ES2008a_A.foa.8"/>
    <foa endtime="14.88" starttime="11.68" type="place" place="slide-screen" nite:id="IDIAP_ES2008a_A.foa.9"/>
    <foa endtime="18.2" starttime="14.88" type="place" place="table" nite:id="IDIAP_ES2008a_A.foa.10"/>
    <foa endtime="19.6" starttime="18.2" type="unspecified" nite:id="IDIAP_ES2008a_A.foa.11"/>
    <foa endtime="19.8" starttime="19.6" type="person" role="UI" nxt_agent="C" nite:id="IDIAP_ES2008a_A.foa.12"/>
    <foa endtime="22.8" starttime="19.8" type="unspecified" nite:id="IDIAP_ES2008a_A.foa.13"/>
    <foa endtime="24.6" starttime="22.8" type="person" role="UI" nxt_agent="C" nite:id="IDIAP_ES2008a_A.foa.14"/>
    <foa endtime="25.6" starttime="24.6" type="person" role="ID" nxt_agent="B" nite:id="IDIAP_ES2008a_A.foa.15"/>
    <foa endtime="26.6" starttime="25.6" type="person" role="UI" nxt_agent="C" nite:id="IDIAP_ES2008a_A.foa.16"/>
    <foa endtime="28.0" starttime="26.6" type="person" role="ID" nxt_agent="B" nite:id="IDIAP_ES2008a_A.foa.17"/>
    <foa endtime="28.8" starttime="28.0" type="place" place="table" nite:id="IDIAP_ES2008a_A.foa.18"/>
    <foa endtime="29.8" starttime="28.8" type="person" role="ID" nxt_agent="B" nite:id="IDIAP_ES2008a_A.foa.19"/>
    <foa endtime="32.44" starttime="29.8" type="person" role="ME" nxt_agent="D" nite:id="IDIAP_ES2008a_A.foa.20"/>
    <foa endtime="33.56" starttime="32.44" type="person" role="ID" nxt_agent="B" nite:id="IDIAP_ES2008a_A.foa.21"/>
    <foa endtime="34.28" starttime="33.56" type="place" place="table" nite:id="IDIAP_ES2008a_A.foa.22"/>
    <foa endtime="34.68" starttime="34.28" type="person" role="ID" nxt_agent="B" nite:id="IDIAP_ES2008a_A.foa.23"/>
    <foa endtime="36.08" starttime="34.68" type="person" role="UI" nxt_agent="C" nite:id="IDIAP_ES2008a_A.foa.24"/>
    <foa endtime="37.08" starttime="36.08" type="person" role="ME" nxt_agent="D" nite:id="IDIAP_ES2008a_A.foa.25"/>
    <foa endtime="37.68" starttime="37.08" type="place" place="table" nite:id="IDIAP_ES2008a_A.foa.26"/>
    <foa endtime="38.48" starttime="37.68" type="place" place="slide-screen" nite:id="IDIAP_ES2008a_A.foa.27"/>
    <foa endtime="39.68" starttime="38.48" type="person" role="UI" nxt_agent="C" nite:id="IDIAP_ES2008a_A.foa.28"/>
    <foa endtime="40.48" starttime="39.68" type="person" role="ID" nxt_agent="B" nite:id="IDIAP_ES2008a_A.foa.29"/>
    <foa endtime="41.08" starttime="40.48" type="person" role="UI" nxt_agent="C" nite:id="IDIAP_ES2008a_A.foa.30"/>
    <foa endtime="42.08" starttime="41.08" type="place" place="table" nite:id="IDIAP_ES2008a_A.foa.31"/>
    <foa endtime="42.88" starttime="42.08" type="person" role="UI" nxt_agent="C" nite:id="IDIAP_ES2008a_A.foa.32"/>
    <foa endtime="43.48" starttime="42.88" type="person" role="ID" nxt_agent="B" nite:id="IDIAP_ES2008a_A.foa.33"/>
    <foa endtime="43.68" starttime="43.48" type="person" role="UI" nxt_agent="C" nite:id="IDIAP_ES2008a_A.foa.34"/>
    <foa endtime="44.28" starttime="43.68" type="person" role="ME" nxt_agent="D" nite:id="IDIAP_ES2008a_A.foa.35"/>
    <foa endtime="46.48" starttime="44.28" type="place" place="table" nite:id="IDIAP_ES2008a_A.foa.36"/>
    <foa endtime="47.88" starttime="46.48" type="place" place="slide-screen" nite:id="IDIAP_ES2008a_A.foa.37"/>
    <foa endtime="49.08" starttime="47.88" type="person" role="UI" nxt_agent="C" nite:id="IDIAP_ES2008a_A.foa.38"/>
    <foa endtime="49.48" starttime="49.08" type="person" role="ID" nxt_agent="B" nite:id="IDIAP_ES2008a_A.foa.39"/>
    <foa endtime="50.88" starttime="49.48" type="person" role="UI" nxt_agent="C" nite:id="IDIAP_ES2008a_A.foa.40"/>
    <foa endtime="51.48" starttime="50.88" type="place" place="table" nite:id="IDIAP_ES2008a_A.foa.41"/>
    <foa endtime="51.88" starttime="51.48" type="person" role="ID" nxt_agent="B" nite:id="IDIAP_ES2008a_A.foa.42"/>
    <foa endtime="52.88" starttime="51.88" type="person" role="UI" nxt_agent="C" nite:id="IDIAP_ES2008a_A.foa.43"/>
    <foa endtime="53.88" starttime="52.88" type="person" role="ME" nxt_agent="D" nite:id="IDIAP_ES2008a_A.foa.44"/>
    <foa endtime="54.28" starttime="53.88" type="person" role="UI" nxt_agent="C" nite:id="IDIAP_ES2008a_A.foa.45"/>
    <foa endtime="54.88" starttime="54.28" type="person" role="ID" nxt_agent="B" nite:id="IDIAP_ES2008a_A.foa.46"/>
    <foa endtime="55.28" starttime="54.88" type="person" role="UI" nxt_agent="C" nite:id="IDIAP_ES2008a_A.foa.47"/>
    <foa endtime="56.88" starttime="55.28" type="place" place="table" nite:id="IDIAP_ES2008a_A.foa.48"/>
    <foa endtime="57.48" starttime="56.88" type="person" role="ID" nxt_agent="B" nite:id="IDIAP_ES2008a_A.foa.49"/>
    <foa endtime="58.28" starttime="57.48" type="person" role="UI" nxt_agent="C" nite:id="IDIAP_ES2008a_A.foa.50"/>
    <foa endtime="58.68" starttime="58.28" type="person" role="ID" nxt_agent="B" nite:id="IDIAP_ES2008a_A.foa.51"/>
    <foa endtime="59.48" starttime="58.68" type="place" place="table" nite:id="IDIAP_ES2008a_A.foa.52"/>
    <foa endtime="59.68" starttime="59.48" type="person" role="ID" nxt_agent="B" nite:id="IDIAP_ES2008a_A.foa.53"/>
    <foa endtime="61.08" starttime="59.68" type="person" role="UI" nxt_agent="C" nite:id="IDIAP_ES2008a_A.foa.54"/>
    <foa endtime="61.68" starttime="61.08" type="person" role="ME" nxt_agent="D" nite:id="IDIAP_ES2008a_A.foa.55"/>
    <foa endtime="65.28" starttime="61.68" type="place" place="table" nite:id="IDIAP_ES2008a_A.foa.56"/>
    <foa endtime="67.08" starttime="65.28" type="place" place="slide-screen" nite:id="IDIAP_ES2008a_A.foa.57"/>
    <foa endtime="68.08" starttime="67.08" type="person" role="UI" nxt_agent="C" nite:id="IDIAP_ES2008a_A.foa.58"/>
    <foa endtime="68.88" starttime="68.08" type="place" place="table" nite:id="IDIAP_ES2008a_A.foa.59"/>
    <foa endtime="69.88" starttime="68.88" type="person" role="UI" nxt_agent="C" nite:id="IDIAP_ES2008a_A.foa.60"/>
    <foa endtime="70.28" starttime="69.88" type="place" place="table" nite:id="IDIAP_ES2008a_A.foa.61"/>
    <foa endtime="70.68" starttime="70.28" type="person" role="UI" nxt_agent="C" nite:id="IDIAP_ES2008a_A.foa.62"/>
    <foa endtime="71.88" starttime="70.68" type="person" role="ME" nxt_agent="D" nite:id="IDIAP_ES2008a_A.foa.63"/>
    <foa endtime="73.28" starttime="71.88" type="person" role="UI" nxt_agent="C" nite:id="IDIAP_ES2008a_A.foa.64"/>
    <foa endtime="73.48" starttime="73.28" type="person" role="ID" nxt_agent="B" nite:id="IDIAP_ES2008a_A.foa.65"/>
    <foa endtime="79.28" starttime="73.48" type="place" place="table" nite:id="IDIAP_ES2008a_A.foa.66"/>
    <foa endtime="80.08" starttime="79.28" type="person" role="UI" nxt_agent="C" nite:id="IDIAP_ES2008a_A.foa.67"/>
    <foa endtime="80.84" starttime="80.08" type="person" role="ME" nxt_agent="D" nite:id="IDIAP_ES2008a_A.foa.68"/>
    <foa endtime="81.76" starttime="80.84" type="place" place="table" nite:id="IDIAP_ES2008a_A.foa.69"/>
    <foa endtime="84.96" starttime="81.76" type="place" place="slide-screen" nite:id="IDIAP_ES2008a_A.foa.70"/>
    <foa endtime="86.4" starttime="84.96" type="person" role="UI" nxt_agent="C" nite:id="IDIAP_ES2008a_A.foa.71"/>
    <foa endtime="87.4" starttime="86.4" type="place" place="table" nite:id="IDIAP_ES2008a_A.foa.72"/>
    <foa endtime="88.2" starttime="87.4" type="person" role="ID" nxt_agent="B" nite:id="IDIAP_ES2008a_A.foa.73"/>
    <foa endtime="88.28" starttime="88.2" type="person" role="UI" nxt_agent="C" nite:id="IDIAP_ES2008a_A.foa.74"/>
    <foa endtime="89.04" starttime="88.28" type="place" place="table" nite:id="IDIAP_ES2008a_A.foa.75"/>
    <foa endtime="89.64" starttime="89.04" type="person" role="UI" nxt_agent="C" nite:id="IDIAP_ES2008a_A.foa.76"/>
    <foa endtime="90.04" starttime="89.64" type="person" role="ME" nxt_agent="D" nite:id="IDIAP_ES2008a_A.foa.77"/>
    <foa endtime="92.2" starttime="90.04" type="place" place="table" nite:id="IDIAP_ES2008a_A.foa.78"/>
    <foa endtime="93.0" starttime="92.2" type="person" role="UI" nxt_agent="C" nite:id="IDIAP_ES2008a_A.foa.79"/>
    <foa endtime="94.08" starttime="93.0" type="place" place="table" nite:id="IDIAP_ES2008a_A.foa.80"/>
    <foa endtime="94.2" starttime="94.08" type="person" role="ID" nxt_agent="B" nite:id="IDIAP_ES2008a_A.foa.81"/>
    <foa endtime="95.52" starttime="94.2" type="person" role="UI" nxt_agent="C" nite:id="IDIAP_ES2008a_A.foa.82"/>
    <foa endtime="97.08" starttime="95.52" type="person" role="ME" nxt_agent="D" nite:id="IDIAP_ES2008a_A.foa.83"/>
    <foa endtime="98.64" starttime="97.08" type="person" role="UI" nxt_agent="C" nite:id="IDIAP_ES2008a_A.foa.84"/>
    <foa endtime="101.4" starttime="98.64" type="place" place="table" nite:id="IDIAP_ES2008a_A.foa.85"/>
    <foa endtime="101.88" starttime="101.4" type="person" role="ID" nxt_agent="B" nite:id="IDIAP_ES2008a_A.foa.86"/>
    <foa endtime="103.32" starttime="101.88" type="person" role="UI" nxt_agent="C" nite:id="IDIAP_ES2008a_A.foa.87"/>
    <foa endtime="105.0" starttime="103.32" type="person" role="ID" nxt_agent="B" nite:id="IDIAP_ES2008a_A.foa.88"/>
    <foa endtime="105.6" starttime="105.0" type="person" role="UI" nxt_agent="C" nite:id="IDIAP_ES2008a_A.foa.89"/>
    <foa endtime="106.84" starttime="105.6" type="person" role="ME" nxt_agent="D" nite:id="IDIAP_ES2008a_A.foa.90"/>
    <foa endtime="107.44" starttime="106.84" type="person" role="UI" nxt_agent="C" nite:id="IDIAP_ES2008a_A.foa.91"/>
    <foa endtime="129.76" starttime="107.44" type="person" role="ID" nxt_agent="B" nite:id="IDIAP_ES2008a_A.foa.92"/>
    <foa endtime="130.96" starttime="129.76" type="unspecified" nite:id="IDIAP_ES2008a_A.foa.93"/>
    <foa endtime="143.04" starttime="130.96" type="person" role="ID" nxt_agent="B" nite:id="IDIAP_ES2008a_A.foa.94"/>
    <foa endtime="147.6" starttime="143.04" type="place" place="table" nite:id="IDIAP_ES2008a_A.foa.95"/>
    <foa endtime="154.48" starttime="147.6" type="person" role="ID" nxt_agent="B" nite:id="IDIAP_ES2008a_A.foa.96"/>
    <foa endtime="156.16" starttime="154.48" type="place" place="table" nite:id="IDIAP_ES2008a_A.foa.97"/>
    <foa endtime="158.56" starttime="156.16" type="person" role="ID" nxt_agent="B" nite:id="IDIAP_ES2008a_A.foa.98"/>
    <foa endtime="165.88" starttime="158.56" type="place" place="table" nite:id="IDIAP_ES2008a_A.foa.99"/>
    <foa endtime="170.2" starttime="165.88" type="person" role="ID" nxt_agent="B" nite:id="IDIAP_ES2008a_A.foa.100"/>
    <foa endtime="174.28" starttime="170.2" type="place" place="table" nite:id="IDIAP_ES2008a_A.foa.101"/>
    <foa endtime="175.96" starttime="174.28" type="person" role="ID" nxt_agent="B" nite:id="IDIAP_ES2008a_A.foa.102"/>
    <foa endtime="180.4" starttime="175.96" type="place" place="table" nite:id="IDIAP_ES2008a_A.foa.103"/>
    <foa endtime="182.24" starttime="180.4" type="person" role="ID" nxt_agent="B" nite:id="IDIAP_ES2008a_A.foa.104"/>
    <foa endtime="191.0" starttime="182.24" type="place" place="table" nite:id="IDIAP_ES2008a_A.foa.105"/>
    <foa endtime="194.44" starttime="191.0" type="person" role="ID" nxt_agent="B" nite:id="IDIAP_ES2008a_A.foa.106"/>
    <foa endtime="195.6" starttime="194.44" type="place" place="table" nite:id="IDIAP_ES2008a_A.foa.107"/>
    <foa endtime="202.96" starttime="195.6" type="person" role="ID" nxt_agent="B" nite:id="IDIAP_ES2008a_A.foa.108"/>
    <foa endtime="207.0" starttime="202.96" type="place" place="table" nite:id="IDIAP_ES2008a_A.foa.109"/>
    <foa endtime="208.44" starttime="207.0" type="person" role="ID" nxt_agent="B" nite:id="IDIAP_ES2008a_A.foa.110"/>
    <foa endtime="209.4" starttime="208.44" type="place" place="table" nite:id="IDIAP_ES2008a_A.foa.111"/>
    <foa endtime="211.24" starttime="209.4" type="person" role="ID" nxt_agent="B" nite:id="IDIAP_ES2008a_A.foa.112"/>
    <foa endtime="212.12" starttime="211.24" type="place" place="table" nite:id="IDIAP_ES2008a_A.foa.113"/>
    <foa endtime="218.44" starttime="212.12" type="person" role="ID" nxt_agent="B" nite:id="IDIAP_ES2008a_A.foa.114"/>
    <foa endtime="223.28" starttime="218.44" type="person" role="UI" nxt_agent="C" nite:id="IDIAP_ES2008a_A.foa.115"/>
    <foa endtime="235.64" starttime="223.28" type="place" place="table" nite:id="IDIAP_ES2008a_A.foa.116"/>
    <foa endtime="240.2" starttime="235.64" type="person" role="UI" nxt_agent="C" nite:id="IDIAP_ES2008a_A.foa.117"/>
    <foa endtime="241.24" starttime="240.2" type="person" role="ID" nxt_agent="B" nite:id="IDIAP_ES2008a_A.foa.118"/>
    <foa endtime="244.4" starttime="241.24" type="person" role="UI" nxt_agent="C" nite:id="IDIAP_ES2008a_A.foa.119"/>
    <foa endtime="245.16" starttime="244.4" type="person" role="ID" nxt_agent="B" nite:id="IDIAP_ES2008a_A.foa.120"/>
    <foa endtime="252.04" starttime="245.16" type="person" role="UI" nxt_agent="C" nite:id="IDIAP_ES2008a_A.foa.121"/>
    <foa endtime="252.92" starttime="252.04" type="place" place="table" nite:id="IDIAP_ES2008a_A.foa.122"/>
    <foa endtime="253.84" starttime="252.92" type="place" place="slide-screen" nite:id="IDIAP_ES2008a_A.foa.123"/>
    <foa endtime="254.8" starttime="253.84" type="place" place="table" nite:id="IDIAP_ES2008a_A.foa.124"/>
    <foa endtime="260.76" starttime="254.8" type="unspecified" nite:id="IDIAP_ES2008a_A.foa.125"/>
    <foa endtime="261.88" starttime="260.76" type="person" role="UI" nxt_agent="C" nite:id="IDIAP_ES2008a_A.foa.126"/>
    <foa endtime="263.24" starttime="261.88" type="place" place="table" nite:id="IDIAP_ES2008a_A.foa.127"/>
    <foa endtime="264.52" starttime="263.24" type="person" role="ME" nxt_agent="D" nite:id="IDIAP_ES2008a_A.foa.128"/>
    <foa endtime="268.08" starttime="264.52" type="person" role="UI" nxt_agent="C" nite:id="IDIAP_ES2008a_A.foa.129"/>
    <foa endtime="275.92" starttime="268.08" type="place" place="table" nite:id="IDIAP_ES2008a_A.foa.130"/>
    <foa endtime="284.88" starttime="275.92" type="person" role="UI" nxt_agent="C" nite:id="IDIAP_ES2008a_A.foa.131"/>
    <foa endtime="288.52" starttime="284.88" type="place" place="table" nite:id="IDIAP_ES2008a_A.foa.132"/>
    <foa endtime="290.4" starttime="288.52" type="person" role="UI" nxt_agent="C" nite:id="IDIAP_ES2008a_A.foa.133"/>
    <foa endtime="293.84" starttime="290.4" type="place" place="table" nite:id="IDIAP_ES2008a_A.foa.134"/>
    <foa endtime="295.12" starttime="293.84" type="person" role="UI" nxt_agent="C" nite:id="IDIAP_ES2008a_A.foa.135"/>
    <foa endtime="296.92" starttime="295.12" type="place" place="table" nite:id="IDIAP_ES2008a_A.foa.136"/>
    <foa endtime="298.8" starttime="296.92" type="person" role="UI" nxt_agent="C" nite:id="IDIAP_ES2008a_A.foa.137"/>
    <foa endtime="305.92" starttime="298.8" type="place" place="table" nite:id="IDIAP_ES2008a_A.foa.138"/>
    <foa endtime="305.96" starttime="305.92" type="person" role="UI" nxt_agent="C" nite:id="IDIAP_ES2008a_A.foa.139"/>
    <foa endtime="306.48" starttime="305.96" type="person" role="ID" nxt_agent="B" nite:id="IDIAP_ES2008a_A.foa.140"/>
    <foa endtime="307.64" starttime="306.48" type="unspecified" nite:id="IDIAP_ES2008a_A.foa.141"/>
    <foa endtime="308.36" starttime="307.64" type="person" role="ME" nxt_agent="D" nite:id="IDIAP_ES2008a_A.foa.142"/>
    <foa endtime="310.68" starttime="308.36" type="person" role="ID" nxt_agent="B" nite:id="IDIAP_ES2008a_A.foa.143"/>
    <foa endtime="313.8" starttime="310.68" type="person" role="ME" nxt_agent="D" nite:id="IDIAP_ES2008a_A.foa.144"/>
    <foa endtime="321.48" starttime="313.8" type="place" place="table" nite:id="IDIAP_ES2008a_A.foa.145"/>
    <foa endtime="323.52" starttime="321.48" type="person" role="ME" nxt_agent="D" nite:id="IDIAP_ES2008a_A.foa.146"/>
    <foa endtime="328.52" starttime="323.52" type="place" place="table" nite:id="IDIAP_ES2008a_A.foa.147"/>
    <foa endtime="333.2" starttime="328.52" type="person" role="ME" nxt_agent="D" nite:id="IDIAP_ES2008a_A.foa.148"/>
    <foa endtime="333.48" starttime="333.2" type="place" place="table" nite:id="IDIAP_ES2008a_A.foa.149"/>
    <foa endtime="336.6" starttime="333.48" type="person" role="ME" nxt_agent="D" nite:id="IDIAP_ES2008a_A.foa.150"/>
    <foa endtime="338.56" starttime="336.6" type="unspecified" nite:id="IDIAP_ES2008a_A.foa.151"/>
    <foa endtime="340.44" starttime="338.56" type="person" role="ME" nxt_agent="D" nite:id="IDIAP_ES2008a_A.foa.152"/>
    <foa endtime="343.08" starttime="340.44" type="person" role="UI" nxt_agent="C" nite:id="IDIAP_ES2008a_A.foa.153"/>
    <foa endtime="350.96" starttime="343.08" type="person" role="ME" nxt_agent="D" nite:id="IDIAP_ES2008a_A.foa.154"/>
    <foa endtime="351.84" starttime="350.96" type="person" role="ID" nxt_agent="B" nite:id="IDIAP_ES2008a_A.foa.155"/>
    <foa endtime="354.8" starttime="351.84" type="person" role="ME" nxt_agent="D" nite:id="IDIAP_ES2008a_A.foa.156"/>
    <foa endtime="355.92" starttime="354.8" type="person" role="ID" nxt_agent="B" nite:id="IDIAP_ES2008a_A.foa.157"/>
    <foa endtime="360.04" starttime="355.92" type="place" place="table" nite:id="IDIAP_ES2008a_A.foa.158"/>
    <foa endtime="364.24" starttime="360.04" type="person" role="ME" nxt_agent="D" nite:id="IDIAP_ES2008a_A.foa.159"/>
    <foa endtime="367.28" starttime="364.24" type="place" place="table" nite:id="IDIAP_ES2008a_A.foa.160"/>
    <foa endtime="368.28" starttime="367.28" type="person" role="ME" nxt_agent="D" nite:id="IDIAP_ES2008a_A.foa.161"/>
    <foa endtime="369.76" starttime="368.28" type="place" place="table" nite:id="IDIAP_ES2008a_A.foa.162"/>
    <foa endtime="371.28" starttime="369.76" type="person" role="ME" nxt_agent="D" nite:id="IDIAP_ES2008a_A.foa.163"/>
    <foa endtime="373.68" starttime="371.28" type="place" place="table" nite:id="IDIAP_ES2008a_A.foa.164"/>
    <foa endtime="376.12" starttime="373.68" type="place" place="whiteboard" nite:id="IDIAP_ES2008a_A.foa.165"/>
    <foa endtime="438.04" starttime="376.12" type="unspecified" nite:id="IDIAP_ES2008a_A.foa.166"/>
    <foa endtime="438.36" starttime="438.04" type="person" role="ID" nxt_agent="B" nite:id="IDIAP_ES2008a_A.foa.167"/>
    <foa endtime="440.52" starttime="438.36" type="person" role="UI" nxt_agent="C" nite:id="IDIAP_ES2008a_A.foa.168"/>
    <foa endtime="441.16" starttime="440.52" type="person" role="ID" nxt_agent="B" nite:id="IDIAP_ES2008a_A.foa.169"/>
    <foa endtime="444.16" starttime="441.16" type="place" place="table" nite:id="IDIAP_ES2008a_A.foa.170"/>
    <foa endtime="445.84" starttime="444.16" type="person" role="UI" nxt_agent="C" nite:id="IDIAP_ES2008a_A.foa.171"/>
    <foa endtime="446.56" starttime="445.84" type="person" role="ME" nxt_agent="D" nite:id="IDIAP_ES2008a_A.foa.172"/>
    <foa endtime="447.52" starttime="446.56" type="person" role="UI" nxt_agent="C" nite:id="IDIAP_ES2008a_A.foa.173"/>
    <foa endtime="447.76" starttime="447.52" type="person" role="ID" nxt_agent="B" nite:id="IDIAP_ES2008a_A.foa.174"/>
    <foa endtime="451.12" starttime="447.76" type="place" place="table" nite:id="IDIAP_ES2008a_A.foa.175"/>
    <foa endtime="451.48" starttime="451.12" type="person" role="UI" nxt_agent="C" nite:id="IDIAP_ES2008a_A.foa.176"/>
    <foa endtime="455.56" starttime="451.48" type="place" place="table" nite:id="IDIAP_ES2008a_A.foa.177"/>
    <foa endtime="457.08" starttime="455.56" type="person" role="UI" nxt_agent="C" nite:id="IDIAP_ES2008a_A.foa.178"/>
    <foa endtime="457.76" starttime="457.08" type="place" place="table" nite:id="IDIAP_ES2008a_A.foa.179"/>
    <foa endtime="458.36" starttime="457.76" type="person" role="UI" nxt_agent="C" nite:id="IDIAP_ES2008a_A.foa.180"/>
    <foa endtime="458.6" starttime="458.36" type="person" role="ID" nxt_agent="B" nite:id="IDIAP_ES2008a_A.foa.181"/>
    <foa endtime="458.96" starttime="458.6" type="place" place="table" nite:id="IDIAP_ES2008a_A.foa.182"/>
    <foa endtime="460.76" starttime="458.96" type="place" place="slide-screen" nite:id="IDIAP_ES2008a_A.foa.183"/>
    <foa endtime="461.76" starttime="460.76" type="person" role="UI" nxt_agent="C" nite:id="IDIAP_ES2008a_A.foa.184"/>
    <foa endtime="462.84" starttime="461.76" type="place" place="table" nite:id="IDIAP_ES2008a_A.foa.185"/>
    <foa endtime="463.08" starttime="462.84" type="person" role="UI" nxt_agent="C" nite:id="IDIAP_ES2008a_A.foa.186"/>
    <foa endtime="463.68" starttime="463.08" type="place" place="table" nite:id="IDIAP_ES2008a_A.foa.187"/>
    <foa endtime="465.12" starttime="463.68" type="person" role="UI" nxt_agent="C" nite:id="IDIAP_ES2008a_A.foa.188"/>
    <foa endtime="465.6" starttime="465.12" type="person" role="ID" nxt_agent="B" nite:id="IDIAP_ES2008a_A.foa.189"/>
    <foa endtime="466.92" starttime="465.6" type="place" place="table" nite:id="IDIAP_ES2008a_A.foa.190"/>
    <foa endtime="467.76" starttime="466.92" type="person" role="UI" nxt_agent="C" nite:id="IDIAP_ES2008a_A.foa.191"/>
    <foa endtime="468.16" starttime="467.76" type="person" role="ID" nxt_agent="B" nite:id="IDIAP_ES2008a_A.foa.192"/>
    <foa endtime="468.64" starttime="468.16" type="person" role="UI" nxt_agent="C" nite:id="IDIAP_ES2008a_A.foa.193"/>
    <foa endtime="469.6" starttime="468.64" type="person" role="ME" nxt_agent="D" nite:id="IDIAP_ES2008a_A.foa.194"/>
    <foa endtime="470.68" starttime="469.6" type="person" role="UI" nxt_agent="C" nite:id="IDIAP_ES2008a_A.foa.195"/>
    <foa endtime="477.8" starttime="470.68" type="place" place="table" nite:id="IDIAP_ES2008a_A.foa.196"/>
    <foa endtime="478.32" starttime="477.8" type="person" role="UI" nxt_agent="C" nite:id="IDIAP_ES2008a_A.foa.197"/>
    <foa endtime="479.68" starttime="478.32" type="person" role="ID" nxt_agent="B" nite:id="IDIAP_ES2008a_A.foa.198"/>
    <foa endtime="480.64" starttime="479.68" type="person" role="ME" nxt_agent="D" nite:id="IDIAP_ES2008a_A.foa.199"/>
    <foa endtime="481.84" starttime="480.64" type="person" role="UI" nxt_agent="C" nite:id="IDIAP_ES2008a_A.foa.200"/>
    <foa endtime="482.48" starttime="481.84" type="place" place="table" nite:id="IDIAP_ES2008a_A.foa.201"/>
    <foa endtime="485.24" starttime="482.48" type="person" role="UI" nxt_agent="C" nite:id="IDIAP_ES2008a_A.foa.202"/>
    <foa endtime="490.32" starttime="485.24" type="place" place="table" nite:id="IDIAP_ES2008a_A.foa.203"/>
    <foa endtime="491.04" starttime="490.32" type="unspecified" nite:id="IDIAP_ES2008a_A.foa.204"/>
    <foa endtime="491.72" starttime="491.04" type="place" place="table" nite:id="IDIAP_ES2008a_A.foa.205"/>
    <foa endtime="492.44" starttime="491.72" type="unspecified" nite:id="IDIAP_ES2008a_A.foa.206"/>
    <foa endtime="494.12" starttime="492.44" type="place" place="table" nite:id="IDIAP_ES2008a_A.foa.207"/>
    <foa endtime="494.72" starttime="494.12" type="person" role="UI" nxt_agent="C" nite:id="IDIAP_ES2008a_A.foa.208"/>
    <foa endtime="495.52" starttime="494.72" type="person" role="ID" nxt_agent="B" nite:id="IDIAP_ES2008a_A.foa.209"/>
    <foa endtime="496.84" starttime="495.52" type="place" place="table" nite:id="IDIAP_ES2008a_A.foa.210"/>
    <foa endtime="497.44" starttime="496.84" type="person" role="UI" nxt_agent="C" nite:id="IDIAP_ES2008a_A.foa.211"/>
    <foa endtime="498.48" starttime="497.44" type="person" role="ME" nxt_agent="D" nite:id="IDIAP_ES2008a_A.foa.212"/>
    <foa endtime="500.48" starttime="498.48" type="place" place="table" nite:id="IDIAP_ES2008a_A.foa.213"/>
    <foa endtime="501.4" starttime="500.48" type="person" role="UI" nxt_agent="C" nite:id="IDIAP_ES2008a_A.foa.214"/>
    <foa endtime="502.52" starttime="501.4" type="person" role="ID" nxt_agent="B" nite:id="IDIAP_ES2008a_A.foa.215"/>
    <foa endtime="502.84" starttime="502.52" type="person" role="UI" nxt_agent="C" nite:id="IDIAP_ES2008a_A.foa.216"/>
    <foa endtime="503.8" starttime="502.84" type="person" role="ME" nxt_agent="D" nite:id="IDIAP_ES2008a_A.foa.217"/>
    <foa endtime="504.52" starttime="503.8" type="person" role="UI" nxt_agent="C" nite:id="IDIAP_ES2008a_A.foa.218"/>
    <foa endtime="504.64" starttime="504.52" type="person" role="ID" nxt_agent="B" nite:id="IDIAP_ES2008a_A.foa.219"/>
    <foa endtime="505.24" starttime="504.64" type="place" place="table" nite:id="IDIAP_ES2008a_A.foa.220"/>
    <foa endtime="506.68" starttime="505.24" type="person" role="UI" nxt_agent="C" nite:id="IDIAP_ES2008a_A.foa.221"/>
    <foa endtime="507.76" starttime="506.68" type="person" role="ID" nxt_agent="B" nite:id="IDIAP_ES2008a_A.foa.222"/>
    <foa endtime="509.08" starttime="507.76" type="person" role="UI" nxt_agent="C" nite:id="IDIAP_ES2008a_A.foa.223"/>
    <foa endtime="509.96" starttime="509.08" type="person" role="ME" nxt_agent="D" nite:id="IDIAP_ES2008a_A.foa.224"/>
    <foa endtime="510.36" starttime="509.96" type="person" role="UI" nxt_agent="C" nite:id="IDIAP_ES2008a_A.foa.225"/>
    <foa endtime="510.96" starttime="510.36" type="person" role="ID" nxt_agent="B" nite:id="IDIAP_ES2008a_A.foa.226"/>
    <foa endtime="511.52" starttime="510.96" type="person" role="UI" nxt_agent="C" nite:id="IDIAP_ES2008a_A.foa.227"/>
    <foa endtime="512.16" starttime="511.52" type="person" role="ME" nxt_agent="D" nite:id="IDIAP_ES2008a_A.foa.228"/>
    <foa endtime="550.6" starttime="512.16" type="place" place="table" nite:id="IDIAP_ES2008a_A.foa.229"/>
    <foa endtime="551.8" starttime="550.6" type="person" role="UI" nxt_agent="C" nite:id="IDIAP_ES2008a_A.foa.230"/>
    <foa endtime="553.92" starttime="551.8" type="place" place="table" nite:id="IDIAP_ES2008a_A.foa.231"/>
    <foa endtime="555.56" starttime="553.92" type="person" role="UI" nxt_agent="C" nite:id="IDIAP_ES2008a_A.foa.232"/>
    <foa endtime="562.4" starttime="555.56" type="place" place="table" nite:id="IDIAP_ES2008a_A.foa.233"/>
    <foa endtime="565.76" starttime="562.4" type="person" role="UI" nxt_agent="C" nite:id="IDIAP_ES2008a_A.foa.234"/>
    <foa endtime="569.24" starttime="565.76" type="place" place="table" nite:id="IDIAP_ES2008a_A.foa.235"/>
    <foa endtime="570.8" starttime="569.24" type="person" role="UI" nxt_agent="C" nite:id="IDIAP_ES2008a_A.foa.236"/>
    <foa endtime="576.36" starttime="570.8" type="place" place="table" nite:id="IDIAP_ES2008a_A.foa.237"/>
    <foa endtime="578.32" starttime="576.36" type="person" role="UI" nxt_agent="C" nite:id="IDIAP_ES2008a_A.foa.238"/>
    <foa endtime="609.68" starttime="578.32" type="place" place="table" nite:id="IDIAP_ES2008a_A.foa.239"/>
    <foa endtime="611.24" starttime="609.68" type="person" role="ID" nxt_agent="B" nite:id="IDIAP_ES2008a_A.foa.240"/>
    <foa endtime="614.36" starttime="611.24" type="place" place="table" nite:id="IDIAP_ES2008a_A.foa.241"/>
    <foa endtime="615.2" starttime="614.36" type="person" role="ID" nxt_agent="B" nite:id="IDIAP_ES2008a_A.foa.242"/>
    <foa endtime="620.4" starttime="615.2" type="place" place="table" nite:id="IDIAP_ES2008a_A.foa.243"/>
    <foa endtime="620.52" starttime="620.4" type="person" role="ID" nxt_agent="B" nite:id="IDIAP_ES2008a_A.foa.244"/>
    <foa endtime="621.72" starttime="620.52" type="place" place="whiteboard" nite:id="IDIAP_ES2008a_A.foa.245"/>
    <foa endtime="626.92" starttime="621.72" type="person" role="ID" nxt_agent="B" nite:id="IDIAP_ES2008a_A.foa.246"/>
    <foa endtime="638.24" starttime="626.92" type="place" place="table" nite:id="IDIAP_ES2008a_A.foa.247"/>
    <foa endtime="639.44" starttime="638.24" type="person" role="ID" nxt_agent="B" nite:id="IDIAP_ES2008a_A.foa.248"/>
    <foa endtime="645.12" starttime="639.44" type="place" place="table" nite:id="IDIAP_ES2008a_A.foa.249"/>
    <foa endtime="646.52" starttime="645.12" type="person" role="ID" nxt_agent="B" nite:id="IDIAP_ES2008a_A.foa.250"/>
    <foa endtime="648.36" starttime="646.52" type="place" place="table" nite:id="IDIAP_ES2008a_A.foa.251"/>
    <foa endtime="649.32" starttime="648.36" type="person" role="ID" nxt_agent="B" nite:id="IDIAP_ES2008a_A.foa.252"/>
    <foa endtime="654.4" starttime="649.32" type="place" place="table" nite:id="IDIAP_ES2008a_A.foa.253"/>
    <foa endtime="656.32" starttime="654.4" type="person" role="ID" nxt_agent="B" nite:id="IDIAP_ES2008a_A.foa.254"/>
    <foa endtime="666.6" starttime="656.32" type="place" place="table" nite:id="IDIAP_ES2008a_A.foa.255"/>
    <foa endtime="666.92" starttime="666.6" type="person" role="ID" nxt_agent="B" nite:id="IDIAP_ES2008a_A.foa.256"/>
    <foa endtime="667.28" starttime="666.92" type="person" role="UI" nxt_agent="C" nite:id="IDIAP_ES2008a_A.foa.257"/>
    <foa endtime="669.32" starttime="667.28" type="person" role="ME" nxt_agent="D" nite:id="IDIAP_ES2008a_A.foa.258"/>
    <foa endtime="669.68" starttime="669.32" type="person" role="UI" nxt_agent="C" nite:id="IDIAP_ES2008a_A.foa.259"/>
    <foa endtime="672.08" starttime="669.68" type="person" role="ID" nxt_agent="B" nite:id="IDIAP_ES2008a_A.foa.260"/>
    <foa endtime="672.56" starttime="672.08" type="person" role="UI" nxt_agent="C" nite:id="IDIAP_ES2008a_A.foa.261"/>
    <foa endtime="673.04" starttime="672.56" type="person" role="ID" nxt_agent="B" nite:id="IDIAP_ES2008a_A.foa.262"/>
    <foa endtime="673.76" starttime="673.04" type="person" role="ME" nxt_agent="D" nite:id="IDIAP_ES2008a_A.foa.263"/>
    <foa endtime="676.04" starttime="673.76" type="person" role="ID" nxt_agent="B" nite:id="IDIAP_ES2008a_A.foa.264"/>
    <foa endtime="676.52" starttime="676.04" type="person" role="UI" nxt_agent="C" nite:id="IDIAP_ES2008a_A.foa.265"/>
    <foa endtime="677.6" starttime="676.52" type="person" role="ID" nxt_agent="B" nite:id="IDIAP_ES2008a_A.foa.266"/>
    <foa endtime="678.32" starttime="677.6" type="person" role="UI" nxt_agent="C" nite:id="IDIAP_ES2008a_A.foa.267"/>
    <foa endtime="680.4" starttime="678.32" type="person" role="ME" nxt_agent="D" nite:id="IDIAP_ES2008a_A.foa.268"/>
    <foa endtime="681.0" starttime="680.4" type="person" role="UI" nxt_agent="C" nite:id="IDIAP_ES2008a_A.foa.269"/>
    <foa endtime="681.24" starttime="681.0" type="person" role="ID" nxt_agent="B" nite:id="IDIAP_ES2008a_A.foa.270"/>
    <foa endtime="692.72" starttime="681.24" type="place" place="table" nite:id="IDIAP_ES2008a_A.foa.271"/>
    <foa endtime="693.64" starttime="692.72" type="person" role="UI" nxt_agent="C" nite:id="IDIAP_ES2008a_A.foa.272"/>
    <foa endtime="694.4" starttime="693.64" type="person" role="ME" nxt_agent="D" nite:id="IDIAP_ES2008a_A.foa.273"/>
    <foa endtime="695.96" starttime="694.4" type="person" role="UI" nxt_agent="C" nite:id="IDIAP_ES2008a_A.foa.274"/>
    <foa endtime="696.2" starttime="695.96" type="person" role="ID" nxt_agent="B" nite:id="IDIAP_ES2008a_A.foa.275"/>
    <foa endtime="696.68" starttime="696.2" type="person" role="UI" nxt_agent="C" nite:id="IDIAP_ES2008a_A.foa.276"/>
    <foa endtime="698.2" starttime="696.68" type="person" role="ME" nxt_agent="D" nite:id="IDIAP_ES2008a_A.foa.277"/>
    <foa endtime="699.2" starttime="698.2" type="person" role="UI" nxt_agent="C" nite:id="IDIAP_ES2008a_A.foa.278"/>
    <foa endtime="701.12" starttime="699.2" type="person" role="ME" nxt_agent="D" nite:id="IDIAP_ES2008a_A.foa.279"/>
    <foa endtime="702.4" starttime="701.12" type="person" role="UI" nxt_agent="C" nite:id="IDIAP_ES2008a_A.foa.280"/>
    <foa endtime="703.92" starttime="702.4" type="person" role="ID" nxt_agent="B" nite:id="IDIAP_ES2008a_A.foa.281"/>
    <foa endtime="706.44" starttime="703.92" type="person" role="UI" nxt_agent="C" nite:id="IDIAP_ES2008a_A.foa.282"/>
    <foa endtime="706.92" starttime="706.44" type="place" place="table" nite:id="IDIAP_ES2008a_A.foa.283"/>
    <foa endtime="710.76" starttime="706.92" type="person" role="ID" nxt_agent="B" nite:id="IDIAP_ES2008a_A.foa.284"/>
    <foa endtime="710.88" starttime="710.76" type="person" role="UI" nxt_agent="C" nite:id="IDIAP_ES2008a_A.foa.285"/>
    <foa endtime="711.8" starttime="710.88" type="person" role="ME" nxt_agent="D" nite:id="IDIAP_ES2008a_A.foa.286"/>
    <foa endtime="712.52" starttime="711.8" type="person" role="ID" nxt_agent="B" nite:id="IDIAP_ES2008a_A.foa.287"/>
    <foa endtime="713.12" starttime="712.52" type="unspecified" nite:id="IDIAP_ES2008a_A.foa.288"/>
    <foa endtime="715.76" starttime="713.12" type="person" role="ID" nxt_agent="B" nite:id="IDIAP_ES2008a_A.foa.289"/>
    <foa endtime="716.72" starttime="715.76" type="unspecified" nite:id="IDIAP_ES2008a_A.foa.290"/>
    <foa endtime="728.28" starttime="716.72" type="person" role="ID" nxt_agent="B" nite:id="IDIAP_ES2008a_A.foa.291"/>
    <foa endtime="740.32" starttime="728.28" type="place" place="table" nite:id="IDIAP_ES2008a_A.foa.292"/>
    <foa endtime="752.08" starttime="740.32" type="person" role="ME" nxt_agent="D" nite:id="IDIAP_ES2008a_A.foa.293"/>
    <foa endtime="752.44" starttime="752.08" type="person" role="UI" nxt_agent="C" nite:id="IDIAP_ES2008a_A.foa.294"/>
    <foa endtime="752.68" starttime="752.44" type="person" role="ID" nxt_agent="B" nite:id="IDIAP_ES2008a_A.foa.295"/>
    <foa endtime="760.4" starttime="752.68" type="place" place="table" nite:id="IDIAP_ES2008a_A.foa.296"/>
    <foa endtime="763.84" starttime="760.4" type="person" role="ID" nxt_agent="B" nite:id="IDIAP_ES2008a_A.foa.297"/>
    <foa endtime="765.8" starttime="763.84" type="person" role="UI" nxt_agent="C" nite:id="IDIAP_ES2008a_A.foa.298"/>
    <foa endtime="766.64" starttime="765.8" type="person" role="ID" nxt_agent="B" nite:id="IDIAP_ES2008a_A.foa.299"/>
    <foa endtime="767.36" starttime="766.64" type="person" role="UI" nxt_agent="C" nite:id="IDIAP_ES2008a_A.foa.300"/>
    <foa endtime="769.88" starttime="767.36" type="person" role="ID" nxt_agent="B" nite:id="IDIAP_ES2008a_A.foa.301"/>
    <foa endtime="770.6" starttime="769.88" type="person" role="UI" nxt_agent="C" nite:id="IDIAP_ES2008a_A.foa.302"/>
    <foa endtime="770.96" starttime="770.6" type="unspecified" nite:id="IDIAP_ES2008a_A.foa.303"/>
    <foa endtime="772.16" starttime="770.96" type="person" role="UI" nxt_agent="C" nite:id="IDIAP_ES2008a_A.foa.304"/>
    <foa endtime="772.76" starttime="772.16" type="person" role="ID" nxt_agent="B" nite:id="IDIAP_ES2008a_A.foa.305"/>
    <foa endtime="774.44" starttime="772.76" type="person" role="UI" nxt_agent="C" nite:id="IDIAP_ES2008a_A.foa.306"/>
    <foa endtime="775.28" starttime="774.44" type="person" role="ID" nxt_agent="B" nite:id="IDIAP_ES2008a_A.foa.307"/>
    <foa endtime="776.24" starttime="775.28" type="person" role="UI" nxt_agent="C" nite:id="IDIAP_ES2008a_A.foa.308"/>
    <foa endtime="777.68" starttime="776.24" type="person" role="ID" nxt_agent="B" nite:id="IDIAP_ES2008a_A.foa.309"/>
    <foa endtime="779.0" starttime="777.68" type="person" role="UI" nxt_agent="C" nite:id="IDIAP_ES2008a_A.foa.310"/>
    <foa endtime="779.84" starttime="779.0" type="person" role="ID" nxt_agent="B" nite:id="IDIAP_ES2008a_A.foa.311"/>
    <foa endtime="781.04" starttime="779.84" type="unspecified" nite:id="IDIAP_ES2008a_A.foa.312"/>
    <foa endtime="781.52" starttime="781.04" type="person" role="UI" nxt_agent="C" nite:id="IDIAP_ES2008a_A.foa.313"/>
    <foa endtime="782.36" starttime="781.52" type="person" role="ID" nxt_agent="B" nite:id="IDIAP_ES2008a_A.foa.314"/>
    <foa endtime="782.8" starttime="782.36" type="person" role="UI" nxt_agent="C" nite:id="IDIAP_ES2008a_A.foa.315"/>
    <foa endtime="784.24" starttime="782.8" type="person" role="ID" nxt_agent="B" nite:id="IDIAP_ES2008a_A.foa.316"/>
    <foa endtime="795.12" starttime="784.24" type="person" role="UI" nxt_agent="C" nite:id="IDIAP_ES2008a_A.foa.317"/>
    <foa endtime="809.24" starttime="795.12" type="place" place="table" nite:id="IDIAP_ES2008a_A.foa.318"/>
    <foa endtime="810.68" starttime="809.24" type="person" role="UI" nxt_agent="C" nite:id="IDIAP_ES2008a_A.foa.319"/>
    <foa endtime="810.92" starttime="810.68" type="person" role="ID" nxt_agent="B" nite:id="IDIAP_ES2008a_A.foa.320"/>
    <foa endtime="813.68" starttime="810.92" type="place" place="whiteboard" nite:id="IDIAP_ES2008a_A.foa.321"/>
    <foa endtime="813.92" starttime="813.68" type="person" role="ID" nxt_agent="B" nite:id="IDIAP_ES2008a_A.foa.322"/>
    <foa endtime="815.24" starttime="813.92" type="person" role="UI" nxt_agent="C" nite:id="IDIAP_ES2008a_A.foa.323"/>
    <foa endtime="816.16" starttime="815.24" type="place" place="table" nite:id="IDIAP_ES2008a_A.foa.324"/>
    <foa endtime="816.68" starttime="816.16" type="person" role="UI" nxt_agent="C" nite:id="IDIAP_ES2008a_A.foa.325"/>
    <foa endtime="831.08" starttime="816.68" type="person" role="ME" nxt_agent="D" nite:id="IDIAP_ES2008a_A.foa.326"/>
    <foa endtime="845.92" starttime="831.08" type="person" role="UI" nxt_agent="C" nite:id="IDIAP_ES2008a_A.foa.327"/>
    <foa endtime="867.56" starttime="845.92" type="place" place="table" nite:id="IDIAP_ES2008a_A.foa.328"/>
    <foa endtime="870.44" starttime="867.56" type="unspecified" nite:id="IDIAP_ES2008a_A.foa.329"/>
    <foa endtime="878.96" starttime="870.44" type="place" place="table" nite:id="IDIAP_ES2008a_A.foa.330"/>
    <foa endtime="879.72" starttime="878.96" type="person" role="UI" nxt_agent="C" nite:id="IDIAP_ES2008a_A.foa.331"/>
    <foa endtime="880.44" starttime="879.72" type="person" role="ME" nxt_agent="D" nite:id="IDIAP_ES2008a_A.foa.332"/>
    <foa endtime="881.52" starttime="880.44" type="person" role="UI" nxt_agent="C" nite:id="IDIAP_ES2008a_A.foa.333"/>
    <foa endtime="882.12" starttime="881.52" type="unspecified" nite:id="IDIAP_ES2008a_A.foa.334"/>
    <foa endtime="883.2" starttime="882.12" type="person" role="UI" nxt_agent="C" nite:id="IDIAP_ES2008a_A.foa.335"/>
    <foa endtime="884.28" starttime="883.2" type="person" role="ME" nxt_agent="D" nite:id="IDIAP_ES2008a_A.foa.336"/>
    <foa endtime="884.76" starttime="884.28" type="person" role="UI" nxt_agent="C" nite:id="IDIAP_ES2008a_A.foa.337"/>
    <foa endtime="885.12" starttime="884.76" type="person" role="ID" nxt_agent="B" nite:id="IDIAP_ES2008a_A.foa.338"/>
    <foa endtime="888.32" starttime="885.12" type="place" place="table" nite:id="IDIAP_ES2008a_A.foa.339"/>
    <foa endtime="889.28" starttime="888.32" type="unspecified" nite:id="IDIAP_ES2008a_A.foa.340"/>
    <foa endtime="892.72" starttime="889.28" type="place" place="table" nite:id="IDIAP_ES2008a_A.foa.341"/>
    <foa endtime="894.56" starttime="892.72" type="unspecified" nite:id="IDIAP_ES2008a_A.foa.342"/>
    <foa endtime="895.68" starttime="894.56" type="person" role="UI" nxt_agent="C" nite:id="IDIAP_ES2008a_A.foa.343"/>
    <foa endtime="897.0" starttime="895.68" type="person" role="ID" nxt_agent="B" nite:id="IDIAP_ES2008a_A.foa.344"/>
    <foa endtime="901.0" starttime="897.0" type="unspecified" nite:id="IDIAP_ES2008a_A.foa.345"/>
    <foa endtime="902.2" starttime="901.0" type="person" role="UI" nxt_agent="C" nite:id="IDIAP_ES2008a_A.foa.346"/>
    <foa endtime="903.4" starttime="902.2" type="unspecified" nite:id="IDIAP_ES2008a_A.foa.347"/>
    <foa endtime="903.76" starttime="903.4" type="person" role="ID" nxt_agent="B" nite:id="IDIAP_ES2008a_A.foa.348"/>
    <foa endtime="904.36" starttime="903.76" type="person" role="UI" nxt_agent="C" nite:id="IDIAP_ES2008a_A.foa.349"/>
    <foa endtime="905.56" starttime="904.36" type="person" role="ID" nxt_agent="B" nite:id="IDIAP_ES2008a_A.foa.350"/>
    <foa endtime="909.44" starttime="905.56" type="unspecified" nite:id="IDIAP_ES2008a_A.foa.351"/>
    <foa endtime="910.92" starttime="909.44" type="place" place="table" nite:id="IDIAP_ES2008a_A.foa.352"/>
    <foa endtime="912.52" starttime="910.92" type="person" role="UI" nxt_agent="C" nite:id="IDIAP_ES2008a_A.foa.353"/>
    <foa endtime="913.36" starttime="912.52" type="unspecified" nite:id="IDIAP_ES2008a_A.foa.354"/>
    <foa endtime="914.56" starttime="913.36" type="person" role="UI" nxt_agent="C" nite:id="IDIAP_ES2008a_A.foa.355"/>
    <foa endtime="915.04" starttime="914.56" type="person" role="ID" nxt_agent="B" nite:id="IDIAP_ES2008a_A.foa.356"/>
    <foa endtime="916.84" starttime="915.04" type="person" role="UI" nxt_agent="C" nite:id="IDIAP_ES2008a_A.foa.357"/>
    <foa endtime="918.52" starttime="916.84" type="place" place="table" nite:id="IDIAP_ES2008a_A.foa.358"/>
    <foa endtime="923.8" starttime="918.52" type="person" role="ME" nxt_agent="D" nite:id="IDIAP_ES2008a_A.foa.359"/>
    <foa endtime="925.6" starttime="923.8" type="person" role="UI" nxt_agent="C" nite:id="IDIAP_ES2008a_A.foa.360"/>
    <foa endtime="927.52" starttime="925.6" type="unspecified" nite:id="IDIAP_ES2008a_A.foa.361"/>
    <foa endtime="927.76" starttime="927.52" type="person" role="UI" nxt_agent="C" nite:id="IDIAP_ES2008a_A.foa.362"/>
    <foa endtime="930.16" starttime="927.76" type="person" role="ME" nxt_agent="D" nite:id="IDIAP_ES2008a_A.foa.363"/>
    <foa endtime="930.64" starttime="930.16" type="person" role="ID" nxt_agent="B" nite:id="IDIAP_ES2008a_A.foa.364"/>
    <foa endtime="935.56" starttime="930.64" type="unspecified" nite:id="IDIAP_ES2008a_A.foa.365"/>
    <foa endtime="937.48" starttime="935.56" type="place" place="table" nite:id="IDIAP_ES2008a_A.foa.366"/>
    <foa endtime="938.44" starttime="937.48" type="person" role="ID" nxt_agent="B" nite:id="IDIAP_ES2008a_A.foa.367"/>
    <foa endtime="940.0" starttime="938.44" type="person" role="UI" nxt_agent="C" nite:id="IDIAP_ES2008a_A.foa.368"/>
    <foa endtime="940.72" starttime="940.0" type="unspecified" nite:id="IDIAP_ES2008a_A.foa.369"/>
    <foa endtime="940.84" starttime="940.72" type="person" role="UI" nxt_agent="C" nite:id="IDIAP_ES2008a_A.foa.370"/>
    <foa endtime="942.32" starttime="940.84" type="person" role="ID" nxt_agent="B" nite:id="IDIAP_ES2008a_A.foa.371"/>
    <foa endtime="943.28" starttime="942.32" type="person" role="UI" nxt_agent="C" nite:id="IDIAP_ES2008a_A.foa.372"/>
    <foa endtime="945.2" starttime="943.28" type="unspecified" nite:id="IDIAP_ES2008a_A.foa.373"/>
    <foa endtime="945.8" starttime="945.2" type="person" role="ID" nxt_agent="B" nite:id="IDIAP_ES2008a_A.foa.374"/>
    <foa endtime="946.28" starttime="945.8" type="place" place="table" nite:id="IDIAP_ES2008a_A.foa.375"/>
    <foa endtime="948.44" starttime="946.28" type="place" place="whiteboard" nite:id="IDIAP_ES2008a_A.foa.376"/>
    <foa endtime="949.52" starttime="948.44" type="person" role="UI" nxt_agent="C" nite:id="IDIAP_ES2008a_A.foa.377"/>
    <foa endtime="950.12" starttime="949.52" type="person" role="ME" nxt_agent="D" nite:id="IDIAP_ES2008a_A.foa.378"/>
    <foa endtime="951.8" starttime="950.12" type="person" role="ID" nxt_agent="B" nite:id="IDIAP_ES2008a_A.foa.379"/>
    <foa endtime="953.36" starttime="951.8" type="person" role="ME" nxt_agent="D" nite:id="IDIAP_ES2008a_A.foa.380"/>
    <foa endtime="954.2" starttime="953.36" type="unspecified" nite:id="IDIAP_ES2008a_A.foa.381"/>
    <foa endtime="955.64" starttime="954.2" type="person" role="ID" nxt_agent="B" nite:id="IDIAP_ES2008a_A.foa.382"/>
    <foa endtime="958.72" starttime="955.64" type="place" place="slide-screen" nite:id="IDIAP_ES2008a_A.foa.383"/>
    <foa endtime="959.8" starttime="958.72" type="person" role="UI" nxt_agent="C" nite:id="IDIAP_ES2008a_A.foa.384"/>
    <foa endtime="961.96" starttime="959.8" type="person" role="ME" nxt_agent="D" nite:id="IDIAP_ES2008a_A.foa.385"/>
    <foa endtime="964.12" starttime="961.96" type="person" role="UI" nxt_agent="C" nite:id="IDIAP_ES2008a_A.foa.386"/>
    <foa endtime="971.36" starttime="964.12" type="place" place="table" nite:id="IDIAP_ES2008a_A.foa.387"/>
    <foa endtime="975.0" starttime="971.36" type="person" role="UI" nxt_agent="C" nite:id="IDIAP_ES2008a_A.foa.388"/>
    <foa endtime="975.72" starttime="975.0" type="place" place="table" nite:id="IDIAP_ES2008a_A.foa.389"/>
    <foa endtime="978.72" starttime="975.72" type="person" role="UI" nxt_agent="C" nite:id="IDIAP_ES2008a_A.foa.390"/>
    <foa endtime="979.2" starttime="978.72" type="person" role="ID" nxt_agent="B" nite:id="IDIAP_ES2008a_A.foa.391"/>
    <foa endtime="980.76" starttime="979.2" type="person" role="UI" nxt_agent="C" nite:id="IDIAP_ES2008a_A.foa.392"/>
    <foa endtime="982.8" starttime="980.76" type="person" role="ID" nxt_agent="B" nite:id="IDIAP_ES2008a_A.foa.393"/>
    <foa endtime="983.28" starttime="982.8" type="place" place="table" nite:id="IDIAP_ES2008a_A.foa.394"/>
    <foa endtime="983.52" starttime="983.28" type="person" role="ID" nxt_agent="B" nite:id="IDIAP_ES2008a_A.foa.395"/>
    <foa endtime="986.76" starttime="983.52" type="person" role="UI" nxt_agent="C" nite:id="IDIAP_ES2008a_A.foa.396"/>
    <foa endtime="988.48" starttime="986.76" type="person" role="ME" nxt_agent="D" nite:id="IDIAP_ES2008a_A.foa.397"/>
    <foa endtime="989.0" starttime="988.48" type="person" role="UI" nxt_agent="C" nite:id="IDIAP_ES2008a_A.foa.398"/>
    <foa endtime="990.24" starttime="989.0" type="person" role="ID" nxt_agent="B" nite:id="IDIAP_ES2008a_A.foa.399"/>
    <foa endtime="991.88" starttime="990.24" type="person" role="UI" nxt_agent="C" nite:id="IDIAP_ES2008a_A.foa.400"/>
    <foa endtime="994.4" starttime="991.88" type="person" role="ID" nxt_agent="B" nite:id="IDIAP_ES2008a_A.foa.401"/>
    <foa endtime="995.0" starttime="994.4" type="person" role="UI" nxt_agent="C" nite:id="IDIAP_ES2008a_A.foa.402"/>
    <foa endtime="995.96" starttime="995.0" type="person" role="ID" nxt_agent="B" nite:id="IDIAP_ES2008a_A.foa.403"/>
    <foa endtime="1000.48" starttime="995.96" type="place" place="table" nite:id="IDIAP_ES2008a_A.foa.404"/>
    <foa endtime="1001.64" starttime="1000.48" type="person" role="UI" nxt_agent="C" nite:id="IDIAP_ES2008a_A.foa.405"/>
    <foa endtime="1002.44" starttime="1001.64" type="person" role="ID" nxt_agent="B" nite:id="IDIAP_ES2008a_A.foa.406"/>
    <foa endtime="1006.36" starttime="1002.44" type="place" place="table" nite:id="IDIAP_ES2008a_A.foa.407"/>
    <foa endtime="1008.16" starttime="1006.36" type="person" role="UI" nxt_agent="C" nite:id="IDIAP_ES2008a_A.foa.408"/>
    <foa endtime="1008.48" starttime="1008.16" type="person" role="ID" nxt_agent="B" nite:id="IDIAP_ES2008a_A.foa.409"/>
    <foa endtime="1009.36" starttime="1008.48" type="unspecified" nite:id="IDIAP_ES2008a_A.foa.410"/>
    <foa endtime="1009.84" starttime="1009.36" type="place" place="table" nite:id="IDIAP_ES2008a_A.foa.411"/>
    <foa endtime="1012.04" starttime="1009.84" type="person" role="UI" nxt_agent="C" nite:id="IDIAP_ES2008a_A.foa.412"/>
    <foa endtime="1012.28" starttime="1012.04" type="person" role="ID" nxt_agent="B" nite:id="IDIAP_ES2008a_A.foa.413"/>
    <foa endtime="1013.48" starttime="1012.28" type="person" role="UI" nxt_agent="C" nite:id="IDIAP_ES2008a_A.foa.414"/>
    <foa endtime="1016.12" starttime="1013.48" type="person" role="ID" nxt_agent="B" nite:id="IDIAP_ES2008a_A.foa.415"/>
    <foa endtime="1017.2" starttime="1016.12" type="person" role="UI" nxt_agent="C" nite:id="IDIAP_ES2008a_A.foa.416"/>
    <foa endtime="1017.92" starttime="1017.2" type="person" role="ME" nxt_agent="D" nite:id="IDIAP_ES2008a_A.foa.417"/>
    <foa endtime="1018.56" starttime="1017.92" type="unspecified" nite:id="IDIAP_ES2008a_A.foa.418"/>
    <foa endtime="1018.8" starttime="1018.56" type="person" role="UI" nxt_agent="C" nite:id="IDIAP_ES2008a_A.foa.419"/>
    <foa endtime="1019.04" starttime="1018.8" type="place" place="table" nite:id="IDIAP_ES2008a_A.foa.420"/>
    <foa endtime="1021.28" starttime="1019.04" type="person" role="ID" nxt_agent="B" nite:id="IDIAP_ES2008a_A.foa.421"/>
    <foa endtime="1022.88" starttime="1021.28" type="person" role="UI" nxt_agent="C" nite:id="IDIAP_ES2008a_A.foa.422"/>
    <foa endtime="1023.28" starttime="1022.88" type="person" role="ID" nxt_agent="B" nite:id="IDIAP_ES2008a_A.foa.423"/>
    <foa endtime="1025.12" starttime="1023.28" type="place" place="table" nite:id="IDIAP_ES2008a_A.foa.424"/>
    <foa endtime="1025.96" starttime="1025.12" type="unspecified" nite:id="IDIAP_ES2008a_A.foa.425"/>
    <foa endtime="1032.8" starttime="1025.96" type="place" place="table" nite:id="IDIAP_ES2008a_A.foa.426"/>
    <foa endtime="1033.76" starttime="1032.8" type="person" role="ME" nxt_agent="D" nite:id="IDIAP_ES2008a_A.foa.427"/>
    <foa endtime="1034.36" starttime="1033.76" type="person" role="ID" nxt_agent="B" nite:id="IDIAP_ES2008a_A.foa.428"/>
    <foa endtime="1034.92" starttime="1034.36" type="person" role="UI" nxt_agent="C" nite:id="IDIAP_ES2008a_A.foa.429"/>
    <foa endtime="1051.0" starttime="1034.92" type="person" role="ID" nxt_agent="B" nite:id="IDIAP_ES2008a_A.foa.430"/>
</nite:root>
