<?xml version="1.0" encoding="UTF-8"?>
<nite:root xmlns:nite="http://nite.sourceforge.net/" nite:id="IDIAP_ES2008a_B.nite:root.1">
    <foa endtime="9.64" starttime="0.0" type="place" place="table" nite:id="IDIAP_ES2008a_B.foa.1"/>
    <foa endtime="13.84" starttime="9.64" type="place" place="slide-screen" nite:id="IDIAP_ES2008a_B.foa.2"/>
    <foa endtime="23.76" starttime="13.84" type="place" place="table" nite:id="IDIAP_ES2008a_B.foa.3"/>
    <foa endtime="24.88" starttime="23.76" type="unspecified" nite:id="IDIAP_ES2008a_B.foa.4"/>
    <foa endtime="29.8" starttime="24.88" type="person" role="PM" nxt_agent="A" nite:id="IDIAP_ES2008a_B.foa.5"/>
    <foa endtime="32.56" starttime="29.8" type="place" place="slide-screen" nite:id="IDIAP_ES2008a_B.foa.6"/>
    <foa endtime="38.28" starttime="32.56" type="person" role="PM" nxt_agent="A" nite:id="IDIAP_ES2008a_B.foa.7"/>
    <foa endtime="40.8" starttime="38.28" type="place" place="slide-screen" nite:id="IDIAP_ES2008a_B.foa.8"/>
    <foa endtime="45.32" starttime="40.8" type="person" role="PM" nxt_agent="A" nite:id="IDIAP_ES2008a_B.foa.9"/>
    <foa endtime="47.88" starttime="45.32" type="place" place="slide-screen" nite:id="IDIAP_ES2008a_B.foa.10"/>
    <foa endtime="51.24" starttime="47.88" type="place" place="table" nite:id="IDIAP_ES2008a_B.foa.11"/>
    <foa endtime="55.24" starttime="51.24" type="place" place="slide-screen" nite:id="IDIAP_ES2008a_B.foa.12"/>
    <foa endtime="61.88" starttime="55.24" type="person" role="PM" nxt_agent="A" nite:id="IDIAP_ES2008a_B.foa.13"/>
    <foa endtime="64.84" starttime="61.88" type="place" place="slide-screen" nite:id="IDIAP_ES2008a_B.foa.14"/>
    <foa endtime="74.6" starttime="64.84" type="place" place="table" nite:id="IDIAP_ES2008a_B.foa.15"/>
    <foa endtime="75.92" starttime="74.6" type="place" place="slide-screen" nite:id="IDIAP_ES2008a_B.foa.16"/>
    <foa endtime="83.36" starttime="75.92" type="place" place="table" nite:id="IDIAP_ES2008a_B.foa.17"/>
    <foa endtime="84.28" starttime="83.36" type="place" place="slide-screen" nite:id="IDIAP_ES2008a_B.foa.18"/>
    <foa endtime="87.44" starttime="84.28" type="place" place="table" nite:id="IDIAP_ES2008a_B.foa.19"/>
    <foa endtime="92.8" starttime="87.44" type="place" place="slide-screen" nite:id="IDIAP_ES2008a_B.foa.20"/>
    <foa endtime="105.92" starttime="92.8" type="place" place="table" nite:id="IDIAP_ES2008a_B.foa.21"/>
    <foa endtime="106.56" starttime="105.92" type="person" role="PM" nxt_agent="A" nite:id="IDIAP_ES2008a_B.foa.22"/>
    <foa endtime="106.88" starttime="106.56" type="person" role="UI" nxt_agent="C" nite:id="IDIAP_ES2008a_B.foa.23"/>
    <foa endtime="109.48" starttime="106.88" type="place" place="slide-screen" nite:id="IDIAP_ES2008a_B.foa.24"/>
    <foa endtime="112.84" starttime="109.48" type="person" role="PM" nxt_agent="A" nite:id="IDIAP_ES2008a_B.foa.25"/>
    <foa endtime="115.76" starttime="112.84" type="place" place="slide-screen" nite:id="IDIAP_ES2008a_B.foa.26"/>
    <foa endtime="123.52" starttime="115.76" type="person" role="PM" nxt_agent="A" nite:id="IDIAP_ES2008a_B.foa.27"/>
    <foa endtime="127.44" starttime="123.52" type="place" place="table" nite:id="IDIAP_ES2008a_B.foa.28"/>
    <foa endtime="128.96" starttime="127.44" type="person" role="PM" nxt_agent="A" nite:id="IDIAP_ES2008a_B.foa.29"/>
    <foa endtime="220.72" starttime="128.96" type="unspecified" nite:id="IDIAP_ES2008a_B.foa.30"/>
    <foa endtime="224.04" starttime="220.72" type="person" role="UI" nxt_agent="C" nite:id="IDIAP_ES2008a_B.foa.31"/>
    <foa endtime="225.76" starttime="224.04" type="unspecified" nite:id="IDIAP_ES2008a_B.foa.32"/>
    <foa endtime="226.84" starttime="225.76" type="person" role="UI" nxt_agent="C" nite:id="IDIAP_ES2008a_B.foa.33"/>
    <foa endtime="228.56" starttime="226.84" type="unspecified" nite:id="IDIAP_ES2008a_B.foa.34"/>
    <foa endtime="229.96" starttime="228.56" type="place" place="table" nite:id="IDIAP_ES2008a_B.foa.35"/>
    <foa endtime="231.92" starttime="229.96" type="place" place="slide-screen" nite:id="IDIAP_ES2008a_B.foa.36"/>
    <foa endtime="233.6" starttime="231.92" type="person" role="UI" nxt_agent="C" nite:id="IDIAP_ES2008a_B.foa.37"/>
    <foa endtime="234.08" starttime="233.6" type="unspecified" nite:id="IDIAP_ES2008a_B.foa.38"/>
    <foa endtime="234.88" starttime="234.08" type="person" role="ME" nxt_agent="D" nite:id="IDIAP_ES2008a_B.foa.39"/>
    <foa endtime="236.12" starttime="234.88" type="place" place="whiteboard" nite:id="IDIAP_ES2008a_B.foa.40"/>
    <foa endtime="243.36" starttime="236.12" type="person" role="UI" nxt_agent="C" nite:id="IDIAP_ES2008a_B.foa.41"/>
    <foa endtime="244.76" starttime="243.36" type="person" role="PM" nxt_agent="A" nite:id="IDIAP_ES2008a_B.foa.42"/>
    <foa endtime="259.24" starttime="244.76" type="person" role="UI" nxt_agent="C" nite:id="IDIAP_ES2008a_B.foa.43"/>
    <foa endtime="260.04" starttime="259.24" type="person" role="PM" nxt_agent="A" nite:id="IDIAP_ES2008a_B.foa.44"/>
    <foa endtime="282.96" starttime="260.04" type="person" role="UI" nxt_agent="C" nite:id="IDIAP_ES2008a_B.foa.45"/>
    <foa endtime="284.08" starttime="282.96" type="unspecified" nite:id="IDIAP_ES2008a_B.foa.46"/>
    <foa endtime="302.76" starttime="284.08" type="person" role="UI" nxt_agent="C" nite:id="IDIAP_ES2008a_B.foa.47"/>
    <foa endtime="304.72" starttime="302.76" type="unspecified" nite:id="IDIAP_ES2008a_B.foa.48"/>
    <foa endtime="306.0" starttime="304.72" type="place" place="table" nite:id="IDIAP_ES2008a_B.foa.49"/>
    <foa endtime="306.72" starttime="306.0" type="person" role="PM" nxt_agent="A" nite:id="IDIAP_ES2008a_B.foa.50"/>
    <foa endtime="316.52" starttime="306.72" type="person" role="ME" nxt_agent="D" nite:id="IDIAP_ES2008a_B.foa.51"/>
    <foa endtime="317.96" starttime="316.52" type="unspecified" nite:id="IDIAP_ES2008a_B.foa.52"/>
    <foa endtime="319.6" starttime="317.96" type="place" place="slide-screen" nite:id="IDIAP_ES2008a_B.foa.53"/>
    <foa endtime="360.4" starttime="319.6" type="person" role="ME" nxt_agent="D" nite:id="IDIAP_ES2008a_B.foa.54"/>
    <foa endtime="361.84" starttime="360.4" type="unspecified" nite:id="IDIAP_ES2008a_B.foa.55"/>
    <foa endtime="370.2" starttime="361.84" type="person" role="ME" nxt_agent="D" nite:id="IDIAP_ES2008a_B.foa.56"/>
    <foa endtime="377.32" starttime="370.2" type="person" role="PM" nxt_agent="A" nite:id="IDIAP_ES2008a_B.foa.57"/>
    <foa endtime="377.8" starttime="377.32" type="unspecified" nite:id="IDIAP_ES2008a_B.foa.58"/>
    <foa endtime="379.68" starttime="377.8" type="person" role="PM" nxt_agent="A" nite:id="IDIAP_ES2008a_B.foa.59"/>
    <foa endtime="380.16" starttime="379.68" type="unspecified" nite:id="IDIAP_ES2008a_B.foa.60"/>
    <foa endtime="381.6" starttime="380.16" type="person" role="PM" nxt_agent="A" nite:id="IDIAP_ES2008a_B.foa.61"/>
    <foa endtime="382.72" starttime="381.6" type="person" role="ME" nxt_agent="D" nite:id="IDIAP_ES2008a_B.foa.62"/>
    <foa endtime="385.64" starttime="382.72" type="place" place="whiteboard" nite:id="IDIAP_ES2008a_B.foa.63"/>
    <foa endtime="402.24" starttime="385.64" type="person" role="PM" nxt_agent="A" nite:id="IDIAP_ES2008a_B.foa.64"/>
    <foa endtime="406.56" starttime="402.24" type="unspecified" nite:id="IDIAP_ES2008a_B.foa.65"/>
    <foa endtime="430.08" starttime="406.56" type="person" role="PM" nxt_agent="A" nite:id="IDIAP_ES2008a_B.foa.66"/>
    <foa endtime="431.24" starttime="430.08" type="place" place="whiteboard" nite:id="IDIAP_ES2008a_B.foa.67"/>
    <foa endtime="432.12" starttime="431.24" type="unspecified" nite:id="IDIAP_ES2008a_B.foa.68"/>
    <foa endtime="434.24" starttime="432.12" type="person" role="PM" nxt_agent="A" nite:id="IDIAP_ES2008a_B.foa.69"/>
    <foa endtime="436.12" starttime="434.24" type="place" place="table" nite:id="IDIAP_ES2008a_B.foa.70"/>
    <foa endtime="436.6" starttime="436.12" type="person" role="PM" nxt_agent="A" nite:id="IDIAP_ES2008a_B.foa.71"/>
    <foa endtime="439.28" starttime="436.6" type="place" place="table" nite:id="IDIAP_ES2008a_B.foa.72"/>
    <foa endtime="439.4" starttime="439.28" type="person" role="PM" nxt_agent="A" nite:id="IDIAP_ES2008a_B.foa.73"/>
    <foa endtime="440.04" starttime="439.4" type="place" place="table" nite:id="IDIAP_ES2008a_B.foa.74"/>
    <foa endtime="443.36" starttime="440.04" type="person" role="PM" nxt_agent="A" nite:id="IDIAP_ES2008a_B.foa.75"/>
    <foa endtime="444.16" starttime="443.36" type="place" place="slide-screen" nite:id="IDIAP_ES2008a_B.foa.76"/>
    <foa endtime="445.12" starttime="444.16" type="place" place="table" nite:id="IDIAP_ES2008a_B.foa.77"/>
    <foa endtime="447.2" starttime="445.12" type="place" place="slide-screen" nite:id="IDIAP_ES2008a_B.foa.78"/>
    <foa endtime="449.88" starttime="447.2" type="person" role="PM" nxt_agent="A" nite:id="IDIAP_ES2008a_B.foa.79"/>
    <foa endtime="451.52" starttime="449.88" type="place" place="slide-screen" nite:id="IDIAP_ES2008a_B.foa.80"/>
    <foa endtime="492.76" starttime="451.52" type="place" place="table" nite:id="IDIAP_ES2008a_B.foa.81"/>
    <foa endtime="496.24" starttime="492.76" type="place" place="slide-screen" nite:id="IDIAP_ES2008a_B.foa.82"/>
    <foa endtime="501.44" starttime="496.24" type="place" place="table" nite:id="IDIAP_ES2008a_B.foa.83"/>
    <foa endtime="504.8" starttime="501.44" type="unspecified" nite:id="IDIAP_ES2008a_B.foa.84"/>
    <foa endtime="508.12" starttime="504.8" type="place" place="table" nite:id="IDIAP_ES2008a_B.foa.85"/>
    <foa endtime="509.08" starttime="508.12" type="place" place="slide-screen" nite:id="IDIAP_ES2008a_B.foa.86"/>
    <foa endtime="511.88" starttime="509.08" type="person" role="PM" nxt_agent="A" nite:id="IDIAP_ES2008a_B.foa.87"/>
    <foa endtime="523.84" starttime="511.88" type="person" role="ME" nxt_agent="D" nite:id="IDIAP_ES2008a_B.foa.88"/>
    <foa endtime="524.88" starttime="523.84" type="person" role="PM" nxt_agent="A" nite:id="IDIAP_ES2008a_B.foa.89"/>
    <foa endtime="527.32" starttime="524.88" type="person" role="ME" nxt_agent="D" nite:id="IDIAP_ES2008a_B.foa.90"/>
    <foa endtime="547.88" starttime="527.32" type="place" place="table" nite:id="IDIAP_ES2008a_B.foa.91"/>
    <foa endtime="548.52" starttime="547.88" type="person" role="ME" nxt_agent="D" nite:id="IDIAP_ES2008a_B.foa.92"/>
    <foa endtime="580.4" starttime="548.52" type="person" role="UI" nxt_agent="C" nite:id="IDIAP_ES2008a_B.foa.93"/>
    <foa endtime="580.88" starttime="580.4" type="person" role="PM" nxt_agent="A" nite:id="IDIAP_ES2008a_B.foa.94"/>
    <foa endtime="582.64" starttime="580.88" type="person" role="ME" nxt_agent="D" nite:id="IDIAP_ES2008a_B.foa.95"/>
    <foa endtime="586.84" starttime="582.64" type="person" role="UI" nxt_agent="C" nite:id="IDIAP_ES2008a_B.foa.96"/>
    <foa endtime="588.12" starttime="586.84" type="unspecified" nite:id="IDIAP_ES2008a_B.foa.97"/>
    <foa endtime="602.52" starttime="588.12" type="person" role="UI" nxt_agent="C" nite:id="IDIAP_ES2008a_B.foa.98"/>
    <foa endtime="603.16" starttime="602.52" type="person" role="PM" nxt_agent="A" nite:id="IDIAP_ES2008a_B.foa.99"/>
    <foa endtime="607.88" starttime="603.16" type="unspecified" nite:id="IDIAP_ES2008a_B.foa.100"/>
    <foa endtime="609.08" starttime="607.88" type="person" role="UI" nxt_agent="C" nite:id="IDIAP_ES2008a_B.foa.101"/>
    <foa endtime="610.96" starttime="609.08" type="unspecified" nite:id="IDIAP_ES2008a_B.foa.102"/>
    <foa endtime="612.24" starttime="610.96" type="person" role="PM" nxt_agent="A" nite:id="IDIAP_ES2008a_B.foa.103"/>
    <foa endtime="613.36" starttime="612.24" type="unspecified" nite:id="IDIAP_ES2008a_B.foa.104"/>
    <foa endtime="614.96" starttime="613.36" type="person" role="UI" nxt_agent="C" nite:id="IDIAP_ES2008a_B.foa.105"/>
    <foa endtime="620.0" starttime="614.96" type="unspecified" nite:id="IDIAP_ES2008a_B.foa.106"/>
    <foa endtime="620.16" starttime="620.0" type="person" role="ME" nxt_agent="D" nite:id="IDIAP_ES2008a_B.foa.107"/>
    <foa endtime="623.2" starttime="620.16" type="unspecified" nite:id="IDIAP_ES2008a_B.foa.108"/>
    <foa endtime="628.0" starttime="623.2" type="person" role="PM" nxt_agent="A" nite:id="IDIAP_ES2008a_B.foa.109"/>
    <foa endtime="630.88" starttime="628.0" type="unspecified" nite:id="IDIAP_ES2008a_B.foa.110"/>
    <foa endtime="633.12" starttime="630.88" type="person" role="PM" nxt_agent="A" nite:id="IDIAP_ES2008a_B.foa.111"/>
    <foa endtime="634.08" starttime="633.12" type="person" role="ME" nxt_agent="D" nite:id="IDIAP_ES2008a_B.foa.112"/>
    <foa endtime="636.32" starttime="634.08" type="unspecified" nite:id="IDIAP_ES2008a_B.foa.113"/>
    <foa endtime="638.16" starttime="636.32" type="person" role="UI" nxt_agent="C" nite:id="IDIAP_ES2008a_B.foa.114"/>
    <foa endtime="638.84" starttime="638.16" type="person" role="ME" nxt_agent="D" nite:id="IDIAP_ES2008a_B.foa.115"/>
    <foa endtime="641.24" starttime="638.84" type="person" role="PM" nxt_agent="A" nite:id="IDIAP_ES2008a_B.foa.116"/>
    <foa endtime="643.32" starttime="641.24" type="unspecified" nite:id="IDIAP_ES2008a_B.foa.117"/>
    <foa endtime="643.96" starttime="643.32" type="person" role="PM" nxt_agent="A" nite:id="IDIAP_ES2008a_B.foa.118"/>
    <foa endtime="645.4" starttime="643.96" type="person" role="ME" nxt_agent="D" nite:id="IDIAP_ES2008a_B.foa.119"/>
    <foa endtime="646.84" starttime="645.4" type="person" role="PM" nxt_agent="A" nite:id="IDIAP_ES2008a_B.foa.120"/>
    <foa endtime="647.48" starttime="646.84" type="person" role="ME" nxt_agent="D" nite:id="IDIAP_ES2008a_B.foa.121"/>
    <foa endtime="647.96" starttime="647.48" type="unspecified" nite:id="IDIAP_ES2008a_B.foa.122"/>
    <foa endtime="650.36" starttime="647.96" type="person" role="PM" nxt_agent="A" nite:id="IDIAP_ES2008a_B.foa.123"/>
    <foa endtime="652.76" starttime="650.36" type="unspecified" nite:id="IDIAP_ES2008a_B.foa.124"/>
    <foa endtime="653.4" starttime="652.76" type="person" role="ME" nxt_agent="D" nite:id="IDIAP_ES2008a_B.foa.125"/>
    <foa endtime="655.32" starttime="653.4" type="unspecified" nite:id="IDIAP_ES2008a_B.foa.126"/>
    <foa endtime="656.92" starttime="655.32" type="person" role="PM" nxt_agent="A" nite:id="IDIAP_ES2008a_B.foa.127"/>
    <foa endtime="658.2" starttime="656.92" type="unspecified" nite:id="IDIAP_ES2008a_B.foa.128"/>
    <foa endtime="666.92" starttime="658.2" type="person" role="ME" nxt_agent="D" nite:id="IDIAP_ES2008a_B.foa.129"/>
    <foa endtime="671.64" starttime="666.92" type="person" role="PM" nxt_agent="A" nite:id="IDIAP_ES2008a_B.foa.130"/>
    <foa endtime="672.64" starttime="671.64" type="person" role="ME" nxt_agent="D" nite:id="IDIAP_ES2008a_B.foa.131"/>
    <foa endtime="673.44" starttime="672.64" type="person" role="PM" nxt_agent="A" nite:id="IDIAP_ES2008a_B.foa.132"/>
    <foa endtime="673.76" starttime="673.44" type="person" role="ME" nxt_agent="D" nite:id="IDIAP_ES2008a_B.foa.133"/>
    <foa endtime="674.4" starttime="673.76" type="person" role="PM" nxt_agent="A" nite:id="IDIAP_ES2008a_B.foa.134"/>
    <foa endtime="675.2" starttime="674.4" type="person" role="ME" nxt_agent="D" nite:id="IDIAP_ES2008a_B.foa.135"/>
    <foa endtime="680.2" starttime="675.2" type="person" role="PM" nxt_agent="A" nite:id="IDIAP_ES2008a_B.foa.136"/>
    <foa endtime="681.36" starttime="680.2" type="person" role="ME" nxt_agent="D" nite:id="IDIAP_ES2008a_B.foa.137"/>
    <foa endtime="681.84" starttime="681.36" type="person" role="PM" nxt_agent="A" nite:id="IDIAP_ES2008a_B.foa.138"/>
    <foa endtime="682.32" starttime="681.84" type="person" role="ME" nxt_agent="D" nite:id="IDIAP_ES2008a_B.foa.139"/>
    <foa endtime="683.08" starttime="682.32" type="unspecified" nite:id="IDIAP_ES2008a_B.foa.140"/>
    <foa endtime="684.64" starttime="683.08" type="person" role="PM" nxt_agent="A" nite:id="IDIAP_ES2008a_B.foa.141"/>
    <foa endtime="685.92" starttime="684.64" type="place" place="slide-screen" nite:id="IDIAP_ES2008a_B.foa.142"/>
    <foa endtime="685.92" starttime="685.92" type="person" role="PM" nxt_agent="A" nite:id="IDIAP_ES2008a_B.foa.143"/>
    <foa endtime="687.36" starttime="685.92" type="person" role="PM" nxt_agent="A" nite:id="IDIAP_ES2008a_B.foa.144"/>
    <foa endtime="688.32" starttime="687.36" type="unspecified" nite:id="IDIAP_ES2008a_B.foa.145"/>
    <foa endtime="688.8" starttime="688.32" type="person" role="PM" nxt_agent="A" nite:id="IDIAP_ES2008a_B.foa.146"/>
    <foa endtime="697.44" starttime="688.8" type="place" place="table" nite:id="IDIAP_ES2008a_B.foa.147"/>
    <foa endtime="704.92" starttime="697.44" type="person" role="PM" nxt_agent="A" nite:id="IDIAP_ES2008a_B.foa.148"/>
    <foa endtime="706.32" starttime="704.92" type="person" role="ME" nxt_agent="D" nite:id="IDIAP_ES2008a_B.foa.149"/>
    <foa endtime="708.08" starttime="706.32" type="person" role="PM" nxt_agent="A" nite:id="IDIAP_ES2008a_B.foa.150"/>
    <foa endtime="713.0" starttime="708.08" type="unspecified" nite:id="IDIAP_ES2008a_B.foa.151"/>
    <foa endtime="714.04" starttime="713.0" type="person" role="UI" nxt_agent="C" nite:id="IDIAP_ES2008a_B.foa.152"/>
    <foa endtime="716.44" starttime="714.04" type="person" role="PM" nxt_agent="A" nite:id="IDIAP_ES2008a_B.foa.153"/>
    <foa endtime="716.76" starttime="716.44" type="person" role="ME" nxt_agent="D" nite:id="IDIAP_ES2008a_B.foa.154"/>
    <foa endtime="717.56" starttime="716.76" type="person" role="PM" nxt_agent="A" nite:id="IDIAP_ES2008a_B.foa.155"/>
    <foa endtime="719.8" starttime="717.56" type="unspecified" nite:id="IDIAP_ES2008a_B.foa.156"/>
    <foa endtime="720.44" starttime="719.8" type="person" role="PM" nxt_agent="A" nite:id="IDIAP_ES2008a_B.foa.157"/>
    <foa endtime="721.72" starttime="720.44" type="unspecified" nite:id="IDIAP_ES2008a_B.foa.158"/>
    <foa endtime="727.48" starttime="721.72" type="person" role="PM" nxt_agent="A" nite:id="IDIAP_ES2008a_B.foa.159"/>
    <foa endtime="727.8" starttime="727.48" type="person" role="ME" nxt_agent="D" nite:id="IDIAP_ES2008a_B.foa.160"/>
    <foa endtime="729.72" starttime="727.8" type="person" role="PM" nxt_agent="A" nite:id="IDIAP_ES2008a_B.foa.161"/>
    <foa endtime="735.6" starttime="729.72" type="person" role="ME" nxt_agent="D" nite:id="IDIAP_ES2008a_B.foa.162"/>
    <foa endtime="736.6" starttime="735.6" type="person" role="UI" nxt_agent="C" nite:id="IDIAP_ES2008a_B.foa.163"/>
    <foa endtime="753.2" starttime="736.6" type="person" role="ME" nxt_agent="D" nite:id="IDIAP_ES2008a_B.foa.164"/>
    <foa endtime="754.88" starttime="753.2" type="unspecified" nite:id="IDIAP_ES2008a_B.foa.165"/>
    <foa endtime="755.68" starttime="754.88" type="person" role="ME" nxt_agent="D" nite:id="IDIAP_ES2008a_B.foa.166"/>
    <foa endtime="757.04" starttime="755.68" type="person" role="UI" nxt_agent="C" nite:id="IDIAP_ES2008a_B.foa.167"/>
    <foa endtime="760.72" starttime="757.04" type="person" role="ME" nxt_agent="D" nite:id="IDIAP_ES2008a_B.foa.168"/>
    <foa endtime="784.28" starttime="760.72" type="person" role="PM" nxt_agent="A" nite:id="IDIAP_ES2008a_B.foa.169"/>
    <foa endtime="788.84" starttime="784.28" type="person" role="UI" nxt_agent="C" nite:id="IDIAP_ES2008a_B.foa.170"/>
    <foa endtime="791.88" starttime="788.84" type="person" role="PM" nxt_agent="A" nite:id="IDIAP_ES2008a_B.foa.171"/>
    <foa endtime="794.36" starttime="791.88" type="person" role="UI" nxt_agent="C" nite:id="IDIAP_ES2008a_B.foa.172"/>
    <foa endtime="794.84" starttime="794.36" type="unspecified" nite:id="IDIAP_ES2008a_B.foa.173"/>
    <foa endtime="799.6" starttime="794.84" type="person" role="UI" nxt_agent="C" nite:id="IDIAP_ES2008a_B.foa.174"/>
    <foa endtime="802.92" starttime="799.6" type="person" role="PM" nxt_agent="A" nite:id="IDIAP_ES2008a_B.foa.175"/>
    <foa endtime="809.0" starttime="802.92" type="person" role="UI" nxt_agent="C" nite:id="IDIAP_ES2008a_B.foa.176"/>
    <foa endtime="815.6" starttime="809.0" type="person" role="PM" nxt_agent="A" nite:id="IDIAP_ES2008a_B.foa.177"/>
    <foa endtime="816.24" starttime="815.6" type="unspecified" nite:id="IDIAP_ES2008a_B.foa.178"/>
    <foa endtime="816.88" starttime="816.24" type="person" role="PM" nxt_agent="A" nite:id="IDIAP_ES2008a_B.foa.179"/>
    <foa endtime="818.0" starttime="816.88" type="person" role="ME" nxt_agent="D" nite:id="IDIAP_ES2008a_B.foa.180"/>
    <foa endtime="834.12" starttime="818.0" type="place" place="table" nite:id="IDIAP_ES2008a_B.foa.181"/>
    <foa endtime="834.92" starttime="834.12" type="person" role="UI" nxt_agent="C" nite:id="IDIAP_ES2008a_B.foa.182"/>
    <foa endtime="839.56" starttime="834.92" type="place" place="table" nite:id="IDIAP_ES2008a_B.foa.183"/>
    <foa endtime="848.44" starttime="839.56" type="person" role="UI" nxt_agent="C" nite:id="IDIAP_ES2008a_B.foa.184"/>
    <foa endtime="853.52" starttime="848.44" type="person" role="PM" nxt_agent="A" nite:id="IDIAP_ES2008a_B.foa.185"/>
    <foa endtime="854.16" starttime="853.52" type="person" role="ME" nxt_agent="D" nite:id="IDIAP_ES2008a_B.foa.186"/>
    <foa endtime="856.16" starttime="854.16" type="person" role="PM" nxt_agent="A" nite:id="IDIAP_ES2008a_B.foa.187"/>
    <foa endtime="856.96" starttime="856.16" type="unspecified" nite:id="IDIAP_ES2008a_B.foa.188"/>
    <foa endtime="857.44" starttime="856.96" type="person" role="PM" nxt_agent="A" nite:id="IDIAP_ES2008a_B.foa.189"/>
    <foa endtime="859.44" starttime="857.44" type="person" role="ME" nxt_agent="D" nite:id="IDIAP_ES2008a_B.foa.190"/>
    <foa endtime="860.96" starttime="859.44" type="person" role="UI" nxt_agent="C" nite:id="IDIAP_ES2008a_B.foa.191"/>
    <foa endtime="861.6" starttime="860.96" type="person" role="ME" nxt_agent="D" nite:id="IDIAP_ES2008a_B.foa.192"/>
    <foa endtime="861.76" starttime="861.6" type="person" role="PM" nxt_agent="A" nite:id="IDIAP_ES2008a_B.foa.193"/>
    <foa endtime="865.64" starttime="861.76" type="person" role="ME" nxt_agent="D" nite:id="IDIAP_ES2008a_B.foa.194"/>
    <foa endtime="865.96" starttime="865.64" type="person" role="PM" nxt_agent="A" nite:id="IDIAP_ES2008a_B.foa.195"/>
    <foa endtime="868.04" starttime="865.96" type="person" role="ME" nxt_agent="D" nite:id="IDIAP_ES2008a_B.foa.196"/>
    <foa endtime="868.52" starttime="868.04" type="person" role="PM" nxt_agent="A" nite:id="IDIAP_ES2008a_B.foa.197"/>
    <foa endtime="869.48" starttime="868.52" type="person" role="ME" nxt_agent="D" nite:id="IDIAP_ES2008a_B.foa.198"/>
    <foa endtime="870.6" starttime="869.48" type="person" role="PM" nxt_agent="A" nite:id="IDIAP_ES2008a_B.foa.199"/>
    <foa endtime="871.08" starttime="870.6" type="place" place="table" nite:id="IDIAP_ES2008a_B.foa.200"/>
    <foa endtime="871.4" starttime="871.08" type="unspecified" nite:id="IDIAP_ES2008a_B.foa.201"/>
    <foa endtime="871.72" starttime="871.4" type="person" role="ME" nxt_agent="D" nite:id="IDIAP_ES2008a_B.foa.202"/>
    <foa endtime="872.36" starttime="871.72" type="place" place="table" nite:id="IDIAP_ES2008a_B.foa.203"/>
    <foa endtime="874.6" starttime="872.36" type="person" role="UI" nxt_agent="C" nite:id="IDIAP_ES2008a_B.foa.204"/>
    <foa endtime="877.04" starttime="874.6" type="person" role="ME" nxt_agent="D" nite:id="IDIAP_ES2008a_B.foa.205"/>
    <foa endtime="877.52" starttime="877.04" type="person" role="PM" nxt_agent="A" nite:id="IDIAP_ES2008a_B.foa.206"/>
    <foa endtime="878.48" starttime="877.52" type="person" role="ME" nxt_agent="D" nite:id="IDIAP_ES2008a_B.foa.207"/>
    <foa endtime="880.28" starttime="878.48" type="place" place="table" nite:id="IDIAP_ES2008a_B.foa.208"/>
    <foa endtime="880.92" starttime="880.28" type="person" role="PM" nxt_agent="A" nite:id="IDIAP_ES2008a_B.foa.209"/>
    <foa endtime="884.12" starttime="880.92" type="place" place="table" nite:id="IDIAP_ES2008a_B.foa.210"/>
    <foa endtime="893.36" starttime="884.12" type="place" place="slide-screen" nite:id="IDIAP_ES2008a_B.foa.211"/>
    <foa endtime="894.6" starttime="893.36" type="person" role="PM" nxt_agent="A" nite:id="IDIAP_ES2008a_B.foa.212"/>
    <foa endtime="895.64" starttime="894.6" type="place" place="table" nite:id="IDIAP_ES2008a_B.foa.213"/>
    <foa endtime="898.92" starttime="895.64" type="person" role="PM" nxt_agent="A" nite:id="IDIAP_ES2008a_B.foa.214"/>
    <foa endtime="900.68" starttime="898.92" type="place" place="table" nite:id="IDIAP_ES2008a_B.foa.215"/>
    <foa endtime="905.12" starttime="900.68" type="place" place="slide-screen" nite:id="IDIAP_ES2008a_B.foa.216"/>
    <foa endtime="906.8" starttime="905.12" type="person" role="PM" nxt_agent="A" nite:id="IDIAP_ES2008a_B.foa.217"/>
    <foa endtime="929.8" starttime="906.8" type="place" place="table" nite:id="IDIAP_ES2008a_B.foa.218"/>
    <foa endtime="931.44" starttime="929.8" type="place" place="slide-screen" nite:id="IDIAP_ES2008a_B.foa.219"/>
    <foa endtime="932.28" starttime="931.44" type="place" place="table" nite:id="IDIAP_ES2008a_B.foa.220"/>
    <foa endtime="937.28" starttime="932.28" type="place" place="slide-screen" nite:id="IDIAP_ES2008a_B.foa.221"/>
    <foa endtime="938.24" starttime="937.28" type="person" role="PM" nxt_agent="A" nite:id="IDIAP_ES2008a_B.foa.222"/>
    <foa endtime="940.6" starttime="938.24" type="place" place="table" nite:id="IDIAP_ES2008a_B.foa.223"/>
    <foa endtime="943.16" starttime="940.6" type="person" role="PM" nxt_agent="A" nite:id="IDIAP_ES2008a_B.foa.224"/>
    <foa endtime="944.28" starttime="943.16" type="unspecified" nite:id="IDIAP_ES2008a_B.foa.225"/>
    <foa endtime="946.92" starttime="944.28" type="place" place="table" nite:id="IDIAP_ES2008a_B.foa.226"/>
    <foa endtime="948.76" starttime="946.92" type="place" place="slide-screen" nite:id="IDIAP_ES2008a_B.foa.227"/>
    <foa endtime="950.52" starttime="948.76" type="place" place="table" nite:id="IDIAP_ES2008a_B.foa.228"/>
    <foa endtime="951.32" starttime="950.52" type="place" place="slide-screen" nite:id="IDIAP_ES2008a_B.foa.229"/>
    <foa endtime="953.36" starttime="951.32" type="place" place="table" nite:id="IDIAP_ES2008a_B.foa.230"/>
    <foa endtime="954.52" starttime="953.36" type="place" place="slide-screen" nite:id="IDIAP_ES2008a_B.foa.231"/>
    <foa endtime="959.12" starttime="954.52" type="place" place="table" nite:id="IDIAP_ES2008a_B.foa.232"/>
    <foa endtime="960.24" starttime="959.12" type="place" place="slide-screen" nite:id="IDIAP_ES2008a_B.foa.233"/>
    <foa endtime="973.44" starttime="960.24" type="place" place="table" nite:id="IDIAP_ES2008a_B.foa.234"/>
    <foa endtime="974.92" starttime="973.44" type="person" role="UI" nxt_agent="C" nite:id="IDIAP_ES2008a_B.foa.235"/>
    <foa endtime="976.32" starttime="974.92" type="person" role="PM" nxt_agent="A" nite:id="IDIAP_ES2008a_B.foa.236"/>
    <foa endtime="980.52" starttime="976.32" type="place" place="table" nite:id="IDIAP_ES2008a_B.foa.237"/>
    <foa endtime="983.24" starttime="980.52" type="person" role="PM" nxt_agent="A" nite:id="IDIAP_ES2008a_B.foa.238"/>
    <foa endtime="986.84" starttime="983.24" type="place" place="table" nite:id="IDIAP_ES2008a_B.foa.239"/>
    <foa endtime="987.32" starttime="986.84" type="person" role="PM" nxt_agent="A" nite:id="IDIAP_ES2008a_B.foa.240"/>
    <foa endtime="987.96" starttime="987.32" type="person" role="ME" nxt_agent="D" nite:id="IDIAP_ES2008a_B.foa.241"/>
    <foa endtime="990.72" starttime="987.96" type="person" role="PM" nxt_agent="A" nite:id="IDIAP_ES2008a_B.foa.242"/>
    <foa endtime="992.0" starttime="990.72" type="place" place="table" nite:id="IDIAP_ES2008a_B.foa.243"/>
    <foa endtime="992.64" starttime="992.0" type="person" role="PM" nxt_agent="A" nite:id="IDIAP_ES2008a_B.foa.244"/>
    <foa endtime="994.56" starttime="992.64" type="person" role="UI" nxt_agent="C" nite:id="IDIAP_ES2008a_B.foa.245"/>
    <foa endtime="995.2" starttime="994.56" type="person" role="PM" nxt_agent="A" nite:id="IDIAP_ES2008a_B.foa.246"/>
    <foa endtime="996.0" starttime="995.2" type="unspecified" nite:id="IDIAP_ES2008a_B.foa.247"/>
    <foa endtime="996.64" starttime="996.0" type="person" role="PM" nxt_agent="A" nite:id="IDIAP_ES2008a_B.foa.248"/>
    <foa endtime="997.84" starttime="996.64" type="place" place="table" nite:id="IDIAP_ES2008a_B.foa.249"/>
    <foa endtime="998.32" starttime="997.84" type="person" role="PM" nxt_agent="A" nite:id="IDIAP_ES2008a_B.foa.250"/>
    <foa endtime="1000.72" starttime="998.32" type="unspecified" nite:id="IDIAP_ES2008a_B.foa.251"/>
    <foa endtime="1006.64" starttime="1000.72" type="person" role="PM" nxt_agent="A" nite:id="IDIAP_ES2008a_B.foa.252"/>
    <foa endtime="1008.04" starttime="1006.64" type="person" role="UI" nxt_agent="C" nite:id="IDIAP_ES2008a_B.foa.253"/>
    <foa endtime="1012.16" starttime="1008.04" type="person" role="PM" nxt_agent="A" nite:id="IDIAP_ES2008a_B.foa.254"/>
    <foa endtime="1012.52" starttime="1012.16" type="person" role="UI" nxt_agent="C" nite:id="IDIAP_ES2008a_B.foa.255"/>
    <foa endtime="1015.52" starttime="1012.52" type="person" role="PM" nxt_agent="A" nite:id="IDIAP_ES2008a_B.foa.256"/>
    <foa endtime="1016.6" starttime="1015.52" type="place" place="table" nite:id="IDIAP_ES2008a_B.foa.257"/>
    <foa endtime="1017.56" starttime="1016.6" type="person" role="ME" nxt_agent="D" nite:id="IDIAP_ES2008a_B.foa.258"/>
    <foa endtime="1018.68" starttime="1017.56" type="person" role="PM" nxt_agent="A" nite:id="IDIAP_ES2008a_B.foa.259"/>
    <foa endtime="1019.64" starttime="1018.68" type="unspecified" nite:id="IDIAP_ES2008a_B.foa.260"/>
    <foa endtime="1020.92" starttime="1019.64" type="person" role="PM" nxt_agent="A" nite:id="IDIAP_ES2008a_B.foa.261"/>
    <foa endtime="1021.72" starttime="1020.92" type="place" place="table" nite:id="IDIAP_ES2008a_B.foa.262"/>
    <foa endtime="1022.84" starttime="1021.72" type="person" role="PM" nxt_agent="A" nite:id="IDIAP_ES2008a_B.foa.263"/>
    <foa endtime="1026.2" starttime="1022.84" type="unspecified" nite:id="IDIAP_ES2008a_B.foa.264"/>
    <foa endtime="1031.0" starttime="1026.2" type="place" place="table" nite:id="IDIAP_ES2008a_B.foa.265"/>
    <foa endtime="1031.64" starttime="1031.0" type="person" role="PM" nxt_agent="A" nite:id="IDIAP_ES2008a_B.foa.266"/>
    <foa endtime="1032.44" starttime="1031.64" type="unspecified" nite:id="IDIAP_ES2008a_B.foa.267"/>
    <foa endtime="1033.4" starttime="1032.44" type="place" place="table" nite:id="IDIAP_ES2008a_B.foa.268"/>
    <foa endtime="1035.4" starttime="1033.4" type="person" role="PM" nxt_agent="A" nite:id="IDIAP_ES2008a_B.foa.269"/>
    <foa endtime="1036.16" starttime="1035.4" type="place" place="table" nite:id="IDIAP_ES2008a_B.foa.270"/>
    <foa endtime="1036.32" starttime="1036.16" type="person" role="PM" nxt_agent="A" nite:id="IDIAP_ES2008a_B.foa.271"/>
    <foa endtime="1037.56" starttime="1036.32" type="place" place="slide-screen" nite:id="IDIAP_ES2008a_B.foa.272"/>
    <foa endtime="1038.04" starttime="1037.56" type="person" role="PM" nxt_agent="A" nite:id="IDIAP_ES2008a_B.foa.273"/>
    <foa endtime="1051.0" starttime="1038.04" type="place" place="table" nite:id="IDIAP_ES2008a_B.foa.274"/>
</nite:root>
