<?xml version="1.0" encoding="UTF-8"?>
<nite:root xmlns:nite="http://nite.sourceforge.net/" nite:id="natasa_IS1001c_A.nite:root.1">
    <foa endtime="23.64" starttime="0.0" type="unspecified" nite:id="natasa_IS1001c_A.foa.1"/>
    <foa endtime="24.88" starttime="23.64" type="person" role="UI" nxt_agent="C" nite:id="natasa_IS1001c_A.foa.2"/>
    <foa endtime="26.88" starttime="24.88" type="place" place="table" nite:id="natasa_IS1001c_A.foa.3"/>
    <foa endtime="27.36" starttime="26.88" type="person" role="ID" nxt_agent="B" nite:id="natasa_IS1001c_A.foa.4"/>
    <foa endtime="28.2" starttime="27.36" type="place" place="table" nite:id="natasa_IS1001c_A.foa.5"/>
    <foa endtime="28.44" starttime="28.2" type="person" role="ID" nxt_agent="B" nite:id="natasa_IS1001c_A.foa.6"/>
    <foa endtime="29.12" starttime="28.44" type="unspecified" nite:id="natasa_IS1001c_A.foa.7"/>
    <foa endtime="31.16" starttime="29.12" type="place" place="table" nite:id="natasa_IS1001c_A.foa.8"/>
    <foa endtime="31.4" starttime="31.16" type="person" role="ID" nxt_agent="B" nite:id="natasa_IS1001c_A.foa.9"/>
    <foa endtime="31.76" starttime="31.4" type="person" role="ME" nxt_agent="D" nite:id="natasa_IS1001c_A.foa.10"/>
    <foa endtime="32.48" starttime="31.76" type="person" role="UI" nxt_agent="C" nite:id="natasa_IS1001c_A.foa.11"/>
    <foa endtime="43.2" starttime="32.48" type="place" place="table" nite:id="natasa_IS1001c_A.foa.12"/>
    <foa endtime="44.08" starttime="43.2" type="place" place="slide-screen" nite:id="natasa_IS1001c_A.foa.13"/>
    <foa endtime="44.8" starttime="44.08" type="person" role="ME" nxt_agent="D" nite:id="natasa_IS1001c_A.foa.14"/>
    <foa endtime="59.92" starttime="44.8" type="place" place="table" nite:id="natasa_IS1001c_A.foa.15"/>
    <foa endtime="60.16" starttime="59.92" type="person" role="ID" nxt_agent="B" nite:id="natasa_IS1001c_A.foa.16"/>
    <foa endtime="60.4" starttime="60.16" type="unspecified" nite:id="natasa_IS1001c_A.foa.17"/>
    <foa endtime="61.08" starttime="60.4" type="person" role="UI" nxt_agent="C" nite:id="natasa_IS1001c_A.foa.18"/>
    <foa endtime="69.12" starttime="61.08" type="place" place="table" nite:id="natasa_IS1001c_A.foa.19"/>
    <foa endtime="70.4" starttime="69.12" type="person" role="ID" nxt_agent="B" nite:id="natasa_IS1001c_A.foa.20"/>
    <foa endtime="77.72" starttime="70.4" type="place" place="table" nite:id="natasa_IS1001c_A.foa.21"/>
    <foa endtime="81.4" starttime="77.72" type="place" place="slide-screen" nite:id="natasa_IS1001c_A.foa.22"/>
    <foa endtime="82.0" starttime="81.4" type="person" role="ID" nxt_agent="B" nite:id="natasa_IS1001c_A.foa.23"/>
    <foa endtime="92.08" starttime="82.0" type="place" place="table" nite:id="natasa_IS1001c_A.foa.24"/>
    <foa endtime="102.4" starttime="92.08" type="place" place="slide-screen" nite:id="natasa_IS1001c_A.foa.25"/>
    <foa endtime="102.64" starttime="102.4" type="unspecified" nite:id="natasa_IS1001c_A.foa.26"/>
    <foa endtime="103.68" starttime="102.64" type="person" role="ME" nxt_agent="D" nite:id="natasa_IS1001c_A.foa.27"/>
    <foa endtime="104.12" starttime="103.68" type="person" role="ID" nxt_agent="B" nite:id="natasa_IS1001c_A.foa.28"/>
    <foa endtime="110.56" starttime="104.12" type="place" place="slide-screen" nite:id="natasa_IS1001c_A.foa.29"/>
    <foa endtime="115.6" starttime="110.56" type="place" place="table" nite:id="natasa_IS1001c_A.foa.30"/>
    <foa endtime="119.6" starttime="115.6" type="place" place="slide-screen" nite:id="natasa_IS1001c_A.foa.31"/>
    <foa endtime="122.96" starttime="119.6" type="place" place="table" nite:id="natasa_IS1001c_A.foa.32"/>
    <foa endtime="123.44" starttime="122.96" type="person" role="ID" nxt_agent="B" nite:id="natasa_IS1001c_A.foa.33"/>
    <foa endtime="127.2" starttime="123.44" type="place" place="table" nite:id="natasa_IS1001c_A.foa.34"/>
    <foa endtime="128.8" starttime="127.2" type="place" place="slide-screen" nite:id="natasa_IS1001c_A.foa.35"/>
    <foa endtime="130.36" starttime="128.8" type="place" place="table" nite:id="natasa_IS1001c_A.foa.36"/>
    <foa endtime="137.56" starttime="130.36" type="place" place="slide-screen" nite:id="natasa_IS1001c_A.foa.37"/>
    <foa endtime="138.04" starttime="137.56" type="person" role="ID" nxt_agent="B" nite:id="natasa_IS1001c_A.foa.38"/>
    <foa endtime="142.28" starttime="138.04" type="place" place="slide-screen" nite:id="natasa_IS1001c_A.foa.39"/>
    <foa endtime="142.64" starttime="142.28" type="unspecified" nite:id="natasa_IS1001c_A.foa.40"/>
    <foa endtime="149.8" starttime="142.64" type="person" role="UI" nxt_agent="C" nite:id="natasa_IS1001c_A.foa.41"/>
    <foa endtime="151.84" starttime="149.8" type="place" place="table" nite:id="natasa_IS1001c_A.foa.42"/>
    <foa endtime="154.28" starttime="151.84" type="place" place="slide-screen" nite:id="natasa_IS1001c_A.foa.43"/>
    <foa endtime="155.28" starttime="154.28" type="person" role="ME" nxt_agent="D" nite:id="natasa_IS1001c_A.foa.44"/>
    <foa endtime="155.64" starttime="155.28" type="person" role="ID" nxt_agent="B" nite:id="natasa_IS1001c_A.foa.45"/>
    <foa endtime="157.0" starttime="155.64" type="place" place="table" nite:id="natasa_IS1001c_A.foa.46"/>
    <foa endtime="157.96" starttime="157.0" type="place" place="slide-screen" nite:id="natasa_IS1001c_A.foa.47"/>
    <foa endtime="158.92" starttime="157.96" type="person" role="ID" nxt_agent="B" nite:id="natasa_IS1001c_A.foa.48"/>
    <foa endtime="159.28" starttime="158.92" type="place" place="table" nite:id="natasa_IS1001c_A.foa.49"/>
    <foa endtime="159.96" starttime="159.28" type="person" role="ID" nxt_agent="B" nite:id="natasa_IS1001c_A.foa.50"/>
    <foa endtime="163.76" starttime="159.96" type="place" place="table" nite:id="natasa_IS1001c_A.foa.51"/>
    <foa endtime="172.88" starttime="163.76" type="place" place="slide-screen" nite:id="natasa_IS1001c_A.foa.52"/>
    <foa endtime="173.48" starttime="172.88" type="person" role="ID" nxt_agent="B" nite:id="natasa_IS1001c_A.foa.53"/>
    <foa endtime="176.76" starttime="173.48" type="place" place="table" nite:id="natasa_IS1001c_A.foa.54"/>
    <foa endtime="177.24" starttime="176.76" type="person" role="ID" nxt_agent="B" nite:id="natasa_IS1001c_A.foa.55"/>
    <foa endtime="179.0" starttime="177.24" type="place" place="table" nite:id="natasa_IS1001c_A.foa.56"/>
    <foa endtime="179.24" starttime="179.0" type="person" role="ID" nxt_agent="B" nite:id="natasa_IS1001c_A.foa.57"/>
    <foa endtime="194.12" starttime="179.24" type="place" place="table" nite:id="natasa_IS1001c_A.foa.58"/>
    <foa endtime="194.36" starttime="194.12" type="person" role="ID" nxt_agent="B" nite:id="natasa_IS1001c_A.foa.59"/>
    <foa endtime="198.84" starttime="194.36" type="place" place="table" nite:id="natasa_IS1001c_A.foa.60"/>
    <foa endtime="199.72" starttime="198.84" type="person" role="ID" nxt_agent="B" nite:id="natasa_IS1001c_A.foa.61"/>
    <foa endtime="202.88" starttime="199.72" type="place" place="table" nite:id="natasa_IS1001c_A.foa.62"/>
    <foa endtime="203.36" starttime="202.88" type="person" role="ID" nxt_agent="B" nite:id="natasa_IS1001c_A.foa.63"/>
    <foa endtime="208.32" starttime="203.36" type="place" place="table" nite:id="natasa_IS1001c_A.foa.64"/>
    <foa endtime="209.2" starttime="208.32" type="person" role="ID" nxt_agent="B" nite:id="natasa_IS1001c_A.foa.65"/>
    <foa endtime="213.28" starttime="209.2" type="place" place="table" nite:id="natasa_IS1001c_A.foa.66"/>
    <foa endtime="213.52" starttime="213.28" type="person" role="ID" nxt_agent="B" nite:id="natasa_IS1001c_A.foa.67"/>
    <foa endtime="248.4" starttime="213.52" type="place" place="table" nite:id="natasa_IS1001c_A.foa.68"/>
    <foa endtime="249.76" starttime="248.4" type="person" role="ID" nxt_agent="B" nite:id="natasa_IS1001c_A.foa.69"/>
    <foa endtime="250.36" starttime="249.76" type="place" place="table" nite:id="natasa_IS1001c_A.foa.70"/>
    <foa endtime="250.96" starttime="250.36" type="person" role="ID" nxt_agent="B" nite:id="natasa_IS1001c_A.foa.71"/>
    <foa endtime="252.04" starttime="250.96" type="person" role="UI" nxt_agent="C" nite:id="natasa_IS1001c_A.foa.72"/>
    <foa endtime="252.6" starttime="252.04" type="person" role="ID" nxt_agent="B" nite:id="natasa_IS1001c_A.foa.73"/>
    <foa endtime="254.2" starttime="252.6" type="place" place="slide-screen" nite:id="natasa_IS1001c_A.foa.74"/>
    <foa endtime="257.28" starttime="254.2" type="person" role="ID" nxt_agent="B" nite:id="natasa_IS1001c_A.foa.75"/>
    <foa endtime="259.16" starttime="257.28" type="place" place="table" nite:id="natasa_IS1001c_A.foa.76"/>
    <foa endtime="263.36" starttime="259.16" type="person" role="ID" nxt_agent="B" nite:id="natasa_IS1001c_A.foa.77"/>
    <foa endtime="263.84" starttime="263.36" type="unspecified" nite:id="natasa_IS1001c_A.foa.78"/>
    <foa endtime="264.52" starttime="263.84" type="place" place="slide-screen" nite:id="natasa_IS1001c_A.foa.79"/>
    <foa endtime="269.52" starttime="264.52" type="person" role="ID" nxt_agent="B" nite:id="natasa_IS1001c_A.foa.80"/>
    <foa endtime="277.08" starttime="269.52" type="place" place="table" nite:id="natasa_IS1001c_A.foa.81"/>
    <foa endtime="281.16" starttime="277.08" type="person" role="ID" nxt_agent="B" nite:id="natasa_IS1001c_A.foa.82"/>
    <foa endtime="281.76" starttime="281.16" type="unspecified" nite:id="natasa_IS1001c_A.foa.83"/>
    <foa endtime="283.4" starttime="281.76" type="person" role="ID" nxt_agent="B" nite:id="natasa_IS1001c_A.foa.84"/>
    <foa endtime="284.12" starttime="283.4" type="unspecified" nite:id="natasa_IS1001c_A.foa.85"/>
    <foa endtime="285.6" starttime="284.12" type="person" role="ID" nxt_agent="B" nite:id="natasa_IS1001c_A.foa.86"/>
    <foa endtime="286.76" starttime="285.6" type="person" role="UI" nxt_agent="C" nite:id="natasa_IS1001c_A.foa.87"/>
    <foa endtime="288.24" starttime="286.76" type="person" role="ID" nxt_agent="B" nite:id="natasa_IS1001c_A.foa.88"/>
    <foa endtime="289.36" starttime="288.24" type="place" place="table" nite:id="natasa_IS1001c_A.foa.89"/>
    <foa endtime="289.84" starttime="289.36" type="person" role="ID" nxt_agent="B" nite:id="natasa_IS1001c_A.foa.90"/>
    <foa endtime="294.08" starttime="289.84" type="person" role="UI" nxt_agent="C" nite:id="natasa_IS1001c_A.foa.91"/>
    <foa endtime="295.16" starttime="294.08" type="person" role="ID" nxt_agent="B" nite:id="natasa_IS1001c_A.foa.92"/>
    <foa endtime="295.64" starttime="295.16" type="place" place="table" nite:id="natasa_IS1001c_A.foa.93"/>
    <foa endtime="295.88" starttime="295.64" type="person" role="ID" nxt_agent="B" nite:id="natasa_IS1001c_A.foa.94"/>
    <foa endtime="297.84" starttime="295.88" type="place" place="table" nite:id="natasa_IS1001c_A.foa.95"/>
    <foa endtime="299.16" starttime="297.84" type="person" role="UI" nxt_agent="C" nite:id="natasa_IS1001c_A.foa.96"/>
    <foa endtime="300.36" starttime="299.16" type="place" place="table" nite:id="natasa_IS1001c_A.foa.97"/>
    <foa endtime="301.76" starttime="300.36" type="person" role="UI" nxt_agent="C" nite:id="natasa_IS1001c_A.foa.98"/>
    <foa endtime="302.28" starttime="301.76" type="person" role="ID" nxt_agent="B" nite:id="natasa_IS1001c_A.foa.99"/>
    <foa endtime="309.32" starttime="302.28" type="person" role="UI" nxt_agent="C" nite:id="natasa_IS1001c_A.foa.100"/>
    <foa endtime="310.52" starttime="309.32" type="place" place="table" nite:id="natasa_IS1001c_A.foa.101"/>
    <foa endtime="311.32" starttime="310.52" type="person" role="ID" nxt_agent="B" nite:id="natasa_IS1001c_A.foa.102"/>
    <foa endtime="312.32" starttime="311.32" type="place" place="table" nite:id="natasa_IS1001c_A.foa.103"/>
    <foa endtime="314.88" starttime="312.32" type="person" role="UI" nxt_agent="C" nite:id="natasa_IS1001c_A.foa.104"/>
    <foa endtime="316.08" starttime="314.88" type="unspecified" nite:id="natasa_IS1001c_A.foa.105"/>
    <foa endtime="319.56" starttime="316.08" type="person" role="UI" nxt_agent="C" nite:id="natasa_IS1001c_A.foa.106"/>
    <foa endtime="320.12" starttime="319.56" type="unspecified" nite:id="natasa_IS1001c_A.foa.107"/>
    <foa endtime="327.8" starttime="320.12" type="person" role="ID" nxt_agent="B" nite:id="natasa_IS1001c_A.foa.108"/>
    <foa endtime="328.76" starttime="327.8" type="unspecified" nite:id="natasa_IS1001c_A.foa.109"/>
    <foa endtime="331.28" starttime="328.76" type="person" role="UI" nxt_agent="C" nite:id="natasa_IS1001c_A.foa.110"/>
    <foa endtime="340.12" starttime="331.28" type="place" place="table" nite:id="natasa_IS1001c_A.foa.111"/>
    <foa endtime="343.12" starttime="340.12" type="person" role="ID" nxt_agent="B" nite:id="natasa_IS1001c_A.foa.112"/>
    <foa endtime="345.0" starttime="343.12" type="person" role="UI" nxt_agent="C" nite:id="natasa_IS1001c_A.foa.113"/>
    <foa endtime="346.4" starttime="345.0" type="place" place="table" nite:id="natasa_IS1001c_A.foa.114"/>
    <foa endtime="347.64" starttime="346.4" type="place" place="slide-screen" nite:id="natasa_IS1001c_A.foa.115"/>
    <foa endtime="348.24" starttime="347.64" type="person" role="ID" nxt_agent="B" nite:id="natasa_IS1001c_A.foa.116"/>
    <foa endtime="348.92" starttime="348.24" type="place" place="slide-screen" nite:id="natasa_IS1001c_A.foa.117"/>
    <foa endtime="349.76" starttime="348.92" type="person" role="ID" nxt_agent="B" nite:id="natasa_IS1001c_A.foa.118"/>
    <foa endtime="351.36" starttime="349.76" type="place" place="slide-screen" nite:id="natasa_IS1001c_A.foa.119"/>
    <foa endtime="353.36" starttime="351.36" type="person" role="ID" nxt_agent="B" nite:id="natasa_IS1001c_A.foa.120"/>
    <foa endtime="354.48" starttime="353.36" type="place" place="table" nite:id="natasa_IS1001c_A.foa.121"/>
    <foa endtime="354.96" starttime="354.48" type="person" role="ID" nxt_agent="B" nite:id="natasa_IS1001c_A.foa.122"/>
    <foa endtime="355.56" starttime="354.96" type="place" place="table" nite:id="natasa_IS1001c_A.foa.123"/>
    <foa endtime="357.72" starttime="355.56" type="person" role="ID" nxt_agent="B" nite:id="natasa_IS1001c_A.foa.124"/>
    <foa endtime="381.84" starttime="357.72" type="place" place="table" nite:id="natasa_IS1001c_A.foa.125"/>
    <foa endtime="382.36" starttime="381.84" type="person" role="UI" nxt_agent="C" nite:id="natasa_IS1001c_A.foa.126"/>
    <foa endtime="383.48" starttime="382.36" type="person" role="ID" nxt_agent="B" nite:id="natasa_IS1001c_A.foa.127"/>
    <foa endtime="384.24" starttime="383.48" type="place" place="table" nite:id="natasa_IS1001c_A.foa.128"/>
    <foa endtime="385.48" starttime="384.24" type="person" role="ID" nxt_agent="B" nite:id="natasa_IS1001c_A.foa.129"/>
    <foa endtime="386.24" starttime="385.48" type="person" role="UI" nxt_agent="C" nite:id="natasa_IS1001c_A.foa.130"/>
    <foa endtime="387.08" starttime="386.24" type="person" role="ID" nxt_agent="B" nite:id="natasa_IS1001c_A.foa.131"/>
    <foa endtime="387.84" starttime="387.08" type="unspecified" nite:id="natasa_IS1001c_A.foa.132"/>
    <foa endtime="387.96" starttime="387.84" type="person" role="ID" nxt_agent="B" nite:id="natasa_IS1001c_A.foa.133"/>
    <foa endtime="393.32" starttime="387.96" type="person" role="UI" nxt_agent="C" nite:id="natasa_IS1001c_A.foa.134"/>
    <foa endtime="393.8" starttime="393.32" type="unspecified" nite:id="natasa_IS1001c_A.foa.135"/>
    <foa endtime="395.04" starttime="393.8" type="person" role="UI" nxt_agent="C" nite:id="natasa_IS1001c_A.foa.136"/>
    <foa endtime="395.76" starttime="395.04" type="unspecified" nite:id="natasa_IS1001c_A.foa.137"/>
    <foa endtime="397.68" starttime="395.76" type="person" role="UI" nxt_agent="C" nite:id="natasa_IS1001c_A.foa.138"/>
    <foa endtime="397.96" starttime="397.68" type="unspecified" nite:id="natasa_IS1001c_A.foa.139"/>
    <foa endtime="399.08" starttime="397.96" type="person" role="UI" nxt_agent="C" nite:id="natasa_IS1001c_A.foa.140"/>
    <foa endtime="399.6" starttime="399.08" type="person" role="ID" nxt_agent="B" nite:id="natasa_IS1001c_A.foa.141"/>
    <foa endtime="401.2" starttime="399.6" type="person" role="UI" nxt_agent="C" nite:id="natasa_IS1001c_A.foa.142"/>
    <foa endtime="403.2" starttime="401.2" type="person" role="ID" nxt_agent="B" nite:id="natasa_IS1001c_A.foa.143"/>
    <foa endtime="405.64" starttime="403.2" type="person" role="UI" nxt_agent="C" nite:id="natasa_IS1001c_A.foa.144"/>
    <foa endtime="407.36" starttime="405.64" type="person" role="ID" nxt_agent="B" nite:id="natasa_IS1001c_A.foa.145"/>
    <foa endtime="408.16" starttime="407.36" type="person" role="ME" nxt_agent="D" nite:id="natasa_IS1001c_A.foa.146"/>
    <foa endtime="408.4" starttime="408.16" type="unspecified" nite:id="natasa_IS1001c_A.foa.147"/>
    <foa endtime="408.64" starttime="408.4" type="person" role="UI" nxt_agent="C" nite:id="natasa_IS1001c_A.foa.148"/>
    <foa endtime="409.0" starttime="408.64" type="place" place="table" nite:id="natasa_IS1001c_A.foa.149"/>
    <foa endtime="409.52" starttime="409.0" type="person" role="UI" nxt_agent="C" nite:id="natasa_IS1001c_A.foa.150"/>
    <foa endtime="410.28" starttime="409.52" type="person" role="ID" nxt_agent="B" nite:id="natasa_IS1001c_A.foa.151"/>
    <foa endtime="418.6" starttime="410.28" type="place" place="table" nite:id="natasa_IS1001c_A.foa.152"/>
    <foa endtime="419.0" starttime="418.6" type="person" role="UI" nxt_agent="C" nite:id="natasa_IS1001c_A.foa.153"/>
    <foa endtime="422.16" starttime="419.0" type="place" place="table" nite:id="natasa_IS1001c_A.foa.154"/>
    <foa endtime="422.52" starttime="422.16" type="person" role="ID" nxt_agent="B" nite:id="natasa_IS1001c_A.foa.155"/>
    <foa endtime="424.92" starttime="422.52" type="place" place="table" nite:id="natasa_IS1001c_A.foa.156"/>
    <foa endtime="425.68" starttime="424.92" type="person" role="ID" nxt_agent="B" nite:id="natasa_IS1001c_A.foa.157"/>
    <foa endtime="433.92" starttime="425.68" type="place" place="table" nite:id="natasa_IS1001c_A.foa.158"/>
    <foa endtime="439.24" starttime="433.92" type="person" role="ID" nxt_agent="B" nite:id="natasa_IS1001c_A.foa.159"/>
    <foa endtime="439.84" starttime="439.24" type="person" role="UI" nxt_agent="C" nite:id="natasa_IS1001c_A.foa.160"/>
    <foa endtime="441.2" starttime="439.84" type="place" place="table" nite:id="natasa_IS1001c_A.foa.161"/>
    <foa endtime="441.8" starttime="441.2" type="person" role="ID" nxt_agent="B" nite:id="natasa_IS1001c_A.foa.162"/>
    <foa endtime="442.4" starttime="441.8" type="place" place="table" nite:id="natasa_IS1001c_A.foa.163"/>
    <foa endtime="443.36" starttime="442.4" type="person" role="ID" nxt_agent="B" nite:id="natasa_IS1001c_A.foa.164"/>
    <foa endtime="444.6" starttime="443.36" type="place" place="table" nite:id="natasa_IS1001c_A.foa.165"/>
    <foa endtime="445.68" starttime="444.6" type="person" role="ID" nxt_agent="B" nite:id="natasa_IS1001c_A.foa.166"/>
    <foa endtime="455.76" starttime="445.68" type="place" place="table" nite:id="natasa_IS1001c_A.foa.167"/>
    <foa endtime="464.04" starttime="455.76" type="person" role="ID" nxt_agent="B" nite:id="natasa_IS1001c_A.foa.168"/>
    <foa endtime="464.72" starttime="464.04" type="person" role="ME" nxt_agent="D" nite:id="natasa_IS1001c_A.foa.169"/>
    <foa endtime="465.56" starttime="464.72" type="place" place="table" nite:id="natasa_IS1001c_A.foa.170"/>
    <foa endtime="465.96" starttime="465.56" type="person" role="ID" nxt_agent="B" nite:id="natasa_IS1001c_A.foa.171"/>
    <foa endtime="467.08" starttime="465.96" type="place" place="table" nite:id="natasa_IS1001c_A.foa.172"/>
    <foa endtime="473.44" starttime="467.08" type="person" role="ID" nxt_agent="B" nite:id="natasa_IS1001c_A.foa.173"/>
    <foa endtime="474.96" starttime="473.44" type="person" role="UI" nxt_agent="C" nite:id="natasa_IS1001c_A.foa.174"/>
    <foa endtime="475.44" starttime="474.96" type="person" role="ID" nxt_agent="B" nite:id="natasa_IS1001c_A.foa.175"/>
    <foa endtime="477.32" starttime="475.44" type="place" place="table" nite:id="natasa_IS1001c_A.foa.176"/>
    <foa endtime="477.56" starttime="477.32" type="person" role="ID" nxt_agent="B" nite:id="natasa_IS1001c_A.foa.177"/>
    <foa endtime="479.2" starttime="477.56" type="person" role="UI" nxt_agent="C" nite:id="natasa_IS1001c_A.foa.178"/>
    <foa endtime="503.6" starttime="479.2" type="place" place="table" nite:id="natasa_IS1001c_A.foa.179"/>
    <foa endtime="503.84" starttime="503.6" type="person" role="UI" nxt_agent="C" nite:id="natasa_IS1001c_A.foa.180"/>
    <foa endtime="512.84" starttime="503.84" type="place" place="table" nite:id="natasa_IS1001c_A.foa.181"/>
    <foa endtime="513.28" starttime="512.84" type="person" role="UI" nxt_agent="C" nite:id="natasa_IS1001c_A.foa.182"/>
    <foa endtime="528.6" starttime="513.28" type="place" place="table" nite:id="natasa_IS1001c_A.foa.183"/>
    <foa endtime="530.04" starttime="528.6" type="person" role="UI" nxt_agent="C" nite:id="natasa_IS1001c_A.foa.184"/>
    <foa endtime="534.48" starttime="530.04" type="place" place="table" nite:id="natasa_IS1001c_A.foa.185"/>
    <foa endtime="536.4" starttime="534.48" type="person" role="UI" nxt_agent="C" nite:id="natasa_IS1001c_A.foa.186"/>
    <foa endtime="537.0" starttime="536.4" type="unspecified" nite:id="natasa_IS1001c_A.foa.187"/>
    <foa endtime="540.08" starttime="537.0" type="person" role="UI" nxt_agent="C" nite:id="natasa_IS1001c_A.foa.188"/>
    <foa endtime="542.32" starttime="540.08" type="place" place="table" nite:id="natasa_IS1001c_A.foa.189"/>
    <foa endtime="554.44" starttime="542.32" type="place" place="slide-screen" nite:id="natasa_IS1001c_A.foa.190"/>
    <foa endtime="556.84" starttime="554.44" type="unspecified" nite:id="natasa_IS1001c_A.foa.191"/>
    <foa endtime="562.2" starttime="556.84" type="place" place="slide-screen" nite:id="natasa_IS1001c_A.foa.192"/>
    <foa endtime="562.76" starttime="562.2" type="place" place="table" nite:id="natasa_IS1001c_A.foa.193"/>
    <foa endtime="565.12" starttime="562.76" type="place" place="slide-screen" nite:id="natasa_IS1001c_A.foa.194"/>
    <foa endtime="566.12" starttime="565.12" type="person" role="UI" nxt_agent="C" nite:id="natasa_IS1001c_A.foa.195"/>
    <foa endtime="566.88" starttime="566.12" type="place" place="table" nite:id="natasa_IS1001c_A.foa.196"/>
    <foa endtime="569.2" starttime="566.88" type="place" place="slide-screen" nite:id="natasa_IS1001c_A.foa.197"/>
    <foa endtime="572.4" starttime="569.2" type="person" role="UI" nxt_agent="C" nite:id="natasa_IS1001c_A.foa.198"/>
    <foa endtime="574.8" starttime="572.4" type="place" place="table" nite:id="natasa_IS1001c_A.foa.199"/>
    <foa endtime="576.08" starttime="574.8" type="place" place="slide-screen" nite:id="natasa_IS1001c_A.foa.200"/>
    <foa endtime="580.64" starttime="576.08" type="person" role="UI" nxt_agent="C" nite:id="natasa_IS1001c_A.foa.201"/>
    <foa endtime="580.88" starttime="580.64" type="unspecified" nite:id="natasa_IS1001c_A.foa.202"/>
    <foa endtime="584.12" starttime="580.88" type="place" place="slide-screen" nite:id="natasa_IS1001c_A.foa.203"/>
    <foa endtime="584.76" starttime="584.12" type="person" role="UI" nxt_agent="C" nite:id="natasa_IS1001c_A.foa.204"/>
    <foa endtime="585.32" starttime="584.76" type="place" place="table" nite:id="natasa_IS1001c_A.foa.205"/>
    <foa endtime="586.16" starttime="585.32" type="person" role="UI" nxt_agent="C" nite:id="natasa_IS1001c_A.foa.206"/>
    <foa endtime="586.88" starttime="586.16" type="place" place="table" nite:id="natasa_IS1001c_A.foa.207"/>
    <foa endtime="587.24" starttime="586.88" type="person" role="UI" nxt_agent="C" nite:id="natasa_IS1001c_A.foa.208"/>
    <foa endtime="595.84" starttime="587.24" type="place" place="table" nite:id="natasa_IS1001c_A.foa.209"/>
    <foa endtime="596.56" starttime="595.84" type="place" place="slide-screen" nite:id="natasa_IS1001c_A.foa.210"/>
    <foa endtime="597.08" starttime="596.56" type="person" role="UI" nxt_agent="C" nite:id="natasa_IS1001c_A.foa.211"/>
    <foa endtime="608.32" starttime="597.08" type="place" place="table" nite:id="natasa_IS1001c_A.foa.212"/>
    <foa endtime="609.16" starttime="608.32" type="person" role="UI" nxt_agent="C" nite:id="natasa_IS1001c_A.foa.213"/>
    <foa endtime="633.16" starttime="609.16" type="place" place="table" nite:id="natasa_IS1001c_A.foa.214"/>
    <foa endtime="634.48" starttime="633.16" type="person" role="UI" nxt_agent="C" nite:id="natasa_IS1001c_A.foa.215"/>
    <foa endtime="658.44" starttime="634.48" type="place" place="table" nite:id="natasa_IS1001c_A.foa.216"/>
    <foa endtime="658.84" starttime="658.44" type="person" role="ID" nxt_agent="B" nite:id="natasa_IS1001c_A.foa.217"/>
    <foa endtime="659.36" starttime="658.84" type="place" place="table" nite:id="natasa_IS1001c_A.foa.218"/>
    <foa endtime="659.92" starttime="659.36" type="person" role="UI" nxt_agent="C" nite:id="natasa_IS1001c_A.foa.219"/>
    <foa endtime="661.96" starttime="659.92" type="place" place="table" nite:id="natasa_IS1001c_A.foa.220"/>
    <foa endtime="662.96" starttime="661.96" type="person" role="ID" nxt_agent="B" nite:id="natasa_IS1001c_A.foa.221"/>
    <foa endtime="669.44" starttime="662.96" type="place" place="table" nite:id="natasa_IS1001c_A.foa.222"/>
    <foa endtime="670.2" starttime="669.44" type="person" role="ID" nxt_agent="B" nite:id="natasa_IS1001c_A.foa.223"/>
    <foa endtime="678.16" starttime="670.2" type="place" place="table" nite:id="natasa_IS1001c_A.foa.224"/>
    <foa endtime="679.52" starttime="678.16" type="person" role="ID" nxt_agent="B" nite:id="natasa_IS1001c_A.foa.225"/>
    <foa endtime="681.32" starttime="679.52" type="place" place="table" nite:id="natasa_IS1001c_A.foa.226"/>
    <foa endtime="682.04" starttime="681.32" type="person" role="ID" nxt_agent="B" nite:id="natasa_IS1001c_A.foa.227"/>
    <foa endtime="682.72" starttime="682.04" type="place" place="table" nite:id="natasa_IS1001c_A.foa.228"/>
    <foa endtime="684.04" starttime="682.72" type="person" role="ID" nxt_agent="B" nite:id="natasa_IS1001c_A.foa.229"/>
    <foa endtime="690.96" starttime="684.04" type="place" place="table" nite:id="natasa_IS1001c_A.foa.230"/>
    <foa endtime="691.2" starttime="690.96" type="person" role="ME" nxt_agent="D" nite:id="natasa_IS1001c_A.foa.231"/>
    <foa endtime="692.96" starttime="691.2" type="place" place="table" nite:id="natasa_IS1001c_A.foa.232"/>
    <foa endtime="693.2" starttime="692.96" type="person" role="ID" nxt_agent="B" nite:id="natasa_IS1001c_A.foa.233"/>
    <foa endtime="694.08" starttime="693.2" type="place" place="table" nite:id="natasa_IS1001c_A.foa.234"/>
    <foa endtime="694.88" starttime="694.08" type="person" role="ID" nxt_agent="B" nite:id="natasa_IS1001c_A.foa.235"/>
    <foa endtime="695.88" starttime="694.88" type="place" place="table" nite:id="natasa_IS1001c_A.foa.236"/>
    <foa endtime="696.96" starttime="695.88" type="person" role="ID" nxt_agent="B" nite:id="natasa_IS1001c_A.foa.237"/>
    <foa endtime="698.76" starttime="696.96" type="person" role="UI" nxt_agent="C" nite:id="natasa_IS1001c_A.foa.238"/>
    <foa endtime="699.44" starttime="698.76" type="person" role="ID" nxt_agent="B" nite:id="natasa_IS1001c_A.foa.239"/>
    <foa endtime="699.8" starttime="699.44" type="person" role="ME" nxt_agent="D" nite:id="natasa_IS1001c_A.foa.240"/>
    <foa endtime="715.8" starttime="699.8" type="place" place="table" nite:id="natasa_IS1001c_A.foa.241"/>
    <foa endtime="716.2" starttime="715.8" type="person" role="ME" nxt_agent="D" nite:id="natasa_IS1001c_A.foa.242"/>
    <foa endtime="720.32" starttime="716.2" type="place" place="table" nite:id="natasa_IS1001c_A.foa.243"/>
    <foa endtime="723.72" starttime="720.32" type="place" place="slide-screen" nite:id="natasa_IS1001c_A.foa.244"/>
    <foa endtime="725.28" starttime="723.72" type="place" place="table" nite:id="natasa_IS1001c_A.foa.245"/>
    <foa endtime="743.64" starttime="725.28" type="place" place="slide-screen" nite:id="natasa_IS1001c_A.foa.246"/>
    <foa endtime="743.88" starttime="743.64" type="unspecified" nite:id="natasa_IS1001c_A.foa.247"/>
    <foa endtime="747.6" starttime="743.88" type="place" place="slide-screen" nite:id="natasa_IS1001c_A.foa.248"/>
    <foa endtime="747.88" starttime="747.6" type="person" role="ME" nxt_agent="D" nite:id="natasa_IS1001c_A.foa.249"/>
    <foa endtime="763.6" starttime="747.88" type="place" place="table" nite:id="natasa_IS1001c_A.foa.250"/>
    <foa endtime="766.24" starttime="763.6" type="place" place="slide-screen" nite:id="natasa_IS1001c_A.foa.251"/>
    <foa endtime="768.64" starttime="766.24" type="place" place="table" nite:id="natasa_IS1001c_A.foa.252"/>
    <foa endtime="769.2" starttime="768.64" type="place" place="slide-screen" nite:id="natasa_IS1001c_A.foa.253"/>
    <foa endtime="770.64" starttime="769.2" type="place" place="table" nite:id="natasa_IS1001c_A.foa.254"/>
    <foa endtime="773.72" starttime="770.64" type="place" place="slide-screen" nite:id="natasa_IS1001c_A.foa.255"/>
    <foa endtime="775.28" starttime="773.72" type="place" place="table" nite:id="natasa_IS1001c_A.foa.256"/>
    <foa endtime="784.2" starttime="775.28" type="place" place="slide-screen" nite:id="natasa_IS1001c_A.foa.257"/>
    <foa endtime="787.2" starttime="784.2" type="place" place="table" nite:id="natasa_IS1001c_A.foa.258"/>
    <foa endtime="787.88" starttime="787.2" type="person" role="ME" nxt_agent="D" nite:id="natasa_IS1001c_A.foa.259"/>
    <foa endtime="788.76" starttime="787.88" type="place" place="table" nite:id="natasa_IS1001c_A.foa.260"/>
    <foa endtime="791.12" starttime="788.76" type="place" place="slide-screen" nite:id="natasa_IS1001c_A.foa.261"/>
    <foa endtime="793.04" starttime="791.12" type="place" place="table" nite:id="natasa_IS1001c_A.foa.262"/>
    <foa endtime="794.0" starttime="793.04" type="place" place="slide-screen" nite:id="natasa_IS1001c_A.foa.263"/>
    <foa endtime="794.64" starttime="794.0" type="person" role="ID" nxt_agent="B" nite:id="natasa_IS1001c_A.foa.264"/>
    <foa endtime="795.72" starttime="794.64" type="place" place="table" nite:id="natasa_IS1001c_A.foa.265"/>
    <foa endtime="796.32" starttime="795.72" type="person" role="ME" nxt_agent="D" nite:id="natasa_IS1001c_A.foa.266"/>
    <foa endtime="805.68" starttime="796.32" type="place" place="table" nite:id="natasa_IS1001c_A.foa.267"/>
    <foa endtime="807.88" starttime="805.68" type="place" place="slide-screen" nite:id="natasa_IS1001c_A.foa.268"/>
    <foa endtime="809.4" starttime="807.88" type="person" role="UI" nxt_agent="C" nite:id="natasa_IS1001c_A.foa.269"/>
    <foa endtime="811.24" starttime="809.4" type="place" place="table" nite:id="natasa_IS1001c_A.foa.270"/>
    <foa endtime="814.04" starttime="811.24" type="person" role="UI" nxt_agent="C" nite:id="natasa_IS1001c_A.foa.271"/>
    <foa endtime="816.12" starttime="814.04" type="place" place="table" nite:id="natasa_IS1001c_A.foa.272"/>
    <foa endtime="818.96" starttime="816.12" type="person" role="UI" nxt_agent="C" nite:id="natasa_IS1001c_A.foa.273"/>
    <foa endtime="820.88" starttime="818.96" type="place" place="table" nite:id="natasa_IS1001c_A.foa.274"/>
    <foa endtime="821.88" starttime="820.88" type="place" place="slide-screen" nite:id="natasa_IS1001c_A.foa.275"/>
    <foa endtime="831.36" starttime="821.88" type="place" place="table" nite:id="natasa_IS1001c_A.foa.276"/>
    <foa endtime="840.28" starttime="831.36" type="place" place="slide-screen" nite:id="natasa_IS1001c_A.foa.277"/>
    <foa endtime="842.12" starttime="840.28" type="place" place="table" nite:id="natasa_IS1001c_A.foa.278"/>
    <foa endtime="842.6" starttime="842.12" type="place" place="slide-screen" nite:id="natasa_IS1001c_A.foa.279"/>
    <foa endtime="843.12" starttime="842.6" type="person" role="ME" nxt_agent="D" nite:id="natasa_IS1001c_A.foa.280"/>
    <foa endtime="843.96" starttime="843.12" type="place" place="table" nite:id="natasa_IS1001c_A.foa.281"/>
    <foa endtime="845.08" starttime="843.96" type="place" place="slide-screen" nite:id="natasa_IS1001c_A.foa.282"/>
    <foa endtime="849.52" starttime="845.08" type="place" place="table" nite:id="natasa_IS1001c_A.foa.283"/>
    <foa endtime="852.8" starttime="849.52" type="person" role="ME" nxt_agent="D" nite:id="natasa_IS1001c_A.foa.284"/>
    <foa endtime="854.28" starttime="852.8" type="place" place="table" nite:id="natasa_IS1001c_A.foa.285"/>
    <foa endtime="854.8" starttime="854.28" type="person" role="ME" nxt_agent="D" nite:id="natasa_IS1001c_A.foa.286"/>
    <foa endtime="855.24" starttime="854.8" type="person" role="ID" nxt_agent="B" nite:id="natasa_IS1001c_A.foa.287"/>
    <foa endtime="857.68" starttime="855.24" type="place" place="table" nite:id="natasa_IS1001c_A.foa.288"/>
    <foa endtime="858.72" starttime="857.68" type="person" role="UI" nxt_agent="C" nite:id="natasa_IS1001c_A.foa.289"/>
    <foa endtime="859.52" starttime="858.72" type="person" role="ME" nxt_agent="D" nite:id="natasa_IS1001c_A.foa.290"/>
    <foa endtime="860.08" starttime="859.52" type="person" role="ID" nxt_agent="B" nite:id="natasa_IS1001c_A.foa.291"/>
    <foa endtime="860.68" starttime="860.08" type="place" place="table" nite:id="natasa_IS1001c_A.foa.292"/>
    <foa endtime="861.4" starttime="860.68" type="person" role="ME" nxt_agent="D" nite:id="natasa_IS1001c_A.foa.293"/>
    <foa endtime="863.6" starttime="861.4" type="place" place="table" nite:id="natasa_IS1001c_A.foa.294"/>
    <foa endtime="864.28" starttime="863.6" type="person" role="ME" nxt_agent="D" nite:id="natasa_IS1001c_A.foa.295"/>
    <foa endtime="869.6" starttime="864.28" type="place" place="table" nite:id="natasa_IS1001c_A.foa.296"/>
    <foa endtime="870.28" starttime="869.6" type="person" role="ME" nxt_agent="D" nite:id="natasa_IS1001c_A.foa.297"/>
    <foa endtime="871.08" starttime="870.28" type="person" role="ID" nxt_agent="B" nite:id="natasa_IS1001c_A.foa.298"/>
    <foa endtime="872.04" starttime="871.08" type="person" role="UI" nxt_agent="C" nite:id="natasa_IS1001c_A.foa.299"/>
    <foa endtime="872.56" starttime="872.04" type="person" role="ID" nxt_agent="B" nite:id="natasa_IS1001c_A.foa.300"/>
    <foa endtime="874.72" starttime="872.56" type="place" place="table" nite:id="natasa_IS1001c_A.foa.301"/>
    <foa endtime="876.0" starttime="874.72" type="person" role="UI" nxt_agent="C" nite:id="natasa_IS1001c_A.foa.302"/>
    <foa endtime="878.64" starttime="876.0" type="place" place="table" nite:id="natasa_IS1001c_A.foa.303"/>
    <foa endtime="879.68" starttime="878.64" type="person" role="UI" nxt_agent="C" nite:id="natasa_IS1001c_A.foa.304"/>
    <foa endtime="882.08" starttime="879.68" type="place" place="table" nite:id="natasa_IS1001c_A.foa.305"/>
    <foa endtime="886.72" starttime="882.08" type="person" role="UI" nxt_agent="C" nite:id="natasa_IS1001c_A.foa.306"/>
    <foa endtime="886.96" starttime="886.72" type="person" role="ME" nxt_agent="D" nite:id="natasa_IS1001c_A.foa.307"/>
    <foa endtime="887.44" starttime="886.96" type="person" role="ID" nxt_agent="B" nite:id="natasa_IS1001c_A.foa.308"/>
    <foa endtime="887.8" starttime="887.44" type="place" place="table" nite:id="natasa_IS1001c_A.foa.309"/>
    <foa endtime="891.0" starttime="887.8" type="person" role="ID" nxt_agent="B" nite:id="natasa_IS1001c_A.foa.310"/>
    <foa endtime="891.52" starttime="891.0" type="person" role="ME" nxt_agent="D" nite:id="natasa_IS1001c_A.foa.311"/>
    <foa endtime="893.88" starttime="891.52" type="person" role="ID" nxt_agent="B" nite:id="natasa_IS1001c_A.foa.312"/>
    <foa endtime="897.2" starttime="893.88" type="person" role="UI" nxt_agent="C" nite:id="natasa_IS1001c_A.foa.313"/>
    <foa endtime="898.8" starttime="897.2" type="place" place="table" nite:id="natasa_IS1001c_A.foa.314"/>
    <foa endtime="902.56" starttime="898.8" type="person" role="ME" nxt_agent="D" nite:id="natasa_IS1001c_A.foa.315"/>
    <foa endtime="903.2" starttime="902.56" type="person" role="UI" nxt_agent="C" nite:id="natasa_IS1001c_A.foa.316"/>
    <foa endtime="903.44" starttime="903.2" type="person" role="ME" nxt_agent="D" nite:id="natasa_IS1001c_A.foa.317"/>
    <foa endtime="904.16" starttime="903.44" type="place" place="table" nite:id="natasa_IS1001c_A.foa.318"/>
    <foa endtime="904.52" starttime="904.16" type="person" role="ME" nxt_agent="D" nite:id="natasa_IS1001c_A.foa.319"/>
    <foa endtime="904.76" starttime="904.52" type="person" role="ID" nxt_agent="B" nite:id="natasa_IS1001c_A.foa.320"/>
    <foa endtime="905.0" starttime="904.76" type="place" place="table" nite:id="natasa_IS1001c_A.foa.321"/>
    <foa endtime="905.64" starttime="905.0" type="person" role="ME" nxt_agent="D" nite:id="natasa_IS1001c_A.foa.322"/>
    <foa endtime="906.4" starttime="905.64" type="person" role="ID" nxt_agent="B" nite:id="natasa_IS1001c_A.foa.323"/>
    <foa endtime="907.36" starttime="906.4" type="person" role="UI" nxt_agent="C" nite:id="natasa_IS1001c_A.foa.324"/>
    <foa endtime="907.8" starttime="907.36" type="person" role="ME" nxt_agent="D" nite:id="natasa_IS1001c_A.foa.325"/>
    <foa endtime="908.04" starttime="907.8" type="person" role="ID" nxt_agent="B" nite:id="natasa_IS1001c_A.foa.326"/>
    <foa endtime="908.56" starttime="908.04" type="place" place="table" nite:id="natasa_IS1001c_A.foa.327"/>
    <foa endtime="909.08" starttime="908.56" type="person" role="UI" nxt_agent="C" nite:id="natasa_IS1001c_A.foa.328"/>
    <foa endtime="909.44" starttime="909.08" type="place" place="table" nite:id="natasa_IS1001c_A.foa.329"/>
    <foa endtime="910.0" starttime="909.44" type="person" role="UI" nxt_agent="C" nite:id="natasa_IS1001c_A.foa.330"/>
    <foa endtime="916.12" starttime="910.0" type="place" place="table" nite:id="natasa_IS1001c_A.foa.331"/>
    <foa endtime="916.52" starttime="916.12" type="place" place="slide-screen" nite:id="natasa_IS1001c_A.foa.332"/>
    <foa endtime="917.56" starttime="916.52" type="place" place="table" nite:id="natasa_IS1001c_A.foa.333"/>
    <foa endtime="921.56" starttime="917.56" type="place" place="slide-screen" nite:id="natasa_IS1001c_A.foa.334"/>
    <foa endtime="922.76" starttime="921.56" type="person" role="UI" nxt_agent="C" nite:id="natasa_IS1001c_A.foa.335"/>
    <foa endtime="925.2" starttime="922.76" type="place" place="table" nite:id="natasa_IS1001c_A.foa.336"/>
    <foa endtime="927.8" starttime="925.2" type="person" role="UI" nxt_agent="C" nite:id="natasa_IS1001c_A.foa.337"/>
    <foa endtime="928.4" starttime="927.8" type="place" place="table" nite:id="natasa_IS1001c_A.foa.338"/>
    <foa endtime="932.16" starttime="928.4" type="person" role="UI" nxt_agent="C" nite:id="natasa_IS1001c_A.foa.339"/>
    <foa endtime="935.28" starttime="932.16" type="person" role="ID" nxt_agent="B" nite:id="natasa_IS1001c_A.foa.340"/>
    <foa endtime="936.04" starttime="935.28" type="place" place="table" nite:id="natasa_IS1001c_A.foa.341"/>
    <foa endtime="939.96" starttime="936.04" type="person" role="ID" nxt_agent="B" nite:id="natasa_IS1001c_A.foa.342"/>
    <foa endtime="943.32" starttime="939.96" type="place" place="table" nite:id="natasa_IS1001c_A.foa.343"/>
    <foa endtime="945.68" starttime="943.32" type="person" role="ID" nxt_agent="B" nite:id="natasa_IS1001c_A.foa.344"/>
    <foa endtime="946.76" starttime="945.68" type="person" role="UI" nxt_agent="C" nite:id="natasa_IS1001c_A.foa.345"/>
    <foa endtime="947.44" starttime="946.76" type="person" role="ID" nxt_agent="B" nite:id="natasa_IS1001c_A.foa.346"/>
    <foa endtime="950.96" starttime="947.44" type="place" place="slide-screen" nite:id="natasa_IS1001c_A.foa.347"/>
    <foa endtime="951.52" starttime="950.96" type="person" role="ID" nxt_agent="B" nite:id="natasa_IS1001c_A.foa.348"/>
    <foa endtime="956.6" starttime="951.52" type="place" place="table" nite:id="natasa_IS1001c_A.foa.349"/>
    <foa endtime="960.88" starttime="956.6" type="person" role="ID" nxt_agent="B" nite:id="natasa_IS1001c_A.foa.350"/>
    <foa endtime="969.12" starttime="960.88" type="place" place="table" nite:id="natasa_IS1001c_A.foa.351"/>
    <foa endtime="971.28" starttime="969.12" type="person" role="UI" nxt_agent="C" nite:id="natasa_IS1001c_A.foa.352"/>
    <foa endtime="972.0" starttime="971.28" type="person" role="ID" nxt_agent="B" nite:id="natasa_IS1001c_A.foa.353"/>
    <foa endtime="972.2" starttime="972.0" type="person" role="ME" nxt_agent="D" nite:id="natasa_IS1001c_A.foa.354"/>
    <foa endtime="973.32" starttime="972.2" type="person" role="UI" nxt_agent="C" nite:id="natasa_IS1001c_A.foa.355"/>
    <foa endtime="974.76" starttime="973.32" type="place" place="table" nite:id="natasa_IS1001c_A.foa.356"/>
    <foa endtime="975.2" starttime="974.76" type="person" role="ME" nxt_agent="D" nite:id="natasa_IS1001c_A.foa.357"/>
    <foa endtime="977.44" starttime="975.2" type="person" role="UI" nxt_agent="C" nite:id="natasa_IS1001c_A.foa.358"/>
    <foa endtime="978.12" starttime="977.44" type="person" role="ID" nxt_agent="B" nite:id="natasa_IS1001c_A.foa.359"/>
    <foa endtime="978.36" starttime="978.12" type="person" role="ME" nxt_agent="D" nite:id="natasa_IS1001c_A.foa.360"/>
    <foa endtime="983.12" starttime="978.36" type="person" role="UI" nxt_agent="C" nite:id="natasa_IS1001c_A.foa.361"/>
    <foa endtime="983.52" starttime="983.12" type="person" role="ME" nxt_agent="D" nite:id="natasa_IS1001c_A.foa.362"/>
    <foa endtime="984.2" starttime="983.52" type="person" role="ID" nxt_agent="B" nite:id="natasa_IS1001c_A.foa.363"/>
    <foa endtime="984.44" starttime="984.2" type="person" role="ME" nxt_agent="D" nite:id="natasa_IS1001c_A.foa.364"/>
    <foa endtime="985.12" starttime="984.44" type="person" role="UI" nxt_agent="C" nite:id="natasa_IS1001c_A.foa.365"/>
    <foa endtime="986.2" starttime="985.12" type="place" place="table" nite:id="natasa_IS1001c_A.foa.366"/>
    <foa endtime="986.96" starttime="986.2" type="person" role="UI" nxt_agent="C" nite:id="natasa_IS1001c_A.foa.367"/>
    <foa endtime="987.76" starttime="986.96" type="place" place="table" nite:id="natasa_IS1001c_A.foa.368"/>
    <foa endtime="992.88" starttime="987.76" type="person" role="UI" nxt_agent="C" nite:id="natasa_IS1001c_A.foa.369"/>
    <foa endtime="995.44" starttime="992.88" type="person" role="ID" nxt_agent="B" nite:id="natasa_IS1001c_A.foa.370"/>
    <foa endtime="996.28" starttime="995.44" type="place" place="table" nite:id="natasa_IS1001c_A.foa.371"/>
    <foa endtime="997.24" starttime="996.28" type="person" role="ID" nxt_agent="B" nite:id="natasa_IS1001c_A.foa.372"/>
    <foa endtime="997.72" starttime="997.24" type="place" place="table" nite:id="natasa_IS1001c_A.foa.373"/>
    <foa endtime="997.84" starttime="997.72" type="person" role="ID" nxt_agent="B" nite:id="natasa_IS1001c_A.foa.374"/>
    <foa endtime="998.52" starttime="997.84" type="person" role="UI" nxt_agent="C" nite:id="natasa_IS1001c_A.foa.375"/>
    <foa endtime="999.08" starttime="998.52" type="person" role="ME" nxt_agent="D" nite:id="natasa_IS1001c_A.foa.376"/>
    <foa endtime="999.6" starttime="999.08" type="person" role="ID" nxt_agent="B" nite:id="natasa_IS1001c_A.foa.377"/>
    <foa endtime="1002.36" starttime="999.6" type="person" role="UI" nxt_agent="C" nite:id="natasa_IS1001c_A.foa.378"/>
    <foa endtime="1006.56" starttime="1002.36" type="place" place="table" nite:id="natasa_IS1001c_A.foa.379"/>
    <foa endtime="1007.48" starttime="1006.56" type="person" role="ID" nxt_agent="B" nite:id="natasa_IS1001c_A.foa.380"/>
    <foa endtime="1008.24" starttime="1007.48" type="place" place="table" nite:id="natasa_IS1001c_A.foa.381"/>
    <foa endtime="1008.52" starttime="1008.24" type="person" role="ID" nxt_agent="B" nite:id="natasa_IS1001c_A.foa.382"/>
    <foa endtime="1009.32" starttime="1008.52" type="place" place="table" nite:id="natasa_IS1001c_A.foa.383"/>
    <foa endtime="1010.4" starttime="1009.32" type="person" role="ID" nxt_agent="B" nite:id="natasa_IS1001c_A.foa.384"/>
    <foa endtime="1010.96" starttime="1010.4" type="place" place="table" nite:id="natasa_IS1001c_A.foa.385"/>
    <foa endtime="1011.48" starttime="1010.96" type="person" role="ID" nxt_agent="B" nite:id="natasa_IS1001c_A.foa.386"/>
    <foa endtime="1012.08" starttime="1011.48" type="place" place="table" nite:id="natasa_IS1001c_A.foa.387"/>
    <foa endtime="1012.52" starttime="1012.08" type="person" role="ID" nxt_agent="B" nite:id="natasa_IS1001c_A.foa.388"/>
    <foa endtime="1014.6" starttime="1012.52" type="place" place="table" nite:id="natasa_IS1001c_A.foa.389"/>
    <foa endtime="1015.08" starttime="1014.6" type="person" role="ME" nxt_agent="D" nite:id="natasa_IS1001c_A.foa.390"/>
    <foa endtime="1021.08" starttime="1015.08" type="place" place="table" nite:id="natasa_IS1001c_A.foa.391"/>
    <foa endtime="1022.52" starttime="1021.08" type="person" role="UI" nxt_agent="C" nite:id="natasa_IS1001c_A.foa.392"/>
    <foa endtime="1023.4" starttime="1022.52" type="place" place="table" nite:id="natasa_IS1001c_A.foa.393"/>
    <foa endtime="1024.12" starttime="1023.4" type="person" role="UI" nxt_agent="C" nite:id="natasa_IS1001c_A.foa.394"/>
    <foa endtime="1024.52" starttime="1024.12" type="place" place="table" nite:id="natasa_IS1001c_A.foa.395"/>
    <foa endtime="1025.08" starttime="1024.52" type="person" role="ME" nxt_agent="D" nite:id="natasa_IS1001c_A.foa.396"/>
    <foa endtime="1025.88" starttime="1025.08" type="person" role="UI" nxt_agent="C" nite:id="natasa_IS1001c_A.foa.397"/>
    <foa endtime="1026.44" starttime="1025.88" type="place" place="table" nite:id="natasa_IS1001c_A.foa.398"/>
    <foa endtime="1026.88" starttime="1026.44" type="person" role="UI" nxt_agent="C" nite:id="natasa_IS1001c_A.foa.399"/>
    <foa endtime="1027.64" starttime="1026.88" type="place" place="table" nite:id="natasa_IS1001c_A.foa.400"/>
    <foa endtime="1028.4" starttime="1027.64" type="person" role="UI" nxt_agent="C" nite:id="natasa_IS1001c_A.foa.401"/>
    <foa endtime="1034.12" starttime="1028.4" type="place" place="table" nite:id="natasa_IS1001c_A.foa.402"/>
    <foa endtime="1035.52" starttime="1034.12" type="person" role="UI" nxt_agent="C" nite:id="natasa_IS1001c_A.foa.403"/>
    <foa endtime="1035.88" starttime="1035.52" type="unspecified" nite:id="natasa_IS1001c_A.foa.404"/>
    <foa endtime="1036.24" starttime="1035.88" type="person" role="ID" nxt_agent="B" nite:id="natasa_IS1001c_A.foa.405"/>
    <foa endtime="1039.08" starttime="1036.24" type="person" role="UI" nxt_agent="C" nite:id="natasa_IS1001c_A.foa.406"/>
    <foa endtime="1039.92" starttime="1039.08" type="person" role="ID" nxt_agent="B" nite:id="natasa_IS1001c_A.foa.407"/>
    <foa endtime="1040.16" starttime="1039.92" type="place" place="table" nite:id="natasa_IS1001c_A.foa.408"/>
    <foa endtime="1043.68" starttime="1040.16" type="person" role="ID" nxt_agent="B" nite:id="natasa_IS1001c_A.foa.409"/>
    <foa endtime="1044.12" starttime="1043.68" type="person" role="UI" nxt_agent="C" nite:id="natasa_IS1001c_A.foa.410"/>
    <foa endtime="1045.0" starttime="1044.12" type="person" role="ID" nxt_agent="B" nite:id="natasa_IS1001c_A.foa.411"/>
    <foa endtime="1045.6" starttime="1045.0" type="unspecified" nite:id="natasa_IS1001c_A.foa.412"/>
    <foa endtime="1047.6" starttime="1045.6" type="place" place="slide-screen" nite:id="natasa_IS1001c_A.foa.413"/>
    <foa endtime="1049.64" starttime="1047.6" type="person" role="UI" nxt_agent="C" nite:id="natasa_IS1001c_A.foa.414"/>
    <foa endtime="1050.8" starttime="1049.64" type="place" place="slide-screen" nite:id="natasa_IS1001c_A.foa.415"/>
    <foa endtime="1051.04" starttime="1050.8" type="unspecified" nite:id="natasa_IS1001c_A.foa.416"/>
    <foa endtime="1051.88" starttime="1051.04" type="place" place="table" nite:id="natasa_IS1001c_A.foa.417"/>
    <foa endtime="1052.36" starttime="1051.88" type="person" role="ID" nxt_agent="B" nite:id="natasa_IS1001c_A.foa.418"/>
    <foa endtime="1054.32" starttime="1052.36" type="place" place="table" nite:id="natasa_IS1001c_A.foa.419"/>
    <foa endtime="1054.68" starttime="1054.32" type="person" role="ID" nxt_agent="B" nite:id="natasa_IS1001c_A.foa.420"/>
    <foa endtime="1067.24" starttime="1054.68" type="place" place="table" nite:id="natasa_IS1001c_A.foa.421"/>
    <foa endtime="1067.48" starttime="1067.24" type="person" role="ID" nxt_agent="B" nite:id="natasa_IS1001c_A.foa.422"/>
    <foa endtime="1093.92" starttime="1067.48" type="place" place="table" nite:id="natasa_IS1001c_A.foa.423"/>
    <foa endtime="1094.52" starttime="1093.92" type="person" role="ID" nxt_agent="B" nite:id="natasa_IS1001c_A.foa.424"/>
    <foa endtime="1099.96" starttime="1094.52" type="place" place="table" nite:id="natasa_IS1001c_A.foa.425"/>
    <foa endtime="1100.52" starttime="1099.96" type="person" role="ID" nxt_agent="B" nite:id="natasa_IS1001c_A.foa.426"/>
    <foa endtime="1107.72" starttime="1100.52" type="place" place="table" nite:id="natasa_IS1001c_A.foa.427"/>
    <foa endtime="1108.2" starttime="1107.72" type="person" role="ID" nxt_agent="B" nite:id="natasa_IS1001c_A.foa.428"/>
    <foa endtime="1114.0" starttime="1108.2" type="place" place="table" nite:id="natasa_IS1001c_A.foa.429"/>
    <foa endtime="1114.64" starttime="1114.0" type="person" role="ID" nxt_agent="B" nite:id="natasa_IS1001c_A.foa.430"/>
    <foa endtime="1115.24" starttime="1114.64" type="place" place="table" nite:id="natasa_IS1001c_A.foa.431"/>
    <foa endtime="1117.08" starttime="1115.24" type="person" role="ID" nxt_agent="B" nite:id="natasa_IS1001c_A.foa.432"/>
    <foa endtime="1120.08" starttime="1117.08" type="place" place="table" nite:id="natasa_IS1001c_A.foa.433"/>
    <foa endtime="1121.64" starttime="1120.08" type="person" role="ID" nxt_agent="B" nite:id="natasa_IS1001c_A.foa.434"/>
    <foa endtime="1140.0" starttime="1121.64" type="place" place="table" nite:id="natasa_IS1001c_A.foa.435"/>
    <foa endtime="1140.44" starttime="1140.0" type="person" role="ID" nxt_agent="B" nite:id="natasa_IS1001c_A.foa.436"/>
    <foa endtime="1143.48" starttime="1140.44" type="person" role="UI" nxt_agent="C" nite:id="natasa_IS1001c_A.foa.437"/>
    <foa endtime="1145.4" starttime="1143.48" type="place" place="table" nite:id="natasa_IS1001c_A.foa.438"/>
    <foa endtime="1145.72" starttime="1145.4" type="person" role="ID" nxt_agent="B" nite:id="natasa_IS1001c_A.foa.439"/>
    <foa endtime="1146.52" starttime="1145.72" type="place" place="table" nite:id="natasa_IS1001c_A.foa.440"/>
    <foa endtime="1147.72" starttime="1146.52" type="person" role="UI" nxt_agent="C" nite:id="natasa_IS1001c_A.foa.441"/>
    <foa endtime="1148.8" starttime="1147.72" type="place" place="table" nite:id="natasa_IS1001c_A.foa.442"/>
    <foa endtime="1149.16" starttime="1148.8" type="person" role="UI" nxt_agent="C" nite:id="natasa_IS1001c_A.foa.443"/>
    <foa endtime="1149.64" starttime="1149.16" type="place" place="table" nite:id="natasa_IS1001c_A.foa.444"/>
    <foa endtime="1150.32" starttime="1149.64" type="person" role="ID" nxt_agent="B" nite:id="natasa_IS1001c_A.foa.445"/>
    <foa endtime="1154.2" starttime="1150.32" type="place" place="table" nite:id="natasa_IS1001c_A.foa.446"/>
    <foa endtime="1155.48" starttime="1154.2" type="person" role="ID" nxt_agent="B" nite:id="natasa_IS1001c_A.foa.447"/>
    <foa endtime="1156.96" starttime="1155.48" type="person" role="UI" nxt_agent="C" nite:id="natasa_IS1001c_A.foa.448"/>
    <foa endtime="1170.36" starttime="1156.96" type="place" place="table" nite:id="natasa_IS1001c_A.foa.449"/>
    <foa endtime="1172.64" starttime="1170.36" type="person" role="ID" nxt_agent="B" nite:id="natasa_IS1001c_A.foa.450"/>
    <foa endtime="1180.56" starttime="1172.64" type="place" place="table" nite:id="natasa_IS1001c_A.foa.451"/>
    <foa endtime="1181.12" starttime="1180.56" type="person" role="ID" nxt_agent="B" nite:id="natasa_IS1001c_A.foa.452"/>
    <foa endtime="1188.92" starttime="1181.12" type="place" place="table" nite:id="natasa_IS1001c_A.foa.453"/>
    <foa endtime="1190.12" starttime="1188.92" type="person" role="UI" nxt_agent="C" nite:id="natasa_IS1001c_A.foa.454"/>
    <foa endtime="1193.64" starttime="1190.12" type="place" place="table" nite:id="natasa_IS1001c_A.foa.455"/>
    <foa endtime="1194.28" starttime="1193.64" type="person" role="UI" nxt_agent="C" nite:id="natasa_IS1001c_A.foa.456"/>
    <foa endtime="1194.96" starttime="1194.28" type="place" place="table" nite:id="natasa_IS1001c_A.foa.457"/>
    <foa endtime="1196.52" starttime="1194.96" type="person" role="UI" nxt_agent="C" nite:id="natasa_IS1001c_A.foa.458"/>
    <foa endtime="1205.04" starttime="1196.52" type="place" place="table" nite:id="natasa_IS1001c_A.foa.459"/>
    <foa endtime="1205.52" starttime="1205.04" type="person" role="UI" nxt_agent="C" nite:id="natasa_IS1001c_A.foa.460"/>
    <foa endtime="1206.72" starttime="1205.52" type="place" place="table" nite:id="natasa_IS1001c_A.foa.461"/>
    <foa endtime="1207.2" starttime="1206.72" type="person" role="UI" nxt_agent="C" nite:id="natasa_IS1001c_A.foa.462"/>
    <foa endtime="1207.8" starttime="1207.2" type="place" place="table" nite:id="natasa_IS1001c_A.foa.463"/>
    <foa endtime="1208.72" starttime="1207.8" type="person" role="UI" nxt_agent="C" nite:id="natasa_IS1001c_A.foa.464"/>
    <foa endtime="1210.8" starttime="1208.72" type="place" place="table" nite:id="natasa_IS1001c_A.foa.465"/>
    <foa endtime="1211.6" starttime="1210.8" type="person" role="UI" nxt_agent="C" nite:id="natasa_IS1001c_A.foa.466"/>
    <foa endtime="1213.44" starttime="1211.6" type="place" place="table" nite:id="natasa_IS1001c_A.foa.467"/>
    <foa endtime="1214.6" starttime="1213.44" type="person" role="UI" nxt_agent="C" nite:id="natasa_IS1001c_A.foa.468"/>
    <foa endtime="1220.04" starttime="1214.6" type="place" place="table" nite:id="natasa_IS1001c_A.foa.469"/>
    <foa endtime="1221.12" starttime="1220.04" type="person" role="UI" nxt_agent="C" nite:id="natasa_IS1001c_A.foa.470"/>
    <foa endtime="1236.28" starttime="1221.12" type="place" place="table" nite:id="natasa_IS1001c_A.foa.471"/>
    <foa endtime="1237.12" starttime="1236.28" type="person" role="UI" nxt_agent="C" nite:id="natasa_IS1001c_A.foa.472"/>
    <foa endtime="1238.0" starttime="1237.12" type="place" place="table" nite:id="natasa_IS1001c_A.foa.473"/>
    <foa endtime="1238.48" starttime="1238.0" type="person" role="UI" nxt_agent="C" nite:id="natasa_IS1001c_A.foa.474"/>
    <foa endtime="1240.68" starttime="1238.48" type="place" place="table" nite:id="natasa_IS1001c_A.foa.475"/>
    <foa endtime="1241.44" starttime="1240.68" type="person" role="UI" nxt_agent="C" nite:id="natasa_IS1001c_A.foa.476"/>
    <foa endtime="1243.8" starttime="1241.44" type="place" place="table" nite:id="natasa_IS1001c_A.foa.477"/>
    <foa endtime="1245.0" starttime="1243.8" type="person" role="UI" nxt_agent="C" nite:id="natasa_IS1001c_A.foa.478"/>
    <foa endtime="1245.6" starttime="1245.0" type="place" place="table" nite:id="natasa_IS1001c_A.foa.479"/>
    <foa endtime="1247.48" starttime="1245.6" type="person" role="UI" nxt_agent="C" nite:id="natasa_IS1001c_A.foa.480"/>
    <foa endtime="1247.84" starttime="1247.48" type="place" place="table" nite:id="natasa_IS1001c_A.foa.481"/>
    <foa endtime="1250.48" starttime="1247.84" type="person" role="UI" nxt_agent="C" nite:id="natasa_IS1001c_A.foa.482"/>
    <foa endtime="1251.0" starttime="1250.48" type="place" place="table" nite:id="natasa_IS1001c_A.foa.483"/>
    <foa endtime="1251.72" starttime="1251.0" type="person" role="UI" nxt_agent="C" nite:id="natasa_IS1001c_A.foa.484"/>
    <foa endtime="1259.84" starttime="1251.72" type="place" place="table" nite:id="natasa_IS1001c_A.foa.485"/>
    <foa endtime="1260.2" starttime="1259.84" type="person" role="UI" nxt_agent="C" nite:id="natasa_IS1001c_A.foa.486"/>
    <foa endtime="1263.92" starttime="1260.2" type="place" place="table" nite:id="natasa_IS1001c_A.foa.487"/>
    <foa endtime="1268.6" starttime="1263.92" type="person" role="UI" nxt_agent="C" nite:id="natasa_IS1001c_A.foa.488"/>
    <foa endtime="1274.0" starttime="1268.6" type="place" place="table" nite:id="natasa_IS1001c_A.foa.489"/>
    <foa endtime="1274.24" starttime="1274.0" type="unspecified" nite:id="natasa_IS1001c_A.foa.490"/>
    <foa endtime="1275.36" starttime="1274.24" type="place" place="table" nite:id="natasa_IS1001c_A.foa.491"/>
    <foa endtime="1276.16" starttime="1275.36" type="person" role="UI" nxt_agent="C" nite:id="natasa_IS1001c_A.foa.492"/>
    <foa endtime="1277.72" starttime="1276.16" type="place" place="table" nite:id="natasa_IS1001c_A.foa.493"/>
    <foa endtime="1279.76" starttime="1277.72" type="person" role="UI" nxt_agent="C" nite:id="natasa_IS1001c_A.foa.494"/>
    <foa endtime="1302.28" starttime="1279.76" type="place" place="table" nite:id="natasa_IS1001c_A.foa.495"/>
    <foa endtime="1303.48" starttime="1302.28" type="person" role="UI" nxt_agent="C" nite:id="natasa_IS1001c_A.foa.496"/>
    <foa endtime="1314.96" starttime="1303.48" type="place" place="table" nite:id="natasa_IS1001c_A.foa.497"/>
    <foa endtime="1315.52" starttime="1314.96" type="person" role="ID" nxt_agent="B" nite:id="natasa_IS1001c_A.foa.498"/>
    <foa endtime="1327.92" starttime="1315.52" type="place" place="table" nite:id="natasa_IS1001c_A.foa.499"/>
    <foa endtime="1328.28" starttime="1327.92" type="person" role="ID" nxt_agent="B" nite:id="natasa_IS1001c_A.foa.500"/>
    <foa endtime="1330.44" starttime="1328.28" type="place" place="table" nite:id="natasa_IS1001c_A.foa.501"/>
    <foa endtime="1338.96" starttime="1330.44" type="place" place="slide-screen" nite:id="natasa_IS1001c_A.foa.502"/>
    <foa endtime="1340.68" starttime="1338.96" type="person" role="UI" nxt_agent="C" nite:id="natasa_IS1001c_A.foa.503"/>
    <foa endtime="1347.6" starttime="1340.68" type="place" place="slide-screen" nite:id="natasa_IS1001c_A.foa.504"/>
    <foa endtime="1355.92" starttime="1347.6" type="place" place="table" nite:id="natasa_IS1001c_A.foa.505"/>
    <foa endtime="1356.28" starttime="1355.92" type="person" role="ME" nxt_agent="D" nite:id="natasa_IS1001c_A.foa.506"/>
    <foa endtime="1357.08" starttime="1356.28" type="place" place="table" nite:id="natasa_IS1001c_A.foa.507"/>
    <foa endtime="1358.56" starttime="1357.08" type="place" place="slide-screen" nite:id="natasa_IS1001c_A.foa.508"/>
    <foa endtime="1367.56" starttime="1358.56" type="place" place="table" nite:id="natasa_IS1001c_A.foa.509"/>
    <foa endtime="1374.56" starttime="1367.56" type="place" place="slide-screen" nite:id="natasa_IS1001c_A.foa.510"/>
    <foa endtime="1375.48" starttime="1374.56" type="person" role="ID" nxt_agent="B" nite:id="natasa_IS1001c_A.foa.511"/>
    <foa endtime="1376.8" starttime="1375.48" type="place" place="slide-screen" nite:id="natasa_IS1001c_A.foa.512"/>
    <foa endtime="1377.4" starttime="1376.8" type="person" role="ID" nxt_agent="B" nite:id="natasa_IS1001c_A.foa.513"/>
    <foa endtime="1378.48" starttime="1377.4" type="place" place="slide-screen" nite:id="natasa_IS1001c_A.foa.514"/>
    <foa endtime="1378.84" starttime="1378.48" type="person" role="ID" nxt_agent="B" nite:id="natasa_IS1001c_A.foa.515"/>
    <foa endtime="1379.8" starttime="1378.84" type="person" role="UI" nxt_agent="C" nite:id="natasa_IS1001c_A.foa.516"/>
    <foa endtime="1384.2" starttime="1379.8" type="place" place="slide-screen" nite:id="natasa_IS1001c_A.foa.517"/>
    <foa endtime="1384.76" starttime="1384.2" type="person" role="ID" nxt_agent="B" nite:id="natasa_IS1001c_A.foa.518"/>
    <foa endtime="1386.6" starttime="1384.76" type="place" place="table" nite:id="natasa_IS1001c_A.foa.519"/>
    <foa endtime="1387.08" starttime="1386.6" type="person" role="ID" nxt_agent="B" nite:id="natasa_IS1001c_A.foa.520"/>
    <foa endtime="1392.32" starttime="1387.08" type="place" place="slide-screen" nite:id="natasa_IS1001c_A.foa.521"/>
    <foa endtime="1393.0" starttime="1392.32" type="person" role="ID" nxt_agent="B" nite:id="natasa_IS1001c_A.foa.522"/>
    <foa endtime="1394.92" starttime="1393.0" type="place" place="slide-screen" nite:id="natasa_IS1001c_A.foa.523"/>
    <foa endtime="1395.4" starttime="1394.92" type="person" role="ID" nxt_agent="B" nite:id="natasa_IS1001c_A.foa.524"/>
    <foa endtime="1397.68" starttime="1395.4" type="place" place="table" nite:id="natasa_IS1001c_A.foa.525"/>
    <foa endtime="1415.48" starttime="1397.68" type="person" role="UI" nxt_agent="C" nite:id="natasa_IS1001c_A.foa.526"/>
    <foa endtime="1415.88" starttime="1415.48" type="place" place="table" nite:id="natasa_IS1001c_A.foa.527"/>
    <foa endtime="1419.72" starttime="1415.88" type="person" role="UI" nxt_agent="C" nite:id="natasa_IS1001c_A.foa.528"/>
    <foa endtime="1423.12" starttime="1419.72" type="place" place="table" nite:id="natasa_IS1001c_A.foa.529"/>
    <foa endtime="1423.84" starttime="1423.12" type="person" role="ID" nxt_agent="B" nite:id="natasa_IS1001c_A.foa.530"/>
    <foa endtime="1424.24" starttime="1423.84" type="place" place="table" nite:id="natasa_IS1001c_A.foa.531"/>
    <foa endtime="1424.84" starttime="1424.24" type="person" role="ID" nxt_agent="B" nite:id="natasa_IS1001c_A.foa.532"/>
    <foa endtime="1425.08" starttime="1424.84" type="place" place="table" nite:id="natasa_IS1001c_A.foa.533"/>
    <foa endtime="1435.0" starttime="1425.08" type="unspecified" nite:id="natasa_IS1001c_A.foa.534"/>
</nite:root>
