<?xml version="1.0" encoding="UTF-8"?>
<nite:root xmlns:nite="http://nite.sourceforge.net/" nite:id="IDIAP_IS1008d_C.nite:root.1">
    <foa endtime="25.12" starttime="0.0" type="unspecified" nite:id="IDIAP_IS1008d_C.foa.1"/>
    <foa endtime="27.92" starttime="25.12" type="place" place="table" nite:id="IDIAP_IS1008d_C.foa.2"/>
    <foa endtime="30.76" starttime="27.92" type="place" place="slide-screen" nite:id="IDIAP_IS1008d_C.foa.3"/>
    <foa endtime="31.12" starttime="30.76" type="place" place="table" nite:id="IDIAP_IS1008d_C.foa.4"/>
    <foa endtime="31.24" starttime="31.12" type="unspecified" nite:id="IDIAP_IS1008d_C.foa.5"/>
    <foa endtime="31.44" starttime="31.24" type="person" role="ME" nxt_agent="D" nite:id="IDIAP_IS1008d_C.foa.6"/>
    <foa endtime="32.68" starttime="31.44" type="place" place="table" nite:id="IDIAP_IS1008d_C.foa.7"/>
    <foa endtime="33.56" starttime="32.68" type="person" role="ID" nxt_agent="B" nite:id="IDIAP_IS1008d_C.foa.8"/>
    <foa endtime="33.76" starttime="33.56" type="place" place="slide-screen" nite:id="IDIAP_IS1008d_C.foa.9"/>
    <foa endtime="35.32" starttime="33.76" type="person" role="ID" nxt_agent="B" nite:id="IDIAP_IS1008d_C.foa.10"/>
    <foa endtime="50.24" starttime="35.32" type="place" place="table" nite:id="IDIAP_IS1008d_C.foa.11"/>
    <foa endtime="50.88" starttime="50.24" type="person" role="ME" nxt_agent="D" nite:id="IDIAP_IS1008d_C.foa.12"/>
    <foa endtime="51.6" starttime="50.88" type="place" place="table" nite:id="IDIAP_IS1008d_C.foa.13"/>
    <foa endtime="52.48" starttime="51.6" type="person" role="ME" nxt_agent="D" nite:id="IDIAP_IS1008d_C.foa.14"/>
    <foa endtime="52.96" starttime="52.48" type="person" role="ID" nxt_agent="B" nite:id="IDIAP_IS1008d_C.foa.15"/>
    <foa endtime="58.68" starttime="52.96" type="place" place="slide-screen" nite:id="IDIAP_IS1008d_C.foa.16"/>
    <foa endtime="59.28" starttime="58.68" type="person" role="ID" nxt_agent="B" nite:id="IDIAP_IS1008d_C.foa.17"/>
    <foa endtime="60.72" starttime="59.28" type="place" place="table" nite:id="IDIAP_IS1008d_C.foa.18"/>
    <foa endtime="61.56" starttime="60.72" type="person" role="ID" nxt_agent="B" nite:id="IDIAP_IS1008d_C.foa.19"/>
    <foa endtime="68.56" starttime="61.56" type="place" place="slide-screen" nite:id="IDIAP_IS1008d_C.foa.20"/>
    <foa endtime="69.04" starttime="68.56" type="person" role="ID" nxt_agent="B" nite:id="IDIAP_IS1008d_C.foa.21"/>
    <foa endtime="74.92" starttime="69.04" type="place" place="slide-screen" nite:id="IDIAP_IS1008d_C.foa.22"/>
    <foa endtime="77.12" starttime="74.92" type="person" role="ID" nxt_agent="B" nite:id="IDIAP_IS1008d_C.foa.23"/>
    <foa endtime="77.24" starttime="77.12" type="place" place="slide-screen" nite:id="IDIAP_IS1008d_C.foa.24"/>
    <foa endtime="80.36" starttime="77.24" type="person" role="PM" nxt_agent="A" nite:id="IDIAP_IS1008d_C.foa.25"/>
    <foa endtime="80.6" starttime="80.36" type="person" role="ID" nxt_agent="B" nite:id="IDIAP_IS1008d_C.foa.26"/>
    <foa endtime="80.96" starttime="80.6" type="place" place="table" nite:id="IDIAP_IS1008d_C.foa.27"/>
    <foa endtime="81.68" starttime="80.96" type="person" role="ID" nxt_agent="B" nite:id="IDIAP_IS1008d_C.foa.28"/>
    <foa endtime="82.28" starttime="81.68" type="place" place="slide-screen" nite:id="IDIAP_IS1008d_C.foa.29"/>
    <foa endtime="83.72" starttime="82.28" type="place" place="table" nite:id="IDIAP_IS1008d_C.foa.30"/>
    <foa endtime="97.68" starttime="83.72" type="place" place="slide-screen" nite:id="IDIAP_IS1008d_C.foa.31"/>
    <foa endtime="99.48" starttime="97.68" type="place" place="table" nite:id="IDIAP_IS1008d_C.foa.32"/>
    <foa endtime="103.2" starttime="99.48" type="person" role="ID" nxt_agent="B" nite:id="IDIAP_IS1008d_C.foa.33"/>
    <foa endtime="137.48" starttime="103.2" type="place" place="slide-screen" nite:id="IDIAP_IS1008d_C.foa.34"/>
    <foa endtime="137.88" starttime="137.48" type="person" role="ID" nxt_agent="B" nite:id="IDIAP_IS1008d_C.foa.35"/>
    <foa endtime="138.48" starttime="137.88" type="place" place="table" nite:id="IDIAP_IS1008d_C.foa.36"/>
    <foa endtime="139.68" starttime="138.48" type="place" place="slide-screen" nite:id="IDIAP_IS1008d_C.foa.37"/>
    <foa endtime="140.04" starttime="139.68" type="person" role="ID" nxt_agent="B" nite:id="IDIAP_IS1008d_C.foa.38"/>
    <foa endtime="140.28" starttime="140.04" type="place" place="table" nite:id="IDIAP_IS1008d_C.foa.39"/>
    <foa endtime="141.36" starttime="140.28" type="place" place="slide-screen" nite:id="IDIAP_IS1008d_C.foa.40"/>
    <foa endtime="145.44" starttime="141.36" type="place" place="table" nite:id="IDIAP_IS1008d_C.foa.41"/>
    <foa endtime="149.56" starttime="145.44" type="place" place="slide-screen" nite:id="IDIAP_IS1008d_C.foa.42"/>
    <foa endtime="149.96" starttime="149.56" type="place" place="table" nite:id="IDIAP_IS1008d_C.foa.43"/>
    <foa endtime="153.76" starttime="149.96" type="place" place="slide-screen" nite:id="IDIAP_IS1008d_C.foa.44"/>
    <foa endtime="154.24" starttime="153.76" type="place" place="table" nite:id="IDIAP_IS1008d_C.foa.45"/>
    <foa endtime="156.4" starttime="154.24" type="place" place="slide-screen" nite:id="IDIAP_IS1008d_C.foa.46"/>
    <foa endtime="157.0" starttime="156.4" type="person" role="ID" nxt_agent="B" nite:id="IDIAP_IS1008d_C.foa.47"/>
    <foa endtime="157.96" starttime="157.0" type="place" place="slide-screen" nite:id="IDIAP_IS1008d_C.foa.48"/>
    <foa endtime="159.4" starttime="157.96" type="person" role="ID" nxt_agent="B" nite:id="IDIAP_IS1008d_C.foa.49"/>
    <foa endtime="159.76" starttime="159.4" type="person" role="ME" nxt_agent="D" nite:id="IDIAP_IS1008d_C.foa.50"/>
    <foa endtime="160.24" starttime="159.76" type="person" role="ID" nxt_agent="B" nite:id="IDIAP_IS1008d_C.foa.51"/>
    <foa endtime="161.76" starttime="160.24" type="place" place="slide-screen" nite:id="IDIAP_IS1008d_C.foa.52"/>
    <foa endtime="161.88" starttime="161.76" type="person" role="ID" nxt_agent="B" nite:id="IDIAP_IS1008d_C.foa.53"/>
    <foa endtime="163.56" starttime="161.88" type="person" role="ME" nxt_agent="D" nite:id="IDIAP_IS1008d_C.foa.54"/>
    <foa endtime="165.6" starttime="163.56" type="person" role="ID" nxt_agent="B" nite:id="IDIAP_IS1008d_C.foa.55"/>
    <foa endtime="177.2" starttime="165.6" type="place" place="slide-screen" nite:id="IDIAP_IS1008d_C.foa.56"/>
    <foa endtime="182.0" starttime="177.2" type="person" role="ME" nxt_agent="D" nite:id="IDIAP_IS1008d_C.foa.57"/>
    <foa endtime="183.08" starttime="182.0" type="place" place="slide-screen" nite:id="IDIAP_IS1008d_C.foa.58"/>
    <foa endtime="190.56" starttime="183.08" type="place" place="table" nite:id="IDIAP_IS1008d_C.foa.59"/>
    <foa endtime="191.16" starttime="190.56" type="person" role="ID" nxt_agent="B" nite:id="IDIAP_IS1008d_C.foa.60"/>
    <foa endtime="191.52" starttime="191.16" type="person" role="ME" nxt_agent="D" nite:id="IDIAP_IS1008d_C.foa.61"/>
    <foa endtime="192.36" starttime="191.52" type="unspecified" nite:id="IDIAP_IS1008d_C.foa.62"/>
    <foa endtime="192.6" starttime="192.36" type="person" role="ME" nxt_agent="D" nite:id="IDIAP_IS1008d_C.foa.63"/>
    <foa endtime="192.96" starttime="192.6" type="person" role="ID" nxt_agent="B" nite:id="IDIAP_IS1008d_C.foa.64"/>
    <foa endtime="200.0" starttime="192.96" type="unspecified" nite:id="IDIAP_IS1008d_C.foa.65"/>
    <foa endtime="200.6" starttime="200.0" type="person" role="ID" nxt_agent="B" nite:id="IDIAP_IS1008d_C.foa.66"/>
    <foa endtime="200.84" starttime="200.6" type="person" role="ME" nxt_agent="D" nite:id="IDIAP_IS1008d_C.foa.67"/>
    <foa endtime="205.36" starttime="200.84" type="unspecified" nite:id="IDIAP_IS1008d_C.foa.68"/>
    <foa endtime="207.04" starttime="205.36" type="person" role="ME" nxt_agent="D" nite:id="IDIAP_IS1008d_C.foa.69"/>
    <foa endtime="207.64" starttime="207.04" type="person" role="ID" nxt_agent="B" nite:id="IDIAP_IS1008d_C.foa.70"/>
    <foa endtime="213.04" starttime="207.64" type="unspecified" nite:id="IDIAP_IS1008d_C.foa.71"/>
    <foa endtime="213.4" starttime="213.04" type="person" role="ME" nxt_agent="D" nite:id="IDIAP_IS1008d_C.foa.72"/>
    <foa endtime="214.6" starttime="213.4" type="unspecified" nite:id="IDIAP_IS1008d_C.foa.73"/>
    <foa endtime="216.28" starttime="214.6" type="person" role="ID" nxt_agent="B" nite:id="IDIAP_IS1008d_C.foa.74"/>
    <foa endtime="216.52" starttime="216.28" type="person" role="ME" nxt_agent="D" nite:id="IDIAP_IS1008d_C.foa.75"/>
    <foa endtime="218.72" starttime="216.52" type="unspecified" nite:id="IDIAP_IS1008d_C.foa.76"/>
    <foa endtime="219.36" starttime="218.72" type="person" role="ID" nxt_agent="B" nite:id="IDIAP_IS1008d_C.foa.77"/>
    <foa endtime="219.96" starttime="219.36" type="person" role="ME" nxt_agent="D" nite:id="IDIAP_IS1008d_C.foa.78"/>
    <foa endtime="221.8" starttime="219.96" type="unspecified" nite:id="IDIAP_IS1008d_C.foa.79"/>
    <foa endtime="223.0" starttime="221.8" type="person" role="ME" nxt_agent="D" nite:id="IDIAP_IS1008d_C.foa.80"/>
    <foa endtime="223.6" starttime="223.0" type="person" role="ID" nxt_agent="B" nite:id="IDIAP_IS1008d_C.foa.81"/>
    <foa endtime="231.44" starttime="223.6" type="unspecified" nite:id="IDIAP_IS1008d_C.foa.82"/>
    <foa endtime="232.28" starttime="231.44" type="person" role="ID" nxt_agent="B" nite:id="IDIAP_IS1008d_C.foa.83"/>
    <foa endtime="232.4" starttime="232.28" type="place" place="table" nite:id="IDIAP_IS1008d_C.foa.84"/>
    <foa endtime="233.16" starttime="232.4" type="unspecified" nite:id="IDIAP_IS1008d_C.foa.85"/>
    <foa endtime="234.36" starttime="233.16" type="person" role="ME" nxt_agent="D" nite:id="IDIAP_IS1008d_C.foa.86"/>
    <foa endtime="240.24" starttime="234.36" type="unspecified" nite:id="IDIAP_IS1008d_C.foa.87"/>
    <foa endtime="241.2" starttime="240.24" type="person" role="ID" nxt_agent="B" nite:id="IDIAP_IS1008d_C.foa.88"/>
    <foa endtime="245.36" starttime="241.2" type="person" role="ME" nxt_agent="D" nite:id="IDIAP_IS1008d_C.foa.89"/>
    <foa endtime="245.96" starttime="245.36" type="person" role="ID" nxt_agent="B" nite:id="IDIAP_IS1008d_C.foa.90"/>
    <foa endtime="249.0" starttime="245.96" type="unspecified" nite:id="IDIAP_IS1008d_C.foa.91"/>
    <foa endtime="251.0" starttime="249.0" type="person" role="ID" nxt_agent="B" nite:id="IDIAP_IS1008d_C.foa.92"/>
    <foa endtime="251.48" starttime="251.0" type="unspecified" nite:id="IDIAP_IS1008d_C.foa.93"/>
    <foa endtime="252.08" starttime="251.48" type="person" role="ID" nxt_agent="B" nite:id="IDIAP_IS1008d_C.foa.94"/>
    <foa endtime="252.68" starttime="252.08" type="unspecified" nite:id="IDIAP_IS1008d_C.foa.95"/>
    <foa endtime="254.48" starttime="252.68" type="person" role="ID" nxt_agent="B" nite:id="IDIAP_IS1008d_C.foa.96"/>
    <foa endtime="256.04" starttime="254.48" type="person" role="ME" nxt_agent="D" nite:id="IDIAP_IS1008d_C.foa.97"/>
    <foa endtime="256.4" starttime="256.04" type="unspecified" nite:id="IDIAP_IS1008d_C.foa.98"/>
    <foa endtime="258.08" starttime="256.4" type="person" role="ME" nxt_agent="D" nite:id="IDIAP_IS1008d_C.foa.99"/>
    <foa endtime="260.0" starttime="258.08" type="person" role="ID" nxt_agent="B" nite:id="IDIAP_IS1008d_C.foa.100"/>
    <foa endtime="263.96" starttime="260.0" type="person" role="ME" nxt_agent="D" nite:id="IDIAP_IS1008d_C.foa.101"/>
    <foa endtime="267.0" starttime="263.96" type="person" role="ID" nxt_agent="B" nite:id="IDIAP_IS1008d_C.foa.102"/>
    <foa endtime="267.96" starttime="267.0" type="unspecified" nite:id="IDIAP_IS1008d_C.foa.103"/>
    <foa endtime="269.64" starttime="267.96" type="person" role="ID" nxt_agent="B" nite:id="IDIAP_IS1008d_C.foa.104"/>
    <foa endtime="270.72" starttime="269.64" type="unspecified" nite:id="IDIAP_IS1008d_C.foa.105"/>
    <foa endtime="271.68" starttime="270.72" type="person" role="ID" nxt_agent="B" nite:id="IDIAP_IS1008d_C.foa.106"/>
    <foa endtime="272.52" starttime="271.68" type="unspecified" nite:id="IDIAP_IS1008d_C.foa.107"/>
    <foa endtime="274.96" starttime="272.52" type="person" role="ID" nxt_agent="B" nite:id="IDIAP_IS1008d_C.foa.108"/>
    <foa endtime="276.28" starttime="274.96" type="unspecified" nite:id="IDIAP_IS1008d_C.foa.109"/>
    <foa endtime="281.92" starttime="276.28" type="person" role="ID" nxt_agent="B" nite:id="IDIAP_IS1008d_C.foa.110"/>
    <foa endtime="284.16" starttime="281.92" type="person" role="PM" nxt_agent="A" nite:id="IDIAP_IS1008d_C.foa.111"/>
    <foa endtime="284.52" starttime="284.16" type="person" role="ID" nxt_agent="B" nite:id="IDIAP_IS1008d_C.foa.112"/>
    <foa endtime="285.24" starttime="284.52" type="unspecified" nite:id="IDIAP_IS1008d_C.foa.113"/>
    <foa endtime="286.32" starttime="285.24" type="person" role="ID" nxt_agent="B" nite:id="IDIAP_IS1008d_C.foa.114"/>
    <foa endtime="286.92" starttime="286.32" type="person" role="ME" nxt_agent="D" nite:id="IDIAP_IS1008d_C.foa.115"/>
    <foa endtime="288.24" starttime="286.92" type="person" role="ID" nxt_agent="B" nite:id="IDIAP_IS1008d_C.foa.116"/>
    <foa endtime="289.08" starttime="288.24" type="person" role="ME" nxt_agent="D" nite:id="IDIAP_IS1008d_C.foa.117"/>
    <foa endtime="292.04" starttime="289.08" type="person" role="ID" nxt_agent="B" nite:id="IDIAP_IS1008d_C.foa.118"/>
    <foa endtime="292.56" starttime="292.04" type="person" role="ME" nxt_agent="D" nite:id="IDIAP_IS1008d_C.foa.119"/>
    <foa endtime="296.28" starttime="292.56" type="person" role="ID" nxt_agent="B" nite:id="IDIAP_IS1008d_C.foa.120"/>
    <foa endtime="297.12" starttime="296.28" type="place" place="table" nite:id="IDIAP_IS1008d_C.foa.121"/>
    <foa endtime="297.84" starttime="297.12" type="person" role="ID" nxt_agent="B" nite:id="IDIAP_IS1008d_C.foa.122"/>
    <foa endtime="297.96" starttime="297.84" type="place" place="table" nite:id="IDIAP_IS1008d_C.foa.123"/>
    <foa endtime="298.2" starttime="297.96" type="person" role="ID" nxt_agent="B" nite:id="IDIAP_IS1008d_C.foa.124"/>
    <foa endtime="299.28" starttime="298.2" type="person" role="ME" nxt_agent="D" nite:id="IDIAP_IS1008d_C.foa.125"/>
    <foa endtime="302.28" starttime="299.28" type="person" role="ID" nxt_agent="B" nite:id="IDIAP_IS1008d_C.foa.126"/>
    <foa endtime="305.64" starttime="302.28" type="person" role="PM" nxt_agent="A" nite:id="IDIAP_IS1008d_C.foa.127"/>
    <foa endtime="306.6" starttime="305.64" type="person" role="ID" nxt_agent="B" nite:id="IDIAP_IS1008d_C.foa.128"/>
    <foa endtime="307.68" starttime="306.6" type="person" role="PM" nxt_agent="A" nite:id="IDIAP_IS1008d_C.foa.129"/>
    <foa endtime="309.36" starttime="307.68" type="place" place="table" nite:id="IDIAP_IS1008d_C.foa.130"/>
    <foa endtime="315.12" starttime="309.36" type="person" role="PM" nxt_agent="A" nite:id="IDIAP_IS1008d_C.foa.131"/>
    <foa endtime="317.4" starttime="315.12" type="place" place="table" nite:id="IDIAP_IS1008d_C.foa.132"/>
    <foa endtime="319.52" starttime="317.4" type="person" role="ID" nxt_agent="B" nite:id="IDIAP_IS1008d_C.foa.133"/>
    <foa endtime="320.72" starttime="319.52" type="place" place="table" nite:id="IDIAP_IS1008d_C.foa.134"/>
    <foa endtime="323.0" starttime="320.72" type="person" role="ID" nxt_agent="B" nite:id="IDIAP_IS1008d_C.foa.135"/>
    <foa endtime="323.12" starttime="323.0" type="place" place="table" nite:id="IDIAP_IS1008d_C.foa.136"/>
    <foa endtime="323.96" starttime="323.12" type="person" role="ID" nxt_agent="B" nite:id="IDIAP_IS1008d_C.foa.137"/>
    <foa endtime="324.8" starttime="323.96" type="person" role="PM" nxt_agent="A" nite:id="IDIAP_IS1008d_C.foa.138"/>
    <foa endtime="325.04" starttime="324.8" type="person" role="ID" nxt_agent="B" nite:id="IDIAP_IS1008d_C.foa.139"/>
    <foa endtime="325.16" starttime="325.04" type="person" role="PM" nxt_agent="A" nite:id="IDIAP_IS1008d_C.foa.140"/>
    <foa endtime="326.36" starttime="325.16" type="place" place="slide-screen" nite:id="IDIAP_IS1008d_C.foa.141"/>
    <foa endtime="329.12" starttime="326.36" type="person" role="ID" nxt_agent="B" nite:id="IDIAP_IS1008d_C.foa.142"/>
    <foa endtime="329.72" starttime="329.12" type="place" place="table" nite:id="IDIAP_IS1008d_C.foa.143"/>
    <foa endtime="330.2" starttime="329.72" type="person" role="ID" nxt_agent="B" nite:id="IDIAP_IS1008d_C.foa.144"/>
    <foa endtime="331.64" starttime="330.2" type="person" role="PM" nxt_agent="A" nite:id="IDIAP_IS1008d_C.foa.145"/>
    <foa endtime="332.64" starttime="331.64" type="person" role="ID" nxt_agent="B" nite:id="IDIAP_IS1008d_C.foa.146"/>
    <foa endtime="333.2" starttime="332.64" type="place" place="table" nite:id="IDIAP_IS1008d_C.foa.147"/>
    <foa endtime="333.68" starttime="333.2" type="person" role="ME" nxt_agent="D" nite:id="IDIAP_IS1008d_C.foa.148"/>
    <foa endtime="339.56" starttime="333.68" type="person" role="ID" nxt_agent="B" nite:id="IDIAP_IS1008d_C.foa.149"/>
    <foa endtime="340.04" starttime="339.56" type="place" place="table" nite:id="IDIAP_IS1008d_C.foa.150"/>
    <foa endtime="340.64" starttime="340.04" type="person" role="ID" nxt_agent="B" nite:id="IDIAP_IS1008d_C.foa.151"/>
    <foa endtime="341.0" starttime="340.64" type="place" place="table" nite:id="IDIAP_IS1008d_C.foa.152"/>
    <foa endtime="341.72" starttime="341.0" type="person" role="ID" nxt_agent="B" nite:id="IDIAP_IS1008d_C.foa.153"/>
    <foa endtime="342.08" starttime="341.72" type="place" place="table" nite:id="IDIAP_IS1008d_C.foa.154"/>
    <foa endtime="342.92" starttime="342.08" type="person" role="ID" nxt_agent="B" nite:id="IDIAP_IS1008d_C.foa.155"/>
    <foa endtime="343.16" starttime="342.92" type="place" place="table" nite:id="IDIAP_IS1008d_C.foa.156"/>
    <foa endtime="344.96" starttime="343.16" type="person" role="ID" nxt_agent="B" nite:id="IDIAP_IS1008d_C.foa.157"/>
    <foa endtime="345.44" starttime="344.96" type="person" role="ME" nxt_agent="D" nite:id="IDIAP_IS1008d_C.foa.158"/>
    <foa endtime="348.08" starttime="345.44" type="person" role="ID" nxt_agent="B" nite:id="IDIAP_IS1008d_C.foa.159"/>
    <foa endtime="348.44" starttime="348.08" type="person" role="ME" nxt_agent="D" nite:id="IDIAP_IS1008d_C.foa.160"/>
    <foa endtime="348.92" starttime="348.44" type="person" role="ID" nxt_agent="B" nite:id="IDIAP_IS1008d_C.foa.161"/>
    <foa endtime="350.24" starttime="348.92" type="person" role="ME" nxt_agent="D" nite:id="IDIAP_IS1008d_C.foa.162"/>
    <foa endtime="352.04" starttime="350.24" type="place" place="table" nite:id="IDIAP_IS1008d_C.foa.163"/>
    <foa endtime="353.12" starttime="352.04" type="person" role="ME" nxt_agent="D" nite:id="IDIAP_IS1008d_C.foa.164"/>
    <foa endtime="354.16" starttime="353.12" type="place" place="table" nite:id="IDIAP_IS1008d_C.foa.165"/>
    <foa endtime="354.52" starttime="354.16" type="person" role="ID" nxt_agent="B" nite:id="IDIAP_IS1008d_C.foa.166"/>
    <foa endtime="357.76" starttime="354.52" type="place" place="table" nite:id="IDIAP_IS1008d_C.foa.167"/>
    <foa endtime="358.0" starttime="357.76" type="person" role="ID" nxt_agent="B" nite:id="IDIAP_IS1008d_C.foa.168"/>
    <foa endtime="358.24" starttime="358.0" type="person" role="ME" nxt_agent="D" nite:id="IDIAP_IS1008d_C.foa.169"/>
    <foa endtime="358.84" starttime="358.24" type="place" place="table" nite:id="IDIAP_IS1008d_C.foa.170"/>
    <foa endtime="360.28" starttime="358.84" type="person" role="ME" nxt_agent="D" nite:id="IDIAP_IS1008d_C.foa.171"/>
    <foa endtime="361.12" starttime="360.28" type="person" role="ID" nxt_agent="B" nite:id="IDIAP_IS1008d_C.foa.172"/>
    <foa endtime="362.56" starttime="361.12" type="place" place="table" nite:id="IDIAP_IS1008d_C.foa.173"/>
    <foa endtime="365.44" starttime="362.56" type="unspecified" nite:id="IDIAP_IS1008d_C.foa.174"/>
    <foa endtime="365.56" starttime="365.44" type="place" place="table" nite:id="IDIAP_IS1008d_C.foa.175"/>
    <foa endtime="365.8" starttime="365.56" type="unspecified" nite:id="IDIAP_IS1008d_C.foa.176"/>
    <foa endtime="366.04" starttime="365.8" type="person" role="ME" nxt_agent="D" nite:id="IDIAP_IS1008d_C.foa.177"/>
    <foa endtime="368.44" starttime="366.04" type="place" place="table" nite:id="IDIAP_IS1008d_C.foa.178"/>
    <foa endtime="369.08" starttime="368.44" type="person" role="ME" nxt_agent="D" nite:id="IDIAP_IS1008d_C.foa.179"/>
    <foa endtime="370.2" starttime="369.08" type="place" place="table" nite:id="IDIAP_IS1008d_C.foa.180"/>
    <foa endtime="370.52" starttime="370.2" type="person" role="ME" nxt_agent="D" nite:id="IDIAP_IS1008d_C.foa.181"/>
    <foa endtime="372.32" starttime="370.52" type="place" place="table" nite:id="IDIAP_IS1008d_C.foa.182"/>
    <foa endtime="373.16" starttime="372.32" type="person" role="ME" nxt_agent="D" nite:id="IDIAP_IS1008d_C.foa.183"/>
    <foa endtime="376.88" starttime="373.16" type="place" place="table" nite:id="IDIAP_IS1008d_C.foa.184"/>
    <foa endtime="377.12" starttime="376.88" type="person" role="ID" nxt_agent="B" nite:id="IDIAP_IS1008d_C.foa.185"/>
    <foa endtime="377.72" starttime="377.12" type="person" role="PM" nxt_agent="A" nite:id="IDIAP_IS1008d_C.foa.186"/>
    <foa endtime="378.8" starttime="377.72" type="person" role="ID" nxt_agent="B" nite:id="IDIAP_IS1008d_C.foa.187"/>
    <foa endtime="380.36" starttime="378.8" type="place" place="table" nite:id="IDIAP_IS1008d_C.foa.188"/>
    <foa endtime="380.64" starttime="380.36" type="person" role="ID" nxt_agent="B" nite:id="IDIAP_IS1008d_C.foa.189"/>
    <foa endtime="381.52" starttime="380.64" type="person" role="ME" nxt_agent="D" nite:id="IDIAP_IS1008d_C.foa.190"/>
    <foa endtime="381.84" starttime="381.52" type="person" role="ID" nxt_agent="B" nite:id="IDIAP_IS1008d_C.foa.191"/>
    <foa endtime="383.92" starttime="381.84" type="place" place="table" nite:id="IDIAP_IS1008d_C.foa.192"/>
    <foa endtime="385.72" starttime="383.92" type="person" role="ID" nxt_agent="B" nite:id="IDIAP_IS1008d_C.foa.193"/>
    <foa endtime="389.2" starttime="385.72" type="unspecified" nite:id="IDIAP_IS1008d_C.foa.194"/>
    <foa endtime="389.8" starttime="389.2" type="person" role="ID" nxt_agent="B" nite:id="IDIAP_IS1008d_C.foa.195"/>
    <foa endtime="390.16" starttime="389.8" type="person" role="ME" nxt_agent="D" nite:id="IDIAP_IS1008d_C.foa.196"/>
    <foa endtime="390.88" starttime="390.16" type="unspecified" nite:id="IDIAP_IS1008d_C.foa.197"/>
    <foa endtime="391.84" starttime="390.88" type="person" role="ID" nxt_agent="B" nite:id="IDIAP_IS1008d_C.foa.198"/>
    <foa endtime="392.44" starttime="391.84" type="person" role="ME" nxt_agent="D" nite:id="IDIAP_IS1008d_C.foa.199"/>
    <foa endtime="392.8" starttime="392.44" type="person" role="ID" nxt_agent="B" nite:id="IDIAP_IS1008d_C.foa.200"/>
    <foa endtime="393.16" starttime="392.8" type="person" role="ME" nxt_agent="D" nite:id="IDIAP_IS1008d_C.foa.201"/>
    <foa endtime="393.88" starttime="393.16" type="unspecified" nite:id="IDIAP_IS1008d_C.foa.202"/>
    <foa endtime="394.72" starttime="393.88" type="person" role="PM" nxt_agent="A" nite:id="IDIAP_IS1008d_C.foa.203"/>
    <foa endtime="395.68" starttime="394.72" type="unspecified" nite:id="IDIAP_IS1008d_C.foa.204"/>
    <foa endtime="396.52" starttime="395.68" type="person" role="PM" nxt_agent="A" nite:id="IDIAP_IS1008d_C.foa.205"/>
    <foa endtime="396.76" starttime="396.52" type="unspecified" nite:id="IDIAP_IS1008d_C.foa.206"/>
    <foa endtime="397.36" starttime="396.76" type="person" role="PM" nxt_agent="A" nite:id="IDIAP_IS1008d_C.foa.207"/>
    <foa endtime="398.92" starttime="397.36" type="unspecified" nite:id="IDIAP_IS1008d_C.foa.208"/>
    <foa endtime="399.88" starttime="398.92" type="person" role="ME" nxt_agent="D" nite:id="IDIAP_IS1008d_C.foa.209"/>
    <foa endtime="400.72" starttime="399.88" type="unspecified" nite:id="IDIAP_IS1008d_C.foa.210"/>
    <foa endtime="402.04" starttime="400.72" type="person" role="ID" nxt_agent="B" nite:id="IDIAP_IS1008d_C.foa.211"/>
    <foa endtime="403.96" starttime="402.04" type="unspecified" nite:id="IDIAP_IS1008d_C.foa.212"/>
    <foa endtime="406.84" starttime="403.96" type="person" role="ID" nxt_agent="B" nite:id="IDIAP_IS1008d_C.foa.213"/>
    <foa endtime="407.32" starttime="406.84" type="unspecified" nite:id="IDIAP_IS1008d_C.foa.214"/>
    <foa endtime="408.28" starttime="407.32" type="person" role="ID" nxt_agent="B" nite:id="IDIAP_IS1008d_C.foa.215"/>
    <foa endtime="409.96" starttime="408.28" type="unspecified" nite:id="IDIAP_IS1008d_C.foa.216"/>
    <foa endtime="410.56" starttime="409.96" type="person" role="ME" nxt_agent="D" nite:id="IDIAP_IS1008d_C.foa.217"/>
    <foa endtime="414.4" starttime="410.56" type="person" role="ID" nxt_agent="B" nite:id="IDIAP_IS1008d_C.foa.218"/>
    <foa endtime="414.76" starttime="414.4" type="person" role="ME" nxt_agent="D" nite:id="IDIAP_IS1008d_C.foa.219"/>
    <foa endtime="419.2" starttime="414.76" type="person" role="ID" nxt_agent="B" nite:id="IDIAP_IS1008d_C.foa.220"/>
    <foa endtime="420.16" starttime="419.2" type="person" role="ME" nxt_agent="D" nite:id="IDIAP_IS1008d_C.foa.221"/>
    <foa endtime="420.48" starttime="420.16" type="person" role="ID" nxt_agent="B" nite:id="IDIAP_IS1008d_C.foa.222"/>
    <foa endtime="422.76" starttime="420.48" type="unspecified" nite:id="IDIAP_IS1008d_C.foa.223"/>
    <foa endtime="424.36" starttime="422.76" type="place" place="slide-screen" nite:id="IDIAP_IS1008d_C.foa.224"/>
    <foa endtime="426.68" starttime="424.36" type="unspecified" nite:id="IDIAP_IS1008d_C.foa.225"/>
    <foa endtime="428.04" starttime="426.68" type="place" place="slide-screen" nite:id="IDIAP_IS1008d_C.foa.226"/>
    <foa endtime="432.08" starttime="428.04" type="place" place="table" nite:id="IDIAP_IS1008d_C.foa.227"/>
    <foa endtime="432.52" starttime="432.08" type="person" role="PM" nxt_agent="A" nite:id="IDIAP_IS1008d_C.foa.228"/>
    <foa endtime="434.4" starttime="432.52" type="place" place="table" nite:id="IDIAP_IS1008d_C.foa.229"/>
    <foa endtime="438.04" starttime="434.4" type="person" role="ME" nxt_agent="D" nite:id="IDIAP_IS1008d_C.foa.230"/>
    <foa endtime="438.96" starttime="438.04" type="place" place="table" nite:id="IDIAP_IS1008d_C.foa.231"/>
    <foa endtime="440.52" starttime="438.96" type="person" role="ME" nxt_agent="D" nite:id="IDIAP_IS1008d_C.foa.232"/>
    <foa endtime="440.76" starttime="440.52" type="person" role="ID" nxt_agent="B" nite:id="IDIAP_IS1008d_C.foa.233"/>
    <foa endtime="442.08" starttime="440.76" type="place" place="table" nite:id="IDIAP_IS1008d_C.foa.234"/>
    <foa endtime="444.28" starttime="442.08" type="person" role="ME" nxt_agent="D" nite:id="IDIAP_IS1008d_C.foa.235"/>
    <foa endtime="445.36" starttime="444.28" type="place" place="table" nite:id="IDIAP_IS1008d_C.foa.236"/>
    <foa endtime="445.96" starttime="445.36" type="person" role="PM" nxt_agent="A" nite:id="IDIAP_IS1008d_C.foa.237"/>
    <foa endtime="446.72" starttime="445.96" type="place" place="table" nite:id="IDIAP_IS1008d_C.foa.238"/>
    <foa endtime="447.04" starttime="446.72" type="person" role="PM" nxt_agent="A" nite:id="IDIAP_IS1008d_C.foa.239"/>
    <foa endtime="447.88" starttime="447.04" type="place" place="slide-screen" nite:id="IDIAP_IS1008d_C.foa.240"/>
    <foa endtime="452.32" starttime="447.88" type="person" role="PM" nxt_agent="A" nite:id="IDIAP_IS1008d_C.foa.241"/>
    <foa endtime="452.44" starttime="452.32" type="person" role="ID" nxt_agent="B" nite:id="IDIAP_IS1008d_C.foa.242"/>
    <foa endtime="453.16" starttime="452.44" type="place" place="table" nite:id="IDIAP_IS1008d_C.foa.243"/>
    <foa endtime="454.24" starttime="453.16" type="person" role="ID" nxt_agent="B" nite:id="IDIAP_IS1008d_C.foa.244"/>
    <foa endtime="457.28" starttime="454.24" type="place" place="slide-screen" nite:id="IDIAP_IS1008d_C.foa.245"/>
    <foa endtime="460.48" starttime="457.28" type="place" place="table" nite:id="IDIAP_IS1008d_C.foa.246"/>
    <foa endtime="461.48" starttime="460.48" type="person" role="ID" nxt_agent="B" nite:id="IDIAP_IS1008d_C.foa.247"/>
    <foa endtime="462.48" starttime="461.48" type="place" place="table" nite:id="IDIAP_IS1008d_C.foa.248"/>
    <foa endtime="474.32" starttime="462.48" type="person" role="PM" nxt_agent="A" nite:id="IDIAP_IS1008d_C.foa.249"/>
    <foa endtime="519.72" starttime="474.32" type="place" place="slide-screen" nite:id="IDIAP_IS1008d_C.foa.250"/>
    <foa endtime="520.2" starttime="519.72" type="person" role="ID" nxt_agent="B" nite:id="IDIAP_IS1008d_C.foa.251"/>
    <foa endtime="524.4" starttime="520.2" type="place" place="slide-screen" nite:id="IDIAP_IS1008d_C.foa.252"/>
    <foa endtime="527.4" starttime="524.4" type="person" role="ME" nxt_agent="D" nite:id="IDIAP_IS1008d_C.foa.253"/>
    <foa endtime="528.8" starttime="527.4" type="place" place="slide-screen" nite:id="IDIAP_IS1008d_C.foa.254"/>
    <foa endtime="529.28" starttime="528.8" type="person" role="ID" nxt_agent="B" nite:id="IDIAP_IS1008d_C.foa.255"/>
    <foa endtime="540.48" starttime="529.28" type="place" place="slide-screen" nite:id="IDIAP_IS1008d_C.foa.256"/>
    <foa endtime="543.72" starttime="540.48" type="person" role="ME" nxt_agent="D" nite:id="IDIAP_IS1008d_C.foa.257"/>
    <foa endtime="547.8" starttime="543.72" type="place" place="slide-screen" nite:id="IDIAP_IS1008d_C.foa.258"/>
    <foa endtime="549.48" starttime="547.8" type="person" role="ME" nxt_agent="D" nite:id="IDIAP_IS1008d_C.foa.259"/>
    <foa endtime="557.04" starttime="549.48" type="place" place="slide-screen" nite:id="IDIAP_IS1008d_C.foa.260"/>
    <foa endtime="557.16" starttime="557.04" type="person" role="ID" nxt_agent="B" nite:id="IDIAP_IS1008d_C.foa.261"/>
    <foa endtime="557.76" starttime="557.16" type="person" role="ME" nxt_agent="D" nite:id="IDIAP_IS1008d_C.foa.262"/>
    <foa endtime="565.24" starttime="557.76" type="place" place="slide-screen" nite:id="IDIAP_IS1008d_C.foa.263"/>
    <foa endtime="566.2" starttime="565.24" type="person" role="ME" nxt_agent="D" nite:id="IDIAP_IS1008d_C.foa.264"/>
    <foa endtime="567.72" starttime="566.2" type="place" place="slide-screen" nite:id="IDIAP_IS1008d_C.foa.265"/>
    <foa endtime="570.36" starttime="567.72" type="person" role="ME" nxt_agent="D" nite:id="IDIAP_IS1008d_C.foa.266"/>
    <foa endtime="572.36" starttime="570.36" type="place" place="slide-screen" nite:id="IDIAP_IS1008d_C.foa.267"/>
    <foa endtime="573.28" starttime="572.36" type="person" role="ME" nxt_agent="D" nite:id="IDIAP_IS1008d_C.foa.268"/>
    <foa endtime="574.48" starttime="573.28" type="person" role="ID" nxt_agent="B" nite:id="IDIAP_IS1008d_C.foa.269"/>
    <foa endtime="574.88" starttime="574.48" type="place" place="slide-screen" nite:id="IDIAP_IS1008d_C.foa.270"/>
    <foa endtime="579.28" starttime="574.88" type="person" role="ID" nxt_agent="B" nite:id="IDIAP_IS1008d_C.foa.271"/>
    <foa endtime="584.48" starttime="579.28" type="place" place="slide-screen" nite:id="IDIAP_IS1008d_C.foa.272"/>
    <foa endtime="586.08" starttime="584.48" type="person" role="ME" nxt_agent="D" nite:id="IDIAP_IS1008d_C.foa.273"/>
    <foa endtime="587.28" starttime="586.08" type="place" place="table" nite:id="IDIAP_IS1008d_C.foa.274"/>
    <foa endtime="587.68" starttime="587.28" type="person" role="ME" nxt_agent="D" nite:id="IDIAP_IS1008d_C.foa.275"/>
    <foa endtime="589.28" starttime="587.68" type="person" role="PM" nxt_agent="A" nite:id="IDIAP_IS1008d_C.foa.276"/>
    <foa endtime="590.64" starttime="589.28" type="place" place="table" nite:id="IDIAP_IS1008d_C.foa.277"/>
    <foa endtime="603.68" starttime="590.64" type="person" role="ME" nxt_agent="D" nite:id="IDIAP_IS1008d_C.foa.278"/>
    <foa endtime="606.08" starttime="603.68" type="place" place="table" nite:id="IDIAP_IS1008d_C.foa.279"/>
    <foa endtime="617.0" starttime="606.08" type="person" role="PM" nxt_agent="A" nite:id="IDIAP_IS1008d_C.foa.280"/>
    <foa endtime="620.4" starttime="617.0" type="person" role="ME" nxt_agent="D" nite:id="IDIAP_IS1008d_C.foa.281"/>
    <foa endtime="620.8" starttime="620.4" type="place" place="table" nite:id="IDIAP_IS1008d_C.foa.282"/>
    <foa endtime="622.16" starttime="620.8" type="person" role="ME" nxt_agent="D" nite:id="IDIAP_IS1008d_C.foa.283"/>
    <foa endtime="627.96" starttime="622.16" type="place" place="slide-screen" nite:id="IDIAP_IS1008d_C.foa.284"/>
    <foa endtime="628.84" starttime="627.96" type="person" role="ID" nxt_agent="B" nite:id="IDIAP_IS1008d_C.foa.285"/>
    <foa endtime="631.0" starttime="628.84" type="place" place="slide-screen" nite:id="IDIAP_IS1008d_C.foa.286"/>
    <foa endtime="632.8" starttime="631.0" type="person" role="ID" nxt_agent="B" nite:id="IDIAP_IS1008d_C.foa.287"/>
    <foa endtime="633.32" starttime="632.8" type="place" place="slide-screen" nite:id="IDIAP_IS1008d_C.foa.288"/>
    <foa endtime="646.12" starttime="633.32" type="person" role="ID" nxt_agent="B" nite:id="IDIAP_IS1008d_C.foa.289"/>
    <foa endtime="646.6" starttime="646.12" type="place" place="table" nite:id="IDIAP_IS1008d_C.foa.290"/>
    <foa endtime="648.8" starttime="646.6" type="person" role="ID" nxt_agent="B" nite:id="IDIAP_IS1008d_C.foa.291"/>
    <foa endtime="652.24" starttime="648.8" type="place" place="slide-screen" nite:id="IDIAP_IS1008d_C.foa.292"/>
    <foa endtime="654.0" starttime="652.24" type="person" role="ID" nxt_agent="B" nite:id="IDIAP_IS1008d_C.foa.293"/>
    <foa endtime="654.68" starttime="654.0" type="person" role="ME" nxt_agent="D" nite:id="IDIAP_IS1008d_C.foa.294"/>
    <foa endtime="658.16" starttime="654.68" type="person" role="ID" nxt_agent="B" nite:id="IDIAP_IS1008d_C.foa.295"/>
    <foa endtime="658.84" starttime="658.16" type="place" place="slide-screen" nite:id="IDIAP_IS1008d_C.foa.296"/>
    <foa endtime="659.64" starttime="658.84" type="person" role="ID" nxt_agent="B" nite:id="IDIAP_IS1008d_C.foa.297"/>
    <foa endtime="664.08" starttime="659.64" type="place" place="slide-screen" nite:id="IDIAP_IS1008d_C.foa.298"/>
    <foa endtime="664.48" starttime="664.08" type="person" role="ID" nxt_agent="B" nite:id="IDIAP_IS1008d_C.foa.299"/>
    <foa endtime="703.16" starttime="664.48" type="place" place="slide-screen" nite:id="IDIAP_IS1008d_C.foa.300"/>
    <foa endtime="703.68" starttime="703.16" type="person" role="ME" nxt_agent="D" nite:id="IDIAP_IS1008d_C.foa.301"/>
    <foa endtime="710.32" starttime="703.68" type="place" place="slide-screen" nite:id="IDIAP_IS1008d_C.foa.302"/>
    <foa endtime="711.04" starttime="710.32" type="person" role="ME" nxt_agent="D" nite:id="IDIAP_IS1008d_C.foa.303"/>
    <foa endtime="718.16" starttime="711.04" type="place" place="slide-screen" nite:id="IDIAP_IS1008d_C.foa.304"/>
    <foa endtime="718.44" starttime="718.16" type="person" role="ID" nxt_agent="B" nite:id="IDIAP_IS1008d_C.foa.305"/>
    <foa endtime="732.28" starttime="718.44" type="place" place="slide-screen" nite:id="IDIAP_IS1008d_C.foa.306"/>
    <foa endtime="732.64" starttime="732.28" type="person" role="PM" nxt_agent="A" nite:id="IDIAP_IS1008d_C.foa.307"/>
    <foa endtime="734.04" starttime="732.64" type="place" place="slide-screen" nite:id="IDIAP_IS1008d_C.foa.308"/>
    <foa endtime="735.96" starttime="734.04" type="person" role="PM" nxt_agent="A" nite:id="IDIAP_IS1008d_C.foa.309"/>
    <foa endtime="765.48" starttime="735.96" type="place" place="slide-screen" nite:id="IDIAP_IS1008d_C.foa.310"/>
    <foa endtime="766.04" starttime="765.48" type="person" role="PM" nxt_agent="A" nite:id="IDIAP_IS1008d_C.foa.311"/>
    <foa endtime="767.16" starttime="766.04" type="place" place="slide-screen" nite:id="IDIAP_IS1008d_C.foa.312"/>
    <foa endtime="768.68" starttime="767.16" type="person" role="ME" nxt_agent="D" nite:id="IDIAP_IS1008d_C.foa.313"/>
    <foa endtime="769.04" starttime="768.68" type="place" place="table" nite:id="IDIAP_IS1008d_C.foa.314"/>
    <foa endtime="770.32" starttime="769.04" type="place" place="slide-screen" nite:id="IDIAP_IS1008d_C.foa.315"/>
    <foa endtime="771.24" starttime="770.32" type="place" place="table" nite:id="IDIAP_IS1008d_C.foa.316"/>
    <foa endtime="771.72" starttime="771.24" type="person" role="PM" nxt_agent="A" nite:id="IDIAP_IS1008d_C.foa.317"/>
    <foa endtime="781.96" starttime="771.72" type="place" place="slide-screen" nite:id="IDIAP_IS1008d_C.foa.318"/>
    <foa endtime="783.52" starttime="781.96" type="person" role="ID" nxt_agent="B" nite:id="IDIAP_IS1008d_C.foa.319"/>
    <foa endtime="785.08" starttime="783.52" type="place" place="slide-screen" nite:id="IDIAP_IS1008d_C.foa.320"/>
    <foa endtime="785.44" starttime="785.08" type="person" role="ID" nxt_agent="B" nite:id="IDIAP_IS1008d_C.foa.321"/>
    <foa endtime="798.36" starttime="785.44" type="place" place="slide-screen" nite:id="IDIAP_IS1008d_C.foa.322"/>
    <foa endtime="805.32" starttime="798.36" type="person" role="ME" nxt_agent="D" nite:id="IDIAP_IS1008d_C.foa.323"/>
    <foa endtime="811.36" starttime="805.32" type="place" place="slide-screen" nite:id="IDIAP_IS1008d_C.foa.324"/>
    <foa endtime="812.32" starttime="811.36" type="person" role="ID" nxt_agent="B" nite:id="IDIAP_IS1008d_C.foa.325"/>
    <foa endtime="816.76" starttime="812.32" type="place" place="slide-screen" nite:id="IDIAP_IS1008d_C.foa.326"/>
    <foa endtime="817.28" starttime="816.76" type="person" role="ID" nxt_agent="B" nite:id="IDIAP_IS1008d_C.foa.327"/>
    <foa endtime="826.32" starttime="817.28" type="place" place="slide-screen" nite:id="IDIAP_IS1008d_C.foa.328"/>
    <foa endtime="828.12" starttime="826.32" type="person" role="ME" nxt_agent="D" nite:id="IDIAP_IS1008d_C.foa.329"/>
    <foa endtime="839.88" starttime="828.12" type="place" place="slide-screen" nite:id="IDIAP_IS1008d_C.foa.330"/>
    <foa endtime="841.84" starttime="839.88" type="person" role="ME" nxt_agent="D" nite:id="IDIAP_IS1008d_C.foa.331"/>
    <foa endtime="842.32" starttime="841.84" type="place" place="table" nite:id="IDIAP_IS1008d_C.foa.332"/>
    <foa endtime="846.44" starttime="842.32" type="person" role="ME" nxt_agent="D" nite:id="IDIAP_IS1008d_C.foa.333"/>
    <foa endtime="847.84" starttime="846.44" type="person" role="ID" nxt_agent="B" nite:id="IDIAP_IS1008d_C.foa.334"/>
    <foa endtime="850.04" starttime="847.84" type="person" role="ME" nxt_agent="D" nite:id="IDIAP_IS1008d_C.foa.335"/>
    <foa endtime="853.96" starttime="850.04" type="place" place="slide-screen" nite:id="IDIAP_IS1008d_C.foa.336"/>
    <foa endtime="855.44" starttime="853.96" type="person" role="ME" nxt_agent="D" nite:id="IDIAP_IS1008d_C.foa.337"/>
    <foa endtime="856.6" starttime="855.44" type="person" role="ID" nxt_agent="B" nite:id="IDIAP_IS1008d_C.foa.338"/>
    <foa endtime="857.36" starttime="856.6" type="place" place="slide-screen" nite:id="IDIAP_IS1008d_C.foa.339"/>
    <foa endtime="857.92" starttime="857.36" type="person" role="ID" nxt_agent="B" nite:id="IDIAP_IS1008d_C.foa.340"/>
    <foa endtime="861.28" starttime="857.92" type="place" place="slide-screen" nite:id="IDIAP_IS1008d_C.foa.341"/>
    <foa endtime="870.76" starttime="861.28" type="person" role="ID" nxt_agent="B" nite:id="IDIAP_IS1008d_C.foa.342"/>
    <foa endtime="871.08" starttime="870.76" type="person" role="ME" nxt_agent="D" nite:id="IDIAP_IS1008d_C.foa.343"/>
    <foa endtime="873.4" starttime="871.08" type="person" role="ID" nxt_agent="B" nite:id="IDIAP_IS1008d_C.foa.344"/>
    <foa endtime="873.88" starttime="873.4" type="person" role="ME" nxt_agent="D" nite:id="IDIAP_IS1008d_C.foa.345"/>
    <foa endtime="874.92" starttime="873.88" type="place" place="table" nite:id="IDIAP_IS1008d_C.foa.346"/>
    <foa endtime="894.52" starttime="874.92" type="person" role="ID" nxt_agent="B" nite:id="IDIAP_IS1008d_C.foa.347"/>
    <foa endtime="894.8" starttime="894.52" type="person" role="ME" nxt_agent="D" nite:id="IDIAP_IS1008d_C.foa.348"/>
    <foa endtime="904.36" starttime="894.8" type="person" role="ID" nxt_agent="B" nite:id="IDIAP_IS1008d_C.foa.349"/>
    <foa endtime="906.28" starttime="904.36" type="place" place="slide-screen" nite:id="IDIAP_IS1008d_C.foa.350"/>
    <foa endtime="906.96" starttime="906.28" type="person" role="ME" nxt_agent="D" nite:id="IDIAP_IS1008d_C.foa.351"/>
    <foa endtime="908.44" starttime="906.96" type="person" role="ID" nxt_agent="B" nite:id="IDIAP_IS1008d_C.foa.352"/>
    <foa endtime="908.76" starttime="908.44" type="person" role="ME" nxt_agent="D" nite:id="IDIAP_IS1008d_C.foa.353"/>
    <foa endtime="909.2" starttime="908.76" type="person" role="ID" nxt_agent="B" nite:id="IDIAP_IS1008d_C.foa.354"/>
    <foa endtime="910.04" starttime="909.2" type="person" role="ME" nxt_agent="D" nite:id="IDIAP_IS1008d_C.foa.355"/>
    <foa endtime="911.88" starttime="910.04" type="person" role="ID" nxt_agent="B" nite:id="IDIAP_IS1008d_C.foa.356"/>
    <foa endtime="912.88" starttime="911.88" type="person" role="ME" nxt_agent="D" nite:id="IDIAP_IS1008d_C.foa.357"/>
    <foa endtime="917.48" starttime="912.88" type="person" role="ID" nxt_agent="B" nite:id="IDIAP_IS1008d_C.foa.358"/>
    <foa endtime="919.8" starttime="917.48" type="place" place="slide-screen" nite:id="IDIAP_IS1008d_C.foa.359"/>
    <foa endtime="920.16" starttime="919.8" type="person" role="ID" nxt_agent="B" nite:id="IDIAP_IS1008d_C.foa.360"/>
    <foa endtime="922.32" starttime="920.16" type="person" role="ME" nxt_agent="D" nite:id="IDIAP_IS1008d_C.foa.361"/>
    <foa endtime="922.76" starttime="922.32" type="person" role="ID" nxt_agent="B" nite:id="IDIAP_IS1008d_C.foa.362"/>
    <foa endtime="924.44" starttime="922.76" type="person" role="ME" nxt_agent="D" nite:id="IDIAP_IS1008d_C.foa.363"/>
    <foa endtime="928.72" starttime="924.44" type="person" role="ID" nxt_agent="B" nite:id="IDIAP_IS1008d_C.foa.364"/>
    <foa endtime="934.08" starttime="928.72" type="person" role="ME" nxt_agent="D" nite:id="IDIAP_IS1008d_C.foa.365"/>
    <foa endtime="937.16" starttime="934.08" type="person" role="ID" nxt_agent="B" nite:id="IDIAP_IS1008d_C.foa.366"/>
    <foa endtime="939.44" starttime="937.16" type="person" role="ME" nxt_agent="D" nite:id="IDIAP_IS1008d_C.foa.367"/>
    <foa endtime="949.52" starttime="939.44" type="person" role="ID" nxt_agent="B" nite:id="IDIAP_IS1008d_C.foa.368"/>
    <foa endtime="951.96" starttime="949.52" type="person" role="ME" nxt_agent="D" nite:id="IDIAP_IS1008d_C.foa.369"/>
    <foa endtime="960.0" starttime="951.96" type="person" role="ID" nxt_agent="B" nite:id="IDIAP_IS1008d_C.foa.370"/>
    <foa endtime="960.88" starttime="960.0" type="place" place="slide-screen" nite:id="IDIAP_IS1008d_C.foa.371"/>
    <foa endtime="962.32" starttime="960.88" type="person" role="ME" nxt_agent="D" nite:id="IDIAP_IS1008d_C.foa.372"/>
    <foa endtime="962.76" starttime="962.32" type="place" place="table" nite:id="IDIAP_IS1008d_C.foa.373"/>
    <foa endtime="966.72" starttime="962.76" type="person" role="ME" nxt_agent="D" nite:id="IDIAP_IS1008d_C.foa.374"/>
    <foa endtime="967.12" starttime="966.72" type="person" role="ID" nxt_agent="B" nite:id="IDIAP_IS1008d_C.foa.375"/>
    <foa endtime="970.4" starttime="967.12" type="person" role="ME" nxt_agent="D" nite:id="IDIAP_IS1008d_C.foa.376"/>
    <foa endtime="971.96" starttime="970.4" type="place" place="slide-screen" nite:id="IDIAP_IS1008d_C.foa.377"/>
    <foa endtime="974.24" starttime="971.96" type="person" role="ME" nxt_agent="D" nite:id="IDIAP_IS1008d_C.foa.378"/>
    <foa endtime="974.68" starttime="974.24" type="person" role="ID" nxt_agent="B" nite:id="IDIAP_IS1008d_C.foa.379"/>
    <foa endtime="976.88" starttime="974.68" type="person" role="ME" nxt_agent="D" nite:id="IDIAP_IS1008d_C.foa.380"/>
    <foa endtime="977.28" starttime="976.88" type="person" role="ID" nxt_agent="B" nite:id="IDIAP_IS1008d_C.foa.381"/>
    <foa endtime="980.2" starttime="977.28" type="person" role="ME" nxt_agent="D" nite:id="IDIAP_IS1008d_C.foa.382"/>
    <foa endtime="981.96" starttime="980.2" type="person" role="ID" nxt_agent="B" nite:id="IDIAP_IS1008d_C.foa.383"/>
    <foa endtime="983.76" starttime="981.96" type="person" role="ME" nxt_agent="D" nite:id="IDIAP_IS1008d_C.foa.384"/>
    <foa endtime="984.8" starttime="983.76" type="person" role="ID" nxt_agent="B" nite:id="IDIAP_IS1008d_C.foa.385"/>
    <foa endtime="986.24" starttime="984.8" type="person" role="ME" nxt_agent="D" nite:id="IDIAP_IS1008d_C.foa.386"/>
    <foa endtime="987.12" starttime="986.24" type="person" role="ID" nxt_agent="B" nite:id="IDIAP_IS1008d_C.foa.387"/>
    <foa endtime="993.72" starttime="987.12" type="place" place="slide-screen" nite:id="IDIAP_IS1008d_C.foa.388"/>
    <foa endtime="995.56" starttime="993.72" type="person" role="PM" nxt_agent="A" nite:id="IDIAP_IS1008d_C.foa.389"/>
    <foa endtime="1007.68" starttime="995.56" type="place" place="slide-screen" nite:id="IDIAP_IS1008d_C.foa.390"/>
    <foa endtime="1008.48" starttime="1007.68" type="person" role="ID" nxt_agent="B" nite:id="IDIAP_IS1008d_C.foa.391"/>
    <foa endtime="1010.04" starttime="1008.48" type="person" role="ME" nxt_agent="D" nite:id="IDIAP_IS1008d_C.foa.392"/>
    <foa endtime="1011.36" starttime="1010.04" type="person" role="ID" nxt_agent="B" nite:id="IDIAP_IS1008d_C.foa.393"/>
    <foa endtime="1012.36" starttime="1011.36" type="person" role="PM" nxt_agent="A" nite:id="IDIAP_IS1008d_C.foa.394"/>
    <foa endtime="1015.32" starttime="1012.36" type="place" place="slide-screen" nite:id="IDIAP_IS1008d_C.foa.395"/>
    <foa endtime="1018.96" starttime="1015.32" type="person" role="ID" nxt_agent="B" nite:id="IDIAP_IS1008d_C.foa.396"/>
    <foa endtime="1020.44" starttime="1018.96" type="place" place="slide-screen" nite:id="IDIAP_IS1008d_C.foa.397"/>
    <foa endtime="1027.96" starttime="1020.44" type="person" role="ID" nxt_agent="B" nite:id="IDIAP_IS1008d_C.foa.398"/>
    <foa endtime="1028.8" starttime="1027.96" type="person" role="ME" nxt_agent="D" nite:id="IDIAP_IS1008d_C.foa.399"/>
    <foa endtime="1032.28" starttime="1028.8" type="person" role="ID" nxt_agent="B" nite:id="IDIAP_IS1008d_C.foa.400"/>
    <foa endtime="1035.76" starttime="1032.28" type="person" role="ME" nxt_agent="D" nite:id="IDIAP_IS1008d_C.foa.401"/>
    <foa endtime="1038.64" starttime="1035.76" type="person" role="PM" nxt_agent="A" nite:id="IDIAP_IS1008d_C.foa.402"/>
    <foa endtime="1040.48" starttime="1038.64" type="person" role="ID" nxt_agent="B" nite:id="IDIAP_IS1008d_C.foa.403"/>
    <foa endtime="1042.4" starttime="1040.48" type="person" role="ME" nxt_agent="D" nite:id="IDIAP_IS1008d_C.foa.404"/>
    <foa endtime="1043.4" starttime="1042.4" type="person" role="ID" nxt_agent="B" nite:id="IDIAP_IS1008d_C.foa.405"/>
    <foa endtime="1047.44" starttime="1043.4" type="place" place="slide-screen" nite:id="IDIAP_IS1008d_C.foa.406"/>
    <foa endtime="1048.08" starttime="1047.44" type="person" role="ID" nxt_agent="B" nite:id="IDIAP_IS1008d_C.foa.407"/>
    <foa endtime="1049.12" starttime="1048.08" type="person" role="PM" nxt_agent="A" nite:id="IDIAP_IS1008d_C.foa.408"/>
    <foa endtime="1052.44" starttime="1049.12" type="place" place="slide-screen" nite:id="IDIAP_IS1008d_C.foa.409"/>
    <foa endtime="1053.0" starttime="1052.44" type="person" role="ID" nxt_agent="B" nite:id="IDIAP_IS1008d_C.foa.410"/>
    <foa endtime="1053.56" starttime="1053.0" type="person" role="ME" nxt_agent="D" nite:id="IDIAP_IS1008d_C.foa.411"/>
    <foa endtime="1054.92" starttime="1053.56" type="person" role="ID" nxt_agent="B" nite:id="IDIAP_IS1008d_C.foa.412"/>
    <foa endtime="1062.28" starttime="1054.92" type="place" place="slide-screen" nite:id="IDIAP_IS1008d_C.foa.413"/>
    <foa endtime="1062.8" starttime="1062.28" type="person" role="ME" nxt_agent="D" nite:id="IDIAP_IS1008d_C.foa.414"/>
    <foa endtime="1064.52" starttime="1062.8" type="person" role="ID" nxt_agent="B" nite:id="IDIAP_IS1008d_C.foa.415"/>
    <foa endtime="1065.8" starttime="1064.52" type="place" place="table" nite:id="IDIAP_IS1008d_C.foa.416"/>
    <foa endtime="1070.08" starttime="1065.8" type="place" place="slide-screen" nite:id="IDIAP_IS1008d_C.foa.417"/>
    <foa endtime="1070.72" starttime="1070.08" type="person" role="ID" nxt_agent="B" nite:id="IDIAP_IS1008d_C.foa.418"/>
    <foa endtime="1082.36" starttime="1070.72" type="place" place="slide-screen" nite:id="IDIAP_IS1008d_C.foa.419"/>
    <foa endtime="1083.56" starttime="1082.36" type="person" role="ID" nxt_agent="B" nite:id="IDIAP_IS1008d_C.foa.420"/>
    <foa endtime="1085.32" starttime="1083.56" type="place" place="slide-screen" nite:id="IDIAP_IS1008d_C.foa.421"/>
    <foa endtime="1085.84" starttime="1085.32" type="person" role="ID" nxt_agent="B" nite:id="IDIAP_IS1008d_C.foa.422"/>
    <foa endtime="1092.08" starttime="1085.84" type="place" place="slide-screen" nite:id="IDIAP_IS1008d_C.foa.423"/>
    <foa endtime="1092.6" starttime="1092.08" type="person" role="ID" nxt_agent="B" nite:id="IDIAP_IS1008d_C.foa.424"/>
    <foa endtime="1094.08" starttime="1092.6" type="person" role="ME" nxt_agent="D" nite:id="IDIAP_IS1008d_C.foa.425"/>
    <foa endtime="1094.64" starttime="1094.08" type="person" role="ID" nxt_agent="B" nite:id="IDIAP_IS1008d_C.foa.426"/>
    <foa endtime="1095.32" starttime="1094.64" type="place" place="slide-screen" nite:id="IDIAP_IS1008d_C.foa.427"/>
    <foa endtime="1095.8" starttime="1095.32" type="person" role="ID" nxt_agent="B" nite:id="IDIAP_IS1008d_C.foa.428"/>
    <foa endtime="1100.56" starttime="1095.8" type="person" role="PM" nxt_agent="A" nite:id="IDIAP_IS1008d_C.foa.429"/>
    <foa endtime="1102.4" starttime="1100.56" type="person" role="ID" nxt_agent="B" nite:id="IDIAP_IS1008d_C.foa.430"/>
    <foa endtime="1103.16" starttime="1102.4" type="person" role="ME" nxt_agent="D" nite:id="IDIAP_IS1008d_C.foa.431"/>
    <foa endtime="1105.48" starttime="1103.16" type="person" role="ID" nxt_agent="B" nite:id="IDIAP_IS1008d_C.foa.432"/>
    <foa endtime="1106.32" starttime="1105.48" type="person" role="ME" nxt_agent="D" nite:id="IDIAP_IS1008d_C.foa.433"/>
    <foa endtime="1109.08" starttime="1106.32" type="person" role="PM" nxt_agent="A" nite:id="IDIAP_IS1008d_C.foa.434"/>
    <foa endtime="1116.52" starttime="1109.08" type="place" place="slide-screen" nite:id="IDIAP_IS1008d_C.foa.435"/>
    <foa endtime="1120.92" starttime="1116.52" type="person" role="ID" nxt_agent="B" nite:id="IDIAP_IS1008d_C.foa.436"/>
    <foa endtime="1121.96" starttime="1120.92" type="place" place="table" nite:id="IDIAP_IS1008d_C.foa.437"/>
    <foa endtime="1122.04" starttime="1121.96" type="person" role="PM" nxt_agent="A" nite:id="IDIAP_IS1008d_C.foa.438"/>
    <foa endtime="1128.64" starttime="1122.04" type="place" place="slide-screen" nite:id="IDIAP_IS1008d_C.foa.439"/>
    <foa endtime="1130.68" starttime="1128.64" type="person" role="ID" nxt_agent="B" nite:id="IDIAP_IS1008d_C.foa.440"/>
    <foa endtime="1131.8" starttime="1130.68" type="person" role="PM" nxt_agent="A" nite:id="IDIAP_IS1008d_C.foa.441"/>
    <foa endtime="1132.6" starttime="1131.8" type="place" place="slide-screen" nite:id="IDIAP_IS1008d_C.foa.442"/>
    <foa endtime="1134.56" starttime="1132.6" type="person" role="ID" nxt_agent="B" nite:id="IDIAP_IS1008d_C.foa.443"/>
    <foa endtime="1135.8" starttime="1134.56" type="person" role="PM" nxt_agent="A" nite:id="IDIAP_IS1008d_C.foa.444"/>
    <foa endtime="1136.44" starttime="1135.8" type="person" role="ME" nxt_agent="D" nite:id="IDIAP_IS1008d_C.foa.445"/>
    <foa endtime="1137.12" starttime="1136.44" type="person" role="ID" nxt_agent="B" nite:id="IDIAP_IS1008d_C.foa.446"/>
    <foa endtime="1139.44" starttime="1137.12" type="person" role="PM" nxt_agent="A" nite:id="IDIAP_IS1008d_C.foa.447"/>
    <foa endtime="1140.8" starttime="1139.44" type="person" role="ID" nxt_agent="B" nite:id="IDIAP_IS1008d_C.foa.448"/>
    <foa endtime="1142.2" starttime="1140.8" type="person" role="ME" nxt_agent="D" nite:id="IDIAP_IS1008d_C.foa.449"/>
    <foa endtime="1144.32" starttime="1142.2" type="person" role="ID" nxt_agent="B" nite:id="IDIAP_IS1008d_C.foa.450"/>
    <foa endtime="1145.44" starttime="1144.32" type="person" role="PM" nxt_agent="A" nite:id="IDIAP_IS1008d_C.foa.451"/>
    <foa endtime="1146.52" starttime="1145.44" type="person" role="ME" nxt_agent="D" nite:id="IDIAP_IS1008d_C.foa.452"/>
    <foa endtime="1146.8" starttime="1146.52" type="person" role="ID" nxt_agent="B" nite:id="IDIAP_IS1008d_C.foa.453"/>
    <foa endtime="1147.08" starttime="1146.8" type="person" role="PM" nxt_agent="A" nite:id="IDIAP_IS1008d_C.foa.454"/>
    <foa endtime="1148.32" starttime="1147.08" type="place" place="slide-screen" nite:id="IDIAP_IS1008d_C.foa.455"/>
    <foa endtime="1149.2" starttime="1148.32" type="person" role="ID" nxt_agent="B" nite:id="IDIAP_IS1008d_C.foa.456"/>
    <foa endtime="1156.36" starttime="1149.2" type="person" role="PM" nxt_agent="A" nite:id="IDIAP_IS1008d_C.foa.457"/>
    <foa endtime="1163.48" starttime="1156.36" type="person" role="ID" nxt_agent="B" nite:id="IDIAP_IS1008d_C.foa.458"/>
    <foa endtime="1164.16" starttime="1163.48" type="person" role="ME" nxt_agent="D" nite:id="IDIAP_IS1008d_C.foa.459"/>
    <foa endtime="1165.04" starttime="1164.16" type="person" role="ID" nxt_agent="B" nite:id="IDIAP_IS1008d_C.foa.460"/>
    <foa endtime="1166.16" starttime="1165.04" type="person" role="ME" nxt_agent="D" nite:id="IDIAP_IS1008d_C.foa.461"/>
    <foa endtime="1166.52" starttime="1166.16" type="person" role="ID" nxt_agent="B" nite:id="IDIAP_IS1008d_C.foa.462"/>
    <foa endtime="1167.92" starttime="1166.52" type="place" place="table" nite:id="IDIAP_IS1008d_C.foa.463"/>
    <foa endtime="1168.84" starttime="1167.92" type="person" role="ID" nxt_agent="B" nite:id="IDIAP_IS1008d_C.foa.464"/>
    <foa endtime="1170.84" starttime="1168.84" type="unspecified" nite:id="IDIAP_IS1008d_C.foa.465"/>
    <foa endtime="1171.76" starttime="1170.84" type="person" role="ID" nxt_agent="B" nite:id="IDIAP_IS1008d_C.foa.466"/>
    <foa endtime="1173.2" starttime="1171.76" type="person" role="PM" nxt_agent="A" nite:id="IDIAP_IS1008d_C.foa.467"/>
    <foa endtime="1177.72" starttime="1173.2" type="person" role="ID" nxt_agent="B" nite:id="IDIAP_IS1008d_C.foa.468"/>
    <foa endtime="1178.44" starttime="1177.72" type="person" role="ME" nxt_agent="D" nite:id="IDIAP_IS1008d_C.foa.469"/>
    <foa endtime="1179.32" starttime="1178.44" type="person" role="ID" nxt_agent="B" nite:id="IDIAP_IS1008d_C.foa.470"/>
    <foa endtime="1180.48" starttime="1179.32" type="person" role="PM" nxt_agent="A" nite:id="IDIAP_IS1008d_C.foa.471"/>
    <foa endtime="1186.68" starttime="1180.48" type="place" place="slide-screen" nite:id="IDIAP_IS1008d_C.foa.472"/>
    <foa endtime="1187.48" starttime="1186.68" type="person" role="ID" nxt_agent="B" nite:id="IDIAP_IS1008d_C.foa.473"/>
    <foa endtime="1188.6" starttime="1187.48" type="person" role="PM" nxt_agent="A" nite:id="IDIAP_IS1008d_C.foa.474"/>
    <foa endtime="1191.16" starttime="1188.6" type="unspecified" nite:id="IDIAP_IS1008d_C.foa.475"/>
    <foa endtime="1192.28" starttime="1191.16" type="person" role="PM" nxt_agent="A" nite:id="IDIAP_IS1008d_C.foa.476"/>
    <foa endtime="1196.52" starttime="1192.28" type="unspecified" nite:id="IDIAP_IS1008d_C.foa.477"/>
    <foa endtime="1197.08" starttime="1196.52" type="person" role="ME" nxt_agent="D" nite:id="IDIAP_IS1008d_C.foa.478"/>
    <foa endtime="1197.6" starttime="1197.08" type="person" role="ID" nxt_agent="B" nite:id="IDIAP_IS1008d_C.foa.479"/>
    <foa endtime="1199.0" starttime="1197.6" type="person" role="PM" nxt_agent="A" nite:id="IDIAP_IS1008d_C.foa.480"/>
    <foa endtime="1209.4" starttime="1199.0" type="place" place="slide-screen" nite:id="IDIAP_IS1008d_C.foa.481"/>
    <foa endtime="1220.8" starttime="1209.4" type="person" role="ID" nxt_agent="B" nite:id="IDIAP_IS1008d_C.foa.482"/>
    <foa endtime="1222.16" starttime="1220.8" type="person" role="ME" nxt_agent="D" nite:id="IDIAP_IS1008d_C.foa.483"/>
    <foa endtime="1224.92" starttime="1222.16" type="person" role="ID" nxt_agent="B" nite:id="IDIAP_IS1008d_C.foa.484"/>
    <foa endtime="1225.4" starttime="1224.92" type="person" role="ME" nxt_agent="D" nite:id="IDIAP_IS1008d_C.foa.485"/>
    <foa endtime="1228.36" starttime="1225.4" type="person" role="ID" nxt_agent="B" nite:id="IDIAP_IS1008d_C.foa.486"/>
    <foa endtime="1232.2" starttime="1228.36" type="person" role="ME" nxt_agent="D" nite:id="IDIAP_IS1008d_C.foa.487"/>
    <foa endtime="1234.04" starttime="1232.2" type="person" role="ID" nxt_agent="B" nite:id="IDIAP_IS1008d_C.foa.488"/>
    <foa endtime="1234.28" starttime="1234.04" type="person" role="ME" nxt_agent="D" nite:id="IDIAP_IS1008d_C.foa.489"/>
    <foa endtime="1235.64" starttime="1234.28" type="person" role="ID" nxt_agent="B" nite:id="IDIAP_IS1008d_C.foa.490"/>
    <foa endtime="1238.28" starttime="1235.64" type="person" role="ME" nxt_agent="D" nite:id="IDIAP_IS1008d_C.foa.491"/>
    <foa endtime="1239.8" starttime="1238.28" type="person" role="ID" nxt_agent="B" nite:id="IDIAP_IS1008d_C.foa.492"/>
    <foa endtime="1240.72" starttime="1239.8" type="place" place="table" nite:id="IDIAP_IS1008d_C.foa.493"/>
    <foa endtime="1249.48" starttime="1240.72" type="person" role="ID" nxt_agent="B" nite:id="IDIAP_IS1008d_C.foa.494"/>
    <foa endtime="1249.92" starttime="1249.48" type="person" role="ME" nxt_agent="D" nite:id="IDIAP_IS1008d_C.foa.495"/>
    <foa endtime="1256.64" starttime="1249.92" type="person" role="ID" nxt_agent="B" nite:id="IDIAP_IS1008d_C.foa.496"/>
    <foa endtime="1257.16" starttime="1256.64" type="person" role="ME" nxt_agent="D" nite:id="IDIAP_IS1008d_C.foa.497"/>
    <foa endtime="1257.84" starttime="1257.16" type="person" role="ID" nxt_agent="B" nite:id="IDIAP_IS1008d_C.foa.498"/>
    <foa endtime="1259.8" starttime="1257.84" type="person" role="ME" nxt_agent="D" nite:id="IDIAP_IS1008d_C.foa.499"/>
    <foa endtime="1268.28" starttime="1259.8" type="person" role="ID" nxt_agent="B" nite:id="IDIAP_IS1008d_C.foa.500"/>
    <foa endtime="1268.72" starttime="1268.28" type="person" role="ME" nxt_agent="D" nite:id="IDIAP_IS1008d_C.foa.501"/>
    <foa endtime="1268.96" starttime="1268.72" type="person" role="ID" nxt_agent="B" nite:id="IDIAP_IS1008d_C.foa.502"/>
    <foa endtime="1269.8" starttime="1268.96" type="person" role="PM" nxt_agent="A" nite:id="IDIAP_IS1008d_C.foa.503"/>
    <foa endtime="1301.32" starttime="1269.8" type="person" role="ID" nxt_agent="B" nite:id="IDIAP_IS1008d_C.foa.504"/>
    <foa endtime="1302.2" starttime="1301.32" type="person" role="ME" nxt_agent="D" nite:id="IDIAP_IS1008d_C.foa.505"/>
    <foa endtime="1304.88" starttime="1302.2" type="person" role="ID" nxt_agent="B" nite:id="IDIAP_IS1008d_C.foa.506"/>
    <foa endtime="1305.32" starttime="1304.88" type="person" role="ME" nxt_agent="D" nite:id="IDIAP_IS1008d_C.foa.507"/>
    <foa endtime="1306.0" starttime="1305.32" type="person" role="ID" nxt_agent="B" nite:id="IDIAP_IS1008d_C.foa.508"/>
    <foa endtime="1307.24" starttime="1306.0" type="place" place="table" nite:id="IDIAP_IS1008d_C.foa.509"/>
    <foa endtime="1307.6" starttime="1307.24" type="person" role="ME" nxt_agent="D" nite:id="IDIAP_IS1008d_C.foa.510"/>
    <foa endtime="1312.52" starttime="1307.6" type="place" place="table" nite:id="IDIAP_IS1008d_C.foa.511"/>
    <foa endtime="1313.08" starttime="1312.52" type="person" role="ID" nxt_agent="B" nite:id="IDIAP_IS1008d_C.foa.512"/>
    <foa endtime="1313.8" starttime="1313.08" type="person" role="ME" nxt_agent="D" nite:id="IDIAP_IS1008d_C.foa.513"/>
    <foa endtime="1315.0" starttime="1313.8" type="person" role="PM" nxt_agent="A" nite:id="IDIAP_IS1008d_C.foa.514"/>
    <foa endtime="1315.6" starttime="1315.0" type="person" role="ID" nxt_agent="B" nite:id="IDIAP_IS1008d_C.foa.515"/>
    <foa endtime="1316.64" starttime="1315.6" type="person" role="PM" nxt_agent="A" nite:id="IDIAP_IS1008d_C.foa.516"/>
    <foa endtime="1320.48" starttime="1316.64" type="place" place="slide-screen" nite:id="IDIAP_IS1008d_C.foa.517"/>
    <foa endtime="1321.6" starttime="1320.48" type="person" role="ID" nxt_agent="B" nite:id="IDIAP_IS1008d_C.foa.518"/>
    <foa endtime="1323.0" starttime="1321.6" type="person" role="ME" nxt_agent="D" nite:id="IDIAP_IS1008d_C.foa.519"/>
    <foa endtime="1340.76" starttime="1323.0" type="person" role="ID" nxt_agent="B" nite:id="IDIAP_IS1008d_C.foa.520"/>
    <foa endtime="1341.08" starttime="1340.76" type="person" role="ME" nxt_agent="D" nite:id="IDIAP_IS1008d_C.foa.521"/>
    <foa endtime="1343.64" starttime="1341.08" type="person" role="ID" nxt_agent="B" nite:id="IDIAP_IS1008d_C.foa.522"/>
    <foa endtime="1344.68" starttime="1343.64" type="place" place="table" nite:id="IDIAP_IS1008d_C.foa.523"/>
    <foa endtime="1350.48" starttime="1344.68" type="person" role="ID" nxt_agent="B" nite:id="IDIAP_IS1008d_C.foa.524"/>
    <foa endtime="1351.36" starttime="1350.48" type="person" role="ME" nxt_agent="D" nite:id="IDIAP_IS1008d_C.foa.525"/>
    <foa endtime="1351.76" starttime="1351.36" type="place" place="table" nite:id="IDIAP_IS1008d_C.foa.526"/>
    <foa endtime="1360.96" starttime="1351.76" type="person" role="ID" nxt_agent="B" nite:id="IDIAP_IS1008d_C.foa.527"/>
    <foa endtime="1362.84" starttime="1360.96" type="place" place="slide-screen" nite:id="IDIAP_IS1008d_C.foa.528"/>
    <foa endtime="1365.64" starttime="1362.84" type="person" role="ID" nxt_agent="B" nite:id="IDIAP_IS1008d_C.foa.529"/>
    <foa endtime="1365.72" starttime="1365.64" type="person" role="PM" nxt_agent="A" nite:id="IDIAP_IS1008d_C.foa.530"/>
    <foa endtime="1366.24" starttime="1365.72" type="place" place="slide-screen" nite:id="IDIAP_IS1008d_C.foa.531"/>
    <foa endtime="1367.72" starttime="1366.24" type="person" role="ID" nxt_agent="B" nite:id="IDIAP_IS1008d_C.foa.532"/>
    <foa endtime="1368.04" starttime="1367.72" type="person" role="ME" nxt_agent="D" nite:id="IDIAP_IS1008d_C.foa.533"/>
    <foa endtime="1369.04" starttime="1368.04" type="person" role="ID" nxt_agent="B" nite:id="IDIAP_IS1008d_C.foa.534"/>
    <foa endtime="1369.56" starttime="1369.04" type="person" role="PM" nxt_agent="A" nite:id="IDIAP_IS1008d_C.foa.535"/>
    <foa endtime="1369.84" starttime="1369.56" type="person" role="ID" nxt_agent="B" nite:id="IDIAP_IS1008d_C.foa.536"/>
    <foa endtime="1371.12" starttime="1369.84" type="person" role="ME" nxt_agent="D" nite:id="IDIAP_IS1008d_C.foa.537"/>
    <foa endtime="1372.0" starttime="1371.12" type="place" place="table" nite:id="IDIAP_IS1008d_C.foa.538"/>
    <foa endtime="1372.8" starttime="1372.0" type="person" role="ME" nxt_agent="D" nite:id="IDIAP_IS1008d_C.foa.539"/>
    <foa endtime="1373.08" starttime="1372.8" type="person" role="ID" nxt_agent="B" nite:id="IDIAP_IS1008d_C.foa.540"/>
    <foa endtime="1373.72" starttime="1373.08" type="person" role="ME" nxt_agent="D" nite:id="IDIAP_IS1008d_C.foa.541"/>
    <foa endtime="1375.64" starttime="1373.72" type="person" role="ID" nxt_agent="B" nite:id="IDIAP_IS1008d_C.foa.542"/>
    <foa endtime="1376.16" starttime="1375.64" type="person" role="ME" nxt_agent="D" nite:id="IDIAP_IS1008d_C.foa.543"/>
    <foa endtime="1378.4" starttime="1376.16" type="place" place="slide-screen" nite:id="IDIAP_IS1008d_C.foa.544"/>
    <foa endtime="1379.2" starttime="1378.4" type="person" role="PM" nxt_agent="A" nite:id="IDIAP_IS1008d_C.foa.545"/>
    <foa endtime="1380.4" starttime="1379.2" type="place" place="table" nite:id="IDIAP_IS1008d_C.foa.546"/>
    <foa endtime="1380.88" starttime="1380.4" type="person" role="ME" nxt_agent="D" nite:id="IDIAP_IS1008d_C.foa.547"/>
    <foa endtime="1381.64" starttime="1380.88" type="person" role="ID" nxt_agent="B" nite:id="IDIAP_IS1008d_C.foa.548"/>
    <foa endtime="1387.68" starttime="1381.64" type="person" role="ME" nxt_agent="D" nite:id="IDIAP_IS1008d_C.foa.549"/>
    <foa endtime="1390.44" starttime="1387.68" type="person" role="ID" nxt_agent="B" nite:id="IDIAP_IS1008d_C.foa.550"/>
    <foa endtime="1391.4" starttime="1390.44" type="person" role="ME" nxt_agent="D" nite:id="IDIAP_IS1008d_C.foa.551"/>
    <foa endtime="1394.2" starttime="1391.4" type="person" role="ID" nxt_agent="B" nite:id="IDIAP_IS1008d_C.foa.552"/>
    <foa endtime="1395.08" starttime="1394.2" type="person" role="ME" nxt_agent="D" nite:id="IDIAP_IS1008d_C.foa.553"/>
    <foa endtime="1395.4" starttime="1395.08" type="person" role="PM" nxt_agent="A" nite:id="IDIAP_IS1008d_C.foa.554"/>
    <foa endtime="1398.48" starttime="1395.4" type="place" place="slide-screen" nite:id="IDIAP_IS1008d_C.foa.555"/>
    <foa endtime="1398.88" starttime="1398.48" type="person" role="ID" nxt_agent="B" nite:id="IDIAP_IS1008d_C.foa.556"/>
    <foa endtime="1400.44" starttime="1398.88" type="place" place="table" nite:id="IDIAP_IS1008d_C.foa.557"/>
    <foa endtime="1401.2" starttime="1400.44" type="person" role="ME" nxt_agent="D" nite:id="IDIAP_IS1008d_C.foa.558"/>
    <foa endtime="1404.48" starttime="1401.2" type="place" place="table" nite:id="IDIAP_IS1008d_C.foa.559"/>
    <foa endtime="1405.96" starttime="1404.48" type="person" role="ID" nxt_agent="B" nite:id="IDIAP_IS1008d_C.foa.560"/>
    <foa endtime="1408.52" starttime="1405.96" type="place" place="table" nite:id="IDIAP_IS1008d_C.foa.561"/>
    <foa endtime="1411.28" starttime="1408.52" type="person" role="PM" nxt_agent="A" nite:id="IDIAP_IS1008d_C.foa.562"/>
    <foa endtime="1414.36" starttime="1411.28" type="place" place="table" nite:id="IDIAP_IS1008d_C.foa.563"/>
    <foa endtime="1415.8" starttime="1414.36" type="person" role="ID" nxt_agent="B" nite:id="IDIAP_IS1008d_C.foa.564"/>
    <foa endtime="1417.24" starttime="1415.8" type="person" role="PM" nxt_agent="A" nite:id="IDIAP_IS1008d_C.foa.565"/>
    <foa endtime="1418.44" starttime="1417.24" type="person" role="ME" nxt_agent="D" nite:id="IDIAP_IS1008d_C.foa.566"/>
    <foa endtime="1422.36" starttime="1418.44" type="person" role="ID" nxt_agent="B" nite:id="IDIAP_IS1008d_C.foa.567"/>
    <foa endtime="1423.48" starttime="1422.36" type="place" place="table" nite:id="IDIAP_IS1008d_C.foa.568"/>
    <foa endtime="1424.44" starttime="1423.48" type="unspecified" nite:id="IDIAP_IS1008d_C.foa.569"/>
    <foa endtime="1426.72" starttime="1424.44" type="place" place="table" nite:id="IDIAP_IS1008d_C.foa.570"/>
    <foa endtime="1427.52" starttime="1426.72" type="person" role="ID" nxt_agent="B" nite:id="IDIAP_IS1008d_C.foa.571"/>
    <foa endtime="1427.84" starttime="1427.52" type="person" role="ME" nxt_agent="D" nite:id="IDIAP_IS1008d_C.foa.572"/>
    <foa endtime="1428.56" starttime="1427.84" type="place" place="table" nite:id="IDIAP_IS1008d_C.foa.573"/>
    <foa endtime="1430.16" starttime="1428.56" type="unspecified" nite:id="IDIAP_IS1008d_C.foa.574"/>
    <foa endtime="1431.2" starttime="1430.16" type="place" place="table" nite:id="IDIAP_IS1008d_C.foa.575"/>
    <foa endtime="1431.72" starttime="1431.2" type="person" role="ID" nxt_agent="B" nite:id="IDIAP_IS1008d_C.foa.576"/>
    <foa endtime="1433.8" starttime="1431.72" type="place" place="table" nite:id="IDIAP_IS1008d_C.foa.577"/>
    <foa endtime="1433.84" starttime="1433.8" type="person" role="PM" nxt_agent="A" nite:id="IDIAP_IS1008d_C.foa.578"/>
    <foa endtime="1435.16" starttime="1433.84" type="unspecified" nite:id="IDIAP_IS1008d_C.foa.579"/>
    <foa endtime="1435.88" starttime="1435.16" type="person" role="ME" nxt_agent="D" nite:id="IDIAP_IS1008d_C.foa.580"/>
    <foa endtime="1438.12" starttime="1435.88" type="person" role="ID" nxt_agent="B" nite:id="IDIAP_IS1008d_C.foa.581"/>
    <foa endtime="1438.84" starttime="1438.12" type="person" role="ME" nxt_agent="D" nite:id="IDIAP_IS1008d_C.foa.582"/>
    <foa endtime="1439.04" starttime="1438.84" type="person" role="ID" nxt_agent="B" nite:id="IDIAP_IS1008d_C.foa.583"/>
    <foa endtime="1439.32" starttime="1439.04" type="place" place="table" nite:id="IDIAP_IS1008d_C.foa.584"/>
    <foa endtime="1470.0" starttime="1439.32" type="unspecified" nite:id="IDIAP_IS1008d_C.foa.585"/>
</nite:root>
