<?xml version="1.0" encoding="UTF-8"?>
<nite:root xmlns:nite="http://nite.sourceforge.net/" nite:id="IDIAP_IS1008a_A.nite:root.1">
    <foa endtime="30.48" starttime="0.0" type="unspecified" nite:id="IDIAP_IS1008a_A.foa.1"/>
    <foa endtime="33.96" starttime="30.48" type="place" place="table" nite:id="IDIAP_IS1008a_A.foa.2"/>
    <foa endtime="34.68" starttime="33.96" type="person" role="UI" nxt_agent="B" nite:id="IDIAP_IS1008a_A.foa.3"/>
    <foa endtime="35.16" starttime="34.68" type="place" place="table" nite:id="IDIAP_IS1008a_A.foa.4"/>
    <foa endtime="37.92" starttime="35.16" type="person" role="UI" nxt_agent="B" nite:id="IDIAP_IS1008a_A.foa.5"/>
    <foa endtime="38.68" starttime="37.92" type="place" place="table" nite:id="IDIAP_IS1008a_A.foa.6"/>
    <foa endtime="39.64" starttime="38.68" type="person" role="UI" nxt_agent="B" nite:id="IDIAP_IS1008a_A.foa.7"/>
    <foa endtime="39.76" starttime="39.64" type="place" place="table" nite:id="IDIAP_IS1008a_A.foa.8"/>
    <foa endtime="42.52" starttime="39.76" type="person" role="UI" nxt_agent="B" nite:id="IDIAP_IS1008a_A.foa.9"/>
    <foa endtime="43.56" starttime="42.52" type="place" place="table" nite:id="IDIAP_IS1008a_A.foa.10"/>
    <foa endtime="43.84" starttime="43.56" type="unspecified" nite:id="IDIAP_IS1008a_A.foa.11"/>
    <foa endtime="46.48" starttime="43.84" type="place" place="table" nite:id="IDIAP_IS1008a_A.foa.12"/>
    <foa endtime="47.08" starttime="46.48" type="person" role="ME" nxt_agent="D" nite:id="IDIAP_IS1008a_A.foa.13"/>
    <foa endtime="48.04" starttime="47.08" type="person" role="UI" nxt_agent="B" nite:id="IDIAP_IS1008a_A.foa.14"/>
    <foa endtime="48.4" starttime="48.04" type="person" role="ME" nxt_agent="D" nite:id="IDIAP_IS1008a_A.foa.15"/>
    <foa endtime="51.48" starttime="48.4" type="place" place="table" nite:id="IDIAP_IS1008a_A.foa.16"/>
    <foa endtime="51.84" starttime="51.48" type="person" role="ME" nxt_agent="D" nite:id="IDIAP_IS1008a_A.foa.17"/>
    <foa endtime="53.72" starttime="51.84" type="place" place="table" nite:id="IDIAP_IS1008a_A.foa.18"/>
    <foa endtime="54.32" starttime="53.72" type="person" role="ME" nxt_agent="D" nite:id="IDIAP_IS1008a_A.foa.19"/>
    <foa endtime="55.04" starttime="54.32" type="person" role="UI" nxt_agent="B" nite:id="IDIAP_IS1008a_A.foa.20"/>
    <foa endtime="56.24" starttime="55.04" type="person" role="ME" nxt_agent="D" nite:id="IDIAP_IS1008a_A.foa.21"/>
    <foa endtime="56.48" starttime="56.24" type="person" role="UI" nxt_agent="B" nite:id="IDIAP_IS1008a_A.foa.22"/>
    <foa endtime="57.68" starttime="56.48" type="person" role="ME" nxt_agent="D" nite:id="IDIAP_IS1008a_A.foa.23"/>
    <foa endtime="58.4" starttime="57.68" type="place" place="table" nite:id="IDIAP_IS1008a_A.foa.24"/>
    <foa endtime="59.6" starttime="58.4" type="person" role="ME" nxt_agent="D" nite:id="IDIAP_IS1008a_A.foa.25"/>
    <foa endtime="60.32" starttime="59.6" type="person" role="UI" nxt_agent="B" nite:id="IDIAP_IS1008a_A.foa.26"/>
    <foa endtime="62.36" starttime="60.32" type="person" role="ME" nxt_agent="D" nite:id="IDIAP_IS1008a_A.foa.27"/>
    <foa endtime="64.0" starttime="62.36" type="place" place="table" nite:id="IDIAP_IS1008a_A.foa.28"/>
    <foa endtime="64.72" starttime="64.0" type="person" role="UI" nxt_agent="B" nite:id="IDIAP_IS1008a_A.foa.29"/>
    <foa endtime="65.68" starttime="64.72" type="person" role="ME" nxt_agent="D" nite:id="IDIAP_IS1008a_A.foa.30"/>
    <foa endtime="65.8" starttime="65.68" type="place" place="table" nite:id="IDIAP_IS1008a_A.foa.31"/>
    <foa endtime="67.6" starttime="65.8" type="person" role="UI" nxt_agent="B" nite:id="IDIAP_IS1008a_A.foa.32"/>
    <foa endtime="68.56" starttime="67.6" type="person" role="ME" nxt_agent="D" nite:id="IDIAP_IS1008a_A.foa.33"/>
    <foa endtime="76.56" starttime="68.56" type="person" role="UI" nxt_agent="B" nite:id="IDIAP_IS1008a_A.foa.34"/>
    <foa endtime="77.6" starttime="76.56" type="place" place="table" nite:id="IDIAP_IS1008a_A.foa.35"/>
    <foa endtime="80.44" starttime="77.6" type="person" role="UI" nxt_agent="B" nite:id="IDIAP_IS1008a_A.foa.36"/>
    <foa endtime="85.28" starttime="80.44" type="place" place="table" nite:id="IDIAP_IS1008a_A.foa.37"/>
    <foa endtime="86.16" starttime="85.28" type="person" role="ME" nxt_agent="D" nite:id="IDIAP_IS1008a_A.foa.38"/>
    <foa endtime="88.04" starttime="86.16" type="place" place="table" nite:id="IDIAP_IS1008a_A.foa.39"/>
    <foa endtime="90.52" starttime="88.04" type="person" role="ME" nxt_agent="D" nite:id="IDIAP_IS1008a_A.foa.40"/>
    <foa endtime="97.12" starttime="90.52" type="place" place="table" nite:id="IDIAP_IS1008a_A.foa.41"/>
    <foa endtime="98.44" starttime="97.12" type="person" role="ME" nxt_agent="D" nite:id="IDIAP_IS1008a_A.foa.42"/>
    <foa endtime="99.6" starttime="98.44" type="place" place="table" nite:id="IDIAP_IS1008a_A.foa.43"/>
    <foa endtime="101.16" starttime="99.6" type="person" role="ME" nxt_agent="D" nite:id="IDIAP_IS1008a_A.foa.44"/>
    <foa endtime="102.12" starttime="101.16" type="place" place="table" nite:id="IDIAP_IS1008a_A.foa.45"/>
    <foa endtime="103.44" starttime="102.12" type="person" role="ID" nxt_agent="C" nite:id="IDIAP_IS1008a_A.foa.46"/>
    <foa endtime="116.36" starttime="103.44" type="place" place="table" nite:id="IDIAP_IS1008a_A.foa.47"/>
    <foa endtime="119.4" starttime="116.36" type="person" role="ME" nxt_agent="D" nite:id="IDIAP_IS1008a_A.foa.48"/>
    <foa endtime="122.6" starttime="119.4" type="place" place="table" nite:id="IDIAP_IS1008a_A.foa.49"/>
    <foa endtime="122.84" starttime="122.6" type="person" role="ME" nxt_agent="D" nite:id="IDIAP_IS1008a_A.foa.50"/>
    <foa endtime="124.96" starttime="122.84" type="place" place="table" nite:id="IDIAP_IS1008a_A.foa.51"/>
    <foa endtime="125.56" starttime="124.96" type="person" role="ME" nxt_agent="D" nite:id="IDIAP_IS1008a_A.foa.52"/>
    <foa endtime="127.56" starttime="125.56" type="place" place="table" nite:id="IDIAP_IS1008a_A.foa.53"/>
    <foa endtime="128.4" starttime="127.56" type="person" role="ME" nxt_agent="D" nite:id="IDIAP_IS1008a_A.foa.54"/>
    <foa endtime="129.84" starttime="128.4" type="person" role="UI" nxt_agent="B" nite:id="IDIAP_IS1008a_A.foa.55"/>
    <foa endtime="131.52" starttime="129.84" type="person" role="ME" nxt_agent="D" nite:id="IDIAP_IS1008a_A.foa.56"/>
    <foa endtime="131.76" starttime="131.52" type="person" role="UI" nxt_agent="B" nite:id="IDIAP_IS1008a_A.foa.57"/>
    <foa endtime="132.72" starttime="131.76" type="place" place="table" nite:id="IDIAP_IS1008a_A.foa.58"/>
    <foa endtime="133.56" starttime="132.72" type="person" role="ME" nxt_agent="D" nite:id="IDIAP_IS1008a_A.foa.59"/>
    <foa endtime="134.28" starttime="133.56" type="person" role="UI" nxt_agent="B" nite:id="IDIAP_IS1008a_A.foa.60"/>
    <foa endtime="135.48" starttime="134.28" type="place" place="table" nite:id="IDIAP_IS1008a_A.foa.61"/>
    <foa endtime="137.16" starttime="135.48" type="person" role="ME" nxt_agent="D" nite:id="IDIAP_IS1008a_A.foa.62"/>
    <foa endtime="138.0" starttime="137.16" type="place" place="table" nite:id="IDIAP_IS1008a_A.foa.63"/>
    <foa endtime="157.32" starttime="138.0" type="person" role="ME" nxt_agent="D" nite:id="IDIAP_IS1008a_A.foa.64"/>
    <foa endtime="158.52" starttime="157.32" type="place" place="table" nite:id="IDIAP_IS1008a_A.foa.65"/>
    <foa endtime="180.68" starttime="158.52" type="person" role="ME" nxt_agent="D" nite:id="IDIAP_IS1008a_A.foa.66"/>
    <foa endtime="182.36" starttime="180.68" type="place" place="table" nite:id="IDIAP_IS1008a_A.foa.67"/>
    <foa endtime="190.28" starttime="182.36" type="person" role="ME" nxt_agent="D" nite:id="IDIAP_IS1008a_A.foa.68"/>
    <foa endtime="200.72" starttime="190.28" type="place" place="table" nite:id="IDIAP_IS1008a_A.foa.69"/>
    <foa endtime="201.08" starttime="200.72" type="person" role="UI" nxt_agent="B" nite:id="IDIAP_IS1008a_A.foa.70"/>
    <foa endtime="201.56" starttime="201.08" type="person" role="ME" nxt_agent="D" nite:id="IDIAP_IS1008a_A.foa.71"/>
    <foa endtime="203.72" starttime="201.56" type="person" role="ID" nxt_agent="C" nite:id="IDIAP_IS1008a_A.foa.72"/>
    <foa endtime="204.32" starttime="203.72" type="person" role="ME" nxt_agent="D" nite:id="IDIAP_IS1008a_A.foa.73"/>
    <foa endtime="206.36" starttime="204.32" type="person" role="UI" nxt_agent="B" nite:id="IDIAP_IS1008a_A.foa.74"/>
    <foa endtime="210.84" starttime="206.36" type="place" place="table" nite:id="IDIAP_IS1008a_A.foa.75"/>
    <foa endtime="211.44" starttime="210.84" type="person" role="ME" nxt_agent="D" nite:id="IDIAP_IS1008a_A.foa.76"/>
    <foa endtime="212.56" starttime="211.44" type="place" place="table" nite:id="IDIAP_IS1008a_A.foa.77"/>
    <foa endtime="213.76" starttime="212.56" type="person" role="ME" nxt_agent="D" nite:id="IDIAP_IS1008a_A.foa.78"/>
    <foa endtime="215.76" starttime="213.76" type="place" place="table" nite:id="IDIAP_IS1008a_A.foa.79"/>
    <foa endtime="216.36" starttime="215.76" type="person" role="ME" nxt_agent="D" nite:id="IDIAP_IS1008a_A.foa.80"/>
    <foa endtime="230.6" starttime="216.36" type="place" place="table" nite:id="IDIAP_IS1008a_A.foa.81"/>
    <foa endtime="239.4" starttime="230.6" type="person" role="ME" nxt_agent="D" nite:id="IDIAP_IS1008a_A.foa.82"/>
    <foa endtime="240.48" starttime="239.4" type="person" role="UI" nxt_agent="B" nite:id="IDIAP_IS1008a_A.foa.83"/>
    <foa endtime="256.4" starttime="240.48" type="person" role="ME" nxt_agent="D" nite:id="IDIAP_IS1008a_A.foa.84"/>
    <foa endtime="257.12" starttime="256.4" type="place" place="table" nite:id="IDIAP_IS1008a_A.foa.85"/>
    <foa endtime="261.08" starttime="257.12" type="person" role="ME" nxt_agent="D" nite:id="IDIAP_IS1008a_A.foa.86"/>
    <foa endtime="278.08" starttime="261.08" type="place" place="table" nite:id="IDIAP_IS1008a_A.foa.87"/>
    <foa endtime="278.8" starttime="278.08" type="person" role="ME" nxt_agent="D" nite:id="IDIAP_IS1008a_A.foa.88"/>
    <foa endtime="279.96" starttime="278.8" type="place" place="table" nite:id="IDIAP_IS1008a_A.foa.89"/>
    <foa endtime="282.76" starttime="279.96" type="person" role="ME" nxt_agent="D" nite:id="IDIAP_IS1008a_A.foa.90"/>
    <foa endtime="285.88" starttime="282.76" type="place" place="table" nite:id="IDIAP_IS1008a_A.foa.91"/>
    <foa endtime="293.04" starttime="285.88" type="person" role="ME" nxt_agent="D" nite:id="IDIAP_IS1008a_A.foa.92"/>
    <foa endtime="297.32" starttime="293.04" type="place" place="table" nite:id="IDIAP_IS1008a_A.foa.93"/>
    <foa endtime="297.92" starttime="297.32" type="person" role="ID" nxt_agent="C" nite:id="IDIAP_IS1008a_A.foa.94"/>
    <foa endtime="299.48" starttime="297.92" type="place" place="table" nite:id="IDIAP_IS1008a_A.foa.95"/>
    <foa endtime="311.6" starttime="299.48" type="person" role="ID" nxt_agent="C" nite:id="IDIAP_IS1008a_A.foa.96"/>
    <foa endtime="317.0" starttime="311.6" type="place" place="table" nite:id="IDIAP_IS1008a_A.foa.97"/>
    <foa endtime="318.08" starttime="317.0" type="person" role="ID" nxt_agent="C" nite:id="IDIAP_IS1008a_A.foa.98"/>
    <foa endtime="319.36" starttime="318.08" type="place" place="table" nite:id="IDIAP_IS1008a_A.foa.99"/>
    <foa endtime="319.84" starttime="319.36" type="person" role="ID" nxt_agent="C" nite:id="IDIAP_IS1008a_A.foa.100"/>
    <foa endtime="320.44" starttime="319.84" type="place" place="table" nite:id="IDIAP_IS1008a_A.foa.101"/>
    <foa endtime="323.56" starttime="320.44" type="person" role="ID" nxt_agent="C" nite:id="IDIAP_IS1008a_A.foa.102"/>
    <foa endtime="324.48" starttime="323.56" type="place" place="table" nite:id="IDIAP_IS1008a_A.foa.103"/>
    <foa endtime="325.56" starttime="324.48" type="person" role="ID" nxt_agent="C" nite:id="IDIAP_IS1008a_A.foa.104"/>
    <foa endtime="326.16" starttime="325.56" type="unspecified" nite:id="IDIAP_IS1008a_A.foa.105"/>
    <foa endtime="330.6" starttime="326.16" type="person" role="ID" nxt_agent="C" nite:id="IDIAP_IS1008a_A.foa.106"/>
    <foa endtime="330.96" starttime="330.6" type="place" place="table" nite:id="IDIAP_IS1008a_A.foa.107"/>
    <foa endtime="363.8" starttime="330.96" type="person" role="ID" nxt_agent="C" nite:id="IDIAP_IS1008a_A.foa.108"/>
    <foa endtime="365.0" starttime="363.8" type="place" place="table" nite:id="IDIAP_IS1008a_A.foa.109"/>
    <foa endtime="376.64" starttime="365.0" type="person" role="ID" nxt_agent="C" nite:id="IDIAP_IS1008a_A.foa.110"/>
    <foa endtime="377.36" starttime="376.64" type="person" role="ME" nxt_agent="D" nite:id="IDIAP_IS1008a_A.foa.111"/>
    <foa endtime="377.96" starttime="377.36" type="place" place="table" nite:id="IDIAP_IS1008a_A.foa.112"/>
    <foa endtime="378.92" starttime="377.96" type="person" role="ME" nxt_agent="D" nite:id="IDIAP_IS1008a_A.foa.113"/>
    <foa endtime="379.04" starttime="378.92" type="place" place="table" nite:id="IDIAP_IS1008a_A.foa.114"/>
    <foa endtime="386.36" starttime="379.04" type="person" role="ID" nxt_agent="C" nite:id="IDIAP_IS1008a_A.foa.115"/>
    <foa endtime="387.48" starttime="386.36" type="place" place="table" nite:id="IDIAP_IS1008a_A.foa.116"/>
    <foa endtime="388.08" starttime="387.48" type="person" role="ID" nxt_agent="C" nite:id="IDIAP_IS1008a_A.foa.117"/>
    <foa endtime="388.32" starttime="388.08" type="place" place="table" nite:id="IDIAP_IS1008a_A.foa.118"/>
    <foa endtime="388.92" starttime="388.32" type="person" role="ID" nxt_agent="C" nite:id="IDIAP_IS1008a_A.foa.119"/>
    <foa endtime="390.84" starttime="388.92" type="place" place="table" nite:id="IDIAP_IS1008a_A.foa.120"/>
    <foa endtime="391.32" starttime="390.84" type="person" role="ID" nxt_agent="C" nite:id="IDIAP_IS1008a_A.foa.121"/>
    <foa endtime="392.48" starttime="391.32" type="place" place="table" nite:id="IDIAP_IS1008a_A.foa.122"/>
    <foa endtime="411.68" starttime="392.48" type="person" role="ID" nxt_agent="C" nite:id="IDIAP_IS1008a_A.foa.123"/>
    <foa endtime="412.56" starttime="411.68" type="place" place="table" nite:id="IDIAP_IS1008a_A.foa.124"/>
    <foa endtime="437.88" starttime="412.56" type="person" role="ID" nxt_agent="C" nite:id="IDIAP_IS1008a_A.foa.125"/>
    <foa endtime="439.84" starttime="437.88" type="place" place="table" nite:id="IDIAP_IS1008a_A.foa.126"/>
    <foa endtime="442.4" starttime="439.84" type="person" role="ID" nxt_agent="C" nite:id="IDIAP_IS1008a_A.foa.127"/>
    <foa endtime="443.44" starttime="442.4" type="place" place="table" nite:id="IDIAP_IS1008a_A.foa.128"/>
    <foa endtime="464.48" starttime="443.44" type="person" role="ID" nxt_agent="C" nite:id="IDIAP_IS1008a_A.foa.129"/>
    <foa endtime="465.56" starttime="464.48" type="place" place="table" nite:id="IDIAP_IS1008a_A.foa.130"/>
    <foa endtime="466.52" starttime="465.56" type="person" role="ID" nxt_agent="C" nite:id="IDIAP_IS1008a_A.foa.131"/>
    <foa endtime="467.6" starttime="466.52" type="place" place="table" nite:id="IDIAP_IS1008a_A.foa.132"/>
    <foa endtime="470.12" starttime="467.6" type="person" role="ID" nxt_agent="C" nite:id="IDIAP_IS1008a_A.foa.133"/>
    <foa endtime="471.28" starttime="470.12" type="place" place="table" nite:id="IDIAP_IS1008a_A.foa.134"/>
    <foa endtime="479.88" starttime="471.28" type="person" role="ID" nxt_agent="C" nite:id="IDIAP_IS1008a_A.foa.135"/>
    <foa endtime="480.6" starttime="479.88" type="place" place="table" nite:id="IDIAP_IS1008a_A.foa.136"/>
    <foa endtime="481.2" starttime="480.6" type="person" role="ME" nxt_agent="D" nite:id="IDIAP_IS1008a_A.foa.137"/>
    <foa endtime="481.32" starttime="481.2" type="place" place="table" nite:id="IDIAP_IS1008a_A.foa.138"/>
    <foa endtime="486.84" starttime="481.32" type="person" role="ID" nxt_agent="C" nite:id="IDIAP_IS1008a_A.foa.139"/>
    <foa endtime="488.68" starttime="486.84" type="person" role="ME" nxt_agent="D" nite:id="IDIAP_IS1008a_A.foa.140"/>
    <foa endtime="496.08" starttime="488.68" type="person" role="ID" nxt_agent="C" nite:id="IDIAP_IS1008a_A.foa.141"/>
    <foa endtime="496.84" starttime="496.08" type="place" place="table" nite:id="IDIAP_IS1008a_A.foa.142"/>
    <foa endtime="497.68" starttime="496.84" type="person" role="ID" nxt_agent="C" nite:id="IDIAP_IS1008a_A.foa.143"/>
    <foa endtime="500.48" starttime="497.68" type="place" place="table" nite:id="IDIAP_IS1008a_A.foa.144"/>
    <foa endtime="503.68" starttime="500.48" type="person" role="ID" nxt_agent="C" nite:id="IDIAP_IS1008a_A.foa.145"/>
    <foa endtime="504.52" starttime="503.68" type="unspecified" nite:id="IDIAP_IS1008a_A.foa.146"/>
    <foa endtime="516.96" starttime="504.52" type="person" role="ID" nxt_agent="C" nite:id="IDIAP_IS1008a_A.foa.147"/>
    <foa endtime="518.24" starttime="516.96" type="place" place="table" nite:id="IDIAP_IS1008a_A.foa.148"/>
    <foa endtime="518.64" starttime="518.24" type="person" role="ID" nxt_agent="C" nite:id="IDIAP_IS1008a_A.foa.149"/>
    <foa endtime="519.36" starttime="518.64" type="place" place="table" nite:id="IDIAP_IS1008a_A.foa.150"/>
    <foa endtime="522.24" starttime="519.36" type="person" role="ID" nxt_agent="C" nite:id="IDIAP_IS1008a_A.foa.151"/>
    <foa endtime="522.96" starttime="522.24" type="place" place="table" nite:id="IDIAP_IS1008a_A.foa.152"/>
    <foa endtime="524.44" starttime="522.96" type="person" role="ID" nxt_agent="C" nite:id="IDIAP_IS1008a_A.foa.153"/>
    <foa endtime="524.92" starttime="524.44" type="person" role="ME" nxt_agent="D" nite:id="IDIAP_IS1008a_A.foa.154"/>
    <foa endtime="525.04" starttime="524.92" type="place" place="table" nite:id="IDIAP_IS1008a_A.foa.155"/>
    <foa endtime="537.12" starttime="525.04" type="person" role="ID" nxt_agent="C" nite:id="IDIAP_IS1008a_A.foa.156"/>
    <foa endtime="537.8" starttime="537.12" type="place" place="table" nite:id="IDIAP_IS1008a_A.foa.157"/>
    <foa endtime="541.12" starttime="537.8" type="person" role="ID" nxt_agent="C" nite:id="IDIAP_IS1008a_A.foa.158"/>
    <foa endtime="541.84" starttime="541.12" type="place" place="table" nite:id="IDIAP_IS1008a_A.foa.159"/>
    <foa endtime="549.36" starttime="541.84" type="person" role="ID" nxt_agent="C" nite:id="IDIAP_IS1008a_A.foa.160"/>
    <foa endtime="551.0" starttime="549.36" type="place" place="table" nite:id="IDIAP_IS1008a_A.foa.161"/>
    <foa endtime="552.52" starttime="551.0" type="person" role="ID" nxt_agent="C" nite:id="IDIAP_IS1008a_A.foa.162"/>
    <foa endtime="553.2" starttime="552.52" type="place" place="table" nite:id="IDIAP_IS1008a_A.foa.163"/>
    <foa endtime="553.76" starttime="553.2" type="person" role="ID" nxt_agent="C" nite:id="IDIAP_IS1008a_A.foa.164"/>
    <foa endtime="554.64" starttime="553.76" type="place" place="table" nite:id="IDIAP_IS1008a_A.foa.165"/>
    <foa endtime="559.36" starttime="554.64" type="person" role="ID" nxt_agent="C" nite:id="IDIAP_IS1008a_A.foa.166"/>
    <foa endtime="559.96" starttime="559.36" type="place" place="table" nite:id="IDIAP_IS1008a_A.foa.167"/>
    <foa endtime="561.88" starttime="559.96" type="person" role="ID" nxt_agent="C" nite:id="IDIAP_IS1008a_A.foa.168"/>
    <foa endtime="562.36" starttime="561.88" type="place" place="table" nite:id="IDIAP_IS1008a_A.foa.169"/>
    <foa endtime="568.36" starttime="562.36" type="person" role="ID" nxt_agent="C" nite:id="IDIAP_IS1008a_A.foa.170"/>
    <foa endtime="568.48" starttime="568.36" type="place" place="table" nite:id="IDIAP_IS1008a_A.foa.171"/>
    <foa endtime="568.72" starttime="568.48" type="person" role="ME" nxt_agent="D" nite:id="IDIAP_IS1008a_A.foa.172"/>
    <foa endtime="570.28" starttime="568.72" type="place" place="table" nite:id="IDIAP_IS1008a_A.foa.173"/>
    <foa endtime="587.72" starttime="570.28" type="person" role="ME" nxt_agent="D" nite:id="IDIAP_IS1008a_A.foa.174"/>
    <foa endtime="588.2" starttime="587.72" type="place" place="table" nite:id="IDIAP_IS1008a_A.foa.175"/>
    <foa endtime="591.56" starttime="588.2" type="person" role="ME" nxt_agent="D" nite:id="IDIAP_IS1008a_A.foa.176"/>
    <foa endtime="592.16" starttime="591.56" type="place" place="table" nite:id="IDIAP_IS1008a_A.foa.177"/>
    <foa endtime="592.88" starttime="592.16" type="person" role="ME" nxt_agent="D" nite:id="IDIAP_IS1008a_A.foa.178"/>
    <foa endtime="593.12" starttime="592.88" type="place" place="table" nite:id="IDIAP_IS1008a_A.foa.179"/>
    <foa endtime="594.92" starttime="593.12" type="person" role="ME" nxt_agent="D" nite:id="IDIAP_IS1008a_A.foa.180"/>
    <foa endtime="595.28" starttime="594.92" type="place" place="table" nite:id="IDIAP_IS1008a_A.foa.181"/>
    <foa endtime="609.32" starttime="595.28" type="person" role="ME" nxt_agent="D" nite:id="IDIAP_IS1008a_A.foa.182"/>
    <foa endtime="610.08" starttime="609.32" type="place" place="table" nite:id="IDIAP_IS1008a_A.foa.183"/>
    <foa endtime="615.44" starttime="610.08" type="person" role="ME" nxt_agent="D" nite:id="IDIAP_IS1008a_A.foa.184"/>
    <foa endtime="618.56" starttime="615.44" type="place" place="table" nite:id="IDIAP_IS1008a_A.foa.185"/>
    <foa endtime="638.36" starttime="618.56" type="person" role="ME" nxt_agent="D" nite:id="IDIAP_IS1008a_A.foa.186"/>
    <foa endtime="639.12" starttime="638.36" type="person" role="ID" nxt_agent="C" nite:id="IDIAP_IS1008a_A.foa.187"/>
    <foa endtime="666.4" starttime="639.12" type="person" role="ME" nxt_agent="D" nite:id="IDIAP_IS1008a_A.foa.188"/>
    <foa endtime="666.92" starttime="666.4" type="person" role="ID" nxt_agent="C" nite:id="IDIAP_IS1008a_A.foa.189"/>
    <foa endtime="672.56" starttime="666.92" type="person" role="ME" nxt_agent="D" nite:id="IDIAP_IS1008a_A.foa.190"/>
    <foa endtime="673.16" starttime="672.56" type="person" role="UI" nxt_agent="B" nite:id="IDIAP_IS1008a_A.foa.191"/>
    <foa endtime="681.84" starttime="673.16" type="person" role="ME" nxt_agent="D" nite:id="IDIAP_IS1008a_A.foa.192"/>
    <foa endtime="682.32" starttime="681.84" type="place" place="table" nite:id="IDIAP_IS1008a_A.foa.193"/>
    <foa endtime="682.72" starttime="682.32" type="person" role="ID" nxt_agent="C" nite:id="IDIAP_IS1008a_A.foa.194"/>
    <foa endtime="692.4" starttime="682.72" type="person" role="ME" nxt_agent="D" nite:id="IDIAP_IS1008a_A.foa.195"/>
    <foa endtime="692.52" starttime="692.4" type="place" place="table" nite:id="IDIAP_IS1008a_A.foa.196"/>
    <foa endtime="693.24" starttime="692.52" type="person" role="ID" nxt_agent="C" nite:id="IDIAP_IS1008a_A.foa.197"/>
    <foa endtime="710.76" starttime="693.24" type="person" role="ME" nxt_agent="D" nite:id="IDIAP_IS1008a_A.foa.198"/>
    <foa endtime="711.36" starttime="710.76" type="person" role="ID" nxt_agent="C" nite:id="IDIAP_IS1008a_A.foa.199"/>
    <foa endtime="718.32" starttime="711.36" type="person" role="ME" nxt_agent="D" nite:id="IDIAP_IS1008a_A.foa.200"/>
    <foa endtime="719.28" starttime="718.32" type="place" place="table" nite:id="IDIAP_IS1008a_A.foa.201"/>
    <foa endtime="722.92" starttime="719.28" type="person" role="ME" nxt_agent="D" nite:id="IDIAP_IS1008a_A.foa.202"/>
    <foa endtime="723.76" starttime="722.92" type="person" role="ID" nxt_agent="C" nite:id="IDIAP_IS1008a_A.foa.203"/>
    <foa endtime="730.76" starttime="723.76" type="person" role="ME" nxt_agent="D" nite:id="IDIAP_IS1008a_A.foa.204"/>
    <foa endtime="744.88" starttime="730.76" type="person" role="UI" nxt_agent="B" nite:id="IDIAP_IS1008a_A.foa.205"/>
    <foa endtime="745.48" starttime="744.88" type="person" role="ME" nxt_agent="D" nite:id="IDIAP_IS1008a_A.foa.206"/>
    <foa endtime="751.36" starttime="745.48" type="person" role="UI" nxt_agent="B" nite:id="IDIAP_IS1008a_A.foa.207"/>
    <foa endtime="751.96" starttime="751.36" type="person" role="ME" nxt_agent="D" nite:id="IDIAP_IS1008a_A.foa.208"/>
    <foa endtime="758.68" starttime="751.96" type="person" role="UI" nxt_agent="B" nite:id="IDIAP_IS1008a_A.foa.209"/>
    <foa endtime="759.16" starttime="758.68" type="place" place="table" nite:id="IDIAP_IS1008a_A.foa.210"/>
    <foa endtime="763.84" starttime="759.16" type="person" role="UI" nxt_agent="B" nite:id="IDIAP_IS1008a_A.foa.211"/>
    <foa endtime="764.92" starttime="763.84" type="person" role="ME" nxt_agent="D" nite:id="IDIAP_IS1008a_A.foa.212"/>
    <foa endtime="780.56" starttime="764.92" type="person" role="UI" nxt_agent="B" nite:id="IDIAP_IS1008a_A.foa.213"/>
    <foa endtime="781.04" starttime="780.56" type="person" role="ME" nxt_agent="D" nite:id="IDIAP_IS1008a_A.foa.214"/>
    <foa endtime="795.04" starttime="781.04" type="person" role="UI" nxt_agent="B" nite:id="IDIAP_IS1008a_A.foa.215"/>
    <foa endtime="798.72" starttime="795.04" type="place" place="table" nite:id="IDIAP_IS1008a_A.foa.216"/>
    <foa endtime="805.88" starttime="798.72" type="person" role="UI" nxt_agent="B" nite:id="IDIAP_IS1008a_A.foa.217"/>
    <foa endtime="806.36" starttime="805.88" type="person" role="ME" nxt_agent="D" nite:id="IDIAP_IS1008a_A.foa.218"/>
    <foa endtime="807.52" starttime="806.36" type="person" role="UI" nxt_agent="B" nite:id="IDIAP_IS1008a_A.foa.219"/>
    <foa endtime="808.0" starttime="807.52" type="place" place="table" nite:id="IDIAP_IS1008a_A.foa.220"/>
    <foa endtime="812.28" starttime="808.0" type="person" role="UI" nxt_agent="B" nite:id="IDIAP_IS1008a_A.foa.221"/>
    <foa endtime="812.52" starttime="812.28" type="person" role="ME" nxt_agent="D" nite:id="IDIAP_IS1008a_A.foa.222"/>
    <foa endtime="816.24" starttime="812.52" type="person" role="UI" nxt_agent="B" nite:id="IDIAP_IS1008a_A.foa.223"/>
    <foa endtime="816.96" starttime="816.24" type="person" role="ME" nxt_agent="D" nite:id="IDIAP_IS1008a_A.foa.224"/>
    <foa endtime="818.64" starttime="816.96" type="person" role="UI" nxt_agent="B" nite:id="IDIAP_IS1008a_A.foa.225"/>
    <foa endtime="819.28" starttime="818.64" type="person" role="ME" nxt_agent="D" nite:id="IDIAP_IS1008a_A.foa.226"/>
    <foa endtime="820.84" starttime="819.28" type="person" role="UI" nxt_agent="B" nite:id="IDIAP_IS1008a_A.foa.227"/>
    <foa endtime="821.52" starttime="820.84" type="person" role="ME" nxt_agent="D" nite:id="IDIAP_IS1008a_A.foa.228"/>
    <foa endtime="822.96" starttime="821.52" type="person" role="UI" nxt_agent="B" nite:id="IDIAP_IS1008a_A.foa.229"/>
    <foa endtime="824.52" starttime="822.96" type="person" role="ME" nxt_agent="D" nite:id="IDIAP_IS1008a_A.foa.230"/>
    <foa endtime="825.2" starttime="824.52" type="person" role="UI" nxt_agent="B" nite:id="IDIAP_IS1008a_A.foa.231"/>
    <foa endtime="829.56" starttime="825.2" type="person" role="ME" nxt_agent="D" nite:id="IDIAP_IS1008a_A.foa.232"/>
    <foa endtime="833.56" starttime="829.56" type="person" role="ID" nxt_agent="C" nite:id="IDIAP_IS1008a_A.foa.233"/>
    <foa endtime="834.44" starttime="833.56" type="person" role="ME" nxt_agent="D" nite:id="IDIAP_IS1008a_A.foa.234"/>
    <foa endtime="841.6" starttime="834.44" type="person" role="UI" nxt_agent="B" nite:id="IDIAP_IS1008a_A.foa.235"/>
    <foa endtime="843.0" starttime="841.6" type="person" role="ME" nxt_agent="D" nite:id="IDIAP_IS1008a_A.foa.236"/>
    <foa endtime="844.08" starttime="843.0" type="person" role="UI" nxt_agent="B" nite:id="IDIAP_IS1008a_A.foa.237"/>
    <foa endtime="844.56" starttime="844.08" type="person" role="ME" nxt_agent="D" nite:id="IDIAP_IS1008a_A.foa.238"/>
    <foa endtime="845.32" starttime="844.56" type="person" role="UI" nxt_agent="B" nite:id="IDIAP_IS1008a_A.foa.239"/>
    <foa endtime="846.16" starttime="845.32" type="person" role="ME" nxt_agent="D" nite:id="IDIAP_IS1008a_A.foa.240"/>
    <foa endtime="849.16" starttime="846.16" type="person" role="ID" nxt_agent="C" nite:id="IDIAP_IS1008a_A.foa.241"/>
    <foa endtime="856.4" starttime="849.16" type="person" role="UI" nxt_agent="B" nite:id="IDIAP_IS1008a_A.foa.242"/>
    <foa endtime="857.24" starttime="856.4" type="person" role="ME" nxt_agent="D" nite:id="IDIAP_IS1008a_A.foa.243"/>
    <foa endtime="860.16" starttime="857.24" type="person" role="UI" nxt_agent="B" nite:id="IDIAP_IS1008a_A.foa.244"/>
    <foa endtime="863.76" starttime="860.16" type="person" role="ME" nxt_agent="D" nite:id="IDIAP_IS1008a_A.foa.245"/>
    <foa endtime="864.96" starttime="863.76" type="person" role="UI" nxt_agent="B" nite:id="IDIAP_IS1008a_A.foa.246"/>
    <foa endtime="866.28" starttime="864.96" type="person" role="ME" nxt_agent="D" nite:id="IDIAP_IS1008a_A.foa.247"/>
    <foa endtime="866.64" starttime="866.28" type="person" role="UI" nxt_agent="B" nite:id="IDIAP_IS1008a_A.foa.248"/>
    <foa endtime="873.0" starttime="866.64" type="person" role="ID" nxt_agent="C" nite:id="IDIAP_IS1008a_A.foa.249"/>
    <foa endtime="874.68" starttime="873.0" type="person" role="UI" nxt_agent="B" nite:id="IDIAP_IS1008a_A.foa.250"/>
    <foa endtime="874.8" starttime="874.68" type="place" place="table" nite:id="IDIAP_IS1008a_A.foa.251"/>
    <foa endtime="875.16" starttime="874.8" type="person" role="ME" nxt_agent="D" nite:id="IDIAP_IS1008a_A.foa.252"/>
    <foa endtime="875.88" starttime="875.16" type="person" role="ID" nxt_agent="C" nite:id="IDIAP_IS1008a_A.foa.253"/>
    <foa endtime="876.96" starttime="875.88" type="person" role="UI" nxt_agent="B" nite:id="IDIAP_IS1008a_A.foa.254"/>
    <foa endtime="878.04" starttime="876.96" type="person" role="ME" nxt_agent="D" nite:id="IDIAP_IS1008a_A.foa.255"/>
    <foa endtime="879.52" starttime="878.04" type="person" role="UI" nxt_agent="B" nite:id="IDIAP_IS1008a_A.foa.256"/>
    <foa endtime="880.8" starttime="879.52" type="person" role="ME" nxt_agent="D" nite:id="IDIAP_IS1008a_A.foa.257"/>
    <foa endtime="881.84" starttime="880.8" type="person" role="UI" nxt_agent="B" nite:id="IDIAP_IS1008a_A.foa.258"/>
    <foa endtime="883.2" starttime="881.84" type="person" role="ME" nxt_agent="D" nite:id="IDIAP_IS1008a_A.foa.259"/>
    <foa endtime="884.72" starttime="883.2" type="person" role="UI" nxt_agent="B" nite:id="IDIAP_IS1008a_A.foa.260"/>
    <foa endtime="887.16" starttime="884.72" type="person" role="ME" nxt_agent="D" nite:id="IDIAP_IS1008a_A.foa.261"/>
    <foa endtime="887.76" starttime="887.16" type="person" role="UI" nxt_agent="B" nite:id="IDIAP_IS1008a_A.foa.262"/>
    <foa endtime="890.16" starttime="887.76" type="person" role="ME" nxt_agent="D" nite:id="IDIAP_IS1008a_A.foa.263"/>
    <foa endtime="890.92" starttime="890.16" type="person" role="UI" nxt_agent="B" nite:id="IDIAP_IS1008a_A.foa.264"/>
    <foa endtime="891.68" starttime="890.92" type="person" role="ME" nxt_agent="D" nite:id="IDIAP_IS1008a_A.foa.265"/>
    <foa endtime="894.16" starttime="891.68" type="person" role="UI" nxt_agent="B" nite:id="IDIAP_IS1008a_A.foa.266"/>
    <foa endtime="896.36" starttime="894.16" type="person" role="ME" nxt_agent="D" nite:id="IDIAP_IS1008a_A.foa.267"/>
    <foa endtime="897.8" starttime="896.36" type="person" role="UI" nxt_agent="B" nite:id="IDIAP_IS1008a_A.foa.268"/>
    <foa endtime="897.92" starttime="897.8" type="place" place="table" nite:id="IDIAP_IS1008a_A.foa.269"/>
    <foa endtime="898.4" starttime="897.92" type="person" role="ME" nxt_agent="D" nite:id="IDIAP_IS1008a_A.foa.270"/>
    <foa endtime="899.48" starttime="898.4" type="person" role="ID" nxt_agent="C" nite:id="IDIAP_IS1008a_A.foa.271"/>
    <foa endtime="899.84" starttime="899.48" type="place" place="table" nite:id="IDIAP_IS1008a_A.foa.272"/>
    <foa endtime="901.88" starttime="899.84" type="person" role="ME" nxt_agent="D" nite:id="IDIAP_IS1008a_A.foa.273"/>
    <foa endtime="902.84" starttime="901.88" type="person" role="UI" nxt_agent="B" nite:id="IDIAP_IS1008a_A.foa.274"/>
    <foa endtime="903.08" starttime="902.84" type="person" role="ME" nxt_agent="D" nite:id="IDIAP_IS1008a_A.foa.275"/>
    <foa endtime="905.84" starttime="903.08" type="place" place="table" nite:id="IDIAP_IS1008a_A.foa.276"/>
    <foa endtime="931.0" starttime="905.84" type="unspecified" nite:id="IDIAP_IS1008a_A.foa.277"/>
</nite:root>
