<?xml version="1.0" encoding="UTF-8"?>
<nite:root xmlns:nite="http://nite.sourceforge.net/" nite:id="IDIAP_IS1008c_A.nite:root.1">
    <foa endtime="26.88" starttime="0.0" type="unspecified" nite:id="IDIAP_IS1008c_A.foa.1"/>
    <foa endtime="27.04" starttime="26.88" type="person" role="UI" nxt_agent="B" nite:id="IDIAP_IS1008c_A.foa.2"/>
    <foa endtime="27.52" starttime="27.04" type="person" role="ME" nxt_agent="D" nite:id="IDIAP_IS1008c_A.foa.3"/>
    <foa endtime="29.319" starttime="27.52" type="place" place="table" nite:id="IDIAP_IS1008c_A.foa.4"/>
    <foa endtime="29.76" starttime="29.319" type="person" role="ME" nxt_agent="D" nite:id="IDIAP_IS1008c_A.foa.5"/>
    <foa endtime="30.639" starttime="29.76" type="person" role="UI" nxt_agent="B" nite:id="IDIAP_IS1008c_A.foa.6"/>
    <foa endtime="33.759" starttime="30.639" type="person" role="ME" nxt_agent="D" nite:id="IDIAP_IS1008c_A.foa.7"/>
    <foa endtime="38.919" starttime="33.759" type="place" place="table" nite:id="IDIAP_IS1008c_A.foa.8"/>
    <foa endtime="39.639" starttime="38.919" type="person" role="ME" nxt_agent="D" nite:id="IDIAP_IS1008c_A.foa.9"/>
    <foa endtime="43.88" starttime="39.639" type="place" place="table" nite:id="IDIAP_IS1008c_A.foa.10"/>
    <foa endtime="44.319" starttime="43.88" type="person" role="ME" nxt_agent="D" nite:id="IDIAP_IS1008c_A.foa.11"/>
    <foa endtime="45.199" starttime="44.319" type="person" role="ID" nxt_agent="C" nite:id="IDIAP_IS1008c_A.foa.12"/>
    <foa endtime="45.879" starttime="45.199" type="person" role="UI" nxt_agent="B" nite:id="IDIAP_IS1008c_A.foa.13"/>
    <foa endtime="55.239" starttime="45.879" type="place" place="table" nite:id="IDIAP_IS1008c_A.foa.14"/>
    <foa endtime="56.08" starttime="55.239" type="person" role="UI" nxt_agent="B" nite:id="IDIAP_IS1008c_A.foa.15"/>
    <foa endtime="58.32" starttime="56.08" type="place" place="table" nite:id="IDIAP_IS1008c_A.foa.16"/>
    <foa endtime="58.64" starttime="58.32" type="person" role="UI" nxt_agent="B" nite:id="IDIAP_IS1008c_A.foa.17"/>
    <foa endtime="58.96" starttime="58.64" type="unspecified" nite:id="IDIAP_IS1008c_A.foa.18"/>
    <foa endtime="59.28" starttime="58.96" type="person" role="UI" nxt_agent="B" nite:id="IDIAP_IS1008c_A.foa.19"/>
    <foa endtime="61.479" starttime="59.28" type="place" place="table" nite:id="IDIAP_IS1008c_A.foa.20"/>
    <foa endtime="62.48" starttime="61.479" type="person" role="UI" nxt_agent="B" nite:id="IDIAP_IS1008c_A.foa.21"/>
    <foa endtime="62.559" starttime="62.48" type="unspecified" nite:id="IDIAP_IS1008c_A.foa.22"/>
    <foa endtime="65.36" starttime="62.559" type="place" place="table" nite:id="IDIAP_IS1008c_A.foa.23"/>
    <foa endtime="66.0" starttime="65.36" type="person" role="ME" nxt_agent="D" nite:id="IDIAP_IS1008c_A.foa.24"/>
    <foa endtime="66.159" starttime="66.0" type="person" role="UI" nxt_agent="B" nite:id="IDIAP_IS1008c_A.foa.25"/>
    <foa endtime="68.56" starttime="66.159" type="place" place="table" nite:id="IDIAP_IS1008c_A.foa.26"/>
    <foa endtime="68.88" starttime="68.56" type="person" role="ME" nxt_agent="D" nite:id="IDIAP_IS1008c_A.foa.27"/>
    <foa endtime="69.159" starttime="68.88" type="unspecified" nite:id="IDIAP_IS1008c_A.foa.28"/>
    <foa endtime="70.8" starttime="69.159" type="person" role="UI" nxt_agent="B" nite:id="IDIAP_IS1008c_A.foa.29"/>
    <foa endtime="72.08" starttime="70.8" type="person" role="ME" nxt_agent="D" nite:id="IDIAP_IS1008c_A.foa.30"/>
    <foa endtime="72.159" starttime="72.08" type="unspecified" nite:id="IDIAP_IS1008c_A.foa.31"/>
    <foa endtime="74.16" starttime="72.159" type="place" place="table" nite:id="IDIAP_IS1008c_A.foa.32"/>
    <foa endtime="76.239" starttime="74.16" type="person" role="ME" nxt_agent="D" nite:id="IDIAP_IS1008c_A.foa.33"/>
    <foa endtime="77.199" starttime="76.239" type="person" role="UI" nxt_agent="B" nite:id="IDIAP_IS1008c_A.foa.34"/>
    <foa endtime="78.879" starttime="77.199" type="place" place="table" nite:id="IDIAP_IS1008c_A.foa.35"/>
    <foa endtime="81.519" starttime="78.879" type="person" role="UI" nxt_agent="B" nite:id="IDIAP_IS1008c_A.foa.36"/>
    <foa endtime="81.999" starttime="81.519" type="person" role="ME" nxt_agent="D" nite:id="IDIAP_IS1008c_A.foa.37"/>
    <foa endtime="82.119" starttime="81.999" type="place" place="table" nite:id="IDIAP_IS1008c_A.foa.38"/>
    <foa endtime="82.239" starttime="82.119" type="person" role="UI" nxt_agent="B" nite:id="IDIAP_IS1008c_A.foa.39"/>
    <foa endtime="83.319" starttime="82.239" type="place" place="table" nite:id="IDIAP_IS1008c_A.foa.40"/>
    <foa endtime="83.919" starttime="83.319" type="person" role="UI" nxt_agent="B" nite:id="IDIAP_IS1008c_A.foa.41"/>
    <foa endtime="85.599" starttime="83.919" type="person" role="ME" nxt_agent="D" nite:id="IDIAP_IS1008c_A.foa.42"/>
    <foa endtime="87.639" starttime="85.599" type="person" role="UI" nxt_agent="B" nite:id="IDIAP_IS1008c_A.foa.43"/>
    <foa endtime="89.319" starttime="87.639" type="person" role="ME" nxt_agent="D" nite:id="IDIAP_IS1008c_A.foa.44"/>
    <foa endtime="89.919" starttime="89.319" type="person" role="UI" nxt_agent="B" nite:id="IDIAP_IS1008c_A.foa.45"/>
    <foa endtime="91.239" starttime="89.919" type="person" role="ME" nxt_agent="D" nite:id="IDIAP_IS1008c_A.foa.46"/>
    <foa endtime="91.959" starttime="91.239" type="unspecified" nite:id="IDIAP_IS1008c_A.foa.47"/>
    <foa endtime="92.199" starttime="91.959" type="person" role="ME" nxt_agent="D" nite:id="IDIAP_IS1008c_A.foa.48"/>
    <foa endtime="92.559" starttime="92.199" type="person" role="UI" nxt_agent="B" nite:id="IDIAP_IS1008c_A.foa.49"/>
    <foa endtime="97.719" starttime="92.559" type="place" place="table" nite:id="IDIAP_IS1008c_A.foa.50"/>
    <foa endtime="98.439" starttime="97.719" type="person" role="ID" nxt_agent="C" nite:id="IDIAP_IS1008c_A.foa.51"/>
    <foa endtime="100.96" starttime="98.439" type="place" place="table" nite:id="IDIAP_IS1008c_A.foa.52"/>
    <foa endtime="104.679" starttime="100.96" type="person" role="ID" nxt_agent="C" nite:id="IDIAP_IS1008c_A.foa.53"/>
    <foa endtime="145.719" starttime="104.679" type="place" place="table" nite:id="IDIAP_IS1008c_A.foa.54"/>
    <foa endtime="147.879" starttime="145.719" type="place" place="slide-screen" nite:id="IDIAP_IS1008c_A.foa.55"/>
    <foa endtime="150.279" starttime="147.879" type="place" place="table" nite:id="IDIAP_IS1008c_A.foa.56"/>
    <foa endtime="150.999" starttime="150.279" type="place" place="slide-screen" nite:id="IDIAP_IS1008c_A.foa.57"/>
    <foa endtime="153.2" starttime="150.999" type="place" place="table" nite:id="IDIAP_IS1008c_A.foa.58"/>
    <foa endtime="153.8" starttime="153.2" type="unspecified" nite:id="IDIAP_IS1008c_A.foa.59"/>
    <foa endtime="155.0" starttime="153.8" type="place" place="table" nite:id="IDIAP_IS1008c_A.foa.60"/>
    <foa endtime="155.879" starttime="155.0" type="place" place="slide-screen" nite:id="IDIAP_IS1008c_A.foa.61"/>
    <foa endtime="157.039" starttime="155.879" type="place" place="table" nite:id="IDIAP_IS1008c_A.foa.62"/>
    <foa endtime="205.04" starttime="157.039" type="place" place="slide-screen" nite:id="IDIAP_IS1008c_A.foa.63"/>
    <foa endtime="206.12" starttime="205.04" type="place" place="table" nite:id="IDIAP_IS1008c_A.foa.64"/>
    <foa endtime="231.24" starttime="206.12" type="place" place="slide-screen" nite:id="IDIAP_IS1008c_A.foa.65"/>
    <foa endtime="233.24" starttime="231.24" type="place" place="table" nite:id="IDIAP_IS1008c_A.foa.66"/>
    <foa endtime="292.84" starttime="233.24" type="place" place="slide-screen" nite:id="IDIAP_IS1008c_A.foa.67"/>
    <foa endtime="295.0" starttime="292.84" type="person" role="UI" nxt_agent="B" nite:id="IDIAP_IS1008c_A.foa.68"/>
    <foa endtime="295.84" starttime="295.0" type="person" role="ME" nxt_agent="D" nite:id="IDIAP_IS1008c_A.foa.69"/>
    <foa endtime="296.8" starttime="295.84" type="place" place="slide-screen" nite:id="IDIAP_IS1008c_A.foa.70"/>
    <foa endtime="297.16" starttime="296.8" type="person" role="UI" nxt_agent="B" nite:id="IDIAP_IS1008c_A.foa.71"/>
    <foa endtime="306.24" starttime="297.16" type="place" place="slide-screen" nite:id="IDIAP_IS1008c_A.foa.72"/>
    <foa endtime="307.08" starttime="306.24" type="place" place="table" nite:id="IDIAP_IS1008c_A.foa.73"/>
    <foa endtime="310.08" starttime="307.08" type="place" place="slide-screen" nite:id="IDIAP_IS1008c_A.foa.74"/>
    <foa endtime="311.16" starttime="310.08" type="unspecified" nite:id="IDIAP_IS1008c_A.foa.75"/>
    <foa endtime="357.68" starttime="311.16" type="place" place="slide-screen" nite:id="IDIAP_IS1008c_A.foa.76"/>
    <foa endtime="358.88" starttime="357.68" type="unspecified" nite:id="IDIAP_IS1008c_A.foa.77"/>
    <foa endtime="420.76" starttime="358.88" type="place" place="slide-screen" nite:id="IDIAP_IS1008c_A.foa.78"/>
    <foa endtime="423.16" starttime="420.76" type="place" place="table" nite:id="IDIAP_IS1008c_A.foa.79"/>
    <foa endtime="430.16" starttime="423.16" type="place" place="slide-screen" nite:id="IDIAP_IS1008c_A.foa.80"/>
    <foa endtime="431.32" starttime="430.16" type="person" role="ID" nxt_agent="C" nite:id="IDIAP_IS1008c_A.foa.81"/>
    <foa endtime="431.6" starttime="431.32" type="unspecified" nite:id="IDIAP_IS1008c_A.foa.82"/>
    <foa endtime="448.52" starttime="431.6" type="place" place="slide-screen" nite:id="IDIAP_IS1008c_A.foa.83"/>
    <foa endtime="454.52" starttime="448.52" type="person" role="ID" nxt_agent="C" nite:id="IDIAP_IS1008c_A.foa.84"/>
    <foa endtime="456.04" starttime="454.52" type="place" place="slide-screen" nite:id="IDIAP_IS1008c_A.foa.85"/>
    <foa endtime="457.04" starttime="456.04" type="person" role="ID" nxt_agent="C" nite:id="IDIAP_IS1008c_A.foa.86"/>
    <foa endtime="458.12" starttime="457.04" type="place" place="slide-screen" nite:id="IDIAP_IS1008c_A.foa.87"/>
    <foa endtime="460.0" starttime="458.12" type="person" role="ID" nxt_agent="C" nite:id="IDIAP_IS1008c_A.foa.88"/>
    <foa endtime="460.16" starttime="460.0" type="person" role="ME" nxt_agent="D" nite:id="IDIAP_IS1008c_A.foa.89"/>
    <foa endtime="460.88" starttime="460.16" type="person" role="UI" nxt_agent="B" nite:id="IDIAP_IS1008c_A.foa.90"/>
    <foa endtime="461.92" starttime="460.88" type="place" place="slide-screen" nite:id="IDIAP_IS1008c_A.foa.91"/>
    <foa endtime="462.56" starttime="461.92" type="person" role="UI" nxt_agent="B" nite:id="IDIAP_IS1008c_A.foa.92"/>
    <foa endtime="467.36" starttime="462.56" type="place" place="slide-screen" nite:id="IDIAP_IS1008c_A.foa.93"/>
    <foa endtime="468.32" starttime="467.36" type="person" role="UI" nxt_agent="B" nite:id="IDIAP_IS1008c_A.foa.94"/>
    <foa endtime="468.92" starttime="468.32" type="place" place="table" nite:id="IDIAP_IS1008c_A.foa.95"/>
    <foa endtime="471.08" starttime="468.92" type="person" role="ID" nxt_agent="C" nite:id="IDIAP_IS1008c_A.foa.96"/>
    <foa endtime="474.44" starttime="471.08" type="place" place="slide-screen" nite:id="IDIAP_IS1008c_A.foa.97"/>
    <foa endtime="478.04" starttime="474.44" type="person" role="ID" nxt_agent="C" nite:id="IDIAP_IS1008c_A.foa.98"/>
    <foa endtime="478.52" starttime="478.04" type="place" place="slide-screen" nite:id="IDIAP_IS1008c_A.foa.99"/>
    <foa endtime="480.56" starttime="478.52" type="unspecified" nite:id="IDIAP_IS1008c_A.foa.100"/>
    <foa endtime="480.92" starttime="480.56" type="place" place="slide-screen" nite:id="IDIAP_IS1008c_A.foa.101"/>
    <foa endtime="481.88" starttime="480.92" type="unspecified" nite:id="IDIAP_IS1008c_A.foa.102"/>
    <foa endtime="483.2" starttime="481.88" type="place" place="slide-screen" nite:id="IDIAP_IS1008c_A.foa.103"/>
    <foa endtime="487.04" starttime="483.2" type="person" role="UI" nxt_agent="B" nite:id="IDIAP_IS1008c_A.foa.104"/>
    <foa endtime="490.28" starttime="487.04" type="person" role="ME" nxt_agent="D" nite:id="IDIAP_IS1008c_A.foa.105"/>
    <foa endtime="494.92" starttime="490.28" type="person" role="UI" nxt_agent="B" nite:id="IDIAP_IS1008c_A.foa.106"/>
    <foa endtime="496.48" starttime="494.92" type="person" role="ME" nxt_agent="D" nite:id="IDIAP_IS1008c_A.foa.107"/>
    <foa endtime="499.84" starttime="496.48" type="person" role="UI" nxt_agent="B" nite:id="IDIAP_IS1008c_A.foa.108"/>
    <foa endtime="501.04" starttime="499.84" type="place" place="slide-screen" nite:id="IDIAP_IS1008c_A.foa.109"/>
    <foa endtime="508.72" starttime="501.04" type="person" role="UI" nxt_agent="B" nite:id="IDIAP_IS1008c_A.foa.110"/>
    <foa endtime="510.92" starttime="508.72" type="person" role="ME" nxt_agent="D" nite:id="IDIAP_IS1008c_A.foa.111"/>
    <foa endtime="511.64" starttime="510.92" type="person" role="UI" nxt_agent="B" nite:id="IDIAP_IS1008c_A.foa.112"/>
    <foa endtime="514.64" starttime="511.64" type="person" role="ME" nxt_agent="D" nite:id="IDIAP_IS1008c_A.foa.113"/>
    <foa endtime="516.32" starttime="514.64" type="person" role="UI" nxt_agent="B" nite:id="IDIAP_IS1008c_A.foa.114"/>
    <foa endtime="525.2" starttime="516.32" type="person" role="ME" nxt_agent="D" nite:id="IDIAP_IS1008c_A.foa.115"/>
    <foa endtime="526.88" starttime="525.2" type="person" role="UI" nxt_agent="B" nite:id="IDIAP_IS1008c_A.foa.116"/>
    <foa endtime="528.96" starttime="526.88" type="person" role="ME" nxt_agent="D" nite:id="IDIAP_IS1008c_A.foa.117"/>
    <foa endtime="529.92" starttime="528.96" type="person" role="UI" nxt_agent="B" nite:id="IDIAP_IS1008c_A.foa.118"/>
    <foa endtime="531.36" starttime="529.92" type="person" role="ME" nxt_agent="D" nite:id="IDIAP_IS1008c_A.foa.119"/>
    <foa endtime="532.2" starttime="531.36" type="unspecified" nite:id="IDIAP_IS1008c_A.foa.120"/>
    <foa endtime="533.88" starttime="532.2" type="person" role="ME" nxt_agent="D" nite:id="IDIAP_IS1008c_A.foa.121"/>
    <foa endtime="535.08" starttime="533.88" type="person" role="UI" nxt_agent="B" nite:id="IDIAP_IS1008c_A.foa.122"/>
    <foa endtime="536.6" starttime="535.08" type="place" place="slide-screen" nite:id="IDIAP_IS1008c_A.foa.123"/>
    <foa endtime="538.84" starttime="536.6" type="person" role="ME" nxt_agent="D" nite:id="IDIAP_IS1008c_A.foa.124"/>
    <foa endtime="543.68" starttime="538.84" type="place" place="slide-screen" nite:id="IDIAP_IS1008c_A.foa.125"/>
    <foa endtime="544.16" starttime="543.68" type="person" role="UI" nxt_agent="B" nite:id="IDIAP_IS1008c_A.foa.126"/>
    <foa endtime="551.0" starttime="544.16" type="person" role="ME" nxt_agent="D" nite:id="IDIAP_IS1008c_A.foa.127"/>
    <foa endtime="551.72" starttime="551.0" type="person" role="UI" nxt_agent="B" nite:id="IDIAP_IS1008c_A.foa.128"/>
    <foa endtime="552.32" starttime="551.72" type="person" role="ME" nxt_agent="D" nite:id="IDIAP_IS1008c_A.foa.129"/>
    <foa endtime="554.84" starttime="552.32" type="place" place="slide-screen" nite:id="IDIAP_IS1008c_A.foa.130"/>
    <foa endtime="560.76" starttime="554.84" type="person" role="UI" nxt_agent="B" nite:id="IDIAP_IS1008c_A.foa.131"/>
    <foa endtime="561.4" starttime="560.76" type="place" place="table" nite:id="IDIAP_IS1008c_A.foa.132"/>
    <foa endtime="561.88" starttime="561.4" type="person" role="UI" nxt_agent="B" nite:id="IDIAP_IS1008c_A.foa.133"/>
    <foa endtime="563.44" starttime="561.88" type="place" place="table" nite:id="IDIAP_IS1008c_A.foa.134"/>
    <foa endtime="565.08" starttime="563.44" type="person" role="UI" nxt_agent="B" nite:id="IDIAP_IS1008c_A.foa.135"/>
    <foa endtime="568.04" starttime="565.08" type="place" place="table" nite:id="IDIAP_IS1008c_A.foa.136"/>
    <foa endtime="568.44" starttime="568.04" type="person" role="UI" nxt_agent="B" nite:id="IDIAP_IS1008c_A.foa.137"/>
    <foa endtime="570.6" starttime="568.44" type="place" place="table" nite:id="IDIAP_IS1008c_A.foa.138"/>
    <foa endtime="572.44" starttime="570.6" type="person" role="UI" nxt_agent="B" nite:id="IDIAP_IS1008c_A.foa.139"/>
    <foa endtime="575.64" starttime="572.44" type="place" place="table" nite:id="IDIAP_IS1008c_A.foa.140"/>
    <foa endtime="576.72" starttime="575.64" type="person" role="UI" nxt_agent="B" nite:id="IDIAP_IS1008c_A.foa.141"/>
    <foa endtime="577.08" starttime="576.72" type="person" role="ME" nxt_agent="D" nite:id="IDIAP_IS1008c_A.foa.142"/>
    <foa endtime="591.36" starttime="577.08" type="person" role="UI" nxt_agent="B" nite:id="IDIAP_IS1008c_A.foa.143"/>
    <foa endtime="592.2" starttime="591.36" type="place" place="table" nite:id="IDIAP_IS1008c_A.foa.144"/>
    <foa endtime="596.52" starttime="592.2" type="person" role="UI" nxt_agent="B" nite:id="IDIAP_IS1008c_A.foa.145"/>
    <foa endtime="596.76" starttime="596.52" type="unspecified" nite:id="IDIAP_IS1008c_A.foa.146"/>
    <foa endtime="599.16" starttime="596.76" type="place" place="table" nite:id="IDIAP_IS1008c_A.foa.147"/>
    <foa endtime="602.52" starttime="599.16" type="person" role="UI" nxt_agent="B" nite:id="IDIAP_IS1008c_A.foa.148"/>
    <foa endtime="603.24" starttime="602.52" type="person" role="ME" nxt_agent="D" nite:id="IDIAP_IS1008c_A.foa.149"/>
    <foa endtime="603.84" starttime="603.24" type="person" role="UI" nxt_agent="B" nite:id="IDIAP_IS1008c_A.foa.150"/>
    <foa endtime="604.44" starttime="603.84" type="person" role="ME" nxt_agent="D" nite:id="IDIAP_IS1008c_A.foa.151"/>
    <foa endtime="604.92" starttime="604.44" type="person" role="UI" nxt_agent="B" nite:id="IDIAP_IS1008c_A.foa.152"/>
    <foa endtime="606.12" starttime="604.92" type="unspecified" nite:id="IDIAP_IS1008c_A.foa.153"/>
    <foa endtime="607.32" starttime="606.12" type="person" role="UI" nxt_agent="B" nite:id="IDIAP_IS1008c_A.foa.154"/>
    <foa endtime="608.64" starttime="607.32" type="person" role="ME" nxt_agent="D" nite:id="IDIAP_IS1008c_A.foa.155"/>
    <foa endtime="609.24" starttime="608.64" type="person" role="UI" nxt_agent="B" nite:id="IDIAP_IS1008c_A.foa.156"/>
    <foa endtime="610.2" starttime="609.24" type="person" role="ME" nxt_agent="D" nite:id="IDIAP_IS1008c_A.foa.157"/>
    <foa endtime="610.68" starttime="610.2" type="person" role="UI" nxt_agent="B" nite:id="IDIAP_IS1008c_A.foa.158"/>
    <foa endtime="610.92" starttime="610.68" type="unspecified" nite:id="IDIAP_IS1008c_A.foa.159"/>
    <foa endtime="613.32" starttime="610.92" type="person" role="ME" nxt_agent="D" nite:id="IDIAP_IS1008c_A.foa.160"/>
    <foa endtime="613.8" starttime="613.32" type="person" role="UI" nxt_agent="B" nite:id="IDIAP_IS1008c_A.foa.161"/>
    <foa endtime="615.48" starttime="613.8" type="person" role="ME" nxt_agent="D" nite:id="IDIAP_IS1008c_A.foa.162"/>
    <foa endtime="616.32" starttime="615.48" type="person" role="UI" nxt_agent="B" nite:id="IDIAP_IS1008c_A.foa.163"/>
    <foa endtime="617.88" starttime="616.32" type="place" place="slide-screen" nite:id="IDIAP_IS1008c_A.foa.164"/>
    <foa endtime="618.24" starttime="617.88" type="person" role="UI" nxt_agent="B" nite:id="IDIAP_IS1008c_A.foa.165"/>
    <foa endtime="619.08" starttime="618.24" type="place" place="table" nite:id="IDIAP_IS1008c_A.foa.166"/>
    <foa endtime="619.96" starttime="619.08" type="person" role="UI" nxt_agent="B" nite:id="IDIAP_IS1008c_A.foa.167"/>
    <foa endtime="648.36" starttime="619.96" type="place" place="table" nite:id="IDIAP_IS1008c_A.foa.168"/>
    <foa endtime="651.16" starttime="648.36" type="place" place="slide-screen" nite:id="IDIAP_IS1008c_A.foa.169"/>
    <foa endtime="652.44" starttime="651.16" type="place" place="table" nite:id="IDIAP_IS1008c_A.foa.170"/>
    <foa endtime="659.96" starttime="652.44" type="place" place="slide-screen" nite:id="IDIAP_IS1008c_A.foa.171"/>
    <foa endtime="660.76" starttime="659.96" type="person" role="UI" nxt_agent="B" nite:id="IDIAP_IS1008c_A.foa.172"/>
    <foa endtime="673.72" starttime="660.76" type="place" place="slide-screen" nite:id="IDIAP_IS1008c_A.foa.173"/>
    <foa endtime="677.52" starttime="673.72" type="person" role="UI" nxt_agent="B" nite:id="IDIAP_IS1008c_A.foa.174"/>
    <foa endtime="684.6" starttime="677.52" type="place" place="slide-screen" nite:id="IDIAP_IS1008c_A.foa.175"/>
    <foa endtime="685.92" starttime="684.6" type="unspecified" nite:id="IDIAP_IS1008c_A.foa.176"/>
    <foa endtime="693.52" starttime="685.92" type="person" role="UI" nxt_agent="B" nite:id="IDIAP_IS1008c_A.foa.177"/>
    <foa endtime="702.12" starttime="693.52" type="place" place="slide-screen" nite:id="IDIAP_IS1008c_A.foa.178"/>
    <foa endtime="703.68" starttime="702.12" type="person" role="UI" nxt_agent="B" nite:id="IDIAP_IS1008c_A.foa.179"/>
    <foa endtime="705.24" starttime="703.68" type="place" place="slide-screen" nite:id="IDIAP_IS1008c_A.foa.180"/>
    <foa endtime="707.28" starttime="705.24" type="unspecified" nite:id="IDIAP_IS1008c_A.foa.181"/>
    <foa endtime="742.76" starttime="707.28" type="place" place="slide-screen" nite:id="IDIAP_IS1008c_A.foa.182"/>
    <foa endtime="818.64" starttime="742.76" type="place" place="whiteboard" nite:id="IDIAP_IS1008c_A.foa.183"/>
    <foa endtime="820.2" starttime="818.64" type="place" place="table" nite:id="IDIAP_IS1008c_A.foa.184"/>
    <foa endtime="861.08" starttime="820.2" type="place" place="whiteboard" nite:id="IDIAP_IS1008c_A.foa.185"/>
    <foa endtime="863.12" starttime="861.08" type="unspecified" nite:id="IDIAP_IS1008c_A.foa.186"/>
    <foa endtime="867.88" starttime="863.12" type="person" role="UI" nxt_agent="B" nite:id="IDIAP_IS1008c_A.foa.187"/>
    <foa endtime="868.24" starttime="867.88" type="person" role="ME" nxt_agent="D" nite:id="IDIAP_IS1008c_A.foa.188"/>
    <foa endtime="869.44" starttime="868.24" type="unspecified" nite:id="IDIAP_IS1008c_A.foa.189"/>
    <foa endtime="871.48" starttime="869.44" type="person" role="UI" nxt_agent="B" nite:id="IDIAP_IS1008c_A.foa.190"/>
    <foa endtime="872.56" starttime="871.48" type="unspecified" nite:id="IDIAP_IS1008c_A.foa.191"/>
    <foa endtime="878.6" starttime="872.56" type="place" place="whiteboard" nite:id="IDIAP_IS1008c_A.foa.192"/>
    <foa endtime="880.04" starttime="878.6" type="person" role="UI" nxt_agent="B" nite:id="IDIAP_IS1008c_A.foa.193"/>
    <foa endtime="883.92" starttime="880.04" type="place" place="whiteboard" nite:id="IDIAP_IS1008c_A.foa.194"/>
    <foa endtime="887.04" starttime="883.92" type="person" role="UI" nxt_agent="B" nite:id="IDIAP_IS1008c_A.foa.195"/>
    <foa endtime="893.28" starttime="887.04" type="place" place="whiteboard" nite:id="IDIAP_IS1008c_A.foa.196"/>
    <foa endtime="894.24" starttime="893.28" type="person" role="UI" nxt_agent="B" nite:id="IDIAP_IS1008c_A.foa.197"/>
    <foa endtime="896.64" starttime="894.24" type="place" place="whiteboard" nite:id="IDIAP_IS1008c_A.foa.198"/>
    <foa endtime="898.32" starttime="896.64" type="person" role="UI" nxt_agent="B" nite:id="IDIAP_IS1008c_A.foa.199"/>
    <foa endtime="900.36" starttime="898.32" type="place" place="whiteboard" nite:id="IDIAP_IS1008c_A.foa.200"/>
    <foa endtime="900.72" starttime="900.36" type="person" role="UI" nxt_agent="B" nite:id="IDIAP_IS1008c_A.foa.201"/>
    <foa endtime="901.92" starttime="900.72" type="unspecified" nite:id="IDIAP_IS1008c_A.foa.202"/>
    <foa endtime="903.6" starttime="901.92" type="place" place="whiteboard" nite:id="IDIAP_IS1008c_A.foa.203"/>
    <foa endtime="913.52" starttime="903.6" type="person" role="ME" nxt_agent="D" nite:id="IDIAP_IS1008c_A.foa.204"/>
    <foa endtime="913.96" starttime="913.52" type="place" place="whiteboard" nite:id="IDIAP_IS1008c_A.foa.205"/>
    <foa endtime="921.6" starttime="913.96" type="person" role="ME" nxt_agent="D" nite:id="IDIAP_IS1008c_A.foa.206"/>
    <foa endtime="922.2" starttime="921.6" type="unspecified" nite:id="IDIAP_IS1008c_A.foa.207"/>
    <foa endtime="928.08" starttime="922.2" type="person" role="ME" nxt_agent="D" nite:id="IDIAP_IS1008c_A.foa.208"/>
    <foa endtime="928.84" starttime="928.08" type="place" place="whiteboard" nite:id="IDIAP_IS1008c_A.foa.209"/>
    <foa endtime="929.36" starttime="928.84" type="person" role="ME" nxt_agent="D" nite:id="IDIAP_IS1008c_A.foa.210"/>
    <foa endtime="969.04" starttime="929.36" type="place" place="table" nite:id="IDIAP_IS1008c_A.foa.211"/>
    <foa endtime="970.0" starttime="969.04" type="person" role="ME" nxt_agent="D" nite:id="IDIAP_IS1008c_A.foa.212"/>
    <foa endtime="971.28" starttime="970.0" type="place" place="table" nite:id="IDIAP_IS1008c_A.foa.213"/>
    <foa endtime="973.0" starttime="971.28" type="person" role="ME" nxt_agent="D" nite:id="IDIAP_IS1008c_A.foa.214"/>
    <foa endtime="984.76" starttime="973.0" type="place" place="table" nite:id="IDIAP_IS1008c_A.foa.215"/>
    <foa endtime="985.36" starttime="984.76" type="person" role="ME" nxt_agent="D" nite:id="IDIAP_IS1008c_A.foa.216"/>
    <foa endtime="1029.32" starttime="985.36" type="place" place="table" nite:id="IDIAP_IS1008c_A.foa.217"/>
    <foa endtime="1029.92" starttime="1029.32" type="person" role="ME" nxt_agent="D" nite:id="IDIAP_IS1008c_A.foa.218"/>
    <foa endtime="1039.92" starttime="1029.92" type="place" place="table" nite:id="IDIAP_IS1008c_A.foa.219"/>
    <foa endtime="1064.72" starttime="1039.92" type="place" place="slide-screen" nite:id="IDIAP_IS1008c_A.foa.220"/>
    <foa endtime="1066.64" starttime="1064.72" type="unspecified" nite:id="IDIAP_IS1008c_A.foa.221"/>
    <foa endtime="1075.6" starttime="1066.64" type="place" place="slide-screen" nite:id="IDIAP_IS1008c_A.foa.222"/>
    <foa endtime="1076.44" starttime="1075.6" type="person" role="UI" nxt_agent="B" nite:id="IDIAP_IS1008c_A.foa.223"/>
    <foa endtime="1076.56" starttime="1076.44" type="place" place="whiteboard" nite:id="IDIAP_IS1008c_A.foa.224"/>
    <foa endtime="1091.04" starttime="1076.56" type="place" place="slide-screen" nite:id="IDIAP_IS1008c_A.foa.225"/>
    <foa endtime="1091.72" starttime="1091.04" type="person" role="ME" nxt_agent="D" nite:id="IDIAP_IS1008c_A.foa.226"/>
    <foa endtime="1094.52" starttime="1091.72" type="place" place="slide-screen" nite:id="IDIAP_IS1008c_A.foa.227"/>
    <foa endtime="1096.88" starttime="1094.52" type="person" role="ME" nxt_agent="D" nite:id="IDIAP_IS1008c_A.foa.228"/>
    <foa endtime="1126.4" starttime="1096.88" type="place" place="whiteboard" nite:id="IDIAP_IS1008c_A.foa.229"/>
    <foa endtime="1129.76" starttime="1126.4" type="unspecified" nite:id="IDIAP_IS1008c_A.foa.230"/>
    <foa endtime="1131.2" starttime="1129.76" type="person" role="ME" nxt_agent="D" nite:id="IDIAP_IS1008c_A.foa.231"/>
    <foa endtime="1131.44" starttime="1131.2" type="person" role="UI" nxt_agent="B" nite:id="IDIAP_IS1008c_A.foa.232"/>
    <foa endtime="1134.24" starttime="1131.44" type="place" place="whiteboard" nite:id="IDIAP_IS1008c_A.foa.233"/>
    <foa endtime="1136.6" starttime="1134.24" type="person" role="ME" nxt_agent="D" nite:id="IDIAP_IS1008c_A.foa.234"/>
    <foa endtime="1140.68" starttime="1136.6" type="person" role="UI" nxt_agent="B" nite:id="IDIAP_IS1008c_A.foa.235"/>
    <foa endtime="1141.4" starttime="1140.68" type="person" role="ME" nxt_agent="D" nite:id="IDIAP_IS1008c_A.foa.236"/>
    <foa endtime="1142.16" starttime="1141.4" type="place" place="slide-screen" nite:id="IDIAP_IS1008c_A.foa.237"/>
    <foa endtime="1143.32" starttime="1142.16" type="person" role="UI" nxt_agent="B" nite:id="IDIAP_IS1008c_A.foa.238"/>
    <foa endtime="1145.04" starttime="1143.32" type="place" place="slide-screen" nite:id="IDIAP_IS1008c_A.foa.239"/>
    <foa endtime="1147.84" starttime="1145.04" type="person" role="ID" nxt_agent="C" nite:id="IDIAP_IS1008c_A.foa.240"/>
    <foa endtime="1149.84" starttime="1147.84" type="place" place="slide-screen" nite:id="IDIAP_IS1008c_A.foa.241"/>
    <foa endtime="1156.68" starttime="1149.84" type="person" role="ME" nxt_agent="D" nite:id="IDIAP_IS1008c_A.foa.242"/>
    <foa endtime="1158.64" starttime="1156.68" type="place" place="slide-screen" nite:id="IDIAP_IS1008c_A.foa.243"/>
    <foa endtime="1159.48" starttime="1158.64" type="person" role="ME" nxt_agent="D" nite:id="IDIAP_IS1008c_A.foa.244"/>
    <foa endtime="1160.92" starttime="1159.48" type="person" role="UI" nxt_agent="B" nite:id="IDIAP_IS1008c_A.foa.245"/>
    <foa endtime="1161.68" starttime="1160.92" type="unspecified" nite:id="IDIAP_IS1008c_A.foa.246"/>
    <foa endtime="1197.2" starttime="1161.68" type="place" place="table" nite:id="IDIAP_IS1008c_A.foa.247"/>
    <foa endtime="1197.68" starttime="1197.2" type="unspecified" nite:id="IDIAP_IS1008c_A.foa.248"/>
    <foa endtime="1209.44" starttime="1197.68" type="person" role="ID" nxt_agent="C" nite:id="IDIAP_IS1008c_A.foa.249"/>
    <foa endtime="1210.56" starttime="1209.44" type="person" role="ME" nxt_agent="D" nite:id="IDIAP_IS1008c_A.foa.250"/>
    <foa endtime="1223.48" starttime="1210.56" type="person" role="ID" nxt_agent="C" nite:id="IDIAP_IS1008c_A.foa.251"/>
    <foa endtime="1227.68" starttime="1223.48" type="place" place="table" nite:id="IDIAP_IS1008c_A.foa.252"/>
    <foa endtime="1230.0" starttime="1227.68" type="person" role="ID" nxt_agent="C" nite:id="IDIAP_IS1008c_A.foa.253"/>
    <foa endtime="1231.2" starttime="1230.0" type="place" place="table" nite:id="IDIAP_IS1008c_A.foa.254"/>
    <foa endtime="1233.0" starttime="1231.2" type="person" role="ID" nxt_agent="C" nite:id="IDIAP_IS1008c_A.foa.255"/>
    <foa endtime="1233.92" starttime="1233.0" type="person" role="ME" nxt_agent="D" nite:id="IDIAP_IS1008c_A.foa.256"/>
    <foa endtime="1234.96" starttime="1233.92" type="place" place="table" nite:id="IDIAP_IS1008c_A.foa.257"/>
    <foa endtime="1235.52" starttime="1234.96" type="person" role="ME" nxt_agent="D" nite:id="IDIAP_IS1008c_A.foa.258"/>
    <foa endtime="1237.8" starttime="1235.52" type="person" role="ID" nxt_agent="C" nite:id="IDIAP_IS1008c_A.foa.259"/>
    <foa endtime="1240.84" starttime="1237.8" type="person" role="ME" nxt_agent="D" nite:id="IDIAP_IS1008c_A.foa.260"/>
    <foa endtime="1241.8" starttime="1240.84" type="person" role="ID" nxt_agent="C" nite:id="IDIAP_IS1008c_A.foa.261"/>
    <foa endtime="1242.6" starttime="1241.8" type="person" role="ME" nxt_agent="D" nite:id="IDIAP_IS1008c_A.foa.262"/>
    <foa endtime="1244.84" starttime="1242.6" type="person" role="ID" nxt_agent="C" nite:id="IDIAP_IS1008c_A.foa.263"/>
    <foa endtime="1246.48" starttime="1244.84" type="place" place="table" nite:id="IDIAP_IS1008c_A.foa.264"/>
    <foa endtime="1247.24" starttime="1246.48" type="person" role="ID" nxt_agent="C" nite:id="IDIAP_IS1008c_A.foa.265"/>
    <foa endtime="1247.56" starttime="1247.24" type="person" role="ME" nxt_agent="D" nite:id="IDIAP_IS1008c_A.foa.266"/>
    <foa endtime="1248.8" starttime="1247.56" type="place" place="table" nite:id="IDIAP_IS1008c_A.foa.267"/>
    <foa endtime="1251.84" starttime="1248.8" type="person" role="ME" nxt_agent="D" nite:id="IDIAP_IS1008c_A.foa.268"/>
    <foa endtime="1252.56" starttime="1251.84" type="place" place="table" nite:id="IDIAP_IS1008c_A.foa.269"/>
    <foa endtime="1253.28" starttime="1252.56" type="person" role="ME" nxt_agent="D" nite:id="IDIAP_IS1008c_A.foa.270"/>
    <foa endtime="1257.24" starttime="1253.28" type="place" place="table" nite:id="IDIAP_IS1008c_A.foa.271"/>
    <foa endtime="1257.96" starttime="1257.24" type="person" role="ME" nxt_agent="D" nite:id="IDIAP_IS1008c_A.foa.272"/>
    <foa endtime="1258.8" starttime="1257.96" type="place" place="table" nite:id="IDIAP_IS1008c_A.foa.273"/>
    <foa endtime="1260.52" starttime="1258.8" type="person" role="ME" nxt_agent="D" nite:id="IDIAP_IS1008c_A.foa.274"/>
    <foa endtime="1261.88" starttime="1260.52" type="place" place="table" nite:id="IDIAP_IS1008c_A.foa.275"/>
    <foa endtime="1263.52" starttime="1261.88" type="person" role="ID" nxt_agent="C" nite:id="IDIAP_IS1008c_A.foa.276"/>
    <foa endtime="1264.56" starttime="1263.52" type="place" place="table" nite:id="IDIAP_IS1008c_A.foa.277"/>
    <foa endtime="1269.92" starttime="1264.56" type="person" role="ME" nxt_agent="D" nite:id="IDIAP_IS1008c_A.foa.278"/>
    <foa endtime="1270.84" starttime="1269.92" type="place" place="table" nite:id="IDIAP_IS1008c_A.foa.279"/>
    <foa endtime="1272.48" starttime="1270.84" type="person" role="ME" nxt_agent="D" nite:id="IDIAP_IS1008c_A.foa.280"/>
    <foa endtime="1274.88" starttime="1272.48" type="person" role="ID" nxt_agent="C" nite:id="IDIAP_IS1008c_A.foa.281"/>
    <foa endtime="1277.12" starttime="1274.88" type="person" role="ME" nxt_agent="D" nite:id="IDIAP_IS1008c_A.foa.282"/>
    <foa endtime="1283.96" starttime="1277.12" type="place" place="table" nite:id="IDIAP_IS1008c_A.foa.283"/>
    <foa endtime="1284.44" starttime="1283.96" type="person" role="ME" nxt_agent="D" nite:id="IDIAP_IS1008c_A.foa.284"/>
    <foa endtime="1285.12" starttime="1284.44" type="person" role="ID" nxt_agent="C" nite:id="IDIAP_IS1008c_A.foa.285"/>
    <foa endtime="1286.8" starttime="1285.12" type="person" role="UI" nxt_agent="B" nite:id="IDIAP_IS1008c_A.foa.286"/>
    <foa endtime="1287.28" starttime="1286.8" type="person" role="ME" nxt_agent="D" nite:id="IDIAP_IS1008c_A.foa.287"/>
    <foa endtime="1292.92" starttime="1287.28" type="person" role="UI" nxt_agent="B" nite:id="IDIAP_IS1008c_A.foa.288"/>
    <foa endtime="1293.56" starttime="1292.92" type="place" place="slide-screen" nite:id="IDIAP_IS1008c_A.foa.289"/>
    <foa endtime="1325.44" starttime="1293.56" type="person" role="UI" nxt_agent="B" nite:id="IDIAP_IS1008c_A.foa.290"/>
    <foa endtime="1325.92" starttime="1325.44" type="person" role="ME" nxt_agent="D" nite:id="IDIAP_IS1008c_A.foa.291"/>
    <foa endtime="1344.2" starttime="1325.92" type="person" role="UI" nxt_agent="B" nite:id="IDIAP_IS1008c_A.foa.292"/>
    <foa endtime="1344.8" starttime="1344.2" type="person" role="ME" nxt_agent="D" nite:id="IDIAP_IS1008c_A.foa.293"/>
    <foa endtime="1345.88" starttime="1344.8" type="person" role="UI" nxt_agent="B" nite:id="IDIAP_IS1008c_A.foa.294"/>
    <foa endtime="1346.6" starttime="1345.88" type="unspecified" nite:id="IDIAP_IS1008c_A.foa.295"/>
    <foa endtime="1347.04" starttime="1346.6" type="person" role="ME" nxt_agent="D" nite:id="IDIAP_IS1008c_A.foa.296"/>
    <foa endtime="1347.56" starttime="1347.04" type="person" role="ID" nxt_agent="C" nite:id="IDIAP_IS1008c_A.foa.297"/>
    <foa endtime="1363.72" starttime="1347.56" type="person" role="ME" nxt_agent="D" nite:id="IDIAP_IS1008c_A.foa.298"/>
    <foa endtime="1405.72" starttime="1363.72" type="place" place="table" nite:id="IDIAP_IS1008c_A.foa.299"/>
    <foa endtime="1408.84" starttime="1405.72" type="person" role="UI" nxt_agent="B" nite:id="IDIAP_IS1008c_A.foa.300"/>
    <foa endtime="1409.32" starttime="1408.84" type="person" role="ME" nxt_agent="D" nite:id="IDIAP_IS1008c_A.foa.301"/>
    <foa endtime="1410.88" starttime="1409.32" type="person" role="ID" nxt_agent="C" nite:id="IDIAP_IS1008c_A.foa.302"/>
    <foa endtime="1411.0" starttime="1410.88" type="person" role="ME" nxt_agent="D" nite:id="IDIAP_IS1008c_A.foa.303"/>
    <foa endtime="1411.84" starttime="1411.0" type="person" role="UI" nxt_agent="B" nite:id="IDIAP_IS1008c_A.foa.304"/>
    <foa endtime="1412.8" starttime="1411.84" type="person" role="ID" nxt_agent="C" nite:id="IDIAP_IS1008c_A.foa.305"/>
    <foa endtime="1415.12" starttime="1412.8" type="person" role="UI" nxt_agent="B" nite:id="IDIAP_IS1008c_A.foa.306"/>
    <foa endtime="1415.36" starttime="1415.12" type="unspecified" nite:id="IDIAP_IS1008c_A.foa.307"/>
    <foa endtime="1415.6" starttime="1415.36" type="person" role="ME" nxt_agent="D" nite:id="IDIAP_IS1008c_A.foa.308"/>
    <foa endtime="1416.16" starttime="1415.6" type="person" role="UI" nxt_agent="B" nite:id="IDIAP_IS1008c_A.foa.309"/>
    <foa endtime="1420.44" starttime="1416.16" type="place" place="table" nite:id="IDIAP_IS1008c_A.foa.310"/>
    <foa endtime="1421.0" starttime="1420.44" type="person" role="ID" nxt_agent="C" nite:id="IDIAP_IS1008c_A.foa.311"/>
    <foa endtime="1422.32" starttime="1421.0" type="person" role="ME" nxt_agent="D" nite:id="IDIAP_IS1008c_A.foa.312"/>
    <foa endtime="1424.0" starttime="1422.32" type="person" role="UI" nxt_agent="B" nite:id="IDIAP_IS1008c_A.foa.313"/>
    <foa endtime="1424.96" starttime="1424.0" type="person" role="ME" nxt_agent="D" nite:id="IDIAP_IS1008c_A.foa.314"/>
    <foa endtime="1427.08" starttime="1424.96" type="place" place="table" nite:id="IDIAP_IS1008c_A.foa.315"/>
    <foa endtime="1428.28" starttime="1427.08" type="person" role="UI" nxt_agent="B" nite:id="IDIAP_IS1008c_A.foa.316"/>
    <foa endtime="1429.92" starttime="1428.28" type="person" role="ME" nxt_agent="D" nite:id="IDIAP_IS1008c_A.foa.317"/>
    <foa endtime="1432.88" starttime="1429.92" type="place" place="table" nite:id="IDIAP_IS1008c_A.foa.318"/>
    <foa endtime="1433.84" starttime="1432.88" type="person" role="UI" nxt_agent="B" nite:id="IDIAP_IS1008c_A.foa.319"/>
    <foa endtime="1435.84" starttime="1433.84" type="place" place="table" nite:id="IDIAP_IS1008c_A.foa.320"/>
    <foa endtime="1441.76" starttime="1435.84" type="person" role="UI" nxt_agent="B" nite:id="IDIAP_IS1008c_A.foa.321"/>
    <foa endtime="1444.04" starttime="1441.76" type="place" place="table" nite:id="IDIAP_IS1008c_A.foa.322"/>
    <foa endtime="1445.12" starttime="1444.04" type="person" role="UI" nxt_agent="B" nite:id="IDIAP_IS1008c_A.foa.323"/>
    <foa endtime="1446.68" starttime="1445.12" type="place" place="table" nite:id="IDIAP_IS1008c_A.foa.324"/>
    <foa endtime="1448.24" starttime="1446.68" type="person" role="ME" nxt_agent="D" nite:id="IDIAP_IS1008c_A.foa.325"/>
    <foa endtime="1451.68" starttime="1448.24" type="place" place="table" nite:id="IDIAP_IS1008c_A.foa.326"/>
    <foa endtime="1454.28" starttime="1451.68" type="person" role="ID" nxt_agent="C" nite:id="IDIAP_IS1008c_A.foa.327"/>
    <foa endtime="1455.24" starttime="1454.28" type="person" role="UI" nxt_agent="B" nite:id="IDIAP_IS1008c_A.foa.328"/>
    <foa endtime="1467.12" starttime="1455.24" type="person" role="ME" nxt_agent="D" nite:id="IDIAP_IS1008c_A.foa.329"/>
    <foa endtime="1468.48" starttime="1467.12" type="person" role="UI" nxt_agent="B" nite:id="IDIAP_IS1008c_A.foa.330"/>
    <foa endtime="1477.64" starttime="1468.48" type="person" role="ME" nxt_agent="D" nite:id="IDIAP_IS1008c_A.foa.331"/>
    <foa endtime="1478.12" starttime="1477.64" type="person" role="ID" nxt_agent="C" nite:id="IDIAP_IS1008c_A.foa.332"/>
    <foa endtime="1481.72" starttime="1478.12" type="person" role="ME" nxt_agent="D" nite:id="IDIAP_IS1008c_A.foa.333"/>
    <foa endtime="1482.2" starttime="1481.72" type="person" role="UI" nxt_agent="B" nite:id="IDIAP_IS1008c_A.foa.334"/>
    <foa endtime="1486.48" starttime="1482.2" type="person" role="ME" nxt_agent="D" nite:id="IDIAP_IS1008c_A.foa.335"/>
    <foa endtime="1486.96" starttime="1486.48" type="person" role="ID" nxt_agent="C" nite:id="IDIAP_IS1008c_A.foa.336"/>
    <foa endtime="1490.96" starttime="1486.96" type="person" role="ME" nxt_agent="D" nite:id="IDIAP_IS1008c_A.foa.337"/>
    <foa endtime="1491.44" starttime="1490.96" type="person" role="UI" nxt_agent="B" nite:id="IDIAP_IS1008c_A.foa.338"/>
    <foa endtime="1492.88" starttime="1491.44" type="person" role="ME" nxt_agent="D" nite:id="IDIAP_IS1008c_A.foa.339"/>
    <foa endtime="1493.36" starttime="1492.88" type="person" role="UI" nxt_agent="B" nite:id="IDIAP_IS1008c_A.foa.340"/>
    <foa endtime="1495.04" starttime="1493.36" type="place" place="table" nite:id="IDIAP_IS1008c_A.foa.341"/>
    <foa endtime="1496.84" starttime="1495.04" type="person" role="UI" nxt_agent="B" nite:id="IDIAP_IS1008c_A.foa.342"/>
    <foa endtime="1497.08" starttime="1496.84" type="unspecified" nite:id="IDIAP_IS1008c_A.foa.343"/>
    <foa endtime="1499.84" starttime="1497.08" type="place" place="table" nite:id="IDIAP_IS1008c_A.foa.344"/>
    <foa endtime="1500.56" starttime="1499.84" type="person" role="UI" nxt_agent="B" nite:id="IDIAP_IS1008c_A.foa.345"/>
    <foa endtime="1501.36" starttime="1500.56" type="place" place="table" nite:id="IDIAP_IS1008c_A.foa.346"/>
    <foa endtime="1502.6" starttime="1501.36" type="person" role="ID" nxt_agent="C" nite:id="IDIAP_IS1008c_A.foa.347"/>
    <foa endtime="1504.16" starttime="1502.6" type="person" role="UI" nxt_agent="B" nite:id="IDIAP_IS1008c_A.foa.348"/>
    <foa endtime="1504.76" starttime="1504.16" type="person" role="ME" nxt_agent="D" nite:id="IDIAP_IS1008c_A.foa.349"/>
    <foa endtime="1506.92" starttime="1504.76" type="person" role="UI" nxt_agent="B" nite:id="IDIAP_IS1008c_A.foa.350"/>
    <foa endtime="1507.44" starttime="1506.92" type="person" role="ME" nxt_agent="D" nite:id="IDIAP_IS1008c_A.foa.351"/>
    <foa endtime="1508.4" starttime="1507.44" type="place" place="table" nite:id="IDIAP_IS1008c_A.foa.352"/>
    <foa endtime="1509.44" starttime="1508.4" type="person" role="ME" nxt_agent="D" nite:id="IDIAP_IS1008c_A.foa.353"/>
    <foa endtime="1510.4" starttime="1509.44" type="person" role="UI" nxt_agent="B" nite:id="IDIAP_IS1008c_A.foa.354"/>
    <foa endtime="1511.12" starttime="1510.4" type="person" role="ME" nxt_agent="D" nite:id="IDIAP_IS1008c_A.foa.355"/>
    <foa endtime="1512.2" starttime="1511.12" type="person" role="ID" nxt_agent="C" nite:id="IDIAP_IS1008c_A.foa.356"/>
    <foa endtime="1515.12" starttime="1512.2" type="person" role="UI" nxt_agent="B" nite:id="IDIAP_IS1008c_A.foa.357"/>
    <foa endtime="1516.4" starttime="1515.12" type="person" role="ME" nxt_agent="D" nite:id="IDIAP_IS1008c_A.foa.358"/>
    <foa endtime="1527.0" starttime="1516.4" type="place" place="table" nite:id="IDIAP_IS1008c_A.foa.359"/>
    <foa endtime="1546.0" starttime="1527.0" type="unspecified" nite:id="IDIAP_IS1008c_A.foa.360"/>
</nite:root>
