<?xml version="1.0" encoding="UTF-8"?>
<nite:root xmlns:nite="http://nite.sourceforge.net/" nite:id="natasa_IS1001c_C.nite:root.1">
    <foa endtime="44.2" starttime="0.0" type="unspecified" nite:id="natasa_IS1001c_C.foa.1"/>
    <foa endtime="49.0" starttime="44.2" type="place" place="table" nite:id="natasa_IS1001c_C.foa.2"/>
    <foa endtime="49.8" starttime="49.0" type="place" place="slide-screen" nite:id="natasa_IS1001c_C.foa.3"/>
    <foa endtime="71.4" starttime="49.8" type="place" place="table" nite:id="natasa_IS1001c_C.foa.4"/>
    <foa endtime="71.76" starttime="71.4" type="person" role="ID" nxt_agent="B" nite:id="natasa_IS1001c_C.foa.5"/>
    <foa endtime="72.0" starttime="71.76" type="place" place="slide-screen" nite:id="natasa_IS1001c_C.foa.6"/>
    <foa endtime="72.76" starttime="72.0" type="person" role="ME" nxt_agent="D" nite:id="natasa_IS1001c_C.foa.7"/>
    <foa endtime="141.92" starttime="72.76" type="place" place="table" nite:id="natasa_IS1001c_C.foa.8"/>
    <foa endtime="143.64" starttime="141.92" type="place" place="slide-screen" nite:id="natasa_IS1001c_C.foa.9"/>
    <foa endtime="147.88" starttime="143.64" type="person" role="PM" nxt_agent="A" nite:id="natasa_IS1001c_C.foa.10"/>
    <foa endtime="151.6" starttime="147.88" type="place" place="table" nite:id="natasa_IS1001c_C.foa.11"/>
    <foa endtime="151.96" starttime="151.6" type="place" place="slide-screen" nite:id="natasa_IS1001c_C.foa.12"/>
    <foa endtime="153.48" starttime="151.96" type="person" role="ID" nxt_agent="B" nite:id="natasa_IS1001c_C.foa.13"/>
    <foa endtime="156.36" starttime="153.48" type="place" place="table" nite:id="natasa_IS1001c_C.foa.14"/>
    <foa endtime="158.36" starttime="156.36" type="place" place="slide-screen" nite:id="natasa_IS1001c_C.foa.15"/>
    <foa endtime="164.6" starttime="158.36" type="place" place="table" nite:id="natasa_IS1001c_C.foa.16"/>
    <foa endtime="166.48" starttime="164.6" type="place" place="slide-screen" nite:id="natasa_IS1001c_C.foa.17"/>
    <foa endtime="169.8" starttime="166.48" type="place" place="table" nite:id="natasa_IS1001c_C.foa.18"/>
    <foa endtime="173.52" starttime="169.8" type="place" place="slide-screen" nite:id="natasa_IS1001c_C.foa.19"/>
    <foa endtime="173.88" starttime="173.52" type="person" role="PM" nxt_agent="A" nite:id="natasa_IS1001c_C.foa.20"/>
    <foa endtime="174.6" starttime="173.88" type="place" place="table" nite:id="natasa_IS1001c_C.foa.21"/>
    <foa endtime="176.36" starttime="174.6" type="place" place="slide-screen" nite:id="natasa_IS1001c_C.foa.22"/>
    <foa endtime="177.68" starttime="176.36" type="person" role="ID" nxt_agent="B" nite:id="natasa_IS1001c_C.foa.23"/>
    <foa endtime="178.44" starttime="177.68" type="person" role="PM" nxt_agent="A" nite:id="natasa_IS1001c_C.foa.24"/>
    <foa endtime="178.68" starttime="178.44" type="place" place="table" nite:id="natasa_IS1001c_C.foa.25"/>
    <foa endtime="179.48" starttime="178.68" type="person" role="ID" nxt_agent="B" nite:id="natasa_IS1001c_C.foa.26"/>
    <foa endtime="192.44" starttime="179.48" type="place" place="table" nite:id="natasa_IS1001c_C.foa.27"/>
    <foa endtime="194.8" starttime="192.44" type="person" role="ID" nxt_agent="B" nite:id="natasa_IS1001c_C.foa.28"/>
    <foa endtime="196.04" starttime="194.8" type="place" place="table" nite:id="natasa_IS1001c_C.foa.29"/>
    <foa endtime="196.96" starttime="196.04" type="person" role="ID" nxt_agent="B" nite:id="natasa_IS1001c_C.foa.30"/>
    <foa endtime="203.0" starttime="196.96" type="place" place="table" nite:id="natasa_IS1001c_C.foa.31"/>
    <foa endtime="204.48" starttime="203.0" type="person" role="ID" nxt_agent="B" nite:id="natasa_IS1001c_C.foa.32"/>
    <foa endtime="206.96" starttime="204.48" type="place" place="slide-screen" nite:id="natasa_IS1001c_C.foa.33"/>
    <foa endtime="207.48" starttime="206.96" type="person" role="ID" nxt_agent="B" nite:id="natasa_IS1001c_C.foa.34"/>
    <foa endtime="212.24" starttime="207.48" type="place" place="table" nite:id="natasa_IS1001c_C.foa.35"/>
    <foa endtime="214.32" starttime="212.24" type="person" role="ID" nxt_agent="B" nite:id="natasa_IS1001c_C.foa.36"/>
    <foa endtime="215.4" starttime="214.32" type="place" place="slide-screen" nite:id="natasa_IS1001c_C.foa.37"/>
    <foa endtime="220.0" starttime="215.4" type="person" role="ID" nxt_agent="B" nite:id="natasa_IS1001c_C.foa.38"/>
    <foa endtime="222.16" starttime="220.0" type="place" place="table" nite:id="natasa_IS1001c_C.foa.39"/>
    <foa endtime="225.48" starttime="222.16" type="place" place="slide-screen" nite:id="natasa_IS1001c_C.foa.40"/>
    <foa endtime="226.68" starttime="225.48" type="person" role="ID" nxt_agent="B" nite:id="natasa_IS1001c_C.foa.41"/>
    <foa endtime="234.8" starttime="226.68" type="place" place="table" nite:id="natasa_IS1001c_C.foa.42"/>
    <foa endtime="251.84" starttime="234.8" type="person" role="ID" nxt_agent="B" nite:id="natasa_IS1001c_C.foa.43"/>
    <foa endtime="252.52" starttime="251.84" type="place" place="slide-screen" nite:id="natasa_IS1001c_C.foa.44"/>
    <foa endtime="257.84" starttime="252.52" type="person" role="ID" nxt_agent="B" nite:id="natasa_IS1001c_C.foa.45"/>
    <foa endtime="260.0" starttime="257.84" type="person" role="PM" nxt_agent="A" nite:id="natasa_IS1001c_C.foa.46"/>
    <foa endtime="261.56" starttime="260.0" type="person" role="ID" nxt_agent="B" nite:id="natasa_IS1001c_C.foa.47"/>
    <foa endtime="262.28" starttime="261.56" type="person" role="PM" nxt_agent="A" nite:id="natasa_IS1001c_C.foa.48"/>
    <foa endtime="264.16" starttime="262.28" type="person" role="ID" nxt_agent="B" nite:id="natasa_IS1001c_C.foa.49"/>
    <foa endtime="267.32" starttime="264.16" type="place" place="slide-screen" nite:id="natasa_IS1001c_C.foa.50"/>
    <foa endtime="270.6" starttime="267.32" type="person" role="ID" nxt_agent="B" nite:id="natasa_IS1001c_C.foa.51"/>
    <foa endtime="272.12" starttime="270.6" type="place" place="table" nite:id="natasa_IS1001c_C.foa.52"/>
    <foa endtime="274.12" starttime="272.12" type="person" role="PM" nxt_agent="A" nite:id="natasa_IS1001c_C.foa.53"/>
    <foa endtime="274.64" starttime="274.12" type="place" place="table" nite:id="natasa_IS1001c_C.foa.54"/>
    <foa endtime="275.12" starttime="274.64" type="person" role="PM" nxt_agent="A" nite:id="natasa_IS1001c_C.foa.55"/>
    <foa endtime="276.32" starttime="275.12" type="place" place="table" nite:id="natasa_IS1001c_C.foa.56"/>
    <foa endtime="277.16" starttime="276.32" type="person" role="PM" nxt_agent="A" nite:id="natasa_IS1001c_C.foa.57"/>
    <foa endtime="278.6" starttime="277.16" type="place" place="table" nite:id="natasa_IS1001c_C.foa.58"/>
    <foa endtime="279.56" starttime="278.6" type="person" role="PM" nxt_agent="A" nite:id="natasa_IS1001c_C.foa.59"/>
    <foa endtime="298.12" starttime="279.56" type="person" role="ID" nxt_agent="B" nite:id="natasa_IS1001c_C.foa.60"/>
    <foa endtime="299.08" starttime="298.12" type="person" role="PM" nxt_agent="A" nite:id="natasa_IS1001c_C.foa.61"/>
    <foa endtime="299.56" starttime="299.08" type="person" role="ID" nxt_agent="B" nite:id="natasa_IS1001c_C.foa.62"/>
    <foa endtime="299.92" starttime="299.56" type="place" place="table" nite:id="natasa_IS1001c_C.foa.63"/>
    <foa endtime="300.16" starttime="299.92" type="person" role="PM" nxt_agent="A" nite:id="natasa_IS1001c_C.foa.64"/>
    <foa endtime="302.08" starttime="300.16" type="place" place="table" nite:id="natasa_IS1001c_C.foa.65"/>
    <foa endtime="302.88" starttime="302.08" type="person" role="PM" nxt_agent="A" nite:id="natasa_IS1001c_C.foa.66"/>
    <foa endtime="317.44" starttime="302.88" type="person" role="ID" nxt_agent="B" nite:id="natasa_IS1001c_C.foa.67"/>
    <foa endtime="319.84" starttime="317.44" type="person" role="PM" nxt_agent="A" nite:id="natasa_IS1001c_C.foa.68"/>
    <foa endtime="320.72" starttime="319.84" type="person" role="ID" nxt_agent="B" nite:id="natasa_IS1001c_C.foa.69"/>
    <foa endtime="325.12" starttime="320.72" type="person" role="PM" nxt_agent="A" nite:id="natasa_IS1001c_C.foa.70"/>
    <foa endtime="325.88" starttime="325.12" type="person" role="ID" nxt_agent="B" nite:id="natasa_IS1001c_C.foa.71"/>
    <foa endtime="328.04" starttime="325.88" type="person" role="PM" nxt_agent="A" nite:id="natasa_IS1001c_C.foa.72"/>
    <foa endtime="328.96" starttime="328.04" type="person" role="ID" nxt_agent="B" nite:id="natasa_IS1001c_C.foa.73"/>
    <foa endtime="331.84" starttime="328.96" type="person" role="PM" nxt_agent="A" nite:id="natasa_IS1001c_C.foa.74"/>
    <foa endtime="337.8" starttime="331.84" type="person" role="ID" nxt_agent="B" nite:id="natasa_IS1001c_C.foa.75"/>
    <foa endtime="338.6" starttime="337.8" type="person" role="PM" nxt_agent="A" nite:id="natasa_IS1001c_C.foa.76"/>
    <foa endtime="339.24" starttime="338.6" type="person" role="ID" nxt_agent="B" nite:id="natasa_IS1001c_C.foa.77"/>
    <foa endtime="339.72" starttime="339.24" type="place" place="table" nite:id="natasa_IS1001c_C.foa.78"/>
    <foa endtime="343.64" starttime="339.72" type="person" role="PM" nxt_agent="A" nite:id="natasa_IS1001c_C.foa.79"/>
    <foa endtime="344.48" starttime="343.64" type="unspecified" nite:id="natasa_IS1001c_C.foa.80"/>
    <foa endtime="345.6" starttime="344.48" type="place" place="slide-screen" nite:id="natasa_IS1001c_C.foa.81"/>
    <foa endtime="346.76" starttime="345.6" type="place" place="table" nite:id="natasa_IS1001c_C.foa.82"/>
    <foa endtime="348.2" starttime="346.76" type="place" place="slide-screen" nite:id="natasa_IS1001c_C.foa.83"/>
    <foa endtime="349.2" starttime="348.2" type="place" place="table" nite:id="natasa_IS1001c_C.foa.84"/>
    <foa endtime="351.04" starttime="349.2" type="person" role="ID" nxt_agent="B" nite:id="natasa_IS1001c_C.foa.85"/>
    <foa endtime="351.76" starttime="351.04" type="place" place="slide-screen" nite:id="natasa_IS1001c_C.foa.86"/>
    <foa endtime="352.24" starttime="351.76" type="person" role="ID" nxt_agent="B" nite:id="natasa_IS1001c_C.foa.87"/>
    <foa endtime="353.08" starttime="352.24" type="place" place="table" nite:id="natasa_IS1001c_C.foa.88"/>
    <foa endtime="357.36" starttime="353.08" type="person" role="ID" nxt_agent="B" nite:id="natasa_IS1001c_C.foa.89"/>
    <foa endtime="358.52" starttime="357.36" type="place" place="table" nite:id="natasa_IS1001c_C.foa.90"/>
    <foa endtime="364.68" starttime="358.52" type="person" role="ID" nxt_agent="B" nite:id="natasa_IS1001c_C.foa.91"/>
    <foa endtime="365.96" starttime="364.68" type="unspecified" nite:id="natasa_IS1001c_C.foa.92"/>
    <foa endtime="374.88" starttime="365.96" type="person" role="ID" nxt_agent="B" nite:id="natasa_IS1001c_C.foa.93"/>
    <foa endtime="375.92" starttime="374.88" type="place" place="table" nite:id="natasa_IS1001c_C.foa.94"/>
    <foa endtime="377.84" starttime="375.92" type="person" role="ID" nxt_agent="B" nite:id="natasa_IS1001c_C.foa.95"/>
    <foa endtime="379.28" starttime="377.84" type="unspecified" nite:id="natasa_IS1001c_C.foa.96"/>
    <foa endtime="381.76" starttime="379.28" type="place" place="table" nite:id="natasa_IS1001c_C.foa.97"/>
    <foa endtime="387.72" starttime="381.76" type="person" role="ID" nxt_agent="B" nite:id="natasa_IS1001c_C.foa.98"/>
    <foa endtime="392.8" starttime="387.72" type="person" role="PM" nxt_agent="A" nite:id="natasa_IS1001c_C.foa.99"/>
    <foa endtime="395.12" starttime="392.8" type="place" place="table" nite:id="natasa_IS1001c_C.foa.100"/>
    <foa endtime="406.32" starttime="395.12" type="person" role="PM" nxt_agent="A" nite:id="natasa_IS1001c_C.foa.101"/>
    <foa endtime="408.04" starttime="406.32" type="person" role="ID" nxt_agent="B" nite:id="natasa_IS1001c_C.foa.102"/>
    <foa endtime="409.04" starttime="408.04" type="place" place="table" nite:id="natasa_IS1001c_C.foa.103"/>
    <foa endtime="409.96" starttime="409.04" type="person" role="ID" nxt_agent="B" nite:id="natasa_IS1001c_C.foa.104"/>
    <foa endtime="410.72" starttime="409.96" type="person" role="PM" nxt_agent="A" nite:id="natasa_IS1001c_C.foa.105"/>
    <foa endtime="411.44" starttime="410.72" type="person" role="ID" nxt_agent="B" nite:id="natasa_IS1001c_C.foa.106"/>
    <foa endtime="412.16" starttime="411.44" type="place" place="table" nite:id="natasa_IS1001c_C.foa.107"/>
    <foa endtime="412.4" starttime="412.16" type="person" role="PM" nxt_agent="A" nite:id="natasa_IS1001c_C.foa.108"/>
    <foa endtime="416.8" starttime="412.4" type="place" place="table" nite:id="natasa_IS1001c_C.foa.109"/>
    <foa endtime="450.24" starttime="416.8" type="person" role="ID" nxt_agent="B" nite:id="natasa_IS1001c_C.foa.110"/>
    <foa endtime="450.76" starttime="450.24" type="place" place="slide-screen" nite:id="natasa_IS1001c_C.foa.111"/>
    <foa endtime="459.08" starttime="450.76" type="person" role="ID" nxt_agent="B" nite:id="natasa_IS1001c_C.foa.112"/>
    <foa endtime="459.44" starttime="459.08" type="place" place="table" nite:id="natasa_IS1001c_C.foa.113"/>
    <foa endtime="474.32" starttime="459.44" type="person" role="ID" nxt_agent="B" nite:id="natasa_IS1001c_C.foa.114"/>
    <foa endtime="475.16" starttime="474.32" type="place" place="table" nite:id="natasa_IS1001c_C.foa.115"/>
    <foa endtime="475.88" starttime="475.16" type="person" role="ID" nxt_agent="B" nite:id="natasa_IS1001c_C.foa.116"/>
    <foa endtime="476.24" starttime="475.88" type="place" place="table" nite:id="natasa_IS1001c_C.foa.117"/>
    <foa endtime="476.72" starttime="476.24" type="person" role="PM" nxt_agent="A" nite:id="natasa_IS1001c_C.foa.118"/>
    <foa endtime="477.44" starttime="476.72" type="place" place="table" nite:id="natasa_IS1001c_C.foa.119"/>
    <foa endtime="478.12" starttime="477.44" type="person" role="PM" nxt_agent="A" nite:id="natasa_IS1001c_C.foa.120"/>
    <foa endtime="479.08" starttime="478.12" type="place" place="table" nite:id="natasa_IS1001c_C.foa.121"/>
    <foa endtime="479.68" starttime="479.08" type="place" place="slide-screen" nite:id="natasa_IS1001c_C.foa.122"/>
    <foa endtime="481.08" starttime="479.68" type="place" place="table" nite:id="natasa_IS1001c_C.foa.123"/>
    <foa endtime="484.44" starttime="481.08" type="place" place="slide-screen" nite:id="natasa_IS1001c_C.foa.124"/>
    <foa endtime="485.48" starttime="484.44" type="place" place="table" nite:id="natasa_IS1001c_C.foa.125"/>
    <foa endtime="500.96" starttime="485.48" type="place" place="slide-screen" nite:id="natasa_IS1001c_C.foa.126"/>
    <foa endtime="501.56" starttime="500.96" type="person" role="PM" nxt_agent="A" nite:id="natasa_IS1001c_C.foa.127"/>
    <foa endtime="502.16" starttime="501.56" type="place" place="table" nite:id="natasa_IS1001c_C.foa.128"/>
    <foa endtime="503.48" starttime="502.16" type="place" place="slide-screen" nite:id="natasa_IS1001c_C.foa.129"/>
    <foa endtime="504.32" starttime="503.48" type="unspecified" nite:id="natasa_IS1001c_C.foa.130"/>
    <foa endtime="510.84" starttime="504.32" type="place" place="slide-screen" nite:id="natasa_IS1001c_C.foa.131"/>
    <foa endtime="512.84" starttime="510.84" type="person" role="ID" nxt_agent="B" nite:id="natasa_IS1001c_C.foa.132"/>
    <foa endtime="513.08" starttime="512.84" type="place" place="slide-screen" nite:id="natasa_IS1001c_C.foa.133"/>
    <foa endtime="514.96" starttime="513.08" type="place" place="table" nite:id="natasa_IS1001c_C.foa.134"/>
    <foa endtime="515.32" starttime="514.96" type="place" place="slide-screen" nite:id="natasa_IS1001c_C.foa.135"/>
    <foa endtime="519.52" starttime="515.32" type="place" place="table" nite:id="natasa_IS1001c_C.foa.136"/>
    <foa endtime="520.76" starttime="519.52" type="person" role="PM" nxt_agent="A" nite:id="natasa_IS1001c_C.foa.137"/>
    <foa endtime="522.16" starttime="520.76" type="place" place="slide-screen" nite:id="natasa_IS1001c_C.foa.138"/>
    <foa endtime="522.88" starttime="522.16" type="person" role="ID" nxt_agent="B" nite:id="natasa_IS1001c_C.foa.139"/>
    <foa endtime="523.12" starttime="522.88" type="place" place="slide-screen" nite:id="natasa_IS1001c_C.foa.140"/>
    <foa endtime="523.48" starttime="523.12" type="person" role="PM" nxt_agent="A" nite:id="natasa_IS1001c_C.foa.141"/>
    <foa endtime="524.44" starttime="523.48" type="place" place="slide-screen" nite:id="natasa_IS1001c_C.foa.142"/>
    <foa endtime="525.68" starttime="524.44" type="person" role="PM" nxt_agent="A" nite:id="natasa_IS1001c_C.foa.143"/>
    <foa endtime="528.44" starttime="525.68" type="place" place="slide-screen" nite:id="natasa_IS1001c_C.foa.144"/>
    <foa endtime="530.4" starttime="528.44" type="person" role="PM" nxt_agent="A" nite:id="natasa_IS1001c_C.foa.145"/>
    <foa endtime="532.88" starttime="530.4" type="person" role="ID" nxt_agent="B" nite:id="natasa_IS1001c_C.foa.146"/>
    <foa endtime="533.12" starttime="532.88" type="unspecified" nite:id="natasa_IS1001c_C.foa.147"/>
    <foa endtime="533.64" starttime="533.12" type="place" place="table" nite:id="natasa_IS1001c_C.foa.148"/>
    <foa endtime="533.96" starttime="533.64" type="place" place="slide-screen" nite:id="natasa_IS1001c_C.foa.149"/>
    <foa endtime="535.68" starttime="533.96" type="person" role="PM" nxt_agent="A" nite:id="natasa_IS1001c_C.foa.150"/>
    <foa endtime="536.72" starttime="535.68" type="place" place="table" nite:id="natasa_IS1001c_C.foa.151"/>
    <foa endtime="538.72" starttime="536.72" type="person" role="PM" nxt_agent="A" nite:id="natasa_IS1001c_C.foa.152"/>
    <foa endtime="540.72" starttime="538.72" type="place" place="slide-screen" nite:id="natasa_IS1001c_C.foa.153"/>
    <foa endtime="541.32" starttime="540.72" type="place" place="table" nite:id="natasa_IS1001c_C.foa.154"/>
    <foa endtime="541.68" starttime="541.32" type="place" place="slide-screen" nite:id="natasa_IS1001c_C.foa.155"/>
    <foa endtime="542.32" starttime="541.68" type="place" place="table" nite:id="natasa_IS1001c_C.foa.156"/>
    <foa endtime="574.6" starttime="542.32" type="place" place="slide-screen" nite:id="natasa_IS1001c_C.foa.157"/>
    <foa endtime="574.84" starttime="574.6" type="person" role="ID" nxt_agent="B" nite:id="natasa_IS1001c_C.foa.158"/>
    <foa endtime="576.2" starttime="574.84" type="place" place="slide-screen" nite:id="natasa_IS1001c_C.foa.159"/>
    <foa endtime="576.44" starttime="576.2" type="person" role="PM" nxt_agent="A" nite:id="natasa_IS1001c_C.foa.160"/>
    <foa endtime="576.88" starttime="576.44" type="place" place="slide-screen" nite:id="natasa_IS1001c_C.foa.161"/>
    <foa endtime="578.08" starttime="576.88" type="person" role="PM" nxt_agent="A" nite:id="natasa_IS1001c_C.foa.162"/>
    <foa endtime="578.32" starttime="578.08" type="place" place="table" nite:id="natasa_IS1001c_C.foa.163"/>
    <foa endtime="584.32" starttime="578.32" type="place" place="slide-screen" nite:id="natasa_IS1001c_C.foa.164"/>
    <foa endtime="585.2" starttime="584.32" type="place" place="table" nite:id="natasa_IS1001c_C.foa.165"/>
    <foa endtime="585.56" starttime="585.2" type="place" place="slide-screen" nite:id="natasa_IS1001c_C.foa.166"/>
    <foa endtime="586.48" starttime="585.56" type="place" place="table" nite:id="natasa_IS1001c_C.foa.167"/>
    <foa endtime="587.12" starttime="586.48" type="place" place="slide-screen" nite:id="natasa_IS1001c_C.foa.168"/>
    <foa endtime="587.84" starttime="587.12" type="person" role="PM" nxt_agent="A" nite:id="natasa_IS1001c_C.foa.169"/>
    <foa endtime="594.4" starttime="587.84" type="place" place="slide-screen" nite:id="natasa_IS1001c_C.foa.170"/>
    <foa endtime="595.4" starttime="594.4" type="place" place="table" nite:id="natasa_IS1001c_C.foa.171"/>
    <foa endtime="596.92" starttime="595.4" type="place" place="slide-screen" nite:id="natasa_IS1001c_C.foa.172"/>
    <foa endtime="598.48" starttime="596.92" type="place" place="table" nite:id="natasa_IS1001c_C.foa.173"/>
    <foa endtime="600.0" starttime="598.48" type="person" role="PM" nxt_agent="A" nite:id="natasa_IS1001c_C.foa.174"/>
    <foa endtime="605.36" starttime="600.0" type="place" place="slide-screen" nite:id="natasa_IS1001c_C.foa.175"/>
    <foa endtime="605.84" starttime="605.36" type="place" place="table" nite:id="natasa_IS1001c_C.foa.176"/>
    <foa endtime="607.64" starttime="605.84" type="person" role="PM" nxt_agent="A" nite:id="natasa_IS1001c_C.foa.177"/>
    <foa endtime="608.4" starttime="607.64" type="place" place="slide-screen" nite:id="natasa_IS1001c_C.foa.178"/>
    <foa endtime="609.44" starttime="608.4" type="person" role="PM" nxt_agent="A" nite:id="natasa_IS1001c_C.foa.179"/>
    <foa endtime="610.44" starttime="609.44" type="place" place="slide-screen" nite:id="natasa_IS1001c_C.foa.180"/>
    <foa endtime="610.96" starttime="610.44" type="place" place="table" nite:id="natasa_IS1001c_C.foa.181"/>
    <foa endtime="611.32" starttime="610.96" type="place" place="slide-screen" nite:id="natasa_IS1001c_C.foa.182"/>
    <foa endtime="613.04" starttime="611.32" type="person" role="PM" nxt_agent="A" nite:id="natasa_IS1001c_C.foa.183"/>
    <foa endtime="615.84" starttime="613.04" type="place" place="slide-screen" nite:id="natasa_IS1001c_C.foa.184"/>
    <foa endtime="619.08" starttime="615.84" type="person" role="PM" nxt_agent="A" nite:id="natasa_IS1001c_C.foa.185"/>
    <foa endtime="620.6" starttime="619.08" type="place" place="table" nite:id="natasa_IS1001c_C.foa.186"/>
    <foa endtime="621.08" starttime="620.6" type="person" role="PM" nxt_agent="A" nite:id="natasa_IS1001c_C.foa.187"/>
    <foa endtime="621.88" starttime="621.08" type="place" place="slide-screen" nite:id="natasa_IS1001c_C.foa.188"/>
    <foa endtime="625.28" starttime="621.88" type="person" role="PM" nxt_agent="A" nite:id="natasa_IS1001c_C.foa.189"/>
    <foa endtime="629.32" starttime="625.28" type="place" place="slide-screen" nite:id="natasa_IS1001c_C.foa.190"/>
    <foa endtime="630.6" starttime="629.32" type="place" place="table" nite:id="natasa_IS1001c_C.foa.191"/>
    <foa endtime="630.8" starttime="630.6" type="person" role="PM" nxt_agent="A" nite:id="natasa_IS1001c_C.foa.192"/>
    <foa endtime="631.28" starttime="630.8" type="place" place="slide-screen" nite:id="natasa_IS1001c_C.foa.193"/>
    <foa endtime="633.08" starttime="631.28" type="person" role="ID" nxt_agent="B" nite:id="natasa_IS1001c_C.foa.194"/>
    <foa endtime="633.52" starttime="633.08" type="place" place="slide-screen" nite:id="natasa_IS1001c_C.foa.195"/>
    <foa endtime="635.8" starttime="633.52" type="person" role="PM" nxt_agent="A" nite:id="natasa_IS1001c_C.foa.196"/>
    <foa endtime="637.48" starttime="635.8" type="place" place="slide-screen" nite:id="natasa_IS1001c_C.foa.197"/>
    <foa endtime="638.56" starttime="637.48" type="person" role="PM" nxt_agent="A" nite:id="natasa_IS1001c_C.foa.198"/>
    <foa endtime="639.2" starttime="638.56" type="place" place="slide-screen" nite:id="natasa_IS1001c_C.foa.199"/>
    <foa endtime="642.16" starttime="639.2" type="person" role="PM" nxt_agent="A" nite:id="natasa_IS1001c_C.foa.200"/>
    <foa endtime="642.52" starttime="642.16" type="unspecified" nite:id="natasa_IS1001c_C.foa.201"/>
    <foa endtime="642.76" starttime="642.52" type="place" place="slide-screen" nite:id="natasa_IS1001c_C.foa.202"/>
    <foa endtime="643.52" starttime="642.76" type="place" place="table" nite:id="natasa_IS1001c_C.foa.203"/>
    <foa endtime="650.8" starttime="643.52" type="place" place="slide-screen" nite:id="natasa_IS1001c_C.foa.204"/>
    <foa endtime="651.28" starttime="650.8" type="person" role="ID" nxt_agent="B" nite:id="natasa_IS1001c_C.foa.205"/>
    <foa endtime="652.96" starttime="651.28" type="place" place="slide-screen" nite:id="natasa_IS1001c_C.foa.206"/>
    <foa endtime="653.44" starttime="652.96" type="unspecified" nite:id="natasa_IS1001c_C.foa.207"/>
    <foa endtime="654.04" starttime="653.44" type="person" role="ID" nxt_agent="B" nite:id="natasa_IS1001c_C.foa.208"/>
    <foa endtime="658.24" starttime="654.04" type="place" place="slide-screen" nite:id="natasa_IS1001c_C.foa.209"/>
    <foa endtime="658.88" starttime="658.24" type="person" role="ID" nxt_agent="B" nite:id="natasa_IS1001c_C.foa.210"/>
    <foa endtime="659.44" starttime="658.88" type="place" place="table" nite:id="natasa_IS1001c_C.foa.211"/>
    <foa endtime="659.88" starttime="659.44" type="person" role="ID" nxt_agent="B" nite:id="natasa_IS1001c_C.foa.212"/>
    <foa endtime="661.44" starttime="659.88" type="person" role="PM" nxt_agent="A" nite:id="natasa_IS1001c_C.foa.213"/>
    <foa endtime="661.92" starttime="661.44" type="place" place="slide-screen" nite:id="natasa_IS1001c_C.foa.214"/>
    <foa endtime="663.12" starttime="661.92" type="person" role="PM" nxt_agent="A" nite:id="natasa_IS1001c_C.foa.215"/>
    <foa endtime="664.92" starttime="663.12" type="person" role="ID" nxt_agent="B" nite:id="natasa_IS1001c_C.foa.216"/>
    <foa endtime="666.2" starttime="664.92" type="place" place="table" nite:id="natasa_IS1001c_C.foa.217"/>
    <foa endtime="666.88" starttime="666.2" type="place" place="slide-screen" nite:id="natasa_IS1001c_C.foa.218"/>
    <foa endtime="667.84" starttime="666.88" type="place" place="table" nite:id="natasa_IS1001c_C.foa.219"/>
    <foa endtime="668.08" starttime="667.84" type="person" role="PM" nxt_agent="A" nite:id="natasa_IS1001c_C.foa.220"/>
    <foa endtime="669.16" starttime="668.08" type="place" place="table" nite:id="natasa_IS1001c_C.foa.221"/>
    <foa endtime="670.0" starttime="669.16" type="place" place="slide-screen" nite:id="natasa_IS1001c_C.foa.222"/>
    <foa endtime="671.28" starttime="670.0" type="person" role="ID" nxt_agent="B" nite:id="natasa_IS1001c_C.foa.223"/>
    <foa endtime="685.64" starttime="671.28" type="person" role="PM" nxt_agent="A" nite:id="natasa_IS1001c_C.foa.224"/>
    <foa endtime="686.44" starttime="685.64" type="place" place="table" nite:id="natasa_IS1001c_C.foa.225"/>
    <foa endtime="689.84" starttime="686.44" type="person" role="ME" nxt_agent="D" nite:id="natasa_IS1001c_C.foa.226"/>
    <foa endtime="690.2" starttime="689.84" type="place" place="table" nite:id="natasa_IS1001c_C.foa.227"/>
    <foa endtime="693.88" starttime="690.2" type="place" place="slide-screen" nite:id="natasa_IS1001c_C.foa.228"/>
    <foa endtime="702.0" starttime="693.88" type="place" place="table" nite:id="natasa_IS1001c_C.foa.229"/>
    <foa endtime="715.04" starttime="702.0" type="place" place="slide-screen" nite:id="natasa_IS1001c_C.foa.230"/>
    <foa endtime="720.08" starttime="715.04" type="place" place="table" nite:id="natasa_IS1001c_C.foa.231"/>
    <foa endtime="721.72" starttime="720.08" type="place" place="slide-screen" nite:id="natasa_IS1001c_C.foa.232"/>
    <foa endtime="723.0" starttime="721.72" type="person" role="ME" nxt_agent="D" nite:id="natasa_IS1001c_C.foa.233"/>
    <foa endtime="723.6" starttime="723.0" type="unspecified" nite:id="natasa_IS1001c_C.foa.234"/>
    <foa endtime="724.08" starttime="723.6" type="person" role="ME" nxt_agent="D" nite:id="natasa_IS1001c_C.foa.235"/>
    <foa endtime="728.24" starttime="724.08" type="place" place="table" nite:id="natasa_IS1001c_C.foa.236"/>
    <foa endtime="730.92" starttime="728.24" type="unspecified" nite:id="natasa_IS1001c_C.foa.237"/>
    <foa endtime="731.32" starttime="730.92" type="person" role="ME" nxt_agent="D" nite:id="natasa_IS1001c_C.foa.238"/>
    <foa endtime="731.68" starttime="731.32" type="unspecified" nite:id="natasa_IS1001c_C.foa.239"/>
    <foa endtime="732.4" starttime="731.68" type="place" place="table" nite:id="natasa_IS1001c_C.foa.240"/>
    <foa endtime="736.2" starttime="732.4" type="person" role="ME" nxt_agent="D" nite:id="natasa_IS1001c_C.foa.241"/>
    <foa endtime="736.88" starttime="736.2" type="place" place="table" nite:id="natasa_IS1001c_C.foa.242"/>
    <foa endtime="737.28" starttime="736.88" type="person" role="ME" nxt_agent="D" nite:id="natasa_IS1001c_C.foa.243"/>
    <foa endtime="750.32" starttime="737.28" type="place" place="slide-screen" nite:id="natasa_IS1001c_C.foa.244"/>
    <foa endtime="750.8" starttime="750.32" type="place" place="table" nite:id="natasa_IS1001c_C.foa.245"/>
    <foa endtime="752.48" starttime="750.8" type="person" role="ME" nxt_agent="D" nite:id="natasa_IS1001c_C.foa.246"/>
    <foa endtime="753.68" starttime="752.48" type="place" place="slide-screen" nite:id="natasa_IS1001c_C.foa.247"/>
    <foa endtime="754.28" starttime="753.68" type="place" place="table" nite:id="natasa_IS1001c_C.foa.248"/>
    <foa endtime="754.64" starttime="754.28" type="place" place="slide-screen" nite:id="natasa_IS1001c_C.foa.249"/>
    <foa endtime="763.28" starttime="754.64" type="person" role="ME" nxt_agent="D" nite:id="natasa_IS1001c_C.foa.250"/>
    <foa endtime="764.68" starttime="763.28" type="place" place="slide-screen" nite:id="natasa_IS1001c_C.foa.251"/>
    <foa endtime="766.36" starttime="764.68" type="person" role="ME" nxt_agent="D" nite:id="natasa_IS1001c_C.foa.252"/>
    <foa endtime="766.72" starttime="766.36" type="place" place="slide-screen" nite:id="natasa_IS1001c_C.foa.253"/>
    <foa endtime="768.56" starttime="766.72" type="place" place="table" nite:id="natasa_IS1001c_C.foa.254"/>
    <foa endtime="777.56" starttime="768.56" type="place" place="slide-screen" nite:id="natasa_IS1001c_C.foa.255"/>
    <foa endtime="782.04" starttime="777.56" type="person" role="ME" nxt_agent="D" nite:id="natasa_IS1001c_C.foa.256"/>
    <foa endtime="782.92" starttime="782.04" type="place" place="table" nite:id="natasa_IS1001c_C.foa.257"/>
    <foa endtime="785.08" starttime="782.92" type="place" place="slide-screen" nite:id="natasa_IS1001c_C.foa.258"/>
    <foa endtime="785.8" starttime="785.08" type="person" role="ME" nxt_agent="D" nite:id="natasa_IS1001c_C.foa.259"/>
    <foa endtime="786.76" starttime="785.8" type="place" place="slide-screen" nite:id="natasa_IS1001c_C.foa.260"/>
    <foa endtime="787.56" starttime="786.76" type="person" role="ME" nxt_agent="D" nite:id="natasa_IS1001c_C.foa.261"/>
    <foa endtime="788.24" starttime="787.56" type="place" place="slide-screen" nite:id="natasa_IS1001c_C.foa.262"/>
    <foa endtime="788.64" starttime="788.24" type="place" place="table" nite:id="natasa_IS1001c_C.foa.263"/>
    <foa endtime="789.84" starttime="788.64" type="person" role="ME" nxt_agent="D" nite:id="natasa_IS1001c_C.foa.264"/>
    <foa endtime="791.84" starttime="789.84" type="place" place="table" nite:id="natasa_IS1001c_C.foa.265"/>
    <foa endtime="794.68" starttime="791.84" type="person" role="ID" nxt_agent="B" nite:id="natasa_IS1001c_C.foa.266"/>
    <foa endtime="798.0" starttime="794.68" type="place" place="table" nite:id="natasa_IS1001c_C.foa.267"/>
    <foa endtime="799.44" starttime="798.0" type="person" role="ME" nxt_agent="D" nite:id="natasa_IS1001c_C.foa.268"/>
    <foa endtime="800.8" starttime="799.44" type="person" role="ID" nxt_agent="B" nite:id="natasa_IS1001c_C.foa.269"/>
    <foa endtime="804.04" starttime="800.8" type="person" role="ME" nxt_agent="D" nite:id="natasa_IS1001c_C.foa.270"/>
    <foa endtime="805.32" starttime="804.04" type="place" place="table" nite:id="natasa_IS1001c_C.foa.271"/>
    <foa endtime="805.76" starttime="805.32" type="person" role="ME" nxt_agent="D" nite:id="natasa_IS1001c_C.foa.272"/>
    <foa endtime="808.88" starttime="805.76" type="place" place="table" nite:id="natasa_IS1001c_C.foa.273"/>
    <foa endtime="809.84" starttime="808.88" type="person" role="ID" nxt_agent="B" nite:id="natasa_IS1001c_C.foa.274"/>
    <foa endtime="810.96" starttime="809.84" type="place" place="table" nite:id="natasa_IS1001c_C.foa.275"/>
    <foa endtime="813.96" starttime="810.96" type="person" role="ID" nxt_agent="B" nite:id="natasa_IS1001c_C.foa.276"/>
    <foa endtime="814.36" starttime="813.96" type="person" role="PM" nxt_agent="A" nite:id="natasa_IS1001c_C.foa.277"/>
    <foa endtime="814.84" starttime="814.36" type="person" role="ID" nxt_agent="B" nite:id="natasa_IS1001c_C.foa.278"/>
    <foa endtime="815.28" starttime="814.84" type="person" role="PM" nxt_agent="A" nite:id="natasa_IS1001c_C.foa.279"/>
    <foa endtime="815.64" starttime="815.28" type="place" place="table" nite:id="natasa_IS1001c_C.foa.280"/>
    <foa endtime="816.08" starttime="815.64" type="person" role="PM" nxt_agent="A" nite:id="natasa_IS1001c_C.foa.281"/>
    <foa endtime="816.56" starttime="816.08" type="person" role="ID" nxt_agent="B" nite:id="natasa_IS1001c_C.foa.282"/>
    <foa endtime="818.72" starttime="816.56" type="person" role="PM" nxt_agent="A" nite:id="natasa_IS1001c_C.foa.283"/>
    <foa endtime="836.8" starttime="818.72" type="person" role="ID" nxt_agent="B" nite:id="natasa_IS1001c_C.foa.284"/>
    <foa endtime="843.72" starttime="836.8" type="place" place="slide-screen" nite:id="natasa_IS1001c_C.foa.285"/>
    <foa endtime="844.08" starttime="843.72" type="place" place="table" nite:id="natasa_IS1001c_C.foa.286"/>
    <foa endtime="845.76" starttime="844.08" type="place" place="slide-screen" nite:id="natasa_IS1001c_C.foa.287"/>
    <foa endtime="846.52" starttime="845.76" type="place" place="table" nite:id="natasa_IS1001c_C.foa.288"/>
    <foa endtime="850.24" starttime="846.52" type="person" role="ME" nxt_agent="D" nite:id="natasa_IS1001c_C.foa.289"/>
    <foa endtime="850.84" starttime="850.24" type="place" place="slide-screen" nite:id="natasa_IS1001c_C.foa.290"/>
    <foa endtime="854.28" starttime="850.84" type="person" role="ME" nxt_agent="D" nite:id="natasa_IS1001c_C.foa.291"/>
    <foa endtime="855.88" starttime="854.28" type="person" role="ID" nxt_agent="B" nite:id="natasa_IS1001c_C.foa.292"/>
    <foa endtime="856.72" starttime="855.88" type="place" place="slide-screen" nite:id="natasa_IS1001c_C.foa.293"/>
    <foa endtime="863.56" starttime="856.72" type="person" role="PM" nxt_agent="A" nite:id="natasa_IS1001c_C.foa.294"/>
    <foa endtime="864.48" starttime="863.56" type="place" place="table" nite:id="natasa_IS1001c_C.foa.295"/>
    <foa endtime="864.72" starttime="864.48" type="place" place="slide-screen" nite:id="natasa_IS1001c_C.foa.296"/>
    <foa endtime="865.2" starttime="864.72" type="place" place="table" nite:id="natasa_IS1001c_C.foa.297"/>
    <foa endtime="865.96" starttime="865.2" type="person" role="ME" nxt_agent="D" nite:id="natasa_IS1001c_C.foa.298"/>
    <foa endtime="866.2" starttime="865.96" type="person" role="ID" nxt_agent="B" nite:id="natasa_IS1001c_C.foa.299"/>
    <foa endtime="868.52" starttime="866.2" type="place" place="table" nite:id="natasa_IS1001c_C.foa.300"/>
    <foa endtime="870.64" starttime="868.52" type="person" role="PM" nxt_agent="A" nite:id="natasa_IS1001c_C.foa.301"/>
    <foa endtime="872.0" starttime="870.64" type="place" place="slide-screen" nite:id="natasa_IS1001c_C.foa.302"/>
    <foa endtime="874.16" starttime="872.0" type="person" role="PM" nxt_agent="A" nite:id="natasa_IS1001c_C.foa.303"/>
    <foa endtime="874.6" starttime="874.16" type="place" place="slide-screen" nite:id="natasa_IS1001c_C.foa.304"/>
    <foa endtime="876.28" starttime="874.6" type="person" role="PM" nxt_agent="A" nite:id="natasa_IS1001c_C.foa.305"/>
    <foa endtime="877.2" starttime="876.28" type="person" role="ID" nxt_agent="B" nite:id="natasa_IS1001c_C.foa.306"/>
    <foa endtime="878.04" starttime="877.2" type="place" place="table" nite:id="natasa_IS1001c_C.foa.307"/>
    <foa endtime="878.64" starttime="878.04" type="person" role="ID" nxt_agent="B" nite:id="natasa_IS1001c_C.foa.308"/>
    <foa endtime="884.24" starttime="878.64" type="person" role="PM" nxt_agent="A" nite:id="natasa_IS1001c_C.foa.309"/>
    <foa endtime="884.6" starttime="884.24" type="unspecified" nite:id="natasa_IS1001c_C.foa.310"/>
    <foa endtime="886.84" starttime="884.6" type="person" role="PM" nxt_agent="A" nite:id="natasa_IS1001c_C.foa.311"/>
    <foa endtime="888.76" starttime="886.84" type="person" role="ID" nxt_agent="B" nite:id="natasa_IS1001c_C.foa.312"/>
    <foa endtime="889.12" starttime="888.76" type="place" place="slide-screen" nite:id="natasa_IS1001c_C.foa.313"/>
    <foa endtime="889.68" starttime="889.12" type="person" role="ID" nxt_agent="B" nite:id="natasa_IS1001c_C.foa.314"/>
    <foa endtime="891.0" starttime="889.68" type="person" role="PM" nxt_agent="A" nite:id="natasa_IS1001c_C.foa.315"/>
    <foa endtime="893.84" starttime="891.0" type="person" role="ID" nxt_agent="B" nite:id="natasa_IS1001c_C.foa.316"/>
    <foa endtime="895.68" starttime="893.84" type="place" place="table" nite:id="natasa_IS1001c_C.foa.317"/>
    <foa endtime="898.92" starttime="895.68" type="person" role="ID" nxt_agent="B" nite:id="natasa_IS1001c_C.foa.318"/>
    <foa endtime="903.4" starttime="898.92" type="person" role="ME" nxt_agent="D" nite:id="natasa_IS1001c_C.foa.319"/>
    <foa endtime="903.64" starttime="903.4" type="person" role="ID" nxt_agent="B" nite:id="natasa_IS1001c_C.foa.320"/>
    <foa endtime="904.4" starttime="903.64" type="person" role="ME" nxt_agent="D" nite:id="natasa_IS1001c_C.foa.321"/>
    <foa endtime="907.64" starttime="904.4" type="person" role="ID" nxt_agent="B" nite:id="natasa_IS1001c_C.foa.322"/>
    <foa endtime="909.88" starttime="907.64" type="place" place="table" nite:id="natasa_IS1001c_C.foa.323"/>
    <foa endtime="911.04" starttime="909.88" type="person" role="ID" nxt_agent="B" nite:id="natasa_IS1001c_C.foa.324"/>
    <foa endtime="913.16" starttime="911.04" type="place" place="table" nite:id="natasa_IS1001c_C.foa.325"/>
    <foa endtime="913.8" starttime="913.16" type="person" role="ID" nxt_agent="B" nite:id="natasa_IS1001c_C.foa.326"/>
    <foa endtime="914.04" starttime="913.8" type="person" role="ME" nxt_agent="D" nite:id="natasa_IS1001c_C.foa.327"/>
    <foa endtime="917.16" starttime="914.04" type="person" role="ID" nxt_agent="B" nite:id="natasa_IS1001c_C.foa.328"/>
    <foa endtime="917.4" starttime="917.16" type="place" place="table" nite:id="natasa_IS1001c_C.foa.329"/>
    <foa endtime="919.12" starttime="917.4" type="place" place="slide-screen" nite:id="natasa_IS1001c_C.foa.330"/>
    <foa endtime="921.56" starttime="919.12" type="person" role="ID" nxt_agent="B" nite:id="natasa_IS1001c_C.foa.331"/>
    <foa endtime="921.8" starttime="921.56" type="person" role="ME" nxt_agent="D" nite:id="natasa_IS1001c_C.foa.332"/>
    <foa endtime="924.96" starttime="921.8" type="person" role="ID" nxt_agent="B" nite:id="natasa_IS1001c_C.foa.333"/>
    <foa endtime="927.96" starttime="924.96" type="person" role="PM" nxt_agent="A" nite:id="natasa_IS1001c_C.foa.334"/>
    <foa endtime="928.8" starttime="927.96" type="place" place="table" nite:id="natasa_IS1001c_C.foa.335"/>
    <foa endtime="930.24" starttime="928.8" type="person" role="PM" nxt_agent="A" nite:id="natasa_IS1001c_C.foa.336"/>
    <foa endtime="930.96" starttime="930.24" type="unspecified" nite:id="natasa_IS1001c_C.foa.337"/>
    <foa endtime="932.28" starttime="930.96" type="place" place="table" nite:id="natasa_IS1001c_C.foa.338"/>
    <foa endtime="941.92" starttime="932.28" type="person" role="ID" nxt_agent="B" nite:id="natasa_IS1001c_C.foa.339"/>
    <foa endtime="942.28" starttime="941.92" type="place" place="table" nite:id="natasa_IS1001c_C.foa.340"/>
    <foa endtime="948.16" starttime="942.28" type="person" role="ID" nxt_agent="B" nite:id="natasa_IS1001c_C.foa.341"/>
    <foa endtime="950.84" starttime="948.16" type="place" place="slide-screen" nite:id="natasa_IS1001c_C.foa.342"/>
    <foa endtime="951.32" starttime="950.84" type="person" role="ID" nxt_agent="B" nite:id="natasa_IS1001c_C.foa.343"/>
    <foa endtime="952.12" starttime="951.32" type="person" role="PM" nxt_agent="A" nite:id="natasa_IS1001c_C.foa.344"/>
    <foa endtime="952.48" starttime="952.12" type="unspecified" nite:id="natasa_IS1001c_C.foa.345"/>
    <foa endtime="955.52" starttime="952.48" type="person" role="ID" nxt_agent="B" nite:id="natasa_IS1001c_C.foa.346"/>
    <foa endtime="955.88" starttime="955.52" type="unspecified" nite:id="natasa_IS1001c_C.foa.347"/>
    <foa endtime="956.8" starttime="955.88" type="person" role="PM" nxt_agent="A" nite:id="natasa_IS1001c_C.foa.348"/>
    <foa endtime="957.4" starttime="956.8" type="place" place="table" nite:id="natasa_IS1001c_C.foa.349"/>
    <foa endtime="964.96" starttime="957.4" type="person" role="PM" nxt_agent="A" nite:id="natasa_IS1001c_C.foa.350"/>
    <foa endtime="965.56" starttime="964.96" type="person" role="ID" nxt_agent="B" nite:id="natasa_IS1001c_C.foa.351"/>
    <foa endtime="966.04" starttime="965.56" type="unspecified" nite:id="natasa_IS1001c_C.foa.352"/>
    <foa endtime="966.28" starttime="966.04" type="person" role="ME" nxt_agent="D" nite:id="natasa_IS1001c_C.foa.353"/>
    <foa endtime="967.68" starttime="966.28" type="place" place="slide-screen" nite:id="natasa_IS1001c_C.foa.354"/>
    <foa endtime="972.6" starttime="967.68" type="person" role="PM" nxt_agent="A" nite:id="natasa_IS1001c_C.foa.355"/>
    <foa endtime="978.4" starttime="972.6" type="place" place="table" nite:id="natasa_IS1001c_C.foa.356"/>
    <foa endtime="979.0" starttime="978.4" type="person" role="PM" nxt_agent="A" nite:id="natasa_IS1001c_C.foa.357"/>
    <foa endtime="979.96" starttime="979.0" type="unspecified" nite:id="natasa_IS1001c_C.foa.358"/>
    <foa endtime="991.92" starttime="979.96" type="place" place="table" nite:id="natasa_IS1001c_C.foa.359"/>
    <foa endtime="997.44" starttime="991.92" type="person" role="ID" nxt_agent="B" nite:id="natasa_IS1001c_C.foa.360"/>
    <foa endtime="997.8" starttime="997.44" type="place" place="table" nite:id="natasa_IS1001c_C.foa.361"/>
    <foa endtime="998.04" starttime="997.8" type="person" role="ID" nxt_agent="B" nite:id="natasa_IS1001c_C.foa.362"/>
    <foa endtime="998.76" starttime="998.04" type="place" place="table" nite:id="natasa_IS1001c_C.foa.363"/>
    <foa endtime="999.12" starttime="998.76" type="person" role="ID" nxt_agent="B" nite:id="natasa_IS1001c_C.foa.364"/>
    <foa endtime="999.6" starttime="999.12" type="place" place="table" nite:id="natasa_IS1001c_C.foa.365"/>
    <foa endtime="1001.04" starttime="999.6" type="person" role="ID" nxt_agent="B" nite:id="natasa_IS1001c_C.foa.366"/>
    <foa endtime="1001.28" starttime="1001.04" type="place" place="table" nite:id="natasa_IS1001c_C.foa.367"/>
    <foa endtime="1002.2" starttime="1001.28" type="person" role="PM" nxt_agent="A" nite:id="natasa_IS1001c_C.foa.368"/>
    <foa endtime="1002.92" starttime="1002.2" type="person" role="ID" nxt_agent="B" nite:id="natasa_IS1001c_C.foa.369"/>
    <foa endtime="1003.4" starttime="1002.92" type="place" place="table" nite:id="natasa_IS1001c_C.foa.370"/>
    <foa endtime="1004.0" starttime="1003.4" type="person" role="ID" nxt_agent="B" nite:id="natasa_IS1001c_C.foa.371"/>
    <foa endtime="1006.88" starttime="1004.0" type="place" place="table" nite:id="natasa_IS1001c_C.foa.372"/>
    <foa endtime="1007.24" starttime="1006.88" type="person" role="ID" nxt_agent="B" nite:id="natasa_IS1001c_C.foa.373"/>
    <foa endtime="1008.36" starttime="1007.24" type="place" place="table" nite:id="natasa_IS1001c_C.foa.374"/>
    <foa endtime="1008.72" starttime="1008.36" type="person" role="ID" nxt_agent="B" nite:id="natasa_IS1001c_C.foa.375"/>
    <foa endtime="1009.44" starttime="1008.72" type="place" place="table" nite:id="natasa_IS1001c_C.foa.376"/>
    <foa endtime="1010.36" starttime="1009.44" type="person" role="ID" nxt_agent="B" nite:id="natasa_IS1001c_C.foa.377"/>
    <foa endtime="1010.96" starttime="1010.36" type="place" place="table" nite:id="natasa_IS1001c_C.foa.378"/>
    <foa endtime="1011.76" starttime="1010.96" type="person" role="ID" nxt_agent="B" nite:id="natasa_IS1001c_C.foa.379"/>
    <foa endtime="1012.2" starttime="1011.76" type="place" place="table" nite:id="natasa_IS1001c_C.foa.380"/>
    <foa endtime="1012.96" starttime="1012.2" type="person" role="ID" nxt_agent="B" nite:id="natasa_IS1001c_C.foa.381"/>
    <foa endtime="1013.84" starttime="1012.96" type="place" place="table" nite:id="natasa_IS1001c_C.foa.382"/>
    <foa endtime="1017.24" starttime="1013.84" type="person" role="ID" nxt_agent="B" nite:id="natasa_IS1001c_C.foa.383"/>
    <foa endtime="1021.0" starttime="1017.24" type="place" place="table" nite:id="natasa_IS1001c_C.foa.384"/>
    <foa endtime="1021.8" starttime="1021.0" type="person" role="ID" nxt_agent="B" nite:id="natasa_IS1001c_C.foa.385"/>
    <foa endtime="1023.88" starttime="1021.8" type="place" place="table" nite:id="natasa_IS1001c_C.foa.386"/>
    <foa endtime="1030.88" starttime="1023.88" type="person" role="ID" nxt_agent="B" nite:id="natasa_IS1001c_C.foa.387"/>
    <foa endtime="1033.96" starttime="1030.88" type="place" place="table" nite:id="natasa_IS1001c_C.foa.388"/>
    <foa endtime="1034.28" starttime="1033.96" type="person" role="ID" nxt_agent="B" nite:id="natasa_IS1001c_C.foa.389"/>
    <foa endtime="1038.92" starttime="1034.28" type="person" role="PM" nxt_agent="A" nite:id="natasa_IS1001c_C.foa.390"/>
    <foa endtime="1043.08" starttime="1038.92" type="person" role="ID" nxt_agent="B" nite:id="natasa_IS1001c_C.foa.391"/>
    <foa endtime="1043.6" starttime="1043.08" type="place" place="slide-screen" nite:id="natasa_IS1001c_C.foa.392"/>
    <foa endtime="1044.72" starttime="1043.6" type="person" role="PM" nxt_agent="A" nite:id="natasa_IS1001c_C.foa.393"/>
    <foa endtime="1046.08" starttime="1044.72" type="place" place="slide-screen" nite:id="natasa_IS1001c_C.foa.394"/>
    <foa endtime="1050.0" starttime="1046.08" type="person" role="PM" nxt_agent="A" nite:id="natasa_IS1001c_C.foa.395"/>
    <foa endtime="1050.44" starttime="1050.0" type="place" place="slide-screen" nite:id="natasa_IS1001c_C.foa.396"/>
    <foa endtime="1054.52" starttime="1050.44" type="person" role="ID" nxt_agent="B" nite:id="natasa_IS1001c_C.foa.397"/>
    <foa endtime="1055.72" starttime="1054.52" type="person" role="PM" nxt_agent="A" nite:id="natasa_IS1001c_C.foa.398"/>
    <foa endtime="1056.12" starttime="1055.72" type="place" place="slide-screen" nite:id="natasa_IS1001c_C.foa.399"/>
    <foa endtime="1057.08" starttime="1056.12" type="place" place="table" nite:id="natasa_IS1001c_C.foa.400"/>
    <foa endtime="1057.92" starttime="1057.08" type="person" role="ME" nxt_agent="D" nite:id="natasa_IS1001c_C.foa.401"/>
    <foa endtime="1059.84" starttime="1057.92" type="unspecified" nite:id="natasa_IS1001c_C.foa.402"/>
    <foa endtime="1063.12" starttime="1059.84" type="place" place="table" nite:id="natasa_IS1001c_C.foa.403"/>
    <foa endtime="1063.6" starttime="1063.12" type="person" role="ID" nxt_agent="B" nite:id="natasa_IS1001c_C.foa.404"/>
    <foa endtime="1064.2" starttime="1063.6" type="place" place="table" nite:id="natasa_IS1001c_C.foa.405"/>
    <foa endtime="1064.48" starttime="1064.2" type="person" role="ID" nxt_agent="B" nite:id="natasa_IS1001c_C.foa.406"/>
    <foa endtime="1065.08" starttime="1064.48" type="unspecified" nite:id="natasa_IS1001c_C.foa.407"/>
    <foa endtime="1066.28" starttime="1065.08" type="person" role="PM" nxt_agent="A" nite:id="natasa_IS1001c_C.foa.408"/>
    <foa endtime="1068.96" starttime="1066.28" type="place" place="table" nite:id="natasa_IS1001c_C.foa.409"/>
    <foa endtime="1070.2" starttime="1068.96" type="person" role="ID" nxt_agent="B" nite:id="natasa_IS1001c_C.foa.410"/>
    <foa endtime="1070.44" starttime="1070.2" type="person" role="ME" nxt_agent="D" nite:id="natasa_IS1001c_C.foa.411"/>
    <foa endtime="1070.84" starttime="1070.44" type="person" role="ID" nxt_agent="B" nite:id="natasa_IS1001c_C.foa.412"/>
    <foa endtime="1072.48" starttime="1070.84" type="place" place="slide-screen" nite:id="natasa_IS1001c_C.foa.413"/>
    <foa endtime="1075.64" starttime="1072.48" type="place" place="table" nite:id="natasa_IS1001c_C.foa.414"/>
    <foa endtime="1080.2" starttime="1075.64" type="place" place="slide-screen" nite:id="natasa_IS1001c_C.foa.415"/>
    <foa endtime="1080.56" starttime="1080.2" type="unspecified" nite:id="natasa_IS1001c_C.foa.416"/>
    <foa endtime="1082.36" starttime="1080.56" type="place" place="table" nite:id="natasa_IS1001c_C.foa.417"/>
    <foa endtime="1083.44" starttime="1082.36" type="place" place="slide-screen" nite:id="natasa_IS1001c_C.foa.418"/>
    <foa endtime="1084.6" starttime="1083.44" type="place" place="table" nite:id="natasa_IS1001c_C.foa.419"/>
    <foa endtime="1086.48" starttime="1084.6" type="place" place="slide-screen" nite:id="natasa_IS1001c_C.foa.420"/>
    <foa endtime="1091.24" starttime="1086.48" type="place" place="table" nite:id="natasa_IS1001c_C.foa.421"/>
    <foa endtime="1092.12" starttime="1091.24" type="place" place="slide-screen" nite:id="natasa_IS1001c_C.foa.422"/>
    <foa endtime="1099.16" starttime="1092.12" type="place" place="table" nite:id="natasa_IS1001c_C.foa.423"/>
    <foa endtime="1100.28" starttime="1099.16" type="place" place="slide-screen" nite:id="natasa_IS1001c_C.foa.424"/>
    <foa endtime="1101.68" starttime="1100.28" type="place" place="table" nite:id="natasa_IS1001c_C.foa.425"/>
    <foa endtime="1102.04" starttime="1101.68" type="place" place="slide-screen" nite:id="natasa_IS1001c_C.foa.426"/>
    <foa endtime="1102.52" starttime="1102.04" type="person" role="ID" nxt_agent="B" nite:id="natasa_IS1001c_C.foa.427"/>
    <foa endtime="1104.72" starttime="1102.52" type="place" place="slide-screen" nite:id="natasa_IS1001c_C.foa.428"/>
    <foa endtime="1104.96" starttime="1104.72" type="person" role="ID" nxt_agent="B" nite:id="natasa_IS1001c_C.foa.429"/>
    <foa endtime="1105.76" starttime="1104.96" type="place" place="table" nite:id="natasa_IS1001c_C.foa.430"/>
    <foa endtime="1106.64" starttime="1105.76" type="place" place="slide-screen" nite:id="natasa_IS1001c_C.foa.431"/>
    <foa endtime="1108.24" starttime="1106.64" type="person" role="ID" nxt_agent="B" nite:id="natasa_IS1001c_C.foa.432"/>
    <foa endtime="1109.68" starttime="1108.24" type="place" place="slide-screen" nite:id="natasa_IS1001c_C.foa.433"/>
    <foa endtime="1110.04" starttime="1109.68" type="person" role="ID" nxt_agent="B" nite:id="natasa_IS1001c_C.foa.434"/>
    <foa endtime="1111.0" starttime="1110.04" type="place" place="slide-screen" nite:id="natasa_IS1001c_C.foa.435"/>
    <foa endtime="1111.72" starttime="1111.0" type="person" role="ID" nxt_agent="B" nite:id="natasa_IS1001c_C.foa.436"/>
    <foa endtime="1112.96" starttime="1111.72" type="place" place="slide-screen" nite:id="natasa_IS1001c_C.foa.437"/>
    <foa endtime="1113.92" starttime="1112.96" type="place" place="table" nite:id="natasa_IS1001c_C.foa.438"/>
    <foa endtime="1114.72" starttime="1113.92" type="place" place="slide-screen" nite:id="natasa_IS1001c_C.foa.439"/>
    <foa endtime="1142.68" starttime="1114.72" type="person" role="ID" nxt_agent="B" nite:id="natasa_IS1001c_C.foa.440"/>
    <foa endtime="1143.64" starttime="1142.68" type="place" place="table" nite:id="natasa_IS1001c_C.foa.441"/>
    <foa endtime="1151.36" starttime="1143.64" type="person" role="ID" nxt_agent="B" nite:id="natasa_IS1001c_C.foa.442"/>
    <foa endtime="1151.72" starttime="1151.36" type="person" role="PM" nxt_agent="A" nite:id="natasa_IS1001c_C.foa.443"/>
    <foa endtime="1152.32" starttime="1151.72" type="place" place="table" nite:id="natasa_IS1001c_C.foa.444"/>
    <foa endtime="1152.56" starttime="1152.32" type="person" role="ID" nxt_agent="B" nite:id="natasa_IS1001c_C.foa.445"/>
    <foa endtime="1152.8" starttime="1152.56" type="person" role="PM" nxt_agent="A" nite:id="natasa_IS1001c_C.foa.446"/>
    <foa endtime="1154.48" starttime="1152.8" type="place" place="table" nite:id="natasa_IS1001c_C.foa.447"/>
    <foa endtime="1155.24" starttime="1154.48" type="person" role="PM" nxt_agent="A" nite:id="natasa_IS1001c_C.foa.448"/>
    <foa endtime="1155.6" starttime="1155.24" type="person" role="ID" nxt_agent="B" nite:id="natasa_IS1001c_C.foa.449"/>
    <foa endtime="1156.72" starttime="1155.6" type="person" role="PM" nxt_agent="A" nite:id="natasa_IS1001c_C.foa.450"/>
    <foa endtime="1158.64" starttime="1156.72" type="person" role="ID" nxt_agent="B" nite:id="natasa_IS1001c_C.foa.451"/>
    <foa endtime="1159.28" starttime="1158.64" type="place" place="table" nite:id="natasa_IS1001c_C.foa.452"/>
    <foa endtime="1159.64" starttime="1159.28" type="person" role="ID" nxt_agent="B" nite:id="natasa_IS1001c_C.foa.453"/>
    <foa endtime="1160.48" starttime="1159.64" type="place" place="table" nite:id="natasa_IS1001c_C.foa.454"/>
    <foa endtime="1162.68" starttime="1160.48" type="place" place="slide-screen" nite:id="natasa_IS1001c_C.foa.455"/>
    <foa endtime="1165.72" starttime="1162.68" type="place" place="table" nite:id="natasa_IS1001c_C.foa.456"/>
    <foa endtime="1166.2" starttime="1165.72" type="person" role="PM" nxt_agent="A" nite:id="natasa_IS1001c_C.foa.457"/>
    <foa endtime="1166.92" starttime="1166.2" type="place" place="table" nite:id="natasa_IS1001c_C.foa.458"/>
    <foa endtime="1167.6" starttime="1166.92" type="person" role="PM" nxt_agent="A" nite:id="natasa_IS1001c_C.foa.459"/>
    <foa endtime="1168.2" starttime="1167.6" type="place" place="table" nite:id="natasa_IS1001c_C.foa.460"/>
    <foa endtime="1169.4" starttime="1168.2" type="person" role="ME" nxt_agent="D" nite:id="natasa_IS1001c_C.foa.461"/>
    <foa endtime="1170.32" starttime="1169.4" type="person" role="ID" nxt_agent="B" nite:id="natasa_IS1001c_C.foa.462"/>
    <foa endtime="1174.48" starttime="1170.32" type="place" place="slide-screen" nite:id="natasa_IS1001c_C.foa.463"/>
    <foa endtime="1175.88" starttime="1174.48" type="place" place="table" nite:id="natasa_IS1001c_C.foa.464"/>
    <foa endtime="1180.12" starttime="1175.88" type="place" place="slide-screen" nite:id="natasa_IS1001c_C.foa.465"/>
    <foa endtime="1183.76" starttime="1180.12" type="person" role="ID" nxt_agent="B" nite:id="natasa_IS1001c_C.foa.466"/>
    <foa endtime="1186.36" starttime="1183.76" type="place" place="table" nite:id="natasa_IS1001c_C.foa.467"/>
    <foa endtime="1186.6" starttime="1186.36" type="person" role="ID" nxt_agent="B" nite:id="natasa_IS1001c_C.foa.468"/>
    <foa endtime="1186.96" starttime="1186.6" type="place" place="table" nite:id="natasa_IS1001c_C.foa.469"/>
    <foa endtime="1187.44" starttime="1186.96" type="person" role="ME" nxt_agent="D" nite:id="natasa_IS1001c_C.foa.470"/>
    <foa endtime="1190.84" starttime="1187.44" type="person" role="ID" nxt_agent="B" nite:id="natasa_IS1001c_C.foa.471"/>
    <foa endtime="1191.16" starttime="1190.84" type="person" role="ME" nxt_agent="D" nite:id="natasa_IS1001c_C.foa.472"/>
    <foa endtime="1191.88" starttime="1191.16" type="unspecified" nite:id="natasa_IS1001c_C.foa.473"/>
    <foa endtime="1200.8" starttime="1191.88" type="place" place="table" nite:id="natasa_IS1001c_C.foa.474"/>
    <foa endtime="1201.88" starttime="1200.8" type="person" role="ID" nxt_agent="B" nite:id="natasa_IS1001c_C.foa.475"/>
    <foa endtime="1202.36" starttime="1201.88" type="place" place="table" nite:id="natasa_IS1001c_C.foa.476"/>
    <foa endtime="1202.6" starttime="1202.36" type="person" role="ID" nxt_agent="B" nite:id="natasa_IS1001c_C.foa.477"/>
    <foa endtime="1203.44" starttime="1202.6" type="place" place="table" nite:id="natasa_IS1001c_C.foa.478"/>
    <foa endtime="1204.16" starttime="1203.44" type="person" role="ID" nxt_agent="B" nite:id="natasa_IS1001c_C.foa.479"/>
    <foa endtime="1204.52" starttime="1204.16" type="place" place="table" nite:id="natasa_IS1001c_C.foa.480"/>
    <foa endtime="1206.28" starttime="1204.52" type="person" role="ID" nxt_agent="B" nite:id="natasa_IS1001c_C.foa.481"/>
    <foa endtime="1207.12" starttime="1206.28" type="place" place="table" nite:id="natasa_IS1001c_C.foa.482"/>
    <foa endtime="1208.32" starttime="1207.12" type="person" role="ID" nxt_agent="B" nite:id="natasa_IS1001c_C.foa.483"/>
    <foa endtime="1212.64" starttime="1208.32" type="place" place="table" nite:id="natasa_IS1001c_C.foa.484"/>
    <foa endtime="1213.44" starttime="1212.64" type="person" role="ID" nxt_agent="B" nite:id="natasa_IS1001c_C.foa.485"/>
    <foa endtime="1214.48" starttime="1213.44" type="place" place="table" nite:id="natasa_IS1001c_C.foa.486"/>
    <foa endtime="1214.84" starttime="1214.48" type="person" role="PM" nxt_agent="A" nite:id="natasa_IS1001c_C.foa.487"/>
    <foa endtime="1216.68" starttime="1214.84" type="place" place="table" nite:id="natasa_IS1001c_C.foa.488"/>
    <foa endtime="1217.6" starttime="1216.68" type="person" role="ID" nxt_agent="B" nite:id="natasa_IS1001c_C.foa.489"/>
    <foa endtime="1218.32" starttime="1217.6" type="place" place="table" nite:id="natasa_IS1001c_C.foa.490"/>
    <foa endtime="1219.04" starttime="1218.32" type="person" role="PM" nxt_agent="A" nite:id="natasa_IS1001c_C.foa.491"/>
    <foa endtime="1235.72" starttime="1219.04" type="place" place="table" nite:id="natasa_IS1001c_C.foa.492"/>
    <foa endtime="1238.28" starttime="1235.72" type="person" role="PM" nxt_agent="A" nite:id="natasa_IS1001c_C.foa.493"/>
    <foa endtime="1244.4" starttime="1238.28" type="place" place="table" nite:id="natasa_IS1001c_C.foa.494"/>
    <foa endtime="1244.84" starttime="1244.4" type="person" role="ID" nxt_agent="B" nite:id="natasa_IS1001c_C.foa.495"/>
    <foa endtime="1245.56" starttime="1244.84" type="place" place="table" nite:id="natasa_IS1001c_C.foa.496"/>
    <foa endtime="1246.92" starttime="1245.56" type="person" role="PM" nxt_agent="A" nite:id="natasa_IS1001c_C.foa.497"/>
    <foa endtime="1247.52" starttime="1246.92" type="place" place="table" nite:id="natasa_IS1001c_C.foa.498"/>
    <foa endtime="1249.0" starttime="1247.52" type="person" role="PM" nxt_agent="A" nite:id="natasa_IS1001c_C.foa.499"/>
    <foa endtime="1250.56" starttime="1249.0" type="place" place="table" nite:id="natasa_IS1001c_C.foa.500"/>
    <foa endtime="1250.92" starttime="1250.56" type="person" role="PM" nxt_agent="A" nite:id="natasa_IS1001c_C.foa.501"/>
    <foa endtime="1256.12" starttime="1250.92" type="place" place="table" nite:id="natasa_IS1001c_C.foa.502"/>
    <foa endtime="1256.36" starttime="1256.12" type="person" role="PM" nxt_agent="A" nite:id="natasa_IS1001c_C.foa.503"/>
    <foa endtime="1259.68" starttime="1256.36" type="place" place="table" nite:id="natasa_IS1001c_C.foa.504"/>
    <foa endtime="1260.64" starttime="1259.68" type="unspecified" nite:id="natasa_IS1001c_C.foa.505"/>
    <foa endtime="1261.12" starttime="1260.64" type="person" role="PM" nxt_agent="A" nite:id="natasa_IS1001c_C.foa.506"/>
    <foa endtime="1264.32" starttime="1261.12" type="place" place="table" nite:id="natasa_IS1001c_C.foa.507"/>
    <foa endtime="1268.28" starttime="1264.32" type="person" role="PM" nxt_agent="A" nite:id="natasa_IS1001c_C.foa.508"/>
    <foa endtime="1289.04" starttime="1268.28" type="place" place="table" nite:id="natasa_IS1001c_C.foa.509"/>
    <foa endtime="1290.96" starttime="1289.04" type="person" role="PM" nxt_agent="A" nite:id="natasa_IS1001c_C.foa.510"/>
    <foa endtime="1291.44" starttime="1290.96" type="place" place="table" nite:id="natasa_IS1001c_C.foa.511"/>
    <foa endtime="1292.28" starttime="1291.44" type="person" role="PM" nxt_agent="A" nite:id="natasa_IS1001c_C.foa.512"/>
    <foa endtime="1292.88" starttime="1292.28" type="place" place="table" nite:id="natasa_IS1001c_C.foa.513"/>
    <foa endtime="1293.24" starttime="1292.88" type="person" role="PM" nxt_agent="A" nite:id="natasa_IS1001c_C.foa.514"/>
    <foa endtime="1293.96" starttime="1293.24" type="place" place="table" nite:id="natasa_IS1001c_C.foa.515"/>
    <foa endtime="1294.56" starttime="1293.96" type="person" role="PM" nxt_agent="A" nite:id="natasa_IS1001c_C.foa.516"/>
    <foa endtime="1295.04" starttime="1294.56" type="person" role="ID" nxt_agent="B" nite:id="natasa_IS1001c_C.foa.517"/>
    <foa endtime="1295.4" starttime="1295.04" type="place" place="table" nite:id="natasa_IS1001c_C.foa.518"/>
    <foa endtime="1296.0" starttime="1295.4" type="person" role="PM" nxt_agent="A" nite:id="natasa_IS1001c_C.foa.519"/>
    <foa endtime="1297.6" starttime="1296.0" type="place" place="table" nite:id="natasa_IS1001c_C.foa.520"/>
    <foa endtime="1301.32" starttime="1297.6" type="person" role="PM" nxt_agent="A" nite:id="natasa_IS1001c_C.foa.521"/>
    <foa endtime="1302.0" starttime="1301.32" type="place" place="table" nite:id="natasa_IS1001c_C.foa.522"/>
    <foa endtime="1302.92" starttime="1302.0" type="person" role="PM" nxt_agent="A" nite:id="natasa_IS1001c_C.foa.523"/>
    <foa endtime="1303.56" starttime="1302.92" type="place" place="table" nite:id="natasa_IS1001c_C.foa.524"/>
    <foa endtime="1304.16" starttime="1303.56" type="unspecified" nite:id="natasa_IS1001c_C.foa.525"/>
    <foa endtime="1304.72" starttime="1304.16" type="place" place="table" nite:id="natasa_IS1001c_C.foa.526"/>
    <foa endtime="1305.72" starttime="1304.72" type="person" role="PM" nxt_agent="A" nite:id="natasa_IS1001c_C.foa.527"/>
    <foa endtime="1307.04" starttime="1305.72" type="person" role="ID" nxt_agent="B" nite:id="natasa_IS1001c_C.foa.528"/>
    <foa endtime="1307.28" starttime="1307.04" type="person" role="ME" nxt_agent="D" nite:id="natasa_IS1001c_C.foa.529"/>
    <foa endtime="1308.24" starttime="1307.28" type="person" role="ID" nxt_agent="B" nite:id="natasa_IS1001c_C.foa.530"/>
    <foa endtime="1316.6" starttime="1308.24" type="person" role="PM" nxt_agent="A" nite:id="natasa_IS1001c_C.foa.531"/>
    <foa endtime="1316.96" starttime="1316.6" type="unspecified" nite:id="natasa_IS1001c_C.foa.532"/>
    <foa endtime="1317.4" starttime="1316.96" type="person" role="PM" nxt_agent="A" nite:id="natasa_IS1001c_C.foa.533"/>
    <foa endtime="1320.0" starttime="1317.4" type="place" place="table" nite:id="natasa_IS1001c_C.foa.534"/>
    <foa endtime="1320.68" starttime="1320.0" type="person" role="PM" nxt_agent="A" nite:id="natasa_IS1001c_C.foa.535"/>
    <foa endtime="1323.12" starttime="1320.68" type="place" place="table" nite:id="natasa_IS1001c_C.foa.536"/>
    <foa endtime="1330.92" starttime="1323.12" type="place" place="slide-screen" nite:id="natasa_IS1001c_C.foa.537"/>
    <foa endtime="1331.4" starttime="1330.92" type="person" role="PM" nxt_agent="A" nite:id="natasa_IS1001c_C.foa.538"/>
    <foa endtime="1337.08" starttime="1331.4" type="place" place="slide-screen" nite:id="natasa_IS1001c_C.foa.539"/>
    <foa endtime="1337.32" starttime="1337.08" type="person" role="PM" nxt_agent="A" nite:id="natasa_IS1001c_C.foa.540"/>
    <foa endtime="1339.36" starttime="1337.32" type="place" place="slide-screen" nite:id="natasa_IS1001c_C.foa.541"/>
    <foa endtime="1340.32" starttime="1339.36" type="person" role="PM" nxt_agent="A" nite:id="natasa_IS1001c_C.foa.542"/>
    <foa endtime="1346.76" starttime="1340.32" type="place" place="slide-screen" nite:id="natasa_IS1001c_C.foa.543"/>
    <foa endtime="1347.52" starttime="1346.76" type="person" role="ID" nxt_agent="B" nite:id="natasa_IS1001c_C.foa.544"/>
    <foa endtime="1348.36" starttime="1347.52" type="place" place="table" nite:id="natasa_IS1001c_C.foa.545"/>
    <foa endtime="1348.92" starttime="1348.36" type="place" place="slide-screen" nite:id="natasa_IS1001c_C.foa.546"/>
    <foa endtime="1349.28" starttime="1348.92" type="place" place="table" nite:id="natasa_IS1001c_C.foa.547"/>
    <foa endtime="1350.12" starttime="1349.28" type="place" place="slide-screen" nite:id="natasa_IS1001c_C.foa.548"/>
    <foa endtime="1369.8" starttime="1350.12" type="place" place="table" nite:id="natasa_IS1001c_C.foa.549"/>
    <foa endtime="1371.6" starttime="1369.8" type="person" role="ID" nxt_agent="B" nite:id="natasa_IS1001c_C.foa.550"/>
    <foa endtime="1376.28" starttime="1371.6" type="place" place="slide-screen" nite:id="natasa_IS1001c_C.foa.551"/>
    <foa endtime="1377.84" starttime="1376.28" type="person" role="PM" nxt_agent="A" nite:id="natasa_IS1001c_C.foa.552"/>
    <foa endtime="1378.08" starttime="1377.84" type="place" place="slide-screen" nite:id="natasa_IS1001c_C.foa.553"/>
    <foa endtime="1380.0" starttime="1378.08" type="place" place="table" nite:id="natasa_IS1001c_C.foa.554"/>
    <foa endtime="1381.96" starttime="1380.0" type="place" place="slide-screen" nite:id="natasa_IS1001c_C.foa.555"/>
    <foa endtime="1382.44" starttime="1381.96" type="person" role="ID" nxt_agent="B" nite:id="natasa_IS1001c_C.foa.556"/>
    <foa endtime="1384.08" starttime="1382.44" type="place" place="table" nite:id="natasa_IS1001c_C.foa.557"/>
    <foa endtime="1384.44" starttime="1384.08" type="person" role="ID" nxt_agent="B" nite:id="natasa_IS1001c_C.foa.558"/>
    <foa endtime="1385.0" starttime="1384.44" type="place" place="slide-screen" nite:id="natasa_IS1001c_C.foa.559"/>
    <foa endtime="1388.24" starttime="1385.0" type="person" role="ID" nxt_agent="B" nite:id="natasa_IS1001c_C.foa.560"/>
    <foa endtime="1389.28" starttime="1388.24" type="place" place="slide-screen" nite:id="natasa_IS1001c_C.foa.561"/>
    <foa endtime="1389.64" starttime="1389.28" type="person" role="PM" nxt_agent="A" nite:id="natasa_IS1001c_C.foa.562"/>
    <foa endtime="1394.36" starttime="1389.64" type="place" place="slide-screen" nite:id="natasa_IS1001c_C.foa.563"/>
    <foa endtime="1401.36" starttime="1394.36" type="place" place="table" nite:id="natasa_IS1001c_C.foa.564"/>
    <foa endtime="1403.08" starttime="1401.36" type="person" role="PM" nxt_agent="A" nite:id="natasa_IS1001c_C.foa.565"/>
    <foa endtime="1403.44" starttime="1403.08" type="unspecified" nite:id="natasa_IS1001c_C.foa.566"/>
    <foa endtime="1403.68" starttime="1403.44" type="person" role="ME" nxt_agent="D" nite:id="natasa_IS1001c_C.foa.567"/>
    <foa endtime="1404.4" starttime="1403.68" type="unspecified" nite:id="natasa_IS1001c_C.foa.568"/>
    <foa endtime="1405.44" starttime="1404.4" type="person" role="PM" nxt_agent="A" nite:id="natasa_IS1001c_C.foa.569"/>
    <foa endtime="1406.52" starttime="1405.44" type="unspecified" nite:id="natasa_IS1001c_C.foa.570"/>
    <foa endtime="1409.44" starttime="1406.52" type="person" role="PM" nxt_agent="A" nite:id="natasa_IS1001c_C.foa.571"/>
    <foa endtime="1410.4" starttime="1409.44" type="unspecified" nite:id="natasa_IS1001c_C.foa.572"/>
    <foa endtime="1411.0" starttime="1410.4" type="person" role="PM" nxt_agent="A" nite:id="natasa_IS1001c_C.foa.573"/>
    <foa endtime="1411.48" starttime="1411.0" type="person" role="ID" nxt_agent="B" nite:id="natasa_IS1001c_C.foa.574"/>
    <foa endtime="1411.84" starttime="1411.48" type="person" role="ME" nxt_agent="D" nite:id="natasa_IS1001c_C.foa.575"/>
    <foa endtime="1412.44" starttime="1411.84" type="person" role="ID" nxt_agent="B" nite:id="natasa_IS1001c_C.foa.576"/>
    <foa endtime="1413.44" starttime="1412.44" type="person" role="ME" nxt_agent="D" nite:id="natasa_IS1001c_C.foa.577"/>
    <foa endtime="1416.36" starttime="1413.44" type="place" place="table" nite:id="natasa_IS1001c_C.foa.578"/>
    <foa endtime="1416.72" starttime="1416.36" type="unspecified" nite:id="natasa_IS1001c_C.foa.579"/>
    <foa endtime="1417.4" starttime="1416.72" type="person" role="PM" nxt_agent="A" nite:id="natasa_IS1001c_C.foa.580"/>
    <foa endtime="1417.88" starttime="1417.4" type="person" role="ID" nxt_agent="B" nite:id="natasa_IS1001c_C.foa.581"/>
    <foa endtime="1418.84" starttime="1417.88" type="person" role="PM" nxt_agent="A" nite:id="natasa_IS1001c_C.foa.582"/>
    <foa endtime="1419.32" starttime="1418.84" type="unspecified" nite:id="natasa_IS1001c_C.foa.583"/>
    <foa endtime="1435.0" starttime="1419.32" type="place" place="table" nite:id="natasa_IS1001c_C.foa.584"/>
</nite:root>
