<?xml version="1.0" encoding="UTF-8"?>
<nite:root xmlns:nite="http://nite.sourceforge.net/" nite:id="natasa_IS1003b_A.nite:root.1">
    <foa endtime="32.48" starttime="0.0" type="unspecified" nite:id="natasa_IS1003b_A.foa.1"/>
    <foa endtime="32.72" starttime="32.48" type="place" place="table" nite:id="natasa_IS1003b_A.foa.2"/>
    <foa endtime="32.96" starttime="32.72" type="person" role="PM" nxt_agent="C" nite:id="natasa_IS1003b_A.foa.3"/>
    <foa endtime="37.76" starttime="32.96" type="place" place="slide-screen" nite:id="natasa_IS1003b_A.foa.4"/>
    <foa endtime="41.08" starttime="37.76" type="place" place="table" nite:id="natasa_IS1003b_A.foa.5"/>
    <foa endtime="44.32" starttime="41.08" type="unspecified" nite:id="natasa_IS1003b_A.foa.6"/>
    <foa endtime="51.16" starttime="44.32" type="person" role="ID" nxt_agent="B" nite:id="natasa_IS1003b_A.foa.7"/>
    <foa endtime="52.16" starttime="51.16" type="person" role="UI" nxt_agent="D" nite:id="natasa_IS1003b_A.foa.8"/>
    <foa endtime="53.76" starttime="52.16" type="unspecified" nite:id="natasa_IS1003b_A.foa.9"/>
    <foa endtime="54.0" starttime="53.76" type="person" role="PM" nxt_agent="C" nite:id="natasa_IS1003b_A.foa.10"/>
    <foa endtime="54.88" starttime="54.0" type="place" place="slide-screen" nite:id="natasa_IS1003b_A.foa.11"/>
    <foa endtime="55.32" starttime="54.88" type="person" role="ID" nxt_agent="B" nite:id="natasa_IS1003b_A.foa.12"/>
    <foa endtime="56.32" starttime="55.32" type="place" place="table" nite:id="natasa_IS1003b_A.foa.13"/>
    <foa endtime="57.04" starttime="56.32" type="person" role="UI" nxt_agent="D" nite:id="natasa_IS1003b_A.foa.14"/>
    <foa endtime="59.92" starttime="57.04" type="place" place="table" nite:id="natasa_IS1003b_A.foa.15"/>
    <foa endtime="60.48" starttime="59.92" type="person" role="PM" nxt_agent="C" nite:id="natasa_IS1003b_A.foa.16"/>
    <foa endtime="64.32" starttime="60.48" type="place" place="table" nite:id="natasa_IS1003b_A.foa.17"/>
    <foa endtime="64.96" starttime="64.32" type="person" role="PM" nxt_agent="C" nite:id="natasa_IS1003b_A.foa.18"/>
    <foa endtime="66.24" starttime="64.96" type="place" place="slide-screen" nite:id="natasa_IS1003b_A.foa.19"/>
    <foa endtime="67.12" starttime="66.24" type="person" role="PM" nxt_agent="C" nite:id="natasa_IS1003b_A.foa.20"/>
    <foa endtime="71.64" starttime="67.12" type="person" role="ID" nxt_agent="B" nite:id="natasa_IS1003b_A.foa.21"/>
    <foa endtime="72.92" starttime="71.64" type="place" place="slide-screen" nite:id="natasa_IS1003b_A.foa.22"/>
    <foa endtime="73.84" starttime="72.92" type="place" place="table" nite:id="natasa_IS1003b_A.foa.23"/>
    <foa endtime="74.2" starttime="73.84" type="place" place="slide-screen" nite:id="natasa_IS1003b_A.foa.24"/>
    <foa endtime="75.76" starttime="74.2" type="person" role="PM" nxt_agent="C" nite:id="natasa_IS1003b_A.foa.25"/>
    <foa endtime="88.72" starttime="75.76" type="place" place="slide-screen" nite:id="natasa_IS1003b_A.foa.26"/>
    <foa endtime="89.96" starttime="88.72" type="person" role="PM" nxt_agent="C" nite:id="natasa_IS1003b_A.foa.27"/>
    <foa endtime="90.6" starttime="89.96" type="person" role="ID" nxt_agent="B" nite:id="natasa_IS1003b_A.foa.28"/>
    <foa endtime="92.16" starttime="90.6" type="person" role="PM" nxt_agent="C" nite:id="natasa_IS1003b_A.foa.29"/>
    <foa endtime="94.44" starttime="92.16" type="place" place="slide-screen" nite:id="natasa_IS1003b_A.foa.30"/>
    <foa endtime="96.76" starttime="94.44" type="person" role="PM" nxt_agent="C" nite:id="natasa_IS1003b_A.foa.31"/>
    <foa endtime="97.72" starttime="96.76" type="place" place="slide-screen" nite:id="natasa_IS1003b_A.foa.32"/>
    <foa endtime="98.8" starttime="97.72" type="place" place="table" nite:id="natasa_IS1003b_A.foa.33"/>
    <foa endtime="105.24" starttime="98.8" type="place" place="slide-screen" nite:id="natasa_IS1003b_A.foa.34"/>
    <foa endtime="113.68" starttime="105.24" type="person" role="PM" nxt_agent="C" nite:id="natasa_IS1003b_A.foa.35"/>
    <foa endtime="115.6" starttime="113.68" type="place" place="slide-screen" nite:id="natasa_IS1003b_A.foa.36"/>
    <foa endtime="116.0" starttime="115.6" type="place" place="table" nite:id="natasa_IS1003b_A.foa.37"/>
    <foa endtime="118.48" starttime="116.0" type="place" place="slide-screen" nite:id="natasa_IS1003b_A.foa.38"/>
    <foa endtime="121.56" starttime="118.48" type="person" role="PM" nxt_agent="C" nite:id="natasa_IS1003b_A.foa.39"/>
    <foa endtime="123.0" starttime="121.56" type="place" place="slide-screen" nite:id="natasa_IS1003b_A.foa.40"/>
    <foa endtime="123.48" starttime="123.0" type="person" role="UI" nxt_agent="D" nite:id="natasa_IS1003b_A.foa.41"/>
    <foa endtime="124.88" starttime="123.48" type="place" place="table" nite:id="natasa_IS1003b_A.foa.42"/>
    <foa endtime="161.44" starttime="124.88" type="place" place="slide-screen" nite:id="natasa_IS1003b_A.foa.43"/>
    <foa endtime="162.76" starttime="161.44" type="place" place="table" nite:id="natasa_IS1003b_A.foa.44"/>
    <foa endtime="164.0" starttime="162.76" type="person" role="ID" nxt_agent="B" nite:id="natasa_IS1003b_A.foa.45"/>
    <foa endtime="165.24" starttime="164.0" type="place" place="table" nite:id="natasa_IS1003b_A.foa.46"/>
    <foa endtime="166.68" starttime="165.24" type="place" place="slide-screen" nite:id="natasa_IS1003b_A.foa.47"/>
    <foa endtime="167.32" starttime="166.68" type="person" role="PM" nxt_agent="C" nite:id="natasa_IS1003b_A.foa.48"/>
    <foa endtime="168.56" starttime="167.32" type="place" place="slide-screen" nite:id="natasa_IS1003b_A.foa.49"/>
    <foa endtime="169.28" starttime="168.56" type="place" place="table" nite:id="natasa_IS1003b_A.foa.50"/>
    <foa endtime="170.16" starttime="169.28" type="person" role="PM" nxt_agent="C" nite:id="natasa_IS1003b_A.foa.51"/>
    <foa endtime="170.52" starttime="170.16" type="place" place="slide-screen" nite:id="natasa_IS1003b_A.foa.52"/>
    <foa endtime="177.88" starttime="170.52" type="place" place="table" nite:id="natasa_IS1003b_A.foa.53"/>
    <foa endtime="178.6" starttime="177.88" type="person" role="PM" nxt_agent="C" nite:id="natasa_IS1003b_A.foa.54"/>
    <foa endtime="178.84" starttime="178.6" type="place" place="slide-screen" nite:id="natasa_IS1003b_A.foa.55"/>
    <foa endtime="179.32" starttime="178.84" type="place" place="table" nite:id="natasa_IS1003b_A.foa.56"/>
    <foa endtime="181.56" starttime="179.32" type="place" place="slide-screen" nite:id="natasa_IS1003b_A.foa.57"/>
    <foa endtime="183.96" starttime="181.56" type="place" place="table" nite:id="natasa_IS1003b_A.foa.58"/>
    <foa endtime="187.08" starttime="183.96" type="place" place="slide-screen" nite:id="natasa_IS1003b_A.foa.59"/>
    <foa endtime="187.6" starttime="187.08" type="person" role="UI" nxt_agent="D" nite:id="natasa_IS1003b_A.foa.60"/>
    <foa endtime="190.0" starttime="187.6" type="place" place="table" nite:id="natasa_IS1003b_A.foa.61"/>
    <foa endtime="190.88" starttime="190.0" type="place" place="slide-screen" nite:id="natasa_IS1003b_A.foa.62"/>
    <foa endtime="193.56" starttime="190.88" type="place" place="table" nite:id="natasa_IS1003b_A.foa.63"/>
    <foa endtime="195.16" starttime="193.56" type="place" place="slide-screen" nite:id="natasa_IS1003b_A.foa.64"/>
    <foa endtime="196.56" starttime="195.16" type="place" place="table" nite:id="natasa_IS1003b_A.foa.65"/>
    <foa endtime="200.68" starttime="196.56" type="place" place="slide-screen" nite:id="natasa_IS1003b_A.foa.66"/>
    <foa endtime="202.12" starttime="200.68" type="place" place="table" nite:id="natasa_IS1003b_A.foa.67"/>
    <foa endtime="202.84" starttime="202.12" type="place" place="slide-screen" nite:id="natasa_IS1003b_A.foa.68"/>
    <foa endtime="203.24" starttime="202.84" type="unspecified" nite:id="natasa_IS1003b_A.foa.69"/>
    <foa endtime="209.68" starttime="203.24" type="place" place="slide-screen" nite:id="natasa_IS1003b_A.foa.70"/>
    <foa endtime="222.4" starttime="209.68" type="place" place="table" nite:id="natasa_IS1003b_A.foa.71"/>
    <foa endtime="224.12" starttime="222.4" type="place" place="slide-screen" nite:id="natasa_IS1003b_A.foa.72"/>
    <foa endtime="233.28" starttime="224.12" type="place" place="table" nite:id="natasa_IS1003b_A.foa.73"/>
    <foa endtime="244.72" starttime="233.28" type="place" place="slide-screen" nite:id="natasa_IS1003b_A.foa.74"/>
    <foa endtime="253.44" starttime="244.72" type="place" place="table" nite:id="natasa_IS1003b_A.foa.75"/>
    <foa endtime="255.44" starttime="253.44" type="place" place="slide-screen" nite:id="natasa_IS1003b_A.foa.76"/>
    <foa endtime="260.96" starttime="255.44" type="place" place="table" nite:id="natasa_IS1003b_A.foa.77"/>
    <foa endtime="265.0" starttime="260.96" type="place" place="slide-screen" nite:id="natasa_IS1003b_A.foa.78"/>
    <foa endtime="265.8" starttime="265.0" type="person" role="PM" nxt_agent="C" nite:id="natasa_IS1003b_A.foa.79"/>
    <foa endtime="266.16" starttime="265.8" type="person" role="ID" nxt_agent="B" nite:id="natasa_IS1003b_A.foa.80"/>
    <foa endtime="270.4" starttime="266.16" type="place" place="slide-screen" nite:id="natasa_IS1003b_A.foa.81"/>
    <foa endtime="271.0" starttime="270.4" type="place" place="table" nite:id="natasa_IS1003b_A.foa.82"/>
    <foa endtime="278.12" starttime="271.0" type="place" place="slide-screen" nite:id="natasa_IS1003b_A.foa.83"/>
    <foa endtime="279.08" starttime="278.12" type="place" place="table" nite:id="natasa_IS1003b_A.foa.84"/>
    <foa endtime="282.8" starttime="279.08" type="place" place="slide-screen" nite:id="natasa_IS1003b_A.foa.85"/>
    <foa endtime="283.32" starttime="282.8" type="person" role="PM" nxt_agent="C" nite:id="natasa_IS1003b_A.foa.86"/>
    <foa endtime="288.12" starttime="283.32" type="place" place="slide-screen" nite:id="natasa_IS1003b_A.foa.87"/>
    <foa endtime="289.0" starttime="288.12" type="person" role="UI" nxt_agent="D" nite:id="natasa_IS1003b_A.foa.88"/>
    <foa endtime="292.76" starttime="289.0" type="place" place="slide-screen" nite:id="natasa_IS1003b_A.foa.89"/>
    <foa endtime="293.64" starttime="292.76" type="person" role="PM" nxt_agent="C" nite:id="natasa_IS1003b_A.foa.90"/>
    <foa endtime="295.28" starttime="293.64" type="person" role="UI" nxt_agent="D" nite:id="natasa_IS1003b_A.foa.91"/>
    <foa endtime="297.0" starttime="295.28" type="place" place="slide-screen" nite:id="natasa_IS1003b_A.foa.92"/>
    <foa endtime="297.48" starttime="297.0" type="person" role="UI" nxt_agent="D" nite:id="natasa_IS1003b_A.foa.93"/>
    <foa endtime="298.08" starttime="297.48" type="place" place="slide-screen" nite:id="natasa_IS1003b_A.foa.94"/>
    <foa endtime="298.8" starttime="298.08" type="person" role="UI" nxt_agent="D" nite:id="natasa_IS1003b_A.foa.95"/>
    <foa endtime="303.12" starttime="298.8" type="place" place="slide-screen" nite:id="natasa_IS1003b_A.foa.96"/>
    <foa endtime="303.6" starttime="303.12" type="person" role="UI" nxt_agent="D" nite:id="natasa_IS1003b_A.foa.97"/>
    <foa endtime="308.96" starttime="303.6" type="place" place="slide-screen" nite:id="natasa_IS1003b_A.foa.98"/>
    <foa endtime="310.56" starttime="308.96" type="person" role="PM" nxt_agent="C" nite:id="natasa_IS1003b_A.foa.99"/>
    <foa endtime="316.48" starttime="310.56" type="place" place="slide-screen" nite:id="natasa_IS1003b_A.foa.100"/>
    <foa endtime="318.64" starttime="316.48" type="person" role="UI" nxt_agent="D" nite:id="natasa_IS1003b_A.foa.101"/>
    <foa endtime="322.56" starttime="318.64" type="place" place="slide-screen" nite:id="natasa_IS1003b_A.foa.102"/>
    <foa endtime="327.08" starttime="322.56" type="person" role="ID" nxt_agent="B" nite:id="natasa_IS1003b_A.foa.103"/>
    <foa endtime="328.76" starttime="327.08" type="place" place="slide-screen" nite:id="natasa_IS1003b_A.foa.104"/>
    <foa endtime="329.72" starttime="328.76" type="unspecified" nite:id="natasa_IS1003b_A.foa.105"/>
    <foa endtime="332.52" starttime="329.72" type="place" place="slide-screen" nite:id="natasa_IS1003b_A.foa.106"/>
    <foa endtime="334.56" starttime="332.52" type="person" role="PM" nxt_agent="C" nite:id="natasa_IS1003b_A.foa.107"/>
    <foa endtime="335.36" starttime="334.56" type="person" role="ID" nxt_agent="B" nite:id="natasa_IS1003b_A.foa.108"/>
    <foa endtime="336.52" starttime="335.36" type="place" place="slide-screen" nite:id="natasa_IS1003b_A.foa.109"/>
    <foa endtime="342.64" starttime="336.52" type="person" role="ID" nxt_agent="B" nite:id="natasa_IS1003b_A.foa.110"/>
    <foa endtime="353.84" starttime="342.64" type="place" place="slide-screen" nite:id="natasa_IS1003b_A.foa.111"/>
    <foa endtime="359.24" starttime="353.84" type="person" role="PM" nxt_agent="C" nite:id="natasa_IS1003b_A.foa.112"/>
    <foa endtime="360.44" starttime="359.24" type="place" place="slide-screen" nite:id="natasa_IS1003b_A.foa.113"/>
    <foa endtime="362.24" starttime="360.44" type="person" role="ID" nxt_agent="B" nite:id="natasa_IS1003b_A.foa.114"/>
    <foa endtime="364.12" starttime="362.24" type="place" place="slide-screen" nite:id="natasa_IS1003b_A.foa.115"/>
    <foa endtime="365.92" starttime="364.12" type="person" role="UI" nxt_agent="D" nite:id="natasa_IS1003b_A.foa.116"/>
    <foa endtime="366.76" starttime="365.92" type="place" place="slide-screen" nite:id="natasa_IS1003b_A.foa.117"/>
    <foa endtime="367.2" starttime="366.76" type="person" role="PM" nxt_agent="C" nite:id="natasa_IS1003b_A.foa.118"/>
    <foa endtime="368.0" starttime="367.2" type="place" place="slide-screen" nite:id="natasa_IS1003b_A.foa.119"/>
    <foa endtime="368.52" starttime="368.0" type="person" role="UI" nxt_agent="D" nite:id="natasa_IS1003b_A.foa.120"/>
    <foa endtime="369.24" starttime="368.52" type="place" place="slide-screen" nite:id="natasa_IS1003b_A.foa.121"/>
    <foa endtime="370.16" starttime="369.24" type="person" role="ID" nxt_agent="B" nite:id="natasa_IS1003b_A.foa.122"/>
    <foa endtime="375.76" starttime="370.16" type="person" role="PM" nxt_agent="C" nite:id="natasa_IS1003b_A.foa.123"/>
    <foa endtime="376.76" starttime="375.76" type="person" role="UI" nxt_agent="D" nite:id="natasa_IS1003b_A.foa.124"/>
    <foa endtime="379.4" starttime="376.76" type="place" place="slide-screen" nite:id="natasa_IS1003b_A.foa.125"/>
    <foa endtime="379.64" starttime="379.4" type="person" role="UI" nxt_agent="D" nite:id="natasa_IS1003b_A.foa.126"/>
    <foa endtime="381.16" starttime="379.64" type="place" place="table" nite:id="natasa_IS1003b_A.foa.127"/>
    <foa endtime="383.48" starttime="381.16" type="place" place="slide-screen" nite:id="natasa_IS1003b_A.foa.128"/>
    <foa endtime="385.48" starttime="383.48" type="person" role="PM" nxt_agent="C" nite:id="natasa_IS1003b_A.foa.129"/>
    <foa endtime="386.24" starttime="385.48" type="person" role="ID" nxt_agent="B" nite:id="natasa_IS1003b_A.foa.130"/>
    <foa endtime="386.72" starttime="386.24" type="person" role="PM" nxt_agent="C" nite:id="natasa_IS1003b_A.foa.131"/>
    <foa endtime="402.36" starttime="386.72" type="place" place="slide-screen" nite:id="natasa_IS1003b_A.foa.132"/>
    <foa endtime="402.72" starttime="402.36" type="person" role="PM" nxt_agent="C" nite:id="natasa_IS1003b_A.foa.133"/>
    <foa endtime="403.2" starttime="402.72" type="place" place="table" nite:id="natasa_IS1003b_A.foa.134"/>
    <foa endtime="403.8" starttime="403.2" type="person" role="ID" nxt_agent="B" nite:id="natasa_IS1003b_A.foa.135"/>
    <foa endtime="405.56" starttime="403.8" type="person" role="PM" nxt_agent="C" nite:id="natasa_IS1003b_A.foa.136"/>
    <foa endtime="406.32" starttime="405.56" type="place" place="slide-screen" nite:id="natasa_IS1003b_A.foa.137"/>
    <foa endtime="406.88" starttime="406.32" type="place" place="table" nite:id="natasa_IS1003b_A.foa.138"/>
    <foa endtime="408.0" starttime="406.88" type="person" role="ID" nxt_agent="B" nite:id="natasa_IS1003b_A.foa.139"/>
    <foa endtime="408.44" starttime="408.0" type="person" role="PM" nxt_agent="C" nite:id="natasa_IS1003b_A.foa.140"/>
    <foa endtime="413.4" starttime="408.44" type="place" place="slide-screen" nite:id="natasa_IS1003b_A.foa.141"/>
    <foa endtime="424.76" starttime="413.4" type="place" place="table" nite:id="natasa_IS1003b_A.foa.142"/>
    <foa endtime="426.88" starttime="424.76" type="place" place="slide-screen" nite:id="natasa_IS1003b_A.foa.143"/>
    <foa endtime="427.88" starttime="426.88" type="place" place="table" nite:id="natasa_IS1003b_A.foa.144"/>
    <foa endtime="428.36" starttime="427.88" type="place" place="slide-screen" nite:id="natasa_IS1003b_A.foa.145"/>
    <foa endtime="429.08" starttime="428.36" type="place" place="table" nite:id="natasa_IS1003b_A.foa.146"/>
    <foa endtime="429.56" starttime="429.08" type="person" role="PM" nxt_agent="C" nite:id="natasa_IS1003b_A.foa.147"/>
    <foa endtime="431.52" starttime="429.56" type="person" role="ID" nxt_agent="B" nite:id="natasa_IS1003b_A.foa.148"/>
    <foa endtime="436.16" starttime="431.52" type="place" place="table" nite:id="natasa_IS1003b_A.foa.149"/>
    <foa endtime="436.68" starttime="436.16" type="place" place="slide-screen" nite:id="natasa_IS1003b_A.foa.150"/>
    <foa endtime="440.36" starttime="436.68" type="place" place="table" nite:id="natasa_IS1003b_A.foa.151"/>
    <foa endtime="440.6" starttime="440.36" type="person" role="ID" nxt_agent="B" nite:id="natasa_IS1003b_A.foa.152"/>
    <foa endtime="444.36" starttime="440.6" type="place" place="table" nite:id="natasa_IS1003b_A.foa.153"/>
    <foa endtime="444.68" starttime="444.36" type="place" place="slide-screen" nite:id="natasa_IS1003b_A.foa.154"/>
    <foa endtime="446.6" starttime="444.68" type="place" place="table" nite:id="natasa_IS1003b_A.foa.155"/>
    <foa endtime="447.08" starttime="446.6" type="person" role="ID" nxt_agent="B" nite:id="natasa_IS1003b_A.foa.156"/>
    <foa endtime="447.32" starttime="447.08" type="person" role="PM" nxt_agent="C" nite:id="natasa_IS1003b_A.foa.157"/>
    <foa endtime="447.96" starttime="447.32" type="place" place="slide-screen" nite:id="natasa_IS1003b_A.foa.158"/>
    <foa endtime="449.68" starttime="447.96" type="person" role="ID" nxt_agent="B" nite:id="natasa_IS1003b_A.foa.159"/>
    <foa endtime="451.4" starttime="449.68" type="place" place="table" nite:id="natasa_IS1003b_A.foa.160"/>
    <foa endtime="453.4" starttime="451.4" type="person" role="ID" nxt_agent="B" nite:id="natasa_IS1003b_A.foa.161"/>
    <foa endtime="453.92" starttime="453.4" type="person" role="PM" nxt_agent="C" nite:id="natasa_IS1003b_A.foa.162"/>
    <foa endtime="454.92" starttime="453.92" type="place" place="slide-screen" nite:id="natasa_IS1003b_A.foa.163"/>
    <foa endtime="461.92" starttime="454.92" type="place" place="table" nite:id="natasa_IS1003b_A.foa.164"/>
    <foa endtime="462.92" starttime="461.92" type="person" role="ID" nxt_agent="B" nite:id="natasa_IS1003b_A.foa.165"/>
    <foa endtime="463.4" starttime="462.92" type="person" role="PM" nxt_agent="C" nite:id="natasa_IS1003b_A.foa.166"/>
    <foa endtime="470.56" starttime="463.4" type="place" place="table" nite:id="natasa_IS1003b_A.foa.167"/>
    <foa endtime="470.8" starttime="470.56" type="person" role="ID" nxt_agent="B" nite:id="natasa_IS1003b_A.foa.168"/>
    <foa endtime="475.04" starttime="470.8" type="place" place="table" nite:id="natasa_IS1003b_A.foa.169"/>
    <foa endtime="477.12" starttime="475.04" type="person" role="ID" nxt_agent="B" nite:id="natasa_IS1003b_A.foa.170"/>
    <foa endtime="480.36" starttime="477.12" type="person" role="PM" nxt_agent="C" nite:id="natasa_IS1003b_A.foa.171"/>
    <foa endtime="482.6" starttime="480.36" type="person" role="ID" nxt_agent="B" nite:id="natasa_IS1003b_A.foa.172"/>
    <foa endtime="500.24" starttime="482.6" type="place" place="table" nite:id="natasa_IS1003b_A.foa.173"/>
    <foa endtime="502.88" starttime="500.24" type="place" place="slide-screen" nite:id="natasa_IS1003b_A.foa.174"/>
    <foa endtime="513.4" starttime="502.88" type="place" place="table" nite:id="natasa_IS1003b_A.foa.175"/>
    <foa endtime="529.08" starttime="513.4" type="place" place="slide-screen" nite:id="natasa_IS1003b_A.foa.176"/>
    <foa endtime="529.68" starttime="529.08" type="place" place="table" nite:id="natasa_IS1003b_A.foa.177"/>
    <foa endtime="534.08" starttime="529.68" type="place" place="slide-screen" nite:id="natasa_IS1003b_A.foa.178"/>
    <foa endtime="534.68" starttime="534.08" type="person" role="ID" nxt_agent="B" nite:id="natasa_IS1003b_A.foa.179"/>
    <foa endtime="544.36" starttime="534.68" type="place" place="table" nite:id="natasa_IS1003b_A.foa.180"/>
    <foa endtime="552.36" starttime="544.36" type="place" place="slide-screen" nite:id="natasa_IS1003b_A.foa.181"/>
    <foa endtime="571.04" starttime="552.36" type="place" place="table" nite:id="natasa_IS1003b_A.foa.182"/>
    <foa endtime="578.04" starttime="571.04" type="place" place="slide-screen" nite:id="natasa_IS1003b_A.foa.183"/>
    <foa endtime="578.68" starttime="578.04" type="place" place="table" nite:id="natasa_IS1003b_A.foa.184"/>
    <foa endtime="580.08" starttime="578.68" type="place" place="slide-screen" nite:id="natasa_IS1003b_A.foa.185"/>
    <foa endtime="581.24" starttime="580.08" type="person" role="ID" nxt_agent="B" nite:id="natasa_IS1003b_A.foa.186"/>
    <foa endtime="583.12" starttime="581.24" type="place" place="table" nite:id="natasa_IS1003b_A.foa.187"/>
    <foa endtime="591.72" starttime="583.12" type="place" place="slide-screen" nite:id="natasa_IS1003b_A.foa.188"/>
    <foa endtime="593.4" starttime="591.72" type="place" place="table" nite:id="natasa_IS1003b_A.foa.189"/>
    <foa endtime="595.52" starttime="593.4" type="place" place="slide-screen" nite:id="natasa_IS1003b_A.foa.190"/>
    <foa endtime="597.08" starttime="595.52" type="person" role="UI" nxt_agent="D" nite:id="natasa_IS1003b_A.foa.191"/>
    <foa endtime="597.44" starttime="597.08" type="unspecified" nite:id="natasa_IS1003b_A.foa.192"/>
    <foa endtime="598.36" starttime="597.44" type="place" place="slide-screen" nite:id="natasa_IS1003b_A.foa.193"/>
    <foa endtime="600.16" starttime="598.36" type="person" role="UI" nxt_agent="D" nite:id="natasa_IS1003b_A.foa.194"/>
    <foa endtime="600.64" starttime="600.16" type="person" role="PM" nxt_agent="C" nite:id="natasa_IS1003b_A.foa.195"/>
    <foa endtime="602.44" starttime="600.64" type="person" role="ID" nxt_agent="B" nite:id="natasa_IS1003b_A.foa.196"/>
    <foa endtime="610.52" starttime="602.44" type="place" place="table" nite:id="natasa_IS1003b_A.foa.197"/>
    <foa endtime="611.48" starttime="610.52" type="person" role="UI" nxt_agent="D" nite:id="natasa_IS1003b_A.foa.198"/>
    <foa endtime="614.52" starttime="611.48" type="place" place="slide-screen" nite:id="natasa_IS1003b_A.foa.199"/>
    <foa endtime="617.92" starttime="614.52" type="place" place="table" nite:id="natasa_IS1003b_A.foa.200"/>
    <foa endtime="619.36" starttime="617.92" type="person" role="ID" nxt_agent="B" nite:id="natasa_IS1003b_A.foa.201"/>
    <foa endtime="619.72" starttime="619.36" type="person" role="PM" nxt_agent="C" nite:id="natasa_IS1003b_A.foa.202"/>
    <foa endtime="621.56" starttime="619.72" type="person" role="ID" nxt_agent="B" nite:id="natasa_IS1003b_A.foa.203"/>
    <foa endtime="622.16" starttime="621.56" type="person" role="PM" nxt_agent="C" nite:id="natasa_IS1003b_A.foa.204"/>
    <foa endtime="623.08" starttime="622.16" type="place" place="slide-screen" nite:id="natasa_IS1003b_A.foa.205"/>
    <foa endtime="625.44" starttime="623.08" type="place" place="table" nite:id="natasa_IS1003b_A.foa.206"/>
    <foa endtime="628.2" starttime="625.44" type="person" role="PM" nxt_agent="C" nite:id="natasa_IS1003b_A.foa.207"/>
    <foa endtime="629.08" starttime="628.2" type="person" role="ID" nxt_agent="B" nite:id="natasa_IS1003b_A.foa.208"/>
    <foa endtime="630.72" starttime="629.08" type="person" role="PM" nxt_agent="C" nite:id="natasa_IS1003b_A.foa.209"/>
    <foa endtime="631.16" starttime="630.72" type="person" role="ID" nxt_agent="B" nite:id="natasa_IS1003b_A.foa.210"/>
    <foa endtime="635.04" starttime="631.16" type="unspecified" nite:id="natasa_IS1003b_A.foa.211"/>
    <foa endtime="636.44" starttime="635.04" type="place" place="table" nite:id="natasa_IS1003b_A.foa.212"/>
    <foa endtime="637.52" starttime="636.44" type="person" role="PM" nxt_agent="C" nite:id="natasa_IS1003b_A.foa.213"/>
    <foa endtime="638.0" starttime="637.52" type="person" role="ID" nxt_agent="B" nite:id="natasa_IS1003b_A.foa.214"/>
    <foa endtime="640.2" starttime="638.0" type="place" place="table" nite:id="natasa_IS1003b_A.foa.215"/>
    <foa endtime="640.92" starttime="640.2" type="person" role="ID" nxt_agent="B" nite:id="natasa_IS1003b_A.foa.216"/>
    <foa endtime="642.52" starttime="640.92" type="place" place="table" nite:id="natasa_IS1003b_A.foa.217"/>
    <foa endtime="647.64" starttime="642.52" type="person" role="ID" nxt_agent="B" nite:id="natasa_IS1003b_A.foa.218"/>
    <foa endtime="648.0" starttime="647.64" type="place" place="slide-screen" nite:id="natasa_IS1003b_A.foa.219"/>
    <foa endtime="648.48" starttime="648.0" type="person" role="PM" nxt_agent="C" nite:id="natasa_IS1003b_A.foa.220"/>
    <foa endtime="649.68" starttime="648.48" type="person" role="ID" nxt_agent="B" nite:id="natasa_IS1003b_A.foa.221"/>
    <foa endtime="661.48" starttime="649.68" type="place" place="table" nite:id="natasa_IS1003b_A.foa.222"/>
    <foa endtime="666.44" starttime="661.48" type="person" role="PM" nxt_agent="C" nite:id="natasa_IS1003b_A.foa.223"/>
    <foa endtime="667.48" starttime="666.44" type="person" role="ID" nxt_agent="B" nite:id="natasa_IS1003b_A.foa.224"/>
    <foa endtime="668.84" starttime="667.48" type="place" place="table" nite:id="natasa_IS1003b_A.foa.225"/>
    <foa endtime="670.28" starttime="668.84" type="person" role="PM" nxt_agent="C" nite:id="natasa_IS1003b_A.foa.226"/>
    <foa endtime="670.88" starttime="670.28" type="person" role="ID" nxt_agent="B" nite:id="natasa_IS1003b_A.foa.227"/>
    <foa endtime="672.0" starttime="670.88" type="person" role="PM" nxt_agent="C" nite:id="natasa_IS1003b_A.foa.228"/>
    <foa endtime="672.92" starttime="672.0" type="person" role="ID" nxt_agent="B" nite:id="natasa_IS1003b_A.foa.229"/>
    <foa endtime="675.32" starttime="672.92" type="place" place="table" nite:id="natasa_IS1003b_A.foa.230"/>
    <foa endtime="675.68" starttime="675.32" type="person" role="PM" nxt_agent="C" nite:id="natasa_IS1003b_A.foa.231"/>
    <foa endtime="677.16" starttime="675.68" type="person" role="ID" nxt_agent="B" nite:id="natasa_IS1003b_A.foa.232"/>
    <foa endtime="677.72" starttime="677.16" type="person" role="PM" nxt_agent="C" nite:id="natasa_IS1003b_A.foa.233"/>
    <foa endtime="680.68" starttime="677.72" type="person" role="ID" nxt_agent="B" nite:id="natasa_IS1003b_A.foa.234"/>
    <foa endtime="684.68" starttime="680.68" type="unspecified" nite:id="natasa_IS1003b_A.foa.235"/>
    <foa endtime="685.44" starttime="684.68" type="person" role="PM" nxt_agent="C" nite:id="natasa_IS1003b_A.foa.236"/>
    <foa endtime="686.24" starttime="685.44" type="person" role="ID" nxt_agent="B" nite:id="natasa_IS1003b_A.foa.237"/>
    <foa endtime="689.12" starttime="686.24" type="place" place="table" nite:id="natasa_IS1003b_A.foa.238"/>
    <foa endtime="692.0" starttime="689.12" type="person" role="ID" nxt_agent="B" nite:id="natasa_IS1003b_A.foa.239"/>
    <foa endtime="692.88" starttime="692.0" type="place" place="table" nite:id="natasa_IS1003b_A.foa.240"/>
    <foa endtime="696.24" starttime="692.88" type="person" role="ID" nxt_agent="B" nite:id="natasa_IS1003b_A.foa.241"/>
    <foa endtime="703.16" starttime="696.24" type="place" place="table" nite:id="natasa_IS1003b_A.foa.242"/>
    <foa endtime="704.88" starttime="703.16" type="person" role="ID" nxt_agent="B" nite:id="natasa_IS1003b_A.foa.243"/>
    <foa endtime="711.64" starttime="704.88" type="place" place="table" nite:id="natasa_IS1003b_A.foa.244"/>
    <foa endtime="712.8" starttime="711.64" type="person" role="PM" nxt_agent="C" nite:id="natasa_IS1003b_A.foa.245"/>
    <foa endtime="713.56" starttime="712.8" type="person" role="UI" nxt_agent="D" nite:id="natasa_IS1003b_A.foa.246"/>
    <foa endtime="714.08" starttime="713.56" type="place" place="slide-screen" nite:id="natasa_IS1003b_A.foa.247"/>
    <foa endtime="715.04" starttime="714.08" type="person" role="PM" nxt_agent="C" nite:id="natasa_IS1003b_A.foa.248"/>
    <foa endtime="718.16" starttime="715.04" type="place" place="slide-screen" nite:id="natasa_IS1003b_A.foa.249"/>
    <foa endtime="718.84" starttime="718.16" type="person" role="UI" nxt_agent="D" nite:id="natasa_IS1003b_A.foa.250"/>
    <foa endtime="723.52" starttime="718.84" type="place" place="table" nite:id="natasa_IS1003b_A.foa.251"/>
    <foa endtime="724.52" starttime="723.52" type="person" role="UI" nxt_agent="D" nite:id="natasa_IS1003b_A.foa.252"/>
    <foa endtime="725.8" starttime="724.52" type="place" place="table" nite:id="natasa_IS1003b_A.foa.253"/>
    <foa endtime="731.08" starttime="725.8" type="person" role="PM" nxt_agent="C" nite:id="natasa_IS1003b_A.foa.254"/>
    <foa endtime="731.32" starttime="731.08" type="unspecified" nite:id="natasa_IS1003b_A.foa.255"/>
    <foa endtime="731.8" starttime="731.32" type="person" role="UI" nxt_agent="D" nite:id="natasa_IS1003b_A.foa.256"/>
    <foa endtime="733.36" starttime="731.8" type="person" role="PM" nxt_agent="C" nite:id="natasa_IS1003b_A.foa.257"/>
    <foa endtime="733.92" starttime="733.36" type="person" role="ID" nxt_agent="B" nite:id="natasa_IS1003b_A.foa.258"/>
    <foa endtime="734.44" starttime="733.92" type="place" place="table" nite:id="natasa_IS1003b_A.foa.259"/>
    <foa endtime="740.24" starttime="734.44" type="person" role="ID" nxt_agent="B" nite:id="natasa_IS1003b_A.foa.260"/>
    <foa endtime="740.64" starttime="740.24" type="person" role="PM" nxt_agent="C" nite:id="natasa_IS1003b_A.foa.261"/>
    <foa endtime="751.0" starttime="740.64" type="place" place="table" nite:id="natasa_IS1003b_A.foa.262"/>
    <foa endtime="751.96" starttime="751.0" type="person" role="ID" nxt_agent="B" nite:id="natasa_IS1003b_A.foa.263"/>
    <foa endtime="752.32" starttime="751.96" type="person" role="PM" nxt_agent="C" nite:id="natasa_IS1003b_A.foa.264"/>
    <foa endtime="754.28" starttime="752.32" type="place" place="table" nite:id="natasa_IS1003b_A.foa.265"/>
    <foa endtime="754.76" starttime="754.28" type="person" role="ID" nxt_agent="B" nite:id="natasa_IS1003b_A.foa.266"/>
    <foa endtime="755.88" starttime="754.76" type="person" role="PM" nxt_agent="C" nite:id="natasa_IS1003b_A.foa.267"/>
    <foa endtime="756.64" starttime="755.88" type="person" role="ID" nxt_agent="B" nite:id="natasa_IS1003b_A.foa.268"/>
    <foa endtime="758.28" starttime="756.64" type="unspecified" nite:id="natasa_IS1003b_A.foa.269"/>
    <foa endtime="758.88" starttime="758.28" type="person" role="PM" nxt_agent="C" nite:id="natasa_IS1003b_A.foa.270"/>
    <foa endtime="759.76" starttime="758.88" type="place" place="slide-screen" nite:id="natasa_IS1003b_A.foa.271"/>
    <foa endtime="764.84" starttime="759.76" type="place" place="table" nite:id="natasa_IS1003b_A.foa.272"/>
    <foa endtime="766.76" starttime="764.84" type="person" role="UI" nxt_agent="D" nite:id="natasa_IS1003b_A.foa.273"/>
    <foa endtime="770.6" starttime="766.76" type="place" place="table" nite:id="natasa_IS1003b_A.foa.274"/>
    <foa endtime="774.0" starttime="770.6" type="person" role="PM" nxt_agent="C" nite:id="natasa_IS1003b_A.foa.275"/>
    <foa endtime="774.6" starttime="774.0" type="place" place="table" nite:id="natasa_IS1003b_A.foa.276"/>
    <foa endtime="775.76" starttime="774.6" type="person" role="PM" nxt_agent="C" nite:id="natasa_IS1003b_A.foa.277"/>
    <foa endtime="778.04" starttime="775.76" type="place" place="table" nite:id="natasa_IS1003b_A.foa.278"/>
    <foa endtime="779.0" starttime="778.04" type="place" place="slide-screen" nite:id="natasa_IS1003b_A.foa.279"/>
    <foa endtime="780.16" starttime="779.0" type="place" place="table" nite:id="natasa_IS1003b_A.foa.280"/>
    <foa endtime="780.4" starttime="780.16" type="person" role="PM" nxt_agent="C" nite:id="natasa_IS1003b_A.foa.281"/>
    <foa endtime="781.72" starttime="780.4" type="place" place="table" nite:id="natasa_IS1003b_A.foa.282"/>
    <foa endtime="793.64" starttime="781.72" type="place" place="slide-screen" nite:id="natasa_IS1003b_A.foa.283"/>
    <foa endtime="794.32" starttime="793.64" type="place" place="table" nite:id="natasa_IS1003b_A.foa.284"/>
    <foa endtime="795.16" starttime="794.32" type="person" role="PM" nxt_agent="C" nite:id="natasa_IS1003b_A.foa.285"/>
    <foa endtime="796.6" starttime="795.16" type="place" place="slide-screen" nite:id="natasa_IS1003b_A.foa.286"/>
    <foa endtime="797.68" starttime="796.6" type="person" role="UI" nxt_agent="D" nite:id="natasa_IS1003b_A.foa.287"/>
    <foa endtime="800.04" starttime="797.68" type="place" place="slide-screen" nite:id="natasa_IS1003b_A.foa.288"/>
    <foa endtime="802.0" starttime="800.04" type="place" place="table" nite:id="natasa_IS1003b_A.foa.289"/>
    <foa endtime="802.84" starttime="802.0" type="place" place="slide-screen" nite:id="natasa_IS1003b_A.foa.290"/>
    <foa endtime="803.08" starttime="802.84" type="person" role="PM" nxt_agent="C" nite:id="natasa_IS1003b_A.foa.291"/>
    <foa endtime="815.08" starttime="803.08" type="place" place="slide-screen" nite:id="natasa_IS1003b_A.foa.292"/>
    <foa endtime="815.56" starttime="815.08" type="person" role="PM" nxt_agent="C" nite:id="natasa_IS1003b_A.foa.293"/>
    <foa endtime="816.28" starttime="815.56" type="place" place="table" nite:id="natasa_IS1003b_A.foa.294"/>
    <foa endtime="820.16" starttime="816.28" type="place" place="slide-screen" nite:id="natasa_IS1003b_A.foa.295"/>
    <foa endtime="821.2" starttime="820.16" type="person" role="PM" nxt_agent="C" nite:id="natasa_IS1003b_A.foa.296"/>
    <foa endtime="823.92" starttime="821.2" type="person" role="UI" nxt_agent="D" nite:id="natasa_IS1003b_A.foa.297"/>
    <foa endtime="835.16" starttime="823.92" type="place" place="slide-screen" nite:id="natasa_IS1003b_A.foa.298"/>
    <foa endtime="835.8" starttime="835.16" type="person" role="PM" nxt_agent="C" nite:id="natasa_IS1003b_A.foa.299"/>
    <foa endtime="836.92" starttime="835.8" type="person" role="ID" nxt_agent="B" nite:id="natasa_IS1003b_A.foa.300"/>
    <foa endtime="838.6" starttime="836.92" type="place" place="slide-screen" nite:id="natasa_IS1003b_A.foa.301"/>
    <foa endtime="841.2" starttime="838.6" type="person" role="PM" nxt_agent="C" nite:id="natasa_IS1003b_A.foa.302"/>
    <foa endtime="844.08" starttime="841.2" type="place" place="slide-screen" nite:id="natasa_IS1003b_A.foa.303"/>
    <foa endtime="844.8" starttime="844.08" type="unspecified" nite:id="natasa_IS1003b_A.foa.304"/>
    <foa endtime="855.0" starttime="844.8" type="place" place="slide-screen" nite:id="natasa_IS1003b_A.foa.305"/>
    <foa endtime="855.6" starttime="855.0" type="place" place="table" nite:id="natasa_IS1003b_A.foa.306"/>
    <foa endtime="857.92" starttime="855.6" type="place" place="slide-screen" nite:id="natasa_IS1003b_A.foa.307"/>
    <foa endtime="859.44" starttime="857.92" type="place" place="table" nite:id="natasa_IS1003b_A.foa.308"/>
    <foa endtime="859.84" starttime="859.44" type="person" role="PM" nxt_agent="C" nite:id="natasa_IS1003b_A.foa.309"/>
    <foa endtime="871.12" starttime="859.84" type="place" place="slide-screen" nite:id="natasa_IS1003b_A.foa.310"/>
    <foa endtime="873.36" starttime="871.12" type="unspecified" nite:id="natasa_IS1003b_A.foa.311"/>
    <foa endtime="874.24" starttime="873.36" type="person" role="UI" nxt_agent="D" nite:id="natasa_IS1003b_A.foa.312"/>
    <foa endtime="876.12" starttime="874.24" type="place" place="slide-screen" nite:id="natasa_IS1003b_A.foa.313"/>
    <foa endtime="876.6" starttime="876.12" type="place" place="table" nite:id="natasa_IS1003b_A.foa.314"/>
    <foa endtime="888.0" starttime="876.6" type="place" place="slide-screen" nite:id="natasa_IS1003b_A.foa.315"/>
    <foa endtime="889.48" starttime="888.0" type="person" role="PM" nxt_agent="C" nite:id="natasa_IS1003b_A.foa.316"/>
    <foa endtime="895.56" starttime="889.48" type="place" place="slide-screen" nite:id="natasa_IS1003b_A.foa.317"/>
    <foa endtime="897.16" starttime="895.56" type="person" role="UI" nxt_agent="D" nite:id="natasa_IS1003b_A.foa.318"/>
    <foa endtime="897.64" starttime="897.16" type="place" place="table" nite:id="natasa_IS1003b_A.foa.319"/>
    <foa endtime="899.4" starttime="897.64" type="person" role="UI" nxt_agent="D" nite:id="natasa_IS1003b_A.foa.320"/>
    <foa endtime="904.2" starttime="899.4" type="place" place="slide-screen" nite:id="natasa_IS1003b_A.foa.321"/>
    <foa endtime="905.08" starttime="904.2" type="place" place="table" nite:id="natasa_IS1003b_A.foa.322"/>
    <foa endtime="905.56" starttime="905.08" type="person" role="PM" nxt_agent="C" nite:id="natasa_IS1003b_A.foa.323"/>
    <foa endtime="909.04" starttime="905.56" type="place" place="slide-screen" nite:id="natasa_IS1003b_A.foa.324"/>
    <foa endtime="910.96" starttime="909.04" type="person" role="PM" nxt_agent="C" nite:id="natasa_IS1003b_A.foa.325"/>
    <foa endtime="913.6" starttime="910.96" type="place" place="slide-screen" nite:id="natasa_IS1003b_A.foa.326"/>
    <foa endtime="915.76" starttime="913.6" type="person" role="UI" nxt_agent="D" nite:id="natasa_IS1003b_A.foa.327"/>
    <foa endtime="916.48" starttime="915.76" type="place" place="table" nite:id="natasa_IS1003b_A.foa.328"/>
    <foa endtime="916.76" starttime="916.48" type="person" role="PM" nxt_agent="C" nite:id="natasa_IS1003b_A.foa.329"/>
    <foa endtime="926.24" starttime="916.76" type="place" place="slide-screen" nite:id="natasa_IS1003b_A.foa.330"/>
    <foa endtime="926.88" starttime="926.24" type="unspecified" nite:id="natasa_IS1003b_A.foa.331"/>
    <foa endtime="933.36" starttime="926.88" type="place" place="slide-screen" nite:id="natasa_IS1003b_A.foa.332"/>
    <foa endtime="934.2" starttime="933.36" type="unspecified" nite:id="natasa_IS1003b_A.foa.333"/>
    <foa endtime="937.96" starttime="934.2" type="place" place="slide-screen" nite:id="natasa_IS1003b_A.foa.334"/>
    <foa endtime="939.0" starttime="937.96" type="unspecified" nite:id="natasa_IS1003b_A.foa.335"/>
    <foa endtime="939.4" starttime="939.0" type="place" place="slide-screen" nite:id="natasa_IS1003b_A.foa.336"/>
    <foa endtime="940.28" starttime="939.4" type="person" role="PM" nxt_agent="C" nite:id="natasa_IS1003b_A.foa.337"/>
    <foa endtime="940.88" starttime="940.28" type="place" place="table" nite:id="natasa_IS1003b_A.foa.338"/>
    <foa endtime="941.92" starttime="940.88" type="place" place="slide-screen" nite:id="natasa_IS1003b_A.foa.339"/>
    <foa endtime="942.76" starttime="941.92" type="person" role="UI" nxt_agent="D" nite:id="natasa_IS1003b_A.foa.340"/>
    <foa endtime="943.52" starttime="942.76" type="place" place="table" nite:id="natasa_IS1003b_A.foa.341"/>
    <foa endtime="944.24" starttime="943.52" type="person" role="UI" nxt_agent="D" nite:id="natasa_IS1003b_A.foa.342"/>
    <foa endtime="944.68" starttime="944.24" type="place" place="slide-screen" nite:id="natasa_IS1003b_A.foa.343"/>
    <foa endtime="945.68" starttime="944.68" type="person" role="UI" nxt_agent="D" nite:id="natasa_IS1003b_A.foa.344"/>
    <foa endtime="948.24" starttime="945.68" type="person" role="PM" nxt_agent="C" nite:id="natasa_IS1003b_A.foa.345"/>
    <foa endtime="956.72" starttime="948.24" type="place" place="slide-screen" nite:id="natasa_IS1003b_A.foa.346"/>
    <foa endtime="958.32" starttime="956.72" type="place" place="table" nite:id="natasa_IS1003b_A.foa.347"/>
    <foa endtime="968.92" starttime="958.32" type="place" place="slide-screen" nite:id="natasa_IS1003b_A.foa.348"/>
    <foa endtime="970.92" starttime="968.92" type="place" place="table" nite:id="natasa_IS1003b_A.foa.349"/>
    <foa endtime="972.12" starttime="970.92" type="person" role="ID" nxt_agent="B" nite:id="natasa_IS1003b_A.foa.350"/>
    <foa endtime="976.12" starttime="972.12" type="place" place="slide-screen" nite:id="natasa_IS1003b_A.foa.351"/>
    <foa endtime="977.08" starttime="976.12" type="place" place="table" nite:id="natasa_IS1003b_A.foa.352"/>
    <foa endtime="978.64" starttime="977.08" type="person" role="UI" nxt_agent="D" nite:id="natasa_IS1003b_A.foa.353"/>
    <foa endtime="979.72" starttime="978.64" type="place" place="slide-screen" nite:id="natasa_IS1003b_A.foa.354"/>
    <foa endtime="980.96" starttime="979.72" type="place" place="table" nite:id="natasa_IS1003b_A.foa.355"/>
    <foa endtime="982.04" starttime="980.96" type="place" place="slide-screen" nite:id="natasa_IS1003b_A.foa.356"/>
    <foa endtime="983.4" starttime="982.04" type="person" role="UI" nxt_agent="D" nite:id="natasa_IS1003b_A.foa.357"/>
    <foa endtime="984.56" starttime="983.4" type="place" place="slide-screen" nite:id="natasa_IS1003b_A.foa.358"/>
    <foa endtime="985.8" starttime="984.56" type="person" role="UI" nxt_agent="D" nite:id="natasa_IS1003b_A.foa.359"/>
    <foa endtime="986.72" starttime="985.8" type="place" place="slide-screen" nite:id="natasa_IS1003b_A.foa.360"/>
    <foa endtime="987.76" starttime="986.72" type="person" role="PM" nxt_agent="C" nite:id="natasa_IS1003b_A.foa.361"/>
    <foa endtime="989.04" starttime="987.76" type="place" place="table" nite:id="natasa_IS1003b_A.foa.362"/>
    <foa endtime="989.4" starttime="989.04" type="person" role="ID" nxt_agent="B" nite:id="natasa_IS1003b_A.foa.363"/>
    <foa endtime="989.76" starttime="989.4" type="person" role="PM" nxt_agent="C" nite:id="natasa_IS1003b_A.foa.364"/>
    <foa endtime="991.48" starttime="989.76" type="person" role="UI" nxt_agent="D" nite:id="natasa_IS1003b_A.foa.365"/>
    <foa endtime="992.76" starttime="991.48" type="person" role="PM" nxt_agent="C" nite:id="natasa_IS1003b_A.foa.366"/>
    <foa endtime="997.48" starttime="992.76" type="place" place="table" nite:id="natasa_IS1003b_A.foa.367"/>
    <foa endtime="997.8" starttime="997.48" type="person" role="PM" nxt_agent="C" nite:id="natasa_IS1003b_A.foa.368"/>
    <foa endtime="998.8" starttime="997.8" type="unspecified" nite:id="natasa_IS1003b_A.foa.369"/>
    <foa endtime="999.72" starttime="998.8" type="person" role="PM" nxt_agent="C" nite:id="natasa_IS1003b_A.foa.370"/>
    <foa endtime="1000.68" starttime="999.72" type="person" role="UI" nxt_agent="D" nite:id="natasa_IS1003b_A.foa.371"/>
    <foa endtime="1003.64" starttime="1000.68" type="place" place="table" nite:id="natasa_IS1003b_A.foa.372"/>
    <foa endtime="1004.56" starttime="1003.64" type="person" role="UI" nxt_agent="D" nite:id="natasa_IS1003b_A.foa.373"/>
    <foa endtime="1018.68" starttime="1004.56" type="place" place="table" nite:id="natasa_IS1003b_A.foa.374"/>
    <foa endtime="1019.32" starttime="1018.68" type="person" role="UI" nxt_agent="D" nite:id="natasa_IS1003b_A.foa.375"/>
    <foa endtime="1023.56" starttime="1019.32" type="place" place="table" nite:id="natasa_IS1003b_A.foa.376"/>
    <foa endtime="1024.08" starttime="1023.56" type="person" role="UI" nxt_agent="D" nite:id="natasa_IS1003b_A.foa.377"/>
    <foa endtime="1024.32" starttime="1024.08" type="unspecified" nite:id="natasa_IS1003b_A.foa.378"/>
    <foa endtime="1027.24" starttime="1024.32" type="place" place="table" nite:id="natasa_IS1003b_A.foa.379"/>
    <foa endtime="1027.6" starttime="1027.24" type="person" role="PM" nxt_agent="C" nite:id="natasa_IS1003b_A.foa.380"/>
    <foa endtime="1027.96" starttime="1027.6" type="place" place="slide-screen" nite:id="natasa_IS1003b_A.foa.381"/>
    <foa endtime="1030.4" starttime="1027.96" type="place" place="table" nite:id="natasa_IS1003b_A.foa.382"/>
    <foa endtime="1031.68" starttime="1030.4" type="place" place="slide-screen" nite:id="natasa_IS1003b_A.foa.383"/>
    <foa endtime="1032.84" starttime="1031.68" type="person" role="UI" nxt_agent="D" nite:id="natasa_IS1003b_A.foa.384"/>
    <foa endtime="1043.4" starttime="1032.84" type="place" place="slide-screen" nite:id="natasa_IS1003b_A.foa.385"/>
    <foa endtime="1044.16" starttime="1043.4" type="person" role="UI" nxt_agent="D" nite:id="natasa_IS1003b_A.foa.386"/>
    <foa endtime="1059.08" starttime="1044.16" type="place" place="table" nite:id="natasa_IS1003b_A.foa.387"/>
    <foa endtime="1061.08" starttime="1059.08" type="place" place="slide-screen" nite:id="natasa_IS1003b_A.foa.388"/>
    <foa endtime="1063.2" starttime="1061.08" type="person" role="UI" nxt_agent="D" nite:id="natasa_IS1003b_A.foa.389"/>
    <foa endtime="1080.08" starttime="1063.2" type="place" place="table" nite:id="natasa_IS1003b_A.foa.390"/>
    <foa endtime="1080.8" starttime="1080.08" type="person" role="UI" nxt_agent="D" nite:id="natasa_IS1003b_A.foa.391"/>
    <foa endtime="1081.84" starttime="1080.8" type="place" place="slide-screen" nite:id="natasa_IS1003b_A.foa.392"/>
    <foa endtime="1082.8" starttime="1081.84" type="person" role="ID" nxt_agent="B" nite:id="natasa_IS1003b_A.foa.393"/>
    <foa endtime="1083.88" starttime="1082.8" type="person" role="UI" nxt_agent="D" nite:id="natasa_IS1003b_A.foa.394"/>
    <foa endtime="1087.12" starttime="1083.88" type="place" place="table" nite:id="natasa_IS1003b_A.foa.395"/>
    <foa endtime="1087.88" starttime="1087.12" type="place" place="slide-screen" nite:id="natasa_IS1003b_A.foa.396"/>
    <foa endtime="1088.56" starttime="1087.88" type="place" place="table" nite:id="natasa_IS1003b_A.foa.397"/>
    <foa endtime="1089.24" starttime="1088.56" type="person" role="UI" nxt_agent="D" nite:id="natasa_IS1003b_A.foa.398"/>
    <foa endtime="1093.84" starttime="1089.24" type="place" place="slide-screen" nite:id="natasa_IS1003b_A.foa.399"/>
    <foa endtime="1094.76" starttime="1093.84" type="person" role="PM" nxt_agent="C" nite:id="natasa_IS1003b_A.foa.400"/>
    <foa endtime="1101.04" starttime="1094.76" type="place" place="slide-screen" nite:id="natasa_IS1003b_A.foa.401"/>
    <foa endtime="1102.88" starttime="1101.04" type="person" role="ID" nxt_agent="B" nite:id="natasa_IS1003b_A.foa.402"/>
    <foa endtime="1103.72" starttime="1102.88" type="person" role="UI" nxt_agent="D" nite:id="natasa_IS1003b_A.foa.403"/>
    <foa endtime="1108.32" starttime="1103.72" type="place" place="slide-screen" nite:id="natasa_IS1003b_A.foa.404"/>
    <foa endtime="1110.12" starttime="1108.32" type="person" role="ID" nxt_agent="B" nite:id="natasa_IS1003b_A.foa.405"/>
    <foa endtime="1110.6" starttime="1110.12" type="person" role="UI" nxt_agent="D" nite:id="natasa_IS1003b_A.foa.406"/>
    <foa endtime="1112.92" starttime="1110.6" type="place" place="slide-screen" nite:id="natasa_IS1003b_A.foa.407"/>
    <foa endtime="1115.64" starttime="1112.92" type="place" place="table" nite:id="natasa_IS1003b_A.foa.408"/>
    <foa endtime="1116.24" starttime="1115.64" type="person" role="UI" nxt_agent="D" nite:id="natasa_IS1003b_A.foa.409"/>
    <foa endtime="1117.04" starttime="1116.24" type="place" place="slide-screen" nite:id="natasa_IS1003b_A.foa.410"/>
    <foa endtime="1118.64" starttime="1117.04" type="person" role="UI" nxt_agent="D" nite:id="natasa_IS1003b_A.foa.411"/>
    <foa endtime="1119.44" starttime="1118.64" type="person" role="PM" nxt_agent="C" nite:id="natasa_IS1003b_A.foa.412"/>
    <foa endtime="1120.2" starttime="1119.44" type="place" place="table" nite:id="natasa_IS1003b_A.foa.413"/>
    <foa endtime="1120.8" starttime="1120.2" type="person" role="UI" nxt_agent="D" nite:id="natasa_IS1003b_A.foa.414"/>
    <foa endtime="1121.64" starttime="1120.8" type="place" place="slide-screen" nite:id="natasa_IS1003b_A.foa.415"/>
    <foa endtime="1122.36" starttime="1121.64" type="person" role="UI" nxt_agent="D" nite:id="natasa_IS1003b_A.foa.416"/>
    <foa endtime="1125.32" starttime="1122.36" type="person" role="ID" nxt_agent="B" nite:id="natasa_IS1003b_A.foa.417"/>
    <foa endtime="1131.2" starttime="1125.32" type="place" place="table" nite:id="natasa_IS1003b_A.foa.418"/>
    <foa endtime="1131.68" starttime="1131.2" type="person" role="ID" nxt_agent="B" nite:id="natasa_IS1003b_A.foa.419"/>
    <foa endtime="1139.84" starttime="1131.68" type="place" place="table" nite:id="natasa_IS1003b_A.foa.420"/>
    <foa endtime="1140.6" starttime="1139.84" type="person" role="UI" nxt_agent="D" nite:id="natasa_IS1003b_A.foa.421"/>
    <foa endtime="1141.44" starttime="1140.6" type="unspecified" nite:id="natasa_IS1003b_A.foa.422"/>
    <foa endtime="1142.76" starttime="1141.44" type="place" place="slide-screen" nite:id="natasa_IS1003b_A.foa.423"/>
    <foa endtime="1144.04" starttime="1142.76" type="place" place="table" nite:id="natasa_IS1003b_A.foa.424"/>
    <foa endtime="1147.48" starttime="1144.04" type="place" place="slide-screen" nite:id="natasa_IS1003b_A.foa.425"/>
    <foa endtime="1149.88" starttime="1147.48" type="place" place="table" nite:id="natasa_IS1003b_A.foa.426"/>
    <foa endtime="1151.72" starttime="1149.88" type="person" role="UI" nxt_agent="D" nite:id="natasa_IS1003b_A.foa.427"/>
    <foa endtime="1154.0" starttime="1151.72" type="place" place="table" nite:id="natasa_IS1003b_A.foa.428"/>
    <foa endtime="1154.56" starttime="1154.0" type="person" role="UI" nxt_agent="D" nite:id="natasa_IS1003b_A.foa.429"/>
    <foa endtime="1159.4" starttime="1154.56" type="place" place="table" nite:id="natasa_IS1003b_A.foa.430"/>
    <foa endtime="1160.16" starttime="1159.4" type="person" role="PM" nxt_agent="C" nite:id="natasa_IS1003b_A.foa.431"/>
    <foa endtime="1174.76" starttime="1160.16" type="place" place="table" nite:id="natasa_IS1003b_A.foa.432"/>
    <foa endtime="1175.12" starttime="1174.76" type="person" role="PM" nxt_agent="C" nite:id="natasa_IS1003b_A.foa.433"/>
    <foa endtime="1175.68" starttime="1175.12" type="place" place="table" nite:id="natasa_IS1003b_A.foa.434"/>
    <foa endtime="1185.0" starttime="1175.68" type="place" place="slide-screen" nite:id="natasa_IS1003b_A.foa.435"/>
    <foa endtime="1186.8" starttime="1185.0" type="place" place="table" nite:id="natasa_IS1003b_A.foa.436"/>
    <foa endtime="1187.28" starttime="1186.8" type="person" role="UI" nxt_agent="D" nite:id="natasa_IS1003b_A.foa.437"/>
    <foa endtime="1189.68" starttime="1187.28" type="place" place="table" nite:id="natasa_IS1003b_A.foa.438"/>
    <foa endtime="1211.56" starttime="1189.68" type="place" place="slide-screen" nite:id="natasa_IS1003b_A.foa.439"/>
    <foa endtime="1211.92" starttime="1211.56" type="person" role="PM" nxt_agent="C" nite:id="natasa_IS1003b_A.foa.440"/>
    <foa endtime="1214.2" starttime="1211.92" type="place" place="slide-screen" nite:id="natasa_IS1003b_A.foa.441"/>
    <foa endtime="1215.24" starttime="1214.2" type="place" place="table" nite:id="natasa_IS1003b_A.foa.442"/>
    <foa endtime="1215.48" starttime="1215.24" type="person" role="PM" nxt_agent="C" nite:id="natasa_IS1003b_A.foa.443"/>
    <foa endtime="1215.96" starttime="1215.48" type="place" place="table" nite:id="natasa_IS1003b_A.foa.444"/>
    <foa endtime="1219.16" starttime="1215.96" type="place" place="slide-screen" nite:id="natasa_IS1003b_A.foa.445"/>
    <foa endtime="1220.16" starttime="1219.16" type="person" role="ID" nxt_agent="B" nite:id="natasa_IS1003b_A.foa.446"/>
    <foa endtime="1257.24" starttime="1220.16" type="place" place="slide-screen" nite:id="natasa_IS1003b_A.foa.447"/>
    <foa endtime="1258.52" starttime="1257.24" type="person" role="PM" nxt_agent="C" nite:id="natasa_IS1003b_A.foa.448"/>
    <foa endtime="1259.48" starttime="1258.52" type="place" place="table" nite:id="natasa_IS1003b_A.foa.449"/>
    <foa endtime="1259.96" starttime="1259.48" type="person" role="PM" nxt_agent="C" nite:id="natasa_IS1003b_A.foa.450"/>
    <foa endtime="1261.2" starttime="1259.96" type="place" place="table" nite:id="natasa_IS1003b_A.foa.451"/>
    <foa endtime="1262.44" starttime="1261.2" type="person" role="PM" nxt_agent="C" nite:id="natasa_IS1003b_A.foa.452"/>
    <foa endtime="1267.92" starttime="1262.44" type="place" place="slide-screen" nite:id="natasa_IS1003b_A.foa.453"/>
    <foa endtime="1268.4" starttime="1267.92" type="person" role="PM" nxt_agent="C" nite:id="natasa_IS1003b_A.foa.454"/>
    <foa endtime="1269.0" starttime="1268.4" type="person" role="UI" nxt_agent="D" nite:id="natasa_IS1003b_A.foa.455"/>
    <foa endtime="1280.16" starttime="1269.0" type="place" place="slide-screen" nite:id="natasa_IS1003b_A.foa.456"/>
    <foa endtime="1299.44" starttime="1280.16" type="person" role="PM" nxt_agent="C" nite:id="natasa_IS1003b_A.foa.457"/>
    <foa endtime="1309.48" starttime="1299.44" type="place" place="slide-screen" nite:id="natasa_IS1003b_A.foa.458"/>
    <foa endtime="1310.56" starttime="1309.48" type="unspecified" nite:id="natasa_IS1003b_A.foa.459"/>
    <foa endtime="1319.56" starttime="1310.56" type="place" place="slide-screen" nite:id="natasa_IS1003b_A.foa.460"/>
    <foa endtime="1321.6" starttime="1319.56" type="person" role="UI" nxt_agent="D" nite:id="natasa_IS1003b_A.foa.461"/>
    <foa endtime="1326.84" starttime="1321.6" type="person" role="PM" nxt_agent="C" nite:id="natasa_IS1003b_A.foa.462"/>
    <foa endtime="1330.8" starttime="1326.84" type="unspecified" nite:id="natasa_IS1003b_A.foa.463"/>
    <foa endtime="1353.88" starttime="1330.8" type="place" place="slide-screen" nite:id="natasa_IS1003b_A.foa.464"/>
    <foa endtime="1354.48" starttime="1353.88" type="person" role="UI" nxt_agent="D" nite:id="natasa_IS1003b_A.foa.465"/>
    <foa endtime="1362.76" starttime="1354.48" type="place" place="slide-screen" nite:id="natasa_IS1003b_A.foa.466"/>
    <foa endtime="1367.92" starttime="1362.76" type="person" role="PM" nxt_agent="C" nite:id="natasa_IS1003b_A.foa.467"/>
    <foa endtime="1371.2" starttime="1367.92" type="place" place="slide-screen" nite:id="natasa_IS1003b_A.foa.468"/>
    <foa endtime="1371.76" starttime="1371.2" type="person" role="PM" nxt_agent="C" nite:id="natasa_IS1003b_A.foa.469"/>
    <foa endtime="1383.4" starttime="1371.76" type="place" place="slide-screen" nite:id="natasa_IS1003b_A.foa.470"/>
    <foa endtime="1385.32" starttime="1383.4" type="person" role="ID" nxt_agent="B" nite:id="natasa_IS1003b_A.foa.471"/>
    <foa endtime="1385.56" starttime="1385.32" type="person" role="PM" nxt_agent="C" nite:id="natasa_IS1003b_A.foa.472"/>
    <foa endtime="1386.28" starttime="1385.56" type="person" role="UI" nxt_agent="D" nite:id="natasa_IS1003b_A.foa.473"/>
    <foa endtime="1388.04" starttime="1386.28" type="place" place="slide-screen" nite:id="natasa_IS1003b_A.foa.474"/>
    <foa endtime="1388.64" starttime="1388.04" type="person" role="UI" nxt_agent="D" nite:id="natasa_IS1003b_A.foa.475"/>
    <foa endtime="1390.32" starttime="1388.64" type="place" place="slide-screen" nite:id="natasa_IS1003b_A.foa.476"/>
    <foa endtime="1391.0" starttime="1390.32" type="person" role="PM" nxt_agent="C" nite:id="natasa_IS1003b_A.foa.477"/>
    <foa endtime="1391.92" starttime="1391.0" type="person" role="ID" nxt_agent="B" nite:id="natasa_IS1003b_A.foa.478"/>
    <foa endtime="1394.2" starttime="1391.92" type="place" place="slide-screen" nite:id="natasa_IS1003b_A.foa.479"/>
    <foa endtime="1395.36" starttime="1394.2" type="person" role="UI" nxt_agent="D" nite:id="natasa_IS1003b_A.foa.480"/>
    <foa endtime="1398.36" starttime="1395.36" type="person" role="ID" nxt_agent="B" nite:id="natasa_IS1003b_A.foa.481"/>
    <foa endtime="1400.0" starttime="1398.36" type="place" place="table" nite:id="natasa_IS1003b_A.foa.482"/>
    <foa endtime="1400.84" starttime="1400.0" type="unspecified" nite:id="natasa_IS1003b_A.foa.483"/>
    <foa endtime="1409.8" starttime="1400.84" type="person" role="ID" nxt_agent="B" nite:id="natasa_IS1003b_A.foa.484"/>
    <foa endtime="1410.64" starttime="1409.8" type="unspecified" nite:id="natasa_IS1003b_A.foa.485"/>
    <foa endtime="1411.72" starttime="1410.64" type="place" place="table" nite:id="natasa_IS1003b_A.foa.486"/>
    <foa endtime="1412.2" starttime="1411.72" type="person" role="PM" nxt_agent="C" nite:id="natasa_IS1003b_A.foa.487"/>
    <foa endtime="1414.08" starttime="1412.2" type="person" role="UI" nxt_agent="D" nite:id="natasa_IS1003b_A.foa.488"/>
    <foa endtime="1415.88" starttime="1414.08" type="person" role="ID" nxt_agent="B" nite:id="natasa_IS1003b_A.foa.489"/>
    <foa endtime="1418.96" starttime="1415.88" type="place" place="table" nite:id="natasa_IS1003b_A.foa.490"/>
    <foa endtime="1421.36" starttime="1418.96" type="person" role="UI" nxt_agent="D" nite:id="natasa_IS1003b_A.foa.491"/>
    <foa endtime="1421.84" starttime="1421.36" type="person" role="PM" nxt_agent="C" nite:id="natasa_IS1003b_A.foa.492"/>
    <foa endtime="1423.12" starttime="1421.84" type="person" role="ID" nxt_agent="B" nite:id="natasa_IS1003b_A.foa.493"/>
    <foa endtime="1424.8" starttime="1423.12" type="place" place="slide-screen" nite:id="natasa_IS1003b_A.foa.494"/>
    <foa endtime="1429.12" starttime="1424.8" type="person" role="UI" nxt_agent="D" nite:id="natasa_IS1003b_A.foa.495"/>
    <foa endtime="1429.72" starttime="1429.12" type="unspecified" nite:id="natasa_IS1003b_A.foa.496"/>
    <foa endtime="1432.88" starttime="1429.72" type="person" role="ID" nxt_agent="B" nite:id="natasa_IS1003b_A.foa.497"/>
    <foa endtime="1436.16" starttime="1432.88" type="place" place="slide-screen" nite:id="natasa_IS1003b_A.foa.498"/>
    <foa endtime="1438.4" starttime="1436.16" type="place" place="table" nite:id="natasa_IS1003b_A.foa.499"/>
    <foa endtime="1439.08" starttime="1438.4" type="place" place="slide-screen" nite:id="natasa_IS1003b_A.foa.500"/>
    <foa endtime="1440.36" starttime="1439.08" type="person" role="PM" nxt_agent="C" nite:id="natasa_IS1003b_A.foa.501"/>
    <foa endtime="1443.04" starttime="1440.36" type="place" place="table" nite:id="natasa_IS1003b_A.foa.502"/>
    <foa endtime="1443.52" starttime="1443.04" type="person" role="PM" nxt_agent="C" nite:id="natasa_IS1003b_A.foa.503"/>
    <foa endtime="1445.36" starttime="1443.52" type="place" place="table" nite:id="natasa_IS1003b_A.foa.504"/>
    <foa endtime="1446.56" starttime="1445.36" type="person" role="PM" nxt_agent="C" nite:id="natasa_IS1003b_A.foa.505"/>
    <foa endtime="1459.04" starttime="1446.56" type="place" place="table" nite:id="natasa_IS1003b_A.foa.506"/>
    <foa endtime="1464.28" starttime="1459.04" type="place" place="slide-screen" nite:id="natasa_IS1003b_A.foa.507"/>
    <foa endtime="1465.76" starttime="1464.28" type="place" place="table" nite:id="natasa_IS1003b_A.foa.508"/>
    <foa endtime="1466.24" starttime="1465.76" type="person" role="UI" nxt_agent="D" nite:id="natasa_IS1003b_A.foa.509"/>
    <foa endtime="1467.28" starttime="1466.24" type="person" role="PM" nxt_agent="C" nite:id="natasa_IS1003b_A.foa.510"/>
    <foa endtime="1467.88" starttime="1467.28" type="unspecified" nite:id="natasa_IS1003b_A.foa.511"/>
    <foa endtime="1470.28" starttime="1467.88" type="person" role="UI" nxt_agent="D" nite:id="natasa_IS1003b_A.foa.512"/>
    <foa endtime="1471.84" starttime="1470.28" type="person" role="ID" nxt_agent="B" nite:id="natasa_IS1003b_A.foa.513"/>
    <foa endtime="1474.24" starttime="1471.84" type="place" place="table" nite:id="natasa_IS1003b_A.foa.514"/>
    <foa endtime="1476.16" starttime="1474.24" type="person" role="PM" nxt_agent="C" nite:id="natasa_IS1003b_A.foa.515"/>
    <foa endtime="1476.88" starttime="1476.16" type="person" role="UI" nxt_agent="D" nite:id="natasa_IS1003b_A.foa.516"/>
    <foa endtime="1480.12" starttime="1476.88" type="place" place="slide-screen" nite:id="natasa_IS1003b_A.foa.517"/>
    <foa endtime="1482.28" starttime="1480.12" type="person" role="ID" nxt_agent="B" nite:id="natasa_IS1003b_A.foa.518"/>
    <foa endtime="1483.8" starttime="1482.28" type="place" place="table" nite:id="natasa_IS1003b_A.foa.519"/>
    <foa endtime="1485.64" starttime="1483.8" type="person" role="ID" nxt_agent="B" nite:id="natasa_IS1003b_A.foa.520"/>
    <foa endtime="1495.24" starttime="1485.64" type="place" place="table" nite:id="natasa_IS1003b_A.foa.521"/>
    <foa endtime="1497.08" starttime="1495.24" type="person" role="ID" nxt_agent="B" nite:id="natasa_IS1003b_A.foa.522"/>
    <foa endtime="1498.04" starttime="1497.08" type="person" role="UI" nxt_agent="D" nite:id="natasa_IS1003b_A.foa.523"/>
    <foa endtime="1519.04" starttime="1498.04" type="place" place="slide-screen" nite:id="natasa_IS1003b_A.foa.524"/>
    <foa endtime="1520.32" starttime="1519.04" type="person" role="PM" nxt_agent="C" nite:id="natasa_IS1003b_A.foa.525"/>
    <foa endtime="1523.56" starttime="1520.32" type="place" place="slide-screen" nite:id="natasa_IS1003b_A.foa.526"/>
    <foa endtime="1524.76" starttime="1523.56" type="person" role="PM" nxt_agent="C" nite:id="natasa_IS1003b_A.foa.527"/>
    <foa endtime="1527.16" starttime="1524.76" type="place" place="slide-screen" nite:id="natasa_IS1003b_A.foa.528"/>
    <foa endtime="1529.88" starttime="1527.16" type="person" role="ID" nxt_agent="B" nite:id="natasa_IS1003b_A.foa.529"/>
    <foa endtime="1532.24" starttime="1529.88" type="person" role="UI" nxt_agent="D" nite:id="natasa_IS1003b_A.foa.530"/>
    <foa endtime="1533.4" starttime="1532.24" type="person" role="PM" nxt_agent="C" nite:id="natasa_IS1003b_A.foa.531"/>
    <foa endtime="1534.28" starttime="1533.4" type="person" role="UI" nxt_agent="D" nite:id="natasa_IS1003b_A.foa.532"/>
    <foa endtime="1539.8" starttime="1534.28" type="place" place="slide-screen" nite:id="natasa_IS1003b_A.foa.533"/>
    <foa endtime="1540.72" starttime="1539.8" type="place" place="table" nite:id="natasa_IS1003b_A.foa.534"/>
    <foa endtime="1567.16" starttime="1540.72" type="place" place="slide-screen" nite:id="natasa_IS1003b_A.foa.535"/>
    <foa endtime="1572.72" starttime="1567.16" type="place" place="table" nite:id="natasa_IS1003b_A.foa.536"/>
    <foa endtime="1574.36" starttime="1572.72" type="place" place="slide-screen" nite:id="natasa_IS1003b_A.foa.537"/>
    <foa endtime="1580.2" starttime="1574.36" type="place" place="table" nite:id="natasa_IS1003b_A.foa.538"/>
    <foa endtime="1580.6" starttime="1580.2" type="person" role="PM" nxt_agent="C" nite:id="natasa_IS1003b_A.foa.539"/>
    <foa endtime="1581.4" starttime="1580.6" type="place" place="slide-screen" nite:id="natasa_IS1003b_A.foa.540"/>
    <foa endtime="1582.64" starttime="1581.4" type="place" place="table" nite:id="natasa_IS1003b_A.foa.541"/>
    <foa endtime="1583.32" starttime="1582.64" type="place" place="slide-screen" nite:id="natasa_IS1003b_A.foa.542"/>
    <foa endtime="1585.92" starttime="1583.32" type="place" place="table" nite:id="natasa_IS1003b_A.foa.543"/>
    <foa endtime="1588.04" starttime="1585.92" type="place" place="slide-screen" nite:id="natasa_IS1003b_A.foa.544"/>
    <foa endtime="1593.04" starttime="1588.04" type="place" place="table" nite:id="natasa_IS1003b_A.foa.545"/>
    <foa endtime="1593.88" starttime="1593.04" type="place" place="slide-screen" nite:id="natasa_IS1003b_A.foa.546"/>
    <foa endtime="1599.16" starttime="1593.88" type="place" place="table" nite:id="natasa_IS1003b_A.foa.547"/>
    <foa endtime="1601.44" starttime="1599.16" type="place" place="slide-screen" nite:id="natasa_IS1003b_A.foa.548"/>
    <foa endtime="1603.92" starttime="1601.44" type="person" role="PM" nxt_agent="C" nite:id="natasa_IS1003b_A.foa.549"/>
    <foa endtime="1606.92" starttime="1603.92" type="place" place="slide-screen" nite:id="natasa_IS1003b_A.foa.550"/>
    <foa endtime="1607.56" starttime="1606.92" type="person" role="UI" nxt_agent="D" nite:id="natasa_IS1003b_A.foa.551"/>
    <foa endtime="1611.64" starttime="1607.56" type="place" place="slide-screen" nite:id="natasa_IS1003b_A.foa.552"/>
    <foa endtime="1615.28" starttime="1611.64" type="place" place="table" nite:id="natasa_IS1003b_A.foa.553"/>
    <foa endtime="1617.72" starttime="1615.28" type="place" place="slide-screen" nite:id="natasa_IS1003b_A.foa.554"/>
    <foa endtime="1620.12" starttime="1617.72" type="unspecified" nite:id="natasa_IS1003b_A.foa.555"/>
    <foa endtime="1624.0" starttime="1620.12" type="place" place="table" nite:id="natasa_IS1003b_A.foa.556"/>
    <foa endtime="1625.0" starttime="1624.0" type="person" role="ID" nxt_agent="B" nite:id="natasa_IS1003b_A.foa.557"/>
    <foa endtime="1627.72" starttime="1625.0" type="place" place="table" nite:id="natasa_IS1003b_A.foa.558"/>
    <foa endtime="1628.08" starttime="1627.72" type="person" role="ID" nxt_agent="B" nite:id="natasa_IS1003b_A.foa.559"/>
    <foa endtime="1631.88" starttime="1628.08" type="place" place="table" nite:id="natasa_IS1003b_A.foa.560"/>
    <foa endtime="1635.0" starttime="1631.88" type="unspecified" nite:id="natasa_IS1003b_A.foa.561"/>
</nite:root>
