<?xml version="1.0" encoding="UTF-8"?>
<nite:root xmlns:nite="http://nite.sourceforge.net/" nite:id="IDIAP_IS1008c_D.nite:root.1">
    <foa endtime="32.16" starttime="0.0" type="unspecified" nite:id="IDIAP_IS1008c_D.foa.1"/>
    <foa endtime="33.52" starttime="32.16" type="person" role="PM" nxt_agent="A" nite:id="IDIAP_IS1008c_D.foa.2"/>
    <foa endtime="35.28" starttime="33.52" type="place" place="table" nite:id="IDIAP_IS1008c_D.foa.3"/>
    <foa endtime="36.08" starttime="35.28" type="person" role="PM" nxt_agent="A" nite:id="IDIAP_IS1008c_D.foa.4"/>
    <foa endtime="36.52" starttime="36.08" type="place" place="whiteboard" nite:id="IDIAP_IS1008c_D.foa.5"/>
    <foa endtime="37.56" starttime="36.52" type="unspecified" nite:id="IDIAP_IS1008c_D.foa.6"/>
    <foa endtime="38.48" starttime="37.56" type="place" place="whiteboard" nite:id="IDIAP_IS1008c_D.foa.7"/>
    <foa endtime="69.2" starttime="38.48" type="place" place="table" nite:id="IDIAP_IS1008c_D.foa.8"/>
    <foa endtime="70.8" starttime="69.2" type="unspecified" nite:id="IDIAP_IS1008c_D.foa.9"/>
    <foa endtime="73.48" starttime="70.8" type="place" place="table" nite:id="IDIAP_IS1008c_D.foa.10"/>
    <foa endtime="75.64" starttime="73.48" type="person" role="PM" nxt_agent="A" nite:id="IDIAP_IS1008c_D.foa.11"/>
    <foa endtime="81.2" starttime="75.64" type="place" place="slide-screen" nite:id="IDIAP_IS1008c_D.foa.12"/>
    <foa endtime="81.64" starttime="81.2" type="person" role="PM" nxt_agent="A" nite:id="IDIAP_IS1008c_D.foa.13"/>
    <foa endtime="102.4" starttime="81.64" type="place" place="table" nite:id="IDIAP_IS1008c_D.foa.14"/>
    <foa endtime="103.56" starttime="102.4" type="unspecified" nite:id="IDIAP_IS1008c_D.foa.15"/>
    <foa endtime="105.0" starttime="103.56" type="person" role="ID" nxt_agent="C" nite:id="IDIAP_IS1008c_D.foa.16"/>
    <foa endtime="106.68" starttime="105.0" type="unspecified" nite:id="IDIAP_IS1008c_D.foa.17"/>
    <foa endtime="106.72" starttime="106.68" type="person" role="ID" nxt_agent="C" nite:id="IDIAP_IS1008c_D.foa.18"/>
    <foa endtime="109.32" starttime="106.72" type="unspecified" nite:id="IDIAP_IS1008c_D.foa.19"/>
    <foa endtime="127.32" starttime="109.32" type="place" place="slide-screen" nite:id="IDIAP_IS1008c_D.foa.20"/>
    <foa endtime="128.28" starttime="127.32" type="person" role="ID" nxt_agent="C" nite:id="IDIAP_IS1008c_D.foa.21"/>
    <foa endtime="129.84" starttime="128.28" type="unspecified" nite:id="IDIAP_IS1008c_D.foa.22"/>
    <foa endtime="131.56" starttime="129.84" type="person" role="PM" nxt_agent="A" nite:id="IDIAP_IS1008c_D.foa.23"/>
    <foa endtime="136.76" starttime="131.56" type="place" place="slide-screen" nite:id="IDIAP_IS1008c_D.foa.24"/>
    <foa endtime="137.56" starttime="136.76" type="person" role="ID" nxt_agent="C" nite:id="IDIAP_IS1008c_D.foa.25"/>
    <foa endtime="139.0" starttime="137.56" type="unspecified" nite:id="IDIAP_IS1008c_D.foa.26"/>
    <foa endtime="141.72" starttime="139.0" type="place" place="table" nite:id="IDIAP_IS1008c_D.foa.27"/>
    <foa endtime="142.8" starttime="141.72" type="person" role="ID" nxt_agent="C" nite:id="IDIAP_IS1008c_D.foa.28"/>
    <foa endtime="155.36" starttime="142.8" type="place" place="slide-screen" nite:id="IDIAP_IS1008c_D.foa.29"/>
    <foa endtime="156.32" starttime="155.36" type="person" role="ID" nxt_agent="C" nite:id="IDIAP_IS1008c_D.foa.30"/>
    <foa endtime="160.76" starttime="156.32" type="place" place="table" nite:id="IDIAP_IS1008c_D.foa.31"/>
    <foa endtime="162.68" starttime="160.76" type="person" role="ID" nxt_agent="C" nite:id="IDIAP_IS1008c_D.foa.32"/>
    <foa endtime="164.2" starttime="162.68" type="place" place="table" nite:id="IDIAP_IS1008c_D.foa.33"/>
    <foa endtime="167.08" starttime="164.2" type="person" role="ID" nxt_agent="C" nite:id="IDIAP_IS1008c_D.foa.34"/>
    <foa endtime="169.68" starttime="167.08" type="place" place="slide-screen" nite:id="IDIAP_IS1008c_D.foa.35"/>
    <foa endtime="171.84" starttime="169.68" type="person" role="ID" nxt_agent="C" nite:id="IDIAP_IS1008c_D.foa.36"/>
    <foa endtime="173.4" starttime="171.84" type="place" place="table" nite:id="IDIAP_IS1008c_D.foa.37"/>
    <foa endtime="174.24" starttime="173.4" type="person" role="ID" nxt_agent="C" nite:id="IDIAP_IS1008c_D.foa.38"/>
    <foa endtime="177.72" starttime="174.24" type="place" place="table" nite:id="IDIAP_IS1008c_D.foa.39"/>
    <foa endtime="179.72" starttime="177.72" type="unspecified" nite:id="IDIAP_IS1008c_D.foa.40"/>
    <foa endtime="180.6" starttime="179.72" type="person" role="ID" nxt_agent="C" nite:id="IDIAP_IS1008c_D.foa.41"/>
    <foa endtime="183.64" starttime="180.6" type="place" place="slide-screen" nite:id="IDIAP_IS1008c_D.foa.42"/>
    <foa endtime="185.56" starttime="183.64" type="person" role="ID" nxt_agent="C" nite:id="IDIAP_IS1008c_D.foa.43"/>
    <foa endtime="194.04" starttime="185.56" type="place" place="slide-screen" nite:id="IDIAP_IS1008c_D.foa.44"/>
    <foa endtime="195.2" starttime="194.04" type="place" place="table" nite:id="IDIAP_IS1008c_D.foa.45"/>
    <foa endtime="202.88" starttime="195.2" type="person" role="ID" nxt_agent="C" nite:id="IDIAP_IS1008c_D.foa.46"/>
    <foa endtime="203.84" starttime="202.88" type="unspecified" nite:id="IDIAP_IS1008c_D.foa.47"/>
    <foa endtime="208.12" starttime="203.84" type="place" place="slide-screen" nite:id="IDIAP_IS1008c_D.foa.48"/>
    <foa endtime="208.48" starttime="208.12" type="person" role="PM" nxt_agent="A" nite:id="IDIAP_IS1008c_D.foa.49"/>
    <foa endtime="212.68" starttime="208.48" type="person" role="ID" nxt_agent="C" nite:id="IDIAP_IS1008c_D.foa.50"/>
    <foa endtime="215.6" starttime="212.68" type="place" place="table" nite:id="IDIAP_IS1008c_D.foa.51"/>
    <foa endtime="225.88" starttime="215.6" type="place" place="slide-screen" nite:id="IDIAP_IS1008c_D.foa.52"/>
    <foa endtime="227.16" starttime="225.88" type="person" role="ID" nxt_agent="C" nite:id="IDIAP_IS1008c_D.foa.53"/>
    <foa endtime="228.32" starttime="227.16" type="place" place="table" nite:id="IDIAP_IS1008c_D.foa.54"/>
    <foa endtime="228.92" starttime="228.32" type="person" role="ID" nxt_agent="C" nite:id="IDIAP_IS1008c_D.foa.55"/>
    <foa endtime="231.32" starttime="228.92" type="place" place="slide-screen" nite:id="IDIAP_IS1008c_D.foa.56"/>
    <foa endtime="234.44" starttime="231.32" type="person" role="ID" nxt_agent="C" nite:id="IDIAP_IS1008c_D.foa.57"/>
    <foa endtime="235.4" starttime="234.44" type="person" role="PM" nxt_agent="A" nite:id="IDIAP_IS1008c_D.foa.58"/>
    <foa endtime="236.72" starttime="235.4" type="place" place="table" nite:id="IDIAP_IS1008c_D.foa.59"/>
    <foa endtime="239.52" starttime="236.72" type="person" role="ID" nxt_agent="C" nite:id="IDIAP_IS1008c_D.foa.60"/>
    <foa endtime="243.16" starttime="239.52" type="unspecified" nite:id="IDIAP_IS1008c_D.foa.61"/>
    <foa endtime="247.72" starttime="243.16" type="place" place="slide-screen" nite:id="IDIAP_IS1008c_D.foa.62"/>
    <foa endtime="248.84" starttime="247.72" type="unspecified" nite:id="IDIAP_IS1008c_D.foa.63"/>
    <foa endtime="255.28" starttime="248.84" type="place" place="slide-screen" nite:id="IDIAP_IS1008c_D.foa.64"/>
    <foa endtime="257.72" starttime="255.28" type="unspecified" nite:id="IDIAP_IS1008c_D.foa.65"/>
    <foa endtime="259.92" starttime="257.72" type="person" role="ID" nxt_agent="C" nite:id="IDIAP_IS1008c_D.foa.66"/>
    <foa endtime="262.4" starttime="259.92" type="place" place="slide-screen" nite:id="IDIAP_IS1008c_D.foa.67"/>
    <foa endtime="263.04" starttime="262.4" type="person" role="PM" nxt_agent="A" nite:id="IDIAP_IS1008c_D.foa.68"/>
    <foa endtime="266.48" starttime="263.04" type="person" role="ID" nxt_agent="C" nite:id="IDIAP_IS1008c_D.foa.69"/>
    <foa endtime="275.04" starttime="266.48" type="place" place="slide-screen" nite:id="IDIAP_IS1008c_D.foa.70"/>
    <foa endtime="275.92" starttime="275.04" type="place" place="table" nite:id="IDIAP_IS1008c_D.foa.71"/>
    <foa endtime="286.0" starttime="275.92" type="person" role="ID" nxt_agent="C" nite:id="IDIAP_IS1008c_D.foa.72"/>
    <foa endtime="287.28" starttime="286.0" type="place" place="slide-screen" nite:id="IDIAP_IS1008c_D.foa.73"/>
    <foa endtime="287.88" starttime="287.28" type="person" role="PM" nxt_agent="A" nite:id="IDIAP_IS1008c_D.foa.74"/>
    <foa endtime="291.84" starttime="287.88" type="place" place="slide-screen" nite:id="IDIAP_IS1008c_D.foa.75"/>
    <foa endtime="292.08" starttime="291.84" type="place" place="table" nite:id="IDIAP_IS1008c_D.foa.76"/>
    <foa endtime="293.44" starttime="292.08" type="person" role="ID" nxt_agent="C" nite:id="IDIAP_IS1008c_D.foa.77"/>
    <foa endtime="295.84" starttime="293.44" type="person" role="PM" nxt_agent="A" nite:id="IDIAP_IS1008c_D.foa.78"/>
    <foa endtime="296.52" starttime="295.84" type="place" place="table" nite:id="IDIAP_IS1008c_D.foa.79"/>
    <foa endtime="297.36" starttime="296.52" type="person" role="ID" nxt_agent="C" nite:id="IDIAP_IS1008c_D.foa.80"/>
    <foa endtime="300.0" starttime="297.36" type="place" place="table" nite:id="IDIAP_IS1008c_D.foa.81"/>
    <foa endtime="300.64" starttime="300.0" type="person" role="PM" nxt_agent="A" nite:id="IDIAP_IS1008c_D.foa.82"/>
    <foa endtime="302.4" starttime="300.64" type="place" place="slide-screen" nite:id="IDIAP_IS1008c_D.foa.83"/>
    <foa endtime="303.88" starttime="302.4" type="person" role="ID" nxt_agent="C" nite:id="IDIAP_IS1008c_D.foa.84"/>
    <foa endtime="304.36" starttime="303.88" type="person" role="PM" nxt_agent="A" nite:id="IDIAP_IS1008c_D.foa.85"/>
    <foa endtime="306.2" starttime="304.36" type="person" role="ID" nxt_agent="C" nite:id="IDIAP_IS1008c_D.foa.86"/>
    <foa endtime="314.6" starttime="306.2" type="place" place="slide-screen" nite:id="IDIAP_IS1008c_D.foa.87"/>
    <foa endtime="317.28" starttime="314.6" type="person" role="ID" nxt_agent="C" nite:id="IDIAP_IS1008c_D.foa.88"/>
    <foa endtime="333.2" starttime="317.28" type="place" place="slide-screen" nite:id="IDIAP_IS1008c_D.foa.89"/>
    <foa endtime="333.92" starttime="333.2" type="person" role="PM" nxt_agent="A" nite:id="IDIAP_IS1008c_D.foa.90"/>
    <foa endtime="334.88" starttime="333.92" type="place" place="slide-screen" nite:id="IDIAP_IS1008c_D.foa.91"/>
    <foa endtime="336.4" starttime="334.88" type="person" role="ID" nxt_agent="C" nite:id="IDIAP_IS1008c_D.foa.92"/>
    <foa endtime="337.44" starttime="336.4" type="place" place="table" nite:id="IDIAP_IS1008c_D.foa.93"/>
    <foa endtime="338.16" starttime="337.44" type="person" role="ID" nxt_agent="C" nite:id="IDIAP_IS1008c_D.foa.94"/>
    <foa endtime="340.0" starttime="338.16" type="place" place="slide-screen" nite:id="IDIAP_IS1008c_D.foa.95"/>
    <foa endtime="348.44" starttime="340.0" type="person" role="ID" nxt_agent="C" nite:id="IDIAP_IS1008c_D.foa.96"/>
    <foa endtime="354.84" starttime="348.44" type="place" place="slide-screen" nite:id="IDIAP_IS1008c_D.foa.97"/>
    <foa endtime="357.2" starttime="354.84" type="person" role="ID" nxt_agent="C" nite:id="IDIAP_IS1008c_D.foa.98"/>
    <foa endtime="364.24" starttime="357.2" type="place" place="slide-screen" nite:id="IDIAP_IS1008c_D.foa.99"/>
    <foa endtime="366.52" starttime="364.24" type="person" role="ID" nxt_agent="C" nite:id="IDIAP_IS1008c_D.foa.100"/>
    <foa endtime="369.68" starttime="366.52" type="place" place="slide-screen" nite:id="IDIAP_IS1008c_D.foa.101"/>
    <foa endtime="371.88" starttime="369.68" type="person" role="ID" nxt_agent="C" nite:id="IDIAP_IS1008c_D.foa.102"/>
    <foa endtime="375.48" starttime="371.88" type="person" role="PM" nxt_agent="A" nite:id="IDIAP_IS1008c_D.foa.103"/>
    <foa endtime="380.56" starttime="375.48" type="person" role="ID" nxt_agent="C" nite:id="IDIAP_IS1008c_D.foa.104"/>
    <foa endtime="382.04" starttime="380.56" type="person" role="UI" nxt_agent="B" nite:id="IDIAP_IS1008c_D.foa.105"/>
    <foa endtime="387.52" starttime="382.04" type="place" place="slide-screen" nite:id="IDIAP_IS1008c_D.foa.106"/>
    <foa endtime="388.12" starttime="387.52" type="place" place="table" nite:id="IDIAP_IS1008c_D.foa.107"/>
    <foa endtime="388.96" starttime="388.12" type="person" role="ID" nxt_agent="C" nite:id="IDIAP_IS1008c_D.foa.108"/>
    <foa endtime="398.16" starttime="388.96" type="place" place="slide-screen" nite:id="IDIAP_IS1008c_D.foa.109"/>
    <foa endtime="408.52" starttime="398.16" type="person" role="ID" nxt_agent="C" nite:id="IDIAP_IS1008c_D.foa.110"/>
    <foa endtime="410.04" starttime="408.52" type="place" place="slide-screen" nite:id="IDIAP_IS1008c_D.foa.111"/>
    <foa endtime="410.44" starttime="410.04" type="person" role="PM" nxt_agent="A" nite:id="IDIAP_IS1008c_D.foa.112"/>
    <foa endtime="415.84" starttime="410.44" type="person" role="ID" nxt_agent="C" nite:id="IDIAP_IS1008c_D.foa.113"/>
    <foa endtime="416.68" starttime="415.84" type="place" place="slide-screen" nite:id="IDIAP_IS1008c_D.foa.114"/>
    <foa endtime="418.6" starttime="416.68" type="person" role="PM" nxt_agent="A" nite:id="IDIAP_IS1008c_D.foa.115"/>
    <foa endtime="419.92" starttime="418.6" type="place" place="slide-screen" nite:id="IDIAP_IS1008c_D.foa.116"/>
    <foa endtime="420.28" starttime="419.92" type="unspecified" nite:id="IDIAP_IS1008c_D.foa.117"/>
    <foa endtime="420.64" starttime="420.28" type="person" role="ID" nxt_agent="C" nite:id="IDIAP_IS1008c_D.foa.118"/>
    <foa endtime="422.08" starttime="420.64" type="person" role="PM" nxt_agent="A" nite:id="IDIAP_IS1008c_D.foa.119"/>
    <foa endtime="423.16" starttime="422.08" type="place" place="slide-screen" nite:id="IDIAP_IS1008c_D.foa.120"/>
    <foa endtime="423.88" starttime="423.16" type="unspecified" nite:id="IDIAP_IS1008c_D.foa.121"/>
    <foa endtime="424.96" starttime="423.88" type="person" role="PM" nxt_agent="A" nite:id="IDIAP_IS1008c_D.foa.122"/>
    <foa endtime="427.0" starttime="424.96" type="place" place="slide-screen" nite:id="IDIAP_IS1008c_D.foa.123"/>
    <foa endtime="428.32" starttime="427.0" type="person" role="PM" nxt_agent="A" nite:id="IDIAP_IS1008c_D.foa.124"/>
    <foa endtime="434.0" starttime="428.32" type="place" place="slide-screen" nite:id="IDIAP_IS1008c_D.foa.125"/>
    <foa endtime="437.04" starttime="434.0" type="person" role="ID" nxt_agent="C" nite:id="IDIAP_IS1008c_D.foa.126"/>
    <foa endtime="440.52" starttime="437.04" type="place" place="table" nite:id="IDIAP_IS1008c_D.foa.127"/>
    <foa endtime="442.48" starttime="440.52" type="person" role="PM" nxt_agent="A" nite:id="IDIAP_IS1008c_D.foa.128"/>
    <foa endtime="445.92" starttime="442.48" type="place" place="slide-screen" nite:id="IDIAP_IS1008c_D.foa.129"/>
    <foa endtime="452.4" starttime="445.92" type="person" role="PM" nxt_agent="A" nite:id="IDIAP_IS1008c_D.foa.130"/>
    <foa endtime="455.76" starttime="452.4" type="person" role="ID" nxt_agent="C" nite:id="IDIAP_IS1008c_D.foa.131"/>
    <foa endtime="459.28" starttime="455.76" type="person" role="PM" nxt_agent="A" nite:id="IDIAP_IS1008c_D.foa.132"/>
    <foa endtime="461.32" starttime="459.28" type="person" role="ID" nxt_agent="C" nite:id="IDIAP_IS1008c_D.foa.133"/>
    <foa endtime="462.0" starttime="461.32" type="person" role="PM" nxt_agent="A" nite:id="IDIAP_IS1008c_D.foa.134"/>
    <foa endtime="464.52" starttime="462.0" type="place" place="slide-screen" nite:id="IDIAP_IS1008c_D.foa.135"/>
    <foa endtime="470.52" starttime="464.52" type="person" role="ID" nxt_agent="C" nite:id="IDIAP_IS1008c_D.foa.136"/>
    <foa endtime="471.36" starttime="470.52" type="person" role="PM" nxt_agent="A" nite:id="IDIAP_IS1008c_D.foa.137"/>
    <foa endtime="477.32" starttime="471.36" type="person" role="ID" nxt_agent="C" nite:id="IDIAP_IS1008c_D.foa.138"/>
    <foa endtime="479.72" starttime="477.32" type="place" place="table" nite:id="IDIAP_IS1008c_D.foa.139"/>
    <foa endtime="482.56" starttime="479.72" type="person" role="ID" nxt_agent="C" nite:id="IDIAP_IS1008c_D.foa.140"/>
    <foa endtime="483.44" starttime="482.56" type="person" role="PM" nxt_agent="A" nite:id="IDIAP_IS1008c_D.foa.141"/>
    <foa endtime="484.88" starttime="483.44" type="person" role="UI" nxt_agent="B" nite:id="IDIAP_IS1008c_D.foa.142"/>
    <foa endtime="486.28" starttime="484.88" type="place" place="table" nite:id="IDIAP_IS1008c_D.foa.143"/>
    <foa endtime="487.28" starttime="486.28" type="person" role="ID" nxt_agent="C" nite:id="IDIAP_IS1008c_D.foa.144"/>
    <foa endtime="488.72" starttime="487.28" type="person" role="UI" nxt_agent="B" nite:id="IDIAP_IS1008c_D.foa.145"/>
    <foa endtime="491.72" starttime="488.72" type="person" role="ID" nxt_agent="C" nite:id="IDIAP_IS1008c_D.foa.146"/>
    <foa endtime="491.96" starttime="491.72" type="person" role="PM" nxt_agent="A" nite:id="IDIAP_IS1008c_D.foa.147"/>
    <foa endtime="493.4" starttime="491.96" type="place" place="slide-screen" nite:id="IDIAP_IS1008c_D.foa.148"/>
    <foa endtime="495.56" starttime="493.4" type="person" role="ID" nxt_agent="C" nite:id="IDIAP_IS1008c_D.foa.149"/>
    <foa endtime="497.12" starttime="495.56" type="person" role="UI" nxt_agent="B" nite:id="IDIAP_IS1008c_D.foa.150"/>
    <foa endtime="497.72" starttime="497.12" type="person" role="PM" nxt_agent="A" nite:id="IDIAP_IS1008c_D.foa.151"/>
    <foa endtime="498.56" starttime="497.72" type="place" place="slide-screen" nite:id="IDIAP_IS1008c_D.foa.152"/>
    <foa endtime="500.12" starttime="498.56" type="person" role="UI" nxt_agent="B" nite:id="IDIAP_IS1008c_D.foa.153"/>
    <foa endtime="501.32" starttime="500.12" type="place" place="slide-screen" nite:id="IDIAP_IS1008c_D.foa.154"/>
    <foa endtime="501.88" starttime="501.32" type="person" role="UI" nxt_agent="B" nite:id="IDIAP_IS1008c_D.foa.155"/>
    <foa endtime="502.36" starttime="501.88" type="person" role="ID" nxt_agent="C" nite:id="IDIAP_IS1008c_D.foa.156"/>
    <foa endtime="503.76" starttime="502.36" type="place" place="table" nite:id="IDIAP_IS1008c_D.foa.157"/>
    <foa endtime="505.8" starttime="503.76" type="person" role="ID" nxt_agent="C" nite:id="IDIAP_IS1008c_D.foa.158"/>
    <foa endtime="506.52" starttime="505.8" type="place" place="table" nite:id="IDIAP_IS1008c_D.foa.159"/>
    <foa endtime="509.28" starttime="506.52" type="person" role="PM" nxt_agent="A" nite:id="IDIAP_IS1008c_D.foa.160"/>
    <foa endtime="512.24" starttime="509.28" type="person" role="ID" nxt_agent="C" nite:id="IDIAP_IS1008c_D.foa.161"/>
    <foa endtime="513.04" starttime="512.24" type="place" place="slide-screen" nite:id="IDIAP_IS1008c_D.foa.162"/>
    <foa endtime="515.92" starttime="513.04" type="person" role="ID" nxt_agent="C" nite:id="IDIAP_IS1008c_D.foa.163"/>
    <foa endtime="517.6" starttime="515.92" type="person" role="UI" nxt_agent="B" nite:id="IDIAP_IS1008c_D.foa.164"/>
    <foa endtime="519.28" starttime="517.6" type="place" place="slide-screen" nite:id="IDIAP_IS1008c_D.foa.165"/>
    <foa endtime="522.16" starttime="519.28" type="person" role="UI" nxt_agent="B" nite:id="IDIAP_IS1008c_D.foa.166"/>
    <foa endtime="526.68" starttime="522.16" type="person" role="ID" nxt_agent="C" nite:id="IDIAP_IS1008c_D.foa.167"/>
    <foa endtime="527.52" starttime="526.68" type="person" role="PM" nxt_agent="A" nite:id="IDIAP_IS1008c_D.foa.168"/>
    <foa endtime="534.64" starttime="527.52" type="person" role="ID" nxt_agent="C" nite:id="IDIAP_IS1008c_D.foa.169"/>
    <foa endtime="535.12" starttime="534.64" type="person" role="PM" nxt_agent="A" nite:id="IDIAP_IS1008c_D.foa.170"/>
    <foa endtime="540.36" starttime="535.12" type="place" place="slide-screen" nite:id="IDIAP_IS1008c_D.foa.171"/>
    <foa endtime="543.68" starttime="540.36" type="person" role="ID" nxt_agent="C" nite:id="IDIAP_IS1008c_D.foa.172"/>
    <foa endtime="545.72" starttime="543.68" type="person" role="UI" nxt_agent="B" nite:id="IDIAP_IS1008c_D.foa.173"/>
    <foa endtime="546.4" starttime="545.72" type="person" role="PM" nxt_agent="A" nite:id="IDIAP_IS1008c_D.foa.174"/>
    <foa endtime="548.96" starttime="546.4" type="person" role="ID" nxt_agent="C" nite:id="IDIAP_IS1008c_D.foa.175"/>
    <foa endtime="551.24" starttime="548.96" type="place" place="table" nite:id="IDIAP_IS1008c_D.foa.176"/>
    <foa endtime="552.68" starttime="551.24" type="person" role="PM" nxt_agent="A" nite:id="IDIAP_IS1008c_D.foa.177"/>
    <foa endtime="553.16" starttime="552.68" type="place" place="table" nite:id="IDIAP_IS1008c_D.foa.178"/>
    <foa endtime="554.76" starttime="553.16" type="person" role="ID" nxt_agent="C" nite:id="IDIAP_IS1008c_D.foa.179"/>
    <foa endtime="555.4" starttime="554.76" type="person" role="PM" nxt_agent="A" nite:id="IDIAP_IS1008c_D.foa.180"/>
    <foa endtime="556.64" starttime="555.4" type="place" place="slide-screen" nite:id="IDIAP_IS1008c_D.foa.181"/>
    <foa endtime="557.8" starttime="556.64" type="person" role="PM" nxt_agent="A" nite:id="IDIAP_IS1008c_D.foa.182"/>
    <foa endtime="558.16" starttime="557.8" type="place" place="slide-screen" nite:id="IDIAP_IS1008c_D.foa.183"/>
    <foa endtime="562.96" starttime="558.16" type="person" role="UI" nxt_agent="B" nite:id="IDIAP_IS1008c_D.foa.184"/>
    <foa endtime="563.56" starttime="562.96" type="person" role="ID" nxt_agent="C" nite:id="IDIAP_IS1008c_D.foa.185"/>
    <foa endtime="564.28" starttime="563.56" type="place" place="table" nite:id="IDIAP_IS1008c_D.foa.186"/>
    <foa endtime="565.8" starttime="564.28" type="person" role="ID" nxt_agent="C" nite:id="IDIAP_IS1008c_D.foa.187"/>
    <foa endtime="566.56" starttime="565.8" type="place" place="table" nite:id="IDIAP_IS1008c_D.foa.188"/>
    <foa endtime="569.64" starttime="566.56" type="person" role="ID" nxt_agent="C" nite:id="IDIAP_IS1008c_D.foa.189"/>
    <foa endtime="570.36" starttime="569.64" type="place" place="table" nite:id="IDIAP_IS1008c_D.foa.190"/>
    <foa endtime="571.56" starttime="570.36" type="person" role="ID" nxt_agent="C" nite:id="IDIAP_IS1008c_D.foa.191"/>
    <foa endtime="573.28" starttime="571.56" type="place" place="table" nite:id="IDIAP_IS1008c_D.foa.192"/>
    <foa endtime="573.84" starttime="573.28" type="person" role="ID" nxt_agent="C" nite:id="IDIAP_IS1008c_D.foa.193"/>
    <foa endtime="577.32" starttime="573.84" type="place" place="table" nite:id="IDIAP_IS1008c_D.foa.194"/>
    <foa endtime="577.96" starttime="577.32" type="person" role="ID" nxt_agent="C" nite:id="IDIAP_IS1008c_D.foa.195"/>
    <foa endtime="578.52" starttime="577.96" type="place" place="slide-screen" nite:id="IDIAP_IS1008c_D.foa.196"/>
    <foa endtime="580.68" starttime="578.52" type="person" role="UI" nxt_agent="B" nite:id="IDIAP_IS1008c_D.foa.197"/>
    <foa endtime="581.4" starttime="580.68" type="place" place="slide-screen" nite:id="IDIAP_IS1008c_D.foa.198"/>
    <foa endtime="582.68" starttime="581.4" type="person" role="PM" nxt_agent="A" nite:id="IDIAP_IS1008c_D.foa.199"/>
    <foa endtime="592.44" starttime="582.68" type="person" role="UI" nxt_agent="B" nite:id="IDIAP_IS1008c_D.foa.200"/>
    <foa endtime="593.12" starttime="592.44" type="place" place="table" nite:id="IDIAP_IS1008c_D.foa.201"/>
    <foa endtime="595.76" starttime="593.12" type="person" role="ID" nxt_agent="C" nite:id="IDIAP_IS1008c_D.foa.202"/>
    <foa endtime="600.12" starttime="595.76" type="place" place="table" nite:id="IDIAP_IS1008c_D.foa.203"/>
    <foa endtime="600.84" starttime="600.12" type="person" role="PM" nxt_agent="A" nite:id="IDIAP_IS1008c_D.foa.204"/>
    <foa endtime="601.32" starttime="600.84" type="place" place="slide-screen" nite:id="IDIAP_IS1008c_D.foa.205"/>
    <foa endtime="603.44" starttime="601.32" type="person" role="UI" nxt_agent="B" nite:id="IDIAP_IS1008c_D.foa.206"/>
    <foa endtime="604.2" starttime="603.44" type="person" role="ID" nxt_agent="C" nite:id="IDIAP_IS1008c_D.foa.207"/>
    <foa endtime="604.92" starttime="604.2" type="unspecified" nite:id="IDIAP_IS1008c_D.foa.208"/>
    <foa endtime="609.48" starttime="604.92" type="person" role="ID" nxt_agent="C" nite:id="IDIAP_IS1008c_D.foa.209"/>
    <foa endtime="611.92" starttime="609.48" type="place" place="slide-screen" nite:id="IDIAP_IS1008c_D.foa.210"/>
    <foa endtime="613.36" starttime="611.92" type="person" role="ID" nxt_agent="C" nite:id="IDIAP_IS1008c_D.foa.211"/>
    <foa endtime="614.92" starttime="613.36" type="person" role="PM" nxt_agent="A" nite:id="IDIAP_IS1008c_D.foa.212"/>
    <foa endtime="616.2" starttime="614.92" type="place" place="slide-screen" nite:id="IDIAP_IS1008c_D.foa.213"/>
    <foa endtime="616.92" starttime="616.2" type="person" role="UI" nxt_agent="B" nite:id="IDIAP_IS1008c_D.foa.214"/>
    <foa endtime="618.12" starttime="616.92" type="place" place="slide-screen" nite:id="IDIAP_IS1008c_D.foa.215"/>
    <foa endtime="619.68" starttime="618.12" type="person" role="PM" nxt_agent="A" nite:id="IDIAP_IS1008c_D.foa.216"/>
    <foa endtime="620.16" starttime="619.68" type="person" role="UI" nxt_agent="B" nite:id="IDIAP_IS1008c_D.foa.217"/>
    <foa endtime="620.88" starttime="620.16" type="unspecified" nite:id="IDIAP_IS1008c_D.foa.218"/>
    <foa endtime="621.36" starttime="620.88" type="person" role="UI" nxt_agent="B" nite:id="IDIAP_IS1008c_D.foa.219"/>
    <foa endtime="622.72" starttime="621.36" type="unspecified" nite:id="IDIAP_IS1008c_D.foa.220"/>
    <foa endtime="624.04" starttime="622.72" type="unspecified" nite:id="IDIAP_IS1008c_D.foa.221"/>
    <foa endtime="624.52" starttime="624.04" type="person" role="ID" nxt_agent="C" nite:id="IDIAP_IS1008c_D.foa.222"/>
    <foa endtime="625.36" starttime="624.52" type="unspecified" nite:id="IDIAP_IS1008c_D.foa.223"/>
    <foa endtime="650.32" starttime="625.36" type="place" place="slide-screen" nite:id="IDIAP_IS1008c_D.foa.224"/>
    <foa endtime="651.4" starttime="650.32" type="person" role="UI" nxt_agent="B" nite:id="IDIAP_IS1008c_D.foa.225"/>
    <foa endtime="652.36" starttime="651.4" type="unspecified" nite:id="IDIAP_IS1008c_D.foa.226"/>
    <foa endtime="659.76" starttime="652.36" type="place" place="slide-screen" nite:id="IDIAP_IS1008c_D.foa.227"/>
    <foa endtime="661.2" starttime="659.76" type="person" role="UI" nxt_agent="B" nite:id="IDIAP_IS1008c_D.foa.228"/>
    <foa endtime="672.56" starttime="661.2" type="place" place="slide-screen" nite:id="IDIAP_IS1008c_D.foa.229"/>
    <foa endtime="674.0" starttime="672.56" type="person" role="UI" nxt_agent="B" nite:id="IDIAP_IS1008c_D.foa.230"/>
    <foa endtime="675.08" starttime="674.0" type="unspecified" nite:id="IDIAP_IS1008c_D.foa.231"/>
    <foa endtime="676.64" starttime="675.08" type="person" role="UI" nxt_agent="B" nite:id="IDIAP_IS1008c_D.foa.232"/>
    <foa endtime="681.8" starttime="676.64" type="place" place="slide-screen" nite:id="IDIAP_IS1008c_D.foa.233"/>
    <foa endtime="684.92" starttime="681.8" type="person" role="UI" nxt_agent="B" nite:id="IDIAP_IS1008c_D.foa.234"/>
    <foa endtime="686.24" starttime="684.92" type="unspecified" nite:id="IDIAP_IS1008c_D.foa.235"/>
    <foa endtime="689.0" starttime="686.24" type="person" role="UI" nxt_agent="B" nite:id="IDIAP_IS1008c_D.foa.236"/>
    <foa endtime="693.48" starttime="689.0" type="person" role="ID" nxt_agent="C" nite:id="IDIAP_IS1008c_D.foa.237"/>
    <foa endtime="695.16" starttime="693.48" type="person" role="UI" nxt_agent="B" nite:id="IDIAP_IS1008c_D.foa.238"/>
    <foa endtime="696.12" starttime="695.16" type="place" place="slide-screen" nite:id="IDIAP_IS1008c_D.foa.239"/>
    <foa endtime="696.72" starttime="696.12" type="person" role="PM" nxt_agent="A" nite:id="IDIAP_IS1008c_D.foa.240"/>
    <foa endtime="700.44" starttime="696.72" type="place" place="slide-screen" nite:id="IDIAP_IS1008c_D.foa.241"/>
    <foa endtime="702.36" starttime="700.44" type="person" role="UI" nxt_agent="B" nite:id="IDIAP_IS1008c_D.foa.242"/>
    <foa endtime="704.48" starttime="702.36" type="person" role="ID" nxt_agent="C" nite:id="IDIAP_IS1008c_D.foa.243"/>
    <foa endtime="711.44" starttime="704.48" type="person" role="UI" nxt_agent="B" nite:id="IDIAP_IS1008c_D.foa.244"/>
    <foa endtime="712.28" starttime="711.44" type="unspecified" nite:id="IDIAP_IS1008c_D.foa.245"/>
    <foa endtime="713.88" starttime="712.28" type="person" role="UI" nxt_agent="B" nite:id="IDIAP_IS1008c_D.foa.246"/>
    <foa endtime="716.84" starttime="713.88" type="place" place="slide-screen" nite:id="IDIAP_IS1008c_D.foa.247"/>
    <foa endtime="717.48" starttime="716.84" type="person" role="ID" nxt_agent="C" nite:id="IDIAP_IS1008c_D.foa.248"/>
    <foa endtime="717.88" starttime="717.48" type="place" place="table" nite:id="IDIAP_IS1008c_D.foa.249"/>
    <foa endtime="718.96" starttime="717.88" type="place" place="slide-screen" nite:id="IDIAP_IS1008c_D.foa.250"/>
    <foa endtime="721.0" starttime="718.96" type="person" role="UI" nxt_agent="B" nite:id="IDIAP_IS1008c_D.foa.251"/>
    <foa endtime="722.32" starttime="721.0" type="place" place="slide-screen" nite:id="IDIAP_IS1008c_D.foa.252"/>
    <foa endtime="726.16" starttime="722.32" type="person" role="UI" nxt_agent="B" nite:id="IDIAP_IS1008c_D.foa.253"/>
    <foa endtime="727.96" starttime="726.16" type="unspecified" nite:id="IDIAP_IS1008c_D.foa.254"/>
    <foa endtime="733.0" starttime="727.96" type="place" place="slide-screen" nite:id="IDIAP_IS1008c_D.foa.255"/>
    <foa endtime="734.44" starttime="733.0" type="person" role="UI" nxt_agent="B" nite:id="IDIAP_IS1008c_D.foa.256"/>
    <foa endtime="735.4" starttime="734.44" type="place" place="slide-screen" nite:id="IDIAP_IS1008c_D.foa.257"/>
    <foa endtime="736.36" starttime="735.4" type="person" role="UI" nxt_agent="B" nite:id="IDIAP_IS1008c_D.foa.258"/>
    <foa endtime="736.96" starttime="736.36" type="place" place="slide-screen" nite:id="IDIAP_IS1008c_D.foa.259"/>
    <foa endtime="738.84" starttime="736.96" type="unspecified" nite:id="IDIAP_IS1008c_D.foa.260"/>
    <foa endtime="740.16" starttime="738.84" type="place" place="table" nite:id="IDIAP_IS1008c_D.foa.261"/>
    <foa endtime="740.52" starttime="740.16" type="person" role="ID" nxt_agent="C" nite:id="IDIAP_IS1008c_D.foa.262"/>
    <foa endtime="742.84" starttime="740.52" type="place" place="table" nite:id="IDIAP_IS1008c_D.foa.263"/>
    <foa endtime="799.24" starttime="742.84" type="place" place="whiteboard" nite:id="IDIAP_IS1008c_D.foa.264"/>
    <foa endtime="800.56" starttime="799.24" type="person" role="ID" nxt_agent="C" nite:id="IDIAP_IS1008c_D.foa.265"/>
    <foa endtime="801.28" starttime="800.56" type="place" place="table" nite:id="IDIAP_IS1008c_D.foa.266"/>
    <foa endtime="801.56" starttime="801.28" type="person" role="ID" nxt_agent="C" nite:id="IDIAP_IS1008c_D.foa.267"/>
    <foa endtime="802.52" starttime="801.56" type="place" place="table" nite:id="IDIAP_IS1008c_D.foa.268"/>
    <foa endtime="803.28" starttime="802.52" type="unspecified" nite:id="IDIAP_IS1008c_D.foa.269"/>
    <foa endtime="804.24" starttime="803.28" type="place" place="whiteboard" nite:id="IDIAP_IS1008c_D.foa.270"/>
    <foa endtime="804.48" starttime="804.24" type="unspecified" nite:id="IDIAP_IS1008c_D.foa.271"/>
    <foa endtime="805.2" starttime="804.48" type="person" role="ID" nxt_agent="C" nite:id="IDIAP_IS1008c_D.foa.272"/>
    <foa endtime="826.76" starttime="805.2" type="place" place="whiteboard" nite:id="IDIAP_IS1008c_D.foa.273"/>
    <foa endtime="827.36" starttime="826.76" type="person" role="PM" nxt_agent="A" nite:id="IDIAP_IS1008c_D.foa.274"/>
    <foa endtime="828.68" starttime="827.36" type="place" place="table" nite:id="IDIAP_IS1008c_D.foa.275"/>
    <foa endtime="837.6" starttime="828.68" type="place" place="whiteboard" nite:id="IDIAP_IS1008c_D.foa.276"/>
    <foa endtime="840.6" starttime="837.6" type="person" role="ID" nxt_agent="C" nite:id="IDIAP_IS1008c_D.foa.277"/>
    <foa endtime="865.32" starttime="840.6" type="place" place="whiteboard" nite:id="IDIAP_IS1008c_D.foa.278"/>
    <foa endtime="867.32" starttime="865.32" type="person" role="ID" nxt_agent="C" nite:id="IDIAP_IS1008c_D.foa.279"/>
    <foa endtime="868.16" starttime="867.32" type="place" place="table" nite:id="IDIAP_IS1008c_D.foa.280"/>
    <foa endtime="868.52" starttime="868.16" type="person" role="ID" nxt_agent="C" nite:id="IDIAP_IS1008c_D.foa.281"/>
    <foa endtime="869.56" starttime="868.52" type="place" place="table" nite:id="IDIAP_IS1008c_D.foa.282"/>
    <foa endtime="870.28" starttime="869.56" type="person" role="PM" nxt_agent="A" nite:id="IDIAP_IS1008c_D.foa.283"/>
    <foa endtime="871.36" starttime="870.28" type="place" place="slide-screen" nite:id="IDIAP_IS1008c_D.foa.284"/>
    <foa endtime="872.44" starttime="871.36" type="person" role="UI" nxt_agent="B" nite:id="IDIAP_IS1008c_D.foa.285"/>
    <foa endtime="874.72" starttime="872.44" type="place" place="slide-screen" nite:id="IDIAP_IS1008c_D.foa.286"/>
    <foa endtime="875.44" starttime="874.72" type="place" place="whiteboard" nite:id="IDIAP_IS1008c_D.foa.287"/>
    <foa endtime="876.52" starttime="875.44" type="unspecified" nite:id="IDIAP_IS1008c_D.foa.288"/>
    <foa endtime="876.76" starttime="876.52" type="person" role="UI" nxt_agent="B" nite:id="IDIAP_IS1008c_D.foa.289"/>
    <foa endtime="879.76" starttime="876.76" type="place" place="whiteboard" nite:id="IDIAP_IS1008c_D.foa.290"/>
    <foa endtime="880.72" starttime="879.76" type="unspecified" nite:id="IDIAP_IS1008c_D.foa.291"/>
    <foa endtime="888.64" starttime="880.72" type="person" role="UI" nxt_agent="B" nite:id="IDIAP_IS1008c_D.foa.292"/>
    <foa endtime="890.2" starttime="888.64" type="place" place="whiteboard" nite:id="IDIAP_IS1008c_D.foa.293"/>
    <foa endtime="890.44" starttime="890.2" type="person" role="UI" nxt_agent="B" nite:id="IDIAP_IS1008c_D.foa.294"/>
    <foa endtime="891.88" starttime="890.44" type="unspecified" nite:id="IDIAP_IS1008c_D.foa.295"/>
    <foa endtime="893.8" starttime="891.88" type="person" role="UI" nxt_agent="B" nite:id="IDIAP_IS1008c_D.foa.296"/>
    <foa endtime="894.48" starttime="893.8" type="unspecified" nite:id="IDIAP_IS1008c_D.foa.297"/>
    <foa endtime="895.8" starttime="894.48" type="person" role="ID" nxt_agent="C" nite:id="IDIAP_IS1008c_D.foa.298"/>
    <foa endtime="901.0" starttime="895.8" type="place" place="table" nite:id="IDIAP_IS1008c_D.foa.299"/>
    <foa endtime="901.6" starttime="901.0" type="place" place="whiteboard" nite:id="IDIAP_IS1008c_D.foa.300"/>
    <foa endtime="902.92" starttime="901.6" type="person" role="UI" nxt_agent="B" nite:id="IDIAP_IS1008c_D.foa.301"/>
    <foa endtime="908.12" starttime="902.92" type="person" role="PM" nxt_agent="A" nite:id="IDIAP_IS1008c_D.foa.302"/>
    <foa endtime="909.8" starttime="908.12" type="place" place="whiteboard" nite:id="IDIAP_IS1008c_D.foa.303"/>
    <foa endtime="910.96" starttime="909.8" type="unspecified" nite:id="IDIAP_IS1008c_D.foa.304"/>
    <foa endtime="914.68" starttime="910.96" type="person" role="PM" nxt_agent="A" nite:id="IDIAP_IS1008c_D.foa.305"/>
    <foa endtime="915.76" starttime="914.68" type="person" role="ID" nxt_agent="C" nite:id="IDIAP_IS1008c_D.foa.306"/>
    <foa endtime="916.64" starttime="915.76" type="unspecified" nite:id="IDIAP_IS1008c_D.foa.307"/>
    <foa endtime="918.2" starttime="916.64" type="person" role="UI" nxt_agent="B" nite:id="IDIAP_IS1008c_D.foa.308"/>
    <foa endtime="918.56" starttime="918.2" type="person" role="ID" nxt_agent="C" nite:id="IDIAP_IS1008c_D.foa.309"/>
    <foa endtime="919.44" starttime="918.56" type="place" place="table" nite:id="IDIAP_IS1008c_D.foa.310"/>
    <foa endtime="920.96" starttime="919.44" type="place" place="slide-screen" nite:id="IDIAP_IS1008c_D.foa.311"/>
    <foa endtime="923.36" starttime="920.96" type="person" role="PM" nxt_agent="A" nite:id="IDIAP_IS1008c_D.foa.312"/>
    <foa endtime="926.36" starttime="923.36" type="place" place="slide-screen" nite:id="IDIAP_IS1008c_D.foa.313"/>
    <foa endtime="927.76" starttime="926.36" type="person" role="PM" nxt_agent="A" nite:id="IDIAP_IS1008c_D.foa.314"/>
    <foa endtime="928.36" starttime="927.76" type="place" place="slide-screen" nite:id="IDIAP_IS1008c_D.foa.315"/>
    <foa endtime="929.36" starttime="928.36" type="person" role="PM" nxt_agent="A" nite:id="IDIAP_IS1008c_D.foa.316"/>
    <foa endtime="929.84" starttime="929.36" type="place" place="table" nite:id="IDIAP_IS1008c_D.foa.317"/>
    <foa endtime="930.92" starttime="929.84" type="unspecified" nite:id="IDIAP_IS1008c_D.foa.318"/>
    <foa endtime="931.4" starttime="930.92" type="person" role="PM" nxt_agent="A" nite:id="IDIAP_IS1008c_D.foa.319"/>
    <foa endtime="963.52" starttime="931.4" type="place" place="slide-screen" nite:id="IDIAP_IS1008c_D.foa.320"/>
    <foa endtime="964.32" starttime="963.52" type="person" role="PM" nxt_agent="A" nite:id="IDIAP_IS1008c_D.foa.321"/>
    <foa endtime="965.76" starttime="964.32" type="place" place="slide-screen" nite:id="IDIAP_IS1008c_D.foa.322"/>
    <foa endtime="966.36" starttime="965.76" type="person" role="UI" nxt_agent="B" nite:id="IDIAP_IS1008c_D.foa.323"/>
    <foa endtime="966.76" starttime="966.36" type="person" role="ID" nxt_agent="C" nite:id="IDIAP_IS1008c_D.foa.324"/>
    <foa endtime="968.72" starttime="966.76" type="person" role="PM" nxt_agent="A" nite:id="IDIAP_IS1008c_D.foa.325"/>
    <foa endtime="969.28" starttime="968.72" type="unspecified" nite:id="IDIAP_IS1008c_D.foa.326"/>
    <foa endtime="971.2" starttime="969.28" type="place" place="slide-screen" nite:id="IDIAP_IS1008c_D.foa.327"/>
    <foa endtime="972.64" starttime="971.2" type="person" role="ID" nxt_agent="C" nite:id="IDIAP_IS1008c_D.foa.328"/>
    <foa endtime="975.64" starttime="972.64" type="person" role="PM" nxt_agent="A" nite:id="IDIAP_IS1008c_D.foa.329"/>
    <foa endtime="981.0" starttime="975.64" type="place" place="slide-screen" nite:id="IDIAP_IS1008c_D.foa.330"/>
    <foa endtime="982.08" starttime="981.0" type="unspecified" nite:id="IDIAP_IS1008c_D.foa.331"/>
    <foa endtime="995.88" starttime="982.08" type="place" place="slide-screen" nite:id="IDIAP_IS1008c_D.foa.332"/>
    <foa endtime="996.84" starttime="995.88" type="person" role="ID" nxt_agent="C" nite:id="IDIAP_IS1008c_D.foa.333"/>
    <foa endtime="997.48" starttime="996.84" type="place" place="whiteboard" nite:id="IDIAP_IS1008c_D.foa.334"/>
    <foa endtime="997.92" starttime="997.48" type="person" role="ID" nxt_agent="C" nite:id="IDIAP_IS1008c_D.foa.335"/>
    <foa endtime="998.4" starttime="997.92" type="person" role="PM" nxt_agent="A" nite:id="IDIAP_IS1008c_D.foa.336"/>
    <foa endtime="998.76" starttime="998.4" type="place" place="table" nite:id="IDIAP_IS1008c_D.foa.337"/>
    <foa endtime="999.12" starttime="998.76" type="person" role="PM" nxt_agent="A" nite:id="IDIAP_IS1008c_D.foa.338"/>
    <foa endtime="1001.8" starttime="999.12" type="place" place="slide-screen" nite:id="IDIAP_IS1008c_D.foa.339"/>
    <foa endtime="1004.8" starttime="1001.8" type="person" role="PM" nxt_agent="A" nite:id="IDIAP_IS1008c_D.foa.340"/>
    <foa endtime="1006.04" starttime="1004.8" type="place" place="slide-screen" nite:id="IDIAP_IS1008c_D.foa.341"/>
    <foa endtime="1008.72" starttime="1006.04" type="person" role="ID" nxt_agent="C" nite:id="IDIAP_IS1008c_D.foa.342"/>
    <foa endtime="1010.92" starttime="1008.72" type="place" place="slide-screen" nite:id="IDIAP_IS1008c_D.foa.343"/>
    <foa endtime="1011.64" starttime="1010.92" type="place" place="whiteboard" nite:id="IDIAP_IS1008c_D.foa.344"/>
    <foa endtime="1012.72" starttime="1011.64" type="place" place="slide-screen" nite:id="IDIAP_IS1008c_D.foa.345"/>
    <foa endtime="1017.4" starttime="1012.72" type="place" place="whiteboard" nite:id="IDIAP_IS1008c_D.foa.346"/>
    <foa endtime="1023.64" starttime="1017.4" type="place" place="slide-screen" nite:id="IDIAP_IS1008c_D.foa.347"/>
    <foa endtime="1025.6" starttime="1023.64" type="person" role="PM" nxt_agent="A" nite:id="IDIAP_IS1008c_D.foa.348"/>
    <foa endtime="1027.4" starttime="1025.6" type="unspecified" nite:id="IDIAP_IS1008c_D.foa.349"/>
    <foa endtime="1029.96" starttime="1027.4" type="place" place="slide-screen" nite:id="IDIAP_IS1008c_D.foa.350"/>
    <foa endtime="1030.56" starttime="1029.96" type="person" role="ID" nxt_agent="C" nite:id="IDIAP_IS1008c_D.foa.351"/>
    <foa endtime="1031.92" starttime="1030.56" type="person" role="PM" nxt_agent="A" nite:id="IDIAP_IS1008c_D.foa.352"/>
    <foa endtime="1050.28" starttime="1031.92" type="place" place="slide-screen" nite:id="IDIAP_IS1008c_D.foa.353"/>
    <foa endtime="1052.4" starttime="1050.28" type="person" role="ID" nxt_agent="C" nite:id="IDIAP_IS1008c_D.foa.354"/>
    <foa endtime="1053.36" starttime="1052.4" type="place" place="whiteboard" nite:id="IDIAP_IS1008c_D.foa.355"/>
    <foa endtime="1054.8" starttime="1053.36" type="person" role="ID" nxt_agent="C" nite:id="IDIAP_IS1008c_D.foa.356"/>
    <foa endtime="1056.72" starttime="1054.8" type="place" place="whiteboard" nite:id="IDIAP_IS1008c_D.foa.357"/>
    <foa endtime="1058.8" starttime="1056.72" type="person" role="ID" nxt_agent="C" nite:id="IDIAP_IS1008c_D.foa.358"/>
    <foa endtime="1060.72" starttime="1058.8" type="person" role="UI" nxt_agent="B" nite:id="IDIAP_IS1008c_D.foa.359"/>
    <foa endtime="1063.48" starttime="1060.72" type="place" place="slide-screen" nite:id="IDIAP_IS1008c_D.foa.360"/>
    <foa endtime="1064.24" starttime="1063.48" type="person" role="ID" nxt_agent="C" nite:id="IDIAP_IS1008c_D.foa.361"/>
    <foa endtime="1064.88" starttime="1064.24" type="person" role="UI" nxt_agent="B" nite:id="IDIAP_IS1008c_D.foa.362"/>
    <foa endtime="1070.16" starttime="1064.88" type="person" role="ID" nxt_agent="C" nite:id="IDIAP_IS1008c_D.foa.363"/>
    <foa endtime="1075.16" starttime="1070.16" type="place" place="slide-screen" nite:id="IDIAP_IS1008c_D.foa.364"/>
    <foa endtime="1076.08" starttime="1075.16" type="person" role="UI" nxt_agent="B" nite:id="IDIAP_IS1008c_D.foa.365"/>
    <foa endtime="1086.52" starttime="1076.08" type="place" place="slide-screen" nite:id="IDIAP_IS1008c_D.foa.366"/>
    <foa endtime="1087.0" starttime="1086.52" type="person" role="UI" nxt_agent="B" nite:id="IDIAP_IS1008c_D.foa.367"/>
    <foa endtime="1088.44" starttime="1087.0" type="place" place="whiteboard" nite:id="IDIAP_IS1008c_D.foa.368"/>
    <foa endtime="1092.24" starttime="1088.44" type="person" role="ID" nxt_agent="C" nite:id="IDIAP_IS1008c_D.foa.369"/>
    <foa endtime="1092.4" starttime="1092.24" type="person" role="PM" nxt_agent="A" nite:id="IDIAP_IS1008c_D.foa.370"/>
    <foa endtime="1098.36" starttime="1092.4" type="place" place="slide-screen" nite:id="IDIAP_IS1008c_D.foa.371"/>
    <foa endtime="1100.88" starttime="1098.36" type="person" role="PM" nxt_agent="A" nite:id="IDIAP_IS1008c_D.foa.372"/>
    <foa endtime="1103.2" starttime="1100.88" type="person" role="ID" nxt_agent="C" nite:id="IDIAP_IS1008c_D.foa.373"/>
    <foa endtime="1103.68" starttime="1103.2" type="unspecified" nite:id="IDIAP_IS1008c_D.foa.374"/>
    <foa endtime="1116.64" starttime="1103.68" type="person" role="ID" nxt_agent="C" nite:id="IDIAP_IS1008c_D.foa.375"/>
    <foa endtime="1117.2" starttime="1116.64" type="person" role="UI" nxt_agent="B" nite:id="IDIAP_IS1008c_D.foa.376"/>
    <foa endtime="1127.64" starttime="1117.2" type="person" role="ID" nxt_agent="C" nite:id="IDIAP_IS1008c_D.foa.377"/>
    <foa endtime="1128.6" starttime="1127.64" type="person" role="PM" nxt_agent="A" nite:id="IDIAP_IS1008c_D.foa.378"/>
    <foa endtime="1130.56" starttime="1128.6" type="person" role="ID" nxt_agent="C" nite:id="IDIAP_IS1008c_D.foa.379"/>
    <foa endtime="1131.84" starttime="1130.56" type="person" role="UI" nxt_agent="B" nite:id="IDIAP_IS1008c_D.foa.380"/>
    <foa endtime="1134.12" starttime="1131.84" type="person" role="ID" nxt_agent="C" nite:id="IDIAP_IS1008c_D.foa.381"/>
    <foa endtime="1135.2" starttime="1134.12" type="person" role="UI" nxt_agent="B" nite:id="IDIAP_IS1008c_D.foa.382"/>
    <foa endtime="1136.16" starttime="1135.2" type="person" role="ID" nxt_agent="C" nite:id="IDIAP_IS1008c_D.foa.383"/>
    <foa endtime="1136.8" starttime="1136.16" type="person" role="PM" nxt_agent="A" nite:id="IDIAP_IS1008c_D.foa.384"/>
    <foa endtime="1137.04" starttime="1136.8" type="place" place="slide-screen" nite:id="IDIAP_IS1008c_D.foa.385"/>
    <foa endtime="1140.28" starttime="1137.04" type="person" role="UI" nxt_agent="B" nite:id="IDIAP_IS1008c_D.foa.386"/>
    <foa endtime="1141.24" starttime="1140.28" type="place" place="slide-screen" nite:id="IDIAP_IS1008c_D.foa.387"/>
    <foa endtime="1142.92" starttime="1141.24" type="person" role="ID" nxt_agent="C" nite:id="IDIAP_IS1008c_D.foa.388"/>
    <foa endtime="1144.72" starttime="1142.92" type="person" role="UI" nxt_agent="B" nite:id="IDIAP_IS1008c_D.foa.389"/>
    <foa endtime="1148.48" starttime="1144.72" type="person" role="ID" nxt_agent="C" nite:id="IDIAP_IS1008c_D.foa.390"/>
    <foa endtime="1148.84" starttime="1148.48" type="unspecified" nite:id="IDIAP_IS1008c_D.foa.391"/>
    <foa endtime="1149.32" starttime="1148.84" type="person" role="PM" nxt_agent="A" nite:id="IDIAP_IS1008c_D.foa.392"/>
    <foa endtime="1151.92" starttime="1149.32" type="place" place="slide-screen" nite:id="IDIAP_IS1008c_D.foa.393"/>
    <foa endtime="1153.72" starttime="1151.92" type="place" place="whiteboard" nite:id="IDIAP_IS1008c_D.foa.394"/>
    <foa endtime="1155.16" starttime="1153.72" type="place" place="slide-screen" nite:id="IDIAP_IS1008c_D.foa.395"/>
    <foa endtime="1155.44" starttime="1155.16" type="person" role="PM" nxt_agent="A" nite:id="IDIAP_IS1008c_D.foa.396"/>
    <foa endtime="1156.96" starttime="1155.44" type="person" role="ID" nxt_agent="C" nite:id="IDIAP_IS1008c_D.foa.397"/>
    <foa endtime="1157.92" starttime="1156.96" type="person" role="PM" nxt_agent="A" nite:id="IDIAP_IS1008c_D.foa.398"/>
    <foa endtime="1158.44" starttime="1157.92" type="place" place="table" nite:id="IDIAP_IS1008c_D.foa.399"/>
    <foa endtime="1159.88" starttime="1158.44" type="place" place="slide-screen" nite:id="IDIAP_IS1008c_D.foa.400"/>
    <foa endtime="1162.4" starttime="1159.88" type="person" role="UI" nxt_agent="B" nite:id="IDIAP_IS1008c_D.foa.401"/>
    <foa endtime="1165.52" starttime="1162.4" type="place" place="slide-screen" nite:id="IDIAP_IS1008c_D.foa.402"/>
    <foa endtime="1169.84" starttime="1165.52" type="person" role="ID" nxt_agent="C" nite:id="IDIAP_IS1008c_D.foa.403"/>
    <foa endtime="1171.12" starttime="1169.84" type="person" role="UI" nxt_agent="B" nite:id="IDIAP_IS1008c_D.foa.404"/>
    <foa endtime="1172.72" starttime="1171.12" type="person" role="ID" nxt_agent="C" nite:id="IDIAP_IS1008c_D.foa.405"/>
    <foa endtime="1174.64" starttime="1172.72" type="place" place="slide-screen" nite:id="IDIAP_IS1008c_D.foa.406"/>
    <foa endtime="1175.72" starttime="1174.64" type="person" role="UI" nxt_agent="B" nite:id="IDIAP_IS1008c_D.foa.407"/>
    <foa endtime="1176.76" starttime="1175.72" type="place" place="slide-screen" nite:id="IDIAP_IS1008c_D.foa.408"/>
    <foa endtime="1178.6" starttime="1176.76" type="person" role="PM" nxt_agent="A" nite:id="IDIAP_IS1008c_D.foa.409"/>
    <foa endtime="1182.48" starttime="1178.6" type="place" place="slide-screen" nite:id="IDIAP_IS1008c_D.foa.410"/>
    <foa endtime="1183.0" starttime="1182.48" type="place" place="table" nite:id="IDIAP_IS1008c_D.foa.411"/>
    <foa endtime="1184.72" starttime="1183.0" type="person" role="PM" nxt_agent="A" nite:id="IDIAP_IS1008c_D.foa.412"/>
    <foa endtime="1186.28" starttime="1184.72" type="person" role="UI" nxt_agent="B" nite:id="IDIAP_IS1008c_D.foa.413"/>
    <foa endtime="1189.0" starttime="1186.28" type="person" role="ID" nxt_agent="C" nite:id="IDIAP_IS1008c_D.foa.414"/>
    <foa endtime="1189.64" starttime="1189.0" type="place" place="table" nite:id="IDIAP_IS1008c_D.foa.415"/>
    <foa endtime="1209.189" starttime="1189.64" type="person" role="ID" nxt_agent="C" nite:id="IDIAP_IS1008c_D.foa.416"/>
    <foa endtime="1210.28" starttime="1209.189" type="person" role="PM" nxt_agent="A" nite:id="IDIAP_IS1008c_D.foa.417"/>
    <foa endtime="1211.469" starttime="1210.28" type="place" place="table" nite:id="IDIAP_IS1008c_D.foa.418"/>
    <foa endtime="1215.6" starttime="1211.469" type="person" role="ID" nxt_agent="C" nite:id="IDIAP_IS1008c_D.foa.419"/>
    <foa endtime="1216.52" starttime="1215.6" type="person" role="PM" nxt_agent="A" nite:id="IDIAP_IS1008c_D.foa.420"/>
    <foa endtime="1216.68" starttime="1216.52" type="place" place="slide-screen" nite:id="IDIAP_IS1008c_D.foa.421"/>
    <foa endtime="1218.12" starttime="1216.68" type="person" role="UI" nxt_agent="B" nite:id="IDIAP_IS1008c_D.foa.422"/>
    <foa endtime="1219.0" starttime="1218.12" type="person" role="PM" nxt_agent="A" nite:id="IDIAP_IS1008c_D.foa.423"/>
    <foa endtime="1223.84" starttime="1219.0" type="person" role="ID" nxt_agent="C" nite:id="IDIAP_IS1008c_D.foa.424"/>
    <foa endtime="1230.68" starttime="1223.84" type="person" role="PM" nxt_agent="A" nite:id="IDIAP_IS1008c_D.foa.425"/>
    <foa endtime="1231.52" starttime="1230.68" type="place" place="slide-screen" nite:id="IDIAP_IS1008c_D.foa.426"/>
    <foa endtime="1231.92" starttime="1231.52" type="person" role="PM" nxt_agent="A" nite:id="IDIAP_IS1008c_D.foa.427"/>
    <foa endtime="1232.52" starttime="1231.92" type="person" role="ID" nxt_agent="C" nite:id="IDIAP_IS1008c_D.foa.428"/>
    <foa endtime="1237.6" starttime="1232.52" type="person" role="PM" nxt_agent="A" nite:id="IDIAP_IS1008c_D.foa.429"/>
    <foa endtime="1238.32" starttime="1237.6" type="person" role="ID" nxt_agent="C" nite:id="IDIAP_IS1008c_D.foa.430"/>
    <foa endtime="1238.8" starttime="1238.32" type="unspecified" nite:id="IDIAP_IS1008c_D.foa.431"/>
    <foa endtime="1239.72" starttime="1238.8" type="person" role="PM" nxt_agent="A" nite:id="IDIAP_IS1008c_D.foa.432"/>
    <foa endtime="1241.6" starttime="1239.72" type="place" place="slide-screen" nite:id="IDIAP_IS1008c_D.foa.433"/>
    <foa endtime="1246.6" starttime="1241.6" type="person" role="ID" nxt_agent="C" nite:id="IDIAP_IS1008c_D.foa.434"/>
    <foa endtime="1250.04" starttime="1246.6" type="place" place="table" nite:id="IDIAP_IS1008c_D.foa.435"/>
    <foa endtime="1250.64" starttime="1250.04" type="person" role="PM" nxt_agent="A" nite:id="IDIAP_IS1008c_D.foa.436"/>
    <foa endtime="1252.08" starttime="1250.64" type="person" role="ID" nxt_agent="C" nite:id="IDIAP_IS1008c_D.foa.437"/>
    <foa endtime="1254.6" starttime="1252.08" type="person" role="PM" nxt_agent="A" nite:id="IDIAP_IS1008c_D.foa.438"/>
    <foa endtime="1255.44" starttime="1254.6" type="place" place="slide-screen" nite:id="IDIAP_IS1008c_D.foa.439"/>
    <foa endtime="1256.64" starttime="1255.44" type="person" role="PM" nxt_agent="A" nite:id="IDIAP_IS1008c_D.foa.440"/>
    <foa endtime="1257.0" starttime="1256.64" type="person" role="ID" nxt_agent="C" nite:id="IDIAP_IS1008c_D.foa.441"/>
    <foa endtime="1257.88" starttime="1257.0" type="person" role="PM" nxt_agent="A" nite:id="IDIAP_IS1008c_D.foa.442"/>
    <foa endtime="1259.76" starttime="1257.88" type="place" place="slide-screen" nite:id="IDIAP_IS1008c_D.foa.443"/>
    <foa endtime="1272.36" starttime="1259.76" type="person" role="PM" nxt_agent="A" nite:id="IDIAP_IS1008c_D.foa.444"/>
    <foa endtime="1273.96" starttime="1272.36" type="place" place="slide-screen" nite:id="IDIAP_IS1008c_D.foa.445"/>
    <foa endtime="1275.64" starttime="1273.96" type="person" role="ID" nxt_agent="C" nite:id="IDIAP_IS1008c_D.foa.446"/>
    <foa endtime="1276.96" starttime="1275.64" type="person" role="PM" nxt_agent="A" nite:id="IDIAP_IS1008c_D.foa.447"/>
    <foa endtime="1277.8" starttime="1276.96" type="person" role="ID" nxt_agent="C" nite:id="IDIAP_IS1008c_D.foa.448"/>
    <foa endtime="1279.36" starttime="1277.8" type="unspecified" nite:id="IDIAP_IS1008c_D.foa.449"/>
    <foa endtime="1286.44" starttime="1279.36" type="place" place="table" nite:id="IDIAP_IS1008c_D.foa.450"/>
    <foa endtime="1286.8" starttime="1286.44" type="person" role="PM" nxt_agent="A" nite:id="IDIAP_IS1008c_D.foa.451"/>
    <foa endtime="1287.28" starttime="1286.8" type="place" place="table" nite:id="IDIAP_IS1008c_D.foa.452"/>
    <foa endtime="1287.64" starttime="1287.28" type="person" role="PM" nxt_agent="A" nite:id="IDIAP_IS1008c_D.foa.453"/>
    <foa endtime="1289.8" starttime="1287.64" type="place" place="table" nite:id="IDIAP_IS1008c_D.foa.454"/>
    <foa endtime="1291.72" starttime="1289.8" type="person" role="PM" nxt_agent="A" nite:id="IDIAP_IS1008c_D.foa.455"/>
    <foa endtime="1292.56" starttime="1291.72" type="person" role="UI" nxt_agent="B" nite:id="IDIAP_IS1008c_D.foa.456"/>
    <foa endtime="1297.88" starttime="1292.56" type="place" place="table" nite:id="IDIAP_IS1008c_D.foa.457"/>
    <foa endtime="1298.32" starttime="1297.88" type="person" role="PM" nxt_agent="A" nite:id="IDIAP_IS1008c_D.foa.458"/>
    <foa endtime="1308.08" starttime="1298.32" type="person" role="UI" nxt_agent="B" nite:id="IDIAP_IS1008c_D.foa.459"/>
    <foa endtime="1310.92" starttime="1308.08" type="person" role="ID" nxt_agent="C" nite:id="IDIAP_IS1008c_D.foa.460"/>
    <foa endtime="1311.16" starttime="1310.92" type="person" role="PM" nxt_agent="A" nite:id="IDIAP_IS1008c_D.foa.461"/>
    <foa endtime="1311.52" starttime="1311.16" type="place" place="slide-screen" nite:id="IDIAP_IS1008c_D.foa.462"/>
    <foa endtime="1313.56" starttime="1311.52" type="person" role="UI" nxt_agent="B" nite:id="IDIAP_IS1008c_D.foa.463"/>
    <foa endtime="1314.76" starttime="1313.56" type="unspecified" nite:id="IDIAP_IS1008c_D.foa.464"/>
    <foa endtime="1315.24" starttime="1314.76" type="place" place="slide-screen" nite:id="IDIAP_IS1008c_D.foa.465"/>
    <foa endtime="1318.96" starttime="1315.24" type="person" role="UI" nxt_agent="B" nite:id="IDIAP_IS1008c_D.foa.466"/>
    <foa endtime="1320.16" starttime="1318.96" type="place" place="whiteboard" nite:id="IDIAP_IS1008c_D.foa.467"/>
    <foa endtime="1322.32" starttime="1320.16" type="person" role="UI" nxt_agent="B" nite:id="IDIAP_IS1008c_D.foa.468"/>
    <foa endtime="1323.28" starttime="1322.32" type="place" place="slide-screen" nite:id="IDIAP_IS1008c_D.foa.469"/>
    <foa endtime="1324.48" starttime="1323.28" type="person" role="UI" nxt_agent="B" nite:id="IDIAP_IS1008c_D.foa.470"/>
    <foa endtime="1326.04" starttime="1324.48" type="unspecified" nite:id="IDIAP_IS1008c_D.foa.471"/>
    <foa endtime="1328.8" starttime="1326.04" type="person" role="UI" nxt_agent="B" nite:id="IDIAP_IS1008c_D.foa.472"/>
    <foa endtime="1329.64" starttime="1328.8" type="unspecified" nite:id="IDIAP_IS1008c_D.foa.473"/>
    <foa endtime="1330.96" starttime="1329.64" type="person" role="UI" nxt_agent="B" nite:id="IDIAP_IS1008c_D.foa.474"/>
    <foa endtime="1331.84" starttime="1330.96" type="person" role="PM" nxt_agent="A" nite:id="IDIAP_IS1008c_D.foa.475"/>
    <foa endtime="1339.84" starttime="1331.84" type="place" place="table" nite:id="IDIAP_IS1008c_D.foa.476"/>
    <foa endtime="1341.04" starttime="1339.84" type="person" role="UI" nxt_agent="B" nite:id="IDIAP_IS1008c_D.foa.477"/>
    <foa endtime="1342.72" starttime="1341.04" type="place" place="slide-screen" nite:id="IDIAP_IS1008c_D.foa.478"/>
    <foa endtime="1344.04" starttime="1342.72" type="unspecified" nite:id="IDIAP_IS1008c_D.foa.479"/>
    <foa endtime="1345.84" starttime="1344.04" type="person" role="UI" nxt_agent="B" nite:id="IDIAP_IS1008c_D.foa.480"/>
    <foa endtime="1346.08" starttime="1345.84" type="person" role="PM" nxt_agent="A" nite:id="IDIAP_IS1008c_D.foa.481"/>
    <foa endtime="1357.16" starttime="1346.08" type="person" role="ID" nxt_agent="C" nite:id="IDIAP_IS1008c_D.foa.482"/>
    <foa endtime="1358.68" starttime="1357.16" type="unspecified" nite:id="IDIAP_IS1008c_D.foa.483"/>
    <foa endtime="1360.64" starttime="1358.68" type="place" place="slide-screen" nite:id="IDIAP_IS1008c_D.foa.484"/>
    <foa endtime="1361.84" starttime="1360.64" type="person" role="ID" nxt_agent="C" nite:id="IDIAP_IS1008c_D.foa.485"/>
    <foa endtime="1363.28" starttime="1361.84" type="unspecified" nite:id="IDIAP_IS1008c_D.foa.486"/>
    <foa endtime="1366.28" starttime="1363.28" type="person" role="ID" nxt_agent="C" nite:id="IDIAP_IS1008c_D.foa.487"/>
    <foa endtime="1368.08" starttime="1366.28" type="unspecified" nite:id="IDIAP_IS1008c_D.foa.488"/>
    <foa endtime="1368.68" starttime="1368.08" type="place" place="slide-screen" nite:id="IDIAP_IS1008c_D.foa.489"/>
    <foa endtime="1370.76" starttime="1368.68" type="place" place="table" nite:id="IDIAP_IS1008c_D.foa.490"/>
    <foa endtime="1374.24" starttime="1370.76" type="person" role="ID" nxt_agent="C" nite:id="IDIAP_IS1008c_D.foa.491"/>
    <foa endtime="1376.2" starttime="1374.24" type="place" place="table" nite:id="IDIAP_IS1008c_D.foa.492"/>
    <foa endtime="1377.16" starttime="1376.2" type="person" role="PM" nxt_agent="A" nite:id="IDIAP_IS1008c_D.foa.493"/>
    <foa endtime="1378.28" starttime="1377.16" type="person" role="UI" nxt_agent="B" nite:id="IDIAP_IS1008c_D.foa.494"/>
    <foa endtime="1380.08" starttime="1378.28" type="place" place="slide-screen" nite:id="IDIAP_IS1008c_D.foa.495"/>
    <foa endtime="1385.16" starttime="1380.08" type="person" role="ID" nxt_agent="C" nite:id="IDIAP_IS1008c_D.foa.496"/>
    <foa endtime="1394.08" starttime="1385.16" type="place" place="slide-screen" nite:id="IDIAP_IS1008c_D.foa.497"/>
    <foa endtime="1400.6" starttime="1394.08" type="person" role="ID" nxt_agent="C" nite:id="IDIAP_IS1008c_D.foa.498"/>
    <foa endtime="1402.04" starttime="1400.6" type="person" role="PM" nxt_agent="A" nite:id="IDIAP_IS1008c_D.foa.499"/>
    <foa endtime="1402.72" starttime="1402.04" type="person" role="ID" nxt_agent="C" nite:id="IDIAP_IS1008c_D.foa.500"/>
    <foa endtime="1404.84" starttime="1402.72" type="place" place="slide-screen" nite:id="IDIAP_IS1008c_D.foa.501"/>
    <foa endtime="1405.24" starttime="1404.84" type="person" role="ID" nxt_agent="C" nite:id="IDIAP_IS1008c_D.foa.502"/>
    <foa endtime="1405.72" starttime="1405.24" type="unspecified" nite:id="IDIAP_IS1008c_D.foa.503"/>
    <foa endtime="1406.32" starttime="1405.72" type="person" role="ID" nxt_agent="C" nite:id="IDIAP_IS1008c_D.foa.504"/>
    <foa endtime="1407.04" starttime="1406.32" type="person" role="PM" nxt_agent="A" nite:id="IDIAP_IS1008c_D.foa.505"/>
    <foa endtime="1408.16" starttime="1407.04" type="person" role="ID" nxt_agent="C" nite:id="IDIAP_IS1008c_D.foa.506"/>
    <foa endtime="1408.8" starttime="1408.16" type="person" role="UI" nxt_agent="B" nite:id="IDIAP_IS1008c_D.foa.507"/>
    <foa endtime="1414.72" starttime="1408.8" type="person" role="ID" nxt_agent="C" nite:id="IDIAP_IS1008c_D.foa.508"/>
    <foa endtime="1415.08" starttime="1414.72" type="person" role="PM" nxt_agent="A" nite:id="IDIAP_IS1008c_D.foa.509"/>
    <foa endtime="1417.48" starttime="1415.08" type="person" role="ID" nxt_agent="C" nite:id="IDIAP_IS1008c_D.foa.510"/>
    <foa endtime="1417.96" starttime="1417.48" type="person" role="PM" nxt_agent="A" nite:id="IDIAP_IS1008c_D.foa.511"/>
    <foa endtime="1422.88" starttime="1417.96" type="place" place="slide-screen" nite:id="IDIAP_IS1008c_D.foa.512"/>
    <foa endtime="1424.56" starttime="1422.88" type="person" role="PM" nxt_agent="A" nite:id="IDIAP_IS1008c_D.foa.513"/>
    <foa endtime="1426.44" starttime="1424.56" type="place" place="slide-screen" nite:id="IDIAP_IS1008c_D.foa.514"/>
    <foa endtime="1427.28" starttime="1426.44" type="unspecified" nite:id="IDIAP_IS1008c_D.foa.515"/>
    <foa endtime="1427.64" starttime="1427.28" type="person" role="PM" nxt_agent="A" nite:id="IDIAP_IS1008c_D.foa.516"/>
    <foa endtime="1433.84" starttime="1427.64" type="person" role="ID" nxt_agent="C" nite:id="IDIAP_IS1008c_D.foa.517"/>
    <foa endtime="1437.36" starttime="1433.84" type="person" role="PM" nxt_agent="A" nite:id="IDIAP_IS1008c_D.foa.518"/>
    <foa endtime="1437.84" starttime="1437.36" type="person" role="UI" nxt_agent="B" nite:id="IDIAP_IS1008c_D.foa.519"/>
    <foa endtime="1439.64" starttime="1437.84" type="place" place="whiteboard" nite:id="IDIAP_IS1008c_D.foa.520"/>
    <foa endtime="1442.16" starttime="1439.64" type="place" place="slide-screen" nite:id="IDIAP_IS1008c_D.foa.521"/>
    <foa endtime="1442.76" starttime="1442.16" type="person" role="PM" nxt_agent="A" nite:id="IDIAP_IS1008c_D.foa.522"/>
    <foa endtime="1444.44" starttime="1442.76" type="place" place="slide-screen" nite:id="IDIAP_IS1008c_D.foa.523"/>
    <foa endtime="1446.2" starttime="1444.44" type="unspecified" nite:id="IDIAP_IS1008c_D.foa.524"/>
    <foa endtime="1453.56" starttime="1446.2" type="place" place="slide-screen" nite:id="IDIAP_IS1008c_D.foa.525"/>
    <foa endtime="1470.88" starttime="1453.56" type="person" role="PM" nxt_agent="A" nite:id="IDIAP_IS1008c_D.foa.526"/>
    <foa endtime="1472.96" starttime="1470.88" type="person" role="ID" nxt_agent="C" nite:id="IDIAP_IS1008c_D.foa.527"/>
    <foa endtime="1473.76" starttime="1472.96" type="person" role="PM" nxt_agent="A" nite:id="IDIAP_IS1008c_D.foa.528"/>
    <foa endtime="1478.36" starttime="1473.76" type="person" role="ID" nxt_agent="C" nite:id="IDIAP_IS1008c_D.foa.529"/>
    <foa endtime="1479.8" starttime="1478.36" type="person" role="PM" nxt_agent="A" nite:id="IDIAP_IS1008c_D.foa.530"/>
    <foa endtime="1480.48" starttime="1479.8" type="person" role="ID" nxt_agent="C" nite:id="IDIAP_IS1008c_D.foa.531"/>
    <foa endtime="1480.96" starttime="1480.48" type="place" place="table" nite:id="IDIAP_IS1008c_D.foa.532"/>
    <foa endtime="1482.52" starttime="1480.96" type="unspecified" nite:id="IDIAP_IS1008c_D.foa.533"/>
    <foa endtime="1484.36" starttime="1482.52" type="person" role="ID" nxt_agent="C" nite:id="IDIAP_IS1008c_D.foa.534"/>
    <foa endtime="1487.0" starttime="1484.36" type="person" role="PM" nxt_agent="A" nite:id="IDIAP_IS1008c_D.foa.535"/>
    <foa endtime="1487.52" starttime="1487.0" type="person" role="ID" nxt_agent="C" nite:id="IDIAP_IS1008c_D.foa.536"/>
    <foa endtime="1489.28" starttime="1487.52" type="person" role="PM" nxt_agent="A" nite:id="IDIAP_IS1008c_D.foa.537"/>
    <foa endtime="1490.16" starttime="1489.28" type="place" place="slide-screen" nite:id="IDIAP_IS1008c_D.foa.538"/>
    <foa endtime="1490.56" starttime="1490.16" type="person" role="PM" nxt_agent="A" nite:id="IDIAP_IS1008c_D.foa.539"/>
    <foa endtime="1490.88" starttime="1490.56" type="unspecified" nite:id="IDIAP_IS1008c_D.foa.540"/>
    <foa endtime="1492.2" starttime="1490.88" type="place" place="table" nite:id="IDIAP_IS1008c_D.foa.541"/>
    <foa endtime="1492.72" starttime="1492.2" type="person" role="PM" nxt_agent="A" nite:id="IDIAP_IS1008c_D.foa.542"/>
    <foa endtime="1493.64" starttime="1492.72" type="place" place="slide-screen" nite:id="IDIAP_IS1008c_D.foa.543"/>
    <foa endtime="1494.12" starttime="1493.64" type="person" role="PM" nxt_agent="A" nite:id="IDIAP_IS1008c_D.foa.544"/>
    <foa endtime="1494.4" starttime="1494.12" type="person" role="ID" nxt_agent="C" nite:id="IDIAP_IS1008c_D.foa.545"/>
    <foa endtime="1496.72" starttime="1494.4" type="place" place="table" nite:id="IDIAP_IS1008c_D.foa.546"/>
    <foa endtime="1500.36" starttime="1496.72" type="person" role="PM" nxt_agent="A" nite:id="IDIAP_IS1008c_D.foa.547"/>
    <foa endtime="1502.52" starttime="1500.36" type="place" place="table" nite:id="IDIAP_IS1008c_D.foa.548"/>
    <foa endtime="1502.76" starttime="1502.52" type="person" role="PM" nxt_agent="A" nite:id="IDIAP_IS1008c_D.foa.549"/>
    <foa endtime="1503.24" starttime="1502.76" type="place" place="table" nite:id="IDIAP_IS1008c_D.foa.550"/>
    <foa endtime="1503.6" starttime="1503.24" type="person" role="ID" nxt_agent="C" nite:id="IDIAP_IS1008c_D.foa.551"/>
    <foa endtime="1505.16" starttime="1503.6" type="place" place="table" nite:id="IDIAP_IS1008c_D.foa.552"/>
    <foa endtime="1505.52" starttime="1505.16" type="person" role="PM" nxt_agent="A" nite:id="IDIAP_IS1008c_D.foa.553"/>
    <foa endtime="1506.72" starttime="1505.52" type="person" role="UI" nxt_agent="B" nite:id="IDIAP_IS1008c_D.foa.554"/>
    <foa endtime="1507.6" starttime="1506.72" type="place" place="slide-screen" nite:id="IDIAP_IS1008c_D.foa.555"/>
    <foa endtime="1508.28" starttime="1507.6" type="place" place="table" nite:id="IDIAP_IS1008c_D.foa.556"/>
    <foa endtime="1509.8" starttime="1508.28" type="person" role="PM" nxt_agent="A" nite:id="IDIAP_IS1008c_D.foa.557"/>
    <foa endtime="1510.4" starttime="1509.8" type="person" role="ID" nxt_agent="C" nite:id="IDIAP_IS1008c_D.foa.558"/>
    <foa endtime="1511.96" starttime="1510.4" type="place" place="table" nite:id="IDIAP_IS1008c_D.foa.559"/>
    <foa endtime="1512.32" starttime="1511.96" type="person" role="PM" nxt_agent="A" nite:id="IDIAP_IS1008c_D.foa.560"/>
    <foa endtime="1512.56" starttime="1512.32" type="person" role="ID" nxt_agent="C" nite:id="IDIAP_IS1008c_D.foa.561"/>
    <foa endtime="1513.4" starttime="1512.56" type="unspecified" nite:id="IDIAP_IS1008c_D.foa.562"/>
    <foa endtime="1513.68" starttime="1513.4" type="person" role="ID" nxt_agent="C" nite:id="IDIAP_IS1008c_D.foa.563"/>
    <foa endtime="1514.36" starttime="1513.68" type="person" role="PM" nxt_agent="A" nite:id="IDIAP_IS1008c_D.foa.564"/>
    <foa endtime="1516.6" starttime="1514.36" type="place" place="table" nite:id="IDIAP_IS1008c_D.foa.565"/>
    <foa endtime="1546.0" starttime="1516.6" type="unspecified" nite:id="IDIAP_IS1008c_D.foa.566"/>
</nite:root>
