<?xml version="1.0" encoding="UTF-8"?>
<nite:root xmlns:nite="http://nite.sourceforge.net/" nite:id="natasa_IS1001c_D.nite:root.1">
    <foa endtime="33.24" starttime="0.0" type="unspecified" nite:id="natasa_IS1001c_D.foa.1"/>
    <foa endtime="34.64" starttime="33.24" type="place" place="table" nite:id="natasa_IS1001c_D.foa.2"/>
    <foa endtime="35.08" starttime="34.64" type="unspecified" nite:id="natasa_IS1001c_D.foa.3"/>
    <foa endtime="38.72" starttime="35.08" type="place" place="table" nite:id="natasa_IS1001c_D.foa.4"/>
    <foa endtime="39.92" starttime="38.72" type="unspecified" nite:id="natasa_IS1001c_D.foa.5"/>
    <foa endtime="40.64" starttime="39.92" type="person" role="PM" nxt_agent="A" nite:id="natasa_IS1001c_D.foa.6"/>
    <foa endtime="42.12" starttime="40.64" type="place" place="slide-screen" nite:id="natasa_IS1001c_D.foa.7"/>
    <foa endtime="42.48" starttime="42.12" type="place" place="table" nite:id="natasa_IS1001c_D.foa.8"/>
    <foa endtime="42.84" starttime="42.48" type="person" role="PM" nxt_agent="A" nite:id="natasa_IS1001c_D.foa.9"/>
    <foa endtime="43.4" starttime="42.84" type="person" role="UI" nxt_agent="C" nite:id="natasa_IS1001c_D.foa.10"/>
    <foa endtime="45.96" starttime="43.4" type="place" place="slide-screen" nite:id="natasa_IS1001c_D.foa.11"/>
    <foa endtime="47.32" starttime="45.96" type="place" place="table" nite:id="natasa_IS1001c_D.foa.12"/>
    <foa endtime="53.28" starttime="47.32" type="place" place="slide-screen" nite:id="natasa_IS1001c_D.foa.13"/>
    <foa endtime="53.76" starttime="53.28" type="place" place="table" nite:id="natasa_IS1001c_D.foa.14"/>
    <foa endtime="54.12" starttime="53.76" type="person" role="PM" nxt_agent="A" nite:id="natasa_IS1001c_D.foa.15"/>
    <foa endtime="57.8" starttime="54.12" type="place" place="table" nite:id="natasa_IS1001c_D.foa.16"/>
    <foa endtime="58.04" starttime="57.8" type="person" role="PM" nxt_agent="A" nite:id="natasa_IS1001c_D.foa.17"/>
    <foa endtime="59.04" starttime="58.04" type="place" place="slide-screen" nite:id="natasa_IS1001c_D.foa.18"/>
    <foa endtime="59.64" starttime="59.04" type="place" place="table" nite:id="natasa_IS1001c_D.foa.19"/>
    <foa endtime="61.76" starttime="59.64" type="person" role="PM" nxt_agent="A" nite:id="natasa_IS1001c_D.foa.20"/>
    <foa endtime="70.88" starttime="61.76" type="place" place="table" nite:id="natasa_IS1001c_D.foa.21"/>
    <foa endtime="71.08" starttime="70.88" type="person" role="UI" nxt_agent="C" nite:id="natasa_IS1001c_D.foa.22"/>
    <foa endtime="71.56" starttime="71.08" type="place" place="table" nite:id="natasa_IS1001c_D.foa.23"/>
    <foa endtime="72.2" starttime="71.56" type="person" role="UI" nxt_agent="C" nite:id="natasa_IS1001c_D.foa.24"/>
    <foa endtime="72.68" starttime="72.2" type="place" place="table" nite:id="natasa_IS1001c_D.foa.25"/>
    <foa endtime="72.92" starttime="72.68" type="person" role="UI" nxt_agent="C" nite:id="natasa_IS1001c_D.foa.26"/>
    <foa endtime="73.28" starttime="72.92" type="person" role="PM" nxt_agent="A" nite:id="natasa_IS1001c_D.foa.27"/>
    <foa endtime="74.0" starttime="73.28" type="place" place="slide-screen" nite:id="natasa_IS1001c_D.foa.28"/>
    <foa endtime="74.48" starttime="74.0" type="place" place="table" nite:id="natasa_IS1001c_D.foa.29"/>
    <foa endtime="75.28" starttime="74.48" type="place" place="slide-screen" nite:id="natasa_IS1001c_D.foa.30"/>
    <foa endtime="75.64" starttime="75.28" type="person" role="PM" nxt_agent="A" nite:id="natasa_IS1001c_D.foa.31"/>
    <foa endtime="76.68" starttime="75.64" type="place" place="slide-screen" nite:id="natasa_IS1001c_D.foa.32"/>
    <foa endtime="77.6" starttime="76.68" type="place" place="table" nite:id="natasa_IS1001c_D.foa.33"/>
    <foa endtime="78.0" starttime="77.6" type="unspecified" nite:id="natasa_IS1001c_D.foa.34"/>
    <foa endtime="79.72" starttime="78.0" type="place" place="table" nite:id="natasa_IS1001c_D.foa.35"/>
    <foa endtime="83.36" starttime="79.72" type="place" place="slide-screen" nite:id="natasa_IS1001c_D.foa.36"/>
    <foa endtime="83.72" starttime="83.36" type="person" role="PM" nxt_agent="A" nite:id="natasa_IS1001c_D.foa.37"/>
    <foa endtime="90.44" starttime="83.72" type="place" place="slide-screen" nite:id="natasa_IS1001c_D.foa.38"/>
    <foa endtime="92.68" starttime="90.44" type="place" place="table" nite:id="natasa_IS1001c_D.foa.39"/>
    <foa endtime="106.2" starttime="92.68" type="place" place="slide-screen" nite:id="natasa_IS1001c_D.foa.40"/>
    <foa endtime="108.2" starttime="106.2" type="place" place="table" nite:id="natasa_IS1001c_D.foa.41"/>
    <foa endtime="108.84" starttime="108.2" type="place" place="slide-screen" nite:id="natasa_IS1001c_D.foa.42"/>
    <foa endtime="110.0" starttime="108.84" type="place" place="table" nite:id="natasa_IS1001c_D.foa.43"/>
    <foa endtime="124.72" starttime="110.0" type="place" place="slide-screen" nite:id="natasa_IS1001c_D.foa.44"/>
    <foa endtime="125.44" starttime="124.72" type="unspecified" nite:id="natasa_IS1001c_D.foa.45"/>
    <foa endtime="126.4" starttime="125.44" type="place" place="table" nite:id="natasa_IS1001c_D.foa.46"/>
    <foa endtime="136.2" starttime="126.4" type="place" place="slide-screen" nite:id="natasa_IS1001c_D.foa.47"/>
    <foa endtime="140.84" starttime="136.2" type="place" place="table" nite:id="natasa_IS1001c_D.foa.48"/>
    <foa endtime="143.32" starttime="140.84" type="place" place="slide-screen" nite:id="natasa_IS1001c_D.foa.49"/>
    <foa endtime="143.8" starttime="143.32" type="person" role="PM" nxt_agent="A" nite:id="natasa_IS1001c_D.foa.50"/>
    <foa endtime="147.8" starttime="143.8" type="person" role="UI" nxt_agent="C" nite:id="natasa_IS1001c_D.foa.51"/>
    <foa endtime="154.8" starttime="147.8" type="place" place="table" nite:id="natasa_IS1001c_D.foa.52"/>
    <foa endtime="155.16" starttime="154.8" type="person" role="PM" nxt_agent="A" nite:id="natasa_IS1001c_D.foa.53"/>
    <foa endtime="159.0" starttime="155.16" type="place" place="slide-screen" nite:id="natasa_IS1001c_D.foa.54"/>
    <foa endtime="159.52" starttime="159.0" type="person" role="PM" nxt_agent="A" nite:id="natasa_IS1001c_D.foa.55"/>
    <foa endtime="160.76" starttime="159.52" type="place" place="table" nite:id="natasa_IS1001c_D.foa.56"/>
    <foa endtime="161.36" starttime="160.76" type="person" role="ID" nxt_agent="B" nite:id="natasa_IS1001c_D.foa.57"/>
    <foa endtime="161.84" starttime="161.36" type="place" place="slide-screen" nite:id="natasa_IS1001c_D.foa.58"/>
    <foa endtime="162.08" starttime="161.84" type="person" role="ID" nxt_agent="B" nite:id="natasa_IS1001c_D.foa.59"/>
    <foa endtime="173.72" starttime="162.08" type="place" place="slide-screen" nite:id="natasa_IS1001c_D.foa.60"/>
    <foa endtime="173.96" starttime="173.72" type="person" role="PM" nxt_agent="A" nite:id="natasa_IS1001c_D.foa.61"/>
    <foa endtime="174.36" starttime="173.96" type="place" place="table" nite:id="natasa_IS1001c_D.foa.62"/>
    <foa endtime="174.6" starttime="174.36" type="person" role="PM" nxt_agent="A" nite:id="natasa_IS1001c_D.foa.63"/>
    <foa endtime="178.76" starttime="174.6" type="place" place="slide-screen" nite:id="natasa_IS1001c_D.foa.64"/>
    <foa endtime="179.48" starttime="178.76" type="person" role="ID" nxt_agent="B" nite:id="natasa_IS1001c_D.foa.65"/>
    <foa endtime="180.2" starttime="179.48" type="place" place="table" nite:id="natasa_IS1001c_D.foa.66"/>
    <foa endtime="181.24" starttime="180.2" type="person" role="ID" nxt_agent="B" nite:id="natasa_IS1001c_D.foa.67"/>
    <foa endtime="183.76" starttime="181.24" type="place" place="slide-screen" nite:id="natasa_IS1001c_D.foa.68"/>
    <foa endtime="185.08" starttime="183.76" type="person" role="ID" nxt_agent="B" nite:id="natasa_IS1001c_D.foa.69"/>
    <foa endtime="187.36" starttime="185.08" type="place" place="table" nite:id="natasa_IS1001c_D.foa.70"/>
    <foa endtime="187.96" starttime="187.36" type="place" place="slide-screen" nite:id="natasa_IS1001c_D.foa.71"/>
    <foa endtime="190.52" starttime="187.96" type="person" role="ID" nxt_agent="B" nite:id="natasa_IS1001c_D.foa.72"/>
    <foa endtime="191.12" starttime="190.52" type="place" place="slide-screen" nite:id="natasa_IS1001c_D.foa.73"/>
    <foa endtime="200.92" starttime="191.12" type="person" role="ID" nxt_agent="B" nite:id="natasa_IS1001c_D.foa.74"/>
    <foa endtime="240.72" starttime="200.92" type="place" place="slide-screen" nite:id="natasa_IS1001c_D.foa.75"/>
    <foa endtime="245.08" starttime="240.72" type="person" role="ID" nxt_agent="B" nite:id="natasa_IS1001c_D.foa.76"/>
    <foa endtime="246.72" starttime="245.08" type="place" place="slide-screen" nite:id="natasa_IS1001c_D.foa.77"/>
    <foa endtime="249.4" starttime="246.72" type="place" place="table" nite:id="natasa_IS1001c_D.foa.78"/>
    <foa endtime="250.04" starttime="249.4" type="place" place="slide-screen" nite:id="natasa_IS1001c_D.foa.79"/>
    <foa endtime="260.8" starttime="250.04" type="place" place="table" nite:id="natasa_IS1001c_D.foa.80"/>
    <foa endtime="263.04" starttime="260.8" type="place" place="slide-screen" nite:id="natasa_IS1001c_D.foa.81"/>
    <foa endtime="263.92" starttime="263.04" type="person" role="PM" nxt_agent="A" nite:id="natasa_IS1001c_D.foa.82"/>
    <foa endtime="268.0" starttime="263.92" type="place" place="slide-screen" nite:id="natasa_IS1001c_D.foa.83"/>
    <foa endtime="268.92" starttime="268.0" type="person" role="PM" nxt_agent="A" nite:id="natasa_IS1001c_D.foa.84"/>
    <foa endtime="280.12" starttime="268.92" type="place" place="slide-screen" nite:id="natasa_IS1001c_D.foa.85"/>
    <foa endtime="281.44" starttime="280.12" type="person" role="PM" nxt_agent="A" nite:id="natasa_IS1001c_D.foa.86"/>
    <foa endtime="286.64" starttime="281.44" type="place" place="table" nite:id="natasa_IS1001c_D.foa.87"/>
    <foa endtime="287.8" starttime="286.64" type="person" role="UI" nxt_agent="C" nite:id="natasa_IS1001c_D.foa.88"/>
    <foa endtime="288.16" starttime="287.8" type="unspecified" nite:id="natasa_IS1001c_D.foa.89"/>
    <foa endtime="288.52" starttime="288.16" type="person" role="ID" nxt_agent="B" nite:id="natasa_IS1001c_D.foa.90"/>
    <foa endtime="289.76" starttime="288.52" type="unspecified" nite:id="natasa_IS1001c_D.foa.91"/>
    <foa endtime="291.12" starttime="289.76" type="person" role="UI" nxt_agent="C" nite:id="natasa_IS1001c_D.foa.92"/>
    <foa endtime="291.76" starttime="291.12" type="unspecified" nite:id="natasa_IS1001c_D.foa.93"/>
    <foa endtime="296.64" starttime="291.76" type="person" role="UI" nxt_agent="C" nite:id="natasa_IS1001c_D.foa.94"/>
    <foa endtime="298.0" starttime="296.64" type="person" role="ID" nxt_agent="B" nite:id="natasa_IS1001c_D.foa.95"/>
    <foa endtime="298.96" starttime="298.0" type="person" role="UI" nxt_agent="C" nite:id="natasa_IS1001c_D.foa.96"/>
    <foa endtime="299.2" starttime="298.96" type="person" role="PM" nxt_agent="A" nite:id="natasa_IS1001c_D.foa.97"/>
    <foa endtime="299.76" starttime="299.2" type="person" role="UI" nxt_agent="C" nite:id="natasa_IS1001c_D.foa.98"/>
    <foa endtime="300.12" starttime="299.76" type="person" role="PM" nxt_agent="A" nite:id="natasa_IS1001c_D.foa.99"/>
    <foa endtime="300.48" starttime="300.12" type="place" place="table" nite:id="natasa_IS1001c_D.foa.100"/>
    <foa endtime="300.84" starttime="300.48" type="person" role="PM" nxt_agent="A" nite:id="natasa_IS1001c_D.foa.101"/>
    <foa endtime="301.52" starttime="300.84" type="person" role="UI" nxt_agent="C" nite:id="natasa_IS1001c_D.foa.102"/>
    <foa endtime="302.16" starttime="301.52" type="place" place="table" nite:id="natasa_IS1001c_D.foa.103"/>
    <foa endtime="309.16" starttime="302.16" type="person" role="UI" nxt_agent="C" nite:id="natasa_IS1001c_D.foa.104"/>
    <foa endtime="309.52" starttime="309.16" type="person" role="PM" nxt_agent="A" nite:id="natasa_IS1001c_D.foa.105"/>
    <foa endtime="310.52" starttime="309.52" type="person" role="UI" nxt_agent="C" nite:id="natasa_IS1001c_D.foa.106"/>
    <foa endtime="310.88" starttime="310.52" type="person" role="PM" nxt_agent="A" nite:id="natasa_IS1001c_D.foa.107"/>
    <foa endtime="320.88" starttime="310.88" type="person" role="UI" nxt_agent="C" nite:id="natasa_IS1001c_D.foa.108"/>
    <foa endtime="321.84" starttime="320.88" type="person" role="PM" nxt_agent="A" nite:id="natasa_IS1001c_D.foa.109"/>
    <foa endtime="327.76" starttime="321.84" type="person" role="UI" nxt_agent="C" nite:id="natasa_IS1001c_D.foa.110"/>
    <foa endtime="328.24" starttime="327.76" type="person" role="PM" nxt_agent="A" nite:id="natasa_IS1001c_D.foa.111"/>
    <foa endtime="328.72" starttime="328.24" type="person" role="UI" nxt_agent="C" nite:id="natasa_IS1001c_D.foa.112"/>
    <foa endtime="331.2" starttime="328.72" type="person" role="PM" nxt_agent="A" nite:id="natasa_IS1001c_D.foa.113"/>
    <foa endtime="337.72" starttime="331.2" type="person" role="UI" nxt_agent="C" nite:id="natasa_IS1001c_D.foa.114"/>
    <foa endtime="339.52" starttime="337.72" type="place" place="table" nite:id="natasa_IS1001c_D.foa.115"/>
    <foa endtime="342.24" starttime="339.52" type="person" role="PM" nxt_agent="A" nite:id="natasa_IS1001c_D.foa.116"/>
    <foa endtime="342.84" starttime="342.24" type="place" place="slide-screen" nite:id="natasa_IS1001c_D.foa.117"/>
    <foa endtime="344.52" starttime="342.84" type="person" role="PM" nxt_agent="A" nite:id="natasa_IS1001c_D.foa.118"/>
    <foa endtime="344.76" starttime="344.52" type="person" role="UI" nxt_agent="C" nite:id="natasa_IS1001c_D.foa.119"/>
    <foa endtime="345.0" starttime="344.76" type="unspecified" nite:id="natasa_IS1001c_D.foa.120"/>
    <foa endtime="345.48" starttime="345.0" type="person" role="PM" nxt_agent="A" nite:id="natasa_IS1001c_D.foa.121"/>
    <foa endtime="346.12" starttime="345.48" type="place" place="table" nite:id="natasa_IS1001c_D.foa.122"/>
    <foa endtime="347.8" starttime="346.12" type="place" place="slide-screen" nite:id="natasa_IS1001c_D.foa.123"/>
    <foa endtime="348.44" starttime="347.8" type="person" role="ID" nxt_agent="B" nite:id="natasa_IS1001c_D.foa.124"/>
    <foa endtime="348.96" starttime="348.44" type="place" place="slide-screen" nite:id="natasa_IS1001c_D.foa.125"/>
    <foa endtime="349.44" starttime="348.96" type="unspecified" nite:id="natasa_IS1001c_D.foa.126"/>
    <foa endtime="350.04" starttime="349.44" type="person" role="ID" nxt_agent="B" nite:id="natasa_IS1001c_D.foa.127"/>
    <foa endtime="351.68" starttime="350.04" type="place" place="slide-screen" nite:id="natasa_IS1001c_D.foa.128"/>
    <foa endtime="354.76" starttime="351.68" type="person" role="ID" nxt_agent="B" nite:id="natasa_IS1001c_D.foa.129"/>
    <foa endtime="366.8" starttime="354.76" type="place" place="table" nite:id="natasa_IS1001c_D.foa.130"/>
    <foa endtime="370.12" starttime="366.8" type="person" role="ID" nxt_agent="B" nite:id="natasa_IS1001c_D.foa.131"/>
    <foa endtime="376.92" starttime="370.12" type="place" place="table" nite:id="natasa_IS1001c_D.foa.132"/>
    <foa endtime="377.16" starttime="376.92" type="person" role="UI" nxt_agent="C" nite:id="natasa_IS1001c_D.foa.133"/>
    <foa endtime="377.76" starttime="377.16" type="place" place="table" nite:id="natasa_IS1001c_D.foa.134"/>
    <foa endtime="379.48" starttime="377.76" type="person" role="UI" nxt_agent="C" nite:id="natasa_IS1001c_D.foa.135"/>
    <foa endtime="382.8" starttime="379.48" type="place" place="table" nite:id="natasa_IS1001c_D.foa.136"/>
    <foa endtime="383.64" starttime="382.8" type="person" role="ID" nxt_agent="B" nite:id="natasa_IS1001c_D.foa.137"/>
    <foa endtime="384.48" starttime="383.64" type="person" role="UI" nxt_agent="C" nite:id="natasa_IS1001c_D.foa.138"/>
    <foa endtime="385.04" starttime="384.48" type="person" role="PM" nxt_agent="A" nite:id="natasa_IS1001c_D.foa.139"/>
    <foa endtime="385.56" starttime="385.04" type="person" role="UI" nxt_agent="C" nite:id="natasa_IS1001c_D.foa.140"/>
    <foa endtime="387.28" starttime="385.56" type="place" place="table" nite:id="natasa_IS1001c_D.foa.141"/>
    <foa endtime="387.92" starttime="387.28" type="person" role="UI" nxt_agent="C" nite:id="natasa_IS1001c_D.foa.142"/>
    <foa endtime="391.44" starttime="387.92" type="person" role="PM" nxt_agent="A" nite:id="natasa_IS1001c_D.foa.143"/>
    <foa endtime="393.36" starttime="391.44" type="person" role="UI" nxt_agent="C" nite:id="natasa_IS1001c_D.foa.144"/>
    <foa endtime="394.36" starttime="393.36" type="person" role="PM" nxt_agent="A" nite:id="natasa_IS1001c_D.foa.145"/>
    <foa endtime="396.92" starttime="394.36" type="person" role="UI" nxt_agent="C" nite:id="natasa_IS1001c_D.foa.146"/>
    <foa endtime="397.44" starttime="396.92" type="place" place="table" nite:id="natasa_IS1001c_D.foa.147"/>
    <foa endtime="400.36" starttime="397.44" type="person" role="PM" nxt_agent="A" nite:id="natasa_IS1001c_D.foa.148"/>
    <foa endtime="400.72" starttime="400.36" type="person" role="UI" nxt_agent="C" nite:id="natasa_IS1001c_D.foa.149"/>
    <foa endtime="403.6" starttime="400.72" type="person" role="PM" nxt_agent="A" nite:id="natasa_IS1001c_D.foa.150"/>
    <foa endtime="404.72" starttime="403.6" type="person" role="UI" nxt_agent="C" nite:id="natasa_IS1001c_D.foa.151"/>
    <foa endtime="405.08" starttime="404.72" type="place" place="table" nite:id="natasa_IS1001c_D.foa.152"/>
    <foa endtime="405.8" starttime="405.08" type="person" role="UI" nxt_agent="C" nite:id="natasa_IS1001c_D.foa.153"/>
    <foa endtime="406.4" starttime="405.8" type="person" role="PM" nxt_agent="A" nite:id="natasa_IS1001c_D.foa.154"/>
    <foa endtime="407.36" starttime="406.4" type="person" role="UI" nxt_agent="C" nite:id="natasa_IS1001c_D.foa.155"/>
    <foa endtime="407.72" starttime="407.36" type="place" place="table" nite:id="natasa_IS1001c_D.foa.156"/>
    <foa endtime="408.32" starttime="407.72" type="person" role="PM" nxt_agent="A" nite:id="natasa_IS1001c_D.foa.157"/>
    <foa endtime="411.0" starttime="408.32" type="person" role="UI" nxt_agent="C" nite:id="natasa_IS1001c_D.foa.158"/>
    <foa endtime="411.88" starttime="411.0" type="person" role="PM" nxt_agent="A" nite:id="natasa_IS1001c_D.foa.159"/>
    <foa endtime="416.32" starttime="411.88" type="place" place="table" nite:id="natasa_IS1001c_D.foa.160"/>
    <foa endtime="418.0" starttime="416.32" type="person" role="UI" nxt_agent="C" nite:id="natasa_IS1001c_D.foa.161"/>
    <foa endtime="437.16" starttime="418.0" type="place" place="table" nite:id="natasa_IS1001c_D.foa.162"/>
    <foa endtime="437.52" starttime="437.16" type="person" role="UI" nxt_agent="C" nite:id="natasa_IS1001c_D.foa.163"/>
    <foa endtime="438.6" starttime="437.52" type="person" role="ID" nxt_agent="B" nite:id="natasa_IS1001c_D.foa.164"/>
    <foa endtime="445.0" starttime="438.6" type="place" place="table" nite:id="natasa_IS1001c_D.foa.165"/>
    <foa endtime="445.64" starttime="445.0" type="unspecified" nite:id="natasa_IS1001c_D.foa.166"/>
    <foa endtime="446.52" starttime="445.64" type="person" role="UI" nxt_agent="C" nite:id="natasa_IS1001c_D.foa.167"/>
    <foa endtime="448.44" starttime="446.52" type="place" place="slide-screen" nite:id="natasa_IS1001c_D.foa.168"/>
    <foa endtime="450.08" starttime="448.44" type="place" place="table" nite:id="natasa_IS1001c_D.foa.169"/>
    <foa endtime="452.6" starttime="450.08" type="person" role="UI" nxt_agent="C" nite:id="natasa_IS1001c_D.foa.170"/>
    <foa endtime="455.96" starttime="452.6" type="unspecified" nite:id="natasa_IS1001c_D.foa.171"/>
    <foa endtime="457.24" starttime="455.96" type="person" role="ID" nxt_agent="B" nite:id="natasa_IS1001c_D.foa.172"/>
    <foa endtime="457.96" starttime="457.24" type="place" place="slide-screen" nite:id="natasa_IS1001c_D.foa.173"/>
    <foa endtime="458.44" starttime="457.96" type="person" role="ID" nxt_agent="B" nite:id="natasa_IS1001c_D.foa.174"/>
    <foa endtime="459.52" starttime="458.44" type="unspecified" nite:id="natasa_IS1001c_D.foa.175"/>
    <foa endtime="460.2" starttime="459.52" type="place" place="table" nite:id="natasa_IS1001c_D.foa.176"/>
    <foa endtime="464.96" starttime="460.2" type="person" role="ID" nxt_agent="B" nite:id="natasa_IS1001c_D.foa.177"/>
    <foa endtime="468.0" starttime="464.96" type="place" place="table" nite:id="natasa_IS1001c_D.foa.178"/>
    <foa endtime="469.72" starttime="468.0" type="person" role="PM" nxt_agent="A" nite:id="natasa_IS1001c_D.foa.179"/>
    <foa endtime="470.08" starttime="469.72" type="person" role="UI" nxt_agent="C" nite:id="natasa_IS1001c_D.foa.180"/>
    <foa endtime="474.2" starttime="470.08" type="person" role="PM" nxt_agent="A" nite:id="natasa_IS1001c_D.foa.181"/>
    <foa endtime="475.44" starttime="474.2" type="person" role="UI" nxt_agent="C" nite:id="natasa_IS1001c_D.foa.182"/>
    <foa endtime="477.44" starttime="475.44" type="person" role="PM" nxt_agent="A" nite:id="natasa_IS1001c_D.foa.183"/>
    <foa endtime="477.96" starttime="477.44" type="person" role="UI" nxt_agent="C" nite:id="natasa_IS1001c_D.foa.184"/>
    <foa endtime="478.2" starttime="477.96" type="person" role="PM" nxt_agent="A" nite:id="natasa_IS1001c_D.foa.185"/>
    <foa endtime="479.12" starttime="478.2" type="person" role="UI" nxt_agent="C" nite:id="natasa_IS1001c_D.foa.186"/>
    <foa endtime="479.4" starttime="479.12" type="person" role="PM" nxt_agent="A" nite:id="natasa_IS1001c_D.foa.187"/>
    <foa endtime="480.48" starttime="479.4" type="place" place="table" nite:id="natasa_IS1001c_D.foa.188"/>
    <foa endtime="480.92" starttime="480.48" type="place" place="slide-screen" nite:id="natasa_IS1001c_D.foa.189"/>
    <foa endtime="481.96" starttime="480.92" type="person" role="UI" nxt_agent="C" nite:id="natasa_IS1001c_D.foa.190"/>
    <foa endtime="482.44" starttime="481.96" type="place" place="table" nite:id="natasa_IS1001c_D.foa.191"/>
    <foa endtime="499.12" starttime="482.44" type="place" place="slide-screen" nite:id="natasa_IS1001c_D.foa.192"/>
    <foa endtime="499.92" starttime="499.12" type="place" place="table" nite:id="natasa_IS1001c_D.foa.193"/>
    <foa endtime="501.36" starttime="499.92" type="place" place="slide-screen" nite:id="natasa_IS1001c_D.foa.194"/>
    <foa endtime="501.96" starttime="501.36" type="place" place="table" nite:id="natasa_IS1001c_D.foa.195"/>
    <foa endtime="502.52" starttime="501.96" type="person" role="UI" nxt_agent="C" nite:id="natasa_IS1001c_D.foa.196"/>
    <foa endtime="503.56" starttime="502.52" type="place" place="slide-screen" nite:id="natasa_IS1001c_D.foa.197"/>
    <foa endtime="504.48" starttime="503.56" type="place" place="table" nite:id="natasa_IS1001c_D.foa.198"/>
    <foa endtime="510.6" starttime="504.48" type="place" place="slide-screen" nite:id="natasa_IS1001c_D.foa.199"/>
    <foa endtime="513.84" starttime="510.6" type="person" role="UI" nxt_agent="C" nite:id="natasa_IS1001c_D.foa.200"/>
    <foa endtime="514.2" starttime="513.84" type="person" role="PM" nxt_agent="A" nite:id="natasa_IS1001c_D.foa.201"/>
    <foa endtime="519.6" starttime="514.2" type="place" place="slide-screen" nite:id="natasa_IS1001c_D.foa.202"/>
    <foa endtime="521.28" starttime="519.6" type="person" role="UI" nxt_agent="C" nite:id="natasa_IS1001c_D.foa.203"/>
    <foa endtime="527.2" starttime="521.28" type="place" place="slide-screen" nite:id="natasa_IS1001c_D.foa.204"/>
    <foa endtime="530.08" starttime="527.2" type="person" role="UI" nxt_agent="C" nite:id="natasa_IS1001c_D.foa.205"/>
    <foa endtime="530.8" starttime="530.08" type="person" role="PM" nxt_agent="A" nite:id="natasa_IS1001c_D.foa.206"/>
    <foa endtime="531.52" starttime="530.8" type="person" role="UI" nxt_agent="C" nite:id="natasa_IS1001c_D.foa.207"/>
    <foa endtime="532.08" starttime="531.52" type="place" place="table" nite:id="natasa_IS1001c_D.foa.208"/>
    <foa endtime="533.8" starttime="532.08" type="person" role="UI" nxt_agent="C" nite:id="natasa_IS1001c_D.foa.209"/>
    <foa endtime="540.4" starttime="533.8" type="person" role="PM" nxt_agent="A" nite:id="natasa_IS1001c_D.foa.210"/>
    <foa endtime="542.64" starttime="540.4" type="person" role="UI" nxt_agent="C" nite:id="natasa_IS1001c_D.foa.211"/>
    <foa endtime="559.28" starttime="542.64" type="place" place="slide-screen" nite:id="natasa_IS1001c_D.foa.212"/>
    <foa endtime="560.08" starttime="559.28" type="place" place="table" nite:id="natasa_IS1001c_D.foa.213"/>
    <foa endtime="579.24" starttime="560.08" type="place" place="slide-screen" nite:id="natasa_IS1001c_D.foa.214"/>
    <foa endtime="580.16" starttime="579.24" type="person" role="PM" nxt_agent="A" nite:id="natasa_IS1001c_D.foa.215"/>
    <foa endtime="580.52" starttime="580.16" type="place" place="table" nite:id="natasa_IS1001c_D.foa.216"/>
    <foa endtime="581.64" starttime="580.52" type="person" role="UI" nxt_agent="C" nite:id="natasa_IS1001c_D.foa.217"/>
    <foa endtime="583.16" starttime="581.64" type="place" place="slide-screen" nite:id="natasa_IS1001c_D.foa.218"/>
    <foa endtime="583.4" starttime="583.16" type="person" role="PM" nxt_agent="A" nite:id="natasa_IS1001c_D.foa.219"/>
    <foa endtime="584.12" starttime="583.4" type="place" place="slide-screen" nite:id="natasa_IS1001c_D.foa.220"/>
    <foa endtime="584.48" starttime="584.12" type="person" role="UI" nxt_agent="C" nite:id="natasa_IS1001c_D.foa.221"/>
    <foa endtime="585.08" starttime="584.48" type="place" place="table" nite:id="natasa_IS1001c_D.foa.222"/>
    <foa endtime="585.4" starttime="585.08" type="person" role="UI" nxt_agent="C" nite:id="natasa_IS1001c_D.foa.223"/>
    <foa endtime="587.04" starttime="585.4" type="place" place="slide-screen" nite:id="natasa_IS1001c_D.foa.224"/>
    <foa endtime="587.48" starttime="587.04" type="person" role="PM" nxt_agent="A" nite:id="natasa_IS1001c_D.foa.225"/>
    <foa endtime="595.44" starttime="587.48" type="place" place="slide-screen" nite:id="natasa_IS1001c_D.foa.226"/>
    <foa endtime="599.56" starttime="595.44" type="person" role="UI" nxt_agent="C" nite:id="natasa_IS1001c_D.foa.227"/>
    <foa endtime="599.92" starttime="599.56" type="person" role="PM" nxt_agent="A" nite:id="natasa_IS1001c_D.foa.228"/>
    <foa endtime="600.52" starttime="599.92" type="person" role="UI" nxt_agent="C" nite:id="natasa_IS1001c_D.foa.229"/>
    <foa endtime="602.4" starttime="600.52" type="place" place="table" nite:id="natasa_IS1001c_D.foa.230"/>
    <foa endtime="603.32" starttime="602.4" type="person" role="UI" nxt_agent="C" nite:id="natasa_IS1001c_D.foa.231"/>
    <foa endtime="604.2" starttime="603.32" type="place" place="table" nite:id="natasa_IS1001c_D.foa.232"/>
    <foa endtime="607.04" starttime="604.2" type="person" role="UI" nxt_agent="C" nite:id="natasa_IS1001c_D.foa.233"/>
    <foa endtime="608.12" starttime="607.04" type="place" place="table" nite:id="natasa_IS1001c_D.foa.234"/>
    <foa endtime="609.56" starttime="608.12" type="person" role="UI" nxt_agent="C" nite:id="natasa_IS1001c_D.foa.235"/>
    <foa endtime="610.2" starttime="609.56" type="person" role="PM" nxt_agent="A" nite:id="natasa_IS1001c_D.foa.236"/>
    <foa endtime="618.04" starttime="610.2" type="place" place="slide-screen" nite:id="natasa_IS1001c_D.foa.237"/>
    <foa endtime="620.56" starttime="618.04" type="place" place="table" nite:id="natasa_IS1001c_D.foa.238"/>
    <foa endtime="624.28" starttime="620.56" type="place" place="slide-screen" nite:id="natasa_IS1001c_D.foa.239"/>
    <foa endtime="630.6" starttime="624.28" type="place" place="table" nite:id="natasa_IS1001c_D.foa.240"/>
    <foa endtime="631.12" starttime="630.6" type="person" role="UI" nxt_agent="C" nite:id="natasa_IS1001c_D.foa.241"/>
    <foa endtime="631.48" starttime="631.12" type="person" role="PM" nxt_agent="A" nite:id="natasa_IS1001c_D.foa.242"/>
    <foa endtime="632.2" starttime="631.48" type="person" role="UI" nxt_agent="C" nite:id="natasa_IS1001c_D.foa.243"/>
    <foa endtime="636.36" starttime="632.2" type="place" place="table" nite:id="natasa_IS1001c_D.foa.244"/>
    <foa endtime="640.28" starttime="636.36" type="place" place="slide-screen" nite:id="natasa_IS1001c_D.foa.245"/>
    <foa endtime="644.36" starttime="640.28" type="place" place="table" nite:id="natasa_IS1001c_D.foa.246"/>
    <foa endtime="670.72" starttime="644.36" type="place" place="slide-screen" nite:id="natasa_IS1001c_D.foa.247"/>
    <foa endtime="671.2" starttime="670.72" type="person" role="PM" nxt_agent="A" nite:id="natasa_IS1001c_D.foa.248"/>
    <foa endtime="672.52" starttime="671.2" type="place" place="slide-screen" nite:id="natasa_IS1001c_D.foa.249"/>
    <foa endtime="676.6" starttime="672.52" type="person" role="PM" nxt_agent="A" nite:id="natasa_IS1001c_D.foa.250"/>
    <foa endtime="678.4" starttime="676.6" type="place" place="table" nite:id="natasa_IS1001c_D.foa.251"/>
    <foa endtime="683.4" starttime="678.4" type="person" role="PM" nxt_agent="A" nite:id="natasa_IS1001c_D.foa.252"/>
    <foa endtime="684.84" starttime="683.4" type="place" place="table" nite:id="natasa_IS1001c_D.foa.253"/>
    <foa endtime="685.84" starttime="684.84" type="place" place="slide-screen" nite:id="natasa_IS1001c_D.foa.254"/>
    <foa endtime="686.2" starttime="685.84" type="place" place="table" nite:id="natasa_IS1001c_D.foa.255"/>
    <foa endtime="688.64" starttime="686.2" type="person" role="UI" nxt_agent="C" nite:id="natasa_IS1001c_D.foa.256"/>
    <foa endtime="689.8" starttime="688.64" type="place" place="table" nite:id="natasa_IS1001c_D.foa.257"/>
    <foa endtime="691.36" starttime="689.8" type="place" place="slide-screen" nite:id="natasa_IS1001c_D.foa.258"/>
    <foa endtime="691.6" starttime="691.36" type="person" role="PM" nxt_agent="A" nite:id="natasa_IS1001c_D.foa.259"/>
    <foa endtime="693.0" starttime="691.6" type="place" place="slide-screen" nite:id="natasa_IS1001c_D.foa.260"/>
    <foa endtime="693.24" starttime="693.0" type="person" role="PM" nxt_agent="A" nite:id="natasa_IS1001c_D.foa.261"/>
    <foa endtime="693.88" starttime="693.24" type="place" place="table" nite:id="natasa_IS1001c_D.foa.262"/>
    <foa endtime="694.6" starttime="693.88" type="person" role="PM" nxt_agent="A" nite:id="natasa_IS1001c_D.foa.263"/>
    <foa endtime="695.08" starttime="694.6" type="place" place="slide-screen" nite:id="natasa_IS1001c_D.foa.264"/>
    <foa endtime="698.0" starttime="695.08" type="place" place="table" nite:id="natasa_IS1001c_D.foa.265"/>
    <foa endtime="699.24" starttime="698.0" type="person" role="UI" nxt_agent="C" nite:id="natasa_IS1001c_D.foa.266"/>
    <foa endtime="699.88" starttime="699.24" type="place" place="table" nite:id="natasa_IS1001c_D.foa.267"/>
    <foa endtime="700.4" starttime="699.88" type="person" role="PM" nxt_agent="A" nite:id="natasa_IS1001c_D.foa.268"/>
    <foa endtime="713.92" starttime="700.4" type="place" place="slide-screen" nite:id="natasa_IS1001c_D.foa.269"/>
    <foa endtime="714.36" starttime="713.92" type="place" place="table" nite:id="natasa_IS1001c_D.foa.270"/>
    <foa endtime="715.88" starttime="714.36" type="place" place="slide-screen" nite:id="natasa_IS1001c_D.foa.271"/>
    <foa endtime="716.24" starttime="715.88" type="person" role="PM" nxt_agent="A" nite:id="natasa_IS1001c_D.foa.272"/>
    <foa endtime="716.72" starttime="716.24" type="place" place="table" nite:id="natasa_IS1001c_D.foa.273"/>
    <foa endtime="722.2" starttime="716.72" type="place" place="slide-screen" nite:id="natasa_IS1001c_D.foa.274"/>
    <foa endtime="722.56" starttime="722.2" type="person" role="UI" nxt_agent="C" nite:id="natasa_IS1001c_D.foa.275"/>
    <foa endtime="733.64" starttime="722.56" type="place" place="slide-screen" nite:id="natasa_IS1001c_D.foa.276"/>
    <foa endtime="734.48" starttime="733.64" type="person" role="PM" nxt_agent="A" nite:id="natasa_IS1001c_D.foa.277"/>
    <foa endtime="736.64" starttime="734.48" type="place" place="slide-screen" nite:id="natasa_IS1001c_D.foa.278"/>
    <foa endtime="737.0" starttime="736.64" type="person" role="PM" nxt_agent="A" nite:id="natasa_IS1001c_D.foa.279"/>
    <foa endtime="742.36" starttime="737.0" type="place" place="slide-screen" nite:id="natasa_IS1001c_D.foa.280"/>
    <foa endtime="742.96" starttime="742.36" type="person" role="ID" nxt_agent="B" nite:id="natasa_IS1001c_D.foa.281"/>
    <foa endtime="745.2" starttime="742.96" type="place" place="slide-screen" nite:id="natasa_IS1001c_D.foa.282"/>
    <foa endtime="745.68" starttime="745.2" type="person" role="PM" nxt_agent="A" nite:id="natasa_IS1001c_D.foa.283"/>
    <foa endtime="746.12" starttime="745.68" type="person" role="UI" nxt_agent="C" nite:id="natasa_IS1001c_D.foa.284"/>
    <foa endtime="747.84" starttime="746.12" type="place" place="slide-screen" nite:id="natasa_IS1001c_D.foa.285"/>
    <foa endtime="748.08" starttime="747.84" type="person" role="PM" nxt_agent="A" nite:id="natasa_IS1001c_D.foa.286"/>
    <foa endtime="753.0" starttime="748.08" type="place" place="slide-screen" nite:id="natasa_IS1001c_D.foa.287"/>
    <foa endtime="753.48" starttime="753.0" type="person" role="UI" nxt_agent="C" nite:id="natasa_IS1001c_D.foa.288"/>
    <foa endtime="754.32" starttime="753.48" type="person" role="PM" nxt_agent="A" nite:id="natasa_IS1001c_D.foa.289"/>
    <foa endtime="756.44" starttime="754.32" type="place" place="slide-screen" nite:id="natasa_IS1001c_D.foa.290"/>
    <foa endtime="757.84" starttime="756.44" type="person" role="UI" nxt_agent="C" nite:id="natasa_IS1001c_D.foa.291"/>
    <foa endtime="758.68" starttime="757.84" type="person" role="PM" nxt_agent="A" nite:id="natasa_IS1001c_D.foa.292"/>
    <foa endtime="760.48" starttime="758.68" type="place" place="slide-screen" nite:id="natasa_IS1001c_D.foa.293"/>
    <foa endtime="762.04" starttime="760.48" type="person" role="UI" nxt_agent="C" nite:id="natasa_IS1001c_D.foa.294"/>
    <foa endtime="765.24" starttime="762.04" type="place" place="slide-screen" nite:id="natasa_IS1001c_D.foa.295"/>
    <foa endtime="765.48" starttime="765.24" type="person" role="PM" nxt_agent="A" nite:id="natasa_IS1001c_D.foa.296"/>
    <foa endtime="776.8" starttime="765.48" type="place" place="slide-screen" nite:id="natasa_IS1001c_D.foa.297"/>
    <foa endtime="777.28" starttime="776.8" type="person" role="PM" nxt_agent="A" nite:id="natasa_IS1001c_D.foa.298"/>
    <foa endtime="779.72" starttime="777.28" type="place" place="slide-screen" nite:id="natasa_IS1001c_D.foa.299"/>
    <foa endtime="780.2" starttime="779.72" type="person" role="UI" nxt_agent="C" nite:id="natasa_IS1001c_D.foa.300"/>
    <foa endtime="782.88" starttime="780.2" type="person" role="PM" nxt_agent="A" nite:id="natasa_IS1001c_D.foa.301"/>
    <foa endtime="783.4" starttime="782.88" type="place" place="slide-screen" nite:id="natasa_IS1001c_D.foa.302"/>
    <foa endtime="784.16" starttime="783.4" type="person" role="UI" nxt_agent="C" nite:id="natasa_IS1001c_D.foa.303"/>
    <foa endtime="784.68" starttime="784.16" type="person" role="PM" nxt_agent="A" nite:id="natasa_IS1001c_D.foa.304"/>
    <foa endtime="785.36" starttime="784.68" type="person" role="UI" nxt_agent="C" nite:id="natasa_IS1001c_D.foa.305"/>
    <foa endtime="785.88" starttime="785.36" type="place" place="table" nite:id="natasa_IS1001c_D.foa.306"/>
    <foa endtime="786.4" starttime="785.88" type="person" role="UI" nxt_agent="C" nite:id="natasa_IS1001c_D.foa.307"/>
    <foa endtime="788.36" starttime="786.4" type="person" role="PM" nxt_agent="A" nite:id="natasa_IS1001c_D.foa.308"/>
    <foa endtime="789.04" starttime="788.36" type="place" place="slide-screen" nite:id="natasa_IS1001c_D.foa.309"/>
    <foa endtime="790.84" starttime="789.04" type="person" role="UI" nxt_agent="C" nite:id="natasa_IS1001c_D.foa.310"/>
    <foa endtime="791.08" starttime="790.84" type="person" role="PM" nxt_agent="A" nite:id="natasa_IS1001c_D.foa.311"/>
    <foa endtime="791.68" starttime="791.08" type="person" role="UI" nxt_agent="C" nite:id="natasa_IS1001c_D.foa.312"/>
    <foa endtime="792.16" starttime="791.68" type="person" role="PM" nxt_agent="A" nite:id="natasa_IS1001c_D.foa.313"/>
    <foa endtime="792.76" starttime="792.16" type="place" place="slide-screen" nite:id="natasa_IS1001c_D.foa.314"/>
    <foa endtime="793.24" starttime="792.76" type="person" role="ID" nxt_agent="B" nite:id="natasa_IS1001c_D.foa.315"/>
    <foa endtime="793.8" starttime="793.24" type="place" place="slide-screen" nite:id="natasa_IS1001c_D.foa.316"/>
    <foa endtime="794.32" starttime="793.8" type="person" role="ID" nxt_agent="B" nite:id="natasa_IS1001c_D.foa.317"/>
    <foa endtime="798.52" starttime="794.32" type="place" place="slide-screen" nite:id="natasa_IS1001c_D.foa.318"/>
    <foa endtime="799.16" starttime="798.52" type="person" role="UI" nxt_agent="C" nite:id="natasa_IS1001c_D.foa.319"/>
    <foa endtime="801.04" starttime="799.16" type="person" role="PM" nxt_agent="A" nite:id="natasa_IS1001c_D.foa.320"/>
    <foa endtime="802.48" starttime="801.04" type="place" place="slide-screen" nite:id="natasa_IS1001c_D.foa.321"/>
    <foa endtime="804.16" starttime="802.48" type="person" role="UI" nxt_agent="C" nite:id="natasa_IS1001c_D.foa.322"/>
    <foa endtime="805.6" starttime="804.16" type="person" role="PM" nxt_agent="A" nite:id="natasa_IS1001c_D.foa.323"/>
    <foa endtime="805.84" starttime="805.6" type="person" role="UI" nxt_agent="C" nite:id="natasa_IS1001c_D.foa.324"/>
    <foa endtime="806.04" starttime="805.84" type="person" role="PM" nxt_agent="A" nite:id="natasa_IS1001c_D.foa.325"/>
    <foa endtime="807.04" starttime="806.04" type="place" place="slide-screen" nite:id="natasa_IS1001c_D.foa.326"/>
    <foa endtime="808.24" starttime="807.04" type="person" role="PM" nxt_agent="A" nite:id="natasa_IS1001c_D.foa.327"/>
    <foa endtime="808.6" starttime="808.24" type="person" role="UI" nxt_agent="C" nite:id="natasa_IS1001c_D.foa.328"/>
    <foa endtime="809.08" starttime="808.6" type="person" role="PM" nxt_agent="A" nite:id="natasa_IS1001c_D.foa.329"/>
    <foa endtime="815.0" starttime="809.08" type="person" role="UI" nxt_agent="C" nite:id="natasa_IS1001c_D.foa.330"/>
    <foa endtime="818.56" starttime="815.0" type="person" role="PM" nxt_agent="A" nite:id="natasa_IS1001c_D.foa.331"/>
    <foa endtime="819.76" starttime="818.56" type="person" role="UI" nxt_agent="C" nite:id="natasa_IS1001c_D.foa.332"/>
    <foa endtime="821.04" starttime="819.76" type="person" role="PM" nxt_agent="A" nite:id="natasa_IS1001c_D.foa.333"/>
    <foa endtime="821.52" starttime="821.04" type="person" role="UI" nxt_agent="C" nite:id="natasa_IS1001c_D.foa.334"/>
    <foa endtime="821.76" starttime="821.52" type="unspecified" nite:id="natasa_IS1001c_D.foa.335"/>
    <foa endtime="822.12" starttime="821.76" type="place" place="slide-screen" nite:id="natasa_IS1001c_D.foa.336"/>
    <foa endtime="825.92" starttime="822.12" type="person" role="UI" nxt_agent="C" nite:id="natasa_IS1001c_D.foa.337"/>
    <foa endtime="826.44" starttime="825.92" type="person" role="PM" nxt_agent="A" nite:id="natasa_IS1001c_D.foa.338"/>
    <foa endtime="827.32" starttime="826.44" type="person" role="UI" nxt_agent="C" nite:id="natasa_IS1001c_D.foa.339"/>
    <foa endtime="828.24" starttime="827.32" type="person" role="PM" nxt_agent="A" nite:id="natasa_IS1001c_D.foa.340"/>
    <foa endtime="829.48" starttime="828.24" type="place" place="slide-screen" nite:id="natasa_IS1001c_D.foa.341"/>
    <foa endtime="830.44" starttime="829.48" type="person" role="ID" nxt_agent="B" nite:id="natasa_IS1001c_D.foa.342"/>
    <foa endtime="832.16" starttime="830.44" type="place" place="slide-screen" nite:id="natasa_IS1001c_D.foa.343"/>
    <foa endtime="832.72" starttime="832.16" type="person" role="UI" nxt_agent="C" nite:id="natasa_IS1001c_D.foa.344"/>
    <foa endtime="837.32" starttime="832.72" type="place" place="slide-screen" nite:id="natasa_IS1001c_D.foa.345"/>
    <foa endtime="837.56" starttime="837.32" type="place" place="table" nite:id="natasa_IS1001c_D.foa.346"/>
    <foa endtime="839.84" starttime="837.56" type="place" place="slide-screen" nite:id="natasa_IS1001c_D.foa.347"/>
    <foa endtime="840.56" starttime="839.84" type="person" role="PM" nxt_agent="A" nite:id="natasa_IS1001c_D.foa.348"/>
    <foa endtime="840.92" starttime="840.56" type="place" place="table" nite:id="natasa_IS1001c_D.foa.349"/>
    <foa endtime="841.16" starttime="840.92" type="person" role="PM" nxt_agent="A" nite:id="natasa_IS1001c_D.foa.350"/>
    <foa endtime="849.76" starttime="841.16" type="place" place="slide-screen" nite:id="natasa_IS1001c_D.foa.351"/>
    <foa endtime="850.32" starttime="849.76" type="place" place="table" nite:id="natasa_IS1001c_D.foa.352"/>
    <foa endtime="852.2" starttime="850.32" type="place" place="slide-screen" nite:id="natasa_IS1001c_D.foa.353"/>
    <foa endtime="853.2" starttime="852.2" type="person" role="PM" nxt_agent="A" nite:id="natasa_IS1001c_D.foa.354"/>
    <foa endtime="854.48" starttime="853.2" type="place" place="slide-screen" nite:id="natasa_IS1001c_D.foa.355"/>
    <foa endtime="855.12" starttime="854.48" type="person" role="PM" nxt_agent="A" nite:id="natasa_IS1001c_D.foa.356"/>
    <foa endtime="855.84" starttime="855.12" type="person" role="UI" nxt_agent="C" nite:id="natasa_IS1001c_D.foa.357"/>
    <foa endtime="856.2" starttime="855.84" type="unspecified" nite:id="natasa_IS1001c_D.foa.358"/>
    <foa endtime="857.64" starttime="856.2" type="person" role="PM" nxt_agent="A" nite:id="natasa_IS1001c_D.foa.359"/>
    <foa endtime="858.56" starttime="857.64" type="place" place="slide-screen" nite:id="natasa_IS1001c_D.foa.360"/>
    <foa endtime="859.96" starttime="858.56" type="person" role="PM" nxt_agent="A" nite:id="natasa_IS1001c_D.foa.361"/>
    <foa endtime="860.32" starttime="859.96" type="person" role="UI" nxt_agent="C" nite:id="natasa_IS1001c_D.foa.362"/>
    <foa endtime="861.56" starttime="860.32" type="person" role="PM" nxt_agent="A" nite:id="natasa_IS1001c_D.foa.363"/>
    <foa endtime="862.92" starttime="861.56" type="place" place="table" nite:id="natasa_IS1001c_D.foa.364"/>
    <foa endtime="864.12" starttime="862.92" type="person" role="ID" nxt_agent="B" nite:id="natasa_IS1001c_D.foa.365"/>
    <foa endtime="864.36" starttime="864.12" type="place" place="slide-screen" nite:id="natasa_IS1001c_D.foa.366"/>
    <foa endtime="865.36" starttime="864.36" type="person" role="ID" nxt_agent="B" nite:id="natasa_IS1001c_D.foa.367"/>
    <foa endtime="865.72" starttime="865.36" type="place" place="table" nite:id="natasa_IS1001c_D.foa.368"/>
    <foa endtime="865.96" starttime="865.72" type="person" role="ID" nxt_agent="B" nite:id="natasa_IS1001c_D.foa.369"/>
    <foa endtime="866.64" starttime="865.96" type="place" place="slide-screen" nite:id="natasa_IS1001c_D.foa.370"/>
    <foa endtime="869.56" starttime="866.64" type="place" place="table" nite:id="natasa_IS1001c_D.foa.371"/>
    <foa endtime="870.76" starttime="869.56" type="person" role="PM" nxt_agent="A" nite:id="natasa_IS1001c_D.foa.372"/>
    <foa endtime="875.0" starttime="870.76" type="place" place="slide-screen" nite:id="natasa_IS1001c_D.foa.373"/>
    <foa endtime="876.04" starttime="875.0" type="person" role="UI" nxt_agent="C" nite:id="natasa_IS1001c_D.foa.374"/>
    <foa endtime="877.08" starttime="876.04" type="person" role="PM" nxt_agent="A" nite:id="natasa_IS1001c_D.foa.375"/>
    <foa endtime="877.76" starttime="877.08" type="person" role="UI" nxt_agent="C" nite:id="natasa_IS1001c_D.foa.376"/>
    <foa endtime="879.36" starttime="877.76" type="person" role="PM" nxt_agent="A" nite:id="natasa_IS1001c_D.foa.377"/>
    <foa endtime="880.2" starttime="879.36" type="person" role="UI" nxt_agent="C" nite:id="natasa_IS1001c_D.foa.378"/>
    <foa endtime="881.0" starttime="880.2" type="person" role="PM" nxt_agent="A" nite:id="natasa_IS1001c_D.foa.379"/>
    <foa endtime="881.36" starttime="881.0" type="person" role="UI" nxt_agent="C" nite:id="natasa_IS1001c_D.foa.380"/>
    <foa endtime="884.72" starttime="881.36" type="person" role="PM" nxt_agent="A" nite:id="natasa_IS1001c_D.foa.381"/>
    <foa endtime="885.24" starttime="884.72" type="person" role="UI" nxt_agent="C" nite:id="natasa_IS1001c_D.foa.382"/>
    <foa endtime="886.16" starttime="885.24" type="person" role="PM" nxt_agent="A" nite:id="natasa_IS1001c_D.foa.383"/>
    <foa endtime="886.56" starttime="886.16" type="person" role="UI" nxt_agent="C" nite:id="natasa_IS1001c_D.foa.384"/>
    <foa endtime="887.96" starttime="886.56" type="person" role="PM" nxt_agent="A" nite:id="natasa_IS1001c_D.foa.385"/>
    <foa endtime="888.32" starttime="887.96" type="place" place="table" nite:id="natasa_IS1001c_D.foa.386"/>
    <foa endtime="891.96" starttime="888.32" type="person" role="PM" nxt_agent="A" nite:id="natasa_IS1001c_D.foa.387"/>
    <foa endtime="892.32" starttime="891.96" type="unspecified" nite:id="natasa_IS1001c_D.foa.388"/>
    <foa endtime="892.92" starttime="892.32" type="person" role="PM" nxt_agent="A" nite:id="natasa_IS1001c_D.foa.389"/>
    <foa endtime="893.96" starttime="892.92" type="place" place="table" nite:id="natasa_IS1001c_D.foa.390"/>
    <foa endtime="894.52" starttime="893.96" type="person" role="PM" nxt_agent="A" nite:id="natasa_IS1001c_D.foa.391"/>
    <foa endtime="896.04" starttime="894.52" type="person" role="UI" nxt_agent="C" nite:id="natasa_IS1001c_D.foa.392"/>
    <foa endtime="896.64" starttime="896.04" type="person" role="PM" nxt_agent="A" nite:id="natasa_IS1001c_D.foa.393"/>
    <foa endtime="897.6" starttime="896.64" type="place" place="table" nite:id="natasa_IS1001c_D.foa.394"/>
    <foa endtime="898.08" starttime="897.6" type="place" place="slide-screen" nite:id="natasa_IS1001c_D.foa.395"/>
    <foa endtime="899.0" starttime="898.08" type="person" role="PM" nxt_agent="A" nite:id="natasa_IS1001c_D.foa.396"/>
    <foa endtime="899.76" starttime="899.0" type="place" place="table" nite:id="natasa_IS1001c_D.foa.397"/>
    <foa endtime="900.64" starttime="899.76" type="person" role="PM" nxt_agent="A" nite:id="natasa_IS1001c_D.foa.398"/>
    <foa endtime="901.56" starttime="900.64" type="unspecified" nite:id="natasa_IS1001c_D.foa.399"/>
    <foa endtime="901.6" starttime="901.56" type="person" role="PM" nxt_agent="A" nite:id="natasa_IS1001c_D.foa.400"/>
    <foa endtime="902.8" starttime="901.6" type="person" role="PM" nxt_agent="A" nite:id="natasa_IS1001c_D.foa.401"/>
    <foa endtime="903.96" starttime="902.8" type="person" role="UI" nxt_agent="C" nite:id="natasa_IS1001c_D.foa.402"/>
    <foa endtime="904.68" starttime="903.96" type="person" role="PM" nxt_agent="A" nite:id="natasa_IS1001c_D.foa.403"/>
    <foa endtime="904.92" starttime="904.68" type="place" place="table" nite:id="natasa_IS1001c_D.foa.404"/>
    <foa endtime="905.36" starttime="904.92" type="person" role="ID" nxt_agent="B" nite:id="natasa_IS1001c_D.foa.405"/>
    <foa endtime="906.72" starttime="905.36" type="person" role="PM" nxt_agent="A" nite:id="natasa_IS1001c_D.foa.406"/>
    <foa endtime="907.08" starttime="906.72" type="unspecified" nite:id="natasa_IS1001c_D.foa.407"/>
    <foa endtime="908.16" starttime="907.08" type="person" role="UI" nxt_agent="C" nite:id="natasa_IS1001c_D.foa.408"/>
    <foa endtime="908.52" starttime="908.16" type="place" place="table" nite:id="natasa_IS1001c_D.foa.409"/>
    <foa endtime="908.76" starttime="908.52" type="person" role="PM" nxt_agent="A" nite:id="natasa_IS1001c_D.foa.410"/>
    <foa endtime="910.2" starttime="908.76" type="person" role="UI" nxt_agent="C" nite:id="natasa_IS1001c_D.foa.411"/>
    <foa endtime="911.28" starttime="910.2" type="person" role="PM" nxt_agent="A" nite:id="natasa_IS1001c_D.foa.412"/>
    <foa endtime="914.0" starttime="911.28" type="place" place="table" nite:id="natasa_IS1001c_D.foa.413"/>
    <foa endtime="920.64" starttime="914.0" type="place" place="slide-screen" nite:id="natasa_IS1001c_D.foa.414"/>
    <foa endtime="922.12" starttime="920.64" type="person" role="UI" nxt_agent="C" nite:id="natasa_IS1001c_D.foa.415"/>
    <foa endtime="922.36" starttime="922.12" type="unspecified" nite:id="natasa_IS1001c_D.foa.416"/>
    <foa endtime="925.52" starttime="922.36" type="place" place="slide-screen" nite:id="natasa_IS1001c_D.foa.417"/>
    <foa endtime="931.04" starttime="925.52" type="person" role="PM" nxt_agent="A" nite:id="natasa_IS1001c_D.foa.418"/>
    <foa endtime="931.6" starttime="931.04" type="person" role="UI" nxt_agent="C" nite:id="natasa_IS1001c_D.foa.419"/>
    <foa endtime="932.4" starttime="931.6" type="place" place="table" nite:id="natasa_IS1001c_D.foa.420"/>
    <foa endtime="934.0" starttime="932.4" type="person" role="ID" nxt_agent="B" nite:id="natasa_IS1001c_D.foa.421"/>
    <foa endtime="934.64" starttime="934.0" type="place" place="table" nite:id="natasa_IS1001c_D.foa.422"/>
    <foa endtime="935.48" starttime="934.64" type="person" role="ID" nxt_agent="B" nite:id="natasa_IS1001c_D.foa.423"/>
    <foa endtime="936.16" starttime="935.48" type="place" place="table" nite:id="natasa_IS1001c_D.foa.424"/>
    <foa endtime="937.36" starttime="936.16" type="person" role="ID" nxt_agent="B" nite:id="natasa_IS1001c_D.foa.425"/>
    <foa endtime="938.16" starttime="937.36" type="place" place="slide-screen" nite:id="natasa_IS1001c_D.foa.426"/>
    <foa endtime="939.04" starttime="938.16" type="place" place="table" nite:id="natasa_IS1001c_D.foa.427"/>
    <foa endtime="939.72" starttime="939.04" type="person" role="ID" nxt_agent="B" nite:id="natasa_IS1001c_D.foa.428"/>
    <foa endtime="940.16" starttime="939.72" type="place" place="table" nite:id="natasa_IS1001c_D.foa.429"/>
    <foa endtime="940.4" starttime="940.16" type="place" place="slide-screen" nite:id="natasa_IS1001c_D.foa.430"/>
    <foa endtime="945.24" starttime="940.4" type="person" role="PM" nxt_agent="A" nite:id="natasa_IS1001c_D.foa.431"/>
    <foa endtime="945.68" starttime="945.24" type="place" place="slide-screen" nite:id="natasa_IS1001c_D.foa.432"/>
    <foa endtime="947.08" starttime="945.68" type="person" role="UI" nxt_agent="C" nite:id="natasa_IS1001c_D.foa.433"/>
    <foa endtime="950.32" starttime="947.08" type="place" place="table" nite:id="natasa_IS1001c_D.foa.434"/>
    <foa endtime="952.24" starttime="950.32" type="unspecified" nite:id="natasa_IS1001c_D.foa.435"/>
    <foa endtime="953.16" starttime="952.24" type="person" role="PM" nxt_agent="A" nite:id="natasa_IS1001c_D.foa.436"/>
    <foa endtime="953.76" starttime="953.16" type="place" place="slide-screen" nite:id="natasa_IS1001c_D.foa.437"/>
    <foa endtime="954.24" starttime="953.76" type="person" role="PM" nxt_agent="A" nite:id="natasa_IS1001c_D.foa.438"/>
    <foa endtime="955.12" starttime="954.24" type="place" place="slide-screen" nite:id="natasa_IS1001c_D.foa.439"/>
    <foa endtime="956.6" starttime="955.12" type="place" place="table" nite:id="natasa_IS1001c_D.foa.440"/>
    <foa endtime="961.72" starttime="956.6" type="person" role="PM" nxt_agent="A" nite:id="natasa_IS1001c_D.foa.441"/>
    <foa endtime="965.8" starttime="961.72" type="place" place="table" nite:id="natasa_IS1001c_D.foa.442"/>
    <foa endtime="970.28" starttime="965.8" type="person" role="PM" nxt_agent="A" nite:id="natasa_IS1001c_D.foa.443"/>
    <foa endtime="972.68" starttime="970.28" type="person" role="UI" nxt_agent="C" nite:id="natasa_IS1001c_D.foa.444"/>
    <foa endtime="972.92" starttime="972.68" type="person" role="PM" nxt_agent="A" nite:id="natasa_IS1001c_D.foa.445"/>
    <foa endtime="974.16" starttime="972.92" type="person" role="UI" nxt_agent="C" nite:id="natasa_IS1001c_D.foa.446"/>
    <foa endtime="974.88" starttime="974.16" type="person" role="PM" nxt_agent="A" nite:id="natasa_IS1001c_D.foa.447"/>
    <foa endtime="975.16" starttime="974.88" type="person" role="UI" nxt_agent="C" nite:id="natasa_IS1001c_D.foa.448"/>
    <foa endtime="975.52" starttime="975.16" type="person" role="PM" nxt_agent="A" nite:id="natasa_IS1001c_D.foa.449"/>
    <foa endtime="975.76" starttime="975.52" type="place" place="slide-screen" nite:id="natasa_IS1001c_D.foa.450"/>
    <foa endtime="976.04" starttime="975.76" type="person" role="PM" nxt_agent="A" nite:id="natasa_IS1001c_D.foa.451"/>
    <foa endtime="976.52" starttime="976.04" type="person" role="ID" nxt_agent="B" nite:id="natasa_IS1001c_D.foa.452"/>
    <foa endtime="978.0" starttime="976.52" type="place" place="slide-screen" nite:id="natasa_IS1001c_D.foa.453"/>
    <foa endtime="978.32" starttime="978.0" type="person" role="PM" nxt_agent="A" nite:id="natasa_IS1001c_D.foa.454"/>
    <foa endtime="980.28" starttime="978.32" type="place" place="slide-screen" nite:id="natasa_IS1001c_D.foa.455"/>
    <foa endtime="980.64" starttime="980.28" type="person" role="UI" nxt_agent="C" nite:id="natasa_IS1001c_D.foa.456"/>
    <foa endtime="981.12" starttime="980.64" type="person" role="PM" nxt_agent="A" nite:id="natasa_IS1001c_D.foa.457"/>
    <foa endtime="981.48" starttime="981.12" type="person" role="UI" nxt_agent="C" nite:id="natasa_IS1001c_D.foa.458"/>
    <foa endtime="983.08" starttime="981.48" type="place" place="slide-screen" nite:id="natasa_IS1001c_D.foa.459"/>
    <foa endtime="983.56" starttime="983.08" type="person" role="PM" nxt_agent="A" nite:id="natasa_IS1001c_D.foa.460"/>
    <foa endtime="983.92" starttime="983.56" type="person" role="UI" nxt_agent="C" nite:id="natasa_IS1001c_D.foa.461"/>
    <foa endtime="984.92" starttime="983.92" type="person" role="PM" nxt_agent="A" nite:id="natasa_IS1001c_D.foa.462"/>
    <foa endtime="985.64" starttime="984.92" type="person" role="UI" nxt_agent="C" nite:id="natasa_IS1001c_D.foa.463"/>
    <foa endtime="986.12" starttime="985.64" type="person" role="PM" nxt_agent="A" nite:id="natasa_IS1001c_D.foa.464"/>
    <foa endtime="986.36" starttime="986.12" type="person" role="UI" nxt_agent="C" nite:id="natasa_IS1001c_D.foa.465"/>
    <foa endtime="986.84" starttime="986.36" type="place" place="table" nite:id="natasa_IS1001c_D.foa.466"/>
    <foa endtime="987.08" starttime="986.84" type="person" role="UI" nxt_agent="C" nite:id="natasa_IS1001c_D.foa.467"/>
    <foa endtime="990.28" starttime="987.08" type="place" place="table" nite:id="natasa_IS1001c_D.foa.468"/>
    <foa endtime="990.52" starttime="990.28" type="person" role="UI" nxt_agent="C" nite:id="natasa_IS1001c_D.foa.469"/>
    <foa endtime="991.04" starttime="990.52" type="person" role="PM" nxt_agent="A" nite:id="natasa_IS1001c_D.foa.470"/>
    <foa endtime="991.92" starttime="991.04" type="person" role="UI" nxt_agent="C" nite:id="natasa_IS1001c_D.foa.471"/>
    <foa endtime="992.48" starttime="991.92" type="place" place="table" nite:id="natasa_IS1001c_D.foa.472"/>
    <foa endtime="993.16" starttime="992.48" type="person" role="UI" nxt_agent="C" nite:id="natasa_IS1001c_D.foa.473"/>
    <foa endtime="993.84" starttime="993.16" type="person" role="PM" nxt_agent="A" nite:id="natasa_IS1001c_D.foa.474"/>
    <foa endtime="996.52" starttime="993.84" type="person" role="ID" nxt_agent="B" nite:id="natasa_IS1001c_D.foa.475"/>
    <foa endtime="1000.52" starttime="996.52" type="person" role="PM" nxt_agent="A" nite:id="natasa_IS1001c_D.foa.476"/>
    <foa endtime="1000.92" starttime="1000.52" type="person" role="UI" nxt_agent="C" nite:id="natasa_IS1001c_D.foa.477"/>
    <foa endtime="1001.52" starttime="1000.92" type="person" role="PM" nxt_agent="A" nite:id="natasa_IS1001c_D.foa.478"/>
    <foa endtime="1001.88" starttime="1001.52" type="unspecified" nite:id="natasa_IS1001c_D.foa.479"/>
    <foa endtime="1002.64" starttime="1001.88" type="person" role="PM" nxt_agent="A" nite:id="natasa_IS1001c_D.foa.480"/>
    <foa endtime="1002.96" starttime="1002.64" type="person" role="UI" nxt_agent="C" nite:id="natasa_IS1001c_D.foa.481"/>
    <foa endtime="1003.32" starttime="1002.96" type="person" role="PM" nxt_agent="A" nite:id="natasa_IS1001c_D.foa.482"/>
    <foa endtime="1003.8" starttime="1003.32" type="place" place="table" nite:id="natasa_IS1001c_D.foa.483"/>
    <foa endtime="1004.4" starttime="1003.8" type="person" role="ID" nxt_agent="B" nite:id="natasa_IS1001c_D.foa.484"/>
    <foa endtime="1007.24" starttime="1004.4" type="place" place="table" nite:id="natasa_IS1001c_D.foa.485"/>
    <foa endtime="1007.64" starttime="1007.24" type="person" role="ID" nxt_agent="B" nite:id="natasa_IS1001c_D.foa.486"/>
    <foa endtime="1008.36" starttime="1007.64" type="place" place="table" nite:id="natasa_IS1001c_D.foa.487"/>
    <foa endtime="1010.44" starttime="1008.36" type="person" role="ID" nxt_agent="B" nite:id="natasa_IS1001c_D.foa.488"/>
    <foa endtime="1011.0" starttime="1010.44" type="place" place="table" nite:id="natasa_IS1001c_D.foa.489"/>
    <foa endtime="1013.08" starttime="1011.0" type="person" role="ID" nxt_agent="B" nite:id="natasa_IS1001c_D.foa.490"/>
    <foa endtime="1014.04" starttime="1013.08" type="place" place="table" nite:id="natasa_IS1001c_D.foa.491"/>
    <foa endtime="1014.72" starttime="1014.04" type="person" role="ID" nxt_agent="B" nite:id="natasa_IS1001c_D.foa.492"/>
    <foa endtime="1015.68" starttime="1014.72" type="place" place="table" nite:id="natasa_IS1001c_D.foa.493"/>
    <foa endtime="1016.72" starttime="1015.68" type="person" role="ID" nxt_agent="B" nite:id="natasa_IS1001c_D.foa.494"/>
    <foa endtime="1017.08" starttime="1016.72" type="place" place="table" nite:id="natasa_IS1001c_D.foa.495"/>
    <foa endtime="1017.36" starttime="1017.08" type="person" role="PM" nxt_agent="A" nite:id="natasa_IS1001c_D.foa.496"/>
    <foa endtime="1017.68" starttime="1017.36" type="place" place="slide-screen" nite:id="natasa_IS1001c_D.foa.497"/>
    <foa endtime="1018.04" starttime="1017.68" type="person" role="PM" nxt_agent="A" nite:id="natasa_IS1001c_D.foa.498"/>
    <foa endtime="1018.68" starttime="1018.04" type="person" role="UI" nxt_agent="C" nite:id="natasa_IS1001c_D.foa.499"/>
    <foa endtime="1018.92" starttime="1018.68" type="person" role="PM" nxt_agent="A" nite:id="natasa_IS1001c_D.foa.500"/>
    <foa endtime="1019.76" starttime="1018.92" type="place" place="table" nite:id="natasa_IS1001c_D.foa.501"/>
    <foa endtime="1020.16" starttime="1019.76" type="person" role="UI" nxt_agent="C" nite:id="natasa_IS1001c_D.foa.502"/>
    <foa endtime="1021.48" starttime="1020.16" type="place" place="table" nite:id="natasa_IS1001c_D.foa.503"/>
    <foa endtime="1022.32" starttime="1021.48" type="person" role="UI" nxt_agent="C" nite:id="natasa_IS1001c_D.foa.504"/>
    <foa endtime="1023.72" starttime="1022.32" type="place" place="table" nite:id="natasa_IS1001c_D.foa.505"/>
    <foa endtime="1028.48" starttime="1023.72" type="person" role="UI" nxt_agent="C" nite:id="natasa_IS1001c_D.foa.506"/>
    <foa endtime="1029.04" starttime="1028.48" type="person" role="PM" nxt_agent="A" nite:id="natasa_IS1001c_D.foa.507"/>
    <foa endtime="1030.48" starttime="1029.04" type="place" place="table" nite:id="natasa_IS1001c_D.foa.508"/>
    <foa endtime="1030.84" starttime="1030.48" type="person" role="PM" nxt_agent="A" nite:id="natasa_IS1001c_D.foa.509"/>
    <foa endtime="1032.16" starttime="1030.84" type="place" place="table" nite:id="natasa_IS1001c_D.foa.510"/>
    <foa endtime="1037.72" starttime="1032.16" type="person" role="PM" nxt_agent="A" nite:id="natasa_IS1001c_D.foa.511"/>
    <foa endtime="1038.44" starttime="1037.72" type="person" role="UI" nxt_agent="C" nite:id="natasa_IS1001c_D.foa.512"/>
    <foa endtime="1038.76" starttime="1038.44" type="unspecified" nite:id="natasa_IS1001c_D.foa.513"/>
    <foa endtime="1040.44" starttime="1038.76" type="person" role="ID" nxt_agent="B" nite:id="natasa_IS1001c_D.foa.514"/>
    <foa endtime="1040.88" starttime="1040.44" type="place" place="slide-screen" nite:id="natasa_IS1001c_D.foa.515"/>
    <foa endtime="1041.32" starttime="1040.88" type="person" role="PM" nxt_agent="A" nite:id="natasa_IS1001c_D.foa.516"/>
    <foa endtime="1042.04" starttime="1041.32" type="place" place="slide-screen" nite:id="natasa_IS1001c_D.foa.517"/>
    <foa endtime="1042.4" starttime="1042.04" type="person" role="ID" nxt_agent="B" nite:id="natasa_IS1001c_D.foa.518"/>
    <foa endtime="1042.76" starttime="1042.4" type="place" place="table" nite:id="natasa_IS1001c_D.foa.519"/>
    <foa endtime="1043.72" starttime="1042.76" type="person" role="ID" nxt_agent="B" nite:id="natasa_IS1001c_D.foa.520"/>
    <foa endtime="1044.44" starttime="1043.72" type="place" place="slide-screen" nite:id="natasa_IS1001c_D.foa.521"/>
    <foa endtime="1044.92" starttime="1044.44" type="person" role="PM" nxt_agent="A" nite:id="natasa_IS1001c_D.foa.522"/>
    <foa endtime="1045.64" starttime="1044.92" type="person" role="UI" nxt_agent="C" nite:id="natasa_IS1001c_D.foa.523"/>
    <foa endtime="1046.36" starttime="1045.64" type="person" role="PM" nxt_agent="A" nite:id="natasa_IS1001c_D.foa.524"/>
    <foa endtime="1048.28" starttime="1046.36" type="place" place="slide-screen" nite:id="natasa_IS1001c_D.foa.525"/>
    <foa endtime="1049.88" starttime="1048.28" type="person" role="UI" nxt_agent="C" nite:id="natasa_IS1001c_D.foa.526"/>
    <foa endtime="1052.12" starttime="1049.88" type="place" place="slide-screen" nite:id="natasa_IS1001c_D.foa.527"/>
    <foa endtime="1052.6" starttime="1052.12" type="person" role="UI" nxt_agent="C" nite:id="natasa_IS1001c_D.foa.528"/>
    <foa endtime="1053.08" starttime="1052.6" type="place" place="table" nite:id="natasa_IS1001c_D.foa.529"/>
    <foa endtime="1053.84" starttime="1053.08" type="person" role="PM" nxt_agent="A" nite:id="natasa_IS1001c_D.foa.530"/>
    <foa endtime="1054.8" starttime="1053.84" type="place" place="table" nite:id="natasa_IS1001c_D.foa.531"/>
    <foa endtime="1055.28" starttime="1054.8" type="place" place="slide-screen" nite:id="natasa_IS1001c_D.foa.532"/>
    <foa endtime="1055.64" starttime="1055.28" type="person" role="PM" nxt_agent="A" nite:id="natasa_IS1001c_D.foa.533"/>
    <foa endtime="1056.56" starttime="1055.64" type="place" place="table" nite:id="natasa_IS1001c_D.foa.534"/>
    <foa endtime="1058.8" starttime="1056.56" type="place" place="slide-screen" nite:id="natasa_IS1001c_D.foa.535"/>
    <foa endtime="1059.36" starttime="1058.8" type="person" role="UI" nxt_agent="C" nite:id="natasa_IS1001c_D.foa.536"/>
    <foa endtime="1061.2" starttime="1059.36" type="place" place="table" nite:id="natasa_IS1001c_D.foa.537"/>
    <foa endtime="1061.44" starttime="1061.2" type="person" role="UI" nxt_agent="C" nite:id="natasa_IS1001c_D.foa.538"/>
    <foa endtime="1064.96" starttime="1061.44" type="place" place="table" nite:id="natasa_IS1001c_D.foa.539"/>
    <foa endtime="1066.12" starttime="1064.96" type="place" place="slide-screen" nite:id="natasa_IS1001c_D.foa.540"/>
    <foa endtime="1074.56" starttime="1066.12" type="place" place="table" nite:id="natasa_IS1001c_D.foa.541"/>
    <foa endtime="1075.4" starttime="1074.56" type="place" place="slide-screen" nite:id="natasa_IS1001c_D.foa.542"/>
    <foa endtime="1082.2" starttime="1075.4" type="place" place="table" nite:id="natasa_IS1001c_D.foa.543"/>
    <foa endtime="1086.84" starttime="1082.2" type="place" place="slide-screen" nite:id="natasa_IS1001c_D.foa.544"/>
    <foa endtime="1089.8" starttime="1086.84" type="place" place="table" nite:id="natasa_IS1001c_D.foa.545"/>
    <foa endtime="1090.04" starttime="1089.8" type="person" role="PM" nxt_agent="A" nite:id="natasa_IS1001c_D.foa.546"/>
    <foa endtime="1105.88" starttime="1090.04" type="place" place="slide-screen" nite:id="natasa_IS1001c_D.foa.547"/>
    <foa endtime="1113.64" starttime="1105.88" type="place" place="table" nite:id="natasa_IS1001c_D.foa.548"/>
    <foa endtime="1114.8" starttime="1113.64" type="place" place="slide-screen" nite:id="natasa_IS1001c_D.foa.549"/>
    <foa endtime="1115.04" starttime="1114.8" type="person" role="PM" nxt_agent="A" nite:id="natasa_IS1001c_D.foa.550"/>
    <foa endtime="1116.12" starttime="1115.04" type="place" place="slide-screen" nite:id="natasa_IS1001c_D.foa.551"/>
    <foa endtime="1116.96" starttime="1116.12" type="person" role="PM" nxt_agent="A" nite:id="natasa_IS1001c_D.foa.552"/>
    <foa endtime="1117.52" starttime="1116.96" type="place" place="slide-screen" nite:id="natasa_IS1001c_D.foa.553"/>
    <foa endtime="1129.12" starttime="1117.52" type="person" role="ID" nxt_agent="B" nite:id="natasa_IS1001c_D.foa.554"/>
    <foa endtime="1129.84" starttime="1129.12" type="place" place="slide-screen" nite:id="natasa_IS1001c_D.foa.555"/>
    <foa endtime="1130.68" starttime="1129.84" type="person" role="ID" nxt_agent="B" nite:id="natasa_IS1001c_D.foa.556"/>
    <foa endtime="1144.84" starttime="1130.68" type="person" role="UI" nxt_agent="C" nite:id="natasa_IS1001c_D.foa.557"/>
    <foa endtime="1145.88" starttime="1144.84" type="person" role="PM" nxt_agent="A" nite:id="natasa_IS1001c_D.foa.558"/>
    <foa endtime="1149.32" starttime="1145.88" type="place" place="slide-screen" nite:id="natasa_IS1001c_D.foa.559"/>
    <foa endtime="1150.16" starttime="1149.32" type="person" role="ID" nxt_agent="B" nite:id="natasa_IS1001c_D.foa.560"/>
    <foa endtime="1151.12" starttime="1150.16" type="place" place="slide-screen" nite:id="natasa_IS1001c_D.foa.561"/>
    <foa endtime="1153.36" starttime="1151.12" type="person" role="PM" nxt_agent="A" nite:id="natasa_IS1001c_D.foa.562"/>
    <foa endtime="1154.32" starttime="1153.36" type="place" place="table" nite:id="natasa_IS1001c_D.foa.563"/>
    <foa endtime="1157.0" starttime="1154.32" type="person" role="PM" nxt_agent="A" nite:id="natasa_IS1001c_D.foa.564"/>
    <foa endtime="1159.32" starttime="1157.0" type="place" place="table" nite:id="natasa_IS1001c_D.foa.565"/>
    <foa endtime="1159.56" starttime="1159.32" type="person" role="UI" nxt_agent="C" nite:id="natasa_IS1001c_D.foa.566"/>
    <foa endtime="1162.8" starttime="1159.56" type="place" place="slide-screen" nite:id="natasa_IS1001c_D.foa.567"/>
    <foa endtime="1164.16" starttime="1162.8" type="place" place="table" nite:id="natasa_IS1001c_D.foa.568"/>
    <foa endtime="1166.76" starttime="1164.16" type="place" place="slide-screen" nite:id="natasa_IS1001c_D.foa.569"/>
    <foa endtime="1167.12" starttime="1166.76" type="person" role="PM" nxt_agent="A" nite:id="natasa_IS1001c_D.foa.570"/>
    <foa endtime="1168.36" starttime="1167.12" type="place" place="table" nite:id="natasa_IS1001c_D.foa.571"/>
    <foa endtime="1169.12" starttime="1168.36" type="person" role="PM" nxt_agent="A" nite:id="natasa_IS1001c_D.foa.572"/>
    <foa endtime="1169.64" starttime="1169.12" type="place" place="slide-screen" nite:id="natasa_IS1001c_D.foa.573"/>
    <foa endtime="1170.0" starttime="1169.64" type="person" role="UI" nxt_agent="C" nite:id="natasa_IS1001c_D.foa.574"/>
    <foa endtime="1170.72" starttime="1170.0" type="place" place="table" nite:id="natasa_IS1001c_D.foa.575"/>
    <foa endtime="1171.56" starttime="1170.72" type="person" role="PM" nxt_agent="A" nite:id="natasa_IS1001c_D.foa.576"/>
    <foa endtime="1172.92" starttime="1171.56" type="place" place="slide-screen" nite:id="natasa_IS1001c_D.foa.577"/>
    <foa endtime="1173.56" starttime="1172.92" type="person" role="PM" nxt_agent="A" nite:id="natasa_IS1001c_D.foa.578"/>
    <foa endtime="1174.12" starttime="1173.56" type="place" place="table" nite:id="natasa_IS1001c_D.foa.579"/>
    <foa endtime="1174.48" starttime="1174.12" type="person" role="ID" nxt_agent="B" nite:id="natasa_IS1001c_D.foa.580"/>
    <foa endtime="1180.52" starttime="1174.48" type="place" place="table" nite:id="natasa_IS1001c_D.foa.581"/>
    <foa endtime="1181.24" starttime="1180.52" type="person" role="ID" nxt_agent="B" nite:id="natasa_IS1001c_D.foa.582"/>
    <foa endtime="1187.92" starttime="1181.24" type="place" place="table" nite:id="natasa_IS1001c_D.foa.583"/>
    <foa endtime="1192.04" starttime="1187.92" type="person" role="UI" nxt_agent="C" nite:id="natasa_IS1001c_D.foa.584"/>
    <foa endtime="1194.2" starttime="1192.04" type="place" place="table" nite:id="natasa_IS1001c_D.foa.585"/>
    <foa endtime="1194.68" starttime="1194.2" type="person" role="PM" nxt_agent="A" nite:id="natasa_IS1001c_D.foa.586"/>
    <foa endtime="1195.0" starttime="1194.68" type="person" role="UI" nxt_agent="C" nite:id="natasa_IS1001c_D.foa.587"/>
    <foa endtime="1195.48" starttime="1195.0" type="place" place="table" nite:id="natasa_IS1001c_D.foa.588"/>
    <foa endtime="1195.84" starttime="1195.48" type="person" role="UI" nxt_agent="C" nite:id="natasa_IS1001c_D.foa.589"/>
    <foa endtime="1196.48" starttime="1195.84" type="place" place="table" nite:id="natasa_IS1001c_D.foa.590"/>
    <foa endtime="1196.72" starttime="1196.48" type="person" role="UI" nxt_agent="C" nite:id="natasa_IS1001c_D.foa.591"/>
    <foa endtime="1197.56" starttime="1196.72" type="place" place="table" nite:id="natasa_IS1001c_D.foa.592"/>
    <foa endtime="1198.6" starttime="1197.56" type="person" role="UI" nxt_agent="C" nite:id="natasa_IS1001c_D.foa.593"/>
    <foa endtime="1201.28" starttime="1198.6" type="place" place="table" nite:id="natasa_IS1001c_D.foa.594"/>
    <foa endtime="1202.88" starttime="1201.28" type="person" role="UI" nxt_agent="C" nite:id="natasa_IS1001c_D.foa.595"/>
    <foa endtime="1207.2" starttime="1202.88" type="place" place="table" nite:id="natasa_IS1001c_D.foa.596"/>
    <foa endtime="1207.8" starttime="1207.2" type="person" role="UI" nxt_agent="C" nite:id="natasa_IS1001c_D.foa.597"/>
    <foa endtime="1210.52" starttime="1207.8" type="place" place="table" nite:id="natasa_IS1001c_D.foa.598"/>
    <foa endtime="1211.24" starttime="1210.52" type="person" role="UI" nxt_agent="C" nite:id="natasa_IS1001c_D.foa.599"/>
    <foa endtime="1216.0" starttime="1211.24" type="place" place="table" nite:id="natasa_IS1001c_D.foa.600"/>
    <foa endtime="1216.24" starttime="1216.0" type="person" role="UI" nxt_agent="C" nite:id="natasa_IS1001c_D.foa.601"/>
    <foa endtime="1218.2" starttime="1216.24" type="place" place="table" nite:id="natasa_IS1001c_D.foa.602"/>
    <foa endtime="1218.68" starttime="1218.2" type="person" role="PM" nxt_agent="A" nite:id="natasa_IS1001c_D.foa.603"/>
    <foa endtime="1225.28" starttime="1218.68" type="place" place="table" nite:id="natasa_IS1001c_D.foa.604"/>
    <foa endtime="1225.52" starttime="1225.28" type="person" role="UI" nxt_agent="C" nite:id="natasa_IS1001c_D.foa.605"/>
    <foa endtime="1225.76" starttime="1225.52" type="person" role="PM" nxt_agent="A" nite:id="natasa_IS1001c_D.foa.606"/>
    <foa endtime="1232.0" starttime="1225.76" type="place" place="table" nite:id="natasa_IS1001c_D.foa.607"/>
    <foa endtime="1232.44" starttime="1232.0" type="person" role="UI" nxt_agent="C" nite:id="natasa_IS1001c_D.foa.608"/>
    <foa endtime="1235.04" starttime="1232.44" type="place" place="table" nite:id="natasa_IS1001c_D.foa.609"/>
    <foa endtime="1235.4" starttime="1235.04" type="person" role="UI" nxt_agent="C" nite:id="natasa_IS1001c_D.foa.610"/>
    <foa endtime="1238.04" starttime="1235.4" type="place" place="table" nite:id="natasa_IS1001c_D.foa.611"/>
    <foa endtime="1238.4" starttime="1238.04" type="person" role="PM" nxt_agent="A" nite:id="natasa_IS1001c_D.foa.612"/>
    <foa endtime="1240.76" starttime="1238.4" type="person" role="UI" nxt_agent="C" nite:id="natasa_IS1001c_D.foa.613"/>
    <foa endtime="1242.44" starttime="1240.76" type="person" role="PM" nxt_agent="A" nite:id="natasa_IS1001c_D.foa.614"/>
    <foa endtime="1245.16" starttime="1242.44" type="place" place="table" nite:id="natasa_IS1001c_D.foa.615"/>
    <foa endtime="1249.32" starttime="1245.16" type="person" role="PM" nxt_agent="A" nite:id="natasa_IS1001c_D.foa.616"/>
    <foa endtime="1249.68" starttime="1249.32" type="place" place="table" nite:id="natasa_IS1001c_D.foa.617"/>
    <foa endtime="1249.92" starttime="1249.68" type="person" role="UI" nxt_agent="C" nite:id="natasa_IS1001c_D.foa.618"/>
    <foa endtime="1250.28" starttime="1249.92" type="person" role="PM" nxt_agent="A" nite:id="natasa_IS1001c_D.foa.619"/>
    <foa endtime="1252.2" starttime="1250.28" type="place" place="table" nite:id="natasa_IS1001c_D.foa.620"/>
    <foa endtime="1252.44" starttime="1252.2" type="person" role="UI" nxt_agent="C" nite:id="natasa_IS1001c_D.foa.621"/>
    <foa endtime="1253.8" starttime="1252.44" type="place" place="table" nite:id="natasa_IS1001c_D.foa.622"/>
    <foa endtime="1254.16" starttime="1253.8" type="person" role="UI" nxt_agent="C" nite:id="natasa_IS1001c_D.foa.623"/>
    <foa endtime="1260.12" starttime="1254.16" type="place" place="table" nite:id="natasa_IS1001c_D.foa.624"/>
    <foa endtime="1260.88" starttime="1260.12" type="person" role="UI" nxt_agent="C" nite:id="natasa_IS1001c_D.foa.625"/>
    <foa endtime="1262.0" starttime="1260.88" type="place" place="table" nite:id="natasa_IS1001c_D.foa.626"/>
    <foa endtime="1262.32" starttime="1262.0" type="person" role="PM" nxt_agent="A" nite:id="natasa_IS1001c_D.foa.627"/>
    <foa endtime="1263.96" starttime="1262.32" type="place" place="table" nite:id="natasa_IS1001c_D.foa.628"/>
    <foa endtime="1265.68" starttime="1263.96" type="person" role="PM" nxt_agent="A" nite:id="natasa_IS1001c_D.foa.629"/>
    <foa endtime="1266.04" starttime="1265.68" type="person" role="UI" nxt_agent="C" nite:id="natasa_IS1001c_D.foa.630"/>
    <foa endtime="1266.28" starttime="1266.04" type="person" role="PM" nxt_agent="A" nite:id="natasa_IS1001c_D.foa.631"/>
    <foa endtime="1267.0" starttime="1266.28" type="place" place="table" nite:id="natasa_IS1001c_D.foa.632"/>
    <foa endtime="1268.16" starttime="1267.0" type="person" role="PM" nxt_agent="A" nite:id="natasa_IS1001c_D.foa.633"/>
    <foa endtime="1268.6" starttime="1268.16" type="person" role="UI" nxt_agent="C" nite:id="natasa_IS1001c_D.foa.634"/>
    <foa endtime="1274.24" starttime="1268.6" type="place" place="table" nite:id="natasa_IS1001c_D.foa.635"/>
    <foa endtime="1274.72" starttime="1274.24" type="person" role="UI" nxt_agent="C" nite:id="natasa_IS1001c_D.foa.636"/>
    <foa endtime="1276.24" starttime="1274.72" type="place" place="table" nite:id="natasa_IS1001c_D.foa.637"/>
    <foa endtime="1276.48" starttime="1276.24" type="person" role="UI" nxt_agent="C" nite:id="natasa_IS1001c_D.foa.638"/>
    <foa endtime="1277.76" starttime="1276.48" type="person" role="PM" nxt_agent="A" nite:id="natasa_IS1001c_D.foa.639"/>
    <foa endtime="1279.08" starttime="1277.76" type="person" role="UI" nxt_agent="C" nite:id="natasa_IS1001c_D.foa.640"/>
    <foa endtime="1282.88" starttime="1279.08" type="place" place="table" nite:id="natasa_IS1001c_D.foa.641"/>
    <foa endtime="1283.12" starttime="1282.88" type="person" role="PM" nxt_agent="A" nite:id="natasa_IS1001c_D.foa.642"/>
    <foa endtime="1284.32" starttime="1283.12" type="place" place="slide-screen" nite:id="natasa_IS1001c_D.foa.643"/>
    <foa endtime="1284.88" starttime="1284.32" type="place" place="table" nite:id="natasa_IS1001c_D.foa.644"/>
    <foa endtime="1285.12" starttime="1284.88" type="person" role="ID" nxt_agent="B" nite:id="natasa_IS1001c_D.foa.645"/>
    <foa endtime="1286.68" starttime="1285.12" type="place" place="table" nite:id="natasa_IS1001c_D.foa.646"/>
    <foa endtime="1293.48" starttime="1286.68" type="place" place="slide-screen" nite:id="natasa_IS1001c_D.foa.647"/>
    <foa endtime="1293.76" starttime="1293.48" type="person" role="PM" nxt_agent="A" nite:id="natasa_IS1001c_D.foa.648"/>
    <foa endtime="1294.64" starttime="1293.76" type="place" place="table" nite:id="natasa_IS1001c_D.foa.649"/>
    <foa endtime="1296.36" starttime="1294.64" type="person" role="PM" nxt_agent="A" nite:id="natasa_IS1001c_D.foa.650"/>
    <foa endtime="1313.28" starttime="1296.36" type="place" place="table" nite:id="natasa_IS1001c_D.foa.651"/>
    <foa endtime="1313.64" starttime="1313.28" type="person" role="PM" nxt_agent="A" nite:id="natasa_IS1001c_D.foa.652"/>
    <foa endtime="1313.88" starttime="1313.64" type="place" place="slide-screen" nite:id="natasa_IS1001c_D.foa.653"/>
    <foa endtime="1314.6" starttime="1313.88" type="place" place="table" nite:id="natasa_IS1001c_D.foa.654"/>
    <foa endtime="1315.84" starttime="1314.6" type="place" place="slide-screen" nite:id="natasa_IS1001c_D.foa.655"/>
    <foa endtime="1316.96" starttime="1315.84" type="place" place="table" nite:id="natasa_IS1001c_D.foa.656"/>
    <foa endtime="1317.32" starttime="1316.96" type="person" role="PM" nxt_agent="A" nite:id="natasa_IS1001c_D.foa.657"/>
    <foa endtime="1318.0" starttime="1317.32" type="place" place="slide-screen" nite:id="natasa_IS1001c_D.foa.658"/>
    <foa endtime="1318.36" starttime="1318.0" type="person" role="PM" nxt_agent="A" nite:id="natasa_IS1001c_D.foa.659"/>
    <foa endtime="1319.68" starttime="1318.36" type="place" place="slide-screen" nite:id="natasa_IS1001c_D.foa.660"/>
    <foa endtime="1320.64" starttime="1319.68" type="place" place="table" nite:id="natasa_IS1001c_D.foa.661"/>
    <foa endtime="1350.84" starttime="1320.64" type="place" place="slide-screen" nite:id="natasa_IS1001c_D.foa.662"/>
    <foa endtime="1355.84" starttime="1350.84" type="place" place="table" nite:id="natasa_IS1001c_D.foa.663"/>
    <foa endtime="1356.4" starttime="1355.84" type="place" place="slide-screen" nite:id="natasa_IS1001c_D.foa.664"/>
    <foa endtime="1361.92" starttime="1356.4" type="place" place="table" nite:id="natasa_IS1001c_D.foa.665"/>
    <foa endtime="1362.6" starttime="1361.92" type="place" place="slide-screen" nite:id="natasa_IS1001c_D.foa.666"/>
    <foa endtime="1369.88" starttime="1362.6" type="place" place="table" nite:id="natasa_IS1001c_D.foa.667"/>
    <foa endtime="1375.08" starttime="1369.88" type="place" place="slide-screen" nite:id="natasa_IS1001c_D.foa.668"/>
    <foa endtime="1375.44" starttime="1375.08" type="person" role="PM" nxt_agent="A" nite:id="natasa_IS1001c_D.foa.669"/>
    <foa endtime="1376.04" starttime="1375.44" type="place" place="slide-screen" nite:id="natasa_IS1001c_D.foa.670"/>
    <foa endtime="1379.48" starttime="1376.04" type="person" role="PM" nxt_agent="A" nite:id="natasa_IS1001c_D.foa.671"/>
    <foa endtime="1379.8" starttime="1379.48" type="place" place="table" nite:id="natasa_IS1001c_D.foa.672"/>
    <foa endtime="1380.68" starttime="1379.8" type="person" role="PM" nxt_agent="A" nite:id="natasa_IS1001c_D.foa.673"/>
    <foa endtime="1381.12" starttime="1380.68" type="person" role="UI" nxt_agent="C" nite:id="natasa_IS1001c_D.foa.674"/>
    <foa endtime="1381.36" starttime="1381.12" type="person" role="PM" nxt_agent="A" nite:id="natasa_IS1001c_D.foa.675"/>
    <foa endtime="1386.88" starttime="1381.36" type="place" place="slide-screen" nite:id="natasa_IS1001c_D.foa.676"/>
    <foa endtime="1387.48" starttime="1386.88" type="person" role="UI" nxt_agent="C" nite:id="natasa_IS1001c_D.foa.677"/>
    <foa endtime="1398.24" starttime="1387.48" type="place" place="slide-screen" nite:id="natasa_IS1001c_D.foa.678"/>
    <foa endtime="1398.6" starttime="1398.24" type="person" role="UI" nxt_agent="C" nite:id="natasa_IS1001c_D.foa.679"/>
    <foa endtime="1399.4" starttime="1398.6" type="unspecified" nite:id="natasa_IS1001c_D.foa.680"/>
    <foa endtime="1399.64" starttime="1399.4" type="person" role="UI" nxt_agent="C" nite:id="natasa_IS1001c_D.foa.681"/>
    <foa endtime="1402.24" starttime="1399.64" type="place" place="table" nite:id="natasa_IS1001c_D.foa.682"/>
    <foa endtime="1402.92" starttime="1402.24" type="person" role="PM" nxt_agent="A" nite:id="natasa_IS1001c_D.foa.683"/>
    <foa endtime="1405.68" starttime="1402.92" type="person" role="UI" nxt_agent="C" nite:id="natasa_IS1001c_D.foa.684"/>
    <foa endtime="1406.04" starttime="1405.68" type="person" role="PM" nxt_agent="A" nite:id="natasa_IS1001c_D.foa.685"/>
    <foa endtime="1407.0" starttime="1406.04" type="person" role="UI" nxt_agent="C" nite:id="natasa_IS1001c_D.foa.686"/>
    <foa endtime="1410.4" starttime="1407.0" type="person" role="PM" nxt_agent="A" nite:id="natasa_IS1001c_D.foa.687"/>
    <foa endtime="1411.32" starttime="1410.4" type="unspecified" nite:id="natasa_IS1001c_D.foa.688"/>
    <foa endtime="1412.04" starttime="1411.32" type="person" role="UI" nxt_agent="C" nite:id="natasa_IS1001c_D.foa.689"/>
    <foa endtime="1412.68" starttime="1412.04" type="person" role="PM" nxt_agent="A" nite:id="natasa_IS1001c_D.foa.690"/>
    <foa endtime="1414.64" starttime="1412.68" type="person" role="UI" nxt_agent="C" nite:id="natasa_IS1001c_D.foa.691"/>
    <foa endtime="1415.12" starttime="1414.64" type="person" role="PM" nxt_agent="A" nite:id="natasa_IS1001c_D.foa.692"/>
    <foa endtime="1415.76" starttime="1415.12" type="person" role="UI" nxt_agent="C" nite:id="natasa_IS1001c_D.foa.693"/>
    <foa endtime="1416.48" starttime="1415.76" type="place" place="table" nite:id="natasa_IS1001c_D.foa.694"/>
    <foa endtime="1416.72" starttime="1416.48" type="person" role="UI" nxt_agent="C" nite:id="natasa_IS1001c_D.foa.695"/>
    <foa endtime="1417.68" starttime="1416.72" type="person" role="PM" nxt_agent="A" nite:id="natasa_IS1001c_D.foa.696"/>
    <foa endtime="1420.44" starttime="1417.68" type="person" role="UI" nxt_agent="C" nite:id="natasa_IS1001c_D.foa.697"/>
    <foa endtime="1423.44" starttime="1420.44" type="place" place="table" nite:id="natasa_IS1001c_D.foa.698"/>
    <foa endtime="1424.04" starttime="1423.44" type="person" role="PM" nxt_agent="A" nite:id="natasa_IS1001c_D.foa.699"/>
    <foa endtime="1427.24" starttime="1424.04" type="place" place="table" nite:id="natasa_IS1001c_D.foa.700"/>
    <foa endtime="1428.52" starttime="1427.24" type="unspecified" nite:id="natasa_IS1001c_D.foa.701"/>
    <foa endtime="1435.0" starttime="1428.52" type="place" place="table" nite:id="natasa_IS1001c_D.foa.702"/>
</nite:root>
