<?xml version="1.0" encoding="UTF-8"?>
<nite:root xmlns:nite="http://nite.sourceforge.net/" nite:id="IDIAP_IS1008d_B.nite:root.1">
    <foa endtime="68.2" starttime="0.0" type="unspecified" nite:id="IDIAP_IS1008d_B.foa.1"/>
    <foa endtime="70.72" starttime="68.2" type="place" place="table" nite:id="IDIAP_IS1008d_B.foa.2"/>
    <foa endtime="74.04" starttime="70.72" type="place" place="slide-screen" nite:id="IDIAP_IS1008d_B.foa.3"/>
    <foa endtime="74.2" starttime="74.04" type="person" role="PM" nxt_agent="A" nite:id="IDIAP_IS1008d_B.foa.4"/>
    <foa endtime="75.24" starttime="74.2" type="unspecified" nite:id="IDIAP_IS1008d_B.foa.5"/>
    <foa endtime="80.64" starttime="75.24" type="person" role="PM" nxt_agent="A" nite:id="IDIAP_IS1008d_B.foa.6"/>
    <foa endtime="81.36" starttime="80.64" type="person" role="UI" nxt_agent="C" nite:id="IDIAP_IS1008d_B.foa.7"/>
    <foa endtime="81.64" starttime="81.36" type="person" role="PM" nxt_agent="A" nite:id="IDIAP_IS1008d_B.foa.8"/>
    <foa endtime="81.84" starttime="81.64" type="place" place="table" nite:id="IDIAP_IS1008d_B.foa.9"/>
    <foa endtime="83.08" starttime="81.84" type="person" role="PM" nxt_agent="A" nite:id="IDIAP_IS1008d_B.foa.10"/>
    <foa endtime="83.72" starttime="83.08" type="place" place="table" nite:id="IDIAP_IS1008d_B.foa.11"/>
    <foa endtime="86.28" starttime="83.72" type="person" role="PM" nxt_agent="A" nite:id="IDIAP_IS1008d_B.foa.12"/>
    <foa endtime="96.56" starttime="86.28" type="place" place="slide-screen" nite:id="IDIAP_IS1008d_B.foa.13"/>
    <foa endtime="97.48" starttime="96.56" type="person" role="UI" nxt_agent="C" nite:id="IDIAP_IS1008d_B.foa.14"/>
    <foa endtime="97.72" starttime="97.48" type="person" role="PM" nxt_agent="A" nite:id="IDIAP_IS1008d_B.foa.15"/>
    <foa endtime="98.0" starttime="97.72" type="place" place="table" nite:id="IDIAP_IS1008d_B.foa.16"/>
    <foa endtime="98.2" starttime="98.0" type="person" role="UI" nxt_agent="C" nite:id="IDIAP_IS1008d_B.foa.17"/>
    <foa endtime="98.48" starttime="98.2" type="person" role="PM" nxt_agent="A" nite:id="IDIAP_IS1008d_B.foa.18"/>
    <foa endtime="98.68" starttime="98.48" type="place" place="table" nite:id="IDIAP_IS1008d_B.foa.19"/>
    <foa endtime="99.2" starttime="98.68" type="person" role="UI" nxt_agent="C" nite:id="IDIAP_IS1008d_B.foa.20"/>
    <foa endtime="99.48" starttime="99.2" type="place" place="table" nite:id="IDIAP_IS1008d_B.foa.21"/>
    <foa endtime="103.68" starttime="99.48" type="person" role="UI" nxt_agent="C" nite:id="IDIAP_IS1008d_B.foa.22"/>
    <foa endtime="138.52" starttime="103.68" type="place" place="slide-screen" nite:id="IDIAP_IS1008d_B.foa.23"/>
    <foa endtime="140.64" starttime="138.52" type="person" role="UI" nxt_agent="C" nite:id="IDIAP_IS1008d_B.foa.24"/>
    <foa endtime="140.84" starttime="140.64" type="person" role="PM" nxt_agent="A" nite:id="IDIAP_IS1008d_B.foa.25"/>
    <foa endtime="141.72" starttime="140.84" type="place" place="slide-screen" nite:id="IDIAP_IS1008d_B.foa.26"/>
    <foa endtime="142.76" starttime="141.72" type="person" role="PM" nxt_agent="A" nite:id="IDIAP_IS1008d_B.foa.27"/>
    <foa endtime="143.2" starttime="142.76" type="place" place="table" nite:id="IDIAP_IS1008d_B.foa.28"/>
    <foa endtime="143.48" starttime="143.2" type="person" role="PM" nxt_agent="A" nite:id="IDIAP_IS1008d_B.foa.29"/>
    <foa endtime="143.72" starttime="143.48" type="unspecified" nite:id="IDIAP_IS1008d_B.foa.30"/>
    <foa endtime="149.2" starttime="143.72" type="place" place="slide-screen" nite:id="IDIAP_IS1008d_B.foa.31"/>
    <foa endtime="149.76" starttime="149.2" type="person" role="UI" nxt_agent="C" nite:id="IDIAP_IS1008d_B.foa.32"/>
    <foa endtime="150.52" starttime="149.76" type="place" place="table" nite:id="IDIAP_IS1008d_B.foa.33"/>
    <foa endtime="155.0" starttime="150.52" type="place" place="slide-screen" nite:id="IDIAP_IS1008d_B.foa.34"/>
    <foa endtime="155.48" starttime="155.0" type="person" role="UI" nxt_agent="C" nite:id="IDIAP_IS1008d_B.foa.35"/>
    <foa endtime="156.0" starttime="155.48" type="place" place="table" nite:id="IDIAP_IS1008d_B.foa.36"/>
    <foa endtime="166.04" starttime="156.0" type="person" role="UI" nxt_agent="C" nite:id="IDIAP_IS1008d_B.foa.37"/>
    <foa endtime="166.28" starttime="166.04" type="place" place="table" nite:id="IDIAP_IS1008d_B.foa.38"/>
    <foa endtime="167.2" starttime="166.28" type="person" role="UI" nxt_agent="C" nite:id="IDIAP_IS1008d_B.foa.39"/>
    <foa endtime="184.0" starttime="167.2" type="place" place="slide-screen" nite:id="IDIAP_IS1008d_B.foa.40"/>
    <foa endtime="184.32" starttime="184.0" type="person" role="PM" nxt_agent="A" nite:id="IDIAP_IS1008d_B.foa.41"/>
    <foa endtime="184.68" starttime="184.32" type="place" place="table" nite:id="IDIAP_IS1008d_B.foa.42"/>
    <foa endtime="185.16" starttime="184.68" type="person" role="UI" nxt_agent="C" nite:id="IDIAP_IS1008d_B.foa.43"/>
    <foa endtime="185.44" starttime="185.16" type="person" role="PM" nxt_agent="A" nite:id="IDIAP_IS1008d_B.foa.44"/>
    <foa endtime="185.48" starttime="185.44" type="person" role="UI" nxt_agent="C" nite:id="IDIAP_IS1008d_B.foa.45"/>
    <foa endtime="186.16" starttime="185.48" type="place" place="table" nite:id="IDIAP_IS1008d_B.foa.46"/>
    <foa endtime="186.4" starttime="186.16" type="person" role="UI" nxt_agent="C" nite:id="IDIAP_IS1008d_B.foa.47"/>
    <foa endtime="186.88" starttime="186.4" type="person" role="PM" nxt_agent="A" nite:id="IDIAP_IS1008d_B.foa.48"/>
    <foa endtime="188.08" starttime="186.88" type="place" place="table" nite:id="IDIAP_IS1008d_B.foa.49"/>
    <foa endtime="189.04" starttime="188.08" type="person" role="PM" nxt_agent="A" nite:id="IDIAP_IS1008d_B.foa.50"/>
    <foa endtime="190.48" starttime="189.04" type="place" place="table" nite:id="IDIAP_IS1008d_B.foa.51"/>
    <foa endtime="190.68" starttime="190.48" type="person" role="PM" nxt_agent="A" nite:id="IDIAP_IS1008d_B.foa.52"/>
    <foa endtime="192.08" starttime="190.68" type="person" role="UI" nxt_agent="C" nite:id="IDIAP_IS1008d_B.foa.53"/>
    <foa endtime="192.92" starttime="192.08" type="person" role="ME" nxt_agent="D" nite:id="IDIAP_IS1008d_B.foa.54"/>
    <foa endtime="212.68" starttime="192.92" type="unspecified" nite:id="IDIAP_IS1008d_B.foa.55"/>
    <foa endtime="213.6" starttime="212.68" type="person" role="UI" nxt_agent="C" nite:id="IDIAP_IS1008d_B.foa.56"/>
    <foa endtime="214.64" starttime="213.6" type="unspecified" nite:id="IDIAP_IS1008d_B.foa.57"/>
    <foa endtime="216.08" starttime="214.64" type="person" role="UI" nxt_agent="C" nite:id="IDIAP_IS1008d_B.foa.58"/>
    <foa endtime="216.32" starttime="216.08" type="unspecified" nite:id="IDIAP_IS1008d_B.foa.59"/>
    <foa endtime="216.68" starttime="216.32" type="person" role="UI" nxt_agent="C" nite:id="IDIAP_IS1008d_B.foa.60"/>
    <foa endtime="217.16" starttime="216.68" type="unspecified" nite:id="IDIAP_IS1008d_B.foa.61"/>
    <foa endtime="219.2" starttime="217.16" type="person" role="UI" nxt_agent="C" nite:id="IDIAP_IS1008d_B.foa.62"/>
    <foa endtime="219.52" starttime="219.2" type="unspecified" nite:id="IDIAP_IS1008d_B.foa.63"/>
    <foa endtime="225.16" starttime="219.52" type="person" role="UI" nxt_agent="C" nite:id="IDIAP_IS1008d_B.foa.64"/>
    <foa endtime="231.68" starttime="225.16" type="unspecified" nite:id="IDIAP_IS1008d_B.foa.65"/>
    <foa endtime="233.0" starttime="231.68" type="person" role="UI" nxt_agent="C" nite:id="IDIAP_IS1008d_B.foa.66"/>
    <foa endtime="233.64" starttime="233.0" type="unspecified" nite:id="IDIAP_IS1008d_B.foa.67"/>
    <foa endtime="234.52" starttime="233.64" type="person" role="UI" nxt_agent="C" nite:id="IDIAP_IS1008d_B.foa.68"/>
    <foa endtime="236.04" starttime="234.52" type="unspecified" nite:id="IDIAP_IS1008d_B.foa.69"/>
    <foa endtime="236.84" starttime="236.04" type="person" role="UI" nxt_agent="C" nite:id="IDIAP_IS1008d_B.foa.70"/>
    <foa endtime="237.68" starttime="236.84" type="unspecified" nite:id="IDIAP_IS1008d_B.foa.71"/>
    <foa endtime="239.6" starttime="237.68" type="person" role="UI" nxt_agent="C" nite:id="IDIAP_IS1008d_B.foa.72"/>
    <foa endtime="241.16" starttime="239.6" type="unspecified" nite:id="IDIAP_IS1008d_B.foa.73"/>
    <foa endtime="241.44" starttime="241.16" type="person" role="UI" nxt_agent="C" nite:id="IDIAP_IS1008d_B.foa.74"/>
    <foa endtime="243.8" starttime="241.44" type="unspecified" nite:id="IDIAP_IS1008d_B.foa.75"/>
    <foa endtime="245.84" starttime="243.8" type="person" role="UI" nxt_agent="C" nite:id="IDIAP_IS1008d_B.foa.76"/>
    <foa endtime="252.36" starttime="245.84" type="unspecified" nite:id="IDIAP_IS1008d_B.foa.77"/>
    <foa endtime="253.8" starttime="252.36" type="person" role="UI" nxt_agent="C" nite:id="IDIAP_IS1008d_B.foa.78"/>
    <foa endtime="255.8" starttime="253.8" type="unspecified" nite:id="IDIAP_IS1008d_B.foa.79"/>
    <foa endtime="256.56" starttime="255.8" type="person" role="UI" nxt_agent="C" nite:id="IDIAP_IS1008d_B.foa.80"/>
    <foa endtime="258.16" starttime="256.56" type="unspecified" nite:id="IDIAP_IS1008d_B.foa.81"/>
    <foa endtime="258.6" starttime="258.16" type="person" role="UI" nxt_agent="C" nite:id="IDIAP_IS1008d_B.foa.82"/>
    <foa endtime="260.0" starttime="258.6" type="person" role="PM" nxt_agent="A" nite:id="IDIAP_IS1008d_B.foa.83"/>
    <foa endtime="260.4" starttime="260.0" type="unspecified" nite:id="IDIAP_IS1008d_B.foa.84"/>
    <foa endtime="260.76" starttime="260.4" type="person" role="UI" nxt_agent="C" nite:id="IDIAP_IS1008d_B.foa.85"/>
    <foa endtime="261.72" starttime="260.76" type="person" role="ME" nxt_agent="D" nite:id="IDIAP_IS1008d_B.foa.86"/>
    <foa endtime="262.64" starttime="261.72" type="unspecified" nite:id="IDIAP_IS1008d_B.foa.87"/>
    <foa endtime="263.32" starttime="262.64" type="person" role="UI" nxt_agent="C" nite:id="IDIAP_IS1008d_B.foa.88"/>
    <foa endtime="263.72" starttime="263.32" type="unspecified" nite:id="IDIAP_IS1008d_B.foa.89"/>
    <foa endtime="264.4" starttime="263.72" type="person" role="UI" nxt_agent="C" nite:id="IDIAP_IS1008d_B.foa.90"/>
    <foa endtime="272.36" starttime="264.4" type="unspecified" nite:id="IDIAP_IS1008d_B.foa.91"/>
    <foa endtime="276.48" starttime="272.36" type="person" role="PM" nxt_agent="A" nite:id="IDIAP_IS1008d_B.foa.92"/>
    <foa endtime="276.76" starttime="276.48" type="person" role="UI" nxt_agent="C" nite:id="IDIAP_IS1008d_B.foa.93"/>
    <foa endtime="277.28" starttime="276.76" type="unspecified" nite:id="IDIAP_IS1008d_B.foa.94"/>
    <foa endtime="278.24" starttime="277.28" type="person" role="PM" nxt_agent="A" nite:id="IDIAP_IS1008d_B.foa.95"/>
    <foa endtime="278.4" starttime="278.24" type="person" role="UI" nxt_agent="C" nite:id="IDIAP_IS1008d_B.foa.96"/>
    <foa endtime="279.08" starttime="278.4" type="place" place="table" nite:id="IDIAP_IS1008d_B.foa.97"/>
    <foa endtime="280.32" starttime="279.08" type="person" role="PM" nxt_agent="A" nite:id="IDIAP_IS1008d_B.foa.98"/>
    <foa endtime="280.88" starttime="280.32" type="person" role="UI" nxt_agent="C" nite:id="IDIAP_IS1008d_B.foa.99"/>
    <foa endtime="283.88" starttime="280.88" type="person" role="PM" nxt_agent="A" nite:id="IDIAP_IS1008d_B.foa.100"/>
    <foa endtime="285.2" starttime="283.88" type="unspecified" nite:id="IDIAP_IS1008d_B.foa.101"/>
    <foa endtime="285.88" starttime="285.2" type="person" role="PM" nxt_agent="A" nite:id="IDIAP_IS1008d_B.foa.102"/>
    <foa endtime="286.6" starttime="285.88" type="unspecified" nite:id="IDIAP_IS1008d_B.foa.103"/>
    <foa endtime="288.56" starttime="286.6" type="person" role="UI" nxt_agent="C" nite:id="IDIAP_IS1008d_B.foa.104"/>
    <foa endtime="289.0" starttime="288.56" type="person" role="PM" nxt_agent="A" nite:id="IDIAP_IS1008d_B.foa.105"/>
    <foa endtime="291.16" starttime="289.0" type="unspecified" nite:id="IDIAP_IS1008d_B.foa.106"/>
    <foa endtime="294.36" starttime="291.16" type="person" role="PM" nxt_agent="A" nite:id="IDIAP_IS1008d_B.foa.107"/>
    <foa endtime="294.68" starttime="294.36" type="person" role="UI" nxt_agent="C" nite:id="IDIAP_IS1008d_B.foa.108"/>
    <foa endtime="297.08" starttime="294.68" type="unspecified" nite:id="IDIAP_IS1008d_B.foa.109"/>
    <foa endtime="298.0" starttime="297.08" type="person" role="PM" nxt_agent="A" nite:id="IDIAP_IS1008d_B.foa.110"/>
    <foa endtime="298.32" starttime="298.0" type="place" place="table" nite:id="IDIAP_IS1008d_B.foa.111"/>
    <foa endtime="299.0" starttime="298.32" type="person" role="UI" nxt_agent="C" nite:id="IDIAP_IS1008d_B.foa.112"/>
    <foa endtime="299.36" starttime="299.0" type="unspecified" nite:id="IDIAP_IS1008d_B.foa.113"/>
    <foa endtime="300.16" starttime="299.36" type="person" role="UI" nxt_agent="C" nite:id="IDIAP_IS1008d_B.foa.114"/>
    <foa endtime="300.76" starttime="300.16" type="unspecified" nite:id="IDIAP_IS1008d_B.foa.115"/>
    <foa endtime="302.68" starttime="300.76" type="person" role="UI" nxt_agent="C" nite:id="IDIAP_IS1008d_B.foa.116"/>
    <foa endtime="302.92" starttime="302.68" type="unspecified" nite:id="IDIAP_IS1008d_B.foa.117"/>
    <foa endtime="304.36" starttime="302.92" type="person" role="UI" nxt_agent="C" nite:id="IDIAP_IS1008d_B.foa.118"/>
    <foa endtime="304.96" starttime="304.36" type="person" role="PM" nxt_agent="A" nite:id="IDIAP_IS1008d_B.foa.119"/>
    <foa endtime="305.56" starttime="304.96" type="person" role="UI" nxt_agent="C" nite:id="IDIAP_IS1008d_B.foa.120"/>
    <foa endtime="306.28" starttime="305.56" type="unspecified" nite:id="IDIAP_IS1008d_B.foa.121"/>
    <foa endtime="308.08" starttime="306.28" type="person" role="PM" nxt_agent="A" nite:id="IDIAP_IS1008d_B.foa.122"/>
    <foa endtime="308.44" starttime="308.08" type="unspecified" nite:id="IDIAP_IS1008d_B.foa.123"/>
    <foa endtime="308.68" starttime="308.44" type="person" role="PM" nxt_agent="A" nite:id="IDIAP_IS1008d_B.foa.124"/>
    <foa endtime="309.88" starttime="308.68" type="place" place="table" nite:id="IDIAP_IS1008d_B.foa.125"/>
    <foa endtime="314.8" starttime="309.88" type="person" role="PM" nxt_agent="A" nite:id="IDIAP_IS1008d_B.foa.126"/>
    <foa endtime="315.76" starttime="314.8" type="person" role="UI" nxt_agent="C" nite:id="IDIAP_IS1008d_B.foa.127"/>
    <foa endtime="317.2" starttime="315.76" type="unspecified" nite:id="IDIAP_IS1008d_B.foa.128"/>
    <foa endtime="317.68" starttime="317.2" type="person" role="PM" nxt_agent="A" nite:id="IDIAP_IS1008d_B.foa.129"/>
    <foa endtime="319.12" starttime="317.68" type="person" role="UI" nxt_agent="C" nite:id="IDIAP_IS1008d_B.foa.130"/>
    <foa endtime="325.12" starttime="319.12" type="person" role="PM" nxt_agent="A" nite:id="IDIAP_IS1008d_B.foa.131"/>
    <foa endtime="327.36" starttime="325.12" type="person" role="UI" nxt_agent="C" nite:id="IDIAP_IS1008d_B.foa.132"/>
    <foa endtime="327.96" starttime="327.36" type="unspecified" nite:id="IDIAP_IS1008d_B.foa.133"/>
    <foa endtime="330.88" starttime="327.96" type="person" role="UI" nxt_agent="C" nite:id="IDIAP_IS1008d_B.foa.134"/>
    <foa endtime="331.72" starttime="330.88" type="person" role="PM" nxt_agent="A" nite:id="IDIAP_IS1008d_B.foa.135"/>
    <foa endtime="332.2" starttime="331.72" type="person" role="UI" nxt_agent="C" nite:id="IDIAP_IS1008d_B.foa.136"/>
    <foa endtime="333.16" starttime="332.2" type="unspecified" nite:id="IDIAP_IS1008d_B.foa.137"/>
    <foa endtime="333.76" starttime="333.16" type="place" place="table" nite:id="IDIAP_IS1008d_B.foa.138"/>
    <foa endtime="335.32" starttime="333.76" type="person" role="UI" nxt_agent="C" nite:id="IDIAP_IS1008d_B.foa.139"/>
    <foa endtime="335.8" starttime="335.32" type="place" place="table" nite:id="IDIAP_IS1008d_B.foa.140"/>
    <foa endtime="336.88" starttime="335.8" type="person" role="UI" nxt_agent="C" nite:id="IDIAP_IS1008d_B.foa.141"/>
    <foa endtime="337.48" starttime="336.88" type="person" role="PM" nxt_agent="A" nite:id="IDIAP_IS1008d_B.foa.142"/>
    <foa endtime="337.96" starttime="337.48" type="person" role="UI" nxt_agent="C" nite:id="IDIAP_IS1008d_B.foa.143"/>
    <foa endtime="339.4" starttime="337.96" type="person" role="PM" nxt_agent="A" nite:id="IDIAP_IS1008d_B.foa.144"/>
    <foa endtime="342.28" starttime="339.4" type="place" place="table" nite:id="IDIAP_IS1008d_B.foa.145"/>
    <foa endtime="343.72" starttime="342.28" type="person" role="PM" nxt_agent="A" nite:id="IDIAP_IS1008d_B.foa.146"/>
    <foa endtime="345.16" starttime="343.72" type="person" role="UI" nxt_agent="C" nite:id="IDIAP_IS1008d_B.foa.147"/>
    <foa endtime="346.36" starttime="345.16" type="person" role="ME" nxt_agent="D" nite:id="IDIAP_IS1008d_B.foa.148"/>
    <foa endtime="348.64" starttime="346.36" type="person" role="UI" nxt_agent="C" nite:id="IDIAP_IS1008d_B.foa.149"/>
    <foa endtime="349.48" starttime="348.64" type="person" role="ME" nxt_agent="D" nite:id="IDIAP_IS1008d_B.foa.150"/>
    <foa endtime="350.08" starttime="349.48" type="person" role="PM" nxt_agent="A" nite:id="IDIAP_IS1008d_B.foa.151"/>
    <foa endtime="355.64" starttime="350.08" type="place" place="table" nite:id="IDIAP_IS1008d_B.foa.152"/>
    <foa endtime="356.12" starttime="355.64" type="person" role="UI" nxt_agent="C" nite:id="IDIAP_IS1008d_B.foa.153"/>
    <foa endtime="356.84" starttime="356.12" type="unspecified" nite:id="IDIAP_IS1008d_B.foa.154"/>
    <foa endtime="357.2" starttime="356.84" type="person" role="UI" nxt_agent="C" nite:id="IDIAP_IS1008d_B.foa.155"/>
    <foa endtime="358.4" starttime="357.2" type="unspecified" nite:id="IDIAP_IS1008d_B.foa.156"/>
    <foa endtime="359.24" starttime="358.4" type="place" place="table" nite:id="IDIAP_IS1008d_B.foa.157"/>
    <foa endtime="359.72" starttime="359.24" type="person" role="ME" nxt_agent="D" nite:id="IDIAP_IS1008d_B.foa.158"/>
    <foa endtime="361.88" starttime="359.72" type="place" place="table" nite:id="IDIAP_IS1008d_B.foa.159"/>
    <foa endtime="363.32" starttime="361.88" type="unspecified" nite:id="IDIAP_IS1008d_B.foa.160"/>
    <foa endtime="363.56" starttime="363.32" type="person" role="UI" nxt_agent="C" nite:id="IDIAP_IS1008d_B.foa.161"/>
    <foa endtime="368.12" starttime="363.56" type="unspecified" nite:id="IDIAP_IS1008d_B.foa.162"/>
    <foa endtime="368.6" starttime="368.12" type="person" role="ME" nxt_agent="D" nite:id="IDIAP_IS1008d_B.foa.163"/>
    <foa endtime="376.16" starttime="368.6" type="unspecified" nite:id="IDIAP_IS1008d_B.foa.164"/>
    <foa endtime="377.6" starttime="376.16" type="person" role="PM" nxt_agent="A" nite:id="IDIAP_IS1008d_B.foa.165"/>
    <foa endtime="384.68" starttime="377.6" type="unspecified" nite:id="IDIAP_IS1008d_B.foa.166"/>
    <foa endtime="385.52" starttime="384.68" type="person" role="ME" nxt_agent="D" nite:id="IDIAP_IS1008d_B.foa.167"/>
    <foa endtime="386.36" starttime="385.52" type="unspecified" nite:id="IDIAP_IS1008d_B.foa.168"/>
    <foa endtime="386.6" starttime="386.36" type="person" role="UI" nxt_agent="C" nite:id="IDIAP_IS1008d_B.foa.169"/>
    <foa endtime="387.68" starttime="386.6" type="person" role="PM" nxt_agent="A" nite:id="IDIAP_IS1008d_B.foa.170"/>
    <foa endtime="388.52" starttime="387.68" type="person" role="UI" nxt_agent="C" nite:id="IDIAP_IS1008d_B.foa.171"/>
    <foa endtime="389.24" starttime="388.52" type="unspecified" nite:id="IDIAP_IS1008d_B.foa.172"/>
    <foa endtime="389.84" starttime="389.24" type="person" role="PM" nxt_agent="A" nite:id="IDIAP_IS1008d_B.foa.173"/>
    <foa endtime="390.68" starttime="389.84" type="person" role="UI" nxt_agent="C" nite:id="IDIAP_IS1008d_B.foa.174"/>
    <foa endtime="391.16" starttime="390.68" type="place" place="table" nite:id="IDIAP_IS1008d_B.foa.175"/>
    <foa endtime="393.44" starttime="391.16" type="person" role="PM" nxt_agent="A" nite:id="IDIAP_IS1008d_B.foa.176"/>
    <foa endtime="393.92" starttime="393.44" type="unspecified" nite:id="IDIAP_IS1008d_B.foa.177"/>
    <foa endtime="396.32" starttime="393.92" type="person" role="PM" nxt_agent="A" nite:id="IDIAP_IS1008d_B.foa.178"/>
    <foa endtime="396.44" starttime="396.32" type="unspecified" nite:id="IDIAP_IS1008d_B.foa.179"/>
    <foa endtime="397.52" starttime="396.44" type="person" role="PM" nxt_agent="A" nite:id="IDIAP_IS1008d_B.foa.180"/>
    <foa endtime="397.88" starttime="397.52" type="place" place="table" nite:id="IDIAP_IS1008d_B.foa.181"/>
    <foa endtime="399.32" starttime="397.88" type="person" role="PM" nxt_agent="A" nite:id="IDIAP_IS1008d_B.foa.182"/>
    <foa endtime="403.04" starttime="399.32" type="person" role="UI" nxt_agent="C" nite:id="IDIAP_IS1008d_B.foa.183"/>
    <foa endtime="404.12" starttime="403.04" type="unspecified" nite:id="IDIAP_IS1008d_B.foa.184"/>
    <foa endtime="404.72" starttime="404.12" type="person" role="UI" nxt_agent="C" nite:id="IDIAP_IS1008d_B.foa.185"/>
    <foa endtime="405.68" starttime="404.72" type="unspecified" nite:id="IDIAP_IS1008d_B.foa.186"/>
    <foa endtime="406.64" starttime="405.68" type="person" role="UI" nxt_agent="C" nite:id="IDIAP_IS1008d_B.foa.187"/>
    <foa endtime="407.48" starttime="406.64" type="unspecified" nite:id="IDIAP_IS1008d_B.foa.188"/>
    <foa endtime="409.4" starttime="407.48" type="place" place="slide-screen" nite:id="IDIAP_IS1008d_B.foa.189"/>
    <foa endtime="410.12" starttime="409.4" type="unspecified" nite:id="IDIAP_IS1008d_B.foa.190"/>
    <foa endtime="415.4" starttime="410.12" type="person" role="UI" nxt_agent="C" nite:id="IDIAP_IS1008d_B.foa.191"/>
    <foa endtime="416.24" starttime="415.4" type="unspecified" nite:id="IDIAP_IS1008d_B.foa.192"/>
    <foa endtime="418.88" starttime="416.24" type="person" role="UI" nxt_agent="C" nite:id="IDIAP_IS1008d_B.foa.193"/>
    <foa endtime="423.08" starttime="418.88" type="place" place="table" nite:id="IDIAP_IS1008d_B.foa.194"/>
    <foa endtime="423.32" starttime="423.08" type="person" role="UI" nxt_agent="C" nite:id="IDIAP_IS1008d_B.foa.195"/>
    <foa endtime="423.68" starttime="423.32" type="person" role="PM" nxt_agent="A" nite:id="IDIAP_IS1008d_B.foa.196"/>
    <foa endtime="442.56" starttime="423.68" type="place" place="table" nite:id="IDIAP_IS1008d_B.foa.197"/>
    <foa endtime="443.2" starttime="442.56" type="place" place="slide-screen" nite:id="IDIAP_IS1008d_B.foa.198"/>
    <foa endtime="453.08" starttime="443.2" type="place" place="table" nite:id="IDIAP_IS1008d_B.foa.199"/>
    <foa endtime="453.8" starttime="453.08" type="person" role="UI" nxt_agent="C" nite:id="IDIAP_IS1008d_B.foa.200"/>
    <foa endtime="454.76" starttime="453.8" type="person" role="PM" nxt_agent="A" nite:id="IDIAP_IS1008d_B.foa.201"/>
    <foa endtime="459.96" starttime="454.76" type="place" place="table" nite:id="IDIAP_IS1008d_B.foa.202"/>
    <foa endtime="461.32" starttime="459.96" type="unspecified" nite:id="IDIAP_IS1008d_B.foa.203"/>
    <foa endtime="461.88" starttime="461.32" type="place" place="table" nite:id="IDIAP_IS1008d_B.foa.204"/>
    <foa endtime="517.12" starttime="461.88" type="place" place="slide-screen" nite:id="IDIAP_IS1008d_B.foa.205"/>
    <foa endtime="518.2" starttime="517.12" type="person" role="PM" nxt_agent="A" nite:id="IDIAP_IS1008d_B.foa.206"/>
    <foa endtime="519.88" starttime="518.2" type="place" place="slide-screen" nite:id="IDIAP_IS1008d_B.foa.207"/>
    <foa endtime="520.24" starttime="519.88" type="person" role="UI" nxt_agent="C" nite:id="IDIAP_IS1008d_B.foa.208"/>
    <foa endtime="523.84" starttime="520.24" type="person" role="PM" nxt_agent="A" nite:id="IDIAP_IS1008d_B.foa.209"/>
    <foa endtime="527.92" starttime="523.84" type="person" role="ME" nxt_agent="D" nite:id="IDIAP_IS1008d_B.foa.210"/>
    <foa endtime="529.36" starttime="527.92" type="place" place="table" nite:id="IDIAP_IS1008d_B.foa.211"/>
    <foa endtime="533.36" starttime="529.36" type="place" place="slide-screen" nite:id="IDIAP_IS1008d_B.foa.212"/>
    <foa endtime="535.4" starttime="533.36" type="person" role="PM" nxt_agent="A" nite:id="IDIAP_IS1008d_B.foa.213"/>
    <foa endtime="542.84" starttime="535.4" type="place" place="slide-screen" nite:id="IDIAP_IS1008d_B.foa.214"/>
    <foa endtime="548.76" starttime="542.84" type="person" role="ME" nxt_agent="D" nite:id="IDIAP_IS1008d_B.foa.215"/>
    <foa endtime="574.4" starttime="548.76" type="place" place="slide-screen" nite:id="IDIAP_IS1008d_B.foa.216"/>
    <foa endtime="579.16" starttime="574.4" type="place" place="table" nite:id="IDIAP_IS1008d_B.foa.217"/>
    <foa endtime="587.48" starttime="579.16" type="place" place="slide-screen" nite:id="IDIAP_IS1008d_B.foa.218"/>
    <foa endtime="598.32" starttime="587.48" type="place" place="table" nite:id="IDIAP_IS1008d_B.foa.219"/>
    <foa endtime="600.72" starttime="598.32" type="place" place="slide-screen" nite:id="IDIAP_IS1008d_B.foa.220"/>
    <foa endtime="613.08" starttime="600.72" type="place" place="table" nite:id="IDIAP_IS1008d_B.foa.221"/>
    <foa endtime="613.8" starttime="613.08" type="person" role="PM" nxt_agent="A" nite:id="IDIAP_IS1008d_B.foa.222"/>
    <foa endtime="614.28" starttime="613.8" type="person" role="UI" nxt_agent="C" nite:id="IDIAP_IS1008d_B.foa.223"/>
    <foa endtime="616.2" starttime="614.28" type="person" role="PM" nxt_agent="A" nite:id="IDIAP_IS1008d_B.foa.224"/>
    <foa endtime="618.24" starttime="616.2" type="place" place="table" nite:id="IDIAP_IS1008d_B.foa.225"/>
    <foa endtime="618.96" starttime="618.24" type="person" role="ME" nxt_agent="D" nite:id="IDIAP_IS1008d_B.foa.226"/>
    <foa endtime="623.84" starttime="618.96" type="place" place="table" nite:id="IDIAP_IS1008d_B.foa.227"/>
    <foa endtime="632.92" starttime="623.84" type="place" place="slide-screen" nite:id="IDIAP_IS1008d_B.foa.228"/>
    <foa endtime="633.04" starttime="632.92" type="place" place="table" nite:id="IDIAP_IS1008d_B.foa.229"/>
    <foa endtime="633.76" starttime="633.04" type="person" role="PM" nxt_agent="A" nite:id="IDIAP_IS1008d_B.foa.230"/>
    <foa endtime="634.64" starttime="633.76" type="person" role="UI" nxt_agent="C" nite:id="IDIAP_IS1008d_B.foa.231"/>
    <foa endtime="637.08" starttime="634.64" type="person" role="PM" nxt_agent="A" nite:id="IDIAP_IS1008d_B.foa.232"/>
    <foa endtime="637.2" starttime="637.08" type="person" role="UI" nxt_agent="C" nite:id="IDIAP_IS1008d_B.foa.233"/>
    <foa endtime="638.4" starttime="637.2" type="unspecified" nite:id="IDIAP_IS1008d_B.foa.234"/>
    <foa endtime="639.24" starttime="638.4" type="person" role="UI" nxt_agent="C" nite:id="IDIAP_IS1008d_B.foa.235"/>
    <foa endtime="640.76" starttime="639.24" type="place" place="table" nite:id="IDIAP_IS1008d_B.foa.236"/>
    <foa endtime="644.0" starttime="640.76" type="person" role="PM" nxt_agent="A" nite:id="IDIAP_IS1008d_B.foa.237"/>
    <foa endtime="644.68" starttime="644.0" type="person" role="UI" nxt_agent="C" nite:id="IDIAP_IS1008d_B.foa.238"/>
    <foa endtime="646.84" starttime="644.68" type="person" role="PM" nxt_agent="A" nite:id="IDIAP_IS1008d_B.foa.239"/>
    <foa endtime="647.08" starttime="646.84" type="person" role="UI" nxt_agent="C" nite:id="IDIAP_IS1008d_B.foa.240"/>
    <foa endtime="647.52" starttime="647.08" type="person" role="PM" nxt_agent="A" nite:id="IDIAP_IS1008d_B.foa.241"/>
    <foa endtime="652.08" starttime="647.52" type="place" place="slide-screen" nite:id="IDIAP_IS1008d_B.foa.242"/>
    <foa endtime="654.48" starttime="652.08" type="person" role="ME" nxt_agent="D" nite:id="IDIAP_IS1008d_B.foa.243"/>
    <foa endtime="658.12" starttime="654.48" type="person" role="PM" nxt_agent="A" nite:id="IDIAP_IS1008d_B.foa.244"/>
    <foa endtime="660.04" starttime="658.12" type="person" role="UI" nxt_agent="C" nite:id="IDIAP_IS1008d_B.foa.245"/>
    <foa endtime="662.04" starttime="660.04" type="place" place="slide-screen" nite:id="IDIAP_IS1008d_B.foa.246"/>
    <foa endtime="667.4" starttime="662.04" type="person" role="PM" nxt_agent="A" nite:id="IDIAP_IS1008d_B.foa.247"/>
    <foa endtime="688.12" starttime="667.4" type="place" place="table" nite:id="IDIAP_IS1008d_B.foa.248"/>
    <foa endtime="768.8" starttime="688.12" type="place" place="slide-screen" nite:id="IDIAP_IS1008d_B.foa.249"/>
    <foa endtime="769.16" starttime="768.8" type="person" role="PM" nxt_agent="A" nite:id="IDIAP_IS1008d_B.foa.250"/>
    <foa endtime="769.68" starttime="769.16" type="place" place="table" nite:id="IDIAP_IS1008d_B.foa.251"/>
    <foa endtime="770.08" starttime="769.68" type="unspecified" nite:id="IDIAP_IS1008d_B.foa.252"/>
    <foa endtime="770.72" starttime="770.08" type="place" place="table" nite:id="IDIAP_IS1008d_B.foa.253"/>
    <foa endtime="771.32" starttime="770.72" type="person" role="PM" nxt_agent="A" nite:id="IDIAP_IS1008d_B.foa.254"/>
    <foa endtime="771.68" starttime="771.32" type="place" place="table" nite:id="IDIAP_IS1008d_B.foa.255"/>
    <foa endtime="780.96" starttime="771.68" type="place" place="slide-screen" nite:id="IDIAP_IS1008d_B.foa.256"/>
    <foa endtime="781.8" starttime="780.96" type="person" role="PM" nxt_agent="A" nite:id="IDIAP_IS1008d_B.foa.257"/>
    <foa endtime="782.28" starttime="781.8" type="place" place="table" nite:id="IDIAP_IS1008d_B.foa.258"/>
    <foa endtime="783.96" starttime="782.28" type="person" role="ME" nxt_agent="D" nite:id="IDIAP_IS1008d_B.foa.259"/>
    <foa endtime="816.24" starttime="783.96" type="place" place="slide-screen" nite:id="IDIAP_IS1008d_B.foa.260"/>
    <foa endtime="817.76" starttime="816.24" type="place" place="table" nite:id="IDIAP_IS1008d_B.foa.261"/>
    <foa endtime="819.08" starttime="817.76" type="place" place="slide-screen" nite:id="IDIAP_IS1008d_B.foa.262"/>
    <foa endtime="819.68" starttime="819.08" type="person" role="PM" nxt_agent="A" nite:id="IDIAP_IS1008d_B.foa.263"/>
    <foa endtime="830.4" starttime="819.68" type="place" place="slide-screen" nite:id="IDIAP_IS1008d_B.foa.264"/>
    <foa endtime="836.6" starttime="830.4" type="unspecified" nite:id="IDIAP_IS1008d_B.foa.265"/>
    <foa endtime="841.32" starttime="836.6" type="place" place="table" nite:id="IDIAP_IS1008d_B.foa.266"/>
    <foa endtime="845.92" starttime="841.32" type="place" place="slide-screen" nite:id="IDIAP_IS1008d_B.foa.267"/>
    <foa endtime="846.4" starttime="845.92" type="person" role="UI" nxt_agent="C" nite:id="IDIAP_IS1008d_B.foa.268"/>
    <foa endtime="846.88" starttime="846.4" type="unspecified" nite:id="IDIAP_IS1008d_B.foa.269"/>
    <foa endtime="847.12" starttime="846.88" type="person" role="UI" nxt_agent="C" nite:id="IDIAP_IS1008d_B.foa.270"/>
    <foa endtime="851.32" starttime="847.12" type="unspecified" nite:id="IDIAP_IS1008d_B.foa.271"/>
    <foa endtime="852.64" starttime="851.32" type="place" place="table" nite:id="IDIAP_IS1008d_B.foa.272"/>
    <foa endtime="855.0" starttime="852.64" type="place" place="slide-screen" nite:id="IDIAP_IS1008d_B.foa.273"/>
    <foa endtime="855.72" starttime="855.0" type="person" role="PM" nxt_agent="A" nite:id="IDIAP_IS1008d_B.foa.274"/>
    <foa endtime="860.84" starttime="855.72" type="place" place="slide-screen" nite:id="IDIAP_IS1008d_B.foa.275"/>
    <foa endtime="861.92" starttime="860.84" type="person" role="ME" nxt_agent="D" nite:id="IDIAP_IS1008d_B.foa.276"/>
    <foa endtime="862.28" starttime="861.92" type="unspecified" nite:id="IDIAP_IS1008d_B.foa.277"/>
    <foa endtime="863.0" starttime="862.28" type="person" role="ME" nxt_agent="D" nite:id="IDIAP_IS1008d_B.foa.278"/>
    <foa endtime="863.24" starttime="863.0" type="unspecified" nite:id="IDIAP_IS1008d_B.foa.279"/>
    <foa endtime="867.56" starttime="863.24" type="place" place="table" nite:id="IDIAP_IS1008d_B.foa.280"/>
    <foa endtime="868.64" starttime="867.56" type="person" role="ME" nxt_agent="D" nite:id="IDIAP_IS1008d_B.foa.281"/>
    <foa endtime="871.84" starttime="868.64" type="place" place="table" nite:id="IDIAP_IS1008d_B.foa.282"/>
    <foa endtime="875.2" starttime="871.84" type="person" role="UI" nxt_agent="C" nite:id="IDIAP_IS1008d_B.foa.283"/>
    <foa endtime="876.28" starttime="875.2" type="person" role="PM" nxt_agent="A" nite:id="IDIAP_IS1008d_B.foa.284"/>
    <foa endtime="876.76" starttime="876.28" type="place" place="table" nite:id="IDIAP_IS1008d_B.foa.285"/>
    <foa endtime="877.12" starttime="876.76" type="person" role="PM" nxt_agent="A" nite:id="IDIAP_IS1008d_B.foa.286"/>
    <foa endtime="880.0" starttime="877.12" type="person" role="UI" nxt_agent="C" nite:id="IDIAP_IS1008d_B.foa.287"/>
    <foa endtime="881.32" starttime="880.0" type="unspecified" nite:id="IDIAP_IS1008d_B.foa.288"/>
    <foa endtime="882.16" starttime="881.32" type="person" role="UI" nxt_agent="C" nite:id="IDIAP_IS1008d_B.foa.289"/>
    <foa endtime="883.12" starttime="882.16" type="person" role="ME" nxt_agent="D" nite:id="IDIAP_IS1008d_B.foa.290"/>
    <foa endtime="883.6" starttime="883.12" type="person" role="UI" nxt_agent="C" nite:id="IDIAP_IS1008d_B.foa.291"/>
    <foa endtime="883.96" starttime="883.6" type="person" role="PM" nxt_agent="A" nite:id="IDIAP_IS1008d_B.foa.292"/>
    <foa endtime="884.68" starttime="883.96" type="person" role="UI" nxt_agent="C" nite:id="IDIAP_IS1008d_B.foa.293"/>
    <foa endtime="884.92" starttime="884.68" type="person" role="PM" nxt_agent="A" nite:id="IDIAP_IS1008d_B.foa.294"/>
    <foa endtime="886.12" starttime="884.92" type="person" role="UI" nxt_agent="C" nite:id="IDIAP_IS1008d_B.foa.295"/>
    <foa endtime="889.36" starttime="886.12" type="unspecified" nite:id="IDIAP_IS1008d_B.foa.296"/>
    <foa endtime="891.16" starttime="889.36" type="person" role="UI" nxt_agent="C" nite:id="IDIAP_IS1008d_B.foa.297"/>
    <foa endtime="891.76" starttime="891.16" type="person" role="PM" nxt_agent="A" nite:id="IDIAP_IS1008d_B.foa.298"/>
    <foa endtime="892.6" starttime="891.76" type="person" role="UI" nxt_agent="C" nite:id="IDIAP_IS1008d_B.foa.299"/>
    <foa endtime="893.2" starttime="892.6" type="place" place="table" nite:id="IDIAP_IS1008d_B.foa.300"/>
    <foa endtime="893.8" starttime="893.2" type="person" role="PM" nxt_agent="A" nite:id="IDIAP_IS1008d_B.foa.301"/>
    <foa endtime="899.32" starttime="893.8" type="person" role="UI" nxt_agent="C" nite:id="IDIAP_IS1008d_B.foa.302"/>
    <foa endtime="899.56" starttime="899.32" type="person" role="PM" nxt_agent="A" nite:id="IDIAP_IS1008d_B.foa.303"/>
    <foa endtime="900.4" starttime="899.56" type="person" role="UI" nxt_agent="C" nite:id="IDIAP_IS1008d_B.foa.304"/>
    <foa endtime="901.48" starttime="900.4" type="person" role="PM" nxt_agent="A" nite:id="IDIAP_IS1008d_B.foa.305"/>
    <foa endtime="903.04" starttime="901.48" type="person" role="ME" nxt_agent="D" nite:id="IDIAP_IS1008d_B.foa.306"/>
    <foa endtime="904.24" starttime="903.04" type="person" role="PM" nxt_agent="A" nite:id="IDIAP_IS1008d_B.foa.307"/>
    <foa endtime="905.92" starttime="904.24" type="person" role="UI" nxt_agent="C" nite:id="IDIAP_IS1008d_B.foa.308"/>
    <foa endtime="907.72" starttime="905.92" type="person" role="ME" nxt_agent="D" nite:id="IDIAP_IS1008d_B.foa.309"/>
    <foa endtime="908.44" starttime="907.72" type="person" role="UI" nxt_agent="C" nite:id="IDIAP_IS1008d_B.foa.310"/>
    <foa endtime="911.56" starttime="908.44" type="person" role="PM" nxt_agent="A" nite:id="IDIAP_IS1008d_B.foa.311"/>
    <foa endtime="912.16" starttime="911.56" type="place" place="table" nite:id="IDIAP_IS1008d_B.foa.312"/>
    <foa endtime="912.76" starttime="912.16" type="person" role="ME" nxt_agent="D" nite:id="IDIAP_IS1008d_B.foa.313"/>
    <foa endtime="915.28" starttime="912.76" type="place" place="table" nite:id="IDIAP_IS1008d_B.foa.314"/>
    <foa endtime="916.0" starttime="915.28" type="person" role="ME" nxt_agent="D" nite:id="IDIAP_IS1008d_B.foa.315"/>
    <foa endtime="916.24" starttime="916.0" type="place" place="table" nite:id="IDIAP_IS1008d_B.foa.316"/>
    <foa endtime="917.68" starttime="916.24" type="person" role="UI" nxt_agent="C" nite:id="IDIAP_IS1008d_B.foa.317"/>
    <foa endtime="918.28" starttime="917.68" type="person" role="PM" nxt_agent="A" nite:id="IDIAP_IS1008d_B.foa.318"/>
    <foa endtime="918.6" starttime="918.28" type="place" place="slide-screen" nite:id="IDIAP_IS1008d_B.foa.319"/>
    <foa endtime="919.08" starttime="918.6" type="unspecified" nite:id="IDIAP_IS1008d_B.foa.320"/>
    <foa endtime="929.08" starttime="919.08" type="person" role="UI" nxt_agent="C" nite:id="IDIAP_IS1008d_B.foa.321"/>
    <foa endtime="929.68" starttime="929.08" type="person" role="ME" nxt_agent="D" nite:id="IDIAP_IS1008d_B.foa.322"/>
    <foa endtime="939.56" starttime="929.68" type="person" role="UI" nxt_agent="C" nite:id="IDIAP_IS1008d_B.foa.323"/>
    <foa endtime="940.52" starttime="939.56" type="place" place="table" nite:id="IDIAP_IS1008d_B.foa.324"/>
    <foa endtime="941.0" starttime="940.52" type="person" role="UI" nxt_agent="C" nite:id="IDIAP_IS1008d_B.foa.325"/>
    <foa endtime="941.36" starttime="941.0" type="person" role="PM" nxt_agent="A" nite:id="IDIAP_IS1008d_B.foa.326"/>
    <foa endtime="943.64" starttime="941.36" type="unspecified" nite:id="IDIAP_IS1008d_B.foa.327"/>
    <foa endtime="944.84" starttime="943.64" type="person" role="UI" nxt_agent="C" nite:id="IDIAP_IS1008d_B.foa.328"/>
    <foa endtime="945.44" starttime="944.84" type="person" role="PM" nxt_agent="A" nite:id="IDIAP_IS1008d_B.foa.329"/>
    <foa endtime="946.04" starttime="945.44" type="person" role="UI" nxt_agent="C" nite:id="IDIAP_IS1008d_B.foa.330"/>
    <foa endtime="948.44" starttime="946.04" type="place" place="table" nite:id="IDIAP_IS1008d_B.foa.331"/>
    <foa endtime="948.68" starttime="948.44" type="person" role="PM" nxt_agent="A" nite:id="IDIAP_IS1008d_B.foa.332"/>
    <foa endtime="949.08" starttime="948.68" type="person" role="UI" nxt_agent="C" nite:id="IDIAP_IS1008d_B.foa.333"/>
    <foa endtime="950.0" starttime="949.08" type="person" role="ME" nxt_agent="D" nite:id="IDIAP_IS1008d_B.foa.334"/>
    <foa endtime="950.6" starttime="950.0" type="place" place="table" nite:id="IDIAP_IS1008d_B.foa.335"/>
    <foa endtime="954.8" starttime="950.6" type="person" role="PM" nxt_agent="A" nite:id="IDIAP_IS1008d_B.foa.336"/>
    <foa endtime="956.56" starttime="954.8" type="place" place="slide-screen" nite:id="IDIAP_IS1008d_B.foa.337"/>
    <foa endtime="958.36" starttime="956.56" type="person" role="UI" nxt_agent="C" nite:id="IDIAP_IS1008d_B.foa.338"/>
    <foa endtime="960.28" starttime="958.36" type="person" role="PM" nxt_agent="A" nite:id="IDIAP_IS1008d_B.foa.339"/>
    <foa endtime="960.72" starttime="960.28" type="person" role="UI" nxt_agent="C" nite:id="IDIAP_IS1008d_B.foa.340"/>
    <foa endtime="962.12" starttime="960.72" type="person" role="ME" nxt_agent="D" nite:id="IDIAP_IS1008d_B.foa.341"/>
    <foa endtime="963.24" starttime="962.12" type="place" place="table" nite:id="IDIAP_IS1008d_B.foa.342"/>
    <foa endtime="967.6" starttime="963.24" type="person" role="ME" nxt_agent="D" nite:id="IDIAP_IS1008d_B.foa.343"/>
    <foa endtime="968.2" starttime="967.6" type="person" role="PM" nxt_agent="A" nite:id="IDIAP_IS1008d_B.foa.344"/>
    <foa endtime="968.88" starttime="968.2" type="person" role="UI" nxt_agent="C" nite:id="IDIAP_IS1008d_B.foa.345"/>
    <foa endtime="970.52" starttime="968.88" type="unspecified" nite:id="IDIAP_IS1008d_B.foa.346"/>
    <foa endtime="970.76" starttime="970.52" type="person" role="UI" nxt_agent="C" nite:id="IDIAP_IS1008d_B.foa.347"/>
    <foa endtime="971.64" starttime="970.76" type="person" role="PM" nxt_agent="A" nite:id="IDIAP_IS1008d_B.foa.348"/>
    <foa endtime="973.68" starttime="971.64" type="place" place="slide-screen" nite:id="IDIAP_IS1008d_B.foa.349"/>
    <foa endtime="975.2" starttime="973.68" type="person" role="UI" nxt_agent="C" nite:id="IDIAP_IS1008d_B.foa.350"/>
    <foa endtime="979.72" starttime="975.2" type="place" place="table" nite:id="IDIAP_IS1008d_B.foa.351"/>
    <foa endtime="982.16" starttime="979.72" type="unspecified" nite:id="IDIAP_IS1008d_B.foa.352"/>
    <foa endtime="983.24" starttime="982.16" type="person" role="PM" nxt_agent="A" nite:id="IDIAP_IS1008d_B.foa.353"/>
    <foa endtime="983.84" starttime="983.24" type="person" role="UI" nxt_agent="C" nite:id="IDIAP_IS1008d_B.foa.354"/>
    <foa endtime="984.68" starttime="983.84" type="person" role="PM" nxt_agent="A" nite:id="IDIAP_IS1008d_B.foa.355"/>
    <foa endtime="985.28" starttime="984.68" type="person" role="UI" nxt_agent="C" nite:id="IDIAP_IS1008d_B.foa.356"/>
    <foa endtime="986.84" starttime="985.28" type="person" role="PM" nxt_agent="A" nite:id="IDIAP_IS1008d_B.foa.357"/>
    <foa endtime="994.48" starttime="986.84" type="place" place="slide-screen" nite:id="IDIAP_IS1008d_B.foa.358"/>
    <foa endtime="995.2" starttime="994.48" type="person" role="PM" nxt_agent="A" nite:id="IDIAP_IS1008d_B.foa.359"/>
    <foa endtime="998.6" starttime="995.2" type="place" place="slide-screen" nite:id="IDIAP_IS1008d_B.foa.360"/>
    <foa endtime="1001.48" starttime="998.6" type="person" role="PM" nxt_agent="A" nite:id="IDIAP_IS1008d_B.foa.361"/>
    <foa endtime="1002.16" starttime="1001.48" type="place" place="table" nite:id="IDIAP_IS1008d_B.foa.362"/>
    <foa endtime="1003.08" starttime="1002.16" type="person" role="PM" nxt_agent="A" nite:id="IDIAP_IS1008d_B.foa.363"/>
    <foa endtime="1003.88" starttime="1003.08" type="person" role="UI" nxt_agent="C" nite:id="IDIAP_IS1008d_B.foa.364"/>
    <foa endtime="1005.56" starttime="1003.88" type="place" place="slide-screen" nite:id="IDIAP_IS1008d_B.foa.365"/>
    <foa endtime="1008.24" starttime="1005.56" type="person" role="UI" nxt_agent="C" nite:id="IDIAP_IS1008d_B.foa.366"/>
    <foa endtime="1009.16" starttime="1008.24" type="person" role="PM" nxt_agent="A" nite:id="IDIAP_IS1008d_B.foa.367"/>
    <foa endtime="1009.96" starttime="1009.16" type="place" place="table" nite:id="IDIAP_IS1008d_B.foa.368"/>
    <foa endtime="1011.0" starttime="1009.96" type="person" role="UI" nxt_agent="C" nite:id="IDIAP_IS1008d_B.foa.369"/>
    <foa endtime="1014.44" starttime="1011.0" type="person" role="PM" nxt_agent="A" nite:id="IDIAP_IS1008d_B.foa.370"/>
    <foa endtime="1014.92" starttime="1014.44" type="person" role="UI" nxt_agent="C" nite:id="IDIAP_IS1008d_B.foa.371"/>
    <foa endtime="1015.32" starttime="1014.92" type="person" role="PM" nxt_agent="A" nite:id="IDIAP_IS1008d_B.foa.372"/>
    <foa endtime="1016.24" starttime="1015.32" type="person" role="UI" nxt_agent="C" nite:id="IDIAP_IS1008d_B.foa.373"/>
    <foa endtime="1016.4" starttime="1016.24" type="place" place="table" nite:id="IDIAP_IS1008d_B.foa.374"/>
    <foa endtime="1017.28" starttime="1016.4" type="person" role="UI" nxt_agent="C" nite:id="IDIAP_IS1008d_B.foa.375"/>
    <foa endtime="1018.0" starttime="1017.28" type="unspecified" nite:id="IDIAP_IS1008d_B.foa.376"/>
    <foa endtime="1018.24" starttime="1018.0" type="person" role="UI" nxt_agent="C" nite:id="IDIAP_IS1008d_B.foa.377"/>
    <foa endtime="1019.32" starttime="1018.24" type="person" role="PM" nxt_agent="A" nite:id="IDIAP_IS1008d_B.foa.378"/>
    <foa endtime="1021.0" starttime="1019.32" type="person" role="UI" nxt_agent="C" nite:id="IDIAP_IS1008d_B.foa.379"/>
    <foa endtime="1022.28" starttime="1021.0" type="person" role="PM" nxt_agent="A" nite:id="IDIAP_IS1008d_B.foa.380"/>
    <foa endtime="1022.96" starttime="1022.28" type="person" role="UI" nxt_agent="C" nite:id="IDIAP_IS1008d_B.foa.381"/>
    <foa endtime="1023.44" starttime="1022.96" type="unspecified" nite:id="IDIAP_IS1008d_B.foa.382"/>
    <foa endtime="1024.0" starttime="1023.44" type="person" role="PM" nxt_agent="A" nite:id="IDIAP_IS1008d_B.foa.383"/>
    <foa endtime="1025.0" starttime="1024.0" type="person" role="UI" nxt_agent="C" nite:id="IDIAP_IS1008d_B.foa.384"/>
    <foa endtime="1026.68" starttime="1025.0" type="person" role="PM" nxt_agent="A" nite:id="IDIAP_IS1008d_B.foa.385"/>
    <foa endtime="1027.28" starttime="1026.68" type="person" role="UI" nxt_agent="C" nite:id="IDIAP_IS1008d_B.foa.386"/>
    <foa endtime="1029.28" starttime="1027.28" type="person" role="ME" nxt_agent="D" nite:id="IDIAP_IS1008d_B.foa.387"/>
    <foa endtime="1029.96" starttime="1029.28" type="person" role="UI" nxt_agent="C" nite:id="IDIAP_IS1008d_B.foa.388"/>
    <foa endtime="1031.48" starttime="1029.96" type="person" role="PM" nxt_agent="A" nite:id="IDIAP_IS1008d_B.foa.389"/>
    <foa endtime="1031.96" starttime="1031.48" type="place" place="table" nite:id="IDIAP_IS1008d_B.foa.390"/>
    <foa endtime="1032.64" starttime="1031.96" type="person" role="PM" nxt_agent="A" nite:id="IDIAP_IS1008d_B.foa.391"/>
    <foa endtime="1032.96" starttime="1032.64" type="person" role="UI" nxt_agent="C" nite:id="IDIAP_IS1008d_B.foa.392"/>
    <foa endtime="1034.08" starttime="1032.96" type="person" role="ME" nxt_agent="D" nite:id="IDIAP_IS1008d_B.foa.393"/>
    <foa endtime="1034.68" starttime="1034.08" type="place" place="table" nite:id="IDIAP_IS1008d_B.foa.394"/>
    <foa endtime="1035.56" starttime="1034.68" type="person" role="PM" nxt_agent="A" nite:id="IDIAP_IS1008d_B.foa.395"/>
    <foa endtime="1037.12" starttime="1035.56" type="place" place="table" nite:id="IDIAP_IS1008d_B.foa.396"/>
    <foa endtime="1037.72" starttime="1037.12" type="person" role="PM" nxt_agent="A" nite:id="IDIAP_IS1008d_B.foa.397"/>
    <foa endtime="1044.32" starttime="1037.72" type="person" role="UI" nxt_agent="C" nite:id="IDIAP_IS1008d_B.foa.398"/>
    <foa endtime="1045.28" starttime="1044.32" type="person" role="PM" nxt_agent="A" nite:id="IDIAP_IS1008d_B.foa.399"/>
    <foa endtime="1047.28" starttime="1045.28" type="place" place="slide-screen" nite:id="IDIAP_IS1008d_B.foa.400"/>
    <foa endtime="1052.04" starttime="1047.28" type="person" role="PM" nxt_agent="A" nite:id="IDIAP_IS1008d_B.foa.401"/>
    <foa endtime="1052.68" starttime="1052.04" type="person" role="UI" nxt_agent="C" nite:id="IDIAP_IS1008d_B.foa.402"/>
    <foa endtime="1052.8" starttime="1052.68" type="place" place="table" nite:id="IDIAP_IS1008d_B.foa.403"/>
    <foa endtime="1053.16" starttime="1052.8" type="person" role="PM" nxt_agent="A" nite:id="IDIAP_IS1008d_B.foa.404"/>
    <foa endtime="1054.0" starttime="1053.16" type="person" role="UI" nxt_agent="C" nite:id="IDIAP_IS1008d_B.foa.405"/>
    <foa endtime="1054.52" starttime="1054.0" type="person" role="PM" nxt_agent="A" nite:id="IDIAP_IS1008d_B.foa.406"/>
    <foa endtime="1056.16" starttime="1054.52" type="place" place="slide-screen" nite:id="IDIAP_IS1008d_B.foa.407"/>
    <foa endtime="1056.48" starttime="1056.16" type="person" role="PM" nxt_agent="A" nite:id="IDIAP_IS1008d_B.foa.408"/>
    <foa endtime="1056.64" starttime="1056.48" type="person" role="UI" nxt_agent="C" nite:id="IDIAP_IS1008d_B.foa.409"/>
    <foa endtime="1057.24" starttime="1056.64" type="unspecified" nite:id="IDIAP_IS1008d_B.foa.410"/>
    <foa endtime="1063.12" starttime="1057.24" type="place" place="table" nite:id="IDIAP_IS1008d_B.foa.411"/>
    <foa endtime="1064.72" starttime="1063.12" type="person" role="PM" nxt_agent="A" nite:id="IDIAP_IS1008d_B.foa.412"/>
    <foa endtime="1066.92" starttime="1064.72" type="place" place="slide-screen" nite:id="IDIAP_IS1008d_B.foa.413"/>
    <foa endtime="1067.16" starttime="1066.92" type="person" role="PM" nxt_agent="A" nite:id="IDIAP_IS1008d_B.foa.414"/>
    <foa endtime="1069.0" starttime="1067.16" type="unspecified" nite:id="IDIAP_IS1008d_B.foa.415"/>
    <foa endtime="1069.72" starttime="1069.0" type="person" role="PM" nxt_agent="A" nite:id="IDIAP_IS1008d_B.foa.416"/>
    <foa endtime="1071.88" starttime="1069.72" type="place" place="table" nite:id="IDIAP_IS1008d_B.foa.417"/>
    <foa endtime="1073.12" starttime="1071.88" type="person" role="PM" nxt_agent="A" nite:id="IDIAP_IS1008d_B.foa.418"/>
    <foa endtime="1073.96" starttime="1073.12" type="unspecified" nite:id="IDIAP_IS1008d_B.foa.419"/>
    <foa endtime="1074.8" starttime="1073.96" type="person" role="PM" nxt_agent="A" nite:id="IDIAP_IS1008d_B.foa.420"/>
    <foa endtime="1077.36" starttime="1074.8" type="place" place="slide-screen" nite:id="IDIAP_IS1008d_B.foa.421"/>
    <foa endtime="1078.88" starttime="1077.36" type="place" place="table" nite:id="IDIAP_IS1008d_B.foa.422"/>
    <foa endtime="1079.32" starttime="1078.88" type="person" role="PM" nxt_agent="A" nite:id="IDIAP_IS1008d_B.foa.423"/>
    <foa endtime="1082.64" starttime="1079.32" type="place" place="table" nite:id="IDIAP_IS1008d_B.foa.424"/>
    <foa endtime="1091.04" starttime="1082.64" type="place" place="slide-screen" nite:id="IDIAP_IS1008d_B.foa.425"/>
    <foa endtime="1091.6" starttime="1091.04" type="person" role="UI" nxt_agent="C" nite:id="IDIAP_IS1008d_B.foa.426"/>
    <foa endtime="1091.96" starttime="1091.6" type="person" role="PM" nxt_agent="A" nite:id="IDIAP_IS1008d_B.foa.427"/>
    <foa endtime="1093.32" starttime="1091.96" type="person" role="UI" nxt_agent="C" nite:id="IDIAP_IS1008d_B.foa.428"/>
    <foa endtime="1094.36" starttime="1093.32" type="person" role="ME" nxt_agent="D" nite:id="IDIAP_IS1008d_B.foa.429"/>
    <foa endtime="1108.2" starttime="1094.36" type="person" role="UI" nxt_agent="C" nite:id="IDIAP_IS1008d_B.foa.430"/>
    <foa endtime="1109.24" starttime="1108.2" type="person" role="PM" nxt_agent="A" nite:id="IDIAP_IS1008d_B.foa.431"/>
    <foa endtime="1113.56" starttime="1109.24" type="place" place="slide-screen" nite:id="IDIAP_IS1008d_B.foa.432"/>
    <foa endtime="1114.12" starttime="1113.56" type="person" role="PM" nxt_agent="A" nite:id="IDIAP_IS1008d_B.foa.433"/>
    <foa endtime="1114.6" starttime="1114.12" type="place" place="table" nite:id="IDIAP_IS1008d_B.foa.434"/>
    <foa endtime="1120.16" starttime="1114.6" type="person" role="PM" nxt_agent="A" nite:id="IDIAP_IS1008d_B.foa.435"/>
    <foa endtime="1120.88" starttime="1120.16" type="place" place="table" nite:id="IDIAP_IS1008d_B.foa.436"/>
    <foa endtime="1134.72" starttime="1120.88" type="person" role="PM" nxt_agent="A" nite:id="IDIAP_IS1008d_B.foa.437"/>
    <foa endtime="1136.76" starttime="1134.72" type="person" role="UI" nxt_agent="C" nite:id="IDIAP_IS1008d_B.foa.438"/>
    <foa endtime="1138.12" starttime="1136.76" type="person" role="PM" nxt_agent="A" nite:id="IDIAP_IS1008d_B.foa.439"/>
    <foa endtime="1143.12" starttime="1138.12" type="person" role="UI" nxt_agent="C" nite:id="IDIAP_IS1008d_B.foa.440"/>
    <foa endtime="1143.24" starttime="1143.12" type="place" place="table" nite:id="IDIAP_IS1008d_B.foa.441"/>
    <foa endtime="1150.0" starttime="1143.24" type="person" role="PM" nxt_agent="A" nite:id="IDIAP_IS1008d_B.foa.442"/>
    <foa endtime="1151.52" starttime="1150.0" type="person" role="UI" nxt_agent="C" nite:id="IDIAP_IS1008d_B.foa.443"/>
    <foa endtime="1152.6" starttime="1151.52" type="person" role="PM" nxt_agent="A" nite:id="IDIAP_IS1008d_B.foa.444"/>
    <foa endtime="1153.2" starttime="1152.6" type="place" place="table" nite:id="IDIAP_IS1008d_B.foa.445"/>
    <foa endtime="1153.68" starttime="1153.2" type="person" role="UI" nxt_agent="C" nite:id="IDIAP_IS1008d_B.foa.446"/>
    <foa endtime="1155.44" starttime="1153.68" type="place" place="table" nite:id="IDIAP_IS1008d_B.foa.447"/>
    <foa endtime="1160.0" starttime="1155.44" type="person" role="UI" nxt_agent="C" nite:id="IDIAP_IS1008d_B.foa.448"/>
    <foa endtime="1161.56" starttime="1160.0" type="unspecified" nite:id="IDIAP_IS1008d_B.foa.449"/>
    <foa endtime="1163.64" starttime="1161.56" type="person" role="UI" nxt_agent="C" nite:id="IDIAP_IS1008d_B.foa.450"/>
    <foa endtime="1164.36" starttime="1163.64" type="place" place="table" nite:id="IDIAP_IS1008d_B.foa.451"/>
    <foa endtime="1165.92" starttime="1164.36" type="person" role="UI" nxt_agent="C" nite:id="IDIAP_IS1008d_B.foa.452"/>
    <foa endtime="1169.6" starttime="1165.92" type="person" role="PM" nxt_agent="A" nite:id="IDIAP_IS1008d_B.foa.453"/>
    <foa endtime="1170.44" starttime="1169.6" type="person" role="UI" nxt_agent="C" nite:id="IDIAP_IS1008d_B.foa.454"/>
    <foa endtime="1172.36" starttime="1170.44" type="person" role="PM" nxt_agent="A" nite:id="IDIAP_IS1008d_B.foa.455"/>
    <foa endtime="1177.2" starttime="1172.36" type="person" role="UI" nxt_agent="C" nite:id="IDIAP_IS1008d_B.foa.456"/>
    <foa endtime="1178.4" starttime="1177.2" type="unspecified" nite:id="IDIAP_IS1008d_B.foa.457"/>
    <foa endtime="1185.08" starttime="1178.4" type="person" role="PM" nxt_agent="A" nite:id="IDIAP_IS1008d_B.foa.458"/>
    <foa endtime="1186.24" starttime="1185.08" type="place" place="table" nite:id="IDIAP_IS1008d_B.foa.459"/>
    <foa endtime="1187.2" starttime="1186.24" type="unspecified" nite:id="IDIAP_IS1008d_B.foa.460"/>
    <foa endtime="1188.04" starttime="1187.2" type="person" role="UI" nxt_agent="C" nite:id="IDIAP_IS1008d_B.foa.461"/>
    <foa endtime="1188.88" starttime="1188.04" type="person" role="PM" nxt_agent="A" nite:id="IDIAP_IS1008d_B.foa.462"/>
    <foa endtime="1189.0" starttime="1188.88" type="place" place="table" nite:id="IDIAP_IS1008d_B.foa.463"/>
    <foa endtime="1190.48" starttime="1189.0" type="person" role="PM" nxt_agent="A" nite:id="IDIAP_IS1008d_B.foa.464"/>
    <foa endtime="1190.96" starttime="1190.48" type="place" place="table" nite:id="IDIAP_IS1008d_B.foa.465"/>
    <foa endtime="1193.84" starttime="1190.96" type="person" role="PM" nxt_agent="A" nite:id="IDIAP_IS1008d_B.foa.466"/>
    <foa endtime="1194.6" starttime="1193.84" type="person" role="UI" nxt_agent="C" nite:id="IDIAP_IS1008d_B.foa.467"/>
    <foa endtime="1197.8" starttime="1194.6" type="person" role="PM" nxt_agent="A" nite:id="IDIAP_IS1008d_B.foa.468"/>
    <foa endtime="1198.44" starttime="1197.8" type="place" place="table" nite:id="IDIAP_IS1008d_B.foa.469"/>
    <foa endtime="1198.56" starttime="1198.44" type="person" role="PM" nxt_agent="A" nite:id="IDIAP_IS1008d_B.foa.470"/>
    <foa endtime="1198.68" starttime="1198.56" type="place" place="table" nite:id="IDIAP_IS1008d_B.foa.471"/>
    <foa endtime="1201.56" starttime="1198.68" type="person" role="UI" nxt_agent="C" nite:id="IDIAP_IS1008d_B.foa.472"/>
    <foa endtime="1202.2" starttime="1201.56" type="place" place="table" nite:id="IDIAP_IS1008d_B.foa.473"/>
    <foa endtime="1204.28" starttime="1202.2" type="person" role="UI" nxt_agent="C" nite:id="IDIAP_IS1008d_B.foa.474"/>
    <foa endtime="1204.8" starttime="1204.28" type="person" role="PM" nxt_agent="A" nite:id="IDIAP_IS1008d_B.foa.475"/>
    <foa endtime="1205.68" starttime="1204.8" type="person" role="UI" nxt_agent="C" nite:id="IDIAP_IS1008d_B.foa.476"/>
    <foa endtime="1208.56" starttime="1205.68" type="place" place="slide-screen" nite:id="IDIAP_IS1008d_B.foa.477"/>
    <foa endtime="1212.52" starttime="1208.56" type="person" role="UI" nxt_agent="C" nite:id="IDIAP_IS1008d_B.foa.478"/>
    <foa endtime="1213.76" starttime="1212.52" type="place" place="table" nite:id="IDIAP_IS1008d_B.foa.479"/>
    <foa endtime="1215.16" starttime="1213.76" type="person" role="ME" nxt_agent="D" nite:id="IDIAP_IS1008d_B.foa.480"/>
    <foa endtime="1216.48" starttime="1215.16" type="place" place="table" nite:id="IDIAP_IS1008d_B.foa.481"/>
    <foa endtime="1217.04" starttime="1216.48" type="person" role="ME" nxt_agent="D" nite:id="IDIAP_IS1008d_B.foa.482"/>
    <foa endtime="1217.76" starttime="1217.04" type="person" role="UI" nxt_agent="C" nite:id="IDIAP_IS1008d_B.foa.483"/>
    <foa endtime="1220.24" starttime="1217.76" type="person" role="ME" nxt_agent="D" nite:id="IDIAP_IS1008d_B.foa.484"/>
    <foa endtime="1220.72" starttime="1220.24" type="unspecified" nite:id="IDIAP_IS1008d_B.foa.485"/>
    <foa endtime="1222.44" starttime="1220.72" type="person" role="ME" nxt_agent="D" nite:id="IDIAP_IS1008d_B.foa.486"/>
    <foa endtime="1224.24" starttime="1222.44" type="person" role="UI" nxt_agent="C" nite:id="IDIAP_IS1008d_B.foa.487"/>
    <foa endtime="1224.84" starttime="1224.24" type="unspecified" nite:id="IDIAP_IS1008d_B.foa.488"/>
    <foa endtime="1229.88" starttime="1224.84" type="person" role="PM" nxt_agent="A" nite:id="IDIAP_IS1008d_B.foa.489"/>
    <foa endtime="1230.84" starttime="1229.88" type="person" role="ME" nxt_agent="D" nite:id="IDIAP_IS1008d_B.foa.490"/>
    <foa endtime="1231.2" starttime="1230.84" type="person" role="UI" nxt_agent="C" nite:id="IDIAP_IS1008d_B.foa.491"/>
    <foa endtime="1231.4" starttime="1231.2" type="person" role="PM" nxt_agent="A" nite:id="IDIAP_IS1008d_B.foa.492"/>
    <foa endtime="1232.2" starttime="1231.4" type="person" role="UI" nxt_agent="C" nite:id="IDIAP_IS1008d_B.foa.493"/>
    <foa endtime="1232.6" starttime="1232.2" type="person" role="PM" nxt_agent="A" nite:id="IDIAP_IS1008d_B.foa.494"/>
    <foa endtime="1233.64" starttime="1232.6" type="person" role="UI" nxt_agent="C" nite:id="IDIAP_IS1008d_B.foa.495"/>
    <foa endtime="1234.88" starttime="1233.64" type="person" role="ME" nxt_agent="D" nite:id="IDIAP_IS1008d_B.foa.496"/>
    <foa endtime="1235.64" starttime="1234.88" type="person" role="PM" nxt_agent="A" nite:id="IDIAP_IS1008d_B.foa.497"/>
    <foa endtime="1237.52" starttime="1235.64" type="person" role="ME" nxt_agent="D" nite:id="IDIAP_IS1008d_B.foa.498"/>
    <foa endtime="1237.96" starttime="1237.52" type="place" place="table" nite:id="IDIAP_IS1008d_B.foa.499"/>
    <foa endtime="1238.48" starttime="1237.96" type="person" role="ME" nxt_agent="D" nite:id="IDIAP_IS1008d_B.foa.500"/>
    <foa endtime="1239.84" starttime="1238.48" type="place" place="table" nite:id="IDIAP_IS1008d_B.foa.501"/>
    <foa endtime="1242.28" starttime="1239.84" type="person" role="UI" nxt_agent="C" nite:id="IDIAP_IS1008d_B.foa.502"/>
    <foa endtime="1242.88" starttime="1242.28" type="place" place="table" nite:id="IDIAP_IS1008d_B.foa.503"/>
    <foa endtime="1243.64" starttime="1242.88" type="person" role="UI" nxt_agent="C" nite:id="IDIAP_IS1008d_B.foa.504"/>
    <foa endtime="1244.76" starttime="1243.64" type="person" role="PM" nxt_agent="A" nite:id="IDIAP_IS1008d_B.foa.505"/>
    <foa endtime="1245.04" starttime="1244.76" type="person" role="UI" nxt_agent="C" nite:id="IDIAP_IS1008d_B.foa.506"/>
    <foa endtime="1246.28" starttime="1245.04" type="person" role="PM" nxt_agent="A" nite:id="IDIAP_IS1008d_B.foa.507"/>
    <foa endtime="1249.16" starttime="1246.28" type="person" role="UI" nxt_agent="C" nite:id="IDIAP_IS1008d_B.foa.508"/>
    <foa endtime="1249.48" starttime="1249.16" type="person" role="PM" nxt_agent="A" nite:id="IDIAP_IS1008d_B.foa.509"/>
    <foa endtime="1250.08" starttime="1249.48" type="unspecified" nite:id="IDIAP_IS1008d_B.foa.510"/>
    <foa endtime="1250.36" starttime="1250.08" type="person" role="UI" nxt_agent="C" nite:id="IDIAP_IS1008d_B.foa.511"/>
    <foa endtime="1250.84" starttime="1250.36" type="place" place="table" nite:id="IDIAP_IS1008d_B.foa.512"/>
    <foa endtime="1251.96" starttime="1250.84" type="person" role="PM" nxt_agent="A" nite:id="IDIAP_IS1008d_B.foa.513"/>
    <foa endtime="1253.24" starttime="1251.96" type="person" role="UI" nxt_agent="C" nite:id="IDIAP_IS1008d_B.foa.514"/>
    <foa endtime="1254.56" starttime="1253.24" type="place" place="table" nite:id="IDIAP_IS1008d_B.foa.515"/>
    <foa endtime="1257.28" starttime="1254.56" type="person" role="ME" nxt_agent="D" nite:id="IDIAP_IS1008d_B.foa.516"/>
    <foa endtime="1257.4" starttime="1257.28" type="place" place="table" nite:id="IDIAP_IS1008d_B.foa.517"/>
    <foa endtime="1258.32" starttime="1257.4" type="person" role="UI" nxt_agent="C" nite:id="IDIAP_IS1008d_B.foa.518"/>
    <foa endtime="1259.64" starttime="1258.32" type="person" role="ME" nxt_agent="D" nite:id="IDIAP_IS1008d_B.foa.519"/>
    <foa endtime="1260.0" starttime="1259.64" type="person" role="UI" nxt_agent="C" nite:id="IDIAP_IS1008d_B.foa.520"/>
    <foa endtime="1261.08" starttime="1260.0" type="person" role="ME" nxt_agent="D" nite:id="IDIAP_IS1008d_B.foa.521"/>
    <foa endtime="1265.24" starttime="1261.08" type="place" place="table" nite:id="IDIAP_IS1008d_B.foa.522"/>
    <foa endtime="1266.24" starttime="1265.24" type="person" role="ME" nxt_agent="D" nite:id="IDIAP_IS1008d_B.foa.523"/>
    <foa endtime="1267.08" starttime="1266.24" type="person" role="UI" nxt_agent="C" nite:id="IDIAP_IS1008d_B.foa.524"/>
    <foa endtime="1267.56" starttime="1267.08" type="person" role="PM" nxt_agent="A" nite:id="IDIAP_IS1008d_B.foa.525"/>
    <foa endtime="1268.04" starttime="1267.56" type="person" role="UI" nxt_agent="C" nite:id="IDIAP_IS1008d_B.foa.526"/>
    <foa endtime="1268.64" starttime="1268.04" type="place" place="table" nite:id="IDIAP_IS1008d_B.foa.527"/>
    <foa endtime="1272.8" starttime="1268.64" type="person" role="PM" nxt_agent="A" nite:id="IDIAP_IS1008d_B.foa.528"/>
    <foa endtime="1274.44" starttime="1272.8" type="person" role="UI" nxt_agent="C" nite:id="IDIAP_IS1008d_B.foa.529"/>
    <foa endtime="1274.92" starttime="1274.44" type="place" place="table" nite:id="IDIAP_IS1008d_B.foa.530"/>
    <foa endtime="1277.56" starttime="1274.92" type="person" role="UI" nxt_agent="C" nite:id="IDIAP_IS1008d_B.foa.531"/>
    <foa endtime="1278.6" starttime="1277.56" type="person" role="PM" nxt_agent="A" nite:id="IDIAP_IS1008d_B.foa.532"/>
    <foa endtime="1278.96" starttime="1278.6" type="person" role="UI" nxt_agent="C" nite:id="IDIAP_IS1008d_B.foa.533"/>
    <foa endtime="1279.8" starttime="1278.96" type="place" place="table" nite:id="IDIAP_IS1008d_B.foa.534"/>
    <foa endtime="1280.72" starttime="1279.8" type="person" role="ME" nxt_agent="D" nite:id="IDIAP_IS1008d_B.foa.535"/>
    <foa endtime="1281.56" starttime="1280.72" type="person" role="UI" nxt_agent="C" nite:id="IDIAP_IS1008d_B.foa.536"/>
    <foa endtime="1282.04" starttime="1281.56" type="person" role="PM" nxt_agent="A" nite:id="IDIAP_IS1008d_B.foa.537"/>
    <foa endtime="1282.4" starttime="1282.04" type="person" role="UI" nxt_agent="C" nite:id="IDIAP_IS1008d_B.foa.538"/>
    <foa endtime="1284.88" starttime="1282.4" type="unspecified" nite:id="IDIAP_IS1008d_B.foa.539"/>
    <foa endtime="1287.0" starttime="1284.88" type="person" role="UI" nxt_agent="C" nite:id="IDIAP_IS1008d_B.foa.540"/>
    <foa endtime="1287.48" starttime="1287.0" type="person" role="PM" nxt_agent="A" nite:id="IDIAP_IS1008d_B.foa.541"/>
    <foa endtime="1289.0" starttime="1287.48" type="person" role="UI" nxt_agent="C" nite:id="IDIAP_IS1008d_B.foa.542"/>
    <foa endtime="1289.8" starttime="1289.0" type="person" role="PM" nxt_agent="A" nite:id="IDIAP_IS1008d_B.foa.543"/>
    <foa endtime="1290.24" starttime="1289.8" type="person" role="UI" nxt_agent="C" nite:id="IDIAP_IS1008d_B.foa.544"/>
    <foa endtime="1290.64" starttime="1290.24" type="person" role="PM" nxt_agent="A" nite:id="IDIAP_IS1008d_B.foa.545"/>
    <foa endtime="1291.44" starttime="1290.64" type="person" role="UI" nxt_agent="C" nite:id="IDIAP_IS1008d_B.foa.546"/>
    <foa endtime="1291.68" starttime="1291.44" type="person" role="PM" nxt_agent="A" nite:id="IDIAP_IS1008d_B.foa.547"/>
    <foa endtime="1292.28" starttime="1291.68" type="person" role="UI" nxt_agent="C" nite:id="IDIAP_IS1008d_B.foa.548"/>
    <foa endtime="1293.96" starttime="1292.28" type="unspecified" nite:id="IDIAP_IS1008d_B.foa.549"/>
    <foa endtime="1294.8" starttime="1293.96" type="person" role="ME" nxt_agent="D" nite:id="IDIAP_IS1008d_B.foa.550"/>
    <foa endtime="1296.44" starttime="1294.8" type="person" role="UI" nxt_agent="C" nite:id="IDIAP_IS1008d_B.foa.551"/>
    <foa endtime="1297.44" starttime="1296.44" type="person" role="PM" nxt_agent="A" nite:id="IDIAP_IS1008d_B.foa.552"/>
    <foa endtime="1297.84" starttime="1297.44" type="person" role="UI" nxt_agent="C" nite:id="IDIAP_IS1008d_B.foa.553"/>
    <foa endtime="1298.28" starttime="1297.84" type="person" role="PM" nxt_agent="A" nite:id="IDIAP_IS1008d_B.foa.554"/>
    <foa endtime="1302.88" starttime="1298.28" type="person" role="UI" nxt_agent="C" nite:id="IDIAP_IS1008d_B.foa.555"/>
    <foa endtime="1312.36" starttime="1302.88" type="person" role="PM" nxt_agent="A" nite:id="IDIAP_IS1008d_B.foa.556"/>
    <foa endtime="1316.76" starttime="1312.36" type="person" role="UI" nxt_agent="C" nite:id="IDIAP_IS1008d_B.foa.557"/>
    <foa endtime="1317.28" starttime="1316.76" type="place" place="table" nite:id="IDIAP_IS1008d_B.foa.558"/>
    <foa endtime="1321.64" starttime="1317.28" type="person" role="UI" nxt_agent="C" nite:id="IDIAP_IS1008d_B.foa.559"/>
    <foa endtime="1321.88" starttime="1321.64" type="place" place="table" nite:id="IDIAP_IS1008d_B.foa.560"/>
    <foa endtime="1323.08" starttime="1321.88" type="person" role="UI" nxt_agent="C" nite:id="IDIAP_IS1008d_B.foa.561"/>
    <foa endtime="1323.8" starttime="1323.08" type="unspecified" nite:id="IDIAP_IS1008d_B.foa.562"/>
    <foa endtime="1324.64" starttime="1323.8" type="person" role="UI" nxt_agent="C" nite:id="IDIAP_IS1008d_B.foa.563"/>
    <foa endtime="1326.16" starttime="1324.64" type="place" place="table" nite:id="IDIAP_IS1008d_B.foa.564"/>
    <foa endtime="1330.2" starttime="1326.16" type="person" role="UI" nxt_agent="C" nite:id="IDIAP_IS1008d_B.foa.565"/>
    <foa endtime="1331.0" starttime="1330.2" type="person" role="PM" nxt_agent="A" nite:id="IDIAP_IS1008d_B.foa.566"/>
    <foa endtime="1336.2" starttime="1331.0" type="person" role="UI" nxt_agent="C" nite:id="IDIAP_IS1008d_B.foa.567"/>
    <foa endtime="1336.6" starttime="1336.2" type="person" role="PM" nxt_agent="A" nite:id="IDIAP_IS1008d_B.foa.568"/>
    <foa endtime="1337.8" starttime="1336.6" type="person" role="UI" nxt_agent="C" nite:id="IDIAP_IS1008d_B.foa.569"/>
    <foa endtime="1338.4" starttime="1337.8" type="person" role="PM" nxt_agent="A" nite:id="IDIAP_IS1008d_B.foa.570"/>
    <foa endtime="1340.56" starttime="1338.4" type="unspecified" nite:id="IDIAP_IS1008d_B.foa.571"/>
    <foa endtime="1341.16" starttime="1340.56" type="person" role="PM" nxt_agent="A" nite:id="IDIAP_IS1008d_B.foa.572"/>
    <foa endtime="1342.76" starttime="1341.16" type="person" role="UI" nxt_agent="C" nite:id="IDIAP_IS1008d_B.foa.573"/>
    <foa endtime="1343.72" starttime="1342.76" type="unspecified" nite:id="IDIAP_IS1008d_B.foa.574"/>
    <foa endtime="1344.32" starttime="1343.72" type="person" role="ME" nxt_agent="D" nite:id="IDIAP_IS1008d_B.foa.575"/>
    <foa endtime="1346.92" starttime="1344.32" type="person" role="UI" nxt_agent="C" nite:id="IDIAP_IS1008d_B.foa.576"/>
    <foa endtime="1347.68" starttime="1346.92" type="person" role="PM" nxt_agent="A" nite:id="IDIAP_IS1008d_B.foa.577"/>
    <foa endtime="1348.16" starttime="1347.68" type="person" role="UI" nxt_agent="C" nite:id="IDIAP_IS1008d_B.foa.578"/>
    <foa endtime="1349.28" starttime="1348.16" type="person" role="PM" nxt_agent="A" nite:id="IDIAP_IS1008d_B.foa.579"/>
    <foa endtime="1351.72" starttime="1349.28" type="person" role="UI" nxt_agent="C" nite:id="IDIAP_IS1008d_B.foa.580"/>
    <foa endtime="1353.72" starttime="1351.72" type="person" role="PM" nxt_agent="A" nite:id="IDIAP_IS1008d_B.foa.581"/>
    <foa endtime="1354.2" starttime="1353.72" type="person" role="UI" nxt_agent="C" nite:id="IDIAP_IS1008d_B.foa.582"/>
    <foa endtime="1355.76" starttime="1354.2" type="person" role="PM" nxt_agent="A" nite:id="IDIAP_IS1008d_B.foa.583"/>
    <foa endtime="1356.64" starttime="1355.76" type="person" role="UI" nxt_agent="C" nite:id="IDIAP_IS1008d_B.foa.584"/>
    <foa endtime="1357.64" starttime="1356.64" type="person" role="PM" nxt_agent="A" nite:id="IDIAP_IS1008d_B.foa.585"/>
    <foa endtime="1358.16" starttime="1357.64" type="person" role="UI" nxt_agent="C" nite:id="IDIAP_IS1008d_B.foa.586"/>
    <foa endtime="1359.2" starttime="1358.16" type="person" role="PM" nxt_agent="A" nite:id="IDIAP_IS1008d_B.foa.587"/>
    <foa endtime="1359.84" starttime="1359.2" type="person" role="UI" nxt_agent="C" nite:id="IDIAP_IS1008d_B.foa.588"/>
    <foa endtime="1361.0" starttime="1359.84" type="person" role="PM" nxt_agent="A" nite:id="IDIAP_IS1008d_B.foa.589"/>
    <foa endtime="1361.6" starttime="1361.0" type="person" role="UI" nxt_agent="C" nite:id="IDIAP_IS1008d_B.foa.590"/>
    <foa endtime="1362.64" starttime="1361.6" type="person" role="PM" nxt_agent="A" nite:id="IDIAP_IS1008d_B.foa.591"/>
    <foa endtime="1365.64" starttime="1362.64" type="person" role="UI" nxt_agent="C" nite:id="IDIAP_IS1008d_B.foa.592"/>
    <foa endtime="1366.36" starttime="1365.64" type="place" place="table" nite:id="IDIAP_IS1008d_B.foa.593"/>
    <foa endtime="1367.28" starttime="1366.36" type="person" role="PM" nxt_agent="A" nite:id="IDIAP_IS1008d_B.foa.594"/>
    <foa endtime="1368.44" starttime="1367.28" type="person" role="ME" nxt_agent="D" nite:id="IDIAP_IS1008d_B.foa.595"/>
    <foa endtime="1371.0" starttime="1368.44" type="person" role="PM" nxt_agent="A" nite:id="IDIAP_IS1008d_B.foa.596"/>
    <foa endtime="1372.68" starttime="1371.0" type="person" role="ME" nxt_agent="D" nite:id="IDIAP_IS1008d_B.foa.597"/>
    <foa endtime="1373.04" starttime="1372.68" type="person" role="UI" nxt_agent="C" nite:id="IDIAP_IS1008d_B.foa.598"/>
    <foa endtime="1375.28" starttime="1373.04" type="person" role="PM" nxt_agent="A" nite:id="IDIAP_IS1008d_B.foa.599"/>
    <foa endtime="1377.24" starttime="1375.28" type="person" role="UI" nxt_agent="C" nite:id="IDIAP_IS1008d_B.foa.600"/>
    <foa endtime="1378.8" starttime="1377.24" type="person" role="PM" nxt_agent="A" nite:id="IDIAP_IS1008d_B.foa.601"/>
    <foa endtime="1383.92" starttime="1378.8" type="place" place="slide-screen" nite:id="IDIAP_IS1008d_B.foa.602"/>
    <foa endtime="1387.12" starttime="1383.92" type="person" role="ME" nxt_agent="D" nite:id="IDIAP_IS1008d_B.foa.603"/>
    <foa endtime="1390.32" starttime="1387.12" type="place" place="table" nite:id="IDIAP_IS1008d_B.foa.604"/>
    <foa endtime="1391.92" starttime="1390.32" type="person" role="ME" nxt_agent="D" nite:id="IDIAP_IS1008d_B.foa.605"/>
    <foa endtime="1393.68" starttime="1391.92" type="place" place="table" nite:id="IDIAP_IS1008d_B.foa.606"/>
    <foa endtime="1394.44" starttime="1393.68" type="person" role="ME" nxt_agent="D" nite:id="IDIAP_IS1008d_B.foa.607"/>
    <foa endtime="1395.76" starttime="1394.44" type="place" place="table" nite:id="IDIAP_IS1008d_B.foa.608"/>
    <foa endtime="1396.24" starttime="1395.76" type="person" role="ME" nxt_agent="D" nite:id="IDIAP_IS1008d_B.foa.609"/>
    <foa endtime="1396.48" starttime="1396.24" type="place" place="table" nite:id="IDIAP_IS1008d_B.foa.610"/>
    <foa endtime="1396.84" starttime="1396.48" type="person" role="PM" nxt_agent="A" nite:id="IDIAP_IS1008d_B.foa.611"/>
    <foa endtime="1398.12" starttime="1396.84" type="place" place="slide-screen" nite:id="IDIAP_IS1008d_B.foa.612"/>
    <foa endtime="1398.88" starttime="1398.12" type="person" role="PM" nxt_agent="A" nite:id="IDIAP_IS1008d_B.foa.613"/>
    <foa endtime="1402.04" starttime="1398.88" type="place" place="slide-screen" nite:id="IDIAP_IS1008d_B.foa.614"/>
    <foa endtime="1402.52" starttime="1402.04" type="person" role="PM" nxt_agent="A" nite:id="IDIAP_IS1008d_B.foa.615"/>
    <foa endtime="1402.76" starttime="1402.52" type="person" role="UI" nxt_agent="C" nite:id="IDIAP_IS1008d_B.foa.616"/>
    <foa endtime="1403.68" starttime="1402.76" type="person" role="PM" nxt_agent="A" nite:id="IDIAP_IS1008d_B.foa.617"/>
    <foa endtime="1404.64" starttime="1403.68" type="unspecified" nite:id="IDIAP_IS1008d_B.foa.618"/>
    <foa endtime="1409.76" starttime="1404.64" type="place" place="slide-screen" nite:id="IDIAP_IS1008d_B.foa.619"/>
    <foa endtime="1414.16" starttime="1409.76" type="person" role="PM" nxt_agent="A" nite:id="IDIAP_IS1008d_B.foa.620"/>
    <foa endtime="1414.8" starttime="1414.16" type="person" role="UI" nxt_agent="C" nite:id="IDIAP_IS1008d_B.foa.621"/>
    <foa endtime="1415.4" starttime="1414.8" type="unspecified" nite:id="IDIAP_IS1008d_B.foa.622"/>
    <foa endtime="1415.76" starttime="1415.4" type="person" role="UI" nxt_agent="C" nite:id="IDIAP_IS1008d_B.foa.623"/>
    <foa endtime="1416.48" starttime="1415.76" type="person" role="PM" nxt_agent="A" nite:id="IDIAP_IS1008d_B.foa.624"/>
    <foa endtime="1416.84" starttime="1416.48" type="person" role="UI" nxt_agent="C" nite:id="IDIAP_IS1008d_B.foa.625"/>
    <foa endtime="1417.68" starttime="1416.84" type="person" role="PM" nxt_agent="A" nite:id="IDIAP_IS1008d_B.foa.626"/>
    <foa endtime="1421.76" starttime="1417.68" type="place" place="table" nite:id="IDIAP_IS1008d_B.foa.627"/>
    <foa endtime="1422.44" starttime="1421.76" type="person" role="PM" nxt_agent="A" nite:id="IDIAP_IS1008d_B.foa.628"/>
    <foa endtime="1422.92" starttime="1422.44" type="place" place="table" nite:id="IDIAP_IS1008d_B.foa.629"/>
    <foa endtime="1423.04" starttime="1422.92" type="person" role="PM" nxt_agent="A" nite:id="IDIAP_IS1008d_B.foa.630"/>
    <foa endtime="1423.28" starttime="1423.04" type="place" place="table" nite:id="IDIAP_IS1008d_B.foa.631"/>
    <foa endtime="1423.76" starttime="1423.28" type="person" role="PM" nxt_agent="A" nite:id="IDIAP_IS1008d_B.foa.632"/>
    <foa endtime="1424.6" starttime="1423.76" type="place" place="table" nite:id="IDIAP_IS1008d_B.foa.633"/>
    <foa endtime="1427.6" starttime="1424.6" type="person" role="PM" nxt_agent="A" nite:id="IDIAP_IS1008d_B.foa.634"/>
    <foa endtime="1428.48" starttime="1427.6" type="unspecified" nite:id="IDIAP_IS1008d_B.foa.635"/>
    <foa endtime="1433.64" starttime="1428.48" type="person" role="PM" nxt_agent="A" nite:id="IDIAP_IS1008d_B.foa.636"/>
    <foa endtime="1434.24" starttime="1433.64" type="unspecified" nite:id="IDIAP_IS1008d_B.foa.637"/>
    <foa endtime="1434.36" starttime="1434.24" type="person" role="ME" nxt_agent="D" nite:id="IDIAP_IS1008d_B.foa.638"/>
    <foa endtime="1434.96" starttime="1434.36" type="unspecified" nite:id="IDIAP_IS1008d_B.foa.639"/>
    <foa endtime="1435.44" starttime="1434.96" type="person" role="ME" nxt_agent="D" nite:id="IDIAP_IS1008d_B.foa.640"/>
    <foa endtime="1435.56" starttime="1435.44" type="unspecified" nite:id="IDIAP_IS1008d_B.foa.641"/>
    <foa endtime="1439.04" starttime="1435.56" type="person" role="UI" nxt_agent="C" nite:id="IDIAP_IS1008d_B.foa.642"/>
    <foa endtime="1439.88" starttime="1439.04" type="place" place="table" nite:id="IDIAP_IS1008d_B.foa.643"/>
    <foa endtime="1440.48" starttime="1439.88" type="person" role="PM" nxt_agent="A" nite:id="IDIAP_IS1008d_B.foa.644"/>
    <foa endtime="1470.0" starttime="1440.48" type="unspecified" nite:id="IDIAP_IS1008d_B.foa.645"/>
</nite:root>
