<?xml version="1.0" encoding="UTF-8"?>
<nite:root xmlns:nite="http://nite.sourceforge.net/" nite:id="IDIAP_IS1008a_D.nite:root.1">
    <foa endtime="38.84" starttime="0.0" type="unspecified" nite:id="IDIAP_IS1008a_D.foa.1"/>
    <foa endtime="39.2" starttime="38.84" type="place" place="table" nite:id="IDIAP_IS1008a_D.foa.2"/>
    <foa endtime="40.76" starttime="39.2" type="person" role="ID" nxt_agent="C" nite:id="IDIAP_IS1008a_D.foa.3"/>
    <foa endtime="47.88" starttime="40.76" type="place" place="table" nite:id="IDIAP_IS1008a_D.foa.4"/>
    <foa endtime="50.08" starttime="47.88" type="person" role="PM" nxt_agent="A" nite:id="IDIAP_IS1008a_D.foa.5"/>
    <foa endtime="52.6" starttime="50.08" type="place" place="table" nite:id="IDIAP_IS1008a_D.foa.6"/>
    <foa endtime="55.44" starttime="52.6" type="person" role="PM" nxt_agent="A" nite:id="IDIAP_IS1008a_D.foa.7"/>
    <foa endtime="56.64" starttime="55.44" type="place" place="table" nite:id="IDIAP_IS1008a_D.foa.8"/>
    <foa endtime="57.6" starttime="56.64" type="person" role="PM" nxt_agent="A" nite:id="IDIAP_IS1008a_D.foa.9"/>
    <foa endtime="58.6" starttime="57.6" type="place" place="table" nite:id="IDIAP_IS1008a_D.foa.10"/>
    <foa endtime="59.56" starttime="58.6" type="person" role="PM" nxt_agent="A" nite:id="IDIAP_IS1008a_D.foa.11"/>
    <foa endtime="60.64" starttime="59.56" type="person" role="ID" nxt_agent="C" nite:id="IDIAP_IS1008a_D.foa.12"/>
    <foa endtime="61.48" starttime="60.64" type="place" place="table" nite:id="IDIAP_IS1008a_D.foa.13"/>
    <foa endtime="65.2" starttime="61.48" type="person" role="PM" nxt_agent="A" nite:id="IDIAP_IS1008a_D.foa.14"/>
    <foa endtime="66.88" starttime="65.2" type="place" place="table" nite:id="IDIAP_IS1008a_D.foa.15"/>
    <foa endtime="67.24" starttime="66.88" type="unspecified" nite:id="IDIAP_IS1008a_D.foa.16"/>
    <foa endtime="67.48" starttime="67.24" type="place" place="table" nite:id="IDIAP_IS1008a_D.foa.17"/>
    <foa endtime="68.64" starttime="67.48" type="person" role="PM" nxt_agent="A" nite:id="IDIAP_IS1008a_D.foa.18"/>
    <foa endtime="70.8" starttime="68.64" type="person" role="UI" nxt_agent="B" nite:id="IDIAP_IS1008a_D.foa.19"/>
    <foa endtime="72.08" starttime="70.8" type="person" role="ID" nxt_agent="C" nite:id="IDIAP_IS1008a_D.foa.20"/>
    <foa endtime="72.96" starttime="72.08" type="person" role="PM" nxt_agent="A" nite:id="IDIAP_IS1008a_D.foa.21"/>
    <foa endtime="76.08" starttime="72.96" type="person" role="UI" nxt_agent="B" nite:id="IDIAP_IS1008a_D.foa.22"/>
    <foa endtime="76.92" starttime="76.08" type="place" place="table" nite:id="IDIAP_IS1008a_D.foa.23"/>
    <foa endtime="80.12" starttime="76.92" type="person" role="UI" nxt_agent="B" nite:id="IDIAP_IS1008a_D.foa.24"/>
    <foa endtime="80.76" starttime="80.12" type="person" role="PM" nxt_agent="A" nite:id="IDIAP_IS1008a_D.foa.25"/>
    <foa endtime="81.72" starttime="80.76" type="place" place="table" nite:id="IDIAP_IS1008a_D.foa.26"/>
    <foa endtime="82.04" starttime="81.72" type="person" role="PM" nxt_agent="A" nite:id="IDIAP_IS1008a_D.foa.27"/>
    <foa endtime="83.36" starttime="82.04" type="place" place="table" nite:id="IDIAP_IS1008a_D.foa.28"/>
    <foa endtime="85.76" starttime="83.36" type="person" role="PM" nxt_agent="A" nite:id="IDIAP_IS1008a_D.foa.29"/>
    <foa endtime="87.08" starttime="85.76" type="place" place="table" nite:id="IDIAP_IS1008a_D.foa.30"/>
    <foa endtime="89.72" starttime="87.08" type="person" role="PM" nxt_agent="A" nite:id="IDIAP_IS1008a_D.foa.31"/>
    <foa endtime="90.44" starttime="89.72" type="place" place="table" nite:id="IDIAP_IS1008a_D.foa.32"/>
    <foa endtime="90.92" starttime="90.44" type="person" role="PM" nxt_agent="A" nite:id="IDIAP_IS1008a_D.foa.33"/>
    <foa endtime="91.88" starttime="90.92" type="place" place="table" nite:id="IDIAP_IS1008a_D.foa.34"/>
    <foa endtime="94.28" starttime="91.88" type="person" role="ID" nxt_agent="C" nite:id="IDIAP_IS1008a_D.foa.35"/>
    <foa endtime="94.8" starttime="94.28" type="person" role="PM" nxt_agent="A" nite:id="IDIAP_IS1008a_D.foa.36"/>
    <foa endtime="95.88" starttime="94.8" type="place" place="table" nite:id="IDIAP_IS1008a_D.foa.37"/>
    <foa endtime="99.84" starttime="95.88" type="person" role="ID" nxt_agent="C" nite:id="IDIAP_IS1008a_D.foa.38"/>
    <foa endtime="100.64" starttime="99.84" type="person" role="PM" nxt_agent="A" nite:id="IDIAP_IS1008a_D.foa.39"/>
    <foa endtime="102.28" starttime="100.64" type="place" place="table" nite:id="IDIAP_IS1008a_D.foa.40"/>
    <foa endtime="102.44" starttime="102.28" type="person" role="PM" nxt_agent="A" nite:id="IDIAP_IS1008a_D.foa.41"/>
    <foa endtime="105.28" starttime="102.44" type="person" role="ID" nxt_agent="C" nite:id="IDIAP_IS1008a_D.foa.42"/>
    <foa endtime="106.0" starttime="105.28" type="place" place="table" nite:id="IDIAP_IS1008a_D.foa.43"/>
    <foa endtime="109.6" starttime="106.0" type="person" role="ID" nxt_agent="C" nite:id="IDIAP_IS1008a_D.foa.44"/>
    <foa endtime="110.68" starttime="109.6" type="person" role="PM" nxt_agent="A" nite:id="IDIAP_IS1008a_D.foa.45"/>
    <foa endtime="112.36" starttime="110.68" type="place" place="table" nite:id="IDIAP_IS1008a_D.foa.46"/>
    <foa endtime="114.92" starttime="112.36" type="person" role="ID" nxt_agent="C" nite:id="IDIAP_IS1008a_D.foa.47"/>
    <foa endtime="116.44" starttime="114.92" type="place" place="table" nite:id="IDIAP_IS1008a_D.foa.48"/>
    <foa endtime="117.36" starttime="116.44" type="person" role="PM" nxt_agent="A" nite:id="IDIAP_IS1008a_D.foa.49"/>
    <foa endtime="119.28" starttime="117.36" type="place" place="table" nite:id="IDIAP_IS1008a_D.foa.50"/>
    <foa endtime="120.16" starttime="119.28" type="person" role="PM" nxt_agent="A" nite:id="IDIAP_IS1008a_D.foa.51"/>
    <foa endtime="120.36" starttime="120.16" type="place" place="table" nite:id="IDIAP_IS1008a_D.foa.52"/>
    <foa endtime="120.6" starttime="120.36" type="person" role="ID" nxt_agent="C" nite:id="IDIAP_IS1008a_D.foa.53"/>
    <foa endtime="121.2" starttime="120.6" type="place" place="table" nite:id="IDIAP_IS1008a_D.foa.54"/>
    <foa endtime="122.52" starttime="121.2" type="person" role="PM" nxt_agent="A" nite:id="IDIAP_IS1008a_D.foa.55"/>
    <foa endtime="123.92" starttime="122.52" type="place" place="slide-screen" nite:id="IDIAP_IS1008a_D.foa.56"/>
    <foa endtime="124.4" starttime="123.92" type="person" role="PM" nxt_agent="A" nite:id="IDIAP_IS1008a_D.foa.57"/>
    <foa endtime="125.12" starttime="124.4" type="place" place="table" nite:id="IDIAP_IS1008a_D.foa.58"/>
    <foa endtime="128.48" starttime="125.12" type="person" role="PM" nxt_agent="A" nite:id="IDIAP_IS1008a_D.foa.59"/>
    <foa endtime="129.2" starttime="128.48" type="place" place="table" nite:id="IDIAP_IS1008a_D.foa.60"/>
    <foa endtime="130.4" starttime="129.2" type="person" role="PM" nxt_agent="A" nite:id="IDIAP_IS1008a_D.foa.61"/>
    <foa endtime="132.52" starttime="130.4" type="place" place="table" nite:id="IDIAP_IS1008a_D.foa.62"/>
    <foa endtime="133.64" starttime="132.52" type="person" role="ID" nxt_agent="C" nite:id="IDIAP_IS1008a_D.foa.63"/>
    <foa endtime="136.84" starttime="133.64" type="place" place="table" nite:id="IDIAP_IS1008a_D.foa.64"/>
    <foa endtime="144.24" starttime="136.84" type="person" role="PM" nxt_agent="A" nite:id="IDIAP_IS1008a_D.foa.65"/>
    <foa endtime="146.64" starttime="144.24" type="place" place="table" nite:id="IDIAP_IS1008a_D.foa.66"/>
    <foa endtime="149.32" starttime="146.64" type="person" role="PM" nxt_agent="A" nite:id="IDIAP_IS1008a_D.foa.67"/>
    <foa endtime="150.88" starttime="149.32" type="place" place="table" nite:id="IDIAP_IS1008a_D.foa.68"/>
    <foa endtime="160.4" starttime="150.88" type="person" role="PM" nxt_agent="A" nite:id="IDIAP_IS1008a_D.foa.69"/>
    <foa endtime="162.2" starttime="160.4" type="place" place="slide-screen" nite:id="IDIAP_IS1008a_D.foa.70"/>
    <foa endtime="163.92" starttime="162.2" type="person" role="PM" nxt_agent="A" nite:id="IDIAP_IS1008a_D.foa.71"/>
    <foa endtime="164.36" starttime="163.92" type="place" place="table" nite:id="IDIAP_IS1008a_D.foa.72"/>
    <foa endtime="165.2" starttime="164.36" type="person" role="PM" nxt_agent="A" nite:id="IDIAP_IS1008a_D.foa.73"/>
    <foa endtime="165.64" starttime="165.2" type="person" role="ID" nxt_agent="C" nite:id="IDIAP_IS1008a_D.foa.74"/>
    <foa endtime="168.16" starttime="165.64" type="person" role="PM" nxt_agent="A" nite:id="IDIAP_IS1008a_D.foa.75"/>
    <foa endtime="170.4" starttime="168.16" type="place" place="table" nite:id="IDIAP_IS1008a_D.foa.76"/>
    <foa endtime="172.4" starttime="170.4" type="person" role="ID" nxt_agent="C" nite:id="IDIAP_IS1008a_D.foa.77"/>
    <foa endtime="173.16" starttime="172.4" type="place" place="table" nite:id="IDIAP_IS1008a_D.foa.78"/>
    <foa endtime="173.96" starttime="173.16" type="person" role="UI" nxt_agent="B" nite:id="IDIAP_IS1008a_D.foa.79"/>
    <foa endtime="174.56" starttime="173.96" type="place" place="slide-screen" nite:id="IDIAP_IS1008a_D.foa.80"/>
    <foa endtime="180.32" starttime="174.56" type="person" role="PM" nxt_agent="A" nite:id="IDIAP_IS1008a_D.foa.81"/>
    <foa endtime="180.56" starttime="180.32" type="place" place="table" nite:id="IDIAP_IS1008a_D.foa.82"/>
    <foa endtime="181.4" starttime="180.56" type="unspecified" nite:id="IDIAP_IS1008a_D.foa.83"/>
    <foa endtime="186.36" starttime="181.4" type="person" role="PM" nxt_agent="A" nite:id="IDIAP_IS1008a_D.foa.84"/>
    <foa endtime="189.32" starttime="186.36" type="place" place="table" nite:id="IDIAP_IS1008a_D.foa.85"/>
    <foa endtime="190.12" starttime="189.32" type="person" role="PM" nxt_agent="A" nite:id="IDIAP_IS1008a_D.foa.86"/>
    <foa endtime="195.8" starttime="190.12" type="place" place="slide-screen" nite:id="IDIAP_IS1008a_D.foa.87"/>
    <foa endtime="196.4" starttime="195.8" type="person" role="PM" nxt_agent="A" nite:id="IDIAP_IS1008a_D.foa.88"/>
    <foa endtime="198.4" starttime="196.4" type="place" place="slide-screen" nite:id="IDIAP_IS1008a_D.foa.89"/>
    <foa endtime="198.76" starttime="198.4" type="person" role="PM" nxt_agent="A" nite:id="IDIAP_IS1008a_D.foa.90"/>
    <foa endtime="199.64" starttime="198.76" type="person" role="ID" nxt_agent="C" nite:id="IDIAP_IS1008a_D.foa.91"/>
    <foa endtime="204.32" starttime="199.64" type="person" role="PM" nxt_agent="A" nite:id="IDIAP_IS1008a_D.foa.92"/>
    <foa endtime="205.72" starttime="204.32" type="person" role="ID" nxt_agent="C" nite:id="IDIAP_IS1008a_D.foa.93"/>
    <foa endtime="206.52" starttime="205.72" type="person" role="PM" nxt_agent="A" nite:id="IDIAP_IS1008a_D.foa.94"/>
    <foa endtime="206.64" starttime="206.52" type="place" place="table" nite:id="IDIAP_IS1008a_D.foa.95"/>
    <foa endtime="207.48" starttime="206.64" type="person" role="UI" nxt_agent="B" nite:id="IDIAP_IS1008a_D.foa.96"/>
    <foa endtime="208.92" starttime="207.48" type="person" role="ID" nxt_agent="C" nite:id="IDIAP_IS1008a_D.foa.97"/>
    <foa endtime="210.24" starttime="208.92" type="person" role="PM" nxt_agent="A" nite:id="IDIAP_IS1008a_D.foa.98"/>
    <foa endtime="210.96" starttime="210.24" type="place" place="table" nite:id="IDIAP_IS1008a_D.foa.99"/>
    <foa endtime="211.24" starttime="210.96" type="place" place="slide-screen" nite:id="IDIAP_IS1008a_D.foa.100"/>
    <foa endtime="212.2" starttime="211.24" type="person" role="PM" nxt_agent="A" nite:id="IDIAP_IS1008a_D.foa.101"/>
    <foa endtime="212.68" starttime="212.2" type="place" place="table" nite:id="IDIAP_IS1008a_D.foa.102"/>
    <foa endtime="214.0" starttime="212.68" type="person" role="PM" nxt_agent="A" nite:id="IDIAP_IS1008a_D.foa.103"/>
    <foa endtime="215.8" starttime="214.0" type="person" role="ID" nxt_agent="C" nite:id="IDIAP_IS1008a_D.foa.104"/>
    <foa endtime="217.24" starttime="215.8" type="place" place="table" nite:id="IDIAP_IS1008a_D.foa.105"/>
    <foa endtime="218.68" starttime="217.24" type="person" role="PM" nxt_agent="A" nite:id="IDIAP_IS1008a_D.foa.106"/>
    <foa endtime="220.56" starttime="218.68" type="person" role="ID" nxt_agent="C" nite:id="IDIAP_IS1008a_D.foa.107"/>
    <foa endtime="220.96" starttime="220.56" type="person" role="PM" nxt_agent="A" nite:id="IDIAP_IS1008a_D.foa.108"/>
    <foa endtime="221.56" starttime="220.96" type="place" place="table" nite:id="IDIAP_IS1008a_D.foa.109"/>
    <foa endtime="226.12" starttime="221.56" type="place" place="slide-screen" nite:id="IDIAP_IS1008a_D.foa.110"/>
    <foa endtime="227.28" starttime="226.12" type="person" role="PM" nxt_agent="A" nite:id="IDIAP_IS1008a_D.foa.111"/>
    <foa endtime="232.96" starttime="227.28" type="place" place="slide-screen" nite:id="IDIAP_IS1008a_D.foa.112"/>
    <foa endtime="234.52" starttime="232.96" type="unspecified" nite:id="IDIAP_IS1008a_D.foa.113"/>
    <foa endtime="236.32" starttime="234.52" type="person" role="ID" nxt_agent="C" nite:id="IDIAP_IS1008a_D.foa.114"/>
    <foa endtime="236.88" starttime="236.32" type="person" role="PM" nxt_agent="A" nite:id="IDIAP_IS1008a_D.foa.115"/>
    <foa endtime="237.56" starttime="236.88" type="person" role="ID" nxt_agent="C" nite:id="IDIAP_IS1008a_D.foa.116"/>
    <foa endtime="239.64" starttime="237.56" type="person" role="PM" nxt_agent="A" nite:id="IDIAP_IS1008a_D.foa.117"/>
    <foa endtime="240.28" starttime="239.64" type="person" role="UI" nxt_agent="B" nite:id="IDIAP_IS1008a_D.foa.118"/>
    <foa endtime="242.24" starttime="240.28" type="person" role="PM" nxt_agent="A" nite:id="IDIAP_IS1008a_D.foa.119"/>
    <foa endtime="242.72" starttime="242.24" type="person" role="ID" nxt_agent="C" nite:id="IDIAP_IS1008a_D.foa.120"/>
    <foa endtime="243.08" starttime="242.72" type="person" role="PM" nxt_agent="A" nite:id="IDIAP_IS1008a_D.foa.121"/>
    <foa endtime="243.8" starttime="243.08" type="place" place="table" nite:id="IDIAP_IS1008a_D.foa.122"/>
    <foa endtime="244.52" starttime="243.8" type="person" role="ID" nxt_agent="C" nite:id="IDIAP_IS1008a_D.foa.123"/>
    <foa endtime="247.32" starttime="244.52" type="person" role="PM" nxt_agent="A" nite:id="IDIAP_IS1008a_D.foa.124"/>
    <foa endtime="249.72" starttime="247.32" type="person" role="ID" nxt_agent="C" nite:id="IDIAP_IS1008a_D.foa.125"/>
    <foa endtime="250.92" starttime="249.72" type="place" place="table" nite:id="IDIAP_IS1008a_D.foa.126"/>
    <foa endtime="252.64" starttime="250.92" type="person" role="ID" nxt_agent="C" nite:id="IDIAP_IS1008a_D.foa.127"/>
    <foa endtime="257.0" starttime="252.64" type="person" role="PM" nxt_agent="A" nite:id="IDIAP_IS1008a_D.foa.128"/>
    <foa endtime="257.76" starttime="257.0" type="place" place="table" nite:id="IDIAP_IS1008a_D.foa.129"/>
    <foa endtime="258.12" starttime="257.76" type="person" role="ID" nxt_agent="C" nite:id="IDIAP_IS1008a_D.foa.130"/>
    <foa endtime="258.32" starttime="258.12" type="person" role="PM" nxt_agent="A" nite:id="IDIAP_IS1008a_D.foa.131"/>
    <foa endtime="258.68" starttime="258.32" type="place" place="table" nite:id="IDIAP_IS1008a_D.foa.132"/>
    <foa endtime="258.8" starttime="258.68" type="person" role="UI" nxt_agent="B" nite:id="IDIAP_IS1008a_D.foa.133"/>
    <foa endtime="260.6" starttime="258.8" type="place" place="slide-screen" nite:id="IDIAP_IS1008a_D.foa.134"/>
    <foa endtime="261.56" starttime="260.6" type="person" role="PM" nxt_agent="A" nite:id="IDIAP_IS1008a_D.foa.135"/>
    <foa endtime="262.48" starttime="261.56" type="place" place="table" nite:id="IDIAP_IS1008a_D.foa.136"/>
    <foa endtime="264.96" starttime="262.48" type="place" place="slide-screen" nite:id="IDIAP_IS1008a_D.foa.137"/>
    <foa endtime="267.76" starttime="264.96" type="person" role="ID" nxt_agent="C" nite:id="IDIAP_IS1008a_D.foa.138"/>
    <foa endtime="268.0" starttime="267.76" type="person" role="PM" nxt_agent="A" nite:id="IDIAP_IS1008a_D.foa.139"/>
    <foa endtime="268.84" starttime="268.0" type="place" place="table" nite:id="IDIAP_IS1008a_D.foa.140"/>
    <foa endtime="269.08" starttime="268.84" type="person" role="PM" nxt_agent="A" nite:id="IDIAP_IS1008a_D.foa.141"/>
    <foa endtime="270.28" starttime="269.08" type="place" place="table" nite:id="IDIAP_IS1008a_D.foa.142"/>
    <foa endtime="272.12" starttime="270.28" type="place" place="slide-screen" nite:id="IDIAP_IS1008a_D.foa.143"/>
    <foa endtime="273.08" starttime="272.12" type="place" place="table" nite:id="IDIAP_IS1008a_D.foa.144"/>
    <foa endtime="275.84" starttime="273.08" type="person" role="ID" nxt_agent="C" nite:id="IDIAP_IS1008a_D.foa.145"/>
    <foa endtime="277.16" starttime="275.84" type="person" role="PM" nxt_agent="A" nite:id="IDIAP_IS1008a_D.foa.146"/>
    <foa endtime="277.64" starttime="277.16" type="place" place="table" nite:id="IDIAP_IS1008a_D.foa.147"/>
    <foa endtime="278.24" starttime="277.64" type="person" role="ID" nxt_agent="C" nite:id="IDIAP_IS1008a_D.foa.148"/>
    <foa endtime="282.2" starttime="278.24" type="place" place="table" nite:id="IDIAP_IS1008a_D.foa.149"/>
    <foa endtime="283.28" starttime="282.2" type="person" role="PM" nxt_agent="A" nite:id="IDIAP_IS1008a_D.foa.150"/>
    <foa endtime="284.72" starttime="283.28" type="place" place="table" nite:id="IDIAP_IS1008a_D.foa.151"/>
    <foa endtime="285.64" starttime="284.72" type="place" place="slide-screen" nite:id="IDIAP_IS1008a_D.foa.152"/>
    <foa endtime="285.72" starttime="285.64" type="person" role="PM" nxt_agent="A" nite:id="IDIAP_IS1008a_D.foa.153"/>
    <foa endtime="286.32" starttime="285.72" type="person" role="ID" nxt_agent="C" nite:id="IDIAP_IS1008a_D.foa.154"/>
    <foa endtime="288.96" starttime="286.32" type="person" role="PM" nxt_agent="A" nite:id="IDIAP_IS1008a_D.foa.155"/>
    <foa endtime="290.16" starttime="288.96" type="person" role="ID" nxt_agent="C" nite:id="IDIAP_IS1008a_D.foa.156"/>
    <foa endtime="292.48" starttime="290.16" type="person" role="PM" nxt_agent="A" nite:id="IDIAP_IS1008a_D.foa.157"/>
    <foa endtime="292.72" starttime="292.48" type="place" place="table" nite:id="IDIAP_IS1008a_D.foa.158"/>
    <foa endtime="293.28" starttime="292.72" type="person" role="PM" nxt_agent="A" nite:id="IDIAP_IS1008a_D.foa.159"/>
    <foa endtime="294.36" starttime="293.28" type="place" place="table" nite:id="IDIAP_IS1008a_D.foa.160"/>
    <foa endtime="297.84" starttime="294.36" type="person" role="PM" nxt_agent="A" nite:id="IDIAP_IS1008a_D.foa.161"/>
    <foa endtime="298.6" starttime="297.84" type="person" role="ID" nxt_agent="C" nite:id="IDIAP_IS1008a_D.foa.162"/>
    <foa endtime="300.0" starttime="298.6" type="person" role="PM" nxt_agent="A" nite:id="IDIAP_IS1008a_D.foa.163"/>
    <foa endtime="303.56" starttime="300.0" type="person" role="ID" nxt_agent="C" nite:id="IDIAP_IS1008a_D.foa.164"/>
    <foa endtime="304.64" starttime="303.56" type="place" place="table" nite:id="IDIAP_IS1008a_D.foa.165"/>
    <foa endtime="304.96" starttime="304.64" type="person" role="ID" nxt_agent="C" nite:id="IDIAP_IS1008a_D.foa.166"/>
    <foa endtime="306.52" starttime="304.96" type="place" place="table" nite:id="IDIAP_IS1008a_D.foa.167"/>
    <foa endtime="311.0" starttime="306.52" type="person" role="ID" nxt_agent="C" nite:id="IDIAP_IS1008a_D.foa.168"/>
    <foa endtime="311.32" starttime="311.0" type="place" place="table" nite:id="IDIAP_IS1008a_D.foa.169"/>
    <foa endtime="311.68" starttime="311.32" type="person" role="PM" nxt_agent="A" nite:id="IDIAP_IS1008a_D.foa.170"/>
    <foa endtime="312.56" starttime="311.68" type="person" role="ID" nxt_agent="C" nite:id="IDIAP_IS1008a_D.foa.171"/>
    <foa endtime="312.88" starttime="312.56" type="place" place="table" nite:id="IDIAP_IS1008a_D.foa.172"/>
    <foa endtime="325.48" starttime="312.88" type="person" role="ID" nxt_agent="C" nite:id="IDIAP_IS1008a_D.foa.173"/>
    <foa endtime="327.16" starttime="325.48" type="place" place="table" nite:id="IDIAP_IS1008a_D.foa.174"/>
    <foa endtime="329.04" starttime="327.16" type="person" role="ID" nxt_agent="C" nite:id="IDIAP_IS1008a_D.foa.175"/>
    <foa endtime="329.88" starttime="329.04" type="place" place="table" nite:id="IDIAP_IS1008a_D.foa.176"/>
    <foa endtime="331.44" starttime="329.88" type="person" role="ID" nxt_agent="C" nite:id="IDIAP_IS1008a_D.foa.177"/>
    <foa endtime="331.56" starttime="331.44" type="place" place="table" nite:id="IDIAP_IS1008a_D.foa.178"/>
    <foa endtime="332.28" starttime="331.56" type="person" role="ID" nxt_agent="C" nite:id="IDIAP_IS1008a_D.foa.179"/>
    <foa endtime="332.52" starttime="332.28" type="place" place="table" nite:id="IDIAP_IS1008a_D.foa.180"/>
    <foa endtime="333.72" starttime="332.52" type="person" role="ID" nxt_agent="C" nite:id="IDIAP_IS1008a_D.foa.181"/>
    <foa endtime="336.36" starttime="333.72" type="place" place="table" nite:id="IDIAP_IS1008a_D.foa.182"/>
    <foa endtime="337.32" starttime="336.36" type="person" role="ID" nxt_agent="C" nite:id="IDIAP_IS1008a_D.foa.183"/>
    <foa endtime="338.56" starttime="337.32" type="person" role="PM" nxt_agent="A" nite:id="IDIAP_IS1008a_D.foa.184"/>
    <foa endtime="345.36" starttime="338.56" type="person" role="ID" nxt_agent="C" nite:id="IDIAP_IS1008a_D.foa.185"/>
    <foa endtime="346.6" starttime="345.36" type="person" role="PM" nxt_agent="A" nite:id="IDIAP_IS1008a_D.foa.186"/>
    <foa endtime="351.48" starttime="346.6" type="person" role="ID" nxt_agent="C" nite:id="IDIAP_IS1008a_D.foa.187"/>
    <foa endtime="352.4" starttime="351.48" type="place" place="table" nite:id="IDIAP_IS1008a_D.foa.188"/>
    <foa endtime="355.36" starttime="352.4" type="person" role="ID" nxt_agent="C" nite:id="IDIAP_IS1008a_D.foa.189"/>
    <foa endtime="357.6" starttime="355.36" type="place" place="table" nite:id="IDIAP_IS1008a_D.foa.190"/>
    <foa endtime="362.8" starttime="357.6" type="person" role="ID" nxt_agent="C" nite:id="IDIAP_IS1008a_D.foa.191"/>
    <foa endtime="364.92" starttime="362.8" type="place" place="table" nite:id="IDIAP_IS1008a_D.foa.192"/>
    <foa endtime="366.12" starttime="364.92" type="person" role="PM" nxt_agent="A" nite:id="IDIAP_IS1008a_D.foa.193"/>
    <foa endtime="369.08" starttime="366.12" type="place" place="table" nite:id="IDIAP_IS1008a_D.foa.194"/>
    <foa endtime="373.92" starttime="369.08" type="person" role="ID" nxt_agent="C" nite:id="IDIAP_IS1008a_D.foa.195"/>
    <foa endtime="374.64" starttime="373.92" type="place" place="table" nite:id="IDIAP_IS1008a_D.foa.196"/>
    <foa endtime="375.52" starttime="374.64" type="person" role="ID" nxt_agent="C" nite:id="IDIAP_IS1008a_D.foa.197"/>
    <foa endtime="376.24" starttime="375.52" type="place" place="table" nite:id="IDIAP_IS1008a_D.foa.198"/>
    <foa endtime="377.4" starttime="376.24" type="person" role="PM" nxt_agent="A" nite:id="IDIAP_IS1008a_D.foa.199"/>
    <foa endtime="378.36" starttime="377.4" type="person" role="ID" nxt_agent="C" nite:id="IDIAP_IS1008a_D.foa.200"/>
    <foa endtime="378.64" starttime="378.36" type="person" role="PM" nxt_agent="A" nite:id="IDIAP_IS1008a_D.foa.201"/>
    <foa endtime="379.56" starttime="378.64" type="person" role="ID" nxt_agent="C" nite:id="IDIAP_IS1008a_D.foa.202"/>
    <foa endtime="380.72" starttime="379.56" type="place" place="table" nite:id="IDIAP_IS1008a_D.foa.203"/>
    <foa endtime="383.36" starttime="380.72" type="person" role="ID" nxt_agent="C" nite:id="IDIAP_IS1008a_D.foa.204"/>
    <foa endtime="383.92" starttime="383.36" type="place" place="table" nite:id="IDIAP_IS1008a_D.foa.205"/>
    <foa endtime="386.44" starttime="383.92" type="person" role="ID" nxt_agent="C" nite:id="IDIAP_IS1008a_D.foa.206"/>
    <foa endtime="399.68" starttime="386.44" type="person" role="PM" nxt_agent="A" nite:id="IDIAP_IS1008a_D.foa.207"/>
    <foa endtime="405.84" starttime="399.68" type="person" role="ID" nxt_agent="C" nite:id="IDIAP_IS1008a_D.foa.208"/>
    <foa endtime="407.4" starttime="405.84" type="place" place="table" nite:id="IDIAP_IS1008a_D.foa.209"/>
    <foa endtime="407.64" starttime="407.4" type="person" role="ID" nxt_agent="C" nite:id="IDIAP_IS1008a_D.foa.210"/>
    <foa endtime="408.36" starttime="407.64" type="place" place="table" nite:id="IDIAP_IS1008a_D.foa.211"/>
    <foa endtime="412.2" starttime="408.36" type="person" role="ID" nxt_agent="C" nite:id="IDIAP_IS1008a_D.foa.212"/>
    <foa endtime="412.96" starttime="412.2" type="person" role="PM" nxt_agent="A" nite:id="IDIAP_IS1008a_D.foa.213"/>
    <foa endtime="422.68" starttime="412.96" type="place" place="table" nite:id="IDIAP_IS1008a_D.foa.214"/>
    <foa endtime="424.44" starttime="422.68" type="person" role="ID" nxt_agent="C" nite:id="IDIAP_IS1008a_D.foa.215"/>
    <foa endtime="426.16" starttime="424.44" type="place" place="table" nite:id="IDIAP_IS1008a_D.foa.216"/>
    <foa endtime="431.4" starttime="426.16" type="person" role="ID" nxt_agent="C" nite:id="IDIAP_IS1008a_D.foa.217"/>
    <foa endtime="433.12" starttime="431.4" type="person" role="PM" nxt_agent="A" nite:id="IDIAP_IS1008a_D.foa.218"/>
    <foa endtime="433.88" starttime="433.12" type="person" role="ID" nxt_agent="C" nite:id="IDIAP_IS1008a_D.foa.219"/>
    <foa endtime="434.68" starttime="433.88" type="place" place="table" nite:id="IDIAP_IS1008a_D.foa.220"/>
    <foa endtime="437.88" starttime="434.68" type="person" role="ID" nxt_agent="C" nite:id="IDIAP_IS1008a_D.foa.221"/>
    <foa endtime="446.2" starttime="437.88" type="person" role="PM" nxt_agent="A" nite:id="IDIAP_IS1008a_D.foa.222"/>
    <foa endtime="456.04" starttime="446.2" type="person" role="ID" nxt_agent="C" nite:id="IDIAP_IS1008a_D.foa.223"/>
    <foa endtime="458.88" starttime="456.04" type="place" place="table" nite:id="IDIAP_IS1008a_D.foa.224"/>
    <foa endtime="459.88" starttime="458.88" type="person" role="PM" nxt_agent="A" nite:id="IDIAP_IS1008a_D.foa.225"/>
    <foa endtime="462.32" starttime="459.88" type="person" role="ID" nxt_agent="C" nite:id="IDIAP_IS1008a_D.foa.226"/>
    <foa endtime="463.08" starttime="462.32" type="place" place="table" nite:id="IDIAP_IS1008a_D.foa.227"/>
    <foa endtime="467.2" starttime="463.08" type="person" role="PM" nxt_agent="A" nite:id="IDIAP_IS1008a_D.foa.228"/>
    <foa endtime="467.84" starttime="467.2" type="place" place="table" nite:id="IDIAP_IS1008a_D.foa.229"/>
    <foa endtime="469.88" starttime="467.84" type="person" role="PM" nxt_agent="A" nite:id="IDIAP_IS1008a_D.foa.230"/>
    <foa endtime="471.32" starttime="469.88" type="person" role="ID" nxt_agent="C" nite:id="IDIAP_IS1008a_D.foa.231"/>
    <foa endtime="473.6" starttime="471.32" type="person" role="PM" nxt_agent="A" nite:id="IDIAP_IS1008a_D.foa.232"/>
    <foa endtime="473.72" starttime="473.6" type="person" role="ID" nxt_agent="C" nite:id="IDIAP_IS1008a_D.foa.233"/>
    <foa endtime="480.76" starttime="473.72" type="place" place="table" nite:id="IDIAP_IS1008a_D.foa.234"/>
    <foa endtime="481.72" starttime="480.76" type="person" role="ID" nxt_agent="C" nite:id="IDIAP_IS1008a_D.foa.235"/>
    <foa endtime="484.72" starttime="481.72" type="place" place="table" nite:id="IDIAP_IS1008a_D.foa.236"/>
    <foa endtime="487.96" starttime="484.72" type="person" role="PM" nxt_agent="A" nite:id="IDIAP_IS1008a_D.foa.237"/>
    <foa endtime="488.76" starttime="487.96" type="person" role="ID" nxt_agent="C" nite:id="IDIAP_IS1008a_D.foa.238"/>
    <foa endtime="495.16" starttime="488.76" type="place" place="table" nite:id="IDIAP_IS1008a_D.foa.239"/>
    <foa endtime="495.36" starttime="495.16" type="person" role="PM" nxt_agent="A" nite:id="IDIAP_IS1008a_D.foa.240"/>
    <foa endtime="500.64" starttime="495.36" type="place" place="slide-screen" nite:id="IDIAP_IS1008a_D.foa.241"/>
    <foa endtime="501.12" starttime="500.64" type="person" role="PM" nxt_agent="A" nite:id="IDIAP_IS1008a_D.foa.242"/>
    <foa endtime="502.16" starttime="501.12" type="person" role="ID" nxt_agent="C" nite:id="IDIAP_IS1008a_D.foa.243"/>
    <foa endtime="502.56" starttime="502.16" type="person" role="PM" nxt_agent="A" nite:id="IDIAP_IS1008a_D.foa.244"/>
    <foa endtime="503.88" starttime="502.56" type="person" role="ID" nxt_agent="C" nite:id="IDIAP_IS1008a_D.foa.245"/>
    <foa endtime="505.56" starttime="503.88" type="person" role="PM" nxt_agent="A" nite:id="IDIAP_IS1008a_D.foa.246"/>
    <foa endtime="508.0" starttime="505.56" type="person" role="ID" nxt_agent="C" nite:id="IDIAP_IS1008a_D.foa.247"/>
    <foa endtime="508.36" starttime="508.0" type="place" place="table" nite:id="IDIAP_IS1008a_D.foa.248"/>
    <foa endtime="510.08" starttime="508.36" type="person" role="ID" nxt_agent="C" nite:id="IDIAP_IS1008a_D.foa.249"/>
    <foa endtime="511.88" starttime="510.08" type="place" place="table" nite:id="IDIAP_IS1008a_D.foa.250"/>
    <foa endtime="513.64" starttime="511.88" type="person" role="ID" nxt_agent="C" nite:id="IDIAP_IS1008a_D.foa.251"/>
    <foa endtime="514.48" starttime="513.64" type="place" place="table" nite:id="IDIAP_IS1008a_D.foa.252"/>
    <foa endtime="515.96" starttime="514.48" type="person" role="ID" nxt_agent="C" nite:id="IDIAP_IS1008a_D.foa.253"/>
    <foa endtime="517.92" starttime="515.96" type="person" role="PM" nxt_agent="A" nite:id="IDIAP_IS1008a_D.foa.254"/>
    <foa endtime="518.16" starttime="517.92" type="place" place="table" nite:id="IDIAP_IS1008a_D.foa.255"/>
    <foa endtime="519.0" starttime="518.16" type="person" role="PM" nxt_agent="A" nite:id="IDIAP_IS1008a_D.foa.256"/>
    <foa endtime="519.72" starttime="519.0" type="place" place="table" nite:id="IDIAP_IS1008a_D.foa.257"/>
    <foa endtime="523.92" starttime="519.72" type="person" role="PM" nxt_agent="A" nite:id="IDIAP_IS1008a_D.foa.258"/>
    <foa endtime="526.32" starttime="523.92" type="person" role="ID" nxt_agent="C" nite:id="IDIAP_IS1008a_D.foa.259"/>
    <foa endtime="527.12" starttime="526.32" type="person" role="PM" nxt_agent="A" nite:id="IDIAP_IS1008a_D.foa.260"/>
    <foa endtime="527.48" starttime="527.12" type="person" role="ID" nxt_agent="C" nite:id="IDIAP_IS1008a_D.foa.261"/>
    <foa endtime="533.56" starttime="527.48" type="person" role="PM" nxt_agent="A" nite:id="IDIAP_IS1008a_D.foa.262"/>
    <foa endtime="535.8" starttime="533.56" type="place" place="table" nite:id="IDIAP_IS1008a_D.foa.263"/>
    <foa endtime="536.52" starttime="535.8" type="person" role="PM" nxt_agent="A" nite:id="IDIAP_IS1008a_D.foa.264"/>
    <foa endtime="539.32" starttime="536.52" type="place" place="table" nite:id="IDIAP_IS1008a_D.foa.265"/>
    <foa endtime="539.68" starttime="539.32" type="person" role="PM" nxt_agent="A" nite:id="IDIAP_IS1008a_D.foa.266"/>
    <foa endtime="540.32" starttime="539.68" type="place" place="table" nite:id="IDIAP_IS1008a_D.foa.267"/>
    <foa endtime="542.0" starttime="540.32" type="person" role="PM" nxt_agent="A" nite:id="IDIAP_IS1008a_D.foa.268"/>
    <foa endtime="542.6" starttime="542.0" type="place" place="table" nite:id="IDIAP_IS1008a_D.foa.269"/>
    <foa endtime="543.68" starttime="542.6" type="person" role="PM" nxt_agent="A" nite:id="IDIAP_IS1008a_D.foa.270"/>
    <foa endtime="544.72" starttime="543.68" type="person" role="ID" nxt_agent="C" nite:id="IDIAP_IS1008a_D.foa.271"/>
    <foa endtime="545.24" starttime="544.72" type="place" place="table" nite:id="IDIAP_IS1008a_D.foa.272"/>
    <foa endtime="549.24" starttime="545.24" type="person" role="ID" nxt_agent="C" nite:id="IDIAP_IS1008a_D.foa.273"/>
    <foa endtime="551.76" starttime="549.24" type="person" role="PM" nxt_agent="A" nite:id="IDIAP_IS1008a_D.foa.274"/>
    <foa endtime="553.28" starttime="551.76" type="person" role="ID" nxt_agent="C" nite:id="IDIAP_IS1008a_D.foa.275"/>
    <foa endtime="554.2" starttime="553.28" type="person" role="PM" nxt_agent="A" nite:id="IDIAP_IS1008a_D.foa.276"/>
    <foa endtime="554.6" starttime="554.2" type="place" place="table" nite:id="IDIAP_IS1008a_D.foa.277"/>
    <foa endtime="555.4" starttime="554.6" type="person" role="PM" nxt_agent="A" nite:id="IDIAP_IS1008a_D.foa.278"/>
    <foa endtime="556.92" starttime="555.4" type="person" role="ID" nxt_agent="C" nite:id="IDIAP_IS1008a_D.foa.279"/>
    <foa endtime="557.36" starttime="556.92" type="person" role="PM" nxt_agent="A" nite:id="IDIAP_IS1008a_D.foa.280"/>
    <foa endtime="558.2" starttime="557.36" type="person" role="UI" nxt_agent="B" nite:id="IDIAP_IS1008a_D.foa.281"/>
    <foa endtime="558.8" starttime="558.2" type="place" place="table" nite:id="IDIAP_IS1008a_D.foa.282"/>
    <foa endtime="564.44" starttime="558.8" type="person" role="PM" nxt_agent="A" nite:id="IDIAP_IS1008a_D.foa.283"/>
    <foa endtime="566.6" starttime="564.44" type="place" place="table" nite:id="IDIAP_IS1008a_D.foa.284"/>
    <foa endtime="568.2" starttime="566.6" type="person" role="ID" nxt_agent="C" nite:id="IDIAP_IS1008a_D.foa.285"/>
    <foa endtime="574.88" starttime="568.2" type="person" role="PM" nxt_agent="A" nite:id="IDIAP_IS1008a_D.foa.286"/>
    <foa endtime="585.88" starttime="574.88" type="place" place="table" nite:id="IDIAP_IS1008a_D.foa.287"/>
    <foa endtime="587.96" starttime="585.88" type="person" role="PM" nxt_agent="A" nite:id="IDIAP_IS1008a_D.foa.288"/>
    <foa endtime="590.76" starttime="587.96" type="place" place="table" nite:id="IDIAP_IS1008a_D.foa.289"/>
    <foa endtime="591.92" starttime="590.76" type="person" role="PM" nxt_agent="A" nite:id="IDIAP_IS1008a_D.foa.290"/>
    <foa endtime="592.96" starttime="591.92" type="place" place="table" nite:id="IDIAP_IS1008a_D.foa.291"/>
    <foa endtime="593.52" starttime="592.96" type="person" role="ID" nxt_agent="C" nite:id="IDIAP_IS1008a_D.foa.292"/>
    <foa endtime="597.16" starttime="593.52" type="person" role="PM" nxt_agent="A" nite:id="IDIAP_IS1008a_D.foa.293"/>
    <foa endtime="600.04" starttime="597.16" type="place" place="table" nite:id="IDIAP_IS1008a_D.foa.294"/>
    <foa endtime="601.04" starttime="600.04" type="person" role="PM" nxt_agent="A" nite:id="IDIAP_IS1008a_D.foa.295"/>
    <foa endtime="602.56" starttime="601.04" type="place" place="table" nite:id="IDIAP_IS1008a_D.foa.296"/>
    <foa endtime="604.12" starttime="602.56" type="person" role="ID" nxt_agent="C" nite:id="IDIAP_IS1008a_D.foa.297"/>
    <foa endtime="605.6" starttime="604.12" type="person" role="PM" nxt_agent="A" nite:id="IDIAP_IS1008a_D.foa.298"/>
    <foa endtime="608.44" starttime="605.6" type="place" place="table" nite:id="IDIAP_IS1008a_D.foa.299"/>
    <foa endtime="608.8" starttime="608.44" type="person" role="ID" nxt_agent="C" nite:id="IDIAP_IS1008a_D.foa.300"/>
    <foa endtime="611.64" starttime="608.8" type="person" role="PM" nxt_agent="A" nite:id="IDIAP_IS1008a_D.foa.301"/>
    <foa endtime="611.88" starttime="611.64" type="person" role="ID" nxt_agent="C" nite:id="IDIAP_IS1008a_D.foa.302"/>
    <foa endtime="612.12" starttime="611.88" type="place" place="table" nite:id="IDIAP_IS1008a_D.foa.303"/>
    <foa endtime="612.44" starttime="612.12" type="person" role="ID" nxt_agent="C" nite:id="IDIAP_IS1008a_D.foa.304"/>
    <foa endtime="612.68" starttime="612.44" type="place" place="table" nite:id="IDIAP_IS1008a_D.foa.305"/>
    <foa endtime="614.04" starttime="612.68" type="person" role="PM" nxt_agent="A" nite:id="IDIAP_IS1008a_D.foa.306"/>
    <foa endtime="614.16" starttime="614.04" type="person" role="ID" nxt_agent="C" nite:id="IDIAP_IS1008a_D.foa.307"/>
    <foa endtime="614.76" starttime="614.16" type="unspecified" nite:id="IDIAP_IS1008a_D.foa.308"/>
    <foa endtime="627.36" starttime="614.76" type="person" role="PM" nxt_agent="A" nite:id="IDIAP_IS1008a_D.foa.309"/>
    <foa endtime="627.72" starttime="627.36" type="place" place="table" nite:id="IDIAP_IS1008a_D.foa.310"/>
    <foa endtime="628.72" starttime="627.72" type="person" role="ID" nxt_agent="C" nite:id="IDIAP_IS1008a_D.foa.311"/>
    <foa endtime="637.6" starttime="628.72" type="person" role="PM" nxt_agent="A" nite:id="IDIAP_IS1008a_D.foa.312"/>
    <foa endtime="639.88" starttime="637.6" type="place" place="table" nite:id="IDIAP_IS1008a_D.foa.313"/>
    <foa endtime="640.36" starttime="639.88" type="person" role="ID" nxt_agent="C" nite:id="IDIAP_IS1008a_D.foa.314"/>
    <foa endtime="640.96" starttime="640.36" type="place" place="table" nite:id="IDIAP_IS1008a_D.foa.315"/>
    <foa endtime="643.44" starttime="640.96" type="person" role="PM" nxt_agent="A" nite:id="IDIAP_IS1008a_D.foa.316"/>
    <foa endtime="644.48" starttime="643.44" type="place" place="table" nite:id="IDIAP_IS1008a_D.foa.317"/>
    <foa endtime="648.64" starttime="644.48" type="person" role="PM" nxt_agent="A" nite:id="IDIAP_IS1008a_D.foa.318"/>
    <foa endtime="649.0" starttime="648.64" type="place" place="table" nite:id="IDIAP_IS1008a_D.foa.319"/>
    <foa endtime="651.24" starttime="649.0" type="person" role="PM" nxt_agent="A" nite:id="IDIAP_IS1008a_D.foa.320"/>
    <foa endtime="652.32" starttime="651.24" type="place" place="table" nite:id="IDIAP_IS1008a_D.foa.321"/>
    <foa endtime="652.92" starttime="652.32" type="person" role="PM" nxt_agent="A" nite:id="IDIAP_IS1008a_D.foa.322"/>
    <foa endtime="654.68" starttime="652.92" type="place" place="table" nite:id="IDIAP_IS1008a_D.foa.323"/>
    <foa endtime="662.88" starttime="654.68" type="person" role="PM" nxt_agent="A" nite:id="IDIAP_IS1008a_D.foa.324"/>
    <foa endtime="663.84" starttime="662.88" type="person" role="ID" nxt_agent="C" nite:id="IDIAP_IS1008a_D.foa.325"/>
    <foa endtime="664.56" starttime="663.84" type="person" role="PM" nxt_agent="A" nite:id="IDIAP_IS1008a_D.foa.326"/>
    <foa endtime="664.8" starttime="664.56" type="place" place="table" nite:id="IDIAP_IS1008a_D.foa.327"/>
    <foa endtime="665.52" starttime="664.8" type="person" role="ID" nxt_agent="C" nite:id="IDIAP_IS1008a_D.foa.328"/>
    <foa endtime="666.08" starttime="665.52" type="person" role="PM" nxt_agent="A" nite:id="IDIAP_IS1008a_D.foa.329"/>
    <foa endtime="666.96" starttime="666.08" type="person" role="ID" nxt_agent="C" nite:id="IDIAP_IS1008a_D.foa.330"/>
    <foa endtime="670.08" starttime="666.96" type="person" role="PM" nxt_agent="A" nite:id="IDIAP_IS1008a_D.foa.331"/>
    <foa endtime="671.08" starttime="670.08" type="person" role="ID" nxt_agent="C" nite:id="IDIAP_IS1008a_D.foa.332"/>
    <foa endtime="672.24" starttime="671.08" type="person" role="PM" nxt_agent="A" nite:id="IDIAP_IS1008a_D.foa.333"/>
    <foa endtime="672.92" starttime="672.24" type="place" place="slide-screen" nite:id="IDIAP_IS1008a_D.foa.334"/>
    <foa endtime="673.2" starttime="672.92" type="person" role="PM" nxt_agent="A" nite:id="IDIAP_IS1008a_D.foa.335"/>
    <foa endtime="674.88" starttime="673.2" type="place" place="table" nite:id="IDIAP_IS1008a_D.foa.336"/>
    <foa endtime="686.28" starttime="674.88" type="person" role="PM" nxt_agent="A" nite:id="IDIAP_IS1008a_D.foa.337"/>
    <foa endtime="689.16" starttime="686.28" type="place" place="table" nite:id="IDIAP_IS1008a_D.foa.338"/>
    <foa endtime="692.0" starttime="689.16" type="person" role="PM" nxt_agent="A" nite:id="IDIAP_IS1008a_D.foa.339"/>
    <foa endtime="692.28" starttime="692.0" type="person" role="ID" nxt_agent="C" nite:id="IDIAP_IS1008a_D.foa.340"/>
    <foa endtime="694.0" starttime="692.28" type="place" place="table" nite:id="IDIAP_IS1008a_D.foa.341"/>
    <foa endtime="696.76" starttime="694.0" type="person" role="PM" nxt_agent="A" nite:id="IDIAP_IS1008a_D.foa.342"/>
    <foa endtime="697.8" starttime="696.76" type="place" place="table" nite:id="IDIAP_IS1008a_D.foa.343"/>
    <foa endtime="698.36" starttime="697.8" type="person" role="ID" nxt_agent="C" nite:id="IDIAP_IS1008a_D.foa.344"/>
    <foa endtime="705.72" starttime="698.36" type="person" role="PM" nxt_agent="A" nite:id="IDIAP_IS1008a_D.foa.345"/>
    <foa endtime="706.12" starttime="705.72" type="person" role="ID" nxt_agent="C" nite:id="IDIAP_IS1008a_D.foa.346"/>
    <foa endtime="708.04" starttime="706.12" type="place" place="table" nite:id="IDIAP_IS1008a_D.foa.347"/>
    <foa endtime="710.0" starttime="708.04" type="person" role="PM" nxt_agent="A" nite:id="IDIAP_IS1008a_D.foa.348"/>
    <foa endtime="711.56" starttime="710.0" type="place" place="table" nite:id="IDIAP_IS1008a_D.foa.349"/>
    <foa endtime="713.24" starttime="711.56" type="person" role="PM" nxt_agent="A" nite:id="IDIAP_IS1008a_D.foa.350"/>
    <foa endtime="714.52" starttime="713.24" type="place" place="table" nite:id="IDIAP_IS1008a_D.foa.351"/>
    <foa endtime="714.84" starttime="714.52" type="person" role="ID" nxt_agent="C" nite:id="IDIAP_IS1008a_D.foa.352"/>
    <foa endtime="715.72" starttime="714.84" type="person" role="PM" nxt_agent="A" nite:id="IDIAP_IS1008a_D.foa.353"/>
    <foa endtime="716.44" starttime="715.72" type="place" place="table" nite:id="IDIAP_IS1008a_D.foa.354"/>
    <foa endtime="722.2" starttime="716.44" type="person" role="PM" nxt_agent="A" nite:id="IDIAP_IS1008a_D.foa.355"/>
    <foa endtime="722.52" starttime="722.2" type="person" role="ID" nxt_agent="C" nite:id="IDIAP_IS1008a_D.foa.356"/>
    <foa endtime="724.72" starttime="722.52" type="place" place="table" nite:id="IDIAP_IS1008a_D.foa.357"/>
    <foa endtime="726.84" starttime="724.72" type="person" role="PM" nxt_agent="A" nite:id="IDIAP_IS1008a_D.foa.358"/>
    <foa endtime="728.32" starttime="726.84" type="place" place="table" nite:id="IDIAP_IS1008a_D.foa.359"/>
    <foa endtime="729.84" starttime="728.32" type="person" role="PM" nxt_agent="A" nite:id="IDIAP_IS1008a_D.foa.360"/>
    <foa endtime="730.68" starttime="729.84" type="unspecified" nite:id="IDIAP_IS1008a_D.foa.361"/>
    <foa endtime="733.72" starttime="730.68" type="person" role="PM" nxt_agent="A" nite:id="IDIAP_IS1008a_D.foa.362"/>
    <foa endtime="736.24" starttime="733.72" type="person" role="UI" nxt_agent="B" nite:id="IDIAP_IS1008a_D.foa.363"/>
    <foa endtime="736.76" starttime="736.24" type="place" place="table" nite:id="IDIAP_IS1008a_D.foa.364"/>
    <foa endtime="737.24" starttime="736.76" type="person" role="PM" nxt_agent="A" nite:id="IDIAP_IS1008a_D.foa.365"/>
    <foa endtime="737.88" starttime="737.24" type="place" place="table" nite:id="IDIAP_IS1008a_D.foa.366"/>
    <foa endtime="742.2" starttime="737.88" type="person" role="UI" nxt_agent="B" nite:id="IDIAP_IS1008a_D.foa.367"/>
    <foa endtime="742.56" starttime="742.2" type="place" place="slide-screen" nite:id="IDIAP_IS1008a_D.foa.368"/>
    <foa endtime="744.6" starttime="742.56" type="person" role="UI" nxt_agent="B" nite:id="IDIAP_IS1008a_D.foa.369"/>
    <foa endtime="744.72" starttime="744.6" type="place" place="slide-screen" nite:id="IDIAP_IS1008a_D.foa.370"/>
    <foa endtime="745.52" starttime="744.72" type="person" role="PM" nxt_agent="A" nite:id="IDIAP_IS1008a_D.foa.371"/>
    <foa endtime="746.12" starttime="745.52" type="place" place="table" nite:id="IDIAP_IS1008a_D.foa.372"/>
    <foa endtime="748.96" starttime="746.12" type="person" role="UI" nxt_agent="B" nite:id="IDIAP_IS1008a_D.foa.373"/>
    <foa endtime="749.08" starttime="748.96" type="place" place="slide-screen" nite:id="IDIAP_IS1008a_D.foa.374"/>
    <foa endtime="749.32" starttime="749.08" type="person" role="PM" nxt_agent="A" nite:id="IDIAP_IS1008a_D.foa.375"/>
    <foa endtime="750.12" starttime="749.32" type="person" role="ID" nxt_agent="C" nite:id="IDIAP_IS1008a_D.foa.376"/>
    <foa endtime="751.04" starttime="750.12" type="person" role="PM" nxt_agent="A" nite:id="IDIAP_IS1008a_D.foa.377"/>
    <foa endtime="751.88" starttime="751.04" type="person" role="ID" nxt_agent="C" nite:id="IDIAP_IS1008a_D.foa.378"/>
    <foa endtime="752.44" starttime="751.88" type="person" role="PM" nxt_agent="A" nite:id="IDIAP_IS1008a_D.foa.379"/>
    <foa endtime="753.52" starttime="752.44" type="place" place="slide-screen" nite:id="IDIAP_IS1008a_D.foa.380"/>
    <foa endtime="755.32" starttime="753.52" type="place" place="table" nite:id="IDIAP_IS1008a_D.foa.381"/>
    <foa endtime="757.92" starttime="755.32" type="person" role="UI" nxt_agent="B" nite:id="IDIAP_IS1008a_D.foa.382"/>
    <foa endtime="758.4" starttime="757.92" type="person" role="ID" nxt_agent="C" nite:id="IDIAP_IS1008a_D.foa.383"/>
    <foa endtime="759.36" starttime="758.4" type="place" place="table" nite:id="IDIAP_IS1008a_D.foa.384"/>
    <foa endtime="760.48" starttime="759.36" type="person" role="PM" nxt_agent="A" nite:id="IDIAP_IS1008a_D.foa.385"/>
    <foa endtime="761.12" starttime="760.48" type="person" role="ID" nxt_agent="C" nite:id="IDIAP_IS1008a_D.foa.386"/>
    <foa endtime="761.96" starttime="761.12" type="place" place="table" nite:id="IDIAP_IS1008a_D.foa.387"/>
    <foa endtime="763.04" starttime="761.96" type="person" role="ID" nxt_agent="C" nite:id="IDIAP_IS1008a_D.foa.388"/>
    <foa endtime="763.56" starttime="763.04" type="place" place="table" nite:id="IDIAP_IS1008a_D.foa.389"/>
    <foa endtime="764.52" starttime="763.56" type="person" role="PM" nxt_agent="A" nite:id="IDIAP_IS1008a_D.foa.390"/>
    <foa endtime="768.12" starttime="764.52" type="place" place="table" nite:id="IDIAP_IS1008a_D.foa.391"/>
    <foa endtime="769.04" starttime="768.12" type="person" role="PM" nxt_agent="A" nite:id="IDIAP_IS1008a_D.foa.392"/>
    <foa endtime="772.56" starttime="769.04" type="person" role="UI" nxt_agent="B" nite:id="IDIAP_IS1008a_D.foa.393"/>
    <foa endtime="776.88" starttime="772.56" type="person" role="PM" nxt_agent="A" nite:id="IDIAP_IS1008a_D.foa.394"/>
    <foa endtime="779.4" starttime="776.88" type="place" place="table" nite:id="IDIAP_IS1008a_D.foa.395"/>
    <foa endtime="780.44" starttime="779.4" type="person" role="PM" nxt_agent="A" nite:id="IDIAP_IS1008a_D.foa.396"/>
    <foa endtime="784.0" starttime="780.44" type="place" place="table" nite:id="IDIAP_IS1008a_D.foa.397"/>
    <foa endtime="784.6" starttime="784.0" type="person" role="PM" nxt_agent="A" nite:id="IDIAP_IS1008a_D.foa.398"/>
    <foa endtime="785.36" starttime="784.6" type="place" place="table" nite:id="IDIAP_IS1008a_D.foa.399"/>
    <foa endtime="785.72" starttime="785.36" type="person" role="ID" nxt_agent="C" nite:id="IDIAP_IS1008a_D.foa.400"/>
    <foa endtime="787.6" starttime="785.72" type="place" place="table" nite:id="IDIAP_IS1008a_D.foa.401"/>
    <foa endtime="788.32" starttime="787.6" type="person" role="PM" nxt_agent="A" nite:id="IDIAP_IS1008a_D.foa.402"/>
    <foa endtime="789.52" starttime="788.32" type="place" place="table" nite:id="IDIAP_IS1008a_D.foa.403"/>
    <foa endtime="790.56" starttime="789.52" type="person" role="PM" nxt_agent="A" nite:id="IDIAP_IS1008a_D.foa.404"/>
    <foa endtime="793.2" starttime="790.56" type="place" place="table" nite:id="IDIAP_IS1008a_D.foa.405"/>
    <foa endtime="794.72" starttime="793.2" type="person" role="PM" nxt_agent="A" nite:id="IDIAP_IS1008a_D.foa.406"/>
    <foa endtime="798.88" starttime="794.72" type="place" place="slide-screen" nite:id="IDIAP_IS1008a_D.foa.407"/>
    <foa endtime="799.48" starttime="798.88" type="person" role="PM" nxt_agent="A" nite:id="IDIAP_IS1008a_D.foa.408"/>
    <foa endtime="799.88" starttime="799.48" type="place" place="table" nite:id="IDIAP_IS1008a_D.foa.409"/>
    <foa endtime="800.76" starttime="799.88" type="person" role="ID" nxt_agent="C" nite:id="IDIAP_IS1008a_D.foa.410"/>
    <foa endtime="801.68" starttime="800.76" type="place" place="table" nite:id="IDIAP_IS1008a_D.foa.411"/>
    <foa endtime="805.12" starttime="801.68" type="person" role="UI" nxt_agent="B" nite:id="IDIAP_IS1008a_D.foa.412"/>
    <foa endtime="805.72" starttime="805.12" type="person" role="PM" nxt_agent="A" nite:id="IDIAP_IS1008a_D.foa.413"/>
    <foa endtime="806.2" starttime="805.72" type="place" place="table" nite:id="IDIAP_IS1008a_D.foa.414"/>
    <foa endtime="806.92" starttime="806.2" type="person" role="PM" nxt_agent="A" nite:id="IDIAP_IS1008a_D.foa.415"/>
    <foa endtime="807.44" starttime="806.92" type="place" place="table" nite:id="IDIAP_IS1008a_D.foa.416"/>
    <foa endtime="810.0" starttime="807.44" type="person" role="PM" nxt_agent="A" nite:id="IDIAP_IS1008a_D.foa.417"/>
    <foa endtime="811.04" starttime="810.0" type="person" role="ID" nxt_agent="C" nite:id="IDIAP_IS1008a_D.foa.418"/>
    <foa endtime="812.76" starttime="811.04" type="person" role="PM" nxt_agent="A" nite:id="IDIAP_IS1008a_D.foa.419"/>
    <foa endtime="813.24" starttime="812.76" type="place" place="table" nite:id="IDIAP_IS1008a_D.foa.420"/>
    <foa endtime="815.2" starttime="813.24" type="person" role="PM" nxt_agent="A" nite:id="IDIAP_IS1008a_D.foa.421"/>
    <foa endtime="816.36" starttime="815.2" type="place" place="table" nite:id="IDIAP_IS1008a_D.foa.422"/>
    <foa endtime="816.68" starttime="816.36" type="person" role="ID" nxt_agent="C" nite:id="IDIAP_IS1008a_D.foa.423"/>
    <foa endtime="817.2" starttime="816.68" type="place" place="table" nite:id="IDIAP_IS1008a_D.foa.424"/>
    <foa endtime="817.48" starttime="817.2" type="person" role="ID" nxt_agent="C" nite:id="IDIAP_IS1008a_D.foa.425"/>
    <foa endtime="824.0" starttime="817.48" type="person" role="PM" nxt_agent="A" nite:id="IDIAP_IS1008a_D.foa.426"/>
    <foa endtime="824.48" starttime="824.0" type="place" place="table" nite:id="IDIAP_IS1008a_D.foa.427"/>
    <foa endtime="827.24" starttime="824.48" type="person" role="PM" nxt_agent="A" nite:id="IDIAP_IS1008a_D.foa.428"/>
    <foa endtime="827.84" starttime="827.24" type="place" place="slide-screen" nite:id="IDIAP_IS1008a_D.foa.429"/>
    <foa endtime="828.12" starttime="827.84" type="person" role="PM" nxt_agent="A" nite:id="IDIAP_IS1008a_D.foa.430"/>
    <foa endtime="831.76" starttime="828.12" type="person" role="ID" nxt_agent="C" nite:id="IDIAP_IS1008a_D.foa.431"/>
    <foa endtime="832.08" starttime="831.76" type="person" role="PM" nxt_agent="A" nite:id="IDIAP_IS1008a_D.foa.432"/>
    <foa endtime="833.52" starttime="832.08" type="person" role="ID" nxt_agent="C" nite:id="IDIAP_IS1008a_D.foa.433"/>
    <foa endtime="834.16" starttime="833.52" type="place" place="table" nite:id="IDIAP_IS1008a_D.foa.434"/>
    <foa endtime="835.08" starttime="834.16" type="person" role="PM" nxt_agent="A" nite:id="IDIAP_IS1008a_D.foa.435"/>
    <foa endtime="835.44" starttime="835.08" type="place" place="table" nite:id="IDIAP_IS1008a_D.foa.436"/>
    <foa endtime="837.0" starttime="835.44" type="person" role="UI" nxt_agent="B" nite:id="IDIAP_IS1008a_D.foa.437"/>
    <foa endtime="842.32" starttime="837.0" type="place" place="slide-screen" nite:id="IDIAP_IS1008a_D.foa.438"/>
    <foa endtime="842.88" starttime="842.32" type="person" role="PM" nxt_agent="A" nite:id="IDIAP_IS1008a_D.foa.439"/>
    <foa endtime="844.72" starttime="842.88" type="place" place="slide-screen" nite:id="IDIAP_IS1008a_D.foa.440"/>
    <foa endtime="845.08" starttime="844.72" type="person" role="PM" nxt_agent="A" nite:id="IDIAP_IS1008a_D.foa.441"/>
    <foa endtime="855.48" starttime="845.08" type="place" place="slide-screen" nite:id="IDIAP_IS1008a_D.foa.442"/>
    <foa endtime="856.36" starttime="855.48" type="person" role="PM" nxt_agent="A" nite:id="IDIAP_IS1008a_D.foa.443"/>
    <foa endtime="859.32" starttime="856.36" type="place" place="slide-screen" nite:id="IDIAP_IS1008a_D.foa.444"/>
    <foa endtime="860.0" starttime="859.32" type="person" role="PM" nxt_agent="A" nite:id="IDIAP_IS1008a_D.foa.445"/>
    <foa endtime="860.24" starttime="860.0" type="place" place="table" nite:id="IDIAP_IS1008a_D.foa.446"/>
    <foa endtime="861.76" starttime="860.24" type="person" role="PM" nxt_agent="A" nite:id="IDIAP_IS1008a_D.foa.447"/>
    <foa endtime="863.36" starttime="861.76" type="person" role="ID" nxt_agent="C" nite:id="IDIAP_IS1008a_D.foa.448"/>
    <foa endtime="864.8" starttime="863.36" type="person" role="PM" nxt_agent="A" nite:id="IDIAP_IS1008a_D.foa.449"/>
    <foa endtime="865.36" starttime="864.8" type="place" place="table" nite:id="IDIAP_IS1008a_D.foa.450"/>
    <foa endtime="865.6" starttime="865.36" type="person" role="PM" nxt_agent="A" nite:id="IDIAP_IS1008a_D.foa.451"/>
    <foa endtime="866.2" starttime="865.6" type="place" place="table" nite:id="IDIAP_IS1008a_D.foa.452"/>
    <foa endtime="866.56" starttime="866.2" type="place" place="slide-screen" nite:id="IDIAP_IS1008a_D.foa.453"/>
    <foa endtime="867.08" starttime="866.56" type="person" role="PM" nxt_agent="A" nite:id="IDIAP_IS1008a_D.foa.454"/>
    <foa endtime="868.36" starttime="867.08" type="person" role="ID" nxt_agent="C" nite:id="IDIAP_IS1008a_D.foa.455"/>
    <foa endtime="869.64" starttime="868.36" type="place" place="table" nite:id="IDIAP_IS1008a_D.foa.456"/>
    <foa endtime="872.8" starttime="869.64" type="person" role="ID" nxt_agent="C" nite:id="IDIAP_IS1008a_D.foa.457"/>
    <foa endtime="873.48" starttime="872.8" type="person" role="PM" nxt_agent="A" nite:id="IDIAP_IS1008a_D.foa.458"/>
    <foa endtime="874.68" starttime="873.48" type="person" role="ID" nxt_agent="C" nite:id="IDIAP_IS1008a_D.foa.459"/>
    <foa endtime="876.4" starttime="874.68" type="place" place="table" nite:id="IDIAP_IS1008a_D.foa.460"/>
    <foa endtime="877.0" starttime="876.4" type="person" role="PM" nxt_agent="A" nite:id="IDIAP_IS1008a_D.foa.461"/>
    <foa endtime="877.92" starttime="877.0" type="place" place="table" nite:id="IDIAP_IS1008a_D.foa.462"/>
    <foa endtime="878.16" starttime="877.92" type="person" role="PM" nxt_agent="A" nite:id="IDIAP_IS1008a_D.foa.463"/>
    <foa endtime="879.12" starttime="878.16" type="place" place="table" nite:id="IDIAP_IS1008a_D.foa.464"/>
    <foa endtime="883.08" starttime="879.12" type="person" role="PM" nxt_agent="A" nite:id="IDIAP_IS1008a_D.foa.465"/>
    <foa endtime="884.08" starttime="883.08" type="person" role="ID" nxt_agent="C" nite:id="IDIAP_IS1008a_D.foa.466"/>
    <foa endtime="886.0" starttime="884.08" type="person" role="PM" nxt_agent="A" nite:id="IDIAP_IS1008a_D.foa.467"/>
    <foa endtime="887.56" starttime="886.0" type="person" role="ID" nxt_agent="C" nite:id="IDIAP_IS1008a_D.foa.468"/>
    <foa endtime="887.76" starttime="887.56" type="place" place="table" nite:id="IDIAP_IS1008a_D.foa.469"/>
    <foa endtime="889.08" starttime="887.76" type="person" role="PM" nxt_agent="A" nite:id="IDIAP_IS1008a_D.foa.470"/>
    <foa endtime="893.88" starttime="889.08" type="place" place="table" nite:id="IDIAP_IS1008a_D.foa.471"/>
    <foa endtime="894.6" starttime="893.88" type="person" role="PM" nxt_agent="A" nite:id="IDIAP_IS1008a_D.foa.472"/>
    <foa endtime="895.08" starttime="894.6" type="person" role="ID" nxt_agent="C" nite:id="IDIAP_IS1008a_D.foa.473"/>
    <foa endtime="895.32" starttime="895.08" type="place" place="table" nite:id="IDIAP_IS1008a_D.foa.474"/>
    <foa endtime="895.8" starttime="895.32" type="person" role="ID" nxt_agent="C" nite:id="IDIAP_IS1008a_D.foa.475"/>
    <foa endtime="896.16" starttime="895.8" type="place" place="table" nite:id="IDIAP_IS1008a_D.foa.476"/>
    <foa endtime="897.84" starttime="896.16" type="person" role="PM" nxt_agent="A" nite:id="IDIAP_IS1008a_D.foa.477"/>
    <foa endtime="898.32" starttime="897.84" type="place" place="table" nite:id="IDIAP_IS1008a_D.foa.478"/>
    <foa endtime="898.56" starttime="898.32" type="person" role="PM" nxt_agent="A" nite:id="IDIAP_IS1008a_D.foa.479"/>
    <foa endtime="900.36" starttime="898.56" type="person" role="ID" nxt_agent="C" nite:id="IDIAP_IS1008a_D.foa.480"/>
    <foa endtime="901.56" starttime="900.36" type="person" role="PM" nxt_agent="A" nite:id="IDIAP_IS1008a_D.foa.481"/>
    <foa endtime="902.52" starttime="901.56" type="place" place="slide-screen" nite:id="IDIAP_IS1008a_D.foa.482"/>
    <foa endtime="903.6" starttime="902.52" type="person" role="UI" nxt_agent="B" nite:id="IDIAP_IS1008a_D.foa.483"/>
    <foa endtime="904.44" starttime="903.6" type="person" role="PM" nxt_agent="A" nite:id="IDIAP_IS1008a_D.foa.484"/>
    <foa endtime="904.68" starttime="904.44" type="person" role="ID" nxt_agent="C" nite:id="IDIAP_IS1008a_D.foa.485"/>
    <foa endtime="906.36" starttime="904.68" type="unspecified" nite:id="IDIAP_IS1008a_D.foa.486"/>
    <foa endtime="908.64" starttime="906.36" type="person" role="ID" nxt_agent="C" nite:id="IDIAP_IS1008a_D.foa.487"/>
    <foa endtime="909.84" starttime="908.64" type="place" place="table" nite:id="IDIAP_IS1008a_D.foa.488"/>
    <foa endtime="914.4" starttime="909.84" type="unspecified" nite:id="IDIAP_IS1008a_D.foa.489"/>
    <foa endtime="914.76" starttime="914.4" type="place" place="table" nite:id="IDIAP_IS1008a_D.foa.490"/>
    <foa endtime="914.88" starttime="914.76" type="person" role="ID" nxt_agent="C" nite:id="IDIAP_IS1008a_D.foa.491"/>
    <foa endtime="915.6" starttime="914.88" type="place" place="table" nite:id="IDIAP_IS1008a_D.foa.492"/>
    <foa endtime="931.0" starttime="915.6" type="unspecified" nite:id="IDIAP_IS1008a_D.foa.493"/>
</nite:root>
