<?xml version="1.0" encoding="UTF-8"?>
<nite:root xmlns:nite="http://nite.sourceforge.net/" nite:id="IDIAP_IS1008c_B.nite:root.1">
    <foa endtime="30.36" starttime="0.0" type="unspecified" nite:id="IDIAP_IS1008c_B.foa.1"/>
    <foa endtime="44.84" starttime="30.36" type="place" place="table" nite:id="IDIAP_IS1008c_B.foa.2"/>
    <foa endtime="57.44" starttime="44.84" type="place" place="slide-screen" nite:id="IDIAP_IS1008c_B.foa.3"/>
    <foa endtime="58.76" starttime="57.44" type="person" role="PM" nxt_agent="A" nite:id="IDIAP_IS1008c_B.foa.4"/>
    <foa endtime="60.68" starttime="58.76" type="unspecified" nite:id="IDIAP_IS1008c_B.foa.5"/>
    <foa endtime="61.76" starttime="60.68" type="person" role="PM" nxt_agent="A" nite:id="IDIAP_IS1008c_B.foa.6"/>
    <foa endtime="62.36" starttime="61.76" type="person" role="ID" nxt_agent="C" nite:id="IDIAP_IS1008c_B.foa.7"/>
    <foa endtime="62.48" starttime="62.36" type="unspecified" nite:id="IDIAP_IS1008c_B.foa.8"/>
    <foa endtime="63.08" starttime="62.48" type="person" role="PM" nxt_agent="A" nite:id="IDIAP_IS1008c_B.foa.9"/>
    <foa endtime="64.28" starttime="63.08" type="unspecified" nite:id="IDIAP_IS1008c_B.foa.10"/>
    <foa endtime="65.36" starttime="64.28" type="person" role="PM" nxt_agent="A" nite:id="IDIAP_IS1008c_B.foa.11"/>
    <foa endtime="66.56" starttime="65.36" type="unspecified" nite:id="IDIAP_IS1008c_B.foa.12"/>
    <foa endtime="67.04" starttime="66.56" type="person" role="ID" nxt_agent="C" nite:id="IDIAP_IS1008c_B.foa.13"/>
    <foa endtime="69.2" starttime="67.04" type="unspecified" nite:id="IDIAP_IS1008c_B.foa.14"/>
    <foa endtime="70.52" starttime="69.2" type="person" role="PM" nxt_agent="A" nite:id="IDIAP_IS1008c_B.foa.15"/>
    <foa endtime="70.88" starttime="70.52" type="unspecified" nite:id="IDIAP_IS1008c_B.foa.16"/>
    <foa endtime="73.4" starttime="70.88" type="person" role="PM" nxt_agent="A" nite:id="IDIAP_IS1008c_B.foa.17"/>
    <foa endtime="74.0" starttime="73.4" type="unspecified" nite:id="IDIAP_IS1008c_B.foa.18"/>
    <foa endtime="81.24" starttime="74.0" type="person" role="PM" nxt_agent="A" nite:id="IDIAP_IS1008c_B.foa.19"/>
    <foa endtime="82.2" starttime="81.24" type="person" role="ID" nxt_agent="C" nite:id="IDIAP_IS1008c_B.foa.20"/>
    <foa endtime="83.76" starttime="82.2" type="person" role="PM" nxt_agent="A" nite:id="IDIAP_IS1008c_B.foa.21"/>
    <foa endtime="84.12" starttime="83.76" type="person" role="ID" nxt_agent="C" nite:id="IDIAP_IS1008c_B.foa.22"/>
    <foa endtime="91.88" starttime="84.12" type="person" role="PM" nxt_agent="A" nite:id="IDIAP_IS1008c_B.foa.23"/>
    <foa endtime="92.84" starttime="91.88" type="person" role="ID" nxt_agent="C" nite:id="IDIAP_IS1008c_B.foa.24"/>
    <foa endtime="93.2" starttime="92.84" type="person" role="PM" nxt_agent="A" nite:id="IDIAP_IS1008c_B.foa.25"/>
    <foa endtime="97.4" starttime="93.2" type="unspecified" nite:id="IDIAP_IS1008c_B.foa.26"/>
    <foa endtime="99.56" starttime="97.4" type="person" role="PM" nxt_agent="A" nite:id="IDIAP_IS1008c_B.foa.27"/>
    <foa endtime="100.52" starttime="99.56" type="person" role="ID" nxt_agent="C" nite:id="IDIAP_IS1008c_B.foa.28"/>
    <foa endtime="102.08" starttime="100.52" type="unspecified" nite:id="IDIAP_IS1008c_B.foa.29"/>
    <foa endtime="122.92" starttime="102.08" type="place" place="table" nite:id="IDIAP_IS1008c_B.foa.30"/>
    <foa endtime="128.36" starttime="122.92" type="place" place="slide-screen" nite:id="IDIAP_IS1008c_B.foa.31"/>
    <foa endtime="129.8" starttime="128.36" type="unspecified" nite:id="IDIAP_IS1008c_B.foa.32"/>
    <foa endtime="136.4" starttime="129.8" type="place" place="slide-screen" nite:id="IDIAP_IS1008c_B.foa.33"/>
    <foa endtime="140.12" starttime="136.4" type="unspecified" nite:id="IDIAP_IS1008c_B.foa.34"/>
    <foa endtime="140.92" starttime="140.12" type="person" role="ID" nxt_agent="C" nite:id="IDIAP_IS1008c_B.foa.35"/>
    <foa endtime="155.6" starttime="140.92" type="place" place="slide-screen" nite:id="IDIAP_IS1008c_B.foa.36"/>
    <foa endtime="174.44" starttime="155.6" type="person" role="ID" nxt_agent="C" nite:id="IDIAP_IS1008c_B.foa.37"/>
    <foa endtime="174.92" starttime="174.44" type="unspecified" nite:id="IDIAP_IS1008c_B.foa.38"/>
    <foa endtime="175.52" starttime="174.92" type="person" role="PM" nxt_agent="A" nite:id="IDIAP_IS1008c_B.foa.39"/>
    <foa endtime="176.48" starttime="175.52" type="place" place="slide-screen" nite:id="IDIAP_IS1008c_B.foa.40"/>
    <foa endtime="183.4" starttime="176.48" type="person" role="ID" nxt_agent="C" nite:id="IDIAP_IS1008c_B.foa.41"/>
    <foa endtime="185.4" starttime="183.4" type="place" place="slide-screen" nite:id="IDIAP_IS1008c_B.foa.42"/>
    <foa endtime="205.2" starttime="185.4" type="person" role="ID" nxt_agent="C" nite:id="IDIAP_IS1008c_B.foa.43"/>
    <foa endtime="207.12" starttime="205.2" type="place" place="slide-screen" nite:id="IDIAP_IS1008c_B.foa.44"/>
    <foa endtime="217.04" starttime="207.12" type="person" role="ID" nxt_agent="C" nite:id="IDIAP_IS1008c_B.foa.45"/>
    <foa endtime="228.2" starttime="217.04" type="place" place="slide-screen" nite:id="IDIAP_IS1008c_B.foa.46"/>
    <foa endtime="239.72" starttime="228.2" type="person" role="ID" nxt_agent="C" nite:id="IDIAP_IS1008c_B.foa.47"/>
    <foa endtime="240.2" starttime="239.72" type="person" role="PM" nxt_agent="A" nite:id="IDIAP_IS1008c_B.foa.48"/>
    <foa endtime="248.16" starttime="240.2" type="place" place="slide-screen" nite:id="IDIAP_IS1008c_B.foa.49"/>
    <foa endtime="251.28" starttime="248.16" type="person" role="ID" nxt_agent="C" nite:id="IDIAP_IS1008c_B.foa.50"/>
    <foa endtime="257.92" starttime="251.28" type="place" place="slide-screen" nite:id="IDIAP_IS1008c_B.foa.51"/>
    <foa endtime="264.84" starttime="257.92" type="place" place="table" nite:id="IDIAP_IS1008c_B.foa.52"/>
    <foa endtime="265.8" starttime="264.84" type="place" place="slide-screen" nite:id="IDIAP_IS1008c_B.foa.53"/>
    <foa endtime="271.76" starttime="265.8" type="person" role="ID" nxt_agent="C" nite:id="IDIAP_IS1008c_B.foa.54"/>
    <foa endtime="274.52" starttime="271.76" type="place" place="slide-screen" nite:id="IDIAP_IS1008c_B.foa.55"/>
    <foa endtime="283.56" starttime="274.52" type="person" role="ID" nxt_agent="C" nite:id="IDIAP_IS1008c_B.foa.56"/>
    <foa endtime="286.8" starttime="283.56" type="place" place="table" nite:id="IDIAP_IS1008c_B.foa.57"/>
    <foa endtime="290.8" starttime="286.8" type="place" place="slide-screen" nite:id="IDIAP_IS1008c_B.foa.58"/>
    <foa endtime="292.12" starttime="290.8" type="person" role="ID" nxt_agent="C" nite:id="IDIAP_IS1008c_B.foa.59"/>
    <foa endtime="294.16" starttime="292.12" type="unspecified" nite:id="IDIAP_IS1008c_B.foa.60"/>
    <foa endtime="295.52" starttime="294.16" type="person" role="ID" nxt_agent="C" nite:id="IDIAP_IS1008c_B.foa.61"/>
    <foa endtime="295.88" starttime="295.52" type="person" role="PM" nxt_agent="A" nite:id="IDIAP_IS1008c_B.foa.62"/>
    <foa endtime="296.24" starttime="295.88" type="person" role="ID" nxt_agent="C" nite:id="IDIAP_IS1008c_B.foa.63"/>
    <foa endtime="298.64" starttime="296.24" type="place" place="table" nite:id="IDIAP_IS1008c_B.foa.64"/>
    <foa endtime="300.2" starttime="298.64" type="place" place="slide-screen" nite:id="IDIAP_IS1008c_B.foa.65"/>
    <foa endtime="306.8" starttime="300.2" type="person" role="ID" nxt_agent="C" nite:id="IDIAP_IS1008c_B.foa.66"/>
    <foa endtime="313.32" starttime="306.8" type="place" place="slide-screen" nite:id="IDIAP_IS1008c_B.foa.67"/>
    <foa endtime="317.4" starttime="313.32" type="person" role="ID" nxt_agent="C" nite:id="IDIAP_IS1008c_B.foa.68"/>
    <foa endtime="335.8" starttime="317.4" type="place" place="slide-screen" nite:id="IDIAP_IS1008c_B.foa.69"/>
    <foa endtime="343.0" starttime="335.8" type="person" role="ID" nxt_agent="C" nite:id="IDIAP_IS1008c_B.foa.70"/>
    <foa endtime="362.92" starttime="343.0" type="place" place="table" nite:id="IDIAP_IS1008c_B.foa.71"/>
    <foa endtime="376.12" starttime="362.92" type="place" place="slide-screen" nite:id="IDIAP_IS1008c_B.foa.72"/>
    <foa endtime="389.36" starttime="376.12" type="person" role="ID" nxt_agent="C" nite:id="IDIAP_IS1008c_B.foa.73"/>
    <foa endtime="389.8" starttime="389.36" type="unspecified" nite:id="IDIAP_IS1008c_B.foa.74"/>
    <foa endtime="392.68" starttime="389.8" type="place" place="table" nite:id="IDIAP_IS1008c_B.foa.75"/>
    <foa endtime="412.04" starttime="392.68" type="place" place="slide-screen" nite:id="IDIAP_IS1008c_B.foa.76"/>
    <foa endtime="414.88" starttime="412.04" type="person" role="ID" nxt_agent="C" nite:id="IDIAP_IS1008c_B.foa.77"/>
    <foa endtime="416.32" starttime="414.88" type="place" place="slide-screen" nite:id="IDIAP_IS1008c_B.foa.78"/>
    <foa endtime="417.88" starttime="416.32" type="person" role="PM" nxt_agent="A" nite:id="IDIAP_IS1008c_B.foa.79"/>
    <foa endtime="418.36" starttime="417.88" type="person" role="ID" nxt_agent="C" nite:id="IDIAP_IS1008c_B.foa.80"/>
    <foa endtime="419.68" starttime="418.36" type="unspecified" nite:id="IDIAP_IS1008c_B.foa.81"/>
    <foa endtime="420.16" starttime="419.68" type="person" role="ID" nxt_agent="C" nite:id="IDIAP_IS1008c_B.foa.82"/>
    <foa endtime="420.76" starttime="420.16" type="place" place="slide-screen" nite:id="IDIAP_IS1008c_B.foa.83"/>
    <foa endtime="421.72" starttime="420.76" type="unspecified" nite:id="IDIAP_IS1008c_B.foa.84"/>
    <foa endtime="432.88" starttime="421.72" type="place" place="slide-screen" nite:id="IDIAP_IS1008c_B.foa.85"/>
    <foa endtime="436.64" starttime="432.88" type="person" role="ID" nxt_agent="C" nite:id="IDIAP_IS1008c_B.foa.86"/>
    <foa endtime="439.04" starttime="436.64" type="place" place="slide-screen" nite:id="IDIAP_IS1008c_B.foa.87"/>
    <foa endtime="442.64" starttime="439.04" type="person" role="ID" nxt_agent="C" nite:id="IDIAP_IS1008c_B.foa.88"/>
    <foa endtime="443.6" starttime="442.64" type="unspecified" nite:id="IDIAP_IS1008c_B.foa.89"/>
    <foa endtime="445.04" starttime="443.6" type="person" role="ID" nxt_agent="C" nite:id="IDIAP_IS1008c_B.foa.90"/>
    <foa endtime="446.96" starttime="445.04" type="person" role="PM" nxt_agent="A" nite:id="IDIAP_IS1008c_B.foa.91"/>
    <foa endtime="451.64" starttime="446.96" type="unspecified" nite:id="IDIAP_IS1008c_B.foa.92"/>
    <foa endtime="455.24" starttime="451.64" type="person" role="ID" nxt_agent="C" nite:id="IDIAP_IS1008c_B.foa.93"/>
    <foa endtime="455.84" starttime="455.24" type="person" role="PM" nxt_agent="A" nite:id="IDIAP_IS1008c_B.foa.94"/>
    <foa endtime="458.6" starttime="455.84" type="place" place="slide-screen" nite:id="IDIAP_IS1008c_B.foa.95"/>
    <foa endtime="459.92" starttime="458.6" type="person" role="PM" nxt_agent="A" nite:id="IDIAP_IS1008c_B.foa.96"/>
    <foa endtime="462.96" starttime="459.92" type="place" place="slide-screen" nite:id="IDIAP_IS1008c_B.foa.97"/>
    <foa endtime="469.96" starttime="462.96" type="person" role="ID" nxt_agent="C" nite:id="IDIAP_IS1008c_B.foa.98"/>
    <foa endtime="473.92" starttime="469.96" type="place" place="slide-screen" nite:id="IDIAP_IS1008c_B.foa.99"/>
    <foa endtime="483.64" starttime="473.92" type="person" role="ID" nxt_agent="C" nite:id="IDIAP_IS1008c_B.foa.100"/>
    <foa endtime="484.84" starttime="483.64" type="person" role="PM" nxt_agent="A" nite:id="IDIAP_IS1008c_B.foa.101"/>
    <foa endtime="485.92" starttime="484.84" type="place" place="slide-screen" nite:id="IDIAP_IS1008c_B.foa.102"/>
    <foa endtime="486.92" starttime="485.92" type="person" role="ID" nxt_agent="C" nite:id="IDIAP_IS1008c_B.foa.103"/>
    <foa endtime="487.96" starttime="486.92" type="person" role="ME" nxt_agent="D" nite:id="IDIAP_IS1008c_B.foa.104"/>
    <foa endtime="488.08" starttime="487.96" type="person" role="ID" nxt_agent="C" nite:id="IDIAP_IS1008c_B.foa.105"/>
    <foa endtime="488.36" starttime="488.08" type="person" role="PM" nxt_agent="A" nite:id="IDIAP_IS1008c_B.foa.106"/>
    <foa endtime="489.16" starttime="488.36" type="place" place="slide-screen" nite:id="IDIAP_IS1008c_B.foa.107"/>
    <foa endtime="489.76" starttime="489.16" type="place" place="table" nite:id="IDIAP_IS1008c_B.foa.108"/>
    <foa endtime="490.84" starttime="489.76" type="person" role="ID" nxt_agent="C" nite:id="IDIAP_IS1008c_B.foa.109"/>
    <foa endtime="493.88" starttime="490.84" type="place" place="slide-screen" nite:id="IDIAP_IS1008c_B.foa.110"/>
    <foa endtime="496.32" starttime="493.88" type="person" role="ID" nxt_agent="C" nite:id="IDIAP_IS1008c_B.foa.111"/>
    <foa endtime="496.68" starttime="496.32" type="person" role="PM" nxt_agent="A" nite:id="IDIAP_IS1008c_B.foa.112"/>
    <foa endtime="498.68" starttime="496.68" type="place" place="slide-screen" nite:id="IDIAP_IS1008c_B.foa.113"/>
    <foa endtime="506.08" starttime="498.68" type="person" role="ID" nxt_agent="C" nite:id="IDIAP_IS1008c_B.foa.114"/>
    <foa endtime="506.56" starttime="506.08" type="person" role="PM" nxt_agent="A" nite:id="IDIAP_IS1008c_B.foa.115"/>
    <foa endtime="507.64" starttime="506.56" type="person" role="ID" nxt_agent="C" nite:id="IDIAP_IS1008c_B.foa.116"/>
    <foa endtime="508.96" starttime="507.64" type="person" role="PM" nxt_agent="A" nite:id="IDIAP_IS1008c_B.foa.117"/>
    <foa endtime="510.88" starttime="508.96" type="person" role="ME" nxt_agent="D" nite:id="IDIAP_IS1008c_B.foa.118"/>
    <foa endtime="512.52" starttime="510.88" type="person" role="ID" nxt_agent="C" nite:id="IDIAP_IS1008c_B.foa.119"/>
    <foa endtime="513.24" starttime="512.52" type="person" role="ME" nxt_agent="D" nite:id="IDIAP_IS1008c_B.foa.120"/>
    <foa endtime="516.76" starttime="513.24" type="person" role="ID" nxt_agent="C" nite:id="IDIAP_IS1008c_B.foa.121"/>
    <foa endtime="517.88" starttime="516.76" type="person" role="ME" nxt_agent="D" nite:id="IDIAP_IS1008c_B.foa.122"/>
    <foa endtime="519.56" starttime="517.88" type="person" role="ID" nxt_agent="C" nite:id="IDIAP_IS1008c_B.foa.123"/>
    <foa endtime="522.36" starttime="519.56" type="person" role="ME" nxt_agent="D" nite:id="IDIAP_IS1008c_B.foa.124"/>
    <foa endtime="522.96" starttime="522.36" type="person" role="ID" nxt_agent="C" nite:id="IDIAP_IS1008c_B.foa.125"/>
    <foa endtime="524.52" starttime="522.96" type="person" role="ME" nxt_agent="D" nite:id="IDIAP_IS1008c_B.foa.126"/>
    <foa endtime="525.0" starttime="524.52" type="person" role="ID" nxt_agent="C" nite:id="IDIAP_IS1008c_B.foa.127"/>
    <foa endtime="525.6" starttime="525.0" type="person" role="PM" nxt_agent="A" nite:id="IDIAP_IS1008c_B.foa.128"/>
    <foa endtime="527.04" starttime="525.6" type="person" role="ID" nxt_agent="C" nite:id="IDIAP_IS1008c_B.foa.129"/>
    <foa endtime="528.24" starttime="527.04" type="person" role="ME" nxt_agent="D" nite:id="IDIAP_IS1008c_B.foa.130"/>
    <foa endtime="529.68" starttime="528.24" type="person" role="ID" nxt_agent="C" nite:id="IDIAP_IS1008c_B.foa.131"/>
    <foa endtime="533.28" starttime="529.68" type="place" place="slide-screen" nite:id="IDIAP_IS1008c_B.foa.132"/>
    <foa endtime="534.24" starttime="533.28" type="person" role="ID" nxt_agent="C" nite:id="IDIAP_IS1008c_B.foa.133"/>
    <foa endtime="542.44" starttime="534.24" type="place" place="slide-screen" nite:id="IDIAP_IS1008c_B.foa.134"/>
    <foa endtime="543.16" starttime="542.44" type="person" role="ID" nxt_agent="C" nite:id="IDIAP_IS1008c_B.foa.135"/>
    <foa endtime="545.16" starttime="543.16" type="unspecified" nite:id="IDIAP_IS1008c_B.foa.136"/>
    <foa endtime="545.96" starttime="545.16" type="place" place="table" nite:id="IDIAP_IS1008c_B.foa.137"/>
    <foa endtime="546.76" starttime="545.96" type="person" role="PM" nxt_agent="A" nite:id="IDIAP_IS1008c_B.foa.138"/>
    <foa endtime="549.48" starttime="546.76" type="person" role="ID" nxt_agent="C" nite:id="IDIAP_IS1008c_B.foa.139"/>
    <foa endtime="550.96" starttime="549.48" type="place" place="table" nite:id="IDIAP_IS1008c_B.foa.140"/>
    <foa endtime="555.96" starttime="550.96" type="place" place="slide-screen" nite:id="IDIAP_IS1008c_B.foa.141"/>
    <foa endtime="558.32" starttime="555.96" type="person" role="PM" nxt_agent="A" nite:id="IDIAP_IS1008c_B.foa.142"/>
    <foa endtime="559.64" starttime="558.32" type="place" place="table" nite:id="IDIAP_IS1008c_B.foa.143"/>
    <foa endtime="561.24" starttime="559.64" type="place" place="slide-screen" nite:id="IDIAP_IS1008c_B.foa.144"/>
    <foa endtime="561.6" starttime="561.24" type="unspecified" nite:id="IDIAP_IS1008c_B.foa.145"/>
    <foa endtime="562.2" starttime="561.6" type="person" role="PM" nxt_agent="A" nite:id="IDIAP_IS1008c_B.foa.146"/>
    <foa endtime="562.8" starttime="562.2" type="unspecified" nite:id="IDIAP_IS1008c_B.foa.147"/>
    <foa endtime="563.16" starttime="562.8" type="person" role="PM" nxt_agent="A" nite:id="IDIAP_IS1008c_B.foa.148"/>
    <foa endtime="563.76" starttime="563.16" type="unspecified" nite:id="IDIAP_IS1008c_B.foa.149"/>
    <foa endtime="564.72" starttime="563.76" type="person" role="PM" nxt_agent="A" nite:id="IDIAP_IS1008c_B.foa.150"/>
    <foa endtime="565.56" starttime="564.72" type="unspecified" nite:id="IDIAP_IS1008c_B.foa.151"/>
    <foa endtime="566.04" starttime="565.56" type="person" role="ID" nxt_agent="C" nite:id="IDIAP_IS1008c_B.foa.152"/>
    <foa endtime="566.4" starttime="566.04" type="person" role="PM" nxt_agent="A" nite:id="IDIAP_IS1008c_B.foa.153"/>
    <foa endtime="567.36" starttime="566.4" type="unspecified" nite:id="IDIAP_IS1008c_B.foa.154"/>
    <foa endtime="570.48" starttime="567.36" type="person" role="ID" nxt_agent="C" nite:id="IDIAP_IS1008c_B.foa.155"/>
    <foa endtime="573.92" starttime="570.48" type="place" place="slide-screen" nite:id="IDIAP_IS1008c_B.foa.156"/>
    <foa endtime="574.44" starttime="573.92" type="person" role="ID" nxt_agent="C" nite:id="IDIAP_IS1008c_B.foa.157"/>
    <foa endtime="576.6" starttime="574.44" type="unspecified" nite:id="IDIAP_IS1008c_B.foa.158"/>
    <foa endtime="577.68" starttime="576.6" type="person" role="ID" nxt_agent="C" nite:id="IDIAP_IS1008c_B.foa.159"/>
    <foa endtime="579.12" starttime="577.68" type="unspecified" nite:id="IDIAP_IS1008c_B.foa.160"/>
    <foa endtime="579.48" starttime="579.12" type="place" place="table" nite:id="IDIAP_IS1008c_B.foa.161"/>
    <foa endtime="581.84" starttime="579.48" type="place" place="slide-screen" nite:id="IDIAP_IS1008c_B.foa.162"/>
    <foa endtime="584.0" starttime="581.84" type="place" place="table" nite:id="IDIAP_IS1008c_B.foa.163"/>
    <foa endtime="586.88" starttime="584.0" type="person" role="ID" nxt_agent="C" nite:id="IDIAP_IS1008c_B.foa.164"/>
    <foa endtime="587.6" starttime="586.88" type="unspecified" nite:id="IDIAP_IS1008c_B.foa.165"/>
    <foa endtime="597.96" starttime="587.6" type="person" role="ID" nxt_agent="C" nite:id="IDIAP_IS1008c_B.foa.166"/>
    <foa endtime="598.56" starttime="597.96" type="person" role="PM" nxt_agent="A" nite:id="IDIAP_IS1008c_B.foa.167"/>
    <foa endtime="599.52" starttime="598.56" type="place" place="slide-screen" nite:id="IDIAP_IS1008c_B.foa.168"/>
    <foa endtime="608.4" starttime="599.52" type="person" role="ID" nxt_agent="C" nite:id="IDIAP_IS1008c_B.foa.169"/>
    <foa endtime="611.64" starttime="608.4" type="place" place="slide-screen" nite:id="IDIAP_IS1008c_B.foa.170"/>
    <foa endtime="613.04" starttime="611.64" type="person" role="ID" nxt_agent="C" nite:id="IDIAP_IS1008c_B.foa.171"/>
    <foa endtime="615.32" starttime="613.04" type="place" place="slide-screen" nite:id="IDIAP_IS1008c_B.foa.172"/>
    <foa endtime="615.48" starttime="615.32" type="person" role="PM" nxt_agent="A" nite:id="IDIAP_IS1008c_B.foa.173"/>
    <foa endtime="616.4" starttime="615.48" type="person" role="ID" nxt_agent="C" nite:id="IDIAP_IS1008c_B.foa.174"/>
    <foa endtime="617.48" starttime="616.4" type="unspecified" nite:id="IDIAP_IS1008c_B.foa.175"/>
    <foa endtime="618.32" starttime="617.48" type="person" role="PM" nxt_agent="A" nite:id="IDIAP_IS1008c_B.foa.176"/>
    <foa endtime="618.8" starttime="618.32" type="unspecified" nite:id="IDIAP_IS1008c_B.foa.177"/>
    <foa endtime="619.28" starttime="618.8" type="person" role="PM" nxt_agent="A" nite:id="IDIAP_IS1008c_B.foa.178"/>
    <foa endtime="619.88" starttime="619.28" type="unspecified" nite:id="IDIAP_IS1008c_B.foa.179"/>
    <foa endtime="620.84" starttime="619.88" type="place" place="slide-screen" nite:id="IDIAP_IS1008c_B.foa.180"/>
    <foa endtime="622.28" starttime="620.84" type="place" place="table" nite:id="IDIAP_IS1008c_B.foa.181"/>
    <foa endtime="624.08" starttime="622.28" type="unspecified" nite:id="IDIAP_IS1008c_B.foa.182"/>
    <foa endtime="649.56" starttime="624.08" type="place" place="slide-screen" nite:id="IDIAP_IS1008c_B.foa.183"/>
    <foa endtime="650.04" starttime="649.56" type="person" role="PM" nxt_agent="A" nite:id="IDIAP_IS1008c_B.foa.184"/>
    <foa endtime="651.12" starttime="650.04" type="person" role="ID" nxt_agent="C" nite:id="IDIAP_IS1008c_B.foa.185"/>
    <foa endtime="651.36" starttime="651.12" type="person" role="PM" nxt_agent="A" nite:id="IDIAP_IS1008c_B.foa.186"/>
    <foa endtime="654.08" starttime="651.36" type="place" place="slide-screen" nite:id="IDIAP_IS1008c_B.foa.187"/>
    <foa endtime="654.52" starttime="654.08" type="unspecified" nite:id="IDIAP_IS1008c_B.foa.188"/>
    <foa endtime="659.32" starttime="654.52" type="place" place="slide-screen" nite:id="IDIAP_IS1008c_B.foa.189"/>
    <foa endtime="661.0" starttime="659.32" type="person" role="ID" nxt_agent="C" nite:id="IDIAP_IS1008c_B.foa.190"/>
    <foa endtime="665.44" starttime="661.0" type="place" place="slide-screen" nite:id="IDIAP_IS1008c_B.foa.191"/>
    <foa endtime="666.28" starttime="665.44" type="person" role="ID" nxt_agent="C" nite:id="IDIAP_IS1008c_B.foa.192"/>
    <foa endtime="671.72" starttime="666.28" type="place" place="slide-screen" nite:id="IDIAP_IS1008c_B.foa.193"/>
    <foa endtime="676.44" starttime="671.72" type="person" role="ID" nxt_agent="C" nite:id="IDIAP_IS1008c_B.foa.194"/>
    <foa endtime="677.4" starttime="676.44" type="person" role="PM" nxt_agent="A" nite:id="IDIAP_IS1008c_B.foa.195"/>
    <foa endtime="680.04" starttime="677.4" type="person" role="ID" nxt_agent="C" nite:id="IDIAP_IS1008c_B.foa.196"/>
    <foa endtime="681.48" starttime="680.04" type="place" place="slide-screen" nite:id="IDIAP_IS1008c_B.foa.197"/>
    <foa endtime="684.48" starttime="681.48" type="person" role="ID" nxt_agent="C" nite:id="IDIAP_IS1008c_B.foa.198"/>
    <foa endtime="685.56" starttime="684.48" type="place" place="table" nite:id="IDIAP_IS1008c_B.foa.199"/>
    <foa endtime="689.0" starttime="685.56" type="person" role="ID" nxt_agent="C" nite:id="IDIAP_IS1008c_B.foa.200"/>
    <foa endtime="689.6" starttime="689.0" type="unspecified" nite:id="IDIAP_IS1008c_B.foa.201"/>
    <foa endtime="691.88" starttime="689.6" type="person" role="ID" nxt_agent="C" nite:id="IDIAP_IS1008c_B.foa.202"/>
    <foa endtime="692.48" starttime="691.88" type="person" role="ME" nxt_agent="D" nite:id="IDIAP_IS1008c_B.foa.203"/>
    <foa endtime="693.08" starttime="692.48" type="person" role="ID" nxt_agent="C" nite:id="IDIAP_IS1008c_B.foa.204"/>
    <foa endtime="694.52" starttime="693.08" type="place" place="slide-screen" nite:id="IDIAP_IS1008c_B.foa.205"/>
    <foa endtime="694.88" starttime="694.52" type="person" role="ID" nxt_agent="C" nite:id="IDIAP_IS1008c_B.foa.206"/>
    <foa endtime="700.4" starttime="694.88" type="place" place="slide-screen" nite:id="IDIAP_IS1008c_B.foa.207"/>
    <foa endtime="715.32" starttime="700.4" type="person" role="ID" nxt_agent="C" nite:id="IDIAP_IS1008c_B.foa.208"/>
    <foa endtime="717.96" starttime="715.32" type="place" place="slide-screen" nite:id="IDIAP_IS1008c_B.foa.209"/>
    <foa endtime="720.6" starttime="717.96" type="person" role="ID" nxt_agent="C" nite:id="IDIAP_IS1008c_B.foa.210"/>
    <foa endtime="722.44" starttime="720.6" type="place" place="slide-screen" nite:id="IDIAP_IS1008c_B.foa.211"/>
    <foa endtime="726.44" starttime="722.44" type="person" role="ID" nxt_agent="C" nite:id="IDIAP_IS1008c_B.foa.212"/>
    <foa endtime="731.4" starttime="726.44" type="place" place="slide-screen" nite:id="IDIAP_IS1008c_B.foa.213"/>
    <foa endtime="733.32" starttime="731.4" type="person" role="ID" nxt_agent="C" nite:id="IDIAP_IS1008c_B.foa.214"/>
    <foa endtime="734.64" starttime="733.32" type="place" place="slide-screen" nite:id="IDIAP_IS1008c_B.foa.215"/>
    <foa endtime="735.24" starttime="734.64" type="person" role="ME" nxt_agent="D" nite:id="IDIAP_IS1008c_B.foa.216"/>
    <foa endtime="736.84" starttime="735.24" type="person" role="ID" nxt_agent="C" nite:id="IDIAP_IS1008c_B.foa.217"/>
    <foa endtime="740.32" starttime="736.84" type="unspecified" nite:id="IDIAP_IS1008c_B.foa.218"/>
    <foa endtime="754.96" starttime="740.32" type="place" place="whiteboard" nite:id="IDIAP_IS1008c_B.foa.219"/>
    <foa endtime="759.92" starttime="754.96" type="unspecified" nite:id="IDIAP_IS1008c_B.foa.220"/>
    <foa endtime="768.92" starttime="759.92" type="place" place="whiteboard" nite:id="IDIAP_IS1008c_B.foa.221"/>
    <foa endtime="771.2" starttime="768.92" type="unspecified" nite:id="IDIAP_IS1008c_B.foa.222"/>
    <foa endtime="773.52" starttime="771.2" type="place" place="whiteboard" nite:id="IDIAP_IS1008c_B.foa.223"/>
    <foa endtime="775.12" starttime="773.52" type="unspecified" nite:id="IDIAP_IS1008c_B.foa.224"/>
    <foa endtime="776.24" starttime="775.12" type="place" place="whiteboard" nite:id="IDIAP_IS1008c_B.foa.225"/>
    <foa endtime="777.04" starttime="776.24" type="unspecified" nite:id="IDIAP_IS1008c_B.foa.226"/>
    <foa endtime="789.76" starttime="777.04" type="place" place="whiteboard" nite:id="IDIAP_IS1008c_B.foa.227"/>
    <foa endtime="792.0" starttime="789.76" type="unspecified" nite:id="IDIAP_IS1008c_B.foa.228"/>
    <foa endtime="795.04" starttime="792.0" type="place" place="whiteboard" nite:id="IDIAP_IS1008c_B.foa.229"/>
    <foa endtime="805.32" starttime="795.04" type="unspecified" nite:id="IDIAP_IS1008c_B.foa.230"/>
    <foa endtime="812.64" starttime="805.32" type="place" place="whiteboard" nite:id="IDIAP_IS1008c_B.foa.231"/>
    <foa endtime="817.12" starttime="812.64" type="place" place="slide-screen" nite:id="IDIAP_IS1008c_B.foa.232"/>
    <foa endtime="818.08" starttime="817.12" type="unspecified" nite:id="IDIAP_IS1008c_B.foa.233"/>
    <foa endtime="818.8" starttime="818.08" type="place" place="whiteboard" nite:id="IDIAP_IS1008c_B.foa.234"/>
    <foa endtime="826.48" starttime="818.8" type="unspecified" nite:id="IDIAP_IS1008c_B.foa.235"/>
    <foa endtime="828.8" starttime="826.48" type="place" place="whiteboard" nite:id="IDIAP_IS1008c_B.foa.236"/>
    <foa endtime="848.68" starttime="828.8" type="unspecified" nite:id="IDIAP_IS1008c_B.foa.237"/>
    <foa endtime="851.72" starttime="848.68" type="place" place="whiteboard" nite:id="IDIAP_IS1008c_B.foa.238"/>
    <foa endtime="853.28" starttime="851.72" type="place" place="slide-screen" nite:id="IDIAP_IS1008c_B.foa.239"/>
    <foa endtime="856.0" starttime="853.28" type="place" place="whiteboard" nite:id="IDIAP_IS1008c_B.foa.240"/>
    <foa endtime="858.52" starttime="856.0" type="unspecified" nite:id="IDIAP_IS1008c_B.foa.241"/>
    <foa endtime="861.12" starttime="858.52" type="place" place="whiteboard" nite:id="IDIAP_IS1008c_B.foa.242"/>
    <foa endtime="866.48" starttime="861.12" type="unspecified" nite:id="IDIAP_IS1008c_B.foa.243"/>
    <foa endtime="867.4" starttime="866.48" type="place" place="slide-screen" nite:id="IDIAP_IS1008c_B.foa.244"/>
    <foa endtime="867.88" starttime="867.4" type="unspecified" nite:id="IDIAP_IS1008c_B.foa.245"/>
    <foa endtime="868.12" starttime="867.88" type="person" role="ID" nxt_agent="C" nite:id="IDIAP_IS1008c_B.foa.246"/>
    <foa endtime="868.96" starttime="868.12" type="unspecified" nite:id="IDIAP_IS1008c_B.foa.247"/>
    <foa endtime="869.44" starttime="868.96" type="person" role="PM" nxt_agent="A" nite:id="IDIAP_IS1008c_B.foa.248"/>
    <foa endtime="870.16" starttime="869.44" type="place" place="slide-screen" nite:id="IDIAP_IS1008c_B.foa.249"/>
    <foa endtime="872.0" starttime="870.16" type="person" role="ID" nxt_agent="C" nite:id="IDIAP_IS1008c_B.foa.250"/>
    <foa endtime="872.96" starttime="872.0" type="place" place="whiteboard" nite:id="IDIAP_IS1008c_B.foa.251"/>
    <foa endtime="873.8" starttime="872.96" type="place" place="slide-screen" nite:id="IDIAP_IS1008c_B.foa.252"/>
    <foa endtime="878.24" starttime="873.8" type="place" place="whiteboard" nite:id="IDIAP_IS1008c_B.foa.253"/>
    <foa endtime="878.68" starttime="878.24" type="person" role="PM" nxt_agent="A" nite:id="IDIAP_IS1008c_B.foa.254"/>
    <foa endtime="878.8" starttime="878.68" type="person" role="ID" nxt_agent="C" nite:id="IDIAP_IS1008c_B.foa.255"/>
    <foa endtime="879.52" starttime="878.8" type="place" place="table" nite:id="IDIAP_IS1008c_B.foa.256"/>
    <foa endtime="882.16" starttime="879.52" type="person" role="ID" nxt_agent="C" nite:id="IDIAP_IS1008c_B.foa.257"/>
    <foa endtime="883.0" starttime="882.16" type="place" place="whiteboard" nite:id="IDIAP_IS1008c_B.foa.258"/>
    <foa endtime="883.24" starttime="883.0" type="unspecified" nite:id="IDIAP_IS1008c_B.foa.259"/>
    <foa endtime="899.6" starttime="883.24" type="person" role="ID" nxt_agent="C" nite:id="IDIAP_IS1008c_B.foa.260"/>
    <foa endtime="901.04" starttime="899.6" type="place" place="whiteboard" nite:id="IDIAP_IS1008c_B.foa.261"/>
    <foa endtime="902.0" starttime="901.04" type="person" role="ID" nxt_agent="C" nite:id="IDIAP_IS1008c_B.foa.262"/>
    <foa endtime="902.24" starttime="902.0" type="person" role="PM" nxt_agent="A" nite:id="IDIAP_IS1008c_B.foa.263"/>
    <foa endtime="903.2" starttime="902.24" type="unspecified" nite:id="IDIAP_IS1008c_B.foa.264"/>
    <foa endtime="906.08" starttime="903.2" type="person" role="PM" nxt_agent="A" nite:id="IDIAP_IS1008c_B.foa.265"/>
    <foa endtime="906.64" starttime="906.08" type="unspecified" nite:id="IDIAP_IS1008c_B.foa.266"/>
    <foa endtime="908.0" starttime="906.64" type="person" role="ME" nxt_agent="D" nite:id="IDIAP_IS1008c_B.foa.267"/>
    <foa endtime="910.16" starttime="908.0" type="person" role="ID" nxt_agent="C" nite:id="IDIAP_IS1008c_B.foa.268"/>
    <foa endtime="911.44" starttime="910.16" type="person" role="ME" nxt_agent="D" nite:id="IDIAP_IS1008c_B.foa.269"/>
    <foa endtime="913.32" starttime="911.44" type="person" role="ID" nxt_agent="C" nite:id="IDIAP_IS1008c_B.foa.270"/>
    <foa endtime="914.64" starttime="913.32" type="person" role="PM" nxt_agent="A" nite:id="IDIAP_IS1008c_B.foa.271"/>
    <foa endtime="915.96" starttime="914.64" type="person" role="ID" nxt_agent="C" nite:id="IDIAP_IS1008c_B.foa.272"/>
    <foa endtime="917.16" starttime="915.96" type="person" role="ME" nxt_agent="D" nite:id="IDIAP_IS1008c_B.foa.273"/>
    <foa endtime="918.0" starttime="917.16" type="person" role="ID" nxt_agent="C" nite:id="IDIAP_IS1008c_B.foa.274"/>
    <foa endtime="918.84" starttime="918.0" type="person" role="PM" nxt_agent="A" nite:id="IDIAP_IS1008c_B.foa.275"/>
    <foa endtime="920.0" starttime="918.84" type="person" role="ID" nxt_agent="C" nite:id="IDIAP_IS1008c_B.foa.276"/>
    <foa endtime="921.56" starttime="920.0" type="person" role="ME" nxt_agent="D" nite:id="IDIAP_IS1008c_B.foa.277"/>
    <foa endtime="923.32" starttime="921.56" type="person" role="PM" nxt_agent="A" nite:id="IDIAP_IS1008c_B.foa.278"/>
    <foa endtime="924.6" starttime="923.32" type="person" role="ID" nxt_agent="C" nite:id="IDIAP_IS1008c_B.foa.279"/>
    <foa endtime="926.52" starttime="924.6" type="person" role="ME" nxt_agent="D" nite:id="IDIAP_IS1008c_B.foa.280"/>
    <foa endtime="930.4" starttime="926.52" type="place" place="slide-screen" nite:id="IDIAP_IS1008c_B.foa.281"/>
    <foa endtime="930.56" starttime="930.4" type="person" role="ID" nxt_agent="C" nite:id="IDIAP_IS1008c_B.foa.282"/>
    <foa endtime="932.4" starttime="930.56" type="person" role="ME" nxt_agent="D" nite:id="IDIAP_IS1008c_B.foa.283"/>
    <foa endtime="933.72" starttime="932.4" type="place" place="table" nite:id="IDIAP_IS1008c_B.foa.284"/>
    <foa endtime="934.08" starttime="933.72" type="person" role="PM" nxt_agent="A" nite:id="IDIAP_IS1008c_B.foa.285"/>
    <foa endtime="936.12" starttime="934.08" type="person" role="ID" nxt_agent="C" nite:id="IDIAP_IS1008c_B.foa.286"/>
    <foa endtime="964.8" starttime="936.12" type="place" place="slide-screen" nite:id="IDIAP_IS1008c_B.foa.287"/>
    <foa endtime="965.16" starttime="964.8" type="person" role="ID" nxt_agent="C" nite:id="IDIAP_IS1008c_B.foa.288"/>
    <foa endtime="966.48" starttime="965.16" type="person" role="ME" nxt_agent="D" nite:id="IDIAP_IS1008c_B.foa.289"/>
    <foa endtime="967.32" starttime="966.48" type="place" place="table" nite:id="IDIAP_IS1008c_B.foa.290"/>
    <foa endtime="968.24" starttime="967.32" type="person" role="ID" nxt_agent="C" nite:id="IDIAP_IS1008c_B.foa.291"/>
    <foa endtime="970.96" starttime="968.24" type="place" place="table" nite:id="IDIAP_IS1008c_B.foa.292"/>
    <foa endtime="975.28" starttime="970.96" type="person" role="ID" nxt_agent="C" nite:id="IDIAP_IS1008c_B.foa.293"/>
    <foa endtime="980.56" starttime="975.28" type="unspecified" nite:id="IDIAP_IS1008c_B.foa.294"/>
    <foa endtime="985.16" starttime="980.56" type="place" place="slide-screen" nite:id="IDIAP_IS1008c_B.foa.295"/>
    <foa endtime="986.96" starttime="985.16" type="unspecified" nite:id="IDIAP_IS1008c_B.foa.296"/>
    <foa endtime="1003.96" starttime="986.96" type="place" place="slide-screen" nite:id="IDIAP_IS1008c_B.foa.297"/>
    <foa endtime="1004.8" starttime="1003.96" type="person" role="ID" nxt_agent="C" nite:id="IDIAP_IS1008c_B.foa.298"/>
    <foa endtime="1005.16" starttime="1004.8" type="person" role="PM" nxt_agent="A" nite:id="IDIAP_IS1008c_B.foa.299"/>
    <foa endtime="1009.0" starttime="1005.16" type="person" role="ID" nxt_agent="C" nite:id="IDIAP_IS1008c_B.foa.300"/>
    <foa endtime="1017.64" starttime="1009.0" type="place" place="slide-screen" nite:id="IDIAP_IS1008c_B.foa.301"/>
    <foa endtime="1019.84" starttime="1017.64" type="place" place="whiteboard" nite:id="IDIAP_IS1008c_B.foa.302"/>
    <foa endtime="1022.96" starttime="1019.84" type="place" place="slide-screen" nite:id="IDIAP_IS1008c_B.foa.303"/>
    <foa endtime="1023.44" starttime="1022.96" type="person" role="ID" nxt_agent="C" nite:id="IDIAP_IS1008c_B.foa.304"/>
    <foa endtime="1034.2" starttime="1023.44" type="person" role="ME" nxt_agent="D" nite:id="IDIAP_IS1008c_B.foa.305"/>
    <foa endtime="1036.96" starttime="1034.2" type="unspecified" nite:id="IDIAP_IS1008c_B.foa.306"/>
    <foa endtime="1054.64" starttime="1036.96" type="place" place="slide-screen" nite:id="IDIAP_IS1008c_B.foa.307"/>
    <foa endtime="1055.16" starttime="1054.64" type="person" role="ID" nxt_agent="C" nite:id="IDIAP_IS1008c_B.foa.308"/>
    <foa endtime="1058.36" starttime="1055.16" type="person" role="ME" nxt_agent="D" nite:id="IDIAP_IS1008c_B.foa.309"/>
    <foa endtime="1060.64" starttime="1058.36" type="person" role="ID" nxt_agent="C" nite:id="IDIAP_IS1008c_B.foa.310"/>
    <foa endtime="1063.52" starttime="1060.64" type="place" place="slide-screen" nite:id="IDIAP_IS1008c_B.foa.311"/>
    <foa endtime="1064.0" starttime="1063.52" type="person" role="ID" nxt_agent="C" nite:id="IDIAP_IS1008c_B.foa.312"/>
    <foa endtime="1064.6" starttime="1064.0" type="unspecified" nite:id="IDIAP_IS1008c_B.foa.313"/>
    <foa endtime="1067.24" starttime="1064.6" type="person" role="ME" nxt_agent="D" nite:id="IDIAP_IS1008c_B.foa.314"/>
    <foa endtime="1069.76" starttime="1067.24" type="person" role="ID" nxt_agent="C" nite:id="IDIAP_IS1008c_B.foa.315"/>
    <foa endtime="1071.32" starttime="1069.76" type="place" place="slide-screen" nite:id="IDIAP_IS1008c_B.foa.316"/>
    <foa endtime="1072.52" starttime="1071.32" type="person" role="ID" nxt_agent="C" nite:id="IDIAP_IS1008c_B.foa.317"/>
    <foa endtime="1073.36" starttime="1072.52" type="unspecified" nite:id="IDIAP_IS1008c_B.foa.318"/>
    <foa endtime="1073.96" starttime="1073.36" type="person" role="ID" nxt_agent="C" nite:id="IDIAP_IS1008c_B.foa.319"/>
    <foa endtime="1074.56" starttime="1073.96" type="unspecified" nite:id="IDIAP_IS1008c_B.foa.320"/>
    <foa endtime="1075.04" starttime="1074.56" type="person" role="ME" nxt_agent="D" nite:id="IDIAP_IS1008c_B.foa.321"/>
    <foa endtime="1075.52" starttime="1075.04" type="person" role="ID" nxt_agent="C" nite:id="IDIAP_IS1008c_B.foa.322"/>
    <foa endtime="1077.32" starttime="1075.52" type="person" role="ME" nxt_agent="D" nite:id="IDIAP_IS1008c_B.foa.323"/>
    <foa endtime="1086.48" starttime="1077.32" type="place" place="slide-screen" nite:id="IDIAP_IS1008c_B.foa.324"/>
    <foa endtime="1088.04" starttime="1086.48" type="person" role="ME" nxt_agent="D" nite:id="IDIAP_IS1008c_B.foa.325"/>
    <foa endtime="1090.08" starttime="1088.04" type="place" place="whiteboard" nite:id="IDIAP_IS1008c_B.foa.326"/>
    <foa endtime="1091.4" starttime="1090.08" type="place" place="slide-screen" nite:id="IDIAP_IS1008c_B.foa.327"/>
    <foa endtime="1092.2" starttime="1091.4" type="person" role="ID" nxt_agent="C" nite:id="IDIAP_IS1008c_B.foa.328"/>
    <foa endtime="1099.72" starttime="1092.2" type="place" place="slide-screen" nite:id="IDIAP_IS1008c_B.foa.329"/>
    <foa endtime="1131.0" starttime="1099.72" type="person" role="ID" nxt_agent="C" nite:id="IDIAP_IS1008c_B.foa.330"/>
    <foa endtime="1132.32" starttime="1131.0" type="person" role="ID" nxt_agent="C" nite:id="IDIAP_IS1008c_B.foa.331"/>
    <foa endtime="1133.88" starttime="1132.32" type="person" role="PM" nxt_agent="A" nite:id="IDIAP_IS1008c_B.foa.332"/>
    <foa endtime="1134.36" starttime="1133.88" type="unspecified" nite:id="IDIAP_IS1008c_B.foa.333"/>
    <foa endtime="1134.84" starttime="1134.36" type="person" role="ID" nxt_agent="C" nite:id="IDIAP_IS1008c_B.foa.334"/>
    <foa endtime="1135.92" starttime="1134.84" type="person" role="PM" nxt_agent="A" nite:id="IDIAP_IS1008c_B.foa.335"/>
    <foa endtime="1136.0" starttime="1135.92" type="unspecified" nite:id="IDIAP_IS1008c_B.foa.336"/>
    <foa endtime="1148.36" starttime="1136.0" type="person" role="ID" nxt_agent="C" nite:id="IDIAP_IS1008c_B.foa.337"/>
    <foa endtime="1149.48" starttime="1148.36" type="unspecified" nite:id="IDIAP_IS1008c_B.foa.338"/>
    <foa endtime="1151.12" starttime="1149.48" type="place" place="slide-screen" nite:id="IDIAP_IS1008c_B.foa.339"/>
    <foa endtime="1151.56" starttime="1151.12" type="person" role="PM" nxt_agent="A" nite:id="IDIAP_IS1008c_B.foa.340"/>
    <foa endtime="1151.84" starttime="1151.56" type="person" role="ID" nxt_agent="C" nite:id="IDIAP_IS1008c_B.foa.341"/>
    <foa endtime="1155.52" starttime="1151.84" type="person" role="ME" nxt_agent="D" nite:id="IDIAP_IS1008c_B.foa.342"/>
    <foa endtime="1155.76" starttime="1155.52" type="person" role="ID" nxt_agent="C" nite:id="IDIAP_IS1008c_B.foa.343"/>
    <foa endtime="1157.08" starttime="1155.76" type="place" place="slide-screen" nite:id="IDIAP_IS1008c_B.foa.344"/>
    <foa endtime="1164.08" starttime="1157.08" type="person" role="ID" nxt_agent="C" nite:id="IDIAP_IS1008c_B.foa.345"/>
    <foa endtime="1165.28" starttime="1164.08" type="person" role="ME" nxt_agent="D" nite:id="IDIAP_IS1008c_B.foa.346"/>
    <foa endtime="1165.76" starttime="1165.28" type="unspecified" nite:id="IDIAP_IS1008c_B.foa.347"/>
    <foa endtime="1167.2" starttime="1165.76" type="person" role="ME" nxt_agent="D" nite:id="IDIAP_IS1008c_B.foa.348"/>
    <foa endtime="1167.92" starttime="1167.2" type="unspecified" nite:id="IDIAP_IS1008c_B.foa.349"/>
    <foa endtime="1169.24" starttime="1167.92" type="person" role="ME" nxt_agent="D" nite:id="IDIAP_IS1008c_B.foa.350"/>
    <foa endtime="1170.32" starttime="1169.24" type="person" role="ID" nxt_agent="C" nite:id="IDIAP_IS1008c_B.foa.351"/>
    <foa endtime="1171.04" starttime="1170.32" type="person" role="ME" nxt_agent="D" nite:id="IDIAP_IS1008c_B.foa.352"/>
    <foa endtime="1172.84" starttime="1171.04" type="person" role="ID" nxt_agent="C" nite:id="IDIAP_IS1008c_B.foa.353"/>
    <foa endtime="1173.68" starttime="1172.84" type="place" place="slide-screen" nite:id="IDIAP_IS1008c_B.foa.354"/>
    <foa endtime="1174.04" starttime="1173.68" type="person" role="ID" nxt_agent="C" nite:id="IDIAP_IS1008c_B.foa.355"/>
    <foa endtime="1175.48" starttime="1174.04" type="person" role="ME" nxt_agent="D" nite:id="IDIAP_IS1008c_B.foa.356"/>
    <foa endtime="1176.04" starttime="1175.48" type="unspecified" nite:id="IDIAP_IS1008c_B.foa.357"/>
    <foa endtime="1180.68" starttime="1176.04" type="place" place="slide-screen" nite:id="IDIAP_IS1008c_B.foa.358"/>
    <foa endtime="1183.8" starttime="1180.68" type="person" role="ME" nxt_agent="D" nite:id="IDIAP_IS1008c_B.foa.359"/>
    <foa endtime="1217.68" starttime="1183.8" type="person" role="ID" nxt_agent="C" nite:id="IDIAP_IS1008c_B.foa.360"/>
    <foa endtime="1218.88" starttime="1217.68" type="unspecified" nite:id="IDIAP_IS1008c_B.foa.361"/>
    <foa endtime="1222.72" starttime="1218.88" type="person" role="ID" nxt_agent="C" nite:id="IDIAP_IS1008c_B.foa.362"/>
    <foa endtime="1225.0" starttime="1222.72" type="unspecified" nite:id="IDIAP_IS1008c_B.foa.363"/>
    <foa endtime="1228.72" starttime="1225.0" type="person" role="PM" nxt_agent="A" nite:id="IDIAP_IS1008c_B.foa.364"/>
    <foa endtime="1231.36" starttime="1228.72" type="person" role="ID" nxt_agent="C" nite:id="IDIAP_IS1008c_B.foa.365"/>
    <foa endtime="1232.44" starttime="1231.36" type="person" role="PM" nxt_agent="A" nite:id="IDIAP_IS1008c_B.foa.366"/>
    <foa endtime="1234.84" starttime="1232.44" type="unspecified" nite:id="IDIAP_IS1008c_B.foa.367"/>
    <foa endtime="1237.36" starttime="1234.84" type="person" role="PM" nxt_agent="A" nite:id="IDIAP_IS1008c_B.foa.368"/>
    <foa endtime="1239.52" starttime="1237.36" type="person" role="ID" nxt_agent="C" nite:id="IDIAP_IS1008c_B.foa.369"/>
    <foa endtime="1243.12" starttime="1239.52" type="place" place="slide-screen" nite:id="IDIAP_IS1008c_B.foa.370"/>
    <foa endtime="1247.68" starttime="1243.12" type="person" role="ID" nxt_agent="C" nite:id="IDIAP_IS1008c_B.foa.371"/>
    <foa endtime="1248.16" starttime="1247.68" type="person" role="ME" nxt_agent="D" nite:id="IDIAP_IS1008c_B.foa.372"/>
    <foa endtime="1249.12" starttime="1248.16" type="unspecified" nite:id="IDIAP_IS1008c_B.foa.373"/>
    <foa endtime="1249.36" starttime="1249.12" type="person" role="ID" nxt_agent="C" nite:id="IDIAP_IS1008c_B.foa.374"/>
    <foa endtime="1249.44" starttime="1249.36" type="unspecified" nite:id="IDIAP_IS1008c_B.foa.375"/>
    <foa endtime="1251.56" starttime="1249.44" type="place" place="table" nite:id="IDIAP_IS1008c_B.foa.376"/>
    <foa endtime="1254.32" starttime="1251.56" type="unspecified" nite:id="IDIAP_IS1008c_B.foa.377"/>
    <foa endtime="1280.88" starttime="1254.32" type="person" role="PM" nxt_agent="A" nite:id="IDIAP_IS1008c_B.foa.378"/>
    <foa endtime="1281.84" starttime="1280.88" type="place" place="slide-screen" nite:id="IDIAP_IS1008c_B.foa.379"/>
    <foa endtime="1283.88" starttime="1281.84" type="place" place="whiteboard" nite:id="IDIAP_IS1008c_B.foa.380"/>
    <foa endtime="1287.6" starttime="1283.88" type="place" place="slide-screen" nite:id="IDIAP_IS1008c_B.foa.381"/>
    <foa endtime="1290.36" starttime="1287.6" type="person" role="PM" nxt_agent="A" nite:id="IDIAP_IS1008c_B.foa.382"/>
    <foa endtime="1291.2" starttime="1290.36" type="person" role="ID" nxt_agent="C" nite:id="IDIAP_IS1008c_B.foa.383"/>
    <foa endtime="1293.24" starttime="1291.2" type="person" role="PM" nxt_agent="A" nite:id="IDIAP_IS1008c_B.foa.384"/>
    <foa endtime="1294.56" starttime="1293.24" type="place" place="slide-screen" nite:id="IDIAP_IS1008c_B.foa.385"/>
    <foa endtime="1296.72" starttime="1294.56" type="person" role="PM" nxt_agent="A" nite:id="IDIAP_IS1008c_B.foa.386"/>
    <foa endtime="1298.88" starttime="1296.72" type="unspecified" nite:id="IDIAP_IS1008c_B.foa.387"/>
    <foa endtime="1299.72" starttime="1298.88" type="person" role="ID" nxt_agent="C" nite:id="IDIAP_IS1008c_B.foa.388"/>
    <foa endtime="1300.68" starttime="1299.72" type="unspecified" nite:id="IDIAP_IS1008c_B.foa.389"/>
    <foa endtime="1302.48" starttime="1300.68" type="person" role="PM" nxt_agent="A" nite:id="IDIAP_IS1008c_B.foa.390"/>
    <foa endtime="1309.64" starttime="1302.48" type="person" role="ID" nxt_agent="C" nite:id="IDIAP_IS1008c_B.foa.391"/>
    <foa endtime="1312.04" starttime="1309.64" type="person" role="PM" nxt_agent="A" nite:id="IDIAP_IS1008c_B.foa.392"/>
    <foa endtime="1316.96" starttime="1312.04" type="person" role="ID" nxt_agent="C" nite:id="IDIAP_IS1008c_B.foa.393"/>
    <foa endtime="1319.96" starttime="1316.96" type="person" role="PM" nxt_agent="A" nite:id="IDIAP_IS1008c_B.foa.394"/>
    <foa endtime="1321.6" starttime="1319.96" type="person" role="ID" nxt_agent="C" nite:id="IDIAP_IS1008c_B.foa.395"/>
    <foa endtime="1322.96" starttime="1321.6" type="person" role="ME" nxt_agent="D" nite:id="IDIAP_IS1008c_B.foa.396"/>
    <foa endtime="1326.92" starttime="1322.96" type="person" role="ID" nxt_agent="C" nite:id="IDIAP_IS1008c_B.foa.397"/>
    <foa endtime="1331.48" starttime="1326.92" type="person" role="PM" nxt_agent="A" nite:id="IDIAP_IS1008c_B.foa.398"/>
    <foa endtime="1336.52" starttime="1331.48" type="person" role="ID" nxt_agent="C" nite:id="IDIAP_IS1008c_B.foa.399"/>
    <foa endtime="1337.96" starttime="1336.52" type="person" role="PM" nxt_agent="A" nite:id="IDIAP_IS1008c_B.foa.400"/>
    <foa endtime="1338.2" starttime="1337.96" type="unspecified" nite:id="IDIAP_IS1008c_B.foa.401"/>
    <foa endtime="1341.56" starttime="1338.2" type="person" role="ID" nxt_agent="C" nite:id="IDIAP_IS1008c_B.foa.402"/>
    <foa endtime="1341.92" starttime="1341.56" type="person" role="PM" nxt_agent="A" nite:id="IDIAP_IS1008c_B.foa.403"/>
    <foa endtime="1351.0" starttime="1341.92" type="person" role="ID" nxt_agent="C" nite:id="IDIAP_IS1008c_B.foa.404"/>
    <foa endtime="1351.6" starttime="1351.0" type="person" role="ME" nxt_agent="D" nite:id="IDIAP_IS1008c_B.foa.405"/>
    <foa endtime="1353.52" starttime="1351.6" type="person" role="ID" nxt_agent="C" nite:id="IDIAP_IS1008c_B.foa.406"/>
    <foa endtime="1357.84" starttime="1353.52" type="unspecified" nite:id="IDIAP_IS1008c_B.foa.407"/>
    <foa endtime="1359.52" starttime="1357.84" type="person" role="ME" nxt_agent="D" nite:id="IDIAP_IS1008c_B.foa.408"/>
    <foa endtime="1361.8" starttime="1359.52" type="person" role="ID" nxt_agent="C" nite:id="IDIAP_IS1008c_B.foa.409"/>
    <foa endtime="1363.12" starttime="1361.8" type="person" role="ME" nxt_agent="D" nite:id="IDIAP_IS1008c_B.foa.410"/>
    <foa endtime="1384.48" starttime="1363.12" type="place" place="table" nite:id="IDIAP_IS1008c_B.foa.411"/>
    <foa endtime="1385.92" starttime="1384.48" type="place" place="slide-screen" nite:id="IDIAP_IS1008c_B.foa.412"/>
    <foa endtime="1390.6" starttime="1385.92" type="person" role="ID" nxt_agent="C" nite:id="IDIAP_IS1008c_B.foa.413"/>
    <foa endtime="1393.6" starttime="1390.6" type="place" place="slide-screen" nite:id="IDIAP_IS1008c_B.foa.414"/>
    <foa endtime="1399.48" starttime="1393.6" type="person" role="ID" nxt_agent="C" nite:id="IDIAP_IS1008c_B.foa.415"/>
    <foa endtime="1401.76" starttime="1399.48" type="place" place="slide-screen" nite:id="IDIAP_IS1008c_B.foa.416"/>
    <foa endtime="1402.72" starttime="1401.76" type="person" role="ID" nxt_agent="C" nite:id="IDIAP_IS1008c_B.foa.417"/>
    <foa endtime="1404.32" starttime="1402.72" type="place" place="slide-screen" nite:id="IDIAP_IS1008c_B.foa.418"/>
    <foa endtime="1410.84" starttime="1404.32" type="person" role="ID" nxt_agent="C" nite:id="IDIAP_IS1008c_B.foa.419"/>
    <foa endtime="1411.8" starttime="1410.84" type="person" role="PM" nxt_agent="A" nite:id="IDIAP_IS1008c_B.foa.420"/>
    <foa endtime="1415.76" starttime="1411.8" type="person" role="ID" nxt_agent="C" nite:id="IDIAP_IS1008c_B.foa.421"/>
    <foa endtime="1416.2" starttime="1415.76" type="unspecified" nite:id="IDIAP_IS1008c_B.foa.422"/>
    <foa endtime="1418.16" starttime="1416.2" type="place" place="slide-screen" nite:id="IDIAP_IS1008c_B.foa.423"/>
    <foa endtime="1418.76" starttime="1418.16" type="person" role="PM" nxt_agent="A" nite:id="IDIAP_IS1008c_B.foa.424"/>
    <foa endtime="1421.4" starttime="1418.76" type="place" place="slide-screen" nite:id="IDIAP_IS1008c_B.foa.425"/>
    <foa endtime="1425.12" starttime="1421.4" type="person" role="PM" nxt_agent="A" nite:id="IDIAP_IS1008c_B.foa.426"/>
    <foa endtime="1427.04" starttime="1425.12" type="place" place="table" nite:id="IDIAP_IS1008c_B.foa.427"/>
    <foa endtime="1428.8" starttime="1427.04" type="person" role="PM" nxt_agent="A" nite:id="IDIAP_IS1008c_B.foa.428"/>
    <foa endtime="1431.2" starttime="1428.8" type="place" place="table" nite:id="IDIAP_IS1008c_B.foa.429"/>
    <foa endtime="1432.84" starttime="1431.2" type="place" place="slide-screen" nite:id="IDIAP_IS1008c_B.foa.430"/>
    <foa endtime="1436.68" starttime="1432.84" type="person" role="PM" nxt_agent="A" nite:id="IDIAP_IS1008c_B.foa.431"/>
    <foa endtime="1447.32" starttime="1436.68" type="place" place="slide-screen" nite:id="IDIAP_IS1008c_B.foa.432"/>
    <foa endtime="1461.44" starttime="1447.32" type="place" place="table" nite:id="IDIAP_IS1008c_B.foa.433"/>
    <foa endtime="1462.4" starttime="1461.44" type="person" role="PM" nxt_agent="A" nite:id="IDIAP_IS1008c_B.foa.434"/>
    <foa endtime="1463.2" starttime="1462.4" type="person" role="ME" nxt_agent="D" nite:id="IDIAP_IS1008c_B.foa.435"/>
    <foa endtime="1464.04" starttime="1463.2" type="person" role="ID" nxt_agent="C" nite:id="IDIAP_IS1008c_B.foa.436"/>
    <foa endtime="1464.76" starttime="1464.04" type="person" role="PM" nxt_agent="A" nite:id="IDIAP_IS1008c_B.foa.437"/>
    <foa endtime="1466.56" starttime="1464.76" type="unspecified" nite:id="IDIAP_IS1008c_B.foa.438"/>
    <foa endtime="1472.44" starttime="1466.56" type="person" role="PM" nxt_agent="A" nite:id="IDIAP_IS1008c_B.foa.439"/>
    <foa endtime="1476.0" starttime="1472.44" type="person" role="ID" nxt_agent="C" nite:id="IDIAP_IS1008c_B.foa.440"/>
    <foa endtime="1479.36" starttime="1476.0" type="place" place="table" nite:id="IDIAP_IS1008c_B.foa.441"/>
    <foa endtime="1481.12" starttime="1479.36" type="place" place="slide-screen" nite:id="IDIAP_IS1008c_B.foa.442"/>
    <foa endtime="1481.84" starttime="1481.12" type="person" role="ME" nxt_agent="D" nite:id="IDIAP_IS1008c_B.foa.443"/>
    <foa endtime="1482.56" starttime="1481.84" type="unspecified" nite:id="IDIAP_IS1008c_B.foa.444"/>
    <foa endtime="1483.04" starttime="1482.56" type="person" role="ID" nxt_agent="C" nite:id="IDIAP_IS1008c_B.foa.445"/>
    <foa endtime="1485.2" starttime="1483.04" type="place" place="table" nite:id="IDIAP_IS1008c_B.foa.446"/>
    <foa endtime="1486.08" starttime="1485.2" type="person" role="PM" nxt_agent="A" nite:id="IDIAP_IS1008c_B.foa.447"/>
    <foa endtime="1488.04" starttime="1486.08" type="place" place="table" nite:id="IDIAP_IS1008c_B.foa.448"/>
    <foa endtime="1493.68" starttime="1488.04" type="place" place="slide-screen" nite:id="IDIAP_IS1008c_B.foa.449"/>
    <foa endtime="1494.04" starttime="1493.68" type="person" role="PM" nxt_agent="A" nite:id="IDIAP_IS1008c_B.foa.450"/>
    <foa endtime="1495.12" starttime="1494.04" type="unspecified" nite:id="IDIAP_IS1008c_B.foa.451"/>
    <foa endtime="1499.32" starttime="1495.12" type="place" place="slide-screen" nite:id="IDIAP_IS1008c_B.foa.452"/>
    <foa endtime="1502.92" starttime="1499.32" type="person" role="PM" nxt_agent="A" nite:id="IDIAP_IS1008c_B.foa.453"/>
    <foa endtime="1506.16" starttime="1502.92" type="unspecified" nite:id="IDIAP_IS1008c_B.foa.454"/>
    <foa endtime="1508.32" starttime="1506.16" type="place" place="slide-screen" nite:id="IDIAP_IS1008c_B.foa.455"/>
    <foa endtime="1508.92" starttime="1508.32" type="person" role="PM" nxt_agent="A" nite:id="IDIAP_IS1008c_B.foa.456"/>
    <foa endtime="1509.28" starttime="1508.92" type="unspecified" nite:id="IDIAP_IS1008c_B.foa.457"/>
    <foa endtime="1509.52" starttime="1509.28" type="person" role="PM" nxt_agent="A" nite:id="IDIAP_IS1008c_B.foa.458"/>
    <foa endtime="1510.0" starttime="1509.52" type="person" role="ID" nxt_agent="C" nite:id="IDIAP_IS1008c_B.foa.459"/>
    <foa endtime="1510.72" starttime="1510.0" type="person" role="PM" nxt_agent="A" nite:id="IDIAP_IS1008c_B.foa.460"/>
    <foa endtime="1512.4" starttime="1510.72" type="place" place="table" nite:id="IDIAP_IS1008c_B.foa.461"/>
    <foa endtime="1513.0" starttime="1512.4" type="person" role="PM" nxt_agent="A" nite:id="IDIAP_IS1008c_B.foa.462"/>
    <foa endtime="1513.76" starttime="1513.0" type="unspecified" nite:id="IDIAP_IS1008c_B.foa.463"/>
    <foa endtime="1514.08" starttime="1513.76" type="person" role="PM" nxt_agent="A" nite:id="IDIAP_IS1008c_B.foa.464"/>
    <foa endtime="1516.24" starttime="1514.08" type="place" place="table" nite:id="IDIAP_IS1008c_B.foa.465"/>
    <foa endtime="1522.72" starttime="1516.24" type="unspecified" nite:id="IDIAP_IS1008c_B.foa.466"/>
    <foa endtime="1546.0" starttime="1522.72" type="unspecified" nite:id="IDIAP_IS1008c_B.foa.467"/>
</nite:root>
