<?xml version="1.0" encoding="UTF-8"?>
<nite:root xmlns:nite="http://nite.sourceforge.net/" nite:id="IDIAP_IS1006d_D.nite:root.1">
    <foa endtime="22.04" starttime="0.0" type="unspecified" nite:id="IDIAP_IS1006d_D.foa.1"/>
    <foa endtime="22.92" starttime="22.04" type="person" role="PM" nxt_agent="A" nite:id="IDIAP_IS1006d_D.foa.2"/>
    <foa endtime="23.96" starttime="22.92" type="place" place="table" nite:id="IDIAP_IS1006d_D.foa.3"/>
    <foa endtime="25.96" starttime="23.96" type="unspecified" nite:id="IDIAP_IS1006d_D.foa.4"/>
    <foa endtime="31.92" starttime="25.96" type="place" place="table" nite:id="IDIAP_IS1006d_D.foa.5"/>
    <foa endtime="32.16" starttime="31.92" type="person" role="PM" nxt_agent="A" nite:id="IDIAP_IS1006d_D.foa.6"/>
    <foa endtime="35.16" starttime="32.16" type="place" place="slide-screen" nite:id="IDIAP_IS1006d_D.foa.7"/>
    <foa endtime="35.76" starttime="35.16" type="person" role="PM" nxt_agent="A" nite:id="IDIAP_IS1006d_D.foa.8"/>
    <foa endtime="36.32" starttime="35.76" type="person" role="UI" nxt_agent="B" nite:id="IDIAP_IS1006d_D.foa.9"/>
    <foa endtime="36.76" starttime="36.32" type="person" role="PM" nxt_agent="A" nite:id="IDIAP_IS1006d_D.foa.10"/>
    <foa endtime="37.12" starttime="36.76" type="place" place="slide-screen" nite:id="IDIAP_IS1006d_D.foa.11"/>
    <foa endtime="37.84" starttime="37.12" type="person" role="PM" nxt_agent="A" nite:id="IDIAP_IS1006d_D.foa.12"/>
    <foa endtime="38.44" starttime="37.84" type="place" place="slide-screen" nite:id="IDIAP_IS1006d_D.foa.13"/>
    <foa endtime="38.84" starttime="38.44" type="place" place="table" nite:id="IDIAP_IS1006d_D.foa.14"/>
    <foa endtime="40.24" starttime="38.84" type="place" place="slide-screen" nite:id="IDIAP_IS1006d_D.foa.15"/>
    <foa endtime="41.44" starttime="40.24" type="person" role="UI" nxt_agent="B" nite:id="IDIAP_IS1006d_D.foa.16"/>
    <foa endtime="41.8" starttime="41.44" type="place" place="slide-screen" nite:id="IDIAP_IS1006d_D.foa.17"/>
    <foa endtime="42.24" starttime="41.8" type="person" role="PM" nxt_agent="A" nite:id="IDIAP_IS1006d_D.foa.18"/>
    <foa endtime="49.6" starttime="42.24" type="place" place="slide-screen" nite:id="IDIAP_IS1006d_D.foa.19"/>
    <foa endtime="50.8" starttime="49.6" type="person" role="PM" nxt_agent="A" nite:id="IDIAP_IS1006d_D.foa.20"/>
    <foa endtime="51.88" starttime="50.8" type="place" place="slide-screen" nite:id="IDIAP_IS1006d_D.foa.21"/>
    <foa endtime="54.16" starttime="51.88" type="place" place="table" nite:id="IDIAP_IS1006d_D.foa.22"/>
    <foa endtime="54.68" starttime="54.16" type="person" role="PM" nxt_agent="A" nite:id="IDIAP_IS1006d_D.foa.23"/>
    <foa endtime="55.2" starttime="54.68" type="place" place="table" nite:id="IDIAP_IS1006d_D.foa.24"/>
    <foa endtime="55.56" starttime="55.2" type="person" role="PM" nxt_agent="A" nite:id="IDIAP_IS1006d_D.foa.25"/>
    <foa endtime="58.44" starttime="55.56" type="place" place="slide-screen" nite:id="IDIAP_IS1006d_D.foa.26"/>
    <foa endtime="60.16" starttime="58.44" type="person" role="PM" nxt_agent="A" nite:id="IDIAP_IS1006d_D.foa.27"/>
    <foa endtime="63.6" starttime="60.16" type="place" place="slide-screen" nite:id="IDIAP_IS1006d_D.foa.28"/>
    <foa endtime="69.56" starttime="63.6" type="person" role="UI" nxt_agent="B" nite:id="IDIAP_IS1006d_D.foa.29"/>
    <foa endtime="73.52" starttime="69.56" type="place" place="table" nite:id="IDIAP_IS1006d_D.foa.30"/>
    <foa endtime="74.52" starttime="73.52" type="person" role="UI" nxt_agent="B" nite:id="IDIAP_IS1006d_D.foa.31"/>
    <foa endtime="74.96" starttime="74.52" type="person" role="PM" nxt_agent="A" nite:id="IDIAP_IS1006d_D.foa.32"/>
    <foa endtime="76.88" starttime="74.96" type="place" place="table" nite:id="IDIAP_IS1006d_D.foa.33"/>
    <foa endtime="79.6" starttime="76.88" type="place" place="slide-screen" nite:id="IDIAP_IS1006d_D.foa.34"/>
    <foa endtime="81.6" starttime="79.6" type="person" role="PM" nxt_agent="A" nite:id="IDIAP_IS1006d_D.foa.35"/>
    <foa endtime="87.16" starttime="81.6" type="place" place="table" nite:id="IDIAP_IS1006d_D.foa.36"/>
    <foa endtime="87.72" starttime="87.16" type="person" role="PM" nxt_agent="A" nite:id="IDIAP_IS1006d_D.foa.37"/>
    <foa endtime="91.44" starttime="87.72" type="place" place="table" nite:id="IDIAP_IS1006d_D.foa.38"/>
    <foa endtime="91.72" starttime="91.44" type="person" role="PM" nxt_agent="A" nite:id="IDIAP_IS1006d_D.foa.39"/>
    <foa endtime="92.12" starttime="91.72" type="person" role="ID" nxt_agent="C" nite:id="IDIAP_IS1006d_D.foa.40"/>
    <foa endtime="93.72" starttime="92.12" type="place" place="table" nite:id="IDIAP_IS1006d_D.foa.41"/>
    <foa endtime="95.88" starttime="93.72" type="person" role="ID" nxt_agent="C" nite:id="IDIAP_IS1006d_D.foa.42"/>
    <foa endtime="96.24" starttime="95.88" type="place" place="table" nite:id="IDIAP_IS1006d_D.foa.43"/>
    <foa endtime="110.2" starttime="96.24" type="place" place="slide-screen" nite:id="IDIAP_IS1006d_D.foa.44"/>
    <foa endtime="111.44" starttime="110.2" type="place" place="table" nite:id="IDIAP_IS1006d_D.foa.45"/>
    <foa endtime="112.12" starttime="111.44" type="person" role="PM" nxt_agent="A" nite:id="IDIAP_IS1006d_D.foa.46"/>
    <foa endtime="112.72" starttime="112.12" type="place" place="table" nite:id="IDIAP_IS1006d_D.foa.47"/>
    <foa endtime="113.88" starttime="112.72" type="person" role="PM" nxt_agent="A" nite:id="IDIAP_IS1006d_D.foa.48"/>
    <foa endtime="114.36" starttime="113.88" type="place" place="table" nite:id="IDIAP_IS1006d_D.foa.49"/>
    <foa endtime="115.36" starttime="114.36" type="place" place="slide-screen" nite:id="IDIAP_IS1006d_D.foa.50"/>
    <foa endtime="116.36" starttime="115.36" type="person" role="UI" nxt_agent="B" nite:id="IDIAP_IS1006d_D.foa.51"/>
    <foa endtime="116.84" starttime="116.36" type="person" role="PM" nxt_agent="A" nite:id="IDIAP_IS1006d_D.foa.52"/>
    <foa endtime="120.72" starttime="116.84" type="person" role="UI" nxt_agent="B" nite:id="IDIAP_IS1006d_D.foa.53"/>
    <foa endtime="122.64" starttime="120.72" type="unspecified" nite:id="IDIAP_IS1006d_D.foa.54"/>
    <foa endtime="124.32" starttime="122.64" type="place" place="slide-screen" nite:id="IDIAP_IS1006d_D.foa.55"/>
    <foa endtime="124.96" starttime="124.32" type="person" role="UI" nxt_agent="B" nite:id="IDIAP_IS1006d_D.foa.56"/>
    <foa endtime="125.6" starttime="124.96" type="place" place="slide-screen" nite:id="IDIAP_IS1006d_D.foa.57"/>
    <foa endtime="131.16" starttime="125.6" type="person" role="UI" nxt_agent="B" nite:id="IDIAP_IS1006d_D.foa.58"/>
    <foa endtime="132.64" starttime="131.16" type="place" place="table" nite:id="IDIAP_IS1006d_D.foa.59"/>
    <foa endtime="142.48" starttime="132.64" type="person" role="UI" nxt_agent="B" nite:id="IDIAP_IS1006d_D.foa.60"/>
    <foa endtime="143.28" starttime="142.48" type="person" role="UI" nxt_agent="B" nite:id="IDIAP_IS1006d_D.foa.61"/>
    <foa endtime="149.92" starttime="143.28" type="place" place="slide-screen" nite:id="IDIAP_IS1006d_D.foa.62"/>
    <foa endtime="150.32" starttime="149.92" type="person" role="UI" nxt_agent="B" nite:id="IDIAP_IS1006d_D.foa.63"/>
    <foa endtime="154.36" starttime="150.32" type="place" place="slide-screen" nite:id="IDIAP_IS1006d_D.foa.64"/>
    <foa endtime="155.2" starttime="154.36" type="person" role="UI" nxt_agent="B" nite:id="IDIAP_IS1006d_D.foa.65"/>
    <foa endtime="155.64" starttime="155.2" type="place" place="slide-screen" nite:id="IDIAP_IS1006d_D.foa.66"/>
    <foa endtime="157.44" starttime="155.64" type="person" role="UI" nxt_agent="B" nite:id="IDIAP_IS1006d_D.foa.67"/>
    <foa endtime="175.08" starttime="157.44" type="place" place="slide-screen" nite:id="IDIAP_IS1006d_D.foa.68"/>
    <foa endtime="177.52" starttime="175.08" type="person" role="UI" nxt_agent="B" nite:id="IDIAP_IS1006d_D.foa.69"/>
    <foa endtime="178.96" starttime="177.52" type="place" place="slide-screen" nite:id="IDIAP_IS1006d_D.foa.70"/>
    <foa endtime="180.6" starttime="178.96" type="person" role="UI" nxt_agent="B" nite:id="IDIAP_IS1006d_D.foa.71"/>
    <foa endtime="183.24" starttime="180.6" type="place" place="slide-screen" nite:id="IDIAP_IS1006d_D.foa.72"/>
    <foa endtime="192.48" starttime="183.24" type="person" role="UI" nxt_agent="B" nite:id="IDIAP_IS1006d_D.foa.73"/>
    <foa endtime="195.88" starttime="192.48" type="place" place="slide-screen" nite:id="IDIAP_IS1006d_D.foa.74"/>
    <foa endtime="197.88" starttime="195.88" type="person" role="UI" nxt_agent="B" nite:id="IDIAP_IS1006d_D.foa.75"/>
    <foa endtime="202.16" starttime="197.88" type="place" place="slide-screen" nite:id="IDIAP_IS1006d_D.foa.76"/>
    <foa endtime="205.56" starttime="202.16" type="person" role="UI" nxt_agent="B" nite:id="IDIAP_IS1006d_D.foa.77"/>
    <foa endtime="206.12" starttime="205.56" type="place" place="slide-screen" nite:id="IDIAP_IS1006d_D.foa.78"/>
    <foa endtime="212.24" starttime="206.12" type="person" role="UI" nxt_agent="B" nite:id="IDIAP_IS1006d_D.foa.79"/>
    <foa endtime="213.04" starttime="212.24" type="place" place="slide-screen" nite:id="IDIAP_IS1006d_D.foa.80"/>
    <foa endtime="215.04" starttime="213.04" type="person" role="UI" nxt_agent="B" nite:id="IDIAP_IS1006d_D.foa.81"/>
    <foa endtime="219.8" starttime="215.04" type="unspecified" nite:id="IDIAP_IS1006d_D.foa.82"/>
    <foa endtime="220.2" starttime="219.8" type="person" role="PM" nxt_agent="A" nite:id="IDIAP_IS1006d_D.foa.83"/>
    <foa endtime="220.56" starttime="220.2" type="unspecified" nite:id="IDIAP_IS1006d_D.foa.84"/>
    <foa endtime="220.88" starttime="220.56" type="person" role="PM" nxt_agent="A" nite:id="IDIAP_IS1006d_D.foa.85"/>
    <foa endtime="222.04" starttime="220.88" type="person" role="UI" nxt_agent="B" nite:id="IDIAP_IS1006d_D.foa.86"/>
    <foa endtime="222.6" starttime="222.04" type="unspecified" nite:id="IDIAP_IS1006d_D.foa.87"/>
    <foa endtime="224.08" starttime="222.6" type="person" role="UI" nxt_agent="B" nite:id="IDIAP_IS1006d_D.foa.88"/>
    <foa endtime="224.84" starttime="224.08" type="unspecified" nite:id="IDIAP_IS1006d_D.foa.89"/>
    <foa endtime="225.44" starttime="224.84" type="person" role="UI" nxt_agent="B" nite:id="IDIAP_IS1006d_D.foa.90"/>
    <foa endtime="226.28" starttime="225.44" type="place" place="slide-screen" nite:id="IDIAP_IS1006d_D.foa.91"/>
    <foa endtime="227.12" starttime="226.28" type="person" role="UI" nxt_agent="B" nite:id="IDIAP_IS1006d_D.foa.92"/>
    <foa endtime="227.44" starttime="227.12" type="unspecified" nite:id="IDIAP_IS1006d_D.foa.93"/>
    <foa endtime="229.24" starttime="227.44" type="person" role="UI" nxt_agent="B" nite:id="IDIAP_IS1006d_D.foa.94"/>
    <foa endtime="229.6" starttime="229.24" type="person" role="PM" nxt_agent="A" nite:id="IDIAP_IS1006d_D.foa.95"/>
    <foa endtime="229.72" starttime="229.6" type="place" place="slide-screen" nite:id="IDIAP_IS1006d_D.foa.96"/>
    <foa endtime="231.16" starttime="229.72" type="person" role="UI" nxt_agent="B" nite:id="IDIAP_IS1006d_D.foa.97"/>
    <foa endtime="234.36" starttime="231.16" type="unspecified" nite:id="IDIAP_IS1006d_D.foa.98"/>
    <foa endtime="235.48" starttime="234.36" type="person" role="UI" nxt_agent="B" nite:id="IDIAP_IS1006d_D.foa.99"/>
    <foa endtime="236.16" starttime="235.48" type="place" place="slide-screen" nite:id="IDIAP_IS1006d_D.foa.100"/>
    <foa endtime="237.96" starttime="236.16" type="person" role="UI" nxt_agent="B" nite:id="IDIAP_IS1006d_D.foa.101"/>
    <foa endtime="241.84" starttime="237.96" type="unspecified" nite:id="IDIAP_IS1006d_D.foa.102"/>
    <foa endtime="243.84" starttime="241.84" type="place" place="table" nite:id="IDIAP_IS1006d_D.foa.103"/>
    <foa endtime="247.12" starttime="243.84" type="person" role="UI" nxt_agent="B" nite:id="IDIAP_IS1006d_D.foa.104"/>
    <foa endtime="247.36" starttime="247.12" type="place" place="slide-screen" nite:id="IDIAP_IS1006d_D.foa.105"/>
    <foa endtime="247.88" starttime="247.36" type="person" role="UI" nxt_agent="B" nite:id="IDIAP_IS1006d_D.foa.106"/>
    <foa endtime="252.08" starttime="247.88" type="place" place="slide-screen" nite:id="IDIAP_IS1006d_D.foa.107"/>
    <foa endtime="254.64" starttime="252.08" type="place" place="table" nite:id="IDIAP_IS1006d_D.foa.108"/>
    <foa endtime="255.36" starttime="254.64" type="person" role="ID" nxt_agent="C" nite:id="IDIAP_IS1006d_D.foa.109"/>
    <foa endtime="260.44" starttime="255.36" type="place" place="table" nite:id="IDIAP_IS1006d_D.foa.110"/>
    <foa endtime="268.28" starttime="260.44" type="person" role="ID" nxt_agent="C" nite:id="IDIAP_IS1006d_D.foa.111"/>
    <foa endtime="269.44" starttime="268.28" type="place" place="slide-screen" nite:id="IDIAP_IS1006d_D.foa.112"/>
    <foa endtime="272.52" starttime="269.44" type="person" role="ID" nxt_agent="C" nite:id="IDIAP_IS1006d_D.foa.113"/>
    <foa endtime="275.56" starttime="272.52" type="place" place="slide-screen" nite:id="IDIAP_IS1006d_D.foa.114"/>
    <foa endtime="281.04" starttime="275.56" type="person" role="ID" nxt_agent="C" nite:id="IDIAP_IS1006d_D.foa.115"/>
    <foa endtime="281.36" starttime="281.04" type="place" place="slide-screen" nite:id="IDIAP_IS1006d_D.foa.116"/>
    <foa endtime="282.68" starttime="281.36" type="person" role="ID" nxt_agent="C" nite:id="IDIAP_IS1006d_D.foa.117"/>
    <foa endtime="283.24" starttime="282.68" type="place" place="slide-screen" nite:id="IDIAP_IS1006d_D.foa.118"/>
    <foa endtime="284.16" starttime="283.24" type="person" role="ID" nxt_agent="C" nite:id="IDIAP_IS1006d_D.foa.119"/>
    <foa endtime="287.28" starttime="284.16" type="place" place="slide-screen" nite:id="IDIAP_IS1006d_D.foa.120"/>
    <foa endtime="288.2" starttime="287.28" type="person" role="ID" nxt_agent="C" nite:id="IDIAP_IS1006d_D.foa.121"/>
    <foa endtime="290.28" starttime="288.2" type="place" place="slide-screen" nite:id="IDIAP_IS1006d_D.foa.122"/>
    <foa endtime="291.12" starttime="290.28" type="person" role="ID" nxt_agent="C" nite:id="IDIAP_IS1006d_D.foa.123"/>
    <foa endtime="292.48" starttime="291.12" type="place" place="slide-screen" nite:id="IDIAP_IS1006d_D.foa.124"/>
    <foa endtime="293.4" starttime="292.48" type="person" role="UI" nxt_agent="B" nite:id="IDIAP_IS1006d_D.foa.125"/>
    <foa endtime="293.92" starttime="293.4" type="person" role="ID" nxt_agent="C" nite:id="IDIAP_IS1006d_D.foa.126"/>
    <foa endtime="294.52" starttime="293.92" type="place" place="slide-screen" nite:id="IDIAP_IS1006d_D.foa.127"/>
    <foa endtime="295.28" starttime="294.52" type="person" role="ID" nxt_agent="C" nite:id="IDIAP_IS1006d_D.foa.128"/>
    <foa endtime="296.0" starttime="295.28" type="place" place="slide-screen" nite:id="IDIAP_IS1006d_D.foa.129"/>
    <foa endtime="298.04" starttime="296.0" type="person" role="ID" nxt_agent="C" nite:id="IDIAP_IS1006d_D.foa.130"/>
    <foa endtime="302.2" starttime="298.04" type="place" place="slide-screen" nite:id="IDIAP_IS1006d_D.foa.131"/>
    <foa endtime="302.68" starttime="302.2" type="person" role="ID" nxt_agent="C" nite:id="IDIAP_IS1006d_D.foa.132"/>
    <foa endtime="306.96" starttime="302.68" type="place" place="slide-screen" nite:id="IDIAP_IS1006d_D.foa.133"/>
    <foa endtime="307.84" starttime="306.96" type="person" role="UI" nxt_agent="B" nite:id="IDIAP_IS1006d_D.foa.134"/>
    <foa endtime="308.48" starttime="307.84" type="place" place="slide-screen" nite:id="IDIAP_IS1006d_D.foa.135"/>
    <foa endtime="313.52" starttime="308.48" type="person" role="ID" nxt_agent="C" nite:id="IDIAP_IS1006d_D.foa.136"/>
    <foa endtime="314.4" starttime="313.52" type="place" place="slide-screen" nite:id="IDIAP_IS1006d_D.foa.137"/>
    <foa endtime="315.44" starttime="314.4" type="person" role="ID" nxt_agent="C" nite:id="IDIAP_IS1006d_D.foa.138"/>
    <foa endtime="315.72" starttime="315.44" type="place" place="slide-screen" nite:id="IDIAP_IS1006d_D.foa.139"/>
    <foa endtime="316.2" starttime="315.72" type="person" role="ID" nxt_agent="C" nite:id="IDIAP_IS1006d_D.foa.140"/>
    <foa endtime="318.68" starttime="316.2" type="place" place="slide-screen" nite:id="IDIAP_IS1006d_D.foa.141"/>
    <foa endtime="321.2" starttime="318.68" type="person" role="ID" nxt_agent="C" nite:id="IDIAP_IS1006d_D.foa.142"/>
    <foa endtime="331.6" starttime="321.2" type="place" place="slide-screen" nite:id="IDIAP_IS1006d_D.foa.143"/>
    <foa endtime="332.44" starttime="331.6" type="person" role="ID" nxt_agent="C" nite:id="IDIAP_IS1006d_D.foa.144"/>
    <foa endtime="333.32" starttime="332.44" type="place" place="table" nite:id="IDIAP_IS1006d_D.foa.145"/>
    <foa endtime="333.72" starttime="333.32" type="person" role="UI" nxt_agent="B" nite:id="IDIAP_IS1006d_D.foa.146"/>
    <foa endtime="334.44" starttime="333.72" type="person" role="PM" nxt_agent="A" nite:id="IDIAP_IS1006d_D.foa.147"/>
    <foa endtime="335.24" starttime="334.44" type="person" role="ID" nxt_agent="C" nite:id="IDIAP_IS1006d_D.foa.148"/>
    <foa endtime="335.68" starttime="335.24" type="place" place="slide-screen" nite:id="IDIAP_IS1006d_D.foa.149"/>
    <foa endtime="336.2" starttime="335.68" type="person" role="UI" nxt_agent="B" nite:id="IDIAP_IS1006d_D.foa.150"/>
    <foa endtime="344.12" starttime="336.2" type="place" place="slide-screen" nite:id="IDIAP_IS1006d_D.foa.151"/>
    <foa endtime="345.96" starttime="344.12" type="person" role="ID" nxt_agent="C" nite:id="IDIAP_IS1006d_D.foa.152"/>
    <foa endtime="371.08" starttime="345.96" type="place" place="slide-screen" nite:id="IDIAP_IS1006d_D.foa.153"/>
    <foa endtime="372.24" starttime="371.08" type="person" role="ID" nxt_agent="C" nite:id="IDIAP_IS1006d_D.foa.154"/>
    <foa endtime="372.92" starttime="372.24" type="person" role="UI" nxt_agent="B" nite:id="IDIAP_IS1006d_D.foa.155"/>
    <foa endtime="373.44" starttime="372.92" type="place" place="slide-screen" nite:id="IDIAP_IS1006d_D.foa.156"/>
    <foa endtime="374.0" starttime="373.44" type="person" role="ID" nxt_agent="C" nite:id="IDIAP_IS1006d_D.foa.157"/>
    <foa endtime="383.0" starttime="374.0" type="place" place="slide-screen" nite:id="IDIAP_IS1006d_D.foa.158"/>
    <foa endtime="383.44" starttime="383.0" type="person" role="ID" nxt_agent="C" nite:id="IDIAP_IS1006d_D.foa.159"/>
    <foa endtime="385.2" starttime="383.44" type="place" place="table" nite:id="IDIAP_IS1006d_D.foa.160"/>
    <foa endtime="385.88" starttime="385.2" type="person" role="ID" nxt_agent="C" nite:id="IDIAP_IS1006d_D.foa.161"/>
    <foa endtime="395.16" starttime="385.88" type="place" place="slide-screen" nite:id="IDIAP_IS1006d_D.foa.162"/>
    <foa endtime="395.72" starttime="395.16" type="person" role="UI" nxt_agent="B" nite:id="IDIAP_IS1006d_D.foa.163"/>
    <foa endtime="397.68" starttime="395.72" type="place" place="slide-screen" nite:id="IDIAP_IS1006d_D.foa.164"/>
    <foa endtime="402.8" starttime="397.68" type="person" role="ID" nxt_agent="C" nite:id="IDIAP_IS1006d_D.foa.165"/>
    <foa endtime="403.52" starttime="402.8" type="person" role="UI" nxt_agent="B" nite:id="IDIAP_IS1006d_D.foa.166"/>
    <foa endtime="405.44" starttime="403.52" type="person" role="ID" nxt_agent="C" nite:id="IDIAP_IS1006d_D.foa.167"/>
    <foa endtime="408.32" starttime="405.44" type="person" role="UI" nxt_agent="B" nite:id="IDIAP_IS1006d_D.foa.168"/>
    <foa endtime="409.04" starttime="408.32" type="place" place="slide-screen" nite:id="IDIAP_IS1006d_D.foa.169"/>
    <foa endtime="410.56" starttime="409.04" type="person" role="UI" nxt_agent="B" nite:id="IDIAP_IS1006d_D.foa.170"/>
    <foa endtime="411.4" starttime="410.56" type="place" place="slide-screen" nite:id="IDIAP_IS1006d_D.foa.171"/>
    <foa endtime="412.6" starttime="411.4" type="person" role="UI" nxt_agent="B" nite:id="IDIAP_IS1006d_D.foa.172"/>
    <foa endtime="413.4" starttime="412.6" type="place" place="slide-screen" nite:id="IDIAP_IS1006d_D.foa.173"/>
    <foa endtime="414.04" starttime="413.4" type="person" role="UI" nxt_agent="B" nite:id="IDIAP_IS1006d_D.foa.174"/>
    <foa endtime="417.16" starttime="414.04" type="place" place="slide-screen" nite:id="IDIAP_IS1006d_D.foa.175"/>
    <foa endtime="419.84" starttime="417.16" type="person" role="ID" nxt_agent="C" nite:id="IDIAP_IS1006d_D.foa.176"/>
    <foa endtime="420.92" starttime="419.84" type="place" place="slide-screen" nite:id="IDIAP_IS1006d_D.foa.177"/>
    <foa endtime="421.44" starttime="420.92" type="person" role="ID" nxt_agent="C" nite:id="IDIAP_IS1006d_D.foa.178"/>
    <foa endtime="422.08" starttime="421.44" type="place" place="slide-screen" nite:id="IDIAP_IS1006d_D.foa.179"/>
    <foa endtime="422.96" starttime="422.08" type="person" role="ID" nxt_agent="C" nite:id="IDIAP_IS1006d_D.foa.180"/>
    <foa endtime="425.36" starttime="422.96" type="place" place="slide-screen" nite:id="IDIAP_IS1006d_D.foa.181"/>
    <foa endtime="425.8" starttime="425.36" type="person" role="ID" nxt_agent="C" nite:id="IDIAP_IS1006d_D.foa.182"/>
    <foa endtime="428.16" starttime="425.8" type="person" role="PM" nxt_agent="A" nite:id="IDIAP_IS1006d_D.foa.183"/>
    <foa endtime="429.52" starttime="428.16" type="person" role="ID" nxt_agent="C" nite:id="IDIAP_IS1006d_D.foa.184"/>
    <foa endtime="434.48" starttime="429.52" type="place" place="slide-screen" nite:id="IDIAP_IS1006d_D.foa.185"/>
    <foa endtime="439.64" starttime="434.48" type="person" role="PM" nxt_agent="A" nite:id="IDIAP_IS1006d_D.foa.186"/>
    <foa endtime="439.92" starttime="439.64" type="person" role="ID" nxt_agent="C" nite:id="IDIAP_IS1006d_D.foa.187"/>
    <foa endtime="440.56" starttime="439.92" type="person" role="PM" nxt_agent="A" nite:id="IDIAP_IS1006d_D.foa.188"/>
    <foa endtime="442.12" starttime="440.56" type="person" role="ID" nxt_agent="C" nite:id="IDIAP_IS1006d_D.foa.189"/>
    <foa endtime="447.52" starttime="442.12" type="place" place="slide-screen" nite:id="IDIAP_IS1006d_D.foa.190"/>
    <foa endtime="449.16" starttime="447.52" type="person" role="ID" nxt_agent="C" nite:id="IDIAP_IS1006d_D.foa.191"/>
    <foa endtime="449.88" starttime="449.16" type="place" place="slide-screen" nite:id="IDIAP_IS1006d_D.foa.192"/>
    <foa endtime="452.44" starttime="449.88" type="person" role="ID" nxt_agent="C" nite:id="IDIAP_IS1006d_D.foa.193"/>
    <foa endtime="453.0" starttime="452.44" type="person" role="UI" nxt_agent="B" nite:id="IDIAP_IS1006d_D.foa.194"/>
    <foa endtime="453.72" starttime="453.0" type="person" role="ID" nxt_agent="C" nite:id="IDIAP_IS1006d_D.foa.195"/>
    <foa endtime="454.44" starttime="453.72" type="person" role="UI" nxt_agent="B" nite:id="IDIAP_IS1006d_D.foa.196"/>
    <foa endtime="455.04" starttime="454.44" type="place" place="slide-screen" nite:id="IDIAP_IS1006d_D.foa.197"/>
    <foa endtime="456.44" starttime="455.04" type="place" place="table" nite:id="IDIAP_IS1006d_D.foa.198"/>
    <foa endtime="457.0" starttime="456.44" type="place" place="slide-screen" nite:id="IDIAP_IS1006d_D.foa.199"/>
    <foa endtime="459.24" starttime="457.0" type="person" role="ID" nxt_agent="C" nite:id="IDIAP_IS1006d_D.foa.200"/>
    <foa endtime="460.2" starttime="459.24" type="place" place="slide-screen" nite:id="IDIAP_IS1006d_D.foa.201"/>
    <foa endtime="460.92" starttime="460.2" type="place" place="table" nite:id="IDIAP_IS1006d_D.foa.202"/>
    <foa endtime="462.36" starttime="460.92" type="person" role="UI" nxt_agent="B" nite:id="IDIAP_IS1006d_D.foa.203"/>
    <foa endtime="463.84" starttime="462.36" type="person" role="ID" nxt_agent="C" nite:id="IDIAP_IS1006d_D.foa.204"/>
    <foa endtime="465.64" starttime="463.84" type="place" place="table" nite:id="IDIAP_IS1006d_D.foa.205"/>
    <foa endtime="466.44" starttime="465.64" type="person" role="ID" nxt_agent="C" nite:id="IDIAP_IS1006d_D.foa.206"/>
    <foa endtime="470.12" starttime="466.44" type="place" place="table" nite:id="IDIAP_IS1006d_D.foa.207"/>
    <foa endtime="471.0" starttime="470.12" type="person" role="ID" nxt_agent="C" nite:id="IDIAP_IS1006d_D.foa.208"/>
    <foa endtime="472.24" starttime="471.0" type="person" role="PM" nxt_agent="A" nite:id="IDIAP_IS1006d_D.foa.209"/>
    <foa endtime="476.48" starttime="472.24" type="place" place="table" nite:id="IDIAP_IS1006d_D.foa.210"/>
    <foa endtime="477.04" starttime="476.48" type="person" role="PM" nxt_agent="A" nite:id="IDIAP_IS1006d_D.foa.211"/>
    <foa endtime="483.76" starttime="477.04" type="place" place="table" nite:id="IDIAP_IS1006d_D.foa.212"/>
    <foa endtime="484.2" starttime="483.76" type="person" role="PM" nxt_agent="A" nite:id="IDIAP_IS1006d_D.foa.213"/>
    <foa endtime="485.6" starttime="484.2" type="person" role="ID" nxt_agent="C" nite:id="IDIAP_IS1006d_D.foa.214"/>
    <foa endtime="485.88" starttime="485.6" type="person" role="PM" nxt_agent="A" nite:id="IDIAP_IS1006d_D.foa.215"/>
    <foa endtime="486.2" starttime="485.88" type="person" role="ID" nxt_agent="C" nite:id="IDIAP_IS1006d_D.foa.216"/>
    <foa endtime="486.68" starttime="486.2" type="person" role="PM" nxt_agent="A" nite:id="IDIAP_IS1006d_D.foa.217"/>
    <foa endtime="489.6" starttime="486.68" type="place" place="table" nite:id="IDIAP_IS1006d_D.foa.218"/>
    <foa endtime="490.2" starttime="489.6" type="person" role="PM" nxt_agent="A" nite:id="IDIAP_IS1006d_D.foa.219"/>
    <foa endtime="496.84" starttime="490.2" type="place" place="table" nite:id="IDIAP_IS1006d_D.foa.220"/>
    <foa endtime="497.48" starttime="496.84" type="place" place="slide-screen" nite:id="IDIAP_IS1006d_D.foa.221"/>
    <foa endtime="498.68" starttime="497.48" type="person" role="PM" nxt_agent="A" nite:id="IDIAP_IS1006d_D.foa.222"/>
    <foa endtime="500.36" starttime="498.68" type="place" place="table" nite:id="IDIAP_IS1006d_D.foa.223"/>
    <foa endtime="501.6" starttime="500.36" type="unspecified" nite:id="IDIAP_IS1006d_D.foa.224"/>
    <foa endtime="503.4" starttime="501.6" type="place" place="table" nite:id="IDIAP_IS1006d_D.foa.225"/>
    <foa endtime="513.0" starttime="503.4" type="unspecified" nite:id="IDIAP_IS1006d_D.foa.226"/>
    <foa endtime="519.48" starttime="513.0" type="place" place="slide-screen" nite:id="IDIAP_IS1006d_D.foa.227"/>
    <foa endtime="520.48" starttime="519.48" type="unspecified" nite:id="IDIAP_IS1006d_D.foa.228"/>
    <foa endtime="523.92" starttime="520.48" type="place" place="slide-screen" nite:id="IDIAP_IS1006d_D.foa.229"/>
    <foa endtime="531.92" starttime="523.92" type="place" place="table" nite:id="IDIAP_IS1006d_D.foa.230"/>
    <foa endtime="533.4" starttime="531.92" type="place" place="slide-screen" nite:id="IDIAP_IS1006d_D.foa.231"/>
    <foa endtime="533.8" starttime="533.4" type="place" place="table" nite:id="IDIAP_IS1006d_D.foa.232"/>
    <foa endtime="534.8" starttime="533.8" type="person" role="UI" nxt_agent="B" nite:id="IDIAP_IS1006d_D.foa.233"/>
    <foa endtime="540.88" starttime="534.8" type="place" place="slide-screen" nite:id="IDIAP_IS1006d_D.foa.234"/>
    <foa endtime="543.52" starttime="540.88" type="place" place="table" nite:id="IDIAP_IS1006d_D.foa.235"/>
    <foa endtime="544.08" starttime="543.52" type="person" role="UI" nxt_agent="B" nite:id="IDIAP_IS1006d_D.foa.236"/>
    <foa endtime="544.32" starttime="544.08" type="unspecified" nite:id="IDIAP_IS1006d_D.foa.237"/>
    <foa endtime="545.4" starttime="544.32" type="place" place="slide-screen" nite:id="IDIAP_IS1006d_D.foa.238"/>
    <foa endtime="548.32" starttime="545.4" type="place" place="table" nite:id="IDIAP_IS1006d_D.foa.239"/>
    <foa endtime="551.92" starttime="548.32" type="place" place="slide-screen" nite:id="IDIAP_IS1006d_D.foa.240"/>
    <foa endtime="552.68" starttime="551.92" type="person" role="PM" nxt_agent="A" nite:id="IDIAP_IS1006d_D.foa.241"/>
    <foa endtime="554.52" starttime="552.68" type="place" place="table" nite:id="IDIAP_IS1006d_D.foa.242"/>
    <foa endtime="556.72" starttime="554.52" type="place" place="slide-screen" nite:id="IDIAP_IS1006d_D.foa.243"/>
    <foa endtime="557.88" starttime="556.72" type="place" place="table" nite:id="IDIAP_IS1006d_D.foa.244"/>
    <foa endtime="558.52" starttime="557.88" type="place" place="slide-screen" nite:id="IDIAP_IS1006d_D.foa.245"/>
    <foa endtime="561.32" starttime="558.52" type="place" place="table" nite:id="IDIAP_IS1006d_D.foa.246"/>
    <foa endtime="561.96" starttime="561.32" type="place" place="slide-screen" nite:id="IDIAP_IS1006d_D.foa.247"/>
    <foa endtime="562.32" starttime="561.96" type="place" place="table" nite:id="IDIAP_IS1006d_D.foa.248"/>
    <foa endtime="566.64" starttime="562.32" type="place" place="slide-screen" nite:id="IDIAP_IS1006d_D.foa.249"/>
    <foa endtime="567.72" starttime="566.64" type="person" role="PM" nxt_agent="A" nite:id="IDIAP_IS1006d_D.foa.250"/>
    <foa endtime="570.68" starttime="567.72" type="place" place="slide-screen" nite:id="IDIAP_IS1006d_D.foa.251"/>
    <foa endtime="571.8" starttime="570.68" type="person" role="PM" nxt_agent="A" nite:id="IDIAP_IS1006d_D.foa.252"/>
    <foa endtime="573.0" starttime="571.8" type="person" role="UI" nxt_agent="B" nite:id="IDIAP_IS1006d_D.foa.253"/>
    <foa endtime="573.64" starttime="573.0" type="person" role="ID" nxt_agent="C" nite:id="IDIAP_IS1006d_D.foa.254"/>
    <foa endtime="574.12" starttime="573.64" type="person" role="PM" nxt_agent="A" nite:id="IDIAP_IS1006d_D.foa.255"/>
    <foa endtime="576.44" starttime="574.12" type="place" place="slide-screen" nite:id="IDIAP_IS1006d_D.foa.256"/>
    <foa endtime="577.72" starttime="576.44" type="person" role="PM" nxt_agent="A" nite:id="IDIAP_IS1006d_D.foa.257"/>
    <foa endtime="579.88" starttime="577.72" type="place" place="slide-screen" nite:id="IDIAP_IS1006d_D.foa.258"/>
    <foa endtime="582.24" starttime="579.88" type="person" role="PM" nxt_agent="A" nite:id="IDIAP_IS1006d_D.foa.259"/>
    <foa endtime="583.04" starttime="582.24" type="place" place="slide-screen" nite:id="IDIAP_IS1006d_D.foa.260"/>
    <foa endtime="585.88" starttime="583.04" type="person" role="PM" nxt_agent="A" nite:id="IDIAP_IS1006d_D.foa.261"/>
    <foa endtime="588.88" starttime="585.88" type="place" place="slide-screen" nite:id="IDIAP_IS1006d_D.foa.262"/>
    <foa endtime="591.24" starttime="588.88" type="place" place="table" nite:id="IDIAP_IS1006d_D.foa.263"/>
    <foa endtime="592.08" starttime="591.24" type="person" role="UI" nxt_agent="B" nite:id="IDIAP_IS1006d_D.foa.264"/>
    <foa endtime="592.96" starttime="592.08" type="person" role="PM" nxt_agent="A" nite:id="IDIAP_IS1006d_D.foa.265"/>
    <foa endtime="593.84" starttime="592.96" type="person" role="UI" nxt_agent="B" nite:id="IDIAP_IS1006d_D.foa.266"/>
    <foa endtime="594.32" starttime="593.84" type="person" role="PM" nxt_agent="A" nite:id="IDIAP_IS1006d_D.foa.267"/>
    <foa endtime="600.36" starttime="594.32" type="place" place="slide-screen" nite:id="IDIAP_IS1006d_D.foa.268"/>
    <foa endtime="600.72" starttime="600.36" type="person" role="PM" nxt_agent="A" nite:id="IDIAP_IS1006d_D.foa.269"/>
    <foa endtime="605.12" starttime="600.72" type="place" place="slide-screen" nite:id="IDIAP_IS1006d_D.foa.270"/>
    <foa endtime="606.16" starttime="605.12" type="place" place="whiteboard" nite:id="IDIAP_IS1006d_D.foa.271"/>
    <foa endtime="607.2" starttime="606.16" type="place" place="slide-screen" nite:id="IDIAP_IS1006d_D.foa.272"/>
    <foa endtime="607.72" starttime="607.2" type="person" role="PM" nxt_agent="A" nite:id="IDIAP_IS1006d_D.foa.273"/>
    <foa endtime="608.24" starttime="607.72" type="person" role="UI" nxt_agent="B" nite:id="IDIAP_IS1006d_D.foa.274"/>
    <foa endtime="609.92" starttime="608.24" type="place" place="slide-screen" nite:id="IDIAP_IS1006d_D.foa.275"/>
    <foa endtime="629.16" starttime="609.92" type="place" place="whiteboard" nite:id="IDIAP_IS1006d_D.foa.276"/>
    <foa endtime="630.36" starttime="629.16" type="place" place="slide-screen" nite:id="IDIAP_IS1006d_D.foa.277"/>
    <foa endtime="631.4" starttime="630.36" type="place" place="table" nite:id="IDIAP_IS1006d_D.foa.278"/>
    <foa endtime="631.84" starttime="631.4" type="person" role="ID" nxt_agent="C" nite:id="IDIAP_IS1006d_D.foa.279"/>
    <foa endtime="632.84" starttime="631.84" type="place" place="table" nite:id="IDIAP_IS1006d_D.foa.280"/>
    <foa endtime="637.04" starttime="632.84" type="person" role="PM" nxt_agent="A" nite:id="IDIAP_IS1006d_D.foa.281"/>
    <foa endtime="637.24" starttime="637.04" type="place" place="slide-screen" nite:id="IDIAP_IS1006d_D.foa.282"/>
    <foa endtime="638.64" starttime="637.24" type="place" place="whiteboard" nite:id="IDIAP_IS1006d_D.foa.283"/>
    <foa endtime="641.88" starttime="638.64" type="place" place="table" nite:id="IDIAP_IS1006d_D.foa.284"/>
    <foa endtime="644.52" starttime="641.88" type="person" role="PM" nxt_agent="A" nite:id="IDIAP_IS1006d_D.foa.285"/>
    <foa endtime="645.8" starttime="644.52" type="person" role="UI" nxt_agent="B" nite:id="IDIAP_IS1006d_D.foa.286"/>
    <foa endtime="647.6" starttime="645.8" type="place" place="table" nite:id="IDIAP_IS1006d_D.foa.287"/>
    <foa endtime="648.32" starttime="647.6" type="person" role="UI" nxt_agent="B" nite:id="IDIAP_IS1006d_D.foa.288"/>
    <foa endtime="648.56" starttime="648.32" type="place" place="slide-screen" nite:id="IDIAP_IS1006d_D.foa.289"/>
    <foa endtime="649.04" starttime="648.56" type="place" place="whiteboard" nite:id="IDIAP_IS1006d_D.foa.290"/>
    <foa endtime="650.56" starttime="649.04" type="place" place="slide-screen" nite:id="IDIAP_IS1006d_D.foa.291"/>
    <foa endtime="658.16" starttime="650.56" type="person" role="UI" nxt_agent="B" nite:id="IDIAP_IS1006d_D.foa.292"/>
    <foa endtime="660.0" starttime="658.16" type="place" place="whiteboard" nite:id="IDIAP_IS1006d_D.foa.293"/>
    <foa endtime="661.6" starttime="660.0" type="person" role="PM" nxt_agent="A" nite:id="IDIAP_IS1006d_D.foa.294"/>
    <foa endtime="662.08" starttime="661.6" type="unspecified" nite:id="IDIAP_IS1006d_D.foa.295"/>
    <foa endtime="663.36" starttime="662.08" type="person" role="PM" nxt_agent="A" nite:id="IDIAP_IS1006d_D.foa.296"/>
    <foa endtime="664.0" starttime="663.36" type="place" place="slide-screen" nite:id="IDIAP_IS1006d_D.foa.297"/>
    <foa endtime="664.84" starttime="664.0" type="place" place="table" nite:id="IDIAP_IS1006d_D.foa.298"/>
    <foa endtime="665.04" starttime="664.84" type="place" place="slide-screen" nite:id="IDIAP_IS1006d_D.foa.299"/>
    <foa endtime="665.92" starttime="665.04" type="place" place="whiteboard" nite:id="IDIAP_IS1006d_D.foa.300"/>
    <foa endtime="667.6" starttime="665.92" type="place" place="table" nite:id="IDIAP_IS1006d_D.foa.301"/>
    <foa endtime="671.64" starttime="667.6" type="place" place="whiteboard" nite:id="IDIAP_IS1006d_D.foa.302"/>
    <foa endtime="671.76" starttime="671.64" type="place" place="slide-screen" nite:id="IDIAP_IS1006d_D.foa.303"/>
    <foa endtime="675.68" starttime="671.76" type="place" place="whiteboard" nite:id="IDIAP_IS1006d_D.foa.304"/>
    <foa endtime="676.08" starttime="675.68" type="place" place="slide-screen" nite:id="IDIAP_IS1006d_D.foa.305"/>
    <foa endtime="683.44" starttime="676.08" type="place" place="table" nite:id="IDIAP_IS1006d_D.foa.306"/>
    <foa endtime="684.48" starttime="683.44" type="place" place="slide-screen" nite:id="IDIAP_IS1006d_D.foa.307"/>
    <foa endtime="686.08" starttime="684.48" type="place" place="table" nite:id="IDIAP_IS1006d_D.foa.308"/>
    <foa endtime="688.0" starttime="686.08" type="place" place="slide-screen" nite:id="IDIAP_IS1006d_D.foa.309"/>
    <foa endtime="690.24" starttime="688.0" type="person" role="UI" nxt_agent="B" nite:id="IDIAP_IS1006d_D.foa.310"/>
    <foa endtime="690.52" starttime="690.24" type="person" role="PM" nxt_agent="A" nite:id="IDIAP_IS1006d_D.foa.311"/>
    <foa endtime="691.04" starttime="690.52" type="place" place="whiteboard" nite:id="IDIAP_IS1006d_D.foa.312"/>
    <foa endtime="691.32" starttime="691.04" type="place" place="slide-screen" nite:id="IDIAP_IS1006d_D.foa.313"/>
    <foa endtime="692.2" starttime="691.32" type="place" place="table" nite:id="IDIAP_IS1006d_D.foa.314"/>
    <foa endtime="694.32" starttime="692.2" type="place" place="whiteboard" nite:id="IDIAP_IS1006d_D.foa.315"/>
    <foa endtime="694.92" starttime="694.32" type="place" place="slide-screen" nite:id="IDIAP_IS1006d_D.foa.316"/>
    <foa endtime="698.92" starttime="694.92" type="place" place="whiteboard" nite:id="IDIAP_IS1006d_D.foa.317"/>
    <foa endtime="699.56" starttime="698.92" type="person" role="UI" nxt_agent="B" nite:id="IDIAP_IS1006d_D.foa.318"/>
    <foa endtime="700.92" starttime="699.56" type="person" role="PM" nxt_agent="A" nite:id="IDIAP_IS1006d_D.foa.319"/>
    <foa endtime="701.12" starttime="700.92" type="place" place="table" nite:id="IDIAP_IS1006d_D.foa.320"/>
    <foa endtime="702.12" starttime="701.12" type="person" role="UI" nxt_agent="B" nite:id="IDIAP_IS1006d_D.foa.321"/>
    <foa endtime="703.88" starttime="702.12" type="person" role="PM" nxt_agent="A" nite:id="IDIAP_IS1006d_D.foa.322"/>
    <foa endtime="709.08" starttime="703.88" type="place" place="table" nite:id="IDIAP_IS1006d_D.foa.323"/>
    <foa endtime="710.12" starttime="709.08" type="person" role="UI" nxt_agent="B" nite:id="IDIAP_IS1006d_D.foa.324"/>
    <foa endtime="710.96" starttime="710.12" type="unspecified" nite:id="IDIAP_IS1006d_D.foa.325"/>
    <foa endtime="711.76" starttime="710.96" type="person" role="PM" nxt_agent="A" nite:id="IDIAP_IS1006d_D.foa.326"/>
    <foa endtime="712.92" starttime="711.76" type="unspecified" nite:id="IDIAP_IS1006d_D.foa.327"/>
    <foa endtime="714.6" starttime="712.92" type="person" role="PM" nxt_agent="A" nite:id="IDIAP_IS1006d_D.foa.328"/>
    <foa endtime="717.48" starttime="714.6" type="unspecified" nite:id="IDIAP_IS1006d_D.foa.329"/>
    <foa endtime="718.6" starttime="717.48" type="person" role="PM" nxt_agent="A" nite:id="IDIAP_IS1006d_D.foa.330"/>
    <foa endtime="727.4" starttime="718.6" type="person" role="UI" nxt_agent="B" nite:id="IDIAP_IS1006d_D.foa.331"/>
    <foa endtime="727.68" starttime="727.4" type="place" place="slide-screen" nite:id="IDIAP_IS1006d_D.foa.332"/>
    <foa endtime="729.72" starttime="727.68" type="place" place="whiteboard" nite:id="IDIAP_IS1006d_D.foa.333"/>
    <foa endtime="730.12" starttime="729.72" type="place" place="slide-screen" nite:id="IDIAP_IS1006d_D.foa.334"/>
    <foa endtime="731.48" starttime="730.12" type="person" role="PM" nxt_agent="A" nite:id="IDIAP_IS1006d_D.foa.335"/>
    <foa endtime="731.68" starttime="731.48" type="place" place="slide-screen" nite:id="IDIAP_IS1006d_D.foa.336"/>
    <foa endtime="735.16" starttime="731.68" type="place" place="whiteboard" nite:id="IDIAP_IS1006d_D.foa.337"/>
    <foa endtime="735.72" starttime="735.16" type="place" place="slide-screen" nite:id="IDIAP_IS1006d_D.foa.338"/>
    <foa endtime="739.48" starttime="735.72" type="place" place="whiteboard" nite:id="IDIAP_IS1006d_D.foa.339"/>
    <foa endtime="744.48" starttime="739.48" type="place" place="table" nite:id="IDIAP_IS1006d_D.foa.340"/>
    <foa endtime="752.0" starttime="744.48" type="person" role="PM" nxt_agent="A" nite:id="IDIAP_IS1006d_D.foa.341"/>
    <foa endtime="759.0" starttime="752.0" type="person" role="ID" nxt_agent="C" nite:id="IDIAP_IS1006d_D.foa.342"/>
    <foa endtime="771.64" starttime="759.0" type="person" role="PM" nxt_agent="A" nite:id="IDIAP_IS1006d_D.foa.343"/>
    <foa endtime="773.52" starttime="771.64" type="person" role="UI" nxt_agent="B" nite:id="IDIAP_IS1006d_D.foa.344"/>
    <foa endtime="773.92" starttime="773.52" type="place" place="table" nite:id="IDIAP_IS1006d_D.foa.345"/>
    <foa endtime="774.76" starttime="773.92" type="person" role="ID" nxt_agent="C" nite:id="IDIAP_IS1006d_D.foa.346"/>
    <foa endtime="776.52" starttime="774.76" type="place" place="table" nite:id="IDIAP_IS1006d_D.foa.347"/>
    <foa endtime="777.12" starttime="776.52" type="person" role="PM" nxt_agent="A" nite:id="IDIAP_IS1006d_D.foa.348"/>
    <foa endtime="778.0" starttime="777.12" type="place" place="table" nite:id="IDIAP_IS1006d_D.foa.349"/>
    <foa endtime="808.88" starttime="778.0" type="person" role="UI" nxt_agent="B" nite:id="IDIAP_IS1006d_D.foa.350"/>
    <foa endtime="809.32" starttime="808.88" type="person" role="PM" nxt_agent="A" nite:id="IDIAP_IS1006d_D.foa.351"/>
    <foa endtime="810.6" starttime="809.32" type="person" role="ID" nxt_agent="C" nite:id="IDIAP_IS1006d_D.foa.352"/>
    <foa endtime="816.44" starttime="810.6" type="person" role="UI" nxt_agent="B" nite:id="IDIAP_IS1006d_D.foa.353"/>
    <foa endtime="816.76" starttime="816.44" type="place" place="slide-screen" nite:id="IDIAP_IS1006d_D.foa.354"/>
    <foa endtime="818.44" starttime="816.76" type="place" place="whiteboard" nite:id="IDIAP_IS1006d_D.foa.355"/>
    <foa endtime="818.96" starttime="818.44" type="place" place="slide-screen" nite:id="IDIAP_IS1006d_D.foa.356"/>
    <foa endtime="819.92" starttime="818.96" type="place" place="whiteboard" nite:id="IDIAP_IS1006d_D.foa.357"/>
    <foa endtime="821.0" starttime="819.92" type="person" role="PM" nxt_agent="A" nite:id="IDIAP_IS1006d_D.foa.358"/>
    <foa endtime="828.12" starttime="821.0" type="person" role="ID" nxt_agent="C" nite:id="IDIAP_IS1006d_D.foa.359"/>
    <foa endtime="832.12" starttime="828.12" type="place" place="table" nite:id="IDIAP_IS1006d_D.foa.360"/>
    <foa endtime="847.64" starttime="832.12" type="person" role="PM" nxt_agent="A" nite:id="IDIAP_IS1006d_D.foa.361"/>
    <foa endtime="849.76" starttime="847.64" type="place" place="slide-screen" nite:id="IDIAP_IS1006d_D.foa.362"/>
    <foa endtime="851.16" starttime="849.76" type="place" place="whiteboard" nite:id="IDIAP_IS1006d_D.foa.363"/>
    <foa endtime="851.76" starttime="851.16" type="place" place="slide-screen" nite:id="IDIAP_IS1006d_D.foa.364"/>
    <foa endtime="852.44" starttime="851.76" type="place" place="whiteboard" nite:id="IDIAP_IS1006d_D.foa.365"/>
    <foa endtime="855.92" starttime="852.44" type="person" role="PM" nxt_agent="A" nite:id="IDIAP_IS1006d_D.foa.366"/>
    <foa endtime="856.32" starttime="855.92" type="person" role="UI" nxt_agent="B" nite:id="IDIAP_IS1006d_D.foa.367"/>
    <foa endtime="856.64" starttime="856.32" type="place" place="slide-screen" nite:id="IDIAP_IS1006d_D.foa.368"/>
    <foa endtime="858.92" starttime="856.64" type="place" place="whiteboard" nite:id="IDIAP_IS1006d_D.foa.369"/>
    <foa endtime="859.48" starttime="858.92" type="person" role="ID" nxt_agent="C" nite:id="IDIAP_IS1006d_D.foa.370"/>
    <foa endtime="860.28" starttime="859.48" type="place" place="slide-screen" nite:id="IDIAP_IS1006d_D.foa.371"/>
    <foa endtime="863.8" starttime="860.28" type="place" place="whiteboard" nite:id="IDIAP_IS1006d_D.foa.372"/>
    <foa endtime="879.76" starttime="863.8" type="person" role="ID" nxt_agent="C" nite:id="IDIAP_IS1006d_D.foa.373"/>
    <foa endtime="884.92" starttime="879.76" type="person" role="UI" nxt_agent="B" nite:id="IDIAP_IS1006d_D.foa.374"/>
    <foa endtime="887.36" starttime="884.92" type="place" place="table" nite:id="IDIAP_IS1006d_D.foa.375"/>
    <foa endtime="888.68" starttime="887.36" type="person" role="UI" nxt_agent="B" nite:id="IDIAP_IS1006d_D.foa.376"/>
    <foa endtime="888.84" starttime="888.68" type="person" role="ID" nxt_agent="C" nite:id="IDIAP_IS1006d_D.foa.377"/>
    <foa endtime="889.68" starttime="888.84" type="person" role="PM" nxt_agent="A" nite:id="IDIAP_IS1006d_D.foa.378"/>
    <foa endtime="889.88" starttime="889.68" type="person" role="ID" nxt_agent="C" nite:id="IDIAP_IS1006d_D.foa.379"/>
    <foa endtime="890.8" starttime="889.88" type="person" role="UI" nxt_agent="B" nite:id="IDIAP_IS1006d_D.foa.380"/>
    <foa endtime="893.24" starttime="890.8" type="place" place="table" nite:id="IDIAP_IS1006d_D.foa.381"/>
    <foa endtime="894.88" starttime="893.24" type="person" role="ID" nxt_agent="C" nite:id="IDIAP_IS1006d_D.foa.382"/>
    <foa endtime="896.88" starttime="894.88" type="place" place="slide-screen" nite:id="IDIAP_IS1006d_D.foa.383"/>
    <foa endtime="898.44" starttime="896.88" type="place" place="table" nite:id="IDIAP_IS1006d_D.foa.384"/>
    <foa endtime="900.4" starttime="898.44" type="person" role="PM" nxt_agent="A" nite:id="IDIAP_IS1006d_D.foa.385"/>
    <foa endtime="902.84" starttime="900.4" type="place" place="whiteboard" nite:id="IDIAP_IS1006d_D.foa.386"/>
    <foa endtime="904.08" starttime="902.84" type="place" place="slide-screen" nite:id="IDIAP_IS1006d_D.foa.387"/>
    <foa endtime="909.76" starttime="904.08" type="place" place="whiteboard" nite:id="IDIAP_IS1006d_D.foa.388"/>
    <foa endtime="909.96" starttime="909.76" type="place" place="slide-screen" nite:id="IDIAP_IS1006d_D.foa.389"/>
    <foa endtime="913.72" starttime="909.96" type="place" place="table" nite:id="IDIAP_IS1006d_D.foa.390"/>
    <foa endtime="914.12" starttime="913.72" type="place" place="slide-screen" nite:id="IDIAP_IS1006d_D.foa.391"/>
    <foa endtime="925.72" starttime="914.12" type="place" place="table" nite:id="IDIAP_IS1006d_D.foa.392"/>
    <foa endtime="926.4" starttime="925.72" type="place" place="slide-screen" nite:id="IDIAP_IS1006d_D.foa.393"/>
    <foa endtime="929.44" starttime="926.4" type="place" place="whiteboard" nite:id="IDIAP_IS1006d_D.foa.394"/>
    <foa endtime="929.84" starttime="929.44" type="place" place="slide-screen" nite:id="IDIAP_IS1006d_D.foa.395"/>
    <foa endtime="930.76" starttime="929.84" type="person" role="PM" nxt_agent="A" nite:id="IDIAP_IS1006d_D.foa.396"/>
    <foa endtime="932.76" starttime="930.76" type="place" place="table" nite:id="IDIAP_IS1006d_D.foa.397"/>
    <foa endtime="934.4" starttime="932.76" type="person" role="PM" nxt_agent="A" nite:id="IDIAP_IS1006d_D.foa.398"/>
    <foa endtime="936.08" starttime="934.4" type="place" place="table" nite:id="IDIAP_IS1006d_D.foa.399"/>
    <foa endtime="943.2" starttime="936.08" type="person" role="PM" nxt_agent="A" nite:id="IDIAP_IS1006d_D.foa.400"/>
    <foa endtime="943.36" starttime="943.2" type="place" place="slide-screen" nite:id="IDIAP_IS1006d_D.foa.401"/>
    <foa endtime="944.6" starttime="943.36" type="place" place="whiteboard" nite:id="IDIAP_IS1006d_D.foa.402"/>
    <foa endtime="944.8" starttime="944.6" type="place" place="slide-screen" nite:id="IDIAP_IS1006d_D.foa.403"/>
    <foa endtime="951.64" starttime="944.8" type="person" role="PM" nxt_agent="A" nite:id="IDIAP_IS1006d_D.foa.404"/>
    <foa endtime="952.48" starttime="951.64" type="place" place="table" nite:id="IDIAP_IS1006d_D.foa.405"/>
    <foa endtime="961.64" starttime="952.48" type="person" role="PM" nxt_agent="A" nite:id="IDIAP_IS1006d_D.foa.406"/>
    <foa endtime="965.96" starttime="961.64" type="place" place="table" nite:id="IDIAP_IS1006d_D.foa.407"/>
    <foa endtime="966.8" starttime="965.96" type="person" role="PM" nxt_agent="A" nite:id="IDIAP_IS1006d_D.foa.408"/>
    <foa endtime="970.92" starttime="966.8" type="person" role="ID" nxt_agent="C" nite:id="IDIAP_IS1006d_D.foa.409"/>
    <foa endtime="973.16" starttime="970.92" type="place" place="table" nite:id="IDIAP_IS1006d_D.foa.410"/>
    <foa endtime="973.44" starttime="973.16" type="place" place="slide-screen" nite:id="IDIAP_IS1006d_D.foa.411"/>
    <foa endtime="974.48" starttime="973.44" type="place" place="whiteboard" nite:id="IDIAP_IS1006d_D.foa.412"/>
    <foa endtime="975.12" starttime="974.48" type="place" place="slide-screen" nite:id="IDIAP_IS1006d_D.foa.413"/>
    <foa endtime="982.32" starttime="975.12" type="place" place="table" nite:id="IDIAP_IS1006d_D.foa.414"/>
    <foa endtime="984.72" starttime="982.32" type="person" role="PM" nxt_agent="A" nite:id="IDIAP_IS1006d_D.foa.415"/>
    <foa endtime="985.0" starttime="984.72" type="place" place="slide-screen" nite:id="IDIAP_IS1006d_D.foa.416"/>
    <foa endtime="985.8" starttime="985.0" type="place" place="whiteboard" nite:id="IDIAP_IS1006d_D.foa.417"/>
    <foa endtime="986.64" starttime="985.8" type="place" place="slide-screen" nite:id="IDIAP_IS1006d_D.foa.418"/>
    <foa endtime="1003.12" starttime="986.64" type="person" role="PM" nxt_agent="A" nite:id="IDIAP_IS1006d_D.foa.419"/>
    <foa endtime="1005.64" starttime="1003.12" type="place" place="table" nite:id="IDIAP_IS1006d_D.foa.420"/>
    <foa endtime="1015.68" starttime="1005.64" type="person" role="UI" nxt_agent="B" nite:id="IDIAP_IS1006d_D.foa.421"/>
    <foa endtime="1016.12" starttime="1015.68" type="unspecified" nite:id="IDIAP_IS1006d_D.foa.422"/>
    <foa endtime="1016.32" starttime="1016.12" type="place" place="slide-screen" nite:id="IDIAP_IS1006d_D.foa.423"/>
    <foa endtime="1017.24" starttime="1016.32" type="place" place="whiteboard" nite:id="IDIAP_IS1006d_D.foa.424"/>
    <foa endtime="1017.88" starttime="1017.24" type="place" place="slide-screen" nite:id="IDIAP_IS1006d_D.foa.425"/>
    <foa endtime="1018.2" starttime="1017.88" type="person" role="PM" nxt_agent="A" nite:id="IDIAP_IS1006d_D.foa.426"/>
    <foa endtime="1020.48" starttime="1018.2" type="place" place="slide-screen" nite:id="IDIAP_IS1006d_D.foa.427"/>
    <foa endtime="1021.2" starttime="1020.48" type="person" role="PM" nxt_agent="A" nite:id="IDIAP_IS1006d_D.foa.428"/>
    <foa endtime="1026.8" starttime="1021.2" type="place" place="table" nite:id="IDIAP_IS1006d_D.foa.429"/>
    <foa endtime="1027.2" starttime="1026.8" type="place" place="slide-screen" nite:id="IDIAP_IS1006d_D.foa.430"/>
    <foa endtime="1029.36" starttime="1027.2" type="place" place="whiteboard" nite:id="IDIAP_IS1006d_D.foa.431"/>
    <foa endtime="1030.24" starttime="1029.36" type="place" place="slide-screen" nite:id="IDIAP_IS1006d_D.foa.432"/>
    <foa endtime="1032.48" starttime="1030.24" type="person" role="PM" nxt_agent="A" nite:id="IDIAP_IS1006d_D.foa.433"/>
    <foa endtime="1033.24" starttime="1032.48" type="place" place="whiteboard" nite:id="IDIAP_IS1006d_D.foa.434"/>
    <foa endtime="1033.56" starttime="1033.24" type="unspecified" nite:id="IDIAP_IS1006d_D.foa.435"/>
    <foa endtime="1036.88" starttime="1033.56" type="place" place="table" nite:id="IDIAP_IS1006d_D.foa.436"/>
    <foa endtime="1037.08" starttime="1036.88" type="place" place="slide-screen" nite:id="IDIAP_IS1006d_D.foa.437"/>
    <foa endtime="1037.4" starttime="1037.08" type="place" place="whiteboard" nite:id="IDIAP_IS1006d_D.foa.438"/>
    <foa endtime="1037.72" starttime="1037.4" type="place" place="slide-screen" nite:id="IDIAP_IS1006d_D.foa.439"/>
    <foa endtime="1038.0" starttime="1037.72" type="place" place="table" nite:id="IDIAP_IS1006d_D.foa.440"/>
    <foa endtime="1038.64" starttime="1038.0" type="person" role="UI" nxt_agent="B" nite:id="IDIAP_IS1006d_D.foa.441"/>
    <foa endtime="1039.04" starttime="1038.64" type="person" role="PM" nxt_agent="A" nite:id="IDIAP_IS1006d_D.foa.442"/>
    <foa endtime="1047.48" starttime="1039.04" type="place" place="whiteboard" nite:id="IDIAP_IS1006d_D.foa.443"/>
    <foa endtime="1047.84" starttime="1047.48" type="place" place="slide-screen" nite:id="IDIAP_IS1006d_D.foa.444"/>
    <foa endtime="1052.6" starttime="1047.84" type="place" place="table" nite:id="IDIAP_IS1006d_D.foa.445"/>
    <foa endtime="1063.48" starttime="1052.6" type="person" role="UI" nxt_agent="B" nite:id="IDIAP_IS1006d_D.foa.446"/>
    <foa endtime="1063.96" starttime="1063.48" type="person" role="ID" nxt_agent="C" nite:id="IDIAP_IS1006d_D.foa.447"/>
    <foa endtime="1067.76" starttime="1063.96" type="person" role="UI" nxt_agent="B" nite:id="IDIAP_IS1006d_D.foa.448"/>
    <foa endtime="1069.16" starttime="1067.76" type="person" role="PM" nxt_agent="A" nite:id="IDIAP_IS1006d_D.foa.449"/>
    <foa endtime="1070.0" starttime="1069.16" type="place" place="slide-screen" nite:id="IDIAP_IS1006d_D.foa.450"/>
    <foa endtime="1070.52" starttime="1070.0" type="place" place="whiteboard" nite:id="IDIAP_IS1006d_D.foa.451"/>
    <foa endtime="1071.04" starttime="1070.52" type="person" role="PM" nxt_agent="A" nite:id="IDIAP_IS1006d_D.foa.452"/>
    <foa endtime="1072.12" starttime="1071.04" type="place" place="whiteboard" nite:id="IDIAP_IS1006d_D.foa.453"/>
    <foa endtime="1072.28" starttime="1072.12" type="place" place="slide-screen" nite:id="IDIAP_IS1006d_D.foa.454"/>
    <foa endtime="1073.8" starttime="1072.28" type="person" role="UI" nxt_agent="B" nite:id="IDIAP_IS1006d_D.foa.455"/>
    <foa endtime="1076.08" starttime="1073.8" type="place" place="table" nite:id="IDIAP_IS1006d_D.foa.456"/>
    <foa endtime="1077.04" starttime="1076.08" type="person" role="UI" nxt_agent="B" nite:id="IDIAP_IS1006d_D.foa.457"/>
    <foa endtime="1077.28" starttime="1077.04" type="person" role="PM" nxt_agent="A" nite:id="IDIAP_IS1006d_D.foa.458"/>
    <foa endtime="1077.6" starttime="1077.28" type="place" place="slide-screen" nite:id="IDIAP_IS1006d_D.foa.459"/>
    <foa endtime="1088.16" starttime="1077.6" type="place" place="whiteboard" nite:id="IDIAP_IS1006d_D.foa.460"/>
    <foa endtime="1088.96" starttime="1088.16" type="person" role="UI" nxt_agent="B" nite:id="IDIAP_IS1006d_D.foa.461"/>
    <foa endtime="1090.64" starttime="1088.96" type="place" place="whiteboard" nite:id="IDIAP_IS1006d_D.foa.462"/>
    <foa endtime="1091.68" starttime="1090.64" type="person" role="UI" nxt_agent="B" nite:id="IDIAP_IS1006d_D.foa.463"/>
    <foa endtime="1095.32" starttime="1091.68" type="place" place="whiteboard" nite:id="IDIAP_IS1006d_D.foa.464"/>
    <foa endtime="1095.56" starttime="1095.32" type="place" place="slide-screen" nite:id="IDIAP_IS1006d_D.foa.465"/>
    <foa endtime="1097.52" starttime="1095.56" type="place" place="whiteboard" nite:id="IDIAP_IS1006d_D.foa.466"/>
    <foa endtime="1098.24" starttime="1097.52" type="person" role="PM" nxt_agent="A" nite:id="IDIAP_IS1006d_D.foa.467"/>
    <foa endtime="1100.6" starttime="1098.24" type="place" place="slide-screen" nite:id="IDIAP_IS1006d_D.foa.468"/>
    <foa endtime="1103.08" starttime="1100.6" type="person" role="PM" nxt_agent="A" nite:id="IDIAP_IS1006d_D.foa.469"/>
    <foa endtime="1103.6" starttime="1103.08" type="place" place="slide-screen" nite:id="IDIAP_IS1006d_D.foa.470"/>
    <foa endtime="1104.2" starttime="1103.6" type="place" place="whiteboard" nite:id="IDIAP_IS1006d_D.foa.471"/>
    <foa endtime="1105.44" starttime="1104.2" type="place" place="slide-screen" nite:id="IDIAP_IS1006d_D.foa.472"/>
    <foa endtime="1106.96" starttime="1105.44" type="person" role="PM" nxt_agent="A" nite:id="IDIAP_IS1006d_D.foa.473"/>
    <foa endtime="1108.0" starttime="1106.96" type="person" role="UI" nxt_agent="B" nite:id="IDIAP_IS1006d_D.foa.474"/>
    <foa endtime="1108.2" starttime="1108.0" type="person" role="PM" nxt_agent="A" nite:id="IDIAP_IS1006d_D.foa.475"/>
    <foa endtime="1108.68" starttime="1108.2" type="place" place="slide-screen" nite:id="IDIAP_IS1006d_D.foa.476"/>
    <foa endtime="1110.56" starttime="1108.68" type="person" role="PM" nxt_agent="A" nite:id="IDIAP_IS1006d_D.foa.477"/>
    <foa endtime="1112.4" starttime="1110.56" type="place" place="table" nite:id="IDIAP_IS1006d_D.foa.478"/>
    <foa endtime="1112.6" starttime="1112.4" type="place" place="slide-screen" nite:id="IDIAP_IS1006d_D.foa.479"/>
    <foa endtime="1114.28" starttime="1112.6" type="place" place="whiteboard" nite:id="IDIAP_IS1006d_D.foa.480"/>
    <foa endtime="1119.6" starttime="1114.28" type="unspecified" nite:id="IDIAP_IS1006d_D.foa.481"/>
    <foa endtime="1122.2" starttime="1119.6" type="place" place="table" nite:id="IDIAP_IS1006d_D.foa.482"/>
    <foa endtime="1122.72" starttime="1122.2" type="person" role="PM" nxt_agent="A" nite:id="IDIAP_IS1006d_D.foa.483"/>
    <foa endtime="1124.16" starttime="1122.72" type="place" place="table" nite:id="IDIAP_IS1006d_D.foa.484"/>
    <foa endtime="1150.16" starttime="1124.16" type="place" place="slide-screen" nite:id="IDIAP_IS1006d_D.foa.485"/>
    <foa endtime="1151.12" starttime="1150.16" type="person" role="PM" nxt_agent="A" nite:id="IDIAP_IS1006d_D.foa.486"/>
    <foa endtime="1151.88" starttime="1151.12" type="place" place="slide-screen" nite:id="IDIAP_IS1006d_D.foa.487"/>
    <foa endtime="1152.36" starttime="1151.88" type="person" role="PM" nxt_agent="A" nite:id="IDIAP_IS1006d_D.foa.488"/>
    <foa endtime="1153.4" starttime="1152.36" type="person" role="ID" nxt_agent="C" nite:id="IDIAP_IS1006d_D.foa.489"/>
    <foa endtime="1154.36" starttime="1153.4" type="person" role="PM" nxt_agent="A" nite:id="IDIAP_IS1006d_D.foa.490"/>
    <foa endtime="1159.52" starttime="1154.36" type="place" place="slide-screen" nite:id="IDIAP_IS1006d_D.foa.491"/>
    <foa endtime="1160.64" starttime="1159.52" type="person" role="PM" nxt_agent="A" nite:id="IDIAP_IS1006d_D.foa.492"/>
    <foa endtime="1161.72" starttime="1160.64" type="place" place="slide-screen" nite:id="IDIAP_IS1006d_D.foa.493"/>
    <foa endtime="1163.24" starttime="1161.72" type="person" role="UI" nxt_agent="B" nite:id="IDIAP_IS1006d_D.foa.494"/>
    <foa endtime="1164.68" starttime="1163.24" type="person" role="UI" nxt_agent="B" nite:id="IDIAP_IS1006d_D.foa.495"/>
    <foa endtime="1165.96" starttime="1164.68" type="person" role="PM" nxt_agent="A" nite:id="IDIAP_IS1006d_D.foa.496"/>
    <foa endtime="1169.4" starttime="1165.96" type="person" role="UI" nxt_agent="B" nite:id="IDIAP_IS1006d_D.foa.497"/>
    <foa endtime="1171.28" starttime="1169.4" type="place" place="slide-screen" nite:id="IDIAP_IS1006d_D.foa.498"/>
    <foa endtime="1172.0" starttime="1171.28" type="person" role="PM" nxt_agent="A" nite:id="IDIAP_IS1006d_D.foa.499"/>
    <foa endtime="1173.88" starttime="1172.0" type="place" place="slide-screen" nite:id="IDIAP_IS1006d_D.foa.500"/>
    <foa endtime="1176.56" starttime="1173.88" type="person" role="UI" nxt_agent="B" nite:id="IDIAP_IS1006d_D.foa.501"/>
    <foa endtime="1181.76" starttime="1176.56" type="place" place="slide-screen" nite:id="IDIAP_IS1006d_D.foa.502"/>
    <foa endtime="1182.52" starttime="1181.76" type="person" role="ID" nxt_agent="C" nite:id="IDIAP_IS1006d_D.foa.503"/>
    <foa endtime="1189.08" starttime="1182.52" type="place" place="slide-screen" nite:id="IDIAP_IS1006d_D.foa.504"/>
    <foa endtime="1189.88" starttime="1189.08" type="person" role="ID" nxt_agent="C" nite:id="IDIAP_IS1006d_D.foa.505"/>
    <foa endtime="1201.72" starttime="1189.88" type="place" place="slide-screen" nite:id="IDIAP_IS1006d_D.foa.506"/>
    <foa endtime="1204.0" starttime="1201.72" type="place" place="table" nite:id="IDIAP_IS1006d_D.foa.507"/>
    <foa endtime="1208.44" starttime="1204.0" type="place" place="slide-screen" nite:id="IDIAP_IS1006d_D.foa.508"/>
    <foa endtime="1209.56" starttime="1208.44" type="person" role="UI" nxt_agent="B" nite:id="IDIAP_IS1006d_D.foa.509"/>
    <foa endtime="1210.52" starttime="1209.56" type="person" role="PM" nxt_agent="A" nite:id="IDIAP_IS1006d_D.foa.510"/>
    <foa endtime="1211.28" starttime="1210.52" type="place" place="table" nite:id="IDIAP_IS1006d_D.foa.511"/>
    <foa endtime="1212.68" starttime="1211.28" type="place" place="slide-screen" nite:id="IDIAP_IS1006d_D.foa.512"/>
    <foa endtime="1213.2" starttime="1212.68" type="person" role="UI" nxt_agent="B" nite:id="IDIAP_IS1006d_D.foa.513"/>
    <foa endtime="1214.36" starttime="1213.2" type="place" place="table" nite:id="IDIAP_IS1006d_D.foa.514"/>
    <foa endtime="1225.68" starttime="1214.36" type="place" place="slide-screen" nite:id="IDIAP_IS1006d_D.foa.515"/>
    <foa endtime="1226.44" starttime="1225.68" type="person" role="PM" nxt_agent="A" nite:id="IDIAP_IS1006d_D.foa.516"/>
    <foa endtime="1227.28" starttime="1226.44" type="place" place="slide-screen" nite:id="IDIAP_IS1006d_D.foa.517"/>
    <foa endtime="1227.52" starttime="1227.28" type="person" role="UI" nxt_agent="B" nite:id="IDIAP_IS1006d_D.foa.518"/>
    <foa endtime="1298.0" starttime="1227.52" type="place" place="slide-screen" nite:id="IDIAP_IS1006d_D.foa.519"/>
    <foa endtime="1300.64" starttime="1298.0" type="place" place="table" nite:id="IDIAP_IS1006d_D.foa.520"/>
    <foa endtime="1301.12" starttime="1300.64" type="person" role="ID" nxt_agent="C" nite:id="IDIAP_IS1006d_D.foa.521"/>
    <foa endtime="1303.88" starttime="1301.12" type="place" place="slide-screen" nite:id="IDIAP_IS1006d_D.foa.522"/>
    <foa endtime="1304.84" starttime="1303.88" type="person" role="PM" nxt_agent="A" nite:id="IDIAP_IS1006d_D.foa.523"/>
    <foa endtime="1309.28" starttime="1304.84" type="place" place="slide-screen" nite:id="IDIAP_IS1006d_D.foa.524"/>
    <foa endtime="1309.68" starttime="1309.28" type="person" role="PM" nxt_agent="A" nite:id="IDIAP_IS1006d_D.foa.525"/>
    <foa endtime="1315.12" starttime="1309.68" type="place" place="table" nite:id="IDIAP_IS1006d_D.foa.526"/>
    <foa endtime="1322.4" starttime="1315.12" type="person" role="PM" nxt_agent="A" nite:id="IDIAP_IS1006d_D.foa.527"/>
    <foa endtime="1323.52" starttime="1322.4" type="person" role="ID" nxt_agent="C" nite:id="IDIAP_IS1006d_D.foa.528"/>
    <foa endtime="1326.52" starttime="1323.52" type="person" role="PM" nxt_agent="A" nite:id="IDIAP_IS1006d_D.foa.529"/>
    <foa endtime="1346.16" starttime="1326.52" type="place" place="slide-screen" nite:id="IDIAP_IS1006d_D.foa.530"/>
    <foa endtime="1346.72" starttime="1346.16" type="person" role="PM" nxt_agent="A" nite:id="IDIAP_IS1006d_D.foa.531"/>
    <foa endtime="1354.36" starttime="1346.72" type="place" place="slide-screen" nite:id="IDIAP_IS1006d_D.foa.532"/>
    <foa endtime="1355.68" starttime="1354.36" type="person" role="UI" nxt_agent="B" nite:id="IDIAP_IS1006d_D.foa.533"/>
    <foa endtime="1359.28" starttime="1355.68" type="place" place="slide-screen" nite:id="IDIAP_IS1006d_D.foa.534"/>
    <foa endtime="1360.28" starttime="1359.28" type="person" role="PM" nxt_agent="A" nite:id="IDIAP_IS1006d_D.foa.535"/>
    <foa endtime="1365.08" starttime="1360.28" type="place" place="slide-screen" nite:id="IDIAP_IS1006d_D.foa.536"/>
    <foa endtime="1366.56" starttime="1365.08" type="person" role="PM" nxt_agent="A" nite:id="IDIAP_IS1006d_D.foa.537"/>
    <foa endtime="1367.28" starttime="1366.56" type="place" place="table" nite:id="IDIAP_IS1006d_D.foa.538"/>
    <foa endtime="1368.72" starttime="1367.28" type="person" role="PM" nxt_agent="A" nite:id="IDIAP_IS1006d_D.foa.539"/>
    <foa endtime="1369.76" starttime="1368.72" type="place" place="table" nite:id="IDIAP_IS1006d_D.foa.540"/>
    <foa endtime="1371.96" starttime="1369.76" type="place" place="slide-screen" nite:id="IDIAP_IS1006d_D.foa.541"/>
    <foa endtime="1373.76" starttime="1371.96" type="person" role="ID" nxt_agent="C" nite:id="IDIAP_IS1006d_D.foa.542"/>
    <foa endtime="1376.24" starttime="1373.76" type="place" place="table" nite:id="IDIAP_IS1006d_D.foa.543"/>
    <foa endtime="1378.08" starttime="1376.24" type="person" role="PM" nxt_agent="A" nite:id="IDIAP_IS1006d_D.foa.544"/>
    <foa endtime="1379.96" starttime="1378.08" type="place" place="slide-screen" nite:id="IDIAP_IS1006d_D.foa.545"/>
    <foa endtime="1381.24" starttime="1379.96" type="person" role="PM" nxt_agent="A" nite:id="IDIAP_IS1006d_D.foa.546"/>
    <foa endtime="1383.6" starttime="1381.24" type="place" place="slide-screen" nite:id="IDIAP_IS1006d_D.foa.547"/>
    <foa endtime="1385.12" starttime="1383.6" type="person" role="PM" nxt_agent="A" nite:id="IDIAP_IS1006d_D.foa.548"/>
    <foa endtime="1385.6" starttime="1385.12" type="place" place="slide-screen" nite:id="IDIAP_IS1006d_D.foa.549"/>
    <foa endtime="1387.0" starttime="1385.6" type="person" role="PM" nxt_agent="A" nite:id="IDIAP_IS1006d_D.foa.550"/>
    <foa endtime="1387.92" starttime="1387.0" type="place" place="slide-screen" nite:id="IDIAP_IS1006d_D.foa.551"/>
    <foa endtime="1389.92" starttime="1387.92" type="person" role="PM" nxt_agent="A" nite:id="IDIAP_IS1006d_D.foa.552"/>
    <foa endtime="1393.64" starttime="1389.92" type="place" place="slide-screen" nite:id="IDIAP_IS1006d_D.foa.553"/>
    <foa endtime="1395.16" starttime="1393.64" type="person" role="PM" nxt_agent="A" nite:id="IDIAP_IS1006d_D.foa.554"/>
    <foa endtime="1416.64" starttime="1395.16" type="place" place="slide-screen" nite:id="IDIAP_IS1006d_D.foa.555"/>
    <foa endtime="1433.84" starttime="1416.64" type="person" role="UI" nxt_agent="B" nite:id="IDIAP_IS1006d_D.foa.556"/>
    <foa endtime="1445.8" starttime="1433.84" type="place" place="slide-screen" nite:id="IDIAP_IS1006d_D.foa.557"/>
    <foa endtime="1446.44" starttime="1445.8" type="person" role="PM" nxt_agent="A" nite:id="IDIAP_IS1006d_D.foa.558"/>
    <foa endtime="1446.8" starttime="1446.44" type="place" place="slide-screen" nite:id="IDIAP_IS1006d_D.foa.559"/>
    <foa endtime="1447.36" starttime="1446.8" type="person" role="UI" nxt_agent="B" nite:id="IDIAP_IS1006d_D.foa.560"/>
    <foa endtime="1473.56" starttime="1447.36" type="place" place="slide-screen" nite:id="IDIAP_IS1006d_D.foa.561"/>
    <foa endtime="1475.0" starttime="1473.56" type="person" role="UI" nxt_agent="B" nite:id="IDIAP_IS1006d_D.foa.562"/>
    <foa endtime="1475.56" starttime="1475.0" type="place" place="slide-screen" nite:id="IDIAP_IS1006d_D.foa.563"/>
    <foa endtime="1477.0" starttime="1475.56" type="person" role="UI" nxt_agent="B" nite:id="IDIAP_IS1006d_D.foa.564"/>
    <foa endtime="1512.2" starttime="1477.0" type="place" place="slide-screen" nite:id="IDIAP_IS1006d_D.foa.565"/>
    <foa endtime="1513.08" starttime="1512.2" type="person" role="PM" nxt_agent="A" nite:id="IDIAP_IS1006d_D.foa.566"/>
    <foa endtime="1514.32" starttime="1513.08" type="place" place="slide-screen" nite:id="IDIAP_IS1006d_D.foa.567"/>
    <foa endtime="1515.6" starttime="1514.32" type="person" role="PM" nxt_agent="A" nite:id="IDIAP_IS1006d_D.foa.568"/>
    <foa endtime="1516.16" starttime="1515.6" type="person" role="ID" nxt_agent="C" nite:id="IDIAP_IS1006d_D.foa.569"/>
    <foa endtime="1516.92" starttime="1516.16" type="place" place="slide-screen" nite:id="IDIAP_IS1006d_D.foa.570"/>
    <foa endtime="1529.72" starttime="1516.92" type="place" place="slide-screen" nite:id="IDIAP_IS1006d_D.foa.571"/>
    <foa endtime="1530.24" starttime="1529.72" type="person" role="PM" nxt_agent="A" nite:id="IDIAP_IS1006d_D.foa.572"/>
    <foa endtime="1532.12" starttime="1530.24" type="place" place="slide-screen" nite:id="IDIAP_IS1006d_D.foa.573"/>
    <foa endtime="1534.04" starttime="1532.12" type="person" role="UI" nxt_agent="B" nite:id="IDIAP_IS1006d_D.foa.574"/>
    <foa endtime="1536.16" starttime="1534.04" type="place" place="slide-screen" nite:id="IDIAP_IS1006d_D.foa.575"/>
    <foa endtime="1537.2" starttime="1536.16" type="person" role="ID" nxt_agent="C" nite:id="IDIAP_IS1006d_D.foa.576"/>
    <foa endtime="1540.36" starttime="1537.2" type="person" role="PM" nxt_agent="A" nite:id="IDIAP_IS1006d_D.foa.577"/>
    <foa endtime="1540.84" starttime="1540.36" type="person" role="ID" nxt_agent="C" nite:id="IDIAP_IS1006d_D.foa.578"/>
    <foa endtime="1541.72" starttime="1540.84" type="person" role="PM" nxt_agent="A" nite:id="IDIAP_IS1006d_D.foa.579"/>
    <foa endtime="1549.48" starttime="1541.72" type="place" place="table" nite:id="IDIAP_IS1006d_D.foa.580"/>
    <foa endtime="1550.0" starttime="1549.48" type="person" role="PM" nxt_agent="A" nite:id="IDIAP_IS1006d_D.foa.581"/>
    <foa endtime="1551.76" starttime="1550.0" type="place" place="table" nite:id="IDIAP_IS1006d_D.foa.582"/>
    <foa endtime="1556.56" starttime="1551.76" type="place" place="slide-screen" nite:id="IDIAP_IS1006d_D.foa.583"/>
    <foa endtime="1557.8" starttime="1556.56" type="person" role="ID" nxt_agent="C" nite:id="IDIAP_IS1006d_D.foa.584"/>
    <foa endtime="1558.72" starttime="1557.8" type="place" place="table" nite:id="IDIAP_IS1006d_D.foa.585"/>
    <foa endtime="1559.8" starttime="1558.72" type="person" role="ID" nxt_agent="C" nite:id="IDIAP_IS1006d_D.foa.586"/>
    <foa endtime="1560.88" starttime="1559.8" type="place" place="table" nite:id="IDIAP_IS1006d_D.foa.587"/>
    <foa endtime="1562.28" starttime="1560.88" type="person" role="PM" nxt_agent="A" nite:id="IDIAP_IS1006d_D.foa.588"/>
    <foa endtime="1563.36" starttime="1562.28" type="person" role="UI" nxt_agent="B" nite:id="IDIAP_IS1006d_D.foa.589"/>
    <foa endtime="1564.64" starttime="1563.36" type="place" place="table" nite:id="IDIAP_IS1006d_D.foa.590"/>
    <foa endtime="1565.36" starttime="1564.64" type="person" role="UI" nxt_agent="B" nite:id="IDIAP_IS1006d_D.foa.591"/>
    <foa endtime="1565.68" starttime="1565.36" type="place" place="slide-screen" nite:id="IDIAP_IS1006d_D.foa.592"/>
    <foa endtime="1567.44" starttime="1565.68" type="person" role="PM" nxt_agent="A" nite:id="IDIAP_IS1006d_D.foa.593"/>
    <foa endtime="1568.8" starttime="1567.44" type="place" place="slide-screen" nite:id="IDIAP_IS1006d_D.foa.594"/>
    <foa endtime="1569.44" starttime="1568.8" type="person" role="UI" nxt_agent="B" nite:id="IDIAP_IS1006d_D.foa.595"/>
    <foa endtime="1570.84" starttime="1569.44" type="person" role="PM" nxt_agent="A" nite:id="IDIAP_IS1006d_D.foa.596"/>
    <foa endtime="1575.88" starttime="1570.84" type="place" place="slide-screen" nite:id="IDIAP_IS1006d_D.foa.597"/>
    <foa endtime="1576.56" starttime="1575.88" type="person" role="UI" nxt_agent="B" nite:id="IDIAP_IS1006d_D.foa.598"/>
    <foa endtime="1577.48" starttime="1576.56" type="place" place="slide-screen" nite:id="IDIAP_IS1006d_D.foa.599"/>
    <foa endtime="1582.12" starttime="1577.48" type="place" place="table" nite:id="IDIAP_IS1006d_D.foa.600"/>
    <foa endtime="1586.56" starttime="1582.12" type="place" place="slide-screen" nite:id="IDIAP_IS1006d_D.foa.601"/>
    <foa endtime="1587.52" starttime="1586.56" type="person" role="PM" nxt_agent="A" nite:id="IDIAP_IS1006d_D.foa.602"/>
    <foa endtime="1587.92" starttime="1587.52" type="place" place="table" nite:id="IDIAP_IS1006d_D.foa.603"/>
    <foa endtime="1588.28" starttime="1587.92" type="person" role="ID" nxt_agent="C" nite:id="IDIAP_IS1006d_D.foa.604"/>
    <foa endtime="1589.28" starttime="1588.28" type="place" place="table" nite:id="IDIAP_IS1006d_D.foa.605"/>
    <foa endtime="1618.88" starttime="1589.28" type="place" place="slide-screen" nite:id="IDIAP_IS1006d_D.foa.606"/>
    <foa endtime="1621.12" starttime="1618.88" type="person" role="PM" nxt_agent="A" nite:id="IDIAP_IS1006d_D.foa.607"/>
    <foa endtime="1623.88" starttime="1621.12" type="place" place="slide-screen" nite:id="IDIAP_IS1006d_D.foa.608"/>
    <foa endtime="1625.4" starttime="1623.88" type="person" role="PM" nxt_agent="A" nite:id="IDIAP_IS1006d_D.foa.609"/>
    <foa endtime="1626.72" starttime="1625.4" type="place" place="slide-screen" nite:id="IDIAP_IS1006d_D.foa.610"/>
    <foa endtime="1629.88" starttime="1626.72" type="person" role="UI" nxt_agent="B" nite:id="IDIAP_IS1006d_D.foa.611"/>
    <foa endtime="1632.44" starttime="1629.88" type="place" place="slide-screen" nite:id="IDIAP_IS1006d_D.foa.612"/>
    <foa endtime="1633.8" starttime="1632.44" type="person" role="PM" nxt_agent="A" nite:id="IDIAP_IS1006d_D.foa.613"/>
    <foa endtime="1638.12" starttime="1633.8" type="place" place="slide-screen" nite:id="IDIAP_IS1006d_D.foa.614"/>
    <foa endtime="1638.88" starttime="1638.12" type="person" role="UI" nxt_agent="B" nite:id="IDIAP_IS1006d_D.foa.615"/>
    <foa endtime="1640.76" starttime="1638.88" type="place" place="slide-screen" nite:id="IDIAP_IS1006d_D.foa.616"/>
    <foa endtime="1641.36" starttime="1640.76" type="person" role="PM" nxt_agent="A" nite:id="IDIAP_IS1006d_D.foa.617"/>
    <foa endtime="1642.16" starttime="1641.36" type="place" place="slide-screen" nite:id="IDIAP_IS1006d_D.foa.618"/>
    <foa endtime="1644.28" starttime="1642.16" type="person" role="UI" nxt_agent="B" nite:id="IDIAP_IS1006d_D.foa.619"/>
    <foa endtime="1647.04" starttime="1644.28" type="place" place="table" nite:id="IDIAP_IS1006d_D.foa.620"/>
    <foa endtime="1648.24" starttime="1647.04" type="person" role="PM" nxt_agent="A" nite:id="IDIAP_IS1006d_D.foa.621"/>
    <foa endtime="1648.44" starttime="1648.24" type="place" place="table" nite:id="IDIAP_IS1006d_D.foa.622"/>
    <foa endtime="1654.0" starttime="1648.44" type="place" place="slide-screen" nite:id="IDIAP_IS1006d_D.foa.623"/>
    <foa endtime="1654.52" starttime="1654.0" type="person" role="PM" nxt_agent="A" nite:id="IDIAP_IS1006d_D.foa.624"/>
    <foa endtime="1655.6" starttime="1654.52" type="person" role="ID" nxt_agent="C" nite:id="IDIAP_IS1006d_D.foa.625"/>
    <foa endtime="1656.12" starttime="1655.6" type="place" place="table" nite:id="IDIAP_IS1006d_D.foa.626"/>
    <foa endtime="1657.12" starttime="1656.12" type="place" place="slide-screen" nite:id="IDIAP_IS1006d_D.foa.627"/>
    <foa endtime="1661.0" starttime="1657.12" type="person" role="UI" nxt_agent="B" nite:id="IDIAP_IS1006d_D.foa.628"/>
    <foa endtime="1667.52" starttime="1661.0" type="place" place="slide-screen" nite:id="IDIAP_IS1006d_D.foa.629"/>
    <foa endtime="1670.56" starttime="1667.52" type="person" role="UI" nxt_agent="B" nite:id="IDIAP_IS1006d_D.foa.630"/>
    <foa endtime="1671.96" starttime="1670.56" type="place" place="slide-screen" nite:id="IDIAP_IS1006d_D.foa.631"/>
    <foa endtime="1672.36" starttime="1671.96" type="person" role="UI" nxt_agent="B" nite:id="IDIAP_IS1006d_D.foa.632"/>
    <foa endtime="1674.56" starttime="1672.36" type="place" place="slide-screen" nite:id="IDIAP_IS1006d_D.foa.633"/>
    <foa endtime="1677.76" starttime="1674.56" type="place" place="table" nite:id="IDIAP_IS1006d_D.foa.634"/>
    <foa endtime="1681.28" starttime="1677.76" type="place" place="slide-screen" nite:id="IDIAP_IS1006d_D.foa.635"/>
    <foa endtime="1683.32" starttime="1681.28" type="person" role="PM" nxt_agent="A" nite:id="IDIAP_IS1006d_D.foa.636"/>
    <foa endtime="1683.96" starttime="1683.32" type="place" place="slide-screen" nite:id="IDIAP_IS1006d_D.foa.637"/>
    <foa endtime="1684.68" starttime="1683.96" type="place" place="table" nite:id="IDIAP_IS1006d_D.foa.638"/>
    <foa endtime="1685.68" starttime="1684.68" type="place" place="slide-screen" nite:id="IDIAP_IS1006d_D.foa.639"/>
    <foa endtime="1687.04" starttime="1685.68" type="person" role="PM" nxt_agent="A" nite:id="IDIAP_IS1006d_D.foa.640"/>
    <foa endtime="1687.72" starttime="1687.04" type="place" place="table" nite:id="IDIAP_IS1006d_D.foa.641"/>
    <foa endtime="1688.4" starttime="1687.72" type="place" place="slide-screen" nite:id="IDIAP_IS1006d_D.foa.642"/>
    <foa endtime="1691.56" starttime="1688.4" type="person" role="PM" nxt_agent="A" nite:id="IDIAP_IS1006d_D.foa.643"/>
    <foa endtime="1692.2" starttime="1691.56" type="place" place="table" nite:id="IDIAP_IS1006d_D.foa.644"/>
    <foa endtime="1692.88" starttime="1692.2" type="place" place="slide-screen" nite:id="IDIAP_IS1006d_D.foa.645"/>
    <foa endtime="1694.8" starttime="1692.88" type="person" role="PM" nxt_agent="A" nite:id="IDIAP_IS1006d_D.foa.646"/>
    <foa endtime="1696.88" starttime="1694.8" type="place" place="slide-screen" nite:id="IDIAP_IS1006d_D.foa.647"/>
    <foa endtime="1697.88" starttime="1696.88" type="person" role="UI" nxt_agent="B" nite:id="IDIAP_IS1006d_D.foa.648"/>
    <foa endtime="1702.32" starttime="1697.88" type="place" place="table" nite:id="IDIAP_IS1006d_D.foa.649"/>
    <foa endtime="1703.44" starttime="1702.32" type="person" role="UI" nxt_agent="B" nite:id="IDIAP_IS1006d_D.foa.650"/>
    <foa endtime="1706.48" starttime="1703.44" type="person" role="PM" nxt_agent="A" nite:id="IDIAP_IS1006d_D.foa.651"/>
    <foa endtime="1707.92" starttime="1706.48" type="person" role="ID" nxt_agent="C" nite:id="IDIAP_IS1006d_D.foa.652"/>
    <foa endtime="1708.6" starttime="1707.92" type="place" place="table" nite:id="IDIAP_IS1006d_D.foa.653"/>
    <foa endtime="1711.04" starttime="1708.6" type="person" role="UI" nxt_agent="B" nite:id="IDIAP_IS1006d_D.foa.654"/>
    <foa endtime="1711.56" starttime="1711.04" type="person" role="PM" nxt_agent="A" nite:id="IDIAP_IS1006d_D.foa.655"/>
    <foa endtime="1713.32" starttime="1711.56" type="place" place="table" nite:id="IDIAP_IS1006d_D.foa.656"/>
    <foa endtime="1720.24" starttime="1713.32" type="person" role="UI" nxt_agent="B" nite:id="IDIAP_IS1006d_D.foa.657"/>
    <foa endtime="1722.44" starttime="1720.24" type="person" role="PM" nxt_agent="A" nite:id="IDIAP_IS1006d_D.foa.658"/>
    <foa endtime="1723.12" starttime="1722.44" type="person" role="ID" nxt_agent="C" nite:id="IDIAP_IS1006d_D.foa.659"/>
    <foa endtime="1724.32" starttime="1723.12" type="place" place="table" nite:id="IDIAP_IS1006d_D.foa.660"/>
    <foa endtime="1724.8" starttime="1724.32" type="person" role="UI" nxt_agent="B" nite:id="IDIAP_IS1006d_D.foa.661"/>
    <foa endtime="1725.28" starttime="1724.8" type="person" role="PM" nxt_agent="A" nite:id="IDIAP_IS1006d_D.foa.662"/>
    <foa endtime="1725.88" starttime="1725.28" type="person" role="ID" nxt_agent="C" nite:id="IDIAP_IS1006d_D.foa.663"/>
    <foa endtime="1726.2" starttime="1725.88" type="person" role="PM" nxt_agent="A" nite:id="IDIAP_IS1006d_D.foa.664"/>
    <foa endtime="1727.52" starttime="1726.2" type="place" place="table" nite:id="IDIAP_IS1006d_D.foa.665"/>
    <foa endtime="1728.16" starttime="1727.52" type="place" place="slide-screen" nite:id="IDIAP_IS1006d_D.foa.666"/>
    <foa endtime="1728.44" starttime="1728.16" type="person" role="PM" nxt_agent="A" nite:id="IDIAP_IS1006d_D.foa.667"/>
    <foa endtime="1729.12" starttime="1728.44" type="person" role="ID" nxt_agent="C" nite:id="IDIAP_IS1006d_D.foa.668"/>
    <foa endtime="1731.24" starttime="1729.12" type="person" role="PM" nxt_agent="A" nite:id="IDIAP_IS1006d_D.foa.669"/>
    <foa endtime="1731.56" starttime="1731.24" type="place" place="table" nite:id="IDIAP_IS1006d_D.foa.670"/>
    <foa endtime="1737.6" starttime="1731.56" type="person" role="UI" nxt_agent="B" nite:id="IDIAP_IS1006d_D.foa.671"/>
    <foa endtime="1738.12" starttime="1737.6" type="person" role="PM" nxt_agent="A" nite:id="IDIAP_IS1006d_D.foa.672"/>
    <foa endtime="1747.92" starttime="1738.12" type="person" role="UI" nxt_agent="B" nite:id="IDIAP_IS1006d_D.foa.673"/>
    <foa endtime="1750.6" starttime="1747.92" type="person" role="PM" nxt_agent="A" nite:id="IDIAP_IS1006d_D.foa.674"/>
    <foa endtime="1753.04" starttime="1750.6" type="person" role="UI" nxt_agent="B" nite:id="IDIAP_IS1006d_D.foa.675"/>
    <foa endtime="1754.6" starttime="1753.04" type="place" place="slide-screen" nite:id="IDIAP_IS1006d_D.foa.676"/>
    <foa endtime="1755.16" starttime="1754.6" type="person" role="UI" nxt_agent="B" nite:id="IDIAP_IS1006d_D.foa.677"/>
    <foa endtime="1755.92" starttime="1755.16" type="person" role="PM" nxt_agent="A" nite:id="IDIAP_IS1006d_D.foa.678"/>
    <foa endtime="1756.88" starttime="1755.92" type="person" role="ID" nxt_agent="C" nite:id="IDIAP_IS1006d_D.foa.679"/>
    <foa endtime="1757.96" starttime="1756.88" type="person" role="PM" nxt_agent="A" nite:id="IDIAP_IS1006d_D.foa.680"/>
    <foa endtime="1758.48" starttime="1757.96" type="person" role="ID" nxt_agent="C" nite:id="IDIAP_IS1006d_D.foa.681"/>
    <foa endtime="1759.04" starttime="1758.48" type="person" role="PM" nxt_agent="A" nite:id="IDIAP_IS1006d_D.foa.682"/>
    <foa endtime="1760.16" starttime="1759.04" type="person" role="UI" nxt_agent="B" nite:id="IDIAP_IS1006d_D.foa.683"/>
    <foa endtime="1762.72" starttime="1760.16" type="place" place="slide-screen" nite:id="IDIAP_IS1006d_D.foa.684"/>
    <foa endtime="1765.28" starttime="1762.72" type="person" role="PM" nxt_agent="A" nite:id="IDIAP_IS1006d_D.foa.685"/>
    <foa endtime="1766.12" starttime="1765.28" type="place" place="table" nite:id="IDIAP_IS1006d_D.foa.686"/>
    <foa endtime="1766.56" starttime="1766.12" type="person" role="PM" nxt_agent="A" nite:id="IDIAP_IS1006d_D.foa.687"/>
    <foa endtime="1772.04" starttime="1766.56" type="place" place="slide-screen" nite:id="IDIAP_IS1006d_D.foa.688"/>
    <foa endtime="1787.68" starttime="1772.04" type="person" role="UI" nxt_agent="B" nite:id="IDIAP_IS1006d_D.foa.689"/>
    <foa endtime="1788.6" starttime="1787.68" type="person" role="PM" nxt_agent="A" nite:id="IDIAP_IS1006d_D.foa.690"/>
    <foa endtime="1789.08" starttime="1788.6" type="person" role="UI" nxt_agent="B" nite:id="IDIAP_IS1006d_D.foa.691"/>
    <foa endtime="1789.64" starttime="1789.08" type="person" role="PM" nxt_agent="A" nite:id="IDIAP_IS1006d_D.foa.692"/>
    <foa endtime="1790.64" starttime="1789.64" type="person" role="UI" nxt_agent="B" nite:id="IDIAP_IS1006d_D.foa.693"/>
    <foa endtime="1791.36" starttime="1790.64" type="person" role="PM" nxt_agent="A" nite:id="IDIAP_IS1006d_D.foa.694"/>
    <foa endtime="1792.48" starttime="1791.36" type="person" role="UI" nxt_agent="B" nite:id="IDIAP_IS1006d_D.foa.695"/>
    <foa endtime="1793.36" starttime="1792.48" type="person" role="PM" nxt_agent="A" nite:id="IDIAP_IS1006d_D.foa.696"/>
    <foa endtime="1794.76" starttime="1793.36" type="person" role="UI" nxt_agent="B" nite:id="IDIAP_IS1006d_D.foa.697"/>
    <foa endtime="1796.64" starttime="1794.76" type="place" place="table" nite:id="IDIAP_IS1006d_D.foa.698"/>
    <foa endtime="1797.28" starttime="1796.64" type="person" role="UI" nxt_agent="B" nite:id="IDIAP_IS1006d_D.foa.699"/>
    <foa endtime="1797.96" starttime="1797.28" type="person" role="PM" nxt_agent="A" nite:id="IDIAP_IS1006d_D.foa.700"/>
    <foa endtime="1798.44" starttime="1797.96" type="person" role="ID" nxt_agent="C" nite:id="IDIAP_IS1006d_D.foa.701"/>
    <foa endtime="1799.32" starttime="1798.44" type="person" role="PM" nxt_agent="A" nite:id="IDIAP_IS1006d_D.foa.702"/>
    <foa endtime="1801.6" starttime="1799.32" type="place" place="table" nite:id="IDIAP_IS1006d_D.foa.703"/>
    <foa endtime="1802.88" starttime="1801.6" type="person" role="ID" nxt_agent="C" nite:id="IDIAP_IS1006d_D.foa.704"/>
    <foa endtime="1803.88" starttime="1802.88" type="place" place="table" nite:id="IDIAP_IS1006d_D.foa.705"/>
    <foa endtime="1804.76" starttime="1803.88" type="person" role="ID" nxt_agent="C" nite:id="IDIAP_IS1006d_D.foa.706"/>
    <foa endtime="1805.52" starttime="1804.76" type="place" place="table" nite:id="IDIAP_IS1006d_D.foa.707"/>
    <foa endtime="1808.12" starttime="1805.52" type="unspecified" nite:id="IDIAP_IS1006d_D.foa.708"/>
    <foa endtime="1809.96" starttime="1808.12" type="place" place="table" nite:id="IDIAP_IS1006d_D.foa.709"/>
    <foa endtime="1830.0" starttime="1809.96" type="unspecified" nite:id="IDIAP_IS1006d_D.foa.710"/>
</nite:root>
