<?xml version="1.0" encoding="UTF-8"?>
<nite:root xmlns:nite="http://nite.sourceforge.net/" nite:id="natasa_IS1003b_B.nite:root.1">
    <foa endtime="68.64" starttime="0.0" type="unspecified" nite:id="natasa_IS1003b_B.foa.1"/>
    <foa endtime="71.0" starttime="68.64" type="person" role="ME" nxt_agent="A" nite:id="natasa_IS1003b_B.foa.2"/>
    <foa endtime="71.24" starttime="71.0" type="person" role="UI" nxt_agent="D" nite:id="natasa_IS1003b_B.foa.3"/>
    <foa endtime="74.48" starttime="71.24" type="place" place="slide-screen" nite:id="natasa_IS1003b_B.foa.4"/>
    <foa endtime="78.16" starttime="74.48" type="place" place="table" nite:id="natasa_IS1003b_B.foa.5"/>
    <foa endtime="88.12" starttime="78.16" type="place" place="slide-screen" nite:id="natasa_IS1003b_B.foa.6"/>
    <foa endtime="88.6" starttime="88.12" type="person" role="PM" nxt_agent="C" nite:id="natasa_IS1003b_B.foa.7"/>
    <foa endtime="91.0" starttime="88.6" type="place" place="slide-screen" nite:id="natasa_IS1003b_B.foa.8"/>
    <foa endtime="91.64" starttime="91.0" type="place" place="table" nite:id="natasa_IS1003b_B.foa.9"/>
    <foa endtime="91.96" starttime="91.64" type="place" place="slide-screen" nite:id="natasa_IS1003b_B.foa.10"/>
    <foa endtime="94.8" starttime="91.96" type="place" place="table" nite:id="natasa_IS1003b_B.foa.11"/>
    <foa endtime="95.16" starttime="94.8" type="person" role="UI" nxt_agent="D" nite:id="natasa_IS1003b_B.foa.12"/>
    <foa endtime="95.88" starttime="95.16" type="person" role="ME" nxt_agent="A" nite:id="natasa_IS1003b_B.foa.13"/>
    <foa endtime="97.4" starttime="95.88" type="place" place="table" nite:id="natasa_IS1003b_B.foa.14"/>
    <foa endtime="98.32" starttime="97.4" type="place" place="slide-screen" nite:id="natasa_IS1003b_B.foa.15"/>
    <foa endtime="99.04" starttime="98.32" type="place" place="table" nite:id="natasa_IS1003b_B.foa.16"/>
    <foa endtime="105.64" starttime="99.04" type="place" place="slide-screen" nite:id="natasa_IS1003b_B.foa.17"/>
    <foa endtime="110.52" starttime="105.64" type="place" place="table" nite:id="natasa_IS1003b_B.foa.18"/>
    <foa endtime="112.52" starttime="110.52" type="place" place="slide-screen" nite:id="natasa_IS1003b_B.foa.19"/>
    <foa endtime="113.04" starttime="112.52" type="place" place="table" nite:id="natasa_IS1003b_B.foa.20"/>
    <foa endtime="113.4" starttime="113.04" type="person" role="PM" nxt_agent="C" nite:id="natasa_IS1003b_B.foa.21"/>
    <foa endtime="115.56" starttime="113.4" type="place" place="slide-screen" nite:id="natasa_IS1003b_B.foa.22"/>
    <foa endtime="116.04" starttime="115.56" type="place" place="table" nite:id="natasa_IS1003b_B.foa.23"/>
    <foa endtime="118.0" starttime="116.04" type="place" place="slide-screen" nite:id="natasa_IS1003b_B.foa.24"/>
    <foa endtime="123.12" starttime="118.0" type="person" role="PM" nxt_agent="C" nite:id="natasa_IS1003b_B.foa.25"/>
    <foa endtime="123.6" starttime="123.12" type="person" role="UI" nxt_agent="D" nite:id="natasa_IS1003b_B.foa.26"/>
    <foa endtime="124.72" starttime="123.6" type="place" place="table" nite:id="natasa_IS1003b_B.foa.27"/>
    <foa endtime="129.52" starttime="124.72" type="place" place="slide-screen" nite:id="natasa_IS1003b_B.foa.28"/>
    <foa endtime="129.96" starttime="129.52" type="person" role="UI" nxt_agent="D" nite:id="natasa_IS1003b_B.foa.29"/>
    <foa endtime="139.56" starttime="129.96" type="place" place="slide-screen" nite:id="natasa_IS1003b_B.foa.30"/>
    <foa endtime="141.2" starttime="139.56" type="person" role="UI" nxt_agent="D" nite:id="natasa_IS1003b_B.foa.31"/>
    <foa endtime="159.76" starttime="141.2" type="place" place="slide-screen" nite:id="natasa_IS1003b_B.foa.32"/>
    <foa endtime="160.72" starttime="159.76" type="place" place="table" nite:id="natasa_IS1003b_B.foa.33"/>
    <foa endtime="162.76" starttime="160.72" type="place" place="slide-screen" nite:id="natasa_IS1003b_B.foa.34"/>
    <foa endtime="163.96" starttime="162.76" type="person" role="ME" nxt_agent="A" nite:id="natasa_IS1003b_B.foa.35"/>
    <foa endtime="165.16" starttime="163.96" type="place" place="table" nite:id="natasa_IS1003b_B.foa.36"/>
    <foa endtime="170.32" starttime="165.16" type="place" place="slide-screen" nite:id="natasa_IS1003b_B.foa.37"/>
    <foa endtime="173.84" starttime="170.32" type="place" place="table" nite:id="natasa_IS1003b_B.foa.38"/>
    <foa endtime="174.2" starttime="173.84" type="person" role="ME" nxt_agent="A" nite:id="natasa_IS1003b_B.foa.39"/>
    <foa endtime="178.36" starttime="174.2" type="place" place="table" nite:id="natasa_IS1003b_B.foa.40"/>
    <foa endtime="178.6" starttime="178.36" type="person" role="UI" nxt_agent="D" nite:id="natasa_IS1003b_B.foa.41"/>
    <foa endtime="179.84" starttime="178.6" type="place" place="slide-screen" nite:id="natasa_IS1003b_B.foa.42"/>
    <foa endtime="182.4" starttime="179.84" type="place" place="table" nite:id="natasa_IS1003b_B.foa.43"/>
    <foa endtime="182.64" starttime="182.4" type="person" role="UI" nxt_agent="D" nite:id="natasa_IS1003b_B.foa.44"/>
    <foa endtime="183.24" starttime="182.64" type="unspecified" nite:id="natasa_IS1003b_B.foa.45"/>
    <foa endtime="184.36" starttime="183.24" type="person" role="UI" nxt_agent="D" nite:id="natasa_IS1003b_B.foa.46"/>
    <foa endtime="186.76" starttime="184.36" type="place" place="slide-screen" nite:id="natasa_IS1003b_B.foa.47"/>
    <foa endtime="188.04" starttime="186.76" type="person" role="UI" nxt_agent="D" nite:id="natasa_IS1003b_B.foa.48"/>
    <foa endtime="191.04" starttime="188.04" type="place" place="slide-screen" nite:id="natasa_IS1003b_B.foa.49"/>
    <foa endtime="191.92" starttime="191.04" type="place" place="table" nite:id="natasa_IS1003b_B.foa.50"/>
    <foa endtime="192.16" starttime="191.92" type="place" place="slide-screen" nite:id="natasa_IS1003b_B.foa.51"/>
    <foa endtime="193.24" starttime="192.16" type="person" role="UI" nxt_agent="D" nite:id="natasa_IS1003b_B.foa.52"/>
    <foa endtime="195.28" starttime="193.24" type="place" place="slide-screen" nite:id="natasa_IS1003b_B.foa.53"/>
    <foa endtime="196.4" starttime="195.28" type="person" role="UI" nxt_agent="D" nite:id="natasa_IS1003b_B.foa.54"/>
    <foa endtime="211.68" starttime="196.4" type="place" place="slide-screen" nite:id="natasa_IS1003b_B.foa.55"/>
    <foa endtime="212.28" starttime="211.68" type="person" role="UI" nxt_agent="D" nite:id="natasa_IS1003b_B.foa.56"/>
    <foa endtime="222.68" starttime="212.28" type="place" place="table" nite:id="natasa_IS1003b_B.foa.57"/>
    <foa endtime="223.48" starttime="222.68" type="place" place="slide-screen" nite:id="natasa_IS1003b_B.foa.58"/>
    <foa endtime="226.16" starttime="223.48" type="place" place="table" nite:id="natasa_IS1003b_B.foa.59"/>
    <foa endtime="227.48" starttime="226.16" type="place" place="slide-screen" nite:id="natasa_IS1003b_B.foa.60"/>
    <foa endtime="231.08" starttime="227.48" type="place" place="table" nite:id="natasa_IS1003b_B.foa.61"/>
    <foa endtime="234.48" starttime="231.08" type="place" place="slide-screen" nite:id="natasa_IS1003b_B.foa.62"/>
    <foa endtime="235.2" starttime="234.48" type="person" role="PM" nxt_agent="C" nite:id="natasa_IS1003b_B.foa.63"/>
    <foa endtime="236.0" starttime="235.2" type="place" place="slide-screen" nite:id="natasa_IS1003b_B.foa.64"/>
    <foa endtime="236.84" starttime="236.0" type="person" role="UI" nxt_agent="D" nite:id="natasa_IS1003b_B.foa.65"/>
    <foa endtime="237.32" starttime="236.84" type="place" place="slide-screen" nite:id="natasa_IS1003b_B.foa.66"/>
    <foa endtime="242.24" starttime="237.32" type="place" place="table" nite:id="natasa_IS1003b_B.foa.67"/>
    <foa endtime="243.4" starttime="242.24" type="place" place="slide-screen" nite:id="natasa_IS1003b_B.foa.68"/>
    <foa endtime="244.16" starttime="243.4" type="person" role="UI" nxt_agent="D" nite:id="natasa_IS1003b_B.foa.69"/>
    <foa endtime="246.08" starttime="244.16" type="place" place="table" nite:id="natasa_IS1003b_B.foa.70"/>
    <foa endtime="246.32" starttime="246.08" type="place" place="slide-screen" nite:id="natasa_IS1003b_B.foa.71"/>
    <foa endtime="246.76" starttime="246.32" type="person" role="UI" nxt_agent="D" nite:id="natasa_IS1003b_B.foa.72"/>
    <foa endtime="247.44" starttime="246.76" type="unspecified" nite:id="natasa_IS1003b_B.foa.73"/>
    <foa endtime="252.6" starttime="247.44" type="place" place="slide-screen" nite:id="natasa_IS1003b_B.foa.74"/>
    <foa endtime="254.16" starttime="252.6" type="person" role="UI" nxt_agent="D" nite:id="natasa_IS1003b_B.foa.75"/>
    <foa endtime="261.24" starttime="254.16" type="place" place="table" nite:id="natasa_IS1003b_B.foa.76"/>
    <foa endtime="264.16" starttime="261.24" type="place" place="slide-screen" nite:id="natasa_IS1003b_B.foa.77"/>
    <foa endtime="264.4" starttime="264.16" type="person" role="UI" nxt_agent="D" nite:id="natasa_IS1003b_B.foa.78"/>
    <foa endtime="264.76" starttime="264.4" type="unspecified" nite:id="natasa_IS1003b_B.foa.79"/>
    <foa endtime="265.28" starttime="264.76" type="person" role="PM" nxt_agent="C" nite:id="natasa_IS1003b_B.foa.80"/>
    <foa endtime="271.4" starttime="265.28" type="place" place="slide-screen" nite:id="natasa_IS1003b_B.foa.81"/>
    <foa endtime="272.2" starttime="271.4" type="person" role="UI" nxt_agent="D" nite:id="natasa_IS1003b_B.foa.82"/>
    <foa endtime="273.08" starttime="272.2" type="place" place="slide-screen" nite:id="natasa_IS1003b_B.foa.83"/>
    <foa endtime="277.36" starttime="273.08" type="place" place="table" nite:id="natasa_IS1003b_B.foa.84"/>
    <foa endtime="278.2" starttime="277.36" type="place" place="slide-screen" nite:id="natasa_IS1003b_B.foa.85"/>
    <foa endtime="279.24" starttime="278.2" type="person" role="UI" nxt_agent="D" nite:id="natasa_IS1003b_B.foa.86"/>
    <foa endtime="279.88" starttime="279.24" type="place" place="slide-screen" nite:id="natasa_IS1003b_B.foa.87"/>
    <foa endtime="280.12" starttime="279.88" type="person" role="UI" nxt_agent="D" nite:id="natasa_IS1003b_B.foa.88"/>
    <foa endtime="281.4" starttime="280.12" type="place" place="table" nite:id="natasa_IS1003b_B.foa.89"/>
    <foa endtime="281.96" starttime="281.4" type="place" place="slide-screen" nite:id="natasa_IS1003b_B.foa.90"/>
    <foa endtime="282.56" starttime="281.96" type="person" role="PM" nxt_agent="C" nite:id="natasa_IS1003b_B.foa.91"/>
    <foa endtime="284.8" starttime="282.56" type="place" place="slide-screen" nite:id="natasa_IS1003b_B.foa.92"/>
    <foa endtime="285.92" starttime="284.8" type="person" role="PM" nxt_agent="C" nite:id="natasa_IS1003b_B.foa.93"/>
    <foa endtime="286.44" starttime="285.92" type="place" place="table" nite:id="natasa_IS1003b_B.foa.94"/>
    <foa endtime="286.8" starttime="286.44" type="place" place="slide-screen" nite:id="natasa_IS1003b_B.foa.95"/>
    <foa endtime="287.24" starttime="286.8" type="person" role="PM" nxt_agent="C" nite:id="natasa_IS1003b_B.foa.96"/>
    <foa endtime="288.12" starttime="287.24" type="person" role="UI" nxt_agent="D" nite:id="natasa_IS1003b_B.foa.97"/>
    <foa endtime="292.44" starttime="288.12" type="place" place="slide-screen" nite:id="natasa_IS1003b_B.foa.98"/>
    <foa endtime="293.08" starttime="292.44" type="person" role="PM" nxt_agent="C" nite:id="natasa_IS1003b_B.foa.99"/>
    <foa endtime="293.68" starttime="293.08" type="person" role="UI" nxt_agent="D" nite:id="natasa_IS1003b_B.foa.100"/>
    <foa endtime="294.96" starttime="293.68" type="place" place="slide-screen" nite:id="natasa_IS1003b_B.foa.101"/>
    <foa endtime="295.28" starttime="294.96" type="person" role="UI" nxt_agent="D" nite:id="natasa_IS1003b_B.foa.102"/>
    <foa endtime="296.28" starttime="295.28" type="person" role="ME" nxt_agent="A" nite:id="natasa_IS1003b_B.foa.103"/>
    <foa endtime="297.64" starttime="296.28" type="place" place="slide-screen" nite:id="natasa_IS1003b_B.foa.104"/>
    <foa endtime="298.08" starttime="297.64" type="place" place="table" nite:id="natasa_IS1003b_B.foa.105"/>
    <foa endtime="304.56" starttime="298.08" type="place" place="slide-screen" nite:id="natasa_IS1003b_B.foa.106"/>
    <foa endtime="305.2" starttime="304.56" type="place" place="table" nite:id="natasa_IS1003b_B.foa.107"/>
    <foa endtime="308.12" starttime="305.2" type="place" place="slide-screen" nite:id="natasa_IS1003b_B.foa.108"/>
    <foa endtime="309.72" starttime="308.12" type="person" role="PM" nxt_agent="C" nite:id="natasa_IS1003b_B.foa.109"/>
    <foa endtime="310.4" starttime="309.72" type="place" place="slide-screen" nite:id="natasa_IS1003b_B.foa.110"/>
    <foa endtime="310.8" starttime="310.4" type="person" role="PM" nxt_agent="C" nite:id="natasa_IS1003b_B.foa.111"/>
    <foa endtime="314.84" starttime="310.8" type="place" place="slide-screen" nite:id="natasa_IS1003b_B.foa.112"/>
    <foa endtime="318.04" starttime="314.84" type="person" role="UI" nxt_agent="D" nite:id="natasa_IS1003b_B.foa.113"/>
    <foa endtime="318.64" starttime="318.04" type="unspecified" nite:id="natasa_IS1003b_B.foa.114"/>
    <foa endtime="320.16" starttime="318.64" type="person" role="UI" nxt_agent="D" nite:id="natasa_IS1003b_B.foa.115"/>
    <foa endtime="322.32" starttime="320.16" type="place" place="table" nite:id="natasa_IS1003b_B.foa.116"/>
    <foa endtime="324.8" starttime="322.32" type="person" role="UI" nxt_agent="D" nite:id="natasa_IS1003b_B.foa.117"/>
    <foa endtime="325.52" starttime="324.8" type="person" role="ME" nxt_agent="A" nite:id="natasa_IS1003b_B.foa.118"/>
    <foa endtime="327.44" starttime="325.52" type="person" role="UI" nxt_agent="D" nite:id="natasa_IS1003b_B.foa.119"/>
    <foa endtime="329.8" starttime="327.44" type="place" place="slide-screen" nite:id="natasa_IS1003b_B.foa.120"/>
    <foa endtime="330.36" starttime="329.8" type="person" role="UI" nxt_agent="D" nite:id="natasa_IS1003b_B.foa.121"/>
    <foa endtime="332.64" starttime="330.36" type="place" place="slide-screen" nite:id="natasa_IS1003b_B.foa.122"/>
    <foa endtime="333.44" starttime="332.64" type="person" role="PM" nxt_agent="C" nite:id="natasa_IS1003b_B.foa.123"/>
    <foa endtime="334.08" starttime="333.44" type="place" place="slide-screen" nite:id="natasa_IS1003b_B.foa.124"/>
    <foa endtime="334.76" starttime="334.08" type="person" role="PM" nxt_agent="C" nite:id="natasa_IS1003b_B.foa.125"/>
    <foa endtime="337.48" starttime="334.76" type="place" place="slide-screen" nite:id="natasa_IS1003b_B.foa.126"/>
    <foa endtime="338.16" starttime="337.48" type="person" role="UI" nxt_agent="D" nite:id="natasa_IS1003b_B.foa.127"/>
    <foa endtime="338.44" starttime="338.16" type="person" role="ME" nxt_agent="A" nite:id="natasa_IS1003b_B.foa.128"/>
    <foa endtime="338.92" starttime="338.44" type="place" place="table" nite:id="natasa_IS1003b_B.foa.129"/>
    <foa endtime="340.64" starttime="338.92" type="person" role="ME" nxt_agent="A" nite:id="natasa_IS1003b_B.foa.130"/>
    <foa endtime="340.88" starttime="340.64" type="person" role="UI" nxt_agent="D" nite:id="natasa_IS1003b_B.foa.131"/>
    <foa endtime="341.52" starttime="340.88" type="place" place="slide-screen" nite:id="natasa_IS1003b_B.foa.132"/>
    <foa endtime="343.08" starttime="341.52" type="person" role="ME" nxt_agent="A" nite:id="natasa_IS1003b_B.foa.133"/>
    <foa endtime="343.32" starttime="343.08" type="person" role="UI" nxt_agent="D" nite:id="natasa_IS1003b_B.foa.134"/>
    <foa endtime="347.92" starttime="343.32" type="place" place="slide-screen" nite:id="natasa_IS1003b_B.foa.135"/>
    <foa endtime="350.12" starttime="347.92" type="person" role="UI" nxt_agent="D" nite:id="natasa_IS1003b_B.foa.136"/>
    <foa endtime="351.0" starttime="350.12" type="place" place="table" nite:id="natasa_IS1003b_B.foa.137"/>
    <foa endtime="351.44" starttime="351.0" type="person" role="UI" nxt_agent="D" nite:id="natasa_IS1003b_B.foa.138"/>
    <foa endtime="355.84" starttime="351.44" type="place" place="slide-screen" nite:id="natasa_IS1003b_B.foa.139"/>
    <foa endtime="356.08" starttime="355.84" type="place" place="table" nite:id="natasa_IS1003b_B.foa.140"/>
    <foa endtime="360.28" starttime="356.08" type="place" place="slide-screen" nite:id="natasa_IS1003b_B.foa.141"/>
    <foa endtime="361.24" starttime="360.28" type="person" role="UI" nxt_agent="D" nite:id="natasa_IS1003b_B.foa.142"/>
    <foa endtime="362.84" starttime="361.24" type="place" place="slide-screen" nite:id="natasa_IS1003b_B.foa.143"/>
    <foa endtime="364.52" starttime="362.84" type="person" role="UI" nxt_agent="D" nite:id="natasa_IS1003b_B.foa.144"/>
    <foa endtime="365.16" starttime="364.52" type="place" place="table" nite:id="natasa_IS1003b_B.foa.145"/>
    <foa endtime="365.52" starttime="365.16" type="person" role="ME" nxt_agent="A" nite:id="natasa_IS1003b_B.foa.146"/>
    <foa endtime="365.64" starttime="365.52" type="person" role="UI" nxt_agent="D" nite:id="natasa_IS1003b_B.foa.147"/>
    <foa endtime="367.24" starttime="365.64" type="place" place="table" nite:id="natasa_IS1003b_B.foa.148"/>
    <foa endtime="368.92" starttime="367.24" type="person" role="UI" nxt_agent="D" nite:id="natasa_IS1003b_B.foa.149"/>
    <foa endtime="369.28" starttime="368.92" type="unspecified" nite:id="natasa_IS1003b_B.foa.150"/>
    <foa endtime="370.08" starttime="369.28" type="place" place="slide-screen" nite:id="natasa_IS1003b_B.foa.151"/>
    <foa endtime="374.04" starttime="370.08" type="place" place="table" nite:id="natasa_IS1003b_B.foa.152"/>
    <foa endtime="374.4" starttime="374.04" type="person" role="PM" nxt_agent="C" nite:id="natasa_IS1003b_B.foa.153"/>
    <foa endtime="374.84" starttime="374.4" type="place" place="table" nite:id="natasa_IS1003b_B.foa.154"/>
    <foa endtime="375.32" starttime="374.84" type="person" role="PM" nxt_agent="C" nite:id="natasa_IS1003b_B.foa.155"/>
    <foa endtime="376.32" starttime="375.32" type="place" place="table" nite:id="natasa_IS1003b_B.foa.156"/>
    <foa endtime="377.12" starttime="376.32" type="person" role="UI" nxt_agent="D" nite:id="natasa_IS1003b_B.foa.157"/>
    <foa endtime="377.64" starttime="377.12" type="place" place="table" nite:id="natasa_IS1003b_B.foa.158"/>
    <foa endtime="378.64" starttime="377.64" type="place" place="slide-screen" nite:id="natasa_IS1003b_B.foa.159"/>
    <foa endtime="379.48" starttime="378.64" type="person" role="ME" nxt_agent="A" nite:id="natasa_IS1003b_B.foa.160"/>
    <foa endtime="380.4" starttime="379.48" type="person" role="UI" nxt_agent="D" nite:id="natasa_IS1003b_B.foa.161"/>
    <foa endtime="380.8" starttime="380.4" type="place" place="slide-screen" nite:id="natasa_IS1003b_B.foa.162"/>
    <foa endtime="383.0" starttime="380.8" type="place" place="table" nite:id="natasa_IS1003b_B.foa.163"/>
    <foa endtime="383.52" starttime="383.0" type="place" place="slide-screen" nite:id="natasa_IS1003b_B.foa.164"/>
    <foa endtime="384.24" starttime="383.52" type="person" role="PM" nxt_agent="C" nite:id="natasa_IS1003b_B.foa.165"/>
    <foa endtime="385.0" starttime="384.24" type="place" place="table" nite:id="natasa_IS1003b_B.foa.166"/>
    <foa endtime="386.0" starttime="385.0" type="place" place="slide-screen" nite:id="natasa_IS1003b_B.foa.167"/>
    <foa endtime="400.44" starttime="386.0" type="place" place="table" nite:id="natasa_IS1003b_B.foa.168"/>
    <foa endtime="400.88" starttime="400.44" type="person" role="ME" nxt_agent="A" nite:id="natasa_IS1003b_B.foa.169"/>
    <foa endtime="401.64" starttime="400.88" type="place" place="table" nite:id="natasa_IS1003b_B.foa.170"/>
    <foa endtime="403.44" starttime="401.64" type="place" place="slide-screen" nite:id="natasa_IS1003b_B.foa.171"/>
    <foa endtime="405.64" starttime="403.44" type="place" place="table" nite:id="natasa_IS1003b_B.foa.172"/>
    <foa endtime="406.28" starttime="405.64" type="person" role="UI" nxt_agent="D" nite:id="natasa_IS1003b_B.foa.173"/>
    <foa endtime="412.52" starttime="406.28" type="place" place="slide-screen" nite:id="natasa_IS1003b_B.foa.174"/>
    <foa endtime="413.12" starttime="412.52" type="person" role="UI" nxt_agent="D" nite:id="natasa_IS1003b_B.foa.175"/>
    <foa endtime="414.12" starttime="413.12" type="unspecified" nite:id="natasa_IS1003b_B.foa.176"/>
    <foa endtime="414.48" starttime="414.12" type="place" place="table" nite:id="natasa_IS1003b_B.foa.177"/>
    <foa endtime="418.28" starttime="414.48" type="place" place="slide-screen" nite:id="natasa_IS1003b_B.foa.178"/>
    <foa endtime="418.92" starttime="418.28" type="person" role="UI" nxt_agent="D" nite:id="natasa_IS1003b_B.foa.179"/>
    <foa endtime="419.64" starttime="418.92" type="place" place="table" nite:id="natasa_IS1003b_B.foa.180"/>
    <foa endtime="419.88" starttime="419.64" type="person" role="ME" nxt_agent="A" nite:id="natasa_IS1003b_B.foa.181"/>
    <foa endtime="421.08" starttime="419.88" type="person" role="UI" nxt_agent="D" nite:id="natasa_IS1003b_B.foa.182"/>
    <foa endtime="423.24" starttime="421.08" type="place" place="table" nite:id="natasa_IS1003b_B.foa.183"/>
    <foa endtime="423.72" starttime="423.24" type="person" role="UI" nxt_agent="D" nite:id="natasa_IS1003b_B.foa.184"/>
    <foa endtime="424.44" starttime="423.72" type="place" place="table" nite:id="natasa_IS1003b_B.foa.185"/>
    <foa endtime="424.92" starttime="424.44" type="unspecified" nite:id="natasa_IS1003b_B.foa.186"/>
    <foa endtime="425.52" starttime="424.92" type="person" role="UI" nxt_agent="D" nite:id="natasa_IS1003b_B.foa.187"/>
    <foa endtime="427.04" starttime="425.52" type="place" place="slide-screen" nite:id="natasa_IS1003b_B.foa.188"/>
    <foa endtime="427.36" starttime="427.04" type="person" role="UI" nxt_agent="D" nite:id="natasa_IS1003b_B.foa.189"/>
    <foa endtime="427.84" starttime="427.36" type="person" role="ME" nxt_agent="A" nite:id="natasa_IS1003b_B.foa.190"/>
    <foa endtime="428.44" starttime="427.84" type="person" role="UI" nxt_agent="D" nite:id="natasa_IS1003b_B.foa.191"/>
    <foa endtime="428.8" starttime="428.44" type="place" place="slide-screen" nite:id="natasa_IS1003b_B.foa.192"/>
    <foa endtime="429.4" starttime="428.8" type="person" role="PM" nxt_agent="C" nite:id="natasa_IS1003b_B.foa.193"/>
    <foa endtime="429.88" starttime="429.4" type="place" place="slide-screen" nite:id="natasa_IS1003b_B.foa.194"/>
    <foa endtime="430.16" starttime="429.88" type="person" role="UI" nxt_agent="D" nite:id="natasa_IS1003b_B.foa.195"/>
    <foa endtime="430.52" starttime="430.16" type="person" role="ME" nxt_agent="A" nite:id="natasa_IS1003b_B.foa.196"/>
    <foa endtime="431.84" starttime="430.52" type="unspecified" nite:id="natasa_IS1003b_B.foa.197"/>
    <foa endtime="432.2" starttime="431.84" type="person" role="UI" nxt_agent="D" nite:id="natasa_IS1003b_B.foa.198"/>
    <foa endtime="432.8" starttime="432.2" type="unspecified" nite:id="natasa_IS1003b_B.foa.199"/>
    <foa endtime="433.32" starttime="432.8" type="place" place="slide-screen" nite:id="natasa_IS1003b_B.foa.200"/>
    <foa endtime="437.84" starttime="433.32" type="place" place="table" nite:id="natasa_IS1003b_B.foa.201"/>
    <foa endtime="438.08" starttime="437.84" type="person" role="UI" nxt_agent="D" nite:id="natasa_IS1003b_B.foa.202"/>
    <foa endtime="439.04" starttime="438.08" type="place" place="table" nite:id="natasa_IS1003b_B.foa.203"/>
    <foa endtime="439.28" starttime="439.04" type="person" role="UI" nxt_agent="D" nite:id="natasa_IS1003b_B.foa.204"/>
    <foa endtime="442.44" starttime="439.28" type="place" place="table" nite:id="natasa_IS1003b_B.foa.205"/>
    <foa endtime="443.84" starttime="442.44" type="person" role="ME" nxt_agent="A" nite:id="natasa_IS1003b_B.foa.206"/>
    <foa endtime="444.08" starttime="443.84" type="unspecified" nite:id="natasa_IS1003b_B.foa.207"/>
    <foa endtime="447.28" starttime="444.08" type="place" place="slide-screen" nite:id="natasa_IS1003b_B.foa.208"/>
    <foa endtime="448.16" starttime="447.28" type="person" role="ME" nxt_agent="A" nite:id="natasa_IS1003b_B.foa.209"/>
    <foa endtime="449.24" starttime="448.16" type="unspecified" nite:id="natasa_IS1003b_B.foa.210"/>
    <foa endtime="450.72" starttime="449.24" type="place" place="table" nite:id="natasa_IS1003b_B.foa.211"/>
    <foa endtime="452.24" starttime="450.72" type="place" place="slide-screen" nite:id="natasa_IS1003b_B.foa.212"/>
    <foa endtime="452.96" starttime="452.24" type="person" role="ME" nxt_agent="A" nite:id="natasa_IS1003b_B.foa.213"/>
    <foa endtime="453.8" starttime="452.96" type="place" place="slide-screen" nite:id="natasa_IS1003b_B.foa.214"/>
    <foa endtime="454.04" starttime="453.8" type="person" role="PM" nxt_agent="C" nite:id="natasa_IS1003b_B.foa.215"/>
    <foa endtime="454.48" starttime="454.04" type="place" place="slide-screen" nite:id="natasa_IS1003b_B.foa.216"/>
    <foa endtime="456.2" starttime="454.48" type="place" place="table" nite:id="natasa_IS1003b_B.foa.217"/>
    <foa endtime="456.88" starttime="456.2" type="place" place="slide-screen" nite:id="natasa_IS1003b_B.foa.218"/>
    <foa endtime="457.4" starttime="456.88" type="person" role="UI" nxt_agent="D" nite:id="natasa_IS1003b_B.foa.219"/>
    <foa endtime="457.64" starttime="457.4" type="unspecified" nite:id="natasa_IS1003b_B.foa.220"/>
    <foa endtime="459.28" starttime="457.64" type="place" place="slide-screen" nite:id="natasa_IS1003b_B.foa.221"/>
    <foa endtime="461.24" starttime="459.28" type="place" place="table" nite:id="natasa_IS1003b_B.foa.222"/>
    <foa endtime="461.76" starttime="461.24" type="person" role="ME" nxt_agent="A" nite:id="natasa_IS1003b_B.foa.223"/>
    <foa endtime="462.0" starttime="461.76" type="person" role="UI" nxt_agent="D" nite:id="natasa_IS1003b_B.foa.224"/>
    <foa endtime="463.96" starttime="462.0" type="place" place="slide-screen" nite:id="natasa_IS1003b_B.foa.225"/>
    <foa endtime="467.44" starttime="463.96" type="place" place="table" nite:id="natasa_IS1003b_B.foa.226"/>
    <foa endtime="467.8" starttime="467.44" type="person" role="PM" nxt_agent="C" nite:id="natasa_IS1003b_B.foa.227"/>
    <foa endtime="468.32" starttime="467.8" type="place" place="table" nite:id="natasa_IS1003b_B.foa.228"/>
    <foa endtime="469.48" starttime="468.32" type="person" role="PM" nxt_agent="C" nite:id="natasa_IS1003b_B.foa.229"/>
    <foa endtime="470.6" starttime="469.48" type="place" place="table" nite:id="natasa_IS1003b_B.foa.230"/>
    <foa endtime="472.4" starttime="470.6" type="person" role="PM" nxt_agent="C" nite:id="natasa_IS1003b_B.foa.231"/>
    <foa endtime="473.76" starttime="472.4" type="place" place="table" nite:id="natasa_IS1003b_B.foa.232"/>
    <foa endtime="474.44" starttime="473.76" type="person" role="PM" nxt_agent="C" nite:id="natasa_IS1003b_B.foa.233"/>
    <foa endtime="477.48" starttime="474.44" type="place" place="table" nite:id="natasa_IS1003b_B.foa.234"/>
    <foa endtime="478.08" starttime="477.48" type="person" role="ME" nxt_agent="A" nite:id="natasa_IS1003b_B.foa.235"/>
    <foa endtime="478.44" starttime="478.08" type="place" place="table" nite:id="natasa_IS1003b_B.foa.236"/>
    <foa endtime="479.36" starttime="478.44" type="person" role="UI" nxt_agent="D" nite:id="natasa_IS1003b_B.foa.237"/>
    <foa endtime="479.72" starttime="479.36" type="place" place="table" nite:id="natasa_IS1003b_B.foa.238"/>
    <foa endtime="480.32" starttime="479.72" type="person" role="ME" nxt_agent="A" nite:id="natasa_IS1003b_B.foa.239"/>
    <foa endtime="481.04" starttime="480.32" type="place" place="table" nite:id="natasa_IS1003b_B.foa.240"/>
    <foa endtime="482.12" starttime="481.04" type="person" role="ME" nxt_agent="A" nite:id="natasa_IS1003b_B.foa.241"/>
    <foa endtime="482.8" starttime="482.12" type="person" role="UI" nxt_agent="D" nite:id="natasa_IS1003b_B.foa.242"/>
    <foa endtime="483.12" starttime="482.8" type="person" role="ME" nxt_agent="A" nite:id="natasa_IS1003b_B.foa.243"/>
    <foa endtime="486.96" starttime="483.12" type="place" place="table" nite:id="natasa_IS1003b_B.foa.244"/>
    <foa endtime="488.04" starttime="486.96" type="person" role="PM" nxt_agent="C" nite:id="natasa_IS1003b_B.foa.245"/>
    <foa endtime="489.0" starttime="488.04" type="place" place="table" nite:id="natasa_IS1003b_B.foa.246"/>
    <foa endtime="489.4" starttime="489.0" type="person" role="PM" nxt_agent="C" nite:id="natasa_IS1003b_B.foa.247"/>
    <foa endtime="491.64" starttime="489.4" type="place" place="table" nite:id="natasa_IS1003b_B.foa.248"/>
    <foa endtime="495.36" starttime="491.64" type="place" place="slide-screen" nite:id="natasa_IS1003b_B.foa.249"/>
    <foa endtime="498.24" starttime="495.36" type="place" place="table" nite:id="natasa_IS1003b_B.foa.250"/>
    <foa endtime="499.88" starttime="498.24" type="place" place="slide-screen" nite:id="natasa_IS1003b_B.foa.251"/>
    <foa endtime="507.12" starttime="499.88" type="place" place="table" nite:id="natasa_IS1003b_B.foa.252"/>
    <foa endtime="507.64" starttime="507.12" type="person" role="UI" nxt_agent="D" nite:id="natasa_IS1003b_B.foa.253"/>
    <foa endtime="508.36" starttime="507.64" type="place" place="slide-screen" nite:id="natasa_IS1003b_B.foa.254"/>
    <foa endtime="508.76" starttime="508.36" type="person" role="ME" nxt_agent="A" nite:id="natasa_IS1003b_B.foa.255"/>
    <foa endtime="509.72" starttime="508.76" type="place" place="table" nite:id="natasa_IS1003b_B.foa.256"/>
    <foa endtime="530.6" starttime="509.72" type="place" place="slide-screen" nite:id="natasa_IS1003b_B.foa.257"/>
    <foa endtime="530.88" starttime="530.6" type="person" role="UI" nxt_agent="D" nite:id="natasa_IS1003b_B.foa.258"/>
    <foa endtime="531.56" starttime="530.88" type="place" place="table" nite:id="natasa_IS1003b_B.foa.259"/>
    <foa endtime="532.0" starttime="531.56" type="place" place="table" nite:id="natasa_IS1003b_B.foa.260"/>
    <foa endtime="534.68" starttime="532.0" type="place" place="slide-screen" nite:id="natasa_IS1003b_B.foa.261"/>
    <foa endtime="536.08" starttime="534.68" type="place" place="table" nite:id="natasa_IS1003b_B.foa.262"/>
    <foa endtime="539.72" starttime="536.08" type="place" place="slide-screen" nite:id="natasa_IS1003b_B.foa.263"/>
    <foa endtime="540.56" starttime="539.72" type="place" place="table" nite:id="natasa_IS1003b_B.foa.264"/>
    <foa endtime="541.4" starttime="540.56" type="place" place="slide-screen" nite:id="natasa_IS1003b_B.foa.265"/>
    <foa endtime="542.4" starttime="541.4" type="place" place="table" nite:id="natasa_IS1003b_B.foa.266"/>
    <foa endtime="543.08" starttime="542.4" type="person" role="UI" nxt_agent="D" nite:id="natasa_IS1003b_B.foa.267"/>
    <foa endtime="544.2" starttime="543.08" type="place" place="slide-screen" nite:id="natasa_IS1003b_B.foa.268"/>
    <foa endtime="544.68" starttime="544.2" type="place" place="table" nite:id="natasa_IS1003b_B.foa.269"/>
    <foa endtime="548.88" starttime="544.68" type="place" place="slide-screen" nite:id="natasa_IS1003b_B.foa.270"/>
    <foa endtime="549.24" starttime="548.88" type="place" place="table" nite:id="natasa_IS1003b_B.foa.271"/>
    <foa endtime="549.6" starttime="549.24" type="person" role="UI" nxt_agent="D" nite:id="natasa_IS1003b_B.foa.272"/>
    <foa endtime="550.96" starttime="549.6" type="place" place="slide-screen" nite:id="natasa_IS1003b_B.foa.273"/>
    <foa endtime="551.2" starttime="550.96" type="person" role="ME" nxt_agent="A" nite:id="natasa_IS1003b_B.foa.274"/>
    <foa endtime="553.12" starttime="551.2" type="place" place="slide-screen" nite:id="natasa_IS1003b_B.foa.275"/>
    <foa endtime="554.48" starttime="553.12" type="place" place="table" nite:id="natasa_IS1003b_B.foa.276"/>
    <foa endtime="554.84" starttime="554.48" type="person" role="ME" nxt_agent="A" nite:id="natasa_IS1003b_B.foa.277"/>
    <foa endtime="555.28" starttime="554.84" type="person" role="UI" nxt_agent="D" nite:id="natasa_IS1003b_B.foa.278"/>
    <foa endtime="558.36" starttime="555.28" type="place" place="table" nite:id="natasa_IS1003b_B.foa.279"/>
    <foa endtime="558.68" starttime="558.36" type="person" role="UI" nxt_agent="D" nite:id="natasa_IS1003b_B.foa.280"/>
    <foa endtime="559.04" starttime="558.68" type="unspecified" nite:id="natasa_IS1003b_B.foa.281"/>
    <foa endtime="559.52" starttime="559.04" type="place" place="slide-screen" nite:id="natasa_IS1003b_B.foa.282"/>
    <foa endtime="559.88" starttime="559.52" type="person" role="ME" nxt_agent="A" nite:id="natasa_IS1003b_B.foa.283"/>
    <foa endtime="560.96" starttime="559.88" type="place" place="table" nite:id="natasa_IS1003b_B.foa.284"/>
    <foa endtime="561.48" starttime="560.96" type="person" role="UI" nxt_agent="D" nite:id="natasa_IS1003b_B.foa.285"/>
    <foa endtime="561.72" starttime="561.48" type="person" role="ME" nxt_agent="A" nite:id="natasa_IS1003b_B.foa.286"/>
    <foa endtime="563.84" starttime="561.72" type="person" role="UI" nxt_agent="D" nite:id="natasa_IS1003b_B.foa.287"/>
    <foa endtime="565.2" starttime="563.84" type="place" place="table" nite:id="natasa_IS1003b_B.foa.288"/>
    <foa endtime="567.88" starttime="565.2" type="place" place="slide-screen" nite:id="natasa_IS1003b_B.foa.289"/>
    <foa endtime="569.88" starttime="567.88" type="place" place="table" nite:id="natasa_IS1003b_B.foa.290"/>
    <foa endtime="571.52" starttime="569.88" type="place" place="slide-screen" nite:id="natasa_IS1003b_B.foa.291"/>
    <foa endtime="572.92" starttime="571.52" type="place" place="table" nite:id="natasa_IS1003b_B.foa.292"/>
    <foa endtime="573.52" starttime="572.92" type="place" place="slide-screen" nite:id="natasa_IS1003b_B.foa.293"/>
    <foa endtime="574.12" starttime="573.52" type="person" role="UI" nxt_agent="D" nite:id="natasa_IS1003b_B.foa.294"/>
    <foa endtime="574.64" starttime="574.12" type="person" role="ME" nxt_agent="A" nite:id="natasa_IS1003b_B.foa.295"/>
    <foa endtime="576.84" starttime="574.64" type="person" role="UI" nxt_agent="D" nite:id="natasa_IS1003b_B.foa.296"/>
    <foa endtime="577.08" starttime="576.84" type="place" place="slide-screen" nite:id="natasa_IS1003b_B.foa.297"/>
    <foa endtime="577.44" starttime="577.08" type="person" role="PM" nxt_agent="C" nite:id="natasa_IS1003b_B.foa.298"/>
    <foa endtime="578.12" starttime="577.44" type="place" place="table" nite:id="natasa_IS1003b_B.foa.299"/>
    <foa endtime="579.32" starttime="578.12" type="person" role="ME" nxt_agent="A" nite:id="natasa_IS1003b_B.foa.300"/>
    <foa endtime="582.64" starttime="579.32" type="place" place="slide-screen" nite:id="natasa_IS1003b_B.foa.301"/>
    <foa endtime="586.28" starttime="582.64" type="place" place="table" nite:id="natasa_IS1003b_B.foa.302"/>
    <foa endtime="586.68" starttime="586.28" type="person" role="UI" nxt_agent="D" nite:id="natasa_IS1003b_B.foa.303"/>
    <foa endtime="588.64" starttime="586.68" type="place" place="slide-screen" nite:id="natasa_IS1003b_B.foa.304"/>
    <foa endtime="589.36" starttime="588.64" type="person" role="ME" nxt_agent="A" nite:id="natasa_IS1003b_B.foa.305"/>
    <foa endtime="590.32" starttime="589.36" type="place" place="slide-screen" nite:id="natasa_IS1003b_B.foa.306"/>
    <foa endtime="592.88" starttime="590.32" type="place" place="table" nite:id="natasa_IS1003b_B.foa.307"/>
    <foa endtime="594.08" starttime="592.88" type="person" role="UI" nxt_agent="D" nite:id="natasa_IS1003b_B.foa.308"/>
    <foa endtime="595.44" starttime="594.08" type="place" place="slide-screen" nite:id="natasa_IS1003b_B.foa.309"/>
    <foa endtime="597.0" starttime="595.44" type="person" role="UI" nxt_agent="D" nite:id="natasa_IS1003b_B.foa.310"/>
    <foa endtime="597.52" starttime="597.0" type="place" place="table" nite:id="natasa_IS1003b_B.foa.311"/>
    <foa endtime="598.52" starttime="597.52" type="person" role="UI" nxt_agent="D" nite:id="natasa_IS1003b_B.foa.312"/>
    <foa endtime="599.72" starttime="598.52" type="place" place="table" nite:id="natasa_IS1003b_B.foa.313"/>
    <foa endtime="600.64" starttime="599.72" type="person" role="UI" nxt_agent="D" nite:id="natasa_IS1003b_B.foa.314"/>
    <foa endtime="601.0" starttime="600.64" type="place" place="table" nite:id="natasa_IS1003b_B.foa.315"/>
    <foa endtime="601.68" starttime="601.0" type="person" role="ME" nxt_agent="A" nite:id="natasa_IS1003b_B.foa.316"/>
    <foa endtime="602.92" starttime="601.68" type="person" role="UI" nxt_agent="D" nite:id="natasa_IS1003b_B.foa.317"/>
    <foa endtime="605.12" starttime="602.92" type="place" place="table" nite:id="natasa_IS1003b_B.foa.318"/>
    <foa endtime="607.32" starttime="605.12" type="person" role="UI" nxt_agent="D" nite:id="natasa_IS1003b_B.foa.319"/>
    <foa endtime="608.12" starttime="607.32" type="unspecified" nite:id="natasa_IS1003b_B.foa.320"/>
    <foa endtime="609.96" starttime="608.12" type="person" role="UI" nxt_agent="D" nite:id="natasa_IS1003b_B.foa.321"/>
    <foa endtime="610.72" starttime="609.96" type="person" role="ME" nxt_agent="A" nite:id="natasa_IS1003b_B.foa.322"/>
    <foa endtime="611.44" starttime="610.72" type="person" role="UI" nxt_agent="D" nite:id="natasa_IS1003b_B.foa.323"/>
    <foa endtime="611.8" starttime="611.44" type="place" place="table" nite:id="natasa_IS1003b_B.foa.324"/>
    <foa endtime="613.52" starttime="611.8" type="person" role="UI" nxt_agent="D" nite:id="natasa_IS1003b_B.foa.325"/>
    <foa endtime="615.04" starttime="613.52" type="person" role="ME" nxt_agent="A" nite:id="natasa_IS1003b_B.foa.326"/>
    <foa endtime="615.4" starttime="615.04" type="person" role="UI" nxt_agent="D" nite:id="natasa_IS1003b_B.foa.327"/>
    <foa endtime="616.64" starttime="615.4" type="person" role="ME" nxt_agent="A" nite:id="natasa_IS1003b_B.foa.328"/>
    <foa endtime="620.24" starttime="616.64" type="person" role="UI" nxt_agent="D" nite:id="natasa_IS1003b_B.foa.329"/>
    <foa endtime="620.48" starttime="620.24" type="person" role="ME" nxt_agent="A" nite:id="natasa_IS1003b_B.foa.330"/>
    <foa endtime="621.0" starttime="620.48" type="person" role="UI" nxt_agent="D" nite:id="natasa_IS1003b_B.foa.331"/>
    <foa endtime="621.24" starttime="621.0" type="place" place="slide-screen" nite:id="natasa_IS1003b_B.foa.332"/>
    <foa endtime="621.6" starttime="621.24" type="person" role="PM" nxt_agent="C" nite:id="natasa_IS1003b_B.foa.333"/>
    <foa endtime="624.32" starttime="621.6" type="place" place="table" nite:id="natasa_IS1003b_B.foa.334"/>
    <foa endtime="624.68" starttime="624.32" type="person" role="UI" nxt_agent="D" nite:id="natasa_IS1003b_B.foa.335"/>
    <foa endtime="626.68" starttime="624.68" type="place" place="table" nite:id="natasa_IS1003b_B.foa.336"/>
    <foa endtime="627.32" starttime="626.68" type="person" role="ME" nxt_agent="A" nite:id="natasa_IS1003b_B.foa.337"/>
    <foa endtime="629.52" starttime="627.32" type="place" place="table" nite:id="natasa_IS1003b_B.foa.338"/>
    <foa endtime="630.12" starttime="629.52" type="place" place="slide-screen" nite:id="natasa_IS1003b_B.foa.339"/>
    <foa endtime="635.24" starttime="630.12" type="place" place="table" nite:id="natasa_IS1003b_B.foa.340"/>
    <foa endtime="635.48" starttime="635.24" type="person" role="UI" nxt_agent="D" nite:id="natasa_IS1003b_B.foa.341"/>
    <foa endtime="636.24" starttime="635.48" type="unspecified" nite:id="natasa_IS1003b_B.foa.342"/>
    <foa endtime="636.6" starttime="636.24" type="person" role="PM" nxt_agent="C" nite:id="natasa_IS1003b_B.foa.343"/>
    <foa endtime="642.88" starttime="636.6" type="place" place="table" nite:id="natasa_IS1003b_B.foa.344"/>
    <foa endtime="644.36" starttime="642.88" type="person" role="ME" nxt_agent="A" nite:id="natasa_IS1003b_B.foa.345"/>
    <foa endtime="645.12" starttime="644.36" type="unspecified" nite:id="natasa_IS1003b_B.foa.346"/>
    <foa endtime="646.92" starttime="645.12" type="place" place="table" nite:id="natasa_IS1003b_B.foa.347"/>
    <foa endtime="648.12" starttime="646.92" type="person" role="ME" nxt_agent="A" nite:id="natasa_IS1003b_B.foa.348"/>
    <foa endtime="650.36" starttime="648.12" type="place" place="table" nite:id="natasa_IS1003b_B.foa.349"/>
    <foa endtime="651.84" starttime="650.36" type="person" role="UI" nxt_agent="D" nite:id="natasa_IS1003b_B.foa.350"/>
    <foa endtime="655.16" starttime="651.84" type="place" place="slide-screen" nite:id="natasa_IS1003b_B.foa.351"/>
    <foa endtime="657.6" starttime="655.16" type="place" place="table" nite:id="natasa_IS1003b_B.foa.352"/>
    <foa endtime="658.08" starttime="657.6" type="person" role="ME" nxt_agent="A" nite:id="natasa_IS1003b_B.foa.353"/>
    <foa endtime="658.36" starttime="658.08" type="person" role="UI" nxt_agent="D" nite:id="natasa_IS1003b_B.foa.354"/>
    <foa endtime="658.8" starttime="658.36" type="person" role="ME" nxt_agent="A" nite:id="natasa_IS1003b_B.foa.355"/>
    <foa endtime="659.16" starttime="658.8" type="person" role="UI" nxt_agent="D" nite:id="natasa_IS1003b_B.foa.356"/>
    <foa endtime="659.76" starttime="659.16" type="unspecified" nite:id="natasa_IS1003b_B.foa.357"/>
    <foa endtime="661.2" starttime="659.76" type="person" role="UI" nxt_agent="D" nite:id="natasa_IS1003b_B.foa.358"/>
    <foa endtime="666.2" starttime="661.2" type="place" place="table" nite:id="natasa_IS1003b_B.foa.359"/>
    <foa endtime="666.84" starttime="666.2" type="unspecified" nite:id="natasa_IS1003b_B.foa.360"/>
    <foa endtime="670.24" starttime="666.84" type="place" place="table" nite:id="natasa_IS1003b_B.foa.361"/>
    <foa endtime="672.64" starttime="670.24" type="person" role="UI" nxt_agent="D" nite:id="natasa_IS1003b_B.foa.362"/>
    <foa endtime="675.88" starttime="672.64" type="place" place="table" nite:id="natasa_IS1003b_B.foa.363"/>
    <foa endtime="676.12" starttime="675.88" type="person" role="UI" nxt_agent="D" nite:id="natasa_IS1003b_B.foa.364"/>
    <foa endtime="676.48" starttime="676.12" type="person" role="PM" nxt_agent="C" nite:id="natasa_IS1003b_B.foa.365"/>
    <foa endtime="677.56" starttime="676.48" type="place" place="slide-screen" nite:id="natasa_IS1003b_B.foa.366"/>
    <foa endtime="677.8" starttime="677.56" type="person" role="PM" nxt_agent="C" nite:id="natasa_IS1003b_B.foa.367"/>
    <foa endtime="678.52" starttime="677.8" type="place" place="slide-screen" nite:id="natasa_IS1003b_B.foa.368"/>
    <foa endtime="679.96" starttime="678.52" type="person" role="UI" nxt_agent="D" nite:id="natasa_IS1003b_B.foa.369"/>
    <foa endtime="680.2" starttime="679.96" type="person" role="ME" nxt_agent="A" nite:id="natasa_IS1003b_B.foa.370"/>
    <foa endtime="681.36" starttime="680.2" type="place" place="slide-screen" nite:id="natasa_IS1003b_B.foa.371"/>
    <foa endtime="687.04" starttime="681.36" type="place" place="table" nite:id="natasa_IS1003b_B.foa.372"/>
    <foa endtime="687.4" starttime="687.04" type="person" role="UI" nxt_agent="D" nite:id="natasa_IS1003b_B.foa.373"/>
    <foa endtime="689.12" starttime="687.4" type="place" place="slide-screen" nite:id="natasa_IS1003b_B.foa.374"/>
    <foa endtime="690.4" starttime="689.12" type="person" role="UI" nxt_agent="D" nite:id="natasa_IS1003b_B.foa.375"/>
    <foa endtime="692.52" starttime="690.4" type="place" place="table" nite:id="natasa_IS1003b_B.foa.376"/>
    <foa endtime="693.04" starttime="692.52" type="place" place="slide-screen" nite:id="natasa_IS1003b_B.foa.377"/>
    <foa endtime="694.68" starttime="693.04" type="place" place="table" nite:id="natasa_IS1003b_B.foa.378"/>
    <foa endtime="698.0" starttime="694.68" type="place" place="slide-screen" nite:id="natasa_IS1003b_B.foa.379"/>
    <foa endtime="700.68" starttime="698.0" type="place" place="table" nite:id="natasa_IS1003b_B.foa.380"/>
    <foa endtime="705.16" starttime="700.68" type="place" place="slide-screen" nite:id="natasa_IS1003b_B.foa.381"/>
    <foa endtime="706.36" starttime="705.16" type="place" place="table" nite:id="natasa_IS1003b_B.foa.382"/>
    <foa endtime="706.68" starttime="706.36" type="place" place="slide-screen" nite:id="natasa_IS1003b_B.foa.383"/>
    <foa endtime="707.2" starttime="706.68" type="person" role="PM" nxt_agent="C" nite:id="natasa_IS1003b_B.foa.384"/>
    <foa endtime="707.84" starttime="707.2" type="person" role="UI" nxt_agent="D" nite:id="natasa_IS1003b_B.foa.385"/>
    <foa endtime="712.92" starttime="707.84" type="place" place="table" nite:id="natasa_IS1003b_B.foa.386"/>
    <foa endtime="713.68" starttime="712.92" type="person" role="UI" nxt_agent="D" nite:id="natasa_IS1003b_B.foa.387"/>
    <foa endtime="713.92" starttime="713.68" type="person" role="ME" nxt_agent="A" nite:id="natasa_IS1003b_B.foa.388"/>
    <foa endtime="717.72" starttime="713.92" type="place" place="table" nite:id="natasa_IS1003b_B.foa.389"/>
    <foa endtime="717.96" starttime="717.72" type="person" role="UI" nxt_agent="D" nite:id="natasa_IS1003b_B.foa.390"/>
    <foa endtime="721.32" starttime="717.96" type="place" place="table" nite:id="natasa_IS1003b_B.foa.391"/>
    <foa endtime="728.36" starttime="721.32" type="person" role="UI" nxt_agent="D" nite:id="natasa_IS1003b_B.foa.392"/>
    <foa endtime="730.08" starttime="728.36" type="person" role="ME" nxt_agent="A" nite:id="natasa_IS1003b_B.foa.393"/>
    <foa endtime="732.88" starttime="730.08" type="place" place="table" nite:id="natasa_IS1003b_B.foa.394"/>
    <foa endtime="733.68" starttime="732.88" type="person" role="UI" nxt_agent="D" nite:id="natasa_IS1003b_B.foa.395"/>
    <foa endtime="733.92" starttime="733.68" type="person" role="ME" nxt_agent="A" nite:id="natasa_IS1003b_B.foa.396"/>
    <foa endtime="734.64" starttime="733.92" type="person" role="UI" nxt_agent="D" nite:id="natasa_IS1003b_B.foa.397"/>
    <foa endtime="736.0" starttime="734.64" type="place" place="slide-screen" nite:id="natasa_IS1003b_B.foa.398"/>
    <foa endtime="737.04" starttime="736.0" type="person" role="UI" nxt_agent="D" nite:id="natasa_IS1003b_B.foa.399"/>
    <foa endtime="737.76" starttime="737.04" type="unspecified" nite:id="natasa_IS1003b_B.foa.400"/>
    <foa endtime="738.92" starttime="737.76" type="person" role="ME" nxt_agent="A" nite:id="natasa_IS1003b_B.foa.401"/>
    <foa endtime="741.76" starttime="738.92" type="place" place="table" nite:id="natasa_IS1003b_B.foa.402"/>
    <foa endtime="742.24" starttime="741.76" type="person" role="UI" nxt_agent="D" nite:id="natasa_IS1003b_B.foa.403"/>
    <foa endtime="743.72" starttime="742.24" type="place" place="slide-screen" nite:id="natasa_IS1003b_B.foa.404"/>
    <foa endtime="744.12" starttime="743.72" type="person" role="UI" nxt_agent="D" nite:id="natasa_IS1003b_B.foa.405"/>
    <foa endtime="745.32" starttime="744.12" type="place" place="slide-screen" nite:id="natasa_IS1003b_B.foa.406"/>
    <foa endtime="745.88" starttime="745.32" type="person" role="UI" nxt_agent="D" nite:id="natasa_IS1003b_B.foa.407"/>
    <foa endtime="746.52" starttime="745.88" type="place" place="slide-screen" nite:id="natasa_IS1003b_B.foa.408"/>
    <foa endtime="747.56" starttime="746.52" type="person" role="UI" nxt_agent="D" nite:id="natasa_IS1003b_B.foa.409"/>
    <foa endtime="748.12" starttime="747.56" type="place" place="slide-screen" nite:id="natasa_IS1003b_B.foa.410"/>
    <foa endtime="749.04" starttime="748.12" type="person" role="UI" nxt_agent="D" nite:id="natasa_IS1003b_B.foa.411"/>
    <foa endtime="749.84" starttime="749.04" type="person" role="ME" nxt_agent="A" nite:id="natasa_IS1003b_B.foa.412"/>
    <foa endtime="750.08" starttime="749.84" type="unspecified" nite:id="natasa_IS1003b_B.foa.413"/>
    <foa endtime="752.44" starttime="750.08" type="person" role="UI" nxt_agent="D" nite:id="natasa_IS1003b_B.foa.414"/>
    <foa endtime="755.04" starttime="752.44" type="place" place="slide-screen" nite:id="natasa_IS1003b_B.foa.415"/>
    <foa endtime="757.6" starttime="755.04" type="person" role="UI" nxt_agent="D" nite:id="natasa_IS1003b_B.foa.416"/>
    <foa endtime="763.12" starttime="757.6" type="place" place="table" nite:id="natasa_IS1003b_B.foa.417"/>
    <foa endtime="763.64" starttime="763.12" type="person" role="UI" nxt_agent="D" nite:id="natasa_IS1003b_B.foa.418"/>
    <foa endtime="767.92" starttime="763.64" type="place" place="table" nite:id="natasa_IS1003b_B.foa.419"/>
    <foa endtime="768.36" starttime="767.92" type="person" role="UI" nxt_agent="D" nite:id="natasa_IS1003b_B.foa.420"/>
    <foa endtime="774.48" starttime="768.36" type="place" place="table" nite:id="natasa_IS1003b_B.foa.421"/>
    <foa endtime="776.2" starttime="774.48" type="person" role="ME" nxt_agent="A" nite:id="natasa_IS1003b_B.foa.422"/>
    <foa endtime="779.76" starttime="776.2" type="place" place="table" nite:id="natasa_IS1003b_B.foa.423"/>
    <foa endtime="780.16" starttime="779.76" type="person" role="ME" nxt_agent="A" nite:id="natasa_IS1003b_B.foa.424"/>
    <foa endtime="780.84" starttime="780.16" type="place" place="table" nite:id="natasa_IS1003b_B.foa.425"/>
    <foa endtime="795.28" starttime="780.84" type="place" place="slide-screen" nite:id="natasa_IS1003b_B.foa.426"/>
    <foa endtime="795.64" starttime="795.28" type="unspecified" nite:id="natasa_IS1003b_B.foa.427"/>
    <foa endtime="796.12" starttime="795.64" type="person" role="ME" nxt_agent="A" nite:id="natasa_IS1003b_B.foa.428"/>
    <foa endtime="800.6" starttime="796.12" type="place" place="slide-screen" nite:id="natasa_IS1003b_B.foa.429"/>
    <foa endtime="803.68" starttime="800.6" type="place" place="table" nite:id="natasa_IS1003b_B.foa.430"/>
    <foa endtime="803.92" starttime="803.68" type="place" place="slide-screen" nite:id="natasa_IS1003b_B.foa.431"/>
    <foa endtime="807.56" starttime="803.92" type="place" place="table" nite:id="natasa_IS1003b_B.foa.432"/>
    <foa endtime="836.72" starttime="807.56" type="place" place="slide-screen" nite:id="natasa_IS1003b_B.foa.433"/>
    <foa endtime="837.28" starttime="836.72" type="person" role="ME" nxt_agent="A" nite:id="natasa_IS1003b_B.foa.434"/>
    <foa endtime="838.48" starttime="837.28" type="place" place="slide-screen" nite:id="natasa_IS1003b_B.foa.435"/>
    <foa endtime="839.88" starttime="838.48" type="place" place="table" nite:id="natasa_IS1003b_B.foa.436"/>
    <foa endtime="840.32" starttime="839.88" type="place" place="slide-screen" nite:id="natasa_IS1003b_B.foa.437"/>
    <foa endtime="840.56" starttime="840.32" type="person" role="PM" nxt_agent="C" nite:id="natasa_IS1003b_B.foa.438"/>
    <foa endtime="845.68" starttime="840.56" type="place" place="table" nite:id="natasa_IS1003b_B.foa.439"/>
    <foa endtime="855.72" starttime="845.68" type="place" place="slide-screen" nite:id="natasa_IS1003b_B.foa.440"/>
    <foa endtime="855.96" starttime="855.72" type="place" place="table" nite:id="natasa_IS1003b_B.foa.441"/>
    <foa endtime="858.4" starttime="855.96" type="person" role="ME" nxt_agent="A" nite:id="natasa_IS1003b_B.foa.442"/>
    <foa endtime="867.4" starttime="858.4" type="place" place="slide-screen" nite:id="natasa_IS1003b_B.foa.443"/>
    <foa endtime="897.12" starttime="867.4" type="place" place="table" nite:id="natasa_IS1003b_B.foa.444"/>
    <foa endtime="899.76" starttime="897.12" type="place" place="slide-screen" nite:id="natasa_IS1003b_B.foa.445"/>
    <foa endtime="902.16" starttime="899.76" type="place" place="table" nite:id="natasa_IS1003b_B.foa.446"/>
    <foa endtime="902.4" starttime="902.16" type="person" role="ME" nxt_agent="A" nite:id="natasa_IS1003b_B.foa.447"/>
    <foa endtime="905.16" starttime="902.4" type="place" place="slide-screen" nite:id="natasa_IS1003b_B.foa.448"/>
    <foa endtime="906.04" starttime="905.16" type="place" place="table" nite:id="natasa_IS1003b_B.foa.449"/>
    <foa endtime="911.2" starttime="906.04" type="place" place="slide-screen" nite:id="natasa_IS1003b_B.foa.450"/>
    <foa endtime="912.0" starttime="911.2" type="person" role="ME" nxt_agent="A" nite:id="natasa_IS1003b_B.foa.451"/>
    <foa endtime="915.8" starttime="912.0" type="place" place="table" nite:id="natasa_IS1003b_B.foa.452"/>
    <foa endtime="920.96" starttime="915.8" type="place" place="slide-screen" nite:id="natasa_IS1003b_B.foa.453"/>
    <foa endtime="922.28" starttime="920.96" type="place" place="table" nite:id="natasa_IS1003b_B.foa.454"/>
    <foa endtime="922.68" starttime="922.28" type="place" place="slide-screen" nite:id="natasa_IS1003b_B.foa.455"/>
    <foa endtime="924.36" starttime="922.68" type="place" place="table" nite:id="natasa_IS1003b_B.foa.456"/>
    <foa endtime="928.6" starttime="924.36" type="place" place="slide-screen" nite:id="natasa_IS1003b_B.foa.457"/>
    <foa endtime="943.28" starttime="928.6" type="place" place="table" nite:id="natasa_IS1003b_B.foa.458"/>
    <foa endtime="943.68" starttime="943.28" type="person" role="ME" nxt_agent="A" nite:id="natasa_IS1003b_B.foa.459"/>
    <foa endtime="945.28" starttime="943.68" type="unspecified" nite:id="natasa_IS1003b_B.foa.460"/>
    <foa endtime="945.52" starttime="945.28" type="person" role="ME" nxt_agent="A" nite:id="natasa_IS1003b_B.foa.461"/>
    <foa endtime="953.8" starttime="945.52" type="place" place="slide-screen" nite:id="natasa_IS1003b_B.foa.462"/>
    <foa endtime="957.96" starttime="953.8" type="place" place="table" nite:id="natasa_IS1003b_B.foa.463"/>
    <foa endtime="963.84" starttime="957.96" type="place" place="slide-screen" nite:id="natasa_IS1003b_B.foa.464"/>
    <foa endtime="971.68" starttime="963.84" type="place" place="table" nite:id="natasa_IS1003b_B.foa.465"/>
    <foa endtime="971.92" starttime="971.68" type="person" role="UI" nxt_agent="D" nite:id="natasa_IS1003b_B.foa.466"/>
    <foa endtime="972.8" starttime="971.92" type="person" role="ME" nxt_agent="A" nite:id="natasa_IS1003b_B.foa.467"/>
    <foa endtime="978.52" starttime="972.8" type="place" place="slide-screen" nite:id="natasa_IS1003b_B.foa.468"/>
    <foa endtime="979.12" starttime="978.52" type="person" role="ME" nxt_agent="A" nite:id="natasa_IS1003b_B.foa.469"/>
    <foa endtime="980.6" starttime="979.12" type="place" place="table" nite:id="natasa_IS1003b_B.foa.470"/>
    <foa endtime="982.56" starttime="980.6" type="place" place="slide-screen" nite:id="natasa_IS1003b_B.foa.471"/>
    <foa endtime="986.52" starttime="982.56" type="place" place="table" nite:id="natasa_IS1003b_B.foa.472"/>
    <foa endtime="989.8" starttime="986.52" type="place" place="slide-screen" nite:id="natasa_IS1003b_B.foa.473"/>
    <foa endtime="990.04" starttime="989.8" type="place" place="table" nite:id="natasa_IS1003b_B.foa.474"/>
    <foa endtime="992.16" starttime="990.04" type="place" place="slide-screen" nite:id="natasa_IS1003b_B.foa.475"/>
    <foa endtime="992.4" starttime="992.16" type="person" role="PM" nxt_agent="C" nite:id="natasa_IS1003b_B.foa.476"/>
    <foa endtime="994.6" starttime="992.4" type="place" place="table" nite:id="natasa_IS1003b_B.foa.477"/>
    <foa endtime="994.96" starttime="994.6" type="person" role="PM" nxt_agent="C" nite:id="natasa_IS1003b_B.foa.478"/>
    <foa endtime="996.0" starttime="994.96" type="place" place="table" nite:id="natasa_IS1003b_B.foa.479"/>
    <foa endtime="996.48" starttime="996.0" type="person" role="PM" nxt_agent="C" nite:id="natasa_IS1003b_B.foa.480"/>
    <foa endtime="997.8" starttime="996.48" type="place" place="table" nite:id="natasa_IS1003b_B.foa.481"/>
    <foa endtime="998.04" starttime="997.8" type="person" role="UI" nxt_agent="D" nite:id="natasa_IS1003b_B.foa.482"/>
    <foa endtime="999.2" starttime="998.04" type="place" place="slide-screen" nite:id="natasa_IS1003b_B.foa.483"/>
    <foa endtime="999.44" starttime="999.2" type="unspecified" nite:id="natasa_IS1003b_B.foa.484"/>
    <foa endtime="1002.8" starttime="999.44" type="person" role="UI" nxt_agent="D" nite:id="natasa_IS1003b_B.foa.485"/>
    <foa endtime="1005.2" starttime="1002.8" type="place" place="table" nite:id="natasa_IS1003b_B.foa.486"/>
    <foa endtime="1005.72" starttime="1005.2" type="person" role="UI" nxt_agent="D" nite:id="natasa_IS1003b_B.foa.487"/>
    <foa endtime="1006.8" starttime="1005.72" type="place" place="slide-screen" nite:id="natasa_IS1003b_B.foa.488"/>
    <foa endtime="1008.8" starttime="1006.8" type="place" place="table" nite:id="natasa_IS1003b_B.foa.489"/>
    <foa endtime="1009.44" starttime="1008.8" type="person" role="UI" nxt_agent="D" nite:id="natasa_IS1003b_B.foa.490"/>
    <foa endtime="1010.16" starttime="1009.44" type="place" place="table" nite:id="natasa_IS1003b_B.foa.491"/>
    <foa endtime="1011.16" starttime="1010.16" type="person" role="UI" nxt_agent="D" nite:id="natasa_IS1003b_B.foa.492"/>
    <foa endtime="1012.44" starttime="1011.16" type="place" place="table" nite:id="natasa_IS1003b_B.foa.493"/>
    <foa endtime="1013.88" starttime="1012.44" type="person" role="UI" nxt_agent="D" nite:id="natasa_IS1003b_B.foa.494"/>
    <foa endtime="1019.32" starttime="1013.88" type="place" place="table" nite:id="natasa_IS1003b_B.foa.495"/>
    <foa endtime="1022.16" starttime="1019.32" type="person" role="UI" nxt_agent="D" nite:id="natasa_IS1003b_B.foa.496"/>
    <foa endtime="1027.12" starttime="1022.16" type="place" place="table" nite:id="natasa_IS1003b_B.foa.497"/>
    <foa endtime="1027.8" starttime="1027.12" type="person" role="UI" nxt_agent="D" nite:id="natasa_IS1003b_B.foa.498"/>
    <foa endtime="1028.28" starttime="1027.8" type="unspecified" nite:id="natasa_IS1003b_B.foa.499"/>
    <foa endtime="1028.88" starttime="1028.28" type="person" role="UI" nxt_agent="D" nite:id="natasa_IS1003b_B.foa.500"/>
    <foa endtime="1031.12" starttime="1028.88" type="place" place="table" nite:id="natasa_IS1003b_B.foa.501"/>
    <foa endtime="1031.84" starttime="1031.12" type="person" role="ME" nxt_agent="A" nite:id="natasa_IS1003b_B.foa.502"/>
    <foa endtime="1032.2" starttime="1031.84" type="person" role="UI" nxt_agent="D" nite:id="natasa_IS1003b_B.foa.503"/>
    <foa endtime="1032.8" starttime="1032.2" type="person" role="ME" nxt_agent="A" nite:id="natasa_IS1003b_B.foa.504"/>
    <foa endtime="1034.0" starttime="1032.8" type="person" role="UI" nxt_agent="D" nite:id="natasa_IS1003b_B.foa.505"/>
    <foa endtime="1034.76" starttime="1034.0" type="place" place="slide-screen" nite:id="natasa_IS1003b_B.foa.506"/>
    <foa endtime="1035.0" starttime="1034.76" type="person" role="PM" nxt_agent="C" nite:id="natasa_IS1003b_B.foa.507"/>
    <foa endtime="1035.48" starttime="1035.0" type="person" role="UI" nxt_agent="D" nite:id="natasa_IS1003b_B.foa.508"/>
    <foa endtime="1035.96" starttime="1035.48" type="place" place="slide-screen" nite:id="natasa_IS1003b_B.foa.509"/>
    <foa endtime="1036.36" starttime="1035.96" type="place" place="table" nite:id="natasa_IS1003b_B.foa.510"/>
    <foa endtime="1037.6" starttime="1036.36" type="person" role="UI" nxt_agent="D" nite:id="natasa_IS1003b_B.foa.511"/>
    <foa endtime="1038.16" starttime="1037.6" type="place" place="slide-screen" nite:id="natasa_IS1003b_B.foa.512"/>
    <foa endtime="1039.08" starttime="1038.16" type="person" role="UI" nxt_agent="D" nite:id="natasa_IS1003b_B.foa.513"/>
    <foa endtime="1049.0" starttime="1039.08" type="place" place="table" nite:id="natasa_IS1003b_B.foa.514"/>
    <foa endtime="1049.56" starttime="1049.0" type="person" role="UI" nxt_agent="D" nite:id="natasa_IS1003b_B.foa.515"/>
    <foa endtime="1050.64" starttime="1049.56" type="place" place="table" nite:id="natasa_IS1003b_B.foa.516"/>
    <foa endtime="1051.76" starttime="1050.64" type="person" role="UI" nxt_agent="D" nite:id="natasa_IS1003b_B.foa.517"/>
    <foa endtime="1052.36" starttime="1051.76" type="place" place="slide-screen" nite:id="natasa_IS1003b_B.foa.518"/>
    <foa endtime="1055.12" starttime="1052.36" type="person" role="UI" nxt_agent="D" nite:id="natasa_IS1003b_B.foa.519"/>
    <foa endtime="1055.6" starttime="1055.12" type="place" place="table" nite:id="natasa_IS1003b_B.foa.520"/>
    <foa endtime="1067.28" starttime="1055.6" type="person" role="UI" nxt_agent="D" nite:id="natasa_IS1003b_B.foa.521"/>
    <foa endtime="1069.84" starttime="1067.28" type="place" place="table" nite:id="natasa_IS1003b_B.foa.522"/>
    <foa endtime="1070.24" starttime="1069.84" type="person" role="UI" nxt_agent="D" nite:id="natasa_IS1003b_B.foa.523"/>
    <foa endtime="1072.44" starttime="1070.24" type="place" place="table" nite:id="natasa_IS1003b_B.foa.524"/>
    <foa endtime="1072.8" starttime="1072.44" type="person" role="UI" nxt_agent="D" nite:id="natasa_IS1003b_B.foa.525"/>
    <foa endtime="1076.76" starttime="1072.8" type="place" place="table" nite:id="natasa_IS1003b_B.foa.526"/>
    <foa endtime="1081.4" starttime="1076.76" type="place" place="slide-screen" nite:id="natasa_IS1003b_B.foa.527"/>
    <foa endtime="1082.96" starttime="1081.4" type="person" role="UI" nxt_agent="D" nite:id="natasa_IS1003b_B.foa.528"/>
    <foa endtime="1083.32" starttime="1082.96" type="place" place="table" nite:id="natasa_IS1003b_B.foa.529"/>
    <foa endtime="1083.56" starttime="1083.32" type="person" role="UI" nxt_agent="D" nite:id="natasa_IS1003b_B.foa.530"/>
    <foa endtime="1093.68" starttime="1083.56" type="place" place="slide-screen" nite:id="natasa_IS1003b_B.foa.531"/>
    <foa endtime="1094.64" starttime="1093.68" type="person" role="UI" nxt_agent="D" nite:id="natasa_IS1003b_B.foa.532"/>
    <foa endtime="1095.12" starttime="1094.64" type="place" place="slide-screen" nite:id="natasa_IS1003b_B.foa.533"/>
    <foa endtime="1099.12" starttime="1095.12" type="person" role="UI" nxt_agent="D" nite:id="natasa_IS1003b_B.foa.534"/>
    <foa endtime="1099.8" starttime="1099.12" type="place" place="slide-screen" nite:id="natasa_IS1003b_B.foa.535"/>
    <foa endtime="1100.28" starttime="1099.8" type="person" role="UI" nxt_agent="D" nite:id="natasa_IS1003b_B.foa.536"/>
    <foa endtime="1100.76" starttime="1100.28" type="place" place="slide-screen" nite:id="natasa_IS1003b_B.foa.537"/>
    <foa endtime="1101.36" starttime="1100.76" type="person" role="UI" nxt_agent="D" nite:id="natasa_IS1003b_B.foa.538"/>
    <foa endtime="1101.72" starttime="1101.36" type="person" role="ME" nxt_agent="A" nite:id="natasa_IS1003b_B.foa.539"/>
    <foa endtime="1103.52" starttime="1101.72" type="person" role="UI" nxt_agent="D" nite:id="natasa_IS1003b_B.foa.540"/>
    <foa endtime="1104.6" starttime="1103.52" type="place" place="slide-screen" nite:id="natasa_IS1003b_B.foa.541"/>
    <foa endtime="1105.08" starttime="1104.6" type="person" role="UI" nxt_agent="D" nite:id="natasa_IS1003b_B.foa.542"/>
    <foa endtime="1105.68" starttime="1105.08" type="place" place="table" nite:id="natasa_IS1003b_B.foa.543"/>
    <foa endtime="1107.72" starttime="1105.68" type="person" role="UI" nxt_agent="D" nite:id="natasa_IS1003b_B.foa.544"/>
    <foa endtime="1108.08" starttime="1107.72" type="person" role="ME" nxt_agent="A" nite:id="natasa_IS1003b_B.foa.545"/>
    <foa endtime="1108.72" starttime="1108.08" type="person" role="UI" nxt_agent="D" nite:id="natasa_IS1003b_B.foa.546"/>
    <foa endtime="1109.4" starttime="1108.72" type="place" place="slide-screen" nite:id="natasa_IS1003b_B.foa.547"/>
    <foa endtime="1110.16" starttime="1109.4" type="person" role="UI" nxt_agent="D" nite:id="natasa_IS1003b_B.foa.548"/>
    <foa endtime="1110.64" starttime="1110.16" type="person" role="PM" nxt_agent="C" nite:id="natasa_IS1003b_B.foa.549"/>
    <foa endtime="1111.12" starttime="1110.64" type="place" place="slide-screen" nite:id="natasa_IS1003b_B.foa.550"/>
    <foa endtime="1111.72" starttime="1111.12" type="person" role="ME" nxt_agent="A" nite:id="natasa_IS1003b_B.foa.551"/>
    <foa endtime="1114.64" starttime="1111.72" type="person" role="UI" nxt_agent="D" nite:id="natasa_IS1003b_B.foa.552"/>
    <foa endtime="1115.12" starttime="1114.64" type="place" place="table" nite:id="natasa_IS1003b_B.foa.553"/>
    <foa endtime="1116.08" starttime="1115.12" type="person" role="UI" nxt_agent="D" nite:id="natasa_IS1003b_B.foa.554"/>
    <foa endtime="1116.8" starttime="1116.08" type="place" place="table" nite:id="natasa_IS1003b_B.foa.555"/>
    <foa endtime="1117.24" starttime="1116.8" type="person" role="ME" nxt_agent="A" nite:id="natasa_IS1003b_B.foa.556"/>
    <foa endtime="1117.6" starttime="1117.24" type="person" role="UI" nxt_agent="D" nite:id="natasa_IS1003b_B.foa.557"/>
    <foa endtime="1118.36" starttime="1117.6" type="place" place="table" nite:id="natasa_IS1003b_B.foa.558"/>
    <foa endtime="1118.84" starttime="1118.36" type="person" role="UI" nxt_agent="D" nite:id="natasa_IS1003b_B.foa.559"/>
    <foa endtime="1119.92" starttime="1118.84" type="place" place="table" nite:id="natasa_IS1003b_B.foa.560"/>
    <foa endtime="1120.6" starttime="1119.92" type="person" role="UI" nxt_agent="D" nite:id="natasa_IS1003b_B.foa.561"/>
    <foa endtime="1121.68" starttime="1120.6" type="place" place="table" nite:id="natasa_IS1003b_B.foa.562"/>
    <foa endtime="1122.28" starttime="1121.68" type="person" role="UI" nxt_agent="D" nite:id="natasa_IS1003b_B.foa.563"/>
    <foa endtime="1123.56" starttime="1122.28" type="place" place="table" nite:id="natasa_IS1003b_B.foa.564"/>
    <foa endtime="1123.92" starttime="1123.56" type="person" role="UI" nxt_agent="D" nite:id="natasa_IS1003b_B.foa.565"/>
    <foa endtime="1124.36" starttime="1123.92" type="place" place="table" nite:id="natasa_IS1003b_B.foa.566"/>
    <foa endtime="1124.84" starttime="1124.36" type="person" role="UI" nxt_agent="D" nite:id="natasa_IS1003b_B.foa.567"/>
    <foa endtime="1126.16" starttime="1124.84" type="place" place="table" nite:id="natasa_IS1003b_B.foa.568"/>
    <foa endtime="1127.32" starttime="1126.16" type="person" role="UI" nxt_agent="D" nite:id="natasa_IS1003b_B.foa.569"/>
    <foa endtime="1128.48" starttime="1127.32" type="person" role="PM" nxt_agent="C" nite:id="natasa_IS1003b_B.foa.570"/>
    <foa endtime="1130.64" starttime="1128.48" type="place" place="table" nite:id="natasa_IS1003b_B.foa.571"/>
    <foa endtime="1131.2" starttime="1130.64" type="person" role="ME" nxt_agent="A" nite:id="natasa_IS1003b_B.foa.572"/>
    <foa endtime="1132.96" starttime="1131.2" type="place" place="table" nite:id="natasa_IS1003b_B.foa.573"/>
    <foa endtime="1133.44" starttime="1132.96" type="person" role="UI" nxt_agent="D" nite:id="natasa_IS1003b_B.foa.574"/>
    <foa endtime="1137.32" starttime="1133.44" type="place" place="table" nite:id="natasa_IS1003b_B.foa.575"/>
    <foa endtime="1137.56" starttime="1137.32" type="unspecified" nite:id="natasa_IS1003b_B.foa.576"/>
    <foa endtime="1137.92" starttime="1137.56" type="person" role="PM" nxt_agent="C" nite:id="natasa_IS1003b_B.foa.577"/>
    <foa endtime="1139.12" starttime="1137.92" type="place" place="slide-screen" nite:id="natasa_IS1003b_B.foa.578"/>
    <foa endtime="1139.64" starttime="1139.12" type="place" place="table" nite:id="natasa_IS1003b_B.foa.579"/>
    <foa endtime="1142.04" starttime="1139.64" type="person" role="UI" nxt_agent="D" nite:id="natasa_IS1003b_B.foa.580"/>
    <foa endtime="1142.96" starttime="1142.04" type="place" place="table" nite:id="natasa_IS1003b_B.foa.581"/>
    <foa endtime="1143.44" starttime="1142.96" type="person" role="ME" nxt_agent="A" nite:id="natasa_IS1003b_B.foa.582"/>
    <foa endtime="1144.8" starttime="1143.44" type="person" role="UI" nxt_agent="D" nite:id="natasa_IS1003b_B.foa.583"/>
    <foa endtime="1146.92" starttime="1144.8" type="place" place="table" nite:id="natasa_IS1003b_B.foa.584"/>
    <foa endtime="1147.32" starttime="1146.92" type="person" role="UI" nxt_agent="D" nite:id="natasa_IS1003b_B.foa.585"/>
    <foa endtime="1148.08" starttime="1147.32" type="place" place="table" nite:id="natasa_IS1003b_B.foa.586"/>
    <foa endtime="1150.6" starttime="1148.08" type="person" role="ME" nxt_agent="A" nite:id="natasa_IS1003b_B.foa.587"/>
    <foa endtime="1151.64" starttime="1150.6" type="person" role="UI" nxt_agent="D" nite:id="natasa_IS1003b_B.foa.588"/>
    <foa endtime="1152.24" starttime="1151.64" type="place" place="table" nite:id="natasa_IS1003b_B.foa.589"/>
    <foa endtime="1157.92" starttime="1152.24" type="person" role="UI" nxt_agent="D" nite:id="natasa_IS1003b_B.foa.590"/>
    <foa endtime="1158.16" starttime="1157.92" type="unspecified" nite:id="natasa_IS1003b_B.foa.591"/>
    <foa endtime="1159.08" starttime="1158.16" type="person" role="PM" nxt_agent="C" nite:id="natasa_IS1003b_B.foa.592"/>
    <foa endtime="1159.84" starttime="1159.08" type="place" place="table" nite:id="natasa_IS1003b_B.foa.593"/>
    <foa endtime="1161.84" starttime="1159.84" type="person" role="PM" nxt_agent="C" nite:id="natasa_IS1003b_B.foa.594"/>
    <foa endtime="1163.12" starttime="1161.84" type="place" place="slide-screen" nite:id="natasa_IS1003b_B.foa.595"/>
    <foa endtime="1163.64" starttime="1163.12" type="person" role="PM" nxt_agent="C" nite:id="natasa_IS1003b_B.foa.596"/>
    <foa endtime="1165.16" starttime="1163.64" type="place" place="slide-screen" nite:id="natasa_IS1003b_B.foa.597"/>
    <foa endtime="1167.08" starttime="1165.16" type="person" role="UI" nxt_agent="D" nite:id="natasa_IS1003b_B.foa.598"/>
    <foa endtime="1173.64" starttime="1167.08" type="place" place="table" nite:id="natasa_IS1003b_B.foa.599"/>
    <foa endtime="1174.36" starttime="1173.64" type="person" role="PM" nxt_agent="C" nite:id="natasa_IS1003b_B.foa.600"/>
    <foa endtime="1191.76" starttime="1174.36" type="place" place="table" nite:id="natasa_IS1003b_B.foa.601"/>
    <foa endtime="1192.16" starttime="1191.76" type="person" role="UI" nxt_agent="D" nite:id="natasa_IS1003b_B.foa.602"/>
    <foa endtime="1192.48" starttime="1192.16" type="place" place="slide-screen" nite:id="natasa_IS1003b_B.foa.603"/>
    <foa endtime="1193.0" starttime="1192.48" type="person" role="PM" nxt_agent="C" nite:id="natasa_IS1003b_B.foa.604"/>
    <foa endtime="1193.96" starttime="1193.0" type="place" place="slide-screen" nite:id="natasa_IS1003b_B.foa.605"/>
    <foa endtime="1194.44" starttime="1193.96" type="person" role="PM" nxt_agent="C" nite:id="natasa_IS1003b_B.foa.606"/>
    <foa endtime="1195.56" starttime="1194.44" type="place" place="slide-screen" nite:id="natasa_IS1003b_B.foa.607"/>
    <foa endtime="1196.52" starttime="1195.56" type="person" role="PM" nxt_agent="C" nite:id="natasa_IS1003b_B.foa.608"/>
    <foa endtime="1201.84" starttime="1196.52" type="place" place="slide-screen" nite:id="natasa_IS1003b_B.foa.609"/>
    <foa endtime="1205.08" starttime="1201.84" type="person" role="PM" nxt_agent="C" nite:id="natasa_IS1003b_B.foa.610"/>
    <foa endtime="1206.32" starttime="1205.08" type="person" role="UI" nxt_agent="D" nite:id="natasa_IS1003b_B.foa.611"/>
    <foa endtime="1207.0" starttime="1206.32" type="place" place="table" nite:id="natasa_IS1003b_B.foa.612"/>
    <foa endtime="1207.4" starttime="1207.0" type="person" role="UI" nxt_agent="D" nite:id="natasa_IS1003b_B.foa.613"/>
    <foa endtime="1207.88" starttime="1207.4" type="person" role="PM" nxt_agent="C" nite:id="natasa_IS1003b_B.foa.614"/>
    <foa endtime="1210.4" starttime="1207.88" type="place" place="table" nite:id="natasa_IS1003b_B.foa.615"/>
    <foa endtime="1211.24" starttime="1210.4" type="person" role="PM" nxt_agent="C" nite:id="natasa_IS1003b_B.foa.616"/>
    <foa endtime="1211.48" starttime="1211.24" type="place" place="table" nite:id="natasa_IS1003b_B.foa.617"/>
    <foa endtime="1213.24" starttime="1211.48" type="person" role="ME" nxt_agent="A" nite:id="natasa_IS1003b_B.foa.618"/>
    <foa endtime="1214.28" starttime="1213.24" type="place" place="slide-screen" nite:id="natasa_IS1003b_B.foa.619"/>
    <foa endtime="1216.8" starttime="1214.28" type="person" role="ME" nxt_agent="A" nite:id="natasa_IS1003b_B.foa.620"/>
    <foa endtime="1218.76" starttime="1216.8" type="place" place="slide-screen" nite:id="natasa_IS1003b_B.foa.621"/>
    <foa endtime="1219.76" starttime="1218.76" type="person" role="ME" nxt_agent="A" nite:id="natasa_IS1003b_B.foa.622"/>
    <foa endtime="1237.84" starttime="1219.76" type="place" place="slide-screen" nite:id="natasa_IS1003b_B.foa.623"/>
    <foa endtime="1240.64" starttime="1237.84" type="place" place="table" nite:id="natasa_IS1003b_B.foa.624"/>
    <foa endtime="1240.88" starttime="1240.64" type="person" role="PM" nxt_agent="C" nite:id="natasa_IS1003b_B.foa.625"/>
    <foa endtime="1247.16" starttime="1240.88" type="place" place="table" nite:id="natasa_IS1003b_B.foa.626"/>
    <foa endtime="1247.4" starttime="1247.16" type="place" place="slide-screen" nite:id="natasa_IS1003b_B.foa.627"/>
    <foa endtime="1247.76" starttime="1247.4" type="person" role="PM" nxt_agent="C" nite:id="natasa_IS1003b_B.foa.628"/>
    <foa endtime="1248.36" starttime="1247.76" type="place" place="table" nite:id="natasa_IS1003b_B.foa.629"/>
    <foa endtime="1248.72" starttime="1248.36" type="person" role="PM" nxt_agent="C" nite:id="natasa_IS1003b_B.foa.630"/>
    <foa endtime="1249.32" starttime="1248.72" type="place" place="table" nite:id="natasa_IS1003b_B.foa.631"/>
    <foa endtime="1249.68" starttime="1249.32" type="person" role="PM" nxt_agent="C" nite:id="natasa_IS1003b_B.foa.632"/>
    <foa endtime="1250.64" starttime="1249.68" type="place" place="table" nite:id="natasa_IS1003b_B.foa.633"/>
    <foa endtime="1251.0" starttime="1250.64" type="person" role="PM" nxt_agent="C" nite:id="natasa_IS1003b_B.foa.634"/>
    <foa endtime="1251.96" starttime="1251.0" type="place" place="table" nite:id="natasa_IS1003b_B.foa.635"/>
    <foa endtime="1252.92" starttime="1251.96" type="person" role="PM" nxt_agent="C" nite:id="natasa_IS1003b_B.foa.636"/>
    <foa endtime="1254.88" starttime="1252.92" type="place" place="table" nite:id="natasa_IS1003b_B.foa.637"/>
    <foa endtime="1255.24" starttime="1254.88" type="place" place="slide-screen" nite:id="natasa_IS1003b_B.foa.638"/>
    <foa endtime="1256.24" starttime="1255.24" type="place" place="table" nite:id="natasa_IS1003b_B.foa.639"/>
    <foa endtime="1257.68" starttime="1256.24" type="place" place="slide-screen" nite:id="natasa_IS1003b_B.foa.640"/>
    <foa endtime="1258.44" starttime="1257.68" type="person" role="ME" nxt_agent="A" nite:id="natasa_IS1003b_B.foa.641"/>
    <foa endtime="1258.92" starttime="1258.44" type="person" role="PM" nxt_agent="C" nite:id="natasa_IS1003b_B.foa.642"/>
    <foa endtime="1260.56" starttime="1258.92" type="place" place="table" nite:id="natasa_IS1003b_B.foa.643"/>
    <foa endtime="1261.16" starttime="1260.56" type="person" role="PM" nxt_agent="C" nite:id="natasa_IS1003b_B.foa.644"/>
    <foa endtime="1264.88" starttime="1261.16" type="place" place="table" nite:id="natasa_IS1003b_B.foa.645"/>
    <foa endtime="1265.12" starttime="1264.88" type="person" role="PM" nxt_agent="C" nite:id="natasa_IS1003b_B.foa.646"/>
    <foa endtime="1266.52" starttime="1265.12" type="place" place="table" nite:id="natasa_IS1003b_B.foa.647"/>
    <foa endtime="1267.12" starttime="1266.52" type="place" place="slide-screen" nite:id="natasa_IS1003b_B.foa.648"/>
    <foa endtime="1268.64" starttime="1267.12" type="person" role="UI" nxt_agent="D" nite:id="natasa_IS1003b_B.foa.649"/>
    <foa endtime="1270.96" starttime="1268.64" type="place" place="table" nite:id="natasa_IS1003b_B.foa.650"/>
    <foa endtime="1271.32" starttime="1270.96" type="person" role="PM" nxt_agent="C" nite:id="natasa_IS1003b_B.foa.651"/>
    <foa endtime="1276.92" starttime="1271.32" type="place" place="table" nite:id="natasa_IS1003b_B.foa.652"/>
    <foa endtime="1277.76" starttime="1276.92" type="person" role="PM" nxt_agent="C" nite:id="natasa_IS1003b_B.foa.653"/>
    <foa endtime="1282.96" starttime="1277.76" type="place" place="table" nite:id="natasa_IS1003b_B.foa.654"/>
    <foa endtime="1283.32" starttime="1282.96" type="person" role="PM" nxt_agent="C" nite:id="natasa_IS1003b_B.foa.655"/>
    <foa endtime="1284.12" starttime="1283.32" type="place" place="table" nite:id="natasa_IS1003b_B.foa.656"/>
    <foa endtime="1284.84" starttime="1284.12" type="person" role="PM" nxt_agent="C" nite:id="natasa_IS1003b_B.foa.657"/>
    <foa endtime="1285.2" starttime="1284.84" type="place" place="table" nite:id="natasa_IS1003b_B.foa.658"/>
    <foa endtime="1286.0" starttime="1285.2" type="person" role="ME" nxt_agent="A" nite:id="natasa_IS1003b_B.foa.659"/>
    <foa endtime="1286.24" starttime="1286.0" type="unspecified" nite:id="natasa_IS1003b_B.foa.660"/>
    <foa endtime="1286.84" starttime="1286.24" type="place" place="table" nite:id="natasa_IS1003b_B.foa.661"/>
    <foa endtime="1287.2" starttime="1286.84" type="person" role="UI" nxt_agent="D" nite:id="natasa_IS1003b_B.foa.662"/>
    <foa endtime="1288.4" starttime="1287.2" type="person" role="PM" nxt_agent="C" nite:id="natasa_IS1003b_B.foa.663"/>
    <foa endtime="1288.8" starttime="1288.4" type="place" place="table" nite:id="natasa_IS1003b_B.foa.664"/>
    <foa endtime="1289.2" starttime="1288.8" type="person" role="PM" nxt_agent="C" nite:id="natasa_IS1003b_B.foa.665"/>
    <foa endtime="1289.68" starttime="1289.2" type="place" place="table" nite:id="natasa_IS1003b_B.foa.666"/>
    <foa endtime="1290.16" starttime="1289.68" type="person" role="PM" nxt_agent="C" nite:id="natasa_IS1003b_B.foa.667"/>
    <foa endtime="1290.48" starttime="1290.16" type="place" place="table" nite:id="natasa_IS1003b_B.foa.668"/>
    <foa endtime="1290.96" starttime="1290.48" type="person" role="PM" nxt_agent="C" nite:id="natasa_IS1003b_B.foa.669"/>
    <foa endtime="1294.36" starttime="1290.96" type="place" place="table" nite:id="natasa_IS1003b_B.foa.670"/>
    <foa endtime="1294.88" starttime="1294.36" type="place" place="slide-screen" nite:id="natasa_IS1003b_B.foa.671"/>
    <foa endtime="1295.6" starttime="1294.88" type="place" place="table" nite:id="natasa_IS1003b_B.foa.672"/>
    <foa endtime="1297.04" starttime="1295.6" type="person" role="PM" nxt_agent="C" nite:id="natasa_IS1003b_B.foa.673"/>
    <foa endtime="1302.92" starttime="1297.04" type="place" place="table" nite:id="natasa_IS1003b_B.foa.674"/>
    <foa endtime="1303.16" starttime="1302.92" type="person" role="PM" nxt_agent="C" nite:id="natasa_IS1003b_B.foa.675"/>
    <foa endtime="1319.88" starttime="1303.16" type="place" place="table" nite:id="natasa_IS1003b_B.foa.676"/>
    <foa endtime="1322.72" starttime="1319.88" type="person" role="UI" nxt_agent="D" nite:id="natasa_IS1003b_B.foa.677"/>
    <foa endtime="1323.56" starttime="1322.72" type="unspecified" nite:id="natasa_IS1003b_B.foa.678"/>
    <foa endtime="1324.16" starttime="1323.56" type="person" role="PM" nxt_agent="C" nite:id="natasa_IS1003b_B.foa.679"/>
    <foa endtime="1325.0" starttime="1324.16" type="place" place="table" nite:id="natasa_IS1003b_B.foa.680"/>
    <foa endtime="1325.36" starttime="1325.0" type="person" role="PM" nxt_agent="C" nite:id="natasa_IS1003b_B.foa.681"/>
    <foa endtime="1333.56" starttime="1325.36" type="place" place="table" nite:id="natasa_IS1003b_B.foa.682"/>
    <foa endtime="1334.12" starttime="1333.56" type="person" role="PM" nxt_agent="C" nite:id="natasa_IS1003b_B.foa.683"/>
    <foa endtime="1337.88" starttime="1334.12" type="place" place="table" nite:id="natasa_IS1003b_B.foa.684"/>
    <foa endtime="1338.92" starttime="1337.88" type="person" role="PM" nxt_agent="C" nite:id="natasa_IS1003b_B.foa.685"/>
    <foa endtime="1340.0" starttime="1338.92" type="place" place="table" nite:id="natasa_IS1003b_B.foa.686"/>
    <foa endtime="1340.24" starttime="1340.0" type="person" role="PM" nxt_agent="C" nite:id="natasa_IS1003b_B.foa.687"/>
    <foa endtime="1341.04" starttime="1340.24" type="place" place="table" nite:id="natasa_IS1003b_B.foa.688"/>
    <foa endtime="1341.64" starttime="1341.04" type="person" role="PM" nxt_agent="C" nite:id="natasa_IS1003b_B.foa.689"/>
    <foa endtime="1344.72" starttime="1341.64" type="place" place="table" nite:id="natasa_IS1003b_B.foa.690"/>
    <foa endtime="1345.12" starttime="1344.72" type="person" role="PM" nxt_agent="C" nite:id="natasa_IS1003b_B.foa.691"/>
    <foa endtime="1347.4" starttime="1345.12" type="place" place="table" nite:id="natasa_IS1003b_B.foa.692"/>
    <foa endtime="1355.2" starttime="1347.4" type="place" place="slide-screen" nite:id="natasa_IS1003b_B.foa.693"/>
    <foa endtime="1358.32" starttime="1355.2" type="place" place="table" nite:id="natasa_IS1003b_B.foa.694"/>
    <foa endtime="1368.96" starttime="1358.32" type="place" place="slide-screen" nite:id="natasa_IS1003b_B.foa.695"/>
    <foa endtime="1371.28" starttime="1368.96" type="place" place="table" nite:id="natasa_IS1003b_B.foa.696"/>
    <foa endtime="1374.88" starttime="1371.28" type="place" place="slide-screen" nite:id="natasa_IS1003b_B.foa.697"/>
    <foa endtime="1376.44" starttime="1374.88" type="person" role="PM" nxt_agent="C" nite:id="natasa_IS1003b_B.foa.698"/>
    <foa endtime="1378.24" starttime="1376.44" type="place" place="slide-screen" nite:id="natasa_IS1003b_B.foa.699"/>
    <foa endtime="1378.84" starttime="1378.24" type="person" role="PM" nxt_agent="C" nite:id="natasa_IS1003b_B.foa.700"/>
    <foa endtime="1379.32" starttime="1378.84" type="person" role="UI" nxt_agent="D" nite:id="natasa_IS1003b_B.foa.701"/>
    <foa endtime="1380.84" starttime="1379.32" type="person" role="PM" nxt_agent="C" nite:id="natasa_IS1003b_B.foa.702"/>
    <foa endtime="1382.48" starttime="1380.84" type="person" role="UI" nxt_agent="D" nite:id="natasa_IS1003b_B.foa.703"/>
    <foa endtime="1383.16" starttime="1382.48" type="person" role="PM" nxt_agent="C" nite:id="natasa_IS1003b_B.foa.704"/>
    <foa endtime="1383.92" starttime="1383.16" type="person" role="UI" nxt_agent="D" nite:id="natasa_IS1003b_B.foa.705"/>
    <foa endtime="1384.28" starttime="1383.92" type="person" role="ME" nxt_agent="A" nite:id="natasa_IS1003b_B.foa.706"/>
    <foa endtime="1384.52" starttime="1384.28" type="person" role="UI" nxt_agent="D" nite:id="natasa_IS1003b_B.foa.707"/>
    <foa endtime="1385.68" starttime="1384.52" type="person" role="PM" nxt_agent="C" nite:id="natasa_IS1003b_B.foa.708"/>
    <foa endtime="1386.16" starttime="1385.68" type="person" role="UI" nxt_agent="D" nite:id="natasa_IS1003b_B.foa.709"/>
    <foa endtime="1387.04" starttime="1386.16" type="person" role="PM" nxt_agent="C" nite:id="natasa_IS1003b_B.foa.710"/>
    <foa endtime="1388.56" starttime="1387.04" type="place" place="table" nite:id="natasa_IS1003b_B.foa.711"/>
    <foa endtime="1388.92" starttime="1388.56" type="person" role="PM" nxt_agent="C" nite:id="natasa_IS1003b_B.foa.712"/>
    <foa endtime="1389.64" starttime="1388.92" type="place" place="table" nite:id="natasa_IS1003b_B.foa.713"/>
    <foa endtime="1390.96" starttime="1389.64" type="person" role="PM" nxt_agent="C" nite:id="natasa_IS1003b_B.foa.714"/>
    <foa endtime="1391.32" starttime="1390.96" type="place" place="slide-screen" nite:id="natasa_IS1003b_B.foa.715"/>
    <foa endtime="1391.68" starttime="1391.32" type="unspecified" nite:id="natasa_IS1003b_B.foa.716"/>
    <foa endtime="1392.16" starttime="1391.68" type="person" role="UI" nxt_agent="D" nite:id="natasa_IS1003b_B.foa.717"/>
    <foa endtime="1392.64" starttime="1392.16" type="place" place="table" nite:id="natasa_IS1003b_B.foa.718"/>
    <foa endtime="1393.0" starttime="1392.64" type="person" role="PM" nxt_agent="C" nite:id="natasa_IS1003b_B.foa.719"/>
    <foa endtime="1393.8" starttime="1393.0" type="place" place="slide-screen" nite:id="natasa_IS1003b_B.foa.720"/>
    <foa endtime="1394.8" starttime="1393.8" type="place" place="table" nite:id="natasa_IS1003b_B.foa.721"/>
    <foa endtime="1395.04" starttime="1394.8" type="person" role="UI" nxt_agent="D" nite:id="natasa_IS1003b_B.foa.722"/>
    <foa endtime="1397.28" starttime="1395.04" type="unspecified" nite:id="natasa_IS1003b_B.foa.723"/>
    <foa endtime="1397.72" starttime="1397.28" type="person" role="PM" nxt_agent="C" nite:id="natasa_IS1003b_B.foa.724"/>
    <foa endtime="1398.16" starttime="1397.72" type="place" place="slide-screen" nite:id="natasa_IS1003b_B.foa.725"/>
    <foa endtime="1399.88" starttime="1398.16" type="person" role="UI" nxt_agent="D" nite:id="natasa_IS1003b_B.foa.726"/>
    <foa endtime="1400.36" starttime="1399.88" type="place" place="slide-screen" nite:id="natasa_IS1003b_B.foa.727"/>
    <foa endtime="1400.6" starttime="1400.36" type="person" role="UI" nxt_agent="D" nite:id="natasa_IS1003b_B.foa.728"/>
    <foa endtime="1402.36" starttime="1400.6" type="person" role="ME" nxt_agent="A" nite:id="natasa_IS1003b_B.foa.729"/>
    <foa endtime="1402.8" starttime="1402.36" type="person" role="UI" nxt_agent="D" nite:id="natasa_IS1003b_B.foa.730"/>
    <foa endtime="1403.8" starttime="1402.8" type="unspecified" nite:id="natasa_IS1003b_B.foa.731"/>
    <foa endtime="1405.2" starttime="1403.8" type="person" role="ME" nxt_agent="A" nite:id="natasa_IS1003b_B.foa.732"/>
    <foa endtime="1406.72" starttime="1405.2" type="unspecified" nite:id="natasa_IS1003b_B.foa.733"/>
    <foa endtime="1407.08" starttime="1406.72" type="person" role="ME" nxt_agent="A" nite:id="natasa_IS1003b_B.foa.734"/>
    <foa endtime="1407.44" starttime="1407.08" type="person" role="UI" nxt_agent="D" nite:id="natasa_IS1003b_B.foa.735"/>
    <foa endtime="1407.8" starttime="1407.44" type="person" role="ME" nxt_agent="A" nite:id="natasa_IS1003b_B.foa.736"/>
    <foa endtime="1408.04" starttime="1407.8" type="person" role="UI" nxt_agent="D" nite:id="natasa_IS1003b_B.foa.737"/>
    <foa endtime="1408.4" starttime="1408.04" type="unspecified" nite:id="natasa_IS1003b_B.foa.738"/>
    <foa endtime="1408.88" starttime="1408.4" type="person" role="ME" nxt_agent="A" nite:id="natasa_IS1003b_B.foa.739"/>
    <foa endtime="1409.12" starttime="1408.88" type="person" role="UI" nxt_agent="D" nite:id="natasa_IS1003b_B.foa.740"/>
    <foa endtime="1411.52" starttime="1409.12" type="person" role="ME" nxt_agent="A" nite:id="natasa_IS1003b_B.foa.741"/>
    <foa endtime="1418.16" starttime="1411.52" type="person" role="UI" nxt_agent="D" nite:id="natasa_IS1003b_B.foa.742"/>
    <foa endtime="1418.64" starttime="1418.16" type="place" place="table" nite:id="natasa_IS1003b_B.foa.743"/>
    <foa endtime="1421.84" starttime="1418.64" type="person" role="UI" nxt_agent="D" nite:id="natasa_IS1003b_B.foa.744"/>
    <foa endtime="1423.32" starttime="1421.84" type="place" place="table" nite:id="natasa_IS1003b_B.foa.745"/>
    <foa endtime="1423.72" starttime="1423.32" type="person" role="UI" nxt_agent="D" nite:id="natasa_IS1003b_B.foa.746"/>
    <foa endtime="1423.96" starttime="1423.72" type="unspecified" nite:id="natasa_IS1003b_B.foa.747"/>
    <foa endtime="1424.44" starttime="1423.96" type="place" place="slide-screen" nite:id="natasa_IS1003b_B.foa.748"/>
    <foa endtime="1427.52" starttime="1424.44" type="person" role="UI" nxt_agent="D" nite:id="natasa_IS1003b_B.foa.749"/>
    <foa endtime="1427.88" starttime="1427.52" type="place" place="table" nite:id="natasa_IS1003b_B.foa.750"/>
    <foa endtime="1429.24" starttime="1427.88" type="person" role="UI" nxt_agent="D" nite:id="natasa_IS1003b_B.foa.751"/>
    <foa endtime="1429.84" starttime="1429.24" type="place" place="slide-screen" nite:id="natasa_IS1003b_B.foa.752"/>
    <foa endtime="1430.56" starttime="1429.84" type="unspecified" nite:id="natasa_IS1003b_B.foa.753"/>
    <foa endtime="1430.92" starttime="1430.56" type="person" role="UI" nxt_agent="D" nite:id="natasa_IS1003b_B.foa.754"/>
    <foa endtime="1431.4" starttime="1430.92" type="place" place="slide-screen" nite:id="natasa_IS1003b_B.foa.755"/>
    <foa endtime="1432.0" starttime="1431.4" type="person" role="UI" nxt_agent="D" nite:id="natasa_IS1003b_B.foa.756"/>
    <foa endtime="1432.24" starttime="1432.0" type="person" role="ME" nxt_agent="A" nite:id="natasa_IS1003b_B.foa.757"/>
    <foa endtime="1432.92" starttime="1432.24" type="person" role="UI" nxt_agent="D" nite:id="natasa_IS1003b_B.foa.758"/>
    <foa endtime="1433.72" starttime="1432.92" type="place" place="slide-screen" nite:id="natasa_IS1003b_B.foa.759"/>
    <foa endtime="1434.68" starttime="1433.72" type="person" role="UI" nxt_agent="D" nite:id="natasa_IS1003b_B.foa.760"/>
    <foa endtime="1435.56" starttime="1434.68" type="place" place="table" nite:id="natasa_IS1003b_B.foa.761"/>
    <foa endtime="1440.2" starttime="1435.56" type="person" role="UI" nxt_agent="D" nite:id="natasa_IS1003b_B.foa.762"/>
    <foa endtime="1440.56" starttime="1440.2" type="place" place="slide-screen" nite:id="natasa_IS1003b_B.foa.763"/>
    <foa endtime="1464.48" starttime="1440.56" type="place" place="table" nite:id="natasa_IS1003b_B.foa.764"/>
    <foa endtime="1465.44" starttime="1464.48" type="person" role="UI" nxt_agent="D" nite:id="natasa_IS1003b_B.foa.765"/>
    <foa endtime="1465.8" starttime="1465.44" type="place" place="slide-screen" nite:id="natasa_IS1003b_B.foa.766"/>
    <foa endtime="1466.28" starttime="1465.8" type="person" role="UI" nxt_agent="D" nite:id="natasa_IS1003b_B.foa.767"/>
    <foa endtime="1466.76" starttime="1466.28" type="person" role="PM" nxt_agent="C" nite:id="natasa_IS1003b_B.foa.768"/>
    <foa endtime="1468.56" starttime="1466.76" type="place" place="table" nite:id="natasa_IS1003b_B.foa.769"/>
    <foa endtime="1469.4" starttime="1468.56" type="person" role="UI" nxt_agent="D" nite:id="natasa_IS1003b_B.foa.770"/>
    <foa endtime="1470.0" starttime="1469.4" type="place" place="table" nite:id="natasa_IS1003b_B.foa.771"/>
    <foa endtime="1470.36" starttime="1470.0" type="person" role="UI" nxt_agent="D" nite:id="natasa_IS1003b_B.foa.772"/>
    <foa endtime="1473.16" starttime="1470.36" type="person" role="ME" nxt_agent="A" nite:id="natasa_IS1003b_B.foa.773"/>
    <foa endtime="1475.88" starttime="1473.16" type="place" place="table" nite:id="natasa_IS1003b_B.foa.774"/>
    <foa endtime="1476.48" starttime="1475.88" type="person" role="UI" nxt_agent="D" nite:id="natasa_IS1003b_B.foa.775"/>
    <foa endtime="1479.68" starttime="1476.48" type="place" place="table" nite:id="natasa_IS1003b_B.foa.776"/>
    <foa endtime="1479.96" starttime="1479.68" type="person" role="UI" nxt_agent="D" nite:id="natasa_IS1003b_B.foa.777"/>
    <foa endtime="1480.32" starttime="1479.96" type="place" place="slide-screen" nite:id="natasa_IS1003b_B.foa.778"/>
    <foa endtime="1480.56" starttime="1480.32" type="person" role="UI" nxt_agent="D" nite:id="natasa_IS1003b_B.foa.779"/>
    <foa endtime="1481.36" starttime="1480.56" type="place" place="slide-screen" nite:id="natasa_IS1003b_B.foa.780"/>
    <foa endtime="1482.84" starttime="1481.36" type="place" place="table" nite:id="natasa_IS1003b_B.foa.781"/>
    <foa endtime="1483.08" starttime="1482.84" type="person" role="UI" nxt_agent="D" nite:id="natasa_IS1003b_B.foa.782"/>
    <foa endtime="1483.96" starttime="1483.08" type="place" place="table" nite:id="natasa_IS1003b_B.foa.783"/>
    <foa endtime="1484.2" starttime="1483.96" type="person" role="UI" nxt_agent="D" nite:id="natasa_IS1003b_B.foa.784"/>
    <foa endtime="1484.76" starttime="1484.2" type="place" place="slide-screen" nite:id="natasa_IS1003b_B.foa.785"/>
    <foa endtime="1485.84" starttime="1484.76" type="place" place="table" nite:id="natasa_IS1003b_B.foa.786"/>
    <foa endtime="1486.68" starttime="1485.84" type="person" role="UI" nxt_agent="D" nite:id="natasa_IS1003b_B.foa.787"/>
    <foa endtime="1487.16" starttime="1486.68" type="place" place="table" nite:id="natasa_IS1003b_B.foa.788"/>
    <foa endtime="1488.32" starttime="1487.16" type="person" role="UI" nxt_agent="D" nite:id="natasa_IS1003b_B.foa.789"/>
    <foa endtime="1488.8" starttime="1488.32" type="place" place="table" nite:id="natasa_IS1003b_B.foa.790"/>
    <foa endtime="1489.4" starttime="1488.8" type="person" role="UI" nxt_agent="D" nite:id="natasa_IS1003b_B.foa.791"/>
    <foa endtime="1490.52" starttime="1489.4" type="place" place="table" nite:id="natasa_IS1003b_B.foa.792"/>
    <foa endtime="1491.72" starttime="1490.52" type="person" role="UI" nxt_agent="D" nite:id="natasa_IS1003b_B.foa.793"/>
    <foa endtime="1492.2" starttime="1491.72" type="place" place="table" nite:id="natasa_IS1003b_B.foa.794"/>
    <foa endtime="1492.6" starttime="1492.2" type="person" role="UI" nxt_agent="D" nite:id="natasa_IS1003b_B.foa.795"/>
    <foa endtime="1493.2" starttime="1492.6" type="place" place="slide-screen" nite:id="natasa_IS1003b_B.foa.796"/>
    <foa endtime="1495.48" starttime="1493.2" type="place" place="table" nite:id="natasa_IS1003b_B.foa.797"/>
    <foa endtime="1495.96" starttime="1495.48" type="person" role="PM" nxt_agent="C" nite:id="natasa_IS1003b_B.foa.798"/>
    <foa endtime="1499.28" starttime="1495.96" type="place" place="slide-screen" nite:id="natasa_IS1003b_B.foa.799"/>
    <foa endtime="1500.04" starttime="1499.28" type="person" role="PM" nxt_agent="C" nite:id="natasa_IS1003b_B.foa.800"/>
    <foa endtime="1500.28" starttime="1500.04" type="place" place="slide-screen" nite:id="natasa_IS1003b_B.foa.801"/>
    <foa endtime="1504.28" starttime="1500.28" type="person" role="UI" nxt_agent="D" nite:id="natasa_IS1003b_B.foa.802"/>
    <foa endtime="1505.16" starttime="1504.28" type="place" place="table" nite:id="natasa_IS1003b_B.foa.803"/>
    <foa endtime="1506.32" starttime="1505.16" type="person" role="UI" nxt_agent="D" nite:id="natasa_IS1003b_B.foa.804"/>
    <foa endtime="1513.8" starttime="1506.32" type="place" place="table" nite:id="natasa_IS1003b_B.foa.805"/>
    <foa endtime="1514.28" starttime="1513.8" type="person" role="PM" nxt_agent="C" nite:id="natasa_IS1003b_B.foa.806"/>
    <foa endtime="1515.04" starttime="1514.28" type="place" place="table" nite:id="natasa_IS1003b_B.foa.807"/>
    <foa endtime="1515.52" starttime="1515.04" type="person" role="ME" nxt_agent="A" nite:id="natasa_IS1003b_B.foa.808"/>
    <foa endtime="1518.48" starttime="1515.52" type="place" place="slide-screen" nite:id="natasa_IS1003b_B.foa.809"/>
    <foa endtime="1521.64" starttime="1518.48" type="person" role="ME" nxt_agent="A" nite:id="natasa_IS1003b_B.foa.810"/>
    <foa endtime="1522.72" starttime="1521.64" type="place" place="table" nite:id="natasa_IS1003b_B.foa.811"/>
    <foa endtime="1523.24" starttime="1522.72" type="person" role="ME" nxt_agent="A" nite:id="natasa_IS1003b_B.foa.812"/>
    <foa endtime="1524.12" starttime="1523.24" type="person" role="UI" nxt_agent="D" nite:id="natasa_IS1003b_B.foa.813"/>
    <foa endtime="1528.68" starttime="1524.12" type="place" place="slide-screen" nite:id="natasa_IS1003b_B.foa.814"/>
    <foa endtime="1530.12" starttime="1528.68" type="person" role="UI" nxt_agent="D" nite:id="natasa_IS1003b_B.foa.815"/>
    <foa endtime="1531.36" starttime="1530.12" type="person" role="ME" nxt_agent="A" nite:id="natasa_IS1003b_B.foa.816"/>
    <foa endtime="1534.68" starttime="1531.36" type="person" role="UI" nxt_agent="D" nite:id="natasa_IS1003b_B.foa.817"/>
    <foa endtime="1535.92" starttime="1534.68" type="place" place="table" nite:id="natasa_IS1003b_B.foa.818"/>
    <foa endtime="1539.84" starttime="1535.92" type="place" place="slide-screen" nite:id="natasa_IS1003b_B.foa.819"/>
    <foa endtime="1540.68" starttime="1539.84" type="place" place="table" nite:id="natasa_IS1003b_B.foa.820"/>
    <foa endtime="1564.8" starttime="1540.68" type="place" place="table" nite:id="natasa_IS1003b_B.foa.821"/>
    <foa endtime="1565.4" starttime="1564.8" type="person" role="PM" nxt_agent="C" nite:id="natasa_IS1003b_B.foa.822"/>
    <foa endtime="1571.0" starttime="1565.4" type="place" place="slide-screen" nite:id="natasa_IS1003b_B.foa.823"/>
    <foa endtime="1587.72" starttime="1571.0" type="place" place="table" nite:id="natasa_IS1003b_B.foa.824"/>
    <foa endtime="1593.52" starttime="1587.72" type="place" place="slide-screen" nite:id="natasa_IS1003b_B.foa.825"/>
    <foa endtime="1596.64" starttime="1593.52" type="place" place="table" nite:id="natasa_IS1003b_B.foa.826"/>
    <foa endtime="1598.16" starttime="1596.64" type="unspecified" nite:id="natasa_IS1003b_B.foa.827"/>
    <foa endtime="1600.2" starttime="1598.16" type="place" place="table" nite:id="natasa_IS1003b_B.foa.828"/>
    <foa endtime="1600.44" starttime="1600.2" type="place" place="slide-screen" nite:id="natasa_IS1003b_B.foa.829"/>
    <foa endtime="1601.6" starttime="1600.44" type="unspecified" nite:id="natasa_IS1003b_B.foa.830"/>
    <foa endtime="1602.16" starttime="1601.6" type="person" role="PM" nxt_agent="C" nite:id="natasa_IS1003b_B.foa.831"/>
    <foa endtime="1602.8" starttime="1602.16" type="place" place="table" nite:id="natasa_IS1003b_B.foa.832"/>
    <foa endtime="1603.04" starttime="1602.8" type="person" role="PM" nxt_agent="C" nite:id="natasa_IS1003b_B.foa.833"/>
    <foa endtime="1604.88" starttime="1603.04" type="place" place="table" nite:id="natasa_IS1003b_B.foa.834"/>
    <foa endtime="1605.12" starttime="1604.88" type="person" role="PM" nxt_agent="C" nite:id="natasa_IS1003b_B.foa.835"/>
    <foa endtime="1605.4" starttime="1605.12" type="place" place="slide-screen" nite:id="natasa_IS1003b_B.foa.836"/>
    <foa endtime="1606.32" starttime="1605.4" type="person" role="UI" nxt_agent="D" nite:id="natasa_IS1003b_B.foa.837"/>
    <foa endtime="1606.64" starttime="1606.32" type="person" role="ME" nxt_agent="A" nite:id="natasa_IS1003b_B.foa.838"/>
    <foa endtime="1607.72" starttime="1606.64" type="place" place="table" nite:id="natasa_IS1003b_B.foa.839"/>
    <foa endtime="1608.44" starttime="1607.72" type="person" role="UI" nxt_agent="D" nite:id="natasa_IS1003b_B.foa.840"/>
    <foa endtime="1609.4" starttime="1608.44" type="place" place="slide-screen" nite:id="natasa_IS1003b_B.foa.841"/>
    <foa endtime="1611.24" starttime="1609.4" type="person" role="UI" nxt_agent="D" nite:id="natasa_IS1003b_B.foa.842"/>
    <foa endtime="1611.84" starttime="1611.24" type="place" place="slide-screen" nite:id="natasa_IS1003b_B.foa.843"/>
    <foa endtime="1612.8" starttime="1611.84" type="place" place="table" nite:id="natasa_IS1003b_B.foa.844"/>
    <foa endtime="1613.48" starttime="1612.8" type="person" role="ME" nxt_agent="A" nite:id="natasa_IS1003b_B.foa.845"/>
    <foa endtime="1614.8" starttime="1613.48" type="place" place="table" nite:id="natasa_IS1003b_B.foa.846"/>
    <foa endtime="1616.36" starttime="1614.8" type="unspecified" nite:id="natasa_IS1003b_B.foa.847"/>
    <foa endtime="1617.08" starttime="1616.36" type="place" place="table" nite:id="natasa_IS1003b_B.foa.848"/>
    <foa endtime="1635.0" starttime="1617.08" type="unspecified" nite:id="natasa_IS1003b_B.foa.849"/>
</nite:root>
