<?xml version="1.0" encoding="UTF-8"?>
<nite:root xmlns:nite="http://nite.sourceforge.net/" nite:id="IDIAP_IS1001a_A.nite:root.1">
    <foa endtime="33.6" starttime="0.0" type="unspecified" nite:id="IDIAP_IS1001a_A.foa.1"/>
    <foa endtime="33.76" starttime="33.6" type="place" place="table" nite:id="IDIAP_IS1001a_A.foa.2"/>
    <foa endtime="34.24" starttime="33.76" type="person" role="UI" nxt_agent="B" nite:id="IDIAP_IS1001a_A.foa.3"/>
    <foa endtime="37.0" starttime="34.24" type="place" place="table" nite:id="IDIAP_IS1001a_A.foa.4"/>
    <foa endtime="38.2" starttime="37.0" type="unspecified" nite:id="IDIAP_IS1001a_A.foa.5"/>
    <foa endtime="38.32" starttime="38.2" type="person" role="ME" nxt_agent="D" nite:id="IDIAP_IS1001a_A.foa.6"/>
    <foa endtime="38.44" starttime="38.32" type="person" role="UI" nxt_agent="B" nite:id="IDIAP_IS1001a_A.foa.7"/>
    <foa endtime="78.08" starttime="38.44" type="place" place="table" nite:id="IDIAP_IS1001a_A.foa.8"/>
    <foa endtime="79.88" starttime="78.08" type="unspecified" nite:id="IDIAP_IS1001a_A.foa.9"/>
    <foa endtime="84.28" starttime="79.88" type="place" place="table" nite:id="IDIAP_IS1001a_A.foa.10"/>
    <foa endtime="86.48" starttime="84.28" type="place" place="slide-screen" nite:id="IDIAP_IS1001a_A.foa.11"/>
    <foa endtime="86.6" starttime="86.48" type="person" role="ME" nxt_agent="D" nite:id="IDIAP_IS1001a_A.foa.12"/>
    <foa endtime="87.08" starttime="86.6" type="unspecified" nite:id="IDIAP_IS1001a_A.foa.13"/>
    <foa endtime="87.2" starttime="87.08" type="person" role="ME" nxt_agent="D" nite:id="IDIAP_IS1001a_A.foa.14"/>
    <foa endtime="90.04" starttime="87.2" type="place" place="table" nite:id="IDIAP_IS1001a_A.foa.15"/>
    <foa endtime="91.04" starttime="90.04" type="person" role="UI" nxt_agent="B" nite:id="IDIAP_IS1001a_A.foa.16"/>
    <foa endtime="92.12" starttime="91.04" type="place" place="table" nite:id="IDIAP_IS1001a_A.foa.17"/>
    <foa endtime="95.76" starttime="92.12" type="place" place="slide-screen" nite:id="IDIAP_IS1001a_A.foa.18"/>
    <foa endtime="97.4" starttime="95.76" type="place" place="slide-screen" nite:id="IDIAP_IS1001a_A.foa.19"/>
    <foa endtime="97.88" starttime="97.4" type="place" place="table" nite:id="IDIAP_IS1001a_A.foa.20"/>
    <foa endtime="98.72" starttime="97.88" type="person" role="UI" nxt_agent="B" nite:id="IDIAP_IS1001a_A.foa.21"/>
    <foa endtime="106.96" starttime="98.72" type="place" place="table" nite:id="IDIAP_IS1001a_A.foa.22"/>
    <foa endtime="108.28" starttime="106.96" type="person" role="UI" nxt_agent="B" nite:id="IDIAP_IS1001a_A.foa.23"/>
    <foa endtime="115.72" starttime="108.28" type="place" place="table" nite:id="IDIAP_IS1001a_A.foa.24"/>
    <foa endtime="119.92" starttime="115.72" type="place" place="slide-screen" nite:id="IDIAP_IS1001a_A.foa.25"/>
    <foa endtime="121.28" starttime="119.92" type="person" role="UI" nxt_agent="B" nite:id="IDIAP_IS1001a_A.foa.26"/>
    <foa endtime="121.76" starttime="121.28" type="unspecified" nite:id="IDIAP_IS1001a_A.foa.27"/>
    <foa endtime="123.12" starttime="121.76" type="person" role="UI" nxt_agent="B" nite:id="IDIAP_IS1001a_A.foa.28"/>
    <foa endtime="127.84" starttime="123.12" type="place" place="table" nite:id="IDIAP_IS1001a_A.foa.29"/>
    <foa endtime="128.44" starttime="127.84" type="place" place="slide-screen" nite:id="IDIAP_IS1001a_A.foa.30"/>
    <foa endtime="147.84" starttime="128.44" type="person" role="UI" nxt_agent="B" nite:id="IDIAP_IS1001a_A.foa.31"/>
    <foa endtime="148.92" starttime="147.84" type="place" place="table" nite:id="IDIAP_IS1001a_A.foa.32"/>
    <foa endtime="149.56" starttime="148.92" type="person" role="UI" nxt_agent="B" nite:id="IDIAP_IS1001a_A.foa.33"/>
    <foa endtime="150.84" starttime="149.56" type="place" place="table" nite:id="IDIAP_IS1001a_A.foa.34"/>
    <foa endtime="155.32" starttime="150.84" type="place" place="slide-screen" nite:id="IDIAP_IS1001a_A.foa.35"/>
    <foa endtime="155.96" starttime="155.32" type="person" role="UI" nxt_agent="B" nite:id="IDIAP_IS1001a_A.foa.36"/>
    <foa endtime="157.28" starttime="155.96" type="place" place="slide-screen" nite:id="IDIAP_IS1001a_A.foa.37"/>
    <foa endtime="158.36" starttime="157.28" type="person" role="UI" nxt_agent="B" nite:id="IDIAP_IS1001a_A.foa.38"/>
    <foa endtime="159.24" starttime="158.36" type="place" place="slide-screen" nite:id="IDIAP_IS1001a_A.foa.39"/>
    <foa endtime="160.6" starttime="159.24" type="person" role="UI" nxt_agent="B" nite:id="IDIAP_IS1001a_A.foa.40"/>
    <foa endtime="161.0" starttime="160.6" type="person" role="ME" nxt_agent="D" nite:id="IDIAP_IS1001a_A.foa.41"/>
    <foa endtime="161.92" starttime="161.0" type="person" role="ID" nxt_agent="C" nite:id="IDIAP_IS1001a_A.foa.42"/>
    <foa endtime="162.84" starttime="161.92" type="place" place="slide-screen" nite:id="IDIAP_IS1001a_A.foa.43"/>
    <foa endtime="163.08" starttime="162.84" type="person" role="UI" nxt_agent="B" nite:id="IDIAP_IS1001a_A.foa.44"/>
    <foa endtime="164.04" starttime="163.08" type="place" place="table" nite:id="IDIAP_IS1001a_A.foa.45"/>
    <foa endtime="181.84" starttime="164.04" type="place" place="slide-screen" nite:id="IDIAP_IS1001a_A.foa.46"/>
    <foa endtime="185.76" starttime="181.84" type="place" place="table" nite:id="IDIAP_IS1001a_A.foa.47"/>
    <foa endtime="186.88" starttime="185.76" type="place" place="table" nite:id="IDIAP_IS1001a_A.foa.48"/>
    <foa endtime="189.2" starttime="186.88" type="place" place="slide-screen" nite:id="IDIAP_IS1001a_A.foa.49"/>
    <foa endtime="192.4" starttime="189.2" type="place" place="table" nite:id="IDIAP_IS1001a_A.foa.50"/>
    <foa endtime="193.64" starttime="192.4" type="place" place="slide-screen" nite:id="IDIAP_IS1001a_A.foa.51"/>
    <foa endtime="194.8" starttime="193.64" type="person" role="UI" nxt_agent="B" nite:id="IDIAP_IS1001a_A.foa.52"/>
    <foa endtime="196.88" starttime="194.8" type="place" place="table" nite:id="IDIAP_IS1001a_A.foa.53"/>
    <foa endtime="197.44" starttime="196.88" type="place" place="slide-screen" nite:id="IDIAP_IS1001a_A.foa.54"/>
    <foa endtime="198.4" starttime="197.44" type="place" place="slide-screen" nite:id="IDIAP_IS1001a_A.foa.55"/>
    <foa endtime="199.2" starttime="198.4" type="place" place="table" nite:id="IDIAP_IS1001a_A.foa.56"/>
    <foa endtime="202.96" starttime="199.2" type="place" place="slide-screen" nite:id="IDIAP_IS1001a_A.foa.57"/>
    <foa endtime="203.56" starttime="202.96" type="person" role="UI" nxt_agent="B" nite:id="IDIAP_IS1001a_A.foa.58"/>
    <foa endtime="205.88" starttime="203.56" type="place" place="table" nite:id="IDIAP_IS1001a_A.foa.59"/>
    <foa endtime="208.64" starttime="205.88" type="place" place="slide-screen" nite:id="IDIAP_IS1001a_A.foa.60"/>
    <foa endtime="215.8" starttime="208.64" type="place" place="table" nite:id="IDIAP_IS1001a_A.foa.61"/>
    <foa endtime="216.64" starttime="215.8" type="place" place="slide-screen" nite:id="IDIAP_IS1001a_A.foa.62"/>
    <foa endtime="217.72" starttime="216.64" type="place" place="table" nite:id="IDIAP_IS1001a_A.foa.63"/>
    <foa endtime="222.92" starttime="217.72" type="place" place="slide-screen" nite:id="IDIAP_IS1001a_A.foa.64"/>
    <foa endtime="225.32" starttime="222.92" type="person" role="UI" nxt_agent="B" nite:id="IDIAP_IS1001a_A.foa.65"/>
    <foa endtime="226.48" starttime="225.32" type="place" place="slide-screen" nite:id="IDIAP_IS1001a_A.foa.66"/>
    <foa endtime="227.52" starttime="226.48" type="person" role="UI" nxt_agent="B" nite:id="IDIAP_IS1001a_A.foa.67"/>
    <foa endtime="229.88" starttime="227.52" type="place" place="slide-screen" nite:id="IDIAP_IS1001a_A.foa.68"/>
    <foa endtime="231.2" starttime="229.88" type="person" role="UI" nxt_agent="B" nite:id="IDIAP_IS1001a_A.foa.69"/>
    <foa endtime="231.8" starttime="231.2" type="unspecified" nite:id="IDIAP_IS1001a_A.foa.70"/>
    <foa endtime="244.08" starttime="231.8" type="person" role="UI" nxt_agent="B" nite:id="IDIAP_IS1001a_A.foa.71"/>
    <foa endtime="244.76" starttime="244.08" type="place" place="table" nite:id="IDIAP_IS1001a_A.foa.72"/>
    <foa endtime="255.48" starttime="244.76" type="person" role="UI" nxt_agent="B" nite:id="IDIAP_IS1001a_A.foa.73"/>
    <foa endtime="256.08" starttime="255.48" type="place" place="table" nite:id="IDIAP_IS1001a_A.foa.74"/>
    <foa endtime="256.68" starttime="256.08" type="place" place="whiteboard" nite:id="IDIAP_IS1001a_A.foa.75"/>
    <foa endtime="258.84" starttime="256.68" type="place" place="table" nite:id="IDIAP_IS1001a_A.foa.76"/>
    <foa endtime="258.96" starttime="258.84" type="person" role="ME" nxt_agent="D" nite:id="IDIAP_IS1001a_A.foa.77"/>
    <foa endtime="259.2" starttime="258.96" type="unspecified" nite:id="IDIAP_IS1001a_A.foa.78"/>
    <foa endtime="260.76" starttime="259.2" type="person" role="ID" nxt_agent="C" nite:id="IDIAP_IS1001a_A.foa.79"/>
    <foa endtime="260.88" starttime="260.76" type="place" place="table" nite:id="IDIAP_IS1001a_A.foa.80"/>
    <foa endtime="264.44" starttime="260.88" type="place" place="whiteboard" nite:id="IDIAP_IS1001a_A.foa.81"/>
    <foa endtime="265.0" starttime="264.44" type="unspecified" nite:id="IDIAP_IS1001a_A.foa.82"/>
    <foa endtime="280.4" starttime="265.0" type="place" place="whiteboard" nite:id="IDIAP_IS1001a_A.foa.83"/>
    <foa endtime="281.0" starttime="280.4" type="person" role="ME" nxt_agent="D" nite:id="IDIAP_IS1001a_A.foa.84"/>
    <foa endtime="284.12" starttime="281.0" type="place" place="whiteboard" nite:id="IDIAP_IS1001a_A.foa.85"/>
    <foa endtime="289.16" starttime="284.12" type="person" role="UI" nxt_agent="B" nite:id="IDIAP_IS1001a_A.foa.86"/>
    <foa endtime="292.76" starttime="289.16" type="person" role="ME" nxt_agent="D" nite:id="IDIAP_IS1001a_A.foa.87"/>
    <foa endtime="294.8" starttime="292.76" type="place" place="table" nite:id="IDIAP_IS1001a_A.foa.88"/>
    <foa endtime="295.28" starttime="294.8" type="person" role="ME" nxt_agent="D" nite:id="IDIAP_IS1001a_A.foa.89"/>
    <foa endtime="295.4" starttime="295.28" type="person" role="UI" nxt_agent="B" nite:id="IDIAP_IS1001a_A.foa.90"/>
    <foa endtime="296.12" starttime="295.4" type="place" place="table" nite:id="IDIAP_IS1001a_A.foa.91"/>
    <foa endtime="296.96" starttime="296.12" type="person" role="UI" nxt_agent="B" nite:id="IDIAP_IS1001a_A.foa.92"/>
    <foa endtime="297.92" starttime="296.96" type="unspecified" nite:id="IDIAP_IS1001a_A.foa.93"/>
    <foa endtime="299.0" starttime="297.92" type="place" place="table" nite:id="IDIAP_IS1001a_A.foa.94"/>
    <foa endtime="299.72" starttime="299.0" type="place" place="table" nite:id="IDIAP_IS1001a_A.foa.95"/>
    <foa endtime="300.44" starttime="299.72" type="person" role="UI" nxt_agent="B" nite:id="IDIAP_IS1001a_A.foa.96"/>
    <foa endtime="301.4" starttime="300.44" type="person" role="ME" nxt_agent="D" nite:id="IDIAP_IS1001a_A.foa.97"/>
    <foa endtime="302.24" starttime="301.4" type="place" place="table" nite:id="IDIAP_IS1001a_A.foa.98"/>
    <foa endtime="302.84" starttime="302.24" type="unspecified" nite:id="IDIAP_IS1001a_A.foa.99"/>
    <foa endtime="304.52" starttime="302.84" type="person" role="UI" nxt_agent="B" nite:id="IDIAP_IS1001a_A.foa.100"/>
    <foa endtime="306.8" starttime="304.52" type="place" place="table" nite:id="IDIAP_IS1001a_A.foa.101"/>
    <foa endtime="308.84" starttime="306.8" type="place" place="whiteboard" nite:id="IDIAP_IS1001a_A.foa.102"/>
    <foa endtime="309.68" starttime="308.84" type="place" place="whiteboard" nite:id="IDIAP_IS1001a_A.foa.103"/>
    <foa endtime="309.92" starttime="309.68" type="person" role="UI" nxt_agent="B" nite:id="IDIAP_IS1001a_A.foa.104"/>
    <foa endtime="310.52" starttime="309.92" type="place" place="table" nite:id="IDIAP_IS1001a_A.foa.105"/>
    <foa endtime="316.76" starttime="310.52" type="place" place="whiteboard" nite:id="IDIAP_IS1001a_A.foa.106"/>
    <foa endtime="317.88" starttime="316.76" type="person" role="UI" nxt_agent="B" nite:id="IDIAP_IS1001a_A.foa.107"/>
    <foa endtime="318.0" starttime="317.88" type="place" place="whiteboard" nite:id="IDIAP_IS1001a_A.foa.108"/>
    <foa endtime="318.8" starttime="318.0" type="place" place="whiteboard" nite:id="IDIAP_IS1001a_A.foa.109"/>
    <foa endtime="325.96" starttime="318.8" type="person" role="UI" nxt_agent="B" nite:id="IDIAP_IS1001a_A.foa.110"/>
    <foa endtime="326.6" starttime="325.96" type="place" place="whiteboard" nite:id="IDIAP_IS1001a_A.foa.111"/>
    <foa endtime="328.2" starttime="326.6" type="person" role="UI" nxt_agent="B" nite:id="IDIAP_IS1001a_A.foa.112"/>
    <foa endtime="334.52" starttime="328.2" type="place" place="whiteboard" nite:id="IDIAP_IS1001a_A.foa.113"/>
    <foa endtime="338.32" starttime="334.52" type="person" role="UI" nxt_agent="B" nite:id="IDIAP_IS1001a_A.foa.114"/>
    <foa endtime="349.8" starttime="338.32" type="place" place="whiteboard" nite:id="IDIAP_IS1001a_A.foa.115"/>
    <foa endtime="350.52" starttime="349.8" type="person" role="UI" nxt_agent="B" nite:id="IDIAP_IS1001a_A.foa.116"/>
    <foa endtime="351.88" starttime="350.52" type="place" place="whiteboard" nite:id="IDIAP_IS1001a_A.foa.117"/>
    <foa endtime="354.68" starttime="351.88" type="person" role="UI" nxt_agent="B" nite:id="IDIAP_IS1001a_A.foa.118"/>
    <foa endtime="355.4" starttime="354.68" type="person" role="ID" nxt_agent="C" nite:id="IDIAP_IS1001a_A.foa.119"/>
    <foa endtime="356.76" starttime="355.4" type="person" role="UI" nxt_agent="B" nite:id="IDIAP_IS1001a_A.foa.120"/>
    <foa endtime="357.8" starttime="356.76" type="place" place="whiteboard" nite:id="IDIAP_IS1001a_A.foa.121"/>
    <foa endtime="358.64" starttime="357.8" type="place" place="table" nite:id="IDIAP_IS1001a_A.foa.122"/>
    <foa endtime="359.16" starttime="358.64" type="person" role="UI" nxt_agent="B" nite:id="IDIAP_IS1001a_A.foa.123"/>
    <foa endtime="362.92" starttime="359.16" type="place" place="table" nite:id="IDIAP_IS1001a_A.foa.124"/>
    <foa endtime="363.04" starttime="362.92" type="person" role="UI" nxt_agent="B" nite:id="IDIAP_IS1001a_A.foa.125"/>
    <foa endtime="363.16" starttime="363.04" type="unspecified" nite:id="IDIAP_IS1001a_A.foa.126"/>
    <foa endtime="364.48" starttime="363.16" type="person" role="ID" nxt_agent="C" nite:id="IDIAP_IS1001a_A.foa.127"/>
    <foa endtime="364.6" starttime="364.48" type="person" role="UI" nxt_agent="B" nite:id="IDIAP_IS1001a_A.foa.128"/>
    <foa endtime="365.92" starttime="364.6" type="place" place="whiteboard" nite:id="IDIAP_IS1001a_A.foa.129"/>
    <foa endtime="366.88" starttime="365.92" type="person" role="UI" nxt_agent="B" nite:id="IDIAP_IS1001a_A.foa.130"/>
    <foa endtime="368.32" starttime="366.88" type="person" role="ID" nxt_agent="C" nite:id="IDIAP_IS1001a_A.foa.131"/>
    <foa endtime="369.4" starttime="368.32" type="place" place="whiteboard" nite:id="IDIAP_IS1001a_A.foa.132"/>
    <foa endtime="377.0" starttime="369.4" type="person" role="ID" nxt_agent="C" nite:id="IDIAP_IS1001a_A.foa.133"/>
    <foa endtime="377.68" starttime="377.0" type="place" place="table" nite:id="IDIAP_IS1001a_A.foa.134"/>
    <foa endtime="390.96" starttime="377.68" type="unspecified" nite:id="IDIAP_IS1001a_A.foa.135"/>
    <foa endtime="411.8" starttime="390.96" type="place" place="whiteboard" nite:id="IDIAP_IS1001a_A.foa.136"/>
    <foa endtime="418.76" starttime="411.8" type="unspecified" nite:id="IDIAP_IS1001a_A.foa.137"/>
    <foa endtime="420.92" starttime="418.76" type="place" place="whiteboard" nite:id="IDIAP_IS1001a_A.foa.138"/>
    <foa endtime="421.28" starttime="420.92" type="place" place="whiteboard" nite:id="IDIAP_IS1001a_A.foa.139"/>
    <foa endtime="421.52" starttime="421.28" type="place" place="table" nite:id="IDIAP_IS1001a_A.foa.140"/>
    <foa endtime="422.0" starttime="421.52" type="place" place="whiteboard" nite:id="IDIAP_IS1001a_A.foa.141"/>
    <foa endtime="422.72" starttime="422.0" type="place" place="slide-screen" nite:id="IDIAP_IS1001a_A.foa.142"/>
    <foa endtime="424.2" starttime="422.72" type="place" place="table" nite:id="IDIAP_IS1001a_A.foa.143"/>
    <foa endtime="425.08" starttime="424.2" type="person" role="UI" nxt_agent="B" nite:id="IDIAP_IS1001a_A.foa.144"/>
    <foa endtime="425.64" starttime="425.08" type="place" place="whiteboard" nite:id="IDIAP_IS1001a_A.foa.145"/>
    <foa endtime="426.4" starttime="425.64" type="place" place="slide-screen" nite:id="IDIAP_IS1001a_A.foa.146"/>
    <foa endtime="433.04" starttime="426.4" type="person" role="UI" nxt_agent="B" nite:id="IDIAP_IS1001a_A.foa.147"/>
    <foa endtime="434.28" starttime="433.04" type="place" place="slide-screen" nite:id="IDIAP_IS1001a_A.foa.148"/>
    <foa endtime="435.36" starttime="434.28" type="place" place="table" nite:id="IDIAP_IS1001a_A.foa.149"/>
    <foa endtime="448.04" starttime="435.36" type="place" place="slide-screen" nite:id="IDIAP_IS1001a_A.foa.150"/>
    <foa endtime="448.92" starttime="448.04" type="person" role="UI" nxt_agent="B" nite:id="IDIAP_IS1001a_A.foa.151"/>
    <foa endtime="456.32" starttime="448.92" type="place" place="slide-screen" nite:id="IDIAP_IS1001a_A.foa.152"/>
    <foa endtime="456.68" starttime="456.32" type="place" place="table" nite:id="IDIAP_IS1001a_A.foa.153"/>
    <foa endtime="459.8" starttime="456.68" type="place" place="slide-screen" nite:id="IDIAP_IS1001a_A.foa.154"/>
    <foa endtime="460.92" starttime="459.8" type="person" role="UI" nxt_agent="B" nite:id="IDIAP_IS1001a_A.foa.155"/>
    <foa endtime="462.04" starttime="460.92" type="place" place="slide-screen" nite:id="IDIAP_IS1001a_A.foa.156"/>
    <foa endtime="463.6" starttime="462.04" type="person" role="UI" nxt_agent="B" nite:id="IDIAP_IS1001a_A.foa.157"/>
    <foa endtime="464.04" starttime="463.6" type="place" place="slide-screen" nite:id="IDIAP_IS1001a_A.foa.158"/>
    <foa endtime="465.64" starttime="464.04" type="person" role="UI" nxt_agent="B" nite:id="IDIAP_IS1001a_A.foa.159"/>
    <foa endtime="466.48" starttime="465.64" type="place" place="table" nite:id="IDIAP_IS1001a_A.foa.160"/>
    <foa endtime="474.6" starttime="466.48" type="person" role="UI" nxt_agent="B" nite:id="IDIAP_IS1001a_A.foa.161"/>
    <foa endtime="475.16" starttime="474.6" type="place" place="table" nite:id="IDIAP_IS1001a_A.foa.162"/>
    <foa endtime="475.88" starttime="475.16" type="place" place="slide-screen" nite:id="IDIAP_IS1001a_A.foa.163"/>
    <foa endtime="476.6" starttime="475.88" type="person" role="UI" nxt_agent="B" nite:id="IDIAP_IS1001a_A.foa.164"/>
    <foa endtime="477.52" starttime="476.6" type="place" place="table" nite:id="IDIAP_IS1001a_A.foa.165"/>
    <foa endtime="478.0" starttime="477.52" type="person" role="UI" nxt_agent="B" nite:id="IDIAP_IS1001a_A.foa.166"/>
    <foa endtime="479.12" starttime="478.0" type="place" place="slide-screen" nite:id="IDIAP_IS1001a_A.foa.167"/>
    <foa endtime="479.24" starttime="479.12" type="person" role="UI" nxt_agent="B" nite:id="IDIAP_IS1001a_A.foa.168"/>
    <foa endtime="480.12" starttime="479.24" type="place" place="table" nite:id="IDIAP_IS1001a_A.foa.169"/>
    <foa endtime="480.68" starttime="480.12" type="person" role="UI" nxt_agent="B" nite:id="IDIAP_IS1001a_A.foa.170"/>
    <foa endtime="492.8" starttime="480.68" type="place" place="table" nite:id="IDIAP_IS1001a_A.foa.171"/>
    <foa endtime="493.64" starttime="492.8" type="person" role="ID" nxt_agent="C" nite:id="IDIAP_IS1001a_A.foa.172"/>
    <foa endtime="494.24" starttime="493.64" type="person" role="ME" nxt_agent="D" nite:id="IDIAP_IS1001a_A.foa.173"/>
    <foa endtime="496.12" starttime="494.24" type="place" place="table" nite:id="IDIAP_IS1001a_A.foa.174"/>
    <foa endtime="497.24" starttime="496.12" type="person" role="UI" nxt_agent="B" nite:id="IDIAP_IS1001a_A.foa.175"/>
    <foa endtime="498.2" starttime="497.24" type="person" role="ME" nxt_agent="D" nite:id="IDIAP_IS1001a_A.foa.176"/>
    <foa endtime="508.84" starttime="498.2" type="person" role="UI" nxt_agent="B" nite:id="IDIAP_IS1001a_A.foa.177"/>
    <foa endtime="509.96" starttime="508.84" type="place" place="slide-screen" nite:id="IDIAP_IS1001a_A.foa.178"/>
    <foa endtime="516.16" starttime="509.96" type="person" role="UI" nxt_agent="B" nite:id="IDIAP_IS1001a_A.foa.179"/>
    <foa endtime="518.6" starttime="516.16" type="person" role="ID" nxt_agent="C" nite:id="IDIAP_IS1001a_A.foa.180"/>
    <foa endtime="525.84" starttime="518.6" type="place" place="table" nite:id="IDIAP_IS1001a_A.foa.181"/>
    <foa endtime="530.84" starttime="525.84" type="place" place="whiteboard" nite:id="IDIAP_IS1001a_A.foa.182"/>
    <foa endtime="532.0" starttime="530.84" type="person" role="UI" nxt_agent="B" nite:id="IDIAP_IS1001a_A.foa.183"/>
    <foa endtime="533.2" starttime="532.0" type="place" place="table" nite:id="IDIAP_IS1001a_A.foa.184"/>
    <foa endtime="536.56" starttime="533.2" type="person" role="UI" nxt_agent="B" nite:id="IDIAP_IS1001a_A.foa.185"/>
    <foa endtime="537.32" starttime="536.56" type="person" role="ID" nxt_agent="C" nite:id="IDIAP_IS1001a_A.foa.186"/>
    <foa endtime="537.44" starttime="537.32" type="place" place="table" nite:id="IDIAP_IS1001a_A.foa.187"/>
    <foa endtime="537.84" starttime="537.44" type="person" role="UI" nxt_agent="B" nite:id="IDIAP_IS1001a_A.foa.188"/>
    <foa endtime="538.56" starttime="537.84" type="person" role="ME" nxt_agent="D" nite:id="IDIAP_IS1001a_A.foa.189"/>
    <foa endtime="541.44" starttime="538.56" type="person" role="UI" nxt_agent="B" nite:id="IDIAP_IS1001a_A.foa.190"/>
    <foa endtime="545.32" starttime="541.44" type="person" role="ID" nxt_agent="C" nite:id="IDIAP_IS1001a_A.foa.191"/>
    <foa endtime="547.2" starttime="545.32" type="person" role="UI" nxt_agent="B" nite:id="IDIAP_IS1001a_A.foa.192"/>
    <foa endtime="549.4" starttime="547.2" type="person" role="ID" nxt_agent="C" nite:id="IDIAP_IS1001a_A.foa.193"/>
    <foa endtime="555.6" starttime="549.4" type="place" place="table" nite:id="IDIAP_IS1001a_A.foa.194"/>
    <foa endtime="561.32" starttime="555.6" type="person" role="ID" nxt_agent="C" nite:id="IDIAP_IS1001a_A.foa.195"/>
    <foa endtime="570.56" starttime="561.32" type="place" place="table" nite:id="IDIAP_IS1001a_A.foa.196"/>
    <foa endtime="576.68" starttime="570.56" type="person" role="ID" nxt_agent="C" nite:id="IDIAP_IS1001a_A.foa.197"/>
    <foa endtime="577.76" starttime="576.68" type="person" role="UI" nxt_agent="B" nite:id="IDIAP_IS1001a_A.foa.198"/>
    <foa endtime="581.56" starttime="577.76" type="person" role="ID" nxt_agent="C" nite:id="IDIAP_IS1001a_A.foa.199"/>
    <foa endtime="581.92" starttime="581.56" type="place" place="table" nite:id="IDIAP_IS1001a_A.foa.200"/>
    <foa endtime="583.4" starttime="581.92" type="person" role="ID" nxt_agent="C" nite:id="IDIAP_IS1001a_A.foa.201"/>
    <foa endtime="587.2" starttime="583.4" type="place" place="table" nite:id="IDIAP_IS1001a_A.foa.202"/>
    <foa endtime="587.56" starttime="587.2" type="person" role="UI" nxt_agent="B" nite:id="IDIAP_IS1001a_A.foa.203"/>
    <foa endtime="602.92" starttime="587.56" type="place" place="table" nite:id="IDIAP_IS1001a_A.foa.204"/>
    <foa endtime="603.48" starttime="602.92" type="person" role="ID" nxt_agent="C" nite:id="IDIAP_IS1001a_A.foa.205"/>
    <foa endtime="606.0" starttime="603.48" type="place" place="table" nite:id="IDIAP_IS1001a_A.foa.206"/>
    <foa endtime="607.92" starttime="606.0" type="person" role="ID" nxt_agent="C" nite:id="IDIAP_IS1001a_A.foa.207"/>
    <foa endtime="612.52" starttime="607.92" type="person" role="UI" nxt_agent="B" nite:id="IDIAP_IS1001a_A.foa.208"/>
    <foa endtime="614.28" starttime="612.52" type="place" place="table" nite:id="IDIAP_IS1001a_A.foa.209"/>
    <foa endtime="620.96" starttime="614.28" type="person" role="UI" nxt_agent="B" nite:id="IDIAP_IS1001a_A.foa.210"/>
    <foa endtime="631.04" starttime="620.96" type="person" role="ID" nxt_agent="C" nite:id="IDIAP_IS1001a_A.foa.211"/>
    <foa endtime="633.12" starttime="631.04" type="person" role="UI" nxt_agent="B" nite:id="IDIAP_IS1001a_A.foa.212"/>
    <foa endtime="633.52" starttime="633.12" type="place" place="table" nite:id="IDIAP_IS1001a_A.foa.213"/>
    <foa endtime="640.52" starttime="633.52" type="person" role="UI" nxt_agent="B" nite:id="IDIAP_IS1001a_A.foa.214"/>
    <foa endtime="641.2" starttime="640.52" type="place" place="slide-screen" nite:id="IDIAP_IS1001a_A.foa.215"/>
    <foa endtime="656.16" starttime="641.2" type="person" role="UI" nxt_agent="B" nite:id="IDIAP_IS1001a_A.foa.216"/>
    <foa endtime="656.84" starttime="656.16" type="place" place="slide-screen" nite:id="IDIAP_IS1001a_A.foa.217"/>
    <foa endtime="665.72" starttime="656.84" type="person" role="UI" nxt_agent="B" nite:id="IDIAP_IS1001a_A.foa.218"/>
    <foa endtime="682.24" starttime="665.72" type="place" place="table" nite:id="IDIAP_IS1001a_A.foa.219"/>
    <foa endtime="684.52" starttime="682.24" type="person" role="UI" nxt_agent="B" nite:id="IDIAP_IS1001a_A.foa.220"/>
    <foa endtime="685.0" starttime="684.52" type="place" place="slide-screen" nite:id="IDIAP_IS1001a_A.foa.221"/>
    <foa endtime="687.36" starttime="685.0" type="person" role="ID" nxt_agent="C" nite:id="IDIAP_IS1001a_A.foa.222"/>
    <foa endtime="688.72" starttime="687.36" type="place" place="table" nite:id="IDIAP_IS1001a_A.foa.223"/>
    <foa endtime="703.76" starttime="688.72" type="person" role="ID" nxt_agent="C" nite:id="IDIAP_IS1001a_A.foa.224"/>
    <foa endtime="705.24" starttime="703.76" type="person" role="UI" nxt_agent="B" nite:id="IDIAP_IS1001a_A.foa.225"/>
    <foa endtime="708.4" starttime="705.24" type="place" place="table" nite:id="IDIAP_IS1001a_A.foa.226"/>
    <foa endtime="710.08" starttime="708.4" type="person" role="ID" nxt_agent="C" nite:id="IDIAP_IS1001a_A.foa.227"/>
    <foa endtime="716.28" starttime="710.08" type="place" place="table" nite:id="IDIAP_IS1001a_A.foa.228"/>
    <foa endtime="717.08" starttime="716.28" type="person" role="ID" nxt_agent="C" nite:id="IDIAP_IS1001a_A.foa.229"/>
    <foa endtime="720.04" starttime="717.08" type="place" place="table" nite:id="IDIAP_IS1001a_A.foa.230"/>
    <foa endtime="720.6" starttime="720.04" type="person" role="UI" nxt_agent="B" nite:id="IDIAP_IS1001a_A.foa.231"/>
    <foa endtime="723.52" starttime="720.6" type="place" place="table" nite:id="IDIAP_IS1001a_A.foa.232"/>
    <foa endtime="724.16" starttime="723.52" type="place" place="slide-screen" nite:id="IDIAP_IS1001a_A.foa.233"/>
    <foa endtime="725.68" starttime="724.16" type="person" role="UI" nxt_agent="B" nite:id="IDIAP_IS1001a_A.foa.234"/>
    <foa endtime="726.84" starttime="725.68" type="person" role="ID" nxt_agent="C" nite:id="IDIAP_IS1001a_A.foa.235"/>
    <foa endtime="750.96" starttime="726.84" type="person" role="UI" nxt_agent="B" nite:id="IDIAP_IS1001a_A.foa.236"/>
    <foa endtime="753.08" starttime="750.96" type="place" place="table" nite:id="IDIAP_IS1001a_A.foa.237"/>
    <foa endtime="753.6" starttime="753.08" type="person" role="UI" nxt_agent="B" nite:id="IDIAP_IS1001a_A.foa.238"/>
    <foa endtime="757.44" starttime="753.6" type="place" place="table" nite:id="IDIAP_IS1001a_A.foa.239"/>
    <foa endtime="758.12" starttime="757.44" type="person" role="UI" nxt_agent="B" nite:id="IDIAP_IS1001a_A.foa.240"/>
    <foa endtime="759.2" starttime="758.12" type="person" role="ID" nxt_agent="C" nite:id="IDIAP_IS1001a_A.foa.241"/>
    <foa endtime="761.12" starttime="759.2" type="person" role="UI" nxt_agent="B" nite:id="IDIAP_IS1001a_A.foa.242"/>
    <foa endtime="762.8" starttime="761.12" type="person" role="ID" nxt_agent="C" nite:id="IDIAP_IS1001a_A.foa.243"/>
    <foa endtime="763.8" starttime="762.8" type="place" place="table" nite:id="IDIAP_IS1001a_A.foa.244"/>
    <foa endtime="764.84" starttime="763.8" type="place" place="slide-screen" nite:id="IDIAP_IS1001a_A.foa.245"/>
    <foa endtime="766.04" starttime="764.84" type="person" role="ID" nxt_agent="C" nite:id="IDIAP_IS1001a_A.foa.246"/>
    <foa endtime="767.0" starttime="766.04" type="place" place="table" nite:id="IDIAP_IS1001a_A.foa.247"/>
    <foa endtime="767.28" starttime="767.0" type="person" role="UI" nxt_agent="B" nite:id="IDIAP_IS1001a_A.foa.248"/>
    <foa endtime="767.52" starttime="767.28" type="place" place="slide-screen" nite:id="IDIAP_IS1001a_A.foa.249"/>
    <foa endtime="768.48" starttime="767.52" type="place" place="table" nite:id="IDIAP_IS1001a_A.foa.250"/>
    <foa endtime="772.32" starttime="768.48" type="place" place="slide-screen" nite:id="IDIAP_IS1001a_A.foa.251"/>
    <foa endtime="774.88" starttime="772.32" type="person" role="ID" nxt_agent="C" nite:id="IDIAP_IS1001a_A.foa.252"/>
    <foa endtime="775.4" starttime="774.88" type="place" place="table" nite:id="IDIAP_IS1001a_A.foa.253"/>
    <foa endtime="779.32" starttime="775.4" type="place" place="slide-screen" nite:id="IDIAP_IS1001a_A.foa.254"/>
    <foa endtime="780.96" starttime="779.32" type="place" place="table" nite:id="IDIAP_IS1001a_A.foa.255"/>
    <foa endtime="782.2" starttime="780.96" type="person" role="ID" nxt_agent="C" nite:id="IDIAP_IS1001a_A.foa.256"/>
    <foa endtime="782.28" starttime="782.2" type="person" role="UI" nxt_agent="B" nite:id="IDIAP_IS1001a_A.foa.257"/>
    <foa endtime="784.16" starttime="782.28" type="place" place="slide-screen" nite:id="IDIAP_IS1001a_A.foa.258"/>
    <foa endtime="784.72" starttime="784.16" type="person" role="UI" nxt_agent="B" nite:id="IDIAP_IS1001a_A.foa.259"/>
    <foa endtime="786.2" starttime="784.72" type="person" role="ID" nxt_agent="C" nite:id="IDIAP_IS1001a_A.foa.260"/>
    <foa endtime="787.48" starttime="786.2" type="place" place="table" nite:id="IDIAP_IS1001a_A.foa.261"/>
    <foa endtime="790.28" starttime="787.48" type="place" place="slide-screen" nite:id="IDIAP_IS1001a_A.foa.262"/>
    <foa endtime="792.16" starttime="790.28" type="person" role="UI" nxt_agent="B" nite:id="IDIAP_IS1001a_A.foa.263"/>
    <foa endtime="793.68" starttime="792.16" type="place" place="slide-screen" nite:id="IDIAP_IS1001a_A.foa.264"/>
    <foa endtime="793.72" starttime="793.68" type="place" place="table" nite:id="IDIAP_IS1001a_A.foa.265"/>
    <foa endtime="794.08" starttime="793.72" type="person" role="UI" nxt_agent="B" nite:id="IDIAP_IS1001a_A.foa.266"/>
    <foa endtime="798.84" starttime="794.08" type="place" place="table" nite:id="IDIAP_IS1001a_A.foa.267"/>
    <foa endtime="803.2" starttime="798.84" type="person" role="UI" nxt_agent="B" nite:id="IDIAP_IS1001a_A.foa.268"/>
    <foa endtime="803.72" starttime="803.2" type="place" place="table" nite:id="IDIAP_IS1001a_A.foa.269"/>
    <foa endtime="807.92" starttime="803.72" type="place" place="slide-screen" nite:id="IDIAP_IS1001a_A.foa.270"/>
    <foa endtime="808.68" starttime="807.92" type="person" role="ME" nxt_agent="D" nite:id="IDIAP_IS1001a_A.foa.271"/>
    <foa endtime="810.16" starttime="808.68" type="person" role="UI" nxt_agent="B" nite:id="IDIAP_IS1001a_A.foa.272"/>
    <foa endtime="811.28" starttime="810.16" type="place" place="table" nite:id="IDIAP_IS1001a_A.foa.273"/>
    <foa endtime="813.84" starttime="811.28" type="place" place="slide-screen" nite:id="IDIAP_IS1001a_A.foa.274"/>
    <foa endtime="815.36" starttime="813.84" type="person" role="UI" nxt_agent="B" nite:id="IDIAP_IS1001a_A.foa.275"/>
    <foa endtime="816.88" starttime="815.36" type="place" place="slide-screen" nite:id="IDIAP_IS1001a_A.foa.276"/>
    <foa endtime="817.84" starttime="816.88" type="person" role="UI" nxt_agent="B" nite:id="IDIAP_IS1001a_A.foa.277"/>
    <foa endtime="818.12" starttime="817.84" type="place" place="table" nite:id="IDIAP_IS1001a_A.foa.278"/>
    <foa endtime="825.16" starttime="818.12" type="place" place="slide-screen" nite:id="IDIAP_IS1001a_A.foa.279"/>
    <foa endtime="826.16" starttime="825.16" type="person" role="UI" nxt_agent="B" nite:id="IDIAP_IS1001a_A.foa.280"/>
    <foa endtime="829.2" starttime="826.16" type="place" place="slide-screen" nite:id="IDIAP_IS1001a_A.foa.281"/>
    <foa endtime="835.08" starttime="829.2" type="person" role="UI" nxt_agent="B" nite:id="IDIAP_IS1001a_A.foa.282"/>
    <foa endtime="836.2" starttime="835.08" type="person" role="ID" nxt_agent="C" nite:id="IDIAP_IS1001a_A.foa.283"/>
    <foa endtime="838.52" starttime="836.2" type="person" role="UI" nxt_agent="B" nite:id="IDIAP_IS1001a_A.foa.284"/>
    <foa endtime="839.0" starttime="838.52" type="unspecified" nite:id="IDIAP_IS1001a_A.foa.285"/>
    <foa endtime="839.6" starttime="839.0" type="person" role="UI" nxt_agent="B" nite:id="IDIAP_IS1001a_A.foa.286"/>
    <foa endtime="839.88" starttime="839.6" type="person" role="ID" nxt_agent="C" nite:id="IDIAP_IS1001a_A.foa.287"/>
    <foa endtime="840.6" starttime="839.88" type="place" place="table" nite:id="IDIAP_IS1001a_A.foa.288"/>
    <foa endtime="841.8" starttime="840.6" type="place" place="slide-screen" nite:id="IDIAP_IS1001a_A.foa.289"/>
    <foa endtime="842.16" starttime="841.8" type="place" place="table" nite:id="IDIAP_IS1001a_A.foa.290"/>
    <foa endtime="842.96" starttime="842.16" type="person" role="ME" nxt_agent="D" nite:id="IDIAP_IS1001a_A.foa.291"/>
    <foa endtime="844.48" starttime="842.96" type="person" role="UI" nxt_agent="B" nite:id="IDIAP_IS1001a_A.foa.292"/>
    <foa endtime="845.32" starttime="844.48" type="place" place="table" nite:id="IDIAP_IS1001a_A.foa.293"/>
    <foa endtime="890.0" starttime="845.32" type="unspecified" nite:id="IDIAP_IS1001a_A.foa.294"/>
</nite:root>
