<?xml version="1.0" encoding="UTF-8"?>
<nite:root xmlns:nite="http://nite.sourceforge.net/" nite:id="IDIAP_IS1008b_D.nite:root.1">
    <foa endtime="18.4" starttime="0.0" type="unspecified" nite:id="IDIAP_IS1008b_D.foa.1"/>
    <foa endtime="19.4" starttime="18.4" type="place" place="table" nite:id="IDIAP_IS1008b_D.foa.2"/>
    <foa endtime="20.36" starttime="19.4" type="unspecified" nite:id="IDIAP_IS1008b_D.foa.3"/>
    <foa endtime="21.2" starttime="20.36" type="person" role="UI" nxt_agent="C" nite:id="IDIAP_IS1008b_D.foa.4"/>
    <foa endtime="24.04" starttime="21.2" type="place" place="table" nite:id="IDIAP_IS1008b_D.foa.5"/>
    <foa endtime="30.4" starttime="24.04" type="unspecified" nite:id="IDIAP_IS1008b_D.foa.6"/>
    <foa endtime="54.44" starttime="30.4" type="place" place="table" nite:id="IDIAP_IS1008b_D.foa.7"/>
    <foa endtime="56.04" starttime="54.44" type="person" role="PM" nxt_agent="A" nite:id="IDIAP_IS1008b_D.foa.8"/>
    <foa endtime="62.72" starttime="56.04" type="place" place="table" nite:id="IDIAP_IS1008b_D.foa.9"/>
    <foa endtime="64.48" starttime="62.72" type="person" role="PM" nxt_agent="A" nite:id="IDIAP_IS1008b_D.foa.10"/>
    <foa endtime="79.92" starttime="64.48" type="place" place="table" nite:id="IDIAP_IS1008b_D.foa.11"/>
    <foa endtime="80.32" starttime="79.92" type="place" place="slide-screen" nite:id="IDIAP_IS1008b_D.foa.12"/>
    <foa endtime="84.08" starttime="80.32" type="person" role="PM" nxt_agent="A" nite:id="IDIAP_IS1008b_D.foa.13"/>
    <foa endtime="96.28" starttime="84.08" type="place" place="table" nite:id="IDIAP_IS1008b_D.foa.14"/>
    <foa endtime="100.04" starttime="96.28" type="place" place="slide-screen" nite:id="IDIAP_IS1008b_D.foa.15"/>
    <foa endtime="126.76" starttime="100.04" type="place" place="table" nite:id="IDIAP_IS1008b_D.foa.16"/>
    <foa endtime="127.88" starttime="126.76" type="person" role="PM" nxt_agent="A" nite:id="IDIAP_IS1008b_D.foa.17"/>
    <foa endtime="130.08" starttime="127.88" type="unspecified" nite:id="IDIAP_IS1008b_D.foa.18"/>
    <foa endtime="131.96" starttime="130.08" type="person" role="PM" nxt_agent="A" nite:id="IDIAP_IS1008b_D.foa.19"/>
    <foa endtime="133.32" starttime="131.96" type="place" place="table" nite:id="IDIAP_IS1008b_D.foa.20"/>
    <foa endtime="133.8" starttime="133.32" type="person" role="PM" nxt_agent="A" nite:id="IDIAP_IS1008b_D.foa.21"/>
    <foa endtime="137.56" starttime="133.8" type="place" place="slide-screen" nite:id="IDIAP_IS1008b_D.foa.22"/>
    <foa endtime="139.32" starttime="137.56" type="person" role="PM" nxt_agent="A" nite:id="IDIAP_IS1008b_D.foa.23"/>
    <foa endtime="142.72" starttime="139.32" type="place" place="slide-screen" nite:id="IDIAP_IS1008b_D.foa.24"/>
    <foa endtime="143.52" starttime="142.72" type="person" role="PM" nxt_agent="A" nite:id="IDIAP_IS1008b_D.foa.25"/>
    <foa endtime="144.16" starttime="143.52" type="place" place="table" nite:id="IDIAP_IS1008b_D.foa.26"/>
    <foa endtime="144.8" starttime="144.16" type="unspecified" nite:id="IDIAP_IS1008b_D.foa.27"/>
    <foa endtime="166.52" starttime="144.8" type="place" place="table" nite:id="IDIAP_IS1008b_D.foa.28"/>
    <foa endtime="167.0" starttime="166.52" type="unspecified" nite:id="IDIAP_IS1008b_D.foa.29"/>
    <foa endtime="169.56" starttime="167.0" type="place" place="slide-screen" nite:id="IDIAP_IS1008b_D.foa.30"/>
    <foa endtime="172.2" starttime="169.56" type="place" place="table" nite:id="IDIAP_IS1008b_D.foa.31"/>
    <foa endtime="173.0" starttime="172.2" type="place" place="slide-screen" nite:id="IDIAP_IS1008b_D.foa.32"/>
    <foa endtime="174.28" starttime="173.0" type="person" role="UI" nxt_agent="C" nite:id="IDIAP_IS1008b_D.foa.33"/>
    <foa endtime="174.76" starttime="174.28" type="unspecified" nite:id="IDIAP_IS1008b_D.foa.34"/>
    <foa endtime="176.84" starttime="174.76" type="place" place="slide-screen" nite:id="IDIAP_IS1008b_D.foa.35"/>
    <foa endtime="180.36" starttime="176.84" type="person" role="PM" nxt_agent="A" nite:id="IDIAP_IS1008b_D.foa.36"/>
    <foa endtime="180.68" starttime="180.36" type="unspecified" nite:id="IDIAP_IS1008b_D.foa.37"/>
    <foa endtime="226.8" starttime="180.68" type="place" place="table" nite:id="IDIAP_IS1008b_D.foa.38"/>
    <foa endtime="227.28" starttime="226.8" type="unspecified" nite:id="IDIAP_IS1008b_D.foa.39"/>
    <foa endtime="229.6" starttime="227.28" type="place" place="slide-screen" nite:id="IDIAP_IS1008b_D.foa.40"/>
    <foa endtime="231.36" starttime="229.6" type="person" role="ID" nxt_agent="B" nite:id="IDIAP_IS1008b_D.foa.41"/>
    <foa endtime="231.84" starttime="231.36" type="unspecified" nite:id="IDIAP_IS1008b_D.foa.42"/>
    <foa endtime="232.96" starttime="231.84" type="person" role="ID" nxt_agent="B" nite:id="IDIAP_IS1008b_D.foa.43"/>
    <foa endtime="233.76" starttime="232.96" type="place" place="slide-screen" nite:id="IDIAP_IS1008b_D.foa.44"/>
    <foa endtime="234.4" starttime="233.76" type="person" role="ID" nxt_agent="B" nite:id="IDIAP_IS1008b_D.foa.45"/>
    <foa endtime="235.0" starttime="234.4" type="person" role="UI" nxt_agent="C" nite:id="IDIAP_IS1008b_D.foa.46"/>
    <foa endtime="239.76" starttime="235.0" type="place" place="table" nite:id="IDIAP_IS1008b_D.foa.47"/>
    <foa endtime="242.56" starttime="239.76" type="person" role="ID" nxt_agent="B" nite:id="IDIAP_IS1008b_D.foa.48"/>
    <foa endtime="243.04" starttime="242.56" type="place" place="slide-screen" nite:id="IDIAP_IS1008b_D.foa.49"/>
    <foa endtime="243.68" starttime="243.04" type="person" role="ID" nxt_agent="B" nite:id="IDIAP_IS1008b_D.foa.50"/>
    <foa endtime="245.16" starttime="243.68" type="place" place="table" nite:id="IDIAP_IS1008b_D.foa.51"/>
    <foa endtime="248.72" starttime="245.16" type="place" place="slide-screen" nite:id="IDIAP_IS1008b_D.foa.52"/>
    <foa endtime="252.2" starttime="248.72" type="place" place="table" nite:id="IDIAP_IS1008b_D.foa.53"/>
    <foa endtime="254.76" starttime="252.2" type="unspecified" nite:id="IDIAP_IS1008b_D.foa.54"/>
    <foa endtime="256.68" starttime="254.76" type="place" place="table" nite:id="IDIAP_IS1008b_D.foa.55"/>
    <foa endtime="257.0" starttime="256.68" type="unspecified" nite:id="IDIAP_IS1008b_D.foa.56"/>
    <foa endtime="260.72" starttime="257.0" type="place" place="slide-screen" nite:id="IDIAP_IS1008b_D.foa.57"/>
    <foa endtime="261.52" starttime="260.72" type="unspecified" nite:id="IDIAP_IS1008b_D.foa.58"/>
    <foa endtime="263.28" starttime="261.52" type="person" role="ID" nxt_agent="B" nite:id="IDIAP_IS1008b_D.foa.59"/>
    <foa endtime="263.92" starttime="263.28" type="place" place="slide-screen" nite:id="IDIAP_IS1008b_D.foa.60"/>
    <foa endtime="268.96" starttime="263.92" type="place" place="table" nite:id="IDIAP_IS1008b_D.foa.61"/>
    <foa endtime="269.92" starttime="268.96" type="unspecified" nite:id="IDIAP_IS1008b_D.foa.62"/>
    <foa endtime="277.6" starttime="269.92" type="place" place="slide-screen" nite:id="IDIAP_IS1008b_D.foa.63"/>
    <foa endtime="278.4" starttime="277.6" type="person" role="ID" nxt_agent="B" nite:id="IDIAP_IS1008b_D.foa.64"/>
    <foa endtime="279.32" starttime="278.4" type="place" place="slide-screen" nite:id="IDIAP_IS1008b_D.foa.65"/>
    <foa endtime="279.88" starttime="279.32" type="place" place="table" nite:id="IDIAP_IS1008b_D.foa.66"/>
    <foa endtime="280.52" starttime="279.88" type="person" role="UI" nxt_agent="C" nite:id="IDIAP_IS1008b_D.foa.67"/>
    <foa endtime="281.16" starttime="280.52" type="place" place="table" nite:id="IDIAP_IS1008b_D.foa.68"/>
    <foa endtime="281.84" starttime="281.16" type="unspecified" nite:id="IDIAP_IS1008b_D.foa.69"/>
    <foa endtime="285.36" starttime="281.84" type="place" place="slide-screen" nite:id="IDIAP_IS1008b_D.foa.70"/>
    <foa endtime="285.8" starttime="285.36" type="person" role="ID" nxt_agent="B" nite:id="IDIAP_IS1008b_D.foa.71"/>
    <foa endtime="287.52" starttime="285.8" type="place" place="table" nite:id="IDIAP_IS1008b_D.foa.72"/>
    <foa endtime="288.16" starttime="287.52" type="unspecified" nite:id="IDIAP_IS1008b_D.foa.73"/>
    <foa endtime="290.0" starttime="288.16" type="place" place="table" nite:id="IDIAP_IS1008b_D.foa.74"/>
    <foa endtime="292.32" starttime="290.0" type="person" role="ID" nxt_agent="B" nite:id="IDIAP_IS1008b_D.foa.75"/>
    <foa endtime="299.76" starttime="292.32" type="place" place="slide-screen" nite:id="IDIAP_IS1008b_D.foa.76"/>
    <foa endtime="303.48" starttime="299.76" type="person" role="ID" nxt_agent="B" nite:id="IDIAP_IS1008b_D.foa.77"/>
    <foa endtime="305.88" starttime="303.48" type="place" place="slide-screen" nite:id="IDIAP_IS1008b_D.foa.78"/>
    <foa endtime="309.12" starttime="305.88" type="person" role="ID" nxt_agent="B" nite:id="IDIAP_IS1008b_D.foa.79"/>
    <foa endtime="316.12" starttime="309.12" type="place" place="slide-screen" nite:id="IDIAP_IS1008b_D.foa.80"/>
    <foa endtime="316.44" starttime="316.12" type="person" role="PM" nxt_agent="A" nite:id="IDIAP_IS1008b_D.foa.81"/>
    <foa endtime="316.92" starttime="316.44" type="person" role="UI" nxt_agent="C" nite:id="IDIAP_IS1008b_D.foa.82"/>
    <foa endtime="317.4" starttime="316.92" type="place" place="table" nite:id="IDIAP_IS1008b_D.foa.83"/>
    <foa endtime="317.72" starttime="317.4" type="place" place="slide-screen" nite:id="IDIAP_IS1008b_D.foa.84"/>
    <foa endtime="319.68" starttime="317.72" type="person" role="ID" nxt_agent="B" nite:id="IDIAP_IS1008b_D.foa.85"/>
    <foa endtime="322.24" starttime="319.68" type="place" place="slide-screen" nite:id="IDIAP_IS1008b_D.foa.86"/>
    <foa endtime="325.12" starttime="322.24" type="person" role="ID" nxt_agent="B" nite:id="IDIAP_IS1008b_D.foa.87"/>
    <foa endtime="331.64" starttime="325.12" type="place" place="slide-screen" nite:id="IDIAP_IS1008b_D.foa.88"/>
    <foa endtime="332.32" starttime="331.64" type="person" role="UI" nxt_agent="C" nite:id="IDIAP_IS1008b_D.foa.89"/>
    <foa endtime="343.72" starttime="332.32" type="place" place="slide-screen" nite:id="IDIAP_IS1008b_D.foa.90"/>
    <foa endtime="344.2" starttime="343.72" type="person" role="ID" nxt_agent="B" nite:id="IDIAP_IS1008b_D.foa.91"/>
    <foa endtime="345.04" starttime="344.2" type="place" place="slide-screen" nite:id="IDIAP_IS1008b_D.foa.92"/>
    <foa endtime="347.08" starttime="345.04" type="place" place="table" nite:id="IDIAP_IS1008b_D.foa.93"/>
    <foa endtime="347.56" starttime="347.08" type="person" role="UI" nxt_agent="C" nite:id="IDIAP_IS1008b_D.foa.94"/>
    <foa endtime="348.48" starttime="347.56" type="place" place="table" nite:id="IDIAP_IS1008b_D.foa.95"/>
    <foa endtime="352.2" starttime="348.48" type="place" place="slide-screen" nite:id="IDIAP_IS1008b_D.foa.96"/>
    <foa endtime="352.68" starttime="352.2" type="person" role="UI" nxt_agent="C" nite:id="IDIAP_IS1008b_D.foa.97"/>
    <foa endtime="354.28" starttime="352.68" type="place" place="slide-screen" nite:id="IDIAP_IS1008b_D.foa.98"/>
    <foa endtime="355.48" starttime="354.28" type="person" role="ID" nxt_agent="B" nite:id="IDIAP_IS1008b_D.foa.99"/>
    <foa endtime="362.36" starttime="355.48" type="place" place="slide-screen" nite:id="IDIAP_IS1008b_D.foa.100"/>
    <foa endtime="365.4" starttime="362.36" type="person" role="ID" nxt_agent="B" nite:id="IDIAP_IS1008b_D.foa.101"/>
    <foa endtime="366.6" starttime="365.4" type="place" place="table" nite:id="IDIAP_IS1008b_D.foa.102"/>
    <foa endtime="373.24" starttime="366.6" type="place" place="slide-screen" nite:id="IDIAP_IS1008b_D.foa.103"/>
    <foa endtime="374.84" starttime="373.24" type="person" role="ID" nxt_agent="B" nite:id="IDIAP_IS1008b_D.foa.104"/>
    <foa endtime="377.96" starttime="374.84" type="place" place="slide-screen" nite:id="IDIAP_IS1008b_D.foa.105"/>
    <foa endtime="378.28" starttime="377.96" type="person" role="ID" nxt_agent="B" nite:id="IDIAP_IS1008b_D.foa.106"/>
    <foa endtime="379.52" starttime="378.28" type="place" place="slide-screen" nite:id="IDIAP_IS1008b_D.foa.107"/>
    <foa endtime="379.84" starttime="379.52" type="place" place="table" nite:id="IDIAP_IS1008b_D.foa.108"/>
    <foa endtime="380.16" starttime="379.84" type="person" role="UI" nxt_agent="C" nite:id="IDIAP_IS1008b_D.foa.109"/>
    <foa endtime="382.2" starttime="380.16" type="place" place="table" nite:id="IDIAP_IS1008b_D.foa.110"/>
    <foa endtime="390.2" starttime="382.2" type="place" place="slide-screen" nite:id="IDIAP_IS1008b_D.foa.111"/>
    <foa endtime="391.96" starttime="390.2" type="person" role="ID" nxt_agent="B" nite:id="IDIAP_IS1008b_D.foa.112"/>
    <foa endtime="394.68" starttime="391.96" type="place" place="slide-screen" nite:id="IDIAP_IS1008b_D.foa.113"/>
    <foa endtime="399.04" starttime="394.68" type="person" role="ID" nxt_agent="B" nite:id="IDIAP_IS1008b_D.foa.114"/>
    <foa endtime="400.16" starttime="399.04" type="place" place="slide-screen" nite:id="IDIAP_IS1008b_D.foa.115"/>
    <foa endtime="401.44" starttime="400.16" type="person" role="PM" nxt_agent="A" nite:id="IDIAP_IS1008b_D.foa.116"/>
    <foa endtime="403.36" starttime="401.44" type="place" place="slide-screen" nite:id="IDIAP_IS1008b_D.foa.117"/>
    <foa endtime="404.0" starttime="403.36" type="person" role="ID" nxt_agent="B" nite:id="IDIAP_IS1008b_D.foa.118"/>
    <foa endtime="409.6" starttime="404.0" type="place" place="slide-screen" nite:id="IDIAP_IS1008b_D.foa.119"/>
    <foa endtime="411.08" starttime="409.6" type="person" role="ID" nxt_agent="B" nite:id="IDIAP_IS1008b_D.foa.120"/>
    <foa endtime="413.2" starttime="411.08" type="place" place="slide-screen" nite:id="IDIAP_IS1008b_D.foa.121"/>
    <foa endtime="418.76" starttime="413.2" type="person" role="ID" nxt_agent="B" nite:id="IDIAP_IS1008b_D.foa.122"/>
    <foa endtime="420.84" starttime="418.76" type="place" place="slide-screen" nite:id="IDIAP_IS1008b_D.foa.123"/>
    <foa endtime="421.4" starttime="420.84" type="person" role="ID" nxt_agent="B" nite:id="IDIAP_IS1008b_D.foa.124"/>
    <foa endtime="423.36" starttime="421.4" type="place" place="slide-screen" nite:id="IDIAP_IS1008b_D.foa.125"/>
    <foa endtime="425.56" starttime="423.36" type="person" role="ID" nxt_agent="B" nite:id="IDIAP_IS1008b_D.foa.126"/>
    <foa endtime="426.04" starttime="425.56" type="person" role="UI" nxt_agent="C" nite:id="IDIAP_IS1008b_D.foa.127"/>
    <foa endtime="427.92" starttime="426.04" type="place" place="table" nite:id="IDIAP_IS1008b_D.foa.128"/>
    <foa endtime="428.08" starttime="427.92" type="unspecified" nite:id="IDIAP_IS1008b_D.foa.129"/>
    <foa endtime="428.72" starttime="428.08" type="person" role="UI" nxt_agent="C" nite:id="IDIAP_IS1008b_D.foa.130"/>
    <foa endtime="431.12" starttime="428.72" type="unspecified" nite:id="IDIAP_IS1008b_D.foa.131"/>
    <foa endtime="434.36" starttime="431.12" type="place" place="slide-screen" nite:id="IDIAP_IS1008b_D.foa.132"/>
    <foa endtime="437.96" starttime="434.36" type="person" role="ID" nxt_agent="B" nite:id="IDIAP_IS1008b_D.foa.133"/>
    <foa endtime="438.76" starttime="437.96" type="place" place="slide-screen" nite:id="IDIAP_IS1008b_D.foa.134"/>
    <foa endtime="439.76" starttime="438.76" type="person" role="ID" nxt_agent="B" nite:id="IDIAP_IS1008b_D.foa.135"/>
    <foa endtime="441.2" starttime="439.76" type="unspecified" nite:id="IDIAP_IS1008b_D.foa.136"/>
    <foa endtime="442.92" starttime="441.2" type="person" role="ID" nxt_agent="B" nite:id="IDIAP_IS1008b_D.foa.137"/>
    <foa endtime="444.8" starttime="442.92" type="place" place="slide-screen" nite:id="IDIAP_IS1008b_D.foa.138"/>
    <foa endtime="446.08" starttime="444.8" type="person" role="ID" nxt_agent="B" nite:id="IDIAP_IS1008b_D.foa.139"/>
    <foa endtime="447.32" starttime="446.08" type="place" place="slide-screen" nite:id="IDIAP_IS1008b_D.foa.140"/>
    <foa endtime="448.28" starttime="447.32" type="unspecified" nite:id="IDIAP_IS1008b_D.foa.141"/>
    <foa endtime="448.88" starttime="448.28" type="place" place="table" nite:id="IDIAP_IS1008b_D.foa.142"/>
    <foa endtime="449.44" starttime="448.88" type="person" role="ID" nxt_agent="B" nite:id="IDIAP_IS1008b_D.foa.143"/>
    <foa endtime="450.24" starttime="449.44" type="place" place="slide-screen" nite:id="IDIAP_IS1008b_D.foa.144"/>
    <foa endtime="450.72" starttime="450.24" type="unspecified" nite:id="IDIAP_IS1008b_D.foa.145"/>
    <foa endtime="452.8" starttime="450.72" type="person" role="ID" nxt_agent="B" nite:id="IDIAP_IS1008b_D.foa.146"/>
    <foa endtime="453.6" starttime="452.8" type="place" place="slide-screen" nite:id="IDIAP_IS1008b_D.foa.147"/>
    <foa endtime="454.4" starttime="453.6" type="person" role="ID" nxt_agent="B" nite:id="IDIAP_IS1008b_D.foa.148"/>
    <foa endtime="456.08" starttime="454.4" type="person" role="UI" nxt_agent="C" nite:id="IDIAP_IS1008b_D.foa.149"/>
    <foa endtime="457.32" starttime="456.08" type="place" place="table" nite:id="IDIAP_IS1008b_D.foa.150"/>
    <foa endtime="457.64" starttime="457.32" type="person" role="PM" nxt_agent="A" nite:id="IDIAP_IS1008b_D.foa.151"/>
    <foa endtime="458.6" starttime="457.64" type="place" place="slide-screen" nite:id="IDIAP_IS1008b_D.foa.152"/>
    <foa endtime="463.6" starttime="458.6" type="person" role="PM" nxt_agent="A" nite:id="IDIAP_IS1008b_D.foa.153"/>
    <foa endtime="467.24" starttime="463.6" type="person" role="UI" nxt_agent="C" nite:id="IDIAP_IS1008b_D.foa.154"/>
    <foa endtime="471.08" starttime="467.24" type="place" place="table" nite:id="IDIAP_IS1008b_D.foa.155"/>
    <foa endtime="471.64" starttime="471.08" type="unspecified" nite:id="IDIAP_IS1008b_D.foa.156"/>
    <foa endtime="473.24" starttime="471.64" type="place" place="slide-screen" nite:id="IDIAP_IS1008b_D.foa.157"/>
    <foa endtime="488.0" starttime="473.24" type="place" place="table" nite:id="IDIAP_IS1008b_D.foa.158"/>
    <foa endtime="491.28" starttime="488.0" type="place" place="slide-screen" nite:id="IDIAP_IS1008b_D.foa.159"/>
    <foa endtime="491.44" starttime="491.28" type="person" role="PM" nxt_agent="A" nite:id="IDIAP_IS1008b_D.foa.160"/>
    <foa endtime="493.48" starttime="491.44" type="place" place="table" nite:id="IDIAP_IS1008b_D.foa.161"/>
    <foa endtime="493.96" starttime="493.48" type="unspecified" nite:id="IDIAP_IS1008b_D.foa.162"/>
    <foa endtime="494.44" starttime="493.96" type="place" place="table" nite:id="IDIAP_IS1008b_D.foa.163"/>
    <foa endtime="494.92" starttime="494.44" type="person" role="PM" nxt_agent="A" nite:id="IDIAP_IS1008b_D.foa.164"/>
    <foa endtime="495.72" starttime="494.92" type="person" role="UI" nxt_agent="C" nite:id="IDIAP_IS1008b_D.foa.165"/>
    <foa endtime="496.52" starttime="495.72" type="unspecified" nite:id="IDIAP_IS1008b_D.foa.166"/>
    <foa endtime="499.68" starttime="496.52" type="place" place="table" nite:id="IDIAP_IS1008b_D.foa.167"/>
    <foa endtime="500.92" starttime="499.68" type="place" place="slide-screen" nite:id="IDIAP_IS1008b_D.foa.168"/>
    <foa endtime="502.84" starttime="500.92" type="person" role="PM" nxt_agent="A" nite:id="IDIAP_IS1008b_D.foa.169"/>
    <foa endtime="503.32" starttime="502.84" type="place" place="table" nite:id="IDIAP_IS1008b_D.foa.170"/>
    <foa endtime="503.92" starttime="503.32" type="place" place="slide-screen" nite:id="IDIAP_IS1008b_D.foa.171"/>
    <foa endtime="505.2" starttime="503.92" type="person" role="PM" nxt_agent="A" nite:id="IDIAP_IS1008b_D.foa.172"/>
    <foa endtime="508.8" starttime="505.2" type="place" place="slide-screen" nite:id="IDIAP_IS1008b_D.foa.173"/>
    <foa endtime="510.48" starttime="508.8" type="person" role="PM" nxt_agent="A" nite:id="IDIAP_IS1008b_D.foa.174"/>
    <foa endtime="513.76" starttime="510.48" type="place" place="slide-screen" nite:id="IDIAP_IS1008b_D.foa.175"/>
    <foa endtime="516.24" starttime="513.76" type="person" role="UI" nxt_agent="C" nite:id="IDIAP_IS1008b_D.foa.176"/>
    <foa endtime="517.84" starttime="516.24" type="person" role="ID" nxt_agent="B" nite:id="IDIAP_IS1008b_D.foa.177"/>
    <foa endtime="524.96" starttime="517.84" type="person" role="UI" nxt_agent="C" nite:id="IDIAP_IS1008b_D.foa.178"/>
    <foa endtime="525.68" starttime="524.96" type="place" place="table" nite:id="IDIAP_IS1008b_D.foa.179"/>
    <foa endtime="527.04" starttime="525.68" type="person" role="ID" nxt_agent="B" nite:id="IDIAP_IS1008b_D.foa.180"/>
    <foa endtime="528.48" starttime="527.04" type="place" place="slide-screen" nite:id="IDIAP_IS1008b_D.foa.181"/>
    <foa endtime="528.8" starttime="528.48" type="person" role="PM" nxt_agent="A" nite:id="IDIAP_IS1008b_D.foa.182"/>
    <foa endtime="529.28" starttime="528.8" type="person" role="UI" nxt_agent="C" nite:id="IDIAP_IS1008b_D.foa.183"/>
    <foa endtime="531.2" starttime="529.28" type="place" place="table" nite:id="IDIAP_IS1008b_D.foa.184"/>
    <foa endtime="532.0" starttime="531.2" type="person" role="ID" nxt_agent="B" nite:id="IDIAP_IS1008b_D.foa.185"/>
    <foa endtime="533.12" starttime="532.0" type="place" place="slide-screen" nite:id="IDIAP_IS1008b_D.foa.186"/>
    <foa endtime="533.76" starttime="533.12" type="person" role="UI" nxt_agent="C" nite:id="IDIAP_IS1008b_D.foa.187"/>
    <foa endtime="538.84" starttime="533.76" type="place" place="table" nite:id="IDIAP_IS1008b_D.foa.188"/>
    <foa endtime="539.16" starttime="538.84" type="place" place="slide-screen" nite:id="IDIAP_IS1008b_D.foa.189"/>
    <foa endtime="540.12" starttime="539.16" type="person" role="ID" nxt_agent="B" nite:id="IDIAP_IS1008b_D.foa.190"/>
    <foa endtime="543.48" starttime="540.12" type="person" role="UI" nxt_agent="C" nite:id="IDIAP_IS1008b_D.foa.191"/>
    <foa endtime="544.68" starttime="543.48" type="person" role="PM" nxt_agent="A" nite:id="IDIAP_IS1008b_D.foa.192"/>
    <foa endtime="545.0" starttime="544.68" type="unspecified" nite:id="IDIAP_IS1008b_D.foa.193"/>
    <foa endtime="545.8" starttime="545.0" type="place" place="table" nite:id="IDIAP_IS1008b_D.foa.194"/>
    <foa endtime="549.88" starttime="545.8" type="person" role="ID" nxt_agent="B" nite:id="IDIAP_IS1008b_D.foa.195"/>
    <foa endtime="550.52" starttime="549.88" type="person" role="PM" nxt_agent="A" nite:id="IDIAP_IS1008b_D.foa.196"/>
    <foa endtime="551.16" starttime="550.52" type="person" role="UI" nxt_agent="C" nite:id="IDIAP_IS1008b_D.foa.197"/>
    <foa endtime="551.8" starttime="551.16" type="person" role="PM" nxt_agent="A" nite:id="IDIAP_IS1008b_D.foa.198"/>
    <foa endtime="553.84" starttime="551.8" type="person" role="ID" nxt_agent="B" nite:id="IDIAP_IS1008b_D.foa.199"/>
    <foa endtime="558.0" starttime="553.84" type="person" role="PM" nxt_agent="A" nite:id="IDIAP_IS1008b_D.foa.200"/>
    <foa endtime="558.4" starttime="558.0" type="unspecified" nite:id="IDIAP_IS1008b_D.foa.201"/>
    <foa endtime="561.0" starttime="558.4" type="person" role="ID" nxt_agent="B" nite:id="IDIAP_IS1008b_D.foa.202"/>
    <foa endtime="561.52" starttime="561.0" type="person" role="UI" nxt_agent="C" nite:id="IDIAP_IS1008b_D.foa.203"/>
    <foa endtime="563.68" starttime="561.52" type="person" role="PM" nxt_agent="A" nite:id="IDIAP_IS1008b_D.foa.204"/>
    <foa endtime="566.2" starttime="563.68" type="place" place="table" nite:id="IDIAP_IS1008b_D.foa.205"/>
    <foa endtime="566.68" starttime="566.2" type="person" role="PM" nxt_agent="A" nite:id="IDIAP_IS1008b_D.foa.206"/>
    <foa endtime="567.16" starttime="566.68" type="place" place="table" nite:id="IDIAP_IS1008b_D.foa.207"/>
    <foa endtime="567.8" starttime="567.16" type="person" role="PM" nxt_agent="A" nite:id="IDIAP_IS1008b_D.foa.208"/>
    <foa endtime="568.44" starttime="567.8" type="unspecified" nite:id="IDIAP_IS1008b_D.foa.209"/>
    <foa endtime="570.52" starttime="568.44" type="person" role="PM" nxt_agent="A" nite:id="IDIAP_IS1008b_D.foa.210"/>
    <foa endtime="601.88" starttime="570.52" type="place" place="table" nite:id="IDIAP_IS1008b_D.foa.211"/>
    <foa endtime="610.08" starttime="601.88" type="place" place="slide-screen" nite:id="IDIAP_IS1008b_D.foa.212"/>
    <foa endtime="610.56" starttime="610.08" type="person" role="PM" nxt_agent="A" nite:id="IDIAP_IS1008b_D.foa.213"/>
    <foa endtime="620.6" starttime="610.56" type="place" place="slide-screen" nite:id="IDIAP_IS1008b_D.foa.214"/>
    <foa endtime="651.36" starttime="620.6" type="place" place="table" nite:id="IDIAP_IS1008b_D.foa.215"/>
    <foa endtime="661.4" starttime="651.36" type="place" place="slide-screen" nite:id="IDIAP_IS1008b_D.foa.216"/>
    <foa endtime="662.2" starttime="661.4" type="place" place="table" nite:id="IDIAP_IS1008b_D.foa.217"/>
    <foa endtime="662.52" starttime="662.2" type="person" role="PM" nxt_agent="A" nite:id="IDIAP_IS1008b_D.foa.218"/>
    <foa endtime="664.28" starttime="662.52" type="place" place="table" nite:id="IDIAP_IS1008b_D.foa.219"/>
    <foa endtime="673.12" starttime="664.28" type="person" role="PM" nxt_agent="A" nite:id="IDIAP_IS1008b_D.foa.220"/>
    <foa endtime="675.76" starttime="673.12" type="place" place="slide-screen" nite:id="IDIAP_IS1008b_D.foa.221"/>
    <foa endtime="676.56" starttime="675.76" type="person" role="PM" nxt_agent="A" nite:id="IDIAP_IS1008b_D.foa.222"/>
    <foa endtime="679.68" starttime="676.56" type="place" place="table" nite:id="IDIAP_IS1008b_D.foa.223"/>
    <foa endtime="681.96" starttime="679.68" type="person" role="PM" nxt_agent="A" nite:id="IDIAP_IS1008b_D.foa.224"/>
    <foa endtime="683.24" starttime="681.96" type="place" place="slide-screen" nite:id="IDIAP_IS1008b_D.foa.225"/>
    <foa endtime="685.48" starttime="683.24" type="person" role="PM" nxt_agent="A" nite:id="IDIAP_IS1008b_D.foa.226"/>
    <foa endtime="687.08" starttime="685.48" type="unspecified" nite:id="IDIAP_IS1008b_D.foa.227"/>
    <foa endtime="690.64" starttime="687.08" type="person" role="PM" nxt_agent="A" nite:id="IDIAP_IS1008b_D.foa.228"/>
    <foa endtime="702.2" starttime="690.64" type="place" place="table" nite:id="IDIAP_IS1008b_D.foa.229"/>
    <foa endtime="706.36" starttime="702.2" type="person" role="PM" nxt_agent="A" nite:id="IDIAP_IS1008b_D.foa.230"/>
    <foa endtime="707.16" starttime="706.36" type="unspecified" nite:id="IDIAP_IS1008b_D.foa.231"/>
    <foa endtime="710.2" starttime="707.16" type="person" role="ID" nxt_agent="B" nite:id="IDIAP_IS1008b_D.foa.232"/>
    <foa endtime="710.8" starttime="710.2" type="person" role="PM" nxt_agent="A" nite:id="IDIAP_IS1008b_D.foa.233"/>
    <foa endtime="711.76" starttime="710.8" type="place" place="table" nite:id="IDIAP_IS1008b_D.foa.234"/>
    <foa endtime="712.4" starttime="711.76" type="person" role="PM" nxt_agent="A" nite:id="IDIAP_IS1008b_D.foa.235"/>
    <foa endtime="712.72" starttime="712.4" type="unspecified" nite:id="IDIAP_IS1008b_D.foa.236"/>
    <foa endtime="715.4" starttime="712.72" type="person" role="ID" nxt_agent="B" nite:id="IDIAP_IS1008b_D.foa.237"/>
    <foa endtime="716.44" starttime="715.4" type="person" role="PM" nxt_agent="A" nite:id="IDIAP_IS1008b_D.foa.238"/>
    <foa endtime="722.08" starttime="716.44" type="place" place="table" nite:id="IDIAP_IS1008b_D.foa.239"/>
    <foa endtime="723.04" starttime="722.08" type="person" role="PM" nxt_agent="A" nite:id="IDIAP_IS1008b_D.foa.240"/>
    <foa endtime="723.76" starttime="723.04" type="place" place="table" nite:id="IDIAP_IS1008b_D.foa.241"/>
    <foa endtime="726.84" starttime="723.76" type="place" place="slide-screen" nite:id="IDIAP_IS1008b_D.foa.242"/>
    <foa endtime="728.24" starttime="726.84" type="person" role="ID" nxt_agent="B" nite:id="IDIAP_IS1008b_D.foa.243"/>
    <foa endtime="732.36" starttime="728.24" type="person" role="PM" nxt_agent="A" nite:id="IDIAP_IS1008b_D.foa.244"/>
    <foa endtime="733.8" starttime="732.36" type="place" place="table" nite:id="IDIAP_IS1008b_D.foa.245"/>
    <foa endtime="735.0" starttime="733.8" type="person" role="PM" nxt_agent="A" nite:id="IDIAP_IS1008b_D.foa.246"/>
    <foa endtime="742.24" starttime="735.0" type="place" place="table" nite:id="IDIAP_IS1008b_D.foa.247"/>
    <foa endtime="742.8" starttime="742.24" type="person" role="UI" nxt_agent="C" nite:id="IDIAP_IS1008b_D.foa.248"/>
    <foa endtime="743.96" starttime="742.8" type="place" place="table" nite:id="IDIAP_IS1008b_D.foa.249"/>
    <foa endtime="745.08" starttime="743.96" type="place" place="slide-screen" nite:id="IDIAP_IS1008b_D.foa.250"/>
    <foa endtime="748.12" starttime="745.08" type="person" role="UI" nxt_agent="C" nite:id="IDIAP_IS1008b_D.foa.251"/>
    <foa endtime="748.72" starttime="748.12" type="person" role="ID" nxt_agent="B" nite:id="IDIAP_IS1008b_D.foa.252"/>
    <foa endtime="749.56" starttime="748.72" type="person" role="PM" nxt_agent="A" nite:id="IDIAP_IS1008b_D.foa.253"/>
    <foa endtime="750.2" starttime="749.56" type="place" place="slide-screen" nite:id="IDIAP_IS1008b_D.foa.254"/>
    <foa endtime="751.44" starttime="750.2" type="person" role="ID" nxt_agent="B" nite:id="IDIAP_IS1008b_D.foa.255"/>
    <foa endtime="751.8" starttime="751.44" type="place" place="slide-screen" nite:id="IDIAP_IS1008b_D.foa.256"/>
    <foa endtime="753.72" starttime="751.8" type="place" place="table" nite:id="IDIAP_IS1008b_D.foa.257"/>
    <foa endtime="754.6" starttime="753.72" type="person" role="PM" nxt_agent="A" nite:id="IDIAP_IS1008b_D.foa.258"/>
    <foa endtime="761.96" starttime="754.6" type="place" place="table" nite:id="IDIAP_IS1008b_D.foa.259"/>
    <foa endtime="765.16" starttime="761.96" type="person" role="PM" nxt_agent="A" nite:id="IDIAP_IS1008b_D.foa.260"/>
    <foa endtime="769.6" starttime="765.16" type="place" place="table" nite:id="IDIAP_IS1008b_D.foa.261"/>
    <foa endtime="771.72" starttime="769.6" type="place" place="slide-screen" nite:id="IDIAP_IS1008b_D.foa.262"/>
    <foa endtime="772.8" starttime="771.72" type="person" role="PM" nxt_agent="A" nite:id="IDIAP_IS1008b_D.foa.263"/>
    <foa endtime="774.88" starttime="772.8" type="place" place="table" nite:id="IDIAP_IS1008b_D.foa.264"/>
    <foa endtime="776.32" starttime="774.88" type="person" role="PM" nxt_agent="A" nite:id="IDIAP_IS1008b_D.foa.265"/>
    <foa endtime="777.08" starttime="776.32" type="person" role="ID" nxt_agent="B" nite:id="IDIAP_IS1008b_D.foa.266"/>
    <foa endtime="778.12" starttime="777.08" type="person" role="PM" nxt_agent="A" nite:id="IDIAP_IS1008b_D.foa.267"/>
    <foa endtime="779.24" starttime="778.12" type="person" role="ID" nxt_agent="B" nite:id="IDIAP_IS1008b_D.foa.268"/>
    <foa endtime="780.76" starttime="779.24" type="person" role="PM" nxt_agent="A" nite:id="IDIAP_IS1008b_D.foa.269"/>
    <foa endtime="782.68" starttime="780.76" type="place" place="table" nite:id="IDIAP_IS1008b_D.foa.270"/>
    <foa endtime="783.4" starttime="782.68" type="person" role="PM" nxt_agent="A" nite:id="IDIAP_IS1008b_D.foa.271"/>
    <foa endtime="783.92" starttime="783.4" type="person" role="ID" nxt_agent="B" nite:id="IDIAP_IS1008b_D.foa.272"/>
    <foa endtime="785.68" starttime="783.92" type="person" role="PM" nxt_agent="A" nite:id="IDIAP_IS1008b_D.foa.273"/>
    <foa endtime="787.0" starttime="785.68" type="place" place="table" nite:id="IDIAP_IS1008b_D.foa.274"/>
    <foa endtime="787.96" starttime="787.0" type="person" role="PM" nxt_agent="A" nite:id="IDIAP_IS1008b_D.foa.275"/>
    <foa endtime="792.52" starttime="787.96" type="place" place="table" nite:id="IDIAP_IS1008b_D.foa.276"/>
    <foa endtime="793.2" starttime="792.52" type="person" role="PM" nxt_agent="A" nite:id="IDIAP_IS1008b_D.foa.277"/>
    <foa endtime="793.72" starttime="793.2" type="person" role="ID" nxt_agent="B" nite:id="IDIAP_IS1008b_D.foa.278"/>
    <foa endtime="795.28" starttime="793.72" type="place" place="table" nite:id="IDIAP_IS1008b_D.foa.279"/>
    <foa endtime="798.8" starttime="795.28" type="person" role="PM" nxt_agent="A" nite:id="IDIAP_IS1008b_D.foa.280"/>
    <foa endtime="803.88" starttime="798.8" type="place" place="table" nite:id="IDIAP_IS1008b_D.foa.281"/>
    <foa endtime="804.24" starttime="803.88" type="person" role="PM" nxt_agent="A" nite:id="IDIAP_IS1008b_D.foa.282"/>
    <foa endtime="804.96" starttime="804.24" type="place" place="table" nite:id="IDIAP_IS1008b_D.foa.283"/>
    <foa endtime="805.6" starttime="804.96" type="person" role="ID" nxt_agent="B" nite:id="IDIAP_IS1008b_D.foa.284"/>
    <foa endtime="806.08" starttime="805.6" type="person" role="PM" nxt_agent="A" nite:id="IDIAP_IS1008b_D.foa.285"/>
    <foa endtime="807.12" starttime="806.08" type="place" place="table" nite:id="IDIAP_IS1008b_D.foa.286"/>
    <foa endtime="807.96" starttime="807.12" type="unspecified" nite:id="IDIAP_IS1008b_D.foa.287"/>
    <foa endtime="808.92" starttime="807.96" type="person" role="PM" nxt_agent="A" nite:id="IDIAP_IS1008b_D.foa.288"/>
    <foa endtime="810.6" starttime="808.92" type="person" role="ID" nxt_agent="B" nite:id="IDIAP_IS1008b_D.foa.289"/>
    <foa endtime="813.36" starttime="810.6" type="person" role="PM" nxt_agent="A" nite:id="IDIAP_IS1008b_D.foa.290"/>
    <foa endtime="816.24" starttime="813.36" type="person" role="ID" nxt_agent="B" nite:id="IDIAP_IS1008b_D.foa.291"/>
    <foa endtime="817.04" starttime="816.24" type="person" role="PM" nxt_agent="A" nite:id="IDIAP_IS1008b_D.foa.292"/>
    <foa endtime="817.96" starttime="817.04" type="person" role="ID" nxt_agent="B" nite:id="IDIAP_IS1008b_D.foa.293"/>
    <foa endtime="819.12" starttime="817.96" type="place" place="table" nite:id="IDIAP_IS1008b_D.foa.294"/>
    <foa endtime="819.24" starttime="819.12" type="unspecified" nite:id="IDIAP_IS1008b_D.foa.295"/>
    <foa endtime="819.84" starttime="819.24" type="person" role="ID" nxt_agent="B" nite:id="IDIAP_IS1008b_D.foa.296"/>
    <foa endtime="821.52" starttime="819.84" type="person" role="PM" nxt_agent="A" nite:id="IDIAP_IS1008b_D.foa.297"/>
    <foa endtime="822.64" starttime="821.52" type="person" role="UI" nxt_agent="C" nite:id="IDIAP_IS1008b_D.foa.298"/>
    <foa endtime="823.96" starttime="822.64" type="person" role="ID" nxt_agent="B" nite:id="IDIAP_IS1008b_D.foa.299"/>
    <foa endtime="825.28" starttime="823.96" type="person" role="PM" nxt_agent="A" nite:id="IDIAP_IS1008b_D.foa.300"/>
    <foa endtime="825.84" starttime="825.28" type="place" place="slide-screen" nite:id="IDIAP_IS1008b_D.foa.301"/>
    <foa endtime="826.92" starttime="825.84" type="person" role="ID" nxt_agent="B" nite:id="IDIAP_IS1008b_D.foa.302"/>
    <foa endtime="827.64" starttime="826.92" type="place" place="slide-screen" nite:id="IDIAP_IS1008b_D.foa.303"/>
    <foa endtime="830.4" starttime="827.64" type="person" role="PM" nxt_agent="A" nite:id="IDIAP_IS1008b_D.foa.304"/>
    <foa endtime="831.48" starttime="830.4" type="unspecified" nite:id="IDIAP_IS1008b_D.foa.305"/>
    <foa endtime="832.68" starttime="831.48" type="person" role="ID" nxt_agent="B" nite:id="IDIAP_IS1008b_D.foa.306"/>
    <foa endtime="836.92" starttime="832.68" type="person" role="PM" nxt_agent="A" nite:id="IDIAP_IS1008b_D.foa.307"/>
    <foa endtime="838.52" starttime="836.92" type="place" place="slide-screen" nite:id="IDIAP_IS1008b_D.foa.308"/>
    <foa endtime="839.84" starttime="838.52" type="person" role="PM" nxt_agent="A" nite:id="IDIAP_IS1008b_D.foa.309"/>
    <foa endtime="841.4" starttime="839.84" type="place" place="table" nite:id="IDIAP_IS1008b_D.foa.310"/>
    <foa endtime="842.0" starttime="841.4" type="person" role="PM" nxt_agent="A" nite:id="IDIAP_IS1008b_D.foa.311"/>
    <foa endtime="842.72" starttime="842.0" type="place" place="table" nite:id="IDIAP_IS1008b_D.foa.312"/>
    <foa endtime="843.12" starttime="842.72" type="place" place="slide-screen" nite:id="IDIAP_IS1008b_D.foa.313"/>
    <foa endtime="843.6" starttime="843.12" type="person" role="ID" nxt_agent="B" nite:id="IDIAP_IS1008b_D.foa.314"/>
    <foa endtime="844.2" starttime="843.6" type="place" place="slide-screen" nite:id="IDIAP_IS1008b_D.foa.315"/>
    <foa endtime="845.8" starttime="844.2" type="person" role="PM" nxt_agent="A" nite:id="IDIAP_IS1008b_D.foa.316"/>
    <foa endtime="847.52" starttime="845.8" type="place" place="table" nite:id="IDIAP_IS1008b_D.foa.317"/>
    <foa endtime="848.84" starttime="847.52" type="person" role="PM" nxt_agent="A" nite:id="IDIAP_IS1008b_D.foa.318"/>
    <foa endtime="851.32" starttime="848.84" type="place" place="table" nite:id="IDIAP_IS1008b_D.foa.319"/>
    <foa endtime="852.16" starttime="851.32" type="person" role="ID" nxt_agent="B" nite:id="IDIAP_IS1008b_D.foa.320"/>
    <foa endtime="853.12" starttime="852.16" type="person" role="PM" nxt_agent="A" nite:id="IDIAP_IS1008b_D.foa.321"/>
    <foa endtime="854.88" starttime="853.12" type="person" role="ID" nxt_agent="B" nite:id="IDIAP_IS1008b_D.foa.322"/>
    <foa endtime="858.24" starttime="854.88" type="person" role="PM" nxt_agent="A" nite:id="IDIAP_IS1008b_D.foa.323"/>
    <foa endtime="859.2" starttime="858.24" type="unspecified" nite:id="IDIAP_IS1008b_D.foa.324"/>
    <foa endtime="859.56" starttime="859.2" type="person" role="ID" nxt_agent="B" nite:id="IDIAP_IS1008b_D.foa.325"/>
    <foa endtime="862.0" starttime="859.56" type="person" role="PM" nxt_agent="A" nite:id="IDIAP_IS1008b_D.foa.326"/>
    <foa endtime="863.32" starttime="862.0" type="unspecified" nite:id="IDIAP_IS1008b_D.foa.327"/>
    <foa endtime="865.6" starttime="863.32" type="person" role="PM" nxt_agent="A" nite:id="IDIAP_IS1008b_D.foa.328"/>
    <foa endtime="868.64" starttime="865.6" type="place" place="table" nite:id="IDIAP_IS1008b_D.foa.329"/>
    <foa endtime="869.0" starttime="868.64" type="unspecified" nite:id="IDIAP_IS1008b_D.foa.330"/>
    <foa endtime="871.16" starttime="869.0" type="person" role="PM" nxt_agent="A" nite:id="IDIAP_IS1008b_D.foa.331"/>
    <foa endtime="873.28" starttime="871.16" type="unspecified" nite:id="IDIAP_IS1008b_D.foa.332"/>
    <foa endtime="873.8" starttime="873.28" type="person" role="ID" nxt_agent="B" nite:id="IDIAP_IS1008b_D.foa.333"/>
    <foa endtime="874.96" starttime="873.8" type="person" role="PM" nxt_agent="A" nite:id="IDIAP_IS1008b_D.foa.334"/>
    <foa endtime="877.52" starttime="874.96" type="unspecified" nite:id="IDIAP_IS1008b_D.foa.335"/>
    <foa endtime="883.32" starttime="877.52" type="person" role="PM" nxt_agent="A" nite:id="IDIAP_IS1008b_D.foa.336"/>
    <foa endtime="883.92" starttime="883.32" type="unspecified" nite:id="IDIAP_IS1008b_D.foa.337"/>
    <foa endtime="884.28" starttime="883.92" type="person" role="ID" nxt_agent="B" nite:id="IDIAP_IS1008b_D.foa.338"/>
    <foa endtime="885.48" starttime="884.28" type="person" role="PM" nxt_agent="A" nite:id="IDIAP_IS1008b_D.foa.339"/>
    <foa endtime="885.96" starttime="885.48" type="unspecified" nite:id="IDIAP_IS1008b_D.foa.340"/>
    <foa endtime="886.2" starttime="885.96" type="person" role="ID" nxt_agent="B" nite:id="IDIAP_IS1008b_D.foa.341"/>
    <foa endtime="886.64" starttime="886.2" type="person" role="PM" nxt_agent="A" nite:id="IDIAP_IS1008b_D.foa.342"/>
    <foa endtime="887.84" starttime="886.64" type="person" role="UI" nxt_agent="C" nite:id="IDIAP_IS1008b_D.foa.343"/>
    <foa endtime="890.2" starttime="887.84" type="person" role="PM" nxt_agent="A" nite:id="IDIAP_IS1008b_D.foa.344"/>
    <foa endtime="890.68" starttime="890.2" type="unspecified" nite:id="IDIAP_IS1008b_D.foa.345"/>
    <foa endtime="891.88" starttime="890.68" type="person" role="PM" nxt_agent="A" nite:id="IDIAP_IS1008b_D.foa.346"/>
    <foa endtime="892.96" starttime="891.88" type="place" place="table" nite:id="IDIAP_IS1008b_D.foa.347"/>
    <foa endtime="893.8" starttime="892.96" type="person" role="PM" nxt_agent="A" nite:id="IDIAP_IS1008b_D.foa.348"/>
    <foa endtime="894.64" starttime="893.8" type="unspecified" nite:id="IDIAP_IS1008b_D.foa.349"/>
    <foa endtime="895.84" starttime="894.64" type="person" role="ID" nxt_agent="B" nite:id="IDIAP_IS1008b_D.foa.350"/>
    <foa endtime="901.2" starttime="895.84" type="person" role="PM" nxt_agent="A" nite:id="IDIAP_IS1008b_D.foa.351"/>
    <foa endtime="903.0" starttime="901.2" type="unspecified" nite:id="IDIAP_IS1008b_D.foa.352"/>
    <foa endtime="910.6" starttime="903.0" type="person" role="PM" nxt_agent="A" nite:id="IDIAP_IS1008b_D.foa.353"/>
    <foa endtime="912.0" starttime="910.6" type="person" role="ID" nxt_agent="B" nite:id="IDIAP_IS1008b_D.foa.354"/>
    <foa endtime="913.56" starttime="912.0" type="unspecified" nite:id="IDIAP_IS1008b_D.foa.355"/>
    <foa endtime="914.16" starttime="913.56" type="person" role="ID" nxt_agent="B" nite:id="IDIAP_IS1008b_D.foa.356"/>
    <foa endtime="915.2" starttime="914.16" type="person" role="PM" nxt_agent="A" nite:id="IDIAP_IS1008b_D.foa.357"/>
    <foa endtime="915.68" starttime="915.2" type="unspecified" nite:id="IDIAP_IS1008b_D.foa.358"/>
    <foa endtime="917.48" starttime="915.68" type="person" role="ID" nxt_agent="B" nite:id="IDIAP_IS1008b_D.foa.359"/>
    <foa endtime="920.76" starttime="917.48" type="person" role="PM" nxt_agent="A" nite:id="IDIAP_IS1008b_D.foa.360"/>
    <foa endtime="921.12" starttime="920.76" type="unspecified" nite:id="IDIAP_IS1008b_D.foa.361"/>
    <foa endtime="931.64" starttime="921.12" type="person" role="ID" nxt_agent="B" nite:id="IDIAP_IS1008b_D.foa.362"/>
    <foa endtime="932.44" starttime="931.64" type="person" role="PM" nxt_agent="A" nite:id="IDIAP_IS1008b_D.foa.363"/>
    <foa endtime="933.6" starttime="932.44" type="person" role="UI" nxt_agent="C" nite:id="IDIAP_IS1008b_D.foa.364"/>
    <foa endtime="936.36" starttime="933.6" type="unspecified" nite:id="IDIAP_IS1008b_D.foa.365"/>
    <foa endtime="938.28" starttime="936.36" type="person" role="PM" nxt_agent="A" nite:id="IDIAP_IS1008b_D.foa.366"/>
    <foa endtime="942.8" starttime="938.28" type="person" role="ID" nxt_agent="B" nite:id="IDIAP_IS1008b_D.foa.367"/>
    <foa endtime="948.68" starttime="942.8" type="place" place="table" nite:id="IDIAP_IS1008b_D.foa.368"/>
    <foa endtime="949.56" starttime="948.68" type="person" role="PM" nxt_agent="A" nite:id="IDIAP_IS1008b_D.foa.369"/>
    <foa endtime="970.88" starttime="949.56" type="place" place="table" nite:id="IDIAP_IS1008b_D.foa.370"/>
    <foa endtime="975.96" starttime="970.88" type="person" role="ID" nxt_agent="B" nite:id="IDIAP_IS1008b_D.foa.371"/>
    <foa endtime="976.08" starttime="975.96" type="person" role="UI" nxt_agent="C" nite:id="IDIAP_IS1008b_D.foa.372"/>
    <foa endtime="994.44" starttime="976.08" type="place" place="table" nite:id="IDIAP_IS1008b_D.foa.373"/>
    <foa endtime="995.24" starttime="994.44" type="person" role="UI" nxt_agent="C" nite:id="IDIAP_IS1008b_D.foa.374"/>
    <foa endtime="996.44" starttime="995.24" type="place" place="table" nite:id="IDIAP_IS1008b_D.foa.375"/>
    <foa endtime="1015.56" starttime="996.44" type="person" role="UI" nxt_agent="C" nite:id="IDIAP_IS1008b_D.foa.376"/>
    <foa endtime="1016.16" starttime="1015.56" type="person" role="PM" nxt_agent="A" nite:id="IDIAP_IS1008b_D.foa.377"/>
    <foa endtime="1020.0" starttime="1016.16" type="person" role="UI" nxt_agent="C" nite:id="IDIAP_IS1008b_D.foa.378"/>
    <foa endtime="1021.08" starttime="1020.0" type="unspecified" nite:id="IDIAP_IS1008b_D.foa.379"/>
    <foa endtime="1022.28" starttime="1021.08" type="person" role="UI" nxt_agent="C" nite:id="IDIAP_IS1008b_D.foa.380"/>
    <foa endtime="1022.64" starttime="1022.28" type="person" role="PM" nxt_agent="A" nite:id="IDIAP_IS1008b_D.foa.381"/>
    <foa endtime="1026.0" starttime="1022.64" type="person" role="UI" nxt_agent="C" nite:id="IDIAP_IS1008b_D.foa.382"/>
    <foa endtime="1026.84" starttime="1026.0" type="unspecified" nite:id="IDIAP_IS1008b_D.foa.383"/>
    <foa endtime="1028.28" starttime="1026.84" type="person" role="ID" nxt_agent="B" nite:id="IDIAP_IS1008b_D.foa.384"/>
    <foa endtime="1029.6" starttime="1028.28" type="person" role="UI" nxt_agent="C" nite:id="IDIAP_IS1008b_D.foa.385"/>
    <foa endtime="1030.6" starttime="1029.6" type="place" place="table" nite:id="IDIAP_IS1008b_D.foa.386"/>
    <foa endtime="1031.44" starttime="1030.6" type="person" role="UI" nxt_agent="C" nite:id="IDIAP_IS1008b_D.foa.387"/>
    <foa endtime="1032.84" starttime="1031.44" type="unspecified" nite:id="IDIAP_IS1008b_D.foa.388"/>
    <foa endtime="1035.12" starttime="1032.84" type="person" role="UI" nxt_agent="C" nite:id="IDIAP_IS1008b_D.foa.389"/>
    <foa endtime="1036.92" starttime="1035.12" type="unspecified" nite:id="IDIAP_IS1008b_D.foa.390"/>
    <foa endtime="1037.4" starttime="1036.92" type="person" role="PM" nxt_agent="A" nite:id="IDIAP_IS1008b_D.foa.391"/>
    <foa endtime="1038.84" starttime="1037.4" type="person" role="UI" nxt_agent="C" nite:id="IDIAP_IS1008b_D.foa.392"/>
    <foa endtime="1047.52" starttime="1038.84" type="unspecified" nite:id="IDIAP_IS1008b_D.foa.393"/>
    <foa endtime="1048.24" starttime="1047.52" type="person" role="UI" nxt_agent="C" nite:id="IDIAP_IS1008b_D.foa.394"/>
    <foa endtime="1051.36" starttime="1048.24" type="unspecified" nite:id="IDIAP_IS1008b_D.foa.395"/>
    <foa endtime="1051.96" starttime="1051.36" type="person" role="ID" nxt_agent="B" nite:id="IDIAP_IS1008b_D.foa.396"/>
    <foa endtime="1052.68" starttime="1051.96" type="person" role="PM" nxt_agent="A" nite:id="IDIAP_IS1008b_D.foa.397"/>
    <foa endtime="1054.08" starttime="1052.68" type="person" role="UI" nxt_agent="C" nite:id="IDIAP_IS1008b_D.foa.398"/>
    <foa endtime="1056.96" starttime="1054.08" type="unspecified" nite:id="IDIAP_IS1008b_D.foa.399"/>
    <foa endtime="1057.32" starttime="1056.96" type="person" role="ID" nxt_agent="B" nite:id="IDIAP_IS1008b_D.foa.400"/>
    <foa endtime="1058.04" starttime="1057.32" type="person" role="PM" nxt_agent="A" nite:id="IDIAP_IS1008b_D.foa.401"/>
    <foa endtime="1061.64" starttime="1058.04" type="person" role="UI" nxt_agent="C" nite:id="IDIAP_IS1008b_D.foa.402"/>
    <foa endtime="1062.0" starttime="1061.64" type="unspecified" nite:id="IDIAP_IS1008b_D.foa.403"/>
    <foa endtime="1063.8" starttime="1062.0" type="place" place="table" nite:id="IDIAP_IS1008b_D.foa.404"/>
    <foa endtime="1064.88" starttime="1063.8" type="unspecified" nite:id="IDIAP_IS1008b_D.foa.405"/>
    <foa endtime="1065.6" starttime="1064.88" type="person" role="UI" nxt_agent="C" nite:id="IDIAP_IS1008b_D.foa.406"/>
    <foa endtime="1065.96" starttime="1065.6" type="unspecified" nite:id="IDIAP_IS1008b_D.foa.407"/>
    <foa endtime="1067.52" starttime="1065.96" type="place" place="table" nite:id="IDIAP_IS1008b_D.foa.408"/>
    <foa endtime="1068.0" starttime="1067.52" type="person" role="PM" nxt_agent="A" nite:id="IDIAP_IS1008b_D.foa.409"/>
    <foa endtime="1071.16" starttime="1068.0" type="person" role="UI" nxt_agent="C" nite:id="IDIAP_IS1008b_D.foa.410"/>
    <foa endtime="1072.24" starttime="1071.16" type="person" role="PM" nxt_agent="A" nite:id="IDIAP_IS1008b_D.foa.411"/>
    <foa endtime="1078.64" starttime="1072.24" type="person" role="UI" nxt_agent="C" nite:id="IDIAP_IS1008b_D.foa.412"/>
    <foa endtime="1079.6" starttime="1078.64" type="person" role="ID" nxt_agent="B" nite:id="IDIAP_IS1008b_D.foa.413"/>
    <foa endtime="1080.08" starttime="1079.6" type="place" place="table" nite:id="IDIAP_IS1008b_D.foa.414"/>
    <foa endtime="1081.52" starttime="1080.08" type="person" role="PM" nxt_agent="A" nite:id="IDIAP_IS1008b_D.foa.415"/>
    <foa endtime="1082.68" starttime="1081.52" type="place" place="table" nite:id="IDIAP_IS1008b_D.foa.416"/>
    <foa endtime="1086.64" starttime="1082.68" type="person" role="UI" nxt_agent="C" nite:id="IDIAP_IS1008b_D.foa.417"/>
    <foa endtime="1089.88" starttime="1086.64" type="unspecified" nite:id="IDIAP_IS1008b_D.foa.418"/>
    <foa endtime="1091.44" starttime="1089.88" type="person" role="PM" nxt_agent="A" nite:id="IDIAP_IS1008b_D.foa.419"/>
    <foa endtime="1093.48" starttime="1091.44" type="person" role="UI" nxt_agent="C" nite:id="IDIAP_IS1008b_D.foa.420"/>
    <foa endtime="1094.32" starttime="1093.48" type="unspecified" nite:id="IDIAP_IS1008b_D.foa.421"/>
    <foa endtime="1094.8" starttime="1094.32" type="person" role="ID" nxt_agent="B" nite:id="IDIAP_IS1008b_D.foa.422"/>
    <foa endtime="1096.72" starttime="1094.8" type="person" role="UI" nxt_agent="C" nite:id="IDIAP_IS1008b_D.foa.423"/>
    <foa endtime="1097.2" starttime="1096.72" type="unspecified" nite:id="IDIAP_IS1008b_D.foa.424"/>
    <foa endtime="1098.04" starttime="1097.2" type="person" role="ID" nxt_agent="B" nite:id="IDIAP_IS1008b_D.foa.425"/>
    <foa endtime="1102.6" starttime="1098.04" type="person" role="PM" nxt_agent="A" nite:id="IDIAP_IS1008b_D.foa.426"/>
    <foa endtime="1103.2" starttime="1102.6" type="place" place="table" nite:id="IDIAP_IS1008b_D.foa.427"/>
    <foa endtime="1106.48" starttime="1103.2" type="person" role="PM" nxt_agent="A" nite:id="IDIAP_IS1008b_D.foa.428"/>
    <foa endtime="1107.44" starttime="1106.48" type="unspecified" nite:id="IDIAP_IS1008b_D.foa.429"/>
    <foa endtime="1109.0" starttime="1107.44" type="place" place="table" nite:id="IDIAP_IS1008b_D.foa.430"/>
    <foa endtime="1110.2" starttime="1109.0" type="unspecified" nite:id="IDIAP_IS1008b_D.foa.431"/>
    <foa endtime="1111.04" starttime="1110.2" type="person" role="PM" nxt_agent="A" nite:id="IDIAP_IS1008b_D.foa.432"/>
    <foa endtime="1113.56" starttime="1111.04" type="place" place="slide-screen" nite:id="IDIAP_IS1008b_D.foa.433"/>
    <foa endtime="1115.12" starttime="1113.56" type="person" role="PM" nxt_agent="A" nite:id="IDIAP_IS1008b_D.foa.434"/>
    <foa endtime="1132.28" starttime="1115.12" type="place" place="table" nite:id="IDIAP_IS1008b_D.foa.435"/>
    <foa endtime="1134.08" starttime="1132.28" type="unspecified" nite:id="IDIAP_IS1008b_D.foa.436"/>
    <foa endtime="1135.28" starttime="1134.08" type="person" role="PM" nxt_agent="A" nite:id="IDIAP_IS1008b_D.foa.437"/>
    <foa endtime="1139.28" starttime="1135.28" type="place" place="table" nite:id="IDIAP_IS1008b_D.foa.438"/>
    <foa endtime="1145.28" starttime="1139.28" type="person" role="PM" nxt_agent="A" nite:id="IDIAP_IS1008b_D.foa.439"/>
    <foa endtime="1162.88" starttime="1145.28" type="place" place="table" nite:id="IDIAP_IS1008b_D.foa.440"/>
    <foa endtime="1164.4" starttime="1162.88" type="person" role="PM" nxt_agent="A" nite:id="IDIAP_IS1008b_D.foa.441"/>
    <foa endtime="1166.68" starttime="1164.4" type="unspecified" nite:id="IDIAP_IS1008b_D.foa.442"/>
    <foa endtime="1169.24" starttime="1166.68" type="person" role="PM" nxt_agent="A" nite:id="IDIAP_IS1008b_D.foa.443"/>
    <foa endtime="1170.16" starttime="1169.24" type="place" place="table" nite:id="IDIAP_IS1008b_D.foa.444"/>
    <foa endtime="1174.36" starttime="1170.16" type="unspecified" nite:id="IDIAP_IS1008b_D.foa.445"/>
    <foa endtime="1179.28" starttime="1174.36" type="person" role="PM" nxt_agent="A" nite:id="IDIAP_IS1008b_D.foa.446"/>
    <foa endtime="1180.52" starttime="1179.28" type="place" place="table" nite:id="IDIAP_IS1008b_D.foa.447"/>
    <foa endtime="1183.12" starttime="1180.52" type="person" role="PM" nxt_agent="A" nite:id="IDIAP_IS1008b_D.foa.448"/>
    <foa endtime="1183.48" starttime="1183.12" type="person" role="ID" nxt_agent="B" nite:id="IDIAP_IS1008b_D.foa.449"/>
    <foa endtime="1191.24" starttime="1183.48" type="person" role="PM" nxt_agent="A" nite:id="IDIAP_IS1008b_D.foa.450"/>
    <foa endtime="1192.32" starttime="1191.24" type="person" role="ID" nxt_agent="B" nite:id="IDIAP_IS1008b_D.foa.451"/>
    <foa endtime="1193.56" starttime="1192.32" type="person" role="UI" nxt_agent="C" nite:id="IDIAP_IS1008b_D.foa.452"/>
    <foa endtime="1197.12" starttime="1193.56" type="person" role="PM" nxt_agent="A" nite:id="IDIAP_IS1008b_D.foa.453"/>
    <foa endtime="1198.08" starttime="1197.12" type="place" place="table" nite:id="IDIAP_IS1008b_D.foa.454"/>
    <foa endtime="1205.52" starttime="1198.08" type="person" role="PM" nxt_agent="A" nite:id="IDIAP_IS1008b_D.foa.455"/>
    <foa endtime="1207.96" starttime="1205.52" type="place" place="table" nite:id="IDIAP_IS1008b_D.foa.456"/>
    <foa endtime="1211.12" starttime="1207.96" type="person" role="PM" nxt_agent="A" nite:id="IDIAP_IS1008b_D.foa.457"/>
    <foa endtime="1211.72" starttime="1211.12" type="unspecified" nite:id="IDIAP_IS1008b_D.foa.458"/>
    <foa endtime="1212.44" starttime="1211.72" type="place" place="table" nite:id="IDIAP_IS1008b_D.foa.459"/>
    <foa endtime="1214.48" starttime="1212.44" type="person" role="PM" nxt_agent="A" nite:id="IDIAP_IS1008b_D.foa.460"/>
    <foa endtime="1215.32" starttime="1214.48" type="person" role="ID" nxt_agent="B" nite:id="IDIAP_IS1008b_D.foa.461"/>
    <foa endtime="1216.16" starttime="1215.32" type="place" place="table" nite:id="IDIAP_IS1008b_D.foa.462"/>
    <foa endtime="1218.32" starttime="1216.16" type="person" role="PM" nxt_agent="A" nite:id="IDIAP_IS1008b_D.foa.463"/>
    <foa endtime="1219.04" starttime="1218.32" type="unspecified" nite:id="IDIAP_IS1008b_D.foa.464"/>
    <foa endtime="1226.08" starttime="1219.04" type="person" role="PM" nxt_agent="A" nite:id="IDIAP_IS1008b_D.foa.465"/>
    <foa endtime="1227.96" starttime="1226.08" type="unspecified" nite:id="IDIAP_IS1008b_D.foa.466"/>
    <foa endtime="1231.64" starttime="1227.96" type="person" role="PM" nxt_agent="A" nite:id="IDIAP_IS1008b_D.foa.467"/>
    <foa endtime="1233.12" starttime="1231.64" type="unspecified" nite:id="IDIAP_IS1008b_D.foa.468"/>
    <foa endtime="1235.52" starttime="1233.12" type="person" role="PM" nxt_agent="A" nite:id="IDIAP_IS1008b_D.foa.469"/>
    <foa endtime="1236.96" starttime="1235.52" type="person" role="UI" nxt_agent="C" nite:id="IDIAP_IS1008b_D.foa.470"/>
    <foa endtime="1237.84" starttime="1236.96" type="unspecified" nite:id="IDIAP_IS1008b_D.foa.471"/>
    <foa endtime="1239.16" starttime="1237.84" type="place" place="slide-screen" nite:id="IDIAP_IS1008b_D.foa.472"/>
    <foa endtime="1239.8" starttime="1239.16" type="person" role="PM" nxt_agent="A" nite:id="IDIAP_IS1008b_D.foa.473"/>
    <foa endtime="1240.4" starttime="1239.8" type="unspecified" nite:id="IDIAP_IS1008b_D.foa.474"/>
    <foa endtime="1249.56" starttime="1240.4" type="person" role="PM" nxt_agent="A" nite:id="IDIAP_IS1008b_D.foa.475"/>
    <foa endtime="1252.32" starttime="1249.56" type="unspecified" nite:id="IDIAP_IS1008b_D.foa.476"/>
    <foa endtime="1252.8" starttime="1252.32" type="person" role="PM" nxt_agent="A" nite:id="IDIAP_IS1008b_D.foa.477"/>
    <foa endtime="1262.76" starttime="1252.8" type="place" place="table" nite:id="IDIAP_IS1008b_D.foa.478"/>
    <foa endtime="1263.76" starttime="1262.76" type="person" role="PM" nxt_agent="A" nite:id="IDIAP_IS1008b_D.foa.479"/>
    <foa endtime="1264.36" starttime="1263.76" type="person" role="UI" nxt_agent="C" nite:id="IDIAP_IS1008b_D.foa.480"/>
    <foa endtime="1269.08" starttime="1264.36" type="place" place="table" nite:id="IDIAP_IS1008b_D.foa.481"/>
    <foa endtime="1275.04" starttime="1269.08" type="person" role="UI" nxt_agent="C" nite:id="IDIAP_IS1008b_D.foa.482"/>
    <foa endtime="1275.64" starttime="1275.04" type="unspecified" nite:id="IDIAP_IS1008b_D.foa.483"/>
    <foa endtime="1276.48" starttime="1275.64" type="person" role="PM" nxt_agent="A" nite:id="IDIAP_IS1008b_D.foa.484"/>
    <foa endtime="1277.44" starttime="1276.48" type="place" place="table" nite:id="IDIAP_IS1008b_D.foa.485"/>
    <foa endtime="1278.84" starttime="1277.44" type="person" role="PM" nxt_agent="A" nite:id="IDIAP_IS1008b_D.foa.486"/>
    <foa endtime="1280.16" starttime="1278.84" type="person" role="UI" nxt_agent="C" nite:id="IDIAP_IS1008b_D.foa.487"/>
    <foa endtime="1281.12" starttime="1280.16" type="person" role="PM" nxt_agent="A" nite:id="IDIAP_IS1008b_D.foa.488"/>
    <foa endtime="1282.08" starttime="1281.12" type="person" role="UI" nxt_agent="C" nite:id="IDIAP_IS1008b_D.foa.489"/>
    <foa endtime="1299.76" starttime="1282.08" type="place" place="slide-screen" nite:id="IDIAP_IS1008b_D.foa.490"/>
    <foa endtime="1300.48" starttime="1299.76" type="unspecified" nite:id="IDIAP_IS1008b_D.foa.491"/>
    <foa endtime="1319.44" starttime="1300.48" type="place" place="slide-screen" nite:id="IDIAP_IS1008b_D.foa.492"/>
    <foa endtime="1322.2" starttime="1319.44" type="unspecified" nite:id="IDIAP_IS1008b_D.foa.493"/>
    <foa endtime="1322.56" starttime="1322.2" type="person" role="PM" nxt_agent="A" nite:id="IDIAP_IS1008b_D.foa.494"/>
    <foa endtime="1323.04" starttime="1322.56" type="unspecified" nite:id="IDIAP_IS1008b_D.foa.495"/>
    <foa endtime="1329.16" starttime="1323.04" type="place" place="table" nite:id="IDIAP_IS1008b_D.foa.496"/>
    <foa endtime="1329.28" starttime="1329.16" type="person" role="UI" nxt_agent="C" nite:id="IDIAP_IS1008b_D.foa.497"/>
    <foa endtime="1336.04" starttime="1329.28" type="place" place="slide-screen" nite:id="IDIAP_IS1008b_D.foa.498"/>
    <foa endtime="1336.4" starttime="1336.04" type="person" role="UI" nxt_agent="C" nite:id="IDIAP_IS1008b_D.foa.499"/>
    <foa endtime="1337.84" starttime="1336.4" type="place" place="table" nite:id="IDIAP_IS1008b_D.foa.500"/>
    <foa endtime="1339.4" starttime="1337.84" type="person" role="UI" nxt_agent="C" nite:id="IDIAP_IS1008b_D.foa.501"/>
    <foa endtime="1339.64" starttime="1339.4" type="unspecified" nite:id="IDIAP_IS1008b_D.foa.502"/>
    <foa endtime="1340.12" starttime="1339.64" type="place" place="slide-screen" nite:id="IDIAP_IS1008b_D.foa.503"/>
    <foa endtime="1342.04" starttime="1340.12" type="person" role="ID" nxt_agent="B" nite:id="IDIAP_IS1008b_D.foa.504"/>
    <foa endtime="1348.72" starttime="1342.04" type="place" place="slide-screen" nite:id="IDIAP_IS1008b_D.foa.505"/>
    <foa endtime="1350.84" starttime="1348.72" type="person" role="UI" nxt_agent="C" nite:id="IDIAP_IS1008b_D.foa.506"/>
    <foa endtime="1351.48" starttime="1350.84" type="place" place="slide-screen" nite:id="IDIAP_IS1008b_D.foa.507"/>
    <foa endtime="1352.44" starttime="1351.48" type="person" role="ID" nxt_agent="B" nite:id="IDIAP_IS1008b_D.foa.508"/>
    <foa endtime="1356.8" starttime="1352.44" type="place" place="slide-screen" nite:id="IDIAP_IS1008b_D.foa.509"/>
    <foa endtime="1363.28" starttime="1356.8" type="unspecified" nite:id="IDIAP_IS1008b_D.foa.510"/>
    <foa endtime="1366.08" starttime="1363.28" type="person" role="UI" nxt_agent="C" nite:id="IDIAP_IS1008b_D.foa.511"/>
    <foa endtime="1366.76" starttime="1366.08" type="unspecified" nite:id="IDIAP_IS1008b_D.foa.512"/>
    <foa endtime="1383.68" starttime="1366.76" type="place" place="slide-screen" nite:id="IDIAP_IS1008b_D.foa.513"/>
    <foa endtime="1385.24" starttime="1383.68" type="unspecified" nite:id="IDIAP_IS1008b_D.foa.514"/>
    <foa endtime="1387.08" starttime="1385.24" type="place" place="slide-screen" nite:id="IDIAP_IS1008b_D.foa.515"/>
    <foa endtime="1388.52" starttime="1387.08" type="unspecified" nite:id="IDIAP_IS1008b_D.foa.516"/>
    <foa endtime="1441.72" starttime="1388.52" type="place" place="slide-screen" nite:id="IDIAP_IS1008b_D.foa.517"/>
    <foa endtime="1442.68" starttime="1441.72" type="unspecified" nite:id="IDIAP_IS1008b_D.foa.518"/>
    <foa endtime="1447.24" starttime="1442.68" type="place" place="slide-screen" nite:id="IDIAP_IS1008b_D.foa.519"/>
    <foa endtime="1448.24" starttime="1447.24" type="person" role="UI" nxt_agent="C" nite:id="IDIAP_IS1008b_D.foa.520"/>
    <foa endtime="1471.28" starttime="1448.24" type="place" place="slide-screen" nite:id="IDIAP_IS1008b_D.foa.521"/>
    <foa endtime="1472.16" starttime="1471.28" type="person" role="UI" nxt_agent="C" nite:id="IDIAP_IS1008b_D.foa.522"/>
    <foa endtime="1472.52" starttime="1472.16" type="place" place="table" nite:id="IDIAP_IS1008b_D.foa.523"/>
    <foa endtime="1474.2" starttime="1472.52" type="person" role="UI" nxt_agent="C" nite:id="IDIAP_IS1008b_D.foa.524"/>
    <foa endtime="1475.04" starttime="1474.2" type="person" role="PM" nxt_agent="A" nite:id="IDIAP_IS1008b_D.foa.525"/>
    <foa endtime="1475.52" starttime="1475.04" type="place" place="slide-screen" nite:id="IDIAP_IS1008b_D.foa.526"/>
    <foa endtime="1476.6" starttime="1475.52" type="person" role="ID" nxt_agent="B" nite:id="IDIAP_IS1008b_D.foa.527"/>
    <foa endtime="1480.6" starttime="1476.6" type="place" place="slide-screen" nite:id="IDIAP_IS1008b_D.foa.528"/>
    <foa endtime="1482.0" starttime="1480.6" type="person" role="UI" nxt_agent="C" nite:id="IDIAP_IS1008b_D.foa.529"/>
    <foa endtime="1485.64" starttime="1482.0" type="place" place="table" nite:id="IDIAP_IS1008b_D.foa.530"/>
    <foa endtime="1487.24" starttime="1485.64" type="place" place="slide-screen" nite:id="IDIAP_IS1008b_D.foa.531"/>
    <foa endtime="1514.04" starttime="1487.24" type="place" place="table" nite:id="IDIAP_IS1008b_D.foa.532"/>
    <foa endtime="1516.52" starttime="1514.04" type="person" role="ID" nxt_agent="B" nite:id="IDIAP_IS1008b_D.foa.533"/>
    <foa endtime="1520.08" starttime="1516.52" type="place" place="table" nite:id="IDIAP_IS1008b_D.foa.534"/>
    <foa endtime="1522.04" starttime="1520.08" type="person" role="UI" nxt_agent="C" nite:id="IDIAP_IS1008b_D.foa.535"/>
    <foa endtime="1525.76" starttime="1522.04" type="person" role="ID" nxt_agent="B" nite:id="IDIAP_IS1008b_D.foa.536"/>
    <foa endtime="1526.12" starttime="1525.76" type="place" place="table" nite:id="IDIAP_IS1008b_D.foa.537"/>
    <foa endtime="1526.96" starttime="1526.12" type="person" role="UI" nxt_agent="C" nite:id="IDIAP_IS1008b_D.foa.538"/>
    <foa endtime="1528.28" starttime="1526.96" type="place" place="table" nite:id="IDIAP_IS1008b_D.foa.539"/>
    <foa endtime="1529.0" starttime="1528.28" type="person" role="PM" nxt_agent="A" nite:id="IDIAP_IS1008b_D.foa.540"/>
    <foa endtime="1531.16" starttime="1529.0" type="unspecified" nite:id="IDIAP_IS1008b_D.foa.541"/>
    <foa endtime="1532.84" starttime="1531.16" type="place" place="table" nite:id="IDIAP_IS1008b_D.foa.542"/>
    <foa endtime="1533.32" starttime="1532.84" type="place" place="slide-screen" nite:id="IDIAP_IS1008b_D.foa.543"/>
    <foa endtime="1534.4" starttime="1533.32" type="person" role="ID" nxt_agent="B" nite:id="IDIAP_IS1008b_D.foa.544"/>
    <foa endtime="1535.84" starttime="1534.4" type="place" place="slide-screen" nite:id="IDIAP_IS1008b_D.foa.545"/>
    <foa endtime="1536.8" starttime="1535.84" type="unspecified" nite:id="IDIAP_IS1008b_D.foa.546"/>
    <foa endtime="1537.04" starttime="1536.8" type="person" role="ID" nxt_agent="B" nite:id="IDIAP_IS1008b_D.foa.547"/>
    <foa endtime="1537.28" starttime="1537.04" type="place" place="slide-screen" nite:id="IDIAP_IS1008b_D.foa.548"/>
    <foa endtime="1538.36" starttime="1537.28" type="person" role="ID" nxt_agent="B" nite:id="IDIAP_IS1008b_D.foa.549"/>
    <foa endtime="1538.96" starttime="1538.36" type="unspecified" nite:id="IDIAP_IS1008b_D.foa.550"/>
    <foa endtime="1544.84" starttime="1538.96" type="place" place="table" nite:id="IDIAP_IS1008b_D.foa.551"/>
    <foa endtime="1545.92" starttime="1544.84" type="unspecified" nite:id="IDIAP_IS1008b_D.foa.552"/>
    <foa endtime="1546.28" starttime="1545.92" type="place" place="slide-screen" nite:id="IDIAP_IS1008b_D.foa.553"/>
    <foa endtime="1551.04" starttime="1546.28" type="person" role="ID" nxt_agent="B" nite:id="IDIAP_IS1008b_D.foa.554"/>
    <foa endtime="1551.64" starttime="1551.04" type="place" place="table" nite:id="IDIAP_IS1008b_D.foa.555"/>
    <foa endtime="1551.88" starttime="1551.64" type="person" role="UI" nxt_agent="C" nite:id="IDIAP_IS1008b_D.foa.556"/>
    <foa endtime="1552.56" starttime="1551.88" type="place" place="table" nite:id="IDIAP_IS1008b_D.foa.557"/>
    <foa endtime="1558.72" starttime="1552.56" type="person" role="ID" nxt_agent="B" nite:id="IDIAP_IS1008b_D.foa.558"/>
    <foa endtime="1560.4" starttime="1558.72" type="place" place="slide-screen" nite:id="IDIAP_IS1008b_D.foa.559"/>
    <foa endtime="1563.04" starttime="1560.4" type="person" role="UI" nxt_agent="C" nite:id="IDIAP_IS1008b_D.foa.560"/>
    <foa endtime="1563.96" starttime="1563.04" type="person" role="PM" nxt_agent="A" nite:id="IDIAP_IS1008b_D.foa.561"/>
    <foa endtime="1567.84" starttime="1563.96" type="place" place="slide-screen" nite:id="IDIAP_IS1008b_D.foa.562"/>
    <foa endtime="1568.56" starttime="1567.84" type="unspecified" nite:id="IDIAP_IS1008b_D.foa.563"/>
    <foa endtime="1569.64" starttime="1568.56" type="person" role="UI" nxt_agent="C" nite:id="IDIAP_IS1008b_D.foa.564"/>
    <foa endtime="1570.24" starttime="1569.64" type="person" role="PM" nxt_agent="A" nite:id="IDIAP_IS1008b_D.foa.565"/>
    <foa endtime="1570.6" starttime="1570.24" type="place" place="table" nite:id="IDIAP_IS1008b_D.foa.566"/>
    <foa endtime="1571.08" starttime="1570.6" type="person" role="UI" nxt_agent="C" nite:id="IDIAP_IS1008b_D.foa.567"/>
    <foa endtime="1571.68" starttime="1571.08" type="place" place="table" nite:id="IDIAP_IS1008b_D.foa.568"/>
    <foa endtime="1572.16" starttime="1571.68" type="person" role="UI" nxt_agent="C" nite:id="IDIAP_IS1008b_D.foa.569"/>
    <foa endtime="1577.68" starttime="1572.16" type="person" role="PM" nxt_agent="A" nite:id="IDIAP_IS1008b_D.foa.570"/>
    <foa endtime="1579.44" starttime="1577.68" type="place" place="slide-screen" nite:id="IDIAP_IS1008b_D.foa.571"/>
    <foa endtime="1579.8" starttime="1579.44" type="person" role="PM" nxt_agent="A" nite:id="IDIAP_IS1008b_D.foa.572"/>
    <foa endtime="1581.72" starttime="1579.8" type="place" place="table" nite:id="IDIAP_IS1008b_D.foa.573"/>
    <foa endtime="1582.68" starttime="1581.72" type="person" role="UI" nxt_agent="C" nite:id="IDIAP_IS1008b_D.foa.574"/>
    <foa endtime="1587.72" starttime="1582.68" type="person" role="PM" nxt_agent="A" nite:id="IDIAP_IS1008b_D.foa.575"/>
    <foa endtime="1590.24" starttime="1587.72" type="place" place="table" nite:id="IDIAP_IS1008b_D.foa.576"/>
    <foa endtime="1591.76" starttime="1590.24" type="unspecified" nite:id="IDIAP_IS1008b_D.foa.577"/>
    <foa endtime="1592.56" starttime="1591.76" type="person" role="PM" nxt_agent="A" nite:id="IDIAP_IS1008b_D.foa.578"/>
    <foa endtime="1593.56" starttime="1592.56" type="unspecified" nite:id="IDIAP_IS1008b_D.foa.579"/>
    <foa endtime="1596.24" starttime="1593.56" type="person" role="PM" nxt_agent="A" nite:id="IDIAP_IS1008b_D.foa.580"/>
    <foa endtime="1597.04" starttime="1596.24" type="unspecified" nite:id="IDIAP_IS1008b_D.foa.581"/>
    <foa endtime="1600.56" starttime="1597.04" type="person" role="PM" nxt_agent="A" nite:id="IDIAP_IS1008b_D.foa.582"/>
    <foa endtime="1604.08" starttime="1600.56" type="person" role="UI" nxt_agent="C" nite:id="IDIAP_IS1008b_D.foa.583"/>
    <foa endtime="1606.0" starttime="1604.08" type="place" place="table" nite:id="IDIAP_IS1008b_D.foa.584"/>
    <foa endtime="1610.68" starttime="1606.0" type="person" role="UI" nxt_agent="C" nite:id="IDIAP_IS1008b_D.foa.585"/>
    <foa endtime="1611.16" starttime="1610.68" type="person" role="PM" nxt_agent="A" nite:id="IDIAP_IS1008b_D.foa.586"/>
    <foa endtime="1612.48" starttime="1611.16" type="place" place="table" nite:id="IDIAP_IS1008b_D.foa.587"/>
    <foa endtime="1613.76" starttime="1612.48" type="person" role="ID" nxt_agent="B" nite:id="IDIAP_IS1008b_D.foa.588"/>
    <foa endtime="1614.88" starttime="1613.76" type="unspecified" nite:id="IDIAP_IS1008b_D.foa.589"/>
    <foa endtime="1619.16" starttime="1614.88" type="person" role="ID" nxt_agent="B" nite:id="IDIAP_IS1008b_D.foa.590"/>
    <foa endtime="1619.6" starttime="1619.16" type="place" place="slide-screen" nite:id="IDIAP_IS1008b_D.foa.591"/>
    <foa endtime="1620.84" starttime="1619.6" type="unspecified" nite:id="IDIAP_IS1008b_D.foa.592"/>
    <foa endtime="1621.32" starttime="1620.84" type="person" role="PM" nxt_agent="A" nite:id="IDIAP_IS1008b_D.foa.593"/>
    <foa endtime="1645.04" starttime="1621.32" type="place" place="slide-screen" nite:id="IDIAP_IS1008b_D.foa.594"/>
    <foa endtime="1645.64" starttime="1645.04" type="person" role="ID" nxt_agent="B" nite:id="IDIAP_IS1008b_D.foa.595"/>
    <foa endtime="1647.36" starttime="1645.64" type="place" place="table" nite:id="IDIAP_IS1008b_D.foa.596"/>
    <foa endtime="1655.76" starttime="1647.36" type="place" place="slide-screen" nite:id="IDIAP_IS1008b_D.foa.597"/>
    <foa endtime="1659.64" starttime="1655.76" type="person" role="ID" nxt_agent="B" nite:id="IDIAP_IS1008b_D.foa.598"/>
    <foa endtime="1660.08" starttime="1659.64" type="place" place="slide-screen" nite:id="IDIAP_IS1008b_D.foa.599"/>
    <foa endtime="1660.92" starttime="1660.08" type="person" role="UI" nxt_agent="C" nite:id="IDIAP_IS1008b_D.foa.600"/>
    <foa endtime="1661.64" starttime="1660.92" type="place" place="table" nite:id="IDIAP_IS1008b_D.foa.601"/>
    <foa endtime="1665.64" starttime="1661.64" type="person" role="UI" nxt_agent="C" nite:id="IDIAP_IS1008b_D.foa.602"/>
    <foa endtime="1667.16" starttime="1665.64" type="person" role="PM" nxt_agent="A" nite:id="IDIAP_IS1008b_D.foa.603"/>
    <foa endtime="1668.96" starttime="1667.16" type="unspecified" nite:id="IDIAP_IS1008b_D.foa.604"/>
    <foa endtime="1670.12" starttime="1668.96" type="person" role="ID" nxt_agent="B" nite:id="IDIAP_IS1008b_D.foa.605"/>
    <foa endtime="1670.6" starttime="1670.12" type="place" place="slide-screen" nite:id="IDIAP_IS1008b_D.foa.606"/>
    <foa endtime="1671.68" starttime="1670.6" type="person" role="ID" nxt_agent="B" nite:id="IDIAP_IS1008b_D.foa.607"/>
    <foa endtime="1674.16" starttime="1671.68" type="person" role="UI" nxt_agent="C" nite:id="IDIAP_IS1008b_D.foa.608"/>
    <foa endtime="1676.0" starttime="1674.16" type="person" role="ID" nxt_agent="B" nite:id="IDIAP_IS1008b_D.foa.609"/>
    <foa endtime="1677.32" starttime="1676.0" type="person" role="UI" nxt_agent="C" nite:id="IDIAP_IS1008b_D.foa.610"/>
    <foa endtime="1677.8" starttime="1677.32" type="person" role="ID" nxt_agent="B" nite:id="IDIAP_IS1008b_D.foa.611"/>
    <foa endtime="1679.36" starttime="1677.8" type="person" role="UI" nxt_agent="C" nite:id="IDIAP_IS1008b_D.foa.612"/>
    <foa endtime="1679.96" starttime="1679.36" type="place" place="table" nite:id="IDIAP_IS1008b_D.foa.613"/>
    <foa endtime="1687.92" starttime="1679.96" type="person" role="UI" nxt_agent="C" nite:id="IDIAP_IS1008b_D.foa.614"/>
    <foa endtime="1690.96" starttime="1687.92" type="unspecified" nite:id="IDIAP_IS1008b_D.foa.615"/>
    <foa endtime="1692.84" starttime="1690.96" type="place" place="table" nite:id="IDIAP_IS1008b_D.foa.616"/>
    <foa endtime="1693.24" starttime="1692.84" type="person" role="PM" nxt_agent="A" nite:id="IDIAP_IS1008b_D.foa.617"/>
    <foa endtime="1698.32" starttime="1693.24" type="place" place="slide-screen" nite:id="IDIAP_IS1008b_D.foa.618"/>
    <foa endtime="1700.0" starttime="1698.32" type="person" role="UI" nxt_agent="C" nite:id="IDIAP_IS1008b_D.foa.619"/>
    <foa endtime="1700.72" starttime="1700.0" type="place" place="table" nite:id="IDIAP_IS1008b_D.foa.620"/>
    <foa endtime="1703.84" starttime="1700.72" type="place" place="slide-screen" nite:id="IDIAP_IS1008b_D.foa.621"/>
    <foa endtime="1707.2" starttime="1703.84" type="person" role="ID" nxt_agent="B" nite:id="IDIAP_IS1008b_D.foa.622"/>
    <foa endtime="1707.8" starttime="1707.2" type="unspecified" nite:id="IDIAP_IS1008b_D.foa.623"/>
    <foa endtime="1708.4" starttime="1707.8" type="place" place="table" nite:id="IDIAP_IS1008b_D.foa.624"/>
    <foa endtime="1709.52" starttime="1708.4" type="person" role="UI" nxt_agent="C" nite:id="IDIAP_IS1008b_D.foa.625"/>
    <foa endtime="1710.0" starttime="1709.52" type="place" place="slide-screen" nite:id="IDIAP_IS1008b_D.foa.626"/>
    <foa endtime="1710.84" starttime="1710.0" type="person" role="PM" nxt_agent="A" nite:id="IDIAP_IS1008b_D.foa.627"/>
    <foa endtime="1712.04" starttime="1710.84" type="person" role="UI" nxt_agent="C" nite:id="IDIAP_IS1008b_D.foa.628"/>
    <foa endtime="1712.4" starttime="1712.04" type="unspecified" nite:id="IDIAP_IS1008b_D.foa.629"/>
    <foa endtime="1715.16" starttime="1712.4" type="person" role="PM" nxt_agent="A" nite:id="IDIAP_IS1008b_D.foa.630"/>
    <foa endtime="1716.24" starttime="1715.16" type="place" place="table" nite:id="IDIAP_IS1008b_D.foa.631"/>
    <foa endtime="1716.72" starttime="1716.24" type="person" role="UI" nxt_agent="C" nite:id="IDIAP_IS1008b_D.foa.632"/>
    <foa endtime="1719.24" starttime="1716.72" type="person" role="PM" nxt_agent="A" nite:id="IDIAP_IS1008b_D.foa.633"/>
    <foa endtime="1721.28" starttime="1719.24" type="unspecified" nite:id="IDIAP_IS1008b_D.foa.634"/>
    <foa endtime="1721.88" starttime="1721.28" type="place" place="table" nite:id="IDIAP_IS1008b_D.foa.635"/>
    <foa endtime="1722.12" starttime="1721.88" type="person" role="UI" nxt_agent="C" nite:id="IDIAP_IS1008b_D.foa.636"/>
    <foa endtime="1722.84" starttime="1722.12" type="person" role="PM" nxt_agent="A" nite:id="IDIAP_IS1008b_D.foa.637"/>
    <foa endtime="1730.48" starttime="1722.84" type="place" place="table" nite:id="IDIAP_IS1008b_D.foa.638"/>
    <foa endtime="1731.04" starttime="1730.48" type="person" role="PM" nxt_agent="A" nite:id="IDIAP_IS1008b_D.foa.639"/>
    <foa endtime="1732.48" starttime="1731.04" type="place" place="slide-screen" nite:id="IDIAP_IS1008b_D.foa.640"/>
    <foa endtime="1732.96" starttime="1732.48" type="person" role="UI" nxt_agent="C" nite:id="IDIAP_IS1008b_D.foa.641"/>
    <foa endtime="1733.8" starttime="1732.96" type="person" role="PM" nxt_agent="A" nite:id="IDIAP_IS1008b_D.foa.642"/>
    <foa endtime="1735.72" starttime="1733.8" type="unspecified" nite:id="IDIAP_IS1008b_D.foa.643"/>
    <foa endtime="1736.32" starttime="1735.72" type="person" role="ID" nxt_agent="B" nite:id="IDIAP_IS1008b_D.foa.644"/>
    <foa endtime="1764.0" starttime="1736.32" type="unspecified" nite:id="IDIAP_IS1008b_D.foa.645"/>
</nite:root>
