<?xml version="1.0" encoding="UTF-8"?>
<nite:root xmlns:nite="http://nite.sourceforge.net/" nite:id="IDIAP_IS1008b_A.nite:root.1">
    <foa endtime="24.84" starttime="0.0" type="unspecified" nite:id="IDIAP_IS1008b_A.foa.1"/>
    <foa endtime="25.64" starttime="24.84" type="place" place="slide-screen" nite:id="IDIAP_IS1008b_A.foa.2"/>
    <foa endtime="27.2" starttime="25.64" type="unspecified" nite:id="IDIAP_IS1008b_A.foa.3"/>
    <foa endtime="28.32" starttime="27.2" type="place" place="table" nite:id="IDIAP_IS1008b_A.foa.4"/>
    <foa endtime="30.72" starttime="28.32" type="unspecified" nite:id="IDIAP_IS1008b_A.foa.5"/>
    <foa endtime="34.76" starttime="30.72" type="place" place="table" nite:id="IDIAP_IS1008b_A.foa.6"/>
    <foa endtime="37.24" starttime="34.76" type="unspecified" nite:id="IDIAP_IS1008b_A.foa.7"/>
    <foa endtime="37.72" starttime="37.24" type="person" role="UI" nxt_agent="C" nite:id="IDIAP_IS1008b_A.foa.8"/>
    <foa endtime="38.52" starttime="37.72" type="place" place="table" nite:id="IDIAP_IS1008b_A.foa.9"/>
    <foa endtime="49.84" starttime="38.52" type="unspecified" nite:id="IDIAP_IS1008b_A.foa.10"/>
    <foa endtime="51.28" starttime="49.84" type="place" place="slide-screen" nite:id="IDIAP_IS1008b_A.foa.11"/>
    <foa endtime="53.72" starttime="51.28" type="unspecified" nite:id="IDIAP_IS1008b_A.foa.12"/>
    <foa endtime="55.6" starttime="53.72" type="place" place="slide-screen" nite:id="IDIAP_IS1008b_A.foa.13"/>
    <foa endtime="75.4" starttime="55.6" type="unspecified" nite:id="IDIAP_IS1008b_A.foa.14"/>
    <foa endtime="77.56" starttime="75.4" type="place" place="slide-screen" nite:id="IDIAP_IS1008b_A.foa.15"/>
    <foa endtime="78.52" starttime="77.56" type="unspecified" nite:id="IDIAP_IS1008b_A.foa.16"/>
    <foa endtime="92.64" starttime="78.52" type="place" place="slide-screen" nite:id="IDIAP_IS1008b_A.foa.17"/>
    <foa endtime="93.84" starttime="92.64" type="unspecified" nite:id="IDIAP_IS1008b_A.foa.18"/>
    <foa endtime="105.92" starttime="93.84" type="place" place="slide-screen" nite:id="IDIAP_IS1008b_A.foa.19"/>
    <foa endtime="166.64" starttime="105.92" type="unspecified" nite:id="IDIAP_IS1008b_A.foa.20"/>
    <foa endtime="168.4" starttime="166.64" type="place" place="slide-screen" nite:id="IDIAP_IS1008b_A.foa.21"/>
    <foa endtime="169.64" starttime="168.4" type="unspecified" nite:id="IDIAP_IS1008b_A.foa.22"/>
    <foa endtime="170.76" starttime="169.64" type="place" place="slide-screen" nite:id="IDIAP_IS1008b_A.foa.23"/>
    <foa endtime="172.76" starttime="170.76" type="unspecified" nite:id="IDIAP_IS1008b_A.foa.24"/>
    <foa endtime="178.36" starttime="172.76" type="place" place="slide-screen" nite:id="IDIAP_IS1008b_A.foa.25"/>
    <foa endtime="189.88" starttime="178.36" type="unspecified" nite:id="IDIAP_IS1008b_A.foa.26"/>
    <foa endtime="197.28" starttime="189.88" type="place" place="slide-screen" nite:id="IDIAP_IS1008b_A.foa.27"/>
    <foa endtime="213.52" starttime="197.28" type="unspecified" nite:id="IDIAP_IS1008b_A.foa.28"/>
    <foa endtime="215.48" starttime="213.52" type="place" place="table" nite:id="IDIAP_IS1008b_A.foa.29"/>
    <foa endtime="216.44" starttime="215.48" type="place" place="slide-screen" nite:id="IDIAP_IS1008b_A.foa.30"/>
    <foa endtime="217.08" starttime="216.44" type="place" place="table" nite:id="IDIAP_IS1008b_A.foa.31"/>
    <foa endtime="217.56" starttime="217.08" type="person" role="ID" nxt_agent="B" nite:id="IDIAP_IS1008b_A.foa.32"/>
    <foa endtime="219.8" starttime="217.56" type="place" place="table" nite:id="IDIAP_IS1008b_A.foa.33"/>
    <foa endtime="220.44" starttime="219.8" type="person" role="ID" nxt_agent="B" nite:id="IDIAP_IS1008b_A.foa.34"/>
    <foa endtime="235.96" starttime="220.44" type="place" place="table" nite:id="IDIAP_IS1008b_A.foa.35"/>
    <foa endtime="238.08" starttime="235.96" type="place" place="slide-screen" nite:id="IDIAP_IS1008b_A.foa.36"/>
    <foa endtime="245.76" starttime="238.08" type="place" place="table" nite:id="IDIAP_IS1008b_A.foa.37"/>
    <foa endtime="247.2" starttime="245.76" type="place" place="slide-screen" nite:id="IDIAP_IS1008b_A.foa.38"/>
    <foa endtime="247.8" starttime="247.2" type="place" place="table" nite:id="IDIAP_IS1008b_A.foa.39"/>
    <foa endtime="263.56" starttime="247.8" type="place" place="slide-screen" nite:id="IDIAP_IS1008b_A.foa.40"/>
    <foa endtime="264.36" starttime="263.56" type="place" place="table" nite:id="IDIAP_IS1008b_A.foa.41"/>
    <foa endtime="265.4" starttime="264.36" type="place" place="slide-screen" nite:id="IDIAP_IS1008b_A.foa.42"/>
    <foa endtime="265.88" starttime="265.4" type="person" role="ID" nxt_agent="B" nite:id="IDIAP_IS1008b_A.foa.43"/>
    <foa endtime="267.0" starttime="265.88" type="place" place="table" nite:id="IDIAP_IS1008b_A.foa.44"/>
    <foa endtime="271.56" starttime="267.0" type="person" role="ID" nxt_agent="B" nite:id="IDIAP_IS1008b_A.foa.45"/>
    <foa endtime="276.0" starttime="271.56" type="place" place="slide-screen" nite:id="IDIAP_IS1008b_A.foa.46"/>
    <foa endtime="277.68" starttime="276.0" type="place" place="table" nite:id="IDIAP_IS1008b_A.foa.47"/>
    <foa endtime="282.0" starttime="277.68" type="place" place="slide-screen" nite:id="IDIAP_IS1008b_A.foa.48"/>
    <foa endtime="282.64" starttime="282.0" type="unspecified" nite:id="IDIAP_IS1008b_A.foa.49"/>
    <foa endtime="356.44" starttime="282.64" type="place" place="slide-screen" nite:id="IDIAP_IS1008b_A.foa.50"/>
    <foa endtime="357.12" starttime="356.44" type="person" role="ID" nxt_agent="B" nite:id="IDIAP_IS1008b_A.foa.51"/>
    <foa endtime="362.88" starttime="357.12" type="place" place="slide-screen" nite:id="IDIAP_IS1008b_A.foa.52"/>
    <foa endtime="363.68" starttime="362.88" type="place" place="table" nite:id="IDIAP_IS1008b_A.foa.53"/>
    <foa endtime="385.0" starttime="363.68" type="place" place="slide-screen" nite:id="IDIAP_IS1008b_A.foa.54"/>
    <foa endtime="386.76" starttime="385.0" type="place" place="table" nite:id="IDIAP_IS1008b_A.foa.55"/>
    <foa endtime="417.72" starttime="386.76" type="place" place="slide-screen" nite:id="IDIAP_IS1008b_A.foa.56"/>
    <foa endtime="418.56" starttime="417.72" type="person" role="ID" nxt_agent="B" nite:id="IDIAP_IS1008b_A.foa.57"/>
    <foa endtime="423.64" starttime="418.56" type="place" place="slide-screen" nite:id="IDIAP_IS1008b_A.foa.58"/>
    <foa endtime="424.44" starttime="423.64" type="person" role="ID" nxt_agent="B" nite:id="IDIAP_IS1008b_A.foa.59"/>
    <foa endtime="424.6" starttime="424.44" type="place" place="table" nite:id="IDIAP_IS1008b_A.foa.60"/>
    <foa endtime="425.4" starttime="424.6" type="place" place="slide-screen" nite:id="IDIAP_IS1008b_A.foa.61"/>
    <foa endtime="426.04" starttime="425.4" type="place" place="table" nite:id="IDIAP_IS1008b_A.foa.62"/>
    <foa endtime="460.2" starttime="426.04" type="place" place="slide-screen" nite:id="IDIAP_IS1008b_A.foa.63"/>
    <foa endtime="462.28" starttime="460.2" type="person" role="ID" nxt_agent="B" nite:id="IDIAP_IS1008b_A.foa.64"/>
    <foa endtime="463.24" starttime="462.28" type="place" place="slide-screen" nite:id="IDIAP_IS1008b_A.foa.65"/>
    <foa endtime="463.72" starttime="463.24" type="person" role="ID" nxt_agent="B" nite:id="IDIAP_IS1008b_A.foa.66"/>
    <foa endtime="464.2" starttime="463.72" type="person" role="ME" nxt_agent="D" nite:id="IDIAP_IS1008b_A.foa.67"/>
    <foa endtime="464.52" starttime="464.2" type="person" role="ID" nxt_agent="B" nite:id="IDIAP_IS1008b_A.foa.68"/>
    <foa endtime="465.0" starttime="464.52" type="place" place="slide-screen" nite:id="IDIAP_IS1008b_A.foa.69"/>
    <foa endtime="472.36" starttime="465.0" type="person" role="ID" nxt_agent="B" nite:id="IDIAP_IS1008b_A.foa.70"/>
    <foa endtime="473.16" starttime="472.36" type="place" place="slide-screen" nite:id="IDIAP_IS1008b_A.foa.71"/>
    <foa endtime="478.6" starttime="473.16" type="person" role="ID" nxt_agent="B" nite:id="IDIAP_IS1008b_A.foa.72"/>
    <foa endtime="479.08" starttime="478.6" type="place" place="slide-screen" nite:id="IDIAP_IS1008b_A.foa.73"/>
    <foa endtime="488.68" starttime="479.08" type="person" role="ID" nxt_agent="B" nite:id="IDIAP_IS1008b_A.foa.74"/>
    <foa endtime="500.28" starttime="488.68" type="place" place="table" nite:id="IDIAP_IS1008b_A.foa.75"/>
    <foa endtime="501.8" starttime="500.28" type="place" place="slide-screen" nite:id="IDIAP_IS1008b_A.foa.76"/>
    <foa endtime="502.92" starttime="501.8" type="person" role="ME" nxt_agent="D" nite:id="IDIAP_IS1008b_A.foa.77"/>
    <foa endtime="503.56" starttime="502.92" type="person" role="UI" nxt_agent="C" nite:id="IDIAP_IS1008b_A.foa.78"/>
    <foa endtime="508.68" starttime="503.56" type="person" role="ME" nxt_agent="D" nite:id="IDIAP_IS1008b_A.foa.79"/>
    <foa endtime="510.08" starttime="508.68" type="place" place="slide-screen" nite:id="IDIAP_IS1008b_A.foa.80"/>
    <foa endtime="515.96" starttime="510.08" type="person" role="ME" nxt_agent="D" nite:id="IDIAP_IS1008b_A.foa.81"/>
    <foa endtime="519.0" starttime="515.96" type="person" role="ID" nxt_agent="B" nite:id="IDIAP_IS1008b_A.foa.82"/>
    <foa endtime="519.96" starttime="519.0" type="person" role="ME" nxt_agent="D" nite:id="IDIAP_IS1008b_A.foa.83"/>
    <foa endtime="521.4" starttime="519.96" type="person" role="ID" nxt_agent="B" nite:id="IDIAP_IS1008b_A.foa.84"/>
    <foa endtime="521.72" starttime="521.4" type="person" role="ME" nxt_agent="D" nite:id="IDIAP_IS1008b_A.foa.85"/>
    <foa endtime="523.24" starttime="521.72" type="person" role="ID" nxt_agent="B" nite:id="IDIAP_IS1008b_A.foa.86"/>
    <foa endtime="525.16" starttime="523.24" type="person" role="ME" nxt_agent="D" nite:id="IDIAP_IS1008b_A.foa.87"/>
    <foa endtime="526.76" starttime="525.16" type="person" role="ID" nxt_agent="B" nite:id="IDIAP_IS1008b_A.foa.88"/>
    <foa endtime="528.2" starttime="526.76" type="person" role="ME" nxt_agent="D" nite:id="IDIAP_IS1008b_A.foa.89"/>
    <foa endtime="529.16" starttime="528.2" type="person" role="ID" nxt_agent="B" nite:id="IDIAP_IS1008b_A.foa.90"/>
    <foa endtime="529.64" starttime="529.16" type="person" role="ME" nxt_agent="D" nite:id="IDIAP_IS1008b_A.foa.91"/>
    <foa endtime="538.48" starttime="529.64" type="person" role="ID" nxt_agent="B" nite:id="IDIAP_IS1008b_A.foa.92"/>
    <foa endtime="538.92" starttime="538.48" type="person" role="ME" nxt_agent="D" nite:id="IDIAP_IS1008b_A.foa.93"/>
    <foa endtime="541.32" starttime="538.92" type="person" role="ID" nxt_agent="B" nite:id="IDIAP_IS1008b_A.foa.94"/>
    <foa endtime="543.56" starttime="541.32" type="person" role="ME" nxt_agent="D" nite:id="IDIAP_IS1008b_A.foa.95"/>
    <foa endtime="547.08" starttime="543.56" type="person" role="ID" nxt_agent="B" nite:id="IDIAP_IS1008b_A.foa.96"/>
    <foa endtime="548.2" starttime="547.08" type="person" role="ME" nxt_agent="D" nite:id="IDIAP_IS1008b_A.foa.97"/>
    <foa endtime="550.12" starttime="548.2" type="person" role="ID" nxt_agent="B" nite:id="IDIAP_IS1008b_A.foa.98"/>
    <foa endtime="551.8" starttime="550.12" type="person" role="ME" nxt_agent="D" nite:id="IDIAP_IS1008b_A.foa.99"/>
    <foa endtime="556.16" starttime="551.8" type="person" role="ID" nxt_agent="B" nite:id="IDIAP_IS1008b_A.foa.100"/>
    <foa endtime="556.96" starttime="556.16" type="person" role="ME" nxt_agent="D" nite:id="IDIAP_IS1008b_A.foa.101"/>
    <foa endtime="558.08" starttime="556.96" type="place" place="table" nite:id="IDIAP_IS1008b_A.foa.102"/>
    <foa endtime="559.36" starttime="558.08" type="person" role="ID" nxt_agent="B" nite:id="IDIAP_IS1008b_A.foa.103"/>
    <foa endtime="562.72" starttime="559.36" type="place" place="table" nite:id="IDIAP_IS1008b_A.foa.104"/>
    <foa endtime="563.2" starttime="562.72" type="person" role="ID" nxt_agent="B" nite:id="IDIAP_IS1008b_A.foa.105"/>
    <foa endtime="661.68" starttime="563.2" type="place" place="table" nite:id="IDIAP_IS1008b_A.foa.106"/>
    <foa endtime="667.88" starttime="661.68" type="person" role="ID" nxt_agent="B" nite:id="IDIAP_IS1008b_A.foa.107"/>
    <foa endtime="668.36" starttime="667.88" type="person" role="ME" nxt_agent="D" nite:id="IDIAP_IS1008b_A.foa.108"/>
    <foa endtime="674.12" starttime="668.36" type="person" role="ID" nxt_agent="B" nite:id="IDIAP_IS1008b_A.foa.109"/>
    <foa endtime="674.6" starttime="674.12" type="person" role="ME" nxt_agent="D" nite:id="IDIAP_IS1008b_A.foa.110"/>
    <foa endtime="675.08" starttime="674.6" type="unspecified" nite:id="IDIAP_IS1008b_A.foa.111"/>
    <foa endtime="678.44" starttime="675.08" type="person" role="ID" nxt_agent="B" nite:id="IDIAP_IS1008b_A.foa.112"/>
    <foa endtime="679.08" starttime="678.44" type="person" role="ME" nxt_agent="D" nite:id="IDIAP_IS1008b_A.foa.113"/>
    <foa endtime="691.36" starttime="679.08" type="person" role="ID" nxt_agent="B" nite:id="IDIAP_IS1008b_A.foa.114"/>
    <foa endtime="692.32" starttime="691.36" type="place" place="slide-screen" nite:id="IDIAP_IS1008b_A.foa.115"/>
    <foa endtime="702.56" starttime="692.32" type="person" role="ID" nxt_agent="B" nite:id="IDIAP_IS1008b_A.foa.116"/>
    <foa endtime="703.2" starttime="702.56" type="person" role="ME" nxt_agent="D" nite:id="IDIAP_IS1008b_A.foa.117"/>
    <foa endtime="706.24" starttime="703.2" type="person" role="ID" nxt_agent="B" nite:id="IDIAP_IS1008b_A.foa.118"/>
    <foa endtime="706.88" starttime="706.24" type="person" role="ME" nxt_agent="D" nite:id="IDIAP_IS1008b_A.foa.119"/>
    <foa endtime="710.4" starttime="706.88" type="person" role="ID" nxt_agent="B" nite:id="IDIAP_IS1008b_A.foa.120"/>
    <foa endtime="711.68" starttime="710.4" type="person" role="ME" nxt_agent="D" nite:id="IDIAP_IS1008b_A.foa.121"/>
    <foa endtime="712.32" starttime="711.68" type="person" role="ID" nxt_agent="B" nite:id="IDIAP_IS1008b_A.foa.122"/>
    <foa endtime="712.64" starttime="712.32" type="place" place="table" nite:id="IDIAP_IS1008b_A.foa.123"/>
    <foa endtime="713.6" starttime="712.64" type="person" role="ID" nxt_agent="B" nite:id="IDIAP_IS1008b_A.foa.124"/>
    <foa endtime="713.76" starttime="713.6" type="place" place="table" nite:id="IDIAP_IS1008b_A.foa.125"/>
    <foa endtime="713.92" starttime="713.76" type="person" role="ID" nxt_agent="B" nite:id="IDIAP_IS1008b_A.foa.126"/>
    <foa endtime="714.08" starttime="713.92" type="place" place="table" nite:id="IDIAP_IS1008b_A.foa.127"/>
    <foa endtime="714.56" starttime="714.08" type="person" role="ID" nxt_agent="B" nite:id="IDIAP_IS1008b_A.foa.128"/>
    <foa endtime="714.88" starttime="714.56" type="place" place="table" nite:id="IDIAP_IS1008b_A.foa.129"/>
    <foa endtime="721.88" starttime="714.88" type="person" role="ID" nxt_agent="B" nite:id="IDIAP_IS1008b_A.foa.130"/>
    <foa endtime="727.24" starttime="721.88" type="person" role="ME" nxt_agent="D" nite:id="IDIAP_IS1008b_A.foa.131"/>
    <foa endtime="728.04" starttime="727.24" type="person" role="ID" nxt_agent="B" nite:id="IDIAP_IS1008b_A.foa.132"/>
    <foa endtime="729.56" starttime="728.04" type="person" role="ME" nxt_agent="D" nite:id="IDIAP_IS1008b_A.foa.133"/>
    <foa endtime="731.64" starttime="729.56" type="person" role="ID" nxt_agent="B" nite:id="IDIAP_IS1008b_A.foa.134"/>
    <foa endtime="736.72" starttime="731.64" type="person" role="ME" nxt_agent="D" nite:id="IDIAP_IS1008b_A.foa.135"/>
    <foa endtime="746.12" starttime="736.72" type="place" place="table" nite:id="IDIAP_IS1008b_A.foa.136"/>
    <foa endtime="747.24" starttime="746.12" type="unspecified" nite:id="IDIAP_IS1008b_A.foa.137"/>
    <foa endtime="748.04" starttime="747.24" type="person" role="UI" nxt_agent="C" nite:id="IDIAP_IS1008b_A.foa.138"/>
    <foa endtime="748.52" starttime="748.04" type="unspecified" nite:id="IDIAP_IS1008b_A.foa.139"/>
    <foa endtime="750.44" starttime="748.52" type="person" role="ME" nxt_agent="D" nite:id="IDIAP_IS1008b_A.foa.140"/>
    <foa endtime="762.8" starttime="750.44" type="place" place="table" nite:id="IDIAP_IS1008b_A.foa.141"/>
    <foa endtime="764.68" starttime="762.8" type="person" role="ME" nxt_agent="D" nite:id="IDIAP_IS1008b_A.foa.142"/>
    <foa endtime="765.96" starttime="764.68" type="place" place="table" nite:id="IDIAP_IS1008b_A.foa.143"/>
    <foa endtime="770.84" starttime="765.96" type="person" role="ME" nxt_agent="D" nite:id="IDIAP_IS1008b_A.foa.144"/>
    <foa endtime="771.48" starttime="770.84" type="place" place="table" nite:id="IDIAP_IS1008b_A.foa.145"/>
    <foa endtime="786.04" starttime="771.48" type="person" role="ME" nxt_agent="D" nite:id="IDIAP_IS1008b_A.foa.146"/>
    <foa endtime="795.92" starttime="786.04" type="place" place="table" nite:id="IDIAP_IS1008b_A.foa.147"/>
    <foa endtime="815.52" starttime="795.92" type="person" role="ME" nxt_agent="D" nite:id="IDIAP_IS1008b_A.foa.148"/>
    <foa endtime="815.84" starttime="815.52" type="unspecified" nite:id="IDIAP_IS1008b_A.foa.149"/>
    <foa endtime="830.6" starttime="815.84" type="place" place="table" nite:id="IDIAP_IS1008b_A.foa.150"/>
    <foa endtime="831.56" starttime="830.6" type="person" role="ME" nxt_agent="D" nite:id="IDIAP_IS1008b_A.foa.151"/>
    <foa endtime="832.52" starttime="831.56" type="place" place="table" nite:id="IDIAP_IS1008b_A.foa.152"/>
    <foa endtime="833.16" starttime="832.52" type="person" role="ID" nxt_agent="B" nite:id="IDIAP_IS1008b_A.foa.153"/>
    <foa endtime="833.32" starttime="833.16" type="unspecified" nite:id="IDIAP_IS1008b_A.foa.154"/>
    <foa endtime="849.72" starttime="833.32" type="person" role="ME" nxt_agent="D" nite:id="IDIAP_IS1008b_A.foa.155"/>
    <foa endtime="850.52" starttime="849.72" type="unspecified" nite:id="IDIAP_IS1008b_A.foa.156"/>
    <foa endtime="851.0" starttime="850.52" type="person" role="ID" nxt_agent="B" nite:id="IDIAP_IS1008b_A.foa.157"/>
    <foa endtime="854.48" starttime="851.0" type="person" role="ME" nxt_agent="D" nite:id="IDIAP_IS1008b_A.foa.158"/>
    <foa endtime="855.12" starttime="854.48" type="person" role="ID" nxt_agent="B" nite:id="IDIAP_IS1008b_A.foa.159"/>
    <foa endtime="882.56" starttime="855.12" type="person" role="ME" nxt_agent="D" nite:id="IDIAP_IS1008b_A.foa.160"/>
    <foa endtime="890.76" starttime="882.56" type="place" place="table" nite:id="IDIAP_IS1008b_A.foa.161"/>
    <foa endtime="892.44" starttime="890.76" type="person" role="ME" nxt_agent="D" nite:id="IDIAP_IS1008b_A.foa.162"/>
    <foa endtime="894.88" starttime="892.44" type="place" place="table" nite:id="IDIAP_IS1008b_A.foa.163"/>
    <foa endtime="897.6" starttime="894.88" type="person" role="ME" nxt_agent="D" nite:id="IDIAP_IS1008b_A.foa.164"/>
    <foa endtime="898.24" starttime="897.6" type="place" place="table" nite:id="IDIAP_IS1008b_A.foa.165"/>
    <foa endtime="899.2" starttime="898.24" type="person" role="ID" nxt_agent="B" nite:id="IDIAP_IS1008b_A.foa.166"/>
    <foa endtime="899.68" starttime="899.2" type="person" role="ME" nxt_agent="D" nite:id="IDIAP_IS1008b_A.foa.167"/>
    <foa endtime="900.0" starttime="899.68" type="person" role="ID" nxt_agent="B" nite:id="IDIAP_IS1008b_A.foa.168"/>
    <foa endtime="901.44" starttime="900.0" type="unspecified" nite:id="IDIAP_IS1008b_A.foa.169"/>
    <foa endtime="901.92" starttime="901.44" type="person" role="ID" nxt_agent="B" nite:id="IDIAP_IS1008b_A.foa.170"/>
    <foa endtime="903.68" starttime="901.92" type="person" role="ME" nxt_agent="D" nite:id="IDIAP_IS1008b_A.foa.171"/>
    <foa endtime="918.12" starttime="903.68" type="person" role="ID" nxt_agent="B" nite:id="IDIAP_IS1008b_A.foa.172"/>
    <foa endtime="918.76" starttime="918.12" type="unspecified" nite:id="IDIAP_IS1008b_A.foa.173"/>
    <foa endtime="919.4" starttime="918.76" type="person" role="ID" nxt_agent="B" nite:id="IDIAP_IS1008b_A.foa.174"/>
    <foa endtime="919.88" starttime="919.4" type="person" role="ME" nxt_agent="D" nite:id="IDIAP_IS1008b_A.foa.175"/>
    <foa endtime="929.56" starttime="919.88" type="person" role="ID" nxt_agent="B" nite:id="IDIAP_IS1008b_A.foa.176"/>
    <foa endtime="935.56" starttime="929.56" type="place" place="table" nite:id="IDIAP_IS1008b_A.foa.177"/>
    <foa endtime="938.08" starttime="935.56" type="person" role="ID" nxt_agent="B" nite:id="IDIAP_IS1008b_A.foa.178"/>
    <foa endtime="942.16" starttime="938.08" type="place" place="table" nite:id="IDIAP_IS1008b_A.foa.179"/>
    <foa endtime="943.12" starttime="942.16" type="person" role="ID" nxt_agent="B" nite:id="IDIAP_IS1008b_A.foa.180"/>
    <foa endtime="945.36" starttime="943.12" type="place" place="table" nite:id="IDIAP_IS1008b_A.foa.181"/>
    <foa endtime="946.0" starttime="945.36" type="person" role="ID" nxt_agent="B" nite:id="IDIAP_IS1008b_A.foa.182"/>
    <foa endtime="949.0" starttime="946.0" type="place" place="table" nite:id="IDIAP_IS1008b_A.foa.183"/>
    <foa endtime="951.08" starttime="949.0" type="person" role="ID" nxt_agent="B" nite:id="IDIAP_IS1008b_A.foa.184"/>
    <foa endtime="952.92" starttime="951.08" type="place" place="table" nite:id="IDIAP_IS1008b_A.foa.185"/>
    <foa endtime="953.88" starttime="952.92" type="person" role="ID" nxt_agent="B" nite:id="IDIAP_IS1008b_A.foa.186"/>
    <foa endtime="959.72" starttime="953.88" type="person" role="ID" nxt_agent="B" nite:id="IDIAP_IS1008b_A.foa.187"/>
    <foa endtime="1015.04" starttime="959.72" type="place" place="table" nite:id="IDIAP_IS1008b_A.foa.188"/>
    <foa endtime="1015.52" starttime="1015.04" type="person" role="ID" nxt_agent="B" nite:id="IDIAP_IS1008b_A.foa.189"/>
    <foa endtime="1017.56" starttime="1015.52" type="person" role="ME" nxt_agent="D" nite:id="IDIAP_IS1008b_A.foa.190"/>
    <foa endtime="1021.56" starttime="1017.56" type="place" place="table" nite:id="IDIAP_IS1008b_A.foa.191"/>
    <foa endtime="1022.2" starttime="1021.56" type="person" role="ME" nxt_agent="D" nite:id="IDIAP_IS1008b_A.foa.192"/>
    <foa endtime="1023.16" starttime="1022.2" type="place" place="table" nite:id="IDIAP_IS1008b_A.foa.193"/>
    <foa endtime="1024.12" starttime="1023.16" type="unspecified" nite:id="IDIAP_IS1008b_A.foa.194"/>
    <foa endtime="1024.6" starttime="1024.12" type="person" role="ID" nxt_agent="B" nite:id="IDIAP_IS1008b_A.foa.195"/>
    <foa endtime="1025.4" starttime="1024.6" type="person" role="ME" nxt_agent="D" nite:id="IDIAP_IS1008b_A.foa.196"/>
    <foa endtime="1026.76" starttime="1025.4" type="person" role="ID" nxt_agent="B" nite:id="IDIAP_IS1008b_A.foa.197"/>
    <foa endtime="1027.4" starttime="1026.76" type="unspecified" nite:id="IDIAP_IS1008b_A.foa.198"/>
    <foa endtime="1028.48" starttime="1027.4" type="person" role="ID" nxt_agent="B" nite:id="IDIAP_IS1008b_A.foa.199"/>
    <foa endtime="1028.8" starttime="1028.48" type="unspecified" nite:id="IDIAP_IS1008b_A.foa.200"/>
    <foa endtime="1029.6" starttime="1028.8" type="person" role="ID" nxt_agent="B" nite:id="IDIAP_IS1008b_A.foa.201"/>
    <foa endtime="1030.08" starttime="1029.6" type="person" role="ME" nxt_agent="D" nite:id="IDIAP_IS1008b_A.foa.202"/>
    <foa endtime="1030.56" starttime="1030.08" type="unspecified" nite:id="IDIAP_IS1008b_A.foa.203"/>
    <foa endtime="1031.64" starttime="1030.56" type="person" role="ID" nxt_agent="B" nite:id="IDIAP_IS1008b_A.foa.204"/>
    <foa endtime="1032.44" starttime="1031.64" type="person" role="ME" nxt_agent="D" nite:id="IDIAP_IS1008b_A.foa.205"/>
    <foa endtime="1032.76" starttime="1032.44" type="unspecified" nite:id="IDIAP_IS1008b_A.foa.206"/>
    <foa endtime="1033.08" starttime="1032.76" type="person" role="ID" nxt_agent="B" nite:id="IDIAP_IS1008b_A.foa.207"/>
    <foa endtime="1034.6" starttime="1033.08" type="person" role="ME" nxt_agent="D" nite:id="IDIAP_IS1008b_A.foa.208"/>
    <foa endtime="1036.36" starttime="1034.6" type="person" role="ID" nxt_agent="B" nite:id="IDIAP_IS1008b_A.foa.209"/>
    <foa endtime="1037.2" starttime="1036.36" type="person" role="ME" nxt_agent="D" nite:id="IDIAP_IS1008b_A.foa.210"/>
    <foa endtime="1037.68" starttime="1037.2" type="person" role="ID" nxt_agent="B" nite:id="IDIAP_IS1008b_A.foa.211"/>
    <foa endtime="1039.52" starttime="1037.68" type="person" role="ME" nxt_agent="D" nite:id="IDIAP_IS1008b_A.foa.212"/>
    <foa endtime="1040.8" starttime="1039.52" type="person" role="ID" nxt_agent="B" nite:id="IDIAP_IS1008b_A.foa.213"/>
    <foa endtime="1044.48" starttime="1040.8" type="person" role="ME" nxt_agent="D" nite:id="IDIAP_IS1008b_A.foa.214"/>
    <foa endtime="1045.12" starttime="1044.48" type="person" role="ID" nxt_agent="B" nite:id="IDIAP_IS1008b_A.foa.215"/>
    <foa endtime="1046.08" starttime="1045.12" type="unspecified" nite:id="IDIAP_IS1008b_A.foa.216"/>
    <foa endtime="1049.52" starttime="1046.08" type="person" role="ME" nxt_agent="D" nite:id="IDIAP_IS1008b_A.foa.217"/>
    <foa endtime="1050.0" starttime="1049.52" type="person" role="ID" nxt_agent="B" nite:id="IDIAP_IS1008b_A.foa.218"/>
    <foa endtime="1087.2" starttime="1050.0" type="person" role="ME" nxt_agent="D" nite:id="IDIAP_IS1008b_A.foa.219"/>
    <foa endtime="1088.16" starttime="1087.2" type="person" role="ID" nxt_agent="B" nite:id="IDIAP_IS1008b_A.foa.220"/>
    <foa endtime="1096.32" starttime="1088.16" type="person" role="ME" nxt_agent="D" nite:id="IDIAP_IS1008b_A.foa.221"/>
    <foa endtime="1109.0" starttime="1096.32" type="person" role="ID" nxt_agent="B" nite:id="IDIAP_IS1008b_A.foa.222"/>
    <foa endtime="1111.04" starttime="1109.0" type="place" place="table" nite:id="IDIAP_IS1008b_A.foa.223"/>
    <foa endtime="1127.76" starttime="1111.04" type="person" role="ID" nxt_agent="B" nite:id="IDIAP_IS1008b_A.foa.224"/>
    <foa endtime="1129.52" starttime="1127.76" type="unspecified" nite:id="IDIAP_IS1008b_A.foa.225"/>
    <foa endtime="1132.64" starttime="1129.52" type="person" role="ID" nxt_agent="B" nite:id="IDIAP_IS1008b_A.foa.226"/>
    <foa endtime="1133.12" starttime="1132.64" type="person" role="ME" nxt_agent="D" nite:id="IDIAP_IS1008b_A.foa.227"/>
    <foa endtime="1134.8" starttime="1133.12" type="person" role="ID" nxt_agent="B" nite:id="IDIAP_IS1008b_A.foa.228"/>
    <foa endtime="1136.24" starttime="1134.8" type="unspecified" nite:id="IDIAP_IS1008b_A.foa.229"/>
    <foa endtime="1138.64" starttime="1136.24" type="person" role="ID" nxt_agent="B" nite:id="IDIAP_IS1008b_A.foa.230"/>
    <foa endtime="1139.92" starttime="1138.64" type="unspecified" nite:id="IDIAP_IS1008b_A.foa.231"/>
    <foa endtime="1141.36" starttime="1139.92" type="person" role="ID" nxt_agent="B" nite:id="IDIAP_IS1008b_A.foa.232"/>
    <foa endtime="1142.32" starttime="1141.36" type="unspecified" nite:id="IDIAP_IS1008b_A.foa.233"/>
    <foa endtime="1152.24" starttime="1142.32" type="person" role="ID" nxt_agent="B" nite:id="IDIAP_IS1008b_A.foa.234"/>
    <foa endtime="1154.64" starttime="1152.24" type="unspecified" nite:id="IDIAP_IS1008b_A.foa.235"/>
    <foa endtime="1158.12" starttime="1154.64" type="person" role="ID" nxt_agent="B" nite:id="IDIAP_IS1008b_A.foa.236"/>
    <foa endtime="1159.08" starttime="1158.12" type="unspecified" nite:id="IDIAP_IS1008b_A.foa.237"/>
    <foa endtime="1163.84" starttime="1159.08" type="person" role="ID" nxt_agent="B" nite:id="IDIAP_IS1008b_A.foa.238"/>
    <foa endtime="1168.32" starttime="1163.84" type="person" role="ME" nxt_agent="D" nite:id="IDIAP_IS1008b_A.foa.239"/>
    <foa endtime="1168.92" starttime="1168.32" type="person" role="ID" nxt_agent="B" nite:id="IDIAP_IS1008b_A.foa.240"/>
    <foa endtime="1170.12" starttime="1168.92" type="person" role="ME" nxt_agent="D" nite:id="IDIAP_IS1008b_A.foa.241"/>
    <foa endtime="1170.6" starttime="1170.12" type="person" role="ID" nxt_agent="B" nite:id="IDIAP_IS1008b_A.foa.242"/>
    <foa endtime="1177.44" starttime="1170.6" type="person" role="ME" nxt_agent="D" nite:id="IDIAP_IS1008b_A.foa.243"/>
    <foa endtime="1178.08" starttime="1177.44" type="place" place="table" nite:id="IDIAP_IS1008b_A.foa.244"/>
    <foa endtime="1193.12" starttime="1178.08" type="person" role="ME" nxt_agent="D" nite:id="IDIAP_IS1008b_A.foa.245"/>
    <foa endtime="1193.6" starttime="1193.12" type="person" role="ID" nxt_agent="B" nite:id="IDIAP_IS1008b_A.foa.246"/>
    <foa endtime="1201.04" starttime="1193.6" type="person" role="ME" nxt_agent="D" nite:id="IDIAP_IS1008b_A.foa.247"/>
    <foa endtime="1202.16" starttime="1201.04" type="place" place="table" nite:id="IDIAP_IS1008b_A.foa.248"/>
    <foa endtime="1208.56" starttime="1202.16" type="person" role="ME" nxt_agent="D" nite:id="IDIAP_IS1008b_A.foa.249"/>
    <foa endtime="1208.96" starttime="1208.56" type="person" role="ID" nxt_agent="B" nite:id="IDIAP_IS1008b_A.foa.250"/>
    <foa endtime="1212.08" starttime="1208.96" type="person" role="ME" nxt_agent="D" nite:id="IDIAP_IS1008b_A.foa.251"/>
    <foa endtime="1212.8" starttime="1212.08" type="person" role="ID" nxt_agent="B" nite:id="IDIAP_IS1008b_A.foa.252"/>
    <foa endtime="1215.0" starttime="1212.8" type="person" role="ME" nxt_agent="D" nite:id="IDIAP_IS1008b_A.foa.253"/>
    <foa endtime="1215.36" starttime="1215.0" type="person" role="ID" nxt_agent="B" nite:id="IDIAP_IS1008b_A.foa.254"/>
    <foa endtime="1217.88" starttime="1215.36" type="person" role="ME" nxt_agent="D" nite:id="IDIAP_IS1008b_A.foa.255"/>
    <foa endtime="1218.92" starttime="1217.88" type="place" place="table" nite:id="IDIAP_IS1008b_A.foa.256"/>
    <foa endtime="1220.0" starttime="1218.92" type="person" role="ME" nxt_agent="D" nite:id="IDIAP_IS1008b_A.foa.257"/>
    <foa endtime="1220.72" starttime="1220.0" type="place" place="table" nite:id="IDIAP_IS1008b_A.foa.258"/>
    <foa endtime="1220.96" starttime="1220.72" type="person" role="ID" nxt_agent="B" nite:id="IDIAP_IS1008b_A.foa.259"/>
    <foa endtime="1223.84" starttime="1220.96" type="person" role="ME" nxt_agent="D" nite:id="IDIAP_IS1008b_A.foa.260"/>
    <foa endtime="1224.8" starttime="1223.84" type="person" role="ID" nxt_agent="B" nite:id="IDIAP_IS1008b_A.foa.261"/>
    <foa endtime="1226.0" starttime="1224.8" type="person" role="ME" nxt_agent="D" nite:id="IDIAP_IS1008b_A.foa.262"/>
    <foa endtime="1227.56" starttime="1226.0" type="place" place="table" nite:id="IDIAP_IS1008b_A.foa.263"/>
    <foa endtime="1230.24" starttime="1227.56" type="person" role="ME" nxt_agent="D" nite:id="IDIAP_IS1008b_A.foa.264"/>
    <foa endtime="1230.72" starttime="1230.24" type="person" role="ID" nxt_agent="B" nite:id="IDIAP_IS1008b_A.foa.265"/>
    <foa endtime="1231.6" starttime="1230.72" type="person" role="ME" nxt_agent="D" nite:id="IDIAP_IS1008b_A.foa.266"/>
    <foa endtime="1232.56" starttime="1231.6" type="place" place="table" nite:id="IDIAP_IS1008b_A.foa.267"/>
    <foa endtime="1233.12" starttime="1232.56" type="person" role="ME" nxt_agent="D" nite:id="IDIAP_IS1008b_A.foa.268"/>
    <foa endtime="1233.6" starttime="1233.12" type="person" role="ID" nxt_agent="B" nite:id="IDIAP_IS1008b_A.foa.269"/>
    <foa endtime="1235.88" starttime="1233.6" type="person" role="ME" nxt_agent="D" nite:id="IDIAP_IS1008b_A.foa.270"/>
    <foa endtime="1236.36" starttime="1235.88" type="person" role="ID" nxt_agent="B" nite:id="IDIAP_IS1008b_A.foa.271"/>
    <foa endtime="1237.44" starttime="1236.36" type="place" place="table" nite:id="IDIAP_IS1008b_A.foa.272"/>
    <foa endtime="1238.04" starttime="1237.44" type="person" role="ME" nxt_agent="D" nite:id="IDIAP_IS1008b_A.foa.273"/>
    <foa endtime="1238.88" starttime="1238.04" type="place" place="table" nite:id="IDIAP_IS1008b_A.foa.274"/>
    <foa endtime="1240.04" starttime="1238.88" type="person" role="ID" nxt_agent="B" nite:id="IDIAP_IS1008b_A.foa.275"/>
    <foa endtime="1240.4" starttime="1240.04" type="unspecified" nite:id="IDIAP_IS1008b_A.foa.276"/>
    <foa endtime="1241.72" starttime="1240.4" type="place" place="table" nite:id="IDIAP_IS1008b_A.foa.277"/>
    <foa endtime="1241.96" starttime="1241.72" type="unspecified" nite:id="IDIAP_IS1008b_A.foa.278"/>
    <foa endtime="1242.56" starttime="1241.96" type="person" role="ID" nxt_agent="B" nite:id="IDIAP_IS1008b_A.foa.279"/>
    <foa endtime="1244.0" starttime="1242.56" type="person" role="ME" nxt_agent="D" nite:id="IDIAP_IS1008b_A.foa.280"/>
    <foa endtime="1245.92" starttime="1244.0" type="person" role="ID" nxt_agent="B" nite:id="IDIAP_IS1008b_A.foa.281"/>
    <foa endtime="1247.36" starttime="1245.92" type="person" role="ME" nxt_agent="D" nite:id="IDIAP_IS1008b_A.foa.282"/>
    <foa endtime="1248.8" starttime="1247.36" type="person" role="ID" nxt_agent="B" nite:id="IDIAP_IS1008b_A.foa.283"/>
    <foa endtime="1249.48" starttime="1248.8" type="person" role="ME" nxt_agent="D" nite:id="IDIAP_IS1008b_A.foa.284"/>
    <foa endtime="1251.28" starttime="1249.48" type="person" role="ID" nxt_agent="B" nite:id="IDIAP_IS1008b_A.foa.285"/>
    <foa endtime="1252.12" starttime="1251.28" type="person" role="ME" nxt_agent="D" nite:id="IDIAP_IS1008b_A.foa.286"/>
    <foa endtime="1252.48" starttime="1252.12" type="unspecified" nite:id="IDIAP_IS1008b_A.foa.287"/>
    <foa endtime="1255.24" starttime="1252.48" type="person" role="ID" nxt_agent="B" nite:id="IDIAP_IS1008b_A.foa.288"/>
    <foa endtime="1255.6" starttime="1255.24" type="person" role="ME" nxt_agent="D" nite:id="IDIAP_IS1008b_A.foa.289"/>
    <foa endtime="1257.04" starttime="1255.6" type="unspecified" nite:id="IDIAP_IS1008b_A.foa.290"/>
    <foa endtime="1258.24" starttime="1257.04" type="person" role="ID" nxt_agent="B" nite:id="IDIAP_IS1008b_A.foa.291"/>
    <foa endtime="1261.96" starttime="1258.24" type="unspecified" nite:id="IDIAP_IS1008b_A.foa.292"/>
    <foa endtime="1272.52" starttime="1261.96" type="person" role="UI" nxt_agent="C" nite:id="IDIAP_IS1008b_A.foa.293"/>
    <foa endtime="1273.36" starttime="1272.52" type="place" place="table" nite:id="IDIAP_IS1008b_A.foa.294"/>
    <foa endtime="1273.84" starttime="1273.36" type="person" role="ID" nxt_agent="B" nite:id="IDIAP_IS1008b_A.foa.295"/>
    <foa endtime="1274.8" starttime="1273.84" type="person" role="ME" nxt_agent="D" nite:id="IDIAP_IS1008b_A.foa.296"/>
    <foa endtime="1275.28" starttime="1274.8" type="person" role="UI" nxt_agent="C" nite:id="IDIAP_IS1008b_A.foa.297"/>
    <foa endtime="1278.28" starttime="1275.28" type="person" role="ME" nxt_agent="D" nite:id="IDIAP_IS1008b_A.foa.298"/>
    <foa endtime="1279.2" starttime="1278.28" type="person" role="UI" nxt_agent="C" nite:id="IDIAP_IS1008b_A.foa.299"/>
    <foa endtime="1279.88" starttime="1279.2" type="place" place="table" nite:id="IDIAP_IS1008b_A.foa.300"/>
    <foa endtime="1280.4" starttime="1279.88" type="person" role="UI" nxt_agent="C" nite:id="IDIAP_IS1008b_A.foa.301"/>
    <foa endtime="1319.64" starttime="1280.4" type="place" place="table" nite:id="IDIAP_IS1008b_A.foa.302"/>
    <foa endtime="1324.0" starttime="1319.64" type="unspecified" nite:id="IDIAP_IS1008b_A.foa.303"/>
    <foa endtime="1337.92" starttime="1324.0" type="place" place="table" nite:id="IDIAP_IS1008b_A.foa.304"/>
    <foa endtime="1483.84" starttime="1337.92" type="place" place="slide-screen" nite:id="IDIAP_IS1008b_A.foa.305"/>
    <foa endtime="1484.36" starttime="1483.84" type="person" role="ID" nxt_agent="B" nite:id="IDIAP_IS1008b_A.foa.306"/>
    <foa endtime="1493.36" starttime="1484.36" type="place" place="slide-screen" nite:id="IDIAP_IS1008b_A.foa.307"/>
    <foa endtime="1513.64" starttime="1493.36" type="person" role="ID" nxt_agent="B" nite:id="IDIAP_IS1008b_A.foa.308"/>
    <foa endtime="1515.16" starttime="1513.64" type="place" place="table" nite:id="IDIAP_IS1008b_A.foa.309"/>
    <foa endtime="1515.8" starttime="1515.16" type="person" role="ID" nxt_agent="B" nite:id="IDIAP_IS1008b_A.foa.310"/>
    <foa endtime="1523.24" starttime="1515.8" type="place" place="table" nite:id="IDIAP_IS1008b_A.foa.311"/>
    <foa endtime="1527.68" starttime="1523.24" type="person" role="ID" nxt_agent="B" nite:id="IDIAP_IS1008b_A.foa.312"/>
    <foa endtime="1529.12" starttime="1527.68" type="place" place="table" nite:id="IDIAP_IS1008b_A.foa.313"/>
    <foa endtime="1538.28" starttime="1529.12" type="person" role="ID" nxt_agent="B" nite:id="IDIAP_IS1008b_A.foa.314"/>
    <foa endtime="1539.24" starttime="1538.28" type="place" place="table" nite:id="IDIAP_IS1008b_A.foa.315"/>
    <foa endtime="1552.64" starttime="1539.24" type="person" role="ID" nxt_agent="B" nite:id="IDIAP_IS1008b_A.foa.316"/>
    <foa endtime="1553.44" starttime="1552.64" type="unspecified" nite:id="IDIAP_IS1008b_A.foa.317"/>
    <foa endtime="1572.68" starttime="1553.44" type="person" role="ID" nxt_agent="B" nite:id="IDIAP_IS1008b_A.foa.318"/>
    <foa endtime="1574.36" starttime="1572.68" type="place" place="table" nite:id="IDIAP_IS1008b_A.foa.319"/>
    <foa endtime="1575.52" starttime="1574.36" type="person" role="ME" nxt_agent="D" nite:id="IDIAP_IS1008b_A.foa.320"/>
    <foa endtime="1576.0" starttime="1575.52" type="place" place="table" nite:id="IDIAP_IS1008b_A.foa.321"/>
    <foa endtime="1576.96" starttime="1576.0" type="person" role="ID" nxt_agent="B" nite:id="IDIAP_IS1008b_A.foa.322"/>
    <foa endtime="1578.4" starttime="1576.96" type="person" role="ME" nxt_agent="D" nite:id="IDIAP_IS1008b_A.foa.323"/>
    <foa endtime="1579.52" starttime="1578.4" type="person" role="ID" nxt_agent="B" nite:id="IDIAP_IS1008b_A.foa.324"/>
    <foa endtime="1580.48" starttime="1579.52" type="person" role="ME" nxt_agent="D" nite:id="IDIAP_IS1008b_A.foa.325"/>
    <foa endtime="1581.6" starttime="1580.48" type="person" role="ID" nxt_agent="B" nite:id="IDIAP_IS1008b_A.foa.326"/>
    <foa endtime="1582.52" starttime="1581.6" type="person" role="UI" nxt_agent="C" nite:id="IDIAP_IS1008b_A.foa.327"/>
    <foa endtime="1595.84" starttime="1582.52" type="person" role="ID" nxt_agent="B" nite:id="IDIAP_IS1008b_A.foa.328"/>
    <foa endtime="1597.44" starttime="1595.84" type="place" place="table" nite:id="IDIAP_IS1008b_A.foa.329"/>
    <foa endtime="1600.32" starttime="1597.44" type="person" role="ID" nxt_agent="B" nite:id="IDIAP_IS1008b_A.foa.330"/>
    <foa endtime="1601.0" starttime="1600.32" type="person" role="ME" nxt_agent="D" nite:id="IDIAP_IS1008b_A.foa.331"/>
    <foa endtime="1603.88" starttime="1601.0" type="person" role="UI" nxt_agent="C" nite:id="IDIAP_IS1008b_A.foa.332"/>
    <foa endtime="1604.84" starttime="1603.88" type="person" role="ME" nxt_agent="D" nite:id="IDIAP_IS1008b_A.foa.333"/>
    <foa endtime="1606.12" starttime="1604.84" type="person" role="ID" nxt_agent="B" nite:id="IDIAP_IS1008b_A.foa.334"/>
    <foa endtime="1606.92" starttime="1606.12" type="person" role="ME" nxt_agent="D" nite:id="IDIAP_IS1008b_A.foa.335"/>
    <foa endtime="1608.12" starttime="1606.92" type="person" role="ID" nxt_agent="B" nite:id="IDIAP_IS1008b_A.foa.336"/>
    <foa endtime="1608.92" starttime="1608.12" type="person" role="ME" nxt_agent="D" nite:id="IDIAP_IS1008b_A.foa.337"/>
    <foa endtime="1610.52" starttime="1608.92" type="person" role="ID" nxt_agent="B" nite:id="IDIAP_IS1008b_A.foa.338"/>
    <foa endtime="1611.48" starttime="1610.52" type="person" role="ME" nxt_agent="D" nite:id="IDIAP_IS1008b_A.foa.339"/>
    <foa endtime="1612.6" starttime="1611.48" type="person" role="ID" nxt_agent="B" nite:id="IDIAP_IS1008b_A.foa.340"/>
    <foa endtime="1613.4" starttime="1612.6" type="person" role="ME" nxt_agent="D" nite:id="IDIAP_IS1008b_A.foa.341"/>
    <foa endtime="1618.36" starttime="1613.4" type="person" role="ID" nxt_agent="B" nite:id="IDIAP_IS1008b_A.foa.342"/>
    <foa endtime="1619.0" starttime="1618.36" type="unspecified" nite:id="IDIAP_IS1008b_A.foa.343"/>
    <foa endtime="1634.92" starttime="1619.0" type="place" place="table" nite:id="IDIAP_IS1008b_A.foa.344"/>
    <foa endtime="1640.24" starttime="1634.92" type="place" place="slide-screen" nite:id="IDIAP_IS1008b_A.foa.345"/>
    <foa endtime="1641.2" starttime="1640.24" type="person" role="ID" nxt_agent="B" nite:id="IDIAP_IS1008b_A.foa.346"/>
    <foa endtime="1645.0" starttime="1641.2" type="place" place="slide-screen" nite:id="IDIAP_IS1008b_A.foa.347"/>
    <foa endtime="1645.76" starttime="1645.0" type="person" role="ID" nxt_agent="B" nite:id="IDIAP_IS1008b_A.foa.348"/>
    <foa endtime="1658.72" starttime="1645.76" type="place" place="slide-screen" nite:id="IDIAP_IS1008b_A.foa.349"/>
    <foa endtime="1659.2" starttime="1658.72" type="person" role="ID" nxt_agent="B" nite:id="IDIAP_IS1008b_A.foa.350"/>
    <foa endtime="1662.64" starttime="1659.2" type="unspecified" nite:id="IDIAP_IS1008b_A.foa.351"/>
    <foa endtime="1665.68" starttime="1662.64" type="place" place="slide-screen" nite:id="IDIAP_IS1008b_A.foa.352"/>
    <foa endtime="1668.24" starttime="1665.68" type="person" role="ID" nxt_agent="B" nite:id="IDIAP_IS1008b_A.foa.353"/>
    <foa endtime="1670.4" starttime="1668.24" type="place" place="slide-screen" nite:id="IDIAP_IS1008b_A.foa.354"/>
    <foa endtime="1671.64" starttime="1670.4" type="person" role="ID" nxt_agent="B" nite:id="IDIAP_IS1008b_A.foa.355"/>
    <foa endtime="1674.96" starttime="1671.64" type="person" role="UI" nxt_agent="C" nite:id="IDIAP_IS1008b_A.foa.356"/>
    <foa endtime="1676.08" starttime="1674.96" type="person" role="ME" nxt_agent="D" nite:id="IDIAP_IS1008b_A.foa.357"/>
    <foa endtime="1676.56" starttime="1676.08" type="person" role="ID" nxt_agent="B" nite:id="IDIAP_IS1008b_A.foa.358"/>
    <foa endtime="1677.04" starttime="1676.56" type="person" role="ME" nxt_agent="D" nite:id="IDIAP_IS1008b_A.foa.359"/>
    <foa endtime="1677.68" starttime="1677.04" type="person" role="UI" nxt_agent="C" nite:id="IDIAP_IS1008b_A.foa.360"/>
    <foa endtime="1678.12" starttime="1677.68" type="unspecified" nite:id="IDIAP_IS1008b_A.foa.361"/>
    <foa endtime="1680.92" starttime="1678.12" type="person" role="UI" nxt_agent="C" nite:id="IDIAP_IS1008b_A.foa.362"/>
    <foa endtime="1681.56" starttime="1680.92" type="person" role="ID" nxt_agent="B" nite:id="IDIAP_IS1008b_A.foa.363"/>
    <foa endtime="1681.72" starttime="1681.56" type="person" role="ME" nxt_agent="D" nite:id="IDIAP_IS1008b_A.foa.364"/>
    <foa endtime="1682.64" starttime="1681.72" type="unspecified" nite:id="IDIAP_IS1008b_A.foa.365"/>
    <foa endtime="1684.24" starttime="1682.64" type="person" role="UI" nxt_agent="C" nite:id="IDIAP_IS1008b_A.foa.366"/>
    <foa endtime="1686.16" starttime="1684.24" type="unspecified" nite:id="IDIAP_IS1008b_A.foa.367"/>
    <foa endtime="1690.48" starttime="1686.16" type="person" role="UI" nxt_agent="C" nite:id="IDIAP_IS1008b_A.foa.368"/>
    <foa endtime="1691.72" starttime="1690.48" type="place" place="table" nite:id="IDIAP_IS1008b_A.foa.369"/>
    <foa endtime="1693.08" starttime="1691.72" type="person" role="UI" nxt_agent="C" nite:id="IDIAP_IS1008b_A.foa.370"/>
    <foa endtime="1704.56" starttime="1693.08" type="place" place="table" nite:id="IDIAP_IS1008b_A.foa.371"/>
    <foa endtime="1704.88" starttime="1704.56" type="person" role="ID" nxt_agent="B" nite:id="IDIAP_IS1008b_A.foa.372"/>
    <foa endtime="1705.2" starttime="1704.88" type="place" place="table" nite:id="IDIAP_IS1008b_A.foa.373"/>
    <foa endtime="1712.68" starttime="1705.2" type="person" role="ID" nxt_agent="B" nite:id="IDIAP_IS1008b_A.foa.374"/>
    <foa endtime="1713.32" starttime="1712.68" type="place" place="slide-screen" nite:id="IDIAP_IS1008b_A.foa.375"/>
    <foa endtime="1713.96" starttime="1713.32" type="person" role="ID" nxt_agent="B" nite:id="IDIAP_IS1008b_A.foa.376"/>
    <foa endtime="1715.08" starttime="1713.96" type="person" role="ME" nxt_agent="D" nite:id="IDIAP_IS1008b_A.foa.377"/>
    <foa endtime="1716.04" starttime="1715.08" type="person" role="ID" nxt_agent="B" nite:id="IDIAP_IS1008b_A.foa.378"/>
    <foa endtime="1716.68" starttime="1716.04" type="person" role="ME" nxt_agent="D" nite:id="IDIAP_IS1008b_A.foa.379"/>
    <foa endtime="1717.64" starttime="1716.68" type="person" role="ID" nxt_agent="B" nite:id="IDIAP_IS1008b_A.foa.380"/>
    <foa endtime="1719.24" starttime="1717.64" type="person" role="ME" nxt_agent="D" nite:id="IDIAP_IS1008b_A.foa.381"/>
    <foa endtime="1720.04" starttime="1719.24" type="person" role="ID" nxt_agent="B" nite:id="IDIAP_IS1008b_A.foa.382"/>
    <foa endtime="1720.68" starttime="1720.04" type="person" role="ME" nxt_agent="D" nite:id="IDIAP_IS1008b_A.foa.383"/>
    <foa endtime="1721.64" starttime="1720.68" type="person" role="ID" nxt_agent="B" nite:id="IDIAP_IS1008b_A.foa.384"/>
    <foa endtime="1723.28" starttime="1721.64" type="person" role="ME" nxt_agent="D" nite:id="IDIAP_IS1008b_A.foa.385"/>
    <foa endtime="1723.76" starttime="1723.28" type="person" role="ID" nxt_agent="B" nite:id="IDIAP_IS1008b_A.foa.386"/>
    <foa endtime="1724.84" starttime="1723.76" type="person" role="ME" nxt_agent="D" nite:id="IDIAP_IS1008b_A.foa.387"/>
    <foa endtime="1725.48" starttime="1724.84" type="unspecified" nite:id="IDIAP_IS1008b_A.foa.388"/>
    <foa endtime="1725.8" starttime="1725.48" type="person" role="ME" nxt_agent="D" nite:id="IDIAP_IS1008b_A.foa.389"/>
    <foa endtime="1728.08" starttime="1725.8" type="person" role="ID" nxt_agent="B" nite:id="IDIAP_IS1008b_A.foa.390"/>
    <foa endtime="1728.72" starttime="1728.08" type="person" role="UI" nxt_agent="C" nite:id="IDIAP_IS1008b_A.foa.391"/>
    <foa endtime="1730.64" starttime="1728.72" type="person" role="ID" nxt_agent="B" nite:id="IDIAP_IS1008b_A.foa.392"/>
    <foa endtime="1732.96" starttime="1730.64" type="person" role="ME" nxt_agent="D" nite:id="IDIAP_IS1008b_A.foa.393"/>
    <foa endtime="1734.56" starttime="1732.96" type="person" role="ID" nxt_agent="B" nite:id="IDIAP_IS1008b_A.foa.394"/>
    <foa endtime="1735.8" starttime="1734.56" type="person" role="ME" nxt_agent="D" nite:id="IDIAP_IS1008b_A.foa.395"/>
    <foa endtime="1764.0" starttime="1735.8" type="unspecified" nite:id="IDIAP_IS1008b_A.foa.396"/>
</nite:root>
