<?xml version="1.0" encoding="UTF-8"?>
<nite:root xmlns:nite="http://nite.sourceforge.net/" nite:id="IDIAP_IS1000a_B.nite:root.1">
    <foa endtime="48.32" starttime="44.8" type="unspecified" nite:id="IDIAP_IS1000a_B.foa.1"/>
    <foa endtime="53.96" starttime="48.32" type="person" role="ID" nxt_agent="D" nite:id="IDIAP_IS1000a_B.foa.2"/>
    <foa endtime="68.8" starttime="53.96" type="unspecified" nite:id="IDIAP_IS1000a_B.foa.3"/>
    <foa endtime="73.12" starttime="68.8" type="person" role="ID" nxt_agent="D" nite:id="IDIAP_IS1000a_B.foa.4"/>
    <foa endtime="83.64" starttime="73.12" type="unspecified" nite:id="IDIAP_IS1000a_B.foa.5"/>
    <foa endtime="84.32" starttime="83.64" type="person" role="ID" nxt_agent="D" nite:id="IDIAP_IS1000a_B.foa.6"/>
    <foa endtime="88.32" starttime="84.32" type="unspecified" nite:id="IDIAP_IS1000a_B.foa.7"/>
    <foa endtime="89.08" starttime="88.32" type="person" role="ID" nxt_agent="D" nite:id="IDIAP_IS1000a_B.foa.8"/>
    <foa endtime="91.84" starttime="89.08" type="person" role="UI" nxt_agent="C" nite:id="IDIAP_IS1000a_B.foa.9"/>
    <foa endtime="93.4" starttime="91.84" type="unspecified" nite:id="IDIAP_IS1000a_B.foa.10"/>
    <foa endtime="94.08" starttime="93.4" type="person" role="UI" nxt_agent="C" nite:id="IDIAP_IS1000a_B.foa.11"/>
    <foa endtime="96.6" starttime="94.08" type="person" role="ID" nxt_agent="D" nite:id="IDIAP_IS1000a_B.foa.12"/>
    <foa endtime="98.52" starttime="96.6" type="place" place="table" nite:id="IDIAP_IS1000a_B.foa.13"/>
    <foa endtime="99.72" starttime="98.52" type="person" role="UI" nxt_agent="C" nite:id="IDIAP_IS1000a_B.foa.14"/>
    <foa endtime="101.52" starttime="99.72" type="person" role="ID" nxt_agent="D" nite:id="IDIAP_IS1000a_B.foa.15"/>
    <foa endtime="103.44" starttime="101.52" type="person" role="UI" nxt_agent="C" nite:id="IDIAP_IS1000a_B.foa.16"/>
    <foa endtime="104.44" starttime="103.44" type="person" role="ID" nxt_agent="D" nite:id="IDIAP_IS1000a_B.foa.17"/>
    <foa endtime="105.84" starttime="104.44" type="person" role="UI" nxt_agent="C" nite:id="IDIAP_IS1000a_B.foa.18"/>
    <foa endtime="109.32" starttime="105.84" type="person" role="ID" nxt_agent="D" nite:id="IDIAP_IS1000a_B.foa.19"/>
    <foa endtime="113.96" starttime="109.32" type="place" place="table" nite:id="IDIAP_IS1000a_B.foa.20"/>
    <foa endtime="115.84" starttime="113.96" type="unspecified" nite:id="IDIAP_IS1000a_B.foa.21"/>
    <foa endtime="116.72" starttime="115.84" type="person" role="UI" nxt_agent="C" nite:id="IDIAP_IS1000a_B.foa.22"/>
    <foa endtime="117.8" starttime="116.72" type="person" role="ID" nxt_agent="D" nite:id="IDIAP_IS1000a_B.foa.23"/>
    <foa endtime="120.84" starttime="117.8" type="person" role="UI" nxt_agent="C" nite:id="IDIAP_IS1000a_B.foa.24"/>
    <foa endtime="122.84" starttime="120.84" type="person" role="ID" nxt_agent="D" nite:id="IDIAP_IS1000a_B.foa.25"/>
    <foa endtime="124.08" starttime="122.84" type="place" place="table" nite:id="IDIAP_IS1000a_B.foa.26"/>
    <foa endtime="155.52" starttime="124.08" type="unspecified" nite:id="IDIAP_IS1000a_B.foa.27"/>
    <foa endtime="169.36" starttime="155.52" type="unspecified" nite:id="IDIAP_IS1000a_B.foa.28"/>
    <foa endtime="181.8" starttime="169.36" type="unspecified" nite:id="IDIAP_IS1000a_B.foa.29"/>
    <foa endtime="182.68" starttime="181.8" type="place" place="table" nite:id="IDIAP_IS1000a_B.foa.30"/>
    <foa endtime="189.0" starttime="182.68" type="place" place="slide-screen" nite:id="IDIAP_IS1000a_B.foa.31"/>
    <foa endtime="204.24" starttime="189.0" type="place" place="table" nite:id="IDIAP_IS1000a_B.foa.32"/>
    <foa endtime="205.44" starttime="204.24" type="unspecified" nite:id="IDIAP_IS1000a_B.foa.33"/>
    <foa endtime="217.2" starttime="205.44" type="person" role="ME" nxt_agent="A" nite:id="IDIAP_IS1000a_B.foa.34"/>
    <foa endtime="218.32" starttime="217.2" type="place" place="slide-screen" nite:id="IDIAP_IS1000a_B.foa.35"/>
    <foa endtime="221.32" starttime="218.32" type="place" place="table" nite:id="IDIAP_IS1000a_B.foa.36"/>
    <foa endtime="224.72" starttime="221.32" type="unspecified" nite:id="IDIAP_IS1000a_B.foa.37"/>
    <foa endtime="226.52" starttime="224.72" type="unspecified" nite:id="IDIAP_IS1000a_B.foa.38"/>
    <foa endtime="228.32" starttime="226.52" type="person" role="ME" nxt_agent="A" nite:id="IDIAP_IS1000a_B.foa.39"/>
    <foa endtime="230.08" starttime="228.32" type="place" place="table" nite:id="IDIAP_IS1000a_B.foa.40"/>
    <foa endtime="232.68" starttime="230.08" type="place" place="slide-screen" nite:id="IDIAP_IS1000a_B.foa.41"/>
    <foa endtime="233.2" starttime="232.68" type="person" role="ME" nxt_agent="A" nite:id="IDIAP_IS1000a_B.foa.42"/>
    <foa endtime="235.2" starttime="233.2" type="person" role="UI" nxt_agent="C" nite:id="IDIAP_IS1000a_B.foa.43"/>
    <foa endtime="238.92" starttime="235.2" type="place" place="table" nite:id="IDIAP_IS1000a_B.foa.44"/>
    <foa endtime="239.48" starttime="238.92" type="place" place="slide-screen" nite:id="IDIAP_IS1000a_B.foa.45"/>
    <foa endtime="240.36" starttime="239.48" type="person" role="UI" nxt_agent="C" nite:id="IDIAP_IS1000a_B.foa.46"/>
    <foa endtime="242.44" starttime="240.36" type="place" place="slide-screen" nite:id="IDIAP_IS1000a_B.foa.47"/>
    <foa endtime="243.48" starttime="242.44" type="person" role="UI" nxt_agent="C" nite:id="IDIAP_IS1000a_B.foa.48"/>
    <foa endtime="245.64" starttime="243.48" type="place" place="slide-screen" nite:id="IDIAP_IS1000a_B.foa.49"/>
    <foa endtime="247.0" starttime="245.64" type="place" place="table" nite:id="IDIAP_IS1000a_B.foa.50"/>
    <foa endtime="249.84" starttime="247.0" type="place" place="slide-screen" nite:id="IDIAP_IS1000a_B.foa.51"/>
    <foa endtime="250.16" starttime="249.84" type="place" place="table" nite:id="IDIAP_IS1000a_B.foa.52"/>
    <foa endtime="252.48" starttime="250.16" type="place" place="slide-screen" nite:id="IDIAP_IS1000a_B.foa.53"/>
    <foa endtime="255.56" starttime="252.48" type="person" role="UI" nxt_agent="C" nite:id="IDIAP_IS1000a_B.foa.54"/>
    <foa endtime="256.64" starttime="255.56" type="place" place="slide-screen" nite:id="IDIAP_IS1000a_B.foa.55"/>
    <foa endtime="256.96" starttime="256.64" type="place" place="table" nite:id="IDIAP_IS1000a_B.foa.56"/>
    <foa endtime="262.64" starttime="256.96" type="place" place="slide-screen" nite:id="IDIAP_IS1000a_B.foa.57"/>
    <foa endtime="264.08" starttime="262.64" type="person" role="UI" nxt_agent="C" nite:id="IDIAP_IS1000a_B.foa.58"/>
    <foa endtime="265.84" starttime="264.08" type="place" place="slide-screen" nite:id="IDIAP_IS1000a_B.foa.59"/>
    <foa endtime="267.32" starttime="265.84" type="person" role="UI" nxt_agent="C" nite:id="IDIAP_IS1000a_B.foa.60"/>
    <foa endtime="272.0" starttime="267.32" type="unspecified" nite:id="IDIAP_IS1000a_B.foa.61"/>
    <foa endtime="275.68" starttime="272.0" type="place" place="slide-screen" nite:id="IDIAP_IS1000a_B.foa.62"/>
    <foa endtime="277.36" starttime="275.68" type="place" place="whiteboard" nite:id="IDIAP_IS1000a_B.foa.63"/>
    <foa endtime="277.64" starttime="277.36" type="place" place="slide-screen" nite:id="IDIAP_IS1000a_B.foa.64"/>
    <foa endtime="280.28" starttime="277.64" type="place" place="table" nite:id="IDIAP_IS1000a_B.foa.65"/>
    <foa endtime="283.64" starttime="280.28" type="place" place="slide-screen" nite:id="IDIAP_IS1000a_B.foa.66"/>
    <foa endtime="285.28" starttime="283.64" type="person" role="ID" nxt_agent="D" nite:id="IDIAP_IS1000a_B.foa.67"/>
    <foa endtime="285.76" starttime="285.28" type="person" role="ME" nxt_agent="A" nite:id="IDIAP_IS1000a_B.foa.68"/>
    <foa endtime="288.52" starttime="285.76" type="place" place="table" nite:id="IDIAP_IS1000a_B.foa.69"/>
    <foa endtime="290.24" starttime="288.52" type="place" place="slide-screen" nite:id="IDIAP_IS1000a_B.foa.70"/>
    <foa endtime="293.52" starttime="290.24" type="place" place="table" nite:id="IDIAP_IS1000a_B.foa.71"/>
    <foa endtime="298.12" starttime="293.52" type="person" role="UI" nxt_agent="C" nite:id="IDIAP_IS1000a_B.foa.72"/>
    <foa endtime="299.0" starttime="298.12" type="person" role="ME" nxt_agent="A" nite:id="IDIAP_IS1000a_B.foa.73"/>
    <foa endtime="302.36" starttime="299.0" type="place" place="table" nite:id="IDIAP_IS1000a_B.foa.74"/>
    <foa endtime="306.28" starttime="302.36" type="place" place="slide-screen" nite:id="IDIAP_IS1000a_B.foa.75"/>
    <foa endtime="307.96" starttime="306.28" type="place" place="table" nite:id="IDIAP_IS1000a_B.foa.76"/>
    <foa endtime="310.88" starttime="307.96" type="place" place="slide-screen" nite:id="IDIAP_IS1000a_B.foa.77"/>
    <foa endtime="313.92" starttime="310.88" type="place" place="table" nite:id="IDIAP_IS1000a_B.foa.78"/>
    <foa endtime="318.36" starttime="313.92" type="place" place="slide-screen" nite:id="IDIAP_IS1000a_B.foa.79"/>
    <foa endtime="319.16" starttime="318.36" type="person" role="ID" nxt_agent="D" nite:id="IDIAP_IS1000a_B.foa.80"/>
    <foa endtime="322.68" starttime="319.16" type="place" place="table" nite:id="IDIAP_IS1000a_B.foa.81"/>
    <foa endtime="327.68" starttime="322.68" type="place" place="slide-screen" nite:id="IDIAP_IS1000a_B.foa.82"/>
    <foa endtime="328.48" starttime="327.68" type="person" role="UI" nxt_agent="C" nite:id="IDIAP_IS1000a_B.foa.83"/>
    <foa endtime="335.52" starttime="328.48" type="place" place="slide-screen" nite:id="IDIAP_IS1000a_B.foa.84"/>
    <foa endtime="336.52" starttime="335.52" type="person" role="ID" nxt_agent="D" nite:id="IDIAP_IS1000a_B.foa.85"/>
    <foa endtime="338.0" starttime="336.52" type="place" place="slide-screen" nite:id="IDIAP_IS1000a_B.foa.86"/>
    <foa endtime="338.88" starttime="338.0" type="person" role="ID" nxt_agent="D" nite:id="IDIAP_IS1000a_B.foa.87"/>
    <foa endtime="340.44" starttime="338.88" type="place" place="slide-screen" nite:id="IDIAP_IS1000a_B.foa.88"/>
    <foa endtime="343.56" starttime="340.44" type="person" role="ID" nxt_agent="D" nite:id="IDIAP_IS1000a_B.foa.89"/>
    <foa endtime="344.04" starttime="343.56" type="place" place="table" nite:id="IDIAP_IS1000a_B.foa.90"/>
    <foa endtime="350.84" starttime="344.04" type="place" place="slide-screen" nite:id="IDIAP_IS1000a_B.foa.91"/>
    <foa endtime="352.08" starttime="350.84" type="person" role="ID" nxt_agent="D" nite:id="IDIAP_IS1000a_B.foa.92"/>
    <foa endtime="352.76" starttime="352.08" type="place" place="table" nite:id="IDIAP_IS1000a_B.foa.93"/>
    <foa endtime="354.52" starttime="352.76" type="place" place="slide-screen" nite:id="IDIAP_IS1000a_B.foa.94"/>
    <foa endtime="355.72" starttime="354.52" type="person" role="ID" nxt_agent="D" nite:id="IDIAP_IS1000a_B.foa.95"/>
    <foa endtime="360.0" starttime="355.72" type="place" place="slide-screen" nite:id="IDIAP_IS1000a_B.foa.96"/>
    <foa endtime="361.76" starttime="360.0" type="place" place="table" nite:id="IDIAP_IS1000a_B.foa.97"/>
    <foa endtime="362.96" starttime="361.76" type="person" role="ID" nxt_agent="D" nite:id="IDIAP_IS1000a_B.foa.98"/>
    <foa endtime="364.36" starttime="362.96" type="place" place="table" nite:id="IDIAP_IS1000a_B.foa.99"/>
    <foa endtime="367.32" starttime="364.36" type="place" place="slide-screen" nite:id="IDIAP_IS1000a_B.foa.100"/>
    <foa endtime="368.24" starttime="367.32" type="person" role="UI" nxt_agent="C" nite:id="IDIAP_IS1000a_B.foa.101"/>
    <foa endtime="368.92" starttime="368.24" type="person" role="ID" nxt_agent="D" nite:id="IDIAP_IS1000a_B.foa.102"/>
    <foa endtime="373.68" starttime="368.92" type="person" role="UI" nxt_agent="C" nite:id="IDIAP_IS1000a_B.foa.103"/>
    <foa endtime="377.84" starttime="373.68" type="place" place="table" nite:id="IDIAP_IS1000a_B.foa.104"/>
    <foa endtime="381.92" starttime="377.84" type="place" place="slide-screen" nite:id="IDIAP_IS1000a_B.foa.105"/>
    <foa endtime="382.64" starttime="381.92" type="person" role="UI" nxt_agent="C" nite:id="IDIAP_IS1000a_B.foa.106"/>
    <foa endtime="386.28" starttime="382.64" type="place" place="slide-screen" nite:id="IDIAP_IS1000a_B.foa.107"/>
    <foa endtime="386.84" starttime="386.28" type="person" role="ID" nxt_agent="D" nite:id="IDIAP_IS1000a_B.foa.108"/>
    <foa endtime="391.12" starttime="386.84" type="place" place="slide-screen" nite:id="IDIAP_IS1000a_B.foa.109"/>
    <foa endtime="391.56" starttime="391.12" type="person" role="ME" nxt_agent="A" nite:id="IDIAP_IS1000a_B.foa.110"/>
    <foa endtime="392.68" starttime="391.56" type="person" role="UI" nxt_agent="C" nite:id="IDIAP_IS1000a_B.foa.111"/>
    <foa endtime="395.36" starttime="392.68" type="place" place="table" nite:id="IDIAP_IS1000a_B.foa.112"/>
    <foa endtime="400.56" starttime="395.36" type="place" place="slide-screen" nite:id="IDIAP_IS1000a_B.foa.113"/>
    <foa endtime="401.48" starttime="400.56" type="place" place="table" nite:id="IDIAP_IS1000a_B.foa.114"/>
    <foa endtime="406.04" starttime="401.48" type="place" place="slide-screen" nite:id="IDIAP_IS1000a_B.foa.115"/>
    <foa endtime="406.8" starttime="406.04" type="person" role="UI" nxt_agent="C" nite:id="IDIAP_IS1000a_B.foa.116"/>
    <foa endtime="410.4" starttime="406.8" type="place" place="slide-screen" nite:id="IDIAP_IS1000a_B.foa.117"/>
    <foa endtime="410.92" starttime="410.4" type="person" role="UI" nxt_agent="C" nite:id="IDIAP_IS1000a_B.foa.118"/>
    <foa endtime="419.0" starttime="410.92" type="place" place="slide-screen" nite:id="IDIAP_IS1000a_B.foa.119"/>
    <foa endtime="423.12" starttime="419.0" type="place" place="table" nite:id="IDIAP_IS1000a_B.foa.120"/>
    <foa endtime="428.68" starttime="423.12" type="place" place="slide-screen" nite:id="IDIAP_IS1000a_B.foa.121"/>
    <foa endtime="436.6" starttime="428.68" type="place" place="table" nite:id="IDIAP_IS1000a_B.foa.122"/>
    <foa endtime="437.24" starttime="436.6" type="place" place="slide-screen" nite:id="IDIAP_IS1000a_B.foa.123"/>
    <foa endtime="438.12" starttime="437.24" type="place" place="whiteboard" nite:id="IDIAP_IS1000a_B.foa.124"/>
    <foa endtime="438.76" starttime="438.12" type="place" place="table" nite:id="IDIAP_IS1000a_B.foa.125"/>
    <foa endtime="441.44" starttime="438.76" type="place" place="slide-screen" nite:id="IDIAP_IS1000a_B.foa.126"/>
    <foa endtime="447.56" starttime="441.44" type="place" place="table" nite:id="IDIAP_IS1000a_B.foa.127"/>
    <foa endtime="449.0" starttime="447.56" type="place" place="slide-screen" nite:id="IDIAP_IS1000a_B.foa.128"/>
    <foa endtime="449.84" starttime="449.0" type="place" place="table" nite:id="IDIAP_IS1000a_B.foa.129"/>
    <foa endtime="452.16" starttime="449.84" type="person" role="UI" nxt_agent="C" nite:id="IDIAP_IS1000a_B.foa.130"/>
    <foa endtime="454.12" starttime="452.16" type="place" place="table" nite:id="IDIAP_IS1000a_B.foa.131"/>
    <foa endtime="456.0" starttime="454.12" type="place" place="slide-screen" nite:id="IDIAP_IS1000a_B.foa.132"/>
    <foa endtime="457.16" starttime="456.0" type="person" role="ME" nxt_agent="A" nite:id="IDIAP_IS1000a_B.foa.133"/>
    <foa endtime="460.84" starttime="457.16" type="place" place="table" nite:id="IDIAP_IS1000a_B.foa.134"/>
    <foa endtime="461.72" starttime="460.84" type="person" role="ID" nxt_agent="D" nite:id="IDIAP_IS1000a_B.foa.135"/>
    <foa endtime="465.76" starttime="461.72" type="place" place="slide-screen" nite:id="IDIAP_IS1000a_B.foa.136"/>
    <foa endtime="468.2" starttime="465.76" type="person" role="ID" nxt_agent="D" nite:id="IDIAP_IS1000a_B.foa.137"/>
    <foa endtime="470.84" starttime="468.2" type="place" place="table" nite:id="IDIAP_IS1000a_B.foa.138"/>
    <foa endtime="479.0" starttime="470.84" type="person" role="ID" nxt_agent="D" nite:id="IDIAP_IS1000a_B.foa.139"/>
    <foa endtime="481.4" starttime="479.0" type="place" place="slide-screen" nite:id="IDIAP_IS1000a_B.foa.140"/>
    <foa endtime="483.24" starttime="481.4" type="place" place="table" nite:id="IDIAP_IS1000a_B.foa.141"/>
    <foa endtime="490.68" starttime="483.24" type="place" place="slide-screen" nite:id="IDIAP_IS1000a_B.foa.142"/>
    <foa endtime="494.88" starttime="490.68" type="place" place="table" nite:id="IDIAP_IS1000a_B.foa.143"/>
    <foa endtime="498.64" starttime="494.88" type="place" place="slide-screen" nite:id="IDIAP_IS1000a_B.foa.144"/>
    <foa endtime="500.36" starttime="498.64" type="place" place="whiteboard" nite:id="IDIAP_IS1000a_B.foa.145"/>
    <foa endtime="503.52" starttime="500.36" type="place" place="slide-screen" nite:id="IDIAP_IS1000a_B.foa.146"/>
    <foa endtime="507.32" starttime="503.52" type="person" role="ID" nxt_agent="D" nite:id="IDIAP_IS1000a_B.foa.147"/>
    <foa endtime="512.44" starttime="507.32" type="place" place="slide-screen" nite:id="IDIAP_IS1000a_B.foa.148"/>
    <foa endtime="512.6" starttime="512.44" type="place" place="whiteboard" nite:id="IDIAP_IS1000a_B.foa.149"/>
    <foa endtime="513.48" starttime="512.6" type="place" place="slide-screen" nite:id="IDIAP_IS1000a_B.foa.150"/>
    <foa endtime="514.36" starttime="513.48" type="place" place="whiteboard" nite:id="IDIAP_IS1000a_B.foa.151"/>
    <foa endtime="517.32" starttime="514.36" type="place" place="slide-screen" nite:id="IDIAP_IS1000a_B.foa.152"/>
    <foa endtime="519.04" starttime="517.32" type="person" role="ID" nxt_agent="D" nite:id="IDIAP_IS1000a_B.foa.153"/>
    <foa endtime="519.8" starttime="519.04" type="place" place="table" nite:id="IDIAP_IS1000a_B.foa.154"/>
    <foa endtime="521.72" starttime="519.8" type="place" place="slide-screen" nite:id="IDIAP_IS1000a_B.foa.155"/>
    <foa endtime="524.8" starttime="521.72" type="person" role="ID" nxt_agent="D" nite:id="IDIAP_IS1000a_B.foa.156"/>
    <foa endtime="530.92" starttime="524.8" type="person" role="ME" nxt_agent="A" nite:id="IDIAP_IS1000a_B.foa.157"/>
    <foa endtime="532.48" starttime="530.92" type="place" place="table" nite:id="IDIAP_IS1000a_B.foa.158"/>
    <foa endtime="536.28" starttime="532.48" type="person" role="ID" nxt_agent="D" nite:id="IDIAP_IS1000a_B.foa.159"/>
    <foa endtime="540.56" starttime="536.28" type="place" place="table" nite:id="IDIAP_IS1000a_B.foa.160"/>
    <foa endtime="542.56" starttime="540.56" type="person" role="ID" nxt_agent="D" nite:id="IDIAP_IS1000a_B.foa.161"/>
    <foa endtime="544.52" starttime="542.56" type="place" place="slide-screen" nite:id="IDIAP_IS1000a_B.foa.162"/>
    <foa endtime="546.12" starttime="544.52" type="unspecified" nite:id="IDIAP_IS1000a_B.foa.163"/>
    <foa endtime="553.44" starttime="546.12" type="person" role="ID" nxt_agent="D" nite:id="IDIAP_IS1000a_B.foa.164"/>
    <foa endtime="557.08" starttime="553.44" type="unspecified" nite:id="IDIAP_IS1000a_B.foa.165"/>
    <foa endtime="560.0" starttime="557.08" type="person" role="ID" nxt_agent="D" nite:id="IDIAP_IS1000a_B.foa.166"/>
    <foa endtime="564.76" starttime="560.0" type="person" role="ME" nxt_agent="A" nite:id="IDIAP_IS1000a_B.foa.167"/>
    <foa endtime="569.16" starttime="564.76" type="place" place="table" nite:id="IDIAP_IS1000a_B.foa.168"/>
    <foa endtime="573.84" starttime="569.16" type="person" role="ME" nxt_agent="A" nite:id="IDIAP_IS1000a_B.foa.169"/>
    <foa endtime="590.0" starttime="573.84" type="place" place="table" nite:id="IDIAP_IS1000a_B.foa.170"/>
    <foa endtime="592.8" starttime="590.0" type="person" role="ME" nxt_agent="A" nite:id="IDIAP_IS1000a_B.foa.171"/>
    <foa endtime="594.68" starttime="592.8" type="unspecified" nite:id="IDIAP_IS1000a_B.foa.172"/>
    <foa endtime="605.56" starttime="594.68" type="person" role="ME" nxt_agent="A" nite:id="IDIAP_IS1000a_B.foa.173"/>
    <foa endtime="606.0" starttime="605.56" type="unspecified" nite:id="IDIAP_IS1000a_B.foa.174"/>
    <foa endtime="618.24" starttime="606.0" type="person" role="ME" nxt_agent="A" nite:id="IDIAP_IS1000a_B.foa.175"/>
    <foa endtime="633.72" starttime="618.24" type="place" place="table" nite:id="IDIAP_IS1000a_B.foa.176"/>
    <foa endtime="644.1" starttime="633.72" type="person" role="ME" nxt_agent="A" nite:id="IDIAP_IS1000a_B.foa.177"/>
    <foa endtime="687.96" starttime="644.1" type="place" place="table" nite:id="IDIAP_IS1000a_B.foa.178"/>
    <foa endtime="693.08" starttime="687.96" type="place" place="whiteboard" nite:id="IDIAP_IS1000a_B.foa.179"/>
    <foa endtime="696.76" starttime="693.08" type="unspecified" nite:id="IDIAP_IS1000a_B.foa.180"/>
    <foa endtime="697.52" starttime="696.76" type="person" role="UI" nxt_agent="C" nite:id="IDIAP_IS1000a_B.foa.181"/>
    <foa endtime="703.2" starttime="697.52" type="person" role="ME" nxt_agent="A" nite:id="IDIAP_IS1000a_B.foa.182"/>
    <foa endtime="708.52" starttime="703.2" type="person" role="ID" nxt_agent="D" nite:id="IDIAP_IS1000a_B.foa.183"/>
    <foa endtime="714.48" starttime="708.52" type="unspecified" nite:id="IDIAP_IS1000a_B.foa.184"/>
    <foa endtime="716.44" starttime="714.48" type="unspecified" nite:id="IDIAP_IS1000a_B.foa.185"/>
    <foa endtime="719.6" starttime="716.44" type="person" role="UI" nxt_agent="C" nite:id="IDIAP_IS1000a_B.foa.186"/>
    <foa endtime="720.6" starttime="719.6" type="unspecified" nite:id="IDIAP_IS1000a_B.foa.187"/>
    <foa endtime="730.32" starttime="720.6" type="person" role="ME" nxt_agent="A" nite:id="IDIAP_IS1000a_B.foa.188"/>
    <foa endtime="730.76" starttime="730.32" type="unspecified" nite:id="IDIAP_IS1000a_B.foa.189"/>
    <foa endtime="772.52" starttime="730.76" type="person" role="ID" nxt_agent="D" nite:id="IDIAP_IS1000a_B.foa.190"/>
    <foa endtime="773.72" starttime="772.52" type="unspecified" nite:id="IDIAP_IS1000a_B.foa.191"/>
    <foa endtime="775.8" starttime="773.72" type="person" role="ID" nxt_agent="D" nite:id="IDIAP_IS1000a_B.foa.192"/>
    <foa endtime="778.84" starttime="775.8" type="place" place="table" nite:id="IDIAP_IS1000a_B.foa.193"/>
    <foa endtime="793.76" starttime="778.84" type="person" role="ID" nxt_agent="D" nite:id="IDIAP_IS1000a_B.foa.194"/>
    <foa endtime="796.2" starttime="793.76" type="person" role="UI" nxt_agent="C" nite:id="IDIAP_IS1000a_B.foa.195"/>
    <foa endtime="797.32" starttime="796.2" type="place" place="slide-screen" nite:id="IDIAP_IS1000a_B.foa.196"/>
    <foa endtime="806.04" starttime="797.32" type="person" role="UI" nxt_agent="C" nite:id="IDIAP_IS1000a_B.foa.197"/>
    <foa endtime="807.72" starttime="806.04" type="person" role="ID" nxt_agent="D" nite:id="IDIAP_IS1000a_B.foa.198"/>
    <foa endtime="812.04" starttime="807.72" type="person" role="UI" nxt_agent="C" nite:id="IDIAP_IS1000a_B.foa.199"/>
    <foa endtime="815.52" starttime="812.04" type="place" place="slide-screen" nite:id="IDIAP_IS1000a_B.foa.200"/>
    <foa endtime="816.56" starttime="815.52" type="person" role="ME" nxt_agent="A" nite:id="IDIAP_IS1000a_B.foa.201"/>
    <foa endtime="854.8" starttime="816.56" type="person" role="UI" nxt_agent="C" nite:id="IDIAP_IS1000a_B.foa.202"/>
    <foa endtime="855.12" starttime="854.8" type="unspecified" nite:id="IDIAP_IS1000a_B.foa.203"/>
    <foa endtime="873.64" starttime="855.12" type="person" role="UI" nxt_agent="C" nite:id="IDIAP_IS1000a_B.foa.204"/>
    <foa endtime="874.44" starttime="873.64" type="person" role="ME" nxt_agent="A" nite:id="IDIAP_IS1000a_B.foa.205"/>
    <foa endtime="888.28" starttime="874.44" type="person" role="UI" nxt_agent="C" nite:id="IDIAP_IS1000a_B.foa.206"/>
    <foa endtime="889.72" starttime="888.28" type="unspecified" nite:id="IDIAP_IS1000a_B.foa.207"/>
    <foa endtime="901.08" starttime="889.72" type="person" role="UI" nxt_agent="C" nite:id="IDIAP_IS1000a_B.foa.208"/>
    <foa endtime="901.32" starttime="901.08" type="place" place="table" nite:id="IDIAP_IS1000a_B.foa.209"/>
    <foa endtime="902.44" starttime="901.32" type="person" role="ME" nxt_agent="A" nite:id="IDIAP_IS1000a_B.foa.210"/>
    <foa endtime="909.04" starttime="902.44" type="person" role="UI" nxt_agent="C" nite:id="IDIAP_IS1000a_B.foa.211"/>
    <foa endtime="911.52" starttime="909.04" type="place" place="table" nite:id="IDIAP_IS1000a_B.foa.212"/>
    <foa endtime="920.5" starttime="911.52" type="person" role="UI" nxt_agent="C" nite:id="IDIAP_IS1000a_B.foa.213"/>
    <foa endtime="921.32" starttime="920.5" type="person" role="ME" nxt_agent="A" nite:id="IDIAP_IS1000a_B.foa.214"/>
    <foa endtime="923.52" starttime="921.32" type="unspecified" nite:id="IDIAP_IS1000a_B.foa.215"/>
    <foa endtime="932.28" starttime="923.52" type="person" role="UI" nxt_agent="C" nite:id="IDIAP_IS1000a_B.foa.216"/>
    <foa endtime="933.4" starttime="932.28" type="place" place="table" nite:id="IDIAP_IS1000a_B.foa.217"/>
    <foa endtime="946.6" starttime="933.4" type="unspecified" nite:id="IDIAP_IS1000a_B.foa.218"/>
    <foa endtime="952.72" starttime="946.6" type="place" place="whiteboard" nite:id="IDIAP_IS1000a_B.foa.219"/>
    <foa endtime="953.68" starttime="952.72" type="unspecified" nite:id="IDIAP_IS1000a_B.foa.220"/>
    <foa endtime="957.4" starttime="953.68" type="place" place="whiteboard" nite:id="IDIAP_IS1000a_B.foa.221"/>
    <foa endtime="959.0" starttime="957.4" type="person" role="ID" nxt_agent="D" nite:id="IDIAP_IS1000a_B.foa.222"/>
    <foa endtime="973.04" starttime="959.0" type="place" place="whiteboard" nite:id="IDIAP_IS1000a_B.foa.223"/>
    <foa endtime="973.96" starttime="973.04" type="person" role="ME" nxt_agent="A" nite:id="IDIAP_IS1000a_B.foa.224"/>
    <foa endtime="975.4" starttime="973.96" type="place" place="whiteboard" nite:id="IDIAP_IS1000a_B.foa.225"/>
    <foa endtime="977.08" starttime="975.4" type="person" role="ID" nxt_agent="D" nite:id="IDIAP_IS1000a_B.foa.226"/>
    <foa endtime="978.68" starttime="977.08" type="place" place="whiteboard" nite:id="IDIAP_IS1000a_B.foa.227"/>
    <foa endtime="989.0" starttime="978.68" type="person" role="ME" nxt_agent="A" nite:id="IDIAP_IS1000a_B.foa.228"/>
    <foa endtime="997.6" starttime="989.0" type="place" place="whiteboard" nite:id="IDIAP_IS1000a_B.foa.229"/>
    <foa endtime="998.52" starttime="997.6" type="person" role="ID" nxt_agent="D" nite:id="IDIAP_IS1000a_B.foa.230"/>
    <foa endtime="1011.64" starttime="998.52" type="place" place="whiteboard" nite:id="IDIAP_IS1000a_B.foa.231"/>
    <foa endtime="1014.68" starttime="1011.64" type="person" role="ME" nxt_agent="A" nite:id="IDIAP_IS1000a_B.foa.232"/>
    <foa endtime="1020.52" starttime="1014.68" type="place" place="whiteboard" nite:id="IDIAP_IS1000a_B.foa.233"/>
    <foa endtime="1024.6" starttime="1020.52" type="unspecified" nite:id="IDIAP_IS1000a_B.foa.234"/>
    <foa endtime="1025.76" starttime="1024.6" type="place" place="whiteboard" nite:id="IDIAP_IS1000a_B.foa.235"/>
    <foa endtime="1027.84" starttime="1025.76" type="person" role="ID" nxt_agent="D" nite:id="IDIAP_IS1000a_B.foa.236"/>
    <foa endtime="1028.28" starttime="1027.84" type="place" place="table" nite:id="IDIAP_IS1000a_B.foa.237"/>
    <foa endtime="1029.6" starttime="1028.28" type="place" place="slide-screen" nite:id="IDIAP_IS1000a_B.foa.238"/>
    <foa endtime="1030.6" starttime="1029.6" type="place" place="table" nite:id="IDIAP_IS1000a_B.foa.239"/>
    <foa endtime="1031.16" starttime="1030.6" type="place" place="slide-screen" nite:id="IDIAP_IS1000a_B.foa.240"/>
    <foa endtime="1032.4" starttime="1031.16" type="place" place="whiteboard" nite:id="IDIAP_IS1000a_B.foa.241"/>
    <foa endtime="1035.0" starttime="1032.4" type="place" place="table" nite:id="IDIAP_IS1000a_B.foa.242"/>
    <foa endtime="1046.8" starttime="1035.0" type="place" place="slide-screen" nite:id="IDIAP_IS1000a_B.foa.243"/>
    <foa endtime="1048.68" starttime="1046.8" type="person" role="UI" nxt_agent="C" nite:id="IDIAP_IS1000a_B.foa.244"/>
    <foa endtime="1056.88" starttime="1048.68" type="place" place="slide-screen" nite:id="IDIAP_IS1000a_B.foa.245"/>
    <foa endtime="1064.92" starttime="1056.88" type="person" role="UI" nxt_agent="C" nite:id="IDIAP_IS1000a_B.foa.246"/>
    <foa endtime="1071.28" starttime="1064.92" type="place" place="slide-screen" nite:id="IDIAP_IS1000a_B.foa.247"/>
    <foa endtime="1075.32" starttime="1071.28" type="person" role="ID" nxt_agent="D" nite:id="IDIAP_IS1000a_B.foa.248"/>
    <foa endtime="1092.4" starttime="1075.32" type="place" place="slide-screen" nite:id="IDIAP_IS1000a_B.foa.249"/>
    <foa endtime="1094.04" starttime="1092.4" type="place" place="table" nite:id="IDIAP_IS1000a_B.foa.250"/>
    <foa endtime="1108.84" starttime="1094.04" type="place" place="slide-screen" nite:id="IDIAP_IS1000a_B.foa.251"/>
    <foa endtime="1109.48" starttime="1108.84" type="unspecified" nite:id="IDIAP_IS1000a_B.foa.252"/>
    <foa endtime="1110.2" starttime="1109.48" type="place" place="table" nite:id="IDIAP_IS1000a_B.foa.253"/>
    <foa endtime="1114.24" starttime="1110.2" type="place" place="slide-screen" nite:id="IDIAP_IS1000a_B.foa.254"/>
    <foa endtime="1114.88" starttime="1114.24" type="person" role="UI" nxt_agent="C" nite:id="IDIAP_IS1000a_B.foa.255"/>
    <foa endtime="1124.0" starttime="1114.88" type="place" place="slide-screen" nite:id="IDIAP_IS1000a_B.foa.256"/>
    <foa endtime="1126.8" starttime="1124.0" type="person" role="ID" nxt_agent="D" nite:id="IDIAP_IS1000a_B.foa.257"/>
    <foa endtime="1131.8" starttime="1126.8" type="place" place="slide-screen" nite:id="IDIAP_IS1000a_B.foa.258"/>
    <foa endtime="1132.72" starttime="1131.8" type="person" role="ME" nxt_agent="A" nite:id="IDIAP_IS1000a_B.foa.259"/>
    <foa endtime="1134.8" starttime="1132.72" type="person" role="ID" nxt_agent="D" nite:id="IDIAP_IS1000a_B.foa.260"/>
    <foa endtime="1141.64" starttime="1134.8" type="person" role="UI" nxt_agent="C" nite:id="IDIAP_IS1000a_B.foa.261"/>
    <foa endtime="1145.84" starttime="1141.64" type="place" place="slide-screen" nite:id="IDIAP_IS1000a_B.foa.262"/>
    <foa endtime="1148.1" starttime="1145.84" type="unspecified" nite:id="IDIAP_IS1000a_B.foa.263"/>
    <foa endtime="1155.04" starttime="1148.1" type="place" place="slide-screen" nite:id="IDIAP_IS1000a_B.foa.264"/>
    <foa endtime="1157.6" starttime="1155.04" type="person" role="UI" nxt_agent="C" nite:id="IDIAP_IS1000a_B.foa.265"/>
    <foa endtime="1162.16" starttime="1157.6" type="place" place="slide-screen" nite:id="IDIAP_IS1000a_B.foa.266"/>
    <foa endtime="1164.36" starttime="1162.16" type="place" place="table" nite:id="IDIAP_IS1000a_B.foa.267"/>
    <foa endtime="1166.68" starttime="1164.36" type="place" place="slide-screen" nite:id="IDIAP_IS1000a_B.foa.268"/>
    <foa endtime="1169.4" starttime="1166.68" type="person" role="ID" nxt_agent="D" nite:id="IDIAP_IS1000a_B.foa.269"/>
    <foa endtime="1172.64" starttime="1169.4" type="place" place="slide-screen" nite:id="IDIAP_IS1000a_B.foa.270"/>
    <foa endtime="1175.2" starttime="1172.64" type="person" role="ID" nxt_agent="D" nite:id="IDIAP_IS1000a_B.foa.271"/>
    <foa endtime="1178.0" starttime="1175.2" type="person" role="UI" nxt_agent="C" nite:id="IDIAP_IS1000a_B.foa.272"/>
    <foa endtime="1180.64" starttime="1178.0" type="person" role="ID" nxt_agent="D" nite:id="IDIAP_IS1000a_B.foa.273"/>
    <foa endtime="1184.04" starttime="1180.64" type="unspecified" nite:id="IDIAP_IS1000a_B.foa.274"/>
    <foa endtime="1187.56" starttime="1184.04" type="person" role="UI" nxt_agent="C" nite:id="IDIAP_IS1000a_B.foa.275"/>
    <foa endtime="1188.44" starttime="1187.56" type="place" place="table" nite:id="IDIAP_IS1000a_B.foa.276"/>
    <foa endtime="1190.08" starttime="1188.44" type="person" role="ID" nxt_agent="D" nite:id="IDIAP_IS1000a_B.foa.277"/>
    <foa endtime="1190.48" starttime="1190.08" type="person" role="UI" nxt_agent="C" nite:id="IDIAP_IS1000a_B.foa.278"/>
    <foa endtime="1191.6" starttime="1190.48" type="person" role="ID" nxt_agent="D" nite:id="IDIAP_IS1000a_B.foa.279"/>
    <foa endtime="1192.72" starttime="1191.6" type="person" role="UI" nxt_agent="C" nite:id="IDIAP_IS1000a_B.foa.280"/>
    <foa endtime="1194.5" starttime="1192.72" type="person" role="ME" nxt_agent="A" nite:id="IDIAP_IS1000a_B.foa.281"/>
    <foa endtime="1199.4" starttime="1194.5" type="person" role="UI" nxt_agent="C" nite:id="IDIAP_IS1000a_B.foa.282"/>
    <foa endtime="1203.0" starttime="1199.4" type="place" place="slide-screen" nite:id="IDIAP_IS1000a_B.foa.283"/>
    <foa endtime="1238.48" starttime="1203.0" type="person" role="UI" nxt_agent="C" nite:id="IDIAP_IS1000a_B.foa.284"/>
    <foa endtime="1240.44" starttime="1238.48" type="person" role="ID" nxt_agent="D" nite:id="IDIAP_IS1000a_B.foa.285"/>
    <foa endtime="1268.6" starttime="1240.44" type="person" role="UI" nxt_agent="C" nite:id="IDIAP_IS1000a_B.foa.286"/>
    <foa endtime="1269.72" starttime="1268.6" type="person" role="ID" nxt_agent="D" nite:id="IDIAP_IS1000a_B.foa.287"/>
    <foa endtime="1272.56" starttime="1269.72" type="place" place="table" nite:id="IDIAP_IS1000a_B.foa.288"/>
    <foa endtime="1274.44" starttime="1272.56" type="place" place="slide-screen" nite:id="IDIAP_IS1000a_B.foa.289"/>
    <foa endtime="1275.24" starttime="1274.44" type="person" role="UI" nxt_agent="C" nite:id="IDIAP_IS1000a_B.foa.290"/>
    <foa endtime="1277.16" starttime="1275.24" type="place" place="slide-screen" nite:id="IDIAP_IS1000a_B.foa.291"/>
    <foa endtime="1278.0" starttime="1277.16" type="place" place="table" nite:id="IDIAP_IS1000a_B.foa.292"/>
    <foa endtime="1278.92" starttime="1278.0" type="place" place="slide-screen" nite:id="IDIAP_IS1000a_B.foa.293"/>
    <foa endtime="1283.4" starttime="1278.92" type="unspecified" nite:id="IDIAP_IS1000a_B.foa.294"/>
    <foa endtime="1286.1" starttime="1283.4" type="place" place="slide-screen" nite:id="IDIAP_IS1000a_B.foa.295"/>
    <foa endtime="1292.0" starttime="1286.1" type="unspecified" nite:id="IDIAP_IS1000a_B.foa.296"/>
    <foa endtime="1293.68" starttime="1292.0" type="person" role="ME" nxt_agent="A" nite:id="IDIAP_IS1000a_B.foa.297"/>
    <foa endtime="1296.2" starttime="1293.68" type="place" place="table" nite:id="IDIAP_IS1000a_B.foa.298"/>
    <foa endtime="1322.0" starttime="1296.2" type="person" role="UI" nxt_agent="C" nite:id="IDIAP_IS1000a_B.foa.299"/>
    <foa endtime="1322.8" starttime="1322.0" type="place" place="slide-screen" nite:id="IDIAP_IS1000a_B.foa.300"/>
    <foa endtime="1323.84" starttime="1322.8" type="person" role="UI" nxt_agent="C" nite:id="IDIAP_IS1000a_B.foa.301"/>
    <foa endtime="1325.68" starttime="1323.84" type="place" place="table" nite:id="IDIAP_IS1000a_B.foa.302"/>
    <foa endtime="1337.8" starttime="1325.68" type="person" role="UI" nxt_agent="C" nite:id="IDIAP_IS1000a_B.foa.303"/>
    <foa endtime="1338.84" starttime="1337.8" type="unspecified" nite:id="IDIAP_IS1000a_B.foa.304"/>
    <foa endtime="1351.2" starttime="1338.84" type="person" role="UI" nxt_agent="C" nite:id="IDIAP_IS1000a_B.foa.305"/>
    <foa endtime="1354.96" starttime="1351.2" type="person" role="ID" nxt_agent="D" nite:id="IDIAP_IS1000a_B.foa.306"/>
    <foa endtime="1357.0" starttime="1354.96" type="place" place="table" nite:id="IDIAP_IS1000a_B.foa.307"/>
    <foa endtime="1368.0" starttime="1357.0" type="person" role="ID" nxt_agent="D" nite:id="IDIAP_IS1000a_B.foa.308"/>
    <foa endtime="1373.68" starttime="1368.0" type="person" role="ME" nxt_agent="A" nite:id="IDIAP_IS1000a_B.foa.309"/>
    <foa endtime="1380.4" starttime="1373.68" type="person" role="UI" nxt_agent="C" nite:id="IDIAP_IS1000a_B.foa.310"/>
    <foa endtime="1381.68" starttime="1380.4" type="person" role="ME" nxt_agent="A" nite:id="IDIAP_IS1000a_B.foa.311"/>
    <foa endtime="1387.6" starttime="1381.68" type="unspecified" nite:id="IDIAP_IS1000a_B.foa.312"/>
    <foa endtime="1391.76" starttime="1387.6" type="person" role="UI" nxt_agent="C" nite:id="IDIAP_IS1000a_B.foa.313"/>
    <foa endtime="1393.96" starttime="1391.76" type="person" role="ME" nxt_agent="A" nite:id="IDIAP_IS1000a_B.foa.314"/>
    <foa endtime="1394.8" starttime="1393.96" type="person" role="ID" nxt_agent="D" nite:id="IDIAP_IS1000a_B.foa.315"/>
    <foa endtime="1398.72" starttime="1394.8" type="person" role="UI" nxt_agent="C" nite:id="IDIAP_IS1000a_B.foa.316"/>
    <foa endtime="1400.32" starttime="1398.72" type="person" role="ID" nxt_agent="D" nite:id="IDIAP_IS1000a_B.foa.317"/>
    <foa endtime="1412.6" starttime="1400.32" type="person" role="UI" nxt_agent="C" nite:id="IDIAP_IS1000a_B.foa.318"/>
    <foa endtime="1420.6" starttime="1412.6" type="place" place="table" nite:id="IDIAP_IS1000a_B.foa.319"/>
    <foa endtime="1426.96" starttime="1420.6" type="person" role="UI" nxt_agent="C" nite:id="IDIAP_IS1000a_B.foa.320"/>
    <foa endtime="1430.76" starttime="1426.96" type="place" place="table" nite:id="IDIAP_IS1000a_B.foa.321"/>
    <foa endtime="1435.2" starttime="1430.76" type="person" role="UI" nxt_agent="C" nite:id="IDIAP_IS1000a_B.foa.322"/>
    <foa endtime="1436.24" starttime="1435.2" type="place" place="slide-screen" nite:id="IDIAP_IS1000a_B.foa.323"/>
    <foa endtime="1437.4" starttime="1436.24" type="place" place="table" nite:id="IDIAP_IS1000a_B.foa.324"/>
    <foa endtime="1438.8" starttime="1437.4" type="place" place="slide-screen" nite:id="IDIAP_IS1000a_B.foa.325"/>
    <foa endtime="1441.9" starttime="1438.8" type="person" role="UI" nxt_agent="C" nite:id="IDIAP_IS1000a_B.foa.326"/>
    <foa endtime="1443.2" starttime="1441.9" type="place" place="table" nite:id="IDIAP_IS1000a_B.foa.327"/>
    <foa endtime="1450.4" starttime="1443.2" type="person" role="UI" nxt_agent="C" nite:id="IDIAP_IS1000a_B.foa.328"/>
    <foa endtime="1452.9" starttime="1450.4" type="place" place="table" nite:id="IDIAP_IS1000a_B.foa.329"/>
    <foa endtime="1457.44" starttime="1452.9" type="place" place="slide-screen" nite:id="IDIAP_IS1000a_B.foa.330"/>
    <foa endtime="1457.64" starttime="1457.44" type="unspecified" nite:id="IDIAP_IS1000a_B.foa.331"/>
    <foa endtime="1459.32" starttime="1457.64" type="place" place="slide-screen" nite:id="IDIAP_IS1000a_B.foa.332"/>
    <foa endtime="1460.0" starttime="1459.32" type="person" role="ID" nxt_agent="D" nite:id="IDIAP_IS1000a_B.foa.333"/>
    <foa endtime="1461.8" starttime="1460.0" type="place" place="slide-screen" nite:id="IDIAP_IS1000a_B.foa.334"/>
    <foa endtime="1464.0" starttime="1461.8" type="place" place="table" nite:id="IDIAP_IS1000a_B.foa.335"/>
    <foa endtime="1465.2" starttime="1464.0" type="person" role="ID" nxt_agent="D" nite:id="IDIAP_IS1000a_B.foa.336"/>
    <foa endtime="1465.6" starttime="1465.2" type="place" place="slide-screen" nite:id="IDIAP_IS1000a_B.foa.337"/>
    <foa endtime="1466.4" starttime="1465.6" type="person" role="ME" nxt_agent="A" nite:id="IDIAP_IS1000a_B.foa.338"/>
    <foa endtime="1467.9" starttime="1466.4" type="person" role="ID" nxt_agent="D" nite:id="IDIAP_IS1000a_B.foa.339"/>
    <foa endtime="1470.0" starttime="1467.9" type="place" place="slide-screen" nite:id="IDIAP_IS1000a_B.foa.340"/>
    <foa endtime="1470.3" starttime="1470.0" type="person" role="UI" nxt_agent="C" nite:id="IDIAP_IS1000a_B.foa.341"/>
    <foa endtime="1473.04" starttime="1470.3" type="place" place="slide-screen" nite:id="IDIAP_IS1000a_B.foa.342"/>
    <foa endtime="1473.7" starttime="1473.04" type="person" role="UI" nxt_agent="C" nite:id="IDIAP_IS1000a_B.foa.343"/>
    <foa endtime="1476.88" starttime="1473.7" type="place" place="slide-screen" nite:id="IDIAP_IS1000a_B.foa.344"/>
    <foa endtime="1479.5" starttime="1476.88" type="person" role="UI" nxt_agent="C" nite:id="IDIAP_IS1000a_B.foa.345"/>
    <foa endtime="1482.2" starttime="1479.5" type="place" place="slide-screen" nite:id="IDIAP_IS1000a_B.foa.346"/>
    <foa endtime="1482.8" starttime="1482.2" type="person" role="ME" nxt_agent="A" nite:id="IDIAP_IS1000a_B.foa.347"/>
    <foa endtime="1485.8" starttime="1482.8" type="place" place="slide-screen" nite:id="IDIAP_IS1000a_B.foa.348"/>
    <foa endtime="1489.6" starttime="1485.8" type="person" role="ME" nxt_agent="A" nite:id="IDIAP_IS1000a_B.foa.349"/>
    <foa endtime="1490.4" starttime="1489.6" type="unspecified" nite:id="IDIAP_IS1000a_B.foa.350"/>
    <foa endtime="1491.6" starttime="1490.4" type="place" place="table" nite:id="IDIAP_IS1000a_B.foa.351"/>
    <foa endtime="1492.4" starttime="1491.6" type="place" place="slide-screen" nite:id="IDIAP_IS1000a_B.foa.352"/>
    <foa endtime="1494.0" starttime="1492.4" type="person" role="ME" nxt_agent="A" nite:id="IDIAP_IS1000a_B.foa.353"/>
    <foa endtime="1497.8" starttime="1494.0" type="place" place="slide-screen" nite:id="IDIAP_IS1000a_B.foa.354"/>
    <foa endtime="1498.6" starttime="1497.8" type="place" place="table" nite:id="IDIAP_IS1000a_B.foa.355"/>
    <foa endtime="1499.6" starttime="1498.6" type="place" place="slide-screen" nite:id="IDIAP_IS1000a_B.foa.356"/>
    <foa endtime="1501.6" starttime="1499.6" type="place" place="table" nite:id="IDIAP_IS1000a_B.foa.357"/>
    <foa endtime="1502.56" starttime="1501.6" type="place" place="slide-screen" nite:id="IDIAP_IS1000a_B.foa.358"/>
    <foa endtime="1509.08" starttime="1502.56" type="place" place="table" nite:id="IDIAP_IS1000a_B.foa.359"/>
    <foa endtime="1510.32" starttime="1509.08" type="person" role="UI" nxt_agent="C" nite:id="IDIAP_IS1000a_B.foa.360"/>
    <foa endtime="1511.5" starttime="1510.32" type="place" place="table" nite:id="IDIAP_IS1000a_B.foa.361"/>
    <foa endtime="1513.0" starttime="1511.5" type="place" place="slide-screen" nite:id="IDIAP_IS1000a_B.foa.362"/>
    <foa endtime="1515.4" starttime="1513.0" type="person" role="UI" nxt_agent="C" nite:id="IDIAP_IS1000a_B.foa.363"/>
    <foa endtime="1516.72" starttime="1515.4" type="person" role="ID" nxt_agent="D" nite:id="IDIAP_IS1000a_B.foa.364"/>
    <foa endtime="1522.16" starttime="1516.72" type="place" place="table" nite:id="IDIAP_IS1000a_B.foa.365"/>
    <foa endtime="1490.0" starttime="1522.16" type="unspecified" nite:id="IDIAP_IS1000a_B.foa.366"/>
</nite:root>
