<?xml version="1.0" encoding="UTF-8"?>
<nite:root xmlns:nite="http://nite.sourceforge.net/" nite:id="IDIAP_TS3005a_A.nite:root.1">
    <foa endtime="21.8" starttime="0.0" type="unspecified" nite:id="IDIAP_TS3005a_A.foa.1"/>
    <foa endtime="35.92" starttime="21.8" type="place" place="table" nite:id="IDIAP_TS3005a_A.foa.2"/>
    <foa endtime="36.24" starttime="35.92" type="person" role="ID" nxt_agent="B" nite:id="IDIAP_TS3005a_A.foa.3"/>
    <foa endtime="51.16" starttime="36.24" type="place" place="table" nite:id="IDIAP_TS3005a_A.foa.4"/>
    <foa endtime="52.68" starttime="51.16" type="person" role="ME" nxt_agent="D" nite:id="IDIAP_TS3005a_A.foa.5"/>
    <foa endtime="53.2" starttime="52.68" type="person" role="ID" nxt_agent="B" nite:id="IDIAP_TS3005a_A.foa.6"/>
    <foa endtime="53.76" starttime="53.2" type="place" place="table" nite:id="IDIAP_TS3005a_A.foa.7"/>
    <foa endtime="54.24" starttime="53.76" type="person" role="ID" nxt_agent="B" nite:id="IDIAP_TS3005a_A.foa.8"/>
    <foa endtime="54.72" starttime="54.24" type="person" role="ME" nxt_agent="D" nite:id="IDIAP_TS3005a_A.foa.9"/>
    <foa endtime="57.2" starttime="54.72" type="person" role="ID" nxt_agent="B" nite:id="IDIAP_TS3005a_A.foa.10"/>
    <foa endtime="61.68" starttime="57.2" type="place" place="table" nite:id="IDIAP_TS3005a_A.foa.11"/>
    <foa endtime="64.12" starttime="61.68" type="unspecified" nite:id="IDIAP_TS3005a_A.foa.12"/>
    <foa endtime="65.16" starttime="64.12" type="person" role="ID" nxt_agent="B" nite:id="IDIAP_TS3005a_A.foa.13"/>
    <foa endtime="65.56" starttime="65.16" type="unspecified" nite:id="IDIAP_TS3005a_A.foa.14"/>
    <foa endtime="67.24" starttime="65.56" type="place" place="table" nite:id="IDIAP_TS3005a_A.foa.15"/>
    <foa endtime="68.84" starttime="67.24" type="person" role="UI" nxt_agent="C" nite:id="IDIAP_TS3005a_A.foa.16"/>
    <foa endtime="70.0" starttime="68.84" type="place" place="table" nite:id="IDIAP_TS3005a_A.foa.17"/>
    <foa endtime="70.64" starttime="70.0" type="person" role="UI" nxt_agent="C" nite:id="IDIAP_TS3005a_A.foa.18"/>
    <foa endtime="75.68" starttime="70.64" type="unspecified" nite:id="IDIAP_TS3005a_A.foa.19"/>
    <foa endtime="86.6" starttime="75.68" type="place" place="slide-screen" nite:id="IDIAP_TS3005a_A.foa.20"/>
    <foa endtime="89.4" starttime="86.6" type="person" role="UI" nxt_agent="C" nite:id="IDIAP_TS3005a_A.foa.21"/>
    <foa endtime="89.92" starttime="89.4" type="person" role="ME" nxt_agent="D" nite:id="IDIAP_TS3005a_A.foa.22"/>
    <foa endtime="91.44" starttime="89.92" type="person" role="UI" nxt_agent="C" nite:id="IDIAP_TS3005a_A.foa.23"/>
    <foa endtime="94.92" starttime="91.44" type="place" place="slide-screen" nite:id="IDIAP_TS3005a_A.foa.24"/>
    <foa endtime="96.6" starttime="94.92" type="person" role="UI" nxt_agent="C" nite:id="IDIAP_TS3005a_A.foa.25"/>
    <foa endtime="97.36" starttime="96.6" type="person" role="ME" nxt_agent="D" nite:id="IDIAP_TS3005a_A.foa.26"/>
    <foa endtime="99.16" starttime="97.36" type="place" place="slide-screen" nite:id="IDIAP_TS3005a_A.foa.27"/>
    <foa endtime="99.8" starttime="99.16" type="person" role="UI" nxt_agent="C" nite:id="IDIAP_TS3005a_A.foa.28"/>
    <foa endtime="101.48" starttime="99.8" type="place" place="slide-screen" nite:id="IDIAP_TS3005a_A.foa.29"/>
    <foa endtime="101.96" starttime="101.48" type="person" role="ME" nxt_agent="D" nite:id="IDIAP_TS3005a_A.foa.30"/>
    <foa endtime="102.72" starttime="101.96" type="person" role="UI" nxt_agent="C" nite:id="IDIAP_TS3005a_A.foa.31"/>
    <foa endtime="106.48" starttime="102.72" type="place" place="slide-screen" nite:id="IDIAP_TS3005a_A.foa.32"/>
    <foa endtime="107.2" starttime="106.48" type="person" role="UI" nxt_agent="C" nite:id="IDIAP_TS3005a_A.foa.33"/>
    <foa endtime="108.2" starttime="107.2" type="place" place="slide-screen" nite:id="IDIAP_TS3005a_A.foa.34"/>
    <foa endtime="109.44" starttime="108.2" type="person" role="UI" nxt_agent="C" nite:id="IDIAP_TS3005a_A.foa.35"/>
    <foa endtime="111.52" starttime="109.44" type="place" place="slide-screen" nite:id="IDIAP_TS3005a_A.foa.36"/>
    <foa endtime="112.08" starttime="111.52" type="person" role="ME" nxt_agent="D" nite:id="IDIAP_TS3005a_A.foa.37"/>
    <foa endtime="112.36" starttime="112.08" type="person" role="UI" nxt_agent="C" nite:id="IDIAP_TS3005a_A.foa.38"/>
    <foa endtime="115.44" starttime="112.36" type="place" place="slide-screen" nite:id="IDIAP_TS3005a_A.foa.39"/>
    <foa endtime="116.36" starttime="115.44" type="person" role="UI" nxt_agent="C" nite:id="IDIAP_TS3005a_A.foa.40"/>
    <foa endtime="117.08" starttime="116.36" type="place" place="slide-screen" nite:id="IDIAP_TS3005a_A.foa.41"/>
    <foa endtime="121.56" starttime="117.08" type="person" role="UI" nxt_agent="C" nite:id="IDIAP_TS3005a_A.foa.42"/>
    <foa endtime="123.16" starttime="121.56" type="place" place="slide-screen" nite:id="IDIAP_TS3005a_A.foa.43"/>
    <foa endtime="123.4" starttime="123.16" type="person" role="ME" nxt_agent="D" nite:id="IDIAP_TS3005a_A.foa.44"/>
    <foa endtime="123.92" starttime="123.4" type="person" role="UI" nxt_agent="C" nite:id="IDIAP_TS3005a_A.foa.45"/>
    <foa endtime="127.48" starttime="123.92" type="place" place="slide-screen" nite:id="IDIAP_TS3005a_A.foa.46"/>
    <foa endtime="129.76" starttime="127.48" type="person" role="ID" nxt_agent="B" nite:id="IDIAP_TS3005a_A.foa.47"/>
    <foa endtime="130.88" starttime="129.76" type="place" place="table" nite:id="IDIAP_TS3005a_A.foa.48"/>
    <foa endtime="131.56" starttime="130.88" type="person" role="ME" nxt_agent="D" nite:id="IDIAP_TS3005a_A.foa.49"/>
    <foa endtime="133.96" starttime="131.56" type="place" place="table" nite:id="IDIAP_TS3005a_A.foa.50"/>
    <foa endtime="135.88" starttime="133.96" type="person" role="UI" nxt_agent="C" nite:id="IDIAP_TS3005a_A.foa.51"/>
    <foa endtime="137.48" starttime="135.88" type="place" place="table" nite:id="IDIAP_TS3005a_A.foa.52"/>
    <foa endtime="138.84" starttime="137.48" type="person" role="UI" nxt_agent="C" nite:id="IDIAP_TS3005a_A.foa.53"/>
    <foa endtime="139.4" starttime="138.84" type="place" place="table" nite:id="IDIAP_TS3005a_A.foa.54"/>
    <foa endtime="140.0" starttime="139.4" type="person" role="ME" nxt_agent="D" nite:id="IDIAP_TS3005a_A.foa.55"/>
    <foa endtime="142.4" starttime="140.0" type="person" role="ID" nxt_agent="B" nite:id="IDIAP_TS3005a_A.foa.56"/>
    <foa endtime="143.32" starttime="142.4" type="unspecified" nite:id="IDIAP_TS3005a_A.foa.57"/>
    <foa endtime="144.72" starttime="143.32" type="person" role="ME" nxt_agent="D" nite:id="IDIAP_TS3005a_A.foa.58"/>
    <foa endtime="145.0" starttime="144.72" type="unspecified" nite:id="IDIAP_TS3005a_A.foa.59"/>
    <foa endtime="147.64" starttime="145.0" type="place" place="table" nite:id="IDIAP_TS3005a_A.foa.60"/>
    <foa endtime="148.8" starttime="147.64" type="person" role="ID" nxt_agent="B" nite:id="IDIAP_TS3005a_A.foa.61"/>
    <foa endtime="149.36" starttime="148.8" type="place" place="table" nite:id="IDIAP_TS3005a_A.foa.62"/>
    <foa endtime="149.88" starttime="149.36" type="person" role="ME" nxt_agent="D" nite:id="IDIAP_TS3005a_A.foa.63"/>
    <foa endtime="152.72" starttime="149.88" type="place" place="slide-screen" nite:id="IDIAP_TS3005a_A.foa.64"/>
    <foa endtime="155.6" starttime="152.72" type="person" role="UI" nxt_agent="C" nite:id="IDIAP_TS3005a_A.foa.65"/>
    <foa endtime="156.16" starttime="155.6" type="place" place="whiteboard" nite:id="IDIAP_TS3005a_A.foa.66"/>
    <foa endtime="156.96" starttime="156.16" type="place" place="slide-screen" nite:id="IDIAP_TS3005a_A.foa.67"/>
    <foa endtime="159.4" starttime="156.96" type="person" role="UI" nxt_agent="C" nite:id="IDIAP_TS3005a_A.foa.68"/>
    <foa endtime="160.84" starttime="159.4" type="person" role="ID" nxt_agent="B" nite:id="IDIAP_TS3005a_A.foa.69"/>
    <foa endtime="162.92" starttime="160.84" type="person" role="ME" nxt_agent="D" nite:id="IDIAP_TS3005a_A.foa.70"/>
    <foa endtime="165.12" starttime="162.92" type="person" role="ID" nxt_agent="B" nite:id="IDIAP_TS3005a_A.foa.71"/>
    <foa endtime="165.6" starttime="165.12" type="person" role="ME" nxt_agent="D" nite:id="IDIAP_TS3005a_A.foa.72"/>
    <foa endtime="180.76" starttime="165.6" type="person" role="UI" nxt_agent="C" nite:id="IDIAP_TS3005a_A.foa.73"/>
    <foa endtime="193.0" starttime="180.76" type="person" role="ID" nxt_agent="B" nite:id="IDIAP_TS3005a_A.foa.74"/>
    <foa endtime="193.56" starttime="193.0" type="person" role="ME" nxt_agent="D" nite:id="IDIAP_TS3005a_A.foa.75"/>
    <foa endtime="193.88" starttime="193.56" type="person" role="ID" nxt_agent="B" nite:id="IDIAP_TS3005a_A.foa.76"/>
    <foa endtime="208.8" starttime="193.88" type="person" role="ME" nxt_agent="D" nite:id="IDIAP_TS3005a_A.foa.77"/>
    <foa endtime="213.56" starttime="208.8" type="person" role="UI" nxt_agent="C" nite:id="IDIAP_TS3005a_A.foa.78"/>
    <foa endtime="213.84" starttime="213.56" type="person" role="ME" nxt_agent="D" nite:id="IDIAP_TS3005a_A.foa.79"/>
    <foa endtime="214.44" starttime="213.84" type="person" role="UI" nxt_agent="C" nite:id="IDIAP_TS3005a_A.foa.80"/>
    <foa endtime="218.24" starttime="214.44" type="place" place="slide-screen" nite:id="IDIAP_TS3005a_A.foa.81"/>
    <foa endtime="219.44" starttime="218.24" type="place" place="table" nite:id="IDIAP_TS3005a_A.foa.82"/>
    <foa endtime="222.36" starttime="219.44" type="place" place="slide-screen" nite:id="IDIAP_TS3005a_A.foa.83"/>
    <foa endtime="222.8" starttime="222.36" type="person" role="ME" nxt_agent="D" nite:id="IDIAP_TS3005a_A.foa.84"/>
    <foa endtime="223.56" starttime="222.8" type="place" place="slide-screen" nite:id="IDIAP_TS3005a_A.foa.85"/>
    <foa endtime="224.4" starttime="223.56" type="person" role="ME" nxt_agent="D" nite:id="IDIAP_TS3005a_A.foa.86"/>
    <foa endtime="225.36" starttime="224.4" type="person" role="UI" nxt_agent="C" nite:id="IDIAP_TS3005a_A.foa.87"/>
    <foa endtime="227.28" starttime="225.36" type="place" place="slide-screen" nite:id="IDIAP_TS3005a_A.foa.88"/>
    <foa endtime="228.16" starttime="227.28" type="person" role="UI" nxt_agent="C" nite:id="IDIAP_TS3005a_A.foa.89"/>
    <foa endtime="228.96" starttime="228.16" type="place" place="slide-screen" nite:id="IDIAP_TS3005a_A.foa.90"/>
    <foa endtime="229.36" starttime="228.96" type="person" role="ME" nxt_agent="D" nite:id="IDIAP_TS3005a_A.foa.91"/>
    <foa endtime="231.72" starttime="229.36" type="person" role="UI" nxt_agent="C" nite:id="IDIAP_TS3005a_A.foa.92"/>
    <foa endtime="235.92" starttime="231.72" type="place" place="slide-screen" nite:id="IDIAP_TS3005a_A.foa.93"/>
    <foa endtime="237.0" starttime="235.92" type="person" role="UI" nxt_agent="C" nite:id="IDIAP_TS3005a_A.foa.94"/>
    <foa endtime="239.32" starttime="237.0" type="place" place="slide-screen" nite:id="IDIAP_TS3005a_A.foa.95"/>
    <foa endtime="240.0" starttime="239.32" type="person" role="UI" nxt_agent="C" nite:id="IDIAP_TS3005a_A.foa.96"/>
    <foa endtime="243.92" starttime="240.0" type="place" place="slide-screen" nite:id="IDIAP_TS3005a_A.foa.97"/>
    <foa endtime="244.68" starttime="243.92" type="person" role="UI" nxt_agent="C" nite:id="IDIAP_TS3005a_A.foa.98"/>
    <foa endtime="245.08" starttime="244.68" type="unspecified" nite:id="IDIAP_TS3005a_A.foa.99"/>
    <foa endtime="248.08" starttime="245.08" type="place" place="slide-screen" nite:id="IDIAP_TS3005a_A.foa.100"/>
    <foa endtime="249.84" starttime="248.08" type="person" role="UI" nxt_agent="C" nite:id="IDIAP_TS3005a_A.foa.101"/>
    <foa endtime="250.84" starttime="249.84" type="place" place="slide-screen" nite:id="IDIAP_TS3005a_A.foa.102"/>
    <foa endtime="251.96" starttime="250.84" type="person" role="UI" nxt_agent="C" nite:id="IDIAP_TS3005a_A.foa.103"/>
    <foa endtime="252.6" starttime="251.96" type="person" role="ME" nxt_agent="D" nite:id="IDIAP_TS3005a_A.foa.104"/>
    <foa endtime="257.0" starttime="252.6" type="place" place="slide-screen" nite:id="IDIAP_TS3005a_A.foa.105"/>
    <foa endtime="258.04" starttime="257.0" type="person" role="UI" nxt_agent="C" nite:id="IDIAP_TS3005a_A.foa.106"/>
    <foa endtime="259.6" starttime="258.04" type="place" place="slide-screen" nite:id="IDIAP_TS3005a_A.foa.107"/>
    <foa endtime="260.44" starttime="259.6" type="person" role="ME" nxt_agent="D" nite:id="IDIAP_TS3005a_A.foa.108"/>
    <foa endtime="263.96" starttime="260.44" type="person" role="UI" nxt_agent="C" nite:id="IDIAP_TS3005a_A.foa.109"/>
    <foa endtime="264.4" starttime="263.96" type="person" role="ME" nxt_agent="D" nite:id="IDIAP_TS3005a_A.foa.110"/>
    <foa endtime="269.96" starttime="264.4" type="place" place="slide-screen" nite:id="IDIAP_TS3005a_A.foa.111"/>
    <foa endtime="271.32" starttime="269.96" type="person" role="UI" nxt_agent="C" nite:id="IDIAP_TS3005a_A.foa.112"/>
    <foa endtime="274.24" starttime="271.32" type="place" place="slide-screen" nite:id="IDIAP_TS3005a_A.foa.113"/>
    <foa endtime="280.8" starttime="274.24" type="place" place="whiteboard" nite:id="IDIAP_TS3005a_A.foa.114"/>
    <foa endtime="281.64" starttime="280.8" type="unspecified" nite:id="IDIAP_TS3005a_A.foa.115"/>
    <foa endtime="282.44" starttime="281.64" type="place" place="slide-screen" nite:id="IDIAP_TS3005a_A.foa.116"/>
    <foa endtime="286.24" starttime="282.44" type="person" role="UI" nxt_agent="C" nite:id="IDIAP_TS3005a_A.foa.117"/>
    <foa endtime="287.4" starttime="286.24" type="place" place="slide-screen" nite:id="IDIAP_TS3005a_A.foa.118"/>
    <foa endtime="290.76" starttime="287.4" type="person" role="UI" nxt_agent="C" nite:id="IDIAP_TS3005a_A.foa.119"/>
    <foa endtime="296.64" starttime="290.76" type="place" place="slide-screen" nite:id="IDIAP_TS3005a_A.foa.120"/>
    <foa endtime="297.48" starttime="296.64" type="person" role="UI" nxt_agent="C" nite:id="IDIAP_TS3005a_A.foa.121"/>
    <foa endtime="303.08" starttime="297.48" type="place" place="slide-screen" nite:id="IDIAP_TS3005a_A.foa.122"/>
    <foa endtime="314.52" starttime="303.08" type="place" place="whiteboard" nite:id="IDIAP_TS3005a_A.foa.123"/>
    <foa endtime="315.8" starttime="314.52" type="person" role="UI" nxt_agent="C" nite:id="IDIAP_TS3005a_A.foa.124"/>
    <foa endtime="317.4" starttime="315.8" type="place" place="whiteboard" nite:id="IDIAP_TS3005a_A.foa.125"/>
    <foa endtime="318.32" starttime="317.4" type="person" role="UI" nxt_agent="C" nite:id="IDIAP_TS3005a_A.foa.126"/>
    <foa endtime="320.36" starttime="318.32" type="place" place="whiteboard" nite:id="IDIAP_TS3005a_A.foa.127"/>
    <foa endtime="321.24" starttime="320.36" type="person" role="UI" nxt_agent="C" nite:id="IDIAP_TS3005a_A.foa.128"/>
    <foa endtime="322.2" starttime="321.24" type="place" place="whiteboard" nite:id="IDIAP_TS3005a_A.foa.129"/>
    <foa endtime="322.68" starttime="322.2" type="person" role="UI" nxt_agent="C" nite:id="IDIAP_TS3005a_A.foa.130"/>
    <foa endtime="329.04" starttime="322.68" type="place" place="whiteboard" nite:id="IDIAP_TS3005a_A.foa.131"/>
    <foa endtime="329.44" starttime="329.04" type="person" role="UI" nxt_agent="C" nite:id="IDIAP_TS3005a_A.foa.132"/>
    <foa endtime="338.8" starttime="329.44" type="place" place="whiteboard" nite:id="IDIAP_TS3005a_A.foa.133"/>
    <foa endtime="339.92" starttime="338.8" type="person" role="UI" nxt_agent="C" nite:id="IDIAP_TS3005a_A.foa.134"/>
    <foa endtime="340.56" starttime="339.92" type="place" place="whiteboard" nite:id="IDIAP_TS3005a_A.foa.135"/>
    <foa endtime="341.56" starttime="340.56" type="person" role="UI" nxt_agent="C" nite:id="IDIAP_TS3005a_A.foa.136"/>
    <foa endtime="353.76" starttime="341.56" type="place" place="whiteboard" nite:id="IDIAP_TS3005a_A.foa.137"/>
    <foa endtime="355.08" starttime="353.76" type="person" role="UI" nxt_agent="C" nite:id="IDIAP_TS3005a_A.foa.138"/>
    <foa endtime="365.24" starttime="355.08" type="place" place="whiteboard" nite:id="IDIAP_TS3005a_A.foa.139"/>
    <foa endtime="365.6" starttime="365.24" type="place" place="table" nite:id="IDIAP_TS3005a_A.foa.140"/>
    <foa endtime="367.84" starttime="365.6" type="person" role="ID" nxt_agent="B" nite:id="IDIAP_TS3005a_A.foa.141"/>
    <foa endtime="369.32" starttime="367.84" type="person" role="UI" nxt_agent="C" nite:id="IDIAP_TS3005a_A.foa.142"/>
    <foa endtime="372.16" starttime="369.32" type="place" place="whiteboard" nite:id="IDIAP_TS3005a_A.foa.143"/>
    <foa endtime="373.16" starttime="372.16" type="person" role="UI" nxt_agent="C" nite:id="IDIAP_TS3005a_A.foa.144"/>
    <foa endtime="376.68" starttime="373.16" type="place" place="whiteboard" nite:id="IDIAP_TS3005a_A.foa.145"/>
    <foa endtime="377.04" starttime="376.68" type="person" role="ME" nxt_agent="D" nite:id="IDIAP_TS3005a_A.foa.146"/>
    <foa endtime="378.84" starttime="377.04" type="person" role="UI" nxt_agent="C" nite:id="IDIAP_TS3005a_A.foa.147"/>
    <foa endtime="379.76" starttime="378.84" type="place" place="whiteboard" nite:id="IDIAP_TS3005a_A.foa.148"/>
    <foa endtime="380.36" starttime="379.76" type="person" role="UI" nxt_agent="C" nite:id="IDIAP_TS3005a_A.foa.149"/>
    <foa endtime="382.72" starttime="380.36" type="place" place="whiteboard" nite:id="IDIAP_TS3005a_A.foa.150"/>
    <foa endtime="383.36" starttime="382.72" type="person" role="UI" nxt_agent="C" nite:id="IDIAP_TS3005a_A.foa.151"/>
    <foa endtime="397.76" starttime="383.36" type="place" place="whiteboard" nite:id="IDIAP_TS3005a_A.foa.152"/>
    <foa endtime="398.36" starttime="397.76" type="person" role="UI" nxt_agent="C" nite:id="IDIAP_TS3005a_A.foa.153"/>
    <foa endtime="398.8" starttime="398.36" type="place" place="whiteboard" nite:id="IDIAP_TS3005a_A.foa.154"/>
    <foa endtime="399.72" starttime="398.8" type="unspecified" nite:id="IDIAP_TS3005a_A.foa.155"/>
    <foa endtime="403.88" starttime="399.72" type="place" place="slide-screen" nite:id="IDIAP_TS3005a_A.foa.156"/>
    <foa endtime="405.08" starttime="403.88" type="person" role="UI" nxt_agent="C" nite:id="IDIAP_TS3005a_A.foa.157"/>
    <foa endtime="405.88" starttime="405.08" type="place" place="slide-screen" nite:id="IDIAP_TS3005a_A.foa.158"/>
    <foa endtime="408.32" starttime="405.88" type="person" role="UI" nxt_agent="C" nite:id="IDIAP_TS3005a_A.foa.159"/>
    <foa endtime="409.88" starttime="408.32" type="place" place="slide-screen" nite:id="IDIAP_TS3005a_A.foa.160"/>
    <foa endtime="410.44" starttime="409.88" type="person" role="ID" nxt_agent="B" nite:id="IDIAP_TS3005a_A.foa.161"/>
    <foa endtime="411.8" starttime="410.44" type="place" place="slide-screen" nite:id="IDIAP_TS3005a_A.foa.162"/>
    <foa endtime="412.64" starttime="411.8" type="person" role="ID" nxt_agent="B" nite:id="IDIAP_TS3005a_A.foa.163"/>
    <foa endtime="414.28" starttime="412.64" type="place" place="slide-screen" nite:id="IDIAP_TS3005a_A.foa.164"/>
    <foa endtime="415.4" starttime="414.28" type="person" role="ME" nxt_agent="D" nite:id="IDIAP_TS3005a_A.foa.165"/>
    <foa endtime="415.96" starttime="415.4" type="place" place="whiteboard" nite:id="IDIAP_TS3005a_A.foa.166"/>
    <foa endtime="416.84" starttime="415.96" type="person" role="UI" nxt_agent="C" nite:id="IDIAP_TS3005a_A.foa.167"/>
    <foa endtime="418.32" starttime="416.84" type="place" place="slide-screen" nite:id="IDIAP_TS3005a_A.foa.168"/>
    <foa endtime="419.68" starttime="418.32" type="person" role="ID" nxt_agent="B" nite:id="IDIAP_TS3005a_A.foa.169"/>
    <foa endtime="423.4" starttime="419.68" type="place" place="slide-screen" nite:id="IDIAP_TS3005a_A.foa.170"/>
    <foa endtime="424.44" starttime="423.4" type="person" role="UI" nxt_agent="C" nite:id="IDIAP_TS3005a_A.foa.171"/>
    <foa endtime="425.4" starttime="424.44" type="place" place="slide-screen" nite:id="IDIAP_TS3005a_A.foa.172"/>
    <foa endtime="426.04" starttime="425.4" type="place" place="whiteboard" nite:id="IDIAP_TS3005a_A.foa.173"/>
    <foa endtime="426.92" starttime="426.04" type="person" role="UI" nxt_agent="C" nite:id="IDIAP_TS3005a_A.foa.174"/>
    <foa endtime="427.6" starttime="426.92" type="person" role="ME" nxt_agent="D" nite:id="IDIAP_TS3005a_A.foa.175"/>
    <foa endtime="429.48" starttime="427.6" type="person" role="UI" nxt_agent="C" nite:id="IDIAP_TS3005a_A.foa.176"/>
    <foa endtime="459.08" starttime="429.48" type="place" place="whiteboard" nite:id="IDIAP_TS3005a_A.foa.177"/>
    <foa endtime="459.6" starttime="459.08" type="person" role="UI" nxt_agent="C" nite:id="IDIAP_TS3005a_A.foa.178"/>
    <foa endtime="469.84" starttime="459.6" type="place" place="whiteboard" nite:id="IDIAP_TS3005a_A.foa.179"/>
    <foa endtime="472.84" starttime="469.84" type="person" role="UI" nxt_agent="C" nite:id="IDIAP_TS3005a_A.foa.180"/>
    <foa endtime="480.72" starttime="472.84" type="place" place="whiteboard" nite:id="IDIAP_TS3005a_A.foa.181"/>
    <foa endtime="482.56" starttime="480.72" type="person" role="UI" nxt_agent="C" nite:id="IDIAP_TS3005a_A.foa.182"/>
    <foa endtime="483.2" starttime="482.56" type="person" role="ME" nxt_agent="D" nite:id="IDIAP_TS3005a_A.foa.183"/>
    <foa endtime="485.8" starttime="483.2" type="person" role="UI" nxt_agent="C" nite:id="IDIAP_TS3005a_A.foa.184"/>
    <foa endtime="486.44" starttime="485.8" type="place" place="whiteboard" nite:id="IDIAP_TS3005a_A.foa.185"/>
    <foa endtime="488.2" starttime="486.44" type="person" role="UI" nxt_agent="C" nite:id="IDIAP_TS3005a_A.foa.186"/>
    <foa endtime="492.32" starttime="488.2" type="place" place="whiteboard" nite:id="IDIAP_TS3005a_A.foa.187"/>
    <foa endtime="492.52" starttime="492.32" type="person" role="UI" nxt_agent="C" nite:id="IDIAP_TS3005a_A.foa.188"/>
    <foa endtime="495.88" starttime="492.52" type="person" role="ME" nxt_agent="D" nite:id="IDIAP_TS3005a_A.foa.189"/>
    <foa endtime="496.12" starttime="495.88" type="person" role="UI" nxt_agent="C" nite:id="IDIAP_TS3005a_A.foa.190"/>
    <foa endtime="500.6" starttime="496.12" type="place" place="whiteboard" nite:id="IDIAP_TS3005a_A.foa.191"/>
    <foa endtime="503.32" starttime="500.6" type="unspecified" nite:id="IDIAP_TS3005a_A.foa.192"/>
    <foa endtime="540.76" starttime="503.32" type="place" place="table" nite:id="IDIAP_TS3005a_A.foa.193"/>
    <foa endtime="543.44" starttime="540.76" type="place" place="whiteboard" nite:id="IDIAP_TS3005a_A.foa.194"/>
    <foa endtime="558.0" starttime="543.44" type="place" place="table" nite:id="IDIAP_TS3005a_A.foa.195"/>
    <foa endtime="569.8" starttime="558.0" type="place" place="whiteboard" nite:id="IDIAP_TS3005a_A.foa.196"/>
    <foa endtime="573.72" starttime="569.8" type="place" place="table" nite:id="IDIAP_TS3005a_A.foa.197"/>
    <foa endtime="588.12" starttime="573.72" type="place" place="whiteboard" nite:id="IDIAP_TS3005a_A.foa.198"/>
    <foa endtime="589.24" starttime="588.12" type="place" place="table" nite:id="IDIAP_TS3005a_A.foa.199"/>
    <foa endtime="590.4" starttime="589.24" type="place" place="whiteboard" nite:id="IDIAP_TS3005a_A.foa.200"/>
    <foa endtime="612.08" starttime="590.4" type="place" place="table" nite:id="IDIAP_TS3005a_A.foa.201"/>
    <foa endtime="613.6" starttime="612.08" type="place" place="whiteboard" nite:id="IDIAP_TS3005a_A.foa.202"/>
    <foa endtime="616.0" starttime="613.6" type="place" place="table" nite:id="IDIAP_TS3005a_A.foa.203"/>
    <foa endtime="619.68" starttime="616.0" type="place" place="whiteboard" nite:id="IDIAP_TS3005a_A.foa.204"/>
    <foa endtime="620.56" starttime="619.68" type="unspecified" nite:id="IDIAP_TS3005a_A.foa.205"/>
    <foa endtime="634.64" starttime="620.56" type="place" place="table" nite:id="IDIAP_TS3005a_A.foa.206"/>
    <foa endtime="641.16" starttime="634.64" type="place" place="whiteboard" nite:id="IDIAP_TS3005a_A.foa.207"/>
    <foa endtime="643.36" starttime="641.16" type="place" place="table" nite:id="IDIAP_TS3005a_A.foa.208"/>
    <foa endtime="671.16" starttime="643.36" type="place" place="whiteboard" nite:id="IDIAP_TS3005a_A.foa.209"/>
    <foa endtime="672.04" starttime="671.16" type="place" place="table" nite:id="IDIAP_TS3005a_A.foa.210"/>
    <foa endtime="676.36" starttime="672.04" type="place" place="whiteboard" nite:id="IDIAP_TS3005a_A.foa.211"/>
    <foa endtime="677.32" starttime="676.36" type="place" place="table" nite:id="IDIAP_TS3005a_A.foa.212"/>
    <foa endtime="685.64" starttime="677.32" type="place" place="whiteboard" nite:id="IDIAP_TS3005a_A.foa.213"/>
    <foa endtime="688.2" starttime="685.64" type="unspecified" nite:id="IDIAP_TS3005a_A.foa.214"/>
    <foa endtime="704.0" starttime="688.2" type="place" place="whiteboard" nite:id="IDIAP_TS3005a_A.foa.215"/>
    <foa endtime="706.2" starttime="704.0" type="place" place="table" nite:id="IDIAP_TS3005a_A.foa.216"/>
    <foa endtime="718.6" starttime="706.2" type="place" place="whiteboard" nite:id="IDIAP_TS3005a_A.foa.217"/>
    <foa endtime="719.6" starttime="718.6" type="place" place="table" nite:id="IDIAP_TS3005a_A.foa.218"/>
    <foa endtime="723.6" starttime="719.6" type="place" place="whiteboard" nite:id="IDIAP_TS3005a_A.foa.219"/>
    <foa endtime="725.72" starttime="723.6" type="place" place="table" nite:id="IDIAP_TS3005a_A.foa.220"/>
    <foa endtime="730.44" starttime="725.72" type="place" place="whiteboard" nite:id="IDIAP_TS3005a_A.foa.221"/>
    <foa endtime="736.56" starttime="730.44" type="unspecified" nite:id="IDIAP_TS3005a_A.foa.222"/>
    <foa endtime="759.44" starttime="736.56" type="place" place="whiteboard" nite:id="IDIAP_TS3005a_A.foa.223"/>
    <foa endtime="763.08" starttime="759.44" type="unspecified" nite:id="IDIAP_TS3005a_A.foa.224"/>
    <foa endtime="763.6" starttime="763.08" type="place" place="whiteboard" nite:id="IDIAP_TS3005a_A.foa.225"/>
    <foa endtime="764.56" starttime="763.6" type="unspecified" nite:id="IDIAP_TS3005a_A.foa.226"/>
    <foa endtime="767.32" starttime="764.56" type="place" place="slide-screen" nite:id="IDIAP_TS3005a_A.foa.227"/>
    <foa endtime="767.8" starttime="767.32" type="person" role="UI" nxt_agent="C" nite:id="IDIAP_TS3005a_A.foa.228"/>
    <foa endtime="772.08" starttime="767.8" type="place" place="slide-screen" nite:id="IDIAP_TS3005a_A.foa.229"/>
    <foa endtime="773.56" starttime="772.08" type="person" role="UI" nxt_agent="C" nite:id="IDIAP_TS3005a_A.foa.230"/>
    <foa endtime="776.36" starttime="773.56" type="place" place="slide-screen" nite:id="IDIAP_TS3005a_A.foa.231"/>
    <foa endtime="777.04" starttime="776.36" type="person" role="UI" nxt_agent="C" nite:id="IDIAP_TS3005a_A.foa.232"/>
    <foa endtime="779.2" starttime="777.04" type="place" place="slide-screen" nite:id="IDIAP_TS3005a_A.foa.233"/>
    <foa endtime="780.08" starttime="779.2" type="person" role="UI" nxt_agent="C" nite:id="IDIAP_TS3005a_A.foa.234"/>
    <foa endtime="781.64" starttime="780.08" type="place" place="slide-screen" nite:id="IDIAP_TS3005a_A.foa.235"/>
    <foa endtime="782.52" starttime="781.64" type="unspecified" nite:id="IDIAP_TS3005a_A.foa.236"/>
    <foa endtime="784.6" starttime="782.52" type="place" place="slide-screen" nite:id="IDIAP_TS3005a_A.foa.237"/>
    <foa endtime="787.64" starttime="784.6" type="person" role="UI" nxt_agent="C" nite:id="IDIAP_TS3005a_A.foa.238"/>
    <foa endtime="791.72" starttime="787.64" type="place" place="whiteboard" nite:id="IDIAP_TS3005a_A.foa.239"/>
    <foa endtime="792.84" starttime="791.72" type="person" role="UI" nxt_agent="C" nite:id="IDIAP_TS3005a_A.foa.240"/>
    <foa endtime="795.72" starttime="792.84" type="place" place="slide-screen" nite:id="IDIAP_TS3005a_A.foa.241"/>
    <foa endtime="797.16" starttime="795.72" type="person" role="UI" nxt_agent="C" nite:id="IDIAP_TS3005a_A.foa.242"/>
    <foa endtime="799.56" starttime="797.16" type="place" place="slide-screen" nite:id="IDIAP_TS3005a_A.foa.243"/>
    <foa endtime="800.24" starttime="799.56" type="person" role="UI" nxt_agent="C" nite:id="IDIAP_TS3005a_A.foa.244"/>
    <foa endtime="800.92" starttime="800.24" type="place" place="slide-screen" nite:id="IDIAP_TS3005a_A.foa.245"/>
    <foa endtime="801.68" starttime="800.92" type="person" role="UI" nxt_agent="C" nite:id="IDIAP_TS3005a_A.foa.246"/>
    <foa endtime="803.88" starttime="801.68" type="place" place="slide-screen" nite:id="IDIAP_TS3005a_A.foa.247"/>
    <foa endtime="805.44" starttime="803.88" type="person" role="UI" nxt_agent="C" nite:id="IDIAP_TS3005a_A.foa.248"/>
    <foa endtime="806.44" starttime="805.44" type="place" place="slide-screen" nite:id="IDIAP_TS3005a_A.foa.249"/>
    <foa endtime="810.72" starttime="806.44" type="unspecified" nite:id="IDIAP_TS3005a_A.foa.250"/>
    <foa endtime="816.04" starttime="810.72" type="person" role="UI" nxt_agent="C" nite:id="IDIAP_TS3005a_A.foa.251"/>
    <foa endtime="816.88" starttime="816.04" type="place" place="slide-screen" nite:id="IDIAP_TS3005a_A.foa.252"/>
    <foa endtime="822.56" starttime="816.88" type="unspecified" nite:id="IDIAP_TS3005a_A.foa.253"/>
    <foa endtime="822.88" starttime="822.56" type="person" role="UI" nxt_agent="C" nite:id="IDIAP_TS3005a_A.foa.254"/>
    <foa endtime="824.84" starttime="822.88" type="place" place="table" nite:id="IDIAP_TS3005a_A.foa.255"/>
    <foa endtime="827.0" starttime="824.84" type="person" role="ID" nxt_agent="B" nite:id="IDIAP_TS3005a_A.foa.256"/>
    <foa endtime="827.76" starttime="827.0" type="person" role="ME" nxt_agent="D" nite:id="IDIAP_TS3005a_A.foa.257"/>
    <foa endtime="828.6" starttime="827.76" type="place" place="table" nite:id="IDIAP_TS3005a_A.foa.258"/>
    <foa endtime="829.96" starttime="828.6" type="person" role="ID" nxt_agent="B" nite:id="IDIAP_TS3005a_A.foa.259"/>
    <foa endtime="830.6" starttime="829.96" type="person" role="UI" nxt_agent="C" nite:id="IDIAP_TS3005a_A.foa.260"/>
    <foa endtime="831.88" starttime="830.6" type="person" role="ID" nxt_agent="B" nite:id="IDIAP_TS3005a_A.foa.261"/>
    <foa endtime="832.44" starttime="831.88" type="person" role="ME" nxt_agent="D" nite:id="IDIAP_TS3005a_A.foa.262"/>
    <foa endtime="836.84" starttime="832.44" type="person" role="UI" nxt_agent="C" nite:id="IDIAP_TS3005a_A.foa.263"/>
    <foa endtime="837.52" starttime="836.84" type="person" role="ID" nxt_agent="B" nite:id="IDIAP_TS3005a_A.foa.264"/>
    <foa endtime="839.08" starttime="837.52" type="person" role="ME" nxt_agent="D" nite:id="IDIAP_TS3005a_A.foa.265"/>
    <foa endtime="839.44" starttime="839.08" type="person" role="UI" nxt_agent="C" nite:id="IDIAP_TS3005a_A.foa.266"/>
    <foa endtime="840.88" starttime="839.44" type="person" role="ME" nxt_agent="D" nite:id="IDIAP_TS3005a_A.foa.267"/>
    <foa endtime="841.96" starttime="840.88" type="person" role="UI" nxt_agent="C" nite:id="IDIAP_TS3005a_A.foa.268"/>
    <foa endtime="842.92" starttime="841.96" type="person" role="ME" nxt_agent="D" nite:id="IDIAP_TS3005a_A.foa.269"/>
    <foa endtime="843.72" starttime="842.92" type="person" role="UI" nxt_agent="C" nite:id="IDIAP_TS3005a_A.foa.270"/>
    <foa endtime="844.36" starttime="843.72" type="person" role="ME" nxt_agent="D" nite:id="IDIAP_TS3005a_A.foa.271"/>
    <foa endtime="854.48" starttime="844.36" type="person" role="ID" nxt_agent="B" nite:id="IDIAP_TS3005a_A.foa.272"/>
    <foa endtime="855.16" starttime="854.48" type="place" place="table" nite:id="IDIAP_TS3005a_A.foa.273"/>
    <foa endtime="858.28" starttime="855.16" type="person" role="UI" nxt_agent="C" nite:id="IDIAP_TS3005a_A.foa.274"/>
    <foa endtime="858.6" starttime="858.28" type="place" place="table" nite:id="IDIAP_TS3005a_A.foa.275"/>
    <foa endtime="859.52" starttime="858.6" type="person" role="UI" nxt_agent="C" nite:id="IDIAP_TS3005a_A.foa.276"/>
    <foa endtime="880.08" starttime="859.52" type="place" place="table" nite:id="IDIAP_TS3005a_A.foa.277"/>
    <foa endtime="881.04" starttime="880.08" type="person" role="ID" nxt_agent="B" nite:id="IDIAP_TS3005a_A.foa.278"/>
    <foa endtime="890.72" starttime="881.04" type="place" place="table" nite:id="IDIAP_TS3005a_A.foa.279"/>
    <foa endtime="892.0" starttime="890.72" type="person" role="ID" nxt_agent="B" nite:id="IDIAP_TS3005a_A.foa.280"/>
    <foa endtime="892.68" starttime="892.0" type="person" role="ME" nxt_agent="D" nite:id="IDIAP_TS3005a_A.foa.281"/>
    <foa endtime="893.48" starttime="892.68" type="person" role="ID" nxt_agent="B" nite:id="IDIAP_TS3005a_A.foa.282"/>
    <foa endtime="897.32" starttime="893.48" type="place" place="table" nite:id="IDIAP_TS3005a_A.foa.283"/>
    <foa endtime="898.08" starttime="897.32" type="person" role="ID" nxt_agent="B" nite:id="IDIAP_TS3005a_A.foa.284"/>
    <foa endtime="901.24" starttime="898.08" type="place" place="table" nite:id="IDIAP_TS3005a_A.foa.285"/>
    <foa endtime="902.92" starttime="901.24" type="person" role="ID" nxt_agent="B" nite:id="IDIAP_TS3005a_A.foa.286"/>
    <foa endtime="903.4" starttime="902.92" type="place" place="table" nite:id="IDIAP_TS3005a_A.foa.287"/>
    <foa endtime="903.64" starttime="903.4" type="person" role="ID" nxt_agent="B" nite:id="IDIAP_TS3005a_A.foa.288"/>
    <foa endtime="905.4" starttime="903.64" type="place" place="table" nite:id="IDIAP_TS3005a_A.foa.289"/>
    <foa endtime="916.68" starttime="905.4" type="person" role="ID" nxt_agent="B" nite:id="IDIAP_TS3005a_A.foa.290"/>
    <foa endtime="919.96" starttime="916.68" type="place" place="table" nite:id="IDIAP_TS3005a_A.foa.291"/>
    <foa endtime="920.96" starttime="919.96" type="person" role="ID" nxt_agent="B" nite:id="IDIAP_TS3005a_A.foa.292"/>
    <foa endtime="921.84" starttime="920.96" type="place" place="table" nite:id="IDIAP_TS3005a_A.foa.293"/>
    <foa endtime="923.44" starttime="921.84" type="person" role="ID" nxt_agent="B" nite:id="IDIAP_TS3005a_A.foa.294"/>
    <foa endtime="924.04" starttime="923.44" type="person" role="ME" nxt_agent="D" nite:id="IDIAP_TS3005a_A.foa.295"/>
    <foa endtime="926.52" starttime="924.04" type="person" role="ID" nxt_agent="B" nite:id="IDIAP_TS3005a_A.foa.296"/>
    <foa endtime="927.8" starttime="926.52" type="person" role="ME" nxt_agent="D" nite:id="IDIAP_TS3005a_A.foa.297"/>
    <foa endtime="931.12" starttime="927.8" type="person" role="ID" nxt_agent="B" nite:id="IDIAP_TS3005a_A.foa.298"/>
    <foa endtime="939.0" starttime="931.12" type="place" place="table" nite:id="IDIAP_TS3005a_A.foa.299"/>
    <foa endtime="940.44" starttime="939.0" type="person" role="UI" nxt_agent="C" nite:id="IDIAP_TS3005a_A.foa.300"/>
    <foa endtime="941.08" starttime="940.44" type="person" role="ID" nxt_agent="B" nite:id="IDIAP_TS3005a_A.foa.301"/>
    <foa endtime="943.12" starttime="941.08" type="person" role="UI" nxt_agent="C" nite:id="IDIAP_TS3005a_A.foa.302"/>
    <foa endtime="945.4" starttime="943.12" type="place" place="table" nite:id="IDIAP_TS3005a_A.foa.303"/>
    <foa endtime="946.76" starttime="945.4" type="person" role="UI" nxt_agent="C" nite:id="IDIAP_TS3005a_A.foa.304"/>
    <foa endtime="953.72" starttime="946.76" type="person" role="ID" nxt_agent="B" nite:id="IDIAP_TS3005a_A.foa.305"/>
    <foa endtime="965.88" starttime="953.72" type="place" place="table" nite:id="IDIAP_TS3005a_A.foa.306"/>
    <foa endtime="973.88" starttime="965.88" type="person" role="UI" nxt_agent="C" nite:id="IDIAP_TS3005a_A.foa.307"/>
    <foa endtime="974.44" starttime="973.88" type="person" role="ID" nxt_agent="B" nite:id="IDIAP_TS3005a_A.foa.308"/>
    <foa endtime="974.84" starttime="974.44" type="person" role="UI" nxt_agent="C" nite:id="IDIAP_TS3005a_A.foa.309"/>
    <foa endtime="975.6" starttime="974.84" type="person" role="ID" nxt_agent="B" nite:id="IDIAP_TS3005a_A.foa.310"/>
    <foa endtime="977.68" starttime="975.6" type="person" role="UI" nxt_agent="C" nite:id="IDIAP_TS3005a_A.foa.311"/>
    <foa endtime="979.52" starttime="977.68" type="place" place="table" nite:id="IDIAP_TS3005a_A.foa.312"/>
    <foa endtime="980.36" starttime="979.52" type="person" role="ME" nxt_agent="D" nite:id="IDIAP_TS3005a_A.foa.313"/>
    <foa endtime="981.36" starttime="980.36" type="person" role="UI" nxt_agent="C" nite:id="IDIAP_TS3005a_A.foa.314"/>
    <foa endtime="982.56" starttime="981.36" type="place" place="table" nite:id="IDIAP_TS3005a_A.foa.315"/>
    <foa endtime="983.72" starttime="982.56" type="person" role="UI" nxt_agent="C" nite:id="IDIAP_TS3005a_A.foa.316"/>
    <foa endtime="984.8" starttime="983.72" type="unspecified" nite:id="IDIAP_TS3005a_A.foa.317"/>
    <foa endtime="985.44" starttime="984.8" type="person" role="UI" nxt_agent="C" nite:id="IDIAP_TS3005a_A.foa.318"/>
    <foa endtime="990.68" starttime="985.44" type="person" role="ME" nxt_agent="D" nite:id="IDIAP_TS3005a_A.foa.319"/>
    <foa endtime="993.96" starttime="990.68" type="person" role="UI" nxt_agent="C" nite:id="IDIAP_TS3005a_A.foa.320"/>
    <foa endtime="996.6" starttime="993.96" type="person" role="ME" nxt_agent="D" nite:id="IDIAP_TS3005a_A.foa.321"/>
    <foa endtime="997.72" starttime="996.6" type="unspecified" nite:id="IDIAP_TS3005a_A.foa.322"/>
    <foa endtime="1006.44" starttime="997.72" type="person" role="ID" nxt_agent="B" nite:id="IDIAP_TS3005a_A.foa.323"/>
    <foa endtime="1019.6" starttime="1006.44" type="place" place="table" nite:id="IDIAP_TS3005a_A.foa.324"/>
    <foa endtime="1022.36" starttime="1019.6" type="person" role="ID" nxt_agent="B" nite:id="IDIAP_TS3005a_A.foa.325"/>
    <foa endtime="1023.92" starttime="1022.36" type="place" place="table" nite:id="IDIAP_TS3005a_A.foa.326"/>
    <foa endtime="1027.16" starttime="1023.92" type="person" role="ID" nxt_agent="B" nite:id="IDIAP_TS3005a_A.foa.327"/>
    <foa endtime="1030.2" starttime="1027.16" type="place" place="table" nite:id="IDIAP_TS3005a_A.foa.328"/>
    <foa endtime="1033.92" starttime="1030.2" type="person" role="UI" nxt_agent="C" nite:id="IDIAP_TS3005a_A.foa.329"/>
    <foa endtime="1034.44" starttime="1033.92" type="person" role="ME" nxt_agent="D" nite:id="IDIAP_TS3005a_A.foa.330"/>
    <foa endtime="1037.8" starttime="1034.44" type="person" role="UI" nxt_agent="C" nite:id="IDIAP_TS3005a_A.foa.331"/>
    <foa endtime="1043.12" starttime="1037.8" type="person" role="ID" nxt_agent="B" nite:id="IDIAP_TS3005a_A.foa.332"/>
    <foa endtime="1043.56" starttime="1043.12" type="place" place="table" nite:id="IDIAP_TS3005a_A.foa.333"/>
    <foa endtime="1047.28" starttime="1043.56" type="person" role="ID" nxt_agent="B" nite:id="IDIAP_TS3005a_A.foa.334"/>
    <foa endtime="1047.92" starttime="1047.28" type="person" role="ME" nxt_agent="D" nite:id="IDIAP_TS3005a_A.foa.335"/>
    <foa endtime="1056.56" starttime="1047.92" type="person" role="ID" nxt_agent="B" nite:id="IDIAP_TS3005a_A.foa.336"/>
    <foa endtime="1057.32" starttime="1056.56" type="place" place="table" nite:id="IDIAP_TS3005a_A.foa.337"/>
    <foa endtime="1059.72" starttime="1057.32" type="person" role="ID" nxt_agent="B" nite:id="IDIAP_TS3005a_A.foa.338"/>
    <foa endtime="1062.2" starttime="1059.72" type="person" role="ME" nxt_agent="D" nite:id="IDIAP_TS3005a_A.foa.339"/>
    <foa endtime="1063.16" starttime="1062.2" type="person" role="ID" nxt_agent="B" nite:id="IDIAP_TS3005a_A.foa.340"/>
    <foa endtime="1064.12" starttime="1063.16" type="person" role="UI" nxt_agent="C" nite:id="IDIAP_TS3005a_A.foa.341"/>
    <foa endtime="1069.04" starttime="1064.12" type="person" role="ID" nxt_agent="B" nite:id="IDIAP_TS3005a_A.foa.342"/>
    <foa endtime="1069.64" starttime="1069.04" type="place" place="table" nite:id="IDIAP_TS3005a_A.foa.343"/>
    <foa endtime="1070.48" starttime="1069.64" type="person" role="ID" nxt_agent="B" nite:id="IDIAP_TS3005a_A.foa.344"/>
    <foa endtime="1074.4" starttime="1070.48" type="person" role="ME" nxt_agent="D" nite:id="IDIAP_TS3005a_A.foa.345"/>
    <foa endtime="1075.44" starttime="1074.4" type="person" role="UI" nxt_agent="C" nite:id="IDIAP_TS3005a_A.foa.346"/>
    <foa endtime="1077.12" starttime="1075.44" type="person" role="ID" nxt_agent="B" nite:id="IDIAP_TS3005a_A.foa.347"/>
    <foa endtime="1078.56" starttime="1077.12" type="person" role="ME" nxt_agent="D" nite:id="IDIAP_TS3005a_A.foa.348"/>
    <foa endtime="1080.08" starttime="1078.56" type="person" role="ID" nxt_agent="B" nite:id="IDIAP_TS3005a_A.foa.349"/>
    <foa endtime="1086.16" starttime="1080.08" type="person" role="ME" nxt_agent="D" nite:id="IDIAP_TS3005a_A.foa.350"/>
    <foa endtime="1086.24" starttime="1086.16" type="person" role="UI" nxt_agent="C" nite:id="IDIAP_TS3005a_A.foa.351"/>
    <foa endtime="1087.32" starttime="1086.24" type="person" role="UI" nxt_agent="C" nite:id="IDIAP_TS3005a_A.foa.352"/>
    <foa endtime="1087.92" starttime="1087.32" type="person" role="ME" nxt_agent="D" nite:id="IDIAP_TS3005a_A.foa.353"/>
    <foa endtime="1090.72" starttime="1087.92" type="person" role="ID" nxt_agent="B" nite:id="IDIAP_TS3005a_A.foa.354"/>
    <foa endtime="1091.28" starttime="1090.72" type="place" place="table" nite:id="IDIAP_TS3005a_A.foa.355"/>
    <foa endtime="1092.52" starttime="1091.28" type="person" role="ID" nxt_agent="B" nite:id="IDIAP_TS3005a_A.foa.356"/>
    <foa endtime="1094.44" starttime="1092.52" type="place" place="table" nite:id="IDIAP_TS3005a_A.foa.357"/>
    <foa endtime="1097.32" starttime="1094.44" type="person" role="ID" nxt_agent="B" nite:id="IDIAP_TS3005a_A.foa.358"/>
    <foa endtime="1101.4" starttime="1097.32" type="place" place="table" nite:id="IDIAP_TS3005a_A.foa.359"/>
    <foa endtime="1102.84" starttime="1101.4" type="person" role="ID" nxt_agent="B" nite:id="IDIAP_TS3005a_A.foa.360"/>
    <foa endtime="1119.84" starttime="1102.84" type="place" place="table" nite:id="IDIAP_TS3005a_A.foa.361"/>
    <foa endtime="1120.4" starttime="1119.84" type="person" role="ID" nxt_agent="B" nite:id="IDIAP_TS3005a_A.foa.362"/>
    <foa endtime="1121.56" starttime="1120.4" type="place" place="table" nite:id="IDIAP_TS3005a_A.foa.363"/>
    <foa endtime="1122.32" starttime="1121.56" type="person" role="UI" nxt_agent="C" nite:id="IDIAP_TS3005a_A.foa.364"/>
    <foa endtime="1123.12" starttime="1122.32" type="person" role="ME" nxt_agent="D" nite:id="IDIAP_TS3005a_A.foa.365"/>
    <foa endtime="1126.48" starttime="1123.12" type="person" role="UI" nxt_agent="C" nite:id="IDIAP_TS3005a_A.foa.366"/>
    <foa endtime="1128.2" starttime="1126.48" type="person" role="ID" nxt_agent="B" nite:id="IDIAP_TS3005a_A.foa.367"/>
    <foa endtime="1132.12" starttime="1128.2" type="place" place="table" nite:id="IDIAP_TS3005a_A.foa.368"/>
    <foa endtime="1136.24" starttime="1132.12" type="unspecified" nite:id="IDIAP_TS3005a_A.foa.369"/>
    <foa endtime="1138.04" starttime="1136.24" type="place" place="slide-screen" nite:id="IDIAP_TS3005a_A.foa.370"/>
    <foa endtime="1139.2" starttime="1138.04" type="person" role="UI" nxt_agent="C" nite:id="IDIAP_TS3005a_A.foa.371"/>
    <foa endtime="1140.6" starttime="1139.2" type="place" place="slide-screen" nite:id="IDIAP_TS3005a_A.foa.372"/>
    <foa endtime="1141.68" starttime="1140.6" type="person" role="UI" nxt_agent="C" nite:id="IDIAP_TS3005a_A.foa.373"/>
    <foa endtime="1142.36" starttime="1141.68" type="unspecified" nite:id="IDIAP_TS3005a_A.foa.374"/>
    <foa endtime="1142.76" starttime="1142.36" type="person" role="ME" nxt_agent="D" nite:id="IDIAP_TS3005a_A.foa.375"/>
    <foa endtime="1145.84" starttime="1142.76" type="place" place="slide-screen" nite:id="IDIAP_TS3005a_A.foa.376"/>
    <foa endtime="1146.76" starttime="1145.84" type="person" role="UI" nxt_agent="C" nite:id="IDIAP_TS3005a_A.foa.377"/>
    <foa endtime="1146.8" starttime="1146.76" type="unspecified" nite:id="IDIAP_TS3005a_A.foa.378"/>
    <foa endtime="1152.84" starttime="1146.8" type="place" place="slide-screen" nite:id="IDIAP_TS3005a_A.foa.379"/>
    <foa endtime="1154.44" starttime="1152.84" type="person" role="UI" nxt_agent="C" nite:id="IDIAP_TS3005a_A.foa.380"/>
    <foa endtime="1155.92" starttime="1154.44" type="place" place="slide-screen" nite:id="IDIAP_TS3005a_A.foa.381"/>
    <foa endtime="1157.8" starttime="1155.92" type="person" role="UI" nxt_agent="C" nite:id="IDIAP_TS3005a_A.foa.382"/>
    <foa endtime="1160.88" starttime="1157.8" type="unspecified" nite:id="IDIAP_TS3005a_A.foa.383"/>
    <foa endtime="1167.48" starttime="1160.88" type="place" place="table" nite:id="IDIAP_TS3005a_A.foa.384"/>
    <foa endtime="1169.36" starttime="1167.48" type="unspecified" nite:id="IDIAP_TS3005a_A.foa.385"/>
    <foa endtime="1173.44" starttime="1169.36" type="place" place="slide-screen" nite:id="IDIAP_TS3005a_A.foa.386"/>
    <foa endtime="1174.12" starttime="1173.44" type="person" role="UI" nxt_agent="C" nite:id="IDIAP_TS3005a_A.foa.387"/>
    <foa endtime="1178.48" starttime="1174.12" type="place" place="slide-screen" nite:id="IDIAP_TS3005a_A.foa.388"/>
    <foa endtime="1182.52" starttime="1178.48" type="person" role="UI" nxt_agent="C" nite:id="IDIAP_TS3005a_A.foa.389"/>
    <foa endtime="1184.56" starttime="1182.52" type="place" place="slide-screen" nite:id="IDIAP_TS3005a_A.foa.390"/>
    <foa endtime="1185.56" starttime="1184.56" type="person" role="UI" nxt_agent="C" nite:id="IDIAP_TS3005a_A.foa.391"/>
    <foa endtime="1187.24" starttime="1185.56" type="place" place="slide-screen" nite:id="IDIAP_TS3005a_A.foa.392"/>
    <foa endtime="1188.44" starttime="1187.24" type="person" role="UI" nxt_agent="C" nite:id="IDIAP_TS3005a_A.foa.393"/>
    <foa endtime="1191.56" starttime="1188.44" type="place" place="whiteboard" nite:id="IDIAP_TS3005a_A.foa.394"/>
    <foa endtime="1192.64" starttime="1191.56" type="person" role="UI" nxt_agent="C" nite:id="IDIAP_TS3005a_A.foa.395"/>
    <foa endtime="1194.28" starttime="1192.64" type="place" place="whiteboard" nite:id="IDIAP_TS3005a_A.foa.396"/>
    <foa endtime="1196.12" starttime="1194.28" type="person" role="UI" nxt_agent="C" nite:id="IDIAP_TS3005a_A.foa.397"/>
    <foa endtime="1198.68" starttime="1196.12" type="place" place="whiteboard" nite:id="IDIAP_TS3005a_A.foa.398"/>
    <foa endtime="1202.2" starttime="1198.68" type="person" role="UI" nxt_agent="C" nite:id="IDIAP_TS3005a_A.foa.399"/>
    <foa endtime="1203.76" starttime="1202.2" type="place" place="slide-screen" nite:id="IDIAP_TS3005a_A.foa.400"/>
    <foa endtime="1205.24" starttime="1203.76" type="person" role="UI" nxt_agent="C" nite:id="IDIAP_TS3005a_A.foa.401"/>
    <foa endtime="1206.4" starttime="1205.24" type="place" place="slide-screen" nite:id="IDIAP_TS3005a_A.foa.402"/>
    <foa endtime="1213.32" starttime="1206.4" type="person" role="UI" nxt_agent="C" nite:id="IDIAP_TS3005a_A.foa.403"/>
    <foa endtime="1215.2" starttime="1213.32" type="place" place="slide-screen" nite:id="IDIAP_TS3005a_A.foa.404"/>
    <foa endtime="1217.36" starttime="1215.2" type="person" role="UI" nxt_agent="C" nite:id="IDIAP_TS3005a_A.foa.405"/>
    <foa endtime="1217.36" starttime="1217.36" type="unspecified" nite:id="IDIAP_TS3005a_A.foa.406"/>
    <foa endtime="1218.24" starttime="1217.36" type="place" place="slide-screen" nite:id="IDIAP_TS3005a_A.foa.407"/>
    <foa endtime="1223.48" starttime="1218.24" type="person" role="ID" nxt_agent="B" nite:id="IDIAP_TS3005a_A.foa.408"/>
    <foa endtime="1225.12" starttime="1223.48" type="person" role="ME" nxt_agent="D" nite:id="IDIAP_TS3005a_A.foa.409"/>
    <foa endtime="1228.6" starttime="1225.12" type="place" place="slide-screen" nite:id="IDIAP_TS3005a_A.foa.410"/>
    <foa endtime="1229.92" starttime="1228.6" type="person" role="ID" nxt_agent="B" nite:id="IDIAP_TS3005a_A.foa.411"/>
    <foa endtime="1233.56" starttime="1229.92" type="person" role="ME" nxt_agent="D" nite:id="IDIAP_TS3005a_A.foa.412"/>
    <foa endtime="1251.0" starttime="1233.56" type="place" place="table" nite:id="IDIAP_TS3005a_A.foa.413"/>
    <foa endtime="1255.44" starttime="1251.0" type="place" place="slide-screen" nite:id="IDIAP_TS3005a_A.foa.414"/>
    <foa endtime="1256.0" starttime="1255.44" type="person" role="UI" nxt_agent="C" nite:id="IDIAP_TS3005a_A.foa.415"/>
    <foa endtime="1261.44" starttime="1256.0" type="unspecified" nite:id="IDIAP_TS3005a_A.foa.416"/>
    <foa endtime="1283.12" starttime="1261.44" type="place" place="table" nite:id="IDIAP_TS3005a_A.foa.417"/>
    <foa endtime="1285.68" starttime="1283.12" type="unspecified" nite:id="IDIAP_TS3005a_A.foa.418"/>
    <foa endtime="1293.52" starttime="1285.68" type="place" place="whiteboard" nite:id="IDIAP_TS3005a_A.foa.419"/>
    <foa endtime="1318.849" starttime="1293.52" type="unspecified" nite:id="IDIAP_TS3005a_A.foa.420"/>
</nite:root>
