<?xml version="1.0" encoding="UTF-8"?>
<nite:root xmlns:nite="http://nite.sourceforge.net/" nite:id="IDIAP_TS3005a_D.nite:root.1">
    <foa endtime="7.84" starttime="0.0" type="unspecified" nite:id="IDIAP_TS3005a_D.foa.1"/>
    <foa endtime="8.2" starttime="7.84" type="person" role="ID" nxt_agent="B" nite:id="IDIAP_TS3005a_D.foa.2"/>
    <foa endtime="11.24" starttime="8.2" type="place" place="table" nite:id="IDIAP_TS3005a_D.foa.3"/>
    <foa endtime="14.24" starttime="11.24" type="person" role="ID" nxt_agent="B" nite:id="IDIAP_TS3005a_D.foa.4"/>
    <foa endtime="17.24" starttime="14.24" type="place" place="table" nite:id="IDIAP_TS3005a_D.foa.5"/>
    <foa endtime="17.48" starttime="17.24" type="place" place="slide-screen" nite:id="IDIAP_TS3005a_D.foa.6"/>
    <foa endtime="18.04" starttime="17.48" type="person" role="ID" nxt_agent="B" nite:id="IDIAP_TS3005a_D.foa.7"/>
    <foa endtime="23.12" starttime="18.04" type="place" place="table" nite:id="IDIAP_TS3005a_D.foa.8"/>
    <foa endtime="24.88" starttime="23.12" type="person" role="ID" nxt_agent="B" nite:id="IDIAP_TS3005a_D.foa.9"/>
    <foa endtime="26.44" starttime="24.88" type="person" role="PM" nxt_agent="A" nite:id="IDIAP_TS3005a_D.foa.10"/>
    <foa endtime="43.76" starttime="26.44" type="person" role="ID" nxt_agent="B" nite:id="IDIAP_TS3005a_D.foa.11"/>
    <foa endtime="50.36" starttime="43.76" type="place" place="table" nite:id="IDIAP_TS3005a_D.foa.12"/>
    <foa endtime="51.92" starttime="50.36" type="person" role="PM" nxt_agent="A" nite:id="IDIAP_TS3005a_D.foa.13"/>
    <foa endtime="53.76" starttime="51.92" type="place" place="table" nite:id="IDIAP_TS3005a_D.foa.14"/>
    <foa endtime="55.2" starttime="53.76" type="person" role="ID" nxt_agent="B" nite:id="IDIAP_TS3005a_D.foa.15"/>
    <foa endtime="63.92" starttime="55.2" type="place" place="table" nite:id="IDIAP_TS3005a_D.foa.16"/>
    <foa endtime="64.48" starttime="63.92" type="unspecified" nite:id="IDIAP_TS3005a_D.foa.17"/>
    <foa endtime="70.6" starttime="64.48" type="place" place="table" nite:id="IDIAP_TS3005a_D.foa.18"/>
    <foa endtime="71.96" starttime="70.6" type="person" role="PM" nxt_agent="A" nite:id="IDIAP_TS3005a_D.foa.19"/>
    <foa endtime="73.68" starttime="71.96" type="person" role="ID" nxt_agent="B" nite:id="IDIAP_TS3005a_D.foa.20"/>
    <foa endtime="74.92" starttime="73.68" type="person" role="UI" nxt_agent="C" nite:id="IDIAP_TS3005a_D.foa.21"/>
    <foa endtime="89.68" starttime="74.92" type="place" place="slide-screen" nite:id="IDIAP_TS3005a_D.foa.22"/>
    <foa endtime="91.2" starttime="89.68" type="place" place="table" nite:id="IDIAP_TS3005a_D.foa.23"/>
    <foa endtime="98.08" starttime="91.2" type="place" place="slide-screen" nite:id="IDIAP_TS3005a_D.foa.24"/>
    <foa endtime="103.4" starttime="98.08" type="person" role="UI" nxt_agent="C" nite:id="IDIAP_TS3005a_D.foa.25"/>
    <foa endtime="106.96" starttime="103.4" type="place" place="slide-screen" nite:id="IDIAP_TS3005a_D.foa.26"/>
    <foa endtime="107.52" starttime="106.96" type="place" place="whiteboard" nite:id="IDIAP_TS3005a_D.foa.27"/>
    <foa endtime="108.48" starttime="107.52" type="person" role="UI" nxt_agent="C" nite:id="IDIAP_TS3005a_D.foa.28"/>
    <foa endtime="128.56" starttime="108.48" type="place" place="slide-screen" nite:id="IDIAP_TS3005a_D.foa.29"/>
    <foa endtime="129.88" starttime="128.56" type="person" role="UI" nxt_agent="C" nite:id="IDIAP_TS3005a_D.foa.30"/>
    <foa endtime="133.28" starttime="129.88" type="place" place="slide-screen" nite:id="IDIAP_TS3005a_D.foa.31"/>
    <foa endtime="144.28" starttime="133.28" type="place" place="table" nite:id="IDIAP_TS3005a_D.foa.32"/>
    <foa endtime="145.24" starttime="144.28" type="place" place="slide-screen" nite:id="IDIAP_TS3005a_D.foa.33"/>
    <foa endtime="151.12" starttime="145.24" type="place" place="table" nite:id="IDIAP_TS3005a_D.foa.34"/>
    <foa endtime="152.6" starttime="151.12" type="place" place="slide-screen" nite:id="IDIAP_TS3005a_D.foa.35"/>
    <foa endtime="155.76" starttime="152.6" type="person" role="UI" nxt_agent="C" nite:id="IDIAP_TS3005a_D.foa.36"/>
    <foa endtime="160.92" starttime="155.76" type="place" place="slide-screen" nite:id="IDIAP_TS3005a_D.foa.37"/>
    <foa endtime="165.48" starttime="160.92" type="person" role="UI" nxt_agent="C" nite:id="IDIAP_TS3005a_D.foa.38"/>
    <foa endtime="172.76" starttime="165.48" type="place" place="slide-screen" nite:id="IDIAP_TS3005a_D.foa.39"/>
    <foa endtime="193.28" starttime="172.76" type="person" role="UI" nxt_agent="C" nite:id="IDIAP_TS3005a_D.foa.40"/>
    <foa endtime="194.28" starttime="193.28" type="place" place="slide-screen" nite:id="IDIAP_TS3005a_D.foa.41"/>
    <foa endtime="199.76" starttime="194.28" type="person" role="UI" nxt_agent="C" nite:id="IDIAP_TS3005a_D.foa.42"/>
    <foa endtime="202.2" starttime="199.76" type="place" place="slide-screen" nite:id="IDIAP_TS3005a_D.foa.43"/>
    <foa endtime="207.48" starttime="202.2" type="person" role="UI" nxt_agent="C" nite:id="IDIAP_TS3005a_D.foa.44"/>
    <foa endtime="211.2" starttime="207.48" type="place" place="slide-screen" nite:id="IDIAP_TS3005a_D.foa.45"/>
    <foa endtime="216.28" starttime="211.2" type="person" role="UI" nxt_agent="C" nite:id="IDIAP_TS3005a_D.foa.46"/>
    <foa endtime="224.8" starttime="216.28" type="place" place="slide-screen" nite:id="IDIAP_TS3005a_D.foa.47"/>
    <foa endtime="225.32" starttime="224.8" type="person" role="UI" nxt_agent="C" nite:id="IDIAP_TS3005a_D.foa.48"/>
    <foa endtime="246.32" starttime="225.32" type="place" place="table" nite:id="IDIAP_TS3005a_D.foa.49"/>
    <foa endtime="249.92" starttime="246.32" type="place" place="slide-screen" nite:id="IDIAP_TS3005a_D.foa.50"/>
    <foa endtime="251.0" starttime="249.92" type="person" role="UI" nxt_agent="C" nite:id="IDIAP_TS3005a_D.foa.51"/>
    <foa endtime="252.88" starttime="251.0" type="place" place="slide-screen" nite:id="IDIAP_TS3005a_D.foa.52"/>
    <foa endtime="254.92" starttime="252.88" type="person" role="UI" nxt_agent="C" nite:id="IDIAP_TS3005a_D.foa.53"/>
    <foa endtime="255.8" starttime="254.92" type="place" place="slide-screen" nite:id="IDIAP_TS3005a_D.foa.54"/>
    <foa endtime="273.96" starttime="255.8" type="place" place="table" nite:id="IDIAP_TS3005a_D.foa.55"/>
    <foa endtime="287.08" starttime="273.96" type="place" place="whiteboard" nite:id="IDIAP_TS3005a_D.foa.56"/>
    <foa endtime="303.48" starttime="287.08" type="place" place="slide-screen" nite:id="IDIAP_TS3005a_D.foa.57"/>
    <foa endtime="316.68" starttime="303.48" type="place" place="whiteboard" nite:id="IDIAP_TS3005a_D.foa.58"/>
    <foa endtime="321.24" starttime="316.68" type="place" place="table" nite:id="IDIAP_TS3005a_D.foa.59"/>
    <foa endtime="364.28" starttime="321.24" type="place" place="whiteboard" nite:id="IDIAP_TS3005a_D.foa.60"/>
    <foa endtime="365.88" starttime="364.28" type="place" place="table" nite:id="IDIAP_TS3005a_D.foa.61"/>
    <foa endtime="399.16" starttime="365.88" type="place" place="whiteboard" nite:id="IDIAP_TS3005a_D.foa.62"/>
    <foa endtime="416.56" starttime="399.16" type="place" place="slide-screen" nite:id="IDIAP_TS3005a_D.foa.63"/>
    <foa endtime="419.28" starttime="416.56" type="place" place="whiteboard" nite:id="IDIAP_TS3005a_D.foa.64"/>
    <foa endtime="424.52" starttime="419.28" type="place" place="slide-screen" nite:id="IDIAP_TS3005a_D.foa.65"/>
    <foa endtime="439.04" starttime="424.52" type="place" place="whiteboard" nite:id="IDIAP_TS3005a_D.foa.66"/>
    <foa endtime="441.08" starttime="439.04" type="person" role="UI" nxt_agent="C" nite:id="IDIAP_TS3005a_D.foa.67"/>
    <foa endtime="561.4" starttime="441.08" type="place" place="whiteboard" nite:id="IDIAP_TS3005a_D.foa.68"/>
    <foa endtime="566.68" starttime="561.4" type="person" role="UI" nxt_agent="C" nite:id="IDIAP_TS3005a_D.foa.69"/>
    <foa endtime="567.36" starttime="566.68" type="place" place="whiteboard" nite:id="IDIAP_TS3005a_D.foa.70"/>
    <foa endtime="570.72" starttime="567.36" type="place" place="slide-screen" nite:id="IDIAP_TS3005a_D.foa.71"/>
    <foa endtime="572.84" starttime="570.72" type="place" place="whiteboard" nite:id="IDIAP_TS3005a_D.foa.72"/>
    <foa endtime="575.2" starttime="572.84" type="person" role="UI" nxt_agent="C" nite:id="IDIAP_TS3005a_D.foa.73"/>
    <foa endtime="576.64" starttime="575.2" type="place" place="whiteboard" nite:id="IDIAP_TS3005a_D.foa.74"/>
    <foa endtime="577.36" starttime="576.64" type="person" role="UI" nxt_agent="C" nite:id="IDIAP_TS3005a_D.foa.75"/>
    <foa endtime="578.92" starttime="577.36" type="person" role="PM" nxt_agent="A" nite:id="IDIAP_TS3005a_D.foa.76"/>
    <foa endtime="581.52" starttime="578.92" type="place" place="whiteboard" nite:id="IDIAP_TS3005a_D.foa.77"/>
    <foa endtime="583.88" starttime="581.52" type="person" role="UI" nxt_agent="C" nite:id="IDIAP_TS3005a_D.foa.78"/>
    <foa endtime="585.48" starttime="583.88" type="person" role="PM" nxt_agent="A" nite:id="IDIAP_TS3005a_D.foa.79"/>
    <foa endtime="596.6" starttime="585.48" type="place" place="whiteboard" nite:id="IDIAP_TS3005a_D.foa.80"/>
    <foa endtime="599.04" starttime="596.6" type="person" role="UI" nxt_agent="C" nite:id="IDIAP_TS3005a_D.foa.81"/>
    <foa endtime="603.44" starttime="599.04" type="place" place="whiteboard" nite:id="IDIAP_TS3005a_D.foa.82"/>
    <foa endtime="604.48" starttime="603.44" type="unspecified" nite:id="IDIAP_TS3005a_D.foa.83"/>
    <foa endtime="606.4" starttime="604.48" type="place" place="table" nite:id="IDIAP_TS3005a_D.foa.84"/>
    <foa endtime="607.96" starttime="606.4" type="place" place="whiteboard" nite:id="IDIAP_TS3005a_D.foa.85"/>
    <foa endtime="612.6" starttime="607.96" type="place" place="table" nite:id="IDIAP_TS3005a_D.foa.86"/>
    <foa endtime="616.12" starttime="612.6" type="place" place="whiteboard" nite:id="IDIAP_TS3005a_D.foa.87"/>
    <foa endtime="617.4" starttime="616.12" type="unspecified" nite:id="IDIAP_TS3005a_D.foa.88"/>
    <foa endtime="622.6" starttime="617.4" type="place" place="whiteboard" nite:id="IDIAP_TS3005a_D.foa.89"/>
    <foa endtime="624.24" starttime="622.6" type="unspecified" nite:id="IDIAP_TS3005a_D.foa.90"/>
    <foa endtime="625.88" starttime="624.24" type="place" place="whiteboard" nite:id="IDIAP_TS3005a_D.foa.91"/>
    <foa endtime="626.52" starttime="625.88" type="person" role="ID" nxt_agent="B" nite:id="IDIAP_TS3005a_D.foa.92"/>
    <foa endtime="634.56" starttime="626.52" type="place" place="whiteboard" nite:id="IDIAP_TS3005a_D.foa.93"/>
    <foa endtime="635.36" starttime="634.56" type="person" role="PM" nxt_agent="A" nite:id="IDIAP_TS3005a_D.foa.94"/>
    <foa endtime="635.84" starttime="635.36" type="person" role="ID" nxt_agent="B" nite:id="IDIAP_TS3005a_D.foa.95"/>
    <foa endtime="650.8" starttime="635.84" type="place" place="whiteboard" nite:id="IDIAP_TS3005a_D.foa.96"/>
    <foa endtime="652.84" starttime="650.8" type="unspecified" nite:id="IDIAP_TS3005a_D.foa.97"/>
    <foa endtime="667.08" starttime="652.84" type="place" place="whiteboard" nite:id="IDIAP_TS3005a_D.foa.98"/>
    <foa endtime="667.48" starttime="667.08" type="place" place="table" nite:id="IDIAP_TS3005a_D.foa.99"/>
    <foa endtime="668.28" starttime="667.48" type="place" place="whiteboard" nite:id="IDIAP_TS3005a_D.foa.100"/>
    <foa endtime="668.92" starttime="668.28" type="place" place="table" nite:id="IDIAP_TS3005a_D.foa.101"/>
    <foa endtime="682.24" starttime="668.92" type="place" place="whiteboard" nite:id="IDIAP_TS3005a_D.foa.102"/>
    <foa endtime="683.48" starttime="682.24" type="unspecified" nite:id="IDIAP_TS3005a_D.foa.103"/>
    <foa endtime="685.8" starttime="683.48" type="place" place="whiteboard" nite:id="IDIAP_TS3005a_D.foa.104"/>
    <foa endtime="687.4" starttime="685.8" type="unspecified" nite:id="IDIAP_TS3005a_D.foa.105"/>
    <foa endtime="760.28" starttime="687.4" type="place" place="whiteboard" nite:id="IDIAP_TS3005a_D.foa.106"/>
    <foa endtime="764.52" starttime="760.28" type="place" place="table" nite:id="IDIAP_TS3005a_D.foa.107"/>
    <foa endtime="783.08" starttime="764.52" type="place" place="slide-screen" nite:id="IDIAP_TS3005a_D.foa.108"/>
    <foa endtime="784.48" starttime="783.08" type="place" place="table" nite:id="IDIAP_TS3005a_D.foa.109"/>
    <foa endtime="817.88" starttime="784.48" type="place" place="slide-screen" nite:id="IDIAP_TS3005a_D.foa.110"/>
    <foa endtime="819.84" starttime="817.88" type="unspecified" nite:id="IDIAP_TS3005a_D.foa.111"/>
    <foa endtime="820.16" starttime="819.84" type="person" role="UI" nxt_agent="C" nite:id="IDIAP_TS3005a_D.foa.112"/>
    <foa endtime="820.84" starttime="820.16" type="person" role="ID" nxt_agent="B" nite:id="IDIAP_TS3005a_D.foa.113"/>
    <foa endtime="824.4" starttime="820.84" type="person" role="UI" nxt_agent="C" nite:id="IDIAP_TS3005a_D.foa.114"/>
    <foa endtime="832.68" starttime="824.4" type="person" role="ID" nxt_agent="B" nite:id="IDIAP_TS3005a_D.foa.115"/>
    <foa endtime="837.44" starttime="832.68" type="person" role="UI" nxt_agent="C" nite:id="IDIAP_TS3005a_D.foa.116"/>
    <foa endtime="844.32" starttime="837.44" type="person" role="PM" nxt_agent="A" nite:id="IDIAP_TS3005a_D.foa.117"/>
    <foa endtime="845.8" starttime="844.32" type="person" role="ID" nxt_agent="B" nite:id="IDIAP_TS3005a_D.foa.118"/>
    <foa endtime="846.68" starttime="845.8" type="person" role="PM" nxt_agent="A" nite:id="IDIAP_TS3005a_D.foa.119"/>
    <foa endtime="851.48" starttime="846.68" type="person" role="ID" nxt_agent="B" nite:id="IDIAP_TS3005a_D.foa.120"/>
    <foa endtime="852.0" starttime="851.48" type="person" role="PM" nxt_agent="A" nite:id="IDIAP_TS3005a_D.foa.121"/>
    <foa endtime="855.4" starttime="852.0" type="person" role="ID" nxt_agent="B" nite:id="IDIAP_TS3005a_D.foa.122"/>
    <foa endtime="877.56" starttime="855.4" type="person" role="UI" nxt_agent="C" nite:id="IDIAP_TS3005a_D.foa.123"/>
    <foa endtime="908.96" starttime="877.56" type="person" role="ID" nxt_agent="B" nite:id="IDIAP_TS3005a_D.foa.124"/>
    <foa endtime="911.16" starttime="908.96" type="person" role="UI" nxt_agent="C" nite:id="IDIAP_TS3005a_D.foa.125"/>
    <foa endtime="928.16" starttime="911.16" type="person" role="ID" nxt_agent="B" nite:id="IDIAP_TS3005a_D.foa.126"/>
    <foa endtime="934.0" starttime="928.16" type="person" role="PM" nxt_agent="A" nite:id="IDIAP_TS3005a_D.foa.127"/>
    <foa endtime="946.2" starttime="934.0" type="person" role="UI" nxt_agent="C" nite:id="IDIAP_TS3005a_D.foa.128"/>
    <foa endtime="954.28" starttime="946.2" type="person" role="PM" nxt_agent="A" nite:id="IDIAP_TS3005a_D.foa.129"/>
    <foa endtime="959.0" starttime="954.28" type="person" role="ID" nxt_agent="B" nite:id="IDIAP_TS3005a_D.foa.130"/>
    <foa endtime="979.04" starttime="959.0" type="person" role="UI" nxt_agent="C" nite:id="IDIAP_TS3005a_D.foa.131"/>
    <foa endtime="981.04" starttime="979.04" type="person" role="ID" nxt_agent="B" nite:id="IDIAP_TS3005a_D.foa.132"/>
    <foa endtime="983.64" starttime="981.04" type="unspecified" nite:id="IDIAP_TS3005a_D.foa.133"/>
    <foa endtime="985.88" starttime="983.64" type="person" role="ID" nxt_agent="B" nite:id="IDIAP_TS3005a_D.foa.134"/>
    <foa endtime="989.36" starttime="985.88" type="person" role="UI" nxt_agent="C" nite:id="IDIAP_TS3005a_D.foa.135"/>
    <foa endtime="990.44" starttime="989.36" type="place" place="slide-screen" nite:id="IDIAP_TS3005a_D.foa.136"/>
    <foa endtime="992.28" starttime="990.44" type="person" role="UI" nxt_agent="C" nite:id="IDIAP_TS3005a_D.foa.137"/>
    <foa endtime="995.8" starttime="992.28" type="person" role="ID" nxt_agent="B" nite:id="IDIAP_TS3005a_D.foa.138"/>
    <foa endtime="997.72" starttime="995.8" type="person" role="UI" nxt_agent="C" nite:id="IDIAP_TS3005a_D.foa.139"/>
    <foa endtime="1030.8" starttime="997.72" type="person" role="ID" nxt_agent="B" nite:id="IDIAP_TS3005a_D.foa.140"/>
    <foa endtime="1034.92" starttime="1030.8" type="person" role="UI" nxt_agent="C" nite:id="IDIAP_TS3005a_D.foa.141"/>
    <foa endtime="1035.64" starttime="1034.92" type="place" place="slide-screen" nite:id="IDIAP_TS3005a_D.foa.142"/>
    <foa endtime="1110.04" starttime="1035.64" type="person" role="ID" nxt_agent="B" nite:id="IDIAP_TS3005a_D.foa.143"/>
    <foa endtime="1127.24" starttime="1110.04" type="person" role="UI" nxt_agent="C" nite:id="IDIAP_TS3005a_D.foa.144"/>
    <foa endtime="1129.32" starttime="1127.24" type="unspecified" nite:id="IDIAP_TS3005a_D.foa.145"/>
    <foa endtime="1130.76" starttime="1129.32" type="person" role="UI" nxt_agent="C" nite:id="IDIAP_TS3005a_D.foa.146"/>
    <foa endtime="1133.92" starttime="1130.76" type="person" role="PM" nxt_agent="A" nite:id="IDIAP_TS3005a_D.foa.147"/>
    <foa endtime="1134.92" starttime="1133.92" type="place" place="table" nite:id="IDIAP_TS3005a_D.foa.148"/>
    <foa endtime="1135.36" starttime="1134.92" type="place" place="slide-screen" nite:id="IDIAP_TS3005a_D.foa.149"/>
    <foa endtime="1137.12" starttime="1135.36" type="place" place="table" nite:id="IDIAP_TS3005a_D.foa.150"/>
    <foa endtime="1155.92" starttime="1137.12" type="place" place="slide-screen" nite:id="IDIAP_TS3005a_D.foa.151"/>
    <foa endtime="1158.56" starttime="1155.92" type="place" place="table" nite:id="IDIAP_TS3005a_D.foa.152"/>
    <foa endtime="1159.6" starttime="1158.56" type="place" place="slide-screen" nite:id="IDIAP_TS3005a_D.foa.153"/>
    <foa endtime="1162.8" starttime="1159.6" type="place" place="table" nite:id="IDIAP_TS3005a_D.foa.154"/>
    <foa endtime="1168.28" starttime="1162.8" type="person" role="PM" nxt_agent="A" nite:id="IDIAP_TS3005a_D.foa.155"/>
    <foa endtime="1168.68" starttime="1168.28" type="place" place="table" nite:id="IDIAP_TS3005a_D.foa.156"/>
    <foa endtime="1171.64" starttime="1168.68" type="place" place="slide-screen" nite:id="IDIAP_TS3005a_D.foa.157"/>
    <foa endtime="1172.52" starttime="1171.64" type="place" place="table" nite:id="IDIAP_TS3005a_D.foa.158"/>
    <foa endtime="1189.92" starttime="1172.52" type="place" place="slide-screen" nite:id="IDIAP_TS3005a_D.foa.159"/>
    <foa endtime="1192.28" starttime="1189.92" type="person" role="UI" nxt_agent="C" nite:id="IDIAP_TS3005a_D.foa.160"/>
    <foa endtime="1194.88" starttime="1192.28" type="place" place="slide-screen" nite:id="IDIAP_TS3005a_D.foa.161"/>
    <foa endtime="1199.08" starttime="1194.88" type="person" role="UI" nxt_agent="C" nite:id="IDIAP_TS3005a_D.foa.162"/>
    <foa endtime="1217.08" starttime="1199.08" type="place" place="slide-screen" nite:id="IDIAP_TS3005a_D.foa.163"/>
    <foa endtime="1225.64" starttime="1217.08" type="person" role="UI" nxt_agent="C" nite:id="IDIAP_TS3005a_D.foa.164"/>
    <foa endtime="1260.08" starttime="1225.64" type="place" place="table" nite:id="IDIAP_TS3005a_D.foa.165"/>
    <foa endtime="1261.92" starttime="1260.08" type="unspecified" nite:id="IDIAP_TS3005a_D.foa.166"/>
    <foa endtime="1267.28" starttime="1261.92" type="place" place="table" nite:id="IDIAP_TS3005a_D.foa.167"/>
    <foa endtime="1318.849" starttime="1267.28" type="unspecified" nite:id="IDIAP_TS3005a_D.foa.168"/>
</nite:root>
