<?xml version="1.0" encoding="UTF-8"?>
<nite:root xmlns:nite="http://nite.sourceforge.net/" nite:id="IDIAP_TS3005a_C.nite:root.1">
    <foa endtime="66.2" starttime="0.0" type="unspecified" nite:id="IDIAP_TS3005a_C.foa.1"/>
    <foa endtime="73.48" starttime="66.2" type="place" place="table" nite:id="IDIAP_TS3005a_C.foa.2"/>
    <foa endtime="74.28" starttime="73.48" type="person" role="ID" nxt_agent="B" nite:id="IDIAP_TS3005a_C.foa.3"/>
    <foa endtime="74.8" starttime="74.28" type="place" place="table" nite:id="IDIAP_TS3005a_C.foa.4"/>
    <foa endtime="77.0" starttime="74.8" type="person" role="PM" nxt_agent="A" nite:id="IDIAP_TS3005a_C.foa.5"/>
    <foa endtime="80.08" starttime="77.0" type="place" place="slide-screen" nite:id="IDIAP_TS3005a_C.foa.6"/>
    <foa endtime="86.4" starttime="80.08" type="place" place="table" nite:id="IDIAP_TS3005a_C.foa.7"/>
    <foa endtime="96.32" starttime="86.4" type="place" place="slide-screen" nite:id="IDIAP_TS3005a_C.foa.8"/>
    <foa endtime="98.6" starttime="96.32" type="place" place="table" nite:id="IDIAP_TS3005a_C.foa.9"/>
    <foa endtime="127.12" starttime="98.6" type="place" place="slide-screen" nite:id="IDIAP_TS3005a_C.foa.10"/>
    <foa endtime="128.88" starttime="127.12" type="place" place="table" nite:id="IDIAP_TS3005a_C.foa.11"/>
    <foa endtime="130.4" starttime="128.88" type="place" place="slide-screen" nite:id="IDIAP_TS3005a_C.foa.12"/>
    <foa endtime="133.04" starttime="130.4" type="place" place="table" nite:id="IDIAP_TS3005a_C.foa.13"/>
    <foa endtime="133.48" starttime="133.04" type="person" role="PM" nxt_agent="A" nite:id="IDIAP_TS3005a_C.foa.14"/>
    <foa endtime="137.0" starttime="133.48" type="place" place="table" nite:id="IDIAP_TS3005a_C.foa.15"/>
    <foa endtime="137.88" starttime="137.0" type="person" role="PM" nxt_agent="A" nite:id="IDIAP_TS3005a_C.foa.16"/>
    <foa endtime="141.64" starttime="137.88" type="place" place="table" nite:id="IDIAP_TS3005a_C.foa.17"/>
    <foa endtime="142.52" starttime="141.64" type="person" role="PM" nxt_agent="A" nite:id="IDIAP_TS3005a_C.foa.18"/>
    <foa endtime="142.72" starttime="142.52" type="person" role="ID" nxt_agent="B" nite:id="IDIAP_TS3005a_C.foa.19"/>
    <foa endtime="143.52" starttime="142.72" type="place" place="table" nite:id="IDIAP_TS3005a_C.foa.20"/>
    <foa endtime="144.88" starttime="143.52" type="person" role="PM" nxt_agent="A" nite:id="IDIAP_TS3005a_C.foa.21"/>
    <foa endtime="145.12" starttime="144.88" type="person" role="ME" nxt_agent="D" nite:id="IDIAP_TS3005a_C.foa.22"/>
    <foa endtime="150.68" starttime="145.12" type="place" place="table" nite:id="IDIAP_TS3005a_C.foa.23"/>
    <foa endtime="154.44" starttime="150.68" type="place" place="slide-screen" nite:id="IDIAP_TS3005a_C.foa.24"/>
    <foa endtime="155.96" starttime="154.44" type="place" place="table" nite:id="IDIAP_TS3005a_C.foa.25"/>
    <foa endtime="159.28" starttime="155.96" type="place" place="slide-screen" nite:id="IDIAP_TS3005a_C.foa.26"/>
    <foa endtime="161.48" starttime="159.28" type="place" place="table" nite:id="IDIAP_TS3005a_C.foa.27"/>
    <foa endtime="162.64" starttime="161.48" type="person" role="ME" nxt_agent="D" nite:id="IDIAP_TS3005a_C.foa.28"/>
    <foa endtime="166.12" starttime="162.64" type="place" place="slide-screen" nite:id="IDIAP_TS3005a_C.foa.29"/>
    <foa endtime="169.48" starttime="166.12" type="person" role="ME" nxt_agent="D" nite:id="IDIAP_TS3005a_C.foa.30"/>
    <foa endtime="171.16" starttime="169.48" type="place" place="slide-screen" nite:id="IDIAP_TS3005a_C.foa.31"/>
    <foa endtime="171.96" starttime="171.16" type="person" role="ME" nxt_agent="D" nite:id="IDIAP_TS3005a_C.foa.32"/>
    <foa endtime="173.4" starttime="171.96" type="person" role="ID" nxt_agent="B" nite:id="IDIAP_TS3005a_C.foa.33"/>
    <foa endtime="176.44" starttime="173.4" type="person" role="ME" nxt_agent="D" nite:id="IDIAP_TS3005a_C.foa.34"/>
    <foa endtime="178.12" starttime="176.44" type="person" role="ID" nxt_agent="B" nite:id="IDIAP_TS3005a_C.foa.35"/>
    <foa endtime="178.6" starttime="178.12" type="person" role="ME" nxt_agent="D" nite:id="IDIAP_TS3005a_C.foa.36"/>
    <foa endtime="179.84" starttime="178.6" type="person" role="ID" nxt_agent="B" nite:id="IDIAP_TS3005a_C.foa.37"/>
    <foa endtime="180.32" starttime="179.84" type="person" role="ME" nxt_agent="D" nite:id="IDIAP_TS3005a_C.foa.38"/>
    <foa endtime="192.24" starttime="180.32" type="person" role="ID" nxt_agent="B" nite:id="IDIAP_TS3005a_C.foa.39"/>
    <foa endtime="208.44" starttime="192.24" type="person" role="ME" nxt_agent="D" nite:id="IDIAP_TS3005a_C.foa.40"/>
    <foa endtime="210.96" starttime="208.44" type="place" place="slide-screen" nite:id="IDIAP_TS3005a_C.foa.41"/>
    <foa endtime="213.44" starttime="210.96" type="place" place="table" nite:id="IDIAP_TS3005a_C.foa.42"/>
    <foa endtime="231.12" starttime="213.44" type="place" place="slide-screen" nite:id="IDIAP_TS3005a_C.foa.43"/>
    <foa endtime="233.04" starttime="231.12" type="place" place="table" nite:id="IDIAP_TS3005a_C.foa.44"/>
    <foa endtime="249.84" starttime="233.04" type="place" place="slide-screen" nite:id="IDIAP_TS3005a_C.foa.45"/>
    <foa endtime="250.28" starttime="249.84" type="place" place="table" nite:id="IDIAP_TS3005a_C.foa.46"/>
    <foa endtime="276.28" starttime="250.28" type="place" place="slide-screen" nite:id="IDIAP_TS3005a_C.foa.47"/>
    <foa endtime="281.36" starttime="276.28" type="place" place="whiteboard" nite:id="IDIAP_TS3005a_C.foa.48"/>
    <foa endtime="289.96" starttime="281.36" type="place" place="slide-screen" nite:id="IDIAP_TS3005a_C.foa.49"/>
    <foa endtime="291.44" starttime="289.96" type="place" place="table" nite:id="IDIAP_TS3005a_C.foa.50"/>
    <foa endtime="304.36" starttime="291.44" type="place" place="slide-screen" nite:id="IDIAP_TS3005a_C.foa.51"/>
    <foa endtime="377.56" starttime="304.36" type="place" place="whiteboard" nite:id="IDIAP_TS3005a_C.foa.52"/>
    <foa endtime="380.2" starttime="377.56" type="place" place="slide-screen" nite:id="IDIAP_TS3005a_C.foa.53"/>
    <foa endtime="399.52" starttime="380.2" type="place" place="whiteboard" nite:id="IDIAP_TS3005a_C.foa.54"/>
    <foa endtime="415.68" starttime="399.52" type="place" place="slide-screen" nite:id="IDIAP_TS3005a_C.foa.55"/>
    <foa endtime="417.2" starttime="415.68" type="unspecified" nite:id="IDIAP_TS3005a_C.foa.56"/>
    <foa endtime="429.96" starttime="417.2" type="place" place="slide-screen" nite:id="IDIAP_TS3005a_C.foa.57"/>
    <foa endtime="438.64" starttime="429.96" type="place" place="whiteboard" nite:id="IDIAP_TS3005a_C.foa.58"/>
    <foa endtime="440.32" starttime="438.64" type="unspecified" nite:id="IDIAP_TS3005a_C.foa.59"/>
    <foa endtime="453.52" starttime="440.32" type="place" place="whiteboard" nite:id="IDIAP_TS3005a_C.foa.60"/>
    <foa endtime="454.16" starttime="453.52" type="person" role="ME" nxt_agent="D" nite:id="IDIAP_TS3005a_C.foa.61"/>
    <foa endtime="493.88" starttime="454.16" type="place" place="whiteboard" nite:id="IDIAP_TS3005a_C.foa.62"/>
    <foa endtime="496.36" starttime="493.88" type="person" role="ME" nxt_agent="D" nite:id="IDIAP_TS3005a_C.foa.63"/>
    <foa endtime="504.88" starttime="496.36" type="place" place="whiteboard" nite:id="IDIAP_TS3005a_C.foa.64"/>
    <foa endtime="506.32" starttime="504.88" type="person" role="PM" nxt_agent="A" nite:id="IDIAP_TS3005a_C.foa.65"/>
    <foa endtime="594.16" starttime="506.32" type="place" place="whiteboard" nite:id="IDIAP_TS3005a_C.foa.66"/>
    <foa endtime="595.4" starttime="594.16" type="place" place="table" nite:id="IDIAP_TS3005a_C.foa.67"/>
    <foa endtime="604.48" starttime="595.4" type="place" place="whiteboard" nite:id="IDIAP_TS3005a_C.foa.68"/>
    <foa endtime="606.32" starttime="604.48" type="unspecified" nite:id="IDIAP_TS3005a_C.foa.69"/>
    <foa endtime="657.28" starttime="606.32" type="place" place="whiteboard" nite:id="IDIAP_TS3005a_C.foa.70"/>
    <foa endtime="657.56" starttime="657.28" type="person" role="PM" nxt_agent="A" nite:id="IDIAP_TS3005a_C.foa.71"/>
    <foa endtime="658.8" starttime="657.56" type="unspecified" nite:id="IDIAP_TS3005a_C.foa.72"/>
    <foa endtime="659.04" starttime="658.8" type="place" place="whiteboard" nite:id="IDIAP_TS3005a_C.foa.73"/>
    <foa endtime="660.8" starttime="659.04" type="unspecified" nite:id="IDIAP_TS3005a_C.foa.74"/>
    <foa endtime="661.56" starttime="660.8" type="place" place="whiteboard" nite:id="IDIAP_TS3005a_C.foa.75"/>
    <foa endtime="662.68" starttime="661.56" type="unspecified" nite:id="IDIAP_TS3005a_C.foa.76"/>
    <foa endtime="678.04" starttime="662.68" type="place" place="whiteboard" nite:id="IDIAP_TS3005a_C.foa.77"/>
    <foa endtime="679.88" starttime="678.04" type="person" role="PM" nxt_agent="A" nite:id="IDIAP_TS3005a_C.foa.78"/>
    <foa endtime="680.4" starttime="679.88" type="place" place="whiteboard" nite:id="IDIAP_TS3005a_C.foa.79"/>
    <foa endtime="681.8" starttime="680.4" type="unspecified" nite:id="IDIAP_TS3005a_C.foa.80"/>
    <foa endtime="685.16" starttime="681.8" type="place" place="whiteboard" nite:id="IDIAP_TS3005a_C.foa.81"/>
    <foa endtime="688.4" starttime="685.16" type="unspecified" nite:id="IDIAP_TS3005a_C.foa.82"/>
    <foa endtime="689.4" starttime="688.4" type="place" place="whiteboard" nite:id="IDIAP_TS3005a_C.foa.83"/>
    <foa endtime="690.56" starttime="689.4" type="place" place="table" nite:id="IDIAP_TS3005a_C.foa.84"/>
    <foa endtime="692.52" starttime="690.56" type="place" place="whiteboard" nite:id="IDIAP_TS3005a_C.foa.85"/>
    <foa endtime="694.04" starttime="692.52" type="place" place="slide-screen" nite:id="IDIAP_TS3005a_C.foa.86"/>
    <foa endtime="702.76" starttime="694.04" type="place" place="whiteboard" nite:id="IDIAP_TS3005a_C.foa.87"/>
    <foa endtime="703.56" starttime="702.76" type="place" place="table" nite:id="IDIAP_TS3005a_C.foa.88"/>
    <foa endtime="716.28" starttime="703.56" type="place" place="whiteboard" nite:id="IDIAP_TS3005a_C.foa.89"/>
    <foa endtime="717.2" starttime="716.28" type="place" place="table" nite:id="IDIAP_TS3005a_C.foa.90"/>
    <foa endtime="759.84" starttime="717.2" type="place" place="whiteboard" nite:id="IDIAP_TS3005a_C.foa.91"/>
    <foa endtime="760.4" starttime="759.84" type="person" role="PM" nxt_agent="A" nite:id="IDIAP_TS3005a_C.foa.92"/>
    <foa endtime="761.76" starttime="760.4" type="person" role="ME" nxt_agent="D" nite:id="IDIAP_TS3005a_C.foa.93"/>
    <foa endtime="764.12" starttime="761.76" type="place" place="whiteboard" nite:id="IDIAP_TS3005a_C.foa.94"/>
    <foa endtime="764.44" starttime="764.12" type="unspecified" nite:id="IDIAP_TS3005a_C.foa.95"/>
    <foa endtime="764.92" starttime="764.44" type="place" place="table" nite:id="IDIAP_TS3005a_C.foa.96"/>
    <foa endtime="766.52" starttime="764.92" type="person" role="ME" nxt_agent="D" nite:id="IDIAP_TS3005a_C.foa.97"/>
    <foa endtime="786.12" starttime="766.52" type="place" place="slide-screen" nite:id="IDIAP_TS3005a_C.foa.98"/>
    <foa endtime="787.08" starttime="786.12" type="place" place="table" nite:id="IDIAP_TS3005a_C.foa.99"/>
    <foa endtime="815.88" starttime="787.08" type="place" place="slide-screen" nite:id="IDIAP_TS3005a_C.foa.100"/>
    <foa endtime="817.04" starttime="815.88" type="person" role="ME" nxt_agent="D" nite:id="IDIAP_TS3005a_C.foa.101"/>
    <foa endtime="819.8" starttime="817.04" type="place" place="slide-screen" nite:id="IDIAP_TS3005a_C.foa.102"/>
    <foa endtime="820.56" starttime="819.8" type="unspecified" nite:id="IDIAP_TS3005a_C.foa.103"/>
    <foa endtime="822.48" starttime="820.56" type="person" role="ID" nxt_agent="B" nite:id="IDIAP_TS3005a_C.foa.104"/>
    <foa endtime="823.68" starttime="822.48" type="person" role="PM" nxt_agent="A" nite:id="IDIAP_TS3005a_C.foa.105"/>
    <foa endtime="827.0" starttime="823.68" type="person" role="ID" nxt_agent="B" nite:id="IDIAP_TS3005a_C.foa.106"/>
    <foa endtime="830.04" starttime="827.0" type="person" role="PM" nxt_agent="A" nite:id="IDIAP_TS3005a_C.foa.107"/>
    <foa endtime="832.04" starttime="830.04" type="place" place="whiteboard" nite:id="IDIAP_TS3005a_C.foa.108"/>
    <foa endtime="834.16" starttime="832.04" type="person" role="ID" nxt_agent="B" nite:id="IDIAP_TS3005a_C.foa.109"/>
    <foa endtime="836.12" starttime="834.16" type="person" role="PM" nxt_agent="A" nite:id="IDIAP_TS3005a_C.foa.110"/>
    <foa endtime="837.64" starttime="836.12" type="person" role="ID" nxt_agent="B" nite:id="IDIAP_TS3005a_C.foa.111"/>
    <foa endtime="838.24" starttime="837.64" type="person" role="PM" nxt_agent="A" nite:id="IDIAP_TS3005a_C.foa.112"/>
    <foa endtime="839.32" starttime="838.24" type="person" role="ME" nxt_agent="D" nite:id="IDIAP_TS3005a_C.foa.113"/>
    <foa endtime="849.0" starttime="839.32" type="person" role="PM" nxt_agent="A" nite:id="IDIAP_TS3005a_C.foa.114"/>
    <foa endtime="853.56" starttime="849.0" type="person" role="ID" nxt_agent="B" nite:id="IDIAP_TS3005a_C.foa.115"/>
    <foa endtime="856.0" starttime="853.56" type="person" role="PM" nxt_agent="A" nite:id="IDIAP_TS3005a_C.foa.116"/>
    <foa endtime="857.36" starttime="856.0" type="person" role="ID" nxt_agent="B" nite:id="IDIAP_TS3005a_C.foa.117"/>
    <foa endtime="857.96" starttime="857.36" type="place" place="slide-screen" nite:id="IDIAP_TS3005a_C.foa.118"/>
    <foa endtime="859.08" starttime="857.96" type="person" role="PM" nxt_agent="A" nite:id="IDIAP_TS3005a_C.foa.119"/>
    <foa endtime="870.88" starttime="859.08" type="person" role="ID" nxt_agent="B" nite:id="IDIAP_TS3005a_C.foa.120"/>
    <foa endtime="876.92" starttime="870.88" type="person" role="PM" nxt_agent="A" nite:id="IDIAP_TS3005a_C.foa.121"/>
    <foa endtime="887.92" starttime="876.92" type="person" role="ID" nxt_agent="B" nite:id="IDIAP_TS3005a_C.foa.122"/>
    <foa endtime="897.76" starttime="887.92" type="person" role="PM" nxt_agent="A" nite:id="IDIAP_TS3005a_C.foa.123"/>
    <foa endtime="908.4" starttime="897.76" type="person" role="ID" nxt_agent="B" nite:id="IDIAP_TS3005a_C.foa.124"/>
    <foa endtime="909.08" starttime="908.4" type="person" role="PM" nxt_agent="A" nite:id="IDIAP_TS3005a_C.foa.125"/>
    <foa endtime="910.04" starttime="909.08" type="person" role="ID" nxt_agent="B" nite:id="IDIAP_TS3005a_C.foa.126"/>
    <foa endtime="910.84" starttime="910.04" type="place" place="table" nite:id="IDIAP_TS3005a_C.foa.127"/>
    <foa endtime="926.96" starttime="910.84" type="person" role="ID" nxt_agent="B" nite:id="IDIAP_TS3005a_C.foa.128"/>
    <foa endtime="933.24" starttime="926.96" type="person" role="PM" nxt_agent="A" nite:id="IDIAP_TS3005a_C.foa.129"/>
    <foa endtime="939.36" starttime="933.24" type="person" role="ID" nxt_agent="B" nite:id="IDIAP_TS3005a_C.foa.130"/>
    <foa endtime="940.28" starttime="939.36" type="person" role="PM" nxt_agent="A" nite:id="IDIAP_TS3005a_C.foa.131"/>
    <foa endtime="947.72" starttime="940.28" type="person" role="ID" nxt_agent="B" nite:id="IDIAP_TS3005a_C.foa.132"/>
    <foa endtime="948.48" starttime="947.72" type="person" role="PM" nxt_agent="A" nite:id="IDIAP_TS3005a_C.foa.133"/>
    <foa endtime="949.24" starttime="948.48" type="place" place="slide-screen" nite:id="IDIAP_TS3005a_C.foa.134"/>
    <foa endtime="958.96" starttime="949.24" type="person" role="PM" nxt_agent="A" nite:id="IDIAP_TS3005a_C.foa.135"/>
    <foa endtime="959.28" starttime="958.96" type="person" role="ID" nxt_agent="B" nite:id="IDIAP_TS3005a_C.foa.136"/>
    <foa endtime="959.44" starttime="959.28" type="person" role="ME" nxt_agent="D" nite:id="IDIAP_TS3005a_C.foa.137"/>
    <foa endtime="960.48" starttime="959.44" type="place" place="slide-screen" nite:id="IDIAP_TS3005a_C.foa.138"/>
    <foa endtime="961.2" starttime="960.48" type="person" role="ME" nxt_agent="D" nite:id="IDIAP_TS3005a_C.foa.139"/>
    <foa endtime="965.72" starttime="961.2" type="person" role="ID" nxt_agent="B" nite:id="IDIAP_TS3005a_C.foa.140"/>
    <foa endtime="972.8" starttime="965.72" type="person" role="PM" nxt_agent="A" nite:id="IDIAP_TS3005a_C.foa.141"/>
    <foa endtime="979.04" starttime="972.8" type="person" role="ID" nxt_agent="B" nite:id="IDIAP_TS3005a_C.foa.142"/>
    <foa endtime="986.56" starttime="979.04" type="person" role="PM" nxt_agent="A" nite:id="IDIAP_TS3005a_C.foa.143"/>
    <foa endtime="991.36" starttime="986.56" type="person" role="ME" nxt_agent="D" nite:id="IDIAP_TS3005a_C.foa.144"/>
    <foa endtime="992.16" starttime="991.36" type="place" place="slide-screen" nite:id="IDIAP_TS3005a_C.foa.145"/>
    <foa endtime="992.88" starttime="992.16" type="person" role="ME" nxt_agent="D" nite:id="IDIAP_TS3005a_C.foa.146"/>
    <foa endtime="996.76" starttime="992.88" type="person" role="PM" nxt_agent="A" nite:id="IDIAP_TS3005a_C.foa.147"/>
    <foa endtime="997.92" starttime="996.76" type="place" place="slide-screen" nite:id="IDIAP_TS3005a_C.foa.148"/>
    <foa endtime="1020.88" starttime="997.92" type="person" role="ID" nxt_agent="B" nite:id="IDIAP_TS3005a_C.foa.149"/>
    <foa endtime="1029.76" starttime="1020.88" type="place" place="table" nite:id="IDIAP_TS3005a_C.foa.150"/>
    <foa endtime="1030.56" starttime="1029.76" type="person" role="ID" nxt_agent="B" nite:id="IDIAP_TS3005a_C.foa.151"/>
    <foa endtime="1031.64" starttime="1030.56" type="person" role="PM" nxt_agent="A" nite:id="IDIAP_TS3005a_C.foa.152"/>
    <foa endtime="1058.28" starttime="1031.64" type="person" role="ID" nxt_agent="B" nite:id="IDIAP_TS3005a_C.foa.153"/>
    <foa endtime="1064.4" starttime="1058.28" type="person" role="PM" nxt_agent="A" nite:id="IDIAP_TS3005a_C.foa.154"/>
    <foa endtime="1070.6" starttime="1064.4" type="person" role="ID" nxt_agent="B" nite:id="IDIAP_TS3005a_C.foa.155"/>
    <foa endtime="1072.44" starttime="1070.6" type="person" role="PM" nxt_agent="A" nite:id="IDIAP_TS3005a_C.foa.156"/>
    <foa endtime="1075.32" starttime="1072.44" type="person" role="ME" nxt_agent="D" nite:id="IDIAP_TS3005a_C.foa.157"/>
    <foa endtime="1079.68" starttime="1075.32" type="person" role="ID" nxt_agent="B" nite:id="IDIAP_TS3005a_C.foa.158"/>
    <foa endtime="1087.4" starttime="1079.68" type="person" role="PM" nxt_agent="A" nite:id="IDIAP_TS3005a_C.foa.159"/>
    <foa endtime="1088.16" starttime="1087.4" type="place" place="table" nite:id="IDIAP_TS3005a_C.foa.160"/>
    <foa endtime="1118.52" starttime="1088.16" type="person" role="ID" nxt_agent="B" nite:id="IDIAP_TS3005a_C.foa.161"/>
    <foa endtime="1124.36" starttime="1118.52" type="place" place="table" nite:id="IDIAP_TS3005a_C.foa.162"/>
    <foa endtime="1126.36" starttime="1124.36" type="person" role="PM" nxt_agent="A" nite:id="IDIAP_TS3005a_C.foa.163"/>
    <foa endtime="1128.52" starttime="1126.36" type="person" role="ID" nxt_agent="B" nite:id="IDIAP_TS3005a_C.foa.164"/>
    <foa endtime="1132.36" starttime="1128.52" type="person" role="PM" nxt_agent="A" nite:id="IDIAP_TS3005a_C.foa.165"/>
    <foa endtime="1133.48" starttime="1132.36" type="place" place="table" nite:id="IDIAP_TS3005a_C.foa.166"/>
    <foa endtime="1134.32" starttime="1133.48" type="person" role="PM" nxt_agent="A" nite:id="IDIAP_TS3005a_C.foa.167"/>
    <foa endtime="1142.84" starttime="1134.32" type="place" place="slide-screen" nite:id="IDIAP_TS3005a_C.foa.168"/>
    <foa endtime="1143.56" starttime="1142.84" type="place" place="table" nite:id="IDIAP_TS3005a_C.foa.169"/>
    <foa endtime="1156.16" starttime="1143.56" type="place" place="slide-screen" nite:id="IDIAP_TS3005a_C.foa.170"/>
    <foa endtime="1156.8" starttime="1156.16" type="place" place="table" nite:id="IDIAP_TS3005a_C.foa.171"/>
    <foa endtime="1158.6" starttime="1156.8" type="person" role="ID" nxt_agent="B" nite:id="IDIAP_TS3005a_C.foa.172"/>
    <foa endtime="1159.2" starttime="1158.6" type="person" role="PM" nxt_agent="A" nite:id="IDIAP_TS3005a_C.foa.173"/>
    <foa endtime="1163.76" starttime="1159.2" type="place" place="table" nite:id="IDIAP_TS3005a_C.foa.174"/>
    <foa endtime="1165.72" starttime="1163.76" type="person" role="ID" nxt_agent="B" nite:id="IDIAP_TS3005a_C.foa.175"/>
    <foa endtime="1169.96" starttime="1165.72" type="place" place="table" nite:id="IDIAP_TS3005a_C.foa.176"/>
    <foa endtime="1188.6" starttime="1169.96" type="place" place="slide-screen" nite:id="IDIAP_TS3005a_C.foa.177"/>
    <foa endtime="1190.92" starttime="1188.6" type="person" role="ID" nxt_agent="B" nite:id="IDIAP_TS3005a_C.foa.178"/>
    <foa endtime="1209.92" starttime="1190.92" type="place" place="slide-screen" nite:id="IDIAP_TS3005a_C.foa.179"/>
    <foa endtime="1210.72" starttime="1209.92" type="place" place="table" nite:id="IDIAP_TS3005a_C.foa.180"/>
    <foa endtime="1213.48" starttime="1210.72" type="place" place="slide-screen" nite:id="IDIAP_TS3005a_C.foa.181"/>
    <foa endtime="1214.12" starttime="1213.48" type="place" place="table" nite:id="IDIAP_TS3005a_C.foa.182"/>
    <foa endtime="1216.8" starttime="1214.12" type="place" place="slide-screen" nite:id="IDIAP_TS3005a_C.foa.183"/>
    <foa endtime="1232.56" starttime="1216.8" type="place" place="table" nite:id="IDIAP_TS3005a_C.foa.184"/>
    <foa endtime="1241.4" starttime="1232.56" type="person" role="ME" nxt_agent="D" nite:id="IDIAP_TS3005a_C.foa.185"/>
    <foa endtime="1243.64" starttime="1241.4" type="place" place="table" nite:id="IDIAP_TS3005a_C.foa.186"/>
    <foa endtime="1246.44" starttime="1243.64" type="person" role="ME" nxt_agent="D" nite:id="IDIAP_TS3005a_C.foa.187"/>
    <foa endtime="1251.0" starttime="1246.44" type="place" place="table" nite:id="IDIAP_TS3005a_C.foa.188"/>
    <foa endtime="1252.36" starttime="1251.0" type="place" place="slide-screen" nite:id="IDIAP_TS3005a_C.foa.189"/>
    <foa endtime="1261.08" starttime="1252.36" type="place" place="table" nite:id="IDIAP_TS3005a_C.foa.190"/>
    <foa endtime="1318.849" starttime="1261.08" type="unspecified" nite:id="IDIAP_TS3005a_C.foa.191"/>
</nite:root>
